DIRECTORIO,SECUENCIA_P,P5000,P5010,P5020,P5030,P5040,P5050,P5070,P5080,P5090,P5090S1,P5100,P5110,P5130,P5140,P5210S1,P5210S2,P5210S3,P5210S4,P5210S5,P5210S6,P5210S7,P5210S8,P5210S9,P5210S10,P5210S11,P5210S14,P5210S15,P5210S16,P5210S17,P5210S18,P5210S19,P5210S20,P5210S21,P5210S22,P5210S24,P5220,P5220S1,P6008,P6007,P6007S1,HOGAR,P4000,P4010,P4020,P4030S1,P4030S1A1,P4030S2,P4030S3,P4030S4,P4030S4A1,P4030S5,P4040,REGIS,CLASE,MES,DPTO,fex_c_2011
5372924,1,4,3,2,1,1,1,1,3,1,,,98,600000,,2,2,2,2,1,1,1,2,2,2,1,2,1,1,2,2,1,1,1,1,2,1,4,4,2,,1,1,1,4,1,2,1,2,1,2,1,1,01,2,02,68,1039.5428993
5372925,1,3,1,2,1,1,1,1,3,1,,,120000000,360000,,2,2,2,1,1,1,1,2,2,2,1,1,1,2,2,2,2,2,2,2,2,1,2,2,2,,1,1,1,4,1,2,1,2,1,2,1,1,01,2,02,68,777.64334766
5372926,1,4,2,2,1,1,1,1,3,1,,,98,500000,,1,1,1,1,1,1,1,1,2,2,1,2,2,2,2,2,2,2,2,1,2,1,2,3,2,,1,1,1,4,1,2,1,2,1,2,1,1,01,2,02,68,1447.4161972
5372927,1,3,2,2,1,1,1,1,3,1,,,600000000,250000,,2,2,2,1,1,1,1,2,2,2,2,2,2,2,2,2,2,2,2,2,2,1,2,4,2,,1,1,1,4,1,2,1,2,1,2,1,1,01,2,02,68,1140.4866757
5372928,1,3,2,2,1,1,6,1,3,1,,,98,400000,,2,2,1,1,1,1,1,2,2,2,1,2,2,2,2,2,2,2,2,2,2,1,2,5,2,,1,1,1,1,1,2,1,2,1,2,2,,01,2,02,68,1114.836366
5372929,1,2,1,2,1,1,1,1,4,1,,,80000000,400000,,2,2,2,1,1,1,1,2,2,2,1,1,2,2,2,2,2,2,2,2,2,1,1,1,2,,1,1,1,4,1,2,2,2,1,2,1,1,01,2,02,68,1298.0559077
5372930,1,4,3,2,1,1,1,1,3,1,,,98,500000,,2,1,1,1,1,1,1,2,2,2,1,2,2,2,2,2,2,2,2,1,2,1,3,3,2,,1,1,3,1,1,2,1,2,1,2,1,1,01,2,02,68,1291.9242126
5372931,1,3,1,2,1,1,1,1,3,1,,,900000000,350000,,2,2,2,1,1,1,1,2,2,2,1,1,2,2,2,2,2,2,2,2,2,1,1,1,2,,1,1,1,4,1,2,1,2,1,2,1,1,01,2,02,68,732.68775739
5372932,1,4,3,2,1,1,1,1,3,3,,,,,400000,2,2,2,1,1,1,1,2,2,2,1,2,2,1,2,2,2,2,2,2,2,1,2,3,2,,1,1,1,4,1,2,1,2,1,2,1,1,01,2,02,68,574.75412527
5372933,1,4,2,2,1,1,1,1,3,2,,550000,80000000,500000,,1,2,1,1,1,1,1,2,2,2,1,2,2,2,2,2,2,2,2,1,2,1,2,2,2,,1,1,1,4,1,2,1,2,1,2,1,1,01,2,02,68,777.64334766
5372934,1,3,2,2,1,1,1,1,3,3,,,,,450000,2,2,2,2,2,2,1,2,2,2,1,1,1,2,2,2,2,2,2,2,2,2,,4,2,,1,1,1,4,1,2,1,2,1,2,1,1,01,2,02,68,644.51244017
5372935,1,3,2,2,1,1,6,1,3,4,,,,400000,,1,1,2,1,1,1,1,2,2,2,1,2,2,2,2,2,2,2,1,2,2,1,3,3,2,,1,1,1,2,1,2,1,2,1,2,2,,01,2,02,68,995.58491963
5372936,1,4,1,2,1,3,4,1,3,4,,,,200000,,2,2,1,1,1,1,1,1,2,2,2,2,2,2,2,2,1,1,2,2,2,1,1,1,2,,1,1,1,2,1,2,1,2,2,,2,,01,2,02,68,1228.6619929
5372937,1,3,2,1,1,1,1,1,3,3,,,,,400000,2,2,2,2,2,1,1,1,2,2,2,2,2,2,2,2,2,2,2,2,2,1,2,2,2,,1,1,1,4,1,2,1,1,1,2,1,1,01,2,02,68,1924.6090303
5372937,2,2,1,1,1,1,1,1,3,3,,,,,350000,2,2,2,1,1,1,1,1,2,2,1,2,2,2,2,2,2,2,2,2,2,1,2,4,2,,2,1,1,4,1,2,1,1,1,2,1,1,01,2,02,68,1924.6090303
5372938,1,4,3,2,1,1,2,1,4,1,,,20000000,300000,,2,2,2,1,1,1,1,2,2,2,1,2,2,2,2,2,2,2,1,2,1,1,1,4,2,,1,1,5,1,1,1,2,2,1,2,2,,01,2,02,18,980.0573921
5372939,1,3,3,2,1,4,2,1,4,1,,,10000000,200000,,2,1,2,2,1,1,1,2,2,2,1,2,2,2,2,2,2,1,1,2,2,1,2,8,2,,1,1,1,2,1,1,2,2,2,,2,,01,2,02,18,2957.2016627
5372940,1,3,2,2,1,1,2,1,4,4,,,,200000,,2,2,2,1,1,1,1,2,2,2,1,2,2,2,2,2,2,2,1,2,2,1,1,3,2,,1,1,1,2,1,1,2,2,1,2,2,,01,2,02,18,1170.9551423
5372941,1,5,3,2,1,4,2,1,4,1,,,15000000,300000,,2,2,2,1,1,1,1,2,2,2,1,2,1,2,2,2,1,2,1,2,2,1,1,4,2,,1,1,1,2,1,1,2,2,2,,2,,01,2,02,18,1589.255643
5372942,1,3,2,2,1,1,2,1,4,1,,,10000000,200000,,2,1,2,2,1,1,1,2,2,2,1,2,2,2,2,2,2,2,1,2,2,1,1,4,2,,1,1,1,4,1,1,2,2,1,2,2,,01,2,02,18,739.30041567
5372943,1,3,2,2,1,4,2,1,4,1,,,7000000,150000,,2,2,2,2,1,1,2,2,2,2,2,2,2,2,2,2,2,2,2,2,2,1,1,1,2,,1,1,1,2,1,1,2,2,2,,2,,01,2,02,18,1266.0809347
5372944,1,3,2,2,1,1,2,1,4,1,,,6000000,100000,,2,1,2,2,1,1,1,2,2,2,1,2,2,2,2,2,2,1,2,2,2,1,1,3,2,,1,1,5,1,1,1,2,2,1,2,2,,01,2,02,18,772.78406334
5372945,1,4,3,2,1,4,2,1,4,1,,,25000000,400000,,2,2,1,1,1,1,1,2,2,2,1,2,2,1,2,2,2,2,1,2,2,1,3,5,2,,1,1,1,2,1,1,2,2,2,,2,,01,2,02,18,739.30041567
5372946,1,1,1,2,1,4,2,2,5,4,,,,50000,,2,1,2,2,2,1,1,2,2,2,1,2,2,2,2,2,2,2,2,2,2,1,1,3,2,,1,1,5,1,1,1,2,2,2,,2,,01,2,02,18,868.04825122
5372947,1,2,1,2,1,4,2,1,4,1,,,4000000,150000,,2,2,2,2,1,1,1,2,2,2,1,2,2,2,2,2,2,2,2,2,2,1,1,3,2,,1,1,5,2,1,1,2,2,2,,2,,01,2,02,18,1684.8892054
5372948,1,2,1,2,1,4,2,1,4,1,,,12000000,200000,,2,1,2,2,1,1,1,2,2,2,1,2,2,2,2,2,2,2,1,2,2,1,3,5,2,,1,1,5,2,1,1,2,2,2,,2,,01,2,02,18,1394.9734241
5372949,1,2,1,2,1,4,2,1,4,4,,,,100000,,2,2,2,2,1,1,1,2,2,2,1,2,2,2,2,2,2,2,1,2,2,1,2,2,2,,1,1,5,2,1,1,2,2,2,,2,,01,2,02,18,1437.185466
5373383,1,2,1,2,1,1,2,4,4,5,,,,250000,,2,1,2,2,1,1,1,2,2,2,1,2,2,1,2,2,1,2,2,2,2,1,1,4,2,,1,1,1,2,1,1,2,2,1,2,2,,01,2,02,44,1375.2312415
5373384,1,3,2,2,1,1,1,1,3,3,,,,,250000,2,1,2,2,1,1,1,2,2,2,1,2,1,2,2,2,1,2,2,2,2,1,1,6,2,,1,1,1,4,1,1,1,1,1,2,1,2,01,2,02,44,1701.2909968
5373385,1,4,3,2,1,1,1,5,3,5,,,,250000,,2,2,2,2,1,2,1,2,2,2,1,2,2,2,2,2,1,2,2,2,2,1,3,9,2,,1,1,1,2,1,1,1,2,1,2,1,2,01,2,02,44,1057.5006274
5373386,1,3,2,2,1,1,1,1,4,1,,,10000000,100000,,2,1,2,2,2,1,1,2,2,2,1,2,2,2,2,2,1,2,2,2,2,1,1,2,2,,1,1,4,2,1,1,2,2,1,2,1,2,01,2,02,44,1175.0166544
5373387,1,3,2,2,1,1,1,1,4,1,,,6000000,150000,,2,1,2,2,2,2,1,2,2,2,1,2,2,2,2,2,1,2,2,2,2,1,1,2,2,,1,1,1,2,1,1,2,2,1,2,1,2,01,2,02,44,1033.295937
5373388,1,3,2,2,1,1,1,1,4,1,,,98,250000,,2,1,2,1,1,1,1,2,2,2,1,2,2,2,2,2,1,1,2,2,2,1,2,4,2,,1,1,1,2,1,1,2,2,1,2,1,2,01,2,02,44,847.66177552
5373389,1,2,1,1,1,1,1,3,3,5,,,,250000,,2,1,2,1,1,1,1,2,2,2,1,2,1,2,2,2,1,2,2,2,2,1,1,1,2,,1,1,1,2,1,1,1,1,1,2,1,2,01,2,02,44,1040.9778455
5373390,1,3,2,2,1,1,1,1,3,1,,,98,300000,,2,1,2,1,1,1,1,2,2,2,1,2,2,2,2,2,1,2,2,2,2,1,1,4,2,,1,1,1,2,1,1,1,2,1,2,1,2,01,2,02,44,847.66177552
5373391,1,4,3,2,1,1,1,1,3,4,,,,300000,,2,2,1,2,1,1,1,2,2,2,1,2,1,2,2,2,1,2,2,2,2,1,2,4,2,,1,1,1,2,1,1,1,2,1,2,1,2,01,2,02,44,970.41505405
5373392,1,4,3,2,1,1,1,1,3,2,,270000,35000000,300000,,2,2,2,2,1,1,1,2,2,2,1,2,2,2,2,2,1,2,1,2,2,1,3,4,2,,1,1,1,2,1,1,1,2,1,2,1,2,01,2,02,44,726.88758541
5373393,1,4,3,2,1,1,1,1,3,1,,,98,350000,,2,2,1,1,1,1,1,2,2,2,1,2,2,2,2,2,1,1,2,2,2,1,2,3,2,,1,1,1,2,1,1,1,2,1,2,1,2,01,2,02,44,1366.0243087
5373394,1,3,2,2,1,1,1,1,3,1,,,30000000,300000,,2,1,1,2,1,1,1,2,2,2,1,2,2,2,2,2,1,2,2,2,2,1,2,3,2,,1,1,1,2,1,1,1,2,1,2,1,2,01,2,02,44,862.3462213
5373395,1,3,2,2,1,1,10,1,3,5,,,,350000,,2,1,2,1,1,1,1,2,2,2,1,2,2,2,2,2,1,1,2,2,2,1,2,3,2,,1,2,1,4,1,1,1,2,1,1,1,2,01,2,02,44,901.54493458
5373396,1,3,2,2,1,1,1,1,3,4,,,,150000,,2,1,2,1,2,1,1,2,2,2,1,2,2,2,2,2,1,1,1,2,2,1,2,5,2,,1,1,1,2,1,1,1,2,1,2,1,2,01,2,02,44,1957.8738753
5373397,1,1,1,2,1,1,10,1,3,3,,,,,400000,2,1,1,1,1,2,1,2,2,2,1,2,2,2,2,2,1,1,2,2,2,1,2,4,2,,1,2,1,4,1,1,1,2,1,1,1,2,01,2,02,44,1740.8962449
5373398,1,3,2,6,,1,1,5,5,3,,,,,100000,2,1,2,2,1,1,1,2,2,2,1,2,2,2,2,2,1,1,2,2,2,1,1,5,2,,1,1,1,2,1,1,1,1,1,2,1,2,01,2,02,44,2013.246177
5373399,1,2,1,1,1,1,1,1,4,4,,,,150000,,2,2,2,1,2,1,1,2,2,2,1,2,1,2,2,2,1,2,2,2,2,1,1,3,2,,1,1,4,1,1,1,2,1,1,2,1,2,01,2,02,44,1366.0243087
5373400,1,3,2,1,1,1,10,1,3,5,,,,400000,,2,1,2,1,1,1,1,2,2,2,1,2,2,2,2,2,1,2,2,2,2,1,1,2,2,,1,1,1,4,1,1,1,1,1,2,1,2,01,2,02,44,916.22938036
5373401,1,1,1,1,1,1,10,1,3,4,,,,200000,,2,1,2,2,1,1,1,2,2,2,1,2,2,2,2,2,1,2,2,2,2,1,1,1,2,,1,2,1,2,1,1,1,1,1,2,1,2,01,2,02,44,1061.9243728
5373402,1,2,1,2,1,1,1,1,3,3,,,,,500000,2,1,2,2,2,2,1,2,2,2,1,2,2,2,2,2,1,2,2,2,2,1,2,4,2,,1,2,1,4,1,1,1,2,1,2,1,2,01,2,02,44,1620.1220548
5373403,1,1,1,2,2,1,1,1,3,4,,,,200000,,2,2,2,2,2,1,1,2,2,2,1,2,2,2,2,2,1,1,2,2,2,1,1,2,2,,1,3,1,2,1,1,1,2,1,2,1,2,01,2,02,44,887.26702363
5373404,1,3,2,2,1,1,1,1,3,3,,,,,150000,2,1,2,1,1,1,1,2,2,2,1,2,2,2,2,2,1,2,2,2,2,1,2,3,2,,1,2,1,4,1,1,1,2,1,2,1,2,01,2,02,44,1366.0243087
5373405,1,2,1,2,1,1,1,1,4,3,,,,,200000,2,2,2,2,1,2,1,2,2,2,2,2,2,2,2,2,1,2,1,2,2,1,1,3,2,,1,1,1,2,1,1,2,2,1,2,1,2,01,2,02,44,1366.0243087
5373406,1,2,1,1,1,1,10,1,3,4,,,,350000,,2,1,2,1,1,1,1,2,2,2,1,2,2,2,2,2,1,2,2,2,2,1,1,1,2,,1,2,1,2,1,1,1,1,1,2,1,2,01,2,02,44,894.94893209
5373407,1,1,1,1,1,1,1,6,,4,,,,150000,,2,2,2,2,2,2,2,2,2,2,2,2,2,2,2,2,2,2,2,2,2,1,1,1,2,,1,3,4,2,1,0,2,1,1,2,1,2,01,2,02,44,1040.9778455
5373408,1,3,2,1,1,1,1,1,3,3,,,,,250000,2,2,2,1,1,1,1,2,2,2,2,2,2,2,2,2,1,2,2,2,2,1,1,3,2,,1,1,1,2,1,1,1,1,1,2,1,2,01,2,02,44,763.5318506
5373409,1,3,2,2,1,1,3,1,3,1,,,98,300000,,2,2,2,1,1,1,1,2,2,2,1,2,2,2,2,2,1,2,2,2,2,1,1,2,2,,1,1,1,2,1,1,1,2,1,3,2,,01,2,02,68,709.030018
5373411,1,4,3,2,1,1,6,1,3,1,,,98,350000,,2,1,2,1,1,1,1,2,2,2,1,2,2,2,2,2,2,2,2,2,2,1,2,5,2,,1,1,1,2,1,1,1,2,1,3,2,,01,2,02,68,1087.9005779
5373412,1,3,2,2,1,1,6,1,3,3,,,,,150000,2,2,2,1,1,1,1,2,2,2,1,2,2,2,2,2,2,2,2,2,2,1,3,3,2,,1,1,1,2,1,1,1,2,1,3,2,,01,2,02,68,524.04219623
5373413,1,2,1,2,1,1,3,1,3,1,,,40000000,200000,,2,1,2,1,1,1,1,2,2,2,1,2,1,2,2,2,1,2,2,1,2,1,1,2,2,,1,1,1,2,1,1,1,2,1,3,2,,01,2,02,68,709.030018
5373414,1,3,2,2,1,1,6,1,3,1,,,98,300000,,2,2,2,1,1,1,1,2,2,2,1,2,2,2,2,2,2,2,2,2,2,1,1,3,2,,1,1,5,2,1,1,1,2,1,3,2,,01,2,02,68,817.01869266
5373442,1,3,2,1,1,1,1,1,4,3,,,,,150000,2,1,2,1,2,1,1,2,2,2,1,2,2,2,2,2,2,2,2,2,2,1,1,4,2,,1,1,1,2,1,1,2,1,1,2,1,1,01,2,02,18,1085.8667023
5373443,1,3,1,1,1,1,1,1,4,1,,,45000000,200000,,2,1,2,2,1,2,1,2,2,2,1,2,2,2,2,2,2,2,2,2,2,1,1,1,2,,1,2,1,2,1,1,2,1,1,2,1,2,01,2,02,18,464.89732059
5373445,1,3,2,1,1,1,1,1,4,4,,,,200000,,2,2,2,2,2,1,1,2,2,2,2,2,2,2,2,2,2,2,2,2,2,1,2,6,2,,1,1,1,2,1,1,2,1,1,2,1,1,01,2,02,18,289.96113428
5373446,1,3,2,1,1,1,1,1,4,3,,,,,130000,2,2,2,2,2,2,1,2,2,2,1,2,2,2,2,2,2,2,2,2,2,1,1,3,2,,1,2,1,2,1,1,2,1,1,2,1,1,01,2,02,18,739.93761539
5373447,1,3,2,1,1,1,1,1,4,3,,,,,160000,2,2,2,2,1,1,1,2,2,2,2,2,2,2,2,2,2,2,2,2,2,1,2,3,2,,1,2,1,2,1,1,2,1,1,2,1,1,01,2,02,18,416.20775023
5373448,1,3,1,1,1,1,1,1,4,1,,,20000000,200000,,2,2,2,2,2,1,1,2,2,2,1,2,2,2,2,2,2,2,1,2,1,1,2,2,2,,1,1,1,2,1,1,2,1,1,2,1,1,01,2,02,18,361.31871563
5373449,1,5,3,1,1,1,1,1,4,3,,,,,180000,2,2,2,2,1,1,1,2,2,2,1,2,2,2,2,2,2,2,2,2,2,1,2,6,2,,1,1,1,2,1,1,2,1,1,2,1,1,01,2,02,18,1016.5940833
5373450,1,3,2,1,1,1,1,1,4,1,,,15000000,150000,,2,2,2,2,2,2,1,2,2,2,1,2,2,2,2,2,2,2,2,2,1,1,2,4,2,,1,1,5,2,1,1,1,1,1,2,1,1,01,2,02,18,1085.8667023
5373451,1,2,1,1,1,1,1,1,4,4,,,,100000,,2,2,2,2,2,1,1,2,2,2,1,2,2,2,2,2,2,1,2,2,2,1,1,5,2,,1,1,5,1,1,1,2,1,1,2,1,1,01,2,02,18,638.45416848
5373452,1,4,3,1,1,1,1,1,4,1,,,35000000,200000,,2,2,2,1,1,1,1,2,2,2,1,2,2,2,2,2,1,2,2,2,1,1,2,4,2,,1,2,1,2,1,1,2,1,1,2,1,1,01,2,02,18,271.46667558
5373453,1,4,2,1,1,1,1,1,4,3,,,,,150000,2,2,2,1,1,1,1,2,2,2,1,2,2,2,2,2,2,2,2,2,2,1,1,2,2,,1,2,1,2,1,1,2,1,1,2,1,1,01,2,02,18,473.02329306
5373454,1,2,1,1,1,1,1,1,4,1,,,18000000,100000,,2,2,2,2,1,1,1,2,2,2,1,2,2,2,2,2,2,2,2,2,2,1,1,2,2,,1,1,1,2,1,1,2,1,1,2,1,1,01,2,02,18,408.56076273
5373455,1,2,1,1,1,1,1,1,4,4,,,,150000,,2,2,2,2,2,2,1,2,2,2,2,2,2,2,2,2,2,1,2,2,2,1,1,3,2,,1,1,5,1,1,1,2,1,1,2,1,2,01,2,02,18,820.06880401
5373456,1,2,1,2,1,1,1,1,4,3,,,,,200000,2,1,2,2,1,1,1,2,2,2,1,2,2,2,2,2,2,2,2,2,2,1,1,3,2,,1,1,5,2,1,1,2,2,1,2,1,2,01,2,02,18,463.44979733
5373457,1,4,1,1,1,1,1,1,4,2,,500000,60000000,200000,,2,1,1,1,1,1,1,2,2,2,1,2,2,2,2,2,2,2,2,2,2,1,2,2,2,,1,1,1,2,1,1,2,1,1,2,1,2,01,2,02,18,340.0982279
5376306,1,3,2,1,1,1,1,1,3,3,,,,,300000,2,2,2,2,1,2,1,2,2,2,1,2,2,2,2,2,1,2,2,2,2,1,1,4,2,,1,1,1,2,1,1,1,1,1,2,1,2,01,2,02,44,704.62524264
5376307,1,3,1,1,1,1,10,1,3,5,,,,200000,,2,2,2,2,1,1,1,2,2,2,1,2,2,2,2,2,1,2,2,2,2,1,1,1,1,1,1,1,1,4,1,1,1,1,1,2,1,2,01,2,02,44,1061.9243728
5376308,1,2,1,1,1,1,1,1,4,4,,,,200000,,2,2,2,2,2,2,1,2,2,2,2,2,2,2,2,2,2,2,2,2,2,2,,2,2,,1,1,1,2,1,1,2,1,1,2,1,2,01,2,02,44,916.22938036
5376309,1,3,2,1,1,1,1,1,3,4,,,,300000,,2,1,2,2,1,1,1,2,2,2,1,2,2,2,2,2,1,2,2,2,2,1,2,2,2,,1,1,1,4,1,1,1,1,1,2,1,2,01,2,02,44,1054.2424643
5376310,1,4,3,1,1,1,1,1,3,4,,,,300000,,2,1,1,1,1,1,1,2,2,2,1,2,2,2,2,2,1,2,2,1,2,1,2,5,2,,1,1,1,4,1,1,1,1,1,2,1,2,01,2,02,44,1467.424525
5376311,1,3,2,1,1,1,1,1,3,4,,,,150000,,2,1,2,2,1,1,1,2,2,2,1,2,2,2,2,2,1,2,2,2,2,1,1,4,2,,1,1,1,4,1,1,1,1,1,2,1,2,01,2,02,44,1016.6163046
5376312,1,2,1,1,1,1,1,1,3,5,,,,200000,,2,1,2,2,1,1,1,2,2,2,1,2,2,2,2,2,1,2,2,2,2,2,,2,2,,1,1,1,2,1,1,1,1,1,2,1,2,01,2,02,44,916.22938036
5376313,1,3,1,1,1,1,10,1,3,5,,,,300000,,2,2,2,2,1,1,1,2,2,2,1,2,2,2,2,2,1,2,2,2,2,1,1,2,2,,1,1,1,4,1,1,1,1,1,2,1,2,01,2,02,44,749.25393965
5376314,1,4,1,1,1,1,10,1,3,5,,,,200000,,2,2,2,1,1,1,1,1,2,2,1,2,2,2,2,2,1,2,2,1,2,1,1,2,2,,1,1,1,4,1,1,1,1,1,2,1,2,01,2,02,44,916.22938036
5376315,1,3,1,1,1,1,10,1,3,3,,,,,250000,2,2,2,1,1,1,1,2,2,2,1,2,2,2,2,2,1,2,2,2,2,1,2,2,2,,1,1,1,4,1,1,1,1,1,2,1,2,01,2,02,44,887.26702363
5376316,1,3,2,1,1,1,10,1,3,3,,,,,200000,2,2,2,2,1,1,1,2,2,2,1,2,2,2,2,2,1,2,2,2,2,1,1,4,2,,1,1,1,2,1,1,1,1,1,2,1,2,01,2,02,44,988.66724001
5376317,1,3,2,1,1,1,1,1,3,5,,,,200000,,2,1,2,2,1,1,1,2,2,2,1,2,2,2,2,2,1,2,2,2,2,1,1,3,2,,1,1,1,4,1,1,1,1,1,2,1,2,01,2,02,44,624.50547453
5376321,1,3,2,2,2,1,1,1,3,5,,,,300000,,2,1,2,2,1,1,1,2,2,2,1,2,2,2,2,2,1,1,2,2,2,1,2,3,2,,1,1,1,2,1,1,1,2,1,2,1,2,01,2,02,44,1167.334746
5376322,1,3,2,2,1,1,1,1,3,3,,,,,130000,2,2,2,2,2,2,1,2,2,2,1,2,2,2,2,2,1,2,1,2,2,1,1,4,2,,1,2,1,2,1,1,1,2,1,2,1,2,01,2,02,44,702.64615422
5376323,1,2,1,2,1,1,1,1,3,1,,,98,200000,,2,1,2,1,2,2,1,2,2,2,1,2,1,2,2,2,1,2,2,2,2,1,1,2,2,,1,2,1,2,1,1,1,2,1,2,1,2,01,2,02,44,887.26702363
5376324,1,3,3,1,1,1,1,1,3,4,,,,200000,,2,2,2,2,2,2,1,2,2,2,2,2,2,2,2,2,1,2,2,2,2,1,1,11,2,,1,2,4,2,1,1,1,1,1,2,1,2,01,2,02,44,892.09774026
5376325,1,4,1,2,1,1,1,1,3,3,,,,,300000,2,1,2,2,1,1,1,2,2,2,1,2,2,2,2,2,1,2,2,2,2,1,1,2,2,,1,1,1,2,1,1,1,2,1,2,1,2,01,2,02,44,937.17590768
5376326,1,4,3,2,1,1,1,1,3,1,,,30000000,250000,,2,1,2,1,1,1,1,2,2,2,1,2,2,2,2,2,1,2,1,2,2,1,3,8,2,,1,1,1,2,1,1,1,2,1,2,1,2,01,2,02,44,883.29734222
5376327,1,3,1,2,1,1,1,1,3,5,,,,2500000,,2,1,2,2,2,1,1,2,2,2,1,1,2,2,2,2,1,1,1,2,2,1,1,1,2,,1,1,1,2,1,1,1,2,1,2,1,2,01,2,02,44,1178.9909295
5376328,1,2,1,2,1,1,1,1,3,3,,,,,350000,2,1,2,2,1,1,1,2,2,2,2,2,2,2,2,2,1,2,2,2,2,1,2,4,2,,1,1,1,2,1,1,1,2,1,2,1,2,01,2,02,44,1844.7815937
5376339,1,3,1,3,1,4,3,1,3,1,,,99,300000,,2,1,2,2,1,1,1,2,2,2,1,2,2,2,2,2,1,2,2,2,2,1,1,2,2,,1,1,1,2,1,1,1,2,2,,2,,01,2,02,68,524.04219623
5376340,1,3,2,2,1,1,3,1,4,3,,,,,120000,2,2,2,1,1,1,1,2,2,2,1,2,2,2,2,2,2,2,2,2,2,1,1,9,2,,1,1,1,2,1,1,2,2,1,2,2,,01,2,02,68,1517.3979179
5376341,1,3,1,1,1,1,3,1,4,1,,,6000000,120000,,2,2,2,1,1,1,1,1,2,2,1,1,2,2,2,2,2,2,2,2,2,1,1,2,2,,1,1,1,4,1,1,2,1,1,2,2,,01,2,02,68,772.30114198
5376342,1,2,1,2,1,1,3,1,3,4,,,,150000,,2,2,2,2,1,2,1,2,2,2,2,2,2,2,2,2,1,2,2,2,2,2,,1,2,,1,1,1,2,1,1,1,1,1,2,2,,01,2,02,68,1120.2542111
5376343,1,3,2,3,1,4,3,3,3,4,,,,400000,,2,1,2,1,1,1,1,2,2,2,1,2,2,2,2,2,2,2,1,2,2,1,1,3,2,,1,1,1,2,1,1,1,2,2,,2,,01,2,02,68,1404.6719307
5377854,1,4,2,6,,4,2,1,5,4,,,,100000,,2,2,2,2,2,2,2,2,2,2,2,2,1,2,2,2,2,2,2,2,2,1,1,4,2,,1,1,5,1,1,9,2,2,2,,2,,01,2,02,44,1254.4570514
5377855,1,1,1,2,2,4,6,5,5,5,,,,100000,,2,2,2,2,2,2,2,2,2,2,2,2,2,2,2,2,2,2,2,2,2,1,1,1,2,,1,1,1,2,1,9,2,2,2,,2,,01,2,02,44,894.94893209
5377856,1,4,2,2,2,4,2,1,5,6,COMO PARTE DE PAGO,,,200000,,2,1,2,2,2,2,2,2,2,2,1,2,1,2,2,2,2,1,1,2,2,1,1,5,2,,1,1,5,2,1,9,2,2,2,,2,,01,2,02,44,1508.5547976
5377857,1,2,1,2,2,4,6,6,,4,,,,200000,,2,2,2,2,2,2,2,2,2,2,2,2,2,2,2,2,2,2,2,2,2,2,,1,2,,1,1,1,2,2,,2,2,2,,2,,01,2,02,44,1299.7651196
5377858,1,1,1,6,,4,2,5,5,4,,,,100000,,2,2,2,2,2,2,2,2,2,2,2,2,1,2,2,2,2,2,2,2,2,1,1,2,2,,1,1,5,1,1,9,2,2,2,,2,,01,2,02,44,887.26702363
5377859,1,1,1,6,,4,6,5,5,1,,,98,50000,,2,2,2,2,2,2,2,2,2,2,2,2,2,2,2,2,2,2,2,2,2,2,,1,2,,1,1,8,1,2,,2,2,2,,2,,01,2,02,44,1040.9778455
5377861,1,1,1,6,,4,6,5,5,4,,,,100000,,2,2,2,2,2,2,2,2,2,2,2,2,2,2,2,2,2,2,2,2,2,1,2,6,2,,1,1,8,1,2,,2,2,2,,2,,01,2,02,44,1173.7215308
5377862,1,1,1,6,,4,6,5,5,4,,,,50000,,2,2,2,2,2,2,2,2,2,2,2,2,2,2,2,2,2,2,2,2,2,1,1,2,2,,1,1,9,1,2,,2,2,2,,2,,01,2,02,44,1026.2933997
5377863,1,2,1,6,,4,6,5,5,4,,,,100000,,2,2,2,2,2,2,2,2,2,2,2,2,2,2,2,2,2,2,2,2,2,1,1,1,2,,1,1,7,1,2,,2,2,2,,2,,01,2,02,44,1040.9778455
5377865,1,5,3,3,1,1,3,1,3,4,,,,200000,,2,2,2,2,1,1,1,2,2,2,1,2,2,1,2,2,1,2,2,2,2,1,3,5,2,,1,1,1,4,1,1,1,2,1,3,2,,01,2,02,68,994.18866949
5377866,1,3,1,2,1,4,3,1,4,1,,,70000000,150000,,2,2,2,1,1,1,1,2,2,2,1,2,2,2,2,2,1,1,2,2,2,1,1,2,2,,1,1,5,2,1,1,2,2,2,,2,,01,2,02,68,709.030018
5377867,1,3,2,3,1,3,2,1,4,3,,,,,150000,2,1,2,1,1,1,1,2,2,2,1,2,2,2,2,2,1,2,2,2,2,1,2,4,2,,1,1,5,2,1,1,2,2,2,,2,,01,2,02,68,1835.9325097
5377868,1,3,2,2,1,4,2,1,4,1,,,98,200000,,2,1,1,1,1,1,1,2,2,2,1,2,2,2,2,2,1,2,1,2,2,1,3,3,2,,1,1,1,2,1,1,2,2,2,,2,,01,2,02,68,586.90463656
5377869,1,3,2,2,1,4,3,1,4,4,,,,250000,,2,1,1,1,1,1,1,2,2,2,1,1,1,2,2,2,2,2,1,2,2,1,2,5,2,,1,1,1,3,1,1,2,2,2,,2,,01,2,02,68,1457.1831273
5377870,1,2,1,2,1,4,1,1,4,4,,,,200000,,2,1,2,1,1,1,1,2,2,2,1,2,2,2,2,2,2,2,1,2,2,1,1,1,2,,1,1,1,2,1,1,2,2,2,,1,1,01,2,02,68,1183.5253351
5377871,1,2,1,6,,4,3,4,4,1,,,99,300000,,2,2,2,1,1,1,1,2,2,2,1,2,2,2,2,2,1,2,2,1,2,1,2,5,2,,1,1,5,1,1,1,2,2,2,,2,,01,2,02,68,767.06312987
5377872,1,2,1,2,1,3,1,1,3,4,,,,100000,,2,1,2,1,1,1,1,2,2,2,1,2,2,2,2,2,1,2,1,2,2,1,1,2,2,,1,1,5,2,1,1,1,2,2,,1,2,01,2,02,68,709.030018
5377873,1,3,1,2,1,4,1,1,4,1,,,98,200000,,2,1,2,1,1,1,1,2,2,2,1,2,2,2,2,2,1,2,1,1,2,1,2,2,2,,1,1,1,4,1,1,2,2,2,,1,1,01,2,02,68,803.48190946
5377874,1,3,2,2,1,4,3,1,4,3,,,,,1500000,2,2,2,1,1,1,2,2,2,2,1,2,2,2,2,2,2,2,2,2,2,1,2,4,2,,1,1,1,4,1,1,2,2,2,,1,1,01,2,02,68,694.89331121
5377875,1,2,1,2,1,3,1,1,4,1,,,45000000,100000,,2,2,2,2,2,2,2,2,2,2,2,2,2,2,2,2,1,2,1,2,2,1,1,1,2,,1,1,5,2,1,1,2,2,2,,1,1,01,2,02,68,1183.5253351
5378244,1,3,3,2,1,5,3,1,4,4,,,,400000,,2,2,1,1,1,1,1,2,2,2,1,2,2,2,2,2,1,2,1,2,2,1,2,4,2,,1,1,1,2,1,3,2,2,2,,2,,01,2,02,50,1778.8875702
5378245,1,3,2,2,1,4,3,1,4,4,,,,300000,,2,2,1,1,1,1,1,2,2,2,1,2,2,2,2,2,1,2,1,2,2,1,2,3,2,,1,1,1,4,1,3,2,2,2,,2,,01,2,02,50,1720.5864477
5378247,1,4,2,2,1,4,3,1,4,1,,,4000000,250000,,2,2,2,1,1,1,1,2,2,2,1,2,1,2,2,2,2,2,2,1,2,1,1,3,2,,1,1,5,4,1,1,2,2,2,,2,,01,2,02,50,1100.9906438
5378248,1,2,1,2,1,4,3,1,4,4,,,,200000,,2,1,1,1,1,1,1,2,2,2,1,2,1,2,2,2,2,2,1,2,2,1,1,2,2,,1,1,1,2,1,3,2,2,2,,2,,01,2,02,50,965.06000475
5378249,1,2,1,2,1,4,3,6,,4,,,,200000,,2,2,2,1,1,1,2,2,2,2,1,2,2,2,2,2,2,2,2,2,2,1,1,1,2,,1,1,1,4,1,3,2,2,2,,2,,01,2,02,50,1543.0374535
5378251,1,3,1,2,1,4,4,1,5,4,,,,180000,,2,2,2,2,1,1,2,2,2,2,1,2,2,2,2,2,2,2,2,2,2,2,,1,2,,1,1,5,2,1,1,2,2,2,,2,,01,2,02,50,1460.5468544
5378252,1,2,1,2,1,4,4,1,4,4,,,,200000,,2,2,2,2,2,2,1,2,2,2,2,2,2,2,2,2,2,2,1,2,2,1,1,2,2,,1,1,8,2,2,,2,2,2,,2,,01,2,02,50,1260.6718516
5378254,1,4,3,2,1,4,4,1,4,1,,,30000000,200000,,2,2,1,1,1,1,1,2,2,2,1,2,2,2,2,2,2,2,1,2,2,1,1,5,2,,1,1,5,2,1,1,2,2,2,,2,,01,2,02,50,683.22722973
5378255,1,4,3,2,1,4,3,1,4,1,,,99,300000,,2,2,1,2,1,1,1,2,2,2,1,2,2,2,2,2,1,2,1,1,2,1,2,3,2,,1,1,1,4,1,1,2,2,2,,2,,01,2,02,50,1007.864249
5378256,1,3,3,2,1,4,3,1,5,1,,,70000000,300000,,2,2,1,1,1,2,1,2,2,2,1,2,1,2,2,2,2,1,1,2,2,1,3,5,2,,1,1,5,2,1,1,2,2,2,,2,,01,2,02,50,683.22722973
5378257,1,4,1,2,1,4,4,5,5,1,,,30000000,150000,,2,2,2,2,1,2,1,2,2,2,1,2,2,2,2,2,2,2,1,2,2,1,1,2,2,,1,1,5,2,1,1,2,2,2,,2,,01,2,02,50,924.40764976
5378258,1,4,2,2,1,4,3,1,4,1,,,5000000,200000,,2,2,2,2,1,1,1,2,2,2,1,2,2,2,2,2,2,2,1,2,2,1,1,4,2,,1,1,5,2,1,1,2,2,2,,2,,01,2,02,50,1364.9253196
5378259,1,3,2,2,1,4,3,1,4,4,,,,150000,,2,2,1,1,1,1,1,2,2,2,1,2,2,2,2,2,1,2,1,2,2,1,1,5,2,,1,1,1,4,1,1,2,2,2,,2,,01,2,02,50,2732.9089189
5378260,1,3,1,2,1,4,3,1,4,4,,,,100000,,2,2,2,2,2,2,1,2,2,2,1,2,2,2,2,2,2,2,2,2,2,1,1,4,2,,1,1,1,2,1,1,2,2,2,,2,,01,2,02,50,2074.499417
5378261,1,3,2,2,1,4,4,1,4,4,,,,250000,,2,1,2,1,1,2,1,2,2,2,1,2,2,2,2,2,1,2,1,1,2,1,4,4,2,,1,1,5,2,1,1,2,2,2,,2,,01,2,02,50,1438.2208457
5378262,1,5,4,2,1,4,3,1,4,1,,,8000000,300000,,2,2,2,1,1,1,1,2,2,2,1,2,2,2,2,2,2,1,1,2,2,2,,5,2,,1,1,5,2,1,1,2,2,2,,2,,01,2,02,50,683.22722973
5378263,1,3,2,2,1,4,4,1,4,1,,,70000000,200000,,2,2,2,1,1,1,1,2,2,2,1,2,2,2,2,2,2,2,1,2,2,1,1,3,2,,1,1,5,2,1,1,2,2,2,,2,,01,2,02,50,1188.3423256
5378264,1,3,1,2,1,4,3,1,4,1,,,6000000,200000,,2,2,2,1,1,2,1,2,2,2,1,2,2,1,2,2,2,2,1,2,2,2,,1,2,,1,1,1,2,1,1,2,2,2,,2,,01,2,02,50,1460.5468544
5378265,1,1,1,2,1,4,3,6,,4,,,,160000,,2,2,2,2,2,2,2,2,2,2,2,2,2,2,2,2,2,2,2,2,2,1,1,1,2,,1,1,1,2,1,1,2,2,2,,2,,01,2,02,50,1543.0374535
5378266,1,3,2,2,1,4,4,1,4,1,,,25000000,200000,,2,2,2,2,1,2,1,2,2,2,1,2,2,2,2,2,2,2,1,2,2,1,1,2,2,,1,1,5,2,1,1,2,2,2,,2,,01,2,02,50,1006.8982489
5378267,1,4,3,2,1,4,4,1,5,1,,,80000000,200000,,2,1,1,2,1,1,1,2,2,2,1,2,2,2,2,2,2,2,2,2,2,1,3,4,2,,1,1,1,2,1,1,2,2,2,,2,,01,2,02,50,999.60932152
5378268,1,4,1,2,1,4,3,1,4,1,,,5000000,300000,,2,2,2,2,1,2,1,2,2,2,1,2,2,2,2,2,2,2,2,2,2,1,1,1,2,,1,1,5,2,1,1,2,2,2,,2,,01,2,02,50,830.31525486
5378269,1,3,2,2,1,4,4,5,1,1,,,25000000,150000,,2,2,2,1,1,2,1,2,2,2,1,2,2,2,2,2,2,2,1,2,2,1,1,3,2,,1,1,8,2,1,1,2,2,2,,2,,01,2,02,50,683.22722973
5378270,1,4,2,2,1,4,3,1,4,1,,,14000000,300000,,2,2,2,1,1,1,1,2,2,2,1,2,2,2,2,2,2,2,1,2,2,1,1,2,2,,1,1,1,2,1,1,2,2,2,,2,,01,2,02,50,1011.7593315
5378275,1,3,2,2,1,4,4,1,4,4,,,,300000,,2,1,1,1,1,1,1,2,2,2,1,2,2,2,2,2,1,2,1,2,2,1,3,4,2,,1,1,1,4,1,3,2,2,2,,2,,01,2,02,50,1676.5402478
5378276,1,1,1,2,2,4,3,6,,3,,,,,50000,2,2,2,2,2,2,2,2,2,2,1,2,2,2,2,2,2,1,2,2,2,1,1,1,2,,1,1,5,1,1,1,2,2,2,,2,,01,2,02,50,1543.0374535
5378277,1,4,2,2,1,4,3,1,4,1,,,98,98,,2,1,1,1,1,1,1,2,2,2,1,2,2,2,2,1,1,2,2,1,2,1,2,2,2,,1,1,1,4,1,3,2,2,2,,2,,01,2,02,50,924.40764976
5378278,1,4,1,2,1,4,3,1,4,4,,,,100000,,2,2,2,1,1,1,1,2,2,2,1,2,1,2,2,2,2,1,1,2,2,1,1,2,2,,1,1,5,2,1,1,2,2,2,,2,,01,2,02,50,1047.5506039
5378279,1,3,2,2,1,4,3,1,4,4,,,,150000,,2,2,1,1,1,1,1,2,2,2,1,2,2,2,2,2,1,2,1,2,2,1,1,3,2,,1,1,5,2,1,1,2,2,2,,2,,01,2,02,50,1065.1993714
5378280,1,2,1,2,1,4,4,1,4,4,,,,100000,,2,2,2,2,2,2,1,2,2,2,2,2,2,2,2,2,2,2,1,2,2,1,1,3,2,,1,1,1,2,1,1,2,2,2,,2,,01,2,02,50,1618.2391253
5378281,1,2,2,2,1,4,3,1,5,4,,,,200000,,2,2,2,2,2,2,2,2,2,2,2,2,2,2,2,2,2,2,2,2,2,1,1,3,2,,1,1,1,4,1,3,2,2,2,,2,,01,2,02,50,1897.9164229
5378282,1,3,1,2,1,5,3,1,4,1,,,98,1000000,,2,1,1,1,1,1,1,2,2,2,1,2,2,2,2,2,2,2,1,1,2,1,2,2,2,,1,1,1,4,1,1,2,2,2,,2,,01,2,02,50,965.06000475
5378283,1,2,1,2,1,4,6,1,4,4,,,,100000,,2,2,2,2,2,2,1,2,2,2,2,2,2,2,2,2,2,2,2,2,2,1,1,4,2,,1,1,8,1,2,,2,2,2,,2,,01,2,02,50,2732.9089189
5378284,1,2,2,2,1,4,3,1,4,4,,,,200000,,2,2,2,2,2,1,1,2,2,2,1,2,2,2,2,2,2,2,1,2,2,1,2,5,2,,1,1,4,2,1,1,2,2,2,,2,,01,2,02,50,1469.9257689
5378285,1,2,1,2,2,4,4,6,,4,,,,200000,,2,2,1,2,1,1,1,2,2,2,1,2,1,2,2,2,2,2,2,2,2,1,1,1,2,,1,4,1,4,1,3,2,2,2,,2,,01,2,02,50,1543.0374535
5378286,1,3,2,2,2,4,3,1,4,4,,,,200000,,2,2,1,2,1,1,1,2,2,2,1,2,2,2,2,2,2,2,1,1,2,1,5,6,2,,1,1,8,2,1,1,2,2,2,,2,,01,2,02,50,1194.299643
5378287,1,2,1,2,2,4,4,6,,4,,,,150000,,2,2,2,2,1,1,2,2,2,2,1,2,2,2,2,2,2,2,2,2,2,1,1,1,2,,1,4,1,4,1,3,2,2,2,,2,,01,2,02,50,1460.5468544
5378288,1,1,1,2,2,4,3,6,,4,,,,200000,,2,2,2,2,2,2,2,2,2,2,2,2,2,2,2,2,2,2,1,2,2,1,1,1,2,,1,4,1,2,1,3,2,2,2,,2,,01,2,02,50,1507.2461811
5378289,1,2,1,2,1,4,6,1,4,4,,,,200000,,2,2,1,2,1,1,1,2,2,2,1,2,2,2,2,2,2,2,2,2,2,1,1,4,2,,1,1,8,1,1,1,2,2,2,,2,,01,2,02,50,1438.2208457
5378290,1,4,2,2,1,4,4,1,4,4,,,,400000,,2,2,1,1,1,1,1,2,2,2,1,2,2,2,2,2,2,2,1,2,2,1,2,4,2,,1,1,1,4,1,1,2,2,2,,2,,01,2,02,50,2291.2749691
5378291,1,2,1,3,1,4,4,5,5,1,,,20000000,100000,,2,2,2,2,1,1,2,2,2,2,1,2,2,2,2,2,2,2,2,2,2,1,1,1,2,,1,1,8,2,1,1,2,2,2,,2,,01,2,02,50,830.31525486
5378293,1,6,2,2,1,4,3,1,4,4,,,,150000,,2,2,2,1,1,1,1,2,2,2,1,2,2,2,2,2,1,2,1,2,2,1,3,3,2,,1,1,1,2,1,2,2,2,2,,2,,01,2,02,50,683.22722973
5378294,1,2,1,6,,4,4,1,5,4,,,,100000,,2,2,2,2,2,2,1,2,2,2,2,2,2,2,2,2,2,2,2,2,2,1,1,3,2,,1,1,8,1,2,,2,2,2,,2,,01,2,02,50,1618.2391253
5378295,1,5,3,2,1,4,3,1,4,4,,,,200000,,2,2,2,1,1,1,1,2,2,2,1,2,2,2,2,2,2,1,1,2,2,1,1,4,2,,1,1,5,1,1,1,2,2,2,,2,,01,2,02,50,905.97672362
5378296,1,4,3,2,1,4,4,1,4,4,,,,400000,,2,2,1,1,1,1,1,2,2,2,1,2,2,2,2,2,2,2,1,2,2,1,2,3,2,,1,1,1,4,1,3,2,2,2,,2,,01,2,02,50,1100.9906438
5378297,1,4,2,2,1,4,10,1,4,3,,,,,400000,2,2,2,2,1,1,1,2,2,2,1,2,2,2,2,2,1,1,1,2,2,1,3,4,2,,1,1,1,2,1,1,2,2,2,,2,,01,2,02,50,683.22722973
5378298,1,4,3,2,1,4,4,5,4,1,,,10000000,100000,,2,2,2,2,1,1,1,2,2,2,1,2,1,2,2,2,2,2,1,2,2,1,4,4,2,,1,1,5,1,1,0,2,2,2,,2,,01,2,02,50,1199.9441213
5378299,1,5,4,2,1,4,4,1,4,2,,200000,70000000,500000,,2,2,1,1,1,1,1,2,2,2,1,2,1,2,2,2,1,1,1,2,2,1,4,7,2,,1,1,1,4,1,1,2,2,2,,2,,01,2,02,50,1764.9881644
5378300,1,4,3,2,1,4,3,1,4,1,,,30000000,300000,,2,2,1,1,1,1,1,2,2,2,1,2,2,1,2,2,2,1,1,1,2,1,1,4,2,,1,1,1,2,1,1,2,2,2,,2,,01,2,02,50,782.83376947
5378301,1,4,3,2,1,4,4,1,4,4,,,,200000,,2,2,1,1,1,1,1,2,2,2,1,2,1,2,2,2,2,2,1,2,2,1,1,4,2,,1,1,5,2,1,1,2,2,2,,2,,01,2,02,50,1293.3427748
5378323,1,4,3,2,1,1,1,1,4,4,,,,700000,,2,2,1,1,1,1,1,1,2,1,1,1,1,1,2,2,2,2,1,2,2,1,3,3,2,,1,1,1,4,1,2,2,2,1,1,1,1,01,2,02,05,3382.2996201
5378324,1,3,3,2,1,1,1,1,4,3,,,,,350000,2,2,2,2,1,1,1,2,2,2,1,2,2,2,2,2,2,2,1,2,2,1,4,5,2,,1,1,1,2,1,2,2,2,1,1,1,1,01,2,02,05,4847.1363026
5378325,1,3,2,2,1,1,1,1,4,4,,,,400000,,2,2,2,1,1,1,1,2,2,2,1,2,2,2,2,2,2,1,2,2,2,1,3,3,2,,1,1,1,2,1,2,2,2,1,1,1,1,01,2,02,05,3010.6077037
5378326,1,3,2,2,1,1,1,1,4,4,,,,500000,,2,2,2,2,1,1,1,2,2,2,1,2,2,2,2,2,2,2,1,2,2,1,5,5,2,,1,1,1,4,1,2,2,2,1,1,1,1,01,2,02,05,8037.3701244
5378327,1,3,2,2,1,1,1,1,4,4,,,,400000,,2,2,2,1,1,1,2,2,2,2,1,2,2,2,2,2,2,2,2,2,2,1,2,3,2,,1,1,1,2,1,2,2,2,1,1,1,1,01,2,02,05,7096.609404
5378328,1,3,3,2,1,1,1,1,4,4,,,,400000,,2,2,1,1,1,1,1,2,2,1,1,2,2,2,2,2,2,2,1,2,2,1,3,3,2,,1,1,1,4,1,2,2,2,1,1,1,1,01,2,02,05,3010.6077037
5378329,1,3,2,2,1,1,1,1,5,3,,,,,200000,2,2,2,2,1,1,1,2,2,1,1,2,2,2,2,2,2,2,2,2,2,1,3,4,2,,1,1,1,2,1,2,2,2,1,1,1,1,01,2,02,05,5443.2583763
5378330,1,4,3,2,1,1,1,1,4,1,,,130000000,850000,,2,2,1,1,1,1,1,2,1,1,1,1,1,1,2,2,2,2,2,1,2,1,3,3,2,,1,1,1,4,1,2,2,2,1,1,1,1,01,2,02,05,2355.8626139
5378331,1,2,2,3,1,1,1,1,4,4,,,,350000,,2,2,1,1,1,1,1,2,2,1,1,2,1,2,2,2,2,1,2,2,2,1,2,5,2,,1,1,1,2,1,2,2,2,1,1,1,1,01,2,02,05,8612.0726888
5378332,1,2,2,3,1,1,1,1,4,4,,,,400000,,2,2,2,1,1,1,1,2,2,2,1,2,1,2,2,2,2,2,1,2,2,1,3,3,2,,1,1,1,2,1,2,2,2,1,1,1,1,01,2,02,05,2153.0181722
5378333,1,5,1,2,1,1,1,1,4,1,,,220000000,800000,,2,2,2,1,1,1,1,2,2,1,1,2,2,2,2,2,2,2,2,2,2,1,1,2,2,,1,1,1,4,1,2,2,2,1,1,1,1,01,2,02,05,2697.3390507
5378334,1,3,2,2,1,1,1,1,4,4,,,,500000,,2,2,1,1,1,1,1,2,2,2,1,2,1,2,2,2,2,2,2,1,2,1,3,3,2,,1,1,1,4,1,2,2,2,1,1,1,1,01,2,02,05,3023.5362375
5378335,1,4,3,2,1,1,1,1,4,3,,,,,400000,2,2,2,2,1,1,1,2,2,1,1,2,2,2,2,2,2,2,2,2,2,1,3,5,2,,1,1,1,4,1,2,2,2,1,1,1,1,01,2,02,05,2153.0181722
5378336,1,3,1,2,1,1,1,1,4,3,,,,,450000,2,2,2,1,1,1,1,2,2,2,1,2,2,2,2,2,2,2,2,2,2,1,1,2,2,,1,1,1,4,1,2,2,2,1,1,1,1,01,2,02,05,2697.3390507
5378337,1,2,2,2,1,1,1,1,4,3,,,,,200000,2,2,2,2,1,2,1,2,2,2,1,2,2,2,2,2,2,2,2,2,2,1,2,2,2,,1,1,1,2,1,2,2,2,1,1,1,1,01,2,02,05,2326.4584543
5378338,1,2,1,2,1,1,1,1,4,2,,750000,70000000,600000,,2,2,2,2,1,1,1,2,2,1,1,2,2,2,2,2,2,2,1,2,2,1,1,1,2,,1,1,1,2,1,2,2,2,1,1,1,1,01,2,02,05,2539.4428004
5378339,1,3,1,2,1,1,1,1,4,4,,,,400000,,2,2,2,2,1,2,1,2,2,1,1,2,1,2,2,2,2,2,2,2,2,2,,1,2,,1,1,1,2,1,2,2,2,1,1,1,1,01,2,02,05,3316.2473993
5378382,1,3,2,2,1,3,1,1,5,1,,,98,100000,,2,2,2,2,1,1,1,2,2,2,1,2,2,2,2,2,1,2,1,2,2,2,,2,2,,1,1,5,1,1,1,2,1,2,,1,2,01,2,02,13,1367.9528312
5378383,1,3,2,1,1,3,1,1,4,3,,,,,50000,2,1,2,2,1,2,1,2,2,2,1,2,2,2,2,2,1,2,2,2,2,1,1,3,2,,1,1,1,2,1,1,2,1,2,,1,2,01,2,02,13,1772.5114324
5378384,1,3,1,1,1,3,1,1,4,4,,,,50000,,2,2,2,1,1,1,1,2,2,2,2,2,2,2,2,2,1,2,2,2,2,1,1,1,2,,1,1,1,2,1,1,2,1,2,,1,2,01,2,02,13,1377.9206411
5378385,1,2,1,1,1,3,1,1,4,1,,,98,100000,,2,2,2,2,1,1,1,2,2,2,1,2,2,2,2,2,1,2,2,2,2,1,1,1,2,,1,1,1,1,1,1,2,1,2,,1,2,01,2,02,13,1377.9206411
5378386,1,4,3,1,1,3,1,1,4,1,,,98,100000,,2,2,2,2,2,1,1,1,2,2,1,2,2,2,2,2,2,2,1,2,2,1,2,6,2,,1,1,5,1,1,1,2,1,2,,1,2,01,2,02,13,1921.235349
5378387,1,3,1,1,1,3,1,1,4,1,,,98,140000,,2,2,2,1,2,2,2,2,2,2,1,2,2,2,2,2,1,2,2,2,2,1,2,3,2,,1,1,1,2,1,1,2,1,2,,1,2,01,2,02,13,1141.322788
5378388,1,3,2,1,1,3,1,1,5,3,,,,,50000,2,2,2,2,1,1,1,2,2,2,1,2,2,2,2,2,2,2,2,2,2,1,2,4,2,,1,1,1,2,1,1,2,1,2,,1,2,01,2,02,13,1282.8644224
5378389,1,2,1,1,1,3,1,1,4,1,,,99,50000,,2,2,2,2,1,1,1,2,2,2,1,2,2,2,2,2,1,1,2,2,2,1,3,3,2,,1,1,1,2,1,1,2,1,2,,1,2,01,2,02,13,1298.0356893
5378390,1,4,2,1,1,3,1,1,4,1,,,98,100000,,2,1,2,1,1,1,2,2,2,2,1,2,2,2,2,2,1,2,2,2,2,1,2,2,2,,1,1,1,2,1,1,2,1,2,,1,2,01,2,02,13,1340.773257
5378391,1,2,1,1,1,3,1,1,5,4,,,,60000,,2,2,2,2,1,1,1,2,2,2,1,2,2,2,2,2,2,2,2,2,2,1,1,4,2,,1,1,1,2,1,1,2,1,2,,1,2,01,2,02,13,1292.8787914
5378392,1,4,3,1,1,3,1,1,4,1,,,98,100000,,2,2,2,2,1,1,1,2,2,2,1,2,2,2,2,2,2,2,2,2,2,1,2,4,2,,1,1,1,2,1,1,2,1,2,,1,2,01,2,02,13,2135.9187573
5378393,1,3,2,1,1,3,1,1,4,1,,,98,90000,,2,2,2,2,1,1,1,2,2,2,1,2,2,2,2,2,1,2,2,2,2,1,2,4,2,,1,1,1,2,1,1,2,1,2,,1,2,01,2,02,13,1099.9000372
5378394,1,3,2,1,1,3,1,1,4,1,,,99,99,,2,2,2,2,1,2,1,2,2,2,1,2,2,2,2,2,1,2,2,2,2,1,3,5,2,,1,1,1,1,1,1,2,1,2,,1,2,01,2,02,13,769.89522017
5378395,1,3,2,1,1,3,1,1,4,1,,,98,100000,,2,1,2,1,1,1,1,2,2,2,1,2,2,2,2,2,1,2,2,2,2,1,2,2,2,,1,1,1,4,1,1,2,1,2,,1,2,01,2,02,13,972.2090342
5378396,1,2,1,1,1,3,1,1,4,1,,,99,50000,,2,2,2,1,1,2,1,2,2,2,1,2,2,2,2,2,1,2,2,2,2,1,1,2,2,,1,1,1,1,1,1,2,1,2,,1,2,01,2,02,13,1188.8712676
5378397,1,3,2,1,1,3,1,1,4,4,,,,100000,,2,2,2,2,1,1,1,2,2,2,1,2,2,2,2,2,2,2,2,2,2,1,1,3,2,,1,1,1,2,1,1,2,1,2,,1,2,01,2,02,13,1178.9034577
5378398,1,2,1,1,1,3,1,1,4,3,,,,,110000,2,2,2,2,1,1,1,2,2,2,1,2,2,2,2,2,1,2,2,2,2,1,1,1,2,,1,1,5,1,1,1,2,1,2,,1,2,01,2,02,13,1161.2584077
5378399,1,2,1,1,1,3,1,1,4,4,,,,70000,,2,2,2,2,1,2,1,2,2,2,1,2,2,2,2,2,2,2,2,2,2,1,1,1,2,,1,1,1,2,1,1,2,1,2,,1,2,01,2,02,13,1529.8226305
5378402,1,2,2,6,,4,1,1,4,1,,,10000000,100000,,2,2,2,1,1,1,2,2,2,2,1,2,2,2,2,2,1,1,2,2,2,1,1,4,2,,1,1,5,2,1,1,2,2,2,,1,2,01,2,02,13,2258.9338104
5378403,1,2,1,3,1,2,1,6,,1,,,98,98,,2,2,2,2,2,2,2,2,2,2,2,2,2,2,2,2,2,2,2,2,2,2,,2,2,,1,1,5,1,1,1,2,2,2,,1,2,01,2,02,13,1188.8712676
5378404,1,3,1,2,1,3,6,1,4,1,,,150000000,150000,,2,2,2,1,1,1,2,2,2,2,1,1,1,2,2,2,2,2,2,2,2,1,1,2,2,,1,1,1,4,1,1,2,2,2,,2,,01,2,02,13,1188.8712676
5378405,1,3,1,2,1,4,3,1,4,1,,,90000000,40000,,2,2,2,2,1,1,1,2,2,2,1,2,2,2,2,2,1,2,2,2,2,1,2,2,2,,1,1,1,4,1,1,2,2,2,,2,,01,2,02,13,1188.8712676
5378407,1,4,1,2,1,3,1,1,4,1,,,12000000,30000,,2,2,2,2,1,1,1,2,2,2,1,2,2,2,2,2,1,1,2,2,2,1,1,2,2,,1,1,1,2,1,1,2,2,2,,1,2,01,2,02,13,1188.8712676
5378408,1,2,1,3,1,3,1,1,4,1,,,99,150000,,2,2,2,2,2,2,1,2,2,2,2,2,2,2,2,2,2,2,2,2,2,1,1,2,2,,1,1,4,2,1,1,2,2,2,,1,1,01,2,02,13,1188.8712676
5378409,1,3,1,2,1,4,6,1,4,1,,,150000000,50000,,2,2,2,2,1,1,1,2,2,2,2,2,2,2,2,2,2,2,2,2,2,1,1,1,2,,1,1,1,2,1,1,2,2,2,,2,,01,2,02,13,1350.7410668
5378410,1,5,2,2,1,4,1,1,4,1,,,40000000,200000,,2,1,2,1,1,1,1,2,2,2,1,2,1,2,2,2,1,1,2,2,2,1,2,3,2,,1,1,1,2,1,1,2,2,2,,1,1,01,2,02,13,953.15494573
5378411,1,3,1,3,1,4,1,1,4,1,,,80000000,200000,,2,2,2,1,1,1,1,2,2,2,2,2,2,2,2,2,2,2,2,2,2,1,1,1,2,,1,1,1,2,1,1,2,2,2,,1,1,01,2,02,13,1377.9206411
5378412,1,2,1,6,,3,1,6,,1,,,98,98,,2,2,2,2,2,2,2,2,2,2,2,2,2,2,2,2,2,2,2,2,2,2,,1,2,,1,1,5,1,2,,2,2,2,,1,2,01,2,02,13,1350.7410668
5378413,1,3,1,2,1,4,6,1,5,1,,,30000000,60000,,2,2,2,2,2,2,2,2,2,2,1,2,2,2,2,2,2,2,2,2,2,2,,1,2,,1,1,1,2,1,1,2,2,2,,2,,01,2,02,13,1377.9206411
5378414,1,3,2,2,1,3,1,1,4,3,,,,,80000,2,2,2,2,1,1,1,2,2,2,1,2,1,2,2,2,1,2,1,2,2,1,1,3,2,,1,1,1,2,1,1,2,2,2,,1,2,01,2,02,13,953.15494573
5378415,1,2,1,3,1,4,3,1,5,1,,,80000000,50000,,2,2,2,2,2,2,1,2,2,2,1,2,2,2,2,2,2,2,2,2,2,1,1,1,2,,1,1,5,1,1,1,2,2,2,,2,,01,2,02,13,1377.9206411
5378416,1,3,2,2,1,4,1,1,4,1,,,98,100000,,2,1,2,1,2,2,2,2,2,2,1,2,1,2,2,2,1,2,2,2,2,1,1,3,2,,1,1,1,2,1,1,2,2,2,,1,2,01,2,02,13,810.33923495
5378417,1,2,1,3,1,4,1,1,4,4,,,,150000,,2,2,2,2,1,1,1,2,2,2,1,1,1,2,2,2,1,2,1,2,2,1,2,2,2,,1,1,1,2,1,1,2,2,2,,1,1,01,2,02,13,1151.2905978
5378418,1,2,1,2,1,4,1,1,4,4,,,,50000,,2,2,2,2,1,2,1,2,2,2,1,2,2,2,2,2,1,1,2,2,2,1,1,5,2,,1,1,1,2,1,1,2,2,2,,1,2,01,2,02,13,2540.4773584
5378419,1,3,2,2,1,4,6,1,5,1,,,10000000,1200000,,2,2,2,1,1,1,2,2,2,2,1,2,2,2,2,2,2,2,2,2,2,1,1,5,2,,1,1,1,4,1,1,2,2,2,,2,,01,2,02,13,1093.8150489
5378420,1,2,1,2,1,4,6,1,5,1,,,6000000,40000,,2,2,2,2,1,1,2,2,2,2,1,2,2,2,2,2,2,2,2,2,2,1,1,2,2,,1,1,1,2,1,1,2,2,2,,2,,01,2,02,13,1367.9528312
5378422,1,3,2,6,,4,6,1,5,4,,,,110000,,2,2,2,2,2,2,2,2,2,2,2,2,2,2,2,2,2,2,2,2,2,1,1,4,2,,1,1,5,1,2,,2,2,2,,2,,01,2,02,13,911.73219495
5378423,1,3,2,2,1,4,4,1,5,4,,,,100000,,2,2,2,2,2,2,1,2,2,2,1,2,2,2,2,2,2,2,2,2,2,1,1,4,2,,1,1,5,1,1,9,2,2,2,,2,,01,2,02,13,1808.1415466
5378424,1,4,3,2,1,4,4,1,5,1,,,98,100000,,2,2,2,2,2,2,1,2,2,2,2,2,2,2,2,2,2,2,2,2,2,1,1,3,2,,1,1,5,2,2,,2,2,2,,2,,01,2,02,13,1151.7238835
5378425,1,5,1,2,1,4,3,1,5,4,,,,250000,,2,2,2,2,2,2,2,2,2,2,2,2,2,2,2,2,2,2,2,2,2,1,2,3,2,,1,1,1,1,2,,2,2,2,,2,,01,2,02,13,1298.0356893
5378426,1,2,1,2,1,4,3,1,4,4,,,,200000,,2,2,2,2,2,2,1,2,2,2,1,2,2,2,2,2,2,2,2,2,2,2,,4,2,,1,1,5,1,2,,2,2,2,,2,,01,2,02,13,2574.1286475
5378427,1,3,2,2,1,4,4,1,5,4,,,,100000,,2,2,2,2,2,2,2,2,2,2,2,2,2,2,2,2,2,2,2,2,2,1,2,4,2,,1,1,5,1,2,,2,2,2,,2,,01,2,02,13,1099.9000372
5378428,1,3,2,2,1,4,4,1,5,4,,,,100000,,2,2,2,2,2,2,1,2,2,2,2,2,2,2,2,2,2,2,2,2,2,1,2,5,2,,1,1,5,1,2,,2,2,2,,2,,01,2,02,13,1429.6095139
5378429,1,2,1,6,,4,3,1,5,1,,,99,120000,,2,2,2,2,2,2,2,2,2,2,2,2,2,2,2,2,2,2,1,2,2,1,1,3,2,,1,1,5,1,2,,2,2,2,,2,,01,2,02,13,1178.9034577
5378430,1,1,1,6,,4,3,1,5,4,,,,150000,,2,2,2,2,2,2,2,2,2,2,2,2,2,2,2,2,2,2,2,2,2,2,,8,2,,1,1,6,1,2,,2,2,2,,2,,01,2,02,13,1999.4397878
5378431,1,2,1,2,1,4,4,1,4,1,,,98,100000,,2,2,2,2,2,2,1,2,2,2,1,2,2,2,2,2,2,2,2,2,2,1,1,1,2,,1,1,5,2,1,1,2,2,2,,2,,01,2,02,13,1350.7410668
5378432,1,4,1,3,1,1,1,1,4,1,,,40000000,200000,,2,1,2,1,1,1,1,2,2,2,1,2,1,2,2,2,1,2,2,2,2,1,1,2,2,,1,1,1,4,1,1,2,2,1,2,1,1,01,2,02,05,926.20856952
5378433,1,4,3,3,1,1,1,1,4,3,,,,,230000,2,1,1,1,1,1,1,1,2,2,1,2,1,1,2,2,2,2,2,2,2,1,3,4,2,,1,1,1,2,1,2,2,2,1,2,1,1,01,2,02,05,1626.7288871
5378434,1,2,1,2,1,1,1,1,4,3,,,,,220000,2,2,2,1,1,2,1,2,2,1,1,2,2,2,2,2,2,2,2,2,2,1,1,1,1,1,1,1,1,4,1,2,2,2,1,2,1,1,01,2,02,05,1266.0809347
5378435,1,3,1,2,1,1,6,1,4,3,,,,,300000,2,2,2,2,1,1,1,2,2,2,1,2,2,2,2,2,2,2,2,2,2,1,1,1,2,,1,1,1,2,1,9,2,2,1,2,2,,01,2,02,05,1628.0832163
5378436,1,3,1,3,1,1,1,1,1,3,,,,,250000,2,1,2,2,1,1,1,2,2,2,1,2,1,2,2,2,2,2,2,2,2,1,1,1,2,,1,2,1,2,1,1,2,2,1,2,1,1,01,2,02,05,1325.1763252
5378437,1,3,2,3,1,1,1,1,4,3,,,,,200000,2,2,2,2,1,1,1,2,2,2,1,2,2,1,2,2,2,2,2,2,2,1,3,4,2,,1,1,4,2,1,0,2,2,1,2,1,1,01,2,02,05,1589.255643
5378438,1,6,1,2,1,1,1,1,4,1,,,350000000,2000000,,2,1,2,1,1,1,1,1,1,1,1,1,1,1,2,2,2,2,1,1,1,1,2,2,2,,1,1,1,4,1,1,2,2,1,2,1,1,01,2,02,05,926.20856952
5378440,1,2,2,3,1,1,1,1,4,3,,,,,100000,2,2,2,2,2,2,1,2,2,2,1,2,2,2,2,2,2,2,1,2,2,1,1,3,1,1,1,1,1,2,1,1,2,2,1,2,1,1,01,2,02,05,2719.5760267
5378441,1,2,1,3,1,1,1,1,4,3,,,,,100000,2,2,2,2,1,1,1,2,2,2,1,2,2,2,2,2,2,2,2,2,2,1,1,1,2,,1,1,1,4,1,1,2,2,1,2,1,1,01,2,02,05,1266.0809347
5378442,1,2,1,2,1,4,6,1,4,4,,,,55000,,2,2,2,2,1,1,1,2,2,2,1,2,1,2,2,2,2,2,2,2,2,1,2,2,2,,1,1,1,2,1,1,2,2,2,,2,,01,2,02,05,5764.5116179
5378443,1,6,2,3,1,4,2,1,4,1,,,60000000,300000,,2,1,2,1,1,1,1,1,2,1,1,2,1,1,2,2,2,2,2,2,2,1,3,3,2,,1,1,1,2,1,1,2,2,2,,2,,01,2,02,05,3146.9611068
5378445,1,3,1,3,1,3,6,1,4,4,,,,30000,,2,1,2,1,1,1,1,1,1,1,1,2,1,2,2,2,2,2,2,2,2,1,2,2,2,,1,1,1,2,1,1,2,2,2,,2,,01,2,02,05,3771.742306
5378446,1,2,1,2,1,4,6,5,4,4,,,,40000,,2,2,2,1,1,1,1,2,2,1,1,2,1,2,2,2,2,2,2,2,2,1,3,3,2,,1,1,1,2,1,1,2,2,2,,2,,01,2,02,05,4768.4087516
5378447,1,3,2,2,1,3,2,1,4,4,,,,200000,,2,1,2,1,1,1,1,2,2,1,1,1,1,2,2,2,2,2,1,2,2,1,1,2,1,1,1,1,1,2,1,1,2,2,2,,2,,01,2,02,05,6640.4814548
5378448,1,3,2,3,1,4,6,1,4,4,,,,40000,,2,1,2,1,1,1,1,2,2,2,1,2,1,2,2,2,2,2,1,2,2,1,2,2,2,,1,1,1,2,1,1,2,2,2,,2,,01,2,02,05,6933.4713057
5378449,1,4,3,3,1,3,2,1,4,4,,,,300000,,2,1,1,1,1,1,1,2,2,1,1,1,1,1,2,2,2,2,2,2,2,1,1,3,2,,1,1,1,2,1,1,2,2,2,,2,,01,2,02,05,6015.7002557
5378450,1,2,1,2,1,4,6,1,4,4,,,,98,,2,2,2,2,1,2,1,2,2,2,1,2,1,2,2,2,2,1,2,2,2,1,1,1,2,,1,1,5,2,1,1,2,2,2,,2,,01,2,02,05,6477.3433566
5378451,1,4,2,3,1,4,1,1,4,4,,,,150000,,2,2,2,2,1,1,1,2,2,2,2,2,2,2,2,2,2,2,2,2,2,1,2,2,2,,1,1,1,4,1,1,2,2,2,,1,1,01,2,02,05,3771.742306
5378452,1,3,3,3,1,4,1,1,5,1,,,5000000,60000,,2,2,2,2,2,1,1,2,2,2,2,2,2,2,2,2,2,1,2,2,2,1,1,4,2,,1,1,4,2,1,3,2,2,2,,1,1,01,2,02,05,5735.760837
5378453,1,4,3,2,1,4,2,1,4,4,,,,500000,,2,1,1,1,1,1,1,1,2,1,1,1,1,1,2,2,2,1,1,2,2,1,3,6,2,,1,1,1,4,1,1,2,2,2,,2,,01,2,02,05,10267.54571
5378454,1,4,1,2,1,4,2,1,4,1,,,80000000,300000,,2,1,2,2,1,1,1,2,2,1,1,1,1,2,2,2,2,2,2,2,2,1,1,1,2,,1,1,1,4,1,1,2,2,2,,2,,01,2,02,05,5155.7836771
5378455,1,2,2,2,1,4,1,1,4,4,,,,200000,,2,2,2,1,1,1,1,2,2,2,1,2,1,2,2,2,2,2,1,2,2,1,1,2,2,,1,1,1,2,1,2,2,2,2,,1,1,01,2,02,05,4007.0808192
5378456,1,3,2,3,1,4,1,1,4,4,,,,100000,,2,2,1,2,1,1,1,2,2,2,1,2,2,2,2,2,2,2,1,2,2,1,2,4,2,,1,1,1,4,1,1,2,2,2,,1,1,01,2,02,05,7816.5806885
5378457,1,3,1,2,1,4,2,1,4,4,,,,500000,,2,1,2,1,1,1,1,1,1,1,1,1,1,1,2,2,2,2,2,2,2,1,1,2,1,1,1,1,1,4,1,1,2,2,2,,2,,01,2,02,05,9830.7152767
5378458,1,3,1,2,1,4,1,1,4,1,,,98,150000,,2,2,2,1,1,1,1,2,2,2,1,2,2,2,2,2,2,2,2,2,2,1,1,1,2,,1,1,1,4,1,2,2,2,2,,1,1,01,2,02,05,4637.1740363
5378459,1,3,2,2,1,4,1,1,4,4,,,,200000,,2,2,2,1,1,1,1,1,2,2,1,2,2,2,2,2,2,2,1,2,2,1,2,3,2,,1,1,1,2,1,1,2,2,2,,1,1,01,2,02,05,8441.3618876
5378460,1,4,3,3,1,4,1,1,4,4,,,,200000,,2,1,2,1,1,1,1,2,2,2,1,2,1,2,2,2,2,2,2,2,2,1,2,5,2,,1,1,1,4,1,2,2,2,2,,1,1,01,2,02,05,9584.5495938
5378461,1,5,2,2,1,4,2,1,4,4,,,,100000,,2,1,2,1,1,1,1,2,2,1,1,1,1,2,2,2,2,1,1,2,2,1,2,3,2,,1,1,1,2,1,2,2,2,2,,2,,01,2,02,05,4615.80876
5378462,1,4,1,3,1,3,6,1,5,4,,,,100000,,2,2,2,1,1,1,1,2,2,2,1,2,1,2,2,2,2,2,2,2,2,1,2,2,2,,1,1,1,4,1,1,2,2,2,,2,,01,2,02,05,3771.742306
5378463,1,5,1,2,1,3,2,1,4,4,,,,250000,,2,1,2,1,1,1,1,2,2,1,1,1,1,1,2,2,2,2,1,2,2,1,1,2,2,,1,1,1,2,1,2,2,2,2,,2,,01,2,02,05,4007.0808192
5378464,1,2,2,6,,4,6,1,5,4,,,,98,,2,2,2,2,1,1,2,2,2,2,2,2,1,2,2,2,2,2,2,2,2,1,3,5,2,,1,2,5,1,1,1,2,2,2,,2,,01,2,02,05,3766.2271543
5378465,1,4,3,3,1,4,6,1,4,1,,,98,98,,2,2,2,2,1,1,1,2,2,2,1,2,2,2,2,2,2,2,2,2,2,1,4,5,2,,1,1,5,2,1,1,2,2,2,,2,,01,2,02,05,10030.139436
5378466,1,1,1,3,1,4,6,5,5,4,,,,50000,,2,2,2,2,2,1,1,2,2,2,2,2,2,2,2,2,2,2,2,2,2,1,1,1,2,,1,1,1,2,1,1,2,2,2,,2,,01,2,02,05,4637.1740363
5378467,1,6,3,2,1,3,2,1,4,1,,,450000000,800000,,2,1,1,1,1,1,1,1,1,1,1,1,1,1,2,2,2,1,1,1,2,1,3,4,2,,1,1,1,4,1,2,2,2,2,,2,,01,2,02,05,3750.3770297
5378468,1,3,1,3,1,4,6,1,4,4,,,,120000,,2,2,2,1,1,1,1,2,2,2,1,2,2,2,2,2,2,2,2,2,2,1,2,2,2,,1,1,1,2,1,1,2,2,2,,2,,01,2,02,05,3771.742306
5379340,1,3,2,2,1,1,1,1,3,1,,,98,150000,,2,1,2,2,2,1,1,2,2,2,1,2,2,2,2,2,1,2,2,2,2,1,1,4,1,1,1,1,1,2,1,1,1,2,1,2,1,2,01,2,02,44,1068.3111576
5379341,1,3,2,2,1,1,1,1,3,3,,,,,200000,2,1,2,2,1,2,1,2,2,2,1,2,2,2,2,2,1,1,2,2,2,1,1,4,2,,1,1,1,4,1,1,1,2,1,2,1,2,01,2,02,44,1254.4570514
5379342,1,4,4,2,1,1,1,1,3,5,,,,250000,,2,2,2,2,1,1,1,2,2,2,1,2,2,2,2,2,1,2,1,2,2,1,2,8,2,,1,1,1,2,1,1,1,2,1,2,1,2,01,2,02,44,1961.9488636
5379343,1,3,1,2,1,1,1,1,3,5,,,,250000,,2,2,2,1,1,1,1,2,2,2,1,2,2,2,2,2,1,2,2,2,2,1,1,1,2,,1,1,1,4,1,1,1,2,1,2,1,2,01,2,02,44,1061.9243728
5379344,1,1,1,2,1,1,1,1,4,5,,,,200000,,2,2,2,2,1,1,1,2,2,2,2,2,2,2,2,2,2,2,2,2,2,1,1,3,2,,1,1,1,1,1,1,2,2,1,2,1,2,01,2,02,44,1022.3191247
5379345,1,4,3,2,1,1,1,1,3,4,,,,250000,,2,1,2,1,1,1,1,2,2,2,1,2,2,2,2,2,1,2,2,2,2,1,1,3,2,,1,1,1,2,1,1,1,2,1,2,1,2,01,2,02,44,855.34368398
5379346,1,3,2,2,1,1,1,1,3,3,,,,,150000,2,1,2,2,1,1,1,2,2,2,1,2,2,2,2,2,1,2,2,2,2,1,1,4,2,,1,1,1,2,1,1,1,2,1,2,1,2,01,2,02,44,1109.4414301
5379347,1,3,2,2,1,1,1,1,3,1,,,20000000,300000,,2,1,2,1,1,1,1,2,2,2,1,2,2,1,2,2,1,1,1,2,2,1,1,3,2,,1,1,1,4,1,1,1,2,1,2,1,2,01,2,02,44,1366.0243087
5379348,1,3,2,2,1,1,1,1,3,3,,,,,200000,2,1,2,2,2,1,1,2,2,2,1,2,2,1,2,2,1,2,2,2,2,1,1,4,2,,1,1,1,2,1,1,1,2,1,2,1,2,01,2,02,44,1213.3267789
5379349,1,1,1,6,,1,1,6,,3,,,,,50000,2,2,2,2,2,2,2,2,2,2,2,2,2,2,2,2,1,2,2,2,2,2,,3,2,,1,2,1,2,1,1,2,2,1,2,1,2,01,2,02,44,1403.1444244
5379350,1,1,1,6,,1,1,1,4,4,,,,70000,,2,2,2,2,2,1,1,2,2,2,1,2,2,2,2,2,1,2,2,2,2,1,1,1,2,,1,3,1,2,1,1,2,2,1,2,1,2,01,2,02,44,894.94893209
5379351,1,4,3,2,1,4,4,1,4,4,,,,200000,,2,2,2,2,1,2,1,2,2,2,1,2,2,2,2,2,1,2,1,2,2,1,3,6,2,,1,1,8,2,1,1,2,2,2,,2,,01,2,02,50,1332.4382379
5379352,1,3,1,2,1,4,4,1,4,4,,,,150000,,2,2,2,2,1,2,1,2,2,2,1,2,2,2,2,2,2,1,2,2,2,1,1,1,2,,1,1,5,2,1,1,2,2,2,,2,,01,2,02,50,1543.0374535
5379353,1,2,1,6,,4,6,1,5,1,,,500000,98,,2,2,2,2,2,2,2,2,2,2,2,2,2,2,2,2,2,2,2,2,2,2,,1,2,,1,1,4,1,2,,2,2,2,,2,,01,2,02,13,1350.7410668
5379354,1,2,1,6,,4,6,1,5,1,,,5000000,80000,,2,2,2,2,2,2,2,2,2,2,2,2,2,2,2,2,2,2,2,2,2,1,1,6,2,,1,1,5,1,2,,2,2,2,,2,,01,2,02,13,2395.7110921
5379355,1,2,2,6,,4,6,1,5,1,,,5000000,50000,,2,2,2,2,2,1,2,2,2,2,1,2,2,2,2,2,2,2,1,2,2,2,,3,2,,1,1,5,1,2,,2,2,2,,2,,01,2,02,13,1298.0356893
5379356,1,2,1,6,,4,6,1,5,1,,,900000000,90000,,2,2,2,2,2,2,2,2,2,2,2,2,2,2,2,2,2,2,2,2,2,2,,2,2,,1,1,5,1,2,,2,2,2,,2,,01,2,02,13,1188.8712676
5379357,1,1,1,6,,4,6,1,5,1,,,4000000,50000,,2,2,2,2,2,1,2,2,2,2,1,2,2,2,2,2,1,2,1,2,2,1,2,3,2,,1,1,5,1,2,,2,2,2,,2,,01,2,02,13,1952.9078129
5379358,1,2,1,6,,4,6,1,5,4,,,,40000,,2,2,2,2,2,2,2,2,2,2,2,2,2,2,2,2,2,2,2,2,2,1,1,1,2,,1,1,5,1,2,,2,2,2,,2,,01,2,02,13,1350.7410668
5379359,1,2,2,6,,4,6,1,5,6,ADMINISTRANDOR DE LA FINCA,,,99,,2,1,2,2,2,2,2,2,2,2,2,2,2,2,2,2,2,1,2,2,2,1,2,7,2,,1,1,5,1,2,,2,2,2,,2,,01,2,02,13,1378.2189533
5379360,1,2,1,6,,4,4,1,4,4,,,,50000,,2,2,2,2,2,2,1,2,2,2,2,2,2,2,2,2,2,2,2,2,2,2,,1,2,,1,1,5,1,2,,2,2,2,,2,,01,2,02,13,1529.8226305
5379361,1,2,1,6,,4,6,1,5,1,,,4000000,50000,,2,2,2,2,2,2,2,2,2,2,2,2,2,2,2,2,2,2,2,2,2,2,,3,2,,1,1,5,1,2,,2,2,2,,2,,01,2,02,13,1301.9185109
5379362,1,4,2,6,,4,6,5,5,1,,,10000000,100000,,2,2,2,2,2,2,2,2,2,2,2,2,2,2,2,2,2,1,2,2,2,1,2,3,2,,1,1,1,2,2,,2,2,2,,2,,01,2,02,13,1335.6163591
5379371,1,4,2,2,1,3,6,1,4,3,,,,,270000,2,1,2,2,1,1,1,2,2,2,1,2,2,2,2,2,1,2,2,2,2,1,1,4,2,,1,1,1,2,1,1,2,2,2,,2,,01,2,02,13,1574.3757803
5379372,1,4,3,2,1,1,6,1,4,1,,,30000000,150000,,2,2,2,1,1,1,1,1,2,2,1,2,2,2,2,2,1,2,1,2,2,1,2,7,2,,1,1,5,2,1,1,2,2,1,1,2,,01,2,02,13,1669.7303111
5379373,1,3,1,2,1,4,6,1,4,1,,,98,100000,,2,2,2,1,1,1,1,2,2,2,1,2,2,2,2,2,2,2,2,2,2,1,1,1,2,,1,1,5,1,1,1,2,2,2,,2,,01,2,02,13,1377.9206411
5379374,1,3,2,2,1,4,6,1,5,4,,,,50000,,2,2,2,2,1,1,2,2,2,2,1,2,2,2,2,2,2,2,2,2,2,1,1,5,2,,1,1,3,1,1,1,2,2,2,,2,,01,2,02,13,1774.4902575
5379375,1,3,2,2,1,4,6,1,4,3,,,,,100000,2,2,2,2,1,1,1,2,2,2,1,2,2,2,2,2,1,2,2,2,2,1,1,4,2,,1,1,1,2,1,1,2,2,2,,2,,01,2,02,13,1919.2565239
5379376,1,2,1,6,,4,6,1,4,4,,,,50000,,2,2,2,2,1,2,2,2,2,2,2,2,2,2,2,2,1,2,2,2,2,1,1,2,2,,1,1,1,2,1,1,2,2,2,,2,,01,2,02,13,1151.2905978
5379377,1,4,2,2,1,1,6,1,4,3,,,,,200000,2,2,2,1,1,1,1,2,2,2,1,2,2,2,2,2,1,2,1,2,2,1,1,8,2,,1,1,1,2,1,1,2,2,1,1,2,,01,2,02,13,1873.7892823
5379378,1,2,1,2,1,4,6,1,4,1,,,99,100000,,2,2,2,2,1,1,1,2,2,2,1,2,2,2,2,2,2,2,2,2,2,1,1,2,2,,1,1,5,1,1,1,2,2,2,,2,,01,2,02,13,963.12275559
5379379,1,3,1,6,,4,6,1,5,3,,,,,60000,2,2,2,2,2,2,2,2,2,2,1,2,2,2,2,2,1,2,2,2,2,1,2,2,2,,1,1,5,2,1,1,2,2,2,,2,,01,2,02,13,1308.0034992
5379380,1,2,1,2,1,4,6,1,5,3,,,,,200000,2,2,2,1,1,1,1,2,2,2,1,2,2,2,2,2,2,2,2,2,2,1,1,1,2,,1,1,5,1,1,1,2,2,2,,2,,01,2,02,13,1529.8226305
5379381,1,3,1,6,,4,6,1,5,3,,,,,50000,2,2,2,2,2,2,2,2,2,2,1,2,2,2,2,2,1,2,2,2,2,1,1,1,2,,1,1,1,4,1,1,2,2,2,,2,,01,2,02,13,1529.8226305
5379393,1,3,1,2,1,4,6,1,4,1,,,30000000,150000,,2,2,2,2,1,1,1,2,2,2,1,2,2,2,2,2,1,2,1,2,2,1,1,5,2,,1,1,1,2,1,1,2,2,2,,2,,01,2,02,13,1774.4902575
5379394,1,3,2,2,1,4,1,1,4,1,,,98,100000,,2,2,2,2,1,1,1,2,2,2,1,2,2,2,2,2,2,2,2,2,2,2,,2,2,,1,1,1,2,1,1,2,2,2,,1,2,01,2,02,13,1367.9528312
5379395,1,2,1,6,,4,6,1,4,1,,,15000000,40000,,2,2,2,2,1,1,2,2,2,2,2,2,2,2,2,2,1,2,2,2,2,1,1,3,2,,1,1,5,2,1,1,2,2,2,,2,,01,2,02,13,953.15494573
5379396,1,3,2,2,1,4,1,1,4,1,,,98,100000,,2,2,2,2,1,1,1,1,2,2,1,2,2,2,2,2,1,2,1,2,2,1,2,3,2,,1,1,1,2,1,1,2,2,2,,1,2,01,2,02,13,1178.9034577
5379397,1,3,2,2,1,4,1,1,4,1,,,30000000,150000,,2,2,2,2,1,1,1,2,2,2,1,2,2,2,2,2,1,2,1,2,2,1,2,4,2,,1,1,1,2,1,1,2,2,2,,1,2,01,2,02,13,1282.8644224
5379398,1,3,2,2,1,4,1,1,4,1,,,30000000,160000,,2,2,2,2,1,1,1,2,2,2,1,1,2,2,2,2,2,2,2,2,2,1,1,3,2,,1,1,1,2,1,1,2,2,2,,1,2,01,2,02,13,774.07338208
5379399,1,2,1,2,1,4,4,1,5,3,,,,,150000,2,2,2,2,1,1,1,2,2,2,2,2,2,2,2,2,2,2,2,2,2,1,1,3,2,,1,1,1,2,1,1,2,2,2,,1,2,01,2,02,13,1481.0000746
5379400,1,3,1,2,1,4,3,1,4,1,,,99,150000,,2,2,2,2,1,1,1,2,2,2,1,2,2,2,2,2,1,2,2,2,2,1,1,2,2,,1,1,1,2,1,1,2,2,2,,2,,01,2,02,13,1188.8712676
5379401,1,2,1,2,1,4,6,1,5,1,,,98,100000,,2,2,2,2,2,2,1,2,2,2,1,2,2,2,2,2,1,2,2,2,2,2,,1,2,,1,1,1,2,1,1,2,2,2,,2,,01,2,02,13,1350.7410668
5379402,1,3,1,6,,4,1,1,5,3,,,,,80000,2,2,2,2,1,1,1,2,2,2,1,2,2,2,2,2,2,2,2,2,2,1,1,3,2,,1,1,5,2,1,1,2,2,2,,1,2,01,2,02,13,1772.5114324
5379403,1,3,1,2,1,4,1,1,4,1,,,98,100000,,2,1,1,1,1,1,1,2,2,2,1,2,2,2,2,2,2,2,2,2,2,1,2,2,2,,1,1,1,4,1,1,2,2,2,,1,2,01,2,02,13,1188.8712676
5379404,1,3,2,2,1,4,3,1,4,4,,,,150000,,2,2,2,1,1,1,1,2,2,2,1,2,2,2,2,2,1,2,1,2,2,1,2,3,2,,1,1,1,2,1,1,2,2,2,,2,,01,2,02,13,1335.6163591
5379424,1,3,1,3,1,3,4,1,4,1,,,18000000,200000,,2,1,2,2,1,1,1,2,2,2,1,2,2,2,2,2,2,2,2,2,2,1,1,2,2,,1,1,5,2,1,1,2,2,2,,2,,01,2,02,18,340.0982279
5379425,1,3,2,1,1,3,1,1,4,4,,,,200000,,2,2,2,2,2,1,1,2,2,2,2,2,2,2,2,2,2,2,2,2,2,1,1,3,2,,1,1,1,4,1,1,2,1,2,,1,2,01,2,02,18,582.61491218
5379426,1,4,2,3,1,3,1,1,4,1,,,7000000,150000,,2,1,2,2,1,1,1,2,2,2,1,2,2,2,2,2,2,2,1,2,2,1,1,3,2,,1,1,5,3,1,1,2,2,2,,1,2,01,2,02,18,271.46667558
5379427,1,3,2,1,1,3,1,1,4,3,,,,,200000,2,2,2,2,1,1,1,2,2,2,2,2,2,2,2,2,2,2,2,2,2,1,1,4,2,,1,1,5,3,1,1,2,1,2,,1,2,01,2,02,18,449.8762971
5379428,1,3,2,3,1,3,1,1,4,1,,,20000000,170000,,2,2,2,2,1,1,1,2,2,2,2,2,2,2,2,2,2,2,2,2,2,1,1,2,2,,1,1,1,2,1,1,2,2,2,,1,2,01,2,02,18,340.0982279
5379429,1,1,1,3,1,3,1,2,4,1,,,5000000,50000,,2,2,2,2,2,1,1,2,2,2,1,2,2,2,2,2,2,2,2,2,2,1,2,4,2,,1,1,5,2,1,1,2,2,2,,1,2,01,2,02,18,597.3250842
5379430,1,3,2,3,1,3,1,1,4,3,,,,,100000,2,2,2,2,1,1,1,2,2,2,1,2,2,2,2,2,2,2,1,2,2,1,2,5,2,,1,1,5,2,1,1,2,2,2,,1,2,01,2,02,18,638.45416848
5379431,1,3,1,3,1,3,1,1,4,3,,,,,80000,2,2,2,2,2,1,1,2,2,2,2,2,2,2,2,2,2,2,2,2,2,1,1,1,2,,1,1,5,2,1,1,2,2,2,,1,2,01,2,02,18,584.06243544
5379432,1,5,2,1,1,3,1,1,4,1,,,15000000,150000,,2,2,2,2,1,1,1,2,2,2,1,2,2,2,2,2,2,2,2,2,2,1,1,3,2,,1,1,1,2,1,1,2,1,2,,1,2,01,2,02,18,271.46667558
5379433,1,3,2,1,1,3,1,1,4,1,,,15000000,90000,,2,2,2,2,1,1,1,2,2,2,2,2,2,2,2,2,2,2,2,2,2,2,,4,2,,1,1,5,2,1,1,2,1,2,,1,2,01,2,02,18,271.46667558
5379434,1,5,1,1,1,3,1,1,4,3,,,,,200000,2,2,2,2,1,1,1,2,2,2,1,2,2,1,2,2,2,2,2,2,2,1,1,1,2,,1,1,1,2,1,1,2,1,2,,1,2,01,2,02,18,320.18963134
5379435,1,4,1,1,1,3,1,1,4,1,,,32000000,200000,,2,1,2,2,2,1,1,2,2,2,1,2,1,2,2,2,2,1,2,2,2,1,1,1,2,,1,1,1,4,1,1,2,1,2,,1,2,01,2,02,18,418.13425846
5379436,1,3,1,1,1,3,1,1,4,1,,,18000000,120000,,2,2,2,2,2,2,1,2,2,2,2,2,2,2,2,2,2,2,2,2,2,2,,1,2,,1,2,1,2,1,1,2,1,2,,1,2,01,2,02,18,464.89732059
5379437,1,3,1,1,1,3,1,1,4,4,,,,150000,,2,1,2,2,2,2,1,2,2,2,1,2,2,2,2,2,2,2,2,2,2,1,1,1,1,3,1,1,1,4,1,1,2,1,2,,1,2,01,2,02,18,584.06243544
5379438,1,3,1,1,1,3,1,1,4,3,,,,,150000,2,2,2,2,2,1,1,2,2,2,1,2,2,2,2,2,2,2,1,2,2,1,1,2,2,,1,2,1,2,1,1,2,1,2,,1,2,01,2,02,18,361.31871563
5379439,1,1,1,1,1,3,1,6,,4,,,,50000,,2,2,2,2,2,2,2,2,2,2,1,2,2,2,2,2,2,2,2,2,2,1,1,1,2,,1,2,1,4,1,1,2,1,2,,1,2,01,2,02,18,597.82238575
5379440,1,4,2,1,1,3,1,1,4,4,,,,400000,,2,2,1,1,1,1,2,2,2,2,1,2,2,2,2,2,1,2,1,2,2,1,3,3,2,,1,1,1,4,1,1,2,1,2,,1,2,01,2,02,18,304.98215777
5379441,1,4,3,1,1,3,1,1,4,1,,,25000000,100000,,2,2,2,2,1,1,1,2,2,2,1,2,2,2,2,2,2,2,2,2,2,1,2,6,2,,1,1,1,4,1,1,2,1,2,,1,2,01,2,02,18,349.33921037
5379443,1,5,3,1,1,3,1,1,4,4,,,,300000,,2,1,2,2,1,1,1,2,2,2,1,2,2,2,2,2,2,1,2,2,2,1,1,5,2,,1,1,1,4,1,1,2,1,2,,1,2,01,2,02,18,414.76022697
5379444,1,6,1,1,1,3,1,1,4,1,,,30000000,250000,,2,2,2,2,1,1,1,2,2,2,1,2,2,2,2,2,2,2,2,2,2,1,1,1,2,,1,1,1,2,1,1,2,1,2,,1,2,01,2,02,18,418.13425846
5379445,1,1,1,1,1,3,1,2,4,1,,,6000000,100000,,2,2,2,2,1,1,2,2,2,2,1,2,1,2,2,2,2,2,2,2,2,1,1,2,2,,1,1,5,2,1,1,2,1,2,,1,2,01,2,02,18,271.46667558
5379446,1,1,1,1,1,3,1,1,4,3,,,,,80000,2,2,2,2,2,2,1,2,2,2,2,2,2,2,2,2,2,2,2,2,2,1,1,3,2,,1,1,1,2,1,1,2,1,2,,1,2,01,2,02,18,1085.8667023
5379447,1,2,1,1,1,3,1,1,4,1,,,2000000,50000,,2,2,2,2,1,1,2,2,2,2,2,2,2,2,2,2,2,2,2,2,2,2,,1,2,,1,1,5,2,1,1,2,1,2,,1,2,01,2,02,18,464.89732059
5379448,1,4,2,1,1,3,1,1,5,1,,,15000000,100000,,2,1,2,2,2,2,1,2,2,2,1,2,2,2,2,2,2,2,2,2,2,1,1,2,2,,1,1,5,2,1,1,2,1,2,,1,2,01,2,02,18,519.78635519
5379449,1,3,1,1,1,3,1,1,4,1,,,6000000,50000,,2,2,2,2,1,2,1,2,2,2,1,2,2,2,2,2,2,2,2,2,2,1,1,1,2,,1,1,5,3,1,1,2,1,2,,1,2,01,2,02,18,584.06243544
5379450,1,2,1,1,1,3,1,1,4,4,,,,80000,,2,2,2,2,2,2,1,2,2,2,2,2,2,2,2,2,2,2,2,2,2,1,1,4,2,,1,1,5,2,1,1,2,1,2,,1,2,01,2,02,18,597.3250842
5379451,1,4,1,2,1,4,4,1,5,4,,,,150000,,2,2,2,2,2,1,1,2,2,2,1,2,2,2,2,2,2,2,2,2,2,1,1,2,2,,1,1,1,4,1,1,2,2,2,,2,,01,2,02,18,506.02640488
5379452,1,3,2,2,1,4,3,1,5,1,,,5000000,120000,,2,2,2,2,1,1,1,2,2,2,1,2,2,2,2,2,2,2,1,2,2,1,2,5,2,,1,1,5,2,1,1,2,2,2,,2,,01,2,02,18,759.71057985
5379453,1,4,2,2,1,4,3,1,4,4,,,,300000,,2,2,2,2,1,1,1,2,2,2,1,2,2,2,2,2,2,2,1,2,2,1,1,3,2,,1,1,1,4,1,1,2,2,2,,2,,01,2,02,18,416.20775023
5379454,1,1,1,2,1,4,3,1,4,4,,,,100000,,2,2,2,2,2,2,1,2,2,2,1,2,2,2,2,2,2,2,2,2,2,1,1,3,2,,1,1,5,2,1,1,2,2,2,,2,,01,2,02,18,806.30885369
5379455,1,3,2,2,1,4,3,1,5,1,,,3000000,100000,,2,2,2,2,1,1,1,2,2,2,1,2,2,2,2,2,2,2,1,2,2,1,1,5,2,,1,1,5,1,1,1,2,2,2,,2,,01,2,02,18,928.70193685
5379456,1,3,1,2,1,4,3,1,5,1,,,7000000,150000,,2,2,2,2,1,1,1,2,2,2,1,2,2,2,2,2,2,2,2,2,2,1,1,4,2,,1,1,1,2,1,1,2,2,2,,2,,01,2,02,18,597.3250842
5379457,1,3,1,2,1,4,2,1,5,4,,,,100000,,2,2,2,2,1,1,1,2,2,2,1,2,1,2,2,2,2,2,2,2,2,1,1,1,2,,1,1,5,2,1,1,2,2,2,,2,,01,2,02,18,597.82238575
5379458,1,2,1,2,1,4,4,1,5,1,,,5000000,150000,,2,2,2,2,1,1,1,2,2,2,1,2,2,2,2,2,2,2,2,2,2,1,2,3,2,,1,1,5,2,1,1,2,2,2,,2,,01,2,02,18,416.20775023
5379459,1,3,2,3,1,4,6,1,5,1,,,2000000,50000,,2,2,2,2,2,2,1,2,2,2,2,2,2,2,2,2,2,2,1,2,2,1,1,5,2,,1,1,5,1,2,,2,2,2,,2,,01,2,02,18,638.45416848
5379460,1,1,1,2,1,4,4,1,5,4,,,,80000,,2,2,2,2,2,2,2,2,2,2,2,2,2,2,2,2,2,2,2,2,2,1,1,1,2,,1,1,5,2,1,1,2,2,2,,2,,01,2,02,18,418.13425846
5379461,1,4,1,3,1,4,2,1,4,4,,,,100000,,2,2,2,2,1,2,1,2,2,2,2,2,2,2,2,2,2,2,2,2,2,2,,3,2,,1,1,1,2,1,1,2,2,2,,2,,01,2,02,18,941.32521538
5379462,1,3,2,2,1,4,2,1,5,1,,,5000000,100000,,2,2,2,2,2,1,1,2,2,2,2,2,2,2,2,2,2,2,2,2,2,1,1,8,2,,1,1,5,3,1,1,2,2,2,,2,,01,2,02,18,1046.8768516
5379463,1,4,2,2,1,4,3,1,4,3,,,,,150000,2,2,2,1,1,1,1,2,2,2,1,2,2,2,2,2,2,2,2,2,2,1,2,3,2,,1,1,1,2,1,1,2,2,2,,2,,01,2,02,18,416.20775023
5379464,1,2,1,2,1,4,2,1,5,4,,,,50000,,2,2,2,2,2,2,1,2,2,2,2,2,2,2,2,2,2,2,1,2,2,1,1,3,2,,1,1,5,3,1,1,2,2,2,,2,,01,2,02,18,806.30885369
5379465,1,7,2,2,1,4,3,1,4,4,,,,150000,,2,2,2,2,1,1,1,2,2,2,1,2,2,2,2,2,2,2,1,2,2,1,1,5,2,,1,1,1,2,1,1,2,2,2,,2,,01,2,02,18,1085.8667023
5379466,1,2,1,2,1,4,2,1,5,4,,,,60000,,2,2,2,2,2,1,2,2,2,2,2,2,2,2,2,2,2,2,2,2,2,2,,2,2,,1,1,5,3,1,1,2,2,2,,2,,01,2,02,18,340.0982279
5379467,1,3,2,2,1,4,4,1,5,1,,,3000000,100000,,2,2,2,2,2,2,1,2,2,2,1,2,2,2,2,2,2,2,2,2,2,1,1,3,2,,1,1,5,1,1,1,2,2,2,,2,,01,2,02,18,520.7365769
5379468,1,3,2,2,1,4,2,1,5,1,,,2000000,100000,,2,2,2,2,1,1,1,2,2,2,2,2,2,2,2,2,2,2,2,2,2,1,1,4,2,,1,1,5,2,1,1,2,2,2,,2,,01,2,02,18,607.35590311
5379469,1,4,1,2,1,4,4,1,4,4,,,,100000,,2,2,2,2,1,2,1,2,2,2,1,2,2,2,2,2,2,2,2,2,2,1,1,2,2,,1,1,1,2,1,1,2,2,2,,2,,01,2,02,18,340.0982279
5379470,1,3,1,2,1,4,2,1,5,4,,,,100000,,2,2,2,2,1,1,1,2,2,2,2,2,2,2,2,2,2,2,2,2,2,1,1,1,2,,1,1,1,4,1,1,2,2,2,,2,,01,2,02,18,418.13425846
5379471,1,4,3,2,1,4,3,1,4,1,,,20000000,200000,,2,2,2,1,1,1,1,2,2,2,1,2,2,2,2,2,1,2,2,2,2,1,3,5,2,,1,1,1,4,1,1,2,2,2,,2,,01,2,02,18,527.22857602
5379472,1,3,2,3,1,4,6,1,5,1,,,5000000,100000,,2,2,2,2,2,1,1,2,2,2,2,2,2,2,2,2,2,2,2,2,2,1,1,4,2,,1,1,5,1,1,1,2,2,2,,2,,01,2,02,18,873.81290225
5379473,1,3,1,2,1,4,2,1,5,1,,,17000000,100000,,2,2,2,2,1,1,1,2,2,2,2,2,2,2,2,2,2,2,2,2,1,1,1,1,2,,1,1,1,2,1,1,2,2,2,,2,,01,2,02,18,464.89732059
5379474,1,4,1,2,1,3,2,1,4,1,,,75000000,200000,,2,1,1,1,1,1,1,2,2,2,1,2,2,2,2,2,2,2,2,1,1,1,1,1,2,,1,1,1,4,1,1,2,2,2,,2,,01,2,02,18,418.13425846
5379475,1,3,2,2,1,4,2,1,4,1,,,45000000,150000,,2,2,1,1,1,1,1,2,2,2,1,2,2,2,2,2,2,2,1,2,1,1,2,4,2,,1,1,1,2,1,1,2,2,2,,2,,01,2,02,18,359.87119237
5379476,1,3,1,2,1,3,2,1,4,4,,,,200000,,2,2,2,2,1,1,1,2,2,2,1,2,2,2,2,2,2,2,2,2,2,1,2,3,2,,1,1,1,2,1,1,2,2,2,,2,,01,2,02,18,427.99037432
5379477,1,3,2,2,1,3,2,1,4,4,,,,120000,,2,2,2,2,2,1,1,2,2,2,1,2,2,2,2,2,2,2,1,2,2,1,1,4,2,,1,1,1,2,1,1,2,2,2,,2,,01,2,02,18,271.46667558
5379478,1,4,1,2,1,3,2,1,4,1,,,79000000,160000,,2,2,2,1,1,1,1,2,2,2,1,2,2,2,2,2,2,2,1,2,1,1,1,2,2,,1,1,1,4,1,1,2,2,2,,2,,01,2,02,18,271.46667558
5379479,1,3,1,2,1,4,2,1,5,1,,,40000000,250000,,2,1,2,2,1,1,1,2,2,2,1,2,2,2,2,2,2,2,2,2,2,1,2,2,2,,1,1,1,2,1,1,2,2,2,,2,,01,2,02,18,340.0982279
5379480,1,3,2,2,1,4,6,1,4,2,,500000,30000000,250000,,2,2,1,2,1,1,1,2,2,2,1,2,2,2,2,2,2,2,1,2,2,1,3,4,2,,1,1,1,2,1,1,2,2,2,,2,,01,2,02,18,816.04713771
5379481,1,3,2,2,1,4,2,1,4,2,,300000,63000000,600000,,2,1,1,1,1,1,1,2,2,2,1,2,2,2,2,2,2,2,1,1,2,1,1,2,2,,1,1,1,2,1,1,2,2,2,,2,,01,2,02,18,361.31871563
5379482,1,2,1,2,1,4,4,1,4,3,,,,,100000,2,1,2,2,1,1,1,2,2,2,1,2,2,2,2,2,2,2,1,2,2,1,2,3,2,,1,1,1,2,1,1,2,2,2,,2,,01,2,02,18,806.30885369
5379483,1,2,1,2,1,4,6,1,4,3,,,,,300000,2,1,2,2,1,1,1,2,2,2,1,2,2,2,2,2,2,2,1,2,2,1,3,4,2,,1,1,1,2,1,1,2,2,2,,2,,01,2,02,18,271.46667558
5379484,1,5,4,3,1,4,6,1,4,1,,,20000000,600000,,2,1,2,2,1,1,1,2,2,2,1,2,2,2,2,2,2,2,2,1,2,1,2,5,2,,1,1,1,2,1,1,2,2,2,,2,,01,2,02,18,316.14964847
5379485,1,3,2,2,1,4,6,1,5,4,,,,150000,,2,1,2,2,1,1,1,2,2,2,1,2,2,2,2,2,2,2,2,2,2,1,2,3,2,,1,1,1,2,1,1,2,2,2,,2,,01,2,02,18,416.20775023
5379486,1,3,2,2,1,4,6,1,5,1,,,60000000,300000,,2,1,2,1,1,1,1,2,2,2,1,2,2,2,2,2,2,2,1,2,2,1,3,4,2,,1,1,1,2,1,1,2,2,2,,2,,01,2,02,18,538.89336828
5379487,1,3,2,2,1,4,6,1,5,1,,,40000000,200000,,2,1,2,2,1,1,1,2,2,2,1,2,2,2,2,2,2,2,1,2,2,1,2,4,2,,1,1,1,2,1,1,2,2,2,,2,,01,2,02,18,316.95123194
5379488,1,5,2,3,1,4,6,1,4,4,,,,250000,,2,1,2,2,1,1,1,2,2,2,1,2,2,2,2,2,2,2,2,2,2,1,1,4,2,,1,1,1,2,1,1,2,2,2,,2,,01,2,02,18,1085.8667023
5379489,1,3,2,2,1,4,6,1,5,4,,,,100000,,2,1,1,2,1,1,1,2,2,2,1,2,2,2,2,2,2,2,1,2,2,1,1,2,2,,1,1,1,2,1,1,2,2,2,,2,,01,2,02,18,375.07866594
5379490,1,4,2,2,1,4,6,1,4,1,,,45000000,200000,,2,1,2,1,2,1,1,2,2,2,1,2,2,2,2,2,2,2,2,2,2,1,3,5,2,,1,1,1,2,1,1,2,2,2,,2,,01,2,02,18,303.53463451
5379491,1,2,1,2,1,4,6,1,4,4,,,,150000,,2,1,2,2,1,1,1,2,2,2,1,2,2,2,2,2,2,2,1,2,2,1,2,2,2,,1,1,1,2,1,1,2,2,2,,2,,01,2,02,18,527.72587758
5379492,1,3,2,2,1,4,6,1,4,4,,,,300000,,2,1,2,2,1,1,1,2,2,2,1,2,2,2,2,2,2,2,1,2,2,1,2,3,2,,1,1,1,2,1,1,2,2,2,,2,,01,2,02,18,271.46667558
5379493,1,3,2,2,1,5,4,1,5,4,,,,150000,,2,1,2,2,1,1,1,2,2,2,1,2,2,2,2,2,2,2,2,2,2,1,2,5,2,,1,1,1,2,1,1,2,2,2,,2,,01,2,02,18,414.76022697
5379494,1,3,2,2,1,3,6,1,4,1,,,48000000,250000,,2,1,2,2,1,2,1,2,2,2,1,2,2,2,2,2,2,2,2,2,2,1,2,4,2,,1,1,1,2,2,,2,2,2,,2,,01,2,02,18,816.04713771
5379495,1,3,2,2,1,4,6,1,5,4,,,,350000,,2,1,2,2,2,1,1,2,2,2,1,2,2,2,2,2,2,2,2,2,2,1,3,6,2,,1,1,1,2,1,1,2,2,2,,2,,01,2,02,18,1085.8667023
5379496,1,2,1,2,1,3,2,1,5,4,,,,120000,,2,2,2,2,2,2,1,2,2,2,2,2,2,2,2,2,2,2,2,2,2,2,,1,2,,1,1,1,2,1,1,2,2,2,,2,,01,2,02,18,418.13425846
5379497,1,4,2,2,1,3,6,1,4,4,,,,90000,,2,2,2,1,1,1,1,2,2,2,2,2,1,2,2,2,2,2,1,2,2,1,2,4,2,,1,1,5,2,1,1,2,2,2,,2,,01,2,02,18,704.82154525
5379498,1,4,1,2,1,3,6,1,4,1,,,12000000,80000,,2,1,2,2,1,1,1,2,2,2,1,2,2,2,2,2,2,2,2,2,1,1,1,1,2,,1,1,5,2,1,1,2,2,2,,2,,01,2,02,18,597.82238575
5379499,1,5,2,2,1,4,2,1,4,4,,,,80000,,2,2,2,2,2,2,1,2,2,2,2,2,2,2,2,2,2,2,2,2,2,1,1,2,2,,1,1,5,2,1,1,2,2,2,,2,,01,2,02,18,361.7977006
5379500,1,3,1,2,1,3,6,1,4,1,,,15000000,50000,,2,1,2,2,1,1,1,2,2,2,1,2,2,2,2,2,2,2,2,2,1,1,1,1,2,,1,1,1,2,1,1,2,2,2,,2,,01,2,02,18,418.13425846
5379501,1,2,1,2,1,3,2,1,4,4,,,,130000,,2,2,2,2,2,2,1,2,2,2,2,2,2,2,2,2,2,2,2,2,2,1,3,3,2,,1,1,1,2,1,1,2,2,2,,2,,01,2,02,18,271.46667558
5379502,1,3,2,2,1,3,2,1,5,4,,,,130000,,2,2,2,2,2,1,1,2,2,2,2,2,2,2,2,2,2,2,2,2,2,1,1,4,2,,1,1,1,2,1,1,2,2,2,,2,,01,2,02,18,1085.8667023
5379503,1,4,3,2,1,3,4,1,4,1,,,16000000,70000,,2,2,2,1,1,1,1,2,2,2,1,2,2,2,2,2,2,2,1,2,1,1,3,4,2,,1,1,5,2,1,1,2,2,2,,2,,01,2,02,18,271.46667558
5379504,1,5,3,2,1,4,2,1,5,4,,,,150000,,2,2,2,1,1,1,1,2,2,2,1,2,2,2,2,2,2,2,1,2,2,1,2,5,2,,1,1,1,2,1,1,2,2,2,,2,,01,2,02,18,580.02245256
5379505,1,5,3,2,1,3,2,1,4,4,,,,80000,,2,2,2,2,2,1,1,2,2,2,1,2,2,2,2,2,1,2,2,2,2,1,1,8,2,,1,1,1,2,1,1,2,2,2,,2,,01,2,02,18,857.15790542
5379506,1,4,1,2,1,3,2,1,4,1,,,16000000,180000,,2,2,2,1,1,1,1,2,2,2,1,2,2,2,2,2,2,2,1,2,1,1,2,2,2,,1,1,1,2,1,1,2,2,2,,2,,01,2,02,18,340.0982279
5379507,1,5,3,3,1,4,4,1,5,4,,,,200000,,2,1,2,2,1,1,1,2,2,2,1,2,2,2,2,2,2,2,2,2,2,1,2,7,2,,1,1,1,2,1,1,2,2,2,,2,,01,2,02,18,1734.7959067
5379508,1,2,1,2,1,4,4,1,4,1,,,35000000,150000,,2,2,2,2,2,2,1,2,2,2,2,2,2,2,2,2,2,2,2,2,2,1,1,5,2,,1,1,1,2,1,9,2,2,2,,2,,01,2,02,18,2619.065271
5379509,1,3,2,2,1,4,4,1,5,4,,,,250000,,2,1,2,2,1,1,1,2,2,2,1,2,2,2,2,2,2,2,1,2,2,1,2,5,2,,1,1,1,2,1,1,2,2,2,,2,,01,2,02,18,1894.7503262
5379510,1,3,2,2,1,4,4,1,5,1,,,30000000,160000,,2,2,2,2,2,2,1,2,2,2,2,2,2,2,2,2,2,2,1,2,2,1,2,3,2,,1,1,5,2,2,,2,2,2,,2,,01,2,02,18,739.30041567
5379511,1,3,2,2,1,4,4,1,4,4,,,,200000,,2,1,2,2,1,1,1,2,2,2,1,2,2,2,2,2,2,2,2,2,2,1,2,5,2,,1,1,1,2,1,1,2,2,2,,2,,01,2,02,18,1766.0555194
5379512,1,4,3,2,1,3,6,1,5,4,,,,70000,,2,2,2,2,1,1,1,2,2,2,1,2,2,2,2,2,2,2,2,2,2,1,2,4,2,,1,1,1,2,1,1,2,2,2,,2,,01,2,02,18,1017.5306362
5379513,1,4,3,2,1,3,4,1,5,3,,,,,100000,2,2,2,2,1,1,1,2,2,2,1,2,2,2,2,2,2,2,2,2,1,1,4,5,2,,1,1,5,2,1,1,2,2,2,,2,,01,2,02,18,1582.7257297
5379514,1,3,1,2,1,3,3,1,5,1,,,36000000,200000,,2,2,2,2,1,1,1,2,2,2,1,2,1,2,2,2,1,2,1,2,1,1,2,3,2,,1,1,1,2,1,1,2,2,2,,2,,01,2,02,18,2466.995094
5379515,1,4,3,2,1,3,2,1,5,3,,,,,200000,2,2,2,2,1,1,1,2,2,2,1,2,2,2,2,2,2,2,1,2,2,1,2,6,2,,1,1,1,2,1,1,2,2,2,,2,,01,2,02,18,2044.2327111
5379516,1,4,3,2,1,3,3,1,5,4,,,,90000,,2,2,2,2,1,1,1,2,2,2,1,2,1,2,2,2,2,2,1,2,2,1,3,5,2,,1,1,1,2,1,1,2,2,2,,2,,01,2,02,18,2371.8693016
5381937,1,3,1,1,1,1,1,1,3,1,,,30000000,150000,,2,1,1,2,1,2,1,2,2,2,1,2,2,2,2,2,1,2,2,2,2,1,1,2,2,,1,1,1,2,1,1,1,1,1,2,1,2,01,2,02,44,916.22938036
5382084,1,3,2,2,1,4,5,1,4,4,,,,400000,,2,2,2,2,1,1,1,2,2,2,1,2,1,2,2,2,1,2,2,2,2,1,1,11,2,,1,1,1,2,1,0,2,2,2,,2,,01,2,02,47,2890.4984387
5382087,1,4,3,2,1,4,9,5,5,4,,,,200000,,2,2,2,2,1,1,2,2,2,2,1,2,2,2,2,2,1,2,2,2,2,1,1,5,2,,1,1,1,2,1,0,2,2,2,,2,,01,2,02,47,1998.4740944
5382089,1,3,2,6,,4,9,2,5,5,,,,300000,,2,2,2,2,1,2,2,2,2,2,1,2,2,2,2,2,1,1,2,2,2,1,1,5,2,,1,1,8,1,1,0,2,2,2,,2,,01,2,02,47,3986.2074332
5382090,1,4,1,2,1,4,5,5,5,1,,,40000000,350000,,2,2,2,2,1,1,2,2,2,2,1,2,2,2,2,2,1,2,1,2,1,1,1,2,2,,1,1,1,2,1,0,2,2,2,,2,,01,2,02,47,2107.2294925
5382092,1,2,1,2,1,4,4,5,5,1,,,20000000,250000,,2,2,2,2,2,2,2,2,2,2,2,2,2,2,2,2,1,2,1,2,2,1,1,1,2,,1,1,1,2,1,0,2,2,2,,2,,01,2,02,47,2711.5529268
5382093,1,1,1,6,,3,9,5,5,5,,,,200000,,2,2,2,2,2,2,2,2,2,2,1,2,2,2,2,2,1,2,1,2,2,2,,3,2,,1,1,4,1,1,0,2,2,2,,2,,01,2,02,47,3739.2231675
5382094,1,2,1,2,1,4,4,5,5,1,,,15000000,200000,,2,2,2,2,2,1,2,2,2,2,2,2,1,2,2,2,1,2,2,2,2,1,1,1,2,,1,1,1,2,1,0,2,2,2,,2,,01,2,02,47,2058.2867395
5382095,1,3,2,2,1,4,9,1,3,5,,,,230000,,2,2,2,1,1,1,1,2,2,2,1,2,2,2,2,2,1,2,2,2,2,1,1,6,2,,1,1,1,2,1,0,1,2,2,,2,,01,2,02,47,2794.0290977
5382177,1,3,1,2,1,1,1,1,1,4,,,,200000,,2,2,2,2,2,1,1,2,2,2,1,2,2,2,2,2,1,2,2,2,2,2,,1,2,,1,1,1,2,1,1,2,2,1,1,1,2,01,2,02,47,2442.3123784
5382178,1,2,1,6,,3,1,1,3,5,,,,200000,,2,2,2,2,1,2,1,2,2,2,1,2,2,2,2,2,1,2,2,2,2,1,1,5,2,,1,1,5,4,1,1,1,2,2,,1,2,01,2,02,47,4827.1977965
5382179,1,2,1,2,1,1,1,1,4,3,,,,,150000,2,2,2,2,1,1,1,2,2,2,1,2,2,2,2,2,1,2,2,2,2,1,1,5,2,,1,1,1,4,1,1,2,2,1,1,1,2,01,2,02,47,2439.3337326
5382180,1,4,3,2,1,3,1,1,3,5,,,,200000,,2,2,2,1,1,1,1,2,2,2,1,2,1,2,2,2,1,2,2,2,2,2,,4,2,,1,1,1,4,1,1,1,2,2,,1,2,01,2,02,47,3124.0421099
5382181,1,3,2,6,,3,1,1,3,5,,,,200000,,2,2,2,1,2,2,1,2,2,2,1,2,2,2,2,2,1,2,2,2,2,1,1,4,2,,1,1,5,1,1,1,1,2,2,,1,2,01,2,02,47,3124.0421099
5382182,1,2,1,6,,3,1,5,3,5,,,,98,,2,2,2,2,2,1,1,2,2,2,1,2,2,2,2,2,1,1,2,2,2,1,1,5,2,,1,1,8,1,1,1,1,2,2,,1,1,01,2,02,47,2439.3337326
5382183,1,3,2,3,1,2,1,1,4,3,,,,,180000,2,2,2,2,1,1,1,2,2,2,1,2,2,2,2,2,1,2,1,2,2,1,4,5,2,,1,1,1,4,1,1,2,2,2,,1,2,01,2,02,47,1602.8950608
5382184,1,3,2,2,1,1,1,1,5,5,,,,200000,,2,2,2,1,1,1,1,2,2,2,1,2,2,2,2,2,2,2,2,2,2,2,,2,2,,1,1,1,2,1,1,2,2,1,1,1,2,01,2,02,47,2107.2294925
5382185,1,1,1,2,1,1,1,6,,5,,,,200000,,2,2,2,2,1,2,1,2,2,2,1,2,2,2,2,2,1,2,1,2,2,1,1,5,2,,1,2,1,2,1,1,2,2,1,1,1,2,01,2,02,47,3098.6873045
5382186,1,4,2,2,1,3,1,4,3,3,,,,,150000,2,2,2,2,1,2,1,2,2,2,1,2,2,2,2,2,1,2,2,2,2,1,2,3,2,,1,1,1,2,1,1,1,2,2,,1,2,01,2,02,47,2625.0167873
5382187,1,3,2,3,1,1,1,1,4,1,,,20000000,180000,,2,1,2,1,1,1,1,2,2,2,1,2,2,2,2,2,1,2,1,2,2,1,2,4,2,,1,1,5,2,1,9,2,2,1,1,1,2,01,2,02,47,2885.1169286
5382188,1,2,1,6,,3,1,6,,3,,,,,30000,2,2,2,2,2,2,2,2,2,2,2,2,2,2,2,2,2,2,2,2,2,2,,1,2,,1,1,5,1,1,1,2,2,2,,1,2,01,2,02,47,2711.5529268
5382189,1,4,3,2,1,1,1,1,4,5,,,,99,,2,2,2,2,1,2,1,2,2,2,1,2,2,2,2,2,1,1,1,2,2,1,1,5,2,,1,2,5,2,1,1,2,2,1,1,1,2,01,2,02,47,3145.2170699
5382190,1,2,2,2,1,3,1,1,3,5,,,,150000,,2,2,2,2,1,1,1,2,2,2,1,2,2,2,2,2,1,2,2,2,2,2,,7,2,,1,1,1,4,1,1,1,2,2,,1,2,01,2,02,47,3902.0017571
5382191,1,2,1,2,1,3,1,4,3,4,,,,70000,,2,2,2,1,1,2,1,2,2,2,1,2,2,2,2,2,1,1,2,2,2,1,1,6,2,,1,1,1,1,1,1,1,2,2,,1,2,01,2,02,47,4151.7123506
5382192,1,3,2,2,1,1,1,1,4,4,,,,180000,,2,2,2,2,1,1,1,2,2,2,1,2,2,2,2,2,1,2,1,2,2,1,1,4,2,,1,1,5,1,1,1,2,2,1,1,1,2,01,2,02,47,3726.1072919
5382193,1,3,1,2,1,1,1,1,4,1,,,20000000,150000,,2,2,2,2,1,1,1,2,2,2,1,2,2,2,2,2,1,2,2,2,2,1,1,1,2,,1,1,1,2,1,1,2,2,1,1,1,2,01,2,02,47,2378.0325217
5382194,1,3,2,2,1,3,1,1,3,5,,,,98,,2,2,2,1,1,1,1,2,2,2,1,2,2,2,2,2,1,2,2,2,2,1,1,3,2,,1,1,1,1,1,1,1,2,2,,1,2,01,2,02,47,1436.2957381
5382195,1,4,2,2,1,3,1,4,3,5,,,,70000,,2,2,2,2,1,2,1,2,2,2,1,2,2,2,2,2,1,2,2,2,2,1,2,7,2,,1,1,1,2,1,1,1,2,2,,1,2,01,2,02,47,2322.3729141
5382196,1,3,2,2,1,3,1,1,3,5,,,,200000,,2,2,2,1,1,2,1,2,2,2,1,2,2,2,2,2,1,2,2,2,2,2,,6,2,,1,1,1,4,1,1,1,2,2,,1,2,01,2,02,47,1364.6102469
5382198,1,4,2,2,1,3,1,4,3,1,,,10000000,150000,,2,1,2,1,1,1,1,2,2,2,1,2,2,1,2,1,1,1,1,2,2,1,4,4,2,,1,1,1,2,1,1,1,2,2,,1,2,01,2,02,47,1949.5313415
5382205,1,3,2,2,1,1,1,1,4,4,,,,250000,,2,2,2,2,2,1,1,2,2,2,2,2,2,2,2,2,1,2,2,2,2,1,1,3,2,,1,2,1,4,1,1,2,2,1,2,1,2,01,2,02,47,2734.7412163
5382206,1,4,2,2,1,1,1,1,3,4,,,,400000,,2,2,2,2,2,2,2,2,2,2,1,2,2,2,2,2,1,2,2,2,2,1,1,2,2,,1,2,1,4,1,1,1,2,1,3,1,2,01,2,02,47,1560.2697065
5382208,1,3,1,2,1,1,1,1,4,1,,,300000000,800000,,2,1,2,2,2,1,1,1,2,2,1,2,2,2,2,2,1,2,1,2,2,1,1,1,2,,1,2,1,4,1,1,1,2,1,2,1,2,01,2,02,47,1824.8696645
5382209,1,2,1,2,1,1,1,1,3,4,,,,400000,,2,2,1,1,1,1,1,2,2,2,1,2,2,2,2,2,1,2,1,2,2,1,1,2,2,,1,2,1,4,1,1,1,2,1,3,1,2,01,2,02,47,1588.5208657
5382210,1,4,3,2,1,1,1,1,4,1,,,100000000,250000,,2,2,2,1,1,1,1,2,2,2,1,2,2,2,2,2,1,2,1,2,2,1,2,8,2,,1,1,1,2,1,1,2,2,1,1,1,2,01,2,02,47,2166.8073098
5382211,1,5,2,2,1,1,1,1,3,4,,,,1000000,,2,1,1,1,1,1,1,1,1,2,1,1,1,1,2,1,1,2,2,1,1,1,2,2,2,,1,1,1,4,1,1,1,2,1,3,1,2,01,2,02,47,1599.3595563
5382212,1,3,3,2,1,4,1,1,4,1,,,10000000,500000,,2,2,2,2,1,1,1,2,2,2,1,2,2,2,2,2,1,1,1,2,2,1,3,3,2,,1,1,1,4,1,9,2,2,2,,1,2,01,2,02,47,1373.8494482
5382213,1,1,1,2,1,1,1,1,4,4,,,,300000,,2,2,2,1,1,1,1,2,2,2,1,2,2,2,2,2,1,2,2,2,2,1,1,5,2,,1,1,1,4,1,1,2,2,1,3,1,2,01,2,02,47,1487.0775424
5382214,1,3,2,2,1,1,1,1,4,3,,,,,150000,2,1,2,1,2,1,1,2,2,2,1,2,2,2,2,2,1,2,2,2,2,2,,4,2,,1,1,1,2,1,1,2,2,1,1,1,2,01,2,02,47,1087.572109
5382215,1,3,2,2,1,1,1,1,4,1,,,45000000,250000,,2,1,2,1,1,2,1,1,2,2,1,2,2,2,2,1,1,1,1,2,2,1,2,4,2,,1,1,1,4,1,1,2,2,1,1,1,2,01,2,02,47,2722.8509792
5382216,1,4,3,2,1,1,1,1,4,1,,,100000000,400000,,2,2,2,1,1,1,1,2,2,2,1,2,1,1,2,2,1,1,1,2,2,1,4,5,2,,1,1,1,4,1,1,2,2,1,1,1,2,01,2,02,47,1487.0775424
5382219,1,4,1,6,,5,6,5,5,5,,,,300000,,2,2,2,2,2,2,2,2,2,2,2,2,2,2,2,2,2,2,1,2,2,1,2,3,2,,1,1,5,1,1,9,2,2,2,,2,,01,2,02,47,2625.0167873
5382220,1,7,3,2,1,4,6,1,5,4,,,,700000,,2,2,1,1,1,1,2,2,2,2,1,2,2,2,2,2,2,2,1,1,2,1,3,3,2,,1,1,1,4,1,9,2,2,2,,2,,01,2,02,47,2953.9855009
5382221,1,2,1,2,1,4,6,1,5,4,,,,100000,,2,2,2,2,1,2,2,2,2,2,1,2,2,2,2,2,2,2,1,2,2,1,2,4,2,,1,1,1,4,1,9,2,2,2,,2,,01,2,02,47,1364.6102469
5382222,1,1,1,2,1,3,6,6,,4,,,,98,,2,2,2,2,2,2,2,2,2,2,2,2,2,2,2,2,2,2,2,2,2,2,,1,2,,1,4,1,2,1,9,2,2,2,,2,,01,2,02,47,2711.5529268
5382223,1,1,1,2,2,3,7,6,,4,,,,60000,,2,2,2,2,2,2,2,2,2,2,2,2,2,2,2,2,2,2,2,2,2,2,,1,2,,1,4,1,2,1,9,2,2,2,,2,,01,2,02,47,2711.5529268
5382224,1,1,1,2,2,3,7,6,,4,,,,90000,,2,2,2,2,2,2,2,2,2,2,2,2,2,2,2,2,2,2,2,2,2,2,,1,2,,1,4,1,2,1,9,2,2,2,,2,,01,2,02,47,2989.3206351
5382225,1,2,1,2,1,3,6,5,5,4,,,,400000,,2,2,2,2,1,2,2,2,2,2,1,2,2,2,2,2,2,2,1,2,2,1,1,1,2,,1,1,1,2,1,9,2,2,2,,2,,01,2,02,47,2711.5529268
5382226,1,1,1,2,1,3,6,5,5,4,,,,500000,,2,2,2,2,2,2,2,2,2,2,1,2,2,2,2,2,2,2,2,2,2,2,,3,2,,1,1,1,4,1,9,2,2,2,,2,,01,2,02,47,3141.709677
5382294,1,3,1,2,1,4,4,5,5,4,,,,40000,,2,2,2,2,2,2,2,2,2,2,2,2,2,2,2,2,2,2,2,2,2,1,1,1,2,,1,1,1,2,1,9,2,2,2,,2,,01,2,02,70,1401.9640393
5382295,1,2,1,6,,4,9,1,5,4,,,,150000,,2,2,2,2,2,2,2,2,2,2,2,2,2,2,2,2,2,2,1,2,2,1,2,2,2,,1,1,1,1,1,9,2,2,2,,2,,01,2,02,70,1372.3301652
5382296,1,1,1,6,,4,4,5,5,5,,,,50000,,2,2,2,2,2,2,2,2,2,2,1,2,2,2,2,2,1,2,2,2,2,1,1,2,2,,1,1,5,1,1,9,2,2,2,,2,,01,2,02,70,1089.5085033
5382297,1,2,1,6,,4,10,5,5,5,,,,40000,,2,2,2,2,2,2,2,2,2,2,2,2,2,2,2,2,2,2,1,2,2,2,,1,2,,1,1,4,1,1,0,2,2,2,,2,,01,2,02,70,1237.8496463
5382298,1,3,2,6,,4,9,5,5,4,,,,80000,,2,2,2,2,2,2,2,2,2,2,2,2,2,2,2,2,2,2,1,2,2,1,1,4,2,,1,1,1,2,1,0,2,2,2,,2,,01,2,02,70,2193.6703582
5382299,1,1,1,6,,4,4,5,5,5,,,,50000,,2,2,2,2,2,2,2,2,2,2,2,2,2,2,2,2,2,1,2,2,2,1,1,1,2,,1,1,5,1,2,,2,2,2,,2,,01,2,02,70,1237.8496463
5382300,1,3,2,2,1,4,9,1,5,4,,,,100000,,2,2,2,1,2,2,2,2,2,2,1,2,1,2,2,2,1,2,1,2,2,1,1,4,2,,1,1,1,2,1,9,2,2,2,,2,,01,2,02,70,1442.7935528
5382301,1,3,2,2,1,4,1,5,5,1,,,10000000,60000,,2,2,2,1,1,2,2,2,2,2,2,2,2,2,2,2,1,2,2,2,2,1,1,3,2,,1,1,5,2,1,1,2,2,2,,1,2,01,2,02,70,1080.373777
5382302,1,1,1,6,,4,9,5,5,5,,,,30000,,2,2,2,2,2,2,2,2,2,2,2,2,2,2,2,2,2,2,2,2,2,2,,1,2,,1,1,4,1,2,,2,2,2,,2,,01,2,02,70,1237.8496463
5382303,1,3,3,2,1,4,3,1,5,4,,,,100000,,2,2,1,1,2,1,2,2,2,2,1,2,2,2,2,2,1,2,1,2,2,1,3,6,2,,1,1,1,2,1,9,2,2,2,,2,,01,2,02,70,1087.9684433
5382304,1,3,1,6,,4,1,5,5,4,,,,70000,,2,2,2,2,1,2,2,2,2,2,1,2,2,2,2,2,1,2,2,2,2,1,1,2,2,,1,1,1,2,1,1,2,2,2,,1,2,01,2,02,70,1055.0687281
5382305,1,4,1,2,1,4,1,5,5,4,,,,80000,,2,2,2,2,2,2,2,2,2,2,1,2,2,2,2,2,1,2,2,2,2,1,1,1,2,,1,1,1,4,1,1,2,2,2,,1,2,01,2,02,70,1401.9640393
5382306,1,4,3,2,1,4,4,5,5,4,,,,70000,,2,2,2,1,1,1,1,2,2,2,1,2,2,2,2,2,1,2,1,2,2,1,2,8,2,,1,1,1,2,1,0,2,2,2,,2,,01,2,02,70,1521.043874
5382307,1,2,2,2,1,4,1,1,5,5,,,,50000,,2,1,1,2,2,1,2,2,2,2,1,2,2,2,2,2,1,1,1,2,2,1,2,6,2,,1,1,1,2,1,1,2,2,2,,1,2,01,2,02,70,960.87778522
5382308,1,2,1,6,,4,1,5,5,1,,,5000000,50000,,2,2,2,2,2,1,2,2,2,2,1,2,2,2,2,2,1,2,2,2,2,1,1,1,2,,1,1,4,2,1,1,2,2,2,,1,2,01,2,02,70,1401.9640393
5382309,1,3,2,2,1,4,4,5,5,1,,,20000000,100000,,2,2,2,1,1,1,2,2,2,2,1,2,2,2,2,2,1,2,1,2,2,1,2,3,2,,1,1,1,2,1,0,2,2,2,,1,2,01,2,02,70,906.72758507
5382310,1,2,1,2,1,4,3,1,5,4,,,,100000,,2,2,2,1,1,1,2,2,2,2,1,2,2,2,2,2,1,2,2,2,2,1,1,4,2,,1,1,1,2,1,1,2,2,2,,2,,01,2,02,70,1659.3751627
5382311,1,3,2,2,1,4,1,1,5,5,,,,100000,,2,2,1,1,2,1,2,2,2,2,1,2,1,2,2,2,1,2,1,2,2,1,2,5,2,,1,1,4,2,1,1,2,2,2,,1,2,01,2,02,70,994.06996473
5382312,1,2,1,2,1,4,1,5,5,5,,,,50000,,2,2,2,1,2,2,2,2,2,2,1,2,2,2,2,2,1,2,1,2,2,1,2,5,2,,1,1,1,2,1,1,2,2,2,,1,2,01,2,02,70,1261.2175625
5382313,1,3,2,2,1,4,1,1,5,1,,,10000000,100000,,2,1,1,1,1,1,2,2,2,2,1,2,1,1,2,2,1,2,1,2,2,1,2,2,2,,1,1,1,2,1,1,2,2,2,,1,2,01,2,02,70,1364.0032941
5382314,1,4,3,1,1,4,5,1,4,1,,,60000000,300000,,2,1,1,1,1,1,1,2,2,2,1,2,2,2,2,2,1,2,2,2,2,1,1,5,2,,1,1,1,4,1,1,2,1,2,,1,2,01,2,02,70,705.54938276
5382315,1,7,1,2,1,4,1,1,5,4,,,,400000,,2,2,2,1,1,1,1,2,2,2,1,2,2,2,2,2,1,1,1,2,2,1,1,3,2,,1,1,1,2,1,1,2,2,2,,1,2,01,2,02,70,1025.434854
5382316,1,4,3,1,1,4,5,1,4,1,,,50000000,300000,,2,2,2,1,1,1,1,2,2,2,1,2,1,2,2,2,1,2,2,2,2,1,1,4,2,,1,1,1,4,1,1,2,1,2,,1,2,01,2,02,70,1311.9140072
5382317,1,3,2,1,1,3,1,1,4,5,,,,200000,,2,1,1,1,1,1,1,2,2,2,1,2,1,2,2,2,1,2,1,2,2,1,1,3,2,,1,1,1,4,1,1,2,1,2,,1,2,01,2,02,70,1838.5977755
5382318,1,3,1,2,1,4,1,5,5,5,,,,50000,,2,2,2,2,1,1,2,2,2,2,1,2,2,2,2,2,1,2,2,2,2,1,1,2,2,,1,1,1,2,1,1,2,1,2,,1,2,01,2,02,70,1114.4164795
5382319,1,3,1,1,1,3,1,1,4,5,,,,200000,,2,2,2,1,1,1,1,2,2,2,1,2,2,2,2,2,1,2,2,2,2,1,1,2,2,,1,1,1,2,1,1,2,1,2,,1,2,01,2,02,70,890.95433511
5382320,1,4,2,2,1,4,1,1,4,5,,,,200000,,2,2,1,2,1,1,1,2,2,2,1,2,2,2,2,2,1,2,1,2,2,1,2,4,2,,1,1,1,2,1,1,2,1,2,,1,2,01,2,02,70,1007.9732566
5382321,1,3,2,2,1,4,1,5,5,5,,,,80000,,2,2,2,1,1,1,1,2,2,2,1,2,2,2,2,2,1,2,2,2,2,1,2,7,2,,1,1,5,2,1,1,2,1,2,,1,2,01,2,02,70,1423.3565079
5382322,1,3,1,1,1,4,1,1,5,5,,,,100000,,2,2,2,2,2,1,1,2,2,2,1,2,2,2,2,2,1,2,2,2,2,2,,2,2,,1,1,1,2,1,1,2,1,2,,1,2,01,2,02,70,1089.5085033
5382324,1,3,2,1,1,4,1,5,5,5,,,,200000,,2,2,1,2,2,1,2,2,2,2,1,2,2,2,2,2,1,2,2,2,2,1,2,3,2,,1,1,1,2,1,1,2,1,2,,1,2,01,2,02,70,1047.1389297
5382325,1,5,4,1,1,4,1,1,4,5,,,,250000,,2,1,1,1,1,1,1,2,2,2,1,2,2,2,2,2,1,2,2,2,2,1,3,7,2,,1,2,1,2,1,1,2,1,2,,1,2,01,2,02,70,705.54938276
5382326,1,3,3,2,1,4,1,5,5,5,,,,150000,,2,2,1,1,1,1,2,2,2,2,1,2,1,2,2,2,1,2,2,2,2,1,1,6,2,,1,1,1,1,1,1,2,1,2,,1,2,01,2,02,70,2037.3994169
5384304,1,3,2,2,1,1,1,1,3,1,,,20000000,200000,,2,1,2,1,1,1,1,2,2,2,1,2,2,2,2,2,1,2,2,1,2,1,2,6,2,,1,2,1,4,1,1,1,2,1,1,1,2,01,2,02,44,1268.0555912
5384305,1,3,2,2,1,1,1,1,3,1,,,30000000,150000,,2,1,2,2,1,1,1,2,2,2,1,2,1,2,2,2,1,2,1,2,2,1,1,4,2,,1,1,1,2,1,1,1,2,1,2,1,2,01,2,02,44,1620.1220548
5384306,1,2,1,2,1,1,1,1,3,3,,,,,200000,2,1,2,1,2,1,1,2,2,2,1,2,2,2,2,2,1,2,1,2,2,1,1,3,2,,1,2,1,2,1,1,1,2,1,1,1,2,01,2,02,44,1486.7984988
5384307,1,3,1,2,1,1,10,1,4,5,,,,250000,,2,2,2,2,1,2,1,2,2,2,1,2,2,2,2,2,1,2,1,2,2,1,1,2,2,,1,1,1,2,1,1,2,2,1,2,1,2,01,2,02,44,1292.0832111
5384308,1,3,2,2,1,1,1,1,4,3,,,,,200000,2,1,2,1,1,1,1,2,2,2,1,2,2,2,2,2,1,2,1,2,2,1,2,5,2,,1,1,1,2,1,1,2,2,1,1,1,2,01,2,02,44,1508.5547976
5384309,1,2,1,2,1,1,10,5,5,3,,,,,130000,2,1,2,1,1,1,1,2,2,2,1,2,1,2,2,2,1,2,2,2,2,1,2,4,2,,1,1,1,2,1,1,2,2,1,2,1,2,01,2,02,44,1620.1220548
5384311,1,2,1,2,1,1,1,1,4,3,,,,,180000,2,2,2,2,2,2,1,2,2,2,2,2,2,2,2,2,1,2,1,2,2,1,1,1,2,,1,4,1,2,1,1,2,2,1,1,1,2,01,2,02,44,1299.7651196
5384312,1,2,1,2,1,1,1,1,4,3,,,,,350000,2,1,2,1,1,1,1,2,2,2,2,2,2,2,2,2,1,2,2,2,2,1,1,5,2,,1,4,1,2,1,1,2,2,1,1,1,2,01,2,02,44,1588.1987151
5384313,1,3,2,1,1,1,1,1,4,3,,,,,300000,2,1,2,1,1,1,1,2,2,2,1,2,2,2,2,2,1,2,2,2,2,1,2,7,2,,1,2,1,2,1,1,2,1,1,2,1,2,01,2,02,44,1392.6782496
5384314,1,3,2,2,1,1,1,1,3,1,,,40000000,300000,,2,1,2,1,1,1,1,2,2,2,1,2,2,2,2,2,1,2,2,2,2,1,1,4,2,,1,2,1,2,1,1,1,2,1,2,1,2,01,2,02,44,847.66177552
5384315,1,1,1,2,2,1,1,2,4,5,,,,200000,,2,1,2,2,2,2,1,2,2,2,1,2,2,2,2,2,1,2,2,2,2,1,2,2,2,,1,2,1,2,1,1,2,2,1,2,1,2,01,2,02,44,887.26702363
5384316,1,1,1,2,1,1,1,2,4,3,,,,,250000,2,2,2,2,2,2,1,2,2,2,2,2,2,2,2,2,1,2,2,2,2,1,1,3,2,,1,2,1,2,1,1,2,2,1,2,1,2,01,2,02,44,1366.0243087
5384317,1,1,1,2,1,1,1,2,4,3,,,,,200000,2,2,2,2,2,2,1,2,2,2,2,2,2,2,2,2,2,2,2,2,2,2,,5,2,,1,2,5,1,1,1,2,2,1,2,1,2,01,2,02,44,1837.0996852
5384318,1,2,1,2,1,1,1,1,3,3,,,,,100000,2,2,2,2,2,2,2,2,2,2,2,2,2,2,2,2,1,2,2,2,2,1,1,3,2,,1,1,1,2,1,1,1,2,1,2,1,2,01,2,02,44,1852.4635021
5384319,1,1,1,2,1,1,1,2,4,3,,,,,300000,2,2,2,2,2,2,1,2,2,2,2,2,2,2,2,2,1,2,2,2,2,1,1,2,2,,1,2,1,2,1,1,2,2,1,2,1,2,01,2,02,44,1171.309021
5384320,1,1,1,2,1,1,1,1,3,3,,,,,300000,2,2,2,2,2,2,1,2,2,2,2,2,2,2,2,2,1,1,2,2,2,1,1,1,2,,1,1,1,2,1,1,1,2,1,2,1,2,01,2,02,44,1178.9909295
5384321,1,1,1,2,1,1,1,2,4,3,,,,,100000,2,2,2,2,2,2,1,2,2,2,2,2,2,2,2,2,1,2,2,2,2,1,1,1,2,,1,2,1,2,1,1,2,2,1,2,1,2,01,2,02,44,1040.9778455
5384323,1,3,2,2,1,1,1,5,5,5,,,,200000,,2,2,2,2,2,2,2,2,2,2,1,2,2,2,2,2,1,2,2,2,2,1,1,4,2,,1,1,1,2,1,1,2,2,1,2,1,2,01,2,02,44,593.33641896
5384325,1,4,1,6,,4,8,1,4,5,,,,100000,,2,2,2,2,2,2,2,2,2,2,1,2,2,2,2,2,1,1,2,2,2,1,1,1,2,,1,1,1,2,1,0,2,2,2,,2,,01,2,02,44,1611.2497935
5384326,1,1,1,2,1,4,8,5,5,3,,,,,50000,2,2,2,2,2,2,2,2,2,2,2,2,2,2,2,2,1,2,1,2,2,1,1,6,2,,1,1,5,2,1,0,2,2,2,,2,,01,2,02,44,3673.5198032
5384328,1,2,1,2,1,4,8,5,5,5,,,,60000,,2,2,2,2,2,2,2,2,2,2,1,2,2,2,2,2,1,2,2,2,2,1,1,3,2,,1,1,8,1,1,0,2,2,2,,2,,01,2,02,44,1811.4596281
5384330,1,4,2,2,1,4,8,5,5,5,,,,50000,,2,2,2,2,2,2,2,2,2,2,1,2,2,2,2,2,1,2,2,2,2,1,1,5,2,,1,1,4,1,1,0,2,2,2,,2,,01,2,02,44,2529.7623947
5384331,1,2,2,6,,4,8,5,5,5,,,,50000,,2,1,2,2,2,2,2,2,2,2,1,2,2,2,2,2,1,2,2,2,2,1,1,5,2,,1,1,1,2,1,0,2,2,2,,2,,01,2,02,44,2271.3139123
5384332,1,3,1,2,1,4,8,5,5,5,,,,50000,,2,2,2,2,1,2,2,2,2,2,1,2,2,2,2,2,1,2,2,2,2,1,1,3,2,,1,1,4,1,1,0,2,2,2,,2,,01,2,02,44,1406.2709719
5384333,1,3,2,6,,4,8,5,5,5,,,,80000,,2,1,2,2,1,1,2,2,2,2,1,2,1,2,2,2,1,2,2,2,2,1,1,5,2,,1,1,1,2,1,0,2,2,2,,2,,01,2,02,44,1903.1048893
5384334,1,4,3,2,1,4,10,4,4,3,,,,,50000,2,2,2,2,2,2,1,2,2,2,1,2,2,2,2,2,1,2,2,1,2,1,1,6,2,,1,1,5,1,1,0,2,2,2,,2,,01,2,02,44,2034.9651136
5384496,1,3,1,2,1,4,2,1,4,4,,,,150000,,2,1,2,1,1,1,1,2,2,2,1,1,1,2,2,2,2,2,2,2,2,1,2,2,2,,1,2,1,4,1,2,2,2,2,,2,,01,2,02,63,2697.3390507
5384497,1,2,2,2,1,3,2,1,4,4,,,,200000,,2,2,2,2,2,1,1,2,2,2,2,2,2,2,2,2,2,2,2,2,2,1,2,5,2,,1,4,1,4,1,9,2,2,2,,2,,01,2,02,63,6907.4460129
5384498,1,3,1,2,1,5,2,1,5,4,,,,150000,,2,2,2,2,1,1,2,2,2,2,1,2,1,2,2,2,2,2,1,2,2,1,2,2,2,,1,1,1,4,1,1,2,2,2,,2,,01,2,02,63,2697.3390507
5384499,1,4,1,2,1,4,2,1,4,1,,,180000000,1200000,,2,1,1,1,1,1,1,1,2,1,1,1,1,1,2,2,1,2,2,1,2,1,1,1,2,,1,2,1,4,1,2,2,2,2,,2,,01,2,02,63,3316.2473993
5384500,1,4,3,2,1,3,2,1,5,4,,,,450000,,2,2,2,2,1,1,1,2,2,2,1,2,1,2,2,2,2,2,1,2,2,1,3,9,2,,1,1,4,2,1,1,2,2,2,,2,,01,2,02,63,8195.1896609
5384501,1,4,1,2,1,4,2,1,4,3,,,,,700000,2,2,2,2,1,1,1,2,2,2,1,1,1,2,2,2,2,2,2,2,2,1,1,1,2,,1,1,1,4,1,1,2,2,2,,2,,01,2,02,63,3316.2473993
5384502,1,1,1,2,2,5,5,6,,4,,,,50000,,2,2,2,2,2,2,2,2,2,2,2,2,2,2,2,2,2,2,2,2,2,1,1,1,2,,1,4,1,2,1,9,2,2,2,,2,,01,2,02,63,4632.2335312
5384504,1,4,1,3,1,1,2,1,3,1,,,130000000,450000,,1,1,1,1,1,1,1,2,2,2,1,1,1,1,2,2,2,2,1,2,2,1,2,2,2,,1,2,1,4,1,2,1,2,1,3,2,,01,2,02,63,3010.6077037
5384506,1,6,4,3,1,1,2,1,3,1,,,120000000,600000,,2,1,1,1,1,1,1,2,2,2,1,1,1,1,2,2,1,1,1,2,2,1,4,5,2,,1,1,1,4,1,2,1,2,1,3,2,,01,2,02,63,3010.6077037
5384507,1,3,1,3,1,1,2,1,3,3,,,,,380000,2,1,2,2,1,1,1,2,2,2,1,2,2,2,2,2,2,2,2,2,2,1,2,2,2,,1,1,1,4,1,3,1,2,1,3,2,,01,2,02,63,4007.0808192
5384508,1,4,3,3,1,1,2,1,3,3,,,,,250000,1,1,1,1,1,1,1,2,2,2,1,1,1,1,2,2,2,2,1,2,2,1,3,3,1,1,1,1,1,2,1,2,1,2,1,3,2,,01,2,02,63,3534.8996117
5384509,1,3,1,3,1,1,2,1,3,3,,,,,350000,2,1,2,1,1,1,1,2,2,2,1,2,2,2,2,2,2,2,2,2,2,1,1,1,2,,1,2,1,4,1,2,1,2,1,3,2,,01,2,02,63,5155.7836771
5384510,1,4,3,3,1,1,2,1,3,3,,,,,460000,2,2,2,2,2,2,1,2,2,2,2,2,2,2,2,2,2,2,2,2,2,1,4,4,2,,1,2,1,2,1,9,1,2,1,3,2,,01,2,02,63,6310.7578671
5384511,1,3,1,3,1,1,2,1,3,5,,,,300000,,2,1,2,1,1,2,1,2,2,2,1,2,2,2,2,2,2,2,2,2,2,1,1,3,2,,1,2,1,4,1,2,1,2,1,3,2,,01,2,02,63,4380.4702468
5384512,1,3,2,3,1,1,2,1,3,3,,,,,400000,2,2,2,2,1,1,1,1,2,2,1,2,2,2,2,2,2,2,2,2,2,1,1,5,2,,1,2,1,4,1,1,1,2,1,3,2,,01,2,02,63,4599.7555017
5384513,1,2,1,3,1,1,2,1,3,3,,,,,290000,2,1,2,2,2,1,1,2,2,2,1,2,2,2,2,2,2,2,1,2,2,1,1,1,2,,1,2,1,4,1,2,1,2,1,3,2,,01,2,02,63,6477.3433566
5384514,1,2,1,3,1,1,2,1,3,3,,,,,280000,2,2,2,1,1,1,1,2,2,2,1,2,2,2,2,2,2,2,2,2,2,1,2,3,2,,1,2,1,4,1,1,1,2,1,3,2,,01,2,02,63,9094.6907338
5384515,1,3,1,3,1,1,2,1,3,5,,,,300000,,1,2,1,2,1,2,1,2,2,2,1,2,2,1,2,2,2,2,2,2,2,1,1,1,1,3,1,1,1,4,1,1,1,2,1,3,2,,01,2,02,63,6629.9433482
5384516,1,3,1,3,1,1,2,1,3,3,,,,,300000,2,1,1,1,1,1,1,2,2,2,1,2,1,2,2,2,2,2,1,2,2,1,1,1,2,,1,1,1,4,1,2,1,2,1,3,2,,01,2,02,63,5396.4342082
5384517,1,4,1,2,1,1,1,1,3,4,,,,200000,,2,2,2,1,1,1,1,2,2,2,1,1,1,2,2,2,2,1,2,2,2,1,2,2,2,,1,2,1,4,1,2,1,2,1,3,1,1,01,2,02,63,2865.6399871
5384518,1,3,2,2,1,1,1,1,3,4,,,,300000,,2,2,2,2,1,1,1,2,2,1,1,2,2,2,2,2,2,2,2,2,2,1,2,4,2,,1,1,1,2,1,3,1,2,1,3,1,1,01,2,02,63,8246.247659
5384519,1,3,1,2,1,1,1,1,5,1,,,98,400000,,2,2,2,1,1,1,1,2,1,2,1,2,2,2,2,2,2,2,2,1,2,1,1,1,2,,1,1,1,4,1,9,1,2,1,3,1,1,01,2,02,63,3687.1279958
5384520,1,2,1,2,1,1,1,6,,4,,,,150000,,2,2,2,2,2,1,1,2,2,2,1,1,1,2,2,2,2,1,2,2,2,1,1,1,2,,1,2,1,4,1,2,1,2,1,3,1,1,01,2,02,63,4632.2335312
5384521,1,1,1,2,1,1,1,2,4,4,,,,80000,,2,2,2,2,2,2,1,2,2,2,1,2,1,2,2,2,2,2,2,2,2,1,1,2,2,,1,1,1,2,1,9,2,2,1,3,1,1,01,2,02,63,3642.4445861
5384522,1,5,1,2,1,1,1,1,4,1,,,200000000,1300000,,2,1,1,1,1,1,1,1,1,1,1,1,1,1,2,2,1,2,1,1,2,1,2,2,2,,1,1,1,4,1,3,2,2,1,3,1,1,01,2,02,63,2153.0181722
5384523,1,2,1,2,1,1,1,1,4,4,,,,300000,,2,2,2,2,1,1,1,2,2,1,1,1,1,2,2,2,2,1,1,2,2,1,1,1,2,,1,4,1,4,1,2,2,2,1,3,1,1,01,2,02,63,4632.2335312
5384524,1,3,1,1,1,1,1,1,3,3,,,,,300000,2,2,2,2,2,2,2,2,2,2,1,2,2,2,2,2,2,2,2,2,2,1,1,2,2,,1,1,1,4,1,2,1,1,1,3,1,1,01,2,02,63,4007.0808192
5384525,1,3,2,1,1,1,1,1,3,4,,,,350000,,2,1,2,1,1,1,1,2,2,2,1,2,1,2,2,2,2,1,1,2,2,1,2,2,2,,1,1,1,2,1,2,1,1,1,3,1,1,01,2,02,63,7086.0712974
5384526,1,4,2,1,1,1,1,1,3,3,,,,,300000,2,1,1,1,1,1,1,2,2,2,1,2,1,2,2,2,2,2,1,2,2,1,3,3,2,,1,1,1,4,1,2,1,1,1,3,1,1,01,2,02,63,4615.80876
5384527,1,4,2,1,1,1,1,1,3,1,,,75000000,400000,,2,1,1,1,1,1,1,2,2,2,1,1,1,1,2,2,2,1,2,2,2,1,1,3,1,1,1,1,1,4,1,2,1,1,1,3,1,1,01,2,02,63,7360.4527393
5384528,1,3,2,1,1,1,1,1,3,1,,,30000000,200000,,2,1,2,1,1,1,1,2,2,2,1,2,1,1,2,2,2,2,2,2,2,1,3,3,2,,1,1,1,2,1,1,1,1,1,3,1,1,01,2,02,63,3010.6077037
5384529,1,3,2,1,1,1,1,1,3,3,,,,,220000,2,1,1,1,1,1,1,2,2,2,1,1,1,1,2,2,1,1,1,2,2,1,3,5,2,,1,1,1,4,1,2,1,1,1,3,1,1,01,2,02,63,4359.1049705
5384530,1,4,3,1,1,1,1,1,3,3,,,,,250000,2,1,1,2,1,1,1,2,2,2,1,2,2,2,2,2,2,2,2,2,2,1,1,3,2,,1,1,1,2,1,2,1,1,1,3,1,1,01,2,02,63,4768.4087516
5384531,1,4,2,1,1,1,1,1,3,1,,,50000000,350000,,2,2,2,1,1,1,1,2,2,2,1,2,1,2,2,2,2,2,1,2,2,1,1,2,2,,1,1,1,2,1,2,1,1,1,3,1,1,01,2,02,63,9566.8719414
5384532,1,3,2,1,1,1,1,1,3,3,,,,,250000,2,1,2,1,1,1,1,2,1,2,1,2,2,2,2,2,2,2,1,2,2,1,2,5,2,,1,1,1,2,1,2,1,1,1,3,1,1,01,2,02,63,9561.3567897
5384533,1,4,2,1,1,1,1,1,3,1,,,70000000,400000,,2,1,1,1,1,1,1,2,2,1,1,1,1,2,2,2,2,2,1,2,2,1,3,4,2,,1,1,1,4,1,2,1,1,1,3,1,1,01,2,02,63,4391.0083534
5384613,1,3,2,1,1,1,1,1,4,1,,,40000000,150000,,2,1,2,2,2,1,1,2,2,2,1,2,2,2,2,2,2,2,1,2,2,1,3,6,2,,1,1,1,2,1,1,2,1,1,2,1,1,01,2,02,18,271.46667558
5384627,1,3,2,2,1,1,2,1,5,4,,,,400000,,2,2,2,2,1,1,1,1,2,2,1,2,2,2,2,2,2,2,1,2,2,1,3,3,2,,1,1,5,2,1,1,2,2,1,1,2,,01,2,02,19,3733.4163515
5384628,1,2,2,6,,4,2,1,5,3,,,,,50000,2,2,2,2,2,2,2,2,2,2,1,2,2,2,2,2,2,2,2,2,2,1,1,3,2,,1,1,4,1,1,1,2,2,2,,2,,01,2,02,19,1917.95221
5384629,1,4,3,1,2,1,2,1,4,1,,,100000000,200000,,2,2,1,2,1,1,1,2,2,2,1,2,2,2,2,2,2,1,2,2,2,1,1,3,2,,1,1,1,4,1,1,2,1,1,1,2,,01,2,02,19,3763.4287127
5384630,1,1,1,1,2,1,1,6,,3,,,,,50000,2,2,2,2,2,2,2,2,2,2,2,2,2,2,2,2,2,1,2,2,2,1,1,1,2,,1,1,1,2,1,1,2,1,1,1,1,1,01,2,02,19,3440.3627232
5384631,1,4,2,2,1,1,1,1,4,1,,,98,100000,,2,2,2,2,1,2,1,2,2,2,1,1,1,2,2,2,2,2,1,2,2,1,2,3,2,,1,1,4,1,1,1,2,2,1,1,1,1,01,2,02,19,2648.5888787
5384632,1,3,1,2,1,1,2,1,4,1,,,98,150000,,2,2,2,2,1,2,1,2,2,2,1,1,2,2,2,2,1,2,2,2,2,1,2,2,2,,1,1,1,2,1,1,2,2,1,1,2,,01,2,02,19,2031.2294587
5384634,1,2,2,1,2,1,1,5,4,1,,,98,80000,,2,2,2,2,1,1,1,2,2,2,1,2,1,2,2,2,2,2,1,2,2,1,3,4,2,,1,1,1,2,1,1,2,1,1,1,1,1,01,2,02,19,2096.9377802
5384635,1,3,1,1,1,1,2,1,4,4,,,,300000,,2,2,2,2,1,2,1,2,2,2,1,2,2,2,2,2,2,2,2,2,2,1,1,3,2,,1,1,1,2,1,1,2,1,1,1,2,,01,2,02,19,3506.0710448
5384636,1,3,1,2,1,4,2,1,5,1,,,98,150000,,2,2,2,2,2,1,2,2,2,2,1,2,2,2,2,2,2,2,1,2,2,1,1,2,2,,1,1,5,2,1,1,2,2,2,,2,,01,2,02,19,2563.1957399
5384637,1,7,3,2,1,1,1,5,4,4,,,,80000,,2,2,2,2,1,2,1,2,2,2,1,2,2,2,2,2,2,2,1,2,2,1,2,4,2,,1,1,4,2,1,1,2,2,1,1,1,2,01,2,02,19,2679.8113331
5384638,1,3,2,3,1,1,2,1,4,3,,,,,120000,2,2,2,2,1,2,1,2,2,2,1,2,2,2,2,2,2,1,2,2,2,1,2,4,2,,1,1,4,2,1,1,2,2,1,1,2,,01,2,02,19,1371.0418352
5384639,1,2,2,2,1,4,6,1,5,5,,,,100000,,2,2,2,2,2,1,2,2,2,2,1,2,2,2,2,2,2,2,2,2,2,1,2,3,2,,1,1,4,1,1,1,2,2,2,,2,,01,2,02,19,2648.5888787
5384640,1,1,1,6,,1,6,1,5,5,,,,60000,,2,2,2,2,2,1,2,2,2,2,1,2,2,2,2,2,2,2,2,2,2,1,1,4,2,,1,1,8,1,1,1,2,2,1,1,2,,01,2,02,19,3767.9022187
5384642,1,1,1,6,,4,1,1,5,4,,,,60000,,2,2,2,2,2,2,2,2,2,2,2,2,2,2,2,2,2,2,1,2,2,1,1,2,2,,1,1,4,1,1,1,2,2,2,,1,1,01,2,02,19,3390.6655447
5384643,1,3,2,2,1,1,6,1,4,3,,,,,80000,2,2,2,2,1,1,1,2,2,2,1,1,1,2,2,2,2,2,1,2,2,1,1,3,2,,1,1,4,1,1,1,2,2,1,1,2,,01,2,02,19,1479.5783602
5384644,1,5,1,4,1,4,2,1,4,1,,,40000000,100000,,2,2,2,2,2,2,1,2,2,2,1,1,2,2,2,2,2,2,1,2,2,1,1,1,2,,1,1,1,2,1,0,2,2,2,,2,,01,2,02,19,3440.3627232
5384645,1,4,2,2,1,4,2,1,5,4,,,,150000,,2,2,1,2,1,1,1,2,2,2,2,2,2,1,2,2,2,2,1,2,2,1,1,4,2,,1,1,1,2,1,1,2,2,2,,2,,01,2,02,19,2278.416552
5384646,1,2,1,4,1,4,6,1,5,1,,,98,50000,,2,2,2,2,1,2,2,2,2,2,1,2,2,2,2,2,2,2,2,2,2,2,,2,2,,1,1,4,2,1,1,2,2,2,,2,,01,2,02,19,3001.5695896
5384647,1,7,3,2,1,4,2,1,5,1,,,98,300000,,2,2,2,2,1,1,2,2,2,2,1,2,2,2,2,2,2,2,2,2,2,1,1,6,2,,1,1,1,2,1,1,2,2,2,,2,,01,2,02,19,2802.9855959
5384648,1,1,1,2,1,4,2,1,5,4,,,,30000,,2,2,1,2,1,2,1,2,2,2,1,2,2,2,2,2,2,2,2,2,2,1,2,2,2,,1,1,4,1,1,1,2,2,2,,2,,01,2,02,19,2031.2294587
5384649,1,3,2,2,1,4,2,1,4,4,,,,200000,,2,2,1,1,1,2,1,2,2,2,1,2,2,1,2,2,2,2,1,2,2,1,4,4,2,,1,1,1,2,1,1,2,2,2,,2,,01,2,02,19,1371.0418352
5384650,1,3,3,2,1,5,2,5,5,5,,,,98,,2,2,2,2,1,1,2,2,2,2,2,2,2,2,2,2,2,2,1,2,2,1,2,5,2,,1,1,1,4,1,1,2,2,2,,2,,01,2,02,19,2833.4172409
5384651,1,3,2,2,1,4,2,1,5,5,,,,300000,,2,2,1,1,1,2,2,2,2,2,1,2,1,2,2,2,2,2,1,2,2,1,1,3,2,,1,1,1,2,1,1,2,2,2,,2,,01,2,02,19,3167.8823613
5384652,1,1,1,6,,4,1,1,4,1,,,3000000,100000,,2,2,2,2,1,2,1,2,2,2,1,2,2,2,2,2,2,2,1,2,2,1,2,3,2,,1,1,4,1,1,1,2,2,2,,1,2,01,2,02,19,3231.4624315
5384653,1,1,1,2,2,4,2,1,4,1,,,98,100000,,2,2,2,2,2,1,1,2,2,2,2,2,2,2,2,2,2,2,2,2,2,1,1,2,2,,1,1,4,1,1,1,2,2,2,,2,,01,2,02,19,2888.7116247
5384654,1,3,2,2,1,3,1,1,4,4,,,,200000,,2,2,2,2,2,1,1,2,2,2,1,2,2,2,2,2,2,2,2,2,2,1,1,2,2,,1,1,1,2,1,1,2,2,2,,1,2,01,2,02,19,2031.2294587
5384655,1,3,1,2,2,4,2,1,4,1,,,98,100000,,2,2,2,2,1,2,1,2,2,2,1,2,2,2,2,2,2,2,1,2,2,1,2,3,2,,1,1,1,2,1,1,2,2,2,,2,,01,2,02,19,3506.0710448
5384656,1,2,2,6,,4,2,5,4,4,,,,100000,,2,2,2,2,2,2,1,2,2,2,2,2,2,2,2,2,2,2,2,2,2,1,1,3,2,,1,1,4,2,1,1,2,2,2,,2,,01,2,02,19,2648.5888787
5384657,1,2,1,2,1,4,1,1,5,4,,,,100000,,2,2,2,2,2,2,1,2,2,2,2,2,2,2,2,2,2,2,2,2,2,1,2,3,2,,1,1,4,1,2,,2,2,2,,1,2,01,2,02,19,3506.0710448
5384658,1,2,2,2,2,4,2,1,4,1,,,6000000,300000,,2,2,1,2,2,2,1,2,2,2,1,2,2,2,2,2,2,2,1,2,2,1,2,5,2,,1,1,1,2,1,1,2,2,2,,2,,01,2,02,19,3297.1707531
5384660,1,3,2,2,1,4,2,4,5,4,,,,150000,,2,2,2,2,1,1,2,2,2,2,2,2,1,2,2,2,2,2,1,2,2,1,1,3,2,,1,1,5,3,1,1,2,2,2,,2,,01,2,02,19,2648.5888787
5384661,1,4,3,2,1,1,1,1,4,4,,,,300000,,2,2,1,1,1,1,1,2,2,2,1,2,1,1,2,2,2,2,1,2,2,1,3,5,2,,1,1,1,4,1,9,2,2,1,2,1,1,01,2,02,19,4555.288951
5384662,1,3,2,1,1,1,1,1,4,4,,,,300000,,2,2,1,1,1,1,1,2,2,2,1,2,1,1,2,2,2,2,2,2,2,1,2,5,2,,1,1,1,2,1,9,2,1,1,2,1,1,01,2,02,19,1545.2866818
5384663,1,4,3,2,1,1,1,1,4,4,,,,350000,,2,2,1,1,1,1,1,2,2,2,1,2,1,2,2,2,1,2,1,2,2,1,3,4,2,,1,1,1,4,1,9,2,2,1,2,1,1,01,2,02,19,2679.8113331
5384664,1,3,1,2,1,1,1,1,1,4,,,,300000,,2,2,1,2,1,1,1,2,2,2,1,2,2,1,2,2,2,2,2,2,2,1,2,3,2,,1,1,1,2,1,9,2,2,1,2,1,1,01,2,02,19,3180.5551599
5384665,1,4,3,2,1,1,1,1,4,4,,,,300000,,2,2,1,1,1,1,1,2,2,2,1,2,1,2,2,2,1,2,1,2,2,1,2,4,2,,1,1,1,4,1,9,2,2,1,2,1,1,01,2,02,19,2679.8113331
5384666,1,3,2,2,1,1,1,1,1,4,,,,300000,,2,2,1,1,1,1,1,2,2,2,1,2,1,1,2,2,2,2,1,2,2,1,4,4,2,,1,1,1,2,1,9,2,1,1,2,1,1,01,2,02,19,2679.8113331
5384667,1,4,1,2,1,1,1,1,3,4,,,,300000,,2,2,2,1,1,2,1,2,2,2,1,1,2,2,2,2,2,1,1,2,2,1,1,1,2,,1,1,1,2,1,9,1,1,1,2,1,1,01,2,02,19,3972.3290044
5384668,1,7,3,2,1,1,1,1,4,1,,,99,400000,,2,2,1,2,1,1,1,2,2,2,1,2,2,1,2,2,2,2,1,2,2,1,4,6,2,,1,1,1,2,1,1,2,2,1,1,1,1,01,2,02,19,4472.0240635
5384669,1,4,3,2,1,1,1,1,4,1,,,130000000,250000,,2,2,2,2,1,1,1,2,2,2,1,2,1,2,2,2,2,2,1,2,2,1,1,4,2,,1,1,4,4,1,1,2,2,1,1,1,1,01,2,02,19,1371.0418352
5384670,1,3,2,2,1,1,1,1,4,4,,,,150000,,2,2,2,1,1,1,1,2,2,2,2,2,2,2,2,2,2,2,2,2,2,1,1,4,2,,1,1,1,2,1,1,2,2,1,1,1,1,01,2,02,19,2105.1258269
5384671,1,4,1,2,1,1,1,1,4,1,,,200000000,300000,,2,2,1,2,1,1,1,2,2,2,1,2,1,2,2,2,2,2,1,2,2,1,1,1,2,,1,1,1,4,1,1,2,2,1,1,1,1,01,2,02,19,3972.3290044
5384672,1,1,1,6,,1,1,6,,4,,,,200000,,2,2,2,2,2,2,2,2,2,2,2,2,2,2,2,2,2,2,2,2,2,1,1,2,2,,1,1,1,4,1,1,2,2,1,1,1,1,01,2,02,19,2533.1833787
5384673,1,3,2,2,1,1,1,6,,4,,,,130000,,2,2,2,2,2,2,2,2,2,2,2,2,2,2,2,2,2,1,2,2,2,2,,3,2,,1,1,1,2,1,0,2,2,1,1,1,1,01,2,02,19,3699.8486425
5384674,1,5,4,4,1,1,1,1,5,1,,,98,100000,,2,2,2,2,1,1,2,2,2,2,1,2,2,2,2,2,2,2,2,2,2,1,1,8,2,,1,1,1,1,1,1,2,2,1,1,1,1,01,2,02,19,2741.8484201
5384676,1,3,2,2,1,1,1,1,4,1,,,15000000,300000,,2,2,1,1,1,1,1,2,2,2,1,2,2,2,2,2,1,2,1,2,2,1,3,3,2,,1,1,1,4,1,1,2,2,1,1,1,1,01,2,02,19,3231.4624315
5384689,1,4,2,2,1,1,1,1,5,4,,,,200000,,2,2,2,2,1,1,2,2,2,2,2,2,2,2,2,2,2,2,2,2,2,1,1,3,2,,1,1,1,2,1,1,2,2,1,1,1,1,01,2,02,19,2729.5085115
5384690,1,3,1,2,1,1,2,1,3,1,,,98,300000,,2,2,2,1,1,1,1,1,2,2,1,2,2,2,2,2,2,1,2,2,2,1,1,2,2,,1,1,1,2,1,1,1,2,1,1,1,1,01,2,02,19,3001.5695896
5384691,1,3,1,2,1,1,1,1,1,3,,,,,30000,2,2,2,2,2,2,1,2,2,2,2,2,2,2,2,2,2,2,2,2,2,2,,1,2,,1,1,1,2,1,1,2,2,1,1,1,1,01,2,02,19,3440.3627232
5384692,1,4,2,2,1,1,1,1,3,1,,,98,300000,,2,2,2,1,1,1,1,2,2,2,1,1,1,2,2,2,2,2,2,2,2,1,1,2,2,,1,1,1,2,1,1,1,2,1,1,1,1,01,2,02,19,3001.5695896
5384693,1,3,2,2,1,1,1,1,3,4,,,,150000,,2,2,2,2,2,1,1,2,2,2,1,2,2,2,2,2,2,1,1,2,2,1,1,3,2,,1,1,1,2,1,1,1,2,1,1,1,1,01,2,02,19,1371.0418352
5384694,1,4,2,2,1,1,1,1,3,1,,,98,300000,,2,2,2,2,1,1,1,2,2,2,1,2,2,2,2,2,2,2,2,2,2,1,2,3,2,,1,1,1,2,1,1,1,2,1,1,1,1,01,2,02,19,1981.5322802
5384695,1,3,1,2,1,1,1,1,4,3,,,,,60000,2,2,2,2,1,1,1,2,2,2,1,1,2,2,2,2,2,1,2,2,2,1,1,3,2,,1,1,1,2,1,1,2,2,1,1,1,1,01,2,02,19,2154.8230053
5384696,1,3,2,3,1,1,1,1,4,3,,,,,150000,2,2,1,1,1,1,1,1,2,2,1,2,1,2,2,2,1,2,1,2,2,1,2,4,2,,1,1,1,2,1,1,2,2,1,1,1,1,01,2,02,19,1603.1719069
5384697,1,3,1,2,1,1,1,1,4,4,,,,70000,,2,2,2,2,1,1,1,2,2,2,1,2,2,2,2,2,2,1,1,2,2,2,,1,2,,1,1,1,2,1,1,2,2,1,1,1,1,01,2,02,19,3440.3627232
5384741,1,3,1,2,1,5,1,1,4,4,,,,98,,2,2,2,2,1,1,1,2,2,2,1,2,2,2,2,2,2,2,2,1,2,1,2,2,2,,1,1,1,2,1,1,2,2,2,,1,1,01,2,02,19,4992.4134144
5384742,1,2,2,2,1,4,1,1,4,1,,,32000000,100000,,2,2,2,2,1,1,1,2,2,2,1,2,2,2,2,2,2,2,1,2,2,1,3,3,2,,1,1,1,2,1,1,2,2,2,,1,2,01,2,02,19,5374.7867272
5384743,1,4,3,2,1,4,1,1,5,3,,,,,200000,2,2,1,2,1,1,1,2,2,2,1,2,1,2,2,2,2,2,1,2,2,1,2,3,2,,1,1,1,2,1,1,2,2,2,,1,1,01,2,02,19,3295.8184182
5384744,1,4,1,2,1,4,1,1,5,1,,,98,98,,2,2,1,1,1,1,1,2,2,2,1,2,2,2,2,2,2,2,2,2,2,1,1,1,2,,1,1,1,2,1,1,2,2,2,,1,1,01,2,02,19,2946.1862238
5384745,1,2,1,2,2,5,1,5,5,4,,,,99,,2,2,2,2,2,2,2,2,2,2,2,2,2,2,2,2,2,2,2,2,2,1,2,2,2,,1,1,5,1,2,,2,2,2,,1,1,01,2,02,19,3295.8184182
5384745,2,1,1,2,2,4,1,5,5,4,,,,98,,2,2,2,2,2,2,2,2,2,2,2,2,2,2,2,2,2,2,2,2,2,1,1,1,2,,2,1,5,1,2,,2,2,2,,1,1,01,2,02,19,3295.8184182
5384746,1,1,1,2,1,4,1,6,,4,,,,50000,,2,2,2,2,2,2,2,2,2,2,2,2,2,2,2,2,2,2,2,2,2,1,1,1,2,,1,1,5,1,2,,2,2,2,,1,1,01,2,02,19,5722.2438117
5384747,1,3,2,2,1,4,1,1,4,1,,,23000000,150000,,2,2,2,2,1,2,1,2,2,2,1,2,2,2,2,2,2,2,1,2,2,1,2,2,2,,1,1,1,4,1,1,2,2,2,,1,1,01,2,02,19,4263.2803983
5384748,1,1,1,2,1,4,1,1,5,5,,,,98,,2,2,2,2,2,2,2,2,2,2,2,2,2,2,2,2,2,2,2,2,2,1,1,1,2,,1,1,5,1,2,,2,2,2,,1,1,01,2,02,19,2946.1862238
5384749,1,3,1,2,1,4,1,1,5,4,,,,98,,2,2,1,2,1,1,1,2,2,2,1,2,2,1,2,2,2,2,1,2,2,1,2,2,2,,1,1,5,1,1,1,2,2,2,,1,1,01,2,02,19,3378.4781243
5384773,1,4,2,2,1,4,4,1,3,1,,,99,200000,,2,2,2,2,1,1,1,2,2,2,1,2,1,2,2,2,2,1,2,2,2,1,3,3,2,,1,1,1,2,1,1,1,2,2,,2,,01,2,02,19,906.31478266
5384774,1,4,2,2,1,4,3,1,3,1,,,25000000,150000,,2,2,2,2,1,1,1,2,2,2,1,2,2,2,2,2,2,2,2,2,2,2,,3,2,,1,1,1,4,1,1,1,2,2,,1,2,01,2,02,19,2445.7514222
5384775,1,4,3,2,1,4,3,1,3,4,,,,200000,,2,2,2,2,1,1,1,2,2,2,1,2,2,2,2,2,2,2,1,2,2,1,3,6,2,,1,1,1,2,1,1,1,2,2,,1,2,01,2,02,19,1934.8657894
5384776,1,2,1,6,,4,3,1,4,4,,,,120000,,2,2,2,2,1,2,2,2,2,2,1,2,2,2,2,2,2,2,2,2,2,1,1,2,2,,1,1,1,2,1,1,2,2,2,,2,,01,2,02,19,962.83518261
5384777,1,4,3,2,1,4,4,1,3,1,,,99,250000,,2,2,2,2,1,1,1,2,2,2,1,2,2,2,2,2,2,2,1,2,2,1,3,7,2,,1,1,1,2,1,1,1,2,2,,1,2,01,2,02,19,2797.4600223
5384778,1,3,2,6,,4,1,1,4,4,,,,150000,,2,2,1,2,1,1,1,2,2,2,1,2,2,2,2,2,2,2,1,2,2,1,2,2,2,,1,1,1,2,1,1,2,2,2,,1,2,01,2,02,19,1674.5379203
5384779,1,6,5,2,1,4,4,1,3,1,,,98,100000,,2,2,2,2,1,1,1,2,2,2,1,2,2,2,2,2,2,2,1,2,2,1,1,4,2,,1,1,1,2,1,1,1,2,2,,2,,01,2,02,19,1494.4172459
5384780,1,4,3,2,1,4,1,1,3,1,,,99,230000,,2,2,2,2,1,1,1,2,2,2,1,2,2,2,2,2,2,2,1,2,2,1,3,5,2,,1,1,1,2,1,1,1,2,2,,1,2,01,2,02,19,1481.4047758
5384781,1,2,1,2,1,4,4,3,1,1,,,12000000,80000,,2,2,2,2,2,2,1,2,2,2,2,2,2,2,2,2,2,1,2,2,2,2,,1,2,,1,1,1,2,1,9,2,2,2,,2,,01,2,02,19,2274.2206064
5384797,1,2,1,2,2,4,4,1,5,5,,,,150000,,2,2,2,2,1,1,1,2,2,2,1,2,2,2,2,2,2,1,2,2,2,1,2,3,2,,1,1,4,1,1,1,2,2,2,,2,,01,2,02,19,2342.9656403
5384797,2,2,1,2,2,4,4,1,4,5,,,,98,,2,2,2,2,1,2,1,2,2,2,1,2,2,2,2,2,2,1,2,2,2,1,2,4,2,,2,1,4,1,1,1,2,2,2,,2,,01,2,02,19,2342.9656403
5384798,1,4,3,2,1,4,4,4,3,1,,,98,150000,,2,1,2,2,1,1,1,2,2,2,1,2,2,2,2,2,2,2,2,2,2,1,3,4,2,,1,1,1,1,1,1,1,2,2,,2,,01,2,02,19,1059.7622633
5384799,1,3,1,6,,4,4,4,5,4,,,,300000,,2,2,2,2,2,2,1,2,2,2,1,2,2,2,2,2,2,1,2,2,2,1,1,3,2,,1,1,1,1,1,1,1,2,2,,2,,01,2,02,19,1611.3663934
5384800,1,1,1,2,2,4,4,5,5,3,,,,,30000,2,2,2,2,2,2,2,2,2,2,2,2,2,2,2,2,2,2,2,2,2,1,1,2,2,,1,4,4,2,1,1,2,2,2,,2,,01,2,02,19,962.83518261
5384801,1,2,1,6,,4,4,5,5,4,,,,100000,,2,2,2,2,1,2,2,2,2,2,1,2,2,2,2,2,2,2,2,2,2,1,1,4,2,,1,1,1,1,1,1,2,2,2,,2,,01,2,02,19,1771.465001
5384802,1,3,2,2,2,4,4,1,5,5,,,,50000,,2,2,2,2,2,2,1,2,2,2,1,2,2,2,2,2,2,1,2,2,2,1,1,5,2,,1,2,1,2,1,1,2,2,2,,2,,01,2,02,19,2511.3769427
5384803,1,4,2,2,1,4,4,5,5,5,,,,98,,2,2,2,2,1,1,1,2,2,2,1,2,2,2,2,2,2,2,1,2,2,1,1,2,2,,1,1,1,4,1,1,2,2,2,,2,,01,2,02,19,1289.2346394
5384804,1,3,2,2,1,4,3,1,1,1,,,98,130000,,2,2,2,2,1,1,1,2,2,2,1,2,2,2,2,2,2,1,2,2,2,1,2,4,2,,1,1,4,4,1,1,2,2,2,,1,2,01,2,02,19,1411.4137536
5384805,1,4,3,2,1,4,4,1,4,5,,,,180000,,2,2,2,2,1,1,1,2,2,2,1,2,2,2,2,2,2,1,2,2,2,1,3,6,2,,1,1,1,2,1,1,2,2,2,,2,,01,2,02,19,3625.2591306
5384806,1,4,2,2,1,4,3,1,3,1,,,98,250000,,2,2,2,2,1,1,1,2,2,2,1,2,2,2,2,2,2,2,2,2,2,1,1,3,2,,1,1,1,2,1,1,1,2,2,,2,,01,2,02,19,1052.6656043
5384807,1,3,2,2,1,4,4,1,3,1,,,99,98,,2,2,1,2,1,1,1,2,2,2,1,2,2,2,2,2,2,2,1,2,2,1,2,2,2,,1,1,1,4,1,1,1,2,2,,2,,01,2,02,19,1674.5379203
5384844,1,3,2,2,1,1,4,1,4,4,,,,300000,,2,2,2,2,1,1,1,2,2,2,1,2,2,2,2,2,2,2,1,2,2,1,2,3,2,,1,1,1,2,1,1,2,2,1,8,2,,01,2,02,19,1750.8256804
5384845,1,3,1,2,1,1,6,1,1,4,,,,12000,,2,2,2,2,1,1,1,2,2,2,1,1,2,2,2,2,2,2,1,2,2,1,1,1,2,,1,1,1,4,1,2,2,2,1,8,2,,01,2,02,19,2274.2206064
5384846,1,4,3,2,1,1,6,1,4,4,,,,150000,,2,2,2,2,1,1,1,2,2,2,1,2,2,2,2,2,2,1,2,2,2,1,2,6,2,,1,1,1,4,1,1,2,2,1,8,2,,01,2,02,19,1814.9008916
5384847,1,3,2,2,2,5,6,1,4,4,,,,250000,,2,2,2,2,1,1,1,2,2,2,1,2,2,2,2,2,2,1,1,2,2,1,3,5,2,,1,1,1,4,1,1,2,2,2,,2,,01,2,02,19,1286.3345786
5384848,1,4,2,2,1,4,3,1,4,4,,,,200000,,2,2,2,2,1,1,1,2,2,2,1,2,2,2,2,2,2,2,1,2,2,1,3,3,2,,1,1,1,4,1,1,2,2,2,,2,,01,2,02,19,1309.8739599
5384849,1,3,2,2,1,4,3,1,4,4,,,,200000,,2,2,2,2,1,2,1,2,2,2,1,2,2,1,2,2,2,1,1,2,2,1,3,5,2,,1,1,1,2,1,1,2,2,2,,2,,01,2,02,19,1149.592685
5384850,1,5,4,2,1,4,4,1,4,4,,,,150000,,2,2,1,2,1,1,1,2,2,2,1,2,2,2,2,2,2,1,2,2,2,1,3,6,2,,1,1,1,4,1,1,2,2,2,,2,,01,2,02,19,1868.3920817
5384851,1,3,1,2,1,5,4,1,4,4,,,,150000,,2,2,2,2,1,1,1,2,2,2,1,2,2,2,2,2,2,2,1,2,2,1,2,2,2,,1,1,1,4,1,1,2,2,2,,2,,01,2,02,19,1909.556646
5384856,1,3,1,2,1,1,10,1,4,1,,,99,500000,,2,2,1,2,1,1,1,2,2,2,1,2,2,2,2,2,2,2,2,1,2,1,2,2,2,,1,1,1,4,1,1,2,2,1,1,2,,01,2,02,19,1984.1603812
5384857,1,3,1,2,1,4,4,1,3,4,,,,200000,,2,2,2,2,1,1,1,2,2,2,1,2,2,2,2,2,2,2,2,2,2,2,,1,2,,1,1,1,4,1,1,1,2,2,,2,,01,2,02,19,1170.9178499
5384858,1,3,1,2,1,4,9,4,4,1,,,80000000,300000,,2,2,2,2,1,1,1,2,2,2,1,2,2,2,2,2,2,2,2,2,2,1,1,1,2,,1,1,1,2,1,1,2,2,2,,1,2,01,2,02,19,1170.9178499
5384859,1,4,2,2,1,1,9,1,3,1,,,99,200000,,2,2,2,2,1,1,1,2,2,2,1,2,2,2,2,2,2,2,2,2,2,1,1,2,2,,1,1,1,4,1,1,1,2,1,1,2,,01,2,02,19,1632.5088909
5384860,1,3,2,2,1,1,3,1,3,4,,,,250000,,2,2,2,2,1,1,1,2,2,2,1,2,2,2,2,2,2,2,2,2,2,1,2,3,2,,1,1,1,2,1,1,1,2,1,1,1,2,01,2,02,19,1714.2092851
5384861,1,3,2,2,1,1,9,1,3,1,,,98,220000,,2,2,2,2,1,1,1,2,2,2,1,2,2,2,2,2,2,2,2,2,2,1,2,4,2,,1,1,1,2,1,1,1,2,1,1,2,,01,2,02,19,1439.6529102
5384862,1,3,3,2,1,1,9,1,3,1,,,98,250000,,2,2,2,2,1,1,1,2,2,2,1,2,1,2,2,2,2,2,2,2,2,1,3,6,2,,1,1,1,2,1,1,1,2,1,1,2,,01,2,02,19,2094.1644758
5384864,1,4,2,2,1,1,4,1,3,5,,,,150000,,2,2,2,2,1,1,1,2,2,2,1,2,2,2,2,2,2,2,2,2,2,2,,2,2,,1,1,1,2,1,1,1,2,1,1,1,2,01,2,02,19,1984.1603812
5384865,1,4,3,2,1,1,9,1,3,1,,,25000000,150000,,2,2,2,1,1,1,1,2,2,2,1,2,2,2,2,2,2,2,2,2,2,2,,5,2,,1,1,1,4,1,1,1,2,1,1,1,2,01,2,02,19,906.31478266
5384866,1,3,2,2,1,1,3,1,3,1,,,98,250000,,2,2,2,2,1,1,1,2,2,2,1,2,2,2,2,2,2,2,1,2,2,1,1,3,2,,1,1,1,2,1,1,1,2,1,1,2,,01,2,02,19,1619.4964208
5384867,1,3,2,2,1,1,9,1,3,1,,,40000000,140000,,2,2,2,2,1,1,1,2,2,2,1,2,1,2,2,2,2,2,2,2,2,1,1,1,2,,1,1,1,4,1,1,1,2,1,1,2,,01,2,02,19,1170.9178499
5384868,1,3,2,2,1,1,4,1,3,1,,,99,200000,,2,2,1,2,1,1,1,2,2,2,1,2,2,2,2,2,2,2,2,2,2,1,2,4,2,,1,1,1,4,1,1,1,2,1,1,2,,01,2,02,19,2929.5320932
5384869,1,3,2,2,1,1,3,1,3,1,,,10000000,350000,,2,2,2,2,1,1,1,2,2,2,1,2,2,2,2,2,2,2,2,2,2,1,1,5,2,,1,1,1,2,1,1,1,2,1,1,2,,01,2,02,19,968.00656967
5384870,1,3,2,2,1,1,3,1,3,1,,,98,98,,2,2,2,2,1,1,1,2,2,2,1,2,1,2,2,2,2,1,2,2,2,1,2,6,2,,1,1,1,4,1,1,1,2,1,1,2,,01,2,02,19,2020.8338863
5384871,1,3,2,2,2,4,9,1,5,4,,,,100000,,2,2,2,2,2,1,2,2,2,2,1,2,2,2,2,2,2,1,2,1,2,1,2,6,2,,1,1,1,2,1,0,2,2,2,,2,,01,2,02,19,2972.9679838
5384872,1,3,2,2,1,1,9,1,3,1,,,40000000,200000,,2,2,2,2,1,1,1,2,2,2,1,2,2,2,2,2,2,2,2,2,2,1,2,3,2,,1,1,1,2,1,1,1,2,1,1,2,,01,2,02,19,2136.1289613
5384873,1,3,1,2,1,4,9,1,4,5,,,,200000,,2,2,2,2,1,1,1,2,2,2,1,2,2,2,2,2,2,2,1,2,2,1,2,2,2,,1,1,1,4,1,1,2,2,1,1,2,,01,2,02,19,1342.7258295
5384874,1,3,2,2,1,4,3,1,3,4,,,,200000,,2,2,2,2,1,1,1,2,2,2,1,2,2,2,2,2,2,2,2,2,2,1,2,3,2,,1,1,1,2,1,1,1,2,2,,2,,01,2,02,19,2467.9410521
5384875,1,2,1,2,2,1,4,1,1,4,,,,80000,,2,2,2,2,2,1,1,2,2,2,1,2,2,2,2,2,2,2,2,2,2,1,2,3,2,,1,1,1,2,1,1,2,2,1,1,2,,01,2,02,19,2317.656497
5384876,1,3,1,2,1,4,3,1,3,1,,,98,300000,,2,2,2,2,1,1,1,2,2,2,2,2,2,2,2,2,2,2,1,2,2,1,2,2,2,,1,1,1,2,1,1,1,2,2,,2,,01,2,02,19,1984.1603812
5384877,1,2,1,2,1,4,3,4,4,1,,,98,100000,,2,2,2,2,1,2,1,2,2,2,1,2,2,2,2,2,2,1,2,2,2,1,1,2,2,,1,1,1,2,1,1,1,2,2,,2,,01,2,02,19,1342.7258295
5384878,1,1,1,2,2,1,4,1,4,4,,,,80000,,2,2,2,2,2,1,1,2,2,2,2,2,2,2,2,2,2,2,1,2,2,1,2,2,2,,1,2,1,2,1,1,2,2,1,1,2,,01,2,02,19,2241.3687368
5384879,1,3,1,2,1,1,3,1,4,3,,,,,180000,2,2,2,2,1,1,1,2,2,2,1,2,1,2,2,2,2,2,2,2,2,1,2,3,2,,1,2,1,4,1,1,2,2,1,1,2,,01,2,02,19,1991.2570402
5384880,1,4,2,2,2,1,4,1,4,1,,,98,120000,,2,2,2,2,1,1,1,2,2,2,1,2,2,2,2,2,2,2,1,2,2,1,2,6,2,,1,2,1,2,1,1,2,2,1,1,2,,01,2,02,19,1603.0536986
5384881,1,3,2,2,2,1,4,3,3,1,,,99,120000,,2,2,2,2,1,1,1,2,2,2,1,2,2,2,2,2,2,1,2,2,2,1,1,1,2,,1,1,1,2,1,1,1,2,1,1,2,,01,2,02,19,2274.2206064
5384882,1,4,3,2,2,1,4,1,3,1,,,99,120000,,2,2,2,2,1,1,1,2,2,2,1,2,2,2,2,2,2,1,1,2,2,1,3,4,2,,1,1,1,4,1,1,1,2,1,1,2,,01,2,02,19,2265.9079116
5384885,1,3,2,6,,4,3,4,4,4,,,,300000,,2,2,2,2,2,2,1,2,2,2,2,2,2,2,2,2,2,1,2,2,2,1,1,6,2,,1,1,1,2,1,1,2,2,2,,2,,01,2,02,19,3625.2591306
5384886,1,4,3,2,1,4,4,1,3,5,,,,150000,,2,2,2,2,1,1,1,2,2,2,1,2,2,2,2,2,2,1,2,2,2,1,3,5,2,,1,1,1,2,1,1,1,2,2,,2,,01,2,02,19,906.31478266
5384887,1,4,3,2,1,4,3,1,3,4,,,,300000,,2,2,2,2,1,1,1,2,2,2,1,2,2,2,2,2,2,2,2,2,2,1,1,5,2,,1,1,1,2,1,1,1,2,2,,2,,01,2,02,19,906.31478266
5384888,1,3,2,6,,4,4,1,3,1,,,98,80000,,2,2,2,2,2,1,1,2,2,2,1,2,2,2,2,2,2,1,1,2,2,1,2,2,2,,1,1,4,2,1,1,1,2,2,,2,,01,2,02,19,3399.435829
5384889,1,3,2,6,,4,4,1,4,1,,,99,98,,2,2,2,2,1,1,1,2,2,2,1,2,2,2,2,2,2,2,2,2,2,1,2,3,1,3,1,1,1,2,1,1,2,2,2,,2,,01,2,02,19,2323.069131
5384890,1,4,1,2,1,4,4,1,3,1,,,98,100000,,2,2,2,2,1,1,1,2,2,2,1,2,2,2,2,2,2,2,2,2,2,2,,1,2,,1,1,1,2,1,1,1,2,2,,2,,01,2,02,19,1170.9178499
5384891,1,3,1,2,1,4,3,1,4,1,,,98,250000,,2,2,2,2,1,1,1,2,2,2,1,2,2,2,2,2,2,2,1,2,2,1,2,2,2,,1,1,1,2,1,1,2,2,2,,2,,01,2,02,19,1342.7258295
5384893,1,4,1,2,1,4,4,1,3,5,,,,120000,,2,2,2,2,1,1,1,2,2,2,1,2,2,2,2,2,2,1,2,2,2,1,2,2,2,,1,1,1,2,1,1,1,2,2,,2,,01,2,02,19,1984.1603812
5384894,1,1,1,6,,4,4,1,4,4,,,,30000,,2,2,2,2,2,2,1,2,2,2,1,2,2,2,2,2,2,2,1,2,2,1,1,3,2,,1,1,1,2,1,1,2,2,2,,2,,01,2,02,19,1309.8739599
5384895,1,4,3,2,1,1,3,1,3,4,,,,200000,,2,2,1,2,1,1,1,2,2,2,1,2,1,2,2,2,2,2,1,2,2,2,,3,2,,1,1,1,4,1,1,1,2,1,1,2,,01,2,02,19,2722.7991773
5384896,1,4,3,2,1,1,9,1,3,1,,,99,250000,,2,2,1,2,1,1,1,2,2,2,1,2,2,2,2,2,2,2,2,2,2,1,2,3,2,,1,2,1,4,1,1,1,2,1,1,2,,01,2,02,19,906.31478266
5385198,1,3,2,1,1,1,3,3,3,1,,,50000000,400000,,2,1,2,1,1,1,1,2,2,2,1,2,1,2,2,1,1,2,2,2,2,1,3,3,2,,1,1,1,4,1,2,1,1,1,1,2,,01,2,02,54,587.51068094
5385199,1,4,3,3,1,1,2,1,4,1,,,20000000,200000,,2,2,2,1,1,1,1,2,2,2,1,2,1,2,2,2,1,1,1,2,2,1,2,7,2,,1,1,1,2,1,2,1,2,1,1,2,,01,2,02,54,1132.408534
5385200,1,7,3,2,1,3,3,1,4,1,,,5000000,100000,,2,2,2,2,2,1,1,2,2,2,1,2,2,2,2,2,1,2,2,2,2,1,3,3,1,2,1,1,1,2,1,1,1,2,2,,2,,01,2,02,54,337.78422794
5385201,1,4,3,1,1,3,3,1,4,1,,,25000000,200000,,2,2,2,1,1,1,1,2,2,2,1,2,2,2,2,2,2,2,1,2,2,1,3,4,2,,1,1,1,2,1,2,1,1,2,,2,,01,2,02,54,337.78422794
5385202,1,3,2,2,1,3,3,1,4,3,,,,,200000,2,2,2,1,1,1,1,2,2,2,1,2,2,2,2,2,1,2,2,2,2,1,1,4,1,1,1,1,1,2,1,2,2,2,2,,2,,01,2,02,54,729.8288122
5385203,1,4,2,3,1,3,2,1,5,5,,,,150000,,2,1,2,1,1,2,2,2,2,2,1,2,1,2,2,2,1,1,1,2,2,1,1,4,2,,1,1,1,2,1,0,2,2,2,,2,,01,2,02,54,1082.1952097
5385204,1,2,1,2,1,3,3,6,,4,,,,50000,,2,2,2,2,2,2,2,2,2,2,2,2,2,2,2,2,1,2,2,2,2,1,1,1,2,,1,1,5,2,1,2,2,2,2,,2,,01,2,02,54,762.87023152
5385205,1,3,2,3,1,4,3,1,4,1,,,30000000,300000,,2,2,2,1,1,1,1,2,2,2,1,2,2,2,2,2,1,1,2,2,2,1,3,3,2,,1,1,1,4,1,2,1,2,2,,2,,01,2,02,54,569.81564949
5385206,1,2,1,3,1,4,2,1,4,5,,,,250000,,2,2,1,1,1,1,1,2,2,2,1,2,2,2,2,2,1,2,1,2,2,1,1,2,2,,1,1,5,2,1,0,2,2,2,,2,,01,2,02,54,517.90393675
5385207,1,3,2,1,1,1,1,1,4,1,,,99,250000,,2,1,2,1,1,1,1,2,2,2,1,2,2,2,2,2,1,2,1,2,2,1,1,5,2,,1,1,1,4,1,2,1,1,1,1,1,1,01,2,02,54,360.71700339
5385208,1,3,1,1,1,1,1,1,3,1,,,98,500000,,2,1,2,2,1,1,1,2,2,2,1,2,2,2,2,2,1,2,2,2,2,1,1,2,2,,1,1,1,2,1,2,1,1,1,1,1,2,01,2,02,54,457.02265761
5385209,1,3,1,1,1,1,1,1,4,4,,,,400000,,2,1,1,1,1,1,1,1,2,2,1,2,2,1,2,1,1,2,1,2,2,1,2,3,2,,1,1,1,2,1,2,1,1,1,1,1,2,01,2,02,54,850.64959293
5385210,1,4,3,1,1,1,1,1,4,3,,,,,450000,2,1,1,1,1,1,1,2,2,2,1,2,2,1,2,2,1,2,2,2,2,1,3,5,2,,1,1,1,4,1,2,1,1,1,1,1,2,01,2,02,54,900.63559579
5385211,1,3,3,1,1,1,1,1,4,1,,,99,400000,,2,2,2,2,1,1,1,2,2,2,2,2,2,2,2,2,1,2,2,2,2,1,3,8,2,,1,1,1,4,1,2,1,1,1,1,1,1,01,2,02,54,510.18125073
5385212,1,2,1,1,2,1,1,1,4,3,,,,,150000,2,2,2,2,1,1,1,2,2,2,1,2,2,2,2,2,1,2,1,2,2,1,2,2,2,,1,1,1,2,1,2,2,1,1,1,1,2,01,2,02,54,605.57501626
5385213,1,2,1,1,1,1,1,1,3,4,,,,300000,,2,1,1,2,1,1,1,1,2,2,1,2,2,2,2,2,1,2,2,2,2,1,2,3,2,,1,1,1,2,1,2,1,1,1,1,1,2,01,2,02,54,358.20542585
5385214,1,3,2,1,1,1,1,1,3,4,,,,300000,,2,1,2,1,1,1,1,2,2,2,1,2,2,2,2,2,1,2,2,2,2,1,1,3,2,,1,1,1,4,1,2,1,1,1,1,1,2,01,2,02,54,587.51068094
5385215,1,4,3,1,1,1,1,1,4,1,,,99,300000,,2,2,2,1,1,1,1,2,2,2,2,2,1,2,2,2,1,2,1,2,2,1,4,7,2,,1,1,1,4,1,2,1,1,1,1,1,1,01,2,02,54,923.20160597
5385217,1,4,2,2,1,4,2,1,5,1,,,20000000,200000,,2,2,2,1,1,1,2,2,2,2,1,2,2,2,2,2,2,2,2,2,2,2,,7,2,,1,1,1,2,1,2,2,2,2,,2,,01,2,02,54,807.55423556
5385218,1,3,2,2,1,4,4,1,4,5,,,,100000,,2,2,2,2,1,2,1,1,2,2,2,2,2,2,2,2,1,2,1,2,2,2,,2,2,,1,1,5,1,1,1,2,2,2,,2,,01,2,02,54,480.11057821
5385219,1,4,1,2,1,4,2,1,4,1,,,98,98,,1,2,2,1,1,1,1,2,2,2,1,2,2,2,2,2,1,2,1,2,2,1,2,2,2,,1,1,5,2,1,2,2,2,2,,2,,01,2,02,54,517.90393675
5385220,1,3,3,6,,4,4,1,5,5,,,,100000,,2,2,2,2,1,1,2,2,2,2,1,2,2,2,2,2,1,2,2,2,2,1,1,6,2,,1,1,5,1,1,1,2,2,2,,2,,01,2,02,54,600.27301744
5385221,1,3,1,2,1,4,2,1,4,1,,,98,150000,,2,1,1,2,1,1,1,2,2,2,1,2,1,2,2,2,1,1,1,2,2,1,2,3,2,,1,1,5,2,1,1,2,2,2,,2,,01,2,02,54,800.04957323
5385222,1,2,1,2,1,3,2,4,4,4,,,,100000,,2,2,2,2,2,2,1,2,2,2,1,1,2,2,2,2,2,2,2,2,2,1,1,2,2,,1,1,5,1,1,0,2,2,2,,2,,01,2,02,54,712.74779759
5385223,1,3,2,4,1,4,4,1,4,5,,,,100000,,2,1,2,2,1,1,1,2,2,2,1,2,2,2,2,2,1,1,1,2,2,1,1,3,2,,1,1,5,2,1,1,2,2,2,,2,,01,2,02,54,378.30375295
5385224,1,3,2,6,,4,2,1,5,5,,,,100000,,2,2,2,2,1,2,1,2,2,2,1,2,2,2,2,2,1,2,1,2,2,1,1,3,2,,1,1,5,1,1,0,2,2,2,,2,,01,2,02,54,569.81564949
5385225,1,1,1,2,1,4,2,2,4,1,,,15000000,150000,,2,2,2,2,2,2,1,2,2,2,2,2,2,2,2,2,2,2,2,2,2,2,,3,2,,1,1,1,4,1,1,2,2,2,,2,,01,2,02,54,739.16829408
5385226,1,2,2,2,1,3,2,1,4,3,,,,,400000,2,2,2,2,2,2,2,2,2,2,1,2,2,2,2,2,1,2,1,2,2,1,2,7,2,,1,1,1,2,1,2,2,2,2,,2,,01,2,02,54,919.86964168
5385227,1,4,3,2,1,4,3,1,3,5,,,,250000,,2,2,1,1,1,1,1,2,2,2,1,2,1,2,2,2,1,1,1,2,2,1,2,5,2,,1,1,1,2,1,0,1,2,2,,2,,01,2,02,54,780.65615331
5385228,1,3,2,2,1,4,4,1,4,5,,,,300000,,2,2,2,1,1,1,1,2,2,2,1,2,2,2,2,2,1,2,2,2,2,1,2,4,2,,1,1,1,2,1,1,2,2,2,,2,,01,2,02,54,851.96128596
5385229,1,2,1,2,1,4,4,1,4,5,,,,100000,,2,1,2,2,1,1,1,2,2,2,1,2,2,2,2,2,1,2,1,2,2,2,,3,2,,1,1,5,2,1,0,2,2,2,,2,,01,2,02,54,905.41568418
5385230,1,3,1,2,1,4,2,1,5,1,,,10000000,150000,,2,2,2,2,1,1,1,2,2,2,1,2,2,2,2,2,1,2,2,2,2,1,1,2,2,,1,1,1,2,1,2,2,2,2,,2,,01,2,02,54,457.02265761
5385231,1,1,1,6,,3,3,5,3,3,,,,,100000,2,2,2,2,2,2,1,2,2,2,1,2,2,2,2,2,1,2,2,2,2,1,1,1,2,,1,1,1,1,1,0,1,2,2,,2,,01,2,02,54,762.87023152
5385232,1,3,2,2,1,4,2,1,3,5,,,,150000,,2,2,2,2,2,2,1,2,2,2,1,2,2,2,2,2,1,2,1,2,2,1,1,2,2,,1,1,1,1,1,0,1,2,2,,2,,01,2,02,54,623.27004771
5385233,1,3,2,2,1,4,4,1,4,5,,,,150000,,2,2,2,2,1,1,1,2,2,2,1,2,2,2,2,2,1,2,2,2,2,1,1,4,2,,1,1,5,2,1,0,2,2,2,,2,,01,2,02,54,1132.7952294
5385234,1,4,3,2,1,4,2,1,4,1,,,15000000,200000,,2,2,2,2,2,1,1,2,2,2,1,2,2,2,2,2,1,2,2,2,2,1,1,5,2,,1,1,1,2,1,0,2,2,2,,2,,01,2,02,54,966.7751607
5385235,1,2,1,2,1,4,4,1,4,3,,,,,150000,2,1,2,2,1,2,1,2,2,2,1,2,2,2,2,2,2,2,1,2,2,1,1,4,2,,1,1,5,2,1,0,2,2,2,,2,,01,2,02,54,1132.7952294
5385236,1,3,2,6,,3,3,1,4,4,,,,150000,,2,2,2,1,1,1,1,2,2,2,1,2,2,2,2,2,1,2,2,2,2,2,,4,2,,1,1,5,1,1,0,2,2,2,,2,,01,2,02,54,1064.5001782
5385237,1,1,1,6,,4,2,2,5,4,,,,150000,,2,1,2,1,1,1,1,2,2,2,1,2,2,2,2,2,1,2,1,2,2,1,1,4,2,,1,1,5,1,1,1,2,2,2,,2,,01,2,02,54,1132.7952294
5385238,1,2,1,6,,4,4,5,5,4,,,,30000,,2,2,2,2,2,2,2,2,2,2,2,2,2,2,2,2,2,2,2,2,2,2,,5,2,,1,1,5,2,1,0,2,2,2,,2,,01,2,02,54,993.19504559
5385239,1,3,2,6,,4,3,1,5,4,,,,150000,,2,2,2,2,2,2,2,2,2,2,1,2,2,2,2,2,2,2,2,2,2,1,2,7,2,,1,1,5,1,1,1,2,2,2,,2,,01,2,02,54,337.78422794
5385240,1,2,1,6,,4,3,1,4,4,,,,98,,2,2,2,1,2,2,1,2,2,2,1,2,1,2,2,2,1,2,1,2,2,1,1,3,2,,1,1,5,1,1,0,2,2,2,,2,,01,2,02,54,938.32067243
5385241,1,2,1,2,1,3,4,1,5,5,,,,100000,,2,2,2,2,1,1,1,2,2,2,1,2,2,2,2,2,1,2,2,2,2,1,1,2,2,,1,1,1,2,1,0,2,2,2,,2,,01,2,02,54,457.02265761
5385242,1,5,3,2,1,4,2,1,4,1,,,98,98,,2,1,2,1,1,1,1,2,2,2,1,2,1,2,2,2,1,2,1,2,2,1,1,6,2,,1,1,1,4,1,1,2,2,2,,2,,01,2,02,54,604.81901696
5385243,1,3,2,2,1,3,4,1,5,4,,,,50000,,2,2,2,2,1,1,1,2,2,2,1,2,2,2,2,2,1,1,1,2,2,1,1,4,2,,1,1,5,1,1,0,2,2,2,,2,,01,2,02,54,447.91049713
5385244,1,5,3,2,1,4,2,1,4,1,,,50000000,300000,,2,1,2,1,1,1,1,2,2,2,1,2,2,2,2,1,1,2,1,2,2,1,3,5,2,,1,1,1,4,1,1,2,2,2,,2,,01,2,02,54,730.0561336
5385245,1,4,2,2,1,4,2,1,4,4,,,,500000,,2,1,2,1,1,1,1,2,2,2,1,2,2,2,2,1,2,2,1,2,2,1,3,4,2,,1,1,1,4,1,1,2,2,2,,2,,01,2,02,54,337.78422794
5385246,1,4,3,2,1,5,2,1,4,1,,,20000000,200000,,2,2,2,1,1,1,1,2,2,2,1,2,2,2,2,2,1,2,1,2,2,1,2,9,2,,1,1,1,2,1,0,2,2,2,,2,,01,2,02,54,1274.9539866
5385247,1,3,2,2,1,4,2,1,3,5,,,,200000,,2,2,2,1,1,1,1,2,2,2,1,2,2,2,2,2,1,2,1,2,2,1,1,6,2,,1,1,1,2,1,0,1,2,2,,2,,01,2,02,54,535.68985854
5385248,1,2,1,6,,3,3,1,4,3,,,,,100000,2,2,2,2,2,2,1,2,2,2,1,2,2,2,2,1,2,2,1,2,2,2,,3,2,,1,1,5,2,1,1,2,2,2,,2,,01,2,02,54,905.41568418
5385249,1,3,1,2,1,3,3,1,4,5,,,,100000,,2,2,2,2,1,1,1,2,2,2,1,2,2,2,2,2,1,1,1,2,2,1,1,4,2,,1,1,1,2,1,1,1,2,2,,2,,01,2,02,54,1183.3952491
5385250,1,2,1,2,1,4,2,1,4,3,,,,,150000,2,2,2,2,2,1,1,2,2,2,1,2,2,2,2,2,1,2,2,2,2,1,1,4,2,,1,1,5,2,1,0,2,2,2,,2,,01,2,02,54,1351.1369118
5385251,1,3,2,2,1,4,2,5,5,1,,,10000000,150000,,2,2,2,2,2,1,1,2,2,2,1,2,2,2,2,2,1,2,1,2,2,1,2,7,2,,1,1,1,2,1,0,2,2,2,,2,,01,2,02,54,713.99467797
5385252,1,3,2,2,1,3,3,1,4,5,,,,200000,,2,2,2,2,1,1,1,2,2,2,1,2,1,2,2,2,1,2,1,2,2,1,1,3,2,,1,1,1,2,1,1,2,2,2,,2,,01,2,02,54,378.30375295
5385253,1,4,3,2,1,4,3,1,4,5,,,,98,,2,1,2,1,1,1,1,2,2,2,1,2,2,2,2,2,1,2,1,2,2,1,1,5,2,,1,1,1,2,1,0,2,2,2,,2,,01,2,02,54,392.05280327
5385254,1,3,2,6,,4,2,1,5,1,,,20000000,200000,,2,2,2,2,1,2,2,2,2,2,2,2,2,2,2,2,1,2,2,2,2,1,1,3,2,,1,1,1,2,1,1,2,2,2,,2,,01,2,02,54,526.62940179
5385255,1,3,1,2,1,4,2,1,5,4,,,,150000,,2,2,2,2,1,2,2,2,2,2,2,2,2,2,2,2,1,2,2,2,2,1,2,4,2,,1,1,5,3,1,1,2,2,2,,2,,01,2,02,54,1183.3952491
5385256,1,2,1,3,1,4,2,1,4,5,,,,200000,,2,1,2,1,1,1,1,2,2,2,1,2,2,2,2,2,1,2,1,2,2,2,,3,2,,1,1,5,3,1,0,2,2,2,,2,,01,2,02,54,956.01570389
5385257,1,3,2,2,1,4,3,1,5,4,,,,60000,,2,2,2,2,1,1,1,2,2,2,1,2,2,2,2,2,2,2,2,2,2,1,2,6,2,,1,1,5,1,1,1,2,2,2,,2,,01,2,02,54,1080.4968212
5385258,1,3,2,1,1,1,1,1,4,3,,,,,350000,2,1,2,1,1,1,1,2,2,2,1,2,2,2,2,1,1,2,2,2,2,1,2,4,2,,1,1,1,2,1,2,2,1,1,2,1,2,01,2,02,54,1082.1952097
5385259,1,3,2,2,1,4,2,1,5,4,,,,250000,,2,1,2,1,1,1,2,2,2,2,1,2,1,2,2,2,1,2,1,2,2,1,1,4,2,,1,1,1,2,1,2,2,2,2,,2,,01,2,02,54,869.65631741
5385260,1,3,2,1,1,1,1,1,4,1,,,98,98,,2,1,2,1,1,1,1,2,2,2,1,2,2,2,2,2,1,2,2,2,2,1,1,5,2,,1,1,1,2,1,2,2,1,1,2,1,2,01,2,02,54,989.8630813
5385261,1,3,2,6,,4,2,1,5,1,,,10000000,100000,,2,1,2,2,1,1,1,2,2,2,1,2,2,2,2,2,1,2,1,2,2,1,2,3,2,,1,1,5,3,1,1,2,2,2,,2,,01,2,02,54,378.30375295
5385262,1,4,1,2,1,3,4,1,5,1,,,7000000,60000,,2,2,2,2,1,1,1,2,2,2,1,2,2,2,2,2,1,2,2,2,2,1,2,2,2,,1,1,5,1,1,1,2,2,2,,2,,01,2,02,54,477.1209847
5385263,1,1,1,6,,4,2,5,5,4,,,,80000,,2,2,2,2,2,2,2,2,2,2,1,2,2,2,2,2,2,2,1,2,2,2,,1,2,,1,1,5,1,1,1,2,2,2,,2,,01,2,02,54,722.08727947
5385265,1,2,2,1,1,1,1,1,4,1,,,35000000,150000,,2,1,1,1,1,1,1,2,2,2,1,2,1,2,2,2,1,2,1,2,2,1,2,4,2,,1,1,1,2,1,2,2,1,1,1,1,1,01,2,02,54,711.04940912
5385266,1,3,2,1,1,1,1,1,4,3,,,,,200000,2,1,2,1,1,1,1,2,2,2,1,2,2,2,2,2,1,2,2,2,2,1,1,5,2,,1,1,1,2,1,2,2,1,1,1,1,1,01,2,02,54,337.78422794
5385267,1,2,2,1,1,1,1,1,4,1,,,8000000,300000,,2,2,2,2,1,1,1,2,2,2,1,2,2,2,2,2,1,2,2,2,2,1,1,4,1,3,1,1,1,2,1,2,2,1,1,2,1,2,01,2,02,54,1169.8662892
5385268,1,3,3,1,1,1,1,1,4,3,,,,,200000,2,2,2,2,1,1,1,2,2,2,1,2,2,2,2,2,1,2,2,2,2,1,1,4,1,3,1,1,1,2,1,0,2,1,1,1,1,1,01,2,02,54,484.14744967
5385270,1,2,1,1,1,1,1,1,4,1,,,15000000,300000,,2,1,2,2,1,1,1,2,2,2,1,2,2,2,2,2,1,2,2,2,2,1,2,2,2,,1,1,1,2,1,2,2,1,1,2,1,2,01,2,02,54,477.1209847
5385271,1,3,2,1,1,1,1,1,4,1,,,98,98,,2,2,2,2,1,1,1,2,2,2,1,2,2,2,2,2,2,2,2,2,2,2,,4,2,,1,1,1,2,1,2,2,1,1,2,1,2,01,2,02,54,404.72424944
5385273,1,2,1,1,1,1,1,1,4,1,,,12000000,150000,,2,2,2,2,1,1,1,2,2,2,1,2,2,2,2,2,1,2,2,2,2,1,1,2,2,,1,1,1,2,1,2,2,1,1,2,1,2,01,2,02,54,1095.6158877
5385274,1,3,2,1,1,1,1,1,4,3,,,,,300000,2,1,2,2,1,1,1,2,2,2,1,2,2,2,2,2,1,2,2,2,2,1,1,4,1,1,1,1,1,2,1,2,2,1,1,2,1,2,01,2,02,54,855.29325025
5385276,1,3,1,1,1,1,1,1,4,4,,,,150000,,2,2,2,2,1,1,1,2,2,2,1,2,2,2,2,2,1,2,2,2,2,1,1,2,1,2,1,1,1,2,1,2,2,1,1,2,1,2,01,2,02,54,480.11057821
5385277,1,3,1,1,1,1,1,1,4,1,,,8000000,50000,,2,2,2,2,1,1,1,2,2,2,2,2,2,2,2,2,1,2,2,2,2,1,1,1,2,,1,1,5,2,1,1,2,1,1,1,1,1,01,2,02,54,410.50383402
5385278,1,2,1,1,1,1,1,6,,1,,,10000000,100000,,2,2,2,2,2,2,2,2,2,2,2,2,2,2,2,2,2,2,2,2,2,2,,1,2,,1,1,5,1,1,0,2,1,1,1,1,1,01,2,02,54,410.50383402
5385279,1,4,3,1,1,1,1,1,4,1,,,99,350000,,2,1,1,1,1,1,1,2,2,2,1,2,1,2,2,1,1,2,1,2,2,1,2,4,2,,1,1,1,4,1,2,2,1,1,1,1,1,01,2,02,54,447.91049713
5385281,1,3,1,1,1,1,1,1,5,1,,,30000000,300000,,2,2,2,2,1,1,1,2,2,2,1,2,2,2,2,2,1,2,2,2,2,1,1,2,1,2,1,1,1,2,1,2,2,1,1,2,1,2,01,2,02,54,457.02265761
5385282,1,3,2,1,1,1,1,1,4,1,,,15000000,150000,,2,2,2,1,1,1,1,2,2,2,1,1,1,2,2,2,2,2,1,2,2,2,,6,1,3,1,1,1,2,1,1,2,1,1,1,1,1,01,2,02,54,850.26289749
5385283,1,2,2,1,1,1,1,1,4,3,,,,,450000,2,1,2,1,1,1,1,2,2,2,1,2,2,2,2,2,1,2,1,2,2,1,2,4,2,,1,1,1,4,1,1,2,1,1,1,1,1,01,2,02,54,430.21546568
5385284,1,3,2,1,1,1,1,1,4,3,,,,,300000,2,2,2,2,1,1,1,2,2,2,1,2,2,2,2,2,1,2,2,2,2,1,1,3,2,,1,1,1,2,1,2,2,1,1,2,1,2,01,2,02,54,994.89343406
5385285,1,3,1,1,1,1,1,1,4,3,,,,,300000,2,2,2,2,1,1,1,2,2,2,1,2,2,2,2,2,1,2,1,2,2,1,1,1,2,,1,1,1,2,1,2,2,1,1,2,1,2,01,2,02,54,762.87023152
5385286,1,3,2,1,1,1,1,1,4,1,,,98,98,,2,1,2,1,1,1,1,2,2,2,1,2,2,2,2,2,2,2,2,2,2,1,1,4,2,,1,1,1,2,1,2,2,1,1,2,1,2,01,2,02,54,413.44910288
5385287,1,3,1,1,1,1,1,1,4,3,,,,,350000,2,1,2,1,1,1,1,2,2,2,1,2,2,2,2,2,1,2,1,2,2,1,2,2,2,,1,1,1,4,1,2,2,1,1,2,1,2,01,2,02,54,517.90393675
5385291,1,2,1,6,,4,3,1,4,3,,,,,150000,2,1,2,1,1,1,1,2,2,2,1,2,2,2,2,2,2,2,2,2,2,1,1,3,2,,1,1,5,1,1,0,2,2,2,,2,,01,2,02,54,956.01570389
5385292,1,2,1,6,,4,6,5,4,3,,,,,100000,2,2,2,2,2,1,1,2,2,2,2,2,2,2,2,2,1,2,2,2,2,2,,3,2,,1,1,5,1,1,0,2,2,2,,2,,01,2,02,54,887.72065273
5385293,1,2,1,6,,4,6,2,4,3,,,,,100000,2,2,2,2,2,2,1,2,2,2,2,2,2,2,2,2,1,2,2,2,2,2,,2,2,,1,1,5,1,1,0,2,2,2,,2,,01,2,02,54,517.90393675
5385294,1,3,2,2,1,3,2,1,5,1,,,5000000,60000,,2,1,2,2,1,1,1,2,2,2,1,2,2,2,2,2,1,2,2,2,2,1,1,3,2,,1,1,5,2,1,1,2,2,2,,2,,01,2,02,54,623.74763348
5385295,1,4,4,3,1,4,2,1,5,1,,,25000000,250000,,2,1,2,2,1,1,1,2,2,2,1,2,2,2,2,2,1,2,1,2,2,1,1,5,2,,1,1,1,2,1,1,2,1,2,,2,,01,2,02,54,730.0561336
5385296,1,2,1,6,,4,2,1,5,4,,,,60000,,2,2,2,2,1,1,1,2,2,2,1,2,2,2,2,2,1,2,2,2,2,1,1,2,1,2,1,1,5,1,1,1,2,2,2,,2,,01,2,02,54,517.90393675
5385297,1,3,2,2,1,4,2,1,4,3,,,,,350000,2,2,2,1,1,1,1,2,2,2,2,2,2,2,2,2,1,2,1,2,2,1,1,2,2,,1,1,1,2,1,0,2,2,2,,2,,01,2,02,54,605.57501626
5385298,1,3,1,3,1,3,2,1,5,4,,,,60000,,2,2,2,2,2,2,1,2,2,2,2,2,2,2,2,2,1,2,2,2,2,1,1,5,2,,1,1,5,1,1,1,2,2,2,,2,,01,2,02,54,1351.1369118
5385299,1,3,2,2,1,4,2,1,4,3,,,,,200000,2,2,2,1,1,1,1,2,2,2,1,2,2,2,2,2,1,2,1,2,2,1,3,7,2,,1,1,5,2,1,0,2,2,2,,2,,01,2,02,54,674.42576115
5385321,1,3,2,3,1,4,3,1,4,4,,,,98,,2,2,2,2,1,1,1,2,2,2,2,2,2,2,2,2,1,2,1,2,2,1,2,2,2,,1,1,1,2,1,2,2,2,2,,2,,01,2,02,54,500.2089053
5385322,1,3,2,2,1,4,2,1,4,1,,,99,250000,,2,2,2,1,1,1,1,2,2,2,2,2,2,2,2,2,2,2,1,2,2,1,2,4,2,,1,1,1,2,1,2,2,2,2,,2,,01,2,02,54,337.78422794
5385323,1,2,1,3,1,4,3,1,5,4,,,,100000,,2,1,2,1,1,1,1,2,2,2,1,2,2,2,2,2,1,2,1,2,2,1,1,4,2,,1,1,1,2,1,1,2,2,2,,2,,01,2,02,54,711.04940912
5385324,1,3,2,3,1,4,2,1,4,1,,,98,98,,2,2,2,2,1,2,1,2,2,2,1,2,2,2,2,2,1,2,1,2,2,1,2,4,2,,1,1,1,4,1,2,2,2,2,,2,,01,2,02,54,869.65631741
5385325,1,1,1,3,1,4,3,4,4,4,,,,200000,,2,2,1,2,2,1,1,2,2,2,2,2,2,2,2,2,2,2,1,2,2,1,2,5,2,,1,1,1,2,1,0,2,2,2,,2,,01,2,02,54,780.65615331
5385326,1,3,2,2,1,4,3,1,5,5,,,,60000,,2,2,2,2,1,1,1,2,2,2,2,2,2,2,2,2,1,2,2,2,2,1,1,2,1,4,1,1,1,2,1,1,2,2,2,,2,,01,2,02,54,337.78422794
5385327,1,3,1,6,,4,3,1,4,1,,,98,98,,2,2,2,2,1,1,1,2,2,2,1,2,2,2,2,2,1,2,2,2,2,1,1,2,2,,1,1,1,2,1,2,2,2,2,,2,,01,2,02,54,500.2089053
5385328,1,2,1,2,1,4,3,1,5,4,,,,80000,,2,2,2,2,1,1,1,2,2,2,1,2,2,2,2,2,1,2,2,2,2,2,,2,1,2,1,1,1,2,1,1,2,2,2,,2,,01,2,02,54,337.78422794
5385329,1,4,3,3,1,4,3,1,4,4,,,,400000,,2,1,1,1,1,1,1,2,2,2,1,2,2,2,2,2,1,2,2,1,2,1,3,6,2,,1,1,1,4,1,0,2,2,2,,2,,01,2,02,54,1272.0087178
5385330,1,2,1,6,,4,3,1,4,4,,,,150000,,2,2,2,2,1,2,1,2,2,2,1,2,2,2,2,2,1,2,2,2,2,1,1,4,2,,1,1,5,2,1,0,2,2,2,,2,,01,2,02,54,642.75435797
5385331,1,3,3,3,1,4,3,1,4,5,,,,400000,,2,1,2,2,1,1,1,2,2,2,1,2,2,2,2,2,1,2,2,2,2,1,1,5,2,,1,1,1,2,1,0,2,2,2,,2,,01,2,02,54,780.65615331
5385332,1,4,3,3,1,4,2,1,5,1,,,25000000,150000,,2,2,2,1,2,1,1,2,2,2,2,2,2,2,2,2,1,2,2,2,2,1,1,7,2,,1,1,5,2,1,2,2,2,2,,2,,01,2,02,54,406.74084964
5385333,1,2,1,3,1,4,3,1,4,5,,,,100000,,2,2,2,2,2,2,1,2,2,2,2,2,2,2,2,2,1,2,2,2,2,2,,1,2,,1,1,5,2,1,0,2,2,2,,2,,01,2,02,54,722.08727947
5385334,1,3,1,3,1,4,3,1,4,4,,,,60000,,2,2,2,1,1,1,1,2,2,2,1,2,2,2,2,2,1,2,2,2,2,2,,2,2,,1,1,1,2,1,1,2,2,2,,2,,01,2,02,54,337.78422794
5385335,1,3,2,3,1,4,3,1,4,4,,,,150000,,2,2,2,2,1,1,1,2,2,2,1,2,2,2,2,2,1,2,2,2,2,2,,2,2,,1,1,5,2,1,0,2,2,2,,2,,01,2,02,54,497.80560966
5385336,1,4,2,2,1,4,2,1,4,1,,,99,400000,,2,1,1,1,1,1,1,2,2,2,1,2,2,2,2,2,1,2,1,2,2,1,2,4,2,,1,1,1,4,1,2,2,2,2,,2,,01,2,02,54,337.78422794
5385337,1,2,1,2,1,4,3,1,4,5,,,,70000,,2,2,2,2,1,1,2,2,2,2,1,2,2,2,2,2,1,2,2,2,2,2,,1,1,2,1,1,1,2,1,1,2,2,2,,2,,01,2,02,54,410.50383402
5385339,1,3,2,2,1,4,2,1,5,4,,,,150000,,2,2,2,2,2,1,1,2,2,2,1,2,2,2,2,2,1,2,2,2,2,1,1,4,2,,1,1,1,4,1,2,2,2,2,,2,,01,2,02,54,1118.1130427
5385340,1,7,3,2,1,4,1,1,5,1,,,98,98,,2,2,2,1,1,1,1,2,2,2,1,2,2,2,2,2,1,1,1,2,2,1,2,8,2,,1,1,3,2,1,2,2,2,2,,1,2,01,2,02,54,2019.8251972
5385341,1,1,1,6,,4,2,1,5,4,,,,50000,,2,1,2,2,2,2,1,2,2,2,1,2,2,2,2,2,1,2,2,2,2,2,,2,2,,1,1,1,4,1,2,2,2,2,,2,,01,2,02,54,881.23541456
5385342,1,3,1,2,1,4,2,1,5,4,,,,200000,,2,2,2,1,1,1,1,2,2,2,1,2,2,2,2,2,1,2,2,2,2,1,1,2,2,,1,1,1,4,1,2,2,2,2,,2,,01,2,02,54,777.64334766
5385343,1,7,2,2,1,4,2,1,5,4,,,,200000,,2,2,2,2,1,1,1,2,2,2,1,2,2,2,2,2,1,2,1,2,2,1,2,3,2,,1,1,1,4,1,2,2,2,2,,2,,01,2,02,54,999.67422863
5385345,1,1,1,6,,4,1,2,4,1,,,20000000,100000,,2,2,2,2,2,2,1,2,2,2,2,2,2,2,2,2,2,2,2,2,2,1,1,1,2,,1,1,5,1,1,2,2,2,2,,1,2,01,2,02,54,1228.6619929
5385346,1,4,3,3,1,1,1,1,5,5,,,,150000,,2,2,2,2,1,1,2,2,2,2,1,2,1,2,2,2,1,2,1,2,2,1,2,6,2,,1,1,1,2,1,2,2,2,1,1,1,2,01,2,02,54,1645.821386
5385347,1,2,1,2,1,4,2,1,5,3,,,,,100000,2,2,2,2,2,2,1,2,2,2,1,2,2,2,2,2,1,2,2,2,2,1,1,6,2,,1,1,1,2,1,2,2,2,2,,2,,01,2,02,54,2299.0165011
5385374,1,2,1,1,1,1,1,1,3,5,,,,300000,,2,1,2,2,1,1,1,2,2,2,1,2,1,2,2,2,1,2,2,2,2,1,2,3,2,,1,1,1,4,1,2,1,1,1,2,1,2,01,2,02,54,741.20825766
5385375,1,5,4,1,1,1,1,1,3,4,,,,200000,,2,2,1,1,1,1,1,2,2,2,1,2,2,2,2,2,1,2,2,2,2,1,3,9,2,,1,1,1,4,1,2,1,1,1,2,1,2,01,2,02,54,1667.2518777
5385377,1,3,2,1,1,1,1,1,3,3,,,,,200000,2,2,2,2,2,1,1,2,2,2,1,2,2,2,2,2,1,1,2,2,2,1,3,5,2,,1,1,1,4,1,2,1,1,1,2,1,2,01,2,02,54,741.20825766
5385378,1,2,1,1,1,1,1,1,3,5,,,,200000,,2,2,2,2,1,1,1,1,2,2,1,2,1,2,2,2,1,2,2,2,2,1,1,2,2,,1,1,1,4,1,2,1,1,1,2,1,2,01,2,02,54,1136.4493746
5385379,1,3,1,1,1,1,1,3,3,4,,,,200000,,2,1,2,1,1,1,1,2,2,2,1,2,2,2,2,2,1,2,2,2,2,2,,2,2,,1,1,1,4,1,2,1,1,1,2,1,2,01,2,02,54,1002.8560831
5385380,1,3,2,1,1,1,1,1,3,4,,,,200000,,2,1,2,2,1,1,1,2,2,2,1,2,2,2,2,2,1,2,2,2,2,1,1,4,2,,1,1,1,2,1,2,1,1,1,2,1,2,01,2,02,54,1410.4117314
5385381,1,1,1,1,1,4,1,2,4,5,,,,200000,,2,2,2,2,1,1,1,2,2,2,1,2,2,2,2,2,1,1,2,2,2,1,1,1,2,,1,1,5,4,1,2,2,1,2,,1,2,01,2,02,54,1584.4939166
5385382,1,3,2,1,1,1,1,3,4,3,,,,,80000,2,1,2,2,1,1,1,1,2,2,1,2,1,2,2,2,1,2,2,2,2,1,2,5,2,,1,1,4,2,1,2,2,1,1,2,1,2,01,2,02,54,1751.8416839
5385383,1,2,1,1,1,1,1,5,5,5,,,,100000,,2,2,2,2,2,2,1,2,2,2,2,2,2,2,2,2,1,2,2,2,2,1,1,1,2,,1,1,1,2,1,1,2,1,1,2,1,2,01,2,02,54,900.77868181
5385384,1,2,1,1,1,1,1,1,4,1,,,98,200000,,2,2,2,2,1,1,1,2,2,2,1,2,2,2,2,2,1,2,2,2,2,1,1,1,2,,1,1,1,2,1,0,2,1,1,2,1,2,01,2,02,54,900.77868181
5385385,1,2,1,1,1,1,1,1,4,5,,,,150000,,2,2,2,2,2,1,1,2,2,2,1,2,2,2,2,2,1,1,2,2,2,1,1,2,2,,1,1,4,2,1,0,2,1,1,2,1,2,01,2,02,54,1092.3471201
5385386,1,1,1,1,1,4,1,1,4,4,,,,50000,,2,2,2,2,2,2,1,2,2,2,2,2,2,2,2,2,2,2,2,2,2,2,,2,2,,1,1,3,1,1,0,2,1,2,,1,2,01,2,02,54,1046.9583376
5385387,1,2,1,1,1,1,1,1,4,5,,,,100000,,2,2,2,2,1,2,1,2,2,2,1,2,2,2,2,2,1,2,2,2,2,1,1,1,2,,1,1,1,4,1,2,2,1,1,2,1,2,01,2,02,54,1584.4939166
5385388,1,3,1,1,1,1,1,1,3,1,,,98,200000,,2,1,2,2,1,1,1,2,2,2,1,2,2,2,2,2,1,2,1,2,2,1,1,1,2,,1,1,1,4,1,2,1,1,1,2,1,2,01,2,02,54,1584.4939166
5385390,1,3,2,1,1,1,1,1,4,5,,,,200000,,2,2,2,2,1,2,1,2,2,2,1,2,2,2,2,2,1,2,2,2,2,1,2,2,2,,1,1,3,2,1,2,2,1,1,2,1,2,01,2,02,54,741.20825766
5385411,1,1,1,6,,4,2,1,5,5,,,,150000,,2,2,2,2,1,1,1,2,2,2,1,2,2,2,2,2,1,2,2,2,2,1,1,3,2,,1,1,1,1,1,0,2,2,2,,2,,01,2,02,54,1194.4245213
5385412,1,1,1,2,1,4,2,1,5,5,,,,100000,,2,2,2,2,1,2,2,2,2,2,1,2,2,2,2,2,1,2,2,2,2,1,1,2,2,,1,1,3,2,1,2,2,2,2,,2,,01,2,02,54,1002.8560831
5385413,1,1,1,3,2,4,2,1,5,4,,,,50000,,2,2,2,2,2,2,2,2,2,2,1,2,2,2,2,2,2,2,2,2,2,1,2,11,2,,1,1,5,1,1,2,2,2,2,,2,,01,2,02,54,2964.8330306
5385414,1,1,1,6,,4,2,1,5,4,,,,100000,,2,2,2,2,2,2,2,2,2,2,1,2,2,2,2,2,1,2,2,2,2,1,1,1,2,,1,1,1,4,1,2,2,2,2,,2,,01,2,02,54,1673.9849536
5385415,1,2,2,2,1,4,2,1,5,4,,,,150000,,2,1,2,1,1,1,1,2,2,2,1,2,2,2,2,2,1,2,2,2,2,1,1,3,2,,1,1,1,4,1,2,2,2,2,,2,,01,2,02,54,1245.0869146
5385416,1,1,1,3,2,4,2,2,5,5,,,,50000,,2,2,2,2,2,2,2,2,2,2,2,2,2,2,2,2,2,2,2,2,2,1,2,4,2,,1,1,8,1,2,,2,2,2,,2,,01,2,02,54,982.86104473
5385417,1,1,1,2,1,4,2,2,4,4,,,,80000,,2,2,2,2,1,2,1,2,2,2,2,2,2,2,2,2,2,2,2,2,2,1,1,1,2,,1,1,7,2,1,2,2,2,2,,2,,01,2,02,54,1584.4939166
5385418,1,4,3,2,1,4,1,1,5,1,,,98,100000,,2,2,2,2,1,1,1,2,2,2,1,2,2,2,2,2,2,2,1,2,2,1,1,5,2,,1,1,1,2,1,0,2,2,2,,1,1,01,2,02,54,1713.0130402
5385419,1,3,2,2,1,4,1,1,5,5,,,,150000,,2,1,2,1,1,1,2,2,2,2,1,1,1,2,2,2,2,2,2,2,2,1,2,4,2,,1,1,1,2,1,0,2,2,2,,1,2,01,2,02,54,1908.3082941
5385420,1,3,2,2,1,4,1,3,5,5,,,,100000,,2,2,2,1,1,2,1,2,2,2,1,2,2,2,2,2,1,2,1,2,2,1,3,3,2,,1,1,1,4,1,0,2,2,2,,1,2,01,2,02,54,1289.1891692
5385421,1,4,3,2,1,4,1,3,4,1,,,98,150000,,2,2,2,1,1,1,1,2,2,2,1,2,2,2,2,2,2,2,2,2,2,1,2,2,2,,1,1,1,2,1,0,2,2,2,,1,1,01,2,02,54,1136.4493746
5385422,1,3,1,2,1,4,1,1,5,4,,,,100000,,2,2,2,2,2,2,2,2,2,2,2,2,2,2,2,2,2,2,2,2,2,2,,1,2,,1,1,1,2,1,0,2,2,2,,1,2,01,2,02,54,1584.4939166
5385423,1,4,2,2,1,4,1,3,5,1,,,98,100000,,2,2,2,2,1,1,1,2,2,2,1,2,2,2,2,2,2,2,2,2,2,1,1,3,2,,1,1,1,4,1,0,2,2,2,,1,1,01,2,02,54,741.20825766
5385424,1,3,1,2,1,4,1,1,4,5,,,,100000,,2,2,2,2,2,2,1,2,2,2,1,2,2,2,2,2,2,2,1,2,2,1,1,1,2,,1,1,1,2,1,0,2,2,2,,1,2,01,2,02,54,1584.4939166
5385425,1,3,1,2,1,4,1,3,5,1,,,98,100000,,2,2,2,1,1,1,1,2,2,2,1,2,2,2,2,2,2,2,1,2,2,1,1,2,2,,1,1,1,4,1,0,2,2,2,,1,1,01,2,02,54,1092.3471201
5385426,1,3,2,2,1,4,2,1,5,5,,,,100000,,2,1,2,2,1,1,2,2,2,2,1,2,2,2,2,2,2,2,2,2,2,1,2,4,2,,1,1,1,2,1,2,2,2,2,,2,,01,2,02,54,1908.3082941
5385427,1,2,1,6,,4,1,1,5,4,,,,50000,,2,2,2,2,2,2,2,2,2,2,2,2,2,2,2,2,2,2,2,2,2,1,2,2,2,,1,1,1,2,2,,2,2,2,,1,2,01,2,02,54,1328.8281854
5385428,1,3,1,2,1,4,2,1,4,5,,,,300000,,2,1,2,1,1,1,1,1,2,2,1,2,1,2,2,2,1,2,2,2,2,1,1,2,2,,1,2,3,4,1,2,2,2,2,,2,,01,2,02,54,1002.8560831
5385429,1,2,1,2,2,1,1,1,4,4,,,,200000,,2,1,2,1,1,1,1,2,2,2,1,2,2,2,2,2,1,2,1,1,2,1,2,2,2,,1,2,3,4,1,2,2,2,1,2,1,2,01,2,02,54,1046.9583376
5385430,1,2,1,3,2,4,2,6,,4,,,,80000,,2,2,2,2,2,2,2,2,2,2,1,2,2,2,2,2,1,2,2,2,2,2,,1,2,,1,1,3,2,1,0,2,2,2,,2,,01,2,02,54,1584.4939166
5385431,1,2,1,3,1,4,2,1,5,5,,,,200000,,2,1,2,1,1,1,1,2,2,2,1,2,2,2,2,2,1,2,2,2,2,1,2,2,2,,1,2,3,2,1,2,2,2,2,,2,,01,2,02,54,1092.3471201
5385432,1,1,1,6,,4,2,1,5,4,,,,100000,,2,1,2,2,1,2,1,2,2,2,1,2,2,2,2,2,1,2,1,2,2,1,1,1,2,,1,1,5,2,1,0,2,2,2,,2,,01,2,02,54,1673.9849536
5385433,1,2,1,2,1,4,2,1,5,4,,,,100000,,2,1,2,1,1,1,1,2,2,2,1,2,2,2,2,2,1,2,2,2,2,1,1,2,2,,1,1,1,2,1,2,2,2,2,,2,,01,2,02,54,1564.0000613
5385457,1,4,3,2,1,4,2,1,5,4,,,,98,,2,1,2,2,2,2,2,2,2,2,2,2,2,2,2,2,2,2,2,2,2,1,4,5,2,,1,1,3,2,1,2,2,2,2,,2,,01,2,02,54,2249.7382465
5385458,1,2,1,2,1,4,2,1,5,4,,,,100000,,2,2,2,2,2,2,1,2,2,2,1,2,1,2,2,2,2,2,2,2,2,1,2,3,2,,1,1,1,2,1,2,2,1,2,,2,,01,2,02,54,1755.5684995
5385459,1,2,1,2,1,4,2,1,5,1,,,98,100000,,2,2,2,2,1,2,2,2,2,2,1,2,2,2,2,2,2,2,2,2,2,2,,2,2,,1,1,3,4,1,2,2,2,2,,2,,01,2,02,54,1002.8560831
5385460,1,3,2,2,1,4,1,1,5,1,,,100000000,100000,,2,2,2,2,2,2,2,2,2,2,2,2,2,2,2,2,2,2,2,2,2,1,3,3,2,,1,1,1,2,1,2,2,2,2,,1,1,01,2,02,54,1430.9055867
5385461,1,2,2,2,1,4,1,1,5,4,,,,50000,,2,2,2,2,2,1,2,2,2,2,2,2,2,2,2,2,2,2,2,2,2,1,6,6,2,,1,1,3,2,1,2,2,2,2,,1,1,01,2,02,54,1237.6782406
5385462,1,2,2,2,1,4,1,1,5,1,,,98,100000,,2,2,2,2,1,2,2,2,2,2,1,2,2,2,2,2,2,2,2,2,2,1,2,5,2,,1,1,1,1,1,1,2,2,2,,1,2,01,2,02,54,741.20825766
5385463,1,4,3,2,1,4,2,1,5,5,,,,150000,,2,2,2,2,1,1,1,2,2,2,1,2,2,2,2,2,2,2,1,2,2,1,1,8,2,,1,1,3,2,1,1,2,2,2,,1,1,01,2,02,54,2911.6122737
5385465,1,3,2,2,1,4,2,1,5,5,,,,250000,,2,2,2,2,1,1,1,2,2,2,1,2,2,2,2,2,2,1,2,2,2,1,2,3,2,,1,1,1,2,1,2,2,2,2,,2,,01,2,02,54,791.29260648
5385466,1,3,2,3,1,4,2,1,5,4,,,,100000,,2,2,2,2,1,1,1,2,2,2,1,2,2,2,2,2,2,2,2,2,2,1,1,4,2,,1,1,1,2,2,,2,2,2,,2,,01,2,02,54,1774.7150026
5385467,1,3,1,2,1,4,2,1,5,4,,,,100000,,2,2,2,1,1,1,1,2,2,2,1,2,2,2,2,2,2,2,1,1,2,1,1,1,2,,1,1,3,2,1,2,2,2,2,,2,,01,2,02,54,944.88093636
5385468,1,3,3,2,1,4,2,1,5,4,,,,100000,,2,2,2,2,1,1,2,2,2,2,2,2,2,2,2,2,2,2,2,2,2,1,3,3,2,,1,1,1,2,1,2,2,2,2,,2,,01,2,02,54,741.20825766
5385469,1,3,1,2,1,4,2,1,5,5,,,,150000,,2,2,2,2,1,2,2,2,2,2,1,2,2,2,2,2,2,2,2,2,2,1,1,1,2,,1,1,1,2,1,2,2,2,2,,2,,01,2,02,54,900.77868181
5385470,1,3,1,2,1,4,2,1,5,4,,,,50000,,2,2,2,2,1,2,2,2,2,2,2,2,2,2,2,2,2,2,2,2,2,1,1,1,2,,1,1,3,2,1,2,2,2,2,,2,,01,2,02,54,900.77868181
5385471,1,2,1,2,1,1,1,1,5,4,,,,100000,,2,2,2,2,2,2,1,2,2,2,2,2,2,2,2,2,2,2,2,2,2,1,1,2,2,,1,1,1,2,1,2,2,2,1,2,1,1,01,2,02,54,1686.5713179
5385472,1,3,2,2,1,4,2,1,5,1,,,98,200000,,2,2,2,1,1,1,1,2,2,2,1,2,2,2,2,2,2,2,2,2,2,1,1,2,2,,1,1,1,4,1,2,2,2,2,,2,,01,2,02,54,1053.5184764
5385473,1,3,2,2,1,4,2,1,4,5,,,,300000,,2,2,2,2,1,1,1,2,2,2,1,2,2,2,2,2,1,2,1,2,2,1,2,4,2,,1,1,1,2,1,2,2,2,2,,2,,01,2,02,54,1908.3082941
5385474,1,3,1,1,1,1,1,1,4,4,,,,400000,,2,1,2,2,2,1,1,2,2,2,1,2,2,2,2,2,2,2,2,2,2,1,2,2,2,,1,1,1,4,1,2,2,1,1,2,1,1,01,2,02,54,1136.4493746
5385475,1,3,2,3,1,4,1,1,5,4,,,,100000,,2,2,2,2,2,2,2,2,2,2,1,2,2,2,2,2,2,2,1,2,2,1,1,3,2,,1,1,5,2,1,2,2,2,2,,1,1,01,2,02,54,1289.1891692
5385477,1,3,1,3,1,4,2,1,5,4,,,,80000,,2,2,2,2,1,2,1,2,2,2,2,2,2,2,2,2,2,2,2,2,2,1,2,2,2,,1,1,1,2,1,2,2,2,2,,2,,01,2,02,54,1002.8560831
5385478,1,2,1,3,1,4,1,1,5,1,,,98,150000,,2,2,2,2,1,1,1,2,2,2,1,2,2,2,2,2,2,2,1,2,2,1,1,3,2,,1,1,5,2,1,2,2,2,2,,1,1,01,2,02,54,2097.8088246
5385479,1,4,2,2,1,4,2,1,5,4,,,,100000,,2,2,2,1,1,1,1,2,2,2,1,2,2,2,2,2,2,2,1,2,2,1,2,3,2,,1,1,3,2,1,2,2,2,2,,2,,01,2,02,54,1755.5684995
5385480,1,4,2,3,1,4,2,1,5,4,,,,200000,,2,2,2,1,1,1,1,2,2,2,1,1,2,2,2,2,2,2,2,2,2,1,2,2,2,,1,1,1,2,1,2,2,2,2,,2,,01,2,02,54,1092.3471201
5385481,1,6,2,3,1,4,2,1,5,4,,,,200000,,2,2,2,1,1,1,1,2,2,2,1,2,2,2,2,2,2,2,1,2,2,1,4,5,2,,1,1,3,2,1,2,2,2,2,,2,,01,2,02,54,1135.6008393
5385482,1,1,1,3,1,4,1,5,5,1,,,98,50000,,2,2,2,2,2,2,2,2,2,2,2,2,2,2,2,2,2,2,2,2,2,2,,1,2,,1,1,5,1,1,0,2,2,2,,1,1,01,2,02,54,1584.4939166
5385554,1,3,2,6,,4,9,1,5,1,,,4000000,50000,,2,2,2,2,2,2,2,2,2,2,2,2,2,2,2,2,2,2,1,2,2,1,1,2,2,,1,1,4,1,2,,2,2,2,,2,,01,2,02,70,1228.71492
5385555,1,1,1,6,,4,9,5,5,1,,,2000000,30000,,2,2,2,2,2,2,2,2,2,2,2,2,2,2,2,2,2,1,2,2,2,1,1,1,2,,1,1,4,1,2,,2,2,2,,2,,01,2,02,70,1237.8496463
5385556,1,1,1,6,,4,4,5,5,1,,,3000000,40000,,2,2,2,2,2,2,2,2,2,2,2,2,2,2,2,2,2,2,1,2,2,2,,1,2,,1,1,4,1,2,,2,2,2,,2,,01,2,02,70,1237.8496463
5385557,1,2,2,6,,4,5,1,5,4,,,,100000,,2,2,2,2,2,2,2,2,2,2,2,2,2,2,2,2,2,2,2,2,2,1,2,5,2,,1,1,4,1,1,9,2,2,2,,2,,01,2,02,70,834.72413742
5385558,1,1,1,6,,4,4,5,5,1,,,5000000,50000,,2,2,2,2,2,2,2,2,2,2,2,2,2,2,2,2,2,2,1,2,2,1,1,1,2,,1,1,5,1,2,,2,2,2,,2,,01,2,02,70,1237.8496463
5385559,1,3,2,6,,4,9,1,5,4,,,,80000,,2,2,2,2,2,2,2,2,2,2,2,2,2,2,2,2,2,2,1,2,2,1,1,3,2,,1,1,5,1,1,9,2,2,2,,2,,01,2,02,70,1357.2219454
5385560,1,2,1,6,,4,9,5,5,1,,,5000000,50000,,2,2,2,2,2,2,2,2,2,2,2,2,2,2,2,2,2,2,2,2,2,1,1,1,2,,1,1,5,1,2,,2,2,2,,2,,01,2,02,70,1237.8496463
5385561,1,3,1,2,1,4,1,5,5,1,,,40000000,150000,,2,2,2,2,2,2,2,2,2,2,1,2,2,2,2,2,1,2,2,2,2,1,1,1,2,,1,1,1,2,1,1,2,2,2,,1,2,01,2,02,70,1262.7576225
5385562,1,3,2,2,1,4,1,1,4,3,,,,,150000,2,2,2,1,1,1,1,2,2,2,1,2,2,2,2,2,1,2,2,2,2,1,1,4,2,,1,1,1,2,1,1,2,2,2,,1,2,01,2,02,70,705.54938276
5385563,1,1,1,2,1,4,1,1,4,1,,,18000000,70000,,2,2,2,1,2,2,1,2,2,2,2,2,2,2,2,2,1,1,2,2,2,1,2,2,2,,1,1,1,4,1,1,2,2,2,,1,2,01,2,02,70,1536.4445582
5385564,1,3,2,2,1,4,1,3,4,1,,,35000000,100000,,2,2,2,1,1,1,1,2,2,2,1,2,2,2,2,2,1,1,2,2,2,1,1,2,2,,1,1,1,2,1,1,2,2,2,,1,2,01,2,02,70,1372.3301652
5385565,1,3,1,2,1,4,1,5,5,4,,,,150000,,2,1,1,1,1,1,1,2,2,2,1,2,1,2,2,2,1,1,1,2,2,1,1,2,1,1,1,1,1,4,1,1,2,2,2,,1,2,01,2,02,70,1633.5042694
5385566,1,2,1,2,1,4,1,4,4,4,,,,50000,,2,2,2,1,1,2,1,2,2,2,1,2,2,2,2,2,1,2,2,1,2,1,1,5,2,,1,1,4,1,1,1,2,2,2,,1,2,01,2,02,70,1580.8323772
5385568,1,3,2,2,1,4,1,6,,1,,,25000000,100000,,2,2,2,2,1,2,2,2,2,2,2,2,2,2,2,2,1,2,2,2,2,1,1,2,2,,1,1,1,2,1,1,2,2,2,,1,2,01,2,02,70,1081.1816322
5385569,1,2,1,6,,4,9,5,5,4,,,,80000,,2,2,2,2,2,2,2,2,2,2,1,2,2,2,2,2,1,2,2,2,2,1,1,1,2,,1,1,1,1,1,1,2,2,2,,2,,01,2,02,70,1237.8496463
5385570,1,3,2,2,1,4,1,5,5,4,,,,80000,,2,1,2,2,1,1,2,2,2,2,1,2,1,2,2,2,1,2,1,2,2,1,1,4,2,,1,1,1,2,1,1,2,2,2,,1,2,01,2,02,70,1007.9732566
5385571,1,3,2,2,1,4,3,5,5,4,,,,100000,,2,2,2,1,1,1,1,2,2,2,1,2,2,2,2,2,1,2,1,2,2,1,1,5,2,,1,1,1,4,1,1,2,2,2,,2,,01,2,02,70,705.54938276
5385572,1,3,2,2,1,4,3,1,5,4,,,,50000,,2,2,2,2,2,2,2,2,2,2,1,2,2,2,2,2,1,2,2,2,2,1,1,4,2,,1,1,4,2,1,9,2,2,2,,2,,01,2,02,70,1824.6944836
5385573,1,4,2,2,1,4,1,5,5,4,,,,150000,,2,2,2,2,1,1,2,2,2,2,1,2,2,2,2,2,1,2,2,2,2,1,1,3,2,,1,1,1,2,1,1,2,2,2,,1,2,01,2,02,70,916.25938408
5385574,1,3,1,2,1,4,9,1,5,4,,,,150000,,2,2,2,2,1,1,2,2,2,2,1,2,2,2,2,2,2,2,2,2,2,1,1,2,2,,1,1,1,2,1,1,2,2,2,,2,,01,2,02,70,1089.5085033
5385575,1,3,2,2,1,4,3,5,5,4,,,,80000,,2,2,2,1,1,1,2,2,2,2,1,2,2,2,2,2,1,2,1,2,2,1,2,2,2,,1,1,1,1,1,1,2,2,2,,2,,01,2,02,70,1536.4445582
5385576,1,2,1,2,1,4,1,1,5,1,,,7000000,50000,,2,2,2,1,1,1,2,2,2,2,1,2,2,2,2,2,1,2,2,2,2,1,1,3,2,,1,1,4,2,1,1,2,2,2,,1,2,01,2,02,70,1080.373777
5385577,1,3,2,2,1,4,1,1,4,1,,,25000000,100000,,2,2,2,2,1,1,1,2,2,2,1,2,2,2,2,2,1,2,2,2,2,1,1,4,2,,1,1,1,2,1,1,2,2,2,,1,2,01,2,02,70,1358.4695411
5385578,1,3,2,2,1,4,1,4,4,1,,,30000000,150000,,2,2,2,1,1,1,1,2,2,2,1,2,2,2,2,2,1,2,1,2,2,1,1,3,1,1,1,1,1,2,1,1,2,2,2,,1,2,01,2,02,70,1017.1079829
5385579,1,3,2,2,1,4,1,1,4,1,,,25000000,100000,,2,2,2,2,1,2,1,2,2,2,1,2,1,2,2,2,1,1,2,2,2,1,1,3,2,,1,1,1,2,1,1,2,2,2,,1,2,01,2,02,70,1017.1079829
5385580,1,3,2,2,1,4,1,5,5,1,,,8000000,60000,,2,2,2,2,1,2,2,2,2,2,1,2,2,2,2,2,1,2,2,2,2,1,1,5,2,,1,1,4,1,1,1,2,2,2,,1,2,01,2,02,70,1349.3348149
5385581,1,3,1,2,1,4,1,3,1,4,,,,100000,,2,2,2,2,2,1,1,2,2,2,1,2,2,2,2,2,1,2,2,2,2,1,1,1,2,,1,1,1,2,1,1,2,2,2,,1,2,01,2,02,70,1064.2034543
5385582,1,3,2,2,1,4,1,5,5,1,,,25000000,150000,,2,2,2,1,1,1,2,2,2,2,1,2,2,2,2,2,1,1,2,2,2,1,2,5,2,,1,1,1,2,1,1,2,2,2,,1,2,01,2,02,70,1458.5102848
5385583,1,2,1,2,1,4,1,5,5,1,,,5000000,50000,,2,2,2,2,2,2,2,2,2,2,1,2,2,2,2,2,1,2,2,2,2,1,1,4,2,,1,1,4,1,1,1,2,2,2,,1,2,01,2,02,70,2504.9583018
5385584,1,3,1,2,1,4,1,6,,4,,,,80000,,2,2,2,2,2,2,2,2,2,2,1,2,2,2,2,2,1,1,2,2,2,2,,1,2,,1,1,1,1,1,1,2,2,2,,1,2,01,2,02,70,1401.9640393
5385585,1,2,1,2,1,4,1,5,5,1,,,20000000,100000,,2,2,2,2,1,1,2,2,2,2,1,2,2,2,2,2,1,1,2,2,2,1,1,1,2,,1,1,1,2,1,1,2,2,2,,1,2,01,2,02,70,1401.9640393
5385586,1,4,1,2,1,4,10,5,5,1,,,80000000,500000,,2,2,1,1,1,1,1,2,2,2,1,2,2,1,2,1,1,2,1,2,2,1,1,1,2,,1,1,1,4,1,1,2,2,2,,2,,01,2,02,70,1237.8496463
5385587,1,2,2,2,1,4,5,1,5,4,,,,150000,,2,2,2,1,1,1,1,2,2,2,1,2,2,2,2,2,1,2,1,2,2,1,1,4,2,,1,1,1,2,1,1,2,2,2,,2,,01,2,02,70,1442.7935528
5385588,1,4,3,2,1,4,9,5,5,4,,,,150000,,2,2,2,1,1,1,1,2,2,2,1,2,2,2,2,2,1,2,1,2,2,1,1,3,1,4,1,1,1,2,1,1,2,2,2,,2,,01,2,02,70,941.16736031
5385589,1,2,1,2,1,4,9,5,5,4,,,,70000,,2,2,2,2,2,2,2,2,2,2,1,2,2,2,2,2,1,2,1,2,2,1,1,4,2,,1,1,1,2,1,9,2,2,2,,2,,01,2,02,70,2091.8420813
5385590,1,6,1,2,1,4,3,5,5,4,,,,100000,,2,2,2,2,1,1,2,2,2,2,1,2,2,2,2,2,1,2,2,2,2,1,1,3,2,,1,1,1,2,1,1,2,2,2,,2,,01,2,02,70,1460.2551502
5385591,1,2,2,2,1,4,5,1,5,4,,,,100000,,2,2,1,1,1,1,2,2,2,2,1,2,2,2,2,2,1,2,2,2,2,1,2,4,2,,1,1,1,2,1,1,2,2,2,,2,,01,2,02,70,1175.6459551
5385613,1,3,1,2,1,4,1,1,5,3,,,,,130000,2,1,1,2,2,1,1,2,2,2,1,2,2,2,2,2,2,2,2,2,2,1,2,2,2,,1,1,1,2,1,1,2,2,2,,1,2,01,2,02,15,5260.7912997
5385614,1,5,2,2,1,4,1,1,4,1,,,98,800000,,2,1,1,1,1,1,1,2,2,1,1,2,2,2,2,2,2,2,2,2,2,1,2,2,2,,1,1,1,4,1,2,2,2,2,,1,1,01,2,02,15,3431.1620388
5385615,1,3,2,2,1,4,1,1,5,2,,120000,99,200000,,2,1,2,2,1,1,1,2,2,2,1,2,2,2,2,2,2,2,2,2,2,1,3,5,2,,1,1,1,1,1,1,2,2,2,,1,2,01,2,02,15,9574.740332
5385616,1,4,3,2,1,4,1,1,5,1,,,30000000,200000,,2,1,1,2,1,1,1,2,2,1,1,2,2,2,2,2,2,2,1,2,2,1,2,2,2,,1,1,1,3,1,1,2,2,2,,1,1,01,2,02,15,5056.635477
5385617,1,3,1,2,1,4,2,1,5,4,,,,200000,,2,1,2,2,2,2,1,2,2,2,1,2,2,2,2,2,2,2,2,2,2,1,1,2,2,,1,1,1,2,1,1,2,2,2,,1,2,01,2,02,15,4642.3683048
5385619,1,5,4,2,1,4,2,1,5,4,,,,200000,,2,1,2,2,1,1,1,2,2,2,1,2,2,2,2,2,2,2,2,2,2,1,4,7,2,,1,1,1,4,1,1,2,2,2,,1,2,01,2,02,15,3431.1620388
5385622,1,2,1,2,1,4,4,1,4,4,,,,98,,2,1,2,1,1,1,1,1,2,2,1,2,2,2,2,2,2,2,1,2,2,1,2,3,2,,1,1,1,4,1,2,2,2,2,,2,,01,2,02,15,3311.8708846
5385623,1,3,1,2,1,4,1,1,4,4,,,,600000,,2,1,1,1,1,1,1,1,2,2,1,1,2,1,2,1,1,2,2,1,2,1,2,2,2,,1,1,1,4,1,2,2,2,2,,1,1,01,2,02,15,2016.3778169
5385624,1,4,3,2,1,4,2,1,4,4,,,,500000,,2,1,1,1,1,1,1,2,2,2,1,2,2,1,2,2,1,2,1,2,2,1,3,5,2,,1,1,1,2,1,2,2,2,2,,2,,01,2,02,15,2842.3591489
5385625,1,1,1,2,1,1,3,1,4,4,,,,98,,2,1,2,2,1,1,1,2,2,2,1,2,2,2,2,2,2,1,2,2,2,1,1,1,2,,1,1,1,4,1,2,2,2,1,1,2,,01,2,02,15,2970.1156969
5385626,1,1,1,2,1,3,2,1,4,4,,,,400000,,2,1,2,2,1,1,1,2,2,2,1,2,2,2,2,2,2,2,2,2,2,1,1,1,2,,1,4,1,2,1,2,2,2,2,,2,,01,2,02,15,2970.1156969
5385627,1,3,2,2,1,4,2,1,4,1,,,150000000,98,,2,1,1,1,1,1,1,1,1,2,1,2,1,1,2,1,1,2,1,1,2,1,2,3,2,,1,1,1,4,1,2,2,2,2,,1,2,01,2,02,15,2128.5987346
5385628,1,3,1,2,1,1,4,1,4,4,,,,98,,2,1,2,2,1,1,2,2,2,2,1,2,2,2,2,2,2,2,1,2,2,1,1,1,2,,1,1,1,4,1,2,2,2,1,1,2,,01,2,02,15,2970.1156969
5385632,1,3,2,2,1,1,1,1,4,1,,,98,300000,,2,1,2,2,1,1,1,2,2,2,1,2,2,1,2,2,1,2,1,2,2,1,2,3,2,,1,1,1,4,1,2,2,2,1,1,1,2,01,2,02,15,3311.8708846
5385634,1,3,1,3,1,1,1,1,4,4,,,,100000,,2,1,1,2,1,1,1,2,2,2,1,2,2,1,2,2,1,2,2,2,2,1,1,2,2,,1,1,1,2,1,2,2,2,1,1,1,2,01,2,02,15,2971.9751022
5385637,1,3,2,3,1,1,1,1,4,4,,,,250000,,2,2,2,2,1,1,1,2,2,2,1,2,2,2,2,2,1,2,2,2,2,1,1,2,2,,1,1,1,2,1,2,2,2,1,1,1,2,01,2,02,15,1938.12813
5385638,1,2,1,3,1,1,1,1,4,3,,,,,150000,2,1,1,1,1,1,1,2,2,2,1,2,2,2,2,2,2,2,2,2,2,1,1,2,2,,1,1,1,2,1,2,2,2,1,1,1,2,01,2,02,15,2426.604258
5385641,1,2,2,3,1,1,1,2,4,1,,,98,60000,,2,2,2,2,1,1,1,2,2,2,1,2,2,2,2,2,1,2,2,2,2,1,3,10,2,,1,1,2,2,1,2,2,2,1,1,1,2,01,2,02,15,4458.5433242
5385642,1,3,2,1,1,1,1,1,4,1,,,99,250000,,2,1,2,1,1,1,1,2,2,2,1,1,1,2,2,2,1,2,1,2,2,1,2,4,2,,1,1,1,2,1,2,2,1,1,1,1,2,01,2,02,15,2768.3594457
5385643,1,4,2,1,1,1,1,1,4,1,,,99,400000,,2,1,1,1,1,1,1,1,2,2,1,2,1,2,2,2,1,2,1,2,2,1,2,7,2,,1,1,1,2,1,2,2,1,1,1,1,2,01,2,02,15,4112.6058641
5385644,1,1,1,2,1,1,1,6,,1,,,99,50000,,2,2,2,2,2,2,2,2,2,2,2,2,1,2,2,2,2,2,2,2,2,2,,1,2,,1,1,2,2,1,2,2,2,1,1,1,2,01,2,02,15,2811.3336641
5385645,1,3,1,3,1,1,1,1,4,1,,,99,200000,,2,2,2,1,1,1,1,2,2,2,1,2,1,2,2,2,2,2,1,2,2,1,1,1,2,,1,1,1,2,1,2,2,2,1,1,1,2,01,2,02,15,2811.3336641
5385646,1,3,1,2,1,4,1,1,4,4,,,,200000,,2,1,2,2,1,1,1,2,2,2,1,2,2,2,2,2,1,2,1,2,2,1,1,1,2,,1,1,1,2,1,2,2,2,1,1,1,2,01,2,02,15,2970.1156969
5385647,1,4,3,3,1,1,1,1,4,1,,,99,100000,,2,1,1,2,2,1,1,2,2,2,1,2,2,2,2,2,1,2,2,2,2,1,2,5,2,,1,1,1,2,1,2,2,2,1,1,1,2,01,2,02,15,1315.1099572
5385648,1,3,1,2,1,1,4,1,4,1,,,98,150000,,2,2,2,2,1,1,1,2,2,2,1,2,2,2,2,2,2,2,2,2,2,1,1,2,2,,1,1,2,2,1,2,2,2,1,1,1,2,01,2,02,15,1779.3460973
5385649,1,1,1,2,1,1,1,2,4,3,,,,,100000,2,2,2,2,2,2,1,2,2,2,1,2,2,2,2,2,2,2,2,2,2,1,1,3,2,,1,1,1,4,1,2,2,2,1,1,1,2,01,2,02,15,3456.2012465
5385650,1,4,3,3,1,1,1,1,4,1,,,99,200000,,2,1,1,1,1,1,1,2,2,2,1,2,2,2,2,2,1,2,2,2,2,1,2,7,2,,1,1,1,4,1,2,2,2,1,1,1,2,01,2,02,15,3594.3407777
5385651,1,3,3,3,1,1,1,1,4,4,,,,180000,,2,1,2,2,2,1,1,2,2,2,1,2,2,2,2,2,1,2,2,2,2,1,2,7,2,,1,1,5,3,1,2,2,2,1,1,1,2,01,2,02,15,3381.1175838
5385652,1,2,1,3,1,1,1,1,4,4,,,,150000,,2,1,2,2,1,1,1,2,2,2,1,2,2,2,2,2,1,2,1,2,2,1,1,3,2,,1,1,1,3,1,2,2,2,1,1,1,2,01,2,02,15,3653.2044937
5385661,1,1,1,2,1,1,1,1,4,4,,,,200000,,2,2,1,1,1,1,1,2,2,2,1,2,2,2,2,2,1,2,2,2,2,1,1,1,2,,1,1,1,4,1,2,2,2,1,1,1,2,01,2,02,15,1676.4820345
5385662,1,4,1,3,1,4,1,1,4,4,,,,98,,2,1,2,2,1,1,1,2,2,2,1,2,2,2,2,2,1,2,2,2,2,1,1,1,2,,1,1,1,2,1,2,2,2,1,1,1,2,01,2,02,15,2811.3336641
5385663,1,3,2,3,1,1,1,1,4,1,,,98,150000,,2,1,2,2,1,1,1,2,2,2,1,2,2,2,2,2,1,1,2,2,2,1,2,2,2,,1,1,1,2,1,2,2,2,1,1,1,2,01,2,02,15,1857.5957842
5385664,1,1,1,2,1,1,1,1,4,1,,,99,50000,,2,1,2,2,2,2,1,2,2,2,1,2,1,2,2,2,1,2,2,2,2,1,1,1,2,,1,1,1,2,1,2,2,2,1,1,1,2,01,2,02,15,2811.3336641
5385665,1,4,3,2,1,1,1,1,4,4,,,,250000,,2,1,1,1,1,1,1,2,2,2,1,2,2,2,2,2,1,2,1,2,2,1,3,4,2,,1,1,1,2,1,2,2,2,1,1,1,2,01,2,02,15,1743.8693284
5385666,1,1,1,2,1,1,3,1,4,4,,,,98,,2,2,2,2,2,2,1,2,2,2,1,2,2,2,2,2,2,1,2,2,2,1,1,2,2,,1,1,2,2,1,2,2,2,1,1,1,2,01,2,02,15,1779.3460973
5385667,1,1,1,2,1,1,1,1,4,1,,,98,98,,2,2,2,1,1,1,1,2,2,2,1,2,2,2,2,2,1,2,1,2,2,1,1,3,2,,1,1,2,2,1,2,2,2,1,1,1,2,01,2,02,15,3311.8708846
5385696,1,2,2,1,1,1,1,1,4,1,,,20000000,150000,,2,1,2,1,1,1,1,2,2,2,1,2,1,2,2,2,2,2,2,2,2,1,3,3,2,,1,1,1,2,1,2,2,1,1,1,1,1,01,2,02,17,696.91557458
5385697,1,2,1,1,1,1,1,1,4,4,,,,200000,,2,1,2,1,1,1,1,1,2,2,1,1,1,2,2,2,2,2,2,2,2,1,1,1,2,,1,1,4,2,1,2,2,1,1,1,1,1,01,2,02,17,1534.7435577
5385698,1,4,1,1,1,1,1,1,4,1,,,99,100000,,1,1,1,2,1,1,1,2,2,2,1,2,1,2,2,2,2,2,2,2,2,1,2,2,2,,1,1,4,2,1,1,2,1,1,1,1,1,01,2,02,17,873.1080948
5385699,1,1,1,1,1,1,1,1,4,4,,,,100000,,2,2,2,2,1,2,1,2,2,2,1,2,2,2,2,2,2,2,2,2,2,1,1,1,2,,1,1,1,2,1,2,2,1,1,1,1,1,01,2,02,17,821.99828185
5385700,1,3,2,1,1,1,1,1,4,3,,,,,200000,2,1,2,1,1,1,1,2,2,2,1,2,1,2,2,2,2,2,2,2,2,1,3,3,2,,1,1,4,2,1,2,2,1,1,1,1,1,01,2,02,17,1642.7705324
5385701,1,3,2,1,1,1,1,1,4,1,,,30000000,150000,,2,1,1,1,1,1,1,2,2,2,1,2,1,2,2,2,2,2,1,2,2,1,3,4,2,,1,1,4,2,1,2,2,1,1,1,1,1,01,2,02,17,696.91557458
5385703,1,3,2,1,1,1,1,1,4,3,,,,,300000,2,1,2,1,1,1,1,2,2,2,1,2,2,2,2,2,2,1,2,2,2,1,2,3,2,,1,1,1,2,1,2,2,1,1,1,1,1,01,2,02,17,1899.5850864
5385704,1,3,2,1,1,1,1,1,4,1,,,150000000,200000,,2,1,1,1,1,1,1,2,2,2,1,2,2,1,2,2,2,1,2,2,2,1,3,3,2,,1,1,4,3,1,2,2,1,1,1,1,1,01,2,02,17,696.91557458
5385705,1,2,1,1,1,1,1,6,,3,,,,,100000,2,1,2,2,2,2,2,2,2,2,1,2,1,2,2,2,2,1,2,2,2,1,1,1,2,,1,1,4,2,1,2,2,1,1,1,1,1,01,2,02,17,1073.4440107
5385706,1,3,2,2,1,4,1,1,5,1,,,50000000,150000,,2,2,2,2,1,1,1,2,2,2,1,2,2,2,2,2,2,2,2,2,2,1,3,3,2,,1,1,1,3,1,9,2,2,2,,1,1,01,2,02,17,1098.7468609
5385707,1,2,1,2,1,4,1,5,5,4,,,,100000,,2,2,2,2,2,2,2,2,2,2,1,2,1,2,2,2,2,2,2,2,2,1,1,1,2,,1,1,1,2,1,9,2,2,2,,1,1,01,2,02,17,821.99828185
5385708,1,2,1,2,1,4,2,1,4,3,,,,,100000,2,2,2,2,1,2,1,2,2,2,2,2,2,2,2,2,2,2,2,2,2,1,1,1,2,,1,1,1,2,1,9,2,2,2,,2,,01,2,02,17,1073.4440107
5385709,1,4,2,2,1,4,2,1,5,1,,,40000000,250000,,2,1,2,1,1,1,1,2,2,1,1,2,1,2,2,2,2,2,1,2,2,1,4,4,2,,1,1,4,3,1,2,2,2,2,,2,,01,2,02,17,748.11109531
5385710,1,5,2,2,1,4,2,1,4,1,,,98,100000,,2,2,2,1,1,1,1,2,2,2,1,2,2,2,2,2,2,1,1,2,2,1,1,3,2,,1,1,1,2,1,2,2,2,2,,2,,01,2,02,17,1954.0628169
5385711,1,3,3,2,1,4,2,1,4,1,,,98,98,,2,2,2,2,1,1,1,2,2,2,1,2,2,2,2,2,2,1,1,2,2,1,1,4,2,,1,1,1,2,1,9,2,2,2,,2,,01,2,02,17,1154.9329118
5385712,1,3,3,3,1,4,2,5,5,1,,,50000000,200000,,2,1,2,2,2,2,1,2,2,2,1,1,2,2,2,2,2,2,2,2,2,1,2,5,2,,1,1,1,4,1,1,2,2,2,,2,,01,2,02,17,1350.3230509
5385713,1,3,1,2,1,4,2,1,5,1,,,50000000,40000,,2,1,2,1,1,2,1,2,2,2,1,2,2,2,2,2,2,2,2,2,2,1,1,2,2,,1,1,4,3,1,2,2,2,2,,2,,01,2,02,17,873.1080948
5385714,1,3,2,3,1,4,2,1,5,3,,,,,320000,2,1,2,1,1,1,1,2,2,1,1,2,1,2,2,2,2,1,1,2,2,1,3,3,2,,1,1,1,2,1,2,2,2,2,,2,,01,2,02,17,1954.0628169
5385716,1,3,2,2,1,3,2,1,5,1,,,99,300000,,2,1,2,2,1,1,2,2,2,2,1,2,1,2,2,2,2,2,2,2,2,1,3,3,2,,1,1,1,4,1,1,2,2,2,,2,,01,2,02,17,978.69563826
5385717,1,3,2,3,1,4,2,1,5,1,,,20000000,100000,,2,2,2,1,1,1,1,2,2,2,1,2,2,2,2,2,2,2,2,2,2,1,2,3,2,,1,1,4,3,1,2,2,2,2,,2,,01,2,02,17,696.91557458
5385718,1,5,3,3,1,4,1,1,5,2,,200000,50000000,200000,,2,2,2,1,1,1,1,2,2,1,1,2,1,2,2,2,2,2,2,1,2,1,3,4,2,,1,1,1,4,1,1,2,2,2,,1,1,01,2,02,17,1783.682941
5385719,1,2,1,3,1,4,1,1,4,4,,,,150000,,2,1,2,1,1,1,1,2,2,1,1,2,2,2,2,2,2,2,2,2,2,2,,1,1,2,1,2,1,4,1,1,2,2,2,,1,1,01,2,02,17,1193.4952333
5385720,1,3,2,2,1,4,2,1,5,4,,,,200000,,2,1,2,1,1,1,2,2,2,2,1,1,1,2,2,2,2,2,1,2,2,1,2,4,2,,1,2,1,4,1,1,2,2,2,,2,,01,2,02,17,1783.682941
5385721,1,5,2,2,1,4,1,1,5,4,,,,150000,,2,1,2,1,1,1,1,2,2,1,1,2,2,2,2,2,2,2,1,2,2,1,2,4,2,,1,1,1,4,1,9,2,2,2,,1,1,01,2,02,17,2357.9552396
5385722,1,1,1,2,1,4,2,1,4,3,,,,,100000,2,2,2,2,2,2,1,2,2,2,1,1,2,2,2,2,2,2,1,2,2,1,1,4,2,,1,1,1,2,1,9,2,2,2,,2,,01,2,02,17,1783.682941
5385723,1,3,1,3,1,4,2,1,4,4,,,,200000,,2,1,2,2,1,1,1,2,2,1,1,1,1,2,2,2,2,2,1,2,2,1,2,2,2,,1,1,1,2,1,9,2,2,2,,2,,01,2,02,17,1390.1150337
5385724,1,1,1,1,1,1,1,1,4,3,,,,,150000,2,2,2,2,1,1,1,2,2,2,2,2,2,2,2,2,2,2,2,2,2,1,1,1,2,,1,2,1,4,1,2,2,1,1,1,1,1,01,2,02,17,821.99828185
5385725,1,1,1,1,1,1,1,1,4,3,,,,,150000,2,1,1,2,2,2,1,2,2,2,1,2,2,2,2,2,2,2,2,2,2,1,1,1,2,,1,2,1,4,1,2,2,1,1,1,1,1,01,2,02,17,1499.4186926
5385726,1,3,2,1,1,1,1,1,4,3,,,,,220000,2,1,2,2,1,1,1,2,2,2,1,2,2,2,2,2,2,2,2,2,2,1,2,5,2,,1,1,1,4,1,2,2,1,1,1,1,1,01,2,02,17,1353.5134845
5385728,1,3,2,1,1,1,1,1,4,1,,,30000000,220000,,2,1,1,2,1,1,1,2,2,2,1,2,1,2,2,2,2,1,2,2,2,1,3,3,2,,1,1,1,4,1,2,2,1,1,1,1,1,01,2,02,17,696.91557458
5385729,1,5,3,1,1,1,1,1,4,3,,,,,250000,2,1,1,1,1,1,1,2,2,2,1,2,1,2,2,2,2,2,2,2,2,1,3,4,2,,1,1,4,2,1,2,2,1,1,1,1,1,01,2,02,17,923.86970988
5385730,1,5,1,1,1,1,6,1,4,4,,,,98,,2,1,1,1,1,1,1,2,2,2,1,2,2,2,2,2,2,2,2,2,2,1,2,2,2,,1,1,1,4,1,2,2,1,1,1,2,,01,2,02,17,873.1080948
5385731,1,4,3,1,1,1,1,1,4,1,,,99,180000,,2,1,1,2,1,1,1,2,2,2,1,1,1,2,2,2,2,2,1,2,2,1,3,4,2,,1,1,1,2,1,2,2,1,1,1,1,1,01,2,02,17,748.11109531
5385732,1,5,4,1,1,1,1,1,4,1,,,50000000,200000,,2,1,1,1,1,2,1,2,2,2,1,2,2,2,2,2,2,2,2,2,2,1,4,4,2,,1,1,1,2,1,2,2,1,1,1,1,1,01,2,02,17,696.91557458
5385733,1,4,3,1,1,1,1,1,4,4,,,,300000,,2,1,1,2,1,1,1,2,2,1,1,1,1,1,2,2,2,1,1,2,2,1,6,9,2,,1,1,1,2,1,2,2,1,1,1,1,1,01,2,02,17,2481.8619042
5385735,1,3,2,1,1,1,1,1,4,4,,,,100000,,2,1,2,2,1,1,1,2,2,2,1,2,2,2,2,2,2,2,2,2,2,1,3,3,2,,1,1,1,4,1,2,2,1,1,1,1,1,01,2,02,17,1033.1733688
5385736,1,4,2,1,1,1,1,1,4,1,,,100000000,180000,,2,1,2,2,1,1,1,2,1,1,1,1,1,2,2,2,2,2,2,2,2,1,1,2,2,,1,2,1,4,1,2,2,1,1,1,1,1,01,2,02,17,753.05687213
5385737,1,4,2,1,1,1,1,1,4,1,,,98,300000,,2,1,2,1,1,1,1,2,1,2,1,2,2,2,2,2,2,2,1,2,2,1,2,2,2,,1,2,1,4,1,2,2,1,1,1,1,1,01,2,02,17,1605.0062361
5385738,1,1,1,1,1,1,1,1,4,3,,,,,120000,2,1,2,2,1,2,1,2,2,2,1,2,2,2,2,2,2,2,2,2,2,1,2,3,2,,1,2,1,2,1,2,2,1,1,1,1,1,01,2,02,17,2416.5920254
5385739,1,3,1,1,1,1,1,1,4,1,,,99,100000,,2,1,2,2,1,1,1,2,2,2,1,2,2,2,2,2,2,2,2,2,2,1,1,1,2,,1,1,1,2,1,2,2,1,1,1,1,1,01,2,02,17,821.99828185
5385742,1,1,1,1,1,1,1,1,4,3,,,,,180000,2,1,2,1,1,1,1,2,2,2,1,2,2,2,2,2,2,2,2,2,2,1,2,4,2,,1,2,1,4,1,2,2,1,1,1,1,1,01,2,02,17,923.86970988
5385743,1,2,1,1,1,1,1,1,4,3,,,,,130000,1,1,2,1,1,1,1,2,2,2,1,2,2,2,2,2,2,2,2,2,2,1,1,1,2,,1,1,1,2,1,2,2,1,1,1,1,1,01,2,02,17,1499.4186926
5385744,1,2,1,1,1,1,1,1,4,3,,,,,150000,2,1,2,2,1,1,1,2,2,2,1,2,1,2,2,2,2,2,2,2,2,1,2,2,2,,1,2,1,4,1,2,2,1,1,1,1,1,01,2,02,17,927.58582531
5385745,1,5,1,1,1,1,1,1,4,1,,,99,300000,,2,1,2,1,1,1,1,2,2,2,1,2,1,2,2,2,2,2,2,2,2,1,1,1,2,,1,1,1,4,1,2,2,1,1,1,1,1,01,2,02,17,1193.4952333
5385746,1,3,2,1,1,1,1,1,4,3,,,,,100000,2,2,2,2,1,2,1,2,2,2,1,2,2,2,2,2,2,2,2,2,2,1,2,2,2,,1,1,1,2,1,2,2,1,1,1,1,1,01,2,02,17,1334.4076418
5385748,1,2,1,1,1,1,1,1,4,3,,,,,160000,2,1,1,1,1,1,1,2,2,2,1,2,2,2,2,2,2,2,1,2,2,1,3,3,2,,1,2,1,2,1,2,2,1,1,1,1,1,01,2,02,17,1068.4982338
5385749,1,1,1,1,1,1,1,1,4,3,,,,,120000,2,1,2,2,2,2,1,2,2,2,1,2,2,2,2,2,2,2,2,2,2,1,1,1,2,,1,2,1,2,1,2,2,1,1,1,1,1,01,2,02,17,1073.4440107
5385750,1,5,1,1,1,1,1,1,4,1,,,99,200000,,2,1,1,1,1,1,1,2,1,1,1,2,2,2,2,2,2,2,2,2,2,1,2,2,2,,1,2,1,4,1,2,2,1,1,1,1,1,01,2,02,17,873.1080948
5385752,1,4,1,1,1,1,1,1,4,3,,,,,260000,2,1,1,1,1,1,1,1,2,1,1,2,1,1,2,2,2,2,2,2,2,1,2,2,2,,1,1,1,4,1,2,2,1,1,1,1,1,01,2,02,17,873.1080948
5385753,1,2,1,1,1,1,1,1,4,4,,,,200000,,2,1,2,2,1,2,1,2,2,2,1,2,1,2,2,2,2,2,2,2,2,1,1,1,2,,1,1,1,2,1,2,2,1,1,1,1,1,01,2,02,17,821.99828185
5385754,1,2,1,1,1,1,1,1,4,4,,,,300000,,2,1,2,2,1,1,1,2,2,2,1,2,2,2,2,2,2,2,2,2,2,1,1,1,2,,1,1,1,2,1,2,2,1,1,1,1,1,01,2,02,17,1193.4952333
5385756,1,4,4,1,1,1,1,1,4,1,,,40000000,500000,,2,2,1,1,1,1,1,2,2,1,1,2,2,1,2,2,2,1,1,2,2,1,7,8,2,,1,1,1,3,1,2,2,1,1,1,1,1,01,2,02,17,696.91557458
5385758,1,3,2,1,1,1,1,1,4,1,,,99,300000,,2,2,2,2,1,1,1,2,2,2,1,2,1,2,2,2,2,2,2,2,2,1,3,3,2,,1,1,1,2,1,1,2,1,1,1,1,1,01,2,02,17,728.47957084
5385760,1,3,2,1,1,1,1,1,4,1,,,30000000,150000,,2,1,1,1,1,1,1,2,2,2,1,2,1,1,2,2,2,2,2,2,2,1,2,4,2,,1,1,4,4,1,2,2,1,1,1,1,1,01,2,02,17,2674.6163492
5385761,1,4,3,1,1,1,1,1,4,3,,,,,200000,2,1,1,1,1,1,1,2,2,2,1,2,2,1,2,2,2,1,2,2,2,1,2,3,2,,1,2,4,3,1,2,2,1,1,1,1,1,01,2,02,17,696.91557458
5385762,1,4,1,1,1,1,1,1,4,4,,,,200000,,2,1,2,2,2,2,1,2,2,2,1,2,2,2,2,2,2,2,2,2,2,1,1,1,2,,1,2,1,4,1,2,2,1,1,1,1,1,01,2,02,17,1073.4440107
5385765,1,5,2,1,1,1,1,1,4,1,,,100000000,300000,,2,1,1,1,1,1,1,2,2,2,1,2,1,2,2,2,2,2,2,2,2,1,3,3,2,,1,1,1,4,1,2,2,1,1,1,1,1,01,2,02,17,782.95730136
5385767,1,4,2,1,1,1,1,1,4,1,,,60000000,150000,,2,1,2,1,1,1,1,2,2,2,1,2,2,2,2,2,2,2,1,2,2,1,2,2,2,,1,1,1,4,1,2,2,1,1,1,1,1,01,2,02,17,1299.0827768
5385768,1,1,1,1,1,1,1,6,,3,,,,,250000,2,1,1,2,2,2,2,2,2,2,1,2,1,2,2,2,2,2,1,2,2,1,1,1,2,,1,4,1,4,1,2,2,1,1,1,1,1,01,2,02,17,1534.7435577
5385769,1,4,3,1,1,1,1,1,4,3,,,,,200000,2,1,1,1,2,1,1,2,2,2,1,2,2,2,2,2,2,2,2,2,2,1,3,4,2,,1,2,1,4,1,2,2,1,1,1,1,1,01,2,02,17,1559.2182256
5385770,1,6,4,1,1,1,1,1,4,1,,,40000000,200000,,2,1,2,1,1,1,1,2,2,2,1,2,2,2,2,2,2,2,2,2,2,1,1,4,2,,1,1,1,4,1,2,2,1,1,1,1,1,01,2,02,17,712.78623026
5385771,1,4,3,1,1,1,1,1,4,4,,,,300000,,2,1,2,1,1,1,1,2,2,2,1,2,1,2,2,2,2,2,2,2,2,1,3,3,2,,1,1,1,2,1,2,2,1,1,1,1,1,01,2,02,17,1014.0205033
5385772,1,4,3,1,1,1,1,1,4,1,,,20000000,250000,,2,1,2,1,1,1,1,2,2,2,1,2,2,2,2,2,2,2,2,2,2,1,2,4,2,,1,2,4,2,1,2,2,1,1,1,1,1,01,2,02,17,696.91557458
5385774,1,4,2,1,1,1,1,1,4,3,,,,,100000,2,1,2,2,1,1,1,2,2,2,1,2,2,2,2,2,2,2,2,2,2,1,1,3,2,,1,2,4,2,1,2,2,1,1,1,1,1,01,2,02,17,782.95730136
5385775,1,2,2,1,1,1,1,1,4,4,,,,200000,,2,1,2,1,1,1,1,2,2,2,1,2,2,2,2,2,2,2,1,2,2,1,1,4,2,,1,1,1,2,1,2,2,1,1,1,1,1,01,2,02,17,1809.434293
5385777,1,2,2,1,1,1,1,1,4,1,,,99,200000,,2,1,2,1,1,2,1,2,2,2,1,2,2,2,2,2,2,2,2,2,2,1,1,2,2,,1,1,4,2,1,2,2,1,1,1,1,1,01,2,02,17,1299.0827768
5385779,1,4,2,1,1,1,1,1,4,3,,,,,250000,2,1,2,2,1,2,1,2,2,2,1,2,2,2,2,2,2,2,2,2,2,1,3,5,2,,1,1,1,2,1,1,2,1,1,1,1,1,01,2,02,17,2468.9116082
5385780,1,3,2,1,1,1,1,1,4,4,,,,300000,,2,1,2,1,1,1,1,2,2,2,1,2,1,1,2,2,2,1,1,2,2,1,3,4,2,,1,1,1,2,1,2,2,1,1,1,1,1,01,2,02,17,696.91557458
5385781,1,1,1,1,1,1,1,1,4,1,,,98,60000,,2,2,2,2,2,2,1,2,2,2,2,2,2,2,2,2,2,2,2,2,2,1,1,1,2,,1,2,4,2,1,2,2,1,1,1,1,1,01,2,02,17,1073.4440107
5385782,1,3,2,1,1,1,1,1,4,3,,,,,150000,2,1,1,2,1,2,1,2,2,2,1,2,1,2,2,2,2,2,2,2,2,1,3,3,2,,1,2,1,2,1,2,2,1,1,1,1,1,01,2,02,17,1495.7025772
5385783,1,1,1,2,1,4,1,1,4,1,,,10000000,80000,,2,2,2,2,1,1,1,2,2,2,1,2,2,2,2,2,2,2,2,2,2,1,1,1,2,,1,1,1,2,1,2,2,2,2,,1,2,01,2,02,17,1073.4440107
5385784,1,3,2,2,1,3,2,1,4,1,,,20000000,100000,,2,1,2,1,1,1,1,2,2,2,1,2,1,2,2,2,2,2,2,2,2,1,2,2,2,,1,1,1,2,1,2,2,2,2,,2,,01,2,02,17,696.91557458
5385785,1,3,2,3,1,5,1,1,4,1,,,30000000,180000,,2,1,1,1,1,2,1,2,2,2,1,2,2,2,2,2,2,1,1,2,2,1,3,6,2,,1,1,1,1,1,2,2,2,2,,1,1,01,2,02,17,2091.25911
5385786,1,3,2,2,1,4,1,1,4,4,,,,150000,,2,2,2,1,1,2,1,2,2,2,1,2,2,2,2,2,2,1,2,2,2,1,2,5,2,,1,1,1,2,1,2,2,2,2,,1,2,01,2,02,17,1414.5897016
5385788,1,1,1,2,1,3,2,1,4,1,,,8000000,75000,,2,1,2,2,2,1,1,2,2,2,1,2,2,2,2,2,2,2,2,2,2,1,1,1,2,,1,1,1,2,1,2,2,1,2,,2,,01,2,02,17,1073.4440107
5385789,1,4,2,2,1,4,1,1,5,2,,200000,99,180000,,2,2,2,1,1,1,1,2,2,2,1,2,1,2,2,2,2,2,1,2,2,1,3,3,2,,1,2,4,4,1,2,2,2,2,,1,1,01,2,02,17,696.91557458
5385791,1,3,3,2,1,3,2,1,4,1,,,99,80000,,2,1,2,1,1,1,1,2,2,2,1,2,2,2,2,2,2,1,1,1,2,1,3,5,2,,1,1,1,4,1,2,2,2,2,,2,,01,2,02,17,1064.7821184
5385792,1,3,1,2,1,4,2,1,4,1,,,98,50000,,2,2,2,2,1,1,1,2,2,2,1,2,2,2,2,2,2,2,2,2,2,1,1,1,2,,1,1,4,2,1,2,2,2,2,,2,,01,2,02,17,1193.4952333
5385793,1,1,1,2,1,4,1,1,4,3,,,,,100000,2,2,2,2,2,2,1,2,2,2,1,2,2,2,2,2,2,2,2,2,2,2,,1,2,,1,2,4,3,1,2,2,2,2,,1,1,01,2,02,17,1073.4440107
5385794,1,2,1,2,1,3,2,1,4,1,,,30000000,100000,,2,2,2,2,1,1,1,2,2,2,1,2,2,2,2,2,2,1,2,2,2,1,1,1,2,,1,1,1,2,1,2,2,2,2,,2,,01,2,02,17,1193.4952333
5385795,1,1,1,2,1,4,2,1,4,4,,,,150000,,2,2,2,2,2,2,1,2,2,2,1,1,2,2,2,2,2,2,1,2,2,1,1,1,2,,1,1,1,2,1,2,2,2,2,,2,,01,2,02,17,821.99828185
5385796,1,4,3,2,1,5,2,1,5,4,,,,300000,,2,2,2,1,1,2,1,2,2,2,2,2,2,2,2,2,2,2,1,2,2,1,4,5,2,,1,1,1,2,2,,2,2,2,,2,,01,2,02,17,779.24118592
5385797,1,3,1,2,1,4,2,5,5,4,,,,120000,,2,2,2,2,1,1,1,2,2,2,1,2,1,2,2,2,2,2,1,2,2,2,,1,1,4,1,1,5,2,1,9,2,2,2,,2,,01,2,02,17,1073.4440107
5385798,1,2,1,2,1,4,2,1,4,4,,,,200000,,2,2,2,2,1,2,1,2,2,2,1,2,1,2,2,2,2,2,1,2,2,1,1,1,2,,1,1,4,3,1,2,2,2,2,,2,,01,2,02,17,1499.4186926
5385799,1,3,2,3,1,4,2,1,5,4,,,,100000,,2,2,1,1,1,1,1,2,2,2,2,2,2,2,2,2,2,1,1,2,2,1,2,3,2,,1,1,1,2,1,1,2,2,2,,2,,01,2,02,17,1068.4982338
5385800,1,3,2,2,1,4,2,1,5,4,,,,100000,,2,1,2,1,1,1,2,2,2,2,1,2,1,2,2,2,2,1,2,2,2,1,3,5,2,,1,1,1,4,1,2,2,2,2,,2,,01,2,02,17,1924.5953495
5385801,1,4,2,2,1,4,2,1,4,4,,,,99,,2,2,2,2,1,1,1,2,2,1,1,2,1,2,2,2,2,2,2,2,2,1,3,3,2,,1,1,1,2,1,2,2,2,2,,2,,01,2,02,17,782.95730136
5385802,1,3,1,2,1,4,2,1,5,4,,,,100000,,2,2,2,2,1,1,2,2,2,2,1,2,2,2,2,2,2,2,2,2,2,1,1,2,2,,1,1,1,2,1,2,2,2,2,,2,,01,2,02,17,873.1080948
5385803,1,3,3,2,1,5,2,1,5,1,,,98,200000,,2,2,2,1,1,1,1,2,2,2,1,2,2,2,2,2,2,1,1,2,2,1,4,4,2,,1,1,4,4,1,2,2,2,2,,2,,01,2,02,17,696.91557458
5385804,1,2,1,2,1,4,2,1,5,4,,,,150000,,2,2,2,2,1,1,1,2,2,2,1,2,2,2,2,2,2,2,1,2,2,1,3,3,2,,1,1,1,4,1,2,2,2,2,,2,,01,2,02,17,978.69563826
5385805,1,3,2,2,1,4,2,1,5,1,,,99,180000,,2,1,2,2,1,1,1,1,2,2,1,2,1,2,2,2,2,2,1,2,2,1,3,3,2,,1,1,1,4,1,3,2,2,2,,2,,01,2,02,17,1068.4982338
5385807,1,1,1,2,1,4,2,1,5,1,,,30000000,300000,,2,2,2,1,1,1,1,2,2,2,1,1,1,2,2,2,2,2,1,2,2,1,1,1,2,,1,2,1,4,1,9,2,2,2,,2,,01,2,02,17,1499.4186926
5385808,1,2,2,2,1,5,2,1,5,4,,,,30000,,2,2,2,2,2,2,1,2,2,2,2,2,2,2,2,2,2,2,2,2,2,1,1,3,2,,1,2,1,4,1,9,2,2,2,,2,,01,2,02,17,1014.0205033
5385809,1,2,2,3,1,5,2,1,5,4,,,,350000,,2,2,2,2,2,2,2,2,2,2,2,2,1,2,2,2,2,2,1,2,2,1,1,6,2,,1,1,1,2,1,2,2,2,2,,2,,01,2,02,17,2787.6622983
5385811,1,5,1,2,1,5,2,1,5,1,,,99,200000,,2,2,2,2,1,1,1,2,2,2,1,2,2,2,2,2,2,2,2,1,2,1,2,2,2,,1,1,1,4,1,2,2,2,2,,2,,01,2,02,17,927.58582531
5385812,1,2,1,2,1,4,2,1,4,4,,,,150000,,2,2,2,2,1,2,1,2,2,2,1,2,2,2,2,2,2,2,2,2,2,1,2,2,2,,1,1,1,2,1,9,2,2,2,,2,,01,2,02,17,873.1080948
5385825,1,2,1,3,1,1,1,3,4,1,,,30000000,150000,,2,2,2,1,1,1,1,2,2,2,2,2,2,2,2,2,2,2,2,2,2,1,2,2,2,,1,1,1,2,1,1,2,2,1,1,1,1,01,2,02,17,926.20856952
5385826,1,1,1,3,1,1,1,1,4,2,,100000,50000000,100000,,2,2,2,1,1,1,1,2,2,2,1,2,2,2,2,2,2,2,2,2,2,1,2,5,2,,1,1,7,2,1,1,2,2,1,1,1,1,01,2,02,17,2023.4072414
5385827,1,3,2,3,1,1,1,1,5,5,,,,100000,,2,2,2,2,1,2,2,2,2,2,1,1,2,2,2,2,2,2,2,2,2,1,1,3,2,,1,1,8,3,1,1,2,2,1,1,1,1,01,2,02,17,1038.2177104
5385828,1,4,1,3,1,1,1,1,4,3,,,,,250000,2,1,2,1,1,1,1,2,2,2,1,2,2,2,2,2,2,2,2,2,2,1,1,3,2,,1,1,1,2,1,1,2,2,1,1,1,1,01,2,02,17,2526.0904845
5385829,1,1,1,3,1,1,1,1,4,4,,,,200000,,2,2,2,1,1,1,1,2,2,2,1,1,2,2,2,2,2,2,2,2,2,1,1,5,2,,1,1,1,2,1,9,2,2,1,1,1,1,01,2,02,17,2957.2016627
5385830,1,2,2,3,1,1,1,5,5,4,,,,200000,,2,2,2,2,2,2,2,2,2,2,1,1,1,2,2,2,2,2,2,2,2,1,2,4,2,,1,1,7,1,1,9,2,2,1,1,1,1,01,2,02,17,1770.5054106
5385831,1,5,4,2,1,1,1,1,3,1,,,40000000,280000,,2,2,2,2,1,1,1,2,2,2,1,1,1,2,2,2,2,2,2,2,2,1,4,5,2,,1,1,5,3,1,1,1,2,1,1,1,1,01,2,02,17,739.30041567
5385833,1,2,2,2,1,1,1,1,3,1,,,5000000,300000,,2,2,2,2,1,1,1,2,2,2,2,2,2,2,2,2,2,2,1,2,2,1,3,5,2,,1,1,1,2,1,1,1,2,1,1,1,1,01,2,02,17,937.70695465
5385834,1,3,2,3,1,1,1,1,4,1,,,99,99,,2,2,2,1,1,1,1,2,2,2,1,2,1,2,2,2,2,2,2,2,2,1,1,3,2,,1,1,1,4,1,1,2,2,1,1,1,1,01,2,02,17,739.30041567
5386230,1,3,2,2,1,4,3,5,5,4,,,,150000,,2,2,2,2,2,2,2,2,2,2,2,2,2,2,2,2,2,2,1,2,2,1,3,6,2,,1,1,1,1,2,,2,2,2,,2,,01,2,02,23,918.37995079
5386231,1,3,1,2,1,4,3,1,4,4,,,,80000,,2,2,2,1,1,1,1,2,2,2,1,2,1,2,2,2,1,1,2,2,2,1,1,2,2,,1,1,1,2,1,1,2,2,2,,2,,01,2,02,23,1159.7127266
5386232,1,2,1,2,1,4,4,5,5,4,,,,120000,,2,2,2,2,2,2,2,2,2,2,2,2,2,2,2,2,2,2,2,2,2,2,,1,2,,1,1,1,2,1,1,2,2,2,,2,,01,2,02,23,1824.8696645
5386233,1,3,1,2,1,4,3,1,4,4,,,,100000,,2,2,2,1,1,2,1,2,2,2,1,2,2,2,2,2,1,2,1,2,2,1,2,2,2,,1,1,1,2,1,1,2,2,2,,2,,01,2,02,23,1560.2697065
5386234,1,3,1,2,1,4,3,5,5,1,,,3000000,80000,,2,2,2,1,1,2,2,2,2,2,1,2,1,2,2,2,1,1,2,2,2,1,1,4,2,,1,1,5,1,1,1,2,2,2,,2,,01,2,02,23,2159.9294359
5386235,1,3,1,2,1,4,4,1,5,4,,,,200000,,2,1,2,2,2,1,1,2,2,2,1,2,2,2,2,2,1,2,2,2,2,2,,2,2,,1,1,1,2,1,1,2,2,2,,2,,01,2,02,23,1373.3325976
5386236,1,2,2,6,,4,4,1,5,1,,,2000000,50000,,2,2,2,2,2,2,2,2,2,2,2,2,2,2,2,2,2,2,2,2,2,1,2,3,2,,1,1,5,1,1,1,2,2,2,,2,,01,2,02,23,1735.3165783
5386237,1,4,3,2,1,3,4,1,5,1,,,10000000,80000,,2,2,2,1,1,2,2,2,2,2,2,2,1,2,2,2,1,2,1,2,2,1,2,7,2,,1,1,5,1,1,1,2,2,2,,2,,01,2,02,23,2654.6327769
5386238,1,3,1,2,1,4,4,5,5,4,,,,150000,,2,2,2,2,2,2,2,2,2,2,2,2,2,2,2,2,1,2,2,2,2,1,1,3,2,,1,1,1,1,1,1,2,2,2,,2,,01,2,02,23,1867.9732336
5386239,1,3,2,2,1,4,6,1,4,1,,,5000000,100000,,2,1,2,1,1,1,1,2,2,2,1,2,2,2,2,2,1,2,1,2,2,2,,3,2,,1,1,5,1,1,1,2,2,2,,2,,01,2,02,23,2133.1651847
5386240,1,3,2,2,1,4,6,1,5,4,,,,150000,,2,2,2,2,2,2,1,2,2,2,2,2,2,2,2,2,1,2,1,2,2,1,2,6,2,,1,1,5,1,1,1,2,2,2,,2,,01,2,02,23,3184.3127697
5386241,1,2,1,6,,4,4,5,5,4,,,,50000,,2,2,2,2,2,2,2,2,2,2,2,2,2,2,2,2,2,2,2,2,2,1,1,1,2,,1,1,5,1,1,1,2,2,2,,2,,01,2,02,23,2201.5324767
5386243,1,2,1,2,1,4,4,5,5,1,,,3000000,60000,,2,2,2,2,2,2,2,2,2,2,2,2,1,2,2,2,2,1,2,2,2,1,1,2,2,,1,1,8,1,1,1,2,2,2,,2,,01,2,02,23,1929.4758819
5386244,1,3,2,2,1,4,4,5,5,1,,,4000000,100000,,2,2,2,1,1,2,2,2,2,2,1,2,2,2,2,2,1,1,2,2,2,1,2,8,2,,1,1,5,1,1,1,2,2,2,,2,,01,2,02,23,1107.938461
5386275,1,3,1,2,1,4,4,1,4,1,,,8000000,120000,,2,1,2,1,1,1,1,2,2,2,1,2,1,2,2,2,1,2,2,2,2,1,1,1,2,,1,1,5,2,1,1,2,2,2,,2,,01,2,02,23,1943.8203272
5386276,1,3,2,2,1,3,4,1,4,1,,,5000000,50000,,2,2,2,1,1,1,1,2,2,2,2,2,2,2,2,2,1,2,2,2,2,1,2,4,2,,1,1,5,1,1,1,2,2,2,,2,,01,2,02,23,2396.5320153
5386277,1,3,2,2,1,4,4,5,5,4,,,,90000,,2,1,2,1,1,2,2,2,2,2,1,2,2,2,2,2,1,2,1,2,2,1,1,4,2,,1,1,2,2,1,1,2,2,2,,2,,01,2,02,23,2079.1507115
5386278,1,2,1,2,1,4,4,5,5,4,,,,40000,,2,2,2,1,1,2,2,2,2,2,1,2,2,2,2,2,1,1,2,2,2,1,2,4,2,,1,1,5,1,1,1,2,2,2,,2,,01,2,02,23,1588.4284638
5386279,1,4,3,2,1,3,4,1,5,1,,,5000000,40000,,2,1,2,1,2,1,2,2,2,2,1,2,2,2,2,2,1,2,1,2,2,1,2,6,2,,1,1,5,1,1,1,2,2,2,,2,,01,2,02,23,1779.6738173
5386281,1,3,1,2,1,4,4,5,5,1,,,3000000,90000,,2,2,2,1,1,1,2,2,2,2,1,2,2,2,2,2,1,2,2,2,2,1,1,1,2,,1,1,5,1,1,1,2,2,2,,2,,01,2,02,23,1982.9338259
5386282,1,2,1,2,1,3,8,1,4,1,,,10000000,100000,,2,2,2,1,1,1,1,2,2,2,2,2,2,2,2,2,1,2,1,2,2,1,1,2,2,,1,1,5,1,1,1,2,2,2,,2,,01,2,02,23,1968.5893806
5386283,1,3,2,2,1,4,3,1,4,4,,,,100000,,2,1,2,1,1,1,1,2,2,2,1,2,2,2,2,2,1,2,2,2,2,1,1,3,2,,1,1,1,4,1,1,2,2,2,,2,,01,2,02,23,1696.5327858
5386284,1,4,3,2,1,4,4,1,4,1,,,2000000,100000,,2,1,2,1,1,2,1,2,2,2,1,2,2,2,2,2,1,2,2,2,2,1,2,5,2,,1,1,5,1,1,1,2,2,2,,2,,01,2,02,23,3236.4351203
5386285,1,3,1,2,1,4,10,5,5,1,,,9000000,150000,,2,2,2,1,1,1,2,2,2,2,1,2,2,2,2,2,1,2,2,2,2,2,,1,2,,1,1,1,2,1,1,2,2,2,,2,,01,2,02,23,1982.9338259
5386286,1,3,2,2,1,3,4,1,4,1,,,7000000,100000,,2,2,2,1,1,1,1,2,2,2,1,2,2,2,2,2,1,2,2,2,2,1,1,3,2,,1,1,5,1,1,1,2,2,2,,2,,01,2,02,23,1696.5327858
5386287,1,3,2,2,1,4,10,1,4,1,,,6000000,120000,,2,2,2,2,1,2,1,2,2,2,1,2,2,2,2,2,1,1,2,2,2,1,1,5,2,,1,1,5,2,1,1,2,2,2,,2,,01,2,02,23,2857.9334675
5386288,1,3,2,2,1,4,10,1,4,1,,,10000000,300000,,2,2,2,2,1,1,1,2,2,2,1,2,2,2,2,2,1,2,2,2,2,1,3,5,2,,1,1,1,2,1,1,2,2,2,,2,,01,2,02,23,1851.7952944
5386290,1,2,1,3,1,4,4,1,5,4,,,,30000,,2,2,2,2,2,2,2,2,2,2,2,2,2,2,2,2,1,2,2,2,2,1,1,2,2,,1,1,8,1,1,1,2,2,2,,2,,01,2,02,23,2405.2217795
5386291,1,2,1,6,,4,10,1,5,4,,,,100000,,2,1,2,2,1,1,1,2,2,2,1,2,1,2,2,2,1,1,2,2,2,1,2,2,2,,1,1,5,1,1,1,2,2,2,,2,,01,2,02,23,1656.7957557
5386292,1,3,2,2,1,3,4,1,4,1,,,5000000,100000,,2,1,2,2,1,2,1,2,2,2,1,2,2,2,2,2,1,2,2,2,2,2,,4,2,,1,1,5,1,1,1,2,2,2,,2,,01,2,02,23,1166.7640416
5386293,1,2,1,2,1,4,4,5,5,4,,,,80000,,2,2,2,2,2,2,2,2,2,2,1,2,1,2,2,2,1,1,2,2,2,2,,1,2,,1,1,5,1,1,1,2,2,2,,2,,01,2,02,23,2201.5324767
5386294,1,2,1,6,,4,4,5,5,1,,,5000000,50000,,2,1,2,2,1,2,2,2,2,2,1,2,2,2,2,2,1,2,1,2,2,1,2,3,2,,1,1,5,1,1,1,2,2,2,,2,,01,2,02,23,2131.273062
5386295,1,3,2,2,1,4,4,1,5,1,,,3000000,100000,,2,1,2,1,2,2,2,2,2,2,1,2,2,2,2,2,1,2,1,2,2,1,2,4,2,,1,1,5,1,1,1,2,2,2,,2,,01,2,02,23,1107.938461
5386296,1,2,1,2,1,4,4,1,5,4,,,,40000,,2,2,2,2,2,2,2,2,2,2,1,2,2,2,2,2,2,2,2,2,2,1,1,1,2,,1,1,5,1,1,1,2,2,2,,2,,01,2,02,23,1943.8203272
5386297,1,2,1,2,1,4,10,5,5,4,,,,120000,,2,2,2,2,2,2,2,2,2,2,1,2,2,2,2,2,1,1,1,2,2,1,1,4,2,,1,1,5,1,1,1,2,2,2,,2,,01,2,02,23,3025.2576425
5386298,1,2,1,2,1,4,4,5,5,1,,,5000000,40000,,2,1,2,1,2,2,2,2,2,2,1,2,1,2,2,2,1,2,2,2,2,1,2,3,2,,1,1,5,1,1,1,2,2,2,,2,,01,2,02,23,1610.2610842
5386299,1,2,1,6,,4,4,1,5,4,,,,30000,,2,2,2,1,2,1,2,2,2,2,2,2,2,2,2,2,2,2,2,2,2,1,1,5,2,,1,1,8,1,1,1,2,2,2,,2,,01,2,02,23,4404.3684182
5386300,1,3,2,2,1,4,4,1,5,1,,,4000000,80000,,2,1,2,2,2,2,2,2,2,2,1,2,1,2,2,2,2,2,2,2,2,1,2,7,2,,1,1,5,1,1,1,2,2,2,,2,,01,2,02,23,1906.5604675
5386301,1,3,2,2,1,4,4,5,5,1,,,3000000,60000,,2,2,2,2,2,2,2,2,2,2,1,2,1,2,2,2,1,2,2,2,2,1,1,4,2,,1,1,5,1,1,1,2,2,2,,2,,01,2,02,23,2504.2456646
5386302,1,3,1,2,1,4,3,5,5,1,,,4000000,100000,,2,1,2,1,1,2,2,2,2,2,1,2,1,2,2,2,1,1,1,2,2,1,1,2,2,,1,1,5,1,1,1,2,2,2,,2,,01,2,02,23,1710.8772311
5386303,1,3,2,2,1,3,1,1,5,1,,,5000000,80000,,2,1,2,1,1,2,2,2,2,2,1,2,2,2,2,2,1,1,1,2,2,1,1,3,2,,1,1,5,1,1,1,2,2,2,,1,2,01,2,02,23,1127.0270115
5386304,1,4,3,2,1,4,1,1,4,4,,,,100000,,2,1,2,2,1,1,1,2,2,2,1,2,2,2,2,2,1,2,1,2,2,1,2,4,2,,1,1,1,2,1,1,2,2,2,,1,2,01,2,02,23,1582.8407848
5386305,1,3,2,2,1,4,10,1,4,1,,,10000000,150000,,2,1,2,1,1,1,1,2,2,2,1,2,2,2,2,2,1,2,1,2,2,1,1,2,2,,1,1,5,1,1,1,2,2,2,,2,,01,2,02,23,1399.0836063
5386306,1,3,2,2,1,3,1,1,5,3,,,,,70000,2,2,2,2,2,2,2,2,2,2,1,2,2,2,2,2,2,1,2,2,2,1,2,5,2,,1,1,5,1,1,1,2,2,2,,1,2,01,2,02,23,1581.5721935
5386307,1,3,1,2,1,4,1,1,5,1,,,6000000,70000,,2,2,2,1,2,2,2,2,2,2,2,2,2,2,2,2,2,2,2,2,2,1,1,1,2,,1,1,5,1,1,1,2,2,2,,1,2,01,2,02,23,1982.9338259
5386308,1,3,2,2,1,3,4,1,5,1,,,5000000,100000,,2,1,2,2,2,1,2,2,2,2,1,2,2,2,2,2,2,2,2,2,2,1,1,3,2,,1,1,5,2,1,1,2,2,2,,2,,01,2,02,23,1908.9788549
5386309,1,3,2,2,1,4,1,1,4,1,,,12000000,90000,,2,1,2,1,1,2,1,2,2,2,1,2,2,2,2,2,1,2,1,2,2,1,1,3,2,,1,1,1,1,1,1,2,2,2,,1,2,01,2,02,23,1922.054709
5386310,1,3,1,2,1,4,1,1,5,1,,,7000000,80000,,2,2,2,2,2,2,2,2,2,2,1,2,2,2,2,2,1,2,2,2,2,1,1,1,2,,1,1,5,1,1,1,2,2,2,,1,2,01,2,02,23,1943.8203272
5386311,1,2,1,2,1,4,1,5,5,1,,,6000000,50000,,2,2,2,2,1,1,2,2,2,2,1,2,2,2,2,2,1,2,2,2,2,1,2,2,2,,1,1,1,3,1,1,2,2,2,,1,2,01,2,02,23,1399.0836063
5386312,1,3,2,2,1,3,10,3,4,1,,,30000000,300000,,2,1,2,1,1,1,1,2,2,2,1,2,1,2,2,2,1,1,1,2,2,1,2,3,2,,1,1,1,4,1,1,2,2,2,,1,2,01,2,02,23,2279.9923327
5386313,1,3,1,2,1,4,1,1,4,4,,,,100000,,2,1,1,1,2,1,1,2,2,2,1,2,2,1,2,2,1,2,1,2,2,1,2,2,2,,1,1,5,1,1,1,2,2,2,,1,2,01,2,02,23,2141.921951
5386314,1,3,2,2,1,4,1,5,5,1,,,14000000,100000,,2,2,2,2,1,1,1,2,2,2,1,2,1,2,2,2,1,1,2,2,2,1,2,4,2,,1,1,1,2,1,1,2,2,2,,1,2,01,2,02,23,1582.8407848
5386315,1,2,1,2,1,3,1,1,5,4,,,,100000,,2,2,2,2,1,1,2,2,2,2,2,2,2,2,2,2,1,2,2,2,2,1,1,1,2,,1,1,5,1,1,1,2,2,2,,1,2,01,2,02,23,1671.1402011
5386343,1,3,1,2,1,1,1,1,4,2,,1500000,60000000,300000,,2,2,1,1,1,1,1,2,2,2,1,2,2,2,2,2,2,2,2,2,2,1,1,3,1,1,1,1,1,4,1,2,2,2,1,1,1,1,01,2,02,41,1177.5362976
5386344,1,4,3,2,1,5,1,1,5,4,,,,200000,,2,2,2,2,1,1,1,2,2,2,1,2,1,2,2,2,2,2,1,2,2,1,2,7,2,,1,1,1,4,1,1,2,2,2,,1,1,01,2,02,41,1708.831842
5386345,1,2,2,2,1,5,1,1,4,4,,,,250000,,2,1,2,1,1,1,1,2,2,2,1,2,2,2,2,2,2,2,1,2,2,1,2,4,2,,1,1,1,2,1,2,2,2,2,,1,2,01,2,02,41,1956.1304718
5386346,1,5,4,2,1,1,1,1,4,1,,,50000000,200000,,2,2,2,1,1,1,1,2,2,2,1,2,2,2,2,2,2,2,1,2,2,1,3,6,2,,1,1,1,2,1,2,2,2,1,1,1,1,01,2,02,41,489.03261796
5386347,1,1,1,2,1,4,1,1,4,4,,,,150000,,2,1,2,2,2,2,1,2,2,2,1,2,2,2,2,2,2,2,1,2,2,1,1,2,2,,1,1,1,2,1,2,2,2,2,,1,2,01,2,02,41,650.89623633
5386348,1,2,1,2,2,3,1,1,4,4,,,,150000,,2,2,2,2,2,2,2,2,2,2,1,2,2,2,2,2,2,2,2,2,2,1,1,2,2,,1,1,1,2,1,1,2,2,2,,1,1,01,2,02,41,1078.6566534
5386350,1,4,1,2,1,1,1,1,4,4,,,,150000,,2,2,2,2,2,1,1,2,2,2,1,2,2,2,2,2,2,2,1,2,2,1,1,1,2,,1,1,1,2,1,2,2,2,1,1,1,1,01,2,02,41,753.2463815
5386351,1,3,2,3,1,4,1,1,5,1,,,25000000,100000,,2,2,2,2,1,1,1,2,2,2,1,2,1,2,2,2,2,2,1,2,2,2,,3,2,,1,1,4,2,1,2,2,2,2,,1,1,01,2,02,41,686.76050245
5386352,1,5,3,2,1,1,1,1,5,1,,,40000000,200000,,2,1,1,1,1,1,1,2,2,2,1,2,2,2,2,2,2,2,1,2,2,1,5,5,2,,1,1,1,2,1,2,2,2,1,1,1,1,01,2,02,41,787.35191993
5386353,1,5,3,2,1,1,1,1,5,1,,,30000000,150000,,2,2,1,1,1,1,1,2,2,2,1,2,2,2,2,2,2,2,1,2,2,1,2,4,2,,1,1,1,2,1,1,2,2,1,1,1,1,01,2,02,41,489.03261796
5386354,1,2,1,2,1,4,1,1,4,4,,,,100000,,2,2,1,2,1,1,1,2,2,2,1,2,2,1,2,2,2,2,2,2,2,1,2,2,2,,1,1,1,4,1,1,2,2,2,,1,2,01,2,02,41,650.89623633
5386355,1,3,2,2,1,3,1,1,5,1,,,30000000,300000,,2,2,1,2,2,1,1,2,2,2,1,2,1,2,2,2,2,2,1,2,2,1,5,5,2,,1,1,1,2,1,1,2,2,2,,1,1,01,2,02,41,747.1682452
5386358,1,4,1,2,1,3,1,1,5,1,,,98,250000,,2,2,2,2,1,2,2,2,2,2,2,2,2,2,2,2,2,2,2,2,2,1,2,2,2,,1,1,4,2,1,2,2,2,2,,1,2,01,2,02,41,911.57935688
5386359,1,4,2,2,1,4,1,1,4,3,,,,,100000,2,2,2,2,1,1,1,2,2,2,1,2,2,2,2,2,2,2,2,2,2,1,2,3,2,,1,1,1,2,1,1,2,2,2,,1,1,01,2,02,41,749.77588051
5386360,1,3,1,2,1,4,1,1,5,1,,,98,200000,,2,2,2,2,2,2,2,1,2,2,2,2,2,2,2,2,2,2,2,2,2,2,,1,2,,1,1,4,2,1,2,2,2,2,,1,1,01,2,02,41,837.48752325
5386361,1,3,2,2,1,4,1,1,5,1,,,15000000,120000,,2,2,2,2,2,2,1,2,2,2,1,2,2,2,2,2,2,2,1,2,2,1,1,3,2,,1,1,4,2,1,1,2,2,2,,1,1,01,2,02,41,489.03261796
5386362,1,4,2,2,1,3,1,1,5,1,,,15000000,150000,,2,2,2,2,1,1,1,2,2,2,1,2,2,2,2,2,2,1,2,2,2,1,2,4,2,,1,1,1,2,1,1,2,2,2,,1,2,01,2,02,41,1146.3665371
5386363,1,3,2,2,1,4,1,5,5,1,,,98,40000,,2,2,2,2,1,1,1,2,2,2,1,2,2,2,2,2,2,1,2,2,2,1,2,3,2,,1,1,5,2,1,1,2,2,2,,1,2,01,2,02,41,489.03261796
5386364,1,3,3,2,1,3,1,1,5,4,,,,300000,,2,2,2,2,1,1,1,1,2,2,1,2,2,2,2,2,2,2,2,2,2,1,2,4,2,,1,1,1,2,1,2,2,2,2,,1,2,01,2,02,41,489.03261796
5386366,1,4,2,2,1,4,1,1,5,1,,,10000000,100000,,2,2,2,2,1,1,1,2,2,2,1,2,2,2,2,2,2,2,2,2,2,1,2,3,2,,1,1,4,2,1,1,2,2,2,,1,1,01,2,02,41,774.56369107
5386367,1,5,4,2,1,3,1,5,5,1,,,100000000,200000,,2,2,2,2,1,1,1,2,2,2,1,2,2,2,2,2,2,2,2,2,2,1,1,6,2,,1,1,4,2,1,1,2,2,2,,1,1,01,2,02,41,1442.6695899
5386368,1,3,2,6,,4,1,5,5,1,,,98,98,,2,2,2,2,2,2,2,2,2,2,2,2,1,2,2,2,2,2,2,2,2,1,1,2,2,,1,1,4,2,1,0,2,2,2,,1,2,01,2,02,41,675.68404688
5386369,1,1,1,2,1,4,1,1,4,1,,,5000000,30000,,2,2,2,2,2,2,1,2,2,2,2,2,2,2,2,2,2,2,2,2,2,1,1,2,2,,1,1,6,2,2,,2,2,2,,1,1,01,2,02,41,489.03261796
5386371,1,5,4,2,1,4,1,1,5,4,,,,100000,,2,2,2,2,1,2,2,2,2,2,1,2,1,2,2,2,2,2,1,2,2,1,2,8,2,,1,1,1,2,1,1,2,2,2,,1,2,01,2,02,41,1956.1304718
5386372,1,4,2,2,1,4,2,1,5,1,,,98,250000,,2,2,2,2,1,1,1,2,2,2,1,2,1,2,2,2,2,2,2,2,2,1,2,3,1,1,1,1,1,2,1,1,2,2,2,,1,1,01,2,02,41,774.56369107
5386373,1,7,6,2,1,4,1,1,5,1,,,10000000,150000,,2,2,2,2,1,1,2,2,2,2,1,2,2,2,2,2,2,2,1,2,2,1,2,12,2,,1,1,4,2,1,1,2,2,2,,1,1,01,2,02,41,1956.1304718
5386374,1,2,2,2,1,4,1,1,5,1,,,8000000,50000,,2,2,2,2,2,2,2,2,2,2,1,2,2,2,2,2,2,2,2,2,2,1,2,2,2,,1,1,1,2,1,1,2,2,2,,1,2,01,2,02,41,1126.2489032
5386375,1,4,2,2,1,3,1,1,5,4,,,,35000,,2,1,2,2,1,1,2,2,2,2,1,2,2,2,2,2,2,2,1,2,2,2,,2,2,,1,1,1,2,1,1,2,2,2,,1,1,01,2,02,41,612.66866882
5386376,1,4,3,2,1,4,1,1,5,1,,,15000000,50000,,2,2,2,2,1,1,2,2,2,2,1,1,2,2,2,2,2,1,1,2,2,1,2,4,2,,1,1,4,2,1,2,2,2,2,,1,1,01,2,02,41,927.92963261
5386379,1,4,3,2,1,3,1,1,4,4,,,,150000,,2,2,2,2,1,1,1,2,2,2,1,2,2,2,2,2,2,2,1,2,2,1,2,4,2,,1,1,1,2,1,0,2,2,2,,1,1,01,2,02,41,1276.4159418
5386380,1,3,3,2,1,4,1,1,4,1,,,20000000,100000,,2,2,2,2,1,1,1,2,2,2,1,2,2,2,2,2,2,2,1,2,2,1,1,5,2,,1,1,1,2,1,1,2,2,2,,1,1,01,2,02,41,1150.1408517
5386381,1,4,3,2,1,3,1,1,4,1,,,98,300000,,2,2,2,2,1,1,1,2,2,2,1,2,2,2,2,2,2,2,1,2,2,1,3,5,2,,1,1,1,2,1,2,2,2,2,,1,2,01,2,02,41,489.03261796
5386382,1,3,2,2,1,4,1,1,5,3,,,,,70000,2,2,2,1,2,1,2,2,2,2,1,2,2,2,2,2,2,1,1,2,2,1,3,6,2,,1,1,1,2,1,2,2,2,2,,1,1,01,2,02,41,1449.3874196
5386383,1,4,2,2,1,4,1,1,4,1,,,98,200000,,2,2,1,2,1,1,1,2,2,2,2,2,2,1,2,2,2,2,1,1,2,1,3,4,2,,1,1,1,2,1,1,2,2,2,,1,1,01,2,02,41,810.42795719
5386384,1,2,1,2,1,4,1,1,5,1,,,15000000,100000,,2,1,2,1,1,1,1,2,2,2,1,2,2,2,2,2,2,2,1,2,2,1,1,3,2,,1,1,1,2,1,1,2,2,2,,1,1,01,2,02,41,1452.5220408
5386385,1,4,3,2,1,3,1,1,4,1,,,15000000,200000,,2,1,2,1,1,1,1,1,2,2,1,2,2,2,2,2,2,2,2,2,2,1,3,5,2,,1,1,1,4,1,2,2,2,2,,1,1,01,2,02,41,1733.3227953
5386386,1,3,2,2,1,4,1,1,5,1,,,15000000,120000,,2,2,2,2,2,1,1,2,2,2,1,2,2,2,2,2,2,2,1,2,2,1,1,2,2,,1,1,1,2,1,1,2,2,2,,1,1,01,2,02,41,911.57935688
5386387,1,3,2,3,1,4,1,1,5,1,,,8000000,100000,,2,2,2,1,1,1,1,2,2,2,1,2,2,2,2,2,2,1,1,2,2,1,2,2,2,,1,1,4,2,1,1,2,2,2,,1,2,01,2,02,41,852.12602568
5386390,1,2,1,2,1,4,1,1,5,1,,,12000000,100000,,2,2,2,2,1,1,1,2,2,2,1,2,2,2,2,2,2,2,2,2,2,1,1,1,2,,1,1,1,2,1,1,2,2,2,,1,1,01,2,02,41,576.8044027
5386391,1,5,2,2,1,3,1,5,5,4,,,,100000,,2,2,2,2,2,1,2,2,2,2,1,2,2,2,2,2,2,2,1,2,2,1,1,4,2,,1,1,1,2,1,2,2,2,2,,1,2,01,2,02,41,1269.6981121
5386392,1,2,1,2,1,4,1,1,5,1,,,15000000,200000,,2,2,2,2,1,1,2,2,2,2,1,1,2,2,2,2,2,1,1,2,2,1,2,2,2,,1,1,1,2,1,1,2,2,2,,1,2,01,2,02,41,489.03261796
5386407,1,2,1,2,1,4,2,1,5,4,,,,50000,,2,2,2,2,1,2,2,2,2,2,1,2,2,2,2,2,2,2,1,2,2,1,1,4,2,,1,1,1,2,1,1,2,2,2,,2,,01,2,02,41,1051.2612075
5386409,1,2,1,3,1,3,2,1,5,4,,,,200000,,2,2,2,2,2,2,1,2,2,2,2,2,2,2,2,2,2,2,2,2,2,2,,1,2,,1,1,5,2,2,,2,2,2,,1,1,01,2,02,41,753.2463815
5386410,1,2,1,3,1,4,2,1,5,1,,,98,300000,,2,2,1,1,1,1,2,2,2,2,1,2,2,2,2,2,2,2,2,2,2,2,,4,2,,1,1,5,3,1,1,2,2,2,,2,,01,2,02,41,1834.8100748
5386411,1,2,2,6,,3,6,1,5,1,,,500000,180000,,2,2,2,2,2,2,2,2,2,2,2,2,2,2,2,2,2,2,2,2,2,1,1,4,2,,1,1,5,1,1,0,2,2,2,,2,,01,2,02,41,648.28860102
5386412,1,3,1,2,1,4,2,1,4,1,,,7000000,50000,,2,2,2,2,1,1,1,2,2,2,1,2,2,2,2,2,2,2,2,2,2,1,1,2,2,,1,1,2,3,1,1,2,2,2,,2,,01,2,02,41,950.66979006
5386413,1,4,3,2,1,3,1,1,5,1,,,6000000,80000,,2,2,2,2,1,1,1,1,2,2,2,2,2,2,2,2,2,2,1,2,2,1,2,3,2,,1,1,5,2,1,1,2,2,2,,1,1,01,2,02,41,901.43004876
5386414,1,3,1,2,1,5,2,1,4,1,,,5000000,150000,,2,2,1,2,2,1,1,2,2,2,1,2,1,2,2,2,2,2,2,1,2,1,2,2,2,,1,1,1,2,1,0,2,2,2,,2,,01,2,02,41,650.89623633
5386415,1,5,2,3,1,4,1,1,5,1,,,7000000,30000,,2,2,2,2,2,2,2,2,2,2,2,2,2,2,2,2,2,2,2,2,2,1,1,2,2,,1,1,4,2,1,1,2,2,2,,1,1,01,2,02,41,612.66866882
5386416,1,4,2,2,1,4,1,1,5,2,,366666,20000000,50000,,2,2,2,2,2,1,1,2,2,2,1,1,2,2,2,2,2,2,1,2,2,1,1,4,2,,1,1,1,2,1,0,2,2,2,,1,1,01,2,02,41,848.6555247
5386417,1,3,2,2,1,3,1,1,5,1,,,98,200000,,2,2,2,2,2,1,1,2,2,2,1,2,2,2,2,2,2,2,2,2,2,1,1,6,2,,1,1,1,2,1,1,2,2,2,,1,1,01,2,02,41,1956.1304718
5386418,1,2,1,2,2,4,1,1,5,4,,,,100000,,2,2,2,2,2,1,2,2,2,2,1,1,2,2,2,2,2,1,2,2,2,1,1,2,2,,1,1,1,2,1,0,2,2,2,,1,1,01,2,02,41,489.03261796
5386419,1,4,1,2,2,4,1,1,5,4,,,,100000,,2,2,2,2,2,2,2,2,2,2,1,2,2,2,2,2,2,2,2,2,2,1,1,1,2,,1,1,1,4,1,1,2,2,2,,1,1,01,2,02,41,837.48752325
5386420,1,4,3,2,1,4,1,1,5,1,,,5000000,30000,,2,2,2,2,2,1,2,2,2,2,1,2,2,2,2,2,2,2,2,2,2,1,1,4,2,,1,1,4,2,1,1,2,2,2,,1,1,01,2,02,41,848.6555247
5386422,1,4,3,2,1,4,1,1,5,1,,,98,98,,2,2,2,2,2,2,2,2,2,2,1,2,2,2,2,2,2,2,2,2,2,1,6,6,2,,1,1,1,1,1,1,2,2,2,,1,1,01,2,02,41,1057.1553888
5386424,1,1,1,6,,3,1,1,5,1,,,25000000,100000,,2,2,2,2,2,2,2,2,2,2,2,2,2,2,2,2,2,2,2,2,2,1,1,2,2,,1,1,5,1,2,,2,2,2,,1,1,01,2,02,41,675.68404688
5386426,1,1,1,6,,3,1,5,5,4,,,,100000,,2,2,2,2,2,2,1,2,2,2,2,2,2,2,2,2,2,2,2,2,2,1,2,2,2,,1,1,4,3,1,1,2,2,2,,1,2,01,2,02,41,696.90981057
5386427,1,5,4,1,1,4,1,1,5,1,,,10000000,70000,,2,2,2,2,1,1,2,2,2,2,1,2,2,2,2,2,2,2,2,2,2,1,5,8,2,,1,1,5,3,1,2,2,1,2,,1,1,01,2,02,41,489.03261796
5386428,1,5,4,1,1,4,1,1,5,1,,,98,200000,,2,2,2,2,1,1,2,2,2,2,1,2,2,2,2,2,2,2,2,2,2,1,3,4,2,,1,1,5,3,1,2,2,1,2,,1,1,01,2,02,41,633.98597839
5386429,1,2,2,1,1,4,1,5,5,1,,,4000000,50000,,2,2,2,2,1,2,1,2,2,2,1,2,2,2,2,2,2,2,1,2,2,1,1,4,2,,1,2,1,2,1,2,2,1,2,,1,2,01,2,02,41,931.69699084
5386430,1,4,2,1,1,4,1,1,5,4,,,,200000,,2,2,2,2,1,2,2,2,2,2,1,2,2,2,2,2,2,2,2,2,2,1,1,4,2,,1,1,1,3,1,2,2,1,2,,1,1,01,2,02,41,823.86771414
5386431,1,2,2,1,1,4,1,1,5,4,,,,40000,,2,2,2,2,2,2,1,2,2,2,2,2,2,2,2,2,2,2,2,2,2,1,1,3,2,,1,2,1,2,1,2,2,1,2,,1,2,01,2,02,41,1195.6062785
5386432,1,3,1,1,2,4,1,1,4,1,,,98,150000,,2,2,1,1,1,1,1,2,2,2,1,2,2,2,2,2,2,2,2,2,2,2,,3,2,,1,1,1,2,1,2,2,1,2,,1,1,01,2,02,41,711.548313
5386433,1,3,1,1,1,4,1,1,5,3,,,,,80000,2,2,2,2,2,1,2,2,2,2,1,2,2,2,2,2,2,2,1,2,2,1,2,3,2,,1,1,1,2,1,2,2,1,2,,1,1,01,2,02,41,1152.748487
5386435,1,3,2,1,1,4,1,1,4,3,,,,,50000,2,2,2,2,2,2,1,2,2,2,1,1,2,2,2,2,2,2,2,2,2,1,2,5,2,,1,1,5,2,1,2,2,1,2,,1,1,01,2,02,41,1956.1304718
5386436,1,4,2,1,1,4,1,1,5,1,,,98,100000,,2,2,2,2,1,1,1,1,2,2,1,2,1,2,2,2,2,1,1,2,2,1,2,4,2,,1,1,1,1,1,0,2,1,2,,1,1,01,2,02,41,1269.6981121
5386439,1,3,1,1,1,4,1,1,4,2,,200000,20000000,100000,,2,2,2,2,2,2,1,2,2,2,1,2,2,2,2,2,2,2,1,2,2,1,1,1,2,,1,1,1,2,1,2,2,1,2,,1,1,01,2,02,41,1052.1570696
5386441,1,4,3,1,1,4,1,1,5,1,,,8000000,100000,,2,2,2,2,1,1,1,2,2,2,1,1,1,2,2,2,2,2,1,2,2,1,3,4,2,,1,1,5,2,1,1,2,1,2,,1,1,01,2,02,41,1351.0347613
5386443,1,3,2,2,1,4,2,1,5,1,,,3000000,98,,2,2,2,2,1,1,2,2,2,2,1,2,2,2,2,2,2,2,2,2,2,1,1,4,2,,1,1,5,1,1,2,2,2,2,,2,,01,2,02,41,1051.2612075
5386444,1,3,1,2,1,4,1,1,5,1,,,20000000,98,,2,1,2,2,1,1,1,2,2,2,1,2,2,2,2,2,2,2,1,2,2,1,1,3,2,,1,1,1,2,1,1,2,2,2,,1,1,01,2,02,41,1452.5220408
5386445,1,2,1,2,1,3,1,1,5,1,,,15000000,200000,,2,2,2,2,2,1,2,2,2,2,1,2,2,2,2,2,2,2,2,2,2,1,1,2,2,,1,1,1,2,1,2,2,2,2,,1,1,01,2,02,41,612.66866882
5386446,1,4,3,2,1,4,1,1,5,1,,,8000000,50000,,2,2,2,2,1,1,2,2,2,2,2,2,2,2,2,2,2,2,2,2,2,1,3,6,2,,1,1,5,2,1,2,2,2,2,,1,1,01,2,02,41,861.44375356
5386447,1,4,3,2,1,4,1,1,5,1,,,98,100000,,2,2,2,2,1,1,1,2,2,2,1,2,2,2,2,2,2,2,2,2,2,1,3,5,2,,1,1,5,3,1,1,2,2,2,,1,1,01,2,02,41,787.35191993
5386448,1,2,1,2,1,3,1,1,4,4,,,,30000,,2,2,2,2,2,1,1,2,2,2,1,1,2,2,2,2,2,2,1,2,2,1,1,2,2,,1,1,4,2,1,2,2,2,2,,1,1,01,2,02,41,975.45760061
5386449,1,6,5,2,1,3,1,1,5,1,,,98,400000,,2,2,2,2,2,2,1,2,2,2,1,2,1,2,2,2,2,2,1,2,2,1,2,6,2,,1,1,5,2,1,2,2,2,2,,1,1,01,2,02,41,904.30154498
5386451,1,3,2,2,1,4,1,1,4,1,,,12000000,70000,,2,2,2,2,1,1,1,2,2,2,1,2,2,2,2,2,2,2,1,2,2,1,3,3,2,,1,1,1,2,1,2,2,2,2,,1,1,01,2,02,41,1152.748487
5386452,1,4,3,2,1,4,1,1,5,1,,,20000000,150000,,2,2,2,2,1,1,2,2,2,2,1,1,1,2,2,2,2,2,1,1,2,1,2,4,2,,1,1,1,4,1,1,2,2,2,,1,1,01,2,02,41,648.28860102
5386453,1,6,5,2,1,4,1,1,5,1,,,25000000,100000,,2,1,2,1,1,1,1,2,2,2,1,2,2,2,2,2,2,2,1,2,2,1,6,8,2,,1,1,1,4,1,2,2,2,2,,1,1,01,2,02,41,489.03261796
5386454,1,5,2,2,1,3,1,1,4,1,,,10000000,150000,,2,2,2,2,2,1,1,2,2,2,1,2,2,2,2,2,2,2,1,2,2,1,2,3,2,,1,1,1,1,1,0,2,2,2,,1,1,01,2,02,41,1195.6062785
5386455,1,5,3,2,1,4,1,1,5,1,,,98,70000,,2,2,2,2,1,1,2,2,2,2,1,2,1,2,2,2,2,2,1,1,2,1,2,4,2,,1,1,1,2,1,2,2,2,2,,1,1,01,2,02,41,948.06215475
5386457,1,3,2,2,1,4,2,1,5,4,,,,100000,,2,1,1,2,1,1,2,2,2,2,1,2,2,2,2,2,2,2,2,2,2,1,1,3,2,,1,1,4,2,1,1,2,2,2,,2,,01,2,02,41,749.77588051
5386458,1,4,3,2,1,1,2,1,5,1,,,98,150000,,2,1,2,2,2,1,1,2,2,2,1,2,2,2,2,2,2,1,1,2,2,1,2,5,2,,1,1,4,2,1,2,2,2,1,8,2,,01,2,02,41,1429.7818833
5386459,1,4,1,2,1,3,6,1,4,1,,,40000000,150000,,2,1,1,2,1,1,1,2,2,2,1,2,2,2,2,2,2,2,1,2,2,1,1,1,2,,1,1,1,2,1,1,2,2,2,,2,,01,2,02,41,1052.1570696
5386461,1,4,3,2,1,3,6,1,5,1,,,35000000,500000,,2,1,1,1,1,1,1,2,2,2,1,1,1,2,2,2,2,2,1,2,2,1,4,4,2,,1,1,1,4,1,1,2,2,2,,2,,01,2,02,41,708.60479789
5386462,1,5,4,3,1,4,2,1,5,1,,,15000000,150000,,2,1,1,1,1,1,1,2,2,2,1,2,2,2,2,2,2,2,1,2,2,1,3,7,2,,1,1,1,2,1,2,2,2,2,,2,,01,2,02,41,1284.884762
5386463,1,5,1,3,1,4,2,1,5,1,,,98,100000,,2,2,2,1,1,1,1,1,2,2,1,2,1,2,2,2,2,2,2,2,2,1,2,2,2,,1,1,1,4,1,2,2,2,2,,2,,01,2,02,41,612.66866882
5386464,1,3,2,3,1,4,2,1,5,3,,,,,60000,2,1,2,2,1,1,1,2,2,2,1,2,1,2,2,2,2,2,2,2,2,1,2,4,2,,1,1,1,4,1,2,2,2,2,,2,,01,2,02,41,1051.2612075
5386465,1,3,2,2,1,3,6,1,5,3,,,,,120000,2,1,2,1,1,1,1,2,2,2,2,2,1,2,2,2,2,2,1,2,2,1,2,5,2,,1,1,1,2,1,1,2,2,2,,2,,01,2,02,41,1956.1304718
5386466,1,5,4,2,1,4,2,1,5,1,,,12000000,120000,,2,1,2,2,1,1,1,2,2,2,1,2,2,2,2,2,2,2,1,2,2,1,1,6,2,,1,1,1,2,1,2,2,2,2,,2,,01,2,02,41,1507.6410752
5386468,1,4,1,3,1,4,1,1,5,1,,,98,300000,,2,1,2,1,1,1,1,1,2,2,1,2,1,2,2,2,2,2,1,2,2,1,2,2,2,,1,1,1,2,1,1,2,2,2,,1,1,01,2,02,41,650.89623633
5386469,1,3,2,2,1,4,2,1,5,1,,,12000000,100000,,2,1,2,2,1,1,1,2,2,2,1,2,2,2,2,2,2,2,2,2,2,1,1,2,2,,1,1,1,2,1,2,2,2,2,,2,,01,2,02,41,612.66866882
5386470,1,5,3,2,1,3,6,1,5,1,,,98,98,,2,1,1,1,1,1,1,2,2,2,1,2,1,2,2,2,2,2,1,2,2,1,4,4,2,,1,1,4,2,1,2,2,2,2,,2,,01,2,02,41,549.74483664
5386471,1,5,3,2,1,4,1,1,5,1,,,15000000,100000,,2,2,2,2,1,1,1,2,2,2,1,2,2,2,2,2,2,2,1,2,2,1,2,4,2,,1,1,4,2,1,2,2,2,2,,1,1,01,2,02,41,500.16921553
5386472,1,4,1,2,1,4,1,1,5,1,,,15000000,100000,,2,2,2,1,1,1,1,2,2,2,1,2,2,2,2,2,2,2,2,2,2,1,1,2,2,,1,1,4,2,1,1,2,2,2,,1,1,01,2,02,41,612.66866882
5386473,1,4,3,2,2,3,1,1,5,1,,,20000000,150000,,2,2,2,2,1,1,1,2,2,2,1,2,2,2,2,2,2,2,2,2,2,1,3,4,2,,1,1,4,2,1,1,2,2,2,,1,1,01,2,02,41,546.18278978
5386474,1,4,3,2,1,3,6,1,4,2,,333000,50000000,150000,,2,2,2,2,1,1,1,2,2,2,1,1,2,2,2,2,2,2,1,2,2,1,2,5,2,,1,1,1,2,1,1,2,2,2,,2,,01,2,02,41,1556.8808165
5386476,1,5,4,2,1,4,1,1,5,1,,,98,100000,,2,2,2,2,1,2,1,2,2,2,1,2,2,2,2,2,2,2,1,2,2,1,3,4,2,,1,1,1,2,1,2,2,2,2,,1,1,01,2,02,41,585.27322296
5386477,1,5,2,2,1,4,1,1,5,1,,,20000000,120000,,2,2,2,2,2,1,2,2,2,2,1,2,2,2,2,2,2,2,1,2,2,1,2,4,2,,1,1,1,2,1,2,2,2,2,,1,1,01,2,02,41,1654.6007377
5386478,1,4,4,2,1,3,1,1,5,1,,,10000000,200000,,2,2,2,2,1,1,1,2,2,2,1,2,2,2,2,2,2,2,1,2,2,1,2,8,2,,1,1,1,2,1,2,2,2,2,,1,1,01,2,02,41,1859.5509309
5386479,1,4,2,3,1,4,1,1,5,1,,,12000000,100000,,2,1,2,2,1,1,1,2,2,2,1,2,2,2,2,2,2,2,1,2,2,2,,2,2,,1,1,1,2,1,2,2,2,2,,1,1,01,2,02,41,528.42752707
5386480,1,4,2,2,1,4,1,1,5,1,,,98,300000,,2,2,1,1,1,2,1,2,2,2,1,2,2,2,2,2,2,2,1,2,2,1,2,5,2,,1,1,1,2,1,1,2,2,2,,1,2,01,2,02,41,1350.5077754
5386481,1,5,3,3,1,4,1,1,5,1,,,12000000,100000,,2,1,2,2,1,1,1,2,2,2,2,2,1,2,2,2,2,2,1,2,2,1,2,4,2,,1,1,1,2,1,1,2,2,2,,1,1,01,2,02,41,489.03261796
5386483,1,2,1,2,1,3,1,1,5,1,,,20000000,200000,,2,2,2,2,2,1,1,2,2,2,1,1,1,2,2,2,2,2,2,2,2,1,1,2,2,,1,1,1,2,1,1,2,2,2,,1,1,01,2,02,41,1554.0093203
5386484,1,3,2,2,1,4,1,1,5,1,,,98,98,,2,2,2,2,2,1,2,2,2,2,1,2,1,2,2,2,2,1,1,2,2,1,2,4,2,,1,1,1,2,1,1,2,2,2,,1,1,01,2,02,41,489.03261796
5386485,1,4,2,2,1,4,4,1,4,4,,,,400000,,2,2,1,1,1,1,1,2,2,2,1,2,2,2,2,2,2,1,1,2,2,1,2,3,2,,1,1,1,4,1,1,2,2,2,,2,,01,2,02,50,1720.5864477
5386514,1,2,1,2,1,4,3,1,4,3,,,,,200000,2,2,2,2,1,2,2,2,2,2,1,2,2,2,2,2,2,2,1,2,2,1,2,3,2,,1,1,1,2,2,,2,2,2,,2,,01,2,02,50,1831.3603729
5386515,1,4,3,2,1,4,3,1,4,3,,,,,1000000,2,1,1,1,1,1,1,2,2,2,1,2,1,1,2,2,2,1,1,1,2,1,4,4,2,,1,1,1,4,1,3,2,2,2,,2,,01,2,02,50,1282.4347205
5386516,1,5,1,2,1,4,3,1,4,4,,,,300000,,2,2,2,1,1,1,1,2,2,2,1,2,2,2,2,2,2,2,1,2,2,1,2,2,2,,1,1,1,2,1,3,2,2,2,,2,,01,2,02,50,924.40764976
5386517,1,2,1,2,1,4,4,1,4,4,,,,200000,,2,2,1,1,1,1,1,2,2,2,1,2,2,2,2,2,2,2,1,2,2,1,2,3,2,,1,1,1,4,1,9,2,2,2,,2,,01,2,02,50,1720.5864477
5386520,1,1,1,2,2,4,3,6,,4,,,,200000,,2,2,2,2,2,2,2,2,2,2,2,2,2,2,2,2,2,2,2,2,2,1,1,1,2,,1,4,1,2,1,1,2,2,2,,2,,01,2,02,50,1507.2461811
5386522,1,2,1,2,1,4,4,1,4,4,,,,300000,,2,2,2,1,1,1,1,2,2,2,1,2,2,2,2,2,2,1,1,2,2,1,3,3,2,,1,1,1,4,1,2,2,2,2,,2,,01,2,02,50,1188.3423256
5386525,1,2,1,2,1,4,10,1,5,4,,,,300000,,2,2,1,1,1,1,1,2,2,2,1,2,2,2,2,1,1,1,1,1,2,1,2,2,2,,1,1,1,4,1,4,2,2,2,,2,,01,2,02,50,924.40764976
5386528,1,2,1,2,1,4,3,6,,4,,,,200000,,2,2,2,2,2,2,2,2,2,2,1,2,2,2,2,2,2,2,1,2,2,1,1,1,2,,1,1,1,4,1,3,2,2,2,,2,,01,2,02,50,1543.0374535
5386529,1,4,2,2,1,4,3,1,4,4,,,,300000,,2,1,1,1,1,1,1,2,2,2,1,2,1,2,2,2,1,2,1,2,2,1,3,3,2,,1,1,1,4,1,1,2,2,2,,2,,01,2,02,50,765.18500196
5386530,1,2,1,2,1,4,3,6,,4,,,,200000,,2,2,2,2,2,2,2,2,2,2,2,2,2,2,2,2,2,2,1,2,2,1,1,3,2,,1,1,1,4,1,3,2,2,2,,2,,01,2,02,50,1897.9164229
5386534,1,3,2,2,1,4,4,1,4,4,,,,300000,,2,2,1,1,1,1,1,2,2,2,1,2,1,2,2,2,1,2,1,2,2,1,2,4,2,,1,1,1,4,1,3,2,2,2,,2,,01,2,02,50,1438.2208457
5386535,1,4,3,2,1,4,4,1,4,4,,,,300000,,2,1,1,1,1,1,1,2,2,2,1,1,1,2,2,2,2,2,1,1,2,1,2,3,2,,1,1,1,4,1,3,2,2,2,,2,,01,2,02,50,1152.5510532
5386536,1,3,1,2,1,4,3,1,4,1,,,98,400000,,2,1,2,1,1,1,1,1,2,2,1,2,1,2,2,2,1,1,1,1,2,1,2,2,2,,1,1,1,4,1,3,2,2,2,,2,,01,2,02,50,924.40764976
5386540,1,4,3,2,1,4,3,1,4,4,,,,300000,,2,2,2,1,1,1,1,2,2,2,1,1,1,2,2,2,2,2,1,2,2,1,2,6,2,,1,1,1,2,1,1,2,2,2,,2,,01,2,02,50,1726.5437652
5386541,1,2,1,2,1,4,6,1,4,4,,,,100000,,2,2,2,1,2,2,1,2,2,2,1,2,2,2,2,2,2,2,1,2,2,1,1,1,2,,1,1,1,2,1,3,2,2,2,,2,,01,2,02,50,1507.2461811
5386543,1,3,1,2,1,4,3,1,4,4,,,,300000,,2,2,2,2,1,1,1,2,2,2,1,2,2,2,2,2,2,1,1,2,2,1,1,2,2,,1,1,1,4,1,3,2,2,2,,2,,01,2,02,50,965.06000475
5386545,1,4,3,2,1,4,4,1,5,4,,,,300000,,2,1,1,1,1,1,1,2,2,2,1,2,2,2,2,2,2,1,1,2,2,1,2,5,2,,1,1,1,4,1,3,2,2,2,,2,,01,2,02,50,1579.0125674
5386547,1,3,2,2,1,4,4,1,4,4,,,,200000,,2,2,2,2,1,1,1,2,2,2,1,2,2,2,2,2,2,2,1,2,2,1,1,3,2,,1,1,1,4,1,4,2,2,2,,2,,01,2,02,50,1100.9906438
5386548,1,3,1,2,1,4,4,1,4,4,,,,100000,,2,2,2,2,1,2,1,2,2,2,1,2,2,2,2,2,2,2,1,2,2,1,1,1,2,,1,1,1,2,1,4,2,2,2,,2,,01,2,02,50,1543.0374535
5386549,1,3,2,2,1,4,3,1,5,4,,,,300000,,2,2,2,1,1,1,1,2,2,2,1,2,1,2,2,2,2,1,1,2,2,1,2,4,2,,1,1,1,2,1,5,2,2,2,,2,,01,2,02,50,2393.6222915
5386550,1,5,4,2,1,4,4,1,4,4,,,,500000,,2,1,1,1,1,1,1,2,2,2,2,1,1,1,2,2,1,2,1,1,2,1,5,5,2,,1,1,1,4,1,3,2,2,2,,2,,01,2,02,50,683.22722973
5386551,1,4,1,2,1,4,3,1,4,1,,,98,98,,2,2,2,1,1,1,1,2,2,2,1,2,2,2,2,2,2,2,2,1,2,1,1,2,2,,1,1,1,4,1,5,2,2,2,,2,,01,2,02,50,924.40764976
5386552,1,3,1,2,1,4,3,1,5,4,,,,300000,,2,2,1,2,1,1,1,2,2,2,1,2,2,2,2,2,2,1,2,2,2,1,1,2,2,,1,1,1,4,1,3,2,2,2,,2,,01,2,02,50,1224.8805792
5386553,1,3,1,2,1,4,4,1,4,4,,,,200000,,2,1,1,1,1,1,2,2,2,2,1,2,2,2,2,2,1,2,2,2,2,1,3,3,2,,1,1,1,4,1,5,2,2,2,,2,,01,2,02,50,765.18500196
5386554,1,5,1,2,1,4,10,1,4,4,,,,200000,,2,1,2,2,2,1,1,2,2,2,1,2,2,2,2,2,1,2,2,2,2,1,2,3,2,,1,1,1,2,1,5,2,2,2,,2,,01,2,02,50,1638.0958485
5386556,1,3,2,2,1,4,4,1,4,4,,,,400000,,2,2,2,2,1,1,1,2,2,2,1,2,2,2,2,2,1,1,1,2,2,1,1,5,2,,1,1,1,4,1,3,2,2,2,,2,,01,2,02,50,1899.8225686
5386557,1,4,2,2,1,4,10,1,4,4,,,,300000,,2,1,2,2,2,1,1,2,2,2,1,2,2,2,2,2,1,2,2,2,2,1,2,3,2,,1,1,1,2,1,5,2,2,2,,2,,01,2,02,50,1188.3423256
5386558,1,3,1,2,1,4,4,1,4,4,,,,200000,,2,2,1,1,1,2,1,2,2,2,1,2,2,2,2,2,2,2,2,2,2,1,2,2,2,,1,1,1,4,1,5,2,2,2,,2,,01,2,02,50,1260.6718516
5386559,1,3,2,2,1,4,4,3,4,4,,,,400000,,2,1,2,1,1,1,1,2,2,2,1,1,1,1,2,2,1,2,1,2,2,1,3,3,2,,1,1,1,4,1,3,2,2,2,,2,,01,2,02,50,1188.3423256
5386560,1,3,1,2,1,4,4,1,4,4,,,,200000,,2,2,1,2,1,1,1,2,2,2,1,2,2,2,2,2,2,2,2,2,2,1,2,4,2,,1,1,1,4,1,5,2,2,2,,2,,01,2,02,50,1759.0308469
5386562,1,1,1,2,1,4,10,6,,4,,,,150000,,2,2,2,2,2,2,2,2,2,2,2,2,2,2,2,2,1,2,2,2,2,1,1,1,2,,1,1,1,2,1,5,2,2,2,,2,,01,2,02,50,1543.0374535
5386563,1,2,1,2,1,4,3,6,,4,,,,300000,,2,2,2,2,1,1,2,2,2,2,1,2,2,2,2,2,2,2,1,2,2,1,1,1,2,,1,1,1,2,1,3,2,2,2,,2,,01,2,02,50,1507.2461811
5386564,1,3,2,2,1,4,4,1,5,4,,,,250000,,2,2,2,2,1,1,1,2,2,2,1,2,2,2,2,2,2,2,1,2,2,1,2,3,2,,1,1,1,2,1,2,2,2,2,,2,,01,2,02,50,765.18500196
5386566,1,3,1,2,1,4,3,1,4,4,,,,350000,,2,2,2,1,1,1,1,2,2,2,1,2,2,2,2,2,1,2,1,2,2,1,1,3,2,,1,1,1,4,1,3,2,2,2,,2,,01,2,02,50,1720.5864477
5386567,1,3,1,2,1,4,4,2,4,4,,,,200000,,2,2,2,2,1,1,1,2,2,2,1,2,2,2,2,2,2,2,1,2,2,1,1,2,2,,1,1,1,4,1,2,2,2,2,,2,,01,2,02,50,924.40764976
5386568,1,3,2,2,1,4,4,1,4,4,,,,200000,,2,2,1,2,1,1,1,2,1,2,1,2,2,2,2,2,2,2,1,2,2,1,2,4,2,,1,1,1,2,1,2,2,2,2,,2,,01,2,02,50,905.97672362
5386571,1,3,2,2,1,1,3,1,4,1,,,40000000,400000,,2,2,1,1,1,1,1,2,2,2,1,2,1,1,2,2,1,1,1,1,2,1,1,4,2,,1,1,1,4,1,2,2,2,1,3,2,,01,2,02,50,1118.1130427
5386572,1,3,2,2,1,4,4,1,4,1,,,60000000,300000,,2,1,1,1,1,1,1,2,2,2,1,2,2,2,2,2,1,2,1,2,2,1,2,4,2,,1,1,1,4,1,2,2,2,1,3,2,,01,2,02,50,1209.8805905
5386573,1,4,1,2,1,1,3,1,4,1,,,35000000,450000,,2,2,2,2,1,1,1,2,2,2,1,2,2,2,2,2,2,2,2,2,2,1,1,1,2,,1,1,1,4,1,1,2,2,1,3,2,,01,2,02,50,698.48960528
5386575,1,3,2,2,1,1,10,1,4,1,,,60000000,300000,,2,2,1,1,1,1,2,2,2,2,1,2,2,1,2,2,1,2,1,2,2,1,2,4,2,,1,1,1,4,1,2,2,2,1,3,2,,01,2,02,50,1445.5587893
5386576,1,3,2,2,1,4,3,1,4,3,,,,,350000,2,2,2,1,1,1,1,2,2,2,1,2,2,2,2,2,2,1,1,2,2,1,1,4,2,,1,1,1,4,1,2,2,2,1,3,2,,01,2,02,50,1565.8550113
5386577,1,4,3,2,1,1,4,1,4,1,,,50000000,300000,,2,2,2,1,1,1,1,2,2,2,1,2,2,2,2,2,2,2,2,2,2,1,3,5,2,,1,1,1,2,1,2,2,2,1,3,2,,01,2,02,50,1224.7273377
5386578,1,3,1,2,1,1,3,1,4,4,,,,400000,,2,2,1,1,1,1,1,2,2,2,1,2,1,2,2,2,1,1,2,2,2,1,1,2,2,,1,1,1,2,1,1,2,2,1,3,2,,01,2,02,50,1212.7704702
5386579,1,4,3,2,1,1,3,1,4,1,,,45000000,400000,,2,2,2,1,1,1,1,2,2,2,1,2,2,2,2,2,1,1,2,1,2,1,1,5,2,,1,1,1,4,1,1,2,2,1,3,2,,01,2,02,50,657.91816886
5386580,1,2,1,2,1,1,10,1,4,1,,,60000000,200000,,2,2,2,1,1,2,1,2,2,2,1,2,2,2,2,2,1,2,1,2,2,1,1,1,2,,1,1,1,4,1,2,2,2,1,3,2,,01,2,02,50,1298.0559077
5386581,1,4,3,2,1,1,4,1,4,5,,,,500000,,2,1,1,1,1,1,1,2,2,2,1,2,2,1,2,2,2,2,1,2,2,1,5,9,2,,1,1,1,2,1,2,2,2,1,3,2,,01,2,02,50,1916.6199273
5386582,1,4,3,2,1,1,3,1,4,1,,,50000000,400000,,2,2,1,1,1,1,1,2,2,2,1,2,2,1,2,2,2,1,2,1,2,1,1,5,2,,1,1,1,4,1,1,2,2,1,3,2,,01,2,02,50,2045.9377241
5386583,1,2,1,2,1,1,3,1,4,3,,,,,350000,2,2,2,2,1,1,1,2,2,2,1,2,2,2,2,2,1,1,2,2,2,1,1,2,2,,1,2,1,4,1,1,2,2,1,3,2,,01,2,02,50,777.64334766
5386584,1,3,2,2,1,1,4,1,4,3,,,,,450000,2,2,1,1,1,1,1,2,2,2,1,2,1,2,2,2,1,2,1,2,2,1,1,3,2,,1,2,1,4,1,2,2,2,1,3,2,,01,2,02,50,1447.4161972
5386587,1,3,2,2,1,1,4,1,4,3,,,,,380000,2,1,1,1,1,1,1,1,2,2,1,2,2,1,2,2,1,2,1,2,2,1,1,3,2,,1,2,1,4,1,2,2,2,1,3,2,,01,2,02,50,1061.3329333
5386623,1,3,1,2,1,4,4,1,4,4,,,,98,,2,1,2,1,1,1,1,2,2,2,1,2,2,2,2,2,2,2,1,2,2,1,2,2,2,,1,1,1,2,1,2,2,2,2,,2,,01,2,02,15,2016.3778169
5386625,1,3,1,2,1,4,4,1,4,3,,,,,70000,2,1,2,1,1,1,1,2,2,2,1,2,2,2,2,2,2,2,1,2,2,1,2,3,2,,1,1,1,2,1,2,2,2,2,,2,,01,2,02,15,3653.2044937
5386626,1,3,2,2,1,1,1,1,4,3,,,,,130000,2,1,2,2,1,1,1,2,2,2,1,2,2,2,2,2,1,2,1,2,2,1,2,3,2,,1,1,5,2,1,2,2,2,1,1,1,2,01,2,02,15,3311.8708846
5386627,1,2,1,2,1,4,2,1,4,1,,,98,98,,2,2,2,2,2,2,1,2,2,2,2,2,2,2,2,2,2,2,2,2,2,2,,1,2,,1,1,1,2,1,2,2,2,2,,1,2,01,2,02,15,1598.2323476
5386628,1,2,2,2,1,1,2,1,4,1,,,98,98,,2,1,2,1,1,1,1,2,2,2,1,2,2,2,2,1,2,2,2,2,2,1,2,7,2,,1,1,1,2,2,,2,2,1,1,1,2,01,2,02,15,2908.8614025
5386629,1,3,2,2,1,1,1,1,5,1,,,98,98,,2,1,2,2,1,1,1,2,2,2,1,2,2,2,2,2,1,2,2,2,2,1,2,2,2,,1,1,5,2,1,2,2,2,1,1,1,2,01,2,02,15,1315.1099572
5386640,1,4,3,2,1,4,3,1,4,4,,,,98,,2,2,2,2,2,1,1,2,2,2,1,2,1,2,2,2,1,1,1,2,2,1,3,5,2,,1,1,1,2,1,1,2,2,2,,2,,01,2,02,20,918.37995079
5386641,1,1,1,2,2,4,3,1,5,4,,,,98,,2,2,2,2,2,2,2,2,2,2,2,2,2,2,2,2,1,2,2,2,2,1,1,3,2,,1,1,1,2,1,1,2,2,2,,2,,01,2,02,20,2329.5525601
5386642,1,1,1,2,1,4,3,5,5,4,,,,98,,2,2,2,2,2,2,2,2,2,2,2,2,2,2,2,2,2,2,2,2,2,1,1,3,2,,1,1,5,2,2,,2,2,2,,2,,01,2,02,20,1766.6310167
5386643,1,3,2,6,,4,3,5,5,4,,,,1000000,,2,2,1,2,2,2,2,2,2,2,2,2,2,2,2,2,1,2,2,2,2,1,1,4,2,,1,1,1,2,1,1,2,2,2,,2,,01,2,02,20,1312.0306706
5386644,1,1,1,6,,4,1,5,5,4,,,,98,,2,2,2,2,2,2,2,2,2,2,2,2,2,2,2,2,2,2,2,2,2,1,1,1,2,,1,1,3,1,2,,2,2,2,,1,2,01,2,02,20,1611.2497935
5386645,1,2,1,2,1,4,2,1,4,4,,,,300000,,2,2,2,2,2,2,1,2,2,2,1,2,2,2,2,2,1,2,2,2,2,1,1,4,2,,1,1,1,2,1,1,2,2,2,,2,,01,2,02,20,1878.0154932
5386646,1,2,1,2,1,4,1,5,5,4,,,,100000,,2,2,2,2,1,2,2,2,2,2,1,2,2,2,2,2,1,1,2,2,2,1,1,2,2,,1,1,3,1,1,1,2,2,2,,1,2,01,2,02,20,1999.9165362
5386660,1,3,2,2,1,1,1,1,4,1,,,98,250000,,2,2,2,2,1,2,1,2,2,2,1,2,2,2,2,2,1,2,2,2,2,1,2,4,2,,1,1,1,2,1,1,1,2,1,3,1,1,01,2,02,20,3681.9749783
5386661,1,3,2,2,1,1,1,1,3,3,,,,,270000,2,1,2,1,1,1,1,2,2,2,1,2,1,2,2,2,1,2,1,2,2,1,1,3,2,,1,1,1,4,1,1,1,2,1,3,1,1,01,2,02,20,2459.6122811
5386663,1,4,2,2,1,1,1,1,3,1,,,98,250000,,2,2,2,2,1,2,1,2,2,2,1,2,2,2,2,2,1,2,2,2,2,1,1,4,2,,1,1,1,2,1,1,1,2,1,3,1,1,01,2,02,20,2570.3778702
5386664,1,1,1,2,1,1,1,6,,3,,,,,300000,2,2,2,2,2,2,2,2,2,2,2,2,2,2,2,2,1,2,2,2,2,1,1,1,2,,1,2,5,2,1,1,2,2,1,3,1,1,01,2,02,20,3390.2869966
5386665,1,2,1,6,,1,1,1,4,4,,,,50000,,2,2,2,2,2,2,1,2,2,2,2,2,2,2,2,2,1,2,2,2,2,1,1,3,2,,1,1,4,2,1,1,2,2,1,1,1,2,01,2,02,20,2112.3159992
5386666,1,3,2,2,1,1,1,1,4,3,,,,,200000,2,1,1,1,1,1,1,2,2,2,1,2,2,2,2,2,1,1,1,2,2,1,2,6,2,,1,1,1,2,1,1,2,2,1,3,1,1,01,2,02,20,2610.8335739
5386667,1,3,1,3,1,1,1,1,4,4,,,,100000,,2,2,2,2,1,2,1,2,2,2,1,2,2,2,2,2,1,2,2,2,2,1,1,2,2,,1,1,1,2,1,1,2,2,1,1,1,2,01,2,02,20,2634.6941919
5386668,1,4,1,2,1,1,1,1,3,1,,,98,250000,,2,1,2,1,1,1,1,2,2,2,1,2,2,2,2,1,1,1,2,2,2,1,2,2,2,,1,2,1,4,1,1,1,2,1,3,1,1,01,2,02,20,2634.6941919
5386669,1,3,1,3,1,1,1,1,4,1,,,99,99,,2,2,2,2,2,2,1,2,2,2,1,2,2,2,2,2,1,1,2,2,2,1,1,1,2,,1,1,1,2,1,1,2,2,1,1,1,2,01,2,02,20,3390.2869966
5386670,1,2,1,2,1,1,1,4,4,4,,,,70000,,2,2,2,2,1,2,1,2,2,2,1,2,2,2,2,2,1,2,2,2,2,1,1,1,2,,1,1,1,2,1,1,2,2,1,1,1,2,01,2,02,20,2993.4188339
5386672,1,4,1,3,1,1,1,1,4,1,,,99,100000,,2,2,2,2,2,2,1,2,2,2,1,2,2,1,2,2,1,2,2,2,2,1,1,3,2,,1,1,1,2,1,1,2,2,1,1,1,2,01,2,02,20,2959.9005037
5386675,1,2,1,2,1,1,1,4,4,3,,,,,50000,2,2,2,2,1,2,1,2,2,2,1,2,2,2,2,2,1,2,2,2,2,1,1,2,2,,1,1,1,2,1,1,2,2,1,1,1,2,01,2,02,20,2551.4105135
5386677,1,2,1,3,1,1,1,1,4,4,,,,99,,2,2,2,2,2,2,1,2,2,2,1,2,2,2,2,2,1,2,2,2,2,1,1,1,2,,1,2,1,2,1,1,2,2,1,1,1,2,01,2,02,20,2993.4188339
5386804,1,3,2,6,,4,3,5,5,4,,,,200000,,2,2,2,2,2,2,2,2,2,2,2,2,2,2,2,2,2,2,2,2,2,1,1,5,2,,1,1,1,2,2,,2,2,2,,2,,01,2,02,20,4219.7019175
5386805,1,3,2,2,1,4,3,1,4,4,,,,98,,2,2,2,1,1,1,1,2,2,2,1,2,1,2,2,2,1,1,1,2,2,1,4,4,2,,1,1,1,2,1,1,2,2,2,,2,,01,2,02,20,3607.2961402
5386807,1,3,2,2,1,4,3,1,4,4,,,,98,,2,2,2,2,1,1,1,2,2,2,1,2,2,2,2,2,1,2,2,2,2,1,2,8,2,,1,1,1,2,1,1,2,2,2,,2,,01,2,02,20,5600.7938561
5386808,1,3,2,2,1,4,3,1,5,4,,,,200000,,2,2,2,1,1,1,2,2,2,2,1,2,2,2,2,2,1,2,2,2,2,1,2,6,2,,1,1,2,2,1,1,2,2,2,,2,,01,2,02,20,3780.6074031
5386809,1,2,1,2,1,4,6,1,4,4,,,,98,,2,2,2,2,1,2,1,2,2,2,1,2,1,2,2,2,1,1,1,2,2,1,2,4,2,,1,1,1,2,1,1,2,2,2,,2,,01,2,02,20,2842.9953141
5386810,1,3,2,2,1,4,3,1,5,4,,,,300000,,2,2,2,2,2,1,2,2,2,2,1,2,2,2,2,2,1,2,2,2,2,1,2,5,2,,1,1,1,2,1,1,2,2,2,,2,,01,2,02,20,3527.0294491
5386811,1,2,1,2,1,4,3,1,4,4,,,,98,,2,2,2,1,1,1,1,2,2,2,1,2,2,2,2,2,1,2,2,2,2,1,1,4,2,,1,1,1,2,1,1,2,2,2,,2,,01,2,02,20,5058.5784006
5386812,1,1,1,2,1,4,1,1,4,4,,,,150000,,2,2,2,2,1,1,1,2,2,2,2,2,2,2,2,2,1,2,2,2,2,1,1,3,2,,1,1,1,2,1,1,2,2,2,,1,2,01,2,02,20,4029.1680791
5386813,1,2,1,2,1,4,1,1,4,4,,,,99,,2,2,2,2,2,1,1,2,2,2,1,2,2,2,2,2,1,1,2,2,2,1,1,4,2,,1,1,1,4,1,1,2,2,2,,1,2,01,2,02,20,4015.6829494
5386814,1,1,1,2,1,4,1,1,4,4,,,,150000,,2,2,1,2,1,2,1,2,2,2,1,2,2,2,2,2,1,2,1,2,2,1,2,5,2,,1,1,1,4,1,1,2,2,2,,1,2,01,2,02,20,3920.9709109
5386815,1,2,1,2,1,4,1,1,5,1,,,98,98,,2,2,2,1,1,1,2,2,2,2,1,2,1,2,2,2,1,2,1,2,2,1,2,4,2,,1,1,3,2,1,1,2,2,2,,1,2,01,2,02,20,1706.1884834
5386816,1,2,1,2,1,4,1,1,4,1,,,98,100000,,2,2,2,1,1,1,1,2,2,2,1,2,2,2,2,2,1,2,2,2,2,1,2,3,2,,1,1,1,2,1,1,2,2,2,,1,2,01,2,02,20,3345.2371252
5386817,1,2,1,2,1,4,1,6,,4,,,,98,,2,2,2,2,2,2,2,2,2,2,1,2,1,2,2,2,1,2,1,2,2,1,1,1,2,,1,1,1,2,1,1,2,2,2,,1,2,01,2,02,20,3390.2869966
5386818,1,3,1,2,1,4,1,1,4,1,,,98,200000,,2,2,1,2,1,2,1,2,2,2,1,2,1,1,2,2,1,2,1,1,2,1,2,2,2,,1,1,1,4,1,1,2,2,2,,1,2,01,2,02,20,2551.4105135
5386822,1,2,2,6,,4,6,5,5,1,,,98,50000,,2,2,2,2,2,2,2,2,2,2,2,2,2,2,2,2,2,2,2,2,2,2,,2,2,,1,1,1,2,2,,2,2,2,,2,,01,2,02,20,1599.3595563
5386823,1,1,1,6,,4,6,1,5,4,,,,100000,,2,2,2,2,2,2,2,2,2,2,2,2,2,2,2,2,2,2,2,2,2,2,,1,2,,1,1,1,1,2,,2,2,2,,2,,01,2,02,20,1611.2497935
5386824,1,2,2,6,,4,6,5,5,1,,,98,40000,,2,2,2,2,2,2,2,2,2,2,2,2,2,2,2,2,2,2,2,2,2,1,1,6,2,,1,1,5,1,2,,2,2,2,,2,,01,2,02,20,2857.7564546
5386825,1,3,2,6,,4,6,1,5,1,,,3000000,200000,,2,2,2,2,2,2,2,2,2,2,2,2,2,2,2,2,2,2,2,2,2,1,1,2,2,,1,1,4,1,2,,2,2,2,,2,,01,2,02,20,2126.2545291
5386826,1,4,2,6,,4,6,5,5,1,,,98,40000,,2,2,2,2,2,2,2,2,2,2,2,2,2,2,2,2,2,2,2,2,2,2,,3,2,,1,1,1,2,2,,2,2,2,,2,,01,2,02,20,1406.2709719
5386827,1,1,1,6,,4,6,5,5,1,,,98,30000,,2,2,2,2,2,2,2,2,2,2,2,2,2,2,2,2,2,2,2,2,2,2,,2,2,,1,1,5,1,2,,2,2,2,,2,,01,2,02,20,1418.161209
5386828,1,1,1,6,,4,6,5,5,4,,,,150000,,2,2,2,2,2,2,2,2,2,2,2,2,2,2,2,2,2,2,2,2,2,1,1,6,2,,1,1,5,1,2,,2,2,2,,2,,01,2,02,20,3360.0788819
5387360,1,3,2,2,1,4,1,1,4,1,,,10000000,150000,,2,2,2,2,1,2,1,2,2,2,1,2,2,2,2,2,1,2,2,2,2,1,1,2,2,,1,1,5,1,1,1,2,2,2,,1,1,01,2,02,23,1710.8772311
5387361,1,3,1,2,1,4,1,1,4,1,,,12000000,160000,,2,1,2,1,1,1,1,2,2,2,1,2,2,2,2,2,1,2,1,2,2,1,1,2,2,,1,1,5,2,1,1,2,2,2,,1,1,01,2,02,23,1438.197105
5387363,1,2,1,2,1,4,4,5,5,4,,,,40000,,2,1,2,1,2,2,2,2,2,2,1,2,2,2,2,2,1,2,1,2,2,1,1,3,2,,1,1,5,1,1,1,2,2,2,,2,,01,2,02,23,3514.4386956
5387364,1,2,1,6,,4,4,1,4,1,,,2000000,40000,,2,2,2,2,2,2,1,2,2,2,2,2,2,2,2,2,1,2,1,2,2,1,1,3,2,,1,1,8,1,1,1,2,2,2,,2,,01,2,02,23,2467.2131512
5387365,1,4,3,2,1,4,10,1,4,1,,,5000000,300000,,2,2,2,1,1,1,1,2,2,2,2,2,2,2,2,2,1,1,1,2,2,1,2,4,2,,1,1,5,2,1,1,2,2,2,,2,,01,2,02,23,2097.6823947
5387366,1,4,3,2,1,4,3,5,5,1,,,5000000,240000,,2,2,2,1,1,1,1,2,2,2,1,2,2,2,2,2,1,1,1,2,2,1,2,9,2,,1,1,5,2,1,1,2,2,2,,2,,01,2,02,23,1282.576311
5387367,1,3,2,6,,3,3,1,4,4,,,,80000,,2,2,2,2,1,2,1,2,2,2,1,2,2,2,2,2,1,2,1,2,2,1,2,6,2,,1,1,5,1,1,1,2,2,2,,2,,01,2,02,23,3327.5906199
5387369,1,3,2,6,,4,4,5,5,4,,,,30000,,2,1,2,1,2,1,2,2,2,2,1,2,2,2,2,2,1,2,1,2,2,1,2,6,2,,1,1,5,1,1,1,2,2,2,,2,,01,2,02,23,2060.1933769
5387370,1,5,4,2,1,4,4,1,5,4,,,,150000,,2,1,2,1,1,1,1,2,2,2,1,2,1,2,2,2,1,2,2,2,2,1,4,11,2,,1,1,5,1,1,1,2,2,2,,2,,01,2,02,23,3273.8456184
5387371,1,2,1,2,1,4,4,5,5,1,,,3000000,80000,,2,2,2,2,2,2,2,2,2,2,2,2,1,2,2,2,1,2,2,2,2,1,1,1,2,,1,1,5,1,1,1,2,2,2,,2,,01,2,02,23,2295.4920701
5387372,1,2,1,2,1,4,5,1,5,4,,,,100000,,2,1,2,2,2,2,1,2,2,2,1,2,2,2,2,2,1,2,1,2,2,1,2,3,2,,1,1,5,1,1,1,2,2,2,,2,,01,2,02,23,3253.3690726
5387373,1,3,2,2,1,4,4,5,5,1,,,4000000,80000,,2,2,2,2,2,1,2,2,2,2,1,2,2,2,2,2,1,1,1,2,2,1,1,4,2,,1,1,5,1,1,1,2,2,2,,2,,01,2,02,23,1282.576311
5387374,1,3,2,2,1,4,4,5,4,1,,,6000000,40000,,2,2,2,1,2,2,1,2,2,2,1,2,2,2,2,2,1,1,2,2,2,1,1,3,2,,1,1,1,1,1,1,2,2,2,,2,,01,2,02,23,2225.0169346
5387375,1,3,2,6,,4,4,1,4,4,,,,150000,,2,2,2,1,2,1,1,2,2,2,1,2,2,2,2,2,1,2,2,2,2,1,1,4,1,1,1,1,5,1,1,0,2,2,2,,2,,01,2,02,23,2883.8383161
5387376,1,4,3,2,1,4,4,1,5,1,,,21000000,100000,,2,1,2,2,2,2,1,2,2,2,1,2,2,2,2,2,2,2,2,2,2,1,1,4,2,,1,1,1,2,1,1,2,2,2,,2,,01,2,02,23,2469.4810813
5387379,1,3,2,2,1,4,4,5,5,1,,,3000000,120000,,2,2,2,2,2,2,2,2,2,2,2,2,2,2,2,2,2,1,2,2,2,1,1,4,2,,1,1,5,2,2,,2,2,2,,2,,01,2,02,23,3016.4795361
5387380,1,3,2,6,,4,4,5,5,1,,,5000000,40000,,2,2,2,1,1,2,2,2,2,2,1,2,2,2,2,2,1,2,1,2,2,1,4,7,2,,1,1,5,1,1,1,2,2,2,,2,,01,2,02,23,3099.3695756
5387381,1,3,1,2,1,4,4,1,4,4,,,,100000,,2,2,2,2,2,1,1,2,2,2,1,2,2,2,2,2,1,1,2,2,2,1,2,2,2,,1,1,1,2,1,0,2,2,2,,2,,01,2,02,23,2218.4709392
5387382,1,3,2,2,1,4,3,1,5,1,,,16000000,150000,,2,1,2,2,1,1,1,2,2,2,1,2,2,2,2,2,1,1,2,2,2,1,2,4,2,,1,1,1,2,1,1,2,2,2,,2,,01,2,02,23,2413.3434919
5387383,1,3,2,2,1,4,1,4,4,3,,,,,100000,2,1,2,2,1,2,1,2,2,2,1,2,2,2,2,2,1,2,1,2,2,1,2,4,2,,1,1,1,2,1,1,2,2,2,,1,2,01,2,02,23,3016.4795361
5387385,1,3,1,6,,4,1,1,5,4,,,,100000,,2,1,2,1,1,2,1,2,2,2,1,2,2,2,2,2,1,2,2,2,2,1,1,2,2,,1,1,5,1,1,1,2,2,2,,1,1,01,2,02,23,1917.9467663
5387386,1,2,1,2,1,4,1,1,4,4,,,,100000,,2,2,2,2,2,2,1,2,2,2,1,2,2,2,2,2,1,1,2,2,2,1,1,4,2,,1,1,5,1,1,1,2,2,2,,1,1,01,2,02,23,3317.003709
5387388,1,2,1,2,1,4,1,1,4,3,,,,,80000,2,1,2,1,1,2,1,2,2,2,1,2,2,2,2,2,1,1,2,2,2,1,1,5,2,,1,1,1,2,1,1,2,2,2,,1,1,01,2,02,23,2912.4088295
5387389,1,2,1,6,,4,1,5,5,4,,,,50000,,2,2,2,2,2,2,2,2,2,2,2,2,2,2,2,2,2,2,2,2,2,1,1,2,2,,1,1,5,1,1,1,2,2,2,,1,1,01,2,02,23,2278.8865939
5387390,1,3,2,2,1,4,1,1,5,4,,,,80000,,2,2,2,2,2,1,2,2,2,2,1,2,2,2,2,2,1,1,1,2,2,1,3,3,2,,1,1,1,2,1,1,2,2,2,,1,1,01,2,02,23,2162.410913
5387391,1,4,1,2,1,4,1,1,5,1,,,10000000,150000,,2,2,2,2,2,1,2,2,2,2,1,2,2,2,2,2,2,1,2,2,2,1,1,2,2,,1,1,1,2,1,1,2,2,2,,1,1,01,2,02,23,1980.5527878
5387392,1,3,2,2,1,4,1,1,5,1,,,6000000,80000,,2,1,2,1,1,1,1,2,2,2,1,2,2,2,2,2,2,1,2,2,2,1,1,6,2,,1,1,5,1,1,1,2,2,2,,1,1,01,2,02,23,2947.5505158
5387393,1,3,2,2,1,4,1,1,4,1,,,15000000,100000,,2,1,2,1,1,1,1,2,2,2,1,2,2,2,2,2,1,2,1,2,2,1,1,4,2,,1,1,1,2,1,1,2,2,2,,1,1,01,2,02,23,1282.576311
5387394,1,3,2,2,1,4,1,1,4,1,,,10000000,300000,,2,1,2,1,1,1,1,2,2,2,1,1,1,2,2,2,1,1,2,2,2,1,1,3,2,,1,1,1,2,1,1,2,2,2,,1,1,01,2,02,23,2523.3507406
5387395,1,3,2,2,1,4,1,1,4,4,,,,100000,,2,1,2,2,2,2,1,2,2,2,1,2,2,2,2,2,1,1,2,2,2,2,,3,2,,1,1,5,1,1,1,2,2,2,,1,1,01,2,02,23,1963.9473116
5387396,1,3,2,6,,4,3,1,5,4,,,,200000,,2,1,2,1,1,1,1,2,2,2,1,2,1,2,2,2,1,2,1,2,2,1,2,4,2,,1,1,5,1,1,1,2,2,2,,2,,01,2,02,23,1282.576311
5387397,1,3,2,2,1,4,4,5,5,1,,,4000000,30000,,2,1,2,1,2,2,2,2,2,2,1,2,2,2,2,2,1,2,1,2,2,1,4,8,2,,1,1,5,1,1,1,2,2,2,,2,,01,2,02,23,4140.7361412
5387398,1,3,1,2,1,4,3,5,5,4,,,,200000,,2,2,2,1,1,1,2,2,2,2,1,2,1,2,2,2,1,2,1,2,2,1,1,1,2,,1,1,1,2,1,1,2,2,2,,2,,01,2,02,23,2548.5471458
5387399,1,2,1,2,1,4,3,1,4,4,,,,100000,,2,1,2,2,1,2,1,2,2,2,1,2,2,2,2,2,1,2,2,2,2,1,2,2,2,,1,1,1,2,1,1,2,2,2,,2,,01,2,02,23,1917.9467663
5387400,1,4,3,2,1,4,3,1,4,1,,,30000000,300000,,2,1,2,1,1,1,1,2,2,2,1,2,2,2,2,1,1,2,1,1,2,1,3,3,2,,1,1,1,2,1,1,2,2,2,,2,,01,2,02,23,2952.8448997
5387401,1,3,2,2,1,4,5,5,5,1,,,7000000,100000,,2,1,2,1,2,2,2,2,2,2,1,2,2,2,2,2,1,2,1,2,2,1,1,2,2,,1,1,1,1,1,1,2,2,2,,2,,01,2,02,23,2218.4709392
5387402,1,3,2,2,1,4,3,5,5,4,,,,70000,,2,2,2,1,1,1,2,2,2,2,1,2,2,2,2,2,1,1,1,2,2,1,1,5,2,,1,1,5,1,1,1,2,2,2,,2,,01,2,02,23,2867.2328399
5387403,1,2,1,2,1,4,4,5,5,1,,,4000000,30000,,2,2,2,2,1,1,2,2,2,2,1,2,2,2,2,2,1,2,2,2,2,1,1,3,2,,1,1,5,1,1,1,2,2,2,,2,,01,2,02,23,1963.9473116
5387404,1,2,2,3,1,3,4,1,5,1,,,3000000,50000,,2,1,2,2,2,1,2,2,2,2,1,2,1,2,2,2,1,1,2,2,2,1,1,4,2,,1,1,5,1,1,1,2,2,2,,2,,01,2,02,23,3203.7774786
5387405,1,3,2,2,1,4,3,5,5,4,,,,100000,,2,1,2,1,1,1,2,2,2,2,1,2,2,2,2,2,1,1,1,2,2,1,1,6,2,,1,1,5,2,1,1,2,2,2,,2,,01,2,02,23,3902.1309733
5387406,1,4,3,2,1,4,10,1,4,1,,,16000000,100000,,2,2,2,2,1,2,1,2,2,2,1,2,2,2,2,2,1,2,2,2,2,1,3,3,2,,1,1,5,2,1,1,2,2,2,,2,,01,2,02,23,2523.3507406
5387407,1,2,1,6,,4,4,5,5,1,,,3000000,20000,,2,1,2,1,2,2,2,2,2,2,1,2,2,2,2,2,1,2,1,2,2,1,1,5,2,,1,1,5,1,1,1,2,2,2,,2,,01,2,02,23,3565.745921
5387408,1,3,2,2,1,4,10,1,4,1,,,2000000,100000,,2,2,2,1,1,1,1,2,2,2,2,2,2,2,2,2,1,2,1,2,2,1,3,3,2,,1,1,5,1,1,1,2,2,2,,2,,01,2,02,23,1587.8705596
5387409,1,3,2,2,1,4,10,5,5,1,,,10000000,200000,,2,2,2,1,1,1,2,2,2,2,1,2,1,2,2,2,1,1,1,2,2,1,1,3,2,,1,1,1,1,1,1,2,2,2,,2,,01,2,02,23,1648.2862144
5387410,1,4,3,2,1,5,4,1,5,1,,,5000000,80000,,2,2,2,2,1,1,2,2,2,2,1,2,2,2,2,2,1,1,2,2,2,1,2,5,2,,1,1,5,1,1,1,2,2,2,,2,,01,2,02,23,2039.6374108
5387411,1,2,1,2,2,4,10,5,5,1,,,5000000,60000,,2,1,2,2,2,2,2,2,2,2,1,2,2,2,2,2,1,1,2,2,2,1,1,4,2,,1,1,1,1,1,1,2,2,2,,2,,01,2,02,23,1797.0012571
5387411,2,2,1,2,2,4,10,5,5,4,,,,25000,,2,2,2,2,2,2,2,2,2,2,1,2,2,2,2,2,1,1,2,2,2,1,2,3,2,,2,1,1,1,1,1,2,2,2,,2,,01,2,02,23,1797.0012571
5387412,1,3,1,2,1,4,4,5,5,4,,,,150000,,2,2,2,2,2,2,2,2,2,2,1,2,2,2,2,2,1,2,2,2,2,1,1,3,2,,1,1,5,1,1,1,2,2,2,,2,,01,2,02,23,3028.8069471
5387470,1,4,2,2,1,4,2,1,5,2,,370000,800000000,300000,,2,2,2,2,1,1,1,2,2,2,1,2,2,2,2,2,2,2,2,2,2,1,2,3,2,,1,1,1,4,1,2,2,2,2,,2,,01,2,02,25,2641.5143154
5387471,1,4,3,2,1,4,2,1,4,1,,,70000000,300000,,2,1,1,2,2,2,1,2,2,2,1,2,1,2,2,2,2,1,2,2,2,1,4,4,2,,1,1,1,2,1,2,2,2,2,,2,,01,2,02,25,2246.6690735
5387473,1,3,1,2,1,4,6,1,5,1,,,30000000,98,,2,1,2,2,1,2,2,2,2,2,1,2,2,2,2,2,2,2,2,2,2,1,2,2,2,,1,1,1,4,1,2,2,2,2,,2,,01,2,02,25,2292.3746536
5387474,1,3,1,2,1,4,2,1,4,1,,,3000000,200000,,2,2,2,2,1,1,1,2,2,2,2,2,2,2,2,2,2,2,2,2,2,2,,2,2,,1,1,1,2,1,2,2,2,2,,2,,01,2,02,25,2292.3746536
5387475,1,3,1,2,1,4,4,1,5,1,,,25000000,150000,,2,1,1,2,1,1,1,2,2,2,1,2,2,2,2,2,2,2,2,2,2,1,2,2,2,,1,1,1,2,1,2,2,2,2,,2,,01,2,02,25,2292.3746536
5387476,1,3,1,2,1,4,2,1,4,3,,,,,150000,2,2,2,2,2,2,1,2,2,2,2,2,2,2,2,2,2,2,2,2,2,1,2,2,2,,1,1,1,4,1,2,2,2,2,,2,,01,2,02,25,2292.3746536
5387479,1,3,2,2,1,4,1,1,5,2,,1500000,120000000,3000000,,2,1,1,2,1,1,1,2,2,2,1,2,1,1,2,2,2,2,2,2,2,1,2,4,2,,1,1,1,4,1,1,2,2,2,,1,1,01,2,02,25,5428.170415
5387480,1,3,1,2,1,4,1,1,4,1,,,98,98,,2,1,2,2,1,1,1,2,2,2,1,2,2,2,2,2,2,2,2,2,2,1,1,1,2,,1,1,1,2,1,1,2,2,2,,1,1,01,2,02,25,2059.0414253
5387482,1,2,1,2,1,4,2,5,4,4,,,,200000,,2,1,2,2,2,2,1,2,2,2,1,2,2,2,2,2,2,2,2,2,2,1,2,2,2,,1,1,1,1,1,1,2,2,2,,1,1,01,2,02,25,2597.7483564
5387483,1,3,2,2,1,4,1,1,4,1,,,98,350000,,2,1,1,1,1,1,1,2,2,2,1,2,1,1,2,2,2,2,2,2,2,1,2,3,2,,1,1,1,2,1,1,2,2,2,,1,2,01,2,02,25,2641.5143154
5387485,1,2,1,2,1,4,1,1,5,1,,,20000000,100000,,2,2,2,2,2,2,1,2,2,1,2,2,1,2,2,2,2,2,2,2,2,1,1,1,2,,1,1,1,2,1,1,2,2,2,,1,2,01,2,02,25,2059.0414253
5387489,1,3,1,2,2,4,2,1,5,2,,200000,98,300000,,2,1,1,2,2,1,1,2,2,2,1,2,2,2,2,2,2,2,2,2,2,1,3,3,2,,1,4,1,4,1,1,2,2,2,,2,,01,2,02,25,2742.3252814
5387491,1,2,2,2,1,4,1,1,5,1,,,30000000,300000,,2,2,2,2,2,2,2,2,2,2,2,2,2,2,2,2,2,2,2,2,2,1,2,2,2,,1,1,1,2,1,1,2,2,2,,1,2,01,2,02,25,2597.7483564
5387492,1,1,1,2,2,4,1,5,4,3,,,,,350000,2,1,2,2,1,2,1,1,2,2,1,2,2,2,2,2,2,1,2,2,2,1,2,3,2,,1,4,1,4,1,1,2,2,2,,1,1,01,2,02,25,4452.7077377
5387502,1,4,3,2,1,4,2,1,4,1,,,98,200000,,2,2,2,2,1,1,1,2,2,1,1,1,2,2,2,2,2,2,1,2,2,1,3,6,2,,1,1,1,4,1,2,2,2,2,,2,,01,2,02,25,3571.2714125
5387503,1,4,2,2,1,4,2,1,4,4,,,,300000,,2,2,2,2,2,2,1,2,2,1,1,2,1,2,2,2,2,2,2,2,2,1,2,2,2,,1,1,1,2,1,2,2,2,2,,2,,01,2,02,25,4264.3679214
5387504,1,3,2,2,1,4,2,1,4,4,,,,100000,,2,2,2,2,2,1,1,2,2,2,1,2,2,2,2,2,2,2,2,2,2,1,2,5,2,,1,1,1,4,1,2,2,2,2,,2,,01,2,02,25,3170.5621006
5387505,1,1,1,6,,4,2,1,5,4,,,,200000,,2,2,2,2,2,2,2,2,2,2,2,2,2,2,2,2,2,2,2,2,2,1,1,3,2,,1,1,1,2,1,2,2,2,2,,2,,01,2,02,25,4795.2680936
5387506,1,3,2,2,1,4,2,1,4,1,,,100000000,500000,,2,2,2,2,1,1,1,1,2,1,1,2,1,2,2,2,2,2,2,2,2,1,3,3,2,,1,1,1,4,1,2,2,2,2,,2,,01,2,02,25,2946.8880182
5387507,1,3,2,2,1,4,2,1,4,1,,,98,300000,,2,2,2,2,1,2,1,2,2,2,1,2,2,2,2,2,2,2,2,2,2,1,3,4,2,,1,1,1,4,1,2,2,2,2,,2,,01,2,02,25,3079.4102804
5387508,1,3,2,2,1,5,2,1,5,4,,,,300000,,2,2,2,2,2,2,2,2,2,2,2,2,2,2,2,2,2,2,2,2,2,1,2,6,2,,1,1,1,2,1,2,1,2,2,,2,,01,2,02,25,3955.2022105
5387509,1,2,1,2,1,4,2,3,4,4,,,,200000,,2,2,2,2,2,2,1,2,2,2,2,2,2,2,2,2,2,2,2,2,2,1,1,5,2,,1,1,1,2,1,0,2,2,2,,2,,01,2,02,25,3589.8365606
5387512,1,1,1,2,1,4,2,1,5,1,,,98,200000,,2,2,2,2,2,1,2,2,2,2,1,2,1,2,2,2,2,2,2,2,2,1,1,5,2,,1,1,1,2,1,2,2,2,2,,2,,01,2,02,25,5471.936374
5387513,1,2,2,2,1,5,6,1,4,4,,,,50000,,2,2,2,2,1,1,1,2,2,1,2,2,2,2,2,2,2,2,2,2,2,1,1,6,2,,1,1,1,2,1,2,2,2,2,,2,,01,2,02,25,5419.6514879
5387514,1,2,1,2,1,4,2,5,4,1,,,40000000,300000,,2,2,2,2,2,2,1,2,2,2,2,2,2,1,2,2,2,2,1,1,1,1,1,1,2,,1,1,8,1,1,0,2,2,2,,2,,01,2,02,25,3826.4719564
5387515,1,4,1,2,1,4,2,1,5,1,,,98,98,,2,2,2,2,1,1,1,2,2,1,1,2,2,2,2,2,2,2,2,2,2,1,1,2,2,,1,1,1,2,1,2,2,2,2,,2,,01,2,02,25,2292.3746536
5387516,1,3,2,2,1,4,2,1,4,4,,,,100000,,2,2,2,2,2,1,1,2,2,2,2,2,2,2,2,2,2,2,1,2,2,1,1,4,2,,1,1,1,2,1,2,2,2,2,,2,,01,2,02,25,4615.9031001
5387517,1,3,2,2,1,4,2,1,4,4,,,,98,,2,1,1,2,2,1,2,2,2,2,1,2,2,2,2,2,2,1,2,1,2,1,4,4,2,,1,1,1,2,1,2,2,2,2,,2,,01,2,02,25,1694.2879957
5387519,1,2,1,2,1,4,2,1,5,4,,,,250000,,2,2,2,2,2,2,1,2,2,2,1,2,2,2,2,2,2,2,2,2,2,1,1,1,2,,1,1,1,2,1,2,2,2,2,,2,,01,2,02,25,3621.9092196
5387550,1,4,3,2,1,4,1,1,4,3,,,,,98,2,2,1,1,1,1,1,2,2,1,1,2,2,1,2,2,2,2,1,1,2,1,5,6,2,,1,1,1,4,1,2,2,2,2,,1,2,01,2,02,25,3033.7047003
5387551,1,1,1,2,1,5,1,1,4,3,,,,,280000,2,2,2,2,1,1,1,2,2,2,1,2,2,2,2,2,2,2,2,2,2,1,2,2,2,,1,1,1,2,1,2,2,2,2,,1,1,01,2,02,25,4175.6116181
5387552,1,3,2,2,1,4,1,1,4,1,,,80000000,150000,,2,2,2,2,1,1,1,2,2,2,1,2,2,2,2,2,2,2,2,2,2,1,2,2,2,,1,1,1,3,1,2,2,2,2,,1,1,01,2,02,25,2292.3746536
5387553,1,3,3,2,1,4,1,1,4,3,,,,,40000,2,2,2,2,2,2,1,2,2,2,1,2,1,2,2,2,2,1,1,2,2,1,3,6,2,,1,1,3,2,1,2,2,2,2,,1,2,01,2,02,25,4264.8238171
5387554,1,3,2,2,1,4,1,1,5,1,,,98,300000,,2,2,1,2,1,1,1,2,2,2,1,2,2,2,2,2,2,2,2,1,2,1,2,2,2,,1,1,1,4,1,2,2,2,2,,1,2,01,2,02,25,2393.1856197
5387555,1,2,2,2,1,4,1,1,4,5,,,,100000,,2,2,1,2,1,1,1,2,2,1,1,2,1,1,2,2,2,2,2,2,2,1,3,5,2,,1,1,3,3,1,2,2,2,2,,1,1,01,2,02,25,1694.2879957
5387556,1,1,1,2,1,1,8,2,4,5,,,,400000,,2,2,2,2,2,1,1,2,2,2,1,2,1,2,2,2,2,2,2,2,2,1,1,3,2,,1,1,8,1,1,1,2,2,1,2,2,,01,2,02,25,9711.0655866
5387557,1,1,1,6,,1,8,1,4,5,,,,100000,,2,2,2,2,2,1,1,2,2,2,1,1,1,2,2,2,2,1,1,2,2,1,2,3,2,,1,1,8,1,1,1,2,2,1,2,2,,01,2,02,25,9017.3345963
5387558,1,3,1,6,,1,8,1,4,5,,,,500000,,2,2,2,1,1,1,1,2,2,2,1,2,2,2,2,2,2,2,2,2,2,1,1,2,2,,1,1,8,1,1,1,2,2,1,2,2,,01,2,02,25,4642.3683048
5387559,1,1,1,2,1,4,6,1,4,3,,,,,150000,2,2,2,1,2,2,1,2,2,2,1,2,2,2,2,2,2,2,1,2,2,1,2,2,2,,1,1,3,2,1,2,2,2,2,,2,,01,2,02,25,2597.7483564
5387560,1,2,2,2,2,1,8,1,5,5,,,,150000,,2,2,2,1,2,2,1,2,2,2,1,2,2,2,2,2,2,1,2,2,2,1,2,5,2,,1,1,8,1,1,2,2,2,1,2,2,,01,2,02,25,3431.1620388
5387561,1,1,1,2,2,4,1,1,4,1,,,50000000,500000,,2,2,1,2,2,2,1,2,2,2,2,2,2,2,2,2,2,2,2,2,2,1,3,4,2,,1,4,1,4,1,2,2,2,2,,1,1,01,2,02,25,1694.2879957
5387562,1,3,2,2,1,1,8,5,5,5,,,,200000,,2,2,2,1,1,1,1,1,2,2,1,2,1,2,2,2,2,1,2,2,2,1,2,2,2,,1,1,8,2,1,1,2,2,1,2,2,,01,2,02,25,5056.635477
5387563,1,2,1,2,2,4,2,1,5,4,,,,200000,,2,2,1,2,1,1,1,2,2,1,1,2,2,2,2,2,2,1,2,2,2,1,2,4,2,,1,2,3,3,1,2,2,2,2,,1,1,01,2,02,25,4362.0990474
5387564,1,3,2,2,1,4,6,1,5,1,,,98,300000,,2,2,2,2,1,1,1,2,2,2,1,2,2,2,2,2,2,2,2,2,2,1,4,4,2,,1,1,3,2,1,2,2,2,2,,2,,01,2,02,25,2246.6690735
5387565,1,4,4,2,1,4,8,1,5,5,,,,150000,,2,2,2,2,1,2,1,2,2,2,1,2,2,2,2,2,2,1,2,2,2,1,4,8,2,,1,1,5,2,1,1,2,2,1,2,2,,01,2,02,25,3431.1620388
5387566,1,3,2,2,2,4,2,1,5,1,,,8000000,300000,,2,2,2,2,1,1,1,2,2,2,1,2,2,2,2,2,2,2,2,2,2,1,2,2,2,,1,1,1,2,1,2,2,2,2,,2,,01,2,02,25,2597.7483564
5387567,1,1,1,3,1,4,8,5,1,5,,,,70000,,2,2,2,2,1,1,1,2,2,2,1,2,1,2,2,2,2,2,2,2,2,1,2,2,2,,1,1,1,2,1,9,2,2,2,,2,,01,2,02,25,5260.7912997
5387571,1,3,2,3,1,4,1,1,4,3,,,,,100000,2,2,2,2,1,1,2,2,2,2,1,2,1,2,2,2,2,2,2,2,2,1,2,4,2,,1,1,1,2,1,2,2,2,2,,1,2,01,2,02,25,1725.8151223
5387572,1,2,1,2,1,4,1,1,4,3,,,,,20000,2,2,2,2,2,2,1,2,2,2,1,2,2,2,2,2,2,2,2,2,2,1,1,2,2,,1,1,3,1,1,2,2,2,2,,1,1,01,2,02,25,2292.3746536
5387573,1,1,1,2,1,4,2,1,5,3,,,,,200000,2,2,2,2,2,2,1,2,2,2,1,2,2,2,2,2,2,2,2,2,2,1,1,2,2,,1,2,3,4,1,2,2,2,2,,2,,01,2,02,25,2508.9920531
5387576,1,2,2,2,1,4,1,1,5,1,,,4000000,400000,,2,2,2,2,2,1,1,2,2,2,1,2,2,2,2,2,2,2,2,2,2,1,4,4,2,,1,1,1,2,1,2,2,2,2,,1,2,01,2,02,25,1941.2953707
5387577,1,3,2,2,1,4,1,1,5,4,,,,100000,,2,2,2,2,1,2,1,2,2,1,1,2,2,2,2,2,2,2,2,2,2,1,2,4,2,,1,1,1,4,1,2,2,2,2,,1,2,01,2,02,25,3566.5444936
5387578,1,3,2,2,1,4,2,1,4,1,,,100000000,50000,,2,2,2,2,2,1,1,2,2,2,2,2,1,2,2,2,2,2,2,2,2,1,1,2,2,,1,1,1,2,1,2,2,2,2,,2,,01,2,02,25,4059.8051846
5387580,1,2,2,2,1,4,1,1,5,1,,,2500000,150000,,2,2,2,2,2,2,2,2,2,2,2,2,2,2,2,2,2,2,2,2,2,1,2,3,2,,1,1,1,1,1,2,2,2,2,,1,2,01,2,02,25,2730.2706187
5387606,1,3,1,2,1,4,5,1,4,3,,,,,150000,2,2,2,2,2,1,1,2,2,2,1,1,1,2,2,2,2,1,2,2,2,1,1,1,2,,1,1,1,4,1,2,2,2,2,,2,,01,2,02,25,4617.133947
5387607,1,3,3,3,1,4,10,1,4,3,,,,,300000,2,2,2,2,1,1,1,2,2,2,1,2,1,2,2,2,2,1,1,2,2,1,3,3,2,,1,1,1,2,1,2,2,2,2,,2,,01,2,02,25,3555.8020187
5387608,1,3,2,2,1,4,8,3,4,3,,,,,350000,2,2,2,1,1,2,1,2,2,2,1,2,2,1,2,2,2,2,2,2,2,1,2,3,2,,1,1,1,4,1,2,2,2,2,,2,,01,2,02,25,3468.8721553
5387609,1,4,3,2,1,4,5,1,4,4,,,,500000,,2,2,2,1,1,1,1,2,2,2,1,1,2,2,2,2,2,1,2,2,2,1,2,4,2,,1,1,1,4,1,2,2,2,2,,2,,01,2,02,25,6856.0380161
5387610,1,1,1,2,1,4,10,1,4,4,,,,300000,,2,2,2,1,2,1,1,2,2,2,1,2,2,2,2,2,2,2,2,2,2,1,2,4,2,,1,1,1,2,1,2,2,2,2,,2,,01,2,02,25,5263.4373966
5387611,1,3,2,2,1,4,8,1,4,4,,,,250000,,2,2,2,2,1,1,1,2,2,2,1,1,1,2,2,2,2,1,1,2,2,1,2,4,2,,1,1,1,2,1,2,2,2,2,,2,,01,2,02,25,3977.0842345
5387630,1,3,2,2,1,1,1,5,5,4,,,,100000,,2,1,2,1,1,2,2,2,2,2,1,2,2,2,2,2,2,2,2,2,2,1,1,4,2,,1,1,5,1,1,1,2,2,1,1,1,2,01,2,02,27,1111.6309502
5387631,1,2,1,2,1,1,5,1,4,4,,,,130000,,2,1,2,2,1,1,1,2,2,2,1,2,2,2,2,2,2,2,1,2,2,1,2,6,2,,1,1,5,2,1,1,2,2,1,1,2,,01,2,02,27,1457.3078284
5387632,1,3,1,1,1,1,1,1,4,4,,,,150000,,2,1,2,1,1,1,1,2,2,2,1,2,1,2,2,2,1,2,1,2,2,1,1,2,2,,1,1,1,2,1,1,2,1,1,2,1,2,01,2,02,27,1406.5052696
5387663,1,3,3,2,1,1,5,1,4,4,,,,200000,,2,1,2,2,1,1,1,2,2,2,1,2,2,2,2,2,1,2,2,2,2,2,,10,2,,1,1,1,2,1,1,2,2,1,2,2,,01,2,02,27,568.73128315
5387664,1,3,1,2,1,1,6,1,4,4,,,,150000,,2,2,2,1,2,1,1,2,2,2,2,2,2,2,2,2,1,2,1,2,2,1,1,2,2,,1,1,1,2,1,1,2,2,1,1,2,,01,2,02,27,1245.1017032
5387670,1,2,2,3,1,1,5,1,4,1,,,10000000,100000,,2,1,2,1,1,1,1,2,2,2,1,2,2,2,2,2,1,1,2,2,2,1,2,5,2,,1,1,1,2,1,1,2,2,1,2,1,2,01,2,02,27,1162.8996385
5387671,1,1,1,3,1,4,5,5,5,1,,,7000000,100000,,2,2,2,1,1,1,2,1,2,2,1,2,2,2,2,2,2,2,2,2,2,1,1,2,1,2,1,1,5,2,1,1,2,2,2,,2,,01,2,02,27,786.04387226
5387672,1,2,2,6,,4,5,1,4,1,,,10000000,100000,,2,1,2,2,1,2,1,2,2,2,1,2,1,2,2,2,1,1,2,2,2,1,2,3,2,,1,1,1,2,1,1,2,2,2,,2,,01,2,02,27,1102.0758893
5387673,1,3,3,3,1,4,5,1,4,1,,,8000000,100000,,2,1,2,1,1,1,1,2,2,2,1,2,2,2,2,2,1,2,2,2,2,1,2,4,2,,1,1,5,2,1,1,2,2,2,,2,,01,2,02,27,945.1256234
5387675,1,3,3,3,1,1,5,1,4,4,,,,100000,,2,1,2,2,1,1,1,2,2,2,1,2,2,2,2,2,1,2,2,2,2,1,2,3,1,2,1,1,1,2,1,1,2,2,1,2,1,2,01,2,02,27,568.73128315
5387676,1,1,1,3,1,3,5,1,4,1,,,10000000,100000,,2,1,2,2,1,2,1,2,2,2,1,2,2,2,2,2,1,2,2,2,2,2,,4,2,,1,1,1,2,1,9,2,2,2,,2,,01,2,02,27,1300.8236919
5387677,1,3,3,3,1,3,5,1,4,4,,,,100000,,2,1,2,2,1,1,1,2,2,2,1,2,2,2,2,2,2,2,2,2,2,2,,5,2,,1,1,5,2,1,1,2,2,2,,1,2,01,2,02,27,1868.493511
5387678,1,2,1,6,,3,5,1,4,4,,,,100000,,2,1,2,2,2,2,2,2,2,2,1,2,2,2,2,2,2,2,2,2,2,2,,2,2,,1,1,5,2,1,1,2,2,2,,1,2,01,2,02,27,1406.5052696
5387679,1,1,1,3,1,3,5,1,4,4,,,,100000,,2,2,2,2,1,2,1,2,2,2,1,2,2,2,2,2,2,2,1,2,2,2,,1,2,,1,1,5,2,1,1,2,2,2,,2,,01,2,02,27,1635.3394518
5387680,1,3,2,3,1,3,5,1,4,1,,,10000000,120000,,2,1,2,2,1,1,1,2,2,2,1,2,2,2,2,2,2,2,2,2,2,1,1,3,2,,1,1,1,2,1,1,2,2,2,,1,2,01,2,02,27,1296.3703915
5387681,1,2,2,3,1,3,5,1,4,4,,,,100000,,2,1,2,2,1,1,1,2,2,2,1,2,2,2,2,2,2,2,2,2,2,1,1,4,2,,1,1,5,2,1,1,2,2,2,,1,2,01,2,02,27,1838.3420179
5387682,1,3,3,6,,3,5,1,4,1,,,10000000,100000,,2,1,2,2,2,2,1,2,2,2,1,2,2,2,2,2,1,2,2,2,2,2,,5,2,,1,1,5,2,1,1,2,2,2,,1,2,01,2,02,27,1201.2167259
5387683,1,3,2,6,,3,5,1,1,1,,,8000000,100000,,2,2,2,2,1,2,2,2,2,2,2,2,2,2,2,2,1,2,2,2,2,2,,2,2,,1,1,5,2,1,1,2,2,2,,1,2,01,2,02,27,1024.4331154
5387684,1,2,2,3,1,4,5,1,4,4,,,,100000,,2,1,2,2,1,2,1,2,2,2,1,2,2,2,2,2,2,2,1,2,2,1,1,3,2,,1,1,1,2,1,1,2,2,2,,1,2,01,2,02,27,893.85693518
5387685,1,1,1,6,,3,5,5,5,4,,,,100000,,2,1,2,2,2,2,2,2,2,2,1,2,2,2,2,2,1,2,2,2,2,1,1,3,2,,1,1,5,2,1,1,2,2,2,,1,2,01,2,02,27,1662.5963721
5387686,1,2,2,3,1,4,6,1,4,1,,,9000000,100000,,2,1,2,2,1,2,1,2,2,2,1,2,2,2,2,2,2,2,2,2,2,2,,2,1,2,1,2,5,2,1,1,2,2,2,,1,2,01,2,02,27,1024.4331154
5387687,1,2,1,3,1,4,6,5,5,1,,,9000000,100000,,2,1,2,2,1,2,2,2,2,2,1,2,2,2,2,2,2,2,2,2,2,2,,1,1,2,1,1,5,2,1,1,2,2,2,,1,2,01,2,02,27,734.77518404
5387688,1,2,2,3,1,4,6,1,4,1,,,10000000,100000,,2,1,2,2,2,2,1,2,2,2,1,2,2,2,2,2,2,2,2,2,2,2,,5,2,,1,1,5,1,1,1,2,2,2,,1,2,01,2,02,27,716.29144123
5387689,1,3,1,3,1,1,1,1,4,1,,,12000000,100000,,2,1,2,2,1,1,1,2,2,2,1,2,2,2,2,2,1,2,2,2,2,2,,2,1,2,1,1,1,2,1,1,2,2,1,1,1,2,01,2,02,27,1245.1017032
5387690,1,2,1,3,1,1,5,1,4,1,,,10000000,100000,,2,1,2,1,1,1,1,2,2,2,1,2,2,2,2,2,1,2,2,2,2,1,1,1,2,,1,1,1,2,1,1,2,2,1,1,1,2,01,2,02,27,568.73128315
5387691,1,3,1,3,1,1,1,1,4,1,,,9000000,100000,,2,1,2,2,1,1,1,2,2,2,1,2,2,2,2,2,1,2,1,2,2,1,1,1,2,,1,1,5,3,1,1,2,2,1,1,1,2,01,2,02,27,1427.1204976
5387692,1,1,1,3,1,1,5,1,4,1,,,9000000,100000,,2,1,2,2,1,1,1,2,2,2,1,2,2,2,2,2,2,2,1,2,2,1,1,1,2,,1,1,5,2,1,1,2,2,1,1,1,2,01,2,02,27,1427.1204976
5387693,1,1,1,3,1,1,5,1,4,1,,,8000000,100000,,2,1,2,2,2,2,1,2,2,2,1,2,2,2,2,2,2,2,2,2,2,2,,1,1,3,1,1,5,1,1,9,2,2,1,1,1,2,01,2,02,27,568.73128315
5387694,1,2,2,3,1,1,6,1,4,1,,,9000000,100000,,2,1,2,2,2,2,1,2,2,2,1,2,2,2,2,2,2,2,2,2,2,2,,4,2,,1,2,5,2,1,1,2,2,1,1,1,2,01,2,02,27,1358.1669918
5387695,1,3,2,3,1,4,6,1,4,4,,,,100000,,2,1,2,2,1,2,1,2,2,2,1,2,2,2,2,2,1,2,2,2,2,2,,2,2,,1,2,5,1,1,1,2,2,2,,1,2,01,2,02,27,842.58824696
5387696,1,3,1,2,1,1,1,1,4,1,,,98,200000,,2,2,2,2,2,2,1,2,2,2,2,2,2,2,2,2,1,2,2,2,2,1,1,1,2,,1,1,1,2,1,1,2,2,1,2,1,2,01,2,02,27,734.77518404
5387697,1,3,2,2,1,4,1,1,4,1,,,98,200000,,2,1,2,1,1,1,1,2,2,2,1,2,1,2,2,2,1,2,1,2,2,1,2,4,2,,1,1,1,2,1,1,2,2,2,,1,2,01,2,02,27,945.1256234
5387698,1,4,3,2,1,1,1,1,4,1,,,40000000,200000,,2,1,2,2,2,2,1,2,2,2,1,2,2,2,2,2,2,2,1,2,2,2,,3,2,,1,1,1,2,1,1,2,2,1,2,1,2,01,2,02,27,1522.3100008
5387699,1,4,2,6,,1,1,1,4,1,,,98,200000,,2,1,2,1,1,2,1,2,2,2,1,2,2,2,2,2,2,2,1,2,2,1,2,5,2,,1,1,5,2,1,1,2,2,1,2,1,2,01,2,02,27,1367.7220527
5387700,1,3,1,2,1,4,1,1,4,1,,,20000000,200000,,2,1,2,2,2,1,1,2,2,2,1,2,2,2,2,2,1,1,2,2,2,1,1,2,2,,1,1,1,2,1,1,2,2,2,,1,2,01,2,02,27,1245.1017032
5387701,1,4,3,2,1,1,1,1,4,4,,,,150000,,2,1,2,1,1,1,1,2,2,2,1,2,2,2,2,2,1,1,2,2,2,1,2,2,2,,1,1,5,2,1,1,2,2,1,2,1,2,01,2,02,27,604.19900386
5387702,1,2,1,2,1,1,1,1,4,3,,,,,200000,2,1,2,2,1,1,1,2,2,2,1,2,2,1,2,2,1,2,2,2,2,2,,1,2,,1,1,1,4,1,1,2,2,1,1,1,2,01,2,02,27,1427.1204976
5387703,1,3,1,2,1,1,1,1,4,3,,,,,120000,2,1,2,2,2,2,1,2,2,2,1,2,2,2,2,2,2,2,2,2,2,2,,3,2,,1,1,1,2,1,1,2,2,1,1,1,2,01,2,02,27,1662.5963721
5387704,1,3,2,2,1,1,1,1,4,1,,,12000000,150000,,2,2,2,2,2,2,1,2,2,2,2,2,2,2,2,2,2,2,2,2,2,2,,2,2,,1,1,1,2,1,1,2,2,1,1,1,2,01,2,02,27,568.73128315
5387705,1,3,2,2,1,1,1,1,4,3,,,,,200000,2,1,2,1,1,1,1,2,2,2,1,2,2,2,2,2,1,2,2,2,2,2,,5,1,1,1,1,1,2,1,1,2,2,1,1,1,2,01,2,02,27,1577.2947256
5387706,1,3,2,2,1,1,1,1,4,1,,,12000000,100000,,2,1,2,1,1,1,1,2,2,2,1,2,2,2,2,2,1,2,2,2,2,2,,2,2,,1,1,1,2,1,1,2,2,1,1,1,2,01,2,02,27,568.73128315
5387707,1,3,2,2,1,1,1,1,4,4,,,,150000,,2,1,2,1,1,1,1,2,2,2,1,2,2,2,2,2,1,2,2,2,2,2,,4,2,,1,1,1,2,1,1,2,2,1,1,1,2,01,2,02,27,1596.5562349
5387708,1,4,3,2,1,1,1,1,4,4,,,,150000,,2,1,2,1,1,1,1,2,2,2,1,2,2,2,2,2,1,2,2,2,2,2,,3,2,,1,1,1,2,1,1,2,2,1,1,1,2,01,2,02,27,1534.7596346
5387709,1,3,1,2,1,1,1,1,4,1,,,10000000,150000,,2,1,2,1,1,1,1,2,2,2,1,2,2,2,2,2,1,2,2,2,2,2,,2,1,1,1,1,1,2,1,1,2,2,1,1,1,2,01,2,02,27,809.02141813
5387710,1,3,1,2,1,1,1,1,4,3,,,,,150000,2,1,2,2,1,1,1,2,2,2,1,2,2,2,2,2,1,2,2,2,2,2,,2,2,,1,1,1,4,1,1,2,2,1,1,1,2,01,2,02,27,1478.3891858
5387711,1,2,1,2,1,1,1,1,4,3,,,,,200000,2,1,2,1,1,1,1,2,2,2,1,2,2,1,2,2,1,2,1,2,2,2,,1,2,,1,1,2,6,1,1,2,2,1,1,1,2,01,2,02,27,1427.1204976
5387712,1,4,3,6,,1,5,1,4,1,,,10000000,100000,,2,1,2,2,1,1,1,2,2,2,1,2,2,2,2,2,2,2,2,2,2,2,,5,2,,1,1,5,1,1,1,2,2,1,1,2,,01,2,02,27,1889.6107061
5387713,1,4,1,2,1,1,5,1,4,4,,,,200000,,2,1,2,1,1,1,1,2,2,2,1,2,2,2,2,2,1,2,2,2,2,2,,3,2,,1,1,1,4,1,1,2,2,1,1,2,,01,2,02,27,1249.5550037
5387714,1,2,1,2,1,1,5,6,,1,,,8000000,80000,,2,1,2,2,1,2,2,2,2,2,1,2,2,2,2,2,1,2,2,2,2,2,,1,2,,1,1,5,3,1,1,2,2,1,1,2,,01,2,02,27,1647.7890855
5387715,1,2,1,2,1,1,1,6,,1,,,8000000,100000,,2,1,2,2,2,2,2,2,2,2,1,2,2,2,2,2,2,2,2,2,2,2,,1,2,,1,1,5,2,1,1,2,2,1,1,1,2,01,2,02,27,1647.7890855
5387716,1,3,2,2,1,1,1,1,4,3,,,,,100000,2,2,2,2,2,2,1,2,2,2,2,2,2,2,2,2,1,2,2,2,2,2,,4,2,,1,1,5,3,1,1,2,2,1,1,1,2,01,2,02,27,665.02275301
5387717,1,3,2,2,1,1,1,1,5,1,,,12000000,200000,,2,1,2,2,1,2,2,2,2,2,1,2,2,2,2,2,1,2,2,2,2,2,,3,1,1,1,1,5,2,1,1,2,2,1,1,1,2,01,2,02,27,1306.8983036
5387718,1,3,2,2,1,1,1,5,5,4,,,,100000,,2,2,2,2,2,2,2,2,2,2,2,2,2,2,2,2,1,2,2,2,2,2,,3,1,1,1,1,5,3,1,1,2,2,1,1,1,2,01,2,02,27,1011.1657606
5387719,1,2,1,2,1,1,1,6,,4,,,,100000,,2,1,2,2,2,2,2,2,2,2,1,2,2,2,2,2,1,2,2,2,2,2,,1,2,,1,1,5,3,1,1,2,2,1,1,1,2,01,2,02,27,734.77518404
5387720,1,2,1,6,,1,1,6,,3,,,,,80000,2,2,2,2,2,2,2,2,2,2,2,2,2,2,2,2,1,2,2,2,2,2,,1,2,,1,1,5,3,1,1,2,2,1,1,1,2,01,2,02,27,1427.1204976
5387721,1,3,2,2,1,1,1,5,5,3,,,,,80000,2,2,2,2,2,2,2,2,2,2,2,2,2,2,2,2,2,2,2,2,2,2,,6,2,,1,1,5,3,1,1,2,2,1,1,1,2,01,2,02,27,1574.6166538
5387722,1,3,2,2,1,1,1,1,4,3,,,,,150000,2,1,2,1,1,1,2,2,2,2,1,2,2,2,2,2,2,2,2,2,2,2,,1,2,,1,1,1,2,1,1,2,2,1,1,1,2,01,2,02,27,568.73128315
5387723,1,4,3,2,1,1,1,1,4,1,,,8000000,200000,,2,1,2,2,1,2,1,2,2,2,1,2,2,2,2,2,2,2,2,2,2,2,,1,2,,1,1,5,2,1,1,2,2,1,1,1,2,01,2,02,27,1427.1204976
5387724,1,3,2,2,1,1,1,1,4,1,,,98,250000,,2,1,2,1,1,1,2,2,2,2,1,2,2,2,2,2,2,2,2,2,2,2,,2,2,,1,1,1,2,1,1,2,2,1,1,1,2,01,2,02,27,1245.1017032
5387725,1,2,1,2,1,1,1,1,4,3,,,,,110000,2,1,2,1,1,2,1,2,2,2,1,2,2,2,2,2,1,2,1,2,2,2,,1,2,,1,1,1,2,1,1,2,2,1,1,1,2,01,2,02,27,568.73128315
5387726,1,3,2,2,1,1,1,1,4,3,,,,,100000,2,2,2,2,2,2,1,2,2,2,2,2,2,2,2,2,2,2,1,2,2,2,,3,2,,1,1,1,2,1,1,2,2,1,1,1,2,01,2,02,27,1457.7739578
5387727,1,2,1,2,1,1,1,1,4,1,,,15000000,150000,,2,2,2,1,1,1,1,2,2,2,2,2,2,2,2,2,2,1,2,2,2,2,,4,2,,1,1,1,2,1,1,2,2,1,1,1,2,01,2,02,27,1505.6461062
5387728,1,3,2,2,1,1,1,1,4,4,,,,160000,,2,1,2,2,1,2,1,2,2,2,1,2,2,2,2,2,2,2,2,2,2,2,,3,2,,1,1,1,2,1,1,2,2,1,1,1,2,01,2,02,27,613.75406479
5387729,1,3,2,3,1,1,1,1,4,1,,,98,70000,,2,1,2,2,2,2,1,2,2,2,1,2,2,2,2,2,2,2,2,2,2,2,,2,2,,1,1,1,2,1,1,2,2,1,1,1,2,01,2,02,27,1245.1017032
5387730,1,4,2,3,1,1,1,1,4,1,,,80000000,200000,,2,1,2,1,1,1,1,2,2,2,1,2,2,2,2,2,1,2,1,2,2,2,,3,2,,1,1,1,2,1,1,2,2,1,1,1,2,01,2,02,27,1340.4651324
5387731,1,4,2,2,1,1,1,1,4,1,,,40000000,150000,,2,1,2,1,1,1,1,2,2,2,1,2,2,1,2,2,2,2,2,2,2,2,,3,2,,1,1,1,2,1,1,2,2,1,1,1,2,01,2,02,27,1340.4651324
5387732,1,2,1,6,,4,5,1,4,1,,,5000000,100000,,2,1,2,1,2,2,2,2,2,2,1,2,2,2,2,2,2,2,2,2,2,2,,4,2,,1,1,5,1,1,1,2,2,2,,2,,01,2,02,27,1149.9480377
5387733,1,3,2,2,1,4,5,1,4,1,,,15000000,100000,,2,1,2,1,2,1,1,2,2,2,1,2,1,2,2,2,2,2,2,2,2,2,,5,2,,1,1,5,1,1,1,2,2,2,,2,,01,2,02,27,1125.9362698
5387734,1,3,2,6,,4,5,1,4,1,,,10000000,100000,,2,1,2,1,2,2,1,2,2,2,1,2,2,2,2,2,2,2,1,2,2,2,,5,2,,1,1,5,1,1,1,2,2,2,,2,,01,2,02,27,1647.8249231
5387735,1,2,1,2,1,1,1,1,4,4,,,,200000,,2,1,2,2,1,1,1,2,2,2,1,2,2,2,2,2,2,2,1,2,2,2,,6,2,,1,1,1,2,1,1,2,2,1,1,1,1,01,2,02,27,1214.1683267
5387736,1,2,1,2,1,1,1,1,4,3,,,,,200000,2,1,2,2,1,2,1,2,2,2,2,2,2,2,2,2,2,2,1,2,2,2,,4,2,,1,1,1,2,1,1,2,2,1,1,1,1,01,2,02,27,1149.9480377
5387737,1,3,2,2,1,1,1,1,5,1,,,5000000,200000,,2,1,2,2,2,2,2,2,2,2,1,2,2,2,2,2,2,2,1,2,2,2,,4,2,,1,1,5,2,1,1,2,2,1,1,1,1,01,2,02,27,885.6913409
5387738,1,2,1,6,,1,1,1,4,3,,,,,150000,2,1,2,2,2,2,1,2,2,2,1,2,2,2,2,2,1,1,2,2,2,2,,3,2,,1,1,5,3,1,1,2,2,1,1,1,1,01,2,02,27,1098.6793494
5387739,1,2,1,6,,1,1,1,5,1,,,2000000,50000,,2,2,2,2,2,2,2,2,2,2,2,2,2,2,2,2,2,2,2,2,2,2,,1,2,,1,1,5,1,1,1,2,2,1,1,1,2,01,2,02,27,1647.7890855
5387740,1,2,1,2,1,1,1,1,4,1,,,7000000,80000,,2,1,2,2,2,1,1,2,2,2,2,2,2,2,2,2,2,2,2,2,2,2,,6,2,,1,1,5,1,1,1,2,2,1,1,1,1,01,2,02,27,1903.9160256
5387741,1,3,2,3,1,1,1,1,5,1,,,5000000,100000,,2,1,2,1,2,2,1,2,2,2,1,2,2,2,2,2,2,2,2,2,2,2,,6,2,,1,1,5,1,2,,2,2,1,1,1,1,01,2,02,27,2274.9251326
5387742,1,1,1,3,1,4,1,1,4,4,,,,100000,,2,2,2,2,1,1,1,2,2,2,2,2,2,2,2,2,1,2,2,2,2,2,,2,2,,1,1,5,3,1,1,2,2,2,,1,2,01,2,02,27,1406.5052696
5387743,1,3,2,2,1,1,1,1,4,4,,,,100000,,2,2,2,1,1,1,1,2,2,2,1,2,2,2,2,2,2,2,2,2,2,2,,2,1,1,1,1,1,2,1,1,2,2,1,1,1,2,01,2,02,27,604.19900386
5387744,1,2,1,2,1,3,5,1,4,4,,,,150000,,2,1,2,1,1,1,1,2,2,2,1,2,2,2,2,2,2,2,2,2,2,2,,3,2,,1,1,1,2,1,1,2,2,2,,2,,01,2,02,27,655.46769208
5387745,1,2,1,3,1,2,1,1,4,4,,,,100000,,2,2,2,2,2,2,1,2,2,2,1,2,2,2,2,2,2,2,2,2,2,2,,2,2,,1,1,1,2,1,1,2,2,2,,1,2,01,2,02,27,1050.8072011
5387746,1,2,1,2,1,3,1,1,4,1,,,20000000,150000,,2,2,2,1,1,1,1,2,2,2,1,2,2,2,2,2,2,2,2,2,2,2,,2,2,,1,1,1,2,1,1,2,2,2,,1,2,01,2,02,27,990.86628652
5387747,1,3,2,2,1,2,1,1,4,1,,,15000000,100000,,2,1,2,1,1,1,1,2,2,2,1,2,2,2,2,2,2,2,2,2,2,2,,2,2,,1,1,5,3,1,1,2,2,2,,1,2,01,2,02,27,568.73128315
5387748,1,4,3,2,1,2,5,1,4,1,,,30000000,150000,,2,2,2,2,1,1,1,2,2,2,1,2,2,2,2,2,2,2,2,2,2,2,,5,2,,1,1,1,2,1,1,2,2,2,,2,,01,2,02,27,1406.0391401
5387749,1,2,1,3,1,3,5,4,4,4,,,,100000,,2,2,2,2,1,2,1,2,2,2,1,2,2,2,2,2,2,2,2,2,2,2,,2,1,1,1,1,5,2,1,1,2,2,2,,2,,01,2,02,27,604.19900386
5387750,1,2,1,2,1,1,1,1,4,1,,,35000000,100000,,2,1,2,2,1,1,1,2,2,2,1,2,2,2,2,2,1,2,1,2,2,2,,1,2,,1,1,1,2,1,1,2,2,1,1,1,2,01,2,02,27,1427.1204976
5387751,1,4,3,2,1,3,1,1,4,4,,,,200000,,2,1,2,2,1,1,1,2,2,2,1,2,2,2,2,2,2,2,2,2,2,2,,4,2,,1,1,5,2,1,1,2,2,2,,1,2,01,2,02,27,568.73128315
5387752,1,3,1,2,1,3,5,1,4,1,,,25000000,100000,,2,2,2,2,1,1,1,2,2,2,1,2,2,2,2,2,1,2,2,2,2,1,1,2,2,,1,1,1,2,1,1,2,2,2,,2,,01,2,02,27,1245.1017032
5387753,1,2,1,2,1,2,5,6,,3,,,,,100000,2,2,2,2,2,2,2,2,2,2,1,2,2,2,2,2,1,2,2,2,2,2,,1,2,,1,1,1,4,1,1,2,2,2,,2,,01,2,02,27,1427.1204976
5387754,1,3,2,2,1,2,5,5,4,4,,,,150000,,2,2,2,2,1,1,1,2,2,2,1,2,2,2,2,2,2,2,2,2,2,2,,4,1,1,1,1,1,2,1,1,2,2,2,,2,,01,2,02,27,1116.3812088
5387755,1,4,3,2,1,1,1,1,4,1,,,30000000,160000,,2,1,2,1,1,1,1,2,2,2,1,2,2,2,2,2,2,2,2,2,2,2,,3,1,1,1,1,1,2,1,1,2,2,1,1,1,2,01,2,02,27,821.97301893
5387756,1,2,1,3,1,1,1,1,4,3,,,,,100000,2,2,2,2,1,2,1,2,2,2,1,2,2,2,2,2,2,2,2,2,2,2,,1,2,,1,1,5,3,1,1,2,2,1,1,1,2,01,2,02,27,1647.7890855
5387757,1,2,1,3,1,4,5,1,4,1,,,20000000,100000,,2,2,2,1,1,1,1,2,2,2,1,2,2,2,2,2,2,2,2,2,2,2,,2,1,4,1,1,5,3,1,1,2,2,2,,2,,01,2,02,27,1164.7194866
5387758,1,2,1,2,1,4,1,1,4,1,,,8000000,180000,,2,1,2,2,1,1,1,2,2,2,1,2,2,2,2,2,2,2,2,2,2,2,,1,2,,1,1,2,1,1,1,2,2,2,,1,2,01,2,02,27,1427.1204976
5387759,1,2,1,3,1,4,1,1,4,1,,,15000000,200000,,2,2,2,1,1,1,1,2,2,2,1,2,2,2,2,2,2,2,2,2,2,2,,3,2,,1,1,5,2,1,1,2,2,2,,1,2,01,2,02,27,1548.6840866
5387760,1,3,2,2,1,4,5,1,4,4,,,,200000,,2,2,2,2,1,1,1,2,2,2,1,2,2,2,2,2,2,2,2,2,2,2,,2,2,,1,1,5,2,1,1,2,2,2,,2,,01,2,02,27,959.89707236
5387761,1,3,1,3,1,4,1,1,4,4,,,,1500000,,2,2,2,1,1,1,1,2,2,2,1,2,2,2,2,2,2,2,2,2,2,2,,2,2,,1,1,1,2,1,1,2,2,2,,1,2,01,2,02,27,1406.5052696
5387762,1,3,2,2,1,4,1,1,4,1,,,15000000,200000,,2,1,2,2,1,1,1,2,2,2,1,2,2,2,2,2,2,2,2,2,2,2,,4,2,,1,1,5,2,1,1,2,2,2,,1,2,01,2,02,27,945.1256234
5387763,1,3,2,3,1,4,5,1,4,3,,,,,225000,2,2,2,1,1,1,1,2,2,2,1,2,2,2,2,2,2,2,2,2,2,2,,3,2,,1,1,1,2,1,1,2,2,2,,2,,01,2,02,27,893.85693518
5387764,1,3,2,2,1,2,5,1,4,4,,,,200000,,2,1,2,1,1,2,1,2,2,2,1,2,2,2,2,2,1,2,2,2,2,2,,2,2,,1,1,2,2,1,1,2,2,2,,2,,01,2,02,27,1924.9973831
5387765,1,3,2,2,1,4,5,1,4,1,,,30000000,300000,,2,1,2,1,1,1,1,2,2,2,1,2,2,2,2,2,1,2,2,2,2,2,,4,2,,1,1,1,4,1,1,2,2,2,,2,,01,2,02,27,1596.5562349
5387766,1,2,1,2,1,4,5,1,4,1,,,5000000,150000,,2,1,2,2,1,1,1,2,2,2,1,2,2,2,2,2,2,2,2,2,2,2,,2,2,,1,1,2,6,1,1,2,2,2,,2,,01,2,02,27,604.19900386
5387767,1,3,2,3,1,4,5,1,4,3,,,,,150000,2,2,2,1,1,1,1,2,2,2,1,2,2,2,2,2,1,2,2,2,2,2,,2,1,1,1,1,1,2,1,1,2,2,2,,2,,01,2,02,27,568.73128315
5387768,1,2,1,3,1,3,5,6,,4,,,,100000,,2,2,2,1,1,2,2,2,2,2,1,2,2,2,2,2,2,2,2,2,2,2,,1,2,,1,1,1,2,1,1,2,2,2,,2,,01,2,02,27,1427.1204976
5387769,1,3,1,2,1,4,5,1,4,1,,,20000000,200000,,2,1,2,1,1,1,1,2,2,2,1,2,2,2,2,2,2,2,2,2,2,2,,1,2,,1,1,1,4,1,1,2,2,2,,2,,01,2,02,27,908.62838414
5387770,1,3,2,3,1,4,5,1,4,1,,,30000000,250000,,2,2,2,1,1,1,1,2,2,2,1,2,2,2,2,2,2,2,2,2,2,2,,4,2,,1,1,1,2,1,1,2,2,2,,2,,01,2,02,27,1354.7704519
5387771,1,3,2,2,1,3,5,1,4,1,,,25000000,200000,,2,1,2,1,1,1,1,2,2,2,1,2,2,2,2,2,2,2,2,2,2,2,,4,2,,1,1,1,2,1,1,2,2,2,,2,,01,2,02,27,1111.6309502
5387772,1,3,2,3,1,4,5,1,4,4,,,,120000,,2,2,2,2,1,1,1,2,2,2,1,2,2,2,2,2,1,2,2,2,2,2,,2,2,,1,1,1,2,1,1,2,2,2,,2,,01,2,02,27,1164.7194866
5387773,1,3,2,2,1,3,5,1,4,4,,,,200000,,2,1,2,1,1,1,1,2,2,2,1,2,2,2,2,2,2,2,2,2,2,2,,3,2,,1,1,1,4,1,1,2,2,2,,2,,01,2,02,27,1215.9881748
5387774,1,3,1,3,1,4,5,6,,4,,,,200000,,2,2,2,2,2,2,2,2,2,2,1,2,2,2,2,2,1,2,2,2,2,2,,1,2,,1,1,1,2,1,1,2,2,2,,2,,01,2,02,27,1635.3394518
5387775,1,3,1,2,1,4,5,1,4,1,,,30000000,300000,,2,1,2,1,1,1,1,1,2,2,1,2,2,2,2,1,2,2,1,2,2,2,,2,2,,1,1,1,4,1,1,2,2,2,,2,,01,2,02,27,842.58824696
5387776,1,3,1,2,1,1,1,1,4,4,,,,300000,,2,2,2,1,1,1,1,2,2,2,1,2,2,2,2,2,1,2,1,2,2,2,,1,2,,1,1,1,4,1,1,2,2,1,1,1,2,01,2,02,27,908.62838414
5387777,1,3,1,2,1,1,1,1,4,1,,,12000000,200000,,2,1,2,1,1,1,1,2,2,2,1,2,2,2,2,2,1,2,2,2,2,2,,1,2,,1,1,2,2,1,1,2,2,1,1,1,2,01,2,02,27,1647.7890855
5387778,1,2,1,2,1,1,1,1,4,1,,,7000000,150000,,2,1,2,1,1,1,1,2,2,2,1,2,2,2,2,2,2,2,2,2,2,2,,1,2,,1,1,2,2,1,1,2,2,1,1,1,2,01,2,02,27,568.73128315
5387779,1,5,2,2,1,1,1,1,4,1,,,80000000,400000,,2,1,2,1,1,1,1,2,2,2,1,2,1,1,2,2,1,2,1,2,2,2,,3,2,,1,1,1,4,1,1,2,2,1,1,1,2,01,2,02,27,613.75406479
5387780,1,3,1,3,1,1,1,1,4,1,,,30000000,200000,,2,2,2,1,1,1,1,2,2,2,1,2,2,1,2,2,1,2,2,2,2,2,,2,2,,1,1,1,2,1,1,2,2,1,1,1,2,01,2,02,27,1063.2568348
5387781,1,3,2,3,1,1,1,1,4,1,,,40000000,300000,,2,2,2,1,1,1,1,2,2,2,1,2,2,2,2,2,1,2,2,2,2,2,,3,2,,1,1,1,2,1,1,2,2,1,1,1,2,01,2,02,27,613.75406479
5387782,1,3,1,2,1,1,1,1,4,4,,,,120000,,2,2,2,2,2,2,1,2,2,2,1,2,2,2,2,2,1,2,2,2,2,2,,2,2,,1,1,2,2,1,1,2,2,1,1,1,2,01,2,02,27,1406.5052696
5387783,1,2,1,2,1,1,1,1,4,1,,,8000000,200000,,2,2,2,2,1,1,1,2,2,2,1,2,2,2,2,2,2,2,2,2,2,2,,1,2,,1,1,5,2,1,1,2,2,1,1,1,2,01,2,02,27,1647.7890855
5387784,1,3,2,2,1,1,1,1,4,4,,,,150000,,2,1,2,1,1,1,1,2,2,2,1,2,2,2,2,2,2,2,1,2,2,2,,2,1,3,1,1,5,3,1,1,2,2,1,1,1,2,01,2,02,27,1164.7194866
5387785,1,2,1,2,1,1,1,1,4,1,,,12000000,220000,,2,1,2,2,1,1,1,2,2,2,1,2,2,2,2,2,1,2,2,2,2,2,,1,2,,1,1,2,2,1,1,2,2,1,1,1,2,01,2,02,27,734.77518404
5387786,1,3,1,3,1,1,5,1,4,1,,,20000000,200000,,2,2,2,1,1,1,1,2,2,2,1,2,2,2,2,2,1,2,2,2,2,2,,2,1,2,1,1,1,4,1,1,2,2,1,1,1,2,01,2,02,27,1245.1017032
5387787,1,1,1,6,,1,1,1,4,4,,,,60000,,2,2,2,1,1,1,1,2,2,2,2,2,2,2,2,2,2,2,2,2,2,2,,2,2,,1,4,1,2,1,1,2,2,1,1,1,2,01,2,02,27,1198.2863155
5387788,1,3,2,2,1,1,1,1,4,1,,,20000000,200000,,2,1,2,1,1,1,1,2,2,2,1,2,2,2,2,2,2,2,2,2,2,2,,3,2,,1,1,1,2,1,1,2,2,1,1,1,2,01,2,02,27,580.18723596
5387789,1,3,2,2,1,1,1,1,4,1,,,10000000,100000,,2,2,2,1,1,1,1,2,2,2,1,2,2,2,2,2,2,2,2,2,2,2,,2,2,,1,1,5,1,1,1,2,2,1,1,1,2,01,2,02,27,1232.6520695
5387791,1,3,1,6,,1,5,5,5,1,,,5000000,100000,,2,2,2,2,2,2,2,2,2,2,2,2,2,2,2,2,2,2,2,2,2,2,,2,1,2,1,1,5,1,1,1,2,2,1,1,2,,01,2,02,27,1245.1017032
5387792,1,4,1,3,1,1,1,1,4,1,,,50000000,200000,,2,1,2,1,1,1,1,2,2,2,1,2,2,2,2,2,1,2,1,2,2,2,,2,2,,1,1,1,2,1,1,2,2,1,1,1,2,01,2,02,27,1245.1017032
5387793,1,3,2,2,1,1,5,1,4,3,,,,,100000,2,2,2,1,1,1,1,2,2,2,1,2,2,2,2,2,1,2,2,2,2,2,,3,2,,1,1,1,2,1,1,2,2,1,1,1,2,01,2,02,27,893.85693518
5387794,1,4,2,2,1,1,1,1,4,4,,,,100000,,2,2,2,1,1,1,1,2,2,2,1,2,2,2,2,2,2,2,2,2,2,2,,2,2,,1,1,1,2,1,1,2,2,1,1,1,2,01,2,02,27,1232.6520695
5387795,1,3,1,2,1,3,5,1,4,4,,,,150000,,2,2,2,2,1,2,1,2,2,2,1,2,2,2,2,2,2,2,2,2,2,2,,1,2,,1,1,5,2,1,1,2,2,2,,2,,01,2,02,27,1427.1204976
5387796,1,3,2,3,1,3,5,1,5,4,,,,100000,,2,2,2,2,1,2,1,2,2,2,1,2,2,2,2,2,2,2,2,2,2,2,,2,2,,1,1,1,1,1,1,2,2,2,,2,,01,2,02,27,1050.8072011
5387797,1,2,1,3,1,4,5,1,5,1,,,10000000,50000,,2,2,2,2,1,1,1,2,2,2,1,2,2,2,2,2,2,2,2,2,2,2,,1,2,,1,1,5,3,1,1,2,2,2,,2,,01,2,02,27,1647.7890855
5387798,1,4,1,3,1,4,5,1,4,1,,,40000000,300000,,2,2,2,2,1,1,1,2,2,2,1,2,2,2,2,2,1,2,2,2,2,2,,2,2,,1,1,1,4,1,1,2,2,2,,2,,01,2,02,27,1245.1017032
5387799,1,1,1,3,1,4,5,5,5,1,,,5000000,70000,,2,2,2,2,2,2,2,2,2,2,2,2,2,2,2,2,2,2,2,2,2,2,,2,1,2,1,1,5,1,1,1,2,2,2,,2,,01,2,02,27,568.73128315
5387800,1,3,2,2,1,3,5,1,4,1,,,8000000,100000,,2,2,2,2,2,2,1,2,2,2,1,2,2,2,2,2,2,2,2,2,2,2,,3,2,,1,1,5,2,1,1,2,2,2,,2,,01,2,02,27,568.73128315
5387801,1,3,2,3,1,4,5,1,4,4,,,,100000,,2,2,2,2,1,1,1,2,2,2,1,2,2,2,2,2,2,2,2,2,2,2,,2,2,,1,1,5,2,1,1,2,2,2,,1,2,01,2,02,27,1198.2863155
5387802,1,2,1,6,,4,2,5,5,1,,,2000000,100000,,2,2,2,2,2,2,2,2,2,2,2,2,2,2,2,2,2,2,2,2,2,2,,5,2,,1,1,6,1,2,,2,2,2,,2,,01,2,02,27,1352.0923801
5387803,1,3,2,6,,4,2,5,5,1,,,15000000,60000,,2,2,2,2,2,2,2,2,2,2,2,2,2,2,2,2,2,2,2,2,2,2,,6,2,,1,5,5,1,1,1,2,2,2,,2,,01,2,02,27,1457.3078284
5387804,1,2,1,6,,4,2,5,5,1,,,5000000,50000,,2,2,2,2,2,2,2,2,2,2,2,2,2,2,2,2,2,2,2,2,2,2,,6,2,,1,5,5,1,1,1,2,2,2,,2,,01,2,02,27,1866.9526569
5387806,1,1,1,6,,4,2,5,5,1,,,2000000,100000,,2,2,2,2,2,2,2,2,2,2,2,2,2,2,2,2,2,2,2,2,2,2,,4,2,,1,1,5,1,2,,2,2,2,,2,,01,2,02,27,1918.6874746
5387807,1,1,1,6,,4,2,5,5,4,,,,50000,,2,2,2,2,2,2,2,2,2,2,2,2,2,2,2,2,2,2,2,2,2,2,,4,2,,1,5,5,3,2,,2,2,2,,2,,01,2,02,27,1191.9764069
5387808,1,1,1,6,,4,2,5,5,1,,,1000000,30000,,2,2,2,2,2,2,2,2,2,2,2,2,2,2,2,2,2,2,2,2,2,2,,4,2,,1,5,5,1,1,1,2,2,2,,2,,01,2,02,27,945.1256234
5387809,1,1,1,6,,4,2,5,5,1,,,1000000,100000,,2,2,2,2,2,2,2,2,2,2,2,2,2,2,2,2,2,2,2,2,2,2,,2,2,,1,1,5,2,2,,2,2,2,,2,,01,2,02,27,1406.5052696
5387810,1,1,1,6,,4,2,5,5,1,,,10000000,90000,,2,2,2,2,2,2,2,2,2,2,2,2,2,2,2,2,2,2,2,2,2,2,,4,2,,1,5,5,3,2,,2,2,2,,2,,01,2,02,27,568.73128315
5387824,1,3,1,3,1,4,6,1,4,1,,,2000000,50000,,2,2,2,1,2,2,1,2,2,2,1,2,1,2,2,2,2,2,2,2,2,2,,2,2,,1,1,5,3,1,9,2,2,2,,2,,01,2,02,52,3514.6375858
5387825,1,3,2,6,,4,5,3,5,1,,,30000000,100000,,2,1,2,1,2,2,1,2,2,2,1,2,2,2,2,2,2,2,2,2,2,1,2,3,2,,1,1,5,3,1,9,2,2,2,,2,,01,2,02,52,1605.3984496
5387826,1,3,3,5,1,3,6,1,4,1,,,4000000,50000,,2,2,2,1,2,1,1,2,2,2,1,2,2,2,2,2,2,2,2,2,2,1,1,5,2,,1,1,5,3,1,9,2,2,2,,2,,01,2,02,52,1605.3984496
5387827,1,1,1,3,1,4,6,1,4,1,,,6000000,50000,,2,2,2,2,2,2,1,2,2,2,2,2,1,2,2,2,2,2,2,2,2,1,1,2,2,,1,1,5,3,1,1,2,2,2,,2,,01,2,02,52,3514.6375858
5387828,1,3,1,6,,4,6,1,4,1,,,4000000,50000,,2,2,2,2,2,2,1,2,2,2,1,2,2,2,2,2,2,2,2,2,2,2,,1,2,,1,1,5,3,1,1,2,2,2,,2,,01,2,02,52,4651.3320464
5387829,1,3,3,5,1,3,6,1,4,1,,,10000000,100000,,2,1,2,2,2,2,1,2,2,2,1,2,2,2,2,2,2,2,2,2,2,1,2,2,2,,1,1,5,3,1,9,2,2,2,,2,,01,2,02,52,4005.3854419
5387830,1,3,2,5,1,3,6,1,4,1,,,10000000,300000,,2,1,2,2,1,1,1,2,1,2,1,2,2,2,2,2,2,2,2,2,2,1,2,4,2,,1,1,5,3,1,9,2,2,2,,2,,01,2,02,52,3725.6346766
5387832,1,2,2,3,2,4,4,1,4,1,,,5000000,50000,,2,1,2,1,1,1,1,2,2,2,1,2,1,2,2,2,1,2,2,2,2,2,,5,2,,1,1,5,3,1,1,2,2,2,,2,,01,2,02,52,2021.9270564
5387833,1,2,1,6,,3,5,1,5,1,,,1500000,30000,,2,1,2,2,2,2,2,2,2,2,1,1,2,2,2,2,2,2,2,2,2,2,,4,2,,1,1,5,3,1,1,2,2,2,,2,,01,2,02,52,3671.9280265
5387834,1,2,1,6,,4,5,1,4,1,,,4000000,40000,,2,1,2,1,1,1,1,2,2,2,1,2,2,2,2,2,2,2,2,2,2,2,,2,2,,1,1,5,3,1,1,2,2,2,,2,,01,2,02,52,3514.6375858
5387835,1,1,1,2,1,3,5,1,5,1,,,1000000,100000,,2,2,2,2,2,2,1,2,2,2,2,2,2,2,2,2,2,2,2,2,2,2,,2,2,,1,1,5,3,1,1,2,2,2,,2,,01,2,02,52,1605.3984496
5387836,1,2,1,6,,3,5,1,4,1,,,1000000,30000,,2,2,2,2,2,2,1,2,2,2,1,2,2,2,2,2,2,2,2,2,2,2,,2,2,,1,1,5,3,1,1,2,2,2,,2,,01,2,02,52,2709.5700859
5387837,1,1,1,3,2,4,4,1,5,4,,,,50000,,2,2,2,1,2,2,1,2,2,2,2,2,2,2,2,2,2,2,2,2,2,2,,2,2,,1,4,5,3,1,1,2,2,2,,2,,01,2,02,52,3287.7369567
5387838,1,1,1,6,,4,4,1,4,1,,,6000000,100000,,2,2,2,2,2,1,1,2,2,2,2,2,2,2,2,2,2,2,2,2,2,1,1,1,2,,1,1,5,3,1,1,2,2,2,,2,,01,2,02,52,4028.4350486
5387839,1,2,1,5,1,4,4,1,5,1,,,1000000,200000,,2,2,2,2,2,2,1,2,2,2,1,2,2,2,2,2,1,2,2,2,2,1,1,2,2,,1,4,5,3,1,1,2,2,2,,2,,01,2,02,52,2378.4340784
5387841,1,3,2,6,,4,5,1,4,1,,,3000000,100000,,2,1,2,1,2,1,1,2,2,2,1,2,2,2,2,2,1,2,2,2,2,1,1,2,2,,1,1,5,3,1,1,2,2,2,,2,,01,2,02,52,5433.8277247
5387842,1,3,2,2,1,1,3,1,4,3,,,,,100000,2,1,2,2,1,1,1,2,2,2,1,2,2,2,2,2,2,2,2,2,2,1,2,3,2,,1,1,1,2,1,1,2,2,1,8,2,,01,2,02,52,1605.3984496
5387843,1,7,1,2,1,4,3,1,4,1,,,30000000,300000,,2,1,2,2,1,1,1,2,2,2,1,2,2,2,2,2,2,2,2,2,2,1,1,1,2,,1,1,1,2,1,1,2,2,1,8,2,,01,2,02,52,2074.1024385
5387844,1,3,1,2,1,4,10,1,4,1,,,98,200000,,2,1,2,2,1,1,1,2,2,2,1,1,1,2,2,2,1,2,1,2,2,1,2,2,2,,1,1,1,2,1,1,2,2,1,8,2,,01,2,02,52,3514.6375858
5387845,1,4,3,2,1,4,3,1,4,1,,,45000000,500000,,2,1,2,2,1,2,1,2,2,2,1,2,2,2,2,2,1,2,2,2,2,1,1,4,2,,1,1,5,3,1,1,2,2,1,8,2,,01,2,02,52,1605.3984496
5387846,1,2,1,2,1,1,10,1,4,1,,,98,200000,,2,2,2,2,1,1,1,2,2,2,2,2,2,2,2,2,2,2,2,2,2,2,,1,2,,1,1,1,2,1,1,2,2,1,8,2,,01,2,02,52,2074.1024385
5387847,1,3,2,2,2,1,3,1,4,3,,,,,100000,2,1,2,1,1,1,1,2,2,2,1,2,1,2,2,2,2,2,2,2,2,1,3,4,2,,1,1,1,2,1,1,2,2,1,8,2,,01,2,02,52,5333.9392218
5387847,2,1,1,2,2,1,3,6,,1,,,30000000,100000,,2,1,2,1,1,2,1,2,2,2,1,2,2,2,2,2,2,2,2,2,2,1,1,1,2,,2,1,1,2,1,1,2,2,1,8,2,,01,2,02,52,5333.9392218
5387848,1,3,2,2,1,1,5,1,4,1,,,20000000,200000,,2,1,2,1,1,1,1,2,2,2,1,2,1,2,2,2,1,2,2,2,2,1,3,3,2,,1,1,5,3,1,1,2,2,1,8,2,,01,2,02,52,1732.4874739
5387849,1,5,3,2,1,1,4,1,4,1,,,10000000,200000,,2,1,2,1,1,1,1,2,2,2,1,2,2,2,2,2,2,1,2,2,2,1,2,3,2,,1,1,1,2,1,1,2,2,1,8,2,,01,2,02,52,4371.5812812
5387850,1,3,1,2,1,1,5,1,4,1,,,98,200000,,2,1,2,2,2,1,1,2,2,2,1,2,2,2,2,2,2,1,2,2,2,1,1,2,2,,1,1,5,2,1,1,2,2,1,8,2,,01,2,02,52,3514.6375858
5387851,1,4,1,2,1,1,3,1,4,4,,,,200000,,2,1,2,2,2,1,1,2,2,2,1,2,1,2,2,2,1,2,1,2,2,1,1,3,2,,1,1,1,2,1,1,2,2,1,8,2,,01,2,02,52,3527.2082353
5387852,1,3,2,2,1,1,10,1,4,3,,,,,200000,2,1,2,1,1,1,1,2,2,2,1,2,1,2,2,2,1,1,2,2,2,1,2,3,2,,1,1,5,3,1,1,2,2,1,8,2,,01,2,02,52,3101.3207405
5387856,1,3,1,2,1,1,5,1,4,1,,,40000000,200000,,2,1,2,1,1,1,1,2,2,2,1,2,2,2,2,2,2,2,1,2,2,1,2,2,2,,1,1,1,2,1,1,2,2,1,8,2,,01,2,02,52,2378.4340784
5387906,1,4,2,2,1,5,1,1,5,1,,,10000000,100000,,2,2,2,2,1,1,2,2,2,1,1,2,2,2,2,2,2,2,1,2,2,1,2,4,2,,1,1,3,2,1,1,2,2,2,,1,1,01,2,02,52,6430.4609738
5387907,1,3,3,2,1,4,1,1,5,1,,,50000000,40000,,2,2,1,2,1,1,2,2,2,2,1,1,1,2,2,2,2,2,1,2,2,1,4,5,2,,1,1,1,2,1,1,2,2,2,,1,1,01,2,02,52,2280.4094475
5387908,1,2,2,2,2,4,1,1,5,1,,,30000000,300000,,2,2,2,2,2,2,2,2,2,1,2,2,2,2,2,2,2,2,2,2,2,1,1,3,2,,1,1,1,2,1,1,2,2,2,,1,1,01,2,02,52,5269.0360571
5387909,1,2,2,2,1,4,1,1,5,1,,,3000000,80000,,2,2,2,2,2,1,1,2,2,2,1,1,2,2,2,2,2,2,1,2,2,1,2,4,2,,1,1,1,2,1,1,2,2,2,,1,1,01,2,02,52,4457.2433348
5387910,1,2,1,2,1,4,1,1,5,1,,,98,50000,,2,2,2,2,2,2,2,2,2,2,2,2,2,2,2,2,2,2,2,2,2,2,,1,2,,1,1,1,2,1,1,2,2,2,,1,1,01,2,02,52,2946.1862238
5387911,1,2,2,2,1,4,1,1,5,1,,,20000000,50000,,2,2,2,2,2,1,1,2,2,2,1,2,1,2,2,2,2,2,2,2,2,1,3,3,2,,1,1,1,2,1,1,2,2,2,,1,1,01,2,02,52,2460.9347319
5387912,1,3,1,2,1,4,1,1,5,4,,,,200000,,2,2,1,2,1,1,1,2,2,1,1,2,2,2,2,2,2,2,1,2,2,1,2,3,2,,1,1,1,2,1,1,2,2,2,,1,1,01,2,02,52,3584.0472647
5387938,1,4,3,2,1,4,5,1,4,1,,,8000000,200000,,2,1,2,1,2,1,1,2,2,2,1,2,2,2,2,2,2,2,2,2,2,1,2,6,2,,1,1,5,3,1,9,2,2,2,,2,,01,2,02,52,1304.3164502
5387939,1,5,4,2,1,4,5,1,4,4,,,,200000,,2,1,2,1,2,1,1,2,2,2,1,2,2,2,2,2,2,2,2,2,2,1,3,7,2,,1,1,5,3,1,9,2,2,2,,2,,01,2,02,52,4409.2260894
5387940,1,4,3,6,,4,5,1,4,1,,,30000000,100000,,2,1,2,2,2,1,1,2,2,2,1,2,2,2,2,2,2,2,2,2,2,1,3,6,2,,1,1,5,3,1,9,2,2,2,,2,,01,2,02,52,2146.6790926
5387941,1,2,2,6,,4,5,1,4,1,,,7000000,150000,,2,1,2,1,1,1,1,2,2,2,1,2,2,2,2,2,2,2,2,2,2,1,1,5,2,,1,1,5,3,1,9,2,2,2,,2,,01,2,02,52,2199.6886416
5387942,1,4,3,2,1,4,5,1,4,1,,,10000000,100000,,2,1,2,2,1,2,1,2,2,2,1,2,2,2,2,2,2,2,2,2,2,1,1,4,2,,1,1,5,3,1,9,2,2,2,,2,,01,2,02,52,1996.1800966
5387943,1,4,3,6,,4,5,1,4,1,,,8000000,200000,,2,1,2,2,2,1,1,2,2,2,1,2,2,2,2,2,2,2,2,2,2,2,,5,2,,1,1,5,3,1,9,2,2,2,,2,,01,2,02,52,1255.5588978
5387944,1,1,1,6,,4,5,2,4,1,,,5000000,50000,,2,1,2,2,2,1,1,2,2,2,1,2,2,2,2,2,2,2,2,2,2,1,1,7,2,,1,1,5,3,1,9,2,2,2,,2,,01,2,02,52,2259.8623472
5387945,1,1,1,2,1,4,5,1,4,1,,,6000000,100000,,2,1,2,2,1,1,1,2,2,2,1,2,1,2,2,2,2,2,2,2,2,1,1,2,2,,1,1,5,3,1,9,2,2,2,,2,,01,2,02,52,1786.0351103
5387946,1,4,3,2,1,4,5,1,5,4,,,,200000,,2,2,2,2,2,2,2,2,2,2,2,2,2,2,2,2,2,2,2,2,2,1,1,6,2,,1,1,5,3,1,9,2,2,2,,2,,01,2,02,52,1255.5588978
5387947,1,3,3,2,1,4,5,1,4,1,,,7000000,200000,,2,1,2,2,2,2,1,2,2,2,1,2,2,2,2,2,2,2,2,2,2,2,,5,2,,1,1,5,3,1,9,2,2,2,,2,,01,2,02,52,2033.4958379
5387948,1,3,2,2,1,4,5,1,4,1,,,42000000,150000,,2,2,2,1,1,2,1,2,2,2,1,2,2,2,2,2,2,2,2,2,2,1,1,3,2,,1,1,5,3,1,9,2,2,2,,2,,01,2,02,52,2861.9304548
5387949,1,2,2,6,,4,5,1,4,1,,,20000000,100000,,2,2,2,2,2,1,1,2,2,2,2,2,1,2,2,2,2,2,2,2,2,1,1,5,2,,1,1,5,3,1,9,2,2,2,,2,,01,2,02,52,3479.1241702
5387950,1,2,1,6,,3,4,3,5,1,,,5000000,100000,,2,2,2,2,2,1,1,2,2,2,1,2,2,2,2,2,2,2,2,2,2,2,,3,2,,1,1,5,3,1,9,2,2,2,,2,,01,2,02,52,2432.9964429
5387951,1,4,3,2,1,3,5,5,5,1,,,20000000,100000,,2,1,2,1,1,1,1,2,2,2,1,2,2,2,2,2,2,2,2,2,2,1,2,5,2,,1,1,5,3,1,9,2,2,2,,2,,01,2,02,52,2567.2739158
5387952,1,3,2,2,1,4,5,1,5,1,,,20000000,500000,,2,1,2,1,1,1,1,2,2,2,1,2,2,2,2,2,1,2,2,2,2,1,2,3,2,,1,1,5,3,1,9,2,2,2,,2,,01,2,02,52,2912.6568049
5387953,1,1,1,6,,4,4,1,5,3,,,,,50000,2,2,2,2,2,2,2,2,2,2,2,2,2,2,2,2,2,2,2,2,2,1,1,3,2,,1,1,5,3,1,9,2,2,2,,2,,01,2,02,52,3210.7544669
5387954,1,3,1,2,1,4,5,5,5,2,,50000,2200000,50000,,2,1,2,2,1,1,1,2,2,2,1,1,2,2,2,2,1,2,2,2,2,2,,1,2,,1,1,5,3,1,9,2,2,2,,2,,01,2,02,52,3610.255072
5387955,1,3,2,2,1,3,5,1,4,1,,,7000000,10000,,2,1,2,2,2,1,1,1,2,2,1,1,2,2,2,2,2,2,2,2,2,1,2,3,2,,1,1,5,3,1,9,2,2,2,,2,,01,2,02,52,1354.9533847
5387956,1,3,2,6,,4,5,1,5,4,,,,150000,,2,2,2,2,2,1,1,2,2,2,2,2,2,2,2,2,2,2,2,2,2,1,1,5,2,,1,1,5,3,1,9,2,2,2,,2,,01,2,02,52,2651.8645853
5387957,1,1,1,6,,4,6,2,4,4,,,,150000,,2,1,2,2,2,2,1,2,2,2,1,2,2,2,2,2,2,2,2,2,2,1,1,4,2,,1,1,5,3,1,9,2,2,2,,2,,01,2,02,52,2871.7617779
5387958,1,2,2,6,,4,6,1,4,4,,,,50000,,2,1,1,2,1,2,1,2,2,2,1,2,2,2,2,2,2,2,2,2,2,1,2,3,2,,1,1,5,2,1,9,2,2,2,,2,,01,2,02,52,3670.4287776
5387959,1,2,1,6,,4,5,1,5,1,,,10000000,50000,,2,1,2,1,1,1,1,2,2,2,1,2,2,2,2,2,2,2,2,2,2,2,,4,2,,1,1,5,3,1,9,2,2,2,,2,,01,2,02,52,1468.1366394
5387960,1,2,2,6,,4,6,1,4,1,,,1000000,98,,2,2,2,2,2,1,1,2,2,2,1,2,2,2,2,2,2,2,2,2,2,1,2,4,2,,1,1,5,3,1,9,2,2,2,,2,,01,2,02,52,1738.3762145
5387961,1,3,2,6,,4,6,1,5,4,,,,200000,,2,1,2,2,2,2,1,2,2,2,1,2,2,2,2,2,2,2,2,2,2,1,1,3,2,,1,1,5,3,1,9,2,2,2,,2,,01,2,02,52,1859.75491
5387962,1,5,4,6,,4,5,1,5,1,,,5000000,50000,,2,2,2,2,1,1,1,2,2,2,1,2,2,2,2,2,2,2,2,2,2,1,4,6,2,,1,1,5,2,1,9,2,2,2,,2,,01,2,02,52,1255.5588978
5387963,1,2,1,6,,4,6,1,5,1,,,1000000,50000,,2,2,2,2,2,1,1,2,2,2,2,2,2,2,2,2,2,2,2,2,2,2,,3,2,,1,1,5,3,1,9,2,2,2,,2,,01,2,02,52,2758.5785232
5387964,1,2,2,6,,4,6,1,4,1,,,4000000,150000,,2,1,1,2,1,1,1,2,2,2,1,2,2,2,2,2,2,2,2,2,2,1,1,3,2,,1,1,5,3,1,9,2,2,2,,2,,01,2,02,52,2425.498076
5387965,1,3,2,6,,4,6,1,5,1,,,10000000,300000,,2,1,2,2,2,1,1,2,2,2,1,2,2,2,2,2,2,2,2,2,2,2,,5,2,,1,1,5,3,1,9,2,2,2,,2,,01,2,02,52,4089.9945508
5387966,1,1,1,6,,4,5,2,4,1,,,6000000,40000,,2,2,2,2,2,1,1,2,2,2,2,2,1,2,2,2,1,2,2,2,2,2,,1,2,,1,1,5,2,1,9,2,2,2,,2,,01,2,02,52,3637.7394902
5387967,1,3,3,6,,4,5,5,5,1,,,6000000,50000,,2,1,2,2,1,2,1,2,2,2,1,2,2,2,2,2,2,2,2,2,2,1,1,6,2,,1,1,5,2,1,9,2,2,2,,2,,01,2,02,52,3584.809058
5387968,1,2,1,6,,4,6,1,4,1,,,1500000,50000,,2,1,2,2,2,1,1,2,2,2,1,2,2,2,2,2,2,2,2,2,2,1,1,1,2,,1,1,5,3,1,9,2,2,2,,2,,01,2,02,52,3150.5807613
5387969,1,3,2,6,,4,5,1,5,1,,,1800000,200000,,2,1,2,2,2,2,2,2,2,2,1,2,2,2,2,2,2,2,2,2,2,1,1,4,2,,1,1,5,2,1,9,2,2,2,,2,,01,2,02,52,3524.6353523
5387970,1,1,1,6,,4,5,1,5,1,,,3000000,30000,,2,1,2,2,2,2,2,2,2,2,1,2,2,2,2,2,2,2,2,2,2,1,1,2,1,1,1,1,5,3,1,9,2,2,2,,2,,01,2,02,52,2119.1155575
5387971,1,5,5,6,,4,5,1,4,1,,,98,98,,2,1,2,2,2,1,1,2,2,2,1,2,2,2,2,2,2,2,2,2,2,1,2,5,2,,1,1,1,2,1,9,2,2,2,,2,,01,2,02,52,3982.1619493
5387972,1,3,2,6,,4,5,1,5,1,,,3000000,200000,,2,1,2,2,1,1,2,2,2,2,1,2,2,2,2,2,2,2,2,2,2,1,1,2,2,,1,1,5,3,1,9,2,2,2,,2,,01,2,02,52,2347.2976064
5387973,1,2,1,6,,3,6,5,5,1,,,3000000,300000,,2,2,2,2,2,1,1,2,2,2,2,2,2,2,2,2,2,2,2,2,2,2,,4,2,,1,1,5,2,1,9,2,2,2,,2,,01,2,02,52,1468.1366394
5387974,1,3,3,6,,4,5,1,5,1,,,3000000,30000,,2,1,2,2,1,2,1,2,2,2,1,2,2,2,2,2,2,2,2,2,2,2,,5,2,,1,1,5,2,1,9,2,2,2,,2,,01,2,02,52,3637.818607
5387975,1,1,1,6,,4,6,1,5,4,,,,100000,,2,1,2,2,2,2,2,2,2,2,1,2,2,2,2,2,2,2,2,2,2,2,,3,2,,1,1,5,3,1,9,2,2,2,,2,,01,2,02,52,3210.7544669
5387976,1,4,3,6,,4,5,1,5,1,,,5000000,50000,,2,1,2,2,2,1,1,2,2,2,1,2,1,2,2,2,2,2,2,2,2,1,1,5,2,,1,1,5,3,1,9,2,2,2,,2,,01,2,02,52,4623.7726287
5387977,1,3,2,6,,4,5,1,4,1,,,40000000,400000,,2,1,2,2,1,2,1,2,2,2,1,2,2,2,2,2,2,2,2,2,2,1,2,3,2,,1,1,5,3,1,9,2,2,2,,2,,01,2,02,52,3210.7544669
5387978,1,4,3,6,,4,5,1,4,1,,,7000000,50000,,2,1,2,1,2,1,1,2,2,2,1,2,2,2,2,2,2,2,2,2,2,1,1,5,2,,1,1,5,3,1,9,2,2,2,,2,,01,2,02,52,4171.5966849
5387979,1,5,4,6,,4,5,1,5,4,,,,50000,,2,1,2,2,2,2,1,2,2,2,1,2,1,2,2,2,2,2,2,2,2,1,3,7,2,,1,1,5,3,1,9,2,2,2,,2,,01,2,02,52,2963.597757
5387980,1,3,2,6,,4,5,1,4,1,,,5000000,300000,,2,1,2,2,1,1,1,2,2,2,1,2,2,2,2,2,2,2,2,2,2,1,1,3,2,,1,1,5,3,1,9,2,2,2,,2,,01,2,02,52,1756.4029784
5387981,1,4,2,4,1,4,4,1,4,1,,,8000000,400000,,2,1,2,2,2,1,1,2,2,2,1,2,2,2,2,2,2,2,2,2,2,1,2,3,2,,1,1,5,3,1,9,2,2,2,,2,,01,2,02,52,1458.3053163
5387982,1,2,1,6,,2,5,6,,1,,,7000000,300000,,2,1,2,2,2,1,1,2,2,2,1,2,2,2,2,2,1,2,2,2,2,1,1,1,2,,1,1,5,3,1,9,2,2,2,,2,,01,2,02,52,1622.1255055
5388013,1,2,2,6,,4,5,5,5,1,,,15000000,150000,,2,2,2,2,2,2,2,2,2,2,2,2,2,2,2,2,2,2,2,2,2,1,1,3,2,,1,1,5,3,1,9,2,2,2,,2,,01,2,02,52,3388.2101657
5388014,1,2,1,6,,4,5,5,4,1,,,16000000,100000,,2,1,2,1,1,1,1,2,2,2,1,2,2,1,2,2,2,2,2,2,2,1,1,4,2,,1,1,5,3,1,9,2,2,2,,2,,01,2,02,52,2612.7850979
5388015,1,1,1,6,,4,4,1,4,1,,,15000000,50000,,2,1,2,1,2,2,1,2,2,2,1,2,2,2,2,2,2,2,2,2,2,1,1,4,2,,1,1,5,3,1,9,2,2,2,,2,,01,2,02,52,3323.9377216
5388016,1,3,2,6,,4,5,1,4,1,,,2000000,20000,,2,1,2,2,2,1,1,2,2,2,1,1,1,2,2,2,2,2,2,2,2,1,2,3,2,,1,1,5,3,1,9,2,2,2,,2,,01,2,02,52,1973.3221322
5388017,1,4,1,6,,4,5,1,4,1,,,20000000,200000,,2,1,2,1,1,1,1,1,2,2,1,1,1,2,2,2,1,2,2,2,2,2,,2,2,,1,1,5,3,1,9,2,2,2,,2,,01,2,02,52,2261.5884712
5388018,1,2,2,6,,2,5,1,5,1,,,10000000,200000,,2,2,2,2,2,1,1,2,2,2,2,2,2,2,2,2,2,2,2,2,2,1,2,3,2,,1,1,5,3,1,9,2,2,2,,2,,01,2,02,52,2885.1723867
5388019,1,3,3,3,1,4,5,1,4,1,,,250000000,100000,,2,1,2,2,1,1,1,2,2,2,1,1,2,2,2,2,1,2,2,2,2,1,2,7,2,,1,1,5,3,1,9,2,2,2,,2,,01,2,02,52,2175.2716777
5388020,1,5,4,6,,4,5,1,4,1,,,20000000,200000,,2,1,2,1,1,1,1,2,2,2,1,2,1,2,2,2,2,2,2,2,2,1,4,4,2,,1,1,5,3,1,9,2,2,2,,2,,01,2,02,52,1336.9266208
5388021,1,3,2,6,,3,5,1,4,1,,,3000000,1000000,,2,1,2,1,1,1,1,2,2,2,1,2,2,2,2,2,2,2,2,2,2,1,1,1,2,,1,1,5,3,1,9,2,2,2,,2,,01,2,02,52,3150.5807613
5388022,1,3,1,6,,3,5,1,4,1,,,10000000,100000,,2,1,2,2,1,1,1,2,2,2,1,2,2,2,2,2,2,2,2,2,2,1,1,2,2,,1,1,5,3,1,9,2,2,2,,2,,01,2,02,52,1860.1388775
5388023,1,1,1,6,,2,5,1,4,4,,,,50000,,2,2,2,2,2,2,1,2,2,2,2,2,2,2,2,2,2,2,2,2,2,2,,1,2,,1,1,5,3,2,,2,2,2,,2,,01,2,02,52,3150.5807613
5388046,1,3,2,2,1,5,1,1,4,4,,,,200000,,2,2,2,1,1,1,1,1,2,2,1,2,1,2,2,2,2,2,1,1,2,1,1,4,2,,1,1,1,4,1,2,2,2,2,,1,1,01,2,02,76,4710.5788569
5388047,1,1,1,2,1,5,1,5,4,4,,,,100000,,2,2,2,2,1,1,1,2,2,2,2,2,1,2,2,2,2,2,1,2,2,1,3,4,2,,1,1,8,2,1,9,2,2,2,,1,2,01,2,02,76,4553.6190153
5388048,1,5,3,3,1,5,1,1,4,1,,,20000000,300000,,2,2,1,2,1,1,1,2,2,2,1,2,2,2,2,2,2,2,1,1,2,1,3,3,2,,1,1,1,4,1,2,2,2,2,,1,1,01,2,02,76,3418.0794059
5388049,1,4,2,3,1,5,1,3,5,1,,,99,100000,,2,2,2,2,1,1,1,2,2,2,1,2,2,2,2,2,2,2,1,2,1,1,3,5,2,,1,1,1,2,1,2,2,1,2,,1,2,01,2,02,76,2329.7170567
5388050,1,4,1,3,1,4,6,6,,4,,,,200000,,2,2,1,1,1,1,1,2,2,2,2,2,1,2,2,2,2,1,1,1,1,1,1,1,2,,1,1,1,3,1,9,2,2,2,,2,,01,2,02,76,5845.9716632
5388051,1,1,1,2,1,4,2,1,5,4,,,,150000,,2,1,2,2,1,2,1,2,2,2,2,2,2,2,2,2,2,1,2,2,2,1,2,2,2,,1,1,1,4,1,9,2,2,2,,1,1,01,2,02,76,3451.5284615
5388052,1,3,1,2,2,5,1,1,4,1,,,24000000,150000,,2,2,1,2,1,1,1,2,2,2,1,2,2,2,2,2,2,2,1,1,2,1,1,1,2,,1,1,1,4,1,2,2,2,2,,1,1,01,2,02,76,4467.1157913
5388052,2,1,1,2,2,5,1,1,4,4,,,,80000,,2,2,2,2,2,2,1,2,2,2,1,2,2,2,2,2,2,2,2,2,2,1,1,3,2,,2,1,1,4,1,2,2,2,2,,1,1,01,2,02,76,4467.1157913
5388053,1,3,1,3,1,4,6,6,,4,,,,150000,,2,1,2,2,2,2,2,2,2,2,1,1,2,2,2,2,2,2,2,2,2,1,1,1,2,,1,1,1,2,1,1,2,2,2,,2,,01,2,02,76,6749.9053632
5388054,1,3,3,3,1,5,1,1,5,4,,,,200000,,2,1,2,1,1,1,1,2,2,2,1,2,2,2,2,2,2,2,2,2,2,1,1,3,2,,1,1,1,2,1,2,2,2,2,,1,1,01,2,02,76,6445.9334112
5388055,1,3,1,2,1,4,1,1,4,4,,,,250000,,2,1,2,2,1,1,1,1,2,2,1,2,1,2,2,2,2,2,1,2,2,1,1,1,2,,1,1,1,2,1,1,2,2,2,,1,1,01,2,02,76,5845.9716632
5388062,1,3,2,1,1,1,1,1,4,4,,,,500000,,2,2,2,2,1,1,1,2,2,2,1,2,1,2,2,2,1,2,2,2,2,1,3,7,2,,1,1,1,4,1,2,2,1,1,2,1,1,01,2,02,76,1702.3915519
5388063,1,3,2,3,1,1,1,1,3,3,,,,,250000,2,2,1,1,1,1,1,2,2,2,1,2,2,1,2,2,1,2,2,2,2,1,2,5,2,,1,2,1,4,1,1,1,2,1,2,1,1,01,2,02,76,2274.601344
5388064,1,3,1,1,1,1,1,3,3,3,,,,,200000,2,2,1,1,1,1,1,2,2,2,1,1,1,2,2,2,2,2,2,2,2,1,2,2,2,,1,1,1,2,1,2,1,1,1,2,1,1,01,2,02,76,1747.5535085
5388065,1,4,1,3,1,1,1,1,3,4,,,,98,,2,2,2,2,1,1,1,2,2,2,1,2,1,2,2,2,2,1,2,2,2,2,,2,2,,1,1,1,2,1,1,1,2,1,2,1,1,01,2,02,76,2070.676569
5388066,1,4,2,1,1,1,1,3,3,3,,,,,250000,2,2,2,2,1,1,1,2,2,2,1,2,2,2,2,2,2,1,2,2,2,1,1,4,2,,1,2,1,4,1,1,1,1,1,2,1,1,01,2,02,76,1571.7988965
5388067,1,2,1,3,1,1,1,1,3,4,,,,200000,,2,2,2,1,1,1,1,1,2,2,1,1,1,2,2,2,2,2,2,2,2,1,1,1,2,,1,1,1,2,1,2,1,2,1,2,1,1,01,2,02,76,1221.9738782
5388068,1,3,2,1,1,1,1,1,3,3,,,,,250000,2,2,2,2,1,1,1,2,2,2,1,2,1,2,2,2,2,2,2,2,2,1,2,3,2,,1,1,1,2,1,1,1,1,1,2,1,1,01,2,02,76,1486.5360853
5388072,1,3,1,3,1,1,1,6,,4,,,,200000,,2,2,2,1,1,2,1,2,2,2,1,2,2,2,2,2,2,2,2,2,2,1,1,1,2,,1,1,1,4,1,2,1,2,1,2,1,1,01,2,02,76,2373.3844135
5388073,1,1,1,2,1,1,1,1,4,3,,,,,200000,2,2,2,2,1,1,1,2,2,2,1,2,2,2,2,2,2,2,2,2,2,1,2,2,2,,1,2,1,2,1,2,2,2,1,2,1,1,01,2,02,76,1401.2732741
5388074,1,3,1,3,1,1,1,1,3,3,,,,,200000,2,2,2,2,2,1,1,2,2,2,1,2,2,2,2,2,2,1,2,2,2,1,1,1,2,,1,1,3,2,1,1,1,2,1,2,1,1,01,2,02,76,2740.369113
5388089,1,5,4,1,1,1,1,1,3,1,,,70000000,250000,,2,2,1,1,1,1,1,1,2,2,1,2,2,1,2,2,2,2,1,2,1,1,3,8,2,,1,1,1,4,1,2,1,1,1,3,1,2,01,2,02,76,2073.0469329
5388090,1,4,3,1,1,1,1,1,3,4,,,,300000,,2,2,1,1,1,1,1,1,2,2,1,2,1,1,2,2,2,1,2,2,2,1,2,3,2,,1,1,1,4,1,2,1,1,1,3,1,2,01,2,02,76,945.83321109
5388091,1,6,2,1,1,1,1,1,3,1,,,80000000,300000,,2,2,1,1,1,1,1,1,2,2,1,2,2,2,2,2,2,1,1,2,2,1,1,2,2,,1,1,1,4,1,2,1,1,1,3,1,2,01,2,02,76,2070.676569
5388092,1,4,2,1,1,1,1,1,3,1,,,98,98,,2,2,1,1,1,1,1,2,2,2,1,2,2,2,2,2,2,2,2,2,2,1,2,2,2,,1,1,1,4,1,2,1,1,1,3,1,2,01,2,02,76,1703.6918695
5388093,1,4,2,1,1,1,1,1,3,4,,,,98,,2,1,1,1,1,1,1,2,2,2,1,2,1,2,2,2,2,2,1,2,2,1,2,3,2,,1,1,1,4,1,2,1,1,1,3,1,2,01,2,02,76,1020.7087163
5388094,1,4,2,1,1,1,1,1,3,3,,,,,300000,2,2,2,1,1,1,1,2,2,2,1,2,2,2,2,2,1,1,2,1,2,1,3,3,2,,1,1,1,4,1,2,1,1,1,3,1,2,01,2,02,76,2552.3945603
5388095,1,3,2,1,1,1,1,1,3,1,,,80000000,250000,,2,2,1,1,1,1,1,1,2,2,1,1,2,2,2,2,1,1,1,2,1,1,2,3,2,,1,1,1,4,1,1,1,1,1,3,1,2,01,2,02,76,2898.6747947
5388097,1,3,2,1,1,1,1,1,3,3,,,,,150000,2,2,2,2,1,1,1,2,2,2,1,2,1,2,2,2,2,1,2,2,2,1,1,3,2,,1,1,1,2,1,1,1,1,1,3,1,2,01,2,02,76,1366.9889506
5388098,1,4,3,1,1,1,1,1,3,4,,,,150000,,2,2,1,2,1,1,1,2,2,2,1,1,1,2,2,2,1,2,2,2,2,1,3,3,1,1,1,1,4,2,1,1,1,1,1,3,1,2,01,2,02,76,2575.5517341
5388099,1,3,2,1,1,1,1,1,3,2,,600000,50000000,250000,,2,1,1,1,1,1,1,2,2,2,1,1,2,1,2,2,1,2,1,2,2,1,3,4,2,,1,1,1,4,1,1,1,1,1,3,1,2,01,2,02,76,1105.9715274
5388100,1,4,1,1,1,1,9,1,3,3,,,,,250000,2,2,1,1,1,1,1,2,2,2,1,1,2,2,2,2,1,2,2,2,2,1,1,1,2,,1,1,1,4,1,1,1,1,1,3,1,2,01,2,02,76,1221.9738782
5388101,1,3,1,1,1,1,9,1,3,3,,,,,200000,2,2,2,2,1,1,1,2,2,2,1,2,1,2,2,2,2,2,2,2,2,1,1,1,2,,1,1,1,4,1,2,1,1,1,3,1,2,01,2,02,76,945.83321109
5388102,1,4,3,1,1,1,1,1,3,4,,,,220000,,2,2,1,1,1,1,1,2,2,2,1,2,2,1,2,2,2,2,2,2,2,1,3,3,2,,1,1,1,4,1,2,1,1,1,3,1,2,01,2,02,76,945.83321109
5388103,1,4,3,3,1,4,6,1,5,5,,,,60000,,2,2,2,2,1,1,1,2,2,2,1,2,2,2,2,2,2,2,1,2,2,1,2,4,2,,1,1,1,4,1,1,2,2,2,,2,,01,2,02,05,6471.8282049
5388124,1,3,1,2,1,4,2,1,4,1,,,99,200000,,2,1,2,2,1,1,1,1,2,1,1,2,2,2,2,2,2,2,2,2,2,1,2,2,2,,1,1,1,2,1,2,2,2,2,,1,2,01,2,02,15,4642.3683048
5388125,1,3,1,2,1,4,4,1,5,1,,,50000000,400000,,2,1,2,1,2,1,1,2,2,2,2,2,2,2,2,2,2,2,2,2,2,1,1,1,2,,1,1,1,2,1,2,2,2,2,,2,,01,2,02,15,7334.8553812
5388126,1,3,2,2,1,4,2,1,4,1,,,15000000,300000,,2,1,1,2,1,1,1,2,2,2,1,2,2,2,2,2,2,2,2,2,2,1,2,2,2,,1,1,1,4,1,2,2,2,2,,2,,01,2,02,15,4876.8919745
5388127,1,3,2,2,1,4,2,1,5,1,,,99,100000,,2,2,2,2,2,1,1,2,2,2,1,2,2,2,2,2,2,2,2,2,2,1,3,3,2,,1,1,1,2,1,2,2,2,2,,1,2,01,2,02,15,5553.5791009
5388128,1,3,1,2,1,4,4,1,5,1,,,15000000,100000,,2,2,2,2,1,1,1,2,2,2,1,2,2,2,2,2,2,2,2,2,2,2,,1,2,,1,1,1,2,1,2,2,2,2,,2,,01,2,02,15,4169.8370012
5388129,1,4,1,2,1,4,2,1,4,4,,,,150000,,2,1,2,1,1,1,1,2,2,2,1,2,2,2,2,2,2,2,2,1,2,1,2,2,2,,1,1,1,2,1,2,2,2,2,,1,2,01,2,02,15,4642.3683048
5388130,1,3,2,3,1,4,1,1,5,4,,,,300000,,2,1,1,2,2,1,1,2,2,1,1,2,2,1,2,2,2,2,2,2,2,1,3,4,2,,1,1,1,2,1,2,2,2,2,,1,2,01,2,02,15,5638.453533
5388183,1,2,2,2,1,1,1,1,4,4,,,,200000,,2,1,2,2,1,1,1,2,2,2,1,2,1,2,2,2,2,2,1,2,2,1,2,4,2,,1,1,1,2,1,2,2,2,1,1,1,2,01,2,02,15,5017.5903933
5390350,1,5,1,2,1,4,6,1,5,3,,,,,150000,2,1,2,2,1,1,2,2,2,2,1,2,2,2,2,2,2,2,2,2,2,1,1,1,2,,1,1,1,2,1,1,2,2,2,,2,,01,2,02,66,1138.7284661
5390351,1,3,1,2,1,4,1,1,5,1,,,35000000,100000,,2,1,2,2,1,1,1,2,2,2,2,2,2,2,2,2,2,2,2,2,2,1,1,2,1,2,1,1,1,2,1,1,2,2,2,,1,1,01,2,02,66,926.20856952
5390352,1,3,1,2,1,4,6,1,5,3,,,,,70000,2,1,2,2,1,1,1,2,2,2,1,2,2,2,2,2,2,2,2,2,2,1,2,3,2,,1,1,1,2,1,1,2,2,2,,2,,01,2,02,66,2072.9045318
5390353,1,2,1,2,1,4,1,1,4,4,,,,80000,,2,1,2,1,1,1,1,2,2,2,1,2,2,2,2,2,2,2,1,2,2,1,2,4,2,,1,1,5,3,1,1,2,2,2,,1,1,01,2,02,66,2501.3607851
5390354,1,2,2,2,1,1,2,1,5,1,,,4000000,100000,,2,2,2,2,1,1,1,2,2,2,1,2,2,2,2,2,2,1,2,2,2,1,3,3,2,,1,1,1,2,1,1,2,2,1,1,2,,01,2,02,66,808.95286077
5390355,1,3,3,2,1,4,1,1,4,4,,,,200000,,2,1,2,1,1,1,1,2,2,2,1,2,2,2,2,2,2,2,1,2,2,1,4,6,2,,1,1,7,2,1,1,2,2,2,,1,1,01,2,02,66,1282.4066307
5390356,1,3,3,2,1,4,2,1,5,1,,,400000,150000,,2,2,2,1,1,1,1,2,2,2,1,1,1,2,2,2,2,2,1,2,2,1,2,4,2,,1,1,1,2,1,2,2,2,2,,2,,01,2,02,66,1892.1625341
5390357,1,2,1,2,1,4,2,1,5,4,,,,150000,,2,2,2,1,1,1,1,2,2,2,1,1,2,2,2,2,2,2,2,2,2,1,1,1,2,,1,1,1,1,1,2,2,2,2,,2,,01,2,02,66,1266.0809347
5390358,1,4,2,2,1,1,1,1,3,1,,,50000000,300000,,2,1,2,1,1,1,1,2,2,2,1,2,1,2,2,2,2,2,1,2,2,1,3,3,2,,1,1,1,4,1,1,1,2,1,2,1,1,01,2,02,66,1038.2177104
5390359,1,5,2,2,1,1,6,1,4,4,,,,200000,,2,2,2,2,1,1,1,2,2,2,1,2,1,2,2,2,2,2,2,2,2,1,2,3,2,,1,1,1,4,1,2,2,2,1,2,2,,01,2,02,66,739.30041567
5390360,1,3,2,2,1,1,1,1,3,4,,,,200000,,2,1,2,1,1,1,1,2,2,2,1,2,1,2,2,2,2,2,1,2,2,1,2,2,2,,1,1,1,2,1,2,1,2,1,1,1,1,01,2,02,66,1021.4727574
5390361,1,4,3,2,1,1,1,1,3,1,,,38000000,250000,,2,1,1,1,1,1,1,2,2,2,1,1,1,1,2,2,2,2,1,2,2,1,4,4,2,,1,1,1,2,1,1,1,2,1,2,1,1,01,2,02,66,980.0573921
5390362,1,3,1,2,1,1,1,1,3,1,,,40000000,150000,,2,1,2,1,1,1,1,1,2,2,1,2,1,2,2,2,1,1,1,2,2,1,2,2,2,,1,1,1,4,1,1,1,2,1,2,1,1,01,2,02,66,983.99951333
5390363,1,1,1,2,1,1,1,1,4,4,,,,100000,,2,1,1,1,1,1,1,2,2,2,1,2,2,2,2,2,2,2,2,2,2,1,1,1,2,,1,1,1,2,1,2,2,2,1,2,1,1,01,2,02,66,1590.6099722
5390364,1,5,2,2,1,1,1,1,3,1,,,120000000,450000,,2,1,1,1,1,1,1,1,1,1,1,1,1,1,2,2,1,1,1,1,2,1,3,3,2,,1,1,1,4,1,1,1,2,1,2,1,1,01,2,02,66,1133.4818983
5390365,1,2,1,2,1,1,1,1,3,4,,,,100000,,2,1,2,2,1,2,1,2,2,2,1,2,2,2,2,2,2,2,2,2,2,1,1,1,2,,1,1,1,2,1,1,1,2,1,2,1,1,01,2,02,66,1138.7284661
5390366,1,5,3,2,1,1,6,1,4,1,,,99,250000,,2,1,1,1,1,1,1,2,2,2,1,1,1,1,2,2,2,2,2,2,2,1,2,4,2,,1,1,1,2,1,2,2,2,1,2,2,,01,2,02,66,739.30041567
5390367,1,6,4,2,1,1,1,1,4,4,,,,500000,,2,1,1,1,1,1,1,2,2,2,1,2,1,1,2,2,2,2,1,2,2,1,4,5,2,,1,1,1,4,1,2,2,2,1,2,1,1,01,2,02,66,1129.539777
5390368,1,2,1,2,1,1,1,1,4,4,,,,100000,,2,1,2,2,1,2,1,2,2,2,1,2,2,2,2,2,2,2,2,2,2,1,1,2,2,,1,1,1,2,1,1,2,2,1,1,1,2,01,2,02,66,2083.856961
5390369,1,3,2,2,1,4,1,1,4,1,,,35000000,100000,,2,1,2,2,1,1,1,2,2,2,1,2,2,2,2,2,2,2,2,2,2,1,1,3,2,,1,1,4,2,1,1,2,2,2,,1,1,01,2,02,66,1362.7467479
5390370,1,2,1,2,1,1,1,1,4,5,,,,100000,,2,1,2,1,1,1,1,2,2,2,1,2,2,2,2,2,2,2,2,2,2,1,1,2,2,,1,1,4,2,1,1,2,2,1,1,1,1,01,2,02,66,1960.8953909
5390371,1,2,1,2,1,1,1,1,4,4,,,,150000,,2,2,2,2,2,1,1,2,2,2,1,2,2,2,2,2,2,2,2,2,2,2,,1,2,,1,1,1,2,1,2,2,2,1,1,1,1,01,2,02,66,1590.6099722
5390372,1,4,3,2,1,4,1,1,4,1,,,50000000,200000,,2,1,2,1,1,1,1,2,2,2,1,2,2,2,2,2,2,2,1,2,2,1,4,4,2,,1,1,1,4,1,1,2,2,2,,1,1,01,2,02,66,980.0573921
5390373,1,4,3,2,1,1,1,1,4,4,,,,280000,,2,1,2,1,1,1,1,2,2,2,1,2,1,2,2,2,2,2,1,2,2,1,2,4,2,,1,1,1,4,1,2,2,2,1,1,1,1,01,2,02,66,980.0573921
5390374,1,5,1,2,1,4,1,1,4,1,,,60000000,300000,,2,1,1,1,1,1,1,2,2,2,1,2,1,2,2,2,2,2,1,2,2,1,2,2,2,,1,1,1,4,1,1,2,2,2,,1,1,01,2,02,66,1378.0900756
5390375,1,6,3,2,1,1,1,1,4,4,,,,300000,,2,1,2,1,1,1,1,2,2,2,1,2,1,1,2,2,2,2,1,2,2,1,6,6,1,3,1,1,1,4,1,2,2,2,1,2,1,1,01,2,02,66,1581.9290531
5390376,1,1,1,2,1,4,1,6,,4,,,,100000,,2,1,2,2,2,2,2,2,2,2,1,2,2,2,2,2,2,2,2,2,2,1,1,1,2,,1,1,1,2,1,2,2,2,2,,1,1,01,2,02,66,1138.7284661
5390377,1,3,2,2,1,4,1,1,4,4,,,,150000,,2,1,2,1,1,1,1,2,2,2,1,2,1,2,2,2,2,1,1,2,2,1,1,4,2,,1,1,1,4,1,2,2,2,2,,1,1,01,2,02,66,2957.2016627
5390378,1,6,2,2,1,1,6,1,3,1,,,5000000,600000,,2,2,1,1,1,1,1,2,2,1,1,2,1,1,2,2,2,2,2,2,2,1,2,2,1,3,1,1,1,4,1,2,1,1,1,2,1,2,01,2,02,66,1740.0923572
5390379,1,3,1,2,1,4,1,1,4,1,,,65000000,250000,,2,1,1,1,1,1,1,1,1,1,1,2,2,2,2,2,2,2,1,2,2,1,1,2,2,,1,1,1,4,1,2,2,2,2,,1,1,01,2,02,66,926.20856952
5390380,1,5,2,2,1,4,2,1,3,4,,,,300000,,2,1,1,1,1,1,1,2,2,1,1,2,1,2,2,2,2,2,1,2,2,1,2,3,2,,1,1,1,4,1,2,1,2,2,,2,,01,2,02,66,2195.8661019
5390381,1,3,2,2,1,4,1,1,4,4,,,,150000,,2,1,2,1,1,1,1,2,2,2,1,2,1,2,2,2,2,2,1,2,2,1,1,4,2,,1,1,1,2,1,1,2,2,2,,1,1,01,2,02,66,2042.4415957
5390382,1,3,1,2,1,4,1,1,4,4,,,,200000,,2,1,2,2,1,2,1,2,2,2,1,2,2,2,2,2,2,2,2,2,2,1,1,2,2,,1,1,1,2,1,2,2,2,2,,1,1,01,2,02,66,739.30041567
5390383,1,2,1,2,1,4,1,1,4,4,,,,120000,,2,1,2,2,1,1,1,2,2,2,1,2,2,2,2,2,2,2,1,2,2,1,1,2,2,,1,1,2,2,1,2,2,2,2,,1,1,01,2,02,66,983.99951333
5390384,1,3,1,2,1,2,1,1,4,4,,,,200000,,2,1,2,1,1,1,2,2,2,2,1,1,2,2,2,2,2,1,2,2,2,1,2,2,2,,1,1,1,2,1,1,2,2,2,,1,1,01,2,02,66,926.20856952
5390449,1,4,3,2,1,4,1,1,4,1,,,45000000,250000,,2,1,2,1,1,1,1,2,2,2,1,2,1,2,2,2,2,1,1,2,2,1,3,4,2,,1,1,1,4,1,2,2,2,2,,1,1,01,2,02,66,1179.0277464
5390450,1,4,2,2,1,4,6,1,5,4,,,,99,,2,1,2,2,1,1,1,2,2,2,1,2,2,2,2,2,2,2,2,2,2,1,2,5,2,,1,1,5,2,1,1,2,2,2,,2,,01,2,02,66,949.35225835
5390451,1,3,2,2,1,4,1,1,4,4,,,,90000,,2,1,2,1,1,1,1,2,2,2,1,2,2,2,2,2,2,2,1,2,2,1,1,4,2,,1,1,1,2,1,1,2,2,2,,1,1,01,2,02,66,1590.3191826
5390452,1,4,2,2,1,4,1,1,4,1,,,30000000,80000,,2,1,2,2,1,1,1,2,2,2,1,2,2,2,2,2,2,2,1,2,2,1,1,2,2,,1,1,4,3,1,1,2,2,2,,1,1,01,2,02,66,1051.2162528
5390453,1,2,1,2,1,4,1,1,4,4,,,,60000,,2,1,2,2,1,2,1,2,2,2,1,2,2,2,2,2,2,2,2,2,2,1,1,1,1,1,1,1,4,2,1,1,2,2,2,,1,1,01,2,02,66,1113.780287
5390454,1,3,1,2,1,4,1,1,4,1,,,40000000,150000,,2,1,2,2,1,1,1,2,2,2,1,2,1,2,2,2,2,2,1,2,2,1,1,1,2,,1,1,1,2,1,1,2,2,2,,1,1,01,2,02,66,957.07514065
5390455,1,4,1,2,1,4,2,1,5,4,,,,120000,,2,1,2,2,2,1,1,2,2,2,1,2,2,2,2,2,2,2,2,2,2,1,1,1,2,,1,1,2,3,1,1,2,2,2,,2,,01,2,02,66,957.07514065
5390456,1,2,1,2,1,4,1,1,4,3,,,,,100000,2,1,2,1,1,1,1,2,2,2,1,2,2,2,2,2,2,2,2,2,2,1,1,2,2,,1,1,4,2,1,1,2,2,2,,1,1,01,2,02,66,778.45704512
5390457,1,6,3,2,1,4,6,1,5,4,,,,99,,2,1,1,1,1,1,1,1,2,2,1,1,1,2,2,2,2,2,2,2,2,1,4,4,2,,1,1,1,2,1,1,2,2,2,,2,,01,2,02,66,621.36503157
5390458,1,1,1,2,1,4,1,1,4,4,,,,120000,,2,1,2,2,2,2,2,2,2,2,1,2,2,2,2,2,2,2,2,2,2,1,1,2,2,,1,1,1,2,1,1,2,2,2,,1,1,01,2,02,66,1431.0122875
5390459,1,3,2,3,1,4,1,1,4,1,,,60000000,150000,,2,1,2,1,1,1,1,2,2,2,1,2,1,2,2,2,2,2,1,2,2,1,1,4,2,,1,1,1,2,1,1,2,2,2,,1,1,01,2,02,66,775.14378269
5390460,1,1,1,2,1,4,6,6,,4,,,,60000,,2,1,2,2,2,2,2,2,2,2,1,2,2,2,2,2,2,2,2,2,2,1,1,1,2,,1,1,1,6,1,1,2,2,2,,2,,01,2,02,66,1368.3665769
5390461,1,1,1,2,1,4,1,6,,4,,,,80000,,2,1,2,2,2,2,2,2,2,2,1,2,2,2,2,2,2,2,1,2,2,1,1,1,2,,1,1,1,2,1,1,2,2,2,,1,1,01,2,02,66,1336.8711753
5390462,1,3,2,2,1,4,1,1,4,4,,,,100000,,2,1,2,2,1,1,1,2,2,2,1,2,1,2,2,2,2,2,1,2,2,1,1,3,2,,1,1,1,2,1,1,2,2,2,,1,1,01,2,02,66,952.66552077
5390463,1,3,2,2,1,4,1,1,4,1,,,30000000,150000,,2,1,2,1,1,1,1,2,2,2,1,2,2,2,2,2,2,2,1,2,2,1,2,3,2,,1,1,1,3,1,1,2,2,2,,1,1,01,2,02,66,952.66552077
5390464,1,2,1,2,1,4,1,6,,4,,,,50000,,2,1,2,1,2,2,2,2,2,2,1,2,2,2,2,2,2,2,1,2,2,1,1,1,2,,1,1,1,2,1,1,2,2,2,,1,1,01,2,02,66,1336.8711753
5390465,1,3,2,2,1,4,1,1,4,4,,,,150000,,2,1,2,1,1,1,1,2,2,2,1,2,1,2,2,2,2,2,1,2,2,1,3,3,2,,1,1,1,4,1,1,2,2,2,,1,1,01,2,02,66,952.66552077
5390466,1,4,1,2,1,4,2,1,5,4,,,,50000,,2,2,2,2,2,2,1,2,2,2,2,2,2,2,2,2,2,2,2,2,2,1,1,1,2,,1,1,1,2,1,1,2,2,2,,2,,01,2,02,66,957.07514065
5390467,1,3,2,2,1,4,1,1,4,4,,,,150000,,2,1,2,1,1,1,1,2,2,2,1,2,2,2,2,2,2,2,1,2,2,1,1,4,2,,1,1,1,2,1,1,2,2,2,,1,1,01,2,02,66,621.36503157
5390468,1,3,2,2,1,4,1,1,4,1,,,50000000,100000,,2,1,2,1,1,1,1,2,2,2,1,2,1,2,2,2,2,1,1,2,2,1,2,3,2,,1,1,1,2,1,1,2,2,2,,1,1,01,2,02,66,904.09355886
5390469,1,2,2,2,1,4,1,1,4,4,,,,200000,,2,1,2,1,1,1,1,2,2,2,1,1,1,2,2,2,2,1,1,2,2,1,4,4,2,,1,1,1,2,1,1,2,2,2,,1,1,01,2,02,66,823.7157446
5390470,1,4,2,2,1,4,6,1,4,4,,,,200000,,2,1,2,1,1,1,1,2,2,2,1,1,1,2,2,2,2,2,2,2,2,1,1,2,2,,1,1,1,4,1,1,2,2,2,,2,,01,2,02,66,1370.5415567
5390471,1,5,2,2,1,4,1,1,5,1,,,180000000,250000,,2,1,2,1,1,1,1,2,2,1,1,1,1,2,2,2,2,2,2,2,1,1,2,2,2,,1,1,1,4,1,1,2,2,2,,1,1,01,2,02,66,621.36503157
5390472,1,3,2,2,1,4,1,1,5,4,,,,200000,,2,1,2,1,1,1,1,2,2,2,1,2,2,2,2,2,2,2,1,2,2,1,2,4,2,,1,1,1,4,1,1,2,2,2,,1,1,01,2,02,66,2485.4601263
5390473,1,2,1,2,1,4,1,1,4,4,,,,50000,,2,1,2,1,1,1,1,2,2,2,1,2,2,2,2,2,2,2,2,2,2,1,1,1,2,,1,1,1,2,1,1,2,2,2,,1,1,01,2,02,66,957.07514065
5390474,1,2,1,2,1,4,1,1,5,4,,,,100000,,2,2,2,2,1,1,1,2,2,2,1,2,2,2,2,2,2,2,2,2,2,1,1,1,2,,1,1,1,2,1,1,2,2,2,,1,1,01,2,02,66,957.07514065
5390475,1,4,2,2,1,4,1,1,4,1,,,60000000,300000,,2,1,2,1,1,1,1,1,1,1,1,2,1,1,2,2,2,2,1,1,2,1,3,3,2,,1,1,1,4,1,1,2,2,2,,1,1,01,2,02,66,1029.3033036
5390476,1,3,2,2,1,4,1,1,4,1,,,80000000,150000,,2,1,2,1,1,1,1,2,2,2,1,2,1,2,2,2,2,2,1,2,2,1,2,4,2,,1,1,1,4,1,1,2,2,2,,1,1,01,2,02,66,966.73926946
5390477,1,2,1,2,1,4,1,1,4,4,,,,50000,,2,1,2,1,1,1,1,2,2,2,1,2,2,2,2,2,2,2,1,2,2,1,2,2,2,,1,1,1,2,1,1,2,2,2,,1,1,01,2,02,66,858.5244086
5390478,1,6,5,2,1,4,1,1,4,1,,,80000000,300000,,2,1,2,1,1,1,1,1,2,1,1,2,1,2,2,2,2,1,1,1,2,1,3,6,2,,1,1,1,4,1,1,2,2,2,,1,1,01,2,02,66,1256.0427161
5390479,1,3,3,2,1,4,1,1,5,4,,,,100000,,2,2,2,2,1,1,1,2,2,2,1,2,2,2,2,2,2,2,2,2,2,1,5,5,2,,1,1,1,2,1,2,2,2,2,,1,1,01,2,02,66,694.76596843
5390480,1,2,2,2,1,4,1,1,4,4,,,,200000,,2,1,2,1,1,1,1,2,2,2,1,2,2,2,2,2,2,2,1,2,2,1,2,3,2,,1,1,1,4,1,1,2,2,2,,1,1,01,2,02,66,1464.6826689
5390481,1,4,2,2,1,4,1,1,5,1,,,99,500000,,2,1,2,1,1,1,1,2,2,1,1,1,1,2,2,2,2,2,1,2,1,1,2,2,2,,1,1,1,4,1,2,2,2,1,1,1,1,01,2,02,66,827.02900703
5390515,1,3,1,3,1,4,1,1,4,4,,,,200000,,2,1,2,1,1,1,1,2,2,2,1,2,1,2,2,2,2,2,1,2,2,1,1,2,2,,1,1,1,2,1,1,2,2,2,,1,1,01,2,02,66,827.02900703
5390516,1,2,1,2,1,4,6,1,4,1,,,40000000,99,,2,1,2,1,1,1,1,2,2,2,1,2,2,2,2,2,2,2,2,2,1,1,1,1,2,,1,1,4,1,1,1,2,2,2,,2,,01,2,02,66,957.07514065
5390517,1,3,2,2,1,4,1,1,4,1,,,35000000,100000,,2,1,2,1,1,1,1,1,1,2,1,2,1,1,2,2,2,2,1,2,2,1,2,3,2,,1,1,5,2,1,1,2,2,2,,1,1,01,2,02,66,952.66552077
5390518,1,2,1,3,1,4,1,6,,4,,,,100000,,2,1,2,2,2,2,2,2,2,2,1,2,2,2,2,2,2,2,1,2,2,1,1,1,2,,1,1,1,2,1,1,2,2,2,,1,1,01,2,02,66,1368.3665769
5390519,1,3,2,3,1,4,1,1,4,4,,,,150000,,2,1,2,1,1,1,1,2,2,2,1,2,1,2,2,2,2,2,2,2,2,1,2,3,2,,1,1,1,4,1,1,2,2,2,,1,1,01,2,02,66,1742.2286834
5390520,1,4,3,2,1,4,1,1,4,1,,,120000000,350000,,2,1,2,1,1,1,1,2,2,2,1,2,1,2,2,2,2,2,2,1,2,1,1,3,2,,1,1,1,4,1,1,2,2,2,,1,1,01,2,02,66,1252.3941919
5390521,1,5,2,2,1,4,6,1,4,1,,,99,200000,,2,1,2,1,1,1,1,1,2,2,2,2,2,2,2,2,2,2,2,2,1,1,2,2,2,,1,1,4,2,1,1,2,2,2,,2,,01,2,02,66,778.45704512
5390522,1,3,3,2,1,4,1,1,4,4,,,,150000,,2,1,2,1,1,1,1,2,2,2,1,2,2,2,2,2,2,2,1,2,2,1,2,4,2,,1,1,1,2,1,1,2,2,2,,1,1,01,2,02,66,1078.3020345
5390524,1,4,2,2,1,4,2,1,5,4,,,,100000,,2,1,2,1,1,1,1,2,2,2,1,1,2,2,2,2,2,2,2,2,2,1,3,4,2,,1,1,1,4,1,1,2,2,2,,2,,01,2,02,66,1613.2789072
5390525,1,4,1,2,1,4,2,1,4,4,,,,150000,,2,2,2,1,1,1,1,2,2,2,1,1,2,2,2,2,2,2,1,2,2,1,2,2,2,,1,1,1,2,1,1,2,2,2,,2,,01,2,02,66,827.02900703
5390527,1,3,2,2,1,4,1,1,4,4,,,,120000,,2,1,2,1,1,1,1,2,2,2,1,1,1,2,2,2,2,1,1,2,2,1,1,3,2,,1,1,1,2,1,1,2,2,2,,1,1,01,2,02,66,1773.724085
5390528,1,4,2,2,1,4,2,1,5,1,,,99,250000,,2,1,2,1,1,1,1,1,2,2,1,2,1,2,2,2,2,2,2,2,1,1,3,5,2,,1,1,1,4,1,1,2,2,2,,2,,01,2,02,66,1429.8740049
5390529,1,4,2,2,1,4,2,1,4,1,,,25000000,150000,,2,1,2,1,1,1,1,2,1,2,1,1,1,2,2,2,2,1,1,2,2,1,2,4,2,,1,1,1,2,1,1,2,2,2,,1,1,01,2,02,66,775.14378269
5390530,1,4,2,2,1,4,2,1,5,4,,,,150000,,2,2,2,2,1,1,1,2,2,2,1,1,2,2,2,2,2,2,2,2,2,1,2,3,2,,1,1,1,3,1,1,2,2,2,,2,,01,2,02,66,698.07923086
5390531,1,3,1,2,1,4,2,1,4,4,,,,150000,,2,2,2,2,1,1,1,1,2,2,1,1,2,2,2,2,2,2,1,2,2,1,1,1,2,,1,1,1,3,1,1,2,2,2,,2,,01,2,02,66,1336.8711753
5390532,1,3,2,2,1,4,2,1,4,4,,,,300000,,2,1,2,1,1,1,1,1,2,2,1,2,1,2,2,2,2,2,2,2,2,1,1,1,2,,1,1,1,2,1,1,2,2,2,,2,,01,2,02,66,1064.1119676
5390533,1,1,1,2,1,4,6,6,,4,,,,60000,,2,1,2,2,2,2,2,2,2,2,2,2,2,2,2,2,2,2,2,2,2,1,1,1,2,,1,1,1,2,1,1,2,2,2,,2,,01,2,02,66,957.07514065
5390535,1,3,2,2,1,4,1,1,5,4,,,,150000,,2,1,2,1,1,1,1,2,2,2,1,2,2,2,2,2,2,1,2,2,2,1,2,2,2,,1,1,1,4,1,2,2,2,2,,1,1,01,2,02,66,1158.2530798
5390536,1,1,1,3,1,4,1,6,,4,,,,60000,,2,1,2,2,2,2,2,2,2,2,1,2,2,2,2,2,2,2,2,2,2,1,1,1,2,,1,1,1,2,1,1,2,2,2,,1,1,01,2,02,66,1336.8711753
5390537,1,2,2,3,1,4,1,6,,4,,,,50000,,2,1,2,2,2,2,2,2,2,2,1,2,2,2,2,2,2,2,2,2,2,1,2,2,2,,1,1,1,2,1,1,2,2,2,,1,1,01,2,02,66,1494.0030906
5390538,1,2,1,3,1,4,1,6,,4,,,,70000,,2,1,2,2,2,2,2,2,2,2,2,2,2,2,2,2,2,2,2,2,2,1,1,1,2,,1,1,4,3,1,1,2,2,2,,1,1,01,2,02,66,1336.8711753
5390539,1,3,2,2,1,1,1,1,4,1,,,60000000,250000,,2,1,2,1,1,1,1,2,2,2,1,2,2,2,2,2,2,2,1,2,2,1,2,3,2,,1,1,1,4,1,2,2,2,1,1,1,1,01,2,02,66,1464.6826689
5390540,1,1,1,2,1,4,6,6,,4,,,,50000,,2,1,2,2,2,2,2,2,2,2,1,2,2,2,2,2,2,2,2,2,2,2,,1,2,,1,1,1,2,1,1,2,2,2,,2,,01,2,02,66,1336.8711753
5390541,1,4,2,2,1,1,1,1,4,1,,,3000000,50000,,2,1,2,1,1,1,1,2,2,2,1,2,1,2,2,2,2,1,2,2,2,1,2,2,2,,1,1,1,4,1,1,2,2,1,1,1,1,01,2,02,66,1158.2530798
5390542,1,5,3,2,1,3,6,1,4,4,,,,500000,,2,1,1,1,1,1,1,2,2,1,1,2,2,1,2,2,2,2,2,1,2,1,3,3,2,,1,1,1,2,1,1,2,2,2,,2,,01,2,02,73,739.30041567
5390543,1,4,3,2,1,1,6,1,4,1,,,250000000,1200000,,2,1,1,1,1,1,1,2,2,1,1,2,2,1,2,2,1,2,2,1,2,1,4,4,2,,1,1,1,4,1,2,2,2,1,2,2,,01,2,02,73,1282.9642832
5390544,1,4,1,2,1,1,6,1,5,4,,,,400000,,2,2,2,2,1,1,2,2,2,2,1,2,1,2,2,2,2,2,2,2,2,1,1,1,2,,1,1,4,2,1,2,2,2,1,2,2,,01,2,02,73,1138.7284661
5390545,1,4,1,3,1,3,6,1,4,2,,300000,30000000,200000,,2,2,2,2,2,2,1,2,2,2,1,2,2,2,2,2,2,2,2,2,2,1,1,1,2,,1,1,1,2,1,1,2,2,2,,2,,01,2,02,73,1138.7284661
5390549,1,3,2,2,1,4,6,1,5,4,,,,50000,,2,2,2,2,1,1,2,2,2,2,1,1,1,2,2,2,2,2,2,2,2,1,3,4,2,,1,1,4,1,1,9,2,2,2,,2,,01,2,02,73,1589.255643
5390550,1,3,2,2,1,1,6,1,4,4,,,,300000,,2,2,2,2,1,1,1,2,2,2,1,2,2,2,2,2,2,2,2,2,2,1,1,4,2,,1,1,1,2,1,1,2,2,1,2,2,,01,2,02,73,739.30041567
5390551,1,3,2,2,1,2,6,1,4,4,,,,800000,,2,2,1,1,1,1,1,2,2,2,1,2,2,1,2,2,2,2,2,1,2,1,1,1,2,,1,1,1,2,1,2,2,2,1,2,2,,01,2,02,73,1590.6099722
5390552,1,3,2,2,1,4,6,1,5,4,,,,200000,,2,2,1,2,1,2,2,2,2,2,1,2,1,2,2,2,2,2,2,2,2,1,3,5,2,,1,1,4,1,1,2,2,2,2,,2,,01,2,02,73,1882.5145515
5390553,1,3,3,2,1,1,6,1,4,1,,,99,1000000,,2,2,1,1,1,1,1,2,2,2,1,2,1,1,2,2,2,1,2,2,2,1,2,2,2,,1,1,1,4,1,2,2,2,1,2,2,,01,2,02,73,739.30041567
5390554,1,2,1,2,1,1,6,1,4,4,,,,200000,,2,2,2,1,1,1,1,2,2,2,1,2,2,2,2,2,2,2,2,2,2,1,1,2,2,,1,1,1,2,1,1,2,2,1,2,2,,01,2,02,73,739.30041567
5390555,1,2,1,3,1,4,6,1,4,1,,,15000000,120000,,2,2,1,2,1,1,1,2,2,2,1,2,1,2,2,2,1,2,2,2,2,1,1,1,2,,1,1,1,1,1,2,2,2,2,,2,,01,2,02,73,1138.7284661
5390601,1,3,2,3,1,4,1,5,5,2,,300000,15000000,100000,,2,2,2,2,1,1,2,2,2,2,1,2,2,2,2,2,2,2,2,2,2,1,1,2,2,,1,1,1,2,1,2,2,2,2,,1,1,01,2,02,73,1372.015171
5390602,1,3,2,3,1,4,1,1,5,4,,,,50000,,2,2,2,2,1,1,2,2,2,2,2,2,2,2,2,2,2,2,2,2,2,1,2,3,2,,1,1,4,2,1,1,2,2,2,,1,2,01,2,02,73,2395.5015898
5390603,1,2,1,6,,4,1,5,5,4,,,,50000,,2,2,2,2,2,2,2,2,2,2,2,2,2,2,2,2,2,2,2,2,2,2,,1,2,,1,1,4,2,2,,2,2,2,,1,2,01,2,02,73,2113.2853412
5390605,1,3,2,2,1,3,1,1,4,1,,,20000000,100000,,2,2,2,2,1,1,1,2,2,2,1,2,2,2,2,2,2,2,2,2,2,1,2,3,2,,1,1,1,2,1,1,2,2,2,,1,1,01,2,02,73,1372.015171
5390606,1,3,2,2,1,4,1,1,5,4,,,,80000,,2,2,2,2,2,1,2,2,2,2,2,2,2,2,2,2,2,2,2,2,2,1,1,4,2,,1,1,1,2,1,1,2,2,2,,1,2,01,2,02,73,4642.0979517
5390607,1,3,1,3,1,3,1,1,4,4,,,,150000,,2,2,2,2,2,1,1,2,2,2,1,2,2,2,2,2,2,2,2,2,2,1,1,1,2,,1,1,4,2,1,1,2,2,2,,1,2,01,2,02,73,2951.9001569
5390608,1,3,2,2,1,4,6,1,5,3,,,,,200000,2,2,2,2,1,1,2,2,2,2,2,2,2,2,2,2,2,2,1,2,2,1,2,3,2,,1,1,1,2,1,1,2,2,2,,2,,01,2,02,73,4687.9920457
5390609,1,3,1,2,1,4,1,1,5,4,,,,100000,,2,2,1,2,1,1,2,2,2,2,1,2,1,2,2,2,2,2,2,2,2,1,2,3,2,,1,1,1,2,1,1,2,2,2,,1,2,01,2,02,73,4075.1520511
5390611,1,3,1,2,1,3,1,1,4,1,,,99,100000,,2,2,2,1,1,1,1,2,2,2,1,2,1,2,2,2,2,2,2,2,2,1,1,1,2,,1,1,1,2,1,1,2,2,2,,1,1,01,2,02,73,2349.6297491
5390612,1,2,1,2,1,4,1,3,4,3,,,,,60000,2,2,2,2,2,1,1,2,2,2,1,2,2,2,2,2,2,2,2,2,2,1,1,1,2,,1,1,1,2,1,1,2,2,2,,1,2,01,2,02,73,2113.2853412
5390613,1,3,3,2,1,3,1,5,5,4,,,,80000,,2,2,2,2,1,1,2,2,2,2,1,2,2,2,2,2,2,2,2,2,2,1,2,7,2,,1,1,4,1,1,2,2,2,2,,1,1,01,2,02,73,3963.910041
5390614,1,3,1,3,1,4,1,1,5,1,,,10000000,50000,,2,2,2,1,2,1,2,2,2,2,1,2,2,2,2,2,2,2,2,2,2,1,2,2,2,,1,1,3,2,1,1,2,2,2,,1,2,01,2,02,73,1718.8847483
5390615,1,3,2,2,1,4,1,1,4,1,,,99,50000,,2,2,2,2,1,1,1,2,2,2,1,2,1,2,2,2,2,2,2,2,2,1,2,3,2,,1,1,1,2,1,1,2,2,2,,1,1,01,2,02,73,2834.913313
5390616,1,4,2,2,1,4,1,1,5,1,,,15000000,50000,,2,2,2,2,1,1,1,2,2,2,1,1,1,2,2,2,2,2,2,2,2,1,3,4,2,,1,1,1,2,1,1,2,2,2,,1,2,01,2,02,73,1818.8189563
5390617,1,3,3,3,1,4,1,1,5,1,,,6000000,100000,,2,1,2,2,1,1,2,2,2,2,2,2,2,2,2,2,2,2,2,2,2,1,2,5,2,,1,1,4,2,1,9,2,2,2,,1,2,01,2,02,73,3226.8005025
5390620,1,5,5,3,1,3,1,5,5,4,,,,60000,,2,2,2,2,1,1,1,2,2,2,1,2,2,2,2,2,2,1,1,2,2,1,2,6,2,,1,1,1,1,1,2,2,2,2,,1,1,01,2,02,73,1372.015171
5390622,1,2,1,2,1,4,1,3,4,1,,,12000000,100000,,2,2,2,2,1,1,1,2,2,2,1,2,2,2,2,2,2,2,2,2,2,1,1,1,2,,1,1,1,2,1,1,2,2,2,,1,2,01,2,02,73,2113.2853412
5390623,1,3,2,3,1,4,1,1,4,1,,,99,100000,,2,2,2,1,1,1,1,2,2,2,1,2,1,2,2,2,2,2,1,2,2,1,2,2,2,,1,1,1,2,1,1,2,2,2,,1,1,01,2,02,73,2390.6990902
5390624,1,3,2,3,1,4,1,5,5,1,,,7000000,30000,,2,2,2,2,1,1,2,2,2,2,1,2,2,2,2,2,2,2,2,2,2,1,1,7,2,,1,1,1,1,1,2,2,2,2,,1,1,01,2,02,73,5488.060684
5390625,1,3,2,3,1,3,1,5,5,2,,300000,8000000,60000,,2,2,2,2,2,2,2,2,2,2,2,2,2,2,2,2,2,2,2,2,2,1,1,5,2,,1,1,4,1,1,2,2,2,2,,1,1,01,2,02,73,4013.7737808
5390626,1,3,1,2,1,4,6,1,4,1,,,98,99,,2,2,2,1,1,1,1,2,2,2,1,2,1,2,2,2,2,2,2,2,1,1,1,1,2,,1,1,4,2,1,2,2,2,2,,2,,01,2,02,73,2951.9001569
5390627,1,4,3,2,1,3,5,1,5,4,,,,100000,,2,1,1,1,1,2,1,2,2,2,1,2,1,2,2,2,2,2,2,2,2,1,4,6,2,,1,1,1,2,1,2,2,2,2,,2,,01,2,02,73,2796.7019871
5390629,1,1,1,2,1,4,6,5,4,1,,,2000000,50000,,2,1,2,2,1,1,1,2,2,2,1,2,2,2,2,2,1,2,1,2,2,1,2,4,2,,1,1,7,1,1,1,2,2,2,,2,,01,2,02,73,2590.3106678
5390630,1,2,2,2,1,4,5,1,4,3,,,,,400000,2,2,2,2,1,1,1,2,2,2,1,2,1,2,2,2,2,2,2,2,2,1,2,3,2,,1,1,1,2,1,2,2,2,2,,2,,01,2,02,73,3008.3415843
5390631,1,5,4,2,1,4,6,1,5,4,,,,200000,,2,2,1,1,1,1,2,2,2,2,1,2,2,2,2,2,2,2,2,2,2,1,4,9,2,,1,1,4,2,1,2,2,2,2,,2,,01,2,02,73,1519.4574982
5390632,1,3,2,3,1,4,6,5,5,1,,,8000000,50000,,2,2,2,2,1,2,2,2,2,2,2,2,2,2,2,2,2,2,2,2,2,1,1,2,2,,1,1,4,1,1,1,2,2,2,,2,,01,2,02,73,1955.2291561
5390634,1,2,2,3,1,3,6,5,5,1,,,7000000,50000,,2,2,2,2,2,2,2,2,2,2,1,2,2,2,2,2,2,2,2,2,2,2,,4,2,,1,1,4,1,1,1,2,2,2,,2,,01,2,02,73,1372.015171
5390635,1,2,1,3,1,3,6,1,5,4,,,,300000,,2,1,2,2,1,2,2,2,2,2,1,2,2,2,2,2,2,2,1,2,2,1,2,5,2,,1,1,4,2,1,2,2,2,2,,2,,01,2,02,73,5488.060684
5390637,1,4,3,3,1,4,6,1,5,1,,,98,98,,2,2,2,2,1,1,2,2,2,2,1,2,2,2,2,2,2,1,2,2,2,1,1,4,2,,1,1,4,1,1,1,2,2,2,,2,,01,2,02,73,1372.015171
5390638,1,4,3,2,1,3,6,1,5,4,,,,8000000,,2,2,2,2,1,1,1,2,2,2,2,2,2,2,2,2,2,2,2,2,2,1,1,2,2,,1,1,4,2,1,2,2,2,2,,2,,01,2,02,73,2321.1551561
5390639,1,4,1,2,1,4,6,5,5,4,,,,50000,,2,2,2,2,1,1,2,2,2,2,1,2,1,2,2,2,1,2,2,2,2,1,1,2,2,,1,1,4,1,1,1,2,2,2,,2,,01,2,02,73,2557.499564
5390640,1,4,3,3,1,4,6,1,5,1,,,9000000,100000,,2,2,1,2,1,1,1,2,2,2,1,2,2,2,2,2,2,2,2,2,2,1,1,4,2,,1,1,4,2,1,2,2,2,2,,2,,01,2,02,73,1372.015171
5390641,1,1,1,3,1,4,6,2,4,1,,,5000000,120000,,2,2,1,2,1,1,1,2,2,2,1,1,2,2,2,2,2,2,2,2,2,1,1,1,2,,1,1,4,1,1,2,2,2,2,,2,,01,2,02,73,2951.9001569
5390643,1,7,5,2,1,4,6,1,4,1,,,99,99,,2,1,1,1,1,1,1,2,2,2,1,2,2,2,2,2,2,1,1,1,2,1,6,7,2,,1,1,1,2,1,2,2,2,2,,2,,01,2,02,73,1372.015171
5390644,1,2,1,2,1,4,6,1,5,1,,,10000000,50000,,2,2,2,2,1,1,2,2,2,2,1,2,2,2,2,2,2,2,2,1,2,1,2,6,2,,1,1,4,2,1,1,2,2,2,,2,,01,2,02,73,2992.767444
5390671,1,3,1,1,1,1,1,1,5,3,,,,,80000,2,2,2,2,1,1,1,2,2,2,1,2,1,2,2,2,2,2,2,2,2,1,2,2,2,,1,1,1,2,1,1,2,1,1,2,1,1,01,2,02,76,4196.4269823
5390672,1,3,2,1,1,1,1,1,4,1,,,15000000,100000,,2,1,1,1,1,1,1,2,2,2,1,2,1,2,2,2,2,2,2,2,2,1,1,4,2,,1,1,1,2,1,1,2,1,1,2,1,1,01,2,02,76,2724.159716
5390673,1,4,2,1,1,1,1,1,4,1,,,10000000,80000,,2,1,2,2,1,1,1,2,2,2,1,2,2,2,2,2,2,2,2,1,2,1,2,5,2,,1,1,4,3,1,1,2,1,1,2,1,1,01,2,02,76,4102.4690403
5390674,1,3,1,1,1,1,1,1,4,3,,,,,40000,2,2,2,2,2,2,1,2,2,2,1,2,2,2,2,2,2,2,1,2,2,1,1,2,2,,1,1,5,2,1,1,2,1,1,2,1,1,01,2,02,76,5761.5246673
5390675,1,2,1,1,1,1,1,5,4,1,,,15000000,50000,,2,1,2,2,2,2,1,2,2,2,1,2,2,2,2,2,2,2,2,2,2,1,1,1,2,,1,1,1,4,1,1,1,1,1,2,1,1,01,2,02,76,6749.9053632
5390676,1,3,1,1,1,1,1,1,4,1,,,9000000,100000,,2,2,2,2,1,1,1,2,2,2,1,2,1,2,2,2,2,2,2,2,2,1,1,1,1,1,1,1,4,3,1,2,2,1,1,2,1,1,01,2,02,76,2329.7170567
5390677,1,3,1,2,1,1,1,1,1,1,,,98,150000,,2,2,2,1,1,1,1,2,2,2,1,2,2,2,2,2,2,2,2,2,2,1,1,2,2,,1,1,1,2,1,1,2,2,1,2,1,1,01,2,02,76,5100.3606823
5390691,1,4,3,3,1,1,1,1,3,1,,,98,300000,,2,2,1,2,1,1,1,2,2,2,1,2,1,2,2,2,2,1,2,2,2,1,2,6,2,,1,1,1,4,1,2,1,2,1,2,1,1,01,2,02,76,1069.1858077
5392379,1,5,4,2,1,4,4,5,5,4,,,,300000,,2,2,2,2,2,1,2,2,2,2,1,2,2,2,2,2,1,2,2,2,2,1,2,6,2,,1,1,1,4,1,0,2,2,2,,2,,01,2,02,13,2034.9651136
5392380,1,3,2,2,1,4,3,5,5,4,,,,100000,,2,2,2,2,2,2,2,2,2,2,2,2,2,2,2,2,2,1,2,2,2,1,2,5,2,,1,1,4,2,2,,2,2,2,,2,,01,2,02,13,2900.9611302
5392381,1,2,1,2,1,4,4,4,4,4,,,,150000,,2,2,2,2,2,1,1,2,2,2,1,2,2,2,2,2,1,2,2,2,2,1,3,4,2,,1,1,1,2,1,9,2,2,2,,2,,01,2,02,13,1723.4263412
5392382,1,4,2,2,1,4,4,1,4,4,,,,300000,,2,2,2,1,1,1,1,2,2,2,1,2,2,2,2,2,1,2,2,2,2,1,2,3,2,,1,1,1,2,1,0,2,2,2,,2,,01,2,02,13,1136.9837989
5392383,1,2,1,2,1,3,6,1,5,4,,,,150000,,2,2,2,2,2,2,2,2,2,2,1,2,2,2,2,2,1,2,2,2,2,1,1,2,2,,1,1,1,2,1,0,2,2,2,,2,,01,2,02,13,2186.8536451
5392384,1,2,1,2,1,4,4,5,5,4,,,,100000,,2,2,2,2,1,2,2,2,2,2,1,2,2,2,2,2,1,2,1,2,2,1,2,3,2,,1,1,1,4,1,0,2,2,2,,2,,01,2,02,13,1147.8224895
5392385,1,3,2,3,1,4,1,5,5,4,,,,100000,,2,2,2,2,2,2,2,2,2,2,2,2,2,2,2,2,1,2,2,2,2,1,1,4,2,,1,1,1,2,1,0,2,2,2,,1,2,01,2,02,13,1849.764334
5392430,1,5,3,3,1,1,1,1,4,1,,,98,100000,,2,2,2,2,1,2,1,2,2,1,1,2,2,2,2,2,2,2,1,2,2,1,2,3,2,,1,1,1,4,1,2,2,2,1,2,1,2,01,2,02,05,1038.2177104
5392456,1,3,2,2,1,4,1,1,5,1,,,12000000,150000,,2,2,2,2,2,1,2,2,2,2,1,1,2,2,2,2,2,1,1,2,2,1,3,3,2,,1,1,4,3,1,1,2,2,2,,1,1,01,2,02,41,810.09207738
5392459,1,2,1,6,,4,2,5,5,4,,,,100000,,2,2,2,2,2,2,2,2,2,2,2,2,2,2,2,2,2,2,2,2,2,1,2,3,2,,1,1,7,1,2,,2,2,2,,2,,01,2,02,44,1625.8248748
5392461,1,4,3,2,1,4,1,1,4,4,,,,160000,,2,1,2,1,1,1,1,2,2,2,1,2,1,2,2,2,2,2,1,2,2,1,1,5,2,,1,1,1,2,1,1,2,2,2,,1,1,01,2,02,66,1461.3694064
5392462,1,3,2,2,1,4,6,1,4,1,,,99,150000,,2,1,2,1,1,1,1,1,2,2,2,2,2,2,2,2,2,2,1,2,2,1,3,3,2,,1,1,1,2,1,1,2,2,2,,2,,01,2,02,66,2485.4601263
5392463,1,3,1,2,1,4,2,1,5,1,,,20000000,180000,,2,1,2,1,1,1,1,1,2,2,1,1,2,2,2,2,2,2,2,2,2,1,2,6,2,,1,1,1,2,1,1,2,2,2,,2,,01,2,02,66,621.36503157
5392464,1,3,2,2,1,4,1,1,4,4,,,,200000,,2,1,2,1,1,1,1,2,2,2,1,2,1,2,2,2,2,1,1,2,2,1,2,4,2,,1,1,1,4,1,1,2,2,2,,1,1,01,2,02,66,1078.3020345
5392468,1,5,2,2,1,4,9,5,5,4,,,,150000,,2,2,2,1,2,2,2,2,2,2,2,2,2,2,2,2,1,2,2,2,2,1,2,5,2,,1,1,1,2,1,1,2,2,2,,2,,01,2,02,70,2328.1508772
5392470,1,5,4,2,1,4,1,1,4,3,,,,,300000,2,1,1,1,1,1,1,2,2,1,1,2,2,2,2,2,2,2,2,2,2,1,2,6,2,,1,1,1,4,1,2,2,2,2,,1,1,01,2,02,15,10247.949707
5392476,1,4,3,2,1,1,1,1,4,2,,745000,98,300000,,2,1,1,2,1,1,2,2,2,2,1,2,1,2,2,2,1,2,2,2,2,1,2,4,2,,1,1,1,2,1,1,2,2,1,3,1,1,01,2,02,20,4012.7691433
5392508,1,4,2,2,1,3,6,1,5,1,,,25000000,80000,,2,1,2,2,1,1,1,2,2,2,1,2,2,2,2,2,2,2,2,2,2,1,2,5,2,,1,1,1,2,1,2,2,2,2,,2,,01,2,02,25,3661.8801028
5392512,1,4,2,2,1,1,8,1,4,5,,,,300000,,2,2,2,2,1,1,1,1,2,1,1,2,1,2,2,2,2,1,2,2,2,1,2,2,2,,1,1,1,2,1,1,2,2,1,2,2,,01,2,02,25,5056.635477
5392516,1,6,3,2,1,4,8,1,4,1,,,100000000,1000000,,2,1,1,1,1,1,1,1,1,2,1,1,1,1,2,2,2,1,2,1,2,1,5,5,2,,1,1,1,4,1,2,2,2,2,,2,,01,2,02,25,2044.3778786
5392517,1,3,2,2,1,4,8,1,4,1,,,98,98,,2,2,2,1,1,1,1,2,2,1,1,2,2,2,2,2,2,2,2,1,2,1,2,2,2,,1,1,1,4,1,2,2,2,2,,2,,01,2,02,25,2766.0468843
5392518,1,3,2,2,1,1,1,1,4,1,,,16000000,200000,,2,1,2,1,1,1,1,2,2,2,1,2,2,2,2,2,2,2,2,2,2,2,,3,2,,1,1,1,2,1,1,2,2,1,1,1,2,01,2,02,27,1319.3479373
5392519,1,1,1,6,,4,2,5,5,1,,,2000000,100000,,2,2,2,2,2,2,2,2,2,2,2,2,2,2,2,2,2,2,2,2,2,2,,4,1,4,1,5,5,3,2,,2,2,2,,2,,01,2,02,27,1599.9527748
5392537,1,1,1,2,1,1,1,5,4,3,,,,,150000,2,1,2,1,1,1,1,2,2,2,1,2,2,2,2,2,1,1,2,2,2,1,1,4,2,,1,4,1,2,1,1,1,2,1,1,1,2,01,2,02,44,1213.3267789
5392538,1,2,1,6,,4,8,5,5,5,,,,80000,,2,2,2,2,2,2,2,2,2,2,2,2,2,2,2,2,2,2,2,2,2,1,1,1,2,,1,1,4,2,1,1,2,2,2,,2,,01,2,02,44,1611.2497935
5392539,1,2,2,6,,4,8,5,5,5,,,,60000,,2,2,2,2,1,1,2,2,2,2,1,2,2,2,2,2,2,2,2,2,2,1,2,7,2,,1,1,4,2,1,1,2,2,2,,2,,01,2,02,44,2491.9259281
