DIRECTORIO,SECUENCIA_P,ORDEN,HOGAR,REGIS,AREA,P7430,P7450,P7450S1,P7452,P7454,P7456,P7458,P7458S1,P7460,P7470,P7472,P7472S1,P744,P1884,P1807,P6921,INI,MES,p7440,DPTO,fex_c_2011
5367062,1,1,1,80,05,1,3,,2,,,9,,2,,2,,2,,908000,2,1,02,3,05,1062.9350654
5367063,1,1,1,80,05,1,4,,2,,,4,,2,,2,,,,,2,1,02,3,05,1157.1889824
5367064,1,2,1,80,05,2,,,,1,1,2,,2,,2,,,,,2,1,02,,05,1307.2338945
5367064,1,7,1,80,05,2,,,,2,,,.,2,,2,,1,48,908000,2,1,02,,05,1307.2338945
5367064,1,8,1,80,05,2,,,,2,,,.,,,2,,,,,,1,02,,05,1307.2338945
5367066,1,1,1,80,05,1,5,,2,,,10,,3,,2,,,,,3,1,02,4,05,1069.9291557
5367067,1,3,1,80,05,1,2,,2,,,2,,2,,1,100000,,,,2,1,02,1.2,05,1092.0650058
5367070,1,2,1,80,05,1,1,,1,,4,5,,2,,2,,1,48,908526,2,1,02,4,05,1056.6532338
5367072,1,2,1,80,05,1,3,,2,,,9,,2,,2,,,,,2,1,02,4,05,965.34225134
5367072,1,3,1,80,05,2,,,,2,,,.,2,,2,,,,,2,1,02,,05,965.34225134
5367079,1,1,1,80,05,1,5,,2,,,8,,2,,2,,,,,2,1,02,3,05,1083.3399696
5367081,1,3,1,80,05,1,4,,2,,,4,,2,,2,,,,,2,1,02,4,05,985.03489681
5367083,1,2,1,80,05,1,3,,2,,,11,,2,,2,,,,,2,1,02,4,05,1508.7569579
5367084,1,3,1,80,05,1,8,,2,,,9,,2,,2,,,,,2,1,02,3,05,1488.2383704
5367085,1,1,1,80,05,1,5,,2,,,10,,3,,2,,,,,3,1,02,2,05,951.35407075
5367085,1,2,1,80,05,1,4,,2,,,4,,2,,2,,,,,2,1,02,4,05,951.35407075
5367086,1,1,1,80,05,1,3,,2,,,8,,2,,2,,,,,2,1,02,4,05,1083.3399696
5367087,1,2,1,80,05,2,,,,2,,,.,2,,2,,,,,2,1,02,,05,1142.5103289
5367089,1,1,1,80,05,1,3,,2,,,9,,2,,2,,,,,2,1,02,4,05,1137.0497922
5367089,1,2,1,80,05,1,3,,1,,2,9,,2,,2,,,,,2,1,02,4,05,1137.0497922
5367089,1,4,1,80,05,1,3,,2,,,9,,2,,2,,,,,2,1,02,3,05,1137.0497922
5367091,1,1,1,80,05,1,3,,2,,,9,,2,,2,,,,,2,1,02,4,05,985.1697889
5367091,1,2,1,80,05,1,9,PARA CUIDAR A  LA MAMA,2,,,9,,2,,2,,,,,2,1,02,1.2,05,985.1697889
5367091,1,3,1,80,05,2,,,,2,,,.,2,,2,,,,,2,1,02,,05,985.1697889
5367091,1,5,1,80,05,1,3,,2,,,9,,2,,2,,,,,2,1,02,3,05,985.1697889
5367093,1,2,1,80,05,1,3,,2,,,9,,2,,2,,,,,2,1,02,4,05,1255.4940552
5367094,1,3,1,80,05,2,,,,2,,,.,,,2,,,,,,1,02,,05,1514.4785614
5367094,1,4,1,80,05,2,,,,1,1,4,,2,,2,,1,48,908000,2,1,02,,05,1514.4785614
5367095,1,2,1,80,05,2,,,,2,,,.,,,2,,,,,,1,02,,05,1142.5103289
5367096,1,1,1,80,05,1,5,,2,,,10,,3,,2,,,,,3,1,02,4,05,1049.6591435
5367096,1,2,1,80,05,1,3,,2,,,9,,1,2,2,,,,,1,1,02,4,05,1049.6591435
5367099,1,1,1,80,05,1,9,LA PANDEMIA DEL COVID 19,1,,1,12,POR PANDEMIA DEL COVID 19,3,,2,,1,48,908526,3,1,02,1.4,05,1017.5185203
5367099,1,3,1,80,05,2,,,,2,,,.,2,,2,,,,,2,1,02,,05,1017.5185203
5367100,1,2,1,80,05,1,4,,2,,,4,,2,,2,,,,,2,1,02,4,05,1063.0699575
5367102,1,2,1,80,05,1,9,POR LA PANDEMIA,2,,,12,EN EMBARAZO,2,,2,,2,,900000,2,1,02,2,05,1405.0924226
5367102,1,3,1,80,05,2,,,,2,,,.,,,2,,,,,,1,02,,05,1405.0924226
5367102,1,5,1,80,05,2,,,,2,,,.,2,,2,,,,,2,1,02,,05,1405.0924226
5367102,1,6,1,80,05,2,,,,2,,,.,,,2,,,,,,1,02,,05,1405.0924226
5367102,1,7,1,80,05,2,,,,2,,,.,,,2,,,,,,1,02,,05,1405.0924226
5367105,1,3,1,80,05,1,8,,2,,,1,,1,,2,,,,,2,1,02,1.3,05,1090.9108495
5367106,1,1,1,80,05,2,,,,2,,,.,2,,2,,,,,2,1,02,,05,1307.8011461
5367106,1,2,1,80,05,2,,,,2,,,.,2,,2,,1,24,500000,2,1,02,,05,1307.8011461
5367108,1,1,1,80,05,2,,,,2,,,.,2,,2,,,,,2,1,02,,05,1069.9291557
5367110,1,3,1,80,05,2,,,,2,,,.,,,2,,,,,,1,02,,05,1044.2052561
5367111,1,2,1,80,05,1,3,,2,,,9,,2,,2,,,,,2,1,02,4,05,1090.9108495
5367111,1,3,1,80,05,2,,,,2,,,.,2,,2,,,,,2,1,02,,05,1090.9108495
5367113,1,3,1,80,05,2,,,,2,,,.,2,,2,,,,,2,1,02,,05,1044.2052561
5367114,1,1,1,80,05,1,5,,2,,,10,,3,,2,,,,,3,1,02,4,05,958.34816104
5367114,1,2,1,80,05,2,,,,2,,,.,2,,2,,,,,2,1,02,,05,958.34816104
5367114,1,3,1,80,05,1,3,,2,,,4,,2,,2,,,,,2,1,02,4,05,958.34816104
5367115,1,5,1,80,05,1,3,,2,,,9,,2,,2,,,,,2,1,02,4,05,1606.9271386
5367116,1,2,1,80,05,1,3,,2,,,11,,2,,2,,,,,2,1,02,4,05,1056.6532338
5367117,1,3,1,80,05,2,,,,2,,,.,2,,2,,,,,2,1,02,,05,1005.6479093
5367118,1,2,1,80,05,1,3,,2,,,9,,2,,2,,,,,2,1,02,4,05,1228.8073194
5367123,1,1,1,80,05,1,5,,2,,,11,,3,,2,,,,,3,1,02,4,05,965.34225134
5367123,1,2,1,80,05,1,3,,2,,,9,,2,,2,,,,,2,1,02,4,05,965.34225134
5367123,1,3,1,80,05,2,,,,2,,,.,2,,2,,,,,2,1,02,,05,965.34225134
5367124,1,1,1,80,05,1,4,,2,,,10,,3,,2,,,,,3,1,02,4,05,1083.4748617
5367124,1,2,1,80,05,1,3,,2,,,9,,2,,2,,,,,2,1,02,4,05,1083.4748617
5367127,1,2,1,80,05,2,,,,2,,,.,2,,2,,,,,2,1,02,,05,1435.3498426
5367127,1,4,1,80,05,1,3,,2,,,9,,2,,2,,,,,2,1,02,3,05,1435.3498426
5367129,1,1,1,80,05,1,5,,2,,,10,,3,,2,,,,,3,1,02,4,05,958.34816104
5367129,1,2,1,80,05,2,,,,2,,,.,2,,2,,,,,2,1,02,,05,958.34816104
5367134,1,1,1,80,05,1,5,,2,,,11,,3,,2,,,,,3,1,02,4,05,1056.6532338
5367134,1,2,1,80,05,1,3,,2,,,9,,2,,2,,,,,2,1,02,4,05,1056.6532338
5367137,1,3,1,80,08,1,3,,2,,,9,,2,,2,,,,,2,1,02,4,08,730.10171756
5367138,1,1,1,80,08,1,3,,2,,,9,,2,,2,,,,,2,1,02,4,08,566.32535879
5367138,1,3,1,80,08,2,,,,2,,,.,2,,2,,,,,2,1,02,,08,566.32535879
5367139,1,2,1,80,08,1,3,,2,,,9,,2,,2,,,,,2,1,02,4,08,613.88544812
5367141,1,1,1,80,08,1,4,,2,,,4,,2,,2,,,,,2,1,02,3,08,530.67553594
5367141,1,2,1,80,08,1,3,,2,,,9,,2,,2,,,,,2,1,02,4,08,530.67553594
5367142,1,2,1,80,08,1,3,,2,,,9,,2,,2,,,,,2,1,02,4,08,623.05617445
5367142,1,3,1,80,08,1,2,,2,,,2,,2,,2,,,,,2,1,02,3,08,623.05617445
5367143,1,3,1,80,08,2,,,,2,,,.,,,2,,,,,,1,02,,08,526.76573504
5367143,1,6,1,80,08,1,4,,2,,,4,,2,,2,,,,,2,1,02,4,08,526.76573504
5367145,1,2,1,80,08,2,,,,2,,,.,2,,2,,,,,2,1,02,,08,566.95696593
5367148,1,2,1,80,13,1,3,,2,,,9,,2,,2,,,,,2,1,02,1.3,13,459.41193582
5367151,1,1,1,80,13,1,5,,2,,,10,,3,,2,,,,,3,1,02,4,13,348.03112746
5367152,1,1,1,80,13,1,5,,2,,,10,,3,,2,,,,,3,1,02,4,13,339.39966217
5367153,1,3,1,80,13,2,,,,2,,,.,,,2,,,,,,1,02,,13,341.96743164
5367156,1,1,1,80,13,1,1,,2,,,12,PANDEMIA,2,,2,,,,,2,1,02,1.4,13,427.09550522
5367156,1,3,1,80,13,2,,,,2,,,.,,,2,,,,,,1,02,,13,427.09550522
5367157,1,2,1,80,13,1,3,,2,,,9,,1,,2,,,,,2,1,02,3,13,467.4241429
5367157,1,3,1,80,13,2,,,,2,,,.,2,,2,,,,,2,1,02,,13,467.4241429
5367157,1,4,1,80,13,2,,,,2,,,.,,,2,,,,,,1,02,,13,467.4241429
5367230,1,2,1,80,17,1,3,,2,,,9,,2,,2,,,,,2,1,02,4,17,216.39672357
5367231,1,3,1,80,17,2,,,,2,,,.,2,,2,,,,,2,1,02,,17,188.20487668
5367231,1,4,1,80,17,2,,,,2,,,.,2,,2,,,,,2,1,02,,17,188.20487668
5367232,1,2,1,80,17,1,8,,2,,,9,,1,,2,,,,,2,1,02,4,17,161.69762081
5367232,1,5,1,80,17,2,,,,2,,,.,2,,2,,,,,2,1,02,,17,161.69762081
5367232,1,6,1,80,17,1,7,,2,,,8,,1,,2,,,,,2,1,02,4,17,161.69762081
5367233,1,1,1,80,17,1,3,,2,,,9,,2,,2,,,,,2,1,02,4,17,186.76523763
5367237,1,1,1,80,17,1,5,,2,,,10,,3,,2,,,,,3,1,02,4,17,169.54986767
5367237,1,2,1,80,17,1,5,,2,,,10,,3,,2,,,,,3,1,02,4,17,169.54986767
5367238,1,1,1,80,17,2,,,,2,,,.,2,,2,,,,,2,1,02,,17,210.78999585
5367239,1,1,1,80,17,1,8,,2,,,8,,3,,2,,,,,3,1,02,2,17,169.54986767
5367239,1,2,1,80,17,1,1,,1,,2,5,,1,4,2,,1,48,908526,1,1,02,2,17,169.54986767
5367240,1,1,1,80,17,1,5,,2,,,10,,3,,2,,,,,3,1,02,4,17,169.54986767
5367240,1,2,1,80,17,1,3,,2,,,9,,2,,2,,,,,2,1,02,4,17,169.54986767
5367242,1,1,1,80,17,1,1,,2,,,8,,2,,2,,,,,2,1,02,2,17,185.51798806
5367243,1,1,1,80,17,1,8,,2,,,4,,2,,2,,,,,2,1,02,3,17,153.58174729
5367245,1,3,1,80,17,2,,,,2,,,.,2,,2,,,,,2,1,02,,17,275.01651775
5367245,1,4,1,80,17,2,,,,2,,,.,,,2,,,,,,1,02,,17,275.01651775
5367247,1,2,1,80,17,2,,,,2,,,.,,,2,,,,,,1,02,,17,227.03418206
5367250,1,1,1,80,17,1,5,,2,,,10,,3,,2,,,,,3,1,02,4,17,155.31809119
5367250,1,2,1,80,17,2,,,,2,,,.,2,,2,,,,,2,1,02,,17,155.31809119
5367339,1,1,1,80,23,2,,,,2,,,.,2,,2,,,,,2,1,02,,23,152.55555049
5367339,1,2,1,80,23,1,2,,2,,,2,,2,,2,,,,,2,1,02,2,23,152.55555049
5367340,1,4,1,80,23,2,,,,2,,,.,2,,2,,,,,2,1,02,,23,158.14895003
5367342,1,2,1,80,23,1,3,,2,,,8,,2,,2,,,,,2,1,02,3,23,149.61833184
5367342,1,3,1,80,23,2,,,,2,,,.,2,,2,,,,,2,1,02,,23,149.61833184
5367343,1,2,1,80,23,1,8,,2,,,9,,2,,2,,1,30,350000,2,1,02,1.1,23,248.30567522
5367344,1,5,1,80,23,1,2,,2,,,2,,2,,2,,,,,2,1,02,1.4,23,164.1487644
5367344,1,6,1,80,23,1,1,,2,,,2,,2,,2,,1,40,908526,2,1,02,2,23,164.1487644
5367346,1,2,1,80,23,2,,,,2,,,.,2,,2,,,,,2,1,02,,23,99.438387039
5367349,1,2,1,80,23,2,,,,2,,,.,2,,2,,,,,2,1,02,,23,135.66151434
5367350,1,1,1,80,23,1,4,,2,,,8,,2,,2,,,,,2,1,02,4,23,152.55555049
5367350,1,2,1,80,23,2,,,,1,2,9,,2,,2,,2,,900000,2,1,02,,23,152.55555049
5367351,1,2,1,80,23,1,3,,2,,,9,,2,,2,,,,,2,1,02,4,23,120.42892367
5367352,1,1,1,80,23,1,4,,2,,,8,,2,,2,,,,,2,1,02,4,23,120.42892367
5367353,1,1,1,80,23,1,3,,2,,,9,,2,,2,,,,,2,1,02,1.4,23,129.56897584
5367353,1,2,1,80,23,1,5,,2,,,10,,3,,2,,,,,3,1,02,4,23,129.56897584
5367353,1,3,1,80,23,1,8,,2,,,1,,2,,2,,,,,2,1,02,2,23,129.56897584
5367353,1,4,1,80,23,2,,,,2,,,.,,,2,,,,,,1,02,,23,129.56897584
5367354,1,1,1,80,23,2,,,,2,,,.,2,,2,,,,,2,1,02,,23,135.67404022
5367354,1,2,1,80,23,2,,,,2,,,.,2,,2,,,,,2,1,02,,23,135.67404022
5367354,1,3,1,80,23,2,,,,2,,,.,,,2,,,,,,1,02,,23,135.67404022
5367355,1,3,1,80,23,2,,,,2,,,.,2,,2,,,,,2,1,02,,23,118.89809496
5367355,1,4,1,80,23,2,,,,2,,,.,,,2,,,,,,1,02,,23,118.89809496
5367355,1,5,1,80,23,1,3,,2,,,9,,2,,2,,,,,2,1,02,4,23,118.89809496
5367357,1,3,1,80,23,2,,,,2,,,.,2,,2,,,,,2,1,02,,23,141.88466961
5367357,1,4,1,80,23,2,,,,2,,,.,2,,2,,,,,2,1,02,,23,141.88466961
5367358,1,3,1,80,23,2,,,,2,,,.,2,,2,,,,,2,1,02,,23,162.12767462
5367359,1,1,1,80,23,1,3,,2,,,9,,2,,2,,,,,2,1,02,4,23,199.91476798
5367359,1,2,1,80,23,2,,,,2,,,.,2,,2,,,,,2,1,02,,23,199.91476798
5367359,1,4,1,80,23,2,,,,2,,,.,,,2,,,,,,1,02,,23,199.91476798
5367360,1,3,1,80,23,1,4,,2,,,4,,2,,2,,,,,2,1,02,1.3,23,229.20165557
5367501,1,1,1,80,50,1,4,,2,,,8,,3,,2,,,,,3,1,02,4,50,418.46012974
5367502,1,2,1,80,50,1,2,,2,,,2,,2,,2,,,,,2,1,02,2,50,205.09526986
5367502,1,3,1,80,50,2,,,,2,,,.,2,,2,,,,,2,1,02,,50,205.09526986
5367504,1,1,1,80,50,1,5,,2,,,10,,3,,2,,,,,3,1,02,1.4,50,359.26233205
5367504,1,2,1,80,50,1,5,,2,,,9,,3,,2,,,,,3,1,02,4,50,359.26233205
5367505,1,2,1,80,50,1,3,,2,,,9,,2,,2,,,,,2,1,02,3,50,368.13883298
5367508,1,2,1,80,50,2,,,,2,,,.,2,,2,,,,,2,1,02,,50,237.52641288
5367513,1,3,1,80,50,1,8,,2,,,2,,2,,2,,,,,2,1,02,1.2,50,275.21030781
5367515,1,2,1,80,50,1,3,,2,,,9,,2,,2,,,,,2,1,02,4,50,277.45631955
5367515,1,3,1,80,50,2,,,,2,,,.,2,,2,,,,,2,1,02,,50,277.45631955
5367516,1,2,1,80,50,2,,,,2,,,.,,,2,,,,,,1,02,,50,237.52641288
5367517,1,2,1,80,50,1,9,PANDEMIA SANITARIA,2,,,12,PANDEMIA SANITARIA,2,,2,,,,,2,1,02,1.4,50,250.30162679
5367517,1,4,1,80,50,2,,,,2,,,.,2,,2,,,,,2,1,02,,50,250.30162679
5367518,1,1,1,80,50,1,3,,2,,,4,,2,,2,,,,,2,1,02,1.4,50,318.55501752
5367519,1,1,1,80,50,1,4,,2,,,4,,2,,2,,1,40,1000000,2,1,02,2,50,364.77146547
5367519,1,3,1,80,50,2,,,,2,,,.,2,,2,,,,,2,1,02,,50,364.77146547
5367519,1,4,1,80,50,2,,,,2,,,.,2,,2,,,,,2,1,02,,50,364.77146547
5367520,1,3,1,80,50,2,,,,2,,,.,,,2,,,,,,1,02,,50,277.45631955
5367521,1,1,1,80,50,1,8,,2,,,11,,1,,2,,,,,2,1,02,2,50,232.24996261
5367521,1,2,1,80,50,2,,,,2,,,.,2,,2,,,,,2,1,02,,50,232.24996261
5367522,1,3,1,80,50,2,,,,2,,,.,2,,2,,,,,2,1,02,,50,191.15126464
5367524,1,1,1,80,50,1,3,,2,,,8,,2,,2,,,,,2,1,02,4,50,264.47215965
5367525,1,1,1,80,50,1,5,,2,,,10,,3,,2,,,,,3,1,02,4,50,264.47215965
5367526,1,1,1,80,50,1,3,,2,,,9,,2,,2,,,,,2,1,02,3,50,178.78511438
5367526,1,4,1,80,50,1,3,,2,,,2,,2,,2,,,,,2,1,02,2,50,178.78511438
5367527,1,1,1,80,50,1,1,,2,,,4,,2,,2,,,,,2,1,02,1.2,50,273.34866058
5367528,1,3,1,80,50,2,,,,2,,,.,,,2,,,,,,1,02,,50,291.40032477
5367529,1,1,1,80,50,1,3,,2,,,9,,2,,2,,,,,2,1,02,1.2,50,365.94025677
5367529,1,2,1,80,50,2,,,,2,,,.,,,2,,,,,,1,02,,50,365.94025677
5367530,1,4,1,80,50,2,,,,2,,,.,,,2,,,,,,1,02,,50,250.30162679
5367531,1,1,1,80,50,1,7,,2,,,11,,2,,2,,,,,2,1,02,2,50,273.34866058
5367532,1,2,1,80,50,1,7,,2,,,9,,2,,2,,,,,2,1,02,2,50,277.45631955
5367532,1,3,1,80,50,2,,,,2,,,.,,,2,,,,,,1,02,,50,277.45631955
5367534,1,2,1,80,50,1,3,,2,,,9,,2,,2,,,,,2,1,02,3,50,245.00143935
5367535,1,2,1,80,50,1,3,,2,,,9,,2,,2,,,,,2,1,02,4,50,323.83146779
5367539,1,2,1,80,50,1,8,,2,,,4,,2,,2,,,,,2,1,02,1.4,50,318.55501752
5367540,1,2,1,80,50,1,3,,2,,,9,,2,,2,,,,,2,1,02,2,50,316.30900579
5367541,1,2,1,80,50,1,3,,2,,,9,,2,,2,,,,,2,1,02,1.4,50,296.67677503
5367541,1,3,1,80,50,2,,,,2,,,.,,,2,,,,,,1,02,,50,296.67677503
5367542,1,3,1,80,50,2,,,,2,,,.,,,2,,,,,,1,02,,50,419.81416867
5367545,1,3,1,80,50,2,,,,2,,,.,,,2,,,,,,1,02,,50,296.67677503
5367546,1,1,1,80,50,1,4,,2,,,8,,2,,2,,,,,2,1,02,4,50,264.6336701
5367548,1,4,1,80,50,2,,,,2,,,.,2,,2,,,,,2,1,02,,50,333.50911376
5367549,1,3,1,80,50,1,4,,2,,,4,,2,,2,,,,,2,1,02,3,50,277.45631955
5367551,1,2,1,80,50,1,3,,2,,,9,,2,,2,,,,,2,1,02,4,50,230.84848816
5367552,1,1,1,80,50,1,3,,2,,,8,,2,,2,,,,,2,1,02,3,50,230.84848816
5367552,1,2,1,80,50,1,4,,2,,,8,,2,,2,,,,,2,1,02,3,50,230.84848816
5367553,1,1,1,80,50,1,3,,2,,,9,,2,,2,,,,,2,1,02,4,50,264.47215965
5367554,1,2,1,80,50,1,3,,2,,,9,,2,,2,,,,,2,1,02,4,50,329.10791805
5367556,1,3,1,80,50,2,,,,2,,,.,,,2,,,,,,1,02,,50,277.45631955
5367557,1,2,1,80,50,2,,,,2,,,.,2,,2,,,,,2,1,02,,50,332.13835658
5367558,1,2,1,80,50,2,,,,2,,,.,2,,2,,,,,2,1,02,,50,237.52641288
5367560,1,1,1,80,50,1,3,,2,,,9,,2,,2,,1,48,1800000,2,1,02,3,50,318.55501752
5367564,1,1,1,80,52,1,5,,2,,,10,,3,,2,,,,,3,1,02,4,52,125.88242015
5367564,1,2,1,80,52,1,3,,2,,,9,,2,,2,,,,,2,1,02,2,52,125.88242015
5367566,1,1,1,80,52,1,5,,2,,,10,,3,,2,,,,,3,1,02,4,52,152.66336887
5367566,1,2,1,80,52,2,,,,2,,,.,2,,2,,,,,2,1,02,,52,152.66336887
5367567,1,2,1,80,52,1,7,,2,,,11,,2,,2,,,,,2,1,02,1.2,52,107.42347068
5367568,1,1,1,80,52,2,,,,2,,,.,2,,2,,,,,2,1,02,,52,128.75970163
5367571,1,3,1,80,52,2,,,,2,,,.,2,,2,,2,,877803,2,1,02,,52,243.88791678
5367572,1,6,1,80,52,2,,,,2,,,.,2,,2,,,,,2,1,02,,52,160.76661914
5367572,1,7,1,80,52,1,4,,2,,,8,,2,,2,,,,,2,1,02,4,52,160.76661914
5367573,1,1,1,80,52,1,5,,2,,,10,,3,,2,,,,,3,1,02,4,52,107.42347068
5367573,1,2,1,80,52,1,5,,2,,,10,,3,,2,,,,,3,1,02,4,52,107.42347068
5367574,1,1,1,80,52,1,5,,2,,,10,,3,,2,,,,,3,1,02,4,52,152.66336887
5367575,1,1,1,80,52,1,5,,2,,,8,,3,,2,,,,,3,1,02,4,52,107.42347068
5367575,1,2,1,80,52,1,5,,2,,,10,,3,,2,,,,,3,1,02,4,52,107.42347068
5367576,1,2,1,80,52,1,9,PARA DESCANSAR,2,,,11,,2,,2,,,,,2,1,02,4,52,125.88242015
5367580,1,2,1,80,52,1,3,,2,,,9,,2,,2,,,,,2,1,02,4,52,246.30061258
5367580,1,3,1,80,52,2,,,,2,,,.,,,2,,,,,,1,02,,52,246.30061258
5367582,1,1,1,80,52,1,7,,2,,,4,,2,,2,,,,,2,1,02,4,52,157.28633434
5367582,1,2,1,80,52,1,9,CUIDAR ENFERMA,2,,,12,CUIDAR ENFERMA,2,,2,,,,,2,1,02,1.3,52,157.28633434
5367582,1,3,1,80,52,2,,,,2,,,.,,,2,,,,,,1,02,,52,157.28633434
5367583,1,2,1,80,52,1,9,PANDEMIA,2,,,12,PANDEMIA,2,,2,,2,,900000,2,1,02,1.4,52,152.66336887
5367584,1,1,1,80,52,1,3,,2,,,9,,2,,2,,1,20,350000,2,1,02,4,52,157.28633434
5367584,1,2,1,80,52,2,,,,2,,,.,,,2,,,,,,1,02,,52,157.28633434
5367585,1,2,1,80,52,2,,,,2,,,.,2,,2,,2,,300000,2,1,02,,52,148.1338948
5367585,1,3,1,80,52,2,,,,2,,,.,2,,2,,,,,2,1,02,,52,148.1338948
5367587,1,1,1,80,52,1,7,,2,,,1,,1,,1,800000,1,40,600000,2,1,02,1.2,52,152.66336887
5367587,1,2,1,80,52,1,7,,2,,,8,,2,,2,,,,,2,1,02,4,52,152.66336887
5367588,1,1,1,80,52,1,4,,2,,,10,,3,,2,,2,,908526,3,1,02,4,52,194.38235481
5367588,1,3,1,80,52,1,2,,2,,,2,,2,,2,,,,,2,1,02,1.2,52,194.38235481
5367589,1,2,1,80,52,1,3,,2,,,9,,2,,2,,,,,2,1,02,3,52,188.11574968
5367593,1,1,1,80,52,1,5,,2,,,10,,3,,2,,,,,3,1,02,4,52,149.78608739
5367593,1,2,1,80,52,1,3,,2,,,9,,2,,2,,,,,2,1,02,4,52,149.78608739
5367593,1,3,1,80,52,1,4,,2,,,4,,3,,2,,,,,3,1,02,4,52,149.78608739
5367594,1,1,1,80,52,1,8,,2,,,12,POR PANDEMIA,1,2,2,,1,40,1500000,1,1,02,1.4,52,184.06728305
5367594,1,2,1,80,52,2,,,,2,,,.,,,2,,,,,,1,02,,52,184.06728305
5367597,1,1,1,80,52,1,3,,1,,1,9,,2,,2,,1,20,800000,2,1,02,4,52,210.82950946
5367597,1,2,1,80,52,2,,,,2,,,.,2,,2,,,,,2,1,02,,52,210.82950946
5367599,1,1,1,80,52,1,4,,1,,2,9,,2,,2,,,,500000,2,1,02,2,52,234.22113452
5367601,1,1,1,80,52,1,5,,2,,,10,,3,,2,,,,,3,1,02,4,52,152.66336887
5367601,1,2,1,80,52,2,,,,2,,,.,2,,2,,,,,2,1,02,,52,152.66336887
5367602,1,2,1,80,52,1,3,,2,,,9,,2,,2,,,,,2,1,02,1.4,52,292.45575446
5367602,1,3,1,80,52,2,,,,2,,,.,,,2,,,,,,1,02,,52,292.45575446
5367605,1,4,1,80,52,2,,,,2,,,.,,,2,,,,,,1,02,,52,107.42347068
5367605,1,5,1,80,52,2,,,,2,,,.,,,2,,,,,,1,02,,52,107.42347068
5367607,1,4,1,80,52,1,8,,2,,,9,,2,,2,,1,24,500000,2,1,02,1.2,52,269.0641294
5367610,1,2,1,80,52,1,3,,2,,,9,,2,,2,,1,20,400000,2,1,02,1.4,52,356.23940552
5367613,1,1,1,80,52,1,4,,2,,,4,,2,,2,,,,,2,1,02,2,52,107.42347068
5367613,1,2,1,80,52,1,3,,2,,,4,,2,,2,,,,,2,1,02,4,52,107.42347068
5367613,1,3,1,80,52,1,4,,2,,,4,,2,,2,,,,,2,1,02,4,52,107.42347068
5367616,1,3,1,80,52,2,,,,2,,,.,,,2,,,,,,1,02,,52,246.30061258
5367617,1,2,1,80,52,1,9,PANDEMIA,2,,,9,,2,,2,,2,,908000,2,1,02,1.3,52,175.38798212
5367619,1,3,1,80,52,2,,,,2,,,.,2,,2,,,,,2,1,02,,52,269.0641294
5367619,1,4,1,80,52,2,,,,2,,,.,,,2,,,,,,1,02,,52,269.0641294
5367621,1,1,1,80,52,1,4,,2,,,8,,2,,2,,,,,2,1,02,2,52,204.37920051
5367623,1,3,1,80,52,2,,,,2,,,.,,,2,,,,,,1,02,,52,217.10696807
5367626,1,1,1,80,52,1,5,,2,,,10,,3,,2,,,,,3,1,02,4,52,155.54065035
5367629,1,2,1,80,52,1,3,,2,,,9,,2,,2,,,,,2,1,02,4,52,162.236833
5367629,1,6,1,80,52,1,3,,2,,,8,,2,,2,,,,,2,1,02,4,52,162.236833
5367631,1,1,1,80,52,1,5,,2,,,10,,3,,2,,,,,3,1,02,4,52,152.66336887
5367631,1,2,1,80,52,1,3,,2,,,8,,2,,2,,,,,2,1,02,4,52,152.66336887
5367632,1,1,1,80,52,1,1,,1,,1,12,POR CONTAGIO   POR COVID 19,2,,2,,,,2000000,2,1,02,1.2,52,185.18871116
5367633,1,2,1,80,52,1,4,,2,,,4,,2,,2,,,,,2,1,02,4,52,182.3713561
5367634,1,1,1,80,52,1,5,,2,,,10,,3,,2,,,,,3,1,02,4,52,155.54065035
5367635,1,2,1,80,52,2,,,,2,,,.,,,2,,,,,,1,02,,52,216.59262535
5367636,1,2,1,80,52,1,7,,2,,,1,,2,,2,,1,25,800000,2,1,02,2,52,272.41454949
5367636,1,3,1,80,52,2,,,,2,,,.,,,2,,,,,,1,02,,52,272.41454949
5367638,1,2,1,80,52,2,,,,2,,,.,,,2,,,,,,1,02,,52,216.59262535
5367639,1,1,1,80,52,1,5,,2,,,10,,3,,2,,1,48,908526,3,1,02,4,52,161.7970861
5367639,1,2,1,80,52,1,3,,2,,,9,,2,,2,,,,,2,1,02,4,52,161.7970861
5367639,1,3,1,80,52,2,,,,2,,,.,2,,2,,,,,2,1,02,,52,161.7970861
5367640,1,2,1,80,52,1,3,,2,,,4,,2,,2,,,,,2,1,02,4,52,107.42347068
5367642,1,1,1,80,52,1,4,,2,,,4,,2,,2,,,,,2,1,02,3,52,211.96965988
5367646,1,3,1,80,52,2,,,,2,,,.,2,,2,,,,,2,1,02,,52,222.90898752
5367646,1,4,1,80,52,2,,,,2,,,.,2,,2,,,,,2,1,02,,52,222.90898752
5367652,1,4,1,80,52,2,,,,2,,,.,2,,2,,,,,2,1,02,,52,163.5427701
5367652,1,5,1,80,52,2,,,,2,,,.,,,2,,,,,,1,02,,52,163.5427701
5367655,1,1,1,80,54,1,7,,2,,,8,,2,,2,,,,,2,1,02,4,54,354.56246097
5367656,1,2,1,80,54,1,3,,2,,,9,,1,,2,,2,,908000,2,1,02,4,54,439.36835096
5367656,1,3,1,80,54,2,,,,2,,,.,2,,2,,,,,2,1,02,,54,439.36835096
5367657,1,1,1,80,54,1,3,,2,,,9,,2,,2,,,,,2,1,02,4,54,354.56246097
5367658,1,1,1,80,54,1,3,,2,,,11,,2,,2,,,,,2,1,02,2,54,310.80119965
5367659,1,2,1,80,54,1,4,,2,,,4,,2,,2,,,,,2,1,02,3,54,352.02318794
5367660,1,1,1,80,54,1,8,,2,,,8,,2,,2,,,,,2,1,02,4,54,375.32248498
5367661,1,1,1,80,54,1,4,,2,,,4,,2,,2,,,,,2,1,02,2,54,382.16650611
5367661,1,2,1,80,54,1,9,CUARENTENA POR COVID 19,2,,,9,,2,,2,,,,,2,1,02,2,54,382.16650611
5367661,1,3,1,80,54,2,,,,1,1,1,,2,,2,,,,980000,2,1,02,,54,382.16650611
5367661,1,4,1,80,54,1,3,,2,,,9,,2,,2,,,,,2,1,02,4,54,382.16650611
5367662,1,1,1,80,54,1,9,POR PANDEMIA,2,,,12,POR PANDEMIA,2,,2,,1,40,500000,2,1,02,1.4,54,354.56246097
5367664,1,1,1,80,54,1,3,,2,,,9,,2,,2,,,,,2,1,02,4,54,408.00507618
5367665,1,1,1,80,54,1,9,POR PANDEMIA,2,,,12,POR PANDEMIA,2,,2,,,,,2,1,02,1.4,54,352.02318794
5367665,1,2,1,80,54,2,,,,2,,,.,2,,2,,,,,2,1,02,,54,352.02318794
5367670,1,2,1,80,54,2,,,,2,,,.,2,,2,,1,24,500000,2,1,02,,54,379.45226092
5367671,1,1,1,80,54,1,5,,2,,,10,,3,,2,,,,,3,1,02,4,54,403.01502404
5367672,1,2,1,80,54,1,8,,1,,2,9,,2,,2,,2,,600000,2,1,02,3,54,385.92573575
5367673,1,2,1,80,54,1,4,,2,,,11,,2,,2,,,,,2,1,02,4,54,408.00507618
5367674,1,2,1,80,54,1,3,,2,,,9,,2,,2,,,,,2,1,02,4,54,287.50190261
5367675,1,1,1,80,54,1,4,,2,,,4,,2,,2,,,,,2,1,02,4,54,405.46580315
5367675,1,2,1,80,54,1,4,,2,,,4,,2,,2,,,,,2,1,02,3,54,405.46580315
5367675,1,3,1,80,54,2,,,,2,,,.,2,,2,,,,,2,1,02,,54,405.46580315
5367676,1,1,1,80,54,1,8,,2,,,4,,2,,2,,,,,2,1,02,3,54,241.20136826
5367676,1,2,1,80,54,1,3,,2,,,9,,2,,2,,,,,2,1,02,4,54,241.20136826
5367676,1,3,1,80,54,1,2,,2,,,4,,2,,2,,,,,2,1,02,3,54,241.20136826
5367678,1,3,1,80,54,2,,,,2,,,.,,,2,,,,,,1,02,,54,447.72738156
5367680,1,1,1,80,54,1,4,,2,,,4,,2,,2,,2,,908000,2,1,02,4,54,428.76510019
5367681,1,3,1,80,54,1,6,,2,,,8,,2,,2,,,,,2,1,02,4,54,405.46580315
5367760,1,2,1,80,68,1,4,,2,,,4,,3,,2,,2,,1200000,3,1,02,1.1,68,632.99239098
5367760,1,3,1,80,68,2,,,,2,,,.,,,2,,,,,,1,02,,68,632.99239098
5367762,1,3,1,80,68,1,4,,2,,,4,,2,,2,,,,,2,1,02,1.2,68,480.95889502
5367763,1,3,1,80,68,2,,,,2,,,.,,,2,,,,,,1,02,,68,585.76529218
5367764,1,1,1,80,68,1,4,,2,,,8,,3,,2,,,,,3,1,02,4,68,339.99264916
5367765,1,1,1,80,68,1,3,,2,,,9,,2,,2,,,,,2,1,02,1.4,68,626.81324695
5367765,1,4,1,80,68,2,,,,2,,,.,2,,2,,,,,2,1,02,,68,626.81324695
5367765,1,5,1,80,68,1,8,,2,,,8,,2,,2,,,,,2,1,02,4,68,626.81324695
5367766,1,1,1,80,68,1,8,,2,,,12,ESTA EN REALIZANDO LOS TRAMITES PARA SACAR LA NACIONALIDAD COLOMBIANA,2,,2,,,,,2,1,02,3,68,638.24774197
5367768,1,1,1,80,68,1,3,,2,,,9,,2,,2,,,,,2,1,02,3,68,320.34044734
5367768,1,2,1,80,68,1,3,,2,,,9,,2,,2,,,,,2,1,02,4,68,320.34044734
5367769,1,2,1,80,68,1,7,,2,,,12,POR LA PANDEMIA,2,,2,,1,48,900000,2,1,02,1.4,68,631.1741544
5367770,1,1,1,80,68,1,5,,2,,,10,,3,,2,,,,,3,1,02,4,68,414.04999309
5367770,1,2,1,80,68,1,5,,2,,,10,,3,,2,,,,,3,1,02,4,68,414.04999309
5367772,1,2,1,80,68,2,,,,2,,,.,2,,2,,,,,2,1,02,,68,625.92096338
5367772,1,3,1,80,68,2,,,,2,,,.,,,2,,,,,,1,02,,68,625.92096338
5367774,1,2,1,80,68,2,,,,2,,,.,2,,2,,,,,2,1,02,,68,602.76875393
5367774,1,3,1,80,68,2,,,,2,,,.,2,,2,,,,,2,1,02,,68,602.76875393
5367775,1,1,1,80,68,1,5,,2,,,11,,3,,2,,,,,3,1,02,4,68,414.04999309
5367775,1,2,1,80,68,1,5,,2,,,10,,3,,2,,,,,3,1,02,4,68,414.04999309
5367776,1,1,1,80,68,1,4,,2,,,8,,2,,2,,,,,2,1,02,4,68,387.24934927
5367777,1,1,1,80,68,1,5,,2,,,10,,3,,2,,,,,3,1,02,4,68,443.99814414
5367778,1,1,1,80,68,1,5,,2,,,10,,3,,2,,,,,3,1,02,4,68,414.04999309
5367778,1,2,1,80,68,1,3,,2,,,9,,2,,2,,,,,2,1,02,4,68,414.04999309
5367779,1,3,1,80,68,2,,,,2,,,.,2,,2,,,,,2,1,02,,68,709.18206771
5367779,1,5,1,80,68,2,,,,2,,,.,2,,2,,,,,2,1,02,,68,709.18206771
5367780,1,1,1,80,68,1,9,RETIRO FORZOSO,2,,,10,,3,,2,,,,,3,1,02,4,68,491.25484426
5367780,1,2,1,80,68,1,5,,2,,,10,,3,,2,,,,,3,1,02,3,68,491.25484426
5367780,1,3,1,80,68,2,,,,2,,,.,2,,2,,,,,2,1,02,,68,491.25484426
5367781,1,1,1,80,68,1,5,,2,,,11,,3,,2,,,,,3,1,02,4,68,350.28859839
5367782,1,1,1,80,68,1,3,,2,,,8,,3,,2,,,,,3,1,02,4,68,532.21141763
5367782,1,2,1,80,68,1,3,,2,,,9,,2,,2,,,,,2,1,02,4,68,532.21141763
5367782,1,3,1,80,68,2,,,,2,,,.,2,,2,,,,,2,1,02,,68,532.21141763
5367782,1,4,1,80,68,2,,,,2,,,.,2,,2,,,,,2,1,02,,68,532.21141763
5367783,1,2,1,80,68,1,3,,2,,,9,,2,,2,,,,,2,1,02,4,68,457.35317152
5367784,1,2,1,80,68,1,8,,2,,,4,,2,,2,,,,,2,1,02,3,68,457.35317152
5367786,1,4,1,80,68,2,,,,2,,,.,,,2,,,,,,1,02,,68,614.14109133
5367786,1,6,1,80,68,1,3,,2,,,8,,2,,2,,,,,2,1,02,4,68,614.14109133
5367789,1,2,1,80,68,2,,,,2,,,.,2,,2,,,,,2,1,02,,68,555.78753981
5367791,1,3,1,80,68,2,,,,2,,,.,,,2,,,,,,1,02,,68,664.54745865
5367792,1,1,1,80,68,1,5,,2,,,10,,3,,2,,,,,2,1,02,3,68,828.09998619
5367792,1,2,1,80,68,1,5,,2,,,10,,2,,2,,,,,3,1,02,3,68,828.09998619
5367793,1,2,1,80,68,1,8,,2,,,4,,2,,2,,,,,2,1,02,1.1,68,578.07595387
5367793,1,5,1,80,68,1,4,,2,,,4,,2,,2,,,,,2,1,02,2,68,578.07595387
5367797,1,1,1,80,68,1,7,,2,,,4,,2,,2,,,,,2,1,02,1.4,68,624.27159707
5367797,1,3,1,80,68,2,,,,2,,,.,,,2,,,,,,1,02,,68,624.27159707
5367797,2,2,2,80,68,2,,,,2,,,.,,,2,,,,,,1,02,,68,624.27159707
5367798,1,1,1,80,68,1,5,,2,,,10,,3,,2,,,,,3,1,02,4,68,433.46127364
5367798,1,2,1,80,68,1,3,,2,,,9,,2,,2,,,,,2,1,02,4,68,433.46127364
5367798,1,3,1,80,68,1,8,,2,,,9,,2,,2,,1,48,908526,2,1,02,1.4,68,433.46127364
5367798,1,5,1,80,68,1,8,,2,,,12,ESTA ESPERANDO QUE PASE LA PANDEMIA PARA BUSCAR TRABAJO,2,,2,,,,,2,1,02,1.2,68,433.46127364
5367799,1,1,1,80,68,1,4,,2,,,4,,2,,2,,,,,2,1,02,3,68,414.04999309
5367799,1,2,1,80,68,1,3,,2,,,9,,2,,2,,,,,2,1,02,3,68,414.04999309
5367802,1,3,1,80,68,1,3,,2,,,9,,2,,2,,,,,2,1,02,4,68,313.19200533
5367803,1,1,1,80,68,1,5,,2,,,10,,3,,2,,,,,3,1,02,4,68,384.10184204
5367806,1,1,1,80,68,1,5,,2,,,10,,3,,2,,,,,3,1,02,4,68,320.34044734
5367806,1,2,1,80,68,1,8,,2,,,11,,2,,2,,,,,2,1,02,4,68,320.34044734
5367807,1,1,1,80,68,1,9,DESPLADAZADA POR LA VIOLENCIA,2,,,8,,2,,2,,,,,2,1,02,4,68,491.25484426
5367807,1,2,1,80,68,1,4,,2,,,4,,2,,2,,,,,2,1,02,4,68,491.25484426
5367809,1,1,1,80,68,1,3,,2,,,9,,2,,2,,,,,2,1,02,4,68,414.85089526
5367809,1,3,1,80,68,2,,,,2,,,.,2,,2,,,,,2,1,02,,68,414.85089526
5367811,1,2,1,80,68,1,3,,2,,,9,,2,,2,,,,,2,1,02,4,68,310.04449811
5367812,1,2,1,80,68,1,9,NO TENIA VEHICULO PARA TRABAJAR COMO RAPPI,2,,,12,NO CUENTA CON LOS RECURSOS PARA COMPRAR UN VEHICULO Y TRABAJAR,2,,2,,,,,2,1,02,2,68,294.25227661
5367812,1,3,1,80,68,1,9,PERDIDA DEL CARRO PARA TRABAJAR COMO RAPPI,2,,,12,POR PANDEMIA TEMOR AL CONTAGIO DEL COVID 19,2,,2,,1,48,1500000,2,1,02,2,68,294.25227661
5367812,1,5,1,80,68,2,,,,2,,,.,,,2,,1,48,908526,,1,02,,68,294.25227661
5367812,1,6,1,80,68,1,4,,2,,,4,,2,,2,,,,,2,1,02,4,68,294.25227661
5367812,1,7,1,80,68,1,9,POR LA EDAD Y LA PANDEMIA,2,,,4,,2,,2,,,,,2,1,02,1.4,68,294.25227661
5367813,1,1,1,80,68,1,7,,2,,,4,,2,4,2,,2,,1000000,1,1,02,4,68,487.30132257
5367814,1,3,1,80,68,2,,,,2,,,.,2,,2,,2,,98,2,1,02,,68,682.88235103
5367815,1,1,1,80,68,1,5,,2,,,10,,3,,2,,,,,3,1,02,4,68,507.75953884
5367816,1,3,1,80,68,2,,,,2,,,.,2,,2,,,,,2,1,02,,68,660.62353829
5367816,1,4,1,80,68,2,,,,2,,,.,,,2,,,,,,1,02,,68,660.62353829
5367817,1,2,1,80,68,1,3,,2,,,4,,2,,2,,,,,2,1,02,4,68,406.90155108
5367817,1,3,1,80,68,1,2,,2,,,2,,2,,2,,,,,2,1,02,3,68,406.90155108
5367818,1,1,1,80,68,2,,,,2,,,.,2,,2,,,,,2,1,02,,68,280.09634706
5367819,1,1,1,80,68,1,3,,2,,,9,,2,,2,,,,,2,1,02,3,68,630.64578592
5367821,1,2,1,80,68,1,8,,2,,,9,,2,,2,,,,,2,1,02,3,68,373.80589281
5367821,1,3,1,80,68,1,5,,2,,,10,,3,,2,,,,,3,1,02,4,68,373.80589281
5367822,1,3,1,80,68,2,,,,2,,,.,2,,2,,,,,2,1,02,,68,554.2102245
5367823,1,2,1,80,68,2,,,,2,,,.,2,,2,,,,,2,1,02,,68,487.30132257
5367824,1,1,1,80,68,1,8,,2,,,8,,3,,2,,,,,3,1,02,4,68,414.04999309
5367824,1,2,1,80,68,1,3,,2,,,9,,2,,2,,,,,2,1,02,4,68,414.04999309
5367825,1,2,1,80,68,1,3,,2,,,9,,2,,2,,,,,2,1,02,4,68,414.04999309
5367826,1,1,1,80,68,1,5,,2,,,10,,3,,2,,,,,3,1,02,4,68,414.04999309
5367826,1,2,1,80,68,1,5,,2,,,10,,3,,2,,,,,3,1,02,4,68,414.04999309
5367827,1,3,1,80,68,2,,,,2,,,.,2,,2,,,,,2,1,02,,68,408.23794512
5367828,1,3,1,80,68,2,,,,2,,,.,2,,2,,1,48,900000,2,1,02,,68,664.54745865
5367829,1,4,1,80,68,1,2,,2,,,11,,2,,2,,,,,2,1,02,1.3,68,710.22684346
5367830,1,1,1,80,68,1,3,,2,,,9,,1,4,2,,,,,1,1,02,4,68,544.53819622
5367832,1,6,1,80,68,1,4,,2,,,9,,2,,2,,,,,2,1,02,4,68,505.41077381
5367833,1,3,1,80,68,2,,,,2,,,.,,,2,,,,,,1,02,,68,585.76529218
5367834,1,4,1,80,68,2,,,,2,,,.,2,,2,,,,,2,1,02,,68,597.51340293
5367835,1,1,1,80,68,1,5,,2,,,10,,3,,2,,,,,3,1,02,4,68,521.20299531
5367836,1,1,1,80,68,1,8,,2,,,4,,2,,2,,,,,2,1,02,4,68,659.05118639
5367836,1,2,1,80,68,1,4,,2,,,4,,2,,2,,,,,2,1,02,4,68,659.05118639
5367836,2,2,2,80,68,1,3,,2,,,9,,2,,2,,,,,2,1,02,3,68,659.05118639
5367836,2,3,2,80,68,2,,,,2,,,.,2,,2,,,,,2,1,02,,68,659.05118639
5367836,2,4,2,80,68,2,,,,2,,,.,,,2,,,,,,1,02,,68,659.05118639
5367836,2,5,2,80,68,2,,,,2,,,.,,,2,,,,,,1,02,,68,659.05118639
5367837,1,6,1,80,68,1,3,,2,,,8,,2,,2,,,,,2,1,02,4,68,648.04276407
5367842,1,1,1,80,68,1,9,POR LA PANDEMIA,2,,,12,POR PANDEMIA,2,,2,,,,,2,1,02,1.4,68,268.85384495
5367842,1,5,1,80,68,1,4,,2,,,4,,2,,2,,,,,2,1,02,3,68,268.85384495
5367843,1,1,1,80,68,1,9,POR EDAD,2,,,8,,2,,2,,,,,2,1,02,4,68,555.81714113
5367843,1,4,1,80,68,2,,,,2,,,.,,,2,,,,,,1,02,,68,555.81714113
5367844,1,2,1,80,68,2,,,,2,,,.,,,2,,,,,,1,02,,68,597.63855672
5367845,1,2,1,80,68,1,3,,2,,,9,,2,,2,,,,,2,1,02,4,68,638.24774197
5367848,1,1,1,80,68,1,3,,2,,,9,,2,,2,,,,,2,1,02,4,68,1042.4059906
5367848,1,2,1,80,68,1,7,,2,,,11,,2,,2,,,,,2,1,02,4,68,1042.4059906
5367850,1,1,1,80,68,1,7,,2,,,4,,1,1,2,,2,,908526,1,1,02,1.4,68,629.06847061
5367850,1,4,1,80,68,2,,,,2,,,.,2,,2,,,,,2,1,02,,68,629.06847061
5367851,1,3,1,80,68,1,5,,2,,,10,,3,,2,,,,,3,1,02,4,68,417.19750032
5367854,1,2,1,80,68,1,1,,1,,3,5,,1,2,2,,1,48,2000000,1,1,02,3,68,490.36040072
5367854,1,3,1,80,68,1,8,,2,,,2,,2,,2,,2,,908526,2,1,02,1.2,68,490.36040072
5367854,1,4,1,80,68,2,,,,2,,,.,,,2,,,,,,1,02,,68,490.36040072
5367855,1,1,1,80,68,1,5,,2,,,10,,3,,2,,,,,3,1,02,4,68,521.20299531
5367855,1,2,1,80,68,1,4,,2,,,4,,3,,2,,,,,3,1,02,4,68,521.20299531
5367856,1,5,1,80,68,1,9,PARA DEDICARSE A ESTUDIAR,2,,,2,,2,,2,,,,,2,1,02,1.2,68,576.01336323
5367856,1,6,1,80,68,2,,,,2,,,.,,,2,,,,,,1,02,,68,576.01336323
5367856,1,7,1,80,68,1,4,,2,,,4,,2,,2,,,,,2,1,02,4,68,576.01336323
5367858,1,1,1,80,68,1,5,,2,,,10,,3,,2,,1,48,1200000,2,1,02,2,68,554.2102245
5367858,1,3,1,80,68,2,,,,2,,,.,2,,2,,,,,2,1,02,,68,554.2102245
5367859,1,5,1,80,68,1,5,,2,,,8,,3,,2,,,,,3,1,02,3,68,638.52322797
5367860,1,3,1,80,68,2,,,,2,,,.,2,,2,,,,,2,1,02,,68,715.67482747
5367860,1,4,1,80,68,2,,,,2,,,.,2,,2,,,,,2,1,02,,68,715.67482747
5367860,1,5,1,80,68,2,,,,2,,,.,,,2,,,,,,1,02,,68,715.67482747
5367860,1,6,1,80,68,2,,,,2,,,.,,,2,,,,,,1,02,,68,715.67482747
5367862,1,3,1,80,68,2,,,,2,,,.,2,,2,,,,,2,1,02,,68,629.06847061
5367862,1,4,1,80,68,2,,,,2,,,.,,,2,,,,,,1,02,,68,629.06847061
5367869,1,3,1,80,68,2,,,,2,,,.,2,,2,,2,,909000,2,1,02,,68,597.51340293
5367869,1,4,1,80,68,2,,,,2,,,.,,,2,,,,,,1,02,,68,597.51340293
5367870,1,2,1,80,68,2,,,,2,,,.,2,,2,,,,,2,1,02,,68,658.21571949
5367872,1,1,1,80,68,1,5,,2,,,10,,3,,2,,,,,3,1,02,4,68,443.99814414
5367887,1,2,1,80,73,1,3,,2,,,9,,2,,2,,,,,2,1,02,4,73,242.08669746
5367887,1,3,1,80,73,1,2,,2,,,2,,1,,2,,2,,2000000,2,1,02,2,73,242.08669746
5367889,1,2,1,80,73,1,5,,2,,,10,,3,,2,,,,,3,1,02,4,73,270.18601456
5367890,1,1,1,80,73,1,6,,2,,,4,,2,,2,,,,,2,1,02,3,73,283.44816341
5367890,1,3,1,80,73,2,,,,2,,,.,2,,2,,,,,2,1,02,,73,283.44816341
5367894,1,1,1,80,73,1,5,,2,,,10,,3,,2,,,,,3,1,02,4,73,314.95980942
5367894,1,2,1,80,73,2,,,,2,,,.,2,,2,,,,,2,1,02,,73,314.95980942
5367895,1,1,1,80,73,1,5,,2,,,10,,3,,2,,,,,3,1,02,4,73,270.18601456
5367895,1,2,1,80,73,1,3,,2,,,9,,2,,2,,,,,2,1,02,4,73,270.18601456
5367900,1,1,1,80,73,1,3,,2,,,9,,2,,2,,,,,2,1,02,4,73,370.04393995
5367901,1,1,1,80,73,1,5,,2,,,10,,3,,2,,,,,3,1,02,4,73,250.19435379
5367902,1,1,1,80,73,1,3,,2,,,9,,2,,2,,,,,2,1,02,4,73,272.92124888
5367902,1,2,1,80,73,1,5,,2,,,10,,3,,2,,,,,3,1,02,4,73,272.92124888
5367902,1,5,1,80,73,2,,,,2,,,.,2,,2,,,,,2,1,02,,73,272.92124888
5367902,1,6,1,80,73,2,,,,2,,,.,2,,2,,,,,2,1,02,,73,272.92124888
5367903,1,3,1,80,73,2,,,,2,,,.,2,,2,,,,,2,1,02,,73,312.65019226
5367903,1,4,1,80,73,2,,,,2,,,.,2,,2,,,,,2,1,02,,73,312.65019226
5367904,1,2,1,80,73,2,,,,2,,,.,2,,2,,,,,2,1,02,,73,251.29706554
5367904,1,3,1,80,73,2,,,,2,,,.,,,2,,,,,,1,02,,73,251.29706554
5367905,1,2,1,80,73,1,8,,2,,,1,,2,,2,,,,,2,1,02,1.3,73,297.17627935
5367906,1,1,1,80,73,1,3,,2,,,8,,2,,2,,,,,2,1,02,4,73,250.19435379
5367907,1,1,1,80,73,1,3,,2,,,9,,2,,2,,,,,2,1,02,4,73,250.19435379
5367908,1,1,1,80,73,1,3,,2,,,9,,2,,2,,,,,2,1,02,4,73,249.84401658
5367908,1,3,1,80,73,1,3,,2,,,9,,2,,2,,,,,2,1,02,1.3,73,249.84401658
5367909,1,1,1,80,73,1,4,,2,,,8,,2,,2,,,,,2,1,02,4,73,250.19435379
5367912,1,2,1,80,73,1,2,,2,,,3,,2,,2,,,,,2,1,02,2,73,396.04658539
5367915,1,2,1,80,73,2,,,,2,,,.,2,,2,,,,,2,1,02,,73,309.56462072
5367916,1,1,1,80,73,1,4,,2,,,4,,2,,2,,,,,2,1,02,2,73,224.30680075
5367916,1,2,1,80,73,2,,,,2,,,.,2,,2,,,,,2,1,02,,73,224.30680075
5367917,1,3,1,80,73,2,,,,2,,,.,,,2,,,,,,1,02,,73,326.20246794
5367920,1,2,1,80,73,2,,,,2,,,.,2,,2,,,,,2,1,02,,73,224.30680075
5367922,1,1,1,80,73,1,7,,2,,,8,,3,,2,,,,,3,1,02,1.4,73,415.22295403
5367922,1,2,1,80,73,1,8,,2,,,9,,2,,2,,,,,2,1,02,1.2,73,415.22295403
5367922,1,3,1,80,73,2,,,,1,1,9,,2,,2,,2,,1000000,2,1,02,,73,415.22295403
5367922,1,5,1,80,73,1,7,,2,,,9,,2,,2,,,,,2,1,02,1.4,73,415.22295403
5367923,1,3,1,80,73,2,,,,2,,,.,2,,2,,,,,2,1,02,,73,281.23639936
5367924,1,3,1,80,73,2,,,,2,,,.,2,,2,,,,,2,1,02,,73,299.38804341
5367926,1,3,1,80,73,1,4,,2,,,4,,2,,2,,,,,2,1,02,4,73,349.31903799
5367927,1,2,1,80,73,1,3,,2,,,9,,2,,2,,,,,2,1,02,1.1,73,254.24613457
5367928,1,1,1,80,73,2,,,,2,,,.,2,,2,,,,,2,1,02,,73,366.10725157
5367929,1,1,1,80,73,1,5,,2,,,10,,3,,2,,,,,3,1,02,4,73,250.19435379
5367930,1,1,1,80,73,1,9,PANDEMIA,2,,,12,PANDEMIA,2,,2,,,,,2,1,02,1.3,73,270.18601456
5367930,1,2,1,80,73,1,4,,2,,,4,,2,,2,,,,,2,1,02,3,73,270.18601456
5367932,1,2,1,80,73,1,3,,2,,,9,,2,,2,,,,,2,1,02,4,73,370.91774744
5367932,1,3,1,80,73,1,2,,2,,,2,,2,,2,,1,20,908526,2,1,02,1.3,73,370.91774744
5367934,1,2,1,80,73,2,,,,2,,,.,2,,2,,,,,2,1,02,,73,297.17627935
5367934,1,3,1,80,73,2,,,,2,,,.,2,,2,,,,,2,1,02,,73,297.17627935
5367939,1,1,1,80,73,1,4,,2,,,8,,2,,2,,,,,2,1,02,4,73,329.9066187
5367941,1,1,1,80,73,1,7,,2,,,1,,1,,2,,1,48,908526,2,1,02,4,73,270.18601456
5367941,1,2,1,80,73,1,3,,2,,,9,,2,,2,,,,,2,1,02,4,73,270.18601456
5367944,1,1,1,80,73,1,5,,2,,,10,,3,,2,,,,,3,1,02,4,73,270.18601456
5367944,1,2,1,80,73,2,,,,2,,,.,2,,2,,,,,2,1,02,,73,270.18601456
5367945,1,1,1,80,73,1,3,,2,,,9,,2,,2,,,,,2,1,02,4,73,217.46401444
5367945,1,3,1,80,73,1,3,,2,,,9,,2,,2,,,,,2,1,02,4,73,217.46401444
5367948,1,1,1,80,73,1,3,,2,,,8,,2,,2,,,,,2,1,02,4,73,154.95747897
5367948,1,3,1,80,73,1,1,,2,,,12,RECIEN TERMINA TRABAJA,1,2,1,900000,,,,1,1,02,1.1,73,154.95747897
5367951,1,4,1,80,73,1,2,,2,,,2,,2,,2,,,,,2,1,02,1.4,73,166.42621333
5367952,1,2,1,80,73,2,,,,2,,,.,,,2,,,,,,1,02,,73,316.99209986
5367952,1,4,1,80,73,1,4,,2,,,4,,2,,2,,,,,2,1,02,4,73,316.99209986
5367953,1,1,1,80,73,1,9,COVID 19,2,,,12,COVID 19,2,,2,,,,,2,1,02,1.4,73,329.32737722
5367953,1,2,1,80,73,1,5,,2,,,8,,3,,2,,,,,3,1,02,4,73,329.32737722
5367954,1,5,1,80,73,2,,,,2,,,.,2,,2,,,,,2,1,02,,73,371.05424995
5367954,1,6,1,80,73,2,,,,2,,,.,,,2,,,,,,1,02,,73,371.05424995
5367955,1,2,1,80,73,2,,,,2,,,.,,,2,,,,,,1,02,,73,237.27983495
5367955,1,4,1,80,73,2,,,,2,,,.,2,,2,,,,,2,1,02,,73,237.27983495
5367956,1,1,1,80,73,1,6,,2,,,1,,2,,2,,,,,2,1,02,1.3,73,155.37582853
5367956,1,3,1,80,73,1,4,,2,,,1,,2,,2,,,,,2,1,02,2,73,155.37582853
5367957,1,2,1,80,73,2,,,,2,,,.,2,,2,,,,,2,1,02,,73,310.43842821
5367957,1,4,1,80,73,2,,,,2,,,.,2,,2,,,,,2,1,02,,73,310.43842821
5367958,1,2,1,80,73,1,4,,2,,,4,,2,,2,,,,,2,1,02,3,73,409.01961959
5367959,1,1,1,80,73,1,4,,2,,,1,,2,,2,,,,,2,1,02,1.2,73,224.30680075
5367959,1,2,1,80,73,1,9,COVID 19,2,,,1,,2,,2,,,,,2,1,02,2,73,224.30680075
5367960,1,1,1,80,73,1,8,,2,,,4,,2,,2,,,,,2,1,02,3,73,270.18601456
5367960,1,2,1,80,73,1,3,,2,,,9,,2,,2,,,,,2,1,02,3,73,270.18601456
5367961,1,2,1,80,73,1,7,,1,,2,1,,2,,2,,1,48,908526,2,1,02,2,73,154.95747897
5367962,1,3,1,80,73,2,,,,2,,,.,2,,2,,,,,2,1,02,,73,281.23639936
5367963,1,1,1,80,73,1,8,,2,,,12,COVID,2,,2,,,,,2,1,02,2,73,309.33571646
5367964,1,2,1,80,73,1,3,,2,,,9,,2,,2,,2,,1500000,2,1,02,4,73,326.93977291
5367965,1,2,1,80,73,1,3,,2,,,9,,1,,2,,,,,2,1,02,4,73,341.71571859
5367967,1,2,1,80,73,2,,,,2,,,.,2,,2,,,,,2,1,02,,73,329.32737722
5367967,1,3,1,80,73,1,3,,2,,,9,,2,,2,,,,,2,1,02,4,73,329.32737722
5367968,1,5,1,80,73,1,4,,2,,,4,,2,,2,,,,,2,1,02,1.3,73,399.51912469
5367970,1,1,1,80,73,2,,,,2,,,.,2,,2,,,,,2,1,02,,73,164.58619661
5367970,1,3,1,80,73,2,,,,2,,,.,2,,2,,,,,2,1,02,,73,164.58619661
5367971,1,2,1,80,73,2,,,,2,,,.,2,,2,,,,,2,1,02,,73,277.18461859
5367972,1,1,1,80,73,1,3,,2,,,9,,2,,2,,,,,2,1,02,4,73,210.46541042
5367972,1,3,1,80,73,2,,,,2,,,.,2,,2,,,,,2,1,02,,73,210.46541042
5367973,1,1,1,80,73,1,3,,2,,,9,,2,,2,,,,,2,1,02,4,73,250.19435379
5367975,1,5,1,80,73,2,,,,2,,,.,2,,2,,,,,2,1,02,,73,470.60165057
5367975,1,6,1,80,73,2,,,,2,,,.,2,,2,,,,,2,1,02,,73,470.60165057
5367976,1,1,1,80,73,1,3,,2,,,8,,2,,2,,,,,2,1,02,4,73,270.18601456
5367976,1,2,1,80,73,1,4,,2,,,4,,2,,2,,,,,2,1,02,4,73,270.18601456
5367978,1,1,1,80,73,1,3,,2,,,4,,2,,2,,,,,2,1,02,4,73,194.52553043
5367980,1,2,1,80,73,1,9,COVID 19,2,,,12,COVID 19,2,,2,,,,,2,1,02,1.4,73,270.18601456
5367981,1,1,1,80,73,1,9,COVID 19,2,,,12,COVID 19,3,,2,,,,,3,1,02,1.4,73,242.08669746
5367981,1,2,1,80,73,1,4,,2,,,4,,2,,2,,,,,2,1,02,2,73,242.08669746
5367981,1,3,1,80,73,2,,,,2,,,.,,,2,,,,,,1,02,,73,242.08669746
5367982,1,2,1,80,73,1,3,,2,,,1,,2,,2,,,,,2,1,02,2,73,468.74022373
5367983,1,1,1,80,73,1,3,,2,,,9,,2,,2,,,,,2,1,02,4,73,309.33571646
5367984,1,1,1,80,73,1,9,PANDEMIA,2,,,8,,2,,2,,,,,2,1,02,2,73,250.19435379
5367986,1,2,1,80,73,1,8,,2,,,1,,2,,2,,,,,2,1,02,3,73,254.24613457
5367988,1,3,1,80,73,2,,,,2,,,.,,,2,,,,,,1,02,,73,356.14180175
5367990,1,2,1,80,73,1,3,,2,,,9,,2,,2,,,,,2,1,02,4,73,309.33571646
5367991,1,1,1,80,73,1,3,,2,,,9,,1,,2,,2,,908526,2,1,02,3,73,326.93977291
5367992,1,1,1,80,73,1,4,,2,,,4,,2,,2,,,,,2,1,02,4,73,270.18601456
5367992,1,2,1,80,73,1,4,,2,,,4,,2,,2,,1,48,908526,2,1,02,4,73,270.18601456
5367993,1,1,1,80,73,1,3,,2,,,8,,2,,2,,,,,2,1,02,4,73,250.19435379
5367994,1,1,1,80,73,1,4,,2,,,8,,2,,2,,,,,2,1,02,4,73,329.9066187
5367998,1,1,1,80,73,1,9,COVID 19,2,,,8,,2,,2,,,,,2,1,02,1.4,73,308.59841148
5367999,1,1,1,80,73,1,3,,2,,,4,,2,,2,,,,,2,1,02,4,73,250.19435379
5368001,1,1,1,80,73,1,4,,2,,,8,,2,,2,,,,,2,1,02,4,73,329.9066187
5368005,1,1,1,80,76,1,3,,2,,,9,,2,,2,,,,,2,1,02,4,76,1158.9736939
5368007,1,2,1,80,76,1,3,,2,,,4,,2,,2,,,,,2,1,02,3,76,1292.23302
5368009,1,1,1,80,76,1,5,,2,,,11,,3,,2,,,,,3,1,02,4,76,979.74085993
5368010,1,2,1,80,76,1,9,CAMBIO DE DOMICILIO,2,,,9,,3,,2,,,,,3,1,02,4,76,912.55026063
5368013,1,2,1,80,76,1,5,,2,,,10,,3,,2,,,,,3,1,02,2,76,912.55026063
5368014,1,1,1,80,76,1,4,,2,,,4,,2,,2,,,,,2,1,02,4,76,827.24262774
5368016,1,2,1,80,76,2,,,,2,,,.,2,,2,,,,,2,1,02,,76,1158.9736939
5368019,1,2,1,80,76,1,3,,2,,,9,,2,,2,,,,,2,1,02,4,76,890.21321386
5368020,1,1,1,80,76,1,7,,1,,4,8,,2,,2,,,,,2,1,02,4,76,937.31103431
5368020,1,2,1,80,76,1,4,,2,,,8,,2,,2,,,,,2,1,02,3,76,937.31103431
5368021,1,1,1,80,76,1,7,,2,,,1,,1,,2,,,,,2,1,02,1.4,76,979.74085993
5368023,1,2,1,80,76,2,,,,2,,,.,2,,2,,,,,2,1,02,,76,806.73393215
5368025,1,2,1,80,76,1,3,,2,,,11,,3,,2,,,,,3,1,02,4,76,848.00033783
5368028,1,1,1,80,76,1,5,,2,,,8,,3,,2,,,,,3,1,02,4,76,737.71498168
5368028,1,2,1,80,76,1,7,,2,,,8,,2,,2,,,,,2,1,02,4,76,737.71498168
5368029,1,2,1,80,76,1,8,,1,,1,5,,1,,2,,1,48,908526,2,1,02,2,76,1002.0779067
5368031,1,5,1,80,76,1,3,,2,,,9,,2,,2,,,,,2,1,02,4,76,1415.4554493
5368033,1,2,1,80,76,1,6,,2,,,2,,2,,2,,,,,2,1,02,4,76,1943.000511
5368034,1,2,1,80,76,2,,,,2,,,.,2,,2,,,,,2,1,02,,76,891.79255055
5368034,1,3,1,80,76,1,4,,2,,,8,,2,,2,,,,,2,1,02,3,76,891.79255055
5368037,1,1,1,80,76,1,5,,2,,,10,,3,,2,,,,,3,1,02,4,76,737.71498168
5368037,1,2,1,80,76,1,4,,2,,,4,,2,,2,,,,,2,1,02,1.4,76,737.71498168
5368039,1,1,1,80,76,1,4,,2,,,4,,3,,2,,,,,3,1,02,4,76,890.21321386
5368041,1,2,1,80,76,2,,,,2,,,.,,,2,,,,,,1,02,,76,1492.2840968
5368041,1,3,1,80,76,2,,,,2,,,.,,,2,,,,,,1,02,,76,1492.2840968
5368043,1,3,1,80,76,2,,,,2,,,.,,,2,,,,,,1,02,,76,1084.4284217
5368043,1,4,1,80,76,2,,,,2,,,.,,,2,,,,,,1,02,,76,1084.4284217
5368044,1,4,1,80,76,1,9,El HIJO NO LA DEJO TRABAJAR MAS,2,,,12,UN HIJO NO  LA DEJO TRABAJAR MAS,2,,2,,,,,2,1,02,4,76,605.97445958
5368045,1,1,1,80,76,1,5,,2,,,10,,3,,2,,,,,3,1,02,4,76,848.00033783
5368047,1,1,1,80,76,1,7,,2,,,9,,1,,2,,1,48,908526,2,1,02,1.2,76,882.858541
5368047,1,2,1,80,76,2,,,,2,,,.,,,2,,,,,,1,02,,76,882.858541
5368048,1,1,1,80,76,2,,,,1,4,5,,2,,2,,,,,2,1,02,,76,764.44958347
5368048,1,2,1,80,76,1,5,,1,,4,8,,3,,2,,1,48,908526,3,1,02,4,76,764.44958347
5368048,1,5,1,80,76,2,,,,2,,,.,2,,2,,,,,2,1,02,,76,764.44958347
5368049,1,2,1,80,76,2,,,,2,,,.,,,2,,,,,,1,02,,76,882.858541
5368050,1,1,1,80,76,1,7,,2,,,9,,2,,2,,,,,2,1,02,4,76,912.55026063
5368050,1,2,1,80,76,1,5,,2,,,8,,3,,2,,,,,3,1,02,4,76,912.55026063
5368051,1,1,1,80,76,1,9,POR CUARENTENA DE COVID 19,2,,,9,,2,,2,,1,24,400000,2,1,02,1.4,76,773.45506566
5368052,1,1,1,80,76,1,4,,2,,,4,,2,,2,,,,,2,1,02,4,76,890.21321386
5368052,1,2,1,80,76,2,,,,2,,,.,2,,2,,,,,2,1,02,,76,890.21321386
5368053,2,2,2,80,76,1,3,,2,,,11,,2,,2,,,,,2,1,02,4,76,1062.0308423
5368054,1,2,1,80,76,1,3,,2,,,9,,2,,2,,,,,2,1,02,4,76,890.21321386
5368055,1,1,1,80,76,2,,,,2,,,.,2,,2,,,,,2,1,02,,76,798.61033077
5368055,1,2,1,80,76,2,,,,2,,,.,2,,2,,,,,2,1,02,,76,798.61033077
5368055,1,5,1,80,76,2,,,,2,,,.,2,,2,,,,,2,1,02,,76,798.61033077
5368056,1,1,1,80,76,1,3,,2,,,9,,2,,2,,,,,2,1,02,4,76,800.6855678
5368057,1,1,1,80,76,1,3,,2,,,9,,2,,2,,,,,2,1,02,4,76,966.2684787
5368057,1,2,1,80,76,1,8,,2,,,8,,2,,2,,1,24,450000,2,1,02,1.2,76,966.2684787
5368057,2,2,2,80,76,1,1,,1,,1,9,,2,,2,,1,48,908526,2,1,02,2,76,966.2684787
5368057,2,5,2,80,76,2,,,,2,,,.,2,,2,,1,24,450000,2,1,02,,76,966.2684787
5368057,2,6,2,80,76,2,,,,2,,,.,,,2,,,,,,1,02,,76,966.2684787
5368058,1,3,1,80,76,1,4,,2,,,4,,2,,2,,,,,2,1,02,4,76,764.93697285
5368062,1,3,1,80,76,2,,,,2,,,.,2,,2,,,,,2,1,02,,76,1317.4488178
5368064,1,1,1,80,76,1,4,,2,,,8,,2,,2,,,,,2,1,02,3,76,890.21321386
5368064,1,2,1,80,76,1,4,,2,,,8,,2,,2,,,,,2,1,02,2,76,890.21321386
5368067,1,1,1,80,76,1,5,,2,,,8,,3,,2,,,,,3,1,02,3,76,1069.4460478
5368067,1,2,1,80,76,1,3,,2,,,9,,2,,2,,,,,2,1,02,4,76,1069.4460478
5368068,1,3,1,80,76,2,,,,2,,,.,,,2,,,,,,1,02,,76,1160.5530306
5368069,1,2,1,80,76,1,3,,2,,,9,,1,2,2,,,,,1,1,02,4,76,1368.6066434
5368072,1,3,1,80,76,2,,,,2,,,.,2,,2,,,,,2,1,02,,76,1048.6883378
5368074,2,2,2,80,76,2,,,,2,,,.,2,,2,,,,,2,1,02,,76,1433.1565662
5368075,1,2,1,80,76,1,7,,2,,,4,,3,,2,,,,,3,1,02,4,76,848.00033783
5368078,1,4,1,80,76,2,,,,2,,,.,2,,2,,,,,2,1,02,,76,853.83175259
5368080,1,3,1,80,76,1,1,,2,,,11,,2,,2,,,,,2,1,02,2,76,1069.4460478
5368081,1,1,1,80,76,1,5,,2,,,8,,3,,2,,,,,3,1,02,4,76,711.15792174
5368081,1,2,1,80,76,1,3,,2,,,8,,2,,2,,,,,2,1,02,4,76,711.15792174
5368081,1,3,1,80,76,1,4,,2,,,4,,2,,2,,,,,2,1,02,4,76,711.15792174
5368082,1,2,1,80,76,1,8,,1,,1,5,,1,,2,,2,,908526,2,1,02,4,76,1283.7754599
5368085,1,3,1,80,76,2,,,,2,,,.,2,,2,,,,,2,1,02,,76,1151.6404464
5368086,1,1,1,80,76,1,4,,2,,,4,,2,,2,,,,,2,1,02,4,76,1002.0779067
5368086,1,2,1,80,76,1,3,,1,,1,9,,2,,2,,2,,908526,2,1,02,3,76,1002.0779067
5368089,1,1,1,80,76,1,5,,2,,,4,,3,,2,,,,,3,1,02,4,76,890.21321386
5368089,1,2,1,80,76,1,5,,2,,,8,,3,,2,,,,,3,1,02,4,76,890.21321386
5368091,1,1,1,80,76,1,4,,2,,,4,,2,,2,,,,,2,1,02,4,76,890.21321386
5368093,1,1,1,80,76,1,4,,2,,,4,,2,,2,,,,,2,1,02,4,76,981.32019662
5368094,1,1,1,80,76,1,9,POR LA EDAD,2,,,4,,2,,2,,,,,2,1,02,4,76,1325.9278033
5368094,1,2,1,80,76,1,5,,2,,,8,,3,,2,,,,,3,1,02,4,76,1325.9278033
5368098,1,2,1,80,76,1,4,,2,,,4,,2,,2,,,,,2,1,02,2,76,1347.8489333
5368100,1,5,1,80,76,2,,,,2,,,.,2,,2,,,,,2,1,02,,76,1607.1489071
5368103,1,5,1,80,76,1,3,,2,,,9,,2,,2,,,,,2,1,02,4,76,1096.0245331
5368105,1,2,1,80,76,2,,,,2,,,.,2,,2,,,,,2,1,02,,76,1138.2159838
5368106,1,3,1,80,76,2,,,,2,,,.,2,,2,,,,,2,1,02,,76,1283.7754599
5368107,1,2,1,80,76,1,3,,2,,,9,,2,,2,,,,,2,1,02,4,76,1006.4754617
5368264,1,3,1,80,11,2,,,,2,,,.,2,,2,,,,,2,1,02,,11,2703.4728645
5368265,1,2,1,80,11,1,4,,2,,,4,,3,,2,,,,,3,1,02,4,11,3636.3434936
5368266,1,1,1,80,11,1,3,,2,,,9,,1,,2,,,,,2,1,02,4,11,2820.4992757
5368268,1,1,1,80,11,1,4,,1,,4,4,,2,,2,,,,,2,1,02,4,11,2459.0712328
5368269,1,1,1,80,11,1,3,,2,,,11,,2,,2,,,,,2,1,02,4,11,2665.471299
5368269,1,3,1,80,11,2,,,,2,,,.,2,,2,,,,,2,1,02,,11,2665.471299
5368272,1,3,1,80,11,1,1,,2,,,11,,2,,2,,,,,2,1,02,1.2,11,2786.2755062
5368273,1,3,1,80,11,2,,,,2,,,.,2,,2,,,,,2,1,02,,11,2786.2755062
5368275,1,1,1,80,11,1,5,,2,,,10,,3,,2,,,,,3,1,02,4,11,2866.762914
5368276,1,2,1,80,11,1,9,CAMBIO DE PAIS,2,,,12,NO TIENE DOCUMENTOS LEGALES QUE LE PERMITAN EMPLEARSE,2,,2,,1,30,98,2,1,02,2,11,4496.8164668
5368279,1,3,1,80,11,2,,,,2,,,.,2,,2,,,,,2,1,02,,11,2340.5822593
5368279,2,1,2,80,11,1,7,,2,,,12,POR LA PANDEMIA,3,,2,,2,,908000,3,1,02,1.4,11,2340.5822593
5368282,1,1,1,80,11,1,5,,2,,,8,,3,,2,,,,,3,1,02,4,11,3190.6502468
5368282,1,2,1,80,11,2,,,,2,,,.,2,,2,,,,,2,1,02,,11,3190.6502468
5368283,1,1,1,80,11,1,8,,2,,,9,,1,,2,,1,48,908000,2,1,02,2,11,3465.946143
5368284,1,2,1,80,11,1,3,,2,,,9,,2,,2,,,,,2,1,02,4,11,3636.3434936
5368287,1,7,1,80,11,2,,,,2,,,.,2,,2,,1,48,900000,2,1,02,,11,2358.4427504
5368290,1,3,1,80,11,2,,,,2,,,.,,,2,,,,,,1,02,,11,3486.9602557
5368291,1,1,1,80,11,1,4,,2,,,4,,2,,2,,,,,2,1,02,4,11,2866.762914
5368293,1,1,1,80,11,1,3,,2,,,11,,2,,2,,,,,2,1,02,4,11,2309.6879949
5368293,1,3,1,80,11,2,,,,2,,,.,2,,2,,,,,2,1,02,,11,2309.6879949
5368295,1,3,1,80,11,2,,,,2,,,.,2,,2,,,,,2,1,02,,11,3072.1612733
5368297,1,2,1,80,11,1,5,,2,,,10,,3,,2,,,,,3,1,02,4,11,3407.4667525
5368297,1,4,1,80,11,1,1,,1,,1,9,,2,,2,,2,,1000000,2,1,02,1.3,11,3407.4667525
5368299,1,1,1,80,11,1,4,,2,,,4,,2,,2,,2,,800000,2,1,02,4,11,2866.762914
5368300,1,1,1,80,11,1,9,POR EL COVID,2,,,12,POR EL COVID,1,2,2,,,,,1,1,02,3,11,2489.9654973
5368301,1,2,1,80,11,2,,,,2,,,.,2,,2,,,,,2,1,02,,11,3414.5740535
5368302,1,1,1,80,11,1,5,,2,,,10,,3,,2,,,,,3,1,02,4,11,3791.3522144
5368302,1,6,1,80,11,1,1,,2,,,4,,2,,2,,,,,2,1,02,4,11,3791.3522144
5368307,1,2,1,80,11,1,3,,2,,,9,,2,,2,,2,,98,2,1,02,3,11,3121.5809853
5368310,1,1,1,80,11,2,,,,2,,,.,2,,2,,,,,2,1,02,,11,2421.0696672
5368310,1,2,1,80,11,1,7,,2,,,4,,2,,2,,,,,2,1,02,4,11,2421.0696672
5368314,1,2,1,80,11,1,8,,2,,,9,,1,,2,,1,30,1500000,2,1,02,1.2,11,2889.3951058
5368314,1,3,1,80,11,2,,,,2,,,.,2,,2,,,,,2,1,02,,11,2889.3951058
5368320,1,1,1,80,11,1,5,,2,,,10,,3,,2,,,,,3,1,02,4,11,2897.6571785
5368322,1,3,1,80,11,2,,,,2,,,.,2,,2,,,,,2,1,02,,11,2791.920245
5368323,1,5,1,80,11,2,,,,2,,,.,2,,2,,,,,2,1,02,,11,4237.0454612
5368325,1,3,1,80,11,2,,,,2,,,.,2,,2,,,,,2,1,02,,11,2340.5822593
5368325,1,4,1,80,11,1,5,,2,,,10,,3,,2,,,,,3,1,02,4,11,2340.5822593
5368326,1,2,1,80,11,1,6,,2,,,8,,2,,2,,,,,2,1,02,3,11,3598.341928
5368329,1,2,1,80,11,1,6,,2,,,9,,1,1,2,,,,,1,1,02,4,11,2844.7470944
5368330,1,3,1,80,11,2,,,,2,,,.,2,,2,,,,,2,1,02,,11,2822.8145095
5368330,1,4,1,80,11,2,,,,2,,,.,,,2,,,,,,1,02,,11,2822.8145095
5368335,1,3,1,80,11,2,,,,2,,,.,,,2,,,,,,1,02,,11,2786.2755062
5368340,1,1,1,80,11,1,5,,2,,,10,,3,,2,,,,,3,1,02,4,11,4044.0351748
5368344,1,4,1,80,11,1,5,,2,,,8,,3,,2,,,,,3,1,02,3,11,2675.8877385
5368347,1,2,1,80,11,1,3,,2,,,9,,1,,2,,,,,2,1,02,4,11,3636.3434936
5368348,1,4,1,80,11,1,6,,2,,,11,,2,,2,,,,,2,1,02,4,11,3853.1599993
5368351,1,1,1,80,11,1,6,,2,,,8,,2,,2,,,,,2,1,02,4,11,3144.3866085
5368351,1,3,1,80,11,2,,,,2,,,.,,,2,,,,,,1,02,,11,3144.3866085
5368353,1,1,1,80,11,2,,,,2,,,.,2,,2,,,,,2,1,02,,11,2775.8512644
5368354,1,3,1,80,11,2,,,,2,,,.,2,,2,,,,,2,1,02,,11,2740.0118679
5368354,1,4,1,80,11,2,,,,2,,,.,,,2,,,,,,1,02,,11,2740.0118679
5368355,1,4,1,80,11,2,,,,2,,,.,2,,2,,,,,2,1,02,,11,2822.8145095
5368357,1,1,1,80,11,1,3,,2,,,8,,2,,2,,,,,2,1,02,4,11,2748.2739406
5368358,1,2,1,80,11,1,3,,2,,,9,,2,,2,,,,,2,1,02,4,11,2295.7811833
5368359,1,1,1,80,11,1,4,,2,,,4,,3,,2,,,,,3,1,02,3,11,2489.9654973
5368359,1,3,1,80,11,1,2,,2,,,2,,2,,2,,,,,2,1,02,2,11,2489.9654973
5368362,1,3,1,80,11,2,,,,2,,,.,2,,2,,,,,2,1,02,,11,2471.286985
5368362,1,4,1,80,11,2,,,,2,,,.,2,,2,,,,,2,1,02,,11,2471.286985
5368363,1,1,1,80,11,1,3,,2,,,9,,2,,2,,1,24,2000000,2,1,02,4,11,3629.2361925
5368363,1,2,1,80,11,1,5,,2,,,11,,3,,2,,,,,3,1,02,4,11,3629.2361925
5368367,1,2,1,80,11,1,7,,2,,,11,,2,,2,,,,,2,1,02,4,11,2897.6571785
5368368,1,1,1,80,11,1,4,,2,,,4,,2,,2,,,,,2,1,02,4,11,2401.389448
5368368,1,2,1,80,11,1,4,,2,,,4,,2,,2,,,,,2,1,02,3,11,2401.389448
5368368,1,4,1,80,11,2,,,,2,,,.,2,,2,,,,,2,1,02,,11,2401.389448
5368368,1,6,1,80,11,1,6,,2,,,4,,2,,2,,,,,2,1,02,4,11,2401.389448
5368369,1,3,1,80,11,2,,,,2,,,.,2,,2,,,,,2,1,02,,11,2703.4728645
5368370,1,1,1,80,11,1,5,,2,,,8,,3,,2,,,,,3,1,02,4,11,2866.762914
5368372,1,1,1,80,11,1,4,,2,,,4,,1,,2,,,,,2,1,02,4,11,3598.341928
5368373,1,2,1,80,11,1,3,,2,,,9,,2,,2,,1,48,900000,2,1,02,4,11,2920.4628017
5368373,1,4,1,80,11,1,5,,2,,,10,,3,,2,,,,,3,1,02,1.2,11,2920.4628017
5368379,1,2,1,80,11,1,3,,2,,,9,,2,,2,,,,,2,1,02,4,11,2817.1697706
5368382,1,4,1,80,11,2,,,,2,,,.,,,2,,,,,,1,02,,11,4198.049991
5368383,1,2,1,80,11,2,,,,2,,,.,,,2,,,,,,1,02,,11,2755.3812417
5368384,1,1,1,80,11,1,4,,2,,,4,,2,,2,,,,,2,1,02,4,11,4044.0351748
5368388,1,2,1,80,11,2,,,,2,,,.,,,2,,,,,,1,02,,11,2755.3812417
5368390,1,1,1,80,11,1,5,,2,,,10,,3,,2,,,,,3,1,02,4,11,3598.341928
5368390,1,2,1,80,11,1,6,,2,,,8,,2,,2,,,,,2,1,02,2,11,3598.341928
5368392,1,4,1,80,11,2,,,,1,1,6,,2,,2,,,,,2,1,02,,11,2734.367129
5368393,1,1,1,80,11,1,3,,2,,,8,,2,,2,,,,,2,1,02,4,11,2226.8853532
5368394,1,1,1,80,11,1,4,,2,,,4,,1,1,2,,1,48,908526,1,1,02,4,11,2672.5786
5368394,1,2,1,80,11,2,,,,2,,,.,2,,2,,,,,2,1,02,,11,2672.5786
5368395,1,2,1,80,11,2,,,,2,,,.,2,,2,,,,,2,1,02,,11,2672.5786
5368396,1,1,1,80,11,1,5,,2,,,10,,3,,2,,,,,2,1,02,4,11,2866.762914
5368400,1,2,1,80,11,1,3,,2,,,9,,2,,2,,,,,2,1,02,4,11,2471.286985
5368401,1,1,1,80,11,1,3,,2,,,8,,2,,2,,,,,2,1,02,4,11,2108.3963798
5368404,1,1,1,80,11,1,4,,2,,,4,,2,,2,,,,,2,1,02,2,11,2866.762914
5368405,1,2,1,80,11,1,9,PANDEMIA,2,,,11,,2,,2,,1,70,1500000,2,1,02,2,11,2703.4728645
5368406,1,1,1,80,11,1,5,,2,,,11,,3,,2,,,,,3,1,02,2,11,2897.6571785
5368413,1,3,1,80,11,1,8,,2,,,3,,2,,2,,1,20,908526,2,1,02,1.2,11,5109.9065074
5368415,1,3,1,80,11,2,,,,2,,,.,,,2,,,,,,1,02,,11,2786.2755062
5368416,1,2,1,80,11,2,,,,2,,,.,2,,2,,,,,2,1,02,,11,4815.9320989
5368416,1,3,1,80,11,2,,,,2,,,.,,,2,,,,,,1,02,,11,4815.9320989
5368416,1,5,1,80,11,1,4,,2,,,4,,2,,2,,1,30,800000,2,1,02,3,11,4815.9320989
5368420,1,3,1,80,11,2,,,,2,,,.,2,,2,,1,40,908526,2,1,02,,11,2703.4728645
5368421,1,1,1,80,11,2,,,,2,,,.,2,,2,,,,,2,1,02,,11,6549.0859954
5368421,1,4,1,80,11,2,,,,2,,,.,,,2,,,,,,1,02,,11,6549.0859954
5368426,1,1,1,80,11,1,3,,2,,,8,,2,,2,,,,,2,1,02,4,11,2302.5806938
5368426,1,3,1,80,11,1,2,,2,,,2,,2,,2,,2,,908000,2,1,02,2,11,2302.5806938
5368429,1,2,1,80,11,2,,,,2,,,.,2,,2,,,,,2,1,02,,11,3193.9671874
5368430,1,2,1,80,11,1,1,,2,,,9,,2,,2,,,,,2,1,02,3,11,2554.0896266
5368430,1,3,1,80,11,2,,,,2,,,.,2,,2,,,,,2,1,02,,11,2554.0896266
5368430,1,4,1,80,11,2,,,,2,,,.,,,2,,,,,,1,02,,11,2554.0896266
5368434,1,2,1,80,11,1,9,CIERRE DE LA PLAZA DE MERCADO,2,,,12,TRABAJADORA FAMILIAR SIN REMUNERACION Y ESPERA QUE HABRAN LA PLAZA DE MERCADO,1,,2,,,,,2,1,02,1.1,11,4146.1416139
5368436,1,1,1,80,11,1,5,,2,,,10,,3,,2,,,,,3,1,02,1.2,11,2972.1977474
5368436,1,3,1,80,11,2,,,,2,,,.,2,,2,,,,,2,1,02,,11,2972.1977474
5368437,1,1,1,80,11,1,9,EDAD,1,,4,8,,2,,2,,,,,2,1,02,4,11,4775.6141888
5368437,1,2,1,80,11,1,1,,2,,,8,,2,,2,,,,,2,1,02,4,11,4775.6141888
5368438,1,3,1,80,11,2,,,,2,,,.,2,,2,,,,,2,1,02,,11,2786.2755062
5368439,1,2,1,80,11,1,3,,2,,,9,,2,,2,,1,20,700000,2,1,02,1.4,11,4496.8164668
5368441,1,2,1,80,11,2,,,,2,,,.,2,,2,,,,,2,1,02,,11,5387.2023643
5368442,1,1,1,80,11,1,5,,2,,,10,,3,,2,,,,,3,1,02,4,11,2489.9654973
5368442,1,3,1,80,11,1,7,,1,,2,5,,2,,2,,1,48,900000,2,1,02,2,11,2489.9654973
5368444,1,3,1,80,11,2,,,,2,,,.,,,2,,,,,,1,02,,11,2703.4728645
5368447,1,1,1,80,11,1,9,PANDEMIA DE COVID,2,,,8,,3,,2,,1,48,908526,3,1,02,1.4,11,4044.0351748
5368448,1,4,1,80,11,2,,,,2,,,.,2,,2,,,,,2,1,02,,11,3053.4827611
5368448,1,5,1,80,11,2,,,,2,,,.,2,,2,,,,,2,1,02,,11,3053.4827611
5368451,1,1,1,80,11,1,9,NO DESEA TRABAJAR,2,,,11,,2,,2,,,,,2,1,02,4,11,3598.341928
5368451,1,2,1,80,11,1,3,,2,,,8,,2,,2,,,,,2,1,02,4,11,3598.341928
5368452,1,2,1,80,11,2,,,,2,,,.,2,,2,,,,,2,1,02,,11,2384.2285637
5368452,1,3,1,80,11,2,,,,2,,,.,,,2,,,,,,1,02,,11,2384.2285637
5368453,1,1,1,80,11,1,4,,2,,,4,,2,,2,,,,,2,1,02,4,11,3221.5445112
5368453,1,2,1,80,11,2,,,,2,,,.,2,,2,,,,,2,1,02,,11,3221.5445112
5368455,1,1,1,80,11,1,3,,2,,,9,,2,,2,,,,,2,1,02,4,11,4051.12322
5368458,1,2,1,80,11,2,,,,2,,,.,,,2,,,,,,1,02,,11,2634.5770345
5368459,1,2,1,80,11,2,,,,2,,,.,2,,2,,,,,2,1,02,,11,2755.3812417
5368460,1,2,1,80,11,1,2,,2,,,2,,2,,2,,,,,2,1,02,1.4,11,3297.086787
5368461,1,1,1,80,11,1,4,,2,,,4,,2,,2,,,,,2,1,02,4,11,3598.341928
5368461,1,2,1,80,11,1,4,,2,,,4,,2,,2,,,,,2,1,02,4,11,3598.341928
5368462,1,4,1,80,11,1,6,,2,,,9,,2,,2,,,,,2,1,02,4,11,3818.9373405
5368462,1,5,1,80,11,2,,,,2,,,.,2,,2,,,,,2,1,02,,11,3818.9373405
5368464,1,1,1,80,11,1,5,,2,,,10,,3,,2,,,,,3,1,02,4,11,3922.2292607
5368464,1,2,1,80,11,1,5,,2,,,10,,3,,2,,,,,3,1,02,4,11,3922.2292607
5368464,1,3,1,80,11,1,8,,2,,,9,,1,,2,,,,,2,1,02,4,11,3922.2292607
5368464,1,4,1,80,11,1,5,,2,,,10,,3,,2,,,,,3,1,02,4,11,3922.2292607
5368467,1,1,1,80,11,1,3,,2,,,9,,2,,2,,,,,2,1,02,4,11,2489.9654973
5368469,1,3,1,80,11,2,,,,2,,,.,2,,2,,,,,2,1,02,,11,2786.2755062
5368470,1,1,1,80,11,1,4,,2,,,4,,2,,2,,2,,908000,2,1,02,2,11,4682.7387081
5368477,1,1,1,80,11,2,,,,2,,,.,2,,2,,,,,2,1,02,,11,2309.6879949
5368477,1,2,1,80,11,1,7,,1,,2,1,,1,,2,,,,,2,1,02,3,11,2309.6879949
5368477,1,3,1,80,11,1,2,,2,,,6,,1,,1,1000000,,,,2,1,02,1.1,11,2309.6879949
5368478,1,2,1,80,11,1,4,,2,,,8,,2,,2,,,,,2,1,02,4,11,4074.9294393
5368479,1,1,1,80,11,1,5,,2,,,10,,3,,2,,,,,3,1,02,4,11,3247.6670751
5368479,1,2,1,80,11,1,7,,1,,4,8,,1,,2,,,,,2,1,02,4,11,3247.6670751
5368479,1,5,1,80,11,1,2,,2,,,2,,1,,1,1100000,,,,2,1,02,1.1,11,3247.6670751
5368481,1,3,1,80,11,2,,,,2,,,.,,,2,,,,,,1,02,,11,4487.0918319
5368482,1,5,1,80,11,2,,,,2,,,.,,,2,,,,,,1,02,,11,2657.2092262
5368483,1,1,1,80,11,1,5,,2,,,10,,3,,2,,,,,3,1,02,4,11,3598.341928
5368484,1,1,1,80,11,1,3,,2,,,9,,2,,2,,,,,2,1,02,4,11,2866.762914
5368486,1,3,1,80,11,2,,,,2,,,.,2,,2,,,,,2,1,02,,11,2471.286985
5368486,1,4,1,80,11,2,,,,2,,,.,,,2,,,,,,1,02,,11,2471.286985
5368488,1,1,1,80,11,2,,,,2,,,.,2,,2,,,,,2,1,02,,11,3343.3504253
5368490,1,1,1,80,11,1,5,,2,,,10,,3,,2,,,,,3,1,02,3,11,4530.0385295
5368490,1,2,1,80,11,1,9,POR LA EMERGENCIA SANITARIA,2,,,8,,1,2,2,,,,,1,1,02,1.4,11,4530.0385295
5368493,1,1,1,80,11,1,8,,1,,1,12,COVID 19,1,,2,,,,450000,2,1,02,3,11,2897.6571785
5368493,1,2,1,80,11,2,,,,2,,,.,2,,2,,,,,2,1,02,,11,2897.6571785
5368500,1,2,1,80,11,1,3,,2,,,9,,2,,2,,,,,2,1,02,2,11,4492.0447662
5368503,1,2,1,80,11,1,7,,1,,1,9,,1,,2,,,,,2,1,02,2,11,3976.280551
5368503,1,6,1,80,11,2,,,,2,,,.,,,2,,,,,,1,02,,11,3976.280551
5368503,1,7,1,80,11,2,,,,2,,,.,,,2,,,,,,1,02,,11,3976.280551
5368504,1,5,1,80,11,1,9,PANDEMIA,2,,,12,PANDEMIA,2,,2,,2,,98,2,1,02,1.4,11,2861.8099797
5368505,1,2,1,80,11,1,3,,2,,,9,,2,,2,,2,,908526,2,1,02,4,11,2889.3951058
5368505,1,3,1,80,11,2,,,,2,,,.,,,2,,,,,,1,02,,11,2889.3951058
5368506,1,2,1,80,11,1,3,,2,,,9,,2,,2,,,,,2,1,02,4,11,3629.2361925
5368507,1,2,1,80,11,1,9,POR LA EMERGENCIA SANITARIA,2,,,12,POR LA EMERGENCIA SANITARIA,2,,2,,1,24,98,2,1,02,1.4,11,2972.1977474
5368507,1,3,1,80,11,2,,,,2,,,.,,,2,,,,,,1,02,,11,2972.1977474
5368508,1,2,1,80,11,1,3,,1,,2,9,,1,,2,,1,48,908526,2,1,02,2,11,3121.5809853
5368509,1,2,1,80,11,1,7,,2,,,9,,1,,2,,,,,2,1,02,2,11,3672.8824969
5368511,1,6,1,80,11,2,,,,1,1,2,,2,,2,,,,,2,1,02,,11,4301.1695906
5368512,1,3,1,80,11,2,,,,2,,,.,2,,2,,,,,2,1,02,,11,2554.0896266
5368512,1,4,1,80,11,2,,,,2,,,.,2,,2,,,,,2,1,02,,11,2554.0896266
5368515,1,5,1,80,11,1,4,,2,,,4,,2,,2,,,,,2,1,02,2,11,5650.2825083
5368516,1,1,1,80,11,1,1,,2,,,5,,3,,2,,,,,3,1,02,4,11,2520.8597617
5368526,1,3,1,80,11,2,,,,2,,,.,2,,2,,,,,2,1,02,,11,2740.0118679
5368526,1,4,1,80,11,2,,,,2,,,.,,,2,,,,,,1,02,,11,2740.0118679
5368791,1,2,1,80,23,1,3,,2,,,9,,2,,2,,,,,2,1,02,3,23,203.4777076
5368795,1,3,1,80,23,2,,,,2,,,.,2,,2,,,,,2,1,02,,23,198.85294029
5368796,1,1,1,80,23,1,9,POR LA PANDEMIA,2,,,12,POR LA PANDEMIA,2,,2,,,,,2,1,02,2,23,140.22622353
5368796,1,9,1,80,23,2,,,,2,,,.,2,,2,,,,,2,1,02,,23,140.22622353
5368797,1,2,1,80,23,2,,,,2,,,.,2,,2,,,,,2,1,02,,23,110.78286713
5368797,1,3,1,80,23,2,,,,2,,,.,2,,2,,,,,2,1,02,,23,110.78286713
5368798,1,4,1,80,23,2,,,,2,,,.,2,,2,,,,,2,1,02,,23,161.59812324
5368798,1,5,1,80,23,2,,,,2,,,.,2,,2,,,,,2,1,02,,23,161.59812324
5368798,1,7,1,80,23,2,,,,2,,,.,2,,2,,,,,2,1,02,,23,161.59812324
5368801,1,3,1,80,23,1,3,,2,,,9,,2,,2,,,,,2,1,02,4,23,165.06489327
5368802,1,1,1,80,23,1,3,,2,,,9,,2,,2,,1,40,600000,2,1,02,1.4,23,117.3942256
5368802,1,3,1,80,23,2,,,,2,,,.,2,,2,,,,,2,1,02,,23,117.3942256
5368802,1,4,1,80,23,2,,,,2,,,.,,,2,,,,,,1,02,,23,117.3942256
5368803,1,1,1,80,23,2,,,,2,,,.,2,,2,,1,48,500000,2,1,02,,23,181.32230828
5368803,1,3,1,80,23,2,,,,2,,,.,2,,2,,,,,2,1,02,,23,181.32230828
5368804,1,4,1,80,23,2,,,,2,,,.,2,,2,,,,,2,1,02,,23,216.74173713
5368805,1,1,1,80,23,1,4,,2,,,8,,2,,2,,,,,2,1,02,4,23,134.85095048
5368805,1,3,1,80,23,1,8,,2,,,1,,2,,2,,1,48,908526,2,1,02,1.4,23,134.85095048
5368805,1,5,1,80,23,2,,,,2,,,.,,,2,,,,,,1,02,,23,134.85095048
5368805,2,2,2,80,23,2,,,,2,,,.,,,2,,,,,,1,02,,23,134.85095048
5368806,1,2,1,80,23,1,3,,2,,,9,,2,,2,,,,,2,1,02,1.4,23,218.90229629
5368807,1,4,1,80,23,2,,,,2,,,.,2,,2,,,,,2,1,02,,23,102.16163493
5368808,1,1,1,80,23,1,4,,2,,,4,,2,,2,,,,,2,1,02,4,23,139.93805593
5368810,1,2,1,80,23,1,3,,2,,,12,POR PQNDEMIA COVID 19,2,,2,,,,,2,1,02,3,23,172.61743237
5368813,1,1,1,80,23,1,3,,2,,,9,,2,,2,,,,,2,1,02,4,23,168.12017753
5368813,1,5,1,80,23,2,,,,2,,,.,2,,2,,,,,2,1,02,,23,168.12017753
5368814,1,1,1,80,23,1,5,,2,,,10,,3,,2,,,,,3,1,02,4,23,128.5441515
5368814,1,2,1,80,23,1,7,,2,,,12,COVID19,2,,2,,1,48,908526,2,1,02,1.3,23,128.5441515
5368814,1,4,1,80,23,2,,,,2,,,.,2,,2,,,,,2,1,02,,23,128.5441515
5368815,1,2,1,80,23,1,4,,2,,,4,,2,,2,,2,,908526,2,1,02,3,23,184.37759254
5368815,1,5,1,80,23,2,,,,2,,,.,2,,2,,1,48,908526,2,1,02,,23,184.37759254
5368816,1,1,1,80,23,1,3,,2,,,8,,2,,2,,,,,2,1,02,4,23,167.78814116
5368817,1,2,1,80,23,1,4,,2,,,4,,2,,2,,,,,2,1,02,4,23,183.68089998
5368818,1,1,1,80,23,1,3,,2,,,8,,2,,2,,,,,2,1,02,4,23,152.69558884
5368818,1,3,1,80,23,1,3,,2,,,9,,2,,2,,,,,2,1,02,3,23,152.69558884
5368818,1,6,1,80,23,2,,,,2,,,.,2,,2,,,,,2,1,02,,23,152.69558884
5368819,1,3,1,80,23,2,,,,2,,,.,2,,2,,,,,2,1,02,,23,159.16690896
5368819,1,4,1,80,23,2,,,,2,,,.,2,,2,,,,,2,1,02,,23,159.16690896
5368820,1,2,1,80,23,1,3,,2,,,9,,2,,2,,,,,2,1,02,2,23,218.20950831
5368820,1,4,1,80,23,2,,,,2,,,.,2,,2,,,,,2,1,02,,23,218.20950831
5368821,1,1,1,80,23,1,4,,2,,,4,,2,,2,,,,,2,1,02,2,23,188.74474814
5368821,1,2,1,80,23,1,4,,2,,,4,,2,,2,,,,,2,1,02,4,23,188.74474814
5368821,1,4,1,80,23,1,9,POR LA PANDEMIA,2,,,9,,2,,2,,,,,2,1,02,2,23,188.74474814
5368821,1,5,1,80,23,2,,,,2,,,.,2,,2,,,,,2,1,02,,23,188.74474814
5368821,1,6,1,80,23,2,,,,2,,,.,,,2,,,,,,1,02,,23,188.74474814
5368822,1,1,1,80,23,1,7,,2,,,1,,2,,2,,1,48,900000,2,1,02,1.4,23,154.44762305
5368822,1,3,1,80,23,2,,,,2,,,.,,,2,,,,,,1,02,,23,154.44762305
5368823,1,1,1,80,23,1,4,,2,,,4,,2,,2,,,,,2,1,02,1.4,23,178.33458327
5368823,1,2,1,80,23,2,,,,2,,,.,2,,2,,,,,2,1,02,,23,178.33458327
5368823,1,3,1,80,23,1,4,,2,,,12,INCAPACIDAD TEMPORAL,2,,2,,,,,2,1,02,2,23,178.33458327
5368823,1,5,1,80,23,2,,,,2,,,.,2,,2,,,,,2,1,02,,23,178.33458327
5368823,1,6,1,80,23,2,,,,2,,,.,2,,2,,,,,2,1,02,,23,178.33458327
5368823,1,7,1,80,23,2,,,,2,,,.,2,,2,,,,,2,1,02,,23,178.33458327
5368823,1,8,1,80,23,2,,,,2,,,.,2,,2,,,,,2,1,02,,23,178.33458327
5368824,1,1,1,80,23,1,5,,2,,,10,,3,,2,,,,,3,1,02,4,23,190.36619086
5368824,1,2,1,80,23,2,,,,2,,,.,2,,2,,,,,2,1,02,,23,190.36619086
5368824,1,3,1,80,23,1,4,,2,,,4,,3,,2,,,,,3,1,02,3,23,190.36619086
5368825,1,1,1,80,23,1,5,,2,,,10,,3,,2,,,,,3,1,02,4,23,229.7407973
5368825,1,2,1,80,23,1,3,,2,,,9,,2,,2,,,,,2,1,02,4,23,229.7407973
5368826,1,2,1,80,23,1,1,,2,,,1,,2,,2,,,,,2,1,02,2,23,160.91220068
5368826,1,5,1,80,23,1,3,,2,,,9,,2,,2,,,,,2,1,02,3,23,160.91220068
5368826,1,6,1,80,23,2,,,,2,,,.,2,,2,,,,,2,1,02,,23,160.91220068
5368827,1,3,1,80,23,2,,,,2,,,.,2,,2,,,,,2,1,02,,23,173.64225671
5368828,1,3,1,80,23,2,,,,2,,,.,2,,2,,,,,2,1,02,,23,173.64225671
5368829,1,3,1,80,23,2,,,,2,,,.,2,,2,,,,,2,1,02,,23,163.99620017
5368829,1,4,1,80,23,2,,,,2,,,.,2,,2,,,,,2,1,02,,23,163.99620017
5368831,1,2,1,80,23,1,8,,2,,,1,,2,,2,,1,48,908526,2,1,02,1.2,23,203.66970562
5368832,1,2,1,80,23,2,,,,2,,,.,2,,2,,,,,2,1,02,,23,178.45902204
5368833,1,1,1,80,23,1,3,,2,,,8,,2,,2,,,,,2,1,02,4,23,158.23956404
5368834,1,2,1,80,23,1,7,,2,,,1,,2,,2,,,,,2,1,02,2,23,193.3995791
5368834,1,5,1,80,23,2,,,,2,,,.,2,,2,,,,,2,1,02,,23,193.3995791
5368834,1,6,1,80,23,2,,,,2,,,.,2,,2,,,,,2,1,02,,23,193.3995791
5368836,1,2,1,80,23,2,,,,2,,,.,2,,2,,,,,2,1,02,,23,109.85421238
5368836,1,3,1,80,23,2,,,,2,,,.,,,2,,,,,,1,02,,23,109.85421238
5368836,1,5,1,80,23,1,3,,2,,,9,,2,,2,,,,,2,1,02,3,23,109.85421238
5368837,1,1,1,80,23,1,5,,2,,,10,,3,,2,,,,,3,1,02,3,23,159.26438838
5368837,1,2,1,80,23,1,3,,2,,,9,,2,,2,,,,,2,1,02,4,23,159.26438838
5368838,1,1,1,80,23,1,8,,2,,,8,,2,,2,,,,,2,1,02,4,23,209.56082452
5368839,1,2,1,80,23,2,,,,2,,,.,2,,2,,,,,2,1,02,,23,161.70502424
5368840,1,2,1,80,23,1,3,,2,,,9,,2,,2,,,,,2,1,02,4,23,184.18559452
5368840,1,3,1,80,23,2,,,,2,,,.,2,,2,,,,,2,1,02,,23,184.18559452
5368840,1,4,1,80,23,2,,,,2,,,.,,,2,,,,,,1,02,,23,184.18559452
5368841,1,1,1,80,23,1,4,,2,,,4,,2,,2,,,,,2,1,02,4,23,203.33766925
5368842,1,1,1,80,23,1,5,,2,,,10,,3,,2,,,,,3,1,02,4,23,261.37770673
5368842,1,3,1,80,23,1,3,,2,,,9,,2,,2,,,,,2,1,02,3,23,261.37770673
5368842,1,6,1,80,23,2,,,,2,,,.,2,,2,,,,,2,1,02,,23,261.37770673
5368844,1,2,1,80,23,1,4,,2,,,4,,2,,2,,,,,2,1,02,3,23,163.99620017
5368844,1,3,1,80,23,2,,,,2,,,.,2,,2,,1,30,500000,2,1,02,,23,163.99620017
5368844,1,4,1,80,23,2,,,,2,,,.,2,,2,,,,,2,1,02,,23,163.99620017
5368845,1,1,1,80,23,1,4,,2,,,4,,2,,2,,,,,2,1,02,3,23,131.86957335
5368845,1,3,1,80,23,2,,,,2,,,.,,,2,,,,,,1,02,,23,131.86957335
5368846,1,2,1,80,23,1,3,,2,,,9,,2,,2,,,,,2,1,02,4,23,163.99620017
5368846,1,3,1,80,23,2,,,,2,,,.,2,,2,,,,,2,1,02,,23,163.99620017
5368846,1,4,1,80,23,2,,,,2,,,.,,,2,,,,,,1,02,,23,163.99620017
5368847,1,2,1,80,23,1,4,,2,,,9,,2,,2,,,,,2,1,02,4,23,178.45902204
5368848,1,1,1,80,23,1,4,,2,,,4,,2,,2,,,,,2,1,02,4,23,142.92201983
5368848,1,5,1,80,23,2,,,,2,,,.,2,,2,,,,,2,1,02,,23,142.92201983
5368849,1,3,1,80,23,2,,,,2,,,.,2,,2,,,,,2,1,02,,23,133.36091683
5368850,1,2,1,80,23,1,3,,2,,,9,,2,,2,,,,,2,1,02,3,23,201.71622653
5368850,1,4,1,80,23,2,,,,2,,,.,2,,2,,,,,2,1,02,,23,201.71622653
5368851,1,2,1,80,23,2,,,,2,,,.,2,,2,,,,,2,1,02,,23,124.75221051
5368851,1,4,1,80,23,1,1,,1,,1,1,,2,,2,,1,48,908526,2,1,02,1.4,23,124.75221051
5368851,1,5,1,80,23,2,,,,2,,,.,2,,2,,,,,2,1,02,,23,124.75221051
5368852,1,3,1,80,23,2,,,,2,,,.,2,,2,,,,,2,1,02,,23,194.26682732
5368852,1,5,1,80,23,1,8,,2,,,12,TEMOR A LA PANDEMIA,2,,2,,,,,2,1,02,3,23,194.26682732
5368853,1,2,1,80,23,2,,,,2,,,.,2,,2,,,,,2,1,02,,23,136.68633868
5368855,1,2,1,80,23,1,3,,2,,,1,,2,,2,,,,,2,1,02,2,23,142.92201983
5368855,1,4,1,80,23,2,,,,2,,,.,2,,2,,,,,2,1,02,,23,142.92201983
5368855,1,5,1,80,23,2,,,,2,,,.,2,,2,,,,,2,1,02,,23,142.92201983
5368858,1,1,1,80,23,1,3,,2,,,8,,2,,2,,,,,2,1,02,3,23,165.48754365
5368860,1,1,1,80,23,1,7,,2,,,1,,2,,2,,1,40,600000,2,1,02,1.4,23,145.30757088
5368861,1,2,1,80,23,1,3,,2,,,9,,2,,2,,,,,2,1,02,4,23,145.87025961
5368862,1,1,1,80,23,1,8,,2,,,4,,2,,2,,2,,1000000,2,1,02,1.2,23,203.4777076
5368865,1,3,1,80,23,2,,,,2,,,.,2,,2,,1,40,908526,2,1,02,,23,191.29353578
5368865,1,4,1,80,23,2,,,,2,,,.,2,,2,,,,,2,1,02,,23,191.29353578
5368865,1,5,1,80,23,2,,,,2,,,.,2,,2,,,,,2,1,02,,23,191.29353578
5368866,1,1,1,80,23,1,3,,2,,,8,,2,,2,,,,,2,1,02,4,23,105.9661018
5368866,1,4,1,80,23,2,,,,2,,,.,2,,2,,,,,2,1,02,,23,105.9661018
5368867,1,1,1,80,23,1,3,,2,,,9,,2,,2,,,,,2,1,02,4,23,152.48161808
5368867,1,3,1,80,23,2,,,,2,,,.,,,2,,,,,,1,02,,23,152.48161808
5368867,1,4,1,80,23,2,,,,2,,,.,,,2,,,,,,1,02,,23,152.48161808
5368870,1,3,1,80,23,2,,,,2,,,.,2,,2,,,,,2,1,02,,23,181.32230828
5368871,1,3,1,80,23,2,,,,2,,,.,2,,2,,,,,2,1,02,,23,198.85294029
5368872,1,2,1,80,23,2,,,,2,,,.,2,,2,,,,,2,1,02,,23,141.51562989
5368873,1,3,1,80,23,2,,,,2,,,.,2,,2,,,,,2,1,02,,23,105.9661018
5368873,1,4,1,80,23,2,,,,2,,,.,,,2,,,,,,1,02,,23,105.9661018
5368874,1,3,1,80,23,2,,,,2,,,.,2,,2,,,,,2,1,02,,23,163.99620017
5368874,1,4,1,80,23,2,,,,2,,,.,,,2,,,,,,1,02,,23,163.99620017
5368875,1,1,1,80,23,1,3,,2,,,8,,2,,2,,,,,2,1,02,4,23,120.42892367
5368876,1,1,1,80,23,1,7,,2,,,1,,2,,2,,1,48,908526,2,1,02,1.4,23,156.45618695
5368876,1,4,1,80,23,2,,,,2,,,.,2,,2,,,,,2,1,02,,23,156.45618695
5368876,1,5,1,80,23,2,,,,2,,,.,,,2,,,,,,1,02,,23,156.45618695
5368877,1,2,1,80,23,1,6,,2,,,11,,2,,2,,,,,2,1,02,1.4,23,173.64225671
5368877,1,3,1,80,23,2,,,,2,,,.,2,,2,,,,,2,1,02,,23,173.64225671
5368878,1,4,1,80,23,1,4,,2,,,4,,2,,2,,,,,2,1,02,2,23,177.76623407
5368879,1,1,1,80,23,1,5,,2,,,10,,3,,2,,,,,3,1,02,4,23,168.69539214
5368879,1,2,1,80,23,2,,,,2,,,.,2,,2,,,,,2,1,02,,23,168.69539214
5368879,1,4,1,80,23,2,,,,2,,,.,2,,2,,,,,2,1,02,,23,168.69539214
5368879,1,8,1,80,23,1,4,,2,,,9,,2,,2,,,,,2,1,02,3,23,168.69539214
5368880,1,2,1,80,23,1,3,,2,,,9,,2,,2,,,,,2,1,02,4,23,131.83008812
5368880,1,3,1,80,23,1,3,,2,,,9,,2,,2,,2,,800000,2,1,02,4,23,131.83008812
5368880,1,6,1,80,23,1,8,,2,,,2,,2,,2,,2,,908526,2,1,02,2,23,131.83008812
5368881,1,1,1,80,23,1,9,POR PANDEMIA,2,,,1,,2,,2,,1,48,900000,2,1,02,1.4,23,159.17943484
5368881,1,3,1,80,23,2,,,,2,,,.,2,,2,,,,,2,1,02,,23,159.17943484
5368881,1,4,1,80,23,2,,,,2,,,.,2,,2,,,,,2,1,02,,23,159.17943484
5368881,1,5,1,80,23,2,,,,2,,,.,2,,2,,,,,2,1,02,,23,159.17943484
5368882,1,1,1,80,23,1,1,,2,,,1,,1,,2,,1,48,1000000,2,1,02,1.4,23,149.63085772
5368882,1,2,1,80,23,1,1,,2,,,8,,2,,2,,,,,2,1,02,3,23,149.63085772
5368882,1,3,1,80,23,2,,,,2,,,.,2,,2,,,,,2,1,02,,23,149.63085772
5368882,1,4,1,80,23,2,,,,2,,,.,,,2,,,,,,1,02,,23,149.63085772
5368883,1,2,1,80,23,2,,,,2,,,.,2,,2,,,,,2,1,02,,23,131.86957335
5368883,1,3,1,80,23,2,,,,2,,,.,2,,2,,,,,2,1,02,,23,131.86957335
5368884,1,2,1,80,23,2,,,,2,,,.,2,,2,,2,,908526,2,1,02,,23,147.1146899
5368884,1,3,1,80,23,2,,,,2,,,.,2,,2,,,,,2,1,02,,23,147.1146899
5368884,1,4,1,80,23,2,,,,2,,,.,2,,2,,,,,2,1,02,,23,147.1146899
5368886,1,1,1,80,23,1,5,,2,,,10,,3,,2,,,,,3,1,02,4,23,120.42892367
5368887,1,1,1,80,23,2,,,,2,,,.,2,,2,,,,,2,1,02,,23,108.48226962
5368887,1,3,1,80,23,1,3,,2,,,8,,2,,2,,,,,2,1,02,4,23,108.48226962
5368889,1,2,1,80,23,1,4,,2,,,9,,2,,2,,,,,2,1,02,1.4,23,154.44762305
5368889,1,3,1,80,23,2,,,,2,,,.,2,,2,,,,,2,1,02,,23,154.44762305
5368892,1,2,1,80,23,2,,,,2,,,.,2,,2,,,,,2,1,02,,23,120.42892367
5368893,1,1,1,80,23,1,5,,2,,,10,,3,,2,,,,,3,1,02,4,23,152.55555049
5368894,1,2,1,80,23,1,3,,2,,,9,,2,,2,,,,,2,1,02,3,23,168.82549138
5368894,1,3,1,80,23,2,,,,2,,,.,2,,2,,,,,2,1,02,,23,168.82549138
5368894,1,4,1,80,23,2,,,,2,,,.,2,,2,,,,,2,1,02,,23,168.82549138
5368896,1,2,1,80,23,2,,,,2,,,.,2,,2,,,,,2,1,02,,23,156.74822056
5368899,1,2,1,80,23,2,,,,2,,,.,,,2,,,,,,1,02,,23,141.51562989
5368901,1,3,1,80,23,2,,,,2,,,.,2,,2,,,,,2,1,02,,23,148.5935075
5368902,1,2,1,80,23,2,,,,2,,,.,2,,2,,,,,2,1,02,,23,141.51562989
5368908,1,3,1,80,23,2,,,,2,,,.,,,2,,,,,,1,02,,23,186.15159949
5368919,1,1,1,80,23,1,3,,2,,,9,,2,,2,,,,,2,1,02,4,23,101.13681059
5368919,1,3,1,80,23,2,,,,2,,,.,2,,2,,,,,2,1,02,,23,101.13681059
5368919,1,4,1,80,23,2,,,,2,,,.,,,2,,,,,,1,02,,23,101.13681059
5369413,1,2,1,80,50,1,3,,2,,,9,,2,,2,,,,,2,1,02,4,50,236.79038359
5369413,1,3,1,80,50,2,,,,2,,,.,2,,2,,,,,2,1,02,,50,236.79038359
5369414,1,3,1,80,50,2,,,,1,3,2,,2,,2,,2,,920000,2,1,02,,50,264.24563201
5369414,1,4,1,80,50,2,,,,2,,,.,2,,2,,,,,2,1,02,,50,264.24563201
5369415,1,2,1,80,50,2,,,,2,,,.,,,2,,,,,,1,02,,50,327.04013501
5369420,1,1,1,80,50,2,,,,2,,,.,2,,2,,,,,2,1,02,,50,309.67851659
5369423,1,4,1,80,50,1,2,,2,,,2,,2,,2,,,,,2,1,02,1.4,50,157.52759314
5369424,1,3,1,80,50,2,,,,2,,,.,2,,2,,,,,2,1,02,,50,243.83264805
5369427,1,1,1,80,50,1,7,,2,,,9,,2,,2,,2,,1000000,2,1,02,2,50,169.90861345
5369427,1,3,1,80,50,2,,,,2,,,.,2,,2,,,,,2,1,02,,50,169.90861345
5369427,1,4,1,80,50,1,3,,2,,,4,,2,,2,,,,,2,1,02,4,50,169.90861345
5369428,1,3,1,80,50,2,,,,2,,,.,,,2,,,,,,1,02,,50,282.73276981
5369429,1,3,1,80,50,2,,,,2,,,.,2,,2,,,,,2,1,02,,50,191.15126464
5369431,1,2,1,80,50,1,6,,2,,,9,,2,,2,,,,,2,1,02,4,50,296.67677503
5369431,1,3,1,80,50,2,,,,2,,,.,,,2,,,,,,1,02,,50,296.67677503
5369433,1,2,1,80,50,1,1,,2,,,9,,2,,2,,,,,2,1,02,3,50,323.83146779
5369435,1,3,1,80,50,2,,,,2,,,.,2,,2,,,,,2,1,02,,50,205.09526986
5369436,1,1,1,80,50,1,3,,2,,,8,,2,,2,,,,,2,1,02,4,50,164.84110916
5369437,1,3,1,80,50,1,3,,2,,,1,,2,,2,,,,,2,1,02,1.2,50,273.14397677
5369438,1,2,1,80,50,1,3,,2,,,9,,2,,2,,,,,2,1,02,4,50,189.74979018
5369438,1,3,1,80,50,1,2,,2,,,2,,2,,2,,,,,2,1,02,2,50,189.74979018
5369439,1,2,1,80,50,2,,,,2,,,.,2,,2,,2,,900000,2,1,02,,50,205.09526986
5369442,1,2,1,80,50,2,,,,2,,,.,2,,2,,,,,2,1,02,,50,374.60781173
5369447,1,3,1,80,50,2,,,,2,,,.,,,2,,,,,,1,02,,50,205.09526986
5369448,1,1,1,80,50,1,3,,2,,,9,,2,,2,,2,,900000,2,1,02,4,50,214.81630807
5369451,1,3,1,80,50,2,,,,2,,,.,2,,2,,,,,2,1,02,,50,244.22201782
5369451,1,4,1,80,50,2,,,,2,,,.,,,2,,,,,,1,02,,50,244.22201782
5369451,1,8,1,80,50,1,3,,2,,,8,,2,,2,,,,,2,1,02,3,50,244.22201782
5369459,1,1,1,80,50,1,7,,2,,,9,,2,,1,80000,2,,906000,2,1,02,1.1,50,194.18170317
5369463,1,4,1,80,50,1,3,,2,,,9,,2,,2,,,,,2,1,02,1.4,50,376.35415091
5369464,1,1,1,80,50,1,3,,2,,,9,,2,,2,,,,,2,1,02,4,50,329.97619251
5369464,1,4,1,80,50,1,4,,2,,,4,,2,,2,,,,,2,1,02,4,50,329.97619251
5369465,1,1,1,80,50,1,5,,2,,,10,,3,,2,,,,,3,1,02,4,50,231.00999861
5369465,2,1,2,80,50,1,8,,2,,,4,,2,,2,,,,,2,1,02,2,50,231.00999861
5369466,1,2,1,80,50,1,4,,2,,,4,,3,,2,,,,,3,1,02,4,50,256.42261434
5369467,1,2,1,80,50,2,,,,2,,,.,,,2,,,,,,1,02,,50,367.39012873
5369470,1,3,1,80,50,2,,,,2,,,.,2,,2,,,,,2,1,02,,50,269.52208228
5369470,1,4,1,80,50,2,,,,2,,,.,,,2,,,,,,1,02,,50,269.52208228
5369473,1,2,1,80,50,2,,,,2,,,.,2,,2,,,,,2,1,02,,50,232.24996261
5369476,1,3,1,80,50,2,,,,2,,,.,,,2,,,,,,1,02,,50,277.45631955
5369477,1,1,1,80,50,1,6,,2,,,8,,2,,2,,1,48,1000000,2,1,02,3,50,246.67697553
5369477,1,5,1,80,50,2,,,,2,,,.,,,2,,,,,,1,02,,50,246.67697553
5369478,1,1,1,80,50,1,7,,2,,,7,,1,1,2,,1,48,900000,1,1,02,2,50,239.72498909
5369479,1,1,1,80,50,1,3,,2,,,9,,2,,2,,,,,2,1,02,4,50,244.8399289
5369480,1,3,1,80,50,2,,,,2,,,.,,,2,,,,,,1,02,,50,419.81416867
5369481,1,2,1,80,50,1,9,CAMBIO DE CIUDAD,2,,,9,,1,,2,,2,,906000,2,1,02,4,50,322.66267649
5369482,1,1,1,80,50,1,4,,2,,,4,,2,,2,,,,,2,1,02,4,50,241.58663631
5369482,1,3,1,80,50,1,2,,2,,,2,,2,,2,,,,,2,1,02,1.4,50,241.58663631
5369482,1,4,1,80,50,1,2,,2,,,2,,2,,2,,,,,2,1,02,1.4,50,241.58663631
5369484,1,2,1,80,50,1,3,,2,,,9,,2,,2,,,,,2,1,02,1.3,50,424.69923549
5369484,1,7,1,80,50,1,3,,2,,,9,,2,,2,,,,,2,1,02,4,50,424.69923549
5369486,1,2,1,80,50,1,3,,2,,,9,,2,,2,,,,,2,1,02,4,50,149.1286708
5369486,1,5,1,80,50,1,4,,2,,,8,,2,,2,,,,,2,1,02,4,50,149.1286708
5369487,1,1,1,80,50,1,3,,2,,,9,,2,,2,,,,,2,1,02,2,50,418.62164019
5369487,1,2,1,80,50,1,4,,2,,,4,,3,,2,,,,,3,1,02,3,50,418.62164019
5369488,1,1,1,80,50,1,7,,2,,,8,,2,,2,,1,40,1000000,2,1,02,4,50,264.6336701
5369489,1,3,1,80,50,2,,,,2,,,.,2,,2,,,,,2,1,02,,50,277.45631955
5369490,1,1,1,80,50,1,3,,2,,,9,,2,,2,,,,,2,1,02,4,50,232.24996261
5369498,1,1,1,80,50,1,3,,2,,,9,,1,1,2,,,,,1,1,02,3,50,343.46369854
5369503,1,3,1,80,50,2,,,,2,,,.,,,2,,,,,,1,02,,50,291.40032477
5369506,1,1,1,80,50,1,5,,2,,,10,,3,,2,,,,,3,1,02,1.3,50,316.30900579
5369508,1,3,1,80,50,2,,,,2,,,.,2,,2,,,,,2,1,02,,50,419.81416867
5369509,1,2,1,80,50,2,,,,2,,,.,2,,2,,,,,2,1,02,,50,251.4704181
5369510,1,3,1,80,50,2,,,,2,,,.,2,,2,,,,,2,1,02,,50,277.45631955
5369515,1,3,1,80,50,1,2,,2,,,2,,2,,2,,,,,2,1,02,1.3,50,337.61677272
5369515,1,4,1,80,50,2,,,,2,,,.,2,,2,,,,,2,1,02,,50,337.61677272
5369515,1,5,1,80,50,2,,,,2,,,.,,,2,,,,,,1,02,,50,337.61677272
5369516,1,2,1,80,50,1,3,,2,,,9,,2,,2,,,,,2,1,02,2,50,318.55501752
5369524,1,2,1,80,50,2,,,,2,,,.,2,,2,,,,,2,1,02,,50,302.36500057
5369526,1,1,1,80,50,1,4,,2,,,4,,2,,2,,,,,2,1,02,4,50,239.56347864
5369526,1,2,1,80,50,1,4,,2,,,9,,2,,2,,,,,2,1,02,4,50,239.56347864
5369527,1,3,1,80,50,2,,,,2,,,.,,,2,,,,,,1,02,,50,386.02898672
5369528,1,4,1,80,50,2,,,,2,,,.,2,,2,,,,,2,1,02,,50,252.54763853
5369532,1,3,1,80,50,2,,,,2,,,.,2,,2,,,,,2,1,02,,50,405.87016345
5369533,1,1,1,80,50,1,4,,2,,,4,,3,,2,,,,,3,1,02,3,50,340.82262978
5369533,1,2,1,80,50,2,,,,2,,,.,,,2,,,,,,1,02,,50,340.82262978
5369533,1,3,1,80,50,1,4,,2,,,4,,2,,2,,2,,900000,2,1,02,3,50,340.82262978
5369535,1,2,1,80,50,1,7,,2,,,7,,2,,2,,1,40,906000,2,1,02,3,50,408.45810943
5369535,1,3,1,80,50,2,,,,2,,,.,,,2,,,,,,1,02,,50,408.45810943
5369535,1,7,1,80,50,1,8,,2,,,8,,2,,2,,,,,2,1,02,4,50,408.45810943
5369537,1,3,1,80,50,1,2,,2,,,2,,2,,2,,,,,2,1,02,1.3,50,205.09526986
5369539,1,1,1,80,52,1,3,,2,,,9,,2,,2,,,,,2,1,02,4,52,107.42347068
5369540,1,1,1,80,52,1,3,,2,,,9,,2,,2,,,,,2,1,02,4,52,107.42347068
5369545,1,1,1,80,52,1,5,,2,,,10,,3,,2,,,,,3,1,02,4,52,152.66336887
5369545,1,2,1,80,52,2,,,,2,,,.,2,,2,,,,,2,1,02,,52,152.66336887
5369546,1,4,1,80,52,2,,,,1,2,2,,2,,2,,,,,2,1,02,,52,110.50308422
5369546,1,5,1,80,52,2,,,,2,,,.,,,2,,,,,,1,02,,52,110.50308422
5369551,1,2,1,80,52,1,8,,2,,,1,,2,,2,,1,20,500000,2,1,02,2,52,274.82724529
5369551,1,3,1,80,52,2,,,,2,,,.,2,,2,,,,,2,1,02,,52,274.82724529
5369551,1,4,1,80,52,2,,,,2,,,.,2,,2,,,,,2,1,02,,52,274.82724529
5369555,1,2,1,80,52,1,8,,1,,1,1,,1,,2,,1,24,1000000,2,1,02,1.2,52,194.38235481
5369555,1,3,1,80,52,2,,,,2,,,.,2,,2,,,,,2,1,02,,52,194.38235481
5369563,1,3,1,80,52,1,2,,2,,,12,LA PANDEMIA,2,,2,,,,,2,1,02,3,52,239.35614217
5369564,1,3,1,80,52,2,,,,2,,,.,,,2,,,,,,1,02,,52,246.30061258
5369565,1,4,1,80,52,2,,,,2,,,.,,,2,,,,,,1,02,,52,222.90898752
5369567,1,4,1,80,52,1,9,CAMBIO DE DOMICILIO,2,,,2,,2,,2,,,,,2,1,02,2,52,222.90898752
5369570,1,3,1,80,52,1,2,,2,,,8,,,,2,,,,,,1,02,2,52,288.399419
5369571,1,2,1,80,52,1,3,,2,,,9,,2,,2,,,,,2,1,02,4,52,240.53749669
5369571,1,3,1,80,52,2,,,,2,,,.,2,,2,,,,,2,1,02,,52,240.53749669
5369573,1,2,1,80,52,1,3,,2,,,9,,2,,2,,,,,2,1,02,4,52,217.77397987
5369574,1,2,1,80,52,1,6,,2,,,1,,2,,2,,1,48,908526,2,1,02,1.1,52,193.20100029
5369575,1,3,1,80,52,1,8,,2,,,2,,2,,2,,1,20,800000,2,1,02,1.4,52,164.78405103
5369578,1,2,1,80,52,1,4,,2,,,4,,2,,2,,2,,500000,2,1,02,4,52,269.53726801
5369578,1,4,1,80,52,1,4,,2,,,4,,2,,2,,2,,1000000,2,1,02,1.2,52,269.53726801
5369579,1,4,1,80,52,2,,,,2,,,.,2,,2,,,,,2,1,02,,52,222.90898752
5369582,1,5,1,80,52,1,8,,2,,,4,,2,,2,,,,,2,1,02,4,52,124.74226974
5369586,1,3,1,80,52,2,,,,2,,,.,2,,1,300000,,,,2,1,02,,52,222.90898752
5369586,1,4,1,80,52,2,,,,2,,,.,,,2,,,,,,1,02,,52,222.90898752
5369587,1,2,1,80,52,1,7,,2,,,9,,2,,2,,,,,2,1,02,4,52,263.92912176
5369589,1,2,1,80,52,1,4,,2,,,4,,2,,2,,,,,2,1,02,4,52,237.14817304
5369593,1,3,1,80,52,1,2,,2,,,2,,2,,2,,,,,2,1,02,1.2,52,170.99072975
5369593,1,4,1,80,52,2,,,,2,,,.,,,2,,,,,,1,02,,52,170.99072975
5369594,1,1,1,80,52,2,,,,1,4,2,,2,,2,,,,,2,1,02,,52,243.37357406
5369598,1,3,1,80,52,2,,,,2,,,.,2,,2,,,,,2,1,02,,52,243.88791678
5369599,1,1,1,80,52,1,4,,2,,,4,,3,,1,500000,,,,3,1,02,1.2,52,125.88242015
5369600,1,4,1,80,52,1,3,,2,,,9,,2,,2,,,,,2,1,02,4,52,207.97325083
5369601,1,1,1,80,52,1,5,,2,,,9,,3,,2,,,,,3,1,02,4,52,207.97325083
5369601,1,2,1,80,52,1,5,,2,,,9,,3,,2,,,,,3,1,02,4,52,207.97325083
5369602,1,1,1,80,52,1,5,,2,,,10,,3,,2,,,,,3,1,02,4,52,107.42347068
5369603,1,1,1,80,52,1,4,,2,,,4,,2,,2,,,,,2,1,02,4,52,107.42347068
5369603,1,3,1,80,52,1,4,,2,,,4,,1,2,2,,,,,1,1,02,2,52,107.42347068
5369605,1,1,1,80,52,1,3,,2,,,9,,2,,2,,1,24,1000000,2,1,02,4,52,190.32371881
5369605,1,3,1,80,52,2,,,,2,,,.,2,,2,,,,,2,1,02,,52,190.32371881
5369605,1,4,1,80,52,2,,,,2,,,.,,,2,,,,,,1,02,,52,190.32371881
5369607,1,1,1,80,52,1,4,,2,,,4,,2,,2,,1,20,908526,2,1,02,2,52,155.54065035
5369608,1,2,1,80,52,1,2,,2,,,2,,1,,1,500000,,,,2,1,02,1.2,52,185.24863758
5369610,1,3,1,80,52,2,,,,2,,,.,2,,2,,,,,2,1,02,,52,185.81296705
5369610,1,4,1,80,52,1,4,,2,,,4,,2,,2,,,,,2,1,02,4,52,185.81296705
5369611,1,1,1,80,52,1,4,,2,,,10,,3,,2,,,,,3,1,02,4,52,155.54065035
5369620,1,4,1,80,52,2,,,,2,,,.,2,,2,,,,,2,1,02,,52,295.80617455
5369624,1,1,1,80,54,1,1,,2,,,12,PANDEMIA ASOCIADA AL COVID 19,2,,2,,2,,98,2,1,02,3,54,408.00507618
5369626,1,1,1,80,54,1,8,,2,,,9,,2,,2,,,,,2,1,02,4,54,287.50190261
5369632,1,2,1,80,54,1,3,,2,,,9,,2,,2,,,,,2,1,02,4,54,408.00507618
5369635,1,2,1,80,54,2,,,,2,,,.,2,,2,,,,,2,1,02,,54,277.25293792
5369635,1,3,1,80,54,1,4,,2,,,4,,2,,2,,,,,2,1,02,4,54,277.25293792
5369636,1,2,1,80,54,1,8,,2,,,9,,2,,2,,,,,2,1,02,3,54,308.26192662
5369637,1,1,1,80,54,1,4,,2,,,4,,2,,2,,2,,908000,2,1,02,4,54,426.96672611
5369637,1,3,1,80,54,2,,,,2,,,.,2,,2,,,,,2,1,02,,54,426.96672611
5369637,1,6,1,80,54,2,,,,2,,,.,2,,2,,,,,2,1,02,,54,426.96672611
5369637,1,7,1,80,54,2,,,,2,,,.,,,2,,,,,,1,02,,54,426.96672611
5369637,1,9,1,80,54,2,,,,2,,,.,2,,2,,1,48,98,2,1,02,,54,426.96672611
5369637,1,10,1,80,54,2,,,,2,,,.,2,,2,,1,48,800000,2,1,02,,54,426.96672611
5369638,1,3,1,80,54,2,,,,2,,,.,2,,2,,,,,2,1,02,,54,409.86915307
5369638,1,4,1,80,54,2,,,,2,,,.,2,,2,,,,,2,1,02,,54,409.86915307
5369638,1,5,1,80,54,2,,,,2,,,.,2,,2,,,,,2,1,02,,54,409.86915307
5369639,1,2,1,80,54,2,,,,2,,,.,2,,2,,,,,2,1,02,,54,493.13447259
5369642,1,3,1,80,54,1,6,,2,,,1,,2,,2,,1,50,400000,2,1,02,1.3,54,510.77221889
5369642,1,4,1,80,54,2,,,,2,,,.,2,,2,,,,,2,1,02,,54,510.77221889
5369642,2,2,2,80,54,2,,,,2,,,.,2,,2,,,,,2,1,02,,54,510.77221889
5369644,1,1,1,80,54,1,9,PANDEMIA ASOCIADA AL COVID 19,2,,,12,PANDEMIA ASOCIADA AL COVID 19,2,,2,,,,,2,1,02,2,54,424.80402516
5369644,1,3,1,80,54,2,,,,2,,,.,2,,2,,1,48,908000,2,1,02,,54,424.80402516
5369644,2,3,2,80,54,2,,,,2,,,.,,,2,,,,,,1,02,,54,424.80402516
5369645,1,1,1,80,54,1,4,,2,,,4,,2,,2,,,,,2,1,02,2,54,405.46580315
5369645,1,2,1,80,54,1,3,,2,,,9,,2,,2,,,,,2,1,02,4,54,405.46580315
5369646,1,2,1,80,54,2,,,,2,,,.,2,,2,,,,,2,1,02,,54,440.33359019
5369646,1,3,1,80,54,1,3,,2,,,9,,2,,2,,,,,2,1,02,4,54,440.33359019
5369646,1,5,1,80,54,2,,,,2,,,.,,,2,,,,,,1,02,,54,440.33359019
5369646,1,9,1,80,54,2,,,,2,,,.,2,,2,,,,,2,1,02,,54,440.33359019
5369647,1,3,1,80,54,2,,,,2,,,.,2,,2,,,,,2,1,02,,54,394.66070699
5369647,1,4,1,80,54,2,,,,2,,,.,,,2,,,,,,1,02,,54,394.66070699
5369648,1,1,1,80,54,1,4,,2,,,4,,2,,2,,,,,2,1,02,4,54,408.00507618
5369649,1,2,1,80,54,1,8,,2,,,8,,2,,2,,,,,2,1,02,3,54,442.83969609
5369653,1,1,1,80,54,1,4,,2,,,4,,2,,2,,,,,2,1,02,4,54,406.68036542
5369653,1,2,1,80,54,1,3,,2,,,9,,2,,2,,,,,2,1,02,4,54,406.68036542
5369654,1,1,1,80,54,1,8,,2,,,9,,2,,2,,,,,2,1,02,4,54,340.94451782
5369655,1,1,1,80,54,1,3,,2,,,9,,2,,2,,,,,2,1,02,4,54,264.20260557
5369655,1,3,1,80,54,1,1,,1,,2,1,,1,1,2,,1,48,1000000,1,1,02,4,54,264.20260557
5369656,1,2,1,80,54,1,3,,2,,,9,,2,,2,,,,,2,1,02,2,54,419.22449876
5369660,1,3,1,80,54,2,,,,2,,,.,,,2,,,,,,1,02,,54,379.45226092
5369662,1,1,1,80,54,1,5,,2,,,8,,3,,2,,,,,3,1,02,4,54,326.18461788
5369662,1,2,1,80,54,2,,,,2,,,.,2,,2,,,,,2,1,02,,54,326.18461788
5369662,1,3,1,80,54,1,3,,2,,,9,,2,,2,,,,,2,1,02,4,54,326.18461788
5369662,1,4,1,80,54,2,,,,2,,,.,2,,2,,,,,2,1,02,,54,326.18461788
5369663,1,1,1,80,54,1,3,,2,,,9,,2,,2,,1,35,980000,2,1,02,1.3,54,417.98306326
5369663,1,4,1,80,54,2,,,,2,,,.,2,,2,,,,,2,1,02,,54,417.98306326
5369663,1,7,1,80,54,2,,,,2,,,.,,,2,,,,,,1,02,,54,417.98306326
5369664,1,2,1,80,54,1,3,,2,,,9,,2,,2,,2,,400000,2,1,02,2,54,506.42890932
5369667,1,1,1,80,54,1,8,,2,,,10,,3,,2,,,,,3,1,02,4,54,207.03693472
5369667,1,2,1,80,54,1,8,,2,,,9,,2,,2,,,,,2,1,02,4,54,207.03693472
5369667,1,6,1,80,54,2,,,,2,,,.,2,,2,,,,,2,1,02,,54,207.03693472
5369667,1,7,1,80,54,2,,,,2,,,.,2,,2,,,,,2,1,02,,54,207.03693472
5369668,1,1,1,80,54,2,,,,2,,,.,2,,2,,,,,2,1,02,,54,439.36835096
5369668,1,2,1,80,54,1,4,,2,,,4,,2,,2,,,,,2,1,02,4,54,439.36835096
5369669,1,3,1,80,54,2,,,,2,,,.,,,2,,,,,,1,02,,54,423.97220254
5369669,1,5,1,80,54,2,,,,2,,,.,2,,2,,,,,2,1,02,,54,423.97220254
5369669,1,6,1,80,54,2,,,,2,,,.,,,2,,,,,,1,02,,54,423.97220254
5369669,1,7,1,80,54,2,,,,2,,,.,2,,2,,1,40,300000,2,1,02,,54,423.97220254
5369670,1,3,1,80,54,2,,,,2,,,.,,,2,,,,,,1,02,,54,407.14479998
5369670,1,4,1,80,54,2,,,,2,,,.,,,2,,,,,,1,02,,54,407.14479998
5369671,1,1,1,80,54,1,4,,2,,,4,,2,,2,,,,,2,1,02,4,54,381.9314936
5369671,1,4,1,80,54,2,,,,2,,,.,2,,2,,,,,2,1,02,,54,381.9314936
5369672,1,2,1,80,54,1,9,CUARENTENA POR COVID 19,2,,,1,,2,,2,,1,60,1200000,2,1,02,1.4,54,396.57471633
5369672,1,4,1,80,54,2,,,,2,,,.,,,2,,,,,,1,02,,54,396.57471633
5369672,1,5,1,80,54,2,,,,2,,,.,,,2,,,,,,1,02,,54,396.57471633
5369673,1,2,1,80,54,1,3,,2,,,9,,2,,2,,,,,2,1,02,4,54,405.46580315
5369676,1,1,1,80,54,1,4,,2,,,8,,2,,2,,,,,2,1,02,4,54,352.02318794
5369676,1,2,1,80,54,1,3,,2,,,9,,2,,2,,,,,2,1,02,4,54,352.02318794
5369679,1,1,1,80,54,1,7,,2,,,9,,2,,2,,,,,2,1,02,1.2,54,467.03243645
5369679,1,3,1,80,54,2,,,,2,,,.,,,2,,,,,,1,02,,54,467.03243645
5369680,1,1,1,80,54,2,,,,2,,,.,2,,2,,,,,2,1,02,,54,408.00507618
5369681,1,2,1,80,54,2,,,,2,,,.,2,,2,,,,,2,1,02,,54,379.45226092
5369682,1,1,1,80,54,1,6,,2,,,8,,2,,2,,,,,2,1,02,4,54,349.24890241
5369682,1,2,1,80,54,1,6,,2,,,9,,2,,2,,,,,2,1,02,4,54,349.24890241
5369682,1,3,1,80,54,2,,,,2,,,.,,,2,,,,,,1,02,,54,349.24890241
5369685,1,1,1,80,54,1,3,,2,,,9,,2,,2,,,,,2,1,02,4,54,354.56246097
5369686,1,3,1,80,54,2,,,,2,,,.,2,,2,,,,,2,1,02,,54,391.93635391
5369687,1,1,1,80,54,1,8,,2,,,4,,2,,2,,,,,2,1,02,4,54,405.46580315
5369687,1,2,1,80,54,1,4,,2,,,4,,2,,2,,,,,2,1,02,4,54,405.46580315
5369688,1,2,1,80,54,1,3,,2,,,9,,2,,2,,,,,2,1,02,1.2,54,286.5531325
5369688,1,4,1,80,54,1,4,,2,,,4,,2,,2,,2,,980000,2,1,02,1.1,54,286.5531325
5369692,1,2,1,80,54,1,3,,2,,,9,,2,,2,,,,,2,1,02,3,54,385.08693844
5369693,1,1,1,80,54,1,3,,2,,,9,,2,,2,,,,,2,1,02,4,54,260.91302915
5369694,1,4,1,80,54,2,,,,2,,,.,,,2,,,,,,1,02,,54,420.43923671
5369695,1,2,1,80,54,2,,,,2,,,.,2,,2,,,,,2,1,02,,54,421.97730541
5369696,1,2,1,80,54,2,,,,2,,,.,2,,2,,,,,2,1,02,,54,431.51790684
5369696,1,3,1,80,54,2,,,,2,,,.,,,2,,,,,,1,02,,54,431.51790684
5369702,1,3,1,80,54,2,,,,2,,,.,2,,2,,,,,2,1,02,,54,357.60793301
5369703,1,3,1,80,54,2,,,,2,,,.,2,,2,,,,,2,1,02,,54,447.72738156
5369706,1,1,1,80,54,1,8,,2,,,9,,2,,2,,,,,2,1,02,1.2,54,312.42015613
5369706,1,2,1,80,54,2,,,,2,,,.,2,,2,,,,,2,1,02,,54,312.42015613
5369706,1,3,1,80,54,2,,,,2,,,.,,,2,,,,,,1,02,,54,312.42015613
5369708,1,2,1,80,54,1,3,,2,,,9,,2,,2,,,,,2,1,02,4,54,458.67340585
5369708,1,4,1,80,54,2,,,,2,,,.,2,,2,,,,,2,1,02,,54,458.67340585
5369710,1,2,1,80,54,1,8,,2,,,9,,2,,2,,,,,2,1,02,3,54,364.24381485
5369711,1,3,1,80,54,2,,,,2,,,.,2,,2,,,,,2,1,02,,54,300.17107565
5369711,1,4,1,80,54,2,,,,2,,,.,2,,2,,,,,2,1,02,,54,300.17107565
5369714,1,2,1,80,54,1,5,,2,,,10,,3,,2,,,,,3,1,02,1.2,54,382.16650611
5369716,1,4,1,80,54,1,2,,2,,,2,,2,,2,,2,,600000,2,1,02,1.2,54,446.45277894
5369717,1,2,1,80,54,1,3,,2,,,9,,2,,2,,,,,2,1,02,4,54,308.26192662
5369719,1,3,1,80,54,2,,,,2,,,.,2,,2,,,,,2,1,02,,54,384.97935311
5369720,1,3,1,80,54,1,3,,2,,,9,,2,,2,,1,48,900000,2,1,02,2,54,401.13418182
5369721,1,2,1,80,54,2,,,,2,,,.,2,,2,,,,,2,1,02,,54,271.66819285
5369726,1,3,1,80,54,1,2,,2,,,2,,2,,2,,,,,2,1,02,1.2,54,335.95446568
5369727,1,1,1,80,54,1,3,,2,,,9,,2,,2,,,,,2,1,02,4,54,342.15908009
5369728,1,1,1,80,54,1,6,,2,,,9,,2,,1,980000,,,,2,1,02,1.1,54,310.80119965
5369730,1,2,1,80,54,1,4,,2,,,4,,2,,2,,,,,2,1,02,1.2,54,487.20474222
5369730,1,3,1,80,54,2,,,,1,1,1,,2,,2,,,,,2,1,02,,54,487.20474222
5369730,1,4,1,80,54,2,,,,2,,,.,2,,2,,,,,2,1,02,,54,487.20474222
5369730,1,5,1,80,54,2,,,,2,,,.,,,2,,,,,,1,02,,54,487.20474222
5369731,1,2,1,80,54,2,,,,2,,,.,2,,2,,,,,2,1,02,,54,488.71435735
5369731,1,5,1,80,54,2,,,,2,,,.,2,,2,,,,,2,1,02,,54,488.71435735
5369738,1,4,1,80,68,2,,,,2,,,.,2,,2,,,,,2,1,02,,68,353.34767654
5369739,1,1,1,80,68,1,7,,2,,,12,POR PANDEMEMIA,2,,2,,1,48,900000,2,1,02,1.4,68,763.76915446
5369739,1,3,1,80,68,2,,,,2,,,.,2,,2,,1,48,900000,2,1,02,,68,763.76915446
5369739,1,4,1,80,68,2,,,,2,,,.,,,2,,,,,,1,02,,68,763.76915446
5369739,1,5,1,80,68,2,,,,2,,,.,,,2,,,,,,1,02,,68,763.76915446
5369739,1,8,1,80,68,1,4,,2,,,4,,2,,2,,,,,2,1,02,4,68,763.76915446
5369740,3,2,3,80,68,1,4,,2,,,4,,2,,2,,1,24,900000,2,1,02,1.3,68,874.84607705
5369742,1,4,1,80,68,2,,,,2,,,.,2,,2,,,,,2,1,02,,68,692.28385672
5369742,1,5,1,80,68,2,,,,2,,,.,,,2,,,,,,1,02,,68,692.28385672
5369743,1,1,1,80,68,1,3,,2,,,4,,2,,2,,,,,2,1,02,4,68,598.40784648
5369744,1,1,1,80,68,1,4,,2,,,8,,2,,2,,,,,2,1,02,4,68,367.59714746
5369744,1,2,1,80,68,2,,,,2,,,.,2,,2,,,,,2,1,02,,68,367.59714746
5369744,1,4,1,80,68,1,4,,2,,,4,,2,,2,,,,,2,1,02,4,68,367.59714746
5369745,1,1,1,80,68,1,3,,2,,,4,,2,,2,,,,,2,1,02,4,68,465.75602975
5369745,2,2,2,80,68,1,3,,2,,,9,,2,,2,,,,,2,1,02,4,68,465.75602975
5369746,1,1,1,80,68,1,3,,2,,,9,,2,,2,,,,,2,1,02,4,68,313.19200533
5369747,1,4,1,80,68,1,4,,2,,,4,,2,,2,,,,,2,1,02,2,68,632.47598371
5369748,1,1,1,80,68,1,3,,2,,,8,,2,,2,,,,,2,1,02,4,68,458.15407369
5369751,1,1,1,80,68,1,5,,2,,,10,,3,,2,,,,,3,1,02,4,68,536.96584149
5369751,1,2,1,80,68,1,3,,2,,,8,,2,,2,,,,,2,1,02,4,68,536.96584149
5369751,1,5,1,80,68,2,,,,2,,,.,2,,2,,,,,2,1,02,,68,536.96584149
5369751,1,6,1,80,68,2,,,,2,,,.,2,,2,,,,,2,1,02,,68,536.96584149
5369752,1,3,1,80,68,2,,,,2,,,.,,,2,,,,,,1,02,,68,634.3238216
5369754,1,1,1,80,68,1,3,,2,,,8,,2,,2,,,,,2,1,02,4,68,474.6566083
5369754,3,2,3,80,68,2,,,,2,,,.,2,,2,,,,,2,1,02,,68,474.6566083
5369754,3,3,3,80,68,2,,,,2,,,.,,,2,,,,,,1,02,,68,474.6566083
5369754,4,2,4,80,68,2,,,,2,,,.,,,2,,,,,,1,02,,68,474.6566083
5369755,1,3,1,80,68,2,,,,2,,,.,2,,2,,,,,2,1,02,,68,664.54745865
5369756,1,1,1,80,68,1,5,,2,,,10,,3,,2,,,,,3,1,02,3,68,430.5525277
5369756,1,2,1,80,68,1,4,,2,,,8,,2,,2,,,,,2,1,02,4,68,430.5525277
5369758,1,2,1,80,68,1,3,,2,,,9,,2,,2,,,,,2,1,02,4,68,414.04999309
5369759,1,2,1,80,68,1,3,,2,,,9,,2,,2,,,,,2,1,02,4,68,629.06847061
5369759,1,4,1,80,68,2,,,,2,,,.,,,2,,,,,,1,02,,68,629.06847061
5369760,1,3,1,80,68,2,,,,2,,,.,,,2,,,,,,1,02,,68,596.06124142
5369761,1,2,1,80,68,2,,,,2,,,.,,,2,,,,,,1,02,,68,596.06124142
5369762,2,4,2,80,68,1,4,,2,,,4,,2,,2,,,,,2,1,02,4,68,463.68491069
5369765,1,2,1,80,68,1,5,,2,,,10,,3,,2,,,,,3,1,02,4,68,414.04999309
5369766,1,1,1,80,68,1,5,,2,,,10,,3,,2,,,,,3,1,02,4,68,443.99814414
5369770,1,1,1,80,68,1,8,,1,,1,4,,2,,2,,,,2000000,2,1,02,2,68,589.68921255
5369987,1,3,1,80,76,2,,,,2,,,.,2,,2,,,,,2,1,02,,76,1207.650851
5369987,1,4,1,80,76,2,,,,2,,,.,,,2,,,,,,1,02,,76,1207.650851
5369990,1,1,1,80,76,1,8,,2,,,11,,2,,2,,,,,2,1,02,4,76,760.05202845
5369990,1,2,1,80,76,2,,,,2,,,.,2,,2,,,,,2,1,02,,76,760.05202845
5369991,1,2,1,80,76,1,3,,2,,,9,,2,,2,,,,,2,1,02,4,76,803.1467853
5369991,1,5,1,80,76,2,,,,2,,,.,2,,2,,,,,2,1,02,,76,803.1467853
5369992,1,1,1,80,76,1,3,,2,,,9,,2,,2,,2,,99,2,1,02,4,76,654.65161671
5369992,1,2,1,80,76,1,4,,2,,,4,,2,,2,,,,,2,1,02,4,76,654.65161671
5369995,1,2,1,80,76,1,7,,2,,,9,,2,,2,,,,,2,1,02,4,76,739.29431837
5369998,1,4,1,80,76,2,,,,2,,,.,2,,2,,,,,2,1,02,,76,1084.4284217
5369999,1,1,1,80,76,1,4,,2,,,4,,3,,2,,,,,3,1,02,3,76,1180.3683272
5369999,1,2,1,80,76,2,,,,2,,,.,2,,2,,,,,2,1,02,,76,1180.3683272
5370000,1,1,1,80,76,1,4,,2,,,4,,3,,2,,,,,3,1,02,4,76,1002.0779067
5370003,1,1,1,80,76,1,5,,2,,,10,,3,,2,,,,,3,1,02,1.4,76,1305.1700932
5370003,1,2,1,80,76,2,,,,2,,,.,2,,2,,,,,2,1,02,,76,1305.1700932
5370003,2,1,2,80,76,1,9,CAMBIO DE DOMICILIO,2,,,9,,2,,2,,,,,2,1,02,3,76,1305.1700932
5370006,1,1,1,80,76,1,6,,2,,,11,,2,,2,,,,,2,1,02,4,76,1002.0779067
5370008,1,3,1,80,76,2,,,,2,,,.,2,,2,,,,,2,1,02,,76,1028.4180171
5370010,1,2,1,80,76,2,,,,2,,,.,,,2,,,,,,1,02,,76,882.858541
5370012,1,3,1,80,76,2,,,,2,,,.,,,2,,,,,,1,02,,76,905.19558777
5370013,1,4,1,80,76,2,,,,2,,,.,2,,2,,,,,2,1,02,,76,1084.4284217
5370014,1,1,1,80,76,1,3,,2,,,9,,2,,2,,,,,2,1,02,4,76,1160.5530306
5370015,1,1,1,80,76,1,9,RESTRICCIONES A LA MOVILIDAD POR PANDEMIA DE COVID,2,,,9,,2,,2,,1,35,640000,2,1,02,1.2,76,1046.7520002
5370015,1,2,1,80,76,1,1,,1,,2,3,,2,,2,,1,60,450000,2,1,02,3,76,1046.7520002
5370018,1,3,1,80,76,1,6,,2,,,5,,2,,2,,,,,2,1,02,1.4,76,1160.5530306
5370019,1,2,1,80,76,1,6,,2,,,9,,2,,2,,1,48,908526,2,1,02,3,76,1500.3471655
5370020,1,1,1,80,76,1,1,,1,,1,4,,2,,2,,2,,900000,2,1,02,2,76,1075.671954
5370020,1,2,1,80,76,1,1,,2,,,4,,2,,1,250000,2,,900000,2,1,02,1.1,76,1075.671954
5370020,1,6,1,80,76,2,,,,2,,,.,2,,2,,1,48,908526,2,1,02,,76,1075.671954
5370021,1,2,1,80,76,2,,,,2,,,.,,,2,,,,,,1,02,,76,751.11801889
5370021,1,3,1,80,76,1,7,,2,,,8,,2,,2,,,,,2,1,02,2,76,751.11801889
5370022,1,1,1,80,76,1,7,,2,,,8,,2,,2,,1,15,300000,2,1,02,4,76,934.8873074
5370022,1,4,1,80,76,1,7,,2,,,8,,2,,2,,1,45,800000,2,1,02,1.4,76,934.8873074
5370023,1,2,1,80,76,1,4,,2,,,8,,2,,2,,,,,2,1,02,4,76,905.61150451
5370024,1,1,1,80,76,1,3,,2,,,8,,2,,2,,,,,2,1,02,4,76,916.94781566
5370024,1,2,1,80,76,2,,,,2,,,.,2,,2,,,,,2,1,02,,76,916.94781566
5370025,1,5,1,80,76,2,,,,2,,,.,2,,2,,,,,2,1,02,,76,918.77616683
5370026,1,2,1,80,76,1,7,,2,,,9,,2,,2,,2,,1000000,2,1,02,1.4,76,1283.7754599
5370026,1,3,1,80,76,1,8,,2,,,2,,2,,2,,2,,908526,2,1,02,1.2,76,1283.7754599
5370029,1,3,1,80,76,2,,,,2,,,.,,,2,,,,,,1,02,,76,1160.5530306
5370030,1,2,1,80,76,2,,,,2,,,.,,,2,,,,,,1,02,,76,1580.8693294
5370031,2,1,2,80,76,1,5,,1,,4,1,,3,,2,,,,,3,1,02,4,76,959.16069169
5370034,1,3,1,80,76,1,8,,2,,,2,,2,,2,,1,40,908526,2,1,02,3,76,784.21742639
5370034,1,6,1,80,76,1,5,,2,,,10,,3,,2,,,,,3,1,02,4,76,784.21742639
5370036,1,2,1,80,76,1,4,,2,,,10,,3,,2,,,,,2,1,02,2,76,1283.7754599
5370039,1,2,1,80,76,1,3,,2,,,9,,2,,2,,,,,2,1,02,4,76,737.71498168
5370040,1,1,1,80,76,1,4,,2,,,8,,2,,2,,,,,2,1,02,4,76,979.74085993
5370041,1,2,1,80,76,1,4,,2,,,4,,2,,2,,,,,2,1,02,4,76,848.00033783
5370043,1,1,1,80,76,1,3,,2,,,9,,2,,2,,,,,2,1,02,4,76,1002.0779067
5370044,1,3,1,80,76,2,,,,2,,,.,,,2,,,,,,1,02,,76,1283.7754599
5370046,1,4,1,80,76,2,,,,2,,,.,,,2,,,,,,1,02,,76,1084.4284217
5370048,1,1,1,80,76,1,4,,2,,,8,,1,,2,,,,,2,1,02,4,76,979.74085993
5370049,1,2,1,80,76,1,8,,2,,,2,,2,,2,,,,,2,1,02,2,76,903.61625108
5370053,1,1,1,80,76,2,,,,2,,,.,2,,2,,,,,2,1,02,,76,849.57967451
5370054,1,1,1,80,76,1,4,,2,,,8,,2,,2,,,,,2,1,02,4,76,979.74085993
5370056,1,2,1,80,76,1,7,,2,,,12,MIEDO AL CONTAGIO POR PANDEMIA COVID,2,,2,,1,48,908526,2,1,02,1.4,76,760.05202845
5370056,1,3,1,80,76,1,3,,2,,,9,,2,,2,,,,,2,1,02,4,76,760.05202845
5370058,1,3,1,80,76,2,,,,2,,,.,,,2,,,,,,1,02,,76,905.19558777
5370059,1,2,1,80,76,1,1,,2,,,9,,1,,2,,2,,908526,2,1,02,1.2,76,932.17920404
5370059,1,5,1,80,76,1,4,,2,,,4,,2,,2,,,,,2,1,02,1.3,76,932.17920404
5370060,1,2,1,80,76,2,,,,2,,,.,2,,2,,,,,2,1,02,,76,751.11801889
5370060,1,3,1,80,76,1,4,,2,,,4,,2,,2,,,,,2,1,02,4,76,751.11801889
5370350,1,2,1,80,05,1,5,,2,,,10,,3,,2,,,,,3,1,02,4,05,1070.0640478
5370351,1,2,1,80,05,2,,,,2,,,.,2,,2,,,,,2,1,02,,05,1077.5000356
5370352,1,2,1,80,05,1,3,,2,,,9,,1,,2,,,,,2,1,02,4,05,1353.3525833
5370356,1,1,1,80,05,1,5,,2,,,8,,3,,2,,,,,3,1,02,2,05,1070.0640478
5370356,1,2,1,80,05,1,3,,2,,,9,,2,,2,,,,,2,1,02,4,05,1070.0640478
5370358,1,1,1,80,05,1,4,,1,,2,4,,2,,2,,1,48,908000,2,1,02,2,05,1449.2072013
5370360,1,5,1,80,05,1,2,,2,,,2,,2,,2,,,,,2,1,02,1.1,05,1125.0483592
5370366,1,2,1,80,05,1,3,,2,,,9,,2,,2,,,,,2,1,02,3,05,1321.6585048
5370367,1,1,1,80,05,1,8,,2,,,8,,2,,2,,,,,2,1,02,4,05,1083.3399696
5370368,1,2,1,80,05,2,,,,2,,,.,2,,2,,,,,2,1,02,,05,1083.3399696
5370371,1,2,1,80,05,2,,,,2,,,.,2,,2,,,,,2,1,02,,05,1030.7944422
5370372,1,2,1,80,05,2,,,,2,,,.,2,,2,,,,,2,1,02,,05,1077.5000356
5370373,1,2,1,80,05,1,5,,2,,,11,,3,,2,,,,,3,1,02,1.4,05,972.91313126
5370374,1,2,1,80,05,1,3,,2,,,9,,2,,2,,,,,2,1,02,2,05,1353.3525833
5370375,1,1,1,80,05,1,9,PANDEMIA,2,,,9,,2,,2,,2,,909000,2,1,02,1.4,05,1223.353432
5370375,1,3,1,80,05,1,8,,2,,,9,,2,,2,,2,,909000,2,1,02,1.4,05,1223.353432
5370376,1,2,1,80,05,1,4,,2,,,4,,2,,2,,1,48,908526,2,1,02,4,05,945.90018331
5370377,1,4,1,80,05,2,,,,2,,,.,2,,2,,,,,2,1,02,,05,1105.4758198
5370378,1,1,1,80,05,2,,,,2,,,.,2,,2,,,,,2,1,02,,05,1084.629018
5370378,1,2,1,80,05,1,4,,2,,,4,,2,,2,,,,,2,1,02,3,05,1084.629018
5370378,1,4,1,80,05,2,,,,2,,,.,,,2,,,,,,1,02,,05,1084.629018
5370380,1,2,1,80,05,2,,,,2,,,.,2,,1,50000,1,48,908500,2,1,02,,05,1084.4941259
5370382,1,3,1,80,05,2,,,,2,,,.,2,,2,,,,,2,1,02,,05,1044.2052561
5370383,1,3,1,80,05,1,3,,2,,,9,,2,,2,,,,,2,1,02,4,05,1011.8565247
5370386,1,2,1,80,05,1,9,POR VIAJE,2,,,4,,1,2,2,,,,,1,1,02,4,05,1049.6591435
5370387,1,2,1,80,05,1,8,,2,,,9,,2,,2,,,,,2,1,02,1.4,05,1056.6532338
5370388,1,2,1,80,05,2,,,,2,,,.,,,2,,,,,,1,02,,05,1077.5000356
5370391,1,1,1,80,05,1,5,,2,,,11,,3,,2,,,,,3,1,02,4,05,958.34816104
5370391,1,2,1,80,05,1,5,,2,,,11,,3,,2,,,,,3,1,02,4,05,958.34816104
5370393,1,2,1,80,05,1,6,,2,,,11,,2,,2,,,,,2,1,02,1.2,05,809.03776367
5370393,1,3,1,80,05,2,,,,2,,,.,2,,2,,,,,2,1,02,,05,809.03776367
5370393,1,5,1,80,05,2,,,,2,,,.,,,2,,,,,,1,02,,05,809.03776367
5370396,1,2,1,80,05,1,9,RENUNCIO POR MIEDO AL COVID,2,,,9,,2,,2,,,,,2,1,02,1.3,05,1367.9175535
5370396,1,3,1,80,05,2,,,,2,,,.,,,2,,,,,,1,02,,05,1367.9175535
5370397,1,1,1,80,05,1,9,PANDEMIA,1,,1,9,,2,,2,,,,,2,1,02,1.4,05,1276.606571
5370397,1,3,1,80,05,2,,,,2,,,.,2,,2,,,,,2,1,02,,05,1276.606571
5370397,1,5,1,80,05,1,4,,2,,,12,PERDIO LA VISION Y LA EDAD,2,,2,,,,,2,1,02,4,05,1276.606571
5370400,1,1,1,80,05,1,9,POR LA PANDEMIA,2,,,10,,3,,2,,,,,3,1,02,1.4,05,1105.4758198
5370400,1,2,1,80,05,2,,,,2,,,.,2,,2,,,,,2,1,02,,05,1105.4758198
5370400,1,4,1,80,05,2,,,,2,,,.,,,2,,,,,,1,02,,05,1105.4758198
5370402,1,1,1,80,05,1,5,,2,,,11,,3,,2,,,,,3,1,02,4,05,971.62408288
5370405,1,1,1,80,05,1,8,,1,,4,4,,2,,2,,1,48,500000,2,1,02,4,05,847.47942516
5370405,1,2,1,80,05,2,,,,2,,,.,2,,2,,,,,2,1,02,,05,847.47942516
5370405,2,1,2,80,05,1,4,,2,,,4,,2,,2,,,,,2,1,02,4,05,847.47942516
5370405,2,2,2,80,05,1,3,,2,,,4,,2,,2,,,,,2,1,02,4,05,847.47942516
5370405,2,3,2,80,05,2,,,,2,,,.,2,,2,,,,,2,1,02,,05,847.47942516
5370405,2,4,2,80,05,2,,,,2,,,.,2,,2,,,,,2,1,02,,05,847.47942516
5370406,1,1,1,80,05,1,9,LA FAMILIA SE HIZO A CARGO DE ELLA,2,,,8,,2,,2,,,,,2,1,02,4,05,948.86432665
5370406,1,2,1,80,05,2,,,,1,1,8,,2,,1,70000,1,30,450000,2,1,02,,05,948.86432665
5370406,2,3,2,80,05,2,,,,2,,,.,,,2,,,,,,1,02,,05,948.86432665
5370408,1,1,1,80,05,1,3,,2,,,9,,2,,2,,,,,2,1,02,4,05,1096.7507835
5370408,1,3,1,80,05,2,,,,2,,,.,2,,2,,,,,2,1,02,,05,1096.7507835
5370412,1,1,1,80,05,1,9,CAMBIO DE DOMICILIO,2,,,11,,2,,2,,,,,2,1,02,4,05,971.75897497
5370415,1,1,1,80,05,1,4,,2,,,4,,2,,2,,,,,2,1,02,1.4,05,1071.2182041
5370415,1,2,1,80,05,1,3,,2,,,9,,2,,2,,,,,2,1,02,4,05,1071.2182041
5370415,1,3,1,80,05,1,8,,2,,,1,,2,,1,877000,1,48,900000,2,1,02,1.1,05,1071.2182041
5370416,1,2,1,80,05,2,,,,2,,,.,2,,2,,,,,2,1,02,,05,1142.5103289
5370418,1,1,1,80,05,1,3,,2,,,9,,2,,2,,,,,2,1,02,3,05,985.03489681
5370418,1,2,1,80,05,2,,,,2,,,.,2,,2,,,,,2,1,02,,05,985.03489681
5370418,1,3,1,80,05,1,4,,2,,,4,,2,,2,,,,,2,1,02,4,05,985.03489681
5370420,1,1,1,80,05,1,5,,2,,,10,,3,,2,,,,,3,1,02,1.3,05,1051.1993464
5370421,1,2,1,80,05,1,3,,2,,,9,,2,,2,,,,,2,1,02,4,05,1073.3351966
5370421,1,5,1,80,05,2,,,,2,,,.,2,,2,,1,24,908526,2,1,02,,05,1073.3351966
5370426,1,3,1,80,05,2,,,,2,,,.,2,,2,,,,,2,1,02,,05,1090.9108495
5370427,1,2,1,80,05,2,,,,2,,,.,2,,2,,,,,2,1,02,,05,1442.3439329
5370427,1,5,1,80,05,2,,,,2,,,.,2,,2,,,,,2,1,02,,05,1442.3439329
5370428,1,1,1,80,05,1,3,,2,,,9,,2,,2,,,,,2,1,02,4,05,1177.5938866
5370430,1,3,1,80,05,2,,,,2,,,.,,,2,,,,,,1,02,,05,1270.0590254
5370431,1,5,1,80,05,1,9,VIAJE,2,,,2,,2,,2,,2,,908526,2,1,02,2,05,1196.2201515
5370432,1,3,1,80,05,2,,,,2,,,.,2,,2,,,,,2,1,02,,05,1367.9175535
5370433,1,1,1,80,05,1,4,,2,,,4,,2,,2,,,,,2,1,02,1.3,05,1039.0775809
5370433,1,2,1,80,05,1,3,,2,,,11,,2,,2,,,,,2,1,02,4,05,1039.0775809
5370436,1,3,1,80,05,2,,,,2,,,.,2,,2,,,,,2,1,02,,05,887.88398029
5370436,1,4,1,80,05,1,4,,2,,,4,,2,,2,,2,,800000,2,1,02,4,05,887.88398029
5370437,1,2,1,80,05,1,3,,2,,,9,,2,,2,,,,,2,1,02,4,05,1255.0475105
5370441,1,2,1,80,05,1,3,,2,,,9,,2,,2,,,,,2,1,02,3,05,1255.4940552
5370443,1,2,1,80,05,1,4,,2,,,4,,2,,2,,,,,2,1,02,4,05,1070.0640478
5370446,1,2,1,80,05,2,,,,2,,,.,,,2,,,,,,1,02,,05,1077.5000356
5370448,1,1,1,80,05,1,5,,2,,,4,,3,,2,,,,,3,1,02,4,05,842.46743525
5370448,1,2,1,80,05,2,,,,2,,,.,2,,2,,,,,2,1,02,,05,842.46743525
5370448,1,4,1,80,05,2,,,,2,,,.,2,,2,,,,,2,1,02,,05,842.46743525
5370448,1,6,1,80,05,2,,,,2,,,.,,,2,,,,,,1,02,,05,842.46743525
5370451,1,1,1,80,05,1,8,,2,,,7,,2,,2,,2,,600000,2,1,02,4,05,1174.6509521
5370459,1,1,1,80,05,1,1,,1,,3,9,,2,,2,,1,48,908500,2,1,02,4,05,1077.5000356
5370467,1,3,1,80,05,2,,,,2,,,.,,,2,,,,,,1,02,,05,986.1890531
5370472,1,2,1,80,05,1,9,LOS HIJOS NO LA DEJARON TRABAJAR MAS,2,,,4,,2,,2,,,,,2,1,02,4,05,1070.0640478
5370472,1,3,1,80,05,1,1,,2,,,12,PARA DESCANSAR UNOS DIAS,2,,1,1000000,1,48,908526,2,1,02,1.1,05,1070.0640478
5370474,1,3,1,80,05,2,,,,2,,,.,,,2,,,,,,1,02,,05,1367.9175535
5370476,1,4,1,80,05,2,,,,2,,,.,2,,2,,,,,2,1,02,,05,972.91313126
5370477,1,3,1,80,05,1,3,,2,,,9,,2,,2,,,,,2,1,02,3,05,1235.354865
5370478,1,4,1,80,05,2,,,,2,,,.,2,,2,,,,,2,1,02,,05,888.01887239
5370478,1,5,1,80,05,1,5,,2,,,11,,3,,2,,,,,3,1,02,3,05,888.01887239
5370478,1,6,1,80,05,1,1,,2,,,8,,1,,2,,,,,2,1,02,1.4,05,888.01887239
5370479,1,1,1,80,05,1,4,,2,,,4,,2,,2,,,,,2,1,02,4,05,1147.9642164
5370480,1,1,1,80,05,1,7,,2,,,10,,3,,2,,,,,3,1,02,4,05,1147.9642164
5370481,1,1,1,80,05,2,,,,2,,,.,2,,2,,,,,2,1,02,,05,978.61817318
5370481,1,2,1,80,05,2,,,,2,,,.,2,,2,,,,,2,1,02,,05,978.61817318
5370482,1,1,1,80,05,1,9,POR LA EDAD,2,,,8,,2,,2,,,,,2,1,02,4,05,1049.6591435
5370484,1,2,1,80,05,1,9,POR  LA PANDEMIA,2,,,8,,2,,2,,,,,2,1,02,1.4,05,978.61817318
5370488,1,1,1,80,05,1,3,,2,,,9,,3,,2,,,,,3,1,02,4,05,1147.9642164
5370489,1,1,1,80,05,1,5,,2,,,10,,3,,2,,,,,3,1,02,4,05,1069.9291557
5370490,1,1,1,80,05,1,7,,2,,,9,,2,,2,,1,48,908000,2,1,02,1.3,05,1406.1062189
5370491,1,2,1,80,05,1,4,,2,,,4,,2,,2,,,,,2,1,02,2,05,1014.5078376
5370491,1,3,1,80,05,1,3,,2,,,9,,2,,2,,,,,2,1,02,2,05,1014.5078376
5370491,1,4,1,80,05,2,,,,2,,,.,2,,2,,,,,2,1,02,,05,1014.5078376
5370491,1,5,1,80,05,2,,,,2,,,.,2,,2,,,,,2,1,02,,05,1014.5078376
5370491,1,6,1,80,05,2,,,,2,,,.,,,2,,,,,,1,02,,05,1014.5078376
5370492,1,1,1,80,05,1,5,,2,,,10,,3,,2,,,,,3,1,02,4,05,971.75897497
5370492,1,2,1,80,05,1,3,,2,,,9,,3,,2,,,,,3,1,02,4,05,971.75897497
5370494,1,1,1,80,05,1,3,,2,,,9,,2,,2,,,,,2,1,02,4,05,1150.9071508
5370494,1,2,1,80,05,1,4,,2,,,8,,2,,2,,,,,2,1,02,2,05,1150.9071508
5370495,1,1,1,80,05,1,4,,2,,,4,,2,,2,,,,,2,1,02,1.4,05,1071.2182041
5370497,1,6,1,80,05,1,5,,2,,,10,,3,,2,,,,,3,1,02,3,05,1420.9197645
5370498,1,1,1,80,05,1,4,,2,,,4,,2,,2,,,,,2,1,02,4,05,1069.9291557
5370499,1,2,1,80,05,1,2,,2,,,2,,2,,2,,,,,2,1,02,1.3,05,1076.3458793
5370500,1,2,1,80,05,2,,,,2,,,.,2,,2,,,,,2,1,02,,05,1077.5000356
5370502,1,1,1,80,05,1,6,,2,,,7,,2,,2,,,,,2,1,02,2,05,1092.0650058
5370505,1,4,1,80,05,1,8,,2,,,9,,2,,2,,1,48,908500,2,1,02,1.2,05,1791.9318101
5370505,1,7,1,80,05,1,3,,2,,,9,,2,,2,,1,48,908500,2,1,02,4,05,1791.9318101
5370506,1,1,1,80,05,1,5,,2,,,11,,3,,2,,,,,3,1,02,4,05,1069.9291557
5370507,1,2,1,80,05,1,3,,2,,,9,,2,,2,,,,,2,1,02,4,05,954.18332199
5370507,2,3,2,80,05,2,,,,2,,,.,2,,2,,,,,2,1,02,,05,954.18332199
5370507,2,4,2,80,05,2,,,,2,,,.,,,2,,,,,,1,02,,05,954.18332199
5370509,1,2,1,80,05,2,,,,2,,,.,2,,2,,,,,2,1,02,,05,1086.4910123
5370509,1,4,1,80,05,2,,,,2,,,.,2,,2,,,,,2,1,02,,05,1086.4910123
5370509,1,5,1,80,05,1,3,,2,,,9,,2,,2,,,,,2,1,02,4,05,1086.4910123
5370515,1,4,1,80,05,2,,,,2,,,.,,,2,,,,,,1,02,,05,1104.3216635
5370516,1,2,1,80,05,2,,,,2,,,.,2,,2,,,,,2,1,02,,05,1142.5103289
5370517,1,2,1,80,05,2,,,,2,,,.,,,2,,,,,,1,02,,05,1077.5000356
5370518,1,2,1,80,05,1,3,,2,,,9,,2,,2,,,,,2,1,02,4,05,1090.9108495
5370518,1,3,1,80,05,2,,,,2,,,.,2,,2,,,,,2,1,02,,05,1090.9108495
5370519,1,2,1,80,05,1,7,,2,,,1,,2,,2,,,,,2,1,02,1.2,05,1056.6532338
5370522,1,1,1,80,05,1,1,,2,,,9,,3,,2,,,,,3,1,02,1.4,05,1137.4963369
5370522,1,2,1,80,05,2,,,,2,,,.,2,,2,,,,,2,1,02,,05,1137.4963369
5370524,1,1,1,80,05,1,9,CAMBIO DE PAIS,2,,,11,,2,,2,,,,,2,1,02,4,05,1084.4941259
5370524,1,2,1,80,05,2,,,,2,,,.,2,,2,,,,,2,1,02,,05,1084.4941259
5370525,1,1,1,80,05,1,5,,2,,,11,,3,,2,,,,,3,1,02,3,05,1056.6532338
5370525,1,2,1,80,05,1,7,,2,,,11,,2,,2,,,,,2,1,02,4,05,1056.6532338
5370528,1,2,1,80,05,1,7,,2,,,4,,2,,2,,,,,2,1,02,4,05,978.75306527
5370529,1,2,1,80,05,1,7,,2,,,8,,2,,2,,2,,1000000,2,1,02,2,05,1064.2241138
5370529,1,3,1,80,05,2,,,,2,,,.,,,2,,,,,,1,02,,05,1064.2241138
5370531,1,1,1,80,05,1,3,,2,,,9,,2,,2,,,,,2,1,02,4,05,1069.9291557
5370536,1,1,1,80,05,1,4,,2,,,4,,2,,2,,,,,2,1,02,3,05,1321.2119601
5370536,1,3,1,80,05,2,,,,2,,,.,,,2,,,,,,1,02,,05,1321.2119601
5370537,1,1,1,80,05,2,,,,2,,,.,2,,2,,,,,2,1,02,,05,1056.6532338
5370537,1,2,1,80,05,1,5,,2,,,10,,3,,2,,,,,3,1,02,3,05,1056.6532338
5370538,1,3,1,80,05,1,9,POR PANDEMIA,2,,,2,,2,,2,,,,,2,1,02,1.4,05,1105.4758198
5370538,1,4,1,80,05,2,,,,2,,,.,,,2,,,,,,1,02,,05,1105.4758198
5370539,1,1,1,80,05,2,,,,1,3,9,,2,,2,,,,,2,1,02,,05,1889.0827266
5370541,1,6,1,80,05,2,,,,2,,,.,2,,2,,,,,2,1,02,,05,1091.4317882
5370543,1,2,1,80,05,2,,,,2,,,.,2,,2,,,,,2,1,02,,05,1045.3594124
5370543,1,3,1,80,05,2,,,,2,,,.,2,,2,,,,,2,1,02,,05,1045.3594124
5370547,1,1,1,80,05,1,9,POR LA PANDEMIA,1,,1,7,,2,,2,,1,48,908000,2,1,02,2,05,1563.0673581
5370547,1,3,1,80,05,1,2,,2,,,2,,2,,2,,,,,2,1,02,3,05,1563.0673581
5370547,1,5,1,80,05,2,,,,2,,,.,2,,2,,,,,2,1,02,,05,1563.0673581
5370550,1,1,1,80,05,1,9,PANDEMIA,2,,,4,,2,,2,,1,48,98,2,1,02,1.4,05,893.14654764
5370550,1,3,1,80,05,1,9,PANDEMIA,2,,,2,,1,,2,,1,35,908500,2,1,02,1.4,05,893.14654764
5370550,1,4,1,80,05,1,7,,1,,3,5,,3,,2,,1,30,908500,3,1,02,3,05,893.14654764
5370551,1,2,1,80,05,1,6,,2,,,10,,3,,2,,,,,3,1,02,4,05,1083.3399696
5370553,1,3,1,80,05,2,,,,2,,,.,,,2,,,,,,1,02,,05,1367.9175535
5370555,1,1,1,80,05,1,5,,2,,,10,,3,,2,,,,,3,1,02,4,05,1147.9642164
5370561,1,2,1,80,05,1,3,,2,,,9,,2,,2,,1,24,908500,2,1,02,2,05,1740.7788755
5370561,1,3,1,80,05,2,,,,2,,,.,2,,2,,,,,2,1,02,,05,1740.7788755
5370561,1,4,1,80,05,2,,,,2,,,.,,,2,,,,,,1,02,,05,1740.7788755
5370564,1,2,1,80,05,1,8,,1,,1,1,,1,,2,,2,,908526,2,1,02,1.2,05,2061.5888844
5370565,1,1,1,80,05,1,4,,2,,,4,,2,,2,,,,,2,1,02,4,05,2193.5015671
5370565,1,3,1,80,05,1,4,,2,,,4,,2,,2,,,,,2,1,02,4,05,2193.5015671
5370566,1,5,1,80,05,1,9,EDAD,2,,,12,LA HIJA NO LO DEJA TRABAJAR,2,,2,,,,,2,1,02,4,05,2237.5330553
5370566,1,6,1,80,05,2,,,,2,,,.,2,,2,,,,,2,1,02,,05,2237.5330553
5370567,1,1,1,80,05,1,8,,2,,,12,NO TIENE ESTUDIOS,2,,2,,1,48,908500,2,1,02,3,05,1076.3458793
5370568,1,1,1,80,05,1,9,POR LA EDAD,2,,,8,,2,,2,,,,,2,1,02,4,05,2049.0252213
5370568,1,2,1,80,05,1,5,,2,,,10,,3,,2,,,,,3,1,02,4,05,2049.0252213
5370568,1,3,1,80,05,2,,,,2,,,.,2,,2,,,,,2,1,02,,05,2049.0252213
5370570,1,2,1,80,05,1,3,,2,,,8,,2,,2,,,,,2,1,02,4,05,2140.1280956
5370570,1,3,1,80,05,2,,,,2,,,.,2,,2,,,,,2,1,02,,05,2140.1280956
5370571,1,2,1,80,05,2,,,,2,,,.,2,,2,,1,48,908526,2,1,02,,05,2210.7114274
5370571,1,5,1,80,05,1,4,,2,,,4,,2,,2,,,,,2,1,02,4,05,2210.7114274
5370572,1,1,1,80,05,1,5,,2,,,11,,3,,2,,,,,3,1,02,4,05,2113.3064677
5370572,1,2,1,80,05,2,,,,2,,,.,2,,2,,,,,2,1,02,,05,2113.3064677
5370574,1,4,1,80,05,2,,,,2,,,.,2,,2,,,,,2,1,02,,05,1996.8914215
5370575,1,1,1,80,05,1,5,,2,,,10,,3,,2,,,,,3,1,02,4,05,2140.1280956
5370575,1,2,1,80,05,1,3,,2,,,9,,2,,2,,2,,908526,2,1,02,4,05,2140.1280956
5370576,1,5,1,80,05,2,,,,2,,,.,2,,2,,,,,2,1,02,,05,2422.4633329
5370578,1,2,1,80,05,1,9,VENDIERON CARRO,2,,,8,,2,,2,,,,,2,1,02,1.4,05,2086.754624
5370578,1,3,1,80,05,2,,,,2,,,.,2,,2,,,,,2,1,02,,05,2086.754624
5370579,1,4,1,80,05,2,,,,2,,,.,,,2,,,,,,1,02,,05,985.37789714
5370580,1,1,1,80,05,1,3,,2,,,9,,2,,2,,,,,2,1,02,4,05,992.02898711
5370581,1,1,1,80,05,1,4,,2,,,4,,1,,2,,,,,2,1,02,4,05,1069.9291557
5370582,1,2,1,80,05,1,3,,2,,,9,,1,1,2,,1,48,908526,1,1,02,3,05,1046.6484608
5370582,1,3,1,80,05,1,2,,2,,,2,,2,,2,,,,,2,1,02,1.4,05,1046.6484608
5370582,1,5,1,80,05,2,,,,2,,,.,,,2,,,,,,1,02,,05,1046.6484608
5370591,1,3,1,80,08,1,3,,2,,,9,,2,,2,,,,,2,1,02,2,08,540.0128024
5370591,1,7,1,80,08,1,3,,2,,,9,,2,,2,,1,40,600000,2,1,02,3,08,540.0128024
5370592,1,1,1,80,08,1,4,,2,,,4,,2,,2,,2,,750000,2,1,02,1.1,08,394.35247843
5370592,1,3,1,80,08,2,,,,2,,,.,2,,2,,,,,2,1,02,,08,394.35247843
5370592,1,5,1,80,08,2,,,,2,,,.,2,,2,,,,,2,1,02,,08,394.35247843
5370592,1,9,1,80,08,2,,,,2,,,.,,,2,,,,,,1,02,,08,394.35247843
5370593,1,1,1,80,08,1,9,EL HIJO ES DROGADICTO Y ESTABA HACIENDO DILIGENCIAS PARA INTERNARLO,2,,,9,,2,,2,,1,44,500000,2,1,02,1.3,08,299.67161216
5370593,1,2,1,80,08,2,,,,2,,,.,2,,2,,,,,2,1,02,,08,299.67161216
5370593,1,4,1,80,08,1,7,,2,,,9,,2,,2,,1,24,800000,2,1,02,1.3,08,299.67161216
5370593,1,13,1,80,08,1,9,SE QUEDO SIN CAPITAL,2,,,9,,2,,2,,1,21,900000,2,1,02,1.4,08,299.67161216
5370593,1,16,1,80,08,1,4,,2,,,8,,2,,2,,,,,2,1,02,4,08,299.67161216
5370594,1,2,1,80,08,1,9,CAMBIO DE PAIS,2,,,9,,2,,2,,,,,2,1,02,3,08,627.14523395
5370594,1,5,1,80,08,1,6,,2,,,9,,2,,2,,,,,2,1,02,3,08,627.14523395
5370594,1,6,1,80,08,2,,,,2,,,.,,,2,,,,,,1,02,,08,627.14523395
5370595,1,3,1,80,08,2,,,,2,,,.,2,,2,,,,,2,1,02,,08,455.4579871
5370595,1,4,1,80,08,2,,,,2,,,.,,,2,,,,,,1,02,,08,455.4579871
5370595,1,5,1,80,08,2,,,,2,,,.,,,2,,,,,,1,02,,08,455.4579871
5370596,1,1,1,80,08,1,3,,2,,,9,,2,,2,,,,,2,1,02,4,08,271.46945698
5370596,1,8,1,80,08,2,,,,2,,,.,2,,2,,,,,2,1,02,,08,271.46945698
5370597,1,1,1,80,08,1,9,COVID 19,2,,,4,,2,,2,,2,,800000,2,1,02,1.4,08,601.78800219
5370597,1,3,1,80,08,2,,,,2,,,.,2,,2,,,,,2,1,02,,08,601.78800219
5370597,1,4,1,80,08,2,,,,2,,,.,,,2,,,,,,1,02,,08,601.78800219
5370598,1,1,1,80,08,1,9,EDAD,2,,,10,,3,,2,,,,,3,1,02,2,08,604.96550518
5370599,1,1,1,80,08,1,5,,2,,,10,,3,,2,,,,,3,1,02,4,08,481.48267326
5370599,1,2,1,80,08,2,,,,2,,,.,2,,2,,,,,2,1,02,,08,481.48267326
5370599,1,3,1,80,08,2,,,,2,,,.,2,,2,,,,,2,1,02,,08,481.48267326
5370600,1,1,1,80,08,1,3,,2,,,9,,2,,2,,,,,2,1,02,4,08,545.14203783
5370600,1,2,1,80,08,1,9,POR EL VIRUS PERDIO EL TRABAJO,2,,,9,,1,,2,,,,908526,2,1,02,1.3,08,545.14203783
5370600,1,3,1,80,08,2,,,,2,,,.,2,,2,,,,,2,1,02,,08,545.14203783
5370600,1,4,1,80,08,2,,,,2,,,.,2,,2,,,,,2,1,02,,08,545.14203783
5370601,1,1,1,80,08,1,9,COVID 19,2,,,12,COVID 19,2,,2,,,,,2,1,02,1.4,08,404.20238049
5370601,1,2,1,80,08,1,3,,2,,,9,,2,,2,,,,,2,1,02,4,08,404.20238049
5370601,1,5,1,80,08,2,,,,2,,,.,,,2,,,,,,1,02,,08,404.20238049
5370602,1,3,1,80,08,2,,,,2,,,.,2,,2,,,,,2,1,02,,08,584.33117677
5370602,1,4,1,80,08,2,,,,2,,,.,,,2,,,,,,1,02,,08,584.33117677
5370603,1,1,1,80,08,1,5,,2,,,10,,3,,2,,,,,3,1,02,3,08,502.66599422
5370603,1,2,1,80,08,1,5,,2,,,8,,3,,2,,,,,3,1,02,4,08,502.66599422
5370605,1,1,1,80,08,1,5,,2,,,10,,3,,2,,,,,3,1,02,4,08,481.48267326
5370605,1,2,1,80,08,2,,,,2,,,.,2,,2,,,,,2,1,02,,08,481.48267326
5370605,1,3,1,80,08,2,,,,2,,,.,2,,2,,,,,2,1,02,,08,481.48267326
5370607,1,3,1,80,08,2,,,,2,,,.,2,,2,,,,,2,1,02,,08,442.84252687
5370607,1,4,1,80,08,2,,,,2,,,.,2,,2,,,,,2,1,02,,08,442.84252687
5370608,1,3,1,80,08,2,,,,2,,,.,,,2,,,,,,1,02,,08,556.67148054
5370608,1,4,1,80,08,2,,,,2,,,.,,,2,,,,,,1,02,,08,556.67148054
5370609,1,2,1,80,08,1,3,,2,,,9,,2,,2,,2,,800000,2,1,02,4,08,544.10978276
5370609,1,5,1,80,08,1,3,,2,,,9,,2,,2,,,,,2,1,02,4,08,544.10978276
5370611,1,1,1,80,08,1,3,,2,,,8,,2,,2,,,,,2,1,02,4,08,644.44423012
5370611,1,4,1,80,08,1,1,,2,,,9,,2,,2,,,,,2,1,02,1.4,08,644.44423012
5370611,1,6,1,80,08,2,,,,2,,,.,2,,2,,,,,2,1,02,,08,644.44423012
5370612,1,3,1,80,08,1,9,REDUCCION DE PERSONAL,2,,,12,PERDIO SU DOCUMENTO DE IDENTIDAD,2,,1,1200000,1,48,1000000,2,1,02,1.1,08,537.59460024
5370614,1,1,1,80,08,1,3,,2,,,9,,2,,2,,,,,2,1,02,3,08,502.66599422
5370615,1,1,1,80,08,1,5,,2,,,10,,3,,2,,,,,3,1,02,4,08,584.31845831
5370615,1,2,1,80,08,1,9,COVD,2,,,12,COVD,2,2,2,,1,40,250000,1,1,02,2,08,584.31845831
5370615,1,5,1,80,08,2,,,,2,,,.,2,,2,,,,,2,1,02,,08,584.31845831
5370616,1,3,1,80,08,1,8,,2,,,2,,1,,2,,,,,2,1,02,2,08,619.24482761
5370616,1,4,1,80,08,2,,,,2,,,.,,,2,,,,,,1,02,,08,619.24482761
5370617,1,4,1,80,08,2,,,,2,,,.,2,,2,,,,,2,1,02,,08,472.28658141
5370618,1,2,1,80,08,1,3,,2,,,9,,2,,2,,,,,2,1,02,4,08,588.50285084
5370618,1,3,1,80,08,2,,,,2,,,.,,,2,,,,,,1,02,,08,588.50285084
5370622,1,2,1,80,08,2,,,,2,,,.,2,,2,,,,,2,1,02,,08,572.50825107
5370624,1,2,1,80,08,2,,,,2,,,.,3,,2,,1,48,2500000,3,1,02,,08,464.02584784
5370624,1,3,1,80,08,1,2,,2,,,2,,2,,2,,,,,2,1,02,1.2,08,464.02584784
5370625,1,2,1,80,08,1,3,,2,,,9,,2,,2,,1,40,908526,2,1,02,3,08,536.46477541
5370627,1,1,1,80,08,1,7,,2,,,1,,2,,2,,1,40,800000,2,1,02,1.2,08,651.70208171
5370629,1,4,1,80,08,2,,,,2,,,.,2,,2,,,,,2,1,02,,08,598.34227116
5370629,1,5,1,80,08,2,,,,2,,,.,2,,2,,,,,2,1,02,,08,598.34227116
5370630,1,2,1,80,08,2,,,,2,,,.,,,2,,,,,,1,02,,08,524.21187914
5370631,1,1,1,80,08,1,3,,2,,,9,,2,,2,,,,,2,1,02,4,08,558.22892864
5370633,1,3,1,80,08,2,,,,2,,,.,,,2,,,,,,1,02,,08,524.21187914
5370635,1,1,1,80,08,1,9,CUARENTENA,2,,,4,,2,,2,,,,,2,1,02,1.4,08,570.79286315
5370635,1,3,1,80,08,2,,,,2,,,.,2,,2,,1,48,900000,2,1,02,,08,570.79286315
5370635,1,4,1,80,08,1,9,CUARENTENA,2,,,12,ESPERANDO QUE PASE LA PANDEMIA TOTALMENTE,2,,2,,2,,98,2,1,02,1.4,08,570.79286315
5370635,1,5,1,80,08,2,,,,2,,,.,2,,2,,,,,2,1,02,,08,570.79286315
5370635,1,6,1,80,08,2,,,,2,,,.,,,2,,,,,,1,02,,08,570.79286315
5370636,1,2,1,80,08,2,,,,2,,,.,2,,2,,,,,2,1,02,,08,601.78800219
5370636,1,3,1,80,08,2,,,,2,,,.,2,,2,,,,,2,1,02,,08,601.78800219
5370638,1,3,1,80,08,2,,,,2,,,.,2,,2,,,,,2,1,02,,08,614.77955997
5370640,1,2,1,80,08,1,7,,2,,,12,NO TIENE RECURSOS PARA INSTALAR UN NEGOCIO,1,,2,,1,24,908526,2,1,02,1.2,08,547.11282475
5370648,1,1,1,80,08,1,5,,2,,,10,,3,,2,,,,,3,1,02,4,08,557.0475781
5370648,1,2,1,80,08,1,4,,2,,,8,,2,,2,,,,,2,1,02,4,08,557.0475781
5370648,1,3,1,80,08,2,,,,2,,,.,2,,2,,,,,2,1,02,,08,557.0475781
5370649,1,1,1,80,08,1,9,POR EL VIRUS NO PUDO SEGUIR COLABORANDOLE A LAS HIJA COMO TFSR,2,,,8,,2,,2,,,,,2,1,02,1.4,08,552.2910642
5370649,1,3,1,80,08,1,9,POR EL VIRUS PERDIO LA ACTIVIDAD ECONOMICA QUE HACIA COMO INDEPENDIENTE,2,,,12,POR EL VIRUS NO BUSCA TRABAJO ACTUALMENTE,2,,2,,1,40,908526,2,1,02,1.4,08,552.2910642
5370649,1,7,1,80,08,1,9,POR EL VIRUS PERDIO EL TRABAJO QUE TENIA,2,,,12,POR EL VIRUS NO BUSCA TRABAJO ACTUALMENTE,2,,2,,2,,908526,2,1,02,1.4,08,552.2910642
5370652,1,2,1,80,08,1,3,,2,,,9,,2,,2,,2,,1800000,2,1,02,4,08,448.18907731
5370652,1,3,1,80,08,2,,,,2,,,.,,,2,,,,,,1,02,,08,448.18907731
5370654,1,2,1,80,08,1,3,,2,,,9,,2,,2,,,,,2,1,02,2,08,609.68617181
5370655,1,2,1,80,08,2,,,,2,,,.,2,,2,,1,48,908526,2,1,02,,08,528.21924979
5370656,1,1,1,80,08,1,4,,2,,,4,,2,,2,,,,,2,1,02,1.2,08,566.86163289
5370656,1,2,1,80,08,1,8,,2,,,9,,2,,2,,1,40,900000,2,1,02,1.2,08,566.86163289
5370656,1,3,1,80,08,1,4,,2,,,4,,2,,2,,,,,2,1,02,2,08,566.86163289
5370656,1,5,1,80,08,2,,,,2,,,.,2,,2,,,,,2,1,02,,08,566.86163289
5370657,1,1,1,80,08,1,5,,2,,,10,,3,,2,,,,,3,1,02,1.2,08,557.0475781
5370657,1,2,1,80,08,1,3,,2,,,9,,1,,2,,,,,2,1,02,4,08,557.0475781
5370658,1,1,1,80,08,2,,,,2,,,.,2,,2,,,,,2,1,02,,08,536.46477541
5370659,1,1,1,80,08,1,3,,2,,,9,,2,,2,,,,,2,1,02,4,08,471.67085518
5370659,1,3,1,80,08,2,,,,2,,,.,2,,2,,,,,2,1,02,,08,471.67085518
5370659,1,4,1,80,08,2,,,,2,,,.,2,,2,,,,,2,1,02,,08,471.67085518
5370660,1,1,1,80,08,1,9,COVD,2,,,12,COVD,2,,2,,1,20,900000,2,1,02,1.4,08,686.53472315
5370660,1,2,1,80,08,1,9,COVD,2,,,9,,2,,2,,1,40,900000,2,1,02,1.4,08,686.53472315
5370660,1,6,1,80,08,1,3,,2,,,9,,2,,2,,,,,2,1,02,3,08,686.53472315
5370661,1,1,1,80,08,1,8,,2,,,8,,2,,2,,1,48,908526,2,1,02,3,08,639.88139273
5370661,1,2,1,80,08,1,4,,2,,,4,,1,,2,,,,,2,1,02,4,08,639.88139273
5370661,1,5,1,80,08,2,,,,2,,,.,2,,2,,,,,2,1,02,,08,639.88139273
5370662,1,4,1,80,08,2,,,,2,,,.,2,,2,,,,,2,1,02,,08,476.64130806
5370663,1,3,1,80,08,2,,,,2,,,.,2,,2,,,,,2,1,02,,08,577.85480151
5370664,1,1,1,80,08,1,8,,2,,,9,,2,,2,,,,,2,1,02,4,08,553.04020745
5370664,1,2,1,80,08,1,9,PERDIO EL TRABAJO POR EL VIRUS,2,,,12,POR EL VIRUS NO BUSCA TRABAJO,2,,2,,1,48,908526,2,1,02,1.4,08,553.04020745
5370665,1,1,1,80,08,1,4,,2,,,12,CAMBIO DE PAIS,2,,2,,,,,2,1,02,4,08,502.66599422
5370665,1,2,1,80,08,1,4,,2,,,4,,2,,2,,,,,2,1,02,3,08,502.66599422
5370666,1,1,1,80,08,2,,,,2,,,.,2,,2,,,,,2,1,02,,08,532.51609586
5370666,1,4,1,80,08,2,,,,2,,,.,2,,2,,,,,2,1,02,,08,532.51609586
5370666,1,6,1,80,08,1,7,,2,,,7,,2,,2,,,,,2,1,02,2,08,532.51609586
5370666,1,7,1,80,08,2,,,,2,,,.,,,2,,,,,,1,02,,08,532.51609586
5370667,1,1,1,80,08,1,6,,2,,,11,,2,,2,,,,,2,1,02,4,08,471.67085518
5370667,1,3,1,80,08,2,,,,2,,,.,2,,2,,2,,900000,2,1,02,,08,471.67085518
5370668,1,3,1,80,08,2,,,,2,,,.,2,,2,,,,,2,1,02,,08,601.78800219
5370668,1,4,1,80,08,2,,,,2,,,.,,,2,,,,,,1,02,,08,601.78800219
5370670,1,2,1,80,08,1,3,,2,,,9,,2,,2,,,,,2,1,02,4,08,557.0475781
5370671,1,2,1,80,08,1,3,,2,,,9,,2,,2,,,,,2,1,02,4,08,609.68617181
5370672,1,1,1,80,08,1,3,,2,,,9,,2,,2,,,,,2,1,02,3,08,558.22892864
5370672,1,2,1,80,08,1,3,,2,,,8,,2,,2,,,,,2,1,02,4,08,558.22892864
5370673,1,2,1,80,08,1,3,,2,,,8,,2,,2,,1,24,650000,2,1,02,4,08,502.66599422
5370674,1,3,1,80,08,2,,,,2,,,.,2,,2,,,,,2,1,02,,08,448.18907731
5370675,1,1,1,80,08,1,4,,2,,,9,,2,,2,,,,,2,1,02,4,08,528.67938349
5370675,1,2,1,80,08,2,,,,2,,,.,2,,2,,,,,2,1,02,,08,528.67938349
5370675,1,3,1,80,08,2,,,,2,,,.,2,,2,,,,,2,1,02,,08,528.67938349
5370675,1,4,1,80,08,1,1,,2,,,9,,2,,2,,,,,2,1,02,2,08,528.67938349
5370678,1,2,1,80,08,1,3,,2,,,8,,2,,2,,,,,2,1,02,4,08,512.96554824
5370678,1,6,1,80,08,2,,,,2,,,.,2,,2,,,,,2,1,02,,08,512.96554824
5370679,1,3,1,80,08,2,,,,2,,,.,2,,2,,,,,2,1,02,,08,640.42814857
5370680,1,2,1,80,08,1,3,,2,,,9,,2,,2,,,,,2,1,02,3,08,577.85480151
5370680,1,4,1,80,08,1,3,,2,,,9,,2,,2,,,,,2,1,02,4,08,577.85480151
5370682,1,4,1,80,08,2,,,,2,,,.,2,,2,,,,,2,1,02,,08,539.21465513
5370683,1,4,1,80,08,1,4,,2,,,4,,2,,2,,,,,2,1,02,3,08,568.04298344
5370683,1,5,1,80,08,2,,,,2,,,.,2,,2,,2,,800000,2,1,02,,08,568.04298344
5370684,1,1,1,80,08,1,5,,2,,,8,,3,,2,,,,,3,1,02,4,08,464.02584784
5370684,1,2,1,80,08,1,3,,2,,,9,,2,,2,,,,,2,1,02,4,08,464.02584784
5370684,1,3,1,80,08,2,,,,2,,,.,2,,2,,,,,2,1,02,,08,464.02584784
5370685,1,6,1,80,08,2,,,,2,,,.,,,2,,,,,,1,02,,08,566.86163289
5370687,1,3,1,80,08,2,,,,2,,,.,2,,2,,,,,2,1,02,,08,433.48213161
5370687,1,5,1,80,08,2,,,,2,,,.,,,2,,,,,,1,02,,08,433.48213161
5370688,1,2,1,80,08,1,3,,2,,,9,,2,,2,,,,,2,1,02,1.3,08,502.02962867
5370688,1,3,1,80,08,1,4,,1,,1,12,ESTA RECIEN OPERADO ACCIDENTE EN UNA MOTO,2,,2,,2,,1200000,2,1,02,1.2,08,502.02962867
5370688,1,9,1,80,08,2,,,,2,,,.,2,,2,,,,,2,1,02,,08,502.02962867
5370693,1,2,1,80,08,2,,,,2,,,.,,,2,,,,,,1,02,,08,471.5479199
5370694,1,2,1,80,08,1,3,,2,,,9,,2,,2,,,,,2,1,02,4,08,622.51990035
5370695,1,2,1,80,08,2,,,,2,,,.,,,2,,,,,,1,02,,08,456.3808405
5370696,1,1,1,80,08,1,3,,2,,,9,,2,,2,,,,,2,1,02,4,08,462.39307449
5370696,1,3,1,80,08,1,5,,2,,,10,,3,,2,,,,,3,1,02,4,08,462.39307449
5370696,1,4,1,80,08,1,4,,2,,,4,,2,,2,,,,,2,1,02,4,08,462.39307449
5370697,1,3,1,80,08,2,,,,2,,,.,2,,2,,,,,2,1,02,,08,584.33117677
5370697,1,4,1,80,08,2,,,,2,,,.,2,,2,,,,,2,1,02,,08,584.33117677
5370698,1,3,1,80,08,2,,,,2,,,.,2,,2,,,,,2,1,02,,08,532.40587904
5370698,1,4,1,80,08,2,,,,2,,,.,2,,2,,1,24,1000000,2,1,02,,08,532.40587904
5370699,1,2,1,80,08,1,3,,2,,,9,,2,,2,,,,,2,1,02,4,08,599.03812248
5370700,1,2,1,80,08,1,3,,2,,,9,,2,,2,,,,,2,1,02,4,08,497.77310331
5370700,1,3,1,80,08,2,,,,2,,,.,2,,2,,,,,2,1,02,,08,497.77310331
5370700,1,6,1,80,08,2,,,,2,,,.,2,,2,,,,,2,1,02,,08,497.77310331
5370702,1,3,1,80,08,2,,,,2,,,.,2,,2,,,,,2,1,02,,08,532.40587904
5370703,1,1,1,80,08,1,4,,2,,,8,,2,,2,,,,,2,1,02,4,08,544.51839074
5370703,1,4,1,80,08,2,,,,2,,,.,2,,2,,,,,2,1,02,,08,544.51839074
5370703,1,5,1,80,08,2,,,,2,,,.,2,,2,,,,,2,1,02,,08,544.51839074
5370703,1,9,1,80,08,2,,,,2,,,.,,,2,,,,,,1,02,,08,544.51839074
5370704,1,2,1,80,08,1,3,,2,,,9,,2,,2,,,,,2,1,02,4,08,460.29935229
5370704,1,4,1,80,08,2,,,,2,,,.,2,,2,,,,,2,1,02,,08,460.29935229
5370706,1,2,1,80,08,1,6,,2,,,9,,2,,2,,1,48,950000,2,1,02,2,08,557.76087408
5370708,1,1,1,80,08,1,9,COVID 19,1,,1,12,COVID 19,1,,2,,,,800000,2,1,02,1.3,08,597.32049784
5370710,1,2,1,80,08,1,9,POR LA PANDEMIA,2,,,12,POR QUE NO TIENE PAPELES,2,,2,,1,48,780000,2,1,02,1.4,08,557.41014205
5370710,1,4,1,80,08,1,3,,2,,,9,,2,,2,,1,36,600000,2,1,02,1.4,08,557.41014205
5370711,1,4,1,80,08,2,,,,2,,,.,2,,2,,,,,2,1,02,,08,673.62641148
5370714,1,4,1,80,08,1,5,,2,,,8,,2,,2,,,,,2,1,02,4,08,661.0647137
5370715,1,1,1,80,08,1,4,,2,,,4,,2,,2,,,,,2,1,02,4,08,550.5839213
5370716,1,4,1,80,08,2,,,,2,,,.,2,,2,,,,,2,1,02,,08,601.78800219
5370717,1,2,1,80,08,1,9,PERDIO EL TRABAJO POR EL VIRUS,2,,,12,POR LA PANDEMIA NO BUSCA TRABAJO ACTUALMENTE,2,,2,,2,,1500000,2,1,02,1.4,08,532.40587904
5370717,1,3,1,80,08,2,,,,2,,,.,2,,2,,,,,2,1,02,,08,532.40587904
5370717,1,4,1,80,08,2,,,,2,,,.,,,2,,,,,,1,02,,08,532.40587904
5370718,1,6,1,80,08,1,1,,2,,,2,,2,,2,,,,,2,1,02,2,08,487.2893574
5370719,1,2,1,80,08,1,3,,2,,,9,,2,,2,,2,,800000,2,1,02,4,08,547.11282475
5370720,1,1,1,80,08,1,4,,2,,,4,,2,,2,,,,,2,1,02,1.2,08,528.31681954
5370720,1,3,1,80,08,2,,,,2,,,.,2,,2,,,,,2,1,02,,08,528.31681954
5370720,1,4,1,80,08,2,,,,2,,,.,2,,2,,,,,2,1,02,,08,528.31681954
5370721,1,3,1,80,08,2,,,,2,,,.,2,,2,,,,,2,1,02,,08,554.9538559
5370722,1,3,1,80,08,2,,,,2,,,.,2,,2,,,,,2,1,02,,08,576.23474662
5370725,1,5,1,80,08,1,6,,2,,,1,,2,,2,,1,48,800000,2,1,02,2,08,591.97618411
5370726,1,2,1,80,08,1,3,,2,,,9,,2,,2,,,,,2,1,02,4,08,606.68312982
5370726,1,4,1,80,08,1,3,,2,,,4,,2,,2,,,,,2,1,02,4,08,606.68312982
5370727,1,1,1,80,08,1,5,,2,,,4,,3,,2,,,,,3,1,02,4,08,621.33854981
5370727,1,2,1,80,08,1,9,COVD,2,,,12,COVD,2,,2,,,,,2,1,02,2,08,621.33854981
5370727,1,3,1,80,08,1,9,COVD,2,,,9,,2,,2,,2,,900000,2,1,02,2,08,621.33854981
5370728,1,1,1,80,08,1,4,,2,,,4,,2,,2,,,,,2,1,02,4,08,271.46945698
5370728,1,4,1,80,08,1,3,,2,,,9,,2,,2,,,,,2,1,02,1.4,08,271.46945698
5370728,1,11,1,80,08,1,3,,2,,,9,,2,,2,,,,,2,1,02,4,08,271.46945698
5370728,1,16,1,80,08,2,,,,2,,,.,2,,2,,,,,2,1,02,,08,271.46945698
5370730,1,1,1,80,08,1,4,,2,,,11,,2,,2,,2,,906000,2,1,02,1.4,08,550.5839213
5370731,1,3,1,80,08,2,,,,2,,,.,,,2,,,,,,1,02,,08,584.33117677
5370731,1,4,1,80,08,2,,,,2,,,.,,,2,,,,,,1,02,,08,584.33117677
5370732,1,3,1,80,08,2,,,,2,,,.,2,,2,,,,,2,1,02,,08,326.3651743
5370732,1,6,1,80,08,2,,,,2,,,.,,,2,,,,,,1,02,,08,326.3651743
5370732,1,10,1,80,08,2,,,,2,,,.,,,2,,,,,,1,02,,08,326.3651743
5370733,1,1,1,80,08,1,4,,2,,,9,,2,,2,,,,,2,1,02,4,08,518.03133416
5370733,1,3,1,80,08,2,,,,2,,,.,,,2,,,,,,1,02,,08,518.03133416
5370733,1,4,1,80,08,2,,,,2,,,.,,,2,,,,,,1,02,,08,518.03133416
5370733,1,5,1,80,08,2,,,,2,,,.,2,,2,,,,,2,1,02,,08,518.03133416
5370735,1,1,1,80,08,1,3,,2,,,9,,1,,2,,2,,1000000,2,1,02,4,08,706.08366559
5370736,1,3,1,80,08,1,5,,2,,,10,,3,,2,,,,,3,1,02,4,08,559.94655328
5370736,1,4,1,80,08,1,3,,2,,,9,,2,,2,,,,,2,1,02,4,08,559.94655328
5370738,1,2,1,80,08,2,,,,2,,,.,2,,2,,,,,2,1,02,,08,466.48213399
5370738,1,3,1,80,08,1,3,,2,,,12,COVD,2,,2,,,,,2,1,02,3,08,466.48213399
5370738,1,4,1,80,08,2,,,,2,,,.,2,,2,,,,,2,1,02,,08,466.48213399
5370740,1,4,1,80,08,2,,,,2,,,.,2,,2,,,,,2,1,02,,08,522.20524495
5370740,1,8,1,80,08,1,3,,2,,,9,,2,,2,,2,,906000,2,1,02,4,08,522.20524495
5370741,1,2,1,80,08,1,9,CAMBIO DE CIUDAD,2,,,11,,2,,2,,,,,2,1,02,4,08,539.21465513
5370741,1,4,1,80,08,2,,,,2,,,.,2,,2,,,,,2,1,02,,08,539.21465513
5370742,1,2,1,80,08,1,6,,2,,,3,,2,,2,,1,40,650000,2,1,02,2,08,673.0027644
5370742,1,3,1,80,08,2,,,,2,,,.,2,,2,,,,,2,1,02,,08,673.0027644
5370742,1,4,1,80,08,1,3,,2,,,9,,2,,2,,2,,550000,2,1,02,2,08,673.0027644
5370742,1,6,1,80,08,2,,,,2,,,.,,,2,,,,,,1,02,,08,673.0027644
5370742,1,10,1,80,08,2,,,,2,,,.,2,,2,,,,,2,1,02,,08,673.0027644
5370743,2,1,2,80,08,1,4,,2,,,8,,2,,2,,,,,2,1,02,4,08,679.16586471
5370744,1,1,1,80,08,2,,,,2,,,.,2,,2,,,,,2,1,02,,08,396.80876457
5370744,1,3,1,80,08,1,6,,2,,,12,TIENE DOMICILIARIA,2,,2,,,,,2,1,02,4,08,396.80876457
5370744,1,4,1,80,08,2,,,,2,,,.,,,2,,,,,,1,02,,08,396.80876457
5370744,1,6,1,80,08,1,9,POR PANDEMIA,2,,,12,POR PANDEMIA,2,,2,,1,48,850000,2,1,02,1.4,08,396.80876457
5370745,1,1,1,80,08,1,9,COVD,2,,,12,COVD,2,,2,,,,,2,1,02,1.4,08,612.14245796
5370745,1,3,1,80,08,1,7,,2,,,9,,2,,2,,,,,2,1,02,3,08,612.14245796
5370746,1,4,1,80,08,2,,,,2,,,.,,,2,,,,,,1,02,,08,481.40005868
5370747,1,8,1,80,08,2,,,,2,,,.,2,,2,,,,,2,1,02,,08,626.2511221
5370748,1,5,1,80,08,2,,,,2,,,.,2,,2,,,,,2,1,02,,08,563.14785581
5370749,1,6,1,80,08,1,4,,2,,,4,,2,,2,,,,,2,1,02,3,08,553.33603773
5370750,1,3,1,80,08,2,,,,2,,,.,2,,2,,,,,2,1,02,,08,503.03079489
5370750,1,5,1,80,08,2,,,,2,,,.,2,,2,,,,,2,1,02,,08,503.03079489
5370750,1,8,1,80,08,1,9,POR COVID,2,,,2,,2,,2,,1,48,1000000,2,1,02,1.4,08,503.03079489
5370751,1,1,1,80,08,1,8,,2,,,12,PANDEMIA,2,,2,,1,48,908526,2,1,02,1.4,08,668.07512634
5370752,1,2,1,80,08,1,9,LE SUSPENDIERON SIN REMUNERACION EL CONTRATO DE TRABAJO,2,,,12,POR EL VIRUS NO DESEA CONSEGUIR TRABAJO,2,,2,,,,,2,1,02,1.4,08,723.63806076
5370753,1,3,1,80,08,2,,,,2,,,.,,,2,,,,,,1,02,,08,333.06117268
5370753,1,4,1,80,08,2,,,,2,,,.,2,,2,,,,,2,1,02,,08,333.06117268
5370753,1,7,1,80,08,1,9,ESTA DETENIDO,2,,,12,SE ENCUENTRA DETENIDO,2,,2,,,,,2,1,02,3,08,333.06117268
5370753,1,9,1,80,08,1,3,,2,,,9,,2,,2,,,,,2,1,02,3,08,333.06117268
5370754,1,2,1,80,08,2,,,,2,,,.,2,,2,,,,,2,1,02,,08,495.65558158
5370755,1,5,1,80,08,2,,,,2,,,.,2,,2,,,,,2,1,02,,08,544.10978276
5370759,1,1,1,80,08,1,6,,2,,,8,,2,,2,,1,48,906000,2,1,02,1.2,08,495.02098688
5370762,1,2,1,80,08,1,3,,2,,,9,,2,,2,,,,,2,1,02,4,08,530.77310569
5370763,1,2,1,80,08,1,7,,2,,,12,POR LA PANDEMIA,2,,2,,1,48,700000,2,1,02,1.4,08,539.21465513
5370763,1,3,1,80,08,2,,,,2,,,.,2,,2,,,,,2,1,02,,08,539.21465513
5370763,1,4,1,80,08,2,,,,2,,,.,,,2,,,,,,1,02,,08,539.21465513
5370764,1,4,1,80,08,2,,,,2,,,.,2,,2,,,,,2,1,02,,08,687.26229486
5370765,1,1,1,80,08,1,9,VEJEZ,2,,,12,VEJEZ,2,,2,,,,,2,1,02,4,08,447.1030598
5370767,1,2,1,80,08,1,9,POR LA CUARENTENA,2,,,11,,2,,2,,,,,2,1,02,1.4,08,553.32331927
5370767,1,3,1,80,08,1,7,,2,,,12,QUEDO SIN CAPITAL,2,,2,,,,,2,1,02,1.4,08,553.32331927
5370767,1,6,1,80,08,2,,,,2,,,.,2,,2,,,,,2,1,02,,08,553.32331927
5370767,1,7,1,80,08,2,,,,2,,,.,,,2,,,,,,1,02,,08,553.32331927
5370768,1,2,1,80,08,1,9,COVD,2,,,9,,2,,2,,,,,2,1,02,2,08,547.11282475
5370769,1,2,1,80,08,1,9,POR PANDEMIA,2,,,12,POR PANDEMIA,2,,2,,,,,2,1,02,1.4,08,599.03812248
5370770,1,1,1,80,08,1,3,,2,,,9,,2,,2,,,,,2,1,02,4,08,614.87489301
5370771,1,3,1,80,08,2,,,,2,,,.,2,,2,,,,,2,1,02,,08,549.86270446
5370771,1,4,1,80,08,2,,,,2,,,.,,,2,,,,,,1,02,,08,549.86270446
5370773,1,2,1,80,08,2,,,,1,1,5,,2,,2,,1,48,920000,2,1,02,,08,633.32812623
5370773,1,4,1,80,08,1,7,,2,,,7,,2,,2,,1,40,650000,2,1,02,3,08,633.32812623
5370773,1,8,1,80,08,2,,,,2,,,.,2,,2,,,,,2,1,02,,08,633.32812623
5370775,1,4,1,80,08,2,,,,2,,,.,2,,2,,,,,2,1,02,,08,443.37880097
5370776,1,2,1,80,08,1,3,,2,,,9,,2,,2,,,,,2,1,02,4,08,517.48795435
5370777,1,1,1,80,08,1,7,,2,,,8,,2,,2,,2,,99,2,1,02,1.4,08,550.5839213
5370778,1,2,1,80,08,2,,,,2,,,.,2,,2,,1,24,500000,2,1,02,,08,576.13717687
5370779,1,2,1,80,08,2,,,,2,,,.,2,,2,,,,,2,1,02,,08,451.2008302
5370780,1,1,1,80,08,1,8,,2,,,8,,2,,2,,,,,2,1,02,4,08,550.5839213
5370782,1,3,1,80,08,2,,,,2,,,.,,,2,,,,,,1,02,,08,523.47545435
5370782,1,4,1,80,08,2,,,,2,,,.,2,,2,,2,,860000,2,1,02,,08,523.47545435
5370783,1,1,1,80,08,1,4,,2,,,4,,2,,2,,,,,2,1,02,4,08,550.5839213
5370784,1,5,1,80,08,2,,,,2,,,.,2,,2,,,,,2,1,02,,08,396.0106173
5370784,1,7,1,80,08,2,,,,2,,,.,2,,2,,,,,2,1,02,,08,396.0106173
5370785,1,1,1,80,08,1,5,,2,,,10,,3,,2,,,,,3,1,02,4,08,464.02584784
5370785,1,2,1,80,08,1,3,,2,,,9,,2,,2,,,,,2,1,02,2,08,464.02584784
5370785,1,3,1,80,08,2,,,,2,,,.,,,2,,,,,,1,02,,08,464.02584784
5370786,1,3,1,80,08,2,,,,2,,,.,2,,2,,,,,2,1,02,,08,584.33117677
5370786,1,4,1,80,08,2,,,,2,,,.,,,2,,,,,,1,02,,08,584.33117677
5370789,1,1,1,80,08,1,4,,2,,,8,,3,,2,,2,,800000,3,1,02,3,08,502.66599422
5370790,1,3,1,80,08,2,,,,2,,,.,,,2,,,,,,1,02,,08,560.39797609
5370791,1,2,1,80,08,1,4,,2,,,4,,2,,2,,,,,2,1,02,4,08,399.18513273
5370792,1,2,1,80,08,1,3,,2,,,9,,2,,2,,,,,2,1,02,4,08,744.10016489
5370792,1,4,1,80,08,2,,,,2,,,.,2,,2,,,,,2,1,02,,08,744.10016489
5370793,1,2,1,80,08,1,3,,2,,,9,,2,,2,,,,,2,1,02,3,08,470.27994722
5370793,1,3,1,80,08,2,,,,2,,,.,2,,2,,,,,2,1,02,,08,470.27994722
5370793,1,6,1,80,08,2,,,,2,,,.,2,,2,,,,,2,1,02,,08,470.27994722
5370797,1,3,1,80,08,2,,,,2,,,.,,,2,,,,,,1,02,,08,588.50285084
5370798,1,4,1,80,08,2,,,,2,,,.,2,,2,,,,,2,1,02,,08,537.59460024
5370804,1,2,1,80,08,1,9,LE ROBARON LAS MAQUINAS DE COSER,2,,,11,,2,,2,,,,,2,1,02,4,08,502.66599422
5370806,1,3,1,80,08,1,3,,2,,,9,,9,,2,,,,,3,1,02,4,08,669.25647688
5370808,1,1,1,80,08,1,1,,2,,,11,,2,,2,,,,,2,1,02,3,08,604.96550518
5370810,1,2,1,80,08,2,,,,2,,,.,2,,2,,,,,2,1,02,,08,476.29395206
5370810,1,3,1,80,08,2,,,,2,,,.,,,2,,,,,,1,02,,08,476.29395206
5370811,1,2,1,80,08,2,,,,2,,,.,,,2,,,,,,1,02,,08,477.37996957
5370811,1,6,1,80,08,2,,,,2,,,.,2,,2,,,,,2,1,02,,08,477.37996957
5370812,1,2,1,80,08,2,,,,2,,,.,2,,2,,,,,2,1,02,,08,549.86270446
5370812,1,3,1,80,08,2,,,,2,,,.,,,2,,,,,,1,02,,08,549.86270446
5370812,1,4,1,80,08,2,,,,2,,,.,,,2,,,,,,1,02,,08,549.86270446
5370813,1,1,1,80,08,1,9,POR AMENAZAS DE PARAMILITARES,2,,,11,,2,,2,,,,,2,1,02,4,08,495.02098688
5370815,1,2,1,80,08,1,3,,2,,,12,PANDEMIA,2,,2,,1,40,600000,2,1,02,4,08,661.61146954
5370817,1,2,1,80,08,1,7,,1,,1,12,PANDEMIA,2,,2,,1,48,908526,2,1,02,2,08,519.1207277
5370817,1,3,1,80,08,2,,,,2,,,.,,,2,,,,,,1,02,,08,519.1207277
5370818,1,2,1,80,08,2,,,,2,,,.,2,,2,,,,,2,1,02,,08,558.68035145
5370819,1,3,1,80,08,2,,,,2,,,.,2,,2,,,,,2,1,02,,08,782.74031127
5370820,1,2,1,80,08,1,9,PANDEMIA,2,,,12,PANDEMIA,2,,2,,2,,550000,2,1,02,1.3,08,632.88071099
5370821,1,1,1,80,08,1,9,CAMBIO DE MUNICIPIO,2,,,9,,2,,2,,,,,2,1,02,4,08,576.23474662
5370823,1,1,1,80,13,1,1,,2,,,1,,2,,2,,,,,2,1,02,2,13,402.48697334
5370823,1,3,1,80,13,2,,,,2,,,.,,,2,,,,,,1,02,,13,402.48697334
5370823,1,4,1,80,13,2,,,,2,,,.,,,2,,,,,,1,02,,13,402.48697334
5370824,1,4,1,80,13,2,,,,2,,,.,2,,2,,,,,2,1,02,,13,454.85797317
5370824,1,5,1,80,13,2,,,,2,,,.,,,2,,,,,,1,02,,13,454.85797317
5370827,1,2,1,80,13,2,,,,2,,,.,2,,2,,,,,2,1,02,,13,397.77313946
5370830,1,3,1,80,13,2,,,,2,,,.,2,,2,,,,,2,1,02,,13,454.85797317
5370830,1,4,1,80,13,2,,,,2,,,.,2,,2,,,,,2,1,02,,13,454.85797317
5370830,1,5,1,80,13,2,,,,2,,,.,,,2,,,,,,1,02,,13,454.85797317
5370831,1,2,1,80,13,1,7,,2,,,12,SEGURIDAD PANDEMIA,2,,2,,,,,2,1,02,1.4,13,282.95762311
5370832,1,1,1,80,13,1,5,,2,,,10,,3,,2,,,,,3,1,02,4,13,323.64646475
5370832,1,2,1,80,13,2,,,,2,,,.,2,,2,,,,,2,1,02,,13,323.64646475
5370832,1,3,1,80,13,1,5,,2,,,10,,3,,2,,,,,3,1,02,4,13,323.64646475
5370832,1,4,1,80,13,1,8,,2,,,9,,2,,2,,,,,2,1,02,4,13,323.64646475
5370834,1,3,1,80,13,1,7,,2,,,1,,2,,2,,1,40,800000,2,1,02,1.4,13,304.19497416
5370834,1,4,1,80,13,2,,,,2,,,.,2,,2,,,,,2,1,02,,13,304.19497416
5370836,1,1,1,80,13,2,,,,2,,,.,2,,2,,,,,2,1,02,,13,322.23981377
5370837,1,1,1,80,13,2,,,,2,,,.,2,,2,,,,,2,1,02,,13,334.20936828
5370837,1,6,1,80,13,1,3,,2,,,9,,2,,2,,,,,2,1,02,4,13,334.20936828
5370838,1,3,1,80,13,2,,,,2,,,.,2,,2,,,,,2,1,02,,13,464.27134749
5370839,1,2,1,80,13,2,,,,2,,,.,2,,2,,,,,2,1,02,,13,504.66120353
5370839,1,4,1,80,13,2,,,,2,,,.,2,,2,,,,,2,1,02,,13,504.66120353
5370839,1,5,1,80,13,2,,,,2,,,.,2,,2,,,,,2,1,02,,13,504.66120353
5370840,1,1,1,80,13,2,,,,2,,,.,2,,2,,,,,2,1,02,,13,423.72432439
5370840,1,4,1,80,13,2,,,,2,,,.,2,,2,,,,,2,1,02,,13,423.72432439
5370840,1,5,1,80,13,2,,,,2,,,.,2,,2,,,,,2,1,02,,13,423.72432439
5370841,1,3,1,80,13,2,,,,2,,,.,2,,2,,1,48,908526,2,1,02,,13,464.75427091
5370841,1,4,1,80,13,2,,,,2,,,.,,,2,,,,,,1,02,,13,464.75427091
5370842,1,2,1,80,13,2,,,,2,,,.,2,,2,,,,,2,1,02,,13,452.16545818
5370842,1,3,1,80,13,2,,,,2,,,.,2,,2,,,,,2,1,02,,13,452.16545818
5370842,1,6,1,80,13,1,1,,2,,,8,,2,,2,,,,,2,1,02,4,13,452.16545818
5370843,1,1,1,80,13,2,,,,1,4,9,,2,,2,,,,,2,1,02,,13,327.4249818
5370843,1,2,1,80,13,1,3,,2,,,8,,2,,2,,,,,2,1,02,4,13,327.4249818
5370843,1,4,1,80,13,2,,,,2,,,.,2,,2,,,,,2,1,02,,13,327.4249818
5370843,1,5,1,80,13,2,,,,2,,,.,2,,2,,,,,2,1,02,,13,327.4249818
5370844,1,2,1,80,13,1,7,,2,,,9,,2,,2,,2,,700000,2,1,02,3,13,382.74830175
5370845,1,1,1,80,13,1,9,SEGURIDAD PANDEMIA,2,,,12,SEGURIDAD PANDEMIA,2,,2,,2,,600000,2,1,02,1.4,13,370.05038753
5370845,1,2,1,80,13,2,,,,2,,,.,2,,2,,,,,2,1,02,,13,370.05038753
5370846,1,2,1,80,13,2,,,,2,,,.,,,2,,,,,,1,02,,13,343.08272856
5370846,1,6,1,80,13,1,3,,2,,,9,,2,,2,,2,,500000,2,1,02,2,13,343.08272856
5370849,1,1,1,80,13,1,3,,2,,,1,,2,,2,,1,40,900000,2,1,02,4,13,377.77519829
5370849,1,2,1,80,13,2,,,,2,,,.,2,,2,,,,,2,1,02,,13,377.77519829
5370851,1,1,1,80,13,1,5,,2,,,8,,3,,2,,,,,3,1,02,4,13,339.39966217
5370851,1,2,1,80,13,2,,,,2,,,.,2,,2,,,,,2,1,02,,13,339.39966217
5370854,1,2,1,80,13,1,6,,2,,,11,,2,,2,,,,,2,1,02,3,13,412.38327108
5370854,1,3,1,80,13,2,,,,2,,,.,,,2,,,,,,1,02,,13,412.38327108
5370855,1,1,1,80,13,1,1,,2,,,9,,2,,2,,1,48,400000,2,1,02,1.2,13,390.96844564
5370855,1,4,1,80,13,2,,,,2,,,.,,,2,,,,,,1,02,,13,390.96844564
5370856,1,2,1,80,13,2,,,,2,,,.,2,,2,,,,,2,1,02,,13,393.81579202
5370858,1,1,1,80,13,1,6,,2,,,8,,2,,2,,,,,2,1,02,3,13,391.770662
5370858,1,2,1,80,13,1,4,,2,,,4,,2,,2,,,,,2,1,02,4,13,391.770662
5370858,1,3,1,80,13,2,,,,2,,,.,2,,2,,,,,2,1,02,,13,391.770662
5370859,1,2,1,80,13,2,,,,2,,,.,,,2,,,,,,1,02,,13,363.92155311
5370860,1,2,1,80,13,1,8,,1,,3,1,,2,,2,,2,,1600000,2,1,02,3,13,381.23803302
5370860,1,4,1,80,13,2,,,,2,,,.,2,,2,,,,,2,1,02,,13,381.23803302
5370860,1,5,1,80,13,2,,,,2,,,.,2,,2,,,,,2,1,02,,13,381.23803302
5370861,1,2,1,80,13,2,,,,2,,,.,2,,2,,,,,2,1,02,,13,300.23762672
5370862,1,2,1,80,13,2,,,,2,,,.,2,,2,,,,,2,1,02,,13,330.88835209
5370862,1,3,1,80,13,2,,,,2,,,.,2,,2,,,,,2,1,02,,13,330.88835209
5370862,1,4,1,80,13,1,9,PANDEMIA,2,,,9,,2,,2,,1,48,908526,2,1,02,1.4,13,330.88835209
5370864,1,2,1,80,13,2,,,,2,,,.,2,,2,,,,,2,1,02,,13,421.31372198
5370865,1,5,1,80,13,2,,,,2,,,.,,,2,,,,,,1,02,,13,403.7402165
5370866,1,2,1,80,13,1,4,,2,,,4,,2,,2,,,,,2,1,02,1.3,13,360.01227126
5370867,1,2,1,80,13,1,3,,2,,,9,,2,,2,,,,,2,1,02,3,13,423.72432439
5370867,1,3,1,80,13,2,,,,2,,,.,2,,2,,,,,2,1,02,,13,423.72432439
5370867,1,4,1,80,13,2,,,,2,,,.,2,,2,,,,,2,1,02,,13,423.72432439
5370867,1,5,1,80,13,2,,,,2,,,.,2,,2,,,,,2,1,02,,13,423.72432439
5370868,1,1,1,80,13,1,9,POR LA EDAD,2,,,8,,2,,2,,,,,2,1,02,4,13,301.62720468
5370868,1,2,1,80,13,1,4,,2,,,8,,2,,2,,,,,2,1,02,2,13,301.62720468
5370869,1,2,1,80,13,2,,,,2,,,.,2,,2,,,,,2,1,02,,13,381.73254572
5370872,1,3,1,80,13,2,,,,2,,,.,2,,2,,,,,2,1,02,,13,304.97688318
5370872,1,4,1,80,13,1,1,,2,,,8,,2,,2,,,,,2,1,02,4,13,304.97688318
5370872,1,5,1,80,13,1,7,,2,,,6,,2,,2,,,,,2,1,02,2,13,304.97688318
5370873,1,2,1,80,13,2,,,,2,,,.,2,,2,,,,,2,1,02,,13,437.69166135
5370875,1,2,1,80,13,2,,,,2,,,.,2,,2,,,,,2,1,02,,13,426.18885068
5370876,1,3,1,80,13,2,,,,2,,,.,2,,2,,,,,2,1,02,,13,450.14413928
5370877,1,2,1,80,13,2,,,,2,,,.,2,,2,,,,,2,1,02,,13,373.10108042
5370877,1,3,1,80,13,1,8,,2,,,9,,2,,2,,,,,2,1,02,2,13,373.10108042
5370878,1,3,1,80,13,2,,,,2,,,.,2,,2,,,,,2,1,02,,13,381.2496223
5370879,1,2,1,80,13,2,,,,2,,,.,2,,2,,,,,2,1,02,,13,381.2496223
5370880,1,2,1,80,13,2,,,,2,,,.,,,2,,,,,,1,02,,13,350.59889693
5370881,1,1,1,80,13,1,5,,2,,,10,,3,,2,,,,,3,1,02,4,13,339.39966217
5370883,1,2,1,80,13,1,3,,2,,,9,,2,,2,,,,,2,1,02,2,13,388.35976514
5370887,1,1,1,80,13,2,,,,2,,,.,2,,2,,,,,2,1,02,,13,377.29227487
5370887,1,3,1,80,13,2,,,,2,,,.,,,2,,,,,,1,02,,13,377.29227487
5370888,1,1,1,80,13,1,5,,2,,,10,,3,,2,,,,,3,1,02,4,13,314.32511891
5370888,1,3,1,80,13,2,,,,2,,,.,2,,2,,,,,2,1,02,,13,314.32511891
5370890,1,3,1,80,13,2,,,,2,,,.,2,,2,,,,,2,1,02,,13,412.38327108
5370891,1,4,1,80,13,2,,,,2,,,.,2,,2,,,,,2,1,02,,13,355.94123203
5370894,1,2,1,80,13,1,3,,2,,,9,,2,,2,,,,,2,1,02,3,13,397.77313946
5370895,1,2,1,80,13,1,3,,2,,,9,,2,,2,,,,,2,1,02,4,13,339.39966217
5370896,1,2,1,80,13,2,,,,2,,,.,2,,2,,,,,2,1,02,,13,434.10354555
5370896,1,3,1,80,13,2,,,,2,,,.,2,,2,,,,,2,1,02,,13,434.10354555
5370898,1,2,1,80,13,2,,,,2,,,.,2,,2,,,,,2,1,02,,13,419.49341392
5370899,1,2,1,80,13,1,6,,2,,,8,,2,,2,,1,40,800000,2,1,02,3,13,433.62062213
5370899,1,3,1,80,13,2,,,,2,,,.,2,,2,,,,,2,1,02,,13,433.62062213
5370899,1,4,1,80,13,2,,,,2,,,.,,,2,,,,,,1,02,,13,433.62062213
5370901,1,3,1,80,13,2,,,,2,,,.,2,,2,,,,,2,1,02,,13,398.52962591
5370901,1,4,1,80,13,2,,,,2,,,.,2,,2,,,,,2,1,02,,13,398.52962591
5370902,1,2,1,80,13,2,,,,2,,,.,2,,2,,,,,2,1,02,,13,389.85844459
5370903,1,1,1,80,13,1,9,PANDEMIA,2,,,9,,2,,2,,2,,700000,2,1,02,1.4,13,292.99573939
5370905,1,1,1,80,13,1,4,,2,,,4,,2,,2,,,,,2,1,02,4,13,339.39966217
5370906,1,3,1,80,13,2,,,,2,,,.,2,,2,,,,,2,1,02,,13,341.96743164
5370907,1,1,1,80,13,1,9,EMBARAZO,2,,,9,,2,,2,,,,,2,1,02,4,13,385.18432673
5370908,1,3,1,80,13,1,6,,2,,,7,,2,,2,,1,40,700000,2,1,02,1.2,13,467.4241429
5370909,1,1,1,80,13,1,5,,2,,,10,,3,,2,,,,,3,1,02,4,13,374.10524718
5370909,1,3,1,80,13,2,,,,2,,,.,2,,2,,,,,2,1,02,,13,374.10524718
5370909,1,4,1,80,13,1,3,,2,,,9,,2,,2,,2,,900000,2,1,02,4,13,374.10524718
5370912,1,1,1,80,13,1,5,,2,,,10,,3,,2,,,,,3,1,02,3,13,391.770662
5370912,1,2,1,80,13,1,5,,2,,,8,,2,,2,,,,,2,1,02,4,13,391.770662
5370912,1,3,1,80,13,2,,,,2,,,.,2,,2,,,,,2,1,02,,13,391.770662
5370916,1,2,1,80,13,2,,,,2,,,.,2,,2,,,,,2,1,02,,13,419.0104905
5370916,1,3,1,80,13,2,,,,2,,,.,2,,2,,,,,2,1,02,,13,419.0104905
5370917,1,1,1,80,13,1,9,POR LA EDAD,2,,,8,,2,,2,,,,,2,1,02,4,13,339.39966217
5370918,1,2,1,80,13,2,,,,2,,,.,2,,2,,,,,2,1,02,,13,429.66327469
5370918,1,3,1,80,13,2,,,,2,,,.,2,,2,,,,,2,1,02,,13,429.66327469
5370918,1,4,1,80,13,2,,,,2,,,.,2,,2,,,,,2,1,02,,13,429.66327469
5370919,1,1,1,80,13,1,5,,2,,,10,,3,,2,,,,,3,1,02,4,13,387.21669935
5370919,1,2,1,80,13,2,,,,2,,,.,2,,2,,,,,2,1,02,,13,387.21669935
5370919,1,3,1,80,13,1,6,,2,,,11,,2,,2,,,,,2,1,02,3,13,387.21669935
5370920,1,2,1,80,13,1,3,,2,,,9,,2,,2,,,,,2,1,02,3,13,404.46857622
5370920,1,5,1,80,13,2,,,,2,,,.,2,,2,,,,,2,1,02,,13,404.46857622
5370924,1,1,1,80,13,1,5,,2,,,10,,3,,2,,,,,3,1,02,4,13,339.39966217
5370924,1,2,1,80,13,1,5,,2,,,10,,3,,2,,,,,3,1,02,4,13,339.39966217
5370928,1,2,1,80,13,1,9,POR SEGURIDAD  POR CIVID 19,2,,,12,POR SEGURIDAD  POR COVID 19,2,,2,,1,40,908526,2,1,02,2,13,330.76819687
5370928,1,3,1,80,13,1,9,POR SEGURIDAD POR COVID 19,2,,,1,,2,,2,,1,40,908526,2,1,02,1.4,13,330.76819687
5370931,1,2,1,80,13,2,,,,2,,,.,2,,2,,,,,2,1,02,,13,377.29227487
5370933,1,1,1,80,13,1,9,PANDEMIA,2,,,12,PANDEMIA,2,,2,,1,40,2000000,2,1,02,1.4,13,351.36921668
5370936,1,3,1,80,13,1,2,,2,,,2,,2,,2,,,,,2,1,02,3,13,322.23981377
5370942,1,3,1,80,13,2,,,,2,,,.,2,,2,,,,,2,1,02,,13,373.22123564
5370942,1,5,1,80,13,2,,,,2,,,.,2,,2,,,,,2,1,02,,13,373.22123564
5370945,1,1,1,80,13,1,5,,2,,,8,,3,,2,,,,,3,1,02,4,13,339.39966217
5370945,1,2,1,80,13,1,5,,2,,,8,,3,,2,,,,,3,1,02,4,13,339.39966217
5370948,1,1,1,80,13,1,3,,2,,,8,,2,,2,,,,,2,1,02,4,13,216.04417344
5370949,1,1,1,80,13,1,7,,2,,,1,,2,,2,,1,40,2000000,2,1,02,1.4,13,245.18516563
5370949,1,2,1,80,13,1,5,,2,,,10,,3,,2,,,,,3,1,02,2,13,245.18516563
5370949,1,4,1,80,13,1,5,,2,,,10,,3,,2,,,,,3,1,02,4,13,245.18516563
5370957,1,1,1,80,13,2,,,,2,,,.,2,,2,,,,,2,1,02,,13,347.93450869
5370957,1,2,1,80,13,1,5,,2,,,10,,3,,2,,,,,3,1,02,4,13,347.93450869
5370957,1,5,1,80,13,2,,,,2,,,.,2,,2,,,,,2,1,02,,13,347.93450869
5370957,1,6,1,80,13,2,,,,2,,,.,2,,2,,,,,2,1,02,,13,347.93450869
5370961,1,2,1,80,13,1,7,,2,,,12,ESTA ESPERANDO SE NORMALICE LA SITUACION,2,,2,,1,48,98,2,1,02,1.4,13,397.77313946
5370962,1,3,1,80,13,2,,,,2,,,.,,,2,,,,,,1,02,,13,415.05314307
5370963,1,3,1,80,13,2,,,,2,,,.,2,,2,,,,,2,1,02,,13,402.48697334
5370963,1,4,1,80,13,2,,,,2,,,.,2,,2,,,,,2,1,02,,13,402.48697334
5370964,1,2,1,80,13,1,5,,2,,,10,,3,,2,,,,,3,1,02,3,13,339.39966217
5370965,1,1,1,80,13,1,5,,2,,,10,,3,,2,,,,,3,1,02,4,13,282.95762311
5370965,1,2,1,80,13,1,5,,2,,,10,,3,,2,,,,,3,1,02,4,13,282.95762311
5370989,1,1,1,80,17,1,3,,2,,,9,,2,,2,,,,,2,1,02,4,17,222.95370546
5370990,1,1,1,80,17,2,,,,2,,,.,2,,2,,,,,2,1,02,,17,283.07609131
5370990,1,4,1,80,17,2,,,,2,,,.,,,2,,,,,,1,02,,17,283.07609131
5370993,1,3,1,80,17,2,,,,2,,,.,2,,2,,,,,2,1,02,,17,203.00942384
5370997,1,2,1,80,17,1,7,,2,,,9,,2,,2,,,,,2,1,02,1.4,17,173.90934583
5371001,1,1,1,80,17,1,5,,2,,,10,,3,,2,,,,,3,1,02,4,17,190.74139886
5371001,1,2,1,80,17,1,3,,2,,,9,,2,,2,,,,,2,1,02,4,17,190.74139886
5371001,1,3,1,80,17,2,,,,2,,,.,,,2,,,,,,1,02,,17,190.74139886
5371002,1,1,1,80,17,1,3,,2,,,9,,2,,2,,,,,2,1,02,4,17,129.47037699
5371002,1,2,1,80,17,2,,,,2,,,.,2,,2,,,,,2,1,02,,17,129.47037699
5371002,1,3,1,80,17,1,8,,1,,2,8,,2,,2,,1,48,908526,2,1,02,3,17,129.47037699
5371002,1,4,1,80,17,1,6,,2,,,8,,2,,2,,1,30,600000,2,1,02,2,17,129.47037699
5371003,1,3,1,80,17,2,,,,2,,,.,,,2,,,,,,1,02,,17,212.31624697
5371004,1,2,1,80,17,1,9,POR LA PANDEMIA,1,,1,9,,2,,2,,1,24,500000,2,1,02,1.4,17,216.39672357
5371008,1,1,1,80,17,1,5,,2,,,10,,3,,2,,,,,3,1,02,4,17,193.66123797
5371010,1,2,1,80,17,1,7,,1,,3,1,,2,,2,,1,48,908526,2,1,02,1.4,17,282.88370183
5371011,1,1,1,80,17,1,9,TIENE CASA POR CARCEL,2,,,12,TIENE CASA POR CARCEL,1,,2,,,,,2,1,02,4,17,241.66873135
5371011,1,2,1,80,17,1,8,,2,,,12,QUIERE SER INDEPENDIENTE,2,,2,,1,48,908526,2,1,02,1.2,17,241.66873135
5371016,1,1,1,80,17,1,3,,2,,,9,,2,,2,,,,,2,1,02,4,17,300.31091715
5371016,1,6,1,80,17,2,,,,2,,,.,2,,2,,,,,2,1,02,,17,300.31091715
5371016,1,7,1,80,17,2,,,,2,,,.,2,,2,,,,,2,1,02,,17,300.31091715
5371016,1,8,1,80,17,2,,,,2,,,.,,,2,,,,,,1,02,,17,300.31091715
5371017,1,1,1,80,17,1,8,,2,,,11,,2,,2,,,,,2,1,02,4,17,191.98864842
5371017,1,2,1,80,17,1,5,,2,,,10,,3,,2,,,,,3,1,02,4,17,191.98864842
5371017,1,4,1,80,17,2,,,,2,,,.,,,2,,,,,,1,02,,17,191.98864842
5371019,1,2,1,80,17,2,,,,2,,,.,,,2,,,,,,1,02,,17,271.19138326
5371020,1,2,1,80,17,1,7,,2,,,9,,2,,2,,,,,2,1,02,1.4,17,237.58825475
5371020,1,3,1,80,17,2,,,,2,,,.,,,2,,,,,,1,02,,17,237.58825475
5371021,1,2,1,80,17,1,8,,2,,,9,,2,,2,,,,,2,1,02,4,17,206.98558507
5371021,1,3,1,80,17,2,,,,2,,,.,2,,2,,,,,2,1,02,,17,206.98558507
5371021,1,4,1,80,17,2,,,,2,,,.,2,,2,,,,,2,1,02,,17,206.98558507
5371022,1,1,1,80,17,1,8,,1,,1,1,,1,,2,,,,,2,1,02,1.3,17,263.1318097
5371022,1,3,1,80,17,2,,,,2,,,.,,,2,,,,,,1,02,,17,263.1318097
5371024,1,2,1,80,17,1,3,,2,,,9,,1,,2,,,,,2,1,02,3,17,276.51910943
5371027,1,1,1,80,17,1,3,,2,,,9,,2,,2,,,,,2,1,02,4,17,186.95762711
5371027,1,3,1,80,17,2,,,,2,,,.,,,2,,,,,,1,02,,17,186.95762711
5371030,1,2,1,80,17,1,3,,2,,,9,,2,,2,,,,,2,1,02,4,17,183.92907486
5371030,1,5,1,80,17,1,8,,2,,,4,,2,,2,,2,,908526,2,1,02,1.3,17,183.92907486
5371031,1,3,1,80,17,2,,,,2,,,.,2,,2,,,,,2,1,02,,17,286.73122794
5371031,1,5,1,80,17,1,4,,2,,,4,,2,,2,,,,,2,1,02,4,17,286.73122794
5371033,1,1,1,80,17,2,,,,2,,,.,2,,2,,,,,2,1,02,,17,193.66123797
5371034,1,2,1,80,17,1,1,,2,,,9,,2,,2,,,,,2,1,02,3,17,354.89079574
5371036,1,1,1,80,17,1,5,,2,,,10,,3,,2,,,,,3,1,02,4,17,169.54986767
5371036,1,2,1,80,17,2,,,,2,,,.,2,,2,,,,,2,1,02,,17,169.54986767
5371037,1,1,1,80,17,1,4,,2,,,4,,2,,2,,,,,2,1,02,2,17,223.92195347
5371038,1,2,1,80,17,1,4,,2,,,4,,2,,2,,,,,2,1,02,3,17,149.79797554
5371038,1,3,1,80,17,1,3,,2,,,9,,2,,2,,,,,2,1,02,4,17,149.79797554
5371039,1,2,1,80,17,2,,,,2,,,.,,,2,,,,,,1,02,,17,211.0689974
5371040,1,2,1,80,17,2,,,,2,,,.,,,2,,,,,,1,02,,17,178.89805355
5371040,1,3,1,80,17,1,3,,2,,,9,,2,,2,,,,,2,1,02,4,17,178.89805355
5371041,1,2,1,80,17,1,6,,2,,,9,,2,,2,,,,,2,1,02,4,17,203.00942384
5371041,1,3,1,80,17,2,,,,2,,,.,2,,2,,,,,2,1,02,,17,203.00942384
5371042,1,2,1,80,17,2,,,,2,,,.,2,,2,,,,,2,1,02,,17,216.39672357
5371043,1,2,1,80,17,2,,,,2,,,.,,,2,,,,,,1,02,,17,269.71101355
5371043,1,3,1,80,17,2,,,,2,,,.,,,2,,,,,,1,02,,17,269.71101355
5371043,1,7,1,80,17,2,,,,2,,,.,2,,2,,,,,2,1,02,,17,269.71101355
5371046,1,1,1,80,17,1,5,,2,,,4,,3,,2,,1,36,908526,3,1,02,3,17,185.51798806
5371048,1,2,1,80,17,1,4,,2,,,4,,2,,2,,,,,2,1,02,3,17,212.22963489
5371048,1,3,1,80,17,2,,,,2,,,.,2,,2,,,,,2,1,02,,17,212.22963489
5371054,1,2,1,80,17,1,7,,1,,3,11,,3,,2,,,,,3,1,02,4,17,125.68660524
5371054,1,4,1,80,17,1,5,,2,,,10,,3,,2,,,,,3,1,02,4,17,125.68660524
5371055,1,3,1,80,17,2,,,,2,,,.,2,,2,,,,,2,1,02,,17,288.40381748
5371056,1,1,1,80,17,1,5,,2,,,10,,3,,2,,,,,3,1,02,4,17,169.54986767
5371058,1,1,1,80,17,1,5,,2,,,10,,3,,2,,,,,3,1,02,4,17,185.51798806
5371060,1,2,1,80,17,1,3,,2,,,9,,2,,2,,,,,2,1,02,3,17,216.39672357
5371061,1,1,1,80,17,1,5,,2,,,10,,3,,2,,,,,3,1,02,4,17,193.66123797
5371062,1,1,1,80,17,1,5,,2,,,10,,3,,2,,,,,3,1,02,2,17,169.54986767
5371062,1,2,1,80,17,1,3,,2,,,9,,2,,2,,,,,2,1,02,4,17,169.54986767
5371063,1,3,1,80,17,2,,,,2,,,.,2,,2,,,,,2,1,02,,17,180.14530311
5371064,1,1,1,80,17,1,3,,2,,,9,,2,,2,,,,,2,1,02,1.4,17,191.12471579
5371066,1,1,1,80,17,1,3,,2,,,9,,2,,2,,,,,2,1,02,4,17,209.20401838
5371066,1,4,1,80,17,2,,,,2,,,.,2,,2,,,,,2,1,02,,17,209.20401838
5371067,1,1,1,80,17,1,5,,2,,,10,,3,,2,,,,,3,1,02,4,17,175.34898488
5371067,1,4,1,80,17,2,,,,2,,,.,2,,2,,,,,2,1,02,,17,175.34898488
5371068,1,1,1,80,17,1,4,,2,,,4,,2,,2,,,,,2,1,02,4,17,161.40661777
5371068,1,2,1,80,17,1,3,,2,,,8,,2,,2,,,,,2,1,02,4,17,161.40661777
5371070,1,2,1,80,17,1,7,,2,,,4,,1,2,2,,,,98,1,1,02,1.4,17,186.76523763
5371072,1,1,1,80,17,1,5,,2,,,10,,3,,2,,,,,3,1,02,4,17,186.76523763
5371076,1,3,1,80,17,2,,,,2,,,.,2,,2,,,,,2,1,02,,17,334.76597681
5371076,1,4,1,80,17,2,,,,2,,,.,2,,2,,,,,2,1,02,,17,334.76597681
5371076,1,5,1,80,17,2,,,,2,,,.,,,2,,,,,,1,02,,17,334.76597681
5371077,1,2,1,80,17,1,4,,2,,,8,,2,,2,,,,,2,1,02,4,17,145.43849738
5371077,1,3,1,80,17,1,4,,2,,,8,,2,,2,,,,,2,1,02,4,17,145.43849738
5371082,1,2,1,80,17,1,5,,2,,,10,,3,,2,,,,,2,1,02,3,17,169.54986767
5371087,1,2,1,80,17,2,,,,2,,,.,2,,2,,,,,2,1,02,,17,191.12471579
5371088,1,2,1,80,17,2,,,,2,,,.,,,2,,,,,,1,02,,17,211.0689974
5371090,1,2,1,80,17,2,,,,2,,,.,2,,2,,,,,2,1,02,,17,284.2367288
5371090,1,3,1,80,17,2,,,,2,,,.,,,2,,,,,,1,02,,17,284.2367288
5371090,1,6,1,80,17,1,7,,2,,,9,,2,,2,,1,40,300000,2,1,02,1.2,17,284.2367288
5371091,1,1,1,80,17,1,5,,2,,,10,,3,,2,,,,,3,1,02,4,17,169.54986767
5371091,1,2,1,80,17,1,3,,2,,,9,,2,,2,,,,,2,1,02,4,17,169.54986767
5371092,1,2,1,80,17,1,3,,2,,,9,,2,,2,,,,,2,1,02,4,17,241.66873135
5371099,1,2,1,80,17,1,4,,2,,,4,,2,,2,,2,,908526,2,1,02,1.2,17,191.12471579
5371100,1,4,1,80,17,2,,,,2,,,.,,,2,,,,,,1,02,,17,244.14523664
5371102,1,1,1,80,17,1,8,,2,,,8,,2,,2,,,,,2,1,02,1.3,17,149.79797554
5371105,1,1,1,80,17,1,5,,2,,,10,,3,,2,,,,,3,1,02,3,17,149.79797554
5371105,1,2,1,80,17,1,3,,2,,,9,,2,,2,,,,,2,1,02,4,17,149.79797554
5371107,1,1,1,80,17,1,6,,2,,,8,,2,,2,,,,,2,1,02,4,17,104.81467918
5371107,1,2,1,80,17,1,7,,2,,,8,,2,,2,,,,,2,1,02,4,17,104.81467918
5371107,1,3,1,80,17,1,5,,1,,2,1,,3,,2,,,,,3,1,02,4,17,104.81467918
5371107,1,4,1,80,17,1,8,,2,,,11,,2,,2,,,,,2,1,02,1.2,17,104.81467918
5371107,1,5,1,80,17,1,8,,2,,,2,,2,,2,,1,20,1500000,2,1,02,1.3,17,104.81467918
5371109,1,1,1,80,17,1,5,,2,,,10,,3,,2,,,,,3,1,02,4,17,145.43849738
5371109,1,2,1,80,17,2,,,,2,,,.,2,,2,,,,,2,1,02,,17,145.43849738
5371109,1,3,1,80,17,2,,,,2,,,.,2,,2,,,,,2,1,02,,17,145.43849738
5371110,1,2,1,80,17,2,,,,2,,,.,2,,2,,,,,2,1,02,,17,229.52868119
5371116,1,3,1,80,17,2,,,,2,,,.,2,,2,,,,,2,1,02,,17,297.71064061
5371117,1,1,1,80,17,2,,,,2,,,.,2,,2,,,,,2,1,02,,17,186.76523763
5371119,1,1,1,80,17,1,5,,2,,,10,,3,,2,,,,,3,1,02,4,17,149.79797554
5371119,1,2,1,80,17,2,,,,2,,,.,2,,2,,,,,2,1,02,,17,149.79797554
5371119,1,3,1,80,17,1,3,,2,,,9,,2,,2,,,,,2,1,02,4,17,149.79797554
5371120,1,1,1,80,17,2,,,,2,,,.,3,,2,,,,,3,1,02,,17,149.17995553
5371120,1,2,1,80,17,1,3,,2,,,9,,1,,2,,,,,2,1,02,4,17,149.17995553
5371120,1,3,1,80,17,1,5,,2,,,10,,3,,2,,,,,3,1,02,1.4,17,149.17995553
5371120,1,4,1,80,17,2,,,,2,,,.,2,,2,,,,,2,1,02,,17,149.17995553
5371121,1,2,1,80,17,1,3,,2,,,9,,2,,2,,,,,2,1,02,4,17,149.79797554
5371123,1,1,1,80,17,1,3,,2,,,11,,2,,2,,,,,2,1,02,4,17,169.54986767
5371124,1,1,1,80,17,1,5,,2,,,10,,3,,2,,,,,3,1,02,4,17,169.54986767
5371124,1,2,1,80,17,1,5,,2,,,10,,3,,2,,,,,3,1,02,3,17,169.54986767
5371125,1,2,1,80,17,2,,,,2,,,.,2,,2,,,,,2,1,02,,17,222.95370546
5371125,1,3,1,80,17,2,,,,2,,,.,,,2,,,,,,1,02,,17,222.95370546
5371126,1,1,1,80,17,2,,,,2,,,.,1,2,2,,,,,1,1,02,,17,198.64994568
5371126,1,3,1,80,17,2,,,,2,,,.,2,,2,,,,,2,1,02,,17,198.64994568
5371128,1,1,1,80,17,1,4,,2,,,10,,3,,2,,,,,3,1,02,4,17,192.66296839
5371128,1,5,1,80,17,1,8,,1,,1,12,YA CONSIGIO TRABAJO,2,,2,,,,908526,2,1,02,1.2,17,192.66296839
5371128,1,6,1,80,17,1,7,,2,,,9,,2,,2,,,,,2,1,02,4,17,192.66296839
5371131,1,2,1,80,17,1,1,,2,,,8,,1,,2,,,,,2,1,02,2,17,170.79711724
5371131,1,3,1,80,17,1,8,,2,,,2,,2,,2,,,,,2,1,02,2,17,170.79711724
5371133,1,2,1,80,17,1,5,,2,,,10,,3,,2,,,,,3,1,02,4,17,169.54986767
5371134,1,1,1,80,17,2,,,,2,,,.,2,,2,,,,,2,1,02,,17,206.70951924
5371136,1,1,1,80,17,1,5,,2,,,10,,3,,2,,,,,3,1,02,2,17,234.75502772
5371136,1,4,1,80,17,2,,,,1,1,1,,2,,2,,1,24,600000,2,1,02,,17,234.75502772
5371136,1,5,1,80,17,2,,,,2,,,.,,,2,,1,30,500000,,1,02,,17,234.75502772
5371137,1,1,1,80,17,2,,,,2,,,.,2,,2,,,,,2,1,02,,17,284.2367288
5371137,1,2,1,80,17,1,1,,2,,,9,,2,,2,,,,,2,1,02,2,17,284.2367288
5371137,1,5,1,80,17,2,,,,2,,,.,2,,2,,,,,2,1,02,,17,284.2367288
5371138,1,1,1,80,17,1,5,,2,,,10,,3,,2,,,,,3,1,02,4,17,186.95469138
5371138,1,2,1,80,17,1,4,,2,,,4,,2,,2,,,,,2,1,02,4,17,186.95469138
5371138,1,4,1,80,17,2,,,,2,,,.,,,2,,,,,,1,02,,17,186.95469138
5371139,1,3,1,80,17,2,,,,2,,,.,2,,2,,,,,2,1,02,,17,212.31624697
5371142,1,1,1,80,17,2,,,,2,,,.,2,,2,,,,,2,1,02,,17,141.65472563
5371142,1,3,1,80,17,2,,,,1,4,8,,2,,2,,,,,2,1,02,,17,141.65472563
5371145,1,1,1,80,17,1,5,,2,,,10,,3,,2,,,,,3,1,02,2,17,230.9195031
5371145,1,2,1,80,17,2,,,,2,,,.,2,,2,,,,,2,1,02,,17,230.9195031
5371146,1,2,1,80,17,1,6,,2,,,8,,2,,2,,,,,2,1,02,4,17,173.90934583
5371147,1,1,1,80,17,1,5,,2,,,10,,3,,2,,,,,3,1,02,4,17,136.81344862
5371147,1,5,1,80,17,1,3,,2,,,9,,2,,2,,,,,2,1,02,3,17,136.81344862
5371148,1,3,1,80,17,2,,,,2,,,.,2,,2,,,,,2,1,02,,17,203.00942384
5371149,1,1,1,80,17,1,5,,2,,,10,,3,,2,,,,,3,1,02,4,17,185.51798806
5371717,1,4,1,80,52,1,7,,2,,,9,,2,,2,,,,,2,1,02,1.2,52,350.0233626
5371718,1,2,1,80,52,1,5,,2,,,10,,3,,2,,,,,3,1,02,4,52,107.42347068
5371720,1,4,1,80,52,2,,,,2,,,.,2,,2,,,,,2,1,02,,52,229.22534969
5371720,1,6,1,80,52,2,,,,2,,,.,2,,2,,,,,2,1,02,,52,229.22534969
5371721,1,1,1,80,52,1,5,,2,,,4,,3,,2,,,,,3,1,02,4,52,277.60867838
5371722,1,2,1,80,52,1,3,,2,,,9,,2,,2,,,,,2,1,02,4,52,176.46665431
5371722,1,4,1,80,52,1,8,,2,,,12,PANDEMIA COVID 19,2,,2,,1,48,908526,2,1,02,3,52,176.46665431
5371722,1,8,1,80,52,1,4,,2,,,8,,2,,2,,,,,2,1,02,4,52,176.46665431
5371722,1,9,1,80,52,2,,,,2,,,.,2,,2,,,,,2,1,02,,52,176.46665431
5371723,1,2,1,80,52,1,9,PANDEMIA COVID 19,1,,1,4,,2,,2,,2,,908526,2,1,02,1.4,52,163.03072792
5371726,1,1,1,80,52,1,4,,2,,,8,,2,,2,,,,,2,1,02,3,52,125.88242015
5371726,1,2,1,80,52,1,5,,2,,,10,,3,,2,,,,,3,1,02,4,52,125.88242015
5371726,1,3,1,80,52,1,4,,2,,,4,,2,,2,,,,,2,1,02,1.3,52,125.88242015
5371734,1,3,1,80,54,2,,,,2,,,.,2,,2,,,,,2,1,02,,54,379.45226092
5371735,1,1,1,80,54,1,8,,2,,,8,,2,,2,,,,,2,1,02,4,54,352.02318794
5371735,1,2,1,80,54,1,8,,2,,,9,,2,,2,,,,,2,1,02,4,54,352.02318794
5371736,1,1,1,80,54,1,4,,2,,,4,,2,,2,,,,,2,1,02,1.4,54,354.56246097
5371738,1,1,1,80,54,1,8,,2,,,8,,2,,2,,,,,2,1,02,4,54,352.02318794
5371738,1,2,1,80,54,1,5,,2,,,10,,3,,2,,,,,3,1,02,4,54,352.02318794
5371739,1,2,1,80,54,2,,,,2,,,.,2,,2,,,,,2,1,02,,54,410.75788283
5371739,1,3,1,80,54,2,,,,2,,,.,2,,2,,,,,2,1,02,,54,410.75788283
5371741,1,1,1,80,54,1,1,,2,,,9,,2,,2,,,,,2,1,02,4,54,328.4888784
5371741,1,2,1,80,54,2,,,,2,,,.,2,,2,,,,,2,1,02,,54,328.4888784
5371741,1,3,1,80,54,2,,,,2,,,.,2,,2,,,,,2,1,02,,54,328.4888784
5371742,1,1,1,80,54,1,5,,2,,,10,,3,,2,,,,,3,1,02,4,54,424.37343852
5371742,1,3,1,80,54,2,,,,2,,,.,,,2,,,,,,1,02,,54,424.37343852
5371742,1,5,1,80,54,2,,,,2,,,.,2,,2,,,,,2,1,02,,54,424.37343852
5371743,1,1,1,80,54,1,5,,2,,,10,,3,,2,,,,,3,1,02,4,54,408.00507618
5371744,1,1,1,80,54,1,5,,2,,,10,,3,,2,,,,,3,1,02,4,54,354.56246097
5371745,1,2,1,80,54,1,3,,2,,,9,,2,,2,,,,,2,1,02,4,54,367.23163401
5371746,1,2,1,80,54,1,7,,2,,,6,,1,,2,,,,,2,1,02,1.2,54,366.15782419
5371746,1,3,1,80,54,2,,,,2,,,.,2,,2,,,,,2,1,02,,54,366.15782419
5371748,1,2,1,80,54,2,,,,2,,,.,2,,2,,,,,2,1,02,,54,364.24381485
5371758,1,3,1,80,54,2,,,,2,,,.,,,2,,,,,,1,02,,54,381.9314936
5371758,1,4,1,80,54,1,8,,2,,,8,,2,,2,,,,,2,1,02,4,54,381.9314936
5371759,1,1,1,80,54,2,,,,2,,,.,2,,2,,,,,2,1,02,,54,393.07020408
5371762,1,1,1,80,54,2,,,,2,,,.,2,,2,,,,,2,1,02,,54,352.02318794
5371762,1,2,1,80,54,1,4,,2,,,4,,2,,2,,,,,2,1,02,4,54,352.02318794
5371763,1,1,1,80,54,1,4,,2,,,4,,2,,2,,,,,2,1,02,3,54,305.48224675
5371763,1,6,1,80,54,2,,,,2,,,.,2,,2,,,,,2,1,02,,54,305.48224675
5371764,1,1,1,80,54,1,4,,2,,,4,,2,,2,,,,,2,1,02,4,54,375.32248498
5371765,1,3,1,80,54,2,,,,2,,,.,2,,2,,,,,2,1,02,,54,297.18325649
5371887,1,2,1,80,66,2,,,,2,,,.,2,,2,,,,,2,1,02,,66,463.15771048
5371888,1,1,1,80,66,1,4,,2,,,11,,2,,2,,,,,2,1,02,3,66,310.25225496
5371890,1,1,1,80,66,1,5,,2,,,10,,3,,2,,,,,3,1,02,4,66,358.21080157
5371891,1,2,1,80,66,1,3,,2,,,9,,2,,2,,,,,2,1,02,3,66,345.36154099
5371891,1,4,1,80,66,2,,,,2,,,.,2,,2,,,,,2,1,02,,66,345.36154099
5371892,1,1,1,80,66,2,,,,2,,,.,2,,2,,,,,2,1,02,,66,351.75264212
5371893,1,1,1,80,66,2,,,,2,,,.,2,,2,,,,,2,1,02,,66,294.08899126
5371897,1,2,1,80,66,1,3,,2,,,9,,2,,2,,,,,2,1,02,2,66,284.383887
5371898,1,1,1,80,66,1,5,,2,,,10,,3,,2,,,,,3,1,02,4,66,342.04753787
5371898,1,2,1,80,66,1,4,,2,,,4,,2,,2,,,,,2,1,02,4,66,342.04753787
5371900,1,2,1,80,66,1,3,,2,,,9,,2,,2,,,,,2,1,02,3,66,360.06373687
5371900,1,3,1,80,66,2,,,,2,,,.,,,2,,,,,,1,02,,66,360.06373687
5371901,1,2,1,80,66,1,4,,2,,,4,,2,,2,,,,,2,1,02,3,66,332.25043003
5371901,1,3,1,80,66,2,,,,2,,,.,2,,2,,,,,2,1,02,,66,332.25043003
5371904,1,1,1,80,66,1,7,,2,,,9,,2,,2,,,,,2,1,02,1.4,66,233.39813292
5371904,1,2,1,80,66,1,7,,2,,,9,,2,,2,,,,,2,1,02,1.4,66,233.39813292
5371908,1,4,1,80,66,2,,,,2,,,.,2,,2,,,,,2,1,02,,66,452.83667377
5371910,1,2,1,80,66,1,2,,2,,,2,,2,,2,,,,,2,1,02,1.2,66,348.70048939
5371911,1,2,1,80,66,1,2,,2,,,2,,2,,2,,,,,2,1,02,2,66,343.08101954
5371914,1,4,1,80,66,1,5,,2,,,10,,3,,2,,,,,3,1,02,3,66,350.69421518
5371915,1,1,1,80,66,1,3,,2,,,9,,2,,2,,,,,2,1,02,4,66,327.23497228
5371917,1,2,1,80,66,2,,,,2,,,.,2,,2,,,,,2,1,02,,66,381.55967475
5371920,1,1,1,80,66,1,3,,2,,,9,,2,,2,,,,,2,1,02,4,66,334.53095148
5371920,1,3,1,80,66,1,3,,2,,,9,,2,,2,,,,,2,1,02,4,66,334.53095148
5371920,1,5,1,80,66,2,,,,2,,,.,2,,2,,,,,2,1,02,,66,334.53095148
5371921,1,2,1,80,66,1,8,,2,,,11,,2,,2,,,,,2,1,02,2,66,369.13800033
5371921,1,5,1,80,66,2,,,,2,,,.,2,,2,,,,,2,1,02,,66,369.13800033
5371922,1,2,1,80,66,2,,,,2,,,.,,,2,,,,,,1,02,,66,450.77811636
5371922,1,3,1,80,66,2,,,,2,,,.,,,2,,,,,,1,02,,66,450.77811636
5371923,1,1,1,80,66,1,5,,2,,,10,,3,,2,,,,,3,1,02,4,66,342.04753787
5371923,1,2,1,80,66,2,,,,2,,,.,2,,2,,,,,2,1,02,,66,342.04753787
5371924,1,1,1,80,66,1,4,,2,,,4,,2,,2,,,,,2,1,02,4,66,338.70858947
5371926,1,1,1,80,66,2,,,,2,,,.,2,,2,,,,,2,1,02,,66,348.41369373
5371932,1,1,1,80,66,1,7,,2,,,11,,2,,2,,,,,2,1,02,4,66,335.58937842
5371932,1,2,1,80,66,1,9,LA EDAD,2,,,8,,2,,2,,,,,2,1,02,4,66,335.58937842
5371933,1,1,1,80,66,1,3,,2,,,9,,2,,2,,,,,2,1,02,4,66,334.19536891
5371933,1,5,1,80,66,2,,,,2,,,.,,,2,,,,,,1,02,,66,334.19536891
5371936,1,1,1,80,66,2,,,,2,,,.,2,,2,,,,,2,1,02,,66,470.10937801
5371939,1,1,1,80,66,1,3,,2,,,9,,2,,2,,,,,2,1,02,4,66,578.17353781
5371939,1,2,1,80,66,2,,,,2,,,.,,,2,,,,,,1,02,,66,578.17353781
5371939,1,3,1,80,66,2,,,,2,,,.,,,2,,,,,,1,02,,66,578.17353781
5371939,1,4,1,80,66,2,,,,2,,,.,,,2,,,,,,1,02,,66,578.17353781
5371941,1,2,1,80,66,1,3,,2,,,9,,2,,2,,,,,2,1,02,2,66,381.55967475
5371943,1,3,1,80,66,2,,,,2,,,.,2,,2,,,,,2,1,02,,66,288.75631707
5371947,1,3,1,80,66,2,,,,2,,,.,,,2,,,,,,1,02,,66,288.75631707
5371948,1,2,1,80,66,1,2,,2,,,2,,2,,2,,2,,800000,2,1,02,1.3,66,405.30571331
5371949,1,1,1,80,66,1,5,,2,,,10,,3,,2,,,,,3,1,02,4,66,358.21080157
5371950,1,4,1,80,66,2,,,,2,,,.,,,2,,,,,,1,02,,66,345.36154099
5371951,1,2,1,80,66,2,,,,2,,,.,,,2,,,,,,1,02,,66,354.03316357
5371951,1,3,1,80,66,1,3,,2,,,9,,2,,2,,,,,2,1,02,4,66,354.03316357
5371953,1,1,1,80,66,1,3,,2,,,9,,2,,2,,,,,2,1,02,4,66,348.41369373
5371954,1,3,1,80,66,1,4,,2,,,4,,2,,2,,,,,2,1,02,4,66,332.34243361
5371955,1,4,1,80,66,2,,,,2,,,.,2,,2,,,,,2,1,02,,66,365.39641105
5371956,1,1,1,80,66,1,4,,2,,,4,,2,,2,,,,,2,1,02,4,66,354.87185317
5371957,1,1,1,80,66,1,5,,2,,,10,,3,,2,,,,,3,1,02,4,66,330.25670424
5371957,1,2,1,80,66,2,,,,2,,,.,2,,2,,,,,2,1,02,,66,330.25670424
5371958,1,2,1,80,66,1,3,,2,,,9,,2,,2,,,,,2,1,02,4,66,342.04753787
5371959,1,1,1,80,66,1,5,,2,,,10,,3,,2,,,,,3,1,02,4,66,351.75264212
5371960,1,2,1,80,66,2,,,,2,,,.,2,,2,,,,,2,1,02,,66,443.46715208
5371960,1,3,1,80,66,2,,,,2,,,.,2,,2,,,,,2,1,02,,66,443.46715208
5371960,1,4,1,80,66,2,,,,2,,,.,2,,2,,,,,2,1,02,,66,443.46715208
5371961,1,1,1,80,66,1,5,,2,,,10,,3,,2,,,,,3,1,02,3,66,351.75264212
5371962,1,1,1,80,66,1,3,,2,,,9,,2,,2,,,,,2,1,02,3,66,452.86709455
5371964,1,2,1,80,66,2,,,,2,,,.,2,,2,,2,,800000,2,1,02,,66,403.02519186
5371965,1,3,1,80,66,2,,,,2,,,.,2,,2,,,,,2,1,02,,66,272.59305337
5371965,1,4,1,80,66,1,4,,2,,,8,,2,,2,,,,,2,1,02,2,66,272.59305337
5371966,1,1,1,80,66,1,5,,2,,,10,,3,,2,,,,,3,1,02,4,66,358.21080157
5371968,1,1,1,80,66,1,3,,2,,,9,,2,,2,,,,,2,1,02,4,66,351.75264212
5371974,1,2,1,80,66,1,3,,2,,,9,,2,,2,,,,,2,1,02,4,66,303.8860991
5371975,1,1,1,80,66,1,5,,2,,,10,,3,,2,,,,,3,1,02,4,66,303.8860991
5371976,1,2,1,80,66,1,4,,2,,,4,,3,,2,,,,,3,1,02,4,66,395.31381339
5371976,1,3,1,80,66,1,4,,2,,,11,,2,,2,,,,,2,1,02,1.4,66,395.31381339
5371976,1,4,1,80,66,2,,,,2,,,.,2,,2,,,,,2,1,02,,66,395.31381339
5371978,1,1,1,80,66,1,5,,2,,,10,,3,,2,,,,,3,1,02,4,66,316.17916991
5371978,1,3,1,80,66,1,9,LA EDAD,2,,,8,,2,,2,,,,,2,1,02,4,66,316.17916991
5371978,1,4,1,80,66,2,,,,2,,,.,2,,2,,,,,2,1,02,,66,316.17916991
5371979,1,4,1,80,66,2,,,,2,,,.,2,,2,,,,,2,1,02,,66,323.86560311
5371979,1,5,1,80,66,2,,,,2,,,.,,,2,,,,,,1,02,,66,323.86560311
5371981,1,1,1,80,66,1,5,,2,,,10,,3,,2,,,,,3,1,02,4,66,395.31381339
5371981,1,2,1,80,66,2,,,,2,,,.,2,,2,,,,,2,1,02,,66,395.31381339
5371989,1,3,1,80,66,2,,,,2,,,.,,,2,,,,,,1,02,,66,288.75631707
5371990,1,1,1,80,66,1,4,,2,,,4,,2,,2,,,,,2,1,02,4,66,342.04753787
5371990,1,2,1,80,66,1,9,LA EDAD,2,,,8,,2,,2,,,,,2,1,02,4,66,342.04753787
5371991,1,1,1,80,66,1,3,,2,,,9,,2,,2,,,,,2,1,02,4,66,275.93200177
5371991,1,3,1,80,66,2,,,,2,,,.,,,2,,,,,,1,02,,66,275.93200177
5371992,1,1,1,80,66,1,4,,2,,,4,,2,,2,,,,,2,1,02,4,66,395.31381339
5371992,1,2,1,80,66,2,,,,2,,,.,2,,2,,,,,2,1,02,,66,395.31381339
5371992,1,4,1,80,66,2,,,,2,,,.,2,,2,,,,,2,1,02,,66,395.31381339
5371993,1,1,1,80,66,2,,,,2,,,.,2,,2,,,,,2,1,02,,66,408.51579157
5371993,1,4,1,80,66,2,,,,2,,,.,2,,2,,,,,2,1,02,,66,408.51579157
5371994,1,1,1,80,66,1,4,,2,,,4,,3,,2,,,,,2,1,02,2,66,317.52986803
5371994,1,5,1,80,66,1,4,,2,,,4,,2,,2,,,,,2,1,02,2,66,317.52986803
5371995,1,1,1,80,66,2,,,,2,,,.,2,,2,,,,,2,1,02,,66,375.68702698
5371999,1,1,1,80,66,1,3,,2,,,9,,1,,2,,,,,2,1,02,1.4,66,387.1791446
5371999,1,2,1,80,66,2,,,,2,,,.,,,2,,,,,,1,02,,66,387.1791446
5372000,1,3,1,80,66,2,,,,2,,,.,,,2,,,,,,1,02,,66,370.3543528
5372001,1,1,1,80,66,1,7,,2,,,8,,2,,2,,,,,2,1,02,4,66,388.94765753
5372001,1,3,1,80,66,2,,,,2,,,.,2,,2,,,,,2,1,02,,66,388.94765753
5372001,1,4,1,80,66,1,7,,2,,,8,,2,,2,,,,,2,1,02,4,66,388.94765753
5372002,1,2,1,80,66,1,3,,2,,,9,,2,,2,,,,,2,1,02,2,66,474.33261166
5372003,1,2,1,80,66,2,,,,2,,,.,2,,2,,,,,2,1,02,,66,359.03025519
5372005,1,1,1,80,66,1,4,,2,,,9,,2,,2,,,,,2,1,02,4,66,379.02597538
5372009,1,1,1,80,66,1,4,,2,,,9,,2,,2,,,,,2,1,02,4,66,262.88794912
5372009,1,5,1,80,66,1,4,,2,,,9,,2,,2,,,,,2,1,02,4,66,262.88794912
5372011,1,1,1,80,66,1,3,,2,,,9,,2,,2,,,,,2,1,02,4,66,319.36859872
5372012,1,1,1,80,66,2,,,,2,,,.,2,,2,,,,,2,1,02,,66,348.41369373
5372013,1,2,1,80,66,2,,,,1,3,2,,2,,2,,,,,2,1,02,,66,424.67905527
5372014,1,1,1,80,66,1,5,,2,,,10,,3,,2,,,,,3,1,02,4,66,338.70858947
5372014,1,2,1,80,66,1,3,,2,,,9,,2,,2,,,,,2,1,02,4,66,338.70858947
5372016,1,2,1,80,66,2,,,,2,,,.,2,,2,,,,,2,1,02,,66,267.26037919
5372016,1,3,1,80,66,2,,,,2,,,.,2,,2,,,,,2,1,02,,66,267.26037919
5372016,1,4,1,80,66,2,,,,2,,,.,,,2,,,,,,1,02,,66,267.26037919
5372021,1,1,1,80,66,1,5,,2,,,10,,3,,2,,,,,3,1,02,4,66,287.7228354
5372021,1,2,1,80,66,1,5,,2,,,10,,3,,2,,,,,3,1,02,4,66,287.7228354
5372022,1,3,1,80,66,2,,,,2,,,.,2,,2,,,,,2,1,02,,66,366.85747888
5372023,1,3,1,80,66,2,,,,2,,,.,,,2,,,,,,1,02,,66,438.75041035
5372023,1,5,1,80,66,1,7,,2,,,8,,2,,2,,,,,2,1,02,4,66,438.75041035
5372026,1,1,1,80,66,1,5,,2,,,10,,3,,2,,,,,3,1,02,4,66,405.01891765
5372026,1,3,1,80,66,1,2,,2,,,2,,2,,2,,,,,2,1,02,2,66,405.01891765
5372027,1,1,1,80,66,1,3,,2,,,9,,2,,2,,,,,2,1,02,4,66,335.58937842
5372027,1,2,1,80,66,1,4,,2,,,9,,2,,2,,,,,2,1,02,4,66,335.58937842
5372028,1,2,1,80,66,2,,,,2,,,.,2,,2,,,,,2,1,02,,66,310.25225496
5372029,1,1,1,80,66,1,9,CAMBIO DE PAIS,2,,,11,,2,,2,,,,,2,1,02,3,66,364.57695743
5372031,1,3,1,80,66,2,,,,2,,,.,2,,2,,,,,2,1,02,,66,360.06373687
5372033,1,2,1,80,66,2,,,,2,,,.,2,,2,,,,,2,1,02,,66,370.19642727
5372034,1,1,1,80,66,1,4,,2,,,8,,2,,2,,,,,2,1,02,2,66,351.75264212
5372036,1,1,1,80,66,1,2,,2,,,2,,2,,2,,,,,2,1,02,1.4,66,281.26467595
5372036,1,2,1,80,66,1,5,,2,,,10,,3,,2,,,,,3,1,02,4,66,281.26467595
5372036,1,3,1,80,66,1,5,,2,,,10,,3,,2,,,,,3,1,02,4,66,281.26467595
5372039,1,2,1,80,66,1,2,,2,,,2,,2,,2,,,,,2,1,02,1.4,66,292.09526547
5372040,1,2,1,80,66,2,,,,2,,,.,2,,2,,,,,2,1,02,,66,315.8717248
5372041,1,2,1,80,66,2,,,,2,,,.,,,2,,,,,,1,02,,66,370.19642727
5372042,1,1,1,80,66,1,3,,2,,,8,,2,,2,,,,,2,1,02,4,66,342.04753787
5372042,1,2,1,80,66,1,5,,2,,,10,,3,,2,,,,,3,1,02,4,66,342.04753787
5372044,1,1,1,80,66,1,5,,2,,,10,,3,,2,,,,,3,1,02,4,66,335.58937842
5372044,1,2,1,80,66,1,4,,2,,,4,,2,,2,,,,,2,1,02,1.2,66,335.58937842
5372045,1,3,1,80,66,1,3,,2,,,9,,2,,2,,,,,2,1,02,3,66,347.23942156
5372045,1,4,1,80,66,2,,,,2,,,.,,,2,,,,,,1,02,,66,347.23942156
5372046,1,3,1,80,66,2,,,,2,,,.,,,2,,,,,,1,02,,66,438.16489867
5372047,1,1,1,80,66,1,5,,2,,,10,,3,,2,,,,,3,1,02,4,66,297.42793965
5372048,1,2,1,80,66,1,3,,2,,,9,,2,,2,,,,,2,1,02,3,66,414.38843934
5372049,1,1,1,80,66,1,5,,2,,,10,,3,,2,,,,,3,1,02,4,66,391.974865
5372049,1,2,1,80,66,1,3,,2,,,9,,2,,2,,,,,2,1,02,4,66,391.974865
5372049,1,3,1,80,66,1,4,,2,,,4,,2,,2,,,,,2,1,02,3,66,391.974865
5372053,1,1,1,80,66,1,3,,2,,,9,,2,,2,,,,,2,1,02,4,66,275.93200177
5372053,1,2,1,80,66,2,,,,2,,,.,2,,2,,,,,2,1,02,,66,275.93200177
5372055,1,1,1,80,66,1,3,,2,,,9,,2,,2,,,,,2,1,02,4,66,370.19642727
5372055,1,2,1,80,66,1,2,,2,,,2,,2,,2,,,,,2,1,02,1.4,66,370.19642727
5372056,1,2,1,80,66,2,,,,2,,,.,2,,2,,,,,2,1,02,,66,441.50384707
5372058,1,5,1,80,66,2,,,,2,,,.,2,,2,,,,,2,1,02,,66,446.99444678
5372059,1,2,1,80,66,2,,,,2,,,.,2,,2,,,,,2,1,02,,66,498.26699652
5372059,1,3,1,80,66,2,,,,2,,,.,2,,2,,,,,2,1,02,,66,498.26699652
5372059,1,4,1,80,66,2,,,,2,,,.,2,,2,,,,,2,1,02,,66,498.26699652
5372060,1,3,1,80,66,2,,,,2,,,.,2,,2,,,,,2,1,02,,66,370.3543528
5372064,1,1,1,80,66,1,1,,2,,,8,,2,,2,,,,,2,1,02,2,66,294.08899126
5372066,1,4,1,80,66,1,7,,2,,,8,,2,,2,,,,,2,1,02,1.4,66,365.98192273
5372066,1,5,1,80,66,1,3,,2,,,9,,2,,2,,,,,2,1,02,4,66,365.98192273
5372067,1,2,1,80,66,2,,,,2,,,.,2,,2,,,,,2,1,02,,66,292.09526547
5372068,1,2,1,80,66,2,,,,2,,,.,2,,2,,,,,2,1,02,,66,461.91093723
5372068,1,3,1,80,66,2,,,,2,,,.,2,,2,,,,,2,1,02,,66,461.91093723
5372069,1,4,1,80,66,2,,,,2,,,.,2,,2,,,,,2,1,02,,66,294.53371244
5372072,1,2,1,80,66,1,3,,2,,,9,,2,,2,,,,,2,1,02,3,66,391.85029068
5372073,1,2,1,80,66,2,,,,2,,,.,,,2,,,,,,1,02,,66,441.50384707
5372074,1,1,1,80,66,1,4,,2,,,12,LE DA TEMOR CONTAGIARSE DEL COVID 10,2,,2,,,,,2,1,02,1.4,66,282.39016121
5372074,1,3,1,80,66,2,,,,2,,,.,2,,2,,,,,2,1,02,,66,282.39016121
5372076,1,1,1,80,66,1,5,,2,,,10,,3,,2,,,,,3,1,02,3,66,284.383887
5372076,1,2,1,80,66,2,,,,2,,,.,2,,2,,,,,2,1,02,,66,284.383887
5372076,1,3,1,80,66,2,,,,2,,,.,2,,2,,,,,2,1,02,,66,284.383887
5372086,1,2,1,80,73,2,,,,2,,,.,2,,2,,,,,2,1,02,,73,210.46541042
5372092,1,2,1,80,73,2,,,,2,,,.,2,,2,,,,,2,1,02,,73,249.08530149
5372092,1,3,1,80,73,2,,,,2,,,.,,,2,,,,,,1,02,,73,249.08530149
5372093,1,1,1,80,73,1,5,,2,,,10,,3,,2,,,,,3,1,02,4,73,182.36609332
5372093,1,4,1,80,73,2,,,,2,,,.,,,2,,,,,,1,02,,73,182.36609332
5372094,1,2,1,80,73,2,,,,2,,,.,2,,2,,,,,2,1,02,,73,211.56812217
5372094,1,3,1,80,73,2,,,,2,,,.,,,2,,,,,,1,02,,73,211.56812217
5372094,1,4,1,80,73,2,,,,2,,,.,2,,2,,,,,2,1,02,,73,211.56812217
5372094,1,5,1,80,73,1,4,,2,,,4,,2,,2,,,,,2,1,02,3,73,211.56812217
5372096,1,2,1,80,73,1,4,,2,,,4,,2,,2,,2,,908526,2,1,02,1.2,73,271.28872631
5372096,1,3,1,80,73,1,7,,1,,1,9,,1,,2,,2,,908526,2,1,02,1.4,73,271.28872631
5372096,1,4,1,80,73,1,8,,2,,,2,,2,,2,,,,,2,1,02,1.1,73,271.28872631
5372097,1,4,1,80,73,2,,,,2,,,.,,,2,,,,,,1,02,,73,353.19273273
5372098,1,4,1,80,73,1,4,,2,,,8,,2,,2,,,,,2,1,02,2,73,267.21916877
5372099,1,3,1,80,73,2,,,,2,,,.,2,,2,,,,,2,1,02,,73,457.39971211
5372103,1,2,1,80,73,1,9,COVID 19,2,,,12,COVID 19,2,,2,,,,,2,1,02,1.4,73,341.71571859
5372106,1,2,1,80,73,1,3,,2,,,9,,2,,2,,,,,2,1,02,2,73,556.20980776
5372108,1,1,1,80,73,1,7,,2,,,8,,2,,2,,,,,2,1,02,1.4,73,227.04203507
5372108,1,3,1,80,73,2,,,,2,,,.,,,2,,,,,,1,02,,73,227.04203507
5372108,1,4,1,80,73,2,,,,2,,,.,,,2,,,,,,1,02,,73,227.04203507
5372108,1,6,1,80,73,2,,,,2,,,.,,,2,,,,,,1,02,,73,227.04203507
5372110,1,1,1,80,73,1,3,,2,,,9,,2,,2,,,,,2,1,02,4,73,267.79841024
5372112,1,2,1,80,73,2,,,,2,,,.,2,,2,,,,,2,1,02,,73,338.5377453
5372112,1,3,1,80,73,2,,,,2,,,.,2,,2,,,,,2,1,02,,73,338.5377453
5372114,1,2,1,80,73,1,8,,2,,,9,,2,,2,,,,,2,1,02,3,73,428.8354401
5372114,1,3,1,80,73,2,,,,2,,,.,,,2,,2,,200000,,1,02,,73,428.8354401
5372116,1,2,1,80,73,2,,,,2,,,.,2,,2,,,,,2,1,02,,73,251.29706554
5372116,1,3,1,80,73,2,,,,2,,,.,,,2,,,,,,1,02,,73,251.29706554
5372117,1,1,1,80,73,1,3,,2,,,4,,2,,2,,,,,2,1,02,4,73,154.95747897
5372117,1,2,1,80,73,1,4,,2,,,4,,2,,2,,,,,2,1,02,2,73,154.95747897
5372117,1,3,1,80,73,2,,,,2,,,.,2,,2,,,,,2,1,02,,73,154.95747897
5372118,1,2,1,80,73,1,4,,2,,,4,,2,,2,,,,,2,1,02,1.1,73,309.33571646
5372119,1,3,1,80,73,2,,,,2,,,.,,,2,,,,,,1,02,,73,353.9300377
5372120,1,1,1,80,73,1,5,,2,,,8,,3,,2,,2,,908526,3,1,02,4,73,299.6540529
5372120,1,2,1,80,73,1,3,,2,,,9,,2,,2,,2,,908526,2,1,02,4,73,299.6540529
5372120,1,3,1,80,73,1,8,,2,,,9,,2,,2,,1,48,908526,2,1,02,4,73,299.6540529
5372120,1,6,1,80,73,2,,,,2,,,.,2,,2,,,,,2,1,02,,73,299.6540529
5372120,1,7,1,80,73,2,,,,2,,,.,2,,2,,,,,2,1,02,,73,299.6540529
5372123,1,2,1,80,73,1,3,,2,,,9,,2,,2,,2,,908526,2,1,02,2,73,438.80088991
5372124,1,1,1,80,73,1,8,,2,,,8,,2,,2,,,,,2,1,02,3,73,194.52553043
5372125,1,2,1,80,73,1,3,,2,,,9,,2,,2,,,,,2,1,02,4,73,340.37776202
5372125,1,4,1,80,73,2,,,,2,,,.,2,,2,,,,,2,1,02,,73,340.37776202
5372126,1,3,1,80,73,2,,,,2,,,.,2,,2,,,,,2,1,02,,73,306.38664743
5372127,1,2,1,80,73,1,3,,2,,,9,,2,,2,,,,,2,1,02,4,73,369.46469847
5372127,1,5,1,80,73,1,4,,2,,,8,,2,,2,,,,,2,1,02,4,73,369.46469847
5372128,1,4,1,80,73,2,,,,2,,,.,2,,2,,,,,2,1,02,,73,310.43842821
5372129,1,1,1,80,73,2,,,,2,,,.,2,,2,,,,,2,1,02,,73,336.32598125
5372129,1,3,1,80,73,1,2,,2,,,2,,2,,2,,,,,2,1,02,2,73,336.32598125
5372130,1,2,1,80,73,2,,,,2,,,.,2,,2,,,,,2,1,02,,73,396.04658539
5372134,1,3,1,80,73,2,,,,2,,,.,2,,2,,,,,2,1,02,,73,356.14180175
5372135,1,2,1,80,73,2,,,,2,,,.,,,2,,,,,,1,02,,73,279.39638264
5372137,1,2,1,80,73,2,,,,2,,,.,2,,2,,,,,2,1,02,,73,396.04658539
5372138,1,1,1,80,73,1,3,,2,,,9,,2,,2,,,,,2,1,02,4,73,155.37582853
5372138,1,2,1,80,73,2,,,,2,,,.,2,,2,,,,,2,1,02,,73,155.37582853
5372138,1,3,1,80,73,2,,,,2,,,.,2,,2,,,,,2,1,02,,73,155.37582853
5372141,1,2,1,80,73,1,3,,2,,,9,,2,,2,,,,,2,1,02,2,73,242.08669746
5372141,1,3,1,80,73,1,2,,2,,,2,,2,,2,,,,,2,1,02,2,73,242.08669746
5372142,1,3,1,80,73,1,6,,2,,,1,,1,,2,,1,48,908526,2,1,02,1.4,73,326.3783082
5372142,1,4,1,80,73,1,2,,2,,,2,,2,,2,,2,,600000,2,1,02,1.4,73,326.3783082
5372143,1,2,1,80,73,2,,,,2,,,.,2,,2,,,,,2,1,02,,73,250.71782406
5372143,1,3,1,80,73,2,,,,2,,,.,2,,2,,,,,2,1,02,,73,250.71782406
5372143,1,4,1,80,73,2,,,,2,,,.,,,2,,,,,,1,02,,73,250.71782406
5372143,1,5,1,80,73,1,3,,2,,,4,,2,,2,,,,,2,1,02,4,73,250.71782406
5372147,1,2,1,80,76,1,3,,2,,,9,,2,,2,,,,,2,1,02,3,76,1048.6883378
5372147,1,3,1,80,76,2,,,,2,,,.,,,2,,,,,,1,02,,76,1048.6883378
5372148,1,1,1,80,76,1,5,,2,,,10,,3,,2,,,,,3,1,02,3,76,1114.1201414
5372148,1,2,1,80,76,1,3,,2,,,9,,2,,2,,,,,2,1,02,4,76,1114.1201414
5372148,1,5,1,80,76,2,,,,2,,,.,,,2,,,,,,1,02,,76,1114.1201414
5372152,1,3,1,80,76,2,,,,2,,,.,2,,2,,,,,2,1,02,,76,1048.6883378
5372159,1,4,1,80,76,2,,,,2,,,.,2,,2,,,,,2,1,02,,76,1241.3242089
5372161,1,1,1,80,76,1,4,,2,,,8,,3,,2,,,,,3,1,02,3,76,890.21321386
5372161,1,2,1,80,76,1,3,,2,,,9,,2,,2,,,,,2,1,02,4,76,890.21321386
5372162,1,5,1,80,76,2,,,,2,,,.,,,2,,,,,,1,02,,76,838.00498847
5372163,1,4,1,80,76,1,7,,2,,,8,,2,,2,,1,20,450000,2,1,02,1.4,76,972.56372891
5372164,1,3,1,80,76,2,,,,2,,,.,2,,2,,,,,2,1,02,,76,1028.4180171
5372165,1,1,1,80,76,2,,,,2,,,.,2,,2,,,,,2,1,02,,76,641.71454356
5372165,1,2,1,80,76,1,4,,2,,,8,,3,,2,,,,,3,1,02,4,76,641.71454356
5372165,1,5,1,80,76,1,2,,2,,,2,,2,,1,700000,2,,1500000,2,1,02,1.2,76,641.71454356
5372166,1,3,1,80,76,1,6,,2,,,5,,,,2,,,,,,1,02,1.2,76,1105.1861318
5372166,1,4,1,80,76,1,4,,2,,,4,,1,2,2,,,,,1,1,02,4,76,1105.1861318
5372168,1,1,1,80,76,1,5,,2,,,10,,3,,2,,,,,3,1,02,4,76,979.74085993
5372169,1,2,1,80,76,1,5,,1,,1,9,,2,,2,,1,24,908526,2,1,02,1.4,76,1337.8120365
5372172,1,2,1,80,76,2,,,,2,,,.,2,,2,,,,,2,1,02,,76,1769.1290708
5372177,1,1,1,80,76,1,9,POR TRATAMIENTO DE DIALISIS QUE TIENE QUE HACER TODAS LAS SEMANAS SU JEFE NO LO VOLVIO A LLAMAR,2,,,5,,2,,1,160000,,,,2,1,02,1.2,76,1021.953736
5372178,1,1,1,80,76,1,7,,2,,,8,,2,,2,,1,48,1000000,2,1,02,1.4,76,937.70552574
5372178,1,3,1,80,76,2,,,,2,,,.,2,,2,,,,,2,1,02,,76,937.70552574
5372178,1,4,1,80,76,1,4,,2,,,4,,2,,2,,,,,2,1,02,4,76,937.70552574
5372180,1,4,1,80,76,2,,,,2,,,.,2,,2,,,,,2,1,02,,76,1208.0453425
5372180,1,5,1,80,76,1,3,,2,,,9,,2,,2,,,,,2,1,02,4,76,1208.0453425
5372182,1,3,1,80,76,2,,,,2,,,.,2,,2,,,,,2,1,02,,76,905.19558777
5372327,1,3,1,80,05,2,,,,2,,,.,,,2,,,,,,1,02,,05,1044.2052561
5372328,1,1,1,80,05,2,,,,2,,,.,2,,2,,,,,2,1,02,,05,998.44571074
5372328,1,2,1,80,05,1,3,,2,,,9,,2,,2,,1,48,908526,2,1,02,2,05,998.44571074
5372328,1,3,1,80,05,1,3,,2,,,9,,2,,2,,,,,2,1,02,1.2,05,998.44571074
5372328,1,4,1,80,05,2,,,,2,,,.,2,,2,,,,,2,1,02,,05,998.44571074
5372331,1,1,1,80,05,2,,,,2,,,.,2,,2,,,,,2,1,02,,05,706.55106366
5372331,1,2,1,80,05,1,3,,2,,,9,,2,,2,,,,,2,1,02,4,05,706.55106366
5372331,1,7,1,80,05,2,,,,2,,,.,2,,2,,,,,2,1,02,,05,706.55106366
5372331,1,8,1,80,05,1,5,,2,,,10,,3,,2,,,,,3,1,02,4,05,706.55106366
5372332,1,3,1,80,11,2,,,,2,,,.,,,2,,,,,,1,02,,11,2703.4728645
5372360,1,3,1,80,17,2,,,,2,,,.,,,2,,,,,,1,02,,17,220.3728848
5372361,1,2,1,80,17,1,3,,2,,,9,,2,,2,,,,,2,1,02,4,17,169.54986767
5372362,1,1,1,80,17,1,3,,2,,,8,,2,,2,,,,,2,1,02,4,17,141.65472563
5372362,1,2,1,80,17,1,3,,2,,,10,,3,,2,,,,,3,1,02,4,17,141.65472563
5372363,1,2,1,80,17,1,8,,2,,,9,,2,,2,,,,,2,1,02,2,17,249.47296281
5372363,1,4,1,80,17,1,8,,2,,,2,,2,,2,,1,40,908526,2,1,02,2,17,249.47296281
5372365,1,1,1,80,17,1,4,,2,,,8,,2,,2,,,,,2,1,02,4,17,169.54986767
5372365,1,2,1,80,17,2,,,,2,,,.,2,,2,,,,,2,1,02,,17,169.54986767
5372367,1,1,1,80,17,1,3,,2,,,9,,2,,2,,,,,2,1,02,4,17,159.14616141
5372367,1,2,1,80,17,2,,,,2,,,.,2,,2,,,,,2,1,02,,17,159.14616141
5372367,1,3,1,80,17,2,,,,2,,,.,2,,2,,,,,2,1,02,,17,159.14616141
5372368,1,2,1,80,17,2,,,,2,,,.,2,,2,,,,,2,1,02,,17,169.54986767
5372399,1,1,1,80,23,2,,,,2,,,.,2,,2,,,,,2,1,02,,23,133.36091683
5372399,1,2,1,80,23,1,8,,2,,,9,,2,,2,,,,,2,1,02,3,23,133.36091683
5372400,1,3,1,80,23,2,,,,2,,,.,2,,2,,2,,800000,2,1,02,,23,124.75221051
5372400,1,5,1,80,23,2,,,,2,,,.,2,,2,,,,,2,1,02,,23,124.75221051
5372402,1,2,1,80,23,1,3,,2,,,9,,2,,2,,,,,2,1,02,2,23,145.78530607
5372402,1,5,1,80,23,1,2,,2,,,2,,,,2,,,,,,1,02,1.3,23,145.78530607
5372402,1,6,1,80,23,2,,,,2,,,.,2,,2,,,,,2,1,02,,23,145.78530607
5372403,1,1,1,80,23,1,3,,2,,,4,,2,,2,,,,,2,1,02,4,23,121.45374801
5372404,1,2,1,80,23,2,,,,2,,,.,,,2,,,,,,1,02,,23,115.61215834
5372404,1,3,1,80,23,1,5,,2,,,10,,3,,2,,,,,3,1,02,4,23,115.61215834
5372405,1,1,1,80,23,1,3,,2,,,8,,2,,2,,,,,2,1,02,4,23,158.23956404
5372406,1,3,1,80,23,1,8,,2,,,4,,2,,2,,1,30,908527,2,1,02,2,23,158.57160041
5372432,1,1,1,80,50,1,4,,2,,,4,,2,,2,,,,,2,1,02,4,50,91.446386674
5372432,1,2,1,80,50,1,4,,2,,,8,,2,,2,,,,,2,1,02,4,50,91.446386674
5372432,1,5,1,80,50,2,,,,2,,,.,2,,2,,,,,2,1,02,,50,91.446386674
5372432,1,6,1,80,50,2,,,,2,,,.,2,,2,,,,,2,1,02,,50,91.446386674
5372436,1,3,1,80,50,2,,,,2,,,.,,,2,,,,,,1,02,,50,138.72815977
5372437,1,1,1,80,50,1,8,,1,,1,9,,1,,2,,2,,906000,2,1,02,3,50,452.24531168
5372438,1,1,1,80,50,1,3,,2,,,11,,2,,2,,,,,2,1,02,3,50,273.34866058
5372441,1,3,1,80,50,2,,,,2,,,.,2,,2,,,,,2,1,02,,50,171.47159836
5372441,1,4,1,80,50,2,,,,2,,,.,,,2,,,,,,1,02,,50,171.47159836
5372442,1,3,1,80,50,1,7,,2,,,11,,2,,2,,2,,1000000,2,1,02,2,50,293.6463365
5372443,1,1,1,80,50,1,3,,2,,,8,,2,,2,,,,,2,1,02,4,50,264.6336701
5372445,1,1,1,80,50,1,5,,2,,,10,,3,,2,,,,,3,1,02,4,50,230.84848816
5372445,1,2,1,80,50,1,3,,2,,,8,,2,,2,,,,,2,1,02,4,50,230.84848816
5372446,1,2,1,80,50,1,3,,2,,,9,,2,,2,,,,,2,1,02,4,50,291.40032477
5372446,1,3,1,80,50,2,,,,2,,,.,2,,2,,,,,2,1,02,,50,291.40032477
5372447,1,2,1,80,50,2,,,,2,,,.,2,,2,,,,,2,1,02,,50,251.4704181
5372450,1,3,1,80,52,2,,,,2,,,.,,,2,,,,,,1,02,,52,224.09034204
5372451,1,1,1,80,52,1,3,,2,,,9,,2,,2,,,,,2,1,02,4,52,155.54065035
5372452,1,1,1,80,52,1,4,,2,,,4,,2,,2,,,,,2,1,02,4,52,152.66336887
5372453,1,2,1,80,52,1,9,PANDEMIA COVID 19,2,,,12,PANDEMIA COVID 19,2,,2,,1,40,908526,2,1,02,1.4,52,182.3713561
5372454,1,1,1,80,52,1,4,,2,,,4,,2,,2,,,,,2,1,02,4,52,152.66336887
5372454,1,2,1,80,52,1,4,,2,,,4,,2,,2,,,,,2,1,02,4,52,152.66336887
5372455,1,1,1,80,52,1,3,,2,,,9,,2,,2,,,,,2,1,02,1.4,52,237.14817304
5372456,1,1,1,80,52,1,9,PANDEMIA,2,,,8,,2,,2,,,,,2,1,02,1.4,52,107.42347068
5372456,1,2,1,80,52,1,9,PANDEMIA,2,,,12,PANDEMIA,2,,2,,,,,2,1,02,1.4,52,107.42347068
5372458,1,2,1,80,52,2,,,,1,2,2,,2,,2,,1,24,908000,2,1,02,,52,262.74776723
5372459,1,1,1,80,52,1,5,,2,,,10,,3,,2,,,,,3,1,02,4,52,182.3713561
5372460,1,2,1,80,52,1,4,,2,,,4,,2,,2,,,,,2,1,02,4,52,152.66336887
5372461,1,3,1,80,52,1,1,,2,,,12,ARRESTO DOMICILIARIO,2,,2,,,,,2,1,02,2,52,125.94234657
5372462,1,2,1,80,52,1,5,,2,,,10,,3,,2,,,,,3,1,02,4,52,152.66336887
5372464,1,1,1,80,52,1,3,,2,,,4,,3,,2,,,,,3,1,02,4,52,152.66336887
5372464,1,2,1,80,52,1,3,,2,,,8,,2,,2,,,,,2,1,02,2,52,152.66336887
5372465,1,2,1,80,52,1,8,,2,,,12,POR MIEDO AL CONTAGIO,1,,2,,,,,2,1,02,1.4,52,155.59040739
5372465,1,4,1,80,52,1,2,,1,,3,2,,2,,2,,,,,2,1,02,4,52,155.59040739
5372466,1,1,1,80,52,1,8,,2,,,9,,2,,2,,,,,2,1,02,2,52,246.30061258
5372466,1,3,1,80,52,2,,,,2,,,.,2,,2,,,,,2,1,02,,52,246.30061258
5372467,1,1,1,80,52,1,9,LA PANDEMIA COVID 19,2,,,12,LA PANDEMIA COVID 19,2,,2,,,,,2,1,02,1.4,52,211.96965988
5372468,1,4,1,80,52,1,4,,2,,,4,,2,,2,,,,,2,1,02,2,52,191.50507333
5372470,1,1,1,80,52,1,4,,2,,,4,,2,,2,,,,,2,1,02,4,52,155.54065035
5372472,1,3,1,80,52,2,,,,2,,,.,2,,2,,,,,2,1,02,,52,292.45575446
5372473,1,1,1,80,52,1,4,,2,,,8,,3,,2,,,,,3,1,02,4,52,205.09596935
5372473,1,2,1,80,52,1,4,,2,,,4,,2,,2,,,,,2,1,02,4,52,205.09596935
5372475,1,1,1,80,52,1,4,,2,,,4,,2,,2,,,,,2,1,02,4,52,152.66336887
5372475,1,2,1,80,52,1,3,,2,,,9,,2,,2,,,,,2,1,02,3,52,152.66336887
5372477,1,1,1,80,52,1,4,,2,,,4,,2,,2,,,,,2,1,02,4,52,155.54065035
5372478,1,5,1,80,52,2,,,,2,,,.,2,,2,,,,,2,1,02,,52,177.64800883
5372480,1,2,1,80,52,1,7,,2,,,9,,1,,2,,,,,2,1,02,1.4,52,243.88791678
5372480,1,3,1,80,52,2,,,,2,,,.,2,,2,,,,,2,1,02,,52,243.88791678
5372483,1,1,1,80,52,1,3,,2,,,9,,2,,2,,,,,2,1,02,1.4,52,188.06599264
5372485,1,2,1,80,52,2,,,,2,,,.,2,,2,,,,,2,1,02,,52,216.59262535
5372488,1,3,1,80,52,1,2,,2,,,2,,2,,2,,1,24,500000,2,1,02,2,52,194.38235481
5372489,1,1,1,80,52,1,5,,2,,,10,,3,,2,,,,,3,1,02,4,52,152.66336887
5372489,1,2,1,80,52,1,5,,2,,,10,,3,,2,,,,,3,1,02,4,52,152.66336887
5372495,1,1,1,80,52,1,5,,2,,,10,,3,,2,,,,,3,1,02,2,52,191.50507333
5372496,1,3,1,80,52,2,,,,2,,,.,2,,2,,,,,2,1,02,,52,194.38235481
5372497,1,2,1,80,52,2,,,,2,,,.,,,2,,,,,,1,02,,52,216.59262535
5372498,1,1,1,80,52,1,3,,2,,,9,,2,,2,,,,,2,1,02,4,52,234.22113452
5372499,1,3,1,80,52,2,,,,2,,,.,,,2,,,,,,1,02,,52,193.20100029
5372500,1,3,1,80,52,1,8,,2,,,8,,,,2,,2,,100000,,1,02,2,52,292.45575446
5372501,1,2,1,80,52,2,,,,2,,,.,,,2,,,,,,1,02,,52,164.67436758
5372503,1,1,1,80,52,1,5,,2,,,10,,3,,2,,,,,3,1,02,4,52,152.66336887
5372503,1,2,1,80,52,1,5,,2,,,10,,3,,2,,,,,3,1,02,1.3,52,152.66336887
5372504,1,1,1,80,52,1,4,,2,,,8,,3,,2,,,,,3,1,02,4,52,211.96965988
5372505,1,1,1,80,54,1,3,,2,,,9,,2,,2,,,,,2,1,02,2,54,616.69005239
5372505,1,4,1,80,54,1,3,,2,,,9,,2,,2,,,,,2,1,02,2,54,616.69005239
5372507,1,2,1,80,54,1,7,,2,,,12,POR PANDEMIA,2,,2,,1,48,800000,2,1,02,1.4,54,728.48762971
5372509,1,2,1,80,54,1,9,POR PANDEMIA,2,,,9,,2,,2,,,,,2,1,02,1.4,54,346.8527693
5372510,1,2,1,80,54,1,3,,2,,,9,,2,,2,,2,,400000,2,1,02,1.4,54,489.03786377
5372511,1,1,1,80,54,1,4,,2,,,4,,2,,2,,,,,2,1,02,4,54,375.32248498
5372512,1,1,1,80,54,1,4,,2,,,4,,2,,2,,,,,2,1,02,4,54,375.32248498
5372516,1,1,1,80,76,1,8,,2,,,8,,2,,1,600000,1,48,1500000,2,1,02,1.1,76,890.21321386
5372517,1,2,1,80,76,2,,,,2,,,.,2,,2,,,,,2,1,02,,76,882.858541
5372519,1,1,1,80,76,1,9,CURENTENA OBLIGATORIA,2,,,8,,3,,2,,,,,3,1,02,1.4,76,979.74085993
5372521,1,1,1,80,76,2,,,,2,,,.,2,,2,,,,,2,1,02,,76,1002.0779067
5372524,1,1,1,80,76,1,5,,2,,,10,,3,,2,,,,,3,1,02,3,76,849.57967451
5372564,1,1,1,80,05,1,3,,2,,,9,,2,,2,,,,,2,1,02,4,05,1069.9291557
5372565,1,1,1,80,05,2,,,,2,,,.,2,,2,,,,,2,1,02,,05,939.48345968
5372565,1,2,1,80,05,1,9,POR LA PANDEMIA,2,,,4,,2,,2,,2,,908000,2,1,02,2,05,939.48345968
5372565,1,3,1,80,05,2,,,,2,,,.,2,,2,,,,,2,1,02,,05,939.48345968
5372566,1,1,1,80,05,1,3,,2,,,9,,3,,2,,,,,3,1,02,4,05,782.72028632
5372566,1,2,1,80,05,1,4,,2,,,4,,2,,2,,,,,2,1,02,4,05,782.72028632
5372566,1,3,1,80,05,2,,,,2,,,.,2,,2,,,,,2,1,02,,05,782.72028632
5372566,1,4,1,80,05,1,3,,2,,,9,,2,,2,,,,,2,1,02,4,05,782.72028632
5372566,1,5,1,80,05,1,5,,2,,,10,,3,,2,,,,,3,1,02,2,05,782.72028632
5372568,1,1,1,80,05,1,5,,2,,,10,,3,,2,,,,,3,1,02,4,05,1083.3399696
5372570,1,1,1,80,05,1,5,,2,,,9,,3,,2,,,,,3,1,02,4,05,1056.6532338
5372570,1,2,1,80,05,1,3,,2,,,9,,2,,2,,,,,2,1,02,4,05,1056.6532338
5372571,1,1,1,80,05,1,5,,2,,,11,,3,,2,,,,,3,1,02,4,05,1056.6532338
5372571,1,2,1,80,05,1,9,RETIRO VOLUNTARIO,2,,,11,,3,,2,,,,,3,1,02,3,05,1056.6532338
5372572,1,2,1,80,05,1,3,,2,,,9,,1,2,2,,,,,1,1,02,4,05,1084.629018
5372573,1,2,1,80,05,1,5,,2,,,10,,3,,2,,,,,3,1,02,3,05,1084.629018
5372575,1,6,1,80,05,2,,,,2,,,.,2,,2,,,,,2,1,02,,05,1302.4821508
5372577,1,1,1,80,05,1,5,,2,,,10,,3,,2,,,,,3,1,02,4,05,1070.0640478
5372577,1,2,1,80,05,1,3,,2,,,9,,2,,2,,,,,2,1,02,4,05,1070.0640478
5372578,1,1,1,80,05,1,5,,2,,,10,,3,,2,,,,,3,1,02,4,05,1049.6591435
5372578,1,2,1,80,05,1,7,,2,,,12,POR ESTAR EN EMBARAZO,2,,2,,2,,908000,2,1,02,3,05,1049.6591435
5372579,1,1,1,80,05,1,5,,2,,,9,,3,,2,,,,,3,1,02,4,05,887.30719067
5372579,1,2,1,80,05,1,5,,2,,,10,,3,,2,,,,,3,1,02,4,05,887.30719067
5372579,1,3,1,80,05,1,5,,2,,,10,,3,,2,,,,,3,1,02,4,05,887.30719067
5372580,1,1,1,80,05,1,5,,2,,,11,,3,,2,,,,,3,1,02,4,05,1083.3399696
5372581,1,1,1,80,05,1,5,,2,,,6,,3,,2,,1,24,500000,3,1,02,2,05,1083.3399696
5372582,1,1,1,80,05,1,4,,2,,,4,,3,,2,,,,,3,1,02,4,05,965.34225134
5372582,1,2,1,80,05,2,,,,2,,,.,2,,2,,,,,2,1,02,,05,965.34225134
5372582,1,3,1,80,05,2,,,,2,,,.,2,,2,,,,,2,1,02,,05,965.34225134
5372587,1,2,1,80,05,1,3,,2,,,11,,2,,2,,,,,2,1,02,4,05,1083.3399696
5372590,1,2,1,80,05,2,,,,2,,,.,2,,2,,,,,2,1,02,,05,1354.5067396
5372591,1,2,1,80,05,1,3,,2,,,9,,2,,2,,1,20,908000,2,1,02,3,05,1321.6585048
5372592,1,2,1,80,05,1,9,POR LA PANDEMIA,2,,,9,,2,,2,,2,,908000,2,1,02,9,05,1419.5170329
5372593,1,3,1,80,17,2,,,,2,,,.,2,,2,,,,,2,1,02,,17,272.43863282
5372594,1,2,1,80,17,2,,,,2,,,.,,,2,,,,,,1,02,,17,261.88456013
5372599,1,2,1,80,17,1,3,,2,,,9,,2,,2,,,,,2,1,02,2,17,288.40381748
5372599,1,5,1,80,17,2,,,,2,,,.,2,,2,,,,,2,1,02,,17,288.40381748
5372600,1,3,1,80,17,2,,,,2,,,.,,,2,,,,,,1,02,,17,203.00942384
5372683,1,2,1,80,54,1,9,CUARENTENA OBLIGATORIA COVID 19,2,,,12,PANDEMIA COVID 19,2,,2,,,,,2,1,02,1.4,54,352.02318794
5372684,1,1,1,80,54,1,4,,2,,,4,,2,,2,,,,,2,1,02,4,54,375.32248498
5372685,1,1,1,80,54,1,6,,2,,,12,PANDEMIA COVID 19,2,,2,,,,,2,1,02,1.2,54,354.56246097
5372686,1,2,1,80,54,2,,,,2,,,.,2,,2,,2,,908000,2,1,02,,54,385.08693844
5372687,1,1,1,80,54,1,3,,2,,,9,,2,,2,,,,,2,1,02,4,54,408.00507618
5372687,1,2,1,80,54,1,4,,2,,,4,,2,,2,,,,,2,1,02,3,54,408.00507618
5372688,1,2,1,80,54,2,,,,2,,,.,,,2,,2,,98,,1,02,,54,312.71520899
5372689,1,1,1,80,54,2,,,,2,,,.,2,,2,,,,,2,1,02,,54,287.50190261
5372689,1,2,1,80,54,2,,,,2,,,.,2,,2,,,,,2,1,02,,54,287.50190261
5372715,1,4,1,80,73,2,,,,2,,,.,,,2,,,,,,1,02,,73,312.65019226
5372718,1,2,1,80,73,1,4,,2,,,8,,2,,2,,,,,2,1,02,2,73,338.5377453
5372719,1,1,1,80,73,1,5,,2,,,10,,3,,2,,,,,3,1,02,4,73,244.29846152
5372719,1,2,1,80,73,1,3,,2,,,9,,2,,2,,,,,2,1,02,4,73,244.29846152
5372719,1,3,1,80,73,2,,,,2,,,.,,,2,,,,,,1,02,,73,244.29846152
5372720,1,1,1,80,73,1,5,,2,,,8,,3,,2,,,,,3,1,02,4,73,270.18601456
5372720,1,2,1,80,73,2,,,,2,,,.,2,,2,,,,,2,1,02,,73,270.18601456
5372721,1,1,1,80,73,1,5,,2,,,9,,3,,2,,,,,3,1,02,4,73,272.92124888
5372721,1,4,1,80,73,2,,,,2,,,.,,,2,,,,,,1,02,,73,272.92124888
5372721,1,5,1,80,73,2,,,,2,,,.,,,2,,,,,,1,02,,73,272.92124888
5372721,1,6,1,80,73,1,5,,2,,,10,,3,,2,,,,,3,1,02,4,73,272.92124888
5372723,1,1,1,80,73,1,5,,2,,,10,,3,,2,,,,,3,1,02,4,73,219.6757785
5372723,1,2,1,80,73,2,,,,2,,,.,2,,2,,,,,2,1,02,,73,219.6757785
5372723,1,3,1,80,73,1,3,,2,,,4,,2,,2,,,,,2,1,02,4,73,219.6757785
5372725,1,2,1,80,73,1,9,COVID 19,2,,,1,,2,,2,,,,,2,1,02,1.3,73,281.23639936
5372725,1,3,1,80,73,2,,,,2,,,.,2,,2,,,,,2,1,02,,73,281.23639936
5372726,1,1,1,80,73,2,,,,2,,,.,2,,2,,,,,2,1,02,,73,290.17767533
5372726,1,2,1,80,73,1,9,COVID 19,2,,,12,COVID 19,2,,2,,1,48,900000,2,1,02,1.4,73,290.17767533
5372727,1,3,1,80,73,2,,,,2,,,.,,,2,,,,,,1,02,,73,353.9300377
5372730,1,1,1,80,73,1,3,,2,,,9,,2,,2,,,,,2,1,02,4,73,309.33571646
5372730,1,2,1,80,73,1,7,,2,,,9,,2,,2,,,,,2,1,02,1.3,73,309.33571646
5372731,1,2,1,80,73,1,3,,2,,,9,,2,,2,,,,,2,1,02,2,73,443.61138578
5372731,1,3,1,80,73,2,,,,2,,,.,,,2,,,,,,1,02,,73,443.61138578
5372733,1,2,1,80,73,2,,,,2,,,.,2,,2,,,,,2,1,02,,73,224.30680075
5372734,1,2,1,80,73,2,,,,2,,,.,,,2,,,,,,1,02,,73,222.09503669
5372735,1,1,1,80,73,1,3,,2,,,9,,2,,2,,,,,2,1,02,4,73,154.95747897
5372739,1,2,1,80,73,1,3,,2,,,9,,2,,2,,,,,2,1,02,3,73,353.9300377
5372739,1,3,1,80,73,2,,,,2,,,.,,,2,,,,,,1,02,,73,353.9300377
5372740,1,2,1,80,73,1,4,,2,,,4,,2,,2,,,,,2,1,02,2,73,154.95747897
5372740,1,3,1,80,73,2,,,,2,,,.,2,,2,,,,,2,1,02,,73,154.95747897
5372740,1,4,1,80,73,1,4,,2,,,8,,2,,2,,,,,2,1,02,4,73,154.95747897
5372740,1,5,1,80,73,1,4,,2,,,8,,2,,2,,,,,2,1,02,4,73,154.95747897
5372741,1,1,1,80,73,1,6,,2,,,8,,2,,2,,,,,2,1,02,2,73,215.09643267
5372742,1,2,1,80,73,1,3,,2,,,9,,2,,2,,,,,2,1,02,1.4,73,429.18530262
5372743,1,1,1,80,73,1,3,,2,,,9,,2,,2,,,,,2,1,02,4,73,154.95747897
5372744,1,2,1,80,73,2,,,,2,,,.,,,2,,,,,,1,02,,73,308.59841148
5372744,1,3,1,80,73,2,,,,2,,,.,,,2,,,,,,1,02,,73,308.59841148
5372745,1,2,1,80,73,1,3,,2,,,9,,2,,2,,,,,2,1,02,3,73,368.70598338
5372745,1,3,1,80,73,2,,,,2,,,.,,,2,,,,,,1,02,,73,368.70598338
5372749,1,1,1,80,73,1,4,,2,,,8,,2,,2,,,,,2,1,02,4,73,329.9066187
5372751,1,1,1,80,73,1,3,,2,,,9,,2,,2,,,,,2,1,02,4,73,164.58619661
5372751,1,3,1,80,73,2,,,,2,,,.,2,,2,,,,,2,1,02,,73,164.58619661
5372752,1,1,1,80,73,1,7,,2,,,1,,2,,2,,2,,650000,2,1,02,1.4,73,270.18601456
5372752,1,2,1,80,73,1,6,,2,,,9,,1,,2,,,,,2,1,02,4,73,270.18601456
5372753,1,3,1,80,73,2,,,,2,,,.,2,,2,,,,,2,1,02,,73,308.22666415
5372753,1,4,1,80,73,2,,,,2,,,.,,,2,,,,,,1,02,,73,308.22666415
5372754,1,5,1,80,73,2,,,,2,,,.,2,,2,,,,,2,1,02,,73,555.63056628
5372755,1,1,1,80,73,1,3,,2,,,9,,2,,2,,,,,2,1,02,4,73,250.19435379
5372756,1,1,1,80,73,1,7,,1,,4,8,,2,,2,,,,,2,1,02,4,73,250.19435379
5372757,1,6,1,80,73,2,,,,2,,,.,2,,2,,,,,2,1,02,,73,497.59191536
5372758,1,2,1,80,73,2,,,,2,,,.,2,,2,,,,,2,1,02,,73,224.30680075
5372759,1,2,1,80,73,2,,,,2,,,.,2,,2,,,,,2,1,02,,73,224.30680075
5372760,1,1,1,80,73,1,4,,2,,,4,,2,,2,,,,,2,1,02,3,73,329.9066187
5372761,1,3,1,80,73,2,,,,2,,,.,2,,2,,,,,2,1,02,,73,356.14180175
5372762,1,1,1,80,73,1,5,,2,,,10,,3,,2,,,,,3,1,02,4,73,329.9066187
5372763,1,2,1,80,73,2,,,,2,,,.,2,,2,,,,,2,1,02,,73,222.09503669
5372765,1,1,1,80,73,1,4,,2,,,8,,2,,2,,,,,2,1,02,4,73,329.9066187
5372768,1,1,1,80,73,1,3,,2,,,8,,2,,2,,,,,2,1,02,4,73,249.84401658
5372770,1,2,1,80,73,1,3,,2,,,8,,2,,2,,,,,2,1,02,4,73,459.72439883
5372770,1,4,1,80,73,2,,,,2,,,.,,,2,,,,,,1,02,,73,459.72439883
5372770,1,5,1,80,73,2,,,,2,,,.,2,,2,,,,,2,1,02,,73,459.72439883
5372770,1,9,1,80,73,2,,,,2,,,.,2,,2,,,,,2,1,02,,73,459.72439883
5372770,1,12,1,80,73,2,,,,2,,,.,2,,2,,,,,2,1,02,,73,459.72439883
5372772,1,4,1,80,76,2,,,,2,,,.,,,2,,,,,,1,02,,76,916.94781566
5372773,1,2,1,80,76,2,,,,2,,,.,2,,2,,,,,2,1,02,,76,806.73393215
5372773,1,3,1,80,76,2,,,,2,,,.,2,,2,,,,,2,1,02,,76,806.73393215
5372775,1,2,1,80,76,2,,,,2,,,.,2,,2,,,,,2,1,02,,76,1193.7713644
5372775,1,4,1,80,76,1,3,,2,,,4,,2,,2,,,,,2,1,02,3,76,1193.7713644
5372776,1,1,1,80,76,1,4,,2,,,4,,3,,2,,,,,3,1,02,2,76,869.45550378
5372778,1,1,1,80,76,2,,,,1,4,1,,2,,2,,,,,2,1,02,,76,890.21321386
5372778,1,2,1,80,76,1,5,,2,,,10,,3,,2,,,,,3,1,02,4,76,890.21321386
5372780,1,1,1,80,76,1,7,,2,,,11,,2,,2,,,,,2,1,02,4,76,890.21321386
5372780,1,2,1,80,76,1,4,,2,,,4,,2,,2,,,,,2,1,02,2,76,890.21321386
5372781,1,1,1,80,76,1,5,,2,,,4,,3,,2,,1,48,98,3,1,02,4,76,869.45550378
5372781,1,2,1,80,76,1,3,,2,,,9,,2,,2,,,,,2,1,02,4,76,869.45550378
5372782,1,4,1,80,76,2,,,,2,,,.,2,,2,,,,,2,1,02,,76,1131.5262422
5372782,1,5,1,80,76,2,,,,2,,,.,,,2,,,,,,1,02,,76,1131.5262422
5372784,1,2,1,80,76,1,3,,2,,,1,,2,,1,200000,,,,2,1,02,2,76,1394.6977393
5372785,1,2,1,80,76,1,4,,2,,,4,,2,,2,,2,,900000,2,1,02,3,76,1003.6572434
5372787,1,1,1,80,76,1,5,,2,,,10,,3,,2,,,,,3,1,02,4,76,626.73216966
5372787,1,2,1,80,76,1,3,,2,,,9,,2,,2,,,,,2,1,02,4,76,626.73216966
5372787,1,3,1,80,76,1,3,,2,,,9,,1,,2,,1,48,908526,2,1,02,3,76,626.73216966
5372787,1,4,1,80,76,1,4,,2,,,4,,3,,2,,,,,3,1,02,3,76,626.73216966
5372788,1,1,1,80,76,2,,,,2,,,.,2,,2,,,,,2,1,02,,76,1035.3567732
5372791,1,2,1,80,76,1,5,,2,,,9,,3,,2,,,,,3,1,02,1.4,76,814.08860501
5372791,1,3,1,80,76,2,,,,2,,,.,2,,2,,,,,2,1,02,,76,814.08860501
5372792,1,3,1,80,76,2,,,,2,,,.,2,,2,,,,,2,1,02,,76,829.07097892
5372792,1,4,1,80,76,2,,,,2,,,.,,,2,,,,,,1,02,,76,829.07097892
5372794,1,1,1,80,76,1,8,,2,,,12,SIEMPRE ESPERA QUE LO LLAMEN,2,,1,150000,1,48,1500000,2,1,02,1.2,76,2043.9074719
5372796,1,1,1,80,76,1,4,,2,,,4,,1,,2,,,,,2,1,02,4,76,2004.1558134
5372796,1,2,1,80,76,1,4,,2,,,4,,1,,2,,2,,908526,2,1,02,3,76,2004.1558134
5372799,1,3,1,80,76,1,6,,2,,,2,,2,,1,100000,1,48,800000,2,1,02,1.2,76,1317.4488178
5372800,1,1,1,80,76,1,4,,2,,,9,,2,,2,,,,,2,1,02,4,76,1181.3107407
5372800,1,3,1,80,76,2,,,,2,,,.,2,,2,,,,,2,1,02,,76,1181.3107407
5372804,1,2,1,80,76,1,3,,2,,,9,,2,,2,,,,,2,1,02,4,76,869.45550378
5372971,1,2,1,80,05,2,,,,2,,,.,2,,2,,,,,2,1,02,,05,958.34816104
5372972,1,1,1,80,05,1,5,,2,,,11,,3,,2,,,,,3,1,02,4,05,1137.4963369
5372972,1,2,1,80,05,1,3,,2,,,9,,2,,2,,,,,2,1,02,4,05,1137.4963369
5372973,1,1,1,80,05,1,5,,2,,,10,,3,,2,,,,,3,1,02,4,05,1161.3750303
5372975,1,2,1,80,05,2,,,,2,,,.,2,,2,,,,,2,1,02,,05,1070.0640478
5372977,1,2,1,80,05,2,,,,2,,,.,2,,2,,,,,2,1,02,,05,1209.9426181
5372978,1,1,1,80,05,1,3,,2,,,8,,2,,2,,,,,2,1,02,3,05,1070.0640478
5372979,1,2,1,80,05,2,,,,2,,,.,,,2,,,,,,1,02,,05,1276.606571
5372979,1,4,1,80,05,1,7,,2,,,12,POR LA PANDEMIA,2,,2,,1,48,908000,2,1,02,1.4,05,1276.606571
5372980,1,2,1,80,05,2,,,,2,,,.,,,2,,,,,,1,02,,05,1037.7885325
5372981,1,3,1,80,05,2,,,,2,,,.,,,2,,,,,,1,02,,05,1045.3594124
5372982,1,2,1,80,05,1,5,,2,,,10,,3,,2,,,,,3,1,02,4,05,1056.6532338
5372985,1,1,1,80,05,1,4,,2,,,4,,2,,2,,2,,900000,2,1,02,3,05,1174.6509521
5372986,1,3,1,80,05,2,,,,2,,,.,2,,2,,,,,2,1,02,,05,1090.9108495
5372990,1,2,1,80,08,1,3,,2,,,9,,2,,2,,,,,2,1,02,4,08,547.11282475
5372992,1,3,1,80,11,2,,,,2,,,.,,,2,,,,,,1,02,,11,2340.5822593
5373037,1,1,1,80,17,1,5,,2,,,10,,3,,2,,,,,3,1,02,4,17,220.3728848
5373040,1,3,1,80,17,1,2,,2,,,2,,2,,2,,,,,2,1,02,3,17,182.6818253
5373040,1,4,1,80,17,1,5,,2,,,10,,3,,2,,,,,3,1,02,4,17,182.6818253
5373041,1,1,1,80,17,1,5,,2,,,10,,3,,2,,,,,3,1,02,4,17,209.92036139
5373041,1,2,1,80,17,2,,,,2,,,.,2,,2,,,,,2,1,02,,17,209.92036139
5373042,1,1,1,80,17,1,5,,2,,,10,,2,,2,,,,,2,1,02,3,17,169.54986767
5373042,1,2,1,80,17,2,,,,2,,,.,2,,2,,,,,2,1,02,,17,169.54986767
5373152,1,1,1,80,50,1,6,,2,,,8,,2,,2,,1,40,1000000,2,1,02,1.2,50,248.43997957
5373153,1,1,1,80,50,1,4,,2,,,4,,2,,2,,,,,2,1,02,4,50,264.47215965
5373155,1,3,1,80,50,2,,,,2,,,.,2,,2,,,,,2,1,02,,50,274.11400628
5373158,1,3,1,80,50,2,,,,2,,,.,2,,2,,,,,2,1,02,,50,212.57029633
5373159,1,4,1,80,50,2,,,,2,,,.,2,,2,,,,,2,1,02,,50,182.43260057
5373160,1,2,1,80,50,1,3,,2,,,9,,2,,2,,,,,2,1,02,4,50,198.62629111
5373160,1,3,1,80,50,2,,,,2,,,.,2,,2,,,,,2,1,02,,50,198.62629111
5373161,1,2,1,80,50,2,,,,2,,,.,2,,2,,,,,2,1,02,,50,246.19396783
5373163,1,2,1,80,50,1,4,,2,,,4,,2,,2,,,,,2,1,02,4,50,239.56347864
5373164,1,2,1,80,50,2,,,,2,,,.,2,,2,,,,,2,1,02,,50,230.68697771
5373166,1,1,1,80,50,1,5,,2,,,10,,3,,2,,,,,3,1,02,4,50,333.96561295
5373166,1,2,1,80,50,1,7,,2,,,11,,2,,2,,,,,2,1,02,2,50,333.96561295
5373166,1,7,1,80,50,2,,,,2,,,.,,,2,,,,,,1,02,,50,333.96561295
5373170,1,4,1,80,50,2,,,,2,,,.,2,,2,,,,,2,1,02,,50,262.89159308
5373171,1,2,1,80,50,1,7,,2,,,8,,2,,2,,,,,2,1,02,3,50,423.92182763
5373171,1,5,1,80,50,1,3,,2,,,9,,2,,2,,,,,2,1,02,2,50,423.92182763
5373172,1,2,1,80,50,2,,,,2,,,.,2,,2,,,,,2,1,02,,50,196.21876893
5373172,1,3,1,80,50,2,,,,2,,,.,,,2,,,,,,1,02,,50,196.21876893
5373173,1,2,1,80,50,2,,,,2,,,.,2,,2,,,,,2,1,02,,50,232.24996261
5373175,1,1,1,80,50,1,3,,2,,,8,,2,,2,,,,,2,1,02,4,50,212.40878588
5373175,1,3,1,80,50,2,,,,2,,,.,,,2,,,,,,1,02,,50,212.40878588
5373176,1,3,1,80,50,2,,,,2,,,.,2,,2,,,,,2,1,02,,50,268.57981862
5373177,1,1,1,80,50,1,3,,2,,,9,,2,,2,,,,,2,1,02,4,50,149.1286708
5373177,1,2,1,80,50,2,,,,2,,,.,2,,2,,,,,2,1,02,,50,149.1286708
5373177,1,3,1,80,50,2,,,,2,,,.,,,2,,,,,,1,02,,50,149.1286708
5373177,1,4,1,80,50,2,,,,2,,,.,,,2,,,,,,1,02,,50,149.1286708
5373177,1,5,1,80,50,2,,,,2,,,.,2,,2,,,,,2,1,02,,50,149.1286708
5373178,1,1,1,80,50,1,5,,2,,,10,,3,,2,,,,,3,1,02,4,50,230.84848816
5373178,1,2,1,80,50,2,,,,2,,,.,2,,2,,,,,2,1,02,,50,230.84848816
5373179,1,1,1,80,50,1,5,,2,,,10,,2,,2,,,,,2,1,02,4,50,203.6937954
5373179,1,3,1,80,50,1,2,,2,,,2,,2,,2,,,,,2,1,02,2,50,203.6937954
5373180,1,3,1,80,50,2,,,,2,,,.,2,,2,,,,,2,1,02,,50,163.99657188
5373180,1,4,1,80,50,2,,,,2,,,.,,,2,,,,,,1,02,,50,163.99657188
5373181,1,1,1,80,50,1,8,,2,,,4,,2,,2,,,,,2,1,02,4,50,309.67851659
5373182,1,2,1,80,50,2,,,,2,,,.,2,,2,,,,,2,1,02,,50,191.15126464
5373182,1,3,1,80,50,2,,,,2,,,.,,,2,,,,,,1,02,,50,191.15126464
5373186,1,1,1,80,50,1,3,,2,,,9,,2,,2,,,,,2,1,02,1.3,50,146.48390146
5373187,1,2,1,80,50,1,3,,2,,,9,,2,,2,,,,,2,1,02,4,50,354.88487353
5373188,1,2,1,80,50,2,,,,2,,,.,2,,2,,,,,2,1,02,,50,55.883743033
5373189,1,2,1,80,50,1,3,,2,,,9,,2,,2,,,,,2,1,02,3,50,70.683192453
5373189,1,3,1,80,50,2,,,,2,,,.,2,,2,,,,,2,1,02,,50,70.683192453
5373191,1,1,1,80,50,1,3,,2,,,9,,2,,2,,,,,2,1,02,3,50,62.109994891
5373192,1,3,1,80,50,2,,,,1,2,2,,2,,2,,,,,2,1,02,,50,171.47159836
5373193,1,1,1,80,50,1,5,,2,,,10,,3,,2,,,,,3,1,02,4,50,197.22481666
5373193,1,2,1,80,50,1,8,,2,,,8,,2,,2,,,,,2,1,02,4,50,197.22481666
5373194,1,2,1,80,50,1,4,,2,,,4,,2,,2,,,,,2,1,02,3,50,296.67677503
5373194,1,3,1,80,50,2,,,,2,,,.,,,2,,,,,,1,02,,50,296.67677503
5373195,1,1,1,80,50,1,4,,2,,,4,,1,2,2,,,,,1,1,02,3,50,223.53497213
5373195,1,2,1,80,50,2,,,,2,,,.,2,,2,,2,,900000,2,1,02,,50,223.53497213
5373196,1,2,1,80,52,1,7,,2,,,8,,2,,2,,,,,2,1,02,4,52,149.78608739
5373199,1,1,1,80,52,1,7,,2,,,8,,2,,2,,,,,2,1,02,4,52,155.54065035
5373200,1,1,1,80,52,1,5,,2,,,10,,3,,2,,,,,3,1,02,4,52,182.3713561
5373200,1,2,1,80,52,1,5,,2,,,8,,3,,2,,,,,3,1,02,4,52,182.3713561
5373201,2,3,2,80,52,1,6,,2,,,4,,2,,2,,2,,200000,2,1,02,3,52,141.68358585
5373202,1,2,1,80,52,1,3,,2,,,9,,2,,2,,,,,2,1,02,4,52,222.90898752
5373202,1,3,1,80,52,2,,,,2,,,.,2,,2,,,,,2,1,02,,52,222.90898752
5373202,1,4,1,80,52,2,,,,2,,,.,,,2,,,,,,1,02,,52,222.90898752
5373204,1,3,1,80,52,1,6,,2,,,12,PIENSA SEGUIR ESTUDIANDO,2,,2,,,,,2,1,02,1.2,52,187.91102301
5373205,1,3,1,80,52,1,8,,2,,,2,,2,,2,,,,,2,1,02,1.2,52,157.28633434
5373208,1,1,1,80,52,1,5,,2,,,10,,3,,2,,,,,3,1,02,4,52,212.6436728
5373208,1,2,1,80,52,1,3,,2,,,8,,2,,2,,,,,2,1,02,4,52,212.6436728
5373208,1,4,1,80,52,1,3,,2,,,8,,2,,2,,,,,2,1,02,4,52,212.6436728
5373208,1,6,1,80,52,2,,,,2,,,.,,,2,,,,,,1,02,,52,212.6436728
5373209,1,1,1,80,52,1,8,,2,,,4,,2,,2,,1,40,500000,2,1,02,1.4,52,182.3713561
5373209,1,2,1,80,52,2,,,,2,,,.,2,,2,,,,,2,1,02,,52,182.3713561
5373210,1,2,1,80,52,1,3,,2,,,9,,2,,2,,,,,2,1,02,1.4,52,170.99072975
5373210,1,3,1,80,52,2,,,,2,,,.,2,,2,,,,,2,1,02,,52,170.99072975
5373210,1,4,1,80,52,2,,,,2,,,.,2,,2,,,,,2,1,02,,52,170.99072975
5373211,1,2,1,80,52,2,,,,1,2,7,,2,,2,,2,,800000,2,1,02,,52,221.16330353
5373212,1,1,1,80,52,1,7,,1,,3,8,,2,,2,,,,,2,1,02,3,52,161.85701252
5373213,1,2,1,80,52,1,3,,2,,,9,,2,,2,,,,,2,1,02,4,52,222.90898752
5373213,1,3,1,80,52,2,,,,2,,,.,2,,2,,,,,2,1,02,,52,222.90898752
5373213,1,4,1,80,52,2,,,,2,,,.,,,2,,,,,,1,02,,52,222.90898752
5373215,1,4,1,80,52,2,,,,2,,,.,2,,2,,,,,2,1,02,,52,221.727633
5373216,1,4,1,80,52,2,,,,2,,,.,2,,2,,1,36,800000,2,1,02,,52,242.86623247
5373216,1,5,1,80,52,2,,,,2,,,.,2,,2,,,,,2,1,02,,52,242.86623247
5373216,1,6,1,80,52,1,4,,2,,,4,,2,,2,,,,,2,1,02,4,52,242.86623247
5373218,1,2,1,80,52,1,8,,2,,,9,,2,,2,,2,,800000,2,1,02,3,52,316.78510381
5373219,1,3,1,80,52,2,,,,2,,,.,2,,2,,,,,2,1,02,,52,217.14587163
5373219,1,4,1,80,52,2,,,,2,,,.,2,,2,,,,,2,1,02,,52,217.14587163
5373220,1,1,1,80,52,1,4,,2,,,4,,2,,2,,,,,2,1,02,4,52,107.42347068
5373220,1,2,1,80,52,1,3,,2,,,9,,2,,2,,,,,2,1,02,4,52,107.42347068
5373221,1,1,1,80,52,1,4,,2,,,4,,2,,2,,,,,2,1,02,4,52,185.24863758
5373222,1,1,1,80,52,1,3,,2,,,8,,2,,2,,,,,2,1,02,4,52,109.15824355
5373222,1,2,1,80,52,1,3,,2,,,9,,2,,2,,,,,2,1,02,3,52,109.15824355
5373227,1,2,1,80,52,1,3,,2,,,9,,2,,2,,,,,2,1,02,4,52,107.42347068
5373228,1,2,1,80,52,1,3,,2,,,9,,2,,2,,,,,2,1,02,4,52,157.79837651
5373228,1,3,1,80,52,2,,,,2,,,.,2,,2,,,,,2,1,02,,52,157.79837651
5373230,1,3,1,80,52,2,,,,2,,,.,2,,2,,,,,2,1,02,,52,107.42347068
5373231,1,1,1,80,52,1,5,,2,,,10,,3,,2,,,,,3,1,02,4,52,222.90898752
5373231,1,2,1,80,52,1,8,,2,,,9,,2,,2,,,,,2,1,02,2,52,222.90898752
5373231,1,4,1,80,52,2,,,,2,,,.,2,,2,,,,,2,1,02,,52,222.90898752
5373233,1,2,1,80,52,1,3,,2,,,9,,2,,2,,,,,2,1,02,4,52,185.24863758
5373235,1,1,1,80,52,1,5,,2,,,10,,3,,2,,,,,3,1,02,4,52,257.45778995
5373235,1,3,1,80,52,2,,,,2,,,.,2,,2,,,,,2,1,02,,52,257.45778995
5373236,1,2,1,80,52,2,,,,2,,,.,,,2,,,,,,1,02,,52,216.59262535
5373237,1,2,1,80,52,1,5,,2,,,4,,3,,2,,,,,3,1,02,2,52,295.80617455
5373237,1,3,1,80,52,2,,,,2,,,.,,,2,,,,,,1,02,,52,295.80617455
5373242,1,4,1,80,52,1,8,,2,,,2,,2,,2,,,,,2,1,02,2,52,170.99072975
5373245,1,1,1,80,52,1,4,,2,,,8,,2,,2,,,,,2,1,02,4,52,107.42347068
5373246,1,1,1,80,54,1,4,,2,,,4,,2,,2,,,,,2,1,02,4,54,274.20746588
5373247,1,1,1,80,54,1,3,,2,,,7,,2,,2,,,,,2,1,02,4,54,397.64852616
5373247,1,2,1,80,54,2,,,,2,,,.,2,,2,,,,,2,1,02,,54,397.64852616
5373247,1,3,1,80,54,1,4,,2,,,4,,2,,2,,,,,2,1,02,4,54,397.64852616
5373248,1,1,1,80,54,1,2,,2,,,2,,2,,2,,,,,2,1,02,1.2,54,837.69746759
5373249,1,2,1,80,54,1,3,,2,,,9,,2,,2,,,,,2,1,02,4,54,420.43923671
5373249,1,3,1,80,54,2,,,,2,,,.,2,,2,,,,,2,1,02,,54,420.43923671
5373249,1,4,1,80,54,2,,,,2,,,.,,,2,,,,,,1,02,,54,420.43923671
5373261,1,3,1,80,76,1,2,,2,,,2,,2,,2,,2,,1500000,2,1,02,1.1,76,1227.9211717
5373261,1,4,1,80,76,2,,,,2,,,.,2,,2,,,,,2,1,02,,76,1227.9211717
5373262,1,2,1,80,76,1,3,,2,,,9,,2,,2,,,,,2,1,02,3,76,1547.1959714
5373264,1,1,1,80,76,1,6,,2,,,11,,2,,2,,,,,2,1,02,2,76,1024.4149535
5373265,1,2,1,80,76,2,,,,2,,,.,2,,2,,,,,2,1,02,,76,848.00033783
5373267,1,1,1,80,76,1,7,,2,,,5,,2,,2,,,,,2,1,02,1.4,76,981.32019662
5373268,1,2,1,80,76,1,3,,2,,,9,,2,,2,,,,,2,1,02,4,76,890.21321386
5373271,1,2,1,80,76,1,3,,2,,,9,,1,,2,,,,,2,1,02,4,76,1180.3683272
5373274,1,1,1,80,76,1,9,POR EL TEMOR AL CONTAGIO DEL VIRUS COVID 19,2,,,12,POR LA PANDEMIA,1,,2,,2,,908526,2,1,02,1.4,76,979.74085993
5373275,1,1,1,80,76,1,7,,2,,,9,,2,,2,,,,,2,1,02,2,76,2253.7593454
5373276,1,4,1,80,76,2,,,,2,,,.,2,,2,,,,,2,1,02,,76,2168.8568435
5373277,1,1,1,80,76,1,4,,2,,,4,,1,,2,,2,,908526,2,1,02,1.4,76,981.32019662
5373277,1,2,1,80,76,2,,,,2,,,.,2,,2,,,,,2,1,02,,76,981.32019662
5373279,1,2,1,80,76,1,7,,2,,,4,,2,,2,,1,48,908526,2,1,02,1.4,76,1780.4264277
5373281,1,3,1,80,76,2,,,,2,,,.,,,2,,,,,,1,02,,76,1084.4284217
5373281,1,4,1,80,76,2,,,,2,,,.,,,2,,,,,,1,02,,76,1084.4284217
5373461,1,3,1,80,05,2,,,,2,,,.,2,,2,,,,,2,1,02,,05,1270.0590254
5373463,1,1,1,80,05,1,8,,2,,,1,,1,1,1,99,,,,1,1,02,1.1,05,1174.6509521
5373464,1,3,1,80,05,2,,,,2,,,.,2,,2,,,,,2,1,02,,05,1272.5022301
5373464,1,4,1,80,05,1,8,,2,,,2,,,,2,,,,,,1,02,3,05,1272.5022301
5373464,1,5,1,80,05,2,,,,2,,,.,,,2,,,,,,1,02,,05,1272.5022301
5373465,1,3,1,80,05,2,,,,2,,,.,2,,2,,,,,2,1,02,,05,1085.7831743
5373465,1,4,1,80,05,1,8,,2,,,11,,2,,2,,,,,2,1,02,1.2,05,1085.7831743
5373466,1,2,1,80,05,1,3,,2,,,11,,2,,2,,,,,2,1,02,4,05,1078.789084
5373466,1,3,1,80,05,2,,,,2,,,.,2,,2,,,,,2,1,02,,05,1078.789084
5373466,1,4,1,80,05,2,,,,2,,,.,2,,2,,,,,2,1,02,,05,1078.789084
5373467,1,1,1,80,05,1,8,,2,,,1,,2,,2,,,,,2,1,02,1.3,05,1069.9291557
5373468,1,1,1,80,05,1,5,,2,,,10,,3,,2,,,,,3,1,02,4,05,1056.6532338
5373468,1,2,1,80,05,1,1,,2,,,11,,1,1,2,,,,,1,1,02,2,05,1056.6532338
5373469,1,2,1,80,05,2,,,,2,,,.,2,,2,,,,,2,1,02,,05,1056.6532338
5373471,1,2,1,80,05,1,3,,2,,,9,,2,,2,,,,,2,1,02,4,05,971.62408288
5373472,1,1,1,80,05,1,3,,2,,,4,,2,,2,,1,30,908526,2,1,02,4,05,1164.1830727
5373475,1,2,1,80,05,2,,,,2,,,.,2,,2,,,,,2,1,02,,05,1030.7944422
5373479,1,2,1,80,05,1,3,,2,,,9,,2,,2,,,,,2,1,02,4,05,1083.3399696
5373481,1,1,1,80,05,1,4,,2,,,4,,2,,2,,,,,2,1,02,3,05,958.34816104
5373481,1,3,1,80,05,1,4,,2,,,4,,2,,2,,,,,2,1,02,4,05,958.34816104
5373486,1,1,1,80,05,1,9,LOS HIJOS NO LOS DEJARON TRABAJAR,2,,,11,,2,,2,,,,,2,1,02,4,05,1056.6532338
5373486,1,2,1,80,05,1,3,,2,,,11,,2,,2,,,,,2,1,02,4,05,1056.6532338
5373487,1,1,1,80,05,1,3,,2,,,9,,2,,2,,,,,2,1,02,4,05,1069.9291557
5373490,1,1,1,80,05,1,5,,2,,,11,,3,,2,,,,,3,1,02,4,05,1056.6532338
5373490,1,2,1,80,05,1,5,,2,,,11,,3,,2,,,,,3,1,02,4,05,1056.6532338
5373492,1,1,1,80,05,2,,,,2,,,.,2,,2,,,,,2,1,02,,05,1217.0716004
5373492,1,2,1,80,05,1,4,,2,,,4,,3,,2,,,,,3,1,02,4,05,1217.0716004
5373493,1,1,1,80,05,1,5,,2,,,10,,3,,2,,,,,3,1,02,4,05,1069.9291557
5373494,1,1,1,80,05,1,9,QUEBRO EL NEGOCIO POR LA PANDEMIA,2,,,12,POR LA PANDEMIA,2,,2,,,,,2,1,02,1.4,05,958.34816104
5373494,1,2,1,80,05,1,5,,2,,,10,,3,,2,,,,,3,1,02,2,05,958.34816104
5373495,1,1,1,80,05,1,8,,2,,,8,,2,,2,,2,,908526,2,1,02,4,05,1056.6532338
5373495,1,2,1,80,05,1,5,,2,,,4,,3,,2,,,,,3,1,02,4,05,1056.6532338
5373496,1,1,1,80,05,1,9,POR LA PANDEMIA,2,,,8,,1,2,1,4000000,1,48,3000000,1,1,02,1.1,05,1069.9291557
5373499,1,2,1,80,05,1,3,,2,,,9,,2,,2,,,,,2,1,02,4,05,1058.7702263
5373499,1,3,1,80,05,2,,,,2,,,.,2,,2,,,,,2,1,02,,05,1058.7702263
5373499,1,4,1,80,05,2,,,,2,,,.,,,2,,,,,,1,02,,05,1058.7702263
5373500,1,4,1,80,05,1,3,,2,,,9,,2,,2,,,,,2,1,02,4,05,1103.6867061
5373500,1,5,1,80,05,1,4,,2,,,4,,2,,2,,1,48,908526,2,1,02,4,05,1103.6867061
5373501,1,1,1,80,05,1,5,,2,,,11,,3,,2,,,,,3,1,02,4,05,1056.6532338
5373502,1,1,1,80,05,1,9,POR LA PANDEMIA,2,,,1,,2,,2,,,,,2,1,02,1.4,05,1083.4748617
5373502,1,2,1,80,05,2,,,,2,,,.,2,,2,,,,,2,1,02,,05,1083.4748617
5373504,1,2,1,80,05,1,3,,2,,,9,,2,,2,,,,,2,1,02,4,05,1056.6532338
5373505,1,2,1,80,05,2,,,,2,,,.,2,,2,,,,,2,1,02,,05,1145.327158
5373509,1,3,1,80,05,2,,,,2,,,.,2,,2,,,,,2,1,02,,05,1058.7702263
5373510,1,1,1,80,05,1,4,,2,,,4,,2,,2,,2,,98,2,1,02,4,05,1069.9291557
5373511,1,1,1,80,05,1,3,,2,,,9,,2,,2,,,,,2,1,02,4,05,1427.9138548
5373511,1,3,1,80,05,1,9,POR LA PANDEMIA,2,,,9,,2,,2,,,,,2,1,02,1.4,05,1427.9138548
5373513,1,3,1,80,05,2,,,,2,,,.,,,2,,,,,,1,02,,05,1212.1231662
5373516,1,2,1,80,05,2,,,,2,,,.,2,,2,,,,,2,1,02,,05,1389.0907939
5373518,1,4,1,80,05,2,,,,2,,,.,2,,2,,,,,2,1,02,,05,1012.0646329
5373519,1,2,1,80,05,1,3,,2,,,9,,2,,2,,,,,2,1,02,4,05,1071.2182041
5373523,1,2,1,80,08,2,,,,2,,,.,2,,2,,,,,2,1,02,,08,554.9538559
5373524,1,3,1,80,08,1,9,PANDEMIA,2,,,12,POR PANDEMIA NO LA RECIBEN POR SU EDAD,2,,2,,,,,2,1,02,1.4,08,689.2671582
5373525,1,3,1,80,08,1,9,PANDEMIA,2,,,9,,2,,2,,1,40,908526,2,1,02,1.2,08,496.19185568
5373526,1,3,1,80,08,2,,,,2,,,.,,,2,,,,,,1,02,,08,768.46333614
5373527,1,1,1,80,08,1,9,PANDEMIA,2,,,12,PANDEMIA,2,,2,,2,,908526,2,1,02,1.4,08,502.66599422
5373527,1,2,1,80,08,1,3,,2,,,9,,2,,2,,1,30,908526,2,1,02,4,08,502.66599422
5373528,1,1,1,80,08,1,9,PANDEMIA,2,,,12,PANDEMIA,2,,2,,1,48,908526,2,1,02,1.2,08,459.18224593
5373529,1,2,1,80,08,2,,,,2,,,.,2,,2,,,,,2,1,02,,08,628.98355715
5373529,1,5,1,80,08,1,3,,2,,,9,,2,,2,,,,,2,1,02,4,08,628.98355715
5373530,1,2,1,80,08,1,3,,1,,2,12,POR LA PANDEMIA,2,,2,,1,48,908000,2,1,02,4,08,580.60468122
5373530,1,5,1,80,08,2,,,,2,,,.,2,,2,,,,,2,1,02,,08,580.60468122
5373531,1,1,1,80,08,1,5,,2,,,10,,3,,2,,,,,3,1,02,4,08,502.66599422
5373531,1,2,1,80,08,2,,,,2,,,.,2,,2,,,,,2,1,02,,08,502.66599422
5373532,1,4,1,80,08,2,,,,2,,,.,,,2,,,,,,1,02,,08,493.76573266
5373536,1,1,1,80,08,1,7,,2,,,10,,3,,2,,,,,3,1,02,4,08,610.61360923
5373537,1,4,1,80,08,1,4,,2,,,4,,2,,2,,,,,2,1,02,4,08,489.1276806
5373538,1,2,1,80,08,1,8,,1,,1,9,,2,,2,,,,,2,1,02,3,08,494.47423104
5373538,1,4,1,80,08,1,5,,2,,,10,,3,,2,,,,,3,1,02,4,08,494.47423104
5373540,1,2,1,80,08,2,,,,2,,,.,2,,2,,,,,2,1,02,,08,416.18960961
5373540,1,3,1,80,08,2,,,,2,,,.,,,2,,,,,,1,02,,08,416.18960961
5373541,1,4,1,80,08,2,,,,2,,,.,,,2,,,,,,1,02,,08,638.26606404
5373541,1,11,1,80,08,2,,,,2,,,.,2,,2,,,,,2,1,02,,08,638.26606404
5373544,1,4,1,80,08,2,,,,2,,,.,2,,2,,,,,2,1,02,,08,584.33117677
5373545,1,4,1,80,08,2,,,,2,,,.,2,,2,,,,,2,1,02,,08,524.21422644
5373545,1,5,1,80,08,1,8,,2,,,9,,2,,2,,1,40,800000,2,1,02,3,08,524.21422644
5373546,1,2,1,80,08,2,,,,2,,,.,2,,2,,,,,2,1,02,,08,528.31681954
5373547,1,2,1,80,08,2,,,,2,,,.,2,,2,,1,48,900000,2,1,02,,08,479.76728533
5373547,1,3,1,80,08,2,,,,2,,,.,,,2,,,,,,1,02,,08,479.76728533
5373547,1,5,1,80,08,1,4,,2,,,4,,2,,2,,,,,2,1,02,3,08,479.76728533
5373549,1,1,1,80,08,1,4,,2,,,8,,2,,2,,,,,2,1,02,4,08,613.69354246
5373550,1,3,1,80,08,2,,,,2,,,.,2,,2,,,,,2,1,02,,08,549.86270446
5373550,1,4,1,80,08,2,,,,2,,,.,,,2,,,,,,1,02,,08,549.86270446
5373552,1,2,1,80,08,1,3,,2,,,9,,2,,2,,1,48,908526,2,1,02,4,08,595.89469591
5373552,1,4,1,80,08,2,,,,2,,,.,2,,2,,,,,2,1,02,,08,595.89469591
5373552,1,5,1,80,08,2,,,,2,,,.,,,2,,,,,,1,02,,08,595.89469591
5373552,1,6,1,80,08,2,,,,2,,,.,2,,2,,,,,2,1,02,,08,595.89469591
5373552,1,7,1,80,08,1,3,,2,,,9,,2,,2,,,,,2,1,02,4,08,595.89469591
5373553,1,5,1,80,08,2,,,,2,,,.,,,2,,,,,,1,02,,08,468.19975863
5373555,1,6,1,80,08,2,,,,2,,,.,2,,2,,,,,2,1,02,,08,618.60846206
5373555,1,7,1,80,08,2,,,,2,,,.,,,2,,,,,,1,02,,08,618.60846206
5373555,1,9,1,80,08,1,3,,2,,,9,,2,,2,,2,,906000,2,1,02,4,08,618.60846206
5373556,1,1,1,80,08,2,,,,2,,,.,2,,2,,,,,2,1,02,,08,572.78901559
5373557,1,2,1,80,08,2,,,,2,,,.,2,,2,,,,,2,1,02,,08,685.62952151
5373557,1,5,1,80,08,1,8,,1,,3,5,,2,,2,,1,48,200000,2,1,02,4,08,685.62952151
5373558,1,2,1,80,08,2,,,,2,,,.,2,,2,,,,,2,1,02,,08,482.01894735
5373558,1,5,1,80,08,2,,,,2,,,.,,,2,,,,,,1,02,,08,482.01894735
5373559,1,3,1,80,08,2,,,,2,,,.,2,,2,,,,,2,1,02,,08,640.42814857
5373560,1,2,1,80,08,1,3,,2,,,9,,2,,2,,,,,2,1,02,3,08,456.54738063
5373561,1,2,1,80,08,2,,,,2,,,.,2,,2,,1,24,400000,2,1,02,,08,448.18907731
5373561,1,3,1,80,08,2,,,,2,,,.,2,,2,,,,,2,1,02,,08,448.18907731
5373562,1,3,1,80,08,2,,,,2,,,.,2,,2,,,,,2,1,02,,08,537.49703048
5373563,1,4,1,80,08,2,,,,2,,,.,2,,2,,,,,2,1,02,,08,661.0647137
5373565,1,3,1,80,08,2,,,,2,,,.,,,2,,,,,,1,02,,08,585.49980885
5373565,1,5,1,80,08,1,7,,2,,,8,,2,,2,,,,,2,1,02,2,08,585.49980885
5373567,1,1,1,80,08,1,8,,2,,,8,,3,,2,,,,,3,1,02,1.2,08,502.66599422
5373567,1,2,1,80,08,1,9,POR LA PANDEMIA,2,,,4,,2,,2,,,,,2,1,02,1.4,08,502.66599422
5373568,1,2,1,80,08,1,3,,2,,,1,,2,,2,,2,,500000,2,1,02,1.4,08,642.14577322
5373568,1,4,1,80,08,2,,,,2,,,.,2,,2,,1,40,750000,2,1,02,,08,642.14577322
5373571,1,1,1,80,08,1,5,,2,,,10,,3,,2,,,,,2,1,02,4,08,614.87489301
5373572,1,2,1,80,08,1,3,,2,,,9,,2,,2,,,,,2,1,02,4,08,547.11282475
5373574,1,2,1,80,08,1,7,,2,,,9,,2,,2,,2,,908500,2,1,02,4,08,588.50285084
5373574,1,3,1,80,08,2,,,,2,,,.,,,2,,,,,,1,02,,08,588.50285084
5373575,1,3,1,80,08,2,,,,2,,,.,,,2,,,,,,1,02,,08,445.8993313
5373578,1,2,1,80,08,1,8,,2,,,12,POR EL VIRUS ACTUALMENTE NO BUSCA TRABAJO Y ANTES DEL VIRUS POR LA EDAD,1,,2,,1,48,1500000,2,1,02,3,08,440.09264716
5373579,1,3,1,80,08,2,,,,2,,,.,2,,2,,,,,2,1,02,,08,598.06150664
5373579,1,4,1,80,08,2,,,,2,,,.,,,2,,,,,,1,02,,08,598.06150664
5373579,1,5,1,80,08,2,,,,2,,,.,,,2,,,,,,1,02,,08,598.06150664
5373580,1,3,1,80,08,1,7,,2,,,9,,2,,2,,,,,2,1,02,2,08,401.81506472
5373580,1,5,1,80,08,1,7,,2,,,12,POR LA PANDEMIA,2,,2,,1,56,908500,2,1,02,2,08,401.81506472
5373582,1,3,1,80,08,2,,,,2,,,.,2,,2,,,,,2,1,02,,08,564.69258544
5373583,1,4,1,80,08,2,,,,2,,,.,,,2,,,,,,1,02,,08,584.33117677
5373584,1,1,1,80,08,1,9,POR EL VIRUS PERDIO EL TRABAJO QUE TENIA COMO INDEPENDIENTE,2,,,8,,3,,2,,1,48,3500000,3,1,02,1.4,08,489.67667316
5373584,1,2,1,80,08,1,5,,2,,,10,,3,,2,,,,,3,1,02,4,08,489.67667316
5373584,1,4,1,80,08,2,,,,2,,,.,2,,2,,,,,2,1,02,,08,489.67667316
5373584,1,5,1,80,08,2,,,,2,,,.,,,2,,,,,,1,02,,08,489.67667316
5373585,1,2,1,80,08,2,,,,2,,,.,2,,2,,,,,2,1,02,,08,457.466858
5373585,1,3,1,80,08,2,,,,2,,,.,,,2,,,,,,1,02,,08,457.466858
5373586,1,2,1,80,08,1,3,,2,,,1,,2,,2,,1,48,400000,2,1,02,3,08,560.39797609
5373586,1,3,1,80,08,2,,,,2,,,.,2,,2,,,,,2,1,02,,08,560.39797609
5373589,1,3,1,80,08,2,,,,2,,,.,2,,2,,,,,2,1,02,,08,556.67148054
5373589,1,4,1,80,08,2,,,,2,,,.,,,2,,,,,,1,02,,08,556.67148054
5373591,1,2,1,80,08,1,3,,2,,,9,,2,,2,,2,,800000,2,1,02,3,08,609.68617181
5373592,1,3,1,80,08,1,9,CAMBIO DE PAIS,2,,,7,,2,,2,,1,54,900000,2,1,02,3,08,603.50562683
5373592,1,4,1,80,08,2,,,,2,,,.,,,2,,,,,,1,02,,08,603.50562683
5373593,1,1,1,80,08,1,8,,2,,,10,,3,,2,,,,,3,1,02,4,08,614.87489301
5373594,1,2,1,80,08,1,3,,2,,,9,,2,,2,,,,,2,1,02,4,08,502.66599422
5373595,1,3,1,80,08,1,8,,2,,,2,,2,,2,,2,,900000,2,1,02,1.1,08,356.33597913
5373596,1,1,1,80,08,1,4,,2,,,4,,2,,2,,,,,2,1,02,4,08,549.40257076
5373596,1,2,1,80,08,1,3,,2,,,9,,2,,2,,,,,2,1,02,4,08,549.40257076
5373597,1,2,1,80,08,2,,,,2,,,.,2,,2,,,,,2,1,02,,08,576.13717687
5373599,1,2,1,80,08,1,7,,2,,,8,,2,,2,,,,,2,1,02,4,08,604.96550518
5373600,1,2,1,80,08,1,7,,2,,,9,,2,,2,,,,,2,1,02,3,08,476.29395206
5373600,1,3,1,80,08,2,,,,2,,,.,,,2,,,,,,1,02,,08,476.29395206
5373602,1,1,1,80,08,1,9,CANSANCIO Y CAMBIO DE MUNICIPIO,2,,,11,,2,,2,,,,,2,1,02,3,08,566.95696593
5373602,1,2,1,80,08,1,4,,2,,,4,,2,,2,,,,,2,1,02,4,08,566.95696593
5373604,1,1,1,80,08,1,5,,2,,,10,,3,,2,,,,,3,1,02,4,08,631.24793763
5373604,1,3,1,80,08,2,,,,2,,,.,2,,2,,,,,2,1,02,,08,631.24793763
5373606,1,2,1,80,08,1,3,,2,,,9,,2,,2,,,,,2,1,02,3,08,614.87489301
5373607,1,1,1,80,08,1,4,,2,,,4,,2,,2,,,,,2,1,02,4,08,583.78218421
5373607,1,2,1,80,08,2,,,,2,,,.,2,,2,,,,,2,1,02,,08,583.78218421
5373607,1,3,1,80,08,1,4,,2,,,4,,2,,2,,,,,2,1,02,4,08,583.78218421
5373608,1,3,1,80,08,2,,,,2,,,.,2,,2,,,,,2,1,02,,08,584.33117677
5373608,1,4,1,80,08,2,,,,2,,,.,,,2,,,,,,1,02,,08,584.33117677
5373610,1,1,1,80,08,1,9,COVID 19,2,,,12,COVID 19,2,,2,,2,,900000,2,1,02,1.4,08,531.11822498
5373610,1,2,1,80,08,1,9,COVID 19,2,,,9,,2,,2,,1,24,1000000,2,1,02,1.4,08,531.11822498
5373614,1,4,1,80,08,2,,,,2,,,.,2,,2,,,,,2,1,02,,08,575.05339608
5373616,1,4,1,80,08,2,,,,2,,,.,2,,2,,,,,2,1,02,,08,535.96182689
5373616,1,5,1,80,08,2,,,,2,,,.,2,,2,,,,,2,1,02,,08,535.96182689
5373617,1,3,1,80,08,2,,,,2,,,.,2,,2,,,,,2,1,02,,08,460.29935229
5373617,1,4,1,80,08,1,5,,2,,,8,,3,,2,,2,,900000,3,1,02,4,08,460.29935229
5373618,1,1,1,80,08,1,3,,2,,,8,,2,,2,,,,,2,1,02,4,08,566.95696593
5373620,1,2,1,80,08,2,,,,2,,,.,2,,2,,,,,2,1,02,,08,563.14785581
5373620,1,4,1,80,08,2,,,,2,,,.,2,,2,,,,,2,1,02,,08,563.14785581
5373625,1,1,1,80,08,2,,,,2,,,.,2,,2,,,,,2,1,02,,08,609.43300953
5373625,1,2,1,80,08,2,,,,2,,,.,2,,2,,,,,2,1,02,,08,609.43300953
5373625,1,4,1,80,08,2,,,,2,,,.,2,,2,,,,,2,1,02,,08,609.43300953
5373626,1,1,1,80,08,1,3,,2,,,8,,2,,2,,,,,2,1,02,4,08,621.33854981
5373627,1,3,1,80,08,2,,,,2,,,.,2,,2,,,,,2,1,02,,08,559.42136026
5373627,1,4,1,80,08,2,,,,2,,,.,2,,2,,,,,2,1,02,,08,559.42136026
5373629,1,1,1,80,08,1,4,,2,,,4,,2,,2,,,,,2,1,02,3,08,576.23474662
5373629,1,2,1,80,08,2,,,,2,,,.,2,,2,,,,,2,1,02,,08,576.23474662
5373629,1,3,1,80,08,2,,,,2,,,.,2,,2,,,,,2,1,02,,08,576.23474662
5373630,1,4,1,80,08,2,,,,2,,,.,2,,2,,2,,780000,2,1,02,,08,271.46945698
5373630,1,11,1,80,08,1,4,,2,,,4,,2,,2,,,,,2,1,02,4,08,271.46945698
5373633,1,2,1,80,08,1,4,,2,,,4,,2,,2,,1,48,908526,2,1,02,1.2,08,661.61146954
5373635,1,1,1,80,08,1,9,COMIENZO DE PANDEMIA,2,,,12,ESPERANDO QUE PASE LA PANDEMIA COMPLETAMENTE,2,,2,,,,,2,1,02,2,08,537.49703048
5373635,1,3,1,80,08,2,,,,2,,,.,2,,2,,,,,2,1,02,,08,537.49703048
5373636,1,1,1,80,08,1,5,,2,,,10,,3,,2,,,,,3,1,02,3,08,510.76242437
5373636,1,3,1,80,08,1,9,ESTABA PRESTANDO EL SERVICIO MILITAR OBLIGATORIO,2,,,12,VA A DESCANSAR UNOS MESES PARA DESPUES EMPEZAR A BUSCAR TRABAJO,2,,2,,,,,2,1,02,1.1,08,510.76242437
5373637,1,2,1,80,08,1,4,,2,,,9,,2,,2,,,,,2,1,02,1.4,08,430.27067151
5373640,1,1,1,80,08,1,4,,2,,,4,,2,,2,,,,,2,1,02,3,08,626.88983495
5373640,1,2,1,80,08,1,3,,2,,,9,,2,,2,,,,,2,1,02,3,08,626.88983495
5373640,1,4,1,80,08,2,,,,2,,,.,2,,2,,,,,2,1,02,,08,626.88983495
5373640,1,5,1,80,08,2,,,,2,,,.,,,2,,,,,,1,02,,08,626.88983495
5373641,1,3,1,80,08,2,,,,2,,,.,2,,2,,,,,2,1,02,,08,519.4016028
5373641,1,4,1,80,08,2,,,,2,,,.,,,2,,,,,,1,02,,08,519.4016028
5373641,1,6,1,80,08,1,4,,2,,,8,,2,,2,,,,,2,1,02,4,08,519.4016028
5373643,1,4,1,80,08,2,,,,2,,,.,,,2,,,,,,1,02,,08,507.49829924
5373643,1,6,1,80,08,2,,,,2,,,.,2,,2,,,,,2,1,02,,08,507.49829924
5373645,1,2,1,80,08,1,3,,2,,,9,,2,,2,,1,24,400000,2,1,02,3,08,483.11544661
5373646,1,1,1,80,08,1,5,,2,,,10,,3,,2,,,,,3,1,02,4,08,564.66721992
5373647,1,3,1,80,08,2,,,,2,,,.,,,2,,,,,,1,02,,08,571.04602543
5373649,1,3,1,80,08,2,,,,2,,,.,2,,2,,,,,2,1,02,,08,515.22992873
5373649,1,4,1,80,08,2,,,,2,,,.,,,2,,,,,,1,02,,08,515.22992873
5373649,1,6,1,80,08,1,8,,2,,,1,,2,,2,,1,48,500000,2,1,02,2,08,515.22992873
5373654,1,2,1,80,08,1,3,,2,,,9,,2,,2,,,,,2,1,02,2,08,420.54209954
5373655,1,1,1,80,08,1,3,,2,,,8,,2,,2,,,,,2,1,02,4,08,689.01324508
5373655,1,2,1,80,08,2,,,,2,,,.,2,,2,,,,,2,1,02,,08,689.01324508
5373655,1,7,1,80,08,2,,,,2,,,.,2,,2,,,,,2,1,02,,08,689.01324508
5373655,1,8,1,80,08,2,,,,2,,,.,2,,2,,,,,2,1,02,,08,689.01324508
5373656,1,4,1,80,08,1,8,,2,,,2,,2,,2,,,,,2,1,02,3,08,528.67938349
5373656,1,5,1,80,08,2,,,,2,,,.,2,,2,,,,,2,1,02,,08,528.67938349
5373657,1,2,1,80,08,1,3,,2,,,9,,2,,2,,,,,2,1,02,2,08,561.93478487
5373658,1,2,1,80,08,1,3,,2,,,9,,2,,2,,2,,600000,2,1,02,3,08,599.03812248
5373659,1,1,1,80,08,1,9,POR QUE NO QUIERE TRABAJAR,2,,,11,,2,,2,,,,,2,1,02,4,08,584.33117677
5373659,1,4,1,80,08,2,,,,2,,,.,,,2,,,,,,1,02,,08,584.33117677
5373660,1,4,1,80,08,2,,,,2,,,.,,,2,,,,,,1,02,,08,446.93158637
5373662,1,2,1,80,08,2,,,,2,,,.,2,,2,,,,,2,1,02,,08,545.77364496
5373666,1,2,1,80,08,1,3,,2,,,9,,2,,2,,,,,2,1,02,3,08,640.42814857
5373666,1,3,1,80,08,2,,,,2,,,.,2,,2,,,,,2,1,02,,08,640.42814857
5373667,1,2,1,80,08,1,3,,2,,,9,,2,,2,,2,,800000,2,1,02,3,08,588.50285084
5373669,1,4,1,80,08,2,,,,2,,,.,2,,2,,1,48,900000,2,1,02,,08,580.60468122
5373669,1,5,1,80,08,2,,,,2,,,.,2,,2,,,,,2,1,02,,08,580.60468122
5373670,1,3,1,80,08,1,8,,1,,2,1,,2,,2,,,,908000,2,1,02,1.2,08,605.96191298
5373670,1,5,1,80,08,2,,,,2,,,.,2,,2,,,,,2,1,02,,08,605.96191298
5373670,1,8,1,80,08,2,,,,2,,,.,2,,2,,,,,2,1,02,,08,605.96191298
5373671,1,2,1,80,08,1,3,,2,,,9,,2,,2,,,,,2,1,02,3,08,460.89987057
5373672,1,1,1,80,08,1,5,,2,,,8,,3,,2,,,,,3,1,02,4,08,515.22992873
5373672,1,4,1,80,08,2,,,,2,,,.,,,2,,,,,,1,02,,08,515.22992873
5373672,1,5,1,80,08,2,,,,2,,,.,,,2,,,,,,1,02,,08,515.22992873
5373672,1,6,1,80,08,2,,,,2,,,.,2,,2,,,,,2,1,02,,08,515.22992873
5373673,1,4,1,80,08,2,,,,2,,,.,,,2,,,,,,1,02,,08,568.04298344
5373674,1,2,1,80,08,1,3,,2,,,9,,2,,2,,1,24,400000,2,1,02,3,08,547.11282475
5373675,1,3,1,80,08,2,,,,2,,,.,,,2,,,,,,1,02,,08,640.42814857
5373677,1,2,1,80,08,2,,,,1,4,9,,2,,2,,,,,2,1,02,,08,472.66502626
5373677,1,6,1,80,08,2,,,,2,,,.,,,2,,,,,,1,02,,08,472.66502626
5373678,1,2,1,80,08,2,,,,2,,,.,,,2,,,,,,1,02,,08,496.10700439
5373679,1,1,1,80,08,1,6,,2,,,7,,2,,2,,2,,900000,2,1,02,4,08,377.46777438
5373679,1,2,1,80,08,2,,,,2,,,.,2,,2,,1,48,650000,2,1,02,,08,377.46777438
5373679,1,3,1,80,08,2,,,,2,,,.,2,,2,,,,,2,1,02,,08,377.46777438
5373679,1,5,1,80,08,1,4,,2,,,4,,2,,2,,2,,750000,2,1,02,2,08,377.46777438
5373680,1,1,1,80,08,1,8,,2,,,8,,2,,2,,,,,2,1,02,4,08,751.74517223
5373681,1,3,1,80,08,2,,,,2,,,.,,,2,,,,,,1,02,,08,577.85480151
5373683,1,3,1,80,08,2,,,,2,,,.,2,,2,,,,,2,1,02,,08,854.67629032
5373683,1,4,1,80,08,1,9,CAMBIO DE CIUDAD,2,,,12,NO TIENE CAPITAL,2,,2,,1,40,600000,2,1,02,1.4,08,854.67629032
5373684,1,2,1,80,08,1,3,,2,,,8,,2,,2,,,,,2,1,02,4,08,479.76728533
5373684,1,5,1,80,08,2,,,,2,,,.,,,2,,,,,,1,02,,08,479.76728533
5373685,1,3,1,80,08,2,,,,2,,,.,,,2,,,,,,1,02,,08,619.24482761
5373685,1,4,1,80,08,2,,,,2,,,.,,,2,,,,,,1,02,,08,619.24482761
5373686,1,1,1,80,08,1,3,,2,,,9,,2,,2,,,,,2,1,02,4,08,631.24793763
5373689,1,1,1,80,08,1,6,,2,,,11,,2,,2,,,,,2,1,02,3,08,451.826714
5373690,1,3,1,80,08,1,8,,1,,2,1,,2,,2,,1,40,908526,2,1,02,3,08,619.24482761
5373690,1,4,1,80,08,2,,,,2,,,.,2,,2,,,,,2,1,02,,08,619.24482761
5373694,1,2,1,80,08,1,3,,2,,,9,,2,,2,,2,,908506,2,1,02,4,08,577.85480151
5373694,1,3,1,80,08,2,,,,2,,,.,2,,2,,,,,2,1,02,,08,577.85480151
5373695,1,3,1,80,08,2,,,,2,,,.,,,2,,,,,,1,02,,08,438.00116168
5373696,1,2,1,80,08,1,3,,2,,,9,,2,,2,,,,,2,1,02,4,08,560.39797609
5373696,1,3,1,80,08,2,,,,2,,,.,,,2,,,,,,1,02,,08,560.39797609
5373697,1,1,1,80,08,1,9,PANDEMIA,2,,,12,PANDEMIA,2,,2,,1,40,908526,2,1,02,1.2,08,495.13038855
5373697,1,2,1,80,08,2,,,,2,,,.,2,,2,,,,,2,1,02,,08,495.13038855
5373697,1,3,1,80,08,2,,,,2,,,.,2,,2,,,,,2,1,02,,08,495.13038855
5373697,1,4,1,80,08,2,,,,2,,,.,,,2,,,,,,1,02,,08,495.13038855
5373697,1,5,1,80,08,2,,,,2,,,.,,,2,,,,,,1,02,,08,495.13038855
5373699,1,2,1,80,08,1,3,,2,,,9,,2,,2,,,,,2,1,02,3,08,540.58492377
5373699,1,4,1,80,08,2,,,,2,,,.,2,,2,,,,,2,1,02,,08,540.58492377
5373700,1,4,1,80,08,1,3,,2,,,9,,2,,2,,,,,2,1,02,4,08,607.42179132
5373701,1,1,1,80,08,1,3,,2,,,9,,2,,2,,,,,2,1,02,4,08,697.36358835
5373701,1,2,1,80,08,1,4,,2,,,12,POR UN TUMOR ESTA EN TRATAMIENTO,2,,2,,,,,2,1,02,4,08,697.36358835
5373701,1,4,1,80,08,2,,,,2,,,.,,,2,,,,,,1,02,,08,697.36358835
5373704,1,1,1,80,08,1,4,,2,,,8,,2,,2,,,,,2,1,02,4,08,550.5839213
5373705,1,2,1,80,08,1,9,PANDEMIA,2,,,12,PANDEMIA,2,,2,,,,,2,1,02,1.2,08,528.31681954
5373706,1,3,1,80,08,2,,,,2,,,.,2,,2,,,,,2,1,02,,08,601.78800219
5373706,1,4,1,80,08,2,,,,2,,,.,,,2,,,,,,1,02,,08,601.78800219
5373707,1,2,1,80,08,2,,,,2,,,.,2,,2,,,,,2,1,02,,08,660.97510399
5373707,1,4,1,80,08,1,8,,2,,,9,,2,,2,,,,,2,1,02,3,08,660.97510399
5373707,1,7,1,80,08,1,3,,2,,,9,,2,,2,,,,,2,1,02,2,08,660.97510399
5373708,1,2,1,80,08,2,,,,2,,,.,,,2,,,,,,1,02,,08,297.96446926
5373709,1,2,1,80,08,1,3,,2,,,9,,2,,2,,1,44,900000,2,1,02,2,08,601.78800219
5373709,1,3,1,80,08,1,2,,2,,,2,,2,,2,,,,,2,1,02,3,08,601.78800219
5373709,1,4,1,80,08,2,,,,2,,,.,2,,2,,,,,2,1,02,,08,601.78800219
5373710,1,1,1,80,08,1,6,,2,,,12,POR LA PANDEMIA,2,,2,,,,,2,1,02,1.3,08,614.87489301
5373712,1,2,1,80,08,1,3,,2,,,9,,2,,2,,,,,2,1,02,4,08,494.47423104
5373713,1,1,1,80,08,2,,,,2,,,.,2,,2,,,,,2,1,02,,08,614.87489301
5373714,1,2,1,80,08,2,,,,2,,,.,2,,2,,,,,2,1,02,,08,498.8568841
5373714,1,3,1,80,08,2,,,,2,,,.,2,,2,,,,,2,1,02,,08,498.8568841
5373714,1,4,1,80,08,2,,,,2,,,.,2,,2,,,,,2,1,02,,08,498.8568841
5373716,1,2,1,80,08,2,,,,2,,,.,2,,2,,,,,2,1,02,,08,511.94377492
5373718,1,2,1,80,08,1,7,,2,,,2,,2,,2,,,,,2,1,02,1.4,08,537.49703048
5373718,1,3,1,80,08,2,,,,2,,,.,2,,2,,,,,2,1,02,,08,537.49703048
5373720,1,2,1,80,08,1,8,,2,,,9,,2,,2,,,,,2,1,02,3,08,398.81539876
5373723,1,2,1,80,08,1,3,,2,,,9,,2,,2,,,,,2,1,02,2,08,613.69354246
5373723,1,3,1,80,08,1,4,,2,,,4,,2,,2,,,,,2,1,02,2,08,613.69354246
5373724,1,2,1,80,08,1,3,,2,,,9,,2,,2,,,,,2,1,02,4,08,502.66599422
5373725,1,2,1,80,08,1,9,PERDIO EL TRABAJO POR EL VIRUS,2,,,1,,2,,2,,1,24,500000,2,1,02,1.4,08,563.14785581
5373725,1,3,1,80,08,2,,,,2,,,.,2,,2,,,,,2,1,02,,08,563.14785581
5373725,1,4,1,80,08,2,,,,2,,,.,,,2,,,,,,1,02,,08,563.14785581
5373726,1,1,1,80,08,1,7,,2,,,4,,2,,2,,,,,2,1,02,4,08,456.3808405
5373726,1,2,1,80,08,2,,,,2,,,.,2,,2,,1,40,800000,2,1,02,,08,456.3808405
5373727,1,1,1,80,08,1,3,,2,,,9,,2,,2,,,,,2,1,02,4,08,611.18395974
5373727,1,2,1,80,08,1,4,,2,,,4,,2,,2,,,,,2,1,02,4,08,611.18395974
5373727,1,3,1,80,08,1,3,,2,,,9,,2,,2,,2,,600000,2,1,02,4,08,611.18395974
5373727,1,6,1,80,08,2,,,,2,,,.,,,2,,,,,,1,02,,08,611.18395974
5373727,1,8,1,80,08,1,8,,2,,,2,,2,,1,400000,1,40,900000,2,1,02,1.1,08,611.18395974
5373727,1,9,1,80,08,1,4,,2,,,8,,2,,2,,,,,2,1,02,4,08,611.18395974
5373727,1,10,1,80,08,1,4,,2,,,4,,2,,2,,,,,2,1,02,4,08,611.18395974
5373727,1,11,1,80,08,1,4,,2,,,9,,2,,2,,,,,2,1,02,4,08,611.18395974
5373730,1,2,1,80,08,2,,,,2,,,.,2,,2,,,,,2,1,02,,08,599.03812248
5373731,1,1,1,80,08,1,3,,2,,,9,,2,,2,,,,,2,1,02,4,08,597.32049784
5373732,1,2,1,80,08,1,7,,1,,2,1,,1,,2,,1,48,908526,2,1,02,4,08,621.33854981
5373733,1,4,1,80,08,2,,,,2,,,.,2,,2,,,,,2,1,02,,08,521.75782971
5373735,1,2,1,80,08,1,9,POR EL VIRUS DEJO DE HACER SU ACTIVIDAD INDEPENDIENTE,2,,,12,POR EL VIRUS NO BUSCA HACER NINGUNA ACTIVIDAD ECONOMICA,2,,2,,2,,908526,2,1,02,1.4,08,623.05617445
5373735,1,3,1,80,08,1,9,POR EL VIRUS PERDIO EL TRABAJO,1,,1,1,,1,,2,,,,908526,2,1,02,1.4,08,623.05617445
5373736,1,1,1,80,08,1,8,,2,,,10,,3,,2,,,,,3,1,02,3,08,622.42456731
5373736,1,5,1,80,08,2,,,,2,,,.,,,2,,,,,,1,02,,08,622.42456731
5373737,1,3,1,80,08,2,,,,2,,,.,,,2,,,,,,1,02,,08,601.78800219
5373737,1,4,1,80,08,2,,,,2,,,.,,,2,,,,,,1,02,,08,601.78800219
5373739,1,1,1,80,08,1,7,,2,,,10,,3,,2,,,,,3,1,02,4,08,566.95696593
5373739,1,2,1,80,08,1,3,,2,,,9,,2,,2,,,,,2,1,02,4,08,566.95696593
5373741,1,2,1,80,08,2,,,,2,,,.,2,,2,,,,,2,1,02,,08,437.65380568
5373741,1,4,1,80,08,2,,,,2,,,.,,,2,,,,,,1,02,,08,437.65380568
5373742,1,3,1,80,11,2,,,,2,,,.,2,,2,,,,,2,1,02,,11,4450.5528285
5373743,1,7,1,80,11,2,,,,2,,,.,2,,2,,,,,2,1,02,,11,2384.9203682
5373744,1,2,1,80,11,1,9,PARA DESCANSAR,2,,,11,,2,,2,,,,,2,1,02,3,11,3636.3434936
5373746,1,3,1,80,11,1,2,,2,,,2,,1,,2,,,,,2,1,02,4,11,2439.3910136
5373747,1,2,1,80,11,1,6,,2,,,8,,2,,2,,,,,2,1,02,4,11,3690.0433812
5373747,1,5,1,80,11,2,,,,2,,,.,2,,2,,,,,2,1,02,,11,3690.0433812
5373748,1,3,1,80,11,1,6,,2,,,2,,2,,2,,,,,2,1,02,1.4,11,2471.286985
5373748,1,4,1,80,11,1,9,POR EMBARAZO,2,,,12,POR EMBARAZO,2,,2,,2,,900000,2,1,02,1.2,11,2471.286985
5373749,1,2,1,80,11,1,9,ES POBLACION VULNERABLE Y TEME CONTAGIARSE DE COVID 19,2,,,12,ES POBLACION VULNERABLE Y TEME CONTAGIARSE DE COVID 19,2,,2,,,,,2,1,02,1.4,11,3672.8824969
5373749,1,3,1,80,11,2,,,,2,,,.,,,2,,,,,,1,02,,11,3672.8824969
5373751,1,1,1,80,11,1,9,POR LA PANDEMIA,2,,,11,,2,,2,,,,,2,1,02,1.4,11,2291.0094826
5373751,1,2,1,80,11,2,,,,2,,,.,2,,2,,,,,2,1,02,,11,2291.0094826
5373751,1,3,1,80,11,2,,,,2,,,.,2,,2,,,,,2,1,02,,11,2291.0094826
5373751,1,4,1,80,11,2,,,,2,,,.,2,,2,,,,,2,1,02,,11,2291.0094826
5373752,1,3,1,80,11,2,,,,2,,,.,,,2,,,,,,1,02,,11,2523.1953621
5373753,1,4,1,80,11,1,2,,2,,,2,,2,,2,,,,,2,1,02,2,11,2584.9838911
5373759,1,3,1,80,11,2,,,,2,,,.,2,,2,,,,,2,1,02,,11,2554.0896266
5373759,1,4,1,80,11,2,,,,2,,,.,2,,2,,,,,2,1,02,,11,2554.0896266
5373763,1,1,1,80,11,1,3,,2,,,9,,2,,2,,,,,2,1,02,2,11,2636.8922683
5373763,1,3,1,80,11,2,,,,2,,,.,,,2,,,,,,1,02,,11,2636.8922683
5373763,1,4,1,80,11,2,,,,2,,,.,,,2,,,,,,1,02,,11,2636.8922683
5373764,1,3,1,80,11,1,5,,2,,,10,,3,,2,,,,,3,1,02,4,11,2237.3017927
5373767,1,1,1,80,11,1,5,,2,,,4,,3,,2,,,,,3,1,02,4,11,4232.2737606
5373767,1,2,1,80,11,2,,,,2,,,.,,,2,,,,,,1,02,,11,4232.2737606
5373767,1,3,1,80,11,2,,,,2,,,.,,,2,,,,,,1,02,,11,4232.2737606
5373768,1,2,1,80,11,1,3,,2,,,9,,2,,2,,1,24,500000,2,1,02,4,11,2489.9654973
5373768,1,3,1,80,11,2,,,,2,,,.,2,,2,,,,,2,1,02,,11,2489.9654973
5373769,1,2,1,80,11,1,1,,2,,,9,,2,,2,,,,,2,1,02,4,11,2489.9654973
5373769,1,3,1,80,11,1,1,,1,,1,1,,2,,2,,,,910000,2,1,02,2,11,2489.9654973
5373770,1,4,1,80,11,2,,,,2,,,.,2,,2,,,,,2,1,02,,11,1855.7326753
5373771,1,1,1,80,11,1,5,,2,,,11,,3,,2,,,,,3,1,02,3,11,2866.762914
5373772,1,2,1,80,11,1,8,,2,,,9,,2,,2,,2,,908000,2,1,02,4,11,4496.8164668
5373774,1,1,1,80,11,1,3,,2,,,9,,2,,1,200000,,,,2,1,02,1.2,11,3080.2702813
5373776,1,1,1,80,11,2,,,,2,,,.,2,,2,,,,,2,1,02,,11,2928.551443
5373776,1,2,1,80,11,1,1,,1,,2,1,,2,,2,,1,48,1100000,2,1,02,2,11,2928.551443
5373776,1,3,1,80,11,1,1,,2,,,1,,1,,2,,1,48,900000,2,1,02,2,11,2928.551443
5373779,1,2,1,80,11,2,,,,2,,,.,,,2,,1,30,800000,,1,02,,11,2533.6118016
5373781,1,3,1,80,11,1,2,,1,,2,1,,1,,2,,1,40,900000,2,1,02,3,11,2786.2755062
5373787,1,2,1,80,11,1,3,,2,,,9,,2,,2,,,,,2,1,02,3,11,2786.2755062
5373787,1,3,1,80,11,2,,,,2,,,.,,,2,,,,,,1,02,,11,2786.2755062
5373793,1,1,1,80,11,1,5,,2,,,9,,3,,2,,,,,3,1,02,4,11,3598.341928
5373793,1,2,1,80,11,1,5,,2,,,10,,3,,2,,,,,3,1,02,4,11,3598.341928
5373795,1,2,1,80,11,1,7,,2,,,9,,9,,2,,,,,2,1,02,1.4,11,5721.5061365
5373797,1,5,1,80,11,2,,,,2,,,.,,,2,,,,,,1,02,,11,2321.9037471
5373798,1,1,1,80,11,1,5,,2,,,11,,3,,2,,,,,3,1,02,2,11,3667.237758
5373799,1,1,1,80,11,1,5,,2,,,10,,3,,2,,,,,3,1,02,4,11,3598.341928
5373799,1,2,1,80,11,1,3,,2,,,8,,2,,2,,,,,2,1,02,4,11,3598.341928
5373806,1,1,1,80,11,1,9,LE SUSPENDIERON EL CONTRATO POR LA PANDEMIA,2,,,8,,1,2,2,,,,,1,1,02,2,11,2897.6571785
5373808,1,4,1,80,11,2,,,,1,2,2,,2,,2,,,,,2,1,02,,11,2996.4659328
5373809,1,1,1,80,11,2,,,,2,,,.,2,,2,,,,,2,1,02,,11,2866.762914
5373810,1,3,1,80,11,2,,,,2,,,.,,,2,,,,,,1,02,,11,2786.2755062
5373811,1,1,1,80,11,1,5,,2,,,8,,3,,2,,,,,3,1,02,4,11,3598.341928
5373811,1,2,1,80,11,1,3,,2,,,9,,2,,2,,,,,2,1,02,4,11,3598.341928
5373813,1,2,1,80,11,2,,,,2,,,.,2,,2,,1,48,908526,2,1,02,,11,4640.4262971
5373814,1,4,1,80,11,2,,,,2,,,.,,,2,,,,,,1,02,,11,2817.1697706
5373816,1,1,1,80,11,1,1,,1,,4,8,,2,,2,,1,48,908526,2,1,02,4,11,4391.709471
5373816,1,5,1,80,11,1,5,,2,,,10,,3,,2,,,,,3,1,02,3,11,4391.709471
5373817,1,1,1,80,11,1,8,,2,,,8,,2,,2,,,,,2,1,02,3,11,3254.7743761
5373818,1,2,1,80,11,1,5,,2,,,10,,3,,2,,,,,3,1,02,4,11,4782.702234
5373819,1,2,1,80,11,1,3,,2,,,9,,2,,2,,,,,2,1,02,2,11,3307.5032265
5373820,1,2,1,80,11,1,9,POR EL COVID,2,,,4,,1,,2,,2,,908000,2,1,02,1.2,11,2972.1977474
5373820,1,3,1,80,11,2,,,,2,,,.,,,2,,,,,,1,02,,11,2972.1977474
5373824,1,1,1,80,11,1,5,,2,,,10,,3,,2,,,,,2,1,02,4,11,3598.341928
5373825,1,2,1,80,11,2,,,,2,,,.,2,,2,,,,,2,1,02,,11,2755.3812417
5373826,1,3,1,80,11,2,,,,2,,,.,,,2,,,,,,1,02,,11,5676.4050722
5373826,1,4,1,80,11,2,,,,2,,,.,,,2,,,,,,1,02,,11,5676.4050722
5373827,1,1,1,80,11,1,3,,2,,,12,DEDICARSE A CUIDAR A SU PADRE ENFERMO,1,,2,,,,,2,1,02,3,11,2523.1953621
5373827,1,2,1,80,11,2,,,,2,,,.,2,,2,,,,,2,1,02,,11,2523.1953621
5373827,1,3,1,80,11,2,,,,2,,,.,,,2,,,,,,1,02,,11,2523.1953621
5373828,1,1,1,80,11,1,5,,2,,,10,,3,,2,,,,,3,1,02,4,11,1656.2280804
5373828,1,2,1,80,11,1,5,,2,,,4,,3,,2,,,,,3,1,02,4,11,1656.2280804
5373828,1,3,1,80,11,1,5,,2,,,10,,3,,2,,,,,3,1,02,4,11,1656.2280804
5373828,1,4,1,80,11,1,5,,2,,,9,,3,,2,,,,,3,1,02,4,11,1656.2280804
5373828,1,5,1,80,11,1,5,,2,,,9,,3,,2,,,,,3,1,02,4,11,1656.2280804
5373830,1,1,1,80,11,1,5,,2,,,10,,3,,2,,,,,3,1,02,4,11,3598.341928
5373830,1,2,1,80,11,2,,,,2,,,.,2,,2,,,,,2,1,02,,11,3598.341928
5373834,1,1,1,80,11,1,9,POR LA PANDEMIA DE COVID 19,2,,,9,,2,,2,,2,,1000000,2,1,02,2,11,2421.0696672
5373834,1,2,1,80,11,1,7,,2,,,8,,2,,2,,,,,2,1,02,4,11,2421.0696672
5373836,1,1,1,80,11,1,3,,2,,,9,,2,,2,,,,,2,1,02,4,11,2866.762914
5373837,1,3,1,80,11,1,8,,2,,,4,,2,,2,,2,,908000,2,1,02,1.2,11,2523.1953621
5373839,1,2,1,80,11,1,2,,2,,,2,,2,,2,,2,,1000000,2,1,02,2,11,2848.0844018
5373849,1,2,1,80,11,2,,,,2,,,.,2,,2,,,,,2,1,02,,11,2672.5786
5373850,1,2,1,80,11,1,4,,2,,,4,,2,,2,,,,,2,1,02,4,11,4826.3485384
5373851,1,3,1,80,11,2,,,,2,,,.,,,2,,,,,,1,02,,11,2703.4728645
5373852,1,2,1,80,11,2,,,,2,,,.,2,,2,,,,,2,1,02,,11,2523.1953621
5373852,1,3,1,80,11,2,,,,2,,,.,,,2,,,,,,1,02,,11,2523.1953621
5373855,1,2,1,80,11,1,9,POR EL COVID,2,,,4,,2,,2,,,,,2,1,02,2,11,3486.9602557
5373856,1,1,1,80,11,1,5,,2,,,10,,3,,2,,,,,3,1,02,3,11,2489.9654973
5373857,1,3,1,80,11,1,5,,2,,,4,,3,,2,,,,,2,1,02,4,11,3190.6502468
5373860,1,5,1,80,11,2,,,,2,,,.,2,,2,,,,,2,1,02,,11,2584.9838911
5373861,1,5,1,80,11,1,9,POR EL COVID,2,,,12,POR EL COVID,2,,2,,,,,2,1,02,2,11,4237.0454612
5373862,1,2,1,80,11,2,,,,2,,,.,2,,2,,,,,2,1,02,,11,3041.2670089
5373862,1,3,1,80,11,1,4,,2,,,8,,2,,2,,,,,2,1,02,4,11,3041.2670089
5373862,1,4,1,80,11,1,3,,2,,,8,,2,,2,,,,,2,1,02,4,11,3041.2670089
5373863,1,1,1,80,11,1,9,POR EL COVID,2,,,12,POR EL COVID,3,,2,,,,,3,1,02,1.4,11,3190.6502468
5373865,1,2,1,80,11,1,9,POR EMBARAZO,2,,,9,,2,,2,,,,,2,1,02,4,11,3307.5032265
5373866,1,2,1,80,11,1,3,,2,,,9,,2,,2,,,,,2,1,02,4,11,2584.9838911
5373866,1,5,1,80,11,2,,,,2,,,.,,,2,,,,,,1,02,,11,2584.9838911
5373869,1,1,1,80,11,1,9,COVID 19,2,,,12,COVID 19,2,,2,,,,,2,1,02,2,11,2672.5786
5373869,1,2,1,80,11,2,,,,2,,,.,2,,2,,,,,2,1,02,,11,2672.5786
5373871,1,1,1,80,11,1,8,,2,,,8,,2,,2,,,,,2,1,02,4,11,4381.6569985
5373876,1,2,1,80,11,2,,,,2,,,.,2,,2,,,,,2,1,02,,11,2672.5786
5373880,1,1,1,80,11,1,3,,2,,,10,,3,,2,,,,,3,1,02,4,11,1819.193672
5373882,1,2,1,80,11,1,9,COVID 19,2,,,9,,2,,2,,2,,1200000,2,1,02,2,11,4264.6305873
5373882,1,3,1,80,11,2,,,,2,,,.,,,2,,,,,,1,02,,11,4264.6305873
5373885,1,4,1,80,11,2,,,,2,,,.,2,,2,,,,,2,1,02,,11,1857.1952375
5373886,1,3,1,80,11,2,,,,2,,,.,2,,2,,,,,2,1,02,,11,2786.2755062
5373887,1,1,1,80,11,1,5,,2,,,10,,3,,2,,,,,3,1,02,4,11,4044.0351748
5373888,1,1,1,80,11,1,5,,2,,,11,,3,,2,,,,,3,1,02,4,11,3629.2361925
5373888,1,2,1,80,11,1,5,,2,,,10,,3,,2,,,,,3,1,02,4,11,3629.2361925
5373890,1,2,1,80,11,2,,,,2,,,.,2,,2,,,,,2,1,02,,11,2755.3812417
5373892,1,4,1,80,11,2,,,,2,,,.,2,,2,,,,,2,1,02,,11,2070.3948143
5373892,1,5,1,80,11,2,,,,1,4,8,,2,,2,,,,,2,1,02,,11,2070.3948143
5373893,1,3,1,80,11,1,9,CAMBIO DE CIUDAD,2,,,11,,2,,2,,,,,2,1,02,3,11,2340.5822593
5373894,1,1,1,80,11,1,2,,2,,,2,,2,,2,,1,24,1300000,2,1,02,3,11,3224.8614519
5373895,1,1,1,80,11,1,4,,2,,,4,,3,,2,,,,,3,1,02,3,11,3259.5460768
5373895,1,2,1,80,11,1,9,COVID 19,2,,,4,,3,,2,,,,,3,1,02,2,11,3259.5460768
5373897,1,1,1,80,11,1,6,,2,,,11,,3,,2,,,,,3,1,02,4,11,3598.341928
5373898,1,1,1,80,11,1,7,,2,,,9,,2,,2,,,,,2,1,02,4,11,2866.762914
5373901,1,1,1,80,11,1,5,,2,,,11,,3,,2,,,,,3,1,02,4,11,2958.4643672
5373901,1,2,1,80,11,1,5,,2,,,11,,3,,2,,,,,3,1,02,1.2,11,2958.4643672
5373902,1,1,1,80,11,1,3,,2,,,9,,2,,2,,,,,2,1,02,3,11,2786.2755062
5373902,1,3,1,80,11,2,,,,2,,,.,2,,2,,,,,2,1,02,,11,2786.2755062
5373905,1,1,1,80,11,1,4,,2,,,4,,3,,2,,,,,2,1,02,4,11,3259.5460768
5373910,1,2,1,80,11,1,3,,2,,,9,,2,,2,,2,,908526,2,1,02,2,11,4492.0447662
5373914,1,1,1,80,11,1,5,,2,,,10,,3,,2,,,,,3,1,02,4,11,3183.5429457
5373914,1,2,1,80,11,2,,,,2,,,.,2,,2,,,,,2,1,02,,11,3183.5429457
5373916,1,4,1,80,11,2,,,,2,,,.,2,,2,,,,,2,1,02,,11,2734.367129
5373917,1,3,1,80,11,2,,,,2,,,.,,,2,,,,,,1,02,,11,2703.4728645
5373918,1,1,1,80,11,1,5,,2,,,10,,3,,2,,,,,3,1,02,2,11,3629.2361925
5373918,1,2,1,80,11,1,3,,2,,,9,,2,,2,,,,,2,1,02,4,11,3629.2361925
5373922,1,2,1,80,11,1,3,,2,,,9,,2,,2,,,,,2,1,02,4,11,2526.5045006
5373922,1,3,1,80,11,2,,,,2,,,.,2,,2,,,,,2,1,02,,11,2526.5045006
5373922,1,5,1,80,11,1,4,,2,,,8,,2,,2,,,,,2,1,02,4,11,2526.5045006
5373926,1,2,1,80,11,1,3,,2,,,9,,2,,2,,,,,2,1,02,4,11,2748.2739406
5373928,1,3,1,80,11,2,,,,2,,,.,,,2,,,,,,1,02,,11,2889.3951058
5373929,1,1,1,80,11,1,7,,2,,,8,,2,,2,,,,,2,1,02,4,11,4044.0351748
5373932,1,1,1,80,11,1,8,,2,,,9,,2,,2,,,,,2,1,02,3,11,4682.7387081
5373935,1,2,1,80,11,1,9,POR LA EMERGENCIA SANITARIA,2,,,12,POR LA EMERGENCIA SANITARIA,2,,2,,1,48,1500000,2,1,02,1.4,11,4496.8164668
5373936,1,2,1,80,11,1,5,,2,,,10,,3,,2,,,,,3,1,02,4,11,4329.920942
5373936,1,3,1,80,11,1,3,,2,,,8,,2,,2,,,,,2,1,02,4,11,4329.920942
5373937,1,1,1,80,11,2,,,,2,,,.,2,,2,,,,,2,1,02,,11,3598.341928
5373938,1,2,1,80,11,2,,,,2,,,.,,,2,,,,,,1,02,,11,2941.3034829
5373946,1,2,1,80,11,1,9,COVID 19,2,,,4,,2,,2,,2,,908000,2,1,02,2,11,2897.6571785
5373947,1,3,1,80,11,2,,,,2,,,.,,,2,,,,,,1,02,,11,2786.2755062
5373948,1,2,1,80,11,1,9,PANDEMIA DEL COVID 19,2,,,9,,2,,2,,1,48,908526,2,1,02,1.4,11,3147.7035491
5373951,1,4,1,80,11,2,,,,2,,,.,2,,2,,,,,2,1,02,,11,3523.499259
5373953,1,1,1,80,11,1,5,,2,,,8,,3,,2,,,,,3,1,02,4,11,3629.2361925
5373953,1,2,1,80,11,2,,,,2,,,.,2,,2,,,,,2,1,02,,11,3629.2361925
5373960,1,2,1,80,11,1,9,POR LA EMERGENCIA SANITARIA,2,,,12,POR LA EMERGENCIA SANITARIA,2,,2,,,,,2,1,02,1.2,11,2703.4728645
5373960,1,3,1,80,11,2,,,,2,,,.,2,,2,,1,30,800000,2,1,02,,11,2703.4728645
5373961,1,3,1,80,11,2,,,,2,,,.,2,,2,,,,,2,1,02,,11,2740.0118679
5373961,1,4,1,80,11,2,,,,2,,,.,2,,2,,,,,2,1,02,,11,2740.0118679
5373962,1,1,1,80,11,1,9,FUE PENSIONADO POR  ACCIDENTE DE TRABAJO QUE LE CAUSO DISCAPACIDAD DEL 51 POR CIENTO,2,,,12,FUE PENSIONADO POR ACCIDENTE DE TRABAJO,3,,2,,,,,3,1,02,2,11,3158.1199886
5373962,1,3,1,80,11,2,,,,2,,,.,,,2,,,,,,1,02,,11,3158.1199886
5373965,1,2,1,80,11,2,,,,2,,,.,2,,2,,,,,2,1,02,,11,3116.8092847
5373966,1,2,1,80,11,2,,,,2,,,.,,,2,,,,,,1,02,,11,2941.3034829
5373968,1,3,1,80,11,2,,,,2,,,.,,,2,,,,,,1,02,,11,4533.3554702
5373973,1,1,1,80,11,1,1,,2,,,4,,2,,2,,,,,2,1,02,4,11,2866.762914
5373976,1,2,1,80,13,1,4,,2,,,10,,3,,2,,,,,3,1,02,4,13,297.18234353
5373976,1,5,1,80,13,2,,,,2,,,.,2,,2,,,,,2,1,02,,13,297.18234353
5373976,1,6,1,80,13,2,,,,2,,,.,2,,2,,,,,2,1,02,,13,297.18234353
5373977,1,4,1,80,13,2,,,,2,,,.,,,2,,,,,,1,02,,13,408.31223185
5373979,1,2,1,80,13,2,,,,2,,,.,2,,2,,2,,908526,2,1,02,,13,454.85797317
5373979,1,3,1,80,13,2,,,,2,,,.,2,,2,,,,,2,1,02,,13,454.85797317
5373979,1,4,1,80,13,2,,,,2,,,.,2,,2,,,,,2,1,02,,13,454.85797317
5373980,1,2,1,80,13,2,,,,2,,,.,2,,2,,,,,2,1,02,,13,415.42237469
5373980,1,3,1,80,13,2,,,,2,,,.,2,,2,,,,,2,1,02,,13,415.42237469
5373982,1,2,1,80,13,2,,,,2,,,.,2,,2,,,,,2,1,02,,13,962.19024178
5373984,1,5,1,80,13,1,3,,2,,,9,,2,,2,,,,,2,1,02,4,13,1193.2846505
5373985,1,1,1,80,13,1,6,,2,,,9,,2,,2,,2,,908526,2,1,02,1.3,13,1225.277771
5373985,1,3,1,80,13,2,,,,2,,,.,2,,2,,,,,2,1,02,,13,1225.277771
5373990,1,5,1,80,13,2,,,,2,,,.,,,2,,,,,,1,02,,13,1477.8565241
5373992,1,1,1,80,13,1,5,,2,,,10,,3,,2,,,,,3,1,02,3,13,196.76692293
5373992,1,2,1,80,13,1,5,,2,,,10,,3,,2,,,,,3,1,02,3,13,196.76692293
5373993,1,4,1,80,13,2,,,,2,,,.,,,2,,,,,,1,02,,13,527.82352938
5373994,1,2,1,80,13,2,,,,2,,,.,2,,2,,,,,2,1,02,,13,435.53400766
5373996,1,1,1,80,13,2,,,,2,,,.,2,,2,,,,,2,1,02,,13,462.81770682
5373996,1,2,1,80,13,2,,,,2,,,.,2,,2,,,,,2,1,02,,13,462.81770682
5373996,1,3,1,80,13,2,,,,2,,,.,2,,2,,,,,2,1,02,,13,462.81770682
5373996,1,7,1,80,13,2,,,,2,,,.,2,,2,,,,,2,1,02,,13,462.81770682
5373996,1,8,1,80,13,2,,,,2,,,.,,,2,,,,,,1,02,,13,462.81770682
5373997,1,3,1,80,13,2,,,,2,,,.,2,,2,,,,,2,1,02,,13,381.2496223
5373998,1,1,1,80,13,1,3,,2,,,8,,2,,2,,,,,2,1,02,4,13,339.39966217
5373998,1,2,1,80,13,1,5,,2,,,10,,3,,2,,,,,3,1,02,4,13,339.39966217
5373999,1,1,1,80,13,1,7,,2,,,1,,2,,2,,1,48,908526,2,1,02,1.4,13,506.58617834
5374000,1,1,1,80,13,1,4,,2,,,4,,2,,2,,,,,2,1,02,4,13,320.73008059
5374001,1,3,1,80,13,2,,,,2,,,.,2,,2,,,,,2,1,02,,13,433.62062213
5374001,1,4,1,80,13,2,,,,2,,,.,,,2,,,,,,1,02,,13,433.62062213
5374002,1,1,1,80,13,1,5,,2,,,10,,3,,2,,,,,3,1,02,4,13,320.73008059
5374005,1,1,1,80,13,1,4,,2,,,4,,2,,2,,,,,2,1,02,4,13,424.98915683
5374005,1,2,1,80,13,1,8,,1,,2,9,,2,,2,,2,,908526,2,1,02,4,13,424.98915683
5374005,1,5,1,80,13,2,,,,2,,,.,2,,2,,,,,2,1,02,,13,424.98915683
5374006,1,1,1,80,13,1,4,,2,,,4,,2,,2,,,,,2,1,02,4,13,395.36524122
5374006,1,4,1,80,13,2,,,,2,,,.,2,,2,,,,,2,1,02,,13,395.36524122
5374009,1,1,1,80,13,1,8,,2,,,8,,2,,2,,,,,2,1,02,3,13,368.54065435
5374011,1,2,1,80,13,2,,,,2,,,.,,,2,,,,,,1,02,,13,377.77519829
5374012,1,1,1,80,13,1,9,EDAD,2,,,8,,2,,2,,,,,2,1,02,3,13,391.28773857
5374012,1,2,1,80,13,2,,,,2,,,.,2,,2,,,,,2,1,02,,13,391.28773857
5374012,1,4,1,80,13,2,,,,2,,,.,2,,2,,,,,2,1,02,,13,391.28773857
5374013,1,1,1,80,13,1,1,,2,,,12,PANDEMIA,1,,2,,,,,2,1,02,1.3,13,416.45431031
5374015,1,2,1,80,13,1,3,,2,,,9,,2,,2,,,,,2,1,02,2,13,356.05492382
5374016,1,2,1,80,13,2,,,,2,,,.,2,,2,,,,,2,1,02,,13,351.98388459
5374017,1,1,1,80,13,1,9,PANDEMIA,2,,,12,PANDEMIA,1,,2,,1,48,1200000,2,1,02,1.4,13,350.59889693
5374017,1,2,1,80,13,2,,,,2,,,.,2,,2,,,,,2,1,02,,13,350.59889693
5374018,1,2,1,80,13,1,7,,2,,,1,,2,,2,,1,48,700000,2,1,02,1.4,13,339.39966217
5374020,1,1,1,80,13,1,8,,2,,,1,,2,,1,400000,1,48,600000,2,1,02,1.1,13,419.0104905
5374020,1,3,1,80,13,2,,,,2,,,.,2,,2,,,,,2,1,02,,13,419.0104905
5374023,1,3,1,80,13,2,,,,2,,,.,2,,2,,,,,2,1,02,,13,408.42592365
5374025,1,4,1,80,13,2,,,,2,,,.,2,,2,,1,48,700000,2,1,02,,13,433.62062213
5374026,1,1,1,80,13,1,9,PANDEMIA,2,,,8,,2,,2,,,,,2,1,02,1.4,13,399.91920387
5374027,1,2,1,80,13,1,8,,2,,,12,ESPERA A QUE LA VUELVAN A LLAMAR,2,,1,1200000,1,48,1200000,2,1,02,1.2,13,360.01227126
5374134,1,1,1,80,17,1,5,,2,,,10,,3,,2,,,,,3,1,02,4,17,190.8250752
5374134,2,1,2,80,17,1,4,,2,,,4,,2,,2,,,,,2,1,02,3,17,190.8250752
5374134,3,2,3,80,17,2,,,,2,,,.,2,,2,,1,48,900000,2,1,02,,17,190.8250752
5374136,1,1,1,80,17,1,1,,2,,,2,,1,2,2,,,,,1,1,02,4,17,210.87660792
5374137,1,2,1,80,17,1,2,,2,,,2,,2,,2,,,,,2,1,02,1.4,17,228.28143163
5374137,1,3,1,80,17,1,3,,2,,,9,,2,,2,,2,,98,2,1,02,1.4,17,228.28143163
5374138,1,1,1,80,17,2,,,,2,,,.,2,,2,,,,,2,1,02,,17,230.82088954
5374139,1,1,1,80,17,1,7,,2,,,8,,2,,2,,,,,2,1,02,1.4,17,171.03086947
5374139,1,5,1,80,17,2,,,,2,,,.,2,,2,,,,,2,1,02,,17,171.03086947
5374139,1,6,1,80,17,2,,,,2,,,.,2,,2,,,,,2,1,02,,17,171.03086947
5374140,1,1,1,80,17,1,5,,2,,,10,,3,,2,,,,,3,1,02,4,17,193.66123797
5374141,1,2,1,80,17,2,,,,2,,,.,2,,2,,,,,2,1,02,,17,195.10087702
5374141,1,3,1,80,17,1,2,,2,,,2,,2,,2,,,,,2,1,02,3,17,195.10087702
5374142,1,1,1,80,17,2,,,,2,,,.,2,,2,,,,,2,1,02,,17,185.51798806
5374143,1,1,1,80,17,1,5,,2,,,10,,3,,2,,,,,3,1,02,3,17,169.54986767
5374143,1,2,1,80,17,1,5,,2,,,10,,3,,2,,,,,3,1,02,4,17,169.54986767
5374144,1,3,1,80,17,2,,,,2,,,.,2,,2,,,,,2,1,02,,17,177.65080398
5374145,1,1,1,80,17,1,5,,2,,,10,,3,,2,,,,,3,1,02,4,17,169.54986767
5374145,1,2,1,80,17,1,3,,2,,,9,,2,,2,,,,,2,1,02,4,17,169.54986767
5374146,1,2,1,80,17,1,3,,2,,,9,,1,,2,,,,,2,1,02,1.2,17,149.79797554
5374146,1,3,1,80,17,2,,,,2,,,.,2,,2,,,,,2,1,02,,17,149.79797554
5374148,1,2,1,80,17,2,,,,2,,,.,2,,2,,,,,2,1,02,,17,177.65080398
5374149,1,2,1,80,17,1,4,,2,,,4,,1,2,2,,,,,1,1,02,1.2,17,192.37196535
5374150,1,1,1,80,17,1,9,POR COVID,2,,,9,,2,,2,,,,,2,1,02,1.4,17,169.50784463
5374150,1,2,1,80,17,1,4,,2,,,4,,2,,2,,,,,2,1,02,4,17,169.50784463
5374151,1,1,1,80,17,1,7,,2,,,8,,3,,2,,,,,3,1,02,4,17,173.90934583
5374151,1,2,1,80,17,1,3,,2,,,9,,2,,2,,,,,2,1,02,2,17,173.90934583
5374153,1,2,1,80,17,1,3,,2,,,11,,1,4,2,,,,,1,1,02,4,17,186.76523763
5374154,1,2,1,80,17,1,8,,2,,,1,,2,,2,,1,48,908526,2,1,02,1.2,17,191.12471579
5374155,1,2,1,80,17,1,3,,2,,,9,,2,,2,,,,,2,1,02,4,17,233.50777815
5374155,1,3,1,80,17,2,,,,2,,,.,2,,2,,,,,2,1,02,,17,233.50777815
5374155,1,4,1,80,17,2,,,,2,,,.,,,2,,,,,,1,02,,17,233.50777815
5374157,1,2,1,80,17,1,3,,2,,,9,,1,2,2,,1,24,500000,1,1,02,3,17,191.12471579
5374159,1,1,1,80,17,1,1,,1,,1,9,,2,,2,,2,,908526,2,1,02,2,17,216.39672357
5374160,1,3,1,80,17,2,,,,2,,,.,2,,2,,,,,2,1,02,,17,212.31624697
5374162,1,3,1,80,17,1,3,,2,,,9,,2,,2,,,,,2,1,02,4,17,149.79797554
5374163,1,2,1,80,17,2,,,,2,,,.,,,2,,,,,,1,02,,17,211.0689974
5374164,1,3,1,80,17,2,,,,2,,,.,,,2,,,,,,1,02,,17,212.31624697
5374166,1,1,1,80,17,2,,,,2,,,.,2,,2,,,,,2,1,02,,17,170.79711724
5374166,1,2,1,80,17,1,1,,2,,,8,,2,,2,,,,,2,1,02,4,17,170.79711724
5374168,1,3,1,80,17,2,,,,2,,,.,2,,2,,,,,2,1,02,,17,171.28621157
5374169,1,1,1,80,17,1,5,,2,,,10,,3,,2,,,,,3,1,02,4,17,186.95762711
5374169,1,3,1,80,17,1,1,,2,,,8,,2,,2,,,,,2,1,02,3,17,186.95762711
5374172,1,1,1,80,17,1,5,,2,,,10,,3,,2,,,,,3,1,02,4,17,217.53965777
5374173,1,1,1,80,17,1,2,,2,,,2,,2,,2,,,,,2,1,02,3,17,221.51406641
5374174,1,1,1,80,17,1,2,,2,,,2,,2,,2,,,,,2,1,02,3,17,210.87660792
5374175,1,1,1,80,17,1,9,POR COVID,2,,,12,POR COVID,2,,2,,1,48,908526,2,1,02,1.4,17,170.79711724
5374175,1,2,1,80,17,2,,,,2,,,.,2,,2,,,,,2,1,02,,17,170.79711724
5374176,1,1,1,80,17,1,3,,2,,,9,,2,,2,,,,,2,1,02,4,17,248.32726253
5374176,1,4,1,80,17,2,,,,2,,,.,2,,2,,,,,2,1,02,,17,248.32726253
5374177,1,1,1,80,17,1,3,,2,,,9,,2,,2,,,,,2,1,02,4,17,261.88456013
5374178,1,2,1,80,17,1,3,,2,,,9,,2,,2,,,,,2,1,02,3,17,173.90934583
5374181,1,1,1,80,17,1,4,,2,,,4,,2,,2,,,,,2,1,02,2,17,153.58174729
5374181,1,2,1,80,17,1,3,,2,,,4,,2,,2,,,,,2,1,02,4,17,153.58174729
5374182,1,2,1,80,17,1,6,,1,,4,9,,2,,2,,2,,908526,2,1,02,4,17,311.3694875
5374184,1,2,1,80,17,1,4,,2,,,4,,2,,2,,,,,2,1,02,4,17,187.23369293
5374186,1,1,1,80,17,1,5,,2,,,10,,3,,2,,,,,3,1,02,4,17,141.65472563
5374186,1,3,1,80,17,2,,,,2,,,.,2,,2,,,,,2,1,02,,17,141.65472563
5374187,1,1,1,80,17,1,5,,2,,,10,,3,,2,,,,,3,1,02,4,17,145.43849738
5374187,1,2,1,80,17,1,5,,2,,,10,,3,,2,,,,,3,1,02,4,17,145.43849738
5374187,1,3,1,80,17,1,5,,2,,,10,,3,,2,,,,,3,1,02,4,17,145.43849738
5374188,1,1,1,80,17,1,5,,2,,,10,,3,,2,,,,,3,1,02,4,17,170.79711724
5374189,1,1,1,80,17,1,3,,2,,,9,,2,,2,,,,,2,1,02,3,17,251.43949112
5374189,1,2,1,80,17,1,2,,2,,,2,,2,,2,,,,,2,1,02,3,17,251.43949112
5374189,1,4,1,80,17,2,,,,2,,,.,2,,2,,,,,2,1,02,,17,251.43949112
5374190,1,2,1,80,17,1,7,,2,,,9,,2,,2,,,,,2,1,02,4,17,224.20095502
5374190,1,3,1,80,17,2,,,,2,,,.,2,,2,,,,,2,1,02,,17,224.20095502
5374190,1,4,1,80,17,2,,,,2,,,.,2,,2,,,,,2,1,02,,17,224.20095502
5374191,1,1,1,80,17,1,4,,2,,,4,,2,,2,,,,,2,1,02,4,17,193.66123797
5374361,1,4,1,80,23,2,,,,2,,,.,,,2,,,,,,1,02,,23,160.24812794
5374362,1,2,1,80,23,1,4,,2,,,9,,2,,2,,,,,2,1,02,2,23,223.75906438
5374362,2,2,2,80,23,1,4,,2,,,9,,2,,2,,,,,2,1,02,4,23,223.75906438
5374363,1,3,1,80,23,2,,,,2,,,.,2,,2,,,,,2,1,02,,23,198.85294029
5374366,1,1,1,80,23,1,1,,2,,,1,,2,,2,,1,48,908526,2,1,02,2,23,139.5621508
5374366,1,3,1,80,23,2,,,,2,,,.,2,,2,,,,,2,1,02,,23,139.5621508
5374366,1,4,1,80,23,2,,,,2,,,.,,,2,,,,,,1,02,,23,139.5621508
5374368,1,2,1,80,23,2,,,,2,,,.,2,,2,,,,,2,1,02,,23,159.94354317
5374368,1,4,1,80,23,2,,,,2,,,.,,,2,,,,,,1,02,,23,159.94354317
5374368,1,5,1,80,23,2,,,,2,,,.,,,2,,,,,,1,02,,23,159.94354317
5374369,1,1,1,80,23,1,3,,1,,4,9,,2,,2,,2,,908526,2,1,02,4,23,191.3910152
5374369,1,2,1,80,23,1,4,,2,,,4,,2,,2,,2,,908526,2,1,02,4,23,191.3910152
5374370,1,1,1,80,23,2,,,,2,,,.,2,,2,,,,,2,1,02,,23,186.77566946
5374371,1,2,1,80,23,1,3,,2,,,9,,2,,2,,2,,750000,2,1,02,3,23,241.38973198
5374372,1,2,1,80,23,1,3,,2,,,9,,2,,2,,,,,2,1,02,4,23,85.605521214
5374372,1,5,1,80,23,2,,,,2,,,.,2,,2,,,,,2,1,02,,23,85.605521214
5374372,1,6,1,80,23,2,,,,2,,,.,2,,2,,,,,2,1,02,,23,85.605521214
5374373,1,4,1,80,23,2,,,,2,,,.,2,,2,,,,,2,1,02,,23,199.55566737
5374374,1,1,1,80,23,1,4,,2,,,8,,2,,2,,,,,2,1,02,3,23,184.14303559
5374375,1,2,1,80,23,2,,,,2,,,.,2,,2,,,,,2,1,02,,23,144.80156651
5374376,1,4,1,80,23,2,,,,2,,,.,2,,2,,,,,2,1,02,,23,189.20688375
5374377,1,1,1,80,23,1,3,,2,,,8,,2,,2,,,,,2,1,02,4,23,119.50026892
5374377,1,3,1,80,23,2,,,,2,,,.,,,2,,,,,,1,02,,23,119.50026892
5374378,1,3,1,80,23,2,,,,2,,,.,2,,2,,,,,2,1,02,,23,165.48754365
5374378,1,4,1,80,23,1,4,,2,,,4,,2,,2,,,,,2,1,02,2,23,165.48754365
5374379,1,2,1,80,23,1,9,AISLAMIENTO OBLIGATORIO,2,,,9,,2,,2,,,,,2,1,02,1.4,23,206.20095549
5374380,1,2,1,80,23,2,,,,2,,,.,2,,2,,,,,2,1,02,,23,131.86957335
5374380,1,3,1,80,23,2,,,,2,,,.,2,,2,,,,,2,1,02,,23,131.86957335
5374381,1,1,1,80,23,2,,,,2,,,.,2,,2,,,,,2,1,02,,23,140.49080555
5374381,1,2,1,80,23,1,1,,2,,,1,,2,,2,,1,48,800000,2,1,02,2,23,140.49080555
5374382,1,2,1,80,23,1,3,,2,,,9,,2,,2,,,,,2,1,02,4,23,186.15159949
5374382,1,3,1,80,23,2,,,,2,,,.,2,,2,,,,,2,1,02,,23,186.15159949
5374384,1,1,1,80,23,2,,,,2,,,.,2,,2,,,,,2,1,02,,23,145.30757088
5374385,1,1,1,80,23,1,4,,2,,,8,,2,,2,,,,,2,1,02,4,23,132.33609249
5374385,1,3,1,80,23,2,,,,2,,,.,2,,2,,,,,2,1,02,,23,132.33609249
5374387,1,1,1,80,23,1,3,,2,,,8,,2,,2,,,,,2,1,02,4,23,85.605521214
5374387,1,3,1,80,23,1,1,,2,,,1,,2,,2,,2,,900000,2,1,02,2,23,85.605521214
5374387,1,6,1,80,23,2,,,,2,,,.,2,,2,,,,,2,1,02,,23,85.605521214
5374388,1,2,1,80,23,1,1,,2,,,5,,2,,2,,2,,908526,2,1,02,4,23,155.84148711
5374388,1,3,1,80,23,2,,,,2,,,.,2,,2,,,,,2,1,02,,23,155.84148711
5374389,1,1,1,80,23,1,3,,2,,,9,,2,,2,,2,,1600000,2,1,02,1.4,23,136.68633868
5374389,1,2,1,80,23,2,,,,2,,,.,,,2,,,,,,1,02,,23,136.68633868
5374390,2,3,2,80,23,2,,,,2,,,.,,,2,,,,,,1,02,,23,188.57028789
5374391,1,3,1,80,23,2,,,,2,,,.,2,,2,,,,,2,1,02,,23,133.26343741
5374391,1,4,1,80,23,2,,,,2,,,.,2,,2,,,,,3,1,02,,23,133.26343741
5374391,1,5,1,80,23,1,4,,2,,,4,,2,,2,,,,,2,1,02,4,23,133.26343741
5374392,1,1,1,80,23,1,7,,2,,,12,EMERGENCIA SANITARIA COVID 19,2,,2,,1,50,700000,2,1,02,1.4,23,158.23956404
5374392,1,2,1,80,23,1,7,,2,,,12,EMERGENCIA SANITARIA COVID 19,2,,2,,1,50,700000,2,1,02,1.4,23,158.23956404
5374393,1,1,1,80,23,1,5,,2,,,10,,3,,2,,,,,3,1,02,4,23,177.4341977
5374394,1,4,1,80,23,2,,,,2,,,.,2,,2,,,,,2,1,02,,23,177.14213881
5374395,1,1,1,80,23,1,4,,2,,,4,,2,,2,,,,,2,1,02,4,23,144.24881689
5374395,1,2,1,80,23,1,4,,2,,,8,,2,,2,,,,,2,1,02,4,23,144.24881689
5374395,1,3,1,80,23,1,3,,2,,,9,,2,,2,,,,,2,1,02,2,23,144.24881689
5374395,1,4,1,80,23,2,,,,2,,,.,2,,2,,,,,2,1,02,,23,144.24881689
5374395,1,6,1,80,23,1,3,,2,,,9,,2,,2,,,,,2,1,02,3,23,144.24881689
5374396,1,1,1,80,23,1,3,,2,,,9,,2,,2,,,,,2,1,02,4,23,133.27596329
5374396,1,4,1,80,23,2,,,,2,,,.,2,,2,,,,,2,1,02,,23,133.27596329
5374396,1,6,1,80,23,2,,,,2,,,.,,,2,,,,,,1,02,,23,133.27596329
5374398,1,1,1,80,23,1,4,,2,,,8,,2,,2,,,,,2,1,02,2,23,134.76730677
5374398,1,2,1,80,23,2,,,,2,,,.,2,,2,,,,,2,1,02,,23,134.76730677
5374398,1,3,1,80,23,1,3,,2,,,9,,2,,2,,,,,2,1,02,2,23,134.76730677
5374398,1,5,1,80,23,2,,,,2,,,.,2,,2,,,,,2,1,02,,23,134.76730677
5374398,1,6,1,80,23,2,,,,2,,,.,2,,2,,,,,2,1,02,,23,134.76730677
5374399,1,1,1,80,23,1,5,,2,,,10,,3,,2,,,,,3,1,02,4,23,158.23956404
5374401,1,2,1,80,23,1,3,,2,,,9,,2,,2,,,,,2,1,02,4,23,165.48754365
5374402,1,2,1,80,23,2,,,,2,,,.,2,,2,,,,,2,1,02,,23,177.4341977
5374403,1,3,1,80,23,2,,,,2,,,.,,,2,,,,,,1,02,,23,173.64225671
5374404,1,3,1,80,23,2,,,,2,,,.,,,2,,,,,,1,02,,23,199.62957449
5374405,1,1,1,80,23,1,4,,2,,,4,,2,,2,,,,,2,1,02,4,23,163.53406456
5374405,1,2,1,80,23,2,,,,2,,,.,2,,2,,,,,2,1,02,,23,163.53406456
5374405,1,5,1,80,23,2,,,,2,,,.,2,,2,,,,,2,1,02,,23,163.53406456
5374405,1,6,1,80,23,2,,,,2,,,.,,,2,,,,,,1,02,,23,163.53406456
5374406,1,2,1,80,23,2,,,,2,,,.,2,,2,,,,,2,1,02,,23,159.16690896
5374406,1,4,1,80,23,2,,,,2,,,.,2,,2,,,,,2,1,02,,23,159.16690896
5374407,1,1,1,80,23,1,3,,2,,,9,,2,,2,,2,,908526,2,1,02,1.4,23,162.37475745
5374407,2,3,2,80,23,2,,,,2,,,.,2,,2,,,,,2,1,02,,23,162.37475745
5374407,2,4,2,80,23,2,,,,2,,,.,2,,2,,,,,2,1,02,,23,162.37475745
5374408,1,1,1,80,23,1,4,,2,,,4,,2,,2,,,,,2,1,02,2,23,160.67077832
5374408,1,2,1,80,23,1,4,,2,,,8,,2,,2,,,,,2,1,02,4,23,160.67077832
5374408,1,3,1,80,23,2,,,,2,,,.,2,,2,,,,,2,1,02,,23,160.67077832
5374408,1,5,1,80,23,2,,,,2,,,.,,,2,,,,,,1,02,,23,160.67077832
5374409,1,1,1,80,23,1,3,,2,,,9,,2,,2,,1,48,900000,2,1,02,3,23,129.14632546
5374409,1,2,1,80,23,2,,,,2,,,.,,,2,,,,,,1,02,,23,129.14632546
5374410,1,1,1,80,23,1,5,,2,,,10,,3,,2,,,,,3,1,02,4,23,91.621370821
5374410,1,2,1,80,23,1,4,,2,,,8,,2,,2,,,,,2,1,02,4,23,91.621370821
5374410,1,5,1,80,23,2,,,,2,,,.,,,2,,,,,,1,02,,23,91.621370821
5374410,1,7,1,80,23,1,3,,2,,,8,,2,,2,,,,,2,1,02,4,23,91.621370821
5374411,1,2,1,80,23,2,,,,2,,,.,2,,2,,,,,2,1,02,,23,203.66970562
5374413,1,1,1,80,23,2,,,,2,,,.,2,,2,,,,,2,1,02,,23,165.06489327
5374416,1,2,1,80,23,1,7,,2,,,9,,2,,2,,,,,2,1,02,1.1,23,203.4777076
5374418,1,2,1,80,23,2,,,,2,,,.,2,,2,,,,,2,1,02,,23,119.50026892
5374418,1,3,1,80,23,2,,,,2,,,.,2,,2,,,,,2,1,02,,23,119.50026892
5374419,1,3,1,80,23,1,2,,2,,,2,,2,,2,,1,48,908526,2,1,02,3,23,185.70700165
5374420,1,3,1,80,23,2,,,,2,,,.,2,,2,,,,,2,1,02,,23,226.48231227
5374421,1,1,1,80,23,1,3,,2,,,9,,2,,2,,,,,2,1,02,4,23,198.85294029
5374421,1,3,1,80,23,2,,,,2,,,.,,,2,,,,,,1,02,,23,198.85294029
5374422,1,3,1,80,23,2,,,,2,,,.,2,,2,,,,,2,1,02,,23,196.8994612
5374422,1,4,1,80,23,2,,,,2,,,.,,,2,,,,,,1,02,,23,196.8994612
5374423,1,2,1,80,23,1,8,,2,,,1,,2,,2,,1,40,908526,2,1,02,4,23,228.8803892
5374424,1,2,1,80,23,1,3,,2,,,9,,2,,2,,,,,2,1,02,3,23,176.50554295
5374424,1,3,1,80,23,2,,,,2,,,.,2,,2,,,,,2,1,02,,23,176.50554295
5374424,1,4,1,80,23,2,,,,2,,,.,2,,2,,,,,2,1,02,,23,176.50554295
5374425,1,2,1,80,23,1,9,EMBARAZO,2,,,12,EMBARAZO,2,,2,,,,,2,1,02,1.2,23,193.15138897
5374425,1,4,1,80,23,2,,,,2,,,.,2,,2,,,,,2,1,02,,23,193.15138897
5374425,1,8,1,80,23,1,3,,2,,,9,,2,,2,,,,,2,1,02,4,23,193.15138897
5374426,1,2,1,80,23,1,3,,2,,,9,,2,,2,,,,,2,1,02,4,23,216.1790484
5374427,1,1,1,80,23,1,4,,2,,,4,,2,,2,,,,,2,1,02,2,23,159.26438838
5374428,1,3,1,80,23,2,,,,2,,,.,,,2,,,,,,1,02,,23,180.29748394
5374430,1,1,1,80,23,1,1,,2,,,1,,2,,2,,1,48,700000,2,1,02,2,23,141.2110704
5374430,1,2,1,80,23,2,,,,2,,,.,2,,2,,,,,2,1,02,,23,141.2110704
5374431,1,2,1,80,23,1,3,,2,,,1,,2,,2,,2,,908526,2,1,02,2,23,181.32230828
5374431,1,3,1,80,23,2,,,,2,,,.,2,,2,,,,,2,1,02,,23,181.32230828
5374434,1,2,1,80,23,2,,,,2,,,.,2,,2,,,,,2,1,02,,23,139.89418717
5374434,1,4,1,80,23,2,,,,2,,,.,,,2,,,,,,1,02,,23,139.89418717
5374434,2,1,2,80,23,1,1,,2,,,1,,2,,2,,,,,2,1,02,2,23,139.89418717
5374435,1,2,1,80,23,1,3,,2,,,9,,2,,2,,,,,2,1,02,4,23,143.93431829
5374435,1,4,1,80,23,2,,,,2,,,.,2,,2,,,,,2,1,02,,23,143.93431829
5374436,1,2,1,80,23,2,,,,2,,,.,2,,2,,,,,2,1,02,,23,139.5621508
5374436,1,3,1,80,23,2,,,,2,,,.,,,2,,,,,,1,02,,23,139.5621508
5374436,1,4,1,80,23,2,,,,2,,,.,,,2,,,,,,1,02,,23,139.5621508
5374438,1,4,1,80,23,2,,,,2,,,.,2,,2,,,,,2,1,02,,23,163.99620017
5374439,1,3,1,80,23,2,,,,2,,,.,2,,2,,,,,2,1,02,,23,198.85294029
5374440,1,2,1,80,23,1,8,,2,,,1,,2,,2,,1,48,300000,2,1,02,1.4,23,113.06903117
5374440,3,2,3,80,23,2,,,,2,,,.,2,,2,,,,,2,1,02,,23,113.06903117
5374441,1,1,1,80,23,1,4,,2,,,4,,2,,2,,,,,2,1,02,3,23,208.66093119
5374442,1,2,1,80,23,2,,,,2,,,.,2,,2,,,,,2,1,02,,23,139.9722753
5374442,1,3,1,80,23,2,,,,2,,,.,2,,2,,,,,2,1,02,,23,139.9722753
5374442,1,4,1,80,23,2,,,,2,,,.,,,2,,,,,,1,02,,23,139.9722753
5374443,1,1,1,80,23,1,5,,2,,,10,,3,,2,,,,,3,1,02,4,23,145.30757088
5374444,1,2,1,80,23,2,,,,2,,,.,2,,2,,,,,2,1,02,,23,141.51562989
5374446,1,2,1,80,23,1,5,,2,,,10,,3,,2,,,,,3,1,02,4,23,148.5935075
5374447,1,2,1,80,23,2,,,,2,,,.,2,,2,,,,,2,1,02,,23,193.84417694
5374447,1,3,1,80,23,2,,,,2,,,.,2,,2,,,,,2,1,02,,23,193.84417694
5374447,1,4,1,80,23,2,,,,2,,,.,2,,2,,,,,2,1,02,,23,193.84417694
5374448,1,4,1,80,23,2,,,,2,,,.,2,,2,,,,,2,1,02,,23,200.93959232
5374449,1,1,1,80,23,1,5,,2,,,10,,3,,2,,,,,3,1,02,3,23,196.58934613
5374449,1,2,1,80,23,2,,,,2,,,.,2,,2,,,,,2,1,02,,23,196.58934613
5374449,1,5,1,80,23,2,,,,2,,,.,2,,2,,,,,2,1,02,,23,196.58934613
5374450,1,1,1,80,23,1,5,,2,,,10,,3,,2,,,,,3,1,02,4,23,171.1715572
5374450,1,2,1,80,23,1,5,,2,,,10,,3,,2,,,,,3,1,02,3,23,171.1715572
5374450,1,3,1,80,23,1,5,,2,,,10,,3,,2,,,,,3,1,02,3,23,171.1715572
5374453,1,1,1,80,23,1,5,,2,,,10,,3,,2,,,,,3,1,02,4,23,106.43262094
5374453,1,2,1,80,23,2,,,,2,,,.,2,,2,,,,,2,1,02,,23,106.43262094
5374454,1,3,1,80,23,2,,,,2,,,.,2,,2,,,,,2,1,02,,23,198.85294029
5374455,1,2,1,80,23,1,3,,2,,,9,,2,,2,,,,,2,1,02,1.3,23,149.5333783
5374455,1,3,1,80,23,2,,,,2,,,.,2,,2,,,,,2,1,02,,23,149.5333783
5374455,1,4,1,80,23,2,,,,2,,,.,2,,2,,,,,2,1,02,,23,149.5333783
5374455,1,5,1,80,23,2,,,,2,,,.,2,,2,,,,,2,1,02,,23,149.5333783
5374455,1,6,1,80,23,2,,,,2,,,.,,,2,,,,,,1,02,,23,149.5333783
5374456,1,1,1,80,23,1,5,,2,,,10,,3,,2,,,,,3,1,02,4,23,111.34555586
5374456,1,2,1,80,23,1,8,,2,,,8,,2,,2,,1,48,400000,2,1,02,1.3,23,111.34555586
5374458,1,1,1,80,23,1,5,,2,,,8,,3,,2,,,,,3,1,02,4,23,119.40409933
5374458,1,2,1,80,23,1,3,,2,,,8,,2,,2,,,,,2,1,02,4,23,119.40409933
5374461,1,2,1,80,23,2,,,,2,,,.,2,,2,,,,,2,1,02,,23,131.86957335
5374461,1,3,1,80,23,2,,,,2,,,.,2,,2,,,,,2,1,02,,23,131.86957335
5374462,1,2,1,80,23,2,,,,2,,,.,2,,2,,,,,2,1,02,,23,125.09932893
5374462,1,4,1,80,23,2,,,,2,,,.,2,,2,,1,48,908526,2,1,02,,23,125.09932893
5374462,1,6,1,80,23,2,,,,2,,,.,2,,2,,,,,2,1,02,,23,125.09932893
5374463,1,3,1,80,23,2,,,,2,,,.,2,,2,,,,,2,1,02,,23,173.64225671
5374464,1,2,1,80,23,2,,,,2,,,.,2,,2,,,,,2,1,02,,23,127.04028214
5374464,1,3,1,80,23,2,,,,2,,,.,,,2,,,,,,1,02,,23,127.04028214
5374465,1,1,1,80,23,1,5,,2,,,10,,3,,2,,,,,3,1,02,3,23,119.40409933
5374465,1,2,1,80,23,2,,,,2,,,.,2,,2,,,,,2,1,02,,23,119.40409933
5374466,1,2,1,80,23,1,3,,2,,,9,,2,,2,,,,,2,1,02,4,23,158.23956404
5374467,1,4,1,80,23,2,,,,2,,,.,,,2,,,,,,1,02,,23,171.67625174
5374467,1,5,1,80,23,2,,,,2,,,.,,,2,,,,,,1,02,,23,171.67625174
5374468,1,2,1,80,23,2,,,,2,,,.,2,,2,,,,,2,1,02,,23,163.99620017
5374468,1,3,1,80,23,2,,,,2,,,.,2,,2,,,,,2,1,02,,23,163.99620017
5374468,1,4,1,80,23,1,8,,2,,,1,,2,,2,,1,48,500000,2,1,02,1.2,23,163.99620017
5374470,1,1,1,80,23,2,,,,2,,,.,2,,2,,1,48,600000,2,1,02,,23,111.80769147
5374470,1,3,1,80,23,2,,,,2,,,.,2,,2,,,,,2,1,02,,23,111.80769147
5374471,1,3,1,80,23,2,,,,2,,,.,2,,2,,,,,2,1,02,,23,176.50554295
5374471,1,4,1,80,23,2,,,,2,,,.,2,,2,,,,,2,1,02,,23,176.50554295
5374827,1,2,1,80,50,2,,,,2,,,.,2,,2,,,,,2,1,02,,50,128.88832663
5374827,1,4,1,80,50,1,4,,2,,,12,ES ESQUIZOFRENICO,2,,2,,,,,2,1,02,4,50,128.88832663
5374834,1,2,1,80,50,1,4,,2,,,4,,3,,2,,1,48,1500000,3,1,02,3,50,277.45631955
5374834,1,3,1,80,50,2,,,,2,,,.,2,,2,,2,,800000,2,1,02,,50,277.45631955
5374838,1,1,1,80,50,1,5,,2,,,10,,3,,2,,,,,3,1,02,4,50,264.47215965
5374840,1,3,1,80,50,2,,,,2,,,.,2,,2,,,,,2,1,02,,50,196.21876893
5374841,1,3,1,80,50,2,,,,2,,,.,,,2,,,,,,1,02,,50,282.73276981
5374843,1,4,1,80,50,2,,,,2,,,.,2,,2,,,,,2,1,02,,50,246.91052211
5374844,1,1,1,80,50,1,3,,2,,,4,,2,,2,,,,,2,1,02,4,50,264.47215965
5374845,1,1,1,80,50,1,4,,2,,,4,,2,,2,,,,,2,1,02,4,50,197.22481666
5374847,1,4,1,80,50,1,3,,2,,,8,,2,,2,,,,,2,1,02,4,50,262.89159308
5374850,1,3,1,80,50,2,,,,2,,,.,2,,2,,,,,2,1,02,,50,212.57029633
5374851,1,3,1,80,50,1,2,,2,,,2,,2,,2,,,,,2,1,02,1.2,50,250.30162679
5374851,1,4,1,80,50,2,,,,2,,,.,2,,2,,,,,2,1,02,,50,250.30162679
5374854,1,2,1,80,50,1,3,,2,,,8,,2,,2,,1,40,900000,2,1,02,4,50,171.47159836
5374854,1,4,1,80,50,2,,,,2,,,.,2,,2,,,,,2,1,02,,50,171.47159836
5374857,1,1,1,80,50,1,3,,2,,,9,,2,,2,,,,,2,1,02,4,50,592.24184102
5374858,1,1,1,80,50,1,3,,2,,,9,,2,,2,,,,,2,1,02,2,50,333.50911376
5374858,1,2,1,80,50,2,,,,2,,,.,,,2,,,,,,1,02,,50,333.50911376
5374858,1,3,1,80,50,2,,,,2,,,.,,,2,,,,,,1,02,,50,333.50911376
5374859,1,2,1,80,50,1,3,,2,,,9,,2,,2,,,,,2,1,02,4,50,250.30162679
5374859,1,4,1,80,50,2,,,,2,,,.,,,2,,,,,,1,02,,50,250.30162679
5374863,1,2,1,80,50,1,3,,2,,,9,,2,,2,,,,,2,1,02,3,50,580.65915558
5374864,1,1,1,80,50,1,4,,2,,,8,,2,,2,,1,20,900000,2,1,02,4,50,264.47215965
5374866,1,1,1,80,50,1,3,,2,,,4,,2,,2,,,,,2,1,02,2,50,230.84848816
5374875,1,1,1,80,50,1,4,,2,,,4,,2,,2,,2,,900000,2,1,02,4,50,309.67851659
5374876,1,3,1,80,50,2,,,,2,,,.,,,2,,,,,,1,02,,50,296.67677503
5374878,1,1,1,80,50,1,3,,2,,,9,,2,,2,,,,,2,1,02,4,50,189.74979018
5374878,1,2,1,80,50,1,3,,2,,,9,,2,,2,,,,,2,1,02,4,50,189.74979018
5374885,1,2,1,80,50,1,3,,2,,,9,,2,,2,,,,,2,1,02,2,50,444.72284968
5374886,1,1,1,80,50,1,4,,2,,,4,,2,,2,,,,,2,1,02,4,50,77.419629148
5374887,1,4,1,80,50,2,,,,2,,,.,2,,2,,,,,2,1,02,,50,85.149025535
5374887,1,6,1,80,50,2,,,,2,,,.,,,2,,,,,,1,02,,50,85.149025535
5374889,1,1,1,80,50,1,4,,2,,,4,,2,,2,,,,,2,1,02,2,50,203.6937954
5374889,1,2,1,80,50,1,3,,2,,,9,,2,,2,,,,,2,1,02,3,50,203.6937954
5374890,1,1,1,80,50,1,4,,2,,,4,,2,,2,,,,,2,1,02,4,50,57.712122039
5374890,1,2,1,80,50,1,4,,2,,,4,,2,,2,,,,,2,1,02,4,50,57.712122039
5374891,1,2,1,80,50,2,,,,2,,,.,2,,2,,,,,2,1,02,,50,360.66380651
5374895,1,3,1,80,50,1,4,,2,,,8,,2,,2,,,,,2,1,02,4,50,68.973333661
5374896,1,1,1,80,50,1,5,,2,,,8,,3,,2,,,,,3,1,02,4,50,81.71965614
5374896,1,3,1,80,50,2,,,,2,,,.,,,2,,,,,,1,02,,50,81.71965614
5374899,1,4,1,80,50,2,,,,2,,,.,,,2,,,,,,1,02,,50,202.73395008
5374899,1,5,1,80,50,1,8,,2,,,4,,2,,2,,,,,2,1,02,4,50,202.73395008
5374901,1,1,1,80,50,1,3,,2,,,8,,2,,2,,,,,2,1,02,4,50,66.118039914
5374902,1,2,1,80,50,1,4,,2,,,4,,2,,2,,2,,900000,2,1,02,2,50,239.56347864
5374903,1,3,1,80,50,1,2,,2,,,9,,2,,2,,,,,2,1,02,1.3,50,419.81416867
5374906,1,3,1,80,50,2,,,,2,,,.,2,,2,,,,,2,1,02,,50,101.46754086
5374908,1,3,1,80,50,2,,,,2,,,.,2,,2,,,,,2,1,02,,50,47.392674517
5374908,1,7,1,80,50,2,,,,2,,,.,,,2,,,,,,1,02,,50,47.392674517
5374909,1,3,1,80,50,2,,,,2,,,.,2,,2,,,,,2,1,02,,50,69.364079887
5374911,1,2,1,80,50,1,3,,2,,,9,,2,,2,,,,,2,1,02,4,50,65.424766151
5374915,1,2,1,80,50,1,3,,2,,,9,,2,,2,,,,,2,1,02,4,50,239.72498909
5374918,1,3,1,80,50,2,,,,2,,,.,2,,2,,,,,2,1,02,,50,236.35762158
5374918,1,4,1,80,50,2,,,,2,,,.,2,,2,,,,,2,1,02,,50,236.35762158
5374919,1,2,1,80,50,2,,,,2,,,.,2,,2,,1,40,900000,2,1,02,,50,251.4704181
5374920,1,1,1,80,50,1,3,,2,,,9,,2,,2,,,,,2,1,02,4,50,237.52641288
5374920,1,2,1,80,50,2,,,,2,,,.,2,,2,,,,,2,1,02,,50,237.52641288
5374922,1,2,1,80,50,1,3,,1,,2,9,,2,,2,,1,48,1000000,2,1,02,4,50,284.93134602
5374923,1,2,1,80,50,1,3,,2,,,9,,2,,2,,,,,2,1,02,1.3,50,236.35762158
5374923,1,4,1,80,50,2,,,,2,,,.,2,,2,,,,,2,1,02,,50,236.35762158
5374928,1,1,1,80,50,1,7,,2,,,4,,3,,2,,,,,3,1,02,4,50,230.84848816
5374928,1,2,1,80,50,1,5,,2,,,11,,3,,2,,,,,3,1,02,4,50,230.84848816
5374929,1,4,1,80,50,2,,,,2,,,.,,,2,,,,,,1,02,,50,250.30162679
5374933,1,3,1,80,50,2,,,,2,,,.,,,2,,,,,,1,02,,50,419.81416867
5374934,1,1,1,80,50,1,5,,2,,,10,,3,,2,,,,,3,1,02,4,50,264.47215965
5374935,1,2,1,80,50,2,,,,2,,,.,2,,2,,,,,2,1,02,,50,232.24996261
5374936,1,2,1,80,50,1,5,,2,,,11,,3,,2,,,,,3,1,02,4,50,309.84002704
5374943,1,2,1,80,50,2,,,,2,,,.,2,,2,,,,,2,1,02,,50,191.15126464
5374943,1,3,1,80,50,2,,,,2,,,.,2,,2,,,,,2,1,02,,50,191.15126464
5374945,1,3,1,80,50,2,,,,1,2,5,,2,,2,,,,,2,1,02,,50,209.20292882
5374945,1,4,1,80,50,2,,,,2,,,.,2,,2,,,,,2,1,02,,50,209.20292882
5374945,1,5,1,80,50,2,,,,2,,,.,2,,2,,,,,2,1,02,,50,209.20292882
5374947,1,1,1,80,50,1,5,,2,,,10,,3,,2,,,,,3,1,02,4,50,230.84848816
5374950,1,2,1,80,52,1,8,,1,,3,1,,2,,2,,1,48,908526,2,1,02,4,52,276.00859981
5374951,1,2,1,80,52,1,5,,2,,,10,,3,,2,,,,,3,1,02,4,52,152.66336887
5374955,1,2,1,80,52,1,8,,2,,,8,,2,,2,,,,,2,1,02,2,52,182.3713561
5374964,1,1,1,80,52,1,7,,2,,,1,,2,,2,,,,,2,1,02,1.2,52,161.7970861
5374965,1,2,1,80,52,1,3,,2,,,9,,2,,2,,,,,2,1,02,4,52,188.68771827
5374971,1,1,1,80,52,1,5,,2,,,10,,3,,2,,,,,3,1,02,4,52,181.70434429
5374971,1,2,1,80,52,1,3,,2,,,9,,2,,2,,,,,2,1,02,4,52,181.70434429
5374971,1,5,1,80,52,1,2,,2,,,2,,2,,2,,,,,2,1,02,1.4,52,181.70434429
5374973,1,2,1,80,52,2,,,,2,,,.,,,2,,,,,,1,02,,52,164.67436758
5374980,1,2,1,80,52,1,3,,2,,,9,,2,,2,,1,20,500000,2,1,02,4,52,244.66461204
5374980,1,4,1,80,52,1,2,,2,,,2,,2,,2,,,,,2,1,02,3,52,244.66461204
5374982,1,1,1,80,52,1,8,,2,,,4,,2,,2,,,,,2,1,02,4,52,185.24863758
5374983,1,3,1,80,52,1,2,,2,,,1,,2,,2,,1,20,900000,2,1,02,2,52,221.727633
5374983,1,4,1,80,52,2,,,,2,,,.,2,,2,,,,,2,1,02,,52,221.727633
5374985,1,1,1,80,52,1,8,,2,,,8,,2,,2,,,,,2,1,02,4,52,185.24863758
5374986,1,2,1,80,52,2,,,,2,,,.,2,,2,,,,,2,1,02,,52,138.46538745
5374986,1,4,1,80,52,2,,,,2,,,.,,,2,,,,,,1,02,,52,138.46538745
5374987,1,4,1,80,52,2,,,,2,,,.,2,,2,,,,,2,1,02,,52,213.10825848
5374987,1,5,1,80,52,2,,,,2,,,.,,,2,,,,,,1,02,,52,213.10825848
5374989,1,1,1,80,52,1,9,PANDEMIA,2,,,4,,3,,2,,,,,3,1,02,1.4,52,158.46768886
5374990,1,1,1,80,52,1,9,PANDEMIA,2,,,4,,2,,2,,,,,2,1,02,1.4,52,107.42347068
5374990,1,3,1,80,52,1,7,,2,,,4,,2,,2,,,,,2,1,02,3,52,107.42347068
5374990,1,4,1,80,52,1,9,PANDEMIA,2,,,12,PANDEMIA,2,,2,,2,,908526,2,1,02,1.4,52,107.42347068
5374990,1,6,1,80,52,2,,,,2,,,.,,,2,,,,,,1,02,,52,107.42347068
5374990,1,9,1,80,52,1,2,,2,,,2,,2,,2,,1,24,400000,2,1,02,3,52,107.42347068
5374990,1,11,1,80,52,2,,,,2,,,.,2,,2,,,,,2,1,02,,52,107.42347068
5374996,1,3,1,80,52,2,,,,2,,,.,,,2,,,,,,1,02,,52,213.71534387
5375003,1,6,1,80,52,2,,,,2,,,.,2,,2,,,,,2,1,02,,52,309.41725183
5375012,1,3,1,80,52,2,,,,2,,,.,2,,2,,,,,2,1,02,,52,222.90898752
5375012,1,4,1,80,52,2,,,,2,,,.,,,2,,,,,,1,02,,52,222.90898752
5375013,1,1,1,80,52,1,8,,2,,,9,,2,,2,,1,20,300000,2,1,02,4,52,207.44018581
5375017,1,1,1,80,52,1,8,,2,,,2,,2,,2,,,,,2,1,02,1.2,52,157.28633434
5375017,1,2,1,80,52,1,4,,2,,,4,,2,,2,,,,,2,1,02,4,52,157.28633434
5375017,1,3,1,80,52,2,,,,2,,,.,2,,2,,,,,2,1,02,,52,157.28633434
5375022,1,2,1,80,52,2,,,,2,,,.,,,2,,,,,,1,02,,52,141.28274252
5375022,1,3,1,80,52,2,,,,2,,,.,,,2,,,,,,1,02,,52,141.28274252
5375026,1,1,1,80,54,1,8,,2,,,9,,2,,2,,,,,2,1,02,4,54,420.67424922
5375026,1,2,1,80,54,1,5,,2,,,4,,3,,2,,,,,3,1,02,4,54,420.67424922
5375027,1,1,1,80,54,1,9,CUARENTENA POR COVID 19,2,,,9,,2,,2,,,,,2,1,02,2,54,359.24836837
5375027,1,5,1,80,54,1,5,,2,,,10,,3,,2,,,,,3,1,02,4,54,359.24836837
5375027,1,6,1,80,54,1,4,,2,,,4,,2,,2,,,,,2,1,02,4,54,359.24836837
5375028,1,2,1,80,54,1,7,,2,,,12,POR PANDEMIA,2,,2,,,,,2,1,02,1.3,54,757.10684653
5375028,1,4,1,80,54,1,3,,2,,,9,,2,,2,,1,48,800000,2,1,02,3,54,757.10684653
5375029,1,2,1,80,54,1,4,,2,,,8,,2,,2,,,,,2,1,02,4,54,728.48762971
5375030,1,2,1,80,54,1,3,,2,,,9,,2,,2,,1,48,600000,2,1,02,3,54,770.17387688
5375032,1,3,1,80,54,1,4,,2,,,4,,2,,2,,,,,2,1,02,3,54,539.99364017
5375032,1,4,1,80,54,2,,,,2,,,.,2,,2,,,,,2,1,02,,54,539.99364017
5375032,1,6,1,80,54,2,,,,2,,,.,2,,2,,,,,2,1,02,,54,539.99364017
5375032,1,7,1,80,54,2,,,,2,,,.,2,,2,,,,,2,1,02,,54,539.99364017
5375033,1,3,1,80,54,2,,,,2,,,.,2,,2,,,,,2,1,02,,54,953.26931715
5375033,1,4,1,80,54,2,,,,2,,,.,,,2,,,,,,1,02,,54,953.26931715
5375033,1,6,1,80,54,2,,,,2,,,.,2,,2,,,,,2,1,02,,54,953.26931715
5375036,1,2,1,80,54,1,3,,2,,,9,,2,,2,,,,,2,1,02,2,54,805.38303523
5375036,1,3,1,80,54,1,2,,2,,,2,,2,,2,,2,,800000,2,1,02,2,54,805.38303523
5375037,1,3,1,80,54,1,4,,2,,,4,,2,,2,,,,,2,1,02,1.4,54,681.88903563
5375038,1,1,1,80,54,1,3,,2,,,9,,2,,2,,,,,2,1,02,3,54,324.36050466
5375040,1,3,1,80,54,2,,,,2,,,.,,,2,,,,,,1,02,,54,327.92365506
5375042,1,2,1,80,54,1,2,,2,,,2,,,,2,,,,,,1,02,1.4,54,444.89544315
5375043,1,1,1,80,54,1,4,,2,,,4,,2,,2,,,,,2,1,02,4,54,408.00507618
5375044,1,1,1,80,54,1,4,,2,,,4,,2,,2,,,,,2,1,02,4,54,332.85366685
5375044,1,5,1,80,54,1,8,,2,,,2,,2,,2,,,,,2,1,02,1.2,54,332.85366685
5375047,1,2,1,80,54,2,,,,2,,,.,2,,2,,,,,2,1,02,,54,292.18781002
5375047,1,3,1,80,54,1,3,,2,,,9,,2,,2,,,,,2,1,02,1.3,54,292.18781002
5375048,1,1,1,80,54,1,9,POR PANDEMIA,2,,,12,POR PANDEMIA,2,,2,,2,,400000,2,1,02,1.4,54,352.02318794
5375049,1,1,1,80,54,1,4,,2,,,4,,2,,2,,,,,2,1,02,3,54,428.76510019
5375050,1,1,1,80,54,1,4,,2,,,4,,2,,2,,,,,2,1,02,4,54,288.17208899
5375050,1,2,1,80,54,1,4,,2,,,4,,2,,2,,,,,2,1,02,4,54,288.17208899
5375050,1,4,1,80,54,2,,,,2,,,.,2,,2,,,,,2,1,02,,54,288.17208899
5375050,1,8,1,80,54,2,,,,2,,,.,2,,2,,1,30,600000,2,1,02,,54,288.17208899
5375050,1,9,1,80,54,2,,,,2,,,.,2,,2,,1,30,600000,2,1,02,,54,288.17208899
5375051,1,2,1,80,54,1,3,,2,,,9,,2,,2,,,,,2,1,02,2,54,337.65494139
5375052,1,2,1,80,54,2,,,,2,,,.,,,2,,,,,,1,02,,54,360.14720603
5375054,1,2,1,80,54,1,4,,2,,,4,,2,,2,,,,,2,1,02,1.3,54,359.1652688
5375055,1,2,1,80,54,1,3,,2,,,9,,2,,2,,,,,2,1,02,4,54,276.87177862
5375055,1,4,1,80,54,2,,,,2,,,.,2,,2,,,,,2,1,02,,54,276.87177862
5375059,1,1,1,80,54,1,5,,2,,,10,,3,,2,,,,,3,1,02,4,54,394.71063944
5375059,1,2,1,80,54,1,7,,2,,,11,,2,,2,,,,,2,1,02,4,54,394.71063944
5375060,1,2,1,80,54,1,8,,2,,,9,,2,,2,,,,,2,1,02,1.3,54,540.56646964
5375061,1,1,1,80,54,1,5,,2,,,10,,2,,2,,,,,2,1,02,4,54,348.08659867
5375061,1,2,1,80,54,1,3,,2,,,9,,2,,2,,,,,2,1,02,2,54,348.08659867
5375062,1,2,1,80,54,1,8,,2,,,8,,2,,2,,,,,2,1,02,4,54,408.00507618
5375063,1,3,1,80,54,2,,,,2,,,.,,,2,,,,,,1,02,,54,307.63666293
5375063,1,5,1,80,54,1,5,,2,,,10,,3,,2,,,,,3,1,02,4,54,307.63666293
5375064,1,1,1,80,54,1,8,,2,,,9,,2,,2,,,,,2,1,02,4,54,410.75788283
5375064,1,2,1,80,54,2,,,,2,,,.,2,,2,,,,,2,1,02,,54,410.75788283
5375064,1,3,1,80,54,2,,,,2,,,.,2,,2,,,,,2,1,02,,54,410.75788283
5375065,1,3,1,80,54,2,,,,2,,,.,,,2,,,,,,1,02,,54,379.45226092
5375066,1,2,1,80,54,1,3,,2,,,9,,2,,2,,,,,2,1,02,1.4,54,340.46000658
5375066,1,6,1,80,54,1,4,,2,,,4,,2,,2,,,,,2,1,02,4,54,340.46000658
5375070,1,3,1,80,54,2,,,,2,,,.,2,,2,,,,,2,1,02,,54,379.45226092
5375071,1,2,1,80,54,1,9,POR PANDEMIA,2,,,12,POR PANDEMIA,2,,2,,1,45,400000,2,1,02,1.4,54,405.46580315
5375074,1,1,1,80,54,2,,,,2,,,.,2,,2,,2,,500000,2,1,02,,54,284.21232618
5375076,1,2,1,80,54,1,3,,2,,,9,,2,,2,,,,,2,1,02,3,54,454.90030345
5375077,1,2,1,80,54,2,,,,2,,,.,2,,2,,,,,2,1,02,,54,337.65494139
5375079,1,1,1,80,54,1,4,,2,,,4,,2,,2,,,,,2,1,02,1.2,54,270.91788945
5375081,1,3,1,80,54,1,2,,2,,,2,,,,2,,,,,,1,02,1.3,54,447.72738156
5375082,1,2,1,80,54,1,3,,2,,,8,,2,,2,,,,,2,1,02,4,54,352.02318794
5375083,1,1,1,80,54,1,9,POR PANDEMIA,2,,,12,POR PANDEMIA,2,,2,,2,,300000,2,1,02,1.4,54,423.21352225
5375083,1,2,1,80,54,1,4,,2,,,4,,2,,2,,2,,500000,2,1,02,3,54,423.21352225
5375084,1,2,1,80,54,1,4,,2,,,4,,2,,2,,2,,400000,2,1,02,3,54,383.38646273
5375084,1,3,1,80,54,2,,,,2,,,.,2,,2,,,,,2,1,02,,54,383.38646273
5375094,1,2,1,80,54,1,8,,2,,,9,,2,,2,,1,48,400000,2,1,02,1.2,54,379.45226092
5375096,1,1,1,80,54,1,4,,2,,,4,,2,,2,,,,,2,1,02,1.2,54,439.36835096
5375096,1,2,1,80,54,1,3,,2,,,9,,2,,2,,,,,2,1,02,3,54,439.36835096
5375097,1,2,1,80,54,1,4,,2,,,4,,2,,2,,,,,2,1,02,1.2,54,394.66070699
5375097,1,4,1,80,54,2,,,,2,,,.,2,,2,,,,,2,1,02,,54,394.66070699
5375098,1,1,1,80,54,1,4,,2,,,8,,2,,2,,,,,2,1,02,4,54,354.56246097
5375099,1,4,1,80,54,1,8,,2,,,4,,2,,2,,,,,2,1,02,4,54,489.14023044
5375100,1,2,1,80,54,1,3,,2,,,9,,2,,2,,1,48,900000,2,1,02,1.4,54,289.41591195
5375100,1,4,1,80,54,2,,,,2,,,.,,,2,,,,,,1,02,,54,289.41591195
5375101,1,3,1,80,54,2,,,,2,,,.,,,2,,,,,,1,02,,54,533.79794196
5375101,1,4,1,80,54,1,3,,2,,,9,,2,,2,,,,,2,1,02,1.4,54,533.79794196
5375107,1,3,1,80,54,1,2,,2,,,2,,2,,2,,2,,600000,2,1,02,1.2,54,356.42653786
5375108,1,3,1,80,54,2,,,,2,,,.,2,,2,,,,,2,1,02,,54,416.06905392
5375108,1,5,1,80,54,1,4,,2,,,8,,2,,2,,,,,2,1,02,4,54,416.06905392
5375109,1,1,1,80,54,1,5,,2,,,10,,3,,2,,,,,3,1,02,2,54,287.50190261
5375110,1,3,1,80,54,2,,,,2,,,.,,,2,,,,,,1,02,,54,413.58982124
5375111,1,2,1,80,54,2,,,,2,,,.,2,,2,,,,,2,1,02,,54,299.93606315
5375112,2,2,2,80,54,1,3,,2,,,9,,2,,2,,,,,2,1,02,2,54,416.68522573
5375113,1,2,1,80,54,2,,,,2,,,.,2,,2,,,,,2,1,02,,54,232.87550479
5375113,1,3,1,80,54,2,,,,2,,,.,,,2,,,,,,1,02,,54,232.87550479
5375114,1,3,1,80,54,2,,,,2,,,.,2,,2,,2,,900000,2,1,02,,54,323.47037269
5375116,1,5,1,80,54,1,3,,2,,,9,,2,,2,,,,,2,1,02,4,54,329.56409042
5375118,1,1,1,80,54,1,8,,2,,,9,,2,,2,,,,,2,1,02,3,54,289.41591195
5375119,1,4,1,80,54,2,,,,2,,,.,2,,2,,,,,2,1,02,,54,355.01911372
5375119,1,6,1,80,54,2,,,,2,,,.,2,,2,,,,,2,1,02,,54,355.01911372
5375121,1,2,1,80,54,1,8,,2,,,5,,2,,2,,,,,2,1,02,1.2,54,350.94937812
5375124,1,2,1,80,54,1,8,,2,,,9,,2,,2,,,,,2,1,02,3,54,329.10505021
5375125,1,2,1,80,54,1,4,,2,,,4,,2,,2,,,,,2,1,02,3,54,271.34468643
5375125,1,3,1,80,54,1,8,,2,,,8,,2,,2,,,,,2,1,02,4,54,271.34468643
5375125,1,5,1,80,54,1,6,,2,,,1,,2,,2,,,,,2,1,02,4,54,271.34468643
5375126,1,1,1,80,54,1,8,,2,,,8,,2,,2,,,,,2,1,02,1.4,54,354.56246097
5375127,1,3,1,80,54,2,,,,2,,,.,2,,2,,,,,2,1,02,,54,417.89996369
5375127,1,4,1,80,54,2,,,,2,,,.,,,2,,,,,,1,02,,54,417.89996369
5375127,1,5,1,80,54,1,8,,2,,,8,,2,,2,,,,,2,1,02,4,54,417.89996369
5375128,1,3,1,80,54,2,,,,2,,,.,,,2,,,,,,1,02,,54,392.77515122
5375130,1,1,1,80,54,1,9,PANDEMIA COVID 19,2,,,12,PANDEMIA COVID 19,2,,2,,,,,2,1,02,1.4,54,308.34502619
5375134,1,2,1,80,54,1,3,,2,,,9,,2,,2,,,,,2,1,02,3,54,371.79250171
5375135,1,2,1,80,54,1,3,,2,,,9,,2,,2,,2,,600000,2,1,02,1.3,54,325.19930197
5375136,1,3,1,80,54,2,,,,2,,,.,2,,2,,,,,2,1,02,,54,477.84922085
5375136,1,4,1,80,54,2,,,,2,,,.,,,2,,,,,,1,02,,54,477.84922085
5375136,1,5,1,80,54,2,,,,2,,,.,,,2,,,,,,1,02,,54,477.84922085
5375136,1,8,1,80,54,2,,,,2,,,.,,,2,,,,,,1,02,,54,477.84922085
5375137,1,1,1,80,54,1,3,,2,,,9,,2,,2,,,,,2,1,02,4,54,354.56246097
5375138,1,3,1,80,54,2,,,,2,,,.,2,,2,,,,,2,1,02,,54,432.9233297
5375138,1,4,1,80,54,1,3,,2,,,9,,2,,2,,1,48,908000,2,1,02,1.3,54,432.9233297
5375141,1,4,1,80,54,2,,,,2,,,.,,,2,,,,,,1,02,,54,376.61793505
5375143,1,3,1,80,54,2,,,,2,,,.,2,,2,,,,,2,1,02,,54,420.43923671
5375143,1,4,1,80,54,2,,,,2,,,.,,,2,,,,,,1,02,,54,420.43923671
5375146,1,1,1,80,54,1,3,,2,,,9,,2,,2,,,,,2,1,02,3,54,264.58376487
5375149,1,2,1,80,54,1,6,,2,,,9,,2,,2,,,,,2,1,02,1.3,54,454.90030345
5375150,1,3,1,80,54,2,,,,2,,,.,,,2,,,,,,1,02,,54,437.28811815
5375150,1,6,1,80,54,1,6,,2,,,8,,2,,2,,,,,2,1,02,4,54,437.28811815
5375151,1,1,1,80,54,1,9,POR PANDEMIA,2,,,12,POR PANDEMIA,2,,2,,1,36,200000,2,1,02,1.4,54,351.07441783
5375151,1,3,1,80,54,1,3,,2,,,9,,2,,2,,2,,400000,2,1,02,3,54,351.07441783
5375151,1,5,1,80,54,2,,,,2,,,.,,,2,,,,,,1,02,,54,351.07441783
5375155,1,2,1,80,54,1,3,,2,,,9,,2,,2,,,,,2,1,02,4,54,336.18947818
5375155,1,4,1,80,54,1,8,,2,,,9,,2,,2,,,,,2,1,02,4,54,336.18947818
5375157,1,1,1,80,54,1,4,,2,,,4,,2,,2,,,,,2,1,02,1.2,54,319.1001899
5375157,1,2,1,80,54,2,,,,2,,,.,2,,2,,,,,2,1,02,,54,319.1001899
5375158,1,4,1,80,54,2,,,,2,,,.,,,2,,,,,,1,02,,54,394.66070699
5375164,1,3,1,80,54,1,2,,2,,,2,,2,,2,,,,,2,1,02,3,54,394.66070699
5375164,1,4,1,80,54,2,,,,2,,,.,2,,2,,,,,2,1,02,,54,394.66070699
5375165,1,5,1,80,54,1,2,,2,,,2,,2,,2,,,,,2,1,02,1.3,54,461.4262125
5375167,1,4,1,80,54,1,3,,2,,,9,,2,,2,,,,,2,1,02,2,54,336.847909
5375170,1,4,1,80,54,2,,,,2,,,.,2,,2,,,,,2,1,02,,54,420.70741635
5375170,1,5,1,80,54,2,,,,2,,,.,,,2,,,,,,1,02,,54,420.70741635
5375170,1,7,1,80,54,1,4,,2,,,8,,2,,2,,,,,2,1,02,4,54,420.70741635
5375172,1,2,1,80,54,1,3,,2,,,9,,2,,2,,,,,2,1,02,3,54,413.58982124
5375172,1,3,1,80,54,2,,,,2,,,.,2,,2,,,,,2,1,02,,54,413.58982124
5375173,1,3,1,80,54,1,3,,2,,,9,,2,,2,,,,,2,1,02,4,54,332.01248207
5375173,1,4,1,80,54,1,4,,2,,,8,,2,,2,,,,,2,1,02,4,54,332.01248207
5375174,1,4,1,80,54,1,4,,2,,,4,,2,,2,,,,,2,1,02,4,54,375.08207813
5375175,1,2,1,80,54,1,3,,2,,,9,,2,,2,,,,,2,1,02,2,54,429.97966246
5375175,1,5,1,80,54,1,4,,2,,,4,,2,,2,,,,,2,1,02,2,54,429.97966246
5375177,1,2,1,80,54,1,4,,2,,,4,,2,,2,,,,,2,1,02,1.2,54,392.14988754
5375177,1,3,1,80,54,1,2,,2,,,2,,2,,2,,,,,2,1,02,1.4,54,392.14988754
5375177,1,4,1,80,54,2,,,,2,,,.,2,,2,,,,,2,1,02,,54,392.14988754
5375178,1,1,1,80,54,1,3,,2,,,8,,2,,2,,1,48,280000,2,1,02,1.2,54,366.15782419
5375179,1,4,1,80,54,1,2,,2,,,2,,2,,2,,,,,2,1,02,3,54,439.36835096
5375180,1,3,1,80,54,2,,,,2,,,.,2,,2,,,,,2,1,02,,54,454.57679703
5375180,1,4,1,80,54,2,,,,2,,,.,,,2,,,,,,1,02,,54,454.57679703
5375181,1,1,1,80,54,1,9,POR PANDEMIA,2,,,12,POR PANDEMIA,2,,2,,,,,2,1,02,1.4,54,399.59593744
5375182,1,1,1,80,54,1,9,PANDEMIA ASOCIADA AL COVID 19,2,,,12,PANDEMIA ASOCIADA AL COVID 19,2,,2,,2,,98,2,1,02,1.4,54,357.60793301
5375182,1,2,1,80,54,1,9,PANDEMIA ASOCIADA AL COVID 19,2,,,9,,2,,2,,2,,300000,2,1,02,1.4,54,357.60793301
5375182,1,4,1,80,54,2,,,,2,,,.,2,,2,,,,,2,1,02,,54,357.60793301
5375184,1,2,1,80,54,2,,,,2,,,.,,,2,,,,,,1,02,,54,366.99662151
5375184,1,3,1,80,54,2,,,,2,,,.,,,2,,,,,,1,02,,54,366.99662151
5375185,1,1,1,80,54,1,5,,2,,,10,,3,,2,,,,,3,1,02,4,54,323.47037269
5375185,1,3,1,80,54,2,,,,2,,,.,2,,2,,,,,2,1,02,,54,323.47037269
5375188,1,3,1,80,54,2,,,,2,,,.,2,,2,,,,,2,1,02,,54,409.57410021
5375188,1,4,1,80,54,2,,,,2,,,.,,,2,,,,,,1,02,,54,409.57410021
5375188,2,3,2,80,54,2,,,,2,,,.,2,,2,,,,,2,1,02,,54,409.57410021
5375189,1,1,1,80,54,1,5,,2,,,10,,3,,2,,,,,3,1,02,4,54,331.26316393
5375189,1,2,1,80,54,2,,,,2,,,.,2,,2,,,,,2,1,02,,54,331.26316393
5375261,1,2,1,80,66,2,,,,2,,,.,2,,2,,,,,2,1,02,,66,555.04636213
5375264,1,1,1,80,66,1,3,,2,,,9,,2,,2,,,,,2,1,02,4,66,341.73579694
5375267,1,2,1,80,66,1,3,,2,,,9,,2,,2,,,,,2,1,02,4,66,320.55159998
5375268,1,2,1,80,66,2,,,,2,,,.,,,2,,,,,,1,02,,66,431.37115666
5375269,1,1,1,80,66,1,4,,2,,,11,,2,,2,,,,,2,1,02,4,66,358.21080157
5375270,1,1,1,80,66,1,9,QUERIA DESCANSAR,2,,,11,,2,,2,,,,,2,1,02,3,66,330.25670424
5375270,1,2,1,80,66,2,,,,2,,,.,2,,2,,,,,2,1,02,,66,330.25670424
5375271,1,1,1,80,66,1,3,,2,,,9,,2,,2,,,,,2,1,02,4,66,430.01172945
5375272,1,1,1,80,66,2,,,,2,,,.,2,,2,,,,,2,1,02,,66,335.36964108
5375273,1,1,1,80,66,1,4,,2,,,8,,2,,2,,,,,2,1,02,4,66,351.75264212
5375275,1,1,1,80,66,2,,,,2,,,.,2,,2,,,,,2,1,02,,66,345.07474533
5375275,1,3,1,80,66,2,,,,2,,,.,2,,2,,,,,2,1,02,,66,345.07474533
5375278,1,1,1,80,66,1,7,,2,,,8,,2,,2,,,,,2,1,02,4,66,358.21080157
5375279,1,2,1,80,66,2,,,,2,,,.,2,,2,,,,,2,1,02,,66,381.55967475
5375280,1,2,1,80,66,1,8,,2,,,2,,2,,2,,,,,2,1,02,1.2,66,275.93200177
5375280,1,3,1,80,66,1,3,,2,,,9,,2,,2,,,,,2,1,02,4,66,275.93200177
5375281,1,2,1,80,66,2,,,,2,,,.,2,,2,,,,,2,1,02,,66,297.42793965
5375282,1,2,1,80,66,1,4,,2,,,4,,2,,2,,,,,2,1,02,4,66,362.05746266
5375282,1,4,1,80,66,1,3,,2,,,9,,2,,2,,,,,2,1,02,2,66,362.05746266
5375283,1,3,1,80,66,2,,,,2,,,.,2,,2,,,,,2,1,02,,66,366.85747888
5375286,1,2,1,80,66,1,5,,2,,,10,,3,,2,,,,,3,1,02,4,66,345.07474533
5375290,1,1,1,80,66,1,3,,2,,,4,,2,,2,,,,,2,1,02,4,66,351.75264212
5375294,1,1,1,80,66,1,3,,2,,,9,,2,,2,,,,,2,1,02,4,66,348.41369373
5375296,1,1,1,80,66,1,6,,2,,,8,,2,,2,,,,,2,1,02,3,66,358.21080157
5375299,1,3,1,80,66,2,,,,2,,,.,2,,2,,,,,2,1,02,,66,366.85747888
5375303,1,1,1,80,66,1,3,,2,,,9,,2,,2,,,,,2,1,02,4,66,335.58937842
5375303,1,2,1,80,66,2,,,,2,,,.,2,,2,,,,,2,1,02,,66,335.58937842
5375306,1,3,1,80,66,1,8,,2,,,8,,2,,2,,,,,2,1,02,4,66,325.66453682
5375306,1,4,1,80,66,2,,,,2,,,.,2,,2,,,,,2,1,02,,66,325.66453682
5375310,1,1,1,80,66,1,3,,2,,,9,,2,,2,,,,,2,1,02,4,66,473.4570555
5375311,1,1,1,80,66,2,,,,2,,,.,2,,2,,,,,2,1,02,,66,243.60547437
5375311,1,2,1,80,66,1,5,,2,,,10,,3,,2,,,,,3,1,02,3,66,243.60547437
5375311,1,4,1,80,66,1,3,,2,,,9,,2,,2,,,,,2,1,02,4,66,243.60547437
5375311,1,5,1,80,66,2,,,,2,,,.,2,,2,,,,,2,1,02,,66,243.60547437
5375312,1,1,1,80,66,1,9,COVID 19,2,,,9,,2,,2,,,,,2,1,02,1.4,66,358.21080157
5375313,1,1,1,80,66,1,3,,2,,,9,,2,,2,,,,,2,1,02,2,66,463.15771048
5375315,1,1,1,80,66,1,6,,2,,,8,,2,,2,,,,,2,1,02,4,66,342.04753787
5375315,1,2,1,80,66,1,3,,2,,,9,,2,,2,,,,,2,1,02,4,66,342.04753787
5375316,1,2,1,80,66,1,9,CAMBIO DE CIUDAD,2,,,9,,2,,2,,,,,2,1,02,2,66,518.88737825
5375318,1,1,1,80,66,2,,,,2,,,.,2,,2,,,,,2,1,02,,66,294.08899126
5375319,1,1,1,80,66,1,3,,2,,,9,,2,,2,,,,,2,1,02,2,66,342.04753787
5375319,1,2,1,80,66,1,5,,2,,,10,,3,,2,,,,,3,1,02,4,66,342.04753787
5375321,1,1,1,80,66,1,3,,2,,,9,,2,,2,,,,,2,1,02,2,66,342.04753787
5375321,1,2,1,80,66,1,5,,2,,,10,,3,,2,,,,,3,1,02,4,66,342.04753787
5375325,1,1,1,80,66,1,4,,2,,,4,,2,,2,,,,,2,1,02,4,66,359.30402594
5375325,1,2,1,80,66,1,3,,2,,,9,,2,,2,,,,,2,1,02,4,66,359.30402594
5375326,1,2,1,80,66,1,2,,2,,,2,,2,,2,,,,,2,1,02,1.2,66,348.70048939
5375326,1,3,1,80,66,2,,,,2,,,.,,,2,,,,,,1,02,,66,348.70048939
5375327,1,1,1,80,66,2,,,,2,,,.,2,,2,,,,,2,1,02,,66,348.41369373
5375329,1,3,1,80,66,2,,,,2,,,.,,,2,,,,,,1,02,,66,366.85747888
5375330,1,1,1,80,66,1,3,,2,,,9,,2,,2,,,,,2,1,02,3,66,451.95238852
5375330,1,3,1,80,66,2,,,,2,,,.,2,,2,,,,,2,1,02,,66,451.95238852
5375331,1,4,1,80,66,2,,,,2,,,.,2,,2,,,,,2,1,02,,66,375.68702698
5375332,1,1,1,80,66,2,,,,2,,,.,2,,2,,,,,2,1,02,,66,511.03520929
5375332,1,2,1,80,66,1,4,,2,,,4,,2,,2,,,,,2,1,02,3,66,511.03520929
5375332,1,3,1,80,66,1,3,,2,,,9,,2,,2,,,,,2,1,02,2,66,511.03520929
5375332,1,7,1,80,66,1,3,,2,,,9,,2,,2,,,,,2,1,02,1.3,66,511.03520929
5375333,1,1,1,80,66,1,3,,2,,,9,,2,,2,,,,,2,1,02,4,66,351.75264212
5375334,1,1,1,80,66,2,,,,2,,,.,2,,2,,,,,2,1,02,,66,342.04753787
5375334,1,2,1,80,66,1,5,,2,,,10,,3,,2,,,,,3,1,02,3,66,342.04753787
5375335,1,3,1,80,66,2,,,,2,,,.,,,2,,,,,,1,02,,66,316.02965033
5375337,1,1,1,80,66,1,5,,2,,,10,,3,,2,,,,,3,1,02,4,66,333.37591529
5375337,1,3,1,80,66,2,,,,2,,,.,2,,2,,,,,2,1,02,,66,333.37591529
5375338,1,3,1,80,66,2,,,,2,,,.,2,,2,,,,,2,1,02,,66,345.36154099
5375338,1,4,1,80,66,2,,,,2,,,.,,,2,,,,,,1,02,,66,345.36154099
5375340,1,2,1,80,66,2,,,,2,,,.,2,,2,,,,,2,1,02,,66,292.09526547
5375342,1,2,1,80,66,2,,,,2,,,.,2,,2,,,,,2,1,02,,66,473.44832641
5375343,1,1,1,80,66,1,5,,2,,,10,,3,,2,,,,,3,1,02,4,66,145.42102322
5375343,1,2,1,80,66,1,3,,2,,,9,,2,,2,,,,,2,1,02,4,66,145.42102322
5375345,1,1,1,80,66,1,5,,2,,,10,,3,,2,,,,,3,1,02,4,66,179.10540078
5375348,1,2,1,80,66,1,4,,2,,,4,,2,,2,,,,,2,1,02,4,66,219.547361
5375348,1,3,1,80,66,2,,,,2,,,.,2,,2,,,,,2,1,02,,66,219.547361
5375349,1,1,1,80,66,1,3,,2,,,9,,2,,2,,,,,2,1,02,4,66,167.79468921
5375349,1,2,1,80,66,1,4,,2,,,4,,2,,2,,,,,2,1,02,1.4,66,167.79468921
5375350,1,1,1,80,66,1,9,QUERIA DESCANSAR,2,,,11,,2,,2,,,,,2,1,02,3,66,170.4322683
5375355,1,2,1,80,66,1,5,,2,,,10,,3,,2,,,,,3,1,02,3,66,338.70858947
5375355,1,3,1,80,66,2,,,,2,,,.,2,,2,,,,,2,1,02,,66,338.70858947
5375356,1,2,1,80,66,1,8,,2,,,4,,1,,2,,,,,2,1,02,4,66,342.04753787
5375358,1,3,1,80,66,2,,,,2,,,.,2,,2,,,,,2,1,02,,66,302.36966522
5375358,1,5,1,80,66,2,,,,2,,,.,2,,2,,,,,2,1,02,,66,302.36966522
5375358,1,6,1,80,66,2,,,,2,,,.,,,2,,,,,,1,02,,66,302.36966522
5375361,1,2,1,80,66,1,3,,2,,,8,,2,,2,,,,,2,1,02,4,66,348.41369373
5375362,1,3,1,80,66,2,,,,2,,,.,,,2,,,,,,1,02,,66,267.26037919
5375362,1,4,1,80,66,2,,,,2,,,.,,,2,,,,,,1,02,,66,267.26037919
5375363,1,2,1,80,66,2,,,,2,,,.,2,,2,,,,,2,1,02,,66,345.36154099
5375363,1,4,1,80,66,2,,,,2,,,.,2,,2,,,,,2,1,02,,66,345.36154099
5375364,1,1,1,80,66,1,3,,2,,,4,,2,,2,,,,,2,1,02,4,66,324.70127291
5375367,1,1,1,80,66,1,5,,2,,,10,,3,,2,,,,,3,1,02,4,66,358.21080157
5375368,1,1,1,80,66,1,3,,2,,,8,,1,2,2,,,,,1,1,02,3,66,335.58937842
5375368,1,2,1,80,66,2,,,,2,,,.,2,,2,,,,,2,1,02,,66,335.58937842
5375372,1,2,1,80,66,1,3,,2,,,9,,1,1,2,,,,,1,1,02,4,66,338.70858947
5375374,1,1,1,80,66,1,9,ESTA HACIENDO DILIGENCIAS PARA IRSE DEL PAIS,2,,,12,ESTA HACIENDO DILIGENCIAS PARA IRSE DEL PAIS,1,,1,2000000,2,,1200000,2,1,02,1.1,66,403.18311738
5375374,1,2,1,80,66,1,9,ESTA HACIENDO DILIGENCIAS PARA IRSE DEL PAIS,2,,,12,ESTA HACIENDO DILIGENCIAS PARA IRSE DEL PAIS,2,,1,400000,2,,908526,2,1,02,1.1,66,403.18311738
5375374,1,3,1,80,66,2,,,,2,,,.,,,2,,,,,,1,02,,66,403.18311738
5375375,1,3,1,80,66,2,,,,2,,,.,2,,2,,,,,2,1,02,,66,333.37591529
5375383,1,2,1,80,66,1,3,,2,,,9,,2,,2,,,,,2,1,02,2,66,360.06373687
5375383,1,3,1,80,66,2,,,,2,,,.,,,2,,,,,,1,02,,66,360.06373687
5375385,1,1,1,80,66,1,6,,2,,,1,,2,,2,,,,,2,1,02,4,66,358.21080157
5375390,1,1,1,80,66,1,3,,2,,,8,,2,,2,,,,,2,1,02,4,66,348.41369373
5375393,1,2,1,80,66,2,,,,2,,,.,2,,2,,,,,2,1,02,,66,342.04753787
5375394,1,2,1,80,66,1,7,,2,,,6,,1,,2,,2,,1000000,2,1,02,1.4,66,268.50741896
5375394,1,4,1,80,66,2,,,,2,,,.,2,,2,,,,,2,1,02,,66,268.50741896
5375394,1,5,1,80,66,1,4,,2,,,4,,2,,2,,,,,2,1,02,2,66,268.50741896
5375394,1,6,1,80,66,1,7,,2,,,4,,2,,2,,2,,900000,2,1,02,1.4,66,268.50741896
5375396,1,1,1,80,66,1,3,,2,,,9,,2,,2,,,,,2,1,02,2,66,348.50569731
5375396,1,2,1,80,66,1,5,,2,,,10,,3,,2,,,,,3,1,02,4,66,348.50569731
5375397,1,1,1,80,66,1,9,POR EDAD,2,,,8,,2,,2,,,,,2,1,02,3,66,358.21080157
5375400,1,1,1,80,66,1,5,,2,,,10,,3,,2,,,,,3,1,02,4,66,351.75264212
5375401,1,1,1,80,66,1,5,,2,,,10,,3,,2,,,,,3,1,02,4,66,358.21080157
5375402,1,2,1,80,66,2,,,,2,,,.,2,,2,,,,,2,1,02,,66,323.86560311
5375402,1,4,1,80,66,2,,,,2,,,.,2,,2,,,,,2,1,02,,66,323.86560311
5375402,1,5,1,80,66,2,,,,2,,,.,2,,2,,,,,2,1,02,,66,323.86560311
5375404,1,1,1,80,66,1,3,,2,,,8,,2,,2,,,,,2,1,02,4,66,351.75264212
5375405,1,4,1,80,66,2,,,,2,,,.,2,,2,,,,,2,1,02,,66,266.22689751
5375406,1,1,1,80,66,1,5,,2,,,10,,3,,2,,,,,3,1,02,4,66,335.58937842
5375406,1,2,1,80,66,2,,,,2,,,.,2,,2,,,,,2,1,02,,66,335.58937842
5375412,1,1,1,80,66,1,1,,2,,,9,,2,,2,,,,,2,1,02,1.2,66,466.49665887
5375413,1,2,1,80,66,2,,,,2,,,.,,,2,,,,,,1,02,,66,405.01891765
5375413,1,3,1,80,66,2,,,,2,,,.,2,,2,,,,,2,1,02,,66,405.01891765
5375416,1,3,1,80,66,2,,,,2,,,.,,,2,,,,,,1,02,,66,288.75631707
5375417,1,2,1,80,66,2,,,,2,,,.,2,,2,,,,,2,1,02,,66,292.09526547
5375419,1,1,1,80,66,1,3,,2,,,9,,2,,2,,,,,2,1,02,4,66,351.75264212
5375421,1,1,1,80,66,1,3,,2,,,9,,2,,2,,,,,2,1,02,4,66,338.99538513
5375421,1,4,1,80,66,2,,,,2,,,.,2,,2,,,,,2,1,02,,66,338.99538513
5375422,1,3,1,80,66,2,,,,2,,,.,2,,2,,,,,2,1,02,,66,136.29652669
5375422,1,4,1,80,66,2,,,,2,,,.,2,,2,,,,,2,1,02,,66,136.29652669
5375423,1,1,1,80,66,1,3,,2,,,9,,2,,2,,,,,2,1,02,4,66,348.41369373
5375424,1,3,1,80,66,2,,,,2,,,.,2,,2,,,,,2,1,02,,66,267.26037919
5375424,1,4,1,80,66,2,,,,2,,,.,2,,2,,,,,2,1,02,,66,267.26037919
5375425,1,4,1,80,66,2,,,,2,,,.,2,,2,,,,,2,1,02,,66,401.96676492
5375425,1,5,1,80,66,2,,,,2,,,.,,,2,,,,,,1,02,,66,401.96676492
5375426,1,1,1,80,66,1,4,,2,,,4,,2,,2,,,,,2,1,02,4,66,311.0412878
5375426,1,3,1,80,66,2,,,,2,,,.,2,,2,,,,,2,1,02,,66,311.0412878
5375426,1,4,1,80,66,2,,,,2,,,.,2,,2,,,,,2,1,02,,66,311.0412878
5375426,1,5,1,80,66,2,,,,2,,,.,,,2,,,,,,1,02,,66,311.0412878
5375428,1,1,1,80,66,1,3,,2,,,9,,2,,2,,,,,2,1,02,4,66,351.75264212
5375429,1,4,1,80,66,1,4,,2,,,4,,2,,2,,,,,2,1,02,4,66,266.22689751
5375437,1,1,1,80,68,1,3,,2,,,9,,2,,2,,2,,1000000,2,1,02,2,68,588.11686065
5375437,1,3,1,80,68,2,,,,2,,,.,2,,2,,,,,2,1,02,,68,588.11686065
5375438,1,1,1,80,68,1,5,,2,,,10,,3,,2,,,,,3,1,02,4,68,414.04999309
5375438,1,2,1,80,68,1,8,,2,,,9,,2,,2,,,,,2,1,02,4,68,414.04999309
5375439,1,1,1,80,68,1,4,,2,,,4,,2,,2,,,,,2,1,02,2,68,502.35169567
5375439,1,4,1,80,68,2,,,,2,,,.,2,,2,,,,,2,1,02,,68,502.35169567
5375441,1,3,1,80,68,2,,,,2,,,.,2,,2,,,,,2,1,02,,68,525.06297562
5375441,1,5,1,80,68,2,,,,2,,,.,2,,2,,,,,2,1,02,,68,525.06297562
5375442,1,1,1,80,68,1,3,,2,,,9,,2,,2,,,,,2,1,02,4,68,427.49344956
5375442,1,2,1,80,68,1,5,,2,,,9,,3,,2,,,,,3,1,02,4,68,427.49344956
5375442,1,3,1,80,68,1,6,,1,,3,9,,2,,2,,2,,1000000,2,1,02,3,68,427.49344956
5375443,1,1,1,80,68,1,4,,2,,,4,,2,,2,,,,,2,1,02,2,68,655.58790346
5375443,1,3,1,80,68,2,,,,2,,,.,2,,2,,,,,2,1,02,,68,655.58790346
5375444,1,1,1,80,68,1,5,,2,,,10,,3,,2,,,,,3,1,02,4,68,443.99814414
5375445,1,3,1,80,68,1,3,,2,,,9,,2,,2,,,,,2,1,02,3,68,408.47886639
5375454,1,1,1,80,68,1,3,,2,,,9,,2,,2,,,,,2,1,02,4,68,320.34044734
5375454,1,2,1,80,68,1,4,,2,,,4,,2,,2,,,,,2,1,02,4,68,320.34044734
5375454,1,3,1,80,68,2,,,,2,,,.,2,,2,,,,,2,1,02,,68,320.34044734
5375460,1,3,1,80,68,2,,,,2,,,.,2,,2,,,,,2,1,02,,68,634.3238216
5375461,1,2,1,80,68,1,3,,2,,,9,,2,,2,,2,,98,2,1,02,2,68,585.76529218
5375461,1,3,1,80,68,2,,,,2,,,.,,,2,,,,,,1,02,,68,585.76529218
5375465,1,1,1,80,68,1,3,,2,,,9,,2,,2,,,,,2,1,02,4,68,462.88400852
5375465,1,2,1,80,68,1,5,,1,,1,1,,3,,2,,,,,3,1,02,1.4,68,462.88400852
5375465,1,4,1,80,68,1,6,,2,,,8,,2,,2,,,,,2,1,02,4,68,462.88400852
5375466,1,1,1,80,68,1,4,,2,,,8,,2,,2,,,,,2,1,02,4,68,426.59900602
5375466,1,2,1,80,68,1,4,,2,,,4,,1,2,2,,2,,1000000,1,1,02,3,68,426.59900602
5375466,1,4,1,80,68,2,,,,2,,,.,2,,2,,,,,2,1,02,,68,426.59900602
5375468,1,1,1,80,68,1,3,,2,,,9,,2,,2,,,,,2,1,02,2,68,731.44088045
5375468,1,3,1,80,68,2,,,,2,,,.,,,2,,,,,,1,02,,68,731.44088045
5375470,1,1,1,80,68,1,4,,2,,,4,,2,,2,,,,,2,1,02,4,68,521.20299531
5375471,1,2,1,80,68,1,8,,2,,,4,,2,,2,,2,,878000,2,1,02,1.4,68,655.86911443
5375472,1,4,1,80,68,2,,,,2,,,.,2,,2,,,,,2,1,02,,68,658.27693322
5375473,1,2,1,80,68,2,,,,2,,,.,2,,2,,,,,2,1,02,,68,521.20299531
5375474,1,3,1,80,68,2,,,,2,,,.,2,,2,,,,,2,1,02,,68,604.37567055
5375477,1,3,1,80,68,2,,,,2,,,.,2,,2,,,,,2,1,02,,68,671.37580501
5375477,1,4,1,80,68,2,,,,2,,,.,2,,2,,,,,2,1,02,,68,671.37580501
5375477,1,5,1,80,68,2,,,,2,,,.,2,,2,,,,,2,1,02,,68,671.37580501
5375478,1,1,1,80,68,1,4,,2,,,4,,2,,2,,,,,2,1,02,4,68,403.75404386
5375482,1,6,1,80,68,2,,,,2,,,.,2,,2,,,,,2,1,02,,68,648.04276407
5375483,1,2,1,80,68,1,3,,2,,,9,,2,,2,,,,,2,1,02,3,68,638.24774197
5375485,1,2,1,80,68,1,3,,2,,,9,,2,,2,,1,40,900000,2,1,02,1.3,68,447.61720319
5375485,1,4,1,80,68,2,,,,2,,,.,2,,2,,,,,2,1,02,,68,447.61720319
5375488,1,1,1,80,68,1,4,,2,,,4,,2,,2,,,,,2,1,02,2,68,403.75404386
5375490,1,1,1,80,68,1,5,,2,,,10,,3,,2,,,,,3,1,02,4,68,414.04999309
5375490,1,2,1,80,68,2,,,,2,,,.,2,,2,,,,,2,1,02,,68,414.04999309
5375491,1,3,1,80,68,2,,,,2,,,.,,,2,,,,,,1,02,,68,739.40570476
5375491,1,4,1,80,68,2,,,,2,,,.,,,2,,,,,,1,02,,68,739.40570476
5375493,1,1,1,80,68,1,8,,2,,,11,,3,,2,,,,,3,1,02,4,68,478.61228996
5375493,1,2,1,80,68,1,8,,2,,,9,,2,,2,,,,,2,1,02,4,68,478.61228996
5375493,1,3,1,80,68,2,,,,2,,,.,,,2,,,,,,1,02,,68,478.61228996
5375494,1,3,1,80,68,2,,,,2,,,.,2,,2,,,,,2,1,02,,68,396.65085497
5375494,1,4,1,80,68,2,,,,2,,,.,,,2,,,,,,1,02,,68,396.65085497
5375494,1,5,1,80,68,1,5,,2,,,10,,3,,2,,,,,3,1,02,4,68,396.65085497
5375495,1,1,1,80,68,1,8,,2,,,11,,3,,2,,,,,3,1,02,4,68,414.04999309
5375495,1,2,1,80,68,1,8,,2,,,11,,2,,2,,,,,2,1,02,4,68,414.04999309
5375496,1,1,1,80,68,1,8,,2,,,8,,2,,2,,,,,2,1,02,1.4,68,457.35317152
5375496,1,2,1,80,68,1,6,,2,,,8,,1,2,2,,,,,1,1,02,2,68,457.35317152
5375496,1,3,1,80,68,2,,,,2,,,.,2,,2,,,,,2,1,02,,68,457.35317152
5375498,1,1,1,80,68,1,7,,2,,,11,,2,,2,,,,,2,1,02,1.4,68,521.20299531
5375498,1,2,1,80,68,1,7,,2,,,2,,2,,2,,,,,2,1,02,1.4,68,521.20299531
5375499,1,1,1,80,68,1,5,,2,,,10,,3,,2,,,,,3,1,02,4,68,487.30132257
5375499,1,2,1,80,68,2,,,,2,,,.,2,,2,,,,,2,1,02,,68,487.30132257
5375501,1,2,1,80,68,1,6,,2,,,1,,2,,2,,,,1000000,2,1,02,2,68,461.30669321
5375501,1,4,1,80,68,2,,,,2,,,.,2,,2,,,,,2,1,02,,68,461.30669321
5375502,1,1,1,80,68,1,3,,2,,,9,,3,,2,,,,,2,1,02,4,68,339.99264916
5375503,1,5,1,80,68,1,8,,2,,,4,,2,,2,,,,,2,1,02,4,68,574.76183327
5375504,1,3,1,80,68,1,3,,2,,,9,,2,,2,,,,,2,1,02,4,68,268.85384495
5375505,1,1,1,80,68,1,8,,2,,,8,,2,,2,,1,48,900000,2,1,02,1.1,68,673.26609258
5375507,1,1,1,80,68,1,5,,1,,4,1,,3,,2,,,,,3,1,02,4,68,491.25484426
5375507,1,2,1,80,68,1,3,,2,,,9,,2,,2,,,,,2,1,02,4,68,491.25484426
5375509,1,2,1,80,68,2,,,,2,,,.,2,,2,,,,,2,1,02,,68,676.29556941
5375513,1,1,1,80,68,1,7,,1,,2,12,INCERTIDUMBRE RESPECTO A LA PANDEMIA,2,,2,,1,24,908526,2,1,02,3,68,488.9082392
5375513,1,2,1,80,68,2,,,,2,,,.,,,2,,,,,,1,02,,68,488.9082392
5375513,1,3,1,80,68,1,5,,2,,,10,,3,,2,,,,,3,1,02,4,68,488.9082392
5375514,1,1,1,80,68,1,5,,2,,,10,,3,,2,,,,,3,1,02,4,68,451.81164614
5375516,1,2,1,80,68,2,,,,2,,,.,2,,2,,,,,2,1,02,,68,508.56044101
5375517,1,4,1,80,68,2,,,,2,,,.,,,2,,,,,,1,02,,68,332.88946027
5375517,1,5,1,80,68,1,4,,2,,,4,,2,,2,,,,,2,1,02,1.4,68,332.88946027
5375521,1,1,1,80,68,1,5,,2,,,10,,3,,2,,,,,3,1,02,4,68,555.81714113
5375521,1,2,1,80,68,1,3,,2,,,9,,2,,2,,,,,2,1,02,4,68,555.81714113
5375521,1,4,1,80,68,2,,,,2,,,.,2,,2,,,,,2,1,02,,68,555.81714113
5375522,1,2,1,80,68,2,,,,2,,,.,2,,2,,,,,2,1,02,,68,391.61025672
5375523,1,2,1,80,68,2,,,,2,,,.,2,,2,,,,,2,1,02,,68,587.34260749
5375524,1,3,1,80,68,2,,,,2,,,.,,,2,,,,,,1,02,,68,632.99239098
5375528,1,1,1,80,68,1,3,,2,,,9,,2,,2,,,,,2,1,02,4,68,509.33469418
5375528,1,2,1,80,68,1,4,,2,,,4,,2,,2,,2,,1000000,2,1,02,2,68,509.33469418
5375528,1,5,1,80,68,2,,,,2,,,.,2,,2,,,,,2,1,02,,68,509.33469418
5375529,1,1,1,80,68,1,8,,2,,,9,,2,,2,,,,,2,1,02,4,68,443.99814414
5375530,1,1,1,80,68,1,5,,2,,,4,,3,,2,,2,,98,3,1,02,2,68,414.04999309
5375530,1,2,1,80,68,1,4,,2,,,4,,2,,2,,,,,2,1,02,4,68,414.04999309
5375533,1,4,1,80,68,2,,,,2,,,.,2,,2,,,,,2,1,02,,68,629.06847061
5375534,1,3,1,80,68,2,,,,2,,,.,2,,2,,,,,2,1,02,,68,676.29556941
5375534,1,4,1,80,68,2,,,,2,,,.,,,2,,,,,,1,02,,68,676.29556941
5375535,1,1,1,80,68,1,6,,2,,,1,,2,,2,,,,,2,1,02,2,68,376.95340003
5375535,1,2,1,80,68,1,4,,2,,,4,,2,,2,,,,,2,1,02,1.4,68,376.95340003
5375538,1,1,1,80,68,1,4,,2,,,4,,2,,2,,,,,2,1,02,4,68,491.25484426
5375540,1,2,1,80,68,1,3,,2,,,8,,2,,2,,,,,2,1,02,4,68,339.99264916
5375541,1,2,1,80,68,1,6,,2,,,1,,2,,2,,1,24,500000,2,1,02,2,68,414.04999309
5375543,1,1,1,80,68,1,7,,1,,2,1,,2,,2,,,,1000000,2,1,02,2,68,403.75404386
5375545,1,1,1,80,68,1,5,,2,,,10,,3,,2,,,,,3,1,02,4,68,491.25484426
5375545,1,2,1,80,68,1,4,,2,,,4,,2,,2,,,,,2,1,02,4,68,491.25484426
5375546,1,1,1,80,68,1,5,,2,,,9,,3,,2,,,,,3,1,02,2,68,521.20299531
5375546,1,2,1,80,68,1,4,,2,,,4,,2,,2,,,,,2,1,02,4,68,521.20299531
5375547,1,1,1,80,68,1,6,,2,,,11,,2,,2,,,,,2,1,02,2,68,403.75404386
5375548,1,2,1,80,68,1,3,,2,,,9,,2,,2,,2,,98,2,1,02,4,68,640.81658136
5375548,1,3,1,80,68,2,,,,2,,,.,2,,2,,,,,2,1,02,,68,640.81658136
5375548,1,4,1,80,68,2,,,,2,,,.,2,,2,,,,,2,1,02,,68,640.81658136
5375548,1,5,1,80,68,2,,,,2,,,.,,,2,,,,,,1,02,,68,640.81658136
5375549,1,1,1,80,68,1,5,,2,,,10,,3,,2,,,,,3,1,02,2,68,491.25484426
5375549,1,2,1,80,68,1,3,,2,,,9,,2,,2,,,,,2,1,02,4,68,491.25484426
5375550,1,2,1,80,68,1,4,,2,,,4,,2,,2,,2,,900000,2,1,02,1.3,68,631.41507567
5375550,1,4,1,80,68,2,,,,2,,,.,2,,2,,,,,2,1,02,,68,631.41507567
5375551,1,1,1,80,68,1,7,,2,,,8,,2,,2,,,,,2,1,02,4,68,414.04999309
5375551,1,2,1,80,68,1,4,,2,,,4,,2,,2,,,,,2,1,02,4,68,414.04999309
5375552,1,2,1,80,68,1,3,,2,,,9,,2,4,2,,,,,1,1,02,4,68,629.06847061
5375554,1,1,1,80,68,1,8,,2,,,10,,3,,2,,,,,3,1,02,3,68,491.25484426
5375554,1,2,1,80,68,2,,,,1,4,10,,3,,2,,,,,3,1,02,,68,491.25484426
5375554,1,3,1,80,68,1,8,,1,,1,4,,2,,2,,2,,1000000,2,1,02,1.4,68,491.25484426
5375557,1,1,1,80,68,1,5,,2,,,10,,3,,2,,,,,3,1,02,4,68,584.96439001
5375560,1,1,1,80,68,1,9,PERDIDA DE PLANTE PARA TRABAJAR,2,,,1,,2,,2,,1,48,908526,2,1,02,1.4,68,417.19750032
5375560,1,3,1,80,68,1,4,,2,,,4,,2,,2,,,,,2,1,02,4,68,417.19750032
5375561,1,1,1,80,68,1,3,,2,,,9,,2,,2,,,,,2,1,02,4,68,783.20765036
5375561,1,4,1,80,68,2,,,,2,,,.,2,,2,,,,,2,1,02,,68,783.20765036
5375561,2,2,2,80,68,1,3,,2,,,9,,2,,2,,,,,2,1,02,3,68,783.20765036
5375563,1,4,1,80,68,2,,,,2,,,.,2,,2,,,,,2,1,02,,68,747.22989515
5375563,1,5,1,80,68,2,,,,2,,,.,,,2,,,,,,1,02,,68,747.22989515
5375563,1,6,1,80,68,2,,,,2,,,.,,,2,,,,,,1,02,,68,747.22989515
5375564,1,2,1,80,68,1,3,,2,,,9,,2,,2,,,,,2,1,02,3,68,632.99239098
5375564,1,3,1,80,68,2,,,,2,,,.,2,,2,,,,,2,1,02,,68,632.99239098
5375565,1,3,1,80,68,2,,,,2,,,.,,,2,,,,,,1,02,,68,597.51340293
5375565,1,4,1,80,68,2,,,,2,,,.,,,2,,,,,,1,02,,68,597.51340293
5375567,1,1,1,80,68,1,3,,2,,,9,,2,,2,,,,,2,1,02,4,68,638.24774197
5375568,1,2,1,80,68,1,7,,2,,,1,,2,,2,,,,,2,1,02,1.4,68,534.55802269
5375570,1,4,1,80,68,2,,,,2,,,.,2,,2,,,,,2,1,02,,68,597.51340293
5375571,1,2,1,80,68,1,4,,2,,,4,,2,,2,,,,,2,1,02,4,68,414.04999309
5375573,1,2,1,80,68,2,,,,2,,,.,,,2,,,,,,1,02,,68,423.1653244
5375573,2,2,2,80,68,1,4,,2,,,4,,2,,2,,,,,2,1,02,4,68,423.1653244
5375574,1,2,1,80,68,2,,,,2,,,.,2,,2,,,,,2,1,02,,68,564.50617374
5375574,1,3,1,80,68,2,,,,2,,,.,,,2,,,,,,1,02,,68,564.50617374
5375578,1,3,1,80,68,2,,,,2,,,.,2,,2,,,,,2,1,02,,68,597.51340293
5375578,1,4,1,80,68,2,,,,2,,,.,2,,2,,,,,2,1,02,,68,597.51340293
5375581,1,1,1,80,68,1,8,,2,,,8,,2,,2,,,,,2,1,02,4,68,443.99814414
5375583,1,1,1,80,68,1,4,,2,,,8,,2,,2,,,,,2,1,02,4,68,310.04449811
5375583,1,2,1,80,68,1,3,,2,,,8,,2,,2,,,,,2,1,02,4,68,310.04449811
5375584,1,2,1,80,68,2,,,,2,,,.,,,2,,,,,,1,02,,68,508.56044101
5375588,1,3,1,80,68,1,3,,2,,,9,,2,,2,,,,,2,1,02,4,68,406.90155108
5375589,1,1,1,80,68,1,9,RIESGO CONTAGIO DEL COVID,2,,,4,,1,1,2,,,,,1,1,02,1.4,68,460.50067875
5375589,1,2,1,80,68,1,4,,2,,,4,,2,,2,,,,,2,1,02,2,68,460.50067875
5375589,1,3,1,80,68,2,,,,2,,,.,2,,2,,,,,2,1,02,,68,460.50067875
5375589,1,4,1,80,68,1,4,,2,,,4,,2,,2,,,,,2,1,02,4,68,460.50067875
5375590,1,1,1,80,68,1,3,,2,,,9,,2,,2,,,,,2,1,02,4,68,521.20299531
5375590,1,2,1,80,68,1,8,,2,,,12,ESTA ESPERANDO EL NUEVO CONTRATO,2,,2,,,,1800000,2,1,02,1.2,68,521.20299531
5375592,1,2,1,80,68,1,4,,2,,,10,,3,,2,,,,,3,1,02,4,68,555.01623896
5375594,1,1,1,80,68,1,5,,2,,,11,,3,,2,,,,,3,1,02,4,68,507.75953884
5375595,1,1,1,80,68,1,8,,2,,,9,,1,1,2,,1,8,1800000,1,1,02,1.2,68,634.3238216
5375597,1,2,1,80,68,1,3,,2,,,9,,2,,2,,,,,2,1,02,4,68,652.93419998
5375597,1,3,1,80,68,2,,,,2,,,.,,,2,,,,,,1,02,,68,652.93419998
5375597,1,6,1,80,68,1,8,,2,,,8,,2,,2,,1,30,800000,2,1,02,3,68,652.93419998
5375599,1,1,1,80,68,1,3,,2,,,9,,2,,2,,,,,2,1,02,4,68,505.38117249
5375599,1,2,1,80,68,2,,,,2,,,.,2,,2,,,,,2,1,02,,68,505.38117249
5375599,1,4,1,80,68,2,,,,2,,,.,,,2,,,,,,1,02,,68,505.38117249
5375600,1,1,1,80,68,1,5,,2,,,10,,3,,2,,,,,3,1,02,4,68,414.04999309
5375600,1,2,1,80,68,1,3,,2,,,9,,2,,2,,,,,2,1,02,4,68,414.04999309
5375604,1,1,1,80,68,1,5,,2,,,10,,3,,2,,,,,3,1,02,4,68,443.99814414
5375610,1,1,1,80,68,1,3,,2,,,9,,2,,2,,1,24,900000,2,1,02,4,68,383.29582759
5375610,1,3,1,80,68,1,8,,2,,,2,,2,,2,,2,,900000,2,1,02,2,68,383.29582759
5375611,1,4,1,80,68,1,3,,2,,,9,,2,,2,,,,,2,1,02,2,68,465.75602975
5375798,1,2,1,80,73,1,3,,2,,,9,,2,,2,,,,,2,1,02,4,73,570.46139397
5375798,1,5,1,80,73,2,,,,2,,,.,2,,2,,,,,2,1,02,,73,570.46139397
5375798,1,6,1,80,73,2,,,,2,,,.,2,,2,,,,,2,1,02,,73,570.46139397
5375799,1,1,1,80,73,1,6,,2,,,8,,2,,2,,,,,2,1,02,4,73,239.87856676
5375800,1,5,1,80,73,2,,,,2,,,.,2,,2,,,,,2,1,02,,73,270.53364457
5375801,1,2,1,80,73,1,1,,1,,1,4,,1,1,2,,2,,900000,1,1,02,1.3,73,328.59007225
5375801,1,3,1,80,73,2,,,,2,,,.,2,,2,,,,,2,1,02,,73,328.59007225
5375801,1,4,1,80,73,1,3,,2,,,9,,2,,2,,,,,2,1,02,4,73,328.59007225
5375803,1,3,1,80,73,1,6,,2,,,8,,1,,2,,,,,2,1,02,3,73,228.06946687
5375803,1,4,1,80,73,1,3,,2,,,9,,1,,2,,,,,2,1,02,4,73,228.06946687
5375805,1,3,1,80,73,2,,,,2,,,.,,,2,,,,,,1,02,,73,308.98537924
5375805,1,5,1,80,73,1,3,,2,,,9,,2,,2,,,,,2,1,02,4,73,308.98537924
5375806,1,1,1,80,73,1,3,,2,,,9,,2,,2,,,,,2,1,02,4,73,381.67901758
5375806,1,2,1,80,73,1,4,,2,,,4,,2,,2,,,,,2,1,02,1.2,73,381.67901758
5375806,1,4,1,80,73,2,,,,2,,,.,2,,2,,,,,2,1,02,,73,381.67901758
5375808,1,3,1,80,73,2,,,,2,,,.,2,,2,,,,,2,1,02,,73,331.41770832
5375808,1,4,1,80,73,2,,,,2,,,.,,,2,,,,,,1,02,,73,331.41770832
5375810,1,2,1,80,73,1,3,,2,,,9,,2,,2,,1,48,900000,2,1,02,4,73,294.20943356
5375810,1,3,1,80,73,2,,,,2,,,.,,,2,,,,,,1,02,,73,294.20943356
5375810,1,5,1,80,73,1,3,,2,,,9,,2,,2,,,,,2,1,02,4,73,294.20943356
5375811,1,2,1,80,73,2,,,,2,,,.,2,,2,,,,,2,1,02,,73,154.95747897
5375814,1,1,1,80,73,1,3,,2,,,9,,2,,2,,,,,2,1,02,4,73,441.17071746
5375815,1,3,1,80,73,2,,,,2,,,.,,,2,,,,,,1,02,,73,242.08669746
5375817,1,1,1,80,73,1,3,,2,,,9,,2,,2,,,,,2,1,02,4,73,309.33571646
5375818,1,1,1,80,73,1,5,,2,,,10,,3,,2,,,,,3,1,02,4,73,329.9066187
5375822,1,2,1,80,73,1,4,,2,,,4,,2,,1,500000,,,,2,1,02,1.2,73,329.32737722
5375823,1,2,1,80,73,2,,,,2,,,.,,,2,,,,,,1,02,,73,370.91774744
5375824,1,1,1,80,73,1,3,,2,,,9,,2,,2,,,,,2,1,02,4,73,266.48186379
5375824,1,3,1,80,73,2,,,,2,,,.,,,2,,,,,,1,02,,73,266.48186379
5375824,1,4,1,80,73,2,,,,2,,,.,,,2,,,,,,1,02,,73,266.48186379
5375825,1,1,1,80,73,2,,,,2,,,.,2,,2,,,,,2,1,02,,73,295.8597329
5375825,1,5,1,80,73,2,,,,2,,,.,2,,2,,,,,2,1,02,,73,295.8597329
5375826,1,1,1,80,73,1,4,,2,,,4,,1,4,2,,,,,1,1,02,4,73,250.19435379
5375827,1,1,1,80,73,1,3,,2,,,8,,2,,2,,,,,2,1,02,4,73,250.19435379
5375830,1,1,1,80,73,1,1,,2,,,10,,3,,2,,,,,3,1,02,1.3,73,299.38804341
5375830,1,2,1,80,73,1,3,,2,,,9,,1,,2,,,,,2,1,02,4,73,299.38804341
5375830,1,3,1,80,73,2,,,,2,,,.,2,,2,,,,,2,1,02,,73,299.38804341
5375831,1,2,1,80,73,1,7,,2,,,9,,1,,2,,,,,2,1,02,2,73,215.15494802
5375831,1,3,1,80,73,2,,,,2,,,.,2,,2,,,,,2,1,02,,73,215.15494802
5375836,1,1,1,80,73,2,,,,2,,,.,2,,2,,,,,2,1,02,,73,325.62322646
5375836,1,3,1,80,73,2,,,,2,,,.,2,,2,,,,,2,1,02,,73,325.62322646
5375836,1,4,1,80,73,2,,,,2,,,.,,,2,,,,,,1,02,,73,325.62322646
5375836,1,6,1,80,73,1,4,,2,,,4,,2,,2,,,,,2,1,02,4,73,325.62322646
5375837,1,3,1,80,73,1,5,,2,,,10,,3,,2,,,,,3,1,02,4,73,214.51719119
5375837,1,4,1,80,73,2,,,,2,,,.,2,,2,,,,,2,1,02,,73,214.51719119
5375838,1,1,1,80,73,1,3,,2,,,9,,2,,2,,,,,2,1,02,4,73,282.57435593
5375840,1,2,1,80,73,2,,,,2,,,.,2,,2,,,,,2,1,02,,73,512.71819826
5375840,1,3,1,80,73,2,,,,2,,,.,,,2,,,,,,1,02,,73,512.71819826
5375842,1,2,1,80,73,2,,,,2,,,.,2,,2,,,,,2,1,02,,73,369.69407743
5375843,1,3,1,80,73,2,,,,1,2,1,,2,,2,,2,,900000,2,1,02,,73,310.43842821
5375844,1,1,1,80,73,1,8,,2,,,9,,2,,2,,,,,2,1,02,4,73,340.49204858
5375845,1,3,1,80,73,1,6,,2,,,8,,1,,2,,,,,2,1,02,4,73,210.46541042
5375847,1,3,1,80,73,2,,,,2,,,.,,,2,,,,,,1,02,,73,368.70598338
5375848,1,2,1,80,73,2,,,,2,,,.,2,,2,,,,,2,1,02,,73,340.97841362
5375848,1,3,1,80,73,2,,,,2,,,.,,,2,,,,,,1,02,,73,340.97841362
5375850,1,1,1,80,73,1,4,,2,,,4,,2,,2,,,,,2,1,02,4,73,182.36609332
5375850,1,2,1,80,73,1,4,,2,,,8,,2,,2,,,,,2,1,02,4,73,182.36609332
5375850,1,3,1,80,73,2,,,,2,,,.,2,,2,,,,,2,1,02,,73,182.36609332
5375850,1,4,1,80,73,2,,,,2,,,.,2,,2,,,,,2,1,02,,73,182.36609332
5375852,1,1,1,80,73,1,3,,2,,,9,,1,1,2,,,,,1,1,02,2,73,309.33571646
5375852,1,2,1,80,73,2,,,,2,,,.,2,,2,,,,,2,1,02,,73,309.33571646
5375854,1,1,1,80,73,1,5,,2,,,10,,3,,2,,,,,3,1,02,4,73,329.9066187
5375855,1,1,1,80,73,1,5,,2,,,10,,3,,2,,,,,3,1,02,4,73,154.95747897
5375855,1,2,1,80,73,1,1,,1,,4,1,,2,,2,,1,48,1200000,2,1,02,4,73,154.95747897
5375855,1,4,1,80,73,2,,,,2,,,.,2,,2,,,,,2,1,02,,73,154.95747897
5375856,1,1,1,80,73,1,5,,2,,,10,,3,,2,,,,,3,1,02,4,73,272.92124888
5375856,1,2,1,80,73,2,,,,2,,,.,2,,2,,,,,2,1,02,,73,272.92124888
5375856,1,3,1,80,73,2,,,,2,,,.,2,,2,,,,,2,1,02,,73,272.92124888
5375856,1,5,1,80,73,2,,,,2,,,.,2,,2,,,,,2,1,02,,73,272.92124888
5375856,1,6,1,80,73,2,,,,2,,,.,2,,2,,,,,2,1,02,,73,272.92124888
5375858,1,2,1,80,76,1,8,,2,,,8,,2,,2,,1,48,908526,2,1,02,1.2,76,1048.6883378
5375858,1,3,1,80,76,2,,,,2,,,.,2,,2,,1,48,908526,2,1,02,,76,1048.6883378
5375859,2,1,2,80,76,1,5,,2,,,10,,3,,2,,,,,3,1,02,4,76,836.42565178
5375861,1,2,1,80,76,1,7,,2,,,9,,2,,2,,1,24,908526,2,1,02,2,76,1271.7243245
5375861,1,5,1,80,76,2,,,,2,,,.,2,,2,,,,,2,1,02,,76,1271.7243245
5375862,1,2,1,80,76,1,7,,2,,,9,,2,,2,,,,,2,1,02,4,76,1071.0253845
5375863,1,6,1,80,76,1,1,,1,,1,4,,2,,2,,1,48,908526,2,1,02,2,76,1360.0885506
5375865,1,1,1,80,76,1,4,,2,,,11,,3,,2,,,,,3,1,02,4,76,1104.2437184
5375865,1,2,1,80,76,1,3,,2,,,9,,2,,2,,1,24,908526,2,1,02,1.4,76,1104.2437184
5375866,1,1,1,80,76,1,3,,2,,,9,,2,,2,,2,,908526,2,1,02,1.2,76,1423.9735422
5375869,1,2,1,80,76,1,9,RAZON PERSONAL,2,,,8,,3,,2,,1,48,908526,3,1,02,4,76,1415.2170744
5375869,1,3,1,80,76,1,7,,2,,,2,,2,,1,100000,2,,908526,2,1,02,1.1,76,1415.2170744
5375869,1,4,1,80,76,2,,,,2,,,.,,,2,,,,,,1,02,,76,1415.2170744
5375870,1,3,1,80,76,2,,,,2,,,.,2,,2,,,,,2,1,02,,76,829.07097892
5375870,1,4,1,80,76,2,,,,2,,,.,2,,2,,,,,2,1,02,,76,829.07097892
5375872,1,2,1,80,76,2,,,,2,,,.,2,,2,,,,,2,1,02,,76,1347.8489333
5375875,1,4,1,80,76,1,3,,2,,,11,,2,,2,,,,,2,1,02,4,76,598.61978671
5375878,1,1,1,80,76,1,5,,2,,,10,,3,,2,,,,,3,1,02,4,76,979.74085993
5375880,1,2,1,80,76,1,7,,1,,4,11,,1,,2,,,,,2,1,02,4,76,849.57967451
5375880,1,3,1,80,76,2,,,,2,,,.,2,,2,,,,,2,1,02,,76,849.57967451
5375881,1,1,1,80,76,1,5,,2,,,10,,3,,2,,,,,3,1,02,4,76,1069.4460478
5375881,1,2,1,80,76,1,7,,2,,,11,,2,,2,,,,,2,1,02,4,76,1069.4460478
5375884,1,1,1,80,76,1,4,,2,,,4,,2,,2,,2,,1200000,2,1,02,1.1,76,1182.8900774
5375884,1,4,1,80,76,2,,,,2,,,.,,,2,,,,,,1,02,,76,1182.8900774
5375885,1,3,1,80,76,2,,,,2,,,.,,,2,,,,,,1,02,,76,916.55332423
5375887,1,2,1,80,76,1,7,,2,,,9,,2,,1,200000,1,36,908526,2,1,02,1.4,76,3581.0045577
5375890,1,2,1,80,76,1,3,,2,,,9,,2,,2,,2,,908526,2,1,02,2,76,1805.3087733
5375890,1,4,1,80,76,2,,,,2,,,.,2,,2,,,,,2,1,02,,76,1805.3087733
5375890,1,6,1,80,76,2,,,,2,,,.,2,,2,,,,,2,1,02,,76,1805.3087733
5375892,1,3,1,80,76,2,,,,2,,,.,,,2,,,,,,1,02,,76,1707.1654762
5375894,1,2,1,80,76,1,9,POR CUARENTENTA DE COVID 19,2,,,12,NO TIENE RECURSOS PARA INSTALAR NEGOCIO,2,,2,,2,,98,2,1,02,1.4,76,891.79255055
5375897,1,1,1,80,76,1,7,,2,,,9,,2,,2,,,,,2,1,02,4,76,1073.6874863
5375901,1,2,1,80,76,1,8,,2,,,9,,2,,2,,,,,2,1,02,1.2,76,737.71498168
5375904,1,1,1,80,76,1,4,,2,,,4,,2,,2,,,,,2,1,02,3,76,780.80973853
5375907,1,1,1,80,76,1,9,CUARENTENA OBLIGATORIA,2,,,8,,2,,2,,2,,908526,2,1,02,1.4,76,912.55026063
5375907,1,2,1,80,76,1,8,,2,,,1,,1,,2,,1,40,908526,2,1,02,1.2,76,912.55026063
5375914,1,3,1,80,76,2,,,,2,,,.,2,,2,,,,,2,1,02,,76,927.53263454
5375915,1,1,1,80,76,1,4,,2,,,9,,2,,2,,,,,2,1,02,3,76,1174.1336097
5375915,1,4,1,80,76,2,,,,2,,,.,2,,2,,,,,2,1,02,,76,1174.1336097
5375915,1,5,1,80,76,2,,,,2,,,.,2,,2,,,,,2,1,02,,76,1174.1336097
5375915,1,6,1,80,76,2,,,,2,,,.,,,2,,,,,,1,02,,76,1174.1336097
5375919,1,1,1,80,76,1,3,,2,,,9,,2,,2,,,,,2,1,02,3,76,860.93741097
5375920,1,1,1,80,76,1,5,,2,,,11,,3,,2,,,,,3,1,02,4,76,836.42565178
5375920,1,2,1,80,76,1,8,,2,,,11,,2,,2,,,,,2,1,02,4,76,836.42565178
5375921,1,1,1,80,76,1,5,,2,,,10,,3,,2,,,,,3,1,02,4,76,1116.5438683
5375921,1,3,1,80,76,2,,,,2,,,.,,,2,,,,,,1,02,,76,1116.5438683
5375923,1,2,1,80,76,1,1,,2,,,2,,2,,2,,,,,2,1,02,1.4,76,985.96676612
5375923,1,3,1,80,76,2,,,,2,,,.,,,2,,,,,,1,02,,76,985.96676612
5375923,1,4,1,80,76,2,,,,2,,,.,,,2,,,,,,1,02,,76,985.96676612
5375925,1,1,1,80,76,1,7,,2,,,11,,2,,2,,,,,2,1,02,4,76,979.74085993
5375928,1,2,1,80,76,1,3,,2,,,9,,1,2,2,,2,,1200000,1,1,02,2,76,1339.7858646
5375928,1,4,1,80,76,2,,,,2,,,.,2,,2,,,,,2,1,02,,76,1339.7858646
5375929,1,1,1,80,76,1,3,,2,,,5,,2,,2,,,,,2,1,02,4,76,1105.1861318
5375929,1,2,1,80,76,2,,,,2,,,.,2,,2,,,,,2,1,02,,76,1105.1861318
5375930,1,4,1,80,76,2,,,,2,,,.,2,,2,,,,,2,1,02,,76,1084.4284217
5375932,1,3,1,80,76,1,4,,2,,,4,,2,,2,,,,,2,1,02,4,76,760.05202845
5375932,1,4,1,80,76,1,8,,2,,,8,,2,,2,,,,,2,1,02,4,76,760.05202845
5375935,1,2,1,80,76,1,3,,2,,,9,,1,,2,,2,,1800000,2,1,02,1.4,76,1547.1959714
5375936,1,2,1,80,76,2,,,,2,,,.,2,,2,,,,,2,1,02,,76,1182.8900774
5375936,1,4,1,80,76,2,,,,2,,,.,2,,2,,,,,2,1,02,,76,1182.8900774
5375938,1,3,1,80,76,2,,,,2,,,.,2,,2,,,,,2,1,02,,76,1160.5530306
5375940,1,2,1,80,76,1,7,,2,,,4,,2,,2,,2,,908526,2,1,02,3,76,1539.7764086
5375941,1,2,1,80,76,1,6,,2,,,5,,1,,2,,1,48,908526,2,1,02,1.2,76,1339.7858646
5375941,1,4,1,80,76,2,,,,2,,,.,,,2,,,,,,1,02,,76,1339.7858646
5375942,1,1,1,80,76,1,1,,2,,,4,,2,,2,,1,24,400000,2,1,02,2,76,1024.4149535
5375943,1,1,1,80,76,1,5,,2,,,10,,3,,2,,,,,3,1,02,4,76,1347.8489333
5375944,1,2,1,80,76,1,3,,2,,,9,,2,,2,,,,,2,1,02,3,76,1310.5100617
5375944,1,4,1,80,76,2,,,,2,,,.,,,2,,,,,,1,02,,76,1310.5100617
5375944,1,6,1,80,76,1,3,,2,,,8,,2,,2,,,,,2,1,02,2,76,1310.5100617
5375945,1,2,1,80,76,1,3,,2,,,9,,2,,2,,,,,2,1,02,4,76,1002.0779067
5375946,1,6,1,80,76,1,6,,2,,,11,,2,,2,,,,,2,1,02,3,76,1242.1995071
5375947,1,1,1,80,76,1,7,,2,,,12,QUIERE MONTAR UN NEGOCIO PERO NO TIENE DINERO,2,,2,,1,40,908526,2,1,02,2,76,1648.7248599
5375949,1,1,1,80,76,1,7,,2,,,11,,3,,2,,,,,3,1,02,4,76,1002.0779067
5375951,1,1,1,80,76,1,8,,2,,,12,POR QUE VA A SALIR DEL PAIS,2,,2,,2,,1000000,2,1,02,2,76,981.32019662
5375952,1,3,1,80,76,2,,,,2,,,.,,,2,,,,,,1,02,,76,1463.0082939
5375952,1,5,1,80,76,2,,,,2,,,.,,,2,,,,,,1,02,,76,1463.0082939
5375953,1,2,1,80,76,1,5,,2,,,10,,3,,2,,,,,3,1,02,1.4,76,869.45550378
5375955,1,2,1,80,76,1,6,,2,,,2,,2,,2,,,,,2,1,02,1.4,76,882.858541
5375957,1,1,1,80,76,1,5,,2,,,11,,3,,2,,,,,3,1,02,4,76,912.55026063
5375957,1,2,1,80,76,1,4,,2,,,4,,1,,2,,1,30,1000000,2,1,02,4,76,912.55026063
5375958,1,2,1,80,76,1,3,,2,,,9,,2,,2,,,,,2,1,02,4,76,717.20628608
5375958,1,4,1,80,76,2,,,,2,,,.,2,,2,,,,,2,1,02,,76,717.20628608
5375959,1,2,1,80,76,1,4,,2,,,4,,2,,2,,,,,2,1,02,3,76,1048.6883378
5375959,1,3,1,80,76,1,8,,2,,,11,,2,,2,,,,,2,1,02,3,76,1048.6883378
5375960,1,1,1,80,76,1,7,,2,,,8,,2,,2,,,,,2,1,02,4,76,869.45550378
5375961,1,2,1,80,76,2,,,,2,,,.,,,2,,,,,,1,02,,76,1129.3033996
5375962,1,2,1,80,76,1,3,,2,,,8,,2,,2,,,,,2,1,02,4,76,890.21321386
5375963,1,2,1,80,76,1,6,,2,,,11,,2,,2,,,,,2,1,02,4,76,939.28486243
5375963,1,5,1,80,76,2,,,,2,,,.,,,2,,,,,,1,02,,76,939.28486243
5375966,1,1,1,80,76,2,,,,2,,,.,2,,2,,,,,2,1,02,,76,979.74085993
5375967,1,1,1,80,76,1,3,,2,,,8,,2,,2,,,,,2,1,02,4,76,1044.2907827
5375968,1,2,1,80,76,1,9,POR EMBARAZO,2,,,9,,1,,2,,,,,2,1,02,1.3,76,1726.4288054
5375972,1,6,1,80,76,2,,,,2,,,.,2,,2,,,,,2,1,02,,76,1331.2677718
5375973,1,3,1,80,76,2,,,,2,,,.,2,,2,,,,,2,1,02,,76,1347.8489333
5375976,1,3,1,80,76,1,6,,2,,,2,,2,,2,,2,,908526,2,1,02,3,76,1109.5836868
5375976,1,4,1,80,76,2,,,,2,,,.,,,2,,,,,,1,02,,76,1109.5836868
5375976,1,5,1,80,76,1,8,,2,,,8,,2,,2,,1,48,908526,2,1,02,3,76,1109.5836868
5375981,1,2,1,80,76,2,,,,2,,,.,2,,2,,,,,2,1,02,,76,1580.8693294
5375982,1,3,1,80,76,2,,,,2,,,.,2,,2,,,,,2,1,02,,76,1283.7754599
5375983,1,3,1,80,76,2,,,,1,1,2,,2,,2,,2,,908526,2,1,02,,76,985.71775164
5375984,1,2,1,80,76,1,4,,2,,,4,,1,,2,,,,,2,1,02,3,76,760.05202845
5375986,1,1,1,80,76,2,,,,2,,,.,2,,2,,,,,2,1,02,,76,1024.4149535
5375987,1,1,1,80,76,1,4,,2,,,11,,2,,1,99,,,,2,1,02,1.2,76,979.74085993
5375989,1,1,1,80,76,2,,,,2,,,.,2,,2,,,,,2,1,02,,76,629.89084303
5375989,2,1,2,80,76,1,5,,1,,3,5,,3,,2,,1,48,2000000,3,1,02,4,76,629.89084303
5376001,1,1,1,80,76,1,7,,2,,,8,,1,,2,,,,,2,1,02,4,76,890.21321386
5376001,1,2,1,80,76,2,,,,2,,,.,2,,2,,,,,2,1,02,,76,890.21321386
5376386,1,2,1,80,05,1,8,,2,,,9,,1,,2,,,,,2,1,02,4,05,1104.3216635
5376386,1,3,1,80,05,1,2,,2,,,2,,1,,2,,1,24,908000,2,1,02,2,05,1104.3216635
5376386,1,4,1,80,05,2,,,,2,,,.,,,2,,,,,,1,02,,05,1104.3216635
5376387,1,1,1,80,05,1,5,,2,,,10,,3,,2,,,,,3,1,02,4,05,965.34225134
5376387,1,3,1,80,05,1,9,PANDEMIA,1,,1,12,ESPERA QUE LO LLAMEN,1,2,2,,1,48,908500,1,1,02,1.4,05,965.34225134
5376388,1,4,1,80,05,1,5,,2,,,10,,3,,2,,,,,3,1,02,4,05,841.17838687
5376389,1,1,1,80,05,2,,,,2,,,.,2,,2,,,,,2,1,02,,05,1124.1378808
5376389,1,3,1,80,05,2,,,,2,,,.,2,,2,,2,,908526,2,1,02,,05,1124.1378808
5376391,1,1,1,80,05,2,,,,2,,,.,2,,2,,,,,2,1,02,,05,998.44571074
5376393,1,2,1,80,05,1,3,,2,,,9,,2,,2,,,,,2,1,02,3,05,1228.3607747
5376394,1,1,1,80,05,1,5,,2,,,10,,3,,2,,,,,3,1,02,4,05,958.34816104
5376394,1,2,1,80,05,2,,,,2,,,.,2,,2,,,,,2,1,02,,05,958.34816104
5376394,1,3,1,80,05,1,7,,2,,,12,ESTA EN ESPERA DE QUE LA LLAMEN DE SU ULTIMO TRABAJO,1,2,1,908500,1,48,908500,1,1,02,1.1,05,958.34816104
5376395,1,1,1,80,05,2,,,,2,,,.,2,,2,,,,,2,1,02,,05,1005.439801
5376395,1,4,1,80,05,1,8,,2,,,8,,2,,2,,1,48,908525,2,1,02,3,05,1005.439801
5376396,1,1,1,80,05,1,6,,2,,,11,,2,,2,,,,,2,1,02,3,05,998.44571074
5376398,1,3,1,80,05,2,,,,2,,,.,,,2,,,,,,1,02,,05,1090.9108495
5376404,1,1,1,80,05,2,,,,2,,,.,2,,2,,,,,2,1,02,,05,1288.8632286
5376404,1,5,1,80,05,1,4,,2,,,4,,1,,2,,2,,908600,2,1,02,4,05,1288.8632286
5376405,1,1,1,80,05,1,6,,2,,,11,,2,,2,,,,,2,1,02,4,05,939.61835177
5376405,1,2,1,80,05,1,5,,2,,,10,,3,,2,,,,,3,1,02,4,05,939.61835177
5376405,1,3,1,80,05,1,6,,2,,,12,PERSONA ESPECIAL,2,,2,,2,,908526,2,1,02,3,05,939.61835177
5376405,1,5,1,80,05,2,,,,2,,,.,2,,2,,,,,2,1,02,,05,939.61835177
5376406,1,2,1,80,05,1,9,PANDEMIA,2,,,4,,2,,2,,2,,908526,2,1,02,1.4,05,1058.7702263
5376406,1,4,1,80,05,2,,,,2,,,.,2,,2,,,,,2,1,02,,05,1058.7702263
5376407,1,2,1,80,05,2,,,,2,,,.,2,,2,,1,24,500000,2,1,02,,05,873.31901007
5376408,1,3,1,80,05,2,,,,2,,,.,2,,2,,,,,2,1,02,,05,1090.9108495
5376409,1,1,1,80,05,1,9,PANDEMIA,2,,,4,,2,,2,,2,,908500,2,1,02,1.4,05,1056.6532338
5376409,1,2,1,80,05,1,8,,1,,3,5,,2,,2,,1,40,908500,2,1,02,3,05,1056.6532338
5376412,1,1,1,80,05,1,4,,2,,,4,,3,,2,,,,,3,1,02,3,05,1056.6532338
5376412,1,2,1,80,05,1,8,,2,,,9,,1,,2,,,,,2,1,02,4,05,1056.6532338
5376416,1,1,1,80,05,1,5,,2,,,10,,3,,2,,,,,3,1,02,3,05,1069.9291557
5376418,1,5,1,80,05,1,3,,2,,,9,,2,,2,,,,,2,1,02,3,05,1441.1897766
5376419,1,1,1,80,05,1,5,,2,,,11,,3,,2,,,,,3,1,02,4,05,985.03489681
5376420,1,1,1,80,05,1,5,,2,,,8,,2,,2,,,,,2,1,02,4,05,1084.629018
5376420,1,2,1,80,05,1,5,,2,,,10,,3,,2,,,,,3,1,02,4,05,1084.629018
5376427,1,1,1,80,05,1,4,,2,,,4,,2,,2,,,,,2,1,02,4,05,1069.9291557
5376428,1,5,1,80,05,1,9,EMBARAZO,2,,,12,EMBARAZO,2,,1,1200000,2,,908500,2,1,02,1.1,05,1626.7546761
5376429,1,2,1,80,05,1,8,,2,,,12,SOLO TRABAJA DESDE AGOSTO HASTA DICIEMBRE,2,,2,,,,,2,1,02,1.2,05,1270.0590254
5376429,1,3,1,80,05,2,,,,2,,,.,2,,2,,,,,2,1,02,,05,1270.0590254
5376431,1,2,1,80,05,1,6,,2,,,2,,2,,2,,1,48,908526,2,1,02,1.2,05,1064.8182686
5376432,1,1,1,80,05,1,5,,2,,,10,,3,,2,,,,,3,1,02,4,05,1069.9291557
5376440,1,2,1,80,05,1,9,POR PANDEMIA,2,,,9,,2,,2,,2,,908454,2,1,02,1.4,05,1255.4940552
5376441,1,6,1,80,05,2,,,,2,,,.,,,2,,,,,,1,02,,05,1252.4833724
5376442,1,1,1,80,05,1,3,,2,,,9,,2,,2,,,,,2,1,02,4,05,1360.3466736
5376443,1,1,1,80,05,1,4,,2,,,4,,2,,2,,,,,2,1,02,4,05,1062.9350654
5376444,1,1,1,80,05,1,5,,2,,,10,,3,,2,,,,,3,1,02,4,05,1084.4941259
5376445,1,2,1,80,05,1,3,,2,,,11,,2,,2,,,,,2,1,02,3,05,1084.4941259
5376446,1,1,1,80,05,1,4,,2,,,4,,2,,2,,,,,2,1,02,3,05,971.62408288
5376448,1,2,1,80,05,1,6,,2,,,9,,2,,2,,1,48,908500,2,1,02,1.3,05,1777.8133846
5376452,1,2,1,80,05,2,,,,2,,,.,2,,2,,,,,2,1,02,,05,1197.2222618
5376453,1,3,1,80,05,2,,,,2,,,.,,,2,,,,,,1,02,,05,1590.7017203
5376453,1,5,1,80,05,2,,,,2,,,.,2,,2,,,,,2,1,02,,05,1590.7017203
5376453,1,6,1,80,05,1,1,,2,,,9,,2,,2,,,,,2,1,02,2,05,1590.7017203
5376456,1,2,1,80,05,1,3,,2,,,9,,2,,2,,2,,908526,2,1,02,3,05,1824.0724333
5376456,1,3,1,80,05,2,,,,2,,,.,,,2,,,,,,1,02,,05,1824.0724333
5376460,1,2,1,80,05,1,3,,2,,,9,,2,,2,,2,,908000,2,1,02,2,05,1367.9175535
5376460,1,3,1,80,05,2,,,,2,,,.,,,2,,,,,,1,02,,05,1367.9175535
5376461,1,2,1,80,05,2,,,,2,,,.,,,2,,,,,,1,02,,05,1354.5067396
5376465,1,1,1,80,05,1,5,,2,,,10,,3,,2,,,,,3,1,02,4,05,1056.6532338
5376465,1,2,1,80,05,1,4,,2,,,4,,3,,2,,,,,3,1,02,4,05,1056.6532338
5376466,1,1,1,80,05,1,7,,1,,4,9,,2,,2,,,,,2,1,02,4,05,1083.3399696
5376469,1,1,1,80,05,1,4,,2,,,4,,2,,2,,,,,2,1,02,4,05,1235.354865
5376471,1,1,1,80,05,1,5,,2,,,11,,3,,2,,,,,3,1,02,4,05,1329.9204346
5376472,1,1,1,80,05,1,6,,2,,,8,,2,,2,,,,,2,1,02,4,05,1056.6532338
5376472,1,2,1,80,05,2,,,,2,,,.,2,,2,,,,,2,1,02,,05,1056.6532338
5376474,1,1,1,80,05,2,,,,2,,,.,2,,2,,,,,2,1,02,,05,1083.3399696
5376476,1,2,1,80,05,1,4,,2,,,4,,2,,2,,,,,2,1,02,3,05,901.06100493
5376476,1,3,1,80,05,1,8,,2,,,2,,2,,2,,2,,908500,2,1,02,1.2,05,901.06100493
5376476,1,4,1,80,05,1,8,,2,,,2,,2,,2,,2,,908500,2,1,02,2,05,901.06100493
5376476,1,5,1,80,05,1,9,EDAD,2,,,8,,2,,2,,,,,2,1,02,4,05,901.06100493
5376478,1,3,1,80,05,2,,,,2,,,.,,,2,,,,,,1,02,,05,1321.2119601
5376479,1,2,1,80,05,1,1,,2,,,8,,2,,2,,1,48,908000,2,1,02,4,05,1056.6532338
5376486,1,1,1,80,05,1,8,,2,,,4,,2,,2,,2,,908000,2,1,02,2,05,1056.6532338
5376486,1,2,1,80,05,1,4,,2,,,4,,2,,2,,,,,2,1,02,4,05,1056.6532338
5376487,1,2,1,80,05,1,9,PARA DEDICARSE A ENTRENAR,2,,,12,PIENSA REINICIAR ESTUDIOS,2,,2,,,,,2,1,02,1.2,05,1084.4941259
5376489,1,2,1,80,05,1,9,POR LA PANDEMIA,2,,,9,,1,,2,,2,,908000,2,1,02,1.3,05,1275.4524147
5376489,1,4,1,80,05,1,3,,2,,,8,,2,,2,,,,,2,1,02,4,05,1275.4524147
5376491,1,2,1,80,05,1,8,,1,,1,1,,2,,2,,,,,2,1,02,2,05,1044.2052561
5376491,1,3,1,80,05,2,,,,2,,,.,,,2,,,,,,1,02,,05,1044.2052561
5376494,1,1,1,80,05,1,9,LA PATRONA SE FUE DEL PAIS,2,,,9,,2,,2,,1,48,908526,2,1,02,4,05,1101.0559826
5376494,1,3,1,80,05,2,,,,2,,,.,,,2,,2,,908526,,1,02,,05,1101.0559826
5376494,1,5,1,80,05,1,8,,2,,,9,,2,,2,,1,24,908526,2,1,02,2,05,1101.0559826
5376496,1,1,1,80,05,1,5,,2,,,11,,3,,2,,,,,3,1,02,4,05,972.91313126
5376496,1,2,1,80,05,2,,,,2,,,.,2,,2,,,,,2,1,02,,05,972.91313126
5376498,1,1,1,80,05,2,,,,2,,,.,2,,2,,,,,2,1,02,,05,1069.9291557
5376499,1,2,1,80,05,2,,,,2,,,.,,,2,,,,,,1,02,,05,1256.6482115
5376500,1,6,1,80,05,2,,,,2,,,.,,,2,,,,,,1,02,,05,1000.8889154
5376501,1,2,1,80,05,1,7,,2,,,12,POR LA PANDEMIA,1,,2,,1,40,1500000,2,1,02,1.3,05,1056.6532338
5376502,1,1,1,80,05,1,4,,2,,,4,,1,2,2,,2,,908526,1,1,02,1.4,05,1161.3750303
5376508,1,1,1,80,05,1,5,,2,,,10,,3,,2,,,,,3,1,02,4,05,1069.9291557
5376509,1,1,1,80,05,1,5,,2,,,10,,3,,2,,,,,3,1,02,4,05,1069.9291557
5376510,1,1,1,80,05,1,5,,2,,,10,,3,,2,,,,,3,1,02,4,05,1056.6532338
5376510,1,2,1,80,05,1,3,,2,,,9,,2,,2,,,,,2,1,02,4,05,1056.6532338
5376511,1,1,1,80,05,1,7,,2,,,10,,3,,2,,,,,3,1,02,4,05,1056.6532338
5376511,1,2,1,80,05,1,3,,2,,,9,,3,,2,,,,,3,1,02,4,05,1056.6532338
5376512,1,5,1,80,05,2,,,,2,,,.,2,,2,,2,,600000,2,1,02,,05,2937.3321149
5376520,1,2,1,80,05,2,,,,2,,,.,2,,2,,,,,2,1,02,,05,978.61817318
5376521,1,3,1,80,05,1,2,,2,,,2,,2,,2,,2,,1200000,2,1,02,1.4,05,985.37789714
5376521,1,4,1,80,05,2,,,,2,,,.,,,2,,,,,,1,02,,05,985.37789714
5376522,1,2,1,80,05,1,9,EMBARAZO,2,,,9,,2,,2,,2,,908500,2,1,02,3,05,2643.3170096
5376523,1,2,1,80,05,1,9,LA DESPIDIERON POR PANDEMIA,2,,,12,ESTA ESPERANDO QUE PASE LA PANDEMIA,2,,2,,1,48,908526,2,1,02,1.1,05,1090.9108495
5376523,1,3,1,80,05,2,,,,2,,,.,2,,2,,,,,2,1,02,,05,1090.9108495
5376525,1,2,1,80,05,1,4,,2,,,4,,2,,2,,,,,2,1,02,4,05,1051.083084
5376525,1,3,1,80,05,1,4,,2,,,4,,2,,2,,,,,2,1,02,4,05,1051.083084
5376525,1,6,1,80,05,1,2,,2,,,2,,2,,2,,,,,2,1,02,1.4,05,1051.083084
5376529,1,2,1,80,05,1,6,,1,,2,5,,2,,2,,1,48,908500,2,1,02,3,05,2513.296423
5376530,1,2,1,80,05,1,8,,1,,4,5,,2,,2,,1,48,908000,2,1,02,4,05,1056.6532338
5376533,1,2,1,80,05,2,,,,1,1,8,,2,,2,,1,48,908526,2,1,02,,05,986.1890531
5376533,1,3,1,80,05,2,,,,2,,,.,2,,2,,,,,2,1,02,,05,986.1890531
5376535,1,2,1,80,05,2,,,,2,,,.,,,2,,,,,,1,02,,05,1307.8011461
5376540,1,2,1,80,05,2,,,,2,,,.,2,,2,,1,49,908000,2,1,02,,05,2064.1669811
5376550,1,1,1,80,05,1,3,,2,,,8,,3,,2,,,,,3,1,02,3,05,1069.9291557
5376551,1,1,1,80,05,1,9,POR LA PANDEMIA DEL COVID 19,2,,,12,ESTA ESPERANDO QUE LO LLAMEN,1,1,2,,1,48,908526,1,1,02,1.4,05,991.45162044
5376552,1,1,1,80,05,1,3,,2,,,9,,2,,2,,,,,2,1,02,2,05,1069.9291557
5376554,1,1,1,80,05,2,,,,2,,,.,2,,2,,,,,2,1,02,,05,1064.6101603
5376554,1,4,1,80,05,2,,,,2,,,.,2,,2,,,,,2,1,02,,05,1064.6101603
5376560,1,1,1,80,05,1,1,,2,,,10,,3,,2,,,,,3,1,02,1.4,05,1069.9291557
5376565,1,3,1,80,05,2,,,,2,,,.,2,,2,,,,,2,1,02,,05,1090.9108495
5376566,1,1,1,80,05,1,5,,2,,,11,,3,,2,,,,,3,1,02,4,05,1069.9291557
5376568,1,3,1,80,05,2,,,,2,,,.,2,,2,,,,,2,1,02,,05,1044.2052561
5376569,1,2,1,80,05,1,3,,2,,,9,,2,,2,,,,,2,1,02,4,05,1434.6422311
5376573,1,1,1,80,05,1,3,,2,,,11,,2,,2,,,,,2,1,02,4,05,978.61817318
5376573,1,2,1,80,05,1,7,,2,,,9,,2,,2,,,,,2,1,02,4,05,978.61817318
5376578,1,3,1,80,13,2,,,,2,,,.,,,2,,,,,,1,02,,13,407.94300023
5376580,1,1,1,80,13,1,9,PANDEMIA,2,,,12,PANDEMIA,2,,2,,,,,2,1,02,1.4,13,460.79692348
5376580,1,3,1,80,13,2,,,,2,,,.,2,,2,,,,,2,1,02,,13,460.79692348
5376580,1,4,1,80,13,2,,,,2,,,.,,,2,,,,,,1,02,,13,460.79692348
5376582,1,1,1,80,13,1,3,,2,,,8,,2,,2,,,,,2,1,02,4,13,419.0104905
5376582,1,3,1,80,13,2,,,,2,,,.,2,,2,,,,,2,1,02,,13,419.0104905
5376584,1,2,1,80,13,1,9,POR PANDEMIA COVID 19,2,,,9,,2,,2,,2,,900000,2,1,02,1.4,13,381.2496223
5376584,1,3,1,80,13,1,7,,2,,,1,,2,,2,,,,,2,1,02,1.2,13,381.2496223
5376586,1,2,1,80,13,1,9,POR PANDEMIA COVID 19,2,,,12,NO TIENE RECURSOS PARA INICIAR NEGOCIO,2,,2,,1,40,700000,2,1,02,1.4,13,372.618157
5376587,1,2,1,80,13,2,,,,2,,,.,2,,2,,,,,2,1,02,,13,356.04333454
5376587,1,5,1,80,13,1,5,,2,,,8,,2,,2,,,,,2,1,02,4,13,356.04333454
5376588,1,5,1,80,13,2,,,,2,,,.,,,2,,,,,,1,02,,13,281.56804515
5376589,1,1,1,80,13,1,6,,2,,,8,,2,,2,,,,,2,1,02,4,13,356.56597398
5376589,1,3,1,80,13,2,,,,2,,,.,2,,2,,,,,2,1,02,,13,356.56597398
5376589,1,4,1,80,13,2,,,,2,,,.,,,2,,,,,,1,02,,13,356.56597398
5376590,1,1,1,80,13,2,,,,2,,,.,2,,2,,,,,2,1,02,,13,381.2496223
5376590,1,2,1,80,13,1,4,,2,,,4,,2,,2,,,,,2,1,02,1.1,13,381.2496223
5376590,1,3,1,80,13,2,,,,2,,,.,2,,2,,,,,2,1,02,,13,381.2496223
5376592,1,1,1,80,13,2,,,,2,,,.,2,,2,,,,,2,1,02,,13,356.05492382
5376595,1,1,1,80,13,1,5,,2,,,10,,3,,2,,,,,3,1,02,4,13,339.39966217
5376595,1,2,1,80,13,1,5,,2,,,10,,3,,2,,,,,3,1,02,4,13,339.39966217
5376596,1,2,1,80,13,1,4,,2,,,8,,2,,2,,,,,2,1,02,2,13,316.22574703
5376596,1,3,1,80,13,2,,,,2,,,.,,,2,,,,,,1,02,,13,316.22574703
5376596,1,4,1,80,13,2,,,,2,,,.,2,,2,,,,,2,1,02,,13,316.22574703
5376596,1,5,1,80,13,2,,,,2,,,.,2,,2,,,,,2,1,02,,13,316.22574703
5376597,1,2,1,80,13,1,3,,2,,,9,,2,,2,,,,,2,1,02,4,13,980.82617513
5376597,1,4,1,80,13,2,,,,1,1,1,,2,,2,,,,,2,1,02,,13,980.82617513
5376597,1,6,1,80,13,2,,,,2,,,.,2,,2,,,,,2,1,02,,13,980.82617513
5376599,1,1,1,80,13,1,3,,2,,,9,,2,,2,,2,,900000,2,1,02,4,13,1329.1019893
5376602,1,2,1,80,13,1,6,,2,,,11,,2,,2,,,,,2,1,02,2,13,352.12570313
5376602,1,4,1,80,13,1,7,,2,,,1,,2,,2,,1,40,908526,2,1,02,3,13,352.12570313
5376602,1,5,1,80,13,2,,,,2,,,.,,,2,,,,,,1,02,,13,352.12570313
5376602,1,6,1,80,13,2,,,,2,,,.,,,2,,,,,,1,02,,13,352.12570313
5376603,1,1,1,80,13,2,,,,2,,,.,2,,2,,,,,2,1,02,,13,339.51981738
5376603,1,2,1,80,13,1,4,,2,,,4,,2,,2,,,,,2,1,02,4,13,339.51981738
5376603,1,3,1,80,13,1,3,,2,,,9,,2,,2,,,,,2,1,02,4,13,339.51981738
5376603,1,4,1,80,13,2,,,,2,,,.,2,,2,,,,,2,1,02,,13,339.51981738
5376604,1,3,1,80,13,2,,,,2,,,.,2,,2,,,,,2,1,02,,13,433.62062213
5376604,1,4,1,80,13,2,,,,2,,,.,2,,2,,,,,2,1,02,,13,433.62062213
5376606,1,1,1,80,13,2,,,,2,,,.,2,,2,,,,,2,1,02,,13,377.28068559
5376606,1,4,1,80,13,2,,,,2,,,.,2,,2,,,,,2,1,02,,13,377.28068559
5376607,1,2,1,80,13,1,3,,2,,,9,,2,,2,,,,,2,1,02,4,13,394.33843147
5376607,1,4,1,80,13,2,,,,2,,,.,2,,2,,,,,2,1,02,,13,394.33843147
5376608,1,1,1,80,13,1,6,,2,,,8,,2,,2,,,,,2,1,02,3,13,330.76819687
5376609,1,2,1,80,13,1,5,,2,,,10,,3,,2,,,,,3,1,02,3,13,339.39966217
5376610,1,1,1,80,13,1,3,,2,,,9,,2,,2,,,,,2,1,02,4,13,378.68185283
5376611,1,7,1,80,13,1,3,,2,,,8,,2,,2,,,,,2,1,02,4,13,257.15472014
5376612,1,1,1,80,13,1,3,,2,,,9,,2,,2,,,,,2,1,02,4,13,434.10354555
5376612,1,3,1,80,13,2,,,,2,,,.,2,,2,,,,,2,1,02,,13,434.10354555
5376613,1,2,1,80,13,2,,,,2,,,.,2,,2,,2,,1000000,2,1,02,,13,402.96989676
5376613,1,3,1,80,13,2,,,,2,,,.,2,,2,,,,,2,1,02,,13,402.96989676
5376614,1,3,1,80,13,1,5,,2,,,10,,3,,2,,,,,3,1,02,4,13,316.77273316
5376615,1,2,1,80,13,1,5,,2,,,10,,3,,2,,,,,3,1,02,4,13,407.82284501
5376617,1,1,1,80,13,1,5,,2,,,10,,3,,2,,,,,3,1,02,4,13,391.28773857
5376617,1,4,1,80,13,2,,,,2,,,.,2,,2,,,,,2,1,02,,13,391.28773857
5376618,1,1,1,80,13,1,4,,2,,,4,,2,,2,,,,,2,1,02,4,13,282.95762311
5376618,1,2,1,80,13,1,5,,2,,,10,,3,,2,,,,,3,1,02,4,13,282.95762311
5376619,1,2,1,80,13,1,5,,2,,,8,,2,,2,,,,,2,1,02,4,13,287.81703478
5376620,1,1,1,80,13,1,5,,2,,,11,,3,,2,,,,,3,1,02,4,13,339.39966217
5376620,1,2,1,80,13,1,5,,2,,,11,,3,,2,,,,,3,1,02,4,13,339.39966217
5376622,1,2,1,80,13,2,,,,2,,,.,2,,2,,,,,2,1,02,,13,350.59889693
5376628,1,1,1,80,13,1,5,,2,,,8,,3,,2,,,,,3,1,02,4,13,301.62720468
5376628,1,2,1,80,13,2,,,,2,,,.,2,,2,,,,,2,1,02,,13,301.62720468
5376628,1,3,1,80,13,2,,,,2,,,.,2,,2,,,,,2,1,02,,13,301.62720468
5376632,1,3,1,80,13,2,,,,2,,,.,,,2,,,,,,1,02,,13,450.14413928
5376633,1,4,1,80,13,1,2,,2,,,2,,2,,2,,2,,908526,2,1,02,2,13,303.55864292
5376637,1,1,1,80,13,2,,,,2,,,.,2,,2,,,,,2,1,02,,13,282.95762311
5376637,1,2,1,80,13,1,5,,2,,,10,,3,,2,,,,,3,1,02,4,13,282.95762311
5376637,1,3,1,80,13,2,,,,2,,,.,2,,2,,,,,2,1,02,,13,282.95762311
5376638,1,3,1,80,13,2,,,,2,,,.,2,,2,,,,,2,1,02,,13,402.48697334
5376638,1,4,1,80,13,2,,,,2,,,.,2,,2,,,,,2,1,02,,13,402.48697334
5376639,1,3,1,80,13,2,,,,2,,,.,2,,2,,,,,2,1,02,,13,427.505621
5376639,1,4,1,80,13,2,,,,2,,,.,,,2,,,,,,1,02,,13,427.505621
5376640,1,1,1,80,13,1,5,,2,,,10,,3,,2,,,,,3,1,02,3,13,275.83589099
5376640,1,3,1,80,13,2,,,,2,,,.,2,,2,,,,,2,1,02,,13,275.83589099
5376640,1,4,1,80,13,1,3,,2,,,9,,1,,2,,,,,2,1,02,4,13,275.83589099
5376640,1,5,1,80,13,1,5,,2,,,10,,3,,2,,,,,3,1,02,4,13,275.83589099
5376641,1,1,1,80,13,1,3,,2,,,9,,2,,2,,,,,2,1,02,4,13,339.39966217
5376641,1,2,1,80,13,1,5,,2,,,10,,3,,2,,,,,3,1,02,3,13,339.39966217
5376644,1,3,1,80,13,2,,,,2,,,.,2,,2,,,,,2,1,02,,13,403.75180579
5376645,1,2,1,80,13,2,,,,2,,,.,2,,2,,,,,2,1,02,,13,373.10108042
5376645,1,3,1,80,13,2,,,,2,,,.,2,,2,,,,,2,1,02,,13,373.10108042
5376646,1,1,1,80,13,1,4,,2,,,8,,2,,2,,,,,2,1,02,3,13,339.39966217
5376646,1,2,1,80,13,2,,,,2,,,.,2,,2,,,,,2,1,02,,13,339.39966217
5376647,1,4,1,80,13,2,,,,2,,,.,2,,2,,,,,2,1,02,,13,364.71451586
5376648,1,5,1,80,13,2,,,,2,,,.,2,,2,,,,,2,1,02,,13,358.18480865
5376648,1,6,1,80,13,1,7,,2,,,12,SEGURIDAD PANDEMIA,2,,2,,,,,2,1,02,1.3,13,358.18480865
5376649,1,2,1,80,13,2,,,,2,,,.,2,,2,,,,,2,1,02,,13,360.63701321
5376649,1,3,1,80,13,2,,,,2,,,.,2,,2,,,,,2,1,02,,13,360.63701321
5376652,1,2,1,80,13,2,,,,2,,,.,2,,2,,,,,2,1,02,,13,391.770662
5376653,1,5,1,80,13,1,3,,2,,,9,,2,,2,,,,,2,1,02,3,13,389.7447528
5376654,1,3,1,80,13,2,,,,2,,,.,2,,2,,,,,2,1,02,,13,415.57578251
5376654,1,4,1,80,13,2,,,,2,,,.,,,2,,,,,,1,02,,13,415.57578251
5376654,1,5,1,80,13,2,,,,2,,,.,,,2,,,,,,1,02,,13,415.57578251
5376656,1,2,1,80,13,1,8,,2,,,2,,2,,2,,2,,600000,2,1,02,2,13,400.40212729
5376657,1,1,1,80,13,1,5,,2,,,10,,3,,2,,,,,3,1,02,2,13,381.2496223
5376657,1,3,1,80,13,2,,,,2,,,.,2,,2,,,,,2,1,02,,13,381.2496223
5376658,1,2,1,80,13,1,7,,2,,,9,,2,,2,,,,,2,1,02,4,13,428.89843869
5376658,1,5,1,80,13,2,,,,2,,,.,2,,2,,,,,2,1,02,,13,428.89843869
5376658,1,6,1,80,13,2,,,,2,,,.,,,2,,,,,,1,02,,13,428.89843869
5376660,1,1,1,80,13,1,5,,2,,,8,,3,,2,,,,,3,1,02,4,13,358.47935951
5376660,1,2,1,80,13,1,3,,2,,,8,,2,,2,,,,,2,1,02,4,13,358.47935951
5376660,1,3,1,80,13,1,1,,2,,,9,,2,,2,,,,,2,1,02,2,13,358.47935951
5376666,1,1,1,80,13,1,3,,2,,,9,,2,,2,,,,,2,1,02,3,13,446.18679185
5376666,1,3,1,80,13,2,,,,2,,,.,,,2,,,,,,1,02,,13,446.18679185
5376669,1,1,1,80,13,1,5,,2,,,8,,3,,2,,,,,3,1,02,4,13,443.6587384
5376669,1,2,1,80,13,1,4,,2,,,4,,2,,2,,,,,2,1,02,3,13,443.6587384
5376669,1,4,1,80,13,2,,,,2,,,.,2,,2,,,,,2,1,02,,13,443.6587384
5376669,1,5,1,80,13,2,,,,2,,,.,,,2,,,,,,1,02,,13,443.6587384
5376671,1,1,1,80,13,1,3,,2,,,9,,2,,2,,,,,2,1,02,4,13,264.28804154
5376672,1,2,1,80,13,1,7,,2,,,12,ESTA ESPERANDO SE NORMALICE LA SITUACION POR LA PANDEMIA,2,,2,,1,48,1000000,2,1,02,1.4,13,360.01227126
5376673,1,2,1,80,13,2,,,,2,,,.,2,,2,,,,,2,1,02,,13,402.96989676
5376673,1,3,1,80,13,2,,,,2,,,.,2,,2,,,,,2,1,02,,13,402.96989676
5376678,1,2,1,80,13,1,6,,2,,,9,,2,,2,,,,,2,1,02,3,13,397.77313946
5376679,1,2,1,80,13,2,,,,2,,,.,2,,2,,,,,2,1,02,,13,485.99162195
5376679,1,4,1,80,13,2,,,,2,,,.,2,,2,,,,,2,1,02,,13,485.99162195
5376679,1,5,1,80,13,2,,,,2,,,.,,,2,,,,,,1,02,,13,485.99162195
5376680,1,3,1,80,13,1,1,,2,,,12,POR LA PANDEMIA,2,,2,,2,,1000000,2,1,02,2,13,275.83589099
5376680,1,4,1,80,13,1,3,,2,,,9,,2,,2,,,,,2,1,02,4,13,275.83589099
5376680,1,5,1,80,13,2,,,,2,,,.,2,,2,,,,,2,1,02,,13,275.83589099
5376683,1,1,1,80,13,1,4,,2,,,10,,3,,2,,,,,3,1,02,3,13,412.52508962
5376683,1,3,1,80,13,2,,,,2,,,.,2,,2,,,,,2,1,02,,13,412.52508962
5376683,1,4,1,80,13,2,,,,2,,,.,2,,2,,,,,2,1,02,,13,412.52508962
5376684,1,2,1,80,13,2,,,,2,,,.,2,,2,,,,,2,1,02,,13,420.24990037
5376684,1,3,1,80,13,2,,,,2,,,.,2,,2,,,,,2,1,02,,13,420.24990037
5376684,1,4,1,80,13,2,,,,2,,,.,,,2,,,,,,1,02,,13,420.24990037
5376685,1,1,1,80,13,1,4,,2,,,8,,2,,2,,,,,2,1,02,4,13,332.27793005
5376685,1,2,1,80,13,1,4,,2,,,4,,2,,2,,,,,2,1,02,4,13,332.27793005
5376686,1,3,1,80,13,2,,,,2,,,.,2,,2,,,,,2,1,02,,13,415.05314307
5376688,1,2,1,80,13,2,,,,2,,,.,2,,2,,,,,2,1,02,,13,381.73254572
5376689,1,4,1,80,13,2,,,,2,,,.,2,,2,,,,,2,1,02,,13,528.60543841
5376693,1,1,1,80,13,1,5,,2,,,8,,3,,2,,,,,3,1,02,4,13,339.39966217
5376693,1,2,1,80,13,2,,,,2,,,.,2,,2,,,,,2,1,02,,13,339.39966217
5376695,1,3,1,80,13,2,,,,2,,,.,,,2,,,,,,1,02,,13,433.62062213
5376695,1,4,1,80,13,2,,,,2,,,.,,,2,,,,,,1,02,,13,433.62062213
5376696,1,1,1,80,13,1,6,,2,,,8,,2,,2,,1,40,908526,2,1,02,1.4,13,291.58908841
5376697,1,3,1,80,13,2,,,,2,,,.,,,2,,,,,,1,02,,13,339.51981738
5376697,1,5,1,80,13,1,3,,2,,,8,,2,,2,,,,,2,1,02,4,13,339.51981738
5376702,1,1,1,80,13,1,5,,2,,,10,,1,,1,98,,,,2,1,02,1.2,13,369.26847851
5376702,1,2,1,80,13,2,,,,2,,,.,2,,2,,,,,2,1,02,,13,369.26847851
5376705,1,3,1,80,13,2,,,,2,,,.,2,,2,,,,,2,1,02,,13,412.38327108
5376711,1,1,1,80,13,1,5,,2,,,10,,3,,2,,,,,3,1,02,4,13,377.17211965
5376712,1,1,1,80,13,1,3,,2,,,9,,2,,2,,,,,2,1,02,4,13,325.39260918
5376712,1,2,1,80,13,1,3,,2,,,9,,2,,2,,1,48,900000,2,1,02,2,13,325.39260918
5376713,1,3,1,80,13,2,,,,2,,,.,2,,2,,,,,2,1,02,,13,433.62062213
5376713,1,4,1,80,13,2,,,,2,,,.,2,,2,,,,,2,1,02,,13,433.62062213
5376714,1,2,1,80,13,1,3,,2,,,8,,2,,2,,,,,2,1,02,4,13,378.68185283
5376716,1,2,1,80,13,1,3,,2,,,9,,2,,2,,,,,2,1,02,4,13,339.39966217
5376717,1,1,1,80,13,1,5,,2,,,10,,3,,2,,,,,3,1,02,4,13,241.2278182
5376717,1,2,1,80,13,1,5,,2,,,10,,3,,2,,,,,3,1,02,4,13,241.2278182
5376717,1,5,1,80,13,1,4,,2,,,10,,3,,2,,,,,3,1,02,4,13,241.2278182
5376718,1,1,1,80,13,1,3,,2,,,6,,2,,2,,,,,2,1,02,3,13,381.20155672
5376718,1,2,1,80,13,2,,,,2,,,.,2,,2,,,,,2,1,02,,13,381.20155672
5376718,1,3,1,80,13,2,,,,2,,,.,2,,2,,,,,2,1,02,,13,381.20155672
5376718,1,4,1,80,13,2,,,,2,,,.,2,,2,,,,,2,1,02,,13,381.20155672
5376719,1,1,1,80,13,1,5,,2,,,8,,2,,2,,,,,2,1,02,4,13,392.67272623
5376719,1,2,1,80,13,1,5,,2,,,8,,2,,2,,,,,2,1,02,3,13,392.67272623
5376719,1,4,1,80,13,1,3,,2,,,9,,2,,2,,,,,2,1,02,4,13,392.67272623
5376719,1,6,1,80,13,2,,,,2,,,.,2,,2,,,,,2,1,02,,13,392.67272623
5376720,1,1,1,80,13,1,3,,2,,,9,,2,,2,,,,,2,1,02,4,13,464.75427091
5376720,1,3,1,80,13,2,,,,2,,,.,2,,2,,,,,2,1,02,,13,464.75427091
5376720,1,4,1,80,13,2,,,,2,,,.,2,,2,,,,,2,1,02,,13,464.75427091
5376722,1,2,1,80,13,2,,,,2,,,.,2,,2,,,,,2,1,02,,13,320.73008059
5376723,1,3,1,80,13,2,,,,2,,,.,2,,2,,,,,2,1,02,,13,425.47208025
5376723,1,4,1,80,13,2,,,,2,,,.,,,2,,,,,,1,02,,13,425.47208025
5376724,1,1,1,80,13,1,5,,2,,,8,,2,,2,,,,,2,1,02,4,13,439.98330356
5376724,1,3,1,80,13,1,9,PANDEMIA,2,,,12,PANDEMIA,2,,2,,1,48,900000,2,1,02,1.4,13,439.98330356
5376727,1,1,1,80,13,1,5,,2,,,10,,3,,2,,,,,3,1,02,4,13,397.76155018
5376729,1,1,1,80,13,1,5,,2,,,10,,3,,2,,,,,3,1,02,4,13,370.05038753
5376729,1,2,1,80,13,1,5,,2,,,10,,3,,2,,,,,3,1,02,4,13,370.05038753
5376730,1,3,1,80,13,2,,,,2,,,.,2,,2,,,,,2,1,02,,13,398.52962591
5376730,1,4,1,80,13,2,,,,2,,,.,2,,2,,,,,2,1,02,,13,398.52962591
5376731,1,2,1,80,13,2,,,,2,,,.,2,,2,,,,,2,1,02,,13,310.25866998
5376732,1,2,1,80,13,1,3,,2,,,9,,2,,2,,,,,2,1,02,4,13,374.6108136
5376732,1,3,1,80,13,2,,,,2,,,.,2,,2,,,,,2,1,02,,13,374.6108136
5376732,1,4,1,80,13,2,,,,2,,,.,2,,2,,,,,2,1,02,,13,374.6108136
5376739,1,1,1,80,17,1,5,,2,,,10,,3,,2,,,,,2,1,02,4,17,174.77327847
5376739,1,2,1,80,17,2,,,,1,2,9,,2,,2,,,,,2,1,02,,17,174.77327847
5376739,1,4,1,80,17,1,8,,2,,,2,,2,,2,,2,,1000000,2,1,02,3,17,174.77327847
5376742,1,2,1,80,17,1,3,,2,,,9,,2,,2,,2,,98,2,1,02,3,17,308.15570962
5376744,1,2,1,80,17,1,4,,2,,,4,,1,,2,,2,,98,2,1,02,2,17,276.51910943
5376745,1,1,1,80,17,1,5,,2,,,10,,3,,2,,,,,3,1,02,4,17,151.04522511
5376745,1,2,1,80,17,2,,,,2,,,.,2,,2,,,,,2,1,02,,17,151.04522511
5376745,1,3,1,80,17,1,3,,2,,,9,,1,4,2,,,,,1,1,02,4,17,151.04522511
5376745,1,4,1,80,17,1,1,,2,,,12,ESTA ESPERANDO QUE LO LLAMEN,1,,2,,1,48,1000000,2,1,02,1.4,17,151.04522511
5376746,1,1,1,80,17,1,4,,2,,,4,,2,,2,,,,,2,1,02,2,17,169.54986767
5376746,1,2,1,80,17,1,9,POR LA EDAD,2,,,4,,2,,2,,,,,2,1,02,4,17,169.54986767
5376747,1,1,1,80,17,1,7,,2,,,8,,1,,2,,,,,2,1,02,1.4,17,146.01420379
5376748,1,1,1,80,17,1,3,,2,,,1,,2,,2,,,,,2,1,02,2,17,212.31624697
5376748,1,3,1,80,17,2,,,,2,,,.,2,,2,,,,,2,1,02,,17,212.31624697
5376749,1,2,1,80,17,1,3,,2,,,9,,2,,2,,,,,2,1,02,4,17,185.79405389
5376750,1,1,1,80,17,1,4,,2,,,4,,2,,2,,,,,2,1,02,4,17,169.54986767
5376750,1,2,1,80,17,2,,,,2,,,.,2,,2,,,,,2,1,02,,17,169.54986767
5376751,1,1,1,80,17,1,4,,2,,,4,,2,,2,,,,,2,1,02,4,17,185.51798806
5376752,1,2,1,80,17,2,,,,2,,,.,2,,2,,2,,98,2,1,02,,17,212.31624697
5376752,1,3,1,80,17,2,,,,2,,,.,,,2,,,,,,1,02,,17,212.31624697
5376753,1,2,1,80,17,2,,,,2,,,.,2,,2,,,,,2,1,02,,17,165.76609592
5376754,1,2,1,80,17,1,3,,2,,,9,,2,,2,,,,,2,1,02,4,17,178.89805355
5376754,1,3,1,80,17,2,,,,2,,,.,2,,2,,,,,2,1,02,,17,178.89805355
5376754,1,4,1,80,17,2,,,,2,,,.,3,,2,,,,,3,1,02,,17,178.89805355
5376755,1,2,1,80,17,2,,,,2,,,.,2,,2,,,,,2,1,02,,17,227.03418206
5376757,1,2,1,80,17,1,3,,2,,,9,,2,,2,,,,,2,1,02,4,17,211.16761096
5376758,1,1,1,80,17,2,,,,2,,,.,2,,2,,,,,2,1,02,,17,185.51798806
5376759,1,2,1,80,17,2,,,,2,,,.,2,,2,,,,,2,1,02,,17,211.0689974
5376761,1,2,1,80,17,1,7,,1,,1,1,,2,,2,,,,,2,1,02,2,17,237.58825475
5376761,1,3,1,80,17,2,,,,2,,,.,,,2,,,,,,1,02,,17,237.58825475
5376762,1,1,1,80,17,2,,,,2,,,.,2,,2,,,,,2,1,02,,17,197.40269612
5376762,1,2,1,80,17,2,,,,2,,,.,2,,2,,,,,2,1,02,,17,197.40269612
5376769,1,1,1,80,17,1,5,,2,,,10,,3,,2,,,,,2,1,02,4,17,194.82187546
5376769,1,2,1,80,17,2,,,,2,,,.,2,,2,,,,,2,1,02,,17,194.82187546
5376776,1,1,1,80,17,1,3,,2,,,9,,2,,2,,,,,2,1,02,4,17,169.54986767
5376776,1,2,1,80,17,1,9,POR COVID,2,,,11,,1,2,2,,,,,1,1,02,1.4,17,169.54986767
5376777,1,1,1,80,17,2,,,,2,,,.,2,,2,,,,,2,1,02,,17,185.51798806
5376779,1,1,1,80,17,1,4,,2,,,4,,2,,2,,,,,2,1,02,3,17,185.51798806
5376785,1,1,1,80,17,1,3,,2,,,9,,2,,2,,,,,2,1,02,4,17,177.65080398
5376785,1,2,1,80,17,1,1,,2,,,4,,1,,2,,2,,98,2,1,02,1.4,17,177.65080398
5376787,1,3,1,80,17,2,,,,2,,,.,,,2,,,,,,1,02,,17,212.31624697
5376789,1,1,1,80,17,1,5,,2,,,10,,3,,2,,,,,3,1,02,4,17,185.51798806
5376790,1,1,1,80,17,1,5,,2,,,10,,3,,2,,,,,3,1,02,4,17,170.79711724
5376790,1,2,1,80,17,2,,,,2,,,.,2,,2,,,,,2,1,02,,17,170.79711724
5376791,1,1,1,80,17,1,4,,2,,,4,,1,2,2,,,,,1,1,02,4,17,169.54986767
5376792,1,1,1,80,17,1,5,,2,,,10,,3,,2,,,,,3,1,02,4,17,225.88848178
5376794,1,1,1,80,17,2,,,,2,,,.,2,,2,,,,,2,1,02,,17,105.3590067
5376794,1,2,1,80,17,2,,,,2,,,.,2,,2,,,,,2,1,02,,17,105.3590067
5376794,1,3,1,80,17,1,1,,2,,,9,,2,,2,,,,,2,1,02,4,17,105.3590067
5376794,1,4,1,80,17,1,6,,2,,,4,,2,,2,,,,,2,1,02,4,17,105.3590067
5376794,1,5,1,80,17,1,4,,2,,,4,,2,,2,,,,,2,1,02,4,17,105.3590067
5376796,1,2,1,80,17,2,,,,2,,,.,2,,2,,,,,2,1,02,,17,253.93399026
5376797,1,2,1,80,17,2,,,,2,,,.,2,,2,,,,,2,1,02,,17,211.0689974
5376799,1,1,1,80,17,1,4,,2,,,8,,2,,2,,,,,2,1,02,4,17,131.29333297
5376799,1,2,1,80,17,1,3,,2,,,9,,2,,2,,,,,2,1,02,4,17,131.29333297
5376801,1,1,1,80,17,1,4,,2,,,4,,2,,2,,,,,2,1,02,4,17,169.54986767
5376802,1,3,1,80,17,2,,,,2,,,.,2,,2,,,,,2,1,02,,17,261.35767086
5376802,1,4,1,80,17,2,,,,2,,,.,2,,2,,,,,2,1,02,,17,261.35767086
5376805,1,1,1,80,17,1,4,,2,,,4,,2,,2,,,,,2,1,02,4,17,196.06912503
5376806,1,3,1,80,17,2,,,,2,,,.,,,2,,,,,,1,02,,17,190.74139886
5376807,1,1,1,80,17,2,,,,2,,,.,2,,2,,,,,2,1,02,,17,146.68574695
5376807,1,2,1,80,17,1,7,,2,,,8,,2,,2,,,,,2,1,02,4,17,146.68574695
5376807,1,4,1,80,17,2,,,,2,,,.,2,,2,,,,,2,1,02,,17,146.68574695
5376809,1,2,1,80,17,2,,,,2,,,.,2,,2,,,,,2,1,02,,17,218.5942273
5376809,1,3,1,80,17,2,,,,2,,,.,,,2,,,,,,1,02,,17,218.5942273
5376811,1,1,1,80,17,1,3,,2,,,9,,2,,2,,,,,2,1,02,4,17,185.51798806
5376813,1,1,1,80,17,2,,,,2,,,.,2,,2,,,,,2,1,02,,17,137.29524747
5376813,1,2,1,80,17,1,5,,2,,,10,,3,,2,,,,,3,1,02,4,17,137.29524747
5376813,1,3,1,80,17,1,4,,2,,,4,,3,,2,,,,,3,1,02,4,17,137.29524747
5376814,1,1,1,80,17,1,3,,2,,,9,,2,,2,,,,,2,1,02,3,17,165.76609592
5376818,1,2,1,80,17,1,5,,2,,,8,,3,,2,,,,,3,1,02,2,17,169.54986767
5376820,1,1,1,80,17,1,7,,1,,3,9,,3,,2,,1,40,908526,3,1,02,4,17,198.84233516
5376820,1,3,1,80,17,2,,,,2,,,.,,,2,,,,,,1,02,,17,198.84233516
5376820,1,4,1,80,17,1,3,,2,,,9,,2,,2,,,,,2,1,02,4,17,198.84233516
5376821,1,1,1,80,17,2,,,,2,,,.,1,4,2,,2,,900000,1,1,02,,17,236.08566308
5376821,1,4,1,80,17,2,,,,2,,,.,2,,2,,,,,2,1,02,,17,236.08566308
5376821,1,5,1,80,17,2,,,,2,,,.,,,2,,,,,,1,02,,17,236.08566308
5376822,1,2,1,80,17,1,3,,2,,,9,,2,,2,,,,,2,1,02,4,17,212.31624697
5376822,1,3,1,80,17,2,,,,2,,,.,2,,2,,,,,2,1,02,,17,212.31624697
5376823,1,2,1,80,17,2,,,,1,3,9,,2,,2,,1,40,908526,2,1,02,,17,185.17632443
5376823,1,4,1,80,17,2,,,,2,,,.,2,,2,,,,,2,1,02,,17,185.17632443
5376823,1,5,1,80,17,1,9,POR COVID,2,,,8,,2,,2,,,,,2,1,02,1.4,17,185.17632443
5376823,1,6,1,80,17,1,4,,2,,,4,,2,,2,,,,,2,1,02,2,17,185.17632443
5376824,1,4,1,80,17,2,,,,2,,,.,2,,2,,2,,1500000,2,1,02,,17,188.20487668
5376827,1,2,1,80,17,1,5,,2,,,10,,3,,2,,,,,3,1,02,4,17,170.79711724
5376828,1,1,1,80,17,2,,,,2,,,.,2,,2,,,,,2,1,02,,17,189.25973676
5376828,1,3,1,80,17,2,,,,2,,,.,2,,2,,,,,2,1,02,,17,189.25973676
5376829,1,2,1,80,17,1,5,,2,,,10,,3,,2,,,,,3,1,02,4,17,169.54986767
5376830,1,2,1,80,17,1,3,,2,,,9,,2,,2,,,,,2,1,02,1.4,17,241.66873135
5376831,1,1,1,80,17,1,4,,2,,,4,,3,,2,,,,,3,1,02,3,17,237.48393938
5376833,1,2,1,80,17,2,,,,2,,,.,2,,2,,,,,2,1,02,,17,137.29524747
5376833,1,3,1,80,17,1,8,,1,,3,8,,3,,2,,,,,3,1,02,4,17,137.29524747
5376835,1,1,1,80,17,1,7,,2,,,8,,2,,2,,,,,2,1,02,2,17,169.54986767
5376835,1,2,1,80,17,1,8,,2,,,11,,2,,2,,,,,2,1,02,4,17,169.54986767
5376838,1,1,1,80,17,1,1,,1,,1,1,,2,,2,,,,1000000,2,1,02,2,17,170.79711724
5376840,1,2,1,80,17,2,,,,2,,,.,,,2,,,,,,1,02,,17,211.0689974
5376844,1,2,1,80,17,1,3,,2,,,9,,2,,2,,,,,2,1,02,4,17,198.64994568
5376844,1,3,1,80,17,2,,,,2,,,.,2,,2,,,,,2,1,02,,17,198.64994568
5376846,1,1,1,80,17,1,3,,2,,,9,,2,,2,,,,,2,1,02,4,17,169.54986767
5376847,1,1,1,80,17,1,3,,2,,,4,,2,,2,,,,,2,1,02,4,17,185.51798806
5376849,1,2,1,80,17,1,7,,2,,,9,,2,,2,,,,,2,1,02,2,17,196.64483143
5376850,1,1,1,80,17,1,5,,2,,,10,,3,,2,,,,,3,1,02,4,17,172.04436681
5376850,1,2,1,80,17,2,,,,2,,,.,2,,2,,,,,2,1,02,,17,172.04436681
5376851,1,1,1,80,17,1,5,,2,,,10,,3,,2,,,,,3,1,02,3,17,169.54986767
5376854,1,1,1,80,17,1,5,,2,,,10,,3,,2,,,,,3,1,02,4,17,176.31723289
5376854,1,2,1,80,17,1,4,,2,,,4,,2,,2,,,,,2,1,02,4,17,176.31723289
5376854,1,4,1,80,17,1,1,,2,,,1,,1,,2,,1,48,98,2,1,02,1.4,17,176.31723289
5376855,1,3,1,80,17,2,,,,2,,,.,2,,2,,,,,2,1,02,,17,154.70007118
5376856,1,2,1,80,17,1,3,,2,,,9,,2,,2,,,,,2,1,02,4,17,169.54986767
5376858,1,2,1,80,17,1,4,,2,,,4,,2,,2,,,,,2,1,02,3,17,228.28143163
5376859,1,1,1,80,17,2,,,,2,,,.,2,,2,,,,,2,1,02,,17,172.04436681
5376859,1,2,1,80,17,1,5,,2,,,10,,3,,2,,,,,3,1,02,4,17,172.04436681
5376861,1,2,1,80,17,2,,,,2,,,.,2,,2,,,,,2,1,02,,17,165.76609592
5376862,1,1,1,80,17,1,5,,2,,,10,,3,,2,,,,,3,1,02,4,17,169.54986767
5376862,1,2,1,80,17,2,,,,2,,,.,2,,2,,,,,2,1,02,,17,169.54986767
5377160,1,1,1,80,23,1,3,,2,,,9,,2,,2,,,,,2,1,02,4,23,197.61417047
5377161,1,1,1,80,23,1,5,,2,,,10,,3,,2,,,,,3,1,02,4,23,98.848738961
5377161,1,2,1,80,23,1,3,,2,,,9,,2,,2,,,,,2,1,02,4,23,98.848738961
5377161,1,3,1,80,23,2,,,,2,,,.,2,,2,,2,,500000,2,1,02,,23,98.848738961
5377161,1,4,1,80,23,1,4,,2,,,4,,2,,2,,,,,2,1,02,2,23,98.848738961
5377161,1,5,1,80,23,2,,,,2,,,.,,,2,,,,,,1,02,,23,98.848738961
5377161,1,6,1,80,23,2,,,,2,,,.,2,,2,,,,,2,1,02,,23,98.848738961
5377163,1,2,1,80,23,1,4,,2,,,4,,2,,2,,,,,2,1,02,4,23,182.07699503
5377164,1,1,1,80,23,1,3,,2,,,9,,2,,2,,,,,2,1,02,4,23,158.23956404
5377164,1,2,1,80,23,1,4,,2,,,4,,2,,2,,,,,2,1,02,3,23,158.23956404
5377165,1,1,1,80,23,1,8,,2,,,8,,2,,2,,,,,2,1,02,4,23,144.80156651
5377165,1,4,1,80,23,1,8,,2,,,4,,2,,2,,2,,908526,2,1,02,1.2,23,144.80156651
5377571,1,2,1,80,52,1,9,PANDEMIA COVID 19,2,,,12,PANDEMIA,2,,2,,,,,2,1,02,1.4,52,152.66336887
5377667,1,1,1,80,68,1,5,,2,,,10,,3,,2,,,,,3,1,02,4,68,689.77078717
5377667,1,2,1,80,68,2,,,,2,,,.,2,,2,,,,,2,1,02,,68,689.77078717
5377669,1,3,1,80,68,2,,,,2,,,.,,,2,,,,,,1,02,,68,602.76875393
5377670,1,1,1,80,68,1,5,,2,,,10,,3,,2,,,,,3,1,02,4,68,443.99814414
5377671,1,5,1,80,68,1,9,ESTUDIAR,2,,,2,,2,,2,,,,,2,1,02,2,68,527.97172155
5377675,1,1,1,80,68,1,7,,2,,,10,,3,,2,,,,,3,1,02,4,68,414.04999309
5377675,1,2,1,80,68,2,,,,2,,,.,2,,2,,,,,2,1,02,,68,414.04999309
5377676,1,1,1,80,68,1,3,,2,,,9,,2,,2,,,,,2,1,02,4,68,350.28859839
5377678,1,4,1,80,68,1,9,POR EDAD,2,,,8,,2,,2,,,,,2,1,02,4,68,347.00524899
5377678,1,5,1,80,68,1,6,,2,,,1,,2,,2,,,,,2,1,02,4,68,347.00524899
5377680,1,3,1,80,68,2,,,,2,,,.,2,,2,,,,,2,1,02,,68,664.54745865
5377684,1,3,1,80,73,2,,,,2,,,.,2,,2,,,,,2,1,02,,73,456.17556741
5377685,1,2,1,80,73,2,,,,2,,,.,,,2,,,,,,1,02,,73,224.30680075
5377686,1,3,1,80,73,1,8,,1,,1,2,,2,,2,,1,20,908000,2,1,02,2,73,310.43842821
5377687,1,4,1,80,73,1,2,,2,,,2,,2,,2,,,,,2,1,02,1.3,73,154.95747897
5377687,1,5,1,80,73,2,,,,2,,,.,2,,2,,,,,2,1,02,,73,154.95747897
5377688,1,1,1,80,73,1,5,,1,,4,10,,3,,2,,,,,3,1,02,4,73,301.98677522
5377688,1,2,1,80,73,2,,,,2,,,.,2,,2,,,,,2,1,02,,73,301.98677522
5377690,1,1,1,80,73,1,7,,1,,4,8,,2,,2,,,,,2,1,02,4,73,270.18601456
5377690,1,2,1,80,73,1,5,,2,,,10,,3,,2,,,,,3,1,02,4,73,270.18601456
5377692,1,2,1,80,73,2,,,,2,,,.,,,2,,,,,,1,02,,73,311.77638477
5377703,1,1,1,80,73,1,7,,2,,,9,,2,,2,,2,,908526,2,1,02,2,73,222.85375178
5377704,1,1,1,80,73,1,7,,2,,,1,,2,,2,,1,48,908526,2,1,02,1.4,73,154.95747897
5377706,1,1,1,80,73,1,5,,2,,,10,,3,,2,,,,,3,1,02,4,73,329.55628149
5377706,1,3,1,80,73,2,,,,2,,,.,2,,2,,,,,2,1,02,,73,329.55628149
5377710,1,3,1,80,73,2,,,,2,,,.,2,,2,,,,,2,1,02,,73,253.50882959
5377711,1,1,1,80,73,1,3,,2,,,9,,2,,2,,2,,800000,2,1,02,1.4,73,311.1971433
5377711,1,4,1,80,73,2,,,,2,,,.,,,2,,,,,,1,02,,73,311.1971433
5377713,1,1,1,80,73,1,3,,2,,,9,,2,,2,,,,,2,1,02,4,73,281.99511445
5377717,1,1,1,80,73,1,4,,2,,,4,,2,,2,,,,,2,1,02,4,73,510.91528678
5377717,1,6,1,80,73,2,,,,2,,,.,,,2,,,,,,1,02,,73,510.91528678
5377720,1,2,1,80,73,1,4,,2,,,4,,2,,2,,,,,2,1,02,4,73,356.14180175
5377720,1,3,1,80,73,2,,,,2,,,.,2,,2,,,,,2,1,02,,73,356.14180175
5377722,1,2,1,80,73,2,,,,2,,,.,2,,2,,2,,400000,2,1,02,,73,309.56462072
5377724,1,2,1,80,73,1,3,,2,,,1,,2,,2,,,,,2,1,02,3,73,287.79007101
5377725,1,1,1,80,73,1,2,,2,,,1,,3,,2,,,,,3,1,02,4,73,283.44816341
5377725,1,3,1,80,73,2,,,,2,,,.,2,,2,,,,,2,1,02,,73,283.44816341
5377726,1,2,1,80,73,1,2,,2,,,2,,2,,2,,,,,2,1,02,3,73,215.09643267
5377728,1,1,1,80,73,1,5,,2,,,8,,3,,2,,,,,3,1,02,3,73,329.32737722
5377729,1,1,1,80,73,1,5,,2,,,10,,3,,2,,,,,3,1,02,4,73,249.61511232
5377729,1,3,1,80,73,2,,,,2,,,.,2,,2,,,,,2,1,02,,73,249.61511232
5377733,1,1,1,80,73,2,,,,2,,,.,3,,2,,,,,3,1,02,,73,254.24613457
5377735,1,2,1,80,73,2,,,,2,,,.,2,,2,,,,,2,1,02,,73,154.95747897
5377735,1,3,1,80,73,2,,,,2,,,.,2,,2,,,,,2,1,02,,73,154.95747897
5377735,1,4,1,80,73,2,,,,2,,,.,2,,2,,,,,2,1,02,,73,154.95747897
5377736,1,2,1,80,73,2,,,,2,,,.,2,,2,,,,,2,1,02,,73,278.28733033
5377736,1,3,1,80,73,2,,,,2,,,.,2,,2,,,,,2,1,02,,73,278.28733033
5377736,1,4,1,80,73,2,,,,2,,,.,,,2,,,,,,1,02,,73,278.28733033
5377737,1,1,1,80,73,1,5,,2,,,10,,3,,2,,,,,3,1,02,4,73,270.18601456
5377737,1,2,1,80,73,2,,,,2,,,.,2,,2,,,,,2,1,02,,73,270.18601456
5377740,1,1,1,80,76,1,7,,2,,,4,,2,,2,,,,,2,1,02,1.4,76,737.71498168
5377740,1,2,1,80,76,1,4,,2,,,4,,2,,2,,2,,908526,2,1,02,4,76,737.71498168
5377876,1,1,1,80,05,1,5,,2,,,10,,3,,2,,,,,3,1,02,4,05,971.62408288
5377878,1,2,1,80,05,1,4,,2,,,4,,2,,2,,,,,2,1,02,1.2,05,1056.6532338
5377885,1,1,1,80,11,1,8,,2,,,9,,2,,2,,2,,908526,2,1,02,9,11,2904.7644796
5377895,1,2,1,80,17,1,5,,2,,,10,,3,,2,,,,,3,1,02,4,17,169.54986767
5377896,1,2,1,80,17,1,3,,1,,4,9,,1,1,2,,2,,3500000,1,1,02,4,17,228.28143163
5377896,1,3,1,80,17,2,,,,2,,,.,2,,2,,,,,2,1,02,,17,228.28143163
5377897,1,3,1,80,17,2,,,,2,,,.,2,,2,,,,,2,1,02,,17,157.32320544
5377898,1,2,1,80,17,2,,,,2,,,.,2,,2,,,,,2,1,02,,17,211.0689974
5377899,1,1,1,80,17,1,3,,2,,,9,,2,,2,,,,,2,1,02,4,17,167.01334549
5377900,1,2,1,80,17,1,3,,2,,,9,,2,,2,,,,,2,1,02,3,17,287.2581172
5377900,1,5,1,80,17,2,,,,2,,,.,2,,2,,,,,2,1,02,,17,287.2581172
5378017,1,1,1,80,23,1,5,,2,,,10,,3,,2,,,,,3,1,02,4,23,159.17943484
5378017,1,2,1,80,23,2,,,,2,,,.,2,,2,,,,,2,1,02,,23,159.17943484
5378017,1,3,1,80,23,2,,,,2,,,.,2,,2,,,,,2,1,02,,23,159.17943484
5378017,1,4,1,80,23,2,,,,2,,,.,2,,2,,,,,2,1,02,,23,159.17943484
5378017,1,5,1,80,23,2,,,,2,,,.,,,2,,,,,,1,02,,23,159.17943484
5378018,1,1,1,80,23,2,,,,2,,,.,2,,2,,,,,2,1,02,,23,175.03612077
5378018,1,5,1,80,23,2,,,,2,,,.,2,,2,,,,,2,1,02,,23,175.03612077
5378019,1,3,1,80,23,2,,,,2,,,.,2,,2,,,,,2,1,02,,23,153.58037483
5378020,1,1,1,80,23,1,4,,2,,,9,,2,,2,,2,,500000,2,1,02,3,23,146.33239522
5378021,1,2,1,80,23,2,,,,2,,,.,2,,2,,,,,2,1,02,,23,159.16690896
5378021,1,3,1,80,23,2,,,,2,,,.,2,,2,,,,,2,1,02,,23,159.16690896
5378021,1,4,1,80,23,2,,,,2,,,.,2,,2,,,,,2,1,02,,23,159.16690896
5378022,1,2,1,80,23,2,,,,2,,,.,2,,2,,2,,908526,2,1,02,,23,244.11297986
5378023,1,1,1,80,23,1,8,,2,,,8,,2,,2,,,,,2,1,02,4,23,183.02759724
5378026,1,1,1,80,23,1,4,,2,,,4,,2,,2,,,,,2,1,02,4,23,148.5935075
5378026,1,2,1,80,23,1,4,,2,,,4,,2,,2,,,,,2,1,02,4,23,148.5935075
5378027,1,2,1,80,23,1,8,,2,,,9,,2,,2,,2,,200000,2,1,02,2,23,221.76558253
5378028,1,2,1,80,23,2,,,,2,,,.,2,,2,,,,,2,1,02,,23,117.40675148
5378028,1,3,1,80,23,2,,,,2,,,.,,,2,,,,,,1,02,,23,117.40675148
5378028,1,4,1,80,23,2,,,,2,,,.,,,2,,,,,,1,02,,23,117.40675148
5378028,1,5,1,80,23,2,,,,2,,,.,,,2,,,,,,1,02,,23,117.40675148
5378029,1,2,1,80,23,1,1,,2,,,9,,2,,2,,,,,2,1,02,2,23,178.45902204
5378058,1,2,1,80,50,1,3,,2,,,8,,2,,2,,,,,2,1,02,4,50,239.56347864
5378059,1,2,1,80,50,1,2,,2,,,2,,2,,2,,,,,2,1,02,1.4,50,219.03927508
5378060,1,3,1,80,50,1,4,,2,,,4,,2,,2,,,,,2,1,02,4,50,410.93766774
5378061,1,1,1,80,50,1,3,,2,,,9,,2,,2,,,,,2,1,02,4,50,176.53910265
5378061,1,3,1,80,50,2,,,,2,,,.,2,,2,,2,,4000000,2,1,02,,50,176.53910265
5378062,1,2,1,80,50,2,,,,1,4,9,,2,,2,,1,5,200000,2,1,02,,50,264.24563201
5378062,1,3,1,80,50,2,,,,2,,,.,2,,2,,,,,2,1,02,,50,264.24563201
5378062,1,4,1,80,50,2,,,,2,,,.,,,2,,,,,,1,02,,50,264.24563201
5378063,1,2,1,80,50,1,3,,2,,,9,,2,,2,,,,,2,1,02,2,50,452.24531168
5378064,1,1,1,80,50,1,5,,2,,,10,,3,,2,,,,,3,1,02,4,50,158.26091082
5378064,1,3,1,80,50,2,,,,2,,,.,2,,2,,,,,2,1,02,,50,158.26091082
5378064,1,4,1,80,50,2,,,,2,,,.,2,,2,,,,,2,1,02,,50,158.26091082
5378064,1,5,1,80,50,2,,,,2,,,.,,,2,,,,,,1,02,,50,158.26091082
5378065,1,2,1,80,50,1,5,,2,,,10,,3,,2,,,,,3,1,02,4,50,205.93980714
5378066,1,1,1,80,50,1,5,,2,,,10,,3,,2,,,,,3,1,02,3,50,230.84848816
5378066,1,2,1,80,50,2,,,,2,,,.,2,,2,,,,,2,1,02,,50,230.84848816
5378068,1,1,1,80,50,1,5,,2,,,4,,3,,2,,,,,3,1,02,4,50,264.47215965
5378069,1,2,1,80,50,1,7,,2,,,9,,2,,2,,,,,2,1,02,1.2,50,323.83146779
5378070,1,1,1,80,50,1,4,,2,,,9,,2,,2,,,,,2,1,02,4,50,223.37346168
5378070,1,2,1,80,50,2,,,,2,,,.,2,,2,,,,,2,1,02,,50,223.37346168
5378072,1,2,1,80,50,2,,,,2,,,.,2,,2,,,,,2,1,02,,50,237.47897735
5378073,1,1,1,80,50,1,3,,2,,,4,,2,,2,,,,,2,1,02,4,50,264.47215965
5378076,1,1,1,80,50,1,4,,2,,,8,,2,,2,,,,,2,1,02,4,50,203.6937954
5378077,1,2,1,80,50,2,,,,2,,,.,,,2,,,,,,1,02,,50,246.19396783
5378079,1,2,1,80,50,2,,,,2,,,.,,,2,,,,,,1,02,,50,246.19396783
5378080,1,3,1,80,50,2,,,,2,,,.,2,,2,,,,,2,1,02,,50,241.63407184
5378080,1,4,1,80,50,2,,,,2,,,.,,,2,,,,,,1,02,,50,241.63407184
5378081,1,1,1,80,50,1,5,,2,,,10,,3,,2,,,,,3,1,02,4,50,230.84848816
5378081,1,2,1,80,50,1,3,,2,,,9,,2,,2,,,,,2,1,02,4,50,230.84848816
5378085,1,1,1,80,52,1,7,,2,,,4,,3,,2,,,,,3,1,02,4,52,155.54065035
5378086,1,1,1,80,52,1,5,,2,,,9,,3,,2,,,,,3,1,02,4,52,107.42347068
5378086,1,4,1,80,52,2,,,,2,,,.,2,,2,,,,,2,1,02,,52,107.42347068
5378088,1,3,1,80,52,2,,,,2,,,.,2,,2,,,,,2,1,02,,52,157.28633434
5378089,1,1,1,80,52,1,5,,2,,,10,,3,,2,,,,,3,1,02,4,52,220.03170604
5378089,1,5,1,80,52,2,,,,2,,,.,2,,2,,,,,2,1,02,,52,220.03170604
5378093,1,2,1,80,52,1,3,,2,,,9,,2,,2,,,,,2,1,02,4,52,152.66336887
5378096,1,2,1,80,52,1,5,,2,,,10,,3,,2,,,,,3,1,02,4,52,152.66336887
5378097,1,4,1,80,52,2,,,,2,,,.,2,,2,,,,,2,1,02,,52,152.77305232
5378099,1,3,1,80,52,2,,,,2,,,.,2,,2,,,,,2,1,02,,52,292.45575446
5378101,1,2,1,80,52,2,,,,2,,,.,2,,2,,,,,2,1,02,,52,266.09818732
5378103,1,2,1,80,52,1,3,,2,,,9,,2,,2,,2,,908000,2,1,02,1.4,52,280.84941501
5378107,1,5,1,80,52,1,5,,2,,,10,,2,,2,,,,,2,1,02,3,52,250.77797263
5378108,1,1,1,80,52,1,3,,2,,,4,,2,,2,,,,,2,1,02,4,52,155.54065035
5378109,1,2,1,80,54,2,,,,2,,,.,2,,2,,,,,2,1,02,,54,356.79758926
5378109,1,6,1,80,54,1,4,,2,,,8,,2,,2,,,,,2,1,02,4,54,356.79758926
5378110,1,1,1,80,54,1,4,,2,,,4,,2,,2,,,,,2,1,02,2,54,354.56246097
5378111,1,1,1,80,54,1,3,,2,,,9,,2,,2,,,,,2,1,02,4,54,308.26192662
5378112,1,4,1,80,54,1,3,,2,,,9,,2,,2,,,,,2,1,02,4,54,375.08207813
5378114,1,1,1,80,54,1,4,,2,,,8,,2,,2,,1,48,980000,2,1,02,4,54,375.32248498
5378115,1,1,1,80,68,2,,,,2,,,.,2,,2,,,,,2,1,02,,68,443.99814414
5378116,1,1,1,80,68,1,5,,2,,,10,,3,,2,,,,,3,1,02,4,68,443.99814414
5378117,1,1,1,80,68,1,3,,2,,,9,,2,,2,,,,,2,1,02,4,68,443.99814414
5378118,1,2,1,80,68,2,,,,2,,,.,2,,2,,,,,2,1,02,,68,477.00537334
5378120,1,1,1,80,68,1,3,,2,,,9,,2,,2,,,,,2,1,02,4,68,982.50968852
5378120,2,1,2,80,68,1,7,,2,,,8,,2,,2,,,,,2,1,02,4,68,982.50968852
5378121,1,1,1,80,68,1,5,,2,,,10,,3,,2,,,,,3,1,02,2,68,887.99628829
5378122,1,3,1,80,68,2,,,,2,,,.,2,,2,,,,,2,1,02,,68,916.30814738
5378122,1,4,1,80,68,2,,,,2,,,.,2,,2,,,,,2,1,02,,68,916.30814738
5378125,1,1,1,80,68,1,8,,2,,,8,,2,,2,,,,,2,1,02,4,68,384.90274421
5378125,1,2,1,80,68,1,8,,2,,,8,,2,,2,,,,,2,1,02,4,68,384.90274421
5378125,1,4,1,80,68,2,,,,2,,,.,,,2,,,,,,1,02,,68,384.90274421
5378126,1,1,1,80,68,2,,,,2,,,.,2,,2,,,,,2,1,02,,68,443.99814414
5378128,1,1,1,80,68,1,3,,2,,,9,,2,,2,,,,,2,1,02,3,68,453.11347545
5378128,1,3,1,80,68,2,,,,2,,,.,2,,2,,,,,2,1,02,,68,453.11347545
5378129,1,1,1,80,68,1,4,,2,,,4,,3,,2,,,,,3,1,02,4,68,510.90704607
5378130,1,1,1,80,68,1,4,,2,,,4,,2,,2,,,,,2,1,02,2,68,458.96008815
5378130,1,2,1,80,68,1,4,,2,,,4,,2,,2,,,,,2,1,02,1.3,68,458.96008815
5378133,1,3,1,80,76,1,8,,2,,,9,,2,,2,,,,,2,1,02,3,76,1811.2599889
5378135,1,2,1,80,76,1,6,,1,,4,9,,2,,2,,1,24,400000,2,1,02,4,76,1866.6268877
5378505,1,1,1,80,05,1,7,,2,,,8,,2,,2,,,,,2,1,02,4,05,1056.6532338
5378505,1,2,1,80,05,2,,,,2,,,.,2,,2,,,,,2,1,02,,05,1056.6532338
5378506,1,3,1,80,05,1,6,,1,,1,4,,2,,2,,1,48,908526,2,1,02,1.2,05,972.91313126
5378506,1,4,1,80,05,1,2,,2,,,2,,2,,2,,2,,908526,2,1,02,2,05,972.91313126
5378509,1,1,1,80,05,1,4,,2,,,4,,2,,2,,,,,2,1,02,4,05,933.20162814
5378509,1,2,1,80,05,1,4,,2,,,4,,2,,2,,,,,2,1,02,3,05,933.20162814
5378509,1,4,1,80,05,2,,,,2,,,.,,,2,,,,,,1,02,,05,933.20162814
5378510,1,1,1,80,05,1,5,,2,,,10,,3,,2,,,,,3,1,02,4,05,1069.9291557
5378511,1,1,1,80,05,1,5,,1,,2,12,PANDEMIA,3,,2,,,,,3,1,02,3,05,2706.7051665
5378512,1,2,1,80,05,1,3,,2,,,9,,2,,2,,,,,2,1,02,4,05,2580.1292647
5378513,1,1,1,80,05,1,5,,2,,,10,,3,,2,,,,,3,1,02,4,05,978.61817318
5378513,1,2,1,80,05,2,,,,2,,,.,2,,2,,,,,2,1,02,,05,978.61817318
5378515,1,3,1,80,05,2,,,,2,,,.,,,2,,,,,,1,02,,05,1044.2052561
5378518,1,2,1,80,05,1,5,,2,,,10,,3,,2,,,,,3,1,02,4,05,3169.9597015
5378519,1,1,1,80,05,1,5,,2,,,10,,3,,2,,,,,3,1,02,4,05,3169.9597015
5378519,1,2,1,80,05,2,,,,2,,,.,2,,2,,,,,2,1,02,,05,3169.9597015
5378522,1,1,1,80,05,1,5,,2,,,10,,3,,2,,,,,3,1,02,4,05,3209.7874671
5378524,1,1,1,80,05,1,9,POR LA PANDEMIA,2,,,7,,2,,2,,,,,2,1,02,2,05,3169.9597015
5378524,1,2,1,80,05,1,7,,2,,,8,,2,,2,,,,,2,1,02,2,05,3169.9597015
5378529,1,1,1,80,05,1,5,,2,,,10,,3,,2,,,,,3,1,02,4,05,1056.6532338
5378529,1,2,1,80,05,1,5,,2,,,10,,3,,2,,,,,3,1,02,4,05,1056.6532338
5378531,1,1,1,80,05,1,8,,2,,,12,ESTA HACIENDO VUELTAS PERSONALES,2,,2,,2,,908526,2,1,02,1.3,05,985.1697889
5378531,1,2,1,80,05,1,9,POR LA PANDEMIA SE LE TERMINO,2,,,12,NO LO NECESITA EN EL MOMENTO,2,,2,,,,,2,1,02,1.4,05,985.1697889
5378533,1,2,1,80,05,1,3,,2,,,9,,2,,2,,,,,2,1,02,4,05,1427.9138548
5378533,1,3,1,80,05,1,6,,2,,,9,,2,,2,,2,,908526,2,1,02,2,05,1427.9138548
5378534,1,1,1,80,05,2,,,,2,,,.,2,,2,,,,,2,1,02,,05,1056.6532338
5378537,1,3,1,80,05,2,,,,2,,,.,,,2,,,,,,1,02,,05,1044.2052561
5378538,1,1,1,80,05,1,5,,2,,,10,,3,,2,,,,,3,1,02,4,05,1056.6532338
5378538,1,2,1,80,05,1,3,,2,,,9,,2,,2,,,,,2,1,02,4,05,1056.6532338
5378541,1,1,1,80,05,1,6,,2,,,11,,3,,2,,,,,3,1,02,4,05,1069.9291557
5378542,1,1,1,80,05,1,5,,2,,,11,,3,,2,,,,,3,1,02,4,05,1070.0640478
5378542,1,2,1,80,05,1,3,,2,,,9,,2,,2,,,,,2,1,02,4,05,1070.0640478
5378542,1,3,1,80,05,1,6,,2,,,4,,2,,1,600000,,,,2,1,02,1.4,05,1070.0640478
5378543,1,2,1,80,05,1,8,,2,,,9,,2,,1,480000,,,,2,1,02,1.2,05,1353.3525833
5378547,1,1,1,80,08,1,9,POR LA PANDEMIA,2,,,12,POR LA PANDEMIA,2,,2,,,,,2,1,02,1.4,08,523.47321763
5378548,1,1,1,80,08,1,5,,2,,,10,,3,,2,,,,,3,1,02,4,08,566.95696593
5378548,1,2,1,80,08,2,,,,2,,,.,2,,2,,,,,2,1,02,,08,566.95696593
5378549,1,2,1,80,08,1,9,POR EL VIRUS PERDIO EL TRABAJO QUE HACIA,2,,,12,POR EL VIRUS Y LA EDAD,2,,2,,2,,1500000,2,1,02,1.4,08,604.96550518
5378550,1,1,1,80,08,1,3,,2,,,4,,2,,2,,,,,2,1,02,4,08,693.98782484
5378550,1,4,1,80,08,1,3,,2,,,9,,2,,2,,,,,2,1,02,3,08,693.98782484
5378551,1,1,1,80,08,1,9,DEJO DE HACER SU ACTIVIDAD ECONOMICA POR EL VIRUS,2,,,8,,3,,2,,,,,3,1,02,1.4,08,495.02098688
5378554,1,1,1,80,08,1,4,,2,,,4,,2,,2,,,,,2,1,02,4,08,591.33758185
5378554,1,3,1,80,08,2,,,,2,,,.,2,,2,,,,,2,1,02,,08,591.33758185
5378554,1,5,1,80,08,1,9,POR LA PANDEMIA,2,,,9,,2,,2,,,,,2,1,02,1.3,08,591.33758185
5378555,1,3,1,80,08,2,,,,2,,,.,2,,2,,,,,2,1,02,,08,619.24482761
5378555,1,4,1,80,08,2,,,,2,,,.,2,,2,,,,,2,1,02,,08,619.24482761
5378556,1,1,1,80,11,1,3,,2,,,8,,2,,2,,,,,2,1,02,4,11,5733.5258281
5378610,1,2,1,80,17,1,3,,2,,,9,,2,,2,,,,,2,1,02,2,17,203.00942384
5378610,1,3,1,80,17,2,,,,2,,,.,2,,2,,,,,2,1,02,,17,203.00942384
5378611,1,1,1,80,17,1,4,,2,,,4,,2,,2,,,,,2,1,02,4,17,295.36357218
5378611,1,3,1,80,17,1,4,,2,,,4,,2,,2,,,,,2,1,02,1.2,17,295.36357218
5378613,1,2,1,80,17,1,3,,2,,,9,,1,,2,,,,,2,1,02,2,17,301.79111721
5378614,1,1,1,80,17,1,4,,2,,,4,,3,,2,,,,,3,1,02,3,17,191.12471579
5378614,1,2,1,80,17,1,3,,2,,,9,,1,,2,,,,,2,1,02,3,17,191.12471579
5378615,1,1,1,80,17,1,3,,2,,,8,,3,,2,,,,,3,1,02,4,17,185.51798806
5378616,1,2,1,80,17,2,,,,2,,,.,,,2,,,,,,1,02,,17,203.00942384
5378624,1,2,1,80,17,1,3,,2,,,9,,2,,2,,,,,2,1,02,3,17,251.24710164
5378625,1,1,1,80,17,1,5,,2,,,9,,3,,2,,,,,3,1,02,4,17,161.40661777
5378625,1,2,1,80,17,2,,,,2,,,.,2,,2,,,,,2,1,02,,17,161.40661777
5378628,1,1,1,80,17,1,5,,2,,,10,,3,,2,,,,,3,1,02,4,17,185.51798806
5378629,1,2,1,80,17,1,5,,2,,,10,,3,,2,,,,,3,1,02,4,17,169.54986767
5378630,1,2,1,80,17,1,3,,2,,,9,,2,,2,,,,,2,1,02,4,17,195.10087702
5378630,1,3,1,80,17,2,,,,2,,,.,2,,2,,,,,2,1,02,,17,195.10087702
5378631,1,1,1,80,17,1,4,,2,,,4,,3,,2,,,,,3,1,02,4,17,155.40470326
5378631,1,2,1,80,17,1,3,,2,,,9,,1,,2,,,,,2,1,02,4,17,155.40470326
5378631,1,4,1,80,17,2,,,,2,,,.,2,,2,,,,,2,1,02,,17,155.40470326
5378632,1,2,1,80,17,2,,,,2,,,.,2,,2,,,,,2,1,02,,17,232.26052858
5378632,1,3,1,80,17,2,,,,2,,,.,,,2,,,,,,1,02,,17,232.26052858
5378633,1,2,1,80,17,1,3,,2,,,8,,2,,2,,,,,2,1,02,4,17,149.79797554
5378634,1,1,1,80,17,1,3,,2,,,8,,3,,2,,,,,3,1,02,4,17,185.51798806
5378635,1,1,1,80,17,1,5,,2,,,10,,3,,2,,,,,3,1,02,3,17,170.98950672
5378635,1,2,1,80,17,2,,,,2,,,.,2,,2,,,,,2,1,02,,17,170.98950672
5378635,1,4,1,80,17,2,,,,2,,,.,2,,2,,,,,2,1,02,,17,170.98950672
5378637,1,1,1,80,17,2,,,,2,,,.,2,,2,,,,,2,1,02,,17,185.51798806
5378639,1,2,1,80,17,1,3,,2,,,9,,2,,2,,,,,2,1,02,4,17,169.50784463
5378639,1,3,1,80,17,2,,,,2,,,.,2,,2,,,,,2,1,02,,17,169.50784463
5378639,1,5,1,80,17,2,,,,2,,,.,2,,2,,,,,2,1,02,,17,169.50784463
5378643,1,2,1,80,17,2,,,,2,,,.,2,,2,,,,,2,1,02,,17,222.76131598
5378644,1,2,1,80,17,2,,,,2,,,.,2,,2,,1,48,908526,2,1,02,,17,173.90934583
5378649,1,1,1,80,17,1,7,,2,,,8,,2,,2,,,,,2,1,02,2,17,211.16761096
5378649,1,2,1,80,17,2,,,,2,,,.,1,2,2,,,,,1,1,02,,17,211.16761096
5378650,1,1,1,80,17,1,3,,2,,,9,,2,,2,,,,,2,1,02,4,17,135.07710472
5378650,1,4,1,80,17,1,8,,2,,,12,ESTA ESPERANDO QUE LA LLAMEN,1,,2,,1,48,900000,2,1,02,1.4,17,135.07710472
5378651,1,1,1,80,17,1,4,,2,,,4,,2,,2,,,,,2,1,02,1.4,17,170.79711724
5378651,1,2,1,80,17,1,4,,2,,,4,,2,,2,,,,,2,1,02,4,17,170.79711724
5378651,1,3,1,80,17,2,,,,2,,,.,2,,2,,,,,2,1,02,,17,170.79711724
5378652,1,1,1,80,17,1,4,,2,,,4,,2,,2,,,,,2,1,02,4,17,157.89891184
5378652,1,3,1,80,17,2,,,,2,,,.,2,,2,,,,,2,1,02,,17,157.89891184
5378652,1,4,1,80,17,2,,,,2,,,.,2,,2,,,,,2,1,02,,17,157.89891184
5378655,1,1,1,80,17,1,3,,2,,,9,,2,,2,,,,,2,1,02,2,17,157.81259032
5378655,1,6,1,80,17,2,,,,2,,,.,3,,2,,,,,3,1,02,,17,157.81259032
5378655,1,7,1,80,17,2,,,,2,,,.,3,,2,,,,,3,1,02,,17,157.81259032
5378657,1,3,1,80,17,2,,,,2,,,.,,,2,,,,,,1,02,,17,232.26052858
5378658,1,1,1,80,17,1,5,,2,,,10,,3,,2,,,,,3,1,02,4,17,165.76609592
5378659,1,1,1,80,17,2,,,,2,,,.,2,,2,,,,,2,1,02,,17,193.53260284
5378663,1,3,1,80,17,1,2,,2,,,2,,2,,1,908526,,,,2,1,02,1.4,17,224.20095502
5378663,1,4,1,80,17,2,,,,2,,,.,2,,2,,,,,2,1,02,,17,224.20095502
5378664,1,2,1,80,17,1,2,,2,,,2,,2,,2,,,,,2,1,02,2,17,201.76217427
5378666,1,2,1,80,17,1,8,,2,,,9,,1,,2,,,,,2,1,02,3,17,208.52953949
5378666,1,3,1,80,17,1,3,,2,,,9,,1,,2,,,,,2,1,02,1.3,17,208.52953949
5378666,1,5,1,80,17,2,,,,2,,,.,2,,2,,,,,2,1,02,,17,208.52953949
5378667,1,2,1,80,17,1,3,,2,,,9,,2,,2,,,,,2,1,02,4,17,169.54986767
5378747,1,1,1,80,23,1,5,,2,,,10,,3,,2,,,,,3,1,02,4,23,131.40743774
5378747,1,2,1,80,23,2,,,,2,,,.,2,,2,,,,,2,1,02,,23,131.40743774
5378747,1,4,1,80,23,2,,,,2,,,.,2,,2,,,,,2,1,02,,23,131.40743774
5378747,1,5,1,80,23,2,,,,2,,,.,2,,2,,,,,2,1,02,,23,131.40743774
5378748,1,2,1,80,23,1,2,,2,,,2,,2,,2,,,,,2,1,02,2,23,163.99620017
5378748,1,3,1,80,23,2,,,,2,,,.,2,,2,,,,,2,1,02,,23,163.99620017
5378748,1,4,1,80,23,2,,,,2,,,.,,,2,,,,,,1,02,,23,163.99620017
5378749,1,3,1,80,23,2,,,,2,,,.,2,,2,,,,,2,1,02,,23,138.09272862
5378749,1,4,1,80,23,2,,,,2,,,.,,,2,,,,,,1,02,,23,138.09272862
5378749,1,5,1,80,23,1,7,,2,,,9,,2,,2,,,,,2,1,02,2,23,138.09272862
5378750,1,3,1,80,23,1,2,,2,,,2,,2,,2,,,,,2,1,02,1.2,23,181.33483416
5378750,1,4,1,80,23,1,2,,2,,,2,,,,2,,,,,,1,02,1.2,23,181.33483416
5378751,1,3,1,80,23,2,,,,2,,,.,,,2,,,,,,1,02,,23,211.36228307
5378752,1,3,1,80,23,2,,,,2,,,.,2,,2,,,,,2,1,02,,23,168.8129655
5378753,1,1,1,80,23,1,4,,2,,,4,,2,,2,,,,,2,1,02,4,23,146.29290999
5378753,1,2,1,80,23,1,5,,2,,,10,,3,,2,,,,,3,1,02,4,23,146.29290999
5378753,1,4,1,80,23,1,6,,2,,,8,,2,,2,,,,,2,1,02,2,23,146.29290999
5378754,1,5,1,80,23,1,8,,2,,,7,,2,,2,,1,48,908526,2,1,02,1.2,23,161.69560266
5378755,1,2,1,80,23,1,7,,2,,,6,,2,,2,,1,40,400000,2,1,02,4,23,231.74367543
5378755,1,3,1,80,23,2,,,,2,,,.,2,,2,,,,,2,1,02,,23,231.74367543
5378757,1,1,1,80,23,1,1,,2,,,12,COVID19,3,,2,,2,,908526,3,1,02,1.4,23,158.23956404
5378757,1,2,1,80,23,1,3,,2,,,9,,2,,2,,,,,2,1,02,4,23,158.23956404
5378759,1,2,1,80,23,2,,,,2,,,.,2,,2,,,,,2,1,02,,23,232.18143316
5378759,1,6,1,80,23,2,,,,2,,,.,2,,2,,,,,2,1,02,,23,232.18143316
5378759,1,7,1,80,23,2,,,,2,,,.,,,2,,,,,,1,02,,23,232.18143316
5378760,1,2,1,80,23,1,3,,2,,,9,,2,,2,,,,,2,1,02,2,23,178.45902204
5378763,1,2,1,80,23,2,,,,2,,,.,2,,2,,,,,2,1,02,,23,206.20095549
5378764,1,2,1,80,23,2,,,,2,,,.,2,,2,,,,,2,1,02,,23,139.9722753
5378764,1,4,1,80,23,2,,,,2,,,.,2,,2,,,,,2,1,02,,23,139.9722753
5378765,1,1,1,80,23,1,9,RENUNCIO,2,,,9,,2,,2,,2,,450000,2,1,02,2,23,164.76030849
5378765,1,2,1,80,23,1,8,,2,,,2,,2,,2,,2,,908526,2,1,02,1.2,23,164.76030849
5378765,1,3,1,80,23,2,,,,2,,,.,2,,2,,,,,2,1,02,,23,164.76030849
5378766,1,1,1,80,23,1,3,,2,,,9,,2,,2,,1,48,500000,2,1,02,2,23,203.66970562
5378769,1,2,1,80,23,2,,,,2,,,.,2,,2,,,,,2,1,02,,23,529.51662885
5378769,1,3,1,80,23,2,,,,2,,,.,2,,2,,,,,2,1,02,,23,529.51662885
5378769,1,4,1,80,23,2,,,,2,,,.,2,,2,,,,,2,1,02,,23,529.51662885
5378770,1,2,1,80,23,2,,,,2,,,.,2,,2,,,,,2,1,02,,23,572.90509446
5378771,1,2,1,80,23,1,2,,2,,,2,,2,,2,,,,,2,1,02,3,23,361.28677101
5378773,1,2,1,80,23,2,,,,1,4,5,,2,,2,,,,,2,1,02,,23,108.48226962
5378773,1,4,1,80,23,1,3,,2,,,8,,2,,2,,,,,2,1,02,4,23,108.48226962
5378774,1,2,1,80,23,2,,,,2,,,.,2,,2,,,,,2,1,02,,23,545.87671241
5378775,1,1,1,80,23,1,8,,2,,,9,,2,,2,,,,,2,1,02,4,23,177.4341977
5378776,1,1,1,80,23,2,,,,2,,,.,2,,2,,,,,2,1,02,,23,146.62494636
5378776,1,4,1,80,23,1,3,,2,,,9,,2,,2,,,,,2,1,02,4,23,146.62494636
5378778,1,1,1,80,23,1,2,,2,,,2,,1,1,2,,,,,1,1,02,2,23,156.74822056
5378779,1,3,1,80,23,2,,,,2,,,.,2,,2,,,,,2,1,02,,23,123.71486029
5378779,1,4,1,80,23,2,,,,2,,,.,3,,2,,,,,3,1,02,,23,123.71486029
5378780,1,1,1,80,23,1,5,,2,,,10,,3,,2,,,,,3,1,02,4,23,158.23956404
5378780,1,2,1,80,23,1,3,,2,,,4,,2,,2,,,,,2,1,02,4,23,158.23956404
5378781,1,3,1,80,23,2,,,,2,,,.,,,2,,,,,,1,02,,23,168.8129655
5378782,1,1,1,80,23,1,5,,2,,,10,,3,,2,,,,,3,1,02,4,23,190.36619086
5378782,1,2,1,80,23,2,,,,2,,,.,2,,2,,,,,2,1,02,,23,190.36619086
5378783,1,1,1,80,23,2,,,,2,,,.,2,,2,,,,,2,1,02,,23,145.30757088
5378785,1,1,1,80,23,1,5,,2,,,10,,3,,2,,,,,3,1,02,3,23,178.45902204
5378786,1,1,1,80,23,1,4,,2,,,4,,2,,2,,2,,908526,2,1,02,2,23,136.68633868
5378874,1,3,1,80,50,1,2,,2,,,2,,2,,2,,2,,1500000,2,1,02,2,50,250.30162679
5378874,1,4,1,80,50,2,,,,2,,,.,2,,2,,,,,2,1,02,,50,250.30162679
5378876,1,2,1,80,50,1,3,,2,,,9,,2,,2,,2,,950000,2,1,02,2,50,335.75512549
5378876,1,3,1,80,50,2,,,,2,,,.,2,,2,,,,,2,1,02,,50,335.75512549
5378878,1,2,1,80,50,1,8,,2,,,11,,2,,2,,,,,2,1,02,4,50,239.72498909
5378879,1,2,1,80,50,1,8,,2,,,9,,2,,2,,,,,2,1,02,4,50,367.86903342
5378880,1,2,1,80,50,1,7,,2,,,4,,2,,2,,,,,2,1,02,2,50,276.05484509
5378880,1,3,1,80,50,1,4,,2,,,4,,2,,1,900000,,,,2,1,02,1.1,50,276.05484509
5378881,1,4,1,80,50,1,3,,2,,,9,,2,,2,,,,,2,1,02,4,50,256.58412479
5378882,1,1,1,80,50,1,8,,2,,,8,,2,,2,,,,,2,1,02,3,50,228.64991195
5378883,1,1,1,80,50,1,5,,2,,,10,,3,,2,,,,,3,1,02,4,50,264.47215965
5378884,1,1,1,80,50,2,,,,2,,,.,2,,2,,,,,2,1,02,,50,343.46369854
5378885,1,1,1,80,50,1,8,,2,,,9,,2,,2,,,,,2,1,02,4,50,155.96460823
5378885,1,4,1,80,50,2,,,,2,,,.,2,,2,,,,,2,1,02,,50,155.96460823
5378886,1,1,1,80,50,1,8,,2,,,9,,2,,2,,,,,2,1,02,4,50,171.31008791
5378886,1,4,1,80,50,2,,,,2,,,.,2,,2,,,,,2,1,02,,50,171.31008791
5378887,1,3,1,80,50,2,,,,2,,,.,2,,2,,,,,2,1,02,,50,212.40878588
5378888,1,2,1,80,50,1,3,,2,,,8,,2,,2,,,,,2,1,02,4,50,255.25382304
5378889,1,3,1,80,50,2,,,,2,,,.,,,2,,,,,,1,02,,50,250.30162679
5378889,1,4,1,80,50,2,,,,2,,,.,,,2,,,,,,1,02,,50,250.30162679
5378890,1,3,1,80,50,2,,,,2,,,.,,,2,,,,,,1,02,,50,236.35762158
5378890,1,4,1,80,50,2,,,,2,,,.,,,2,,,,,,1,02,,50,236.35762158
5378891,1,2,1,80,50,1,8,,2,,,9,,2,,2,,,,,2,1,02,1.1,50,517.68221512
5378891,1,3,1,80,50,2,,,,2,,,.,2,,2,,,,,2,1,02,,50,517.68221512
5378891,1,4,1,80,50,2,,,,2,,,.,,,2,,,,,,1,02,,50,517.68221512
5378892,1,1,1,80,50,1,4,,2,,,4,,2,,2,,2,,900000,2,1,02,1.2,50,338.78556402
5378892,1,2,1,80,50,1,3,,2,,,9,,2,,2,,,,,2,1,02,2,50,338.78556402
5378893,1,1,1,80,50,1,9,PANDEMIA SANITARIA,2,,,8,,2,,2,,2,,800000,2,1,02,1.4,50,338.57661805
5378894,1,1,1,80,50,1,7,,2,,,4,,1,,2,,,,,2,1,02,4,50,264.47215965
5378897,1,2,1,80,50,1,3,,2,,,9,,2,,2,,,,,2,1,02,3,50,296.67677503
5378897,1,3,1,80,50,2,,,,2,,,.,,,2,,,,,,1,02,,50,296.67677503
5378900,1,2,1,80,50,1,3,,2,,,9,,2,,2,,,,,2,1,02,2,50,321.58545605
5378904,1,1,1,80,52,1,9,PANDEMIA,2,,,8,,2,,2,,,,,2,1,02,1.4,52,108.29511509
5378904,1,5,1,80,52,1,2,,2,,,2,,2,,2,,2,,400000,2,1,02,1.2,52,108.29511509
5378905,1,3,1,80,52,2,,,,2,,,.,,,2,,,,,,1,02,,52,161.7970861
5378906,1,2,1,80,52,1,9,PANDEMIA,2,,,9,,2,,2,,,,,2,1,02,1.3,52,267.31844541
5378907,1,3,1,80,52,2,,,,2,,,.,,,2,,,,,,1,02,,52,246.30061258
5378908,1,2,1,80,52,1,6,,2,,,9,,2,,2,,,,,2,1,02,2,52,243.88791678
5378909,1,3,1,80,52,1,2,,2,,,2,,2,,2,,1,40,800000,2,1,02,2,52,194.38235481
5378910,1,3,1,80,52,2,,,,2,,,.,,,2,,,,,,1,02,,52,246.30061258
5378911,1,1,1,80,52,1,8,,2,,,10,,3,,2,,,,,3,1,02,4,52,154.92339558
5378911,1,2,1,80,52,1,9,PANDEMIA,2,,,1,,2,,2,,1,20,300000,2,1,02,2,52,154.92339558
5378911,1,7,1,80,52,1,4,,2,,,4,,2,,2,,,,,2,1,02,4,52,154.92339558
5378913,1,3,1,80,52,2,,,,2,,,.,2,,2,,,,,2,1,02,,52,240.53749669
5378915,1,1,1,80,52,1,9,CAMBIO DE RESIDENCIA,2,,,9,,2,,2,,,,,2,1,02,3,52,237.57155461
5378916,1,4,1,80,52,1,8,,2,,,8,,2,,2,,,,,2,1,02,1.2,52,217.14587163
5378918,1,1,1,80,52,1,4,,2,,,4,,2,,2,,,,,2,1,02,4,52,188.57803482
5378920,1,2,1,80,52,1,9,PANDEMIA,2,,,9,,2,,2,,2,,800000,2,1,02,1.2,52,217.14587163
5378920,1,3,1,80,52,1,2,,2,,,2,,2,,2,,,,,2,1,02,1.2,52,217.14587163
5378920,1,4,1,80,52,2,,,,2,,,.,,,2,,,,,,1,02,,52,217.14587163
5378923,1,1,1,80,52,1,5,,2,,,10,,3,,2,,,,,3,1,02,4,52,138.40546104
5378923,1,2,1,80,52,1,6,,2,,,9,,2,,2,,,,,2,1,02,4,52,138.40546104
5378923,1,3,1,80,52,2,,,,2,,,.,2,,2,,,,,2,1,02,,52,138.40546104
5378923,1,4,1,80,52,2,,,,2,,,.,,,2,,,,,,1,02,,52,138.40546104
5378925,1,1,1,80,52,1,4,,2,,,4,,2,,2,,,,,2,1,02,3,52,185.24863758
5378926,1,1,1,80,52,1,5,,2,,,8,,3,,2,,1,40,700000,3,1,02,4,52,181.19000158
5378926,1,2,1,80,52,1,3,,2,,,8,,2,,2,,,,,2,1,02,4,52,181.19000158
5378926,1,3,1,80,52,2,,,,2,,,.,2,,2,,,,,2,1,02,,52,181.19000158
5378927,1,2,1,80,52,2,,,,2,,,.,,,2,,,,,,1,02,,52,193.20100029
5378927,1,3,1,80,52,2,,,,2,,,.,2,,2,,,,,2,1,02,,52,193.20100029
5378928,1,2,1,80,52,2,,,,2,,,.,,,2,,,,,,1,02,,52,132.19878232
5378928,1,3,1,80,52,1,4,,2,,,4,,2,,2,,,,,2,1,02,4,52,132.19878232
5378928,1,4,1,80,52,1,4,,2,,,4,,2,,2,,,,,2,1,02,4,52,132.19878232
5378929,1,6,1,80,52,2,,,,2,,,.,2,,2,,1,30,300000,2,1,02,,52,364.72483325
5378929,1,7,1,80,52,1,9,CAMBIO DE RESIDENCIA,2,,,2,,2,,2,,1,25,250000,2,1,02,1.4,52,364.72483325
5378934,1,1,1,80,52,1,3,,2,,,9,,2,,2,,,,,2,1,02,4,52,185.24863758
5378937,1,3,1,80,52,2,,,,2,,,.,2,,2,,,,,2,1,02,,52,125.88242015
5378939,1,1,1,80,52,1,4,,2,,,8,,2,,2,,,,,2,1,02,3,52,244.0365038
5378940,1,1,1,80,52,1,5,,2,,,10,,3,,2,,,,,3,1,02,4,52,152.66336887
5378941,1,1,1,80,52,1,3,,2,,,9,,2,,2,,,,,2,1,02,4,52,216.59262535
5378941,1,2,1,80,52,1,2,,2,,,2,,2,,2,,,,,2,1,02,2,52,216.59262535
5378942,1,4,1,80,52,1,8,,2,,,2,,,,2,,,,,,1,02,1.3,52,170.99072975
5378946,1,2,1,80,52,2,,,,2,,,.,2,,2,,,,,2,1,02,,52,132.19878232
5378946,1,5,1,80,52,2,,,,2,,,.,2,,2,,,,,2,1,02,,52,132.19878232
5378947,1,2,1,80,52,1,4,,2,,,4,,2,,2,,,,,2,1,02,4,52,185.24863758
5378949,1,2,1,80,52,2,,,,2,,,.,2,,2,,,,,2,1,02,,52,273.0815613
5378951,1,2,1,80,52,1,7,,2,,,9,,1,1,2,,,,,1,1,02,2,52,316.78510381
5378956,1,3,1,80,54,2,,,,2,,,.,2,,2,,,,,2,1,02,,54,321.63946293
5378957,1,2,1,80,54,1,4,,2,,,4,,2,,2,,2,,908000,2,1,02,3,54,308.26192662
5378958,1,2,1,80,54,1,6,,2,,,9,,2,,2,,,,,2,1,02,4,54,379.45226092
5378958,1,3,1,80,54,2,,,,2,,,.,,,2,,,,,,1,02,,54,379.45226092
5378959,1,2,1,80,54,1,3,,2,,,9,,2,,2,,,,,2,1,02,2,54,337.65494139
5378961,1,2,1,80,54,2,,,,2,,,.,2,,2,,,,,2,1,02,,54,935.71459572
5378962,1,3,1,80,54,2,,,,2,,,.,2,,2,,,,,2,1,02,,54,1175.8090617
5378963,1,1,1,80,54,2,,,,2,,,.,2,,2,,,,,2,1,02,,54,310.80119965
5378965,1,2,1,80,54,2,,,,2,,,.,2,,2,,,,,2,1,02,,54,366.99662151
5378965,1,3,1,80,54,2,,,,2,,,.,2,,2,,,,,2,1,02,,54,366.99662151
5378966,1,2,1,80,54,1,3,,2,,,9,,2,,2,,1,48,908000,2,1,02,1.1,54,540.56646964
5378967,1,1,1,80,54,1,8,,2,,,8,,2,,2,,,,,2,1,02,3,54,367.23163401
5378967,1,2,1,80,54,1,4,,2,,,4,,2,,2,,,,,2,1,02,3,54,367.23163401
5378967,1,3,1,80,54,2,,,,2,,,.,2,,2,,,,,2,1,02,,54,367.23163401
5378968,1,1,1,80,54,1,4,,2,,,8,,3,,2,,,,,3,1,02,4,54,284.96262958
5378968,1,2,1,80,54,2,,,,2,,,.,2,,2,,,,,2,1,02,,54,284.96262958
5378968,1,3,1,80,54,2,,,,2,,,.,2,,2,,,,,2,1,02,,54,284.96262958
5378969,1,1,1,80,54,1,4,,2,,,4,,2,,2,,,,,2,1,02,1.4,54,857.53020037
5378971,1,2,1,80,54,2,,,,2,,,.,,,2,,,,,,1,02,,54,351.78817544
5378972,1,2,1,80,54,2,,,,2,,,.,2,,2,,,,,2,1,02,,54,312.71520899
5379003,1,1,1,80,68,1,4,,2,,,10,,3,,2,,,,,3,1,02,4,68,387.24934927
5379003,1,2,1,80,68,1,3,,2,,,9,,2,,2,,,,,2,1,02,4,68,387.24934927
5379003,1,3,1,80,68,1,2,,2,,,2,,2,,2,,1,40,1500000,2,1,02,2,68,387.24934927
5379008,1,1,1,80,68,1,6,,2,,,8,,2,,2,,2,,98,2,1,02,2,68,559.7410615
5379009,1,1,1,80,68,1,8,,2,,,4,,2,,2,,,,,2,1,02,4,68,521.20299531
5379011,1,1,1,80,68,1,3,,2,,,9,,2,,2,,1,48,2600000,2,1,02,4,68,510.90704607
5379011,1,2,1,80,68,1,4,,2,,,4,,2,,2,,2,,900000,2,1,02,4,68,510.90704607
5379012,1,1,1,80,68,1,3,,2,,,9,,2,,2,,,,,2,1,02,3,68,339.99264916
5379013,1,1,1,80,68,1,2,,2,,,2,,2,,2,,1,24,500000,2,1,02,3,68,581.01086832
5379017,1,2,1,80,68,1,4,,2,,,4,,2,,2,,,,,2,1,02,2,68,435.8078787
5379019,1,2,1,80,68,2,,,,1,2,8,,2,,2,,2,,900000,2,1,02,,68,555.78753981
5379023,1,8,1,80,68,2,,,,2,,,.,,,2,,,,,,1,02,,68,298.97709914
5379025,1,2,1,80,68,2,,,,1,4,7,,2,,2,,2,,1000000,2,1,02,,68,575.96811011
5379026,1,1,1,80,68,1,5,,2,,,10,,3,,2,,,,,3,1,02,4,68,268.85384495
5379026,1,2,1,80,68,1,3,,2,,,9,,2,,2,,,,,2,1,02,4,68,268.85384495
5379027,1,1,1,80,68,1,4,,2,,,4,,2,,2,,,,,2,1,02,4,68,662.16924118
5379029,1,4,1,80,68,2,,,,2,,,.,,,2,,,,,,1,02,,68,481.75979719
5379032,1,3,1,80,68,2,,,,2,,,.,2,,2,,,,,2,1,02,,68,629.06847061
5379032,1,4,1,80,68,2,,,,2,,,.,,,2,,,,,,1,02,,68,629.06847061
5379033,1,5,1,80,68,2,,,,2,,,.,2,,2,,,,,2,1,02,,68,677.62700003
5379034,1,4,1,80,68,2,,,,2,,,.,2,,2,,,,,2,1,02,,68,946.46432138
5379034,1,5,1,80,68,2,,,,2,,,.,,,2,,,,,,1,02,,68,946.46432138
5379034,1,7,1,80,68,2,,,,2,,,.,,,2,,,,,,1,02,,68,946.46432138
5379035,1,1,1,80,68,1,7,,2,,,9,,2,,2,,1,24,500000,2,1,02,1.4,68,491.25484426
5379035,1,3,1,80,68,1,4,,2,,,4,,2,,2,,,,,2,1,02,4,68,491.25484426
5379036,1,1,1,80,68,1,4,,2,,,4,,2,,2,,,,,2,1,02,4,68,675.61269764
5379037,1,2,1,80,68,1,4,,2,,,10,,3,,2,,,,,3,1,02,4,68,433.46127364
5379037,1,4,1,80,68,2,,,,2,,,.,2,,2,,,,,2,1,02,,68,433.46127364
5379040,1,4,1,80,68,2,,,,2,,,.,,,2,,,,,,1,02,,68,629.06847061
5379041,1,6,1,80,68,2,,,,2,,,.,2,,2,,,,,2,1,02,,68,313.90447842
5379042,1,3,1,80,68,2,,,,2,,,.,,,2,,,,,,1,02,,68,664.54745865
5379043,1,4,1,80,68,1,3,,2,,,8,,2,,2,,,,,2,1,02,4,68,401.90620596
5379044,1,1,1,80,68,1,9,TEMOR AL CONTAGIO DEL COVID 19 Y YA ES PENSIONADO,2,,,12,TEMOR AL CONTAGIO DEL COVID 19 Y POR JUBILACION,3,,2,,,,,3,1,02,1.3,68,507.75953884
5379045,1,3,1,80,68,2,,,,2,,,.,2,,2,,,,,2,1,02,,68,585.76529218
5379047,1,1,1,80,68,2,,,,2,,,.,2,,2,,,,,2,1,02,,68,579.37778318
5379049,1,2,1,80,68,1,3,,2,,,9,,2,,2,,,,,2,1,02,4,68,327.84886202
5379049,1,3,1,80,68,2,,,,2,,,.,,,2,,,,,,1,02,,68,327.84886202
5379050,1,1,1,80,68,1,4,,2,,,9,,2,,2,,,,,2,1,02,3,68,632.99239098
5379051,1,1,1,80,68,1,6,,1,,4,4,,2,,2,,,,,2,1,02,4,68,620.08899621
5379051,1,2,1,80,68,2,,,,2,,,.,2,,2,,,,,2,1,02,,68,620.08899621
5379051,1,3,1,80,68,2,,,,2,,,.,2,,2,,,,,2,1,02,,68,620.08899621
5379052,1,1,1,80,68,1,5,,2,,,10,,3,,2,,,,,3,1,02,4,68,982.50968852
5379052,1,2,1,80,68,1,5,,2,,,10,,3,,2,,,,,3,1,02,4,68,982.50968852
5379052,1,3,1,80,68,2,,,,2,,,.,2,,2,,,,,2,1,02,,68,982.50968852
5379090,1,3,1,80,73,2,,,,2,,,.,2,,2,,,,,2,1,02,,73,472.81341462
5379090,1,4,1,80,73,2,,,,2,,,.,,,2,,,,,,1,02,,73,472.81341462
5379092,1,2,1,80,73,2,,,,2,,,.,2,,2,,,,,2,1,02,,73,438.80088991
5379093,1,2,1,80,73,1,3,,2,,,8,,2,,2,,,,,2,1,02,4,73,270.18601456
5379096,1,1,1,80,73,1,7,,2,,,1,,3,,2,,1,60,908526,3,1,02,1.4,73,284.26176051
5379097,1,1,1,80,73,1,5,,2,,,10,,3,,2,,,,,3,1,02,4,73,329.9066187
5379098,1,2,1,80,73,1,3,,2,,,9,,2,,2,,,,,2,1,02,2,73,154.95747897
5379099,1,1,1,80,73,1,5,,2,,,10,,3,,2,,,,,3,1,02,4,73,329.9066187
5379102,1,1,1,80,73,1,4,,2,,,4,,2,,2,,,,,2,1,02,4,73,270.18601456
5379102,1,2,1,80,73,2,,,,2,,,.,2,,2,,,,,2,1,02,,73,270.18601456
5379103,1,1,1,80,73,1,5,,2,,,10,,3,,2,,,,,3,1,02,4,73,208.77711664
5379103,1,2,1,80,73,1,3,,2,,,9,,2,,2,,,,,2,1,02,4,73,208.77711664
5379103,1,3,1,80,73,1,3,,2,,,8,,2,,2,,,,,2,1,02,4,73,208.77711664
5379103,1,4,1,80,73,1,3,,2,,,11,,2,,2,,,,,2,1,02,4,73,208.77711664
5379103,1,7,1,80,73,2,,,,2,,,.,2,,2,,,,,2,1,02,,73,208.77711664
5379104,1,1,1,80,73,1,5,,2,,,8,,3,,2,,,,,3,1,02,4,73,243.71922004
5379104,1,2,1,80,73,1,3,,2,,,8,,2,,2,,,,,2,1,02,4,73,243.71922004
5379104,1,4,1,80,73,2,,,,2,,,.,2,,2,,,,,2,1,02,,73,243.71922004
5379104,1,5,1,80,73,1,4,,2,,,4,,2,,2,,2,,908000,2,1,02,3,73,243.71922004
5379107,1,2,1,80,73,2,,,,2,,,.,,,2,,,,,,1,02,,73,311.77638477
5379112,1,1,1,80,73,1,5,,2,,,10,,3,,2,,,,,3,1,02,3,73,270.18601456
5379112,1,2,1,80,73,2,,,,2,,,.,2,,2,,,,,2,1,02,,73,270.18601456
5379113,1,2,1,80,73,1,3,,2,,,8,,2,,2,,,,,2,1,02,4,73,273.65855386
5379113,1,3,1,80,73,2,,,,2,,,.,2,,2,,,,,2,1,02,,73,273.65855386
5379113,1,4,1,80,73,1,4,,2,,,4,,2,,2,,,,,2,1,02,4,73,273.65855386
5379113,1,5,1,80,73,1,4,,2,,,4,,2,,2,,,,,2,1,02,4,73,273.65855386
5379114,1,1,1,80,73,1,5,,2,,,10,,3,,2,,,,,3,1,02,4,73,270.18601456
5379114,1,2,1,80,73,1,3,,2,,,9,,2,,2,,,,,2,1,02,4,73,270.18601456
5379116,1,1,1,80,73,1,5,,2,,,10,,3,,2,,,,,3,1,02,4,73,190.47374965
5379116,1,2,1,80,73,1,3,,2,,,9,,2,,2,,,,,2,1,02,4,73,190.47374965
5379117,1,2,1,80,73,1,3,,2,,,9,,2,,2,,,,,2,1,02,2,73,329.55628149
5379118,1,2,1,80,73,1,1,,2,,,9,,2,,2,,,,,2,1,02,2,73,215.09643267
5379119,1,1,1,80,73,1,7,,2,,,8,,2,,2,,,,,2,1,02,2,73,277.18461859
5379119,1,2,1,80,73,2,,,,2,,,.,2,,2,,,,,2,1,02,,73,277.18461859
5379120,1,1,1,80,73,1,4,,2,,,4,,2,,2,,2,,908526,2,1,02,2,73,270.18601456
5379120,1,2,1,80,73,1,8,,2,,,8,,2,,2,,,,,2,1,02,4,73,270.18601456
5379121,1,1,1,80,73,1,5,,2,,,10,,3,,2,,,,,3,1,02,1.4,73,354.68875279
5379121,1,2,1,80,73,1,3,,2,,,8,,2,,2,,,,,2,1,02,4,73,354.68875279
5379121,1,3,1,80,73,1,3,,2,,,9,,2,,2,,,,,2,1,02,2,73,354.68875279
5379122,1,3,1,80,76,2,,,,2,,,.,,,2,,,,,,1,02,,76,1131.2772277
5379123,1,1,1,80,76,1,5,,2,,,10,,3,,2,,,,,3,1,02,3,76,716.25981572
5379123,1,2,1,80,76,1,7,,2,,,8,,2,,2,,,,,2,1,02,4,76,716.25981572
5379123,1,3,1,80,76,1,3,,2,,,9,,2,,2,,,,,2,1,02,4,76,716.25981572
5379129,1,3,1,80,76,2,,,,2,,,.,2,,2,,,,,2,1,02,,76,905.19558777
5379130,1,2,1,80,76,2,,,,2,,,.,2,,2,,2,,3000000,2,1,02,,76,1069.4460478
5379130,1,3,1,80,76,1,8,,2,,,2,,2,,2,,,,,2,1,02,3,76,1069.4460478
5379132,1,1,1,80,76,1,7,,2,,,12,ESTA ESPERANDO A QUE PASE LA PANDEMIA,2,,2,,,,,2,1,02,1.4,76,979.74085993
5379133,1,3,1,80,76,1,2,,2,,,2,,2,,2,,1,20,1000000,2,1,02,2,76,1084.4284217
5379133,1,4,1,80,76,2,,,,2,,,.,,,2,,,,,,1,02,,76,1084.4284217
5379134,1,2,1,80,76,2,,,,2,,,.,2,,2,,,,,2,1,02,,76,1138.2159838
5379135,1,1,1,80,76,1,5,,2,,,10,,2,,2,,,,,2,1,02,4,76,979.74085993
5379136,1,3,1,80,76,2,,,,2,,,.,,,2,,,,,,1,02,,76,1062.091375
5379138,1,3,1,80,76,2,,,,2,,,.,,,2,,,,,,1,02,,76,874.34044819
5379139,1,1,1,80,76,1,3,,2,,,4,,2,,2,,,,,2,1,02,4,76,979.74085993
5379140,1,3,1,80,76,2,,,,2,,,.,2,,2,,,,,2,1,02,,76,1071.0253845
5379140,1,4,1,80,76,1,4,,2,,,8,,2,,2,,,,,2,1,02,4,76,1071.0253845
5379141,1,2,1,80,76,1,3,,2,,,9,,2,,2,,,,,2,1,02,4,76,890.21321386
5379142,1,2,1,80,76,1,7,,2,,,2,,2,,2,,1,36,800000,2,1,02,1.3,76,981.32019662
5379143,1,1,1,80,76,1,3,,2,,,11,,2,,2,,,,,2,1,02,4,76,1044.2907827
5379145,1,2,1,80,76,1,2,,2,,,2,,1,,1,500000,,,,2,1,02,1.2,76,1185.3138043
5379145,1,3,1,80,76,2,,,,2,,,.,,,2,,,,,,1,02,,76,1185.3138043
5379149,1,2,1,80,76,2,,,,2,,,.,2,,2,,,,,2,1,02,,76,1069.4460478
5379150,1,3,1,80,76,2,,,,2,,,.,2,,2,,,,,2,1,02,,76,676.57274673
5379150,1,4,1,80,76,2,,,,2,,,.,2,,2,,,,,2,1,02,,76,676.57274673
5379152,1,3,1,80,76,2,,,,2,,,.,,,2,,,,,,1,02,,76,1603.2063761
5379155,1,1,1,80,76,1,3,,2,,,9,,2,,2,,,,,2,1,02,3,76,912.55026063
5379155,1,2,1,80,76,1,3,,2,,,9,,2,,2,,,,,2,1,02,4,76,912.55026063
5379156,1,2,1,80,76,1,6,,2,,,4,,2,,2,,,,,2,1,02,4,76,827.24262774
5379157,1,2,1,80,76,1,3,,2,,,9,,2,,2,,,,,2,1,02,4,76,849.828689
5379157,1,3,1,80,76,2,,,,2,,,.,2,,2,,,,,2,1,02,,76,849.828689
5379157,1,4,1,80,76,2,,,,2,,,.,2,,2,,1,48,908526,2,1,02,,76,849.828689
5379158,1,1,1,80,76,1,5,,2,,,11,,3,,2,,,,,3,1,02,4,76,890.21321386
5379158,1,2,1,80,76,2,,,,2,,,.,2,,2,,,,,2,1,02,,76,890.21321386
5379159,1,2,1,80,76,2,,,,2,,,.,2,,2,,,,,2,1,02,,76,1002.0779067
5379160,1,1,1,80,76,1,3,,2,,,9,,2,,2,,,,,2,1,02,4,76,890.21321386
5379161,1,3,1,80,76,2,,,,2,,,.,2,,2,,1,24,454000,2,1,02,,76,905.19558777
5379163,1,2,1,80,76,1,3,,2,,,9,,2,2,2,,,,,1,1,02,4,76,890.21321386
5379164,1,1,1,80,76,1,4,,2,,,8,,1,,2,,1,24,400000,2,1,02,2,76,1305.8135991
5379164,1,2,1,80,76,1,4,,2,,,4,,1,,2,,,,,2,1,02,4,76,1305.8135991
5379164,1,3,1,80,76,1,6,,2,,,4,,2,,1,250000,1,48,908526,2,1,02,1.1,76,1305.8135991
5379164,2,2,2,80,76,1,3,,2,,,9,,1,,2,,1,48,908526,2,1,02,3,76,1305.8135991
5379166,1,3,1,80,76,2,,,,1,2,2,,2,,2,,,,,2,1,02,,76,1160.5530306
5379169,1,1,1,80,76,1,1,,2,,,8,,3,,2,,,,,3,1,02,1.4,76,1393.1184026
5379172,1,1,1,80,76,1,4,,2,,,4,,2,,2,,,,,2,1,02,2,76,1024.4149535
5379173,1,1,1,80,76,1,5,,2,,,11,,3,,2,,,,,3,1,02,4,76,1002.0779067
5379519,1,1,1,80,05,1,9,EDAD,1,,4,8,,2,,2,,1,48,908654,2,1,02,4,05,1056.6532338
5379519,1,2,1,80,05,2,,,,2,,,.,2,,2,,,,,2,1,02,,05,1056.6532338
5379520,1,1,1,80,05,1,4,,2,,,4,,2,,2,,,,,2,1,02,4,05,971.62408288
5379522,1,1,1,80,05,2,,,,2,,,.,2,,2,,,,,2,1,02,,05,992.02898711
5379524,1,1,1,80,05,1,3,,2,,,9,,2,,2,,1,48,908000,2,1,02,4,05,1281.8691383
5379524,1,5,1,80,05,1,3,,2,,,9,,2,,1,80000,1,30,908000,2,1,02,3,05,1281.8691383
5379526,1,2,1,80,05,1,9,PANDEMIA,2,,,12,EMBARAZO TUVO BEBE,2,,2,,,,,2,1,02,1.1,05,1579.4888548
5379528,1,1,1,80,05,1,4,,1,,1,6,,2,,2,,1,48,908526,2,1,02,3,05,1083.3399696
5379528,1,2,1,80,05,1,4,,2,,,4,,2,,2,,,,,2,1,02,4,05,1083.3399696
5379529,1,1,1,80,05,2,,,,2,,,.,2,,2,,,,,2,1,02,,05,887.30719067
5379529,1,2,1,80,05,1,5,,2,,,10,,3,,2,,,,,3,1,02,4,05,887.30719067
5379529,1,3,1,80,05,2,,,,2,,,.,2,,2,,,,,2,1,02,,05,887.30719067
5379531,1,1,1,80,05,1,3,,2,,,4,,2,,2,,1,50,908000,2,1,02,4,05,1064.2241138
5379531,1,2,1,80,05,1,8,,2,,,2,,2,,2,,2,,908000,2,1,02,1.2,05,1064.2241138
5379531,1,3,1,80,05,1,7,,2,,,11,,2,,2,,,,,2,1,02,4,05,1064.2241138
5379532,1,2,1,80,05,1,1,,1,,1,12,PENSABA VIAJAR FUERA DEL PAIS,2,,2,,1,48,1000000,2,1,02,2,05,1270.0590254
5379532,1,3,1,80,05,2,,,,2,,,.,2,,2,,,,,2,1,02,,05,1270.0590254
5379533,1,2,1,80,05,1,4,,2,,,4,,2,,2,,,,,2,1,02,3,05,1525.6374908
5379534,1,2,1,80,05,2,,,,2,,,.,2,,2,,,,,2,1,02,,05,1045.3594124
5379534,1,3,1,80,05,2,,,,2,,,.,,,2,,,,,,1,02,,05,1045.3594124
5379535,1,4,1,80,05,2,,,,2,,,.,,,2,,,,,,1,02,,05,926.20753784
5379536,1,1,1,80,05,1,8,,1,,4,8,,2,,2,,2,,98,2,1,02,4,05,1069.9291557
5379538,1,2,1,80,05,1,3,,2,,,9,,2,,2,,,,,2,1,02,4,05,958.34816104
5379538,1,3,1,80,05,2,,,,2,,,.,2,,2,,,,,2,1,02,,05,958.34816104
5379540,1,1,1,80,05,1,9,POR LA EDAD,2,,,8,,2,,2,,,,,2,1,02,2,05,1147.9642164
5379541,1,1,1,80,05,1,5,,2,,,10,,3,,2,,,,,3,1,02,4,05,951.35407075
5379541,1,2,1,80,05,1,8,,2,,,12,DILIGENCIAS FAMILIARES,2,,2,,1,48,1900000,2,1,02,1.2,05,951.35407075
5379542,1,5,1,80,05,2,,,,2,,,.,2,,2,,,,,2,1,02,,05,1139.6133294
5379542,1,6,1,80,05,2,,,,2,,,.,2,,2,,,,,2,1,02,,05,1139.6133294
5379543,1,1,1,80,05,1,5,,2,,,10,,3,,2,,,,,3,1,02,4,05,874.03126883
5379543,1,2,1,80,05,2,,,,2,,,.,2,,2,,,,,2,1,02,,05,874.03126883
5379544,1,1,1,80,05,1,5,,2,,,10,,3,,2,,,,,3,1,02,1.4,05,1070.0640478
5379545,1,1,1,80,05,1,9,PANDEMIA,2,,,4,,2,,2,,,,,2,1,02,1.4,05,1069.9291557
5379546,1,1,1,80,05,2,,,,2,,,.,2,,2,,,,,2,1,02,,05,952.0663295
5379546,1,2,1,80,05,1,5,,2,,,10,,3,,2,,,,,3,1,02,4,05,952.0663295
5379546,1,4,1,80,05,1,9,PANDEMIA,2,,,12,PANDEMIA,2,,2,,2,,908500,2,1,02,1.4,05,952.0663295
5379547,1,1,1,80,05,1,9,EDAD,2,,,8,,2,,2,,,,,2,1,02,4,05,952.89427361
5379547,1,4,1,80,05,2,,,,2,,,.,2,,2,,,,,2,1,02,,05,952.89427361
5379548,1,2,1,80,05,1,3,,2,,,9,,2,,2,,,,,2,1,02,4,05,985.03489681
5379548,1,3,1,80,05,1,6,,2,,,6,,2,,2,,2,,1800000,2,1,02,1.2,05,985.03489681
5379551,1,1,1,80,05,2,,,,2,,,.,2,,2,,,,,2,1,02,,05,809.03776367
5379551,1,4,1,80,05,2,,,,2,,,.,2,,2,,,,,2,1,02,,05,809.03776367
5379551,1,5,1,80,05,1,2,,2,,,2,,2,,2,,1,24,800000,2,1,02,3,05,809.03776367
5379552,1,2,1,80,05,1,5,,2,,,10,,3,,2,,,,,3,1,02,4,05,1024.5126106
5379552,1,3,1,80,05,1,2,,2,,,2,,2,,2,,1,48,1000000,2,1,02,3,05,1024.5126106
5379553,1,2,1,80,05,1,3,,2,,,9,,2,,2,,,,,2,1,02,4,05,1104.3216635
5379553,1,4,1,80,05,2,,,,2,,,.,2,,2,,,,,2,1,02,,05,1104.3216635
5379560,1,2,1,80,05,2,,,,2,,,.,2,,2,,,,,2,1,02,,05,1077.5000356
5379561,1,2,1,80,05,2,,,,2,,,.,2,,2,,2,,900000,2,1,02,,05,1077.5000356
5379563,1,1,1,80,05,1,5,,2,,,10,,3,,2,,,,,3,1,02,4,05,827.90246503
5379563,1,2,1,80,05,1,3,,2,,,9,,2,,2,,,,,2,1,02,4,05,827.90246503
5379563,1,3,1,80,05,1,8,,2,,,9,,1,2,1,50000,1,24,908500,1,1,02,1.2,05,827.90246503
5379563,1,4,1,80,05,1,1,,2,,,2,,2,,2,,,,,2,1,02,2,05,827.90246503
5379564,1,1,1,80,05,1,5,,2,,,10,,3,,2,,,,,3,1,02,4,05,1121.4123727
5379564,1,2,1,80,05,2,,,,2,,,.,2,,2,,,,,2,1,02,,05,1121.4123727
5379564,1,3,1,80,05,1,5,,2,,,10,,2,,2,,,,,2,1,02,3,05,1121.4123727
5379565,1,5,1,80,05,2,,,,2,,,.,2,,2,,,,,2,1,02,,05,1073.3351966
5379568,1,1,1,80,05,1,9,POR GUARDAR CUARENTENA POR PANDEMIA EDAD Y SE CONSIDERA VULNERABLE,2,,,4,,2,,2,,2,,98,2,1,02,1.4,05,966.43997963
5379568,1,4,1,80,05,1,8,,2,,,1,,2,,2,,,,,2,1,02,3,05,966.43997963
5379568,1,5,1,80,05,2,,,,2,,,.,2,,2,,,,,2,1,02,,05,966.43997963
5379568,1,6,1,80,05,1,8,,2,,,1,,2,,2,,,,,2,1,02,3,05,966.43997963
5379572,1,1,1,80,05,1,9,CRISIS VENEZOLANA,1,,2,5,,2,,2,,1,48,908454,2,1,02,2,05,1045.4730957
5379573,1,4,1,80,05,2,,,,2,,,.,,,2,,,,,,1,02,,05,1270.0590254
5379576,1,3,1,80,05,1,2,,2,,,2,,2,,2,,,,,2,1,02,4,05,939.48345968
5379577,1,2,1,80,05,2,,,,2,,,.,2,,2,,,,,2,1,02,,05,1810.6616194
5379578,1,1,1,80,05,1,5,,2,,,10,,3,,2,,,,,3,1,02,4,05,1228.8073194
5379579,1,3,1,80,05,2,,,,2,,,.,,,2,,,,,,1,02,,05,1090.9108495
5379580,1,2,1,80,05,1,4,,2,,,4,,2,,2,,,,,2,1,02,3,05,1024.5126106
5379580,1,3,1,80,05,2,,,,2,,,.,2,,2,,,,,2,1,02,,05,1024.5126106
5379582,1,3,1,80,11,2,,,,2,,,.,,,2,,,,,,1,02,,11,2074.0117432
5379585,1,3,1,80,11,2,,,,2,,,.,,,2,,,,,,1,02,,11,2005.1159132
5379585,1,5,1,80,11,1,4,,2,,,4,,2,,2,,,,,2,1,02,4,11,2005.1159132
5379586,1,2,1,80,11,2,,,,2,,,.,2,,2,,,,,2,1,02,,11,3598.341928
5379588,1,2,1,80,11,2,,,,2,,,.,2,,2,,,,,2,1,02,,11,2897.6571785
5379590,1,1,1,80,11,1,4,,2,,,4,,2,,2,,,,,2,1,02,4,11,7196.6838561
5379590,1,2,1,80,11,1,9,NO SE QUIERE CONTAGIAR CON EL VIRUS PREFIERE ESPERAR,2,,,12,MIEDO A CONTAGIO COVID,3,,2,,,,,3,1,02,3,11,7196.6838561
5379591,1,1,1,80,11,1,4,,2,,,4,,2,,2,,,,,2,1,02,4,11,7483.5181421
5379591,1,3,1,80,11,1,3,,2,,,9,,2,,2,,,,,2,1,02,4,11,7483.5181421
5379591,1,7,1,80,11,2,,,,2,,,.,2,,2,,,,,2,1,02,,11,7483.5181421
5379594,1,1,1,80,11,1,3,,2,,,9,,1,,2,,1,48,908526,2,1,02,4,11,2459.0712328
5379596,1,1,1,80,11,1,5,,2,,,10,,3,,2,,,,,3,1,02,4,11,2421.0696672
5379597,1,2,1,80,11,1,3,,2,,,9,,1,,2,,,,,2,1,02,4,11,2421.0696672
5379599,1,2,1,80,11,1,3,,2,,,9,,2,,2,,,,,2,1,02,1.4,11,4035.7538462
5379599,1,5,1,80,11,1,7,,2,,,9,,2,,2,,,,,2,1,02,1.4,11,4035.7538462
5379600,1,4,1,80,11,2,,,,2,,,.,2,,2,,,,,2,1,02,,11,2734.367129
5379601,1,2,1,80,11,2,,,,2,,,.,2,,2,,,,,2,1,02,,11,5794.8940456
5379602,1,3,1,80,11,2,,,,2,,,.,2,,2,,,,,2,1,02,,11,4582.0189652
5379602,1,4,1,80,11,2,,,,2,,,.,2,,2,,,,,2,1,02,,11,4582.0189652
5379603,1,3,1,80,11,2,,,,2,,,.,,,2,,,,,,1,02,,11,2703.4728645
5379605,1,4,1,80,11,2,,,,2,,,.,2,,2,,,,,2,1,02,,11,2636.8922683
5379612,1,5,1,80,11,2,,,,2,,,.,2,,2,,,,,2,1,02,,11,2476.9317238
5379613,1,1,1,80,11,1,8,,1,,1,8,,2,,2,,,,,2,1,02,4,11,3598.341928
5379613,1,2,1,80,11,1,3,,2,,,9,,2,,2,,,,,2,1,02,4,11,3598.341928
5379615,1,1,1,80,11,1,3,,2,,,9,,2,,2,,,,,2,1,02,4,11,2459.0712328
5379616,1,3,1,80,11,2,,,,2,,,.,2,,2,,,,,2,1,02,,11,2378.5838249
5379617,1,2,1,80,11,1,3,,2,,,9,,2,,2,,,,,2,1,02,2,11,6594.1735741
5379618,1,1,1,80,11,1,3,,2,,,9,,2,,2,,,,,2,1,02,4,11,4232.2737606
5379618,1,3,1,80,11,1,1,,2,,,2,,2,,2,,,,,2,1,02,1.2,11,4232.2737606
5379619,1,1,1,80,11,1,7,,2,,,8,,1,,2,,,,,2,1,02,4,11,3598.341928
5379619,1,2,1,80,11,1,9,CAMBIO DE CIUDAD,2,,,8,,2,,2,,,,,2,1,02,4,11,3598.341928
5379622,1,5,1,80,11,2,,,,2,,,.,,,2,,,,,,1,02,,11,5169.9677822
5379627,1,3,1,80,11,2,,,,2,,,.,,,2,,,,,,1,02,,11,2889.3951058
5379630,1,2,1,80,11,2,,,,2,,,.,2,,2,,,,,2,1,02,,11,2636.8922683
5379630,1,4,1,80,11,2,,,,2,,,.,,,2,,,,,,1,02,,11,2636.8922683
5379631,1,1,1,80,11,1,4,,2,,,4,,3,,2,,,,,3,1,02,2,11,3598.341928
5379631,1,2,1,80,11,1,4,,2,,,8,,2,,2,,,,,2,1,02,3,11,3598.341928
5379632,1,3,1,80,11,2,,,,2,,,.,,,2,,,,,,1,02,,11,4450.5528285
5379633,1,2,1,80,11,1,3,,2,,,1,,2,,2,,,,,2,1,02,4,11,2239.1011055
5379633,1,5,1,80,11,2,,,,2,,,.,2,,2,,,,,2,1,02,,11,2239.1011055
5379634,1,1,1,80,11,1,4,,2,,,10,,3,,2,,,,,3,1,02,4,11,2672.5786
5379634,1,2,1,80,11,2,,,,2,,,.,,,2,,,,,,1,02,,11,2672.5786
5379635,1,1,1,80,11,1,7,,2,,,9,,2,,2,,1,48,908526,2,1,02,2,11,5619.3882438
5379639,1,2,1,80,11,1,6,,2,,,9,,2,,2,,2,,98,2,1,02,3,11,3121.5809853
5379640,1,2,1,80,11,1,3,,2,,,9,,1,,2,,,,,2,1,02,4,11,5159.4996508
5379641,1,2,1,80,11,2,,,,2,,,.,2,,2,,,,,2,1,02,,11,2848.0844018
5379643,1,1,1,80,11,1,5,,2,,,10,,3,,2,,,,,3,1,02,3,11,2812.3902678
5379643,1,2,1,80,11,2,,,,2,,,.,2,,2,,,,,2,1,02,,11,2812.3902678
5379643,1,7,1,80,11,2,,,,2,,,.,2,,2,,,,,2,1,02,,11,2812.3902678
5379645,1,1,1,80,11,1,7,,2,,,8,,2,,2,,,,,2,1,02,1.2,11,3190.6502468
5379645,1,2,1,80,11,2,,,,2,,,.,2,,2,,,,,2,1,02,,11,3190.6502468
5379647,1,1,1,80,11,1,8,,1,,2,9,,2,,2,,1,40,900000,2,1,02,4,11,4115.2473494
5379647,1,4,1,80,11,2,,,,2,,,.,,,2,,,,,,1,02,,11,4115.2473494
5379648,1,2,1,80,11,1,8,,2,,,9,,2,,2,,1,48,900000,2,1,02,2,11,2667.7865327
5379650,1,4,1,80,11,2,,,,2,,,.,,,2,,,,,,1,02,,11,4368.6028584
5379656,1,2,1,80,11,1,3,,2,,,9,,2,,2,,,,,2,1,02,4,11,3667.237758
5379656,1,3,1,80,11,1,8,,2,,,9,,2,,2,,,,,2,1,02,4,11,3667.237758
5379657,1,1,1,80,11,1,4,,2,,,4,,2,,2,,,,,2,1,02,4,11,2459.0712328
5379664,1,1,1,80,11,1,7,,2,,,11,,2,1,2,,,,,1,1,02,2,11,2904.7644796
5379665,1,2,1,80,11,1,3,,2,,,9,,2,,2,,,,,2,1,02,4,11,3598.341928
5379669,1,1,1,80,11,1,1,,1,,3,8,,2,,2,,,,,2,1,02,3,11,4044.0351748
5379671,1,2,1,80,11,2,,,,2,,,.,2,,2,,,,,2,1,02,,11,2605.9980038
5379671,1,3,1,80,11,2,,,,2,,,.,,,2,,,,,,1,02,,11,2605.9980038
5379672,1,4,1,80,11,2,,,,2,,,.,2,,2,,,,,2,1,02,,11,2481.7034245
5379673,1,3,1,80,11,2,,,,2,,,.,,,2,,,,,,1,02,,11,2703.4728645
5379674,1,1,1,80,11,1,4,,2,,,4,,2,,2,,,,,2,1,02,4,11,2459.0712328
5379675,1,1,1,80,11,1,3,,2,,,9,,2,,2,,,,,2,1,02,2,11,2972.1977474
5379675,1,3,1,80,11,2,,,,2,,,.,2,,2,,,,,2,1,02,,11,2972.1977474
5379676,1,2,1,80,11,1,3,,2,,,9,,2,,2,,,,,2,1,02,4,11,3254.7743761
5379676,1,3,1,80,11,1,8,,2,,,2,,2,,2,,2,,908526,2,1,02,1.2,11,3254.7743761
5379677,1,4,1,80,11,2,,,,2,,,.,,,2,,,,,,1,02,,11,2822.8145095
5379678,1,1,1,80,11,1,5,,2,,,10,,3,,2,,,,,3,1,02,3,11,3366.1560485
5379678,1,2,1,80,11,2,,,,2,,,.,2,,2,,,,,2,1,02,,11,3366.1560485
5379678,1,3,1,80,11,2,,,,2,,,.,2,,2,,,,,2,1,02,,11,3366.1560485
5379683,1,2,1,80,11,1,3,,2,,,9,,2,,2,,1,48,1500000,2,1,02,3,11,4264.6305873
5379683,1,3,1,80,11,2,,,,2,,,.,2,,2,,,,,2,1,02,,11,4264.6305873
5379684,1,2,1,80,11,2,,,,2,,,.,2,,2,,,,,2,1,02,,11,2077.5021153
5379684,1,3,1,80,11,2,,,,2,,,.,2,,2,,,,,2,1,02,,11,2077.5021153
5379685,1,3,1,80,11,2,,,,2,,,.,2,,2,,,,,2,1,02,,11,2786.2755062
5379690,1,1,1,80,11,1,5,,2,,,8,,3,,2,,,,,3,1,02,4,11,3290.4403413
5379690,1,2,1,80,11,1,3,,2,,,9,,2,,2,,,,,2,1,02,4,11,3290.4403413
5379692,1,4,1,80,11,2,,,,2,,,.,2,,2,,,,,2,1,02,,11,2257.7796177
5379693,1,1,1,80,11,1,1,,2,,,9,,2,,2,,,,,2,1,02,1.4,11,2941.3034829
5379693,1,2,1,80,11,2,,,,2,,,.,,,2,,,,,,1,02,,11,2941.3034829
5379699,1,1,1,80,11,1,8,,2,,,4,,3,,2,,,,,3,1,02,2,11,3598.341928
5379699,1,2,1,80,11,1,3,,2,,,8,,2,,2,,,,,2,1,02,4,11,3598.341928
5379709,1,2,1,80,11,2,,,,1,4,9,,2,,2,,,,,2,1,02,,11,2554.0896266
5379709,1,4,1,80,11,2,,,,2,,,.,,,2,,,,,,1,02,,11,2554.0896266
5379712,1,2,1,80,11,1,5,,2,,,10,,3,,2,,,,,3,1,02,4,11,3183.5429457
5379712,1,3,1,80,11,1,5,,2,,,10,,3,,2,,,,,3,1,02,4,11,3183.5429457
5379712,1,4,1,80,11,1,2,,1,,2,6,,1,,2,,,,1500000,2,1,02,4,11,3183.5429457
5379713,1,2,1,80,11,1,3,,2,,,9,,2,,2,,,,,2,1,02,4,11,2257.7796177
5379713,1,3,1,80,11,2,,,,2,,,.,,,2,,,,,,1,02,,11,2257.7796177
5379713,1,4,1,80,11,1,4,,2,,,8,,2,,2,,,,,2,1,02,4,11,2257.7796177
5379715,1,1,1,80,11,1,4,,2,,,9,,2,,2,,,,,2,1,02,1.4,11,4347.4332289
5379715,1,3,1,80,11,2,,,,2,,,.,,,2,,,,,,1,02,,11,4347.4332289
5379718,1,1,1,80,11,1,7,,2,,,8,,3,,2,,,,,3,1,02,3,11,2866.762914
5379719,1,3,1,80,11,2,,,,2,,,.,2,,2,,,,,2,1,02,,11,5778.7902115
5379720,1,1,1,80,11,1,5,,2,,,10,,3,,2,,,,,3,1,02,4,11,5764.5756094
5379720,1,4,1,80,11,1,3,,2,,,9,,2,,2,,1,48,908526,2,1,02,1.2,11,5764.5756094
5379721,1,3,1,80,11,2,,,,2,,,.,2,,2,,,,,2,1,02,,11,2786.2755062
5379722,1,2,1,80,11,1,2,,2,,,2,,2,,2,,2,,1500000,2,1,02,2,11,2497.0727983
5379723,1,1,1,80,11,1,7,,2,,,8,,2,,2,,,,,2,1,02,4,11,4744.7006685
5379723,1,2,1,80,11,2,,,,2,,,.,2,,2,,,,,2,1,02,,11,4744.7006685
5379723,1,3,1,80,11,1,3,,2,,,9,,2,,2,,,,,2,1,02,4,11,4744.7006685
5379724,1,1,1,80,11,1,9,POR LA PANDEMIA,2,,,12,POR LA PANDEMIA,2,,2,,2,,800000,2,1,02,1.4,11,2866.762914
5379727,1,1,1,80,11,1,3,,2,,,9,,2,,2,,,,,2,1,02,4,11,4515.5592355
5379727,1,4,1,80,11,2,,,,2,,,.,2,,2,,,,,2,1,02,,11,4515.5592355
5379728,1,3,1,80,11,1,8,,2,,,2,,2,,2,,,,,2,1,02,1.2,11,2554.0896266
5379728,1,4,1,80,11,2,,,,2,,,.,,,2,,,,,,1,02,,11,2554.0896266
5379729,1,2,1,80,11,1,7,,2,,,1,,2,4,2,,1,40,900000,1,1,02,1.4,11,2786.2755062
5379730,1,3,1,80,11,2,,,,2,,,.,2,,2,,,,,2,1,02,,11,4155.0042307
5379730,1,4,1,80,11,2,,,,2,,,.,,,2,,,,,,1,02,,11,4155.0042307
5379731,1,1,1,80,11,1,3,,2,,,11,,3,,2,,,,,3,1,02,3,11,2866.762914
5379734,1,1,1,80,11,1,3,,2,,,9,,2,,2,,,,,2,1,02,1.2,11,6316.2399772
5379734,1,3,1,80,11,2,,,,2,,,.,2,,2,,,,,2,1,02,,11,6316.2399772
5379738,1,2,1,80,11,1,9,POR EL COVID,2,,,9,,1,,2,,2,,98,2,1,02,1.4,11,2440.3927205
5379741,1,2,1,80,11,2,,,,2,,,.,2,,2,,,,,2,1,02,,11,5510.7624833
5379742,1,2,1,80,11,2,,,,2,,,.,2,,2,,,,,2,1,02,,11,3404.157614
5379746,1,2,1,80,11,1,9,AISLAMIENTO OBLIGATORIO,2,,,9,,2,,2,,,,,2,1,02,1.4,11,2523.1875599
5379746,1,6,1,80,11,2,,,,2,,,.,2,,2,,,,,2,1,02,,11,2523.1875599
5379749,1,1,1,80,11,1,3,,2,,,9,,2,,2,,,,,2,1,02,4,11,6057.9741896
5379751,1,1,1,80,11,1,3,,2,,,8,,2,,2,,,,,2,1,02,4,11,1656.2280804
5379751,1,5,1,80,11,1,3,,2,,,9,,2,,2,,,,,2,1,02,4,11,1656.2280804
5379751,1,7,1,80,11,2,,,,2,,,.,2,,2,,,,,2,1,02,,11,1656.2280804
5379751,1,8,1,80,11,2,,,,2,,,.,,,2,,,,,,1,02,,11,1656.2280804
5379752,1,4,1,80,11,2,,,,2,,,.,2,,2,,,,,2,1,02,,11,2146.3979454
5379752,1,5,1,80,11,2,,,,2,,,.,2,,2,,,,,2,1,02,,11,2146.3979454
5379753,1,1,1,80,11,1,3,,2,,,9,,2,,2,,,,,2,1,02,4,11,2897.6571785
5379754,1,2,1,80,11,1,1,,2,,,8,,1,,2,,,,,2,1,02,4,11,4653.8082747
5379755,1,2,1,80,11,1,6,,2,,,11,,2,,2,,,,,2,1,02,4,11,3598.341928
5379756,1,2,1,80,11,2,,,,2,,,.,,,2,,,,,,1,02,,11,2858.5008413
5379757,1,2,1,80,11,1,5,,2,,,10,,3,,2,,,,,3,1,02,4,11,3598.341928
5379765,1,4,1,80,11,2,,,,2,,,.,2,,2,,,,,2,1,02,,11,2516.0880611
5379767,1,2,1,80,11,1,3,,1,,4,4,,2,,2,,,,,2,1,02,4,11,2554.0896266
5379771,1,1,1,80,11,1,9,POR EL COVID,2,,,9,,2,,2,,2,,908000,2,1,02,1.4,11,3297.086787
5379772,1,3,1,80,11,1,5,,2,,,8,,3,,2,,,,,3,1,02,4,11,2489.9654973
5379781,1,2,1,80,11,2,,,,2,,,.,2,,2,,,,,2,1,02,,11,3193.9671874
5379784,1,1,1,80,11,1,5,,2,,,8,,3,,2,,,,,3,1,02,4,11,1825.9931825
5379784,1,2,1,80,11,1,7,,2,,,9,,2,,2,,2,,908526,2,1,02,1.4,11,1825.9931825
5379784,1,4,1,80,11,1,9,SITUACION DE VENEZUELA,2,,,8,,2,,2,,,,,2,1,02,3,11,1825.9931825
5379785,1,2,1,80,11,2,,,,2,,,.,2,,2,,,,,2,1,02,,11,2421.0696672
5379787,1,1,1,80,11,1,5,,2,,,10,,3,,2,,,,,3,1,02,3,11,2665.471299
5379787,1,2,1,80,11,1,1,,2,,,8,,1,,2,,,,,2,1,02,1.4,11,2665.471299
5379798,1,2,1,80,11,1,3,,2,,,9,,2,,2,,,,,2,1,02,3,11,3105.3911382
5379798,1,3,1,80,11,2,,,,2,,,.,2,,2,,,,,2,1,02,,11,3105.3911382
5379798,1,4,1,80,11,2,,,,2,,,.,,,2,,,,,,1,02,,11,3105.3911382
5379798,1,5,1,80,11,2,,,,2,,,.,,,2,,,,,,1,02,,11,3105.3911382
5379805,1,2,1,80,11,1,7,,2,,,12,COVID,2,,2,,1,48,1000000,2,1,02,2,11,3636.3434936
5379812,1,2,1,80,11,1,3,,2,,,9,,2,,2,,,,,2,1,02,4,11,2851.3935402
5379812,1,3,1,80,11,2,,,,2,,,.,2,,2,,,,,2,1,02,,11,2851.3935402
5379813,1,2,1,80,11,1,3,,2,,,9,,2,,2,,,,,2,1,02,4,11,2786.2755062
5379813,1,3,1,80,11,2,,,,2,,,.,2,,2,,2,,98,2,1,02,,11,2786.2755062
5379815,1,2,1,80,11,1,3,,2,,,9,,2,,2,,,,,2,1,02,4,11,4458.8149013
5379816,1,1,1,80,11,1,3,,2,,,9,,2,,2,,,,,2,1,02,4,11,3629.2361925
5379816,1,2,1,80,11,1,4,,2,,,4,,2,,2,,,,,2,1,02,4,11,3629.2361925
5379821,1,1,1,80,11,1,4,,2,,,4,,3,,2,,,,,3,1,02,3,11,2897.6571785
5379823,1,2,1,80,11,2,,,,2,,,.,2,,2,,,,,2,1,02,,11,2672.5786
5379824,1,2,1,80,11,2,,,,2,,,.,,,2,,,,,,1,02,,11,2755.3812417
5379826,1,2,1,80,11,2,,,,2,,,.,2,,2,,,,,2,1,02,,11,3121.5809853
5379828,1,1,1,80,11,2,,,,2,,,.,2,,2,,,,,2,1,02,,11,3216.7728106
5379828,1,4,1,80,11,2,,,,2,,,.,2,,2,,,,,2,1,02,,11,3216.7728106
5379829,1,3,1,80,11,2,,,,2,,,.,2,,2,,,,,2,1,02,,11,3404.157614
5379830,1,1,1,80,11,1,5,,2,,,11,,3,,2,,,,,3,1,02,4,11,2421.0696672
5379830,1,2,1,80,11,1,5,,2,,,11,,3,,2,,,,,3,1,02,4,11,2421.0696672
5379839,1,1,1,80,13,1,9,PANDEMIA,2,,,9,,2,,2,,2,,600000,2,1,02,1.4,13,787.63158405
5379841,1,2,1,80,13,1,4,,2,,,4,,2,,2,,,,,2,1,02,4,13,538.29490642
5379842,1,2,1,80,13,2,,,,2,,,.,2,,2,,,,,2,1,02,,13,502.51513911
5379842,1,3,1,80,13,2,,,,2,,,.,2,,2,,1,48,500000,2,1,02,,13,502.51513911
5379842,1,4,1,80,13,2,,,,2,,,.,2,,2,,,,,2,1,02,,13,502.51513911
5379843,1,2,1,80,13,2,,,,2,,,.,2,,2,,,,,2,1,02,,13,861.13985847
5379843,1,3,1,80,13,1,8,,1,,2,4,,2,,2,,2,,908526,2,1,02,3,13,861.13985847
5379843,1,4,1,80,13,2,,,,2,,,.,2,,2,,,,,2,1,02,,13,861.13985847
5379845,1,2,1,80,13,2,,,,2,,,.,2,,2,,,,,2,1,02,,13,509.14235853
5379845,1,4,1,80,13,2,,,,2,,,.,,,2,,,,,,1,02,,13,509.14235853
5379846,1,2,1,80,13,2,,,,2,,,.,2,,2,,,,,2,1,02,,13,371.83624798
5379846,1,3,1,80,13,2,,,,2,,,.,,,2,,,,,,1,02,,13,371.83624798
5379848,1,1,1,80,13,1,4,,2,,,4,,2,,2,,,,,2,1,02,3,13,448.33285627
5379848,1,3,1,80,13,1,6,,2,,,11,,2,,2,,,,,2,1,02,1.4,13,448.33285627
5379848,1,4,1,80,13,1,6,,2,,,1,,2,,2,,,,,2,1,02,3,13,448.33285627
5379850,1,1,1,80,13,1,7,,2,,,9,,2,,2,,2,,908526,2,1,02,1.4,13,379.0919686
5379850,1,3,1,80,13,1,3,,2,,,9,,2,,2,,2,,908526,2,1,02,2,13,379.0919686
5379851,1,2,1,80,13,2,,,,2,,,.,2,,2,,,,,2,1,02,,13,397.77313946
5379852,1,2,1,80,13,2,,,,2,,,.,2,,2,,,,,2,1,02,,13,394.9415101
5379852,1,4,1,80,13,2,,,,2,,,.,2,,2,,,,,2,1,02,,13,394.9415101
5379852,1,5,1,80,13,2,,,,2,,,.,,,2,,,,,,1,02,,13,394.9415101
5379855,1,2,1,80,13,1,5,,2,,,8,,2,,2,,,,,2,1,02,4,13,451.52536769
5379855,1,4,1,80,13,2,,,,2,,,.,2,,2,,,,,2,1,02,,13,451.52536769
5379855,1,5,1,80,13,2,,,,2,,,.,2,,2,,,,,2,1,02,,13,451.52536769
5379856,1,4,1,80,13,2,,,,2,,,.,2,,2,,,,,2,1,02,,13,390.38108403
5379865,1,3,1,80,13,2,,,,2,,,.,2,,2,,,,,2,1,02,,13,892.3735837
5379866,1,2,1,80,13,2,,,,2,,,.,2,,2,,,,,2,1,02,,13,377.29227487
5379866,1,3,1,80,13,2,,,,2,,,.,2,,2,,,,,2,1,02,,13,377.29227487
5379868,1,1,1,80,13,1,8,,2,,,12,PANDEMIA,1,,2,,1,48,900000,2,1,02,1.2,13,377.29227487
5379868,1,3,1,80,13,2,,,,2,,,.,,,2,,,,,,1,02,,13,377.29227487
5379870,1,2,1,80,13,2,,,,2,,,.,,,2,,,,,,1,02,,13,380.44507027
5379871,1,1,1,80,13,1,6,,2,,,8,,2,,2,,,,,2,1,02,4,13,370.05038753
5379872,1,4,1,80,13,2,,,,2,,,.,,,2,,,,,,1,02,,13,454.84638389
5379872,1,6,1,80,13,1,3,,2,,,8,,2,,2,,,,,2,1,02,4,13,454.84638389
5379872,1,7,1,80,13,2,,,,2,,,.,2,,2,,,,,2,1,02,,13,454.84638389
5379873,1,2,1,80,13,2,,,,2,,,.,2,,2,,,,,2,1,02,,13,422.42138736
5379873,1,4,1,80,13,2,,,,2,,,.,2,,2,,,,,2,1,02,,13,422.42138736
5379874,1,2,1,80,13,2,,,,2,,,.,2,,2,,,,,2,1,02,,13,576.23718178
5379874,1,5,1,80,13,2,,,,2,,,.,2,,2,,,,,2,1,02,,13,576.23718178
5379875,1,4,1,80,13,2,,,,2,,,.,2,,2,,,,,2,1,02,,13,419.76697695
5379875,1,5,1,80,13,2,,,,2,,,.,2,,2,,,,,2,1,02,,13,419.76697695
5379876,1,3,1,80,13,2,,,,2,,,.,2,,2,,,,,2,1,02,,13,402.48697334
5379876,1,4,1,80,13,2,,,,2,,,.,2,,2,,,,,2,1,02,,13,402.48697334
5379877,1,3,1,80,13,2,,,,2,,,.,2,,2,,,,,2,1,02,,13,377.29227487
5379880,1,3,1,80,13,2,,,,2,,,.,2,,2,,,,,2,1,02,,13,670.65724588
5379881,1,1,1,80,13,2,,,,2,,,.,2,,2,,,,,2,1,02,,13,575.26348195
5379882,1,1,1,80,13,1,9,POR LA EDAD,2,,,8,,2,,2,,,,,2,1,02,4,13,799.83840774
5379883,1,3,1,80,13,2,,,,2,,,.,2,,2,,,,,2,1,02,,13,971.98324391
5379883,1,4,1,80,13,2,,,,2,,,.,,,2,,,,,,1,02,,13,971.98324391
5379883,1,5,1,80,13,2,,,,2,,,.,,,2,,,,,,1,02,,13,971.98324391
5379884,1,1,1,80,13,1,8,,2,,,9,,2,,2,,,,,2,1,02,4,13,720.02454251
5379885,1,1,1,80,13,2,,,,2,,,.,1,,2,,,,,2,1,02,,13,683.93486328
5379886,1,3,1,80,13,2,,,,2,,,.,,,2,,,,,,1,02,,13,830.10628614
5379887,1,3,1,80,13,2,,,,2,,,.,2,,2,,,,,2,1,02,,13,876.54419397
5379888,1,1,1,80,13,1,5,,2,,,9,,2,,2,,,,,2,1,02,3,13,763.46509144
5379889,1,1,1,80,13,2,,,,1,4,9,,2,,2,,,,,2,1,02,,13,567.34878709
5379889,1,2,1,80,13,1,3,,2,,,9,,2,,2,,1,36,300000,2,1,02,2,13,567.34878709
5379890,1,2,1,80,13,2,,,,2,,,.,2,,2,,,,,2,1,02,,13,668.10440243
5379890,1,3,1,80,13,1,3,,2,,,9,,1,,2,,,,,2,1,02,4,13,668.10440243
5379890,1,4,1,80,13,2,,,,2,,,.,2,,2,,,,,2,1,02,,13,668.10440243
5379890,1,6,1,80,13,1,5,,2,,,8,,2,,2,,,,,2,1,02,4,13,668.10440243
5379891,1,2,1,80,13,2,,,,2,,,.,,,2,,,,,,1,02,,13,701.19779387
5379893,1,2,1,80,13,1,7,,2,,,1,,2,,2,,1,40,908526,2,1,02,1.4,13,906.57069082
5379893,1,5,1,80,13,1,7,,2,,,9,,2,,2,,1,40,98,2,1,02,1.4,13,906.57069082
5379894,1,2,1,80,13,1,3,,2,,,9,,2,,2,,,,,2,1,02,3,13,871.06801532
5379896,1,2,1,80,13,1,1,,2,,,1,,2,,2,,,,,2,1,02,4,13,627.21669695
5379898,1,2,1,80,13,2,,,,2,,,.,2,,2,,,,,2,1,02,,13,701.19779387
5379900,1,1,1,80,13,2,,,,2,,,.,2,,2,,,,,2,1,02,,13,356.04333454
5379900,1,3,1,80,13,1,3,,2,,,9,,2,,2,,,,,2,1,02,4,13,356.04333454
5379901,1,3,1,80,13,2,,,,2,,,.,2,,2,,,,,2,1,02,,13,408.42592365
5379902,1,2,1,80,13,1,3,,2,,,9,,2,,2,,,,,2,1,02,4,13,399.01254933
5379902,1,3,1,80,13,2,,,,2,,,.,,,2,,,,,,1,02,,13,399.01254933
5379904,1,2,1,80,13,2,,,,2,,,.,2,,2,,1,48,500000,2,1,02,,13,360.01227126
5379908,1,1,1,80,13,1,6,,2,,,8,,2,,2,,,,,2,1,02,4,13,330.88835209
5379908,1,2,1,80,13,2,,,,2,,,.,2,,2,,,,,2,1,02,,13,330.88835209
5379908,1,4,1,80,13,2,,,,2,,,.,2,,2,,,,,2,1,02,,13,330.88835209
5379908,1,5,1,80,13,2,,,,2,,,.,2,,2,,,,,2,1,02,,13,330.88835209
5379910,1,2,1,80,13,1,9,POR LA EDAD,2,,,8,,2,,2,,,,,2,1,02,3,13,239.83824023
5379910,1,6,1,80,13,2,,,,2,,,.,,,2,,,,,,1,02,,13,239.83824023
5379913,1,1,1,80,13,1,5,,2,,,11,,3,,2,,,,,3,1,02,4,13,348.03112746
5379914,1,1,1,80,13,1,8,,2,,,10,,3,,2,,,,,3,1,02,2,13,339.39966217
5379914,1,2,1,80,13,2,,,,2,,,.,2,,2,,,,,2,1,02,,13,339.39966217
5379917,1,1,1,80,13,1,5,,2,,,10,,3,,2,,,,,3,1,02,4,13,285.52539258
5379917,1,4,1,80,13,2,,,,2,,,.,2,,2,,,,,2,1,02,,13,285.52539258
5379918,1,1,1,80,13,1,6,,2,,,1,,2,,2,,1,40,908526,2,1,02,1.2,13,756.65426519
5379918,1,4,1,80,13,2,,,,2,,,.,2,,2,,,,,2,1,02,,13,756.65426519
5379918,1,6,1,80,13,1,3,,2,,,9,,2,,2,,2,,908526,2,1,02,2,13,756.65426519
5379919,1,2,1,80,13,2,,,,2,,,.,2,,2,,,,,2,1,02,,13,805.91661496
5379919,1,3,1,80,13,2,,,,2,,,.,,,2,,,,,,1,02,,13,805.91661496
5379919,1,5,1,80,13,1,5,,2,,,8,,2,,2,,,,,2,1,02,4,13,805.91661496
5379920,1,1,1,80,13,1,8,,2,,,8,,1,,2,,,,,2,1,02,2,13,678.79932433
5379920,1,2,1,80,13,1,4,,2,,,4,,2,,2,,,,,2,1,02,4,13,678.79932433
5379921,1,4,1,80,13,1,8,,2,,,9,,2,,2,,,,,2,1,02,2,13,740.34108549
5379921,1,5,1,80,13,2,,,,2,,,.,,,2,,,,,,1,02,,13,740.34108549
5379922,1,3,1,80,13,1,4,,2,,,4,,2,,2,,,,,2,1,02,1.3,13,801.40222579
5379923,1,3,1,80,13,1,3,,2,,,11,,2,,2,,,,,2,1,02,4,13,886.06799289
5379923,1,4,1,80,13,2,,,,2,,,.,2,,2,,,,,2,1,02,,13,886.06799289
5379924,1,2,1,80,13,2,,,,2,,,.,2,,2,,,,,2,1,02,,13,835.13687822
5379924,1,3,1,80,13,2,,,,2,,,.,2,,2,,,,,2,1,02,,13,835.13687822
5379924,1,4,1,80,13,2,,,,2,,,.,,,2,,,,,,1,02,,13,835.13687822
5379924,1,5,1,80,13,1,9,POR LA EDAD,2,,,8,,2,,2,,,,,2,1,02,4,13,835.13687822
5379926,1,1,1,80,13,1,3,,2,,,9,,2,,2,,,,,2,1,02,4,13,678.79932433
5379928,1,2,1,80,13,1,2,,2,,,2,,2,,2,,2,,908526,2,1,02,3,13,499.4760355
5379929,1,3,1,80,13,2,,,,2,,,.,2,,2,,,,,2,1,02,,13,377.29227487
5379930,1,1,1,80,13,1,4,,2,,,4,,1,,2,,,,,2,1,02,4,13,464.75427091
5379933,1,1,1,80,13,1,5,,2,,,10,,3,,2,,,,,3,1,02,4,13,339.39966217
5379933,1,2,1,80,13,1,7,,2,,,8,,2,,2,,1,40,908526,2,1,02,1.4,13,339.39966217
5379935,1,2,1,80,13,2,,,,2,,,.,,,2,,,,,,1,02,,13,402.96989676
5379935,1,3,1,80,13,2,,,,2,,,.,,,2,,,,,,1,02,,13,402.96989676
5379937,1,1,1,80,13,1,3,,2,,,9,,2,,2,,,,,2,1,02,4,13,378.68185283
5379937,1,2,1,80,13,2,,,,2,,,.,2,,2,,,,,2,1,02,,13,378.68185283
5379939,1,1,1,80,13,1,7,,2,,,1,,2,,2,,1,48,908526,2,1,02,1.4,13,325.29050666
5379939,1,3,1,80,13,2,,,,2,,,.,2,,2,,,,,2,1,02,,13,325.29050666
5379940,1,2,1,80,13,2,,,,2,,,.,2,,2,,,,,2,1,02,,13,497.92929047
5379940,1,5,1,80,13,2,,,,2,,,.,2,,2,,,,,2,1,02,,13,497.92929047
5379941,1,1,1,80,13,1,6,,2,,,8,,2,,2,,1,40,908526,2,1,02,2,13,291.58908841
5379942,1,2,1,80,13,2,,,,2,,,.,2,,2,,,,,2,1,02,,13,429.54311948
5379943,1,1,1,80,13,1,7,,2,,,9,,2,,2,,2,,908526,2,1,02,1.4,13,450.14413928
5379943,1,3,1,80,13,2,,,,2,,,.,,,2,,,,,,1,02,,13,450.14413928
5379944,1,4,1,80,13,2,,,,2,,,.,,,2,,,,,,1,02,,13,464.75427091
5379946,1,2,1,80,13,1,3,,2,,,9,,2,,2,,2,,300000,2,1,02,4,13,422.16328591
5379947,1,1,1,80,13,1,5,,2,,,8,,2,,2,,,,,2,1,02,4,13,374.6108136
5379947,1,2,1,80,13,1,4,,2,,,8,,2,,2,,,,,2,1,02,4,13,374.6108136
5379947,1,3,1,80,13,2,,,,2,,,.,2,,2,,1,48,400000,2,1,02,,13,374.6108136
5379947,1,4,1,80,13,2,,,,2,,,.,2,,2,,,,,2,1,02,,13,374.6108136
5380076,1,1,1,80,17,1,5,,2,,,10,,3,,2,,,,,3,1,02,4,17,165.76609592
5380078,1,3,1,80,17,1,2,,2,,,2,,2,,2,,,,,2,1,02,2,17,212.31624697
5380080,1,2,1,80,17,1,3,,2,,,9,,2,,2,,,,,2,1,02,3,17,251.24710164
5380083,1,2,1,80,17,2,,,,2,,,.,2,,2,,,,,2,1,02,,17,161.40661777
5380085,1,1,1,80,17,1,7,,2,,,8,,2,,2,,,,,2,1,02,4,17,197.40269612
5380085,1,2,1,80,17,2,,,,2,,,.,2,,2,,,,,2,1,02,,17,197.40269612
5380086,1,1,1,80,17,1,3,,2,,,9,,2,,2,,,,,2,1,02,4,17,185.51798806
5380087,1,1,1,80,17,1,5,,2,,,10,,3,,2,,,,,3,1,02,4,17,161.40661777
5380087,1,2,1,80,17,1,6,,2,,,9,,2,,2,,,,,2,1,02,4,17,161.40661777
5380089,1,1,1,80,17,1,5,,2,,,10,,3,,2,,,,,3,1,02,4,17,185.51798806
5380090,1,1,1,80,17,1,1,,2,,,8,,1,,2,,,,,2,1,02,2,17,191.12471579
5380093,1,1,1,80,17,1,5,,2,,,10,,3,,2,,,,,3,1,02,4,17,145.43849738
5380093,1,2,1,80,17,1,5,,2,,,10,,3,,2,,,,,3,1,02,4,17,145.43849738
5380093,1,3,1,80,17,1,5,,2,,,10,,3,,2,,,,,3,1,02,4,17,145.43849738
5380094,1,2,1,80,17,1,3,,2,,,9,,1,,2,,,,,2,1,02,4,17,272.43863282
5380094,1,3,1,80,17,2,,,,2,,,.,,,2,,,,,,1,02,,17,272.43863282
5380096,1,2,1,80,17,1,1,,2,,,9,,1,2,2,,,,,1,1,02,4,17,169.54986767
5380097,1,1,1,80,17,1,5,,2,,,10,,3,,2,,,,,3,1,02,4,17,186.76523763
5380098,1,1,1,80,17,1,5,,2,,,10,,3,,2,,,,,3,1,02,4,17,169.54986767
5380098,1,2,1,80,17,2,,,,2,,,.,2,,2,,,,,2,1,02,,17,169.54986767
5380099,1,3,1,80,17,2,,,,2,,,.,2,,2,,,,,2,1,02,,17,185.79405389
5380101,1,1,1,80,17,1,5,,2,,,10,,3,,2,,,,,3,1,02,4,17,185.51798806
5380102,1,2,1,80,17,2,,,,2,,,.,,,2,,,,,,1,02,,17,201.76217427
5380104,1,3,1,80,17,2,,,,2,,,.,,,2,,,,,,1,02,,17,212.31624697
5380105,1,2,1,80,17,1,3,,2,,,9,,1,,2,,,,,2,1,02,4,17,175.1565954
5380107,1,1,1,80,17,1,4,,2,,,8,,2,,2,,,,,2,1,02,4,17,225.88848178
5380107,1,2,1,80,17,1,7,,2,,,9,,2,,2,,,,,2,1,02,1.4,17,225.88848178
5380108,1,1,1,80,17,1,4,,2,,,4,,3,,2,,,,,3,1,02,2,17,203.30042688
5380108,1,2,1,80,17,1,3,,2,,,9,,2,,2,,,,,2,1,02,4,17,203.30042688
5380108,1,6,1,80,17,2,,,,2,,,.,,,2,,,,,,1,02,,17,203.30042688
5380109,1,2,1,80,17,2,,,,1,2,9,,2,,2,,1,20,1000000,2,1,02,,17,301.79111721
5380110,1,1,1,80,17,1,3,,2,,,9,,2,,2,,,,,2,1,02,4,17,169.8259335
5380110,1,2,1,80,17,1,8,,2,,,2,,2,,2,,,,,2,1,02,1.3,17,169.8259335
5380110,1,3,1,80,17,1,1,,2,,,4,,2,,2,,,,,2,1,02,4,17,169.8259335
5380110,1,4,1,80,17,1,8,,2,,,4,,2,,2,,,,,2,1,02,4,17,169.8259335
5380112,1,1,1,80,17,1,5,,2,,,10,,3,,2,,,,,3,1,02,4,17,169.54986767
5380112,1,2,1,80,17,2,,,,2,,,.,2,,2,,,,,2,1,02,,17,169.54986767
5380113,1,1,1,80,17,1,5,,2,,,10,,3,,2,,,,,3,1,02,4,17,186.76523763
5380292,1,2,1,80,23,1,9,POR LA PANDEMIA,2,,,12,POR LA PANDEMIA,2,,2,,,,,2,1,02,1.4,23,185.8814619
5380293,1,2,1,80,23,2,,,,2,,,.,2,,2,,,,,2,1,02,,23,159.64595398
5380293,1,4,1,80,23,2,,,,2,,,.,2,,2,,,,,2,1,02,,23,159.64595398
5380293,1,5,1,80,23,1,5,,2,,,10,,3,,2,,,,,3,1,02,4,23,159.64595398
5380295,1,1,1,80,23,2,,,,2,,,.,2,,2,,,,,2,1,02,,23,177.4341977
5380296,1,1,1,80,23,1,3,,2,,,9,,2,,2,,,,,2,1,02,4,23,157.31090929
5380297,1,1,1,80,23,1,9,TEMOR A LA PANDEMIA,2,,,12,TEMOR A LA PANDEMIA,2,,2,,,,,2,1,02,1.4,23,255.64426885
5380299,1,2,1,80,23,2,,,,2,,,.,2,,2,,,,,2,1,02,,23,176.50554295
5380299,1,5,1,80,23,2,,,,2,,,.,2,,2,,,,,2,1,02,,23,176.50554295
5380302,1,1,1,80,23,2,,,,2,,,.,2,,2,,,,,2,1,02,,23,147.73878516
5380306,1,4,1,80,23,2,,,,2,,,.,,,2,,,,,,1,02,,23,237.89551036
5380307,1,2,1,80,23,1,3,,2,,,9,,2,,2,,,,,2,1,02,3,23,596.55882087
5380307,1,3,1,80,23,2,,,,2,,,.,,,2,,,,,,1,02,,23,596.55882087
5380310,1,2,1,80,23,2,,,,2,,,.,2,,2,,,,,2,1,02,,23,378.08395104
5380310,1,3,1,80,23,2,,,,2,,,.,2,,2,,,,,2,1,02,,23,378.08395104
5380310,1,4,1,80,23,2,,,,2,,,.,,,2,,,,,,1,02,,23,378.08395104
5380312,1,1,1,80,23,1,4,,2,,,8,,2,,2,,,,,2,1,02,4,23,85.904219918
5380312,1,2,1,80,23,1,3,,2,,,9,,2,,2,,,,,2,1,02,1.4,23,85.904219918
5380313,1,1,1,80,23,1,8,,2,,,9,,2,,2,,,,,2,1,02,2,23,222.0701673
5380316,1,1,1,80,23,1,4,,2,,,4,,3,,2,,,,,3,1,02,3,23,491.98860051
5380316,1,3,1,80,23,2,,,,2,,,.,2,,2,,,,,2,1,02,,23,491.98860051
5380316,1,4,1,80,23,2,,,,2,,,.,,,2,,,,,,1,02,,23,491.98860051
5380318,1,2,1,80,23,1,3,,2,,,9,,2,,2,,,,,2,1,02,4,23,128.70172762
5380319,1,2,1,80,23,1,3,,2,,,8,,2,,2,,,,,2,1,02,4,23,209.56082452
5380320,1,1,1,80,23,1,1,,2,,,8,,2,,2,,1,40,600000,2,1,02,2,23,184.14303559
5380322,1,2,1,80,23,1,4,,2,,,4,,2,,2,,,,,2,1,02,1.4,23,228.5088676
5380322,1,5,1,80,23,1,4,,2,,,4,,2,,2,,,,,2,1,02,4,23,228.5088676
5380323,1,2,1,80,23,1,7,,2,,,8,,2,,2,,,,,2,1,02,4,23,190.36619086
5380324,1,4,1,80,23,2,,,,2,,,.,2,,2,,,,,2,1,02,,23,191.29353578
5380324,1,5,1,80,23,2,,,,2,,,.,,,2,,,,,,1,02,,23,191.29353578
5380326,1,2,1,80,23,1,3,,2,,,1,,2,,2,,1,40,600000,2,1,02,3,23,189.20688375
5380326,1,3,1,80,23,2,,,,2,,,.,,,2,,,,,,1,02,,23,189.20688375
5380326,1,4,1,80,23,2,,,,2,,,.,,,2,,,,,,1,02,,23,189.20688375
5380327,1,1,1,80,23,1,3,,2,,,9,,2,,2,,,,,2,1,02,2,23,190.96836482
5380329,1,4,1,80,23,2,,,,2,,,.,,,2,,,,,,1,02,,23,291.60281413
5380329,1,6,1,80,23,1,4,,2,,,4,,2,,2,,2,,908526,2,1,02,1.2,23,291.60281413
5380331,1,1,1,80,23,2,,,,2,,,.,2,,2,,,,,2,1,02,,23,118.89809496
5380331,1,3,1,80,23,2,,,,2,,,.,2,,2,,,,,2,1,02,,23,118.89809496
5380331,1,4,1,80,23,2,,,,2,,,.,2,,2,,,,,2,1,02,,23,118.89809496
5380331,1,5,1,80,23,2,,,,2,,,.,,,2,,,,,,1,02,,23,118.89809496
5380334,1,1,1,80,23,1,8,,2,,,8,,2,,2,,2,,300000,2,1,02,1.2,23,168.67600085
5380334,1,2,1,80,23,1,3,,2,,,9,,2,,2,,,,,2,1,02,4,23,168.67600085
5380334,1,5,1,80,23,2,,,,2,,,.,,,2,,,,,,1,02,,23,168.67600085
5380334,1,6,1,80,23,2,,,,2,,,.,,,2,,,,,,1,02,,23,168.67600085
5380335,1,1,1,80,23,1,4,,2,,,4,,2,,2,,,,,2,1,02,4,23,146.33239522
5380336,1,3,1,80,23,2,,,,2,,,.,2,,2,,,,,2,1,02,,23,194.02364908
5380337,1,1,1,80,23,1,3,,2,,,9,,2,,2,,,,,2,1,02,1.4,23,203.66970562
5380338,1,4,1,80,23,2,,,,2,,,.,2,,2,,,,,2,1,02,,23,177.76623407
5380340,1,2,1,80,23,1,7,,2,,,9,,2,,2,,,,,2,1,02,2,23,181.32230828
5380340,1,3,1,80,23,2,,,,2,,,.,,,2,,,,,,1,02,,23,181.32230828
5380341,1,1,1,80,23,2,,,,2,,,.,2,,2,,,,,2,1,02,,23,176.23540536
5380341,1,2,1,80,23,1,4,,2,,,4,,2,,2,,,,,2,1,02,4,23,176.23540536
5380341,1,3,1,80,23,1,3,,2,,,9,,2,,2,,1,48,908526,2,1,02,2,23,176.23540536
5380341,1,6,1,80,23,2,,,,2,,,.,2,,2,,,,,2,1,02,,23,176.23540536
5380341,1,7,1,80,23,2,,,,2,,,.,2,,2,,,,,2,1,02,,23,176.23540536
5380344,1,1,1,80,23,2,,,,2,,,.,2,,2,,,,,2,1,02,,23,128.12150112
5380345,1,3,1,80,23,2,,,,2,,,.,2,,2,,,,,2,1,02,,23,163.99620017
5380345,1,4,1,80,23,2,,,,2,,,.,2,,2,,,,,2,1,02,,23,163.99620017
5380352,1,4,1,80,23,2,,,,2,,,.,2,,2,,,,,2,1,02,,23,126.65207894
5380353,1,2,1,80,23,2,,,,2,,,.,2,,2,,,,,2,1,02,,23,136.68633868
5380354,1,3,1,80,23,2,,,,2,,,.,2,,2,,,,,2,1,02,,23,198.85294029
5380355,1,3,1,80,23,2,,,,2,,,.,2,,2,,,,,2,1,02,,23,168.82549138
5380355,1,4,1,80,23,2,,,,2,,,.,,,2,,,,,,1,02,,23,168.82549138
5380357,1,3,1,80,23,2,,,,2,,,.,2,,2,,,,,2,1,02,,23,209.92031248
5380357,1,7,1,80,23,2,,,,2,,,.,2,,2,,,,,2,1,02,,23,209.92031248
5380357,1,8,1,80,23,2,,,,2,,,.,2,,2,,,,,2,1,02,,23,209.92031248
5380630,1,2,1,80,50,1,9,PANDEMIA,2,,,12,PANDEMIA,2,,2,,,,,2,1,02,1.3,50,212.57029633
5380630,1,3,1,80,50,2,,,,2,,,.,2,,2,,,,,2,1,02,,50,212.57029633
5380631,1,2,1,80,50,1,3,,2,,,9,,2,,2,,,,,2,1,02,2,50,282.73276981
5380631,1,3,1,80,50,2,,,,2,,,.,2,,2,,,,,2,1,02,,50,282.73276981
5380633,1,3,1,80,50,2,,,,2,,,.,2,,2,,,,,2,1,02,,50,277.45631955
5380634,1,2,1,80,50,1,3,,2,,,9,,2,,2,,,,,2,1,02,4,50,548.22801256
5380634,1,3,1,80,50,2,,,,2,,,.,2,,2,,,,,2,1,02,,50,548.22801256
5380635,1,5,1,80,50,2,,,,2,,,.,2,,2,,,,,2,1,02,,50,216.6779553
5380640,1,2,1,80,50,2,,,,2,,,.,2,,2,,,,,2,1,02,,50,237.52641288
5380641,1,2,1,80,50,2,,,,2,,,.,,,2,,,,,,1,02,,50,232.24996261
5380642,1,1,1,80,50,1,3,,2,,,9,,2,,2,,,,,2,1,02,3,50,264.47215965
5380643,1,2,1,80,50,2,,,,2,,,.,2,,2,,,,,2,1,02,,50,302.36500057
5380646,1,2,1,80,50,1,2,,2,,,2,,2,,2,,,,,2,1,02,2,50,246.19396783
5380651,1,3,1,80,50,2,,,,2,,,.,2,,2,,,,,2,1,02,,50,268.74132907
5380652,1,2,1,80,50,2,,,,2,,,.,,,2,,,,,,1,02,,50,316.30900579
5380655,1,1,1,80,50,1,4,,2,,,4,,2,,2,,,,,2,1,02,3,50,196.83677857
5380655,1,2,1,80,50,1,3,,2,,,9,,2,,2,,,,,2,1,02,3,50,196.83677857
5380655,1,4,1,80,50,1,2,,2,,,2,,2,,2,,,,,2,1,02,1.4,50,196.83677857
5380655,1,6,1,80,50,2,,,,2,,,.,2,,2,,,,,2,1,02,,50,196.83677857
5380656,1,1,1,80,50,2,,,,2,,,.,2,,2,,,,,2,1,02,,50,163.60114516
5380657,1,2,1,80,50,2,,,,2,,,.,2,,2,,,,,2,1,02,,50,261.26630259
5380657,1,3,1,80,50,2,,,,2,,,.,,,2,,,,,,1,02,,50,261.26630259
5380659,1,1,1,80,50,1,3,,2,,,9,,2,,2,,2,,5500000,2,1,02,1.4,50,407.03895475
5380660,1,3,1,80,50,2,,,,2,,,.,2,,2,,,,,2,1,02,,50,177.9405771
5380660,1,4,1,80,50,2,,,,2,,,.,,,2,,,,,,1,02,,50,177.9405771
5380661,1,3,1,80,50,2,,,,2,,,.,2,,2,,,,,2,1,02,,50,205.09526986
5380663,1,1,1,80,50,1,5,,2,,,10,,3,,2,,,,,3,1,02,4,50,309.67851659
5380668,1,2,1,80,50,2,,,,2,,,.,2,,2,,,,,2,1,02,,50,251.4704181
5380672,1,3,1,80,50,2,,,,2,,,.,,,2,,,,,,1,02,,50,171.47159836
5380672,1,4,1,80,50,2,,,,2,,,.,,,2,,,,,,1,02,,50,171.47159836
5380673,1,1,1,80,50,1,5,,2,,,10,,3,,2,,,,,3,1,02,4,50,223.99147132
5380673,1,2,1,80,50,1,3,,2,,,8,,2,,2,,,,,2,1,02,4,50,223.99147132
5380673,1,5,1,80,50,2,,,,2,,,.,2,,2,,,,,2,1,02,,50,223.99147132
5380675,1,1,1,80,50,1,4,,2,,,4,,2,,2,,,,,2,1,02,4,50,264.47215965
5380677,1,2,1,80,50,1,2,,2,,,2,,2,,2,,,,,2,1,02,2,50,212.57029633
5380679,1,3,1,80,50,2,,,,2,,,.,2,,2,,,,,2,1,02,,50,212.57029633
5380682,1,2,1,80,50,2,,,,2,,,.,2,,2,,,,,2,1,02,,50,316.30900579
5380683,1,2,1,80,50,1,3,,2,,,8,,2,,2,,,,,2,1,02,1.1,50,149.1286708
5380683,1,5,1,80,50,2,,,,2,,,.,2,,2,,,,,2,1,02,,50,149.1286708
5380686,1,4,1,80,50,2,,,,2,,,.,,,2,,,,,,1,02,,50,336.88074343
5380686,1,5,1,80,50,2,,,,2,,,.,,,2,,,,,,1,02,,50,336.88074343
5380687,1,1,1,80,50,1,4,,2,,,9,,3,,2,,,,,3,1,02,3,50,264.47215965
5380688,1,1,1,80,50,1,3,,2,,,9,,3,,2,,,,,3,1,02,2,50,309.67851659
5380691,1,3,1,80,50,2,,,,2,,,.,,,2,,,,,,1,02,,50,405.87016345
5380692,1,3,1,80,50,2,,,,2,,,.,,,2,,,,,,1,02,,50,291.40032477
5380695,1,2,1,80,50,1,4,,2,,,9,,2,,2,,,,,2,1,02,3,50,309.67851659
5380696,1,5,1,80,50,2,,,,2,,,.,2,,2,,,,,2,1,02,,50,372.93653771
5380698,1,2,1,80,50,1,3,,2,,,9,,2,,2,,,,,2,1,02,3,50,296.67677503
5380698,1,3,1,80,50,2,,,,2,,,.,,,2,,,,,,1,02,,50,296.67677503
5380699,1,6,1,80,50,1,3,,2,,,9,,2,,2,,,,,2,1,02,4,50,300.59918637
5380700,1,1,1,80,50,1,3,,2,,,9,,2,,2,,,,,2,1,02,3,50,278.62511085
5380702,1,2,1,80,50,1,7,,2,,,9,,2,,2,,2,,800000,2,1,02,1.4,50,221.95440556
5380702,1,3,1,80,50,2,,,,2,,,.,,,2,,,,,,1,02,,50,221.95440556
5380702,1,4,1,80,50,2,,,,2,,,.,,,2,,,,,,1,02,,50,221.95440556
5380702,1,6,1,80,50,1,7,,2,,,4,,2,,2,,,,,2,1,02,3,50,221.95440556
5380704,1,2,1,80,50,1,3,,2,,,9,,2,,2,,,,,2,1,02,2,50,282.73276981
5380704,1,3,1,80,50,2,,,,2,,,.,,,2,,,,,,1,02,,50,282.73276981
5380707,1,1,1,80,50,1,3,,2,,,9,,2,,2,,,,,2,1,02,4,50,354.88487353
5380711,1,1,1,80,50,1,3,,2,,,9,,2,,2,,,,,2,1,02,2,50,575.38270532
5380712,1,3,1,80,50,2,,,,2,,,.,2,,2,,,,,2,1,02,,50,149.1286708
5380712,1,4,1,80,50,2,,,,2,,,.,,,2,,,,,,1,02,,50,149.1286708
5380716,1,3,1,80,50,2,,,,2,,,.,2,,2,,,,,2,1,02,,50,275.21030781
5380718,1,1,1,80,50,1,3,,2,,,9,,2,,2,,,,,2,1,02,4,50,546.87397363
5380719,1,3,1,80,50,1,3,,2,,,9,,2,,2,,,,,2,1,02,4,50,261.6990646
5380720,1,3,1,80,50,2,,,,2,,,.,,,2,,,,,,1,02,,50,221.28528681
5380721,1,3,1,80,50,1,4,,2,,,8,,2,,2,,,,,2,1,02,4,50,214.81630807
5380723,1,2,1,80,50,2,,,,2,,,.,2,,2,,,,,2,1,02,,50,191.15126464
5380723,1,3,1,80,50,2,,,,2,,,.,,,2,,,,,,1,02,,50,191.15126464
5380725,1,4,1,80,50,2,,,,2,,,.,2,,2,,,,,2,1,02,,50,176.53910265
5380726,1,3,1,80,50,2,,,,2,,,.,2,,2,,,,,2,1,02,,50,301.9532253
5380729,1,3,1,80,50,2,,,,2,,,.,,,2,,,,,,1,02,,50,277.45631955
5380731,1,3,1,80,50,2,,,,2,,,.,2,,2,,,,,2,1,02,,50,243.83264805
5380736,1,1,1,80,50,1,5,,2,,,10,,3,,2,,,,,3,1,02,4,50,230.84848816
5380736,1,2,1,80,50,1,3,,2,,,8,,2,,2,,,,,2,1,02,4,50,230.84848816
5380737,1,2,1,80,50,2,,,,2,,,.,2,,2,,,,,2,1,02,,50,449.99929995
5380739,3,2,3,80,50,1,3,,2,,,9,,2,,2,,,,,2,1,02,1.4,50,347.66632711
5380741,1,3,1,80,50,1,3,,2,,,9,,2,,2,,,,,2,1,02,2,50,280.48675808
5380742,1,3,1,80,50,2,,,,2,,,.,,,2,,,,,,1,02,,50,296.67677503
5380744,1,3,1,80,50,2,,,,2,,,.,,,2,,,,,,1,02,,50,241.63407184
5380744,1,4,1,80,50,2,,,,2,,,.,,,2,,,,,,1,02,,50,241.63407184
5380748,1,4,1,80,50,2,,,,2,,,.,2,,2,,,,,2,1,02,,50,250.30162679
5380750,1,3,1,80,50,2,,,,2,,,.,2,,2,,,,,2,1,02,,50,405.87016345
5380751,1,2,1,80,50,1,4,,2,,,4,,2,,2,,,,,2,1,02,4,50,467.26653734
5380752,1,2,1,80,50,1,3,,2,,,9,,2,,2,,,,,2,1,02,2,50,296.67677503
5380752,1,3,1,80,50,2,,,,2,,,.,,,2,,,,,,1,02,,50,296.67677503
5380753,1,2,1,80,50,2,,,,2,,,.,2,,2,,,,,2,1,02,,50,374.60781173
5380754,1,3,1,80,50,2,,,,2,,,.,2,,2,,,,,2,1,02,,50,223.14693404
5380754,1,4,1,80,50,2,,,,2,,,.,,,2,,,,,,1,02,,50,223.14693404
5380754,1,5,1,80,50,2,,,,2,,,.,,,2,,,,,,1,02,,50,223.14693404
5380756,1,2,1,80,50,2,,,,2,,,.,2,,2,,,,,2,1,02,,50,243.9479561
5380757,1,2,1,80,50,1,3,,2,,,9,,2,,2,,,,,2,1,02,4,50,457.52176195
5380759,1,1,1,80,50,1,3,,2,,,9,,2,,2,,,,,2,1,02,2,50,485.2510721
5380759,1,3,1,80,50,1,2,,2,,,2,,2,,2,,,,,2,1,02,2,50,485.2510721
5380759,1,4,1,80,50,2,,,,2,,,.,,,2,,,,,,1,02,,50,485.2510721
5380759,1,5,1,80,50,2,,,,2,,,.,,,2,,,,,,1,02,,50,485.2510721
5380761,1,2,1,80,50,1,3,,2,,,9,,2,,2,,,,,2,1,02,4,50,318.55501752
5380762,1,2,1,80,50,1,3,,2,,,9,,2,,2,,,,,2,1,02,3,50,296.67677503
5380762,1,3,1,80,50,2,,,,2,,,.,,,2,,,,,,1,02,,50,296.67677503
5380764,1,3,1,80,52,1,2,,2,,,2,,2,,2,,1,25,1014980,2,1,02,1.3,52,246.30061258
5380773,1,3,1,80,52,2,,,,2,,,.,2,,2,,,,,2,1,02,,52,213.77527029
5380775,1,1,1,80,52,1,7,,2,,,1,,2,,2,,,,,2,1,02,4,52,202.16893084
5380775,1,2,1,80,52,1,7,,2,,,9,,2,,2,,,,,2,1,02,4,52,202.16893084
5380781,1,2,1,80,52,2,,,,2,,,.,,,2,,,,,,1,02,,52,214.17992955
5380783,1,4,1,80,52,2,,,,2,,,.,2,,2,,,,,2,1,02,,52,219.51966387
5380784,1,1,1,80,52,1,5,,2,,,10,,3,,2,,,,,3,1,02,4,52,164.78405103
5380785,1,2,1,80,52,1,3,,2,,,8,,2,,2,,,,,2,1,02,4,52,185.24863758
5380786,1,2,1,80,52,1,9,POR PANDEMIA,2,,,6,,1,,2,,,,2500000,2,1,02,1.4,52,246.30061258
5380786,1,3,1,80,52,2,,,,2,,,.,2,,2,,,,,2,1,02,,52,246.30061258
5380789,1,1,1,80,52,1,5,,2,,,10,,3,,2,,,,,3,1,02,4,52,211.96965988
5380790,1,2,1,80,52,1,3,,2,,,9,,2,,2,,,,,2,1,02,3,52,310.08426364
5380791,1,4,1,80,52,2,,,,2,,,.,2,,2,,,,,2,1,02,,52,160.72541503
5380791,1,6,1,80,52,1,9,PANDEMIA,2,,,8,,2,,2,,,,,2,1,02,1.4,52,160.72541503
5380793,1,1,1,80,52,1,3,,2,,,9,,2,,2,,,,,2,1,02,4,52,214.95662481
5380794,1,2,1,80,52,1,9,PANDEMIA,2,,,9,,2,,2,,1,20,200000,2,1,02,1.4,52,267.31844541
5380796,1,2,1,80,52,1,4,,2,,,4,,2,,2,,,,,2,1,02,4,52,182.3713561
5380796,1,3,1,80,52,1,4,,2,,,8,,2,,2,,,,,2,1,02,4,52,182.3713561
5380798,1,1,1,80,52,1,4,,2,,,4,,2,,2,,,,,2,1,02,4,52,241.67764711
5380800,1,4,1,80,52,1,2,,2,,,2,,2,,2,,,,,2,1,02,1.4,52,251.43562023
5380800,1,5,1,80,52,1,2,,2,,,2,,,,2,,,,,,1,02,1.3,52,251.43562023
5380801,1,3,1,80,52,2,,,,2,,,.,,,2,,,,,,1,02,,52,246.30061258
5380803,1,2,1,80,52,1,3,,2,,,9,,2,,2,,,,,2,1,02,4,52,107.42347068
5380803,1,3,1,80,52,1,8,,2,,,9,,2,,2,,,,,2,1,02,2,52,107.42347068
5380803,1,4,1,80,52,2,,,,2,,,.,,,2,,,,,,1,02,,52,107.42347068
5380804,1,3,1,80,52,2,,,,2,,,.,2,,2,,2,,900000,2,1,02,,52,240.53749669
5380805,1,3,1,80,52,2,,,,2,,,.,2,,2,,,,,2,1,02,,52,213.71534387
5380813,1,6,1,80,52,1,8,,2,,,2,,2,,2,,1,20,500000,2,1,02,1.1,52,241.63489119
5380813,1,7,1,80,52,1,4,,2,,,4,,2,,2,,,,,2,1,02,4,52,241.63489119
5380816,1,2,1,80,52,1,3,,2,,,8,,2,,2,,1,40,900000,2,1,02,4,52,182.93568557
5380818,1,1,1,80,52,1,4,,2,,,4,,2,,2,,,,,2,1,02,4,52,302.28220693
5380820,1,3,1,80,52,2,,,,1,2,2,,2,,2,,,,,2,1,02,,52,193.31068374
5380820,1,4,1,80,52,2,,,,2,,,.,2,,2,,,,,2,1,02,,52,193.31068374
5380820,1,5,1,80,52,1,3,,2,,,4,,2,,2,,,,,2,1,02,4,52,193.31068374
5380821,1,2,1,80,52,1,9,PANDEMIA,2,,,12,PANDEMIA,2,,2,,1,24,550000,2,1,02,1.4,52,240.53749669
5380821,1,3,1,80,52,2,,,,2,,,.,,,2,,,,,,1,02,,52,240.53749669
5380822,1,2,1,80,52,1,4,,2,,,8,,3,,2,,,,,3,1,02,4,52,182.3713561
5380823,1,3,1,80,52,2,,,,2,,,.,2,,2,,,,,2,1,02,,52,217.14587163
5380825,1,3,1,80,52,1,2,,2,,,2,,2,,2,,,,,2,1,02,2,52,274.82724529
5380825,1,4,1,80,52,2,,,,2,,,.,,,2,,,,,,1,02,,52,274.82724529
5380826,1,2,1,80,52,2,,,,2,,,.,2,,2,,,,,2,1,02,,52,315.64265285
5380827,1,1,1,80,52,1,6,,2,,,1,,2,,2,,,,,2,1,02,2,52,302.12253672
5380827,1,4,1,80,52,2,,,,2,,,.,2,,2,,,,,2,1,02,,52,302.12253672
5380829,1,3,1,80,52,1,9,PANDEMIA,2,,,9,,2,,2,,1,25,500000,2,1,02,1.2,52,234.33081798
5380830,1,3,1,80,52,2,,,,2,,,.,,,2,,,,,,1,02,,52,429.69388271
5380830,1,6,1,80,52,1,8,,2,,,9,,2,,2,,1,20,400000,2,1,02,1.2,52,429.69388271
5380830,1,11,1,80,52,2,,,,2,,,.,2,,2,,,,,2,1,02,,52,429.69388271
5380833,1,1,1,80,52,1,9,EDAD,2,,,8,,2,,2,,,,,2,1,02,4,52,152.66336887
5380833,1,2,1,80,52,1,9,CAMBIO DE CIUDAD,2,,,8,,2,,2,,,,,2,1,02,4,52,152.66336887
5380834,1,4,1,80,52,2,,,,2,,,.,,,2,,,,,,1,02,,52,222.90898752
5380838,1,3,1,80,52,2,,,,1,1,2,,2,,2,,,,,2,1,02,,52,295.80617455
5380841,1,1,1,80,52,1,5,,2,,,10,,3,,2,,,,,3,1,02,4,52,237.62131165
5380841,1,4,1,80,52,1,3,,2,,,9,,2,,2,,,,,2,1,02,2,52,237.62131165
5380844,1,3,1,80,52,2,,,,2,,,.,,,2,,,,,,1,02,,52,292.45575446
5380850,1,1,1,80,52,1,9,CUIDAR ENFERMA,2,,,12,CUIDAR ENFERMA,2,,2,,,,,2,1,02,1.3,52,187.39898084
5380853,1,2,1,80,52,1,4,,2,,,5,,2,,2,,,,,2,1,02,4,52,217.77397987
5380857,1,2,1,80,52,2,,,,2,,,.,2,,2,,,,,2,1,02,,52,224.09034204
5380858,1,2,1,80,52,1,2,,2,,,2,,2,,2,,,,,2,1,02,2,52,141.28274252
5380858,1,3,1,80,52,2,,,,2,,,.,,,2,,,,,,1,02,,52,141.28274252
5380862,1,3,1,80,54,2,,,,2,,,.,,,2,,,,,,1,02,,54,366.15782419
5380864,1,1,1,80,54,2,,,,2,,,.,2,,2,,,,,2,1,02,,54,303.67558791
5380864,3,3,3,80,54,2,,,,2,,,.,2,,2,,,,,2,1,02,,54,303.67558791
5380865,1,1,1,80,54,1,8,,2,,,9,,2,,2,,2,,908526,2,1,02,2,54,240.65920415
5380865,2,1,2,80,54,1,8,,2,,,9,,2,,2,,2,,600000,2,1,02,3,54,240.65920415
5380865,2,2,2,80,54,2,,,,2,,,.,,,2,,,,,,1,02,,54,240.65920415
5380865,3,1,3,80,54,1,8,,2,,,4,,2,,2,,,,,2,1,02,3,54,240.65920415
5380865,3,2,3,80,54,1,4,,2,,,4,,2,,2,,,,,2,1,02,4,54,240.65920415
5380868,1,2,1,80,54,1,3,,2,,,9,,2,,2,,,,,2,1,02,2,54,385.08693844
5380872,1,2,1,80,54,1,3,,2,,,9,,2,,2,,,,,2,1,02,3,54,391.93635391
5380872,1,3,1,80,54,2,,,,2,,,.,2,,2,,,,,2,1,02,,54,391.93635391
5380880,1,2,1,80,54,1,3,,2,,,9,,2,,2,,,,,2,1,02,4,54,319.1001899
5380883,1,2,1,80,54,2,,,,2,,,.,2,,2,,,,,2,1,02,,54,415.14715703
5380883,1,3,1,80,54,1,8,,2,,,8,,2,,2,,,,,2,1,02,4,54,415.14715703
5380884,1,2,1,80,54,1,4,,2,,,4,,2,,2,,,,,2,1,02,3,54,370.00353208
5380886,1,3,1,80,54,2,,,,2,,,.,2,,2,,,,,2,1,02,,54,420.43923671
5380888,1,1,1,80,54,1,4,,2,,,4,,2,,2,,1,48,908000,2,1,02,3,54,1384.2786375
5380888,1,5,1,80,54,2,,,,2,,,.,2,,2,,,,,2,1,02,,54,1384.2786375
5380889,1,1,1,80,54,2,,,,2,,,.,2,,2,,,,,2,1,02,,54,308.26192662
5380890,1,4,1,80,54,2,,,,2,,,.,,,2,,,,,,1,02,,54,527.32446713
5380892,1,5,1,80,54,1,8,,2,,,4,,2,,2,,,,,2,1,02,4,54,289.09240553
5380894,1,4,1,80,54,1,2,,2,,,2,,2,,2,,,,,2,1,02,2,54,427.66441715
5380897,1,4,1,80,54,2,,,,2,,,.,2,,2,,,,,2,1,02,,54,1147.3202403
5380900,1,3,1,80,54,2,,,,2,,,.,2,,2,,,,,2,1,02,,54,439.36835096
5380901,1,1,1,80,54,1,3,,2,,,9,,2,,2,,,,,2,1,02,2,54,1376.9907368
5380903,1,2,1,80,54,1,3,,2,,,9,,2,,2,,,,,2,1,02,3,54,337.65494139
5380904,1,2,1,80,54,1,9,POR PANDEMIA,2,,,1,,2,,2,,1,40,400000,2,1,02,1.3,54,379.45226092
5380904,1,3,1,80,54,2,,,,2,,,.,,,2,,,,,,1,02,,54,379.45226092
5380905,1,3,1,80,54,2,,,,2,,,.,,,2,,,,,,1,02,,54,352.86338746
5380906,1,2,1,80,54,1,3,,2,,,9,,2,,2,,,,,2,1,02,4,54,460.85088127
5380906,1,7,1,80,54,2,,,,2,,,.,,,2,,,,,,1,02,,54,460.85088127
5380907,1,1,1,80,54,1,4,,2,,,8,,2,,2,,,,,2,1,02,3,54,323.47037269
5380907,1,2,1,80,54,1,3,,2,,,9,,2,,2,,,,,2,1,02,4,54,323.47037269
5380907,1,3,1,80,54,1,2,,2,,,2,,2,,2,,2,,1000000,2,1,02,2,54,323.47037269
5380909,1,4,1,80,54,2,,,,2,,,.,2,,2,,,,,2,1,02,,54,343.40227162
5380909,1,5,1,80,54,1,6,,2,,,9,,2,,2,,,,,2,1,02,2,54,343.40227162
5380909,1,6,1,80,54,2,,,,2,,,.,2,,2,,,,,2,1,02,,54,343.40227162
5380912,1,3,1,80,54,1,3,,2,,,9,,2,,2,,2,,2000000,2,1,02,2,54,327.65008108
5380913,1,2,1,80,54,1,9,POR LA PANDEMIA,2,,,9,,2,,2,,,,,2,1,02,1.4,54,342.39948694
5380914,1,1,1,80,54,1,3,,2,,,4,,2,,2,,,,,2,1,02,4,54,284.96262958
5380914,1,2,1,80,54,1,3,,2,,,9,,2,,2,,,,,2,1,02,4,54,284.96262958
5380914,1,3,1,80,54,1,4,,2,,,4,,2,,2,,,,,2,1,02,4,54,284.96262958
5380915,1,2,1,80,54,1,3,,2,,,8,,2,,2,,,,,2,1,02,4,54,352.02318794
5380916,1,1,1,80,54,1,9,CUARENTENA POR COVID 19,2,,,9,,2,,2,,2,,1014980,2,1,02,1.4,54,385.08693844
5380917,1,2,1,80,54,1,3,,2,,,9,,2,,2,,,,,2,1,02,4,54,352.02318794
5380919,1,3,1,80,54,2,,,,2,,,.,,,2,,,,,,1,02,,54,405.23079064
5380920,1,2,1,80,54,2,,,,2,,,.,2,,2,,,,,2,1,02,,54,474.20535834
5380920,1,3,1,80,54,2,,,,2,,,.,,,2,,,,,,1,02,,54,474.20535834
5380921,1,2,1,80,54,2,,,,2,,,.,2,,2,,,,,2,1,02,,54,385.92573575
5380926,1,1,1,80,54,1,4,,2,,,4,,2,,2,,,,,2,1,02,3,54,325.11080806
5380926,1,2,1,80,54,1,8,,2,,,8,,2,,2,,,,,2,1,02,4,54,325.11080806
5380930,1,1,1,80,54,1,7,,2,,,12,POR PANDEMIA,2,,2,,,,,2,1,02,3,54,375.32248498
5380931,1,5,1,80,54,1,3,,2,,,4,,2,,2,,,,,2,1,02,4,54,332.04332311
5380931,1,6,1,80,54,2,,,,2,,,.,,,2,,,,,,1,02,,54,332.04332311
5380931,1,7,1,80,54,1,4,,2,,,4,,2,,2,,,,,2,1,02,4,54,332.04332311
5380933,1,1,1,80,54,1,5,,2,,,10,,3,,2,,2,,800000,3,1,02,2,54,408.00507618
5380933,1,2,1,80,54,1,3,,2,,,8,,2,,2,,,,,2,1,02,4,54,408.00507618
5380934,1,1,1,80,54,1,3,,2,,,9,,2,,2,,,,,2,1,02,4,54,352.02318794
5380934,1,2,1,80,54,1,4,,2,,,4,,2,,2,,,,,2,1,02,4,54,352.02318794
5380936,1,2,1,80,54,1,8,,2,,,9,,2,,2,,,,,2,1,02,2,54,435.64768278
5380936,1,3,1,80,54,2,,,,2,,,.,2,,2,,,,,2,1,02,,54,435.64768278
5380936,1,4,1,80,54,2,,,,2,,,.,,,2,,,,,,1,02,,54,435.64768278
5380936,1,5,1,80,54,2,,,,2,,,.,,,2,,,,,,1,02,,54,435.64768278
5380938,1,1,1,80,54,1,4,,2,,,8,,2,,2,,,,,2,1,02,4,54,274.33250559
5380938,1,3,1,80,54,1,3,,2,,,9,,2,,2,,,,,2,1,02,4,54,274.33250559
5380938,1,5,1,80,54,1,7,,2,,,9,,2,,2,,1,24,600000,2,1,02,2,54,274.33250559
5380938,1,6,1,80,54,1,7,,2,,,2,,2,,2,,1,48,908000,2,1,02,1.4,54,274.33250559
5380940,1,1,1,80,54,1,8,,2,,,8,,2,,2,,,,,2,1,02,2,54,283.56531334
5380940,1,2,1,80,54,2,,,,2,,,.,2,,2,,,,,2,1,02,,54,283.56531334
5380942,1,3,1,80,54,1,8,,2,,,1,,2,,2,,,,,2,1,02,2,54,397.13993968
5380942,1,4,1,80,54,2,,,,2,,,.,,,2,,,,,,1,02,,54,397.13993968
5380942,1,5,1,80,54,2,,,,2,,,.,2,,2,,,,,2,1,02,,54,397.13993968
5380943,1,3,1,80,54,1,4,,2,,,8,,2,,2,,,,,2,1,02,4,54,330.31439382
5380943,1,4,1,80,54,1,4,,2,,,8,,2,,2,,,,,2,1,02,4,54,330.31439382
5380945,1,3,1,80,54,2,,,,2,,,.,2,,2,,,,,2,1,02,,54,407.14479998
5380945,1,4,1,80,54,2,,,,2,,,.,,,2,,,,,,1,02,,54,407.14479998
5380946,1,1,1,80,54,1,4,,2,,,4,,2,,2,,,,,2,1,02,4,54,383.84550294
5380946,1,2,1,80,54,2,,,,2,,,.,2,,2,,,,,2,1,02,,54,383.84550294
5380946,1,4,1,80,54,2,,,,2,,,.,,,2,,,,,,1,02,,54,383.84550294
5380946,1,5,1,80,54,2,,,,2,,,.,,,2,,,,,,1,02,,54,383.84550294
5380951,1,1,1,80,54,2,,,,2,,,.,2,,2,,,,,2,1,02,,54,390.61403063
5380951,1,2,1,80,54,2,,,,2,,,.,,,2,,,,,,1,02,,54,390.61403063
5380953,1,3,1,80,54,2,,,,2,,,.,2,,2,,,,,2,1,02,,54,559.87152453
5380954,1,3,1,80,54,2,,,,2,,,.,,,2,,,,,,1,02,,54,344.31349628
5380957,1,3,1,80,54,2,,,,2,,,.,,,2,,,,,,1,02,,54,682.43618358
5380958,1,1,1,80,54,1,3,,2,,,9,,2,,2,,2,,500000,2,1,02,4,54,354.56246097
5380960,1,2,1,80,54,2,,,,2,,,.,,,2,,,,,,1,02,,54,539.57470127
5380960,1,4,1,80,54,1,3,,2,,,9,,1,,2,,,,,2,1,02,4,54,539.57470127
5380960,1,5,1,80,54,2,,,,2,,,.,2,,2,,,,,2,1,02,,54,539.57470127
5380962,1,1,1,80,54,2,,,,2,,,.,2,,2,,,,,2,1,02,,54,630.2118955
5380962,1,2,1,80,54,1,3,,2,,,9,,2,,2,,,,,2,1,02,2,54,630.2118955
5380962,1,3,1,80,54,1,6,,2,,,1,,2,,2,,,,,2,1,02,1.3,54,630.2118955
5380963,1,1,1,80,54,1,7,,2,,,8,,3,,2,,,,,3,1,02,3,54,581.0947493
5380963,1,2,1,80,54,2,,,,2,,,.,2,,2,,,,,2,1,02,,54,581.0947493
5380963,1,5,1,80,54,1,2,,2,,,2,,2,,2,,,,,2,1,02,3,54,581.0947493
5380965,1,1,1,80,54,1,6,,2,,,12,PORQUE ESTA ESPERANDO QUE LO LLAMEN PARA EMPEZAR A TRABAJAR,1,,2,,,,3000000,2,1,02,1.2,54,723.40908365
5380965,1,3,1,80,54,1,9,PANDEMIA ASOCIADA AL COVID 19,2,,,12,PANDEMIA  ASOCIADA AL COVID 19,2,,2,,1,48,908000,2,1,02,1.4,54,723.40908365
5380966,1,4,1,80,54,2,,,,2,,,.,,,2,,,,,,1,02,,54,865.78975226
5380968,1,2,1,80,54,2,,,,2,,,.,2,,2,,,,,2,1,02,,54,724.12243075
5380968,1,3,1,80,54,2,,,,2,,,.,,,2,,,,,,1,02,,54,724.12243075
5380970,1,1,1,80,54,1,4,,2,,,8,,2,,2,,,,,2,1,02,4,54,742.82268481
5380970,1,3,1,80,54,1,3,,2,,,8,,2,,2,,,,,2,1,02,4,54,742.82268481
5380971,1,3,1,80,54,1,8,,2,,,9,,2,,2,,1,30,908526,2,1,02,3,54,231.46137624
5380973,1,7,1,80,54,1,8,,2,,,9,,2,,2,,,,,2,1,02,1.2,54,456.2172324
5380975,1,3,1,80,54,2,,,,2,,,.,2,,2,,,,,2,1,02,,54,409.62403266
5380975,1,4,1,80,54,2,,,,2,,,.,,,2,,,,,,1,02,,54,409.62403266
5380976,1,1,1,80,54,1,5,,2,,,10,,3,,2,,,,,3,1,02,4,54,341.26802424
5380977,1,2,1,80,54,1,8,,2,,,1,,2,,2,,,,,2,1,02,3,54,331.32081681
5380979,1,2,1,80,54,2,,,,2,,,.,2,,2,,,,,2,1,02,,54,426.91271154
5380979,1,3,1,80,54,2,,,,2,,,.,,,2,,,,,,1,02,,54,426.91271154
5380980,1,2,1,80,54,1,3,,2,,,9,,2,,2,,,,,2,1,02,4,54,232.03670747
5380980,2,2,2,80,54,2,,,,2,,,.,,,2,,,,,,1,02,,54,232.03670747
5380981,1,6,1,80,54,1,3,,2,,,9,,2,,2,,,,,2,1,02,2,54,526.94852648
5380982,1,2,1,80,54,2,,,,2,,,.,,,2,,,,,,1,02,,54,377.83488479
5380982,1,3,1,80,54,2,,,,2,,,.,,,2,,,,,,1,02,,54,377.83488479
5380982,1,5,1,80,54,1,4,,2,,,4,,2,,2,,,,,2,1,02,4,54,377.83488479
5380983,1,3,1,80,54,2,,,,2,,,.,,,2,,,,,,1,02,,54,376.99608747
5380985,1,3,1,80,54,2,,,,2,,,.,,,2,,,,,,1,02,,54,758.90452185
5380986,1,2,1,80,54,2,,,,2,,,.,2,,2,,,,,2,1,02,,54,871.76539058
5380986,1,4,1,80,54,2,,,,2,,,.,2,,2,,,,,2,1,02,,54,871.76539058
5380986,1,5,1,80,54,2,,,,2,,,.,2,,2,,,,,2,1,02,,54,871.76539058
5380995,1,2,1,80,54,2,,,,2,,,.,2,,2,,,,,2,1,02,,54,350.94937812
5381002,1,1,1,80,54,1,4,,2,,,4,,2,,2,,,,,2,1,02,2,54,335.11566836
5381002,1,3,1,80,54,1,8,,2,,,4,,2,,1,100000,,,,2,1,02,1.1,54,335.11566836
5381004,1,1,1,80,54,1,4,,2,,,4,,2,,2,,,,,2,1,02,4,54,408.00507618
5381005,1,1,1,80,54,1,5,,2,,,10,,3,,2,,,,,3,1,02,4,54,352.02318794
5381005,1,2,1,80,54,1,5,,2,,,10,,3,,2,,,,,3,1,02,2,54,352.02318794
5381006,1,1,1,80,54,1,5,,2,,,10,,3,,2,,,,,3,1,02,4,54,448.99205196
5381007,1,1,1,80,54,1,8,,2,,,8,,2,,2,,,,,2,1,02,4,54,352.02318794
5381007,1,2,1,80,54,1,8,,2,,,8,,2,,2,,,,,2,1,02,4,54,352.02318794
5381008,1,1,1,80,54,1,8,,2,,,8,,2,,2,,,,,2,1,02,2,54,375.32248498
5381009,1,2,1,80,54,1,3,,1,,1,9,,2,,2,,1,48,1014980,2,1,02,3,54,398.38137517
5381011,1,5,1,80,54,2,,,,2,,,.,2,,2,,,,,2,1,02,,54,334.07362346
5381013,1,2,1,80,54,2,,,,2,,,.,,,2,,,,,,1,02,,54,454.57679703
5381015,1,2,1,80,54,2,,,,2,,,.,2,,2,,,,,2,1,02,,54,499.98388806
5381015,1,3,1,80,54,2,,,,2,,,.,,,2,,,,,,1,02,,54,499.98388806
5381016,1,1,1,80,54,1,4,,1,,2,12,POR PANDEMIA,2,,2,,,,,2,1,02,3,54,375.32248498
5381017,1,1,1,80,54,1,8,,2,,,9,,2,,2,,1,48,1014980,2,1,02,1.2,54,366.99662151
5381018,1,1,1,80,54,1,5,,2,,,10,,3,,2,,,,,3,1,02,4,54,352.02318794
5381018,1,2,1,80,54,1,3,,2,,,9,,2,,2,,,,,2,1,02,4,54,352.02318794
5381020,1,1,1,80,54,1,5,,2,,,10,,3,,2,,,,,3,1,02,4,54,352.02318794
5381021,1,1,1,80,54,1,9,CONTAGIO DE COVID 19,2,,,4,,2,,2,,,,,2,1,02,1.1,54,338.67881876
5381021,1,2,1,80,54,1,9,CONTAGIO DE COVID 19,2,,,4,,2,,2,,,,,2,1,02,1.1,54,338.67881876
5381022,1,1,1,80,54,1,9,PANDEMIA,2,,,12,PANDEMIA,3,,2,,2,,5000000,3,1,02,2,54,405.46580315
5381022,1,2,1,80,54,1,3,,2,,,9,,2,,2,,,,,2,1,02,4,54,405.46580315
5381023,1,3,1,80,54,2,,,,2,,,.,,,2,,,,,,1,02,,54,439.36835096
5381024,1,1,1,80,54,1,3,,2,,,9,,2,,2,,2,,1014980,2,1,02,4,54,407.9835973
5381024,1,2,1,80,54,2,,,,2,,,.,2,,2,,,,,2,1,02,,54,407.9835973
5381024,1,3,1,80,54,2,,,,2,,,.,,,2,,,,,,1,02,,54,407.9835973
5381024,1,4,1,80,54,2,,,,2,,,.,,,2,,,,,,1,02,,54,407.9835973
5381025,1,3,1,80,54,2,,,,2,,,.,2,,2,,,,,2,1,02,,54,432.9233297
5381025,1,5,1,80,54,2,,,,2,,,.,2,,2,,,,,2,1,02,,54,432.9233297
5381026,1,2,1,80,54,2,,,,2,,,.,2,,2,,,,,2,1,02,,54,326.00964572
5381031,1,1,1,80,54,1,4,,2,,,4,,2,,2,,,,,2,1,02,3,54,220.44134425
5381033,1,1,1,80,54,1,5,,2,,,10,,3,,2,,,,,3,1,02,4,54,352.02318794
5381131,1,1,1,80,66,2,,,,2,,,.,2,,2,,,,,2,1,02,,66,385.48413482
5381133,1,1,1,80,66,2,,,,2,,,.,2,,2,,,,,2,1,02,,66,351.75264212
5381134,1,1,1,80,66,1,4,,2,,,4,,2,,2,,,,,2,1,02,4,66,294.08899126
5381134,1,3,1,80,66,1,4,,2,,,4,,2,,2,,,,,2,1,02,2,66,294.08899126
5381135,1,1,1,80,66,1,3,,2,,,9,,2,,2,,,,,2,1,02,1.3,66,451.794463
5381146,1,1,1,80,66,1,9,PANDEMIA COVID 19,2,,,12,PANDEMIA COVID 19,2,,2,,,,,2,1,02,1.4,66,364.57695743
5381154,1,1,1,80,66,1,1,,2,,,9,,2,,2,,,,,2,1,02,1.3,66,363.40268526
5381155,1,1,1,80,66,1,4,,2,,,4,,2,,2,,,,,2,1,02,1.2,66,281.26467595
5381155,1,3,1,80,66,2,,,,2,,,.,2,,2,,,,,2,1,02,,66,281.26467595
5381156,1,1,1,80,66,1,4,,2,,,8,,2,,2,,,,,2,1,02,4,66,233.39813292
5381156,1,2,1,80,66,1,5,,2,,,8,,3,,2,,,,,3,1,02,4,66,233.39813292
5381157,1,1,1,80,66,1,3,,2,,,9,,2,,2,,,,,2,1,02,3,66,484.62322758
5381158,1,1,1,80,66,1,3,,2,,,8,,2,,2,,,,,2,1,02,2,66,351.75264212
5381159,1,1,1,80,66,1,9,POR PANDEMIA,2,,,9,,1,,2,,,,,2,1,02,1.4,66,404.43015716
5381159,1,2,1,80,66,1,8,,2,,,8,,2,,2,,,,,2,1,02,1.2,66,404.43015716
5381159,1,6,1,80,66,1,2,,2,,,2,,2,,2,,,,,2,1,02,1.2,66,404.43015716
5381160,1,2,1,80,66,2,,,,2,,,.,2,,2,,,,,2,1,02,,66,345.07474533
5381162,1,2,1,80,66,2,,,,2,,,.,2,,2,,,,,2,1,02,,66,442.08935874
5381162,1,4,1,80,66,1,9,LA EDAD,2,,,8,,2,,2,,,,,2,1,02,3,66,442.08935874
5381163,1,1,1,80,66,1,7,,1,,1,1,,2,,2,,,,908526,2,1,02,1.4,66,392.26166066
5381163,1,4,1,80,66,1,4,,2,,,4,,2,,2,,,,,2,1,02,4,66,392.26166066
5381163,2,2,2,80,66,2,,,,2,,,.,2,,2,,,,,2,1,02,,66,392.26166066
5381164,1,2,1,80,66,2,,,,2,,,.,2,,2,,,,,2,1,02,,66,195.23669415
5381165,1,3,1,80,66,2,,,,2,,,.,,,2,,,,,,1,02,,66,327.2045515
5381165,1,4,1,80,66,2,,,,2,,,.,2,,2,,,,,2,1,02,,66,327.2045515
5381169,1,3,1,80,66,2,,,,2,,,.,,,2,,,,,,1,02,,66,348.70048939
5381171,1,1,1,80,66,1,3,,2,,,9,,2,,2,,,,,2,1,02,4,66,348.41369373
5381172,1,4,1,80,66,2,,,,2,,,.,2,,2,,,,,2,1,02,,66,347.23942156
5381176,1,2,1,80,66,1,3,,2,,,9,,2,,2,,,,,2,1,02,3,66,594.99481426
5381176,1,3,1,80,66,2,,,,2,,,.,,,2,,,,,,1,02,,66,594.99481426
5381178,1,2,1,80,66,2,,,,2,,,.,2,,2,,,,,2,1,02,,66,354.03316357
5381178,1,3,1,80,66,1,4,,2,,,4,,2,,2,,,,,2,1,02,4,66,354.03316357
5381179,1,2,1,80,66,2,,,,2,,,.,2,,2,,,,,2,1,02,,66,370.19642727
5381180,1,2,1,80,66,1,3,,2,,,9,,2,,2,,,,,2,1,02,4,66,395.17302291
5381180,1,3,1,80,66,1,2,,2,,,2,,2,,2,,,,,2,1,02,2,66,395.17302291
5381180,1,4,1,80,66,2,,,,2,,,.,2,,2,,,,,2,1,02,,66,395.17302291
5381180,1,5,1,80,66,2,,,,2,,,.,,,2,,,,,,1,02,,66,395.17302291
5381181,1,2,1,80,66,1,3,,2,,,9,,2,,2,,2,,800000,2,1,02,1.4,66,473.44832641
5381182,1,1,1,80,66,1,4,,2,,,4,,3,,2,,,,,3,1,02,4,66,348.41369373
5381182,1,2,1,80,66,1,4,,2,,,4,,2,,2,,,,,2,1,02,1.4,66,348.41369373
5381183,1,2,1,80,66,2,,,,2,,,.,2,,2,,,,,2,1,02,,66,405.30571331
5381183,1,3,1,80,66,2,,,,2,,,.,2,,2,,,,,2,1,02,,66,405.30571331
5381183,1,4,1,80,66,2,,,,2,,,.,,,2,,,,,,1,02,,66,405.30571331
5381184,1,1,1,80,66,1,3,,2,,,9,,2,,2,,,,,2,1,02,4,66,306.91330656
5381186,1,2,1,80,66,2,,,,2,,,.,2,,2,,,,,2,1,02,,66,530.93783558
5381186,1,4,1,80,66,2,,,,2,,,.,,,2,,,,,,1,02,,66,530.93783558
5381187,1,2,1,80,66,2,,,,2,,,.,,,2,,,,,,1,02,,66,373.69330119
5381188,1,2,1,80,66,2,,,,2,,,.,2,,2,,,,,2,1,02,,66,423.4627028
5381188,1,3,1,80,66,2,,,,2,,,.,2,,2,,,,,2,1,02,,66,423.4627028
5381188,1,4,1,80,66,2,,,,2,,,.,,,2,,,,,,1,02,,66,423.4627028
5381189,1,7,1,80,66,2,,,,2,,,.,2,,2,,,,,2,1,02,,66,532.23243117
5381190,1,1,1,80,66,1,4,,2,,,4,,2,,2,,,,,2,1,02,3,66,337.52558821
5381190,1,3,1,80,66,1,3,,2,,,9,,2,,2,,2,,800000,2,1,02,1.4,66,337.52558821
5381192,1,3,1,80,66,2,,,,2,,,.,,,2,,,,,,1,02,,66,438.16489867
5381193,1,2,1,80,66,2,,,,2,,,.,,,2,,,,,,1,02,,66,292.09526547
5381196,1,1,1,80,66,1,5,,2,,,10,,3,,2,,,,,3,1,02,4,66,342.04753787
5381196,1,2,1,80,66,2,,,,2,,,.,2,,2,,,,,2,1,02,,66,342.04753787
5381197,1,4,1,80,66,1,2,,2,,,2,,2,,2,,,,,2,1,02,2,66,234.4316146
5381198,1,2,1,80,66,2,,,,2,,,.,2,,2,,2,,908000,2,1,02,,66,403.02519186
5381199,1,2,1,80,66,1,7,,2,,,8,,2,,2,,,,,2,1,02,1.4,66,360.49132302
5381200,1,1,1,80,66,1,5,,2,,,10,,3,,2,,,,,3,1,02,4,66,287.7228354
5381201,1,2,1,80,66,2,,,,2,,,.,,,2,,,,,,1,02,,66,256.42978967
5381201,1,3,1,80,66,2,,,,2,,,.,2,,2,,,,,2,1,02,,66,256.42978967
5381202,1,2,1,80,66,1,8,,1,,1,12,POR PANDEMIA COVID 19,2,,2,,2,,908526,2,1,02,3,66,348.70048939
5381203,1,3,1,80,66,2,,,,2,,,.,2,,2,,,,,2,1,02,,66,272.59305337
5381203,1,4,1,80,66,1,4,,2,,,4,,2,,2,,2,,800000,2,1,02,2,66,272.59305337
5381204,1,2,1,80,66,2,,,,2,,,.,2,,2,,,,,2,1,02,,66,370.19642727
5381205,1,1,1,80,66,2,,,,1,4,10,,3,,2,,,,,3,1,02,,66,351.75264212
5381206,1,1,1,80,66,1,4,,2,,,4,,2,,2,,,,,2,1,02,4,66,335.36964108
5381206,1,2,1,80,66,1,4,,2,,,4,,2,,2,,,,,2,1,02,4,66,335.36964108
5381206,1,4,1,80,66,1,4,,2,,,4,,2,,2,,,,,2,1,02,4,66,335.36964108
5381209,1,1,1,80,66,1,9,QUERIA DESCANSAR,2,,,11,,2,,2,,,,,2,1,02,4,66,325.88427417
5381212,1,1,1,80,66,2,,,,2,,,.,2,,2,,,,,2,1,02,,66,335.58937842
5381212,1,2,1,80,66,1,3,,2,,,9,,2,,2,,,,,2,1,02,3,66,335.58937842
5381213,1,3,1,80,66,2,,,,2,,,.,2,,2,,,,,2,1,02,,66,370.3543528
5381214,1,1,1,80,66,2,,,,2,,,.,2,,2,,,,,2,1,02,,66,348.41369373
5381215,1,1,1,80,66,1,5,,2,,,10,,3,,2,,,,,3,1,02,4,66,278.01773114
5381215,1,2,1,80,66,2,,,,2,,,.,2,,2,,,,,2,1,02,,66,278.01773114
5381215,1,4,1,80,66,1,4,,2,,,8,,2,,2,,,,,2,1,02,2,66,278.01773114
5381216,1,2,1,80,66,2,,,,2,,,.,2,,2,,,,,2,1,02,,66,344.32805932
5381216,1,3,1,80,66,1,5,,2,,,10,,3,,2,,,,,3,1,02,3,66,344.32805932
5381216,1,4,1,80,66,1,3,,2,,,9,,2,,2,,,,,2,1,02,4,66,344.32805932
5381217,1,2,1,80,66,1,3,,2,,,9,,2,,2,,,,,2,1,02,2,66,463.15771048
5381218,1,1,1,80,66,1,5,,2,,,10,,3,,2,,,,,3,1,02,4,66,358.21080157
5381220,1,1,1,80,66,1,4,,2,,,4,,1,,2,,,,,2,1,02,3,66,297.42793965
5381221,1,1,1,80,66,1,5,,2,,,10,,3,,2,,,,,3,1,02,4,66,297.42793965
5381223,1,1,1,80,66,1,5,,2,,,10,,3,,2,,,,,3,1,02,4,66,281.26467595
5381223,1,3,1,80,66,2,,,,2,,,.,2,,2,,,,,2,1,02,,66,281.26467595
5381224,1,1,1,80,66,1,3,,2,,,9,,2,,2,,,,,2,1,02,4,66,330.25670424
5381224,1,2,1,80,66,2,,,,2,,,.,2,,2,,,,,2,1,02,,66,330.25670424
5381229,1,2,1,80,66,2,,,,2,,,.,2,,2,,,,,2,1,02,,66,348.41369373
5381230,1,1,1,80,66,1,7,,2,,,8,,3,,2,,,,,3,1,02,1.4,66,325.88427417
5381230,1,2,1,80,66,1,7,,2,,,8,,2,,2,,,,,2,1,02,2,66,325.88427417
5381230,1,3,1,80,66,2,,,,2,,,.,2,,2,,,,,2,1,02,,66,325.88427417
5381232,1,2,1,80,66,2,,,,2,,,.,2,,2,,,,,2,1,02,,66,484.62322758
5381234,1,1,1,80,66,1,5,,2,,,10,,3,,2,,,,,3,1,02,3,66,287.7228354
5381234,1,2,1,80,66,2,,,,2,,,.,2,,2,,,,,2,1,02,,66,287.7228354
5381234,1,3,1,80,66,2,,,,2,,,.,2,,2,,,,,2,1,02,,66,287.7228354
5381235,1,2,1,80,66,1,7,,2,,,1,,2,,2,,,,,2,1,02,1.4,66,329.19827729
5381235,1,5,1,80,66,2,,,,2,,,.,2,,2,,,,,2,1,02,,66,329.19827729
5381236,1,1,1,80,66,1,7,,2,,,9,,2,,2,,,,,2,1,02,2,66,348.70048939
5381236,1,2,1,80,66,2,,,,2,,,.,2,,2,,,,,2,1,02,,66,348.70048939
5381236,1,3,1,80,66,2,,,,2,,,.,2,,2,,,,,2,1,02,,66,348.70048939
5381237,1,1,1,80,66,1,4,,2,,,4,,2,,2,,,,,2,1,02,2,66,419.13235303
5381237,1,2,1,80,66,2,,,,2,,,.,2,,2,,,,,2,1,02,,66,419.13235303
5381237,1,3,1,80,66,2,,,,2,,,.,2,,2,,,,,2,1,02,,66,419.13235303
5381238,1,2,1,80,66,2,,,,2,,,.,2,,2,,,,,2,1,02,,66,300.5471507
5381239,1,2,1,80,66,2,,,,2,,,.,2,,2,,,,,2,1,02,,66,440.62829092
5381239,1,3,1,80,66,1,6,,2,,,8,,2,,2,,,,,2,1,02,4,66,440.62829092
5381248,1,1,1,80,66,1,3,,2,,,8,,2,,2,,,,,2,1,02,4,66,354.03316357
5381248,1,3,1,80,66,2,,,,2,,,.,2,,2,,,,,2,1,02,,66,354.03316357
5381249,1,2,1,80,66,1,6,,2,,,9,,2,,2,,,,,2,1,02,3,66,343.08101954
5381254,1,2,1,80,66,1,5,,2,,,10,,3,,2,,,,,3,1,02,3,66,300.5471507
5381256,1,1,1,80,66,2,,,,2,,,.,2,,2,,,,,2,1,02,,66,338.70858947
5381256,1,2,1,80,66,1,5,,2,,,10,,3,,2,,,,,3,1,02,4,66,338.70858947
5381258,1,1,1,80,66,1,5,,2,,,10,,3,,2,,,,,3,1,02,4,66,297.42793965
5381259,1,3,1,80,66,2,,,,2,,,.,2,,2,,,,,2,1,02,,66,288.75631707
5381260,1,1,1,80,66,1,3,,2,,,9,,2,,2,,,,,2,1,02,4,66,345.07474533
5381261,1,2,1,80,66,2,,,,2,,,.,2,,2,,,,,2,1,02,,66,335.36964108
5381262,1,1,1,80,66,1,4,,2,,,4,,2,,2,,,,,2,1,02,4,66,297.20820231
5381262,1,3,1,80,66,2,,,,2,,,.,2,,2,,,,,2,1,02,,66,297.20820231
5381262,1,4,1,80,66,1,4,,2,,,4,,2,,2,,,,,2,1,02,4,66,297.20820231
5381264,1,1,1,80,66,1,3,,2,,,9,,2,,2,,,,,2,1,02,4,66,342.04753787
5381265,1,3,1,80,66,2,,,,2,,,.,2,,2,,,,,2,1,02,,66,423.4627028
5381265,1,4,1,80,66,2,,,,2,,,.,2,,2,,,,,2,1,02,,66,423.4627028
5381267,1,2,1,80,66,1,9,PANDEMIA COVID 19,2,,,12,PANDEMIA COVID 19,2,,2,,1,48,908526,2,1,02,1.4,66,365.98192273
5381268,1,2,1,80,66,1,4,,2,,,9,,2,,2,,,,,2,1,02,1.3,66,443.94229404
5381269,1,2,1,80,66,2,,,,2,,,.,2,,2,,,,,2,1,02,,66,455.29133692
5381270,1,1,1,80,66,1,3,,2,,,9,,2,,2,,,,,2,1,02,3,66,348.41369373
5381272,1,2,1,80,66,2,,,,2,,,.,2,,2,,,,,2,1,02,,66,228.56769593
5381272,1,4,1,80,66,2,,,,2,,,.,2,,2,,,,,2,1,02,,66,228.56769593
5381272,1,5,1,80,66,2,,,,2,,,.,,,2,,,,,,1,02,,66,228.56769593
5381272,1,6,1,80,66,1,3,,2,,,8,,2,,2,,,,,2,1,02,4,66,228.56769593
5381275,1,4,1,80,66,2,,,,2,,,.,2,,2,,,,,2,1,02,,66,398.5119713
5381276,1,2,1,80,66,1,2,,2,,,2,,2,,2,,,,,2,1,02,3,66,421.18218135
5381277,1,1,1,80,66,1,7,,2,,,8,,2,,2,,,,,2,1,02,4,66,309.72101047
5381277,1,2,1,80,66,1,3,,2,,,10,,3,,2,,,,,3,1,02,4,66,309.72101047
5381277,1,3,1,80,66,1,4,,2,,,8,,2,,2,,,,,2,1,02,4,66,309.72101047
5381277,1,4,1,80,66,1,4,,2,,,4,,2,,2,,,,,2,1,02,4,66,309.72101047
5381278,1,1,1,80,66,1,5,,2,,,10,,3,,2,,,,,3,1,02,4,66,401.56412403
5381278,1,2,1,80,66,2,,,,2,,,.,2,,2,,2,,800000,2,1,02,,66,401.56412403
5381280,1,2,1,80,66,2,,,,1,3,9,,2,,2,,,,,2,1,02,,66,605.77255007
5381283,1,1,1,80,66,1,3,,2,,,9,,1,1,2,,,,,1,1,02,4,66,366.85747888
5381286,1,1,1,80,66,2,,,,2,,,.,2,,2,,,,,2,1,02,,66,319.42611472
5381286,1,2,1,80,66,2,,,,2,,,.,2,,2,,,,,2,1,02,,66,319.42611472
5381286,1,3,1,80,66,1,3,,2,,,9,,2,,2,,,,,2,1,02,4,66,319.42611472
5381289,1,1,1,80,66,1,7,,2,,,1,,2,,2,,1,48,1000000,2,1,02,1.4,66,351.75264212
5381291,1,1,1,80,66,1,1,,2,,,9,,2,,2,,,,,2,1,02,1.4,66,337.52558821
5381292,1,1,1,80,66,1,3,,2,,,8,,2,,2,,,,,2,1,02,4,66,348.50569731
5381292,1,2,1,80,66,1,4,,2,,,4,,2,,2,,,,,2,1,02,1.2,66,348.50569731
5381293,1,2,1,80,66,1,7,,2,,,1,,2,,2,,1,48,1000000,2,1,02,1.4,66,366.85747888
5381293,1,3,1,80,66,2,,,,2,,,.,2,,2,,,,,2,1,02,,66,366.85747888
5381294,1,1,1,80,66,1,9,LA EDAD,2,,,11,,2,,2,,,,,2,1,02,4,66,294.08899126
5381294,1,2,1,80,66,1,8,,2,,,4,,2,,2,,,,,2,1,02,3,66,294.08899126
5381298,1,2,1,80,66,1,3,,2,,,9,,2,,2,,,,,2,1,02,1.2,66,463.15771048
5381299,1,2,1,80,66,2,,,,2,,,.,2,,2,,,,,2,1,02,,66,436.70383085
5381299,1,5,1,80,66,2,,,,2,,,.,2,,2,,,,,2,1,02,,66,436.70383085
5381301,1,1,1,80,66,1,4,,2,,,4,,2,,2,,,,,2,1,02,4,66,351.75264212
5381303,1,1,1,80,66,1,3,,1,,1,9,,2,,2,,,,,2,1,02,1.3,66,452.86709455
5381305,1,2,1,80,66,2,,,,1,1,2,,2,,2,,,,,2,1,02,,66,547.9205529
5381305,1,3,1,80,66,2,,,,2,,,.,2,,2,,,,,2,1,02,,66,547.9205529
5381305,1,4,1,80,66,2,,,,2,,,.,,,2,,,,,,1,02,,66,547.9205529
5381306,1,3,1,80,66,2,,,,2,,,.,,,2,,,,,,1,02,,66,426.95957672
5381306,1,5,1,80,66,2,,,,2,,,.,2,,2,,,,,2,1,02,,66,426.95957672
5381307,1,1,1,80,66,1,1,,2,,,11,,2,,2,,,,,2,1,02,1.3,66,361.23800903
5381307,1,2,1,80,66,2,,,,2,,,.,2,,2,,,,,2,1,02,,66,361.23800903
5381309,1,2,1,80,66,1,3,,2,,,9,,2,,2,,,,,2,1,02,2,66,484.62322758
5381312,1,2,1,80,66,1,8,,2,,,9,,2,,2,,,,,2,1,02,1.4,66,267.26037919
5381312,1,3,1,80,66,2,,,,2,,,.,2,,2,,,,,2,1,02,,66,267.26037919
5381312,1,4,1,80,66,2,,,,2,,,.,,,2,,,,,,1,02,,66,267.26037919
5381314,1,1,1,80,66,1,3,,2,,,9,,2,,2,,,,,2,1,02,3,66,341.90674738
5381314,1,2,1,80,66,2,,,,2,,,.,2,,2,,,,,2,1,02,,66,341.90674738
5381315,1,2,1,80,66,2,,,,2,,,.,,,2,,,,,,1,02,,66,370.19642727
5381316,1,2,1,80,66,2,,,,2,,,.,,,2,,,,,,1,02,,66,292.09526547
5381318,1,2,1,80,66,2,,,,2,,,.,,,2,,,,,,1,02,,66,370.19642727
5381321,1,1,1,80,66,1,3,,2,,,9,,2,,2,,,,,2,1,02,3,66,443.65549838
5381322,1,2,1,80,66,2,,,,2,,,.,2,,2,,,,,2,1,02,,66,292.09526547
5381324,1,2,1,80,66,1,7,,1,,1,12,PANDEMIA COVID 19,2,,2,,1,48,908526,2,1,02,2,66,366.85747888
5381324,1,3,1,80,66,2,,,,2,,,.,2,,2,,,,,2,1,02,,66,366.85747888
5381325,1,5,1,80,68,2,,,,2,,,.,,,2,,,,,,1,02,,68,558.96464836
5381326,2,4,2,80,68,2,,,,2,,,.,,,2,,,,,,1,02,,68,764.72143567
5381326,2,6,2,80,68,1,6,,2,,,1,,2,,2,,,,,2,1,02,1.4,68,764.72143567
5381326,4,2,4,80,68,1,3,,2,,,9,,2,,2,,,,,2,1,02,4,68,764.72143567
5381326,4,3,4,80,68,2,,,,2,,,.,,,2,,,,,,1,02,,68,764.72143567
5381327,1,1,1,80,68,1,9,POR EDAD,2,,,8,,2,,2,,,,,2,1,02,2,68,397.54529851
5381327,2,1,2,80,68,1,6,,2,,,11,,2,,2,,,,,2,1,02,4,68,397.54529851
5381327,3,1,3,80,68,1,5,,2,,,4,,3,,2,,,,,3,1,02,4,68,397.54529851
5381329,1,1,1,80,68,1,4,,2,,,4,,2,,2,,,,,2,1,02,4,68,618.86390277
5381329,1,5,1,80,68,1,8,,2,,,8,,2,,2,,,,,2,1,02,4,68,618.86390277
5381329,1,6,1,80,68,1,4,,2,,,4,,2,,2,,,,,2,1,02,4,68,618.86390277
5381331,1,3,1,80,68,2,,,,2,,,.,2,,2,,,,,2,1,02,,68,741.75230982
5381336,1,4,1,80,68,1,5,,2,,,10,,3,,2,,,,,3,1,02,4,68,494.40235149
5381337,1,4,1,80,68,1,8,,2,,,8,,2,,2,,,,,2,1,02,3,68,734.68088222
5381338,1,1,1,80,68,1,9,POR PANDEMIA COVID 19,2,,,10,,3,,2,,,,,3,1,02,2,68,268.85384495
5381338,1,3,1,80,68,1,3,,2,,,9,,2,,2,,,,,2,1,02,4,68,268.85384495
5381339,1,2,1,80,68,1,3,,2,,,9,,2,,2,,,,,2,1,02,3,68,713.10598808
5381339,1,3,1,80,68,2,,,,2,,,.,2,,2,,,,,2,1,02,,68,713.10598808
5381342,1,2,1,80,68,1,1,,2,,,9,,2,,2,,2,,1000000,2,1,02,2,68,589.68921255
5381343,1,2,1,80,68,1,4,,2,,,4,,2,,2,,,,,2,1,02,4,68,534.55802269
5381344,1,2,1,80,68,1,4,,2,,,4,,2,,2,,,,,2,1,02,2,68,703.92671672
5381345,1,2,1,80,68,1,3,,2,,,9,,2,,2,,,,,2,1,02,4,68,538.54315679
5381345,1,4,1,80,68,2,,,,2,,,.,2,,2,,,,,2,1,02,,68,538.54315679
5381345,1,5,1,80,68,2,,,,2,,,.,,,2,,,,,,1,02,,68,538.54315679
5381346,1,3,1,80,68,1,9,POR PANDEMIA,2,,,12,POR PANDEMIA,2,,2,,,,,2,1,02,1.4,68,643.7253273
5381346,1,4,1,80,68,2,,,,2,,,.,2,,2,,,,,2,1,02,,68,643.7253273
5381347,1,1,1,80,68,1,3,,2,,,4,,2,,2,,,,,2,1,02,4,68,596.06124142
5381351,1,1,1,80,68,2,,,,2,,,.,2,,2,,,,,2,1,02,,68,417.19750032
5381352,1,2,1,80,68,1,3,,2,,,9,,2,,2,,,,,2,1,02,3,68,640.10054328
5381353,1,2,1,80,68,1,6,,2,,,1,,2,,2,,,,,2,1,02,2,68,495.73874553
5381353,1,8,1,80,68,1,9,POR EDAD,2,,,8,,2,,2,,,,,2,1,02,4,68,495.73874553
5381355,1,1,1,80,68,1,5,,2,,,10,,3,,2,,,,,3,1,02,4,68,534.55802269
5381355,1,2,1,80,68,2,,,,2,,,.,2,,2,,,,,2,1,02,,68,534.55802269
5381355,1,4,1,80,68,2,,,,2,,,.,2,,2,,,,,2,1,02,,68,534.55802269
5381356,1,8,1,80,68,1,3,,2,,,9,,2,,2,,,,,2,1,02,4,68,566.29608183
5381357,1,2,1,80,68,1,3,,2,,,9,,2,,2,,,,,2,1,02,3,68,629.06847061
5381357,1,3,1,80,68,2,,,,2,,,.,2,,2,,,,,2,1,02,,68,629.06847061
5381357,1,4,1,80,68,2,,,,2,,,.,,,2,,,,,,1,02,,68,629.06847061
5381361,1,2,1,80,68,1,9,POR TRASLADO DEL ESPOSO RENUNCIO AL TRABAJO,2,,,9,,2,,2,,,,,2,1,02,4,68,634.3238216
5381361,1,3,1,80,68,2,,,,2,,,.,2,,2,,,,,2,1,02,,68,634.3238216
5381364,1,1,1,80,68,1,4,,2,,,4,,2,,2,,,,,2,1,02,3,68,387.24934927
5381365,1,3,1,80,68,2,,,,2,,,.,2,,2,,,,,2,1,02,,68,585.76529218
5381366,1,2,1,80,68,1,8,,2,,,9,,2,,2,,,,,2,1,02,2,68,818.95716099
5381367,1,5,1,80,68,2,,,,2,,,.,,,2,,,,,,1,02,,68,547.32178836
5381368,1,1,1,80,68,1,4,,2,,,8,,2,,2,,,,,2,1,02,4,68,363.64362577
5381368,1,2,1,80,68,1,3,,2,,,9,,2,,2,,,,,2,1,02,4,68,363.64362577
5381369,1,2,1,80,68,1,8,,2,,,9,,2,,2,,,,,2,1,02,3,68,485.68371756
5381370,1,2,1,80,68,2,,,,1,3,9,,2,,2,,,,,2,1,02,,68,668.47137902
5381371,1,1,1,80,68,1,7,,2,,,9,,2,,2,,,,,2,1,02,1.4,68,323.48795457
5381371,1,4,1,80,68,1,3,,2,,,8,,2,,2,,,,,2,1,02,4,68,323.48795457
5381372,1,1,1,80,68,1,3,,2,,,9,,2,,2,,,,,2,1,02,4,68,278.64698898
5381372,2,1,2,80,68,1,5,,2,,,10,,3,,2,,,,,3,1,02,4,68,278.64698898
5381372,2,2,2,80,68,1,4,,2,,,4,,2,,2,,2,,98,2,1,02,3,68,278.64698898
5381372,3,1,3,80,68,1,3,,2,,,9,,2,,2,,,,,2,1,02,4,68,278.64698898
5381372,3,2,3,80,68,1,3,,2,,,9,,2,,2,,,,,2,1,02,4,68,278.64698898
5381372,4,1,4,80,68,1,7,,2,,,1,,2,,2,,1,24,98,2,1,02,2,68,278.64698898
5381372,4,3,4,80,68,2,,,,2,,,.,,,2,,,,,,1,02,,68,278.64698898
5381373,1,1,1,80,68,1,3,,2,,,9,,2,,2,,,,,2,1,02,4,68,458.96008815
5381373,1,3,1,80,68,2,,,,2,,,.,2,,2,,,,,2,1,02,,68,458.96008815
5381373,1,4,1,80,68,1,4,,2,,,9,,2,,2,,,,,2,1,02,3,68,458.96008815
5381374,1,2,1,80,68,1,3,,2,,,9,,2,,2,,,,,2,1,02,4,68,461.30669321
5381374,2,1,2,80,68,1,4,,2,,,4,,2,,2,,,,,2,1,02,3,68,461.30669321
5381375,1,1,1,80,68,1,3,,2,,,8,,2,,2,,,,,2,1,02,4,68,551.86145947
5381375,1,2,1,80,68,1,3,,2,,,9,,2,,2,,,,,2,1,02,4,68,551.86145947
5381375,1,3,1,80,68,2,,,,2,,,.,2,,2,,,,,2,1,02,,68,551.86145947
5381375,1,6,1,80,68,2,,,,2,,,.,2,,2,,,,,2,1,02,,68,551.86145947
5381375,1,7,1,80,68,2,,,,2,,,.,2,,2,,,,,2,1,02,,68,551.86145947
5381380,1,1,1,80,68,1,4,,2,,,10,,3,,2,,,,,3,1,02,4,68,414.04999309
5381380,1,2,1,80,68,1,7,,2,,,9,,1,1,2,,,,,1,1,02,4,68,414.04999309
5381382,1,2,1,80,68,2,,,,1,2,2,,2,,2,,,,,2,1,02,,68,477.00537334
5381383,1,3,1,80,68,1,5,,2,,,9,,2,,2,,,,,2,1,02,4,68,850.293689
5381386,1,1,1,80,68,2,,,,2,,,.,2,,2,,,,,2,1,02,,68,350.28859839
5381386,1,2,1,80,68,1,5,,2,,,10,,2,,2,,,,,2,1,02,4,68,350.28859839
5381387,1,1,1,80,68,1,4,,2,,,4,,3,,2,,,,,3,1,02,4,68,414.04999309
5381387,1,2,1,80,68,1,3,,2,,,9,,2,,2,,,,,2,1,02,4,68,414.04999309
5381388,1,1,1,80,68,1,5,,2,,,10,,3,,2,,,,,3,1,02,4,68,887.99628829
5381390,1,3,1,80,68,2,,,,2,,,.,,,2,,,,,,1,02,,68,1268.6476432
5381540,1,1,1,80,73,1,5,,2,,,10,,3,,2,,,,,3,1,02,4,73,154.95747897
5381540,1,2,1,80,73,1,4,,2,,,4,,2,,2,,,,,2,1,02,2,73,154.95747897
5381543,1,2,1,80,73,1,4,,2,,,4,,2,,2,,,,,2,1,02,4,73,254.24613457
5381544,1,1,1,80,73,1,5,,2,,,10,,3,,2,,,,,3,1,02,4,73,270.18601456
5381544,1,2,1,80,73,1,3,,2,,,9,,2,,2,,,,,2,1,02,4,73,270.18601456
5381545,1,1,1,80,73,1,5,,2,,,10,,3,,2,,,,,3,1,02,4,73,154.95747897
5381546,1,2,1,80,73,2,,,,2,,,.,2,,2,,,,,2,1,02,,73,224.30680075
5381547,1,1,1,80,73,1,5,,2,,,10,,3,,2,,,,,3,1,02,4,73,250.19435379
5381548,1,1,1,80,73,1,4,,2,,,4,,2,,2,,,,,2,1,02,3,73,215.09643267
5381548,1,2,1,80,73,1,3,,2,,,9,,2,,2,,,,,2,1,02,2,73,215.09643267
5381549,1,4,1,80,73,2,,,,2,,,.,,,2,,,,,,1,02,,73,272.92124888
5381549,1,6,1,80,73,2,,,,2,,,.,,,2,,,,,,1,02,,73,272.92124888
5381550,1,2,1,80,73,1,3,,2,,,11,,2,,2,,,,,2,1,02,4,73,270.18601456
5381551,1,1,1,80,73,1,3,,2,,,4,,2,,2,,,,,2,1,02,4,73,309.33571646
5381555,1,2,1,80,73,1,3,,2,,,9,,2,,2,,,,,2,1,02,4,73,267.21916877
5381555,1,4,1,80,73,1,3,,2,,,8,,2,,2,,,,,2,1,02,4,73,267.21916877
5381557,1,2,1,80,73,2,,,,2,,,.,,,2,,,,,,1,02,,73,222.09503669
5381559,1,2,1,80,73,1,3,,2,,,2,,2,,2,,2,,1200000,2,1,02,4,73,326.93977291
5381560,1,1,1,80,73,1,4,,2,,,4,,2,,2,,,,,2,1,02,4,73,154.95747897
5381560,1,3,1,80,73,1,3,,2,,,9,,2,,2,,,,,2,1,02,2,73,154.95747897
5381561,1,1,1,80,73,1,4,,2,,,8,,2,,2,,,,,2,1,02,4,73,250.19435379
5381563,1,1,1,80,73,1,5,,2,,,8,,2,,2,,,,,2,1,02,4,73,389.04798137
5381564,1,1,1,80,73,1,4,,2,,,8,,2,,2,,,,,2,1,02,4,73,329.9066187
5381570,1,2,1,80,73,1,3,,2,,,9,,2,,2,,,,,2,1,02,1.4,73,341.71571859
5381571,1,2,1,80,73,1,3,,2,,,9,,2,,2,,,,,2,1,02,4,73,328.59007225
5381571,1,3,1,80,73,2,,,,2,,,.,2,,2,,,,,2,1,02,,73,328.59007225
5381571,1,4,1,80,73,2,,,,2,,,.,,,2,,,,,,1,02,,73,328.59007225
5381572,1,1,1,80,73,1,3,,2,,,9,,2,,2,,,,,2,1,02,4,73,301.98677522
5381572,1,5,1,80,73,1,4,,2,,,8,,2,,2,,,,,2,1,02,4,73,301.98677522
5381573,1,1,1,80,73,1,7,,2,,,4,,2,,2,,,,,2,1,02,1.4,73,360.48370935
5381573,1,2,1,80,73,1,3,,2,,,9,,2,,2,,,,,2,1,02,3,73,360.48370935
5381574,1,1,1,80,73,1,4,,2,,,10,,3,,2,,,,,3,1,02,4,73,329.9066187
5381576,1,1,1,80,73,1,7,,1,,4,8,,2,,2,,,,,2,1,02,4,73,270.18601456
5381577,1,2,1,80,73,2,,,,2,,,.,2,,2,,,,,2,1,02,,73,309.33571646
5381578,1,1,1,80,73,1,1,,2,,,8,,2,,2,,,,,2,1,02,4,73,270.18601456
5381578,1,2,1,80,73,2,,,,2,,,.,2,,2,,,,,2,1,02,,73,270.18601456
5381580,1,2,1,80,76,1,8,,2,,,9,,2,,2,,,,,2,1,02,1.1,76,828.82196443
5381581,1,2,1,80,76,1,9,POR CUARENTENA DE COVID 19,2,,,9,,1,1,2,,,,,1,1,02,1.4,76,1084.4284217
5381581,1,3,1,80,76,2,,,,2,,,.,2,,2,,,,,2,1,02,,76,1084.4284217
5381581,1,4,1,80,76,2,,,,2,,,.,2,,2,,,,,2,1,02,,76,1084.4284217
5381588,1,3,1,80,76,2,,,,2,,,.,2,,2,,,,,2,1,02,,76,1160.5530306
5381590,1,1,1,80,76,1,1,,1,,1,9,,2,,2,,,,99,2,1,02,2,76,737.71498168
5381591,1,1,1,80,76,1,8,,2,,,9,,1,2,2,,1,36,1000000,1,1,02,3,76,806.48491766
5381592,1,4,1,80,76,2,,,,2,,,.,,,2,,,,,,1,02,,76,1650.3041966
5381593,1,1,1,80,76,1,5,,2,,,8,,2,,2,,,,,2,1,02,4,76,849.57967451
5381594,1,2,1,80,76,2,,,,2,,,.,2,,2,,2,,908526,2,1,02,,76,1558.5537079
5381595,1,2,1,80,76,1,4,,2,,,4,,2,,2,,2,,908526,2,1,02,3,76,1048.6883378
5381597,1,3,1,80,76,2,,,,2,,,.,2,,2,,,,,2,1,02,,76,773.45506566
5381597,1,4,1,80,76,1,7,,2,,,8,,2,,2,,,,,2,1,02,4,76,773.45506566
5381598,1,1,1,80,76,1,4,,2,,,4,,2,,2,,,,,2,1,02,3,76,1138.2159838
5381598,1,2,1,80,76,2,,,,2,,,.,2,,2,,,,,2,1,02,,76,1138.2159838
5381599,1,1,1,80,76,1,1,,1,,4,5,,3,,2,,1,48,908526,3,1,02,4,76,912.55026063
5381602,1,1,1,80,76,1,4,,2,,,4,,2,,2,,,,,2,1,02,2,76,1285.055889
5381602,1,3,1,80,76,2,,,,2,,,.,,,2,,,,,,1,02,,76,1285.055889
5381602,1,6,1,80,76,2,,,,2,,,.,,,2,,,,,,1,02,,76,1285.055889
5381603,1,1,1,80,76,2,,,,2,,,.,2,,2,,,,,2,1,02,,76,773.45506566
5381603,1,3,1,80,76,2,,,,2,,,.,2,,2,,,,,2,1,02,,76,773.45506566
5381606,1,4,1,80,76,1,3,,2,,,9,,2,,2,,,,,2,1,02,4,76,1292.23302
5381608,1,3,1,80,76,1,7,,2,,,8,,2,,2,,,,,2,1,02,1.4,76,950.46505704
5381609,1,1,1,80,76,1,3,,2,,,8,,2,,2,,,,,2,1,02,4,76,979.74085993
5381610,1,1,1,80,76,1,2,,2,,,2,,3,,2,,1,48,3000000,3,1,02,3,76,1138.2159838
5381610,1,2,1,80,76,1,1,,1,,1,2,,2,,2,,,,,2,1,02,1.2,76,1138.2159838
5381612,1,3,1,80,76,1,8,,2,,,2,,2,,2,,,,,2,1,02,1.2,76,1370.1859801
5381612,1,5,1,80,76,1,5,,2,,,11,,3,,2,,,,,3,1,02,1.4,76,1370.1859801
5381615,1,1,1,80,76,1,5,,2,,,9,,3,,2,,,,,3,1,02,4,76,890.21321386
5381615,1,2,1,80,76,1,5,,2,,,8,,3,,2,,1,40,1816000,3,1,02,3,76,890.21321386
5381616,1,3,1,80,76,1,1,,2,,,4,,2,,2,,2,,908526,2,1,02,1.4,76,777.20911477
5381617,1,3,1,80,76,1,5,,2,,,8,,3,,2,,,,,3,1,02,4,76,1048.6883378
5381619,1,2,1,80,76,2,,,,2,,,.,,,2,,,,,,1,02,,76,1325.5118865
5381620,1,1,1,80,76,1,2,,2,,,2,,2,,2,,,,,2,1,02,1.1,76,1158.9736939
5381623,1,3,1,80,76,2,,,,2,,,.,,,2,,,,,,1,02,,76,793.33089493
5381625,1,1,1,80,76,1,3,,2,,,9,,2,,2,,,,,2,1,02,2,76,981.32019662
5381628,1,1,1,80,76,1,4,,2,,,4,,3,,2,,,,,3,1,02,4,76,890.21321386
5381628,1,2,1,80,76,1,7,,2,,,11,,3,,2,,,,,3,1,02,4,76,890.21321386
5381629,1,2,1,80,76,1,7,,2,,,1,,2,,2,,,,,2,1,02,2,76,1071.0253845
5381631,1,1,1,80,76,1,5,,2,,,10,,3,,2,,,,,3,1,02,3,76,1002.0779067
5381634,1,1,1,80,76,1,4,,2,,,4,,2,,2,,,,,2,1,02,4,76,1026.8386804
5381634,1,3,1,80,76,2,,,,2,,,.,,,2,,,,,,1,02,,76,1026.8386804
5381636,2,1,2,80,76,1,3,,2,,,9,,2,,2,,,,,2,1,02,4,76,749.35922322
5381636,3,2,3,80,76,1,4,,2,,,4,,2,,2,,,,,2,1,02,1.2,76,749.35922322
5381636,5,1,5,80,76,2,,,,1,1,5,,2,,2,,,,,2,1,02,,76,749.35922322
5381637,1,3,1,80,76,1,2,,2,,,2,,2,,2,,,,,2,1,02,2,76,1069.4460478
5381639,1,1,1,80,76,1,9,PANDEMIA COVID,2,,,8,,2,,2,,,,,2,1,02,2,76,890.21321386
5381639,1,2,1,80,76,1,3,,2,,,9,,2,,2,,,,,2,1,02,4,76,890.21321386
5381642,1,2,1,80,76,1,3,,2,,,9,,2,,2,,,,,2,1,02,4,76,2222.9627641
5381643,1,1,1,80,76,1,5,,2,,,8,,3,,2,,,,,3,1,02,4,76,890.21321386
5381644,1,2,1,80,76,1,9,TRASLADO DE CIUDAD,2,,,9,,2,,2,,,,,2,1,02,2,76,1446.3105889
5381644,1,3,1,80,76,1,1,,2,,,12,POR MIEDO COVID,2,,2,,1,48,800000,2,1,02,1.4,76,1446.3105889
5381645,1,1,1,80,76,1,3,,2,,,11,,2,,2,,,,,2,1,02,4,76,1002.0779067
5381645,1,2,1,80,76,1,5,,2,,,10,,3,,2,,2,,1000000,3,1,02,4,76,1002.0779067
5381647,1,2,1,80,76,1,7,,1,,2,4,,2,,2,,1,48,908526,2,1,02,2,76,1160.5530306
5381649,1,1,1,80,76,1,6,,2,,,9,,2,,2,,,,,2,1,02,2,76,2023.5226749
5381649,1,2,1,80,76,2,,,,2,,,.,2,,2,,,,,2,1,02,,76,2023.5226749
5381651,1,1,1,80,76,1,3,,2,,,9,,2,,2,,,,,2,1,02,4,76,854.22624402
5381651,1,2,1,80,76,2,,,,2,,,.,,,2,,,,,,1,02,,76,854.22624402
5381651,2,3,2,80,76,2,,,,2,,,.,,,2,,,,,,1,02,,76,854.22624402
5381652,2,2,2,80,76,1,4,,2,,,4,,2,,2,,1,40,908526,2,1,02,2,76,1540.3527992
5381652,3,1,3,80,76,1,3,,2,,,9,,2,,2,,,,,2,1,02,4,76,1540.3527992
5381652,3,2,3,80,76,1,4,,2,,,4,,3,,2,,,,,3,1,02,4,76,1540.3527992
5381653,1,2,1,80,76,2,,,,2,,,.,2,,2,,,,,2,1,02,,76,903.61625108
5381654,1,1,1,80,76,1,5,,2,,,8,,2,,2,,,,,2,1,02,4,76,758.47269176
5381654,1,2,1,80,76,1,4,,2,,,8,,2,,2,,,,,2,1,02,4,76,758.47269176
5381655,1,1,1,80,76,2,,,,2,,,.,2,,2,,,,,2,1,02,,76,727.02217645
5381655,1,2,1,80,76,1,5,,2,,,10,,3,,2,,,,,3,1,02,4,76,727.02217645
5381655,1,3,1,80,76,1,9,VIAJE,2,,,1,,2,,2,,1,48,908526,2,1,02,1.4,76,727.02217645
5381661,1,2,1,80,76,2,,,,2,,,.,2,,2,,,,,2,1,02,,76,1003.6572434
5381661,1,3,1,80,76,2,,,,2,,,.,2,,2,,,,,2,1,02,,76,1003.6572434
5381664,1,2,1,80,76,1,3,,2,,,8,,2,,2,,,,,2,1,02,2,76,760.05202845
5381665,1,3,1,80,76,2,,,,2,,,.,2,,2,,,,,2,1,02,,76,1969.7351128
5381665,1,4,1,80,76,2,,,,2,,,.,,,2,,,,,,1,02,,76,1969.7351128
5381669,1,2,1,80,76,1,3,,2,,,9,,2,,2,,1,48,908526,2,1,02,4,76,905.19558777
5381671,1,1,1,80,76,1,1,,2,,,4,,2,,2,,1,40,800000,2,1,02,1.4,76,1008.0547984
5381671,1,2,1,80,76,2,,,,2,,,.,,,2,,,,,,1,02,,76,1008.0547984
5381672,1,1,1,80,76,1,4,,2,,,4,,3,,2,,,,,3,1,02,2,76,737.71498168
5381672,1,2,1,80,76,2,,,,2,,,.,2,,2,,,,,2,1,02,,76,737.71498168
5381672,1,3,1,80,76,2,,,,2,,,.,2,,2,,,,,2,1,02,,76,737.71498168
5381673,1,1,1,80,76,1,9,SE CANSO,2,,,9,,3,,2,,,,,3,1,02,4,76,1836.415254
5381674,1,3,1,80,76,2,,,,2,,,.,,,2,,,,,,1,02,,76,2222.9627641
5381674,1,4,1,80,76,1,3,,1,,3,9,,2,,2,,1,48,908526,2,1,02,1.4,76,2222.9627641
5381676,1,2,1,80,76,1,6,,2,,,4,,2,,2,,,,,2,1,02,1.4,76,981.32019662
5381677,1,2,1,80,76,1,8,,2,,,9,,2,,2,,1,48,1000000,2,1,02,1.2,76,1283.7754599
5381677,1,3,1,80,76,2,,,,2,,,.,2,,2,,,,,2,1,02,,76,1283.7754599
5381678,1,3,1,80,76,2,,,,2,,,.,2,,2,,,,,2,1,02,,76,875.91978487
5381680,1,2,1,80,76,1,3,,2,,,9,,2,,2,,,,,2,1,02,4,76,1008.0547984
5381680,1,3,1,80,76,2,,,,2,,,.,2,,2,,1,40,98,2,1,02,,76,1008.0547984
5381680,1,4,1,80,76,2,,,,2,,,.,2,,2,,,,,2,1,02,,76,1008.0547984
5381681,1,2,1,80,76,2,,,,2,,,.,,,2,,,,,,1,02,,76,1364.5466382
5381681,1,3,1,80,76,2,,,,2,,,.,,,2,,,,,,1,02,,76,1364.5466382
5381682,1,1,1,80,76,1,3,,2,,,9,,2,,2,,,,,2,1,02,4,76,647.94044976
5381682,2,3,2,80,76,2,,,,2,,,.,2,,2,,,,,2,1,02,,76,647.94044976
5381682,2,4,2,80,76,2,,,,2,,,.,2,,2,,,,,2,1,02,,76,647.94044976
5381682,2,5,2,80,76,2,,,,2,,,.,,,2,,,,,,1,02,,76,647.94044976
5381685,1,1,1,80,76,1,1,,2,,,8,,3,,2,,,,,3,1,02,1.4,76,979.74085993
5381686,1,2,1,80,76,1,3,,2,,,9,,2,,2,,,,,2,1,02,4,76,890.21321386
5381688,1,2,1,80,76,1,6,,2,,,12,MIEDO AL CONTAGIO POR PANDEMIA,2,,2,,1,48,908526,2,1,02,1.2,76,829.07097892
5381688,1,3,1,80,76,2,,,,2,,,.,2,,2,,,,,2,1,02,,76,829.07097892
5381688,1,4,1,80,76,2,,,,2,,,.,2,,2,,,,,2,1,02,,76,829.07097892
5381690,1,3,1,80,76,1,2,,2,,,2,,2,,2,,,,,2,1,02,2,76,1829.5370306
5381690,1,4,1,80,76,2,,,,2,,,.,2,,2,,,,,2,1,02,,76,1829.5370306
5381690,1,5,1,80,76,2,,,,2,,,.,,,2,,,,,,1,02,,76,1829.5370306
5381691,1,1,1,80,76,1,3,,2,,,9,,1,,2,,,,,2,1,02,4,76,1129.697891
5381691,1,3,1,80,76,2,,,,2,,,.,2,,2,,,,,2,1,02,,76,1129.697891
5381693,1,1,1,80,76,1,3,,2,,,8,,2,,2,,,,,2,1,02,4,76,1144.3813574
5381693,1,3,1,80,76,2,,,,2,,,.,2,,2,,,,,2,1,02,,76,1144.3813574
5381693,1,5,1,80,76,2,,,,2,,,.,,,2,,,,,,1,02,,76,1144.3813574
5381694,1,3,1,80,76,1,4,,2,,,4,,2,,2,,,,,2,1,02,3,76,912.55026063
5381703,1,1,1,80,76,1,5,,2,,,9,,3,,2,,,,,3,1,02,4,76,1021.953736
5381709,1,1,1,80,76,2,,,,2,,,.,2,,2,,2,,98,2,1,02,,76,1726.4288054
5381709,1,3,1,80,76,2,,,,2,,,.,2,,2,,,,,2,1,02,,76,1726.4288054
5382328,1,1,1,80,05,1,1,,2,,,8,,3,,2,,1,48,908000,3,1,02,2,05,1056.6532338
5382328,1,2,1,80,05,1,9,ENFERMEDAD,2,,,9,,2,,2,,,,,2,1,02,4,05,1056.6532338
5382329,1,2,1,80,05,1,8,,2,,,7,,2,,2,,1,48,908000,2,1,02,2,05,946.0350754
5382329,1,6,1,80,05,2,,,,2,,,.,,,2,,,,,,1,02,,05,946.0350754
5382330,1,1,1,80,05,1,5,,2,,,10,,3,,2,,,,,3,1,02,4,05,1056.6532338
5382330,1,2,1,80,05,1,1,,2,,,9,,2,,2,,2,,908000,2,1,02,1.4,05,1056.6532338
5382331,1,1,1,80,05,1,1,,2,,,9,,2,,2,,2,,908000,2,1,02,3,05,1238.1629074
5382331,1,5,1,80,05,1,4,,2,,,4,,2,,2,,,,,2,1,02,4,05,1238.1629074
5382331,1,6,1,80,05,2,,,,2,,,.,2,,2,,,,,2,1,02,,05,1238.1629074
5382332,1,1,1,80,05,1,4,,2,,,8,,2,,2,,2,,1000000,2,1,02,2,05,1070.0640478
5382333,1,3,1,80,05,2,,,,2,,,.,2,,2,,,,,2,1,02,,05,1090.9108495
5382334,1,1,1,80,05,1,5,,2,,,10,,3,,2,,,,,3,1,02,3,05,1070.0640478
5382334,1,2,1,80,05,1,5,,2,,,10,,3,,2,,,,,3,1,02,4,05,1070.0640478
5382336,1,2,1,80,05,1,4,,2,,,4,,2,,2,,1,36,908500,2,1,02,1.4,05,1056.6532338
5382339,1,3,1,80,05,2,,,,2,,,.,,,2,,,,,,1,02,,05,1044.2052561
5382345,1,1,1,80,05,1,4,,2,,,4,,3,,2,,,,,3,1,02,3,05,1150.325714
5382345,1,3,1,80,05,1,3,,2,,,9,,2,,2,,,,,2,1,02,3,05,1150.325714
5382345,1,4,1,80,05,1,6,,2,,,11,,2,,2,,,,,2,1,02,2,05,1150.325714
5382348,1,1,1,80,05,1,3,,2,,,4,,2,,2,,,,,2,1,02,4,05,1069.9291557
5382351,1,2,1,80,05,1,7,,2,,,9,,2,,2,,1,48,908526,2,1,02,4,05,1255.0475105
5382352,1,1,1,80,05,1,3,,1,,3,9,,2,,2,,1,48,908526,2,1,02,4,05,1255.4940552
5382353,1,2,1,80,05,1,4,,2,,,4,,2,,2,,,,,2,1,02,4,05,1056.6532338
5382354,1,3,1,80,05,2,,,,2,,,.,2,,2,,,,,2,1,02,,05,1092.0650058
5382355,1,3,1,80,05,2,,,,2,,,.,2,,2,,,,,2,1,02,,05,1045.3594124
5382359,1,1,1,80,05,1,7,,2,,,5,,2,,2,,1,48,908000,2,1,02,4,05,1083.3399696
5382360,1,4,1,80,05,1,3,,2,,,11,,2,,2,,,,,2,1,02,4,05,1329.9204346
5382361,1,3,1,80,05,2,,,,2,,,.,2,,2,,,,,2,1,02,,05,952.89427361
5382361,1,4,1,80,05,2,,,,2,,,.,2,,2,,,,,2,1,02,,05,952.89427361
5382363,1,1,1,80,05,1,5,,2,,,10,,3,,2,,,,,3,1,02,4,05,1056.6532338
5382363,1,2,1,80,05,2,,,,2,,,.,2,,2,,,,,2,1,02,,05,1056.6532338
5382364,1,3,1,80,05,2,,,,2,,,.,,,2,,,,,,1,02,,05,1090.9108495
5382365,1,1,1,80,05,1,5,,2,,,11,,3,,2,,,,,3,1,02,4,05,951.35407075
5382365,1,2,1,80,05,1,3,,2,,,9,,2,,2,,,,,2,1,02,4,05,951.35407075
5382372,1,5,1,80,05,2,,,,2,,,.,2,,2,,,,,2,1,02,,05,1046.6484608
5382373,1,2,1,80,05,2,,,,2,,,.,2,,2,,,,,2,1,02,,05,1077.5000356
5382375,1,2,1,80,05,1,9,SE MURIO EL PATRON,2,,,11,,2,,2,,,,,2,1,02,4,05,971.75897497
5382380,1,3,1,80,05,1,7,,2,,,1,,2,,2,,,,,2,1,02,1.4,05,1301.5193146
5382381,1,3,1,80,05,2,,,,2,,,.,2,,2,,1,48,1200000,2,1,02,,05,1105.4758198
5382381,1,4,1,80,05,2,,,,2,,,.,2,,2,,,,,2,1,02,,05,1105.4758198
5382382,1,1,1,80,05,1,5,,2,,,10,,3,,2,,,,,3,1,02,4,05,1069.9291557
5382384,1,3,1,80,05,2,,,,2,,,.,,,2,,,,,,1,02,,05,1237.9184022
5382385,1,5,1,80,05,2,,,,2,,,.,2,,2,,,,,2,1,02,,05,1500.3601359
5382387,1,1,1,80,05,1,9,PANDEMIA,2,,,8,,3,,2,,,,,3,1,02,1.4,05,1070.0640478
5382387,1,2,1,80,05,1,9,PANDEMIA,2,,,8,,2,,2,,,,,2,1,02,1.4,05,1070.0640478
5382388,1,2,1,80,05,1,1,,2,,,4,,2,,2,,,,,2,1,02,4,05,1056.6532338
5382389,1,4,1,80,05,2,,,,2,,,.,,,2,,,,,,1,02,,05,1057.61607
5382390,1,1,1,80,05,1,5,,2,,,10,,3,,2,,,,,3,1,02,4,05,938.79040767
5382390,1,2,1,80,05,2,,,,2,,,.,2,,2,,,,,2,1,02,,05,938.79040767
5382390,1,3,1,80,05,1,5,,2,,,10,,3,,2,,,,,3,1,02,3,05,938.79040767
5382391,1,2,1,80,05,2,,,,2,,,.,2,,2,,,,,2,1,02,,05,971.62408288
5382393,1,1,1,80,05,2,,,,2,,,.,2,,2,,,,,2,1,02,,05,1070.0640478
5382393,1,2,1,80,05,1,5,,2,,,10,,3,,2,,,,,3,1,02,4,05,1070.0640478
5382393,1,3,1,80,05,1,4,,2,,,4,,3,,2,,,,,3,1,02,4,05,1070.0640478
5382394,1,1,1,80,05,1,3,,2,,,8,,2,,2,,,,,2,1,02,4,05,1069.9291557
5382395,1,1,1,80,05,1,5,,2,,,10,,3,,2,,,,,3,1,02,4,05,1314.9301285
5382395,1,2,1,80,05,2,,,,2,,,.,2,,2,,,,,2,1,02,,05,1314.9301285
5382395,1,4,1,80,05,1,4,,2,,,9,,2,,2,,1,48,908000,2,1,02,2,05,1314.9301285
5382396,1,2,1,80,05,1,4,,2,,,4,,2,,2,,,,,2,1,02,2,05,1049.6591435
5382398,1,3,1,80,05,2,,,,2,,,.,2,,2,,,,,2,1,02,,05,1321.2119601
5382399,1,3,1,80,05,2,,,,2,,,.,2,,2,,,,,2,1,02,,05,1044.2052561
5382400,1,1,1,80,05,2,,,,2,,,.,2,,2,,,,,2,1,02,,05,941.97984945
5382400,2,1,2,80,05,1,8,,2,,,4,,2,,2,,,,,2,1,02,4,05,941.97984945
5382401,1,1,1,80,05,1,6,,2,,,11,,2,,2,,,,,2,1,02,2,05,1162.5291866
5382401,1,2,1,80,05,1,1,,2,,,1,,1,,2,,,,,2,1,02,2,05,1162.5291866
5382402,1,3,1,80,05,2,,,,2,,,.,2,,2,,,,,2,1,02,,05,939.48345968
5382404,1,1,1,80,05,1,3,,2,,,11,,2,,2,,,,,2,1,02,4,05,967.45924383
5382404,1,4,1,80,05,2,,,,2,,,.,2,,2,,2,,908000,2,1,02,,05,967.45924383
5382404,1,5,1,80,05,2,,,,2,,,.,2,,2,,,,,2,1,02,,05,967.45924383
5382405,1,1,1,80,05,1,5,,2,,,11,,3,,2,,,,,3,1,02,4,05,985.03489681
5382409,1,2,1,80,05,1,4,,2,,,8,,2,,2,,,,,2,1,02,3,05,958.34816104
5382410,1,1,1,80,05,1,5,,2,,,10,,3,,2,,,,,3,1,02,4,05,945.07223921
5382410,1,2,1,80,05,2,,,,2,,,.,2,,2,,,,,2,1,02,,05,945.07223921
5382411,1,2,1,80,05,1,7,,2,,,9,,2,,2,,,,,2,1,02,2,05,1353.3525833
5382413,1,1,1,80,05,2,,,,2,,,.,2,,2,,,,,2,1,02,,05,1083.3399696
5382414,1,1,1,80,05,1,4,,2,,,4,,2,,2,,,,,2,1,02,4,05,992.02898711
5382414,1,2,1,80,05,1,3,,2,,,4,,2,,2,,,,,2,1,02,4,05,992.02898711
5382418,1,1,1,80,05,1,5,,2,,,10,,3,,2,,,,,3,1,02,4,05,1161.3750303
5382419,1,1,1,80,05,1,5,,2,,,10,,3,,2,,,,,3,1,02,4,05,1056.6532338
5382419,1,2,1,80,05,1,5,,2,,,10,,3,,2,,,,,3,1,02,4,05,1056.6532338
5382420,1,1,1,80,05,1,5,,2,,,10,,3,,2,,,,,3,1,02,4,05,1078.789084
5382420,1,3,1,80,05,2,,,,2,,,.,2,,2,,,,,2,1,02,,05,1078.789084
5382420,1,4,1,80,05,2,,,,2,,,.,2,,2,,,,,2,1,02,,05,1078.789084
5382422,1,2,1,80,05,2,,,,2,,,.,,,2,,,,,,1,02,,05,1086.4910123
5382423,1,3,1,80,05,1,8,,2,,,2,,2,,2,,1,24,500000,2,1,02,1.2,05,1321.2119601
5382424,1,2,1,80,05,2,,,,2,,,.,,,2,,,,,,1,02,,05,1030.7944422
5382428,1,1,1,80,05,1,4,,2,,,10,,3,,2,,,,,3,1,02,2,05,1147.9642164
5382430,1,1,1,80,05,1,5,,2,,,10,,3,,2,,,,,3,1,02,4,05,986.32394519
5382430,1,2,1,80,05,1,1,,2,,,10,,3,,2,,,,,3,1,02,1.4,05,986.32394519
5382430,1,5,1,80,05,2,,,,2,,,.,2,,2,,,,,2,1,02,,05,986.32394519
5382431,1,2,1,80,05,1,4,,2,,,4,,2,,2,,,,,2,1,02,1.2,05,1070.0640478
5382432,1,2,1,80,05,1,3,,2,,,9,,2,,2,,2,,908526,2,1,02,3,05,1321.2119601
5382432,1,3,1,80,05,2,,,,2,,,.,,,2,,,,,,1,02,,05,1321.2119601
5382433,1,1,1,80,05,1,8,,2,,,9,,2,,2,,,,,2,1,02,4,05,1056.6532338
5382436,1,3,1,80,05,2,,,,2,,,.,2,,2,,1,48,908000,2,1,02,,05,998.65381898
5382437,1,2,1,80,05,2,,,,2,,,.,,,2,,,,,,1,02,,05,1030.7944422
5382438,1,3,1,80,05,2,,,,2,,,.,,,2,,,,,,1,02,,05,1500.3601359
5382440,1,1,1,80,05,1,8,,2,,,9,,2,,2,,,,,2,1,02,4,05,1083.3399696
5382441,1,1,1,80,05,1,5,,2,,,10,,3,,2,,,,,3,1,02,4,05,1056.6532338
5382442,1,3,1,80,05,2,,,,2,,,.,,,2,,,,,,1,02,,05,1006.0165907
5382444,1,3,1,80,05,1,3,,2,,,9,,2,,2,,,,,2,1,02,4,05,992.02898711
5382446,1,3,1,80,05,2,,,,2,,,.,,,2,,,,,,1,02,,05,999.59986703
5382446,1,4,1,80,05,1,4,,2,,,8,,2,,2,,,,,2,1,02,4,05,999.59986703
5382447,1,1,1,80,05,2,,,,2,,,.,2,,2,,,,,2,1,02,,05,795.99620816
5382447,1,2,1,80,05,1,5,,2,,,10,,3,,2,,,,,3,1,02,3,05,795.99620816
5382447,1,3,1,80,05,1,3,,2,,,9,,2,,2,,,,,2,1,02,4,05,795.99620816
5382447,1,4,1,80,05,2,,,,2,,,.,2,,2,,,,,2,1,02,,05,795.99620816
5382449,1,1,1,80,05,1,5,,2,,,10,,3,,2,,,,,3,1,02,4,05,1434.3305784
5382449,1,5,1,80,05,1,1,,2,,,9,,2,,2,,,,,2,1,02,1.3,05,1434.3305784
5382449,1,7,1,80,05,2,,,,2,,,.,2,,2,,,,,2,1,02,,05,1434.3305784
5382451,1,2,1,80,05,1,8,,1,,4,9,,2,,2,,1,24,908500,2,1,02,4,05,1063.0699575
5382451,1,3,1,80,05,2,,,,1,1,2,,2,,2,,,,1200000,2,1,02,,05,1063.0699575
5382453,1,3,1,80,05,1,8,,1,,2,2,,2,,1,400000,2,,908500,2,1,02,2,05,1051.1993464
5382455,1,2,1,80,05,1,8,,1,,3,9,,2,,2,,1,48,1200000,2,1,02,4,05,1262.0416008
5382456,1,1,1,80,05,1,3,,2,,,9,,2,,2,,,,,2,1,02,4,05,959.8883639
5382456,1,3,1,80,05,1,2,,2,,,2,,2,,2,,,,,2,1,02,3,05,959.8883639
5382456,1,4,1,80,05,1,3,,2,,,9,,2,,2,,,,,2,1,02,4,05,959.8883639
5382457,1,1,1,80,05,1,3,,2,,,8,,3,,2,,,,,3,1,02,3,05,1157.3198043
5382458,1,4,1,80,05,1,9,CAMBIO DE DOMICILIO,2,,,12,PORQUE EMPEZO LA PANDEMIA,2,,2,,1,48,908526,2,1,02,2,05,1558.6200168
5382458,1,6,1,80,05,2,,,,2,,,.,2,,2,,,,,2,1,02,,05,1558.6200168
5382458,1,7,1,80,05,2,,,,2,,,.,,,2,,,,,,1,02,,05,1558.6200168
5382459,1,1,1,80,05,1,3,,1,,1,12,POR LA PANDEMIA,2,,2,,1,48,908000,2,1,02,2,05,942.56128626
5382459,1,2,1,80,05,1,3,,2,,,9,,2,,2,,,,,2,1,02,4,05,942.56128626
5382459,1,5,1,80,05,2,,,,2,,,.,,,2,,,,,,1,02,,05,942.56128626
5382459,1,9,1,80,05,1,3,,2,,,8,,2,,2,,,,,2,1,02,4,05,942.56128626
5382460,1,1,1,80,05,1,9,POR DESPLAZAMIENTO,2,,,12,LOS HIJOS NO LO DEJAN TRABAJAR,2,,2,,1,48,908526,2,1,02,4,05,1245.0473846
5382460,1,2,1,80,05,1,3,,2,,,9,,2,,2,,,,,2,1,02,4,05,1245.0473846
5382460,1,6,1,80,05,2,,,,2,,,.,,,2,,,,,,1,02,,05,1245.0473846
5382461,1,1,1,80,05,1,6,,2,,,12,LOS HIJOS NO LA DEJAN TRABAJAR,2,,2,,,,,2,1,02,4,05,1321.2119601
5382461,1,2,1,80,05,1,8,,1,,1,5,,2,,2,,,,,2,1,02,1.2,05,1321.2119601
5382464,1,1,1,80,05,1,4,,2,,,10,,3,,2,,,,,3,1,02,3,05,1056.6532338
5382464,1,2,1,80,05,1,6,,2,,,11,,1,,2,,,,,2,1,02,4,05,1056.6532338
5382465,1,1,1,80,05,1,5,,2,,,10,,3,,2,,,,,3,1,02,2,05,1032.0834906
5382466,1,1,1,80,05,1,7,,2,,,1,,2,,2,,,,,2,1,02,1.4,05,1017.5185203
5382466,1,3,1,80,05,2,,,,2,,,.,,,2,,,,,,1,02,,05,1017.5185203
5382467,1,2,1,80,05,2,,,,2,,,.,2,,2,,,,,2,1,02,,05,1726.2139052
5382469,1,4,1,80,05,2,,,,2,,,.,2,,2,,,,,2,1,02,,05,1012.0646329
5382472,1,3,1,80,05,1,2,,2,,,2,,2,,2,,,,,2,1,02,3,05,1064.2241138
5382473,1,2,1,80,05,1,3,,2,,,9,,2,,2,,,,,2,1,02,3,05,1026.6296031
5382473,1,4,1,80,05,2,,,,2,,,.,2,,2,,,,,2,1,02,,05,1026.6296031
5382473,1,5,1,80,05,2,,,,2,,,.,,,2,,,,,,1,02,,05,1026.6296031
5382474,1,3,1,80,05,2,,,,2,,,.,2,,2,,,,,2,1,02,,05,1058.7702263
5382474,1,4,1,80,05,2,,,,2,,,.,,,2,,,,,,1,02,,05,1058.7702263
5382477,1,2,1,80,05,1,3,,2,,,9,,2,,2,,,,,2,1,02,2,05,1389.0907939
5382480,1,1,1,80,05,1,8,,2,,,4,,1,,2,,,,,2,1,02,4,05,954.18332199
5382480,1,2,1,80,05,1,8,,2,,,11,,1,4,2,,,,,1,1,02,4,05,954.18332199
5382480,1,5,1,80,05,2,,,,2,,,.,2,,2,,,,,2,1,02,,05,954.18332199
5382481,1,1,1,80,05,2,,,,2,,,.,2,,2,,,,,2,1,02,,05,1069.9291557
5382483,1,3,1,80,05,2,,,,2,,,.,,,2,,,,,,1,02,,05,1223.353432
5382485,1,1,1,80,05,1,4,,2,,,4,,2,,2,,,,,2,1,02,2,05,1322.3661164
5382486,1,2,1,80,05,1,1,,1,,1,4,,2,,2,,1,48,908000,2,1,02,2,05,1268.9048691
5382490,1,2,1,80,05,1,9,POR DROGAS,2,,,11,,2,,2,,,,,2,1,02,3,05,1092.0650058
5382493,1,2,1,80,05,1,3,,2,,,9,,2,,2,,2,,908000,2,1,02,2,05,1255.4940552
5382496,1,3,1,80,05,2,,,,1,1,2,,2,,2,,2,,908526,2,1,02,,05,1097.9049398
5382498,1,2,1,80,05,2,,,,2,,,.,,,2,,,,,,1,02,,05,1256.6482115
5382499,1,2,1,80,05,2,,,,2,,,.,2,,2,,,,,2,1,02,,05,1030.7944422
5382501,1,1,1,80,05,1,1,,2,,,11,,2,,2,,,,,2,1,02,4,05,1069.9291557
5382505,1,3,1,80,05,2,,,,2,,,.,2,,2,,,,,2,1,02,,05,1090.9108495
5382510,1,2,1,80,05,1,3,,2,,,9,,2,,2,,,,,2,1,02,4,05,1255.4940552
5382511,1,1,1,80,05,1,4,,1,,4,8,,2,,2,,1,24,908500,2,1,02,4,05,971.62408288
5382512,1,2,1,80,05,1,3,,2,,,9,,2,,2,,,,,2,1,02,2,05,1532.5007591
5382515,1,2,1,80,05,2,,,,2,,,.,2,,2,,,,,2,1,02,,05,1032.0834906
5382524,1,3,1,80,08,2,,,,2,,,.,2,,2,,,,,2,1,02,,08,584.33117677
5382524,1,4,1,80,08,2,,,,2,,,.,,,2,,,,,,1,02,,08,584.33117677
5382528,1,2,1,80,08,1,3,,2,,,9,,2,,2,,,,,2,1,02,4,08,771.46637813
5382529,1,5,1,80,08,2,,,,2,,,.,2,,2,,,,,2,1,02,,08,563.14785581
5382530,1,2,1,80,08,2,,,,2,,,.,2,,2,,,,,2,1,02,,08,578.59346302
5382531,1,2,1,80,08,1,3,,2,,,1,,2,,2,,,,,2,1,02,4,08,666.0789739
5382531,1,5,1,80,08,2,,,,2,,,.,2,,2,,,,,2,1,02,,08,666.0789739
5382532,1,2,1,80,08,1,3,,2,,,9,,2,,2,,,,,2,1,02,4,08,679.16586471
5382532,1,3,1,80,08,2,,,,2,,,.,2,,2,,,,,2,1,02,,08,679.16586471
5382534,1,3,1,80,08,2,,,,2,,,.,2,,2,,,,,2,1,02,,08,619.24482761
5382534,1,4,1,80,08,2,,,,2,,,.,2,,2,,,,,2,1,02,,08,619.24482761
5382535,1,1,1,80,08,1,4,,2,,,4,,2,,2,,2,,750000,2,1,02,2,08,485.31857047
5382535,1,3,1,80,08,2,,,,2,,,.,2,,2,,,,,2,1,02,,08,485.31857047
5382535,1,4,1,80,08,2,,,,2,,,.,2,,2,,,,,2,1,02,,08,485.31857047
5382535,1,5,1,80,08,2,,,,2,,,.,,,2,,,,,,1,02,,08,485.31857047
5382535,1,6,1,80,08,2,,,,2,,,.,,,2,,,,,,1,02,,08,485.31857047
5382536,1,4,1,80,08,1,3,,2,,,9,,2,,2,,,,,2,1,02,4,08,490.46686038
5382538,1,2,1,80,08,2,,,,2,,,.,2,,2,,,,,2,1,02,,08,558.68035145
5382542,1,5,1,80,08,1,4,,2,,,4,,2,,2,,,,,2,1,02,4,08,624.97618649
5382543,1,1,1,80,08,1,7,,2,,,9,,2,,2,,1,40,908526,2,1,02,3,08,484.53947768
5382545,1,2,1,80,08,1,4,,2,,,4,,2,,2,,,,,2,1,02,4,08,421.6592059
5382545,1,5,1,80,08,2,,,,2,,,.,2,,2,,,,,2,1,02,,08,421.6592059
5382546,1,1,1,80,08,1,5,,2,,,10,,3,,2,,,,,3,1,02,4,08,550.5839213
5382548,1,1,1,80,08,1,3,,2,,,9,,2,,2,,,,,2,1,02,4,08,604.96550518
5382549,1,5,1,80,08,2,,,,2,,,.,2,,2,,,,,2,1,02,,08,390.97099158
5382550,1,1,1,80,08,2,,,,2,,,.,2,,2,,2,,1000000,2,1,02,,08,557.76087408
5382553,1,2,1,80,08,2,,,,2,,,.,2,,2,,,,,2,1,02,,08,498.8568841
5382553,1,3,1,80,08,2,,,,2,,,.,2,,2,,,,,2,1,02,,08,498.8568841
5382553,1,4,1,80,08,2,,,,2,,,.,2,,2,,,,,2,1,02,,08,498.8568841
5382554,1,1,1,80,08,1,5,,2,,,10,,3,,2,,,,,3,1,02,4,08,550.5839213
5382555,1,1,1,80,08,1,5,,2,,,8,,3,,2,,,,,3,1,02,4,08,510.31100156
5382555,1,2,1,80,08,2,,,,2,,,.,2,,2,,,,,2,1,02,,08,510.31100156
5382556,1,1,1,80,08,1,3,,2,,,8,,2,,2,,,,,2,1,02,4,08,679.16586471
5382557,1,1,1,80,08,1,5,,2,,,10,,3,,2,,,,,3,1,02,4,08,550.5839213
5382558,1,1,1,80,08,1,9,POR EL VIRUS PERDIO EL TRABAJO QUE TENIA,1,,1,12,POR EL VIRUS YA QUE LE DIO LA ENFERMEDAD,1,,2,,2,,908526,2,1,02,1.4,08,493.46990238
5382559,1,4,1,80,08,2,,,,2,,,.,2,,2,,,,,2,1,02,,08,592.5102215
5382560,1,2,1,80,08,1,3,,2,,,9,,2,,2,,,,,2,1,02,4,08,557.76087408
5382561,1,2,1,80,08,1,3,,2,,,9,,2,,2,,,,,2,1,02,4,08,547.11282475
5382562,1,3,1,80,08,2,,,,2,,,.,2,,2,,,,,2,1,02,,08,619.24482761
5382562,1,4,1,80,08,2,,,,2,,,.,2,,2,,,,,2,1,02,,08,619.24482761
5382563,1,1,1,80,08,1,4,,2,,,4,,2,,2,,,,,2,1,02,4,08,604.96550518
5382564,1,3,1,80,08,2,,,,2,,,.,2,,2,,,,,2,1,02,,08,557.5077118
5382564,1,4,1,80,08,2,,,,2,,,.,2,,2,,,,,2,1,02,,08,557.5077118
5382564,1,6,1,80,08,2,,,,2,,,.,2,,2,,,,,2,1,02,,08,557.5077118
5382568,1,1,1,80,08,1,3,,2,,,9,,2,,2,,1,24,908526,2,1,02,4,08,571.04602543
5382568,1,3,1,80,08,1,9,PROBLEMAS DE DROGADICCION,2,,,12,PROBLEMAS DE DROGADICCION,2,,2,,,,,2,1,02,2,08,571.04602543
5382569,1,3,1,80,08,2,,,,2,,,.,2,,2,,,,,2,1,02,,08,497.82462903
5382571,1,2,1,80,08,1,4,,2,,,4,,2,,2,,,,,2,1,02,4,08,399.18513273
5382577,1,1,1,80,08,1,5,,2,,,10,,3,,2,,,,,3,1,02,4,08,622.51990035
5382577,1,3,1,80,08,1,5,,2,,,10,,3,,2,,,,,3,1,02,4,08,622.51990035
5382578,1,1,1,80,08,1,5,,2,,,10,,3,,2,,,,,3,1,02,4,08,550.5839213
5382580,1,3,1,80,08,2,,,,2,,,.,2,,2,,,,,2,1,02,,08,622.97132316
5382581,1,3,1,80,08,2,,,,2,,,.,2,,2,,,,,2,1,02,,08,526.50386187
5382581,1,4,1,80,08,2,,,,2,,,.,2,,2,,,,,2,1,02,,08,526.50386187
5382583,1,2,1,80,08,2,,,,2,,,.,2,,2,,2,,1000000,2,1,02,,08,420.54209954
5382585,1,1,1,80,08,1,6,,2,,,10,,3,,2,,,,,3,1,02,4,08,557.0475781
5382585,1,2,1,80,08,1,3,,2,,,9,,2,,2,,,,,2,1,02,4,08,557.0475781
5382587,1,4,1,80,08,2,,,,2,,,.,2,,2,,,,,2,1,02,,08,687.26229486
5382588,1,1,1,80,08,2,,,,2,,,.,2,,2,,,,,2,1,02,,08,557.5077118
5382588,1,2,1,80,08,1,7,,2,,,11,,2,,2,,,,,2,1,02,3,08,557.5077118
5382589,1,3,1,80,08,2,,,,2,,,.,2,,2,,,,,2,1,02,,08,560.39797609
5382590,1,2,1,80,08,1,9,SE ENFERMO EL ESPOSO CON COVID 19,2,,,4,,2,,2,,1,36,550000,2,1,02,1.4,08,386.35673905
5382590,1,4,1,80,08,2,,,,2,,,.,2,,2,,,,,2,1,02,,08,386.35673905
5382590,1,5,1,80,08,2,,,,2,,,.,2,,2,,,,,2,1,02,,08,386.35673905
5382591,1,2,1,80,08,2,,,,2,,,.,2,,2,,,,,2,1,02,,08,503.02855817
5382591,1,3,1,80,08,2,,,,2,,,.,,,2,,,,,,1,02,,08,503.02855817
5382592,1,2,1,80,08,1,4,,2,,,4,,2,,2,,2,,906000,2,1,02,4,08,738.26811522
5382596,1,1,1,80,08,1,5,,2,,,10,,3,,2,,,,,3,1,02,3,08,502.66599422
5382596,1,2,1,80,08,2,,,,2,,,.,2,,2,,,,,2,1,02,,08,502.66599422
5382597,1,3,1,80,08,2,,,,2,,,.,2,,2,,,,,2,1,02,,08,601.78800219
5382597,1,4,1,80,08,2,,,,2,,,.,2,,2,,,,,2,1,02,,08,601.78800219
5382598,1,2,1,80,08,2,,,,2,,,.,2,,2,,,,,2,1,02,,08,365.51842679
5382598,1,4,1,80,08,2,,,,2,,,.,,,2,,,,,,1,02,,08,365.51842679
5382599,1,2,1,80,08,2,,,,2,,,.,,,2,,,,,,1,02,,08,495.13038855
5382599,1,3,1,80,08,2,,,,2,,,.,,,2,,,,,,1,02,,08,495.13038855
5382599,1,4,1,80,08,2,,,,2,,,.,2,,2,,,,,2,1,02,,08,495.13038855
5382599,1,5,1,80,08,2,,,,2,,,.,2,,2,,,,,2,1,02,,08,495.13038855
5382600,1,4,1,80,08,2,,,,2,,,.,2,,2,,,,,2,1,02,,08,486.94423811
5382600,1,5,1,80,08,2,,,,2,,,.,2,,2,,,,,2,1,02,,08,486.94423811
5382601,1,2,1,80,08,1,3,,2,,,9,,2,,2,,1,42,950000,2,1,02,3,08,640.42814857
5382601,1,3,1,80,08,2,,,,2,,,.,,,2,,,,,,1,02,,08,640.42814857
5382602,1,1,1,80,08,1,9,POR LA PANDEMIA,1,,1,9,,2,,2,,1,40,908506,2,1,02,1.4,08,554.9538559
5382604,1,2,1,80,08,2,,,,2,,,.,2,,2,,,,,2,1,02,,08,513.56382981
5382605,1,1,1,80,08,1,3,,2,,,9,,2,,2,,,,,2,1,02,4,08,528.31681954
5382606,1,1,1,80,08,1,5,,2,,,10,,3,,2,,,,,3,1,02,4,08,530.77310569
5382606,1,2,1,80,08,1,4,,2,,,8,,2,,2,,,,,2,1,02,3,08,530.77310569
5382606,1,5,1,80,08,2,,,,2,,,.,,,2,,,,,,1,02,,08,530.77310569
5382608,1,2,1,80,08,2,,,,2,,,.,2,,2,,,,,2,1,02,,08,640.42814857
5382609,1,8,1,80,08,2,,,,2,,,.,,,2,,,,,,1,02,,08,716.53803841
5382610,1,3,1,80,08,2,,,,2,,,.,,,2,,,,,,1,02,,08,568.04298344
5382610,1,5,1,80,08,1,3,,2,,,8,,2,,2,,,,,2,1,02,4,08,568.04298344
5382611,1,4,1,80,08,1,8,,2,,,9,,2,,2,,2,,500000,2,1,02,3,08,652.79382255
5382612,1,1,1,80,08,2,,,,2,,,.,2,,2,,1,40,908526,2,1,02,,08,550.5839213
5382613,1,2,1,80,08,1,3,,2,,,9,,2,,2,,1,40,500000,2,1,02,2,08,490.03923711
5382614,1,2,1,80,08,1,8,,2,,,5,,2,,2,,2,,908500,2,1,02,1.4,08,553.33603773
5382614,1,4,1,80,08,1,8,,2,,,2,,2,,2,,,,,2,1,02,1.1,08,553.33603773
5382614,1,5,1,80,08,1,8,,2,,,8,,2,,2,,,,,2,1,02,4,08,553.33603773
5382616,1,1,1,80,08,1,9,POR LA PANDEMIA,2,,,12,POR LA PANDEMIA,2,,2,,2,,550000,2,1,02,1.4,08,502.66599422
5382616,1,2,1,80,08,1,9,POR PANDEMIA,2,,,12,POR LA PANDEMIA,2,,2,,1,48,650000,2,1,02,1.4,08,502.66599422
5382617,1,1,1,80,08,1,5,,2,,,8,,3,,2,,,,,3,1,02,4,08,490.46686038
5382618,1,1,1,80,08,1,5,,2,,,10,,3,,2,,,,,3,1,02,3,08,557.0475781
5382618,1,2,1,80,08,2,,,,2,,,.,2,,2,,,,,2,1,02,,08,557.0475781
5382618,1,3,1,80,08,1,3,,2,,,9,,2,,2,,,,,2,1,02,2,08,557.0475781
5382620,1,2,1,80,08,1,8,,2,,,12,POR FALTA DE CEDULA,2,,2,,1,48,800000,2,1,02,1.2,08,485.57173275
5382620,1,3,1,80,08,2,,,,2,,,.,,,2,,,,,,1,02,,08,485.57173275
5382621,1,2,1,80,08,1,6,,2,,,1,,2,,2,,,,,2,1,02,2,08,611.40379645
5382622,1,1,1,80,08,1,3,,2,,,9,,2,,2,,,,,2,1,02,4,08,482.82185304
5382623,1,3,1,80,08,1,3,,2,,,9,,2,,2,,,,,2,1,02,2,08,271.46945698
5382623,1,4,1,80,08,2,,,,2,,,.,,,2,,,,,,1,02,,08,271.46945698
5382623,1,5,1,80,08,2,,,,2,,,.,,,2,,,,,,1,02,,08,271.46945698
5382623,1,9,1,80,08,2,,,,2,,,.,,,2,,,,,,1,02,,08,271.46945698
5382624,1,3,1,80,08,2,,,,2,,,.,2,,2,,,,,2,1,02,,08,517.73774059
5382625,1,3,1,80,08,2,,,,2,,,.,2,,2,,,,,2,1,02,,08,561.43246788
5382625,1,4,1,80,08,2,,,,2,,,.,2,,2,,,,,2,1,02,,08,561.43246788
5382625,1,5,1,80,08,2,,,,2,,,.,2,,2,,,,,2,1,02,,08,561.43246788
5382625,1,7,1,80,08,2,,,,2,,,.,,,2,,,,,,1,02,,08,561.43246788
5382626,1,2,1,80,08,2,,,,1,2,9,,2,,2,,1,30,780000,2,1,02,,08,547.11282475
5382627,1,2,1,80,08,2,,,,2,,,.,2,,2,,2,,500000,2,1,02,,08,502.63014695
5382627,1,4,1,80,08,1,8,,2,,,12,POR LA PANDEMIA,2,,2,,1,48,900000,2,1,02,1.4,08,502.63014695
5382628,1,1,1,80,08,1,6,,2,,,1,,2,,2,,,,,2,1,02,3,08,614.87489301
5382629,1,2,1,80,08,2,,,,2,,,.,2,,2,,,,,2,1,02,,08,614.87489301
5382631,1,2,1,80,08,1,3,,2,,,9,,2,,2,,2,,200000,2,1,02,3,08,494.56164321
5382631,1,6,1,80,08,1,4,,2,,,4,,2,,2,,2,,600000,2,1,02,3,08,494.56164321
5382634,1,4,1,80,08,2,,,,2,,,.,,,2,,,,,,1,02,,08,541.96453484
5382634,1,6,1,80,08,2,,,,2,,,.,2,,2,,,,,2,1,02,,08,541.96453484
5382635,1,8,1,80,08,1,3,,2,,,9,,2,,2,,,,,2,1,02,2,08,337.52632974
5382638,1,3,1,80,08,2,,,,2,,,.,,,2,,,,,,1,02,,08,508.47267836
5382639,1,2,1,80,08,1,7,,2,,,9,,2,,2,,,,,2,1,02,1.4,08,577.85480151
5382639,1,3,1,80,08,2,,,,2,,,.,,,2,,,,,,1,02,,08,577.85480151
5382641,1,3,1,80,08,2,,,,2,,,.,,,2,,,,,,1,02,,08,525.92950378
5382642,1,5,1,80,08,1,4,,2,,,4,,2,,2,,,,,2,1,02,1.2,08,565.40588142
5382643,1,4,1,80,08,1,8,,2,,,2,,2,,2,,2,,908526,2,1,02,1.3,08,720.46055777
5382643,1,5,1,80,08,1,9,EMBARAZO,2,,,9,,2,,2,,,,,2,1,02,1.4,08,720.46055777
5382645,1,3,1,80,08,2,,,,2,,,.,2,,2,,,,,2,1,02,,08,476.64130806
5382646,1,2,1,80,08,2,,,,2,,,.,,,2,,,,,,1,02,,08,556.67148054
5382647,1,1,1,80,08,1,3,,2,,,9,,2,,2,,,,,2,1,02,3,08,453.74036245
5382647,1,2,1,80,08,2,,,,2,,,.,,,2,,,,,,1,02,,08,453.74036245
5382647,1,3,1,80,08,2,,,,2,,,.,,,2,,,,,,1,02,,08,453.74036245
5382647,1,5,1,80,08,2,,,,2,,,.,2,,2,,,,,2,1,02,,08,453.74036245
5382648,1,4,1,80,08,2,,,,2,,,.,2,,2,,,,,2,1,02,,08,573.78318668
5382648,1,5,1,80,08,2,,,,2,,,.,,,2,,,,,,1,02,,08,573.78318668
5382649,1,2,1,80,08,2,,,,2,,,.,2,,2,,2,,800000,2,1,02,,08,547.11282475
5382652,1,2,1,80,08,2,,,,2,,,.,2,,2,,1,48,908500,2,1,02,,08,558.68035145
5382653,1,1,1,80,08,1,3,,2,,,9,,2,,2,,1,48,1000000,2,1,02,2,08,619.7874653
5382653,1,2,1,80,08,1,3,,2,,,11,,2,,2,,,,,2,1,02,1.4,08,619.7874653
5382653,1,4,1,80,08,1,3,,2,,,9,,2,,2,,,,,2,1,02,2,08,619.7874653
5382653,1,5,1,80,08,1,3,,2,,,9,,2,,2,,,,,2,1,02,2,08,619.7874653
5382657,1,1,1,80,08,1,3,,2,,,9,,2,,2,,,,,2,1,02,4,08,463.02766918
5382657,1,2,1,80,08,1,9,POR LA PANDEMIA,2,,,12,POR LA CUARNTENA,2,,2,,1,48,700000,2,1,02,1.4,08,463.02766918
5382657,1,5,1,80,08,1,4,,2,,,12,POR LA PANDEMIA,2,,2,,1,40,360000,2,1,02,1.4,08,463.02766918
5382658,1,1,1,80,08,1,5,,2,,,10,,3,,2,,,,,3,1,02,4,08,502.66599422
5382658,1,2,1,80,08,1,3,,2,,,9,,2,,2,,,,,2,1,02,4,08,502.66599422
5382659,1,3,1,80,08,1,5,,2,,,10,,3,,2,,,,,3,1,02,4,08,613.69354246
5382660,1,2,1,80,08,2,,,,2,,,.,,,2,,,,,,1,02,,08,561.1366376
5382663,1,1,1,80,08,1,9,EDAD,2,,,8,,2,,2,,,,,2,1,02,4,08,495.02098688
5382665,1,2,1,80,08,1,3,,2,,,9,,2,,2,,2,,520000,2,1,02,2,08,379.26485115
5382666,1,2,1,80,08,2,,,,2,,,.,2,,2,,,,,2,1,02,,08,571.04602543
5382666,1,3,1,80,08,2,,,,2,,,.,2,,2,,,,,2,1,02,,08,571.04602543
5382668,1,2,1,80,08,1,3,,2,,,7,,2,,2,,1,45,900000,2,1,02,2,08,601.78800219
5382668,1,3,1,80,08,1,2,,2,,,2,,2,,2,,,,,2,1,02,1.2,08,601.78800219
5382668,1,4,1,80,08,2,,,,2,,,.,2,,2,,,,,2,1,02,,08,601.78800219
5382669,1,1,1,80,08,1,5,,2,,,10,,3,,2,,,,,3,1,02,4,08,407.19494073
5382669,1,2,1,80,08,1,4,,2,,,4,,2,,2,,,,,2,1,02,4,08,407.19494073
5382669,1,4,1,80,08,2,,,,2,,,.,2,,2,,2,,1200000,2,1,02,,08,407.19494073
5382669,1,6,1,80,08,1,3,,2,,,9,,2,,2,,,,,2,1,02,3,08,407.19494073
5382669,1,7,1,80,08,2,,,,2,,,.,2,,2,,,,,2,1,02,,08,407.19494073
5382669,1,8,1,80,08,2,,,,2,,,.,,,2,,,,,,1,02,,08,407.19494073
5382670,1,1,1,80,08,1,9,CIERRE POR PANDEMIA,2,,,4,,2,,2,,2,,98,2,1,02,1.4,08,716.53803841
5382670,1,2,1,80,08,2,,,,2,,,.,2,,2,,,,,2,1,02,,08,716.53803841
5382670,1,4,1,80,08,1,3,,2,,,9,,2,,2,,,,,2,1,02,4,08,716.53803841
5382670,1,5,1,80,08,2,,,,2,,,.,,,2,,,,,,1,02,,08,716.53803841
5382671,1,2,1,80,08,1,3,,2,,,9,,2,,2,,,,,2,1,02,3,08,590.22047549
5382671,1,3,1,80,08,2,,,,2,,,.,,,2,,,,,,1,02,,08,590.22047549
5382673,1,2,1,80,08,1,3,,2,,,9,,2,,2,,,,,2,1,02,4,08,571.04602543
5382674,1,2,1,80,08,2,,,,2,,,.,,,2,,,,,,1,02,,08,473.30362853
5382674,2,1,2,80,08,1,1,,2,,,12,POR PANDEMIA,2,,2,,,,,2,1,02,1.4,08,473.30362853
5382675,1,1,1,80,08,1,9,POR ENFERMEDAD RENAL Y CUARENTENA,2,,,4,,2,,2,,,,,2,1,02,1.4,08,502.66599422
5382677,1,2,1,80,08,1,3,,2,,,9,,2,,2,,,,,2,1,02,1.4,08,510.76242437
5382678,1,1,1,80,08,2,,,,2,,,.,2,,2,,,,,2,1,02,,08,548.22993111
5382678,1,2,1,80,08,1,9,POR SER MAYOR DE 60 LO SACARON,1,,1,3,,2,,1,120000,,,,2,1,02,1.4,08,548.22993111
5382678,1,5,1,80,08,2,,,,2,,,.,2,,2,,,,,2,1,02,,08,548.22993111
5382679,1,6,1,80,08,2,,,,2,,,.,2,,2,,,,,2,1,02,,08,479.83625572
5382679,1,7,1,80,08,2,,,,2,,,.,2,,2,,,,,2,1,02,,08,479.83625572
5382680,1,1,1,80,08,1,3,,2,,,9,,2,,2,,,,,2,1,02,4,08,535.86425713
5382680,1,2,1,80,08,2,,,,2,,,.,2,,2,,,,,2,1,02,,08,535.86425713
5382680,1,3,1,80,08,2,,,,2,,,.,2,,2,,,,,2,1,02,,08,535.86425713
5382680,1,4,1,80,08,2,,,,2,,,.,,,2,,,,,,1,02,,08,535.86425713
5382682,1,2,1,80,08,1,4,,2,,,4,,2,,2,,,,,2,1,02,4,08,454.74806714
5382687,1,1,1,80,08,1,9,POR LA PANDEMIA,2,,,11,,2,,2,,2,,906000,2,1,02,1.4,08,550.5839213
5382688,1,1,1,80,08,1,3,,2,,,9,,2,,2,,,,,2,1,02,4,08,518.40743172
5382688,1,2,1,80,08,1,4,,2,,,8,,2,,2,,,,,2,1,02,4,08,518.40743172
5382688,1,3,1,80,08,1,3,,2,,,9,,2,,2,,,,,2,1,02,3,08,518.40743172
5382690,1,1,1,80,08,1,4,,2,,,4,,2,,2,,,,,2,1,02,3,08,529.93687443
5382690,1,2,1,80,08,1,9,PANDEMIA,2,,,12,PANDEMIA,2,,2,,1,48,908526,2,1,02,2,08,529.93687443
5382690,1,4,1,80,08,2,,,,2,,,.,,,2,,,,,,1,02,,08,529.93687443
5382691,1,1,1,80,08,1,8,,2,,,12,ESTA ESPERANDO QUE LA LLAMEN,1,,2,,1,48,800000,2,1,02,1.2,08,606.68312982
5382693,1,5,1,80,08,2,,,,1,3,4,,2,,2,,,,,2,1,02,,08,460.00799544
5382693,1,9,1,80,08,1,5,,2,,,10,,2,,2,,,,,2,1,02,3,08,460.00799544
5382694,1,2,1,80,08,2,,,,2,,,.,2,,2,,,,,2,1,02,,08,790.19341295
5382695,1,1,1,80,08,1,3,,2,,,8,,2,,2,,,,,2,1,02,4,08,517.48795435
5382695,1,2,1,80,08,1,4,,2,,,8,,2,,2,,,,,2,1,02,4,08,517.48795435
5382695,1,3,1,80,08,1,9,COVID 19,2,,,12,COVID 19,2,,2,,1,48,800000,2,1,02,1.4,08,517.48795435
5382696,1,3,1,80,08,2,,,,2,,,.,,,2,,,,,,1,02,,08,588.50285084
5382698,1,1,1,80,08,1,7,,2,,,9,,2,,2,,,,,2,1,02,3,08,549.5691109
5382698,1,3,1,80,08,2,,,,2,,,.,2,,2,,,,,2,1,02,,08,549.5691109
5382699,1,2,1,80,08,1,4,,2,,,4,,2,,2,,,,,2,1,02,4,08,566.95696593
5382700,1,1,1,80,08,1,1,,2,,,10,,3,,2,,,,,3,1,02,4,08,569.41325208
5382700,1,2,1,80,08,2,,,,2,,,.,2,,2,,,,,2,1,02,,08,569.41325208
5382701,1,1,1,80,08,1,3,,2,,,9,,2,,2,,,,,2,1,02,4,08,631.24793763
5382701,1,4,1,80,08,1,4,,2,,,8,,2,,2,,,,,2,1,02,2,08,631.24793763
5382702,1,1,1,80,08,1,9,PANDEMIA,2,,,12,PANDEMIA,2,,2,,,,,2,1,02,2,08,493.84834723
5382702,1,2,1,80,08,1,3,,2,,,9,,2,,2,,,,,2,1,02,4,08,493.84834723
5382702,1,4,1,80,08,1,3,,2,,,9,,2,,2,,,,,2,1,02,2,08,493.84834723
5382703,1,3,1,80,08,2,,,,2,,,.,2,,2,,,,,2,1,02,,08,412.46311406
5382703,1,5,1,80,08,1,4,,2,,,4,,2,,2,,,,,2,1,02,1.4,08,412.46311406
5382704,1,2,1,80,08,1,3,,2,,,9,,2,,2,,,,,2,1,02,1.3,08,418.73074704
5382704,1,4,1,80,08,2,,,,2,,,.,,,2,,,,,,1,02,,08,418.73074704
5382705,1,2,1,80,08,1,3,,1,,1,12,COVID 19,2,,2,,1,48,800000,2,1,02,2,08,475.55529056
5382705,1,4,1,80,08,1,4,,2,,,8,,2,,2,,,,,2,1,02,4,08,475.55529056
5382707,1,2,1,80,08,2,,,,2,,,.,2,,2,,1,48,908526,2,1,02,,08,576.13717687
5382709,1,1,1,80,08,1,6,,2,,,1,,2,,2,,,,,2,1,02,2,08,482.82185304
5382712,1,2,1,80,08,2,,,,2,,,.,2,,2,,,,,2,1,02,,08,609.68617181
5382713,1,1,1,80,08,1,3,,2,,,9,,2,,2,,,,,2,1,02,4,08,534.14886921
5382713,1,2,1,80,08,1,4,,2,,,4,,2,,2,,,,,2,1,02,3,08,534.14886921
5382713,1,4,1,80,08,1,5,,2,,,10,,3,,2,,,,,3,1,02,4,08,534.14886921
5382713,1,6,1,80,08,2,,,,2,,,.,2,,2,,,,,2,1,02,,08,534.14886921
5382716,1,1,1,80,08,1,9,COVD,2,,,8,,2,,2,,1,20,400000,2,1,02,1.4,08,506.20829788
5382716,1,3,1,80,08,2,,,,2,,,.,2,,2,,,,,2,1,02,,08,506.20829788
5382718,1,1,1,80,08,1,5,,2,,,10,,3,,2,,,,,3,1,02,4,08,695.53890934
5382719,1,1,1,80,08,2,,,,2,,,.,2,,2,,,,,2,1,02,,08,573.51894332
5382719,1,2,1,80,08,1,5,,2,,,10,,3,,2,,,,,3,1,02,4,08,573.51894332
5382719,1,3,1,80,08,1,3,,2,,,9,,2,,2,,,,,2,1,02,4,08,573.51894332
5382719,1,4,1,80,08,1,5,,2,,,10,,3,,2,,,,,3,1,02,4,08,573.51894332
5382721,1,3,1,80,08,2,,,,2,,,.,2,,2,,,,,2,1,02,,08,530.77310569
5382721,1,5,1,80,08,1,3,,2,,,9,,2,,2,,,,,2,1,02,4,08,530.77310569
5382721,1,6,1,80,08,1,5,,2,,,10,,3,,2,,,,,3,1,02,4,08,530.77310569
5382723,1,1,1,80,08,1,5,,2,,,10,,3,,2,,,,,3,1,02,4,08,549.40257076
5382724,1,1,1,80,08,1,5,,2,,,10,,3,,2,,,,,3,1,02,4,08,571.13087672
5382724,1,2,1,80,08,2,,,,2,,,.,2,,2,,,,,2,1,02,,08,571.13087672
5382725,1,3,1,80,08,2,,,,2,,,.,2,,2,,,,,2,1,02,,08,622.97132316
5382726,1,1,1,80,08,1,5,,2,,,10,,3,,2,,,,,3,1,02,4,08,566.95696593
5382726,1,2,1,80,08,1,9,PANDEMIA,2,,,12,PANDEMIA,2,,2,,1,40,908526,2,1,02,2,08,566.95696593
5382727,1,3,1,80,08,2,,,,2,,,.,2,,2,,,,,2,1,02,,08,683.53803603
5382728,1,4,1,80,08,1,3,,2,,,9,,2,,2,,,,,2,1,02,2,08,630.6163305
5382729,1,1,1,80,08,1,4,,2,,,4,,3,,2,,,,,3,1,02,4,08,593.69157204
5382729,1,2,1,80,08,1,3,,2,,,9,,2,,2,,,,,2,1,02,4,08,593.69157204
5382729,1,3,1,80,08,2,,,,2,,,.,2,,2,,,,,2,1,02,,08,593.69157204
5382732,1,4,1,80,08,1,7,,2,,,12,POR LA PANDEMIA,2,,2,,1,24,500000,2,1,02,1.4,08,464.47326308
5382732,1,5,1,80,08,2,,,,2,,,.,,,2,,,,,,1,02,,08,464.47326308
5382732,1,6,1,80,08,2,,,,2,,,.,,,2,,,,,,1,02,,08,464.47326308
5382733,1,3,1,80,08,2,,,,2,,,.,,,2,,,,,,1,02,,08,640.42814857
5382734,1,2,1,80,08,2,,,,1,4,9,,2,,2,,2,,908526,2,1,02,,08,571.04602543
5382734,1,3,1,80,08,2,,,,2,,,.,2,,2,,,,,2,1,02,,08,571.04602543
5382735,1,2,1,80,08,2,,,,2,,,.,2,,2,,,,,2,1,02,,08,515.22992873
5382735,1,5,1,80,08,2,,,,2,,,.,2,,2,,,,,2,1,02,,08,515.22992873
5382735,1,6,1,80,08,1,4,,2,,,4,,2,,2,,,,,2,1,02,3,08,515.22992873
5382736,1,1,1,80,08,1,4,,2,,,4,,2,,2,,2,,900000,2,1,02,2,08,495.02098688
5382738,1,5,1,80,08,2,,,,2,,,.,2,,2,,,,,2,1,02,,08,528.67938349
5382739,1,2,1,80,08,1,3,,2,,,9,,2,,2,,,,,2,1,02,4,08,473.89142835
5382740,1,8,1,80,08,1,4,,2,,,4,,2,,2,,,,,2,1,02,4,08,515.93686984
5382743,1,3,1,80,08,2,,,,2,,,.,2,,2,,,,,2,1,02,,08,433.48213161
5382743,1,4,1,80,08,2,,,,2,,,.,,,2,,,,,,1,02,,08,433.48213161
5382743,1,5,1,80,08,2,,,,2,,,.,2,,2,,,,,2,1,02,,08,433.48213161
5382744,1,4,1,80,08,1,3,,2,,,9,,2,,2,,,,,2,1,02,3,08,556.7690503
5382745,1,1,1,80,08,1,6,,2,,,4,,2,,2,,,,,2,1,02,4,08,322.53943465
5382745,1,3,1,80,08,2,,,,2,,,.,2,,2,,,,,2,1,02,,08,322.53943465
5382745,1,4,1,80,08,1,3,,2,,,9,,2,,2,,,,,2,1,02,4,08,322.53943465
5382745,1,6,1,80,08,2,,,,2,,,.,2,,2,,,,,2,1,02,,08,322.53943465
5382746,1,1,1,80,08,1,5,,2,,,10,,3,,2,,,,,3,1,02,4,08,723.75623762
5382746,1,4,1,80,08,1,4,,2,,,10,,3,,2,,,,,3,1,02,4,08,723.75623762
5382746,1,5,1,80,08,1,7,,2,,,9,,2,,2,,,,,2,1,02,3,08,723.75623762
5382746,1,7,1,80,08,1,3,,2,,,9,,2,,2,,,,,2,1,02,4,08,723.75623762
5382746,1,8,1,80,08,1,9,SE FUE DE VIAJE POR TRES MESES LA JEFA,2,,,12,ESPERA QUE PASEN LOS TRES MESES,2,,2,,2,,98,2,1,02,1.2,08,723.75623762
5382749,1,3,1,80,08,2,,,,2,,,.,,,2,,,,,,1,02,,08,490.76045395
5382750,1,3,1,80,08,2,,,,2,,,.,2,,2,,,,,2,1,02,,08,619.24482761
5382750,1,4,1,80,08,2,,,,2,,,.,,,2,,,,,,1,02,,08,619.24482761
5382751,1,1,1,80,08,1,4,,2,,,8,,2,,2,,,,,2,1,02,4,08,516.3066038
5382761,1,4,1,80,13,2,,,,2,,,.,,,2,,,,,,1,02,,13,1009.4041754
5382774,1,3,1,80,13,2,,,,2,,,.,2,,2,,,,,2,1,02,,13,942.76298066
5382774,1,4,1,80,13,2,,,,2,,,.,,,2,,,,,,1,02,,13,942.76298066
5382783,1,3,1,80,13,2,,,,2,,,.,2,,2,,,,,2,1,02,,13,989.04127524
5382783,1,8,1,80,13,2,,,,2,,,.,2,,2,,,,,2,1,02,,13,989.04127524
5382785,1,2,1,80,13,1,6,,2,,,8,,2,,2,,,,,2,1,02,3,13,702.76161192
5382787,1,1,1,80,13,1,5,,2,,,10,,3,,2,,,,,3,1,02,3,13,852.99778002
5382787,1,2,1,80,13,2,,,,2,,,.,2,,2,,,,,2,1,02,,13,852.99778002
5382787,1,3,1,80,13,2,,,,2,,,.,2,,2,,,,,2,1,02,,13,852.99778002
5382787,1,6,1,80,13,2,,,,2,,,.,2,,2,,,,,2,1,02,,13,852.99778002
5382788,1,1,1,80,13,1,8,,1,,2,12,SEGURIDAD PANDEMIA,2,,2,,,,,2,1,02,3,13,867.24124425
5382788,1,3,1,80,13,2,,,,2,,,.,,,2,,,,,,1,02,,13,867.24124425
5382788,1,4,1,80,13,2,,,,2,,,.,,,2,,,,,,1,02,,13,867.24124425
5382790,1,3,1,80,13,2,,,,2,,,.,,,2,,,,,,1,02,,13,867.24124425
5382790,1,4,1,80,13,2,,,,2,,,.,,,2,,,,,,1,02,,13,867.24124425
5382791,1,1,1,80,13,1,4,,2,,,4,,2,,2,,,,,2,1,02,4,13,782.57547715
5382791,1,2,1,80,13,1,7,,2,,,12,SEGURIDAD PANDEMIA,2,,2,,2,,400000,2,1,02,1.4,13,782.57547715
5382791,1,4,1,80,13,2,,,,2,,,.,2,,2,,,,,2,1,02,,13,782.57547715
5382792,1,2,1,80,13,2,,,,2,,,.,2,,2,,,,,2,1,02,,13,967.89532011
5382792,1,3,1,80,13,2,,,,2,,,.,,,2,,,,,,1,02,,13,967.89532011
5382793,1,3,1,80,13,2,,,,2,,,.,,,2,,,,,,1,02,,13,816.8518473
5382794,1,1,1,80,13,2,,,,2,,,.,2,,2,,,,,2,1,02,,13,929.48536326
5382794,1,2,1,80,13,1,8,,1,,3,1,,2,,2,,1,48,908526,2,1,02,4,13,929.48536326
5382794,1,4,1,80,13,2,,,,2,,,.,2,,2,,,,,2,1,02,,13,929.48536326
5382794,1,5,1,80,13,2,,,,2,,,.,,,2,,,,,,1,02,,13,929.48536326
5382795,1,2,1,80,13,2,,,,2,,,.,2,,2,,,,,2,1,02,,13,678.79932433
5382802,1,1,1,80,13,1,4,,2,,,4,,2,,2,,,,,2,1,02,3,13,900.28827857
5382802,1,3,1,80,13,2,,,,2,,,.,2,,2,,,,,2,1,02,,13,900.28827857
5382812,1,2,1,80,13,1,3,,2,,,9,,2,,2,,,,,2,1,02,2,13,746.66985487
5382812,1,3,1,80,13,2,,,,2,,,.,,,2,,,,,,1,02,,13,746.66985487
5382830,1,3,1,80,13,1,2,,2,,,2,,2,,2,,2,,1000000,2,1,02,2,13,565.53892313
5382830,1,4,1,80,13,2,,,,2,,,.,2,,2,,,,,2,1,02,,13,565.53892313
5382830,1,5,1,80,13,2,,,,2,,,.,2,,2,,,,,2,1,02,,13,565.53892313
5382830,1,6,1,80,13,2,,,,2,,,.,2,,2,,,,,2,1,02,,13,565.53892313
5382832,1,1,1,80,13,1,5,,2,,,8,,2,,2,,,,,2,1,02,4,13,348.03112746
5382836,1,3,1,80,13,2,,,,2,,,.,2,,2,,,,,2,1,02,,13,391.28773857
5382839,1,2,1,80,13,2,,,,2,,,.,2,,2,,,,,2,1,02,,13,476.09532421
5382839,1,3,1,80,13,2,,,,2,,,.,2,,2,,1,48,1600000,2,1,02,,13,476.09532421
5382839,1,4,1,80,13,2,,,,2,,,.,2,,2,,,,,2,1,02,,13,476.09532421
5382839,1,5,1,80,13,2,,,,2,,,.,2,,2,,,,,2,1,02,,13,476.09532421
5382839,1,6,1,80,13,2,,,,2,,,.,2,,2,,,,,2,1,02,,13,476.09532421
5382841,1,2,1,80,13,1,8,,1,,2,12,PANDEMIA,2,,2,,,,,2,1,02,3,13,464.75427091
5382841,1,3,1,80,13,2,,,,2,,,.,2,,2,,,,,2,1,02,,13,464.75427091
5382841,1,4,1,80,13,2,,,,2,,,.,,,2,,,,,,1,02,,13,464.75427091
5382842,1,2,1,80,13,1,9,PANDEMIA,1,,1,5,,2,,2,,2,,908526,2,1,02,1.4,13,381.23803302
5382842,1,3,1,80,13,2,,,,2,,,.,2,,2,,,,,2,1,02,,13,381.23803302
5382842,1,5,1,80,13,2,,,,2,,,.,2,,2,,,,,2,1,02,,13,381.23803302
5382843,1,3,1,80,13,2,,,,2,,,.,,,2,,,,,,1,02,,13,381.2496223
5382844,1,2,1,80,13,1,4,,2,,,4,,2,,2,,1,40,908526,2,1,02,2,13,284.46735629
5382844,1,3,1,80,13,2,,,,2,,,.,2,,2,,1,40,400000,2,1,02,,13,284.46735629
5382844,1,4,1,80,13,1,9,EDAD,2,,,8,,2,,2,,,,,2,1,02,4,13,284.46735629
5382845,1,3,1,80,13,2,,,,2,,,.,2,,2,,,,,2,1,02,,13,408.42592365
5382846,1,1,1,80,13,1,7,,2,,,8,,2,,2,,,,,2,1,02,1.4,13,339.39966217
5382847,1,1,1,80,13,1,3,,2,,,9,,2,,2,,,,,2,1,02,4,13,428.41227554
5382847,1,4,1,80,13,2,,,,1,3,9,,2,,2,,2,,908526,2,1,02,,13,428.41227554
5382848,1,1,1,80,13,1,3,,2,,,9,,2,,2,,,,,2,1,02,4,13,278.88658388
5382848,1,2,1,80,13,1,5,,2,,,10,,3,,2,,,,,3,1,02,4,13,278.88658388
5382848,1,4,1,80,13,1,3,,2,,,9,,2,,2,,,,,2,1,02,4,13,278.88658388
5382848,1,5,1,80,13,2,,,,2,,,.,2,,2,,,,,2,1,02,,13,278.88658388
5382849,1,1,1,80,13,1,5,,2,,,8,,3,,2,,,,,3,1,02,4,13,335.32862294
5382849,1,2,1,80,13,2,,,,2,,,.,2,,2,,,,,2,1,02,,13,335.32862294
5382849,1,4,1,80,13,2,,,,2,,,.,2,,2,,,,,2,1,02,,13,335.32862294
5382850,1,2,1,80,13,2,,,,2,,,.,2,,2,,,,,2,1,02,,13,393.81579202
5382852,1,2,1,80,13,1,7,,2,,,9,,2,,2,,2,,800000,2,1,02,3,13,431.57666023
5382853,1,2,1,80,13,1,7,,2,,,12,NO TIENE RECURSOS PARA INSTALAR UN NEGOCIO,2,,2,,1,40,700000,2,1,02,1.4,13,464.27134749
5382853,1,3,1,80,13,1,7,,2,,,1,,2,,2,,1,48,908526,2,1,02,1.3,13,464.27134749
5382853,1,5,1,80,13,2,,,,2,,,.,2,,2,,,,,2,1,02,,13,464.27134749
5382859,1,1,1,80,13,1,1,,1,,4,8,,2,,2,,1,48,1200000,2,1,02,4,13,360.63701321
5382859,1,2,1,80,13,2,,,,2,,,.,2,,2,,,,,2,1,02,,13,360.63701321
5382860,1,2,1,80,13,1,2,,2,,,2,,2,,2,,,,,2,1,02,1.3,13,430.29448007
5382860,1,4,1,80,13,2,,,,2,,,.,2,,2,,,,,2,1,02,,13,430.29448007
5382860,1,5,1,80,13,2,,,,2,,,.,2,,2,,,,,2,1,02,,13,430.29448007
5382860,1,6,1,80,13,1,5,,2,,,8,,2,,2,,,,,2,1,02,4,13,430.29448007
5382860,1,10,1,80,13,2,,,,2,,,.,2,,2,,,,,2,1,02,,13,430.29448007
5382861,1,1,1,80,13,1,4,,2,,,4,,2,,2,,,,,2,1,02,4,13,238.03566465
5382861,1,2,1,80,13,2,,,,2,,,.,2,,2,,,,,2,1,02,,13,238.03566465
5382861,1,3,1,80,13,1,9,PANDEMIA,2,,,9,,2,,2,,2,,908526,2,1,02,1.4,13,238.03566465
5382861,1,7,1,80,13,1,4,,2,,,4,,2,,2,,,,,2,1,02,3,13,238.03566465
5382861,1,8,1,80,13,1,9,EMBARAZO,2,,,9,,2,,2,,,,,2,1,02,3,13,238.03566465
5382861,1,13,1,80,13,2,,,,2,,,.,,,2,,,,,,1,02,,13,238.03566465
5382861,1,15,1,80,13,2,,,,2,,,.,2,,2,,,,,2,1,02,,13,238.03566465
5382864,1,1,1,80,13,1,4,,2,,,8,,2,,2,,,,,2,1,02,4,13,399.19137972
5382864,1,2,1,80,13,1,7,,2,,,9,,2,,2,,2,,900000,2,1,02,2,13,399.19137972
5382865,1,4,1,80,13,2,,,,2,,,.,2,,2,,,,,2,1,02,,13,360.00068197
5382867,1,2,1,80,13,1,3,,2,,,9,,2,,2,,,,,2,1,02,3,13,356.05492382
5382868,1,2,1,80,13,1,3,,2,,,9,,2,,2,,,,,2,1,02,4,13,291.58908841
5382869,1,3,1,80,13,2,,,,2,,,.,,,2,,,,,,1,02,,13,377.29227487
5382870,1,1,1,80,13,1,5,,1,,3,11,,3,,2,,,,,3,1,02,4,13,377.17211965
5382871,1,1,1,80,13,1,9,EDAD,2,,,8,,2,,2,,,,,2,1,02,4,13,373.08949114
5382871,1,2,1,80,13,1,9,PANDEMIA,2,,,8,,2,,2,,,,,2,1,02,1.4,13,373.08949114
5382871,1,4,1,80,13,2,,,,2,,,.,,,2,,,,,,1,02,,13,373.08949114
5382878,1,1,1,80,13,1,3,,2,,,8,,2,,2,,,,,2,1,02,4,13,339.39966217
5382878,1,2,1,80,13,1,5,,2,,,8,,3,,2,,,,,3,1,02,4,13,339.39966217
5382880,1,2,1,80,13,1,5,,2,,,9,,2,,2,,,,,2,1,02,2,13,393.81579202
5382881,1,1,1,80,13,1,5,,2,,,10,,3,,2,,,,,3,1,02,4,13,365.9793483
5382881,1,2,1,80,13,1,5,,2,,,10,,3,,2,,,,,3,1,02,4,13,365.9793483
5382881,1,4,1,80,13,1,8,,1,,2,1,,2,,2,,1,48,1500000,2,1,02,3,13,365.9793483
5382881,1,5,1,80,13,2,,,,2,,,.,2,,2,,,,,2,1,02,,13,365.9793483
5382882,1,1,1,80,13,2,,,,2,,,.,2,,2,,,,,2,1,02,,13,434.10354555
5382882,1,2,1,80,13,2,,,,2,,,.,2,,2,,,,,2,1,02,,13,434.10354555
5382882,1,3,1,80,13,2,,,,2,,,.,,,2,,,,,,1,02,,13,434.10354555
5382883,1,2,1,80,13,1,7,,2,,,9,,2,,2,,,,,2,1,02,1.4,13,471.38149033
5382883,1,3,1,80,13,2,,,,2,,,.,2,,2,,,,,2,1,02,,13,471.38149033
5382883,1,4,1,80,13,2,,,,2,,,.,,,2,,,,,,1,02,,13,471.38149033
5382889,1,2,1,80,17,1,2,,2,,,2,,2,,2,,,,,2,1,02,3,17,197.40269612
5382892,1,1,1,80,17,1,5,,2,,,10,,3,,2,,,,,3,1,02,4,17,169.54986767
5382892,1,2,1,80,17,1,5,,2,,,10,,3,,2,,,,,3,1,02,4,17,169.54986767
5382893,1,3,1,80,17,2,,,,2,,,.,,,2,,,,,,1,02,,17,272.43863282
5382894,1,2,1,80,17,2,,,,2,,,.,,,2,,,,,,1,02,,17,211.0689974
5382895,1,1,1,80,17,1,3,,2,,,9,,2,,2,,,,,2,1,02,4,17,165.76609592
5382896,1,1,1,80,17,1,1,,2,,,8,,2,,2,,1,40,98,2,1,02,3,17,199.18135362
5382898,1,1,1,80,17,1,5,,2,,,10,,3,,2,,,,,3,1,02,4,17,170.79711724
5382898,1,2,1,80,17,2,,,,2,,,.,2,,2,,,,,2,1,02,,17,170.79711724
5382899,1,5,1,80,17,1,3,,2,,,8,,2,,2,,,,,2,1,02,4,17,217.55736106
5382904,1,4,1,80,17,2,,,,2,,,.,2,,2,,,,,2,1,02,,17,224.20095502
5382906,1,1,1,80,17,1,9,POR COVID,2,,,12,POR COVID,3,,2,,1,40,908526,3,1,02,1.4,17,182.6818253
5382906,1,2,1,80,17,2,,,,2,,,.,2,,2,,,,,2,1,02,,17,182.6818253
5382908,1,1,1,80,17,1,5,,2,,,10,,3,,2,,,,,3,1,02,4,17,191.98864842
5382908,1,2,1,80,17,1,3,,2,,,9,,2,,2,,,,,2,1,02,4,17,191.98864842
5382911,1,2,1,80,17,2,,,,2,,,.,3,,2,,,,,3,1,02,,17,186.76523763
5382913,1,1,1,80,17,1,3,,2,,,9,,1,4,2,,,,,1,1,02,4,17,134.37540836
5382913,1,2,1,80,17,1,5,,2,,,4,,3,,2,,,,,3,1,02,4,17,134.37540836
5382913,1,3,1,80,17,1,3,,2,,,9,,2,,2,,,,,2,1,02,3,17,134.37540836
5382913,1,4,1,80,17,2,,,,2,,,.,2,,2,,,,,2,1,02,,17,134.37540836
5382914,1,4,1,80,17,1,9,POR COVID,2,,,12,POR COVID,2,,2,,,,,2,1,02,1.4,17,211.16761096
5382914,1,5,1,80,17,1,4,,2,,,4,,2,,2,,,,,2,1,02,1.4,17,211.16761096
5382915,1,3,1,80,17,2,,,,2,,,.,2,,2,,,,,2,1,02,,17,214.8941319
5382915,1,4,1,80,17,2,,,,2,,,.,2,,2,,,,,2,1,02,,17,214.8941319
5382917,1,2,1,80,17,1,1,,2,,,9,,1,1,2,,,,,1,1,02,2,17,237.58825475
5382917,1,3,1,80,17,2,,,,2,,,.,,,2,,,,,,1,02,,17,237.58825475
5382919,1,1,1,80,17,1,3,,2,,,8,,2,,2,,,,,2,1,02,4,17,185.51798806
5382921,1,3,1,80,17,2,,,,2,,,.,2,,2,,,,,2,1,02,,17,222.95370546
5382922,1,1,1,80,17,1,5,,2,,,10,,3,,2,,,,,3,1,02,4,17,153.58174729
5382922,1,2,1,80,17,1,3,,2,,,9,,2,,2,,,,,2,1,02,4,17,153.58174729
5382922,1,3,1,80,17,1,6,,2,,,8,,2,,2,,,,,2,1,02,4,17,153.58174729
5382923,1,1,1,80,17,1,8,,2,,,12,POR LA PANDEMIA,2,,2,,1,48,908526,2,1,02,1.4,17,196.34812658
5382923,1,4,1,80,17,1,6,,2,,,10,,3,,2,,,,,3,1,02,4,17,196.34812658
5382924,1,1,1,80,17,1,4,,2,,,4,,2,,2,,,,,2,1,02,3,17,192.1810379
5382924,1,4,1,80,17,2,,,,2,,,.,2,,2,,,,,2,1,02,,17,192.1810379
5382924,1,5,1,80,17,2,,,,2,,,.,,,2,,,,,,1,02,,17,192.1810379
5382925,1,1,1,80,17,1,5,,2,,,10,,3,,2,,,,,3,1,02,4,17,171.07318307
5382925,1,2,1,80,17,2,,,,2,,,.,2,,2,,,,,2,1,02,,17,171.07318307
5382926,1,2,1,80,17,1,4,,2,,,4,,2,,2,,,,,2,1,02,4,17,190.74139886
5382927,1,1,1,80,17,1,5,,2,,,10,,3,,2,,,,,3,1,02,4,17,172.23675629
5382927,1,5,1,80,17,2,,,,2,,,.,2,,2,,,,,2,1,02,,17,172.23675629
5382928,1,6,1,80,17,2,,,,2,,,.,,,2,,,,,,1,02,,17,296.20804893
5382933,1,1,1,80,17,1,5,,2,,,10,,3,,2,,,,,3,1,02,4,17,169.54986767
5382933,1,2,1,80,17,1,3,,2,,,9,,2,,2,,,,,2,1,02,4,17,169.54986767
5382935,1,1,1,80,17,1,3,,2,,,11,,2,,2,,,,,2,1,02,4,17,165.76609592
5382936,1,3,1,80,17,2,,,,2,,,.,2,,2,,,,,2,1,02,,17,203.00942384
5382938,1,2,1,80,17,1,5,,2,,,10,,3,,2,,,,,3,1,02,4,17,259.30373947
5382939,1,3,1,80,17,2,,,,2,,,.,2,,2,,,,,2,1,02,,17,263.1318097
5382943,1,1,1,80,17,1,3,,2,,,9,,2,,2,,2,,1500000,2,1,02,2,17,311.3694875
5382945,1,1,1,80,17,1,4,,2,,,4,,3,,2,,,,,3,1,02,4,17,170.79711724
5382945,1,2,1,80,17,2,,,,2,,,.,2,,2,,,,,2,1,02,,17,170.79711724
5382947,1,1,1,80,17,1,4,,2,,,4,,1,2,2,,,,,1,1,02,2,17,172.04436681
5382947,1,2,1,80,17,1,4,,2,,,4,,2,,2,,,,,2,1,02,3,17,172.04436681
5382948,1,1,1,80,17,1,5,,2,,,10,,3,,2,,,,,3,1,02,4,17,145.43849738
5382948,1,2,1,80,17,1,5,,2,,,10,,3,,2,,,,,3,1,02,3,17,145.43849738
5382948,1,3,1,80,17,1,5,,2,,,10,,3,,2,,,,,3,1,02,4,17,145.43849738
5382950,1,2,1,80,17,2,,,,1,4,9,,2,,2,,1,48,908526,2,1,02,,17,170.79711724
5382950,1,3,1,80,17,2,,,,2,,,.,2,,2,,,,,2,1,02,,17,170.79711724
5382954,1,2,1,80,17,1,3,,2,,,9,,2,,2,,,,,2,1,02,4,17,170.79711724
5382957,1,2,1,80,17,2,,,,2,,,.,,,2,,,,,,1,02,,17,201.76217427
5382962,1,1,1,80,17,1,5,,2,,,10,,3,,2,,,,,3,1,02,4,17,129.47037699
5382962,1,2,1,80,17,1,5,,2,,,10,,3,,2,,,,,3,1,02,4,17,129.47037699
5382962,1,3,1,80,17,1,5,,2,,,10,,3,,2,,,,,3,1,02,4,17,129.47037699
5382962,1,4,1,80,17,1,9,POR LA EDAD,2,,,8,,1,2,2,,,,,1,1,02,3,17,129.47037699
5382963,1,1,1,80,17,1,9,POR LA EDAD,2,,,8,,2,,2,,,,,2,1,02,4,17,169.54986767
5382963,1,2,1,80,17,2,,,,2,,,.,2,,2,,,,,2,1,02,,17,169.54986767
5382964,1,1,1,80,17,1,5,,2,,,10,,3,,2,,,,,3,1,02,4,17,175.1565954
5382964,1,2,1,80,17,1,4,,2,,,4,,1,,2,,,,,2,1,02,3,17,175.1565954
5382965,1,2,1,80,17,1,3,,1,,2,9,,2,,2,,2,,1000000,2,1,02,2,17,237.58825475
5382966,1,2,1,80,17,1,3,,2,,,9,,2,,2,,2,,908526,2,1,02,2,17,216.39672357
5382968,1,1,1,80,17,1,5,,2,,,10,,3,,2,,,,,3,1,02,4,17,169.54986767
5382968,1,2,1,80,17,2,,,,2,,,.,2,,2,,,,,2,1,02,,17,169.54986767
5382969,1,1,1,80,17,2,,,,2,,,.,2,,2,,,,,2,1,02,,17,169.54986767
5382969,1,2,1,80,17,1,4,,2,,,4,,3,,2,,,,,3,1,02,4,17,169.54986767
5382970,1,3,1,80,17,2,,,,2,,,.,2,,2,,,,,2,1,02,,17,240.16613968
5382970,1,4,1,80,17,2,,,,2,,,.,,,2,,,,,,1,02,,17,240.16613968
5382973,1,1,1,80,17,1,5,,2,,,10,,3,,2,,,,,3,1,02,4,17,172.04436681
5382973,1,3,1,80,17,2,,,,2,,,.,2,,2,,,,,2,1,02,,17,172.04436681
5382975,1,2,1,80,17,1,3,,2,,,11,,2,,2,,,,,2,1,02,4,17,151.04522511
5382977,1,2,1,80,17,1,8,,1,,2,12,POR LO DE LA PAMDEMIA,2,,2,,1,48,908526,2,1,02,2,17,191.12471579
5382979,1,1,1,80,17,1,4,,2,,,8,,2,,1,150000,,,,2,1,02,1.2,17,149.79797554
5382979,1,2,1,80,17,1,4,,2,,,4,,2,,2,,,,,2,1,02,4,17,149.79797554
5382980,1,1,1,80,17,1,4,,2,,,4,,2,,2,,,,,2,1,02,2,17,170.79711724
5382980,1,2,1,80,17,1,3,,2,,,9,,2,,2,,,,,2,1,02,4,17,170.79711724
5382984,1,3,1,80,17,1,6,,2,,,2,,2,,2,,,,,2,1,02,2,17,226.77883995
5382984,1,4,1,80,17,1,6,,2,,,9,,2,,2,,,,,2,1,02,1.4,17,226.77883995
5382984,1,5,1,80,17,2,,,,2,,,.,,,2,,,,,,1,02,,17,226.77883995
5382986,1,2,1,80,17,1,3,,2,,,9,,2,,2,,,,,2,1,02,4,17,228.28143163
5382986,1,3,1,80,17,2,,,,2,,,.,,,2,,,,,,1,02,,17,228.28143163
5382987,1,1,1,80,17,1,3,,2,,,9,,2,,2,,,,,2,1,02,4,17,272.43863282
5382987,1,3,1,80,17,2,,,,2,,,.,2,,2,,,,,2,1,02,,17,272.43863282
5382988,1,2,1,80,17,1,7,,1,,2,9,,2,,2,,1,36,800000,2,1,02,3,17,213.56349654
5382988,1,3,1,80,17,2,,,,2,,,.,,,2,,,,,,1,02,,17,213.56349654
5382989,1,2,1,80,17,1,8,,2,,,2,,2,,2,,1,40,908526,2,1,02,2,17,248.03332376
5382995,1,3,1,80,17,2,,,,2,,,.,2,,2,,,,,2,1,02,,17,260.01958111
5382995,1,4,1,80,17,2,,,,2,,,.,,,2,,,,,,1,02,,17,260.01958111
5382996,1,1,1,80,17,1,4,,2,,,4,,2,,2,,,,,2,1,02,3,17,169.54986767
5382996,1,2,1,80,17,2,,,,2,,,.,2,,2,,,,,2,1,02,,17,169.54986767
5382999,1,1,1,80,17,1,7,,2,,,1,,1,,2,,,,,2,1,02,2,17,188.01248719
5383001,1,1,1,80,17,2,,,,2,,,.,2,,2,,,,,2,1,02,,17,191.98864842
5383001,1,2,1,80,17,1,5,,2,,,10,,3,,2,,,,,3,1,02,1.4,17,191.98864842
5383001,1,4,1,80,17,2,,,,2,,,.,2,,2,,,,,2,1,02,,17,191.98864842
5383002,1,2,1,80,17,1,3,,2,,,9,,2,,2,,2,,98,2,1,02,1.4,17,233.50777815
5383002,1,4,1,80,17,2,,,,2,,,.,2,,2,,,,,2,1,02,,17,233.50777815
5383003,1,2,1,80,17,2,,,,2,,,.,,,2,,,,,,1,02,,17,211.0689974
5383004,1,2,1,80,17,1,3,,2,,,9,,2,,2,,2,,98,2,1,02,4,17,203.00942384
5383004,1,3,1,80,17,2,,,,2,,,.,2,,2,,,,,2,1,02,,17,203.00942384
5383005,1,1,1,80,17,1,5,,2,,,10,,3,,2,,,,,3,1,02,4,17,193.66123797
5383006,1,2,1,80,17,1,3,,2,,,9,,1,,2,,,,,2,1,02,2,17,161.68268359
5383006,1,3,1,80,17,2,,,,2,,,.,,,2,,,,,,1,02,,17,161.68268359
5383006,1,4,1,80,17,1,9,POR LA EDAD,2,,,8,,2,,2,,,,,2,1,02,4,17,161.68268359
5383007,1,4,1,80,17,1,4,,2,,,4,,2,,2,,,,,2,1,02,4,17,176.40384497
5383008,1,2,1,80,17,1,3,,2,,,9,,2,,2,,,,,2,1,02,4,17,311.3694875
5383009,1,1,1,80,17,2,,,,2,,,.,2,,2,,,,,2,1,02,,17,182.6818253
5383009,1,2,1,80,17,1,5,,2,,,10,,3,,2,,,,,3,1,02,4,17,182.6818253
5383009,1,4,1,80,17,2,,,,2,,,.,2,,2,,,,,2,1,02,,17,182.6818253
5383010,1,1,1,80,17,1,1,,2,,,8,,2,,2,,,,,2,1,02,1.4,17,197.50876407
5383010,1,4,1,80,17,2,,,,2,,,.,,,2,,,,,,1,02,,17,197.50876407
5383010,1,6,1,80,17,1,4,,2,,,4,,2,,2,,,,,2,1,02,4,17,197.50876407
5383013,1,1,1,80,17,1,5,,2,,,10,,3,,2,,,,,3,1,02,4,17,185.51798806
5383014,1,2,1,80,17,2,,,,2,,,.,2,,2,,,,,2,1,02,,17,224.20095502
5383018,1,1,1,80,17,1,8,,2,,,11,,2,,2,,,,,2,1,02,2,17,191.31416954
5383018,1,3,1,80,17,2,,,,2,,,.,2,,2,,,,,2,1,02,,17,191.31416954
5383370,1,3,1,80,23,2,,,,2,,,.,2,,2,,,,,2,1,02,,23,189.20688375
5383370,1,4,1,80,23,2,,,,2,,,.,,,2,,,,,,1,02,,23,189.20688375
5383371,1,1,1,80,23,2,,,,2,,,.,2,,2,,,,,2,1,02,,23,255.64426885
5383371,1,5,1,80,23,1,4,,2,,,4,,2,,2,,,,,2,1,02,2,23,255.64426885
5383372,1,2,1,80,23,1,3,,2,,,9,,2,,2,,,,,2,1,02,2,23,181.33483416
5383372,1,3,1,80,23,2,,,,2,,,.,2,,2,,,,,2,1,02,,23,181.33483416
5383372,1,4,1,80,23,2,,,,2,,,.,,,2,,,,,,1,02,,23,181.33483416
5383373,1,5,1,80,23,1,8,,2,,,7,,2,,2,,,,,2,1,02,1.4,23,184.39011842
5383373,1,6,1,80,23,2,,,,2,,,.,2,,2,,1,48,500000,2,1,02,,23,184.39011842
5383374,1,2,1,80,23,2,,,,2,,,.,2,,2,,,,,2,1,02,,23,198.85294029
5383374,1,3,1,80,23,2,,,,2,,,.,,,2,,,,,,1,02,,23,198.85294029
5383375,1,2,1,80,23,2,,,,2,,,.,2,,2,,,,,2,1,02,,23,535.37706612
5383376,1,2,1,80,23,2,,,,2,,,.,2,,2,,,,,2,1,02,,23,395.60872005
5383376,1,3,1,80,23,2,,,,2,,,.,2,,2,,,,,2,1,02,,23,395.60872005
5383377,1,1,1,80,23,1,3,,2,,,9,,2,,2,,,,,2,1,02,4,23,514.05324234
5383378,1,4,1,80,23,2,,,,2,,,.,2,,2,,,,,2,1,02,,23,478.49683598
5383378,1,5,1,80,23,2,,,,2,,,.,2,,2,,,,,2,1,02,,23,478.49683598
5383378,1,6,1,80,23,2,,,,2,,,.,2,,2,,,,,2,1,02,,23,478.49683598
5383379,1,1,1,80,23,1,3,,2,,,4,,2,,2,,,,,2,1,02,2,23,163.95671494
5383379,1,3,1,80,23,2,,,,2,,,.,2,,2,,,,,2,1,02,,23,163.95671494
5383379,1,5,1,80,23,2,,,,2,,,.,2,,2,,,,,2,1,02,,23,163.95671494
5383379,1,6,1,80,23,1,5,,2,,,10,,3,,2,,,,,3,1,02,4,23,163.95671494
5383379,1,7,1,80,23,1,4,,2,,,4,,2,,2,,,,,2,1,02,2,23,163.95671494
5383380,1,1,1,80,23,1,5,,2,,,10,,3,,2,,,,,3,1,02,4,23,132.33609249
5383381,1,2,1,80,23,1,8,,2,,,7,,2,,2,,,,,2,1,02,3,23,130.15196103
5383381,1,4,1,80,23,1,5,,2,,,10,,3,,2,,,,,3,1,02,4,23,130.15196103
5383381,1,5,1,80,23,2,,,,2,,,.,2,,2,,,,,2,1,02,,23,130.15196103
5383382,1,1,1,80,23,1,3,,2,,,9,,2,,2,,,,,2,1,02,4,23,187.10770583
5383382,1,2,1,80,23,2,,,,2,,,.,2,,2,,,,,2,1,02,,23,187.10770583
5383383,1,1,1,80,23,1,1,,2,,,1,,2,,2,,1,48,600000,2,1,02,1.4,23,143.93431829
5383383,1,3,1,80,23,2,,,,2,,,.,2,,2,,,,,2,1,02,,23,143.93431829
5383384,1,3,1,80,23,2,,,,2,,,.,,,2,,,,,,1,02,,23,186.15159949
5383385,1,1,1,80,23,1,4,,2,,,4,,2,,2,,,,,2,1,02,4,23,145.30757088
5383387,1,2,1,80,23,1,3,,2,,,9,,2,,2,,,,,2,1,02,4,23,168.35082989
5383387,1,3,1,80,23,2,,,,2,,,.,2,,2,,,,,2,1,02,,23,168.35082989
5383387,1,5,1,80,23,2,,,,2,,,.,2,,2,,,,,2,1,02,,23,168.35082989
5383387,1,6,1,80,23,1,4,,2,,,4,,2,,2,,,,,2,1,02,4,23,168.35082989
5383390,1,6,1,80,23,2,,,,2,,,.,2,,2,,,,,2,1,02,,23,233.07874503
5384063,1,1,1,80,68,1,3,,2,,,4,,2,,2,,,,,2,1,02,4,68,268.85384495
5384063,1,3,1,80,68,2,,,,2,,,.,2,,2,,,,,2,1,02,,68,268.85384495
5384064,1,2,1,80,68,1,6,,2,,,11,,2,,2,,,,,2,1,02,3,68,658.21571949
5384066,1,3,1,80,68,2,,,,2,,,.,,,2,,,,,,1,02,,68,634.3238216
5384067,1,2,1,80,68,2,,,,2,,,.,2,,2,,,,,2,1,02,,68,587.34260749
5384068,1,2,1,80,68,2,,,,2,,,.,2,,2,,,,,2,1,02,,68,954.01074667
5384070,1,1,1,80,68,1,3,,2,,,9,,2,,2,,,,,2,1,02,4,68,350.28859839
5384071,1,1,1,80,68,1,3,,2,,,11,,2,,2,,,,,2,1,02,4,68,443.99814414
5384073,1,1,1,80,68,1,8,,2,,,8,,2,,2,,,,,2,1,02,4,68,443.99814414
5384074,1,1,1,80,68,1,7,,2,,,12,DEBIDO A LAS RESTRICCIONES DE LA PANDEMIA COVID19,2,,2,,1,56,1500000,2,1,02,1.4,68,494.40235149
5384074,1,2,1,80,68,1,3,,2,,,9,,2,,2,,,,,2,1,02,4,68,494.40235149
5384075,1,2,1,80,73,1,3,,2,,,9,,2,,2,,,,,2,1,02,3,73,297.17627935
5384076,1,1,1,80,73,1,3,,2,,,9,,2,,2,,,,,2,1,02,4,73,154.95747897
5384077,1,2,1,80,73,1,3,,2,,,9,,2,,2,,,,,2,1,02,4,73,154.95747897
5384077,1,4,1,80,73,2,,,,2,,,.,2,,2,,,,,2,1,02,,73,154.95747897
5384078,1,1,1,80,73,1,3,,2,,,9,,2,,2,,,,,2,1,02,2,73,222.85375178
5384078,1,2,1,80,73,1,6,,2,,,1,,2,,2,,,,,2,1,02,3,73,222.85375178
5384080,1,2,1,80,73,1,4,,2,,,4,,2,,2,,,,,2,1,02,3,73,270.18601456
5384084,1,1,1,80,73,1,4,,2,,,4,,2,,2,,,,,2,1,02,2,73,353.35079622
5384084,1,4,1,80,73,1,8,,2,,,2,,2,,2,,2,,908526,2,1,02,1.3,73,353.35079622
5384084,1,5,1,80,73,1,8,,2,,,9,,2,,2,,2,,860000,2,1,02,1.2,73,353.35079622
5384085,1,3,1,80,73,2,,,,1,2,2,,2,,2,,1,20,908526,2,1,02,,73,154.95747897
5384085,1,4,1,80,73,2,,,,2,,,.,2,,2,,,,,2,1,02,,73,154.95747897
5384089,1,3,1,80,73,1,3,,2,,,8,,2,,2,,,,,2,1,02,4,73,155.37582853
5384090,1,3,1,80,73,2,,,,2,,,.,2,,2,,,,,2,1,02,,73,281.23639936
5384093,1,2,1,80,73,2,,,,2,,,.,2,,2,,,,,2,1,02,,73,382.78172933
5384093,2,4,2,80,73,2,,,,2,,,.,,,2,,,,,,1,02,,73,382.78172933
5384094,1,1,1,80,73,1,5,,2,,,10,,3,,2,,,,,3,1,02,4,73,154.95747897
5384099,1,1,1,80,73,2,,,,2,,,.,2,,2,,,,,2,1,02,,73,218.56672619
5384099,1,3,1,80,73,2,,,,2,,,.,,,2,,,,,,1,02,,73,218.56672619
5384099,1,4,1,80,73,2,,,,2,,,.,2,,2,,,,,2,1,02,,73,218.56672619
5384099,1,5,1,80,73,2,,,,2,,,.,2,,2,,,,,2,1,02,,73,218.56672619
5384102,1,1,1,80,73,1,3,,2,,,8,,2,,2,,,,,2,1,02,4,73,269.60677308
5384102,1,2,1,80,73,1,3,,2,,,9,,1,1,2,,,,,1,1,02,4,73,269.60677308
5384104,1,1,1,80,73,1,4,,2,,,4,,2,,2,,,,,2,1,02,3,73,154.95747897
5384104,1,2,1,80,73,1,6,,1,,3,1,,1,,2,,1,48,908526,2,1,02,1.4,73,154.95747897
5384104,1,3,1,80,73,1,7,,2,,,1,,2,,2,,1,50,800000,2,1,02,1.4,73,154.95747897
5384105,1,3,1,80,73,2,,,,2,,,.,2,,2,,,,,2,1,02,,73,281.23639936
5384108,1,1,1,80,73,1,3,,2,,,9,,2,,2,,2,,750000,2,1,02,3,73,601.09869501
5384108,1,2,1,80,73,1,4,,2,,,4,,1,,2,,,,,2,1,02,4,73,601.09869501
5384108,1,7,1,80,73,2,,,,2,,,.,2,,2,,2,,908526,2,1,02,,73,601.09869501
5384109,1,3,1,80,73,2,,,,2,,,.,2,,2,,,,,2,1,02,,73,283.44816341
5384110,1,1,1,80,73,1,4,,2,,,4,,2,,2,,,,,2,1,02,3,73,283.44816341
5384110,1,2,1,80,73,2,,,,2,,,.,2,,2,,,,,2,1,02,,73,283.44816341
5384112,1,2,1,80,73,2,,,,2,,,.,2,,2,,,,,2,1,02,,73,189.36469735
5384112,1,3,1,80,73,2,,,,2,,,.,2,,2,,,,,2,1,02,,73,189.36469735
5384112,1,4,1,80,73,1,5,,2,,,10,,3,,2,,,,,3,1,02,4,73,189.36469735
5384113,1,3,1,80,73,2,,,,2,,,.,,,2,,,,,,1,02,,73,283.44816341
5384118,1,2,1,80,73,1,3,,2,,,9,,2,,2,,2,,908526,2,1,02,1.4,73,400.11977628
5384118,1,3,1,80,73,2,,,,1,3,2,,2,,2,,,,,2,1,02,,73,400.11977628
5384118,1,4,1,80,73,2,,,,2,,,.,2,,2,,,,,2,1,02,,73,400.11977628
5384121,1,3,1,80,73,2,,,,2,,,.,,,2,,,,,,1,02,,73,356.14180175
5384122,1,2,1,80,73,1,7,,1,,2,1,,2,,2,,,,,2,1,02,3,73,223.72755927
5384122,1,4,1,80,73,1,3,,2,,,9,,2,,2,,,,,2,1,02,4,73,223.72755927
5384123,1,2,1,80,73,1,3,,2,,,9,,2,,2,,,,,2,1,02,4,73,228.06946687
5384126,1,1,1,80,73,1,3,,2,,,9,,2,,2,,,,,2,1,02,4,73,316.41285838
5384126,1,6,1,80,73,2,,,,2,,,.,2,,2,,,,,2,1,02,,73,316.41285838
5384127,1,1,1,80,73,1,3,,2,,,9,,2,,2,,,,,2,1,02,4,73,225.10262108
5384127,1,4,1,80,73,1,8,,2,,,1,,2,,2,,,,,2,1,02,2,73,225.10262108
5384128,1,1,1,80,73,1,5,,2,,,10,,3,,2,,,,,3,1,02,2,73,194.52553043
5384129,1,3,1,80,73,2,,,,2,,,.,2,,2,,,,,2,1,02,,73,244.29846152
5384130,1,2,1,80,73,1,3,,2,,,9,,2,,2,,,,,2,1,02,4,73,283.44816341
5384131,1,3,1,80,73,2,,,,2,,,.,,,2,,,,,,1,02,,73,356.14180175
5384132,1,1,1,80,73,1,3,,2,,,9,,2,,2,,,,,2,1,02,4,73,190.47374965
5384132,1,2,1,80,73,2,,,,2,,,.,2,,2,,,,,2,1,02,,73,190.47374965
5384137,1,2,1,80,73,2,,,,2,,,.,2,,2,,,,,2,1,02,,73,456.34917516
5384137,2,2,2,80,73,1,3,,2,,,9,,2,,2,,,,,2,1,02,3,73,456.34917516
5384137,2,4,2,80,73,2,,,,2,,,.,2,,2,,,,,2,1,02,,73,456.34917516
5384137,2,5,2,80,73,2,,,,2,,,.,2,,2,,,,,2,1,02,,73,456.34917516
5384137,2,6,2,80,73,2,,,,2,,,.,,,2,,,,,,1,02,,73,456.34917516
5384138,1,1,1,80,73,1,4,,2,,,4,,2,,2,,,,,2,1,02,2,73,250.71782406
5384138,1,5,1,80,73,2,,,,2,,,.,,,2,,,,,,1,02,,73,250.71782406
5384139,1,1,1,80,73,1,4,,2,,,4,,2,,2,,,,,2,1,02,4,73,161.0578861
5384139,1,2,1,80,73,1,3,,2,,,9,,2,,2,,,,,2,1,02,4,73,161.0578861
5384139,1,6,1,80,73,2,,,,2,,,.,2,,2,,,,,2,1,02,,73,161.0578861
5384143,1,2,1,80,73,1,3,,2,,,8,,2,,2,,,,,2,1,02,3,73,313.38749723
5384144,1,3,1,80,73,2,,,,2,,,.,,,2,,,,,,1,02,,73,381.67901758
5384144,1,6,1,80,73,1,4,,2,,,4,,2,,2,,,,,2,1,02,4,73,381.67901758
5384145,1,1,1,80,73,1,5,,2,,,10,,3,,2,,,,,3,1,02,4,73,329.32737722
5384145,1,2,1,80,73,2,,,,2,,,.,2,,2,,,,,2,1,02,,73,329.32737722
5384145,1,3,1,80,73,2,,,,2,,,.,2,,2,,,,,2,1,02,,73,329.32737722
5384147,1,4,1,80,73,2,,,,2,,,.,2,,2,,,,,2,1,02,,73,310.43842821
5384149,1,2,1,80,73,1,7,,2,,,8,,2,,2,,2,,908526,2,1,02,2,73,399.07194654
5384149,1,3,1,80,73,1,2,,2,,,2,,2,,2,,,,,2,1,02,2,73,399.07194654
5384149,1,4,1,80,73,1,2,,2,,,2,,2,,2,,2,,908526,2,1,02,2,73,399.07194654
5384150,1,1,1,80,73,1,8,,2,,,1,,3,,2,,,,,3,1,02,2,73,254.24613457
5384150,1,2,1,80,73,2,,,,2,,,.,2,,2,,,,,2,1,02,,73,254.24613457
5384151,1,2,1,80,73,1,4,,2,,,4,,2,,2,,2,,908526,2,1,02,4,73,287.79007101
5384152,1,1,1,80,73,1,5,,2,,,10,,3,,2,,,,,3,1,02,4,73,270.18601456
5384152,1,2,1,80,73,2,,,,2,,,.,2,,2,,,,,2,1,02,,73,270.18601456
5384153,1,3,1,80,73,2,,,,2,,,.,2,,2,,2,,908526,2,1,02,,73,283.44816341
5384154,1,2,1,80,73,1,7,,2,,,8,,2,,2,,,,,2,1,02,4,73,214.51719119
5384156,1,2,1,80,73,1,3,,2,,,9,,2,,2,,2,,1500000,2,1,02,4,73,488.32666528
5384157,1,1,1,80,73,1,8,,2,,,1,,2,,2,,,,,2,1,02,4,73,298.2789911
5384157,1,3,1,80,73,2,,,,2,,,.,2,,2,,,,,2,1,02,,73,298.2789911
5384157,1,4,1,80,73,2,,,,2,,,.,2,,2,,,,,2,1,02,,73,298.2789911
5384158,1,1,1,80,73,1,5,,2,,,10,,3,,2,,,,,3,1,02,3,73,329.9066187
5384162,1,2,1,80,73,1,3,,2,,,9,,2,,2,,,,,2,1,02,3,73,383.13206655
5384162,1,3,1,80,73,2,,,,2,,,.,2,,2,,,,,2,1,02,,73,383.13206655
5384162,1,4,1,80,73,2,,,,2,,,.,,,2,,,,,,1,02,,73,383.13206655
5384163,1,3,1,80,73,2,,,,2,,,.,2,,2,,,,,2,1,02,,73,237.45567521
5384163,1,4,1,80,73,2,,,,2,,,.,2,,2,,,,,2,1,02,,73,237.45567521
5384165,1,2,1,80,73,1,3,,2,,,9,,2,,2,,,,,2,1,02,4,73,274.23779533
5384165,1,3,1,80,73,2,,,,1,2,2,,2,,2,,,,,2,1,02,,73,274.23779533
5384166,1,1,1,80,73,1,5,,2,,,10,,3,,2,,,,,3,1,02,2,73,250.19435379
5384167,1,1,1,80,73,1,4,,2,,,4,,2,,2,,,,,2,1,02,4,73,249.61511232
5384167,1,2,1,80,73,1,3,,2,,,9,,2,,2,,,,,2,1,02,3,73,249.61511232
5384169,1,1,1,80,73,1,3,,2,,,9,,2,,2,,,,,2,1,02,3,73,281.99511445
5384169,1,4,1,80,73,2,,,,2,,,.,2,,2,,,,,2,1,02,,73,281.99511445
5384170,1,3,1,80,73,2,,,,2,,,.,2,,2,,,,,2,1,02,,73,273.50049036
5384170,1,4,1,80,73,2,,,,2,,,.,2,,2,,,,,2,1,02,,73,273.50049036
5384171,1,2,1,80,73,1,8,,2,,,9,,2,,2,,,,,2,1,02,3,73,399.63341125
5384172,1,1,1,80,73,1,4,,2,,,4,,2,,2,,,,,2,1,02,4,73,195.35915006
5384172,1,2,1,80,73,2,,,,2,,,.,2,,2,,,,,2,1,02,,73,195.35915006
5384172,1,5,1,80,73,1,4,,2,,,4,,2,,2,,,,,2,1,02,4,73,195.35915006
5384180,1,1,1,80,76,1,7,,1,,4,12,NUNCA HA TENIDO DOCUMENTO DE IDENTIDAD LA RECHAZAN POR ESTA RAZON,2,,2,,2,,1200000,2,1,02,4,76,981.32019662
5384180,1,2,1,80,76,1,8,,2,,,12,NO BUSCA EMPLEO ESPERA QUE LAS PERSONAS QUE LO CONOCEN LO BUSQUEN PARA TRABAJAR,2,,2,,,,,2,1,02,3,76,981.32019662
5384181,1,2,1,80,76,1,3,,2,,,12,FALTA DE RECURSOS PARA INSTALAR NEGOCIO,2,,1,80000,1,30,900000,2,1,02,4,76,760.05202845
5384181,1,3,1,80,76,1,7,,2,,,2,,2,,2,,2,,98,2,1,02,1.4,76,760.05202845
5384182,1,2,1,80,76,1,3,,2,,,9,,2,,2,,,,,2,1,02,4,76,827.24262774
5384183,1,1,1,80,76,1,3,,2,,,9,,2,,2,,,,,2,1,02,4,76,641.71454356
5384183,1,3,1,80,76,1,6,,2,,,9,,2,,2,,2,,99,2,1,02,4,76,641.71454356
5384185,1,1,1,80,76,1,3,,2,,,9,,2,,2,,2,,99,2,1,02,4,76,1270.0735151
5384185,1,2,1,80,76,1,8,,2,,,4,,2,,2,,1,48,800000,2,1,02,2,76,1270.0735151
5384185,1,3,1,80,76,1,4,,2,,,4,,2,,2,,,,,2,1,02,4,76,1270.0735151
5384185,2,2,2,80,76,2,,,,2,,,.,,,2,,,,,,1,02,,76,1270.0735151
5384189,1,2,1,80,76,1,3,,2,,,9,,2,,2,,2,,908526,2,1,02,4,76,1326.5713092
5384189,1,4,1,80,76,1,2,,2,,,9,,2,,2,,2,,908526,2,1,02,2,76,1326.5713092
5384189,1,6,1,80,76,2,,,,2,,,.,2,,2,,,,,2,1,02,,76,1326.5713092
5384189,1,7,1,80,76,1,2,,2,,,2,,2,,2,,1,25,500000,2,1,02,2,76,1326.5713092
5384190,1,1,1,80,76,1,1,,2,,,1,,2,,2,,1,48,908526,2,1,02,2,76,1362.0623787
5384192,1,3,1,80,76,2,,,,2,,,.,,,2,,,,,,1,02,,76,1317.4488178
5384193,1,3,1,80,76,2,,,,2,,,.,,,2,,,,,,1,02,,76,1347.8489333
5384198,1,2,1,80,76,2,,,,2,,,.,2,,2,,,,,2,1,02,,76,1062.091375
5384198,1,3,1,80,76,2,,,,2,,,.,2,,2,,,,,2,1,02,,76,1062.091375
5384200,1,2,1,80,76,2,,,,2,,,.,2,,2,,,,,2,1,02,,76,806.73393215
5384200,1,3,1,80,76,2,,,,2,,,.,,,2,,,,,,1,02,,76,806.73393215
5384201,1,2,1,80,76,2,,,,2,,,.,2,,2,,1,48,908526,2,1,02,,76,905.19558777
5384203,1,2,1,80,76,1,3,,1,,4,5,,1,,2,,1,48,1000000,2,1,02,4,76,716.9572716
5384900,1,3,1,80,05,1,4,,2,,,4,,3,,2,,,,,3,1,02,3,05,1148.0991084
5384902,1,2,1,80,05,1,3,,2,,,9,,1,1,2,,,,,1,1,02,3,05,1255.4940552
5384903,1,1,1,80,05,1,5,,2,,,10,,3,,2,,,,,3,1,02,4,05,1056.6532338
5384903,1,2,1,80,05,1,3,,2,,,9,,2,,2,,,,,2,1,02,4,05,1056.6532338
5384904,1,1,1,80,05,1,3,,2,,,9,,2,,2,,,,,2,1,02,4,05,1069.9291557
5384939,1,3,1,80,23,2,,,,2,,,.,2,,2,,,,,2,1,02,,23,186.15159949
5384940,1,1,1,80,23,1,4,,2,,,4,,2,,2,,,,,2,1,02,4,23,103.66550429
5384940,1,2,1,80,23,2,,,,2,,,.,2,,2,,,,,2,1,02,,23,103.66550429
5384940,1,5,1,80,23,2,,,,2,,,.,,,2,,,,,,1,02,,23,103.66550429
5384941,1,1,1,80,23,1,1,,2,,,1,,2,,2,,,,,2,1,02,2,23,146.33239522
5384942,1,2,1,80,23,2,,,,2,,,.,2,,2,,,,,2,1,02,,23,141.51562989
5384943,1,2,1,80,23,1,3,,2,,,9,,2,,2,,,,,2,1,02,4,23,186.57424987
5384943,1,3,1,80,23,1,4,,2,,,4,,2,,2,,,,,2,1,02,2,23,186.57424987
5384943,1,4,1,80,23,2,,,,2,,,.,2,,2,,,,,2,1,02,,23,186.57424987
5384944,1,2,1,80,23,1,3,,2,,,9,,2,,2,,,,,2,1,02,3,23,203.66970562
5384945,1,2,1,80,23,1,3,,2,,,9,,2,,2,,,,,2,1,02,2,23,154.02497267
5384977,1,2,1,80,50,2,,,,2,,,.,2,,2,,,,,2,1,02,,50,226.56173708
5384982,1,1,1,80,50,1,3,,2,,,9,,2,,2,,,,,2,1,02,4,50,230.84848816
5384983,1,1,1,80,50,1,3,,2,,,9,,2,,2,,,,,2,1,02,2,50,264.47215965
5384984,1,2,1,80,50,1,4,,2,,,4,,2,,2,,,,,2,1,02,4,50,239.72498909
5384985,1,1,1,80,50,1,5,,2,,,11,,3,,2,,,,,3,1,02,3,50,212.40878588
5384985,1,3,1,80,50,2,,,,2,,,.,2,,2,,,,,2,1,02,,50,212.40878588
5384986,1,1,1,80,50,1,4,,2,,,8,,2,,2,,,,,2,1,02,4,50,268.57981862
5384986,1,2,1,80,50,1,9,DETENIDO EN CARCEL,2,,,11,,2,,2,,,,,2,1,02,4,50,268.57981862
5384988,1,2,1,80,50,2,,,,1,4,9,,2,,2,,,,,2,1,02,,50,327.04013501
5384988,1,3,1,80,50,2,,,,2,,,.,,,2,,,,,,1,02,,50,327.04013501
5384990,1,2,1,80,50,1,3,,1,,2,6,,2,,2,,,,,2,1,02,2,50,236.35762158
5384990,1,3,1,80,50,2,,,,2,,,.,2,,2,,,,,2,1,02,,50,236.35762158
5384990,1,4,1,80,50,2,,,,2,,,.,,,2,,,,,,1,02,,50,236.35762158
5384991,1,1,1,80,50,1,4,,2,,,5,,2,,2,,,,,2,1,02,4,50,190.53054339
5384991,1,2,1,80,50,1,8,,2,,,12,ESPERA LA FINALIZACION DE LA PANDEMIA COVID 19,2,,2,,1,40,900000,2,1,02,1.4,50,190.53054339
5384991,1,3,1,80,50,2,,,,2,,,.,,,2,,,,,,1,02,,50,190.53054339
5384991,1,4,1,80,50,2,,,,2,,,.,,,2,,,,,,1,02,,50,190.53054339
5384992,1,4,1,80,50,1,2,,2,,,2,,2,,2,,,,,2,1,02,3,50,379.88426199
5384993,1,3,1,80,50,1,8,,1,,1,2,,2,,2,,,,,2,1,02,1.3,50,277.45631955
5384998,1,1,1,80,52,2,,,,2,,,.,2,,2,,,,,2,1,02,,52,155.54065035
5385003,1,2,1,80,52,2,,,,2,,,.,2,,2,,,,,2,1,02,,52,152.66336887
5385005,1,2,1,80,52,1,7,,2,,,9,,2,,2,,2,,600000,2,1,02,2,52,240.53749669
5385005,1,3,1,80,52,2,,,,2,,,.,2,,2,,,,,2,1,02,,52,240.53749669
5385006,1,1,1,80,52,1,4,,2,,,4,,2,,2,,,,,2,1,02,2,52,158.46768886
5385007,1,2,1,80,52,2,,,,2,,,.,2,,2,,,,,2,1,02,,52,160.72541503
5385007,1,5,1,80,52,1,2,,2,,,2,,2,,2,,,,,2,1,02,2,52,160.72541503
5385007,1,6,1,80,52,2,,,,2,,,.,,,2,,,,,,1,02,,52,160.72541503
5385008,1,3,1,80,52,1,1,,1,,1,9,,2,,2,,2,,500000,2,1,02,2,52,204.56290433
5385009,1,5,1,80,52,2,,,,2,,,.,,,2,,,,,,1,02,,52,132.19878232
5385011,1,3,1,80,52,1,4,,2,,,2,,2,,2,,,,,2,1,02,1.3,52,167.6014061
5385011,1,4,1,80,52,2,,,,2,,,.,2,,2,,,,,2,1,02,,52,167.6014061
5385012,1,1,1,80,52,1,7,,2,,,8,,3,,2,,,,,3,1,02,4,52,152.66336887
5385012,1,2,1,80,52,1,5,,2,,,10,,3,,2,,,,,3,1,02,4,52,152.66336887
5385013,1,2,1,80,52,2,,,,2,,,.,2,,2,,,,,2,1,02,,52,185.24863758
5385014,1,2,1,80,52,1,8,,2,,,2,,2,,2,,2,,400000,2,1,02,1.2,52,216.59262535
5385015,1,2,1,80,52,1,3,,2,,,9,,2,,2,,,,,2,1,02,1.3,52,185.18871116
5385017,1,2,1,80,52,1,9,PANDEMIA,2,,,2,,2,,2,,,,,2,1,02,1.2,52,245.11925806
5385019,1,2,1,80,52,1,3,,2,,,9,,2,,2,,,,,2,1,02,4,52,138.40546104
5385019,1,3,1,80,52,2,,,,2,,,.,2,,2,,,,,2,1,02,,52,138.40546104
5385019,1,4,1,80,52,2,,,,2,,,.,2,,2,,,,,2,1,02,,52,138.40546104
5385022,1,1,1,80,52,1,5,,2,,,10,,3,,2,,,,,3,1,02,4,52,155.54065035
5385030,1,1,1,80,54,1,4,,2,,,8,,2,,2,,2,,800000,2,1,02,3,54,284.96262958
5385030,1,2,1,80,54,1,3,,2,,,9,,2,,2,,,,,2,1,02,4,54,284.96262958
5385031,1,4,1,80,54,2,,,,2,,,.,2,,2,,,,,2,1,02,,54,408.2186098
5385034,1,2,1,80,54,2,,,,2,,,.,2,,2,,,,,2,1,02,,54,308.26192662
5385035,1,1,1,80,54,1,5,,2,,,10,,3,,2,,,,,3,1,02,4,54,233.11051729
5385035,1,2,1,80,54,1,3,,2,,,9,,2,,2,,,,,2,1,02,4,54,233.11051729
5385035,1,5,1,80,54,2,,,,2,,,.,2,,2,,,,,2,1,02,,54,233.11051729
5385037,1,1,1,80,54,1,8,,2,,,9,,2,,2,,,,,2,1,02,2,54,405.55429706
5385040,1,3,1,80,54,2,,,,2,,,.,,,2,,,,,,1,02,,54,439.36835096
5385041,1,1,1,80,54,1,8,,2,,,1,,2,,2,,1,25,800000,2,1,02,2,54,405.55429706
5385042,1,1,1,80,54,1,4,,2,,,4,,2,,2,,,,,2,1,02,2,54,375.32248498
5385043,1,3,1,80,54,2,,,,2,,,.,2,,2,,,,,2,1,02,,54,405.23079064
5385044,1,1,1,80,68,1,5,,2,,,10,,3,,2,,,,,3,1,02,4,68,507.75953884
5385047,1,1,1,80,68,1,5,,2,,,10,,3,,2,,,,,3,1,02,4,68,491.25484426
5385047,1,2,1,80,68,1,4,,2,,,4,,2,,2,,,,,2,1,02,4,68,491.25484426
5385048,1,1,1,80,68,1,5,,2,,,10,,3,,2,,,,,3,1,02,4,68,397.54529851
5385048,1,2,1,80,68,1,4,,2,,,8,,2,,2,,,,,2,1,02,4,68,397.54529851
5385048,1,3,1,80,68,1,4,,2,,,4,,2,,2,,,,,2,1,02,4,68,397.54529851
5385049,1,1,1,80,68,1,7,,2,,,11,,3,,2,,,,,3,1,02,3,68,521.20299531
5385050,1,1,1,80,68,1,3,,2,,,8,,2,,2,,,,,2,1,02,4,68,339.99264916
5385051,1,3,1,80,68,1,8,,2,,,8,,2,,2,,,,,2,1,02,4,68,780.793713
5385051,1,5,1,80,68,2,,,,2,,,.,2,,2,,,,,2,1,02,,68,780.793713
5385053,1,2,1,80,68,2,,,,2,,,.,2,,2,,,,,2,1,02,,68,414.04999309
5385055,1,3,1,80,68,2,,,,2,,,.,2,,2,,,,,2,1,02,,68,681.58052172
5385055,1,5,1,80,68,1,9,AISLAMIENTO PREVENTIVO OBLIGATORIO,2,,,4,,2,,2,,2,,908600,2,1,02,2,68,681.58052172
5385057,1,1,1,80,68,1,4,,2,,,4,,2,,2,,,,,2,1,02,4,68,414.04999309
5385057,1,2,1,80,68,2,,,,2,,,.,2,,2,,,,,2,1,02,,68,414.04999309
5385061,1,1,1,80,68,1,7,,2,,,9,,2,,2,,,,,2,1,02,4,68,414.04999309
5385062,1,4,1,80,68,1,3,,2,,,9,,2,,2,,,,,2,1,02,4,68,495.9796668
5385063,1,2,1,80,68,1,6,,2,,,9,,2,,2,,,,,2,1,02,2,68,414.04999309
5385064,1,1,1,80,68,2,,,,2,,,.,2,,2,,,,,2,1,02,,68,579.16303043
5385064,1,2,1,80,68,2,,,,2,,,.,2,,2,,,,,2,1,02,,68,579.16303043
5385065,1,4,1,80,68,2,,,,2,,,.,2,,2,,,,,2,1,02,,68,816.71580669
5385065,1,5,1,80,68,2,,,,2,,,.,,,2,,,,,,1,02,,68,816.71580669
5385066,1,1,1,80,68,1,4,,2,,,4,,2,,2,,,,,2,1,02,4,68,480.95889502
5385838,1,2,1,80,05,1,3,,2,,,9,,2,,2,,,,,2,1,02,4,05,1056.6532338
5385839,1,1,1,80,05,1,9,POR LA EDAD,2,,,8,,3,,2,,,,,3,1,02,4,05,1083.3399696
5385840,1,1,1,80,05,1,3,,2,,,9,,2,,2,,,,,2,1,02,4,05,978.61817318
5385840,1,2,1,80,05,1,9,PANDEMIA,2,,,10,,3,,2,,2,,908500,3,1,02,1.4,05,978.61817318
5385843,1,1,1,80,05,1,3,,2,,,9,,2,,2,,,,,2,1,02,4,05,978.61817318
5385843,1,2,1,80,05,2,,,,2,,,.,2,,2,,,,,2,1,02,,05,978.61817318
5385846,1,1,1,80,05,1,5,,2,,,9,,3,,2,,,,,3,1,02,4,05,1216.9367084
5385846,1,2,1,80,05,1,2,,2,,,2,,1,,2,,1,42,908000,2,1,02,2,05,1216.9367084
5385848,1,2,1,80,05,2,,,,2,,,.,2,,2,,,,,2,1,02,,05,1354.5067396
5385851,1,1,1,80,05,1,9,POR LA PANDEMIA,2,,,12,POR LA PANDEMIA,2,,2,,1,40,900000,2,1,02,1.4,05,971.62408288
5385852,1,1,1,80,05,1,4,,2,,,10,,3,,2,,1,48,1200000,3,1,02,4,05,1071.2182041
5385852,1,2,1,80,05,1,5,,2,,,10,,3,,2,,,,,3,1,02,4,05,1071.2182041
5385852,1,3,1,80,05,2,,,,2,,,.,2,,2,,,,,2,1,02,,05,1071.2182041
5385854,1,2,1,80,05,1,3,,2,,,9,,1,,2,,2,,2500000,2,1,02,3,05,1255.4940552
5385855,1,1,1,80,05,1,7,,2,,,12,EL HIJO SE HIZO A CARGO DE ELLA,2,,2,,,,,2,1,02,4,05,971.62408288
5385855,1,2,1,80,05,1,8,,1,,3,5,,2,,2,,1,48,908500,2,1,02,3,05,971.62408288
5385856,1,1,1,80,05,1,8,,2,,,11,,1,,2,,,,,2,1,02,1.3,05,1129.099515
5385857,1,1,1,80,05,1,8,,2,,,11,,2,,2,,,,,2,1,02,4,05,1143.7781685
5385857,1,3,1,80,05,2,,,,1,3,1,,2,,2,,1,48,900000,2,1,02,,05,1143.7781685
5385860,1,1,1,80,05,1,5,,2,,,4,,3,,2,,,,,3,1,02,1.4,05,1056.6532338
5385860,1,2,1,80,05,1,5,,2,,,10,,3,,2,,,,,3,1,02,4,05,1056.6532338
5385864,1,1,1,80,05,1,5,,2,,,10,,3,,2,,,,,3,1,02,4,05,971.62408288
5385865,1,1,1,80,05,1,6,,1,,2,1,,2,,2,,1,48,4000000,2,1,02,4,05,1056.6532338
5385866,1,1,1,80,05,1,5,,2,,,10,,3,,2,,,,,3,1,02,4,05,971.75897497
5385866,1,4,1,80,05,1,7,,2,,,1,,1,1,2,,,,,1,1,02,1.4,05,971.75897497
5385868,1,1,1,80,05,1,1,,2,,,11,,3,,2,,,,,3,1,02,4,05,1069.9291557
5385869,1,5,1,80,05,1,6,,2,,,4,,2,,2,,,,,2,1,02,4,05,1330.0553267
5385869,1,6,1,80,05,1,3,,2,,,8,,2,,2,,,,,2,1,02,4,05,1330.0553267
5385870,1,3,1,80,05,1,8,,2,,,2,,2,,2,,1,48,1500000,2,1,02,2,05,1044.2052561
5385871,1,1,1,80,05,1,7,,1,,2,8,,3,,2,,1,48,908504,3,1,02,2,05,1056.6532338
5385872,1,2,1,80,05,1,3,,2,,,9,,2,,2,,,,,2,1,02,4,05,1032.0834906
5385872,1,3,1,80,05,2,,,,2,,,.,2,,2,,,,,2,1,02,,05,1032.0834906
5385872,1,4,1,80,05,2,,,,2,,,.,2,,2,,,,,2,1,02,,05,1032.0834906
5385873,1,2,1,80,05,1,4,,2,,,4,,1,,2,,2,,908000,2,1,02,2,05,1049.6591435
5385875,1,2,1,80,11,1,7,,1,,2,5,,2,,2,,1,48,908526,2,1,02,4,11,6555.9047619
5385875,1,4,1,80,11,2,,,,2,,,.,,,2,,,,,,1,02,,11,6555.9047619
5385876,1,2,1,80,13,2,,,,2,,,.,2,,2,,,,,2,1,02,,13,320.73008059
5385877,1,1,1,80,13,2,,,,2,,,.,2,,2,,,,,2,1,02,,13,429.5315302
5385877,1,3,1,80,13,1,8,,1,,2,5,,2,,2,,1,48,908526,2,1,02,3,13,429.5315302
5385879,1,3,1,80,13,2,,,,2,,,.,,,2,,,,,,1,02,,13,419.0104905
5385880,1,1,1,80,13,2,,,,2,,,.,2,,2,,,,,2,1,02,,13,283.67439354
5385881,1,2,1,80,13,2,,,,2,,,.,2,,2,,,,,2,1,02,,13,402.48697334
5385881,1,3,1,80,13,2,,,,2,,,.,2,,2,,,,,2,1,02,,13,402.48697334
5385881,1,4,1,80,13,2,,,,2,,,.,,,2,,,,,,1,02,,13,402.48697334
5385883,1,1,1,80,13,1,4,,2,,,4,,2,,2,,,,,2,1,02,3,13,377.17211965
5385884,1,5,1,80,13,2,,,,2,,,.,2,,2,,,,,2,1,02,,13,424.97756755
5385884,1,7,1,80,13,2,,,,2,,,.,2,,2,,,,,2,1,02,,13,424.97756755
5385885,1,1,1,80,13,1,8,,2,,,11,,2,,2,,,,,2,1,02,4,13,339.39966217
5385885,1,2,1,80,13,2,,,,2,,,.,2,,2,,,,,2,1,02,,13,339.39966217
5385887,1,1,1,80,13,1,9,PANDEMIA,2,,,1,,2,,2,,1,40,900000,2,1,02,1.4,13,377.17211965
5385888,1,1,1,80,13,1,5,,2,,,10,,3,,2,,,,,3,1,02,3,13,416.45431031
5385889,1,1,1,80,13,1,7,,2,,,12,POR SEGURIDAD POR COVID 19,2,,2,,1,40,908526,2,1,02,1.4,13,403.75180579
5385889,1,4,1,80,13,2,,,,2,,,.,2,,2,,,,,2,1,02,,13,403.75180579
5385890,1,3,1,80,13,1,9,POR SEGURIDAD POR COVID 19,2,,,12,POR SEGURIDAD POR COVID 19,2,,2,,1,40,908526,2,1,02,1.4,13,433.62062213
5385891,1,1,1,80,13,1,8,,2,,,9,,2,,2,,2,,900000,2,1,02,2,13,506.58617834
5385894,1,1,1,80,13,2,,,,2,,,.,2,,2,,,,,2,1,02,,13,356.05492382
5385895,1,1,1,80,13,1,8,,1,,3,8,,2,,2,,,,,2,1,02,3,13,344.07378003
5385896,1,2,1,80,13,2,,,,2,,,.,2,,2,,,,,2,1,02,,13,346.6415495
5385897,1,1,1,80,13,1,5,,2,,,10,,3,,2,,,,,3,1,02,1.4,13,339.39966217
5385897,1,2,1,80,13,2,,,,2,,,.,2,,2,,,,,2,1,02,,13,339.39966217
5385900,1,1,1,80,13,1,4,,2,,,4,,3,,2,,,,,3,1,02,1.4,13,282.95762311
5385900,1,2,1,80,13,2,,,,2,,,.,2,,2,,,,,2,1,02,,13,282.95762311
5385900,1,3,1,80,13,1,2,,2,,,2,,2,,1,500000,2,,908526,2,1,02,1.1,13,282.95762311
5385902,1,2,1,80,13,1,7,,2,,,1,,2,,2,,1,40,908526,2,1,02,1.4,13,787.63158405
5385905,1,2,1,80,13,1,2,,2,,,2,,2,,2,,2,,908526,2,1,02,3,13,356.05492382
5385906,1,1,1,80,13,1,9,PANDEMIA,2,,,9,,2,,2,,,,,2,1,02,1.4,13,678.79932433
5385908,1,2,1,80,13,1,3,,2,,,8,,2,,2,,,,,2,1,02,4,13,322.23981377
5385908,1,3,1,80,13,2,,,,2,,,.,2,,2,,,,,2,1,02,,13,322.23981377
5385909,1,2,1,80,13,1,4,,2,,,4,,2,,2,,2,,600000,2,1,02,4,13,716.98189759
5385912,1,1,1,80,17,1,5,,2,,,10,,3,,2,,,,,3,1,02,4,17,191.98864842
5385912,1,2,1,80,17,2,,,,2,,,.,2,,2,,,,,2,1,02,,17,191.98864842
5385912,1,4,1,80,17,2,,,,2,,,.,2,,2,,,,,2,1,02,,17,191.98864842
5385914,1,1,1,80,17,1,2,,2,,,2,,1,,2,,,,,2,1,02,3,17,210.87660792
5385915,1,2,1,80,17,1,3,,2,,,9,,1,,2,,,,,2,1,02,4,17,212.31624697
5385916,1,2,1,80,17,1,7,,2,,,9,,1,,2,,,,,2,1,02,4,17,240.16613968
5385917,1,2,1,80,17,1,5,,2,,,10,,3,,2,,,,,3,1,02,4,17,170.79711724
5385918,1,1,1,80,17,1,3,,2,,,9,,2,,2,,,,,2,1,02,4,17,211.0689974
5385918,1,2,1,80,17,1,2,,2,,,2,,2,,2,,1,40,908526,2,1,02,3,17,211.0689974
5385919,1,1,1,80,17,1,5,,2,,,4,,3,,2,,,,,3,1,02,4,17,206.79319559
5385919,1,3,1,80,17,2,,,,1,1,9,,2,,2,,,,,2,1,02,,17,206.79319559
5385920,1,1,1,80,17,2,,,,2,,,.,2,,2,,,,,2,1,02,,17,170.12557408
5385921,1,3,1,80,17,1,9,POR LA PANDEMIA,1,,1,2,,2,,2,,,,908526,2,1,02,2,17,196.34812658
5385921,1,4,1,80,17,2,,,,2,,,.,2,,2,,,,,2,1,02,,17,196.34812658
5385923,1,4,1,80,17,2,,,,1,1,2,,2,,2,,,,,2,1,02,,17,206.98558507
5385924,1,1,1,80,17,1,7,,2,,,8,,2,,2,,1,50,98,2,1,02,1.4,17,190.16846926
5385924,1,2,1,80,17,2,,,,2,,,.,2,,2,,,,,2,1,02,,17,190.16846926
5385925,1,3,1,80,17,2,,,,2,,,.,,,2,,,,,,1,02,,17,203.00942384
5385926,1,1,1,80,17,1,3,,2,,,9,,2,,2,,,,,2,1,02,4,17,213.47688446
5385927,1,2,1,80,17,2,,,,2,,,.,2,,2,,,,,2,1,02,,17,190.74139886
5385928,1,3,1,80,17,2,,,,2,,,.,,,2,,,,,,1,02,,17,212.31624697
5385929,1,1,1,80,17,1,5,,2,,,10,,3,,2,,,,,3,1,02,4,17,193.66123797
5385930,1,5,1,80,17,2,,,,2,,,.,2,,2,,1,48,98,2,1,02,,17,217.83636262
5385931,1,2,1,80,17,1,1,,2,,,9,,1,,2,,,,,2,1,02,1.4,17,212.31624697
5385931,1,3,1,80,17,2,,,,2,,,.,2,,2,,,,,2,1,02,,17,212.31624697
5385933,1,2,1,80,17,1,4,,2,,,4,,2,,2,,,,,2,1,02,4,17,169.54986767
5385934,1,3,1,80,17,1,2,,2,,,2,,2,,2,,2,,1000000,2,1,02,1.4,17,196.34812658
5385935,1,3,1,80,17,1,2,,2,,,2,,2,,2,,,,,2,1,02,1.2,17,188.20487668
5385935,1,4,1,80,17,1,4,,2,,,4,,2,,2,,,,,2,1,02,4,17,188.20487668
5385936,1,1,1,80,17,1,4,,2,,,4,,3,,2,,,,,3,1,02,4,17,169.54986767
5385936,1,2,1,80,17,2,,,,2,,,.,2,,2,,,,,2,1,02,,17,169.54986767
5385937,1,2,1,80,17,1,4,,2,,,4,,2,,2,,,,,2,1,02,3,17,214.27983955
5385937,1,3,1,80,17,1,3,,2,,,9,,2,,2,,,,,2,1,02,4,17,214.27983955
5385938,2,2,2,80,17,2,,,,2,,,.,2,,2,,,,,2,1,02,,17,209.92036139
5385939,1,5,1,80,17,1,2,,2,,,2,,2,,2,,,,,2,1,02,2,17,303.50230342
5385940,1,1,1,80,17,1,4,,2,,,8,,2,,2,,,,,2,1,02,4,17,169.54986767
5385940,1,2,1,80,17,1,3,,2,,,9,,2,,2,,,,,2,1,02,4,17,169.54986767
5385941,1,1,1,80,17,1,4,,2,,,4,,3,,2,,,,,3,1,02,4,17,165.76609592
5385941,1,2,1,80,17,1,6,,2,,,9,,2,,2,,,,,2,1,02,4,17,165.76609592
5385942,1,1,1,80,17,1,7,,2,,,9,,2,,2,,,,,2,1,02,3,17,203.00942384
5385942,1,3,1,80,17,1,8,,2,,,11,,2,,2,,,,,2,1,02,2,17,203.00942384
5385976,1,3,1,80,23,2,,,,2,,,.,,,2,,,,,,1,02,,23,185.12677515
5385977,1,3,1,80,23,2,,,,2,,,.,2,,2,,,,,2,1,02,,23,167.78814116
5385979,1,2,1,80,23,2,,,,2,,,.,2,,2,,,,,2,1,02,,23,154.02497267
5386037,1,2,1,80,54,1,8,,2,,,1,,2,,1,800000,,,,2,1,02,1.1,54,348.4101051
5386037,1,4,1,80,54,1,4,,2,,,4,,2,,2,,,,,2,1,02,4,54,348.4101051
5386038,1,1,1,80,54,1,4,,2,,,8,,2,,2,,,,,2,1,02,4,54,352.02318794
5386039,1,1,1,80,54,1,3,,2,,,9,,2,,2,,,,,2,1,02,4,54,273.88395946
5386040,1,4,1,80,54,2,,,,2,,,.,2,,2,,,,,2,1,02,,54,400.00033166
5386040,1,5,1,80,54,2,,,,2,,,.,,,2,,,,,,1,02,,54,400.00033166
5386040,1,7,1,80,54,1,4,,2,,,4,,2,,2,,,,,2,1,02,1.2,54,400.00033166
5386041,1,1,1,80,54,1,4,,2,,,4,,2,,2,,,,,2,1,02,3,54,515.9724933
5386041,1,3,1,80,54,2,,,,2,,,.,2,,2,,,,,2,1,02,,54,515.9724933
5386041,1,5,1,80,54,1,3,,2,,,9,,2,,2,,,,,2,1,02,3,54,515.9724933
5386041,1,8,1,80,54,1,3,,2,,,9,,2,,2,,,,,2,1,02,2,54,515.9724933
5386043,1,3,1,80,54,2,,,,2,,,.,2,,2,,,,,2,1,02,,54,298.39781877
5386043,2,2,2,80,54,1,3,,2,,,9,,2,,2,,,,,2,1,02,2,54,298.39781877
5386044,1,2,1,80,54,1,3,,2,,,9,,2,,2,,,,,2,1,02,2,54,508.34291866
5386044,1,3,1,80,54,2,,,,2,,,.,,,2,,,,,,1,02,,54,508.34291866
5386045,1,1,1,80,54,1,3,,2,,,9,,2,,2,,,,,2,1,02,2,54,413.58982124
5386045,1,3,1,80,54,2,,,,2,,,.,,,2,,,,,,1,02,,54,413.58982124
5386046,1,3,1,80,54,2,,,,2,,,.,2,,2,,,,,2,1,02,,54,401.13418182
5386047,1,3,1,80,54,2,,,,2,,,.,,,2,,,,,,1,02,,54,366.15782419
5386048,1,2,1,80,54,2,,,,2,,,.,2,,2,,,,,2,1,02,,54,493.13447259
5386049,1,2,1,80,54,2,,,,2,,,.,2,,2,,,,,2,1,02,,54,351.78817544
5386051,1,1,1,80,54,1,4,,2,,,4,,2,,2,,2,,908526,2,1,02,1.2,54,310.80119965
5386052,1,1,1,80,54,1,3,,2,,,9,,1,,2,,1,24,500000,2,1,02,4,54,297.50676291
5386053,1,1,1,80,54,1,4,,2,,,4,,2,,2,,,,,2,1,02,4,54,354.56246097
5386054,1,2,1,80,54,1,3,,2,,,8,,2,,2,,,,,2,1,02,4,54,307.96386689
5386054,1,3,1,80,54,1,4,,2,,,9,,2,,2,,,,,2,1,02,4,54,307.96386689
5386055,1,2,1,80,54,1,9,REDUCCION DE PERSONAL,2,,,9,,1,,2,,1,48,900000,2,1,02,1.3,54,385.08693844
5386057,1,2,1,80,54,1,3,,2,,,9,,2,,2,,,,,2,1,02,4,54,405.46580315
5386058,1,2,1,80,54,1,9,POR LA PANDEMIA,2,,,9,,2,,2,,2,,908526,2,1,02,1.4,54,728.48762971
5386059,1,1,1,80,54,1,4,,2,,,9,,2,,2,,,,,2,1,02,3,54,609.24871604
5386059,1,3,1,80,54,2,,,,2,,,.,2,,2,,,,,2,1,02,,54,609.24871604
5386106,1,1,1,80,68,1,3,,2,,,9,,2,,2,,,,,2,1,02,4,68,417.19750032
5386107,1,2,1,80,68,1,3,,2,,,9,,2,,2,,,,,2,1,02,4,68,660.62353829
5386107,1,3,1,80,68,2,,,,2,,,.,2,,2,,,,,2,1,02,,68,660.62353829
5386107,1,4,1,80,68,2,,,,2,,,.,2,,2,,,,,2,1,02,,68,660.62353829
5386108,1,2,1,80,68,2,,,,2,,,.,,,2,,,,,,1,02,,68,600.42214887
5386108,1,3,1,80,68,2,,,,2,,,.,,,2,,,,,,1,02,,68,600.42214887
5386109,1,2,1,80,68,1,3,,2,,,11,,2,,2,,,,,2,1,02,3,68,510.90704607
5386112,1,1,1,80,68,1,3,,2,,,9,,2,,2,,,,,2,1,02,4,68,491.25484426
5386114,1,3,1,80,68,2,,,,2,,,.,,,2,,,,,,1,02,,68,664.54745865
5386115,1,2,1,80,68,1,3,,2,,,9,,2,,2,,,,,2,1,02,4,68,268.85384495
5386115,1,3,1,80,68,1,5,,2,,,10,,3,,2,,,,,3,1,02,4,68,268.85384495
5386116,1,1,1,80,68,1,4,,2,,,4,,2,,2,,,,,2,1,02,4,68,310.04449811
5386116,1,2,1,80,68,2,,,,2,,,.,2,,2,,,,,2,1,02,,68,310.04449811
5386117,1,1,1,80,68,1,4,,2,,,4,,2,,2,,,,,2,1,02,4,68,290.3922963
5386117,1,3,1,80,68,1,3,,2,,,8,,2,,2,,,,,2,1,02,4,68,290.3922963
5386117,1,4,1,80,68,1,4,,2,,,4,,3,,2,,,,,3,1,02,4,68,290.3922963
5386118,1,1,1,80,68,2,,,,2,,,.,2,,2,,,,,2,1,02,,68,350.28859839
5386119,1,1,1,80,68,1,8,,2,,,4,,1,,2,,,,,2,1,02,4,68,333.78390381
5386119,1,3,1,80,68,1,3,,2,,,12,EL ESPOSO LE DIJO QUE NO LA DEJABA TRABAJAR MAS,2,,2,,,,,2,1,02,4,68,333.78390381
5386119,1,4,1,80,68,1,4,,2,,,4,,2,,2,,,,,2,1,02,4,68,333.78390381
5386120,1,1,1,80,68,1,5,,2,,,10,,3,,2,,,,,3,1,02,4,68,443.99814414
5386121,1,1,1,80,68,1,3,,2,,,9,,2,,2,,2,,98,2,1,02,4,68,1494.4597903
5386121,1,4,1,80,68,2,,,,2,,,.,2,,2,,,,,2,1,02,,68,1494.4597903
5386122,1,1,1,80,68,1,1,,2,,,8,,3,,2,,,,,3,1,02,1.1,68,443.99814414
5386123,1,3,1,80,68,2,,,,2,,,.,2,,2,,1,40,3000000,2,1,02,,68,597.51340293
5386123,1,4,1,80,68,2,,,,2,,,.,2,,2,,,,,2,1,02,,68,597.51340293
5386124,1,2,1,80,68,1,3,,2,,,9,,2,,2,,,,,2,1,02,4,68,521.91546839
5386124,1,4,1,80,68,2,,,,2,,,.,,,2,,,,,,1,02,,68,521.91546839
5386127,1,2,1,80,68,1,7,,2,,,9,,2,,2,,1,48,900000,2,1,02,1.4,68,826.01206162
5386127,1,3,1,80,68,1,8,,2,,,8,,2,,2,,1,48,900000,2,1,02,1.3,68,826.01206162
5386127,1,4,1,80,68,2,,,,2,,,.,,,2,,,,,,1,02,,68,826.01206162
5386128,1,1,1,80,68,1,5,,2,,,4,,3,,2,,,,,3,1,02,3,68,585.76529218
5386131,1,2,1,80,68,1,3,,2,,,9,,2,,2,,,,,2,1,02,4,68,414.04999309
5386132,1,4,1,80,68,2,,,,2,,,.,,,2,,,,,,1,02,,68,430.5525277
5386133,1,2,1,80,68,1,4,,2,,,4,,2,,2,,,,,2,1,02,3,68,427.49344956
5386134,1,1,1,80,68,1,9,POR PANDEMIA COVID 19,2,,,9,,2,,2,,,,,2,1,02,2,68,310.04449811
5386134,1,2,1,80,68,1,9,POR PANDEMIA DE COVID 19,2,,,4,,2,,2,,,,,2,1,02,2,68,310.04449811
5386135,1,3,1,80,68,2,,,,2,,,.,2,,2,,,,,2,1,02,,68,551.86361944
5386138,1,2,1,80,68,2,,,,1,4,7,,2,,2,,,,,2,1,02,,68,629.06847061
5386141,1,2,1,80,68,1,7,,1,,1,1,,2,,2,,,,908526,2,1,02,2,68,487.30132257
5386155,1,1,1,80,73,1,3,,2,,,9,,2,,2,,,,,2,1,02,4,73,250.19435379
5386156,1,2,1,80,73,1,5,,2,,,10,,3,,2,,,,,3,1,02,2,73,299.38804341
5386157,1,1,1,80,73,1,5,,2,,,10,,3,,2,,,,,3,1,02,4,73,281.23639936
5386157,1,2,1,80,73,1,3,,2,,,9,,2,,2,,,,,2,1,02,4,73,281.23639936
5386157,1,3,1,80,73,2,,,,2,,,.,,,2,,,,,,1,02,,73,281.23639936
5386161,1,1,1,80,73,1,3,,2,,,9,,2,,2,,2,,1600000,2,1,02,2,73,339.11698678
5386162,1,1,1,80,73,1,4,,2,,,4,,2,,2,,,,,2,1,02,4,73,297.17627935
5386162,1,3,1,80,73,2,,,,2,,,.,2,,2,,,,,2,1,02,,73,297.17627935
5386163,1,1,1,80,73,1,3,,2,,,9,,2,,2,,,,,2,1,02,3,73,251.29706554
5386163,1,2,1,80,73,2,,,,2,,,.,2,,2,,,,,2,1,02,,73,251.29706554
5386163,1,3,1,80,73,2,,,,2,,,.,,,2,,,,,,1,02,,73,251.29706554
5386164,1,1,1,80,73,1,5,,2,,,10,,3,,2,,,,,3,1,02,4,73,310.32333581
5386167,1,1,1,80,73,1,7,,2,,,9,,2,,2,,,,,2,1,02,4,73,250.19435379
5386168,1,1,1,80,73,1,4,,2,,,8,,2,,2,,,,,2,1,02,4,73,250.19435379
5386169,1,2,1,80,73,2,,,,2,,,.,2,,2,,,,,2,1,02,,73,279.39638264
5386170,1,1,1,80,73,1,9,COVID 19,2,,,8,,2,,2,,,,,2,1,02,2,73,329.9066187
5386171,1,1,1,80,73,1,5,,2,,,10,,3,,2,,,,,3,1,02,4,73,244.29846152
5386171,1,3,1,80,73,2,,,,2,,,.,2,,2,,,,,2,1,02,,73,244.29846152
5386174,1,1,1,80,73,1,5,,2,,,8,,3,,2,,,,,3,1,02,3,73,270.18601456
5386174,1,2,1,80,73,1,3,,2,,,8,,2,,2,,,,,2,1,02,4,73,270.18601456
5386176,1,1,1,80,76,1,4,,2,,,4,,3,,2,,,,,3,1,02,4,76,836.42565178
5386176,1,3,1,80,76,2,,,,2,,,.,2,,2,,1,48,908526,2,1,02,,76,836.42565178
5386178,1,2,1,80,76,1,9,RENUNCIO PARA IRSE A VIVIR A OTRO PAIS (VENEZUELA),1,,4,5,,1,,2,,1,20,454263,2,1,02,4,76,890.21321386
5386179,1,4,1,80,76,2,,,,2,,,.,,,2,,,,,,1,02,,76,1084.4284217
5386180,1,3,1,80,76,2,,,,2,,,.,2,,2,,,,,2,1,02,,76,1160.5530306
5386181,1,4,1,80,76,1,3,,2,,,4,,2,,2,,,,,2,1,02,4,76,1292.23302
5386182,1,3,1,80,76,1,3,,2,,,9,,2,,2,,,,,2,1,02,4,76,849.57967451
5386187,1,1,1,80,76,1,7,,2,,,8,,3,,2,,,,,3,1,02,4,76,890.21321386
5386187,1,2,1,80,76,1,3,,2,,,9,,2,,2,,,,,2,1,02,3,76,890.21321386
5386188,1,1,1,80,76,2,,,,2,,,.,2,,2,,,,,2,1,02,,76,882.858541
5386188,1,2,1,80,76,2,,,,2,,,.,2,,2,,,,,2,1,02,,76,882.858541
5386189,1,1,1,80,76,1,2,,2,,,2,,2,,2,,2,,4500000,2,1,02,3,76,981.32019662
5386189,1,2,1,80,76,1,2,,2,,,2,,1,2,2,,2,,4000000,1,1,02,3,76,981.32019662
5386190,1,2,1,80,76,1,7,,2,,,12,TEMOR DE CONTAGIO DEL COVID 19,2,,2,,1,48,908526,2,1,02,2,76,916.94781566
5386190,1,3,1,80,76,1,2,,2,,,2,,2,,2,,1,7,60000,2,1,02,2,76,916.94781566
5386190,1,4,1,80,76,1,8,,2,,,3,,2,,2,,1,40,1200000,2,1,02,1.2,76,916.94781566
5386191,1,1,1,80,76,1,7,,2,,,11,,2,,2,,,,,2,1,02,3,76,1125.300336
5386192,1,1,1,80,76,1,3,,2,,,9,,2,,2,,,,,2,1,02,4,76,773.45506566
5386192,1,4,1,80,76,2,,,,2,,,.,,,2,,,,,,1,02,,76,773.45506566
5386193,1,1,1,80,76,1,7,,2,,,1,,3,,2,,,,,3,1,02,4,76,890.21321386
5386842,1,1,1,80,13,1,4,,2,,,4,,2,,2,,,,,2,1,02,4,13,348.03112746
5386844,1,1,1,80,13,2,,,,2,,,.,2,,2,,,,,2,1,02,,13,245.18516563
5386844,1,2,1,80,13,1,4,,2,,,4,,2,,2,,,,,2,1,02,4,13,245.18516563
5386844,1,4,1,80,13,1,5,,2,,,8,,2,,2,,,,,2,1,02,4,13,245.18516563
5386845,1,4,1,80,13,2,,,,2,,,.,2,,2,,,,,2,1,02,,13,411.90034766
5386891,1,3,1,80,17,2,,,,2,,,.,,,2,,,,,,1,02,,17,203.00942384
5386892,1,1,1,80,17,1,4,,2,,,4,,2,,2,,,,,2,1,02,4,17,146.01420379
5386893,1,1,1,80,17,1,4,,2,,,4,,3,,2,,,,,3,1,02,4,17,186.76523763
5386894,1,2,1,80,17,1,1,,2,,,9,,2,,2,,,,,2,1,02,1.4,17,191.12471579
5386898,1,1,1,80,17,1,4,,2,,,4,,1,,2,,,,,2,1,02,4,17,190.74139886
5386898,1,2,1,80,17,1,4,,2,,,4,,2,,2,,,,,2,1,02,4,17,190.74139886
5386899,1,3,1,80,17,2,,,,2,,,.,2,,2,,,,,2,1,02,,17,284.32334088
5386899,1,4,1,80,17,2,,,,2,,,.,2,,2,,,,,2,1,02,,17,284.32334088
5386900,1,2,1,80,17,2,,,,2,,,.,,,2,,,,,,1,02,,17,236.34100519
5386901,1,1,1,80,17,1,4,,2,,,8,,2,,2,,,,,2,1,02,4,17,216.68772661
5386901,1,2,1,80,17,1,4,,2,,,4,,2,,2,,,,,2,1,02,4,17,216.68772661
5386901,1,3,1,80,17,2,,,,2,,,.,2,,2,,2,,98,2,1,02,,17,216.68772661
5386901,1,5,1,80,17,2,,,,2,,,.,2,,2,,,,,2,1,02,,17,216.68772661
5386902,1,1,1,80,17,1,4,,2,,,11,,2,,2,,,,,2,1,02,4,17,185.51798806
5386903,1,2,1,80,17,1,3,,2,,,9,,2,,2,,2,,98,2,1,02,1.3,17,358.69972519
5386904,1,3,1,80,17,2,,,,2,,,.,2,,2,,,,,2,1,02,,17,203.00942384
5386905,1,1,1,80,17,2,,,,2,,,.,2,,2,,,,,2,1,02,,17,175.1565954
5386906,1,1,1,80,17,1,4,,2,,,4,,2,,2,,,,,2,1,02,4,17,178.89805355
5386906,1,2,1,80,17,2,,,,2,,,.,2,,2,,,,,2,1,02,,17,178.89805355
5386906,1,3,1,80,17,2,,,,2,,,.,2,,2,,,,,2,1,02,,17,178.89805355
5386906,1,4,1,80,17,1,5,,2,,,10,,3,,2,,,,,3,1,02,4,17,178.89805355
5386907,1,4,1,80,17,1,5,,2,,,10,,3,,2,,,,,3,1,02,4,17,192.28535328
5386908,1,1,1,80,17,1,5,,2,,,10,,3,,2,,,,,3,1,02,3,17,177.65080398
5386908,1,3,1,80,17,2,,,,2,,,.,2,,2,,,,,2,1,02,,17,177.65080398
5386996,1,2,1,80,50,1,3,,2,,,9,,2,,2,,,,,2,1,02,4,50,149.1286708
5386998,1,4,1,80,50,1,3,,2,,,9,,2,,2,,,,,2,1,02,4,50,413.18367947
5386999,1,3,1,80,50,2,,,,2,,,.,,,2,,,,,,1,02,,50,282.73276981
5387000,1,2,1,80,50,2,,,,2,,,.,,,2,,,,,,1,02,,50,302.36500057
5387002,1,2,1,80,50,1,3,,2,,,9,,2,,2,,,,,2,1,02,3,50,236.79038359
5387002,2,1,2,80,50,1,4,,2,,,4,,2,,2,,,,,2,1,02,4,50,236.79038359
5387003,1,1,1,80,50,1,4,,2,,,8,,2,,2,,,,,2,1,02,3,50,264.6336701
5387005,1,3,1,80,50,2,,,,2,,,.,2,,2,,,,,2,1,02,,50,277.45631955
5387006,1,3,1,80,50,2,,,,2,,,.,,,2,,,,,,1,02,,50,282.73276981
5387007,1,1,1,80,50,1,8,,2,,,8,,1,2,2,,,,,1,1,02,2,50,264.47215965
5387008,1,1,1,80,50,1,5,,2,,,10,,3,,2,,,,,3,1,02,4,50,264.6336701
5387009,1,2,1,80,50,1,3,,2,,,9,,2,,2,,,,,2,1,02,2,50,347.15958223
5387011,1,1,1,80,50,1,5,,2,,,10,,3,,2,,,,,3,1,02,4,50,212.57029633
5387012,1,3,1,80,50,2,,,,2,,,.,2,,2,,2,,980000,2,1,02,,50,351.94514245
5387016,1,2,1,80,50,2,,,,2,,,.,2,,2,,,,,2,1,02,,50,237.3174669
5387017,1,2,1,80,50,1,7,,2,,,9,,2,,2,,,,,2,1,02,2,50,255.57807706
5387017,1,3,1,80,50,2,,,,2,,,.,2,,2,,,,,2,1,02,,50,255.57807706
5387017,1,4,1,80,50,2,,,,2,,,.,,,2,,,,,,1,02,,50,255.57807706
5387018,1,2,1,80,50,1,3,,2,,,9,,2,,2,,,,,2,1,02,4,50,336.60668171
5387018,1,4,1,80,50,2,,,,2,,,.,2,,2,,,,,2,1,02,,50,336.60668171
5387019,1,1,1,80,50,1,3,,2,,,9,,2,,2,,1,24,500000,2,1,02,4,50,367.97732253
5387020,1,1,1,80,50,1,9,POR LA PANDEMIA,2,,,8,,2,,2,,,,,2,1,02,1.4,50,318.55501752
5387021,1,1,1,80,50,1,3,,2,,,4,,2,,2,,,,,2,1,02,2,50,205.93980714
5387022,1,1,1,80,50,1,5,,2,,,10,,3,,2,,,,,3,1,02,2,50,264.6336701
5387026,1,2,1,80,50,2,,,,2,,,.,2,,2,,,,,2,1,02,,50,232.24996261
5387027,1,1,1,80,50,1,5,,2,,,10,,3,,2,,1,48,1050000,3,1,02,1.2,50,343.46369854
5387028,1,1,1,80,50,1,5,,2,,,10,,3,,2,,,,,3,1,02,4,50,223.37346168
5387028,1,2,1,80,50,1,2,,2,,,2,,2,,2,,,,,2,1,02,1.4,50,223.37346168
5387029,1,2,1,80,50,2,,,,2,,,.,2,,2,,,,,2,1,02,,50,374.60781173
5387030,1,2,1,80,50,2,,,,2,,,.,,,2,,,,,,1,02,,50,333.50911376
5387030,1,3,1,80,50,2,,,,2,,,.,,,2,,,,,,1,02,,50,333.50911376
5387031,1,3,1,80,50,2,,,,2,,,.,2,,2,,,,,2,1,02,,50,277.45631955
5387032,1,1,1,80,50,2,,,,1,4,8,,2,,2,,,,,2,1,02,,50,309.84002704
5387035,1,2,1,80,50,1,3,,2,,,9,,2,,2,,1,48,1000000,2,1,02,2,50,293.25495306
5387036,1,1,1,80,50,2,,,,2,,,.,2,,2,,,,,2,1,02,,50,65.741605553
5387037,1,2,1,80,50,1,9,POR LA PANDEMIA,2,,,9,,2,,2,,,,,2,1,02,1.4,50,277.45631955
5387037,1,3,1,80,50,2,,,,2,,,.,2,,2,,,,,2,1,02,,50,277.45631955
5387040,1,2,1,80,50,1,7,,2,,,4,,2,,2,,,,,2,1,02,2,50,76.949496052
5387041,1,1,1,80,50,1,4,,2,,,8,,2,,2,,,,,2,1,02,4,50,171.31008791
5387041,1,3,1,80,50,2,,,,2,,,.,2,,2,,,,,2,1,02,,50,171.31008791
5387041,1,4,1,80,50,2,,,,2,,,.,,,2,,,,,,1,02,,50,171.31008791
5387042,1,2,1,80,50,1,7,,2,,,9,,2,,2,,,,,2,1,02,2,50,277.45631955
5387042,1,3,1,80,50,2,,,,2,,,.,2,,2,,,,,2,1,02,,50,277.45631955
5387044,1,2,1,80,50,1,4,,2,,,9,,2,,2,,,,,2,1,02,3,50,327.93912675
5387044,1,4,1,80,50,2,,,,2,,,.,,,2,,,,,,1,02,,50,327.93912675
5387045,1,1,1,80,50,1,4,,2,,,11,,2,,2,,,,,2,1,02,4,50,219.93124788
5387045,1,3,1,80,50,1,3,,2,,,9,,2,,2,,,,,2,1,02,3,50,219.93124788
5387046,1,2,1,80,50,1,3,,2,,,9,,2,,2,,,,,2,1,02,2,50,573.13669358
5387048,1,1,1,80,52,1,5,,2,,,10,,3,,2,,,,,3,1,02,4,52,276.83198312
5387048,1,2,1,80,52,1,5,,2,,,10,,3,,2,,,,,3,1,02,4,52,276.83198312
5387049,1,4,1,80,52,2,,,,2,,,.,,,2,,,,,,1,02,,52,243.48325752
5387050,1,1,1,80,52,1,4,,2,,,4,,2,,1,100000,1,20,300000,2,1,02,3,52,178.35392421
5387051,1,2,1,80,52,1,3,,2,,,9,,2,,2,,,,,2,1,02,4,52,214.8966984
5387052,1,3,1,80,52,1,8,,2,,,2,,2,,2,,,,,2,1,02,1.2,52,135.0760638
5387052,1,4,1,80,52,1,5,,2,,,10,,3,,2,,,,,3,1,02,3,52,135.0760638
5387053,1,1,1,80,52,1,8,,2,,,8,,2,,2,,1,40,908526,2,1,02,1.4,52,155.54065035
5387055,1,3,1,80,52,1,3,,2,,,9,,2,,2,,2,,908526,2,1,02,1.4,52,177.63715536
5387055,1,5,1,80,52,1,5,,2,,,10,,3,,2,,,,,3,1,02,4,52,177.63715536
5387056,1,3,1,80,52,2,,,,2,,,.,,,2,,,,,,1,02,,52,246.30061258
5387057,1,1,1,80,52,1,4,,2,,,4,,2,,2,,,,,2,1,02,4,52,213.77527029
5387060,1,2,1,80,52,2,,,,2,,,.,,,2,,,,,,1,02,,52,240.49629259
5387061,1,2,1,80,52,1,3,,2,,,9,,2,,2,,2,,400000,2,1,02,3,52,263.92912176
5387062,1,1,1,80,52,1,4,,2,,,8,,2,,2,,,,,2,1,02,4,52,234.69427313
5387062,1,2,1,80,52,1,8,,1,,1,1,,2,,1,15000,1,25,250000,2,1,02,1.2,52,234.69427313
5387064,1,3,1,80,52,2,,,,2,,,.,2,,2,,,,,2,1,02,,52,194.38235481
5387065,1,2,1,80,52,2,,,,2,,,.,2,,2,,,,,2,1,02,,52,216.59262535
5387071,1,1,1,80,52,1,4,,2,,,4,,2,,2,,,,,2,1,02,4,52,194.28903668
5387071,1,2,1,80,52,1,6,,2,,,2,,2,,2,,,,,2,1,02,4,52,194.28903668
5387072,1,2,1,80,52,1,4,,2,,,4,,2,,2,,,,,2,1,02,4,52,107.42347068
5387073,1,2,1,80,52,1,3,,2,,,9,,2,,2,,1,20,500000,2,1,02,4,52,213.71534387
5387073,1,3,1,80,52,1,8,,1,,2,2,,2,,2,,1,24,500000,2,1,02,2,52,213.71534387
5387075,1,1,1,80,52,1,7,,2,,,12,PANDEMIA,2,,2,,,,,2,1,02,2,52,182.3713561
5387075,1,2,1,80,52,1,8,,2,,,8,,2,,2,,,,,2,1,02,3,52,182.3713561
5387076,1,1,1,80,52,1,3,,2,,,8,,3,,2,,,,,3,1,02,2,52,185.24863758
5387077,1,1,1,80,52,1,4,,2,,,4,,2,,2,,,,,2,1,02,4,52,188.22543314
5387077,1,2,1,80,52,1,4,,2,,,4,,2,,2,,,,,2,1,02,4,52,188.22543314
5387078,1,3,1,80,52,2,,,,2,,,.,,,2,,,,,,1,02,,52,161.85701252
5387079,1,1,1,80,52,1,9,PANDEMIA,2,,,8,,2,,1,1100000,1,48,908526,2,1,02,1.2,52,207.97325083
5387080,1,3,1,80,52,2,,,,2,,,.,2,,2,,,,,2,1,02,,52,240.53749669
5387081,1,1,1,80,52,2,,,,2,,,.,2,,2,,,,,2,1,02,,52,219.981949
5387081,1,2,1,80,52,2,,,,2,,,.,,,2,,,,,,1,02,,52,219.981949
5387082,1,2,1,80,52,1,7,,2,,,9,,2,,2,,,,,2,1,02,3,52,313.43468372
5387086,1,3,1,80,52,2,,,,2,,,.,2,,2,,,,,2,1,02,,52,320.98238717
5387086,1,4,1,80,52,2,,,,2,,,.,,,2,,,,,,1,02,,52,320.98238717
5387087,1,1,1,80,52,1,9,INICIO PANDEMIA,2,,,12,POR PANDEMIA,2,,2,,,,,2,1,02,1.4,52,120.74356015
5387087,1,2,1,80,52,2,,,,2,,,.,2,,2,,,,,2,1,02,,52,120.74356015
5387087,1,3,1,80,52,1,3,,2,,,9,,2,,2,,,,400000,2,1,02,1.2,52,120.74356015
5387087,1,4,1,80,52,2,,,,2,,,.,,,2,,,,,,1,02,,52,120.74356015
5387087,1,5,1,80,52,1,3,,2,,,9,,2,,2,,1,40,908000,2,1,02,2,52,120.74356015
5387089,1,1,1,80,52,1,8,,2,,,12,CUIDAR ENFERMO,2,,1,280000,1,48,908526,2,1,02,1.1,52,217.77397987
5387093,1,1,1,80,52,1,4,,2,,,4,,3,,2,,,,,3,1,02,4,52,152.66336887
5387093,1,2,1,80,52,1,7,,2,,,4,,2,,2,,,,,2,1,02,3,52,152.66336887
5387094,1,2,1,80,52,1,5,,2,,,10,,3,,2,,,,,3,1,02,4,52,182.3713561
5387094,1,3,1,80,52,1,6,,2,,,12,PANDEMIA,2,,2,,1,48,908000,2,1,02,2,52,182.3713561
5387098,1,1,1,80,52,1,3,,2,,,8,,2,,2,,,,,2,1,02,4,52,305.32673774
5387099,1,1,1,80,52,1,3,,2,,,9,,2,,2,,,,,2,1,02,4,52,712.13311034
5387099,1,8,1,80,52,1,3,,2,,,9,,2,,2,,2,,500000,2,1,02,1.4,52,712.13311034
5387100,1,1,1,80,52,1,4,,2,,,4,,2,,2,,,,,2,1,02,4,52,423.93931976
5387101,1,2,1,80,52,1,3,,2,,,9,,2,,2,,,,,2,1,02,3,52,316.78510381
5387102,1,1,1,80,52,1,3,,2,,,9,,2,,2,,,,,2,1,02,4,52,264.46218678
5387106,1,4,1,80,52,1,4,,2,,,4,,2,,2,,,,,2,1,02,4,52,310.55740225
5387106,1,5,1,80,52,1,7,,2,,,1,,2,,2,,,,,2,1,02,2,52,310.55740225
5387107,1,2,1,80,52,2,,,,2,,,.,2,,2,,,,,2,1,02,,52,132.14902528
5387108,1,5,1,80,52,2,,,,1,1,2,,2,,2,,,,,2,1,02,,52,217.21435098
5387108,1,6,1,80,52,2,,,,2,,,.,2,,2,,,,,2,1,02,,52,217.21435098
5387113,1,1,1,80,54,1,3,,2,,,9,,3,,2,,,,,3,1,02,4,54,408.00507618
5387114,1,2,1,80,54,2,,,,2,,,.,2,,2,,,,,2,1,02,,54,352.02318794
5387115,1,1,1,80,54,1,5,,2,,,10,,3,,2,,,,,3,1,02,4,54,375.40558455
5387116,1,1,1,80,54,1,4,,2,,,4,,2,,2,,,,,2,1,02,2,54,356.15296389
5387117,1,1,1,80,54,1,4,,2,,,4,,2,,2,,,,,2,1,02,1.2,54,354.56246097
5387118,1,2,1,80,54,1,3,,2,,,9,,2,,2,,1,48,400000,2,1,02,3,54,466.6564958
5387119,1,2,1,80,54,1,3,,2,,,9,,2,,2,,,,,2,1,02,1.4,54,432.51893549
5387121,1,3,1,80,54,2,,,,2,,,.,2,,2,,,,,2,1,02,,54,341.21809179
5387122,1,2,1,80,54,2,,,,2,,,.,2,,2,,,,,2,1,02,,54,405.23079064
5387122,1,3,1,80,54,2,,,,2,,,.,2,,2,,,,,2,1,02,,54,405.23079064
5387123,1,1,1,80,54,1,4,,2,,,8,,2,,2,,,,,2,1,02,2,54,352.02318794
5387123,1,2,1,80,54,1,3,,2,,,9,,2,,2,,,,,2,1,02,4,54,352.02318794
5387125,1,2,1,80,54,2,,,,2,,,.,2,,2,,,,,2,1,02,,54,366.99662151
5387128,1,1,1,80,54,1,4,,2,,,10,,3,,2,,,,,3,1,02,4,54,308.26192662
5387128,1,2,1,80,54,1,3,,2,,,9,,2,,2,,,,,2,1,02,4,54,308.26192662
5387129,1,1,1,80,54,1,3,,2,,,9,,2,,2,,,,,2,1,02,4,54,352.02318794
5387130,1,3,1,80,54,2,,,,2,,,.,2,,2,,,,,2,1,02,,54,409.89760664
5387131,1,2,1,80,54,2,,,,2,,,.,2,,2,,,,,2,1,02,,54,791.09887352
5387132,1,1,1,80,54,1,3,,2,,,8,,2,,2,,,,,2,1,02,4,54,662.52632786
5387132,1,2,1,80,54,1,5,,2,,,10,,3,,2,,,,,3,1,02,4,54,662.52632786
5387134,1,1,1,80,54,1,3,,2,,,9,,2,,2,,2,,1014980,2,1,02,3,54,853.82542308
5387134,1,2,1,80,54,2,,,,2,,,.,2,,2,,,,,2,1,02,,54,853.82542308
5387134,1,3,1,80,54,2,,,,2,,,.,,,2,,,,,,1,02,,54,853.82542308
5387136,1,2,1,80,54,1,3,,2,,,9,,2,,2,,,,,2,1,02,1.2,54,577.02243351
5387136,1,5,1,80,54,2,,,,2,,,.,,,2,,,,,,1,02,,54,577.02243351
5387137,1,1,1,80,54,1,4,,2,,,4,,2,,2,,,,,2,1,02,4,54,405.46580315
5387137,1,2,1,80,54,2,,,,2,,,.,2,,2,,,,,2,1,02,,54,405.46580315
5387138,1,2,1,80,54,1,3,,2,,,9,,2,,2,,,,,2,1,02,4,54,433.10840976
5387138,1,4,1,80,54,1,6,,2,,,2,,2,,2,,,,,2,1,02,1.4,54,433.10840976
5387138,1,5,1,80,54,1,4,,2,,,8,,2,,2,,,,,2,1,02,4,54,433.10840976
5387138,1,6,1,80,54,1,2,,2,,,2,,2,,2,,,,,2,1,02,3,54,433.10840976
5387158,1,3,1,80,68,1,8,,2,,,11,,2,,2,,,,,2,1,02,2,68,491.25484426
5387159,1,2,1,80,68,1,4,,2,,,4,,3,,2,,,,,3,1,02,1.3,68,368.39804963
5387159,1,5,1,80,68,1,9,POR LA PANDEMIA,2,,,2,,2,,2,,,,,2,1,02,1.4,68,368.39804963
5387160,1,2,1,80,68,1,9,RENUNCIO,2,,,9,,2,,2,,,,,2,1,02,1.2,68,1108.420449
5387161,1,1,1,80,68,2,,,,2,,,.,2,,2,,,,,2,1,02,,68,988.80470298
5387161,1,3,1,80,68,1,8,,1,,1,9,,2,,2,,1,48,900000,2,1,02,2,68,988.80470298
5387162,1,3,1,80,68,2,,,,2,,,.,2,,2,,,,,2,1,02,,68,1151.9362202
5387164,1,3,1,80,68,2,,,,2,,,.,2,,2,,,,,2,1,02,,68,1265.984782
5387166,1,1,1,80,68,1,3,,2,,,9,,2,,2,,,,,2,1,02,4,68,339.99264916
5387168,1,2,1,80,68,1,9,POR PANDEMIA,2,,,8,,2,,2,,,,,2,1,02,1.4,68,564.50617374
5387168,1,3,1,80,68,2,,,,2,,,.,2,,2,,,,,2,1,02,,68,564.50617374
5387169,1,2,1,80,68,2,,,,2,,,.,2,,2,,,,,2,1,02,,68,587.34260749
5387170,1,4,1,80,68,1,9,POR CONSUMO DE DROGAS,2,,,12,POR CONSUMO DE DROGAS,2,,2,,,,,2,1,02,4,68,645.6645466
5387171,2,2,2,80,68,1,3,,2,,,9,,2,,2,,,,,2,1,02,2,68,581.2234611
5387172,1,1,1,80,68,1,9,MIGRACION,2,,,8,,2,,2,,,,,2,1,02,4,68,350.28859839
5387174,1,1,1,80,68,1,9,AISLAMIENTO PREVENTIVO OBLIGATORIO,2,,,10,,3,,2,,,,,3,1,02,1.4,68,414.04999309
5387174,1,2,1,80,68,2,,,,2,,,.,2,,2,,,,,2,1,02,,68,414.04999309
5387175,1,1,1,80,68,1,5,,2,,,10,,3,,2,,,,,3,1,02,4,68,414.04999309
5387175,1,2,1,80,68,1,3,,2,,,9,,2,,2,,,,,2,1,02,4,68,414.04999309
5387176,2,2,2,80,68,1,4,,2,,,4,,2,,2,,2,,908600,2,1,02,2,68,504.69830073
5387177,1,1,1,80,68,2,,,,2,,,.,2,,2,,,,,2,1,02,,68,598.40784648
5387179,1,1,1,80,68,2,,,,2,,,.,2,,2,,,,,2,1,02,,68,443.99814414
5387184,1,3,1,80,68,2,,,,2,,,.,2,,2,,,,,2,1,02,,68,632.99239098
5387186,1,3,1,80,68,2,,,,2,,,.,,,2,,,,,,1,02,,68,634.3238216
5387187,1,2,1,80,68,2,,,,2,,,.,2,,2,,,,,2,1,02,,68,720.93017846
5387220,1,1,1,80,76,1,5,,2,,,8,,3,,2,,,,,3,1,02,4,76,979.74085993
5387221,1,1,1,80,76,1,5,,2,,,10,,3,,2,,,,,3,1,02,4,76,1021.953736
5387222,1,1,1,80,76,1,4,,2,,,4,,2,,2,,,,,2,1,02,4,76,1027.870095
5387222,1,2,1,80,76,1,7,,2,,,8,,2,,2,,2,,98,2,1,02,2,76,1027.870095
5387222,2,1,2,80,76,1,4,,2,,,4,,2,,2,,2,,908526,2,1,02,2,76,1027.870095
5387223,1,1,1,80,76,1,4,,2,,,8,,2,,2,,,,,2,1,02,3,76,890.21321386
5387223,1,2,1,80,76,2,,,,2,,,.,2,,2,,,,,2,1,02,,76,890.21321386
5387224,1,1,1,80,76,1,5,,2,,,8,,3,,2,,,,,3,1,02,4,76,1158.9736939
5387224,1,2,1,80,76,2,,,,2,,,.,,,2,,,,,,1,02,,76,1158.9736939
5387226,1,2,1,80,76,2,,,,2,,,.,2,,2,,,,,2,1,02,,76,1261.4384131
5387227,1,4,1,80,76,2,,,,2,,,.,,,2,,,,,,1,02,,76,1339.7858646
5387228,1,1,1,80,76,2,,,,2,,,.,2,,2,,,,,2,1,02,,76,958.98314985
5387229,1,1,1,80,76,1,3,,2,,,9,,2,,2,,,,,2,1,02,4,76,827.24262774
5387229,1,2,1,80,76,1,3,,2,,,8,,2,,2,,,,,2,1,02,4,76,827.24262774
5387230,1,4,1,80,76,2,,,,2,,,.,,,2,,,,,,1,02,,76,1084.4284217
5387231,1,2,1,80,76,2,,,,2,,,.,,,2,,,,,,1,02,,76,882.858541
5387233,1,2,1,80,76,1,4,,2,,,4,,1,,2,,,,,2,1,02,4,76,890.21321386
5387235,1,1,1,80,76,1,5,,2,,,10,,3,,2,,,,,3,1,02,4,76,1021.953736
5387236,1,1,1,80,76,1,4,,2,,,8,,1,2,2,,,,,1,1,02,3,76,869.45550378
5387238,1,4,1,80,76,2,,,,2,,,.,,,2,,,,,,1,02,,76,1262.081919
5387239,1,1,1,80,76,1,8,,2,,,8,,3,,2,,,,,3,1,02,4,76,979.74085993
5387241,1,2,1,80,76,1,3,,2,,,9,,2,,2,,,,,2,1,02,4,76,890.21321386
5387242,1,1,1,80,76,1,7,,2,,,9,,2,,2,,,,,2,1,02,1.3,76,1071.0253845
5387243,1,2,1,80,76,2,,,,2,,,.,2,,2,,,,,2,1,02,,76,882.858541
5387245,1,1,1,80,76,1,5,,2,,,10,,3,,2,,,,,3,1,02,4,76,979.74085993
5388184,1,4,1,80,05,2,,,,2,,,.,2,,2,,,,,2,1,02,,05,1058.7702263
5388185,1,2,1,80,05,1,7,,2,,,9,,2,,2,,2,,908526,2,1,02,4,05,1056.6532338
5388186,1,1,1,80,05,1,5,,2,,,11,,3,,2,,,,,3,1,02,4,05,1069.9291557
5388187,1,1,1,80,05,1,6,,2,,,11,,2,,2,,,,,2,1,02,4,05,1147.9642164
5388189,1,3,1,80,05,2,,,,2,,,.,2,,2,,,,,2,1,02,,05,814.6265432
5388189,1,4,1,80,05,1,5,,2,,,10,,3,,2,,,,,3,1,02,4,05,814.6265432
5388189,1,5,1,80,05,2,,,,2,,,.,2,,2,,,,,2,1,02,,05,814.6265432
5388190,1,2,1,80,05,2,,,,2,,,.,2,,2,,2,,98,2,1,02,,05,1030.7944422
5388193,1,1,1,80,05,1,5,,2,,,11,,3,,2,,,,,3,1,02,4,05,1083.3399696
5388193,1,2,1,80,05,1,4,,2,,,4,,2,,2,,,,,2,1,02,4,05,1083.3399696
5388195,1,1,1,80,05,1,5,,2,,,10,,3,,2,,,,,3,1,02,4,05,611.46517016
5388195,1,2,1,80,05,1,5,,2,,,10,,3,,2,,,,,3,1,02,4,05,611.46517016
5388196,1,1,1,80,05,1,9,PANDEMIA,2,,,8,,3,,2,,,,,3,1,02,1.4,05,663.64287445
5388197,1,1,1,80,05,1,5,,2,,,11,,3,,2,,,,,3,1,02,4,05,555.29084284
5388198,1,2,1,80,05,1,3,,2,,,9,,2,,2,,2,,908526,2,1,02,4,05,717.4251744
5388199,1,1,1,80,05,1,3,,2,,,4,,2,,2,,2,,908526,2,1,02,4,05,619.05141121
5388204,1,1,1,80,05,1,5,,2,,,10,,3,,2,,,,,3,1,02,4,05,1056.6532338
5388204,1,2,1,80,05,2,,,,2,,,.,2,,2,,,,,2,1,02,,05,1056.6532338
5388205,1,1,1,80,05,1,8,,1,,1,2,,2,,2,,1,48,908526,2,1,02,2,05,2709.0134791
5388206,1,1,1,80,05,1,4,,2,,,4,,2,,2,,,,,2,1,02,4,05,1943.2481658
5388207,1,1,1,80,05,1,3,,2,,,9,,2,,2,,2,,908526,2,1,02,2,05,2258.19903
5388208,1,1,1,80,05,1,8,,1,,2,8,,2,,2,,,,,2,1,02,3,05,1235.354865
5388208,1,2,1,80,05,1,3,,2,,,9,,2,,2,,,,,2,1,02,4,05,1235.354865
5388208,1,3,1,80,05,2,,,,2,,,.,2,,2,,,,,2,1,02,,05,1235.354865
5388210,1,3,1,80,05,2,,,,2,,,.,,,2,,,,,,1,02,,05,1547.0657294
5388213,1,2,1,80,05,1,1,,2,,,9,,2,,2,,1,48,980000,2,1,02,2,05,1353.3525833
5388215,1,2,1,80,05,1,8,,2,,,2,,2,,2,,2,,908526,2,1,02,1.4,05,1189.2159223
5388216,1,3,1,80,05,1,6,,2,,,9,,2,,2,,1,48,908526,2,1,02,3,05,1284.1774509
5388216,1,6,1,80,05,2,,,,2,,,.,2,,2,,,,,2,1,02,,05,1284.1774509
5388217,1,1,1,80,05,1,5,,2,,,10,,3,,2,,,,,3,1,02,4,05,1056.6532338
5388217,1,2,1,80,05,1,5,,2,,,8,,3,,2,,,,,3,1,02,4,05,1056.6532338
5388219,1,1,1,80,05,1,5,,2,,,10,,3,,2,,,,,3,1,02,4,05,958.34816104
5388221,1,1,1,80,05,1,9,CUARENTENA POR PREVENIR CONTAGIO,2,,,12,POR TENER SUCEPTIBILIDAD AL CONTAGIO,2,,2,,1,48,908526,2,1,02,1.4,05,1076.3458793
5388223,1,2,1,80,05,2,,,,2,,,.,2,,2,,2,,98,2,1,02,,05,1092.0650058
5388223,1,3,1,80,05,2,,,,2,,,.,,,2,,,,,,1,02,,05,1092.0650058
5388224,1,1,1,80,05,1,4,,2,,,10,,3,,2,,,,,3,1,02,2,05,1024.5126106
5388224,1,2,1,80,05,1,3,,2,,,9,,2,,2,,,,,2,1,02,4,05,1024.5126106
5388225,1,1,1,80,05,1,5,,2,,,10,,3,,2,,,,,3,1,02,4,05,1084.4941259
5388225,1,2,1,80,05,1,8,,2,,,2,,2,,2,,,,,2,1,02,1.3,05,1084.4941259
5388226,1,4,1,80,05,1,9,PANDEMIA,2,,,12,PANDEMIA,2,,2,,,,,2,1,02,1.4,05,1262.0416008
5388227,1,4,1,80,05,2,,,,2,,,.,,,2,,,,,,1,02,,05,1105.4758198
5388229,1,3,1,80,05,2,,,,2,,,.,2,,2,,,,,2,1,02,,05,954.04842989
5388231,1,2,1,80,05,1,9,SE MURIO LA SEÑORA CON LA QUE TRABAJABA,2,,,8,,2,,2,,1,48,908526,2,1,02,1.4,05,1090.9108495
5388231,1,3,1,80,05,2,,,,2,,,.,2,,2,,,,,2,1,02,,05,1090.9108495
5388232,1,2,1,80,05,1,3,,2,,,9,,2,,2,,2,,908526,2,1,02,4,05,1223.353432
5388232,1,3,1,80,05,1,8,,2,,,2,,2,,2,,,,,2,1,02,2,05,1223.353432
5388236,1,3,1,80,11,2,,,,2,,,.,2,,2,,,,,2,1,02,,11,2889.3951058
5388243,1,4,1,80,11,1,5,,2,,,8,,3,,2,,,,,3,1,02,3,11,2675.8877385
5388246,1,3,1,80,11,1,7,,2,,,4,,2,,2,,,,,2,1,02,3,11,2567.9964382
5388250,1,2,1,80,11,1,5,,2,,,10,,3,,2,,,,,3,1,02,4,11,4775.6141888
5388251,1,3,1,80,11,2,,,,2,,,.,2,,2,,,,,2,1,02,,11,4347.4332289
5388252,1,1,1,80,11,1,9,POR LA EDAD,2,,,11,,3,,2,,,,,3,1,02,4,11,3598.341928
5388252,1,2,1,80,11,2,,,,2,,,.,2,,2,,,,,2,1,02,,11,3598.341928
5388253,1,2,1,80,11,1,4,,2,,,4,,2,,2,,,,,2,1,02,3,11,3152.6486812
5388253,1,3,1,80,11,1,3,,2,,,8,,2,,2,,,,,2,1,02,4,11,3152.6486812
5388255,1,1,1,80,11,1,6,,2,,,8,,2,,2,,,,,2,1,02,2,11,3598.341928
5388255,1,2,1,80,11,1,3,,2,,,4,,2,,2,,,,,2,1,02,4,11,3598.341928
5388256,1,1,1,80,11,1,5,,2,,,10,,3,,2,,,,,3,1,02,4,11,2897.6571785
5388257,1,1,1,80,11,1,9,VIVIA EN OTRA CIUDAD,2,,,9,,2,,2,,1,48,908526,2,1,02,1.1,11,4492.0447662
5388259,1,3,1,80,11,2,,,,2,,,.,2,,2,,,,,2,1,02,,11,2554.0896266
5388259,1,4,1,80,11,2,,,,2,,,.,2,,2,,,,,2,1,02,,11,2554.0896266
5388260,1,2,1,80,11,1,3,,2,,,9,,2,,2,,,,,2,1,02,4,11,2817.1697706
5388260,1,4,1,80,11,2,,,,2,,,.,,,2,,,,,,1,02,,11,2817.1697706
5388262,1,2,1,80,11,1,9,PANDEMIA,1,,1,12,VIAJE POR TRAMITE DE DOCUMENTOS PERSONALES,2,,2,,,,908526,2,1,02,1.2,11,2935.6587441
5388263,1,1,1,80,11,1,5,,2,,,10,,3,,2,,,,,3,1,02,4,11,3183.5429457
5388263,1,2,1,80,11,1,3,,2,,,4,,2,,2,,,,,2,1,02,4,11,3183.5429457
5388263,1,4,1,80,11,1,4,,2,,,4,,2,,2,,,,,2,1,02,4,11,3183.5429457
5388265,1,1,1,80,11,1,4,,2,,,4,,2,,2,,,,,2,1,02,4,11,2866.762914
5388266,1,1,1,80,11,1,1,,2,,,4,,2,,2,,,,,2,1,02,4,11,2928.551443
5388267,1,3,1,80,11,2,,,,2,,,.,2,,2,,,,,2,1,02,,11,2786.2755062
5388268,1,3,1,80,11,2,,,,2,,,.,2,,2,,,,,2,1,02,,11,2740.0118679
5388268,1,4,1,80,11,2,,,,2,,,.,,,2,,,,,,1,02,,11,2740.0118679
5388270,1,2,1,80,11,1,4,,2,,,4,,2,,2,,,,,2,1,02,3,11,3486.9602557
5388271,1,1,1,80,11,1,3,,1,,2,8,,2,,2,,,,,2,1,02,3,11,3798.4595155
5388272,1,1,1,80,11,1,3,,2,,,9,,2,,2,,,,,2,1,02,4,11,3366.1560485
5388273,1,1,1,80,11,1,4,,2,,,8,,2,,2,,,,,2,1,02,4,11,2634.5770345
5388273,1,2,1,80,11,2,,,,2,,,.,2,,2,,,,,2,1,02,,11,2634.5770345
5388274,1,1,1,80,11,1,3,,2,,,9,,1,2,2,,,,,1,1,02,3,11,2748.2739406
5388276,1,2,1,80,11,2,,,,2,,,.,2,,2,,,,,2,1,02,,11,2291.0094826
5388276,1,3,1,80,11,2,,,,2,,,.,2,,2,,,,,2,1,02,,11,2291.0094826
5388276,1,4,1,80,11,2,,,,2,,,.,,,2,,,,,,1,02,,11,2291.0094826
5388280,1,2,1,80,11,2,,,,1,2,2,,2,,2,,2,,1000000,2,1,02,,11,2567.9964382
5388280,1,3,1,80,11,2,,,,2,,,.,2,,2,,,,,2,1,02,,11,2567.9964382
5388281,1,3,1,80,11,2,,,,2,,,.,2,,2,,,,,2,1,02,,11,4347.4332289
5388282,1,1,1,80,11,1,4,,2,,,1,,2,,2,,,,,2,1,02,4,11,3629.2361925
5388282,1,2,1,80,11,1,7,,2,,,1,,2,,2,,,,,2,1,02,4,11,3629.2361925
5388284,1,2,1,80,11,2,,,,2,,,.,2,,2,,,,,2,1,02,,11,2858.5008413
5388285,1,1,1,80,11,1,4,,2,,,4,,2,,2,,2,,908526,2,1,02,2,11,2866.762914
5388286,1,1,1,80,11,1,6,,2,,,11,,2,,2,,,,,2,1,02,3,11,2120.2753815
5388286,1,2,1,80,11,1,3,,2,,,11,,2,,2,,,,,2,1,02,4,11,2120.2753815
5388287,1,1,1,80,11,1,7,,1,,1,12,POR EL COVID,3,,2,,1,48,2000000,3,1,02,3,11,3598.341928
5388295,1,2,1,80,11,2,,,,2,,,.,2,,2,,,,,2,1,02,,11,3376.572488
5388296,1,1,1,80,11,1,3,,2,,,9,,2,,2,,,,,2,1,02,1.2,11,4496.8164668
5388297,1,2,1,80,11,1,9,CANSANCIO,2,,,11,,2,,2,,,,,2,1,02,4,11,3079.2685744
5388297,1,4,1,80,11,1,8,,1,,2,12,COVID,2,,2,,2,,98,2,1,02,2,11,3079.2685744
5388298,1,2,1,80,11,1,3,,2,,,9,,2,,2,,,,908526,2,1,02,1.2,11,6233.4799914
5388300,1,1,1,80,11,1,4,,2,,,4,,2,,2,,,,,2,1,02,4,11,2421.0696672
5388300,1,2,1,80,11,1,4,,2,,,4,,3,,2,,,,,3,1,02,4,11,2421.0696672
5388307,1,3,1,80,11,1,4,,2,,,4,,2,,2,,,,,2,1,02,2,11,2309.6879949
5388310,1,2,1,80,11,2,,,,2,,,.,,,2,,,,,,1,02,,11,2672.5786
5388312,1,2,1,80,11,1,8,,2,,,2,,2,,2,,,,,2,1,02,1.2,11,2523.1953621
5388312,1,3,1,80,11,2,,,,2,,,.,2,,2,,,,,2,1,02,,11,2523.1953621
5388315,1,1,1,80,11,1,4,,2,,,4,,2,,2,,,,,2,1,02,4,11,4751.8079695
5388322,1,1,1,80,11,1,2,,2,,,2,,2,,2,,,,,2,1,02,2,11,3044.5839495
5388322,1,2,1,80,11,2,,,,2,,,.,2,,2,,,,,2,1,02,,11,3044.5839495
5388322,1,3,1,80,11,2,,,,2,,,.,2,,2,,,,,2,1,02,,11,3044.5839495
5388324,1,3,1,80,11,2,,,,2,,,.,,,2,,,,,,1,02,,11,2972.1977474
5388325,1,5,1,80,11,2,,,,2,,,.,,,2,,,,,,1,02,,11,2404.7063887
5388326,1,3,1,80,11,2,,,,2,,,.,2,,2,,,,,2,1,02,,11,2703.4728645
5388327,1,1,1,80,11,1,9,POR EL COVID,1,,1,12,NO TIENE PAPELES,2,,2,,1,72,900000,2,1,02,2,11,3193.9671874
5388327,1,2,1,80,11,1,9,POR EL COVID,1,,1,12,NO TIENE PAPELES,2,,2,,1,48,908000,2,1,02,1.2,11,3193.9671874
5388331,1,1,1,80,11,1,9,POR EL COVID,2,,,12,POR EL COVID,3,,2,,1,48,908000,3,1,02,2,11,3221.5445112
5388331,1,2,1,80,11,1,9,POR EL COVID,2,,,12,POR EL COVID,1,,2,,,,,2,1,02,2,11,3221.5445112
5388332,1,2,1,80,11,1,4,,2,,,4,,1,1,2,,,,,1,1,02,4,11,3366.1560485
5388335,1,2,1,80,11,1,3,,1,,4,9,,1,,2,,,,,2,1,02,4,11,3075.317347
5388335,1,3,1,80,11,2,,,,2,,,.,,,2,,,,,,1,02,,11,3075.317347
5388337,1,2,1,80,11,2,,,,2,,,.,,,2,,,,,,1,02,,11,2226.8853532
5388338,1,5,1,80,11,1,4,,2,,,8,,2,,2,,,,,2,1,02,4,11,3463.1540364
5388342,1,1,1,80,11,1,4,,2,,,4,,2,,2,,,,,2,1,02,4,11,2451.9639317
5388342,1,2,1,80,11,1,3,,2,,,9,,2,,2,,1,20,300000,2,1,02,2,11,2451.9639317
5388347,1,5,1,80,11,1,4,,2,,,4,,2,,2,,,,,2,1,02,4,11,3818.9373405
5388348,1,3,1,80,11,2,,,,2,,,.,,,2,,,,,,1,02,,11,2605.9980038
5388352,1,2,1,80,11,2,,,,2,,,.,2,,2,,,,,2,1,02,,11,4813.5964985
5388354,1,1,1,80,11,1,9,PANDEMIA,2,,,8,,2,,2,,,,,2,1,02,2,11,3629.2361925
5388354,1,2,1,80,11,2,,,,2,,,.,2,,2,,,,,2,1,02,,11,3629.2361925
5388355,1,1,1,80,11,1,3,,1,,1,9,,2,,2,,1,32,800000,2,1,02,3,11,2321.9037471
5388355,1,3,1,80,11,2,,,,2,,,.,2,,2,,,,,2,1,02,,11,2321.9037471
5388355,1,4,1,80,11,2,,,,2,,,.,2,,2,,,,,2,1,02,,11,2321.9037471
5388355,1,5,1,80,11,2,,,,2,,,.,,,2,,,,,,1,02,,11,2321.9037471
5388356,1,3,1,80,11,2,,,,2,,,.,,,2,,,,,,1,02,,11,2703.4728645
5388358,1,3,1,80,11,2,,,,2,,,.,,,2,,,,,,1,02,,11,2786.2755062
5388360,1,1,1,80,11,1,9,PANDEMIA,2,,,8,,2,,2,,2,,908526,2,1,02,1.4,11,1656.2280804
5388360,1,2,1,80,11,1,9,PANDEMIA,2,,,8,,2,,2,,2,,908526,2,1,02,2,11,1656.2280804
5388360,1,3,1,80,11,1,9,VIRUS,2,,,12,VIRUS,2,,2,,,,,2,1,02,1.4,11,1656.2280804
5388360,1,4,1,80,11,1,9,VIRUS,2,,,12,MIEDO A CONTAGIAR LAS PERSONAS DEL HOGAR,2,,2,,,,,2,1,02,1.4,11,1656.2280804
5388360,1,5,1,80,11,2,,,,2,,,.,,,2,,,,,,1,02,,11,1656.2280804
5388362,1,4,1,80,11,2,,,,2,,,.,2,,2,,2,,150000,2,1,02,,11,2471.286985
5388370,1,4,1,80,11,2,,,,2,,,.,2,,2,,,,,2,1,02,,11,2378.5838249
5388372,1,2,1,80,11,2,,,,2,,,.,2,,2,,,,,2,1,02,,11,2526.5045006
5388372,1,5,1,80,11,1,3,,2,,,9,,2,,2,,,,,2,1,02,4,11,2526.5045006
5388377,1,2,1,80,11,2,,,,2,,,.,,,2,,,,,,1,02,,11,2755.3812417
5388378,1,1,1,80,11,1,4,,2,,,11,,2,,2,,,,,2,1,02,4,11,3598.341928
5388379,1,1,1,80,11,1,4,,2,,,4,,2,,2,,,,,2,1,02,4,11,3041.2670089
5388379,1,2,1,80,11,1,5,,2,,,11,,3,,2,,,,,3,1,02,4,11,3041.2670089
5388379,1,4,1,80,11,2,,,,2,,,.,2,,2,,,,,2,1,02,,11,3041.2670089
5388380,1,3,1,80,11,2,,,,2,,,.,2,,2,,,,,2,1,02,,11,2740.0118679
5388380,1,4,1,80,11,2,,,,2,,,.,,,2,,,,,,1,02,,11,2740.0118679
5388381,1,1,1,80,11,1,1,,2,,,11,,2,,2,,,,,2,1,02,4,11,3121.5809853
5388383,1,1,1,80,11,1,7,,2,,,10,,3,,2,,,,,3,1,02,4,11,3815.1584337
5388384,1,1,1,80,11,1,9,COVID 19,2,,,12,COVID 19,2,,2,,,,,2,1,02,2,11,3598.341928
5388384,1,2,1,80,11,1,4,,2,,,4,,2,,2,,,,,2,1,02,2,11,3598.341928
5388385,1,1,1,80,11,1,5,,2,,,10,,3,,2,,,,,3,1,02,4,11,3190.6502468
5388385,1,2,1,80,11,1,5,,2,,,10,,3,,2,,,,,3,1,02,4,11,3190.6502468
5388387,1,2,1,80,11,1,3,,2,,,8,,2,,2,,,,,2,1,02,4,11,2237.3017927
5388389,1,1,1,80,11,2,,,,2,,,.,3,,2,,,,,3,1,02,,11,2450.80916
5388389,1,3,1,80,11,2,,,,2,,,.,2,,2,,,,,2,1,02,,11,2450.80916
5388393,1,2,1,80,11,1,3,,2,,,9,,2,,2,,,,,2,1,02,4,11,2554.0896266
5388393,1,3,1,80,11,2,,,,2,,,.,2,,2,,,,,2,1,02,,11,2554.0896266
5388393,1,4,1,80,11,2,,,,2,,,.,,,2,,,,,,1,02,,11,2554.0896266
5388394,1,3,1,80,11,2,,,,2,,,.,2,,2,,,,,2,1,02,,11,3366.1560485
5388395,1,1,1,80,11,1,9,RENUNCIO POR MOTIVOS PERSONALES,2,,,9,,1,,2,,,,,2,1,02,1.3,11,2734.367129
5388395,1,4,1,80,11,2,,,,2,,,.,2,,2,,,,,2,1,02,,11,2734.367129
5388401,1,1,1,80,11,1,3,,2,,,9,,2,,2,,,,,2,1,02,4,11,3598.341928
5388404,1,1,1,80,11,2,,,,2,,,.,2,,2,,,,,2,1,02,,11,2897.6571785
5388411,1,3,1,80,11,1,2,,2,,,2,,2,,2,,,,,2,1,02,2,11,2226.8853532
5388413,1,1,1,80,11,1,5,,2,,,10,,3,,2,,,,,3,1,02,4,11,2866.762914
5388414,1,2,1,80,11,2,,,,2,,,.,2,,2,,,,,2,1,02,,11,2485.1937966
5388414,1,3,1,80,11,2,,,,2,,,.,2,,2,,,,,2,1,02,,11,2485.1937966
5388415,1,1,1,80,11,1,5,,2,,,10,,2,,2,,,,,2,1,02,1.4,11,3448.9586901
5388415,1,2,1,80,11,1,6,,2,,,9,,2,,2,,,,,2,1,02,4,11,3448.9586901
5388415,1,3,1,80,11,2,,,,2,,,.,2,,2,,,,,2,1,02,,11,3448.9586901
5388416,1,2,1,80,11,1,3,,2,,,9,,2,,2,,,,,2,1,02,4,11,3254.7743761
5388416,1,3,1,80,11,2,,,,2,,,.,2,,2,,,,,2,1,02,,11,3254.7743761
5388416,1,4,1,80,11,2,,,,2,,,.,2,,2,,,,,2,1,02,,11,3254.7743761
5388417,1,1,1,80,11,1,5,,2,,,10,,3,,2,,,,,3,1,02,4,11,2149.7070838
5388417,1,4,1,80,11,2,,,,2,,,.,2,,2,,,,,2,1,02,,11,2149.7070838
5388420,1,1,1,80,11,1,6,,2,,,11,,3,,2,,,,,3,1,02,4,11,2866.762914
5388422,1,2,1,80,11,1,6,,2,,,1,,2,,2,,,,,2,1,02,3,11,3598.341928
5388423,1,1,1,80,11,1,5,,2,,,8,,3,,2,,,,,3,1,02,4,11,4329.920942
5388423,1,2,1,80,11,1,3,,2,,,9,,3,,2,,,,,3,1,02,4,11,4329.920942
5388423,1,3,1,80,11,1,5,,2,,,8,,3,,2,,,,,3,1,02,4,11,4329.920942
5388424,1,4,1,80,11,2,,,,2,,,.,2,,2,,,,,2,1,02,,11,2321.9037471
5388424,1,5,1,80,11,2,,,,2,,,.,,,2,,,,,,1,02,,11,2321.9037471
5388425,1,2,1,80,11,1,8,,2,,,9,,1,1,2,,,,,1,1,02,2,11,3183.5429457
5388425,1,4,1,80,11,2,,,,2,,,.,2,,2,,,,,2,1,02,,11,3183.5429457
5388426,1,1,1,80,11,1,4,,2,,,8,,2,,2,,,,,2,1,02,2,11,3190.6502468
5388432,1,3,1,80,11,2,,,,2,,,.,2,,2,,,,,2,1,02,,11,4347.4332289
5388434,1,2,1,80,11,1,1,,1,,1,1,,2,,2,,,,5000000,2,1,02,1.3,11,4496.8164668
5388436,1,1,1,80,11,1,3,,2,,,11,,2,,2,,,,,2,1,02,4,11,2672.5786
5388436,1,2,1,80,11,2,,,,2,,,.,,,2,,,,,,1,02,,11,2672.5786
5388445,1,1,1,80,11,1,9,PANDEMIA,2,,,12,PANDEMIA,1,2,2,,,,,1,1,02,2,11,3153.4392055
5388446,1,1,1,80,11,1,7,,2,,,11,,3,,2,,,,,3,1,02,4,11,3153.4392055
5388447,1,1,1,80,11,1,5,,2,,,10,,3,,2,,,,,3,1,02,4,11,3345.3937097
5388447,1,2,1,80,11,1,7,,2,,,8,,2,,2,,,,,2,1,02,4,11,3345.3937097
5388447,1,4,1,80,11,2,,,,2,,,.,2,,2,,,,,2,1,02,,11,3345.3937097
5388449,1,2,1,80,11,1,7,,2,,,11,,2,,2,,,,,2,1,02,3,11,4482.4223833
5388452,1,2,1,80,11,2,,,,2,,,.,2,,2,,,,,2,1,02,,11,2939.8364601
5388462,1,2,1,80,11,2,,,,2,,,.,,,2,,,,,,1,02,,11,4316.5389644
5388464,1,1,1,80,11,1,3,,2,,,9,,2,,2,,,,,2,1,02,2,11,3297.086787
5388467,1,4,1,80,11,2,,,,2,,,.,2,,2,,,,,2,1,02,,11,2996.4659328
5388468,1,1,1,80,11,1,6,,2,,,10,,3,,2,,,,,3,1,02,4,11,3598.341928
5388468,1,2,1,80,11,1,7,,2,,,9,,2,,2,,,,,2,1,02,4,11,3598.341928
5388470,1,2,1,80,11,1,9,PANDEMIA,2,,,2,,2,,2,,,,,2,1,02,2,11,2755.3812417
5388472,1,3,1,80,11,2,,,,2,,,.,2,,2,,,,,2,1,02,,11,2554.0896266
5388472,1,4,1,80,11,2,,,,2,,,.,2,,2,,,,,2,1,02,,11,2554.0896266
5388474,1,3,1,80,11,2,,,,2,,,.,2,,2,,2,,98,2,1,02,,11,2554.0896266
5388474,1,4,1,80,11,2,,,,2,,,.,,,2,,,,,,1,02,,11,2554.0896266
5388475,1,3,1,80,11,2,,,,2,,,.,2,,2,,,,,2,1,02,,11,2703.4728645
5388476,1,3,1,80,11,2,,,,2,,,.,2,,2,,,,,2,1,02,,11,3486.9602557
5388478,1,1,1,80,11,1,5,,2,,,10,,3,,2,,,,,3,1,02,4,11,2044.2722504
5388478,1,4,1,80,11,1,8,,2,,,10,,3,,2,,,,,3,1,02,4,11,2044.2722504
5388479,1,1,1,80,11,1,6,,2,,,8,,2,,2,,,,,2,1,02,4,11,4044.0351748
5388484,1,2,1,80,11,1,8,,2,,,12,SE VA DEL PAIS,2,,2,,,,,2,1,02,2,11,2935.6587441
5388488,1,1,1,80,11,1,4,,2,,,4,,2,,2,,,,,3,1,02,3,11,3598.341928
5388488,1,2,1,80,11,1,5,,2,,,10,,3,,2,,,,,3,1,02,4,11,3598.341928
5388489,1,2,1,80,11,1,4,,2,,,4,,3,,2,,,,,3,1,02,2,11,3629.2361925
5388490,1,1,1,80,11,1,4,,2,,,4,,2,,2,,,,,2,1,02,4,11,3612.5372743
5388492,1,1,1,80,11,1,5,,2,,,10,,3,,2,,,,,3,1,02,3,11,2489.9654973
5388502,1,1,1,80,13,2,,,,2,,,.,2,,2,,,,,2,1,02,,13,318.28246634
5388503,1,1,1,80,13,1,5,,2,,,10,,3,,2,,,,,3,1,02,4,13,282.95762311
5388503,1,2,1,80,13,2,,,,2,,,.,2,,2,,,,,2,1,02,,13,282.95762311
5388504,1,2,1,80,13,1,7,,2,,,12,NO TIENE DINERO PARA INSTALAR UN NEGOCIO,2,,2,,1,25,100000,2,1,02,1.3,13,475.81919694
5388504,1,4,1,80,13,1,7,,2,,,1,,2,,2,,1,48,700000,2,1,02,1.4,13,475.81919694
5388504,1,6,1,80,13,2,,,,2,,,.,2,,2,,,,,2,1,02,,13,475.81919694
5388505,1,1,1,80,13,1,5,,2,,,4,,3,,2,,,,,3,1,02,4,13,339.39966217
5388505,1,2,1,80,13,2,,,,2,,,.,2,,2,,,,,2,1,02,,13,339.39966217
5388506,1,1,1,80,13,1,5,,2,,,11,,3,,2,,,,,3,1,02,4,13,383.1391967
5388506,1,2,1,80,13,1,5,,2,,,11,,3,,2,,,,,3,1,02,4,13,383.1391967
5388507,1,4,1,80,13,2,,,,2,,,.,,,2,,,,,,1,02,,13,373.22123564
5388508,1,2,1,80,13,1,5,,2,,,10,,3,,2,,,,,3,1,02,4,13,443.03399645
5388510,1,1,1,80,13,1,7,,2,,,12,SEGURIDAD PANDEMIA,2,,2,,,,,2,1,02,1.4,13,253.81663093
5388510,1,2,1,80,13,1,3,,2,,,9,,2,,2,,,,,2,1,02,4,13,253.81663093
5388511,1,4,1,80,13,1,8,,2,,,1,,2,,1,1050000,1,48,908526,2,1,02,1.1,13,545.87385274
5388511,1,6,1,80,13,2,,,,2,,,.,2,,2,,,,,2,1,02,,13,545.87385274
5388512,1,1,1,80,13,1,4,,2,,,4,,2,,2,,,,,2,1,02,4,13,331.37127551
5388512,1,2,1,80,13,1,3,,2,,,9,,2,,2,,,,,2,1,02,4,13,331.37127551
5388512,1,4,1,80,13,2,,,,2,,,.,2,,2,,,,,2,1,02,,13,331.37127551
5388514,1,6,1,80,13,1,6,,2,,,1,,2,,2,,1,40,908526,2,1,02,3,13,476.82592793
5388515,1,1,1,80,13,1,3,,2,,,9,,2,,2,,,,,2,1,02,4,13,410.36743592
5388515,1,4,1,80,13,2,,,,2,,,.,2,,2,,,,,2,1,02,,13,410.36743592
5388515,1,5,1,80,13,2,,,,2,,,.,,,2,,,,,,1,02,,13,410.36743592
5388516,1,2,1,80,13,2,,,,2,,,.,,,2,,,,,,1,02,,13,419.49341392
5388519,1,3,1,80,13,2,,,,2,,,.,2,,2,,,,,2,1,02,,13,412.38327108
5388520,1,1,1,80,13,2,,,,2,,,.,2,,2,,,,,2,1,02,,13,352.08598711
5388520,1,3,1,80,13,1,3,,2,,,9,,2,,2,,,,,2,1,02,3,13,352.08598711
5388521,1,2,1,80,13,2,,,,2,,,.,2,,2,,,,,2,1,02,,13,509.11971553
5388521,1,3,1,80,13,2,,,,2,,,.,2,,2,,,,,2,1,02,,13,509.11971553
5388521,1,9,1,80,13,1,6,,2,,,8,,2,,2,,,,,2,1,02,3,13,509.11971553
5388522,1,2,1,80,13,1,3,,2,,,9,,1,,2,,,,,2,1,02,3,13,352.09757639
5388524,1,2,1,80,13,1,6,,2,,,12,PANDEMIA,2,,2,,,,,2,1,02,2,13,402.48697334
5388524,1,3,1,80,13,2,,,,2,,,.,2,,2,,2,,908526,2,1,02,,13,402.48697334
5388524,1,4,1,80,13,2,,,,2,,,.,,,2,,,,,,1,02,,13,402.48697334
5388525,1,3,1,80,13,2,,,,2,,,.,,,2,,,,,,1,02,,13,402.48697334
5388525,1,4,1,80,13,2,,,,2,,,.,,,2,,,,,,1,02,,13,402.48697334
5388526,1,2,1,80,13,2,,,,1,2,5,,2,,2,,1,40,1800000,2,1,02,,13,393.81579202
5388527,1,3,1,80,13,2,,,,2,,,.,,,2,,,,,,1,02,,13,419.0104905
5388529,1,1,1,80,13,1,7,,2,,,1,,2,,2,,2,,908526,2,1,02,2,13,356.05492382
5388531,1,1,1,80,13,1,5,,2,,,10,,3,,2,,,,,3,1,02,4,13,300.23762672
5388531,1,2,1,80,13,1,3,,2,,,8,,2,,2,,,,,2,1,02,4,13,300.23762672
5388531,1,4,1,80,13,2,,,,2,,,.,,,2,,,,,,1,02,,13,300.23762672
5388532,1,2,1,80,13,2,,,,1,4,4,,2,,2,,,,,2,1,02,,13,287.63174098
5388533,1,2,1,80,13,1,3,,2,,,9,,2,,2,,,,,2,1,02,3,13,431.57666023
5388534,1,1,1,80,13,1,4,,2,,,4,,2,,2,,,,,2,1,02,2,13,329.36154589
5388536,1,3,1,80,13,2,,,,2,,,.,,,2,,,,,,1,02,,13,450.14413928
5388538,1,3,1,80,13,2,,,,2,,,.,2,,2,,,,,2,1,02,,13,412.38327108
5388539,1,4,1,80,13,2,,,,2,,,.,2,,2,,,,,2,1,02,,13,335.32862294
5388540,1,1,1,80,13,1,5,,2,,,10,,3,,2,,,,,3,1,02,4,13,370.05038753
5388540,1,2,1,80,13,2,,,,2,,,.,2,,2,,,,,2,1,02,,13,370.05038753
5388541,1,3,1,80,13,1,5,,2,,,10,,3,,2,,,,,3,1,02,4,13,370.05038753
5388542,1,2,1,80,13,1,3,,2,,,9,,2,,2,,2,,908526,2,1,02,3,13,389.85844459
5388543,1,3,1,80,13,1,6,,2,,,1,,2,,2,,1,40,800000,2,1,02,2,13,312.82643945
5388544,1,2,1,80,13,1,1,,2,,,8,,2,,2,,,,,2,1,02,3,13,341.96743164
5388544,1,3,1,80,13,2,,,,2,,,.,2,,2,,,,,2,1,02,,13,341.96743164
5388545,1,5,1,80,13,2,,,,2,,,.,2,,2,,,,,2,1,02,,13,473.68472181
5388546,1,3,1,80,13,2,,,,2,,,.,2,,2,,,,,2,1,02,,13,450.14413928
5388547,1,1,1,80,13,2,,,,2,,,.,2,,2,,,,,2,1,02,,13,339.39966217
5388547,1,2,1,80,13,1,4,,2,,,4,,2,,2,,,,,2,1,02,1.3,13,339.39966217
5388550,1,2,1,80,13,1,3,,2,,,9,,2,,2,,,,,2,1,02,4,13,412.38327108
5388550,1,3,1,80,13,2,,,,2,,,.,,,2,,,,,,1,02,,13,412.38327108
5388551,1,3,1,80,13,2,,,,2,,,.,2,,2,,,,,2,1,02,,13,443.03399645
5388551,1,4,1,80,13,2,,,,2,,,.,,,2,,,,,,1,02,,13,443.03399645
5388552,1,1,1,80,13,1,7,,2,,,4,,2,,2,,2,,900000,2,1,02,1.4,13,394.33843147
5388552,1,4,1,80,13,2,,,,2,,,.,2,,2,,2,,908526,2,1,02,,13,394.33843147
5388553,1,2,1,80,13,2,,,,2,,,.,,,2,,,,,,1,02,,13,440.24784154
5388559,1,1,1,80,13,1,5,,2,,,10,,3,,2,,,,,3,1,02,4,13,400.40212729
5388561,1,1,1,80,13,1,5,,2,,,10,,3,,2,,,,,3,1,02,4,13,351.36921668
5388561,1,2,1,80,13,2,,,,2,,,.,2,,2,,,,,2,1,02,,13,351.36921668
5388563,1,1,1,80,13,1,3,,2,,,9,,2,,2,,,,,2,1,02,4,13,324.80758324
5388563,1,4,1,80,13,1,2,,2,,,2,,2,,2,,,,,2,1,02,1.2,13,324.80758324
5388569,1,2,1,80,13,1,9,EMBARAZO,2,,,9,,2,,2,,,,,2,1,02,3,13,356.05492382
5388570,1,1,1,80,13,1,3,,2,,,1,,2,,2,,1,40,600000,2,1,02,4,13,360.01227126
5388572,1,1,1,80,13,1,9,PANDEMIA,2,,,12,PANDEMIA,2,,2,,,,,2,1,02,1.4,13,339.39966217
5388573,1,1,1,80,13,1,5,,2,,,10,,3,,2,,,,,3,1,02,4,13,339.39966217
5388573,1,2,1,80,13,2,,,,2,,,.,2,,2,,,,,2,1,02,,13,339.39966217
5388574,1,4,1,80,13,1,3,,2,,,9,,2,,2,,,,,2,1,02,4,13,351.36921668
5388574,1,5,1,80,13,1,9,POR LA EDAD,2,,,8,,2,,2,,,,,2,1,02,3,13,351.36921668
5388575,1,4,1,80,13,2,,,,2,,,.,2,,2,,,,,2,1,02,,13,433.62062213
5388576,1,3,1,80,13,2,,,,2,,,.,2,,2,,,,,2,1,02,,13,450.14413928
5388578,1,1,1,80,13,1,7,,2,,,8,,1,,2,,,,,2,1,02,4,13,304.19497416
5388578,1,2,1,80,13,2,,,,2,,,.,2,,2,,,,,2,1,02,,13,304.19497416
5388578,1,4,1,80,13,2,,,,2,,,.,2,,2,,,,,2,1,02,,13,304.19497416
5388581,1,2,1,80,13,1,3,,2,,,9,,2,,2,,,,,2,1,02,4,13,352.09757639
5388582,1,2,1,80,13,1,1,,2,,,8,,2,,2,,,,,2,1,02,4,13,397.75695987
5388582,1,3,1,80,13,2,,,,2,,,.,2,,2,,1,48,908526,2,1,02,,13,397.75695987
5388582,1,4,1,80,13,2,,,,2,,,.,2,,2,,,,,2,1,02,,13,397.75695987
5388585,1,1,1,80,13,1,5,,2,,,10,,3,,2,,,,,3,1,02,4,13,339.39966217
5388585,1,2,1,80,13,1,5,,2,,,10,,3,,2,,,,,3,1,02,4,13,339.39966217
5388586,1,1,1,80,13,1,5,,2,,,10,,3,,2,,,,,3,1,02,4,13,339.39966217
5388587,1,2,1,80,13,1,9,POR CUARENTENA COVID 19,2,,,9,,2,,2,,2,,600000,2,1,02,1.4,13,450.14413928
5388587,1,3,1,80,13,2,,,,2,,,.,,,2,,,,,,1,02,,13,450.14413928
5388588,1,1,1,80,13,1,5,,2,,,10,,3,,2,,,,,3,1,02,4,13,301.62720468
5388588,1,2,1,80,13,1,1,,2,,,8,,2,,2,,,,,2,1,02,4,13,301.62720468
5388588,1,3,1,80,13,2,,,,2,,,.,2,,2,,,,,2,1,02,,13,301.62720468
5388589,1,1,1,80,13,1,5,,2,,,10,,3,,2,,,,,3,1,02,2,13,320.71849131
5388589,1,2,1,80,13,1,3,,2,,,8,,2,,2,,,,,2,1,02,4,13,320.71849131
5388590,1,1,1,80,13,2,,,,2,,,.,2,,2,,,,,2,1,02,,13,348.03112746
5388592,1,2,1,80,13,1,3,,2,,,9,,2,,2,,,,,2,1,02,4,13,412.38327108
5388592,1,3,1,80,13,2,,,,2,,,.,,,2,,,,,,1,02,,13,412.38327108
5388594,1,2,1,80,13,1,4,,2,,,4,,1,,2,,,,,2,1,02,4,13,305.57996182
5388594,1,4,1,80,13,2,,,,2,,,.,2,,2,,,,,2,1,02,,13,305.57996182
5388594,1,5,1,80,13,2,,,,2,,,.,2,,2,,,,,2,1,02,,13,305.57996182
5388594,1,7,1,80,13,2,,,,2,,,.,2,,2,,,,,2,1,02,,13,305.57996182
5388595,1,2,1,80,13,1,9,EMBARAZO,2,,,9,,2,,2,,,,,2,1,02,4,13,397.77313946
5388596,1,2,1,80,13,2,,,,2,,,.,2,,2,,,,,2,1,02,,13,282.95762311
5388597,1,2,1,80,13,2,,,,1,4,7,,2,,2,,,,,2,1,02,,13,334.1931887
5388597,1,5,1,80,13,2,,,,1,4,8,,2,,2,,,,,2,1,02,,13,334.1931887
5388597,1,6,1,80,13,1,1,,1,,4,7,,2,,2,,,,,2,1,02,4,13,334.1931887
5388597,1,11,1,80,13,1,3,,2,,,9,,2,,2,,,,,2,1,02,4,13,334.1931887
5388597,1,12,1,80,13,2,,,,2,,,.,2,,2,,,,,2,1,02,,13,334.1931887
5388598,1,2,1,80,13,1,9,POR PANDEMIA COVID 19,2,,,12,POR PANDEMIA COVID 19,2,,2,,2,,800000,2,1,02,1.4,13,330.76819687
5388598,1,3,1,80,13,1,9,POR LA EDAD,2,,,8,,2,,2,,,,,2,1,02,4,13,330.76819687
5388599,1,2,1,80,13,2,,,,2,,,.,2,,2,,,,,2,1,02,,13,313.60834848
5388599,1,3,1,80,13,1,9,PANDEMIA,2,,,12,PANDEMIA,1,,2,,,,,2,1,02,1.4,13,313.60834848
5388599,1,4,1,80,13,1,8,,2,,,5,,2,,2,,1,48,908526,2,1,02,3,13,313.60834848
5388600,1,1,1,80,13,1,5,,2,,,10,,3,,2,,,,,3,1,02,3,13,309.65100104
5388600,1,2,1,80,13,1,7,,2,,,8,,2,,2,,,,,2,1,02,4,13,309.65100104
5388600,1,4,1,80,13,1,7,,2,,,1,,2,,2,,1,48,908526,2,1,02,1.4,13,309.65100104
5388602,1,3,1,80,13,2,,,,2,,,.,2,,2,,,,,2,1,02,,13,429.66327469
5388602,1,4,1,80,13,2,,,,2,,,.,2,,2,,,,,2,1,02,,13,429.66327469
5388603,1,3,1,80,13,1,9,PANDEMIA,2,,,12,PANDEMIA,1,,2,,1,48,1500000,2,1,02,1.4,13,347.41186924
5388607,1,2,1,80,13,1,1,,2,,,8,,2,,2,,,,,2,1,02,4,13,324.80758324
5388607,1,3,1,80,13,2,,,,2,,,.,,,2,,,,,,1,02,,13,324.80758324
5388608,1,2,1,80,13,1,3,,2,,,8,,2,,2,,,,,2,1,02,4,13,282.95762311
5388608,1,3,1,80,13,1,5,,2,,,10,,3,,2,,,,,3,1,02,4,13,282.95762311
5388609,1,1,1,80,13,1,5,,2,,,10,,1,,2,,,,,2,1,02,4,13,370.05038753
5388610,1,2,1,80,13,1,7,,2,,,8,,2,,2,,,,,2,1,02,4,13,305.70470733
5388610,1,4,1,80,13,2,,,,2,,,.,2,,2,,,,,2,1,02,,13,305.70470733
5388610,1,5,1,80,13,1,6,,2,,,8,,2,,2,,,,,2,1,02,4,13,305.70470733
5388611,1,3,1,80,13,2,,,,2,,,.,2,,2,,,,,2,1,02,,13,454.85797317
5388611,1,4,1,80,13,2,,,,2,,,.,,,2,,,,,,1,02,,13,454.85797317
5388611,1,5,1,80,13,2,,,,2,,,.,,,2,,,,,,1,02,,13,454.85797317
5388612,1,2,1,80,13,1,5,,2,,,10,,3,,2,,,,,3,1,02,3,13,197.62658778
5388612,1,4,1,80,13,1,3,,2,,,8,,2,,2,,,,,2,1,02,4,13,197.62658778
5388612,1,7,1,80,13,1,5,,2,,,10,,3,,2,,,,,3,1,02,2,13,197.62658778
5388612,1,8,1,80,13,1,5,,2,,,10,,3,,2,,,,,3,1,02,2,13,197.62658778
5388613,1,1,1,80,13,1,5,,2,,,10,,3,,2,,,,,3,1,02,4,13,339.39966217
5388613,1,2,1,80,13,1,5,,2,,,10,,3,,2,,,,,3,1,02,3,13,339.39966217
5388614,1,3,1,80,13,1,2,,2,,,2,,2,,2,,,,,2,1,02,1.2,13,360.63701321
5388695,1,1,1,80,17,1,4,,2,,,4,,2,,2,,,,,2,1,02,1.2,17,186.76523763
5388696,1,1,1,80,17,1,8,,2,,,8,,2,,2,,,,,2,1,02,4,17,169.54986767
5388696,1,2,1,80,17,1,6,,2,,,8,,3,,2,,1,48,908526,3,1,02,4,17,169.54986767
5388698,1,1,1,80,17,1,3,,2,,,9,,2,,2,,,,,2,1,02,4,17,170.79711724
5388699,1,1,1,80,17,2,,,,2,,,.,2,,2,,,,,2,1,02,,17,185.51798806
5388700,1,2,1,80,17,1,3,,2,,,9,,2,,2,,,,,2,1,02,4,17,169.54986767
5388701,1,1,1,80,17,1,5,,2,,,10,,3,,2,,,,,3,1,02,4,17,169.54986767
5388701,1,2,1,80,17,1,5,,2,,,10,,3,,2,,,,,3,1,02,4,17,169.54986767
5388702,1,3,1,80,17,2,,,,1,1,8,,2,,2,,,,,2,1,02,,17,222.95370546
5388703,1,2,1,80,17,1,3,,2,,,9,,2,,2,,2,,1000000,2,1,02,3,17,311.3694875
5388704,1,1,1,80,17,1,7,,2,,,8,,1,1,2,,,,,1,1,02,4,17,195.10087702
5388705,1,1,1,80,17,1,3,,2,,,9,,2,,2,,,,,2,1,02,4,17,266.42878709
5388705,1,2,1,80,17,2,,,,2,,,.,2,,2,,,,,2,1,02,,17,266.42878709
5388705,1,5,1,80,17,2,,,,2,,,.,,,2,,,,,,1,02,,17,266.42878709
5388705,1,10,1,80,17,1,3,,2,,,9,,2,,2,,,,,2,1,02,4,17,266.42878709
5388708,1,1,1,80,17,1,3,,2,,,9,,2,,2,,,,,2,1,02,4,17,180.27920899
5388708,1,4,1,80,17,1,3,,2,,,9,,2,,2,,,,,2,1,02,4,17,180.27920899
5388709,1,1,1,80,17,1,6,,2,,,9,,2,,2,,1,48,908526,2,1,02,4,17,201.76217427
5388709,1,2,1,80,17,1,6,,2,,,2,,2,,2,,,,,2,1,02,1.4,17,201.76217427
5388710,1,1,1,80,17,1,5,,2,,,10,,3,,2,,,,,3,1,02,4,17,185.51798806
5388711,1,1,1,80,17,1,5,,2,,,10,,3,,2,,,,,3,1,02,4,17,181.66057251
5388711,1,2,1,80,17,1,3,,2,,,9,,2,,2,,,,,2,1,02,4,17,181.66057251
5388712,1,1,1,80,17,2,,,,2,,,.,2,,2,,,,,2,1,02,,17,200.10561174
5388712,1,2,1,80,17,1,8,,2,,,11,,2,,2,,,,,2,1,02,3,17,200.10561174
5388713,1,1,1,80,17,1,5,,2,,,10,,3,,2,,,,,3,1,02,4,17,191.03810371
5388714,1,3,1,80,17,1,2,,2,,,2,,2,,2,,2,,908526,2,1,02,1.4,17,213.47688446
5388714,1,5,1,80,17,1,3,,2,,,9,,2,,2,,,,,2,1,02,4,17,213.47688446
5388715,1,1,1,80,17,1,8,,2,,,9,,2,,2,,,,,2,1,02,4,17,201.76217427
5388716,1,1,1,80,17,1,5,,2,,,10,,3,,2,,,,,3,1,02,3,17,207.49418354
5388718,1,2,1,80,17,1,5,,2,,,10,,3,,2,,,,,3,1,02,3,17,182.99691133
5388720,1,1,1,80,17,1,7,,2,,,8,,2,,2,,,,,2,1,02,4,17,170.79711724
5388720,1,2,1,80,17,1,8,,2,,,8,,2,,2,,,,,2,1,02,3,17,170.79711724
5388721,1,2,1,80,17,1,3,,2,,,9,,2,,2,,,,,2,1,02,4,17,204.36578449
5388721,1,3,1,80,17,2,,,,2,,,.,2,,2,,,,,2,1,02,,17,204.36578449
5388723,1,1,1,80,17,2,,,,2,,,.,2,,2,,,,,2,1,02,,17,170.79711724
5388723,1,2,1,80,17,1,4,,1,,3,8,,2,,2,,,,,2,1,02,4,17,170.79711724
5388725,1,1,1,80,17,2,,,,2,,,.,2,,2,,,,,2,1,02,,17,178.89805355
5388725,1,3,1,80,17,2,,,,2,,,.,2,,2,,,,,2,1,02,,17,178.89805355
5388725,1,4,1,80,17,2,,,,2,,,.,2,,2,,,,,2,1,02,,17,178.89805355
5388726,1,2,1,80,17,2,,,,2,,,.,2,,2,,,,,2,1,02,,17,170.79711724
5388726,1,3,1,80,17,1,4,,2,,,4,,1,2,2,,,,,1,1,02,2,17,170.79711724
5388727,1,1,1,80,17,1,8,,2,,,9,,2,,2,,,,,2,1,02,4,17,191.98864842
5388728,1,1,1,80,17,1,3,,2,,,8,,2,,2,,,,,2,1,02,4,17,185.51798806
5388729,1,1,1,80,17,1,3,,2,,,9,,2,,2,,,,,2,1,02,4,17,145.43849738
5388729,1,2,1,80,17,1,4,,2,,,4,,2,,2,,,,,2,1,02,4,17,145.43849738
5388729,1,3,1,80,17,2,,,,2,,,.,2,,2,,,,,2,1,02,,17,145.43849738
5388730,1,2,1,80,17,1,5,,2,,,10,,3,,2,,,,,3,1,02,4,17,209.92036139
5388731,1,1,1,80,17,1,3,,2,,,10,,3,,2,,,,,3,1,02,4,17,161.40661777
5388732,1,1,1,80,17,1,7,,2,,,1,,2,,2,,2,,3000000,2,1,02,1.4,17,146.01420379
5388733,1,1,1,80,17,1,5,,2,,,10,,3,,2,,,,,3,1,02,4,17,185.51798806
5388734,1,2,1,80,17,1,3,,2,,,9,,2,,2,,2,,3800000,2,1,02,4,17,169.54986767
5388735,1,1,1,80,17,1,4,,2,,,4,,2,,2,,,,,2,1,02,4,17,188.01248719
5388736,1,1,1,80,17,1,4,,2,,,10,,3,,2,,,,,3,1,02,4,17,214.8941319
5388736,1,4,1,80,17,2,,,,2,,,.,2,,2,,,,,2,1,02,,17,214.8941319
5388737,1,2,1,80,17,1,3,,2,,,9,,2,,2,,,,,2,1,02,3,17,302.82798345
5388910,1,1,1,80,23,1,3,,2,,,9,,2,,2,,,,,2,1,02,4,23,162.97137583
5388910,1,4,1,80,23,2,,,,2,,,.,2,,2,,,,,2,1,02,,23,162.97137583
5388912,1,1,1,80,23,2,,,,2,,,.,2,,2,,,,,2,1,02,,23,190.27557685
5388913,1,2,1,80,23,1,7,,2,,,9,,2,,2,,,,,2,1,02,3,23,248.17557598
5388913,2,2,2,80,23,1,3,,2,,,9,,2,,2,,,,,2,1,02,2,23,248.17557598
5388913,3,2,3,80,23,1,4,,2,,,8,,2,,2,,,,,2,1,02,4,23,248.17557598
5388914,1,1,1,80,23,1,8,,2,,,8,,2,,2,,,,,2,1,02,1.1,23,148.5935075
5388914,1,2,1,80,23,1,4,,2,,,8,,2,,2,,,,,2,1,02,4,23,148.5935075
5388915,1,4,1,80,23,1,3,,2,,,9,,2,,2,,,,,2,1,02,2,23,257.10005784
5388915,1,9,1,80,23,2,,,,2,,,.,2,,2,,,,,2,1,02,,23,257.10005784
5388916,1,1,1,80,23,1,5,,2,,,10,,3,,2,,,,,3,1,02,3,23,158.23956404
5388916,1,2,1,80,23,1,5,,2,,,10,,3,,2,,,,,3,1,02,4,23,158.23956404
5388918,1,2,1,80,23,1,4,,2,,,4,,2,,2,,2,,900000,2,1,02,1.2,23,203.66970562
5388919,1,3,1,80,23,1,8,,2,,,2,,2,,2,,1,40,908526,2,1,02,1.2,23,176.23540536
5388919,1,4,1,80,23,2,,,,2,,,.,2,,2,,,,,2,1,02,,23,176.23540536
5388919,1,6,1,80,23,2,,,,2,,,.,2,,2,,,,,2,1,02,,23,176.23540536
5388919,1,7,1,80,23,1,4,,2,,,4,,2,,2,,,,,2,1,02,3,23,176.23540536
5388920,1,3,1,80,23,2,,,,2,,,.,,,2,,,,,,1,02,,23,110.78286713
5388921,1,1,1,80,23,2,,,,2,,,.,2,,2,,2,,908526,2,1,02,,23,193.69161271
5388922,1,3,1,80,23,2,,,,2,,,.,2,,2,,,,,2,1,02,,23,198.85294029
5388924,1,1,1,80,23,1,9,POR LA PANDEMIA,2,,,12,POR LA PANDEMIA,2,,2,,1,40,908526,2,1,02,2,23,177.57423605
5388924,1,3,1,80,23,1,3,,2,,,9,,2,,2,,1,40,1000000,2,1,02,2,23,177.57423605
5388927,1,3,1,80,23,2,,,,2,,,.,2,,2,,,,,2,1,02,,23,225.95827788
5388933,1,3,1,80,23,2,,,,2,,,.,2,,2,,,,,2,1,02,,23,168.82549138
5388933,1,4,1,80,23,2,,,,2,,,.,,,2,,,,,,1,02,,23,168.82549138
5388934,1,3,1,80,23,2,,,,2,,,.,2,,2,,,,,2,1,02,,23,287.37225631
5388935,1,2,1,80,23,1,3,,2,,,9,,2,,2,,,,,2,1,02,4,23,343.37755524
5388935,1,4,1,80,23,2,,,,2,,,.,2,,2,,,,,2,1,02,,23,343.37755524
5388935,1,5,1,80,23,2,,,,2,,,.,,,2,,,,,,1,02,,23,343.37755524
5388936,1,2,1,80,23,2,,,,2,,,.,,,2,,,,,,1,02,,23,348.83778183
5388936,1,3,1,80,23,2,,,,2,,,.,,,2,,,,,,1,02,,23,348.83778183
5388937,1,5,1,80,23,2,,,,2,,,.,,,2,,,,,,1,02,,23,340.43871089
5388937,1,6,1,80,23,2,,,,2,,,.,2,,2,,,,,2,1,02,,23,340.43871089
5388938,1,2,1,80,23,1,4,,2,,,4,,2,,2,,,,,2,1,02,3,23,337.625931
5388938,1,3,1,80,23,2,,,,2,,,.,2,,2,,,,,2,1,02,,23,337.625931
5388939,1,3,1,80,23,2,,,,2,,,.,2,,2,,,,,2,1,02,,23,337.625931
5388940,2,1,2,80,23,1,1,,2,,,9,,2,,2,,1,50,800000,2,1,02,1.2,23,144.57398785
5388940,2,2,2,80,23,2,,,,2,,,.,2,,2,,,,,2,1,02,,23,144.57398785
5388940,2,3,2,80,23,2,,,,2,,,.,2,,2,,,,,2,1,02,,23,144.57398785
5388941,1,2,1,80,23,2,,,,2,,,.,2,,2,,,,,2,1,02,,23,254.08056427
5388941,1,3,1,80,23,2,,,,2,,,.,,,2,,,,,,1,02,,23,254.08056427
5388944,1,1,1,80,23,2,,,,2,,,.,2,,2,,2,,300000,2,1,02,,23,398.18602846
5388946,1,1,1,80,23,1,3,,2,,,9,,2,,2,,2,,300000,2,1,02,1.3,23,368.10484315
5388949,1,1,1,80,23,1,5,,2,,,8,,2,,2,,,,,2,1,02,4,23,290.61514176
5388950,1,1,1,80,23,1,9,POR LA PANDEMIA,2,,,12,POR LA PANDEMIA,2,,2,,,,,2,1,02,2,23,158.23956404
5388951,1,2,1,80,23,2,,,,2,,,.,2,,2,,,,,2,1,02,,23,538.64732688
5388953,1,3,1,80,23,2,,,,2,,,.,,,2,,,,,,1,02,,23,117.04599987
5388953,1,5,1,80,23,1,4,,2,,,4,,2,,2,,,,,2,1,02,2,23,117.04599987
5388953,1,6,1,80,23,1,4,,2,,,4,,2,,2,,1,40,908526,2,1,02,1.4,23,117.04599987
5388953,1,7,1,80,23,2,,,,2,,,.,2,,2,,,,,2,1,02,,23,117.04599987
5388956,1,1,1,80,23,1,8,,2,,,8,,2,,2,,,,,2,1,02,4,23,148.50289349
5388956,1,3,1,80,23,2,,,,2,,,.,,,2,,,,,,1,02,,23,148.50289349
5388957,1,1,1,80,23,1,5,,2,,,10,,3,,2,,,,,3,1,02,4,23,210.58564886
5388957,1,2,1,80,23,2,,,,2,,,.,2,,2,,,,,2,1,02,,23,210.58564886
5388958,1,2,1,80,23,2,,,,2,,,.,2,,2,,,,,2,1,02,,23,163.99620017
5388958,1,4,1,80,23,2,,,,2,,,.,2,,2,,,,,2,1,02,,23,163.99620017
5388959,1,1,1,80,23,1,4,,2,,,4,,2,,2,,,,,2,1,02,1.4,23,203.4777076
5388960,1,1,1,80,23,1,1,,2,,,1,,2,,2,,1,48,800000,2,1,02,2,23,203.33766925
5388961,1,1,1,80,23,1,7,,2,,,8,,2,,2,,,,,2,1,02,4,23,145.87025961
5388961,1,2,1,80,23,1,4,,2,,,4,,2,,2,,,,,2,1,02,4,23,145.87025961
5388962,1,2,1,80,23,1,3,,2,,,9,,2,,2,,,,,2,1,02,4,23,145.63960725
5388964,1,2,1,80,23,1,3,,2,,,9,,2,,2,,,,,2,1,02,2,23,216.1790484
5388965,1,1,1,80,23,2,,,,2,,,.,2,,2,,,,,2,1,02,,23,163.11141418
5388965,1,4,1,80,23,2,,,,2,,,.,2,,2,,,,,2,1,02,,23,163.11141418
5388965,1,7,1,80,23,2,,,,2,,,.,2,,2,,,,,2,1,02,,23,163.11141418
5388966,1,3,1,80,23,2,,,,2,,,.,,,2,,,,,,1,02,,23,152.25096571
5388968,1,3,1,80,23,2,,,,2,,,.,,,2,,,,,,1,02,,23,198.85294029
5388969,1,2,1,80,23,2,,,,2,,,.,,,2,,,,,,1,02,,23,161.89702226
5388971,1,1,1,80,23,1,4,,2,,,4,,2,,2,,,,,2,1,02,2,23,120.42892367
5388973,1,1,1,80,23,2,,,,2,,,.,2,,2,,,,,2,1,02,,23,145.30757088
5388975,1,1,1,80,23,1,3,,2,,,9,,2,,2,,,,,2,1,02,4,23,184.68217731
5388975,1,3,1,80,23,2,,,,2,,,.,2,,2,,,,,2,1,02,,23,184.68217731
5388975,1,4,1,80,23,2,,,,2,,,.,2,,2,,,,,2,1,02,,23,184.68217731
5388976,1,1,1,80,23,1,9,COVID19,2,,,8,,2,,2,,,,,2,1,02,1.4,23,204.32300836
5388976,1,3,1,80,23,1,4,,2,,,8,,2,,2,,,,,2,1,02,1.4,23,204.32300836
5388977,1,2,1,80,23,1,3,,2,,,9,,2,,2,,,,,2,1,02,4,23,189.76270707
5388977,1,3,1,80,23,1,2,,2,,,2,,2,,2,,,,,2,1,02,1.3,23,189.76270707
5388977,1,4,1,80,23,2,,,,2,,,.,2,,2,,,,,2,1,02,,23,189.76270707
5388977,1,5,1,80,23,2,,,,2,,,.,2,,2,,,,,2,1,02,,23,189.76270707
5388977,1,6,1,80,23,2,,,,2,,,.,,,2,,,,,,1,02,,23,189.76270707
5388978,1,1,1,80,23,1,6,,2,,,9,,2,,2,,,,,2,1,02,2,23,257.58411475
5388978,1,3,1,80,23,2,,,,2,,,.,,,2,,,,,,1,02,,23,257.58411475
5388978,1,8,1,80,23,1,4,,2,,,4,,2,,2,,,,,2,1,02,4,23,257.58411475
5388980,1,1,1,80,23,1,9,POR LA PANDEMIA,2,,,12,POR LA PANDEMIA,2,,2,,,,,2,1,02,2,23,147.73878516
5388980,1,4,1,80,23,2,,,,2,,,.,2,,2,,,,,2,1,02,,23,147.73878516
5388981,1,2,1,80,23,2,,,,2,,,.,2,,2,,,,,2,1,02,,23,178.45902204
5388982,1,2,1,80,23,1,3,,2,,,9,,2,,2,,2,,1000000,2,1,02,2,23,203.66970562
5388983,1,2,1,80,23,1,3,,2,,,9,,2,,2,,,,,2,1,02,4,23,154.44762305
5388983,1,3,1,80,23,2,,,,2,,,.,2,,2,,,,,2,1,02,,23,154.44762305
5388984,1,2,1,80,23,2,,,,2,,,.,2,,2,,,,,2,1,02,,23,209.56082452
5388985,1,4,1,80,23,2,,,,2,,,.,2,,2,,,,,2,1,02,,23,197.52355646
5388987,1,3,1,80,23,2,,,,2,,,.,2,,2,,,,,2,1,02,,23,200.93959232
5388989,1,3,1,80,23,2,,,,2,,,.,2,,2,,,,,2,1,02,,23,168.82549138
5388989,1,4,1,80,23,2,,,,2,,,.,2,,2,,,,,2,1,02,,23,168.82549138
5388990,1,2,1,80,23,2,,,,2,,,.,2,,2,,,,,2,1,02,,23,144.70408709
5388990,1,3,1,80,23,2,,,,2,,,.,2,,2,,,,,2,1,02,,23,144.70408709
5388990,1,4,1,80,23,2,,,,2,,,.,2,,2,,,,,2,1,02,,23,144.70408709
5388990,1,5,1,80,23,2,,,,2,,,.,2,,2,,,,,2,1,02,,23,144.70408709
5388990,1,6,1,80,23,2,,,,2,,,.,,,2,,,,,,1,02,,23,144.70408709
5388993,1,1,1,80,23,1,4,,2,,,4,,2,,2,,,,,2,1,02,3,23,158.23956404
5388993,1,2,1,80,23,1,3,,2,,,9,,2,,2,,,,,2,1,02,3,23,158.23956404
5388994,1,1,1,80,23,2,,,,2,,,.,2,,2,,,,,2,1,02,,23,231.41163907
5388995,1,2,1,80,23,2,,,,2,,,.,2,,2,,,,,2,1,02,,23,163.53406456
5388995,1,3,1,80,23,2,,,,2,,,.,2,,2,,,,,2,1,02,,23,163.53406456
5388995,1,7,1,80,23,1,4,,2,,,4,,2,,2,,,,,2,1,02,4,23,163.53406456
5388996,1,1,1,80,23,1,3,,2,,,9,,2,,2,,,,,2,1,02,3,23,137.78814384
5388996,1,3,1,80,23,2,,,,2,,,.,2,,2,,,,,2,1,02,,23,137.78814384
5388996,1,6,1,80,23,2,,,,2,,,.,2,,2,,,,,2,1,02,,23,137.78814384
5388999,1,3,1,80,23,2,,,,2,,,.,2,,2,,,,,2,1,02,,23,214.08553096
5389001,1,1,1,80,23,1,8,,2,,,9,,2,,2,,,,,2,1,02,4,23,254.09107277
5389002,1,3,1,80,23,2,,,,2,,,.,2,,2,,,,,2,1,02,,23,159.64595398
5389002,1,4,1,80,23,2,,,,2,,,.,2,,2,,,,,2,1,02,,23,159.64595398
5389002,1,5,1,80,23,2,,,,2,,,.,2,,2,,,,,2,1,02,,23,159.64595398
5389006,1,1,1,80,23,1,3,,2,,,9,,2,,2,,,,,2,1,02,4,23,139.54962492
5389006,1,4,1,80,23,2,,,,2,,,.,2,,2,,,,,2,1,02,,23,139.54962492
5389007,1,1,1,80,23,1,1,,2,,,8,,2,,2,,,,,2,1,02,3,23,186.90628624
5389007,1,3,1,80,23,2,,,,2,,,.,2,,2,,,,,2,1,02,,23,186.90628624
5389009,1,1,1,80,23,1,4,,2,,,4,,2,,2,,,,,2,1,02,4,23,133.36091683
5389009,1,2,1,80,23,1,5,,2,,,10,,3,,2,,,,,3,1,02,1.2,23,133.36091683
5389012,1,1,1,80,23,1,3,,2,,,9,,2,,2,,,,,2,1,02,4,23,158.48098639
5389012,1,2,1,80,23,1,3,,2,,,9,,2,,2,,2,,908526,2,1,02,3,23,158.48098639
5389013,1,1,1,80,23,1,1,,2,,,9,,2,,2,,1,48,2000000,2,1,02,2,23,166.72631347
5389013,1,2,1,80,23,2,,,,2,,,.,,,2,,,,,,1,02,,23,166.72631347
5389014,1,2,1,80,23,2,,,,2,,,.,2,,2,,,,,2,1,02,,23,218.90229629
5389016,1,1,1,80,23,1,5,,2,,,10,,3,,2,,,,,3,1,02,4,23,101.14933647
5389016,1,3,1,80,23,2,,,,2,,,.,2,,2,,,,,2,1,02,,23,101.14933647
5389016,1,5,1,80,23,2,,,,2,,,.,2,,2,,,,,2,1,02,,23,101.14933647
5389017,1,2,1,80,23,2,,,,2,,,.,2,,2,,,,,2,1,02,,23,127.04028214
5389017,1,3,1,80,23,2,,,,2,,,.,,,2,,,,,,1,02,,23,127.04028214
5389019,1,2,1,80,23,1,3,,2,,,9,,2,,2,,,,,2,1,02,2,23,203.66970562
5389020,1,1,1,80,23,2,,,,2,,,.,2,,2,,,,,2,1,02,,23,156.74822056
5389021,1,1,1,80,23,1,5,,2,,,10,,3,,2,,,,,3,1,02,4,23,119.7361357
5389021,1,2,1,80,23,1,5,,2,,,10,,3,,2,,,,,3,1,02,4,23,119.7361357
5389022,1,4,1,80,23,2,,,,2,,,.,2,,2,,,,,2,1,02,,23,157.31090929
5389023,1,5,1,80,23,2,,,,2,,,.,2,,2,,,,,2,1,02,,23,159.17943484
5389024,1,2,1,80,23,1,3,,2,,,9,,2,,2,,2,,400000,2,1,02,3,23,190.96836482
5389025,1,3,1,80,23,1,1,,2,,,8,,2,,2,,,,,2,1,02,2,23,132.93826645
5389026,1,2,1,80,23,1,9,POR LA PANDEMIA,2,,,12,POR LA PANDEMIA,2,,2,,,,,2,1,02,2,23,124.73968463
5389026,1,3,1,80,23,1,2,,2,,,2,,2,,2,,2,,908526,2,1,02,2,23,124.73968463
5389027,1,2,1,80,23,2,,,,2,,,.,,,2,,,,,,1,02,,23,174.40636504
5389028,1,1,1,80,23,1,2,,2,,,2,,2,,2,,,,,2,1,02,1.4,23,313.49644112
5389029,1,3,1,80,23,2,,,,2,,,.,,,2,,,,,,1,02,,23,194.02364908
5389030,1,3,1,80,23,2,,,,2,,,.,2,,2,,,,,2,1,02,,23,148.7636095
5389367,1,2,1,80,50,1,3,,2,,,9,,2,,2,,,,,2,1,02,3,50,397.93592618
5389368,1,1,1,80,50,1,3,,2,,,9,,2,,2,,,,,2,1,02,1.3,50,230.84848816
5389368,1,2,1,80,50,1,3,,2,,,8,,2,,2,,,,,2,1,02,4,50,230.84848816
5389370,1,1,1,80,50,1,3,,2,,,9,,2,,2,,,,,2,1,02,4,50,196.21876893
5389370,1,3,1,80,50,2,,,,2,,,.,2,,2,,,,,2,1,02,,50,196.21876893
5389372,1,3,1,80,50,2,,,,2,,,.,,,2,,,,,,1,02,,50,277.45631955
5389373,1,2,1,80,50,1,3,,2,,,9,,2,,2,,,,,2,1,02,4,50,245.00143935
5389374,1,3,1,80,50,2,,,,2,,,.,2,,2,,,,,2,1,02,,50,405.87016345
5389378,1,1,1,80,50,1,5,,2,,,10,,3,,2,,,,,3,1,02,4,50,276.05484509
5389378,1,2,1,80,50,1,3,,2,,,9,,2,,2,,,,,2,1,02,4,50,276.05484509
5389380,1,1,1,80,50,1,4,,2,,,9,,2,,2,,,,,2,1,02,3,50,206.60892589
5389380,2,1,2,80,50,1,4,,2,,,4,,2,,2,,,,,2,1,02,4,50,206.60892589
5389381,1,1,1,80,50,1,9,POR LA PANDEMIA DEL COVID 19,2,,,8,,2,,2,,1,48,1000000,2,1,02,1.4,50,207.34128159
5389381,1,3,1,80,50,2,,,,2,,,.,2,,2,,,,,2,1,02,,50,207.34128159
5389382,1,2,1,80,50,1,4,,2,,,9,,2,,2,,,,,2,1,02,2,50,294.10650928
5389382,1,5,1,80,50,2,,,,2,,,.,2,,2,,,,,2,1,02,,50,294.10650928
5389383,1,1,1,80,50,1,7,,2,,,10,,3,,2,,,,,3,1,02,4,50,230.84848816
5389383,1,2,1,80,50,1,7,,2,,,9,,2,,2,,,,,2,1,02,4,50,230.84848816
5389384,1,1,1,80,50,1,5,,2,,,10,,3,,2,,,,,3,1,02,3,50,239.56347864
5389384,1,2,1,80,50,1,3,,2,,,12,TIENE COVID19,2,,2,,,,,2,1,02,1.4,50,239.56347864
5389386,1,3,1,80,50,2,,,,2,,,.,2,,2,,,,,2,1,02,,50,203.6937954
5389387,1,1,1,80,50,1,4,,2,,,8,,2,,2,,,,,2,1,02,4,50,264.6336701
5389392,1,1,1,80,50,1,5,,2,,,11,,3,,2,,,,,3,1,02,4,50,230.84848816
5389392,1,2,1,80,50,2,,,,2,,,.,2,,2,,,,,2,1,02,,50,230.84848816
5389394,1,3,1,80,50,1,2,,2,,,2,,2,,2,,,,,2,1,02,2,50,291.40032477
5389395,1,2,1,80,50,1,6,,2,,,1,,2,,2,,,,850000,2,1,02,1.2,50,318.55501752
5389400,1,1,1,80,50,1,3,,2,,,9,,2,,2,,,,,2,1,02,3,50,329.10791805
5389402,1,1,1,80,50,1,4,,2,,,4,,3,,2,,,,,3,1,02,4,50,239.56347864
5389403,1,2,1,80,50,1,5,,2,,,10,,3,,2,,,,,3,1,02,4,50,318.55501752
5389404,1,2,1,80,50,2,,,,2,,,.,2,,2,,,,,2,1,02,,50,296.67677503
5389404,1,3,1,80,50,2,,,,2,,,.,,,2,,,,,,1,02,,50,296.67677503
5389405,1,1,1,80,50,1,3,,2,,,9,,2,,2,,,,,2,1,02,4,50,223.37346168
5389405,1,2,1,80,50,2,,,,2,,,.,2,,2,,,,,2,1,02,,50,223.37346168
5389408,1,1,1,80,50,1,3,,2,,,9,,2,,2,,,,,2,1,02,4,50,49.709556934
5389408,1,2,1,80,50,1,4,,2,,,4,,2,,2,,,,,2,1,02,4,50,49.709556934
5389408,1,3,1,80,50,1,5,,2,,,10,,3,,2,,,,,2,1,02,4,50,49.709556934
5389408,1,6,1,80,50,2,,,,2,,,.,2,,2,,,,,2,1,02,,50,49.709556934
5389409,1,4,1,80,50,2,,,,2,,,.,,,2,,,,,,1,02,,50,54.947036388
5389411,1,4,1,80,50,1,3,,2,,,9,,2,,2,,,,,2,1,02,1.4,50,127.99730699
5389412,1,3,1,80,50,2,,,,2,,,.,2,,2,,,,,2,1,02,,50,209.20292882
5389412,1,4,1,80,50,2,,,,2,,,.,,,2,,,,,,1,02,,50,209.20292882
5389412,1,5,1,80,50,2,,,,2,,,.,,,2,,,,,,1,02,,50,209.20292882
5389416,1,2,1,80,50,2,,,,2,,,.,,,2,,,,,,1,02,,50,100.78833352
5389417,1,2,1,80,50,1,3,,2,,,9,,2,,2,,,,,2,1,02,2,50,148.98962047
5389418,1,3,1,80,50,2,,,,2,,,.,,,2,,,,,,1,02,,50,92.485439849
5389419,1,3,1,80,50,1,4,,2,,,4,,2,,2,,,,,2,1,02,4,50,81.66714645
5389422,1,1,1,80,50,1,4,,2,,,4,,2,,2,,,,,2,1,02,4,50,214.81630807
5389423,1,1,1,80,50,1,9,POR LA PANDEMIA DEL COVID 19,2,,,9,,2,,2,,,,,2,1,02,1.4,50,230.84848816
5389423,1,2,1,80,50,1,4,,2,,,4,,2,,2,,,,,2,1,02,4,50,230.84848816
5389424,1,1,1,80,50,1,3,,2,,,8,,3,,2,,,,,3,1,02,3,50,284.76983557
5389425,1,3,1,80,50,2,,,,2,,,.,2,,2,,,,,2,1,02,,50,405.87016345
5389426,1,2,1,80,50,2,,,,2,,,.,2,,2,,,,,2,1,02,,50,452.24531168
5389428,1,1,1,80,50,1,5,,2,,,10,,3,,2,,,,,3,1,02,4,50,264.47215965
5389430,1,2,1,80,50,2,,,,2,,,.,2,,2,,,,,2,1,02,,50,232.24996261
5389431,1,1,1,80,50,1,5,,2,,,10,,3,,2,,,,,2,1,02,4,50,276.05484509
5389431,1,2,1,80,50,1,3,,2,,,9,,2,,2,,,,,2,1,02,4,50,276.05484509
5389434,1,2,1,80,50,2,,,,2,,,.,2,,2,,,,,2,1,02,,50,378.71547069
5389434,1,4,1,80,50,2,,,,2,,,.,2,,2,,,,,2,1,02,,50,378.71547069
5389436,1,2,1,80,50,1,3,,2,,,9,,2,,2,,,,,2,1,02,4,50,236.35762158
5389436,1,3,1,80,50,2,,,,2,,,.,2,,2,,,,,2,1,02,,50,236.35762158
5389436,1,4,1,80,50,2,,,,2,,,.,,,2,,,,,,1,02,,50,236.35762158
5389438,1,2,1,80,50,1,3,,2,,,11,,2,,2,,,,,2,1,02,4,50,364.77146547
5389438,1,4,1,80,50,2,,,,2,,,.,2,,2,,,,,2,1,02,,50,364.77146547
5389439,1,3,1,80,50,2,,,,2,,,.,2,,2,,,,,2,1,02,,50,236.35762158
5389439,1,4,1,80,50,2,,,,2,,,.,,,2,,,,,,1,02,,50,236.35762158
5389444,1,1,1,80,50,1,1,,1,,1,1,,2,,2,,,,900000,2,1,02,1.4,50,360.66380651
5389444,1,2,1,80,50,2,,,,2,,,.,,,2,,,,,,1,02,,50,360.66380651
5389446,1,1,1,80,50,1,3,,2,,,11,,2,,2,,,,,2,1,02,3,50,318.55501752
5389447,1,1,1,80,50,1,5,,2,,,10,,3,,2,,,,,3,1,02,4,50,309.67851659
5389451,1,1,1,80,50,1,6,,2,,,10,,3,,2,,,,,3,1,02,4,50,230.84848816
5389451,1,2,1,80,50,1,5,,2,,,10,,3,,2,,,,,3,1,02,2,50,230.84848816
5389453,1,3,1,80,52,2,,,,2,,,.,,,2,,,,,,1,02,,52,295.80617455
5389454,1,1,1,80,52,1,8,,2,,,8,,2,,2,,1,36,800000,2,1,02,3,52,214.95662481
5389455,1,1,1,80,52,1,5,,2,,,10,,3,,2,,,,,3,1,02,4,52,283.83637995
5389455,1,2,1,80,52,1,9,PANDEMIA,2,,,12,NO TIENE RECURSOS PARA COLOCAR UN NEGOCIO,2,,2,,1,48,1000000,2,1,02,1.4,52,283.83637995
5389456,1,2,1,80,52,1,4,,2,,,9,,2,,2,,,,,2,1,02,4,52,222.90898752
5389456,1,3,1,80,52,1,2,,2,,,2,,2,,2,,2,,900000,2,1,02,2,52,222.90898752
5389456,1,4,1,80,52,2,,,,2,,,.,2,,2,,2,,800000,2,1,02,,52,222.90898752
5389458,1,1,1,80,52,1,7,,2,,,11,,2,,2,,,,,2,1,02,2,52,246.30061258
5389461,1,3,1,80,52,2,,,,2,,,.,2,,2,,,,,2,1,02,,52,161.7970861
5389462,1,2,1,80,52,1,4,,2,,,4,,2,,2,,,,,2,1,02,4,52,125.88242015
5389463,1,1,1,80,52,1,4,,2,,,4,,2,,2,,,,,2,1,02,4,52,107.42347068
5389465,1,2,1,80,52,1,9,CAMBIO DE CIUDAD,2,,,9,,2,,2,,,,,2,1,02,4,52,158.40776245
5389466,1,2,1,80,52,2,,,,2,,,.,2,,2,,,,,2,1,02,,52,164.67436758
5389467,1,2,1,80,52,1,3,,2,,,1,,2,,2,,,,,2,1,02,1.2,52,213.75654798
5389467,1,3,1,80,52,1,2,,2,,,1,,2,,2,,,,,2,1,02,1.2,52,213.75654798
5389467,1,4,1,80,52,2,,,,2,,,.,2,,2,,,,,2,1,02,,52,213.75654798
5389472,1,4,1,80,52,2,,,,2,,,.,,,2,,,,,,1,02,,52,222.90898752
5389475,1,2,1,80,52,2,,,,2,,,.,2,,2,,,,,2,1,02,,52,249.2276511
5389475,1,3,1,80,52,1,9,POR INICIO DE PANDEMIA,2,,,12,POR EMBARAZO DE ALTO RIESGO,2,,2,,,,,2,1,02,1.4,52,249.2276511
5389476,1,1,1,80,52,1,5,,2,,,10,,3,,2,,,,,3,1,02,4,52,190.32371881
5389476,1,3,1,80,52,2,,,,2,,,.,2,,2,,,,,2,1,02,,52,190.32371881
5389476,1,4,1,80,52,2,,,,2,,,.,2,,2,,,,,2,1,02,,52,190.32371881
5389478,1,2,1,80,52,1,1,,2,,,1,,2,,2,,1,20,500000,2,1,02,1.4,52,271.99116792
5389479,1,1,1,80,52,1,4,,2,,,4,,2,,2,,,,,2,1,02,4,52,107.42347068
5389479,1,5,1,80,52,1,2,,2,,,2,,2,,2,,,,,2,1,02,3,52,107.42347068
5389479,1,6,1,80,52,1,2,,2,,,2,,2,,2,,,,,2,1,02,3,52,107.42347068
5389480,1,2,1,80,52,1,4,,2,,,4,,2,,2,,,,,2,1,02,4,52,212.07934333
5389481,1,2,1,80,52,1,8,,2,,,4,,2,,2,,2,,908526,2,1,02,2,52,244.60468563
5389482,1,3,1,80,52,2,,,,2,,,.,2,,2,,,,,2,1,02,,52,151.52321845
5389487,1,1,1,80,52,1,5,,2,,,10,,3,,2,,,,,3,1,02,4,52,483.35529422
5389488,1,1,1,80,52,1,5,,2,,,10,,3,,2,,,,,3,1,02,4,52,350.95328546
5389488,1,3,1,80,52,1,9,ALCOHOLICO,2,,,12,ALCOHOLICO,2,,1,98,,,,2,1,02,4,52,350.95328546
5389489,1,5,1,80,52,1,4,,2,,,4,,2,,2,,,,,2,1,02,4,52,320.42674572
5389490,1,3,1,80,52,2,,,,2,,,.,2,,2,,,,,2,1,02,,52,490.23851612
5389494,1,4,1,80,52,1,8,,2,,,2,,2,,2,,1,40,908000,2,1,02,1.2,52,859.38776542
5389494,1,5,1,80,52,2,,,,2,,,.,,,2,,,,,,1,02,,52,859.38776542
5389494,1,6,1,80,52,2,,,,2,,,.,,,2,,,,,,1,02,,52,859.38776542
5389494,1,9,1,80,52,1,3,,2,,,9,,2,,2,,1,20,400000,2,1,02,1.4,52,859.38776542
5389495,1,2,1,80,52,2,,,,1,4,9,,2,,2,,,,,2,1,02,,52,364.7427122
5389496,1,6,1,80,52,2,,,,2,,,.,2,,2,,,,,2,1,02,,52,490.45788302
5389498,1,2,1,80,52,1,4,,2,,,4,,2,,2,,,,,2,1,02,4,52,233.14946345
5389498,1,3,1,80,52,2,,,,2,,,.,2,,2,,,,,2,1,02,,52,233.14946345
5389499,1,1,1,80,52,1,9,CAMBIO DE RESIDENCIA,2,,,8,,3,,2,,,,,3,1,02,3,52,190.32371881
5389499,1,3,1,80,52,1,8,,2,,,2,,2,,2,,1,25,500000,2,1,02,1.2,52,190.32371881
5389499,1,4,1,80,52,2,,,,2,,,.,2,,2,,,,,2,1,02,,52,190.32371881
5389500,1,1,1,80,52,1,9,PANDEMIA,2,,,8,,2,,2,,1,40,400000,2,1,02,1.4,52,271.38563434
5389501,1,4,1,80,52,1,2,,2,,,2,,2,,2,,,,,2,1,02,2,52,167.6014061
5389502,1,3,1,80,52,2,,,,2,,,.,2,,2,,,,,2,1,02,,52,161.7970861
5389505,1,2,1,80,52,1,4,,2,,,4,,2,,2,,,,,2,1,02,3,52,147.59910469
5389505,1,3,1,80,52,1,8,,1,,1,7,,2,,2,,,,950000,2,1,02,1.2,52,147.59910469
5389505,1,5,1,80,52,1,8,,2,,,2,,2,,2,,,,,2,1,02,1.2,52,147.59910469
5389506,1,1,1,80,52,1,3,,2,,,9,,2,,2,,2,,700000,2,1,02,2,52,190.99303116
5389506,1,2,1,80,52,1,4,,2,,,4,,2,,2,,,,,2,1,02,2,52,190.99303116
5389510,1,1,1,80,52,1,4,,2,,,4,,2,,2,,,,,2,1,02,3,52,155.59040739
5389510,1,2,1,80,52,1,4,,2,,,4,,2,,2,,,,,2,1,02,3,52,155.59040739
5389510,1,3,1,80,52,1,4,,2,,,4,,2,,2,,2,,908000,2,1,02,3,52,155.59040739
5389513,1,2,1,80,52,1,3,,2,,,9,,1,,2,,1,40,908000,2,1,02,2,52,343.14267095
5389518,1,3,1,80,52,2,,,,2,,,.,2,,2,,,,,2,1,02,,52,246.30061258
5389522,1,2,1,80,52,2,,,,2,,,.,2,,2,,,,,2,1,02,,52,285.51128405
5389523,1,1,1,80,52,1,7,,2,,,8,,1,2,2,,,,,1,1,02,2,52,155.54065035
5389526,1,3,1,80,52,2,,,,2,,,.,,,2,,,,,,1,02,,52,190.32371881
5389526,1,4,1,80,52,2,,,,2,,,.,,,2,,,,,,1,02,,52,190.32371881
5389527,1,3,1,80,54,2,,,,2,,,.,,,2,,,,,,1,02,,54,426.07391423
5389529,1,3,1,80,54,2,,,,2,,,.,,,2,,,,,,1,02,,54,428.79826731
5389529,1,4,1,80,54,2,,,,2,,,.,,,2,,,,,,1,02,,54,428.79826731
5389531,1,1,1,80,54,1,4,,2,,,4,,2,,2,,,,,2,1,02,4,54,409.91908552
5389536,1,2,1,80,54,1,4,,2,,,4,,2,,2,,2,,900000,2,1,02,1.2,54,480.35532675
5389536,1,3,1,80,54,2,,,,2,,,.,2,,2,,,,,2,1,02,,54,480.35532675
5389536,1,4,1,80,54,2,,,,2,,,.,,,2,,,,,,1,02,,54,480.35532675
5389537,1,2,1,80,54,1,3,,2,,,9,,2,,2,,,,,2,1,02,4,54,368.82213693
5389537,1,5,1,80,54,2,,,,2,,,.,,,2,,,,,,1,02,,54,368.82213693
5389537,1,6,1,80,54,2,,,,2,,,.,,,2,,,,,,1,02,,54,368.82213693
5389538,1,1,1,80,54,1,4,,2,,,4,,2,,2,,,,,2,1,02,1.4,54,429.68699708
5389539,1,2,1,80,54,2,,,,2,,,.,2,,2,,,,,2,1,02,,54,326.00964572
5389540,1,2,1,80,54,1,9,POR DROGADICCION,2,,,12,POR DROGADICCION,2,,2,,,,,2,1,02,3,54,364.24381485
5389541,1,2,1,80,54,2,,,,2,,,.,2,,2,,1,48,1000000,2,1,02,,54,353.70218478
5389541,1,4,1,80,54,2,,,,2,,,.,2,,2,,,,,2,1,02,,54,353.70218478
5389543,1,2,1,80,54,1,6,,2,,,9,,2,,2,,,,,2,1,02,1.4,54,364.24381485
5389545,1,3,1,80,54,1,4,,2,,,4,,2,,2,,,,,2,1,02,3,54,382.25500003
5389546,1,1,1,80,54,1,3,,2,,,9,,2,,2,,,,,2,1,02,4,54,302.71034868
5389546,1,3,1,80,54,2,,,,2,,,.,2,,2,,,,,2,1,02,,54,302.71034868
5389547,1,2,1,80,54,2,,,,2,,,.,,,2,,,,,,1,02,,54,339.70830098
5389548,1,2,1,80,54,1,3,,2,,,9,,2,,2,,,,,2,1,02,4,54,400.29538451
5389548,1,3,1,80,54,2,,,,2,,,.,2,,2,,,,,2,1,02,,54,400.29538451
5389549,1,1,1,80,54,1,4,,2,,,4,,3,,2,,,,,3,1,02,3,54,284.96262958
5389549,1,2,1,80,54,2,,,,2,,,.,2,,2,,,,,2,1,02,,54,284.96262958
5389550,1,1,1,80,54,1,6,,2,,,5,,2,,2,,,,,2,1,02,3,54,420.37919637
5389550,1,4,1,80,54,2,,,,2,,,.,2,,2,,,,,2,1,02,,54,420.37919637
5389550,1,5,1,80,54,2,,,,2,,,.,2,,2,,,,,2,1,02,,54,420.37919637
5389551,1,1,1,80,54,1,5,,2,,,10,,3,,2,,,,,3,1,02,4,54,387.99165802
5389551,1,2,1,80,54,1,4,,2,,,4,,2,,2,,,,,2,1,02,4,54,387.99165802
5389554,1,1,1,80,54,1,5,,2,,,10,,3,,2,,1,48,908000,3,1,02,4,54,352.02318794
5389554,1,2,1,80,54,1,5,,2,,,10,,3,,2,,,,,3,1,02,4,54,352.02318794
5389555,1,3,1,80,54,2,,,,2,,,.,,,2,,,,,,1,02,,54,366.99662151
5389556,1,2,1,80,54,1,3,,2,,,9,,2,,2,,1,48,1014980,2,1,02,3,54,555.77491571
5389556,1,5,1,80,54,2,,,,2,,,.,2,,2,,,,,2,1,02,,54,555.77491571
5389558,1,3,1,80,54,2,,,,2,,,.,,,2,,,,,,1,02,,54,391.93635391
5389559,1,2,1,80,54,1,4,,2,,,4,,2,,2,,1,50,600000,2,1,02,2,54,258.0502497
5389559,1,4,1,80,54,2,,,,2,,,.,2,,2,,,,,2,1,02,,54,258.0502497
5389560,1,2,1,80,54,2,,,,2,,,.,2,,2,,,,,2,1,02,,54,420.76274314
5389561,1,1,1,80,54,1,3,,2,,,9,,2,,2,,,,,2,1,02,2,54,468.19474018
5389562,1,1,1,80,54,1,4,,2,,,4,,2,,2,,,,,2,1,02,2,54,351.78817544
5389562,1,2,1,80,54,2,,,,2,,,.,2,,2,,,,,2,1,02,,54,351.78817544
5389563,1,2,1,80,54,1,9,POR PANDEMIA,2,,,9,,2,,2,,,,,2,1,02,1.4,54,506.42890932
5389564,1,1,1,80,54,1,3,,2,,,9,,2,,2,,1,40,500000,2,1,02,4,54,405.23079064
5389564,1,3,1,80,54,2,,,,2,,,.,2,,2,,,,,2,1,02,,54,405.23079064
5389566,1,5,1,80,54,1,4,,2,,,4,,2,,2,,,,,2,1,02,4,54,350.32411443
5389567,1,2,1,80,54,1,7,,2,,,9,,2,,2,,2,,500000,2,1,02,3,54,469.7852431
5389567,1,3,1,80,54,2,,,,2,,,.,2,,2,,,,,2,1,02,,54,469.7852431
5389567,1,4,1,80,54,2,,,,2,,,.,2,,2,,,,,2,1,02,,54,469.7852431
5389567,1,5,1,80,54,2,,,,2,,,.,,,2,,,,,,1,02,,54,469.7852431
5389569,1,2,1,80,54,1,9,CUARENTENA POR COVID 19,2,,,8,,2,,2,,1,48,2000000,2,1,02,2,54,340.94451782
5389580,1,1,1,80,54,1,9,POR PANDEMIA,2,,,8,,2,,2,,1,48,800000,2,1,02,1.4,54,405.46580315
5389580,1,2,1,80,54,2,,,,2,,,.,2,,2,,,,,2,1,02,,54,405.46580315
5389581,1,4,1,80,54,1,9,PANDEMIA ASOCIADA AL COVID 19,2,,,2,,2,,2,,1,48,908526,2,1,02,1.4,54,338.17023228
5389582,1,3,1,80,54,2,,,,2,,,.,2,,2,,,,,2,1,02,,54,366.15782419
5389587,1,1,1,80,54,1,5,,2,,,10,,3,,2,,,,,3,1,02,4,54,408.00507618
5389587,1,2,1,80,54,1,8,,1,,4,5,,2,,2,,1,48,908526,2,1,02,4,54,408.00507618
5389589,1,1,1,80,54,1,3,,2,,,9,,2,,2,,2,,900000,2,1,02,1.4,54,407.9835973
5389589,1,2,1,80,54,2,,,,2,,,.,2,,2,,,,,2,1,02,,54,407.9835973
5389589,1,3,1,80,54,2,,,,2,,,.,2,,2,,,,,2,1,02,,54,407.9835973
5389589,1,4,1,80,54,2,,,,2,,,.,2,,2,,,,,2,1,02,,54,407.9835973
5389590,1,1,1,80,54,1,4,,2,,,4,,2,,2,,,,,2,1,02,2,54,340.94451782
5389591,1,3,1,80,54,2,,,,2,,,.,,,2,,,,,,1,02,,54,229.82094087
5389591,1,4,1,80,54,1,3,,2,,,9,,2,,2,,1,48,600000,2,1,02,1.2,54,229.82094087
5389592,1,2,1,80,54,2,,,,2,,,.,2,,2,,,,,2,1,02,,54,351.78817544
5389593,1,1,1,80,54,1,4,,2,,,4,,2,,2,,,,,2,1,02,3,54,309.2770983
5389593,1,2,1,80,54,1,4,,2,,,4,,2,,2,,,,,2,1,02,4,54,309.2770983
5389593,2,1,2,80,54,1,8,,2,,,9,,2,,2,,1,40,908526,2,1,02,4,54,309.2770983
5389597,1,2,1,80,54,1,8,,2,,,12,SE FUE DE VIAJE PARA VISITAR FAMILIARES,2,,2,,,,,2,1,02,1.3,54,405.23079064
5389597,1,3,1,80,54,2,,,,2,,,.,,,2,,,,,,1,02,,54,405.23079064
5389600,1,1,1,80,54,1,3,,2,,,9,,2,,2,,,,,2,1,02,4,54,656.86048052
5389600,1,4,1,80,54,2,,,,2,,,.,,,2,,,,,,1,02,,54,656.86048052
5389603,1,4,1,80,54,2,,,,2,,,.,2,,2,,,,,2,1,02,,54,327.65008108
5389604,1,2,1,80,54,1,9,ESTABA EN ESTADO DE EMBARAZO,2,,,9,,2,,2,,2,,700000,2,1,02,1.4,54,1149.4080599
5389607,1,2,1,80,54,1,3,,2,,,9,,2,,2,,1,48,1014980,2,1,02,2,54,770.17387688
5389611,1,2,1,80,54,1,9,PROBLEMAS MENTALES,2,,,11,,2,,2,,,,,2,1,02,3,54,364.24381485
5389613,1,2,1,80,54,1,7,,2,,,1,,2,,2,,,,,2,1,02,1.4,54,294.64398347
5389613,1,3,1,80,54,1,4,,2,,,4,,2,,1,250000,1,45,960000,2,1,02,1.1,54,294.64398347
5389614,1,4,1,80,54,1,4,,2,,,8,,2,,2,,,,,2,1,02,4,54,327.65008108
5389687,1,1,1,80,66,1,5,,2,,,10,,3,,2,,,,,3,1,02,4,66,391.85901978
5389687,1,2,1,80,66,1,3,,2,,,9,,2,,2,,,,,2,1,02,4,66,391.85901978
5389689,1,1,1,80,66,2,,,,2,,,.,2,,2,,,,,2,1,02,,66,330.25670424
5389689,1,2,1,80,66,1,2,,2,,,2,,2,,2,,,,,2,1,02,1.4,66,330.25670424
5389690,1,8,1,80,66,2,,,,2,,,.,2,,2,,,,,2,1,02,,66,427.77903034
5389691,1,1,1,80,66,1,5,,2,,,10,,3,,2,,,,,3,1,02,4,66,342.04753787
5389691,1,2,1,80,66,2,,,,2,,,.,2,,2,,,,,2,1,02,,66,342.04753787
5389692,1,3,1,80,66,2,,,,2,,,.,2,,2,,,,,2,1,02,,66,345.36154099
5389692,1,4,1,80,66,2,,,,2,,,.,2,,2,,,,,2,1,02,,66,345.36154099
5389694,1,3,1,80,66,1,2,,2,,,2,,2,,2,,,,,2,1,02,1.2,66,417.09654694
5389694,1,4,1,80,66,1,2,,2,,,2,,2,,2,,,,,2,1,02,1.2,66,417.09654694
5389696,1,2,1,80,66,1,3,,2,,,9,,2,,2,,,,,2,1,02,1.3,66,534.46513027
5389697,1,2,1,80,66,1,4,,2,,,9,,2,,2,,,,,2,1,02,1.4,66,398.65276179
5389697,1,3,1,80,66,1,2,,2,,,2,,2,,2,,2,,800000,2,1,02,2,66,398.65276179
5389698,1,1,1,80,66,1,7,,2,,,1,,2,,2,,1,48,1000000,2,1,02,1.4,66,342.04753787
5389698,1,2,1,80,66,2,,,,2,,,.,2,,2,,,,,2,1,02,,66,342.04753787
5389699,1,1,1,80,66,1,4,,2,,,8,,2,,2,,,,,2,1,02,4,66,297.42793965
5389700,1,2,1,80,66,2,,,,2,,,.,2,,2,,,,,2,1,02,,66,310.25225496
5389701,1,1,1,80,66,1,7,,2,,,8,,2,,2,,,,,2,1,02,4,66,327.23497228
5389701,1,2,1,80,66,1,4,,2,,,4,,2,,2,,,,,2,1,02,4,66,327.23497228
5389708,1,2,1,80,66,1,3,,2,,,9,,2,,2,,,,,2,1,02,4,66,287.7228354
5389709,1,2,1,80,66,2,,,,2,,,.,2,,2,,,,,2,1,02,,66,375.19351889
5389710,1,1,1,80,66,1,7,,2,,,8,,2,,2,,,,,2,1,02,1.4,66,351.75264212
5389712,1,2,1,80,66,2,,,,2,,,.,2,,2,,,,,2,1,02,,66,398.65276179
5389712,1,3,1,80,66,2,,,,2,,,.,2,,2,,,,,2,1,02,,66,398.65276179
5389714,1,1,1,80,66,1,1,,2,,,4,,3,,2,,,,,3,1,02,2,66,338.70858947
5389714,1,2,1,80,66,1,3,,2,,,9,,2,,2,,,,,2,1,02,4,66,338.70858947
5389715,1,2,1,80,66,1,3,,2,,,9,,2,,2,,,,,2,1,02,4,66,335.36964108
5389716,1,2,1,80,66,1,1,,2,,,9,,2,,2,,,,,2,1,02,4,66,338.70858947
5389717,1,1,1,80,66,1,4,,2,,,8,,2,,2,,,,,2,1,02,4,66,358.21080157
5389719,1,2,1,80,66,1,4,,2,,,4,,2,,2,,,,,2,1,02,3,66,310.25225496
5389720,1,1,1,80,66,1,4,,2,,,8,,2,,2,,,,,2,1,02,4,66,342.04753787
5389722,1,2,1,80,66,2,,,,2,,,.,2,,2,,,,,2,1,02,,66,327.23497228
5389722,1,3,1,80,66,1,3,,2,,,9,,2,,2,,,,,2,1,02,1.4,66,327.23497228
5389727,1,1,1,80,66,1,3,,2,,,8,,2,,2,,,,,2,1,02,4,66,313.59120335
5389730,1,2,1,80,66,2,,,,2,,,.,2,,2,,,,,2,1,02,,66,345.07474533
5389731,1,2,1,80,66,2,,,,2,,,.,2,,2,,,,,2,1,02,,66,342.04753787
5389732,1,2,1,80,66,2,,,,2,,,.,,,2,,,,,,1,02,,66,288.75631707
5389733,1,2,1,80,66,2,,,,2,,,.,,,2,,,,,,1,02,,66,519.7629344
5389736,1,2,1,80,66,1,3,,2,,,9,,2,,2,,,,,2,1,02,4,66,303.8860991
5389737,1,1,1,80,66,1,3,,2,,,11,,2,,2,,,,,2,1,02,4,66,297.42793965
5389737,1,2,1,80,66,1,3,,2,,,8,,2,,2,,,,,2,1,02,4,66,297.42793965
5389738,1,2,1,80,66,1,9,CAMBIO DE PAIS,2,,,12,NO TIENE PERMISOS,2,,2,,,,,2,1,02,3,66,337.52558821
5389738,1,4,1,80,66,1,9,CAMBIO DE PAIS,2,,,12,NO TIENE PERMISOS,2,,2,,,,,2,1,02,2,66,337.52558821
5389739,1,2,1,80,66,1,3,,2,,,9,,2,,2,,,,,2,1,02,4,66,360.06373687
5389740,1,4,1,80,66,2,,,,2,,,.,2,,2,,,,,2,1,02,,66,370.3543528
5389741,1,2,1,80,66,1,3,,2,,,9,,2,,2,,,,,2,1,02,1.4,66,310.25225496
5389742,1,3,1,80,66,1,3,,2,,,9,,2,,2,,,,,2,1,02,4,66,294.08899126
5389743,1,3,1,80,66,2,,,,2,,,.,2,,2,,,,,2,1,02,,66,329.19827729
5389743,1,4,1,80,66,2,,,,2,,,.,,,2,,,,,,1,02,,66,329.19827729
5389743,1,5,1,80,66,1,3,,2,,,9,,2,,2,,,,,2,1,02,4,66,329.19827729
5389744,1,3,1,80,66,2,,,,2,,,.,2,,2,,,,,2,1,02,,66,366.85747888
5389745,1,1,1,80,66,1,8,,2,,,9,,2,,2,,,,,2,1,02,3,66,405.01891765
5389746,1,1,1,80,66,1,5,,2,,,10,,3,,2,,,,,3,1,02,4,66,342.04753787
5389746,1,2,1,80,66,1,4,,2,,,8,,2,,2,,,,,2,1,02,4,66,342.04753787
5389747,1,2,1,80,66,1,5,,2,,,10,,3,,2,,,,,3,1,02,2,66,342.04753787
5389751,1,1,1,80,66,1,5,,2,,,10,,3,,2,,,,,3,1,02,1.1,66,357.53003749
5389751,1,3,1,80,66,2,,,,2,,,.,2,,2,,,,,2,1,02,,66,357.53003749
5389754,1,3,1,80,66,2,,,,2,,,.,2,,2,,,,,2,1,02,,66,426.8016512
5389755,1,2,1,80,66,1,3,,2,,,9,,2,,2,,,,,2,1,02,4,66,297.42793965
5389756,1,3,1,80,66,2,,,,2,,,.,,,2,,,,,,1,02,,66,366.85747888
5389757,1,2,1,80,66,1,3,,2,,,9,,2,,2,,,,,2,1,02,3,66,363.51853048
5389759,1,1,1,80,66,2,,,,2,,,.,2,,2,,,,,2,1,02,,66,253.09084128
5389759,1,2,1,80,66,2,,,,2,,,.,2,,2,,,,,2,1,02,,66,253.09084128
5389759,1,4,1,80,66,2,,,,2,,,.,,,2,,,,,,1,02,,66,253.09084128
5389760,1,2,1,80,66,1,7,,2,,,1,,2,,2,,,,,2,1,02,1.4,66,310.25225496
5389761,1,2,1,80,66,2,,,,2,,,.,2,,2,,,,,2,1,02,,66,463.90466302
5389761,1,3,1,80,66,2,,,,2,,,.,2,,2,,,,,2,1,02,,66,463.90466302
5389761,1,4,1,80,66,2,,,,2,,,.,,,2,,,,,,1,02,,66,463.90466302
5389761,1,5,1,80,66,1,3,,2,,,9,,2,,2,,,,,2,1,02,4,66,463.90466302
5389762,1,3,1,80,66,2,,,,2,,,.,,,2,,,,,,1,02,,66,360.06373687
5389763,1,2,1,80,66,1,3,,2,,,9,,2,,2,,,,,2,1,02,3,66,365.39641105
5389763,1,4,1,80,66,1,3,,2,,,9,,2,,2,,,,,2,1,02,4,66,365.39641105
5389765,1,2,1,80,66,1,3,,2,,,9,,2,,2,,,,,2,1,02,2,66,470.10937801
5389767,1,2,1,80,66,1,3,,2,,,9,,2,,2,,,,,2,1,02,4,66,271.55957169
5389767,1,4,1,80,66,2,,,,2,,,.,2,,2,,,,,2,1,02,,66,271.55957169
5389768,1,2,1,80,66,1,7,,2,,,1,,2,,2,,,,,2,1,02,1.4,66,338.70858947
5389769,1,3,1,80,66,2,,,,2,,,.,2,,2,,,,,2,1,02,,66,398.65276179
5389770,1,2,1,80,66,1,9,TRASLADO DE CIUDAD,2,,,9,,2,,2,,,,,2,1,02,1.4,66,375.68702698
5389770,1,4,1,80,66,1,5,,2,,,10,,3,,2,,,,,3,1,02,4,66,375.68702698
5389774,1,4,1,80,66,2,,,,2,,,.,2,,2,,,,,2,1,02,,66,363.51853048
5389775,1,1,1,80,66,1,4,,2,,,4,,3,,2,,,,,3,1,02,3,66,287.7228354
5389775,1,2,1,80,66,1,4,,2,,,9,,2,,2,,,,,2,1,02,4,66,287.7228354
5389775,1,3,1,80,66,2,,,,2,,,.,2,,2,,2,,900000,2,1,02,,66,287.7228354
5389777,1,3,1,80,66,2,,,,2,,,.,2,,2,,,,,2,1,02,,66,348.70048939
5389778,1,1,1,80,66,2,,,,2,,,.,2,,2,,,,,2,1,02,,66,258.20807394
5389778,1,3,1,80,66,2,,,,2,,,.,,,2,,,,,,1,02,,66,258.20807394
5389779,1,1,1,80,66,1,8,,2,,,11,,3,,2,,,,,3,1,02,3,66,303.8860991
5389779,1,2,1,80,66,2,,,,2,,,.,2,,2,,,,,2,1,02,,66,303.8860991
5389780,1,2,1,80,66,1,3,,2,,,9,,2,,2,,,,,2,1,02,3,66,485.69585913
5389783,1,4,1,80,66,2,,,,2,,,.,2,,2,,,,,2,1,02,,66,228.06545874
5389784,1,2,1,80,66,1,4,,2,,,4,,2,,2,,,,,2,1,02,3,66,303.8860991
5389785,1,1,1,80,66,1,4,,2,,,4,,2,,2,,,,,2,1,02,4,66,272.59305337
5389785,1,2,1,80,66,1,4,,2,,,4,,2,,2,,,,,2,1,02,2,66,272.59305337
5389785,1,3,1,80,66,2,,,,2,,,.,2,,2,,,,,2,1,02,,66,272.59305337
5389786,1,1,1,80,66,1,3,,2,,,9,,2,,2,,,,,2,1,02,4,66,348.41369373
5389787,1,1,1,80,66,1,5,,2,,,10,,3,,2,,,,,3,1,02,4,66,342.04753787
5389787,1,2,1,80,66,2,,,,2,,,.,2,,2,,,,,2,1,02,,66,342.04753787
5389788,1,2,1,80,66,1,9,PANDEMIA,2,,,9,,2,,2,,,,,2,1,02,1.4,66,350.69421518
5389788,1,4,1,80,66,2,,,,2,,,.,2,,2,,,,,2,1,02,,66,350.69421518
5389790,1,1,1,80,66,1,5,,2,,,10,,3,,2,,,,,3,1,02,4,66,348.41369373
5389791,1,1,1,80,66,1,4,,2,,,4,,2,,2,,,,,2,1,02,3,66,457.28506271
5389791,1,2,1,80,66,1,4,,2,,,4,,2,,2,,,,,2,1,02,3,66,457.28506271
5389791,1,3,1,80,66,1,3,,2,,,9,,2,,2,,,,,2,1,02,4,66,457.28506271
5389792,1,4,1,80,66,1,4,,2,,,4,,2,,2,,,,,2,1,02,4,66,440.04277924
5389796,1,1,1,80,66,2,,,,2,,,.,2,,2,,,,,2,1,02,,66,392.66974431
5389796,1,4,1,80,66,2,,,,2,,,.,2,,2,,,,,2,1,02,,66,392.66974431
5389797,1,2,1,80,66,1,5,,2,,,10,,3,,2,,,,,3,1,02,4,66,274.67878275
5389797,1,4,1,80,66,1,5,,2,,,10,,3,,2,,,,,3,1,02,4,66,274.67878275
5389797,1,5,1,80,66,1,5,,2,,,10,,3,,2,,,,,3,1,02,4,66,274.67878275
5389798,1,2,1,80,66,1,5,,2,,,10,,3,,2,,,,,3,1,02,4,66,266.22689751
5389798,1,4,1,80,66,2,,,,2,,,.,,,2,,,,,,1,02,,66,266.22689751
5389799,1,1,1,80,66,1,5,,2,,,10,,3,,2,,,,,3,1,02,4,66,348.41369373
5389801,1,1,1,80,66,1,5,,2,,,10,,3,,2,,,,,3,1,02,4,66,353.15760742
5389801,1,2,1,80,66,1,5,,2,,,10,,3,,2,,,,,3,1,02,4,66,353.15760742
5389801,1,5,1,80,66,1,5,,2,,,10,,3,,2,,,,,3,1,02,1.4,66,353.15760742
5389804,1,1,1,80,66,2,,,,2,,,.,2,,2,,,,,2,1,02,,66,424.52112974
5389806,1,2,1,80,66,1,7,,2,,,11,,2,,2,,,,,2,1,02,2,66,303.8860991
5389807,1,1,1,80,66,1,4,,2,,,4,,2,,2,,2,,900000,2,1,02,1.2,66,370.19642727
5389807,1,2,1,80,66,2,,,,2,,,.,2,,2,,,,,2,1,02,,66,370.19642727
5389808,1,1,1,80,66,1,5,,2,,,10,,3,,2,,,,,3,1,02,4,66,358.21080157
5389810,1,1,1,80,66,1,3,,2,,,9,,2,,2,,,,,2,1,02,3,66,466.49665887
5389811,1,2,1,80,66,2,,,,2,,,.,2,,2,,,,,2,1,02,,66,322.40453528
5389811,1,4,1,80,66,2,,,,2,,,.,,,2,,,,,,1,02,,66,322.40453528
5389813,1,2,1,80,66,1,8,,2,,,11,,2,,2,,,,,2,1,02,4,66,287.7228354
5389813,1,3,1,80,66,1,4,,2,,,4,,2,,2,,,,,2,1,02,4,66,287.7228354
5389817,1,2,1,80,66,1,4,,2,,,4,,3,,2,,,,,3,1,02,4,66,267.26037919
5389817,1,3,1,80,66,2,,,,2,,,.,2,,2,,,,,2,1,02,,66,267.26037919
5389817,1,4,1,80,66,2,,,,2,,,.,2,,2,,,,,2,1,02,,66,267.26037919
5389826,1,4,1,80,66,2,,,,2,,,.,,,2,,,,,,1,02,,66,408.62199976
5389826,1,7,1,80,66,1,4,,2,,,4,,2,,2,,,,,2,1,02,4,66,408.62199976
5389826,1,8,1,80,66,2,,,,2,,,.,2,,2,,,,,2,1,02,,66,408.62199976
5389827,1,2,1,80,66,2,,,,2,,,.,2,,2,,,,,2,1,02,,66,343.08101954
5389830,1,1,1,80,66,1,5,,2,,,10,,3,,2,,,,,3,1,02,4,66,258.37472856
5389830,1,2,1,80,66,2,,,,2,,,.,2,,2,,,,,2,1,02,,66,258.37472856
5389830,1,5,1,80,66,2,,,,2,,,.,,,2,,,,,,1,02,,66,258.37472856
5389830,1,8,1,80,66,2,,,,2,,,.,2,,2,,,,,2,1,02,,66,258.37472856
5389835,1,1,1,80,66,2,,,,2,,,.,2,,2,,2,,950000,2,1,02,,66,346.41996794
5389836,1,1,1,80,66,1,3,,2,,,9,,2,,2,,,,,2,1,02,3,66,338.70858947
5389836,1,2,1,80,66,2,,,,2,,,.,2,,2,,,,,2,1,02,,66,338.70858947
5389837,1,1,1,80,66,1,3,,2,,,8,,2,,2,,,,,2,1,02,4,66,297.42793965
5389837,1,2,1,80,66,1,4,,2,,,4,,2,,2,,,,,2,1,02,4,66,297.42793965
5389840,1,3,1,80,66,2,,,,2,,,.,,,2,,,,,,1,02,,66,422.00163497
5389840,1,5,1,80,66,1,3,,2,,,8,,2,,2,,,,,2,1,02,4,66,422.00163497
5389843,1,1,1,80,66,1,5,,2,,,10,,3,,2,,,,,3,1,02,4,66,422.00163497
5389843,1,2,1,80,66,1,4,,2,,,4,,2,,2,,,,,2,1,02,4,66,422.00163497
5389843,1,4,1,80,66,2,,,,2,,,.,,,2,,,,,,1,02,,66,422.00163497
5389844,1,1,1,80,66,2,,,,2,,,.,2,,2,,,,,2,1,02,,66,243.10323718
5389845,1,1,1,80,66,1,5,,2,,,10,,3,,2,,,,,3,1,02,4,66,358.21080157
5389847,1,1,1,80,68,1,3,,2,,,8,,3,,2,,,,,3,1,02,4,68,417.19750032
5389847,1,2,1,80,68,1,4,,2,,,4,,2,,2,,,,,2,1,02,4,68,417.19750032
5389847,1,3,1,80,68,1,3,,2,,,9,,2,,2,,,,,2,1,02,2,68,417.19750032
5389852,1,4,1,80,68,1,3,,2,,,9,,2,,2,,,,,2,1,02,4,68,561.79449845
5389852,1,5,1,80,68,1,4,,2,,,4,,2,,2,,,,,2,1,02,1.3,68,561.79449845
5389853,1,1,1,80,68,1,3,,2,,,8,,3,,2,,,,,3,1,02,4,68,320.34044734
5389853,1,2,1,80,68,1,3,,2,,,9,,2,,2,,,,,2,1,02,4,68,320.34044734
5389854,1,1,1,80,68,1,4,,2,,,4,,1,1,2,,,,,1,1,02,4,68,1079.6267474
5389855,1,1,1,80,68,1,5,,2,,,10,,3,,2,,,,,3,1,02,4,68,414.04999309
5389856,1,5,1,80,68,1,4,,2,,,8,,2,,2,,,,,2,1,02,3,68,915.1315286
5389857,1,2,1,80,68,1,3,,2,,,9,,2,,2,,,,,2,1,02,3,68,547.96118945
5389858,1,1,1,80,68,1,5,,2,,,4,,3,,2,,,,,3,1,02,4,68,414.04999309
5389858,1,2,1,80,68,1,3,,2,,,8,,2,,2,,,,,2,1,02,4,68,414.04999309
5389859,1,2,1,80,68,1,3,,2,,,9,,2,,2,,,,,2,1,02,4,68,1258.1369412
5389859,1,4,1,80,68,2,,,,2,,,.,2,,2,,,,,2,1,02,,68,1258.1369412
5389860,1,2,1,80,68,1,3,,2,,,10,,3,,2,,,,,3,1,02,1.3,68,488.9082392
5389862,1,2,1,80,68,2,,,,2,,,.,2,,2,,,,,2,1,02,,68,1321.2470766
5389862,1,4,1,80,68,2,,,,2,,,.,2,,2,,,,,2,1,02,,68,1321.2470766
5389864,1,2,1,80,68,2,,,,2,,,.,2,,2,,,,,2,1,02,,68,568.86708119
5389864,1,3,1,80,68,2,,,,2,,,.,,,2,,,,,,1,02,,68,568.86708119
5389865,1,1,1,80,68,1,7,,2,,,4,,2,,2,,,,,2,1,02,1.4,68,477.00537334
5389866,1,1,1,80,68,1,6,,2,,,2,,2,,2,,,,,2,1,02,1.3,68,605.4224574
5389866,1,6,1,80,68,2,,,,2,,,.,2,,2,,,,,2,1,02,,68,605.4224574
5389867,1,2,1,80,68,2,,,,2,,,.,2,,2,,,,,2,1,02,,68,508.56044101
5389870,1,6,1,80,68,2,,,,2,,,.,2,,2,,,,,2,1,02,,68,455.18955792
5389870,1,7,1,80,68,1,4,,2,,,9,,2,,2,,,,,2,1,02,4,68,455.18955792
5389871,1,1,1,80,68,1,5,,2,,,10,,3,,2,,,,,3,1,02,4,68,677.62700003
5389871,1,3,1,80,68,1,3,,2,,,9,,2,,2,,,,,2,1,02,1.3,68,677.62700003
5389872,1,2,1,80,68,1,3,,2,,,11,,2,,2,,,,,2,1,02,4,68,632.99239098
5389872,1,3,1,80,68,2,,,,2,,,.,2,,2,,,,,2,1,02,,68,632.99239098
5389873,1,1,1,80,68,1,3,,2,,,8,,2,,2,,,,,2,1,02,4,68,310.04449811
5389873,1,2,1,80,68,1,4,,2,,,4,,2,,2,,,,,2,1,02,4,68,310.04449811
5389874,1,2,1,80,68,2,,,,2,,,.,,,2,,,,,,1,02,,68,658.21571949
5389876,1,4,1,80,68,2,,,,2,,,.,2,,2,,,,,2,1,02,,68,599.12031956
5389876,1,5,1,80,68,2,,,,2,,,.,,,2,,,,,,1,02,,68,599.12031956
5389879,1,1,1,80,68,1,5,,2,,,10,,3,,2,,,,,3,1,02,4,68,284.54568359
5389880,1,3,1,80,68,2,,,,2,,,.,2,,2,,,,,2,1,02,,68,447.05722229
5389882,1,3,1,80,68,2,,,,2,,,.,,,2,,,,,,1,02,,68,447.05722229
5389883,1,1,1,80,68,1,4,,2,,,8,,2,,2,,,,,2,1,02,4,68,414.85089526
5389883,1,3,1,80,68,2,,,,2,,,.,2,,2,,,,,2,1,02,,68,414.85089526
5389884,1,2,1,80,68,2,,,,2,,,.,2,,2,,,,,2,1,02,,68,488.9082392
5389884,1,3,1,80,68,1,3,,2,,,8,,2,,2,,,,,2,1,02,4,68,488.9082392
5390030,1,1,1,80,73,1,7,,2,,,1,,2,,2,,2,,1000000,2,1,02,2,73,329.9066187
5390032,1,1,1,80,73,1,3,,2,,,8,,2,,2,,,,,2,1,02,4,73,250.19435379
5390033,1,1,1,80,73,2,,,,2,,,.,2,,2,,,,,2,1,02,,73,309.33571646
5390034,1,2,1,80,73,1,4,,2,,,4,,1,,2,,2,,908526,2,1,02,4,73,254.24613457
5390038,1,1,1,80,73,1,4,,2,,,8,,2,,2,,,,,2,1,02,4,73,534.43525805
5390039,1,1,1,80,73,1,3,,2,,,9,,2,,2,,,,,2,1,02,4,73,195.1047719
5390040,1,2,1,80,73,2,,,,2,,,.,2,,2,,,,,2,1,02,,73,164.58619661
5390040,1,3,1,80,73,1,3,,2,,,4,,2,,2,,,,,2,1,02,4,73,164.58619661
5390044,1,1,1,80,73,1,4,,2,,,4,,2,,2,,,,,2,1,02,3,73,270.18601456
5390044,1,2,1,80,73,1,3,,2,,,9,,2,,2,,,,,2,1,02,4,73,270.18601456
5390045,1,1,1,80,73,1,5,,2,,,10,,3,,2,,,,,3,1,02,4,73,215.09643267
5390045,1,2,1,80,73,1,3,,2,,,9,,2,,2,,,,,2,1,02,1.4,73,215.09643267
5390049,1,1,1,80,73,1,3,,2,,,8,,2,,2,,,,,2,1,02,4,73,309.33571646
5390051,1,1,1,80,73,1,5,,2,,,10,,3,,2,,,,,3,1,02,4,73,540.37202912
5390051,1,2,1,80,73,1,3,,2,,,9,,2,,2,,,,,2,1,02,4,73,540.37202912
5390052,1,1,1,80,73,1,3,,2,,,4,,2,,2,,,,,2,1,02,4,73,500.38870759
5390054,1,2,1,80,73,2,,,,2,,,.,2,,2,,,,,2,1,02,,73,222.09503669
5390057,1,1,1,80,73,1,5,,2,,,10,,3,,2,,,,,3,1,02,4,73,250.19435379
5390060,1,1,1,80,76,1,5,,2,,,8,,3,,2,,,,,3,1,02,4,76,1024.4149535
5390063,1,3,1,80,76,2,,,,1,2,2,,2,,2,,,,,2,1,02,,76,1028.4180171
5390064,1,4,1,80,76,2,,,,2,,,.,,,2,,,,,,1,02,,76,1241.3242089
5390065,1,1,1,80,76,1,7,,2,,,8,,2,,2,,,,,2,1,02,2,76,751.11801889
5390065,1,3,1,80,76,2,,,,2,,,.,,,2,,,,,,1,02,,76,751.11801889
5390066,1,2,1,80,76,1,7,,2,,,9,,2,,2,,2,,908526,2,1,02,2,76,1283.7754599
5390066,1,3,1,80,76,2,,,,2,,,.,,,2,,,,,,1,02,,76,1283.7754599
5390068,1,2,1,80,76,1,4,,2,,,4,,2,,2,,,,,2,1,02,4,76,890.21321386
5390069,1,3,1,80,76,1,5,,2,,,8,,2,,2,,,,,2,1,02,4,76,793.33089493
5390070,1,1,1,80,76,1,3,,2,,,11,,2,,2,,,,,2,1,02,4,76,1024.4149535
5390070,1,2,1,80,76,1,4,,2,,,4,,2,,2,,,,908526,2,1,02,1.2,76,1024.4149535
5390072,1,4,1,80,76,2,,,,2,,,.,,,2,,,,,,1,02,,76,1182.8900774
5390076,1,2,1,80,76,1,7,,2,,,9,,2,,2,,2,,908526,2,1,02,3,76,1518.169183
5390078,1,1,1,80,76,1,3,,2,,,9,,2,,2,,,,,2,1,02,3,76,1002.0779067
5390081,1,2,1,80,76,1,8,,2,,,9,,2,,2,,2,,700000,2,1,02,1.4,76,1347.8489333
5390081,1,3,1,80,76,2,,,,2,,,.,,,2,,,,,,1,02,,76,1347.8489333
5390082,1,2,1,80,76,1,8,,2,,,5,,2,,2,,1,48,908526,2,1,02,2,76,912.55026063
5390082,1,3,1,80,76,1,6,,1,,1,5,,2,,2,,1,48,908526,2,1,02,2,76,912.55026063
5390083,1,6,1,80,76,1,4,,2,,,8,,2,,2,,,,,2,1,02,1.4,76,943.52630092
5390086,1,3,1,80,76,2,,,,2,,,.,,,2,,,,,,1,02,,76,773.45506566
5390086,1,4,1,80,76,2,,,,2,,,.,2,,2,,,,,2,1,02,,76,773.45506566
5390087,1,2,1,80,76,1,8,,2,,,9,,2,,2,,,,,2,1,02,1.4,76,1384.6608424
5390091,1,2,1,80,76,1,3,,2,,,9,,2,,2,,,,,2,1,02,3,76,1160.5530306
5390091,1,3,1,80,76,2,,,,2,,,.,,,2,,,,,,1,02,,76,1160.5530306
5390092,1,3,1,80,76,2,,,,2,,,.,,,2,,,,,,1,02,,76,1160.5530306
5390093,1,2,1,80,76,1,7,,2,,,9,,2,,2,,,,,2,1,02,3,76,737.71498168
5390093,1,3,1,80,76,1,3,,2,,,9,,2,,2,,,,,2,1,02,4,76,737.71498168
5390094,1,3,1,80,76,2,,,,2,,,.,,,2,,,,,,1,02,,76,1347.8489333
5390095,1,2,1,80,76,1,8,,2,,,9,,2,,2,,,,,2,1,02,1.2,76,1104.5426259
5390096,1,3,1,80,76,2,,,,2,,,.,,,2,,,,,,1,02,,76,1160.5530306
5390100,1,3,1,80,76,2,,,,2,,,.,2,,2,,,,,2,1,02,,76,674.99341004
5390100,1,4,1,80,76,1,3,,2,,,9,,2,,2,,,,,2,1,02,4,76,674.99341004
5390101,1,1,1,80,76,1,4,,2,,,8,,2,,2,,,,,2,1,02,4,76,814.08860501
5390101,1,2,1,80,76,1,3,,2,,,9,,2,,2,,,,,2,1,02,4,76,814.08860501
5390103,1,1,1,80,76,1,3,,2,,,9,,2,,2,,,,,2,1,02,4,76,903.61625108
5390104,1,1,1,80,76,1,4,,1,,2,5,,3,,2,,,,,3,1,02,4,76,1160.5530306
5390104,1,3,1,80,76,2,,,,2,,,.,2,,2,,,,,2,1,02,,76,1160.5530306
5390105,1,1,1,80,76,1,5,,2,,,10,,3,,2,,,,,3,1,02,3,76,1002.0779067
5390106,1,2,1,80,76,2,,,,2,,,.,2,,2,,,,,2,1,02,,76,1317.4488178
5390106,1,3,1,80,76,2,,,,2,,,.,,,2,,,,,,1,02,,76,1317.4488178
5390108,1,3,1,80,76,2,,,,2,,,.,2,,2,,2,,908526,2,1,02,,76,905.19558777
5390109,1,3,1,80,76,2,,,,2,,,.,,,2,,,,,,1,02,,76,1603.2063761
5390118,1,2,1,80,76,1,3,,1,,1,9,,2,,2,,1,48,908526,2,1,02,2,76,1337.8120365
5390119,1,1,1,80,76,1,7,,2,,,4,,2,,2,,,,,2,1,02,4,76,912.55026063
5390120,1,2,1,80,76,1,3,,2,,,9,,2,,2,,,,,2,1,02,4,76,890.21321386
5390125,1,2,1,80,76,1,7,,2,,,9,,2,,2,,,,,2,1,02,1.4,76,1104.5426259
5390126,1,2,1,80,76,1,8,,2,,,9,,2,,2,,2,,400000,2,1,02,2,76,1780.465382
5390130,1,2,1,80,76,1,2,,2,,,2,,2,,2,,,,,2,1,02,1.2,76,945.82912712
5390132,1,1,1,80,76,1,5,,2,,,8,,3,,2,,,,,3,1,02,4,76,782.38907522
5390132,1,2,1,80,76,1,3,,2,,,9,,2,,2,,,,,2,1,02,4,76,782.38907522
5390133,1,1,1,80,76,2,,,,1,4,10,,3,,2,,,,,3,1,02,,76,1096.0245331
5390134,1,5,1,80,76,2,,,,2,,,.,2,,2,,,,,2,1,02,,76,1519.267713
5390134,1,6,1,80,76,2,,,,2,,,.,,,2,,,,,,1,02,,76,1519.267713
5390135,1,3,1,80,76,1,8,,1,,1,9,,2,,1,100000,,,800000,2,1,02,1.2,76,1471.0713626
5390136,1,1,1,80,76,1,3,,2,,,11,,2,,2,,,,,2,1,02,4,76,1091.7830946
5390140,1,1,1,80,76,1,5,,2,,,4,,3,,2,,,,,3,1,02,4,76,916.94781566
5390140,1,2,1,80,76,1,3,,2,,,9,,2,,2,,,,,2,1,02,4,76,916.94781566
5390140,1,4,1,80,76,2,,,,2,,,.,,,2,,,,,,1,02,,76,916.94781566
5390141,1,5,1,80,76,2,,,,2,,,.,2,,2,,,,,2,1,02,,76,1438.4965347
5390146,1,1,1,80,76,1,4,,2,,,8,,2,,2,,,,,2,1,02,2,76,585.46576398
5390146,1,2,1,80,76,1,6,,2,,,4,,2,,2,,,,,2,1,02,2,76,585.46576398
5390146,1,3,1,80,76,1,9,CAMBIO DE CIUDAD,1,,4,9,,2,,2,,,,,2,1,02,4,76,585.46576398
5390146,1,5,1,80,76,2,,,,2,,,.,,,2,,,,,,1,02,,76,585.46576398
5390147,1,1,1,80,76,1,8,,2,,,9,,2,,2,,,,,2,1,02,1.4,76,934.8873074
5390147,1,2,1,80,76,1,4,,2,,,4,,2,,2,,,,,2,1,02,4,76,934.8873074
5390147,1,4,1,80,76,1,3,,2,,,9,,2,,2,,,,,2,1,02,3,76,934.8873074
5390148,1,1,1,80,76,1,7,,2,,,12,FALTA DE RECURSOS PARA INSTALAR NEGOCIO,3,,2,,1,48,1200000,3,1,02,1.4,76,981.32019662
5390152,1,1,1,80,76,1,3,,2,,,9,,2,,2,,,,,2,1,02,4,76,1393.1184026
5390153,1,1,1,80,76,1,5,,2,,,10,,3,,2,,,,,3,1,02,4,76,890.21321386
5390153,1,2,1,80,76,1,3,,2,,,9,,2,,2,,,,,2,1,02,4,76,890.21321386
5390157,1,3,1,80,76,2,,,,2,,,.,2,,2,,1,48,908526,2,1,02,,76,905.19558777
5390158,1,1,1,80,76,1,4,,2,,,4,,2,,2,,,,,2,1,02,4,76,974.38144049
5390159,1,2,1,80,76,2,,,,2,,,.,,,2,,,,,,1,02,,76,1325.5118865
5390162,1,2,1,80,76,2,,,,2,,,.,2,,2,,,,,2,1,02,,76,605.97445958
5390162,1,4,1,80,76,1,5,,2,,,10,,3,,2,,,,,3,1,02,4,76,605.97445958
5390163,1,2,1,80,76,2,,,,2,,,.,,,2,,,,,,1,02,,76,1580.8693294
5390164,1,3,1,80,76,2,,,,2,,,.,2,,2,,,,,2,1,02,,76,1160.5530306
5390176,1,3,1,80,76,2,,,,2,,,.,2,,2,,,,,2,1,02,,76,1160.5530306
5390699,1,1,1,80,05,1,5,,2,,,10,,3,,2,,,,,3,1,02,4,05,1262.0416008
5390700,1,1,1,80,05,1,3,,2,,,9,,2,,2,,,,,2,1,02,4,05,867.03717853
5390700,1,3,1,80,05,1,5,,2,,,10,,3,,2,,,,,3,1,02,4,05,867.03717853
5390701,1,1,1,80,05,2,,,,2,,,.,2,,2,,,,,2,1,02,,05,1174.6509521
5390703,1,2,1,80,05,2,,,,2,,,.,2,,2,,,,,2,1,02,,05,1177.5938866
5390704,1,2,1,80,05,1,4,,2,,,4,,2,,2,,,,,2,1,02,3,05,1043.377312
5390706,1,2,1,80,05,1,7,,2,,,3,,2,,2,,1,48,908526,2,1,02,1.2,05,979.1949628
5390708,1,3,1,80,05,2,,,,2,,,.,2,,2,,,,,2,1,02,,05,1270.0590254
5390710,1,2,1,80,05,2,,,,2,,,.,2,,2,,,,,2,1,02,,05,1119.9206839
5390710,1,5,1,80,05,1,4,,2,,,4,,2,,2,,,,,2,1,02,3,05,1119.9206839
5390710,1,6,1,80,05,2,,,,2,,,.,2,,2,,,,,2,1,02,,05,1119.9206839
5390711,1,5,1,80,05,1,6,,2,,,12,POR VIAJE,2,,2,,,,,2,1,02,2,05,1354.6416317
5390713,1,2,1,80,05,1,6,,2,,,9,,1,,2,,,,,2,1,02,3,05,1076.3458793
5390715,1,1,1,80,05,1,5,,2,,,10,,3,,2,,,,,3,1,02,2,05,1062.9350654
5390716,1,2,1,80,05,2,,,,2,,,.,,,2,,,,,,1,02,,05,1059.9243826
5390718,1,2,1,80,05,1,3,,2,,,9,,2,,2,,1,24,450000,2,1,02,1.2,05,1598.6652087
5390723,1,3,1,80,05,2,,,,2,,,.,,,2,,,,,,1,02,,05,1177.8019949
5390724,1,2,1,80,05,1,6,,2,,,9,,2,,2,,,,,2,1,02,4,05,1434.6422311
5390727,1,5,1,80,05,2,,,,2,,,.,,,2,,,,,,1,02,,05,1099.1939882
5390728,1,2,1,80,05,2,,,,2,,,.,2,,2,,,,,2,1,02,,05,1162.5291866
5390730,1,1,1,80,05,1,9,POR CAMBIO DE MUNICIPIO DE RESIDENCIA,2,,,8,,2,,2,,1,48,908526,2,1,02,3,05,1070.0640478
5390730,1,2,1,80,05,1,9,CAMBIO DE MUNICIPIO DE RESIDENCIA,2,,,9,,2,,2,,,,,2,1,02,3,05,1070.0640478
5390731,1,2,1,80,05,1,6,,2,,,9,,2,,2,,,,,2,1,02,2,05,1076.3458793
5390734,1,3,1,80,05,2,,,,2,,,.,2,,2,,,,,2,1,02,,05,1495.8624354
5390735,1,1,1,80,05,1,3,,2,,,8,,2,,2,,,,,2,1,02,4,05,1083.3399696
5390737,1,4,1,80,05,2,,,,2,,,.,2,,2,,,,,2,1,02,,05,1085.7831743
5390740,1,2,1,80,05,2,,,,2,,,.,2,,2,,,,,2,1,02,,05,1044.2052561
5390741,1,1,1,80,05,1,3,,2,,,4,,1,,2,,2,,908000,2,1,02,4,05,971.62408288
5390742,1,2,1,80,05,2,,,,2,,,.,2,,2,,,,,2,1,02,,05,965.34225134
5390743,1,4,1,80,05,1,9,EDAD,2,,,4,,2,,2,,,,,2,1,02,4,05,939.61835177
5390743,1,5,1,80,05,2,,,,2,,,.,2,,2,,,,,2,1,02,,05,939.61835177
5390744,1,3,1,80,05,1,8,,2,,,12,ESTA PREPARANDOSE PARA INGRESAR A LA UNIVERSIDAD,2,,2,,2,,908526,2,1,02,1.2,05,1073.3351966
5390744,1,5,1,80,05,1,8,,2,,,2,,2,,2,,,,,2,1,02,1.2,05,1073.3351966
5390745,1,1,1,80,05,1,5,,2,,,11,,3,,2,,,,,3,1,02,4,05,823.60273389
5390745,1,3,1,80,05,2,,,,2,,,.,,,2,,,,,,1,02,,05,823.60273389
5390745,1,5,1,80,05,2,,,,2,,,.,2,,2,,,,,2,1,02,,05,823.60273389
5390745,1,6,1,80,05,2,,,,2,,,.,2,,2,,,,,2,1,02,,05,823.60273389
5390753,1,1,1,80,05,1,1,,2,,,4,,2,,2,,,,,2,1,02,4,05,1017.5185203
5390755,1,1,1,80,05,1,7,,2,,,1,,2,,2,,,,,2,1,02,2,05,769.67763408
5390756,1,1,1,80,05,1,4,,2,,,9,,2,,2,,1,24,500000,2,1,02,4,05,603.80184791
5390756,1,2,1,80,05,1,4,,2,,,4,,2,,2,,,,,2,1,02,4,05,603.80184791
5390758,1,2,1,80,05,2,,,,2,,,.,2,,2,,,,908526,2,1,02,,05,1059.9243826
5390758,1,4,1,80,05,2,,,,2,,,.,,,2,,,,,,1,02,,05,1059.9243826
5390762,1,2,1,80,05,1,3,,2,,,9,,2,,2,,,,,2,1,02,4,05,1076.3458793
5390764,1,3,1,80,05,1,5,,2,,,10,,3,,2,,,,,3,1,02,2,05,1043.377312
5390768,1,2,1,80,05,1,3,,2,,,9,,2,,2,,,,,2,1,02,2,05,3001.6133613
5390770,1,1,1,80,05,1,7,,2,,,8,,2,,2,,,,,2,1,02,2,05,1056.6532338
5390770,1,2,1,80,05,1,3,,2,,,4,,2,,2,,,,,2,1,02,3,05,1056.6532338
5390771,1,1,1,80,05,1,8,,2,,,8,,2,,2,,,,,2,1,02,4,05,2295.9284327
5390772,1,2,1,80,05,2,,,,1,4,9,,2,,2,,,,,2,1,02,,05,958.34816104
5390774,1,4,1,80,05,2,,,,2,,,.,2,,2,,,,,2,1,02,,05,978.75306527
5390776,1,1,1,80,05,2,,,,2,,,.,2,,2,,,,,2,1,02,,05,2140.1280956
5390776,1,2,1,80,05,1,4,,2,,,4,,2,,2,,,,,2,1,02,4,05,2140.1280956
5390777,1,2,1,80,05,1,1,,2,,,12,CAMBIO DE CIUDAD,2,,2,,,,,2,1,02,1.4,05,1353.3525833
5390778,1,1,1,80,05,1,2,,2,,,2,,2,,2,,,,,2,1,02,3,05,653.52256298
5390778,1,2,1,80,05,2,,,,2,,,.,2,,2,,,,,2,1,02,,05,653.52256298
5390781,1,2,1,80,05,1,3,,2,,,9,,2,,2,,,,,2,1,02,4,05,1051.1993464
5390781,1,3,1,80,05,2,,,,2,,,.,,,2,,,,,,1,02,,05,1051.1993464
5390782,1,1,1,80,05,1,3,,2,,,9,,3,,2,,,,,3,1,02,4,05,555.21376165
5390782,1,2,1,80,05,1,4,,2,,,9,,2,,2,,,,,2,1,02,4,05,555.21376165
5390785,1,3,1,80,05,2,,,,2,,,.,2,,2,,,,,2,1,02,,05,1044.2052561
5390790,1,1,1,80,05,1,5,,2,,,10,,3,,2,,,,,3,1,02,4,05,1078.789084
5390790,1,2,1,80,05,1,3,,2,,,8,,2,,2,,,,,2,1,02,3,05,1078.789084
5390794,1,1,1,80,05,1,6,,2,,,6,,2,,2,,,,,2,1,02,3,05,1322.8126611
5390794,1,2,1,80,05,1,3,,2,,,9,,2,,2,,,,,2,1,02,1.4,05,1322.8126611
5390801,1,1,1,80,05,1,4,,2,,,4,,2,,2,,,,,2,1,02,4,05,1033.4155852
5390801,2,1,2,80,05,1,4,,2,,,4,,2,,2,,,,,2,1,02,4,05,1033.4155852
5390802,1,2,1,80,05,2,,,,2,,,.,2,,2,,,,,2,1,02,,05,1030.7944422
5390803,1,1,1,80,05,1,5,,2,,,10,,3,,2,,,,,3,1,02,4,05,1049.6591435
5390804,1,3,1,80,05,2,,,,2,,,.,2,,2,,,,,2,1,02,,05,1044.2052561
5390805,1,4,1,80,05,2,,,,2,,,.,2,,2,,2,,908526,2,1,02,,05,1105.4758198
5390807,1,1,1,80,05,1,3,,2,,,9,,2,,2,,,,,2,1,02,4,05,887.30719067
5390807,1,2,1,80,05,2,,,,2,,,.,2,,2,,,,,2,1,02,,05,887.30719067
5390807,1,3,1,80,05,1,4,,2,,,8,,2,,2,,,,,2,1,02,4,05,887.30719067
5390808,1,3,1,80,05,1,8,,2,,,2,,2,,2,,,,,2,1,02,1.2,05,1367.9175535
5390812,1,2,1,80,05,1,3,,2,,,9,,2,,2,,,,,2,1,02,4,05,1099.1939882
5390813,1,2,1,80,05,1,1,,2,,,9,,2,,2,,,,,2,1,02,4,05,1532.5007591
5390814,1,2,1,80,05,1,4,,2,,,4,,2,,2,,,,,2,1,02,4,05,939.48345968
5390814,1,3,1,80,05,2,,,,2,,,.,2,,2,,,,,2,1,02,,05,939.48345968
5390815,1,2,1,80,05,2,,,,2,,,.,2,,2,,,,,2,1,02,,05,1030.7944422
5390817,1,1,1,80,05,1,4,,2,,,4,,2,,2,,,,,2,1,02,4,05,1056.6532338
5390817,1,2,1,80,05,1,4,,2,,,4,,2,,2,,,,,2,1,02,4,05,1056.6532338
5390818,1,1,1,80,05,1,3,,2,,,8,,2,,2,,,,,2,1,02,4,05,965.34225134
5390818,1,2,1,80,05,1,4,,2,,,4,,2,,2,,,,,2,1,02,4,05,965.34225134
5390818,1,3,1,80,05,1,4,,2,,,4,,2,,2,,,,,2,1,02,4,05,965.34225134
5390819,1,2,1,80,05,1,3,,2,,,9,,2,,2,,,,,2,1,02,4,05,1270.0590254
5390819,1,3,1,80,05,2,,,,2,,,.,2,,2,,,,,2,1,02,,05,1270.0590254
5390822,1,5,1,80,05,1,4,,2,,,9,,2,,2,,,,,2,1,02,4,05,1343.3312486
5390823,1,4,1,80,05,2,,,,2,,,.,2,,2,,,,,2,1,02,,05,1177.5938866
5390824,1,1,1,80,05,1,3,,2,,,9,,1,,2,,1,48,1000000,2,1,02,2,05,1353.3525833
5390826,1,1,1,80,05,2,,,,2,,,.,2,,2,,,,,2,1,02,,05,873.31901007
5390829,1,6,1,80,05,2,,,,2,,,.,2,,2,,,,,2,1,02,,05,881.02478209
5390832,1,1,1,80,05,1,9,RECORTE DE PERSONAL,2,,,4,,3,,2,,,,,3,1,02,4,05,926.20753784
5390832,1,4,1,80,05,2,,,,2,,,.,2,,2,,,,,2,1,02,,05,926.20753784
5390834,1,2,1,80,05,2,,,,2,,,.,,,2,,,,,,1,02,,05,1209.4960733
5390835,1,1,1,80,05,1,4,,2,,,4,,2,,2,,,,,2,1,02,1.4,05,907.34283647
5390835,1,3,1,80,05,2,,,,2,,,.,2,,2,,,,,2,1,02,,05,907.34283647
5390835,1,4,1,80,05,2,,,,2,,,.,,,2,,,,,,1,02,,05,907.34283647
5390836,1,2,1,80,05,2,,,,2,,,.,2,,2,,,,,2,1,02,,05,1077.5000356
5390837,1,3,1,80,05,2,,,,2,,,.,,,2,,,,,,1,02,,05,1090.9108495
5390840,1,1,1,80,05,1,4,,2,,,11,,2,,2,,,,,2,1,02,4,05,1044.2052561
5390840,1,3,1,80,05,2,,,,2,,,.,2,,2,,,,,2,1,02,,05,1044.2052561
5390841,1,1,1,80,05,1,4,,2,,,4,,2,,2,,,,,2,1,02,2,05,920.7536504
5390841,1,4,1,80,05,2,,,,2,,,.,2,,2,,,,,2,1,02,,05,920.7536504
5390841,1,5,1,80,05,1,4,,2,,,4,,2,,2,,,,,2,1,02,4,05,920.7536504
5390842,1,2,1,80,05,1,3,,1,,4,9,,2,,2,,,,,2,1,02,4,05,1091.0457416
5390842,1,3,1,80,05,2,,,,1,4,11,,2,,2,,,,,2,1,02,,05,1091.0457416
5390843,1,2,1,80,05,2,,,,2,,,.,2,,2,,,,,2,1,02,,05,1076.4807714
5390843,1,4,1,80,05,1,2,,2,,,2,,1,,2,,1,24,450000,2,1,02,1.2,05,1076.4807714
5390845,1,2,1,80,05,1,9,PERDIO EL TRABAJO A CAUSA DE LA PANDEMIA,2,,,1,,2,,2,,,,,2,1,02,1.4,05,1501.6491843
5390845,1,3,1,80,05,2,,,,2,,,.,2,,2,,,,,2,1,02,,05,1501.6491843
5390846,1,1,1,80,05,1,4,,2,,,10,,3,,2,,,,,3,1,02,4,05,1069.9291557
5390848,1,2,1,80,05,1,8,,2,,,2,,2,,2,,2,,908526,2,1,02,1.2,05,964.62999258
5390849,1,1,1,80,05,1,5,,2,,,10,,3,,2,,,,,3,1,02,4,05,1056.6532338
5390849,1,2,1,80,05,2,,,,2,,,.,2,,2,,,,,2,1,02,,05,1056.6532338
5390852,1,1,1,80,05,1,4,,2,,,12,POR DISCAPACIDAD,2,,2,,,,,2,1,02,3,05,1044.2052561
5390852,1,2,1,80,05,1,3,,2,,,9,,2,,2,,,,,2,1,02,4,05,1044.2052561
5390852,1,3,1,80,05,2,,,,2,,,.,2,,2,,2,,908526,2,1,02,,05,1044.2052561
5390853,1,2,1,80,05,2,,,,2,,,.,,,2,,,,,,1,02,,05,908.63188485
5390853,2,2,2,80,05,1,2,,2,,,2,,2,,2,,,,,2,1,02,3,05,908.63188485
5390853,2,3,2,80,05,2,,,,2,,,.,2,,2,,,,,2,1,02,,05,908.63188485
5390855,1,2,1,80,05,1,9,POR LA PANDEMIA,2,,,11,,2,,2,,,,,2,1,02,2,05,1026.7644952
5390855,1,5,1,80,05,2,,,,2,,,.,,,2,,,,,,1,02,,05,1026.7644952
5390857,1,1,1,80,05,1,7,,2,,,11,,2,,2,,,,,2,1,02,4,05,1069.9291557
5390859,1,1,1,80,05,1,7,,2,,,11,,1,,2,,,,,2,1,02,3,05,1062.9350654
5390860,1,1,1,80,05,1,1,,2,,,8,,2,,2,,1,48,908000,2,1,02,3,05,1049.6591435
5390860,1,2,1,80,05,1,4,,2,,,4,,2,,2,,,,,2,1,02,4,05,1049.6591435
5390861,1,1,1,80,05,1,3,,2,,,9,,2,,2,,1,48,908526,2,1,02,4,05,1076.3458793
5390862,1,1,1,80,05,1,7,,2,,,8,,2,,2,,,,,2,1,02,4,05,1069.9291557
5390863,1,3,1,80,05,2,,,,2,,,.,2,,2,,,,,2,1,02,,05,926.20753784
5390865,1,4,1,80,05,2,,,,2,,,.,2,,2,,,,,2,1,02,,05,1289.5178816
5390866,1,1,1,80,05,1,4,,2,,,11,,2,,2,,,,,2,1,02,4,05,1083.3399696
5390868,1,2,1,80,05,1,8,,2,,,2,,2,,2,,2,,908526,2,1,02,1.3,05,932.48936938
5390870,1,1,1,80,05,1,3,,2,,,9,,2,,2,,,,,2,1,02,4,05,1056.6532338
5390872,1,1,1,80,05,1,4,,2,,,4,,2,,2,,,,,2,1,02,4,05,926.20753784
5390874,1,1,1,80,05,1,4,,2,,,4,,3,,2,,,,,3,1,02,3,05,1256.2016668
5390874,1,2,1,80,05,1,9,CAMBIO DE DOMICILIO,2,,,1,,2,,2,,1,24,450000,2,1,02,4,05,1256.2016668
5390874,1,4,1,80,05,2,,,,2,,,.,2,,2,,,,,2,1,02,,05,1256.2016668
5390876,1,4,1,80,05,2,,,,2,,,.,2,,2,,,,,2,1,02,,05,1321.2119601
5390877,1,3,1,80,05,1,3,,2,,,9,,2,,2,,,,,2,1,02,4,05,992.02898711
5390878,1,4,1,80,05,2,,,,2,,,.,2,,2,,,,,2,1,02,,05,929.27057837
5390878,1,5,1,80,05,2,,,,2,,,.,2,,2,,,,,2,1,02,,05,929.27057837
5390878,1,7,1,80,05,1,9,POR LA PANDEMIA,2,,,12,POR LA PANDEMIA,1,,2,,1,48,908000,2,1,02,2,05,929.27057837
5390880,1,1,1,80,05,1,3,,2,,,9,,2,,2,,,,,2,1,02,4,05,1083.3399696
5390880,1,2,1,80,05,2,,,,2,,,.,2,,2,,,,,2,1,02,,05,1083.3399696
5390885,1,2,1,80,05,1,3,,2,,,9,,2,,2,,,,,2,1,02,4,05,1367.9175535
5390885,1,3,1,80,05,2,,,,2,,,.,2,,2,,,,,2,1,02,,05,1367.9175535
5390886,1,2,1,80,05,2,,,,2,,,.,2,,2,,,,,2,1,02,,05,900.14063794
5390886,1,5,1,80,05,1,3,,2,,,4,,2,,2,,,,,2,1,02,4,05,900.14063794
5390887,1,2,1,80,05,2,,,,2,,,.,,,2,,,,,,1,02,,05,1045.3594124
5390887,1,3,1,80,05,2,,,,2,,,.,,,2,,,,,,1,02,,05,1045.3594124
5390892,1,2,1,80,05,2,,,,2,,,.,2,,2,,,,,2,1,02,,05,1270.0590254
5390901,1,1,1,80,05,1,3,,2,,,8,,2,,2,,1,24,700000,2,1,02,4,05,971.62408288
5390901,1,2,1,80,05,2,,,,2,,,.,2,,2,,,,,2,1,02,,05,971.62408288
5390906,1,2,1,80,05,2,,,,2,,,.,,,2,,,,,,1,02,,05,1256.6482115
5390910,1,4,1,80,08,2,,,,2,,,.,2,,2,,1,40,908526,2,1,02,,08,545.77364496
5390912,1,3,1,80,08,2,,,,2,,,.,2,,2,,,,,2,1,02,,08,433.06383191
5390912,1,7,1,80,08,2,,,,2,,,.,2,,2,,,,,2,1,02,,08,433.06383191
5390912,1,12,1,80,08,2,,,,2,,,.,2,,2,,,,,2,1,02,,08,433.06383191
5390913,1,5,1,80,08,1,3,,2,,,9,,2,,2,,,,,2,1,02,4,08,581.77892605
5390916,1,2,1,80,08,2,,,,2,,,.,2,,2,,,,,2,1,02,,08,586.59154969
5390916,1,3,1,80,08,2,,,,2,,,.,2,,2,,,,,2,1,02,,08,586.59154969
5390917,1,3,1,80,08,2,,,,2,,,.,2,,2,,,,,2,1,02,,08,577.85480151
5390919,1,1,1,80,08,2,,,,2,,,.,2,,2,,,,,2,1,02,,08,629.69685313
5390920,1,1,1,80,08,1,4,,2,,,4,,2,,2,,,,,2,1,02,4,08,701.370959
5390921,1,2,1,80,08,2,,,,2,,,.,2,,2,,,,,2,1,02,,08,568.67459057
5390922,1,1,1,80,08,1,7,,2,,,10,,3,,2,,,,,3,1,02,4,08,502.66599422
5390922,1,2,1,80,08,2,,,,2,,,.,2,,2,,,,,2,1,02,,08,502.66599422
5390928,1,2,1,80,08,1,2,,2,,,2,,2,,2,,,,,2,1,02,2,08,489.1276806
5390930,1,2,1,80,08,1,4,,2,,,4,,2,,2,,,,,2,1,02,3,08,566.95696593
5390931,1,1,1,80,08,1,4,,2,,,8,,2,,2,,1,24,500000,2,1,02,4,08,706.72323277
5390932,1,1,1,80,08,1,5,,2,,,10,,3,,2,,,,,3,1,02,4,08,621.33854981
5390932,1,2,1,80,08,2,,,,2,,,.,2,,2,,,,,2,1,02,,08,621.33854981
5390933,1,1,1,80,08,1,6,,2,,,8,,2,,2,,,,,2,1,02,4,08,537.58188177
5390933,1,2,1,80,08,1,6,,2,,,8,,2,,2,,,,,2,1,02,4,08,537.58188177
5390935,1,2,1,80,08,1,2,,2,,,2,,2,,2,,2,,906000,2,1,02,2,08,537.49703048
5390935,1,3,1,80,08,2,,,,2,,,.,2,,2,,,,,2,1,02,,08,537.49703048
5390936,1,2,1,80,08,1,4,,2,,,4,,2,,2,,,,,2,1,02,4,08,611.42916198
5390936,1,3,1,80,08,1,4,,2,,,11,,2,,2,,,,,2,1,02,4,08,611.42916198
5390937,1,1,1,80,08,1,3,,2,,,9,,2,,2,,,,,2,1,02,4,08,490.76269067
5390937,1,4,1,80,08,2,,,,2,,,.,2,,2,,,,,2,1,02,,08,490.76269067
5390937,1,5,1,80,08,2,,,,2,,,.,2,,2,,,,,2,1,02,,08,490.76269067
5390942,1,1,1,80,08,1,1,,2,,,8,,2,,2,,1,24,2800000,2,1,02,3,08,495.02098688
5390943,1,5,1,80,08,1,6,,2,,,1,,2,,2,,,,,2,1,02,2,08,427.89351332
5390944,1,3,1,80,08,2,,,,2,,,.,2,,2,,,,,2,1,02,,08,521.75782971
5390944,1,4,1,80,08,2,,,,2,,,.,2,,2,,,,,2,1,02,,08,521.75782971
5390945,1,4,1,80,08,1,3,,2,,,9,,2,,2,,2,,1500000,2,1,02,1.4,08,506.83990501
5390947,1,1,1,80,08,2,,,,2,,,.,2,,2,,,,,2,1,02,,08,575.68799078
5390947,1,5,1,80,08,2,,,,2,,,.,2,,2,,,,,2,1,02,,08,575.68799078
5390949,1,1,1,80,08,1,3,,2,,,9,,2,,2,,,,,2,1,02,4,08,626.88983495
5390949,1,4,1,80,08,2,,,,2,,,.,,,2,,,,,,1,02,,08,626.88983495
5390949,1,5,1,80,08,2,,,,2,,,.,,,2,,,,,,1,02,,08,626.88983495
5390950,1,1,1,80,08,1,3,,2,,,8,,2,,2,,,,,2,1,02,4,08,518.40743172
5390950,1,2,1,80,08,1,3,,2,,,9,,2,,2,,2,,900000,2,1,02,2,08,518.40743172
5390950,1,3,1,80,08,2,,,,2,,,.,,,2,,,,,,1,02,,08,518.40743172
5390950,1,4,1,80,08,1,5,,2,,,8,,2,,2,,,,,2,1,02,3,08,518.40743172
5390951,1,2,1,80,08,1,9,COVD,2,,,9,,2,,2,,,,,2,1,02,1.4,08,411.26431885
5390952,1,1,1,80,08,1,3,,2,,,12,COVD,2,,2,,,,,2,1,02,3,08,550.5839213
5390953,1,1,1,80,08,1,4,,2,,,4,,2,,2,,,,,2,1,02,4,08,502.66599422
5390954,1,2,1,80,08,1,5,,2,,,10,,3,,2,,,,,3,1,02,4,08,566.95696593
5390955,1,1,1,80,08,1,5,,2,,,10,,3,,2,,,,,3,1,02,2,08,502.66599422
5390955,1,2,1,80,08,1,5,,2,,,10,,3,,2,,,,,3,1,02,4,08,502.66599422
5390956,1,1,1,80,08,1,3,,2,,,9,,2,,2,,,,,2,1,02,4,08,542.39215811
5390957,1,1,1,80,08,1,3,,2,,,9,,2,,2,,,,,2,1,02,4,08,566.95696593
5390961,1,2,1,80,08,1,3,,2,,,8,,2,,2,,,,,2,1,02,4,08,614.87489301
5390965,1,15,1,80,08,1,8,,2,,,1,,2,,2,,1,48,983000,2,1,02,1.2,08,485.1994771
5390969,1,1,1,80,08,2,,,,2,,,.,2,,2,,,,,2,1,02,,08,606.05948273
5390969,1,5,1,80,08,2,,,,2,,,.,,,2,,,,,,1,02,,08,606.05948273
5390969,1,6,1,80,08,2,,,,2,,,.,,,2,,,,,,1,02,,08,606.05948273
5390970,1,1,1,80,08,1,4,,2,,,4,,2,,2,,,,,2,1,02,3,08,576.13717687
5390970,1,2,1,80,08,2,,,,2,,,.,2,,2,,,,,2,1,02,,08,576.13717687
5390971,1,1,1,80,08,2,,,,2,,,.,2,,2,,,,,2,1,02,,08,547.11282475
5390972,1,3,1,80,08,2,,,,2,,,.,,,2,,,,,,1,02,,08,472.58241169
5390972,1,5,1,80,08,2,,,,2,,,.,2,,2,,2,,600000,2,1,02,,08,472.58241169
5390973,1,1,1,80,08,2,,,,2,,,.,2,,2,,,,,2,1,02,,08,557.0475781
5390974,1,1,1,80,08,1,5,,2,,,8,,3,,2,,,,,3,1,02,4,08,400.72904722
5390974,1,4,1,80,08,2,,,,2,,,.,2,,2,,,,,2,1,02,,08,400.72904722
5390975,1,1,1,80,08,1,9,COVID 19,2,,,4,,2,,2,,,,,2,1,02,2,08,529.93687443
5390977,1,3,1,80,08,2,,,,2,,,.,2,,2,,,,,2,1,02,,08,355.33388719
5390977,1,4,1,80,08,2,,,,2,,,.,,,2,,,,,,1,02,,08,355.33388719
5390980,1,2,1,80,08,1,3,,2,,,9,,2,,2,,,,,2,1,02,2,08,506.75505372
5390981,1,2,1,80,08,1,6,,2,,,1,,2,,2,,,,,2,1,02,1.2,08,537.49703048
5390981,1,3,1,80,08,2,,,,2,,,.,2,,2,,,,,2,1,02,,08,537.49703048
5390982,1,2,1,80,08,1,3,,2,,,9,,2,,2,,,,,2,1,02,2,08,429.80716177
5390983,1,3,1,80,08,2,,,,2,,,.,,,2,,,,,,1,02,,08,560.39797609
5390984,1,4,1,80,08,2,,,,2,,,.,,,2,,,,,,1,02,,08,609.33543978
5390986,1,1,1,80,08,1,9,COVID 19,2,,,9,,2,,2,,,,,2,1,02,1.4,08,287.26489421
5390986,1,9,1,80,08,2,,,,2,,,.,2,,2,,,,,2,1,02,,08,287.26489421
5390987,1,1,1,80,08,1,9,POR EL VIRUS DEJO DE HACER SU TRABAJO COMO INDEPENDIENTE,2,,,12,POR EL VIRUS Y LA EDAD NO BUSCA TRABAJO,2,,2,,,,,2,1,02,1.4,08,433.92954684
5390987,1,2,1,80,08,1,9,POR EL VIRUS PERDIO EL TRABAJO,2,,,12,POR EL VIRUS NO HA BUSCADO TRABAJO,2,,2,,,,908526,2,1,02,1.4,08,433.92954684
5390987,1,6,1,80,08,1,8,,2,,,12,ESTA ESPERANDO QUE LA SEÑORA DONDE TRABAJABA LA LLAME DE NUEVO,2,,1,250000,1,48,908526,2,1,02,1.1,08,433.92954684
5390987,1,8,1,80,08,2,,,,2,,,.,2,,2,,,,,2,1,02,,08,433.92954684
5390988,1,2,1,80,08,1,3,,2,,,9,,2,,2,,,,,2,1,02,1.4,08,566.77277403
5390988,1,3,1,80,08,2,,,,2,,,.,,,2,,,,,,1,02,,08,566.77277403
5390988,1,5,1,80,08,1,4,,2,,,9,,2,,2,,1,20,600000,2,1,02,3,08,566.77277403
5390988,1,6,1,80,08,2,,,,2,,,.,,,2,,,,,,1,02,,08,566.77277403
5390989,1,1,1,80,08,1,4,,2,,,4,,2,,2,,,,,2,1,02,2,08,561.22383619
5390989,1,4,1,80,08,2,,,,2,,,.,2,,2,,1,24,400000,2,1,02,,08,561.22383619
5390989,1,5,1,80,08,2,,,,2,,,.,2,,2,,,,,2,1,02,,08,561.22383619
5390989,1,6,1,80,08,2,,,,2,,,.,2,,2,,,,,2,1,02,,08,561.22383619
5390989,1,10,1,80,08,2,,,,2,,,.,2,,2,,2,,800000,2,1,02,,08,561.22383619
5390991,1,2,1,80,08,2,,,,2,,,.,2,,2,,,,,2,1,02,,08,486.36988003
5390991,1,6,1,80,08,1,3,,2,,,9,,2,,2,,,,,2,1,02,3,08,486.36988003
5390993,1,1,1,80,08,1,4,,2,,,4,,2,,2,,,,,2,1,02,4,08,490.76045395
5390995,1,2,1,80,08,1,7,,2,,,9,,2,,2,,,,,2,1,02,1.4,08,525.92950378
5390995,1,5,1,80,08,2,,,,2,,,.,2,,2,,,,,2,1,02,,08,525.92950378
5390996,1,4,1,80,08,2,,,,2,,,.,2,,2,,,,,2,1,02,,08,687.26229486
5390998,1,3,1,80,08,1,2,,2,,,2,,2,,2,,,,,2,1,02,2,08,460.29935229
5390998,1,4,1,80,08,2,,,,2,,,.,2,,2,,,,,2,1,02,,08,460.29935229
5390999,1,2,1,80,08,1,3,,2,,,9,,2,,2,,2,,1000000,2,1,02,2,08,622.97132316
5390999,1,3,1,80,08,2,,,,2,,,.,,,2,,,,,,1,02,,08,622.97132316
5391001,1,1,1,80,08,2,,,,2,,,.,2,,2,,,,,2,1,02,,08,679.16586471
5391001,1,3,1,80,08,1,9,POR EL VIRUS PERDIO EL TRABAJO,2,,,2,,1,,2,,1,48,908526,2,1,02,1.4,08,679.16586471
5391003,1,1,1,80,08,1,9,EDAD,2,,,8,,2,,2,,,,,2,1,02,4,08,545.23960758
5391003,1,3,1,80,08,2,,,,2,,,.,2,,2,,,,,2,1,02,,08,545.23960758
5391003,1,4,1,80,08,2,,,,2,,,.,2,,2,,,,,2,1,02,,08,545.23960758
5391003,1,5,1,80,08,1,8,,2,,,2,,2,,2,,,,,2,1,02,1.2,08,545.23960758
5391006,1,3,1,80,08,2,,,,2,,,.,,,2,,,,,,1,02,,08,556.67148054
5391006,1,5,1,80,08,2,,,,2,,,.,2,,2,,,,,2,1,02,,08,556.67148054
5391007,1,3,1,80,08,2,,,,2,,,.,2,,2,,,,,2,1,02,,08,458.83712664
5391008,1,1,1,80,08,1,6,,2,,,8,,2,,2,,,,,2,1,02,4,08,472.12227799
5391008,1,2,1,80,08,1,3,,2,,,9,,2,,2,,2,,600000,2,1,02,2,08,472.12227799
5391008,1,3,1,80,08,1,4,,2,,,4,,2,,2,,,,,2,1,02,3,08,472.12227799
5391008,1,4,1,80,08,2,,,,2,,,.,,,2,,,,,,1,02,,08,472.12227799
5391014,1,4,1,80,08,2,,,,2,,,.,,,2,,,,,,1,02,,08,530.67553594
5391015,1,2,1,80,08,2,,,,2,,,.,2,,2,,2,,1200000,2,1,02,,08,576.13717687
5391020,1,2,1,80,08,1,7,,2,,,1,,2,,2,,1,48,908526,2,1,02,3,08,622.97132316
5391021,1,2,1,80,08,1,3,,2,,,9,,2,,2,,,,,2,1,02,1.1,08,424.71601033
5391021,1,3,1,80,08,2,,,,2,,,.,,,2,,,,,,1,02,,08,424.71601033
5391021,1,6,1,80,08,2,,,,2,,,.,2,,2,,,,,2,1,02,,08,424.71601033
5391022,1,3,1,80,08,2,,,,2,,,.,2,,2,,,,,2,1,02,,08,412.35033636
5391025,1,1,1,80,08,1,4,,2,,,4,,2,,2,,,,,2,1,02,4,08,390.91946586
5391025,1,2,1,80,08,1,9,SE CANSO,2,,,11,,2,,2,,,,,2,1,02,4,08,390.91946586
5391025,1,5,1,80,08,2,,,,2,,,.,,,2,,,,,,1,02,,08,390.91946586
5391025,1,6,1,80,08,2,,,,2,,,.,,,2,,,,,,1,02,,08,390.91946586
5391025,1,9,1,80,08,2,,,,2,,,.,2,,2,,,,,2,1,02,,08,390.91946586
5391027,1,4,1,80,08,2,,,,2,,,.,2,,2,,,,,2,1,02,,08,625.4299566
5391027,1,5,1,80,08,2,,,,2,,,.,2,,2,,,,,2,1,02,,08,625.4299566
5391027,1,6,1,80,08,2,,,,2,,,.,,,2,,,,,,1,02,,08,625.4299566
5391028,1,3,1,80,08,2,,,,2,,,.,2,,2,,,,,2,1,02,,08,525.92950378
5391031,1,2,1,80,08,1,9,PANDEMIA,2,,,9,,2,,2,,,,,2,1,02,2,08,529.3052673
5391031,1,3,1,80,08,2,,,,2,,,.,,,2,,,,,,1,02,,08,529.3052673
5391031,1,5,1,80,08,2,,,,2,,,.,2,,2,,,,,2,1,02,,08,529.3052673
5391032,1,2,1,80,08,2,,,,2,,,.,,,2,,,,,,1,02,,08,554.9538559
5391032,1,3,1,80,08,2,,,,2,,,.,,,2,,,,,,1,02,,08,554.9538559
5391033,1,5,1,80,08,1,3,,2,,,9,,2,,2,,,,,2,1,02,3,08,746.44939666
5391033,1,9,1,80,08,1,5,,2,,,10,,2,,2,,,,,2,1,02,4,08,746.44939666
5391034,1,1,1,80,08,1,4,,2,,,4,,2,,2,,,,,2,1,02,2,08,687.26229486
5391035,1,1,1,80,08,1,7,,2,,,5,,2,,2,,,,,2,1,02,3,08,601.78800219
5391035,1,3,1,80,08,2,,,,2,,,.,,,2,,,,,,1,02,,08,601.78800219
5391035,1,4,1,80,08,2,,,,2,,,.,,,2,,,,,,1,02,,08,601.78800219
5391036,1,1,1,80,08,1,5,,2,,,10,,3,,2,,,,,3,1,02,2,08,519.20557899
5391036,1,2,1,80,08,2,,,,2,,,.,2,,2,,,,,2,1,02,,08,519.20557899
5391036,1,4,1,80,08,1,3,,2,,,9,,2,,2,,2,,900000,2,1,02,4,08,519.20557899
5391038,1,4,1,80,08,1,3,,1,,1,9,,2,,2,,,,,2,1,02,3,08,652.79382255
5391042,1,2,1,80,08,1,4,,2,,,4,,2,,2,,2,,906000,2,1,02,1.4,08,424.20435091
5391042,1,4,1,80,08,2,,,,2,,,.,,,2,,,,,,1,02,,08,424.20435091
5391042,1,5,1,80,08,1,4,,2,,,4,,3,,2,,,,,3,1,02,4,08,424.20435091
5391044,1,2,1,80,08,1,3,,2,,,9,,2,,2,,,,,2,1,02,4,08,502.66599422
5391045,1,1,1,80,08,1,4,,2,,,4,,2,,2,,,,,2,1,02,4,08,492.9564721
5391045,1,2,1,80,08,1,4,,2,,,8,,2,,2,,,,,2,1,02,4,08,492.9564721
5391047,1,2,1,80,08,1,3,,2,,,9,,2,,2,,,,,2,1,02,4,08,547.11282475
5391048,1,2,1,80,08,2,,,,2,,,.,2,,2,,,,,2,1,02,,08,513.56382981
5391052,1,3,1,80,08,2,,,,2,,,.,,,2,,,,,,1,02,,08,648.07315592
5391052,1,4,1,80,08,1,3,,2,,,9,,2,,2,,,,,2,1,02,4,08,648.07315592
5391053,1,1,1,80,08,1,4,,2,,,4,,2,,2,,1,48,908506,2,1,02,4,08,468.54487791
5391053,1,3,1,80,08,2,,,,2,,,.,2,,2,,,,,2,1,02,,08,468.54487791
5391055,1,5,1,80,08,1,3,,2,,,9,,2,,2,,,,,2,1,02,2,08,571.13087672
5391056,1,1,1,80,08,1,3,,2,,,9,,2,,2,,2,,906000,2,1,02,2,08,529.99063687
5391056,1,5,1,80,08,1,3,,2,,,9,,2,,2,,2,,906000,2,1,02,4,08,529.99063687
5391057,1,2,1,80,08,1,3,,2,,,9,,2,,2,,,,,2,1,02,3,08,445.84780558
5391057,1,3,1,80,08,1,6,,2,,,12,NO TIENE CEDULA,2,,2,,1,50,950000,2,1,02,1.3,08,445.84780558
5391057,1,4,1,80,08,2,,,,2,,,.,2,,2,,,,,2,1,02,,08,445.84780558
5391057,1,5,1,80,08,2,,,,2,,,.,2,,2,,,,,2,1,02,,08,445.84780558
5391057,1,7,1,80,08,1,4,,2,,,8,,2,,2,,,,,2,1,02,4,08,445.84780558
5391058,1,3,1,80,08,1,3,,2,,,9,,2,,2,,2,,600000,2,1,02,1.3,08,488.54684834
5391059,1,2,1,80,08,1,3,,2,,,9,,2,,2,,,,930000,2,1,02,4,08,494.75354887
5391059,1,7,1,80,08,2,,,,2,,,.,2,,2,,,,,2,1,02,,08,494.75354887
5391060,3,1,3,80,08,1,8,,2,,,12,PORQUE NO TIENE PAPELES,2,,2,,1,48,98,2,1,02,1.3,08,761.5569903
5391060,3,2,3,80,08,1,8,,2,,,12,PORQUE NO TIENE PAPELES,2,,2,,1,60,780000,2,1,02,1.3,08,761.5569903
5391061,1,3,1,80,08,2,,,,2,,,.,2,,2,,,,,2,1,02,,08,650.3375364
5391067,1,5,1,80,08,2,,,,2,,,.,,,2,,,,,,1,02,,08,712.36412762
5391068,1,3,1,80,08,2,,,,2,,,.,2,,2,,,,,2,1,02,,08,522.7923215
5391068,1,4,1,80,08,2,,,,2,,,.,,,2,,,,,,1,02,,08,522.7923215
5391068,1,7,1,80,08,2,,,,2,,,.,,,2,,,,,,1,02,,08,522.7923215
5391068,1,8,1,80,08,2,,,,2,,,.,,,2,,,,,,1,02,,08,522.7923215
5391069,1,1,1,80,08,2,,,,1,1,12,POR LA PANDEMIA CERRO LOCAL,2,,2,,2,,800000,2,1,02,,08,530.67553594
5391069,1,3,1,80,08,2,,,,2,,,.,2,,2,,,,,2,1,02,,08,530.67553594
5391069,1,4,1,80,08,1,7,,2,,,2,,2,,2,,,,,2,1,02,1.4,08,530.67553594
5391072,1,6,1,80,08,1,4,,2,,,9,,2,,2,,,,,2,1,02,2,08,481.53643569
5391073,1,2,1,80,08,2,,,,2,,,.,2,,2,,,,,2,1,02,,08,510.76242437
5391073,1,3,1,80,08,2,,,,2,,,.,2,,2,,,,,2,1,02,,08,510.76242437
5391076,1,3,1,80,08,2,,,,2,,,.,2,,2,,,,,2,1,02,,08,571.04602543
5391077,1,2,1,80,08,1,8,,2,,,9,,2,,2,,,,,2,1,02,1.2,08,500.57450874
5391077,1,4,1,80,08,2,,,,2,,,.,2,,2,,,,,2,1,02,,08,500.57450874
5391077,1,5,1,80,08,2,,,,2,,,.,2,,2,,,,,2,1,02,,08,500.57450874
5391079,1,2,1,80,08,2,,,,2,,,.,2,,2,,,,,2,1,02,,08,468.11490734
5391079,1,3,1,80,08,2,,,,2,,,.,2,,2,,,,,2,1,02,,08,468.11490734
5391081,1,2,1,80,08,2,,,,2,,,.,,,2,,,,,,1,02,,08,576.13717687
5391082,1,4,1,80,08,2,,,,2,,,.,,,2,,,,,,1,02,,08,418.90932619
5391084,1,1,1,80,08,1,4,,2,,,4,,2,,2,,,,,2,1,02,4,08,606.68312982
5391085,1,1,1,80,08,1,3,,2,,,9,,2,,2,,,,,2,1,02,4,08,503.32438845
5391085,1,3,1,80,08,1,2,,2,,,2,,2,,2,,,,,2,1,02,1.4,08,503.32438845
5391085,1,4,1,80,08,2,,,,2,,,.,,,2,,,,,,1,02,,08,503.32438845
5391085,1,5,1,80,08,2,,,,2,,,.,,,2,,,,,,1,02,,08,503.32438845
5391085,1,6,1,80,08,2,,,,2,,,.,2,,2,,,,,2,1,02,,08,503.32438845
5391085,1,7,1,80,08,1,2,,2,,,2,,2,,2,,,,,2,1,02,2,08,503.32438845
5391086,1,1,1,80,08,1,5,,2,,,8,,3,,2,,,,,3,1,02,3,08,582.69840342
5391086,1,2,1,80,08,2,,,,2,,,.,3,,2,,,,,3,1,02,,08,582.69840342
5391086,1,5,1,80,08,2,,,,2,,,.,,,2,,,,,,1,02,,08,582.69840342
5391089,1,2,1,80,08,1,3,,2,,,8,,2,,2,,,,,2,1,02,4,08,692.55331201
5391089,1,7,1,80,08,2,,,,2,,,.,2,,2,,,,,2,1,02,,08,692.55331201
5391089,1,9,1,80,08,2,,,,2,,,.,2,,2,,,,983000,2,1,02,,08,692.55331201
5391090,1,2,1,80,08,1,3,,2,,,9,,2,,2,,,,,2,1,02,2,08,500.57450874
5391090,1,3,1,80,08,2,,,,2,,,.,,,2,,,,,,1,02,,08,500.57450874
5391090,1,6,1,80,08,1,3,,2,,,9,,2,,2,,,,,2,1,02,1.1,08,500.57450874
5391091,1,1,1,80,08,1,7,,2,,,9,,2,,2,,,,,2,1,02,4,08,493.2167401
5391091,1,4,1,80,08,2,,,,2,,,.,2,,2,,2,,600000,2,1,02,,08,493.2167401
5391092,1,1,1,80,08,1,3,,2,,,8,,2,,2,,,,,2,1,02,3,08,545.14203783
5391092,1,2,1,80,08,1,4,,2,,,4,,2,,2,,2,,900000,2,1,02,1.4,08,545.14203783
5391092,1,4,1,80,08,2,,,,2,,,.,,,2,,,,,,1,02,,08,545.14203783
5391093,1,1,1,80,08,1,9,PANDEMIA,2,,,12,PANDEMIA,2,,2,,,,,2,1,02,3,08,631.24793763
5391093,1,2,1,80,08,1,4,,2,,,8,,2,,2,,,,,2,1,02,4,08,631.24793763
5391096,1,1,1,80,08,1,5,,2,,,10,,3,,2,,,,,3,1,02,4,08,502.66599422
5391096,1,2,1,80,08,2,,,,2,,,.,2,,2,,,,,2,1,02,,08,502.66599422
5391098,1,1,1,80,08,1,4,,2,,,4,,2,,2,,,,,2,1,02,4,08,613.69354246
5391101,1,2,1,80,08,1,3,,2,,,9,,2,,2,,2,,920000,2,1,02,2,08,454.74806714
5391101,1,3,1,80,08,1,5,,2,,,10,,3,,2,,,,,3,1,02,4,08,454.74806714
5391105,1,1,1,80,08,1,4,,2,,,4,,2,,2,,2,,800000,2,1,02,2,08,597.32049784
5391106,1,3,1,80,08,2,,,,2,,,.,,,2,,,,,,1,02,,08,577.85480151
5391109,1,3,1,80,08,2,,,,2,,,.,2,,2,,,,,2,1,02,,08,571.04602543
5391113,1,1,1,80,08,1,9,POR PANDEMIA,2,,,8,,2,,2,,2,,900000,2,1,02,2,08,502.66599422
5391113,1,2,1,80,08,2,,,,2,,,.,2,,2,,,,,2,1,02,,08,502.66599422
5391115,1,4,1,80,08,2,,,,2,,,.,2,,2,,,,,2,1,02,,08,614.32813716
5391115,1,5,1,80,08,1,5,,2,,,10,,3,,2,,,,,3,1,02,3,08,614.32813716
5391116,1,2,1,80,08,1,7,,2,,,8,,2,,2,,1,48,950000,2,1,02,1.4,08,588.50285084
5391116,1,3,1,80,08,2,,,,2,,,.,,,2,,,,,,1,02,,08,588.50285084
5391118,1,4,1,80,08,1,9,POR PANDEMIA,2,,,12,POR PANDEMIA,2,,2,,,,,2,1,02,1.3,08,642.14577322
5391119,1,1,1,80,08,1,5,,2,,,10,,3,,2,,,,,3,1,02,4,08,502.66599422
5391120,1,5,1,80,08,1,7,,2,,,9,,2,,2,,,,,2,1,02,4,08,565.40588142
5391122,1,2,1,80,08,2,,,,2,,,.,,,2,,,,,,1,02,,08,515.28145445
5391123,1,2,1,80,08,1,3,,2,,,9,,2,,2,,,,,2,1,02,4,08,556.67148054
5391123,1,3,1,80,08,2,,,,2,,,.,2,,2,,,,,2,1,02,,08,556.67148054
5391123,1,4,1,80,08,2,,,,2,,,.,2,,2,,,,,2,1,02,,08,556.67148054
5391124,1,1,1,80,08,2,,,,2,,,.,2,,2,,,,,2,1,02,,08,595.69867209
5391124,1,2,1,80,08,1,4,,2,,,8,,2,,2,,,,,2,1,02,4,08,595.69867209
5391124,1,4,1,80,08,2,,,,2,,,.,2,,2,,,,,2,1,02,,08,595.69867209
5391124,1,7,1,80,08,1,3,,2,,,9,,2,,2,,2,,900000,2,1,02,3,08,595.69867209
5391125,1,3,1,80,08,2,,,,2,,,.,2,,2,,,,,2,1,02,,08,571.04602543
5391128,1,2,1,80,08,2,,,,2,,,.,,,2,,,,,,1,02,,08,524.21187914
5391131,1,1,1,80,08,1,1,,2,,,4,,2,,2,,2,,1200000,2,1,02,4,08,530.10341457
5391131,1,7,1,80,08,2,,,,2,,,.,2,,2,,2,,500000,2,1,02,,08,530.10341457
5391132,1,1,1,80,08,1,4,,2,,,4,,2,,2,,,,,2,1,02,4,08,502.66599422
5391132,1,2,1,80,08,1,4,,2,,,4,,2,,2,,,,,2,1,02,3,08,502.66599422
5391134,1,2,1,80,08,1,3,,2,,,9,,2,,2,,2,,908506,2,1,02,2,08,577.85480151
5391134,1,3,1,80,08,2,,,,2,,,.,,,2,,,,,,1,02,,08,577.85480151
5391135,1,1,1,80,08,1,5,,2,,,10,,3,,2,,,,,3,1,02,4,08,601.78800219
5391135,1,4,1,80,08,2,,,,2,,,.,2,,2,,,,,2,1,02,,08,601.78800219
5391137,1,3,1,80,13,2,,,,2,,,.,,,2,,,,,,1,02,,13,381.2496223
5391139,1,1,1,80,13,1,5,,2,,,10,,3,,2,,,,,3,1,02,4,13,378.68185283
5391140,1,2,1,80,13,1,3,,2,,,9,,2,,2,,,,,2,1,02,4,13,488.66149394
5391140,1,5,1,80,13,2,,,,2,,,.,2,,2,,,,,2,1,02,,13,488.66149394
5391142,1,1,1,80,13,1,5,,2,,,8,,3,,2,,,,,3,1,02,3,13,399.91920387
5391142,1,3,1,80,13,2,,,,2,,,.,2,,2,,,,,2,1,02,,13,399.91920387
5391143,1,3,1,80,13,2,,,,2,,,.,2,,2,,,,,2,1,02,,13,433.62062213
5391143,1,4,1,80,13,2,,,,2,,,.,,,2,,,,,,1,02,,13,433.62062213
5391145,1,1,1,80,13,1,5,,2,,,8,,2,,2,,,,,2,1,02,4,13,339.39966217
5391145,1,2,1,80,13,2,,,,2,,,.,2,,2,,,,,2,1,02,,13,339.39966217
5391148,1,2,1,80,13,2,,,,2,,,.,2,,2,,,,,2,1,02,,13,282.95762311
5391149,1,1,1,80,13,1,5,,2,,,10,,1,2,2,,,,,1,1,02,1.4,13,339.39966217
5391150,1,3,1,80,13,2,,,,2,,,.,,,2,,,,,,1,02,,13,373.22123564
5391151,1,2,1,80,13,1,3,,2,,,9,,2,,2,,2,,400000,2,1,02,1.4,13,356.05492382
5391152,1,2,1,80,13,1,6,,2,,,9,,2,,2,,2,,400000,2,1,02,1.3,13,572.27983435
5391152,1,6,1,80,13,2,,,,2,,,.,2,,2,,2,,400000,2,1,02,,13,572.27983435
5391154,1,2,1,80,13,2,,,,2,,,.,,,2,,,,,,1,02,,13,419.49341392
5391157,1,1,1,80,13,1,4,,2,,,4,,2,,2,,,,,2,1,02,4,13,339.39966217
5391159,1,2,1,80,13,1,3,,2,,,9,,2,,2,,,,,2,1,02,4,13,504.66120353
5391159,1,3,1,80,13,2,,,,2,,,.,,,2,,,,,,1,02,,13,504.66120353
5391159,1,4,1,80,13,2,,,,2,,,.,2,,2,,,,,2,1,02,,13,504.66120353
5391160,1,3,1,80,13,2,,,,2,,,.,2,,2,,,,,2,1,02,,13,460.79692348
5391160,1,4,1,80,13,2,,,,2,,,.,2,,2,,,,,2,1,02,,13,460.79692348
5391161,1,3,1,80,13,2,,,,2,,,.,2,,2,,,,,2,1,02,,13,341.96743164
5391162,1,2,1,80,13,1,7,,2,,,1,,2,,2,,,,,2,1,02,1.3,13,381.2496223
5391165,1,2,1,80,13,1,6,,2,,,1,,2,,2,,2,,500000,2,1,02,3,13,346.52785771
5391165,1,3,1,80,13,1,3,,2,,,9,,2,,2,,2,,908526,2,1,02,2,13,346.52785771
5391166,1,2,1,80,13,2,,,,2,,,.,2,,2,,,,,2,1,02,,13,381.73254572
5391167,1,1,1,80,13,1,8,,2,,,9,,1,,1,908000,1,48,900000,2,1,02,1.2,13,435.53400766
5391168,1,4,1,80,13,2,,,,2,,,.,2,,2,,,,,2,1,02,,13,561.03043494
5391168,1,5,1,80,13,2,,,,2,,,.,2,,2,,,,,2,1,02,,13,561.03043494
5391169,1,2,1,80,13,2,,,,2,,,.,,,2,,,,,,1,02,,13,346.6415495
5391170,1,4,1,80,13,1,5,,2,,,10,,3,,2,,,,,3,1,02,1.2,13,318.28246634
5391171,1,2,1,80,13,2,,,,2,,,.,2,,2,,,,,2,1,02,,13,378.68185283
5391172,1,2,1,80,13,2,,,,2,,,.,2,,2,,,,,2,1,02,,13,367.87890055
5391172,1,3,1,80,13,2,,,,2,,,.,,,2,,,,,,1,02,,13,367.87890055
5391173,1,2,1,80,13,2,,,,2,,,.,2,,2,,,,,2,1,02,,13,332.27793005
5391173,1,4,1,80,13,1,9,EDAD,2,,,8,,2,,2,,,,,2,1,02,4,13,332.27793005
5391174,1,3,1,80,13,2,,,,2,,,.,2,,2,,,,,2,1,02,,13,433.62062213
5391174,1,4,1,80,13,2,,,,2,,,.,,,2,,,,,,1,02,,13,433.62062213
5391177,1,3,1,80,13,2,,,,2,,,.,2,,2,,,,,2,1,02,,13,384.28872591
5391179,1,1,1,80,13,1,5,,2,,,10,,3,,2,,,,,3,1,02,4,13,287.63174098
5391180,1,2,1,80,13,1,3,,2,,,11,,2,,2,,,,,2,1,02,4,13,282.95762311
5391180,1,3,1,80,13,1,8,,1,,4,5,,2,,2,,,,,2,1,02,4,13,282.95762311
5391181,1,1,1,80,13,1,5,,2,,,8,,3,,2,,,,,3,1,02,4,13,339.39966217
5391181,1,2,1,80,13,1,5,,2,,,8,,3,,2,,,,,3,1,02,4,13,339.39966217
5391182,1,3,1,80,13,1,5,,2,,,8,,2,,2,,,,,2,1,02,4,13,253.81663093
5391184,1,3,1,80,13,1,4,,2,,,4,,2,,2,,,,,2,1,02,4,13,330.76819687
5391199,1,1,1,80,17,1,6,,2,,,12,POR COVID,3,,2,,1,40,908526,3,1,02,3,17,179.09044303
5391199,1,3,1,80,17,2,,,,2,,,.,,,2,,,,,,1,02,,17,179.09044303
5391199,1,5,1,80,17,2,,,,2,,,.,2,,2,,,,,2,1,02,,17,179.09044303
5391205,1,2,1,80,17,1,3,,2,,,9,,2,,2,,,,,2,1,02,4,17,186.76523763
5391212,1,2,1,80,17,1,3,,2,,,9,,1,,2,,,,,2,1,02,1.4,17,251.24710164
5391214,1,1,1,80,17,1,1,,2,,,8,,3,,2,,,,,3,1,02,4,17,193.31928378
5391214,1,2,1,80,17,1,9,POR COVID,2,,,12,POR COVID,2,,2,,,,,2,1,02,1.4,17,193.31928378
5391214,1,3,1,80,17,2,,,,2,,,.,2,,2,,,,,2,1,02,,17,193.31928378
5391214,1,4,1,80,17,2,,,,2,,,.,,,2,,,,,,1,02,,17,193.31928378
5391215,1,3,1,80,17,2,,,,2,,,.,,,2,,,,,,1,02,,17,224.20095502
5391215,1,4,1,80,17,2,,,,2,,,.,,,2,,,,,,1,02,,17,224.20095502
5391217,1,2,1,80,17,1,3,,2,,,9,,2,,2,,,,,2,1,02,2,17,371.49187335
5391218,1,2,1,80,17,1,5,,2,,,8,,3,,2,,,,,3,1,02,4,17,170.98950672
5391218,1,4,1,80,17,2,,,,1,1,2,,2,,2,,,,,2,1,02,,17,170.98950672
5391219,1,1,1,80,17,1,3,,2,,,9,,2,,2,,,,,2,1,02,4,17,186.76523763
5391220,1,2,1,80,17,2,,,,2,,,.,2,,2,,,,,2,1,02,,17,227.03418206
5391221,1,3,1,80,17,2,,,,2,,,.,,,2,,,,,,1,02,,17,203.00942384
5391223,1,1,1,80,17,1,5,,2,,,10,,3,,2,,,,,3,1,02,2,17,176.40384497
5391223,1,2,1,80,17,2,,,,2,,,.,2,,2,,,,,2,1,02,,17,176.40384497
5391225,1,1,1,80,17,1,8,,2,,,4,,2,,2,,,,,2,1,02,1.2,17,191.12471579
5391226,1,4,1,80,17,2,,,,2,,,.,2,,2,,,,,2,1,02,,17,233.50777815
5391229,1,1,1,80,17,1,4,,2,,,4,,2,,2,,,,,2,1,02,3,17,190.74139886
5391229,1,2,1,80,17,2,,,,2,,,.,2,,2,,,,,2,1,02,,17,190.74139886
5391230,1,1,1,80,17,1,5,,2,,,10,,3,,2,,,,,3,1,02,4,17,186.76523763
5391235,1,1,1,80,17,1,3,,2,,,9,,1,,2,,,,,2,1,02,1.3,17,183.84246279
5391235,1,2,1,80,17,2,,,,2,,,.,2,,2,,,,,2,1,02,,17,183.84246279
5391235,1,3,1,80,17,2,,,,2,,,.,3,,2,,,,,3,1,02,,17,183.84246279
5391235,1,5,1,80,17,1,9,POR EMBARAZO,2,,,9,,2,,2,,,,,2,1,02,2,17,183.84246279
5391236,1,1,1,80,17,2,,,,2,,,.,3,,2,,,,,3,1,02,,17,185.51798806
5391238,1,1,1,80,17,2,,,,2,,,.,2,,2,,,,,2,1,02,,17,216.33377094
5391238,1,4,1,80,17,2,,,,2,,,.,2,,2,,,,,2,1,02,,17,216.33377094
5391238,1,5,1,80,17,2,,,,2,,,.,2,,2,,,,,2,1,02,,17,216.33377094
5391238,1,6,1,80,17,2,,,,2,,,.,2,,2,,,,,2,1,02,,17,216.33377094
5391239,1,1,1,80,17,1,7,,2,,,9,,1,4,2,,,,,1,1,02,4,17,213.56349654
5391239,1,4,1,80,17,2,,,,2,,,.,2,,2,,,,,2,1,02,,17,213.56349654
5391240,1,1,1,80,17,2,,,,2,,,.,2,,2,,,,,2,1,02,,17,214.8941319
5391240,1,3,1,80,17,2,,,,2,,,.,2,,2,,,,,2,1,02,,17,214.8941319
5391240,1,4,1,80,17,2,,,,2,,,.,2,,2,,,,,2,1,02,,17,214.8941319
5391241,1,1,1,80,17,2,,,,2,,,.,3,,2,,,,,3,1,02,,17,165.76609592
5391241,1,2,1,80,17,2,,,,2,,,.,2,,2,,,,,2,1,02,,17,165.76609592
5391242,1,2,1,80,17,2,,,,2,,,.,,,2,,,,,,1,02,,17,208.23283464
5391242,1,3,1,80,17,1,8,,2,,,8,,2,,2,,,,,2,1,02,4,17,208.23283464
5391242,1,5,1,80,17,2,,,,2,,,.,2,,2,,,,,2,1,02,,17,208.23283464
5391245,1,2,1,80,17,1,3,,2,,,9,,2,,2,,,,,2,1,02,4,17,194.82187546
5391246,1,2,1,80,17,1,3,,2,,,9,,2,,2,,2,,908526,2,1,02,3,17,172.62007322
5391248,1,2,1,80,17,1,3,,2,,,9,,2,,2,,,,,2,1,02,4,17,262.86026254
5391248,1,3,1,80,17,2,,,,2,,,.,,,2,,,,,,1,02,,17,262.86026254
5391250,1,2,1,80,17,2,,,,2,,,.,2,,2,,,,,2,1,02,,17,206.79319559
5391250,1,3,1,80,17,2,,,,2,,,.,2,,2,,,,,2,1,02,,17,206.79319559
5391251,1,2,1,80,17,1,3,,2,,,9,,1,,2,,,,,2,1,02,2,17,276.51910943
5391252,1,4,1,80,17,1,2,,2,,,2,,2,,2,,2,,908526,2,1,02,2,17,205.70212331
5391255,1,2,1,80,17,2,,,,2,,,.,3,,2,,,,,3,1,02,,17,216.2924082
5391255,1,3,1,80,17,2,,,,2,,,.,2,,2,,,,,2,1,02,,17,216.2924082
5391255,1,4,1,80,17,2,,,,2,,,.,2,,2,,,,,2,1,02,,17,216.2924082
5391257,1,1,1,80,17,1,5,,2,,,10,,3,,2,,,,,3,1,02,4,17,182.99691133
5391257,1,2,1,80,17,1,5,,2,,,10,,3,,2,,,,,3,1,02,4,17,182.99691133
5391259,1,2,1,80,17,2,,,,2,,,.,,,2,,,,,,1,02,,17,228.90737392
5391259,1,3,1,80,17,2,,,,2,,,.,,,2,,,,,,1,02,,17,228.90737392
5391260,1,2,1,80,17,1,4,,2,,,4,,3,,2,,,,,3,1,02,4,17,181.66057251
5391265,1,2,1,80,17,2,,,,2,,,.,2,,2,,,,,2,1,02,,17,141.65472563
5391268,1,2,1,80,17,1,3,,2,,,9,,1,,2,,,,,2,1,02,1.3,17,291.89853517
5391268,1,3,1,80,17,2,,,,2,,,.,,,2,,,,,,1,02,,17,291.89853517
5391272,1,1,1,80,17,1,4,,2,,,4,,2,,2,,,,,2,1,02,2,17,193.66123797
5391274,1,2,1,80,17,1,7,,2,,,4,,2,,2,,,,,2,1,02,4,17,149.79797554
5391275,1,1,1,80,17,2,,,,2,,,.,2,,2,,,,,2,1,02,,17,137.29524747
5391276,1,2,1,80,17,1,7,,2,,,4,,2,,2,,,,,2,1,02,1.4,17,196.26151451
5391276,1,4,1,80,17,2,,,,2,,,.,,,2,,,,,,1,02,,17,196.26151451
5391277,1,1,1,80,17,1,3,,2,,,9,,2,,2,,,,,2,1,02,4,17,186.76523763
5391282,1,1,1,80,17,2,,,,2,,,.,2,,2,,,,,2,1,02,,17,185.51798806
5391294,1,2,1,80,17,1,4,,2,,,4,,2,,2,,,,,2,1,02,4,17,251.24710164
5391295,1,3,1,80,17,2,,,,2,,,.,2,,2,,,,,2,1,02,,17,213.64688233
5391299,1,1,1,80,17,2,,,,1,4,8,,2,,2,,,,,2,1,02,,17,185.51798806
5391300,1,1,1,80,17,1,3,,2,,,9,,2,,2,,,,,2,1,02,4,17,206.70951924
5391302,1,3,1,80,17,2,,,,2,,,.,,,2,,,,,,1,02,,17,228.28143163
5391304,1,2,1,80,17,1,5,,2,,,10,,3,,2,,,,,3,1,02,4,17,170.79711724
5391305,1,1,1,80,17,1,4,,2,,,4,,3,,2,,,,,3,1,02,3,17,224.20095502
5391305,1,3,1,80,17,2,,,,2,,,.,2,,2,,,,,2,1,02,,17,224.20095502
5391305,1,4,1,80,17,2,,,,2,,,.,,,2,,,,,,1,02,,17,224.20095502
5391306,1,1,1,80,17,1,5,,2,,,10,,3,,2,,,,,3,1,02,4,17,161.68268359
5391306,1,4,1,80,17,2,,,,2,,,.,2,,2,,,,,2,1,02,,17,161.68268359
5391307,1,1,1,80,17,1,5,,2,,,10,,3,,2,,,,,3,1,02,1.2,17,182.59814895
5391307,1,3,1,80,17,2,,,,2,,,.,2,,2,,,,,2,1,02,,17,182.59814895
5391309,1,1,1,80,17,1,5,,2,,,10,,3,,2,,,,,3,1,02,2,17,185.51798806
5391660,1,1,1,80,23,1,3,,2,,,9,,2,,2,,,,,2,1,02,4,23,228.68839118
5391661,1,2,1,80,23,1,3,,2,,,9,,2,,2,,,,,2,1,02,4,23,176.92819333
5391662,1,1,1,80,23,1,5,,2,,,10,,3,,2,,,,,3,1,02,4,23,133.36091683
5391663,1,1,1,80,23,1,3,,2,,,8,,2,,2,,,,,2,1,02,4,23,109.75804279
5391663,1,3,1,80,23,2,,,,2,,,.,2,,2,,,,,2,1,02,,23,109.75804279
5391664,1,2,1,80,23,2,,,,2,,,.,2,,2,,,,,2,1,02,,23,136.68633868
5391665,1,1,1,80,23,1,3,,2,,,8,,2,,2,,1,40,908526,2,1,02,4,23,177.4341977
5391666,1,1,1,80,23,1,3,,2,,,9,,2,,2,,,,,2,1,02,4,23,177.99688643
5391666,1,3,1,80,23,2,,,,2,,,.,2,,2,,,,,2,1,02,,23,177.99688643
5392116,1,1,1,80,73,1,5,,2,,,10,,3,,2,,,,,3,1,02,4,73,326.3783082
5392116,1,4,1,80,73,2,,,,2,,,.,2,,2,,,,,2,1,02,,73,326.3783082
5392119,1,3,1,80,73,1,4,,2,,,8,,2,,2,,,,,2,1,02,4,73,154.95747897
5392121,1,3,1,80,73,2,,,,2,,,.,,,2,,,,,,1,02,,73,308.22666415
5392124,1,1,1,80,73,1,5,,2,,,10,,3,,2,,,,,3,1,02,2,73,210.46541042
5392124,1,2,1,80,73,1,3,,2,,,8,,2,,2,,,,,2,1,02,4,73,210.46541042
5392124,1,3,1,80,73,1,5,,2,,,8,,3,,2,,,,,3,1,02,4,73,210.46541042
5392125,1,3,1,80,73,2,,,,2,,,.,,,2,,,,,,1,02,,73,241.50745598
5392125,1,4,1,80,73,1,5,,2,,,10,,3,,2,,,,,3,1,02,4,73,241.50745598
5392125,1,5,1,80,73,1,3,,2,,,9,,2,,2,,,,,2,1,02,4,73,241.50745598
5392126,1,2,1,80,73,1,3,,2,,,9,,2,,2,,,,,2,1,02,4,73,154.95747897
5392126,1,4,1,80,73,2,,,,2,,,.,2,,2,,,,,2,1,02,,73,154.95747897
5392127,1,3,1,80,73,2,,,,2,,,.,2,,2,,,,,2,1,02,,73,313.38749723
5392128,1,1,1,80,73,1,6,,2,,,9,,2,,2,,,,,2,1,02,2,73,371.71356776
5392129,1,2,1,80,73,2,,,,2,,,.,2,,2,,,,,2,1,02,,73,358.52940607
5392129,1,4,1,80,73,1,3,,2,,,9,,2,,2,,,,,2,1,02,4,73,358.52940607
5392130,1,5,1,80,73,2,,,,2,,,.,2,,2,,,,,2,1,02,,73,383.13206655
5392131,1,4,1,80,73,2,,,,2,,,.,2,,2,,,,,2,1,02,,73,269.07696225
5392136,1,1,1,80,73,1,6,,2,,,1,,2,,2,,,,,2,1,02,3,73,220.77849024
5392136,1,3,1,80,73,2,,,,2,,,.,2,,2,,,,,2,1,02,,73,220.77849024
5392136,1,4,1,80,73,2,,,,2,,,.,2,,2,,2,,650000,2,1,02,,73,220.77849024
5392136,1,5,1,80,73,2,,,,2,,,.,,,2,,2,,98,,1,02,,73,220.77849024
5392137,1,2,1,80,73,1,3,,2,,,9,,2,,2,,,,,2,1,02,4,73,194.52553043
5392137,1,3,1,80,73,1,4,,2,,,4,,2,,2,,,,,2,1,02,1.4,73,194.52553043
5392147,1,1,1,80,73,1,4,,2,,,4,,2,,2,,,,,2,1,02,4,73,299.38804341
5392147,1,2,1,80,73,2,,,,2,,,.,2,,2,,,,,2,1,02,,73,299.38804341
5392147,1,3,1,80,73,2,,,,2,,,.,,,2,,,,,,1,02,,73,299.38804341
5392148,1,3,1,80,73,2,,,,2,,,.,2,,2,,,,,2,1,02,,73,249.84401658
5392149,1,3,1,80,73,2,,,,2,,,.,2,,2,,2,,650000,2,1,02,,73,278.28733033
5392149,1,4,1,80,73,2,,,,2,,,.,2,,2,,1,20,400000,2,1,02,,73,278.28733033
5392150,1,1,1,80,73,1,3,,2,,,1,,2,,2,,,,,2,1,02,2,73,414.40935693
5392151,1,2,1,80,73,1,3,,2,,,9,,2,,2,,,,,2,1,02,4,73,414.40935693
5392153,1,1,1,80,73,1,4,,2,,,4,,2,,2,,,,,2,1,02,4,73,443.06924954
5392153,1,2,1,80,73,2,,,,2,,,.,2,,2,,,,,2,1,02,,73,443.06924954
5392156,1,1,1,80,73,1,5,,2,,,10,,3,,2,,,,,3,1,02,4,73,279.39638264
5392157,1,1,1,80,73,1,3,,2,,,8,,2,,2,,1,20,400000,2,1,02,4,73,221.51579522
5392158,1,2,1,80,73,1,3,,2,,,9,,2,,2,,,,,2,1,02,4,73,380.92030249
5392158,1,3,1,80,73,2,,,,2,,,.,2,,2,,,,,2,1,02,,73,380.92030249
5392158,1,4,1,80,73,2,,,,2,,,.,2,,2,,,,,2,1,02,,73,380.92030249
5392159,1,2,1,80,73,2,,,,2,,,.,2,,2,,,,,2,1,02,,73,154.95747897
5392160,1,1,1,80,73,1,5,,2,,,10,,3,,2,,,,,3,1,02,4,73,294.2294561
5392161,1,2,1,80,73,1,3,,2,,,9,,2,,2,,2,,908526,2,1,02,2,73,619.82991587
5392164,1,2,1,80,73,1,3,,2,,,9,,2,,2,,,,,2,1,02,3,73,212.12958688
5392164,1,4,1,80,73,1,4,,2,,,4,,2,,2,,,,,2,1,02,2,73,212.12958688
5392167,1,1,1,80,73,1,3,,2,,,9,,2,,2,,,,,2,1,02,3,73,280.77144444
5392168,1,1,1,80,73,1,4,,2,,,4,,2,,2,,,,,2,1,02,1.4,73,215.09643267
5392170,1,1,1,80,73,1,4,,2,,,4,,2,,2,,,,,2,1,02,4,73,329.9066187
5392171,1,2,1,80,73,1,3,,2,,,9,,2,,2,,,,,2,1,02,4,73,281.23639936
5392171,1,3,1,80,73,2,,,,2,,,.,2,,2,,,,,2,1,02,,73,281.23639936
5392172,1,2,1,80,73,1,3,,2,,,9,,2,,2,,2,,900000,2,1,02,2,73,468.74022373
5392173,1,2,1,80,73,2,,,,2,,,.,2,,2,,,,,2,1,02,,73,253.50882959
5392173,1,3,1,80,73,2,,,,2,,,.,2,,2,,,,,2,1,02,,73,253.50882959
5392176,1,4,1,80,73,1,3,,2,,,9,,2,,2,,,,,2,1,02,3,73,232.12124764
5392178,1,1,1,80,73,1,5,,2,,,8,,3,,2,,,,,3,1,02,4,73,155.37582853
5392178,1,2,1,80,73,1,3,,2,,,8,,2,,2,,,,,2,1,02,4,73,155.37582853
5392180,1,4,1,80,73,2,,,,2,,,.,2,,2,,,,,2,1,02,,73,199.97014977
5392181,1,2,1,80,73,1,5,,2,,,11,,3,,2,,,,,3,1,02,3,73,182.36609332
5392185,1,2,1,80,73,2,,,,2,,,.,2,,2,,,,,2,1,02,,73,361.12813788
5392185,1,4,1,80,73,1,7,,1,,2,4,,2,,2,,2,,908526,2,1,02,4,73,361.12813788
5392185,1,5,1,80,73,1,3,,2,,,9,,1,,2,,,,,2,1,02,4,73,361.12813788
5392186,1,3,1,80,73,2,,,,2,,,.,,,2,,,,,,1,02,,73,353.9300377
5392187,1,1,1,80,73,1,4,,2,,,4,,2,,2,,,,,2,1,02,4,73,270.18601456
5392187,1,2,1,80,73,1,5,,2,,,8,,3,,2,,,,,3,1,02,4,73,270.18601456
5392188,1,2,1,80,73,1,3,,2,,,9,,2,,2,,,,,2,1,02,4,73,458.38733146
5392188,1,3,1,80,73,2,,,,2,,,.,,,2,,,,,,1,02,,73,458.38733146
5392189,1,1,1,80,73,1,5,,2,,,10,,3,,2,,,,,3,1,02,4,73,297.17627935
5392189,1,3,1,80,73,2,,,,1,1,2,,2,,2,,,,,2,1,02,,73,297.17627935
5392190,1,1,1,80,73,1,4,,2,,,4,,2,,2,,,,,2,1,02,3,73,659.11256297
5392190,1,3,1,80,73,2,,,,2,,,.,2,,2,,,,,2,1,02,,73,659.11256297
5392191,1,2,1,80,73,1,8,,2,,,1,,1,,2,,2,,908526,2,1,02,1.1,73,618.67143292
5392193,1,2,1,80,73,2,,,,2,,,.,,,2,,,,,,1,02,,73,324.74886511
5392193,1,3,1,80,73,1,3,,2,,,9,,2,,2,,,,,2,1,02,4,73,324.74886511
5392194,1,1,1,80,73,1,3,,2,,,4,,2,,2,,,,,2,1,02,4,73,499.68803315
5392194,1,3,1,80,73,2,,,,2,,,.,2,,2,,,,,2,1,02,,73,499.68803315
5392196,1,2,1,80,73,1,4,,2,,,9,,2,,2,,,,,2,1,02,4,73,562.47279872
5392196,1,3,1,80,73,2,,,,2,,,.,2,,2,,,,,2,1,02,,73,562.47279872
5392197,1,2,1,80,73,2,,,,2,,,.,2,,2,,,,,2,1,02,,73,628.75023317
5392198,1,4,1,80,73,1,5,,2,,,8,,3,,2,,,,,3,1,02,4,73,563.9902289
5392200,1,2,1,80,73,1,3,,2,,,9,,2,,2,,,,,2,1,02,3,73,714.805154
5392200,1,3,1,80,73,2,,,,2,,,.,,,2,,,,,,1,02,,73,714.805154
5392200,2,2,2,80,73,1,3,,2,,,9,,2,,2,,,,,2,1,02,4,73,714.805154
5392200,2,3,2,80,73,2,,,,2,,,.,2,,2,,,,,2,1,02,,73,714.805154
5392201,1,1,1,80,73,1,3,,2,,,9,,2,,2,,,,,2,1,02,4,73,618.67143292
5392204,1,2,1,80,73,2,,,,2,,,.,2,,2,,,,,2,1,02,,73,498.17060297
5392204,1,3,1,80,73,2,,,,2,,,.,2,,2,,,,,2,1,02,,73,498.17060297
5392205,1,2,1,80,73,1,3,,2,,,9,,2,,2,,,,,2,1,02,2,73,370.91774744
5392205,1,3,1,80,73,2,,,,2,,,.,,,2,,,,,,1,02,,73,370.91774744
5392207,1,2,1,80,73,2,,,,1,2,1,,2,,2,,,,,2,1,02,,73,341.71571859
5392208,1,2,1,80,73,1,3,,2,,,5,,2,,2,,1,48,908000,2,1,02,2,73,858.37060523
5392210,1,2,1,80,73,1,3,,2,,,1,,2,,2,,,,,2,1,02,3,73,326.93977291
5392213,1,1,1,80,73,1,4,,2,,,4,,2,,2,,,,,2,1,02,1.4,73,369.0563206
5392217,1,3,1,80,73,1,3,,2,,,9,,2,,2,,,,,2,1,02,4,73,194.52553043
5392218,1,3,1,80,73,2,,,,2,,,.,2,,2,,,,,2,1,02,,73,353.9300377
5392219,1,2,1,80,73,1,2,,2,,,1,,2,,2,,,,,2,1,02,2,73,249.08530149
5392219,1,3,1,80,73,2,,,,2,,,.,2,,2,,,,,2,1,02,,73,249.08530149
5392220,1,3,1,80,73,2,,,,2,,,.,,,2,,,,,,1,02,,73,283.44816341
5392221,1,2,1,80,73,2,,,,2,,,.,2,,2,,,,,2,1,02,,73,222.09503669
5392222,1,1,1,80,73,1,4,,2,,,4,,2,,2,,,,,2,1,02,4,73,270.18601456
5392222,1,2,1,80,73,2,,,,2,,,.,2,,2,,,,,2,1,02,,73,270.18601456
5392230,1,1,1,80,73,1,5,,2,,,10,,3,,2,,,,,3,1,02,4,73,270.18601456
5392230,1,2,1,80,73,2,,,,2,,,.,2,,2,,,,,2,1,02,,73,270.18601456
5392231,1,2,1,80,73,2,,,,2,,,.,,,2,,,,,,1,02,,73,224.30680075
5392232,1,4,1,80,73,1,3,,2,,,8,,2,,2,,,,,2,1,02,4,73,267.21916877
5392234,1,1,1,80,73,1,4,,2,,,8,,2,,2,,,,,2,1,02,4,73,329.32737722
5392234,1,3,1,80,73,1,3,,2,,,9,,2,,2,,,,,2,1,02,4,73,329.32737722
5392238,1,3,1,80,73,2,,,,2,,,.,2,,2,,,,,2,1,02,,73,383.13206655
5392238,1,4,1,80,73,2,,,,2,,,.,,,2,,,,,,1,02,,73,383.13206655
5392240,1,1,1,80,73,1,4,,2,,,8,,2,,2,,,,,2,1,02,4,73,270.18601456
5392240,1,2,1,80,73,1,5,,2,,,10,,3,,2,,,,,3,1,02,4,73,270.18601456
5392242,1,1,1,80,76,2,,,,2,,,.,2,,2,,,,,2,1,02,,76,824.38306815
5392242,1,4,1,80,76,1,1,,2,,,4,,1,,2,,,,,2,1,02,3,76,824.38306815
5392242,1,10,1,80,76,2,,,,2,,,.,2,,2,,,,,2,1,02,,76,824.38306815
5392242,1,12,1,80,76,2,,,,2,,,.,2,,2,,2,,908526,2,1,02,,76,824.38306815
5392243,1,3,1,80,76,1,3,,2,,,9,,2,,2,,,,,2,1,02,4,76,1504.7661458
5392243,1,4,1,80,76,2,,,,2,,,.,,,2,,,,,,1,02,,76,1504.7661458
5392244,1,2,1,80,76,1,8,,1,,1,12,SE VA DEL PAIS,2,,2,,1,48,1500000,2,1,02,1.4,76,1008.0547984
5392257,2,2,2,80,76,1,3,,2,,,9,,1,,2,,,,,2,1,02,4,76,939.28486243
5392261,1,1,1,80,76,1,4,,2,,,4,,2,,2,,2,,99,2,1,02,1.2,76,751.11801889
5392261,1,3,1,80,76,2,,,,2,,,.,2,,2,,,,,2,1,02,,76,751.11801889
5392264,1,2,1,80,76,1,2,,2,,,2,,2,,2,,,,,2,1,02,3,76,1002.0779067
5392266,1,5,1,80,76,1,7,,2,,,11,,2,,2,,,,,2,1,02,4,76,1415.4554493
5392269,1,2,1,80,76,1,3,,2,,,9,,1,,2,,1,40,908526,2,1,02,2,76,1423.9735422
5392276,1,1,1,80,76,1,3,,2,,,8,,2,,2,,,,,2,1,02,4,76,1269.8959733
5392277,1,3,1,80,76,2,,,,2,,,.,,,2,,,,,,1,02,,76,1216.1084112
5392277,1,5,1,80,76,1,3,,2,,,9,,2,,2,,,,,2,1,02,4,76,1216.1084112
5392278,1,1,1,80,76,1,7,,2,,,12,FALTA DE RECURSOS PARA INSTALAR NEGOCIO,2,,2,,1,30,780000,2,1,02,1.2,76,1021.953736
5392279,1,3,1,80,76,2,,,,2,,,.,,,2,,,,,,1,02,,76,1394.9467537
5392279,1,6,1,80,76,1,8,,2,,,12,QUIERE ESTUDIAR,2,,1,430000,1,40,908526,2,1,02,1.2,76,1394.9467537
5392283,1,1,1,80,76,1,4,,2,,,4,,1,,2,,2,,908526,2,1,02,3,76,958.98314985
5392399,1,1,1,80,13,2,,,,2,,,.,2,,2,,,,,2,1,02,,13,339.51981738
5392399,1,2,1,80,13,2,,,,2,,,.,2,,2,,,,,2,1,02,,13,339.51981738
5392399,1,4,1,80,13,2,,,,2,,,.,,,2,,,,,,1,02,,13,339.51981738
5392406,1,2,1,80,76,1,7,,2,,,9,,2,,2,,1,40,900000,2,1,02,1.2,76,1160.5530306
5392435,1,1,1,80,11,1,3,,2,,,9,,3,,2,,,,,3,1,02,4,11,2992.8412016
5392435,1,2,1,80,11,2,,,,1,4,8,,3,,2,,,,,2,1,02,,11,2992.8412016
5392435,1,3,1,80,11,2,,,,1,4,1,,3,,2,,,,,3,1,02,,11,2992.8412016
5392435,1,4,1,80,11,2,,,,2,,,.,2,,2,,,,,2,1,02,,11,2992.8412016
5392435,1,5,1,80,11,2,,,,2,,,.,2,,2,,,,,2,1,02,,11,2992.8412016
5392435,1,6,1,80,11,1,5,,2,,,10,,3,,2,,,,,3,1,02,4,11,2992.8412016
5392441,1,2,1,80,23,2,,,,2,,,.,2,,2,,,,,2,1,02,,23,122.23604269
5392441,1,4,1,80,23,2,,,,2,,,.,,,2,,,,,,1,02,,23,122.23604269
5392453,1,3,1,80,66,2,,,,2,,,.,,,2,,,,,,1,02,,66,397.62768605
5392489,1,4,1,80,23,2,,,,2,,,.,2,,2,,,,,2,1,02,,23,159.64595398
5392490,1,2,1,80,23,1,8,,2,,,9,,2,,2,,,,,2,1,02,4,23,223.51764202
5392490,1,4,1,80,23,2,,,,2,,,.,2,,2,,2,,908526,2,1,02,,23,223.51764202
5392496,1,2,1,80,73,1,3,,2,,,9,,2,,2,,,,,2,1,02,2,73,526.27047394
5392525,1,1,1,80,11,1,3,,2,,,9,,2,,2,,,,,2,1,02,2,11,3152.4752498
5392526,1,1,1,80,11,1,4,,2,,,4,,2,,2,,1,40,1200000,2,1,02,4,11,2567.9964382
5392529,1,5,1,80,11,2,,,,2,,,.,2,,2,,2,,908526,2,1,02,,11,3965.8641115
5392532,1,2,1,80,11,2,,,,2,,,.,2,,2,,,,,2,1,02,,11,2523.1953621
5392532,1,3,1,80,11,2,,,,2,,,.,,,2,,,,,,1,02,,11,2523.1953621
5392533,1,1,1,80,11,1,3,,2,,,11,,2,,2,,,,,2,1,02,3,11,2740.0118679
5392533,1,4,1,80,11,2,,,,2,,,.,,,2,,,,,,1,02,,11,2740.0118679
5392534,1,3,1,80,11,2,,,,2,,,.,,,2,,,,,,1,02,,11,4264.6305873
5392543,1,4,1,80,13,2,,,,2,,,.,2,,2,,,,,2,1,02,,13,363.3249379
5392543,1,5,1,80,13,2,,,,2,,,.,2,,2,,,,,2,1,02,,13,363.3249379
5392543,1,6,1,80,13,2,,,,1,3,9,,2,,2,,2,,1000000,2,1,02,,13,363.3249379
5392544,1,1,1,80,13,1,7,,2,,,12,SEGURIDAD PANDEMIA,2,,2,,2,,900000,2,1,02,1.4,13,328.20689082
5392544,1,2,1,80,13,2,,,,2,,,.,2,,2,,,,,2,1,02,,13,328.20689082
5392544,1,4,1,80,13,2,,,,2,,,.,2,,2,,,,,2,1,02,,13,328.20689082
5392544,1,5,1,80,13,1,3,,2,,,9,,2,,2,,,,,2,1,02,3,13,328.20689082
5392550,1,1,1,80,17,1,1,,2,,,1,,2,,2,,,,,2,1,02,1.4,17,190.74139886
5392551,1,3,1,80,17,2,,,,2,,,.,,,2,,,,,,1,02,,17,228.28143163
5392559,1,2,1,80,73,1,3,,2,,,9,,2,,2,,2,,908526,2,1,02,3,73,438.80088991
5392561,1,1,1,80,08,1,6,,2,,,8,,2,,2,,,,,2,1,02,4,08,432.01589839
5392561,1,4,1,80,08,2,,,,2,,,.,2,,2,,,,,2,1,02,,08,432.01589839
5392561,1,5,1,80,08,2,,,,2,,,.,2,,2,,1,48,500000,2,1,02,,08,432.01589839
5392561,1,6,1,80,08,2,,,,2,,,.,2,,2,,,,,2,1,02,,08,432.01589839
5392562,1,3,1,80,08,2,,,,2,,,.,2,,2,,,,,2,1,02,,08,588.24968856
5392562,1,6,1,80,08,1,3,,2,,,9,,2,,2,,,,,2,1,02,4,08,588.24968856
