DIRECTORIO,SECUENCIA_P,ORDEN,HOGAR,REGIS,AREA,P7250,P7260,P7280,P7280S1,P7310,P7320,P7350,P7350S1,P7360,P9460,P7390,P7390S1,P7420,P7420S1,P7420S2,P7420S3,P7420S4,P7420S5,P7420S6,P7420S7,P7420S7A1,P7420S8,P7422,P7422S1,P1806,P1519,P1883,RAMA2D_D_R4,OFICIO1,OFICIO2,DSI,DSCY,RAMA4D_D_R4,MES,DPTO,fex_c_2011
5367063,1,2,1,70,05,40,48,1,,2,44,1,,7,2,1,,,,,,,,,,,1,2,,1500000,2,,43,95,95,1,2,4330,02,05,1157.1889824
5367063,1,3,1,70,05,40,48,1,,2,104,1,,6,2,1,,,,,,,,,,,1,2,,908000,2,,10,55,77,1,2,1081,02,05,1157.1889824
5367064,1,3,1,70,05,16,48,1,,2,20,1,,2,2,1,,,,,,,,,,,1,2,,908000,2,,47,45,45,1,2,4724,02,05,1307.2338945
5367070,1,1,1,70,05,40,48,4,,2,44,4,,1,2,1,,,1,,,,,,,,,2,,908526,1,2,53,37,37,1,2,5320,02,05,1056.6532338
5367071,1,1,1,70,05,29,48,1,,2,29,1,,6,2,2,,,,,,,,,,,1,2,,1000000,2,,79,32,44,1,2,7911,02,05,1256.6482115
5367074,1,2,1,70,05,20,48,1,,2,6,1,,7,2,2,,,,,,,,,,,1,2,,2500000,2,,82,21,21,1,2,8230,02,05,964.62999258
5367081,1,1,1,70,05,2,48,1,,2,2,1,,2,2,4,,,,,,,,,,,1,1,1000000,1600000,2,,49,98,98,1,1,4923,02,05,985.03489681
5367084,1,1,1,70,05,104,48,1,,2,104,2,,9,2,1,,,,,,,,,1,YA ES PENSIONADO,,2,,1500000,3,,85,15,13,1,2,8544,02,05,1488.2383704
5367088,1,1,1,70,05,28,48,3,,2,28,3,,1,2,1,,,,,,,,,,,1,2,,908526,2,,97,54,54,1,2,9700,02,05,1111.6375453
5367088,1,3,1,70,05,5,48,1,,2,5,1,,7,2,1,,,,,,,,,,,1,2,,980000,2,,46,45,45,1,1,4649,02,05,1111.6375453
5367092,1,2,1,70,05,40,48,2,,2,40,1,,8,2,3,,,,,1,,,,,,,2,,2000000,2,,85,13,13,1,2,8530,02,05,1076.3458793
5367094,1,5,1,70,05,12,48,1,,2,36,1,,9,2,1,,,,,,,,,,,1,2,,906000,2,,78,45,55,1,1,7820,02,05,1514.4785614
5367104,1,2,1,70,05,4,48,1,,2,5,1,,7,2,2,,,,,,,,,,,1,2,,908526,2,,43,85,85,1,1,4321,02,05,1434.6422311
5367125,1,1,1,70,05,4,48,1,,2,4,1,,9,2,2,,,,,1,,,,,,,1,1300000,18000000,2,,84,44,44,1,1,8430,02,05,1353.3525833
5367126,1,1,1,70,05,4,48,1,,2,54,4,,1,2,2,,,,,,,,,,,1,2,,908600,2,,88,45,54,1,1,8890,02,05,958.34816104
5367126,1,3,1,70,05,102,48,1,,2,102,1,,9,2,1,,,,,,,,,,,1,2,,1000000,2,,82,38,38,1,2,8220,02,05,958.34816104
5367142,1,1,1,70,08,8,48,1,,2,8,1,,9,2,1,,,,,,,,,,,1,2,,906000,2,,01,98,98,1,1,0126,02,08,623.05617445
5367142,1,5,1,70,08,12,48,1,,2,12,4,,1,2,1,,,,,,,,,,,1,2,,906000,2,,41,95,95,1,1,4111,02,08,623.05617445
5367144,1,3,1,70,08,12,48,1,,2,44,1,,6,2,1,,,,,,,,,,,1,2,,906000,2,,47,45,45,1,1,4771,02,08,780.28402512
5367144,1,4,1,70,08,52,48,1,,2,52,1,,7,2,1,,,,,,,,,,,1,2,,906000,2,,47,45,45,1,2,4771,02,08,780.28402512
5367150,1,1,1,70,13,20,48,1,,2,24,1,,4,1,1,,,,,,,,,,,1,2,,908526,2,,56,53,53,1,2,5619,02,13,325.40419846
5367156,1,2,1,70,13,40,48,1,,2,40,1,,8,2,1,,,,,,,,,,,1,2,,908526,2,,55,55,55,1,2,5511,02,13,427.09550522
5367230,1,1,1,70,17,4,48,1,,2,4,1,,9,2,1,,,,,,,,,,,1,1,908526,908526,2,,80,58,58,1,1,8010,02,17,216.39672357
5367233,1,2,1,70,17,8,48,4,,2,8,4,,1,2,1,,,,,,,,,,,1,2,,908526,2,,41,95,95,1,1,4111,02,17,186.76523763
5367235,1,1,1,70,17,8,48,1,,2,8,1,,9,2,2,,,,,,,,,,,1,2,,908526,2,,82,38,38,1,1,8220,02,17,232.0681391
5367243,1,2,1,70,17,48,48,1,,2,48,1,,2,2,1,,,,,,,,,,,1,2,,908526,2,,41,95,95,1,2,4111,02,17,153.58174729
5367243,1,3,1,70,17,4,48,8,,2,4,8,,3,2,1,,,,,1,,,,,,,2,,908526,2,,01,62,62,1,1,0123,02,17,153.58174729
5367247,1,1,1,70,17,24,48,1,,2,24,1,,3,2,1,,,,,,,,,,,1,2,,908526,2,,56,53,53,1,2,5611,02,17,227.03418206
5367249,1,2,1,70,17,4,48,1,,2,8,1,,9,2,2,,,,,,,,,,,1,2,,2000000,2,,85,32,32,1,1,8551,02,17,216.39672357
5367340,1,1,1,70,23,12,48,1,,2,46,1,,7,2,1,,,,,,,,,,,1,2,,2000000,2,,86,19,19,1,1,8610,02,23,158.14895003
5367346,1,1,1,70,23,40,48,3,,2,40,3,,1,2,1,,,,,,,,,,,1,2,,400000,2,,97,54,54,1,2,9700,02,23,99.438387039
5367346,1,3,1,70,23,20,42,1,,2,40,1,,5,2,1,,,,,,,,,,,1,2,,800000,2,,47,59,45,1,2,4771,02,23,99.438387039
5367347,1,2,1,70,23,48,48,1,,2,48,1,,9,2,1,,,,,,,,,,,1,2,,908526,2,,82,38,38,1,2,8220,02,23,115.61215834
5367348,1,2,1,70,23,52,48,1,,2,4,4,,1,2,1,,,,,,,,,,,1,1,200000,908526,2,,47,45,45,1,2,4719,02,23,178.45902204
5367352,1,2,1,70,23,8,30,1,,2,20,1,,2,2,4,,,,,,,,,,,1,2,,908526,2,,47,40,40,1,1,4772,02,23,120.42892367
5367355,1,1,1,70,23,28,48,1,,2,28,4,,1,2,1,,,,,,,,,,,1,2,,1000000,2,,47,45,41,1,2,4773,02,23,118.89809496
5367517,1,3,1,70,50,52,48,1,,1,,,,,,,,.,,,,,,,,.,,,,2500000,,,,13,,1,2,.,02,50,250.30162679
5367520,1,1,1,70,50,8,48,1,,2,8,4,,9,2,1,,,,1,,,,,,,,2,,1200000,1,1,88,13,13,1,1,8890,02,50,277.45631955
5367522,1,2,1,70,50,20,48,1,,1,,,,,,,,.,,,,,,,,.,,,,1200000,,,,18,,1,2,.,02,50,191.15126464
5367523,1,1,1,70,50,50,48,1,,2,50,1,,9,2,7,,,,,,,,,,,1,2,,950000,2,,49,98,98,1,2,4921,02,50,343.46369854
5367530,1,3,1,70,50,32,40,1,,2,9,1,,2,2,1,,,,,,,,,,,1,2,,900000,2,,47,45,55,1,2,4722,02,50,250.30162679
5367536,1,2,1,70,50,50,48,1,,2,50,1,,3,2,1,,,,,,,,,,,1,2,,1200000,2,,52,39,39,1,2,5221,02,50,251.4704181
5367538,1,1,1,70,50,24,48,1,,2,3,1,,2,2,4,,,,,,,,,,,1,1,500000,1000000,2,,47,98,97,1,2,4752,02,50,343.46369854
5367539,1,1,1,70,50,2,48,4,,2,2,4,,1,2,4,,,,,,,,,,,1,1,400000,906000,2,,25,83,83,1,1,2511,02,50,318.55501752
5367542,1,2,1,70,50,3,48,1,,2,3,4,,9,2,2,,,,,,,,,,,1,1,1500000,1000000,2,,86,45,59,1,1,8621,02,50,419.81416867
5367548,1,2,1,70,50,8,48,1,,2,8,1,,3,2,1,,,,,,,,,,,1,2,,900000,2,,47,45,45,1,1,4771,02,50,333.50911376
5367549,1,1,1,70,50,45,48,1,,2,45,1,,4,2,1,,,,,1,,,,,,,2,,1200000,3,,47,45,45,1,2,4752,02,50,277.45631955
5367550,1,2,1,70,50,30,48,1,,2,35,1,,4,2,1,,,,,,,,,,,1,2,,1500000,2,,69,12,12,1,2,6910,02,50,452.24531168
5367551,1,1,1,70,50,5,48,1,,2,5,1,,2,2,1,,,,,1,,,,,,,1,400000,900000,2,,41,95,95,1,1,4111,02,50,230.84848816
5367567,1,3,1,70,52,24,48,1,,2,24,2,,9,2,1,,,,,,,,,,,1,2,,3000000,2,,84,12,12,1,2,8412,02,52,107.42347068
5367567,1,4,1,70,52,12,48,1,,2,30,1,,4,2,2,,,,,,,,,,,1,2,,1500000,2,,85,19,13,1,1,8551,02,52,107.42347068
5367571,1,2,1,70,52,5,48,3,,2,5,1,,9,2,1,,,,,,,,,,,1,2,,877803,2,,10,54,45,1,1,1011,02,52,243.88791678
5367576,1,3,1,70,52,104,40,2,,1,,,,,,,,.,,,,,,,,.,,,,908526,,,,32,,1,2,.,02,52,125.88242015
5367600,1,2,1,70,52,25,40,1,,2,3,1,,9,2,2,,,,,,,,,,,1,1,1500000,1500000,2,,51,21,21,1,2,5111,02,52,164.67436758
5367605,1,2,1,70,52,52,48,3,,1,,,,,,,,.,,,,,,,,.,,,,200000,,,,54,,1,2,.,02,52,107.42347068
5367605,1,3,1,70,52,12,25,1,,1,,,,,,,,.,,,,,,,,.,,,,100000,,,,45,,1,1,.,02,52,107.42347068
5367607,1,2,1,70,52,9,48,1,,2,9,1,,2,2,6,,,,,,,,,,,1,2,,877803,2,,47,58,45,1,1,4752,02,52,269.0641294
5367612,1,2,1,70,52,21,48,1,,2,21,1,,2,2,1,,,,,,,,,,,1,2,,908526,2,,45,53,87,1,2,4520,02,52,184.06728305
5367619,1,2,1,70,52,16,40,4,,2,8,4,,1,2,8,,,,,,,,,,,1,2,,800000,2,,47,45,45,1,2,4772,02,52,269.0641294
5367624,1,1,1,70,52,6,40,1,,2,12,1,,9,2,8,,,,,,,,,,,1,2,,908526,2,,47,45,45,1,1,4719,02,52,242.70656226
5367627,1,1,1,70,52,40,48,3,,2,42,3,,1,2,1,,,,,,,,,,,1,2,,250000,2,,97,54,54,1,2,9700,02,52,164.67436758
5367627,1,2,1,70,52,36,16,1,,2,36,4,,1,2,1,,,,,,,,,,,1,2,,200000,2,,85,45,59,1,2,8559,02,52,164.67436758
5367629,1,3,1,70,52,26,20,1,,2,84,1,,3,2,8,,,,,,,,,,,1,2,,700000,2,,47,33,45,1,2,4771,02,52,162.236833
5367630,1,1,1,70,52,56,48,1,,2,56,4,,9,2,1,,,,,,,,,,,1,2,,900000,2,,84,37,58,1,2,8412,02,52,207.91332442
5367630,1,3,1,70,52,156,40,2,,2,156,1,,2,2,4,,,,,,,,,,,1,2,,1500000,2,,69,12,12,1,2,6910,02,52,207.91332442
5367633,1,1,1,70,52,52,48,1,,2,52,1,,3,2,1,,,,,,,,,1,YA ES PENSIONADO,,2,,2000000,3,,85,13,13,1,2,8559,02,52,182.3713561
5367637,1,2,1,70,52,5,25,4,,2,40,4,,2,2,2,,,,,,,,,,,1,2,,500000,2,,90,17,17,1,1,9008,02,52,152.66336887
5367651,1,1,1,70,52,40,40,3,,2,44,3,,1,2,1,,,,,,,,,,,1,1,40000,400000,2,,97,54,59,1,2,9700,02,52,155.54065035
5367666,1,1,1,70,54,52,48,1,,2,52,1,,2,2,1,,,,,,,,,,,1,2,,850000,2,,46,97,97,1,2,4631,02,54,299.42077225
5367669,1,1,1,70,54,8,48,1,,2,156,1,,9,2,1,,,,,,,,,,,1,2,,908000,2,,86,33,32,1,1,8610,02,54,344.93875996
5367671,1,2,1,70,54,2,48,4,,2,2,4,,1,2,1,,,,,,,,,,,1,2,,980000,2,,56,53,53,1,1,5611,02,54,403.01502404
5367678,1,1,1,70,54,5,48,4,,2,5,4,,9,2,1,,,,,,,,,,,1,2,,930000,2,,84,18,18,1,1,8413,02,54,447.72738156
5367762,1,2,1,70,68,44,40,1,,2,44,1,,3,2,1,,,,,,,,,,,1,2,,1200000,2,,56,53,53,1,2,5611,02,68,480.95889502
5367763,1,1,1,70,68,36,40,1,,2,36,1,,9,2,1,,,,,,,,,,,1,2,,1200000,2,,51,39,58,1,2,5111,02,68,585.76529218
5367763,1,2,1,70,68,8,48,1,,2,8,1,,9,2,1,,,,,,,,,,,1,2,,1300000,2,,06,02,97,1,1,0610,02,68,585.76529218
5367765,1,3,1,70,68,40,56,1,,2,40,1,,2,2,1,,,,,,,,,,,1,2,,908526,2,,41,95,95,1,2,4111,02,68,626.81324695
5367769,2,5,2,70,68,1,48,3,,2,8,1,,4,2,3,,,,,,,,,,,1,2,,1000000,2,,56,54,53,1,1,5611,02,68,631.1741544
5367773,1,3,1,70,68,5,48,1,,2,40,1,,2,2,1,,,,,,,,,,,1,2,,908526,2,,47,39,40,1,1,4761,02,68,374.60679497
5367776,1,3,1,70,68,17,48,1,,2,17,1,,4,2,1,,,1,,,,,,,,,2,,2500000,1,1,55,50,50,1,2,5511,02,68,387.24934927
5367787,1,2,1,70,68,4,48,1,,2,68,4,,2,2,1,,,,,,,,,,,1,2,,906000,2,,14,99,79,1,1,1410,02,68,704.42764385
5367797,1,2,1,70,68,8,48,1,,2,6,1,,2,2,7,,,,,,,,,,,1,2,,900000,2,,41,95,95,1,1,4111,02,68,624.27159707
5367797,1,4,1,70,68,16,48,1,,2,16,4,,1,2,7,,,,,,,,,,,1,2,,908000,2,,85,53,13,1,2,8559,02,68,624.27159707
5367797,1,7,1,70,68,4,48,1,,2,4,1,,1,2,7,,,,,,,,,,,1,2,,908000,2,,45,95,93,1,1,4520,02,68,624.27159707
5367810,1,2,1,70,68,36,24,4,,2,70,6,,2,2,1,,,,,,,,,,,1,2,,800000,2,,47,41,45,1,2,4721,02,68,686.8062714
5367812,1,1,1,70,68,32,48,1,,2,32,4,,1,2,1,,,,,,,,,,,1,2,,2000000,2,,47,95,41,1,2,4752,02,68,294.25227661
5367812,1,4,1,70,68,6,48,1,,1,,,,,,,,.,,,,,,,,.,,,,909000,,,,44,,1,1,.,02,68,294.25227661
5367813,1,2,1,70,68,28,48,1,,2,6,1,,2,2,1,,,,,,,,,,,1,2,,908526,2,,69,39,33,1,2,6920,02,68,487.30132257
5367816,1,1,1,70,68,24,48,1,,2,24,4,,1,2,1,,,1,,1,,,,,,,2,,3000000,1,2,86,08,08,1,2,8621,02,68,660.62353829
5367816,1,2,1,70,68,32,48,1,,2,250,1,,9,2,2,,,,,,,,,,,1,2,,2000000,2,,86,05,05,1,2,8610,02,68,660.62353829
5367818,1,4,1,70,68,36,48,3,,2,36,3,,1,2,7,,,,,,,,,,,1,2,,1100000,2,,97,54,54,1,2,9700,02,68,280.09634706
5367827,1,4,1,70,68,20,48,1,,2,20,1,,3,2,7,,,,,,,,,,,1,2,,1100000,2,,10,95,97,1,2,1040,02,68,408.23794512
5367831,1,4,1,70,68,8,48,1,,2,8,1,,2,2,1,,,,,,,,,,,1,2,,908526,2,,41,95,95,1,1,4111,02,68,453.11347545
5367832,1,3,1,70,68,36,48,1,,2,56,1,,9,2,1,,,,,,,,,,,1,2,,1500000,2,,25,05,02,1,2,2599,02,68,505.41077381
5367832,1,4,1,70,68,52,48,1,,2,52,1,,5,2,2,,,,,,,,,,,1,2,,1200000,2,,82,38,44,1,2,8291,02,68,505.41077381
5367832,1,5,1,70,68,16,48,1,,2,20,1,,3,2,2,,,,,,,,,,,1,2,,900000,2,,46,45,45,1,2,4649,02,68,505.41077381
5367834,1,3,1,70,68,12,48,1,,2,12,1,,3,2,2,,,,,,,,,,,1,2,,900000,2,,47,45,45,1,1,4773,02,68,597.51340293
5367850,1,2,1,70,68,32,24,1,,2,32,1,,4,2,2,,,,,,,,,,,1,2,,1000000,2,,25,30,30,1,2,2599,02,68,629.06847061
5367894,1,4,1,70,73,8,40,4,,2,8,4,,9,2,4,,,,,,,,,,,1,2,,1000000,2,,85,13,13,1,1,8544,02,73,314.95980942
5367910,1,2,1,70,73,2,48,1,,2,2,1,,4,2,1,,,,,,,,,,,1,1,908526,908526,2,,14,45,79,1,1,1410,02,73,326.93977291
5367913,1,2,1,70,73,12,48,1,,2,680,1,,9,2,4,,,,,,,,,,,1,2,,900000,2,,61,45,45,1,1,6110,02,73,341.71571859
5367917,1,1,1,70,73,16,48,1,,2,16,3,,1,2,1,,,,,,,,,,,1,2,,1000000,2,,97,59,59,1,2,9700,02,73,326.20246794
5367917,1,2,1,70,73,12,48,1,,2,12,1,,3,2,1,,,,,,,,,,,1,2,,1200000,2,,93,18,18,1,1,9311,02,73,326.20246794
5367923,1,1,1,70,73,8,60,5,,2,8,5,,2,2,2,,,,,,,,,,,1,2,,1200000,2,,41,95,95,1,1,4111,02,73,281.23639936
5367931,1,1,1,70,73,8,48,1,,2,12,1,,3,2,1,,,,,,,,,,,1,2,,950000,2,,56,53,53,1,1,5611,02,73,254.24613457
5367931,1,2,1,70,73,56,48,1,,2,56,1,,3,2,1,,,,,,,,,,,1,2,,908800,2,,56,95,53,1,2,5611,02,73,254.24613457
5367950,1,3,1,70,73,5,48,1,,2,5,1,,7,2,4,,,,,,,,,,,1,2,,950000,2,,47,45,45,1,1,4723,02,73,516.54107478
5367951,1,1,1,70,73,6,48,4,,2,6,4,,1,2,3,,,,,,,,,,,1,2,,1000000,2,,49,98,98,1,1,4921,02,73,166.42621333
5367953,1,3,1,70,73,44,48,1,,2,44,1,,5,2,4,,,,,,,,,,,1,2,,908000,2,,82,53,95,1,2,8230,02,73,329.32737722
5367954,1,3,1,70,73,8,48,1,,2,8,1,,3,2,4,,,,,,,,,,,1,2,,800000,2,,56,95,53,1,1,5611,02,73,371.05424995
5367956,1,2,1,70,73,11,48,1,,2,49,3,,1,2,1,,,,,,,,,,,1,2,,908526,2,,97,55,54,1,1,9700,02,73,155.37582853
5367957,1,3,1,70,73,80,48,1,,2,80,1,,9,2,2,,,,,,,,,,,1,2,,908000,2,,86,59,59,1,2,8610,02,73,310.43842821
5367958,1,3,1,70,73,60,48,1,,2,60,1,,2,2,1,,,,,,,,,,,1,2,,908526,2,,56,53,53,1,2,5611,02,73,409.01961959
5367963,1,2,1,70,73,108,44,1,,2,16,4,,1,2,1,,,,,,,,,,,1,2,,1400000,2,,47,45,41,1,2,4772,02,73,309.33571646
5367971,1,1,1,70,73,44,60,4,,2,44,4,,1,2,1,,,,,,,,,,,1,2,,1000000,2,,96,57,57,1,2,9602,02,73,277.18461859
5367978,1,2,1,70,73,26,48,1,,2,44,1,,8,2,4,,,,,,,,,,,1,2,,1000000,2,,86,55,55,1,2,8610,02,73,194.52553043
5367996,1,3,1,70,73,12,48,1,,2,12,1,,3,2,1,,,,,,,,,,,1,2,,908000,2,,10,33,33,1,1,1081,02,73,154.95747897
5368012,1,1,1,70,76,12,112,4,,2,16,4,,1,2,1,,,,,,,,,,,1,2,,1500000,1,2,49,98,98,1,1,4921,02,76,1223.5236167
5368012,1,3,1,70,76,24,40,1,,1,,,,,,,,.,,,,,,,,.,,,,908526,,,,39,,1,2,.,02,76,1223.5236167
5368037,1,3,1,70,76,2,48,1,,2,104,1,,9,2,8,,,,,,,,,,,1,2,,1500000,2,,86,19,19,1,1,8621,02,76,737.71498168
5368039,1,2,1,70,76,12,48,1,,2,52,4,,1,2,6,,,,,1,,,,,,,2,,908526,2,,53,39,37,1,1,5320,02,76,890.21321386
5368042,1,1,1,70,76,10,50,5,,2,10,5,,4,2,1,,,,,,,,,,,1,2,,1500000,2,,41,95,95,1,1,4111,02,76,752.69735558
5368043,1,2,1,70,76,12,48,1,,2,44,1,,3,2,2,,,,,,,,,,,1,2,,908526,2,,14,79,79,1,1,1410,02,76,1084.4284217
5368048,1,3,1,70,76,104,48,1,,2,156,1,,5,2,1,,,,,,,,,,,1,2,,908526,2,,10,45,45,1,2,1084,02,76,764.44958347
5368048,1,4,1,70,76,46,48,1,,2,48,1,,7,2,1,,,,,,,,,,,1,2,,908526,2,,56,32,53,1,2,5613,02,76,764.44958347
5368049,1,1,1,70,76,52,48,1,,2,52,1,,3,2,1,,,,,,,,,,,1,2,,908526,2,,14,13,79,1,2,1410,02,76,882.858541
5368053,1,3,1,70,76,4,48,1,,2,53,1,,2,2,1,,,,,,,,,,,1,2,,908526,2,,47,45,45,1,1,4723,02,76,1062.0308423
5368055,1,3,1,70,76,4,48,1,,2,52,1,,4,2,1,,,,,,,,,,,1,2,,908526,2,,47,45,45,1,1,4771,02,76,798.61033077
5368058,1,1,1,70,76,1,15,4,,2,56,7,,2,2,1,,,,,,,,,,,1,2,,480000,2,,47,55,45,1,1,4711,02,76,764.93697285
5368058,1,2,1,70,76,6,48,1,,2,7,1,,5,2,7,,,,,,,,,,,1,2,,1000000,2,,37,03,03,1,1,3700,02,76,764.93697285
5368058,1,4,1,70,76,2,18,4,,2,208,3,,1,2,1,,,,,,,,,,,1,2,,480000,2,,97,55,54,1,1,9700,02,76,764.93697285
5368058,1,5,1,70,76,5,40,1,,2,40,4,,2,2,7,,,,,,,,,,,1,2,,98,2,,47,45,45,1,1,4791,02,76,764.93697285
5368060,1,1,1,70,76,2,48,1,,2,3,1,,9,2,9,EL DINERO DE LA LIQUIDACION,,,,,,,,,,1,1,976000,2200000,2,,86,07,07,1,1,8621,02,76,1205.4280084
5368062,1,2,1,70,76,25,20,1,,2,100,1,,3,2,1,,,,,,,,,,,1,2,,450000,2,,82,38,39,1,2,8230,02,76,1317.4488178
5368065,1,1,1,70,76,48,48,4,,2,48,3,,1,2,1,,,,,,,,,,,1,2,,800000,2,,97,54,54,1,2,9700,02,76,979.74085993
5368068,1,2,1,70,76,3,40,4,,2,3,4,,1,2,2,,,,,,,,,,,1,2,,908526,2,,95,79,79,1,1,9529,02,76,1160.5530306
5368069,1,3,1,70,76,12,48,1,,1,,,,,,,,.,,,,,,,,.,,,,908526,,,,59,,1,1,.,02,76,1368.6066434
5368071,1,2,1,70,76,5,30,3,,2,56,4,,1,2,1,,,,,,,,,,,1,2,,908526,2,,56,54,53,1,1,5611,02,76,992.67793308
5368072,1,2,1,70,76,104,48,1,,2,104,1,,9,2,2,,,,,,,,,,,1,2,,908526,2,,14,45,45,1,2,1410,02,76,1048.6883378
5368073,1,2,1,70,76,100,48,1,,2,100,1,,5,2,2,,,,,,,,,,,1,2,,906000,2,,21,97,97,1,2,2100,02,76,981.32019662
5368078,1,2,1,70,76,3,48,1,,2,3,1,,3,2,1,,,,,,,,,,,1,1,225000,908526,2,,56,37,97,1,1,5619,02,76,853.83175259
5368078,1,3,1,70,76,58,48,1,,2,7,4,,2,2,1,,,,,,,,,,,1,2,,908526,2,,47,45,41,1,2,4771,02,76,853.83175259
5368082,1,4,1,70,76,4,48,1,,1,,,,,,,,.,,,,,,,,.,,,,908526,,,,18,,1,1,.,02,76,1283.7754599
5368083,1,1,1,70,76,5,48,2,,2,5,4,,9,2,1,,,1,,,,,,,,,2,,3000000,1,2,84,19,19,1,1,8412,02,76,981.32019662
5368083,1,2,1,70,76,5,48,2,,2,5,4,,9,2,1,,,1,,,,,,,,,2,,2700000,1,2,85,08,08,1,1,8544,02,76,981.32019662
5368084,1,1,1,70,76,58,48,2,,2,58,4,,9,2,4,,,,,,,,,,,1,2,,1500000,2,,85,21,21,1,2,8544,02,76,981.32019662
5368085,1,1,1,70,76,42,60,1,,2,45,1,,2,2,1,,,,,,,,,,,1,2,,900000,2,,41,95,95,1,2,4111,02,76,1151.6404464
5368085,1,2,1,70,76,25,48,3,,2,25,1,,3,2,1,,,,,,,,,,,1,2,,600000,2,,47,54,45,1,2,4772,02,76,1151.6404464
5368087,1,2,1,70,76,8,48,1,,2,11,1,,9,2,1,,,,,,,,,,,1,2,,908526,2,,14,97,79,1,1,1410,02,76,1269.8959733
5368090,1,1,1,70,76,8,48,1,,2,9,4,,2,2,1,,,,,,,,,,,1,2,,906000,2,,15,80,80,1,1,1521,02,76,1021.953736
5368094,1,3,1,70,76,4,48,1,,2,52,4,,9,2,1,,,,,,,,,,,1,2,,908526,2,,84,58,58,1,1,8414,02,76,1325.9278033
5368098,1,1,1,70,76,50,48,4,,2,30,4,,1,2,1,,,,,,,,,,,1,2,,900000,2,,47,45,45,1,2,4772,02,76,1347.8489333
5368101,1,1,1,70,76,75,48,4,,2,75,4,,1,2,1,,,,,,,,,,,1,2,,908526,2,,49,98,98,1,2,4921,02,76,1021.953736
5368102,1,2,1,70,76,4,50,1,,2,6,1,,4,2,8,,,,,,,,,,,1,2,,1200000,2,,41,95,95,1,1,4111,02,76,1002.0779067
5368106,1,1,1,70,76,31,48,4,,2,31,4,,1,2,7,,,,,,,,,,,1,2,,908526,2,,31,95,95,1,2,3110,02,76,1283.7754599
5368107,1,3,1,70,76,52,48,1,,2,66,1,,4,2,7,,,,,,,,,,,1,2,,908526,2,,47,58,45,1,2,4771,02,76,1006.4754617
5368268,1,2,1,70,11,45,48,1,,2,45,1,,2,2,7,,,,,,,,,,,1,2,,908526,2,,49,53,54,1,2,4921,02,11,2459.0712328
5368270,1,1,1,70,11,48,48,4,,2,40,4,,1,2,2,,,,,,,,,,,1,2,,2000000,2,,46,41,41,1,2,4669,02,11,2966.5530085
5368270,1,3,1,70,11,8,48,1,,2,8,1,,3,2,8,,,,,,,,,,,1,2,,1300000,2,,56,53,53,1,1,5611,02,11,2966.5530085
5368271,1,2,1,70,11,1,48,4,,2,28,4,,1,2,2,,,,,,,,,,,1,2,,908526,2,,81,54,54,1,1,8121,02,11,4682.7387081
5368281,1,2,1,70,11,30,48,1,,2,30,1,,9,2,2,,,,,,,,,,,1,2,,2500000,2,,64,11,11,1,2,6499,02,11,2340.5822593
5368283,1,3,1,70,11,52,48,1,,2,40,1,,9,2,8,,,,,,,,,,,1,2,,908000,2,,56,53,53,1,2,5613,02,11,3465.946143
5368283,1,5,1,70,11,52,48,1,,2,110,1,,2,2,8,,,,,,,,,,,1,2,,908000,2,,47,45,45,1,2,4719,02,11,3465.946143
5368284,1,1,1,70,11,45,48,4,,2,45,4,,1,2,1,,,,,,,,,,,1,2,,2100000,3,,25,83,83,1,2,2511,02,11,3636.3434936
5368285,1,2,1,70,11,5,48,1,,2,44,1,,7,2,2,,,,,,,,,,,1,2,,1100000,2,,43,39,39,1,1,4321,02,11,4496.8164668
5368287,1,6,1,70,11,1,48,1,,2,36,1,,2,2,8,,,,,,,,,,,1,2,,900000,2,,56,45,45,1,1,5619,02,11,2358.4427504
5368296,1,2,1,70,11,4,48,1,,2,4,1,,9,2,1,,,1,,,,,,,,,2,,908000,2,,86,38,39,1,1,8610,02,11,3111.1645458
5368298,1,1,1,70,11,4,48,1,,2,3,1,,9,2,1,,,,,,,,,,,1,1,1100000,1100000,2,,64,03,03,1,1,6412,02,11,3343.3504253
5368300,1,3,1,70,11,4,48,1,,2,6,4,,4,2,8,,,,,,,,,,,1,2,,1500000,2,,85,15,44,1,1,8559,02,11,2489.9654973
5368301,1,3,1,70,11,44,48,1,,2,44,1,,4,2,1,,,,,,,,,,,1,2,,900000,2,,85,13,13,1,2,8512,02,11,3414.5740535
5368312,1,3,1,70,11,1,48,2,,1,,,,,,,,.,,,,,,,,.,,,,908526,,,,39,,1,1,.,02,11,2584.9838911
5368315,1,2,1,70,11,8,48,1,,2,8,8,,2,2,7,,,,,,,,,,,1,2,,850000,2,,01,53,62,1,1,0121,02,11,2755.3812417
5368319,1,1,1,70,11,48,48,1,,2,144,1,,8,2,2,,,,,,,,,,,1,2,,908526,2,,60,39,59,1,2,6020,02,11,2672.5786
5368320,1,2,1,70,11,8,48,1,,2,24,1,,9,2,1,,,,,,,,,,,1,2,,1000000,2,,46,33,03,1,1,4659,02,11,2897.6571785
5368321,1,1,1,70,11,52,56,1,,2,110,1,,9,2,2,,,,,,,,,,,1,2,,1500000,2,,93,39,39,1,2,9329,02,11,3343.3504253
5368325,1,1,1,70,11,8,48,2,,2,24,1,,9,2,2,,,,,,,,,,,1,2,,1800000,2,,49,39,39,1,1,4923,02,11,2340.5822593
5368329,1,4,1,70,11,16,48,1,,2,24,1,,4,2,2,,,,,,,,,,,1,2,,900000,2,,69,21,33,1,2,6920,02,11,2844.7470944
5368331,1,2,1,70,11,24,48,1,,1,,,,,,,,.,,,,,,,,.,,,,900000,,,,39,,1,2,.,02,11,2717.3796761
5368336,1,1,1,70,11,20,60,4,,2,20,4,,1,2,1,,,,,,,,,,,1,2,,900000,2,,73,86,86,1,2,7310,02,11,4682.7387081
5368337,1,1,1,70,11,44,48,1,,2,44,3,,1,2,7,,,,,,,,,,,1,2,,910000,2,,97,55,54,1,2,9700,02,11,2904.7644796
5368339,1,1,1,70,11,6,48,1,,2,6,1,,9,2,7,,,,,,,,,,,1,2,,1100000,2,,47,33,33,1,1,4711,02,11,3080.2702813
5368343,1,1,1,70,11,44,24,1,,2,44,1,,6,2,1,,,,,,,,,,,1,2,,450000,3,,49,36,36,1,2,4921,02,11,2897.6571785
5368354,1,1,1,70,11,3,48,1,,2,3,1,,9,2,1,,,,,,,,,,,1,1,1000000,1500000,2,,12,45,45,1,1,1200,02,11,2740.0118679
5368355,1,1,1,70,11,24,48,2,,2,24,1,,4,2,2,,,,,,,,,,,1,2,,1500000,2,,85,13,13,1,2,8512,02,11,2822.8145095
5368358,1,3,1,70,11,40,48,1,,2,9,1,,9,2,4,,,,,,,,,,,1,2,,908000,2,,78,39,39,1,2,7810,02,11,2295.7811833
5368358,1,4,1,70,11,6,48,1,,2,40,1,,9,2,4,,,,,,,,,,,1,2,,908000,2,,59,59,33,1,1,5914,02,11,2295.7811833
5368362,1,2,1,70,11,24,48,1,,2,24,1,,4,2,1,,,,,,,,,,,1,2,,908526,2,,79,44,44,1,2,7911,02,11,2471.286985
5368363,1,3,1,70,11,60,48,2,,2,36,1,,5,2,4,,,,,,,,,,,1,2,,3000000,2,,68,13,59,1,2,6820,02,11,3629.2361925
5368369,1,2,1,70,11,8,48,1,,2,8,1,,6,2,2,,,,,,,,,,,1,2,,908526,2,,85,13,13,1,1,8512,02,11,2703.4728645
5368371,1,1,1,70,11,2,48,1,,2,44,1,,9,2,1,,,,,,,,,,,1,2,,900000,2,,85,36,36,1,1,8530,02,11,2866.762914
5368373,1,1,1,70,11,52,48,1,,2,52,1,,9,2,1,,,1,,,,,,,,,2,,2200000,1,2,86,08,08,1,2,8691,02,11,2920.4628017
5368373,1,3,1,70,11,8,48,1,,2,24,4,,1,2,2,,,,,,,,,,,1,2,,1800000,2,,85,38,13,1,1,8559,02,11,2920.4628017
5368377,1,2,1,70,11,48,48,3,,2,48,3,,1,2,2,,,,,,,,,,,1,2,,908526,2,,97,59,59,1,2,9700,02,11,2786.2755062
5368377,1,3,1,70,11,48,48,1,,2,48,1,,3,2,2,,,,,,,,,,,1,2,,908526,2,,95,08,85,1,2,9511,02,11,2786.2755062
5368378,1,2,1,70,11,16,40,1,,2,16,4,,9,2,1,,,,,,,,,,,1,2,,1800000,2,,85,12,19,1,2,8544,02,11,2935.6587441
5368382,1,3,1,70,11,1,48,1,,1,,,,,,,,.,,,,,,,,.,,,,908000,,,,33,,1,1,.,02,11,4198.049991
5368385,1,1,1,70,11,8,48,1,,2,8,1,,9,2,4,,,,,,,,,,,1,2,,908526,2,,68,39,58,1,1,6820,02,11,3121.5809853
5368392,1,2,1,70,11,43,48,1,,2,104,1,,9,2,2,,,,,,,,,,,1,2,,1100000,2,,85,58,58,1,2,8530,02,11,2734.367129
5368398,1,1,1,70,11,12,48,1,,2,52,1,,9,2,2,,,,,1,,,,,,,2,,908526,2,,47,45,45,1,1,4773,02,11,2848.0844018
5368398,1,2,1,70,11,8,48,1,,2,8,1,,3,2,8,,,,,,,,,,,1,2,,908526,2,,14,39,79,1,1,1410,02,11,2848.0844018
5368400,1,3,1,70,11,44,48,1,,1,,,,,,,,.,,,,,,,,.,,,,2800000,,,,21,,1,2,.,02,11,2471.286985
5368400,1,4,1,70,11,4,48,1,,2,4,1,,4,2,2,,,,,,,,,,,1,2,,877000,2,,46,59,33,1,1,4631,02,11,2471.286985
5368401,1,3,1,70,11,3,48,1,,2,3,1,,4,2,2,,,,,,,,,,,1,2,,1800000,2,,25,87,87,1,1,2511,02,11,2108.3963798
5368405,1,3,1,70,11,4,48,1,,1,,,,,,,,.,,,,,,,,.,,,,900000,,,,45,,1,1,.,02,11,2703.4728645
5368406,1,2,1,70,11,44,48,1,,2,44,1,,3,2,8,,,,,,,,,,,1,2,,2000000,2,,62,03,03,1,2,6201,02,11,2897.6571785
5368410,1,1,1,70,11,4,50,1,,2,4,1,,9,2,3,,,,,,,,,,,1,2,,908526,2,,95,45,03,1,1,9511,02,11,3163.0729229
5368411,1,4,1,70,11,152,48,1,,2,20,1,,3,2,1,,,,,,,,,,,1,2,,908526,2,,46,39,45,1,2,4649,02,11,2706.782003
5368413,1,2,1,70,11,52,48,1,,2,52,4,,1,2,2,,,,,,,,,,,1,2,,908526,2,,81,55,55,1,2,8121,02,11,5109.9065074
5368415,1,1,1,70,11,12,48,1,,2,12,1,,9,2,8,,,,,,,,,,,1,2,,900000,2,,53,98,98,1,1,5320,02,11,2786.2755062
5368418,1,2,1,70,11,28,48,1,,2,65,1,,4,2,1,,,,,,,,,,,1,2,,908000,2,,55,53,53,1,2,5511,02,11,3297.086787
5368421,1,2,1,70,11,48,48,1,,1,,,,,,,,.,,,,,,,,.,,,,908000,,,,39,,1,2,.,02,11,6549.0859954
5368421,1,3,1,70,11,48,48,1,,2,48,1,,4,2,1,,,,,,,,,,,1,2,,908000,2,,64,39,21,1,2,6499,02,11,6549.0859954
5368421,1,7,1,70,11,32,48,1,,2,32,1,,9,2,3,,,,,1,,,,,,,2,,908000,2,,55,53,53,1,2,5511,02,11,6549.0859954
5368421,1,8,1,70,11,48,48,1,,2,12,1,,5,2,4,,,,,,,,,,,1,2,,908000,2,,64,11,21,1,2,6499,02,11,6549.0859954
5368423,1,2,1,70,11,24,48,3,,2,54,3,,1,2,1,,,1,,,,,,,,,2,,600000,1,1,97,54,54,1,2,9700,02,11,2897.6571785
5368434,1,4,1,70,11,16,84,1,,2,52,1,,9,2,7,,,,,,,,,,,1,2,,908000,2,,47,45,45,1,2,4772,02,11,4146.1416139
5368434,1,5,1,70,11,12,48,1,,1,,,,,,,,.,,,,,,,,.,,,,908000,,,,39,,1,1,.,02,11,4146.1416139
5368441,1,1,1,70,11,52,48,1,,2,52,1,,4,2,1,,,,,,,,,,,1,2,,908526,2,,68,33,44,1,2,6820,02,11,5387.2023643
5368448,1,1,1,70,11,40,40,1,,2,52,4,,9,2,1,,,,,,,,,,,1,2,,1200000,2,,29,95,03,1,2,2910,02,11,3053.4827611
5368448,1,2,1,70,11,80,48,1,,2,80,1,,9,2,1,,,,,,,,,,,1,2,,1400000,2,,82,38,38,1,2,8220,02,11,3053.4827611
5368448,1,3,1,70,11,12,48,1,,1,,,,,,,,.,,,,,,,,.,,,,900000,,,,38,,1,1,.,02,11,3053.4827611
5368448,1,6,1,70,11,16,48,1,,2,20,4,,4,2,1,,,,,,,,,,,1,2,,1800000,2,,31,95,95,1,2,3110,02,11,3053.4827611
5368452,1,1,1,70,11,40,48,1,,2,4,1,,9,2,1,,,,,,,,,,,1,2,,908700,2,,86,59,59,1,2,8621,02,11,2384.2285637
5368453,1,4,1,70,11,208,48,1,,2,208,4,,1,2,4,,,1,,,,,,,,,2,,908526,1,1,88,39,54,1,2,8890,02,11,3221.5445112
5368458,1,1,1,70,11,12,48,1,,2,104,3,,1,2,2,,,,,,,,,,,1,2,,908526,2,,97,13,54,1,1,9700,02,11,2634.5770345
5368467,2,2,2,70,11,8,48,1,,2,8,1,,3,2,2,,,,,,,,,,,1,2,,908526,2,,56,53,53,1,1,5611,02,11,2489.9654973
5368479,1,3,1,70,11,98,48,1,,1,,,,,,,,.,,,,,,,,.,,,,1200000,,,,38,,1,2,.,02,11,3247.6670751
5368479,1,4,1,70,11,10,48,1,,1,,,,,,,,.,,,,,,,,.,,,,1000000,,,,38,,1,1,.,02,11,3247.6670751
5368480,1,5,1,70,11,8,48,1,,2,8,1,,4,2,8,,,,,,,,,,,1,2,,908526,2,,42,97,95,1,1,4210,02,11,3183.3695143
5368481,1,5,1,70,11,10,48,1,,2,10,1,,6,2,7,,,,,,,,,,,1,2,,908526,2,,47,33,33,1,1,4721,02,11,4487.0918319
5368491,1,2,1,70,11,204,48,1,,2,20,4,,3,2,8,,,,,,,,,,,1,2,,450000,2,,13,95,79,1,2,1392,02,11,5407.210421
5368494,1,1,1,70,11,28,48,1,,2,28,4,,2,2,7,,,,,,,,,,,1,2,,908000,2,,41,16,95,1,2,4111,02,11,3343.3504253
5368506,1,3,1,70,11,20,48,1,,2,20,1,,9,2,1,,,,,,,,,,,1,2,,1200000,2,,80,39,39,1,2,8010,02,11,3629.2361925
5368509,1,1,1,70,11,8,48,4,,2,8,4,,1,2,1,,,,,1,1,,,,,,2,,1800000,2,,41,95,95,1,1,4111,02,11,3672.8824969
5368515,1,2,1,70,11,22,48,1,,2,22,1,,2,2,2,,,,,,,,,,,1,2,,908526,2,,56,53,53,1,2,5611,02,11,5650.2825083
5368516,1,4,1,70,11,52,48,1,,2,52,1,,7,2,1,,,,,,,,,,,1,2,,1800000,2,,47,39,39,1,2,4761,02,11,2520.8597617
5368526,1,1,1,70,11,4,48,1,,2,16,1,,4,2,7,,,,,,,,,,,1,2,,908000,2,,41,95,95,1,1,4111,02,11,2740.0118679
5368792,1,1,1,70,23,52,48,1,,2,104,4,,1,2,1,,,,,,,,,,,1,2,,1500000,2,,69,12,12,1,2,6910,02,23,145.30757088
5368793,1,1,1,70,23,28,48,2,,2,36,4,,9,2,1,,,1,,,,,,,,,2,,2500000,1,1,84,05,05,1,2,8412,02,23,173.64225671
5368794,1,2,1,70,23,52,48,1,,2,104,1,,6,2,1,,,,,,,,,,,1,2,,908526,2,,47,45,45,1,2,4759,02,23,228.8803892
5368795,1,2,1,70,23,25,48,1,,2,49,1,,8,2,1,,,,,,,,,,,1,2,,908526,2,,86,55,55,1,2,8610,02,23,198.85294029
5368796,1,4,1,70,23,44,48,1,,2,44,1,,2,2,4,,,,,,,,,,,1,2,,908526,2,,47,77,77,1,2,4723,02,23,140.22622353
5368796,1,5,1,70,23,52,48,1,,2,52,1,,2,2,4,,,,,,,,,,,1,2,,800000,2,,49,98,98,1,2,4923,02,23,140.22622353
5368796,1,6,1,70,23,40,48,1,,2,40,1,,4,2,1,,,,,,,,,,,1,2,,908526,2,,56,53,53,1,2,5611,02,23,140.22622353
5368798,1,1,1,70,23,48,48,1,,2,96,1,,8,2,1,,,,,,,,,,,1,2,,908526,2,,49,98,98,1,2,4923,02,23,161.59812324
5368798,1,3,1,70,23,12,48,1,,2,12,1,,9,2,1,,,,,,,,,,,1,2,,1000000,2,,84,11,11,1,1,8412,02,23,161.59812324
5368799,1,2,1,70,23,12,48,1,,1,,,,,,,,.,,,,,,,,.,,,,908526,,,,34,,1,1,.,02,23,156.74822056
5368802,1,2,1,70,23,48,48,1,,1,,,,,,,,.,,,,,,,,.,,,,1000000,,,,59,,1,2,.,02,23,117.3942256
5368806,1,1,1,70,23,3,48,5,,2,3,5,,2,2,1,,,,,,,,,,,1,1,850000,908526,2,,41,95,95,1,1,4111,02,23,218.90229629
5368828,1,2,1,70,23,52,48,1,,2,52,4,,1,2,1,,,,,,,,,,,1,2,,908526,2,,96,57,57,1,2,9602,02,23,173.64225671
5368829,1,2,1,70,23,20,48,1,,2,54,1,,9,2,1,,,,,,,,,,,1,2,,908526,2,,80,33,33,1,2,8010,02,23,163.99620017
5368830,1,3,1,70,23,48,48,1,,2,48,1,,9,2,1,,,,,,,,,,,1,2,,1000000,2,,36,13,39,1,2,3600,02,23,165.48754365
5368835,1,2,1,70,23,8,48,3,,2,12,3,,1,2,4,,,,,,,,,,,1,2,,600000,2,,97,55,55,1,1,9700,02,23,191.30040119
5368835,1,3,1,70,23,24,48,1,,1,,,,,,,,.,,,,,,,,.,,,,908526,,,,45,,1,2,.,02,23,191.30040119
5368847,1,1,1,70,23,2,48,1,,2,3,1,,8,2,1,,,,,,,,,,,1,1,750000,908526,2,,47,45,45,1,1,4752,02,23,178.45902204
5368848,1,4,1,70,23,8,48,1,,1,,,,,,,,.,,,,,,,,.,,,,908526,,,,33,,1,1,.,02,23,142.92201983
5368851,1,3,1,70,23,16,48,1,,2,36,1,,9,2,1,,,,,,,,,,,1,2,,908526,2,,85,03,03,1,2,8544,02,23,124.75221051
5368852,1,2,1,70,23,4,48,1,,2,98,1,,4,2,2,,,,,,,,,,,1,2,,908526,2,,47,45,45,1,1,4773,02,23,194.26682732
5368856,1,3,1,70,23,24,48,1,,2,30,1,,9,2,1,,,,,,,,,,,1,2,,1700000,2,,78,19,19,1,2,7810,02,23,190.27557685
5368857,1,2,1,70,23,4,48,3,,2,4,3,,1,2,1,,,,,,,,,,,1,1,300000,450000,2,,97,54,54,1,1,9700,02,23,190.96836482
5368858,1,4,1,70,23,10,48,3,,2,12,3,,1,2,1,,,,,,,,,,,1,2,,300000,2,,97,54,54,1,1,9700,02,23,165.48754365
5368859,1,1,1,70,23,2,48,4,,2,2,4,,1,2,1,,,,,,,,,,,1,1,800000,1000000,2,,43,95,95,1,1,4330,02,23,177.4341977
5368859,1,2,1,70,23,59,48,1,,2,57,1,,4,2,1,,,,,,,,,,,1,2,,1000000,2,,86,32,21,1,2,8621,02,23,177.4341977
5368862,1,2,1,70,23,4,48,1,,2,4,1,,6,2,7,,,,,,,,,,,1,1,908526,908526,2,,85,13,13,1,1,8513,02,23,203.4777076
5368864,1,3,1,70,23,24,48,1,,2,24,1,,6,2,1,,,,,,,,,,,1,2,,908526,2,,11,45,97,1,2,1104,02,23,192.99882474
5368870,1,2,1,70,23,48,48,1,,2,48,1,,8,2,1,,,,,,,,,,,1,2,,908526,2,,47,55,55,1,2,4759,02,23,181.32230828
5368872,1,1,1,70,23,50,48,1,,2,53,4,,1,2,1,,,,,,,,,,,1,2,,908526,2,,55,45,59,1,2,5590,02,23,141.51562989
5368878,1,2,1,70,23,40,48,1,,2,8,4,,1,2,1,,,,,,,,,,,1,2,,908526,2,,49,58,98,1,2,4923,02,23,177.76623407
5368880,1,4,1,70,23,12,56,1,,2,8,1,,2,2,1,,,,,,,,,,,1,2,,908526,2,,52,58,58,1,1,5221,02,23,131.83008812
5368880,1,5,1,70,23,24,40,1,,1,,,,,,,,.,,,,,,,,.,,,,908526,,,,59,,1,2,.,02,23,131.83008812
5368883,1,1,1,70,23,15,48,3,,2,39,4,,1,2,1,,,,,,,,,,,1,2,,600000,2,,55,54,54,1,2,5590,02,23,131.86957335
5368890,1,2,1,70,23,40,40,1,,2,52,1,,3,2,1,,,,,,,,,,,1,2,,1100000,2,,85,13,13,1,2,8512,02,23,198.85294029
5368890,1,3,1,70,23,40,48,1,,2,40,1,,2,2,2,,,,,,,,,,,1,2,,908526,2,,69,39,39,1,2,6910,02,23,198.85294029
5369416,1,2,1,70,50,2,44,1,,2,80,1,,9,2,1,,,,,,,,,,,1,2,,980000,2,,47,45,45,1,1,4771,02,50,449.99929995
5369423,1,3,1,70,50,52,40,1,,2,104,1,,6,2,1,,,,,,,,,,,1,2,,1500000,2,,41,19,19,1,2,4111,02,50,157.52759314
5369426,1,1,1,70,50,12,48,1,,2,12,1,,4,2,1,,,,,,,,,,,1,2,,1200000,2,,68,58,58,1,1,6820,02,50,343.46369854
5369428,1,2,1,70,50,32,48,1,,2,12,1,,9,2,1,,,,,,,,,,,1,2,,1500000,2,,85,13,13,1,2,8530,02,50,282.73276981
5369432,1,1,1,70,50,259,48,1,,2,350,1,,5,2,2,,,,,,,,,,,1,2,,900000,2,,55,54,54,1,2,5511,02,50,354.88487353
5369432,1,2,1,70,50,104,48,1,,2,300,1,,3,2,2,,,,,,,,,,,1,2,,900000,2,,41,95,95,1,2,4111,02,50,354.88487353
5369434,1,1,1,70,50,4,40,4,,2,4,4,,9,2,1,,,1,,,,,,,,,1,3000000,3000000,2,,84,02,02,1,1,8413,02,50,329.10791805
5369435,1,2,1,70,50,30,48,1,,2,30,1,,5,2,4,,,,,,,,,,,1,2,,906000,2,,85,13,13,1,2,8530,02,50,205.09526986
5369437,1,5,1,70,50,8,48,1,,2,10,1,,5,2,1,,,,,,,,,,,1,2,,1015000,2,,47,45,45,1,1,4771,02,50,273.14397677
5369437,1,6,1,70,50,12,40,1,,2,49,1,,6,2,1,,,,,,,,,,,1,2,,1015000,2,,47,45,45,1,1,4771,02,50,273.14397677
5369439,1,3,1,70,50,8,48,1,,2,8,1,,9,2,4,,,,,,,,,,,1,2,,910000,2,,86,33,33,1,1,8621,02,50,205.09526986
5369449,1,2,1,70,50,40,48,4,,2,52,4,,1,2,1,,,,,,,,,,,1,2,,930000,2,,88,54,54,1,2,8890,02,50,189.74979018
5369451,1,7,1,70,50,18,48,1,,2,20,1,,4,2,1,,,,,,,,,,,1,2,,1000000,2,,41,95,95,1,2,4111,02,50,244.22201782
5369463,1,3,1,70,50,4,48,1,,2,8,1,,6,2,1,,,,,,,,,,,1,2,,1000000,2,,47,45,45,1,1,4771,02,50,376.35415091
5369468,1,2,1,70,50,2,48,1,,2,4,1,,2,2,4,,,,,,,,,,,1,1,900000,1000000,2,,56,53,53,1,1,5611,02,50,230.00395088
5369477,1,2,1,70,50,52,48,1,,2,156,1,,7,2,1,,,,,,,,,,,1,2,,900000,2,,42,45,99,1,2,4210,02,50,246.67697553
5369477,1,3,1,70,50,52,48,1,,2,52,1,,2,2,1,,,,,,,,,,,1,2,,900000,2,,41,97,95,1,2,4111,02,50,246.67697553
5369477,1,4,1,70,50,156,40,1,,2,156,1,,3,2,1,,,,,,,,,,,1,2,,800000,2,,56,53,53,1,2,5611,02,50,246.67697553
5369477,1,8,1,70,50,5,48,1,,2,5,3,,1,2,1,,,,,,,,,,,1,1,450000,800000,2,,97,34,54,1,1,9700,02,50,246.67697553
5369486,1,1,1,70,50,40,48,1,,2,52,1,,6,2,1,,,,,,,,,,,1,2,,1000000,2,,46,21,21,1,2,4631,02,50,149.1286708
5369486,1,3,1,70,50,32,44,1,,2,36,1,,6,2,1,,,,,,,,,,,1,2,,1500000,2,,94,19,19,1,2,9499,02,50,149.1286708
5369486,1,4,1,70,50,12,44,1,,1,,,,,,,,.,,,,,,,,.,,,,1600000,,,,11,,1,1,.,02,50,149.1286708
5369490,1,2,1,70,50,10,40,4,,2,28,4,,1,2,1,,,,,,,,,,,1,2,,900000,2,,90,17,17,1,1,9007,02,50,232.24996261
5369499,1,2,1,70,50,24,48,3,,2,32,6,,2,2,1,,,,,,,,,,,1,2,,800000,2,,47,55,45,1,2,4752,02,50,251.14616407
5369506,1,2,1,70,50,16,48,1,,2,30,3,,1,2,1,,,,,,,,,,,1,2,,906000,2,,97,33,55,1,2,9700,02,50,316.30900579
5369508,1,2,1,70,50,3,40,1,,2,3,4,,6,2,4,,,,,,,,,,,1,1,1900000,1500000,2,,87,19,19,1,1,8790,02,50,419.81416867
5369510,1,1,1,70,50,32,48,1,,2,32,4,,1,2,1,,,,,,,,,,,1,2,,906000,2,,56,53,45,1,2,5619,02,50,277.45631955
5369524,1,1,1,70,50,9,40,1,,2,11,1,,9,2,1,,,,,1,,,,,,,2,,1800000,2,,06,30,30,1,1,0610,02,50,302.36500057
5369528,1,2,1,70,50,32,48,1,,2,75,1,,4,2,4,,,,,,,,,,,1,2,,906000,2,,47,45,45,1,2,4772,02,50,252.54763853
5369529,1,1,1,70,50,40,48,1,,2,40,4,,1,2,1,,,,,,,,,,,1,2,,1000000,2,,96,57,57,1,2,9602,02,50,278.62511085
5369535,1,4,1,70,50,12,72,1,,2,12,1,,5,2,1,,,,,,,,,,,1,2,,1000000,2,,47,33,33,1,1,4721,02,50,408.45810943
5369567,1,2,1,70,52,52,48,1,,2,40,1,,2,2,1,,,,,,,,,,,1,2,,908526,2,,52,58,58,1,2,5221,02,52,222.90898752
5369569,1,3,1,70,52,52,40,1,,2,52,1,,2,2,2,,,,,,,,,,,1,2,,1300000,2,,86,06,06,1,2,8622,02,52,194.38235481
5369574,1,3,1,70,52,4,48,1,,2,8,1,,4,2,1,,,,,,,,,,,1,2,,908526,2,,56,53,53,1,1,5611,02,52,193.20100029
5369575,1,1,1,70,52,8,48,1,,2,12,1,,2,2,7,,,,,,,,,,,1,2,,900000,2,,43,85,85,1,1,4321,02,52,164.78405103
5369575,1,2,1,70,52,156,25,1,,2,260,4,,1,2,7,,,,,,,,,,,1,2,,700000,2,,47,55,45,1,2,4775,02,52,164.78405103
5369576,1,3,1,70,52,52,48,1,,2,8,4,,1,2,1,,,,,,,,,,,1,1,60000,1500000,2,,85,05,13,1,2,8559,02,52,191.50507333
5369577,1,2,1,70,52,8,48,1,,2,8,1,,6,2,1,,,,,,,,,,,1,2,,700000,2,,56,77,77,1,1,5611,02,52,185.24863758
5369579,1,3,1,70,52,8,24,3,,2,12,4,,1,2,2,,,,,,,,,,,1,1,120000,300000,2,,47,54,45,1,1,4759,02,52,222.90898752
5369582,1,3,1,70,52,8,48,1,,2,8,1,,8,2,1,,,,,,,,,,,1,2,,1000000,2,,94,13,13,1,1,9499,02,52,124.74226974
5369584,1,2,1,70,52,20,24,3,,2,108,1,,9,2,1,,,,,,,,,,,1,2,,450000,2,,88,54,54,1,2,8890,02,52,277.18995434
5369584,1,4,1,70,52,48,48,1,,2,48,1,,9,2,1,,,,,,,,,,,1,2,,1200000,2,,86,19,19,1,2,8621,02,52,277.18995434
5369586,1,1,1,70,52,56,48,1,,2,56,1,,4,2,1,,,,,,,,,1,YA ES PENSIONADO,,2,,1500000,3,,47,59,59,1,2,4773,02,52,222.90898752
5369588,1,4,1,70,52,24,48,1,,2,24,1,,7,2,1,,,,,,,,,,,1,2,,1000000,2,,31,45,45,1,2,3120,02,52,206.84165335
5369588,1,5,1,70,52,8,40,1,,2,5,1,,4,2,1,,,,,,,,,,,1,2,,700000,2,,47,45,45,1,1,4771,02,52,206.84165335
5369588,1,6,1,70,52,2,40,1,,2,2,1,,5,2,1,,,,,,,,,,,1,1,700000,700000,2,,47,45,45,1,1,4771,02,52,206.84165335
5369599,1,3,1,70,52,48,48,1,,2,216,4,,1,2,1,,,,,,,,,,,1,2,,500000,2,,49,37,98,1,2,4921,02,52,125.88242015
5369603,1,2,1,70,52,13,40,1,,2,20,2,,9,2,1,,,,,,,,,,,1,2,,908526,2,,49,32,33,1,1,4921,02,52,107.42347068
5369626,1,2,1,70,54,15,48,4,,2,25,4,,1,2,1,,,1,,,,,,,,,2,,1200000,1,2,86,07,07,1,2,8692,02,54,287.50190261
5369636,1,1,1,70,54,9,48,4,,2,9,4,,1,2,1,,,,,,,,,,,1,2,,1000000,2,,47,45,45,1,1,4755,02,54,308.26192662
5369637,1,5,1,70,54,40,48,1,,2,16,4,,1,2,1,,,,,,,,,,,1,2,,908000,2,,47,97,45,1,2,4771,02,54,426.96672611
5369637,1,11,1,70,54,4,48,1,,2,5,1,,6,2,4,,,,,,,,,,,1,2,,800000,2,,61,44,44,1,1,6190,02,54,426.96672611
5369638,1,2,1,70,54,4,48,1,,2,8,4,,1,2,1,,,,,,,,,,,1,2,,900000,2,,56,53,53,1,1,5611,02,54,409.86915307
5369644,2,2,2,70,54,1,48,4,,2,624,4,,1,2,1,,,,,,,,,,,1,2,,908000,2,,82,54,97,1,1,8292,02,54,424.80402516
5369648,1,2,1,70,54,12,60,4,,2,44,4,,1,2,7,,,,,,,,,,,1,2,,500000,2,,45,99,99,1,1,4520,02,54,408.00507618
5369653,1,4,1,70,54,12,48,1,,2,24,1,,9,2,2,,,,,,,,,,,1,2,,980657,2,,47,32,33,1,1,4711,02,54,406.68036542
5369654,1,3,1,70,54,2,48,4,,2,25,4,,1,2,8,,,,,,,,,,,1,2,,600000,2,,31,95,81,1,1,3110,02,54,340.94451782
5369655,1,2,1,70,54,32,48,4,,2,48,4,,1,2,3,,,,,,,,,,,1,2,,2000000,2,,73,09,09,1,2,7320,02,54,264.20260557
5369657,1,2,1,70,54,4,24,1,,2,44,4,,1,2,4,,,,,,,,,,,1,2,,200000,2,,15,39,99,1,1,1522,02,54,391.93635391
5369658,1,1,1,70,54,12,48,3,,2,104,4,,1,2,1,,,,,,,,,,,1,2,,800000,2,,47,54,45,1,1,4792,02,54,310.80119965
5369666,1,3,1,70,54,4,48,1,,2,52,1,,9,2,1,,,,,,,,,,,1,2,,1500000,2,,86,07,07,1,1,8610,02,54,271.66819285
5369670,1,1,1,70,54,3,48,4,,2,4,4,,1,2,8,,,,,,,,,,,1,1,1000000,900000,2,,25,87,87,1,1,2592,02,54,407.14479998
5369672,1,3,1,70,54,12,48,4,,2,32,4,,1,2,2,,,,,,,,,,,1,2,,800000,2,,15,80,80,1,1,1522,02,54,396.57471633
5369673,1,1,1,70,54,5,54,4,,2,6,4,,1,2,1,,,,,,,,,,,1,2,,1000000,2,,41,95,95,1,1,4112,02,54,405.46580315
5369680,1,2,1,70,54,35,48,4,,2,40,4,,9,2,1,,,,,,,,,,,1,2,,980000,2,,84,39,39,1,2,8412,02,54,408.00507618
5369684,1,1,1,70,54,12,48,1,,2,24,1,,9,2,1,,,,,,,,,,,1,2,,1500000,2,,49,33,33,1,1,4921,02,54,364.24381485
5369684,1,2,1,70,54,6,48,1,,2,15,1,,5,2,1,,,,,,,,,,,1,2,,1200000,2,,47,45,45,1,1,4772,02,54,364.24381485
5369688,1,6,1,70,54,6,48,1,,2,2,1,,3,2,1,,,,,,,,,,,1,2,,980000,2,,46,98,98,1,1,4645,02,54,286.5531325
5369690,1,2,1,70,54,24,45,3,,2,44,4,,1,2,1,,,,,,,,,,,1,2,,400000,2,,56,54,45,1,2,5619,02,54,408.00507618
5369705,1,3,1,70,54,15,48,4,,2,8,4,,1,2,8,,,,,,,,,,,1,2,,500000,2,,56,57,45,1,2,5619,02,54,325.19930197
5369709,1,2,1,70,54,20,30,1,,2,20,2,,9,2,3,,,,1,,,,,,,,2,,1000000,1,1,85,13,13,1,2,8530,02,54,398.38137517
5369714,1,3,1,70,54,6,48,3,,2,98,3,,1,2,1,,,,,,,,,,,1,2,,400000,2,,97,54,54,1,1,9700,02,54,382.16650611
5369716,1,3,1,70,54,24,48,1,,1,,,,,,,,.,,,,,,,,.,,,,1200000,,,,02,,1,2,.,02,54,446.45277894
5369721,1,1,1,70,54,4,48,1,,2,104,1,,5,2,1,,,,,,,,,,,1,2,,908000,2,,05,21,21,1,1,0510,02,54,271.66819285
5369726,1,1,1,70,54,6,48,4,,2,7,4,,1,2,1,,,,,,,,,,,1,2,,900000,2,,15,80,80,1,1,1522,02,54,335.95446568
5369732,1,1,1,70,54,8,30,4,,2,40,4,,1,2,1,,,,,,,,,,,1,2,,500000,2,,56,45,45,1,1,5619,02,54,453.36205907
5369737,1,1,1,70,54,8,48,4,,2,252,1,,8,2,1,,,,,,,,,,,1,2,,1500000,2,,05,84,84,1,1,0510,02,54,375.32248498
5369739,1,2,1,70,68,16,48,1,,2,16,1,,5,2,1,,,,,,,,,,,1,2,,900000,2,,45,84,84,1,2,4520,02,68,763.76915446
5369739,1,9,1,70,68,5,48,4,,2,5,4,,1,2,1,,,,1,,,,,,,,2,,1000000,1,2,84,85,85,1,1,8413,02,68,763.76915446
5369740,3,3,3,70,68,8,40,1,,2,8,1,,2,2,1,,,,,,,,,,,1,2,,1000000,2,,47,45,45,1,1,4772,02,68,874.84607705
5369742,1,1,1,70,68,12,48,1,,2,12,1,,3,2,1,,,,,1,,,,,,,2,,1000000,2,,56,53,53,1,1,5611,02,68,692.28385672
5369744,1,3,1,70,68,52,48,1,,2,52,1,,9,2,1,,,,,,,,,,,1,2,,3000000,2,,85,13,13,1,2,8544,02,68,367.59714746
5369744,1,5,1,70,68,8,48,1,,2,8,1,,3,2,1,,,,,,,,,,,1,2,,1200000,2,,56,05,37,1,1,5611,02,68,367.59714746
5369746,1,4,1,70,68,12,48,1,,2,12,1,,9,2,1,,,,,,,,,,,1,2,,900000,2,,86,39,39,1,1,8610,02,68,313.19200533
5369752,1,1,1,70,68,8,48,3,,2,8,4,,1,2,1,,,,,,,,,,,1,2,,900000,2,,15,80,80,1,1,1522,02,68,634.3238216
5369759,1,3,1,70,68,12,48,1,,2,12,1,,9,2,1,,,,,,,,,,,1,2,,900000,2,,80,58,58,1,1,8010,02,68,629.06847061
5369769,1,1,1,70,68,44,48,1,,2,44,1,,4,2,1,,,,,,,,,,,1,2,,900000,2,,41,95,95,1,2,4111,02,68,507.75953884
5369980,1,1,1,70,76,2,48,4,,2,2,4,,1,2,4,,,,,,,,,,,1,1,600000,908526,2,,41,95,95,1,1,4111,02,76,1002.0779067
5369981,1,1,1,70,76,40,48,4,,2,40,4,,1,2,1,,,,,,,,,,,1,2,,900000,2,,49,98,98,1,2,4921,02,76,687.68146871
5369981,1,2,1,70,76,50,30,3,,2,100,3,,1,2,1,,,,,,,,,,,1,2,,600000,2,,97,54,54,1,2,9700,02,76,687.68146871
5369987,1,2,1,70,76,40,48,1,,2,52,1,,4,2,1,,,,,,,,,,,1,2,,908526,2,,56,55,53,1,2,5611,02,76,1207.650851
5369990,1,4,1,70,76,17,48,4,,2,44,4,,1,2,1,,,,,,,,,,,1,2,,908526,2,,49,98,98,1,2,4921,02,76,760.05202845
5369993,2,1,2,70,76,4,48,1,,2,3,1,,2,2,1,,,,,,,,,,,1,1,99,908526,2,,41,95,95,1,1,4111,02,76,1167.513212
5369995,1,4,1,70,76,4,45,1,,2,8,1,,3,2,1,,,,,,,,,,,1,2,,908526,2,,10,77,77,1,1,1089,02,76,739.29431837
5369999,1,3,1,70,76,78,48,1,,2,1,1,,2,2,7,,,,,,,,,,,1,2,,1300000,2,,47,45,45,1,2,4772,02,76,1180.3683272
5370000,1,2,1,70,76,6,50,5,,2,8,5,,3,2,1,,,,,,,,,,,1,2,,1400000,2,,41,95,95,1,1,4111,02,76,1002.0779067
5370001,1,2,1,70,76,12,30,1,,2,12,1,,3,2,2,,,,,,,,,,,1,2,,600000,2,,41,97,95,1,1,4111,02,76,1138.2159838
5370006,1,2,1,70,76,37,48,1,,2,43,4,,3,2,1,,,,,,,,,,,1,2,,98,2,,90,98,17,1,2,9007,02,76,1002.0779067
5370011,1,1,1,70,76,35,48,1,,2,78,1,,8,2,4,,,,,,,,,,,1,2,,908526,2,,82,34,34,1,2,8219,02,76,958.98314985
5370013,1,2,1,70,76,2,48,1,,2,4,1,,9,2,7,,,,,,,,,,,1,1,703000,908526,2,,20,97,74,1,1,2023,02,76,1084.4284217
5370015,1,4,1,70,76,1,48,1,,2,13,4,,4,2,1,,,,,,,,,,,1,2,,908526,2,,15,97,80,1,1,1522,02,76,1046.7520002
5370018,1,2,1,70,76,8,48,2,,2,8,1,,2,2,4,,,,,,,,,,,1,2,,1300000,2,,41,95,95,1,1,4111,02,76,1160.5530306
5370020,1,4,1,70,76,1,48,1,,2,6,4,,9,2,4,,,,,,,,,,,1,2,,908526,2,,94,95,39,1,1,9491,02,76,1075.671954
5370022,1,3,1,70,76,2,48,1,,2,4,1,,8,2,7,,,,,,,,,,,1,1,450000,908526,2,,10,39,39,1,1,1089,02,76,934.8873074
5370023,1,3,1,70,76,45,48,1,,2,45,1,,4,2,8,,,,,,,,,,,1,2,,908526,2,,25,87,87,1,2,2592,02,76,905.61150451
5370024,1,3,1,70,76,52,48,1,,2,45,4,,1,2,1,,,,,,,,,,,1,2,,908526,2,,81,99,45,1,2,8121,02,76,916.94781566
5370025,1,3,1,70,76,4,24,1,,1,,,,,,,,.,,,,,,,,.,,,,908526,,,,45,,1,1,.,02,76,918.77616683
5370041,1,1,1,70,76,15,48,4,,2,52,3,,1,2,1,,,,,,,,,,,1,1,50000,908526,2,,97,55,54,1,2,9700,02,76,848.00033783
5370044,1,1,1,70,76,32,50,1,,2,41,1,,4,2,1,,,,,,,,,,,1,2,,2000000,2,,33,21,21,1,2,3313,02,76,1283.7754599
5370046,1,3,1,70,76,4,48,4,,2,8,1,,9,2,2,,,,,,,,,,,1,2,,1500000,2,,47,98,97,1,1,4711,02,76,1084.4284217
5370059,1,3,1,70,76,52,48,1,,1,,,,,,,,.,,,,,,,,.,,,,908526,,,,59,,1,2,.,02,76,932.17920404
5370059,1,4,1,70,76,23,30,1,,1,,,,,,,,.,,,,,,,,.,,,,600000,,,,45,,1,2,.,02,76,932.17920404
5370059,1,6,1,70,76,6,48,1,,2,6,1,,2,2,8,,,,,,,,,,,1,1,250000,908526,2,,47,45,45,1,1,4724,02,76,932.17920404
5370349,1,3,1,70,05,6,48,1,,2,16,4,,1,2,2,,,,,,,,,,,1,2,,908000,2,,14,45,79,1,1,1410,02,05,1455.2552435
5370350,1,1,1,70,05,5,16,4,,2,25,4,,1,2,2,,,,,,,,,1,HACIENDO DILIGENCIAS PARA PENSIONARSE CUMPLIO EL TIEMPO Y EDAD DEJO DE COTIZAR HACE UNOS MESES,,2,,1400000,2,,70,21,21,1,1,7020,02,05,1070.0640478
5370360,1,1,1,70,05,44,24,4,,2,44,4,,1,2,1,,,,,,,,,,,1,2,,909000,2,,81,55,55,1,2,8121,02,05,1125.0483592
5370376,1,3,1,70,05,3,36,1,,2,4,1,,9,2,2,,,,,,,,,,,1,1,450000,908526,2,,47,33,97,1,1,4711,02,05,945.90018331
5370378,1,3,1,70,05,32,48,1,,2,52,1,,9,2,9,EPS POR COBERTURA EN  EMERGENCIA SANITARIA,,,,,,,,,,1,2,,909000,2,,35,85,55,1,2,3511,02,05,1084.629018
5370382,1,2,1,70,05,3,48,4,,2,16,5,,2,2,1,,,,,,,,,,,1,2,,908500,2,,41,95,95,1,1,4111,02,05,1044.2052561
5370384,1,1,1,70,05,52,72,4,,2,52,4,,1,2,2,,,,,,,,,,,1,2,,1200000,2,,47,41,41,1,2,4711,02,05,985.03489681
5370391,1,3,1,70,05,5,48,2,,2,5,4,,9,2,1,,,1,,,,,,,,,2,,908000,1,2,84,21,21,1,1,8413,02,05,958.34816104
5370397,1,2,1,70,05,4,48,1,,2,4,4,,1,2,1,,,1,,,,,,,,,1,320000,908526,1,1,41,95,95,1,1,4111,02,05,1276.606571
5370398,1,1,1,70,05,52,48,1,,2,52,1,,4,2,8,,,,,,,,,,,1,2,,908526,2,,56,85,53,1,2,5611,02,05,1174.6509521
5370399,1,1,1,70,05,8,48,1,,2,8,8,,6,2,8,,,,,,,,,,,1,2,,908526,2,,01,95,62,1,1,0123,02,05,1614.3843353
5370399,1,5,1,70,05,8,48,1,,2,8,8,,6,2,8,,,,,,,,,,,1,2,,908526,2,,01,95,62,1,1,0123,02,05,1614.3843353
5370400,1,3,1,70,05,6,48,1,,2,60,1,,9,2,2,,,,,,,,,,,1,2,,908526,2,,47,03,97,1,1,4711,02,05,1105.4758198
5370403,1,2,1,70,05,60,48,1,,2,62,1,,9,2,2,,,,,,,,,,,1,2,,908526,2,,94,33,39,1,2,9499,02,05,1353.3525833
5370404,1,2,1,70,05,72,48,1,,2,72,1,,9,2,4,,,,,,,,,,,1,2,,1500000,2,,52,98,98,1,2,5229,02,05,1076.3458793
5370406,2,1,2,70,05,40,48,1,,2,156,1,,6,2,1,,,,,,,,,,,1,2,,908500,2,,28,55,55,1,2,2819,02,05,948.86432665
5370406,3,2,3,70,05,40,48,1,,2,40,1,,9,2,1,,,,,,,,,,,1,2,,908500,2,,86,59,55,1,2,8610,02,05,948.86432665
5370407,1,2,1,70,05,52,48,1,,1,,,,,,,,.,,,,,,,,.,,,,908526,,,,95,,1,2,.,02,05,1084.4941259
5370408,1,2,1,70,05,52,48,1,,2,52,1,,9,2,1,,,,,,,,,,,1,2,,908526,2,,38,97,99,1,2,3811,02,05,1096.7507835
5370409,1,1,1,70,05,24,48,1,,2,42,1,,4,2,1,,,,,,,,,,,1,2,,980000,2,,47,45,33,1,2,4711,02,05,1353.3525833
5370414,1,1,1,70,05,40,48,5,,2,40,5,,3,2,2,,,,,,,,,,,1,2,,1000000,2,,56,51,51,1,2,5611,02,05,1235.354865
5370420,1,3,1,70,05,20,24,1,,2,10,1,,4,2,2,,,,,,,,,,,1,2,,500000,2,,56,45,53,1,2,5611,02,05,1051.1993464
5370422,1,1,1,70,05,12,48,4,,2,48,3,,1,1,1,,,,,,,,,,,1,2,,908526,2,,97,54,54,1,1,9700,02,05,1032.0834906
5370422,1,2,1,70,05,44,48,1,,2,44,1,,9,2,1,,,,,,,,,,,1,2,,1200000,2,,42,97,97,1,2,4210,02,05,1032.0834906
5370426,1,2,1,70,05,24,48,1,,2,24,1,,4,2,1,,,,,,,,,,,1,2,,908526,2,,56,77,77,1,2,5611,02,05,1090.9108495
5370428,1,4,1,70,05,32,48,1,,2,32,1,,2,2,1,,,,,,,,,,,1,2,,1400000,2,,41,03,03,1,2,4112,02,05,1177.5938866
5370428,1,5,1,70,05,40,48,1,,2,40,1,,4,2,1,,,,,,,,,,,1,2,,908526,2,,56,50,50,1,2,5611,02,05,1177.5938866
5370433,1,4,1,70,05,8,35,1,,2,12,1,,8,2,2,,,,,,,,,,,1,2,,1000000,2,,47,32,32,1,1,4711,02,05,1039.0775809
5370434,1,1,1,70,05,8,48,1,,2,8,4,,9,2,3,,,,,1,,,,,,,2,,1200000,2,,85,13,13,1,1,8512,02,05,1062.9350654
5370439,1,2,1,70,05,29,24,1,,2,29,1,,5,2,2,,,,,,,,,,,1,2,,700000,2,,81,55,55,1,2,8121,02,05,1532.5007591
5370440,1,1,1,70,05,40,48,1,,2,40,1,,8,2,2,,,,,,,,,,,1,2,,908526,2,,24,97,97,1,2,2410,02,05,1210.0775102
5370444,1,2,1,70,05,48,48,1,,2,52,1,,8,2,2,,,,,,,,,,,1,1,170000,908600,2,,85,32,33,1,2,8543,02,05,1419.5170329
5370448,1,3,1,70,05,8,48,1,,2,8,1,,4,2,1,,,,,,,,,,,1,2,,908526,2,,14,79,79,1,1,1410,02,05,842.46743525
5370449,1,1,1,70,05,52,48,1,,2,52,1,,3,2,8,,,,,,,,,,,1,2,,908526,2,,41,95,95,1,2,4111,02,05,1174.6509521
5370456,1,1,1,70,05,4,48,1,,2,36,1,,3,2,4,,,,,,,,,,,1,2,,908000,2,,45,53,95,1,1,4520,02,05,1175.8051084
5370460,1,1,1,70,05,40,48,2,,2,40,1,,5,2,3,,,,,1,,,,,,,2,,1000000,2,,45,33,33,1,2,4520,02,05,1062.9350654
5370471,1,1,1,70,05,24,48,3,,2,24,3,,1,2,2,,,,,,,,,,,1,2,,908526,2,,97,54,54,1,2,9700,02,05,1262.4881455
5370474,1,2,1,70,05,40,48,1,,2,96,1,,9,2,1,,,,,,,,,,,1,2,,1500000,2,,20,33,33,1,2,2023,02,05,1367.9175535
5370485,1,2,1,70,05,1,36,1,,2,104,4,,1,2,1,,,,,,,,,,,1,2,,908500,2,,47,45,45,1,1,4724,02,05,1598.6652087
5370491,1,1,1,70,05,12,48,1,,2,12,1,,4,2,1,,,,,,,,,,,1,2,,900000,2,,41,95,95,1,1,4111,02,05,1014.5078376
5370492,1,4,1,70,05,14,24,4,,2,14,4,,1,2,1,,,1,,,,,,,,,2,,908000,1,2,96,59,59,1,2,9609,02,05,971.75897497
5370493,1,3,1,70,05,32,40,4,,2,32,4,,3,2,1,,,,,,,,,,,1,2,,1000000,2,,90,17,17,1,2,9007,02,05,1071.2182041
5370496,1,2,1,70,05,4,48,2,,2,52,4,,1,2,2,,,,,,,,,,,1,2,,2000000,2,,74,39,16,1,1,7420,02,05,1044.2052561
5370497,1,1,1,70,05,48,48,1,,2,48,4,,1,2,2,,,,,,,,,,,1,2,,908526,2,,88,45,54,1,2,8890,02,05,1420.9197645
5370502,1,2,1,70,05,44,48,1,,2,44,1,,4,2,1,,,,,,,,,,,1,2,,908000,2,,42,95,95,1,2,4210,02,05,1092.0650058
5370502,1,3,1,70,05,44,48,1,,2,44,1,,6,2,1,,,,,,,,,,,1,2,,908000,2,,82,95,85,1,2,8230,02,05,1092.0650058
5370507,2,2,2,70,05,12,48,4,,2,12,4,,1,2,1,,,,,,,,,,,1,2,,908000,2,,43,85,85,1,1,4321,02,05,954.18332199
5370513,1,3,1,70,05,8,48,1,,2,10,1,,2,2,1,,,,,,,,,,,1,2,,2000000,2,,47,05,45,1,1,4771,02,05,958.34816104
5370515,1,2,1,70,05,20,48,4,,2,36,1,,3,2,1,,,,,,,,,,,1,2,,980000,2,,47,32,45,1,2,4771,02,05,1104.3216635
5370515,1,3,1,70,05,40,48,1,,2,40,1,,9,2,1,,,,,,,,,,,1,2,,2000000,2,,94,05,05,1,2,9499,02,05,1104.3216635
5370534,1,2,1,70,05,48,48,1,,2,52,4,,9,2,9,PAGA EPS COMO INDEPENDIENTE,,1,,,,,,,,,2,,2000000,1,2,42,15,15,1,2,4290,02,05,985.03489681
5370534,1,3,1,70,05,52,48,1,,2,52,4,,9,2,9,PAGA LA EPS COMO INDEPENDIENTE,,1,,,,,,,,,2,,1500000,1,2,84,02,03,1,2,8413,02,05,985.03489681
5370536,1,2,1,70,05,4,48,1,,2,4,1,,4,2,1,,,,,,,,,,,1,2,,1200000,2,,56,45,45,1,1,5619,02,05,1321.2119601
5370538,1,2,1,70,05,44,48,4,,2,44,4,,1,2,4,,,,,,,,,,,1,2,,908526,2,,49,98,98,1,2,4921,02,05,1105.4758198
5370541,1,2,1,70,05,44,48,1,,2,44,1,,2,2,4,,,,,,,,,,,1,2,,908000,2,,41,95,95,1,2,4111,02,05,1091.4317882
5370541,1,5,1,70,05,52,49,1,,2,52,1,,2,2,4,,,,,,,,,,,1,2,,908526,2,,41,95,95,1,2,4111,02,05,1091.4317882
5370547,1,8,1,70,05,8,50,1,,2,36,1,,4,2,1,,,,,,,,,,,1,2,,908000,2,,47,38,38,1,1,4773,02,05,1563.0673581
5370549,1,1,1,70,05,52,48,1,,2,8,1,,3,2,2,,,,,,,,,,,1,2,,3500000,2,,41,02,02,1,2,4111,02,05,1255.4940552
5370549,1,2,1,70,05,52,48,1,,2,8,4,,4,2,1,,,1,,,,,,,,,2,,3500000,1,2,32,02,94,1,2,3290,02,05,1255.4940552
5370550,1,5,1,70,05,12,48,1,,2,12,4,,1,2,2,,,,,,,,,,,1,2,,1500000,2,,74,16,16,1,1,7420,02,05,893.14654764
5370554,1,2,1,70,05,4,48,1,,2,6,1,,6,2,8,,,,,,,,,,,1,2,,1300000,2,,42,98,98,1,1,4210,02,05,1434.6422311
5370575,1,3,1,70,05,5,48,4,,2,5,1,,2,2,4,,,,,,,,,,,1,1,250000,1500000,2,,90,13,17,1,1,9007,02,05,2140.1280956
5370576,1,3,1,70,05,6,48,1,,2,4,1,,8,2,2,,,,,,,,,,,1,1,300000,1800000,2,,47,59,45,1,1,4771,02,05,2422.4633329
5370579,1,3,1,70,05,8,24,1,,2,36,1,,5,2,2,,,,,,,,,,,1,2,,700000,2,,56,53,53,1,1,5619,02,05,985.37789714
5370584,1,2,1,70,05,52,48,1,,1,,,,,,,,.,,,,,,,,.,,,,908000,,,,45,,1,2,.,02,05,1256.6482115
5370596,1,10,1,70,08,5,48,1,,2,5,1,,4,2,1,,,,,,,,1,,,,2,,900000,2,,47,45,40,1,1,4771,02,08,271.46945698
5370598,1,2,1,70,08,52,48,1,,2,87,1,,6,2,4,,,,,,,,,,,1,2,,980000,2,,82,45,33,1,2,8291,02,08,604.96550518
5370601,1,3,1,70,08,40,48,1,,2,48,1,,8,2,1,,,,,,,,,,,1,2,,860000,2,,71,19,19,1,2,7110,02,08,404.20238049
5370601,1,4,1,70,08,40,48,1,,2,40,4,,1,2,1,,,,,,,,,,,1,2,,800000,2,,47,45,45,1,2,4771,02,08,404.20238049
5370604,1,2,1,70,08,8,48,1,,2,52,1,,9,2,1,,,,,,,,,,,1,2,,1200000,2,,86,59,59,1,1,8610,02,08,537.20343692
5370608,1,2,1,70,08,4,40,1,,2,6,1,,3,2,2,,,,,,,,,,,1,2,,600000,2,,47,45,45,1,1,4771,02,08,556.67148054
5370615,1,4,1,70,08,24,40,1,,2,52,4,,9,2,2,,,,,,,,,,,1,2,,1800000,2,,35,12,12,1,2,3520,02,08,584.31845831
5370653,1,2,1,70,08,52,40,1,,2,52,4,,1,2,2,,,,,,,,,,,1,2,,900000,2,,56,39,53,1,2,5619,02,08,420.54209954
5370663,1,1,1,70,08,40,48,1,,2,40,1,,6,2,8,,,,,,,,,,,1,2,,600000,2,,47,45,33,1,2,4754,02,08,577.85480151
5370676,1,4,1,70,08,8,24,1,,2,8,3,,1,2,8,,,,,,,,,,,1,2,,400000,2,,97,54,54,1,1,9700,02,08,591.87861436
5370678,1,4,1,70,08,28,48,4,,2,22,4,,4,2,1,,,,,,,,,,,1,2,,900000,2,,92,95,45,1,2,9200,02,08,512.96554824
5370687,1,4,1,70,08,16,48,1,,2,28,6,,2,2,1,,,,,,,,,,,1,2,,900000,2,,47,45,45,1,2,4781,02,08,433.48213161
5370691,1,2,1,70,08,28,48,1,,2,32,1,,9,2,1,,,,,,,,,,,1,2,,1100000,2,,49,97,97,1,2,4921,02,08,687.26229486
5370691,1,3,1,70,08,12,48,1,,2,16,1,,4,2,1,,,,,,,,,,,1,2,,700000,2,,64,44,44,1,1,6499,02,08,687.26229486
5370701,1,2,1,70,08,28,48,1,,2,30,1,,9,2,1,,,,,,,,,,,1,2,,1200000,2,,78,39,39,1,2,7820,02,08,477.4753026
5370703,1,8,1,70,08,52,48,1,,1,,,,,,,,.,,,,,,,,.,,,,908526,,,,33,,1,2,.,02,08,544.51839074
5370711,1,2,1,70,08,52,40,2,,2,52,4,,9,2,8,,,,,,,,,,,1,2,,2000000,2,,85,13,13,1,2,8530,02,08,673.62641148
5370716,1,1,1,70,08,7,40,1,,2,20,1,,8,2,4,,,,,,,,,,,1,2,,900000,2,,49,98,98,1,1,4921,02,08,601.78800219
5370716,1,3,1,70,08,3,84,1,,1,,,,,,,,.,,,,,,,,.,,,,900000,,,,03,,1,1,.,02,08,601.78800219
5370725,1,2,1,70,08,30,48,1,,1,,,,,,,,.,,,,,,,,.,,,,1000000,,,,58,,1,2,.,02,08,591.97618411
5370727,1,4,1,70,08,52,40,1,,2,98,1,,6,2,2,,,,,,,,,,,1,2,,900000,2,,58,39,15,1,2,5813,02,08,621.33854981
5370729,1,5,1,70,08,8,48,1,,2,8,1,,9,2,1,,,,,,,,1,,,,2,,1000000,2,,47,45,45,1,1,4711,02,08,424.42241677
5370732,1,4,1,70,08,30,48,1,,2,32,1,,2,2,1,,,,,,,,,,,1,2,,930000,2,,47,45,45,1,2,4723,02,08,326.3651743
5370741,1,3,1,70,08,8,48,1,,2,8,1,,4,2,1,,,,,,,,,,,1,2,,850000,2,,90,45,97,1,1,9008,02,08,539.21465513
5370743,2,2,2,70,08,4,48,1,,2,24,1,,3,2,8,,,,,,,,,,,1,2,,908526,2,,56,53,53,1,1,5611,02,08,679.16586471
5370747,1,6,1,70,08,4,36,1,,2,144,1,,3,2,7,,,,,,,,,,,1,2,,500000,2,,47,33,33,1,1,4711,02,08,626.2511221
5370756,1,2,1,70,08,104,48,1,,2,104,1,,9,2,1,,,,,,,,1,,,,2,,906000,2,,10,32,32,1,2,1040,02,08,609.68617181
5370758,1,2,1,70,08,24,48,1,,2,156,1,,5,2,1,,,,,,,,,,,1,2,,600000,2,,77,33,33,1,2,7730,02,08,411.26431885
5370761,1,2,1,70,08,52,48,1,,2,36,1,,4,2,2,,,,,,,,,,,1,2,,908526,2,,74,13,39,1,2,7490,02,08,599.03812248
5370764,1,3,1,70,08,25,48,1,,2,24,1,,9,2,1,,,,,,,,,,,1,2,,1200000,2,,41,95,95,1,2,4111,02,08,687.26229486
5370786,1,2,1,70,08,8,48,1,,2,8,1,,6,2,2,,,,,,,,,,,1,2,,1300000,2,,20,05,05,1,1,2029,02,08,584.33117677
5370792,1,3,1,70,08,4,48,1,,2,4,1,,9,2,1,,,,,,,,,,,1,1,1000000,908500,2,,61,39,34,1,1,6190,02,08,744.10016489
5370792,1,5,1,70,08,1,48,1,,2,1,1,,9,2,1,,,,,,,,,,,1,1,1140000,1200000,2,,49,58,58,1,1,4921,02,08,744.10016489
5370792,1,6,1,70,08,1,48,1,,2,1,1,,9,2,1,,,,,,,,,,,1,1,1200000,908000,2,,49,58,58,1,1,4921,02,08,744.10016489
5370795,1,3,1,70,08,24,48,1,,2,36,1,,9,2,1,,,,,,,,,,,1,2,,980000,2,,28,33,33,1,2,2813,02,08,591.87861436
5370820,1,1,1,70,08,2,52,1,,2,2,4,,1,2,1,,,,,,,,,,,1,1,900000,910000,2,,49,98,98,1,1,4921,02,08,632.88071099
5370821,1,2,1,70,08,52,48,1,,2,72,1,,8,2,1,,,,,,,,,,,1,2,,900000,2,,47,45,45,1,2,4772,02,08,576.23474662
5370824,1,2,1,70,13,25,48,3,,2,25,3,,1,2,2,,,,,,,,1,,,,2,,700000,2,,97,54,54,1,2,9700,02,13,454.85797317
5370824,1,3,1,70,13,12,48,2,,1,,,,,,,,.,,,,,,,,.,,,,900000,,,,58,,1,1,.,02,13,454.85797317
5370836,1,3,1,70,13,28,48,1,,2,40,1,,7,2,4,,,,,,,,,,,1,2,,908526,2,,47,45,45,1,2,4754,02,13,322.23981377
5370837,1,2,1,70,13,104,48,1,,2,104,1,,9,2,1,,,,,,,,,,,1,2,,1000000,2,,61,03,03,1,2,6190,02,13,334.20936828
5370839,1,3,1,70,13,104,48,1,,2,104,1,,9,2,1,,,,,,,,,,,1,2,,1200000,2,,49,03,03,1,2,4923,02,13,504.66120353
5370840,1,3,1,70,13,104,48,1,,2,104,1,,5,2,1,,,,,,,,,,,1,2,,908526,2,,56,55,53,1,2,5630,02,13,423.72432439
5370843,1,3,1,70,13,8,48,1,,2,8,1,,7,2,1,,,,,,,,1,,,,2,,950000,2,,94,53,53,1,1,9499,02,13,327.4249818
5370854,1,1,1,70,13,24,48,1,,2,24,1,,5,2,1,,,,,,,,,,,1,2,,908526,2,,56,53,53,1,2,5611,02,13,412.38327108
5370855,1,6,1,70,13,32,48,3,,2,32,4,,1,2,4,,,,,,,,,,,1,2,,300000,2,,56,54,77,1,2,5619,02,13,390.96844564
5370855,1,8,1,70,13,2,48,4,,2,2,4,,1,2,4,,,,,,,,,,,1,1,150000,400000,2,,56,45,45,1,1,5619,02,13,390.96844564
5370861,1,3,1,70,13,24,48,1,,2,24,1,,9,2,1,,,,,,,,,,,1,2,,1000000,2,,18,02,02,1,2,1811,02,13,300.23762672
5370861,1,4,1,70,13,32,48,1,,1,,,,,,,,.,,,,,,,,.,,,,1000000,,,,19,,1,2,.,02,13,300.23762672
5370864,1,3,1,70,13,52,48,1,,2,64,1,,7,2,1,,,,,,,,,,,1,2,,908526,2,,45,84,84,1,2,4520,02,13,421.31372198
5370873,1,1,1,70,13,20,48,1,,1,,,,,,,,.,,,,,,,,.,,,,1200000,,,,13,,1,2,.,02,13,437.69166135
5370891,1,2,1,70,13,30,48,1,,2,192,1,,8,2,2,,,,,,,,,,,1,2,,877803,2,,47,33,03,1,2,4711,02,13,355.94123203
5370891,1,3,1,70,13,48,48,2,,1,,,,,,,,.,,,,,,,,.,,,,1400000,,,,12,,1,2,.,02,13,355.94123203
5370908,1,1,1,70,13,12,48,1,,2,120,1,,5,2,1,,,,,,,,,,,1,2,,908526,2,,47,59,45,1,1,4772,02,13,467.4241429
5370926,1,4,1,70,13,48,48,3,,2,48,3,,1,2,4,,,,,,,,,,,1,2,,400000,2,,97,54,54,1,2,9700,02,13,499.46444622
5370931,1,1,1,70,13,20,48,1,,2,32,1,,8,2,1,,,,,,,,,,,1,2,,908526,2,,81,55,55,1,2,8121,02,13,377.29227487
5370948,1,3,1,70,13,32,40,1,,2,32,1,,8,2,7,,,,,,,,,,,1,2,,2000000,2,,52,32,32,1,2,5229,02,13,216.04417344
5370957,1,3,1,70,13,30,48,1,,2,30,1,,7,2,2,,,,,,,,1,,,,2,,1500000,2,,93,21,21,1,2,9329,02,13,347.93450869
5370962,1,1,1,70,13,24,48,1,,2,24,1,,7,2,1,,,,,,,,,,,1,2,,900000,2,,55,53,53,1,2,5511,02,13,415.05314307
5370993,1,1,1,70,17,44,48,1,,2,44,1,,3,2,1,,,,,,,,,,,1,2,,908526,2,,56,53,53,1,2,5611,02,17,203.00942384
5370995,1,5,1,70,17,5,48,1,,2,5,4,,1,2,4,,,,,,,,,,,1,2,,908526,2,,47,83,45,1,1,4771,02,17,299.14282526
5370995,1,6,1,70,17,96,24,4,,2,96,3,,1,2,8,,,,,,,,,,,1,2,,500000,2,,97,45,54,1,2,9700,02,17,299.14282526
5371006,1,1,1,70,17,2,48,4,,2,2,4,,1,2,1,,,,,,,,,,,1,1,150000,908526,2,,41,95,95,1,1,4111,02,17,205.54594602
5371006,1,2,1,70,17,8,48,4,,2,8,4,,1,2,1,,,,,,,,,,,1,2,,908526,2,,96,57,57,1,1,9602,02,17,205.54594602
5371012,1,1,1,70,17,3,60,1,,2,4,1,,2,2,8,,,,,,,,,,,1,1,400000,908526,2,,45,84,84,1,1,4520,02,17,193.66123797
5371016,1,2,1,70,17,1,48,1,,2,60,1,,4,2,1,,,,,,,,,,,1,2,,908526,2,,96,57,57,1,1,9602,02,17,300.31091715
5371017,1,3,1,70,17,3,48,1,,2,3,1,,9,2,1,,,,,,,,,,,1,1,120000,908526,2,,41,95,95,1,1,4111,02,17,191.98864842
5371018,1,1,1,70,17,12,48,1,,2,104,1,,4,2,1,,,,,,,,,,,1,2,,908526,2,,47,59,59,1,1,4773,02,17,189.87746622
5371029,1,1,1,70,17,4,48,1,,2,4,4,,1,2,2,,,,,,,,,,,1,2,,908526,2,,41,95,95,1,1,4111,02,17,251.24710164
5371030,1,4,1,70,17,48,48,1,,2,48,1,,9,2,8,,,,,,,,,,,1,2,,908526,2,,47,40,40,1,2,4771,02,17,183.92907486
5371031,1,2,1,70,17,44,48,1,,2,44,1,,9,2,1,,,,,,,,,,,1,2,,908526,2,,42,98,98,1,2,4290,02,17,286.73122794
5371031,1,6,1,70,17,5,48,1,,2,9,1,,9,2,8,,,,,,,,,,,1,2,,908526,2,,10,58,97,1,1,1089,02,17,286.73122794
5371034,1,5,1,70,17,12,48,3,,2,16,3,,1,2,8,,,,,,,,,,,1,2,,800000,2,,97,54,54,1,1,9700,02,17,354.89079574
5371047,1,3,1,70,17,16,48,2,,2,36,1,,4,2,1,,,,,,,,,,,1,2,,1800000,2,,85,13,13,1,2,8551,02,17,188.01248719
5371055,1,1,1,70,17,4,48,1,,2,4,1,,4,2,8,,,,,,,,,,,1,2,,908526,2,,45,84,84,1,1,4520,02,17,288.40381748
5371063,1,5,1,70,17,8,40,1,,2,13,1,,9,2,1,,,,,,,,,,,1,2,,3000000,2,,85,02,13,1,1,8544,02,17,180.14530311
5371064,1,2,1,70,17,4,48,1,,2,4,4,,1,2,8,,,,,,,,,,,1,2,,908526,2,,41,95,95,1,1,4111,02,17,191.12471579
5371066,1,2,1,70,17,16,48,1,,2,16,1,,7,2,7,,,,,,,,,,,1,2,,2000000,2,,42,02,02,1,2,4210,02,17,209.20401838
5371067,1,3,1,70,17,50,48,1,,2,50,1,,9,2,8,,,,,,,,,,,1,2,,908526,2,,82,38,38,1,2,8220,02,17,175.34898488
5371072,1,2,1,70,17,38,48,1,,2,38,1,,3,2,1,,,,,,,,,,,1,2,,1000000,2,,55,70,39,1,2,5511,02,17,186.76523763
5371076,1,1,1,70,17,48,48,1,,2,48,1,,3,2,1,,,,,,,,,,,1,2,,908526,2,,56,53,53,1,2,5611,02,17,334.76597681
5371083,1,1,1,70,17,44,48,3,,2,44,3,,1,2,1,,,,,,,,,1,LA PENSION POR SUSTITUCION,,2,,908526,2,,97,54,54,1,2,9700,02,17,185.51798806
5371088,1,1,1,70,17,44,48,1,,2,44,1,,9,2,1,,,,,,,,,,,1,2,,908526,2,,61,55,55,1,2,6190,02,17,211.0689974
5371094,1,2,1,70,17,24,48,1,,2,11,1,,2,2,2,,,,,,,,,,,1,2,,908526,2,,77,45,49,1,2,7729,02,17,216.39672357
5371098,1,2,1,70,17,2,48,1,,2,3,1,,9,2,1,,,,,,,,,,,1,1,450000,908526,2,,82,38,38,1,1,8220,02,17,267.97760538
5371100,1,1,1,70,17,104,48,1,,2,104,3,,1,2,4,,,,,,,,,,,1,2,,908526,2,,97,59,59,1,2,9700,02,17,244.14523664
5371100,1,2,1,70,17,4,40,1,,2,16,4,,1,2,8,,,,,,,,,,,1,2,,908526,2,,81,55,55,1,1,8121,02,17,244.14523664
5371100,1,3,1,70,17,10,48,2,,2,56,1,,4,2,8,,,,,,,,,,,1,2,,908526,2,,45,58,87,1,1,4520,02,17,244.14523664
5371105,1,3,1,70,17,36,48,1,,2,52,1,,4,2,1,,,,,,,,,,,1,2,,908526,2,,85,13,13,1,2,8512,02,17,149.79797554
5371111,1,1,1,70,17,40,48,1,,2,40,1,,9,2,1,,,,,,,,,,,1,2,,908526,2,,10,45,97,1,2,1082,02,17,215.149474
5371116,1,2,1,70,17,16,48,1,,2,44,1,,4,2,1,,,,,,,,,,,1,2,,908526,2,,56,53,53,1,2,5613,02,17,297.71064061
5371121,1,1,1,70,17,44,48,1,,2,44,1,,2,2,1,,,,,,,,,1,YA ES PENSIONADO,,2,,800000,3,,49,98,98,1,2,4923,02,17,149.79797554
5371125,1,1,1,70,17,8,48,1,,2,8,1,,3,2,1,,,,,,,,,,,1,2,,908526,2,,96,57,57,1,1,9602,02,17,222.95370546
5371129,1,2,1,70,17,24,48,4,,2,8,4,,1,2,2,,,,,,,,,,,1,2,,908526,2,,80,58,58,1,2,8010,02,17,211.93293004
5371134,1,2,1,70,17,36,30,1,,2,36,1,,4,2,1,,,,,,,,,,,1,2,,900000,2,,47,97,97,1,2,4711,02,17,206.70951924
5371138,1,3,1,70,17,48,48,1,,2,48,1,,9,2,1,,,,,,,,,,,1,2,,908526,2,,47,33,33,1,2,4711,02,17,186.95469138
5371139,1,2,1,70,17,24,48,1,,2,720,1,,4,1,2,,,,,,,,,,,1,2,,900000,2,,86,39,32,1,2,8621,02,17,212.31624697
5371141,1,1,1,70,17,2,40,1,,2,4,1,,2,2,1,,,,,,,,,,,1,2,,500000,2,,47,77,77,1,1,4723,02,17,193.66123797
5371148,1,2,1,70,17,12,48,1,,2,12,1,,9,2,1,,,,,,,,,,,1,2,,1200000,2,,85,34,34,1,1,8544,02,17,203.00942384
5371717,1,3,1,70,52,13,48,1,,2,13,1,,3,2,1,,,,,,,,,,,1,2,,908000,2,,41,95,95,1,1,4111,02,52,350.0233626
5371717,1,7,1,70,52,17,48,1,,2,5,1,,7,2,1,,,,,,,,,,,1,2,,908526,2,,47,59,45,1,2,4771,02,52,350.0233626
5371720,1,2,1,70,52,52,48,1,,2,52,1,,4,2,2,,,,,,,,,,,1,2,,1800000,2,,69,32,32,1,2,6910,02,52,229.22534969
5371722,1,3,1,70,52,4,48,1,,2,5,1,,3,2,1,,,,,,,,,,,1,2,,908526,2,,47,45,45,1,1,4772,02,52,176.46665431
5371727,1,2,1,70,52,6,24,1,,1,,,,,,,,.,,,,,,,,.,,,,450000,,,,45,,1,1,.,02,52,245.11925806
5371727,1,3,1,70,52,4,48,1,,1,,,,,,,,.,,,,,,,,.,,,,908526,,,,45,,1,1,.,02,52,245.11925806
5371749,1,1,1,70,54,3,48,1,,2,3,4,,1,2,1,,,,,,,,,,,1,1,400000,900000,2,,81,45,55,1,1,8121,02,54,310.80119965
5371752,1,2,1,70,54,99,48,1,,2,99,1,,3,2,1,,,,,,,,,,,1,2,,2000000,2,,47,19,45,1,2,4771,02,54,301.06120762
5371752,1,3,1,70,54,52,48,1,,2,52,1,,9,2,1,,,,,,,,,,,1,2,,1000000,2,,78,39,39,1,2,7820,02,54,301.06120762
5371753,1,1,1,70,54,8,48,1,,2,8,4,,1,2,1,,,,,,,,,,,1,2,,1200000,2,,13,45,75,1,1,1391,02,54,260.91302915
5371756,1,2,1,70,54,99,48,1,,2,52,1,,9,2,1,,,,,,,,,,,1,2,,1000000,2,,64,45,44,1,2,6492,02,54,398.38137517
5371765,1,2,1,70,54,8,48,1,,1,,,,,,,,.,,,,,,,,.,,,,2000000,,,,57,,1,1,.,02,54,297.18325649
5371889,1,1,1,70,66,40,48,1,,2,40,1,,2,2,1,,,,,,,,,,,1,2,,908526,2,,56,55,53,1,2,5630,02,66,473.44832641
5371891,1,3,1,70,66,8,48,4,,1,,,,,,,,.,,,,,,,,.,,,,900000,,,,13,,1,1,.,02,66,345.36154099
5371895,1,2,1,70,66,3,48,4,,2,36,3,,1,2,1,,,,,,,,,,,1,2,,600000,2,,97,55,54,1,1,9700,02,66,366.85747888
5371899,1,6,1,70,66,2,48,1,,2,8,4,,2,2,8,,,,,,,,,,,1,2,,908526,2,,45,97,84,1,1,4542,02,66,337.62521726
5371899,1,7,1,70,66,2,48,4,,2,8,1,,9,2,8,,,,,,,,,,,1,2,,908526,2,,49,84,98,1,1,4923,02,66,337.62521726
5371899,1,8,1,70,66,2,48,4,,2,8,1,,9,2,8,,,,,,,,,,,1,2,,908526,2,,46,99,33,1,1,4631,02,66,337.62521726
5371899,1,9,1,70,66,8,48,1,,2,8,1,,3,2,8,,,,,,,,,,,1,2,,908526,2,,56,45,53,1,1,5611,02,66,337.62521726
5371900,1,1,1,70,66,4,50,1,,2,3,1,,2,2,1,,,,,,,,,,,1,1,1000000,908526,2,,49,98,98,1,1,4923,02,66,360.06373687
5371905,1,1,1,70,66,12,45,4,,2,32,4,,1,2,1,,,,,,,,,,,1,2,,500000,2,,47,41,41,1,1,4724,02,66,358.21080157
5371908,1,1,1,70,66,12,48,3,,2,12,1,,3,2,8,,,,,,,,,,,1,2,,908526,2,,47,54,45,1,1,4771,02,66,452.83667377
5371913,1,4,1,70,66,44,48,1,,2,44,1,,4,2,1,,,,,,,,,,,1,2,,1000000,2,,71,03,03,1,2,7120,02,66,337.52558821
5371918,1,2,1,70,66,8,48,1,,2,8,1,,5,2,1,,,,,,,,,,,1,2,,900000,2,,49,98,98,1,1,4923,02,66,201.60285002
5371920,1,2,1,70,66,13,48,4,,2,13,4,,1,2,1,,,,,,,,,,,1,2,,900000,2,,45,84,84,1,1,4520,02,66,334.53095148
5371922,1,1,1,70,66,16,48,1,,2,16,1,,2,2,1,,,,,,,,,,,1,2,,908526,2,,56,55,53,1,2,5619,02,66,450.77811636
5371924,1,3,1,70,66,4,48,1,,2,6,1,,2,2,1,,,,,,,,,,,1,2,,800000,2,,41,95,95,1,1,4111,02,66,338.70858947
5371925,1,1,1,70,66,104,48,1,,2,12,1,,3,2,1,,,,,,,,,,,1,2,,850000,2,,56,53,53,1,2,5613,02,66,441.50384707
5371945,1,2,1,70,66,12,48,1,,2,12,1,,3,2,1,,,,,,,,,,,1,2,,908454,2,,25,45,93,1,1,2511,02,66,421.18218135
5371947,1,2,1,70,66,17,48,1,,2,17,1,,7,2,2,,,,,,,,,,,1,2,,1100000,2,,49,97,97,1,2,4923,02,66,288.75631707
5371948,1,4,1,70,66,60,48,1,,1,,,,,,,,.,,,,,,,,.,,,,900000,,,,45,,1,2,.,02,66,405.30571331
5371950,1,1,1,70,66,2,48,4,,2,2,4,,1,2,1,,,,,,,,,,,1,1,1000000,900000,2,,41,95,95,1,1,4111,02,66,345.36154099
5371950,1,3,1,70,66,17,48,1,,1,,,,,,,,.,,,,,,,,.,,,,1000000,,,,45,,1,2,.,02,66,345.36154099
5371960,1,1,1,70,66,50,48,4,,2,50,4,,9,2,1,,,,,,,,,,,1,2,,908526,2,,85,13,13,1,2,8530,02,66,443.46715208
5371970,1,4,1,70,66,32,48,1,,2,120,1,,9,2,1,,,,,,,,,,,1,2,,900000,2,,92,33,33,1,2,9200,02,66,377.47404034
5371971,1,2,1,70,66,5,48,1,,2,5,1,,2,2,1,,,1,,,,,,,,,2,,908526,1,1,47,45,45,1,1,4771,02,66,381.55967475
5371973,1,1,1,70,66,6,48,1,,2,6,1,,9,2,4,,,,,,,,,,,1,2,,1100000,2,,65,45,44,1,1,6511,02,66,381.55967475
5371986,1,1,1,70,66,7,48,1,,2,7,1,,4,2,1,,,,,,,,,,,1,2,,908526,2,,56,53,53,1,1,5611,02,66,310.25225496
5371998,1,1,1,70,66,12,48,1,,2,12,1,,9,2,2,,,,,,,,,,,1,2,,908526,2,,64,44,33,1,1,6412,02,66,466.49665887
5371999,1,3,1,70,66,8,48,1,,1,,,,,,,,.,,,,,,,,.,,,,900000,,,,30,,1,1,.,02,66,387.1791446
5372006,1,2,1,70,66,8,48,1,,2,8,1,,5,2,2,,,,,,,,,,,1,2,,908526,2,,56,38,53,1,1,5630,02,66,343.08101954
5372009,1,3,1,70,66,40,48,4,,2,40,4,,1,2,8,,,,,,,,,,,1,2,,1000000,2,,41,95,95,1,2,4111,02,66,262.88794912
5372009,1,4,1,70,66,40,48,1,,2,62,1,,3,2,1,,,,,,,,,,,1,2,,908526,2,,47,53,45,1,2,4771,02,66,262.88794912
5372011,1,4,1,70,66,8,48,1,,1,,,,,,,,.,,,,,,,,.,,,,908454,,,,45,,1,1,.,02,66,319.36859872
5372014,1,3,1,70,66,12,48,2,,2,12,2,,9,2,1,,,,,,,,,,,1,2,,2000000,2,,84,21,21,1,1,8412,02,66,338.70858947
5372020,1,1,1,70,66,8,48,5,,2,24,5,,4,2,1,,,,,1,,,,,,,2,,2000000,2,,45,41,41,1,1,4530,02,66,354.87185317
5372020,1,2,1,70,66,12,48,1,,1,,,,,,,,.,,,,,,,,.,,,,1200000,,,,02,,1,1,.,02,66,354.87185317
5372035,1,1,1,70,66,4,48,1,,1,,,,,,,,.,,,,,,,,.,,,,900000,,,,38,,1,1,.,02,66,395.18923908
5372046,1,1,1,70,66,5,56,1,,2,5,1,,2,2,1,,,,,,,,,,,1,1,800000,900000,2,,41,53,95,1,1,4112,02,66,438.16489867
5372064,1,2,1,70,66,12,48,1,,2,16,1,,4,2,1,,,,,,,,,,,1,2,,900000,2,,45,44,44,1,1,4530,02,66,294.08899126
5372064,1,3,1,70,66,9,48,3,,2,10,3,,2,2,1,,,,,,,,,,,1,2,,800000,2,,97,54,54,1,1,9700,02,66,294.08899126
5372080,1,1,1,70,68,52,48,1,,2,52,1,,9,2,3,,,,,,,,,,,1,2,,1500000,2,,47,45,45,1,2,4752,02,68,433.7021949
5372086,1,3,1,70,73,48,40,1,,2,260,1,,9,2,1,,,,1,,,,,,,,2,,3000000,1,1,41,02,02,1,2,4111,02,73,210.46541042
5372093,1,3,1,70,73,4,48,1,,2,4,1,,2,2,3,,,,,,,,,,,1,1,600000,908000,2,,56,53,53,1,1,5611,02,73,182.36609332
5372097,1,3,1,70,73,8,48,1,,2,8,1,,4,2,2,,,,,,,,,,,1,2,,800000,2,,47,45,45,1,1,4771,02,73,353.19273273
5372098,1,1,1,70,73,112,48,1,,2,112,1,,3,2,4,,,,,,,,,,,1,2,,950000,2,,41,95,95,1,2,4111,02,73,267.21916877
5372099,1,2,1,70,73,12,48,1,,2,18,4,,1,2,1,,,,,,,,,,,1,2,,950000,2,,47,37,41,1,1,4729,02,73,457.39971211
5372108,1,2,1,70,73,12,48,1,,2,24,1,,2,2,7,,,,,,,,,,,1,2,,920000,2,,47,37,33,1,1,4711,02,73,227.04203507
5372121,1,2,1,70,73,4,45,1,,2,4,1,,3,2,1,,,,,,,,,,,1,1,1000000,1200000,2,,25,83,83,1,1,2511,02,73,399.63341125
5372128,1,3,1,70,73,30,48,1,,2,40,1,,2,2,1,,,,,,,,,,,1,2,,908000,2,,41,95,95,1,2,4111,02,73,310.43842821
5372132,1,1,1,70,73,8,50,1,,2,8,8,,2,2,1,,,,,,,,,,,1,2,,800000,2,,01,95,62,1,1,0123,02,73,273.50049036
5372141,1,1,1,70,73,8,48,1,,2,8,1,,2,2,1,,,,,,,,,,,1,2,,1200000,2,,41,95,95,1,1,4111,02,73,242.08669746
5372143,1,1,1,70,73,4,54,4,,2,4,4,,1,2,1,,,,,,,,,,,1,1,1000000,1100000,2,,41,95,95,1,1,4111,02,73,250.71782406
5372160,1,1,1,70,76,6,60,1,,2,2,4,,1,2,1,,,,,,,,,,,1,1,120000,908526,1,2,41,58,93,1,1,4111,02,76,1021.953736
5372165,1,4,1,70,76,58,48,1,,2,58,4,,9,2,1,,,,,,,,,,,1,2,,1500000,1,1,84,02,02,1,2,8412,02,76,641.71454356
5372166,1,1,1,70,76,52,48,1,,2,60,1,,2,2,1,,,,,,,,,,,1,2,,908526,2,,47,97,45,1,2,4771,02,76,1105.1861318
5372172,1,1,1,70,76,18,48,1,,2,9,8,,5,2,6,,,,,,,,,,,1,2,,908526,2,,01,97,62,1,2,0113,02,76,1769.1290708
5372175,1,1,1,70,76,28,48,1,,2,28,1,,3,2,1,,,,,,,,,,,1,2,,908526,2,,74,45,16,1,2,7420,02,76,958.98314985
5372331,1,5,1,70,05,4,48,1,,2,4,1,,3,2,3,,,,,,,,,,,1,1,980000,1000000,2,,82,02,38,1,1,8220,02,05,706.55106366
5372363,1,3,1,70,17,7,48,1,,2,8,1,,9,2,1,,,,,,,,,,,1,2,,908526,2,,56,03,53,1,1,5611,02,17,249.47296281
5372367,1,4,1,70,17,50,40,1,,2,50,4,,1,2,1,,,,,,,,,,,1,2,,700000,2,,47,33,41,1,2,4724,02,17,159.14616141
5372367,1,5,1,70,17,10,48,1,,1,,,,,,,,.,,,,,,,,.,,,,908526,,,,38,,1,1,.,02,17,159.14616141
5372398,1,4,1,70,23,40,48,1,,2,40,1,,6,2,1,,,,,,,,,,,1,2,,800000,2,,64,33,33,1,2,6499,02,23,154.35014363
5372400,1,2,1,70,23,20,48,1,,2,20,1,,9,2,1,,,,,,,,,,,1,2,,908526,2,,86,13,34,1,2,8621,02,23,124.75221051
5372402,1,7,1,70,23,3,48,3,,2,3,3,,1,2,1,,,,,,,,,,,1,1,460000,500000,2,,97,54,54,1,1,9700,02,23,145.78530607
5372432,1,3,1,70,50,52,48,1,,2,52,4,,9,2,1,,,,,,,,,,,1,2,,900000,2,,86,59,59,1,2,8610,02,50,91.446386674
5372434,1,2,1,70,50,1,48,1,,2,2,1,,3,2,3,,,,,,,,,,,1,1,1050000,1000000,2,,56,53,53,1,1,5611,02,50,336.60668171
5372439,1,1,1,70,50,30,48,4,,2,24,3,,1,2,1,,,,,,,,,,,1,2,,900000,2,,97,45,54,1,2,9700,02,50,264.47215965
5372450,1,2,1,70,52,52,24,4,,2,4,4,,1,2,1,,,,,,,,,,,1,2,,500000,2,,32,79,94,1,2,3290,02,52,224.09034204
5372453,1,3,1,70,52,8,48,1,,2,16,4,,1,2,1,,,,,,,,,,,1,2,,2000000,2,,73,16,16,1,1,7310,02,52,182.3713561
5372455,1,4,1,70,52,4,48,1,,2,1,4,,1,2,4,,,,,1,,,,,,,1,500000,1200000,2,,43,45,93,1,1,4330,02,52,237.14817304
5372471,1,2,1,70,52,8,40,2,,2,8,1,,9,2,2,,,,,,,,,,,1,2,,1500000,2,,86,07,07,1,1,8610,02,52,217.77397987
5372484,1,1,1,70,52,2,48,1,,2,2,3,,1,2,4,,,,,,,,,,,1,1,400000,400000,2,,97,45,54,1,1,9700,02,52,189.81167664
5372484,1,2,1,70,52,6,48,1,,2,6,1,,3,2,4,,,,,,,,,,,1,2,,800000,2,,41,95,95,1,1,4111,02,52,189.81167664
5372486,1,3,1,70,52,8,40,1,,2,12,2,,9,2,1,,,,,,,,,,,1,2,,908526,2,,85,32,13,1,1,8530,02,52,175.38798212
5372492,1,4,1,70,52,24,48,1,,2,96,1,,7,2,1,,,,,1,,,,,,,2,,900000,2,,08,19,19,1,2,0811,02,52,188.11574968
5372494,1,2,1,70,52,40,48,1,,2,40,1,,7,2,4,,,,,,,,,,,1,2,,1000000,2,,56,19,53,1,2,5611,02,52,148.1338948
5372494,1,3,1,70,52,28,48,1,,2,12,4,,1,2,1,,,,,,,,,,,1,2,,1000000,2,,85,12,13,1,2,8559,02,52,148.1338948
5372495,1,3,1,70,52,52,40,2,,2,52,4,,9,2,8,,,,,,,,,,,1,2,,1800000,2,,85,13,13,1,2,8544,02,52,191.50507333
5372515,1,1,1,70,76,5,48,1,,2,780,1,,2,2,1,,,,,,,,,,,1,2,,908526,2,,56,97,53,1,1,5611,02,76,730.36030881
5372515,1,2,1,70,76,5,44,1,,2,5,1,,4,2,1,,,,,,,,,,,1,2,,908526,2,,46,39,39,1,1,4649,02,76,730.36030881
5372515,1,3,1,70,76,5,48,1,,2,5,1,,8,2,1,,,,,,,,,,,1,2,,1000000,2,,85,33,33,1,1,8530,02,76,730.36030881
5372517,1,1,1,70,76,6,48,4,,2,6,4,,1,2,1,,,,,,,,,,,1,2,,908526,2,,88,54,54,1,1,8890,02,76,882.858541
5372568,1,2,1,70,05,28,48,1,,2,102,1,,4,2,6,,,,,,,,,,,1,2,,2000000,2,,47,01,45,1,2,4771,02,05,1083.3399696
5372573,1,4,1,70,05,3,48,1,,2,3,1,,9,2,1,,,1,,1,,1,,,,,1,3500000,3500000,1,2,82,02,38,1,1,8220,02,05,1084.629018
5372595,1,2,1,70,17,48,48,1,,2,48,1,,9,2,2,,,,,,,,,,,1,2,,908526,2,,82,38,38,1,2,8220,02,17,191.12471579
5372599,1,1,1,70,17,48,48,1,,2,48,1,,4,2,1,,,,,,,,,,,1,2,,908526,2,,41,95,95,1,2,4111,02,17,288.40381748
5372714,1,2,1,70,73,10,56,4,,2,10,1,,2,2,1,,,,,,,,,,,1,2,,800000,2,,41,97,95,1,1,4111,02,73,398.25834945
5372715,1,3,1,70,73,12,48,1,,1,,,,,,,,.,,,,,,,,.,,,,1200000,,,,58,,1,1,.,02,73,312.65019226
5372718,1,3,1,70,73,26,48,4,,1,,,,,,,,.,,,,,,,,.,,,,1000000,,,,16,,1,2,.,02,73,338.5377453
5372721,1,3,1,70,73,52,48,1,,2,156,1,,5,2,2,,,,,,,,,,,1,2,,908000,2,,46,45,97,1,2,4631,02,73,272.92124888
5372726,1,3,1,70,73,12,48,1,,2,12,1,,3,2,1,,,,,,,,,,,1,2,,900000,2,,41,95,95,1,1,4111,02,73,290.17767533
5372727,1,2,1,70,73,52,40,2,,2,252,1,,9,2,2,,,,,,,,,,,1,2,,3000000,2,,42,02,02,1,2,4290,02,73,353.9300377
5372728,1,1,1,70,73,4,48,4,,2,8,4,,9,2,7,,,,,,,,,,,1,2,,2000000,2,,84,39,39,1,1,8412,02,73,167.76416989
5372728,1,3,1,70,73,24,48,1,,2,104,1,,3,2,1,,,,,,,,,,,1,2,,900000,2,,47,32,45,1,2,4773,02,73,167.76416989
5372739,1,1,1,70,73,104,48,1,,2,156,1,,4,2,1,,,,,,,,,,,1,2,,1200000,2,,46,97,97,1,2,4631,02,73,353.9300377
5372741,1,2,1,70,73,16,48,3,,2,16,3,,1,2,4,,,,,,,,,,,1,2,,600000,2,,97,54,54,1,2,9700,02,73,215.09643267
5372748,1,3,1,70,73,4,48,1,,2,4,1,,9,2,1,,,,,,,,,,,1,1,908526,908526,2,,47,97,97,1,1,4711,02,73,329.32737722
5372757,1,2,1,70,73,8,48,4,,2,8,4,,9,2,1,,,1,,,,,,,,,2,,1200000,1,2,84,39,32,1,1,8412,02,73,497.59191536
5372757,1,3,1,70,73,52,48,1,,2,52,1,,9,2,1,,,,,,,,,,,1,2,,908000,2,,86,32,32,1,2,8610,02,73,497.59191536
5372759,1,1,1,70,73,4,48,1,,2,8,4,,1,2,1,,,,,,,,,,,1,2,,900000,2,,47,33,41,1,1,4771,02,73,224.30680075
5372764,1,2,1,70,73,44,48,1,,2,44,1,,3,2,1,,,,,,,,,,,1,2,,1200000,2,,86,06,06,1,2,8610,02,73,167.76416989
5372767,1,1,1,70,73,8,45,4,,2,8,1,,2,2,1,,,,,,,,,,,1,2,,800000,2,,47,45,45,1,1,4729,02,73,329.9066187
5372768,1,2,1,70,73,52,52,1,,1,,,,,,,,.,,,,,,,,.,,,,908000,,,,32,,1,2,.,02,73,249.84401658
5372770,1,6,1,70,73,12,60,1,,2,12,1,,3,2,1,,,,,,,,,,,1,2,,900000,2,,41,95,95,1,1,4111,02,73,459.72439883
5372771,1,1,1,70,73,4,48,1,,2,4,1,,3,2,1,,,,,,,,,,,1,2,,908800,2,,31,53,81,1,1,3110,02,73,453.5768356
5372774,1,2,1,70,76,45,48,1,,2,46,1,,3,2,8,,,,,,,,,,,1,2,,908526,2,,15,80,80,1,2,1521,02,76,1104.5426259
5372777,1,2,1,70,76,32,60,1,,2,20,4,,1,2,7,,,,,,,,,,,1,2,,908526,2,,47,84,41,1,2,4773,02,76,1002.0779067
5372782,1,3,1,70,76,2,40,1,,2,4,4,,2,2,4,,,,,,,,,,,1,1,50000,908526,2,,96,45,57,1,1,9602,02,76,1131.5262422
5372784,1,5,1,70,76,24,48,1,,2,52,4,,1,2,3,,,,,,,,,,,1,2,,908526,2,,81,45,55,1,2,8121,02,76,1394.6977393
5372792,1,1,1,70,76,34,48,1,,2,120,2,,9,2,1,,,,,,,,,1,RECIBE UNA PENSION,,2,,1800000,3,,80,58,58,1,2,8010,02,76,829.07097892
5372792,1,2,1,70,76,8,48,1,,2,54,5,,2,2,2,,,,,,,,,,,1,2,,1800000,2,,55,03,61,1,1,5513,02,76,829.07097892
5372793,1,2,1,70,76,20,48,1,,2,20,3,,1,2,1,,,,,,,,,,,1,2,,908526,2,,97,55,54,1,2,9700,02,76,2695.6978666
5372793,1,3,1,70,76,8,48,1,,2,52,1,,2,2,2,,,,,,,,,,,1,2,,908526,2,,47,45,45,1,1,4724,02,76,2695.6978666
5372800,1,2,1,70,76,20,48,1,,2,24,1,,6,2,1,,,,,,,,,,,1,2,,908526,2,,41,95,95,1,2,4111,02,76,1181.3107407
5372978,1,2,1,70,05,2,30,1,,2,2,4,,3,2,9,COTIZANTE,,,,,,,,,,1,1,600000,600000,3,,41,95,95,1,1,4111,02,05,1070.0640478
5372979,1,1,1,70,05,28,48,1,,2,28,1,,4,2,8,,,,,,,,,,,1,2,,900000,2,,56,45,53,1,2,5619,02,05,1276.606571
5372979,1,5,1,70,05,8,48,1,,2,104,1,,3,2,4,,,,,,,,,,,1,2,,908000,2,,47,97,97,1,1,4711,02,05,1276.606571
5372981,1,2,1,70,05,20,48,1,,2,104,1,,8,2,1,,,,,,,,,,,1,2,,908000,2,,85,59,03,1,2,8511,02,05,1045.3594124
5372982,1,1,1,70,05,4,48,1,,2,32,4,,1,2,2,,,,,,,,,,,1,2,,980000,2,,43,93,93,1,1,4330,02,05,1056.6532338
5372988,1,2,1,70,08,52,48,1,,2,52,4,,1,2,1,,,,,,,,,,,1,2,,1000000,2,,47,32,41,1,2,4771,02,08,604.96550518
5372989,1,1,1,70,08,48,48,4,,2,48,4,,1,2,2,,,,,,,,,,,1,2,,906000,2,,49,98,98,1,2,4921,02,08,549.40257076
5372992,1,4,1,70,11,24,48,2,,1,,,,,,,,.,,,,,,,,.,,,,1500000,,,,02,,1,2,.,02,11,2340.5822593
5373041,1,3,1,70,17,72,48,1,,2,78,1,,9,2,1,,,1,,,,,,,,,2,,908526,1,1,82,38,38,1,2,8220,02,17,209.92036139
5373159,1,2,1,70,50,24,48,1,,2,40,1,,5,2,1,,,,,,,,,,,1,2,,2000000,2,,42,02,02,1,2,4210,02,50,182.43260057
5373159,1,3,1,70,50,12,50,1,,1,,,,,,,,.,,,,,,,,.,,,,2500000,,,,02,,1,1,.,02,50,182.43260057
5373166,1,4,1,70,50,8,48,1,,2,8,4,,1,2,1,,,,,,,,,,,1,2,,906000,2,,31,95,95,1,1,3110,02,50,333.96561295
5373166,1,5,1,70,50,4,48,1,,2,6,1,,4,2,1,,,,,,,,,,,1,2,,906000,2,,46,45,45,1,1,4649,02,50,333.96561295
5373167,1,2,1,70,50,26,48,1,,2,26,1,,3,2,9,SISBEN,,,,,,,,,,1,2,,905000,2,,47,45,45,1,2,4771,02,50,323.83146779
5373180,1,2,1,70,50,62,30,1,,2,32,1,,3,2,2,,,,,,,,,,,1,2,,900000,2,,47,34,33,1,2,4761,02,50,163.99657188
5373183,1,1,1,70,50,2,48,4,,2,2,4,,1,2,1,,,,,,,,,,,1,1,300000,906000,2,,43,93,93,1,1,4330,02,50,264.6336701
5373185,1,1,1,70,50,10,48,1,,2,10,1,,7,2,1,,,,,,,,,,,1,2,,906000,2,,56,58,53,1,1,5629,02,50,283.90156111
5373187,1,3,1,70,50,40,40,4,,2,40,8,,4,2,1,,,,,,,,,,,1,2,,906000,2,,01,95,62,1,2,0141,02,50,354.88487353
5373192,1,4,1,70,50,2,56,1,,2,2,1,,6,2,1,,,,,,,,,,,1,1,1400000,906000,2,,56,53,53,1,1,5611,02,50,171.47159836
5373193,1,3,1,70,50,4,48,1,,2,50,1,,4,2,1,,,,,,,,,,,1,2,,906000,2,,42,99,99,1,1,4220,02,50,197.22481666
5373200,1,3,1,70,52,17,40,1,,2,17,4,,9,2,1,,,,,,,,,,,1,2,,2000000,2,,84,16,32,1,2,8412,02,52,182.3713561
5373215,1,1,1,70,52,18,48,3,,2,18,1,,3,2,1,,,,,,,,,,,1,2,,908526,2,,56,54,53,1,2,5611,02,52,221.727633
5373215,1,2,1,70,52,28,44,1,,2,44,1,,6,2,1,,,,,,,,,,,1,2,,908526,2,,46,97,97,1,2,4631,02,52,221.727633
5373216,1,1,1,70,52,24,48,1,,2,52,8,,3,2,1,,,,,,,,,,,1,2,,908526,2,,07,53,53,1,2,0722,02,52,242.86623247
5373216,1,3,1,70,52,28,48,1,,2,28,4,,1,2,1,,,,,,,,,,,1,2,,600000,2,,52,87,97,1,2,5224,02,52,242.86623247
5373222,1,4,1,70,52,40,48,2,,2,48,4,,9,2,1,,,,,,,,,,,1,2,,2500000,2,,35,12,12,1,2,3513,02,52,109.15824355
5373228,1,1,1,70,52,40,60,4,,2,8,4,,1,2,1,,,,,,,,,,,1,2,,98,2,,49,98,98,1,2,4921,02,52,157.79837651
5373228,1,4,1,70,52,6,48,1,,1,,,,,,,,.,,,,,,,,.,,,,500000,,,,45,,1,1,.,02,52,157.79837651
5373230,1,2,1,70,52,2,40,1,,2,4,1,,2,2,1,,,,,,,,,,,1,1,350000,950000,2,,47,32,94,1,1,4719,02,52,107.42347068
5373234,1,1,1,70,52,20,48,1,,2,12,4,,1,2,1,,,,,,,,,,,1,2,,900000,2,,49,45,98,1,2,4921,02,52,244.55492859
5373237,1,1,1,70,52,12,40,1,,2,96,1,,3,2,2,,,,,,,,,,,1,2,,800000,2,,41,44,44,1,1,4111,02,52,295.80617455
5373260,1,2,1,70,76,3,30,4,,2,4,4,,3,2,2,,,,,,,,,,,1,1,400000,1000000,2,,96,57,57,1,1,9602,02,76,1471.465854
5373264,1,2,1,70,76,8,48,1,,2,40,4,,5,2,1,,,,,,,,,,,1,2,,1400000,2,,94,13,21,1,1,9499,02,76,1024.4149535
5373266,1,2,1,70,76,4,40,1,,2,6,1,,8,1,4,,,,,,,,,,,1,1,350000,920000,2,,47,45,45,1,1,4771,02,76,882.858541
5373276,1,2,1,70,76,8,50,1,,2,8,1,,2,2,1,,,,,,,,,,,1,1,420000,1440000,2,,41,95,95,1,1,4111,02,76,2168.8568435
5373281,1,2,1,70,76,7,45,1,,2,7,1,,9,2,4,,,,,,,,,,,1,2,,908526,2,,88,39,39,1,1,8890,02,76,1084.4284217
5373458,1,2,1,70,05,108,48,1,,2,156,1,,3,2,2,,,,,,,,,,,1,2,,950000,2,,47,33,45,1,2,4773,02,05,1185.1647665
5373458,1,4,1,70,05,48,48,1,,2,48,1,,2,2,1,,,,,,,,,,,1,2,,908400,2,,96,45,56,1,2,9601,02,05,1185.1647665
5373458,1,6,1,70,05,24,48,1,,2,24,1,,2,2,1,,,,,,,,,,,1,2,,950000,2,,43,95,95,1,2,4330,02,05,1185.1647665
5373464,1,2,1,70,05,20,48,1,,2,20,4,,1,2,1,,,,,,,,,,,1,2,,908526,2,,15,55,75,1,2,1522,02,05,1272.5022301
5373478,1,1,1,70,05,50,48,1,,2,60,4,,9,2,1,,,1,,,,,,,,,2,,2500000,1,1,85,12,13,1,2,8551,02,05,1062.9350654
5373482,1,2,1,70,05,52,40,4,,2,52,1,,4,2,2,,,,,,,,,,,1,2,,1000000,2,,56,51,53,1,2,5611,02,05,1434.6422311
5373492,1,4,1,70,05,3,24,1,,2,52,1,,3,2,2,,,,,,,,,,,1,2,,800000,2,,56,45,53,1,1,5611,02,05,1217.0716004
5373502,1,4,1,70,05,36,48,1,,2,40,1,,8,2,3,,,,,,,,,,,1,2,,1800000,2,,46,16,13,1,2,4653,02,05,1083.4748617
5373508,1,1,1,70,05,48,48,1,,2,48,1,,3,1,1,,,,,,,,,,,1,2,,908526,2,,43,98,98,1,2,4390,02,05,1056.6532338
5373509,1,1,1,70,05,8,48,4,,2,98,1,,7,2,2,,,,,,,,,,,1,2,,908526,2,,47,94,97,1,1,4761,02,05,1058.7702263
5373509,1,4,1,70,05,4,48,1,,1,,,,,,,,.,,,,,,,,.,,,,908526,,,,45,,1,1,.,02,05,1058.7702263
5373517,1,2,1,70,05,5,48,1,,2,12,1,,9,2,1,,,,,,,,,,,1,2,,908526,2,,10,45,45,1,1,1011,02,05,1809.5074631
5373518,1,3,1,70,05,4,48,1,,1,,,,,,,,.,,,,,,,,.,,,,908526,,,,45,,1,1,.,02,05,1012.0646329
5373523,1,3,1,70,08,5,48,1,,1,,,,,,,,.,,,,,,,,.,,,,906000,,,,32,,1,1,.,02,08,554.9538559
5373526,1,2,1,70,08,12,25,1,,2,12,1,,4,2,1,,,,,,,,1,,,,1,100000,800000,2,,85,13,13,1,1,8551,02,08,768.46333614
5373529,1,1,1,70,08,16,48,1,,2,48,1,,6,2,1,,,,,,,,1,,,,2,,906000,2,,49,98,98,1,2,4923,02,08,628.98355715
5373530,1,3,1,70,08,104,48,1,,2,104,1,,9,2,2,,,,,,,,,,,1,2,,908000,2,,50,39,39,1,2,5022,02,08,580.60468122
5373530,1,4,1,70,08,104,48,1,,2,152,1,,8,2,2,,,,,,,,,,,1,2,,908000,2,,52,39,39,1,2,5210,02,08,580.60468122
5373532,1,6,1,70,08,4,48,1,,2,24,1,,2,2,1,,,,,,,,,,,1,2,,900000,2,,50,45,33,1,1,5021,02,08,493.76573266
5373536,1,3,1,70,08,3,40,1,,2,4,1,,3,2,1,,,,,,,,,,,1,1,600000,500000,2,,56,53,53,1,1,5619,02,08,610.61360923
5373537,1,3,1,70,08,2,48,1,,2,2,4,,2,2,1,,,,,,,,,,,1,1,30000,600000,2,,47,59,45,1,1,4771,02,08,489.1276806
5373538,1,1,1,70,08,20,48,1,,2,20,1,,5,2,1,,,,,,,,,,,1,2,,700000,2,,45,98,84,1,2,4520,02,08,494.47423104
5373541,1,9,1,70,08,4,48,1,,2,8,1,,9,2,1,,,,,,,,,,,1,2,,1200000,2,,47,45,45,1,1,4754,02,08,638.26606404
5373545,1,2,1,70,08,12,40,1,,2,52,1,,2,2,4,,,,,,,,,,,1,2,,800000,2,,85,03,32,1,1,8551,02,08,524.21422644
5373546,1,4,1,70,08,52,48,1,,2,52,2,,9,2,1,,,,,,,,,,,1,2,,908000,2,,84,58,58,1,2,8422,02,08,528.31681954
5373547,1,4,1,70,08,20,24,1,,2,35,1,,5,2,1,,,,,,,,,,,1,2,,550000,2,,56,53,53,1,2,5611,02,08,479.76728533
5373557,1,3,1,70,08,6,48,1,,2,6,1,,9,2,1,,,,,,,,,,,1,2,,908506,2,,47,53,97,1,1,4723,02,08,685.62952151
5373558,1,3,1,70,08,16,48,1,,2,32,1,,8,2,1,,,,,,,,,,,1,2,,930000,2,,47,45,45,1,2,4799,02,08,482.01894735
5373576,1,2,1,70,08,6,48,1,,2,6,1,,9,2,7,,,,,,,,,,,1,2,,906000,2,,64,11,11,1,1,6412,02,08,706.08366559
5373577,1,2,1,70,08,32,40,1,,2,32,1,,7,2,4,,,,,,,,,,,1,2,,900000,2,,94,39,39,1,2,9499,02,08,603.78415463
5373583,1,1,1,70,08,99,48,1,,2,99,4,,1,2,2,,,,,,,,1,,,,2,,1500000,2,,49,97,97,1,2,4923,02,08,584.33117677
5373583,1,3,1,70,08,6,48,1,,1,,,,,,,,.,,,,,,,,.,,,,906000,,,,02,,1,1,.,02,08,584.33117677
5373584,1,3,1,70,08,44,48,1,,2,44,1,,9,2,4,,,,,,,,,,,1,2,,1500000,2,,42,02,02,1,2,4210,02,08,489.67667316
5373593,1,2,1,70,08,8,48,1,,2,8,1,,9,2,1,,,,,,,,,,,1,2,,1000000,2,,51,44,59,1,1,5111,02,08,614.87489301
5373611,1,5,1,70,08,2,40,1,,2,32,1,,4,2,1,,,,,,,,,,,1,2,,950000,2,,56,38,58,1,1,5630,02,08,532.40587904
5373620,1,5,1,70,08,4,48,1,,1,,,,,,,,.,,,,,,,,.,,,,983000,,,,03,,1,1,.,02,08,563.14785581
5373625,1,5,1,70,08,104,48,1,,1,,,,,,,,.,,,,,,,,.,,,,908500,,,,39,,1,2,.,02,08,609.43300953
5373626,1,4,1,70,08,24,48,1,,2,24,1,,9,2,1,,,,,,,,,,,1,2,,900000,2,,86,33,33,1,2,8610,02,08,621.33854981
5373631,1,1,1,70,08,8,48,1,,2,38,3,,1,2,1,,,,,,,,,,,1,2,,500000,2,,97,55,54,1,1,9700,02,08,271.46945698
5373635,1,2,1,70,08,18,48,4,,2,20,4,,1,2,1,,,,,,,,,,,1,2,,800000,2,,25,87,87,1,2,2511,02,08,537.49703048
5373643,1,3,1,70,08,26,48,1,,2,32,3,,1,2,8,,,,,,,,,,,1,2,,950000,2,,97,45,54,1,2,9700,02,08,507.49829924
5373647,1,1,1,70,08,30,48,4,,2,30,1,,9,2,1,,,,,,,,,,,1,2,,800000,2,,36,95,45,1,2,3600,02,08,571.04602543
5373656,1,3,1,70,08,20,48,1,,2,20,1,,2,2,1,,,,,,,,,,,1,2,,908500,2,,82,59,39,1,2,8219,02,08,528.67938349
5373662,1,3,1,70,08,2,48,1,,2,3,1,,8,2,1,,,,,,,,,,,1,1,3000000,1800000,2,,62,08,08,1,1,6201,02,08,545.77364496
5373662,1,4,1,70,08,8,48,1,,2,14,1,,9,2,1,,,,,,,,,,,1,2,,1000000,2,,86,59,59,1,1,8610,02,08,545.77364496
5373669,1,3,1,70,08,6,48,1,,2,8,1,,9,2,2,,,,,,,,,,,1,2,,980000,2,,92,39,45,1,1,9200,02,08,580.60468122
5373677,1,3,1,70,08,26,48,1,,1,,,,,,,,.,,,,,,,,.,,,,1000000,,,,79,,1,2,.,02,08,472.66502626
5373678,1,1,1,70,08,4,48,1,,2,4,1,,5,2,1,,,,,,,,,,,1,1,600000,960000,2,,14,79,79,1,1,1410,02,08,496.10700439
5373680,1,6,1,70,08,1,48,1,,1,,,,,,,,.,,,,,,,,.,,,,908000,,,,97,,1,1,.,02,08,751.74517223
5373680,1,7,1,70,08,8,48,1,,2,48,1,,9,2,1,,,,,,,,,,,1,2,,1200000,2,,85,13,13,1,1,8512,02,08,751.74517223
5373695,2,1,2,70,08,20,48,1,,2,30,1,,9,2,1,,,,,,,,,,,1,2,,900000,2,,84,55,55,1,2,8424,02,08,438.00116168
5373695,2,2,2,70,08,22,48,1,,2,48,1,,9,2,1,,,,,,,,,,,1,2,,600000,2,,56,55,55,1,2,5611,02,08,438.00116168
5373698,1,2,1,70,08,6,48,3,,2,6,4,,1,2,1,,,,,,,,,,,1,2,,906000,2,,96,54,57,1,1,9602,02,08,846.29262147
5373698,1,3,1,70,08,6,48,1,,2,6,1,,9,2,1,,,,,,,,,,,1,2,,906000,2,,21,33,33,1,1,2100,02,08,846.29262147
5373698,1,5,1,70,08,6,48,3,,2,28,1,,8,2,4,,,,,,,,,,,1,2,,906000,2,,82,54,44,1,1,8299,02,08,846.29262147
5373705,1,3,1,70,08,18,48,4,,1,,,,,,,,.,,,,,,,,.,,,,908526,,,,45,,1,2,.,02,08,528.31681954
5373706,1,2,1,70,08,6,48,1,,2,6,4,,1,2,1,,,,,,,,,,,1,2,,906000,2,,47,77,45,1,1,4792,02,08,601.78800219
5373707,1,3,1,70,08,4,48,1,,2,8,1,,9,2,1,,,,,,,,,,,1,2,,908000,2,,49,39,97,1,1,4923,02,08,660.97510399
5373710,1,2,1,70,08,32,48,1,,2,32,1,,5,2,1,,,,,,,,,,,1,2,,908000,2,,25,87,87,1,2,2511,02,08,614.87489301
5373725,1,5,1,70,08,44,48,1,,2,44,1,,4,2,1,,,,,,,,,,,1,2,,908526,2,,56,19,53,1,2,5611,02,08,563.14785581
5373732,1,4,1,70,08,128,48,1,,2,156,1,,9,2,1,,,,,,,,,,,1,2,,908526,2,,64,03,03,1,2,6412,02,08,621.33854981
5373733,1,3,1,70,08,20,40,1,,2,20,1,,9,2,2,,,,,,,,,,,1,2,,900000,2,,82,38,38,1,2,8220,02,08,521.75782971
5373735,1,4,1,70,08,40,48,1,,2,44,1,,4,2,1,,,,,,,,,,,1,2,,908526,2,,47,33,33,1,2,4771,02,08,623.05617445
5373737,1,1,1,70,08,6,48,1,,2,6,1,,9,2,4,,,,,,,,,,,1,2,,908526,2,,17,59,03,1,1,1709,02,08,601.78800219
5373742,1,1,1,70,11,1,48,1,,2,1,1,,9,2,8,,,,,,,,,,,1,2,,1300000,2,,46,45,45,1,1,4632,02,11,4450.5528285
5373743,1,6,1,70,11,16,48,1,,2,20,3,,1,2,8,,,,,,,,,,,1,2,,908000,2,,97,70,54,1,2,9700,02,11,2384.9203682
5373743,1,8,1,70,11,2,48,1,,2,4,3,,1,2,7,,,,,,,,,,,1,2,,908000,2,,97,45,54,1,1,9700,02,11,2384.9203682
5373745,1,3,1,70,11,24,48,1,,2,104,1,,9,2,5,,,,,,,,,,,1,2,,3000000,2,,11,02,39,1,2,1103,02,11,3404.157614
5373746,1,5,1,70,11,32,48,1,,2,8,1,,9,2,2,,,,,,,,,,,1,2,,1300000,2,,86,59,59,1,2,8610,02,11,2439.3910136
5373747,1,4,1,70,11,3,48,1,,2,200,1,,9,2,2,,,,,,,,,,,1,2,,908526,2,,79,38,38,1,1,7911,02,11,3690.0433812
5373752,1,2,1,70,11,158,48,4,,1,,,,,,,,.,,,,,,,,.,,,,908526,,,,17,,1,2,.,02,11,2523.1953621
5373754,1,1,1,70,11,24,48,1,,2,25,1,,9,2,2,,,,,,,,,,,1,2,,10000000,2,,64,21,21,1,2,6412,02,11,3121.5809853
5373762,1,1,1,70,11,51,48,1,,2,52,1,,6,2,1,,,1,,,,,,,,,2,,1000000,1,1,56,39,39,1,2,5629,02,11,4496.8164668
5373762,1,2,1,70,11,54,48,1,,2,54,1,,6,2,2,,,,,,,,,,,1,2,,1000000,2,,56,39,39,1,2,5629,02,11,4496.8164668
5373770,1,2,1,70,11,24,48,1,,2,24,1,,3,2,6,,,,,,,,,,,1,2,,950000,2,,78,54,55,1,2,7820,02,11,1855.7326753
5373779,1,4,1,70,11,12,48,1,,2,52,1,,3,2,1,,,,,,,,,,,1,2,,908000,2,,68,55,55,1,1,6820,02,11,2533.6118016
5373785,1,2,1,70,11,4,60,1,,2,4,4,,1,2,2,,,,,,,,,,,1,1,1500000,1000000,2,,88,59,59,1,1,8810,02,11,2554.0896266
5373789,1,1,1,70,11,12,48,1,,2,12,1,,9,2,1,,,,,,,,,,,1,2,,1500000,3,,35,33,33,1,1,3514,02,11,2459.0712328
5373792,1,2,1,70,11,44,44,1,,2,44,1,,9,2,2,,,,,,,,,,,1,2,,950000,2,,82,38,38,1,2,8220,02,11,3307.5032265
5373795,1,3,1,70,11,24,48,1,,2,24,1,,2,2,8,,,,,,,,,,,1,2,,950000,2,,96,57,57,1,2,9602,02,11,5721.5061365
5373795,1,8,1,70,11,45,48,1,,2,44,1,,9,2,8,,,,,,,,,,,1,2,,835000,2,,82,38,38,1,2,8220,02,11,5721.5061365
5373798,1,2,1,70,11,4,48,1,,2,8,4,,1,2,1,,,,,,,,,,,1,2,,4000000,2,,56,21,21,1,1,5629,02,11,3667.237758
5373806,1,2,1,70,11,144,48,1,,2,144,1,,9,2,4,,,,,,,,,,,1,2,,1500000,2,,85,03,92,1,2,8544,02,11,2897.6571785
5373813,1,1,1,70,11,52,48,4,,2,12,4,,1,2,1,,,,,,,,,,,1,2,,908526,2,,95,93,93,1,2,9524,02,11,4640.4262971
5373813,1,4,1,70,11,52,48,1,,2,52,1,,2,2,1,,,,,,,,,,,1,2,,908526,2,,85,36,36,1,2,8513,02,11,4640.4262971
5373814,1,2,1,70,11,16,48,1,,1,,,,,,,,.,,,,,,,,.,,,,900000,,,,45,,1,2,.,02,11,2817.1697706
5373816,1,3,1,70,11,24,48,1,,2,26,1,,3,2,1,,,,,,,,,,,1,2,,1000000,2,,31,81,81,1,2,3110,02,11,4391.709471
5373831,1,2,1,70,11,8,30,1,,2,10,1,,4,2,1,,,,,,,,,,,1,2,,1000000,2,,88,13,13,1,1,8890,02,11,6057.9741896
5373833,2,1,2,70,11,36,35,1,,2,54,4,,5,2,1,,,1,,,,,,,,,2,,1500000,1,2,90,17,17,1,2,9002,02,11,3374.2446898
5373837,1,2,1,70,11,12,48,1,,2,16,1,,2,2,4,,,,,,,,,,,1,2,,1000000,2,,46,03,45,1,1,4659,02,11,2523.1953621
5373840,1,2,1,70,11,4,48,2,,2,8,2,,9,2,1,,,1,,,,,,,,,2,,2000000,1,1,85,13,13,1,1,8530,02,11,4496.8164668
5373845,1,1,1,70,11,4,48,1,,2,4,1,,3,2,4,,,,,,,,,,,1,1,600000,908000,2,,49,98,98,1,1,4923,02,11,2930.8870434
5373848,1,2,1,70,11,12,48,1,,1,,,,,,,,.,,,,,,,,.,,,,1500000,,,,21,,1,1,.,02,11,2717.3796761
5373849,1,1,1,70,11,6,48,2,,2,6,2,,9,2,2,,,,,,,,,,,1,2,,1500000,2,,86,21,21,1,1,8610,02,11,2672.5786
5373850,1,3,1,70,11,24,20,1,,2,52,1,,4,2,8,,,,,,,,,,,1,2,,800000,2,,56,53,53,1,2,5611,02,11,4826.3485384
5373853,1,2,1,70,11,8,48,1,,2,8,1,,9,2,1,,,,,,,,,,,1,2,,1500000,2,,86,21,39,1,1,8621,02,11,2755.3812417
5373856,1,2,1,70,11,11,48,1,,2,11,4,,9,2,1,,,1,,,,,,,,,2,,4000000,1,2,94,19,19,1,1,9499,02,11,2489.9654973
5373867,1,2,1,70,11,8,48,1,,1,,,,,,,,.,,,,,,,,.,,,,1000000,,,,58,,1,1,.,02,11,3297.086787
5373870,1,2,1,70,11,28,48,1,,2,44,1,,2,2,2,,,,,,,,,,,1,2,,908000,2,,47,45,45,1,2,4769,02,11,3121.5809853
5373873,1,3,1,70,11,12,48,1,,2,4,1,,2,2,3,,,,,,,,,,,1,1,900000,1000000,2,,47,58,45,1,1,4741,02,11,2786.2755062
5373874,1,2,1,70,11,2,90,4,,2,40,4,,1,2,1,,,,,,,,,,,1,2,,908600,2,,49,98,98,1,1,4921,02,11,3299.5754522
5373875,1,2,1,70,11,12,30,1,,2,12,1,,4,2,2,,,,,,,,,,,1,2,,900000,2,,17,55,39,1,1,1709,02,11,3297.086787
5373883,1,3,1,70,11,7,48,1,,1,,,,,,,,.,,,,,,,,.,,,,1500000,,,,13,,1,1,.,02,11,2703.4728645
5373888,1,3,1,70,11,12,48,1,,2,12,1,,9,2,8,,,,,,,,,,,1,2,,2500000,2,,79,21,21,1,1,7911,02,11,3629.2361925
5373896,1,2,1,70,11,108,48,1,,2,108,2,,9,2,2,,,,,,,,,,,1,2,,4000000,2,,65,12,11,1,2,6531,02,11,3629.2361925
5373901,1,4,1,70,11,10,40,1,,2,60,1,,9,2,2,,,,,,,,,,,1,2,,1500000,2,,82,02,38,1,1,8220,02,11,2958.4643672
5373905,1,2,1,70,11,9,30,1,,2,28,1,,9,2,1,,,,,,,,,,,1,2,,908526,2,,85,53,13,1,1,8544,02,11,3259.5460768
5373905,1,4,1,70,11,2,48,1,,2,8,1,,4,2,1,,,,,,,,,,,1,2,,3000000,2,,74,02,02,1,1,7490,02,11,3259.5460768
5373908,1,1,1,70,11,104,48,1,,2,999,4,,1,2,1,,,,,,,,,,,1,2,,908526,2,,47,79,45,1,2,4792,02,11,3552.0782897
5373908,1,3,1,70,11,16,48,1,,2,44,1,,9,2,7,,,,,,,,,,,1,2,,908526,2,,64,33,21,1,2,6412,02,11,3552.0782897
5373915,1,2,1,70,11,4,48,1,,2,4,4,,1,2,8,,,,,,,,,,,1,2,,908526,2,,81,33,55,1,1,8121,02,11,2755.3812417
5373916,1,3,1,70,11,52,48,1,,2,52,4,,4,2,4,,,,,,,,,,,1,2,,908526,2,,45,98,99,1,2,4520,02,11,2734.367129
5373917,1,2,1,70,11,48,48,1,,2,48,4,,2,2,4,,,,,,,,,,,1,2,,908526,2,,47,45,45,1,2,4741,02,11,2703.4728645
5373919,1,1,1,70,11,26,48,1,,2,26,1,,5,2,1,,,,,,,,,,,1,2,,908526,2,,53,97,97,1,2,5320,02,11,3013.689685
5373919,1,2,1,70,11,52,48,1,,2,52,1,,7,2,1,,,,,,,,,,,1,2,,908526,2,,42,97,95,1,2,4210,02,11,3013.689685
5373923,1,2,1,70,11,32,48,1,,2,32,1,,4,2,2,,,,,,,,,,,1,2,,907000,2,,25,03,03,1,2,2599,02,11,3111.1645458
5373928,1,2,1,70,11,52,60,1,,2,52,1,,4,2,4,,,,,,,,,,,1,2,,907000,2,,49,98,98,1,2,4921,02,11,2889.3951058
5373930,1,2,1,70,11,8,48,1,,2,6,1,,9,2,7,,,,,,,,,,,1,2,,1000000,2,,93,39,21,1,1,9311,02,11,2935.6587441
5373948,1,4,1,70,11,6,48,1,,2,6,1,,2,2,2,,,,,,,,,,,1,2,,908526,2,,45,39,45,1,1,4530,02,11,3147.7035491
5373949,1,4,1,70,11,28,48,1,,2,28,1,,9,2,7,,,,,,,,,,,1,1,50000,908526,2,,85,03,03,1,2,8544,02,11,3660.130457
5373955,1,1,1,70,11,104,48,1,,2,104,1,,3,2,6,,,,,,,,,,,1,2,,908526,2,,41,95,95,1,2,4111,02,11,4044.0351748
5373957,1,4,1,70,11,8,48,1,,2,8,1,,9,2,8,,,,,,,,,,,1,2,,908526,2,,80,58,58,1,1,8010,02,11,2734.367129
5373958,1,1,1,70,11,78,48,1,,2,78,3,,1,2,2,,,,,,,,,,,1,2,,908526,2,,97,55,54,1,2,9700,02,11,2935.6587441
5373959,1,1,1,70,11,2,48,4,,2,20,4,,1,2,2,,,,,,,,,,,1,2,,908700,2,,14,79,79,1,1,1410,02,11,2920.2893702
5373962,1,2,1,70,11,36,48,1,,2,36,1,,2,2,1,,,,,,,,,,,1,2,,908526,2,,68,55,55,1,2,6820,02,11,3158.1199886
5373964,1,2,1,70,11,8,48,1,,2,50,1,,4,2,1,,,,,,,,,,,1,2,,900000,2,,85,53,13,1,1,8511,02,11,3121.5809853
5373966,1,1,1,70,11,24,48,1,,2,24,1,,3,2,1,,,,,,,,,,,1,2,,900000,2,,96,58,56,1,2,9601,02,11,2941.3034829
5373967,1,2,1,70,11,26,40,1,,2,26,1,,4,2,2,,,,,,,,1,,,,2,,908526,2,,56,53,53,1,2,5611,02,11,3629.2361925
5373968,1,2,1,70,11,24,48,1,,2,3,1,,2,2,8,,,,,,,,,,,1,2,,908526,2,,41,95,95,1,2,4111,02,11,4533.3554702
5373970,1,1,1,70,11,12,48,1,,2,52,4,,1,2,7,,,,,,,,,,,1,2,,908526,2,,81,55,54,1,1,8121,02,11,4682.7387081
5373971,1,7,1,70,11,16,50,1,,2,16,1,,2,2,8,,,,,,,,,,,1,2,,908000,2,,41,84,95,1,2,4111,02,11,6624.9123217
5373978,1,1,1,70,13,24,48,1,,2,24,1,,6,2,1,,,,,,,,,,,1,2,,950000,2,,86,32,32,1,2,8621,02,13,329.36154589
5373980,1,5,1,70,13,8,48,3,,2,8,1,,4,2,1,,,,,,,,,,,1,2,,500000,2,,56,54,53,1,1,5619,02,13,415.42237469
5373981,1,4,1,70,13,36,48,1,,2,36,1,,8,2,2,,,,,,,,,,,1,2,,900000,2,,47,45,45,1,2,4771,02,13,422.42138736
5373983,1,1,1,70,13,96,48,1,,2,96,1,,6,2,4,,,,,,,,,,,1,2,,900000,2,,55,55,54,1,2,5511,02,13,783.14239362
5373987,1,1,1,70,13,40,48,1,,2,40,4,,2,2,1,,,,,,,,,,,1,2,,900000,2,,10,44,53,1,2,1084,02,13,1394.5691203
5373987,1,2,1,70,13,1,48,1,,2,2,1,,9,2,1,,,,,,,,,,,1,1,908526,900000,2,,22,87,87,1,1,2229,02,13,1394.5691203
5373989,1,2,1,70,13,36,48,1,,2,40,1,,5,2,1,,,,,,,,,,,1,2,,900000,2,,55,55,55,1,2,5511,02,13,1380.5467667
5373989,1,3,1,70,13,30,48,1,,2,36,1,,6,2,4,,,,,,,,,,,1,2,,900000,2,,41,97,87,1,2,4111,02,13,1380.5467667
5373990,1,3,1,70,13,24,40,1,,2,24,6,,2,2,1,,,,,,,,,,,1,2,,908526,2,,47,58,45,1,2,4721,02,13,1477.8565241
5373991,1,1,1,70,13,24,48,1,,2,24,1,,9,2,1,,,,,1,,,,,,,2,,1500000,2,,47,21,40,1,2,4711,02,13,356.05492382
5373992,1,7,1,70,13,32,40,1,,2,32,1,,5,2,7,,,,,,,,,,,1,2,,1000000,2,,56,53,53,1,2,5611,02,13,196.76692293
5373993,1,2,1,70,13,20,40,1,,1,,,,,,,,.,,,,,,,,.,,,,908526,,,,33,,1,2,.,02,13,527.82352938
5373995,1,1,1,70,13,16,48,1,,2,96,1,,5,2,2,,,,,,,,,,,1,2,,900000,2,,47,45,45,1,2,4752,02,13,455.45458839
5374006,1,3,1,70,13,8,48,1,,1,,,,,,,,.,,,,,,,,.,,,,908526,,,,58,,1,1,.,02,13,395.36524122
5374007,1,2,1,70,13,6,48,1,,2,6,1,,3,2,1,,,,,,,,,,,1,2,,700000,2,,47,45,45,1,1,4773,02,13,434.10354555
5374007,1,3,1,70,13,10,48,1,,1,,,,,,,,.,,,,,,,,.,,,,908526,,,,97,,1,1,.,02,13,434.10354555
5374010,1,1,1,70,13,20,48,3,,2,32,3,,1,2,1,,,,,,,,,,,1,2,,908526,2,,97,54,54,1,2,9700,02,13,393.81579202
5374014,1,2,1,70,13,4,48,1,,2,4,1,,8,2,4,,,,,,,,,,,1,2,,1000000,2,,35,33,33,1,1,3514,02,13,468.82531014
5374021,1,1,1,70,13,6,48,1,,2,6,1,,3,2,4,,,,,,,,,,,1,2,,600000,2,,56,53,53,1,1,5611,02,13,325.40419846
5374023,1,2,1,70,13,12,48,1,,2,48,1,,6,2,2,,,,,,,,,,,1,2,,908526,2,,55,97,53,1,1,5511,02,13,408.42592365
5374025,1,2,1,70,13,8,48,1,,2,8,4,,1,2,4,,,,,,,,,,,1,2,,800000,2,,49,98,98,1,1,4921,02,13,433.62062213
5374025,1,3,1,70,13,6,40,1,,1,,,,,,,,.,,,,,,,,.,,,,908526,,,,59,,1,1,.,02,13,433.62062213
5374133,1,2,1,70,17,98,98,1,,2,98,1,,3,2,1,,,,,,,,,,,1,2,,1000000,2,,47,32,45,1,2,4771,02,17,311.3694875
5374139,1,3,1,70,17,40,48,1,,2,40,1,,7,2,2,,,,,,,,,,,1,2,,908526,2,,15,33,80,1,2,1522,02,17,171.03086947
5374148,1,1,1,70,17,44,48,1,,2,44,1,,9,2,1,,,,,,,,,,,1,1,100000,908526,2,,61,45,44,1,2,6110,02,17,177.65080398
5374148,1,3,1,70,17,44,48,3,,2,44,3,,1,2,1,,,,,,,,,,,1,2,,908526,2,,97,54,54,1,2,9700,02,17,177.65080398
5374149,1,3,1,70,17,20,48,1,,2,96,1,,9,2,6,,,,,,,,,,,1,2,,908526,2,,92,45,45,1,2,9200,02,17,192.37196535
5374167,1,2,1,70,17,10,48,1,,2,192,1,,9,2,2,,,,,,,,,,,1,2,,1200000,2,,85,05,39,1,1,8551,02,17,191.12471579
5374168,1,4,1,70,17,12,48,1,,1,,,,,,,,.,,,,,,,,.,,,,681000,,,,34,,1,1,.,02,17,171.28621157
5374170,1,2,1,70,17,44,48,1,,2,44,1,,3,2,1,,,,,,,,,,,1,2,,700000,2,,47,32,45,1,2,4771,02,17,191.12471579
5374171,1,2,1,70,17,4,48,1,,2,52,1,,6,2,2,,,,,,,,,,,1,2,,908526,2,,47,45,45,1,1,4771,02,17,261.88456013
5374175,1,3,1,70,17,48,48,5,,2,48,5,,2,2,1,,,,,,,,,,,1,2,,908526,2,,41,95,95,1,2,4111,02,17,170.79711724
5374177,1,2,1,70,17,6,48,1,,2,96,1,,5,2,2,,,,,,,,,,,1,2,,908526,2,,56,45,53,1,1,5611,02,17,261.88456013
5374179,1,2,1,70,17,6,24,1,,1,,,,,,,,.,,,,,,,,.,,,,500000,,,,97,,1,1,.,02,17,248.22571324
5374179,1,3,1,70,17,2,8,1,,2,2,1,,5,2,1,,,,,,,,,,,1,2,,80000,2,,93,59,59,1,1,9319,02,17,248.22571324
5374180,1,1,1,70,17,36,48,3,,2,44,4,,1,2,2,,,,,,,,,,,1,2,,800000,2,,15,54,75,1,2,1513,02,17,185.51798806
5374185,1,1,1,70,17,8,48,4,,2,44,4,,1,2,1,,,,,,,,,,,1,2,,900000,2,,85,13,13,1,1,8553,02,17,222.76131598
5374359,1,1,1,70,23,40,48,1,,2,40,1,,3,2,1,,,,,,,,,,,1,2,,908526,2,,56,53,53,1,2,5611,02,23,133.96309079
5374359,1,2,1,70,23,48,48,1,,2,48,1,,2,2,1,,,,,,,,,,,1,2,,908526,2,,47,45,45,1,2,4771,02,23,133.96309079
5374363,1,2,1,70,23,40,48,1,,2,40,1,,3,2,1,,,,,,,,,,,1,2,,700000,2,,10,77,77,1,2,1081,02,23,198.85294029
5374372,1,1,1,70,23,96,48,1,,2,96,1,,3,2,1,,,,,,,,,,,1,2,,908526,2,,68,58,58,1,2,6820,02,23,85.605521214
5374373,1,5,1,70,23,48,48,1,,2,48,1,,5,2,1,,,,,,,,,,,1,2,,908526,2,,93,32,32,1,2,9329,02,23,199.55566737
5374373,1,8,1,70,23,48,48,1,,2,48,1,,9,2,1,,,,,,,,,,,1,2,,1000000,2,,64,33,33,1,2,6412,02,23,199.55566737
5374375,1,3,1,70,23,12,48,1,,1,,,,,,,,.,,,,,,,,.,,,,908526,,,,32,,1,1,.,02,23,144.80156651
5374376,1,3,1,70,23,4,40,1,,2,52,4,,1,2,2,,,,,,,,,,,1,2,,908526,2,,85,13,13,1,1,8559,02,23,189.20688375
5374386,1,2,1,70,23,48,48,1,,2,48,4,,9,2,1,,,,,,,,,,,1,2,,1500000,2,,84,05,05,1,2,8412,02,23,152.55555049
5374386,1,3,1,70,23,52,48,1,,2,52,1,,9,2,1,,,,,,,,,,,1,2,,1500000,2,,86,19,19,1,2,8610,02,23,152.55555049
5374387,1,4,1,70,23,16,48,1,,2,20,1,,9,2,1,,,,,,,,,,,1,2,,908526,2,,47,58,58,1,2,4719,02,23,85.605521214
5374388,1,1,1,70,23,48,48,2,,2,48,4,,9,2,1,,,,,,,,,,,1,2,,908526,2,,84,09,09,1,2,8412,02,23,155.84148711
5374388,1,4,1,70,23,2,48,1,,2,53,5,,4,2,1,,,,,,,,,,,1,2,,908526,2,,46,59,41,1,1,4645,02,23,155.84148711
5374388,1,5,1,70,23,48,48,1,,2,52,5,,4,2,3,,,,,,,,,,,1,2,,908526,2,,46,13,41,1,2,4645,02,23,155.84148711
5374390,1,1,1,70,23,20,48,1,,2,20,4,,1,2,1,,,,,,,,,,,1,2,,600000,2,,47,55,45,1,2,4781,02,23,188.57028789
5374390,1,2,1,70,23,18,48,1,,2,32,1,,3,2,1,,,,,,,,,,,1,2,,700000,2,,41,53,95,1,2,4111,02,23,188.57028789
5374391,1,2,1,70,23,44,48,1,,2,44,3,,1,2,1,,,,,,,,,,,1,2,,908526,2,,97,55,54,1,2,9700,02,23,133.26343741
5374393,1,2,1,70,23,38,48,4,,2,54,1,,5,2,1,,,,,,,,,,,1,2,,908526,2,,47,85,45,1,2,4752,02,23,177.4341977
5374396,1,2,1,70,23,48,48,2,,2,60,1,,9,2,1,,,,,,,,,,,1,2,,2000000,2,,10,08,33,1,2,1040,02,23,133.27596329
5374397,1,1,1,70,23,5,48,1,,2,12,1,,8,2,1,,,,,,,,,,,1,2,,700000,2,,10,39,39,1,1,1089,02,23,225.81823953
5374397,1,3,1,70,23,12,48,1,,2,13,1,,9,2,1,,,,,,,,,,,1,2,,800000,2,,47,33,33,1,1,4711,02,23,225.81823953
5374405,1,4,1,70,23,48,48,3,,2,48,3,,1,2,1,,,,,,,,,,,1,2,,600000,2,,97,54,54,1,2,9700,02,23,163.53406456
5374407,1,5,1,70,23,2,48,1,,2,5,1,,2,2,8,,,,,,,,,,,1,2,,750000,2,,41,95,95,1,1,4111,02,23,162.37475745
5374407,2,1,2,70,23,4,44,3,,2,4,3,,1,2,1,,,,,,,,,,,1,1,450000,600000,2,,97,54,54,1,1,9700,02,23,162.37475745
5374412,1,2,1,70,23,67,48,1,,2,67,1,,8,2,1,,,,,,,,,,,1,2,,908526,2,,47,45,45,1,2,4771,02,23,216.60169878
5374414,1,1,1,70,23,48,48,1,,2,48,1,,7,2,1,,,,,,,,,,,1,2,,900000,2,,77,84,84,1,2,7730,02,23,141.63372078
5374414,1,2,1,70,23,96,48,1,,2,96,1,,9,2,1,,,,,,,,,,,1,2,,908526,2,,85,55,55,1,2,8544,02,23,141.63372078
5374414,1,3,1,70,23,8,48,1,,2,8,1,,6,2,1,,,,,,,,,,,1,2,,908526,2,,47,45,45,1,1,4773,02,23,141.63372078
5374422,1,1,1,70,23,40,48,1,,2,40,1,,4,2,1,,,,,,,,,,,1,2,,600000,2,,47,53,45,1,2,4799,02,23,196.8994612
5374422,1,5,1,70,23,12,48,1,,2,12,1,,4,2,1,,,,,,,,,,,1,2,,908526,2,,10,53,45,1,1,1081,02,23,196.8994612
5374425,1,3,1,70,23,4,48,1,,2,2,6,,2,2,4,,,,,,,,,,,1,2,,908526,2,,47,18,45,1,1,4724,02,23,193.15138897
5374426,1,1,1,70,23,30,48,1,,2,44,5,,3,2,1,,,,,,,,,,,1,2,,908526,2,,41,95,95,1,2,4111,02,23,216.1790484
5374430,1,5,1,70,23,20,50,1,,2,25,1,,3,2,1,,,,,,,,,,,1,2,,600000,2,,41,95,95,1,2,4111,02,23,141.2110704
5374433,1,1,1,70,23,2,60,1,,2,2,1,,3,2,1,,,,,,,,,,,1,1,570000,700000,2,,41,95,95,1,1,4111,02,23,184.14303559
5374436,1,1,1,70,23,104,48,3,,2,104,3,,1,2,1,,,,,,,,,,,1,2,,500000,2,,97,54,54,1,2,9700,02,23,139.5621508
5374438,1,3,1,70,23,12,48,1,,2,12,1,,4,2,1,,,,,,,,,,,1,2,,908526,2,,69,32,32,1,1,6910,02,23,163.99620017
5374440,2,1,2,70,23,4,48,4,,2,4,4,,1,2,8,,,,,,,,,,,1,1,400000,350000,2,,43,85,87,1,1,4322,02,23,113.06903117
5374440,2,2,2,70,23,8,48,1,,2,12,4,,1,2,1,,,,,,,,,,,1,2,,500000,2,,15,95,75,1,1,1513,02,23,113.06903117
5374461,1,1,1,70,23,24,48,1,,2,24,1,,9,2,1,,,,,,,,,,,1,2,,908526,2,,86,59,59,1,2,8610,02,23,131.86957335
5374463,1,2,1,70,23,8,48,1,,2,12,1,,9,2,1,,,,,,,,,,,1,2,,908526,2,,47,45,45,1,1,4711,02,23,173.64225671
5374471,1,2,1,70,23,12,48,1,,2,12,1,,9,2,2,,,,,,,,,,,1,2,,908526,2,,85,21,21,1,1,8544,02,23,176.50554295
5374827,1,3,1,70,50,12,48,4,,1,,,,,,,,.,,,,,,,,.,,,,1000000,,,,39,,1,1,.,02,50,128.88832663
5374829,1,1,1,70,50,4,40,4,,2,4,4,,1,2,1,,,,,,,,,,,1,1,800000,800000,2,,52,95,97,1,1,5224,02,50,132.31683505
5374840,1,2,1,70,50,8,48,1,,1,,,,,,,,.,,,,,,,,.,,,,1000000,,,,45,,1,1,.,02,50,196.21876893
5374843,1,2,1,70,50,12,44,1,,2,104,1,,6,2,1,,,,,,,,,,,1,2,,1200000,2,,85,55,55,1,1,8530,02,50,246.91052211
5374849,1,3,1,70,50,12,48,1,,1,,,,,,,,.,,,,,,,,.,,,,1000000,,,,45,,1,1,.,02,50,219.03927508
5374851,1,1,1,70,50,52,48,1,,2,52,3,,1,2,7,,,,,,,,,,,1,2,,900000,2,,97,54,54,1,2,9700,02,50,250.30162679
5374862,1,1,1,70,50,20,48,1,,2,20,1,,3,2,1,,,,,,,,,,,1,2,,1000000,2,,41,95,95,1,2,4111,02,50,264.6336701
5374871,1,2,1,70,50,12,48,1,,2,15,1,,3,2,8,,,,,,,,,,,1,2,,800000,2,,45,95,84,1,1,4542,02,50,208.12570839
5374874,1,1,1,70,50,30,48,1,,2,35,1,,4,2,1,,,,,,,,,,,1,2,,1000000,2,,68,58,58,1,2,6820,02,50,343.46369854
5374875,1,2,1,70,50,104,48,1,,2,4,7,,2,2,1,,,,,,,,,,,1,2,,600000,2,,45,83,99,1,2,4520,02,50,309.67851659
5374882,1,2,1,70,50,15,48,1,,2,15,1,,2,2,8,,,,,,,,,,,1,2,,900000,2,,52,45,58,1,2,5221,02,50,335.75512549
5374883,1,1,1,70,50,52,48,1,,2,52,4,,9,2,1,,,,,,,,,,,1,2,,900000,2,,85,33,39,1,2,8544,02,50,264.6336701
5374888,1,2,1,70,50,40,48,4,,2,52,1,,7,2,1,,,,,,,,,,,1,2,,900000,2,,56,55,45,1,2,5629,02,50,296.67677503
5374898,1,2,1,70,50,20,48,1,,2,30,3,,1,2,2,,,,,,,,,,,1,2,,1000000,2,,97,45,54,1,2,9700,02,50,230.00395088
5374904,1,2,1,70,50,4,48,1,,2,4,4,,1,2,1,,,,,,,,,,,1,1,500000,950000,2,,47,95,45,1,1,4781,02,50,97.167513869
5374905,1,2,1,70,50,52,48,1,,2,52,1,,3,2,7,,,,,,,,,,,1,2,,906000,2,,41,95,95,1,2,4111,02,50,216.05994566
5374906,1,2,1,70,50,52,48,1,,2,60,1,,4,2,2,,,,,,,,,,,1,2,,1000000,2,,41,33,34,1,2,4111,02,50,101.46754086
5374908,1,6,1,70,50,4,48,1,,2,5,1,,4,2,1,,,,,,,,,,,1,1,500000,1000000,2,,55,39,39,1,1,5511,02,50,47.392674517
5374911,1,4,1,70,50,156,40,1,,2,156,1,,9,2,2,,,,,,,,,,,1,2,,900000,2,,47,45,33,1,2,4755,02,50,65.424766151
5374922,1,3,1,70,50,2,48,1,,2,2,1,,3,2,7,,,,,,,,,,,1,1,500000,900000,2,,41,81,95,1,1,4111,02,50,284.93134602
5374923,1,3,1,70,50,24,48,1,,2,12,1,,9,2,1,,,,,,,,,,,1,2,,900000,2,,10,95,77,1,2,1011,02,50,236.35762158
5374943,1,1,1,70,50,52,48,4,,2,52,1,,9,2,1,,,1,,,,,,,,,2,,3000000,1,1,64,19,11,1,2,6412,02,50,191.15126464
5374945,1,2,1,70,50,8,48,4,,2,32,4,,4,2,1,,,1,,,,,,,,,2,,5000000,1,2,86,06,06,1,1,8621,02,50,209.20292882
5374946,1,1,1,70,50,4,48,4,,2,12,4,,1,2,2,,,,,,,,,,,1,2,,1500000,2,,68,44,44,1,1,6820,02,50,273.34866058
5374955,1,1,1,70,52,20,48,4,,2,20,4,,1,2,2,,,,,,,,,,,1,2,,1000000,2,,45,93,93,1,2,4520,02,52,182.3713561
5374964,1,3,1,70,52,8,40,1,,2,10,1,,2,2,1,,,,,,,,,,,1,2,,400000,2,,74,32,16,1,1,7420,02,52,161.7970861
5374967,1,2,1,70,52,40,48,1,,2,40,1,,8,2,1,,,,,,,,,,,1,2,,1000000,2,,47,45,45,1,2,4711,02,52,207.97325083
5374970,1,2,1,70,52,8,25,4,,2,4,4,,1,2,1,,,,,,,,,,,1,1,400000,300000,2,,81,55,55,1,1,8121,02,52,217.77397987
5374971,1,4,1,70,52,52,48,4,,2,1,1,,4,2,1,,,,,,,,,,,1,2,,2000000,2,,56,08,97,1,2,5619,02,52,181.70434429
5374972,1,2,1,70,52,8,40,1,,2,8,1,,6,2,7,,,,,,,,,,,1,2,,1500000,2,,61,85,85,1,1,6110,02,52,194.38235481
5374976,1,2,1,70,52,16,40,1,,2,10,1,,4,2,1,,,,,,,,,,,1,2,,908000,2,,25,32,32,1,2,2511,02,52,263.92912176
5374980,1,3,1,70,52,12,48,4,,2,12,4,,1,2,1,,,,,,,,,,,1,2,,700000,2,,41,95,95,1,1,4111,02,52,244.66461204
5374986,1,1,1,70,52,20,25,1,,2,40,3,,1,2,1,,,,,,,,,,,1,2,,800000,2,,97,54,54,1,2,9700,02,52,138.46538745
5374987,1,2,1,70,52,42,25,3,,2,41,3,,1,2,1,,,,,,,,,,,1,2,,600000,2,,97,54,54,1,2,9700,02,52,213.10825848
5374987,1,3,1,70,52,52,48,1,,2,52,4,,1,2,1,,,,,,,,,,,1,1,250000,500000,2,,52,97,97,1,2,5224,02,52,213.10825848
5374990,1,2,1,70,52,4,48,1,,2,8,1,,8,2,8,,,,,,,,,,,1,2,,908000,2,,47,59,97,1,1,4761,02,52,107.42347068
5374996,1,2,1,70,52,52,25,3,,2,52,3,,1,2,1,,,,,,,,,,,1,1,100000,400000,2,,97,59,59,1,2,9700,02,52,213.71534387
5375003,1,5,1,70,52,16,48,1,,2,16,3,,1,2,1,,,,,,,,,,,1,2,,908526,2,,97,59,59,1,2,9700,02,52,309.41725183
5375026,1,4,1,70,54,6,48,1,,2,6,1,,5,2,1,,,,,,,,,,,1,2,,900000,2,,46,02,02,1,1,4663,02,54,420.67424922
5375029,1,1,1,70,54,4,48,4,,2,4,4,,1,2,1,,,,,,,,,,,1,1,80000,908000,2,,41,95,95,1,1,4111,02,54,728.48762971
5375032,1,5,1,70,54,8,48,1,,2,10,1,,7,1,1,,,,,,,,,,,1,2,,908526,2,,47,97,97,1,1,4711,02,54,539.99364017
5375034,1,2,1,70,54,3,48,3,,2,16,4,,1,2,1,,,,,,,,,,,1,2,,400000,2,,96,54,56,1,1,9601,02,54,645.14307006
5375035,1,2,1,70,54,52,48,1,,2,58,4,,1,2,1,,,,,,,,,,,1,2,,908526,2,,15,45,99,1,2,1522,02,54,337.65494139
5375037,1,2,1,70,54,52,48,1,,2,28,4,,1,2,1,,,,,,,,,,,1,2,,908000,2,,47,45,97,1,2,4711,02,54,681.88903563
5375040,1,1,1,70,54,12,48,1,,2,13,4,,1,2,1,,,,,,,,,,,1,2,,700000,2,,15,45,99,1,1,1522,02,54,327.92365506
5375042,1,1,1,70,54,6,48,3,,2,6,4,,1,2,1,,,,,,,,,,,1,2,,900000,2,,15,54,97,1,1,1522,02,54,444.89544315
5375042,1,4,1,70,54,32,48,4,,2,32,4,,1,2,7,,,,,,,,,,,1,2,,450000,2,,81,55,55,1,2,8121,02,54,444.89544315
5375044,1,2,1,70,54,4,48,4,,2,3,4,,1,2,1,,,,,,,,,,,1,1,300000,800000,2,,41,95,95,1,1,4111,02,54,332.85366685
5375044,1,3,1,70,54,53,48,1,,2,58,4,,9,2,1,,,,,,,,,,,1,2,,908526,2,,85,13,13,1,2,8530,02,54,332.85366685
5375050,1,3,1,70,54,12,48,4,,2,24,4,,1,2,1,,,,,,,,,,,1,2,,98,2,,15,80,80,1,1,1522,02,54,288.17208899
5375052,1,1,1,70,54,76,40,4,,2,76,4,,1,2,1,,,,,,,,,,,1,2,,908000,2,,47,41,41,1,2,4799,02,54,360.14720603
5375055,1,3,1,70,54,4,48,1,,2,40,1,,2,2,1,,,,,,,,,,,1,2,,980000,2,,47,32,39,1,1,4771,02,54,276.87177862
5375055,1,5,1,70,54,8,36,4,,2,12,4,,1,2,1,,,,,,,,,,,1,2,,900000,2,,45,56,45,1,1,4530,02,54,276.87177862
5375057,1,1,1,70,54,2,48,4,,2,2,4,,1,2,1,,,,,,,,,,,1,1,400000,500000,2,,43,85,85,1,1,4321,02,54,458.90841836
5375057,1,3,1,70,54,1,48,1,,2,1,1,,3,2,3,,,,,,,,,,,1,1,908526,908526,2,,68,58,58,1,1,6820,02,54,458.90841836
5375058,1,3,1,70,54,52,48,4,,1,,,,,,,,.,,,,,,,,.,,,,908000,,,,41,,1,2,.,02,54,391.93635391
5375063,1,2,1,70,54,8,48,1,,2,44,4,,9,2,1,,,,,,,,,,,1,2,,2000000,2,,84,39,39,1,1,8413,02,54,307.63666293
5375066,1,3,1,70,54,52,48,4,,2,52,4,,1,2,1,,,,,,,,,,,1,2,,908000,2,,15,79,80,1,2,1522,02,54,340.46000658
5375071,1,3,1,70,54,32,48,1,,2,44,1,,9,2,1,,,,,,,,,,,1,2,,1500000,2,,64,21,39,1,2,6499,02,54,405.46580315
5375080,1,1,1,70,54,2,48,4,,2,2,4,,1,2,8,,,,,,,,,,,1,1,100000,800000,2,,47,45,45,1,1,4781,02,54,431.30437321
5375084,1,1,1,70,54,3,48,4,,2,2,4,,1,2,1,,,,,,,,,,,1,2,,900000,2,,81,98,55,1,1,8121,02,54,383.38646273
5375086,1,2,1,70,54,4,48,4,,2,4,4,,1,2,1,,,,,,,,,,,1,1,200000,600000,2,,15,95,99,1,1,1522,02,54,407.14479998
5375086,1,3,1,70,54,8,48,4,,2,8,4,,1,2,1,,,,,,,,,,,1,2,,600000,2,,15,95,80,1,1,1522,02,54,407.14479998
5375086,1,4,1,70,54,8,48,1,,2,8,4,,1,2,1,,,,,,,,,,,1,2,,500000,2,,15,45,80,1,1,1522,02,54,407.14479998
5375093,1,1,1,70,54,24,48,4,,2,32,4,,1,2,1,,,,,,,,,,,1,2,,908000,2,,96,55,57,1,2,9602,02,54,365.78188355
5375094,1,1,1,70,54,4,48,1,,2,8,1,,4,2,1,,,,,,,,,,,1,2,,900000,2,,85,13,13,1,1,8530,02,54,379.45226092
5375094,1,3,1,70,54,4,48,1,,2,40,1,,8,2,1,,,,,,,,,,,1,2,,500000,2,,85,33,33,1,1,8530,02,54,379.45226092
5375097,1,1,1,70,54,6,48,4,,2,6,4,,1,2,1,,,,,,,,,,,1,1,300000,800000,2,,41,95,95,1,1,4111,02,54,394.66070699
5375101,1,1,1,70,54,2,48,4,,2,12,4,,1,2,1,,,,,,,,,,,1,2,,900000,2,,56,53,53,1,1,5611,02,54,533.79794196
5375107,1,1,1,70,54,8,48,1,,2,12,4,,1,2,1,,,,,,,,,,,1,2,,908000,2,,47,33,41,1,1,4761,02,54,356.42653786
5375107,1,2,1,70,54,2,48,1,,2,4,2,,9,2,4,,,,,,,,,,,1,1,250000,908000,2,,84,58,58,1,1,8422,02,54,356.42653786
5375107,1,4,1,70,54,24,48,4,,1,,,,,,,,.,,,,,,,,.,,,,600000,,,,95,,1,2,.,02,54,356.42653786
5375109,1,2,1,70,54,2,48,2,,2,2,2,,9,2,1,,,,,,,,,,,1,1,2700000,2000000,2,,84,08,20,1,1,8412,02,54,287.50190261
5375112,1,1,1,70,54,52,48,4,,2,52,4,,1,2,1,,,,,,,,,,,1,2,,800000,2,,56,53,53,1,2,5619,02,54,416.68522573
5375116,1,2,1,70,54,2,48,1,,2,13,4,,1,2,1,,,,,,,,,,,1,2,,800000,2,,81,55,55,1,1,8121,02,54,329.56409042
5375117,1,3,1,70,54,8,48,3,,2,16,3,,1,2,1,,,,,,,,,,,1,2,,900000,2,,97,54,54,1,1,9700,02,54,338.4937387
5375118,1,2,1,70,54,4,48,4,,1,,,,,,,,.,,,,,,,,.,,,,908526,,,,53,,1,1,.,02,54,289.41591195
5375120,1,1,1,70,54,30,30,1,,2,52,1,,5,2,1,,,,,,,,,,,1,2,,1200000,2,,55,39,39,1,2,5511,02,54,350.94937812
5375128,1,2,1,70,54,2,48,1,,1,,,,,,,,.,,,,,,,,.,,,,900000,,,,33,,1,1,.,02,54,392.77515122
5375130,1,2,1,70,54,10,48,4,,2,8,4,,1,2,7,,,,,,,,,,,1,2,,1000000,2,,96,59,59,1,1,9609,02,54,308.34502619
5375141,1,3,1,70,54,3,48,1,,2,5,1,,7,2,1,,,,,,,,,,,1,2,,980000,2,,46,45,45,1,1,4645,02,54,376.61793505
5375143,1,2,1,70,54,2,48,3,,2,4,3,,1,2,1,,,,,,,,,,,1,1,300000,908526,2,,97,54,54,1,1,9700,02,54,420.43923671
5375147,1,2,1,70,54,3,48,1,,2,2,4,,1,2,7,,,,,,,,,,,1,2,,908526,2,,47,33,33,1,1,4711,02,54,398.38137517
5375148,1,2,1,70,54,1,48,4,,2,3,4,,1,2,8,,,,,,,,,,,1,1,150000,908000,2,,15,16,16,1,1,1522,02,54,468.19474018
5375151,1,6,1,70,54,10,60,4,,2,10,4,,1,2,1,,,,,,,,,,,1,2,,1000000,2,,15,80,80,1,1,1521,02,54,351.07441783
5375155,1,1,1,70,54,3,48,4,,2,2,4,,1,2,1,,,,,,,,,,,1,2,,900000,2,,01,95,61,1,1,0161,02,54,336.18947818
5375158,1,3,1,70,54,5,48,4,,2,40,4,,1,2,2,,,,,,,,,,,1,2,,980000,2,,49,98,98,1,1,4921,02,54,394.66070699
5375162,1,2,1,70,54,8,48,1,,2,8,1,,3,2,1,,,,,,,,,,,1,2,,980657,2,,47,45,45,1,1,4771,02,54,434.05717987
5375164,1,2,1,70,54,4,48,4,,2,6,4,,9,2,1,,,1,,,,,,,,,2,,2000000,1,1,84,19,19,1,1,8412,02,54,394.66070699
5375165,1,3,1,70,54,20,48,1,,2,16,1,,3,2,1,,,,,,,,,,,1,2,,908000,2,,22,45,90,1,2,2229,02,54,461.4262125
5375165,1,4,1,70,54,4,48,4,,1,,,,,,,,.,,,,,,,,.,,,,908000,,,,80,,1,1,.,02,54,461.4262125
5375173,1,8,1,70,54,4,48,4,,2,16,4,,1,2,8,,,,,,,,,,,1,2,,800000,2,,96,57,57,1,1,9602,02,54,332.01248207
5375173,1,9,1,70,54,4,48,4,,2,10,4,,1,2,3,,,,,,,,,,,1,2,,800000,2,,96,57,57,1,1,9602,02,54,332.01248207
5375174,1,2,1,70,54,4,48,1,,2,20,4,,9,2,8,,,,,,,,,,,1,2,,908526,2,,84,44,39,1,1,8412,02,54,375.08207813
5375178,1,3,1,70,54,2,48,4,,2,12,4,,1,2,4,,,,,,,,,,,1,2,,98,,,14,97,97,1,1,1410,02,54,366.15782419
5375183,1,1,1,70,54,25,48,4,,2,15,4,,9,2,1,,,,,,,,,,,1,2,,908526,2,,85,95,03,1,2,8544,02,54,398.38137517
5375188,1,1,1,70,54,18,40,1,,2,3,4,,1,2,1,,,,,,,,,,,1,2,,908526,2,,56,32,77,1,2,5619,02,54,409.57410021
5375188,2,2,2,70,54,12,48,1,,1,,,,,,,,.,,,,,,,,.,,,,908526,,,,02,,1,1,.,02,54,409.57410021
5375263,1,2,1,70,66,8,48,1,,2,12,4,,1,2,1,,,,,,,,,,,1,2,,700000,2,,47,45,41,1,1,4771,02,66,315.8717248
5375263,1,3,1,70,66,24,48,1,,1,,,,,,,,.,,,,,,,,.,,,,908526,,,,32,,1,2,.,02,66,315.8717248
5375267,1,3,1,70,66,96,48,1,,2,96,1,,9,2,2,,,,,,,,,,,1,2,,908526,2,,46,45,45,1,2,4632,02,66,320.55159998
5375271,1,2,1,70,66,6,48,1,,2,6,1,,5,2,4,,,,,,,,,,,1,1,850000,900000,2,,41,95,95,1,1,4111,02,66,430.01172945
5375289,1,1,1,70,66,8,48,1,,2,8,1,,5,2,1,,,,,,,,,,,1,2,,1500000,2,,42,02,02,1,1,4210,02,66,364.57695743
5375300,1,3,1,70,66,40,48,1,,2,40,1,,3,2,4,,,,,,,,,,,1,2,,1000000,2,,47,45,45,1,2,4771,02,66,345.07474533
5375306,1,2,1,70,66,5,48,1,,2,8,1,,8,2,7,,,,,,,,,,,1,2,,908526,2,,47,45,45,1,1,4754,02,66,325.66453682
5375306,1,5,1,70,66,10,48,1,,2,12,1,,7,2,7,,,,,,,,,,,1,2,,908526,2,,58,97,97,1,1,5813,02,66,325.66453682
5375320,1,5,1,70,66,24,48,1,,2,24,1,,2,2,1,,,,,,,,,,,1,2,,908526,2,,41,95,95,1,2,4111,02,66,426.95957672
5375325,1,4,1,70,66,44,48,1,,2,44,1,,9,2,1,,,,,,,,,,,1,2,,1000000,2,,14,79,79,1,2,1410,02,66,359.30402594
5375329,1,2,1,70,66,8,48,4,,2,8,4,,1,2,2,,,,,,,,,,,1,2,,900000,2,,96,57,57,1,1,9602,02,66,366.85747888
5375332,1,10,1,70,66,24,48,1,,2,24,1,,4,2,1,,,,,,,,,,,1,2,,908000,2,,47,45,45,1,2,4771,02,66,511.03520929
5375342,1,1,1,70,66,4,48,1,,2,50,1,,3,2,7,,,1,,,,,,,,,1,1200000,908526,1,1,49,58,58,1,1,4923,02,66,473.44832641
5375343,1,3,1,70,66,26,48,1,,2,26,1,,3,2,2,,,,,,,,,,,1,2,,1200000,2,,56,53,53,1,2,5611,02,66,145.42102322
5375343,1,4,1,70,66,32,48,1,,2,32,1,,4,2,1,,,,,,,,,,,1,2,,900000,2,,13,92,92,1,2,1313,02,66,145.42102322
5375344,1,2,1,70,66,5,48,1,,2,5,1,,9,2,2,,,,,,,,,,,1,2,,1200000,2,,10,77,77,1,1,1081,02,66,155.12612748
5375347,1,3,1,70,66,6,48,1,,2,6,1,,4,2,1,,,,,,,,,,,1,2,,908526,2,,47,53,45,1,1,4772,02,66,219.08244934
5375352,1,2,1,70,66,32,48,1,,2,32,1,,9,2,1,,,,,,,,,,,1,2,,908526,2,,61,38,38,1,2,6190,02,66,348.70048939
5375352,1,3,1,70,66,13,60,1,,1,,,,,,,,.,,,,,,,,.,,,,900000,,,,95,,1,1,.,02,66,348.70048939
5375361,1,1,1,70,66,8,48,4,,2,8,4,,5,2,3,,,,,1,,,,,,,2,,1200000,2,,41,95,95,1,1,4111,02,66,348.41369373
5375362,1,1,1,70,66,104,40,1,,2,104,1,,9,2,1,,,1,,,,,,,,,2,,1500000,1,1,86,07,07,1,2,8610,02,66,267.26037919
5375363,1,3,1,70,66,40,48,1,,2,40,1,,6,2,2,,,,,,,,,,,1,2,,1500000,2,,41,03,33,1,2,4111,02,66,345.36154099
5375364,1,2,1,70,66,32,48,1,,1,,,,,,,,.,,,,,,,,.,,,,1000000,,,,30,,1,2,.,02,66,324.70127291
5375375,1,2,1,70,66,13,48,1,,2,13,1,,3,2,1,,,,,,,,,,,1,2,,908526,2,,31,73,73,1,1,3110,02,66,333.37591529
5375382,1,2,1,70,66,8,48,1,,2,96,1,,3,2,1,,,,,,,,,,,1,2,,908526,2,,47,55,45,1,1,4771,02,66,459.81876208
5375391,1,2,1,70,66,40,48,1,,2,40,1,,5,2,2,,,,,,,,,,,1,2,,1500000,2,,93,32,32,1,2,9319,02,66,292.09526547
5375394,1,3,1,70,66,20,48,1,,1,,,,,,,,.,,,,,,,,.,,,,900000,,,,53,,1,2,.,02,66,268.50741896
5375413,1,1,1,70,66,8,48,1,,2,8,1,,9,2,7,,,,,,,,,,,1,2,,908526,2,,82,38,38,1,1,8220,02,66,405.01891765
5375422,1,2,1,70,66,96,48,1,,2,24,1,,9,2,1,,,,,,,,,,,1,2,,908526,2,,81,55,55,1,2,8121,02,66,136.29652669
5375440,1,1,1,70,68,2,48,1,,2,8,1,,9,2,1,,,,,,,,,,,1,2,,3000000,2,,85,13,13,1,1,8544,02,68,614.91254106
5375443,2,1,2,70,68,8,30,1,,2,32,1,,9,2,1,,,,,,,,,,,1,2,,600000,2,,82,38,38,1,1,8220,02,68,655.58790346
5375457,2,2,2,70,68,52,48,1,,2,104,1,,9,2,2,,,,,,,,,,,1,2,,908600,2,,46,39,45,1,2,4649,02,68,544.53819622
5375460,1,1,1,70,68,5,48,1,,2,5,1,,5,2,1,,,,,,,,,,,1,2,,1200000,2,,10,55,97,1,1,1081,02,68,634.3238216
5375464,1,3,1,70,68,5,48,1,,2,20,1,,3,2,1,,,,,,,,,,,1,2,,908526,2,,47,45,45,1,1,4771,02,68,388.82666458
5375466,1,3,1,70,68,40,48,1,,2,40,3,,1,2,8,,,,,,,,,,,1,2,,1000000,2,,97,32,54,1,2,9700,02,68,426.59900602
5375472,1,3,1,70,68,8,48,2,,2,16,2,,9,2,1,,,,,,,,,,,1,2,,98,2,,84,58,58,1,1,8422,02,68,658.27693322
5375475,1,2,1,70,68,4,48,1,,2,4,1,,9,2,3,,,,,,,,,,,1,1,878000,908600,2,,47,39,39,1,1,4771,02,68,589.68921255
5375477,1,6,1,70,68,12,48,1,,2,12,1,,2,2,1,,,,,,,,,,,1,2,,1000000,2,,47,45,97,1,1,4711,02,68,671.37580501
5375477,1,9,1,70,68,4,50,1,,2,4,1,,9,2,8,,,,,,,,,,,1,1,900000,1000000,2,,01,44,33,1,1,0145,02,68,671.37580501
5375477,2,2,2,70,68,4,40,4,,2,4,4,,1,2,1,,,,,,,,,,,1,2,,1200000,2,,15,80,80,1,1,1522,02,68,671.37580501
5375485,2,1,2,70,68,40,48,1,,2,40,1,,4,2,8,,,,,,,,,,,1,2,,700000,2,,15,53,80,1,2,1522,02,68,447.61720319
5375505,1,2,1,70,68,32,48,1,,2,32,1,,9,2,8,,,,,,,,,,,1,2,,1000000,2,,46,55,97,1,2,4631,02,68,673.26609258
5375508,1,1,1,70,68,20,48,4,,2,51,4,,1,2,1,,,,,,,,,,,1,2,,800000,3,,71,03,03,1,2,7110,02,68,614.91254106
5375510,1,1,1,70,68,8,48,4,,2,8,4,,9,2,1,,,,,,,,,,,1,2,,1000000,2,,84,03,03,1,1,8414,02,68,452.31257328
5375510,1,2,1,70,68,8,48,4,,2,8,4,,9,2,1,,,,,,,,,,,1,2,,1000000,2,,84,39,39,1,1,8412,02,68,452.31257328
5375515,1,3,1,70,68,3,48,1,,2,5,1,,9,2,1,,,,,,,,,,,1,2,,908526,2,,11,97,97,1,1,1104,02,68,585.76529218
5375525,1,2,1,70,68,44,48,1,,2,44,1,,4,2,2,,,,,,,,,,,1,2,,1200000,2,,77,19,21,1,2,7730,02,68,414.04999309
5375532,1,1,1,70,68,24,48,1,,2,51,3,,1,2,1,,,,,,,,,,,1,2,,1000000,2,,97,55,54,1,2,9700,02,68,638.24774197
5375533,1,2,1,70,68,4,48,1,,2,52,4,,1,2,2,,,,,,,,,,,1,2,,900000,2,,96,57,57,1,1,9602,02,68,629.06847061
5375539,1,1,1,70,68,46,48,1,,2,44,1,,2,2,1,,,,,,,,,,,1,2,,1000000,2,,15,80,80,1,2,1521,02,68,521.20299531
5375552,1,3,1,70,68,15,48,1,,2,52,1,,6,2,1,,,,,,,,,,,1,2,,98,2,,42,03,03,1,2,4210,02,68,629.06847061
5375552,1,4,1,70,68,24,48,1,,2,52,1,,9,2,1,,,,,,,,,,,1,2,,98,2,,86,59,59,1,2,8610,02,68,629.06847061
5375558,1,2,1,70,68,100,48,2,,2,100,1,,5,2,1,,,,,,,,,,,1,2,,2200000,2,,45,13,97,1,2,4530,02,68,510.90704607
5375559,1,2,1,70,68,3,48,2,,2,52,1,,4,2,1,,,,,,,,,,,1,2,,1500000,2,,88,19,19,1,1,8810,02,68,589.68921255
5375568,1,4,1,70,68,2,48,3,,2,2,3,,1,2,2,,,,,,,,,,,1,2,,909000,2,,97,54,54,1,1,9700,02,68,534.55802269
5375578,1,2,1,70,68,40,24,1,,2,40,4,,1,2,1,,,,,,,,,,,1,2,,1000000,2,,47,54,45,1,2,4792,02,68,597.51340293
5375587,1,1,1,70,68,32,48,1,,2,36,1,,3,2,1,,,,,,,,,,,1,2,,800000,2,,56,53,53,1,2,5611,02,68,512.48436138
5375592,1,3,1,70,68,8,48,4,,2,8,4,,1,2,1,,,,,,,,,,,1,2,,980000,2,,49,98,98,1,1,4921,02,68,555.01623896
5375598,1,5,1,70,68,50,48,1,,2,50,1,,9,2,1,,,,,,,,,,,1,2,,1800000,2,,06,98,03,1,2,0610,02,68,604.37567055
5375797,1,2,1,70,73,1,24,1,,2,9,1,,4,2,4,,,,,,,,,,,1,2,,900000,2,,10,33,33,1,1,1081,02,73,414.40935693
5375798,1,1,1,70,73,24,50,4,,2,24,4,,1,2,1,,,,,,,,,,,1,2,,1500000,3,,33,02,02,1,2,3312,02,73,570.46139397
5375798,1,4,1,70,73,5,48,1,,2,48,4,,9,2,4,,,,,,,,,,,1,2,,1200000,2,,88,59,59,1,1,8890,02,73,570.46139397
5375799,1,4,1,70,73,12,48,1,,2,12,1,,4,2,1,,,,,,,,,,,1,2,,990000,2,,47,97,97,1,1,4711,02,73,239.87856676
5375801,1,1,1,70,73,16,48,1,,2,16,1,,9,2,1,,,,1,,,,,,,,2,,900000,1,2,61,98,98,1,2,6190,02,73,328.59007225
5375805,1,2,1,70,73,48,48,1,,2,48,1,,7,2,1,,,1,,,,,,,,,2,,2000000,1,1,88,19,19,1,2,8890,02,73,308.98537924
5375811,1,3,1,70,73,8,40,2,,2,16,1,,5,2,4,,,,,,,,,,,1,2,,1000000,2,,85,03,13,1,1,8530,02,73,154.95747897
5375821,1,2,1,70,73,1,48,1,,2,2,1,,9,2,1,,,,,,,,,,,1,1,1200000,1500000,2,,41,03,03,1,1,4111,02,73,154.95747897
5375824,1,2,1,70,73,6,48,1,,2,6,1,,5,2,1,,,,,,,,,,,1,2,,900000,2,,14,45,45,1,1,1410,02,73,266.48186379
5375825,1,3,1,70,73,52,52,1,,2,52,1,,9,2,2,,,,,,,,,,,1,2,,1500000,2,,49,98,98,1,2,4921,02,73,295.8597329
5375825,1,4,1,70,73,6,48,1,,2,6,1,,6,2,1,,,,,,,,,,,1,2,,1000000,2,,56,32,53,1,1,5611,02,73,295.8597329
5375825,1,6,1,70,73,4,48,1,,2,4,1,,9,2,7,,,,,,,,,,,1,1,908000,908000,2,,35,85,85,1,1,3513,02,73,295.8597329
5375831,1,4,1,70,73,48,48,1,,2,2,1,,2,2,1,,,,,,,,,,,1,1,200000,900000,2,,41,58,93,1,2,4111,02,73,215.15494802
5375837,1,2,1,70,73,52,40,2,,2,52,2,,9,2,2,,,,,,,,,,,1,2,,2000000,2,,85,13,13,1,2,8530,02,73,214.51719119
5375843,1,2,1,70,73,8,48,1,,2,48,1,,6,2,3,,,,,,,,,,,1,2,,900000,2,,47,97,45,1,1,4711,02,73,310.43842821
5375843,1,4,1,70,73,8,48,1,,1,,,,,,,,.,,,,,,,,.,,,,900000,,,,45,,1,1,.,02,73,310.43842821
5375847,1,2,1,70,73,5,48,1,,2,156,1,,9,2,4,,,,,,,,,,,1,2,,1000000,2,,11,45,44,1,1,1104,02,73,368.70598338
5375848,1,1,1,70,73,48,48,1,,2,48,1,,4,2,2,,,,,,,,,,,1,2,,1200000,2,,88,19,59,1,2,8890,02,73,340.97841362
5375855,1,3,1,70,73,52,48,2,,2,52,1,,6,2,7,,,1,,,,,,,,,2,,1000000,1,1,85,13,13,1,2,8513,02,73,154.95747897
5375857,1,1,1,70,76,4,48,1,,2,4,1,,3,2,7,,,,,,,,,,,1,1,980000,908526,2,,10,77,77,1,1,1081,02,76,1028.4180171
5375857,1,2,1,70,76,6,48,1,,2,6,1,,9,2,7,,,,,,,,,,,1,2,,908526,2,,88,13,54,1,1,8890,02,76,1028.4180171
5375858,1,1,1,70,76,5,60,4,,2,5,4,,2,2,1,,,,,,,,,,,1,1,500000,960000,2,,15,80,80,1,1,1522,02,76,1048.6883378
5375859,1,3,1,70,76,6,56,1,,2,6,1,,4,2,3,,,,,,,,,,,1,2,,908526,2,,47,39,45,1,1,4771,02,76,836.42565178
5375861,1,3,1,70,76,32,24,1,,2,58,4,,2,2,8,,,,,,,,,,,1,2,,980526,2,,17,45,91,1,2,1709,02,76,1271.7243245
5375863,1,2,1,70,76,60,48,1,,2,4,1,,9,2,4,,,,,,,,,,,1,1,908526,908526,2,,38,39,55,1,2,3811,02,76,1360.0885506
5375863,1,5,1,70,76,12,48,3,,2,12,3,,1,2,1,,,1,,,,,,,,,2,,908526,2,,97,54,54,1,1,9700,02,76,1360.0885506
5375864,1,2,1,70,76,1,48,1,,2,260,1,,6,2,2,,,,,,,,,,,1,2,,908526,2,,14,70,70,1,1,1410,02,76,1104.5426259
5375873,1,2,1,70,76,50,48,1,,2,400,1,,3,2,2,,,,,,,,,,,1,2,,1000000,2,,47,59,59,1,2,4773,02,76,1160.5530306
5375875,1,3,1,70,76,30,48,1,,2,56,1,,4,2,2,,,,,,,,,,,1,2,,908526,2,,94,59,32,1,2,9492,02,76,598.61978671
5375882,1,2,1,70,76,8,30,1,,2,50,1,,6,2,2,,,,,,,,,,,1,2,,908526,2,,90,17,17,1,1,9008,02,76,1028.4180171
5375883,1,1,1,70,76,2,45,5,,2,2,4,,1,2,1,,,,,,,,,,,1,1,300000,840000,2,,41,95,95,1,1,4111,02,76,1721.8748219
5375884,1,2,1,70,76,200,48,1,,2,200,1,,9,2,1,,,,,,,,,,,1,2,,900000,2,,61,45,45,1,2,6190,02,76,1182.8900774
5375885,1,2,1,70,76,8,48,1,,2,24,1,,4,2,2,,,,,,,,,,,1,2,,1500000,2,,68,34,34,1,1,6820,02,76,916.55332423
5375889,1,2,1,70,76,104,48,1,,2,12,4,,1,2,1,,,,,,,,,,,1,2,,500000,2,,47,45,45,1,2,4799,02,76,3662.2716364
5375890,1,3,1,70,76,12,48,1,,2,52,1,,2,2,1,,,,,,,,,,,1,2,,908526,2,,14,79,79,1,1,1410,02,76,1805.3087733
5375895,1,2,1,70,76,13,70,1,,2,52,1,,7,2,4,,,,,,,,,,,1,2,,908526,2,,56,53,53,1,1,5619,02,76,1261.4384131
5375896,1,1,1,70,76,9,48,1,,2,9,1,,3,2,8,,,,,,,,,,,1,2,,908526,2,,81,95,55,1,1,8121,02,76,1050.7550638
5375896,1,2,1,70,76,52,48,1,,2,42,4,,9,2,1,,,,,,,,,,,1,2,,600000,2,,84,45,30,1,2,8423,02,76,1050.7550638
5375897,1,2,1,70,76,52,48,1,,2,52,1,,6,2,1,,,,,,,,,,,1,2,,908526,2,,32,53,94,1,2,3290,02,76,1073.6874863
5375901,1,3,1,70,76,5,48,1,,2,5,1,,2,2,1,,,,,,,,,,,1,2,,908526,2,,14,79,79,1,1,1410,02,76,737.71498168
5375902,1,3,1,70,76,2,40,1,,2,2,1,,9,2,1,,,,,,,,,,,1,1,1800000,1500000,1,1,47,13,45,1,1,4791,02,76,814.08860501
5375905,1,2,1,70,76,18,40,1,,2,36,4,,3,2,1,,,,,,,,,,,1,2,,908526,2,,96,45,57,1,2,9602,02,76,1337.8120365
5375906,1,1,1,70,76,52,48,1,,2,130,1,,9,2,1,,,,,,,,,,,1,2,,908526,2,,84,33,39,1,2,8412,02,76,1261.4384131
5375913,1,1,1,70,76,7,40,3,,2,28,1,,8,2,1,,,,,,,,,1,RECIBE PENSION,,2,,908526,3,,11,55,97,1,1,1102,02,76,1053.9677736
5375913,1,2,1,70,76,60,48,1,,2,60,1,,3,2,8,,,,,,,,,,,1,2,,1200000,2,,55,45,39,1,2,5511,02,76,1053.9677736
5375913,1,3,1,70,76,4,45,1,,2,12,1,,2,2,1,,,,,,,,,,,1,2,,800000,2,,43,95,93,1,1,4330,02,76,1053.9677736
5375913,1,4,1,70,76,5,48,1,,2,5,1,,3,2,8,,,,,,,,,,,1,2,,908526,2,,41,45,95,1,1,4111,02,76,1053.9677736
5375914,1,2,1,70,76,5,48,1,,2,7,1,,8,2,4,,,,,,,,,,,1,1,250000,908526,2,,41,95,95,1,1,4111,02,76,927.53263454
5375916,1,3,1,70,76,16,48,1,,2,3,1,,9,2,1,,,,,,,,,,,1,1,908526,1000000,2,,23,34,89,1,2,2392,02,76,891.79255055
5375917,1,2,1,70,76,7,48,4,,2,7,4,,9,2,1,,,1,,,,,,,,,2,,908526,1,2,84,30,30,1,1,8413,02,76,1201.1865699
5375921,1,2,1,70,76,32,48,1,,2,44,1,,6,2,1,,,,,,,,,,,1,2,,908526,2,,56,53,53,1,2,5611,02,76,1116.5438683
5375927,1,2,1,70,76,21,40,1,,2,156,1,,4,2,2,,,,,,,,,,,1,2,,1500000,2,,85,19,13,1,2,8512,02,76,1423.9735422
5375930,1,1,1,70,76,3,60,4,,2,3,4,,1,2,2,,,,,,,,,,,1,2,,1500000,2,,49,98,98,1,1,4921,02,76,1084.4284217
5375931,1,1,1,70,76,8,48,1,,2,8,1,,9,2,7,,,,,,,,,,,1,1,200000,1900000,2,,86,19,19,1,1,8621,02,76,849.57967451
5375931,1,2,1,70,76,2,48,1,,2,2,1,,9,2,7,,,,,,,,,,,1,1,908526,908526,1,1,82,39,38,1,1,8220,02,76,849.57967451
5375938,1,2,1,70,76,4,48,4,,2,41,4,,1,2,2,,,,,,,,,,,1,2,,1000000,2,,47,45,41,1,1,4771,02,76,1160.5530306
5375940,1,3,1,70,76,2,48,1,,2,364,4,,4,2,2,,,,,,,,,,,1,2,,908526,2,,31,18,95,1,1,3110,02,76,1539.7764086
5375940,1,4,1,70,76,52,48,4,,2,104,4,,4,2,2,,,,,,,,,,,1,2,,1000000,2,,31,57,95,1,2,3110,02,76,1539.7764086
5375940,1,5,1,70,76,6,48,1,,1,,,,,,,,.,,,,,,,,.,,,,908526,,,,45,,1,1,.,02,76,1539.7764086
5375943,1,3,1,70,76,54,48,1,,1,,,,,,,,.,,,,,,,,.,,,,908526,,,,33,,1,2,.,02,76,1347.8489333
5375944,1,1,1,70,76,2,48,1,,2,2,1,,3,2,1,,,,,,,,,,,1,2,,908526,2,,41,95,95,1,1,4111,02,76,1310.5100617
5375944,1,3,1,70,76,4,48,1,,2,4,1,,2,2,1,,,,,,,,,,,1,1,600000,908526,2,,41,95,95,1,1,4111,02,76,1310.5100617
5375946,1,1,1,70,76,6,48,1,,2,78,4,,2,2,2,,,,,,,,,,,1,2,,908526,2,,80,58,58,1,1,8010,02,76,1242.1995071
5375947,1,3,1,70,76,21,48,1,,2,43,4,,1,2,1,,,,,,,,,,,1,2,,908526,2,,96,45,59,1,2,9609,02,76,1648.7248599
5375948,1,1,1,70,76,52,48,1,,2,52,1,,3,2,1,,,,,,,,,,,1,2,,908526,2,,47,57,45,1,2,4771,02,76,1478.0101187
5375952,1,2,1,70,76,4,48,1,,2,7,1,,3,2,1,,,,,,,,,,,1,2,,908526,2,,56,53,53,1,1,5611,02,76,1463.0082939
5375954,1,1,1,70,76,60,48,3,,2,45,4,,1,2,1,,,,,,,,,,,1,2,,908526,2,,56,54,77,1,2,5619,02,76,1185.3138043
5375954,1,3,1,70,76,12,48,1,,2,25,1,,9,2,1,,,,,,,,,,,1,2,,908526,2,,86,39,39,1,1,8621,02,76,1185.3138043
5375958,1,1,1,70,76,52,48,1,,2,52,1,,4,2,1,,,,,,,,,,,1,2,,908526,2,,49,98,98,1,2,4923,02,76,717.20628608
5375961,1,1,1,70,76,29,48,3,,2,46,3,,1,2,1,,,,,,,,,,,1,2,,908526,2,,97,54,54,1,2,9700,02,76,1129.3033996
5375963,1,4,1,70,76,28,48,1,,2,3,1,,3,1,1,,,,,,,,,,,1,2,,908526,1,2,65,39,33,1,2,6511,02,76,939.28486243
5375971,1,1,1,70,76,42,25,1,,2,48,3,,1,2,8,,,,,,,,,,,1,2,,908526,2,,97,53,54,1,2,9700,02,76,1524.8589247
5375973,1,2,1,70,76,45,48,1,,2,50,1,,9,2,2,,,,,,,,,,,1,2,,908526,2,,78,32,39,1,2,7810,02,76,1347.8489333
5375976,1,2,1,70,76,52,48,1,,2,52,1,,4,2,2,,,,,,,,,,,1,2,,908526,2,,47,32,45,1,2,4773,02,76,1109.5836868
5375977,1,1,1,70,76,6,48,4,,2,2,4,,1,2,1,,,1,,,,,,,,,1,99,1300000,1,2,47,98,45,1,1,4781,02,76,869.45550378
5375977,1,2,1,70,76,40,48,1,,2,48,4,,1,2,8,,,,,,,,,,,1,2,,908526,2,,81,55,55,1,2,8121,02,76,869.45550378
5375978,1,2,1,70,76,104,48,1,,2,104,1,,5,2,1,,,,,,,,,,,1,2,,908526,2,,77,97,95,1,2,7730,02,76,851.1590112
5375984,1,3,1,70,76,5,48,1,,2,5,1,,3,2,8,,,,,,,,,,,1,2,,908526,2,,47,45,45,1,1,4762,02,76,760.05202845
5375989,1,5,1,70,76,7,72,1,,2,17,1,,9,2,1,,,,,,,,,,,1,2,,1400000,2,,80,33,33,1,1,8010,02,76,629.89084303
5376389,1,5,1,70,05,6,48,1,,2,6,1,,9,2,1,,,,,,,,,,,1,2,,908526,2,,47,45,45,1,1,4771,02,05,1124.1378808
5376391,1,3,1,70,05,44,48,1,,2,44,1,,7,2,1,,,,,,,,,,,1,2,,980000,2,,81,15,15,1,2,8130,02,05,998.44571074
5376393,1,1,1,70,05,44,48,1,,2,44,4,,1,2,1,,,,,,,,,,,1,2,,908526,2,,56,53,53,1,2,5619,02,05,1228.3607747
5376393,1,4,1,70,05,44,48,1,,2,44,1,,2,2,9,POR COBERTURA EMERGENCIA SANITARIA,,,,,,,,,,1,2,,908526,2,,41,95,95,1,2,4111,02,05,1228.3607747
5376403,1,2,1,70,05,4,48,1,,1,,,,,,,,.,,,,,,,,.,,,,908526,,,,54,,1,1,.,02,05,1045.3594124
5376403,1,3,1,70,05,4,48,1,,1,,,,,,,,.,,,,,,,,.,,,,908526,,,,45,,1,1,.,02,05,1045.3594124
5376404,1,2,1,70,05,24,48,4,,2,24,1,,5,2,1,,,,,,,,,,,1,2,,908000,2,,14,97,79,1,2,1410,02,05,1288.8632286
5376417,1,2,1,70,05,6,48,1,,2,96,4,,2,2,1,,,,,,,,,,,1,2,,1500000,2,,47,21,41,1,1,4741,02,05,1255.4940552
5376419,1,3,1,70,05,2,48,4,,2,40,4,,1,2,2,,,,,,,,,,,1,2,,1400000,2,,49,98,98,1,1,4921,02,05,985.03489681
5376422,1,2,1,70,05,40,48,4,,2,40,1,,3,2,2,,,,,,,,,,,1,2,,1200000,2,,14,79,79,1,2,1410,02,05,945.90018331
5376422,1,4,1,70,05,48,48,1,,2,52,2,,9,2,4,,,,,,,,,,,1,2,,1300000,2,,84,19,19,1,2,8412,02,05,945.90018331
5376423,1,2,1,70,05,4,48,1,,2,4,1,,2,2,8,,,,,,,,,,,1,1,100000,900000,2,,47,45,45,1,1,4771,02,05,1419.5170329
5376425,1,2,1,70,05,1,48,1,,1,,,,,,,,.,,,,,,,,.,,,,908500,,,,53,,1,1,.,02,05,1097.9049398
5376426,1,2,1,70,05,6,48,4,,2,6,4,,1,2,6,,,,,,,,,,,1,2,,908500,2,,81,54,54,1,1,8121,02,05,1255.4940552
5376428,1,2,1,70,05,14,48,1,,2,16,1,,4,2,1,,,,,,,,,,,1,2,,908500,2,,56,45,39,1,2,5619,02,05,1626.7546761
5376441,1,3,1,70,05,8,48,1,,2,52,1,,2,2,1,,,,,,,,,,,1,2,,980000,2,,47,53,33,1,1,4724,02,05,1252.4833724
5376444,1,2,1,70,05,8,48,1,,2,8,1,,3,2,2,,,,,,,,,,,1,2,,900000,2,,47,39,45,1,1,4772,02,05,1084.4941259
5376445,1,1,1,70,05,24,48,4,,2,8,1,,5,2,7,,,,,,,,,,,1,2,,908526,2,,47,41,45,1,2,4741,02,05,1084.4941259
5376447,1,2,1,70,05,52,48,1,,2,104,1,,2,2,2,,,,,,,,,,,1,2,,908526,2,,56,45,53,1,2,5619,02,05,1420.6711892
5376453,1,1,1,70,05,16,48,1,,2,14,1,,2,2,9,ES COTIZANTE DE LA EPS,,1,,,,,,,,,2,,908526,1,2,86,32,32,1,2,8621,02,05,1590.7017203
5376453,1,2,1,70,05,5,48,4,,2,4,4,,1,2,1,,,,,,,,,,,1,2,,980000,2,,47,45,45,1,1,4799,02,05,1590.7017203
5376455,1,2,1,70,05,4,48,1,,2,4,1,,2,2,4,,,,,,,,,,,1,1,400000,908526,2,,55,54,54,1,1,5530,02,05,1322.3661164
5376455,1,4,1,70,05,6,48,1,,2,6,1,,5,2,4,,,,,,,,,,,1,2,,908526,2,,14,79,56,1,1,1410,02,05,1322.3661164
5376458,1,1,1,70,05,52,48,1,,2,444,1,,4,2,1,,,,,,,,,,,1,1,400000,908526,2,,41,95,95,1,2,4111,02,05,1174.6509521
5376467,1,1,1,70,05,12,48,3,,2,12,4,,1,2,2,,,,,,,,,,,1,2,,908526,2,,96,54,57,1,1,9602,02,05,1118.6316356
5376469,1,3,1,70,05,24,48,1,,2,50,1,,2,2,1,,,,,,,,,,,1,2,,1100000,2,,47,45,45,1,2,4741,02,05,1235.354865
5376475,1,1,1,70,05,16,48,4,,2,16,4,,2,2,1,,,,,,,,,,,1,2,,908526,2,,14,79,79,1,2,1410,02,05,1228.3607747
5376485,1,1,1,70,05,44,48,1,,2,44,4,,1,2,2,,,,,,,,,,,1,2,,908526,2,,81,55,55,1,2,8121,02,05,1089.7566932
5376485,1,2,1,70,05,44,48,1,,2,44,1,,2,2,4,,,,,,,,,,,1,2,,908726,2,,56,95,53,1,2,5611,02,05,1089.7566932
5376487,1,1,1,70,05,52,48,1,,2,52,1,,4,2,2,,,,,,,,,,,1,2,,900000,2,,14,79,79,1,2,1410,02,05,1084.4941259
5376489,1,5,1,70,05,12,48,1,,2,12,1,,6,2,1,,,,,,,,,,,1,2,,908000,2,,56,38,53,1,1,5611,02,05,1275.4524147
5376493,1,2,1,70,05,2,48,1,,2,2,1,,9,2,2,,,,,1,,,,,,,1,908526,908526,2,,82,45,38,1,1,8220,02,05,1353.3525833
5376494,1,2,1,70,05,104,48,1,,2,104,1,,2,2,2,,,,,,,,,,,1,1,150000,908526,2,,47,45,45,1,2,4771,02,05,1101.0559826
5376496,1,4,1,70,05,7,48,1,,2,4,1,,9,2,2,,,,,,,,,,,1,2,,908526,2,,47,97,97,1,1,4711,02,05,972.91313126
5376500,1,3,1,70,05,14,48,1,,2,16,1,,4,2,2,,,,,,,,,,,1,2,,908526,2,,56,33,33,1,2,5613,02,05,1000.8889154
5376531,1,2,1,70,05,8,48,1,,2,8,1,,2,2,1,,,,,,,,,,,1,2,,1200000,2,,45,38,45,1,1,4541,02,05,1143.6644852
5376534,1,2,1,70,05,24,48,1,,2,24,1,,9,2,1,,,,,,,,,,,1,2,,1000000,2,,61,39,44,1,2,6120,02,05,1030.7944422
5376540,1,3,1,70,05,12,48,1,,2,50,1,,9,2,1,,,,,,,,,,,1,2,,700000,2,,42,95,95,1,1,4220,02,05,2064.1669811
5376543,1,2,1,70,05,12,48,1,,2,12,1,,3,2,7,,,,,,,,,,,1,2,,800000,2,,46,45,97,1,1,4631,02,05,2380.7401573
5376546,1,2,1,70,05,4,48,1,,1,,,,,,,,.,,,,,,,,.,,,,908500,,,,45,,1,1,.,02,05,3199.6387301
5376557,1,3,1,70,05,8,48,1,,1,,,,,,,,.,,,,,,,,.,,,,908526,,,,13,,1,1,.,02,05,1058.7702263
5376578,1,5,1,70,13,32,48,1,,2,32,1,,8,2,1,,,,,,,,,,,1,2,,908526,2,,41,58,58,1,2,4111,02,13,407.94300023
5376579,1,2,1,70,13,30,48,3,,2,48,3,,1,2,1,,,,,,,,,,,1,2,,500000,2,,97,54,54,1,2,9700,02,13,360.01227126
5376586,1,4,1,70,13,36,48,1,,2,36,1,,7,2,1,,,,,,,,,,,1,2,,900000,2,,55,53,53,1,2,5511,02,13,372.618157
5376588,1,3,1,70,13,24,40,1,,2,24,1,,5,2,1,,,,,,,,,,,1,2,,908526,2,,47,33,33,1,2,4711,02,13,281.56804515
5376597,1,5,1,70,13,12,48,1,,2,12,1,,9,2,1,,,,,,,,1,,,,2,,1200000,2,,19,87,87,1,1,1921,02,13,980.82617513
5376606,1,2,1,70,13,24,48,1,,2,24,1,,4,2,6,,,,,,,,1,,,,2,,1000000,2,,47,45,45,1,2,4771,02,13,377.28068559
5376606,1,3,1,70,13,20,48,1,,2,20,1,,4,2,6,,,,,,,,1,,,,2,,1200000,2,,47,40,40,1,2,4772,02,13,377.28068559
5376607,1,3,1,70,13,4,48,4,,2,40,4,,2,2,2,,,,,,,,,,,1,2,,900000,2,,55,32,32,1,1,5511,02,13,394.33843147
5376611,1,3,1,70,13,12,40,1,,2,12,1,,9,2,7,,,,,,,,,,,1,2,,1200000,2,,64,03,38,1,1,6412,02,13,257.15472014
5376611,1,4,1,70,13,24,48,1,,1,,,,,,,,.,,,,,,,,.,,,,1500000,,,,07,,1,2,.,02,13,257.15472014
5376616,1,2,1,70,13,24,48,1,,2,24,4,,9,2,2,,,,,,,,,,,1,2,,2500000,2,,84,13,32,1,2,8412,02,13,393.81579202
5376619,1,6,1,70,13,16,48,1,,2,16,1,,9,2,2,,,,,,,,,,,1,2,,98,2,,19,02,02,1,2,1921,02,13,287.81703478
5376621,1,2,1,70,13,24,48,1,,2,96,1,,9,2,4,,,,,,,,,,,1,2,,1000000,2,,80,58,58,1,2,8010,02,13,350.59889693
5376634,1,4,1,70,13,8,48,1,,2,12,1,,9,2,8,,,,,,,,,,,1,2,,600000,2,,84,45,39,1,1,8412,02,13,507.82558821
5376648,1,4,1,70,13,6,48,1,,1,,,,,,,,.,,,,,,,,.,,,,800000,,,,55,,1,1,.,02,13,358.18480865
5376654,1,1,1,70,13,10,48,1,,2,10,4,,1,2,1,,,,,,,,,,,1,2,,900000,2,,49,98,98,1,1,4921,02,13,415.57578251
5376659,1,2,1,70,13,4,48,1,,2,48,1,,3,2,1,,,,,,,,,,,1,2,,1000000,2,,47,08,45,1,1,4711,02,13,508.4064864
5376683,1,5,1,70,13,52,48,1,,2,56,1,,9,2,4,,,,,,,,,,,1,2,,2000000,2,,86,08,08,1,2,8610,02,13,412.52508962
5376685,1,4,1,70,13,52,48,1,,2,52,1,,9,2,1,,,,,,,,,,,1,2,,908526,2,,61,03,03,1,2,6120,02,13,332.27793005
5376686,1,1,1,70,13,36,48,1,,2,36,1,,9,2,2,,,,,,,,,,,1,2,,908526,2,,84,58,58,1,2,8412,02,13,415.05314307
5376706,1,2,1,70,13,32,48,1,,2,32,1,,6,2,7,,,,,,,,,,,1,2,,3000000,2,,71,02,02,1,2,7110,02,13,316.77273316
5376729,1,3,1,70,13,24,48,2,,2,24,1,,7,2,2,,,,,,,,,,,1,2,,2500000,2,,61,21,21,1,2,6120,02,13,370.05038753
5376763,1,3,1,70,17,4,40,1,,1,,,,,,,,.,,,,,,,,.,,,,908526,,,,97,,1,1,.,02,17,203.00942384
5376766,1,1,1,70,17,16,48,1,,2,16,1,,4,2,1,,,,,,,,,,,1,2,,908526,2,,56,55,77,1,2,5611,02,17,261.88456013
5376766,1,2,1,70,17,16,48,1,,2,12,4,,1,2,1,,,,,,,,,,,1,2,,908526,2,,47,38,45,1,2,4789,02,17,261.88456013
5376770,1,1,1,70,17,16,48,1,,2,16,1,,6,2,3,,,,,,,,,,,1,2,,1200000,2,,47,21,45,1,2,4759,02,17,201.76217427
5376775,1,1,1,70,17,4,48,1,,2,4,1,,9,2,6,,,,,,,,,,,1,2,,908526,2,,20,98,99,1,1,2023,02,17,232.26052858
5376775,1,2,1,70,17,10,48,1,,2,10,1,,9,2,8,,,,,,,,,,,1,2,,908526,2,,27,84,84,1,1,2750,02,17,232.26052858
5376781,1,2,1,70,17,98,48,1,,2,98,1,,4,2,1,,,,,,,,,,,1,2,,908526,2,,68,37,37,1,2,6820,02,17,186.76523763
5376784,1,1,1,70,17,16,48,1,,2,96,3,,1,2,1,,,,,,,,,,,1,2,,900000,2,,97,77,54,1,2,9700,02,17,189.87746622
5376786,1,1,1,70,17,12,30,1,,2,30,1,,4,2,1,,,,,,,,,,,1,2,,900000,2,,68,58,58,1,1,6820,02,17,193.66123797
5376788,1,1,1,70,17,44,44,3,,2,44,3,,1,2,1,,,,,,,,,,,1,2,,900000,2,,97,54,54,1,2,9700,02,17,185.51798806
5376792,1,2,1,70,17,104,104,1,,2,20,4,,4,2,1,,,,,,,,,,,1,2,,1500000,2,,73,16,16,1,2,7310,02,17,225.88848178
5376793,1,1,1,70,17,36,60,1,,2,44,1,,4,2,2,,,,,,,,,,,1,2,,908526,2,,56,77,58,1,2,5630,02,17,193.66123797
5376796,1,6,1,70,17,12,48,1,,1,,,,,,,,.,,,,,,,,.,,,,908526,,,,39,,1,1,.,02,17,253.93399026
5376797,1,1,1,70,17,20,48,1,,2,98,1,,9,2,1,,,1,,,,,,,,,2,,908526,1,1,56,55,53,1,2,5611,02,17,211.0689974
5376799,1,4,1,70,17,4,48,1,,2,12,1,,9,2,1,,,,,,,,,,,1,2,,908526,2,,47,45,33,1,1,4711,02,17,131.29333297
5376806,1,2,1,70,17,3,48,4,,2,3,4,,1,2,1,,,,,,,,,,,1,2,,908526,2,,81,55,55,1,1,8121,02,17,190.74139886
5376818,1,1,1,70,17,6,40,4,,2,6,4,,1,2,5,,,1,,,,,,,,,1,400000,908526,3,,43,93,93,1,1,4330,02,17,169.54986767
5376820,1,2,1,70,17,48,48,1,,2,48,1,,3,2,2,,,,,,,,,,,1,2,,908526,2,,45,84,84,1,2,4520,02,17,198.84233516
5376823,1,3,1,70,17,24,48,1,,2,24,4,,1,2,1,,,,,,,,,,,1,2,,908526,2,,47,38,45,1,2,4729,02,17,185.17632443
5376826,1,1,1,70,17,44,48,4,,2,240,1,,9,2,2,,,,,,,,,,,1,2,,900000,2,,86,79,53,1,2,8610,02,17,212.31624697
5376826,1,3,1,70,17,44,48,1,,2,44,1,,9,2,4,,,,,,,,,,,1,2,,1000000,2,,82,38,38,1,2,8220,02,17,212.31624697
5376829,1,1,1,70,17,44,24,4,,2,44,4,,1,2,1,,,,,,,,,,,1,2,,600000,2,,13,79,79,1,2,1399,02,17,169.54986767
5376831,1,4,1,70,17,8,48,1,,2,96,1,,9,2,2,,,,,,,,,,,1,2,,908526,2,,11,38,97,1,1,1101,02,17,237.48393938
5376838,1,3,1,70,17,24,48,1,,2,24,1,,9,2,8,,,,,,,,,,,1,2,,1800000,2,,25,84,84,1,2,2593,02,17,170.79711724
5376842,1,2,1,70,17,16,48,1,,2,16,1,,8,2,2,,,,,,,,,,,1,2,,1000000,2,,87,19,19,1,2,8790,02,17,251.24710164
5376848,1,2,1,70,17,24,48,1,,2,24,1,,3,2,2,,,,,,,,,,,1,2,,900000,2,,45,84,84,1,2,4520,02,17,232.0681391
5376850,1,4,1,70,17,2,55,1,,2,2,4,,1,2,1,,,,,,,,,,,1,1,900000,1000000,2,,43,93,93,1,1,4330,02,17,172.04436681
5376855,1,2,1,70,17,40,8,1,,2,8,4,,8,2,1,,,1,,,,,,,,,2,,1800000,1,1,85,07,07,1,2,8551,02,17,154.70007118
5376857,1,1,1,70,17,52,48,1,,2,52,1,,4,2,2,,,,,,,,,,,1,2,,2000000,2,,43,02,02,1,2,4321,02,17,191.12471579
5376858,1,3,1,70,17,40,48,1,,2,40,1,,4,2,1,,,,,,,,,,,1,2,,1000000,2,,47,32,45,1,2,4771,02,17,228.28143163
5376859,1,3,1,70,17,28,48,1,,2,28,1,,9,2,1,,,,,,,,,,,1,2,,2000000,2,,61,02,02,1,2,6120,02,17,172.04436681
5376859,1,4,1,70,17,4,48,1,,2,4,1,,9,2,1,,,,,,,,,,,1,1,908526,908526,2,,82,38,38,1,1,8220,02,17,172.04436681
5377162,1,2,1,70,23,48,48,1,,2,48,4,,9,2,1,,,,,,,,,,,1,2,,1200000,2,,94,32,05,1,2,9499,02,23,135.66151434
5377163,1,4,1,70,23,30,48,1,,2,80,1,,4,2,1,,,,,,,,,,,1,2,,908526,2,,47,32,32,1,2,4752,02,23,182.07699503
5377165,1,3,1,70,23,4,48,1,,1,,,,,,,,.,,,,,,,,.,,,,908526,,,,13,,1,1,.,02,23,144.80156651
5377671,1,3,1,70,68,10,48,1,,2,32,1,,2,2,4,,,,,,,,,,,1,2,,98,2,,47,38,45,1,1,4773,02,68,527.97172155
5377673,1,1,1,70,68,6,48,1,,2,6,4,,1,2,1,,,,,,,,,,,1,2,,1200000,2,,56,33,41,1,1,5619,02,68,433.7021949
5377680,1,1,1,70,68,4,48,1,,2,4,1,,9,2,2,,,,,,,,,,,1,1,600000,1200000,2,,82,38,38,1,1,8220,02,68,664.54745865
5377685,1,1,1,70,73,180,48,1,,2,245,1,,9,2,4,,,,,1,,,,,,,2,,1200000,2,,35,39,39,1,2,3520,02,73,224.30680075
5377686,1,2,1,70,73,2,56,1,,2,25,1,,2,2,2,,,,,,,,,,,1,2,,908526,2,,41,95,95,1,1,4111,02,73,310.43842821
5377686,1,4,1,70,73,8,48,1,,1,,,,,,,,.,,,,,,,,.,,,,908526,,,,97,,1,1,.,02,73,310.43842821
5377687,1,3,1,70,73,3,48,1,,1,,,,,,,,.,,,,,,,,.,,,,1200000,,,,03,,1,1,.,02,73,154.95747897
5377699,1,1,1,70,73,132,48,1,,2,132,1,,3,2,8,,,,,,,,,,,1,2,,908526,2,,41,95,95,1,2,4111,02,73,414.40935693
5377704,1,3,1,70,73,40,48,1,,2,40,1,,7,2,4,,,,,,,,,,,1,2,,908526,2,,46,39,39,1,2,4664,02,73,154.95747897
5377704,1,4,1,70,73,8,48,1,,2,8,4,,9,2,1,,,,,,,,,,,1,2,,908526,2,,84,39,39,1,1,8414,02,73,154.95747897
5377705,1,2,1,70,73,6,48,1,,2,6,1,,9,2,4,,,,,,,,,,,1,2,,908526,2,,02,98,98,1,1,0220,02,73,283.44816341
5377706,1,2,1,70,73,8,48,1,,2,8,1,,5,2,4,,,,,,,,,,,1,2,,1200000,2,,88,13,13,1,1,8890,02,73,329.55628149
5377710,1,2,1,70,73,4,48,1,,1,,,,,,,,.,,,,,,,,.,,,,900000,,,,45,,1,1,.,02,73,253.50882959
5377717,1,2,1,70,73,8,45,1,,1,,,,,,,,.,,,,,,,,.,,,,910000,,,,95,,1,1,.,02,73,510.91528678
5377717,1,3,1,70,73,52,48,1,,2,52,1,,4,2,1,,,,,,,,,,,1,2,,950000,2,,47,99,45,1,2,4723,02,73,510.91528678
5377897,1,2,1,70,17,16,48,1,,2,16,1,,9,2,2,,,,,,,,,,,1,2,,908526,2,,68,95,95,1,2,6820,02,17,157.32320544
5377898,1,1,1,70,17,48,24,1,,2,48,1,,9,2,2,,,,,,,,,,,1,2,,908526,2,,86,33,33,1,2,8610,02,17,211.0689974
5378018,1,3,1,70,23,21,48,1,,2,53,1,,2,2,1,,,,,,,,,,,1,2,,500000,2,,45,84,84,1,2,4542,02,23,175.03612077
5378019,1,1,1,70,23,3,48,1,,2,3,1,,2,2,1,,,,,,,,,,,1,1,760000,908526,2,,41,95,95,1,1,4111,02,23,153.58037483
5378024,1,2,1,70,23,10,48,2,,2,2,4,,1,2,1,,,,,,,,,,,1,1,1200000,1000000,2,,49,39,98,1,1,4921,02,23,203.66970562
5378029,1,1,1,70,23,4,50,1,,2,5,1,,3,2,1,,,,,,,,,,,1,2,,700000,2,,41,95,95,1,1,4111,02,23,178.45902204
5378059,1,3,1,70,50,8,48,1,,1,,,,,,,,.,,,,,,,,.,,,,1000000,,,,34,,1,1,.,02,50,219.03927508
5378065,1,3,1,70,50,52,48,1,,2,300,6,,2,2,1,,,,,,,,,,,1,2,,1300000,2,,47,05,33,1,2,4752,02,50,205.93980714
5378076,1,3,1,70,50,12,40,1,,2,102,1,,9,2,2,,,,,,,,,,,1,2,,1500000,2,,74,33,03,1,1,7490,02,50,203.6937954
5378080,1,2,1,70,50,8,48,1,,2,8,4,,9,2,2,,,,,,,,,,,1,2,,3200000,2,,86,19,19,1,1,8610,02,50,241.63407184
5378086,1,2,1,70,52,40,48,1,,2,8,1,,9,2,7,,,,,,,,,,,1,2,,700000,2,,14,45,97,1,2,1410,02,52,107.42347068
5378089,1,4,1,70,52,24,48,1,,2,8,1,,3,2,2,,,,,,,,,,,1,2,,1000000,2,,47,02,33,1,2,4711,02,52,220.03170604
5378091,1,2,1,70,52,12,40,1,,2,52,4,,1,2,2,,,,,,,,,,,1,1,200000,2000000,2,,69,12,12,1,1,6910,02,52,263.92912176
5378097,1,2,1,70,52,52,48,1,,2,52,1,,2,2,1,,,,,,,,,,,1,2,,908000,2,,61,85,38,1,2,6190,02,52,152.77305232
5378098,1,1,1,70,52,20,48,4,,2,24,5,,7,2,1,,,,1,,,,,,,,2,,5000000,1,1,42,02,02,1,2,4210,02,52,211.96965988
5378101,1,1,1,70,52,48,40,2,,2,104,2,,9,2,1,,,,1,,,,,,,,1,400000,3500000,1,1,84,12,32,1,2,8412,02,52,266.09818732
5378109,1,1,1,70,54,24,48,3,,2,44,4,,1,2,1,,,,,,,,,,,1,2,,500000,2,,56,54,53,1,2,5611,02,54,356.79758926
5378125,1,3,1,70,68,40,48,1,,2,40,1,,7,2,1,,,,,,,,,,,1,2,,900000,2,,49,39,33,1,2,4923,02,68,384.90274421
5378131,1,2,1,70,68,52,48,1,,2,156,1,,4,2,1,,,,,,,,,,,1,2,,908600,2,,85,13,13,1,2,8512,02,68,329.69669992
5378134,1,2,1,70,76,4,48,3,,2,416,3,,1,2,1,,,,,,,,,,,1,2,,908526,2,,97,54,55,1,1,9700,02,76,959.64808108
5378134,2,2,2,70,76,47,42,3,,2,32,8,,4,2,4,,,,,,,,,,,1,2,,780000,2,,01,54,62,1,2,0128,02,76,959.64808108
5378506,1,1,1,70,05,30,48,1,,2,104,1,,3,2,1,,,,,,,,,,,1,2,,908526,2,,14,55,79,1,2,1410,02,05,972.91313126
5378506,1,2,1,70,05,40,48,1,,2,52,1,,2,2,4,,,,,,,,,,,1,2,,908526,2,,43,93,93,1,2,4330,02,05,972.91313126
5378521,1,1,1,70,05,16,48,1,,2,16,4,,9,2,2,,,,,,,,,,,1,2,,2800000,2,,56,05,13,1,2,5629,02,05,2152.6917586
5378533,1,1,1,70,05,2,48,4,,2,2,4,,1,2,1,,,,,,,,,,,1,1,300000,908526,2,,30,83,83,1,1,3012,02,05,1427.9138548
5378536,1,2,1,70,05,60,48,2,,2,60,1,,4,2,2,,,,,,,,,,,1,2,,1200000,2,,62,39,39,1,2,6202,02,05,1255.4940552
5378537,1,1,1,70,05,4,48,4,,2,4,4,,1,2,1,,,1,,,,,,,,,1,200000,908526,1,1,41,84,95,1,1,4111,02,05,1044.2052561
5378537,1,2,1,70,05,52,48,1,,2,52,1,,6,2,2,,,,1,,,,,,,,2,,1200000,1,4,64,39,39,1,2,6412,02,05,1044.2052561
5378540,1,2,1,70,05,44,48,1,,2,44,1,,5,2,6,,,,,,,,,,,1,2,,908526,2,,56,53,53,1,2,5611,02,05,1434.6422311
5378547,1,2,1,70,08,32,48,1,,2,32,5,,2,2,1,,,,,,,,,,,1,2,,500000,2,,56,45,51,1,2,5619,02,08,523.47321763
5378548,1,3,1,70,08,16,48,1,,2,16,1,,7,2,1,,,,,,,,,,,1,2,,700000,2,,41,45,55,1,2,4112,02,08,566.95696593
5378611,1,4,1,70,17,2,48,1,,2,2,1,,4,2,1,,,,,,,,,,,1,2,,908526,2,,56,53,53,1,1,5611,02,17,295.36357218
5378616,1,3,1,70,17,4,48,1,,2,4,1,,3,2,1,,,,,,,,,,,1,2,,908526,2,,56,97,97,1,1,5611,02,17,203.00942384
5378617,1,1,1,70,17,3,48,1,,2,3,1,,3,2,1,,,,,,,,,,,1,2,,908526,2,,47,45,45,1,1,4759,02,17,210.87660792
5378619,1,1,1,70,17,8,48,1,,2,8,1,,9,2,2,,,,,,,,,,,1,2,,908526,2,,61,38,38,1,1,6110,02,17,281.63645226
5378631,1,3,1,70,17,52,24,1,,2,24,1,,9,2,1,,,,,,,,,,,1,2,,1200000,2,,22,03,90,1,2,2229,02,17,155.40470326
5378633,1,1,1,70,17,7,48,1,,2,50,1,,4,2,2,,,1,,,,,,,,,2,,908526,1,2,01,60,60,1,1,0123,02,17,149.79797554
5378639,1,1,1,70,17,6,50,1,,2,6,4,,1,2,1,,,,,,,,,,,1,1,200000,908526,2,,41,95,95,1,1,4111,02,17,169.50784463
5378644,1,1,1,70,17,20,50,1,,2,22,1,,6,2,8,,,,,,,,,,,1,2,,908526,2,,42,95,95,1,2,4210,02,17,173.90934583
5378646,1,1,1,70,17,44,48,1,,2,10,4,,1,2,1,,,,,,,,,,,1,1,400000,908526,2,,14,45,79,1,2,1410,02,17,191.12471579
5378646,1,2,1,70,17,44,48,1,,2,44,1,,9,2,6,,,,,,,,,,,1,2,,908526,2,,41,44,44,1,2,4111,02,17,191.12471579
5378647,1,1,1,70,17,44,48,1,,2,44,1,,7,2,1,,,,,,,,,,,1,2,,1000000,2,,55,34,50,1,2,5511,02,17,189.87746622
5378648,1,3,1,70,17,7,48,1,,1,,,,,,,,.,,,,,,,,.,,,,908526,,,,34,,1,1,.,02,17,212.31624697
5378654,1,1,1,70,17,48,48,1,,2,48,1,,7,2,2,,,,,,,,,,,1,2,,908526,2,,43,98,98,1,2,4321,02,17,173.90934583
5378659,1,2,1,70,17,16,48,1,,2,46,1,,7,2,1,,,,,,,,,,,1,2,,2000000,2,,79,50,21,1,2,7911,02,17,193.53260284
5378659,1,4,1,70,17,6,48,1,,2,6,4,,6,2,1,,,,,,,,,,,1,2,,1000000,2,,71,08,08,1,1,7110,02,17,193.53260284
5378661,1,3,1,70,17,12,48,1,,2,12,1,,3,2,2,,,,,,,,,,,1,2,,1000000,2,,47,45,45,1,1,4771,02,17,224.20095502
5378663,1,2,1,70,17,50,48,1,,2,116,1,,9,2,2,,,,,,,,,,,1,2,,6000000,2,,61,44,44,1,2,6110,02,17,224.20095502
5378664,1,1,1,70,17,50,48,1,,2,50,1,,3,2,1,,,,,,,,,,,1,2,,1000000,2,,86,07,07,1,2,8691,02,17,201.76217427
5378750,1,2,1,70,23,52,48,1,,2,16,4,,1,2,2,,,,,,,,,,,1,2,,908526,2,,47,59,45,1,2,4792,02,23,181.33483416
5378754,1,4,1,70,23,52,24,1,,2,520,1,,4,2,1,,,,,,,,,,,1,2,,400000,2,,47,45,45,1,2,4771,02,23,161.69560266
5378756,1,2,1,70,23,20,48,1,,2,30,1,,2,2,1,,,,,,,,,,,1,2,,908526,2,,69,11,11,1,2,6920,02,23,177.4341977
5378764,1,3,1,70,23,6,48,1,,1,,,,,,,,.,,,,,,,,.,,,,908526,,,,32,,1,1,.,02,23,139.9722753
5378766,1,2,1,70,23,3,48,1,,2,3,4,,1,2,1,,,,,,,,,,,1,1,650000,800000,2,,45,87,87,1,1,4520,02,23,203.66970562
5378767,1,1,1,70,23,3,48,1,,2,3,3,,1,2,1,,,,,,,,,,,1,1,200000,908526,2,,97,53,54,1,1,9700,02,23,161.56498589
5378768,1,1,1,70,23,30,48,3,,2,40,3,,1,2,1,,,,,,,,,,,1,2,,400000,2,,97,54,54,1,2,9700,02,23,158.14895003
5378771,1,1,1,70,23,13,48,1,,2,54,4,,1,2,1,,,,,,,,,,,1,2,,600000,2,,55,79,54,1,1,5590,02,23,361.28677101
5378773,1,3,1,70,23,80,48,1,,1,,,,,,,,.,,,,,,,,.,,,,1200000,,,,05,,1,2,.,02,23,108.48226962
5378776,1,2,1,70,23,3,48,1,,2,3,1,,3,2,1,,,,,,,,,,,1,1,600000,450000,2,,41,95,95,1,1,4111,02,23,146.62494636
5378786,1,2,1,70,23,44,48,1,,2,52,1,,9,2,1,,,,,,,,,,,1,2,,908526,2,,47,33,33,1,2,4719,02,23,136.68633868
5378787,1,2,1,70,23,8,48,1,,2,40,1,,9,2,1,,,,,,,,,,,1,2,,908526,2,,47,32,32,1,1,4771,02,23,86.929044259
5378787,1,3,1,70,23,4,48,1,,2,48,1,,4,2,1,,,,,,,,,,,1,2,,908526,2,,47,45,45,1,1,4724,02,23,86.929044259
5378879,1,3,1,70,50,20,48,1,,2,20,1,,9,2,4,,,,,,,,,,,1,2,,906000,2,,06,59,59,1,2,0610,02,50,367.86903342
5378879,1,4,1,70,50,52,48,1,,2,52,4,,9,2,4,,,,,,,,,,,1,2,,1500000,2,,85,13,13,1,2,8544,02,50,367.86903342
5378879,1,5,1,70,50,15,48,1,,2,52,4,,1,2,4,,,,,,,,,,,1,2,,906000,2,,93,53,18,1,2,9312,02,50,367.86903342
5378880,1,1,1,70,50,52,48,1,,2,6,4,,1,2,1,,,,,,,,,,,1,2,,906000,2,,41,95,95,1,2,4111,02,50,276.05484509
5378882,1,2,1,70,50,52,48,1,,1,,,,,,,,.,,,,,,,,.,,,,1200000,,,,33,,1,2,.,02,50,228.64991195
5378886,1,3,1,70,50,24,48,1,,2,4,4,,9,2,2,,,,,,,,,,,1,1,2500000,2500000,2,,86,02,34,1,2,8621,02,50,171.31008791
5378887,1,2,1,70,50,2,48,1,,1,,,,,,,,.,,,,,,,,.,,,,906000,,,,99,,1,1,.,02,50,212.40878588
5378888,1,3,1,70,50,12,48,3,,2,12,3,,1,2,1,,,,,,,,,,,1,2,,900000,2,,97,54,54,1,1,9700,02,50,255.25382304
5378890,1,2,1,70,50,13,40,1,,2,20,4,,1,2,1,,,,,,,,,,,1,2,,900000,2,,81,55,55,1,1,8121,02,50,236.35762158
5378895,1,1,1,70,50,32,48,1,,2,45,1,,9,2,2,,,,,,,,,,,1,2,,906000,2,,49,98,98,1,2,4921,02,50,452.24531168
5378896,1,1,1,70,50,52,48,1,,2,52,1,,8,2,2,,,,,,,,,,,1,2,,906000,2,,49,53,55,1,2,4923,02,50,275.21030781
5378896,1,3,1,70,50,30,48,1,,2,60,1,,4,2,1,,,,,,,,,,,1,2,,906000,2,,56,53,53,1,2,5630,02,50,275.21030781
5378911,1,3,1,70,52,52,48,1,,2,8,1,,9,2,8,,,,,,,,,,,1,2,,908526,2,,86,39,39,1,2,8610,02,52,154.92339558
5378911,1,4,1,70,52,8,20,3,,2,84,1,,9,2,8,,,,,,,,,,,1,2,,450000,2,,85,54,13,1,1,8512,02,52,154.92339558
5378912,1,3,1,70,52,12,48,1,,2,40,1,,2,2,1,,,,,,,,,,,1,2,,800000,2,,56,45,77,1,1,5619,02,52,208.0121544
5378916,1,2,1,70,52,32,48,3,,2,32,3,,1,2,8,,,,,,,,,,,1,2,,500000,2,,97,54,54,1,2,9700,02,52,217.14587163
5378916,1,3,1,70,52,8,40,1,,2,8,1,,3,2,8,,,,,,,,,,,1,2,,908526,2,,47,45,45,1,1,4719,02,52,217.14587163
5378917,1,2,1,70,52,4,48,4,,2,4,1,,2,2,1,,,,,,,,,,,1,1,800000,800000,2,,41,95,95,1,1,4111,02,52,270.66886549
5378919,1,2,1,70,52,6,20,3,,2,48,3,,1,2,1,,,,,,,,,,,1,2,,500000,2,,97,54,54,1,1,9700,02,52,194.38235481
5378927,1,1,1,70,52,8,48,4,,2,8,4,,1,2,1,,,,,,,,,,,1,2,,800000,2,,47,45,45,1,1,4782,02,52,193.20100029
5378928,1,1,1,70,52,15,40,4,,2,48,1,,4,2,1,,,,,,,,,,,1,1,200000,500000,2,,47,55,45,1,2,4723,02,52,132.19878232
5378942,1,2,1,70,52,24,40,3,,2,52,4,,1,2,1,,,,,,,,,,,1,2,,300000,2,,81,54,55,1,2,8121,02,52,170.99072975
5378942,1,3,1,70,52,8,30,1,,2,52,3,,1,2,1,,,,,,,,,,,1,2,,200000,2,,97,45,54,1,1,9700,02,52,170.99072975
5378944,1,1,1,70,52,4,50,4,,2,4,4,,1,2,1,,,,,1,,,,,,,1,600000,1000000,2,,41,95,95,1,1,4111,02,52,185.18871116
5378946,1,3,1,70,52,52,40,1,,2,52,1,,4,2,6,,,,,,,,,,,1,2,,2000000,2,,85,02,13,1,2,8551,02,52,132.19878232
5378948,1,4,1,70,52,6,40,2,,1,,,,,,,,.,,,,,,,,.,,,,908000,,,,12,,1,1,.,02,52,243.88791678
5378957,1,1,1,70,54,28,48,4,,2,28,4,,1,2,1,,,,,,,,,,,1,2,,908000,2,,31,95,95,1,2,3110,02,54,308.26192662
5378969,1,2,1,70,54,2,48,4,,2,3,4,,1,2,1,,,,,,,,,,,1,2,,908526,2,,49,98,98,1,1,4921,02,54,857.53020037
5378971,1,1,1,70,54,16,30,4,,2,44,4,,1,2,1,,,,,,,,,,,1,2,,600000,2,,47,45,45,1,2,4792,02,54,351.78817544
5379002,1,3,1,70,68,44,48,1,,2,44,1,,2,2,1,,,,,,,,,,,1,2,,900000,2,,47,33,40,1,2,4772,02,68,630.67538724
5379002,1,4,1,70,68,52,48,1,,2,52,1,,3,2,1,,,,,,,,,,,1,2,,900000,2,,15,80,80,1,2,1521,02,68,630.67538724
5379014,1,3,1,70,68,16,48,1,,2,46,1,,9,2,2,,,,,,,,,,,1,2,,900000,2,,46,38,39,1,2,4645,02,68,664.54745865
5379021,1,1,1,70,68,52,48,1,,2,52,1,,4,2,1,,,,,,,,,,,1,2,,1100000,2,,85,54,53,1,2,8530,02,68,510.90704607
5379025,1,3,1,70,68,60,48,2,,2,8,4,,9,2,1,,,,,,,,,,,1,2,,1500000,2,,84,21,39,1,2,8412,02,68,575.96811011
5379027,1,2,1,70,68,102,48,2,,2,104,4,,9,2,1,,,,,,,,,,,1,2,,1800000,3,,93,18,18,1,2,9319,02,68,662.16924118
5379028,1,2,1,70,68,52,40,1,,2,52,1,,2,2,2,,,,,,,,,,,1,2,,900000,2,,47,45,45,1,2,4711,02,68,339.99264916
5379029,1,1,1,70,68,28,48,1,,2,44,4,,1,2,1,,,,,,,,,,,1,2,,900000,2,,56,53,53,1,2,5619,02,68,481.75979719
5379029,1,3,1,70,68,43,48,1,,2,44,4,,1,2,1,,,,,,,,,,,1,2,,900000,2,,47,45,41,1,2,4771,02,68,481.75979719
5379033,1,3,1,70,68,4,40,1,,2,16,1,,3,2,1,,,,,,,,,,,1,2,,900000,2,,56,33,53,1,1,5619,02,68,677.62700003
5379034,1,9,1,70,68,52,40,1,,2,52,1,,3,2,1,,,,,,,,,,,1,2,,900000,2,,47,33,33,1,2,4711,02,68,946.46432138
5379036,1,2,1,70,68,44,48,1,,2,44,1,,2,2,1,,,,,,,,,,,1,2,,900000,2,,41,95,95,1,2,4111,02,68,675.61269764
5379036,1,3,1,70,68,6,48,1,,2,6,1,,5,2,1,,,,,,,,,,,1,2,,1000000,2,,22,45,90,1,1,2229,02,68,675.61269764
5379038,1,2,1,70,68,6,48,1,,2,14,4,,1,2,2,,,,,,,,,,,1,2,,900000,2,,88,45,54,1,1,8890,02,68,589.68921255
5379040,1,3,1,70,68,24,38,1,,1,,,,,,,,.,,,,,,,,.,,,,900000,,,,33,,1,2,.,02,68,629.06847061
5379041,1,3,1,70,68,208,48,1,,2,208,1,,7,2,1,,,1,,,,,,,,,2,,1800000,2,,47,19,32,1,2,4752,02,68,313.90447842
5379041,1,4,1,70,68,104,48,1,,2,104,1,,4,2,1,,,,,,,,,,,1,2,,1800000,2,,56,02,53,1,2,5630,02,68,313.90447842
5379048,1,1,1,70,68,16,48,1,,2,16,1,,3,2,1,,,,,,,,,,,1,2,,908526,2,,41,55,95,1,2,4111,02,68,639.82505728
5379096,1,2,1,70,73,58,48,1,,2,58,1,,8,2,2,,,,,,,,,,,1,2,,908526,2,,85,55,55,1,2,8530,02,73,284.26176051
5379096,1,6,1,70,73,49,48,1,,2,55,1,,5,2,4,,,,,,,,,,,1,2,,908526,2,,56,45,53,1,2,5611,02,73,284.26176051
5379103,1,6,1,70,73,52,48,1,,1,,,,,,,,.,,,,,,,,.,,,,1000000,,,,32,,1,2,.,02,73,208.77711664
5379104,1,3,1,70,73,32,60,1,,2,44,1,,4,2,1,,,,,,,,,,,1,2,,900000,2,,10,77,77,1,2,1081,02,73,243.71922004
5379126,1,2,1,70,76,8,48,1,,1,,,,,,,,.,,,,,,,,.,,,,2000000,,,,12,,1,1,.,02,76,981.32019662
5379137,1,1,1,70,76,14,48,1,,2,48,1,,2,2,8,,,,,,,,,,,1,2,,908526,2,,47,95,45,1,2,4772,02,76,1258.3212872
5379137,1,2,1,70,76,42,48,1,,2,46,1,,3,2,8,,,,,,,,,,,1,2,,850000,2,,56,53,53,1,2,5619,02,76,1258.3212872
5379137,1,3,1,70,76,8,40,1,,1,,,,,,,,.,,,,,,,,.,,,,520000,,,,45,,1,1,.,02,76,1258.3212872
5379137,1,4,1,70,76,8,40,1,,2,6,1,,9,2,1,,,,,,,,,1,RECIBE RENTA,,2,,1100000,2,,86,59,59,1,1,8691,02,76,1258.3212872
5379140,1,1,1,70,76,52,48,1,,2,6,4,,9,2,1,,,,,,,,,,,1,2,,1500000,2,,85,13,13,1,2,8544,02,76,1071.0253845
5379143,1,2,1,70,76,48,48,1,,2,36,1,,5,2,1,,,1,,,,,,,,,2,,908526,1,1,56,53,53,1,2,5619,02,76,1044.2907827
5379148,1,2,1,70,76,48,48,1,,2,48,1,,9,2,2,,,,,,,,,,,1,2,,1200000,2,,27,32,32,1,2,2711,02,76,981.32019662
5379150,1,2,1,70,76,4,48,1,,2,7,4,,1,2,2,,,,,,,,,,,1,2,,908526,2,,96,45,57,1,1,9602,02,76,676.57274673
5379151,1,1,1,70,76,50,48,4,,2,50,4,,5,2,2,,,,,,,,,,,1,2,,1800000,2,,90,13,17,1,2,9007,02,76,1104.5426259
5379152,1,2,1,70,76,4,72,1,,2,50,1,,9,2,2,,,,,,,,,,,1,2,,908526,2,,46,45,45,1,1,4631,02,76,1603.2063761
5379153,1,1,1,70,76,2,48,1,,2,1,1,,9,2,1,,,,,,,,,,,1,1,908526,908526,2,,46,99,97,1,1,4631,02,76,1290.714216
5379157,1,1,1,70,76,7,48,1,,2,7,1,,3,2,1,,,1,,,,,,,,,2,,908526,1,2,43,98,95,1,1,4330,02,76,849.828689
5379161,1,2,1,70,76,7,48,1,,2,7,1,,6,2,4,,,,,,,,,,,1,2,,1000000,2,,88,13,13,1,1,8890,02,76,905.19558777
5379167,1,2,1,70,76,4,48,1,,2,7,4,,1,2,1,,,,,,,,,,,1,2,,908526,2,,47,53,41,1,1,4711,02,76,1591.870065
5379168,1,1,1,70,76,24,48,1,,2,32,1,,9,2,4,,,,,,,,,,,1,2,,1000000,2,,14,79,79,1,2,1410,02,76,890.21321386
5379172,1,2,1,70,76,17,50,4,,2,17,5,,2,2,1,,,,,,,,,,,1,2,,1800000,2,,41,95,95,1,2,4111,02,76,1024.4149535
5379526,1,6,1,70,05,7,48,1,,2,7,1,,5,2,8,,,,,,,,,,,1,2,,908526,2,,56,53,53,1,1,5611,02,05,1579.4888548
5379527,1,2,1,70,05,52,48,1,,2,104,1,,3,2,1,,,,,,,,,,,1,2,,908526,2,,14,79,79,1,2,1410,02,05,966.51319578
5379527,1,3,1,70,05,52,48,1,,2,104,1,,3,2,1,,,,,,,,,,,1,2,,908526,2,,14,39,97,1,2,1410,02,05,966.51319578
5379527,1,4,1,70,05,52,48,1,,1,,,,,,,,.,,,,,,,,.,,,,908526,,,,39,,1,2,.,02,05,966.51319578
5379551,1,2,1,70,05,18,50,2,,2,18,4,,9,2,9,COTIZANTE INDEPENDIENTE,,1,,,,,,,,,2,,1200000,1,1,90,13,17,1,2,9008,02,05,809.03776367
5379556,1,1,1,70,05,4,48,1,,2,4,1,,2,2,2,,,,,,,,,,,1,1,908526,908526,2,,47,21,45,1,1,4761,02,05,1353.3525833
5379563,2,1,2,70,05,5,48,1,,2,8,1,,5,2,3,,,,,,,,,,,1,2,,908500,2,,56,53,53,1,1,5629,02,05,827.90246503
5379565,1,2,1,70,05,7,48,1,,2,30,4,,1,2,1,,,,,,,,,,,1,2,,908526,2,,81,79,54,1,1,8121,02,05,1073.3351966
5379565,1,3,1,70,05,7,48,1,,2,10,1,,9,2,1,,,,,,,,,,,1,2,,908526,2,,46,55,97,1,1,4631,02,05,1073.3351966
5379565,1,4,1,70,05,26,48,1,,1,,,,,,,,.,,,,,,,,.,,,,908526,,,,55,,1,2,.,02,05,1073.3351966
5379566,1,2,1,70,05,104,48,1,,2,150,1,,3,2,1,,,,,,,,,,,1,2,,908526,2,,41,98,95,1,2,4112,02,05,1083.3399696
5379567,1,1,1,70,05,7,48,1,,2,8,1,,5,2,4,,,,,,,,,,,1,2,,908526,2,,92,03,97,1,1,9200,02,05,1174.6509521
5379568,1,3,1,70,05,1,48,1,,2,60,1,,3,2,1,,,,,,,,,,,1,2,,908526,2,,31,79,79,1,1,3110,02,05,966.43997963
5379571,1,2,1,70,05,16,48,1,,2,16,1,,9,1,9,POR COBERTURA,,,,,,,,,,1,2,,908526,2,,56,53,53,1,2,5611,02,05,1076.3458793
5379573,1,1,1,70,05,44,40,4,,2,44,4,,2,2,1,,,,,,,,,,,1,2,,1500000,3,,56,41,51,1,2,5630,02,05,1270.0590254
5379578,1,2,1,70,05,12,48,1,,2,12,3,,1,2,1,,,,,,,,,,,1,2,,908454,2,,97,58,54,1,1,9700,02,05,1228.8073194
5379579,1,2,1,70,05,51,48,1,,2,51,1,,3,2,2,,,,,,,,,,,1,2,,908526,2,,56,53,53,1,2,5611,02,05,1090.9108495
5379583,1,3,1,70,11,44,48,1,,2,44,1,,4,2,1,,,,,,,,,,,1,2,,1300000,2,,45,45,45,1,2,4530,02,11,3190.6502468
5379584,1,2,1,70,11,44,48,1,,2,44,1,,9,2,2,,,,,,,,,,,1,2,,910000,2,,81,55,55,1,2,8121,02,11,3636.3434936
5379588,1,1,1,70,11,11,48,4,,2,44,3,,1,2,1,,,,,,,,,,,1,2,,900000,2,,97,59,54,1,1,9700,02,11,2897.6571785
5379591,1,5,1,70,11,12,48,1,,2,48,4,,1,2,1,,,,,,,,,,,1,2,,908526,2,,81,55,54,1,1,8121,02,11,7483.5181421
5379591,1,9,1,70,11,12,50,1,,2,16,1,,2,2,1,,,,,,,,,,,1,2,,980000,2,,74,09,95,1,1,7410,02,11,7483.5181421
5379595,1,2,1,70,11,4,48,4,,2,8,5,,4,2,2,,,,,,,,,,,1,1,9999,1300000,2,,25,39,39,1,1,2599,02,11,4496.8164668
5379597,1,1,1,70,11,8,40,2,,2,52,4,,9,2,1,,,,,,,,,,,1,2,,5000000,3,,84,19,19,1,1,8413,02,11,2421.0696672
5379600,1,2,1,70,11,52,48,1,,2,52,1,,2,2,1,,,,,,,,,,,1,2,,908526,2,,56,53,53,1,2,5611,02,11,2734.367129
5379600,1,3,1,70,11,2,48,1,,2,28,1,,2,2,1,,,,,,,,,,,1,2,,908526,2,,47,97,97,1,1,4711,02,11,2734.367129
5379602,1,1,1,70,11,8,48,1,,2,8,1,,2,2,1,,,,,,,,,,,1,2,,920000,2,,56,97,97,1,1,5629,02,11,4582.0189652
5379602,1,2,1,70,11,44,48,1,,2,44,1,,8,2,8,,,,,,,,,,,1,2,,980000,3,,53,94,39,1,2,5320,02,11,4582.0189652
5379605,1,3,1,70,11,52,48,1,,1,,,,,,,,.,,,,,,,,.,,,,1500000,,,,02,,1,2,.,02,11,2636.8922683
5379614,1,1,1,70,11,20,48,1,,2,20,1,,7,2,7,,,,,,,,,,,1,2,,1200000,2,,47,33,33,1,2,4724,02,11,2527.9670628
5379614,1,2,1,70,11,4,40,2,,2,52,4,,9,2,7,,,,,,,,,,,1,2,,1500000,2,,84,12,39,1,1,8415,02,11,2527.9670628
5379615,1,2,1,70,11,48,48,1,,2,50,1,,4,2,1,,,1,,,,,,,,,2,,1500000,1,2,52,21,39,1,2,5229,02,11,2459.0712328
5379616,1,4,1,70,11,52,48,1,,2,52,1,,6,2,2,,,,,,,,,,,1,2,,908526,2,,81,97,55,1,2,8121,02,11,2378.5838249
5379621,1,2,1,70,11,24,48,1,,2,28,1,,9,2,4,,,,,,,,,,,1,2,,1800000,2,,62,03,03,1,2,6201,02,11,3121.5809853
5379622,1,4,1,70,11,52,48,1,,2,104,1,,3,2,7,,,,,,,,,,,1,2,,1200000,2,,47,58,45,1,2,4771,02,11,5169.9677822
5379627,1,2,1,70,11,4,48,1,,2,72,1,,3,2,1,,,,,,,,,,,1,2,,908526,2,,56,44,53,1,1,5611,02,11,2889.3951058
5379632,1,1,1,70,11,8,48,1,,2,28,1,,3,2,1,,,,,,,,,,,1,2,,908526,2,,56,55,55,1,1,5611,02,11,4450.5528285
5379633,1,3,1,70,11,40,48,1,,1,,,,,,,,.,,,,,,,,.,,,,950000,,,,38,,1,2,.,02,11,2239.1011055
5379633,1,4,1,70,11,44,48,1,,1,,,,,,,,.,,,,,,,,.,,,,900000,,,,53,,1,2,.,02,11,2239.1011055
5379636,1,2,1,70,11,20,48,1,,2,20,4,,1,2,8,,,,,,,,,,,1,2,,900000,2,,56,45,45,1,2,5619,02,11,5054.5831905
5379643,1,3,1,70,11,2,48,4,,2,44,4,,1,2,8,,,,,,,,,,,1,2,,908526,2,,49,98,98,1,1,4921,02,11,2812.3902678
5379676,1,1,1,70,11,4,48,1,,2,4,1,,9,2,1,,,,,,,,,,,1,2,,3000000,2,,06,21,21,1,1,0610,02,11,3254.7743761
5379676,1,4,1,70,11,44,48,1,,2,48,1,,6,2,2,,,,,,,,,,,1,2,,908526,2,,82,38,38,1,2,8220,02,11,3254.7743761
5379677,1,1,1,70,11,3,48,4,,2,3,4,,9,2,1,,,1,,,,,,,,,1,3865000,2500000,1,1,84,21,19,1,1,8412,02,11,2822.8145095
5379679,1,2,1,70,11,48,48,3,,2,48,1,,9,2,1,,,,,,,,,,,1,2,,908526,2,,49,54,36,1,2,4921,02,11,3404.157614
5379679,1,3,1,70,11,8,48,1,,2,8,4,,9,2,1,,,,,,,,,,,1,2,,908526,2,,84,45,39,1,1,8415,02,11,3404.157614
5379680,1,3,1,70,11,40,48,1,,2,40,1,,5,2,2,,,,,,,,,,,1,2,,908526,2,,79,03,44,1,2,7911,02,11,4084.3530849
5379682,1,2,1,70,11,16,48,1,,2,15,1,,9,2,2,,,1,,,,,,,,,2,,1000000,1,1,86,44,44,1,2,8621,02,11,4496.8164668
5379690,1,5,1,70,11,24,48,1,,2,50,4,,2,2,7,,,,,,,,,,,1,2,,908526,2,,71,02,02,1,2,7110,02,11,3290.4403413
5379692,1,3,1,70,11,104,48,3,,2,520,1,,8,2,2,,,,,,,,,,,1,2,,900000,2,,32,54,94,1,2,3290,02,11,2257.7796177
5379709,1,3,1,70,11,4,48,1,,2,99,6,,2,2,2,,,,,,,,,,,1,2,,900000,2,,56,03,53,1,1,5613,02,11,2554.0896266
5379710,1,2,1,70,11,48,48,3,,2,48,3,,2,2,1,,,,,,,,,,,1,2,,1400000,2,,97,59,54,1,2,9700,02,11,2966.5530085
5379720,1,3,1,70,11,12,48,1,,2,28,1,,9,2,1,,,,,,,,,,,1,2,,908526,2,,47,58,58,1,1,4711,02,11,5764.5756094
5379721,1,2,1,70,11,8,48,1,,2,20,1,,4,2,2,,,,,,,,,,,1,2,,98,2,,31,55,81,1,1,3110,02,11,2786.2755062
5379723,1,4,1,70,11,48,48,1,,2,48,1,,9,2,8,,,,,,,,,,,1,2,,908526,2,,73,39,39,1,2,7320,02,11,4744.7006685
5379730,1,2,1,70,11,40,48,2,,2,40,1,,6,2,1,,,,,,,,,,,1,2,,908526,2,,96,39,39,1,2,9609,02,11,4155.0042307
5379732,1,2,1,70,11,8,40,1,,2,32,4,,1,2,2,,,,,,,,,,,1,2,,1200000,2,,32,45,94,1,1,3290,02,11,6057.9741896
5379733,1,2,1,70,11,12,12,4,,1,,,,,,,,.,,,,,,,,.,,,,908526,,,,57,,1,1,.,02,11,9344.6445372
5379737,1,1,1,70,11,40,40,4,,2,80,4,,1,2,2,,,,,,,,,,,1,2,,1300000,2,,49,98,98,1,2,4921,02,11,3598.341928
5379738,1,3,1,70,11,20,48,1,,1,,,,,,,,.,,,,,,,,.,,,,98,,,,38,,1,2,.,02,11,2440.3927205
5379740,1,2,1,70,11,48,40,1,,2,48,3,,1,2,2,,,,,,,,,,,1,2,,908526,2,,97,33,55,1,2,9700,02,11,7272.6869871
5379742,1,3,1,70,11,20,48,1,,2,96,1,,9,2,2,,,,,,,,,,,1,2,,908526,2,,47,33,33,1,2,4711,02,11,3404.157614
5379753,1,2,1,70,11,1,48,1,,2,1,1,,2,2,7,,,,,,,,,,,1,2,,908526,2,,41,55,95,1,1,4112,02,11,2897.6571785
5379755,1,1,1,70,11,16,48,1,,2,16,4,,4,2,1,,,,,,,,,,,1,2,,908000,2,,96,98,98,1,2,9609,02,11,3598.341928
5379757,1,1,1,70,11,8,48,1,,2,8,4,,1,2,2,,,,,,,,,,,1,2,,908000,2,,43,58,93,1,1,4330,02,11,3598.341928
5379759,1,1,1,70,11,48,48,4,,2,48,4,,2,2,1,,,,,,,,,,,1,2,,908526,2,,49,98,98,1,2,4921,02,11,3343.3504253
5379761,1,2,1,70,11,52,40,1,,2,52,1,,9,2,1,,,,,,,,,,,1,2,,700000,2,,21,62,97,1,2,2100,02,11,2930.8870434
5379764,1,2,1,70,11,20,48,1,,2,36,3,,1,2,4,,,,,,,,,,,1,2,,906000,2,,97,58,54,1,2,9700,02,11,2786.2755062
5379766,1,1,1,70,11,50,40,1,,2,40,1,,4,2,1,,,,,,,,,,,1,2,,900000,2,,41,95,95,1,2,4111,02,11,3374.2446898
5379767,1,4,1,70,11,52,48,1,,1,,,,,,,,.,,,,,,,,.,,,,1000000,,,,98,,1,2,.,02,11,2554.0896266
5379769,1,2,1,70,11,110,48,1,,2,4,1,,2,2,8,,,,,,,,,,,1,2,,908000,2,,41,03,95,1,2,4111,02,11,3667.237758
5379770,1,1,1,70,11,75,45,1,,2,44,4,,1,2,1,,,,,,,,,,,1,2,,681000,2,,56,03,53,1,2,5619,02,11,2497.0727983
5379778,1,1,1,70,11,24,40,1,,2,40,4,,4,2,2,,,1,,,,,,,,,2,,920000,1,4,14,79,79,1,2,1410,02,11,2897.6571785
5379782,1,2,1,70,11,4,48,1,,1,,,,,,,,.,,,,,,,,.,,,,900000,,,,95,,1,1,.,02,11,4682.7387081
5379783,1,1,1,70,11,12,48,1,,2,20,1,,9,2,1,,,,,,,,,,,1,2,,908526,2,,49,98,98,1,1,4923,02,11,3343.3504253
5379784,1,3,1,70,11,12,40,1,,1,,,,,,,,.,,,,,,,,.,,,,908526,,,,97,,1,1,.,02,11,1825.9931825
5379785,1,1,1,70,11,52,48,1,,2,52,1,,4,2,1,,,1,,,,,,,,,2,,908526,1,2,79,32,32,1,2,7911,02,11,2421.0696672
5379797,1,1,1,70,11,8,48,4,,2,52,1,,9,2,5,,,,,,,,,,,1,2,,20000000,2,,06,21,21,1,1,0610,02,11,3629.2361925
5379805,1,1,1,70,11,50,48,1,,2,50,4,,2,2,1,,,,,,,,,,,1,2,,1200000,2,,41,95,95,1,2,4111,02,11,3636.3434936
5379807,1,2,1,70,11,12,48,1,,2,12,1,,9,2,2,,,,,,,,,,,1,2,,906000,2,,86,38,38,1,1,8610,02,11,3121.5809853
5379808,1,1,1,70,11,54,48,1,,2,54,1,,8,2,1,,,,,,,,,,,1,2,,908526,1,1,94,39,39,1,2,9499,02,11,4496.8164668
5379808,1,2,1,70,11,12,48,1,,2,24,1,,8,2,1,,,,,,,,,,,1,2,,1000000,1,1,94,19,19,1,1,9499,02,11,4496.8164668
5379809,1,1,1,70,11,52,40,3,,2,24,4,,1,2,1,,,,,,,,,,,1,2,,910000,2,,81,55,54,1,2,8121,02,11,2672.5786
5379809,1,2,1,70,11,256,48,1,,2,8,1,,4,2,1,,,,,,,,,,,1,2,,900000,2,,47,45,45,1,2,4771,02,11,2672.5786
5379810,1,2,1,70,11,8,40,1,,2,36,1,,9,2,2,,,,,,,,,,,1,2,,1800000,2,,85,13,13,1,1,8530,02,11,3121.5809853
5379814,1,1,1,70,11,68,48,1,,2,68,1,,7,2,2,,,,,,,,,,,1,2,,909000,2,,86,79,59,1,2,8699,02,11,2755.3812417
5379816,1,3,1,70,11,40,48,1,,2,40,1,,5,2,8,,,,,,,,,,,1,2,,1500000,2,,52,95,95,1,2,5229,02,11,3629.2361925
5379818,1,2,1,70,11,156,48,1,,2,260,3,,1,2,1,,,,,,,,,,,1,2,,908526,2,,97,55,59,1,2,9700,02,11,2151.169646
5379818,1,5,1,70,11,26,48,1,,2,26,1,,2,2,1,,,,,,,,,,,1,2,,908526,2,,95,33,79,1,2,9524,02,11,2151.169646
5379822,1,2,1,70,11,36,48,1,,2,54,3,,1,2,1,,,,,,,,,,,1,2,,908526,2,,97,54,54,1,2,9700,02,11,5871.3174881
5379841,1,5,1,70,13,92,48,1,,2,104,1,,5,2,1,,,,,,,,,,,1,2,,1200000,2,,56,03,45,1,2,5611,02,13,538.29490642
5379852,1,3,1,70,13,16,48,1,,2,48,1,,8,2,1,,,,,,,,,,,1,2,,900000,2,,47,33,33,1,2,4711,02,13,394.9415101
5379867,1,2,1,70,13,24,48,1,,2,24,1,,5,2,1,,,,,,,,,,,1,2,,1200000,2,,86,03,03,1,2,8622,02,13,412.38327108
5379872,1,3,1,70,13,25,48,1,,2,25,1,,9,2,1,,,,,,,,,,,1,2,,950000,2,,47,97,97,1,2,4711,02,13,454.84638389
5379876,1,1,1,70,13,24,40,1,,2,24,1,,5,2,1,,,,,,,,1,,,,2,,950000,2,,56,53,53,1,2,5619,02,13,402.48697334
5379883,1,2,1,70,13,48,48,1,,2,48,1,,3,2,2,,,,,,,,,,,1,2,,908526,2,,47,55,45,1,2,4772,02,13,971.98324391
5379892,1,2,1,70,13,8,48,1,,2,6,4,,1,2,1,,,,,,,,,,,1,2,,900000,2,,47,45,45,1,1,4792,02,13,712.10984765
5379896,1,3,1,70,13,24,48,4,,2,24,4,,1,2,1,,,,,,,,,,,1,2,,800000,2,,41,95,95,1,2,4111,02,13,627.21669695
5379896,1,4,1,70,13,20,48,1,,2,20,1,,7,2,1,,,,,,,,,,,1,2,,900000,2,,47,45,45,1,2,4771,02,13,627.21669695
5379899,1,3,1,70,13,20,48,1,,1,,,,,,,,.,,,,,,,,.,,,,1800000,,,,08,,1,2,.,02,13,824.76654217
5379911,1,2,1,70,13,4,48,1,,2,4,1,,5,2,1,,,,,,,,,,,1,1,850000,908526,2,,56,53,53,1,1,5611,02,13,502.62883091
5379918,1,3,1,70,13,8,40,1,,2,8,1,,7,2,1,,,,,,,,,,,1,2,,1000000,2,,85,03,03,1,1,8530,02,13,756.65426519
5379932,1,2,1,70,13,8,48,1,,1,,,,,,,,.,,,,,,,,.,,,,2000000,,,,07,,1,1,.,02,13,459.41193582
5379939,1,2,1,70,13,24,40,1,,2,24,1,,7,2,1,,,,,,,,,,,1,2,,1000000,2,,85,39,39,1,2,8530,02,13,325.29050666
5380078,1,2,1,70,17,4,50,1,,2,10,1,,9,2,1,,,,,,,,,,,1,2,,1000000,2,,46,45,45,1,1,4631,02,17,212.31624697
5380081,1,1,1,70,17,3,48,1,,2,4,1,,9,2,1,,,,,,,,,,,1,1,900000,908526,2,,49,98,98,1,1,4921,02,17,272.43863282
5380082,1,2,1,70,17,3,48,4,,2,3,1,,2,2,8,,,,,,,,,,,1,1,300000,908526,2,,45,98,84,1,1,4520,02,17,237.58825475
5380084,1,1,1,70,17,44,48,1,,2,44,1,,3,2,2,,,,,,,,,,,1,2,,908526,2,,60,97,17,1,2,6010,02,17,216.2924082
5380084,1,2,1,70,17,52,48,3,,2,212,1,,4,2,2,,,,,,,,,,,1,2,,908526,2,,56,54,53,1,2,5613,02,17,216.2924082
5380084,1,3,1,70,17,5,48,1,,2,5,1,,8,2,8,,,,,,,,,,,1,1,500000,908526,2,,47,97,45,1,1,4711,02,17,216.2924082
5380084,1,4,1,70,17,1,24,1,,1,,,,,,,,.,,,,,,,,.,,,,908526,,,,97,,1,1,.,02,17,216.2924082
5380088,1,1,1,70,17,48,30,4,,2,52,4,,1,2,3,,,,,1,,,,,,,2,,900000,2,,68,61,44,1,2,6820,02,17,189.87746622
5380104,1,1,1,70,17,24,48,1,,2,24,1,,9,1,2,,,,,,,,,,,1,2,,908526,2,,27,97,97,1,2,2750,02,17,212.31624697
5380108,1,5,1,70,17,48,48,1,,2,48,1,,9,2,2,,,,,,,,,,,1,2,,908526,2,,86,34,34,1,2,8610,02,17,203.30042688
5380290,1,1,1,70,23,48,48,1,,2,48,1,,4,2,1,,,,,,,,,,,1,2,,900000,2,,47,55,45,1,2,4711,02,23,190.36619086
5380290,1,3,1,70,23,12,48,1,,2,12,1,,3,2,1,,,,,,,,,,,1,2,,500000,2,,47,45,45,1,1,4711,02,23,190.36619086
5380292,1,4,1,70,23,4,48,1,,2,52,1,,4,2,1,,,,,,,,,,,1,2,,908526,2,,47,32,32,1,1,4761,02,23,185.8814619
5380294,1,1,1,70,23,30,48,1,,2,40,1,,9,2,1,,,,,,,,,,,1,2,,908526,2,,93,13,33,1,2,9329,02,23,146.33239522
5380296,1,3,1,70,23,8,48,1,,1,,,,,,,,.,,,,,,,,.,,,,908526,,,,45,,1,1,.,02,23,157.31090929
5380305,1,1,1,70,23,2,48,1,,2,3,3,,1,2,1,,,,,,,,,,,1,1,450000,700000,2,,97,77,54,1,1,9700,02,23,628.78542456
5380312,2,2,2,70,23,4,40,1,,2,104,1,,9,2,4,,,,,,,,,,,1,2,,908526,2,,61,32,32,1,1,6190,02,23,85.904219918
5380315,1,3,1,70,23,8,48,1,,1,,,,,,,,.,,,,,,,,.,,,,908526,,,,58,,1,1,.,02,23,173.64225671
5380317,1,2,1,70,23,52,48,1,,1,,,,,,,,.,,,,,,,,.,,,,908526,,,,59,,1,2,.,02,23,174.49697905
5380319,1,3,1,70,23,24,48,1,,2,44,1,,3,2,1,,,,,,,,,,,1,2,,1200000,2,,47,40,40,1,2,4759,02,23,209.56082452
5380329,1,3,1,70,23,52,48,1,,2,52,1,,3,2,1,,,,,,,,,,,1,2,,908526,2,,47,39,45,1,2,4759,02,23,291.60281413
5380333,1,1,1,70,23,8,48,3,,2,30,3,,1,2,1,,,,,,,,,,,1,2,,300000,2,,97,54,54,1,1,9700,02,23,166.72631347
5380334,1,3,1,70,23,8,48,1,,2,8,4,,1,2,1,,,,,,,,,,,1,2,,908526,2,,32,32,79,1,1,3240,02,23,168.67600085
5380345,1,2,1,70,23,28,48,1,,2,29,1,,9,2,2,,,,,,,,,,,1,2,,908526,2,,47,33,33,1,2,4759,02,23,163.99620017
5380352,1,3,1,70,23,42,48,1,,1,,,,,,,,.,,,,,,,,.,,,,1500000,,,,06,,1,2,.,02,23,126.65207894
5380354,1,2,1,70,23,48,48,1,,2,4,1,,2,2,1,,,,,,,,,,,1,1,60000,908526,2,,41,37,95,1,2,4111,02,23,198.85294029
5380637,1,2,1,70,50,16,48,1,,2,12,1,,4,2,2,,,,,,,,,,,1,2,,1100000,2,,47,45,45,1,2,4711,02,50,237.52641288
5380643,1,1,1,70,50,2,48,4,,2,4,4,,1,2,7,,,,,,,,,,,1,1,800000,1200000,2,,49,98,98,1,1,4921,02,50,302.36500057
5380651,1,2,1,70,50,30,48,1,,2,30,1,,9,2,1,,,,,,,,,,,1,2,,1500000,2,,42,02,02,1,2,4210,02,50,268.74132907
5380656,1,3,1,70,50,52,48,1,,2,32,1,,3,2,1,,,,,,,,,,,1,2,,1000000,2,,41,95,95,1,2,4111,02,50,163.60114516
5380656,1,4,1,70,50,52,48,1,,2,4,1,,2,2,1,,,,,,,,,,,1,1,600000,1000000,2,,41,95,95,1,2,4111,02,50,163.60114516
5380660,1,2,1,70,50,8,48,1,,2,8,2,,9,2,1,,,,,,,,,,,1,2,,1000000,2,,84,58,58,1,1,8422,02,50,177.9405771
5380661,1,2,1,70,50,52,30,1,,2,52,1,,3,2,2,,,,,,,,,,,1,2,,1500000,2,,47,33,33,1,2,4721,02,50,205.09526986
5380663,1,2,1,70,50,48,48,1,,2,52,1,,4,2,1,,,,,1,,,,,,,2,,3200000,2,,42,02,02,1,2,4210,02,50,309.67851659
5380664,1,4,1,70,50,8,48,1,,1,,,,,,,,.,,,,,,,,.,,,,1000000,,,,39,,1,1,.,02,50,185.41560358
5380676,1,3,1,70,50,12,48,1,,2,13,4,,9,2,1,,,,,,,,,,,1,2,,1500000,2,,84,05,05,1,1,8413,02,50,205.93980714
5380686,1,7,1,70,50,8,48,4,,2,8,4,,9,2,2,,,,,,,,,,,1,2,,1200000,2,,86,59,59,1,1,8610,02,50,336.88074343
5380690,1,1,1,70,50,46,48,1,,2,50,1,,4,2,2,,,,,,,,,,,1,2,,1000000,2,,47,45,45,1,2,4752,02,50,273.34866058
5380693,1,1,1,70,50,12,48,1,,2,13,1,,8,2,3,,,,,1,,,,,,,2,,1400000,2,,69,12,12,1,1,6910,02,50,244.8399289
5380696,1,4,1,70,50,6,48,1,,2,6,1,,9,2,8,,,,,,,,,,,1,2,,1200000,2,,80,58,58,1,1,8010,02,50,372.93653771
5380697,1,3,1,70,50,8,48,1,,2,9,4,,1,2,1,,,,,,,,,,,1,2,,1500000,2,,47,19,45,1,1,4771,02,50,293.6463365
5380698,1,1,1,70,50,48,48,1,,2,50,1,,7,2,1,,,,,,,,,,,1,2,,1200000,2,,49,98,98,1,2,4923,02,50,296.67677503
5380718,1,3,1,70,50,1,48,1,,2,2,1,,7,2,6,,,,,,,,,,,1,1,1100000,1200000,2,,47,42,42,1,1,4755,02,50,546.87397363
5380719,1,1,1,70,50,16,48,1,,2,8,1,,2,2,1,,,,,,,,,,,1,1,160000,900000,2,,41,95,95,1,2,4111,02,50,261.6990646
5380720,1,2,1,70,50,40,48,1,,2,50,1,,7,2,1,,,,,,,,,,,1,2,,1500000,2,,47,02,45,1,2,4755,02,50,221.28528681
5380721,1,2,1,70,50,8,48,1,,2,9,1,,3,2,1,,,,,,,,,,,1,2,,1000000,2,,47,33,45,1,1,4773,02,50,214.81630807
5380723,1,1,1,70,50,2,48,1,,2,92,1,,9,2,2,,,,,,,,,,,1,2,,1100000,2,,49,39,39,1,1,4921,02,50,191.15126464
5380725,1,3,1,70,50,36,48,1,,1,,,,,,,,.,,,,,,,,.,,,,1000000,,,,39,,1,2,.,02,50,176.53910265
5380728,1,2,1,70,50,8,48,1,,2,8,1,,2,2,7,,,,,,,,,,,1,2,,950000,2,,56,53,53,1,1,5611,02,50,296.67677503
5380728,1,3,1,70,50,16,48,1,,2,104,1,,3,2,7,,,,,,,,,,,1,2,,800000,2,,56,53,53,1,2,5611,02,50,296.67677503
5380730,1,2,1,70,50,10,48,1,,2,15,1,,4,2,1,,,,,,,,,,,1,2,,1000000,2,,85,34,34,1,1,8551,02,50,246.19396783
5380731,1,2,1,70,50,52,30,1,,2,156,1,,5,2,1,,,,,,,,,,,1,2,,1200000,2,,85,13,13,1,2,8512,02,50,243.83264805
5380735,1,1,1,70,50,4,48,5,,2,4,5,,3,2,1,,,,,,,,,,,1,1,1500000,1500000,2,,43,85,85,1,1,4321,02,50,277.45631955
5380735,1,2,1,70,50,4,48,1,,2,4,6,,3,2,1,,,,,,,,,,,1,2,,906000,2,,43,39,39,1,1,4321,02,50,277.45631955
5380735,1,3,1,70,50,4,48,1,,2,4,1,,3,2,4,,,,,,,,,,,1,1,500000,906000,2,,43,85,85,1,1,4321,02,50,277.45631955
5380739,1,1,1,70,50,2,40,1,,2,2,3,,1,2,8,,,,,,,,,,,1,1,400000,800000,2,,97,33,54,1,1,9700,02,50,347.66632711
5380739,1,4,1,70,50,3,48,1,,2,3,1,,3,2,8,,,,,,,,,,,1,1,600000,900000,2,,41,95,95,1,1,4111,02,50,347.66632711
5380741,1,2,1,70,50,10,48,1,,2,14,1,,9,2,1,,,,,,,,,,,1,2,,1000000,2,,53,97,37,1,1,5320,02,50,280.48675808
5380745,1,1,1,70,50,20,48,4,,2,20,4,,9,2,4,,,,,,,,,,,1,2,,906000,2,,43,03,03,1,2,4321,02,50,277.45631955
5380745,1,2,1,70,50,8,48,4,,2,15,4,,1,2,4,,,,,,,,,,,1,2,,906000,2,,32,94,94,1,1,3240,02,50,277.45631955
5380745,1,3,1,70,50,3,48,1,,2,8,1,,2,2,4,,,,,,,,,,,1,1,450000,906000,2,,43,53,85,1,1,4321,02,50,277.45631955
5380754,1,2,1,70,50,8,50,4,,2,16,1,,3,2,6,,,,,,,,,,,1,2,,850000,2,,56,45,53,1,1,5611,02,50,223.14693404
5380756,1,1,1,70,50,12,48,1,,2,12,1,,5,2,1,,,,,,,,,,,1,2,,900000,2,,47,33,45,1,1,4771,02,50,243.9479561
5380757,1,1,1,70,50,9,48,1,,2,8,4,,1,2,7,,,,,,,,,,,1,2,,1000000,2,,41,95,95,1,1,4111,02,50,457.52176195
5380760,1,1,1,70,50,8,48,1,,2,6,1,,3,2,1,,,,,,,,,,,1,2,,1000000,2,,41,95,95,1,1,4111,02,50,318.55501752
5380760,1,2,1,70,50,12,48,1,,2,12,4,,2,2,1,,,,,,,,,,,1,2,,1000000,2,,56,53,55,1,1,5619,02,50,318.55501752
5380778,1,1,1,70,52,32,48,1,,2,40,1,,9,2,1,,,,1,,,,,,,,2,,1500000,1,1,86,06,06,1,2,8621,02,52,316.78510381
5380778,1,2,1,70,52,12,48,1,,2,12,4,,1,2,2,,,,,,,,,,,1,2,,1100000,2,,56,13,77,1,1,5619,02,52,316.78510381
5380784,1,3,1,70,52,7,40,1,,2,7,1,,9,2,1,,,,,,,,,,,1,2,,908526,2,,86,38,03,1,1,8621,02,52,164.78405103
5380784,1,4,1,70,52,16,48,1,,2,56,1,,2,2,1,,,,,,,,,,,1,2,,908526,2,,47,45,45,1,2,4773,02,52,164.78405103
5380791,1,2,1,70,52,6,48,3,,2,40,1,,2,2,1,,,,,,,,,,,1,2,,700000,2,,56,54,53,1,1,5611,02,52,160.72541503
5380800,1,2,1,70,52,40,48,4,,2,40,9,TRABAJO PARA UN ASALARIADO DESEMPEÑANDO UNA DE SUS FUNCIONES,2,2,1,,,,,,,,,,,1,2,,600000,2,,88,55,54,1,2,8890,02,52,251.43562023
5380800,1,3,1,70,52,6,48,1,,2,20,1,,3,2,1,,,,,,,,,,,1,2,,908526,2,,25,95,83,1,1,2511,02,52,251.43562023
5380802,1,1,1,70,52,28,48,1,,2,40,1,,4,2,1,,,,,,,,,,,1,2,,908526,2,,31,93,93,1,2,3110,02,52,244.55492859
5380805,1,2,1,70,52,4,40,4,,2,4,4,,1,2,2,,,,,,,,,,,1,1,300000,800000,2,,96,57,57,1,1,9602,02,52,213.71534387
5380808,1,2,1,70,52,24,48,1,,2,40,1,,2,2,1,,,,1,,,,,,,,2,,908000,1,4,47,45,45,1,2,4711,02,52,185.18871116
5380810,1,3,1,70,52,8,40,1,,2,8,4,,9,2,4,,,,,,,,,,,1,2,,1000000,2,,84,12,31,1,1,8412,02,52,237.14817304
5380813,1,2,1,70,52,7,48,7,,2,5,1,,2,2,1,,,,,,,,,,,1,2,,600000,2,,41,95,95,1,1,4111,02,52,241.63489119
5380818,1,8,1,70,52,7,48,1,,2,7,1,,4,2,1,,,,,,,,,,,1,2,,908526,2,,47,45,45,1,1,4771,02,52,302.28220693
5380823,1,2,1,70,52,4,48,1,,2,44,1,,3,2,1,,,,,,,,,,,1,2,,908526,2,,56,55,53,1,1,5611,02,52,217.14587163
5380823,1,4,1,70,52,4,48,1,,2,12,1,,2,2,1,,,,,,,,,,,1,2,,908526,2,,82,33,33,1,1,8299,02,52,217.14587163
5380827,1,3,1,70,52,12,48,1,,2,16,1,,2,2,1,,,,,,,,,,,1,2,,700000,2,,47,80,45,1,1,4772,02,52,302.12253672
5380837,1,2,1,70,52,8,40,1,,2,55,1,,5,2,2,,,,,,,,,,,1,2,,1000000,2,,85,13,13,1,1,8512,02,52,263.92912176
5380839,1,2,1,70,52,52,40,1,,2,104,1,,5,2,8,,,,,,,,,,,1,2,,2000000,2,,47,02,45,1,2,4761,02,52,247.48196711
5380839,1,3,1,70,52,120,40,1,,2,120,1,,3,2,4,,,,,,,,,,,1,2,,908000,2,,47,45,45,1,2,4771,02,52,247.48196711
5380841,1,3,1,70,52,8,40,1,,2,17,4,,9,2,4,,,,,,,,,,,1,2,,1500000,2,,38,05,05,1,1,3811,02,52,237.62131165
5380858,1,1,1,70,52,8,48,4,,2,24,1,,9,2,7,,,,,,,,,,,1,2,,1000000,2,,88,41,53,1,1,8890,02,52,141.28274252
5380862,1,2,1,70,54,8,48,4,,2,9,4,,1,2,1,,,,,,,,,,,1,2,,908000,2,,14,79,79,1,1,1410,02,54,366.15782419
5380863,1,2,1,70,54,24,48,1,,2,48,4,,9,2,1,,,,,,,,,,,1,2,,1200000,2,,84,98,03,1,2,8412,02,54,398.38137517
5380884,1,3,1,70,54,4,48,1,,2,16,1,,9,2,1,,,1,,,,,,,,,2,,908526,1,1,86,39,59,1,1,8610,02,54,370.00353208
5380884,1,6,1,70,54,8,48,1,,2,32,4,,1,2,1,,,,,,,,,,,1,2,,900000,2,,41,55,95,1,1,4112,02,54,370.00353208
5380886,1,2,1,70,54,12,48,1,,2,12,1,,5,2,1,,,,,,,,,,,1,2,,900000,2,,42,33,03,1,1,4210,02,54,420.43923671
5380897,1,1,1,70,54,2,55,4,,2,2,4,,1,2,1,,,,,,,,,,,1,1,800000,908000,2,,41,95,95,1,1,4111,02,54,1147.3202403
5380897,1,3,1,70,54,4,48,4,,2,8,4,,1,2,1,,,,,,,,,,,1,2,,908000,2,,41,41,95,1,1,4112,02,54,1147.3202403
5380898,1,2,1,70,54,16,24,1,,2,12,4,,1,2,1,,,,,,,,,,,1,2,,600000,2,,96,57,57,1,2,9609,02,54,1011.9943049
5380898,2,1,2,70,54,40,48,4,,2,40,4,,1,2,1,,,,,,,,,,,1,2,,908000,2,,81,55,55,1,2,8121,02,54,1011.9943049
5380900,1,1,1,70,54,8,48,4,,2,8,4,,1,2,1,,,,,,,,,,,1,2,,1014980,2,,49,97,97,1,1,4923,02,54,439.36835096
5380906,1,3,1,70,54,24,48,1,,2,104,1,,9,2,1,,,,,,,,,,,1,2,,908000,2,,36,03,03,1,2,3600,02,54,460.85088127
5380908,1,2,1,70,54,3,60,1,,2,4,1,,5,2,7,,,,,,,,,,,1,2,,500000,2,,56,53,33,1,1,5611,02,54,434.05717987
5380918,1,1,1,70,54,52,48,1,,2,52,1,,6,2,2,,,,,,,,,,,1,2,,1200000,2,,46,45,45,1,2,4631,02,54,284.21232618
5380932,1,2,1,70,54,30,48,4,,1,,,,,,,,.,,,,,,,,.,,,,908000,,,,41,,1,2,.,02,54,326.00964572
5380938,1,2,1,70,54,104,48,4,,2,104,4,,1,2,1,,,,,,,,,,,1,2,,1200000,2,,56,53,53,1,2,5619,02,54,274.33250559
5380938,1,4,1,70,54,40,48,4,,2,40,4,,1,2,1,,,,,,,,,,,1,2,,900000,2,,15,80,80,1,2,1522,02,54,274.33250559
5380940,1,3,1,70,54,52,48,1,,2,52,4,,1,2,3,,,,,,,,,,,1,2,,908000,2,,46,11,41,1,2,4641,02,54,283.56531334
5380940,1,5,1,70,54,8,48,2,,2,8,4,,1,2,1,,,,,,,,,,,1,2,,1800000,2,,85,13,13,1,1,8559,02,54,283.56531334
5380943,1,2,1,70,54,16,48,1,,2,16,1,,4,2,1,,,,,,,,,,,1,2,,908526,2,,68,58,58,1,2,6820,02,54,330.31439382
5380946,1,3,1,70,54,24,48,4,,2,24,4,,1,2,1,,,,,,,,,,,1,2,,908000,2,,46,41,41,1,2,4669,02,54,383.84550294
5380948,1,1,1,70,54,12,48,1,,2,18,4,,1,2,1,,,,,,,,,,,1,2,,800000,2,,43,58,93,1,1,4330,02,54,428.76510019
5380948,1,2,1,70,54,6,48,1,,2,10,1,,2,2,7,,,,,,,,,,,1,2,,908526,2,,47,44,45,1,1,4773,02,54,428.76510019
5380950,1,2,1,70,54,8,48,1,,2,48,1,,2,2,2,,,,,,,,,,,1,2,,900000,2,,47,03,45,1,1,4759,02,54,405.23079064
5380953,1,2,1,70,54,99,48,4,,2,99,4,,1,2,1,,,,,,,,,,,1,2,,900000,2,,15,98,80,1,2,1522,02,54,559.87152453
5380955,1,2,1,70,54,12,50,4,,2,9,4,,1,2,2,,,,,,,,,,,1,2,,1000000,2,,41,95,95,1,1,4111,02,54,352.02318794
5380962,1,4,1,70,54,12,48,1,,2,40,1,,9,2,7,,,,,,,,,,,1,2,,1000000,2,,46,02,39,1,1,4631,02,54,630.2118955
5380962,1,5,1,70,54,12,48,1,,2,44,4,,1,2,8,,,,,,,,,,,1,2,,1000000,2,,47,39,41,1,1,4791,02,54,630.2118955
5380966,1,3,1,70,54,52,48,1,,2,52,1,,4,2,8,,,,,,,,,,,1,2,,908000,2,,47,33,33,1,2,4711,02,54,865.78975226
5380972,1,2,1,70,54,4,48,1,,2,44,1,,9,2,1,,,,,,,,,,,1,2,,1014980,2,,86,59,59,1,1,8621,02,54,398.38137517
5380973,1,4,1,70,54,48,48,4,,2,48,4,,1,2,1,,,,,,,,,,,1,2,,600000,2,,81,55,55,1,2,8121,02,54,456.2172324
5380977,1,1,1,70,54,4,48,4,,2,4,4,,1,2,1,,,,,,,,,,,1,1,500000,900000,2,,41,95,95,1,1,4112,02,54,331.32081681
5380977,1,4,1,70,54,52,48,3,,2,52,3,,1,2,1,,,,,,,,,,,1,2,,400000,2,,97,54,54,1,2,9700,02,54,331.32081681
5380980,1,3,1,70,54,8,48,1,,2,8,1,,2,2,1,,,,,,,,,,,1,2,,1014980,2,,47,39,44,1,1,4741,02,54,232.03670747
5380987,1,3,1,70,54,13,48,1,,1,,,,,,,,.,,,,,,,,.,,,,908526,,,,45,,1,1,.,02,54,865.78975226
5380987,1,4,1,70,54,12,48,1,,2,13,4,,1,2,1,,,,,,,,,,,1,2,,908526,2,,47,39,41,1,1,4771,02,54,865.78975226
5380991,1,3,1,70,54,12,48,4,,2,12,4,,1,2,1,,,,,,,,,,,1,2,,600000,2,,14,79,79,1,1,1410,02,54,655.30016217
5381003,1,1,1,70,54,8,48,3,,2,8,3,,1,2,1,,,,,,,,,,,1,2,,600000,2,,97,54,59,1,1,9700,02,54,331.64432323
5381004,1,2,1,70,54,12,48,1,,2,12,1,,6,2,1,,,,,,,,,,,1,2,,908526,2,,23,58,89,1,1,2392,02,54,408.00507618
5381011,1,3,1,70,54,28,48,4,,2,48,4,,1,2,2,,,,,,,,,,,1,2,,1014980,2,,56,53,53,1,2,5611,02,54,334.07362346
5381013,1,3,1,70,54,10,48,4,,2,12,4,,1,2,1,,,,,,,,,,,1,2,,900000,2,,13,03,92,1,1,1313,02,54,454.57679703
5381013,1,4,1,70,54,12,48,1,,2,12,4,,1,2,8,,,,,,,,,,,1,2,,900000,2,,47,45,41,1,1,4771,02,54,454.57679703
5381019,1,1,1,70,54,20,48,1,,2,53,3,,1,2,1,,,,,,,,,,,1,2,,908526,2,,97,33,54,1,2,9700,02,54,472.291349
5381138,1,2,1,70,66,40,48,1,,2,40,4,,1,2,3,,,,,,,,,,,1,2,,908526,2,,14,79,79,1,2,1410,02,66,310.25225496
5381143,1,1,1,70,66,4,48,4,,2,4,4,,1,2,1,,,,,,,,,,,1,1,800000,950000,2,,45,03,03,1,1,4520,02,66,364.57695743
5381155,1,2,1,70,66,24,48,1,,2,24,1,,5,2,1,,,,,,,,,,,1,2,,1500000,2,,85,13,13,1,2,8530,02,66,281.26467595
5381156,1,3,1,70,66,24,48,1,,2,24,1,,7,2,4,,,,,,,,,,,1,2,,980000,2,,47,45,45,1,2,4771,02,66,233.39813292
5381156,1,4,1,70,66,8,48,2,,1,,,,,,,,.,,,,,,,,.,,,,908000,,,,32,,1,1,.,02,66,233.39813292
5381160,1,3,1,70,66,48,48,1,,2,48,1,,9,2,1,,,,,,,,,,,1,2,,908526,2,,61,85,85,1,2,6190,02,66,345.07474533
5381161,1,2,1,70,66,8,48,1,,2,8,1,,4,2,2,,,,,,,,,,,1,2,,908000,2,,95,03,03,1,1,9522,02,66,370.3543528
5381161,1,3,1,70,66,28,48,1,,2,28,1,,9,2,4,,,,,,,,,,,1,2,,908000,2,,86,59,59,1,2,8610,02,66,370.3543528
5381163,1,2,1,70,66,20,48,1,,2,46,1,,3,2,1,,,,,,,,,,,1,2,,908526,2,,47,45,45,1,2,4771,02,66,392.26166066
5381163,2,1,2,70,66,24,48,1,,2,24,1,,2,2,1,,,,,,,,,,,1,2,,908526,2,,41,95,95,1,2,4111,02,66,392.26166066
5381169,1,2,1,70,66,18,48,1,,1,,,,,,,,.,,,,,,,,.,,,,908526,,,,97,,1,2,.,02,66,348.70048939
5381171,1,2,1,70,66,4,48,1,,2,5,1,,2,2,1,,,,,,,,,,,1,2,,800000,2,,41,95,95,1,1,4111,02,66,348.41369373
5381172,1,1,1,70,66,52,50,3,,2,52,3,,1,2,1,,,,,,,,,,,1,2,,908526,2,,97,54,54,1,2,9700,02,66,347.23942156
5381173,1,1,1,70,66,4,48,1,,2,4,1,,9,2,2,,,,,,,,,,,1,1,908526,800000,2,,49,53,33,1,1,4921,02,66,428.01800366
5381175,1,1,1,70,66,6,48,1,,2,6,1,,5,2,3,,,,,,,,,,,1,2,,908000,2,,41,58,95,1,1,4111,02,66,506.11916547
5381183,1,1,1,70,66,6,48,4,,2,6,4,,1,2,1,,,,,,,,1,,,,2,,900000,2,,81,55,55,1,1,8121,02,66,405.30571331
5381184,1,3,1,70,66,48,48,1,,2,48,1,,6,2,1,,,,,,,,,,,1,2,,908526,2,,41,95,95,1,2,4111,02,66,306.91330656
5381185,1,4,1,70,66,8,48,1,,2,8,1,,3,2,8,,,,,,,,,,,1,2,,900000,2,,56,53,53,1,1,5613,02,66,360.06373687
5381187,1,1,1,70,66,8,48,1,,2,8,1,,4,2,1,,,,,,,,,,,1,2,,900000,2,,56,53,53,1,1,5611,02,66,373.69330119
5381189,1,8,1,70,66,4,48,1,,2,4,1,,3,2,8,,,,,,,,,,,1,1,500000,600000,2,,56,53,53,1,1,5613,02,66,532.23243117
5381190,1,2,1,70,66,8,48,1,,2,8,1,,3,2,1,,,,,,,,,,,1,2,,900000,2,,41,95,95,1,1,4111,02,66,337.52558821
5381195,1,1,1,70,66,20,70,4,,2,20,4,,1,2,8,,,,,,,,,,,1,2,,1000000,2,,49,98,98,1,2,4921,02,66,358.21080157
5381202,1,3,1,70,66,6,48,1,,1,,,,,,,,.,,,,,,,,.,,,,908526,,,,38,,1,1,.,02,66,348.70048939
5381209,1,2,1,70,66,48,48,1,,2,96,1,,6,2,1,,,,,,,,,,,1,2,,908526,2,,56,53,53,1,2,5611,02,66,325.88427417
5381235,1,1,1,70,66,8,48,1,,2,8,4,,1,2,1,,,,,,,,,,,1,2,,908526,2,,47,45,41,1,1,4771,02,66,329.19827729
5381241,1,2,1,70,66,24,48,1,,2,24,1,,4,2,1,,,,,,,,,,,1,2,,908526,2,,55,55,39,1,2,5511,02,66,267.26037919
5381248,1,2,1,70,66,104,48,1,,2,204,1,,4,2,1,,,,,,,,,,,1,2,,908526,2,,81,38,32,1,2,8110,02,66,354.03316357
5381260,1,3,1,70,66,20,48,1,,2,20,1,,9,2,1,,,,,,,,,,,1,2,,1000000,2,,82,38,38,1,2,8220,02,66,345.07474533
5381261,1,1,1,70,66,40,48,1,,2,40,1,,3,2,1,,,,,,,,,,,1,2,,1100000,2,,56,53,53,1,2,5611,02,66,335.36964108
5381261,1,4,1,70,66,26,48,1,,2,26,1,,9,2,1,,,,,,,,,,,1,2,,900000,2,,49,39,39,1,2,4923,02,66,335.36964108
5381262,1,2,1,70,66,32,48,1,,2,32,1,,9,2,1,,,,,,,,,,,1,2,,1000000,2,,14,79,79,1,2,1410,02,66,297.20820231
5381263,1,2,1,70,66,8,48,1,,2,8,1,,4,2,4,,,,,,,,,,,1,2,,900000,2,,41,87,95,1,1,4111,02,66,421.18218135
5381268,1,4,1,70,66,20,48,1,,2,104,1,,3,2,8,,,,,,,,,,,1,2,,908526,2,,56,53,53,1,2,5611,02,66,443.94229404
5381271,1,1,1,70,66,104,48,1,,2,56,1,,5,2,2,,,,,,,,,,,1,2,,908526,2,,22,53,97,1,2,2229,02,66,441.50384707
5381273,1,1,1,70,66,24,50,1,,2,44,4,,1,2,2,,,,,,,,,,,1,2,,908526,2,,56,55,77,1,2,5619,02,66,310.25225496
5381285,1,1,1,70,66,40,48,4,,2,40,4,,1,2,1,,,,,,,,,,,1,2,,908526,2,,81,55,55,1,2,8121,02,66,310.25225496
5381290,1,1,1,70,66,40,48,1,,2,40,5,,2,2,8,,,,,,,,,,,1,2,,908526,2,,41,45,95,1,2,4111,02,66,364.57695743
5381300,1,2,1,70,66,8,48,1,,2,8,1,,3,2,1,,,,,,,,,,,1,2,,908526,2,,14,79,79,1,1,1410,02,66,381.55967475
5381302,1,2,1,70,66,20,48,1,,2,48,4,,1,2,4,,,,,,,,,,,1,2,,908526,2,,81,55,55,1,2,8121,02,66,381.55967475
5381303,1,2,1,70,66,40,48,1,,2,40,1,,3,2,1,,,,,,,,,,,1,2,,908526,2,,41,95,95,1,2,4111,02,66,452.86709455
5381308,1,1,1,70,66,48,48,1,,2,48,3,,1,2,1,,,,,,,,,,,1,2,,908526,2,,97,55,54,1,2,9700,02,66,310.25225496
5381308,1,2,1,70,66,40,48,1,,2,40,4,,4,2,1,,,,,,,,,,,1,2,,908526,2,,14,79,79,1,2,1410,02,66,310.25225496
5381314,1,3,1,70,66,8,48,1,,1,,,,,,,,.,,,,,,,,.,,,,908526,,,,39,,1,1,.,02,66,341.90674738
5381316,1,1,1,70,66,32,48,1,,2,32,1,,9,2,2,,,,,,,,,,,1,2,,908526,2,,14,79,79,1,2,1410,02,66,292.09526547
5381320,1,1,1,70,66,26,48,1,,2,26,1,,9,2,1,,,,,,,,,,,1,2,,908526,2,,10,45,45,1,2,1089,02,66,480.1404278
5381320,1,4,1,70,66,13,48,1,,2,13,1,,7,2,1,,,,,,,,,,,1,2,,908526,2,,22,90,90,1,1,2229,02,66,480.1404278
5381320,1,5,1,70,66,8,48,1,,2,8,1,,4,2,1,,,,,,,,,,,1,2,,908526,2,,56,53,53,1,1,5611,02,66,480.1404278
5381325,1,3,1,70,68,12,48,1,,2,10,1,,4,2,4,,,,,,,,,,,1,2,,908000,2,,41,95,95,1,1,4111,02,68,558.96464836
5381329,1,3,1,70,68,8,48,1,,2,8,1,,5,2,4,,,,,,,,,,,1,2,,908600,2,,47,03,03,1,1,4752,02,68,618.86390277
5381329,1,4,1,70,68,28,40,2,,2,28,1,,9,2,4,,,,,,,,,,,1,2,,1200000,2,,93,18,18,1,2,9311,02,68,618.86390277
5381332,1,1,1,70,68,52,48,1,,2,52,5,,3,2,2,,,,,,,,,,,1,2,,1200000,2,,56,55,51,1,2,5611,02,68,329.69669992
5381351,1,2,1,70,68,24,40,1,,2,24,1,,3,2,7,,,,,,,,,,,1,2,,950000,2,,41,95,95,1,2,4112,02,68,417.19750032
5381353,1,4,1,70,68,24,48,1,,2,52,1,,7,2,1,,,,,,,,,,,1,2,,908526,2,,33,97,84,1,2,3312,02,68,495.73874553
5381356,1,4,1,70,68,4,48,1,,2,4,8,,2,2,1,,,,,,,,,,,1,1,900000,908600,2,,01,58,97,1,1,0141,02,68,566.29608183
5381359,1,3,1,70,68,20,48,1,,2,52,1,,8,2,1,,,,,,,,,,,1,2,,908526,2,,25,97,87,1,2,2511,02,68,488.9082392
5381366,1,5,1,70,68,8,48,1,,2,8,1,,7,2,4,,,,,,,,,,,1,2,,908600,2,,15,95,39,1,1,1522,02,68,818.95716099
5381366,1,6,1,70,68,8,48,1,,2,8,1,,7,2,4,,,,,,,,,,,1,2,,908600,2,,15,80,80,1,1,1522,02,68,818.95716099
5381374,1,3,1,70,68,28,48,1,,2,52,4,,9,2,1,,,,,,,,,,,1,2,,908600,2,,84,98,98,1,2,8412,02,68,461.30669321
5381375,1,4,1,70,68,20,48,1,,2,20,1,,8,2,1,,,,,,,,,,,1,2,,1200000,2,,47,13,45,1,2,4773,02,68,551.86145947
5381375,1,5,1,70,68,52,48,1,,1,,,,,,,,.,,,,,,,,.,,,,1000000,,,,13,,1,2,.,02,68,551.86145947
5381377,2,1,2,70,68,11,48,1,,2,11,1,,6,2,1,,,,,,,,,,,1,2,,950000,2,,47,45,45,1,1,4771,02,68,534.24224698
5381378,1,2,1,70,68,12,24,1,,2,24,1,,4,2,1,,,,,,,,,,,1,2,,908600,2,,56,54,33,1,1,5611,02,68,487.30132257
5381383,1,2,1,70,68,44,24,1,,1,,,,,,,,.,,,,,,,,.,,,,900000,,,,13,,1,2,.,02,68,850.293689
5381385,1,1,1,70,68,8,48,1,,2,8,1,,6,2,1,,,,,,,,,,,1,2,,908526,2,,42,87,87,1,1,4290,02,68,614.91254106
5381391,1,1,1,70,68,54,48,1,,2,54,1,,9,2,7,,,,,,,,,,,1,2,,3000000,2,,42,02,02,1,2,4290,02,68,1229.8250821
5381549,1,1,1,70,73,52,60,1,,2,52,1,,3,2,1,,,,,,,,,,,1,2,,800000,2,,41,95,95,1,2,4111,02,73,272.92124888
5381549,1,5,1,70,73,24,48,1,,2,44,1,,3,2,1,,,,,,,,,,,1,2,,900000,2,,41,95,95,1,2,4112,02,73,272.92124888
5381551,1,2,1,70,73,20,48,1,,2,52,4,,9,2,4,,,,,,,,,,,1,2,,1000000,2,,84,39,39,1,2,8412,02,73,309.33571646
5381552,1,4,1,70,73,104,48,3,,2,104,3,,2,2,4,,,,,,,,,,,1,2,,1000000,2,,97,59,59,1,2,9700,02,73,253.66689309
5381557,1,1,1,70,73,36,48,1,,2,36,1,,3,2,1,,,,,,,,,,,1,2,,900000,2,,74,32,11,1,2,7420,02,73,222.09503669
5381558,1,1,1,70,73,8,48,4,,2,8,4,,1,2,1,,,,,,,,,,,1,2,,800000,2,,81,55,55,1,1,8121,02,73,250.19435379
5381560,1,5,1,70,73,24,48,1,,2,44,1,,7,2,4,,,,,,,,,,,1,2,,1000000,2,,41,44,44,1,2,4111,02,73,154.95747897
5381563,1,2,1,70,73,44,48,1,,2,44,1,,3,2,4,,,,,,,,,,,1,2,,900000,2,,41,95,95,1,2,4111,02,73,389.04798137
5381572,1,2,1,70,73,32,48,1,,2,32,1,,9,2,2,,,,,,,,,,,1,2,,2000000,2,,41,02,02,1,2,4111,02,73,301.98677522
5381590,1,2,1,70,76,8,48,1,,2,3,4,,1,2,1,,,,,,,,,,,1,1,200000,900000,2,,56,55,77,1,1,5619,02,76,737.71498168
5381592,1,1,1,70,76,7,48,1,,2,7,3,,1,2,2,,,,,,,,,,,1,2,,908526,2,,97,97,59,1,1,9700,02,76,1650.3041966
5381592,1,3,1,70,76,20,48,1,,1,,,,,,,,.,,,,,,,,.,,,,908526,,,,97,,1,2,.,02,76,1650.3041966
5381602,1,4,1,70,76,36,48,1,,2,36,1,,9,2,1,,,,,,,,,,,1,2,,908256,2,,10,77,77,1,2,1081,02,76,1285.055889
5381604,1,3,1,70,76,45,45,1,,2,45,4,,1,2,1,,,,,,,,,,,1,2,,906526,2,,52,39,39,1,2,5224,02,76,1003.6572434
5381612,1,2,1,70,76,50,48,1,,2,120,2,,9,2,1,,,,,,,,,1,ES PENSIONADO,,2,,2000000,3,,84,58,58,1,2,8422,02,76,1370.1859801
5381617,1,2,1,70,76,32,48,1,,2,75,1,,4,2,2,,,,,,,,,,,1,2,,908526,2,,56,53,53,1,2,5611,02,76,1048.6883378
5381622,1,1,1,70,76,1,48,1,,2,4,1,,3,2,4,,,,,,,,,,,1,2,,908000,2,,47,39,45,1,1,4772,02,76,1035.3567732
5381629,1,4,1,70,76,44,48,1,,2,4,1,,2,2,6,,,,,,,,,,,1,2,,908526,2,,45,84,84,1,2,4520,02,76,1071.0253845
5381636,1,1,1,70,76,104,48,1,,2,8,1,,5,2,1,,,,,,,,,,,1,2,,908526,2,,15,45,80,1,2,1521,02,76,749.35922322
5381637,1,2,1,70,76,150,48,1,,2,150,1,,9,2,2,,,,,,,,,,,1,2,,3000000,2,,47,45,44,1,2,4711,02,76,1069.4460478
5381640,1,1,1,70,76,50,48,1,,2,50,1,,3,2,7,,,,,,,,,,,1,2,,2000000,2,,64,37,37,1,2,6421,02,76,1133.8184288
5381647,1,1,1,70,76,24,48,1,,2,77,4,,1,2,1,,,,,,,,,,,1,2,,1200000,2,,93,97,39,1,2,9319,02,76,1160.5530306
5381650,1,1,1,70,76,10,48,1,,2,10,4,,5,2,7,,,,,,,,,,,1,2,,1800000,2,,85,18,18,1,1,8552,02,76,1133.8184288
5381651,2,2,2,70,76,12,48,1,,1,,,,,,,,.,,,,,,,,.,,,,908526,,,,39,,1,1,.,02,76,854.22624402
5381652,1,1,1,70,76,8,48,4,,2,8,3,,1,2,1,,,,,,,,,,,1,2,,908526,2,,97,54,54,1,1,9700,02,76,1540.3527992
5381652,1,2,1,70,76,31,48,1,,2,31,1,,4,2,1,,,,,,,,,,,1,2,,908526,2,,20,39,39,1,2,2023,02,76,1540.3527992
5381655,1,5,1,70,76,8,40,1,,2,104,1,,9,2,4,,,,,,,,,,,1,2,,908526,2,,20,13,39,1,1,2023,02,76,727.02217645
5381655,1,6,1,70,76,52,48,1,,2,52,1,,6,2,4,,,,,,,,,,,1,2,,908526,2,,10,03,03,1,2,1071,02,76,727.02217645
5381656,1,1,1,70,76,4,48,1,,2,5,1,,7,2,1,,,,,,,,,,,1,2,,908526,2,,47,97,97,1,1,4729,02,76,958.98314985
5381658,1,2,1,70,76,10,40,4,,2,9,6,,2,2,4,,,,,,,,,,,1,2,,908526,2,,15,97,79,1,1,1512,02,76,737.71498168
5381668,1,2,1,70,76,5,48,1,,1,,,,,,,,.,,,,,,,,.,,,,908526,,,,97,,1,1,.,02,76,1304.1386785
5381670,1,2,1,70,76,4,48,1,,2,52,1,,3,2,1,,,,,,,,,,,1,2,,908526,2,,47,79,45,1,1,4772,02,76,1180.9162492
5381673,2,2,2,70,76,40,48,1,,2,48,1,,6,2,1,,,,,,,,,,,1,2,,900000,2,,56,33,33,1,2,5611,02,76,1836.415254
5381678,1,4,1,70,76,16,48,1,,2,144,3,,1,2,1,,,,,,,,,,,1,2,,908526,2,,97,45,54,1,2,9700,02,76,875.91978487
5381681,1,1,1,70,76,6,48,1,,2,9,1,,9,2,1,,,,,,,,,,,1,2,,908526,2,,85,13,59,1,1,8511,02,76,1364.5466382
5381682,1,3,1,70,76,9,48,1,,1,,,,,,,,.,,,,,,,,.,,,,908526,,,,33,,1,1,.,02,76,647.94044976
5381682,2,2,2,70,76,8,48,1,,2,9,1,,8,2,1,,,,,,,,,,,1,2,,908526,2,,32,94,94,1,1,3290,02,76,647.94044976
5381683,1,2,1,70,76,16,48,1,,2,52,1,,2,2,1,,,,,,,,,,,1,2,,908526,2,,56,53,53,1,2,5611,02,76,1086.873574
5381684,2,3,2,70,76,7,48,1,,2,6,1,,7,2,4,,,,,,,,,,,1,2,,908526,2,,32,97,97,1,1,3290,02,76,1052.7288919
5381687,1,1,1,70,76,52,48,1,,2,100,1,,8,2,2,,,,,,,,,,,1,2,,1500000,2,,56,53,53,1,2,5611,02,76,1021.953736
5381693,1,6,1,70,76,104,48,1,,2,104,1,,6,2,1,,,,,,,,,,,1,2,,908526,2,,49,53,36,1,2,4921,02,76,1144.3813574
5381694,1,1,1,70,76,4,56,1,,2,260,1,,3,2,2,,,,,,,,,,,1,2,,908526,2,,49,98,98,1,1,4921,02,76,912.55026063
5381696,1,1,1,70,76,45,48,3,,2,45,4,,1,2,2,,,,,,,,,,,1,2,,960000,2,,81,54,55,1,2,8121,02,76,1158.9736939
5381701,1,1,1,70,76,11,48,1,,2,12,1,,4,2,8,,,,,,,,,,,1,2,,908526,2,,47,32,03,1,1,4752,02,76,958.98314985
5381718,1,1,1,70,76,12,55,3,,2,18,3,,1,2,1,,,,,,,,,,,1,2,,908526,2,,97,54,54,1,1,9700,02,76,1057.69382
5381719,1,1,1,70,76,32,65,1,,2,48,1,,3,2,4,,,,,,,,,,,1,2,,98,2,,41,95,95,1,2,4111,02,76,1754.7621949
5382329,1,3,1,70,05,24,48,1,,2,24,1,,4,2,1,,,,,,,,,,,1,2,,908000,2,,45,45,45,1,2,4530,02,05,946.0350754
5382329,1,4,1,70,05,4,48,1,,2,4,1,,2,2,2,,,,,,,,,,,1,2,,908000,2,,55,39,39,1,1,5511,02,05,946.0350754
5382337,1,2,1,70,05,8,48,4,,2,8,4,,9,2,1,,,,,,,,,,,1,2,,908600,2,,84,39,39,1,1,8412,02,05,1076.3458793
5382341,1,3,1,70,05,3,48,1,,2,40,1,,3,2,2,,,,,,,,,,,1,2,,908526,2,,20,45,45,1,1,2023,02,05,1017.5185203
5382349,1,2,1,70,05,16,48,1,,2,16,1,,9,2,9,POR COBERTURA,,,,,,,,,,1,2,,908526,2,,29,38,39,1,2,2910,02,05,1065.8779999
5382358,1,3,1,70,05,16,48,1,,2,16,1,,9,2,3,,,,,,,,,,,1,2,,3500000,2,,51,84,84,1,2,5111,02,05,939.61835177
5382372,1,3,1,70,05,8,48,1,,2,4,4,,2,2,1,,,,,,,,,,,1,1,250000,908000,2,,41,38,03,1,1,4111,02,05,1046.6484608
5382384,1,2,1,70,05,8,48,1,,2,8,4,,1,2,2,,,,,,,,,,,1,2,,908526,2,,53,37,37,1,1,5320,02,05,1237.9184022
5382386,1,6,1,70,05,4,48,1,,1,,,,,,,,.,,,,,,,,.,,,,1500000,,,,45,,1,1,.,02,05,1486.6376694
5382392,1,1,1,70,05,8,48,1,,2,8,8,,2,2,6,,,,,,,,,,,1,2,,908526,2,,01,95,60,1,1,0150,02,05,1532.5007591
5382392,1,2,1,70,05,52,48,1,,2,52,3,,1,2,8,,,,,,,,,,,1,1,60000,908526,2,,97,45,54,1,2,9700,02,05,1532.5007591
5382399,1,1,1,70,05,4,48,1,,2,4,5,,2,2,1,,,1,,,,,,,,,1,1000000,909000,1,1,43,95,95,1,1,4330,02,05,1044.2052561
5382400,2,2,2,70,05,64,48,1,,2,64,1,,9,2,1,,,,,,,,,,,1,2,,908526,2,,10,97,97,1,2,1089,02,05,941.97984945
5382405,1,3,1,70,05,10,48,1,,2,10,1,,7,2,1,,,,,,,,,,,1,2,,1350000,2,,85,13,13,1,1,8559,02,05,985.03489681
5382416,1,3,1,70,05,104,48,1,,2,104,1,,5,2,4,,,,,,,,,,,1,2,,2000000,2,,55,21,21,1,2,5511,02,05,945.07223921
5382421,1,1,1,70,05,46,48,1,,2,48,1,,5,2,1,,,,,,,,,,,1,2,,908526,2,,20,45,45,1,2,2022,02,05,1147.9642164
5382426,1,2,1,70,05,12,48,1,,2,12,1,,2,2,2,,,,,,,,,,,1,2,,908526,2,,96,03,03,1,1,9609,02,05,1096.9588918
5382429,1,1,1,70,05,52,48,4,,2,52,4,,1,2,2,,,,1,,,,,,,,2,,1500000,1,4,47,45,41,1,2,4773,02,05,1147.9642164
5382430,1,3,1,70,05,60,48,4,,2,20,4,,1,2,1,,,,1,,,,,,,,2,,4000000,1,1,69,11,11,1,2,6920,02,05,986.32394519
5382431,1,1,1,70,05,52,48,4,,2,52,4,,2,2,2,,,,,,,,,,,1,2,,1800000,2,,41,95,95,1,2,4111,02,05,1070.0640478
5382434,2,2,2,70,05,3,48,1,,2,3,1,,4,2,1,,,,,,,,,,,1,1,157000,908526,2,,47,97,97,1,1,4761,02,05,1158.3431387
5382436,1,1,1,70,05,12,48,1,,2,12,1,,9,2,1,,,,,,,,,,,1,2,,908000,2,,85,13,13,1,1,8512,02,05,998.65381898
5382436,1,2,1,70,05,8,48,1,,1,,,,,,,,.,,,,,,,,.,,,,908000,,,,38,,1,1,.,02,05,998.65381898
5382438,1,1,1,70,05,2,48,2,,2,2,4,,9,2,1,,,,,,,,,,,1,1,2800000,3000000,1,1,86,19,19,1,1,8692,02,05,1500.3601359
5382438,1,2,1,70,05,8,40,2,,2,8,2,,9,2,2,,,,,,,,,,,1,2,,2500000,2,,85,19,19,1,1,8512,02,05,1500.3601359
5382442,1,4,1,70,05,8,48,1,,2,8,1,,9,2,8,,,,,,,,,,,1,2,,908000,2,,47,45,45,1,1,4759,02,05,1006.0165907
5382444,1,1,1,70,05,40,48,3,,2,40,3,,1,2,1,,,,,,,,,,,1,2,,600000,2,,97,54,54,1,2,9700,02,05,992.02898711
5382444,1,2,1,70,05,52,48,1,,2,40,1,,2,2,1,,,,,,,,,,,1,2,,908000,2,,41,95,95,1,2,4112,02,05,992.02898711
5382448,1,2,1,70,05,48,48,1,,2,48,1,,2,2,1,,,,,,,,,,,1,2,,908526,2,,14,81,98,1,2,1410,02,05,1177.5938866
5382448,1,3,1,70,05,48,48,1,,2,48,3,,1,2,1,,,,,,,,,,,1,2,,908526,2,,97,53,54,1,2,9700,02,05,1177.5938866
5382449,1,2,1,70,05,52,48,1,,2,52,1,,2,2,1,,,,,,,,,,,1,2,,908526,2,,49,36,36,1,2,4921,02,05,1434.3305784
5382451,1,1,1,70,05,7,48,1,,2,10,4,,7,2,1,,,,,,,,,1,YA ES PENSIONADO,,2,,908500,3,,49,98,98,1,1,4921,02,05,1063.0699575
5382454,1,2,1,70,05,52,48,1,,1,,,,,,,,.,,,,,,,,.,,,,908000,,,,38,,1,2,.,02,05,1142.5103289
5382456,1,2,1,70,05,5,48,1,,2,5,1,,9,2,9,COTIZANTE POR COBERTURA,,,,,,,,,,1,1,400000,908000,2,,82,38,38,1,1,8220,02,05,959.8883639
5382458,1,3,1,70,05,24,48,1,,2,24,1,,4,2,1,,,,,,,,,,,1,2,,908526,2,,56,45,97,1,2,5619,02,05,1558.6200168
5382459,1,3,1,70,05,4,48,1,,2,52,4,,1,2,4,,,,,,,,,,,1,2,,908000,2,,56,38,77,1,1,5619,02,05,942.56128626
5382462,1,1,1,70,05,52,48,4,,2,52,4,,1,2,2,,,,,,,,,,,1,2,,908526,2,,47,45,41,1,2,4771,02,05,1056.6532338
5382462,1,2,1,70,05,16,48,4,,2,16,1,,2,2,1,,,,,,,,,,,1,2,,908526,2,,43,93,93,1,2,4330,02,05,1056.6532338
5382463,1,2,1,70,05,52,48,4,,2,52,4,,5,2,1,,,,,,,,,,,1,2,,908526,2,,56,39,39,1,2,5621,02,05,1211.2316664
5382468,1,3,1,70,05,12,48,1,,2,12,1,,4,2,8,,,,,,,,,,,1,2,,908000,2,,46,95,45,1,1,4631,02,05,1124.9346759
5382468,1,4,1,70,05,12,48,1,,2,12,4,,1,2,8,,,,,,,,,,,1,2,,908000,2,,47,53,40,1,1,4711,02,05,1124.9346759
5382469,1,1,1,70,05,36,48,1,,2,36,1,,4,2,1,,,,,,,,,,,1,2,,908526,2,,56,53,53,1,2,5611,02,05,1012.0646329
5382469,1,3,1,70,05,48,48,1,,1,,,,,,,,.,,,,,,,,.,,,,908526,,,,44,,1,2,.,02,05,1012.0646329
5382484,1,1,1,70,05,52,50,1,,2,60,1,,9,2,2,,,,,,,,,,,1,2,,908000,2,,85,79,13,1,2,8511,02,05,1077.5000356
5382485,1,2,1,70,05,12,48,1,,2,24,1,,9,2,2,,,,,,,,,,,1,2,,1000000,2,,23,13,13,1,1,2394,02,05,1322.3661164
5382485,1,4,1,70,05,52,48,1,,2,4,1,,4,2,1,,,,,,,,,,,1,1,1200000,1100000,2,,41,95,95,1,2,4112,02,05,1322.3661164
5382496,1,1,1,70,05,24,48,1,,2,24,4,,1,2,3,,,,,,,,,,,1,2,,908526,2,,43,85,85,1,2,4321,02,05,1097.9049398
5382498,1,1,1,70,05,52,48,4,,2,16,3,,1,2,2,,,,,,,,,,,1,2,,908526,2,,97,54,54,1,2,9700,02,05,1256.6482115
5382504,1,1,1,70,05,72,48,1,,2,72,4,,1,2,1,,,,,,,,,,,1,2,,908526,2,,56,45,45,1,2,5619,02,05,1062.9350654
5382513,1,2,1,70,05,52,48,1,,1,,,,,,,,.,,,,,,,,.,,,,980000,,,,54,,1,2,.,02,05,1532.5007591
5382524,1,2,1,70,08,4,48,1,,2,38,1,,9,2,1,,,,,,,,,,,1,2,,1000000,2,,14,79,79,1,1,1410,02,08,584.33117677
5382527,1,2,1,70,08,52,48,1,,2,52,1,,5,2,1,,,,,,,,1,,,,2,,1000000,2,,85,33,13,1,2,8530,02,08,599.03812248
5382545,1,3,1,70,08,10,48,1,,1,,,,,,,,.,,,,,,,,.,,,,3000000,,,,02,,1,1,.,02,08,421.6592059
5382545,1,4,1,70,08,8,48,1,,1,,,,,,,,.,,,,,,,,.,,,,2500000,,,,02,,1,1,.,02,08,421.6592059
5382549,1,8,1,70,08,8,48,1,,2,8,4,,9,2,1,,,,,,,,,,,1,1,420000,906000,2,,49,55,59,1,1,4921,02,08,390.97099158
5382586,1,3,1,70,08,6,48,1,,2,6,1,,7,2,1,,,,,,,,,,,1,2,,906000,2,,47,32,45,1,1,4769,02,08,577.85480151
5382588,1,3,1,70,08,4,48,1,,2,4,1,,9,2,1,,,,,,,,,,,1,2,,909000,2,,20,45,03,1,1,2023,02,08,557.5077118
5382589,1,2,1,70,08,8,40,1,,2,8,4,,9,2,1,,,,,,,,,,,1,2,,1000000,2,,86,39,07,1,1,8621,02,08,560.39797609
5382600,1,2,1,70,08,8,48,3,,2,16,3,,1,2,1,,,,,,,,,,,1,2,,1000000,2,,97,54,54,1,1,9700,02,08,486.94423811
5382600,1,6,1,70,08,16,48,1,,2,17,1,,4,2,1,,,,,,,,,,,1,2,,1000000,2,,47,45,45,1,2,4711,02,08,486.94423811
5382606,1,3,1,70,08,40,48,1,,2,12,1,,8,2,1,,,,,,,,,,,1,2,,1500000,2,,85,02,13,1,2,8559,02,08,530.77310569
5382606,1,4,1,70,08,24,48,1,,2,24,1,,6,2,8,,,,,,,,,,,1,2,,1500000,2,,85,13,13,1,2,8512,02,08,530.77310569
5382617,1,2,1,70,08,40,48,1,,2,48,1,,9,2,8,,,,,,,,,,,1,2,,1000000,2,,53,07,21,1,2,5320,02,08,490.46686038
5382621,1,5,1,70,08,5,48,1,,2,16,1,,9,2,7,,,,,,,,,,,1,2,,900000,2,,41,95,95,1,1,4111,02,08,611.40379645
5382624,1,2,1,70,08,8,48,3,,2,4,3,,1,2,8,,,,,,,,,,,1,2,,500000,2,,97,54,54,1,1,9700,02,08,517.73774059
5382627,1,3,1,70,08,28,48,1,,2,30,1,,2,2,1,,,,,,,,,,,1,2,,900000,2,,47,55,45,1,2,4711,02,08,502.63014695
5382634,1,2,1,70,08,12,48,3,,2,32,1,,9,2,1,,,,,,,,,,,1,2,,650000,2,,88,54,53,1,1,8890,02,08,541.96453484
5382637,1,3,1,70,08,8,48,1,,1,,,,,,,,.,,,,,,,,.,,,,800000,,,,59,,1,1,.,02,08,640.42814857
5382642,1,2,1,70,08,104,48,1,,2,52,4,,1,2,1,,,,,,,,,,,1,2,,908500,2,,47,45,45,1,2,4792,02,08,565.40588142
5382643,1,3,1,70,08,8,48,1,,2,8,4,,1,2,1,,,,,,,,,,,1,2,,908526,2,,47,98,45,1,1,4791,02,08,720.46055777
5382644,1,2,1,70,08,48,48,1,,2,30,1,,9,2,1,,,,,,,,,,,1,2,,900000,2,,86,59,59,1,2,8610,02,08,599.03812248
5382645,1,4,1,70,08,24,48,1,,1,,,,,,,,.,,,,,,,,.,,,,900000,,,,33,,1,2,.,02,08,476.64130806
5382650,1,6,1,70,08,1,66,1,,2,40,1,,2,2,7,,,,,,,,,,,1,2,,908506,2,,47,45,45,1,1,4741,02,08,670.87876849
5382652,1,1,1,70,08,52,48,1,,2,52,1,,3,2,1,,,,,,,,,,,1,2,,908500,2,,47,07,45,1,2,4711,02,08,558.68035145
5382657,1,4,1,70,08,32,48,1,,2,32,4,,1,2,1,,,,,,,,,,,1,2,,500000,2,,47,55,45,1,2,4721,02,08,463.02766918
5382661,1,2,1,70,08,6,48,3,,2,6,1,,2,2,1,,,,,,,,,,,1,2,,700000,2,,56,54,53,1,1,5611,02,08,780.28402512
5382664,1,1,1,70,08,8,48,1,,2,12,1,,9,2,3,,,,,,,,,,,1,2,,920000,2,,68,58,58,1,1,6820,02,08,534.74715077
5382670,1,7,1,70,08,40,48,1,,2,40,1,,5,2,8,,,,,,,,,,,1,2,,909000,2,,22,39,45,1,2,2229,02,08,716.53803841
5382670,1,8,1,70,08,8,48,1,,2,8,1,,9,2,8,,,,,,,,,,,1,2,,1200000,2,,10,39,39,1,1,1089,02,08,716.53803841
5382673,1,3,1,70,08,24,48,1,,2,8,1,,9,2,2,,,,,,,,,,,1,2,,908506,2,,11,39,45,1,2,1104,02,08,571.04602543
5382679,1,5,1,70,08,52,48,3,,2,52,3,,1,2,7,,,,,,,,,,,1,2,,700000,2,,97,54,54,1,2,9700,02,08,479.83625572
5382682,1,1,1,70,08,104,48,1,,2,104,1,,7,2,1,,,,,,,,,,,1,2,,906000,2,,43,93,93,1,2,4330,02,08,454.74806714
5382682,1,3,1,70,08,52,48,1,,2,52,1,,7,2,1,,,,,,,,,,,1,2,,906000,2,,43,93,93,1,2,4330,02,08,454.74806714
5382693,1,2,1,70,08,16,40,1,,2,18,4,,1,2,1,,,,,,,,,,,1,2,,800000,2,,47,45,41,1,2,4729,02,08,460.00799544
5382693,1,7,1,70,08,52,48,1,,2,52,1,,9,2,1,,,,,,,,,,,1,2,,800000,2,,47,55,45,1,2,4754,02,08,460.00799544
5382700,1,3,1,70,08,28,48,1,,2,38,1,,9,2,1,,,,,,,,,,,1,2,,1200000,2,,47,45,45,1,2,4769,02,08,569.41325208
5382704,1,3,1,70,08,16,40,1,,2,20,1,,4,2,1,,,,,,,,,,,1,2,,450000,2,,85,13,13,1,2,8512,02,08,418.73074704
5382707,1,1,1,70,08,6,40,1,,2,6,4,,1,2,1,,,,,,,,,,,1,2,,908526,2,,85,39,13,1,1,8559,02,08,576.13717687
5382708,1,1,1,70,08,6,48,1,,2,20,1,,8,2,1,,,,,,,,,,,1,2,,960000,2,,80,58,58,1,1,8010,02,08,661.61146954
5382716,1,2,1,70,08,32,40,1,,2,32,1,,9,2,1,,,,,,,,,,,1,2,,980000,2,,47,45,45,1,2,4752,02,08,506.20829788
5382721,1,2,1,70,08,28,40,1,,2,28,1,,9,2,2,,,,,,,,,,,1,2,,2000000,2,,64,11,11,1,2,6499,02,08,530.77310569
5382724,1,3,1,70,08,16,48,1,,2,16,4,,1,2,1,,,,,,,,,,,1,2,,1200000,2,,47,70,41,1,2,4723,02,08,571.13087672
5382727,1,5,1,70,08,8,48,3,,2,8,4,,1,2,7,,,,,,,,,,,1,2,,300000,2,,56,54,45,1,1,5619,02,08,683.53803603
5382731,1,1,1,70,08,3,36,1,,2,240,3,,1,2,2,,,,,,,,,,,1,2,,908506,2,,97,55,54,1,1,9700,02,08,472.17380371
5382738,1,1,1,70,08,3,48,4,,2,40,1,,9,2,1,,,,,,,,,,,1,2,,800000,2,,96,57,44,1,1,9603,02,08,528.67938349
5382738,1,2,1,70,08,12,24,1,,2,40,1,,9,2,1,,,,,,,,,,,1,2,,500000,2,,35,03,03,1,1,3514,02,08,528.67938349
5382738,1,3,1,70,08,30,48,1,,2,30,1,,7,2,1,,,,,,,,,,,1,2,,1300000,2,,87,59,59,1,2,8730,02,08,528.67938349
5382738,1,6,1,70,08,36,48,1,,2,36,1,,9,2,1,,,,,,,,,,,1,2,,1200000,2,,10,45,45,1,2,1089,02,08,528.67938349
5382741,1,2,1,70,08,24,48,1,,2,16,4,,1,2,4,,,,,,,,,,,1,2,,800000,2,,47,55,41,1,2,4722,02,08,599.03812248
5382744,1,3,1,70,08,4,48,1,,2,4,1,,3,2,1,,,,,,,,,,,1,1,300000,906000,2,,56,11,97,1,1,5619,02,08,556.7690503
5382745,1,5,1,70,08,8,48,1,,1,,,,,,,,.,,,,,,,,.,,,,1200000,,,,58,,1,1,.,02,08,322.53943465
5382746,1,9,1,70,08,2,48,1,,2,2,1,,6,2,8,,,,,,,,,,,1,1,909000,909000,2,,96,56,56,1,1,9601,02,08,723.75623762
5382749,1,2,1,70,08,8,48,1,,2,8,2,,9,2,1,,,,,,,,,,,1,2,,909000,2,,84,58,58,1,1,8422,02,08,490.76045395
5382751,1,5,1,70,08,1,48,1,,2,192,4,,1,2,1,,,,,,,,,,,1,2,,908506,2,,73,38,16,1,1,7310,02,08,516.3066038
5382761,1,2,1,70,13,10,48,1,,2,32,4,,1,2,2,,,,,,,,,,,1,2,,800000,2,,47,45,45,1,1,4792,02,13,1009.4041754
5382762,1,2,1,70,13,6,48,1,,2,6,1,,5,2,1,,,,,,,,,,,1,2,,908526,2,,55,54,54,1,1,5511,02,13,787.63158405
5382765,1,2,1,70,13,40,48,1,,1,,,,,,,,.,,,,,,,,.,,,,908526,,,,55,,1,2,.,02,13,937.65062028
5382791,1,3,1,70,13,40,48,1,,2,40,4,,1,2,1,,,,,,,,,,,1,2,,900000,2,,41,95,95,1,2,4111,02,13,782.57547715
5382860,1,3,1,70,13,8,48,1,,1,,,,,,,,.,,,,,,,,.,,,,908526,,,,39,,1,1,.,02,13,430.29448007
5382860,1,9,1,70,13,52,48,3,,2,52,3,,1,2,1,,,,,,,,,,,1,2,,700000,2,,97,54,54,1,2,9700,02,13,430.29448007
5382861,1,12,1,70,13,8,48,1,,2,260,1,,5,2,1,,,,,,,,,,,1,2,,908526,2,,56,55,53,1,1,5611,02,13,238.03566465
5382913,1,5,1,70,17,44,48,1,,2,44,1,,2,2,1,,,,,,,,,,,1,2,,908526,2,,47,38,45,1,2,4761,02,17,134.37540836
5382915,1,2,1,70,17,48,48,1,,2,48,1,,3,2,2,,,,,,,,,,,1,2,,908526,2,,56,53,53,1,2,5611,02,17,214.8941319
5382924,1,2,1,70,17,2,40,8,,2,2,8,,4,2,1,,,,,,,,,,,1,1,360000,600000,2,,01,62,62,1,1,0123,02,17,192.1810379
5382924,1,3,1,70,17,3,48,1,,2,3,4,,9,2,5,,,,,,,,,,,1,1,600000,908526,2,,86,33,33,1,1,8610,02,17,192.1810379
5382925,1,5,1,70,17,20,48,1,,2,20,1,,3,2,1,,,,,,,,,,,1,2,,908526,2,,56,53,53,1,2,5611,02,17,171.07318307
5382926,1,1,1,70,17,12,48,3,,2,12,3,,1,1,8,,,,,,,,,,,1,2,,908526,2,,97,54,54,1,1,9700,02,17,190.74139886
5382928,1,3,1,70,17,48,48,1,,2,48,1,,9,2,1,,,,,,,,,,,1,2,,908526,2,,86,59,59,1,2,8610,02,17,296.20804893
5382928,1,5,1,70,17,8,48,1,,2,8,1,,9,2,1,,,,,,,,,,,1,2,,908526,2,,10,97,97,1,1,1082,02,17,296.20804893
5382936,1,2,1,70,17,16,48,1,,2,16,4,,1,2,2,,,,,,,,,,,1,2,,1800000,2,,96,57,57,1,2,9602,02,17,203.00942384
5382950,1,1,1,70,17,20,48,4,,2,16,1,,6,2,1,,,,,,,,,,,1,2,,1000000,2,,42,95,95,1,2,4290,02,17,170.79711724
5382964,1,3,1,70,17,2,48,1,,2,2,1,,4,2,9,TODAVIA LA CRUBRE LO EMPRESA,,1,,,,,,,,,1,454000,908526,1,1,43,03,03,1,1,4321,02,17,175.1565954
5382970,1,2,1,70,17,45,48,1,,2,45,1,,8,2,2,,,,,,,,,,,1,2,,908526,2,,41,45,39,1,2,4111,02,17,240.16613968
5382975,1,1,1,70,17,170,48,1,,2,175,1,,2,2,1,,,,,,,,,,,1,2,,1000000,2,,41,95,95,1,2,4111,02,17,151.04522511
5382981,1,1,1,70,17,48,5,3,,2,48,3,,1,2,1,,,,,,,,,,,1,2,,908526,2,,97,54,54,1,2,9700,02,17,287.15656791
5382981,1,2,1,70,17,12,48,1,,2,16,4,,1,2,1,,,,,,,,,,,1,2,,908526,2,,64,53,49,1,1,6499,02,17,287.15656791
5382983,1,2,1,70,17,5,48,1,,2,8,1,,9,2,8,,,,,,,,,,,1,2,,1100000,2,,24,84,84,1,1,2431,02,17,232.0681391
5382995,1,1,1,70,17,8,48,3,,2,48,3,,1,2,1,,,1,,,,,,,,,2,,908526,1,2,97,54,54,1,1,9700,02,17,260.01958111
5382999,1,2,1,70,17,8,48,1,,2,8,1,,9,2,1,,,,,,,,,,,1,1,150000,908526,2,,41,95,95,1,1,4111,02,17,188.01248719
5382999,1,3,1,70,17,48,48,1,,2,10,1,,9,2,1,,,,,,,,,,,1,2,,908526,2,,11,97,97,1,2,1101,02,17,188.01248719
5383001,1,3,1,70,17,8,48,1,,2,8,1,,9,2,2,,,1,,,,,,,,,2,,908526,2,,82,38,38,1,1,8220,02,17,191.98864842
5383003,1,1,1,70,17,6,50,3,,2,6,3,,1,2,1,,,,,,,,,,,1,1,600000,800000,2,,97,54,54,1,1,9700,02,17,211.0689974
5383008,1,1,1,70,17,12,48,1,,2,12,1,,2,2,8,,,,,,,,,,,1,2,,1200000,2,,49,98,98,1,1,4923,02,17,311.3694875
5383011,1,1,1,70,17,16,48,1,,2,16,1,,3,2,1,,,,,,,,,,,1,2,,908526,2,,96,57,57,1,2,9602,02,17,173.90934583
5383011,1,2,1,70,17,3,48,4,,2,3,1,,9,2,1,,,,,,,,,,,1,1,700000,908526,2,,41,95,95,1,1,4111,02,17,173.90934583
5383014,1,3,1,70,17,12,48,1,,2,24,1,,4,2,8,,,,,,,,,,,1,2,,908526,2,,45,84,84,1,1,4520,02,17,224.20095502
5383368,1,4,1,70,23,8,48,1,,2,8,1,,9,2,1,,,,,,,,,,,1,2,,1000000,2,,36,19,19,1,1,3600,02,23,177.57423605
5383370,1,2,1,70,23,12,48,1,,2,12,1,,9,2,1,,,,,,,,,,,1,2,,908526,2,,86,32,32,1,1,8621,02,23,189.20688375
5383371,1,3,1,70,23,24,48,1,,2,24,4,,1,2,1,,,,,,,,,,,1,2,,908526,2,,47,45,41,1,2,4759,02,23,255.64426885
5383374,1,1,1,70,23,4,48,5,,2,4,5,,3,2,1,,,,,,,,,,,1,1,1000000,900000,2,,41,95,95,1,1,4111,02,23,198.85294029
5383376,1,1,1,70,23,32,48,3,,2,96,3,,1,2,1,,,,,,,,,,,1,2,,500000,2,,97,54,54,1,2,9700,02,23,395.60872005
5383378,1,2,1,70,23,48,48,1,,2,48,3,,1,2,1,,,,,,,,,,,1,2,,908526,2,,97,32,54,1,2,9700,02,23,478.49683598
5383384,1,1,1,70,23,4,48,1,,2,4,1,,2,2,1,,,,,,,,,,,1,1,800000,908526,2,,41,03,95,1,1,4111,02,23,186.15159949
5383390,1,4,1,70,23,48,48,1,,2,48,1,,9,2,1,,,,,,,,,,,1,2,,908526,2,,86,03,03,1,2,8610,02,23,233.07874503
5383390,1,5,1,70,23,24,48,1,,1,,,,,,,,.,,,,,,,,.,,,,908526,,,,33,,1,2,.,02,23,233.07874503
5384075,1,3,1,70,73,16,48,1,,2,16,1,,4,2,4,,,,,,,,,,,1,2,,900000,2,,47,45,45,1,2,4771,02,73,297.17627935
5384084,1,3,1,70,73,16,48,1,,2,16,1,,2,2,1,,,,,,,,,,,1,2,,800000,2,,41,95,95,1,2,4111,02,73,353.35079622
5384085,1,1,1,70,73,13,48,1,,2,52,4,,9,2,1,,,,,,,,,,,1,2,,1200000,2,,84,39,39,1,1,8412,02,73,154.95747897
5384085,1,2,1,70,73,20,48,1,,2,40,4,,9,2,1,,,,,,,,,,,1,2,,1200000,2,,85,21,32,1,2,8544,02,73,154.95747897
5384090,1,1,1,70,73,12,48,1,,2,12,1,,3,2,1,,,,,,,,,,,1,1,1000000,2000000,2,,69,12,12,1,1,6910,02,73,281.23639936
5384090,1,2,1,70,73,20,40,1,,2,20,4,,2,2,2,,,,,,,,,,,1,2,,2200000,2,,69,12,12,1,2,6910,02,73,281.23639936
5384094,1,2,1,70,73,32,48,1,,2,32,1,,6,2,4,,,,,,,,,,,1,2,,1000000,2,,85,13,13,1,2,8513,02,73,154.95747897
5384096,1,1,1,70,73,3,48,1,,2,3,1,,9,2,3,,,1,,,,,,,,,1,910000,910000,1,1,41,95,95,1,1,4111,02,73,341.71571859
5384098,1,1,1,70,73,52,48,1,,2,52,1,,7,2,1,,,,,,,,,,,1,2,,910000,2,,14,79,79,1,2,1410,02,73,250.19435379
5384100,1,2,1,70,73,8,48,1,,2,8,4,,9,2,1,,,1,,,,,,,,,2,,4500000,1,1,84,12,12,1,1,8412,02,73,326.93977291
5384101,1,2,1,70,73,56,48,1,,2,56,1,,7,2,1,,,,,,,,,,,1,2,,2500000,2,,47,12,12,1,2,4771,02,73,368.70598338
5384104,1,4,1,70,73,80,48,1,,2,80,1,,4,2,4,,,,,,,,,,,1,2,,1800000,2,,75,06,06,1,2,7500,02,73,154.95747897
5384108,1,3,1,70,73,62,48,1,,2,99,1,,9,2,1,,,,,,,,,,,1,2,,1200000,2,,62,08,39,1,2,6202,02,73,601.09869501
5384108,1,5,1,70,73,40,48,1,,2,40,1,,3,2,1,,,,,,,,,,,1,2,,908526,2,,56,97,53,1,2,5611,02,73,601.09869501
5384110,1,3,1,70,73,24,48,1,,2,24,1,,4,2,1,,,,,,,,,,,1,2,,1500000,2,,45,84,84,1,2,4520,02,73,283.44816341
5384111,1,1,1,70,73,20,48,1,,2,20,1,,4,2,1,,,,,,,,,,,1,2,,900000,2,,47,45,45,1,2,4773,02,73,340.49204858
5384126,1,5,1,70,73,8,48,1,,2,8,1,,9,2,1,,,,,,,,,,,1,2,,910000,2,,41,19,19,1,1,4111,02,73,316.41285838
5384130,1,3,1,70,73,36,48,1,,2,36,1,,9,2,4,,,,,,,,,,,1,2,,900000,2,,45,84,84,1,2,4520,02,73,283.44816341
5384137,2,1,2,70,73,12,48,1,,2,12,1,,4,2,1,,,,,,,,,,,1,2,,900000,2,,41,39,39,1,1,4111,02,73,456.34917516
5384137,2,3,2,70,73,8,40,1,,1,,,,,,,,.,,,,,,,,.,,,,700000,,,,53,,1,1,.,02,73,456.34917516
5384139,1,4,1,70,73,20,40,1,,2,20,1,,3,2,1,,,,,,,,,,,1,2,,800000,2,,56,53,53,1,2,5611,02,73,161.0578861
5384139,1,5,1,70,73,30,48,1,,2,30,1,,2,2,1,,,,,,,,,,,1,1,100000,700000,2,,41,95,95,1,2,4111,02,73,161.0578861
5384141,1,1,1,70,73,12,48,1,,2,12,1,,9,2,1,,,,,,,,,,,1,2,,910000,2,,81,58,58,1,1,8110,02,73,414.40935693
5384141,1,2,1,70,73,11,48,1,,2,11,1,,7,2,1,,,,,,,,,,,1,2,,910000,2,,47,45,45,1,1,4771,02,73,414.40935693
5384144,1,1,1,70,73,20,48,1,,2,20,1,,7,2,3,,,,,,,,,,,1,2,,1800000,2,,47,45,45,1,2,4759,02,73,381.67901758
5384147,1,2,1,70,73,52,48,1,,2,52,1,,5,2,2,,,,,,,,,,,1,2,,1500000,2,,86,59,59,1,2,8621,02,73,310.43842821
5384159,1,2,1,70,73,48,48,1,,2,48,1,,3,2,2,,,,,,,,,,,1,2,,900000,2,,55,32,39,1,2,5511,02,73,341.71571859
5384160,1,2,1,70,73,8,48,4,,2,8,4,,9,2,1,,,1,,,,,,,,,2,,2000000,1,1,84,97,97,1,1,8412,02,73,326.93977291
5384161,1,2,1,70,73,20,48,1,,2,60,1,,6,2,2,,,,,,,,,,,1,2,,1200000,2,,47,11,11,1,2,4711,02,73,429.18530262
5384164,1,1,1,70,73,28,48,1,,2,28,1,,9,2,2,,,,,,,,,,,1,2,,950000,2,,47,33,33,1,2,4711,02,73,282.57435593
5384165,1,1,1,70,73,12,40,1,,2,12,1,,8,2,1,,,,,,,,,,,1,2,,2000000,3,,85,13,13,1,1,8544,02,73,274.23779533
5384172,1,4,1,70,73,28,48,1,,2,28,1,,9,2,3,,,,,,,,,,,1,2,,1500000,2,,45,40,40,1,2,4530,02,73,195.35915006
5384183,1,2,1,70,76,8,48,1,,2,15,1,,9,2,2,,,,,,,,,,,1,2,,908526,2,,18,11,11,1,1,1811,02,76,641.71454356
5384183,1,5,1,70,76,16,48,1,,2,104,1,,6,2,2,,,,,,,,,,,1,2,,908526,2,,56,45,53,1,2,5611,02,76,641.71454356
5384184,1,1,1,70,76,2,15,4,,2,416,3,,1,2,2,,,,,,,,,,,1,2,,300000,2,,97,45,54,1,1,9700,02,76,1084.4284217
5384189,1,1,1,70,76,47,50,5,,2,6,4,,1,2,1,,,,,,,,,,,1,1,450000,1200000,2,,41,95,95,1,2,4111,02,76,1326.5713092
5384190,1,3,1,70,76,26,48,1,,2,260,1,,9,2,2,,,,,,,,,,,1,2,,908526,2,,47,55,45,1,2,4724,02,76,1362.0623787
5384190,1,5,1,70,76,8,48,1,,2,42,1,,4,2,8,,,,,,,,,,,1,2,,908526,2,,53,97,97,1,1,5320,02,76,1362.0623787
5384192,1,1,1,70,76,8,48,1,,2,8,1,,8,2,7,,,,,,,,,,,1,2,,908526,2,,47,33,33,1,1,4771,02,76,1317.4488178
5384193,1,2,1,70,76,3,48,1,,2,104,1,,6,2,2,,,,,,,,,,,1,2,,908526,2,,56,55,53,1,1,5611,02,76,1347.8489333
5384205,1,1,1,70,76,8,48,1,,2,8,1,,9,2,1,,,,,,,,,,,1,2,,908526,2,,21,97,97,1,1,2100,02,76,1035.3567732
5384899,1,2,1,70,05,10,48,1,,2,10,1,,6,2,7,,,,,,,,,,,1,2,,908526,2,,84,13,13,1,1,8413,02,05,1353.3525833
5384980,1,1,1,70,50,40,48,4,,2,40,1,,6,2,1,,,,,,,,,,,1,2,,1000000,2,,42,55,55,1,2,4210,02,50,354.88487353
5384982,1,2,1,70,50,40,48,1,,2,40,4,,4,2,1,,,,,,,,,,,1,2,,1000000,2,,41,95,95,1,2,4111,02,50,230.84848816
5384985,1,2,1,70,50,60,48,1,,2,60,1,,5,2,1,,,,,,,,,,,1,2,,1600000,2,,47,19,19,1,2,4751,02,50,212.40878588
5384992,1,1,1,70,50,8,48,1,,2,12,1,,9,2,1,,,,,,,,,,,1,2,,900000,2,,56,53,53,1,1,5611,02,50,379.88426199
5384995,1,1,1,70,50,48,48,1,,2,48,1,,9,1,1,,,,,,,,,,,1,2,,905000,2,,49,54,54,1,2,4921,02,50,413.34518992
5384995,1,2,1,70,50,48,48,1,,2,48,1,,9,2,1,,,,,,,,,,,1,2,,905000,2,,49,98,98,1,2,4921,02,50,413.34518992
5385000,1,2,1,70,52,40,40,1,,2,40,1,,3,2,7,,,,,,,,,,,1,2,,908000,2,,56,57,53,1,2,5630,02,52,210.82950946
5385007,1,3,1,70,52,48,40,1,,2,24,8,,4,2,1,,,,,,,,,,,1,2,,908000,2,,01,77,61,1,2,0141,02,52,160.72541503
5385028,1,1,1,70,54,52,48,1,,2,54,1,,5,2,1,,,,,,,,,,,1,2,,1000000,2,,47,44,97,1,2,4711,02,54,398.38137517
5385028,1,2,1,70,54,54,40,1,,2,56,1,,5,2,1,,,,,,,,,,,1,2,,1200000,2,,47,45,45,1,2,4711,02,54,398.38137517
5385030,1,3,1,70,54,54,40,1,,2,54,4,,9,2,8,,,,,,,,,,,1,2,,2500000,2,,84,12,12,1,2,8412,02,54,284.96262958
5385031,1,3,1,70,54,3,48,4,,2,4,1,,9,2,2,,,,,,,,,,,1,1,950000,900000,2,,53,37,37,1,1,5320,02,54,408.2186098
5385032,1,1,1,70,54,2,48,1,,2,2,1,,9,2,8,,,,,,,,,,,1,1,1200000,900000,2,,46,97,97,1,1,4632,02,54,398.38137517
5385032,1,2,1,70,54,12,40,1,,2,12,4,,1,2,8,,,,,,,,,,,1,2,,900000,2,,96,32,57,1,1,9602,02,54,398.38137517
5385034,1,1,1,70,54,2,48,4,,2,2,4,,1,2,2,,,,,,,,,,,1,1,900000,900000,2,,49,98,98,1,1,4921,02,54,308.26192662
5385035,1,3,1,70,54,12,40,1,,2,52,4,,1,2,2,,,,,,,,,,,1,2,,1000000,2,,65,45,44,1,1,6511,02,54,233.11051729
5385035,1,4,1,70,54,20,40,4,,2,50,1,,3,2,7,,,,,,,,,,,1,2,,900000,2,,78,44,32,1,2,7810,02,54,233.11051729
5385039,1,2,1,70,54,21,48,1,,2,104,4,,1,2,1,,,,,,,,,,,1,2,,908000,2,,43,03,85,1,2,4321,02,54,472.291349
5385040,1,2,1,70,54,28,30,1,,2,50,1,,2,2,1,,,,,,,,,,,1,2,,600000,2,,47,45,45,1,2,4771,02,54,439.36835096
5385054,1,1,1,70,68,104,56,1,,2,104,1,,9,2,1,,,,,1,,,,,,,2,,4000000,2,,06,08,08,1,2,0610,02,68,589.68921255
5385054,1,2,1,70,68,60,24,1,,2,68,1,,9,2,2,,,,,1,,,,,,,2,,3000000,2,,85,13,13,1,2,8544,02,68,589.68921255
5385060,1,1,1,70,68,20,48,3,,2,20,4,,1,2,1,,,,,,,,,,,1,2,,908600,2,,81,54,55,1,2,8121,02,68,443.99814414
5385064,1,3,1,70,68,52,48,1,,2,52,1,,7,2,1,,,,,,,,,,,1,2,,1200000,2,,47,45,45,1,2,4722,02,68,579.16303043
5385836,1,1,1,70,05,48,48,1,,2,144,1,,9,2,1,,,1,,,,,,,,,2,,1500000,1,1,49,98,98,1,2,4923,02,05,2376.1235321
5385838,1,1,1,70,05,104,48,1,,2,104,1,,9,2,1,,,,,,,,,,,1,2,,908526,2,,14,55,55,1,2,1410,02,05,1056.6532338
5385839,1,2,1,70,05,2,48,1,,2,2,1,,2,2,1,,,,,,,,,,,1,1,800000,908500,2,,43,87,87,1,1,4322,02,05,1083.3399696
5385850,1,2,1,70,05,16,48,1,,2,16,1,,2,2,1,,,,,,,,,,,1,2,,908000,2,,45,87,84,1,2,4542,02,05,1058.7702263
5385851,1,2,1,70,05,12,48,1,,2,52,1,,9,2,1,,,,,,,,,,,1,2,,1000000,2,,86,59,59,1,1,8610,02,05,971.62408288
5385864,1,2,1,70,05,16,48,1,,2,16,1,,8,2,1,,,1,,1,,,,,,,2,,3000000,1,1,68,21,21,1,2,6820,02,05,971.62408288
5385867,1,3,1,70,05,3,48,1,,1,,,,,,,,.,,,,,,,,.,,,,908000,,,,16,,1,1,.,02,05,1090.9108495
5385875,1,6,1,70,11,8,48,1,,2,8,1,,9,2,2,,,,,,,,,,,1,2,,908526,2,,10,45,45,1,1,1089,02,11,6555.9047619
5385880,1,2,1,70,13,20,48,1,,2,24,1,,3,2,1,,,,,,,,,,,1,2,,908526,2,,56,55,53,1,2,5611,02,13,283.67439354
5385890,1,4,1,70,13,16,40,4,,2,24,1,,4,2,7,,,,,,,,,,,1,2,,908526,2,,45,93,93,1,2,4520,02,13,433.62062213
5385892,1,2,1,70,13,96,48,1,,2,96,1,,5,2,2,,,,,,,,,,,1,2,,900000,2,,41,32,32,1,2,4111,02,13,459.41193582
5385896,1,1,1,70,13,108,48,1,,2,108,4,,9,2,2,,,,,,,,,,,1,2,,2000000,2,,84,12,12,1,2,8412,02,13,346.6415495
5385901,1,2,1,70,13,16,40,3,,2,16,3,,1,2,1,,,,,,,,,,,1,2,,600000,2,,97,54,54,1,2,9700,02,13,720.02454251
5385909,1,1,1,70,13,96,48,1,,2,96,1,,5,2,1,,,,,,,,,,,1,2,,1500000,2,,37,98,98,1,2,3700,02,13,716.98189759
5385915,1,3,1,70,17,24,48,1,,2,78,1,,9,2,2,,,1,,,,,,,,,2,,2200000,2,,41,02,02,1,2,4111,02,17,212.31624697
5385923,1,3,1,70,17,24,50,1,,2,40,1,,9,2,2,,,,,,,,,,,1,2,,1000000,2,,82,38,38,1,2,8220,02,17,206.98558507
5385925,1,1,1,70,17,44,44,1,,2,44,1,,2,2,2,,,,,,,,,,,1,2,,908526,2,,41,90,95,1,2,4111,02,17,203.00942384
5385926,1,4,1,70,17,52,48,1,,2,52,1,,9,2,1,,,,,,,,,,,1,2,,1000000,2,,82,03,03,1,2,8220,02,17,213.47688446
5385930,1,1,1,70,17,4,48,1,,2,4,1,,6,2,7,,,,,,,,,,,1,1,950000,908526,2,,43,85,85,1,1,4321,02,17,217.83636262
5385932,1,2,1,70,17,30,48,1,,2,30,1,,6,2,2,,,1,,,,,,,,,2,,908526,2,,85,19,19,1,2,8551,02,17,191.12471579
5385939,1,1,1,70,17,12,48,3,,2,12,1,,2,2,1,,,,,,,,,,,1,2,,908526,2,,45,54,84,1,1,4520,02,17,303.50230342
5385939,1,2,1,70,17,8,48,1,,2,8,1,,3,2,1,,,,,,,,,,,1,2,,908526,2,,41,95,95,1,1,4111,02,17,303.50230342
5385939,1,3,1,70,17,48,48,1,,2,48,1,,3,2,1,,,,,,,,,,,1,2,,908526,2,,85,13,13,1,2,8512,02,17,303.50230342
5385978,1,4,1,70,23,30,48,1,,2,80,1,,9,2,1,,,,,,,,,,,1,2,,908526,2,,82,38,38,1,2,8220,02,23,175.16105178
5386038,1,2,1,70,54,50,48,1,,2,52,4,,1,2,7,,,,,,,,,,,1,2,,800000,2,,56,95,77,1,2,5619,02,54,352.02318794
5386039,1,2,1,70,54,12,48,1,,2,12,4,,1,2,1,,,,,,,,,,,1,2,,800000,2,,10,45,45,1,1,1081,02,54,273.88395946
5386039,1,4,1,70,54,2,48,4,,2,2,4,,1,2,1,,,,,,,,,,,1,1,200000,400000,2,,15,80,80,1,1,1522,02,54,273.88395946
5386040,1,1,1,70,54,12,48,3,,2,12,3,,1,2,1,,,,,,,,,,,1,2,,900000,2,,97,54,54,1,1,9700,02,54,400.00033166
5386040,1,3,1,70,54,8,45,3,,2,8,3,,1,2,1,,,,,,,,,,,1,2,,900000,2,,97,54,54,1,1,9700,02,54,400.00033166
5386045,1,2,1,70,54,5,45,4,,2,5,4,,1,2,1,,,,,,,,,,,1,1,600000,900000,2,,01,61,61,1,1,0112,02,54,413.58982124
5386046,1,2,1,70,54,4,48,1,,2,35,1,,5,2,7,,,,,,,,,,,1,2,,1000000,2,,41,58,95,1,1,4111,02,54,401.13418182
5386056,1,1,1,70,54,20,45,4,,2,104,4,,1,2,1,,,,,,,,,,,1,2,,400000,2,,41,95,95,1,2,4111,02,54,375.32248498
5386059,1,2,1,70,54,5,48,4,,2,3,4,,1,2,1,,,,,,,,,,,1,1,225000,908526,2,,81,55,55,1,1,8121,02,54,609.24871604
5386113,1,1,1,70,68,4,54,1,,2,12,5,,2,2,1,,,,,1,,,,,,,2,,1000000,2,,56,53,51,1,1,5611,02,68,403.75404386
5386121,1,3,1,70,68,24,48,1,,2,52,2,,9,2,1,,,,,,,,,,,1,2,,908526,2,,84,97,58,1,2,8422,02,68,1494.4597903
5386121,1,5,1,70,68,12,48,1,,2,24,1,,3,2,1,,,,,,,,,,,1,2,,908526,2,,41,95,95,1,1,4111,02,68,1494.4597903
5386124,1,3,1,70,68,12,40,1,,2,52,1,,9,2,2,,,,,,,,,,,1,2,,3000000,2,,06,02,02,1,1,0610,02,68,521.91546839
5386127,1,6,1,70,68,52,48,1,,1,,,,,,,,.,,,,,,,,.,,,,900000,,,,53,,1,2,.,02,68,826.01206162
5386127,1,7,1,70,68,32,48,1,,2,52,1,,7,2,8,,,,,,,,,,,1,2,,900000,2,,56,55,53,1,2,5611,02,68,826.01206162
5386128,1,2,1,70,68,20,48,1,,2,52,5,,2,2,2,,,,,,,,,,,1,2,,1000000,2,,56,55,51,1,2,5611,02,68,585.76529218
5386132,1,1,1,70,68,12,48,4,,2,12,4,,1,2,1,,,,,,,,,,,1,2,,900000,2,,41,95,95,1,1,4111,02,68,430.5525277
5386132,1,3,1,70,68,104,48,1,,2,104,4,,1,2,2,,,,,,,,,,,1,2,,900000,2,,47,45,41,1,2,4771,02,68,430.5525277
5386156,1,3,1,70,73,8,40,1,,1,,,,,,,,.,,,,,,,,.,,,,910000,,,,15,,1,1,.,02,73,299.38804341
5386159,1,1,1,70,73,16,40,2,,2,16,2,,9,2,1,,,,,,,,,,,1,2,,2500000,2,,84,12,12,1,2,8413,02,73,369.0563206
5386164,1,2,1,70,73,4,48,1,,2,4,1,,7,2,4,,,,,,,,,,,1,2,,908526,2,,47,45,45,1,1,4771,02,73,310.32333581
5386172,1,2,1,70,73,20,48,1,,2,20,1,,3,2,1,,,,,,,,,,,1,2,,1000000,2,,14,11,79,1,2,1410,02,73,154.95747897
5386173,1,2,1,70,73,8,48,1,,2,8,1,,4,2,4,,,,,,,,,,,1,2,,910000,2,,96,57,57,1,1,9602,02,73,224.30680075
5386176,1,2,1,70,76,25,36,4,,2,45,4,,1,2,1,,,,,,,,,,,1,2,,900000,2,,14,79,79,1,2,1410,02,76,836.42565178
5386176,1,4,1,70,76,8,48,1,,2,9,1,,9,2,2,,,,,,,,,,,1,2,,908526,2,,10,45,45,1,1,1051,02,76,836.42565178
5386177,1,2,1,70,76,8,50,1,,2,8,4,,1,2,4,,,,,,,,,,,1,1,350000,908526,2,,56,53,53,1,1,5619,02,76,827.24262774
5386179,1,1,1,70,76,104,48,4,,2,104,4,,9,2,1,,,,,,,,,,,1,2,,908526,2,,84,11,31,1,2,8412,02,76,1084.4284217
5386179,1,3,1,70,76,16,40,4,,2,52,4,,9,2,1,,,,,,,,,,,1,2,,1500000,2,,84,12,12,1,2,8412,02,76,1084.4284217
5386185,1,1,1,70,76,8,48,4,,2,8,4,,9,2,7,,,1,,,,,,,,,2,,3000000,1,1,84,21,31,1,1,8412,02,76,1133.8184288
5386193,1,2,1,70,76,1,20,4,,2,104,4,,3,2,1,,,,,,,,,,,1,2,,700000,3,,94,11,11,1,1,9499,02,76,890.21321386
5386845,1,2,1,70,13,24,48,1,,2,24,1,,9,2,1,,,,,,,,,,,1,2,,950000,2,,47,97,97,1,2,4711,02,13,411.90034766
5386893,1,2,1,70,17,98,98,1,,2,98,1,,4,2,1,,,,,,,,,,,1,2,,900000,2,,56,55,53,1,2,5611,02,17,186.76523763
5386896,1,1,1,70,17,2,55,1,,2,2,1,,2,2,1,,,,,,,,,,,1,1,1200000,1000000,2,,41,95,95,1,1,4111,02,17,251.24710164
5386897,1,2,1,70,17,44,48,1,,2,44,4,,1,2,1,,,,,,,,,,,1,2,,1000000,2,,49,97,98,1,2,4921,02,17,189.25973676
5386904,1,1,1,70,17,51,48,1,,2,51,1,,3,2,2,,,,,,,,,,,1,2,,908526,2,,56,79,53,1,2,5611,02,17,203.00942384
5386997,1,2,1,70,50,48,48,1,,2,50,1,,2,2,1,,,,,,,,,,,1,2,,900000,2,,47,45,45,1,2,4771,02,50,277.45631955
5386997,1,3,1,70,50,4,48,1,,1,,,,,,,,.,,,,,,,,.,,,,900000,,,,58,,1,1,.,02,50,277.45631955
5387002,3,1,3,70,50,48,40,1,,2,48,4,,1,2,1,,,,,,,,,,,1,2,,905000,2,,45,99,99,1,2,4520,02,50,236.79038359
5387004,1,2,1,70,50,24,48,1,,2,24,1,,3,2,4,,,,,,,,,,,1,2,,1200000,2,,47,45,45,1,2,4773,02,50,298.92278677
5387004,1,3,1,70,50,16,48,1,,2,16,1,,3,2,4,,,,,,,,,,,1,2,,908000,2,,56,53,53,1,2,5611,02,50,298.92278677
5387005,1,2,1,70,50,8,48,1,,2,8,4,,9,2,1,,,,,,,,,,,1,2,,2000000,2,,86,07,07,1,1,8610,02,50,277.45631955
5387009,1,5,1,70,50,8,48,1,,2,8,1,,4,2,4,,,,,,,,,,,1,2,,900000,2,,47,45,45,1,1,4771,02,50,347.15958223
5387012,1,2,1,70,50,180,48,1,,2,180,1,,9,2,1,,,,,,,,,,,1,2,,980000,2,,47,59,45,1,2,4711,02,50,351.94514245
5387018,1,1,1,70,50,6,48,8,,2,6,1,,3,2,1,,,,,,,,,,,1,2,,908000,2,,49,62,98,1,1,4923,02,50,336.60668171
5387018,1,3,1,70,50,3,48,1,,2,3,1,,4,2,1,,,,,,,,,,,1,1,1000000,1000000,2,,49,98,98,1,1,4923,02,50,336.60668171
5387021,1,3,1,70,50,24,48,1,,2,40,1,,4,2,1,,,,,,,,,,,1,2,,1000000,2,,85,13,13,1,2,8530,02,50,205.93980714
5387024,1,2,1,70,50,7,48,4,,2,7,4,,9,2,1,,,,,,,,,,,1,2,,2000000,2,,90,13,13,1,1,9007,02,50,329.10791805
5387034,1,2,1,70,50,45,48,1,,2,45,1,,3,2,2,,,,,,,,,,,1,2,,908000,2,,56,53,53,1,2,5611,02,50,316.30900579
5387036,1,2,1,70,50,8,48,4,,2,16,4,,1,2,1,,,,,,,,,,,1,2,,905000,2,,43,93,93,1,1,4330,02,50,65.741605553
5387036,1,3,1,70,50,32,40,4,,2,32,4,,1,2,1,,,,,,,,,,,1,2,,900000,2,,43,93,93,1,2,4330,02,50,65.741605553
5387041,1,2,1,70,50,3,48,4,,2,3,4,,1,2,1,,,,,,,,,,,1,1,500000,908000,2,,81,54,54,1,1,8121,02,50,171.31008791
5387044,1,3,1,70,50,3,48,1,,2,3,1,,3,2,1,,,,,,,,,,,1,1,850000,908000,2,,41,95,95,1,1,4111,02,50,327.93912675
5387048,1,6,1,70,52,4,48,1,,2,4,1,,3,2,1,,,,,,,,,,,1,1,800000,1000000,2,,56,53,53,1,1,5611,02,52,276.83198312
5387049,1,1,1,70,52,104,40,1,,2,21,4,,9,2,1,,,,,,,,,,,1,1,60000,908526,2,,84,58,58,1,2,8412,02,52,243.48325752
5387049,1,3,1,70,52,52,40,1,,2,4,4,,1,2,8,,,,,,,,,,,1,1,300000,700000,2,,96,58,59,1,2,9609,02,52,243.48325752
5387050,2,2,2,70,52,52,48,1,,2,52,1,,3,2,1,,,,,,,,,,,1,2,,908400,2,,93,55,55,1,2,9311,02,52,178.35392421
5387050,2,3,2,70,52,52,48,1,,2,52,1,,2,2,4,,,,,,,,,,,1,2,,908400,2,,47,45,45,1,2,4719,02,52,178.35392421
5387051,1,3,1,70,52,30,48,1,,1,,,,,,,,.,,,,,,,,.,,,,2000000,,,,12,,1,2,.,02,52,214.8966984
5387055,1,2,1,70,52,10,48,1,,1,,,,,,,,.,,,,,,,,.,,,,908526,,,,53,,1,1,.,02,52,177.63715536
5387057,1,3,1,70,52,2,48,1,,2,2,1,,4,2,1,,,,,,,,,,,1,1,1000000,1000000,2,,68,58,58,1,1,6820,02,52,213.77527029
5387069,1,2,1,70,52,52,48,1,,2,52,4,,1,2,8,,,,,,,,,,,1,2,,908000,2,,49,85,98,1,2,4921,02,52,264.46218678
5387070,1,2,1,70,52,50,48,1,,2,52,3,,2,2,1,,,,,,,,,,,1,2,,400000,2,,97,55,54,1,2,9700,02,52,261.05184028
5387070,1,3,1,70,52,3,48,1,,2,3,1,,2,2,1,,,,,,,,,,,1,1,1200000,1000000,2,,41,95,95,1,1,4111,02,52,261.05184028
5387077,1,4,1,70,52,20,20,1,,2,50,1,,9,2,1,,,,,,,,,,,1,2,,500000,2,,88,55,55,1,2,8890,02,52,188.22543314
5387079,1,2,1,70,52,52,48,2,,2,104,2,,9,2,7,,,,,,,,,,,1,2,,2000000,2,,85,13,13,1,2,8530,02,52,207.97325083
5387085,1,4,1,70,52,52,48,1,,2,52,1,,9,2,3,,,,,,,,,,,1,2,,908526,2,,46,45,45,1,2,4649,02,52,177.84188203
5387088,1,1,1,70,52,28,48,1,,2,8,1,,3,2,1,,,,,,,,,,,1,1,600000,1300000,2,,47,11,11,1,2,4711,02,52,217.77397987
5387089,1,2,1,70,52,2,48,1,,2,52,2,,9,2,1,,,,,,,,,1,PENSION,,2,,908526,3,,84,37,58,1,1,8422,02,52,217.77397987
5387091,1,4,1,70,52,4,25,3,,2,28,4,,1,2,1,,,,,,,,,,,1,2,,500000,2,,95,54,79,1,1,9529,02,52,207.97325083
5387099,1,2,1,70,52,28,48,1,,2,32,1,,5,2,1,,,,,,,,,,,1,2,,900000,2,,47,45,45,1,2,4771,02,52,712.13311034
5387104,1,3,1,70,52,8,40,1,,1,,,,,,,,.,,,,,,,,.,,,,800000,,,,33,,1,1,.,02,52,213.71534387
5387105,1,4,1,70,52,52,48,1,,2,52,1,,3,2,7,,,,,,,,,,,1,2,,908526,2,,47,45,45,1,2,4772,02,52,286.65373501
5387108,1,3,1,70,52,52,40,1,,2,52,1,,2,2,8,,,,,,,,,,,1,2,,900000,2,,95,85,85,1,2,9511,02,52,217.21435098
5387108,1,4,1,70,52,8,40,1,,2,8,1,,4,2,1,,,,,,,,,,,1,2,,400000,2,,56,53,53,1,1,5611,02,52,217.21435098
5387109,1,2,1,70,52,6,40,1,,2,48,1,,2,2,1,,,,,,,,,,,1,2,,908000,2,,41,45,95,1,1,4111,02,52,267.27954184
5387113,1,2,1,70,54,4,48,1,,2,4,1,,9,2,8,,,,,,,,,,,1,2,,1200000,2,,82,44,33,1,1,8299,02,54,408.00507618
5387120,1,2,1,70,54,6,48,4,,2,6,4,,1,2,7,,,,,,,,,,,1,2,,400000,2,,56,53,53,1,1,5630,02,54,472.291349
5387121,1,2,1,70,54,20,48,1,,2,20,1,,9,2,2,,,,,,,,,,,1,2,,908526,2,,23,45,45,1,2,2392,02,54,341.21809179
5387124,1,2,1,70,54,24,48,1,,2,24,1,,3,2,8,,,,,,,,,,,1,2,,600000,2,,56,53,53,1,2,5611,02,54,538.18960363
5387126,1,2,1,70,54,12,48,4,,2,156,1,,4,2,2,,,,,,,,,,,1,2,,908000,2,,46,55,39,1,1,4645,02,54,364.24381485
5387130,1,2,1,70,54,8,48,4,,2,12,4,,1,2,2,,,,,,,,,,,1,2,,908000,2,,14,45,79,1,1,1410,02,54,409.89760664
5387130,1,4,1,70,54,24,48,4,,2,24,4,,1,2,2,,,,,,,,,,,1,2,,908000,2,,14,45,97,1,2,1410,02,54,409.89760664
5387133,1,1,1,70,54,2,48,4,,2,2,4,,1,2,1,,,,,,,,,,,1,1,25000,908000,2,,81,55,55,1,1,8121,02,54,353.70218478
5387133,1,2,1,70,54,4,48,1,,2,52,4,,1,2,1,,,,,,,,,,,1,2,,908000,2,,47,39,41,1,1,4724,02,54,353.70218478
5387133,1,4,1,70,54,4,48,4,,2,4,4,,1,2,1,,,,,,,,,,,1,1,300000,908000,2,,15,80,80,1,1,1522,02,54,353.70218478
5387136,2,1,2,70,54,1,50,1,,2,1,1,,2,2,7,,,,,,,,,,,1,1,170000,800000,2,,41,95,95,1,1,4111,02,54,577.02243351
5387137,1,3,1,70,54,20,48,1,,2,20,1,,2,2,1,,,,,,,,,,,1,2,,1000000,2,,47,11,33,1,2,4773,02,54,405.46580315
5387139,1,1,1,70,54,32,48,1,,2,12,4,,1,2,1,,,,,,,,,,,1,2,,908526,2,,56,97,53,1,2,5619,02,54,428.42232667
5387140,1,2,1,70,54,32,40,1,,2,32,1,,9,2,1,,,,,,,,,,,1,2,,1000000,2,,85,19,19,1,2,8544,02,54,337.65494139
5387141,1,3,1,70,54,52,48,1,,2,54,1,,5,2,1,,,,,,,,,,,1,2,,908000,2,,92,39,39,1,2,9200,02,54,417.68643006
5387162,1,1,1,70,68,8,48,1,,2,8,1,,6,2,4,,,,,,,,,,,1,2,,900000,2,,14,30,30,1,1,1410,02,68,1151.9362202
5387162,1,4,1,70,68,12,48,1,,2,28,1,,8,2,1,,,,,,,,,,,1,2,,900000,2,,46,45,45,1,1,4663,02,68,1151.9362202
5387170,1,3,1,70,68,8,48,1,,2,8,4,,1,2,1,,,,,,,,,,,1,2,,1000000,2,,41,95,95,1,1,4111,02,68,645.6645466
5387178,1,1,1,70,68,54,48,4,,2,54,1,,6,2,1,,,,,,,,,,,1,2,,908600,2,,15,45,80,1,2,1522,02,68,425.51192946
5387178,1,2,1,70,68,54,48,4,,2,54,1,,6,2,1,,,,,,,,,,,1,2,,908600,2,,15,53,80,1,2,1522,02,68,425.51192946
5387178,1,3,1,70,68,2,60,1,,2,2,1,,3,2,8,,,,,,,,,,,1,2,,908600,2,,10,45,77,1,1,1081,02,68,425.51192946
5387225,1,2,1,70,76,5,48,1,,2,6,1,,9,2,1,,,,,,,,,,,1,2,,908526,2,,86,39,39,1,1,8621,02,76,1104.5426259
5387227,1,2,1,70,76,39,20,4,,2,46,4,,1,2,1,,,,,,,,,,,1,2,,908526,2,,56,53,53,1,2,5619,02,76,1339.7858646
5387227,1,3,1,70,76,2,48,1,,2,10,4,,1,2,1,,,,,,,,,,,1,2,,900000,2,,38,45,99,1,1,3830,02,76,1339.7858646
5387230,1,1,1,70,76,50,48,1,,2,51,1,,2,2,2,,,,,,,,,,,1,2,,908526,2,,49,37,98,1,2,4921,02,76,1084.4284217
5387230,1,3,1,70,76,50,48,1,,1,,,,,,,,.,,,,,,,,.,,,,908526,,,,33,,1,2,.,02,76,1084.4284217
5387231,1,1,1,70,76,25,48,1,,2,25,1,,2,2,1,,,,,,,,,,,1,2,,908526,2,,47,97,45,1,2,4711,02,76,882.858541
5387238,1,1,1,70,76,25,48,1,,2,46,3,,2,2,1,,,,,,,,,,,1,2,,908526,2,,97,45,54,1,2,9700,02,76,1262.081919
5387238,1,2,1,70,76,48,48,1,,2,52,1,,6,2,1,,,,,,,,,,,1,2,,908526,2,,96,53,53,1,2,9609,02,76,1262.081919
5387238,1,3,1,70,76,4,40,1,,2,4,1,,3,2,1,,,,,,,,,,,1,2,,908526,2,,45,32,84,1,1,4520,02,76,1262.081919
5387240,1,1,1,70,76,6,48,1,,2,10,3,,1,2,2,,,,,,,,,,,1,2,,908526,2,,97,54,54,1,1,9700,02,76,958.98314985
5387242,1,3,1,70,76,20,48,1,,1,,,,,,,,.,,,,,,,,.,,,,908526,,,,79,,1,2,.,02,76,1071.0253845
5387242,1,4,1,70,76,8,48,1,,2,150,1,,3,2,1,,,,,,,,,,,1,2,,98,2,,41,95,95,1,1,4111,02,76,1071.0253845
5388184,1,2,1,70,05,52,48,1,,2,52,4,,1,2,2,,,,,,,,,,,1,2,,908000,2,,56,58,45,1,2,5619,02,05,1058.7702263
5388184,1,3,1,70,05,6,48,1,,2,6,1,,9,2,2,,,,,,,,,,,1,2,,908000,2,,78,38,38,1,1,7810,02,05,1058.7702263
5388185,1,1,1,70,05,4,48,1,,2,452,4,,2,2,1,,,,,,,,,,,1,2,,908526,3,,47,45,45,1,1,4711,02,05,1056.6532338
5388189,1,1,1,70,05,44,48,1,,2,44,4,,1,2,1,,,,,,,,,,,1,2,,1000000,2,,47,45,45,1,2,4791,02,05,814.6265432
5388196,1,2,1,70,05,32,48,1,,2,40,1,,9,2,3,,,,,,,,,,,1,2,,1500000,2,,49,02,02,1,2,4923,02,05,663.64287445
5388201,1,2,1,70,05,3,48,1,,2,150,1,,6,2,2,,,,,,,,,,,1,2,,1500000,2,,82,19,38,1,1,8220,02,05,1030.7944422
5388202,1,2,1,70,05,24,48,1,,2,24,1,,4,2,1,,,,,,,,,,,1,2,,2000000,2,,42,02,02,1,2,4210,02,05,1353.3525833
5388209,1,1,1,70,05,4,48,1,,2,4,1,,5,2,1,,,1,,,,,,,,,1,400000,908500,1,1,14,79,79,1,1,1410,02,05,1174.6509521
5388212,1,1,1,70,05,4,42,1,,2,4,4,,1,2,8,,,,,,,,,,,1,2,,908000,2,,13,79,79,1,1,1313,02,05,1097.9049398
5388212,1,3,1,70,05,8,60,1,,2,8,1,,3,2,7,,,,,,,,,,,1,2,,720000,2,,47,45,45,1,1,4769,02,05,1097.9049398
5388216,1,2,1,70,05,24,48,1,,2,24,1,,3,2,1,,,,,,,,,,,1,2,,908526,2,,41,95,95,1,2,4111,02,05,1284.1774509
5388216,1,5,1,70,05,40,48,1,,2,40,1,,2,2,1,,,,,,,,,,,1,2,,908526,2,,41,95,95,1,2,4111,02,05,1284.1774509
5388218,1,2,1,70,05,12,48,1,,2,12,1,,4,2,2,,,,,,,,,,,1,2,,908526,2,,10,77,77,1,1,1081,02,05,1058.7702263
5388218,1,4,1,70,05,20,48,1,,1,,,,,,,,.,,,,,,,,.,,,,908526,,,,45,,1,2,.,02,05,1058.7702263
5388227,1,2,1,70,05,8,48,1,,2,52,4,,1,2,1,,,,,,,,,,,1,2,,908526,2,,47,33,45,1,1,4781,02,05,1105.4758198
5388227,1,3,1,70,05,8,48,1,,2,8,1,,2,2,1,,,,,,,,,,,1,2,,908526,2,,56,95,53,1,1,5619,02,05,1105.4758198
5388228,1,2,1,70,05,40,48,1,,2,260,4,,9,2,4,,,,,,,,,,,1,2,,908526,2,,84,45,21,1,2,8412,02,05,1083.3399696
5388229,1,4,1,70,05,44,48,1,,2,44,1,,8,2,4,,,,,,,,,,,1,2,,908526,2,,82,38,38,1,2,8220,02,05,954.04842989
5388230,1,1,1,70,05,8,48,1,,2,52,4,,1,2,6,,,,,,,,,,,1,2,,908526,2,,47,97,45,1,1,4789,02,05,1129.099515
5388238,1,1,1,70,11,8,24,3,,2,44,4,,1,2,1,,,,,,,,,,,1,2,,600000,2,,81,55,54,1,1,8121,02,11,5980.8162868
5388239,1,1,1,70,11,44,48,4,,2,44,1,,9,2,1,,,,,,,,,,,1,2,,908000,2,,81,54,55,1,2,8121,02,11,3598.341928
5388240,1,3,1,70,11,16,40,1,,1,,,,,,,,.,,,,,,,,.,,,,980000,,,,45,,1,2,.,02,11,3224.8614519
5388241,1,2,1,70,11,8,48,1,,2,50,1,,3,2,8,,,,,,,,,,,1,2,,908526,2,,15,99,80,1,1,1521,02,11,3121.5809853
5388244,1,1,1,70,11,8,48,1,,2,8,1,,2,2,2,,,,,,,,,,,1,2,,908526,2,,68,58,58,1,1,6820,02,11,3121.5809853
5388254,1,1,1,70,11,40,48,1,,2,52,1,,8,2,6,,,,,,,,,,,1,2,,908526,2,,10,03,03,1,2,1011,02,11,4465.9222023
5388260,1,3,1,70,11,12,48,1,,2,96,1,,2,2,4,,,,,,,,,,,1,2,,908526,2,,93,55,58,1,1,9329,02,11,2817.1697706
5388264,1,3,1,70,11,32,48,1,,2,44,1,,2,2,8,,,,,,,,,,,1,2,,1000000,2,,49,00,98,1,2,4921,02,11,2966.5530085
5388269,1,1,1,70,11,2,48,1,,1,,,,,,,,.,,,,,,,,.,,,,900000,,,,00,,1,1,.,02,11,3080.2702813
5388272,1,2,1,70,11,52,48,4,,2,52,4,,1,2,4,,,,,,,,,,,1,2,,98,2,,74,16,16,1,2,7420,02,11,3366.1560485
5388274,1,3,1,70,11,6,40,1,,1,,,,,,,,.,,,,,,,,.,,,,2000000,,,,21,,1,1,.,02,11,2748.2739406
5388276,1,1,1,70,11,1,48,1,,2,1,1,,9,2,1,,,1,,,,,,,,,1,908526,908526,1,1,86,55,55,1,1,8610,02,11,2291.0094826
5388279,1,2,1,70,11,44,48,1,,2,44,1,,9,2,2,,,,,,,,,,,1,2,,908000,2,,46,45,45,1,2,4631,02,11,3297.086787
5388283,1,2,1,70,11,156,48,1,,2,156,4,,3,2,1,,,,,,,,,,,1,2,,908526,2,,14,79,79,1,2,1410,02,11,3668.9312695
5388293,1,2,1,70,11,5,48,1,,2,5,1,,9,2,2,,,,,,,,,,,1,2,,908526,2,,47,33,33,1,1,4771,02,11,4496.8164668
5388306,1,1,1,70,11,8,48,1,,2,8,1,,5,2,1,,,,,,,,,,,1,2,,908526,2,,68,55,55,1,1,6820,02,11,2866.762914
5388311,1,4,1,70,11,12,48,1,,2,12,1,,3,2,4,,,,,,,,,,,1,2,,950000,2,,56,33,77,1,1,5619,02,11,2146.3979454
5388311,1,5,1,70,11,20,48,1,,1,,,,,,,,.,,,,,,,,.,,,,900000,,,,33,,1,2,.,02,11,2146.3979454
5388315,1,3,1,70,11,4,48,1,,2,4,1,,9,2,4,,,,,,,,,,,1,2,,908000,2,,61,44,44,1,1,6120,02,11,4751.8079695
5388316,1,2,1,70,11,52,48,1,,2,52,1,,2,2,8,,,,,,,,,,,1,2,,908000,2,,41,53,95,1,2,4111,02,11,6243.8964308
5388321,1,3,1,70,11,8,40,1,,2,8,1,,8,2,8,,,,,,,,,,,1,2,,1000000,2,,70,39,33,1,1,7020,02,11,3079.2685744
5388321,1,4,1,70,11,10,40,1,,1,,,,,,,,.,,,,,,,,.,,,,908000,,,,38,,1,1,.,02,11,3079.2685744
5388323,1,1,1,70,11,12,48,1,,2,8,1,,5,2,1,,,,,,,,,,,1,2,,908526,2,,68,58,58,1,1,6820,02,11,3307.5032265
5388324,1,2,1,70,11,104,48,1,,2,104,4,,1,2,2,,,,,,,,,,,1,2,,900000,2,,81,39,54,1,2,8121,02,11,2972.1977474
5388326,1,1,1,70,11,18,48,1,,2,105,1,,3,2,1,,,,,,,,,,,1,2,,908526,2,,47,98,40,1,2,4724,02,11,2703.4728645
5388328,1,2,1,70,11,156,48,1,,2,156,4,,1,2,6,,,,,,,,,,,1,2,,900000,2,,81,55,55,1,2,8121,02,11,2889.3951058
5388331,1,4,1,70,11,52,50,1,,2,52,1,,5,2,4,,,,,,,,,,,1,2,,908000,2,,85,39,39,1,2,8544,02,11,3221.5445112
5388332,1,1,1,70,11,40,48,1,,2,40,4,,2,2,2,,,,,,,,,,,1,2,,2000000,2,,43,95,93,1,2,4330,02,11,3366.1560485
5388347,1,1,1,70,11,40,48,1,,2,40,1,,5,2,1,,,1,,,,,,,,,2,,1500000,1,1,42,97,97,1,2,4210,02,11,3818.9373405
5388347,1,3,1,70,11,104,48,1,,2,4,1,,9,2,2,,,,,,,,,,,1,1,870000,1000000,2,,01,45,62,1,2,0125,02,11,3818.9373405
5388353,1,1,1,70,11,8,48,1,,2,1,1,,9,2,8,,,,,,,,,,,1,1,700000,908526,2,,47,53,45,1,1,4724,02,11,3513.9032928
5388358,1,2,1,70,11,44,24,1,,2,11,1,,5,2,2,,,,,,,,,,,1,2,,1000000,2,,46,32,32,1,2,4644,02,11,2786.2755062
5388359,1,1,1,70,11,52,48,1,,2,18,4,,8,2,1,,,,,,,,,,,1,2,,1200000,2,,86,59,59,1,2,8699,02,11,2703.4728645
5388359,1,3,1,70,11,14,48,1,,2,52,4,,3,2,4,,,,,,,,,,,1,2,,908526,2,,96,57,57,1,2,9602,02,11,2703.4728645
5388365,1,2,1,70,11,2,40,1,,2,2,1,,9,2,1,,,,,,,,,,,1,1,300000,1000000,1,1,86,44,06,1,1,8610,02,11,2264.8869188
5388365,1,3,1,70,11,1,48,1,,2,2,1,,3,2,8,,,,,,,,,,,1,1,100000,908000,2,,47,53,45,1,1,4771,02,11,2264.8869188
5388372,1,3,1,70,11,26,48,1,,2,52,1,,4,2,4,,,,,,,,,,,1,2,,908526,2,,15,90,90,1,2,1523,02,11,2526.5045006
5388376,1,2,1,70,11,58,40,1,,2,36,1,,3,2,2,,,,,,,,,,,1,2,,908000,2,,47,45,45,1,2,4771,02,11,4682.7387081
5388377,1,1,1,70,11,28,40,1,,2,24,1,,6,2,1,,,,,,,,,,,1,2,,1300000,2,,47,38,45,1,2,4759,02,11,2755.3812417
5388383,1,3,1,70,11,8,48,1,,2,36,4,,1,2,4,,,,,,,,,,,1,2,,1200000,2,,47,38,45,1,1,4772,02,11,3815.1584337
5388386,1,2,1,70,11,150,40,1,,2,150,1,,5,2,2,,,,,,,,,,,1,2,,1500000,2,,69,12,39,1,2,6910,02,11,3374.2446898
5388388,1,6,1,70,11,8,48,1,,2,8,1,,9,2,1,,,,,,,,,,,1,2,,908526,2,,28,97,97,1,1,2819,02,11,5879.4881977
5388401,1,2,1,70,11,3,77,1,,2,48,1,,9,2,1,,,1,,,,,,,,,2,,908526,1,2,49,98,98,1,1,4921,02,11,3598.341928
5388417,1,6,1,70,11,54,48,1,,2,54,1,,9,2,2,,,,,,,,,,,1,2,,2000000,2,,21,44,44,1,2,2100,02,11,2149.7070838
5388422,1,1,1,70,11,150,48,1,,2,150,1,,9,2,1,,,,,1,,,,,,,2,,10000000,3,,84,21,39,1,2,8413,02,11,3598.341928
5388433,1,2,1,70,11,96,48,1,,2,96,1,,9,1,2,,,,,,,,,,,1,2,,2000000,2,,51,04,59,1,2,5111,02,11,2935.6587441
5388447,1,3,1,70,11,12,48,1,,2,12,4,,7,2,1,,,1,,,,,,,,,2,,2000000,1,2,86,19,07,1,1,8621,02,11,3345.3937097
5388453,1,2,1,70,11,4,30,1,,1,,,,,,,,.,,,,,,,,.,,,,800000,,,,05,,1,1,.,02,11,3030.9193658
5388462,1,1,1,70,11,24,48,1,,2,3,1,,3,2,1,,,,,,,,,,,1,1,300000,1000000,2,,42,58,55,1,2,4210,02,11,4316.5389644
5388467,1,1,1,70,11,12,48,1,,2,8,4,,1,2,8,,,,,,,,,,,1,2,,908526,2,,25,83,83,1,1,2511,02,11,2996.4659328
5388467,1,2,1,70,11,12,48,1,,2,8,4,,1,2,8,,,,,,,,,,,1,2,,908526,2,,81,53,54,1,1,8121,02,11,2996.4659328
5388476,1,2,1,70,11,99,40,1,,2,400,1,,4,2,2,,,,,,,,,,,1,2,,2500000,2,,47,21,21,1,2,4741,02,11,3486.9602557
5388477,1,1,1,70,11,48,48,1,,2,48,1,,3,2,8,,,,,,,,,,,1,2,,908526,2,,64,37,37,1,2,6412,02,11,2935.6587441
5388486,1,2,1,70,11,12,48,1,,2,12,1,,9,2,1,,,,,,,,,,,1,2,,1200000,2,,86,21,21,1,1,8621,02,11,2755.3812417
5388506,1,4,1,70,13,12,48,1,,2,78,1,,7,2,4,,,,,,,,,,,1,2,,1200000,2,,52,39,39,1,1,5229,02,13,383.1391967
5388512,1,3,1,70,13,104,104,1,,2,104,1,,6,2,1,,,,,,,,,,,1,2,,908526,2,,55,54,54,1,2,5511,02,13,331.37127551
5388514,1,3,1,70,13,32,40,1,,2,32,4,,1,2,4,,,,,,,,,,,1,2,,908526,2,,56,45,77,1,2,5619,02,13,476.82592793
5388518,1,3,1,70,13,16,48,2,,1,,,,,,,,.,,,,,,,,.,,,,908526,,,,58,,1,2,.,02,13,371.83624798
5388530,1,2,1,70,13,27,48,1,,2,27,1,,7,2,1,,,,,,,,1,,,,2,,800000,2,,56,53,53,1,2,5630,02,13,393.81579202
5388545,1,4,1,70,13,24,40,4,,2,24,4,,1,2,1,,,,,,,,,,,1,2,,700000,2,,49,98,98,1,2,4921,02,13,473.68472181
5388553,1,1,1,70,13,12,48,1,,2,52,1,,6,2,1,,,,,,,,,,,1,2,,908526,2,,47,33,33,1,1,4711,02,13,440.24784154
5388553,1,5,1,70,13,12,48,1,,1,,,,,,,,.,,,,,,,,.,,,,800000,,,,97,,1,1,.,02,13,440.24784154
5388556,1,3,1,70,13,8,40,1,,1,,,,,,,,.,,,,,,,,.,,,,800000,,,,45,,1,1,.,02,13,410.86194862
5388560,1,2,1,70,13,12,48,1,,2,12,1,,7,2,2,,,,,,,,,,,1,2,,1200000,2,,47,45,45,1,1,4773,02,13,360.01227126
5388563,1,3,1,70,13,24,48,1,,2,24,1,,7,2,1,,,,,,,,,,,1,2,,1800000,2,,86,19,19,1,2,8621,02,13,324.80758324
5388570,1,2,1,70,13,104,48,1,,2,104,1,,4,2,1,,,,,,,,,,,1,2,,908526,2,,56,33,86,1,2,5630,02,13,360.01227126
5388577,1,1,1,70,13,20,48,1,,2,20,1,,9,2,1,,,,,,,,,,,1,2,,1500000,2,,47,45,45,1,2,4773,02,13,434.21723734
5388582,1,6,1,70,13,24,48,1,,2,24,4,,9,2,1,,,,,,,,,,,1,2,,908526,2,,84,39,39,1,2,8412,02,13,397.75695987
5388589,1,3,1,70,13,8,40,1,,2,8,1,,4,2,1,,,,,,,,,,,1,2,,1400000,2,,70,59,59,1,1,7020,02,13,320.71849131
5388591,1,1,1,70,13,36,48,1,,2,36,1,,4,2,2,,,,,,,,,,,1,2,,900000,2,,45,84,84,1,2,4520,02,13,397.77313946
5388594,1,3,1,70,13,104,48,1,,2,104,1,,9,2,1,,,,,,,,,,,1,2,,908526,2,,61,44,44,1,2,6120,02,13,305.57996182
5388597,1,3,1,70,13,24,48,1,,2,24,1,,7,2,1,,,,,,,,,,,1,2,,900000,2,,47,45,45,1,2,4771,02,13,334.1931887
5388597,1,8,1,70,13,24,48,1,,2,24,1,,4,2,1,,,,,,,,,,,1,2,,900000,2,,47,45,45,1,2,4711,02,13,334.1931887
5388606,1,2,1,70,13,12,48,1,,2,46,1,,3,2,2,,,,,,,,,,,1,2,,900000,2,,56,33,33,1,1,5619,02,13,352.09757639
5388694,1,3,1,70,17,52,48,1,,2,104,4,,1,2,2,,,,,,,,,,,1,2,,908526,2,,56,39,86,1,2,5630,02,17,186.95762711
5388697,1,1,1,70,17,24,30,4,,2,48,3,,1,2,1,,,,,,,,,,,1,2,,800000,2,,97,55,54,1,2,9700,02,17,186.76523763
5388702,1,2,1,70,17,8,40,1,,2,16,1,,5,2,2,,,,,,,,,,,1,2,,908526,2,,96,38,21,1,1,9609,02,17,222.95370546
5388703,1,1,1,70,17,32,48,1,,2,36,1,,5,2,1,,,,,,,,,,,1,2,,908526,2,,53,97,37,1,2,5320,02,17,311.3694875
5388705,1,3,1,70,17,4,48,1,,2,4,1,,3,2,1,,,,,,,,,,,1,1,800000,908526,2,,56,53,53,1,1,5611,02,17,266.42878709
5388707,1,1,1,70,17,4,48,1,,2,8,1,,9,2,1,,,,,,,,,,,1,2,,908526,2,,38,55,99,1,1,3811,02,17,280.02607592
5388707,1,3,1,70,17,8,48,1,,2,8,1,,9,2,1,,,,,,,,,,,1,2,,908526,2,,82,38,38,1,1,8220,02,17,280.02607592
5388707,1,6,1,70,17,4,48,1,,2,4,1,,4,2,1,,,,,,,,,,,1,1,908526,908526,2,,56,45,45,1,1,5619,02,17,280.02607592
5388708,1,2,1,70,17,48,48,1,,2,48,1,,9,2,1,,,,,,,,,,,1,2,,908526,2,,82,38,38,1,2,8220,02,17,180.27920899
5388717,1,1,1,70,17,6,48,1,,2,6,1,,9,2,1,,,,,,,,,,,1,2,,908526,2,,82,38,38,1,1,8220,02,17,230.82088954
5388718,1,1,1,70,17,48,48,1,,2,48,1,,9,2,1,,,,,,,,,,,1,2,,1500000,2,,41,34,34,1,2,4111,02,17,182.99691133
5388720,1,3,1,70,17,60,40,1,,2,66,4,,9,2,1,,,1,,,,,,,,,2,,2000000,1,1,84,12,12,1,2,8412,02,17,170.79711724
5388912,1,2,1,70,23,104,48,1,,2,104,1,,9,2,1,,,,,,,,,,,1,2,,908526,2,,85,53,53,1,2,8511,02,23,190.27557685
5388913,2,1,2,70,23,13,48,4,,2,14,1,,4,2,1,,,,,,,,,,,1,2,,900000,2,,01,95,60,1,1,0141,02,23,248.17557598
5388915,1,10,1,70,23,48,48,1,,2,48,1,,4,2,1,,,,,,,,,,,1,2,,700000,2,,56,53,53,1,2,5611,02,23,257.10005784
5388922,1,2,1,70,23,40,48,1,,2,40,2,,9,2,3,,,,,,,,,,,1,2,,1200000,2,,85,32,32,1,2,8544,02,23,198.85294029
5388927,1,6,1,70,23,16,40,1,,2,52,4,,1,2,1,,,,,,,,,,,1,2,,908526,2,,43,95,87,1,2,4322,02,23,225.95827788
5388933,1,2,1,70,23,24,46,1,,2,24,1,,2,2,2,,,,,,,,,,,1,2,,908526,2,,41,95,95,1,2,4111,02,23,168.82549138
5388936,1,1,1,70,23,54,48,1,,2,54,1,,9,2,1,,,,,,,,,,,1,2,,908526,2,,86,32,19,1,2,8610,02,23,348.83778183
5388940,1,1,1,70,23,64,40,4,,2,64,4,,9,2,1,,,,,,,,,,,1,2,,1500000,2,,84,02,02,1,2,8412,02,23,144.57398785
5388940,1,3,1,70,23,52,40,2,,2,64,4,,9,2,1,,,,,,,,,,,1,2,,1200000,2,,84,13,05,1,2,8412,02,23,144.57398785
5388940,1,6,1,70,23,20,48,1,,1,,,,,,,,.,,,,,,,,.,,,,908526,,,,33,,1,2,.,02,23,144.57398785
5388957,1,3,1,70,23,52,40,1,,2,52,1,,9,2,1,,,,,,,,,,,1,2,,908526,2,,64,33,33,1,2,6412,02,23,210.58564886
5388958,1,3,1,70,23,3,48,1,,1,,,,,,,,.,,,,,,,,.,,,,1000000,,,,21,,1,1,.,02,23,163.99620017
5388968,1,1,1,70,23,12,48,1,,2,12,1,,5,2,1,,,,,,,,,,,1,2,,908526,2,,10,55,97,1,1,1081,02,23,198.85294029
5388968,1,2,1,70,23,4,48,4,,2,4,4,,1,2,1,,,,,,,,,,,1,1,700000,908526,2,,43,93,93,1,1,4330,02,23,198.85294029
5388971,1,2,1,70,23,52,48,1,,2,250,1,,9,2,1,,,,,,,,,,,1,2,,908526,2,,85,38,39,1,2,8544,02,23,120.42892367
5388987,1,4,1,70,23,12,48,1,,2,12,4,,1,2,1,,,,,,,,,,,1,2,,908516,2,,95,03,03,1,1,9511,02,23,200.93959232
5388997,1,1,1,70,23,56,48,1,,2,69,1,,7,2,1,,,,,,,,,,,1,2,,1200000,2,,85,13,13,1,2,8530,02,23,171.5430788
5389022,1,3,1,70,23,32,48,1,,2,32,1,,9,2,1,,,,,,,,,,,1,2,,908526,2,,64,32,32,1,2,6412,02,23,157.31090929
5389026,1,4,1,70,23,156,48,1,,2,156,1,,3,2,4,,,,,,,,,,,1,2,,908526,2,,47,45,45,1,2,4771,02,23,124.73968463
5389367,1,3,1,70,50,48,48,1,,1,,,,,,,,.,,,,,,,,.,,,,900000,,,,59,,1,2,.,02,50,397.93592618
5389367,1,4,1,70,50,48,48,1,,2,48,1,,9,2,2,,,,,,,,,,,1,2,,900000,2,,59,59,59,1,2,5914,02,50,397.93592618
5389372,1,2,1,70,50,3,48,1,,2,8,1,,2,2,3,,,,,,,,,,,1,2,,908000,2,,55,33,39,1,1,5511,02,50,277.45631955
5389382,1,3,1,70,50,16,48,4,,2,16,4,,9,2,1,,,1,,,,,,,,,2,,2000000,1,2,84,02,02,1,2,8413,02,50,294.10650928
5389388,1,1,1,70,50,8,48,1,,1,,,,,,,,.,,,,,,,,.,,,,1000000,,,,45,,1,1,.,02,50,271.10264885
5389393,1,1,1,70,50,4,60,4,,2,16,3,,1,2,1,,,,,,,,,,,1,2,,900000,2,,49,98,98,1,1,4921,02,50,291.40032477
5389402,1,2,1,70,50,36,48,1,,2,36,4,,7,2,1,,,,,,,,,,,1,2,,1000000,2,,55,18,18,1,2,5511,02,50,239.56347864
5389408,1,4,1,70,50,48,48,3,,2,50,4,,1,2,1,,,,1,,,,,,,,2,,900000,1,2,81,55,55,1,2,8121,02,50,49.709556934
5389408,1,5,1,70,50,48,40,1,,1,,,,,,,,.,,,,,,,,.,,,,1500000,,,,05,,1,2,.,02,50,49.709556934
5389409,1,3,1,70,50,40,48,1,,2,40,1,,7,2,1,,,,,,,,,,,1,2,,1500000,2,,47,33,33,1,2,4731,02,50,54.947036388
5389411,1,1,1,70,50,8,40,1,,1,,,,,,,,.,,,,,,,,.,,,,600000,,,,45,,1,1,.,02,50,127.99730699
5389411,1,3,1,70,50,17,48,1,,2,47,1,,3,2,4,,,,,,,,,,,1,2,,981000,2,,41,95,95,1,2,4111,02,50,127.99730699
5389416,1,1,1,70,50,10,48,1,,2,15,1,,4,2,1,,,,,,,,,,,1,2,,1500000,2,,56,11,11,1,1,5611,02,50,100.78833352
5389417,1,1,1,70,50,8,48,1,,2,10,1,,9,2,1,,,,,,,,,,,1,2,,1500000,2,,80,58,58,1,1,8010,02,50,148.98962047
5389425,1,2,1,70,50,52,48,1,,2,52,1,,3,2,1,,,,,,,,,,,1,2,,1050000,2,,56,53,53,1,2,5613,02,50,405.87016345
5389434,1,3,1,70,50,30,48,1,,1,,,,,,,,.,,,,,,,,.,,,,1800000,,,,39,,1,2,.,02,50,378.71547069
5389440,1,2,1,70,50,12,48,1,,2,12,1,,4,2,4,,,,,,,,,,,1,2,,900000,2,,47,45,45,1,1,4771,02,50,444.72284968
5389447,1,2,1,70,50,46,48,4,,2,46,4,,1,2,1,,,1,,,,,,,,,2,,1200000,1,2,47,45,45,1,2,4759,02,50,309.67851659
5389452,1,2,1,70,52,52,25,1,,2,20,3,,2,2,1,,,,,,,,,,,1,1,120000,500000,2,,97,45,54,1,2,9700,02,52,161.28504393
5389455,1,3,1,70,52,16,48,1,,2,14,1,,9,2,1,,,,,,,,,,,1,2,,2800000,2,,86,08,08,1,2,8621,02,52,283.83637995
5389455,1,5,1,70,52,52,70,1,,2,52,5,,3,2,8,,,,,,,,,,,1,2,,908000,2,,56,58,51,1,2,5611,02,52,283.83637995
5389463,1,3,1,70,52,20,48,1,,2,8,4,,1,2,2,,,,,,,,,,,1,2,,2000000,2,,69,12,12,1,2,6910,02,52,107.42347068
5389463,1,5,1,70,52,12,48,1,,1,,,,,,,,.,,,,,,,,.,,,,1800000,,,,19,,1,1,.,02,52,107.42347068
5389464,1,2,1,70,52,40,40,1,,2,48,1,,9,2,2,,,,,,,,,,,1,2,,1500000,2,,86,07,07,1,2,8610,02,52,263.92912176
5389474,1,1,1,70,52,8,48,1,,2,8,1,,2,2,1,,,,,,,,,,,1,2,,908526,2,,41,95,95,1,1,4111,02,52,234.27089156
5389478,1,6,1,70,52,48,40,1,,2,48,1,,2,2,1,,,,,,,,,,,1,2,,908000,2,,47,45,45,1,2,4741,02,52,271.99116792
5389479,1,3,1,70,52,20,48,1,,2,20,1,,5,2,2,,,,,,,,,,,1,2,,800000,2,,14,79,79,1,2,1410,02,52,107.42347068
5389483,1,2,1,70,52,104,40,1,,2,24,1,,3,2,1,,,,,,,,,,,1,2,,420000,2,,56,45,97,1,2,5611,02,52,148.1338948
5389484,1,2,1,70,52,52,40,1,,2,17,1,,8,2,6,,,,,,,,,,,1,2,,1200000,2,,86,05,05,1,2,8621,02,52,158.46768886
5389484,1,3,1,70,52,52,48,1,,2,8,4,,4,2,6,,,,,,,,,,,1,2,,1000000,2,,95,85,85,1,2,9511,02,52,158.46768886
5389488,1,4,1,70,52,8,40,3,,2,8,4,,1,2,1,,,,,,,,,,,1,2,,1000000,2,,16,55,81,1,1,1690,02,52,350.95328546
5389488,1,5,1,70,52,52,20,1,,2,54,1,,4,2,1,,,,,,,,,,,1,2,,800000,2,,47,45,45,1,2,4771,02,52,350.95328546
5389488,1,6,1,70,52,40,40,1,,2,250,1,,3,2,1,,,,,,,,,,,1,2,,1000000,2,,47,53,45,1,2,4771,02,52,350.95328546
5389496,1,5,1,70,52,4,40,1,,2,48,1,,2,2,2,,,,,,,,,,,1,2,,908000,2,,43,33,95,1,1,4330,02,52,490.45788302
5389498,1,4,1,70,52,250,25,1,,2,8,4,,1,2,1,,,,,,,,,,,1,2,,600000,2,,47,45,45,1,2,4791,02,52,233.14946345
5389501,1,3,1,70,52,8,48,1,,2,8,1,,9,2,3,,,,,,,,,,,1,2,,1500000,2,,49,19,19,1,1,4921,02,52,167.6014061
5389504,1,1,1,70,52,40,48,1,,2,52,1,,3,2,2,,,,,,,,,,,1,1,300000,1014980,2,,47,55,37,1,2,4759,02,52,164.67436758
5389504,1,2,1,70,52,1,48,1,,1,,,,,,,,.,,,,,,,,.,,,,1014980,,,,59,,1,1,.,02,52,164.67436758
5389522,1,1,1,70,52,8,40,1,,2,10,9,TRABAJO PARA UN ASALARIADO REALIZANDO UNA DE SUS FUNCIONES,2,2,1,,,,,,,,,,,1,2,,908000,2,,88,55,54,1,1,8890,02,52,285.51128405
5389522,1,4,1,70,52,4,40,1,,2,4,4,,9,2,1,,,,,,,,,,,1,1,900000,800000,2,,84,45,19,1,1,8412,02,52,285.51128405
5389526,1,2,1,70,52,12,20,3,,2,16,4,,1,2,1,,,,,,,,,,,1,2,,400000,2,,56,54,53,1,1,5619,02,52,190.32371881
5389531,1,2,1,70,54,10,48,4,,2,12,4,,1,2,1,,,,,,,,,,,1,2,,800000,2,,47,95,45,1,1,4781,02,54,409.91908552
5389537,1,3,1,70,54,8,24,4,,2,5,4,,1,2,5,,,,,,,,,,,1,2,,500000,2,,85,13,13,1,1,8559,02,54,368.82213693
5389538,1,2,1,70,54,52,48,1,,1,,,,,,,,.,,,,,,,,.,,,,908000,,,,33,,1,2,.,02,54,429.68699708
5389540,1,1,1,70,54,12,50,1,,2,12,4,,1,2,1,,,,,,,,,,,1,2,,800000,2,,56,53,53,1,1,5611,02,54,364.24381485
5389541,1,1,1,70,54,12,48,1,,2,144,4,,1,2,3,,,,,,,,,,,1,2,,1200000,2,,56,59,77,1,1,5619,02,54,353.70218478
5389545,1,1,1,70,54,1,48,4,,1,,,,,,,,.,,,,,,,,.,,,,500000,,,,53,,1,1,.,02,54,382.25500003
5389547,1,1,1,70,54,2,48,4,,2,12,4,,1,2,8,,,,,,,,,,,1,2,,400000,2,,47,45,45,1,1,4781,02,54,339.70830098
5389547,1,5,1,70,54,2,48,4,,2,12,4,,1,2,8,,,,,,,,,,,1,2,,500000,2,,47,45,45,1,1,4781,02,54,339.70830098
5389555,1,2,1,70,54,24,24,1,,1,,,,,,,,.,,,,,,,,.,,,,1000000,,,,45,,1,2,.,02,54,366.99662151
5389558,1,2,1,70,54,48,48,2,,2,60,2,,9,2,2,,,,,,,,,,,1,2,,2000000,2,,84,39,32,1,2,8412,02,54,391.93635391
5389559,1,5,1,70,54,8,48,3,,2,8,1,,9,2,1,,,,,,,,,,,1,2,,600000,2,,85,54,55,1,1,8530,02,54,258.0502497
5389565,1,1,1,70,54,4,60,4,,2,40,4,,1,2,1,,,,,,,,,,,1,2,,900000,2,,96,57,57,1,1,9602,02,54,308.26192662
5389566,1,2,1,70,54,4,48,4,,2,12,1,,9,2,8,,,,,,,,,,,1,2,,600000,2,,85,53,55,1,1,8530,02,54,350.32411443
5389566,1,6,1,70,54,40,60,4,,2,40,4,,1,2,8,,,,,,,,,,,1,2,,600000,2,,42,95,95,1,2,4290,02,54,350.32411443
5389583,1,1,1,70,54,8,48,4,,2,48,1,,2,2,2,,,,,,,,,,,1,2,,500000,2,,56,77,33,1,1,5611,02,54,405.23079064
5389583,1,2,1,70,54,8,40,4,,2,36,4,,1,2,2,,,,,,,,,,,1,2,,800000,2,,56,77,51,1,1,5611,02,54,405.23079064
5389583,1,3,1,70,54,14,48,1,,2,48,1,,9,2,7,,,,,,,,,,,1,2,,1000000,2,,86,39,39,1,2,8621,02,54,405.23079064
5389586,1,2,1,70,54,36,48,3,,2,36,3,,1,2,2,,,,,,,,,,,1,2,,1014980,2,,97,54,54,1,2,9700,02,54,366.15782419
5389590,1,3,1,70,54,8,48,1,,2,8,1,,9,2,1,,,,,,,,,,,1,2,,900000,2,,49,45,39,1,1,4923,02,54,340.94451782
5389591,1,2,1,70,54,8,50,4,,2,2,4,,1,2,3,,,,,,,,,,,1,2,,1200000,2,,25,87,87,1,1,2511,02,54,229.82094087
5389595,1,2,1,70,54,2,55,4,,1,,,,,,,,.,,,,,,,,.,,,,1014980,,,,84,,1,1,.,02,54,326.00964572
5389600,1,3,1,70,54,12,48,4,,2,12,4,,1,2,1,,,,,,,,,,,1,2,,1200000,2,,41,95,95,1,1,4111,02,54,656.86048052
5389600,1,6,1,70,54,2,48,1,,2,5,1,,4,2,1,,,,,,,,,,,1,2,,1014980,2,,82,39,39,1,1,8299,02,54,656.86048052
5389602,1,1,1,70,54,16,48,4,,2,32,4,,1,2,1,,,,,,,,,,,1,2,,908526,2,,85,13,13,1,2,8559,02,54,728.48762971
5389606,1,2,1,70,54,52,48,4,,2,52,4,,1,2,4,,,,,,,,,,,1,2,,500000,2,,96,57,57,1,2,9602,02,54,586.17329535
5389606,1,4,1,70,54,20,48,1,,2,20,1,,3,2,7,,,,,,,,,,,1,2,,600000,2,,10,45,45,1,2,1081,02,54,586.17329535
5389608,1,1,1,70,54,20,48,1,,2,20,4,,1,2,1,,,,,,,,,,,1,2,,908526,2,,81,33,55,1,2,8121,02,54,1012.8578186
5389610,1,2,1,70,54,52,48,4,,2,52,4,,1,2,1,,,,,,,,,,,1,2,,400000,2,,47,45,45,1,2,4782,02,54,616.52385324
5389614,1,1,1,70,54,40,48,2,,2,12,1,,6,2,1,,,,,,,,,,,1,2,,2000000,2,,85,18,18,1,2,8530,02,54,327.65008108
5389614,1,2,1,70,54,10,48,1,,1,,,,,,,,.,,,,,,,,.,,,,2000000,,,,11,,1,1,.,02,54,327.65008108
5389618,1,2,1,70,54,8,48,1,,2,9,1,,9,2,2,,,,,,,,,,,1,2,,1500000,2,,11,05,05,1,1,1104,02,54,350.94937812
5389686,1,1,1,70,66,26,48,1,,2,26,4,,5,2,1,,,,,,,,,,,1,2,,908526,2,,14,79,79,1,2,1410,02,66,381.55967475
5389690,1,1,1,70,66,3,48,1,,2,3,1,,3,2,2,,,,,,,,,,,1,1,908526,908526,2,,56,53,53,1,1,5611,02,66,427.77903034
5389690,1,7,1,70,66,12,48,1,,2,12,1,,9,2,2,,,,,,,,,,,1,2,,908526,2,,82,38,38,1,1,8220,02,66,427.77903034
5389703,1,1,1,70,66,16,48,1,,2,6,8,,3,2,1,,,,,,,,,,,1,2,,900000,2,,01,53,62,1,2,0121,02,66,364.57695743
5389714,1,3,1,70,66,24,48,1,,2,24,1,,2,2,1,,,,,,,,,,,1,2,,908526,2,,41,79,95,1,2,4111,02,66,338.70858947
5389733,1,1,1,70,66,40,48,1,,2,40,1,,3,2,1,,,,,,,,,,,1,2,,908526,2,,61,45,21,1,2,6190,02,66,519.7629344
5389734,1,1,1,70,66,8,48,1,,2,6,1,,3,2,8,,,,,,,,,,,1,2,,900000,2,,56,53,53,1,1,5611,02,66,399.68624346
5389739,1,3,1,70,66,8,24,1,,1,,,,,,,,.,,,,,,,,.,,,,908526,,,,33,,1,1,.,02,66,360.06373687
5389748,1,2,1,70,66,48,48,1,,2,48,1,,9,2,4,,,,,,,,,,,1,2,,908526,2,,82,38,38,1,2,8220,02,66,523.10188279
5389749,1,3,1,70,66,48,48,1,,1,,,,,,,,.,,,,,,,,.,,,,908526,,,,45,,1,2,.,02,66,288.75631707
5389752,1,2,1,70,66,40,48,1,,2,40,1,,6,2,2,,,,,,,,,,,1,2,,908526,2,,85,33,33,1,2,8530,02,66,463.15771048
5389759,1,3,1,70,66,48,48,1,,2,48,4,,9,2,1,,,,,,,,,,,1,2,,908526,2,,86,98,98,1,2,8610,02,66,253.09084128
5389765,1,5,1,70,66,8,48,1,,2,8,1,,4,2,4,,,,,,,,,,,1,2,,900000,2,,41,95,95,1,1,4111,02,66,470.10937801
5389774,1,1,1,70,66,6,48,1,,2,52,4,,1,2,2,,,,,,,,,,,1,2,,908526,2,,68,57,21,1,1,6820,02,66,363.51853048
5389777,1,1,1,70,66,32,48,1,,2,32,1,,5,2,8,,,,,,,,,,,1,2,,1000000,2,,85,13,13,1,2,8530,02,66,348.70048939
5389777,1,2,1,70,66,28,48,1,,2,28,1,,4,2,8,,,,,,,,,,,1,2,,908526,2,,43,85,85,1,2,4321,02,66,348.70048939
5389790,1,2,1,70,66,8,48,1,,2,8,1,,3,2,1,,,,,,,,,,,1,2,,1000000,2,,41,95,95,1,1,4111,02,66,348.41369373
5389793,1,1,1,70,66,16,48,1,,2,16,4,,9,2,2,,,,,,,,,,,1,2,,3500000,2,,84,09,09,1,2,8412,02,66,303.8860991
5389794,1,3,1,70,66,56,48,1,,2,56,1,,2,2,2,,,,,,,,,,,1,2,,1500000,2,,82,19,34,1,2,8219,02,66,260.89422333
5389797,1,1,1,70,66,52,50,1,,2,52,5,,3,2,1,,,,,,,,,,,1,2,,908526,2,,01,98,41,1,2,0113,02,66,274.67878275
5389798,1,3,1,70,66,12,48,1,,2,12,1,,9,2,1,,,,,,,,1,,,,2,,1000000,2,,85,13,13,1,1,8530,02,66,266.22689751
5389821,1,1,1,70,66,3,48,1,,2,3,1,,4,2,1,,,1,,,,,,,,,1,1000000,1000000,1,2,43,33,33,1,1,4321,02,66,259.26650088
5389828,1,1,1,70,66,52,48,1,,2,52,1,,9,2,2,,,,,,,,,,,1,2,,908526,2,,17,13,45,1,2,1701,02,66,391.85029068
5389829,1,3,1,70,66,12,48,1,,2,12,1,,4,2,1,,,,,,,,,,,1,2,,908526,2,,47,38,45,1,1,4772,02,66,398.65276179
5389832,1,3,1,70,66,48,48,1,,2,52,1,,9,2,2,,,,,,,,,,,1,2,,908526,2,,49,39,39,1,2,4923,02,66,282.39016121
5389844,1,2,1,70,66,36,48,1,,2,36,1,,3,2,1,,,,,,,,,,,1,2,,908526,2,,47,45,45,1,2,4771,02,66,243.10323718
5389854,1,3,1,70,68,2,48,1,,2,12,1,,6,2,1,,,1,,,,,,,,,1,920000,10000000,1,1,42,03,03,1,1,4210,02,68,1079.6267474
5389861,1,2,1,70,68,52,48,1,,2,52,1,,4,2,1,,,,,,,,,,,1,2,,908600,2,,68,97,39,1,2,6820,02,68,1021.8140921
5389877,1,2,1,70,68,32,48,1,,2,32,1,,6,1,2,,,,,,,,,,,1,2,,1014000,2,,91,19,39,1,2,9101,02,68,559.4655755
5389880,1,2,1,70,68,36,48,1,,2,48,1,,4,2,1,,,,,,,,,,,1,2,,908566,2,,15,80,80,1,2,1522,02,68,447.05722229
5390037,1,1,1,70,73,44,48,1,,2,44,1,,5,2,2,,,,,,,,,,,1,2,,800000,2,,56,53,53,1,2,5611,02,73,314.7803358
5390043,1,2,1,70,73,8,48,1,,2,8,1,,3,2,1,,,,,,,,,,,1,2,,900000,2,,01,97,60,1,1,0121,02,73,279.39638264
5390046,1,3,1,70,73,30,48,1,,2,30,1,,6,2,2,,,,,,,,,,,1,2,,908526,2,,47,39,97,1,2,4711,02,73,312.65019226
5390046,1,4,1,70,73,48,48,1,,2,48,1,,9,2,2,,,,,,,,,,,1,2,,1000000,2,,47,97,97,1,2,4711,02,73,312.65019226
5390048,1,1,1,70,73,16,40,4,,2,12,4,,9,2,1,,,,,,,,,,,1,2,,1500000,2,,85,13,13,1,2,8544,02,73,195.1047719
5390050,1,1,1,70,73,8,48,4,,2,8,4,,1,2,1,,,,,,,,,,,1,2,,800000,2,,47,41,41,1,1,4771,02,73,535.59682049
5390053,1,2,1,70,73,12,48,1,,2,12,1,,9,2,1,,,,,,,,,,,1,2,,908526,2,,81,55,55,1,1,8121,02,73,341.71571859
5390062,1,1,1,70,76,4,50,1,,2,2,1,,2,2,4,,,,,,,,,,,1,1,908526,908526,2,,47,45,45,1,1,4772,02,76,1313.0512628
5390072,1,1,1,70,76,32,48,3,,2,36,3,,1,2,1,,,,,,,,,,,1,2,,400000,2,,97,54,54,1,2,9700,02,76,1182.8900774
5390074,1,4,1,70,76,4,48,4,,2,2,4,,1,2,1,,,,,,,,,,,1,1,750000,1800000,2,,41,95,95,1,1,4111,02,76,1008.0547984
5390076,1,3,1,70,76,9,48,1,,1,,,,,,,,.,,,,,,,,.,,,,908526,,,,33,,1,1,.,02,76,1518.169183
5390076,1,4,1,70,76,26,48,1,,1,,,,,,,,.,,,,,,,,.,,,,908526,,,,45,,1,2,.,02,76,1518.169183
5390084,1,1,1,70,76,24,48,1,,2,48,1,,2,2,1,,,,,,,,,,,1,2,,908526,2,,47,97,45,1,2,4719,02,76,1205.4280084
5390085,1,1,1,70,76,2,48,1,,2,2,1,,6,2,1,,,,,,,1,,,,,1,800000,1200000,1,1,41,95,95,1,1,4111,02,76,1028.4180171
5390087,1,1,1,70,76,12,48,1,,2,13,1,,4,2,1,,,,,,,,,,,1,1,200000,908526,2,,41,95,95,1,1,4111,02,76,1384.6608424
5390088,1,3,1,70,76,2,48,1,,2,4,1,,4,2,7,,,,,,,,,,,1,2,,500000,2,,56,37,53,1,1,5611,02,76,912.55026063
5390091,1,1,1,70,76,53,60,1,,2,53,1,,6,2,1,,,,,,,,,,,1,2,,908526,2,,53,98,98,1,2,5320,02,76,1160.5530306
5390096,1,2,1,70,76,52,48,1,,2,52,1,,9,2,2,,,,,,,,,,,1,2,,908526,2,,81,55,30,1,2,8121,02,76,1160.5530306
5390098,1,1,1,70,76,3,48,1,,2,3,1,,5,2,2,,,,,,,,,,,1,2,,908526,2,,14,79,79,1,1,1410,02,76,1104.5426259
5390101,1,3,1,70,76,8,48,1,,2,13,1,,2,2,4,,,,,,,,,,,1,2,,908526,2,,56,53,53,1,1,5611,02,76,814.08860501
5390102,1,2,1,70,76,50,48,1,,2,64,1,,9,2,1,,,,,,,,,,,1,2,,908526,2,,11,45,97,1,2,1103,02,76,1866.6268877
5390117,1,1,1,70,76,1,48,1,,2,34,3,,1,2,8,,,,,,,,,,,1,2,,908526,2,,97,55,59,1,1,9700,02,76,981.32019662
5390132,1,4,1,70,76,20,48,1,,2,21,1,,3,2,1,,,,,,,,,,,1,2,,908526,2,,41,43,93,1,2,4111,02,76,782.38907522
5390134,1,1,1,70,76,4,48,1,,2,104,1,,3,2,2,,,,,,,,,,,1,2,,908526,2,,56,33,33,1,1,5611,02,76,1519.267713
5390134,1,4,1,70,76,8,48,1,,1,,,,,,,,.,,,,,,,,.,,,,908526,,,,97,,1,1,.,02,76,1519.267713
5390136,1,4,1,70,76,45,48,1,,2,104,1,,9,2,1,,,,,,,,,,,1,2,,600000,2,,41,95,95,1,2,4111,02,76,1091.7830946
5390139,1,2,1,70,76,26,56,1,,2,56,1,,8,2,8,,,,,,,,,,,1,2,,908526,2,,86,59,59,1,2,8699,02,76,1269.8959733
5390147,1,3,1,70,76,2,48,1,,2,3,5,,2,2,1,,,,,,,,,,,1,1,400000,1500000,2,,41,93,93,1,1,4111,02,76,934.8873074
5390152,1,2,1,70,76,8,48,1,,2,36,1,,4,1,1,,,1,,,,,,,,,2,,1800000,1,4,94,30,30,1,1,9499,02,76,1393.1184026
5390156,1,2,1,70,76,8,48,1,,2,48,4,,9,2,1,,,,,,,,,,,1,2,,1300000,2,,35,45,39,1,1,3513,02,76,1547.1959714
5390157,1,2,1,70,76,2,48,1,,2,2,1,,8,2,8,,,,,,,,,,,1,1,700000,908526,2,,49,85,97,1,1,4923,02,76,905.19558777
5390159,1,1,1,70,76,38,40,1,,2,43,1,,2,2,2,,,,,,,,,,,1,2,,900000,2,,47,45,45,1,2,4771,02,76,1325.5118865
5390164,1,2,1,70,76,8,40,1,,2,780,1,,2,2,4,,,,,,,,,,,1,2,,908526,2,,47,45,45,1,1,4719,02,76,1160.5530306
5390176,1,2,1,70,76,7,48,1,,2,24,1,,8,2,1,,,,,,,,,,,1,2,,908526,2,,81,55,55,1,1,8121,02,76,1160.5530306
5390698,1,1,1,70,05,40,48,1,,2,40,1,,9,2,1,,,,1,,,,,,,,2,,1500000,1,4,47,45,45,1,2,4731,02,05,1147.9642164
5390699,1,3,1,70,05,4,48,1,,2,4,1,,4,2,1,,,,,,,,,,,1,2,,908526,2,,49,98,98,1,1,4923,02,05,1262.0416008
5390702,1,2,1,70,05,60,48,1,,2,104,1,,9,2,2,,,,,,,,,,,1,2,,908526,2,,46,45,45,1,2,4631,02,05,1076.3458793
5390703,1,4,1,70,05,8,48,1,,2,8,1,,5,2,2,,,,,,,,,,,1,2,,908000,2,,49,98,98,1,1,4921,02,05,1177.5938866
5390706,1,3,1,70,05,104,48,1,,1,,,,,,,,.,,,,,,,,.,,,,908526,,,,45,,1,2,.,02,05,979.1949628
5390708,1,2,1,70,05,104,48,1,,2,104,1,,2,2,2,,,,,,,,,,,1,2,,908526,2,,47,39,45,1,2,4752,02,05,1270.0590254
5390710,1,3,1,70,05,4,48,1,,2,4,1,,9,2,1,,,,,,,,,,,1,2,,908000,2,,86,39,39,1,1,8621,02,05,1119.9206839
5390711,1,3,1,70,05,52,48,1,,2,52,1,,9,2,1,,,,,,,,,,,1,2,,908526,2,,46,03,03,1,2,4663,02,05,1354.6416317
5390716,1,3,1,70,05,2,48,1,,2,2,1,,2,2,1,,,,,,,,,,,1,1,908526,908526,2,,47,37,37,1,1,4711,02,05,1059.9243826
5390717,1,1,1,70,05,8,48,1,,2,12,1,,2,2,1,,,,,,,,,,,1,2,,980000,2,,49,59,36,1,1,4921,02,05,1013.3324724
5390727,1,3,1,70,05,16,48,1,,2,16,1,,7,2,8,,,,,,,,,,,1,2,,908000,2,,42,58,58,1,2,4290,02,05,1099.1939882
5390727,1,4,1,70,05,52,48,1,,1,,,,,,,,.,,,,,,,,.,,,,908000,,,,45,,1,2,.,02,05,1099.1939882
5390737,1,3,1,70,05,52,52,1,,1,,,,,,,,.,,,,,,,,.,,,,1800000,,,,18,,1,2,.,02,05,1085.7831743
5390742,1,3,1,70,05,44,48,1,,2,44,1,,8,2,4,,,,,,,,,,,1,2,,1500000,2,,47,40,40,1,2,4719,02,05,965.34225134
5390743,1,3,1,70,05,4,48,1,,2,104,1,,5,2,1,,,,,,,,,,,1,2,,908526,2,,94,39,39,1,1,9499,02,05,939.61835177
5390745,1,2,1,70,05,52,48,1,,2,52,1,,9,2,6,,,,,,,,,,,1,1,100000,908526,2,,47,32,45,1,2,4731,02,05,823.60273389
5390752,1,1,1,70,05,44,48,1,,2,124,1,,8,2,2,,,,,,,,,,,1,2,,908526,2,,42,05,05,1,2,4210,02,05,615.05478818
5390754,1,1,1,70,05,32,48,1,,2,32,2,,9,2,4,,,,,,,,,,,1,2,,1300000,2,,82,03,03,1,2,8220,02,05,655.9795522
5390757,1,2,1,70,05,20,48,1,,2,20,1,,4,2,2,,,,,,,,,,,1,2,,908526,2,,14,79,79,1,2,1410,02,05,1420.6711892
5390759,1,1,1,70,05,4,48,1,,2,4,1,,8,2,9,POR COBERTURA,,,,1,,,,,,,1,100000,90800,2,,55,32,39,1,1,5511,02,05,2258.19903
5390765,1,1,1,70,05,52,48,1,,2,52,1,,3,2,8,,,,,,,,,,,1,2,,908000,2,,55,54,54,1,2,5511,02,05,1339.9417693
5390773,1,4,1,70,05,4,48,1,,2,4,1,,9,2,1,,,,,,,,,,,1,1,1200000,1200000,2,,31,95,95,1,1,3110,02,05,2909.2011811
5390776,1,3,1,70,05,8,48,1,,2,8,1,,7,2,1,,,,,,,,,,,1,2,,908564,2,,42,97,97,1,1,4220,02,05,2140.1280956
5390780,1,2,1,70,05,40,48,1,,2,40,1,,3,2,2,,,,,,,,,,,1,2,,908526,2,,47,13,59,1,2,4773,02,05,1432.9278468
5390783,1,1,1,70,05,4,48,1,,2,4,1,,4,2,3,,,,,,,,,,,1,1,95000,900000,2,,46,99,99,1,1,4665,02,05,1161.3750303
5390783,1,2,1,70,05,3,48,1,,2,3,1,,2,2,1,,,,,,,,,,,1,1,450000,900000,2,,13,92,92,1,1,1313,02,05,1161.3750303
5390785,1,2,1,70,05,4,48,3,,2,65,3,,2,2,1,,,,,,,,,,,1,2,,900000,2,,97,54,54,1,1,9700,02,05,1044.2052561
5390788,1,1,1,70,05,8,48,1,,2,16,1,,2,2,2,,,,,,,,,,,1,2,,908000,2,,45,84,84,1,1,4542,02,05,1175.8051084
5390790,1,3,1,70,05,2,48,1,,2,2,1,,4,2,7,,,,,,,,,,,1,1,1500000,1000000,2,,41,93,93,1,1,4111,02,05,1078.789084
5390790,1,4,1,70,05,12,48,1,,2,12,1,,9,2,7,,,,,,,,,,,1,2,,1000000,2,,61,37,85,1,1,6120,02,05,1078.789084
5390791,1,6,1,70,05,12,48,1,,2,48,1,,9,2,3,,,,,1,,,,,,,2,,908526,2,,10,45,39,1,1,1089,02,05,1201.9243661
5390795,1,1,1,70,05,2,48,1,,2,3,4,,1,2,4,,,,,,,,,,,1,1,500000,908500,2,,01,58,61,1,1,0161,02,05,1190.3700786
5390795,1,2,1,70,05,1,48,1,,2,12,4,,1,2,4,,,,,,,,,,,1,2,,908500,2,,01,77,61,1,1,0161,02,05,1190.3700786
5390804,1,1,1,70,05,12,48,1,,2,12,4,,9,2,1,,,,,,,,,,,1,2,,908526,2,,84,39,59,1,1,8412,02,05,1044.2052561
5390804,1,2,1,70,05,4,48,1,,2,4,1,,9,2,1,,,,,,,,,,,1,1,1400000,908526,2,,23,95,39,1,1,2395,02,05,1044.2052561
5390805,1,3,1,70,05,44,48,1,,2,44,1,,9,2,1,,,,,,,,,,,1,2,,908526,2,,82,38,38,1,2,8220,02,05,1105.4758198
5390808,1,2,1,70,05,44,48,1,,2,44,1,,2,2,2,,,,,,,,,,,1,2,,1500000,2,,47,83,83,1,2,4759,02,05,1367.9175535
5390831,1,1,1,70,05,156,48,1,,2,156,1,,9,2,1,,,,1,,,,,,,,2,,2000000,1,2,70,19,19,1,2,7010,02,05,1062.9350654
5390850,1,1,1,70,05,52,48,1,,2,14,4,,9,2,1,,,1,,,,,,,,,2,,2000000,1,2,84,05,21,1,2,8412,02,05,1062.9350654
5390854,1,2,1,70,05,3,24,1,,2,52,1,,4,2,2,,,,,,,,,,,1,2,,480000,2,,47,45,45,1,1,4771,02,05,1092.0650058
5390855,1,4,1,70,05,52,48,1,,2,52,1,,2,2,2,,,,,,,,,,,1,2,,980000,2,,15,80,80,1,2,1521,02,05,1026.7644952
5390855,1,7,1,70,05,24,48,1,,2,5,1,,9,2,4,,,,,,,,,,,1,2,,908526,2,,92,59,59,1,2,9200,02,05,1026.7644952
5390858,1,1,1,70,05,4,48,1,,2,4,1,,5,2,1,,,,,,,,,,,1,1,1500000,1300000,2,,41,03,03,1,1,4111,02,05,1142.5103289
5390858,1,2,1,70,05,12,48,1,,2,12,1,,8,2,1,,,1,,,,,,,,,2,,1000000,2,,41,39,39,1,1,4111,02,05,1142.5103289
5390861,1,2,1,70,05,28,48,1,,2,28,1,,2,2,1,,,,,,,,,,,1,2,,908526,2,,31,97,81,1,2,3110,02,05,1076.3458793
5390863,1,4,1,70,05,52,48,1,,2,104,1,,9,2,1,,,,,,,,,,,1,2,,2000000,2,,85,13,13,1,2,8544,02,05,926.20753784
5390871,1,2,1,70,05,8,48,1,,2,8,1,,6,2,4,,,,,,,,,,,1,2,,908526,2,,47,39,45,1,1,4771,02,05,1142.5103289
5390872,1,3,1,70,05,52,48,1,,2,52,1,,3,2,1,,,,,,,,,,,1,2,,908526,2,,10,59,45,1,2,1081,02,05,926.20753784
5390872,1,4,1,70,05,52,48,1,,2,52,1,,3,2,2,,,,,,,,,,,1,2,,908526,2,,47,45,45,1,2,4719,02,05,926.20753784
5390876,1,1,1,70,05,48,48,1,,2,48,1,,9,2,8,,,,,,,,,,,1,2,,908000,2,,47,33,33,1,2,4711,02,05,1321.2119601
5390877,1,2,1,70,05,44,48,1,,2,44,1,,3,2,1,,,,,,,,,,,1,2,,908526,2,,46,59,59,1,2,4645,02,05,992.02898711
5390878,1,2,1,70,05,2,48,1,,2,2,1,,7,2,4,,,,,,,,,,,1,1,289000,908000,2,,81,62,62,1,1,8130,02,05,929.27057837
5390878,1,3,1,70,05,48,48,1,,2,2,1,,4,2,9,POR COBERTURA,,,,,,,,,,1,1,450000,908000,2,,41,97,95,1,2,4111,02,05,929.27057837
5390902,1,2,1,70,05,60,48,1,,2,260,1,,9,2,2,,,,,,,,,,,1,2,,908000,2,,86,39,39,1,2,8621,02,05,2569.2479913
5390902,1,5,1,70,05,44,48,1,,2,44,1,,7,2,2,,,,,,,,,,,1,2,,908000,2,,43,87,87,1,2,4322,02,05,2569.2479913
5390905,1,2,1,70,05,24,48,1,,2,98,1,,4,2,1,,,,,,,,,,,1,2,,908000,2,,47,45,45,1,2,4771,02,05,1076.3458793
5390908,1,1,1,70,05,32,60,4,,2,52,1,,6,2,4,,,,,,,,,,,1,2,,1500000,2,,01,51,05,1,2,0121,02,05,1174.6509521
5390916,1,4,1,70,08,12,48,1,,2,76,1,,9,2,1,,,,,,,,,,,1,2,,1200000,2,,86,59,59,1,1,8621,02,08,586.59154969
5390917,1,1,1,70,08,8,48,1,,2,8,4,,1,2,1,,,,,,,,,,,1,2,,983000,2,,47,50,45,1,1,4781,02,08,577.85480151
5390920,1,6,1,70,08,12,48,1,,2,12,1,,9,2,1,,,,,,,,,,,1,2,,906000,2,,47,97,97,1,1,4773,02,08,701.370959
5390926,1,2,1,70,08,12,40,1,,2,12,1,,5,2,1,,,,,,,,,,,1,2,,950000,2,,85,13,13,1,1,8530,02,08,661.61146954
5390937,1,7,1,70,08,12,48,1,,1,,,,,,,,.,,,,,,,,.,,,,906000,,,,59,,1,1,.,02,08,490.76269067
5390940,1,2,1,70,08,52,48,1,,2,52,4,,1,2,1,,,,,,,,,,,1,2,,897000,2,,56,55,41,1,2,5619,02,08,673.72398124
5390940,1,4,1,70,08,40,48,1,,1,,,,,,,,.,,,,,,,,.,,,,600000,,,,45,,1,2,.,02,08,673.72398124
5390948,1,1,1,70,08,8,48,4,,2,9,4,,1,2,1,,,,,,,,,,,1,2,,900000,2,,43,85,85,1,1,4321,02,08,613.69354246
5390959,1,2,1,70,08,44,48,1,,2,44,1,,9,2,2,,,,,,,,,,,1,2,,1500000,2,,86,07,07,1,2,8621,02,08,536.46477541
5390984,1,3,1,70,08,36,48,1,,2,36,1,,4,2,1,,,,,,,,,,,1,2,,900000,2,,55,38,54,1,2,5530,02,08,609.33543978
5390996,1,3,1,70,08,16,48,1,,2,16,1,,4,2,1,,,,,,,,,,,1,2,,1000000,2,,47,45,45,1,2,4771,02,08,687.26229486
5391000,2,1,2,70,08,12,40,1,,2,52,1,,5,2,1,,,,,,,,,,,1,2,,500000,2,,85,13,13,1,1,8512,02,08,521.74511125
5391001,1,2,1,70,08,16,48,1,,2,16,1,,9,2,1,,,,,,,,,,,1,2,,908526,2,,10,58,58,1,2,1051,02,08,679.16586471
5391004,1,2,1,70,08,24,48,1,,2,52,1,,4,2,1,,,,,,,,,,,1,2,,870000,2,,56,55,53,1,2,5611,02,08,609.68617181
5391010,1,2,1,70,08,52,48,1,,2,53,1,,9,2,1,,,,,,,,,,,1,2,,800000,2,,85,39,32,1,2,8542,02,08,484.53947768
5391023,1,2,1,70,08,4,48,4,,2,104,1,,2,2,2,,,,,,,,,,,1,2,,908526,2,,46,41,33,1,1,4631,02,08,609.68617181
5391024,1,3,1,70,08,52,40,1,,2,108,1,,3,2,2,,,,,,,,,,,1,2,,900000,2,,86,39,39,1,2,8621,02,08,669.79275098
5391027,1,2,1,70,08,16,48,1,,2,16,1,,9,2,2,,,,,,,,,,,1,2,,908526,2,,86,32,33,1,2,8610,02,08,625.4299566
5391027,1,8,1,70,08,8,48,1,,1,,,,,,,,.,,,,,,,,.,,,,908526,,,,45,,1,1,.,02,08,625.4299566
5391033,1,8,1,70,08,4,48,1,,2,4,1,,3,2,1,,,,,,,,,,,1,1,90000,906000,2,,68,58,58,1,1,6820,02,08,746.44939666
5391036,1,3,1,70,08,32,48,1,,2,32,1,,5,2,1,,,,,,,,,,,1,2,,1000000,2,,47,97,45,1,2,4761,02,08,519.20557899
5391038,1,2,1,70,08,12,12,1,,1,,,,,,,,.,,,,,,,,.,,,,1000000,,,,45,,1,1,.,02,08,652.79382255
5391039,1,1,1,70,08,8,48,1,,2,8,1,,2,2,2,,,,,,,,,,,1,2,,908526,2,,93,58,21,1,1,9329,02,08,661.61146954
5391046,1,2,1,70,08,44,48,1,,2,46,4,,1,2,1,,,,,,,,,,,1,2,,922000,2,,47,39,41,1,2,4722,02,08,486.25710233
5391054,1,1,1,70,08,52,40,1,,2,52,1,,9,2,1,,,,,,,,,,,1,2,,900000,2,,35,40,32,1,2,3511,02,08,651.70208171
5391060,1,2,1,70,08,48,48,1,,2,96,3,,1,2,1,,,,,,,,,,,1,2,,908506,2,,97,55,54,1,2,9700,02,08,761.5569903
5391060,2,1,2,70,08,144,50,1,,2,144,4,,1,2,8,,,,,,,,,,,1,2,,650000,2,,47,45,45,1,2,4781,02,08,761.5569903
5391061,1,1,1,70,08,24,40,1,,2,24,1,,9,2,1,,,,,,,,,,,1,2,,900000,2,,23,87,89,1,2,2310,02,08,650.3375364
5391070,1,1,1,70,08,20,48,1,,2,20,1,,2,2,8,,,,,,,,,,,1,2,,600000,2,,56,45,45,1,2,5619,02,08,469.83253198
5391075,1,1,1,70,08,8,48,1,,2,20,4,,1,2,1,,,,,,,,,,,1,2,,800000,2,,41,97,95,1,1,4111,02,08,495.02098688
5391090,1,5,1,70,08,8,48,1,,2,52,1,,3,2,1,,,,,,,,,,,1,2,,900000,2,,56,33,53,1,1,5619,02,08,500.57450874
5391092,1,3,1,70,08,4,24,1,,2,8,1,,9,2,8,,,,,,,,,,,1,1,200000,400000,2,,46,32,42,1,1,4631,02,08,545.14203783
5391114,1,1,1,70,08,4,48,1,,2,4,1,,4,2,1,,,,,,,,,,,1,2,,1200000,2,,69,11,11,1,1,6920,02,08,622.97132316
5391125,1,2,1,70,08,4,48,1,,2,4,1,,9,2,1,,,,,,,,,,,1,2,,1000000,2,,86,59,59,1,1,8610,02,08,571.04602543
5391133,1,1,1,70,08,3,24,1,,2,48,1,,3,2,1,,,,,,,,,,,1,2,,908506,2,,47,45,45,1,1,4711,02,08,472.17380371
5391140,1,4,1,70,13,48,48,1,,1,,,,,,,,.,,,,,,,,.,,,,800000,,,,32,,1,2,.,02,13,488.66149394
5391148,1,3,1,70,13,52,48,1,,2,60,1,,5,2,1,,,,,,,,,,,1,2,,2000000,2,,69,12,12,1,2,6910,02,13,282.95762311
5391150,1,5,1,70,13,40,48,1,,2,40,1,,2,2,4,,,,,,,,,,,1,2,,850000,2,,56,53,53,1,2,5611,02,13,373.22123564
5391162,1,3,1,70,13,36,48,1,,2,36,1,,6,2,1,,,,,,,,,,,1,2,,1000000,2,,85,03,03,1,2,8530,02,13,381.2496223
5391168,1,7,1,70,13,8,48,1,,2,12,1,,3,2,1,,,,,,,,,,,1,2,,908526,2,,56,33,53,1,1,5611,02,13,561.03043494
5391177,1,2,1,70,13,20,48,1,,2,48,1,,6,2,1,,,,,,,,,,,1,2,,908526,2,,55,54,54,1,2,5511,02,13,384.28872591
5391199,1,4,1,70,17,60,99,1,,2,99,1,,4,2,2,,,,,,,,,,,1,2,,908526,2,,94,59,59,1,2,9491,02,17,179.09044303
5391218,1,1,1,70,17,8,48,4,,2,8,4,,9,2,5,,,,,1,,,,,,,2,,1800000,3,,73,16,16,1,1,7310,02,17,170.98950672
5391223,1,3,1,70,17,8,48,1,,2,48,4,,1,2,7,,,,,,,,,,,1,2,,908526,2,,79,84,59,1,1,7990,02,17,176.40384497
5391229,1,3,1,70,17,8,48,1,,1,,,,,,,,.,,,,,,,,.,,,,908526,,,,45,,1,1,.,02,17,190.74139886
5391230,1,2,1,70,17,48,48,2,,2,48,4,,9,2,1,,,,,,,,,,,1,2,,1000000,2,,84,03,03,1,2,8412,02,17,186.76523763
5391242,1,4,1,70,17,36,48,4,,2,50,5,,2,2,1,,,,,,,,,,,1,2,,950000,2,,96,59,59,1,2,9609,02,17,208.23283464
5391245,1,1,1,70,17,36,50,1,,2,36,5,,2,2,1,,,,,,,,,,,1,2,,500000,2,,41,95,95,1,2,4111,02,17,194.82187546
5391256,1,4,1,70,17,8,48,1,,2,40,1,,7,2,2,,,,,,,,,,,1,2,,908526,2,,14,33,79,1,1,1410,02,17,206.02002137
5391277,1,2,1,70,17,24,48,1,,2,40,1,,2,2,4,,,,,,,,,,,1,2,,908526,2,,45,03,03,1,2,4542,02,17,186.76523763
5391301,1,2,1,70,17,36,48,1,,2,40,1,,3,2,1,,,,,,,,,,,1,2,,908526,2,,56,38,53,1,2,5611,02,17,267.97760538
5391662,1,3,1,70,23,8,48,1,,2,52,1,,9,2,1,,,,,,,,,,,1,2,,908526,2,,47,33,33,1,1,4711,02,23,133.36091683
5391665,1,2,1,70,23,6,48,1,,2,13,1,,9,2,1,,,,,,,,,,,1,2,,1500000,2,,86,19,19,1,1,8621,02,23,177.4341977
5392121,1,4,1,70,73,49,48,1,,1,,,,,,,,.,,,,,,,,.,,,,908526,,,,38,,1,2,.,02,73,308.22666415
5392126,1,3,1,70,73,104,48,1,,1,,,,,,,,.,,,,,,,,.,,,,1400000,,,,03,,1,2,.,02,73,154.95747897
5392135,1,2,1,70,73,12,40,1,,2,12,1,,5,2,2,,,,,,,,,,,1,2,,1200000,2,,85,13,13,1,1,8530,02,73,419.62507202
5392138,1,2,1,70,73,40,48,1,,2,40,1,,4,2,1,,,,,,,,,,,1,2,,910000,2,,56,53,53,1,2,5611,02,73,283.44816341
5392138,1,3,1,70,73,10,48,1,,1,,,,,,,,.,,,,,,,,.,,,,910000,,,,95,,1,1,.,02,73,283.44816341
5392153,1,6,1,70,73,6,40,1,,2,6,1,,5,2,2,,,,,,,,,,,1,2,,910000,2,,47,45,45,1,1,4771,02,73,443.06924954
5392157,1,4,1,70,73,4,48,1,,2,49,1,,2,2,2,,,,,,,,,,,1,2,,908526,2,,86,55,59,1,1,8622,02,73,221.51579522
5392168,1,2,1,70,73,2,48,1,,2,2,1,,3,2,1,,,,,,,,,,,1,1,950000,1000000,2,,41,93,93,1,1,4111,02,73,215.09643267
5392179,1,3,1,70,73,12,48,1,,1,,,,,,,,.,,,,,,,,.,,,,908526,,,,39,,1,1,.,02,73,154.95747897
5392180,1,3,1,70,73,104,48,1,,2,104,1,,3,2,8,,,,,,,,,,,1,2,,908000,2,,56,53,53,1,2,5611,02,73,199.97014977
5392181,1,3,1,70,73,52,48,1,,2,52,4,,9,2,3,,,,,,,,,,,1,2,,2000000,2,,88,02,02,1,2,8890,02,73,182.36609332
5392181,1,4,1,70,73,26,48,1,,1,,,,,,,,.,,,,,,,,.,,,,2000000,,,,19,,1,2,.,02,73,182.36609332
5392186,1,1,1,70,73,49,48,1,,2,49,1,,2,2,4,,,,,,,,,,,1,2,,908526,2,,49,98,98,1,2,4923,02,73,353.9300377
5392186,1,2,1,70,73,49,48,1,,2,49,1,,2,2,4,,,,,,,,,,,1,2,,908526,2,,65,45,44,1,2,6511,02,73,353.9300377
5392190,1,2,1,70,73,2,48,3,,2,2,3,,2,2,1,,,,,,,,,,,1,1,700000,800000,2,,97,54,54,1,1,9700,02,73,659.11256297
5392192,1,3,1,70,73,20,48,1,,1,,,,,,,,.,,,,,,,,.,,,,908526,,,,45,,1,2,.,02,73,502.59413108
5392195,1,2,1,70,73,49,48,1,,2,49,1,,9,2,2,,,,,,,,,,,1,2,,908526,2,,10,45,45,1,2,1081,02,73,1003.7578819
5392196,1,1,1,70,73,4,60,1,,2,4,1,,3,2,3,,,,,,,,,,,1,1,1000000,900000,2,,41,95,95,1,1,4111,02,73,562.47279872
5392198,1,2,1,70,73,50,48,1,,2,60,1,,2,2,2,,,,,,,,,,,1,2,,908526,2,,69,32,32,1,2,6910,02,73,563.9902289
5392200,1,1,1,70,73,8,48,1,,2,8,1,,4,2,8,,,,,,,,,,,1,2,,1000000,2,,56,53,53,1,1,5611,02,73,714.805154
5392204,1,1,1,70,73,8,48,1,,2,8,1,,3,2,1,,,,,,,,,,,1,2,,908000,2,,47,45,45,1,1,4771,02,73,498.17060297
5392208,1,1,1,70,73,4,60,1,,2,4,1,,3,2,1,,,,,,,,,,,1,1,950000,800000,2,,41,95,95,1,1,4111,02,73,858.37060523
5392209,1,2,1,70,73,8,48,1,,1,,,,,,,,.,,,,,,,,.,,,,950000,,,,53,,1,1,.,02,73,306.38664743
5392220,1,2,1,70,73,5,48,1,,2,5,1,,9,2,3,,,1,,,,,,,,,2,,950000,1,1,11,43,43,1,1,1104,02,73,283.44816341
5392223,1,1,1,70,73,6,48,1,,2,6,1,,9,2,3,,,,,,,,,,,1,2,,2000000,2,,41,02,02,1,1,4111,02,73,396.04658539
5392231,1,1,1,70,73,16,48,1,,2,16,1,,6,2,1,,,1,,,,,,,,,2,,2000000,1,2,60,15,15,1,2,6010,02,73,224.30680075
5392242,1,5,1,70,76,30,48,1,,2,45,1,,2,2,1,,,,,,,,,,,1,2,,908526,2,,49,55,36,1,2,4921,02,76,824.38306815
5392242,1,7,1,70,76,5,50,1,,2,9,4,,1,2,1,,,,,,,,,,,1,2,,900000,2,,41,95,95,1,1,4111,02,76,824.38306815
5392242,1,9,1,70,76,16,48,1,,2,16,1,,5,2,2,,,,,,,,,,,1,2,,908526,2,,86,59,59,1,2,8699,02,76,824.38306815
5392244,1,4,1,70,76,50,48,1,,2,6,1,,2,2,4,,,,,,,,,,,1,1,400000,908526,2,,52,19,59,1,2,5221,02,76,1008.0547984
5392268,1,1,1,70,76,10,48,1,,2,52,4,,9,2,4,,,,,,,,,,,1,2,,3500000,2,,85,08,08,1,1,8544,02,76,981.32019662
5392276,1,2,1,70,76,4,48,1,,2,4,1,,9,2,4,,,,,,,,,,,1,1,908526,908526,2,,14,03,79,1,1,1410,02,76,1269.8959733
5392279,1,2,1,70,76,4,40,4,,2,72,4,,1,2,4,,,,,,,,,,,1,2,,908526,2,,81,57,55,1,1,8121,02,76,1394.9467537
5392280,1,2,1,70,76,32,50,1,,2,32,1,,2,2,8,,,,,,,,,,,1,2,,780000,2,,41,95,95,1,2,4111,02,76,981.32019662
5392406,1,3,1,70,76,82,48,1,,2,3,4,,3,2,1,,,,,,,,,,,1,1,200000,908526,2,,45,03,84,1,2,4542,02,76,1160.5530306
5392489,1,2,1,70,23,12,48,1,,2,12,1,,9,2,1,,,,,,,,,,,1,2,,1200000,2,,88,54,54,1,1,8890,02,23,159.64595398
5392489,1,3,1,70,23,12,48,1,,1,,,,,,,,.,,,,,,,,.,,,,2000000,,,,11,,1,1,.,02,23,159.64595398
5392490,1,3,1,70,23,30,48,1,,2,30,1,,6,2,1,,,,,,,,,,,1,2,,1000000,2,,71,02,02,1,2,7110,02,23,223.51764202
5392528,1,1,1,70,11,50,48,1,,2,50,1,,4,2,2,,,,,,,,,,,1,2,,906000,2,,47,45,45,1,2,4759,02,11,2909.8729308
5392528,1,4,1,70,11,4,48,1,,2,12,1,,7,2,1,,,,,,,,,,,1,2,,906000,2,,87,59,59,1,1,8730,02,11,2909.8729308
5392529,1,4,1,70,11,8,48,1,,1,,,,,,,,.,,,,,,,,.,,,,908526,,,,03,,1,1,.,02,11,3965.8641115
5392531,1,2,1,70,11,16,48,1,,2,80,1,,4,2,1,,,,,,,,,,,1,2,,908526,2,,47,97,97,1,2,4755,02,11,2935.6587441
5392533,1,3,1,70,11,8,48,1,,2,8,1,,9,2,8,,,,,,,,,,,1,2,,1000000,2,,47,03,45,1,1,4771,02,11,2740.0118679
5392542,1,4,1,70,13,6,40,4,,2,40,4,,1,2,1,,,,,,,,,,,1,2,,500000,2,,85,13,13,1,1,8559,02,13,603.24522877
5392543,1,2,1,70,13,28,48,1,,2,28,3,,1,2,1,,,,,,,,,,,1,2,,908526,2,,97,55,54,1,2,9700,02,13,363.3249379
5392543,1,3,1,70,13,20,48,2,,1,,,,,,,,.,,,,,,,,.,,,,908526,,,,58,,1,2,.,02,13,363.3249379
5392549,1,3,1,70,17,4,48,1,,2,12,1,,2,2,1,,,,,,,,,,,1,2,,908526,2,,41,97,95,1,1,4111,02,17,279.96386272
5392549,1,4,1,70,17,24,48,1,,2,40,1,,9,2,1,,,,,,,,,,,1,2,,908526,2,,82,38,38,1,2,8220,02,17,279.96386272
5392551,1,2,1,70,17,8,40,2,,2,52,1,,9,2,2,,,,,,,,,,,1,2,,908526,2,,88,13,19,1,1,8890,02,17,228.28143163
5392562,1,2,1,70,08,52,48,1,,2,53,1,,9,2,1,,,,,,,,,,,1,2,,1200000,2,,43,99,99,1,2,4322,02,08,588.24968856
5392562,1,5,1,70,08,6,48,1,,1,,,,,,,,.,,,,,,,,.,,,,1000000,,,,59,,1,1,.,02,08,588.24968856
