DIRECTORIO,SECUENCIA_P,ORDEN,HOGAR,REGIS,AREA,CLASE,P7250,P7260,P7280,P7280S1,P7310,P7320,P7350,P7350S1,P7360,P9460,P7390,P7390S1,P7420,P7420S1,P7420S2,P7420S3,P7420S4,P7420S5,P7420S6,P7420S7,P7420S7A1,P7420S8,P7422,P7422S1,P1806,P1519,P1883,RAMA2D_D_R4,OFICIO1,OFICIO2,DSI,DSCY,MES,RAMA4D_D_R4,DPTO,fex_c_2011
5332763,1,3,1,70,63,1,16,48,1,,1,,,,,,,,.,,,,,,,,.,,,,900000,,,,03,,1,2,01,.,63,121.20921514
5332764,1,1,1,70,63,1,38,48,8,,2,38,8,,4,2,1,,,,,,,,,,,1,2,,877052,2,,01,62,62,1,2,01,0122,63,74.445258756
5332764,1,4,1,70,63,1,8,48,1,,2,36,1,,8,2,1,,,,,,,,,,,1,2,,900000,2,,01,45,62,1,1,01,0125,63,74.445258756
5332765,1,4,1,70,63,1,2,48,4,,2,48,4,,1,2,1,,,,,,,,,,,1,2,,900000,2,,31,95,95,1,1,01,3110,63,183.97420403
5332768,1,1,1,70,63,1,12,48,4,,2,4,4,,1,2,1,,,,,,,,,,,1,2,,800000,2,,45,53,99,1,1,01,4520,63,227.18094537
5332768,1,2,1,70,63,1,12,48,4,,2,28,4,,1,2,1,,,,,,,,,,,1,2,,700000,2,,47,53,41,1,1,01,4724,63,227.18094537
5332768,1,5,1,70,63,1,28,48,4,,2,28,4,,1,2,4,,,,,,,,,,,1,2,,900000,2,,56,53,33,1,2,01,5611,63,227.18094537
5332773,1,2,1,70,68,1,2,48,1,,2,2,1,,2,2,8,,,,,,,,,,,1,1,320000,877803,2,,47,45,45,1,1,01,4782,68,293.46975331
5332775,1,1,1,70,63,1,10,48,4,,2,10,4,,1,2,1,,,,,,,,,,,1,2,,900000,2,,41,95,95,1,1,01,4111,63,167.7565208
5332776,1,4,1,70,63,1,24,48,1,,2,24,4,,1,2,1,,,,,,,,,,,1,2,,877803,2,,56,45,45,1,2,01,5619,63,218.70548371
5332778,1,1,1,70,63,1,20,48,1,,2,40,1,,6,2,1,,,,,,,,,,,1,2,,877803,2,,31,81,81,1,2,01,3110,63,190.32643806
5332782,1,2,1,70,63,1,8,48,1,,2,8,4,,9,2,3,,,,,,,,,,,1,2,,877803,2,,88,13,13,1,1,01,8890,63,74.445258756
5332783,1,1,1,70,68,1,8,48,1,,2,8,1,,9,2,1,,,1,,,,,,,,,2,,2000000,1,1,88,13,21,1,1,01,8890,68,612.56144108
5332784,1,1,1,70,68,1,5,48,1,,2,5,1,,2,2,1,,,1,,,,,,,,,1,1500000,1500000,1,2,49,98,98,1,1,01,4923,68,419.26875014
5332785,1,5,1,70,68,1,16,48,3,,2,52,3,,1,2,1,,,,,,,,,,,1,2,,877803,2,,97,54,54,1,2,01,9700,68,740.64259238
5332786,1,2,1,70,68,1,52,48,1,,2,52,4,,1,2,1,,,,,,,,,,,1,2,,877803,2,,45,34,44,1,2,01,4512,68,655.70021549
5332796,1,1,1,70,50,1,8,48,1,,2,8,1,,9,2,3,,,,,,,,,,,1,2,,1300000,2,,80,58,58,1,1,01,8010,50,410.4222576
5332796,1,4,1,70,50,1,2,50,1,,2,2,1,,3,2,1,,,,,,,,,,,1,1,800000,900000,2,,56,53,53,1,1,01,5611,50,410.4222576
5332798,1,2,1,70,50,1,16,48,1,,2,36,1,,3,2,1,,,,,,,,,,,1,2,,900000,2,,56,34,53,1,2,01,5611,50,388.30782845
5332799,1,1,1,70,50,1,6,48,4,,2,6,4,,1,2,1,,,,,,,,,,,1,2,,800000,2,,81,55,55,1,1,01,8121,50,208.0722409
5332803,1,2,1,70,50,1,4,48,1,,2,4,1,,2,2,1,,,,,,,,,,,1,1,1000000,1000000,2,,41,95,95,1,1,01,4111,50,277.63218942
5332806,1,2,1,70,50,1,8,48,1,,2,8,1,,4,2,1,,,,,,,,,,,1,1,1600000,1200000,2,,41,95,95,1,1,01,4111,50,307.57621098
5332807,1,2,1,70,50,1,259,48,1,,1,,,,,,,,.,,,,,,,,.,,,,900000,,,,45,,1,2,01,.,50,367.37170148
5332813,1,3,1,70,63,1,4,54,1,,1,,,,,,,,.,,,,,,,,.,,,,900000,,,,95,,1,1,01,.,63,179.53264477
5332815,1,1,1,70,63,1,3,48,3,,2,3,3,,1,2,1,,,,,,,,,,,1,1,400000,400000,2,,97,55,54,1,1,01,9700,63,91.959740609
5332816,1,1,1,70,63,1,4,48,4,,2,4,4,,1,2,1,,,,,,,,,,,1,1,600000,600000,2,,31,81,81,1,1,01,3110,63,168.75686469
5332816,1,2,1,70,63,1,4,48,4,,2,4,4,,1,2,1,,,,,,,,,,,1,1,800000,800000,2,,41,95,95,1,1,01,4111,63,168.75686469
5332817,1,1,1,70,63,1,4,48,4,,2,3,4,,9,2,1,,,,1,,,,,,,,1,2000000,2000000,1,1,84,12,12,1,1,01,8412,63,138.26385374
5332819,1,2,1,70,63,1,12,48,1,,2,104,1,,9,2,2,,,,,,,,,,,1,2,,900000,2,,64,03,33,1,1,01,6412,63,111.08844251
5332843,1,1,1,70,54,1,5,48,4,,2,7,4,,1,2,1,,,,,,,,,,,1,2,,800000,2,,41,95,95,1,1,01,4111,54,419.96569042
5332846,1,1,1,70,76,1,52,48,1,,2,52,3,,1,2,4,,,,,,,,,,,1,2,,907256,2,,97,59,59,1,2,01,9700,76,919.74557592
5332854,1,2,1,70,76,1,27,60,1,,2,52,1,,2,2,1,,,,,,,,,,,1,2,,900000,2,,41,58,95,1,2,01,4111,76,1045.7969214
5332854,1,3,1,70,76,1,2,48,1,,1,,,,,,,,.,,,,,,,,.,,,,900000,,,,45,,1,1,01,.,76,1045.7969214
5332855,1,3,1,70,76,1,17,60,1,,2,8,4,,2,2,1,,,,,,,,,,,1,2,,1000000,2,,56,53,53,1,2,01,5621,76,966.4771524
5332858,1,3,1,70,19,1,8,45,1,,2,8,1,,6,2,3,,,,,,,,,,,1,2,,1500000,2,,86,06,06,1,1,01,8622,19,82.385068706
5332863,1,1,1,70,19,1,5,48,1,,2,40,4,,9,2,1,,,,,,,,,,,1,2,,98,2,,84,39,39,1,1,01,8412,19,116.39479336
5332864,1,4,1,70,05,1,4,48,1,,2,4,4,,1,2,1,,,,,,,,,,,1,1,200000,877803,2,,52,97,97,1,1,01,5224,05,1226.7129172
5332871,1,2,1,70,17,1,4,48,1,,2,4,1,,9,2,2,,,,,,,,,,,1,1,877802,877802,2,,61,38,38,1,1,01,6110,17,201.3798871
5332874,1,1,1,70,17,1,40,48,1,,2,40,1,,2,2,1,,,,,,,,,,,1,2,,950000,2,,55,54,54,1,2,01,5511,17,229.71195629
5332874,1,2,1,70,17,1,48,48,1,,2,48,1,,6,2,1,,,,,,,,,,,1,2,,877802,2,,80,58,58,1,2,01,8010,17,229.71195629
5332874,1,4,1,70,17,1,48,48,1,,2,48,1,,4,2,4,,,,,,,,,,,1,2,,877802,2,,41,95,95,1,2,01,4111,17,229.71195629
5332876,1,1,1,70,17,1,48,48,1,,2,48,1,,9,2,1,,,,,,,,,,,1,2,,877802,2,,49,98,98,1,2,01,4921,17,245.15074747
5332881,1,3,1,70,15,1,12,48,2,,2,12,4,,9,2,1,,,,,,,,,,,1,2,,2500000,2,,84,02,02,1,1,01,8412,15,94.128462473
5332882,1,1,1,70,15,1,96,48,1,,2,96,2,,9,2,2,,,,,,,,,,,1,2,,877803,2,,84,21,32,1,2,01,8412,15,169.90659559
5332883,1,2,1,70,15,1,16,48,1,,2,96,1,,7,2,1,,,,,,,,,,,1,2,,877803,2,,81,55,55,1,2,01,8121,15,135.64331849
5332884,1,2,1,70,15,1,5,40,2,,2,5,1,,5,2,7,,,,,,,,,,,1,2,,1500000,2,,85,13,13,1,1,01,8530,15,145.96787132
5332885,1,1,1,70,15,1,4,40,1,,2,4,1,,9,2,7,,,,,,,,,,,1,2,,2500000,2,,85,02,02,1,1,01,8544,15,118.79113242
5332908,1,2,1,70,05,1,32,48,1,,2,32,1,,3,2,8,,,,,,,,,,,1,2,,877803,2,,56,59,53,1,2,01,5611,05,1831.4487483
5332908,1,5,1,70,05,1,10,48,1,,2,40,5,,3,2,8,,,,,,,,,,,1,2,,877803,2,,96,13,57,1,1,01,9602,05,1831.4487483
5332908,1,6,1,70,05,1,2,48,1,,2,2,1,,9,2,7,,,,,,,,,,,1,1,1280000,877803,2,,52,39,39,1,1,01,5224,05,1831.4487483
5332912,1,3,1,70,05,1,24,48,1,,2,24,1,,6,2,2,,,,,,,,,,,1,2,,1200000,2,,86,03,03,1,2,01,8622,05,1271.4405335
5332913,1,2,1,70,05,1,24,48,1,,2,24,5,,2,2,1,,,,,,,,,,,1,2,,877803,2,,46,45,41,1,2,01,4631,05,831.02372423
5332914,1,7,1,70,05,1,2,48,1,,2,2,1,,2,2,2,,,,,,,,,,,1,1,210000,877803,2,,47,39,45,1,1,01,4773,05,1495.0500539
5332929,1,2,1,70,15,1,4,40,1,,2,52,2,,9,2,1,,,,,,,,,,,1,2,,3000000,2,,80,12,12,1,1,01,8010,15,157.99698545
5332929,1,3,1,70,15,1,20,40,1,,1,,,,,,,,.,,,,,,,,.,,,,2500000,,,,21,,1,2,01,.,15,157.99698545
5332931,1,1,1,70,15,1,36,40,1,,2,36,1,,5,2,4,,,,,,,,,,,1,2,,1300000,2,,42,02,02,1,2,01,4210,15,104.87913256
5332937,1,3,1,70,15,1,52,40,2,,2,104,2,,9,2,1,,,,,,,,,,,1,2,,1800000,2,,85,13,13,1,2,01,8530,15,118.07935602
5332941,1,1,1,70,63,1,2,48,1,,2,2,1,,9,2,1,,,1,,,,,,,,,1,877803,877803,2,,46,45,45,1,1,01,4631,63,122.24946104
5332965,1,2,1,70,63,1,15,48,1,,2,15,1,,3,2,4,,,,,,,,,,,1,2,,800000,2,,56,33,33,1,2,01,5611,63,90.061196737
5332967,1,2,1,70,63,1,12,48,1,,2,13,1,,9,2,1,,,,,,,,,,,1,2,,1500000,2,,47,21,39,1,1,01,4711,63,74.445258756
5332969,1,2,1,70,63,1,8,48,1,,2,48,1,,3,2,2,,,,,,,,,,,1,2,,1000000,2,,55,39,39,1,1,01,5511,63,185.22987135
5332969,1,4,1,70,63,1,52,48,1,,2,104,4,,1,2,1,,,,,,,,,,,1,2,,900000,2,,31,81,81,1,2,01,3110,63,185.22987135
5332970,1,1,1,70,63,1,18,54,1,,2,18,4,,1,2,1,,,,,,,,,,,1,2,,900000,2,,80,95,58,1,2,01,8010,63,194.39757727
5332974,1,1,1,70,50,1,30,48,3,,2,34,3,,1,2,1,,,,,,,,,,,1,2,,900000,2,,97,54,54,1,2,01,9700,50,284.04915019
5332976,1,3,1,70,50,1,12,60,1,,2,28,1,,2,2,1,,,,,,,,,,,1,2,,1300000,2,,47,45,45,1,1,01,4741,50,403.7800583
5332980,1,1,1,70,50,1,8,48,1,,2,10,1,,9,2,4,,,,,,,,,,,1,2,,1000000,2,,68,58,58,1,1,01,6820,50,284.9707742
5332986,1,2,1,70,68,1,12,48,1,,2,12,1,,9,2,4,,,,,,,,,,,1,2,,1200000,2,,84,19,39,1,1,01,8413,68,525.25206392
5332990,1,2,1,70,68,1,8,40,4,,2,8,4,,1,2,2,,,,,,,,,,,1,2,,400000,2,,81,55,55,1,1,01,8121,68,443.79933625
5332991,1,1,1,70,68,1,20,50,1,,2,52,5,,3,2,1,,,,,,,,,,,1,2,,1600000,2,,41,95,95,1,2,01,4111,68,559.91589431
5332994,1,1,1,70,68,1,4,48,1,,2,36,4,,1,2,1,,,,,,,,,,,1,2,,840000,2,,56,53,45,1,1,01,5619,68,310.95345085
5333000,1,3,1,70,68,1,36,48,1,,2,36,4,,7,2,1,,,1,,,,,,,,,2,,3500000,1,2,85,13,13,1,2,01,8544,68,637.52290121
5333001,1,2,1,70,68,1,40,24,1,,2,45,3,,1,2,1,,,,,,,,,,,1,2,,877803,2,,97,79,54,1,2,01,9700,68,300.63555006
5333003,1,1,1,70,68,1,6,48,1,,2,6,1,,9,2,1,,,1,,,,,,,,,1,200000,2500000,1,1,85,13,13,1,1,01,8544,68,531.10871341
5333021,1,1,1,70,41,1,50,45,1,,2,60,1,,9,2,1,,,,,,,,,,,1,2,,2000000,2,,06,71,71,1,2,01,0610,41,106.94275269
5333022,1,3,1,70,41,1,10,50,1,,2,15,1,,6,2,1,,,,,,,,,,,1,2,,1600000,2,,49,98,98,1,1,01,4923,41,154.84115423
5333030,1,1,1,70,63,1,4,48,1,,2,4,4,,1,2,2,,,,,,,,,,,1,2,,1500000,2,,45,79,79,1,1,01,4520,63,182.37826078
5333030,1,3,1,70,63,1,24,48,1,,2,12,4,,1,2,4,,,,,,,,,,,1,2,,1500000,2,,73,16,16,1,2,01,7310,63,182.37826078
5333031,1,1,1,70,63,1,8,48,4,,2,20,4,,1,2,2,,,,,,,,,,,1,2,,900000,2,,88,53,59,1,1,01,8810,63,137.46680037
5333034,1,2,1,70,63,1,8,24,4,,2,6,4,,1,2,2,,,,,,,,,,,1,2,,500000,2,,56,53,53,1,1,01,5611,63,122.86456649
5333035,1,2,1,70,63,1,20,48,1,,2,30,4,,1,2,2,,,,,,,,,,,1,2,,900000,2,,22,39,97,1,2,01,2229,63,167.7565208
5333037,1,3,1,70,63,1,20,48,4,,2,20,4,,1,2,1,,,,,,,,,,,1,2,,900000,2,,31,81,81,1,2,01,3110,63,175.02568284
5333043,1,3,1,70,47,1,36,54,1,,2,36,1,,7,2,1,,,,,,,,,,,1,2,,900000,2,,55,53,53,1,2,01,5511,47,116.17532151
5333045,1,6,1,70,19,1,4,40,1,,2,4,1,,5,2,1,,,,,,,,,,,1,2,,980000,2,,42,87,87,1,1,01,4290,19,138.84716343
5333047,1,3,1,70,19,1,4,54,1,,2,4,1,,3,2,1,,,,,,,,,,,1,2,,800000,2,,41,95,95,1,1,01,4112,19,125.70097743
5333048,1,3,1,70,19,1,60,48,1,,2,60,1,,3,2,8,,,,,,,,,,,1,2,,980000,2,,47,45,45,1,2,01,4752,19,136.14726986
5333049,1,2,1,70,19,1,52,45,1,,2,54,1,,9,2,1,,,,,,,,,,,1,2,,1600000,2,,64,44,44,1,2,01,6412,19,126.05918614
5333050,1,4,1,70,19,1,3,45,1,,2,3,1,,3,2,1,,,,,,,,,,,1,2,,900000,2,,47,45,45,1,1,01,4771,19,131.17663743
5333054,1,2,1,70,19,1,20,45,1,,2,20,1,,3,2,1,,,,,,,,,,,1,2,,980000,2,,47,45,45,1,2,01,4724,19,97.374002115
5333055,1,6,1,70,19,1,36,50,1,,2,36,1,,4,2,1,,,,,,,,,,,1,2,,900000,2,,41,95,95,1,2,01,4112,19,109.06287657
5333083,1,2,1,70,27,1,48,40,2,,2,48,2,,9,2,1,,,,,,,,,,,1,2,,3000000,2,,84,09,09,1,2,01,8412,27,34.603350063
5333087,1,1,1,70,27,1,8,48,1,,2,52,1,,9,2,1,,,,,,,,,,,1,2,,1000000,2,,42,59,95,1,1,01,4210,27,87.03754733
5333088,1,3,1,70,27,1,5,48,1,,1,,,,,,,,.,,,,,,,,.,,,,800000,,,,95,,1,1,01,.,27,181.60223657
5333091,1,2,1,70,27,1,8,30,3,,2,250,3,,1,2,1,,,,,,,,,,,1,2,,200000,2,,97,54,54,1,1,01,9700,27,34.603350063
5333093,1,1,1,70,27,1,42,48,4,,2,42,4,,4,2,1,,,,,,,,,,,1,2,,800000,2,,56,77,77,1,2,01,5611,27,190.31842535
5333096,1,2,1,70,27,1,24,40,2,,1,,,,,,,,.,,,,,,,,.,,,,900000,,,,12,,1,2,01,.,27,153.58449615
5333097,1,2,1,70,27,1,24,40,1,,2,24,4,,8,2,1,,,,,,,,,,,1,2,,3000000,2,,41,02,02,1,2,01,4112,27,34.603350063
5333102,1,1,1,70,27,1,6,48,1,,2,6,1,,9,2,1,,,,,,,,1,,,,2,,1114000,2,,84,54,54,1,1,01,8413,27,58.050879854
5333102,1,2,1,70,27,1,4,48,4,,2,4,4,,1,2,1,,,,,,,,,,,1,2,,2000000,2,,69,11,11,1,1,01,6920,27,58.050879854
5333105,1,3,1,70,68,1,12,50,4,,2,12,4,,1,2,1,,,,,,,,,,,1,2,,2000000,2,,96,59,59,1,1,01,9609,68,460.28585236
5333106,1,1,1,70,52,1,40,48,2,,2,3,1,,6,2,3,,,1,,,,,,,,,1,2300000,5000000,1,1,86,11,11,1,2,01,8691,52,296.26910799
5333112,1,1,1,70,52,1,3,48,4,,2,2,4,,9,2,1,,,,,,,,,,,1,1,5700000,4500000,2,,84,09,09,1,1,01,8415,52,344.90125609
5333112,1,2,1,70,52,1,6,48,4,,2,52,4,,9,2,1,,,,,,,,,,,1,2,,2500000,2,,84,12,12,1,1,01,8412,52,344.90125609
5333125,1,2,1,70,50,1,8,60,1,,2,8,1,,4,2,6,,,,,,,,,,,1,2,,1000000,2,,85,13,13,1,1,01,8513,50,201.4300416
5333137,1,2,1,70,41,1,14,48,1,,2,14,3,,1,2,1,,,,,,,,,,,1,2,,877800,2,,97,53,54,1,2,01,9700,41,82.803913187
5333142,1,3,1,70,05,1,4,48,1,,1,,,,,,,,.,,,,,,,,.,,,,877000,,,,39,,1,1,01,.,05,1112.0240504
5333143,1,2,1,70,05,1,40,48,1,,2,3,1,,2,2,3,,,,,,,,,,,1,1,250000,877000,2,,47,45,45,1,2,01,4711,05,1315.4794376
5333153,1,1,1,70,50,1,8,48,1,,2,8,1,,5,2,1,,,,,,,,,,,1,2,,1000000,2,,47,34,45,1,1,01,4774,50,304.98527716
5333154,1,1,1,70,50,1,30,48,1,,2,30,1,,3,2,2,,,,,,,,,,,1,2,,1800000,2,,47,33,33,1,2,01,4759,50,180.26536024
5333159,1,2,1,70,73,1,17,48,1,,2,2,6,,2,2,1,,,,,,,,,,,1,2,,900000,2,,56,05,77,1,2,01,5619,73,249.44337167
5333160,1,3,1,70,73,1,24,48,1,,2,3,4,,1,2,1,,,,,,,,,,,1,1,800000,900000,2,,52,45,97,1,2,01,5224,73,228.63851307
5333165,1,1,1,70,50,1,13,48,1,,2,13,1,,6,2,1,,,,,,,,,,,1,2,,1000000,2,,47,45,45,1,1,01,4731,50,325.92140413
5333168,1,2,1,70,50,1,52,48,1,,2,52,1,,2,2,1,,,,,,,,,,,1,2,,900000,2,,43,85,85,1,2,01,4321,50,242.85221516
5333169,1,5,1,70,50,1,6,48,1,,2,6,4,,1,2,1,,,,,,,,,,,1,2,,1000000,2,,43,95,93,1,1,01,4330,50,314.05829695
5333169,1,6,1,70,50,1,6,48,1,,2,6,4,,1,2,1,,,,,,,,,,,1,2,,900000,2,,56,45,45,1,1,01,5619,50,314.05829695
5333175,1,2,1,70,17,1,12,48,3,,2,52,3,,1,2,1,,,,,,,,,,,1,2,,877802,2,,97,54,54,1,1,01,9700,17,223.20307864
5333175,1,5,1,70,17,1,104,48,1,,2,160,1,,8,2,1,,,,,,,,,,,1,2,,877802,2,,47,13,45,1,2,01,4771,17,223.20307864
5333179,1,2,1,70,17,1,36,48,4,,2,40,1,,9,2,5,,,,,,,,,,,1,1,2500000,3500000,2,,58,16,16,1,2,01,5813,17,258.8234351
5333180,1,1,1,70,52,1,16,48,1,,2,20,1,,5,2,1,,,,,,,,,,,1,2,,1500000,2,,47,11,11,1,2,01,4771,52,169.82871516
5333180,1,4,1,70,52,1,24,48,1,,2,24,4,,4,2,1,,,,,,,,,,,1,2,,1200000,2,,47,08,08,1,2,01,4741,52,169.82871516
5333181,1,1,1,70,52,1,16,48,3,,2,48,3,,1,2,2,,,,,,,,,,,1,2,,300000,2,,97,54,54,1,2,01,9700,52,173.85333311
5333188,1,1,1,70,50,1,6,50,4,,2,6,4,,1,2,1,,,,,,,,,,,1,2,,1200000,2,,41,95,95,1,1,01,4111,50,272.79623672
5333189,1,1,1,70,50,1,36,48,4,,2,36,4,,1,2,1,,,,,,,,,,,1,2,,900000,2,,81,55,55,1,2,01,8121,50,174.77333933
5333190,1,3,1,70,50,1,8,48,1,,2,8,1,,4,2,1,,,,,,,,,,,1,2,,900000,2,,49,98,98,1,1,01,4921,50,348.1170778
5333191,1,2,1,70,50,1,4,48,1,,2,4,1,,2,2,1,,,,,,,,,,,1,1,800000,900000,2,,41,95,95,1,1,01,4111,50,160.23310657
5333192,1,1,1,70,50,1,40,48,1,,2,40,4,,1,2,1,,,,,,,,,,,1,2,,800000,2,,81,53,55,1,2,01,8121,50,360.87349619
5333192,1,2,1,70,50,1,3,50,1,,2,3,1,,3,2,1,,,,,,,,,,,1,1,800000,1000000,2,,49,98,98,1,1,01,4921,50,360.87349619
5333194,1,1,1,70,50,1,16,50,4,,2,16,4,,1,2,1,,,,,,,,,,,1,2,,800000,2,,81,55,55,1,2,01,8121,50,257.39244793
5333194,1,2,1,70,50,1,16,50,1,,1,,,,,,,,.,,,,,,,,.,,,,900000,,,,95,,1,2,01,.,50,257.39244793
5333195,1,1,1,70,50,1,4,48,4,,2,4,4,,1,2,1,,,,,,,,,,,1,1,400000,700000,2,,81,54,54,1,1,01,8110,50,371.81254386
5333195,1,2,1,70,50,1,16,48,4,,2,16,4,,1,2,1,,,,,,,,,,,1,2,,900000,2,,33,87,87,1,2,01,3312,50,371.81254386
5333197,1,1,1,70,17,1,3,48,1,,2,3,4,,9,2,5,,,1,,,,,,,,,2,,2000000,1,2,84,05,05,1,1,01,8412,17,201.11748965
5333199,1,3,1,70,73,1,4,48,1,,1,,,,,,,,.,,,,,,,,.,,,,1700000,,,,12,,1,1,01,.,73,219.60542458
5333241,1,1,1,70,17,1,48,48,1,,2,48,1,,9,2,1,,,,,,,,,,,1,2,,1500000,2,,86,34,34,1,2,01,8610,17,194.08859805
5333250,1,1,1,70,73,1,52,48,1,,2,112,2,,9,2,1,,,,,,,,,,,1,2,,900000,3,,84,34,58,1,2,01,8423,73,316.9671222
5333250,1,2,1,70,73,1,54,48,4,,2,8,1,,3,2,2,,,,,,,,,,,1,2,,950000,2,,56,77,77,1,2,01,5619,73,316.9671222
5333252,1,3,1,70,73,1,28,48,1,,2,28,1,,9,2,1,,,,,,,,,,,1,2,,1200000,2,,47,45,45,1,2,01,4771,73,329.3807006
5333255,1,3,1,70,73,1,40,48,1,,2,52,1,,9,2,1,,,,,,,,,,,1,2,,1200000,2,,41,19,19,1,2,01,4111,73,240.68600343
5333266,1,1,1,70,47,1,8,48,1,,2,40,4,,1,2,1,,,,,,,,,,,1,2,,1000000,2,,96,57,57,1,1,01,9602,47,172.77517195
5333267,1,2,1,70,47,1,16,48,1,,2,84,1,,9,2,2,,,,,,,,,,,1,2,,1000000,2,,61,45,44,1,2,01,6120,47,181.42280066
5333270,1,3,1,70,23,1,24,48,1,,2,26,1,,9,2,1,,,,,,,,,,,1,2,,877803,2,,86,59,59,1,2,01,8610,23,189.03752056
5333271,1,1,1,70,23,1,32,48,3,,2,38,3,,1,2,1,,,,,,,,,,,1,2,,500000,2,,97,54,54,1,2,01,9700,23,172.81320054
5333287,1,1,1,70,44,1,2,48,4,,2,2,4,,2,2,4,,,,,,,,,,,1,1,400000,500000,2,,41,95,95,1,1,01,4112,44,119.59382107
5333288,1,1,1,70,44,1,24,48,4,,2,24,4,,2,2,1,,,,,,,,,,,1,2,,800000,2,,56,77,45,1,2,01,5619,44,59.639876965
5333288,1,2,1,70,44,1,48,48,1,,2,2,4,,9,2,4,,,,,,,,,,,1,2,,850000,2,,47,07,45,1,2,01,4755,44,59.639876965
5333289,1,2,1,70,44,1,28,48,1,,2,96,1,,9,2,1,,,,,,,,,,,1,2,,850900,2,,85,13,13,1,2,01,8511,44,74.354229915
5333289,1,6,1,70,44,1,24,48,1,,2,40,1,,6,2,1,,,,,,,,,,,1,2,,900000,2,,49,39,32,1,2,01,4921,44,74.354229915
5333292,1,2,1,70,44,1,16,48,4,,2,16,4,,6,2,4,,,,,,,,,,,1,2,,3500000,2,,42,12,12,1,2,01,4290,44,73.31070481
5333293,1,2,1,70,44,1,8,48,1,,2,36,1,,5,2,1,,,,,,,,,,,1,1,1000000,1300000,2,,42,19,19,1,1,01,4220,44,83.648549106
5333327,1,1,1,70,68,1,32,48,1,,2,52,4,,9,2,2,,,,,,,,,,,1,2,,1700000,2,,84,19,19,1,2,01,8413,68,505.48677895
5333329,1,3,1,70,68,1,8,48,1,,2,32,1,,9,2,2,,,,,,,,,,,1,2,,877803,2,,49,33,33,1,1,01,4921,68,544.47573063
5333340,1,1,1,70,76,1,2,48,1,,2,4,4,,5,2,1,,,,,,,,,,,1,1,400000,908526,2,,14,79,79,1,1,01,1410,76,1040.8112303
5333359,1,1,1,70,11,1,2,48,1,,2,2,4,,2,2,8,,,,,,,,,,,1,2,,908526,2,,47,77,45,1,1,01,4721,11,3728.6300194
5333371,1,3,1,70,17,1,4,48,1,,2,8,1,,2,2,7,,,,,,,,,,,1,1,820000,877803,2,,41,97,95,1,1,01,4111,17,194.65472273
5333372,1,3,1,70,68,1,5,48,1,,1,,,,,,,,.,,,,,,,,.,,,,877803,,,,97,,1,1,01,.,68,719.52685301
5333373,1,1,1,70,68,1,52,48,4,,2,52,5,,4,2,1,,,,,,,,,,,1,2,,800000,2,,56,39,77,1,2,01,5619,68,317.95442563
5333373,1,2,1,70,68,1,5,48,5,,2,52,5,,4,2,1,,,,,,,,,,,1,2,,1000000,2,,56,51,51,1,1,01,5611,68,317.95442563
5333376,1,3,1,70,68,1,8,48,1,,2,8,1,,3,2,1,,,,,,,,,,,1,2,,1000000,2,,56,97,97,1,1,01,5611,68,405.02201107
5333386,1,2,1,70,15,1,4,48,1,,2,4,1,,2,2,1,,,,,,,,,,,1,1,600000,877803,2,,25,83,83,1,1,01,2511,15,110.82495
5333387,1,2,1,70,68,1,8,48,1,,2,8,1,,2,2,2,,,,,,,,,,,1,2,,877803,2,,01,99,53,1,1,01,0141,68,354.7601904
5333400,1,2,1,70,15,1,108,48,1,,2,108,1,,9,2,2,,,,,,,,,,,1,2,,1000000,2,,61,08,08,1,2,01,6120,15,64.081719279
5333404,1,1,1,70,15,1,52,48,1,,2,52,1,,2,2,1,,,,,,,,,,,1,2,,877803,2,,47,45,45,1,2,01,4771,15,121.06473108
5333406,1,3,1,70,15,1,40,48,1,,2,40,1,,2,2,1,,,,,,,,,,,1,2,,877803,2,,49,98,98,1,2,01,4921,15,94.128462473
5333406,1,4,1,70,15,1,108,48,1,,2,108,3,,1,2,1,,,,,,,,,,,1,2,,877803,2,,97,45,59,1,2,01,9700,15,94.128462473
5333407,1,1,1,70,68,1,20,48,1,,2,20,1,,9,2,1,,,,,,,,,,,1,2,,900000,2,,38,62,62,1,2,01,3811,68,359.76342651
5333408,1,2,1,70,68,1,28,48,1,,2,28,1,,9,2,1,,,,,1,,,,,,,2,,900000,2,,56,53,53,1,2,01,5629,68,377.94074078
5333408,1,4,1,70,68,1,16,48,1,,1,,,,,,,,.,,,,,,,,.,,,,900000,,,,97,,1,2,01,.,68,377.94074078
5333410,1,1,1,70,68,1,16,48,1,,2,16,1,,4,2,8,,,,,,,,,,,1,2,,900000,2,,41,95,95,1,2,01,4111,68,340.4543989
5333411,1,2,1,70,68,1,28,48,1,,2,28,1,,4,2,1,,,,,,,,,,,1,2,,900000,2,,41,81,95,1,2,01,4111,68,307.96099305
5333420,1,1,1,70,63,1,24,48,1,,2,36,1,,5,2,2,,,,,,,,,,,1,2,,877803,2,,56,53,53,1,2,01,5611,63,87.8886014
5333422,1,3,1,70,63,1,12,40,3,,2,36,3,,1,2,1,,,,,,,,,,,1,2,,600000,2,,97,54,54,1,1,01,9700,63,107.97413332
5333433,1,2,1,70,15,1,3,40,1,,2,4,1,,7,2,1,,,,,,,,,,,1,1,3000000,1200000,2,,94,33,33,1,1,01,9491,15,145.88309956
5333436,1,3,1,70,15,1,4,40,1,,2,104,1,,2,2,2,,,,,,,,,,,1,2,,1014980,2,,47,45,45,1,1,01,4711,15,118.79113242
5333439,1,1,1,70,19,1,8,40,1,,2,8,1,,3,2,2,,,,,,,,,,,1,2,,1500000,2,,69,12,12,1,1,01,6910,19,112.95125522
5333444,1,3,1,70,19,1,24,40,2,,2,24,1,,4,2,2,,,,,,,,,,,1,2,,1800000,2,,47,19,45,1,2,01,4771,19,106.52331125
5333454,1,2,1,70,05,1,24,48,1,,2,24,1,,5,2,9,COTIZANTE POR COBERTURA,,1,,,,,,,,,2,,877000,1,2,20,55,97,1,2,01,2011,05,1347.9123244
5333459,1,1,1,70,05,1,4,48,4,,2,36,5,,2,2,8,,,,,,,,,,,1,2,,2000000,2,,82,45,39,1,1,01,8230,05,1040.9869569
5333459,1,2,1,70,05,1,24,48,1,,2,36,1,,3,2,7,,,,,,,,,,,1,2,,1500000,2,,82,32,32,1,2,01,8230,05,1040.9869569
5333465,1,2,1,70,63,1,52,48,1,,2,52,1,,9,2,2,,,,,,,,,,,1,2,,900000,2,,46,45,45,1,2,01,4631,63,144.8193783
5333471,1,1,1,70,17,1,6,48,1,,2,6,1,,2,2,1,,,,,,,,,,,1,2,,877802,2,,43,85,85,1,1,01,4321,17,302.99287322
5333474,1,1,1,70,17,1,40,36,1,,2,40,1,,9,2,1,,,,,,,,,,,1,2,,877802,2,,82,55,38,1,2,01,8220,17,254.6480141
5333474,1,4,1,70,17,1,10,48,1,,2,15,1,,2,2,1,,,,,,,,,,,1,2,,877802,2,,41,62,95,1,1,01,4111,17,254.6480141
5333476,1,3,1,70,73,1,52,48,2,,2,52,1,,3,2,4,,,,,,,,,,,1,2,,1500000,2,,69,12,12,1,2,01,6910,73,228.63851307
5333480,1,3,1,70,73,1,4,48,1,,2,1,1,,2,2,1,,,,,,,,,,,1,2,,1000000,2,,47,95,45,1,1,01,4721,73,433.94600059
5333480,1,4,1,70,73,1,3,48,1,,2,2,1,,3,2,1,,,,,,,,,,,1,2,,900000,2,,47,45,45,1,1,01,4771,73,433.94600059
5333492,1,2,1,70,20,1,8,48,1,,2,52,1,,8,2,5,,,,,,,,,,,1,2,,900000,2,,85,12,12,1,1,01,8544,20,179.29321607
5333512,1,3,1,70,17,1,2,48,1,,1,,,,,,,,.,,,,,,,,.,,,,877802,,,,38,,1,1,01,.,17,190.40090587
5333514,1,1,1,70,63,1,12,40,3,,2,36,3,,1,2,1,,,,,,,,,,,1,2,,800000,2,,97,54,54,1,1,01,9700,63,164.90491022
5333517,1,1,1,70,20,1,2,48,1,,2,6,1,,5,2,5,,,1,,,,,,,,,2,,1200000,1,1,80,58,58,1,1,01,8010,20,209.69396338
5333521,1,1,1,70,20,1,20,48,1,,2,20,4,,2,2,2,,,,,,,,,,,1,2,,877000,2,,92,45,45,1,2,01,9200,20,98.372102321
5333525,1,4,1,70,52,1,4,40,1,,1,,,,,,,,.,,,,,,,,.,,,,900000,,,,85,,1,1,01,.,52,186.45480366
5333527,1,2,1,70,52,1,12,40,2,,2,32,4,,1,2,2,,,,,,,,,,,1,2,,1800000,2,,85,13,13,1,1,01,8559,52,188.46365179
5333529,1,1,1,70,63,1,6,48,2,,2,6,2,,9,2,1,,,,1,,,,,,,,2,,3000000,1,1,85,13,13,1,1,01,8544,63,144.8193783
5333529,1,2,1,70,63,1,6,48,4,,2,6,4,,9,2,1,,,,1,,,,,,,,2,,1500000,1,1,85,13,13,1,1,01,8544,63,144.8193783
5333539,1,2,1,70,63,1,2,48,4,,2,2,4,,1,2,2,,,,,,,,,,,1,1,98,800000,2,,81,55,55,1,1,01,8121,63,144.8193783
5333545,1,2,1,70,54,1,4,48,4,,2,4,4,,9,2,1,,,1,,,,,,,,,1,3000000,3000000,1,1,85,13,13,1,1,01,8544,54,293.01102481
5333550,1,1,1,70,76,1,2,48,3,,2,2,1,,5,2,6,,,,,,,,,,,1,1,900000,908526,2,,55,54,55,1,1,01,5530,76,1050.1434202
5333551,1,2,1,70,76,1,20,48,3,,2,40,3,,1,2,1,,,,,,,,,,,1,2,,908526,2,,97,54,54,1,2,01,9700,76,1262.9565048
5333554,1,2,1,70,76,1,13,10,4,,1,,,,,,,,.,,,,,,,,.,,,,300000,,,,77,,1,1,01,.,76,1040.8112303
5333555,1,1,1,70,76,1,78,84,1,,2,10,1,,2,2,7,,,,,,,,,,,1,1,70000,1200000,2,,41,95,95,1,2,01,4111,76,1058.2732645
5333555,1,2,1,70,76,1,42,60,4,,2,4,4,,9,2,6,,,,,,,,,,,1,1,92000,700000,2,,94,17,19,1,2,01,9499,76,1058.2732645
5333569,1,4,1,70,17,1,52,48,1,,2,52,1,,3,2,1,,,,,,,,,,,1,2,,877802,2,,47,38,45,1,2,01,4771,17,164.80387286
5333570,1,3,1,70,17,1,4,48,1,,2,4,1,,9,2,1,,,1,,,,,,,,,2,,877802,2,,82,38,38,1,1,01,8220,17,165.1641226
5333571,1,6,1,70,17,1,6,48,1,,2,6,4,,1,2,1,,,,,,,,,,,1,2,,877802,2,,41,95,95,1,1,01,4111,17,138.94318048
5333572,1,1,1,70,17,1,3,48,1,,2,3,1,,3,2,4,,,,,,,,,,,1,2,,877802,2,,45,84,84,1,1,01,4520,17,223.68780568
5333581,1,1,1,70,17,1,36,48,1,,2,36,1,,1,2,2,,,,,,,,,,,1,2,,877802,2,,81,55,55,1,2,01,8121,17,168.19083959
5333584,1,2,1,70,17,1,32,48,1,,2,32,1,,9,2,9,ES CONTRIBUTIVO,,1,,,,,,,,,2,,1500000,1,1,85,05,05,1,2,01,8544,17,172.23008029
5333606,1,4,1,70,73,1,1,50,1,,2,3,1,,3,2,1,,,,,,,,,,,1,1,700000,900000,2,,41,95,95,1,1,01,4111,73,341.82869234
5333607,1,1,1,70,73,1,8,50,4,,2,8,4,,1,2,1,,,,,,,,,,,1,2,,500000,2,,88,54,54,1,1,01,8890,73,634.88457983
5333607,1,6,1,70,73,1,5,48,1,,2,150,3,,1,2,1,,,,,,,,,,,1,2,,900000,2,,97,53,59,1,1,01,9700,73,634.88457983
5333608,1,1,1,70,73,1,16,48,1,,2,2,4,,1,2,7,,,,,,,,,,,1,1,1200000,1200000,2,,15,80,80,1,2,01,1521,73,379.93416629
5333608,1,2,1,70,73,1,1,48,1,,2,3,1,,4,2,4,,,,,,,,,,,1,1,275000,1300000,2,,55,39,54,1,1,01,5511,73,379.93416629
5333608,1,3,1,70,73,1,6,44,1,,2,6,1,,2,2,4,,,,,,,,,,,1,2,,887000,2,,86,59,59,1,1,01,8622,73,379.93416629
5333608,1,4,1,70,73,1,2,48,1,,2,3,1,,3,2,4,,,,,,,,,,,1,1,400000,1000000,2,,41,95,95,1,1,01,4111,73,379.93416629
5333610,1,1,1,70,73,1,28,48,1,,2,500,1,,2,2,1,,,,,,,,,,,1,2,,887000,2,,61,45,38,1,2,01,6190,73,340.5005453
5333611,1,1,1,70,73,1,2,48,4,,2,3,4,,9,2,3,,,,,,,,,,,1,1,1400000,1800000,2,,84,93,93,1,1,01,8413,73,362.55191877
5333613,1,1,1,70,73,1,5,40,4,,2,25,4,,9,2,8,,,,,,,,,,,1,2,,2000000,2,,85,79,18,1,1,01,8544,73,199.43773446
5333613,1,3,1,70,73,1,52,48,2,,2,52,4,,9,2,1,,,,,,,,,,,1,2,,1800000,2,,84,13,13,1,2,01,8412,73,199.43773446
5333618,1,1,1,70,73,1,1,40,1,,2,3,1,,9,2,1,,,1,,,,,,,,,1,1700000,4000000,1,1,85,13,13,1,1,01,8544,73,237.39588131
5333623,1,2,1,70,54,1,99,48,1,,2,99,1,,9,2,1,,,,,,,,,,,1,2,,1500000,2,,35,39,39,1,2,01,3511,54,272.98292953
5333627,1,2,1,70,76,1,2,48,1,,2,2,1,,4,2,1,,,,,,,,,,,1,1,221000,907256,2,,27,97,94,1,1,01,2740,76,1125.7195907
5333628,1,1,1,70,76,1,52,48,1,,2,3,1,,2,2,1,,,,,,,,,,,1,1,120000,907256,2,,43,95,90,1,2,01,4390,76,1071.5628672
5333634,1,3,1,70,76,1,3,48,1,,2,3,1,,3,2,4,,,,,,,,,,,1,1,300000,1000000,2,,41,95,95,1,1,01,4111,76,1084.0273694
5333639,1,1,1,70,76,1,3,60,4,,2,3,4,,2,2,1,,,,,,,,,,,1,1,300000,720000,2,,15,80,80,1,1,01,1521,76,932.22191901
5333645,1,2,1,70,76,1,2,48,1,,2,38,4,,1,2,8,,,,,,,,,,,1,2,,908526,2,,47,45,45,1,1,01,4772,76,809.30288586
5333646,1,2,1,70,76,1,2,60,1,,2,4,4,,4,2,1,,,,,,,,,,,1,1,320000,600000,2,,14,79,79,1,1,01,1410,76,1579.0496286
5333646,1,5,1,70,76,1,2,60,1,,2,4,4,,4,2,4,,,,,,,,,,,1,1,450000,900000,2,,14,79,79,1,1,01,1410,76,1579.0496286
5333646,1,7,1,70,76,1,14,60,1,,2,2,4,,3,2,1,,,,,,,,,,,1,1,200000,500000,2,,14,79,79,1,2,01,1410,76,1579.0496286
5333650,1,1,1,70,76,1,32,30,4,,2,50,1,,3,2,4,,,,,,,,,,,1,2,,950000,2,,73,13,45,1,2,01,7310,76,1112.2804744
5333653,1,1,1,70,18,1,20,50,1,,2,38,8,,2,2,2,,,,,,,,,,,1,2,,700000,2,,01,58,62,1,2,01,0141,18,72.282154104
5333655,1,1,1,70,18,1,2,48,1,,2,4,1,,7,2,1,,,,,,,,,,,1,2,,800000,2,,47,95,97,1,1,01,4724,18,77.241991386
5333656,1,1,1,70,18,1,1,48,1,,2,5,1,,9,2,4,,,,,1,,,,,,,2,,900000,2,,64,58,58,1,1,01,6412,18,103.92524059
5333656,1,2,1,70,18,1,2,40,1,,2,48,1,,7,2,1,,,,,,,,,,,1,2,,900000,2,,47,55,45,1,1,01,4724,18,103.92524059
5333658,1,2,1,70,18,1,2,40,1,,2,5,2,,9,2,1,,,,,,,,,,,1,2,,1500000,2,,84,32,32,1,1,01,8412,18,104.49558317
5333666,1,1,1,70,18,1,8,40,1,,2,40,4,,1,2,1,,,,,,,,,,,1,2,,900000,2,,96,57,57,1,1,01,9602,18,70.449405571
5333667,1,3,1,70,18,1,12,40,1,,1,,,,,,,,.,,,,,,,,.,,,,900000,,,,45,,1,1,01,.,18,76.862757396
5333669,1,1,1,70,18,1,4,48,3,,2,36,1,,2,2,1,,,,,,,,,,,1,2,,900000,2,,69,54,32,1,1,01,6910,18,83.980647169
5333670,1,1,1,70,18,1,2,48,1,,2,12,4,,1,2,1,,,,,,,,,,,1,2,,900000,2,,01,61,62,1,1,01,0123,18,115.03608146
5333671,1,2,1,70,18,1,1,48,1,,2,1,1,,3,2,1,,,,,,,,,,,1,1,300000,970000,2,,47,45,45,1,1,01,4752,18,139.9420486
5333675,1,2,1,70,18,1,4,40,1,,2,82,1,,7,2,2,,,,,,,,,,,1,2,,1200000,2,,87,32,21,1,1,01,8730,18,106.32043217
5333685,1,3,1,70,68,1,63,40,1,,2,52,4,,2,2,1,,,,,,,,,,,1,2,,1000000,2,,56,33,97,1,2,01,5619,68,724.99154834
5333685,1,4,1,70,68,1,8,40,1,,2,4,1,,3,2,7,,,,,,,,,,,1,2,,1000000,2,,14,79,79,1,1,01,1410,68,724.99154834
5333689,1,4,1,70,68,1,4,40,1,,2,4,4,,1,2,2,,,,,,,,,,,1,2,,900000,2,,81,97,55,1,1,01,8129,68,829.6427677
5333689,2,2,2,70,68,1,4,48,1,,2,4,1,,6,2,7,,,,,,,,,,,1,1,635000,877000,2,,01,38,03,1,1,01,0144,68,829.6427677
5333692,1,3,1,70,68,1,24,24,1,,1,,,,,,,,.,,,,,,,,.,,,,1000000,,,,45,,1,2,01,.,68,642.41422827
5333698,1,4,1,70,70,1,24,48,1,,2,40,3,,1,2,1,,,,,,,,,,,1,2,,908526,2,,97,55,54,1,2,01,9700,70,116.16190406
5333700,1,1,1,70,70,1,20,48,4,,2,40,4,,1,2,2,,,,,,,,,,,1,2,,908526,2,,49,41,98,1,2,01,4921,70,60.437310916
5333701,1,1,1,70,70,1,8,48,1,,1,,,,,,,,.,,,,,,,,.,,,,908526,,,,13,,1,1,01,.,70,159.36811263
5333701,1,3,1,70,70,1,10,48,4,,2,12,4,,2,2,1,,,,,,,,,,,1,2,,908526,2,,41,95,95,1,1,01,4111,70,159.36811263
5333703,1,1,1,70,17,1,28,48,1,,2,28,1,,9,2,3,,,,,,,,,,,1,2,,877802,2,,56,50,50,1,2,01,5619,17,211.47256176
5333707,1,2,1,70,76,1,3,40,4,,2,3,4,,8,2,2,,,,,,,,,,,1,1,1000000,1500000,2,,86,07,07,1,1,01,8692,76,919.74557592
5333713,1,1,1,70,68,1,4,48,1,,2,52,1,,6,2,1,,,,,,,,,,,1,2,,878000,2,,15,80,80,1,1,01,1522,68,612.56144108
5333714,1,2,1,70,68,1,4,48,2,,2,4,1,,9,2,1,,,1,,,,,,,,,1,99,1200000,1,1,78,21,30,1,1,01,7810,68,612.56144108
5333731,1,2,1,70,50,1,3,48,1,,2,4,1,,9,2,2,,,,,,,,,,,1,1,430000,950000,2,,46,45,98,1,1,01,4631,50,262.65591445
5333732,1,2,1,70,50,1,20,50,1,,2,20,1,,5,2,2,,,,,,,,,,,1,2,,1200000,2,,47,34,34,1,2,01,4752,50,313.33710354
5333733,1,3,1,70,50,1,30,48,1,,2,50,1,,4,2,3,,,,,,,,,,,1,2,,1500000,2,,13,16,92,1,2,01,1313,50,329.07178664
5333733,1,5,1,70,50,1,38,48,1,,2,54,1,,4,2,4,,,,,,,,,,,1,2,,1200000,2,,47,16,45,1,2,01,4771,50,329.07178664
5333740,1,2,1,70,23,1,48,48,1,,2,48,2,,9,2,1,,,,,,,,,,,1,2,,877803,2,,84,58,58,1,2,01,8422,23,193.4013158
5333750,1,2,1,70,17,1,12,48,1,,2,52,1,,6,2,1,,,,,,,,,,,1,2,,877802,2,,47,55,59,1,1,01,4741,17,238.48336754
5333752,1,2,1,70,23,1,52,48,1,,2,157,1,,9,2,1,,,,,,,,,,,1,2,,908526,2,,47,45,45,1,2,01,4719,23,188.5541281
5333756,1,1,1,70,68,1,42,48,1,,2,42,1,,1,2,1,,,,,,,,,,,1,2,,877803,2,,47,58,58,1,2,01,4711,68,302.78260878
5333762,1,1,1,70,68,1,16,48,1,,2,16,1,,6,2,1,,,,,,,,,,,1,2,,900000,2,,41,95,95,1,2,01,4111,68,319.45479871
5333769,1,2,1,70,50,1,8,48,1,,2,52,1,,2,2,1,,,,,,,,,,,1,2,,900000,2,,47,45,45,1,1,01,4773,50,318.82912445
5333774,1,3,1,70,52,1,3,40,1,,2,3,1,,3,2,7,,,,,,,,,,,1,1,1000000,1000000,2,,41,95,95,1,1,01,4111,52,204.1367589
5333775,1,1,1,70,52,1,104,40,1,,2,52,4,,1,2,1,,,,,,,,,,,1,2,,800000,3,,43,95,85,1,2,01,4321,52,171.45091352
5333776,1,3,1,70,52,1,6,48,1,,2,17,3,,1,2,8,,,,,,,,,,,1,2,,900000,2,,97,45,54,1,1,01,9700,52,125.5300123
5333778,1,3,1,70,41,1,5,45,1,,2,6,1,,3,2,1,,,,,,,,,,,1,2,,950000,2,,41,95,95,1,1,01,4111,41,198.60370524
5333778,1,4,1,70,41,1,5,40,1,,2,8,1,,6,2,1,,,,,,,,,,,1,2,,1200000,2,,47,45,45,1,1,01,4711,41,198.60370524
5333781,1,1,1,70,41,1,5,45,5,,2,6,4,,1,2,6,,,,,,,,,,,1,2,,1000000,2,,41,95,95,1,1,01,4111,41,183.12584577
5333787,1,2,1,70,19,1,12,48,1,,2,12,1,,6,2,7,,,,,,,,,,,1,2,,877810,2,,85,13,13,1,1,01,8530,19,128.40543448
5333790,1,3,1,70,19,1,4,48,4,,2,12,4,,3,2,4,,,,,,,,,,,1,2,,1200000,2,,86,07,07,1,1,01,8621,19,102.34463454
5333797,1,2,1,70,41,1,12,48,1,,1,,,,,,,,.,,,,,,,,.,,,,1300000,,,,13,,1,1,01,.,41,183.75127446
5333799,1,2,1,70,23,1,12,48,1,,2,36,1,,9,2,1,,,,,,,,,,,1,2,,908526,2,,85,55,55,1,1,01,8544,23,167.68547022
5333800,1,2,1,70,23,1,2,45,1,,2,2,1,,9,2,1,,,,,,,,,,,1,1,1150000,1000000,2,,41,95,95,1,1,01,4112,23,167.68547022
5333807,1,2,1,70,68,1,16,48,1,,2,16,1,,6,2,1,,,,,,,,,,,1,2,,877803,2,,46,45,45,1,2,01,4631,68,521.97329506
5333813,1,5,1,70,19,1,48,40,2,,2,48,2,,9,2,1,,,,,1,,,,,,,2,,2000000,2,,84,19,19,1,2,01,8413,19,128.82912543
5333821,1,2,1,70,52,1,104,20,3,,2,104,3,,2,2,2,,,,,,,,,,,1,2,,400000,2,,97,54,54,1,2,01,9700,52,147.79337429
5333842,1,2,1,70,50,1,8,48,1,,2,8,1,,3,2,1,,,,,,,,,,,1,2,,900000,2,,41,95,95,1,1,01,4111,50,353.60909871
5333846,1,1,1,70,50,1,2,48,1,,2,2,1,,5,2,1,,,,,,,,,,,1,1,1000000,1200000,2,,85,58,58,1,1,01,8530,50,269.52666814
5333859,1,3,1,70,50,1,13,48,1,,2,13,1,,4,2,1,,,,,,,,,,,1,2,,2000000,2,,81,11,11,1,1,01,8129,50,354.08730288
5333859,1,4,1,70,50,1,8,48,1,,2,8,1,,5,2,4,,,,,,,,,,,1,2,,2500000,2,,88,19,19,1,1,01,8890,50,354.08730288
5333862,1,4,1,70,50,1,8,52,4,,2,8,4,,1,2,4,,,,,,,,,,,1,2,,1200000,2,,41,95,95,1,1,01,4111,50,219.46508148
5333873,1,5,1,70,17,1,4,48,1,,2,52,1,,4,2,1,,,,,,,,,,,1,2,,877803,2,,10,53,53,1,1,01,1081,17,279.20624182
5333874,1,1,1,70,17,1,4,48,2,,2,8,4,,9,2,3,,,,,1,,,,,,,2,,3500000,2,,35,05,05,1,1,01,3511,17,187.51036918
5333875,1,1,1,70,17,1,2,40,2,,2,2,4,,9,2,1,,,1,,1,,,,,,,1,7000000,5000000,1,2,84,19,19,1,1,01,8412,17,187.51036918
5333876,1,2,1,70,17,1,2,40,1,,1,,,,,,,,.,,,,,,,,.,,,,877803,,,,45,,1,1,01,.,17,268.35298686
5333887,1,1,1,70,41,1,8,54,1,,2,10,1,,2,2,1,,,,,,,,,,,1,2,,877800,2,,41,95,95,1,1,01,4111,41,176.92750514
5333887,1,2,1,70,41,1,52,24,3,,2,102,3,,1,2,1,,,,,,,,,,,1,2,,400000,2,,97,54,54,1,2,01,9700,41,176.92750514
5333893,1,4,1,70,41,1,3,60,4,,2,3,4,,1,2,1,,,,,,,,,,,1,1,800000,900000,2,,43,95,95,1,1,01,4330,41,238.2658482
5333901,1,2,1,70,41,1,20,48,1,,2,10,4,,1,2,1,,,,,,,,,,,1,2,,877800,2,,47,79,45,1,2,01,4781,41,192.40536462
5333903,1,2,1,70,41,1,4,40,1,,2,9,4,,1,2,1,,,,,,,,,,,1,2,,1000000,2,,43,45,93,1,1,01,4330,41,131.91919566
5333905,1,4,1,70,17,1,14,48,1,,2,14,1,,9,2,1,,,,,,,,,,,1,2,,877802,2,,41,95,95,1,2,01,4111,17,200.94298135
5333912,1,2,1,70,11,1,52,72,1,,2,52,1,,9,2,8,,,,,,,,,,,1,2,,900000,2,,56,53,33,1,2,01,5613,11,3047.0934268
5333918,1,3,1,70,11,1,104,48,1,,2,104,1,,9,2,4,,,,,,,,,,,1,2,,900000,2,,82,03,38,1,2,01,8220,11,3681.9426206
5333918,1,4,1,70,11,1,14,48,1,,2,52,1,,9,2,2,,,,,,,,,,,1,2,,90000,2,,10,02,02,1,2,01,1081,11,3681.9426206
5333921,1,3,1,70,11,1,52,48,1,,2,52,1,,9,2,4,,,,,,,,,,,1,2,,900000,2,,46,97,45,1,2,01,4631,11,4491.3613627
5333921,1,4,1,70,11,1,16,48,1,,2,18,1,,7,2,2,,,,,,,,,,,1,2,,900000,2,,56,53,53,1,2,01,5611,11,4491.3613627
5333921,1,7,1,70,11,1,12,48,1,,1,,,,,,,,.,,,,,,,,.,,,,900000,,,,45,,1,1,01,.,11,4491.3613627
5333923,1,3,1,70,54,1,99,48,3,,2,99,4,,1,2,1,,,,,,,,,,,1,2,,400000,2,,47,54,45,1,2,01,4781,54,421.53213786
5333933,1,2,1,70,23,1,52,48,5,,2,156,6,,2,2,2,,,,,,,,,,,1,2,,2000000,2,,47,41,45,1,2,01,4719,23,171.76260082
5333934,1,3,1,70,23,1,12,48,1,,2,12,1,,9,2,1,,,,,,,,,,,1,2,,4000000,2,,42,02,02,1,1,01,4290,23,177.61417444
5333938,1,1,1,70,05,1,52,48,4,,2,52,2,,9,2,1,,,,1,,,,,,,,2,,3000000,1,1,36,19,19,1,2,01,3600,05,935.62126289
5333950,1,1,1,70,15,1,12,48,1,,2,12,1,,3,2,1,,,,,,,,,,,1,2,,1200000,2,,45,93,93,1,1,01,4520,15,118.14252013
5333953,1,1,1,70,15,1,2,48,1,,2,2,1,,9,2,7,,,,,,,,,,,1,1,2500000,877803,2,,88,13,13,1,1,01,8890,15,112.17872743
5333953,1,2,1,70,15,1,40,48,1,,2,40,1,,3,2,7,,,,,,,,,,,1,2,,2000000,2,,43,95,95,1,2,01,4330,15,112.17872743
5333957,1,1,1,70,15,1,48,40,1,,2,48,1,,2,2,2,,,,,,,,,,,1,2,,877803,2,,56,50,53,1,2,01,5613,15,164.005967
5333961,1,1,1,70,15,1,16,48,2,,2,16,1,,6,2,1,,,,1,,,,,,,,2,,8000000,1,2,71,02,02,1,2,01,7110,15,128.10027445
5333963,1,3,1,70,15,1,24,48,2,,2,24,1,,4,2,1,,,,,,,,,,,1,2,,1500000,2,,86,19,19,1,2,01,8621,15,64.081719279
5333964,1,2,1,70,15,1,20,48,1,,2,20,1,,5,2,2,,,,,,,,,,,1,2,,2500000,2,,42,97,97,1,2,01,4290,15,129.0309135
5333968,1,2,1,70,23,1,52,48,1,,2,104,1,,2,2,1,,,,,,,,,,,1,2,,908526,2,,56,57,53,1,2,01,5611,23,162.03291756
5333969,1,2,1,70,23,1,52,48,1,,2,52,1,,9,2,1,,,,,,,,,,,1,2,,2500000,2,,46,02,02,1,2,01,4632,23,143.08016641
5333970,1,4,1,70,23,1,4,48,1,,1,,,,,,,,.,,,,,,,,.,,,,908526,,,,33,,1,1,01,.,23,161.60168776
5333970,1,5,1,70,23,1,48,48,1,,1,,,,,,,,.,,,,,,,,.,,,,1500000,,,,21,,1,2,01,.,23,161.60168776
5333971,1,1,1,70,23,1,36,40,1,,2,36,1,,2,2,1,,,,,,,,,,,1,2,,500000,2,,56,53,53,1,2,01,5611,23,192.46960813
5333972,1,2,1,70,15,1,3,48,4,,2,3,4,,1,2,1,,,1,,,,,,,,,1,800000,877803,1,2,25,83,83,1,1,01,2511,15,128.10027445
5333973,1,2,1,70,15,1,3,48,1,,2,2,1,,9,2,8,,,,,,,,,,,1,1,2000000,1500000,2,,85,13,13,1,1,01,8544,15,158.92762449
5333974,1,3,1,70,15,1,104,48,1,,2,104,1,,9,2,1,,,,,,,,,,,1,2,,2000000,2,,86,07,07,1,2,01,8621,15,80.198487355
5333975,1,1,1,70,15,1,2,40,2,,2,2,1,,6,1,1,,,,,,,,,,,1,1,2200000,2000000,1,2,69,12,12,1,1,01,6910,15,145.88309956
5333977,1,1,1,70,15,1,104,48,1,,2,104,1,,4,2,1,,,1,,,,,,,,,2,,877803,1,2,42,95,95,1,2,01,4290,15,136.06645687
5333977,1,3,1,70,15,1,24,48,1,,2,24,1,,8,2,4,,,,,,,,,,,1,2,,1500000,2,,46,21,21,1,2,01,4631,15,136.06645687
5333980,1,1,1,70,15,1,40,48,1,,2,40,1,,7,2,1,,,,,,,,,,,1,2,,877803,2,,85,59,59,1,2,01,8544,15,121.06473108
5333984,1,5,1,70,15,1,8,48,1,,2,8,1,,9,2,1,,,,,,,,,,,1,2,,877803,2,,85,03,03,1,1,01,8544,15,72.243122747
5333987,1,1,1,70,66,1,6,48,1,,2,8,1,,7,2,1,,,,,,,,,,,1,2,,877803,2,,85,13,13,1,1,01,8530,66,328.41184818
5333991,1,2,1,70,66,1,10,48,1,,1,,,,,,,,.,,,,,,,,.,,,,877803,,,,84,,1,1,01,.,66,345.0934711
5333993,1,3,1,70,66,1,8,48,1,,2,8,1,,5,2,1,,,,,,,,,,,1,2,,877803,2,,47,45,33,1,1,01,4771,66,298.21998329
5333994,1,2,1,70,66,1,2,50,1,,2,3,1,,9,2,1,,,,,,,,,,,1,2,,877803,2,,82,38,38,1,1,01,8220,66,326.57238707
5333994,1,4,1,70,66,1,3,48,1,,2,364,1,,6,2,1,,,,,,,,,,,1,2,,800000,2,,93,55,58,1,1,01,9329,66,326.57238707
5334004,1,3,1,70,66,1,32,40,1,,2,40,1,,7,2,1,,,,,,,,,,,1,2,,1200000,2,,85,13,13,1,2,01,8530,66,324.97768493
5334015,1,1,1,70,66,1,8,48,4,,2,8,4,,1,2,2,,,,,,,,1,,,,2,,900000,2,,41,95,95,1,1,01,4111,66,211.38964818
5334016,1,3,1,70,66,1,12,48,4,,2,12,4,,1,2,1,,,,,,,,,,,1,2,,900000,2,,49,98,98,1,1,01,4921,66,337.38088678
5334016,1,4,1,70,66,1,24,48,1,,2,24,1,,9,2,1,,,,,,,,,,,1,2,,900000,2,,10,84,84,1,2,01,1071,66,337.38088678
5334020,1,2,1,70,66,1,8,48,4,,2,8,4,,1,2,2,,,,,,,,,,,1,2,,900000,2,,43,93,93,1,1,01,4330,66,341.83988942
5334025,1,4,1,70,66,1,8,60,1,,2,8,1,,6,2,1,,,,,,,,,,,1,2,,900000,2,,46,98,98,1,1,01,4631,66,239.02835885
5334034,1,4,1,70,66,1,24,48,4,,2,24,4,,1,2,1,,,,,,,,,,,1,2,,600000,2,,74,16,16,1,2,01,7420,66,333.53918743
5334038,1,1,1,70,66,1,24,48,1,,2,24,1,,9,2,1,,,1,,,,,,,,,2,,2000000,1,2,86,06,06,1,2,01,8610,66,255.7245463
5334070,1,1,1,70,66,1,52,48,1,,2,8,1,,2,2,6,,,,,,,,,,,1,2,,800000,2,,47,53,45,1,2,01,4771,66,549.17633124
5334075,1,1,1,70,41,1,6,40,4,,2,8,4,,1,2,3,,,,,,,,,,,1,2,,800000,2,,81,55,55,1,1,01,8121,41,176.43102703
5334076,1,2,1,70,41,1,12,40,1,,2,16,1,,9,2,8,,,,,,,,,,,1,2,,1200000,2,,86,55,55,1,1,01,8610,41,168.91416942
5334085,1,1,1,70,44,1,36,45,1,,2,53,1,,9,2,1,,,,,,,,,,,1,2,,888700,2,,86,59,59,1,2,01,8691,44,157.9340003
5334094,1,2,1,70,44,1,4,48,4,,2,12,4,,1,2,1,,,,,,,,,,,1,2,,600000,2,,49,95,98,1,1,01,4921,44,119.29078823
5334095,1,1,1,70,44,1,8,40,4,,2,8,1,,9,2,7,,,,,,,,,,,1,2,,750000,2,,41,95,95,1,1,01,4111,44,77.175209522
5334097,1,1,1,70,44,1,4,48,2,,2,4,1,,9,2,4,,,,,,,,,,,1,1,800000,908526,2,,85,13,13,1,1,01,8530,44,158.10818112
5334097,1,2,1,70,44,1,6,48,2,,2,4,1,,9,2,1,,,,,,,,,,,1,1,1800000,800000,2,,85,13,13,1,1,01,8530,44,158.10818112
5334100,1,2,1,70,44,1,20,45,4,,2,20,4,,2,2,1,,,,,,,,,,,1,2,,877300,2,,47,98,97,1,2,01,4752,44,138.76942783
5334103,1,4,1,70,44,1,3,48,1,,2,104,4,,3,2,1,,,,,,,,,,,1,2,,600000,2,,92,41,33,1,1,01,9200,44,118.12422363
5334104,1,2,1,70,44,1,4,48,4,,2,4,4,,2,2,1,,,,,,,,,,,1,1,500000,900000,2,,45,87,87,1,1,01,4520,44,82.43705325
5334106,1,2,1,70,44,1,14,45,1,,2,14,1,,6,2,1,,,,,,,,,,,1,2,,908526,2,,47,45,45,1,2,01,4771,44,59.639876965
5334106,1,3,1,70,44,1,52,48,1,,2,52,2,,9,2,1,,,,,,,,,,,1,2,,908526,2,,85,39,13,1,2,01,8530,44,59.639876965
5334111,1,1,1,70,44,1,8,40,2,,2,8,4,,9,2,1,,,,,,,,,,,1,1,4000000,1500000,2,,85,13,13,1,1,01,8530,44,59.639876965
5334111,1,3,1,70,44,1,4,40,1,,2,4,1,,7,2,1,,,,,,,,,,,1,1,1900000,1900000,2,,88,13,13,1,1,01,8890,44,59.639876965
5334111,1,4,1,70,44,1,8,40,1,,1,,,,,,,,.,,,,,,,,.,,,,1200000,,,,19,,1,1,01,.,44,59.639876965
5334111,1,5,1,70,44,1,104,40,2,,2,104,4,,9,2,1,,,,,,,,,,,1,2,,1500000,2,,85,13,13,1,2,01,8530,44,59.639876965
5334124,1,2,1,70,44,1,4,40,1,,2,4,4,,2,2,1,,,,,,,,,,,1,1,500000,908526,2,,81,55,55,1,1,01,8129,44,98.07596531
5334130,1,1,1,70,44,1,3,45,4,,2,3,1,,9,2,1,,,,,,,,,,,1,1,888700,888700,2,,85,98,98,1,1,01,8544,44,152.67472279
5334132,1,4,1,70,41,1,48,40,1,,2,48,4,,1,2,1,,,,,,,,,,,1,2,,1400000,2,,56,03,53,1,2,01,5630,41,185.99478634
5334132,1,5,1,70,41,1,16,40,1,,2,16,4,,1,2,4,,,,,,,,,,,1,2,,1200000,2,,47,33,45,1,2,01,4771,41,185.99478634
5334134,1,3,1,70,41,1,48,48,1,,1,,,,,,,,.,,,,,,,,.,,,,1400000,,,,19,,1,2,01,.,41,94.5733231
5334136,1,1,1,70,41,1,16,40,1,,2,16,1,,5,2,2,,,,,,,,,,,1,2,,1400000,2,,85,13,13,1,2,01,8530,41,145.41086851
5334136,1,4,1,70,41,1,40,40,1,,2,40,1,,9,2,1,,,,,,,,,,,1,2,,1800000,2,,42,02,02,1,2,01,4290,41,145.41086851
5334137,1,2,1,70,41,1,8,40,1,,2,8,1,,9,2,2,,,,,,,,,,,1,2,,1500000,2,,09,02,02,1,1,01,0910,41,205.69526609
5334140,1,2,1,70,41,1,50,40,1,,2,50,4,,1,2,1,,,,,,,,,,,1,2,,1800000,2,,56,11,53,1,2,01,5630,41,180.51644922
5334142,1,2,1,70,23,1,20,48,1,,2,20,1,,4,2,2,,,,,,,,,,,1,2,,877803,2,,47,45,40,1,2,01,4773,23,171.70368213
5334142,1,3,1,70,23,1,24,48,1,,1,,,,,,,,.,,,,,,,,.,,,,800000,,,,45,,1,2,01,.,23,171.70368213
5334145,1,2,1,70,23,1,32,48,3,,2,32,3,,1,2,1,,,,,,,,,,,1,2,,500000,2,,97,54,54,1,2,01,9700,23,147.25804899
5334145,1,3,1,70,23,1,20,48,1,,2,24,1,,4,2,1,,,,,,,,,,,1,2,,877803,2,,56,77,77,1,2,01,5619,23,147.25804899
5334147,1,1,1,70,23,1,40,48,1,,2,40,1,,6,2,1,,,,,,,,,,,1,2,,877803,2,,85,55,55,1,2,01,8530,23,187.78749498
5334149,1,2,1,70,41,1,52,48,1,,2,54,1,,9,2,1,,,,,,,,,,,1,2,,1200000,2,,09,03,03,1,2,01,0910,41,154.84115423
5334151,1,1,1,70,41,1,24,48,1,,2,28,1,,3,2,1,,,,,,,,,,,1,1,150000,1000000,2,,96,57,57,1,2,01,9602,41,197.60917185
5334153,1,8,1,70,11,1,32,48,3,,2,32,3,,1,2,8,,,,,,,,,,,1,2,,877803,2,,97,54,54,1,2,01,9700,11,5815.1945379
5334156,1,2,1,70,11,1,36,48,1,,2,36,1,,8,2,1,,,,,,,,,,,1,2,,877803,2,,41,95,95,1,2,01,4112,11,4289.6075845
5334158,1,2,1,70,11,1,36,48,1,,2,36,4,,9,2,2,,,,,,,,,,,1,2,,877803,2,,84,12,12,1,2,01,8412,11,5541.5575393
5334160,1,3,1,70,11,1,36,40,1,,2,36,3,,1,2,2,,,,,,,,,,,1,2,,877803,2,,97,39,54,1,2,01,9700,11,2284.2378168
5334162,1,1,1,70,11,1,24,48,1,,2,24,1,,3,2,2,,,,,,,,,,,1,2,,800000,2,,10,53,45,1,2,01,1081,11,4709.3400522
5334167,1,1,1,70,23,1,2,48,1,,2,46,1,,3,2,1,,,,,,,,,,,1,2,,500000,2,,41,95,95,1,1,01,4111,23,151.2762609
5334176,1,7,1,70,23,1,3,48,1,,2,3,1,,3,2,1,,,,,,,,,,,1,1,800000,800000,2,,41,95,95,1,1,01,4111,23,185.58105885
5334179,1,2,1,70,23,1,7,48,1,,2,7,1,,2,2,1,,,,,,,,,,,1,2,,650000,2,,41,95,95,1,1,01,4111,23,167.68547022
5334184,1,6,1,70,73,1,12,48,1,,2,12,1,,2,2,1,,,,,,,,,,,1,2,,900000,2,,47,53,45,1,1,01,4711,73,413.2944904
5334193,1,2,1,70,18,1,4,48,1,,2,4,1,,5,2,1,,,,,,,,,,,1,2,,1100000,2,,85,13,13,1,1,01,8513,18,47.545744021
5334204,1,2,1,70,18,1,42,48,1,,2,42,1,,9,2,1,,,,,,,,,,,1,2,,1000000,2,,80,58,58,1,2,01,8010,18,103.92524059
5334209,1,3,1,70,18,1,48,48,1,,2,40,1,,9,2,1,,,,,,,,,,,1,2,,1000000,2,,49,39,39,1,2,01,4923,18,110.908935
5334210,1,2,1,70,18,1,40,48,1,,2,40,1,,5,2,1,,,,,,,,,,,1,2,,1200000,2,,81,32,32,1,2,01,8129,18,78.17289669
5334214,1,1,1,70,18,1,56,48,1,,2,56,1,,9,2,1,,,,,,,,,,,1,2,,900000,2,,81,55,55,1,2,01,8121,18,84.69523473
5334216,1,1,1,70,18,1,8,48,1,,2,8,4,,1,2,1,,,,,,,,,,,1,2,,1000000,2,,47,58,45,1,1,01,4792,18,117.43127304
5334221,1,1,1,70,18,1,16,48,4,,2,16,4,,1,2,1,,,,,,,,,,,1,2,,900000,2,,49,98,98,1,2,01,4921,18,75.037908402
5334223,1,3,1,70,73,1,4,50,1,,2,4,1,,2,2,2,,,,,,,,,,,1,1,99,950000,2,,47,45,45,1,1,01,4711,73,356.56898968
5334226,1,2,1,70,73,1,48,50,4,,2,48,4,,9,2,3,,,,,,,,,,,1,2,,2000000,2,,88,19,19,1,2,01,8890,73,160.37791066
5334230,1,3,1,70,73,1,32,50,1,,2,32,1,,2,2,1,,,,,,,,,,,1,2,,900000,2,,47,33,45,1,2,01,4772,73,210.84805634
5334232,1,3,1,70,73,1,32,50,1,,2,32,1,,2,2,1,,,,,,,,,,,1,2,,900000,2,,56,53,53,1,2,01,5611,73,228.63851307
5334234,1,2,1,70,15,1,40,40,1,,2,40,1,,9,1,2,,,,,,,,,,,1,2,,1200000,2,,86,59,59,1,2,01,8621,15,142.07543842
5334236,1,2,1,70,15,1,24,40,1,,2,24,1,,2,2,2,,,,,,,,,,,1,2,,877803,2,,56,45,53,1,2,01,5611,15,87.540643998
5334239,1,1,1,70,15,1,8,40,3,,2,8,4,,1,2,1,,,,,,,,,,,1,2,,877803,2,,81,54,54,1,1,01,8121,15,150.03080303
5334241,1,5,1,70,15,1,3,40,1,,2,4,4,,9,2,3,,,,,1,,,,,,,1,2200000,877803,2,,84,98,98,1,1,01,8412,15,142.01227432
5334244,1,1,1,70,15,1,28,40,1,,2,28,1,,7,1,1,,,,,,,,,,,1,2,,3000000,2,,69,11,11,1,2,01,6920,15,158.92762449
5334244,1,2,1,70,15,1,16,40,2,,2,16,1,,9,2,2,,,,,,,,,,,1,2,,877803,2,,86,32,44,1,2,01,8621,15,158.92762449
5334253,1,4,1,70,05,1,36,48,1,,2,40,4,,1,2,3,,,,,,,,,,,1,2,,1200000,2,,93,18,18,1,2,01,9319,05,1226.7129172
5334267,1,1,1,70,05,1,30,48,1,,2,30,1,,9,2,1,,,,,,,,,,,1,2,,1800000,2,,42,70,70,1,2,01,4210,05,1392.9501569
5334267,1,2,1,70,05,1,52,40,3,,2,104,3,,1,2,1,,,,,,,,,,,1,2,,877000,2,,97,54,54,1,2,01,9700,05,1392.9501569
5334268,1,4,1,70,05,1,3,48,1,,1,,,,,,,,.,,,,,,,,.,,,,877000,,,,45,,1,1,01,.,05,1088.178359
5334269,1,2,1,70,05,1,76,55,1,,2,76,1,,3,2,6,,,,,,,,,,,1,2,,877000,2,,25,95,87,1,2,01,2511,05,1139.6169944
5334269,1,3,1,70,05,1,12,48,1,,2,12,1,,9,2,1,,,,,,,,,,,1,2,,877000,2,,56,53,33,1,1,01,5619,05,1139.6169944
5334278,1,1,1,70,05,1,28,48,1,,2,51,4,,1,2,1,,,,,,,,,,,1,2,,877000,2,,47,54,45,1,2,01,4771,05,1345.7587549
5334278,1,2,1,70,05,1,16,24,4,,2,104,1,,6,2,2,,,,,,,,,,,1,2,,400000,2,,56,03,53,1,2,01,5630,05,1345.7587549
5334280,1,1,1,70,23,1,37,48,1,,2,40,1,,9,2,1,,,,,,,,,,,1,2,,908526,2,,47,97,97,1,2,01,4719,23,189.74523499
5334281,1,4,1,70,23,1,29,48,1,,2,29,1,,8,2,1,,,,,,,,,,,1,2,,1000000,2,,56,11,11,1,2,01,5611,23,200.20281955
5334282,1,3,1,70,23,1,42,48,1,,2,48,2,,9,2,1,,,,,,,,,,,1,2,,1400000,2,,84,19,19,1,2,01,8413,23,141.499663
5334286,1,1,1,70,23,1,7,48,1,,2,8,1,,9,2,3,,,,,,,,,,,1,2,,908526,2,,88,54,54,1,1,01,8890,23,178.86317667
5334290,1,1,1,70,17,1,36,48,1,,2,36,5,,2,2,1,,,,,,,,,,,1,2,,900000,2,,49,98,98,1,2,01,4921,17,194.57632687
5334290,1,2,1,70,17,1,98,98,1,,2,98,1,,9,2,2,,,,,,,,,,,1,2,,900000,2,,92,79,45,1,2,01,9200,17,194.57632687
5334313,1,3,1,70,05,1,2,48,1,,2,2,1,,6,2,1,,,,,,,,,,,1,1,1100000,877803,2,,49,97,97,1,1,01,4923,05,1196.4335999
5334316,1,4,1,70,05,1,16,48,1,,2,12,1,,9,2,1,,,,,,,,,,,1,2,,1000000,2,,82,38,38,1,2,01,8220,05,797.85486004
5334317,1,1,1,70,05,1,28,48,1,,2,28,3,,1,2,1,,,,,,,,,,,1,2,,877803,2,,97,55,54,1,2,01,9700,05,1284.1621123
5334317,1,3,1,70,05,1,16,48,1,,2,20,1,,7,2,1,,,,,,,,,,,1,2,,877803,2,,79,45,44,1,2,01,7911,05,1284.1621123
5334318,2,1,2,70,05,1,14,48,1,,2,14,1,,9,2,1,,,,,,,,,,,1,2,,1000000,2,,47,39,45,1,2,01,4711,05,979.84889848
5334320,1,2,1,70,05,1,12,48,4,,2,12,4,,1,2,2,,,,,,,,,,,1,2,,1200000,2,,49,98,98,1,1,01,4921,05,1127.0126937
5334320,1,3,1,70,05,1,2,48,1,,2,2,1,,9,2,3,,,,,,,,,,,1,1,3000000,2000000,2,,94,19,19,1,1,01,9491,05,1127.0126937
5334324,1,3,1,70,05,1,36,48,1,,2,36,1,,9,2,7,,,,,,,,,,,1,2,,1200000,2,,49,99,36,1,2,01,4921,05,1189.1467186
5334337,1,2,1,70,50,1,40,48,1,,2,40,1,,2,2,4,,,,,,,,,,,1,2,,1000000,2,,88,32,54,1,2,01,8890,50,284.75259289
5334343,1,3,1,70,50,1,40,48,1,,2,10,1,,3,2,4,,,,,,,,,,,1,2,,900000,2,,55,39,39,1,2,01,5511,50,321.60768541
5334344,1,1,1,70,50,1,40,48,3,,2,10,3,,1,2,1,,,,,,,,,,,1,2,,800000,2,,97,54,54,1,2,01,9700,50,283.82059581
5334353,1,1,1,70,41,1,3,24,3,,2,3,3,,1,2,1,,,,,,,,,,,1,1,100000,877000,2,,97,54,54,1,1,01,9700,41,177.28450412
5334353,1,2,1,70,41,1,3,48,4,,2,3,5,,2,2,1,,,,,,,,,,,1,1,500000,877000,2,,41,95,95,1,1,01,4111,41,177.28450412
5334353,1,4,1,70,41,1,4,48,1,,2,4,4,,9,2,2,,,,,,,,,,,1,2,,877000,2,,84,32,32,1,1,01,8424,41,177.28450412
5334354,1,1,1,70,41,1,48,48,1,,2,48,1,,3,2,1,,,,,,,,,,,1,2,,877000,2,,56,53,53,1,2,01,5611,41,188.89888963
5334354,1,2,1,70,41,1,4,48,1,,2,4,1,,3,2,1,,,,,,,,,,,1,1,740000,877000,2,,41,95,95,1,1,01,4111,41,188.89888963
5334355,1,1,1,70,41,1,3,48,1,,2,3,4,,1,2,1,,,,,,,,,,,1,1,160000,877000,2,,81,55,55,1,1,01,8121,41,192.40536462
5334357,1,3,1,70,41,1,48,48,1,,1,,,,,,,,.,,,,,,,,.,,,,877000,,,,32,,1,2,01,.,41,130.92754242
5334359,1,2,1,70,41,1,48,48,4,,2,48,4,,1,2,1,,,,,,,,,,,1,2,,877000,2,,46,44,44,1,2,01,4653,41,184.3920289
5334360,1,1,1,70,41,1,8,48,3,,2,8,1,,8,2,7,,,,,,,,,,,1,2,,877000,2,,85,55,55,1,1,01,8530,41,219.35813046
5334360,1,2,1,70,41,1,8,48,1,,2,8,4,,1,2,7,,,,,,,,,,,1,2,,877000,2,,41,95,95,1,1,01,4111,41,219.35813046
5334361,1,4,1,70,41,1,4,48,3,,2,192,3,,1,2,2,,,,,,,,,,,1,2,,877000,2,,97,54,54,1,1,01,9700,41,101.2380066
5334362,1,1,1,70,41,1,96,48,1,,2,96,1,,9,2,1,,,,,,,,,,,1,2,,877000,2,,80,59,58,1,2,01,8010,41,136.27528953
5334364,1,1,1,70,41,1,10,24,4,,2,12,1,,2,2,7,,,,,,,,,,,1,2,,877000,2,,82,33,39,1,1,01,8299,41,197.68193037
5334364,1,2,1,70,41,1,8,48,1,,2,10,1,,5,2,7,,,,,,,,,,,1,2,,877000,2,,53,97,97,1,1,01,5320,41,197.68193037
5334365,1,1,1,70,41,1,12,48,4,,2,12,4,,1,2,1,,,,,,,,,,,1,2,,877000,2,,43,93,93,1,1,01,4330,41,200.41870034
5334369,1,1,1,70,41,1,48,48,1,,2,48,1,,7,2,1,,,,,,,,,,,1,2,,877000,2,,09,98,03,1,2,01,0910,41,176.92750514
5334370,1,2,1,70,73,1,6,48,1,,2,6,1,,4,2,1,,,,,,,,,,,1,1,500000,1600000,2,,41,95,95,1,1,01,4111,73,408.02429583
5334372,1,2,1,70,73,1,5,50,1,,2,2,6,,2,2,1,,,,,,,,,,,1,2,,1000000,2,,52,45,58,1,1,01,5221,73,291.23946912
5334372,1,3,1,70,73,1,2,44,1,,1,,,,,,,,.,,,,,,,,.,,,,900000,,,,53,,1,1,01,.,73,291.23946912
5334373,1,2,1,70,41,1,48,48,1,,2,48,4,,1,2,2,,,,,,,,,,,1,2,,877000,2,,47,45,41,1,2,01,4759,41,102.58665882
5334376,1,1,1,70,41,1,48,48,3,,2,48,4,,1,2,1,,,,,,,,,,,1,2,,877000,2,,81,56,55,1,2,01,8121,41,166.03312313
5334377,1,3,1,70,73,1,2,40,4,,2,5,4,,9,2,1,,,1,,,,,,,,,1,3000000,3000000,1,1,85,13,13,1,1,01,8551,73,199.43773446
5334381,1,1,1,70,50,1,52,48,1,,2,2,4,,1,2,1,,,,,,,,,,,1,1,700000,900000,2,,49,37,98,1,2,01,4921,50,325.47132375
5334382,1,1,1,70,15,1,3,40,2,,2,4,4,,9,2,1,,,,1,,,,,,,,1,5500000,3000000,1,2,85,13,19,1,1,01,8544,15,134.71267945
5334382,1,4,1,70,15,1,2,40,1,,2,4,4,,1,2,2,,,,,,,,,,,1,2,,1000000,2,,59,21,16,1,1,01,5911,15,134.71267945
5334383,1,5,1,70,15,1,8,40,1,,2,8,1,,9,2,1,,,,,,,,,,,1,2,,1000000,2,,47,45,45,1,1,01,4711,15,64.081719279
5334387,1,1,1,70,15,1,36,48,1,,2,36,4,,1,2,1,,,,,,,,,,,1,2,,1000000,2,,41,95,95,1,2,01,4111,15,88.894421425
5334387,1,2,1,70,15,1,36,40,1,,2,40,4,,1,2,2,,,,,,,,,,,1,2,,1000000,2,,14,79,79,1,2,01,1410,15,88.894421425
5334389,1,3,1,70,15,1,8,40,1,,2,8,1,,2,2,1,,,,,,,,,,,1,2,,1000000,2,,47,45,45,1,1,01,4771,15,118.79113242
5334396,1,1,1,70,15,1,8,40,1,,2,8,4,,1,2,1,,,,,,,,,,,1,2,,1000000,2,,41,95,95,1,1,01,4111,15,148.03923112
5334396,1,2,1,70,15,1,10,40,1,,2,10,1,,4,2,1,,,,,,,,,,,1,2,,2500000,2,,43,02,02,1,1,01,4321,15,148.03923112
5334399,1,4,1,70,05,1,2,48,1,,2,3,1,,3,2,1,,,,,,,,,,,1,1,450000,877803,2,,47,45,45,1,1,01,4772,05,1520.6262486
5334399,1,6,1,70,05,1,2,48,4,,2,6,4,,1,2,1,,,,,,,,,,,1,2,,877803,2,,14,79,79,1,1,01,1410,05,1520.6262486
5334409,1,1,1,70,23,1,24,48,1,,2,26,4,,1,2,2,,,,,,,,,,,1,2,,1500000,2,,69,12,12,1,2,01,6910,23,176.84651796
5334409,1,2,1,70,23,1,32,48,1,,2,36,1,,9,2,1,,,,,,,,,,,1,2,,2000000,2,,86,19,19,1,2,01,8610,23,176.84651796
5334411,1,1,1,70,23,1,20,48,3,,2,25,3,,1,2,1,,,,,,,,,,,1,2,,800000,2,,97,54,54,1,2,01,9700,23,180.05428356
5334412,1,3,1,70,23,1,30,50,1,,2,32,1,,3,2,1,,,,,,,,,,,1,2,,700000,2,,41,95,95,1,2,01,4111,23,145.09682512
5334419,1,1,1,70,05,1,3,48,1,,2,3,1,,6,2,9,POR COBERTURA,,1,,,,,,,,,1,1500000,877000,1,1,42,95,95,1,1,01,4290,05,1785.7600386
5334425,1,1,1,70,66,1,26,48,1,,2,26,1,,2,2,1,,,,,,,,,,,1,2,,1000000,2,,41,95,95,1,2,01,4111,66,363.36360899
5334427,1,1,1,70,66,1,16,38,1,,2,16,1,,3,2,1,,,,,,,,,,,1,2,,900000,2,,41,95,95,1,2,01,4111,66,351.59047004
5334427,1,2,1,70,66,1,28,48,1,,2,12,1,,9,2,1,,,,,,,,,,,1,2,,1000000,2,,82,38,38,1,2,01,8220,66,351.59047004
5334432,1,3,1,70,66,1,4,40,1,,2,14,4,,1,2,1,,,,,,,,,,,1,2,,900000,2,,85,13,13,1,1,01,8559,66,258.46188389
5334433,1,3,1,70,66,1,16,48,1,,2,20,1,,9,2,1,,,,,,,,,,,1,2,,1800000,2,,82,30,30,1,2,01,8220,66,278.90316816
5334438,1,3,1,70,66,1,2,48,1,,2,4,1,,9,2,1,,,1,,,,,,,,,1,900000,900000,1,1,82,38,38,1,1,01,8220,66,310.36056557
5334440,1,2,1,70,66,1,24,24,4,,2,40,4,,3,2,2,,,,,,,,,,,1,2,,400000,2,,90,13,17,1,2,01,9007,66,311.46492732
5334442,1,1,1,70,66,1,28,48,4,,2,40,4,,1,2,2,,,,,,,,,,,1,2,,800000,2,,47,55,41,1,2,01,4759,66,426.68593991
5334442,1,4,1,70,66,1,20,48,1,,2,30,1,,3,2,1,,,,,,,,,,,1,2,,800000,2,,56,53,53,1,2,01,5611,66,426.68593991
5334453,1,2,1,70,66,1,2,48,1,,2,2,1,,7,2,1,,,,,,,,,,,1,1,877803,877803,2,,85,55,55,1,1,01,8512,66,330.80184983
5334462,1,4,1,70,44,1,90,48,1,,2,240,4,,9,2,1,,,,,,,,,,,1,2,,950000,2,,84,39,36,1,2,01,8412,44,59.639876965
5334474,1,2,1,70,44,1,40,48,1,,2,480,3,,1,2,1,,,,,,,,,,,1,2,,600000,2,,97,55,54,1,2,01,9700,44,59.639876965
5334474,1,3,1,70,44,1,96,48,1,,2,240,1,,2,2,1,,,,,,,,,,,1,2,,800000,2,,47,55,45,1,2,01,4771,44,59.639876965
5334491,1,3,1,70,66,1,12,48,1,,2,12,1,,4,2,1,,,,,,,,,,,1,2,,877803,2,,47,45,45,1,1,01,4771,66,542.97594528
5334492,1,1,1,70,66,1,50,42,1,,2,50,1,,6,2,6,,,,,,,,,,,1,2,,1200000,2,,43,85,85,1,2,01,4321,66,615.24645594
5334493,1,3,1,70,66,1,4,48,1,,2,4,4,,1,2,2,,,,,,,,,,,1,1,500000,877803,2,,86,59,59,1,1,01,8699,66,595.54317627
5334503,1,3,1,70,44,1,8,48,1,,2,48,4,,2,2,1,,,,,,,,,,,1,2,,950000,2,,41,77,95,1,1,01,4112,44,190.76952543
5334504,1,1,1,70,44,1,24,48,1,,2,28,4,,1,2,2,,,,,,,,,,,1,1,2000000,850900,2,,47,98,41,1,2,01,4771,44,77.175209522
5334509,1,2,1,70,44,1,12,48,1,,2,12,3,,1,2,1,,,,,,,,,,,1,2,,800000,2,,97,98,98,1,1,01,9700,44,97.766064764
5334512,1,1,1,70,17,1,36,48,1,,2,40,1,,9,2,1,,,,,,,,,,,1,2,,877803,2,,10,45,55,1,2,01,1040,17,197.8654413
5334512,1,3,1,70,17,1,48,48,1,,1,,,,,,,,.,,,,,,,,.,,,,877802,,,,95,,1,2,01,.,17,197.8654413
5334527,1,2,1,70,52,1,72,48,1,,2,72,1,,9,2,2,,,,,,,,,,,1,2,,877803,2,,86,45,32,1,2,01,8610,52,174.44837472
5334529,1,1,1,70,52,1,12,48,1,,2,12,4,,2,2,1,,,,,,,,,,,1,2,,877803,2,,41,45,95,1,1,01,4111,52,221.81871414
5334530,1,4,1,70,52,1,8,48,1,,2,2,1,,2,2,4,,,,,,,,,,,1,2,,877803,2,,47,53,97,1,1,01,4723,52,241.36444136
5334531,1,2,1,70,52,1,2,24,3,,2,2,1,,2,2,1,,,,,,,,,,,1,1,200000,250000,2,,47,54,97,1,1,01,4771,52,293.65829656
5334538,1,6,1,70,50,1,50,48,3,,2,50,3,,2,2,4,,,,,,,,,,,1,2,,1200000,2,,97,98,98,1,2,01,9700,50,159.22285528
5334551,1,1,1,70,50,1,8,48,4,,2,10,4,,1,2,1,,,,,,,,,,,1,1,2000000,900000,2,,41,95,95,1,1,01,4111,50,203.79242103
5334551,1,4,1,70,50,1,8,48,4,,2,20,1,,3,2,1,,,,,,,,,,,1,2,,950000,2,,96,57,57,1,1,01,9602,50,203.79242103
5334561,1,1,1,70,11,1,1,48,1,,2,3,1,,9,2,4,,,,,,,,,,,1,1,1100000,908526,2,,41,95,95,1,1,01,4111,11,3154.7599666
5334561,1,2,1,70,11,1,24,48,1,,2,40,1,,3,2,1,,,,,,,,,,,1,2,,908526,2,,56,53,53,1,2,01,5611,11,3154.7599666
5334562,1,4,1,70,11,1,3,48,1,,2,3,4,,1,2,2,,,,,,,,,,,1,1,800000,908526,2,,41,97,95,1,1,01,4111,11,4158.2687445
5334567,1,3,1,70,11,1,52,48,1,,2,20,1,,9,2,1,,,,,,,,,,,1,2,,877803,2,,53,39,39,1,2,01,5320,11,2365.5568343
5334571,1,1,1,70,11,1,1,24,1,,2,28,1,,4,2,2,,,1,,,,,,,,,2,,1000000,1,1,73,21,21,1,1,01,7310,11,3617.5727188
5334572,1,2,1,70,11,1,6,48,1,,2,42,1,,9,2,2,,,,,,,,,,,1,1,930000,908526,2,,85,38,36,1,1,01,8530,11,3536.1877716
5334574,1,1,1,70,11,1,2,48,1,,2,2,1,,9,2,1,,,,,,,,,,,1,1,877803,908526,2,,43,85,85,1,1,01,4321,11,2254.4995337
5334574,1,3,1,70,11,1,2,30,1,,2,48,1,,9,2,2,,,,,,,,,,,1,2,,240000,2,,56,45,45,1,1,01,5613,11,2254.4995337
5334577,1,1,1,70,11,1,2,48,1,,2,2,1,,9,2,1,,,1,,,,,,,,,1,877803,908526,1,1,14,45,45,1,1,01,1410,11,4547.2098681
5334593,1,1,1,70,23,1,26,48,1,,2,30,4,,1,2,1,,,,,,,,,,,1,2,,877803,2,,45,84,84,1,2,01,4542,23,192.46960813
5334596,1,1,1,70,23,1,28,48,1,,2,30,1,,9,2,1,,,,,,,,,,,1,2,,3500000,2,,86,08,08,1,2,01,8621,23,171.80443411
5334620,1,2,1,70,17,1,24,48,3,,2,32,3,,1,2,2,,,,,,,,,,,1,2,,877802,2,,97,54,54,1,2,01,9700,17,172.26840829
5334620,1,3,1,70,17,1,28,48,1,,2,104,1,,9,2,1,,,,,,,,,,,1,2,,877802,2,,10,45,45,1,2,01,1089,17,172.26840829
5334631,1,2,1,70,41,1,96,48,1,,2,96,1,,8,2,1,,,,,,,,,,,1,2,,877000,2,,87,32,32,1,2,01,8720,41,137.46583057
5334648,1,1,1,70,52,1,54,40,1,,2,54,1,,9,2,1,,,,,,,,,,,1,2,,877803,2,,47,55,55,1,2,01,4711,52,299.83290081
5334648,1,5,1,70,52,1,2,56,4,,2,2,1,,2,2,6,,,,,,,,,,,1,1,500000,400000,2,,25,98,83,1,1,01,2511,52,299.83290081
5334653,1,2,1,70,52,1,32,28,1,,2,32,1,,3,2,1,,,,,,,,,,,1,2,,600000,2,,45,99,99,1,2,01,4520,52,328.91932169
5334661,1,2,1,70,73,1,28,48,1,,2,28,1,,4,2,1,,,1,,,,,,,,,2,,1500000,1,1,79,39,39,1,2,01,7911,73,365.74940527
5334668,1,1,1,70,73,1,40,24,1,,2,80,1,,5,2,2,,,,,,,,,,,1,2,,1200000,2,,88,13,13,1,2,01,8890,73,282.79767447
5334669,1,4,1,70,73,1,40,50,1,,2,40,1,,3,2,1,,,,,,,,,,,1,2,,877803,2,,56,55,53,1,2,01,5611,73,257.14060529
5334677,1,1,1,70,23,1,24,48,1,,2,32,2,,9,2,2,,,,,,,,,,,1,2,,877803,2,,84,30,31,1,2,01,8412,23,169.84669409
5334680,1,1,1,70,54,1,2,48,4,,2,1,1,,9,2,4,,,1,,,,,,,,,2,,1000000,1,1,85,98,39,1,1,01,8544,54,419.4757464
5334683,1,1,1,70,54,1,4,48,4,,2,4,4,,1,2,3,,,,,,,,,,,1,2,,1000000,2,,15,80,80,1,1,01,1522,54,339.2158852
5334687,1,3,1,70,54,1,12,20,4,,2,144,1,,2,2,1,,,,,,,,,,,1,2,,500000,2,,47,16,45,1,1,01,4773,54,323.52077719
5334692,1,7,1,70,54,1,4,70,1,,2,4,1,,3,2,4,,,,,,,,,,,1,2,,1100000,2,,47,45,45,1,1,01,4772,54,359.74248537
5334692,2,1,2,70,54,1,6,60,4,,2,6,4,,1,2,3,,,,,,,,,,,1,2,,800000,2,,96,57,57,1,1,01,9602,54,359.74248537
5334699,1,1,1,70,63,1,24,48,4,,2,36,3,,1,2,2,,,,,,,,,,,1,2,,900000,2,,97,54,54,1,2,01,9700,63,96.383286644
5334712,1,3,1,70,63,1,48,48,1,,2,72,1,,4,2,4,,,,,,,,,,,1,2,,877803,2,,96,95,59,1,2,01,9609,63,163.89016498
5334712,1,4,1,70,63,1,12,48,1,,2,56,4,,9,2,4,,,,,,,,,,,1,2,,877803,2,,84,58,58,1,1,01,8412,63,163.89016498
5334722,1,4,1,70,44,1,8,48,1,,1,,,,,,,,.,,,,,,,,.,,,,1000000,,,,02,,1,1,01,.,44,80.098111529
5334723,1,3,1,70,44,1,8,48,2,,2,8,4,,9,2,1,,,,,,,,,,,1,2,,1500000,2,,84,21,21,1,1,01,8412,44,59.639876965
5334724,1,2,1,70,44,1,24,48,1,,2,104,4,,7,2,1,,,,,,,,,,,1,2,,1300000,2,,94,19,19,1,2,01,9499,44,117.72878573
5334726,1,1,1,70,44,1,78,48,1,,2,78,1,,5,2,1,,,,,,,,,,,1,2,,954000,2,,47,39,39,1,2,01,4721,44,59.639876965
5334732,1,1,1,70,44,1,6,48,4,,2,4,4,,3,2,8,,,,,,,,,,,1,1,800000,900000,2,,41,95,95,1,1,01,4111,44,142.77916961
5334733,1,2,1,70,44,1,8,48,2,,2,8,4,,9,2,1,,,,,,,,,,,1,2,,1500000,2,,85,11,11,1,1,01,8551,44,59.639876965
5334742,1,2,1,70,05,1,60,48,1,,2,60,1,,4,2,1,,,,,,,,,,,1,2,,950000,2,,47,33,33,1,2,01,4711,05,1413.3734977
5334745,1,2,1,70,05,1,56,48,1,,2,56,1,,9,2,2,,,,,,,,,,,1,2,,908000,2,,11,55,97,1,2,01,1103,05,1259.9713318
5334745,1,4,1,70,05,1,5,48,1,,2,5,1,,9,2,1,,,,,,,,,,,1,1,400000,908000,2,,14,38,97,1,1,01,1410,05,1259.9713318
5334748,1,2,1,70,05,1,28,48,1,,2,28,1,,4,2,1,,,,,,,,,,,1,2,,908000,2,,56,53,53,1,2,01,5611,05,1527.2942092
5334750,1,3,1,70,05,1,8,48,1,,2,13,1,,2,2,4,,,,,,,,,,,1,2,,2000000,2,,69,12,12,1,1,01,6910,05,1237.9696387
5334750,1,4,1,70,05,1,16,48,1,,2,32,1,,2,2,2,,,,,,,,,,,1,2,,908000,2,,69,45,32,1,2,01,6910,05,1237.9696387
5334751,1,1,1,70,05,1,16,48,1,,2,52,1,,5,2,1,,,,,,,,,,,1,2,,1000000,2,,56,53,53,1,2,01,5611,05,1268.8283798
5334751,1,2,1,70,05,1,24,48,1,,2,11,1,,9,2,1,,,,,,,,,,,1,2,,1000000,2,,43,45,33,1,2,01,4322,05,1268.8283798
5334755,1,2,1,70,05,1,104,48,1,,2,104,1,,4,2,1,,,,,,,,,,,1,2,,830000,2,,46,59,97,1,2,01,4631,05,929.95579236
5334756,1,4,1,70,05,1,32,48,1,,2,32,4,,9,2,1,,,,,,,,,,,1,2,,900000,2,,56,55,55,1,2,01,5629,05,1321.6110329
5334757,1,1,1,70,05,1,12,48,1,,2,12,1,,8,2,8,,,,,,,,,,,1,2,,900000,2,,77,95,97,1,1,01,7730,05,1268.8283798
5334757,1,2,1,70,05,1,1,48,1,,2,1,1,,2,2,1,,,,,,,,,,,1,2,,900000,2,,14,79,79,1,1,01,1410,05,1268.8283798
5334758,1,5,1,70,05,1,2,48,1,,2,1,1,,7,2,1,,,,,,,,,,,1,2,,900000,2,,41,95,95,1,1,01,4112,05,1604.807987
5334762,1,2,1,70,05,1,40,48,4,,2,99,3,,1,2,2,,,,,,,,,,,1,2,,900000,2,,97,54,54,1,2,01,9700,05,1368.5286033
5334763,2,1,2,70,05,1,40,48,3,,2,40,3,,1,2,1,,,,,,,,,,,1,2,,878000,2,,97,54,54,1,2,01,9700,05,1605.760895
5334765,1,4,1,70,05,1,8,48,1,,2,8,1,,3,2,1,,,,,,,,,,,1,2,,900000,2,,13,92,92,1,1,01,1313,05,1176.5854764
5334765,1,5,1,70,05,1,4,48,1,,2,4,1,,9,2,1,,,,,,,,,,,1,2,,1300000,2,,23,03,03,1,1,01,2392,05,1176.5854764
5334768,1,1,1,70,05,1,32,48,1,,2,24,4,,1,2,1,,,1,,,,,,,,,2,,900000,2,,41,95,95,1,2,01,4112,05,1415.7200054
5334768,1,4,1,70,05,1,4,48,1,,2,4,1,,9,2,1,,,,,,,,,,,1,1,920000,890000,2,,33,84,84,1,1,01,3312,05,1415.7200054
5334772,1,1,1,70,05,1,4,48,1,,2,8,3,,1,2,1,,,,,,,,,,,1,2,,878000,2,,97,39,54,1,1,01,9700,05,1323.2984777
5334780,1,1,1,70,66,1,2,48,1,,2,2,1,,3,2,1,,,,,,,,,,,1,1,1000000,877803,2,,41,95,95,1,1,01,4111,66,427.59155376
5334795,1,1,1,70,68,1,20,48,3,,2,20,3,,1,2,7,,,,,,,,,,,1,2,,1000000,2,,97,59,54,1,2,01,9700,68,319.59371228
5334801,1,3,1,70,23,1,48,48,1,,2,48,1,,5,2,1,,,,,,,,,,,1,2,,877803,2,,47,55,55,1,2,01,4754,23,154.94069119
5334804,1,1,1,70,23,1,48,48,1,,1,,,,,,,,.,,,,,,,,.,,,,877803,,,,45,,1,2,01,.,23,183.71036437
5334806,1,3,1,70,18,1,2,40,1,,2,49,1,,2,2,1,,,,,,,,,,,1,2,,700000,2,,47,45,45,1,1,01,4771,18,106.32043217
5334812,1,1,1,70,18,1,1,40,1,,2,6,4,,1,2,1,,,,,,,,,,,1,2,,1200000,2,,14,13,79,1,1,01,1410,18,116.54810107
5334817,1,3,1,70,18,1,3,40,1,,1,,,,,,,,.,,,,,,,,.,,,,1000000,,,,59,,1,1,01,.,18,75.037908402
5334818,1,1,1,70,18,1,20,40,1,,2,48,1,,4,2,4,,,,,,,,,,,1,2,,1000000,2,,33,98,98,1,2,01,3312,18,88.354368682
5334829,1,1,1,70,52,1,8,48,1,,2,8,1,,3,2,1,,,,,,,,,,,1,2,,877803,3,,41,95,95,1,1,01,4111,52,238.75362993
5334829,1,2,1,70,52,1,4,48,1,,2,4,1,,3,2,1,,,,,,,,,,,1,2,,877803,2,,56,58,97,1,1,01,5611,52,238.75362993
5334830,1,3,1,70,52,1,8,48,1,,2,8,1,,4,2,1,,,,,,,,,,,1,2,,877803,2,,94,39,99,1,1,01,9499,52,220.7628474
5334834,1,1,1,70,11,1,4,48,1,,2,4,1,,8,2,8,,,,,,,,,,,1,2,,1100000,2,,41,95,95,1,1,01,4111,11,3728.6300194
5334839,1,1,1,70,11,1,78,48,1,,2,4,3,,1,1,1,,,,,,,,,,,1,2,,877000,2,,97,33,54,1,2,01,9700,11,2937.6628058
5334840,1,2,1,70,11,1,34,48,1,,2,52,4,,7,2,4,,,,,,,,,,,1,2,,877000,2,,73,59,39,1,2,01,7320,11,3838.0606403
5334844,1,4,1,70,11,1,36,48,1,,2,36,1,,7,2,4,,,,,,,,,,,1,2,,1300000,2,,55,58,59,1,2,01,5511,11,3858.1599569
5334848,1,1,1,70,11,1,52,40,3,,2,52,3,,1,2,7,,,,,,,,,,,1,2,,877000,2,,97,54,54,1,2,01,9700,11,5307.5112629
5334848,1,2,1,70,11,1,52,72,1,,2,40,1,,4,2,4,,,,,,,,,,,1,2,,1500000,2,,43,98,97,1,2,01,4390,11,5307.5112629
5334878,1,3,1,70,11,1,10,48,2,,2,40,1,,3,2,8,,,,,,,,,,,1,2,,1500000,2,,35,58,03,1,1,01,3520,11,3359.9704352
5334880,1,1,1,70,11,1,8,48,1,,2,48,1,,3,2,8,,,,,,,,,,,1,2,,877803,2,,56,38,53,1,1,01,5611,11,2950.4310267
5334881,1,2,1,70,52,1,52,40,4,,2,52,5,,3,2,1,,,1,,,,,,,,,2,,3000000,1,1,42,02,02,1,2,01,4210,52,238.75362993
5334884,1,1,1,70,11,1,36,48,1,,2,36,1,,9,2,3,,,1,,,,,,,,,2,,877803,1,1,49,98,37,1,2,01,4921,11,3741.3982402
5334885,1,3,1,70,52,1,4,48,1,,2,40,4,,9,2,1,,,,,,,,,,,1,2,,877803,2,,65,45,44,1,1,01,6511,52,296.48442152
5334885,2,2,2,70,52,1,2,44,1,,2,2,1,,2,2,3,,,,,,,,,,,1,1,800000,800000,2,,41,95,95,1,1,01,4111,52,296.48442152
5334887,1,4,1,70,52,1,3,48,1,,2,3,1,,3,2,1,,,,,,,,,,,1,1,1200000,877803,2,,56,33,33,1,1,01,5611,52,278.28329652
5334888,1,3,1,70,11,1,64,48,1,,2,64,1,,8,2,2,,,,,,,,,,,1,2,,1200000,2,,84,15,15,1,2,01,8414,11,1984.1290293
5334909,1,1,1,70,11,1,12,48,1,,2,12,1,,5,2,8,,,1,,,,,,,,,2,,908526,2,,93,83,39,1,1,01,9311,11,3728.6300194
5334917,1,2,1,70,05,1,4,30,2,,2,4,2,,9,2,1,,,,,,,,1,,,,1,2400000,2200000,2,,85,13,13,1,1,01,8544,05,1025.696283
5334946,1,2,1,70,20,1,53,48,1,,2,55,1,,5,2,2,,,,,,,,,,,1,2,,908526,2,,56,45,53,1,2,01,5611,20,180.74838393
5334948,1,1,1,70,20,1,8,40,1,,2,24,1,,3,2,4,,,,,,,,,,,1,2,,600000,2,,47,45,45,1,1,01,4771,20,175.48614619
5334949,1,1,1,70,20,1,30,48,1,,2,212,4,,2,2,1,,,,,,,,,,,1,2,,98,2,,42,97,97,1,2,01,4220,20,143.99311242
5334950,1,5,1,70,20,1,24,48,3,,2,24,4,,1,2,1,,,,,,,,,,,1,2,,450000,2,,81,54,55,1,2,01,8121,20,168.2078209
5334952,1,2,1,70,20,1,52,48,4,,2,52,4,,1,2,1,,,,,,,,,,,1,2,,98,2,,47,41,41,1,2,01,4774,20,140.22153809
5334952,1,3,1,70,20,1,9,48,1,,2,52,1,,2,2,1,,,,,,,,,,,1,2,,907000,2,,47,59,59,1,1,01,4773,20,140.22153809
5334953,1,3,1,70,20,1,4,48,4,,2,9,4,,2,2,1,,,,,,,,,,,1,1,98,98,2,,96,55,59,1,1,01,9602,20,128.47208449
5334954,1,2,1,70,20,1,53,58,1,,2,53,1,,9,2,1,,,,,,,,,,,1,2,,1100000,2,,61,21,44,1,2,01,6190,20,186.12776474
5334954,1,3,1,70,20,1,16,48,1,,2,16,1,,3,2,1,,,,,,,,,,,1,2,,908526,2,,55,33,39,1,2,01,5511,20,186.12776474
5334955,1,2,1,70,20,1,36,48,1,,2,36,1,,6,2,5,,,,,,,,,,,1,2,,400000,2,,49,98,98,1,2,01,4921,20,209.3141942
5334958,1,1,1,70,20,1,28,48,2,,2,48,1,,9,2,2,,,,,,,,,,,1,2,,907000,2,,86,59,59,1,2,01,8610,20,180.68932684
5334959,1,2,1,70,20,1,8,48,4,,2,4,4,,1,2,1,,,,,,,,,,,1,1,98,907000,2,,31,81,81,1,1,01,3110,20,216.05955967
5334963,1,1,1,70,20,1,12,48,4,,2,52,1,,2,2,1,,,,,,,,,,,1,2,,907000,2,,56,57,50,1,1,01,5630,20,195.95309811
5334963,1,2,1,70,20,1,8,48,1,,2,16,1,,4,2,4,,,,,,,,,,,1,2,,907000,2,,53,37,37,1,1,01,5320,20,195.95309811
5334963,1,4,1,70,20,1,20,50,4,,2,20,4,,1,2,8,,,,,,,,,,,1,2,,907000,2,,49,98,98,1,2,01,4921,20,195.95309811
5334973,1,4,1,70,08,1,8,48,1,,2,8,5,,2,2,1,,,,,,,,,,,1,2,,800000,2,,47,45,45,1,1,01,4721,08,410.15497381
5334973,1,9,1,70,08,1,8,48,1,,2,8,1,,2,2,1,,,,,,,,,,,1,2,,900000,2,,47,45,45,1,1,01,4721,08,410.15497381
5334987,1,2,1,70,50,1,20,48,1,,2,20,1,,9,2,1,,,1,,,,,,,,,2,,3500000,1,1,42,02,02,1,2,01,4210,50,201.4300416
5334990,1,5,1,70,08,1,8,48,1,,2,8,4,,9,2,1,,,,,,,,,,,1,2,,2100000,2,,84,19,06,1,1,01,8412,08,369.84929095
5335011,1,2,1,70,08,1,32,48,1,,2,32,1,,4,2,2,,,,,,,,,,,1,2,,1200000,2,,69,33,33,1,2,01,6920,08,627.48432922
5335013,1,5,1,70,08,1,8,48,1,,2,8,1,,6,2,8,,,,,,,,,,,1,2,,1850000,2,,85,18,18,1,1,01,8530,08,703.38185638
5335014,1,3,1,70,08,1,4,48,1,,1,,,,,,,,.,,,,,,,,.,,,,900000,,,,33,,1,1,01,.,08,492.54783502
5335019,1,2,1,70,08,1,8,48,4,,2,12,4,,9,2,2,,,,,,,,,,,1,2,,900000,2,,84,95,95,1,1,01,8412,08,901.08290565
5335021,1,5,1,70,08,1,24,48,1,,2,24,1,,8,2,8,,,,,,,,,,,1,2,,960000,2,,80,58,58,1,2,01,8010,08,764.94232606
5335029,1,3,1,70,08,1,24,48,1,,2,24,1,,8,2,1,,,,,,,,,,,1,2,,2000000,2,,64,45,44,1,2,01,6412,08,584.47708993
5335033,1,1,1,70,08,1,4,60,4,,2,36,5,,3,2,2,,,,,,,,,,,1,2,,1200000,2,,56,51,51,1,1,01,5611,08,587.65261194
5335033,1,2,1,70,08,1,8,48,4,,2,38,4,,3,2,1,,,,,,,,,,,1,2,,2000000,2,,56,51,51,1,1,01,5611,08,587.65261194
5335033,1,3,1,70,08,1,4,60,1,,2,44,1,,8,2,1,,,,,,,,,,,1,2,,2000000,2,,73,39,39,1,1,01,7320,08,587.65261194
5335043,1,4,1,70,08,1,96,48,1,,2,96,1,,8,2,1,,,,,,,,,,,1,2,,877803,2,,12,45,45,1,2,01,1200,08,704.75342644
5335046,1,2,1,70,08,1,3,48,1,,2,144,1,,8,2,2,,,,,,,,,,,1,2,,1000000,2,,46,59,59,1,1,01,4645,08,642.26352601
5335051,1,1,1,70,44,1,64,48,4,,2,64,4,,1,2,2,,,,,,,,,,,1,2,,908526,2,,71,02,02,1,2,01,7110,44,79.784044394
5335051,1,3,1,70,44,1,3,48,1,,2,3,1,,9,2,1,,,,,,,,,,,1,1,1300000,1300000,2,,78,39,39,1,1,01,7820,44,79.784044394
5335053,1,1,1,70,76,1,2,48,1,,2,2,1,,3,2,1,,,,,,,,,,,1,1,630000,877807,2,,56,53,53,1,1,01,5611,76,2007.1944394
5335054,1,2,1,70,76,1,36,48,1,,2,37,1,,2,2,1,,,,,,,,,,,1,2,,877807,2,,69,32,32,1,2,01,6910,76,1104.8016632
5335056,1,1,1,70,76,1,52,48,1,,2,53,1,,2,2,1,,,,,,,,,,,1,2,,877807,2,,56,53,77,1,2,01,5619,76,1185.5269556
5335056,1,3,1,70,76,1,3,48,1,,2,16,1,,3,2,1,,,,,,,,,,,1,2,,877807,2,,10,97,45,1,1,01,1081,76,1185.5269556
5335059,1,3,1,70,76,1,1,48,1,,2,3,1,,9,2,1,,,,,,,,,,,1,1,1300000,877807,2,,17,45,91,1,1,01,1709,76,767.92828465
5335060,1,2,1,70,76,1,1,48,1,,2,1,1,,8,2,2,,,,,,,,,,,1,1,1130000,908526,2,,47,45,45,1,1,01,4772,76,1449.7169036
5335060,1,3,1,70,76,1,8,48,1,,2,2,4,,3,2,2,,,,,,,,,,,1,1,300000,908526,2,,96,45,57,1,1,01,9602,76,1449.7169036
5335061,1,1,1,70,76,1,4,48,1,,2,520,1,,9,2,1,,,,,,,,,,,1,2,,877807,2,,38,55,99,1,1,01,3811,76,1101.8070236
5335066,1,1,1,70,76,1,1,72,1,,2,2,4,,9,2,1,,,,,,,,,,,1,1,1500000,2000000,1,1,84,77,03,1,1,01,8412,76,1071.5628672
5335068,1,4,1,70,76,1,4,48,1,,2,2,1,,9,2,1,,,,,,,,,,,1,1,877807,907256,2,,73,53,59,1,1,01,7310,76,1050.7826124
5335075,1,1,1,70,76,1,4,48,4,,2,4,4,,1,2,1,,,,,,,,,,,1,1,400000,907256,2,,53,37,37,1,1,01,5320,76,657.48559459
5335075,1,2,1,70,76,1,52,48,1,,2,520,1,,2,2,1,,,,,,,,,,,1,2,,907256,2,,56,53,53,1,2,01,5611,76,657.48559459
5335075,1,3,1,70,76,1,2,48,1,,2,2,1,,6,2,1,,,,,,,,,,,1,1,877807,907256,2,,85,55,55,1,1,01,8530,76,657.48559459
5335079,1,1,1,70,15,1,3,48,4,,2,3,4,,1,2,3,,,1,,,,,,,,,1,4500000,4000000,1,1,69,12,12,1,1,01,6910,15,136.12962098
5335084,1,3,1,70,15,1,24,48,2,,1,,,,,,,,.,,,,,,,,.,,,,1700000,,,,13,,1,2,01,.,15,104.1493809
5335086,1,1,1,70,15,1,4,48,1,,2,4,1,,9,2,3,,,,,,,,,,,1,1,2000000,1800000,2,,85,18,18,1,1,01,8530,15,136.12962098
5335091,1,5,1,70,23,1,4,48,1,,2,4,1,,3,2,1,,,,,,,,,,,1,1,700000,877803,2,,45,55,84,1,1,01,4542,23,200.7451307
5335093,1,2,1,70,05,1,1,48,1,,2,52,1,,9,2,2,,,,,,,,,,,1,2,,2000000,2,,96,21,21,1,1,01,9603,05,1121.6492538
5335098,1,2,1,70,05,1,24,48,2,,2,34,1,,4,1,1,,,1,,,,,,,,,2,,1400000,1,1,85,13,13,1,2,01,8511,05,950.60990622
5335099,1,3,1,70,05,1,1,40,1,,2,2,1,,9,2,2,,,,,,,,,,,1,1,758000,906000,2,,47,33,33,1,1,01,4771,05,1040.9869569
5335106,1,1,1,70,05,1,4,48,1,,2,2,1,,2,2,4,,,,,,,,,,,1,1,1200000,1000000,2,,41,95,95,1,1,01,4111,05,1411.6860529
5335119,1,4,1,70,05,1,104,40,1,,1,,,,,,,,.,,,,,,,,.,,,,1200000,,,,03,,1,2,01,.,05,1196.4335999
5335120,1,2,1,70,05,1,52,48,1,,2,104,1,,6,2,1,,,,1,,,,,,,,2,,1500000,1,2,49,98,98,1,2,01,4923,05,1050.6121603
5335122,1,2,1,70,05,1,6,48,1,,2,6,1,,9,2,2,,,,,,,,,,,1,2,,877803,2,,61,33,39,1,1,01,6120,05,1064.8326483
5335123,1,3,1,70,05,1,8,48,1,,2,24,2,,9,2,2,,,,,,,,,,,1,2,,1300000,2,,86,15,15,1,1,01,8610,05,992.43786836
5335129,1,2,1,70,05,1,52,48,1,,2,54,1,,3,2,2,,,,,,,,,,,1,2,,877803,2,,47,58,97,1,2,01,4711,05,1049.5419744
5335138,1,3,1,70,63,1,2,14,4,,2,7,4,,9,2,2,,,,,,,,,,,1,1,100000,250000,2,,85,39,39,1,1,01,8544,63,160.40394286
5335140,1,3,1,70,63,1,6,60,2,,2,105,1,,3,2,1,,,,,,,,,,,1,2,,2000000,2,,56,33,53,1,1,01,5611,63,93.312491334
5335140,1,5,1,70,63,1,28,50,1,,2,36,4,,1,2,1,,,,,,,,,,,1,2,,908526,2,,86,97,59,1,2,01,8610,63,93.312491334
5335140,1,7,1,70,63,1,16,50,1,,2,10,4,,1,2,8,,,,,,,,,,,1,2,,908526,2,,41,97,95,1,2,01,4111,63,93.312491334
5335145,1,5,1,70,63,1,1,50,4,,2,1,4,,1,2,7,,,,,,,,,,,1,2,,900000,2,,41,95,95,1,1,01,4111,63,239.66144451
5335153,1,2,1,70,70,1,8,48,1,,2,9,1,,5,2,7,,,,,,,,1,,,,2,,908526,2,,85,13,13,1,1,01,8530,70,112.38598312
5335156,1,7,1,70,70,1,35,48,1,,2,40,1,,9,2,1,,,,,,,,,,,1,2,,908526,2,,61,03,03,1,2,01,6190,70,188.79066383
5335157,1,1,1,70,70,1,2,48,1,,2,5,4,,1,2,1,,,,,,,,1,,,,2,,700000,2,,47,45,41,1,1,01,4719,70,130.58774948
5335173,1,4,1,70,70,1,12,48,1,,2,15,4,,1,2,1,,,,,,,,,,,1,2,,877803,2,,47,58,45,1,1,01,4789,70,121.80362509
5335174,1,6,1,70,70,1,24,48,2,,2,26,1,,5,2,1,,,,,,,,,,,1,2,,1600000,2,,42,39,02,1,2,01,4210,70,108.16814661
5335175,1,2,1,70,70,1,16,48,4,,2,35,1,,2,2,1,,,,,,,,,,,1,2,,400000,2,,82,54,39,1,2,01,8219,70,97.032632347
5335186,1,3,1,70,70,1,4,48,1,,2,4,4,,1,2,1,,,,,,,,,,,1,1,50000,908526,2,,47,45,45,1,1,01,4792,70,146.08075823
5335198,1,3,1,70,70,1,3,48,1,,2,3,1,,2,2,2,,,,,,,,,,,1,1,300000,500000,2,,56,45,53,1,1,01,5619,70,139.93776051
5335202,1,3,1,70,70,1,4,48,4,,2,40,4,,5,2,1,,,,,,,,,,,1,2,,1200000,2,,85,13,13,1,1,01,8551,70,84.963145811
5335203,1,2,1,70,70,1,4,48,1,,2,4,1,,9,2,1,,,,,,,,,,,1,1,915000,908526,2,,88,03,03,1,1,01,8890,70,137.74014896
5335203,1,3,1,70,70,1,4,48,1,,2,20,4,,1,2,2,,,,,,,,,,,1,2,,908526,2,,47,45,41,1,1,01,4771,70,137.74014896
5335203,1,5,1,70,70,1,6,48,1,,2,8,1,,2,2,2,,,,,,,,,,,1,2,,908526,2,,47,53,45,1,1,01,4741,70,137.74014896
5335210,1,3,1,70,70,1,4,48,4,,2,4,4,,2,2,1,,,,,,,,,,,1,1,50000,908526,2,,92,45,45,1,1,01,9200,70,145.98599513
5335212,1,1,1,70,70,1,32,48,4,,2,32,1,,9,2,6,,,,,,,,,,,1,2,,1300000,2,,84,39,39,1,2,01,8430,70,117.66760852
5335216,1,1,1,70,70,1,24,48,3,,2,36,3,,1,2,1,,,,,,,,,,,1,2,,500000,2,,97,54,54,1,2,01,9700,70,126.00821779
5335217,1,2,1,70,70,1,4,21,4,,2,4,4,,1,2,4,,,,,,,,,,,1,2,,200000,2,,47,45,45,1,1,01,4792,70,136.47056907
5335220,1,3,1,70,70,1,52,48,4,,2,52,1,,2,2,1,,,,,,,,,,,1,2,,2000000,2,,69,39,39,1,2,01,6910,70,145.44771691
5335222,1,4,1,70,70,1,104,48,4,,2,104,4,,9,2,1,,,,,,,,,,,1,2,,1000000,2,,84,39,39,1,2,01,8412,70,60.437310916
5335226,1,2,1,70,70,1,20,48,1,,2,99,1,,3,2,1,,,,,,,,,,,1,2,,908526,2,,45,59,45,1,2,01,4530,70,127.66248297
5335229,1,3,1,70,70,1,12,24,1,,2,12,1,,9,2,1,,,,,,,,,,,1,2,,450000,2,,42,03,03,1,1,01,4210,70,134.27392885
5335236,1,1,1,70,70,1,2,49,4,,2,4,4,,1,2,1,,,,,,,,,,,1,1,200000,1000000,2,,56,51,51,1,1,01,5621,70,133.89094734
5335236,1,2,1,70,70,1,4,48,4,,2,4,4,,9,2,1,,,1,,,,,,,,,1,1500000,1500000,1,1,85,13,13,1,1,01,8544,70,133.89094734
5335243,1,1,1,70,18,1,16,48,1,,2,24,1,,6,2,1,,,,,,,,,,,1,2,,970000,2,,85,13,13,1,2,01,8530,18,106.46467715
5335250,1,3,1,70,18,1,8,48,1,,2,48,1,,8,2,1,,,,,,,,,,,1,2,,970000,2,,01,13,62,1,1,01,0125,18,140.51239117
5335256,1,2,1,70,18,1,4,48,1,,2,48,1,,2,2,8,,,,,,,,,,,1,2,,900000,2,,45,84,84,1,1,01,4542,18,104.63982815
5335266,1,2,1,70,18,1,3,48,1,,2,40,4,,2,2,1,,,,,,,,,,,1,2,,970000,2,,96,57,57,1,1,01,9602,18,61.506666803
5335295,1,3,1,70,23,1,20,48,1,,2,48,3,,1,2,1,,,,,,,,,,,1,2,,350000,2,,97,55,54,1,2,01,9700,23,133.81128813
5335296,1,1,1,70,23,1,12,48,1,,2,16,4,,1,2,1,,,,,,,,,,,1,2,,400000,2,,96,55,57,1,1,01,9602,23,172.96432851
5335300,1,2,1,70,23,1,12,48,1,,2,20,4,,1,2,1,,,,,,,,,,,1,2,,400000,2,,14,79,79,1,1,01,1410,23,188.5541281
5335301,1,1,1,70,23,1,3,48,1,,2,3,4,,1,2,1,,,,,,,,,,,1,1,300000,500000,2,,41,93,93,1,1,01,4111,23,191.7618937
5335305,1,1,1,70,23,1,12,48,1,,2,16,4,,9,2,4,,,,,,,,,,,1,2,,1200000,2,,85,13,13,1,1,01,8530,23,182.46033879
5335310,1,1,1,70,23,1,10,48,1,,2,10,4,,9,2,1,,,,,,,,,,,1,2,,877802,2,,88,32,32,1,1,01,8890,23,185.66810439
5335310,1,2,1,70,23,1,4,48,1,,1,,,,,,,,.,,,,,,,,.,,,,877802,,,,32,,1,1,01,.,23,185.66810439
5335312,1,3,1,70,23,1,24,48,1,,2,24,2,,9,2,1,,,,,,,,,,,1,2,,908526,2,,84,58,58,1,2,01,8422,23,164.94401167
5335312,1,4,1,70,23,1,52,48,1,,2,52,1,,9,2,1,,,,,,,,,,,1,2,,908526,2,,61,45,45,1,2,01,6120,23,164.94401167
5335317,1,2,1,70,41,1,10,50,4,,2,12,4,,1,2,3,,,,,,,,,,,1,2,,900000,2,,80,58,58,1,1,01,8010,41,82.803913187
5335327,1,2,1,70,41,1,10,45,1,,2,15,1,,9,2,8,,,,,,,,,,,1,2,,1000000,2,,47,33,33,1,1,01,4772,41,162.50359114
5335334,1,1,1,70,54,1,2,48,4,,2,12,4,,1,2,8,,,,,,,,,,,1,2,,700000,2,,15,80,80,1,1,01,1522,54,338.29293993
5335335,1,4,1,70,54,1,7,48,1,,1,,,,,,,,.,,,,,,,,.,,,,908526,,,,33,,1,1,01,.,54,512.92165649
5335341,1,5,1,70,54,1,5,48,1,,2,8,4,,1,2,1,,,,,,,,,,,1,2,,908526,2,,47,80,45,1,1,01,4781,54,325.25906592
5335341,1,7,1,70,54,1,2,48,4,,2,3,4,,1,2,1,,,,,,,,,,,1,1,1000000,800000,2,,15,80,80,1,1,01,1522,54,325.25906592
5335345,1,1,1,70,54,1,25,48,4,,2,12,4,,1,2,1,,,,,,,,,,,1,2,,600000,2,,47,41,41,1,2,01,4774,54,272.98292953
5335345,1,2,1,70,54,1,2,48,1,,2,3,1,,2,2,1,,,,,,,,,,,1,1,1000000,1000000,2,,47,44,40,1,1,01,4755,54,272.98292953
5335350,1,1,1,70,54,1,13,48,4,,2,13,4,,1,2,8,,,,,,,,,,,1,2,,560000,2,,56,53,53,1,1,01,5611,54,339.901869
5335350,1,3,1,70,54,1,2,48,4,,1,,,,,,,,.,,,,,,,,.,,,,300000,,,,99,,1,1,01,.,54,339.901869
5335353,1,5,1,70,54,1,53,48,1,,2,8,4,,1,2,1,,,,,,,,,,,1,2,,908526,2,,96,45,57,1,2,01,9602,54,434.48335927
5335354,1,1,1,70,54,1,15,48,4,,2,5,4,,1,2,1,,,,,,,,,,,1,1,150000,700000,2,,25,87,87,1,2,01,2511,54,294.57747225
5335360,1,4,1,70,05,1,2,48,1,,2,2,4,,1,2,2,,,,,,,,,,,1,1,1000000,877803,2,,49,98,98,1,1,01,4921,05,1155.6758237
5335361,1,2,1,70,05,1,36,48,1,,2,36,1,,9,2,2,,,,,,,,,,,1,2,,877803,2,,82,33,38,1,2,01,8220,05,1457.835468
5335399,1,2,1,70,73,1,3,48,2,,2,3,1,,6,2,3,,,1,,,,,,,,,1,1500000,1000000,1,2,88,13,13,1,1,01,8890,73,451.06361253
5335401,1,3,1,70,73,1,12,48,1,,2,120,4,,1,2,1,,,,,,,,,,,1,2,,1000000,2,,85,13,13,1,1,01,8553,73,260.85369354
5335419,1,1,1,70,20,1,50,48,1,,2,51,1,,8,2,1,,,,,,,,,,,1,2,,900000,2,,46,39,97,1,2,01,4631,20,216.18117925
5335435,1,2,1,70,68,1,16,48,4,,2,53,4,,1,2,1,,,,,,,,,,,1,2,,950000,2,,80,58,58,1,2,01,8010,68,673.02145754
5335437,1,3,1,70,68,1,8,48,1,,2,8,1,,5,2,1,,,,,,,,,,,1,2,,1200000,2,,85,13,13,1,1,01,8530,68,378.52902274
5335442,1,1,1,70,68,1,52,48,1,,2,52,4,,1,2,1,,,,,,,,,,,1,2,,2000000,2,,47,21,41,1,2,01,4774,68,547.59522952
5335450,1,1,1,70,17,1,17,48,1,,2,37,1,,9,2,1,,,,,,,,,,,1,2,,1200000,2,,22,97,97,1,2,01,2229,17,165.1641226
5335451,1,2,1,70,17,1,2,48,1,,2,4,1,,3,2,1,,,,,,,,,,,1,1,900000,1000000,2,,47,97,45,1,1,01,4722,17,238.25803617
5335469,1,2,1,70,44,1,4,40,4,,2,4,4,,2,2,1,,,,,,,,,,,1,2,,700000,2,,41,95,95,1,1,01,4111,44,215.48043696
5335471,1,2,1,70,44,1,2,40,4,,2,2,4,,2,2,1,,,,,,,,,,,1,1,200000,750000,2,,41,95,95,1,1,01,4111,44,73.31070481
5335476,1,2,1,70,44,1,12,48,1,,2,16,4,,4,2,1,,,,,,,,,,,1,2,,900000,2,,96,97,97,1,1,01,9609,44,73.624771945
5335476,1,3,1,70,44,1,12,48,1,,2,52,4,,4,2,1,,,,,,,,,,,1,2,,900000,2,,25,45,45,1,1,01,2511,44,73.624771945
5335483,1,3,1,70,44,1,108,48,1,,2,104,1,,9,2,7,,,,,,,,,,,1,2,,98,2,,71,02,02,1,2,01,7110,44,79.784044394
5335484,1,2,1,70,44,1,1,48,1,,2,78,1,,4,2,2,,,,,,,,,,,1,2,,900000,2,,56,39,50,1,1,01,5611,44,124.54159766
5335485,1,3,1,70,44,1,8,48,1,,2,32,1,,5,2,1,,,,,,,,,,,1,2,,877000,2,,56,33,39,1,1,01,5619,44,124.23856483
5335489,1,4,1,70,44,1,8,24,1,,1,,,,,,,,.,,,,,,,,.,,,,600000,,,,13,,1,1,01,.,44,171.9190201
5335490,1,1,1,70,44,1,28,48,2,,2,28,4,,4,2,1,,,,,,,,,,,1,2,,1600000,2,,64,21,11,1,2,01,6412,44,119.59382107
5335495,1,4,1,70,23,1,8,48,1,,1,,,,,,,,.,,,,,,,,.,,,,400000,,,,97,,1,1,01,.,23,166.19915599
5335540,1,1,1,70,41,1,2,50,4,,2,3,4,,9,2,1,,,1,,,,,,,,,1,1700000,2000000,1,2,84,05,05,1,1,01,8412,41,250.29342475
5335541,1,2,1,70,41,1,2,48,1,,2,3,4,,9,2,3,,,,,,,,,,,1,1,1500000,1800000,2,,84,05,05,1,1,01,8412,41,180.0199711
5335543,1,2,1,70,41,1,10,48,1,,2,12,1,,3,2,1,,,,,,,,,,,1,2,,950000,2,,56,53,53,1,1,01,5611,41,157.52330929
5335543,1,3,1,70,41,1,8,48,1,,2,9,1,,3,2,1,,,,,,,,,,,1,2,,930000,2,,47,45,45,1,1,01,4773,41,157.52330929
5335546,1,2,1,70,41,1,4,49,1,,2,6,3,,1,2,2,,,,,,,,,,,1,2,,950000,2,,97,59,59,1,1,01,9700,41,184.3920289
5335549,1,2,1,70,41,1,4,50,1,,2,5,1,,6,2,1,,,,,,,,,,,1,2,,900000,2,,42,85,85,1,1,01,4210,41,122.48890994
5335566,1,2,1,70,11,1,2,48,1,,2,2,1,,9,2,3,,,,,,,,,,,1,2,,1800000,2,,62,08,21,1,1,01,6201,11,3169.2922687
5335569,1,2,1,70,50,1,6,48,3,,2,6,3,,1,2,1,,,,,,,,,,,1,1,400000,900000,2,,97,54,54,1,1,01,9700,50,312.18692515
5335575,1,1,1,70,11,1,250,48,1,,2,250,4,,9,2,2,,,,,,,,,,,1,2,,877803,2,,43,85,85,1,2,01,4322,11,2297.0060377
5335575,1,3,1,70,11,1,35,48,1,,2,35,1,,3,2,4,,,,,,,,,,,1,2,,1200000,2,,56,21,39,1,2,01,5611,11,2297.0060377
5335585,1,1,1,70,73,1,5,52,1,,2,5,1,,2,2,1,,,,,,,,,,,1,2,,900000,2,,56,53,53,1,1,01,5611,73,374.35944641
5335595,1,2,1,70,08,1,40,48,1,,2,40,1,,9,2,2,,,,,,,,,,,1,2,,900000,2,,23,89,89,1,2,01,2310,08,516.78815372
5335599,1,1,1,70,08,1,36,48,1,,2,36,1,,9,2,2,,,,,,,,,,,1,2,,878116,2,,42,39,39,1,2,01,4210,08,652.6326037
5335606,1,2,1,70,08,1,156,48,1,,2,156,1,,9,2,1,,,,,,,,,,,1,2,,1000000,2,,65,39,39,1,2,01,6532,08,587.65261194
5335609,1,2,1,70,08,1,36,48,1,,2,36,1,,6,2,4,,,,,,,,,,,1,2,,1700000,2,,85,13,13,1,2,01,8512,08,652.6326037
5335611,1,5,1,70,08,1,20,48,3,,2,156,1,,7,2,8,,,,,,,,,,,1,2,,878116,2,,47,54,97,1,2,01,4723,08,482.17875733
5335622,1,4,1,70,11,1,104,48,1,,2,156,1,,9,2,4,,,,,,,,,,,1,2,,900000,2,,59,97,59,1,2,01,5914,11,3552.9877221
5335622,1,6,1,70,11,1,52,48,1,,2,52,2,,9,2,4,,,,,,,,,,,1,2,,900000,2,,84,84,58,1,2,01,8423,11,3552.9877221
5335623,1,1,1,70,11,1,16,40,4,,2,16,4,,1,2,2,,,,,,,,,,,1,2,,1200000,2,,31,95,95,1,2,01,3110,11,5372.6712987
5335623,1,3,1,70,11,1,24,48,1,,2,208,1,,9,2,2,,,,,,,,,,,1,2,,1200000,2,,86,39,39,1,2,01,8610,11,5372.6712987
5335627,1,2,1,70,11,1,24,48,4,,2,4,4,,2,2,4,,,,,,,,,,,1,1,1500000,1200000,2,,47,37,97,1,2,01,4771,11,3554.6144017
5335627,1,4,1,70,11,1,36,40,3,,2,36,3,,2,2,1,,,,,,,,,,,1,2,,900000,2,,97,54,54,1,2,01,9700,11,3554.6144017
5335628,1,1,1,70,11,1,36,48,2,,2,2,1,,3,2,1,,,,,,,,,,,1,1,877000,1500000,2,,47,13,45,1,2,01,4771,11,3763.1242364
5335629,1,2,1,70,11,1,36,48,4,,2,36,4,,1,2,1,,,,,,,,,,,1,2,,900000,2,,73,59,59,1,2,01,7310,11,4874.481777
5335642,1,1,1,70,23,1,2,40,3,,2,2,3,,1,2,1,,,,,,,,,,,1,1,400000,600000,2,,97,54,54,1,1,01,9700,23,184.95696599
5335642,1,2,1,70,23,1,40,40,1,,2,8,4,,1,2,1,,,,,,,,,,,1,2,,1200000,2,,96,02,16,1,2,01,9609,23,184.95696599
5335651,1,1,1,70,05,1,40,48,1,,2,36,4,,1,2,1,,,,,,,,,,,1,2,,1700000,2,,56,98,45,1,2,01,5619,05,1686.8279704
5335651,1,2,1,70,05,1,38,48,1,,2,120,1,,2,2,1,,,,,,,,,,,1,2,,877803,2,,68,39,44,1,2,01,6820,05,1686.8279704
5335654,1,5,1,70,08,1,6,48,1,,2,6,1,,8,2,1,,,,,,,,,,,1,2,,980000,2,,86,95,59,1,1,01,8621,08,578.47468582
5335658,1,4,1,70,08,1,52,48,1,,2,3,4,,1,2,8,,,,,,,,,,,1,2,,983000,2,,85,97,80,1,2,01,8523,08,814.21500486
5335658,1,5,1,70,08,1,52,48,1,,2,36,3,,1,2,1,,,,,,,,,,,1,2,,983000,2,,97,33,54,1,2,01,9700,08,814.21500486
5335663,1,2,1,70,08,1,32,48,3,,2,32,3,,1,2,1,,,,,,,,,,,1,2,,983000,2,,97,54,54,1,2,01,9700,08,557.81102257
5335670,1,3,1,70,08,1,16,48,1,,2,16,4,,1,2,2,,,,,,,,,,,1,2,,1000000,2,,47,15,41,1,2,01,4774,08,577.28353425
5335676,1,1,1,70,08,1,52,48,1,,2,40,4,,1,2,1,,,,,,,,1,,,,2,,908000,2,,47,44,45,1,2,01,4792,08,819.84936974
5335680,1,3,1,70,08,1,4,48,1,,2,4,1,,9,2,4,,,,,,,,,,,1,1,3500000,2800000,2,,86,06,06,1,1,01,8610,08,416.63056384
5335681,1,3,1,70,08,1,52,48,1,,2,52,1,,9,2,1,,,,,,,,,,,1,2,,877000,2,,49,58,58,1,2,01,4921,08,599.25628672
5335683,1,4,1,70,08,1,40,48,1,,2,40,1,,5,2,2,,,,,,,,,,,1,2,,906000,2,,85,13,13,1,2,01,8511,08,520.75613351
5335700,1,2,1,70,08,1,48,48,1,,2,4,1,,3,2,1,,,,,,,,,,,1,1,1800000,900000,2,,85,13,13,1,2,01,8512,08,534.98687258
5335706,1,1,1,70,50,1,259,40,4,,2,520,2,,9,2,1,,,,,,,,,1,ES PENSIONADO,,2,,3000000,3,,84,61,58,1,2,01,8422,50,272.79623672
5335715,1,2,1,70,11,1,24,48,1,,2,24,1,,7,2,1,,,,,,,,,,,1,2,,1500000,2,,47,39,39,1,2,01,4752,11,2256.1262133
5335724,1,1,1,70,50,1,20,48,2,,2,52,2,,9,2,1,,,,,,,,,,,1,2,,2000000,2,,85,13,13,1,2,01,8530,50,367.14314709
5335735,1,1,1,70,11,1,28,48,1,,2,28,1,,9,2,1,,,,,,,,,,,1,2,,1000000,2,,85,53,53,1,2,01,8512,11,3669.1743997
5335737,1,3,1,70,11,1,28,48,1,,2,28,1,,5,2,8,,,,,,,,,,,1,2,,900000,2,,47,45,45,1,2,01,4771,11,1870.5175135
5335737,1,4,1,70,11,1,36,48,1,,1,,,,,,,,.,,,,,,,,.,,,,900000,,,,33,,1,2,01,.,11,1870.5175135
5335739,1,2,1,70,11,1,36,48,3,,2,36,4,,1,2,1,,,,,,,,,,,1,2,,877803,2,,47,54,45,1,2,01,4781,11,4683.8036104
5335743,1,2,1,70,47,1,36,48,1,,2,156,1,,3,2,1,,,,,,,,1,,,,2,,500000,2,,56,45,53,1,2,01,5611,47,327.4535557
5335749,1,3,1,70,47,1,32,48,1,,2,32,1,,7,2,1,,,,,,,,,,,1,2,,877800,2,,45,21,39,1,2,01,4511,47,126.75714289
5335750,1,2,1,70,47,1,24,48,1,,2,20,1,,9,2,2,,,,,,,,1,,,,2,,877800,2,,10,45,45,1,2,01,1089,47,175.83795126
5335754,1,3,1,70,47,1,36,48,1,,2,104,4,,9,2,4,,,,,,,,,,,1,2,,877800,2,,84,32,32,1,2,01,8413,47,92.196177217
5335759,1,1,1,70,47,1,104,48,1,,2,104,1,,9,2,1,,,,,,,,1,,,,2,,877800,2,,27,45,45,1,2,01,2750,47,156.76914796
5335768,1,1,1,70,11,1,8,48,1,,2,8,4,,9,2,1,,,,,,,,,,,1,2,,908526,2,,84,13,13,1,1,01,8412,11,2511.1742816
5335769,1,1,1,70,11,1,40,40,3,,2,40,3,,1,2,1,,,,,,,,,,,1,2,,908526,2,,97,54,54,1,2,01,9700,11,4816.6528369
5335770,1,2,1,70,11,1,35,48,1,,2,40,4,,1,2,4,,,,,,,,,,,1,2,,908526,2,,49,98,98,1,2,01,4921,11,2678.4338427
5335771,1,2,1,70,52,1,24,40,1,,2,40,1,,3,2,1,,,,,,,,,,,1,2,,908000,2,,10,77,77,1,2,01,1081,52,223.37365883
5335771,1,4,1,70,52,1,4,40,1,,2,4,1,,2,2,1,,,,,,,,,,,1,1,300000,800000,2,,41,95,95,1,1,01,4111,52,223.37365883
5335772,1,2,1,70,11,1,32,48,1,,2,32,4,,7,2,4,,,,,,,,,,,1,2,,908526,2,,49,79,36,1,2,01,4921,11,2964.0818
5335772,1,3,1,70,11,1,25,48,1,,2,25,1,,6,2,4,,,,,,,,,,,1,2,,908526,2,,49,97,97,1,2,01,4923,11,2964.0818
5335776,1,1,1,70,52,1,2,40,4,,2,2,4,,1,2,1,,,,,,,,,,,1,1,400000,908000,2,,52,97,97,1,1,01,5224,52,256.72872118
5335776,1,2,1,70,52,1,2,40,4,,2,2,4,,1,2,1,,,,,,,,,,,1,1,750000,700000,2,,52,97,97,1,1,01,5224,52,256.72872118
5335781,1,1,1,70,52,1,2,40,4,,2,3,1,,2,2,1,,,,,,,,,,,1,1,750000,1000000,2,,41,95,95,1,1,01,4111,52,255.37971843
5335781,1,2,1,70,52,1,24,48,1,,2,30,4,,5,2,1,,,,,,,,,,,1,2,,908000,2,,86,59,59,1,2,01,8699,52,255.37971843
5335784,1,1,1,70,11,1,32,48,1,,2,32,1,,3,2,8,,,,,,,,,,,1,2,,908526,2,,85,45,39,1,2,01,8552,11,4574.3729894
5335790,1,3,1,70,11,1,8,40,1,,2,6,1,,8,2,1,,,,,,,,,,,1,2,,900000,2,,01,33,62,1,1,01,0125,11,2678.4338427
5335791,1,1,1,70,11,1,3,40,1,,2,3,1,,5,2,1,,,,,,,,,,,1,1,1500000,800000,2,,49,98,98,1,1,01,4923,11,2665.6656218
5335793,1,3,1,70,11,1,52,48,1,,2,24,4,,1,2,1,,,,,,,,,,,1,2,,2000000,2,,47,17,45,1,2,01,4724,11,3097.0684281
5335794,1,1,1,70,11,1,24,40,1,,2,8,4,,1,2,2,,,,,,,,,,,1,1,1600000,1500000,2,,47,03,45,1,2,01,4799,11,3536.1877716
5335798,1,4,1,70,11,1,40,48,1,,2,28,1,,9,2,8,,,,,,,,,,,1,2,,1000000,2,,25,39,45,1,2,01,2593,11,4282.0942659
5335799,1,2,1,70,11,1,46,40,1,,2,52,1,,3,2,2,,,,,,,,,,,1,2,,877803,2,,85,13,13,1,2,01,8553,11,1984.1290293
5335799,1,3,1,70,11,1,40,48,1,,2,30,4,,6,2,1,,,,,,,,,,,1,2,,2000000,2,,86,11,07,1,2,01,8692,11,1984.1290293
5335800,1,2,1,70,11,1,4,40,1,,2,40,1,,7,2,5,,,,,,,,,,,1,2,,877803,2,,78,39,33,1,1,01,7820,11,4121.061964
5335802,1,1,1,70,11,1,44,48,4,,2,44,4,,1,2,1,,,1,,,,,,,,,2,,878000,1,1,93,18,18,1,2,01,9312,11,3047.0934268
5335803,1,2,1,70,11,1,2,48,1,,2,2,1,,6,2,1,,,1,,,,,,,,,1,878000,878000,1,2,41,95,95,1,1,01,4111,11,3917.6155766
5335811,1,2,1,70,05,1,28,48,1,,2,28,1,,4,2,2,,,,,,,,,,,1,2,,877803,2,,46,97,97,1,2,01,4641,05,806.40987747
5335831,1,1,1,70,11,1,52,48,2,,2,52,1,,6,2,8,,,,,,,,,,,1,2,,2000000,2,,85,13,13,1,2,01,8530,11,3047.0934268
5335831,1,2,1,70,11,1,8,48,2,,2,8,1,,8,2,7,,,,,,,,,,,1,2,,1800000,2,,85,13,13,1,1,01,8530,11,3047.0934268
5335833,1,3,1,70,11,1,192,48,1,,1,,,,,,,,.,,,,,,,,.,,,,877000,,,,38,,1,2,01,.,11,3178.3159737
5335834,1,4,1,70,11,1,4,48,1,,1,,,,,,,,.,,,,,,,,.,,,,877000,,,,45,,1,1,01,.,11,2775.0962428
5335851,1,1,1,70,63,1,3,40,4,,2,3,4,,1,2,1,,,,,,,,,,,1,1,600000,600000,2,,10,77,77,1,1,01,1081,63,139.28221087
5335853,1,1,1,70,63,1,40,48,1,,2,40,4,,1,2,1,,,,,,,,,,,1,2,,877803,2,,49,95,97,1,2,01,4923,63,134.02558501
5335857,1,2,1,70,11,1,48,48,1,,2,48,1,,2,2,1,,,,,,,,,,,1,2,,890000,2,,49,36,36,1,2,01,4921,11,2581.7714426
5335859,1,4,1,70,47,1,20,48,1,,2,36,1,,9,2,1,,,,,,,,,,,1,2,,900000,2,,86,59,59,1,2,01,8610,47,124.50567887
5335860,1,2,1,70,47,1,4,50,1,,2,4,1,,7,2,1,,,,,,,,,,,1,2,,800000,2,,55,53,53,1,1,01,5511,47,223.2892313
5335869,1,1,1,70,47,1,48,48,1,,2,48,1,,6,2,1,,,,,,,,,,,1,2,,1500000,2,,85,13,13,1,2,01,8530,47,112.6154921
5335870,1,1,1,70,47,1,4,48,1,,2,4,2,,9,2,1,,,,,,,,,,,1,2,,1200000,2,,84,19,19,1,1,01,8412,47,156.76914796
5335875,1,3,1,70,47,1,8,48,1,,2,8,1,,5,2,1,,,,,,,,,,,1,2,,900000,2,,49,33,33,1,1,01,4923,47,162.5804944
5335876,1,2,1,70,47,1,12,48,1,,2,12,1,,4,2,1,,,,,,,,,,,1,2,,900000,2,,46,03,03,1,1,01,4663,47,189.11644469
5335883,1,3,1,70,47,1,38,50,4,,2,38,4,,2,2,1,,,,,,,,,,,1,2,,600000,2,,41,41,95,1,2,01,4111,47,289.57637376
5335889,1,1,1,70,47,1,2,60,4,,2,2,4,,2,2,1,,,,,,,,,,,1,2,,500000,2,,41,95,95,1,1,01,4111,47,179.39778066
5335902,1,3,1,70,47,1,8,60,3,,1,,,,,,,,.,,,,,,,,.,,,,500000,,,,54,,1,1,01,.,47,92.196177217
5335904,1,1,1,70,52,1,2,24,1,,2,2,1,,9,2,1,,,,,,,,,,,1,1,1000000,900000,2,,84,55,59,1,1,01,8413,52,204.1367589
5335907,1,2,1,70,05,1,2,48,1,,2,2,1,,9,2,2,,,,,,,,,,,1,1,878000,908000,2,,82,32,38,1,1,01,8220,05,1268.8283798
5335910,1,2,1,70,05,1,1,48,1,,2,33,1,,9,2,2,,,,,,,,,,,1,2,,1100000,2,,86,32,44,1,1,01,8610,05,1549.7544864
5335911,1,2,1,70,05,1,24,48,1,,2,24,1,,2,2,1,,,,,,,,,,,1,2,,908000,2,,96,57,57,1,2,01,9602,05,1124.6283511
5335911,1,3,1,70,05,1,2,48,1,,2,36,1,,9,2,2,,,,,,,,,,,1,2,,960000,2,,14,38,97,1,1,01,1410,05,1124.6283511
5335923,1,2,1,70,11,1,12,48,1,,1,,,,,,,,.,,,,,,,,.,,,,877803,,,,53,,1,1,01,.,11,2950.4310267
5335931,1,6,1,70,05,1,32,48,4,,2,8,4,,1,2,4,,,,,,,,,,,1,2,,908500,2,,41,95,95,1,2,01,4111,05,1033.7513196
5335994,1,1,1,70,27,1,4,48,4,,2,4,4,,7,2,2,,,,,,,,,,,1,1,3000000,3000000,2,,41,02,02,1,1,01,4112,27,190.31842535
5335995,1,2,1,70,27,1,8,48,4,,2,8,4,,1,2,1,,,,,,,,,,,1,2,,900000,2,,49,98,98,1,1,01,4921,27,34.603350063
5336001,1,2,1,70,27,1,52,48,1,,2,52,3,,1,2,1,,,,,,,,,,,1,2,,800000,2,,97,33,54,1,2,01,9700,27,34.603350063
5336004,1,1,1,70,27,1,52,40,1,,2,52,1,,9,2,1,,,,,,,,,,,1,2,,900000,2,,36,55,55,1,2,01,3600,27,46.233975682
5336005,1,1,1,70,27,1,52,48,1,,2,52,1,,4,2,1,,,,,,,,,1,PENSION,,2,,1900000,3,,16,30,30,1,2,01,1610,27,34.603350063
5336005,1,3,1,70,27,1,52,48,1,,2,52,1,,9,2,1,,,,,,,,,,,1,2,,1600000,2,,62,08,08,1,2,01,6201,27,34.603350063
5336005,1,4,1,70,27,1,52,48,2,,2,52,4,,9,2,1,,,,,,,,,,,1,2,,1600000,2,,86,59,59,1,2,01,8621,27,34.603350063
5336005,1,5,1,70,27,1,52,48,2,,1,,,,,,,,.,,,,,,,,.,,,,1500000,,,,12,,1,2,01,.,27,34.603350063
5336007,1,1,1,70,27,1,4,40,4,,2,4,4,,9,2,1,,,,,,,,,,,1,1,1900000,1900000,2,,85,17,17,1,1,01,8511,27,34.603350063
5336007,1,4,1,70,27,1,12,40,2,,2,12,4,,9,2,1,,,,,,,,,,,1,2,,2000000,2,,85,13,13,1,1,01,8530,27,34.603350063
5336009,1,2,1,70,27,1,8,40,4,,2,8,4,,9,2,2,,,,,,,,,,,1,2,,2500000,2,,85,02,02,1,1,01,8541,27,34.603350063
5336012,1,1,1,70,27,1,32,32,1,,2,32,4,,9,2,1,,,,,,,,,,,1,2,,1800000,2,,49,98,98,1,2,01,4921,27,171.00597244
5336030,1,1,1,70,54,1,3,50,3,,2,4,3,,1,2,4,,,,,,,,,,,1,2,,800000,2,,97,54,54,1,1,01,9700,54,239.08148687
5336030,1,2,1,70,54,1,2,48,4,,1,,,,,,,,.,,,,,,,,.,,,,800000,,,,57,,1,1,01,.,54,239.08148687
5336030,1,7,1,70,54,1,7,60,4,,2,12,4,,1,2,4,,,,,,,,,,,1,2,,800000,2,,41,95,95,1,1,01,4111,54,239.08148687
5336030,1,8,1,70,54,1,4,48,4,,2,16,4,,1,2,4,,,,,,,,,,,1,2,,800000,2,,56,53,53,1,1,01,5611,54,239.08148687
5336034,1,2,1,70,76,1,32,48,1,,2,32,1,,4,2,1,,,,,,,,,,,1,2,,900000,2,,47,45,45,1,2,01,4723,76,1335.400363
5336042,1,2,1,70,54,1,12,60,3,,2,12,4,,1,2,3,,,,,,,,,,,1,2,,980000,2,,14,54,79,1,1,01,1410,54,248.608062
5336045,1,1,1,70,54,1,4,70,4,,2,2,4,,1,2,1,,,,,,,,,,,1,2,,600000,2,,96,57,57,1,1,01,9602,54,191.57650172
5336048,1,2,1,70,54,1,4,50,3,,2,48,3,,1,2,3,,,,,,,,,,,1,2,,980657,2,,97,54,54,1,1,01,9700,54,405.21465489
5336048,1,3,1,70,54,1,3,48,4,,2,48,4,,1,2,1,,,,,,,,,,,1,2,,980000,2,,47,41,41,1,1,01,4741,54,405.21465489
5336053,1,4,1,70,76,1,18,48,1,,2,26,1,,2,2,4,,,,,,,,,,,1,2,,908526,2,,41,53,95,1,2,01,4111,76,1492.2878895
5336082,1,3,1,70,68,1,2,48,1,,2,2,1,,3,2,1,,,,,,,,,,,1,1,300000,1000000,2,,56,53,53,1,1,01,5611,68,599.58030196
5336083,1,3,1,70,68,1,24,48,1,,2,40,1,,7,2,3,,,,,,,,,,,1,2,,1000000,2,,15,80,80,1,2,01,1512,68,531.10871341
5336084,1,2,1,70,68,1,104,48,3,,2,104,4,,1,2,2,,,,,,,,,,,1,2,,1000000,2,,81,54,55,1,2,01,8121,68,671.88188351
5336084,1,3,1,70,68,1,40,24,1,,2,40,4,,1,2,1,,,,,,,,,,,1,2,,600000,2,,47,45,45,1,2,01,4781,68,671.88188351
5336085,1,2,1,70,68,1,8,48,3,,2,8,4,,1,2,9,COTIZANTE EN SALUD,,,,,,,,,,1,2,,1000000,2,,81,54,55,1,1,01,8121,68,567.2512643
5336091,1,1,1,70,68,1,52,48,1,,2,52,1,,3,2,6,,,,,,,,,,,1,2,,980000,2,,53,32,32,1,2,01,5320,68,533.11880404
5336119,1,1,1,70,41,1,36,48,1,,2,36,1,,3,2,8,,,,,,,,,,,1,2,,877803,2,,16,95,95,1,2,01,1690,41,102.58665882
5336119,1,2,1,70,41,1,30,48,1,,2,30,4,,1,2,1,,,,,,,,,,,1,2,,877803,2,,81,55,55,1,2,01,8121,41,102.58665882
5336123,1,5,1,70,41,1,4,48,1,,2,260,1,,4,2,8,,,,,,,,,,,1,2,,877803,2,,56,45,53,1,1,01,5619,41,177.3528019
5336126,1,2,1,70,41,1,40,48,1,,2,40,4,,1,2,1,,,,,,,,,,,1,2,,877803,2,,81,53,55,1,2,01,8121,41,189.66859465
5336127,1,2,1,70,41,1,40,48,1,,2,40,1,,2,2,4,,,,,,,,,,,1,2,,877803,2,,25,83,83,1,2,01,2591,41,180.51644922
5336130,1,2,1,70,41,1,8,48,4,,2,8,4,,1,2,8,,,,,,,,,,,1,2,,877803,2,,41,95,95,1,1,01,4112,41,174.74340535
5336133,1,1,1,70,41,1,16,48,1,,2,16,1,,3,2,1,,,,,,,,,,,1,2,,877803,2,,45,84,84,1,2,01,4520,41,189.66859465
5336134,1,1,1,70,41,1,8,48,1,,2,8,4,,1,2,8,,,,,,,,,,,1,2,,877803,2,,41,95,95,1,1,01,4112,41,206.19174421
5336136,1,2,1,70,41,1,52,48,4,,1,,,,,,,,.,,,,,,,,.,,,,877803,,,,95,,1,2,01,.,41,128.33025159
5336139,1,3,1,70,41,1,4,48,1,,2,4,1,,4,2,1,,,,,,,,,,,1,2,,877803,2,,47,45,45,1,1,01,4755,41,222.09490043
5336141,1,3,1,70,41,1,4,48,2,,2,4,2,,9,2,3,,,,,,,,,,,1,2,,2500000,2,,85,13,13,1,1,01,8544,41,104.82695068
5336150,1,2,1,70,41,1,104,48,2,,2,104,1,,9,2,8,,,,,,,,,,,1,2,,877803,2,,51,54,59,1,2,01,5111,41,200.41870034
5336155,1,1,1,70,18,1,36,48,3,,2,36,3,,1,2,1,,,,,,,,,,,1,2,,600000,2,,97,54,54,1,2,01,9700,18,90.628988003
5336159,1,2,1,70,18,1,36,48,1,,2,36,1,,3,2,1,,,,,,,,,,,1,2,,980000,2,,96,32,32,1,2,01,9603,18,101.50483987
5336160,1,1,1,70,18,1,120,48,1,,2,120,2,,9,2,1,,,,,,,,,,,1,2,,980000,2,,88,59,59,1,2,01,8810,18,76.862757396
5336160,1,2,1,70,18,1,4,48,1,,2,4,1,,9,2,7,,,,,,,,,,,1,1,1000000,980000,2,,42,98,98,1,1,01,4210,18,76.862757396
5336160,1,4,1,70,18,1,2,48,1,,2,2,4,,9,2,7,,,,,,,,,,,1,1,1100000,980000,2,,86,59,59,1,1,01,8610,18,76.862757396
5336161,1,1,1,70,18,1,24,48,1,,2,24,1,,4,2,7,,,,,,,,,,,1,2,,980000,2,,53,33,33,1,2,01,5320,18,88.569150001
5336166,1,2,1,70,18,1,53,48,1,,2,53,1,,2,2,1,,,,,,,,,,,1,2,,900000,2,,18,53,37,1,2,01,1811,18,88.569150001
5336176,1,3,1,70,18,1,24,48,1,,2,24,1,,4,2,1,,,,,,,,,,,1,1,980000,1500000,2,,69,19,32,1,2,01,6910,18,98.26327152
5336180,1,2,1,70,11,1,8,40,1,,2,10,1,,7,2,5,,,,,,,,,,,1,2,,877803,2,,13,39,33,1,1,01,1312,11,4217.7243641
5336181,1,1,1,70,11,1,24,48,1,,2,24,1,,9,2,7,,,,,,,,,,,1,2,,1100000,2,,85,13,59,1,2,01,8530,11,2937.6628058
5336183,1,1,1,70,11,1,52,48,1,,2,52,1,,8,2,3,,,,,,,,,,,1,2,,877803,2,,56,53,53,1,2,01,5611,11,3045.4667472
5336184,1,1,1,70,27,1,24,40,1,,2,24,1,,6,2,1,,,,,,,,,,,1,2,,2000000,2,,94,02,31,1,2,01,9499,27,87.03754733
5336191,1,2,1,70,27,1,48,40,3,,2,48,3,,1,2,1,,,,,,,,,,,1,2,,400000,2,,97,54,54,1,2,01,9700,27,41.038774473
5336196,1,1,1,70,27,1,48,40,1,,2,48,2,,6,2,1,,,,,,,,,,,1,2,,1600000,2,,86,59,59,1,2,01,8621,27,34.603350063
5336208,1,1,1,70,27,1,48,40,2,,2,48,1,,6,2,2,,,,,,,,,,,1,2,,1000000,2,,88,13,59,1,2,01,8890,27,34.603350063
5336272,1,2,1,70,11,1,36,30,4,,2,4,4,,1,2,1,,,,,,,,,,,1,1,98,877803,2,,47,41,41,1,2,01,4774,11,2923.2679054
5336289,1,3,1,70,27,1,12,40,1,,2,12,2,,9,2,1,,,,,,,,,,,1,2,,1700000,2,,86,07,07,1,1,01,8621,27,34.603350063
5336290,1,2,1,70,27,1,32,40,4,,2,40,4,,1,2,1,,,,,,,,1,,,,2,,900000,2,,49,98,98,1,2,01,4921,27,34.603350063
5336298,1,1,1,70,11,1,42,48,1,,2,42,4,,2,2,8,,,,,,,,1,,,,2,,1200000,2,,47,33,41,1,2,01,4771,11,2569.0032217
5336298,1,3,1,70,11,1,75,48,1,,1,,,,,,,,.,,,,,,,,.,,,,908000,,,,38,,1,2,01,.,11,2569.0032217
5336311,1,3,1,70,52,1,52,48,1,,2,54,1,,8,2,1,,,,,,,,,,,1,2,,1500000,2,,56,02,50,1,2,01,5611,52,153.16699498
5336317,1,1,1,70,52,1,20,48,1,,2,54,1,,2,2,1,,,,,,,,,,,1,2,,877803,2,,49,98,98,1,2,01,4921,52,101.7673978
5336319,1,3,1,70,52,1,16,48,1,,2,16,2,,9,2,6,,,,,,,,,,,1,2,,877803,2,,84,58,58,1,2,01,8422,52,204.1367589
5336321,1,2,1,70,52,1,54,48,4,,2,2,4,,5,2,7,,,,,,,,,,,1,1,1500000,1500000,2,,88,19,19,1,2,01,8890,52,123.52116417
5336321,1,3,1,70,52,1,40,48,1,,2,40,1,,6,2,1,,,,,,,,,,,1,2,,877803,2,,55,39,39,1,2,01,5511,52,123.52116417
5336326,1,2,1,70,52,1,24,48,1,,2,24,1,,2,2,1,,,,,,,,,,,1,2,,1500000,2,,69,12,12,1,2,01,6910,52,137.52951955
5336334,1,1,1,70,52,1,40,48,1,,2,40,1,,4,2,1,,,1,,,,,,,,,2,,2000000,1,1,85,12,30,1,2,01,8551,52,237.09579989
5336341,1,3,1,70,54,1,40,50,4,,2,40,1,,2,2,1,,,,,,,,,,,1,2,,700000,2,,25,87,87,1,2,01,2592,54,336.99559066
5336344,1,3,1,70,54,1,40,48,1,,2,6,4,,1,2,1,,,,,,,,,,,1,2,,900000,2,,15,39,80,1,2,01,1522,54,337.74669464
5336344,1,4,1,70,54,1,4,60,1,,2,40,4,,1,2,1,,,,,,,,,,,1,2,,500000,2,,15,39,99,1,1,01,1522,54,337.74669464
5336345,1,4,1,70,54,1,6,48,4,,1,,,,,,,,.,,,,,,,,.,,,,400000,,,,45,,1,1,01,.,54,355.59697701
5336354,1,2,1,70,54,1,24,60,4,,2,6,4,,1,2,1,,,,,,,,,,,1,2,,600000,2,,47,79,41,1,2,01,4771,54,320.75423736
5336354,1,7,1,70,54,1,16,60,3,,2,40,4,,1,2,1,,,,,,,,,,,1,2,,500000,2,,56,54,53,1,2,01,5611,54,320.75423736
5336372,1,2,1,70,05,1,44,48,1,,2,44,1,,9,1,1,,,,,,,,,,,1,2,,878000,2,,52,21,21,1,2,01,5221,05,1528.0623646
5336372,1,4,1,70,05,1,44,48,1,,2,44,1,,4,2,7,,,,,,,,,,,1,2,,878000,2,,56,53,53,1,2,01,5611,05,1528.0623646
5336377,1,1,1,70,05,1,40,48,1,,2,20,4,,1,2,1,,,,,,,,,,,1,2,,878000,2,,96,57,57,1,2,01,9602,05,1284.1621123
5336381,1,1,1,70,05,1,8,48,4,,2,8,4,,1,2,1,,,,,1,,,,,,,2,,878000,2,,81,55,55,1,1,01,8121,05,1278.4535833
5336382,1,1,1,70,05,1,2,48,1,,2,2,1,,2,2,9,POR COBERTURA URGENCIAS UN MES,,,,,,,,,,1,1,878000,878000,2,,47,45,45,1,1,01,4771,05,1064.8326483
5336412,1,1,1,70,54,1,52,60,4,,2,52,4,,1,2,1,,,,,,,,,,,1,2,,1000000,2,,92,77,45,1,2,01,9200,54,402.48328912
5336412,1,3,1,70,54,1,40,48,1,,2,40,1,,2,2,1,,,,,,,,,,,1,2,,850000,2,,47,44,45,1,2,01,4741,54,402.48328912
5336415,1,1,1,70,54,1,40,60,1,,2,40,4,,1,2,1,,,,,,,,,,,1,2,,900000,2,,47,58,41,1,2,01,4772,54,409.62377183
5336415,1,3,1,70,54,1,24,48,1,,2,24,4,,1,2,1,,,,,,,,,,,1,2,,900000,2,,52,45,97,1,2,01,5224,54,409.62377183
5336416,2,4,2,70,54,1,6,48,3,,2,98,1,,4,2,8,,,,,,,,,,,1,2,,600000,2,,55,54,55,1,1,01,5511,54,720.76799981
5336417,1,1,1,70,54,1,10,50,1,,2,10,4,,1,2,1,,,,,,,,,,,1,2,,800000,2,,41,95,95,1,1,01,4112,54,299.1795577
5336417,1,3,1,70,54,1,4,60,4,,2,4,4,,1,2,1,,,,,,,,,,,1,1,150000,600000,2,,82,97,97,1,1,01,8292,54,299.1795577
5336417,1,5,1,70,54,1,12,70,4,,2,12,4,,1,2,1,,,,,,,,,,,1,2,,800000,2,,15,95,80,1,1,01,1522,54,299.1795577
5336419,1,1,1,70,54,1,4,48,1,,2,4,4,,1,2,1,,,,,,,,,,,1,1,300000,800000,2,,41,97,95,1,1,01,4111,54,461.07852134
5336421,1,2,1,70,54,1,52,48,1,,2,3,4,,1,2,1,,,,,,,,,,,1,1,150000,800000,2,,14,39,59,1,2,01,1410,54,379.89571488
5336421,1,3,1,70,54,1,4,72,1,,2,4,4,,1,2,7,,,,,,,,,,,1,1,100000,1000000,2,,41,58,95,1,1,01,4111,54,379.89571488
5336422,1,1,1,70,54,1,24,50,4,,2,40,4,,1,2,7,,,,,,,,,,,1,2,,500000,2,,56,53,53,1,2,01,5611,54,397.19975195
5336423,1,1,1,70,54,1,3,48,4,,2,2,4,,9,2,7,,,,,,,,,,,1,1,1550000,1800000,2,,84,39,39,1,1,01,8412,54,289.97538681
5336429,1,1,1,70,68,1,12,48,1,,2,18,1,,3,2,1,,,,,,,,,,,1,2,,900000,2,,68,62,62,1,1,01,6820,68,638.90959742
5336429,1,2,1,70,68,1,16,48,1,,2,14,1,,3,2,1,,,,1,,,,,,,,2,,900000,1,4,68,55,55,1,2,01,6820,68,638.90959742
5336433,1,2,1,70,68,1,18,48,1,,2,18,1,,9,2,1,,,,,,,,,,,1,2,,900000,2,,82,38,38,1,2,01,8220,68,539.27955547
5336433,1,4,1,70,68,1,14,50,1,,2,14,1,,3,2,1,,,,,,,,,,,1,2,,900000,2,,96,57,57,1,2,01,9602,68,539.27955547
5336438,1,2,1,70,68,1,16,48,1,,2,16,1,,4,2,2,,,,,,,,,,,1,2,,900000,2,,68,55,55,1,2,01,6820,68,534.77336038
5336439,1,1,1,70,68,1,8,48,1,,2,8,1,,9,2,1,,,,,,,,,,,1,2,,1000000,2,,64,44,44,1,1,01,6499,68,701.34953874
5336440,1,3,1,70,68,1,18,48,1,,2,18,1,,3,2,1,,,,,,,,,,,1,2,,900000,2,,47,45,45,1,2,01,4771,68,378.83312469
5336441,1,1,1,70,68,1,18,48,1,,2,12,1,,3,2,1,,,,,,,,,,,1,2,,900000,2,,15,80,80,1,2,01,1521,68,654.56064146
5336441,1,2,1,70,68,1,8,48,1,,2,8,4,,1,2,1,,,,,,,,,,,1,2,,900000,2,,15,80,80,1,1,01,1521,68,654.56064146
5336452,1,1,1,70,54,1,2,48,3,,2,40,3,,1,2,1,,,,,,,,,,,1,2,,908000,2,,97,54,54,1,1,01,9700,54,427.28379979
5336452,3,1,3,70,54,1,44,48,4,,2,24,1,,4,2,1,,,,,,,,,,,1,2,,1000000,2,,47,98,97,1,2,01,4741,54,427.28379979
5336454,1,1,1,70,54,1,1,48,4,,2,52,3,,1,2,6,,,,,,,,,,,1,2,,400000,2,,97,77,54,1,1,01,9700,54,287.20607149
5336454,1,2,1,70,54,1,1,48,4,,2,2,4,,1,2,4,,,,,,,,,,,1,1,360000,600000,,,95,80,80,1,1,01,9522,54,287.20607149
5336457,1,2,1,70,52,1,20,40,1,,2,39,4,,1,2,1,,,,,,,,,,,1,2,,980657,2,,56,97,77,1,2,01,5619,52,206.74757033
5336458,1,2,1,70,52,1,18,40,1,,2,52,1,,2,2,2,,,,,,,,,,,1,2,,900000,2,,47,32,40,1,2,01,4772,52,296.26910799
5336459,1,3,1,70,52,1,52,48,1,,2,52,1,,9,2,1,,,,,,,,,,,1,2,,980657,2,,47,44,45,1,2,01,4752,52,259.64835989
5336459,1,4,1,70,52,1,104,40,1,,2,104,1,,2,2,1,,,,,,,,,,,1,2,,980657,2,,47,45,45,1,2,01,4761,52,259.64835989
5336466,1,2,1,70,52,1,52,25,1,,2,77,1,,4,2,1,,,,,,,,,,,1,2,,450000,2,,47,34,34,1,2,01,4711,52,205.39856758
5336468,1,1,1,70,52,1,28,48,1,,2,28,4,,1,2,6,,,,,,,,,,,1,2,,800000,2,,41,58,95,1,2,01,4111,52,241.93077298
5336468,1,5,1,70,52,1,40,48,1,,2,4,1,,6,2,1,,,,,,,,,,,1,1,400000,500000,2,,68,12,58,1,2,01,6820,52,241.93077298
5336472,1,1,1,70,52,1,256,40,1,,2,52,4,,1,2,2,,,,,,,,,,,1,2,,980657,2,,47,45,45,1,2,01,4789,52,219.02027319
5336472,1,2,1,70,52,1,2,25,1,,2,350,1,,3,2,2,,,,,,,,,,,1,2,,900000,2,,25,45,05,1,1,01,2599,52,219.02027319
5336473,1,2,1,70,52,1,5,40,1,,2,12,4,,9,2,1,,,,,1,,,,,,,2,,1500000,1,2,85,02,21,1,1,01,8544,52,124.47414556
5336474,1,2,1,70,54,1,24,50,4,,2,12,4,,1,2,1,,,,,,,,,,,1,2,,900000,2,,56,95,77,1,2,01,5619,54,663.39398718
5336476,1,2,1,70,52,1,104,40,3,,2,10,3,,1,2,2,,,,,,,,,,,1,2,,900000,2,,97,54,54,1,2,01,9700,52,112.57453996
5336476,1,3,1,70,52,1,6,30,1,,2,6,1,,6,2,1,,,,,,,,,,,1,2,,980657,2,,85,13,13,1,1,01,8530,52,112.57453996
5336491,1,3,1,70,54,1,12,48,1,,2,12,1,,5,2,1,,,,,,,,,,,1,2,,1200000,2,,85,13,13,1,1,01,8530,54,287.13271731
5336493,1,2,1,70,54,1,7,48,4,,2,7,4,,1,2,8,,,,,,,,,,,1,2,,800000,2,,41,95,95,1,1,01,4112,54,411.09296239
5336494,1,1,1,70,54,1,5,24,1,,2,5,4,,1,2,1,,,,,,,,1,,,,2,,800000,2,,56,33,53,1,1,01,5619,54,270.82497968
5336495,1,1,1,70,54,1,8,48,4,,2,8,4,,1,2,1,,,,,,,,,,,1,2,,900000,2,,47,98,41,1,1,01,4772,54,281.91800225
5336495,1,2,1,70,54,1,12,48,4,,2,12,4,,1,2,1,,,,,,,,,,,1,2,,900000,2,,81,55,55,1,1,01,8121,54,281.91800225
5336505,1,1,1,70,52,1,32,24,1,,2,48,4,,1,2,1,,,,,,,,,,,1,2,,877000,2,,47,45,45,1,2,01,4782,52,292.00046652
5336507,1,4,1,70,52,1,2,48,1,,2,2,1,,2,2,1,,,,,,,,,,,1,1,60000,877000,2,,56,53,58,1,1,01,5619,52,211.9799134
5336507,1,5,1,70,52,1,4,24,1,,2,4,1,,2,2,1,,,,,,,,,,,1,1,480000,877000,2,,47,45,45,1,1,01,4721,52,211.9799134
5336511,1,3,1,70,52,1,4,40,1,,2,96,1,,2,2,2,,,,,,,,,,,1,2,,877000,2,,86,45,32,1,1,01,8621,52,137.49388787
5336523,1,4,1,70,52,1,24,40,1,,2,144,1,,3,2,2,,,,,,,,,,,1,2,,877000,2,,47,21,33,1,2,01,4772,52,172.43952659
5336529,1,3,1,70,44,1,2,45,4,,2,2,4,,1,2,7,,,,,,,,,,,1,1,100000,400000,2,,81,55,55,1,1,01,8121,44,82.122986114
5336543,1,2,1,70,44,1,24,45,1,,2,29,1,,9,2,1,,,,,,,,,,,1,2,,1000000,2,,70,39,39,1,2,01,7010,44,117.55460491
5336550,1,1,1,70,44,1,4,40,4,,1,,,,,,,,.,,,,,,,,.,,,,877800,,,,59,,1,1,01,.,44,138.94360866
5336551,1,2,1,70,19,1,24,45,1,,2,24,1,,6,2,1,,,,,,,,,,,1,2,,877810,2,,85,13,13,1,2,01,8544,19,156.41828331
5336552,1,4,1,70,19,1,3,45,2,,2,4,1,,6,1,6,,,,,,,,,,,1,2,,2000000,2,,85,13,13,1,1,01,8530,19,156.52658412
5336553,1,1,1,70,19,1,2,48,1,,2,3,4,,1,2,1,,,,,,,,,,,1,2,,877810,2,,43,03,03,1,1,01,4321,19,156.73367346
5336571,1,2,1,70,19,1,10,48,4,,2,96,4,,1,2,4,,,,,,,,,,,1,2,,700000,2,,81,55,55,1,1,01,8121,19,126.05918614
5336592,1,2,1,70,19,1,7,48,4,,2,36,4,,6,2,4,,,,,,,,,,,1,2,,1000000,2,,61,11,11,1,1,01,6120,19,106.0996203
5336592,1,3,1,70,19,1,4,48,1,,2,24,1,,9,2,4,,,,,,,,,,,1,2,,1200000,2,,46,39,39,1,1,01,4631,19,106.0996203
5336607,1,1,1,70,19,1,3,48,4,,2,5,3,,2,2,1,,,,,,,,,,,1,2,,500000,2,,97,55,54,1,1,01,9700,19,154.42441654
5336607,1,2,1,70,19,1,10,60,4,,2,14,4,,2,2,1,,,,,,,,,,,1,2,,700000,2,,47,41,45,1,1,01,4799,19,154.42441654
5336626,1,1,1,70,19,1,48,40,1,,2,48,2,,9,2,1,,,,,1,,,,,,,2,,3000000,2,,84,12,31,1,2,01,8412,19,156.77166557
5336670,1,3,1,70,05,1,52,48,1,,1,,,,,,,,.,,,,,,,,.,,,,908526,,,,39,,1,2,01,.,05,1146.0506203
5336672,1,2,1,70,05,1,1,48,1,,2,2,1,,4,2,8,,,,,,,,,,,1,1,877803,908526,2,,47,33,45,1,1,01,4772,05,1323.2984777
5336739,1,1,1,70,76,1,2,40,1,,2,2,1,,4,2,4,,,,,,,,,1,NO PAGA PENSION PERO ARGUMENTA QUE YA CUMPLIO LAS SEMANAS REQUERIDAS Y SOLO ESPERA CUMPLIR CON LA EDAD NECESARIA PARA SOLICITAR SU PENSION,,1,1500000,1500000,2,,68,21,21,1,1,01,6820,76,809.30288586
5336758,1,3,1,70,18,1,50,50,1,,2,52,1,,3,2,1,,,,,,,,,,,1,2,,900000,2,,75,45,45,1,2,01,7500,18,59.346464239
5336759,1,1,1,70,18,1,6,50,1,,2,6,1,,5,2,1,,,,,,,,,,,1,2,,900000,2,,80,58,58,1,1,01,8010,18,83.955438015
5336771,1,1,1,70,76,1,52,48,1,,2,52,4,,9,2,1,,,,,,,,,,,1,1,98,877803,2,,94,39,39,1,2,01,9499,76,1127.5729694
5336771,1,3,1,70,76,1,78,50,1,,2,12,1,,2,2,1,,,,,,,,,,,1,1,98,98,2,,41,95,95,1,2,01,4111,76,1127.5729694
5336772,1,1,1,70,76,1,2,48,1,,2,10,1,,4,2,7,,,,,,,,,,,1,1,200000,1200000,2,,42,95,95,1,1,01,4210,76,1127.5729694
5336805,1,1,1,70,19,1,20,45,3,,2,20,3,,1,2,3,,,,,,,,,,,1,2,,980000,2,,97,55,55,1,2,01,9700,19,85.72030604
5336807,1,2,1,70,19,1,8,45,1,,2,8,1,,5,2,1,,,,,,,,,,,1,2,,1000000,2,,85,13,13,1,1,01,8530,19,98.97479285
5336822,1,1,1,70,19,1,52,45,1,,2,52,1,,3,2,1,,,,,,,,,,,1,2,,980000,2,,47,45,45,1,2,01,4711,19,168.69855418
5336824,1,2,1,70,19,1,52,40,3,,2,60,3,,1,2,1,,,,,,,,1,,,,2,,600000,2,,97,55,54,1,2,01,9700,19,108.95457577
5336825,1,2,1,70,19,1,36,48,1,,2,36,1,,2,2,8,,,,,,,,,,,1,2,,800000,2,,61,21,21,1,2,01,6190,19,93.965905335
5336829,1,1,1,70,19,1,50,45,1,,2,50,4,,2,2,1,,,,,,,,,,,1,2,,1000000,2,,47,45,41,1,2,01,4773,19,116.39479336
5336831,1,1,1,70,19,1,52,40,1,,2,52,1,,5,2,1,,,,,,,,,,,1,2,,3500000,2,,71,02,02,1,2,01,7110,19,126.05918614
5336840,1,2,1,70,19,1,40,48,1,,2,40,4,,1,2,1,,,1,,,,,,,,,2,,980000,1,1,70,34,21,1,2,01,7020,19,63.187288139
5336842,1,2,1,70,19,1,150,48,1,,2,150,1,,2,2,7,,,,,,,,,,,1,2,,890000,2,,16,81,81,1,2,01,1690,19,177.11298772
5336847,1,5,1,70,19,1,24,40,1,,2,24,2,,9,2,1,,,1,,,,,,,,,2,,2600000,1,1,85,19,13,1,2,01,8544,19,106.20792111
5336851,1,1,1,70,19,1,4,46,1,,2,4,1,,5,2,1,,,,,,,,,,,1,1,900000,900000,2,,47,98,97,1,1,01,4721,19,161.78055309
5336855,1,1,1,70,19,1,1,28,1,,2,12,1,,2,2,8,,,,,,,,,,,1,2,,450000,2,,10,45,77,1,1,01,1081,19,139.62906309
5336863,1,1,1,70,19,1,40,40,1,,2,40,4,,1,2,1,,,,,,,,,,,1,2,,980000,2,,47,53,45,1,2,01,4781,19,146.75389054
5336863,1,2,1,70,19,1,40,40,1,,2,40,1,,2,2,1,,,,,,,,,,,1,2,,600000,2,,42,95,95,1,2,01,4210,19,146.75389054
5336876,1,1,1,70,19,1,50,45,3,,2,52,3,,1,2,1,,,,,,,,,,,1,2,,980000,2,,97,54,54,1,2,01,9700,19,63.187288139
5336877,1,1,1,70,19,1,3,45,1,,2,3,4,,2,2,1,,,,,,,,,,,1,2,,900000,2,,41,95,95,1,1,01,4111,19,126.05918614
5336882,1,2,1,70,19,1,104,25,1,,2,150,1,,7,2,1,,,,,,,,,,,1,2,,877000,2,,94,32,03,1,2,01,9499,19,137.28181406
5336882,1,3,1,70,19,1,2,25,1,,2,150,1,,3,2,1,,,,,,,,,,,1,2,,500000,2,,85,45,93,1,1,01,8522,19,137.28181406
5336885,1,3,1,70,19,1,4,40,1,,2,4,1,,2,2,1,,,,,,,,,,,1,2,,877000,2,,47,45,45,1,1,01,4771,19,88.381944525
5336887,1,4,1,70,19,1,48,48,1,,2,48,1,,5,1,1,,,1,,,,,,,,,2,,980000,1,1,86,59,59,1,2,01,8699,19,181.33997558
5336891,1,1,1,70,11,1,24,48,1,,2,24,1,,2,2,3,,,,,,,,,,,1,2,,800000,2,,56,53,53,1,2,01,5619,11,5361.8835125
5336891,1,5,1,70,11,1,8,60,1,,2,8,1,,2,2,8,,,,,,,,,,,1,2,,900000,2,,56,45,53,1,1,01,5613,11,5361.8835125
5336896,1,1,1,70,11,1,58,48,1,,2,97,1,,9,2,2,,,,,,,,,,,1,2,,950000,2,,11,39,39,1,2,01,1104,11,4217.7243641
5336910,1,1,1,70,70,1,40,48,1,,2,43,1,,6,2,1,,,,,,,,,,,1,2,,600000,2,,47,45,45,1,2,01,4719,70,270.52693144
5336917,1,1,1,70,70,1,4,42,3,,2,5,3,,1,2,1,,,,,,,,,,,1,2,,400000,2,,97,54,54,1,1,01,9700,70,129.2152311
5336920,1,2,1,70,70,1,22,48,1,,2,28,4,,1,2,1,,,,,,,,,,,1,2,,400000,2,,47,03,45,1,2,01,4792,70,144.89522354
5336922,1,1,1,70,70,1,8,48,1,,2,8,1,,6,2,1,,,,,,,,,,,1,2,,1000000,2,,42,03,03,1,1,01,4210,70,124.53951486
5336928,1,3,1,70,70,1,24,48,1,,2,24,1,,9,2,1,,,,,,,,,,,1,2,,1600000,2,,42,02,02,1,2,01,4210,70,158.37857576
5336928,1,8,1,70,70,1,4,48,1,,2,4,4,,9,1,1,,,,,,,,,,,1,1,877803,908526,2,,85,39,39,1,1,01,8544,70,158.37857576
5336928,1,9,1,70,70,1,8,40,1,,2,12,1,,5,2,2,,,,,,,,,,,1,2,,600000,2,,85,13,13,1,1,01,8530,70,158.37857576
5336929,1,2,1,70,70,1,8,48,1,,2,48,1,,9,2,1,,,,,,,,,,,1,2,,908526,2,,46,39,39,1,1,01,4669,70,108.43792185
5336929,1,3,1,70,70,1,24,48,1,,1,,,,,,,,.,,,,,,,,.,,,,908526,,,,39,,1,2,01,.,70,108.43792185
5336931,1,3,1,70,70,1,2,48,1,,2,4,1,,9,2,1,,,,,,,,,,,1,1,877803,800000,2,,47,39,45,1,1,01,4772,70,223.79404775
5336933,1,4,1,70,54,1,40,48,1,,2,50,4,,1,2,2,,,,,,,,,,,1,2,,900000,2,,49,45,98,1,2,01,4921,54,453.5110808
5336942,1,1,1,70,70,1,8,48,1,,2,48,1,,9,2,1,,,,,,,,,,,1,2,,800000,2,,86,58,98,1,1,01,8692,70,132.42224441
5336946,1,2,1,70,54,1,1,48,1,,2,2,4,,9,2,1,,,1,,,,,,,,,1,3000000,908000,1,1,94,30,30,1,1,01,9499,54,323.52077719
5336950,1,1,1,70,54,1,3,48,4,,2,3,4,,1,2,1,,,,,,,,,,,1,1,665000,500000,2,,56,53,77,1,1,01,5619,54,342.937507
5336950,1,2,1,70,54,1,2,60,4,,2,2,4,,1,2,1,,,,,,,,,,,1,1,1200000,1200000,2,,15,80,80,1,1,01,1522,54,342.937507
5336952,1,1,1,70,76,1,12,30,1,,2,12,1,,9,2,1,,,1,,,,,,,,,2,,6000000,1,1,86,06,06,1,1,01,8621,76,809.30288586
5336957,1,2,1,70,70,1,4,48,1,,2,6,1,,4,2,2,,,,,,,,,,,1,1,500000,600000,2,,94,39,21,1,1,01,9499,70,133.89094734
5336961,1,4,1,70,54,1,3,48,1,,2,3,1,,6,2,7,,,,,,,,,,,1,1,620000,1000000,2,,96,56,56,1,1,01,9601,54,443.16916221
5336961,1,5,1,70,54,1,3,48,1,,2,3,4,,1,2,1,,,,,,,,,,,1,1,150000,1120000,2,,47,45,41,1,1,01,4772,54,443.16916221
5336973,1,5,1,70,54,1,6,48,1,,2,250,4,,1,2,1,,,,,,,,,,,1,2,,908000,2,,47,33,41,1,1,01,4723,54,253.89890673
5336979,1,3,1,70,76,1,24,40,1,,2,8,1,,3,2,4,,,,,,,,,,,1,2,,877807,2,,85,18,18,1,2,01,8552,76,1181.1804568
5336981,1,2,1,70,76,1,8,48,1,,2,8,1,,6,2,2,,,,,,,,,,,1,2,,877000,2,,86,59,59,1,1,01,8621,76,1104.8016632
5336988,1,2,1,70,76,1,36,48,4,,2,36,4,,1,2,2,,,,,,,,,,,1,2,,877000,2,,95,79,79,1,2,01,9529,76,948.64383403
5336990,1,1,1,70,70,1,4,48,1,,2,18,1,,4,2,2,,,,,,,,,,,1,2,,1200000,2,,47,45,45,1,1,01,4761,70,100.92240575
5336997,1,2,1,70,70,1,2,48,3,,2,36,1,,2,2,1,,,,,,,,,,,1,2,,400000,2,,47,54,45,1,1,01,4723,70,153.05702451
5336998,1,2,1,70,70,1,6,48,1,,2,38,1,,8,2,1,,,,,,,,,,,1,2,,1600000,2,,42,39,39,1,1,01,4210,70,93.948618497
5336999,1,4,1,70,70,1,3,48,1,,2,6,1,,6,2,1,,,,,,,,,,,1,2,,908526,2,,46,98,98,1,1,01,4631,70,133.88952589
5337000,1,2,1,70,76,1,52,48,1,,2,12,1,,5,2,2,,,,,,,,,,,1,2,,800000,2,,20,32,94,1,2,01,2022,76,1069.7094885
5337001,1,2,1,70,70,1,5,48,1,,2,4,2,,9,2,1,,,,,,,,,,,1,2,,1800000,2,,84,03,39,1,1,01,8412,70,124.0176509
5337002,1,1,1,70,70,1,3,40,2,,2,28,1,,7,2,2,,,,,,,,,,,1,2,,2300000,2,,85,13,13,1,1,01,8530,70,120.79057663
5337005,1,1,1,70,70,1,2,48,1,,2,42,4,,9,2,1,,,,,,,,,,,1,2,,1500000,2,,84,39,39,1,1,01,8413,70,112.99189229
5337009,1,3,1,70,76,1,104,48,1,,2,104,1,,3,2,1,,,,,,,,,,,1,2,,877807,2,,47,37,45,1,2,01,4772,76,1398.3400402
5337012,1,3,1,70,76,1,16,40,1,,1,,,,,,,,.,,,,,,,,.,,,,877807,,,,33,,1,2,01,.,76,944.68642123
5337013,1,2,1,70,70,1,1,40,1,,2,54,1,,8,2,2,,,,,,,,,,,1,2,,1200000,2,,85,13,13,1,1,01,8551,70,81.756132503
5337013,1,3,1,70,70,1,3,48,1,,1,,,,,,,,.,,,,,,,,.,,,,2300000,,,,13,,1,1,01,.,70,81.756132503
5337014,1,3,1,70,76,1,16,48,1,,2,16,1,,9,2,1,,,,,,,,,,,1,2,,877807,2,,10,39,39,1,2,01,1089,76,1045.7969214
5337026,1,2,1,70,70,1,3,48,1,,2,3,1,,9,2,1,,,,,,,,,,,1,2,,1000000,2,,88,13,13,1,1,01,8890,70,130.78545107
5337031,1,1,1,70,76,1,3,48,1,,2,3,4,,5,2,1,,,,,,,,,,,1,2,,877000,2,,84,53,53,1,1,01,8423,76,1084.0273694
5337031,1,2,1,70,76,1,2,48,1,,2,2,1,,5,2,1,,,,,,,,,,,1,2,,900000,2,,47,45,45,1,1,01,4772,76,1084.0273694
5337037,1,1,1,70,70,1,20,45,1,,2,35,1,,5,2,2,,,,,,,,,,,1,2,,1000000,2,,47,97,45,1,2,01,4719,70,107.11297344
5337083,1,1,1,70,27,1,44,47,1,,2,43,1,,9,2,1,,,,,,,,,,,1,2,,1000000,2,,86,40,39,1,2,01,8621,27,34.603350063
5337087,1,3,1,70,27,1,12,40,2,,1,,,,,,,,.,,,,,,,,.,,,,2500000,,,,12,,1,1,01,.,27,34.603350063
5337092,1,1,1,70,27,1,24,48,1,,2,24,1,,4,2,1,,,,,,,,1,,,,2,,1114000,2,,47,45,45,1,2,01,4775,27,64.064822887
5337100,1,2,1,70,27,1,52,48,4,,2,52,4,,4,2,1,,,,,,,,,,,1,2,,1500000,2,,07,71,71,1,2,01,0722,27,175.99766445
5337100,1,5,1,70,27,1,7,40,1,,1,,,,,,,,.,,,,,,,,.,,,,1200000,,,,13,,1,1,01,.,27,175.99766445
5337110,1,2,1,70,08,1,16,48,1,,2,16,1,,9,2,2,,,,,,,,,,,1,2,,1100000,2,,86,59,59,1,2,01,8621,08,627.48432922
5337117,1,4,1,70,08,1,16,48,1,,2,16,1,,9,2,4,,,,,,,,,,,1,2,,1300000,2,,53,45,37,1,2,01,5320,08,505.69374092
5337121,1,1,1,70,54,1,12,48,4,,2,12,4,,1,2,1,,,,,,,,,,,1,2,,1200000,2,,15,21,21,1,1,01,1522,54,398.07417218
5337121,1,6,1,70,54,1,6,30,1,,2,6,1,,8,2,3,,,,,,,,,,,1,2,,2000000,2,,85,13,13,1,1,01,8530,54,398.07417218
5337128,1,2,1,70,54,1,10,48,4,,2,10,4,,1,2,8,,,,,,,,,,,1,2,,400000,2,,52,97,97,1,1,01,5224,54,444.79468641
5337133,1,1,1,70,54,1,8,48,1,,2,8,4,,1,2,1,,,,,,,,,,,1,2,,600000,2,,96,45,57,1,1,01,9602,54,416.4401084
5337136,1,2,1,70,54,1,1,48,1,,2,1,4,,1,2,8,,,,,,,,,,,1,1,600000,800000,2,,96,33,57,1,1,01,9602,54,294.57747225
5337136,1,3,1,70,54,1,16,48,1,,2,16,4,,1,2,8,,,,,,,,,,,1,2,,500000,2,,47,33,41,1,2,01,4711,54,294.57747225
5337145,1,1,1,70,08,1,8,48,1,,2,8,1,,9,2,1,,,,,,,,,,,1,2,,910000,2,,56,32,53,1,1,01,5611,08,950.05945483
5337148,1,2,1,70,08,1,24,48,1,,2,40,1,,9,2,1,,,,,,,,,,,1,2,,950000,2,,25,58,05,1,2,01,2599,08,835.8197181
5337150,1,2,1,70,27,1,6,30,1,,1,,,,,,,,.,,,,,,,,.,,,,500000,,,,45,,1,1,01,.,27,34.603350063
5337150,1,4,1,70,27,1,8,40,1,,1,,,,,,,,.,,,,,,,,.,,,,2500000,,,,19,,1,1,01,.,27,34.603350063
5337153,1,3,1,70,08,1,6,48,1,,1,,,,,,,,.,,,,,,,,.,,,,850000,,,,39,,1,1,01,.,08,617.0407594
5337157,1,3,1,70,08,1,20,48,1,,1,,,,,,,,.,,,,,,,,.,,,,900000,,,,59,,1,2,01,.,08,627.48432922
5337160,1,4,1,70,08,1,16,48,1,,2,22,1,,9,2,1,,,,,,,,,,,1,2,,1200000,2,,22,03,03,1,2,01,2219,08,579.02314354
5337162,1,1,1,70,27,1,8,40,1,,2,53,1,,3,2,1,,,,,,,,,,,1,2,,1114000,2,,55,54,54,1,1,01,5511,27,34.603350063
5337163,1,1,1,70,27,1,8,40,1,,2,32,1,,3,2,1,,,,,,,,,,,1,2,,400000,2,,56,13,53,1,1,01,5611,27,34.603350063
5337164,1,1,1,70,27,1,8,40,1,,2,104,2,,9,2,2,,,,,,,,,,,1,2,,900000,2,,88,59,53,1,1,01,8810,27,34.603350063
5337165,1,1,1,70,27,1,8,48,1,,2,8,1,,3,2,1,,,,,,,,1,,,,2,,1114000,2,,47,45,45,1,1,01,4771,27,34.603350063
5337169,1,4,1,70,08,1,24,40,1,,2,24,4,,1,2,1,,,,,,,,,,,1,2,,900000,2,,47,55,45,1,2,01,4792,08,921.20165229
5337169,1,8,1,70,08,1,52,40,1,,2,52,4,,1,2,2,,,,,,,,,,,1,2,,900000,2,,47,32,45,1,2,01,4792,08,921.20165229
5337170,1,3,1,70,08,1,52,48,1,,2,8,4,,1,2,1,,,,,,,,,,,1,1,300000,900000,2,,47,32,45,1,2,01,4771,08,503.24355402
5337172,1,4,1,70,08,1,2,40,1,,2,8,1,,1,2,1,,,,,,,,,,,1,1,280000,900000,2,,41,95,95,1,1,01,4111,08,748.75126275
5337172,1,5,1,70,08,1,52,40,1,,2,108,1,,8,2,1,,,,,,,,,,,1,2,,900000,2,,14,79,79,1,2,01,1410,08,748.75126275
5337172,1,9,1,70,08,1,8,40,1,,2,8,1,,8,2,1,,,,,,,,,,,1,2,,1200000,2,,86,45,34,1,1,01,8621,08,748.75126275
5337180,1,3,1,70,08,1,52,40,1,,2,52,1,,9,2,1,,,,,,,,,,,1,2,,1500000,2,,78,19,19,1,2,01,7810,08,722.68688338
5337184,1,3,1,70,27,1,8,48,1,,2,8,1,,9,2,1,,,,,,,,,,,1,2,,2000000,2,,92,59,59,1,1,01,9200,27,34.603350063
5337191,1,2,1,70,63,1,28,50,1,,2,28,4,,1,2,2,,,,,,,,,,,1,2,,877803,2,,56,98,97,1,2,01,5611,63,131.17397443
5337194,1,1,1,70,63,1,5,30,4,,2,5,4,,1,2,1,,,,,,,,,,,1,2,,240000,2,,96,56,56,1,1,01,9601,63,119.39785046
5337199,1,2,1,70,27,1,8,48,2,,2,30,1,,9,2,1,,,,,,,,,,,1,2,,1500000,2,,41,13,39,1,1,01,4112,27,34.603350063
5337200,1,1,1,70,63,1,13,45,3,,2,12,3,,1,2,8,,,,,,,,,,,1,2,,700000,2,,97,54,54,1,1,01,9700,63,131.17397443
5337200,1,2,1,70,63,1,36,54,1,,2,36,1,,7,2,1,,,,,,,,,,,1,2,,877803,2,,41,45,58,1,2,01,4111,63,131.17397443
5337201,1,2,1,70,63,1,5,50,1,,2,8,1,,2,2,1,,,,,,,,,,,1,2,,877803,2,,41,95,95,1,1,01,4111,63,77.900116833
5337201,1,3,1,70,63,1,30,40,1,,2,42,1,,7,2,1,,,,,,,,,,,1,2,,877803,2,,86,39,39,1,2,01,8691,63,77.900116833
5337201,1,8,1,70,63,1,20,50,4,,2,20,4,,1,2,1,,,,,,,,,,,1,2,,877803,2,,41,95,95,1,2,01,4111,63,77.900116833
5337205,1,1,1,70,63,1,2,44,1,,2,2,3,,1,2,1,,,,,,,,,,,1,1,877803,877803,2,,97,33,54,1,1,01,9700,63,122.86456649
5337212,1,2,1,70,63,1,2,40,1,,2,104,1,,9,2,2,,,,,,,,,,,1,2,,877803,2,,61,03,44,1,1,01,6110,63,149.24292434
5337216,1,2,1,70,63,1,16,40,1,,2,16,1,,4,2,1,,,,,,,,,,,1,2,,877803,2,,46,39,39,1,2,01,4663,63,74.445258756
5337218,1,2,1,70,63,1,3,54,1,,2,4,3,,1,2,1,,,,,,,,,,,1,1,438900,877803,2,,97,55,54,1,1,01,9700,63,129.51862308
5337224,1,3,1,70,63,1,38,44,1,,1,,,,,,,,.,,,,,,,,.,,,,900000,,,,70,,1,2,01,.,63,109.43309117
5337235,1,2,1,70,08,1,52,40,1,,2,40,4,,1,2,1,,,,,,,,,,,1,2,,900000,2,,56,97,53,1,2,01,5619,08,652.6326037
5337240,1,3,1,70,08,1,108,40,1,,2,52,1,,9,2,1,,,,,,,,,,,1,2,,900000,2,,82,39,38,1,2,01,8220,08,453.04275905
5337254,1,2,1,70,17,1,72,48,1,,2,96,1,,9,2,5,,,1,,,,,,,,,2,,910000,1,2,96,55,55,1,2,01,9603,17,194.17774912
5337256,1,2,1,70,27,1,2,54,4,,2,2,4,,3,2,1,,,,,,,,,,,1,1,1500000,1000000,2,,41,95,95,1,1,01,4112,27,34.603350063
5337259,1,2,1,70,08,1,4,48,1,,2,6,1,,9,2,1,,,,,,,,,,,1,2,,900000,2,,84,39,39,1,1,01,8412,08,595.41436935
5337262,1,3,1,70,08,1,9,48,1,,1,,,,,,,,.,,,,,,,,.,,,,600000,,,,45,,1,1,01,.,08,825.19572979
5337268,1,6,1,70,08,1,12,48,1,,2,18,1,,9,2,1,,,,,,,,,,,1,2,,850000,2,,47,45,45,1,1,01,4771,08,498.50018524
5337280,1,2,1,70,17,1,3,48,2,,2,3,4,,9,2,8,,,,,,,,,,,1,1,2650000,1800000,2,,85,05,05,1,1,01,8551,17,194.27560141
5337283,1,2,1,70,08,1,4,48,1,,2,6,1,,9,2,1,,,,,,,,,,,1,2,,900000,2,,88,45,59,1,1,01,8810,08,591.07213401
5337288,1,2,1,70,08,1,12,40,3,,2,14,3,,1,2,1,,,,,,,,,,,1,2,,500000,2,,97,54,54,1,1,01,9700,08,472.3690479
5337288,1,3,1,70,08,1,4,40,3,,1,,,,,,,,.,,,,,,,,.,,,,500000,,,,54,,1,1,01,.,08,472.3690479
5337290,1,2,1,70,08,1,48,48,1,,1,,,,,,,,.,,,,,,,,.,,,,500000,,,,55,,1,2,01,.,08,760.29023016
5337294,1,2,1,70,08,1,4,40,3,,2,6,3,,1,2,8,,,,,,,,,,,1,2,,400000,2,,97,54,54,1,1,01,9700,08,689.0447989
5337299,1,2,1,70,17,1,2,48,4,,2,2,4,,9,2,5,,,1,,,,,,,,,1,3000000,3500000,1,2,84,19,19,1,1,01,8413,17,187.11179144
5337351,1,2,1,70,54,1,32,48,4,,2,40,4,,1,2,1,,,,,,,,,,,1,2,,900000,2,,56,53,53,1,2,01,5611,54,504.24774373
5337351,1,4,1,70,54,1,16,48,4,,2,16,4,,1,2,1,,,,,,,,,,,1,2,,700000,2,,15,80,80,1,2,01,1522,54,504.24774373
5337354,1,1,1,70,54,1,7,48,4,,2,7,4,,1,2,1,,,,,,,,,,,1,2,,900000,2,,56,53,53,1,1,01,5619,54,342.937507
5337354,1,3,1,70,54,1,2,48,4,,2,3,4,,1,2,1,,,,,,,,,,,1,1,140000,600000,2,,15,80,80,1,1,01,1522,54,342.937507
5337355,1,1,1,70,08,1,16,40,1,,2,16,1,,2,2,1,,,,,,,,,,,1,2,,800000,2,,47,95,77,1,2,01,4724,08,698.35232854
5337355,1,9,1,70,08,1,2,40,1,,2,2,1,,4,2,1,,,,,,,,,,,1,1,600000,900000,2,,47,97,45,1,1,01,4752,08,698.35232854
5337358,1,1,1,70,17,1,144,40,4,,2,240,4,,1,2,5,,,,,,,,,,,1,2,,906000,2,,49,98,98,1,2,01,4921,17,216.22327025
5337359,1,3,1,70,54,1,40,48,1,,2,52,1,,7,2,1,,,,,,,,,,,1,2,,900000,2,,55,39,39,1,2,01,5511,54,309.56395791
5337364,1,1,1,70,17,1,4,48,2,,2,4,1,,9,2,4,,,,,,,,,,,1,1,750000,1500000,2,,85,13,13,1,1,01,8544,17,187.51036918
5337369,1,3,1,70,54,1,52,48,1,,1,,,,,,,,.,,,,,,,,.,,,,1800000,,,,07,,1,2,01,.,54,188.77378601
5337375,1,1,1,70,54,1,40,48,1,,2,40,1,,5,2,1,,,,,,,,,,,1,2,,877800,2,,47,45,45,1,2,01,4752,54,202.40320161
5337377,1,1,1,70,54,1,32,48,4,,1,,,,,,,,.,,,,,,,,.,,,,900000,,,,53,,1,2,01,.,54,519.70740161
5337377,1,2,1,70,54,1,3,48,1,,2,3,1,,7,2,1,,,,,,,,,,,1,1,800000,900000,2,,14,79,79,1,1,01,1410,54,519.70740161
5337382,1,3,1,70,17,1,8,48,1,,2,8,4,,9,2,4,,,,,,,,,,,1,2,,2000000,2,,85,05,05,1,1,01,8544,17,157.69958717
5337385,1,3,1,70,73,1,49,48,1,,2,49,1,,3,2,2,,,,,,,,,,,1,2,,877803,2,,47,45,45,1,2,01,4772,73,359.69086531
5337385,1,4,1,70,73,1,49,48,2,,2,49,1,,5,2,4,,,,,,,,,,,1,2,,1000000,2,,46,58,33,1,2,01,4663,73,359.69086531
5337389,1,1,1,70,17,1,36,48,1,,2,36,1,,7,2,5,,,,,,,,1,,,,2,,910000,2,,14,53,70,1,2,01,1410,17,197.60304385
5337389,1,3,1,70,17,1,6,48,1,,2,48,1,,2,2,2,,,,,,,,,,,1,2,,910000,2,,56,45,53,1,1,01,5611,17,197.60304385
5337393,1,2,1,70,73,1,12,48,1,,2,12,1,,7,2,1,,,,,,,,,,,1,2,,877803,2,,85,33,55,1,1,01,8530,73,183.87388839
5337394,1,2,1,70,73,1,16,48,1,,2,16,1,,4,2,2,,,,,,,,,,,1,2,,877803,2,,47,45,45,1,2,01,4755,73,467.85081274
5337399,1,4,1,70,73,1,40,48,2,,2,40,1,,4,2,4,,,,,,,,,,,1,2,,1000000,2,,47,18,40,1,2,01,4771,73,292.37356448
5337406,1,4,1,70,73,1,24,48,2,,2,24,1,,3,2,2,,,,,,,,,,,1,2,,980000,2,,85,13,13,1,2,01,8551,73,175.11652015
5337407,1,3,1,70,73,1,48,48,1,,2,48,1,,2,2,2,,,,,,,,,,,1,2,,877803,2,,69,39,39,1,2,01,6910,73,291.23946912
5337411,1,1,1,70,73,1,40,48,1,,2,40,1,,4,2,2,,,,,,,,,,,1,2,,800000,2,,56,53,53,1,2,01,5611,73,254.87076445
5337411,1,3,1,70,73,1,40,48,1,,2,40,1,,4,2,4,,,,,,,,,,,1,2,,900000,2,,55,54,54,1,2,01,5511,73,254.87076445
5337418,1,1,1,70,63,1,5,35,1,,2,6,4,,1,2,2,,,,,,,,,,,1,2,,700000,2,,14,79,79,1,1,01,1410,63,92.756793985
5337418,1,2,1,70,63,1,2,45,1,,2,3,4,,1,2,7,,,,,,,,,,,1,1,900000,877803,2,,96,45,57,1,1,01,9602,63,92.756793985
5337421,1,1,1,70,63,1,2,40,4,,2,2,4,,9,2,1,,,1,1,,,,,,,,1,3200000,2500000,1,1,85,19,19,1,1,01,8551,63,107.38452853
5337421,1,2,1,70,63,1,5,45,1,,2,24,4,,1,2,2,,,,,,,,,,,1,2,,1500000,2,,46,21,97,1,1,01,4631,63,107.38452853
5337422,1,1,1,70,63,1,4,55,4,,2,4,4,,1,2,1,,,,,,,,,,,1,1,600000,800000,2,,52,95,97,1,1,01,5224,63,214.26392445
5337422,1,2,1,70,63,1,4,50,1,,2,4,4,,1,2,1,,,,,,,,,,,1,1,700000,700000,2,,56,53,53,1,1,01,5611,63,214.26392445
5337423,1,2,1,70,76,1,28,48,1,,2,28,1,,2,2,1,,,,,,,,,,,1,2,,907256,2,,56,53,53,1,2,01,5619,76,1088.3679073
5337423,1,3,1,70,76,1,36,48,3,,2,36,4,,1,2,1,,,,,,,,,,,1,2,,907256,2,,81,54,54,1,2,01,8121,76,1088.3679073
5337424,1,3,1,70,76,1,2,48,1,,2,2,1,,2,2,1,,,,,,,,,,,1,1,99,907256,2,,25,87,87,1,1,01,2511,76,1570.7806376
5337429,1,1,1,70,76,1,16,48,1,,2,16,1,,4,2,1,,,,,,,,,,,1,2,,907256,2,,56,53,53,1,2,01,5611,76,960.46318313
5337429,1,2,1,70,76,1,8,48,1,,2,52,1,,3,2,1,,,,,,,,,,,1,2,,907256,2,,47,45,45,1,1,01,4771,76,960.46318313
5337429,1,5,1,70,76,1,40,48,3,,2,12,1,,3,2,1,,,,,,,,,,,1,2,,907256,2,,56,54,77,1,2,01,5611,76,960.46318313
5337433,1,1,1,70,76,1,24,48,2,,2,4,4,,9,2,1,,,1,,,,,,,,,1,700000,1000000,1,1,42,05,03,1,2,01,4210,76,1240.1851986
5337436,1,4,1,70,76,1,2,48,1,,2,2,1,,9,2,8,,,,,,,,,,,1,1,800000,800000,2,,15,33,33,1,1,01,1522,76,957.97006299
5337438,1,5,1,70,76,1,2,24,1,,2,104,1,,2,2,1,,,,,,,,,,,1,2,,1014000,2,,47,39,45,1,1,01,4741,76,2795.0298794
5337438,1,6,1,70,76,1,40,50,1,,2,3,1,,3,2,1,,,,,,,,,,,1,1,227000,1014000,2,,47,45,45,1,2,01,4772,76,2795.0298794
5337441,1,1,1,70,76,1,4,48,1,,2,4,1,,8,2,6,,,1,,,,,,,,,1,1000000,1014800,2,,33,84,84,1,1,01,3312,76,2143.1257344
5337444,1,3,1,70,76,1,8,48,1,,1,,,,,,,,.,,,,,,,,.,,,,908000,,,,97,,1,1,01,.,76,1053.2757326
5337448,1,2,1,70,76,1,1,56,1,,1,,,,,,,,.,,,,,,,,.,,,,900000,,,,45,,1,1,01,.,76,2722.501706
5337448,1,4,1,70,76,1,24,48,1,,2,23,1,,4,2,8,,,,,,,,,,,1,2,,877807,2,,41,95,93,1,2,01,4111,76,2722.501706
5337454,1,3,1,70,73,1,40,40,1,,2,40,1,,5,2,1,,,,,,,,,,,1,2,,1500000,2,,56,53,53,1,2,01,5611,73,306.01552398
5337455,1,2,1,70,73,1,20,48,1,,2,21,1,,2,2,2,,,,,,,,,,,1,2,,917000,2,,47,45,45,1,2,01,4771,73,322.71008857
5337465,1,1,1,70,73,1,52,48,1,,2,52,1,,8,2,1,,,,,,,,,,,1,2,,917000,2,,81,85,62,1,2,01,8130,73,245.65467255
5337465,1,3,1,70,73,1,52,48,1,,2,70,1,,3,2,1,,,,,,,,,,,1,2,,917000,2,,68,34,32,1,2,01,6820,73,245.65467255
5337491,1,1,1,70,17,1,40,40,4,,2,40,4,,1,2,2,,,,,,,,,,,1,2,,877802,2,,43,85,85,1,2,01,4321,17,230.9805041
5337491,1,2,1,70,17,1,12,40,1,,2,60,1,,4,2,7,,,,,,,,,,,1,2,,900000,2,,56,53,53,1,1,01,5611,17,230.9805041
5337494,1,2,1,70,20,1,8,48,3,,2,12,3,,1,2,2,,,,,,,,,,,1,2,,877000,2,,97,54,54,1,1,01,9700,20,238.36055569
5337494,1,3,1,70,20,1,10,48,1,,1,,,,,,,,.,,,,,,,,.,,,,877000,,,,03,,1,1,01,.,20,238.36055569
5337495,1,2,1,70,20,1,12,48,1,,2,12,4,,3,2,8,,,,,,,,,,,1,2,,800000,2,,41,95,95,1,1,01,4111,20,143.93405533
5337499,1,3,1,70,20,1,10,48,1,,2,10,4,,3,2,1,,,,,,,,,,,1,2,,877000,2,,56,53,53,1,1,01,5611,20,250.14575728
5337503,1,1,1,70,20,1,20,48,4,,2,20,4,,6,2,1,,,,,,,,,,,1,2,,3000000,2,,42,02,02,1,2,01,4210,20,202.69757064
5337503,1,2,1,70,20,1,12,48,1,,2,25,1,,8,2,2,,,,,,,,,,,1,2,,1500000,2,,86,59,59,1,1,01,8621,20,202.69757064
5337504,1,2,1,70,20,1,4,48,1,,2,4,1,,6,2,7,,,,,,,,,,,1,2,,877000,2,,01,03,03,1,1,01,0113,20,182.65367156
5337505,1,2,1,70,20,1,8,48,3,,2,8,3,,1,2,1,,,,,,,,,,,1,2,,600000,2,,97,54,54,1,1,01,9700,20,120.41584167
5337505,1,3,1,70,20,1,8,48,1,,1,,,,,,,,.,,,,,,,,.,,,,877000,,,,59,,1,1,01,.,20,120.41584167
5337508,1,2,1,70,20,1,16,48,1,,2,20,1,,3,2,8,,,,,,,,,,,1,2,,1500000,2,,47,11,11,1,2,01,4711,20,118.96067382
5337510,1,2,1,70,20,1,18,48,4,,2,18,4,,2,2,7,,,,,,,,,,,1,2,,877000,2,,41,95,95,1,2,01,4111,20,285.37767655
5337510,1,3,1,70,20,1,24,48,1,,2,24,4,,2,2,8,,,,,,,,,,,1,2,,877000,2,,61,45,34,1,2,01,6190,20,285.37767655
5337510,1,6,1,70,20,1,4,48,4,,2,23,4,,3,2,8,,,,,,,,,,,1,2,,700000,2,,41,95,95,1,1,01,4111,20,285.37767655
5337512,1,1,1,70,20,1,6,48,1,,2,20,1,,3,2,1,,,,,,,,,,,1,2,,877000,2,,47,45,45,1,1,01,4771,20,168.99893032
5337513,1,1,1,70,20,1,12,48,1,,2,24,1,,5,2,1,,,,,,,,,,,1,2,,1000000,2,,47,98,98,1,1,01,4729,20,219.86662955
5337515,1,2,1,70,20,1,8,48,3,,2,40,3,,2,2,1,,,1,,,,,,,,,2,,877000,2,,97,54,54,1,1,01,9700,20,212.99185639
5337516,1,1,1,70,20,1,24,48,4,,2,26,4,,2,2,1,,,,,,,,,,,1,2,,877000,2,,56,53,53,1,2,01,5611,20,160.6689893
5337530,1,2,1,70,20,1,28,48,1,,2,44,1,,9,2,1,,,,,,,,,,,1,2,,908000,2,,85,32,39,1,2,01,8544,20,183.44761874
5337531,1,5,1,70,20,1,12,48,1,,2,104,1,,9,2,1,,,,,,,,,,,1,2,,908500,2,,85,19,19,1,1,01,8530,20,186.47181354
5337537,1,2,1,70,20,1,4,40,1,,2,8,1,,8,2,4,,,,,,,,,,,1,1,1000000,1200000,2,,85,13,13,1,1,01,8530,20,155.44224712
5337539,1,1,1,70,20,1,24,48,1,,2,32,1,,4,2,4,,,,,,,,,,,1,2,,908000,2,,10,45,45,1,2,01,1081,20,169.31919617
5337541,1,5,1,70,20,1,28,48,1,,2,36,1,,4,2,1,,,,,,,,,,,1,2,,750000,2,,56,53,53,1,2,01,5611,20,249.90755463
5337544,1,1,1,70,20,1,3,48,1,,2,4,1,,6,2,1,,,,,,,,,,,1,1,970000,104000,2,,47,98,98,1,1,01,4711,20,206.08158768
5337546,1,3,1,70,76,1,53,48,1,,2,53,1,,3,2,2,,,,,,,,,,,1,2,,908526,2,,47,45,45,1,2,01,4719,76,922.87788823
5337547,1,3,1,70,20,1,36,48,1,,2,52,1,,3,2,1,,,,,,,,,,,1,2,,908500,2,,47,19,45,1,2,01,4771,20,209.5723438
5337557,1,7,1,70,20,1,52,48,3,,1,,,,,,,,.,,,,,,,,.,,,,400000,,,,54,,1,2,01,.,20,219.2408696
5337558,1,2,1,70,20,1,4,48,1,,2,6,2,,9,2,8,,,,,,,,,,,1,1,1200000,908500,2,,84,39,39,1,1,01,8412,20,165.82844005
5337558,1,3,1,70,20,1,3,40,1,,2,8,1,,7,2,2,,,,,,,,,,,1,2,,1000000,2,,85,13,13,1,1,01,8530,20,165.82844005
5337560,1,1,1,70,20,1,24,48,1,,2,32,1,,5,2,1,,,,,,,,,,,1,2,,750000,2,,56,53,53,1,2,01,5611,20,91.338616552
5337560,1,3,1,70,20,1,20,48,1,,2,32,1,,5,2,1,,,,,,,,,,,1,2,,908500,2,,56,33,53,1,2,01,5611,20,91.338616552
5337561,1,2,1,70,20,1,24,48,3,,2,32,4,,1,2,1,,,,,,,,,,,1,2,,500000,2,,56,54,77,1,2,01,5619,20,199.39967763
5337563,1,2,1,70,20,1,20,40,4,,2,40,4,,1,2,1,,,,,,,,,,,1,2,,600000,2,,56,53,53,1,2,01,5619,20,184.2817556
5337566,1,3,1,70,76,1,36,48,1,,2,52,1,,2,2,1,,,,,,,,,,,1,2,,900000,2,,47,45,45,1,2,01,4771,76,1045.7969214
5337568,1,2,1,70,76,1,2,48,1,,2,3,1,,2,2,1,,,,,,,,,,,1,1,200000,900000,2,,41,93,93,1,1,01,4111,76,953.62952507
5337570,1,1,1,70,76,1,2,48,1,,2,4,1,,9,2,1,,,,,,,,,,,1,1,550000,950000,2,,60,58,58,1,1,01,6010,76,1262.9565048
5337574,1,3,1,70,76,1,6,48,1,,2,8,1,,5,2,1,,,,,,,,,,,1,2,,900000,2,,47,55,45,1,1,01,4772,76,1045.7969214
5337577,1,1,1,70,76,1,4,48,1,,2,4,1,,8,2,8,,,,,,,,,,,1,1,877807,908526,2,,49,98,98,1,1,01,4921,76,1473.9162107
5337581,1,2,1,70,76,1,12,30,1,,2,180,4,,7,2,1,,,,,,,,,,,1,2,,908526,2,,01,53,62,1,1,01,0123,76,767.92828465
5337581,1,3,1,70,76,1,52,60,1,,2,47,1,,6,2,4,,,,,,,,,,,1,2,,908526,2,,85,13,13,1,2,01,8513,76,767.92828465
5337582,1,2,1,70,76,1,26,48,1,,2,40,1,,6,2,2,,,,,,,,,,,1,2,,908526,2,,56,45,77,1,2,01,5611,76,1309.6344172
5337585,1,2,1,70,76,1,1,48,4,,2,4,4,,9,2,1,,,1,,,,,,,,,1,855000,1200000,1,1,85,33,39,1,1,01,8544,76,1079.0416784
5337586,1,2,1,70,76,1,52,48,1,,2,47,1,,4,2,8,,,,,,,,,,,1,2,,908526,2,,33,97,03,1,2,01,3312,76,1438.6804022
5337609,1,2,1,70,47,1,40,48,1,,2,40,4,,1,2,8,,,,,,,,,,,1,2,,1000000,2,,45,45,99,1,2,01,4520,47,96.292196766
5337626,1,3,1,70,47,1,4,48,2,,2,40,1,,9,2,1,,,,,,,,,,,1,2,,877800,2,,85,05,05,1,1,01,8544,47,92.196177217
5337630,1,2,1,70,47,1,36,48,4,,2,36,4,,1,2,1,,,,,,,,,,,1,2,,877800,2,,81,41,55,1,2,01,8121,47,184.80264027
5337630,1,3,1,70,47,1,36,48,1,,2,4,1,,4,2,2,,,,,,,,,,,1,2,,877800,2,,47,45,45,1,2,01,4771,47,184.80264027
5337643,1,3,1,70,47,1,4,48,1,,2,32,1,,5,2,1,,,,,,,,,,,1,2,,900000,2,,56,45,33,1,1,01,5611,47,301.9347397
5337657,1,2,1,70,47,1,96,48,1,,2,96,1,,2,2,1,,,,,,,,,,,1,2,,877800,2,,85,03,13,1,2,01,8530,47,149.81157109
5337661,1,3,1,70,47,1,28,40,1,,2,36,1,,3,2,2,,,,,,,,,,,1,2,,877800,2,,85,13,13,1,2,01,8530,47,193.82255754
5337665,1,1,1,70,76,1,3,54,4,,2,3,4,,1,2,1,,,,,,,,,,,1,1,877803,877803,2,,41,95,95,1,1,01,4111,76,662.47128563
5337667,1,2,1,70,76,1,52,24,3,,2,52,3,,1,2,1,,,,,,,,,,,1,2,,98,2,,97,55,54,1,2,01,9700,76,1335.400363
5337671,1,2,1,70,76,1,18,48,1,,2,104,1,,2,2,4,,,,,,,,,,,1,2,,900000,2,,93,58,58,1,2,01,9329,76,1072.5911454
5337671,1,3,1,70,76,1,1,48,1,,2,1,1,,3,2,4,,,,,,,,,,,1,1,900000,900000,2,,13,92,92,1,1,01,1313,76,1072.5911454
5337684,1,1,1,70,63,1,20,45,3,,2,20,3,,1,2,2,,,,,,,,,,,1,2,,800000,2,,97,59,59,1,2,01,9700,63,131.17397443
5337690,1,3,1,70,18,1,3,40,3,,2,16,3,,1,2,2,,,,,,,,,,,1,2,,800000,2,,97,54,54,1,1,01,9700,18,75.037908402
5337697,1,1,1,70,20,1,36,48,1,,2,104,4,,1,2,2,,,,,,,,,,,1,2,,907000,2,,49,98,98,1,2,01,4921,20,241.55766666
5337698,1,1,1,70,20,1,32,48,4,,2,32,1,,5,2,4,,,,,,,,,,,1,2,,900000,2,,47,45,45,1,2,01,4755,20,219.86662955
5337698,1,2,1,70,20,1,5,48,1,,2,8,1,,4,2,4,,,,,,,,,,,1,2,,900000,2,,85,13,13,1,1,01,8530,20,219.86662955
5337700,1,2,1,70,20,1,4,48,1,,2,24,3,,2,2,1,,,,,,,,,,,1,2,,907000,2,,97,59,59,1,1,01,9700,20,232.40999552
5337700,1,6,1,70,20,1,20,48,1,,2,20,1,,3,2,1,,,,,,,,1,,,,2,,500000,2,,55,54,54,1,2,01,5511,20,232.40999552
5337703,1,3,1,70,20,1,9,48,1,,2,9,4,,1,2,4,,,,,,,,,,,1,2,,300000,2,,56,45,45,1,1,01,5619,20,196.61674465
5337711,1,1,1,70,13,1,4,48,1,,2,4,1,,4,2,1,,,,,,,,,,,1,2,,1000000,2,,56,97,53,1,1,01,5611,13,423.76331439
5337712,1,3,1,70,13,1,24,48,1,,2,36,1,,3,2,1,,,,,,,,,,,1,2,,877803,2,,56,97,53,1,2,01,5619,13,404.15245537
5337717,1,2,1,70,13,1,32,48,1,,2,32,1,,9,2,2,,,,,,,,,,,1,2,,877803,2,,80,58,58,1,2,01,8010,13,431.95955079
5337717,1,3,1,70,13,1,16,40,1,,2,16,1,,2,2,2,,,,,,,,,,,1,2,,877803,2,,86,32,32,1,2,01,8621,13,431.95955079
5337722,1,3,1,70,13,1,24,48,1,,2,24,1,,4,2,1,,,,,,,,,,,1,2,,877803,2,,68,58,58,1,2,01,6820,13,352.88892115
5337728,1,1,1,70,13,1,8,48,1,,2,8,1,,5,2,1,,,,,,,,,,,1,2,,800000,2,,41,55,55,1,1,01,4111,13,432.06479094
5337730,1,4,1,70,13,1,32,48,4,,2,32,4,,1,2,1,,,,,,,,,,,1,2,,600000,2,,41,95,95,1,2,01,4111,13,365.21917161
5337736,1,2,1,70,13,1,48,48,1,,2,48,1,,8,2,1,,,,,,,,,,,1,2,,877803,2,,80,58,58,1,2,01,8010,13,464.78951898
5337740,1,5,1,70,13,1,34,48,3,,1,,,,,,,,.,,,,,,,,.,,,,400000,,,,54,,1,2,01,.,13,427.77085772
5337745,1,7,1,70,13,1,36,48,1,,2,36,1,,5,2,1,,,,,,,,,,,1,2,,877803,2,,56,37,37,1,2,01,5629,13,359.39783355
5337751,1,2,1,70,13,1,12,48,1,,2,12,1,,9,2,1,,,,,,,,,,,1,2,,877802,2,,80,32,44,1,1,01,8010,13,406.81578799
5337768,1,2,1,70,13,1,18,48,1,,2,150,1,,8,2,2,,,,,,,,,,,1,2,,877803,2,,78,55,55,1,2,01,7810,13,384.31080724
5337774,1,4,1,70,13,1,19,48,1,,1,,,,,,,,.,,,,,,,,.,,,,877803,,,,32,,1,2,01,.,13,407.52040687
5337782,1,2,1,70,13,1,20,48,1,,2,39,1,,4,2,1,,,,,,,,,,,1,2,,877803,2,,56,53,53,1,2,01,5611,13,429.94469801
5337783,1,2,1,70,13,1,4,48,1,,2,10,1,,8,2,3,,,,,,,,,,,1,2,,600000,2,,55,53,53,1,1,01,5511,13,356.50371183
5337786,1,1,1,70,13,1,6,48,3,,2,432,1,,6,2,1,,,,,,,,,,,1,2,,700000,2,,56,54,53,1,1,01,5619,13,373.09969316
5337803,1,3,1,70,13,1,36,48,1,,2,36,1,,7,2,1,,,,,,,,,,,1,2,,900000,2,,79,37,44,1,2,01,7911,13,357.12764112
5337812,1,2,1,70,13,1,2,48,4,,2,32,4,,1,2,1,,,,,,,,,,,1,2,,900000,2,,31,81,81,1,1,01,3110,13,431.09591173
5337824,1,4,1,70,13,1,4,40,1,,1,,,,,,,,.,,,,,,,,.,,,,877803,,,,34,,1,1,01,.,13,370.81192192
5337826,1,1,1,70,13,1,1,48,1,,2,52,1,,9,2,2,,,,,,,,,,,1,2,,1200000,2,,86,07,07,1,1,01,8610,13,409.45457004
5337830,1,1,1,70,13,1,16,48,1,,2,16,1,,9,2,7,,,,,,,,,,,1,2,,900000,2,,23,97,97,1,2,01,2392,13,431.95955079
5337831,1,3,1,70,13,1,8,48,1,,2,96,4,,1,2,1,,,,,,,,,,,1,2,,800000,2,,47,45,41,1,1,01,4771,13,380.12069953
5337831,1,5,1,70,13,1,6,48,1,,2,6,2,,9,2,1,,,,,,,,,,,1,2,,900000,2,,84,92,58,1,1,01,8422,13,380.12069953
5337836,1,2,1,70,13,1,48,48,1,,2,120,1,,6,2,1,,,,,,,,,,,1,2,,800000,2,,85,19,19,1,2,01,8530,13,366.68557153
5337840,1,3,1,70,13,1,20,40,1,,2,38,1,,5,2,2,,,,,,,,,,,1,2,,1000000,2,,56,86,86,1,2,01,5630,13,357.12764112
5337847,1,3,1,70,13,1,2,48,1,,2,2,1,,9,2,1,,,,,,,,,,,1,1,877803,877803,2,,85,58,58,1,1,01,8530,13,381.58526282
5337848,1,2,1,70,13,1,36,48,1,,2,36,1,,2,2,1,,,,,,,,,,,1,2,,877803,2,,96,56,56,1,2,01,9601,13,400.90678857
5337849,1,1,1,70,13,1,15,40,3,,2,172,3,,1,2,2,,,,,,,,,,,1,2,,600000,2,,97,54,54,1,2,01,9700,13,380.28916275
5337865,1,2,1,70,47,1,6,48,1,,2,50,2,,9,2,1,,,,,,,,,,,1,2,,877803,2,,84,39,39,1,1,01,8412,47,133.48827575
5337867,1,3,1,70,47,1,6,48,1,,1,,,,,,,,.,,,,,,,,.,,,,877803,,,,39,,1,1,01,.,47,182.15886781
5337878,1,3,1,70,47,1,4,48,4,,2,40,3,,1,2,1,,,,,,,,,,,1,2,,877803,2,,97,45,54,1,1,01,9700,47,99.852026169
5337883,1,2,1,70,13,1,4,48,1,,2,4,1,,7,2,5,,,,,,,,,,,1,1,1500000,1500000,2,,85,13,13,1,1,01,8513,13,376.60211427
5337884,1,1,1,70,13,1,4,48,1,,2,4,4,,1,2,1,,,,,,,,,,,1,1,300000,877803,2,,49,59,98,1,1,01,4921,13,414.25362548
5337893,1,4,1,70,47,1,8,48,1,,2,50,4,,1,2,1,,,,,,,,,,,1,2,,877803,2,,47,45,41,1,1,01,4711,47,92.196177217
5337895,1,2,1,70,47,1,4,48,1,,2,60,4,,1,2,2,,,,,,,,,,,1,2,,877803,2,,47,45,45,1,1,01,4771,47,289.51700542
5337896,1,3,1,70,47,1,4,40,1,,1,,,,,,,,.,,,,,,,,.,,,,908000,,,,39,,1,1,01,.,47,262.6298661
5337898,1,3,1,70,47,1,4,48,1,,2,12,1,,9,2,1,,,,,,,,,,,1,2,,1200000,2,,86,39,33,1,1,01,8610,47,164.68928902
5337898,1,4,1,70,47,1,4,40,1,,2,52,1,,7,2,1,,,,,,,,,,,1,2,,900000,2,,93,18,18,1,1,01,9312,47,164.68928902
5337900,1,3,1,70,47,1,4,48,1,,2,24,1,,9,2,1,,,,,,,,,,,1,2,,1000000,2,,46,03,03,1,1,01,4661,47,124.27918183
5337902,1,3,1,70,47,1,4,48,1,,2,40,1,,9,2,1,,,,,,,,,,,1,2,,3000000,2,,42,02,02,1,1,01,4210,47,147.56010706
5337902,1,4,1,70,47,1,4,48,1,,2,52,1,,9,2,1,,,,,,,,,,,1,2,,877803,2,,61,16,44,1,1,01,6110,47,147.56010706
5337902,1,5,1,70,47,1,6,40,1,,1,,,,,,,,.,,,,,,,,.,,,,877803,,,,45,,1,1,01,.,47,147.56010706
5337909,1,2,1,70,47,1,2,48,1,,2,2,1,,3,2,1,,,,,,,,,,,1,1,800000,908500,2,,47,32,45,1,1,01,4771,47,92.196177217
5337912,1,1,1,70,47,1,12,48,4,,2,12,4,,1,2,1,,,,,,,,,,,1,2,,99,2,,43,87,87,1,1,01,4322,47,159.96519877
5337919,1,3,1,70,47,1,24,48,1,,2,90,1,,5,2,1,,,,,,,,,,,1,2,,908500,2,,47,33,33,1,2,01,4772,47,227.91174818
5337934,1,1,1,70,47,1,46,48,1,,2,48,4,,1,2,1,,,,,,,,,,,1,2,,99,2,,41,95,95,1,2,01,4111,47,276.11687916
5337934,1,5,1,70,47,1,144,48,1,,2,146,1,,7,2,1,,,,,,,,,,,1,2,,908500,2,,93,39,18,1,2,01,9312,47,276.11687916
5337934,1,6,1,70,47,1,48,48,1,,2,144,1,,9,2,1,,,,,,,,,,,1,2,,98,2,,92,44,45,1,2,01,9200,47,276.11687916
5337939,1,3,1,70,47,1,144,48,1,,2,144,1,,2,2,1,,,,,,,,,,,1,2,,1000000,2,,56,02,53,1,2,01,5630,47,116.17532151
5337943,1,2,1,70,13,1,36,40,4,,2,36,4,,9,2,2,,,,,,,,,1,BUSCAR TRABAJO,,2,,1600000,1,1,84,39,39,1,2,01,8413,13,345.66815913
5337958,1,2,1,70,47,1,3,48,1,,2,3,1,,3,2,1,,,,,,,,,,,1,2,,950000,2,,47,39,97,1,1,01,4771,47,112.6154921
5337960,1,5,1,70,47,1,16,48,3,,2,3,4,,1,2,8,,,,,,,,,,,1,2,,600000,2,,47,54,45,1,2,01,4729,47,313.30989897
5337960,1,6,1,70,47,1,16,50,4,,2,36,4,,1,2,8,,,,,,,,,,,1,2,,800000,2,,47,97,41,1,2,01,4721,47,313.30989897
5337962,1,2,1,70,47,1,3,40,4,,2,40,4,,1,2,2,,,,,,,,,,,1,2,,877803,2,,96,57,57,1,1,01,9602,47,102.73481569
5337963,1,2,1,70,47,1,12,48,1,,2,32,1,,5,2,1,,,,,,,,,,,1,2,,1000000,2,,10,39,53,1,1,01,1081,47,183.29257823
5337963,1,3,1,70,47,1,20,48,1,,2,20,1,,5,2,1,,,,,,,,,,,1,2,,1500000,2,,10,33,33,1,2,01,1081,47,183.29257823
5337968,1,1,1,70,47,1,40,48,4,,2,40,1,,5,2,1,,,,,,,,,,,1,2,,800000,3,,45,81,55,1,2,01,4520,47,92.196177217
5337977,1,1,1,70,20,1,48,48,4,,2,48,4,,1,2,2,,,,,,,,,,,1,2,,700000,2,,56,05,35,1,2,01,5619,20,170.96327505
5337981,1,1,1,70,20,1,40,48,1,,2,40,1,,9,2,1,,,,,,,,,,,1,2,,2500000,2,,05,97,97,1,2,01,0510,20,159.5340873
5337987,1,1,1,70,20,1,12,48,4,,2,40,4,,1,2,1,,,,,,,,,,,1,2,,2000000,2,,74,19,19,1,1,01,7490,20,180.36082664
5338000,1,5,1,70,20,1,28,48,3,,2,28,3,,1,2,8,,,,,,,,,,,1,2,,1000000,2,,97,54,54,1,2,01,9700,20,182.3964149
5338004,1,1,1,70,20,1,8,48,4,,2,40,3,,1,2,1,,,,,,,,,,,1,2,,700000,2,,97,54,54,1,1,01,9700,20,194.11037296
5338006,1,1,1,70,20,1,16,48,1,,2,20,1,,6,2,1,,,,,,,,,,,1,2,,106000,2,,08,58,58,1,2,01,0811,20,214.92070556
5338009,1,3,1,70,20,1,4,48,1,,1,,,,,,,,.,,,,,,,,.,,,,900000,,,,39,,1,1,01,.,20,182.20355178
5338029,1,2,1,70,20,1,72,40,1,,2,72,1,,2,2,1,,,,,,,,,,,1,2,,900000,2,,47,45,45,1,2,01,4761,20,182.16805623
5338031,1,2,1,70,05,1,16,48,1,,2,52,1,,4,2,1,,,,,,,,,,,1,2,,877803,2,,56,93,97,1,2,01,5611,05,1049.5419744
5338044,1,3,1,70,20,1,16,16,1,,2,16,1,,6,2,1,,,,,,,,,,,1,2,,900000,2,,85,13,13,1,2,01,8530,20,140.60909538
5338045,1,1,1,70,20,1,6,48,1,,2,6,1,,9,2,1,,,,,,,,,,,1,2,,900000,2,,88,13,13,1,1,01,8890,20,159.24931699
5338046,1,1,1,70,20,1,6,48,4,,2,6,4,,9,2,1,,,,1,,,,,,,,2,,1000000,1,1,84,58,58,1,1,01,8413,20,212.99185639
5338051,1,1,1,70,20,1,8,48,1,,2,8,1,,6,2,1,,,,,,,,,,,1,2,,1500000,2,,86,07,07,1,1,01,8621,20,228.19657057
5338051,1,2,1,70,20,1,8,48,1,,2,8,1,,9,2,1,,,,,,,,,,,1,2,,1500000,2,,85,13,13,1,1,01,8544,20,228.19657057
5338054,1,2,1,70,20,1,48,48,1,,2,48,4,,1,2,2,,,,,,,,,,,1,2,,900000,2,,74,21,21,1,2,01,7490,20,194.36762962
5338092,1,5,1,70,20,1,4,48,1,,1,,,,,,,,.,,,,,,,,.,,,,500000,,,,97,,1,1,01,.,20,128.89513733
5347214,1,3,1,70,17,1,4,48,1,,2,4,1,,3,2,2,,,,,,,,,,,1,1,877802,877802,2,,45,84,84,1,1,01,4542,17,197.8654413
5347217,1,2,1,70,17,1,32,48,1,,2,32,1,,9,2,2,,,,,,,,,,,1,2,,877802,2,,14,79,79,1,2,01,1410,17,301.54203437
5347227,1,2,1,70,05,1,40,48,1,,2,40,1,,4,2,1,,,,,,,,,,,1,2,,877803,2,,47,45,45,1,2,01,4771,05,1241.4632469
5347228,1,1,1,70,05,1,3,48,1,,2,3,1,,9,2,1,,,,,,,,,,,1,1,1800000,1600000,2,,41,95,95,1,1,01,4111,05,1306.6223895
5347228,1,2,1,70,05,1,24,48,1,,2,24,1,,9,2,2,,,,,,,,,,,1,2,,1200000,2,,73,39,39,1,2,01,7320,05,1306.6223895
5347228,1,3,1,70,05,1,3,48,1,,2,3,1,,9,2,1,,,,,,,,,,,1,1,1600000,1500000,2,,41,95,95,1,1,01,4111,05,1306.6223895
5347257,1,2,1,70,41,1,10,45,4,,2,20,4,,1,2,1,,,,,1,,,,,,,2,,1000000,2,,81,55,55,1,1,01,8121,41,155.83568761
5347258,1,1,1,70,41,1,20,45,1,,2,25,1,,2,2,1,,,,,,,,,,,1,2,,1000000,2,,41,95,95,1,2,01,4111,41,82.803913187
5347263,1,1,1,70,41,1,8,48,4,,2,9,2,,9,2,1,,,1,,,,,,,,,2,,1000000,1,1,84,13,13,1,1,01,8413,41,136.34358731
5347269,1,3,1,70,08,1,24,48,1,,2,104,1,,9,2,2,,,,,,,,,,,1,2,,878116,2,,61,45,44,1,2,01,6120,08,516.2432371
5347269,1,4,1,70,08,1,8,48,1,,2,52,1,,7,2,1,,,,,,,,,,,1,2,,878116,2,,47,97,58,1,1,01,4759,08,516.2432371
5347269,1,5,1,70,08,1,20,48,1,,2,36,4,,1,2,1,,,,,,,,,,,1,2,,878116,2,,47,97,45,1,2,01,4773,08,516.2432371
5347274,1,1,1,70,63,1,8,48,1,,2,10,1,,4,2,1,,,,,,,,,,,1,2,,900000,2,,85,13,13,1,1,01,8512,63,84.607162673
5347276,1,1,1,70,63,1,12,54,4,,2,13,4,,1,2,1,,,,,,,,,,,1,2,,500000,2,,01,61,61,1,1,01,0123,63,136.87120102
5347280,1,1,1,70,63,1,2,54,1,,2,4,4,,1,2,4,,,,,,,,,,,1,1,600000,900000,2,,47,45,41,1,1,01,4754,63,142.11580822
5347280,1,2,1,70,63,1,2,54,4,,2,4,4,,1,2,7,,,,,,,,,,,1,1,400000,900000,2,,47,41,41,1,1,01,4754,63,142.11580822
5347287,1,1,1,70,52,1,2,48,1,,2,28,1,,7,2,1,,,,,,,,,,,1,2,,800000,3,,49,98,98,1,1,01,4921,52,134.88307644
5347288,1,2,1,70,52,1,2,48,1,,2,2,1,,6,2,2,,,,,,,,,,,1,1,1200000,1000000,2,,85,13,13,1,1,01,8512,52,192.73229326
5347289,1,3,1,70,68,1,52,48,1,,2,52,1,,9,2,1,,,1,,,,,,,,,2,,4000000,1,1,42,02,02,1,2,01,4290,68,637.52290121
5347291,1,1,1,70,68,1,5,48,1,,2,52,1,,8,2,1,,,,,,,,,,,1,2,,2000000,2,,86,19,19,1,1,01,8621,68,451.81090835
5347305,1,3,1,70,50,1,30,30,1,,2,38,1,,4,2,2,,,,,,,,,,,1,2,,1200000,2,,45,33,39,1,2,01,4541,50,241.71978748
5347310,1,1,1,70,50,1,24,48,1,,2,26,1,,3,2,1,,,,,,,,,,,1,2,,1000000,2,,86,45,39,1,2,01,8622,50,327.09970632
5347321,1,3,1,70,17,1,20,40,1,,2,52,1,,9,2,2,,,,,,,,,,,1,2,,1000000,2,,27,85,84,1,2,01,2750,17,201.15455573
5347321,1,4,1,70,17,1,4,20,1,,1,,,,,,,,.,,,,,,,,.,,,,877802,,,,45,,1,1,01,.,17,201.15455573
5347324,1,2,1,70,17,1,24,48,3,,2,6,3,,1,2,1,,,,,,,,,,,1,2,,877802,2,,97,54,54,1,2,01,9700,17,194.27560141
5347325,1,2,1,70,17,1,5,48,1,,2,6,1,,9,2,1,,,,,,,,,,,1,1,250000,877802,2,,01,03,03,1,1,01,0121,17,164.86339715
5347328,1,1,1,70,41,1,8,40,1,,2,8,4,,1,2,1,,,,,,,,,,,1,2,,900000,2,,47,45,41,1,1,01,4772,41,139.93253139
5347329,1,2,1,70,41,1,6,40,1,,2,24,1,,9,2,1,,,,,1,,,,,,,2,,1500000,1,1,06,02,02,1,1,01,0610,41,349.4868107
5347330,1,2,1,70,41,1,24,40,1,,2,26,1,,9,2,1,,,,,,,,,,,1,2,,1500000,2,,46,39,39,1,2,01,4631,41,212.48780135
5347333,1,2,1,70,19,1,60,40,1,,2,60,1,,9,2,1,,,,,,,,,,,1,2,,950000,2,,86,32,32,1,2,01,8610,19,122.4864606
5347340,1,1,1,70,19,1,3,45,1,,2,3,1,,3,2,1,,,,,,,,,,,1,2,,877810,2,,41,95,95,1,1,01,4111,19,133.83827592
5347341,1,1,1,70,19,1,2,45,3,,2,2,1,,2,2,1,,,,,,,,,,,1,2,,877810,2,,56,55,53,1,1,01,5611,19,131.42145591
5347346,1,3,1,70,63,1,30,48,1,,2,30,4,,9,2,8,,,,,,,,,,,1,2,,900000,2,,84,95,58,1,2,01,8412,63,179.55065799
5347347,1,2,1,70,63,1,2,48,1,,2,3,1,,9,2,1,,,,,,,,,,,1,1,900000,900000,2,,84,19,19,1,1,01,8412,63,227.88532054
5347350,1,1,1,70,63,1,28,48,1,,2,28,4,,1,2,3,,,,,,,,,,,1,2,,1000000,2,,95,45,03,1,2,01,9511,63,167.7565208
5347352,1,1,1,70,63,1,30,48,4,,2,24,4,,1,2,1,,,,,,,,,,,1,2,,700000,2,,81,55,55,1,2,01,8121,63,74.445258756
5347353,1,1,1,70,63,1,8,48,1,,2,10,1,,8,2,3,,,,,,,,,,,1,2,,908524,2,,80,58,58,1,1,01,8010,63,244.71342152
5347358,1,1,1,70,68,1,40,48,1,,2,40,1,,3,2,9,DE LA PENSION,,,,,,,,,,1,2,,800000,2,,56,53,53,1,2,01,5619,68,524.94796197
5347359,1,3,1,70,68,1,24,48,1,,2,24,4,,1,2,1,,,,,,,,,,,1,2,,900000,2,,49,97,97,1,2,01,4923,68,637.52290121
5347371,1,1,1,70,50,1,3,48,1,,2,3,1,,5,2,1,,,1,,,,,,,,,1,700000,1000000,1,1,47,97,97,1,1,01,4752,50,350.89563875
5347376,1,1,1,70,27,1,8,48,1,,2,8,2,,9,2,2,,,,,,,,,,,1,2,,1114000,2,,84,39,39,1,1,01,8413,27,190.31842535
5347380,1,2,1,70,15,1,52,40,1,,2,52,1,,2,2,2,,,,,,,,,,,1,2,,877803,2,,56,37,50,1,2,01,5619,15,134.109256
5347383,1,3,1,70,68,1,52,48,1,,2,104,4,,1,2,1,,,,,,,,,,,1,2,,877803,2,,79,38,59,1,2,01,7912,68,559.91589431
5347384,1,1,1,70,68,1,4,24,1,,2,105,1,,6,2,2,,,,,,,,,,,1,2,,430000,2,,85,13,13,1,1,01,8530,68,628.90312521
5347386,1,1,1,70,68,1,44,48,1,,1,,,,,,,,.,,,,,,,,.,,,,877803,,,,33,,1,2,01,.,68,533.11880404
5347391,1,1,1,70,27,1,36,40,2,,2,36,2,,9,2,1,,,,,,,,,,,1,2,,1200000,2,,85,13,13,1,2,01,8530,27,34.603350063
5347392,1,3,1,70,27,1,8,48,4,,2,8,4,,2,2,1,,,,,,,,,,,1,2,,1200000,2,,49,98,98,1,1,01,4921,27,121.54247348
5347393,1,1,1,70,27,1,40,40,4,,2,24,4,,9,2,1,,,,,,,,,,,1,2,,1800000,2,,86,34,34,1,2,01,8621,27,34.603350063
5347393,1,2,1,70,27,1,3,48,4,,2,3,4,,9,2,1,,,1,,,,,,,,,1,2000000,2000000,1,2,85,13,13,1,1,01,8551,27,34.603350063
5347405,1,2,1,70,27,1,48,40,1,,2,48,1,,6,2,1,,,,,,,,,,,1,2,,2000000,2,,88,13,13,1,2,01,8890,27,34.603350063
5347410,1,4,1,70,27,1,30,40,1,,2,50,1,,2,2,1,,,,,,,,,,,1,2,,908000,2,,47,53,45,1,2,01,4761,27,152.15287421
5347411,1,1,1,70,27,1,30,48,4,,2,30,4,,3,2,1,,,,,,,,,,,1,2,,1000000,2,,41,95,95,1,2,01,4111,27,34.603350063
5347414,1,2,1,70,27,1,3,40,1,,2,3,1,,8,2,1,,,,,,,,,,,1,1,1070000,1800000,2,,88,13,13,1,1,01,8890,27,34.603350063
5347415,1,3,1,70,27,1,8,48,1,,2,35,1,,6,2,1,,,,,,,,,,,1,2,,1500000,2,,80,08,08,1,1,01,8010,27,34.603350063
5347416,1,1,1,70,27,1,4,48,1,,2,4,4,,9,2,1,,,1,,,,,,,,,1,1900000,2000000,1,2,84,02,39,1,1,01,8412,27,87.03754733
5347425,1,1,1,70,27,1,16,40,1,,2,18,1,,8,2,1,,,,,,,,,,,1,2,,1600000,2,,85,13,13,1,2,01,8530,27,34.603350063
5347426,1,2,1,70,27,1,2,40,1,,2,2,1,,9,2,1,,,1,1,,,,,,,,2,,3000000,1,2,85,13,13,1,1,01,8511,27,34.603350063
5347429,1,3,1,70,27,1,52,48,2,,2,52,4,,9,2,1,,,,,,,,,,,1,2,,1600000,2,,88,13,59,1,2,01,8890,27,34.603350063
5347431,1,1,1,70,27,1,52,40,2,,2,52,4,,9,2,1,,,,,,,,,,,1,2,,1600000,2,,85,13,13,1,2,01,8530,27,34.603350063
5347433,1,4,1,70,27,1,4,66,1,,2,4,4,,3,2,4,,,,,,,,,,,1,1,1200000,1200000,2,,41,95,95,1,1,01,4112,27,34.603350063
5347436,1,3,1,70,70,1,4,48,2,,1,,,,,,,,.,,,,,,,,.,,,,2200000,,,,07,,1,1,01,.,70,117.94668021
5347444,1,1,1,70,17,1,8,48,1,,2,3,1,,5,2,8,,,,,,,,,,,1,1,900000,1000000,2,,56,98,97,1,1,01,5611,17,194.57632687
5347446,1,2,1,70,17,1,40,48,1,,2,40,1,,8,2,2,,,,,,,,,,,1,2,,1000000,2,,79,21,44,1,2,01,7911,17,161.38727935
5347447,1,2,1,70,17,1,44,44,1,,2,44,4,,1,2,1,,,,,,,,,,,1,2,,900000,2,,43,93,93,1,2,01,4330,17,215.8246925
5347450,1,2,1,70,17,1,40,50,1,,2,40,4,,1,2,8,,,,,,,,,,,1,2,,900000,2,,43,93,93,1,2,01,4330,17,194.27560141
5347473,1,2,1,70,70,1,12,40,4,,2,13,4,,1,2,1,,,,,,,,,,,1,2,,500000,2,,47,41,41,1,1,01,4721,70,127.66248297
5347477,1,1,1,70,52,1,26,48,1,,2,56,1,,2,2,6,,,,,,,,,,,1,2,,877803,2,,47,45,45,1,2,01,4751,52,204.1367589
5347477,1,3,1,70,52,1,52,48,1,,2,72,1,,2,2,8,,,,,,,,,,,1,2,,877803,2,,47,37,45,1,2,01,4761,52,204.1367589
5347479,1,1,1,70,52,1,17,40,1,,2,17,1,,2,2,8,,,,,,,,,,,1,2,,600000,2,,41,95,95,1,2,01,4111,52,134.88307644
5347480,1,1,1,70,52,1,2,48,4,,2,2,4,,9,2,1,,,,,,,,,,,1,1,3400000,3400000,2,,84,02,02,1,1,01,8412,52,220.1608841
5347492,1,1,1,70,50,1,12,48,1,,2,16,1,,3,2,1,,,,,,,,,,,1,2,,900000,2,,56,53,53,1,1,01,5611,50,353.52785419
5347501,1,1,1,70,70,1,4,48,4,,2,52,2,,9,2,1,,,,,,,,,,,1,2,,2000000,2,,84,11,18,1,1,01,8412,70,93.039676205
5347511,1,10,1,70,50,1,8,48,1,,2,2,1,,2,2,1,,,,,,,,,,,1,2,,800000,2,,56,53,53,1,1,01,5611,50,316.11900918
5347515,1,1,1,70,50,1,4,48,1,,2,4,4,,9,2,1,,,,,,,,,,,1,1,2700000,1300000,2,,88,03,13,1,1,01,8810,50,328.7812096
5347515,1,2,1,70,50,1,36,48,1,,2,36,1,,6,2,1,,,,,,,,,,,1,2,,1200000,2,,85,13,13,1,2,01,8512,50,328.7812096
5347544,1,1,1,70,63,1,24,48,1,,2,32,1,,8,2,2,,,,,,,,,,,1,2,,877803,2,,10,97,97,1,2,01,1089,63,145.8197222
5347545,1,3,1,70,63,1,16,48,1,,2,96,1,,7,2,3,,,,,,,,,,,1,2,,877803,2,,80,98,98,1,2,01,8010,63,182.37826078
5347547,1,4,1,70,63,1,8,48,1,,2,60,1,,6,2,3,,,,,,,,,,,1,2,,877803,2,,41,33,55,1,1,01,4111,63,84.447386038
5347564,1,1,1,70,50,1,259,40,1,,2,676,1,,9,2,1,,,,,,,,,,,1,2,,2500000,3,,51,84,84,1,2,01,5111,50,190.17712813
5347566,1,2,1,70,50,1,60,48,1,,2,6,1,,4,2,7,,,,,,,,,,,1,2,,800000,2,,41,95,95,1,2,01,4111,50,360.25129801
5347569,1,1,1,70,63,1,52,48,1,,2,4,4,,1,2,1,,,,,,,,,,,1,1,400000,908526,2,,41,95,93,1,2,01,4111,63,136.87120102
5347573,1,2,1,70,63,1,2,40,1,,2,8,1,,9,2,7,,,,,,,,,,,1,2,,1700000,2,,84,54,19,1,1,01,8413,63,172.19808006
5347573,1,3,1,70,63,1,40,20,4,,1,,,,,,,,.,,,,,,,,.,,,,300000,,,,45,,1,2,01,.,63,172.19808006
5347575,1,1,1,70,63,1,8,50,1,,2,8,5,,2,2,2,,,,,,,,,,,1,2,,908526,2,,41,95,95,1,1,01,4111,63,175.02568284
5347577,1,3,1,70,63,1,76,48,1,,2,76,1,,9,2,4,,,,,,,,,,,1,2,,908526,2,,11,97,39,1,2,01,1104,63,179.53264477
5347580,1,6,1,70,17,1,52,24,3,,2,52,3,,1,2,1,,,,,,,,,,,1,2,,500000,2,,97,54,54,1,2,01,9700,17,206.26782876
5347581,1,1,1,70,17,1,3,48,4,,2,3,4,,9,2,8,,,,,,,,,,,1,1,1800000,1800000,2,,84,18,18,1,1,01,8412,17,197.8654413
5347581,1,2,1,70,17,1,28,48,1,,2,28,1,,9,2,1,,,,,,,,,,,1,2,,906000,2,,65,32,32,1,2,01,6511,17,197.8654413
5347584,1,5,1,70,17,1,4,48,1,,1,,,,,,,,.,,,,,,,,.,,,,800000,,,,33,,1,1,01,.,17,212.62267516
5347590,1,1,1,70,05,1,52,48,1,,2,52,1,,6,2,4,,,,,,,,,,,1,2,,877803,2,,56,33,33,1,2,01,5611,05,3013.7417368
5347591,1,2,1,70,05,1,8,48,1,,2,8,1,,4,2,2,,,,,,,,,,,1,1,1500000,877803,2,,15,80,80,1,1,01,1522,05,2069.106662
5347593,1,4,1,70,05,1,40,48,1,,2,40,1,,7,2,8,,,,,,,,,,,1,2,,877803,2,,47,45,45,1,2,01,4761,05,1279.7976008
5347598,1,1,1,70,54,1,4,8,1,,2,5,1,,9,2,1,,,,,,,,,,,1,2,,1400000,2,,85,13,13,1,1,01,8530,54,440.19260097
5347600,1,5,1,70,47,1,16,48,1,,2,12,2,,9,2,7,,,,,,,,,,,1,2,,906000,2,,84,58,58,1,2,01,8423,47,67.948208665
5347603,1,1,1,70,23,1,8,48,1,,2,8,1,,9,2,1,,,,,,,,,,,1,2,,877802,2,,47,32,32,1,1,01,4719,23,188.5541281
5347604,1,2,1,70,23,1,40,48,1,,2,40,1,,5,2,1,,,,,,,,,,,1,2,,877802,2,,85,13,13,1,2,01,8530,23,193.4013158
5347607,1,4,1,70,23,1,4,48,1,,1,,,,,,,,.,,,,,,,,.,,,,800000,,,,45,,1,1,01,.,23,183.80455355
5347608,1,4,1,70,23,1,3,48,3,,2,3,3,,1,2,1,,,,,,,,,,,1,1,460000,500000,2,,97,54,54,1,1,01,9700,23,170.17355472
5347615,1,1,1,70,47,1,4,40,1,,2,4,1,,9,2,1,,,1,,,,,,,,,1,98,1500000,1,1,85,13,13,1,1,01,8544,47,176.28849411
5347630,1,1,1,70,76,1,4,48,4,,2,4,4,,1,2,4,,,,,,,,,,,1,1,1000000,908526,2,,14,79,79,1,1,01,1410,76,1257.9708138
5347630,1,2,1,70,76,1,2,30,1,,2,2,1,,3,2,4,,,,,,,,,,,1,1,120000,908526,2,,45,84,93,1,1,01,4520,76,1257.9708138
5347633,1,2,1,70,76,1,5,48,1,,2,6,1,,3,2,2,,,,,,,,,,,1,2,,908826,2,,47,45,45,1,1,01,4719,76,1176.1947657
5347635,1,3,1,70,76,1,2,48,1,,2,260,4,,1,2,2,,,,,,,,,,,1,2,,908526,2,,53,37,37,1,1,01,5320,76,673.90750961
5347642,1,1,1,70,76,1,38,50,4,,2,38,4,,1,2,2,,,,,,,,,,,1,2,,1500000,2,,41,95,95,1,2,01,4111,76,847.52737293
5347647,1,2,1,70,17,1,24,48,1,,2,24,1,,4,2,2,,,,,,,,,,,1,2,,877802,2,,88,37,34,1,2,01,8890,17,204.66900153
5347649,1,3,1,70,17,1,40,48,1,,2,40,1,,4,2,8,,,,,,,,,,,1,2,,877802,2,,85,39,39,1,2,01,8559,17,108.310924
5347649,1,4,1,70,17,1,4,48,1,,2,4,1,,9,2,4,,,,,,,,,,,1,2,,1000000,2,,85,18,18,1,1,01,8530,17,108.310924
5347651,1,3,1,70,17,1,48,48,1,,2,48,1,,3,2,1,,,,,,,,,,,1,2,,877802,2,,69,32,32,1,2,01,6920,17,128.98668611
5347652,1,3,1,70,17,1,12,48,1,,2,12,1,,2,2,4,,,,,,,,,,,1,2,,877802,2,,47,13,45,1,1,01,4769,17,157.69958717
5347655,1,2,1,70,23,1,12,48,1,,2,52,1,,6,2,1,,,,,,,,,,,1,2,,908526,2,,47,33,33,1,1,01,4771,23,188.5455854
5347660,1,2,1,70,18,1,48,48,2,,2,48,4,,1,2,1,,,,,,,,,,,1,2,,980000,2,,01,58,61,1,2,01,0161,18,88.569150001
5347669,1,2,1,70,68,1,52,48,1,,2,104,1,,9,2,2,,,,,,,,,,,1,2,,877803,2,,47,45,45,1,2,01,4711,68,620.73228314
5347670,1,1,1,70,73,1,40,48,1,,2,40,1,,2,2,7,,,,,,,,,,,1,2,,900000,2,,56,53,53,1,2,01,5611,73,297.22239822
5347670,1,2,1,70,73,1,40,48,1,,2,40,1,,7,2,7,,,,,,,,,,,1,2,,950000,2,,41,95,95,1,2,01,4111,73,297.22239822
5347671,1,2,1,70,73,1,40,60,5,,2,40,5,,3,2,2,,,,,,,,,,,1,2,,1000000,2,,56,51,51,1,2,01,5611,73,278.40418755
5347672,1,2,1,70,73,1,52,48,1,,1,,,,,,,,.,,,,,,,,.,,,,900000,,,,97,,1,2,01,.,73,416.15554386
5347672,1,3,1,70,73,1,26,48,1,,2,26,1,,3,2,1,,,,,,,,,,,1,2,,900000,2,,56,97,53,1,2,01,5630,73,416.15554386
5347672,1,4,1,70,73,1,52,48,1,,1,,,,,,,,.,,,,,,,,.,,,,1000000,,,,95,,1,2,01,.,73,416.15554386
5347673,1,1,1,70,73,1,40,48,1,,2,40,4,,9,2,2,,,,,,,,,,,1,2,,1000000,2,,84,45,39,1,2,01,8412,73,296.98243549
5347674,1,2,1,70,73,1,52,48,1,,2,52,1,,9,2,2,,,,,,,,,,,1,2,,1200000,2,,86,59,59,1,2,01,8622,73,534.43830946
5347675,1,2,1,70,73,1,40,48,1,,2,40,1,,3,2,1,,,,,,,,,,,1,2,,900000,2,,96,57,57,1,2,01,9602,73,284.75194172
5347678,1,1,1,70,05,1,4,48,1,,2,4,1,,3,2,1,,,,,,,,,,,1,2,,877803,2,,56,45,53,1,1,01,5613,05,920.63261956
5347685,1,1,1,70,68,1,4,48,1,,2,4,1,,3,2,3,,,,,,,,,,,1,1,878000,878000,2,,68,98,55,1,1,01,6820,68,648.91606963
5347690,1,3,1,70,76,1,17,48,1,,2,46,1,,4,2,7,,,,,,,,,,,1,2,,908526,2,,56,53,53,1,2,01,5611,76,657.48559459
5347694,1,2,1,70,76,1,35,60,1,,2,35,1,,3,2,8,,,,,,,,,,,1,2,,800000,2,,68,58,58,1,2,01,6820,76,1633.0686794
5347703,1,2,1,70,76,1,1,48,1,,1,,,,,,,,.,,,,,,,,.,,,,800000,,,,45,,1,1,01,.,76,1197.6142127
5347726,1,1,1,70,05,1,104,48,2,,2,104,1,,7,2,2,,,,,,,,,,,1,2,,4500000,2,,94,19,19,1,2,01,9499,05,1718.1452957
5347740,1,2,1,70,05,1,20,48,1,,2,20,1,,6,2,2,,,,,,,,,,,1,2,,1000000,2,,46,97,45,1,2,01,4631,05,1268.8283798
5347752,1,2,1,70,05,1,36,48,1,,2,36,1,,3,2,1,,,,,,,,,,,1,2,,877803,2,,64,45,44,1,2,01,6412,05,2646.5969554
5347762,1,7,1,70,17,1,2,48,1,,2,7,1,,9,2,4,,,,,,,,,,,1,2,,877802,2,,86,59,59,1,1,01,8610,17,226.09361533
5347776,1,3,1,70,63,1,12,48,1,,2,12,1,,7,2,1,,,,,,,,,,,1,2,,877803,2,,49,98,98,1,1,01,4923,63,122.02428174
5347786,1,3,1,70,68,1,12,30,1,,2,3,4,,1,2,2,,,,,,,,,,,1,2,,877000,2,,15,33,80,1,1,01,1522,68,609.44194219
5347788,1,2,1,70,68,1,3,40,1,,2,3,1,,5,2,7,,,,,,,,,,,1,2,,2000000,2,,31,02,42,1,1,01,3110,68,435.32439223
5347791,1,1,1,70,68,1,8,40,1,,2,8,1,,7,2,1,,,,,,,,,,,1,2,,900000,2,,78,39,39,1,1,01,7820,68,630.73875535
5347793,1,5,1,70,68,1,8,40,1,,1,,,,,,,,.,,,,,,,,.,,,,1000000,,,,45,,1,1,01,.,68,697.0554213
5347798,1,3,1,70,68,1,24,40,3,,2,24,1,,2,2,1,,,,,,,,,,,1,2,,1000000,2,,56,54,53,1,2,01,5619,68,599.58030196
5347802,1,3,1,70,68,1,4,40,1,,2,4,1,,5,2,1,,,,,,,,,,,1,1,700000,900000,2,,41,95,95,1,1,01,4111,68,823.48201626
5347804,1,2,1,70,17,1,40,48,1,,2,40,1,,4,2,1,,,,,,,,,,,1,2,,950000,2,,56,38,53,1,2,01,5613,17,158.39889037
5347828,1,2,1,70,63,1,16,48,1,,2,28,4,,1,2,2,,,,,,,,,,,1,2,,877803,2,,49,97,98,1,2,01,4921,63,115.32671125
5347834,1,3,1,70,63,1,3,48,1,,2,3,1,,8,2,1,,,,,,,,,,,1,1,650000,877803,2,,86,33,33,1,1,01,8621,63,136.81179292
5347840,1,1,1,70,19,1,4,45,1,,2,4,1,,3,2,1,,,,,,,,,,,1,2,,877810,2,,41,95,95,1,1,01,4112,19,123.03933894
5347840,1,3,1,70,19,1,16,45,1,,1,,,,,,,,.,,,,,,,,.,,,,1200000,,,,02,,1,2,01,.,19,123.03933894
5347848,1,1,1,70,19,1,48,40,3,,2,38,3,,1,2,1,,,,,,,,,,,1,2,,700000,2,,97,54,54,1,2,01,9700,19,86.709670281
5347849,1,1,1,70,19,1,48,40,1,,2,24,1,,4,2,1,,,,,,,,,,,1,2,,800000,2,,41,95,95,1,2,01,4111,19,87.377320626
5347855,1,2,1,70,,1,16,48,4,,2,24,1,,4,2,1,,,,,,,,,,,1,2,,500000,2,,47,54,33,1,2,01,4721,68,880.66246194
5347856,1,3,1,70,,1,6,50,1,,2,6,1,,2,2,4,,,,,,,,,,,1,2,,877803,2,,41,95,95,1,1,01,4111,68,795.60001773
5347868,1,3,1,70,70,1,6,48,1,,2,96,4,,9,2,1,,,,,,,,,,,1,2,,908526,2,,84,39,39,1,1,01,8412,70,124.0176509
5347869,1,2,1,70,70,1,4,48,7,,2,5,4,,1,2,1,,,,,,,,,,,1,1,40000,500000,2,,47,53,41,1,1,01,4722,70,122.34190331
5347870,1,2,1,70,70,1,20,48,1,,2,96,4,,9,2,1,,,,,,,,,,,1,2,,908526,2,,47,33,41,1,2,01,4755,70,120.14429176
5347880,1,1,1,70,,1,99,48,4,,2,300,4,,1,2,1,,,,,,,,,,,1,2,,1000000,2,,81,55,55,1,2,01,8121,68,792.69106497
5347881,1,2,1,70,,1,45,48,1,,2,45,1,,2,2,7,,,,,,,,,,,1,2,,900000,2,,41,95,95,1,2,01,4111,68,875.54227973
5347886,1,1,1,70,70,1,4,40,3,,2,5,1,,6,2,1,,,,,,,,,,,1,1,200000,400000,2,,47,54,45,1,1,01,4723,70,136.27286748
5347892,1,1,1,70,17,1,4,48,1,,2,4,1,,9,2,1,,,1,,,,,,,,,1,1000000,908526,1,1,10,38,77,1,1,01,1082,17,219.91096243
5347894,1,1,1,70,17,1,52,56,1,,2,52,1,,7,1,1,,,1,,,,,,,,,2,,2000000,1,1,69,12,12,1,2,01,6910,17,306.28198765
5347894,1,2,1,70,17,1,8,40,1,,2,48,5,,2,2,2,,,,,,,,,,,1,2,,1500000,2,,56,19,51,1,1,01,5619,17,306.28198765
5347899,1,1,1,70,63,1,8,24,4,,2,24,4,,1,2,1,,,,,,,,,,,1,2,,800000,2,,56,53,53,1,1,01,5611,63,157.59584617
5347907,1,3,1,70,63,1,8,48,1,,2,30,4,,1,2,1,,,,,,,,,,,1,2,,877052,2,,47,33,39,1,1,01,4759,63,197.02400855
5347910,1,1,1,70,63,1,4,48,1,,2,6,1,,6,2,1,,,,,,,,,,,1,2,,908524,2,,41,95,95,1,1,01,4111,63,179.55065799
5347935,1,1,1,70,54,1,4,60,4,,2,4,4,,1,2,1,,,,,,,,,,,1,1,300000,800000,2,,14,79,79,1,1,01,1410,54,838.9514928
5347937,1,2,1,70,54,1,12,48,1,,2,12,4,,1,2,7,,,,,,,,,,,1,2,,900000,2,,47,95,45,1,1,01,4791,54,727.18150547
5347938,1,1,1,70,54,1,4,40,1,,2,4,4,,1,2,7,,,,,,,,,,,1,1,210000,920000,2,,10,77,77,1,1,01,1081,54,767.23769604
5347943,1,4,1,70,13,1,96,48,4,,2,96,1,,9,2,1,,,,,,,,,,,1,2,,900000,2,,30,03,97,1,2,01,3011,13,858.64153746
5347946,1,1,1,70,13,1,36,48,1,,2,36,1,,4,2,1,,,,,,,,,,,1,2,,877803,2,,68,58,58,1,2,01,6820,13,801.81357715
5347963,1,2,1,70,54,1,2,30,1,,2,53,4,,1,2,1,,,,,,,,,,,1,2,,877802,2,,96,13,57,1,1,01,9602,54,352.561339
5347964,1,1,1,70,54,1,4,48,4,,2,5,4,,1,2,1,,,,,,,,,,,1,1,800000,800000,2,,15,80,80,1,1,01,1522,54,366.68999957
5347964,1,2,1,70,54,1,4,48,4,,2,4,4,,1,2,1,,,,,,,,,,,1,1,800000,700000,2,,15,80,80,1,1,01,1522,54,366.68999957
5347964,1,4,1,70,54,1,1,48,1,,1,,,,,,,,.,,,,,,,,.,,,,908526,,,,37,,1,1,01,.,54,366.68999957
5347966,1,1,1,70,54,1,3,60,4,,2,3,4,,1,2,1,,,,,,,,,,,1,1,1500000,908526,2,,47,45,45,1,1,01,4771,54,281.91800225
5347967,1,1,1,70,54,1,6,48,4,,2,10,4,,1,2,2,,,,,,,,,,,1,2,,877802,2,,49,98,98,1,1,01,4921,54,323.52077719
5347967,1,2,1,70,54,1,6,40,4,,2,6,4,,9,2,1,,,1,,,,,,,,,2,,1200000,1,2,93,13,13,1,1,01,9321,54,323.52077719
5347972,1,1,1,70,18,1,12,48,4,,2,12,4,,1,2,1,,,,,,,,,,,1,2,,900000,2,,01,99,62,1,1,01,0123,18,124.4401766
5347972,1,2,1,70,18,1,6,48,4,,2,6,4,,1,2,1,,,,,,,,,,,1,2,,500000,2,,81,54,54,1,1,01,8110,18,124.4401766
5347980,1,2,1,70,18,1,56,48,1,,2,56,1,,4,2,2,,,,,,,,,,,1,2,,900000,2,,45,33,99,1,2,01,4520,18,85.813395703
5347981,1,1,1,70,18,1,98,48,2,,2,98,2,,9,2,1,,,,,,,,,,,1,2,,1500000,2,,85,13,13,1,2,01,8530,18,123.10569788
5347982,1,1,1,70,18,1,3,30,1,,2,3,1,,2,2,1,,,,,,,,,,,1,2,,500000,2,,86,59,59,1,1,01,8622,18,83.980647169
5347983,1,1,1,70,76,1,12,48,4,,2,4,3,,1,2,1,,,,,,,,,,,1,2,,907256,2,,97,54,54,1,1,01,9700,76,914.75988488
5347988,1,1,1,70,76,1,12,48,1,,2,12,1,,4,2,1,,,,,,,,,,,1,2,,930000,2,,41,95,95,1,1,01,4111,76,1253.6243149
5347988,1,3,1,70,76,1,40,48,1,,2,40,1,,6,2,1,,,,,,,,,,,1,2,,900000,2,,47,38,45,1,2,01,4773,76,1253.6243149
5347989,1,2,1,70,76,1,8,48,4,,2,48,4,,9,2,1,,,,,,,,,,,1,2,,900000,2,,53,37,37,1,1,01,5320,76,948.64383403
5347991,1,2,1,70,76,1,4,40,4,,2,4,4,,1,2,1,,,,,,,,,,,1,2,,600000,2,,95,79,79,1,1,01,9529,76,809.30288586
5347992,1,1,1,70,76,1,8,48,1,,2,8,1,,2,2,1,,,,,,,,,,,1,2,,877000,2,,47,55,97,1,1,01,4721,76,1099.8159722
5347996,1,2,1,70,76,1,4,45,1,,2,8,1,,3,2,2,,,,,,,,,,,1,1,850000,908526,2,,47,45,45,1,1,01,4771,76,956.12264521
5348003,1,3,1,70,17,1,48,48,1,,1,,,,,,,,.,,,,,,,,.,,,,877802,,,,58,,1,2,01,.,17,201.15455573
5348007,1,2,1,70,17,1,12,48,1,,2,12,1,,4,2,2,,,,,,,,,,,1,2,,877802,2,,47,97,97,1,1,01,4752,17,190.79948362
5348013,1,1,1,70,05,1,4,48,1,,2,4,1,,3,2,1,,,,,,,,,,,1,1,1200000,890000,2,,41,95,95,1,1,01,4112,05,1631.3175475
5348013,1,9,1,70,05,1,16,48,1,,2,4,1,,9,2,8,,,,,,,,,,,1,1,1200000,890000,2,,41,95,95,1,2,01,4111,05,1631.3175475
5348016,1,4,1,70,05,1,2,48,1,,2,2,2,,9,2,1,,,,,,,,,,,1,1,878000,878000,2,,36,32,32,1,1,01,3600,05,1072.887685
5348022,1,2,1,70,05,1,3,48,1,,1,,,,,,,,.,,,,,,,,.,,,,878000,,,,45,,1,1,01,.,05,1064.8326483
5348024,1,1,1,70,05,1,4,48,1,,2,4,1,,4,2,5,,,,,,,,,,,1,2,,900000,2,,18,55,92,1,1,01,1811,05,1139.6169944
5348024,1,2,1,70,05,1,14,48,1,,2,16,1,,9,2,1,,,1,,,,1,,,,,2,,1200000,1,1,47,32,45,1,2,01,4731,05,1139.6169944
5348024,1,3,1,70,05,1,4,24,1,,1,,,,,,,,.,,,,,,,,.,,,,890000,,,,33,,1,1,01,.,05,1139.6169944
5348025,1,2,1,70,05,1,20,48,1,,2,60,1,,9,2,1,,,,,,,,,,,1,2,,900000,2,,84,45,45,1,2,01,8414,05,1428.3621411
5348040,1,3,1,70,68,1,4,40,1,,2,24,1,,9,2,2,,,,,,,,,,,1,2,,1300000,2,,85,02,13,1,1,01,8544,68,583.09378585
5348044,1,2,1,70,44,1,50,48,1,,1,,,,,,,,.,,,,,,,,.,,,,800000,,,,39,,1,2,01,.,44,204.05932079
5348045,1,1,1,70,44,1,28,48,1,,2,28,1,,6,2,1,,,,,,,,,,,1,2,,850900,2,,85,13,13,1,2,01,8530,44,76.861142386
5348046,1,2,1,70,44,1,32,48,1,,2,48,1,,3,2,4,,,,,,,,,,,1,2,,800000,2,,47,45,45,1,2,01,4771,44,77.175209522
5348047,1,2,1,70,44,1,8,48,1,,1,,,,,,,,.,,,,,,,,.,,,,500000,,,,45,,1,1,01,.,44,115.97042107
5348047,1,3,1,70,44,1,2,48,4,,1,,,,,,,,.,,,,,,,,.,,,,800000,,,,39,,1,1,01,.,44,115.97042107
5348049,1,1,1,70,44,1,44,48,1,,2,44,4,,1,2,1,,,,,,,,,,,1,2,,600000,2,,49,98,98,1,2,01,4921,44,207.00013225
5348061,1,2,1,70,44,1,228,48,1,,2,60,1,,9,2,1,,,,,,,,,,,1,2,,4000000,2,,86,06,06,1,2,01,8610,44,250.5707944
5348061,1,3,1,70,44,1,44,48,4,,2,44,4,,1,2,1,,,,,,,,,,,1,2,,1000000,2,,49,18,98,1,2,01,4921,44,250.5707944
5348075,1,1,1,70,54,1,10,48,4,,2,10,4,,1,2,1,,,,,,,,,,,1,2,,900000,2,,81,55,55,1,1,01,8121,54,333.1446092
5348075,1,2,1,70,54,1,24,48,1,,2,24,1,,4,2,1,,,,,,,,,,,1,2,,900000,2,,85,33,13,1,2,01,8530,54,333.1446092
5348075,1,3,1,70,54,1,6,48,4,,2,50,4,,1,2,1,,,,,,,,,,,1,2,,877800,2,,47,45,45,1,1,01,4771,54,333.1446092
5348089,1,3,1,70,05,1,3,50,1,,2,3,1,,3,2,1,,,,,,,,,,,1,1,300000,900000,2,,13,18,92,1,1,01,1313,05,1236.3381206
5348090,1,2,1,70,05,1,24,48,1,,1,,,,,,,,.,,,,,,,,.,,,,600000,,,,45,,1,2,01,.,05,1049.5419744
5348096,1,1,1,70,15,1,6,40,1,,2,6,1,,3,2,7,,,,,,,,,,,1,2,,877803,2,,41,95,95,1,1,01,4111,15,207.11507074
5348097,1,1,1,70,15,1,10,40,1,,2,10,4,,1,2,1,,,,,,,,,,,1,2,,877803,2,,43,85,85,1,1,01,4321,15,177.87277801
5348097,1,5,1,70,15,1,24,40,1,,2,24,1,,2,2,1,,,,,,,,,,,1,2,,877803,2,,41,95,95,1,2,01,4111,15,177.87277801
5348098,1,2,1,70,15,1,2,40,1,,2,2,1,,9,2,1,,,,,,,,,,,1,1,500000,877803,2,,64,39,38,1,1,01,6412,15,169.25217732
5348100,1,1,1,70,15,1,3,48,1,,2,3,1,,2,2,1,,,,,,,,,,,1,1,80000,877803,2,,41,95,95,1,1,01,4111,15,147.97606702
5348100,1,3,1,70,15,1,8,48,1,,2,8,1,,3,2,1,,,,,,,,,,,1,2,,877803,2,,41,95,95,1,1,01,4111,15,147.97606702
5348106,1,2,1,70,15,1,32,40,1,,2,32,1,,5,2,2,,,,,,,,,,,1,2,,877803,2,,84,39,39,1,2,01,8422,15,129.0309135
5348109,1,2,1,70,68,1,16,48,1,,2,16,1,,6,2,1,,,1,,,,,,,,,2,,878000,1,1,86,06,06,1,2,01,8622,68,388.53549495
5348114,1,1,1,70,68,1,4,48,1,,2,12,4,,1,2,1,,,,,,,,,,,1,1,400000,878000,2,,12,39,78,1,1,01,1200,68,623.74253184
5348114,1,3,1,70,68,1,4,48,1,,2,4,1,,9,2,1,,,,,,,,,,,1,1,878000,878000,2,,47,39,58,1,1,01,4711,68,623.74253184
5348121,1,4,1,70,68,1,2,48,1,,2,40,4,,1,2,1,,,,,,,,,,,1,2,,877803,2,,61,97,38,1,1,01,6190,68,560.51310394
5348124,1,1,1,70,44,1,40,40,4,,2,104,4,,2,2,1,,,,,,,,,,,1,2,,700000,2,,96,57,57,1,2,01,9602,44,107.34755081
5348129,1,1,1,70,44,1,52,40,1,,2,204,4,,7,2,1,,,,,,,,,,,1,2,,908526,2,,42,19,19,1,2,01,4290,44,117.86867204
5348134,1,1,1,70,44,1,52,40,1,,2,204,4,,1,2,1,,,,,,,,,,,1,2,,800000,2,,47,59,45,1,2,01,4792,44,102.39977422
5348142,1,4,1,70,05,1,40,48,1,,2,40,1,,7,2,1,,,,,,,,,,,1,2,,1000000,2,,85,39,39,1,2,01,8530,05,1242.0466497
5348142,1,7,1,70,05,1,12,48,1,,1,,,,,,,,.,,,,,,,,.,,,,1000000,,,,45,,1,1,01,.,05,1242.0466497
5348144,1,2,1,70,05,1,12,48,1,,2,12,1,,9,2,1,,,,,,,,,,,1,2,,1500000,2,,87,59,59,1,1,01,8730,05,1268.8283798
5348149,1,3,1,70,17,1,4,48,1,,2,5,1,,4,2,1,,,,,,,,,,,1,2,,877802,2,,45,84,84,1,1,01,4520,17,209.23570843
5348150,1,2,1,70,17,1,2,48,4,,2,4,4,,9,2,1,,,1,,,,,,,,,1,2147000,3000000,1,2,85,13,13,1,1,01,8551,17,193.87702367
5348151,1,1,1,70,50,1,8,48,4,,2,8,4,,1,2,1,,,,,,,,,,,1,2,,1000000,2,,41,95,95,1,1,01,4111,50,272.79623672
5348153,1,1,1,70,50,1,8,48,1,,2,36,4,,1,2,6,,,,,,,,,,,1,2,,900000,2,,49,98,98,1,1,01,4921,50,313.33710354
5348154,1,1,1,70,50,1,4,48,1,,2,52,1,,4,2,1,,,,,,,,,,,1,2,,900000,2,,47,45,45,1,1,01,4711,50,264.03464723
5348154,1,2,1,70,50,1,8,48,4,,2,8,4,,1,2,1,,,,,,,,,,,1,2,,900000,2,,96,57,57,1,1,01,9602,50,264.03464723
5348155,1,1,1,70,50,1,4,48,1,,2,4,1,,3,2,3,,,,,,,,,,,1,1,700000,900000,2,,41,95,95,1,1,01,4111,50,256.01371515
5348155,1,4,1,70,50,1,3,48,1,,2,3,1,,2,2,3,,,,,,,,,,,1,1,750000,800000,2,,56,53,53,1,1,01,5611,50,256.01371515
5348155,1,5,1,70,50,1,3,56,1,,2,3,1,,2,2,3,,,,,,,,,,,1,1,800000,900000,2,,41,95,95,1,1,01,4111,50,256.01371515
5348170,1,2,1,70,63,1,4,48,2,,2,4,4,,9,2,2,,,,,,,,,,,1,1,2800000,1100000,2,,84,19,19,1,1,01,8412,63,116.7856691
5348172,1,3,1,70,23,1,48,48,1,,2,48,1,,6,2,1,,,,,,,,,,,1,2,,877803,2,,85,13,13,1,2,01,8530,23,189.03752056
5348181,1,2,1,70,05,1,28,48,1,,2,28,1,,6,2,2,,,,,,,,,,,1,1,300000,877803,2,,71,98,03,1,2,01,7120,05,1785.7600386
5348184,1,2,1,70,05,1,28,48,1,,2,28,1,,2,2,2,,,,,,,,,,,1,2,,1200000,2,,43,93,93,1,2,01,4330,05,1025.696283
5348192,1,3,1,70,15,1,3,48,1,,1,,,,,,,,.,,,,,,,,.,,,,877803,,,,45,,1,1,01,.,15,171.97214942
5348192,1,4,1,70,15,1,3,48,1,,1,,,,,,,,.,,,,,,,,.,,,,877803,,,,97,,1,1,01,.,15,171.97214942
5348196,1,1,1,70,15,1,8,48,1,,2,8,1,,2,2,1,,,,,1,,,,,,,2,,877803,2,,41,93,93,1,1,01,4111,15,158.06014955
5348197,1,1,1,70,15,1,2,48,2,,2,2,4,,7,2,1,,,,,,,,,,,1,1,1450000,877803,2,,84,18,18,1,1,01,8412,15,187.77419246
5348197,1,2,1,70,15,1,40,48,4,,2,48,1,,4,2,1,,,,,,,,,,,1,2,,877803,2,,42,95,95,1,2,01,4290,15,187.77419246
5348201,1,2,1,70,15,1,52,32,1,,2,32,1,,3,2,2,,,,,,,,,,,1,2,,1200000,2,,85,13,13,1,2,01,8530,15,116.05899105
5348201,1,3,1,70,15,1,40,48,1,,2,40,1,,9,2,7,,,,,,,,,,,1,2,,1500000,2,,61,21,21,1,2,01,6190,15,116.05899105
5348204,1,4,1,70,63,1,12,48,1,,2,36,1,,5,2,1,,,,,,,,,,,1,2,,877803,2,,10,45,53,1,1,01,1081,63,176.62162609
5348215,1,1,1,70,,1,4,40,4,,2,44,4,,9,2,1,,,,,,,,,,,1,2,,6000000,3,,84,61,05,1,1,01,8412,41,10154.899895
5348217,1,1,1,70,,1,52,48,1,,2,52,5,,2,2,1,,,,,,,,,,,1,2,,887000,2,,56,45,51,1,2,01,5611,41,2754.5021445
5348223,1,3,1,70,41,1,6,40,1,,2,8,1,,4,2,8,,,,,1,,,,,,,2,,1000000,2,,47,45,45,1,1,01,4729,41,221.10036705
5348224,1,1,1,70,41,1,3,45,1,,2,6,5,,2,2,1,,,,,,,,,,,1,2,,1000000,2,,41,95,95,1,1,01,4111,41,174.74340535
5348224,1,3,1,70,41,1,5,45,1,,2,15,1,,7,2,3,,,,,,,,,,,1,2,,1200000,2,,93,17,17,1,1,01,9321,41,174.74340535
5348226,1,3,1,70,41,1,5,45,1,,1,,,,,,,,.,,,,,,,,.,,,,1500000,,,,03,,1,1,01,.,41,444.18980087
5348227,1,3,1,70,41,1,10,45,1,,2,28,1,,9,2,1,,,,,1,,,,,,,2,,1600000,2,,68,44,44,1,1,01,6820,41,209.65390135
5348229,1,2,1,70,41,1,10,45,5,,2,15,5,,3,2,2,,,,,1,,,,,,,2,,1200000,2,,41,95,95,1,1,01,4111,41,295.32653216
5348233,1,1,1,70,23,1,12,50,1,,2,16,1,,3,2,1,,,,,,,,,,,1,2,,500000,2,,41,95,95,1,1,01,4111,23,135.40587369
5348236,1,1,1,70,68,1,28,48,1,,2,4,1,,3,2,1,,,,,,,,,,,1,2,,900000,2,,41,95,95,1,2,01,4111,68,598.15160124
5348236,1,2,1,70,68,1,3,48,4,,2,2,4,,1,2,1,,,,,,,,,,,1,2,,900000,2,,14,79,79,1,1,01,1410,68,598.15160124
5348236,1,3,1,70,68,1,16,48,1,,2,32,1,,3,2,1,,,,,,,,,,,1,2,,900000,2,,45,39,21,1,2,01,4542,68,598.15160124
5348236,1,6,1,70,68,1,16,48,1,,2,40,1,,2,2,2,,,,,,,,,,,1,2,,900000,2,,47,32,45,1,2,01,4774,68,598.15160124
5348241,1,6,1,70,68,1,52,40,1,,2,20,1,,5,2,1,,,,,,,,,,,1,2,,877800,2,,93,18,18,1,2,01,9312,68,322.10434085
5348241,1,8,1,70,68,1,102,48,1,,2,156,1,,4,2,1,,,,,,,,,,,1,2,,950000,2,,20,87,97,1,2,01,2022,68,322.10434085
5348242,1,1,1,70,68,1,7,40,4,,2,7,4,,1,2,1,,,,,,,,,,,1,2,,950000,2,,15,80,80,1,1,01,1522,68,583.09378585
5348242,1,2,1,70,68,1,4,40,4,,2,4,4,,1,2,1,,,,,,,,,,,1,1,1000000,1000000,2,,15,80,80,1,1,01,1521,68,583.09378585
5348249,1,1,1,70,68,1,3,24,4,,2,3,4,,9,2,1,,,1,,,,,,,,,1,2800000,2800000,1,1,84,12,12,1,1,01,8422,68,565.7725438
5348249,1,4,1,70,68,1,49,48,1,,2,52,4,,1,2,1,,,,,,,,,,,1,2,,1000000,2,,93,59,59,1,2,01,9329,68,565.7725438
5348260,1,3,1,70,05,1,2,48,4,,1,,,,,,,,.,,,,,,,,.,,,,908500,,,,16,,1,1,01,.,05,2796.1656475
5348263,1,4,1,70,05,1,8,48,1,,2,2,1,,9,2,8,,,,,,,,,,,1,1,1100000,1500000,2,,26,44,45,1,1,01,2620,05,1022.7171857
5348266,1,1,1,70,05,1,40,48,1,,2,44,1,,5,2,1,,,,,,,,,,,1,2,,908500,2,,93,55,55,1,2,01,9312,05,1209.3777662
5348266,1,2,1,70,05,1,30,48,1,,1,,,,,,,,.,,,,,,,,.,,,,908500,,,,55,,1,2,01,.,05,1209.3777662
5348272,1,2,1,70,05,1,3,24,4,,2,14,4,,1,2,1,,,,,,,,,,,1,2,,877803,2,,53,03,37,1,1,01,5320,05,1075.2260071
5348274,1,2,1,70,,1,4,40,2,,2,5,2,,9,2,5,,,,1,,,,,,,,1,3500000,3000000,1,1,85,13,13,1,1,01,8551,41,8704.3597902
5348283,1,4,1,70,15,1,40,48,3,,2,40,1,,3,2,1,,,,,,,,,,,1,2,,877803,2,,56,54,53,1,2,01,5613,15,240.23762708
5348284,1,3,1,70,15,1,40,48,1,,2,40,1,,2,2,1,,,,,,,,,,,1,2,,877803,2,,49,98,98,1,2,01,4921,15,167.19744131
5348289,1,2,1,70,15,1,52,48,1,,2,42,3,,1,2,1,,,,,,,,,,,1,2,,800000,2,,97,55,54,1,2,01,9700,15,122.68356532
5348290,1,2,1,70,23,1,12,48,1,,2,38,1,,2,2,1,,,,,,,,,,,1,2,,600000,2,,47,45,45,1,1,01,4711,23,156.27453157
5348292,1,2,1,70,23,1,22,48,1,,2,38,1,,3,2,1,,,,,,,,,,,1,2,,700000,2,,64,87,33,1,2,01,6499,23,349.90656204
5348294,1,1,1,70,15,1,7,48,1,,2,7,1,,9,2,8,,,,,,,,,,,1,2,,877803,2,,47,45,45,1,1,01,4711,15,142.74202597
5348294,1,3,1,70,15,1,52,48,1,,2,52,1,,2,2,1,,,,,,,,,,,1,2,,877803,2,,68,58,58,1,2,01,6820,15,142.74202597
5348296,1,1,1,70,15,1,2,48,1,,2,2,1,,6,2,2,,,,,,,,,,,1,2,,877803,2,,10,53,77,1,1,01,1040,15,64.081719279
5348296,1,2,1,70,15,1,7,48,1,,1,,,,,,,,.,,,,,,,,.,,,,1500000,,,,06,,1,1,01,.,15,64.081719279
5348299,1,2,1,70,23,1,22,48,1,,2,28,1,,9,2,1,,,,,,,,,,,1,2,,850000,2,,47,38,45,1,2,01,4759,23,178.09654355
5348302,1,1,1,70,23,1,3,48,1,,2,3,1,,2,2,1,,,,,,,,,,,1,1,860000,908526,2,,41,37,95,1,1,01,4111,23,184.62156266
5348314,1,3,1,70,63,1,28,48,1,,2,205,1,,4,2,1,,,,,,,,,,,1,2,,908526,2,,56,45,53,1,2,01,5611,63,129.51862308
5348320,1,2,1,70,63,1,40,40,4,,2,40,4,,1,2,8,,,,,,,,,,,1,2,,908526,2,,49,41,98,1,2,01,4921,63,74.445258756
5348320,1,3,1,70,63,1,6,48,1,,2,156,4,,1,2,1,,,,,,,,,,,1,2,,908526,2,,69,12,12,1,1,01,6910,63,74.445258756
5348333,1,1,1,70,50,1,2,48,1,,2,2,1,,4,2,1,,,,,,,,,,,1,1,1600000,1200000,2,,42,97,97,1,1,01,4210,50,325.47132375
5348335,1,2,1,70,50,1,36,48,1,,2,36,4,,9,2,1,,,1,,,,,,,,,2,,2000000,1,1,06,13,19,1,2,01,0610,50,318.82912445
5348339,1,2,1,70,50,1,4,40,1,,2,4,4,,1,2,1,,,1,,,,,,,,,1,3500000,3000000,1,1,84,04,04,1,1,01,8423,50,190.17712813
5348345,1,5,1,70,27,1,104,48,1,,2,104,1,,9,2,8,,,,,,,,,,,1,2,,1200000,2,,85,59,59,1,2,01,8511,27,34.603350063
5348354,1,1,1,70,27,1,104,48,1,,2,104,1,,9,2,1,,,,,,,,,,,1,2,,1500000,2,,86,59,59,1,2,01,8621,27,34.603350063
5348355,1,1,1,70,27,1,28,40,1,,2,28,1,,6,2,1,,,,,,,,,,,1,2,,1114000,2,,46,45,45,1,2,01,4631,27,34.603350063
5348358,1,6,1,70,,1,104,48,1,,2,104,3,,1,2,1,,,,,,,,,,,1,2,,900000,2,,97,53,54,1,2,01,9700,68,523.04712563
5348359,1,1,1,70,27,1,4,40,1,,2,4,4,,9,2,1,,,,,,,,,,,1,2,,1300000,2,,88,59,59,1,1,01,8890,27,34.603350063
5348363,1,1,1,70,,1,2,48,1,,2,2,1,,2,2,1,,,,,,,,,,,1,1,900000,900000,2,,47,45,45,1,1,01,4771,68,817.76902003
5348365,1,1,1,70,27,1,104,40,2,,2,104,2,,9,2,7,,,,,,,,,,,1,2,,2000000,2,,85,13,13,1,2,01,8530,27,87.03754733
5348372,1,3,1,70,27,1,5,30,1,,1,,,,,,,,.,,,,,,,,.,,,,600000,,,,45,,1,1,01,.,27,114.99816446
5348380,1,1,1,70,27,1,4,48,2,,2,8,2,,9,2,1,,,1,,,,,,,,,1,2000000,1800000,1,1,85,13,13,1,1,01,8530,27,34.603350063
5348381,1,1,1,70,19,1,4,50,4,,2,8,4,,3,2,1,,,,,,,,,,,1,2,,98,2,,41,95,95,1,1,01,4111,19,166.85901159
5348381,1,2,1,70,19,1,8,50,4,,2,40,4,,1,2,1,,,,,,,,,,,1,2,,98,2,,47,41,45,1,1,01,4781,19,166.85901159
5348381,1,3,1,70,19,1,4,60,4,,2,4,4,,3,2,1,,,,,,,,,,,1,2,,98,2,,41,95,95,1,1,01,4111,19,166.85901159
5348386,1,5,1,70,19,1,20,48,1,,1,,,,,,,,.,,,,,,,,.,,,,98,,,,39,,1,2,01,.,19,148.42754072
5348387,1,1,1,70,27,1,160,30,1,,2,160,2,,9,2,1,,,,,,,,,,,1,2,,1200000,2,,85,03,13,1,2,01,8513,27,34.603350063
5348390,1,1,1,70,19,1,12,40,1,,2,12,1,,9,2,1,,,,,,,,,,,1,2,,800000,2,,86,59,59,1,1,01,8610,19,184.78351372
5348390,1,5,1,70,19,1,48,40,1,,2,48,1,,5,2,1,,,,,,,,,,,1,2,,800000,2,,41,95,95,1,2,01,4111,19,184.78351372
5348403,1,3,1,70,41,1,32,30,1,,2,44,1,,2,2,2,,,,,,,,,,,1,2,,1200000,2,,47,53,45,1,2,01,4771,41,276.46519785
5348404,1,2,1,70,41,1,3,48,4,,2,3,4,,9,2,1,,,1,,1,1,,,,,,1,2000000,2000000,1,1,88,19,19,1,1,01,8890,41,102.58665882
5348409,1,2,1,70,68,1,52,48,1,,2,52,1,,2,2,2,,,,,,,,,,,1,2,,950000,2,,47,53,45,1,2,01,4721,68,366.19068512
5348415,1,2,1,70,15,1,12,48,1,,2,36,1,,9,2,1,,,,1,,,,,,,,2,,1200000,1,1,79,39,39,1,1,01,7911,15,96.183198486
5348417,1,2,1,70,23,1,16,48,1,,2,20,1,,6,2,1,,,,,,,,,,,1,2,,877803,2,,93,58,58,1,2,01,9329,23,193.3927731
5348419,1,2,1,70,15,1,4,40,1,,2,4,3,,1,2,1,,,,,,,,,,,1,2,,1000000,2,,97,45,54,1,1,01,9700,15,127.01054852
5348419,1,4,1,70,15,1,40,40,1,,2,40,1,,3,2,2,,,,,,,,,,,1,2,,1000000,2,,56,53,53,1,2,01,5611,15,127.01054852
5348423,1,1,1,70,15,1,12,40,1,,2,12,1,,9,2,1,,,,,,,,,,,1,2,,1000000,2,,84,55,55,1,1,01,8412,15,110.82495
5348425,1,3,1,70,15,1,2,40,1,,1,,,,,,,,.,,,,,,,,.,,,,1000000,,,,45,,1,1,01,.,15,164.005967
5348426,1,2,1,70,15,1,36,48,1,,2,36,1,,6,2,1,,,,,,,,,,,1,2,,2500000,2,,56,53,53,1,2,01,5611,15,142.07543842
5348442,1,2,1,70,70,1,16,48,1,,2,104,1,,9,2,1,,,,,,,,,,,1,2,,1400000,2,,47,13,33,1,2,01,4711,70,129.2152311
5348445,1,3,1,70,70,1,104,48,1,,2,104,4,,1,2,1,,,,,,,,,,,1,2,,908526,2,,47,33,45,1,2,01,4792,70,80.567922711
5348445,1,4,1,70,70,1,52,48,1,,2,52,1,,2,2,1,,,,,,,,,,,1,2,,908526,2,,47,33,33,1,2,01,4752,70,80.567922711
5348446,1,2,1,70,70,1,52,48,1,,2,8,4,,1,2,1,,,,,,,,,,,1,2,,600000,2,,47,45,45,1,2,01,4792,70,130.70949529
5348450,1,1,1,70,27,1,48,40,2,,2,48,2,,9,2,1,,,,,,,,,,,1,2,,2000000,2,,85,13,13,1,2,01,8530,27,58.050879854
5348453,1,2,1,70,27,1,48,40,1,,2,48,1,,6,2,1,,,,,,,,,,,1,2,,2500000,2,,86,07,07,1,2,01,8621,27,34.603350063
5348461,1,1,1,70,27,1,8,40,4,,2,8,4,,9,2,1,,,,,,,,,,,1,2,,1500000,2,,84,39,39,1,1,01,8412,27,34.603350063
5348463,1,1,1,70,27,1,52,48,4,,2,52,4,,9,2,1,,,,,,,,,,,1,2,,1200000,2,,86,59,59,1,2,01,8621,27,151.7435033
5348482,1,5,1,70,17,1,6,60,1,,2,6,1,,5,2,1,,,,,,,,,,,1,2,,1000000,2,,41,95,95,1,1,01,4111,17,197.06828581
5348484,1,1,1,70,17,1,36,48,1,,2,36,1,,3,2,1,,,,,,,,,,,1,2,,908526,2,,56,45,53,1,2,01,5630,17,223.68780568
5348488,1,1,1,70,17,1,30,50,4,,2,52,1,,2,2,1,,,,,,,,,,,1,2,,600000,2,,41,59,95,1,2,01,4111,17,216.22327025
5348491,1,1,1,70,70,1,15,45,4,,2,20,4,,9,2,1,,,,1,,,,,,,,2,,3000000,2,,84,06,06,1,2,01,8413,70,100.92240575
5348493,1,6,1,70,70,1,15,48,1,,2,17,1,,9,2,2,,,,,,,,,,,1,2,,1000000,2,,47,45,45,1,2,01,4723,70,102.49501877
5348496,1,1,1,70,70,1,34,46,4,,2,39,1,,9,2,2,,,,,,,,,,,1,2,,1000000,2,,64,44,44,1,2,01,6412,70,98.708379937
5348496,1,3,1,70,70,1,60,45,1,,2,34,1,,9,2,1,,,,,,,,,,,1,2,,3000000,2,,06,02,02,1,2,01,0610,70,98.708379937
5348497,1,3,1,70,70,1,30,45,4,,2,33,4,,1,2,1,,,,,,,,,,,1,2,,1000000,2,,31,81,81,1,2,01,3110,70,98.708379937
5348505,1,1,1,70,70,1,3,48,1,,2,102,4,,9,2,1,,,,,,,,,,,1,2,,908526,2,,94,32,39,1,1,01,9499,70,130.58774948
5348509,1,2,1,70,70,1,10,48,1,,2,52,1,,9,2,2,,,,,,,,,,,1,2,,1000000,2,,88,19,19,1,1,01,8890,70,107.71026689
5348542,1,2,1,70,52,1,2,48,1,,2,2,1,,5,2,1,,,,,,,,,,,1,1,877803,877803,2,,85,13,13,1,1,01,8512,52,103.18584413
5348544,1,1,1,70,52,1,6,48,1,,2,26,4,,9,2,6,,,,,,,,,,,1,2,,1200000,2,,84,59,59,1,1,01,8413,52,174.44837472
5348547,1,3,1,70,52,1,8,20,1,,2,56,1,,3,2,6,,,,,,,,,,,1,2,,200000,2,,56,45,53,1,1,01,5619,52,196.7608492
5348547,1,4,1,70,52,1,3,30,1,,1,,,,,,,,.,,,,,,,,.,,,,600000,,,,53,,1,1,01,.,52,196.7608492
5348548,1,1,1,70,52,1,156,40,1,,2,32,4,,1,2,1,,,,,1,,,,,,,2,,877803,3,,47,33,45,1,2,01,4771,52,153.16699498
5348548,1,3,1,70,52,1,104,40,1,,2,26,1,,3,2,7,,,,,,,,,,,1,2,,1300000,2,,73,16,16,1,2,01,7310,52,153.16699498
5348550,1,2,1,70,52,1,40,40,1,,2,40,4,,1,2,4,,,,,,,,,,,1,2,,877803,2,,56,45,53,1,2,01,5619,52,155.77780641
5348550,1,3,1,70,52,1,52,40,1,,2,26,1,,4,2,8,,,,,,,,,,,1,2,,877803,2,,56,53,53,1,2,01,5613,52,155.77780641
5348550,1,4,1,70,52,1,52,48,1,,2,52,1,,2,2,8,,,,,,,,,,,1,2,,1000000,2,,56,13,53,1,2,01,5630,52,155.77780641
5348552,1,1,1,70,52,1,40,40,4,,2,6,4,,9,2,8,,,,,1,,,,,,,2,,2000000,2,,85,08,13,1,2,01,8523,52,187.5106704
5348557,1,1,1,70,27,1,8,48,4,,2,8,4,,2,2,1,,,,,,,,,,,1,2,,1200000,2,,41,95,95,1,1,01,4112,27,34.603350063
5348557,1,2,1,70,27,1,8,48,1,,2,8,1,,8,2,1,,,,,,,,,,,1,2,,1600000,2,,43,03,03,1,1,01,4321,27,34.603350063
5348565,1,3,1,70,50,1,4,50,1,,2,4,1,,3,2,8,,,,,,,,,,,1,1,900000,900000,2,,15,95,80,1,1,01,1522,50,353.60909871
5348568,1,3,1,70,50,1,6,48,1,,2,6,1,,2,2,2,,,,,,,,,,,1,1,600000,900000,2,,41,95,95,1,1,01,4111,50,319.55031786
5348573,1,1,1,70,50,1,52,48,4,,2,3,4,,1,2,1,,,,,,,,,,,1,1,150000,900000,2,,96,97,99,1,2,01,9609,50,242.85221516
5348578,1,2,1,70,41,1,48,48,2,,2,48,1,,9,2,7,,,,,,,,,,,1,2,,2500000,2,,94,21,21,1,2,01,9412,41,174.74340535
5348583,1,1,1,70,52,1,6,40,1,,2,6,1,,9,2,4,,,,,,,,,,,1,1,1500000,1000000,2,,85,32,32,1,1,01,8544,52,173.85333311
5348590,1,1,1,70,52,1,12,40,4,,2,12,5,,2,2,1,,,,,,,,,,,1,1,1000000,900000,2,,41,95,95,1,1,01,4111,52,181.79259074
5348590,1,2,1,70,52,1,32,40,3,,2,32,1,,2,2,1,,,,,,,,,,,1,2,,800000,2,,56,54,45,1,2,01,5619,52,181.79259074
5348590,1,3,1,70,52,1,4,48,1,,2,4,1,,9,2,7,,,,,,,,,,,1,1,850000,980657,2,,61,98,98,1,1,01,6110,52,181.79259074
5348592,1,2,1,70,52,1,12,48,1,,2,12,1,,9,2,1,,,,,1,,,,,,,2,,1300000,2,,86,21,44,1,1,01,8610,52,175.51116314
5348597,1,1,1,70,52,1,4,48,1,,2,3,1,,8,2,1,,,,,,,,,,,1,1,800000,800000,2,,58,45,45,1,1,01,5813,52,134.88307644
5348598,1,2,1,70,52,1,28,48,1,,2,40,1,,3,2,2,,,,,,,,,,,1,2,,900000,2,,47,45,45,1,2,01,4772,52,296.26910799
5348606,1,1,1,70,52,1,12,48,4,,2,28,4,,1,2,2,,,,,,,,,,,1,2,,1000000,2,,15,80,80,1,1,01,1512,52,799.61184543
5348617,1,1,1,70,63,1,4,50,1,,2,6,1,,9,2,8,,,,,,,,,,,1,1,1200000,877803,2,,38,99,99,1,1,01,3811,63,195.11720932
5348617,1,2,1,70,63,1,8,30,1,,2,42,4,,1,2,2,,,,,,,,,,,1,2,,550000,2,,46,45,41,1,1,01,4632,63,195.11720932
5348638,1,3,1,70,54,1,3,48,4,,2,2,4,,1,2,2,,,,,,,,,,,1,2,,980000,2,,47,97,45,1,1,01,4772,54,410.40546725
5348643,1,1,1,70,54,1,4,48,4,,1,,,,,,,,.,,,,,,,,.,,,,500000,,,,54,,1,1,01,.,54,360.55511473
5348647,1,1,1,70,54,1,4,48,4,,2,8,4,,1,2,4,,,,,,,,,,,1,2,,500000,2,,15,79,79,1,1,01,1512,54,598.63626549
5348649,1,3,1,70,54,1,6,48,4,,2,6,4,,1,2,4,,,,,,,,,,,1,2,,480000,2,,75,45,59,1,1,01,7500,54,348.83971721
5348650,1,1,1,70,54,1,8,48,4,,2,5,4,,1,2,3,,,,,,,,,,,1,2,,1500000,2,,49,98,98,1,1,01,4923,54,312.42775462
5348669,1,3,1,70,,1,48,48,1,,2,48,1,,9,2,1,,,,,,,,,,,1,2,,1014980,2,,64,33,32,1,2,01,6499,18,1116.2106231
5348671,1,2,1,70,08,1,96,48,1,,2,24,4,,1,2,1,,,,,,,,,,,1,2,,1800000,2,,74,16,16,1,2,01,7410,08,486.94656435
5348685,1,6,1,70,20,1,40,48,4,,2,40,4,,2,2,8,,,,,,,,,,,1,2,,700000,2,,41,95,95,1,2,01,4112,20,234.9410431
5348688,1,1,1,70,41,1,3,48,1,,2,3,4,,1,2,1,,,,,,,,,,,1,1,600000,877000,2,,10,77,77,1,1,01,1081,41,205.69526609
5348689,1,3,1,70,41,1,48,48,1,,2,48,2,,9,2,2,,,,,,,,,,,1,2,,877000,2,,85,32,32,1,2,01,8542,41,235.3848019
5348703,1,1,1,70,52,1,4,40,1,,2,6,1,,2,2,7,,,,,,,,,,,1,1,910000,900000,2,,49,98,98,1,1,01,4923,52,289.99658945
5348719,1,1,1,70,73,1,25,48,1,,2,25,1,,3,2,1,,,,,,,,,,,1,2,,600000,2,,56,53,53,1,2,01,5611,73,523.12062321
5348719,1,2,1,70,73,1,35,56,1,,2,35,1,,2,2,1,,,,,,,,,,,1,2,,600000,2,,52,58,58,1,2,01,5221,73,523.12062321
5348720,1,1,1,70,73,1,8,60,1,,2,8,1,,6,2,1,,,,,,,,,,,1,2,,877803,2,,93,95,16,1,1,01,9329,73,302.96536459
5348721,1,2,1,70,73,1,40,48,1,,2,40,1,,2,2,1,,,,,,,,,,,1,2,,877803,2,,41,95,95,1,2,01,4111,73,237.39588131
5348723,1,1,1,70,54,1,40,48,2,,2,3,4,,1,2,1,,,,,,,,,,,1,1,600000,908000,2,,33,39,84,1,2,01,3312,54,886.45647795
5348723,1,2,1,70,54,1,8,48,1,,2,8,4,,1,2,1,,,,,,,,,,,1,2,,908000,2,,47,45,45,1,1,01,4774,54,886.45647795
5348723,1,4,1,70,54,1,24,24,1,,2,8,4,,1,2,1,,,,,,,,,,,1,2,,500000,2,,47,33,45,1,2,01,4773,54,886.45647795
5348724,1,1,1,70,54,1,1,48,4,,2,3,4,,1,2,1,,,,,,,,,,,1,1,900000,900000,2,,47,21,45,1,1,01,4782,54,354.03052957
5348729,1,3,1,70,54,1,1,48,4,,2,3,4,,1,2,1,,,,,,,,,,,1,1,600000,1200000,2,,43,53,85,1,1,01,4321,54,463.13491281
5348731,1,1,1,70,54,1,8,24,4,,2,3,4,,1,2,1,,,,,,,,,,,1,1,200000,500000,2,,81,77,55,1,1,01,8121,54,429.0995784
5348732,1,2,1,70,05,1,12,48,4,,2,12,1,,2,2,4,,,,,,,,,,,1,2,,877803,2,,31,81,81,1,1,01,3110,05,2212.7171596
5348732,1,3,1,70,05,1,16,24,1,,2,16,1,,3,2,2,,,,,,,,,,,1,1,500000,877803,2,,18,08,08,1,2,01,1811,05,2212.7171596
5348737,1,1,1,70,05,1,50,48,4,,2,50,4,,1,2,1,,,1,,,,,,,,,2,,16000000,1,2,85,13,18,1,2,01,8552,05,1268.8283798
5348738,1,2,1,70,05,1,8,24,1,,1,,,,,,,,.,,,,,,,,.,,,,877803,,,,37,,1,1,01,.,05,1049.5419744
5348740,1,1,1,70,05,1,24,48,2,,2,24,4,,9,2,4,,,,,,,,,,,1,2,,1800000,2,,85,13,13,1,2,01,8544,05,1358.9033999
5348740,1,2,1,70,05,1,4,40,1,,2,4,1,,9,2,5,,,,,1,,,,,,,1,1600000,15000000,2,,78,39,39,1,1,01,7810,05,1358.9033999
5348744,1,2,1,70,76,1,52,48,1,,2,52,1,,9,2,1,,,,,,,,,,,1,2,,877807,2,,14,55,79,1,2,01,1410,76,1343.9074524
5348745,1,1,1,70,76,1,28,48,1,,2,28,1,,9,2,1,,,,,,,,,,,1,2,,900000,2,,47,17,33,1,2,01,4711,76,1335.400363
5348745,1,2,1,70,76,1,52,48,1,,2,104,1,,9,2,1,,,,,,,,,,,1,2,,800000,2,,81,58,55,1,2,01,8129,76,1335.400363
5348746,1,2,1,70,76,1,5,48,1,,2,5,1,,2,2,1,,,,,,,,,,,1,2,,877807,2,,49,39,98,1,1,01,4923,76,948.64383403
5348748,1,2,1,70,76,1,8,48,4,,2,12,4,,1,2,1,,,,,,,,,,,1,2,,907256,2,,81,45,54,1,1,01,8110,76,780.40462775
5348752,1,1,1,70,44,1,4,48,4,,2,2,4,,1,2,1,,,,,,,,,,,1,1,60000,980000,2,,10,59,77,1,1,01,1040,44,81.808918979
5348753,1,3,1,70,44,1,2,48,1,,2,36,1,,4,2,1,,,,,,,,,,,1,2,,1800000,2,,42,02,02,1,1,01,4290,44,59.639876965
5348753,1,4,1,70,44,1,16,48,2,,2,16,1,,4,2,7,,,,,,,,,,,1,2,,1800000,2,,69,12,12,1,2,01,6910,44,59.639876965
5348755,1,1,1,70,44,1,1,48,4,,2,2,4,,1,2,1,,,,,,,,,,,1,1,300000,98,2,,56,77,77,1,1,01,5619,44,99.159237191
5348756,1,2,1,70,44,1,2,48,2,,2,4,1,,9,2,2,,,,,,,,,,,1,1,1500000,2000000,2,,85,13,13,1,1,01,8530,44,105.17743917
5348756,1,3,1,70,44,1,104,48,1,,1,,,,,,,,.,,,,,,,,.,,,,98,,,,05,,1,2,01,.,44,105.17743917
5348756,1,4,1,70,44,1,2,48,1,,2,2,1,,9,2,1,,,,,,,,,,,1,1,1200000,3000000,2,,42,02,02,1,1,01,4290,44,105.17743917
5348758,1,2,1,70,44,1,16,48,1,,2,52,4,,9,2,1,,,,,,,,,,,1,2,,1800000,2,,85,19,19,1,2,01,8511,44,91.54827676
5348760,1,2,1,70,44,1,2,48,4,,2,2,4,,2,2,1,,,,,,,,,,,1,1,350000,1200000,2,,41,95,95,1,1,01,4111,44,82.122986114
5348763,1,1,1,70,44,1,3,48,4,,2,16,4,,1,2,1,,,,,,,,,,,1,2,,800000,2,,56,55,77,1,1,01,5619,44,210.11931302
5348763,1,2,1,70,44,1,3,48,4,,2,4,4,,2,2,1,,,,,,,,,,,1,1,300000,800000,2,,56,13,77,1,1,01,5619,44,210.11931302
5348786,1,1,1,70,76,1,32,48,3,,2,46,3,,1,2,2,,,,,,,,,,,1,2,,908526,2,,97,59,59,1,2,01,9700,76,919.74557592
5348786,1,2,1,70,76,1,3,48,1,,2,2,1,,5,2,4,,,,,,,,,,,1,1,900000,908526,2,,47,97,97,1,1,01,4759,76,919.74557592
5348790,1,2,1,70,76,1,1,40,1,,2,2,4,,9,2,5,,,1,,,,,,,,,1,3000000,1500000,1,2,61,12,12,1,1,01,6190,76,1104.8016632
5348797,1,2,1,70,23,1,55,48,1,,2,55,1,,5,2,2,,,,,,,,,,,1,2,,908526,2,,53,32,32,1,2,01,5310,23,160.02460832
5348804,1,1,1,70,23,1,24,48,1,,2,52,4,,9,2,1,,,1,,,,,,,,,2,,2000000,1,1,84,02,02,1,2,01,8424,23,193.49531175
5348804,1,2,1,70,23,1,52,48,1,,2,104,1,,3,2,2,,,,,,,,,,,1,2,,908526,2,,47,59,40,1,2,01,4723,23,193.49531175
5348806,1,1,1,70,23,1,40,40,1,,2,52,1,,5,2,1,,,,,,,,,,,1,2,,2000000,2,,85,13,13,1,2,01,8530,23,178.86317667
5348811,1,2,1,70,20,1,20,48,1,,2,20,4,,2,2,1,,,,,,,,,,,1,2,,877000,2,,81,62,62,1,2,01,8130,20,212.99185639
5348811,1,3,1,70,20,1,24,48,1,,1,,,,,,,,.,,,,,,,,.,,,,1200000,,,,12,,1,2,01,.,20,212.99185639
5348817,1,2,1,70,20,1,24,48,1,,2,24,4,,3,2,1,,,,,,,,,,,1,2,,800000,2,,56,53,53,1,2,01,5611,20,192.91246176
5348822,1,2,1,70,20,1,26,48,1,,1,,,,,,,,.,,,,,,,,.,,,,877000,,,,39,,1,2,01,.,20,199.39967763
5348826,1,2,1,70,18,1,3,40,1,,2,4,4,,1,2,2,,,,,,,,,,,1,2,,908000,2,,62,08,08,1,1,01,6209,18,100.05132532
5348827,1,1,1,70,18,1,24,40,1,,2,30,1,,5,2,5,,,,1,,,,,,,,2,,900000,2,,42,98,97,1,2,01,4290,18,85.959177109
5348833,1,2,1,70,18,1,2,20,1,,2,45,1,,3,2,1,,,,,,,,,,,1,2,,500000,2,,47,45,45,1,1,01,4771,18,88.915275297
5348842,1,2,1,70,44,1,40,48,1,,2,40,1,,9,2,3,,,,,,,,,,,1,2,,1200000,2,,42,02,02,1,2,01,4290,44,98.390032446
5348844,1,1,1,70,73,1,24,48,2,,2,24,2,,9,2,4,,,,,,,,,,,1,2,,3500000,2,,84,05,05,1,2,01,8412,73,237.39588131
5348844,1,2,1,70,73,1,1,48,4,,2,1,4,,9,2,1,,,,,,,,,,,1,2,,1200000,2,,84,39,39,1,1,01,8412,73,237.39588131
5348854,1,1,1,70,44,1,4,48,2,,2,4,4,,9,2,1,,,,,,,,,,,1,1,1780000,1000000,2,,85,12,12,1,1,01,8511,44,249.10526392
5348856,1,1,1,70,73,1,20,48,1,,2,20,4,,9,2,4,,,,,,,,,,,1,2,,3000000,2,,88,02,02,1,2,01,8890,73,237.39588131
5348856,1,2,1,70,73,1,52,48,1,,2,52,1,,9,2,4,,,,,,,,,,,1,2,,1800000,2,,85,15,15,1,2,01,8544,73,237.39588131
5348864,1,4,1,70,73,1,52,48,1,,2,52,1,,8,2,4,,,,,,,,,,,1,2,,1500000,2,,45,44,44,1,2,01,4511,73,161.47958762
5348866,1,1,1,70,73,1,4,48,1,,2,4,1,,3,2,1,,,,,,,,,,,1,1,900000,900000,2,,41,95,95,1,1,01,4111,73,765.07321096
5348867,1,1,1,70,73,1,4,48,1,,2,4,1,,4,2,1,,,,,,,,,,,1,1,900000,900000,2,,41,95,95,1,1,01,4111,73,1073.6015719
5348872,1,4,1,70,73,1,8,40,1,,2,8,1,,6,2,4,,,,,,,,,,,1,2,,1000000,2,,88,19,19,1,1,01,8890,73,276.00933041
5348873,1,2,1,70,73,1,10,40,1,,2,10,1,,7,2,1,,,,,,,,,,,1,2,,1200000,2,,88,54,54,1,1,01,8890,73,534.43830946
5348878,1,3,1,70,13,1,48,48,2,,1,,,,,,,,.,,,,,,,,.,,,,877803,,,,58,,1,2,01,.,13,374.5872615
5348880,1,3,1,70,13,1,32,40,1,,2,32,1,,6,2,7,,,,,,,,,,,1,2,,1500000,2,,94,21,21,1,2,01,9499,13,357.12764112
5348882,1,1,1,70,13,1,32,48,3,,2,32,3,,1,2,1,,,,,,,,,,,1,2,,500000,2,,97,54,54,1,2,01,9700,13,397.38678866
5348882,1,6,1,70,13,1,24,48,1,,2,24,1,,6,2,1,,,,,,,,,,,1,2,,877803,2,,82,45,53,1,2,01,8230,13,397.38678866
5348884,1,3,1,70,68,1,4,48,1,,2,52,1,,4,2,4,,,,,,,,,,,1,2,,1000000,2,,47,39,33,1,1,01,4721,68,362.09121595
5348900,1,1,1,70,19,1,32,45,3,,2,32,3,,2,2,1,,,,,,,,,,,1,2,,900000,2,,97,54,54,1,2,01,9700,19,112.95125522
5348901,1,1,1,70,19,1,28,45,1,,2,28,1,,3,2,1,,,,,,,,,,,1,2,,1300000,2,,47,19,45,1,2,01,4772,19,153.29013532
5348901,1,2,1,70,19,1,52,45,1,,2,48,1,,4,2,1,,,,,,,,,,,1,2,,1500000,2,,86,07,07,1,2,01,8699,19,153.29013532
5348908,1,1,1,70,13,1,20,48,1,,2,32,1,,6,2,1,,,,,,,,,,,1,2,,877803,2,,55,54,54,1,2,01,5511,13,438.26843226
5348908,1,6,1,70,13,1,48,48,1,,2,48,4,,4,2,1,,,,,,,,,,,1,2,,877803,2,,47,45,45,1,2,01,4773,13,438.26843226
5348912,1,2,1,70,13,1,30,30,3,,2,36,3,,1,2,1,,,,,,,,,,,1,2,,400000,2,,97,54,54,1,2,01,9700,13,356.50371183
5348913,1,2,1,70,13,1,40,48,1,,2,40,4,,8,2,1,,,,,,,,,,,1,2,,877803,2,,61,58,44,1,2,01,6120,13,431.95955079
5348917,1,5,1,70,13,1,12,48,4,,2,12,4,,1,2,1,,,,,,,,,,,1,2,,300000,2,,85,13,13,1,1,01,8559,13,339.55618542
5348924,1,3,1,70,13,1,60,48,1,,1,,,,,,,,.,,,,,,,,.,,,,877802,,,,53,,1,2,01,.,13,486.69458674
5348930,1,3,1,70,13,1,28,48,1,,2,44,1,,4,2,1,,,,,,,,,,,1,2,,800000,2,,56,53,53,1,2,01,5611,13,974.30274394
5348930,1,4,1,70,13,1,12,48,1,,2,12,4,,6,2,1,,,,,,,,,,,1,2,,900000,2,,47,33,45,1,1,01,4773,13,974.30274394
5348931,1,1,1,70,13,1,12,48,1,,2,40,1,,4,2,2,,,,,,,,,,,1,2,,800000,2,,93,53,58,1,1,01,9329,13,416.89240754
5348986,1,2,1,70,20,1,32,48,1,,2,104,1,,3,2,1,,,,,,,,,,,1,2,,908500,2,,86,59,59,1,2,01,8621,20,91.338616552
5348994,1,3,1,70,20,1,40,48,1,,2,44,1,,4,2,1,,,,,,,,,,,1,2,,908500,2,,56,53,53,1,2,01,5611,20,153.51339794
5348994,1,6,1,70,20,1,16,48,1,,2,16,1,,4,2,1,,,,,,,,,,,1,2,,800000,2,,56,53,53,1,2,01,5611,20,153.51339794
5348995,1,2,1,70,20,1,24,72,4,,2,32,4,,1,2,1,,,,,,,,,,,1,2,,900000,2,,49,98,98,1,2,01,4921,20,156.88142013
5348995,1,3,1,70,20,1,8,48,1,,2,8,1,,9,2,1,,,,,,,,,,,1,1,877800,908500,2,,78,55,55,1,1,01,7820,20,156.88142013
5348998,1,2,1,70,18,1,4,40,1,,2,35,2,,9,2,1,,,,,,,,,,,1,2,,1300000,2,,85,32,32,1,1,01,8544,18,59.492245645
5348999,1,2,1,70,18,1,20,40,1,,2,38,1,,7,2,2,,,,,,,,,,,1,2,,2800000,2,,69,12,12,1,2,01,6910,18,104.49558317
5349001,1,1,1,70,18,1,6,40,1,,2,37,1,,3,2,2,,,,,,,,,,,1,2,,908000,2,,56,13,45,1,1,01,5613,18,100.76591288
5349005,1,3,1,70,05,1,4,48,2,,2,20,4,,9,2,8,,,,,,,,,,,1,2,,2000000,2,,84,19,19,1,1,01,8412,05,2045.4343713
5349006,1,2,1,70,05,1,10,48,1,,2,10,1,,6,2,2,,,,,,,,,,,1,1,600000,877803,2,,52,45,32,1,1,01,5221,05,1920.4702193
5349014,1,2,1,70,05,1,1,48,1,,2,4,1,,2,2,2,,,,,,,,,,,1,1,180000,908500,2,,14,79,79,1,1,01,1410,05,1679.0089303
5349023,1,3,1,70,23,1,4,48,8,,2,4,8,,3,2,1,,,,,,,,,,,1,1,700000,700000,2,,01,62,62,1,1,01,0141,23,155.29687343
5349023,1,4,1,70,23,1,4,4,1,,2,12,1,,2,2,1,,,,,,,,,,,1,2,,800000,2,,47,45,45,1,1,01,4711,23,155.29687343
5349024,1,2,1,70,23,1,24,48,3,,2,52,3,,1,2,1,,,,,,,,,,,1,2,,908526,2,,97,54,54,1,2,01,9700,23,186.58784538
5349025,1,1,1,70,23,1,40,40,3,,2,40,3,,1,2,4,,,,,,,,,,,1,2,,700000,2,,97,54,54,1,2,01,9700,23,178.03762485
5349026,1,2,1,70,23,1,104,48,1,,2,104,1,,2,2,1,,,,,,,,,,,1,2,,908526,2,,69,32,32,1,2,01,6910,23,188.5541281
5349029,1,2,1,70,50,1,2,48,1,,2,150,1,,4,2,2,,,,,,,,,,,1,2,,906000,2,,85,39,39,1,1,01,8552,50,292.17242218
5349030,1,1,1,70,50,1,30,48,1,,2,4,1,,3,2,1,,,,,,,,,,,1,1,500000,906000,2,,41,95,95,1,2,01,4111,50,251.63155537
5349037,1,2,1,70,50,1,28,48,1,,2,29,4,,9,2,2,,,,,,,,,,,1,2,,4000000,2,,06,21,21,1,2,01,0610,50,297.66444309
5349038,1,1,1,70,50,1,38,50,1,,2,40,1,,4,2,1,,,,,,,,,,,1,2,,900000,2,,56,53,53,1,2,01,5611,50,208.0722409
5349041,1,2,1,70,50,1,25,48,1,,2,25,1,,7,2,4,,,,,,,,,,,1,2,,1200000,2,,49,98,98,1,2,01,4921,50,242.85221516
5349042,1,1,1,70,50,1,28,48,1,,2,28,4,,9,2,1,,,1,,,,,,,,,2,,2500000,1,1,84,21,21,1,2,01,8413,50,224.95710239
5349047,1,3,1,70,68,1,60,48,1,,2,60,3,,1,2,1,,,,,,,,,,,1,2,,877803,2,,97,59,59,1,2,01,9700,68,506.83723334
5349054,1,2,1,70,50,1,4,48,1,,2,4,4,,1,2,1,,,,,,,,,,,1,1,200000,900000,2,,41,95,95,1,1,01,4111,50,297.43588871
5349059,1,1,1,70,50,1,12,48,1,,2,28,3,,1,2,4,,,,,,,,,,,1,2,,900000,2,,97,53,54,1,1,01,9700,50,285.19932859
5349063,1,2,1,70,50,1,52,48,1,,2,36,1,,2,2,1,,,,,,,,,,,1,2,,900000,2,,47,45,45,1,2,01,4771,50,325.94952792
5349064,1,1,1,70,50,1,13,48,1,,2,13,4,,1,2,1,,,,,,,,,,,1,1,4500000,4500000,1,2,71,02,02,1,1,01,7110,50,318.82912445
5349064,1,2,1,70,50,1,5,48,1,,2,5,4,,9,2,1,,,,,,,,,,,1,1,2663850,1800000,1,1,84,39,39,1,1,01,8413,50,318.82912445
5349069,1,1,1,70,50,1,4,48,1,,2,13,1,,2,2,1,,,,,,,,,,,1,2,,1200000,2,,41,95,95,1,1,01,4111,50,346.20702012
5349070,1,2,1,70,68,1,40,48,1,,2,40,4,,1,2,8,,,,,,,,,,,1,2,,900000,2,,14,79,79,1,2,01,1410,68,612.56144108
5349089,1,1,1,70,11,1,2,48,4,,2,2,4,,1,2,8,,,,,,,,,,,1,1,950000,877803,2,,96,99,99,1,1,01,9609,11,3728.6300194
5349101,1,1,1,70,23,1,12,48,5,,2,12,5,,4,2,1,,,,,,,,,,,1,2,,877803,2,,41,95,95,1,1,01,4111,23,135.40587369
5349113,1,2,1,70,,1,36,48,1,,2,36,1,,2,2,2,,,,,,,,,,,1,2,,900000,2,,47,45,45,1,2,01,4761,68,786.8434776
5349118,1,2,1,70,44,1,102,40,1,,2,103,4,,9,2,1,,,,,,,,,,,1,2,,1000000,2,,86,39,39,1,2,01,8610,44,79.784044394
5349119,1,1,1,70,44,1,56,40,1,,2,102,4,,9,2,1,,,,,,,,,,,1,2,,1000000,2,,01,21,39,1,2,01,0129,44,119.59382107
5349127,1,3,1,70,44,1,3,65,1,,1,,,,,,,,.,,,,,,,,.,,,,500000,,,,45,,1,1,01,.,44,76.87217669
5349128,1,1,1,70,44,1,8,40,1,,2,24,4,,1,2,1,,,,,,,,,,,1,2,,800000,2,,81,55,55,1,1,01,8121,44,157.9340003
5349129,1,5,1,70,44,1,6,45,4,,2,12,4,,1,2,8,,,,,,,,,,,1,2,,600000,2,,49,98,98,1,1,01,4921,44,238.55950786
5349129,1,7,1,70,44,1,5,45,3,,2,2,3,,1,2,8,,,,,,,,,,,1,1,300000,300000,2,,97,54,54,1,1,01,9700,44,238.55950786
5349130,1,1,1,70,44,1,4,40,1,,2,22,1,,9,2,1,,,,,,,,,,,1,2,,1000000,2,,86,59,39,1,1,01,8610,44,97.137930493
5349131,1,3,1,70,44,1,12,45,1,,2,2,1,,2,2,1,,,1,,,,,,,,,1,800000,888700,1,1,31,32,32,1,1,01,3110,44,105.63257678
5349135,1,1,1,70,54,1,4,40,4,,2,6,4,,9,2,1,,,1,,,,,,,,,1,1700000,2000000,1,1,85,13,13,1,1,01,8544,54,336.1802472
5349135,1,4,1,70,54,1,3,48,1,,2,10,4,,1,2,6,,,,,,,,,,,1,2,,908000,2,,56,45,53,1,1,01,5611,54,336.1802472
5349136,1,4,1,70,54,1,4,48,1,,2,3,1,,9,2,7,,,1,,,,,,,,,1,1600000,1500000,1,1,85,13,13,1,1,01,8544,54,324.33612065
5349142,1,1,1,70,54,1,2,48,4,,2,3,4,,1,2,1,,,,,,,,,,,1,1,200000,700000,2,,14,79,79,1,1,01,1410,54,618.78423324
5349144,1,3,1,70,17,1,3,48,1,,2,3,1,,6,2,4,,,,,,,,,,,1,1,1000000,877802,2,,10,39,97,1,1,01,1040,17,197.8654413
5349146,1,2,1,70,17,1,20,48,1,,2,16,1,,7,2,2,,,,,,,,,,,1,2,,877802,2,,47,32,32,1,2,01,4711,17,201.15455573
5349147,1,3,1,70,17,1,28,48,1,,2,40,4,,1,2,1,,,,,,,,,,,1,2,,2000000,2,,85,13,13,1,2,01,8553,17,200.98130935
5349150,1,4,1,70,17,1,2,48,1,,2,130,1,,4,2,1,,,,,,,,,,,1,2,,877802,2,,47,32,45,1,1,01,4771,17,229.01265309
5349151,1,2,1,70,17,1,5,48,1,,2,5,1,,9,2,5,,,,,,,,,,,1,1,1200000,877802,2,,86,59,59,1,1,01,8621,17,158.39889037
5349158,1,1,1,70,17,1,4,40,1,,2,4,4,,9,2,1,,,,,,,,,,,1,1,800000,1200000,2,,84,13,39,1,1,01,8412,17,194.27560141
5349158,1,2,1,70,17,1,156,36,3,,2,208,1,,2,2,1,,,,,,,,,,,1,2,,877802,2,,56,54,77,1,2,01,5613,17,194.27560141
5349169,1,1,1,70,17,1,48,48,4,,2,48,4,,9,2,1,,,,,,,,,,,1,2,,877802,2,,84,58,58,1,2,01,8412,17,265.40166397
5349175,1,1,1,70,17,1,48,48,3,,2,48,3,,1,2,1,,,,,,,,,,,1,2,,877802,2,,97,54,54,1,2,01,9700,17,282.91520311
5349176,1,2,1,70,63,1,4,48,4,,2,3,4,,9,2,1,,,1,,,,,,,,,1,2800000,1500000,1,1,84,58,58,1,1,01,8412,63,74.445258756
5349179,1,2,1,70,63,1,40,48,4,,2,50,1,,6,2,1,,,,,,,,,,,1,2,,877803,2,,41,53,95,1,2,01,4111,63,211.87092783
5349182,1,2,1,70,63,1,48,40,4,,2,4,1,,2,2,1,,,,,,,,,,,1,1,200000,200000,2,,45,84,84,1,2,01,4542,63,179.9729456
5349182,1,8,1,70,63,1,2,48,4,,2,2,4,,1,2,8,,,,,,,,,,,1,2,,700000,2,,41,93,93,1,1,01,4111,63,179.9729456
5349183,1,2,1,70,63,1,5,48,4,,2,5,4,,9,2,8,,,,,,,,,,,1,2,,1200000,2,,84,39,39,1,1,01,8412,63,116.7856691
5349185,1,1,1,70,63,1,8,48,1,,2,8,1,,5,2,1,,,,,,,,,,,1,2,,600000,2,,47,45,45,1,1,01,4771,63,74.445258756
5349185,1,3,1,70,63,1,3,48,4,,2,2,4,,1,2,2,,,,,,,,,,,1,1,120000,400000,2,,81,55,55,1,1,01,8121,63,74.445258756
5349187,1,4,1,70,68,1,3,48,1,,2,42,1,,4,2,1,,,,,,,,,,,1,2,,877803,2,,15,97,80,1,1,01,1522,68,603.09756257
5349197,1,2,1,70,44,1,8,40,1,,2,8,1,,7,2,1,,,,,,,,,,,1,2,,1500000,2,,85,13,13,1,1,01,8513,44,179.14882322
5349204,1,3,1,70,,1,104,40,1,,2,104,1,,9,2,1,,,,,,,,,,,1,2,,1200000,2,,47,97,97,1,2,01,4711,44,1103.7399237
5349207,1,2,1,70,,1,8,40,1,,2,8,1,,9,2,7,,,,,,,,,,,1,2,,1500000,2,,05,03,03,1,1,01,0510,44,571.60905754
5349209,1,3,1,70,,1,9,48,1,,1,,,,,,,,.,,,,,,,,.,,,,2000000,,,,21,,1,1,01,.,44,728.14692089
5349209,1,4,1,70,,1,24,30,1,,2,24,1,,3,2,1,,,1,,,,,,,,,2,,1500000,1,1,86,06,06,1,2,01,8621,44,728.14692089
5349210,1,2,1,70,,1,2,48,2,,2,2,2,,9,2,2,,,,,,,,,,,1,1,2000000,3000000,2,,84,06,06,1,1,01,8412,44,1454.4450948
5349214,1,1,1,70,68,1,104,48,1,,2,40,4,,1,2,1,,,,,,,,,,,1,2,,900000,2,,86,59,59,1,2,01,8699,68,561.60669247
5349214,1,4,1,70,68,1,12,48,1,,2,12,1,,3,2,1,,,,,,,,,,,1,2,,900000,2,,56,45,53,1,1,01,5611,68,561.60669247
5349216,1,2,1,70,15,1,4,40,2,,2,4,4,,9,2,7,,,,,,,,,,,1,1,2500000,2500000,2,,85,13,13,1,1,01,8544,15,88.894421425
5349227,1,2,1,70,15,1,20,40,1,,2,20,1,,2,2,1,,,,,,,,,,,1,2,,877803,2,,96,57,57,1,2,01,9602,15,128.10027445
5349231,1,1,1,70,11,1,2,48,1,,2,28,1,,9,2,2,,,,,,,,,,,1,2,,3000000,2,,71,16,16,1,1,01,7110,11,2425.190595
5349243,1,1,1,70,11,1,4,48,1,,2,4,1,,4,2,4,,,,,,,,,,,1,2,,1000000,2,,56,53,53,1,1,01,5611,11,3014.8009285
5349243,1,2,1,70,11,1,5,48,1,,2,5,1,,2,2,4,,,,,,,,,,,1,2,,1200000,2,,41,95,95,1,1,01,4111,11,3014.8009285
5349243,1,3,1,70,11,1,8,48,1,,2,8,1,,4,2,4,,,,,,,,,,,1,2,,1200000,2,,41,95,95,1,1,01,4111,11,3014.8009285
5349260,1,1,1,70,23,1,12,48,4,,2,25,4,,1,2,1,,,,,,,,,,,1,2,,700000,2,,41,95,95,1,1,01,4111,23,128.60196933
5349266,1,5,1,70,23,1,15,48,1,,2,49,1,,8,2,1,,,,,,,,,,,1,2,,908526,2,,47,45,45,1,2,01,4724,23,127.97482002
5349267,1,2,1,70,63,1,4,44,1,,2,50,1,,7,2,4,,,,,,,,,,,1,2,,877803,2,,85,58,13,1,1,01,8530,63,156.59550227
5349268,1,2,1,70,63,1,3,48,1,,2,3,1,,9,2,2,,,,,,,,,,,1,1,877803,877803,2,,14,79,79,1,1,01,1410,63,167.7565208
5349270,1,1,1,70,63,1,12,55,1,,2,13,4,,1,2,8,,,,,,,,,,,1,2,,900000,2,,43,93,93,1,1,01,4330,63,144.8193783
5349270,1,2,1,70,63,1,6,48,4,,2,5,3,,1,2,1,,,,,,,,,,,1,1,500000,1200000,2,,97,59,59,1,1,01,9700,63,144.8193783
5349271,1,3,1,70,63,1,15,90,2,,2,3,1,,3,2,2,,,,,,,,,,,1,1,600000,1000000,2,,41,58,95,1,2,01,4111,63,183.97420403
5349272,1,2,1,70,63,1,5,40,4,,2,5,4,,9,2,1,,,1,,,,,,,,,1,3500000,3500000,1,1,85,13,13,1,1,01,8542,63,167.7565208
5349274,1,2,1,70,63,1,7,44,1,,2,40,1,,9,2,2,,,,,,,,,,,1,2,,877803,2,,14,45,79,1,1,01,1410,63,153.31406355
5349275,1,2,1,70,63,1,5,48,4,,2,7,4,,9,2,8,,,,,,,,,,,1,2,,1200000,2,,84,30,30,1,1,01,8412,63,74.445258756
5349276,1,2,1,70,63,1,7,54,1,,2,7,1,,7,2,8,,,,,,,,,,,1,2,,900000,2,,41,95,95,1,1,01,4111,63,131.89360648
5349284,1,3,1,70,68,1,8,48,1,,2,8,1,,2,2,1,,,,,,,,,,,1,2,,1000000,2,,41,95,95,1,1,01,4111,68,543.4293782
5349291,1,1,1,70,19,1,32,45,1,,2,32,1,,5,2,1,,,,,,,,,,,1,2,,980000,2,,46,98,98,1,2,01,4661,19,150.9808784
5349293,1,2,1,70,19,1,24,45,4,,2,24,4,,3,2,1,,,,,,,,,,,1,2,,980000,2,,31,81,81,1,2,01,3110,19,126.05918614
5349295,1,2,1,70,19,1,32,45,4,,2,12,1,,4,2,1,,,,,,,,,,,1,2,,800000,2,,01,98,62,1,2,01,0123,19,126.05918614
5349297,1,1,1,70,19,1,4,45,1,,2,4,1,,4,2,1,,,,,,,,,,,1,2,,2500000,2,,94,12,12,1,1,01,9499,19,121.40368088
5349301,1,1,1,70,19,1,12,40,1,,2,40,1,,6,2,1,,,,,,,,,,,1,2,,980000,2,,86,59,59,1,1,01,8699,19,121.40368088
5349302,1,1,1,70,19,1,192,40,3,,2,192,3,,2,2,8,,,,,,,,,,,1,2,,600000,2,,97,54,54,1,2,01,9700,19,102.97147231
5349302,1,3,1,70,19,1,48,40,1,,2,40,1,,2,2,1,,,,,,,,,,,1,2,,800000,2,,61,39,38,1,2,01,6190,19,102.97147231
5349305,1,3,1,70,19,1,40,40,1,,2,40,4,,1,2,1,,,,,,,,,,,1,2,,1600000,2,,85,18,18,1,2,01,8552,19,134.30478543
5349311,1,1,1,70,54,1,3,48,4,,2,4,4,,1,2,1,,,,,,,,,,,1,1,400000,750000,2,,41,95,95,1,1,01,4111,54,624.5014508
5349312,1,2,1,70,54,1,3,48,1,,2,4,4,,9,2,8,,,,,,,,,,,1,1,1200000,908526,2,,84,45,39,1,1,01,8412,54,293.01102481
5349321,1,3,1,70,23,1,8,48,1,,2,24,1,,5,2,8,,,,,,,,,,,1,2,,400000,2,,47,33,33,1,1,01,4723,23,137.46634558
5349335,1,1,1,70,05,1,20,24,4,,2,40,4,,1,2,1,,,,,,,,,,,1,2,,500000,2,,81,54,54,1,2,01,8110,05,1384.978332
5349335,1,4,1,70,05,1,28,48,1,,2,28,1,,9,2,1,,,,,,,,,,,1,2,,877803,2,,61,45,45,1,2,01,6120,05,1384.978332
5349335,1,5,1,70,05,1,4,24,1,,1,,,,,,,,.,,,,,,,,.,,,,450000,,,,45,,1,1,01,.,05,1384.978332
5349336,1,2,1,70,05,1,16,48,1,,2,40,1,,7,2,1,,,,,,,,,,,1,2,,877803,2,,46,45,39,1,2,01,4642,05,1040.9869569
5349345,1,1,1,70,44,1,16,48,4,,2,16,1,,2,2,1,,,,,,,,,,,1,2,,900000,2,,01,44,60,1,2,01,0141,44,137.83139302
5349352,1,3,1,70,44,1,52,48,1,,2,52,4,,9,2,1,,,,,,,,,,,1,2,,1000000,2,,84,39,19,1,2,01,8421,44,61.064434557
5349357,1,1,1,70,44,1,104,48,2,,2,104,4,,9,2,1,,,,,,,,,,,1,2,,1000000,2,,85,13,13,1,2,01,8530,44,153.72228477
5349363,1,2,1,70,05,1,24,48,4,,2,24,4,,1,2,4,,,,,,,,,,,1,2,,878000,2,,81,55,55,1,2,01,8121,05,1830.680593
5349365,1,2,1,70,05,1,52,48,1,,2,2,4,,9,2,9,POR COBERTURA,,,,,,,,,,1,1,1700000,2500000,2,,85,16,16,1,2,01,8544,05,1268.8283798
5349369,1,2,1,70,05,1,52,48,1,,2,104,1,,4,2,1,,,,,,,,,,,1,2,,890000,2,,45,33,33,1,2,01,4520,05,1278.4535833
5349371,1,3,1,70,05,1,4,48,1,,2,4,1,,4,2,1,,,1,,,,,,,,,2,,1500000,1,1,90,15,15,1,1,01,9006,05,1136.6378971
5349375,1,3,1,70,05,1,52,48,1,,2,99,1,,5,2,1,,,,,,,,,,,1,2,,890000,2,,41,32,32,1,2,01,4112,05,1007.4265117
5349378,1,2,1,70,05,1,52,48,4,,2,52,4,,1,2,1,,,,,,,,,,,1,2,,1200000,2,,41,95,95,1,2,01,4111,05,1235.5699652
5349381,1,1,1,70,05,1,2,48,1,,2,2,1,,2,2,1,,,,,,,,,,,1,2,,878000,2,,41,95,95,1,1,01,4111,05,1238.5490625
5349381,1,2,1,70,05,1,6,48,1,,2,6,1,,2,2,1,,,,,,,,,,,1,2,,878000,2,,41,95,95,1,1,01,4111,05,1238.5490625
5349394,1,1,1,70,23,1,28,48,1,,2,30,2,,9,2,1,,,,,,,,,,,1,2,,1600000,2,,84,05,05,1,2,01,8413,23,184.95696599
5349394,1,2,1,70,23,1,20,48,1,,2,25,1,,7,2,1,,,,,,,,,,,1,2,,877803,2,,42,32,32,1,2,01,4290,23,184.95696599
5349403,1,3,1,70,05,1,12,48,1,,2,12,1,,9,2,3,,,,,,,,,,,1,2,,2500000,2,,82,59,38,1,1,01,8220,05,1226.7129172
5349404,1,6,1,70,05,1,84,48,1,,2,84,1,,9,2,1,,,,,,,,,,,1,2,,877803,2,,94,21,21,1,2,01,9499,05,661.22796334
5349414,1,2,1,70,23,1,34,48,1,,2,46,1,,9,2,1,,,,,,,,,,,1,2,,908526,2,,10,85,85,1,2,01,1040,23,375.67574193
5349425,1,4,1,70,05,1,2,72,1,,2,2,1,,8,2,1,,,1,,,,,,,,,1,2000000,2500000,1,1,60,17,17,1,1,01,6020,05,1196.4335999
5349428,1,1,1,70,41,1,16,48,4,,2,16,4,,1,2,4,,,,,,,,,,,1,2,,877803,2,,81,55,55,1,2,01,8121,41,130.50224566
5349429,1,4,1,70,41,1,52,48,1,,2,52,4,,1,2,8,,,,,,,,,,,1,2,,877803,2,,56,45,45,1,2,01,5619,41,82.803913187
5349429,1,7,1,70,41,1,104,48,1,,1,,,,,,,,.,,,,,,,,.,,,,877803,,,,45,,1,2,01,.,41,82.803913187
5349439,1,3,1,70,41,1,52,48,1,,1,,,,,,,,.,,,,,,,,.,,,,1500000,,,,05,,1,2,01,.,41,171.0861635
5349442,1,2,1,70,20,1,10,48,1,,2,48,1,,2,2,1,,,,,,,,,,,1,2,,900000,2,,94,45,32,1,1,01,9491,20,207.72961865
5349443,1,1,1,70,20,1,32,48,1,,2,36,1,,3,2,1,,,,,,,,,,,1,2,,600000,2,,56,55,53,1,2,01,5619,20,160.6689893
5349445,1,1,1,70,20,1,36,40,1,,2,36,1,,3,2,1,,,,,,,,,,,1,2,,600000,2,,85,33,13,1,2,01,8530,20,224.70581444
5349445,1,2,1,70,20,1,4,48,4,,2,4,4,,2,2,1,,,,,,,,,,,1,1,98,98,2,,47,85,41,1,1,01,4773,20,224.70581444
5349448,1,2,1,70,15,1,45,48,2,,2,42,2,,9,2,1,,,,,,,,,,,1,2,,1500000,2,,84,19,19,1,2,01,8422,15,170.10883445
5349457,1,2,1,70,15,1,4,48,1,,2,4,1,,3,2,8,,,,,,,,,,,1,2,,500000,2,,55,54,54,1,1,01,5511,15,169.25217732
5349458,1,1,1,70,15,1,52,48,1,,2,52,1,,9,2,1,,,,,,,,,,,1,2,,877803,2,,49,33,33,1,2,01,4921,15,102.157809
5349467,1,2,1,70,23,1,48,48,1,,2,48,1,,6,2,7,,,,,,,,,,,1,2,,1000000,2,,47,05,45,1,2,01,4719,23,190.51186812
5349471,1,3,1,70,05,1,52,48,1,,2,52,1,,9,2,4,,,,,,,,,,,1,2,,877000,2,,64,33,33,1,2,01,6412,05,1490.0018422
5349482,1,3,1,70,18,1,4,48,4,,2,4,4,,9,2,1,,,,,,,,,,,1,2,,1700000,2,,85,19,05,1,1,01,8544,18,108.51374342
5349483,1,3,1,70,18,1,90,48,1,,2,90,1,,9,2,3,,,,,,,,,,,1,2,,1500000,2,,74,19,19,1,2,01,7490,18,74.010491457
5349492,1,3,1,70,18,1,6,48,4,,2,6,4,,1,2,1,,,,,,,,,,,1,2,,900000,2,,41,95,95,1,1,01,4111,18,92.461736536
5349497,1,2,1,70,18,1,90,48,1,,1,,,,,,,,.,,,,,,,,.,,,,1000000,,,,59,,1,2,01,.,18,101.50483987
5349500,1,2,1,70,18,1,6,48,4,,2,6,4,,9,2,3,,,,,,,,,,,1,2,,3000000,1,1,85,13,13,1,1,01,8551,18,136.78118446
5349500,1,3,1,70,18,1,40,48,1,,2,40,1,,6,2,2,,,,,,,,,,,1,2,,1000000,2,,47,45,45,1,2,01,4731,18,136.78118446
5349503,1,2,1,70,18,1,45,48,1,,2,48,1,,4,2,1,,,,,,,,,,,1,2,,1000000,2,,56,11,50,1,2,01,5613,18,119.85167377
5349504,1,1,1,70,18,1,45,48,1,,2,45,1,,5,2,1,,,,,,,,,,,1,2,,1200000,2,,79,21,21,1,2,01,7911,18,71.163993131
5349510,1,2,1,70,23,1,3,48,4,,2,3,4,,1,2,1,,,,,,,,,,,1,1,450000,500000,2,,49,98,98,1,1,01,4921,23,200.83077717
5349510,1,3,1,70,23,1,8,48,1,,2,4,1,,9,2,1,,,,,,,,,,,1,2,,877802,2,,47,32,45,1,1,01,4772,23,200.83077717
5349518,1,1,1,70,15,1,52,40,1,,2,52,1,,9,2,2,,,,,,,,,,,1,2,,877803,2,,01,33,21,1,2,01,0121,15,110.82495
5349522,1,2,1,70,15,1,52,20,1,,2,52,1,,2,2,1,,,,,,,,,,,1,2,,877803,2,,95,32,32,1,2,01,9511,15,97.780425074
5349525,1,2,1,70,15,1,52,40,1,,2,52,1,,6,2,1,,,,,,,,,,,1,2,,877803,2,,47,55,55,1,2,01,4723,15,145.96787132
5349528,1,1,1,70,15,1,52,40,1,,2,52,1,,2,2,1,,,,,,,,,,,1,2,,877803,2,,49,98,98,1,2,01,4923,15,118.79113242
5349528,1,2,1,70,15,1,4,40,1,,2,5,1,,2,2,1,,,,,,,,,,,1,2,,1500000,2,,85,13,13,1,1,01,8512,15,118.79113242
5349528,1,3,1,70,15,1,104,40,1,,1,,,,,,,,.,,,,,,,,.,,,,877803,,,,95,,1,2,01,.,15,118.79113242
5349530,1,4,1,70,15,1,8,40,1,,2,8,1,,3,2,2,,,,,,,,,,,1,2,,1200000,2,,47,45,45,1,1,01,4771,15,165.96316787
5349531,1,3,1,70,15,1,28,40,1,,1,,,,,,,,.,,,,,,,,.,,,,877803,,,,45,,1,2,01,.,15,64.081719279
5349533,1,6,1,70,15,1,44,40,1,,1,,,,,,,,.,,,,,,,,.,,,,877803,,,,53,,1,2,01,.,15,156.65402583
5349536,1,3,1,70,15,1,24,40,1,,2,24,1,,5,2,4,,,,,,,,,,,1,2,,1200000,2,,85,19,19,1,2,01,8530,15,86.162280054
5349560,1,1,1,70,17,1,2,48,1,,2,2,1,,9,2,1,,,1,,,,,,,,,1,877803,908526,1,2,53,37,37,1,1,01,5320,17,242.03487942
5349568,1,1,1,70,41,1,12,48,1,,2,12,1,,3,2,1,,,,,,,,,,,1,2,,908000,2,,81,99,55,1,1,01,8129,41,163.98944145
5349570,1,1,1,70,41,1,6,54,1,,2,6,1,,3,2,8,,,,,,,,,,,1,1,400000,908000,2,,43,58,85,1,1,01,4321,41,151.18391237
5349571,1,1,1,70,41,1,7,48,1,,2,7,1,,3,2,8,,,,,,,,,,,1,2,,1000000,2,,85,98,13,1,1,01,8559,41,181.63929499
5349571,1,2,1,70,41,1,48,58,1,,2,58,1,,4,2,7,,,,,,,,,,,1,2,,980000,2,,55,39,39,1,2,01,5511,41,181.63929499
5349572,1,1,1,70,41,1,4,20,4,,2,102,4,,1,2,2,,,,,,,,,,,1,2,,1000000,2,,81,45,54,1,1,01,8121,41,112.85239212
5349573,1,2,1,70,41,1,9,48,1,,2,10,1,,7,2,4,,,,,,,,,,,1,2,,1800000,2,,85,13,13,1,1,01,8530,41,200.41870034
5349574,1,1,1,70,41,1,40,48,1,,2,40,1,,9,2,2,,,,,,,,,,,1,2,,1000000,2,,51,44,44,1,2,01,5111,41,210.97183184
5349577,1,2,1,70,41,1,3,48,4,,2,52,1,,2,2,2,,,,,1,,,,,,,2,,900000,2,,69,45,32,1,1,01,6910,41,182.20407089
5349579,1,1,1,70,41,1,40,48,4,,2,52,1,,9,2,4,,,,,,,,,,,1,2,,1500000,2,,94,32,39,1,2,01,9411,41,159.83478251
5349595,1,2,1,70,,1,60,50,1,,2,70,1,,8,2,1,,,,,,,,,,,1,2,,1500000,2,,78,01,01,1,2,01,7810,44,1029.3523461
5349597,1,3,1,70,,1,8,48,1,,2,12,1,,9,2,1,,,,,,,,,,,1,2,,900000,2,,46,39,39,1,1,01,4659,44,484.93392906
5349606,1,1,1,70,05,1,12,48,1,,2,12,1,,9,2,1,,,,,,,,,,,1,2,,877803,2,,49,98,98,1,1,01,4921,05,1025.696283
5349607,1,2,1,70,05,1,52,24,4,,2,52,4,,1,2,2,,,,,,,,,,,1,2,,700000,2,,14,79,79,1,2,01,1410,05,1226.7129172
5349607,1,4,1,70,05,1,104,48,1,,2,104,1,,9,2,4,,,,,,,,,,,1,2,,1500000,2,,85,19,19,1,2,01,8544,05,1226.7129172
5349614,1,2,1,70,50,1,36,60,1,,2,36,1,,3,2,2,,,,,,,,,,,1,2,,900000,2,,47,45,45,1,2,01,4771,50,313.33710354
5349615,1,2,1,70,50,1,16,48,2,,1,,,,,,,,.,,,,,,,,.,,,,1000000,,,,58,,1,2,01,.,50,319.97930284
5349625,1,2,1,70,66,1,36,48,1,,2,36,1,,7,2,1,,,,,,,,,,,1,2,,900000,2,,14,38,79,1,2,01,1410,66,302.796782
5349641,1,2,1,70,66,1,4,48,4,,2,4,4,,9,2,1,,,1,,,,,,,,,2,,1200000,1,1,84,39,39,1,1,01,8412,66,380.61142314
5349644,1,4,1,70,66,1,8,48,1,,2,8,1,,7,2,1,,,,,,,,,,,1,2,,900000,2,,41,95,95,1,1,01,4111,66,344.12883186
5349649,1,2,1,70,66,1,32,48,1,,1,,,,,,,,.,,,,,,,,.,,,,900000,,,,13,,1,2,01,.,66,358.33841513
5349654,1,1,1,70,66,1,8,48,1,,2,12,1,,4,2,2,,,,,,,,,,,1,2,,600000,2,,85,13,13,1,1,01,8530,66,295.85008902
5349659,1,5,1,70,66,1,4,48,1,,2,4,1,,3,2,1,,,,,,,,,,,1,2,,900000,3,,47,45,45,1,1,01,4773,66,213.77964983
5349661,1,2,1,70,66,1,39,48,1,,2,39,1,,9,2,2,,,,,,,,,,,1,2,,877803,2,,14,79,79,1,2,01,1410,66,324.87104211
5349662,1,2,1,70,66,1,8,48,1,,2,36,1,,9,2,1,,,,,,,,,,,1,2,,877803,2,,82,53,38,1,1,01,8220,66,365.53475536
5349667,1,1,1,70,66,1,4,48,1,,2,4,1,,9,2,1,,,,,,,,,,,1,1,900000,1000000,2,,49,97,97,1,1,01,4923,66,434.33949884
5349668,1,5,1,70,66,1,26,48,4,,2,26,4,,3,2,1,,,,,,,,,,,1,2,,1000000,2,,96,57,57,1,2,01,9602,66,441.30305927
5349670,1,3,1,70,66,1,13,48,1,,2,13,1,,9,2,1,,,,,,,,,,,1,2,,1600000,2,,42,30,30,1,1,01,4290,66,264.74002756
5349674,1,1,1,70,66,1,6,48,1,,2,6,4,,9,2,1,,,,,,,,,,,1,2,,1600000,2,,85,13,13,1,1,01,8530,66,335.60818842
5349675,1,3,1,70,66,1,26,24,1,,1,,,,,,,,.,,,,,,,,.,,,,438900,,,,45,,1,2,01,.,66,372.04992064
5349677,1,1,1,70,66,1,8,48,1,,2,8,1,,3,2,1,,,,,,,,,,,1,2,,877803,2,,75,62,59,1,1,01,7500,66,358.78681028
5349681,1,4,1,70,66,1,6,48,1,,1,,,,,,,,.,,,,,,,,.,,,,877803,,,,33,,1,1,01,.,66,442.1020303
5349686,1,2,1,70,66,1,8,48,1,,1,,,,,,,,.,,,,,,,,.,,,,877803,,,,38,,1,1,01,.,66,433.43388499
5349691,1,2,1,70,66,1,36,48,1,,2,36,1,,9,2,1,,,,,,,,,,,1,2,,1000000,2,,42,03,03,1,2,01,4290,66,311.46492732
5349696,1,2,1,70,66,1,240,48,1,,2,240,1,,9,2,2,,,,,,,,,,,1,2,,877803,2,,61,58,03,1,2,01,6110,66,379.04751297
5349698,1,1,1,70,66,1,17,48,3,,2,17,3,,1,2,1,,,,,,,,,,,1,2,,900000,2,,97,54,54,1,2,01,9700,66,353.76161641
5349718,1,2,1,70,66,1,4,48,1,,2,4,1,,2,2,1,,,,,,,,,,,1,1,800000,800000,2,,43,93,93,1,1,01,4330,66,278.90316816
5349724,1,1,1,70,44,1,8,48,1,,2,8,4,,1,2,7,,,,,,,,,,,1,2,,800000,2,,49,58,98,1,1,01,4921,44,117.55460491
5349726,1,2,1,70,44,1,4,48,4,,2,24,4,,2,2,1,,,,,,,,,,,1,2,,800000,2,,43,85,85,1,1,01,4322,44,126.06716065
5349727,1,4,1,70,44,1,12,48,1,,2,156,1,,9,2,1,,,,,,,,,,,1,2,,877803,2,,65,39,39,1,1,01,6522,44,107.34755081
5349729,1,2,1,70,23,1,4,48,1,,2,4,4,,1,2,1,,,,,,,,,,,1,1,500000,900000,2,,47,32,45,1,1,01,4792,23,159.87169368
5349731,1,2,1,70,23,1,52,48,1,,2,104,4,,1,2,1,,,,,,,,,,,1,2,,908526,2,,56,45,53,1,2,01,5619,23,193.34239711
5349734,1,1,1,70,44,1,7,48,4,,2,7,4,,1,2,1,,,,,,,,,,,1,2,,300000,2,,45,93,93,1,1,01,4520,44,119.59382107
5349746,1,1,1,70,50,1,2,48,1,,2,3,1,,9,2,1,,,,,,,,,,,1,1,980000,980000,2,,64,33,58,1,1,01,6412,50,269.52666814
5349751,1,3,1,70,50,1,3,48,1,,2,3,1,,9,2,1,,,,,,,,,,,1,1,3500000,2500000,2,,42,02,02,1,1,01,4290,50,279.76933032
5349754,1,1,1,70,50,1,48,48,1,,2,48,4,,9,2,2,,,,,,,,,,,1,2,,2500000,2,,84,11,11,1,2,01,8412,50,284.75259289
5349762,1,2,1,70,50,1,96,60,1,,2,96,1,,6,2,2,,,,,,,,,,,1,2,,1300000,2,,85,13,13,1,2,01,8530,50,284.9707742
5349766,1,1,1,70,50,1,1,48,1,,2,5,1,,8,2,1,,,,,,,,,,,1,2,,2700000,2,,85,13,13,1,1,01,8530,50,251.90042702
5349771,1,4,1,70,50,1,3,40,4,,2,4,4,,1,2,1,,,,,,,,,,,1,1,50000,906000,2,,47,16,16,1,1,01,4774,50,340.71499922
5349776,1,1,1,70,50,1,30,48,1,,2,30,1,,9,2,4,,,,,,,,,,,1,2,,2500000,2,,49,02,98,1,2,01,4921,50,272.79623672
5349780,1,2,1,70,50,1,28,48,1,,2,30,1,,6,2,1,,,,,,,,,,,1,2,,1200000,2,,85,13,13,1,2,01,8530,50,279.76933032
5349786,1,2,1,70,54,1,52,48,4,,2,52,4,,1,2,1,,,,,,,,,,,1,2,,400000,2,,41,95,95,1,2,01,4112,54,419.96569042
5349788,1,2,1,70,54,1,99,48,1,,2,99,1,,8,2,1,,,,,,,,,,,1,2,,900000,2,,85,32,32,1,2,01,8530,54,376.25022274
5349790,1,4,1,70,54,1,6,48,1,,2,4,4,,1,2,1,,,,,,,,,,,1,2,,800000,2,,15,99,80,1,1,01,1522,54,354.03052957
5349791,1,2,1,70,54,1,40,48,1,,2,40,1,,2,2,1,,,,,,,,,,,1,2,,1000000,2,,56,50,50,1,2,01,5613,54,396.44864797
5349791,1,3,1,70,54,1,99,48,1,,2,99,1,,2,2,2,,,,,,,,,,,1,2,,450000,2,,56,53,53,1,2,01,5613,54,396.44864797
5349791,1,5,1,70,54,1,6,48,1,,2,6,4,,1,2,8,,,,,,,,,,,1,2,,800000,2,,43,98,93,1,1,01,4330,54,396.44864797
5349792,1,4,1,70,54,1,99,48,1,,2,99,1,,9,2,7,,,,,,,,,,,1,2,,1200000,2,,80,39,39,1,2,01,8010,54,215.92049671
5349800,1,1,1,70,50,1,4,48,3,,2,4,3,,1,2,1,,,,,,,,,,,1,1,400000,700000,2,,97,54,54,1,1,01,9700,50,202.58021999
5349801,1,1,1,70,50,1,2,48,1,,2,2,1,,2,2,3,,,,,,,,,,,1,1,900000,900000,2,,41,95,95,1,1,01,4111,50,325.47132375
5349804,1,2,1,70,54,1,40,48,3,,2,40,3,,1,2,2,,,,,,,,,,,1,2,,800000,2,,97,54,54,1,2,01,9700,54,305.67049482
5349807,1,1,1,70,50,1,40,48,1,,2,40,1,,4,2,1,,,,,,,,,,,1,2,,900000,2,,46,97,97,1,2,01,4632,50,302.12450733
5349818,1,2,1,70,41,1,10,45,1,,2,25,1,,7,2,1,,,,,,,,,,,1,2,,1200000,2,,47,33,33,1,1,01,4771,41,144.71261902
5349819,1,1,1,70,41,1,10,45,1,,2,15,1,,5,2,1,,,,,1,,,,,,,2,,1500000,2,,43,85,85,1,1,01,4321,41,176.92750514
5349819,1,2,1,70,41,1,15,40,1,,2,20,1,,4,2,1,,,,,,,,,,,1,2,,1500000,2,,47,32,32,1,2,01,4759,41,176.92750514
5349823,1,3,1,70,41,1,15,45,1,,2,20,1,,9,2,1,,,,,1,,,,,,,2,,1200000,2,,53,37,37,1,2,01,5320,41,184.3920289
5349828,1,2,1,70,41,1,28,48,1,,2,28,1,,3,2,1,,,,,,,,,,,1,2,,877000,2,,41,95,95,1,2,01,4111,41,206.54874318
5349837,1,2,1,70,41,1,96,48,1,,2,96,1,,3,2,2,,,,,,,,,,,1,2,,877000,2,,56,32,45,1,2,01,5619,41,176.92750514
5349838,1,2,1,70,41,1,4,48,1,,2,32,2,,9,2,1,,,,,,,,,,,1,2,,877000,2,,84,45,58,1,1,01,8422,41,146.04840292
5349870,1,3,1,70,41,1,50,40,1,,2,50,1,,5,2,1,,,,,,,,,,,1,2,,1500000,2,,86,11,11,1,2,01,8621,41,143.2950665
5349871,1,1,1,70,41,1,5,40,1,,2,5,1,,9,2,1,,,,,,,,,,,1,1,1500000,1500000,2,,86,05,30,1,1,01,8621,41,206.19174421
5349877,1,1,1,70,50,1,36,48,1,,2,36,1,,6,2,4,,,,,,,,,,,1,2,,1200000,2,,49,98,98,1,2,01,4923,50,314.48728193
5349878,1,2,1,70,50,1,3,48,1,,2,3,1,,2,2,2,,,,,,,,,,,1,2,,900000,2,,47,45,45,1,1,01,4723,50,311.42704587
5349879,1,3,1,70,50,1,4,48,1,,2,4,1,,2,2,2,,,,,,,,,,,1,2,,900000,2,,47,45,45,1,1,01,4772,50,292.17242218
5349886,1,1,1,70,08,1,4,48,1,,2,40,4,,6,2,1,,,,,,,,,,,1,2,,800000,2,,33,02,02,1,1,01,3320,08,537.69581703
5349886,1,3,1,70,08,1,20,48,1,,2,20,1,,9,2,2,,,,,,,,,,,1,2,,3000000,2,,42,02,02,1,2,01,4290,08,537.69581703
5349888,1,2,1,70,08,1,32,24,4,,2,38,4,,2,2,2,,,,,,,,,,,1,2,,400000,2,,56,53,53,1,2,01,5619,08,784.24735307
5349892,1,9,1,70,08,1,8,48,1,,2,48,1,,6,2,1,,,,,,,,,,,1,2,,800000,2,,41,55,55,1,1,01,4111,08,439.16490967
5349902,1,1,1,70,08,1,48,48,3,,2,10,1,,6,2,1,,,,,,,,,,,1,2,,600000,2,,55,54,54,1,2,01,5511,08,556.619871
5349908,1,9,1,70,08,1,4,48,1,,2,480,1,,6,2,8,,,,,,,,,,,1,2,,800000,2,,41,97,95,1,1,01,4111,08,1103.4262417
5349908,1,10,1,70,08,1,48,48,1,,2,48,1,,9,2,8,,,,,,,,,,,1,2,,900000,2,,47,38,45,1,2,01,4711,08,1103.4262417
5349910,1,1,1,70,08,1,40,40,1,,2,40,1,,9,2,4,,,,,,,,,,,1,2,,900000,2,,81,55,55,1,2,01,8121,08,734.0465581
5349911,1,2,1,70,08,1,40,40,1,,2,40,1,,8,2,1,,,,,,,,,,,1,2,,900000,2,,88,54,54,1,2,01,8890,08,747.94108422
5349911,1,5,1,70,08,1,3,40,1,,2,3,1,,8,2,1,,,,,,,,,,,1,1,600000,900000,2,,47,97,97,1,1,01,4711,08,747.94108422
5349911,1,6,1,70,08,1,52,40,1,,2,52,1,,4,2,1,,,,,,,,,,,1,2,,900000,2,,47,45,45,1,2,01,4769,08,747.94108422
5349911,1,8,1,70,08,1,108,40,1,,2,108,1,,8,2,1,,,,,,,,,,,1,2,,900000,2,,87,59,59,1,2,01,8730,08,747.94108422
5349922,1,2,1,70,08,1,12,40,3,,2,16,3,,1,2,2,,,,,,,,,,,1,2,,800000,2,,97,54,54,1,1,01,9700,08,708.71786513
5349928,1,4,1,70,08,1,3,40,1,,2,4,1,,6,2,4,,,,,,,,,,,1,1,900000,900000,2,,47,45,59,1,1,01,4774,08,706.98179694
5349928,1,5,1,70,08,1,52,40,1,,2,52,1,,9,2,4,,,,,,,,,,,1,2,,1000000,2,,80,58,58,1,2,01,8010,08,706.98179694
5349930,1,2,1,70,08,1,24,48,1,,2,24,1,,9,2,1,,,,,,,,,,,1,1,40000,900000,2,,32,84,84,1,2,01,3250,08,670.12074494
5349934,1,4,1,70,08,1,12,40,1,,2,12,1,,4,2,1,,,,,,,,,,,1,1,240000,900000,2,,47,97,45,1,1,01,4711,08,506.82131092
5349934,1,5,1,70,08,1,108,48,1,,1,,,,,,,,.,,,,,,,,.,,,,900000,,,,58,,1,2,01,.,08,506.82131092
5349944,1,3,1,70,08,1,12,48,4,,2,36,1,,5,2,1,,,,,,,,,,,1,2,,2500000,2,,69,41,11,1,1,01,6920,08,466.83135881
5349945,1,1,1,70,08,1,40,48,1,,2,40,1,,2,2,8,,,,,,,,,,,1,2,,878116,2,,49,98,98,1,2,01,4923,08,523.33901555
5349950,1,2,1,70,08,1,52,48,1,,2,52,1,,2,2,1,,,,,,,,,,,1,2,,878116,2,,47,45,45,1,2,01,4771,08,577.28353425
5349953,1,3,1,70,08,1,40,48,1,,2,52,1,,6,2,1,,,,,,,,,,,1,2,,878116,2,,47,03,97,1,2,01,4759,08,617.73820138
5349959,1,3,1,70,08,1,2,48,1,,2,2,1,,6,2,8,,,,,,,,,,,1,1,300000,850000,2,,22,03,03,1,1,01,2229,08,557.81102257
5349968,1,3,1,70,08,1,12,48,1,,2,48,1,,4,2,2,,,,,,,,,,,1,2,,700000,2,,47,45,45,1,1,01,4771,08,963.31789547
5349970,1,4,1,70,08,1,26,48,1,,2,27,1,,4,2,7,,,,,,,,,,,1,2,,1000000,2,,64,21,21,1,2,01,6412,08,552.47501382
5349976,1,1,1,70,08,1,40,48,1,,2,40,1,,5,2,2,,,1,,,,,,,,,2,,1004000,2,,45,53,97,1,2,01,4530,08,453.04275905
5349976,1,3,1,70,08,1,8,48,1,,2,9,1,,9,2,1,,,,,,,,,,,1,2,,1000000,2,,82,38,38,1,1,01,8299,08,453.04275905
5349980,1,2,1,70,08,1,50,48,1,,1,,,,,,,,.,,,,,,,,.,,,,1000000,,,,03,,1,2,01,.,08,483.52704228
5349984,1,3,1,70,08,1,3,48,1,,1,,,,,,,,.,,,,,,,,.,,,,690000,,,,39,,1,1,01,.,08,627.48432922
5349985,1,3,1,70,08,1,26,48,1,,2,28,1,,9,2,1,,,,,,,,,,,1,2,,1900000,2,,47,19,19,1,2,01,4773,08,386.78897447
5349987,1,3,1,70,08,1,52,48,1,,2,56,4,,9,2,1,,,,,,,,,,,1,2,,1500000,2,,84,12,12,1,2,01,8424,08,503.24355402
5349990,1,1,1,70,08,1,25,48,1,,2,26,1,,9,2,2,,,,,,,,,,,1,2,,1500000,2,,84,39,39,1,2,01,8412,08,534.27629496
5349990,1,2,1,70,08,1,40,40,1,,2,3,1,,9,2,1,,,1,,,,,,,,,1,3500000,2000000,1,1,88,11,11,1,2,01,8890,08,534.27629496
5349990,1,3,1,70,08,1,7,48,1,,2,7,1,,9,2,7,,,,,,,,,,,1,2,,2000000,2,,49,02,33,1,1,01,4923,08,534.27629496
5349994,1,2,1,70,73,1,10,45,1,,2,10,1,,5,2,1,,,,,,,,,,,1,2,,800000,2,,45,99,99,1,1,01,4520,73,629.54578445
5349999,1,2,1,70,73,1,6,40,1,,2,6,1,,6,2,1,,,,,,,,,,,1,2,,900000,2,,14,79,79,1,1,01,1410,73,237.39588131
5350002,1,2,1,70,73,1,40,48,1,,2,40,1,,7,2,2,,,,,,,,,,,1,2,,950000,2,,14,32,32,1,2,01,1410,73,362.36891536
5350003,1,3,1,70,73,1,24,48,1,,2,24,1,,8,2,1,,,,,,,,,,,1,2,,950000,2,,47,45,45,1,2,01,4711,73,423.4522761
5350009,1,2,1,70,73,1,52,48,1,,2,52,1,,8,2,4,,,,,,,,,,,1,2,,1000000,2,,58,03,97,1,2,01,5813,73,255.11072717
5350009,1,3,1,70,73,1,6,40,2,,2,6,1,,9,2,4,,,,,,,,,,,1,2,,1200000,2,,56,32,53,1,1,01,5611,73,255.11072717
5350026,1,1,1,70,17,1,12,48,1,,2,12,1,,9,2,8,,,,,,,,,,,1,2,,1500000,2,,85,58,58,1,1,01,8544,17,258.8234351
5350037,1,3,1,70,17,1,12,48,1,,1,,,,,,,,.,,,,,,,,.,,,,1600000,,,,21,,1,1,01,.,17,211.47256176
5350039,1,2,1,70,17,1,48,48,1,,2,336,1,,9,2,2,,,,,,,,,,,1,2,,1800000,2,,10,02,97,1,2,01,1040,17,297.04711847
5350039,1,5,1,70,17,1,43,40,1,,2,43,4,,1,2,5,,,,,,,,,,,1,2,,1800000,2,,86,19,19,1,2,01,8692,17,297.04711847
5350057,1,1,1,70,11,1,12,70,1,,2,12,1,,3,2,1,,,,,,,,,,,1,2,,877803,2,,31,81,93,1,1,01,3110,11,3631.9676192
5350068,1,3,1,70,11,1,16,48,1,,2,16,4,,1,2,1,,,,,,,,,,,1,2,,877803,2,,49,98,98,1,2,01,4921,11,5416.9418839
5350074,1,1,1,70,11,1,24,40,1,,2,24,1,,9,2,1,,,,,,,,,,,1,2,,877803,2,,82,39,32,1,2,01,8220,11,3237.7715934
5350095,1,2,1,70,11,1,40,48,1,,2,110,4,,1,2,2,,,,,,,,,,,1,2,,98,2,,95,08,08,1,2,01,9511,11,4671.0353896
5350096,1,1,1,70,11,1,12,48,5,,2,12,5,,2,2,4,,,,,,,,,,,1,2,,1600000,2,,41,95,95,1,1,01,4111,11,2254.4995337
5350101,1,1,1,70,11,1,52,48,1,,2,1,1,,2,2,1,,,,,,,,,,,1,1,450000,877000,2,,68,55,55,1,2,01,6820,11,2569.0032217
5350102,1,1,1,70,11,1,36,48,1,,2,36,1,,9,2,1,,,,,,,,,,,1,2,,1200000,2,,56,95,53,1,2,01,5611,11,3728.6300194
5350127,1,2,1,70,11,1,120,48,1,,2,120,1,,9,2,2,,,,,,,,,,,1,2,,2000000,2,,86,21,21,1,2,01,8610,11,5541.5575393
5350136,1,4,1,70,11,1,48,48,1,,1,,,,,,,,.,,,,,,,,.,,,,877803,,,,45,,1,2,01,.,11,1809.5996992
5350137,1,1,1,70,11,1,4,48,1,,2,40,1,,7,2,1,,,,,,,,,,,1,2,,1200000,2,,10,97,97,1,1,01,1089,11,3728.6300194
5350148,1,1,1,70,,1,24,48,1,,2,27,1,,9,2,4,,,,,,,,,,,1,2,,1000000,2,,05,97,97,1,2,01,0510,44,660.02840806
5350150,1,2,1,70,,1,52,48,1,,2,52,4,,9,2,1,,,,,,,,,,,1,2,,1500000,2,,84,02,39,1,2,01,8412,44,487.31206128
5350151,1,3,1,70,,1,36,40,1,,2,40,4,,9,2,1,,,1,,,,,,,,,2,,1600000,1,1,74,21,21,1,2,01,7490,44,484.93392906
5350153,1,1,1,70,,1,32,40,1,,2,32,4,,9,2,7,,,,,,,,,,,1,2,,1800000,2,,85,13,13,1,2,01,8530,44,1132.3134227
5350153,1,2,1,70,,1,36,40,4,,2,36,4,,9,2,1,,,,,,,,,,,1,2,,1200000,2,,85,19,19,1,2,01,8530,44,1132.3134227
5350162,1,1,1,70,54,1,3,48,1,,2,15,1,,5,2,2,,,,,,,,,,,1,2,,908526,2,,42,95,95,1,1,01,4290,54,705.68425727
5350164,1,3,1,70,54,1,2,48,1,,2,4,4,,1,2,1,,,,,,,,,,,1,1,700000,908526,2,,47,45,41,1,1,01,4772,54,331.84448443
5350214,1,1,1,70,05,1,5,48,1,,2,15,4,,1,2,1,,,1,,,1,,,,,,2,,1500000,1,2,96,39,57,1,1,01,9602,05,2129.6652966
5350221,1,3,1,70,05,1,3,48,1,,2,6,1,,4,2,1,,,,,,,,,,,1,2,,908526,2,,41,95,95,1,1,01,4112,05,1268.8714383
5350262,1,3,1,70,08,1,20,48,1,,2,20,1,,9,2,1,,,,,,,,,,,1,2,,1400000,2,,33,03,39,1,2,01,3312,08,508.91270845
5350262,1,5,1,70,08,1,48,50,1,,2,96,1,,9,2,2,,,,,,,,,,,1,2,,877803,2,,64,33,33,1,2,01,6412,08,508.91270845
5350267,1,1,1,70,08,1,4,48,1,,2,4,1,,3,2,1,,,,,,,,,,,1,2,,983000,2,,15,80,80,1,1,01,1521,08,587.65261194
5350267,1,3,1,70,08,1,5,48,1,,2,6,1,,4,2,1,,,,,,,,,,,1,2,,983000,2,,18,38,45,1,1,01,1811,08,587.65261194
5350269,1,2,1,70,08,1,32,40,1,,2,32,1,,6,2,2,,,,,,,,,,,1,2,,1000000,2,,41,02,02,1,2,01,4112,08,652.6326037
5350284,1,3,1,70,08,1,16,48,1,,2,30,1,,4,2,1,,,,,,,,,,,1,2,,1000000,2,,85,13,13,1,2,01,8512,08,503.24355402
5350286,1,1,1,70,20,1,40,48,1,,2,41,1,,4,2,7,,,,,,,,,,,1,2,,600000,2,,56,45,53,1,2,01,5611,20,203.95804433
5350287,1,3,1,70,20,1,3,48,4,,2,6,1,,2,2,1,,,,,,,,,,,1,2,,100000,2,,56,84,77,1,1,01,5619,20,224.51112027
5350288,1,2,1,70,20,1,40,48,1,,2,40,1,,4,2,1,,,,,,,,1,,,,2,,907000,2,,85,55,55,1,2,01,8530,20,219.86662955
5350288,1,3,1,70,20,1,2,40,4,,1,,,,,,,,.,,,,,,,,.,,,,98,,,,95,,1,1,01,.,20,219.86662955
5350291,1,3,1,70,20,1,48,48,1,,2,48,1,,6,2,5,,,,,,,,,,,1,2,,907000,2,,74,19,19,1,2,01,7490,20,140.94535608
5350291,1,4,1,70,20,1,24,48,1,,2,48,1,,7,2,1,,,,,,,,,,,1,2,,907000,2,,47,45,45,1,2,01,4771,20,140.94535608
5350292,1,2,1,70,20,1,52,48,2,,2,53,4,,9,2,4,,,,,,,,,,,1,2,,907000,2,,84,19,39,1,2,01,8412,20,166.02130317
5350298,1,2,1,70,20,1,159,50,1,,2,159,1,,8,2,1,,,,,,,,,,,1,2,,98,2,,64,21,21,1,2,01,6412,20,162.91810433
5350327,1,1,1,70,41,1,12,48,1,,2,104,1,,5,2,1,,,,,,,,,,,1,2,,950000,2,,85,13,13,1,1,01,8513,41,222.09490043
5350334,1,1,1,70,41,1,2,50,4,,2,3,4,,1,2,1,,,,,,,,,,,1,1,600000,850000,2,,49,98,98,1,1,01,4921,41,199.92222222
5350335,1,2,1,70,41,1,12,48,1,,1,,,,,,,,.,,,,,,,,.,,,,700000,,,,95,,1,1,01,.,41,143.80811106
5350335,1,3,1,70,41,1,3,50,1,,2,3,1,,3,2,1,,,,,,,,,,,1,1,300000,800000,2,,56,53,53,1,1,01,5611,41,143.80811106
5350336,1,2,1,70,41,1,49,48,1,,2,52,5,,3,2,1,,,,,,,,,,,1,2,,900000,2,,56,53,51,1,2,01,5611,41,320.38356296
5350387,1,1,1,70,66,1,2,40,1,,2,104,1,,6,2,2,,,,,,,,,,,1,2,,2000000,2,,64,21,21,1,1,01,6412,66,439.81308786
5350393,1,2,1,70,66,1,4,48,1,,2,4,1,,9,2,1,,,,,,,,,,,1,1,1000000,1500000,2,,64,15,44,1,1,01,6412,66,325.97540386
5350402,1,1,1,70,66,1,8,48,4,,2,8,4,,1,2,1,,,,,,,,,,,1,2,,900000,2,,43,93,93,1,1,01,4330,66,511.44909259
5350409,1,2,1,70,66,1,32,48,4,,2,32,4,,9,2,1,,,,,,,,,,,1,2,,1000000,2,,84,39,39,1,2,01,8412,66,386.54223085
5350412,1,2,1,70,66,1,32,48,4,,1,,,,,,,,.,,,,,,,,.,,,,5000000,,,,06,,1,2,01,.,66,358.78681028
5350417,1,1,1,70,66,1,32,48,1,,2,32,1,,4,2,8,,,,,,,,,,,1,2,,877803,2,,56,53,53,1,2,01,5611,66,444.02223054
5350417,1,2,1,70,66,1,50,48,1,,2,50,1,,4,2,8,,,,,,,,,,,1,2,,877803,2,,15,80,80,1,2,01,1521,66,444.02223054
5350417,1,3,1,70,66,1,32,48,1,,2,32,1,,5,2,1,,,,,,,,,,,1,2,,877803,2,,49,39,39,1,2,01,4923,66,444.02223054
5350432,1,2,1,70,66,1,52,48,1,,2,52,1,,4,2,2,,,,,,,,,,,1,2,,877803,2,,93,18,18,1,2,01,9312,66,351.59047004
5350437,1,2,1,70,,1,1,40,1,,2,6,4,,1,2,2,,,,,,,,,,,1,2,,906000,2,,47,39,45,1,1,01,4771,41,2754.5021445
5350437,1,3,1,70,,1,4,40,4,,2,216,4,,9,2,2,,,,,,,,,,,1,2,,906000,2,,84,39,39,1,1,01,8412,41,2754.5021445
5350445,1,1,1,70,,1,22,40,2,,2,180,4,,9,2,1,,,,,,,,1,,,,2,,1500000,2,,94,13,19,1,2,01,9499,41,3277.36241
5350464,1,2,1,70,66,1,8,48,1,,2,12,1,,9,2,4,,,,,,,,,,,1,2,,950000,2,,82,38,38,1,1,01,8220,66,351.59047004
5350466,1,1,1,70,66,1,4,48,4,,2,4,4,,9,2,1,,,1,,,,,,,,,1,2500000,2000000,1,2,84,21,21,1,1,01,8412,66,366.10094659
5350467,1,2,1,70,66,1,4,48,4,,2,4,4,,1,2,2,,,,,,,,,,,1,1,300000,600000,2,,96,55,55,1,1,01,9601,66,622.92985464
5350468,1,1,1,70,66,1,20,48,1,,2,20,1,,5,2,1,,,,,,,,,,,1,2,,800000,2,,25,87,87,1,2,01,2511,66,732.20189318
5350468,1,2,1,70,66,1,8,48,1,,2,8,1,,9,2,1,,,,,,,,,,,1,2,,900000,2,,86,59,59,1,1,01,8610,66,732.20189318
5350470,1,1,1,70,66,1,4,48,1,,2,4,1,,7,2,1,,,,,,,,,,,1,1,877803,877803,2,,41,95,95,1,1,01,4111,66,726.72721799
5350479,1,2,1,70,41,1,50,40,4,,2,50,4,,1,2,1,,,,,,,,,,,1,2,,900000,2,,81,55,55,1,2,01,8121,41,153.43630995
5350482,1,1,1,70,41,1,50,40,4,,2,50,4,,1,2,1,,,,,,,,,,,1,2,,900000,2,,81,55,55,1,2,01,8121,41,107.01105047
5350484,1,3,1,70,41,1,8,40,1,,2,8,4,,1,2,1,,,,,,,,,,,1,2,,900000,2,,47,33,33,1,1,01,4711,41,116.79833516
5350488,1,2,1,70,54,1,2,48,1,,2,6,1,,9,2,1,,,,,,,,,,,1,1,1500000,1500000,2,,94,15,15,1,1,01,9499,54,315.29432683
5350493,1,1,1,70,54,1,8,48,4,,2,8,4,,1,2,1,,,,,,,,,,,1,2,,900000,2,,81,55,55,1,1,01,8121,54,349.3859625
5350493,1,2,1,70,54,1,3,50,4,,2,3,4,,1,2,1,,,,,,,,,,,1,1,900000,800000,2,,49,98,98,1,1,01,4921,54,349.3859625
5350499,1,1,1,70,54,1,2,48,4,,2,4,4,,1,2,1,,,,,,,,,,,1,1,900000,900000,2,,15,80,80,1,1,01,1522,54,409.62377183
5350499,1,2,1,70,54,1,48,48,4,,2,48,4,,1,2,7,,,,,,,,,,,1,2,,900000,2,,47,41,41,1,2,01,4771,54,409.62377183
5350503,1,6,1,70,54,1,24,48,1,,1,,,,,,,,.,,,,,,,,.,,,,877800,,,,33,,1,2,01,.,54,421.70397916
5350516,1,1,1,70,54,1,4,48,4,,2,5,4,,1,2,1,,,,,,,,,,,1,1,250000,900000,2,,81,55,55,1,1,01,8121,54,708.06105913
5350519,1,3,1,70,54,1,10,48,4,,2,24,4,,1,2,8,,,,,,,,,,,1,2,,877800,2,,45,41,41,1,1,01,4542,54,853.57614081
5350519,1,4,1,70,54,1,8,48,4,,2,8,4,,1,2,8,,,,,,,,,,,1,2,,900000,2,,88,41,54,1,1,01,8890,54,853.57614081
5350520,1,2,1,70,54,1,2,48,4,,2,2,4,,1,2,8,,,,,,,,,,,1,2,,800000,2,,47,41,45,1,1,01,4781,54,899.23523542
5350521,1,3,1,70,54,1,52,48,4,,2,52,1,,9,2,1,,,,,,,,,,,1,2,,900000,2,,64,41,55,1,2,01,6412,54,620.41492017
5350522,1,3,1,70,54,1,52,48,4,,2,52,4,,1,2,1,,,,,,,,,,,1,2,,900000,2,,14,79,79,1,2,01,1410,54,338.46478123
5350522,1,4,1,70,54,1,48,48,4,,2,48,4,,1,2,1,,,,,,,,,,,1,2,,900000,2,,49,98,98,1,2,01,4921,54,338.46478123
5350523,1,3,1,70,17,1,40,40,1,,2,40,1,,5,2,1,,,,,,,,,,,1,2,,1500000,2,,33,03,03,1,2,01,3313,17,212.92340061
5350539,1,2,1,70,11,1,35,48,4,,2,35,4,,1,2,8,,,,,,,,,,,1,2,,877803,2,,52,97,98,1,2,01,5224,11,3072.6298686
5350539,1,3,1,70,11,1,24,47,4,,2,24,1,,2,2,8,,,,,,,,,,,1,2,,877803,2,,52,97,97,1,2,01,5224,11,3072.6298686
5350539,1,4,1,70,11,1,24,48,1,,2,24,1,,1,2,8,,,,,,,,,,,1,2,,877803,2,,52,97,97,1,2,01,5224,11,3072.6298686
5350545,1,2,1,70,11,1,31,48,1,,2,31,1,,8,2,8,,,,,,,,,,,1,2,,787703,2,,49,98,98,1,2,01,4922,11,2284.2378168
5350545,1,3,1,70,11,1,36,48,1,,2,35,4,,3,2,8,,,,,,,,,,,1,2,,787703,2,,59,45,17,1,2,01,5912,11,2284.2378168
5350549,1,1,1,70,11,1,45,48,1,,2,45,1,,4,2,8,,,,,,,,,,,1,2,,1200000,2,,49,98,98,1,2,01,4921,11,3917.6155766
5350551,1,1,1,70,11,1,20,48,1,,2,20,1,,5,2,4,,,,,,,,,,,1,2,,1200000,2,,73,39,44,1,2,01,7310,11,4561.6047686
5350552,1,2,1,70,11,1,28,48,1,,2,28,3,,1,2,8,,,,,,,,,,,1,2,,877803,2,,97,54,54,1,2,01,9700,11,2923.2679054
5350561,1,2,1,70,11,1,8,48,4,,2,8,4,,9,2,3,,,1,,,,,,,,,2,,2500000,1,1,84,02,02,1,1,01,8412,11,4671.0353896
5350568,1,2,1,70,17,1,6,48,1,,2,6,1,,9,2,7,,,,,,,,,,,1,1,1500000,1500000,2,,60,15,15,1,1,01,6020,17,201.11748965
5350572,1,2,1,70,17,1,32,48,4,,2,40,4,,1,2,2,,,,,,,,,,,1,2,,1500000,2,,68,44,44,1,2,01,6820,17,186.81106599
5350574,1,2,1,70,17,1,2,48,1,,2,2,1,,4,2,1,,,,,,,,,,,1,1,300000,950000,2,,56,45,53,1,1,01,5611,17,226.71452266
5350575,1,1,1,70,11,1,4,48,4,,2,4,4,,4,2,8,,,,,,,,,,,1,2,,877000,2,,56,53,53,1,1,01,5611,11,3654.0473705
5350576,2,2,2,70,11,1,4,48,1,,2,4,1,,3,2,2,,,,,,,,,,,1,2,,877000,2,,56,38,53,1,1,01,5611,11,2606.2100021
5350577,1,2,1,70,11,1,20,48,4,,2,48,4,,2,2,8,,,,,,,,,,,1,2,,877000,2,,56,54,53,1,2,01,5611,11,5269.5603553
5350580,1,2,1,70,11,1,4,48,1,,2,4,1,,9,2,4,,,,,,,,,,,1,1,1200000,1200000,2,,85,59,59,1,1,01,8511,11,3806.558276
5350580,1,4,1,70,11,1,48,48,1,,2,48,1,,2,2,2,,,,,,,,,,,1,2,,950000,2,,15,03,80,1,2,01,1521,11,3806.558276
5350586,1,2,1,70,11,1,12,48,4,,1,,,,,,,,.,,,,,,,,.,,,,800000,,,,53,,1,1,01,.,11,3047.0934268
5350588,1,3,1,70,11,1,4,48,1,,2,4,1,,9,2,1,,,,,,,,,,,1,2,,1250000,2,,47,59,45,1,1,01,4772,11,5293.1163624
5350589,1,2,1,70,11,1,4,48,4,,1,,,,,,,,.,,,,,,,,.,,,,800000,,,,79,,1,1,01,.,11,2950.4310267
5350592,1,1,1,70,50,1,18,48,1,,2,20,1,,4,2,1,,,,,,,,,,,1,2,,800000,2,,47,45,45,1,2,01,4711,50,313.10854915
5350596,1,2,1,70,23,1,30,48,1,,2,40,1,,5,2,1,,,,,,,,,,,1,2,,1200000,2,,85,19,13,1,2,01,8530,23,167.68547022
5350602,1,2,1,70,11,1,4,40,1,,2,108,1,,2,2,2,,,,,,,,,,,1,2,,877000,2,,47,45,45,1,1,01,4771,11,2541.8401004
5350605,1,5,1,70,11,1,28,48,1,,2,28,1,,9,2,4,,,,,,,,,,,1,2,,1200000,2,,52,35,35,1,2,01,5229,11,3858.1599569
5350606,1,1,1,70,11,1,52,48,4,,2,52,4,,1,2,1,,,1,,,,,,,,,2,,1500000,1,2,49,98,98,1,2,01,4921,11,2936.0361263
5350610,1,1,1,70,11,1,4,48,4,,2,4,4,,6,2,4,,,,,,,,,,,1,1,1000000,1000000,2,,15,80,80,1,1,01,1521,11,5541.5575393
5350613,1,2,1,70,11,1,12,48,1,,2,12,1,,2,2,8,,,,,,,,,,,1,2,,878000,2,,47,45,45,1,1,01,4741,11,3250.5398142
5350618,1,1,1,70,11,1,40,48,1,,2,40,1,,6,2,8,,,,,,,,,,,1,2,,1200000,2,,41,95,95,1,2,01,4111,11,4956.7492766
5350618,1,2,1,70,11,1,104,48,1,,2,104,1,,3,2,1,,,,,,,,,,,1,2,,900000,2,,47,95,45,1,2,01,4769,11,4956.7492766
5350620,1,2,1,70,11,1,8,48,1,,2,8,4,,5,2,8,,,,,,,,,,,1,2,,877803,2,,14,79,79,1,1,01,1410,11,2569.0032217
5350620,1,3,1,70,11,1,3,48,1,,2,3,4,,5,2,2,,,,,,,,,,,1,1,877803,900000,2,,14,59,79,1,1,01,1410,11,2569.0032217
5350621,1,2,1,70,11,1,52,40,3,,2,55,1,,5,2,1,,,,,,,,,,,1,2,,900000,2,,47,54,33,1,2,01,4711,11,2665.6656218
5350621,1,3,1,70,11,1,4,40,1,,1,,,,,,,,.,,,,,,,,.,,,,850000,,,,45,,1,1,01,.,11,2665.6656218
5350628,1,2,1,70,11,1,24,48,1,,2,36,1,,2,2,2,,,,,,,,,,,1,2,,980000,2,,14,55,79,1,2,01,1410,11,5541.5575393
5350632,1,2,1,70,11,1,4,48,1,,2,20,1,,2,2,2,,,,,,,,,,,1,2,,908000,2,,10,33,33,1,1,01,1081,11,4971.1441771
5350634,1,2,1,70,11,1,28,48,1,,2,28,1,,5,2,2,,,,,,,,,,,1,2,,970000,2,,86,55,55,1,2,01,8621,11,3943.1520183
5350634,1,3,1,70,11,1,48,48,1,,2,24,1,,9,2,8,,,,,,,,,,,1,2,,908526,2,,10,45,45,1,2,01,1081,11,3943.1520183
5350634,1,4,1,70,11,1,4,48,1,,1,,,,,,,,.,,,,,,,,.,,,,908526,,,,18,,1,1,01,.,11,3943.1520183
5350639,1,2,1,70,11,1,48,48,1,,2,20,3,,2,2,1,,,,,,,,,,,1,2,,900000,2,,97,33,54,1,2,01,9700,11,3250.5398142
5350640,1,1,1,70,11,1,4,20,4,,2,6,1,,2,2,1,,,,,,,,,,,1,2,,500000,2,,41,95,95,1,1,01,4111,11,2923.2679054
5350641,1,1,1,70,11,1,3,40,1,,2,3,1,,9,2,1,,,,,,,,,,,1,1,807803,900000,2,,68,55,55,1,1,01,6820,11,3125.0216835
5350641,1,4,1,70,11,1,2,48,1,,2,2,1,,9,2,1,,,,,,,,,,,1,1,780000,900000,2,,47,39,39,1,1,01,4711,11,3125.0216835
5350642,1,2,1,70,11,1,28,40,1,,2,28,3,,1,2,1,,,,,,,,,,,1,2,,800000,2,,97,55,54,1,2,01,9700,11,4778.7019293
5350647,1,2,1,70,11,1,52,48,1,,2,156,1,,9,2,1,,,,,,,,,,,1,2,,908526,2,,01,33,62,1,2,01,0125,11,4669.2713084
5350648,1,2,1,70,11,1,40,48,1,,2,40,4,,2,2,1,,,,,,,,,,,1,2,,500000,2,,88,55,54,1,2,01,8890,11,4671.0353896
5350652,1,3,1,70,11,1,75,48,1,,2,40,1,,2,2,1,,,,,,,,,,,1,2,,908526,2,,47,33,45,1,2,01,4761,11,2284.2378168
5350652,1,4,1,70,11,1,24,48,1,,2,24,1,,4,2,1,,,,,,,,,,,1,2,,908526,2,,43,45,39,1,2,01,4321,11,2284.2378168
5350654,1,3,1,70,11,1,104,48,1,,2,208,1,,3,2,2,,,,,,,,,,,1,2,,1800000,2,,95,39,32,1,2,01,9511,11,3345.509605
5350655,1,1,1,70,11,1,4,48,1,,2,3,1,,9,2,1,,,,,,,,,,,1,1,230000,908526,2,,68,58,58,1,1,01,6820,11,3754.1664611
5350660,1,1,1,70,11,1,52,24,1,,2,54,1,,2,2,1,,,,,,,,,,,1,2,,500000,2,,56,53,53,1,2,01,5611,11,4800.9059473
5350662,1,1,1,70,11,1,36,48,1,,2,40,1,,8,2,7,,,,,,,,,,,1,2,,908526,2,,81,95,95,1,2,01,8130,11,6235.8623528
5350673,1,3,1,70,73,1,147,48,1,,2,147,1,,9,2,1,,,,,,,,,,,1,2,,877803,2,,35,03,03,1,2,01,3511,73,228.63851307
5350676,1,2,1,70,15,1,24,48,1,,2,24,4,,2,2,2,,,,,,,,,,,1,2,,877803,2,,45,39,87,1,2,01,4520,15,202.95654946
5350687,1,1,1,70,,1,4,48,1,,2,4,1,,3,2,1,,,,,,,,,,,1,1,900000,900000,2,,56,45,53,1,1,01,5611,68,536.11694724
5350687,1,2,1,70,,1,8,50,1,,2,8,1,,2,2,1,,,,,,,,,,,1,2,,900000,2,,56,55,53,1,1,01,5611,68,536.11694724
5350729,1,1,1,70,76,1,250,40,3,,2,350,3,,1,2,1,,,,,,,,,,,1,2,,800000,2,,97,54,54,1,2,01,9700,76,1112.2804744
5350730,1,1,1,70,76,1,4,48,1,,2,4,1,,2,2,2,,,,,,,,,,,1,2,,900000,2,,47,45,45,1,1,01,4724,76,1292.9139213
5350738,1,1,1,70,76,1,8,48,1,,2,100,4,,1,2,8,,,,,,,,,,,1,2,,1500000,2,,47,45,41,1,1,01,4771,76,1152.8314349
5350738,1,3,1,70,76,1,11,48,1,,2,75,1,,4,2,7,,,,,,,,,,,1,2,,1000000,2,,56,54,53,1,1,01,5611,76,1152.8314349
5350738,1,4,1,70,76,1,12,48,1,,2,36,1,,4,2,8,,,,,,,,,,,1,2,,1000000,2,,47,45,97,1,1,01,4711,76,1152.8314349
5350742,1,2,1,70,76,1,24,48,1,,2,208,1,,6,2,2,,,,,,,,,,,1,2,,900000,2,,85,59,59,1,2,01,8511,76,1240.1851986
5350743,1,2,1,70,76,1,4,48,1,,2,132,1,,6,2,4,,,,,,,,,,,1,2,,907256,2,,86,59,59,1,1,01,8621,76,1104.8016632
5350749,1,1,1,70,11,1,1,48,1,,2,24,4,,1,2,2,,,,,,,,,,,1,2,,1000000,2,,47,39,45,1,1,01,4792,11,2187.5754167
5350759,1,1,1,70,11,1,8,48,1,,2,8,1,,8,2,8,,,,,,,,,,,1,2,,1000000,2,,85,13,13,1,1,01,8530,11,3347.2022143
5350759,1,2,1,70,11,1,36,48,1,,2,36,1,,6,2,1,,,,,,,,,,,1,2,,1000000,2,,56,39,39,1,2,01,5629,11,3347.2022143
5350760,1,1,1,70,11,1,2,48,1,,2,2,4,,1,2,2,,,,,,,,,,,1,1,900000,1000000,2,,56,53,45,1,1,01,5619,11,2950.4310267
5350760,1,2,1,70,11,1,8,48,1,,2,8,1,,6,2,1,,,,,,,,,,,1,2,,1000000,2,,93,53,53,1,1,01,9329,11,2950.4310267
5350761,1,3,1,70,11,1,28,48,2,,2,28,4,,1,2,8,,,,,,,,,,,1,2,,1200000,2,,80,87,03,1,2,01,8020,11,3169.2922687
5350766,1,1,1,70,50,1,20,48,3,,2,30,3,,1,2,2,,,,,,,,,,,1,2,,960000,2,,97,54,54,1,2,01,9700,50,313.33710354
5350773,1,2,1,70,44,1,2,10,3,,2,98,3,,1,2,1,,,,,,,,,,,1,2,,500000,2,,97,54,54,1,1,01,9700,44,93.284460085
5350774,1,9,1,70,44,1,52,40,1,,2,4,4,,1,2,8,,,,,,,,,,,1,1,100000,600000,2,,43,02,85,1,2,01,4321,44,66.968231389
5350776,1,1,1,70,44,1,12,40,1,,2,12,4,,6,2,1,,,,,,,,,,,1,2,,908526,2,,87,39,21,1,1,01,8730,44,75.135993365
5350776,1,2,1,70,44,1,16,40,1,,2,16,4,,9,2,1,,,,,,,,,,,1,2,,908526,2,,85,02,13,1,2,01,8530,44,75.135993365
5350783,1,1,1,70,44,1,2,45,1,,2,6,1,,7,2,7,,,,,,,,,,,1,2,,1000000,2,,85,13,13,1,1,01,8530,44,102.39977422
5350791,1,5,1,70,52,1,12,48,1,,2,20,1,,4,2,1,,,,,,,,,,,1,2,,1500000,2,,56,45,53,1,1,01,5619,52,209.93543359
5350792,1,3,1,70,52,1,52,40,1,,1,,,,,,,,.,,,,,,,,.,,,,900000,,,,45,,1,2,01,.,52,121.50539435
5350792,1,4,1,70,52,1,8,48,1,,2,5,1,,5,2,1,,,,,,,,,,,1,2,,2000000,2,,47,45,32,1,1,01,4771,52,121.50539435
5350804,1,4,1,70,54,1,8,48,3,,1,,,,,,,,.,,,,,,,,.,,,,900000,,,,54,,1,1,01,.,54,351.87535521
5350807,1,1,1,70,73,1,60,48,1,,2,60,4,,9,2,2,,,,,,,,,,,1,2,,2500000,2,,84,12,12,1,2,01,8424,73,461.86788365
5350808,1,2,1,70,27,1,36,48,1,,2,36,4,,8,2,1,,,,,,,,,,,1,2,,1600000,2,,86,59,59,1,2,01,8621,27,58.050879854
5350809,1,1,1,70,27,1,4,48,1,,2,4,1,,8,2,1,,,,,,,,,,,1,1,877803,877803,2,,49,98,98,1,1,01,4923,27,87.03754733
5350810,1,4,1,70,27,1,52,48,4,,2,52,4,,9,2,1,,,,,,,,,,,1,2,,1200000,2,,85,13,13,1,2,01,8551,27,34.603350063
5350812,1,2,1,70,27,1,52,48,2,,2,52,4,,9,2,1,,,,,,,,,,,1,2,,1500000,2,,85,13,13,1,2,01,8551,27,34.603350063
5350826,1,6,1,70,15,1,40,40,1,,2,40,4,,2,2,1,,,,,,,,,,,1,2,,1000000,2,,56,16,53,1,2,01,5619,15,103.69187148
5350857,1,3,1,70,27,1,48,40,1,,1,,,,,,,,.,,,,,,,,.,,,,1500000,,,,13,,1,2,01,.,27,34.603350063
5350873,1,2,1,70,15,1,16,40,1,,2,156,1,,4,2,1,,,,,,,,,,,1,2,,877803,2,,56,77,53,1,2,01,5611,15,70.240733028
5350873,1,3,1,70,15,1,156,40,1,,2,156,4,,9,2,1,,,,,,,,,,,1,2,,2000000,2,,84,12,12,1,2,01,8412,15,70.240733028
5350883,1,1,1,70,19,1,38,40,1,,2,48,1,,5,2,1,,,,,,,,,,,1,2,,800000,2,,56,45,53,1,2,01,5611,19,103.94568825
5350898,1,3,1,70,19,1,52,45,1,,2,52,1,,9,2,6,,,,,,,,,,,1,2,,1500000,2,,88,19,19,1,2,01,8890,19,114.03377197
5350915,1,2,1,70,19,1,52,45,1,,1,,,,,,,,.,,,,,,,,.,,,,700000,,,,45,,1,2,01,.,19,112.63586508
5350923,2,3,2,70,19,1,4,50,4,,2,6,4,,3,2,1,,,,,,,,,,,1,2,,400000,2,,96,57,57,1,1,01,9602,19,189.56186442
5350924,1,2,1,70,19,1,8,48,4,,2,24,4,,3,2,1,,,,,,,,,,,1,2,,98,2,,41,95,95,1,1,01,4111,19,132.70373172
5350924,1,3,1,70,19,1,8,48,4,,2,40,4,,3,2,1,,,,,,,,,,,1,2,,800000,2,,47,58,41,1,1,01,4771,19,132.70373172
5350955,1,2,1,70,17,1,2,48,2,,2,7,1,,3,2,2,,,,,,,,,,,1,2,,1200000,2,,87,59,59,1,1,01,8730,17,194.31392942
5350965,1,2,1,70,50,1,18,48,1,,2,28,1,,5,2,1,,,,,,,,,,,1,2,,870000,2,,56,53,53,1,2,01,5611,50,223.82467471
5350965,1,3,1,70,50,1,15,50,1,,1,,,,,,,,.,,,,,,,,.,,,,700000,,,,95,,1,2,01,.,50,223.82467471
5350977,1,3,1,70,17,1,9,48,1,,2,2,1,,2,2,1,,,,,,,,,,,1,2,,1000000,2,,45,45,39,1,1,01,4542,17,164.90172515
5351025,1,2,1,70,41,1,40,48,4,,2,40,4,,1,2,2,,,,,,,,,,,1,2,,1000000,2,,90,17,17,1,2,01,9007,41,200.41870034
5351028,1,1,1,70,41,1,4,48,4,,2,4,4,,4,2,1,,,,,,,,,,,1,2,,877803,2,,41,95,95,1,1,01,4111,41,176.92750514
5351033,2,1,2,70,41,1,104,48,1,,2,104,1,,4,2,8,,,,,,,,,,,1,2,,877803,2,,96,17,32,1,2,01,9603,41,232.49280433
5351035,1,1,1,70,41,1,28,48,1,,2,28,1,,9,2,2,,,,,,,,,,,1,2,,877803,2,,06,97,97,1,2,01,0610,41,168.91416942
5351037,1,1,1,70,41,1,24,48,1,,2,24,1,,2,2,8,,,,,,,,,,,1,2,,877803,2,,47,33,40,1,2,01,4761,41,200.41870034
5351038,1,1,1,70,70,1,9,48,1,,2,10,3,,1,2,1,,,,,,,,,,,1,2,,908526,2,,97,03,54,1,1,01,9700,70,119.2378285
5351041,1,1,1,70,70,1,6,48,1,,2,6,3,,1,2,1,,,,,,,,,,,1,1,250000,908526,2,,97,39,54,1,1,01,9700,70,124.53951486
5351043,1,4,1,70,70,1,8,48,1,,2,24,4,,4,2,1,,,,,,,,,,,1,2,,908526,2,,93,32,17,1,1,01,9329,70,73.458914382
5351048,1,2,1,70,41,1,52,48,4,,2,52,4,,1,2,8,,,,,,,,,,,1,2,,877803,2,,41,95,95,1,2,01,4111,41,175.11251004
5351051,1,1,1,70,41,1,4,48,1,,2,4,1,,5,2,4,,,,,,,,,,,1,2,,877803,2,,84,17,17,1,1,01,8413,41,209.70950692
5351074,1,1,1,70,41,1,10,45,1,,2,20,4,,1,2,1,,,,,,,,,,,1,2,,1000000,2,,95,85,85,1,1,01,9522,41,230.10823615
5351074,1,2,1,70,41,1,20,45,1,,2,25,1,,4,2,3,,,,,1,,,,,,,2,,1200000,2,,56,53,53,1,2,01,5611,41,230.10823615
5351077,1,2,1,70,41,1,20,45,1,,2,25,1,,9,2,1,,,,,,,,,,,1,2,,1200000,2,,47,58,58,1,2,01,4711,41,158.01978741
5351083,1,2,1,70,70,1,4,40,4,,2,1,4,,9,2,1,,,,,,,,,,,1,1,3500000,3500000,2,,84,39,39,1,1,01,8412,70,105.51265534
5351087,1,6,1,70,70,1,6,48,1,,2,44,1,,2,2,1,,,,,,,,,,,1,2,,908526,2,,86,59,59,1,1,01,8622,70,103.17705151
5351088,1,1,1,70,70,1,4,48,1,,2,4,1,,9,2,1,,,,,,,,,,,1,1,1700000,908526,2,,47,45,45,1,1,01,4773,70,109.78487898
5351107,1,3,1,70,52,1,36,48,4,,2,36,4,,1,2,1,,,,,,,,,,,1,2,,877803,2,,43,85,85,1,2,01,4321,52,189.73483206
5351107,1,5,1,70,52,1,250,48,4,,2,9,4,,1,2,1,,,,,,,,,,,1,2,,1800000,2,,93,05,18,1,2,01,9312,52,189.73483206
5351110,1,3,1,70,52,1,16,40,1,,2,104,4,,6,2,3,,,,,,,,,,,1,2,,2000000,2,,85,13,13,1,2,01,8513,52,153.76895828
5351113,1,3,1,70,52,1,26,40,4,,2,26,4,,1,2,8,,,,,,,,,,,1,2,,800000,2,,47,98,41,1,2,01,4771,52,153.16699498
5351118,1,3,1,70,52,1,60,48,1,,2,60,1,,6,2,4,,,,,,,,,,,1,2,,2000000,2,,94,15,13,1,2,01,9499,52,118.85895124
5351118,1,4,1,70,52,1,6,48,1,,2,6,1,,6,2,4,,,,,,,,,,,1,2,,2000000,2,,88,13,13,1,1,01,8890,52,118.85895124
5351136,1,2,1,70,70,1,38,48,1,,2,50,1,,5,2,7,,,,,,,,,,,1,2,,908526,2,,79,33,39,1,2,01,7911,70,115.46999697
5351179,1,5,1,70,27,1,52,48,1,,2,60,1,,3,2,1,,,,,,,,,,,1,2,,908000,2,,47,45,58,1,2,01,4775,27,190.31842535
5351180,1,2,1,70,52,1,4,48,1,,2,32,1,,2,2,7,,,,,,,,,,,1,2,,900000,2,,95,32,21,1,1,01,9524,52,146.8825837
5351182,1,4,1,70,27,1,16,40,4,,2,16,4,,2,2,1,,,,,,,,,,,1,2,,300000,2,,96,16,16,1,2,01,9609,27,34.603350063
5351185,1,6,1,70,27,1,7,48,4,,2,7,4,,3,2,1,,,,,,,,,,,1,1,600000,1000000,2,,41,95,95,1,1,01,4111,27,34.603350063
5351193,1,2,1,70,27,1,12,48,4,,2,12,4,,9,2,1,,,,,,,,,,,1,2,,1500000,2,,88,59,59,1,1,01,8890,27,34.603350063
5351202,1,2,1,70,27,1,8,55,4,,2,8,4,,2,2,1,,,,,,,,,,,1,2,,1114000,2,,41,95,95,1,1,01,4111,27,156.13371308
5351202,1,3,1,70,27,1,53,48,4,,2,53,4,,3,2,1,,,,,,,,,,,1,2,,1114000,2,,41,95,95,1,2,01,4111,27,156.13371308
5351207,1,1,1,70,27,1,12,40,2,,1,,,,,,,,.,,,,,,,,.,,,,1600000,,,,13,,1,1,01,.,27,34.603350063
5351207,1,2,1,70,27,1,16,48,1,,1,,,,,,,,.,,,,,,,,.,,,,1114000,,,,45,,1,2,01,.,27,34.603350063
5351212,1,2,1,70,08,1,32,48,1,,2,34,4,,1,2,1,,,,,,,,,,,1,2,,1000000,2,,41,37,95,1,2,01,4111,08,504.19070553
5351212,1,3,1,70,08,1,24,24,1,,2,52,4,,6,2,1,,,,,,,,,,,1,2,,400000,2,,86,45,45,1,2,01,8699,08,504.19070553
5351221,1,1,1,70,27,1,8,48,1,,2,8,1,,9,2,8,,,,,,,,,,,1,2,,1114000,2,,86,55,55,1,1,01,8621,27,34.603350063
5351233,1,1,1,70,27,1,36,48,1,,2,36,1,,9,2,1,,,,,,,,,,,1,2,,1114000,2,,84,55,55,1,2,01,8412,27,34.603350063
5351233,1,2,1,70,27,1,4,48,1,,2,4,1,,7,2,1,,,,,,,,,,,1,2,,1114000,2,,47,97,97,1,1,01,4711,27,34.603350063
5351251,1,2,1,70,27,1,104,48,2,,2,104,2,,9,2,2,,,,,,,,,,,1,2,,1700000,2,,86,59,59,1,2,01,8621,27,34.603350063
5351254,1,2,1,70,19,1,3,45,1,,2,3,1,,3,2,1,,,,,,,,,,,1,2,,800000,2,,47,45,45,1,1,01,4772,19,116.22595912
5351255,1,5,1,70,19,1,8,40,1,,2,8,1,,3,2,1,,,,,,,,,,,1,2,,800000,2,,47,45,45,1,1,01,4729,19,106.14055425
5351268,1,2,1,70,19,1,8,40,1,,2,8,1,,9,2,1,,,,,,,,,,,1,2,,980000,2,,86,59,59,1,1,01,8621,19,85.72030604
5351269,1,1,1,70,19,1,5,40,1,,2,5,4,,9,2,1,,,,,,,,,,,1,2,,2000000,2,,84,13,21,1,1,01,8413,19,143.3103524
5351269,1,2,1,70,19,1,3,30,1,,2,3,3,,1,2,1,,,,,,,,,,,1,1,500000,980000,2,,97,03,55,1,1,01,9700,19,143.3103524
5351270,1,6,1,70,19,1,4,40,3,,2,4,3,,1,2,1,,,,,,,,,,,1,2,,600000,2,,97,54,54,1,1,01,9700,19,179.85061043
5351278,1,3,1,70,19,1,24,45,1,,2,32,1,,8,2,4,,,,,,,,,,,1,2,,1000000,2,,49,98,98,1,2,01,4921,19,161.64403542
5351300,1,1,1,70,19,1,40,50,1,,2,40,4,,1,2,1,,,,,,,,,,,1,2,,800000,2,,41,95,95,1,2,01,4111,19,123.03933894
5351301,1,3,1,70,19,1,3,40,1,,1,,,,,,,,.,,,,,,,,.,,,,1200000,,,,03,,1,1,01,.,19,186.31087098
5351311,1,1,1,70,76,1,48,48,3,,2,48,3,,1,2,1,,,,,,,,,,,1,2,,907256,2,,97,54,54,1,2,01,9700,76,796.82654276
5351311,1,3,1,70,76,1,24,48,1,,2,36,1,,3,2,1,,,,,,,,,,,1,2,,907256,2,,56,45,53,1,2,01,5619,76,796.82654276
5351320,1,1,1,70,19,1,52,40,1,,2,52,1,,6,2,1,,,,,,,,,,,1,2,,980000,2,,61,44,44,1,2,01,6120,19,82.2767679
5351322,1,5,1,70,19,1,12,40,1,,2,12,1,,5,2,1,,,,,,,,,,,1,2,,900000,2,,61,44,44,1,1,01,6120,19,68.999739765
5351322,1,9,1,70,19,1,28,48,1,,2,12,1,,2,2,1,,,,,,,,,,,1,2,,900000,2,,61,44,44,1,2,01,6120,19,68.999739765
5351323,1,2,1,70,19,1,24,45,1,,2,24,1,,2,2,1,,,,,,,,1,,,,2,,860000,2,,56,45,53,1,2,01,5611,19,106.92271688
5351325,1,1,1,70,19,1,36,45,4,,2,36,4,,1,2,1,,,,,,,,,,,1,2,,600000,2,,56,55,45,1,2,01,5619,19,78.70404237
5351333,1,3,1,70,19,1,105,48,1,,2,110,1,,4,2,1,,,1,,,,,,,,,2,,1500000,2,,85,13,13,1,2,01,8512,19,88.066554383
5351335,1,2,1,70,19,1,52,45,1,,2,52,1,,9,2,7,,,,,,,,,,,1,2,,870000,2,,85,32,32,1,2,01,8522,19,122.4864606
5351339,1,1,1,70,19,1,200,56,1,,2,104,1,,2,2,7,,,,,,,,,,,1,2,,877000,2,,56,57,45,1,2,01,5619,19,127.93992565
5351349,1,1,1,70,19,1,12,50,1,,2,12,1,,9,2,4,,,,,,,,,,,1,2,,1000000,2,,36,33,33,1,1,01,3600,19,149.41552903
5351360,1,2,1,70,76,1,48,48,1,,2,12,1,,2,2,2,,,,,,,,,,,1,2,,1000000,2,,10,77,77,1,2,01,1081,76,1176.1947657
5351361,1,5,1,70,76,1,16,48,1,,2,8,1,,4,2,1,,,,,,,,,,,1,2,,877807,2,,14,53,97,1,2,01,1410,76,1155.414511
5351362,1,4,1,70,76,1,4,48,1,,2,52,1,,4,2,1,,,,,,,,,,,1,2,,877807,2,,47,45,45,1,1,01,4771,76,1369.3688564
5351363,1,2,1,70,76,1,8,48,3,,2,52,1,,4,2,4,,,,,,,,,,,1,2,,800000,2,,47,54,97,1,1,01,4721,76,796.82654276
5351412,1,1,1,70,08,1,6,40,4,,2,25,1,,4,2,1,,,,,,,,,,,1,2,,650000,2,,85,45,59,1,1,01,8530,08,698.60369806
5351419,1,6,1,70,20,1,3,48,1,,2,20,1,,2,2,8,,,,,,,,,,,1,2,,600000,2,,47,44,45,1,1,01,4771,20,222.77696526
5351423,1,3,1,70,20,1,12,48,4,,2,14,3,,2,2,1,,,,,,,,,,,1,2,,877000,2,,97,54,54,1,1,01,9700,20,130.165455
5351426,1,1,1,70,20,1,3,48,4,,2,8,4,,2,2,8,,,,,,,,,,,1,2,,600000,2,,41,95,95,1,1,01,4111,20,124.23398365
5351426,1,2,1,70,20,1,15,48,4,,2,15,4,,2,2,1,,,,,,,,,,,1,2,,700000,2,,41,95,95,1,2,01,4111,20,124.23398365
5351432,1,2,1,70,20,1,20,48,1,,2,20,1,,8,2,1,,,,,,,,,,,1,2,,877000,2,,86,59,59,1,2,01,8610,20,98.556952505
5351432,1,6,1,70,20,1,20,48,1,,2,30,1,,5,2,1,,,,,,,,,,,1,2,,877000,2,,86,39,39,1,2,01,8691,20,98.556952505
5351433,1,2,1,70,20,1,40,48,1,,2,30,1,,5,2,1,,,,,,,,,,,1,2,,877000,2,,85,59,59,1,2,01,8511,20,202.42387243
5351434,1,2,1,70,20,1,2,48,2,,2,2,1,,5,2,1,,,1,,,,,,,,,2,,1500000,1,1,85,13,13,1,1,01,8513,20,209.69396338
5351435,1,3,1,70,20,1,38,48,1,,2,40,1,,9,2,8,,,,,,,,,,,1,2,,877000,2,,86,59,59,1,2,01,8610,20,91.338616552
5351439,1,2,1,70,20,1,4,48,2,,2,8,4,,9,2,7,,,,,,,,,,,1,2,,1500000,2,,85,13,13,1,1,01,8544,20,99.201545046
5351439,1,3,1,70,20,1,24,48,1,,2,24,4,,1,2,1,,,,,,,,,,,1,2,,877000,2,,47,19,45,1,2,01,4792,20,99.201545046
5351442,1,2,1,70,20,1,40,48,2,,2,30,2,,9,2,2,,,,,,,,,,,1,2,,2800000,2,,84,06,19,1,2,01,8413,20,194.36762962
5351443,1,3,1,70,20,1,30,48,1,,1,,,,,,,,.,,,,,,,,.,,,,877000,,,,12,,1,2,01,.,20,209.5723438
5351456,1,1,1,70,76,1,42,48,3,,2,42,3,,1,2,1,,,,,,,,,,,1,2,,900000,2,,97,54,54,1,2,01,9700,76,958.6152161
5351456,1,3,1,70,76,1,40,48,1,,2,41,1,,5,2,8,,,,,,,,,,,1,2,,1000000,2,,38,03,03,1,2,01,3830,76,958.6152161
5351460,1,2,1,70,73,1,26,60,1,,2,40,1,,3,2,1,,,,,,,,,,,1,2,,1000000,2,,25,83,83,1,2,01,2511,73,172.10211828
5351460,1,4,1,70,73,1,32,60,1,,2,40,1,,3,2,1,,,1,,,,,,,,,2,,900000,2,,41,95,95,1,2,01,4111,73,172.10211828
5351461,1,3,1,70,73,1,12,48,1,,2,40,1,,4,2,4,,,,,,,,,,,1,2,,1000000,2,,47,32,33,1,1,01,4711,73,318.42783942
5351469,1,1,1,70,73,1,52,60,1,,1,,,,,,,,.,,,,,,,,.,,,,800000,,,,45,,1,2,01,.,73,474.79176262
5351469,1,2,1,70,73,1,26,54,1,,2,40,1,,3,2,1,,,,,,,,,,,1,2,,900000,2,,41,95,95,1,2,01,4111,73,474.79176262
5351471,1,3,1,70,52,1,38,24,1,,2,38,1,,3,2,1,,,,,,,,,,,1,2,,600000,2,,56,33,53,1,2,01,5630,52,174.44837472
5351472,1,2,1,70,73,1,78,50,4,,2,78,4,,1,2,1,,,,,,,,,,,1,2,,800000,2,,81,55,55,1,2,01,8121,73,612.03104797
5351473,1,3,1,70,52,1,6,40,1,,2,250,1,,9,2,2,,,,,,,,,,,1,2,,1000000,2,,45,21,84,1,1,01,4511,52,306.33398996
5351482,1,2,1,70,52,1,3,40,1,,2,40,1,,7,2,1,,,,,,,,,,,1,2,,980657,2,,88,59,59,1,1,01,8890,52,198.72750653
5351482,1,5,1,70,52,1,3,40,1,,2,4,1,,6,2,1,,,,,,,,,,,1,1,570000,980657,2,,64,45,97,1,1,01,6492,52,198.72750653
5351484,1,2,1,70,52,1,8,30,1,,2,32,1,,2,2,2,,,,,,,,,,,1,1,40000,300000,2,,90,16,16,1,1,01,9005,52,241.36444136
5351489,1,2,1,70,73,1,26,48,1,,1,,,,,,,,.,,,,,,,,.,,,,880000,,,,44,,1,2,01,.,73,382.53660548
5351500,1,2,1,70,52,1,8,40,1,,2,32,1,,9,2,1,,,,,,,,,,,1,2,,800000,2,,47,97,97,1,1,01,4724,52,282.61177069
5351516,1,1,1,70,52,1,12,40,1,,2,16,1,,9,2,3,,,,1,,,,,,,,2,,3000000,1,2,85,13,13,1,1,01,8544,52,416.81080073
5351526,1,1,1,70,52,1,4,48,2,,2,42,2,,9,2,3,,,,,,,,,,,1,2,,2000000,2,,84,12,39,1,1,01,8415,52,411.58917788
5351538,1,2,1,70,08,1,40,48,1,,2,40,1,,2,2,2,,,,,1,,,,,,,2,,906000,2,,47,45,45,1,2,01,4719,08,602.43180873
5351540,1,1,1,70,08,1,4,48,4,,2,30,4,,1,2,1,,,,,,,,,,,1,2,,877000,2,,49,98,98,1,1,01,4921,08,684.63467981
5351544,1,2,1,70,08,1,4,48,1,,2,4,4,,1,2,1,,,,,,,,1,,,,1,300000,906000,2,,56,45,41,1,1,01,5619,08,631.89444832
5351549,1,3,1,70,54,1,3,48,4,,1,,,,,,,,.,,,,,,,,.,,,,900000,,,,95,,1,1,01,.,54,354.03052957
5351551,2,3,2,70,54,1,3,48,4,,2,3,4,,1,2,1,,,,,,,,,,,1,1,210000,480000,2,,81,41,54,1,1,01,8121,54,190.18467107
5351553,1,1,1,70,54,1,12,48,4,,2,54,4,,9,2,1,,,,,1,,,,,,,2,,2100000,3,,84,39,39,1,1,01,8412,54,291.88400549
5351553,1,2,1,70,54,1,4,48,1,,2,3,4,,1,2,2,,,,,,,,,,,1,1,100000,908000,2,,47,45,41,1,1,01,4791,54,291.88400549
5351553,1,4,1,70,54,1,2,48,1,,2,3,1,,9,2,1,,,1,,,,,,,,,1,1000000,908000,1,1,88,13,13,1,1,01,8890,54,291.88400549
5351553,1,6,1,70,54,1,3,48,4,,2,3,4,,9,2,1,,,1,,,,,,,,,1,1050000,1100000,1,2,86,39,39,1,1,01,8621,54,291.88400549
5351558,1,2,1,70,54,1,4,48,4,,2,5,4,,1,2,8,,,,,,,,,,,1,1,200000,600000,2,,41,95,95,1,1,01,4112,54,613.05663982
5351558,1,3,1,70,54,1,3,48,4,,2,4,4,,1,2,8,,,,,,,,,,,1,1,150000,600000,2,,41,95,95,1,1,01,4112,54,613.05663982
5351559,1,1,1,70,05,1,16,48,1,,2,16,1,,9,2,2,,,,,,,,,,,1,2,,878000,2,,68,55,55,1,2,01,6820,05,1115.771303
5351559,1,3,1,70,05,1,4,48,1,,2,4,1,,2,2,1,,,,,,,,,,,1,1,300000,878000,2,,41,95,95,1,1,01,4111,05,1115.771303
5351559,1,5,1,70,05,1,52,24,1,,2,52,1,,2,2,1,,,,,,,,,,,1,2,,500000,2,,14,55,79,1,2,01,1410,05,1115.771303
5351560,1,1,1,70,05,1,2,48,3,,2,2,3,,1,2,1,,,,,,,,,,,1,1,384000,384000,2,,97,54,54,1,1,01,9700,05,1050.3101297
5351560,1,2,1,70,05,1,52,48,1,,2,78,1,,9,2,2,,,,,,,,,,,1,2,,878000,2,,47,45,97,1,2,01,4771,05,1050.3101297
5351560,2,2,2,70,05,1,4,48,1,,2,4,1,,2,2,1,,,,,,,,,,,1,1,300000,878000,2,,45,84,84,1,1,01,4520,05,1050.3101297
5351567,1,2,1,70,05,1,16,48,1,,2,16,1,,9,2,2,,,,,,,,,,,1,2,,878000,2,,56,53,53,1,2,01,5613,05,1308.7759591
5351568,1,1,1,70,05,1,48,48,3,,2,48,3,,1,2,1,,,,,,,,,,,1,2,,878000,2,,97,55,55,1,2,01,9700,05,1244.9826884
5351572,1,3,1,70,05,1,2,48,1,,2,2,1,,3,2,1,,,,,,,,,,,1,1,750000,878000,2,,41,95,95,1,1,01,4111,05,1325.6449853
5351573,1,2,1,70,05,1,16,48,1,,2,104,4,,1,2,1,,,,,,,,,,,1,2,,878000,2,,47,45,41,1,2,01,4774,05,1308.0078037
5351580,1,2,1,70,05,1,52,48,1,,2,28,1,,9,2,1,,,,,,,,,,,1,2,,1800000,2,,93,18,18,1,2,01,9312,05,1268.8283798
5351583,1,3,1,70,63,1,28,45,1,,2,38,4,,1,2,8,,,,,,,,,,,1,2,,877803,2,,47,58,41,1,2,01,4771,63,107.37853397
5351642,1,1,1,70,17,1,1,48,1,,2,1,1,,5,2,2,,,,,,,,,,,1,2,,877802,2,,56,55,53,1,1,01,5611,17,193.91535167
5351643,1,4,1,70,17,1,6,48,1,,2,6,1,,8,2,1,,,,,,,,,,,1,2,,877802,2,,41,95,95,1,1,01,4111,17,211.47256176
5351645,1,2,1,70,76,1,3,48,1,,2,3,1,,7,2,1,,,,,,,,,,,1,1,500000,908826,2,,56,53,53,1,1,01,5611,76,1335.400363
5351652,1,1,1,70,76,1,2,54,1,,2,2,1,,4,2,8,,,,,,,,,,,1,1,800000,908526,2,,56,45,53,1,1,01,5611,76,1471.9191982
5351656,1,2,1,70,76,1,4,40,4,,2,4,4,,1,2,1,,,,,,,,,,,1,1,500000,900000,2,,96,19,19,1,1,01,9609,76,937.20761005
5351658,1,2,1,70,76,1,16,48,1,,2,2,1,,9,2,1,,,,,,,,,,,1,1,877807,908526,2,,14,45,45,1,2,01,1410,76,1225.8673176
5351664,1,5,1,70,76,1,6,48,1,,2,156,1,,8,2,4,,,,,,,,,,,1,2,,908800,2,,82,39,38,1,1,01,8291,76,918.92047543
5351666,1,1,1,70,76,1,3,50,1,,2,3,1,,3,2,3,,,,,,,,,,,1,1,1200000,1000000,2,,41,95,95,1,1,01,4111,76,1008.9944742
5351666,1,2,1,70,76,1,12,40,1,,2,20,3,,1,2,1,,,,,,,,,,,1,2,,908000,2,,97,55,54,1,1,01,9700,76,1008.9944742
5351666,2,1,2,70,76,1,52,48,1,,2,54,1,,2,2,2,,,,,,,,,,,1,2,,980000,2,,47,55,45,1,2,01,4741,76,1008.9944742
5351666,2,2,2,70,76,1,50,60,1,,2,58,1,,9,2,4,,,,,,,,,,,1,2,,1300000,2,,17,97,97,1,2,01,1709,76,1008.9944742
5351667,1,1,1,70,76,1,7,48,3,,2,7,1,,2,2,1,,,,,,,,,,,1,1,80000,960000,2,,56,55,53,1,1,01,5619,76,1078.1260727
5351677,1,2,1,70,76,1,1,15,4,,2,42,3,,1,2,2,,,,,,,,,,,1,2,,360000,2,,97,55,54,1,1,01,9700,76,1289.8577505
5351690,1,2,1,70,20,1,4,48,3,,2,2,4,,1,2,1,,,,,,,,,,,1,1,200000,500000,2,,81,54,54,1,1,01,8121,20,102.93046902
5351695,1,4,1,70,20,1,20,48,1,,2,24,2,,9,2,1,,,,,,,,,,,1,2,,1014000,2,,84,58,58,1,2,01,8423,20,228.19657057
5351695,1,5,1,70,20,1,32,48,1,,1,,,,,,,,.,,,,,,,,.,,,,908500,,,,97,,1,2,01,.,20,228.19657057
5351698,1,2,1,70,76,1,40,48,1,,2,12,1,,2,2,1,,,,,,,,,,,1,2,,908526,2,,13,79,79,1,2,01,1313,76,919.74557592
5351704,1,1,1,70,20,1,8,48,1,,2,12,1,,9,2,1,,,1,,,,,,,,,2,,908500,1,2,84,13,13,1,1,01,8413,20,252.11010201
5351710,1,1,1,70,76,1,4,40,3,,2,1,1,,2,2,1,,,,,,,,,,,1,1,300000,950000,2,,56,54,53,1,1,01,5619,76,914.75988488
5351712,1,4,1,70,20,1,32,48,1,,2,42,1,,9,2,4,,,,,,,,,,,1,2,,1300000,2,,72,05,05,1,2,01,7210,20,181.19850371
5351726,1,1,1,70,76,1,40,48,1,,2,68,1,,3,2,1,,,,,,,,,,,1,2,,908526,2,,56,55,53,1,2,01,5611,76,1302.2461112
5351726,1,4,1,70,76,1,45,48,1,,2,76,4,,1,2,1,,,,,,,,,,,1,2,,908526,2,,81,45,54,1,2,01,8121,76,1302.2461112
5351732,1,1,1,70,17,1,3,48,1,,2,3,1,,6,2,2,,,1,,,,,,,,,2,,877802,2,,64,33,33,1,1,01,6424,17,238.74576499
5351745,1,2,1,70,76,1,2,48,1,,2,22,1,,3,2,2,,,,,,,,,,,1,2,,900000,2,,47,32,45,1,1,01,4754,76,1449.7169036
5351745,1,3,1,70,76,1,2,60,1,,2,2,1,,2,2,8,,,,,,,,,,,1,1,500000,900000,2,,47,45,45,1,1,01,4772,76,1449.7169036
5351751,1,1,1,70,76,1,3,48,1,,2,40,1,,2,2,1,,,,,,,,,,,1,2,,900000,2,,47,45,45,1,1,01,4772,76,1262.9565048
5351758,1,2,1,70,17,1,52,48,1,,2,52,1,,4,2,9,COTIZA COMO INDEPENDIENTE,,,,,,,,,,1,2,,877802,2,,71,39,39,1,2,01,7110,17,197.56471585
5351763,1,3,1,70,17,1,36,48,1,,2,36,1,,9,2,1,,,1,,,,,,,,,2,,877802,2,,80,58,58,1,2,01,8010,17,201.3415591
5351773,1,2,1,70,20,1,24,48,4,,2,52,4,,4,2,8,,,,,,,,,,,1,2,,900000,2,,41,95,95,1,2,01,4112,20,162.91810433
5351784,1,3,1,70,73,1,4,48,1,,2,4,1,,3,2,2,,,,,,,,,,,1,2,,1000000,2,,58,13,19,1,1,01,5811,73,240.68600343
5351785,1,2,1,70,73,1,36,48,1,,2,36,1,,2,2,1,,,,,,,,,,,1,2,,877803,2,,56,55,53,1,2,01,5611,73,445.7436123
5351787,1,3,1,70,73,1,49,36,1,,2,50,1,,2,2,1,,,,,1,,,,,,,2,,600000,2,,14,79,79,1,2,01,1410,73,276.81474538
5351788,1,3,1,70,73,1,4,48,1,,2,20,1,,3,2,1,,,,,,,,,,,1,2,,877803,2,,56,53,53,1,1,01,5611,73,231.65291494
5351793,1,3,1,70,73,1,40,48,1,,2,40,4,,9,2,1,,,,,,,,,,,1,2,,2500000,2,,84,39,39,1,2,01,8412,73,228.63851307
5351799,1,2,1,70,73,1,48,48,1,,2,48,1,,3,2,2,,,,,,,,,,,1,2,,900000,2,,10,45,45,1,2,01,1081,73,338.59552954
5351800,1,2,1,70,73,1,12,48,1,,2,12,2,,9,2,2,,,,,,,,,,,1,2,,1200000,2,,84,39,39,1,1,01,8412,73,237.39588131
5351804,1,2,1,70,73,1,48,48,1,,2,48,1,,4,2,1,,,,,,,,,,,1,2,,900000,2,,85,55,55,1,2,01,8551,73,416.15554386
5351809,1,5,1,70,73,1,12,48,1,,2,12,1,,6,2,4,,,,,,,,,,,1,2,,900000,2,,41,95,95,1,1,01,4111,73,187.07467051
5351819,1,2,1,70,73,1,40,48,1,,2,40,1,,9,2,2,,,,,,,,,,,1,2,,2000000,2,,41,02,02,1,2,01,4111,73,465.48833628
5351826,1,3,1,70,73,1,30,48,1,,2,40,1,,9,1,1,,,,,,,,,,,1,2,,877803,2,,23,83,83,1,2,01,2394,73,320.27200124
5351826,1,4,1,70,73,1,4,48,1,,2,6,1,,3,2,1,,,,,,,,,,,1,2,,877803,2,,25,58,83,1,1,01,2511,73,320.27200124
5351826,1,5,1,70,73,1,4,48,1,,2,8,1,,2,2,1,,,,,,,,,,,1,2,,877803,2,,86,59,59,1,1,01,8622,73,320.27200124
5351829,1,1,1,70,73,1,40,48,1,,2,40,4,,1,2,4,,,,,,,,,,,1,2,,877803,2,,49,98,98,1,2,01,4921,73,322.71008857
5351839,1,2,1,70,73,1,4,48,1,,2,4,1,,4,2,1,,,,,,,,,,,1,2,,877803,2,,47,45,40,1,1,01,4771,73,385.91709539
5351847,1,2,1,70,70,1,2,48,1,,2,3,1,,4,2,1,,,,,,,,,,,1,1,200000,300000,2,,85,55,55,1,1,01,8530,70,101.70834858
5351855,1,3,1,70,70,1,12,48,1,,2,20,1,,3,2,8,,,,,,,,,,,1,2,,500000,2,,56,53,53,1,1,01,5611,70,159.73122926
5351856,1,3,1,70,70,1,20,45,4,,2,21,4,,1,2,1,,,,,,,,,,,1,2,,600000,2,,43,95,95,1,2,01,4330,70,176.77823979
5351856,1,6,1,70,70,1,4,46,4,,1,,,,,,,,.,,,,,,,,.,,,,1000000,,,,03,,1,1,01,.,70,176.77823979
5351863,1,3,1,70,70,1,2,48,1,,2,2,1,,6,2,1,,,,,,,,,,,1,1,877803,908526,2,,47,39,45,1,1,01,4771,70,125.46487142
5351866,1,2,1,70,70,1,8,45,4,,2,13,4,,2,2,1,,,,,,,,,,,1,2,,1000000,2,,41,95,95,1,1,01,4112,70,137.58140163
5351870,1,3,1,70,70,1,1,20,4,,2,6,4,,1,2,1,,,,,,,,,,,1,2,,210000,2,,85,13,13,1,1,01,8559,70,122.34190331
5351879,1,2,1,70,70,1,9,48,4,,2,18,1,,9,2,1,,,,,,,,,,,1,2,,1000000,2,,86,03,39,1,1,01,8610,70,133.20891459
5351879,1,3,1,70,70,1,30,40,1,,1,,,,,,,,.,,,,,,,,.,,,,1000000,,,,39,,1,2,01,.,70,133.20891459
5351879,1,4,1,70,70,1,25,56,4,,2,29,4,,1,2,1,,,,,,,,,,,1,2,,1000000,2,,47,41,45,1,2,01,4789,70,133.20891459
5351890,1,2,1,70,70,1,3,48,1,,2,18,1,,3,2,3,,,,,,,,,,,1,2,,500000,2,,56,53,53,1,1,01,5611,70,151.48680453
5351894,1,3,1,70,70,1,2,48,1,,1,,,,,,,,.,,,,,,,,.,,,,908526,,,,45,,1,1,01,.,70,139.93776051
5351896,1,1,1,70,70,1,2,48,3,,2,54,1,,1,2,1,,,,,,,,,,,1,2,,600000,2,,47,54,45,1,1,01,4771,70,133.89094734
5351901,1,1,1,70,47,1,40,48,3,,2,40,3,,1,2,1,,,,,,,,,,,1,2,,908526,2,,97,54,54,1,2,01,9700,47,126.69272779
5351901,1,3,1,70,47,1,8,56,1,,1,,,,,,,,.,,,,,,,,.,,,,800000,,,,45,,1,1,01,.,47,126.69272779
5351907,2,1,2,70,47,1,10,56,1,,2,36,1,,2,2,1,,,,,,,,,,,1,2,,1200000,2,,14,45,45,1,1,01,1410,47,221.99871925
5351918,1,9,1,70,47,1,20,48,1,,2,20,1,,9,2,1,,,,,,,,,,,1,2,,900000,2,,47,45,45,1,2,01,4711,47,337.45165288
5351926,1,2,1,70,47,1,104,48,1,,1,,,,,,,,.,,,,,,,,.,,,,1000000,,,,59,,1,2,01,.,47,220.70969686
5351939,1,3,1,70,47,1,8,48,1,,1,,,,,,,,.,,,,,,,,.,,,,2000000,,,,17,,1,1,01,.,47,92.196177217
5351979,1,3,1,70,47,1,32,48,1,,2,28,1,,9,2,1,,,,,,,,,,,1,2,,908526,2,,55,21,21,1,2,01,5511,47,197.4006767
5351992,1,2,1,70,47,1,12,48,1,,2,28,1,,4,2,1,,,,,,,,,,,1,2,,900000,2,,56,45,53,1,1,01,5611,47,225.23098421
5352002,1,1,1,70,47,1,8,48,1,,2,28,3,,1,2,1,,,,,,,,,,,1,2,,900000,2,,97,45,59,1,1,01,9700,47,187.00765007
5352010,1,3,1,70,47,1,8,48,3,,2,48,3,,1,2,1,,,,,,,,,,,1,2,,900000,2,,97,54,54,1,1,01,9700,47,147.78655108
5352018,1,3,1,70,47,1,104,28,1,,2,102,4,,1,2,8,,,,,,,,,,,1,2,,500000,2,,92,53,45,1,2,01,9200,47,160.32897737
5352053,1,1,1,70,18,1,4,35,1,,2,1,1,,4,2,1,,,,,,,,,,,1,1,60000,200000,2,,56,45,53,1,1,01,5611,18,81.560246442
5352085,1,2,1,70,18,1,1,48,1,,2,1,4,,1,2,1,,,,,,,,,,,1,1,450000,600000,2,,01,95,61,1,1,01,0161,18,75.183689808
5352085,1,3,1,70,18,1,4,25,1,,2,8,1,,3,2,1,,,,,,,,,,,1,1,200000,600000,2,,47,45,45,1,1,01,4771,18,75.183689808
5352098,1,3,1,70,18,1,8,48,1,,2,48,2,,9,2,8,,,,,,,,,,,1,2,,1500000,2,,84,05,05,1,1,01,8412,18,108.65952483
5352108,1,3,1,70,18,1,24,48,1,,2,24,1,,2,2,1,,,,,,,,,,,1,2,,980000,2,,56,45,77,1,2,01,5619,18,74.154736438
5352127,1,2,1,70,47,1,4,40,4,,2,100,4,,1,2,2,,,,,,,,,,,1,2,,3000000,2,,73,16,16,1,1,01,7310,47,148.66528764
5352129,1,2,1,70,47,1,4,48,1,,2,50,1,,6,2,1,,,,,,,,,,,1,2,,877803,2,,70,39,39,1,1,01,7020,47,237.6124348
5352130,1,1,1,70,47,1,4,40,4,,2,6,4,,1,2,4,,,,,,,,,,,1,2,,600000,2,,46,53,97,1,1,01,4631,47,132.99129519
5352133,1,3,1,70,47,1,4,48,1,,2,8,4,,1,2,1,,,,,,,,,,,1,2,,877803,2,,47,97,41,1,1,01,4771,47,250.55596007
5352138,1,2,1,70,47,1,4,40,1,,2,8,4,,1,2,1,,,,,,,,,,,1,2,,877803,2,,81,55,55,1,1,01,8121,47,218.61887964
5352139,1,3,1,70,47,1,6,48,1,,1,,,,,,,,.,,,,,,,,.,,,,877803,,,,77,,1,1,01,.,47,258.65982039
5352143,1,2,1,70,47,1,96,48,1,,2,96,1,,7,2,2,,,,,,,,,,,1,2,,1500000,2,,45,19,19,1,2,01,4520,47,198.6713398
5352145,1,2,1,70,47,1,2,48,1,,2,2,1,,9,2,1,,,,,,,,,,,1,1,1000000,908500,2,,41,21,21,1,1,01,4111,47,189.09846728
5352152,1,3,1,70,47,1,3,48,1,,2,3,1,,9,2,1,,,,,,,,,,,1,1,450000,600000,2,,47,13,45,1,1,01,4771,47,230.13989996
5352155,1,2,1,70,47,1,48,48,1,,2,192,1,,8,2,1,,,,,,,,,,,1,2,,908500,2,,47,53,45,1,2,01,4771,47,257.92375324
5352159,2,2,2,70,47,1,20,48,3,,2,48,3,,1,2,1,,,,,,,,,,,1,2,,500000,2,,97,54,54,1,2,01,9700,47,197.62686138
5352159,2,4,2,70,47,1,90,48,3,,2,90,3,,1,2,1,,,,,,,,,,,1,2,,500000,2,,97,54,54,1,2,01,9700,47,197.62686138
5352163,1,1,1,70,47,1,16,48,4,,2,24,4,,1,2,1,,,,,,,,,1,ES PENSIONADO,,2,,99,3,,47,21,41,1,2,01,4719,47,111.46920866
5352163,1,2,1,70,47,1,16,48,4,,2,18,5,,2,2,2,,,,,,,,,,,1,2,,99,2,,55,21,51,1,2,01,5530,47,111.46920866
5352164,1,4,1,70,20,1,12,48,1,,2,12,1,,5,2,8,,,,,,,,,,,1,2,,1600000,2,,10,59,45,1,1,01,1040,20,171.90926604
5352166,1,4,1,70,20,1,40,40,1,,2,40,1,,3,2,8,,,,,,,,,,,1,2,,1000000,2,,47,39,45,1,2,01,4771,20,180.51018127
5352188,1,1,1,70,20,1,40,48,4,,2,40,4,,1,2,8,,,,,,,,,,,1,2,,900000,2,,43,93,93,1,2,01,4330,20,207.72961865
5352197,1,2,1,70,47,1,35,48,1,,2,40,1,,3,2,1,,,,,,,,,,,1,2,,900000,2,,56,53,53,1,2,01,5611,47,193.82255754
5352207,1,3,1,70,47,1,12,48,1,,2,12,1,,5,2,1,,,,,,,,,,,1,2,,1000000,2,,11,45,45,1,1,01,1103,47,172.77517195
5352215,1,1,1,70,47,1,24,48,4,,2,30,4,,1,2,1,,,,,,,,,,,1,2,,1200000,2,,41,95,95,1,2,01,4112,47,92.196177217
5352215,1,3,1,70,47,1,30,48,1,,2,52,4,,1,2,1,,,,,,,,,,,1,2,,877803,2,,82,45,33,1,2,01,8299,47,92.196177217
5352238,1,2,1,70,13,1,20,48,1,,2,30,1,,6,2,4,,,,,,,,,,,1,2,,900000,2,,55,53,53,1,2,01,5511,13,395.85097883
5352239,1,3,1,70,13,1,16,48,2,,1,,,,,,,,.,,,,,,,,.,,,,877803,,,,58,,1,2,01,.,13,443.52427293
5352268,1,1,1,70,13,1,32,48,1,,2,40,1,,5,2,1,,,,,,,,,,,1,2,,908526,2,,85,97,97,1,2,01,8530,13,832.62275145
5352269,1,1,1,70,18,1,4,48,1,,2,8,1,,3,2,1,,,,,,,,,,,1,2,,900000,2,,41,95,95,1,1,01,4111,18,115.03608146
5352277,1,2,1,70,13,1,52,48,1,,1,,,,,,,,.,,,,,,,,.,,,,908526,,,,97,,1,2,01,.,13,404.25769552
5352281,1,4,1,70,13,1,36,48,1,,2,36,1,,9,2,1,,,,,,,,,,,1,2,,908526,2,,86,55,55,1,2,01,8621,13,274.89912784
5352285,1,3,1,70,13,1,6,48,1,,1,,,,,,,,.,,,,,,,,.,,,,900000,,,,53,,1,1,01,.,13,404.40920968
5352292,1,2,1,70,20,1,16,48,1,,1,,,,,,,,.,,,,,,,,.,,,,920000,,,,59,,1,2,01,.,20,172.41844291
5352307,1,2,1,70,20,1,10,40,3,,2,30,3,,1,2,7,,,,,,,,,,,1,2,,700000,2,,97,54,54,1,1,01,9700,20,192.91246176
5352334,1,1,1,70,20,1,48,48,4,,2,48,4,,2,2,1,,,,,,,,,,,1,2,,200000,2,,69,12,12,1,2,01,6910,20,203.20674751
5352336,1,2,1,70,13,1,72,48,5,,2,96,4,,9,2,2,,,,,,,,,,,1,2,,2000000,2,,94,21,21,1,2,01,9499,13,400.90678857
5352352,1,4,1,70,76,1,2,40,2,,2,4,4,,1,2,8,,,,,,,,,,,1,1,900000,1500000,2,,56,39,53,1,1,01,5621,76,631.06806649
5352352,1,6,1,70,76,1,30,48,1,,2,260,8,,3,2,4,,,,,,,,,,,1,2,,908526,2,,01,62,62,1,2,01,0124,76,631.06806649
5352353,1,1,1,70,76,1,3,48,1,,2,10,1,,2,2,4,,,,,,,,,,,1,2,,908526,2,,47,57,45,1,1,01,4771,76,1076.5485582
5352356,1,2,1,70,76,1,2,48,2,,2,2,1,,4,2,3,,,,,,,,,,,1,1,1150000,1500000,2,,86,32,32,1,1,01,8621,76,1312.6290567
5352357,1,1,1,70,13,1,24,48,1,,2,72,4,,1,2,2,,,,,,,,,,,1,2,,877803,2,,49,39,98,1,2,01,4921,13,373.47525454
5352360,1,1,1,70,76,1,2,36,3,,2,2,4,,1,2,2,,,,,,,,,,,1,1,600000,900000,2,,47,59,45,1,1,01,4791,76,1257.9708138
5352363,1,3,1,70,13,1,10,48,1,,2,150,1,,5,2,1,,,,,,,,,,,1,2,,877803,2,,56,53,53,1,1,01,5619,13,487.04613182
5352364,1,2,1,70,13,1,24,40,1,,2,50,1,,4,2,2,,,,,,,,,,,1,2,,1000000,2,,85,13,13,1,2,01,8513,13,441.97436192
5352372,1,2,1,70,13,1,24,40,1,,2,36,1,,7,2,2,,,,,,,,,,,1,2,,1200000,2,,55,39,39,1,2,01,5511,13,434.59833284
5352390,1,1,1,70,13,1,30,48,1,,2,30,1,,9,2,1,,,,,,,,,,,1,2,,950000,2,,47,33,33,1,2,01,4711,13,372.85132525
5352390,1,2,1,70,13,1,25,48,1,,2,25,1,,9,2,1,,,,,,,,,,,1,2,,950000,2,,47,45,45,1,2,01,4711,13,372.85132525
5352392,1,2,1,70,13,1,12,48,1,,2,12,1,,9,2,1,,,,,,,,,,,1,2,,1000000,2,,22,97,97,1,1,01,2229,13,400.90678857
5352401,1,4,1,70,,1,6,48,1,,2,7,4,,4,2,1,,,,,,,,,,,1,1,1200000,1000000,1,2,88,39,39,1,1,01,8890,44,1085.2308626
5352403,1,3,1,70,,1,2,40,1,,2,2,1,,6,2,2,,,,,,,,,,,1,1,980000,2000000,2,,42,02,19,1,1,01,4210,44,580.24308235
5352404,1,5,1,70,,1,2,40,1,,2,2,4,,1,2,1,,,,,,,,,,,1,1,320000,1200000,2,,53,59,97,1,1,01,5320,44,609.85557977
5352405,1,3,1,70,,1,2,40,2,,2,2,4,,9,2,1,,,1,,,,,,,,,1,2500000,2500000,1,1,84,12,12,1,1,01,8412,44,779.51376685
5352406,1,1,1,70,,1,6,40,1,,2,6,1,,6,2,2,,,,,,,,,,,1,2,,1500000,2,,85,13,13,1,1,01,8530,44,1454.4450948
5352408,1,2,1,70,,1,54,40,2,,2,54,4,,9,2,2,,,,,,,,,,,1,2,,2500000,2,,88,05,13,1,2,01,8890,44,1029.3523461
5352429,1,3,1,70,20,1,48,48,1,,1,,,,,,,,.,,,,,,,,.,,,,1000000,,,,95,,1,2,01,.,20,221.32179741
5352430,1,2,1,70,20,1,96,48,1,,2,144,1,,7,2,1,,,,,,,,,,,1,2,,1000000,2,,47,44,33,1,2,01,4754,20,207.72961865
5352431,1,1,1,70,20,1,4,48,1,,2,4,1,,9,2,4,,,,,,,,,,,1,2,,900000,2,,88,13,13,1,1,01,8890,20,123.9065978
5352431,1,2,1,70,20,1,56,48,1,,2,2,1,,3,2,4,,,,,,,,,,,1,2,,900000,2,,47,58,44,1,2,01,4741,20,123.9065978
5352431,1,3,1,70,20,1,4,48,1,,2,4,1,,9,2,4,,,,,,,,,,,1,2,,1000000,2,,82,95,38,1,1,01,8220,20,123.9065978
5352435,1,4,1,70,20,1,12,48,1,,1,,,,,,,,.,,,,,,,,.,,,,900000,,,,39,,1,1,01,.,20,184.17896861
5352440,1,3,1,70,20,1,4,48,1,,2,4,1,,9,2,1,,,,,,,,,,,1,2,,800000,2,,84,55,55,1,1,01,8412,20,233.09831795
5352446,1,2,1,70,,1,2,48,1,,2,36,1,,5,2,1,,,,,,,,,,,1,2,,600000,2,,56,53,53,1,1,01,5611,68,796.87162537
5352449,1,1,1,70,,1,2,54,1,,2,3,8,,4,2,1,,,,,,,,,,,1,1,900000,877803,2,,01,95,62,1,1,01,0123,68,786.8434776
5352469,1,3,1,70,,1,5,48,1,,2,16,1,,5,2,8,,,,,,,,,,,1,2,,980000,2,,24,97,97,1,1,01,2410,68,935.72833081
5352473,1,2,1,70,,1,8,48,1,,2,16,4,,1,2,1,,,,,,,,,,,1,2,,980000,2,,53,32,97,1,1,01,5320,68,552.58455222
5352475,1,5,1,70,41,1,10,45,1,,2,15,1,,3,2,1,,,,,,,,,,,1,2,,1000000,2,,47,45,45,1,1,01,4721,41,221.46947174
5352476,1,1,1,70,41,1,5,45,4,,2,6,4,,1,2,1,,,,,,,,,,,1,2,,1000000,2,,01,62,62,1,1,01,0161,41,200.41870034
5352491,1,1,1,70,41,1,12,50,1,,2,52,4,,1,2,1,,,,,,,,,,,1,2,,1200000,2,,95,02,02,1,1,01,9522,41,187.28402647
5352491,1,2,1,70,41,1,24,60,1,,2,65,1,,4,2,1,,,,,,,,,,,1,2,,1200000,2,,56,05,53,1,2,01,5611,41,187.28402647
5352493,1,3,1,70,41,1,50,48,1,,2,50,1,,4,2,2,,,,,,,,,,,1,2,,1000000,2,,85,13,13,1,2,01,8513,41,140.28953036
5352516,1,1,1,70,,1,28,40,2,,2,28,1,,9,2,1,,,1,,,,,,,,,2,,3000000,1,1,86,11,21,1,2,01,8610,44,693.47494111
5352519,1,3,1,70,,1,52,48,1,,2,54,1,,6,2,1,,,1,,,,,,,,,2,,1700000,2,,86,05,05,1,2,01,8621,44,484.93392906
5352548,1,3,1,70,05,1,24,50,4,,2,104,1,,3,2,2,,,,,,,,,,,1,2,,908500,2,,13,17,03,1,2,01,1313,05,1149.2421978
5352563,1,1,1,70,05,1,32,48,1,,2,32,1,,4,2,4,,,,,,,,,,,1,2,,877803,2,,56,53,97,1,2,01,5619,05,1549.7544864
5352568,1,5,1,70,05,1,3,60,1,,2,3,1,,9,2,9,COTIZANTE POR COBERTURA,,,,,,,,,,1,1,450000,700000,2,,15,97,97,1,1,01,1512,05,1642.5589382
5352577,1,1,1,70,05,1,27,48,1,,2,39,1,,1,2,1,,,,,,,,,,,1,2,,877803,2,,97,54,54,1,2,01,9700,05,1025.696283
5352586,1,2,1,70,05,1,23,48,1,,2,23,1,,8,2,2,,,,,,,,,,,1,2,,877803,2,,78,33,33,1,2,01,7810,05,1040.9869569
5352599,1,4,1,70,41,1,50,40,1,,2,50,1,,4,2,1,,,,,,,,,,,1,2,,1500000,2,,68,21,21,1,2,01,6820,41,163.35254522
5352600,1,2,1,70,41,1,50,40,4,,2,50,4,,1,2,1,,,,,,,,,,,1,2,,900000,2,,81,55,55,1,2,01,8121,41,234.12247698
5352602,1,2,1,70,17,1,2,48,1,,2,2,1,,1,2,1,,,,,,,,,,,1,2,,877802,2,,81,55,55,1,1,01,8121,17,174.99439982
5352615,1,3,1,70,15,1,16,40,1,,2,16,1,,8,2,7,,,,,,,,,,,1,2,,877803,2,,93,39,39,1,2,01,9312,15,112.78215087
5352616,1,2,1,70,15,1,4,40,1,,2,4,1,,8,2,7,,,,,,,,,,,1,1,1500000,1500000,2,,64,21,33,1,1,01,6412,15,118.07935602
5352619,1,1,1,70,68,1,104,48,1,,2,40,4,,4,2,3,,,,,,,,,,,1,2,,2000000,2,,41,02,02,1,2,01,4111,68,530.44823908
5352621,1,2,1,70,68,1,20,48,1,,2,18,1,,2,2,1,,,,,,,,,,,1,2,,1200000,2,,47,55,40,1,2,01,4771,68,680.05272557
5352633,1,3,1,70,15,1,20,48,1,,2,20,1,,4,2,1,,,,,,,,,,,1,2,,877803,2,,47,45,45,1,2,01,4761,15,110.12399141
5352637,1,1,1,70,63,1,32,48,4,,2,24,4,,1,2,3,,,,,,,,,,,1,2,,900000,2,,47,98,45,1,2,01,4762,63,144.8193783
5352637,1,2,1,70,63,1,10,48,4,,2,30,4,,1,2,2,,,,,,,,,,,1,2,,1000000,2,,47,41,45,1,1,01,4762,63,144.8193783
5352649,1,1,1,70,50,1,51,48,1,,2,78,1,,4,2,1,,,,,,,,,,,1,2,,900000,2,,45,45,45,1,2,01,4541,50,283.82059581
5352650,1,1,1,70,50,1,40,48,4,,2,40,1,,3,2,4,,,,,,,,,,,1,2,,800000,2,,56,55,53,1,2,01,5611,50,208.0722409
5352652,1,5,1,70,50,1,20,48,1,,2,52,1,,3,2,2,,,,,,,,,,,1,2,,900000,2,,10,39,53,1,2,01,1081,50,276.10612257
5352657,1,3,1,70,41,1,40,48,1,,1,,,,,,,,.,,,,,,,,.,,,,908000,,,,45,,1,2,01,.,41,193.18635736
5352669,1,2,1,70,19,1,9,48,4,,2,40,4,,4,2,1,,,,,,,,,,,1,2,,700000,2,,56,53,53,1,1,01,5619,19,129.14451557
5352669,1,3,1,70,19,1,5,40,4,,2,40,4,,2,2,1,,,,,,,,,,,1,2,,98,2,,47,41,41,1,1,01,4711,19,129.14451557
5352670,1,3,1,70,19,1,6,48,4,,2,40,4,,4,2,2,,,,,,,,,,,1,2,,98,2,,73,16,16,1,1,01,7310,19,144.87570178
5352671,1,1,1,70,19,1,8,48,4,,2,10,4,,3,2,1,,,,,,,,,,,1,2,,98,2,,47,54,41,1,1,01,4771,19,92.256550816
5352675,1,1,1,70,17,1,4,48,1,,2,6,1,,9,2,8,,,,,,,,,,,1,1,877802,877802,2,,92,33,45,1,1,01,9200,17,231.6798073
5352676,1,2,1,70,27,1,4,40,4,,2,4,4,,9,2,2,,,,,,,,,,,1,2,,2000000,2,,84,39,39,1,1,01,8412,27,34.603350063
5352676,1,3,1,70,27,1,27,48,1,,1,,,,,,,,.,,,,,,,,.,,,,2000000,,,,03,,1,2,01,.,27,34.603350063
5352677,1,1,1,70,27,1,40,40,4,,2,40,4,,9,2,1,,,,,,,,,,,1,2,,1114000,2,,85,77,77,1,2,01,8530,27,34.603350063
5352681,1,1,1,70,27,1,3,40,1,,2,3,4,,9,2,9,ESTA PAGANDO SU SALUD,,1,,,,,,,,,2,,1800000,1,2,85,39,39,1,1,01,8544,27,34.603350063
5352709,1,1,1,70,,1,2,48,1,,2,6,1,,5,2,3,,,,,,,,,,,1,2,,1500000,2,,85,13,13,1,1,01,8530,68,1018.5795456
5352717,1,2,1,70,63,1,52,48,1,,2,52,1,,9,2,2,,,,,,,,,,,1,2,,1040000,2,,64,33,39,1,2,01,6412,63,144.8193783
5352718,1,3,1,70,41,1,12,48,1,,2,16,1,,4,2,7,,,,,,,,,,,1,2,,877000,2,,68,58,58,1,1,01,6820,41,151.18391237
5352722,1,1,1,70,41,1,48,48,1,,2,48,4,,1,2,1,,,,,,,,,,,1,2,,877000,2,,49,55,98,1,2,01,4921,41,136.70058629
5352723,1,2,1,70,41,1,8,48,1,,2,8,1,,7,2,1,,,,,,,,,,,1,2,,877000,2,,42,95,95,1,1,01,4210,41,187.28402647
5352725,1,1,1,70,63,1,4,48,4,,2,4,4,,9,2,1,,,,1,,,,,,,,1,2700000,2700000,1,2,84,05,05,1,1,01,8413,63,74.445258756
5352725,1,3,1,70,63,1,4,48,4,,2,4,4,,9,2,1,,,,1,,,,,,,,1,3100000,3100000,1,2,85,13,13,1,1,01,8551,63,74.445258756
5352739,1,1,1,70,27,1,52,48,1,,2,52,1,,3,2,1,,,,,,,,,,,1,2,,800000,2,,85,55,55,1,2,01,8559,27,34.603350063
5352739,1,2,1,70,27,1,8,48,3,,2,8,4,,1,2,1,,,,,,,,,,,1,2,,400000,2,,81,55,55,1,1,01,8121,27,34.603350063
5352739,1,4,1,70,27,1,52,48,1,,2,52,1,,9,2,1,,,,,,,,,,,1,2,,900000,2,,53,39,37,1,2,01,5320,27,34.603350063
5352770,1,3,1,70,27,1,16,40,1,,1,,,,,,,,.,,,,,,,,.,,,,1800000,,,,19,,1,2,01,.,27,34.603350063
5352792,1,3,1,70,17,1,52,40,1,,2,52,4,,9,2,4,,,,,,,,,,,1,2,,2500000,2,,84,01,01,1,2,01,8412,17,193.87702367
5352794,1,4,1,70,52,1,10,40,1,,2,24,1,,3,2,1,,,,,,,,,,,1,2,,910000,2,,64,45,44,1,1,01,6412,52,118.85895124
5352795,1,3,1,70,52,1,8,40,1,,2,8,1,,2,2,4,,,,,,,,,,,1,1,175000,900000,2,,73,16,16,1,1,01,7310,52,151.81799223
5352815,1,2,1,70,73,1,16,48,1,,2,80,1,,6,2,4,,,,,,,,,,,1,2,,877803,2,,41,32,32,1,2,01,4111,73,211.2452621
5352815,1,3,1,70,73,1,40,48,1,,2,98,4,,9,2,1,,,,,,,,,,,1,2,,877803,2,,84,45,39,1,2,01,8413,73,211.2452621
5352816,1,3,1,70,73,1,40,48,1,,2,49,1,,5,2,4,,,,,,,,,,,1,2,,877803,2,,56,33,53,1,2,01,5611,73,228.63851307
5352822,1,1,1,70,50,1,18,48,1,,2,18,1,,5,2,1,,,,,,,,,,,1,2,,900000,2,,56,45,53,1,2,01,5611,50,318.60057006
5352824,1,1,1,70,50,1,30,48,3,,2,30,1,,6,2,1,,,,,,,,,,,1,2,,900000,2,,55,54,55,1,2,01,5511,50,339.56482082
5352826,1,2,1,70,50,1,28,48,1,,2,30,1,,4,2,2,,,,,,,,,,,1,2,,970000,2,,56,53,53,1,2,01,5611,50,248.25892465
5352833,1,2,1,70,17,1,48,48,1,,2,48,1,,9,2,1,,,,,,,,,,,1,2,,877802,2,,70,32,32,1,2,01,7010,17,197.46686355
5352837,1,2,1,70,50,1,2,48,1,,2,2,1,,3,2,1,,,,,,,,,,,1,1,700000,900000,2,,56,53,53,1,1,01,5611,50,361.65112618
5352837,1,3,1,70,50,1,12,48,1,,2,12,1,,2,2,1,,,,,,,,,,,1,2,,900000,2,,10,53,53,1,1,01,1081,50,361.65112618
5352843,1,2,1,70,05,1,4,48,4,,2,5,4,,9,2,1,,,1,,,,,,,,,1,1473000,1400000,1,1,93,18,18,1,1,01,9312,05,1536.9194126
5352846,1,2,1,70,05,1,2,48,1,,2,4,4,,1,2,1,,,,,,,,,,,1,1,800000,908500,2,,01,95,61,1,1,01,0123,05,1368.5286033
5352849,1,1,1,70,50,1,8,48,1,,2,8,1,,6,2,4,,,,,,,,,,,1,2,,900000,2,,85,13,13,1,1,01,8530,50,304.98527716
5352852,1,1,1,70,50,1,30,48,1,,2,120,1,,3,2,1,,,,,,,,,,,1,2,,900000,2,,56,53,53,1,2,01,5611,50,208.0722409
5352853,1,1,1,70,50,1,24,48,1,,2,20,1,,6,2,1,,,,,,,,,,,1,2,,900000,2,,49,97,97,1,2,01,4923,50,394.74959716
5352854,1,1,1,70,50,1,8,48,1,,2,24,1,,2,2,2,,,,,,,,,,,1,2,,900000,2,,41,93,93,1,1,01,4111,50,285.53022288
5352854,1,3,1,70,50,1,6,48,1,,2,8,1,,9,2,1,,,,,,,,,,,1,2,,900000,2,,47,11,11,1,1,01,4723,50,285.53022288
5352861,1,2,1,70,73,1,26,48,1,,2,40,1,,6,2,4,,,,,,,,,,,1,2,,1600000,2,,56,21,21,1,2,01,5611,73,217.22819119
5352862,1,2,1,70,73,1,52,48,1,,2,52,1,,4,2,1,,,,,,,,,,,1,2,,900000,2,,47,32,32,1,2,01,4752,73,211.48522482
5352863,1,1,1,70,73,1,26,50,1,,2,40,1,,2,2,1,,,,,,,,,,,1,2,,1000000,2,,49,83,98,1,2,01,4921,73,259.02428865
5352863,1,2,1,70,73,1,40,48,1,,2,40,1,,3,2,1,,,,,,,,,,,1,2,,1000000,2,,14,79,79,1,2,01,1410,73,259.02428865
5352872,1,2,1,70,54,1,44,48,1,,2,44,4,,1,2,1,,,,,,,,,,,1,2,,800000,2,,56,53,53,1,2,01,5611,54,573.04017538
5352872,1,4,1,70,54,1,3,48,1,,2,3,4,,1,2,1,,,,,,,,,,,1,1,200000,800000,2,,56,58,39,1,1,01,5611,54,573.04017538
5352874,1,2,1,70,54,1,24,48,1,,2,7,4,,1,2,2,,,,,,,,,,,1,2,,935000,2,,86,19,19,1,2,01,8692,54,541.64995936
5352878,1,1,1,70,17,1,40,48,1,,2,40,4,,1,2,1,,,,,,,,,,,1,2,,908000,2,,56,53,53,1,2,01,5611,17,349.26298438
5352878,1,2,1,70,17,1,12,48,1,,2,12,1,,4,2,1,,,,,,,,,,,1,2,,908000,2,,46,38,45,1,1,01,4649,17,349.26298438
5352878,1,5,1,70,17,1,3,48,1,,2,3,1,,7,2,1,,,,,,,,,,,1,1,1200000,908000,2,,42,95,95,1,1,01,4210,17,349.26298438
5352880,1,1,1,70,17,1,4,48,1,,2,4,1,,9,2,5,,,,,,,,,,,1,1,877802,908000,2,,94,13,13,1,1,01,9499,17,128.98668611
5352887,1,4,1,70,17,1,96,48,1,,2,96,1,,9,2,1,,,,,,,,,,,1,2,,908000,2,,64,32,39,1,2,01,6412,17,293.69666707
5352889,1,1,1,70,17,1,4,48,1,,2,4,1,,6,2,1,,,,,,,,,,,1,1,400000,900000,2,,41,95,95,1,1,01,4111,17,265.62699533
5352989,1,1,1,70,66,1,2,48,1,,2,172,1,,9,2,1,,,,,,,,,,,1,2,,877803,2,,82,59,38,1,1,01,8220,66,416.634466
5353089,1,4,1,70,08,1,16,48,1,,2,16,1,,3,2,1,,,,,,,,,,,1,1,150000,1000000,2,,10,45,45,1,2,01,1081,08,595.6626716
5353098,1,2,1,70,11,1,48,48,1,,2,16,1,,8,2,1,,,,,,,,,,,1,2,,1000000,2,,82,03,38,1,2,01,8220,11,3617.5727188
5353101,1,3,1,70,11,1,40,20,1,,2,40,1,,3,2,4,,,,,,,,,,,1,2,,98,2,,93,45,58,1,2,01,9311,11,3072.6298686
5353107,1,3,1,70,11,1,44,48,1,,2,44,1,,6,2,1,,,,,,,,,,,1,2,,908526,2,,56,33,33,1,2,01,5619,11,3439.1847514
5353108,1,2,1,70,11,1,3,48,2,,2,12,1,,5,2,1,,,,,,,,,,,1,2,,1000000,2,,14,39,79,1,1,01,1410,11,4547.2098681
5353111,1,2,1,70,11,1,40,40,1,,2,40,1,,9,2,1,,,,,,,,,,,1,2,,98,2,,85,13,13,1,2,01,8530,11,3047.0934268
5353114,1,1,1,70,11,1,44,48,1,,2,44,4,,1,2,2,,,,,,,,,,,1,2,,1000000,2,,47,97,45,1,2,01,4724,11,3156.5240478
5353118,1,2,1,70,11,1,36,60,1,,2,9,1,,4,2,1,,,,,,,,,,,1,2,,908526,2,,15,79,79,1,2,01,1512,11,2651.2707214
5353118,1,3,1,70,11,1,240,48,1,,2,48,1,,9,2,1,,,,,,,,,,,1,2,,908526,2,,47,45,45,1,2,01,4772,11,2651.2707214
5353120,1,1,1,70,11,1,36,48,1,,2,36,1,,9,2,4,,,,,,,,,,,1,2,,908526,2,,41,95,97,1,2,01,4111,11,3778.6050207
5353120,1,4,1,70,11,1,96,48,1,,2,96,1,,9,2,4,,,,,,,,,,,1,2,,908526,2,,63,16,16,1,2,01,6391,11,3778.6050207
5353122,1,2,1,70,11,1,4,48,1,,2,5,1,,9,2,8,,,,,,,,,,,1,2,,1000000,2,,85,32,32,1,1,01,8530,11,2665.6656218
5353124,1,1,1,70,11,1,32,48,1,,2,32,1,,4,2,4,,,,,,,,,,,1,2,,877000,2,,10,97,97,1,2,01,1030,11,4683.8036104
5353125,1,1,1,70,11,1,44,48,1,,2,44,1,,9,2,7,,,,,,,,,,,1,2,,908526,2,,47,39,39,1,2,01,4773,11,3072.6298686
5353125,1,2,1,70,11,1,48,48,1,,2,48,1,,8,2,7,,,,,,,,,,,1,2,,1200000,2,,49,98,98,1,2,01,4921,11,3072.6298686
5353125,1,4,1,70,11,1,1,48,1,,2,1,1,,9,2,1,,,1,,,,,,,,,1,877803,800000,1,1,47,39,39,1,1,01,4729,11,3072.6298686
5353126,1,1,1,70,11,1,8,48,3,,2,8,4,,1,2,1,,,,,,,,,,,1,2,,1200000,2,,81,54,55,1,1,01,8121,11,1841.7846501
5353126,1,2,1,70,11,1,41,48,1,,2,41,4,,1,2,6,,,,,,,,,,,1,2,,1800000,2,,49,98,98,1,2,01,4921,11,1841.7846501
5353127,1,1,1,70,11,1,24,48,1,,2,36,1,,6,2,1,,,,,,,,,,,1,2,,908526,2,,85,39,11,1,2,01,8544,11,3426.7571506
5353130,1,2,1,70,11,1,8,48,1,,2,8,1,,9,2,2,,,,,,,,,,,1,2,,877856,2,,82,39,39,1,1,01,8291,11,3917.6155766
5353132,1,1,1,70,11,1,40,48,1,,2,40,1,,9,2,1,,,1,,,,,,,,,2,,3000000,1,2,42,02,02,1,2,01,4290,11,2923.2679054
5353136,1,2,1,70,11,1,25,48,3,,2,25,3,,1,2,4,,,,,,,,,,,1,2,,908526,2,,97,54,54,1,2,01,9700,11,1523.5467134
5353140,1,1,1,70,11,1,24,48,1,,2,24,1,,9,2,1,,,,,,,,,,,1,2,,877803,2,,82,38,38,1,2,01,8220,11,3426.7571506
5353146,1,3,1,70,11,1,2,48,1,,2,4,1,,3,2,1,,,,,,,,,,,1,1,840000,908000,2,,56,95,53,1,1,01,5611,11,2419.2048795
5353146,1,4,1,70,11,1,8,48,1,,2,4,1,,4,2,2,,,,,,,,,,,1,2,,908000,2,,41,95,95,1,1,01,4111,11,2419.2048795
5353146,1,5,1,70,11,1,4,48,1,,2,4,1,,3,2,2,,,,,,,,,,,1,1,877000,908000,2,,41,95,95,1,1,01,4111,11,2419.2048795
5353161,1,1,1,70,11,1,40,48,1,,2,40,4,,2,2,1,,,,,,,,,,,1,2,,908000,2,,56,53,45,1,2,01,5619,11,3439.1847514
5353161,1,2,1,70,11,1,40,48,1,,2,40,4,,2,2,1,,,,,,,,,,,1,2,,908000,2,,56,53,45,1,2,01,5619,11,3439.1847514
5353171,1,2,1,70,11,1,8,48,4,,2,24,4,,1,2,7,,,,,,,,,,,1,2,,4000000,2,,81,11,21,1,1,01,8110,11,3002.0327076
5353172,1,3,1,70,11,1,28,48,1,,2,5,1,,2,2,1,,,,,,,,,,,1,2,,1000000,2,,85,18,18,1,2,01,8553,11,3514.6830595
5353179,1,3,1,70,11,1,4,48,1,,1,,,,,,,,.,,,,,,,,.,,,,3000000,,,,19,,1,1,01,.,11,3191.0841946
5353180,1,2,1,70,11,1,41,48,4,,2,41,1,,2,2,2,,,,,,,,,,,1,2,,1000000,2,,45,79,79,1,2,01,4520,11,3683.5693001
5353184,1,1,1,70,11,1,32,48,1,,2,20,1,,4,2,1,,,,,,,,,,,1,2,,908526,2,,41,95,95,1,2,01,4111,11,6404.4079733
5353184,1,2,1,70,11,1,24,48,1,,2,24,1,,2,2,1,,,,,,,,,,,1,2,,908526,2,,56,53,53,1,2,01,5630,11,6404.4079733
5353184,1,3,1,70,11,1,4,48,1,,2,4,4,,2,2,1,,,,,,,,,,,1,2,,908526,2,,41,95,95,1,1,01,4111,11,6404.4079733
5353189,1,1,1,70,11,1,54,48,1,,2,3,1,,2,2,1,,,,,,,,,,,1,1,580000,900000,2,,47,53,45,1,2,01,4719,11,3047.0934268
5353190,1,1,1,70,11,1,24,48,1,,2,41,4,,1,2,1,,,,,,,,,,,1,2,,908526,2,,47,87,45,1,2,01,4789,11,4971.1441771
5353190,1,2,1,70,11,1,16,48,1,,2,24,1,,4,2,1,,,,,,,,,,,1,2,,908526,2,,56,45,53,1,2,01,5611,11,4971.1441771
5353200,1,3,1,70,11,1,20,48,1,,2,12,1,,4,2,1,,,,,,,,,,,1,2,,877703,2,,47,45,45,1,2,01,4772,11,3032.6985264
5353204,1,2,1,70,11,1,8,50,1,,2,28,5,,2,2,2,,,,,,,,,,,1,2,,908000,2,,56,50,50,1,1,01,5630,11,3156.5240478
5353205,1,1,1,70,11,1,32,48,1,,2,32,1,,8,2,8,,,,,,,,,,,1,2,,877803,2,,41,95,95,1,2,01,4112,11,3728.6300194
5353206,1,2,1,70,11,1,28,48,1,,2,28,1,,4,2,1,,,,,,,,,,,1,2,,908526,2,,52,03,03,1,2,01,5229,11,2809.5904598
5353206,1,3,1,70,11,1,20,48,3,,2,20,3,,1,2,1,,,,,,,,,,,1,2,,908526,2,,97,59,59,1,2,01,9700,11,2809.5904598
5353212,1,1,1,70,11,1,30,48,1,,2,30,1,,9,2,8,,,,,1,,,,,,,2,,1000000,2,,61,85,85,1,2,01,6120,11,3947.4912613
5353214,1,1,1,70,11,1,4,40,1,,2,4,1,,9,2,3,,,,,,,,,,,1,1,900000,900000,2,,31,32,32,1,1,01,3120,11,4561.6047686
5353215,1,1,1,70,11,1,8,48,4,,2,20,4,,2,2,1,,,,,,,,,,,1,2,,1000000,2,,47,45,45,1,1,01,4719,11,2541.8401004
5353218,1,2,1,70,11,1,2,50,1,,2,12,4,,3,2,4,,,,,,,,,,,1,2,,877000,2,,85,13,13,1,1,01,8511,11,3002.0327076
5353219,1,2,1,70,11,1,40,48,1,,2,40,5,,4,2,2,,,,,,,,,,,1,2,,98,2,,82,38,21,1,2,01,8220,11,3059.8616477
5353223,1,2,1,70,11,1,12,48,1,,2,12,4,,9,2,4,,,,,,,,,,,1,2,,2200000,2,,85,13,13,1,1,01,8530,11,4671.0353896
5353226,1,1,1,70,11,1,4,48,1,,2,8,1,,7,2,8,,,,,,,,,,,1,1,1000000,1000000,2,,14,45,45,1,1,01,1410,11,3880.068176
5353229,1,1,1,70,11,1,16,48,1,,2,16,1,,3,2,8,,,,,,,,,,,1,2,,877803,2,,47,33,33,1,2,01,4773,11,2738.8624954
5353231,1,3,1,70,11,1,3,40,1,,2,4,1,,5,2,1,,,1,,,,,,,,,1,1800000,1700000,1,1,42,02,02,1,1,01,4290,11,2284.2378168
5353240,1,1,1,70,11,1,2,48,1,,2,4,1,,7,2,8,,,,,,,,,,,1,1,900000,908526,2,,49,97,97,1,1,01,4923,11,3258.1666652
5353242,1,2,1,70,11,1,4,44,1,,2,56,1,,9,2,4,,,,,,,,,,,1,2,,1000000,2,,56,33,33,1,1,01,5619,11,3047.0934268
5353252,1,3,1,70,11,1,24,48,1,,2,41,1,,4,2,2,,,,,,,,,,,1,2,,908526,2,,90,13,17,1,2,01,9003,11,3314.909716
5353252,1,4,1,70,11,1,12,48,1,,2,3,4,,4,2,2,,,,,,,,,,,1,1,1500000,1200000,2,,74,16,16,1,1,01,7420,11,3314.909716
5353254,1,1,1,70,11,1,48,48,4,,2,44,4,,1,2,1,,,,,,,,,,,1,2,,908526,2,,41,95,95,1,2,01,4111,11,2403.2029986
5353262,1,2,1,70,11,1,41,48,4,,2,52,4,,5,2,4,,,,,,,,,,,1,2,,908526,2,,90,17,17,1,2,01,9007,11,3347.2022143
5353264,1,4,1,70,11,1,12,40,4,,2,10,4,,5,2,2,,,,,,,,,,,1,2,,1000000,2,,85,13,13,1,1,01,8559,11,2223.8337149
5353271,1,1,1,70,11,1,56,48,1,,2,36,1,,3,2,1,,,,,,,,,,,1,2,,800000,2,,56,55,53,1,2,01,5611,11,2950.4310267
5353272,1,4,1,70,11,1,64,48,1,,2,56,1,,8,2,2,,,,,,,,,,,1,2,,908526,2,,73,39,09,1,2,01,7310,11,3045.4667472
5353273,1,3,1,70,11,1,48,48,1,,2,48,1,,9,2,8,,,,,,,,,,,1,2,,1000000,2,,82,38,38,1,2,01,8220,11,1815.2427886
5353274,1,1,1,70,11,1,44,48,1,,2,44,4,,1,2,1,,,,,,,,,,,1,1,100000,908526,2,,56,57,45,1,2,01,5619,11,3820.9531765
5353277,1,2,1,70,11,1,8,40,1,,2,38,4,,9,2,1,,,1,,,,,,,,,2,,2500000,1,2,86,07,07,1,1,01,8621,11,3917.6155766
5353281,1,4,1,70,11,1,8,40,1,,1,,,,,,,,.,,,,,,,,.,,,,3000000,,,,05,,1,1,01,.,11,1860.3035078
5353284,1,4,1,70,11,1,36,48,1,,2,36,1,,9,2,1,,,1,,,,,,,,,2,,1200000,2,,82,13,38,1,2,01,8220,11,2987.6378071
5353293,1,3,1,70,11,1,4,48,1,,2,4,1,,9,2,4,,,,,1,,,,,,,2,,2500000,2,,61,21,21,1,1,01,6120,11,3669.1743997
5353301,1,2,1,70,11,1,48,48,1,,2,2,1,,3,2,1,,,,,,,,,,,1,1,550000,908526,2,,47,03,45,1,2,01,4771,11,2569.0032217
5353310,1,2,1,70,11,1,24,16,1,,2,40,4,,1,2,1,,,,,,,,,,,1,2,,400000,2,,49,45,98,1,2,01,4922,11,3833.7213974
5353310,1,3,1,70,11,1,4,48,1,,2,4,1,,7,2,1,,,,,,,,,,,1,1,900000,900000,2,,20,45,45,1,1,01,2022,11,3833.7213974
5353313,1,2,1,70,11,1,7,48,1,,2,50,1,,5,2,1,,,,,,,,,,,1,2,,1000000,2,,10,38,53,1,1,01,1081,11,3917.6155766
5353331,1,1,1,70,11,1,20,50,1,,2,20,4,,1,2,8,,,,,,,,,,,1,2,,877000,2,,49,77,98,1,2,01,4921,11,2284.2378168
5353333,1,2,1,70,11,1,3,48,2,,2,3,2,,9,2,1,,,1,,,,,,,,,1,11000000,3500000,1,2,84,21,21,1,1,01,8412,11,3917.6155766
5353334,1,1,1,70,11,1,48,48,1,,2,52,1,,5,2,1,,,,,,,,,,,1,2,,1100000,2,,53,37,37,1,2,01,5320,11,3669.1743997
5353334,1,3,1,70,11,1,52,48,4,,2,52,4,,1,2,2,,,,,,,,,,,1,2,,1200000,2,,81,54,54,1,2,01,8121,11,3669.1743997
5353335,1,3,1,70,11,1,7,48,4,,2,7,4,,9,2,1,,,1,,,,,,,,,2,,2000000,1,1,84,16,16,1,1,01,8413,11,3669.1743997
5353339,1,1,1,70,11,1,52,48,1,,2,52,1,,9,2,1,,,,,,,,,,,1,2,,98,2,,42,02,02,1,2,01,4210,11,3741.3982402
5353340,1,1,1,70,11,1,4,48,1,,2,52,4,,2,2,1,,,1,,,,,,,,,2,,3500000,1,2,68,21,21,1,1,01,6820,11,2541.8401004
5353341,1,2,1,70,11,1,30,40,1,,2,30,1,,8,2,1,,,,,,,,,,,1,2,,3800000,2,,22,11,11,1,2,01,2229,11,3352.1164964
5353341,1,3,1,70,11,1,12,40,1,,2,4,6,,2,2,4,,,,,,,,,,,1,2,,1500000,2,,56,39,53,1,1,01,5619,11,3352.1164964
5353341,1,5,1,70,11,1,4,40,1,,2,24,1,,3,2,2,,,,,,,,,,,1,2,,1200000,2,,56,32,97,1,1,01,5611,11,3352.1164964
5353345,1,2,1,70,11,1,4,48,1,,1,,,,,,,,.,,,,,,,,.,,,,877000,,,,45,,1,1,01,.,11,2569.0032217
5353353,1,3,1,70,13,1,4,50,4,,2,4,4,,1,2,1,,,,,,,,,,,1,1,700000,900000,2,,49,98,98,1,1,01,4921,13,449.93992328
5353353,1,5,1,70,13,1,2,48,1,,2,2,1,,3,2,4,,,,,,,,,,,1,1,250000,800000,2,,10,59,77,1,1,01,1081,13,449.93992328
5353353,1,10,1,70,13,1,12,48,1,,2,12,1,,2,2,1,,,,,,,,,,,1,2,,700000,2,,56,45,45,1,1,01,5619,13,449.93992328
5353358,1,2,1,70,13,1,20,48,1,,2,72,1,,2,2,1,,,,,,,,,,,1,2,,877803,2,,52,58,58,1,2,01,5221,13,443.86171683
5353370,1,2,1,70,20,1,4,48,2,,2,4,2,,9,2,3,,,,,,,,,,,1,1,2800000,2000000,2,,36,12,12,1,1,01,3600,20,218.0239044
5353371,1,1,1,70,20,1,32,48,1,,2,32,4,,9,2,2,,,,,,,,,,,1,2,,1500000,2,,84,11,11,1,2,01,8413,20,184.5665259
5353371,1,4,1,70,20,1,23,48,1,,1,,,,,,,,.,,,,,,,,.,,,,877000,,,,12,,1,2,01,.,20,184.5665259
5353375,1,1,1,70,20,1,104,48,4,,2,52,1,,9,2,1,,,,,,,,,,,1,2,,907000,2,,64,44,33,1,2,01,6412,20,182.61817601
5353377,1,4,1,70,20,1,24,48,1,,1,,,,,,,,.,,,,,,,,.,,,,600000,,,,45,,1,2,01,.,20,212.48267952
5353384,1,3,1,70,41,1,10,45,1,,2,15,1,,4,2,8,,,,,1,,,,,,,2,,1000000,2,,96,57,57,1,1,01,9602,41,186.5753107
5353384,1,4,1,70,41,1,20,40,1,,1,,,,,,,,.,,,,,,,,.,,,,1000000,,,,45,,1,2,01,.,41,186.5753107
5353385,1,4,1,70,50,1,4,40,1,,2,12,1,,9,2,1,,,,,,,,,,,1,2,,1500000,2,,85,13,13,1,1,01,8530,50,276.80956527
5353385,1,7,1,70,50,1,8,48,1,,2,9,1,,7,2,6,,,,,,,,,,,1,2,,900000,2,,47,33,33,1,1,01,4754,50,276.80956527
5353386,1,1,1,70,50,1,4,48,4,,2,4,4,,1,2,1,,,,,,,,,,,1,1,800000,1200000,2,,41,95,95,1,1,01,4111,50,325.47132375
5353387,1,2,1,70,54,1,4,48,4,,2,4,4,,9,2,1,,,,,,,,,,,1,1,2300000,2000000,2,,84,19,19,1,1,01,8413,54,279.05420554
5353390,1,2,1,70,54,1,44,48,3,,2,44,4,,1,2,7,,,,,,,,,,,1,2,,600000,2,,15,54,99,1,2,01,1522,54,393.24268002
5353393,1,1,1,70,54,1,4,48,4,,2,4,4,,9,2,1,,,,,,,,,,,1,1,1650000,950000,2,,84,33,33,1,1,01,8412,54,379.89571488
5353399,1,1,1,70,54,1,36,48,4,,2,36,4,,1,2,1,,,,,,,,,,,1,2,,900000,2,,81,55,55,1,2,01,8121,54,469.46130535
5353403,1,3,1,70,54,1,4,48,4,,2,4,4,,1,2,1,,,,,,,,,,,1,1,350000,900000,2,,41,95,95,1,1,01,4112,54,384.49780032
5353403,1,4,1,70,54,1,8,48,4,,2,8,4,,1,2,1,,,,,,,,,,,1,2,,900000,2,,41,95,95,1,1,01,4112,54,384.49780032
5353408,1,5,1,70,54,1,52,48,1,,2,150,1,,9,2,1,,,,,,,,,,,1,2,,950000,2,,86,19,19,1,2,01,8621,54,277.58501498
5353409,1,1,1,70,54,1,4,48,4,,2,4,4,,1,2,1,,,,,,,,,,,1,1,200000,800000,2,,47,45,45,1,1,01,4781,54,436.9581477
5353411,1,2,1,70,54,1,52,48,3,,2,98,4,,1,2,1,,,,,,,,,,,1,2,,400000,2,,81,54,55,1,2,01,8121,54,336.1802472
5353411,1,3,1,70,54,1,4,45,1,,2,5,4,,1,2,1,,,,,,,,,,,1,1,300000,500000,2,,47,84,41,1,1,01,4721,54,336.1802472
5353413,1,2,1,70,54,1,24,48,4,,2,44,4,,1,2,2,,,,,,,,,,,1,2,,800000,2,,56,53,53,1,2,01,5619,54,293.01102481
5353414,1,4,1,70,54,1,12,48,1,,1,,,,,,,,.,,,,,,,,.,,,,99,,,,45,,1,1,01,.,54,445.28463044
5353415,1,2,1,70,54,1,3,48,1,,2,4,1,,9,2,7,,,,,,,,,,,1,1,1200000,1000000,2,,86,59,59,1,1,01,8610,54,305.67049482
5353420,2,2,2,70,73,1,48,48,1,,1,,,,,,,,.,,,,,,,,.,,,,900000,,,,39,,1,2,01,.,73,481.55678066
5353422,1,2,1,70,73,1,24,40,1,,2,48,1,,9,2,2,,,,,,,,,,,1,2,,900000,2,,47,33,33,1,2,01,4711,73,374.59940913
5353424,1,2,1,70,73,1,40,48,1,,2,40,1,,8,2,2,,,,,,,,,,,1,2,,1000000,2,,47,39,39,1,2,01,4711,73,347.95894854
5353425,1,1,1,70,73,1,32,48,1,,2,32,1,,9,2,1,,,,,,,,,,,1,2,,900000,2,,61,44,44,1,2,01,6110,73,237.39588131
5353425,1,2,1,70,73,1,48,48,1,,2,48,1,,8,2,1,,,,,,,,,,,1,2,,1200000,2,,65,19,39,1,2,01,6511,73,237.39588131
5353428,1,1,1,70,73,1,12,48,1,,2,12,1,,5,2,1,,,,,,,,,,,1,2,,877803,2,,81,55,55,1,1,01,8121,73,213.074667
5353428,1,3,1,70,73,1,24,20,1,,2,24,1,,3,2,2,,,,,,,,,,,1,2,,500000,2,,47,45,45,1,2,01,4771,73,213.074667
5353433,1,2,1,70,73,1,6,48,1,,2,6,1,,3,2,1,,,,,,,,,,,1,2,,950000,2,,43,93,93,1,1,01,4330,73,231.65291494
5353436,1,4,1,70,73,1,6,48,1,,2,6,1,,3,2,1,,,,,,,,,,,1,1,500000,877803,2,,14,50,79,1,1,01,1410,73,298.38887426
5353441,1,3,1,70,73,1,80,48,1,,1,,,,,,,,.,,,,,,,,.,,,,877803,,,,33,,1,2,01,.,73,509.7415289
5353443,1,1,1,70,73,1,8,48,1,,2,8,1,,3,2,1,,,,,,,,,,,1,2,,1200000,2,,25,87,87,1,1,01,2511,73,350.82602331
5353447,1,1,1,70,73,1,40,48,1,,2,40,1,,4,2,1,,,,,,,,,,,1,2,,900000,2,,56,53,55,1,2,01,5630,73,249.44337167
5353447,1,2,1,70,73,1,40,48,1,,2,40,1,,3,2,1,,,,,,,,,,,1,2,,900000,2,,56,53,53,1,2,01,5630,73,249.44337167
5353465,1,2,1,70,76,1,14,48,1,,2,14,3,,1,2,1,,,,,,,,,,,1,2,,908526,2,,97,55,54,1,2,01,9700,76,1262.9565048
5353467,1,2,1,70,76,1,40,48,1,,2,41,1,,9,2,1,,,,,,,,,,,1,2,,908526,2,,15,97,80,1,2,01,1522,76,1253.6243149
5353474,1,1,1,70,76,1,2,48,1,,2,104,1,,2,2,1,,,,,,,,,,,1,2,,900000,2,,56,53,53,1,1,01,5611,76,823.61480586
5353474,1,6,1,70,76,1,10,48,1,,1,,,,,,,,.,,,,,,,,.,,,,900000,,,,58,,1,1,01,.,76,823.61480586
5353475,1,2,1,70,76,1,50,48,1,,2,50,4,,1,2,2,,,,,,,,,,,1,2,,900000,2,,86,59,59,1,2,01,8699,76,1312.6290567
5353476,1,2,1,70,76,1,4,40,1,,2,4,4,,1,2,4,,,,,,,,,,,1,1,300000,908826,2,,81,55,55,1,1,01,8121,76,940.33992237
5353476,1,3,1,70,76,1,24,40,1,,2,24,1,,2,2,4,,,,,,,,,,,1,2,,908826,2,,45,93,84,1,2,01,4520,76,940.33992237
5353481,1,2,1,70,76,1,17,48,1,,2,48,1,,3,2,1,,,,,,,,,,,1,2,,1700000,2,,64,02,39,1,2,01,6424,76,796.82654276
5353491,1,1,1,70,76,1,17,45,4,,2,17,4,,1,2,2,,,,,,,,,,,1,2,,1000000,2,,14,79,79,1,2,01,1410,76,919.74557592
5353492,1,5,1,70,76,1,17,55,5,,2,26,5,,4,2,2,,,,,,,,,,,1,1,300000,1200000,2,,41,95,95,1,2,01,4111,76,533.28858807
5353503,1,2,1,70,76,1,30,48,1,,2,52,1,,2,2,1,,,,,,,,,,,1,2,,908526,2,,56,53,53,1,2,01,5619,76,919.74557592
5353505,1,2,1,70,76,1,20,40,3,,2,40,3,,1,2,1,,,,,,,,,,,1,2,,600000,2,,97,59,59,1,2,01,9700,76,935.35423133
5353566,1,3,1,70,,1,12,48,1,,2,12,1,,5,2,1,,,,,,,,,,,1,2,,908526,2,,47,58,58,1,1,01,4771,70,544.92111948
5353566,1,5,1,70,,1,4,40,1,,1,,,,,,,,.,,,,,,,,.,,,,908526,,,,32,,1,1,01,.,70,544.92111948
5353573,1,1,1,70,,1,4,40,3,,2,33,4,,1,2,1,,,,,,,,,,,1,2,,250000,2,,85,54,13,1,1,01,8559,70,1521.752675
5353577,1,2,1,70,,1,2,35,4,,2,8,3,,1,2,1,,,,,,,,,,,1,2,,300000,2,,97,45,54,1,1,01,9700,70,1259.9815607
5353578,1,1,1,70,,1,2,48,3,,2,18,3,,1,2,1,,,,,,,,,,,1,2,,700000,2,,97,54,54,1,1,01,9700,70,1902.634347
5353580,1,5,1,70,,1,34,40,9,AUXILIAR DE DOCENTE,2,350,2,,7,2,1,,,,,,,,,,,1,2,,800000,2,,84,59,32,1,2,01,8412,70,521.48559807
5353582,1,1,1,70,,1,2,48,1,,2,60,4,,1,2,1,,,,,,,,,,,1,2,,800000,2,,56,03,53,1,1,01,5619,70,922.5671056
5353582,1,3,1,70,,1,3,48,1,,1,,,,,,,,.,,,,,,,,.,,,,800000,,,,45,,1,1,01,.,70,922.5671056
5353582,1,4,1,70,,1,4,48,1,,1,,,,,,,,.,,,,,,,,.,,,,800000,,,,45,,1,1,01,.,70,922.5671056
5353585,1,6,1,70,,1,2,48,1,,1,,,,,,,,.,,,,,,,,.,,,,400000,,,,45,,1,1,01,.,70,721.23635718
5353590,1,2,1,70,,1,3,48,1,,2,24,1,,2,2,1,,,,,,,,,,,1,2,,850000,2,,47,32,45,1,1,01,4773,70,521.48559807
5353590,1,4,1,70,,1,2,48,2,,2,57,2,,9,2,1,,,,,,,,,,,1,2,,850000,2,,84,32,32,1,1,01,8412,70,521.48559807
5353590,1,5,1,70,,1,3,48,2,,2,27,2,,9,2,1,,,,,,,,,,,1,2,,850000,2,,84,39,39,1,1,01,8412,70,521.48559807
5353593,1,3,1,70,,1,2,40,1,,2,45,9,AUXILIAR DE UN DOCENTE,2,2,1,,,,,,,,,,,1,2,,800000,2,,85,33,13,1,1,01,8530,70,521.48559807
5353600,1,3,1,70,,1,3,54,4,,2,12,4,,1,2,1,,,,,,,,,,,1,2,,400000,2,,49,95,98,1,1,01,4921,70,864.65057684
5353602,1,2,1,70,,1,24,48,1,,2,24,1,,3,2,8,,,,,,,,,,,1,2,,908526,2,,68,87,39,1,2,01,6820,70,2005.3952541
5353602,1,6,1,70,,1,8,48,3,,2,104,1,,7,2,1,,,,,,,,,,,1,2,,500000,2,,43,54,03,1,1,01,4330,70,2005.3952541
5353605,1,1,1,70,,1,4,48,3,,2,6,3,,1,2,1,,,,,,,,,,,1,1,200000,200000,2,,97,54,54,1,1,01,9700,70,568.49551274
5353605,1,2,1,70,,1,2,48,1,,1,,,,,,,,.,,,,,,,,.,,,,600000,,,,45,,1,1,01,.,70,568.49551274
5353607,1,2,1,70,,1,3,48,3,,2,6,3,,2,2,1,,,,,,,,,,,1,1,200000,850000,2,,97,54,54,1,1,01,9700,70,1495.0699355
5353615,1,1,1,70,,1,3,48,4,,2,160,4,,2,2,1,,,,,,,,,,,1,2,,300000,2,,25,87,87,1,1,01,2511,70,790.35761296
5353618,1,2,1,70,,1,2,40,1,,2,48,1,,5,2,1,,,,,,,,,,,1,2,,360000,2,,84,53,53,1,1,01,8413,70,1968.34823
5353618,1,6,1,70,,1,3,48,3,,2,76,3,,1,2,1,,,,,,,,,,,1,2,,600000,2,,97,54,54,1,1,01,9700,70,1968.34823
5353619,1,1,1,70,,1,3,46,4,,2,18,4,,1,2,1,,,,,,,,,,,1,2,,400000,2,,73,92,92,1,1,01,7310,70,1149.259841
5353619,1,2,1,70,,1,4,30,4,,2,6,4,,1,2,1,,,,,,,,,,,1,2,,300000,2,,81,55,55,1,1,01,8121,70,1149.259841
5353622,1,3,1,70,,1,3,50,1,,2,32,4,,3,2,4,,,,,,,,,,,1,2,,500000,2,,64,45,33,1,1,01,6499,70,613.92440028
5353683,1,2,1,70,13,1,20,48,4,,2,20,4,,1,2,1,,,,,,,,,,,1,2,,600000,2,,49,98,98,1,2,01,4921,13,379.26544688
5353687,1,1,1,70,13,1,104,48,1,,2,104,1,,9,2,1,,,,,,,,,,,1,2,,877802,2,,47,33,33,1,2,01,4711,13,393.46895108
5353688,1,1,1,70,13,1,20,48,1,,2,20,3,,1,2,1,,,,,,,,,,,1,2,,908526,2,,97,55,54,1,2,01,9700,13,394.14112187
5353689,1,1,1,70,13,1,40,48,3,,2,40,3,,1,2,1,,,,,,,,,,,1,2,,500000,2,,97,54,54,1,2,01,9700,13,447.6370564
5353689,1,3,1,70,13,1,12,48,1,,1,,,,,,,,.,,,,,,,,.,,,,908526,,,,53,,1,1,01,.,13,447.6370564
5353699,1,1,1,70,13,1,24,48,1,,2,39,4,,1,2,1,,,,,,,,,,,1,2,,877803,2,,47,45,45,1,2,01,4771,13,394.49266695
5353702,1,1,1,70,13,1,30,40,4,,2,30,4,,1,2,1,,,,,,,,,,,1,2,,1000000,2,,93,59,59,1,2,01,9329,13,219.69869414
5353714,1,6,1,70,13,1,26,48,4,,2,38,4,,1,2,1,,,,,,,,,,,1,2,,877803,2,,41,95,95,1,2,01,4111,13,807.96431104
5353716,1,4,1,70,13,1,4,48,1,,2,4,1,,8,2,1,,,,,,,,,,,1,1,1200000,1200000,2,,80,58,58,1,1,01,8010,13,777.37105109
5353723,1,2,1,70,13,1,52,48,1,,2,52,1,,9,2,2,,,,,,,,,,,1,2,,877802,2,,47,45,45,1,2,01,4711,13,393.46895108
5353731,1,3,1,70,13,1,52,48,1,,2,52,1,,2,2,1,,,,,,,,,,,1,2,,908526,2,,71,45,03,1,2,01,7110,13,381.64747463
5353733,1,1,1,70,13,1,20,48,1,,2,20,1,,9,2,4,,,,,,,,,,,1,2,,877803,2,,47,37,37,1,2,01,4773,13,414.25362548
5353746,1,7,1,70,13,1,3,48,1,,2,3,1,,6,2,1,,,,,,,,,,,1,1,877803,908526,2,,47,45,45,1,1,01,4772,13,439.70043518
5353746,1,11,1,70,13,1,52,52,1,,1,,,,,,,,.,,,,,,,,.,,,,1300000,,,,03,,1,2,01,.,13,439.70043518
5353746,1,13,1,70,13,1,52,48,1,,2,52,1,,7,2,1,,,,,,,,,,,1,2,,1250000,2,,86,59,59,1,2,01,8610,13,439.70043518
5353755,1,1,1,70,13,1,20,48,1,,2,28,1,,9,2,1,,,,,,,,,,,1,2,,877803,2,,78,55,55,1,2,01,7810,13,315.1170415
5353757,1,3,1,70,13,1,38,48,1,,2,38,1,,9,2,1,,,,,,,,,,,1,2,,1200000,2,,65,44,44,1,2,01,6532,13,407.41516671
5353761,1,5,1,70,13,1,11,48,3,,2,32,4,,1,2,1,,,,,,,,1,,,,2,,400000,2,,56,54,45,1,1,01,5619,13,421.35879907
5353773,1,1,1,70,13,1,2,48,1,,2,2,4,,9,2,1,,,1,,,,,,,,,1,2500000,1800000,1,2,84,08,08,1,1,01,8422,13,393.46895108
5353786,1,1,1,70,13,1,32,48,3,,2,40,3,,1,2,1,,,,,,,,,,,1,2,,500000,2,,97,54,54,1,2,01,9700,13,373.45123824
5353794,1,2,1,70,13,1,28,40,4,,2,28,1,,6,2,2,,,,,,,,,,,1,2,,3000000,2,,82,21,21,1,2,01,8220,13,402.62709492
5353802,1,1,1,70,13,1,8,48,1,,2,8,1,,9,2,1,,,1,,,,,,,,,2,,2500000,1,2,85,13,13,1,1,01,8544,13,406.81578799
5353815,1,2,1,70,18,1,50,50,1,,2,50,1,,6,2,1,,,,,,,,,,,1,2,,900000,2,,61,39,39,1,2,01,6110,18,47.545744021
5353828,1,3,1,70,18,1,1,40,1,,2,8,1,,2,2,1,,,,,,,,,,,1,2,,800000,2,,47,45,45,1,1,01,4771,18,86.520083724
5353835,1,2,1,70,18,1,2,40,1,,1,,,,,,,,.,,,,,,,,.,,,,600000,,,,45,,1,1,01,.,18,55.472548968
5353837,1,1,1,70,18,1,20,40,1,,2,144,4,,1,2,1,,,,,,,,,,,1,2,,900000,2,,47,32,41,1,2,01,4773,18,91.108586555
5353853,1,4,1,70,18,1,20,50,1,,2,60,1,,5,2,1,,,,,,,,,,,1,2,,800000,2,,46,32,32,1,2,01,4631,18,77.24352781
5353863,1,1,1,70,18,1,4,40,1,,2,55,4,,1,2,1,,,,,,,,,,,1,2,,800000,2,,96,55,57,1,1,01,9602,18,103.92524059
5353865,1,1,1,70,18,1,5,48,1,,2,6,2,,9,2,5,,,,1,,,,,,,,1,4700000,1500000,1,1,85,53,13,1,1,01,8551,18,115.03608146
5353875,1,1,1,70,18,1,50,50,1,,2,40,1,,3,2,1,,,,,,,,,,,1,2,,600000,2,,56,53,53,1,2,01,5611,18,84.69523473
5353876,1,1,1,70,18,1,30,50,1,,2,30,1,,6,2,2,,,,,,,,,,,1,2,,900000,2,,46,45,45,1,2,01,4631,18,106.46467715
5353895,1,1,1,70,41,1,20,48,1,,2,20,4,,1,2,2,,,,,,,,,,,1,2,,877803,2,,43,45,93,1,2,01,4330,41,200.41870034
5353896,1,2,1,70,41,1,48,48,1,,2,48,1,,2,2,1,,,,,,,,,,,1,2,,877000,2,,56,45,53,1,2,01,5611,41,174.74340535
5353902,1,2,1,70,41,1,104,48,1,,2,104,1,,9,2,2,,,,,,,,,,,1,2,,877803,2,,49,95,98,1,2,01,4921,41,105.18394965
5353904,1,1,1,70,41,1,208,48,1,,2,208,1,,4,2,4,,,,,,,,,,,1,2,,877803,2,,69,12,32,1,2,01,6910,41,128.33025159
5353905,1,2,1,70,44,1,52,40,1,,2,8,4,,1,2,1,,,,,,,,,,,1,2,,900000,2,,43,59,85,1,2,01,4321,44,137.83139302
5353906,1,1,1,70,44,1,3,48,4,,2,3,4,,2,2,1,,,,,,,,,,,1,1,900000,500000,2,,25,87,87,1,1,01,2511,44,108.28558563
5353919,1,2,1,70,44,1,2,60,4,,2,3,4,,1,2,1,,,,,,,,,,,1,1,650000,500000,2,,49,98,98,1,1,01,4921,44,82.122986114
5353923,1,1,1,70,44,1,3,48,1,,2,4,3,,1,2,1,,,,,,,,,,,1,2,,700000,2,,97,55,54,1,1,01,9700,44,110.88007893
5353924,1,1,1,70,44,1,24,45,1,,2,32,1,,7,2,1,,,,,,,,,,,1,2,,2000000,2,,85,07,13,1,2,01,8543,44,117.55460491
5353925,1,4,1,70,44,1,1,40,1,,2,8,4,,6,2,1,,,,,,,,,,,1,1,70000,908526,2,,79,39,39,1,1,01,7911,44,106.4205503
5353927,1,2,1,70,44,1,3,60,2,,1,,,,,,,,.,,,,,,,,.,,,,900000,,,,58,,1,1,01,.,44,124.23856483
5353927,1,3,1,70,44,1,16,45,4,,2,3,4,,1,2,1,,,,,,,,,,,1,1,100000,600000,2,,49,98,98,1,2,01,4921,44,124.23856483
5353930,1,4,1,70,44,1,2,48,1,,2,4,4,,1,2,1,,,,,,,,,,,1,1,100000,900000,2,,41,99,95,1,1,01,4111,44,122.81644864
5353931,1,1,1,70,44,1,5,45,3,,2,52,3,,1,2,7,,,,,,,,,,,1,2,,500000,2,,97,54,54,1,1,01,9700,44,117.72878573
5353932,1,1,1,70,44,1,30,40,1,,2,38,4,,9,2,1,,,,,,,,,,,1,2,,908526,2,,85,11,39,1,2,01,8530,44,98.080131899
5353935,1,1,1,70,44,1,204,48,2,,2,204,3,,1,2,1,,,,,,,,,,,1,2,,908526,2,,97,54,54,1,2,01,9700,44,179.14882322
5353936,1,3,1,70,44,1,8,48,1,,2,52,1,,3,2,4,,,,,,,,,,,1,2,,908526,2,,56,45,53,1,1,01,5611,44,122.18831437
5353938,1,2,1,70,44,1,4,48,1,,1,,,,,,,,.,,,,,,,,.,,,,98,,,,55,,1,1,01,.,44,165.09517387
5353939,1,5,1,70,44,1,4,45,4,,2,4,4,,2,2,1,,,,,,,,,,,1,1,300000,900000,2,,41,95,95,1,1,01,4111,44,108.28558563
5353940,1,3,1,70,44,1,3,40,1,,2,53,1,,3,2,1,,,,,,,,,,,1,2,,800000,2,,55,33,39,1,1,01,5511,44,119.39263467
5353940,1,4,1,70,44,1,3,40,1,,1,,,,,,,,.,,,,,,,,.,,,,800000,,,,59,,1,1,01,.,44,119.39263467
5353945,1,4,1,70,44,1,16,40,4,,2,16,4,,2,2,1,,,,,,,,,,,1,2,,800000,2,,41,95,95,1,2,01,4111,44,121.91065741
5353946,1,1,1,70,44,1,6,48,3,,2,6,4,,1,2,7,,,,,,,,,,,1,2,,500000,2,,56,54,77,1,1,01,5619,44,97.766064764
5353947,1,3,1,70,44,1,3,40,4,,2,63,1,,2,2,7,,,,,,,,,,,1,2,,100000,2,,47,41,45,1,1,01,4711,44,138.94360866
5353948,1,1,1,70,44,1,4,40,1,,2,4,4,,7,2,1,,,,,,,,,,,1,1,877000,908526,2,,88,53,53,1,1,01,8890,44,158.7321488
5353952,1,2,1,70,44,1,4,40,2,,2,4,1,,8,2,1,,,1,,,,,,,,,1,1300000,1300000,1,1,85,58,58,1,1,01,8513,44,139.88164348
5353954,1,2,1,70,44,1,32,45,4,,2,56,4,,1,2,8,,,,,,,,,,,1,2,,800000,2,,42,95,95,1,2,01,4210,44,141.99205541
5353958,1,2,1,70,44,1,3,45,4,,2,10,4,,9,2,1,,,,,,,,,,,1,2,,850000,2,,88,53,53,1,1,01,8890,44,76.219265246
5353961,1,1,1,70,44,1,4,40,2,,2,4,4,,9,2,1,,,1,,,,,,,,,1,877300,908526,1,1,85,32,32,1,1,01,8541,44,103.33780904
5353961,1,2,1,70,44,1,36,48,4,,2,36,4,,2,2,1,,,,,,,,,,,1,2,,908526,2,,80,58,58,1,2,01,8010,44,103.33780904
5353966,1,2,1,70,44,1,50,45,4,,2,28,4,,9,2,2,,,,,,,,,,,1,2,,900000,2,,88,13,13,1,2,01,8890,44,59.639876965
5353966,1,3,1,70,44,1,3,45,1,,2,4,1,,3,2,1,,,,,,,,,,,1,1,800000,800000,2,,47,55,45,1,1,01,4771,44,59.639876965
5353966,1,4,1,70,44,1,3,40,3,,1,,,,,,,,.,,,,,,,,.,,,,800000,,,,54,,1,1,01,.,44,59.639876965
5353968,1,7,1,70,44,1,12,40,1,,1,,,,,,,,.,,,,,,,,.,,,,908526,,,,58,,1,1,01,.,44,80.368265301
5353970,1,1,1,70,44,1,24,48,1,,2,32,1,,2,2,2,,,,,,,,,,,1,2,,908526,2,,96,32,16,1,2,01,9609,44,137.51732588
5353973,1,4,1,70,44,1,36,40,1,,2,36,1,,4,2,1,,,,,,,,,,,1,2,,908526,2,,55,39,50,1,2,01,5511,44,83.006671966
5353974,1,2,1,70,44,1,12,48,1,,2,12,4,,9,2,1,,,,,,,,,,,1,2,,1400000,2,,88,19,19,1,1,01,8890,44,118.66682055
5353978,1,2,1,70,44,1,2,40,4,,2,4,4,,1,2,2,,,,,,,,,,,1,1,300000,800000,2,,96,57,57,1,1,01,9609,44,82.122986114
5353979,3,2,3,70,44,1,8,48,1,,2,104,4,,2,2,2,,,,,,,,,,,1,2,,908526,2,,82,45,21,1,1,01,8219,44,96.307501628
5353981,1,1,1,70,44,1,16,40,1,,2,16,1,,6,2,2,,,,,,,,,,,1,2,,908526,2,,45,39,39,1,2,01,4511,44,107.34755081
5354004,1,1,1,70,47,1,52,42,1,,2,53,3,,1,2,1,,,,,,,,,,,1,2,,908526,2,,97,33,54,1,2,01,9700,47,198.6713398
5354007,1,2,1,70,47,1,4,50,1,,2,8,1,,9,2,1,,,,,,,,,,,1,2,,1000000,2,,47,55,55,1,1,01,4711,47,207.75574171
5354008,1,4,1,70,47,1,3,48,3,,2,3,4,,1,2,1,,,,,,,,,,,1,2,,906000,2,,47,54,41,1,1,01,4724,47,116.17532151
5354009,1,2,1,70,47,1,28,48,1,,2,28,1,,2,2,1,,,,,,,,,,,1,2,,908500,2,,56,53,53,1,2,01,5611,47,182.34804446
5354017,1,3,1,70,47,1,3,40,1,,1,,,,,,,,.,,,,,,,,.,,,,908526,,,,13,,1,1,01,.,47,142.90044844
5354023,1,3,1,70,47,1,40,48,1,,2,40,1,,9,2,1,,,,,,,,,,,1,2,,908500,2,,47,45,45,1,2,01,4773,47,207.00169716
5354023,1,6,1,70,47,1,12,48,3,,1,,,,,,,,.,,,,,,,,.,,,,98,,,,54,,1,1,01,.,47,207.00169716
5354025,1,2,1,70,47,1,38,56,1,,2,40,1,,5,2,1,,,,,,,,,,,1,2,,908526,2,,55,59,55,1,2,01,5511,47,96.292196766
5354036,1,4,1,70,47,1,4,48,1,,2,8,1,,4,2,1,,,,,,,,,,,1,2,,900000,2,,85,13,13,1,1,01,8530,47,144.00568203
5354041,1,1,1,70,47,1,192,48,1,,2,192,1,,9,2,1,,,,1,,,,,,,,2,,2500000,1,2,36,11,33,1,2,01,3600,47,155.89041141
5354045,1,2,1,70,47,1,4,40,1,,2,40,4,,1,2,2,,,,,,,,,,,1,2,,1500000,2,,69,12,12,1,1,01,6910,47,149.81157109
5354058,1,2,1,70,47,1,40,48,1,,2,36,1,,9,2,2,,,,,,,,,,,1,2,,877803,2,,86,39,39,1,2,01,8610,47,149.81157109
5354059,1,1,1,70,47,1,3,48,1,,2,3,1,,9,2,8,,,,,1,,,,,,,2,,4000000,2,,10,12,12,1,1,01,1030,47,119.57306898
5354066,1,3,1,70,47,1,12,48,1,,2,16,1,,9,2,1,,,,,,,,,,,1,2,,877803,2,,86,39,39,1,1,01,8621,47,161.47526081
5354078,1,1,1,70,47,1,24,48,1,,2,44,4,,1,2,1,,,,,,,,,,,1,2,,877803,2,,56,54,53,1,2,01,5619,47,161.11148222
5354082,1,3,1,70,47,1,4,48,1,,1,,,,,,,,.,,,,,,,,.,,,,877803,,,,33,,1,1,01,.,47,192.67627409
5354092,1,3,1,70,47,1,16,48,1,,2,48,1,,4,2,8,,,,,,,,,,,1,2,,908500,2,,56,53,53,1,2,01,5611,47,132.3419923
5354093,1,7,1,70,47,1,40,48,3,,2,76,4,,1,2,2,,,,,,,,1,,,,2,,400000,2,,96,54,55,1,2,01,9609,47,273.43279667
5354093,1,8,1,70,47,1,8,48,4,,1,,,,,,,,.,,,,,,,,.,,,,400000,,,,53,,1,1,01,.,47,273.43279667
5354094,1,3,1,70,47,1,12,48,1,,2,98,1,,9,2,1,,,,,,,,,,,1,2,,877803,2,,47,45,45,1,1,01,4773,47,207.96420833
5354095,1,3,1,70,47,1,8,48,1,,1,,,,,,,,.,,,,,,,,.,,,,800000,,,,03,,1,1,01,.,47,251.70224351
5354098,1,1,1,70,47,1,31,56,1,,2,35,1,,4,2,1,,,,,,,,,,,1,2,,908526,2,,56,53,53,1,2,01,5611,47,156.76914796
5354100,1,1,1,70,47,1,4,40,2,,2,12,1,,6,2,1,,,,,,,,,,,1,2,,877803,2,,85,13,13,1,1,01,8530,47,144.22672168
5354104,1,2,1,70,47,1,16,48,1,,1,,,,,,,,.,,,,,,,,.,,,,908500,,,,03,,1,2,01,.,47,189.11644469
5354107,1,3,1,70,47,1,52,56,1,,1,,,,,,,,.,,,,,,,,.,,,,908526,,,,59,,1,2,01,.,47,193.08649039
5354112,1,1,1,70,47,1,8,48,1,,2,156,1,,3,2,2,,,,,,,,,,,1,2,,908526,2,,47,45,45,1,1,01,4772,47,181.42280066
5354115,1,1,1,70,47,1,38,60,3,,2,58,3,,1,2,1,,,,,,,,,,,1,2,,908526,2,,97,54,54,1,2,01,9700,47,193.82255754
5354122,1,2,1,70,47,1,32,48,4,,2,32,4,,1,2,2,,,,,,,,,,,1,2,,877803,2,,41,95,95,1,2,01,4112,47,182.15886781
5354123,1,2,1,70,47,1,52,48,1,,2,76,4,,1,2,1,,,,,,,,,,,1,2,,906000,2,,85,02,13,1,2,01,8560,47,169.33091723
5354125,1,3,1,70,47,1,4,48,1,,2,30,1,,9,2,1,,,,,,,,,,,1,2,,2000000,2,,86,05,03,1,1,01,8610,47,222.93275359
5354125,1,4,1,70,47,1,8,40,4,,2,10,4,,1,2,1,,,,,,,,,,,1,2,,877803,2,,96,03,16,1,1,01,9609,47,222.93275359
5354128,1,1,1,70,47,1,96,48,1,,2,96,1,,6,2,1,,,,,,,,,,,1,1,100000,908500,2,,94,32,39,1,2,01,9412,47,207.71973389
5354130,1,2,1,70,47,1,24,48,1,,2,32,1,,9,2,2,,,,,,,,,,,1,2,,1200000,2,,49,33,33,1,2,01,4921,47,181.42280066
5354140,1,3,1,70,47,1,156,48,1,,2,156,1,,6,2,4,,,,,,,,1,,,,2,,1900000,2,,86,06,06,1,2,01,8622,47,132.3419923
5354143,1,3,1,70,47,1,20,48,1,,2,20,1,,9,2,1,,,,,,,,,,,1,2,,1200000,2,,93,18,18,1,2,01,9329,47,153.00762189
5354145,1,2,1,70,47,1,52,48,1,,2,260,1,,3,2,1,,,,,,,,1,,,,2,,906000,2,,47,32,33,1,2,01,4772,47,288.89832249
5354149,1,3,1,70,47,1,24,48,1,,2,48,1,,9,2,1,,,,,,,,,,,1,2,,908500,2,,86,59,59,1,2,01,8621,47,254.00021478
5354149,1,4,1,70,47,1,8,48,2,,1,,,,,,,,.,,,,,,,,.,,,,98,,,,58,,1,1,01,.,47,254.00021478
5354164,1,2,1,70,47,1,8,8,1,,2,8,1,,3,2,1,,,,,,,,,,,1,2,,900000,2,,47,33,40,1,1,01,4771,47,92.196177217
5354164,1,3,1,70,47,1,4,48,1,,2,48,1,,6,2,1,,,,,,,,,,,1,2,,1200000,2,,85,13,13,1,1,01,8530,47,92.196177217
5354167,1,1,1,70,47,1,8,48,1,,2,8,1,,3,2,1,,,,,,,,,,,1,2,,600000,2,,47,45,45,1,1,01,4771,47,200.78013442
5354169,1,2,1,70,47,1,12,48,1,,2,24,1,,2,2,1,,,,,,,,,,,1,2,,908500,2,,86,57,32,1,1,01,8621,47,187.50164099
5354170,1,2,1,70,47,1,3,56,1,,2,4,1,,2,2,1,,,,,,,,,,,1,2,,500000,2,,47,53,45,1,1,01,4711,47,124.27918183
5354173,1,1,1,70,47,1,4,40,1,,1,,,,,,,,.,,,,,,,,.,,,,908000,,,,45,,1,1,01,.,47,226.29454627
5354181,1,1,1,70,47,1,1,48,1,,2,1,1,,8,2,1,,,,,,,,,,,1,1,800000,908500,2,,55,53,55,1,1,01,5511,47,219.99160712
5354183,1,2,1,70,47,1,5,48,1,,2,98,1,,9,2,2,,,,,,,,,,,1,2,,877803,2,,78,55,55,1,1,01,7820,47,193.82255754
5354184,1,1,1,70,47,1,12,48,1,,2,20,1,,2,2,1,,,,,,,,,,,1,2,,800000,2,,69,39,39,1,1,01,6920,47,119.57306898
5354200,1,3,1,70,54,1,3,48,3,,2,8,3,,2,2,1,,,,,,,,,,,1,2,,1000000,2,,97,54,54,1,1,01,9700,54,424.07783184
5354203,1,1,1,70,54,1,4,48,3,,2,4,3,,1,2,2,,,,,,,,,,,1,1,300000,600000,2,,97,54,54,1,1,01,9700,54,415.05003432
5354204,1,4,1,70,54,1,2,1,4,,2,4,4,,1,2,1,,,,,,,,,,,1,1,1000000,850000,2,,49,98,98,1,1,01,4921,54,363.97976101
5354205,1,8,1,70,54,1,3,48,1,,2,25,4,,1,2,7,,,,,,,,,,,1,2,,700000,2,,47,45,45,1,1,01,4781,54,294.06181841
5354214,1,1,1,70,54,1,34,48,1,,2,34,1,,3,2,7,,,,,,,,,,,1,2,,500000,2,,56,53,53,1,2,01,5611,54,444.63835277
5354219,1,2,1,70,54,1,12,48,1,,2,25,1,,4,2,1,,,,,,,,,,,1,2,,850000,2,,15,45,97,1,1,01,1522,54,411.09296239
5354220,1,2,1,70,54,1,8,48,1,,2,8,1,,4,2,1,,,,,,,,,,,1,2,,98,2,,85,39,39,1,1,01,8551,54,346.59829546
5354223,1,1,1,70,54,1,8,50,4,,2,130,4,,1,2,1,,,,,,,,,,,1,2,,980000,2,,81,55,55,1,1,01,8121,54,332.39350522
5354223,1,3,1,70,54,1,20,48,1,,2,130,4,,1,2,1,,,,,,,,,,,1,2,,980000,2,,47,58,45,1,2,01,4789,54,332.39350522
5354224,1,1,1,70,54,1,99,48,1,,2,99,2,,9,2,1,,,,,,,,,,,1,2,,900000,3,,84,97,58,1,2,01,8422,54,305.67049482
5354224,1,2,1,70,54,1,40,48,3,,2,40,3,,1,2,2,,,,,,,,,,,1,2,,900000,2,,97,54,54,1,2,01,9700,54,305.67049482
5354225,1,1,1,70,54,1,54,48,3,,2,54,3,,1,2,1,,,,,,,,,,,1,2,,400000,2,,97,54,54,1,2,01,9700,54,293.01102481
5354227,1,2,1,70,54,1,2,48,4,,2,2,4,,1,2,4,,,,,,,,,,,1,2,,980000,2,,56,79,53,1,1,01,5611,54,293.01102481
5354228,1,1,1,70,54,1,4,48,1,,2,2,1,,2,2,1,,,,,,,,,,,1,2,,800000,2,,47,45,45,1,1,01,4711,54,325.08722463
5354228,1,2,1,70,54,1,2,48,8,,2,2,8,,3,2,3,,,,,,,,,,,1,2,,1000000,2,,01,60,60,1,1,01,0150,54,325.08722463
5354231,1,2,1,70,54,1,12,48,4,,2,20,4,,1,2,1,,,,,,,,,,,1,2,,900000,2,,01,98,61,1,1,01,0161,54,372.21351894
5354231,2,2,2,70,54,1,3,48,4,,2,12,4,,1,2,1,,,,,,,,,,,1,2,,400000,2,,01,80,61,1,1,01,0161,54,372.21351894
5354235,1,5,1,70,54,1,2,48,1,,2,3,1,,6,2,1,,,,,,,,,,,1,1,877803,800000,2,,15,32,32,1,1,01,1522,54,282.79695455
5354237,1,1,1,70,54,1,6,48,1,,2,8,4,,1,2,1,,,,,,,,,,,1,2,,1000000,2,,95,08,08,1,1,01,9511,54,281.91800225
5354238,1,2,1,70,54,1,4,48,1,,2,36,1,,7,2,1,,,,,,,,,,,1,2,,980000,2,,15,45,21,1,1,01,1522,54,293.01102481
5354239,1,3,1,70,54,1,4,48,4,,2,4,4,,1,2,7,,,,,,,,,,,1,1,100000,300000,2,,41,95,95,1,1,01,4112,54,584.26431717
5354242,1,3,1,70,54,1,4,50,4,,2,32,4,,1,2,1,,,,,,,,,,,1,2,,980000,2,,15,99,99,1,1,01,1522,54,313.99420206
5354250,1,3,1,70,54,1,3,48,4,,2,3,4,,1,2,1,,,,,,,,,,,1,1,800000,1000000,2,,43,85,85,1,1,01,4321,54,423.00132842
5354254,1,5,1,70,54,1,1,48,4,,2,8,4,,1,2,1,,,,,,,,,,,1,2,,1000000,2,,15,80,80,1,1,01,1522,54,468.54717899
5354256,1,1,1,70,54,1,12,40,4,,2,60,4,,1,2,2,,,,,,,,,,,1,2,,500000,2,,81,55,55,1,1,01,8121,54,276.01856753
5354258,1,2,1,70,54,1,18,40,4,,2,96,1,,5,2,1,,,,,,,,,,,1,2,,980000,2,,13,59,59,1,2,01,1313,54,391.39026655
5354260,1,2,1,70,54,1,24,48,4,,2,8,4,,1,2,4,,,,,,,,,,,1,2,,908000,2,,41,95,95,1,2,01,4111,54,256.79203074
5354260,1,3,1,70,54,1,1,24,1,,2,24,1,,7,2,1,,,,,,,,,,,1,2,,908000,2,,47,59,45,1,1,01,4771,54,256.79203074
5354260,1,6,1,70,54,1,3,48,4,,2,52,4,,1,2,1,,,,,,,,,,,1,2,,600000,2,,43,95,93,1,1,01,4330,54,256.79203074
5354262,1,3,1,70,54,1,8,48,4,,1,,,,,,,,.,,,,,,,,.,,,,98,,,,05,,1,1,01,.,54,362.9032576
5354263,1,1,1,70,54,1,4,48,1,,2,4,1,,7,2,3,,,,,,,,,,,1,1,2500000,3000000,2,,42,02,02,1,1,01,4210,54,715.57441195
5354272,1,2,1,70,54,1,8,48,1,,2,5,1,,9,2,2,,,,,,,,,,,1,1,2700000,1500000,2,,85,19,13,1,1,01,8544,54,311.87546591
5354273,2,1,2,70,54,1,1,48,4,,2,4,4,,1,2,8,,,,,,,,,,,1,1,1500000,1000000,2,,46,41,41,1,1,01,4661,54,296.04666282
5354275,1,2,1,70,54,1,5,54,1,,2,8,4,,9,2,1,,,,,,,,,,,1,2,,908526,2,,84,15,15,1,1,01,8422,54,305.67049482
5354288,1,2,1,70,70,1,30,45,1,,2,31,1,,9,2,2,,,,,,,,,,,1,2,,1000000,2,,85,13,13,1,2,01,8544,70,129.2152311
5354291,1,2,1,70,70,1,6,48,1,,2,65,1,,7,2,1,,,,,,,,,,,1,2,,908526,2,,86,59,59,1,1,01,8610,70,102.75280386
5354293,1,3,1,70,70,1,25,40,1,,1,,,,,,,,.,,,,,,,,.,,,,1000000,,,,19,,1,2,01,.,70,120.14429176
5354293,1,4,1,70,70,1,20,45,1,,1,,,,,,,,.,,,,,,,,.,,,,1500000,,,,07,,1,2,01,.,70,120.14429176
5354303,1,2,1,70,70,1,1,48,3,,2,36,3,,1,2,1,,,,,,,,,,,1,2,,350000,2,,97,54,54,1,1,01,9700,70,160.65658581
5354303,1,5,1,70,70,1,1,48,3,,1,,,,,,,,.,,,,,,,,.,,,,500000,,,,54,,1,1,01,.,70,160.65658581
5354304,1,1,1,70,70,1,1,48,1,,2,40,1,,9,2,1,,,,,,,,,,,1,2,,908526,2,,86,45,39,1,1,01,8610,70,136.27286748
5354318,1,2,1,70,70,1,4,48,4,,2,40,3,,1,2,1,,,,,,,,,,,1,2,,600000,2,,97,54,54,1,1,01,9700,70,99.996853119
5354318,1,3,1,70,70,1,40,48,1,,2,96,1,,4,2,8,,,,,,,,,,,1,2,,1200000,2,,78,39,39,1,2,01,7810,70,99.996853119
5354320,1,2,1,70,70,1,5,48,1,,1,,,,,,,,.,,,,,,,,.,,,,1000000,,,,97,,1,1,01,.,70,101.68901497
5354328,1,2,1,70,70,1,20,42,1,,1,,,,,,,,.,,,,,,,,.,,,,1500000,,,,19,,1,2,01,.,70,130.78545107
5354330,1,2,1,70,70,1,1,48,1,,1,,,,,,,,.,,,,,,,,.,,,,908526,,,,45,,1,1,01,.,70,133.89094734
5354337,1,3,1,70,70,1,12,48,1,,1,,,,,,,,.,,,,,,,,.,,,,1200000,,,,02,,1,1,01,.,70,94.676273463
5354352,1,2,1,70,70,1,48,48,1,,2,48,1,,7,2,2,,,,,,,,,,,1,2,,1400000,2,,94,19,19,1,2,01,9499,70,127.66248297
5354355,1,2,1,70,73,1,16,48,1,,2,16,4,,2,2,4,,,,,,,,,,,1,2,,900000,2,,85,38,13,1,2,01,8551,73,265.00721774
5354359,1,2,1,70,73,1,20,40,1,,2,20,1,,9,2,2,,,,,,,,,,,1,2,,2000000,2,,42,02,02,1,2,01,4210,73,237.39588131
5354361,1,2,1,70,73,1,6,48,1,,1,,,,,,,,.,,,,,,,,.,,,,950000,,,,45,,1,1,01,.,73,463.93457041
5354362,1,4,1,70,73,1,4,48,1,,2,4,1,,3,2,4,,,,,,,,,,,1,2,,900000,2,,25,83,83,1,1,01,2511,73,337.99074174
5354364,1,1,1,70,73,1,4,40,4,,2,4,4,,9,2,1,,,,,1,,,,,,,2,,2000000,3,,85,13,13,1,1,01,8544,73,355.8529147
5354366,1,1,1,70,73,1,42,48,1,,2,42,1,,6,2,1,,,,,,,,,,,1,2,,1000000,2,,86,33,39,1,2,01,8621,73,296.98243549
5354373,1,1,1,70,73,1,20,48,1,,2,20,1,,7,1,1,,,1,,,,,,,,,2,,877803,1,1,80,58,58,1,2,01,8010,73,1050.1497809
5354376,1,2,1,70,73,1,24,42,1,,2,24,1,,6,2,1,,,,,,,,,,,1,2,,1000000,2,,47,45,45,1,2,01,4773,73,362.55191877
5354378,1,1,1,70,73,1,52,48,1,,2,52,1,,4,2,2,,,,,,,,,,,1,2,,950000,2,,47,45,45,1,2,01,4711,73,367.33884744
5354382,1,3,1,70,73,1,52,48,1,,2,52,1,,4,2,3,,,1,,,,,,,,,2,,1500000,1,1,96,57,57,1,2,01,9609,73,465.48833628
5354387,1,1,1,70,73,1,40,40,1,,2,40,1,,2,2,1,,,,,,,,,,,1,2,,877803,2,,96,57,57,1,2,01,9602,73,279.75353639
5354387,1,6,1,70,73,1,8,48,1,,2,40,1,,3,2,1,,,,,,,,,,,1,2,,877803,2,,56,55,55,1,1,01,5611,73,279.75353639
5354388,1,1,1,70,73,1,2,60,1,,2,2,1,,2,2,6,,,,,,,,,,,1,1,800000,800000,2,,56,53,53,1,1,01,5611,73,385.91709539
5354389,1,1,1,70,73,1,8,48,1,,2,8,3,,1,2,2,,,,,,,,,,,1,2,,877803,2,,97,55,54,1,1,01,9700,73,400.08709949
5354390,1,3,1,70,73,1,4,48,4,,2,4,4,,9,2,1,,,1,,,,,,,,,1,2800000,2000000,1,2,85,13,13,1,1,01,8544,73,175.11652015
5354391,1,1,1,70,73,1,26,50,4,,2,40,5,,2,2,1,,,,,,,,,,,1,2,,1500000,2,,10,51,51,1,2,01,1081,73,291.23946912
5354393,1,2,1,70,73,1,20,48,1,,2,20,4,,2,2,4,,,1,,,,,,,,,1,1000000,1500000,1,1,56,53,53,1,2,01,5611,73,237.39588131
5354394,1,1,1,70,73,1,40,48,1,,2,40,4,,1,2,1,,,,,,,,,,,1,1,400000,950000,2,,49,98,98,1,2,01,4921,73,465.48833628
5354399,1,3,1,70,73,1,16,48,1,,2,20,1,,9,2,1,,,,,,,,,,,1,2,,877803,2,,85,03,38,1,2,01,8544,73,207.33170063
5354409,1,1,1,70,73,1,20,60,1,,2,40,1,,2,2,1,,,,,,,,,,,1,2,,900000,2,,41,95,95,1,2,01,4111,73,246.4289698
5354421,1,1,1,70,73,1,4,48,2,,2,4,2,,9,2,3,,,1,,,,,,,,,1,3700000,3000000,1,2,85,02,02,1,1,01,8544,73,302.96536459
5354422,1,2,1,70,73,1,4,40,2,,2,4,2,,9,2,3,,,1,,,,,,,,,1,1500000,1800000,1,2,85,08,08,1,1,01,8544,73,160.37791066
5354422,1,3,1,70,73,1,52,40,2,,1,,,,,,,,.,,,,,,,,.,,,,2000000,,,,05,,1,2,01,.,73,160.37791066
5354433,1,1,1,70,73,1,20,48,5,,2,40,5,,2,2,1,,,,,,,,,,,1,2,,1000000,2,,56,51,51,1,2,01,5630,73,302.96536459
5354434,1,1,1,70,73,1,49,48,1,,2,40,1,,2,2,1,,,,,,,,,,,1,2,,877803,2,,47,45,45,1,2,01,4711,73,362.55191877
5354434,1,2,1,70,73,1,8,48,1,,2,8,1,,5,2,1,,,,,,,,,,,1,2,,1000000,2,,01,03,03,1,1,01,0141,73,362.55191877
5354435,1,2,1,70,73,1,16,48,1,,2,16,1,,5,2,1,,,,,,,,,,,1,2,,800000,2,,41,95,95,1,2,01,4111,73,286.3413839
5354447,1,2,1,70,73,1,32,48,1,,2,32,1,,8,2,1,,,,,,,,,,,1,1,400000,900000,2,,86,59,59,1,2,01,8610,73,249.20340895
5354451,1,2,1,70,73,1,30,48,1,,2,30,1,,6,2,1,,,,,,,,,,,1,2,,2500000,2,,62,03,03,1,2,01,6201,73,237.39588131
5354452,1,2,1,70,73,1,4,48,1,,2,4,1,,9,2,1,,,,,,,,,,,1,1,1000000,2000000,2,,42,02,02,1,1,01,4210,73,314.77289222
5354454,1,2,1,70,73,1,4,48,1,,2,4,1,,9,2,4,,,,,,,,,,,1,2,,877803,2,,64,55,55,1,1,01,6412,73,218.81763336
5354455,1,1,1,70,73,1,40,48,1,,2,40,1,,4,2,1,,,,,,,,,,,1,2,,877803,2,,56,53,53,1,2,01,5611,73,231.65291494
5354456,1,2,1,70,73,1,8,48,1,,2,40,1,,4,2,2,,,,,,,,,,,1,2,,880000,2,,85,13,32,1,1,01,8530,73,297.22239822
5354498,1,3,1,70,,1,5,48,1,,2,58,4,,9,2,1,,,,,,,,,,,1,2,,900000,2,,86,19,19,1,1,01,8610,20,1426.9182787
5354499,1,3,1,70,,1,5,48,2,,2,5,2,,9,2,1,,,,,,,,,,,1,2,,1100000,2,,86,59,59,1,1,01,8610,20,1365.9000216
5354501,1,1,1,70,,1,16,40,3,,2,40,3,,2,2,8,,,,,,,,,,,1,2,,300000,2,,97,54,54,1,2,01,9700,20,2628.1346568
5354504,1,1,1,70,,1,30,44,1,,2,30,1,,3,2,1,,,,,,,,,,,1,2,,850000,2,,93,77,21,1,2,01,9329,20,2445.0798856
5354504,1,2,1,70,,1,4,60,4,,2,4,4,,3,2,7,,,,,,,,,,,1,1,500000,800000,2,,01,62,62,1,1,01,0111,20,2445.0798856
5354506,1,3,1,70,,1,4,44,4,,2,52,4,,2,2,1,,,,,,,,,,,1,2,,900000,2,,47,83,41,1,1,01,4711,20,2728.4120955
5354512,1,1,1,70,,1,20,48,1,,2,52,2,,9,2,1,,,,,,,,,,,1,2,,800000,2,,86,98,98,1,2,01,8610,20,3996.1027734
5354556,1,4,1,70,,1,16,48,2,,2,24,2,,9,2,1,,,,,,,,,,,1,2,,900000,2,,86,58,58,1,2,01,8610,20,1192.5365564
5354557,1,1,1,70,,1,6,48,4,,2,6,4,,1,2,1,,,,,,,,,,,1,2,,900000,2,,23,95,45,1,1,01,2392,20,2748.7942793
5354562,1,1,1,70,,1,1,48,1,,2,2,4,,9,2,1,,,1,,,,,,,,,1,1800000,1900000,1,1,84,19,19,1,1,01,8413,20,2167.6346094
5354563,1,2,1,70,,1,24,48,1,,2,102,1,,5,2,1,,,,,,,,,,,1,2,,400000,2,,56,53,97,1,2,01,5629,20,2531.3557758
5354617,1,3,1,70,,1,10,40,3,,2,200,3,,1,2,1,,,,,,,,,,,1,2,,500000,2,,97,54,54,1,1,01,9700,20,1528.572609
5354620,1,2,1,70,,1,3,44,1,,2,52,1,,3,2,1,,,,,,,,,,,1,2,,500000,2,,60,39,39,1,1,01,6010,20,2592.9546262
5354622,1,2,1,70,,1,12,48,4,,2,5,4,,2,2,1,,,,,,,,,,,1,2,,500000,2,,41,95,95,1,1,01,4112,20,1353.9287091
5354684,1,4,1,70,,1,38,60,1,,2,3,1,,2,2,1,,,,,,,,,,,1,1,200000,800000,2,,47,98,45,1,2,01,4721,23,4618.9721116
5354688,1,3,1,70,,1,36,48,1,,2,36,1,,9,2,1,,,,,,,,,,,1,2,,1600000,2,,29,32,45,1,2,01,2910,23,3891.118043
5354690,1,3,1,70,,1,8,48,1,,2,36,1,,9,2,1,,,,,,,,,,,1,2,,600000,2,,61,32,32,1,1,01,6190,23,1732.9824835
5354695,1,1,1,70,,1,6,48,1,,2,6,1,,3,2,1,,,,,,,,,,,1,2,,900000,2,,41,95,95,1,1,01,4111,23,2537.2863059
5354696,1,2,1,70,,1,12,40,1,,2,36,4,,1,2,1,,,,,,,,,,,1,2,,908526,2,,47,45,45,1,1,01,4792,23,2329.0890814
5354696,1,3,1,70,,1,52,40,1,,2,72,1,,7,2,1,,,,,,,,,,,1,2,,2000000,2,,85,13,13,1,2,01,8513,23,2329.0890814
5354699,1,3,1,70,,1,25,48,1,,2,5,4,,1,2,1,,,,,,,,,,,1,1,350000,877803,2,,85,13,13,1,2,01,8559,23,1732.9824835
5354699,1,4,1,70,,1,16,48,1,,2,5,4,,1,2,1,,,,,,,,,,,1,1,250000,877803,2,,85,13,13,1,2,01,8559,23,1732.9824835
5354704,1,3,1,70,,1,56,40,1,,2,56,4,,9,2,1,,,,,,,,,,,1,2,,1000000,2,,85,13,97,1,2,01,8530,23,2099.2237846
5354704,1,5,1,70,,1,8,40,1,,2,12,4,,1,2,1,,,1,,,,,,,,,2,,2000000,1,1,69,12,12,1,1,01,6910,23,2099.2237846
5354711,1,3,1,70,,1,56,48,2,,1,,,,,,,,.,,,,,,,,.,,,,1800000,,,,34,,1,2,01,.,23,1746.0091215
5354718,1,1,1,70,,1,1,40,3,,2,48,1,,3,2,1,,,,,,,,,,,1,2,,908526,2,,56,54,53,1,1,01,5611,23,2045.5733592
5354722,1,1,1,70,,1,8,48,4,,2,8,4,,9,2,1,,,1,,,,,,,,,2,,5000000,1,1,85,13,13,1,1,01,8544,23,6435.5277608
5354724,1,2,1,70,,1,12,48,1,,2,12,1,,4,2,1,,,,,,,,,,,1,2,,1000000,2,,47,58,45,1,1,01,4719,23,3730.5084946
5354724,1,3,1,70,,1,16,48,1,,2,24,1,,3,2,1,,,,,,,,,,,1,2,,800000,2,,47,45,45,1,2,01,4771,23,3730.5084946
5354725,1,2,1,70,,1,8,40,1,,2,52,4,,9,2,1,,,,,,,,,,,1,2,,1000000,2,,84,21,39,1,1,01,8412,23,3737.2013998
5354727,1,4,1,70,,1,1,48,1,,2,1,1,,5,2,1,,,,,,,,,,,1,1,500000,500000,2,,47,45,45,1,1,01,4771,23,1732.9824835
5354748,1,1,1,70,,1,1,48,1,,2,2,1,,6,2,1,,,,,,,,,,,1,1,800000,600000,2,,47,45,45,1,1,01,4771,23,4187.1261305
5354753,1,3,1,70,,1,24,48,1,,2,24,1,,9,2,1,,,,,,,,,,,1,2,,1200000,2,,96,32,32,1,2,01,9603,23,1732.9824835
5354753,1,5,1,70,,1,24,48,1,,2,30,1,,6,2,1,,,,,,,,,,,1,2,,1500000,2,,42,97,97,1,2,01,4210,23,1732.9824835
5354757,1,5,1,70,,1,28,48,4,,2,28,4,,1,2,1,,,,,,,,,,,1,2,,500000,2,,47,41,41,1,2,01,4799,23,1732.9824835
5354758,1,1,1,70,,1,12,48,1,,2,12,4,,1,2,1,,,,,,,,,,,1,2,,877803,2,,47,54,41,1,1,01,4719,23,3149.9854563
5354763,1,1,1,70,,1,4,48,4,,2,5,4,,3,2,1,,,,,,,,,,,1,2,,900000,2,,41,95,95,1,1,01,4112,27,500.4576243
5354771,1,2,1,70,,1,52,48,2,,2,53,4,,5,2,1,,,,,,,,,,,1,2,,2000000,2,,42,02,02,1,2,01,4290,27,613.4759857
5354771,1,3,1,70,,1,52,48,1,,2,54,4,,4,2,1,,,,,,,,,,,1,2,,1800000,2,,88,19,19,1,2,01,8810,27,613.4759857
5354772,1,2,1,70,,1,104,50,1,,2,120,1,,8,2,1,,,,,,,,1,,,,2,,1300000,2,,80,58,58,1,2,01,8010,27,831.63563644
5354780,1,1,1,70,,1,1,40,1,,2,4,4,,8,2,1,,,,,,,,,,,1,2,,1200000,2,,84,32,32,1,1,01,8412,27,696.37612528
5354931,1,4,1,70,,1,3,40,4,,2,4,4,,1,2,1,,,,,,,,,,,1,1,1400000,450000,2,,43,93,93,1,1,01,4330,27,891.32692484
5354934,1,1,1,70,,1,5,40,4,,2,12,4,,2,2,1,,,,,,,,,,,1,2,,700000,2,,41,95,95,1,1,01,4112,27,571.35601573
5354935,1,1,1,70,,1,2,50,1,,2,4,1,,8,2,1,,,,,,,,,,,1,2,,1400000,2,,85,58,58,1,1,01,8530,27,628.80707536
5354936,1,2,1,70,,1,3,40,1,,2,40,1,,2,2,1,,,,,,,,,,,1,2,,900000,2,,47,45,45,1,1,01,4771,27,1044.6623216
5354943,1,3,1,70,,1,2,40,1,,2,8,1,,2,2,7,,,,,,,,,,,1,2,,900000,2,,41,95,95,1,1,01,4112,27,326.64422694
5354957,1,2,1,70,,1,8,48,1,,2,102,1,,3,2,1,,,,,,,,,,,1,2,,900000,2,,47,45,45,1,1,01,4711,27,612.97141851
5354961,1,2,1,70,,1,51,40,1,,2,54,1,,2,2,1,,,,,,,,,,,1,2,,600000,2,,56,77,53,1,2,01,5630,27,630.14795764
5354963,1,1,1,70,,1,6,48,3,,2,18,3,,1,2,8,,,,,,,,,,,1,2,,850000,2,,97,54,59,1,1,01,9700,27,1019.6763759
5354984,1,2,1,70,,1,3,40,1,,2,52,1,,3,2,4,,,,,,,,,,,1,2,,1000000,2,,56,71,53,1,1,01,5619,27,496.48212643
5355011,1,2,1,70,,1,16,40,4,,2,16,4,,6,2,1,,,,,,,,,,,1,2,,877803,2,,85,58,58,1,2,01,8530,52,1319.713228
5355025,1,2,1,70,,1,8,24,3,,2,36,3,,1,2,1,,,,,,,,,,,1,2,,250000,2,,97,54,54,1,1,01,9700,52,2212.9848615
5355026,1,3,1,70,,1,25,48,1,,2,25,1,,4,2,1,,,,,,,,,,,1,2,,700000,2,,47,45,45,1,2,01,4771,52,1997.6199486
5355027,1,2,1,70,,1,40,48,1,,2,44,4,,1,2,1,,,,,,,,,,,1,2,,500000,2,,15,45,80,1,2,01,1522,52,3473.049153
5355027,1,5,1,70,,1,40,48,1,,2,40,1,,4,2,1,,,,,,,,,,,1,2,,600000,2,,42,95,95,1,2,01,4210,52,3473.049153
5355038,1,4,1,70,,1,24,48,1,,2,52,1,,9,2,1,,,,,,,,,,,1,2,,907526,2,,86,32,32,1,2,01,8610,52,981.00317483
5355039,1,4,1,70,,1,2,48,1,,2,2,1,,3,2,8,,,,,,,,,,,1,1,480000,480000,2,,47,45,45,1,1,01,4772,52,1455.1902184
5355039,1,6,1,70,,1,2,40,1,,2,3,1,,2,2,8,,,,,,,,,,,1,1,300000,600000,2,,95,97,84,1,1,01,9529,52,1455.1902184
5355045,1,1,1,70,,1,24,48,1,,2,24,1,,3,2,8,,,,,,,,,,,1,2,,300000,2,,25,93,93,1,2,01,2511,52,2079.0350987
5355050,1,3,1,70,,1,12,48,1,,2,18,1,,4,2,1,,,,,,,,,,,1,2,,900000,2,,47,97,33,1,1,01,4711,52,2013.9604518
5355061,1,2,1,70,,1,6,44,1,,2,6,1,,2,2,1,,,,,,,,,,,1,2,,800000,2,,25,87,87,1,1,01,2511,52,1140.2877154
5355118,1,2,1,70,,1,3,40,4,,2,4,4,,2,2,1,,,,,,,,,,,1,1,600000,500000,2,,41,95,95,1,1,01,4112,70,1560.2826309
5355118,1,3,1,70,,1,3,40,4,,2,2,4,,2,2,7,,,,,,,,,,,1,1,500000,500000,2,,41,95,95,1,1,01,4112,70,1560.2826309
5355118,1,4,1,70,,1,5,45,4,,2,6,4,,2,2,1,,,,,,,,,,,1,2,,500000,2,,41,95,95,1,1,01,4112,70,1560.2826309
5355118,1,5,1,70,,1,2,40,4,,2,3,4,,2,2,7,,,,,,,,,,,1,1,450000,400000,2,,41,95,95,1,1,01,4112,70,1560.2826309
5355123,1,3,1,70,,1,2,40,2,,2,2,4,,9,2,1,,,,,,,,,,,1,1,1200000,1000000,2,,94,39,39,1,1,01,9499,70,521.48559807
5355124,1,3,1,70,,1,10,40,9,SUBCONTRATADA POR DOCENTE COMO AUXILIAR,2,10,9,SUBCONTRATADA POR DOCENTE COMO AUXILIAR PARA REALIZAR LA MISMA LABOR,1,2,1,,,,,,,,,,,1,2,,500000,2,,85,59,59,1,1,01,8530,70,588.01108449
5355130,1,3,1,70,,1,6,40,4,,2,6,4,,9,2,1,,,,,,,,,,,1,2,,750000,2,,86,39,39,1,1,01,8610,70,1288.1941884
5355131,1,2,1,70,,1,18,40,1,,2,60,4,,9,2,1,,,,,,,,,,,1,2,,908526,2,,84,32,39,1,2,01,8415,70,1149.259841
5355133,1,3,1,70,,1,3,24,4,,2,4,4,,1,2,1,,,,,,,,,,,1,1,250000,300000,2,,01,62,62,1,1,01,0113,70,838.26925392
5355140,1,1,1,70,,1,4,40,4,,2,40,4,,1,2,1,,,,,,,,,,,1,2,,800000,2,,94,59,59,1,1,01,9499,70,521.48559807
5355140,1,2,1,70,,1,10,40,2,,2,10,9,SUBCONTRATADA POR DOCENTE PARA REALIZAR LA MISMA LABOR,1,2,1,,,,,,,,,,,1,2,,1200000,2,,85,13,13,1,1,01,8530,70,521.48559807
5355140,1,4,1,70,,1,4,40,1,,2,114,1,,6,2,1,,,,,,,,,,,1,2,,800000,2,,47,45,45,1,1,01,4771,70,521.48559807
5355142,1,2,1,70,,1,5,40,1,,2,98,3,,1,2,1,,,,,,,,,,,1,2,,600000,2,,97,45,54,1,1,01,9700,70,1175.3404781
5355147,1,2,1,70,,1,6,40,1,,2,36,4,,8,2,1,,,,,,,,,,,1,2,,1000000,2,,88,03,39,1,1,01,8890,70,822.6314521
5355151,1,2,1,70,,1,24,40,2,,2,356,3,,1,2,1,,,,,,,,,,,1,2,,600000,2,,97,55,54,1,2,01,9700,70,521.48559807
5355153,1,2,1,70,,1,12,40,1,,2,55,1,,6,2,1,,,,,,,,,,,1,2,,1200000,2,,85,13,13,1,1,01,8530,70,2049.4197604
5355159,1,2,1,70,,1,3,40,1,,2,3,4,,9,2,1,,,,,,,,1,,,,1,1400000,1500000,2,,84,19,19,1,1,01,8413,70,1521.752675
5355169,1,1,1,70,,1,3,40,8,,2,3,8,,2,2,1,,,,,,,,,,,1,1,300000,500000,2,,01,62,62,1,1,01,0141,70,1561.7253345
5355169,1,2,1,70,,1,4,40,3,,2,84,3,,1,2,1,,,,,,,,,,,1,2,,350000,2,,97,54,54,1,1,01,9700,70,1561.7253345
5355173,1,1,1,70,,1,5,40,3,,2,8,3,,1,2,1,,,,,,,,,,,1,2,,350000,2,,97,54,54,1,1,01,9700,70,1420.6589966
5355183,1,1,1,70,,1,12,40,1,,2,50,3,,1,2,1,,,,,,,,,,,1,2,,908526,2,,97,45,54,1,1,01,9700,70,1106.9392997
5355187,1,3,1,70,,1,8,40,4,,2,20,4,,1,2,1,,,,,,,,,,,1,2,,400000,2,,96,57,57,1,1,01,9602,70,521.48559807
5355187,1,4,1,70,,1,6,40,1,,2,52,4,,9,2,1,,,,,,,,,,,1,2,,1500000,2,,86,39,30,1,1,01,8610,70,521.48559807
5355226,1,4,1,70,,1,1,40,4,,2,3,4,,9,2,1,,,,,,,,,,,1,1,1800000,1400000,2,,84,05,05,1,1,01,8413,76,1336.5247406
5355229,1,1,1,70,,1,1,40,4,,2,3,4,,9,2,1,,,1,,,,,,,,,1,1600000,1400000,2,,84,03,03,1,1,01,8413,76,2774.8928267
5355229,1,2,1,70,,1,2,24,1,,2,47,1,,9,2,2,,,,,,,,,,,1,2,,98,2,,81,53,59,1,1,01,8130,76,2774.8928267
5355230,1,1,1,70,,1,52,48,1,,2,24,1,,2,2,8,,,,,,,,,,,1,2,,800000,2,,41,53,95,1,2,01,4111,76,1335.4531466
5355257,1,1,1,70,15,1,44,40,1,,2,44,1,,9,2,2,,,,,,,,,,,1,2,,1500000,2,,61,02,02,1,2,01,6110,15,136.12962098
5355263,1,1,1,70,15,1,32,40,1,,2,32,1,,3,2,1,,,,,,,,,,,1,2,,877803,2,,68,58,58,1,2,01,6820,15,158.06014955
5355265,1,1,1,70,15,1,3,40,1,,2,3,4,,2,2,4,,,,,,,,,,,1,1,800000,1000000,2,,49,98,98,1,1,01,4923,15,136.12962098
5355268,1,2,1,70,15,1,8,40,4,,2,8,4,,9,2,1,,,1,,,,,,,,,2,,4000000,1,1,85,21,21,1,1,01,8544,15,166.89380691
5355269,1,2,1,70,15,1,120,48,1,,2,120,2,,9,2,1,,,,,,,,,,,1,2,,1200000,2,,85,21,39,1,2,01,8544,15,118.79113242
5355270,1,1,1,70,15,1,4,50,2,,2,4,4,,9,2,1,,,1,,,,,,,,,2,,4000000,1,2,84,19,19,1,1,01,8412,15,145.88309956
5355270,1,2,1,70,15,1,48,48,1,,2,4,1,,9,2,1,,,1,,,,,,,,,2,,3500000,1,2,85,13,13,1,2,01,8544,15,145.88309956
5355275,1,2,1,70,15,1,16,40,1,,1,,,,,,,,.,,,,,,,,.,,,,1600000,,,,08,,1,2,01,.,15,169.18901322
5355275,1,3,1,70,15,1,52,40,1,,2,72,4,,9,2,2,,,,,,,,,,,1,2,,2100000,2,,84,21,21,1,2,01,8412,15,169.18901322
5355278,1,1,1,70,15,1,36,48,1,,2,39,1,,9,2,1,,,,,,,,,,,1,2,,908526,2,,86,59,59,1,2,01,8621,15,104.87913256
5355283,1,1,1,70,15,1,12,48,1,,2,12,1,,9,2,3,,,,,,,,,,,1,2,,908000,2,,85,39,39,1,1,01,8544,15,137.33510136
5355288,1,1,1,70,18,1,4,48,1,,2,4,4,,1,2,1,,,,,,,,,,,1,1,900000,980000,2,,49,58,98,1,1,01,4921,18,94.758284543
5355290,1,1,1,70,18,1,40,48,1,,2,40,1,,9,2,1,,,,,,,,,,,1,2,,500000,2,,86,55,55,1,2,01,8610,18,87.234671285
5355290,1,3,1,70,18,1,4,48,1,,2,20,2,,9,2,1,,,,,,,,,,,1,2,,980000,2,,84,39,58,1,1,01,8422,18,87.234671285
5355291,1,1,1,70,18,1,1,40,1,,2,4,3,,1,2,1,,,,,,,,,,,1,1,400000,900000,2,,97,53,54,1,1,01,9700,18,81.560246442
5355294,1,2,1,70,18,1,3,48,1,,2,3,1,,2,2,2,,,,,,,,,,,1,1,800000,980000,2,,49,97,97,1,1,01,4923,18,87.234671285
5355295,1,1,1,70,18,1,2,48,4,,2,2,4,,1,2,1,,,,,,,,,,,1,1,1000000,980000,2,,41,95,95,1,1,01,4111,18,110.68471771
5355298,1,1,1,70,18,1,2,48,1,,2,2,1,,3,2,1,,,,,,,,,,,1,1,900000,900000,2,,47,45,45,1,1,01,4771,18,47.545744021
5355304,1,5,1,70,18,1,2,48,4,,2,2,4,,1,2,1,,,,,,,,,,,1,1,600000,900000,2,,01,62,62,1,1,01,0161,18,77.723126363
5355306,1,2,1,70,18,1,8,48,1,,2,8,1,,2,2,1,,,,,,,,,,,1,1,600000,970000,2,,52,98,58,1,1,01,5221,18,104.64136458
5355309,1,1,1,70,18,1,8,48,1,,2,44,1,,7,2,1,,,,,,,,,,,1,2,,970000,2,,85,55,55,1,1,01,8530,18,47.545744021
5355309,1,2,1,70,18,1,8,48,3,,1,,,,,,,,.,,,,,,,,.,,,,900000,,,,54,,1,1,01,.,18,47.545744021
5355321,1,3,1,70,18,1,4,48,2,,2,4,1,,7,2,4,,,,,,,,,,,1,1,1500000,1500000,2,,47,11,33,1,1,01,4711,18,59.492245645
5355324,1,5,1,70,18,1,1,40,1,,2,40,1,,3,2,1,,,,,,,,,,,1,2,,650000,2,,56,32,53,1,1,01,5611,18,81.451260227
5355335,1,1,1,70,18,1,8,48,3,,2,28,3,,1,2,1,,,,,,,,,,,1,2,,600000,2,,97,54,54,1,1,01,9700,18,116.69234606
5355336,1,1,1,70,18,1,2,48,1,,2,2,1,,2,2,1,,,,,,,,,,,1,1,300000,600000,2,,56,53,53,1,1,01,5619,18,71.01974815
5355337,1,1,1,70,18,1,2,48,1,,2,2,4,,1,2,1,,,,,,,,,,,1,1,1000000,970000,2,,01,95,61,1,1,01,0161,18,120.71050631
5355342,1,1,1,70,18,1,16,48,4,,2,16,4,,1,2,7,,,,,,,,,,,1,2,,1000000,2,,01,95,61,1,2,01,0123,18,115.18186287
5355346,1,1,1,70,18,1,40,48,1,,2,36,4,,1,2,1,,,,,,,,,,,1,2,,800000,2,,47,45,45,1,2,01,4781,18,99.907080341
5355350,1,1,1,70,18,1,10,40,1,,2,384,3,,1,2,1,,,,,1,,,,,,,2,,900000,2,,97,55,54,1,1,01,9700,18,99.907080341
5355352,1,5,1,70,18,1,15,40,3,,2,36,3,,1,2,1,,,,,,,,,,,1,2,,800000,2,,97,54,54,1,2,01,9700,18,100.26110518
5355354,1,1,1,70,18,1,5,40,1,,2,7,4,,2,2,2,,,,,,,,,,,1,2,,900000,2,,56,53,53,1,1,01,5619,18,70.449405571
5355355,1,1,1,70,18,1,8,48,1,,2,28,4,,2,2,1,,,,,,,,,,,1,2,,970000,2,,10,95,41,1,1,01,1081,18,132.04843665
5355357,1,4,1,70,18,1,28,48,1,,2,28,4,,1,2,1,,,,,,,,,,,1,2,,970000,2,,56,45,51,1,2,01,5630,18,47.545744021
5355358,1,1,1,70,18,1,2,48,1,,2,2,1,,3,2,1,,,,,,,,,,,1,1,600000,900000,2,,41,95,95,1,1,01,4111,18,115.18186287
5355361,1,2,1,70,19,1,48,40,1,,2,48,1,,5,2,1,,,,,,,,,,,1,2,,900000,2,,64,03,37,1,2,01,6499,19,95.384698813
5355364,1,3,1,70,19,1,4,45,1,,1,,,,,,,,.,,,,,,,,.,,,,1500000,,,,19,,1,1,01,.,19,70.769627723
5355366,1,5,1,70,19,1,40,40,1,,2,52,1,,2,2,1,,,,,,,,,,,1,2,,980000,2,,77,32,45,1,2,01,7729,19,63.187288139
5355367,1,2,1,70,19,1,8,45,1,,2,8,1,,7,2,4,,,,,,,,,,,1,2,,1200000,2,,80,58,58,1,1,01,8010,19,126.05918614
5355368,1,1,1,70,19,1,4,48,4,,2,40,4,,3,2,1,,,,,,,,,,,1,2,,500000,2,,56,53,53,1,1,01,5611,19,106.92271688
5355375,1,3,1,70,19,1,32,45,1,,1,,,,,,,,.,,,,,,,,.,,,,1500000,,,,21,,1,2,01,.,19,124.17362017
5355377,1,1,1,70,19,1,40,45,1,,2,40,1,,6,2,1,,,,,,,,,,,1,2,,1000000,2,,49,98,98,1,2,01,4923,19,250.58090429
5355377,1,2,1,70,19,1,3,45,1,,2,3,1,,5,2,3,,,,,,,,,,,1,2,,1500000,2,,85,13,13,1,1,01,8512,19,250.58090429
5355377,1,3,1,70,19,1,52,45,1,,2,52,1,,7,2,1,,,,,,,,,,,1,2,,1000000,2,,80,58,58,1,2,01,8010,19,250.58090429
5355386,1,1,1,70,19,1,40,40,1,,2,40,1,,2,2,1,,,,,,,,,,,1,2,,800000,2,,47,45,45,1,2,01,4711,19,121.71807033
5355401,1,2,1,70,19,1,6,45,1,,1,,,,,,,,.,,,,,,,,.,,,,980000,,,,84,,1,1,01,.,19,115.61289371
5355407,1,1,1,70,19,1,12,40,1,,2,48,1,,4,2,1,,,,,,,,,,,1,2,,980000,2,,86,32,39,1,1,01,8691,19,146.75389054
5355407,1,2,1,70,19,1,4,40,1,,2,4,3,,2,2,1,,,,,,,,,,,1,1,600000,900000,2,,97,95,95,1,1,01,9700,19,146.75389054
5355409,1,2,1,70,19,1,15,48,1,,2,98,1,,8,2,4,,,,,,,,,,,1,2,,98,2,,86,07,07,1,2,01,8621,19,85.72030604
5355411,1,2,1,70,19,1,80,40,1,,2,80,1,,5,2,2,,,,,1,,,,,,,2,,1800000,2,,85,19,19,1,2,01,8530,19,112.98824665
5355412,1,1,1,70,19,1,40,40,3,,2,40,3,,1,2,1,,,,,,,,,,,1,2,,800000,2,,97,55,59,1,2,01,9700,19,113.05955603
5355412,1,3,1,70,19,1,48,40,1,,2,40,1,,4,2,1,,,,,,,,,,,1,2,,600000,2,,45,99,99,1,2,01,4520,19,113.05955603
5355425,1,1,1,70,19,1,4,45,1,,2,4,4,,3,2,4,,,,,,,,,,,1,2,,900000,2,,56,53,53,1,1,01,5619,19,184.00161407
5355425,1,7,1,70,19,1,3,40,1,,2,3,1,,3,2,4,,,,,,,,,,,1,2,,800000,2,,56,53,53,1,1,01,5619,19,184.00161407
5355426,1,4,1,70,19,1,40,40,3,,2,40,3,,1,2,1,,,,,,,,,,,1,2,,400000,2,,97,54,54,1,2,01,9700,19,135.3653702
5355428,1,2,1,70,19,1,52,50,1,,1,,,,,,,,.,,,,,,,,.,,,,1000000,,,,13,,1,2,01,.,19,90.729193554
5355429,1,2,1,70,19,1,60,40,1,,2,60,1,,6,2,2,,,,,,,,,,,1,2,,2600000,2,,62,08,21,1,2,01,6201,19,146.75389054
5355434,1,3,1,70,19,1,40,40,1,,2,40,1,,2,2,1,,,,,,,,,,,1,2,,900000,2,,47,45,45,1,2,01,4771,19,120.30639108
5355438,1,3,1,70,19,1,60,40,1,,2,60,1,,5,2,1,,,,,1,,,,,,,2,,1500000,2,,55,11,50,1,2,01,5511,19,138.80890834
5355445,1,1,1,70,19,1,4,40,1,,2,4,1,,9,2,7,,,,,,,,,,,1,1,980000,980000,2,,80,33,33,1,1,01,8010,19,134.62017557
5355445,1,2,1,70,19,1,40,48,1,,2,40,1,,5,2,8,,,,,,,,,,,1,2,,980000,2,,90,98,97,1,2,01,9007,19,134.62017557
5355447,1,3,1,70,19,1,40,48,1,,1,,,,,,,,.,,,,,,,,.,,,,2000000,,,,21,,1,2,01,.,19,146.08029169
5355447,1,4,1,70,19,1,40,48,1,,2,40,1,,2,2,1,,,,,,,,,,,1,2,,980000,2,,49,03,98,1,2,01,4921,19,146.08029169
5355449,1,3,1,70,19,1,52,45,1,,2,52,1,,9,2,1,,,,,,,,,,,1,2,,980000,2,,86,59,59,1,2,01,8610,19,129.64928017
5355453,1,3,1,70,19,1,6,48,1,,2,96,4,,4,2,1,,,,,,,,,,,1,2,,800000,2,,45,45,45,1,1,01,4530,19,133.52288578
5355454,1,5,1,70,19,1,48,40,1,,2,48,2,,9,2,1,,,,,1,,,,,,,2,,1400000,2,,84,19,21,1,2,01,8412,19,118.06844354
5355460,1,2,1,70,19,1,24,40,1,,1,,,,,,,,.,,,,,,,,.,,,,2500000,,,,12,,1,2,01,.,19,63.187288139
5355462,1,1,1,70,19,1,48,40,1,,2,48,4,,3,2,2,,,,,1,,,,,,,2,,1200000,2,,90,97,17,1,2,01,9007,19,145.97199089
5355463,1,2,1,70,19,1,20,45,1,,2,20,2,,9,2,3,,,,,,,,,,,1,2,,2000000,2,,84,12,12,1,2,01,8412,19,146.75389054
5355467,1,2,1,70,19,1,24,40,1,,2,38,1,,9,2,1,,,,,,,,,,,1,2,,1300000,2,,35,39,39,1,2,01,3511,19,149.10013888
5355498,1,2,1,70,19,1,52,45,1,,2,52,1,,5,2,1,,,,,,,,,,,1,2,,1000000,2,,61,15,15,1,2,01,6190,19,148.31923992
5355500,1,3,1,70,19,1,4,50,4,,2,50,4,,3,2,1,,,,,,,,,,,1,2,,98,2,,41,95,95,1,1,01,4111,19,176.31731571
5355500,1,4,1,70,19,1,7,48,4,,2,60,4,,1,2,1,,,,,,,,,,,1,2,,98,2,,49,98,98,1,1,01,4921,19,176.31731571
5355506,1,2,1,70,19,1,2,45,2,,2,2,2,,9,2,3,,,1,,,,,,,,,2,,2500000,1,2,84,05,05,1,1,01,8413,19,146.75389054
5355511,1,4,1,70,19,1,200,48,1,,2,200,1,,2,2,1,,,,,,,,,,,1,2,,500000,2,,47,55,45,1,2,01,4724,19,124.64039266
5355516,1,2,1,70,19,1,60,40,1,,2,60,2,,9,2,2,,,,,,,,,,,1,2,,1000000,2,,84,39,39,1,2,01,8412,19,144.6379506
5355519,1,3,1,70,19,1,4,40,1,,2,16,1,,4,2,1,,,,,,,,,,,1,2,,877810,2,,41,95,95,1,1,01,4111,19,161.53573461
5355520,1,4,1,70,19,1,4,40,1,,2,12,3,,1,2,1,,,,,,,,,,,1,2,,800000,2,,97,32,54,1,1,01,9700,19,185.25257399
5355528,1,2,1,70,19,1,36,48,1,,1,,,,,,,,.,,,,,,,,.,,,,900000,,,,32,,1,2,01,.,19,136.77410763
5355528,1,3,1,70,19,1,24,48,1,,1,,,,,,,,.,,,,,,,,.,,,,700000,,,,57,,1,2,01,.,19,136.77410763
5355532,1,1,1,70,19,1,8,45,1,,2,8,1,,7,2,1,,,,,,,,,,,1,2,,877810,2,,80,45,39,1,1,01,8010,19,114.5166046
5355538,1,1,1,70,19,1,8,48,2,,2,50,1,,6,2,4,,,,,,,,,,,1,2,,98,2,,85,13,13,1,1,01,8512,19,131.17663743
5355546,1,2,1,70,19,1,96,48,1,,2,96,1,,4,2,1,,,,,,,,,,,1,2,,1600000,2,,69,32,32,1,2,01,6910,19,126.16748694
5355550,1,1,1,70,19,1,6,45,1,,2,6,1,,6,2,4,,,,,,,,,,,1,2,,900000,2,,80,58,58,1,1,01,8010,19,156.73367346
5355552,1,2,1,70,19,1,36,40,1,,2,48,1,,6,2,1,,,,,,,,,,,1,2,,980000,2,,80,58,58,1,2,01,8010,19,163.37821904
5355553,1,1,1,70,19,1,40,48,3,,2,40,3,,1,2,1,,,,,,,,,,,1,2,,800000,2,,97,55,54,1,2,01,9700,19,102.97147231
5355560,1,2,1,70,19,1,24,45,1,,2,24,1,,6,2,1,,,,,,,,,,,1,2,,1500000,2,,46,13,03,1,2,01,4632,19,146.75389054
5355567,1,2,1,70,20,1,30,48,1,,2,30,1,,3,2,7,,,,,,,,,,,1,2,,1000000,2,,45,33,39,1,2,01,4530,20,195.52203233
5355567,1,3,1,70,20,1,4,24,1,,1,,,,,,,,.,,,,,,,,.,,,,877000,,,,45,,1,1,01,.,20,195.52203233
5355578,1,3,1,70,20,1,40,48,4,,2,40,4,,4,2,8,,,,,,,,,,,1,2,,1000000,2,,45,84,84,1,2,01,4520,20,216.52522806
5355585,1,3,1,70,20,1,16,48,1,,2,20,1,,9,2,1,,,,,,,,,,,1,2,,877000,2,,10,45,77,1,2,01,1040,20,225.96628813
5355588,1,1,1,70,20,1,8,40,4,,2,9,4,,1,2,1,,,,,,,,,,,1,2,,907000,2,,96,45,57,1,1,01,9602,20,175.97176152
5355588,1,2,1,70,20,1,156,48,4,,2,52,4,,7,2,1,,,,,,,,,,,1,2,,907000,2,,85,12,13,1,2,01,8530,20,175.97176152
5355588,1,3,1,70,20,1,52,48,1,,2,52,1,,6,2,1,,,,,,,,,,,1,2,,907000,2,,85,53,13,1,2,01,8530,20,175.97176152
5355593,1,3,1,70,20,1,4,48,4,,2,4,2,,9,2,8,,,,,,,,,,,1,2,,900000,2,,84,95,58,1,1,01,8422,20,156.75980055
5355597,1,2,1,70,20,1,4,48,1,,2,96,1,,3,2,1,,,,,,,,,,,1,2,,907000,2,,56,53,53,1,1,01,5611,20,124.93871282
5355597,1,5,1,70,20,1,52,48,1,,2,53,1,,3,2,1,,,,,,,,,,,1,2,,500000,2,,86,59,32,1,2,01,8622,20,124.93871282
5355601,1,3,1,70,20,1,40,48,1,,2,44,1,,5,2,1,,,,,,,,,,,1,2,,908500,2,,47,45,45,1,2,01,4771,20,226.61110208
5355601,1,4,1,70,20,1,52,48,1,,2,52,1,,5,2,1,,,,,,,,,,,1,2,,908500,2,,47,13,44,1,2,01,4771,20,226.61110208
5355603,1,1,1,70,20,1,24,60,1,,2,28,4,,2,2,9,PAGA AFILIACION WN SALUD EN EL REGIMEN CONTRIBUTIVO,,,,,,,,,,1,2,,900000,2,,43,39,93,1,2,01,4330,20,197.85838575
5355603,1,4,1,70,20,1,8,48,1,,1,,,,,,,,.,,,,,,,,.,,,,890000,,,,02,,1,1,01,.,20,197.85838575
5355605,1,8,1,70,20,1,8,48,3,,2,32,3,,1,2,1,,,,,,,,,,,1,2,,700000,2,,97,54,54,1,1,01,9700,20,258.23749565
5355606,1,3,1,70,20,1,8,40,1,,2,8,1,,2,2,1,,,,,,,,,,,1,2,,300000,2,,56,95,53,1,1,01,5630,20,205.37771664
5355606,1,4,1,70,20,1,40,50,3,,2,40,4,,8,2,1,,,,,,,,,,,1,2,,500000,2,,64,54,39,1,2,01,6499,20,205.37771664
5355607,1,6,1,70,20,1,6,48,1,,2,8,4,,3,2,1,,,,,,,,,,,1,2,,800000,2,,41,99,95,1,1,01,4111,20,196.0156606
5355612,1,2,1,70,20,1,40,48,4,,2,40,4,,2,2,8,,,,,,,,,,,1,2,,900000,2,,47,41,41,1,2,01,4711,20,179.19042908
5355613,1,1,1,70,20,1,40,48,1,,2,70,1,,9,2,1,,,,,,,,,,,1,2,,907000,2,,86,59,59,1,2,01,8610,20,194.36762962
5355622,1,2,1,70,20,1,32,48,1,,2,44,1,,5,2,1,,,,,,,,,,,1,2,,908500,2,,55,54,54,1,2,01,5511,20,203.20674751
5355627,1,3,1,70,20,1,20,48,1,,2,104,1,,4,2,1,,,,,,,,,,,1,2,,900000,2,,47,45,45,1,2,01,4771,20,182.8030262
5355627,1,6,1,70,20,1,4,48,1,,2,4,4,,1,2,1,,,,,,,,,,,1,1,500000,800000,2,,47,45,41,1,1,01,4781,20,182.8030262
5355628,1,4,1,70,20,1,12,48,1,,2,12,4,,9,2,1,,,,,,,,,,,1,2,,900000,2,,84,19,19,1,1,01,8413,20,126.54323531
5355629,1,4,1,70,20,1,8,40,4,,2,12,4,,1,2,8,,,,,,,,,,,1,2,,900000,2,,81,54,54,1,1,01,8121,20,100.6567129
5355630,1,2,1,70,20,1,4,48,1,,2,4,4,,5,2,1,,,,,,,,,,,1,1,200000,908500,2,,90,17,17,1,1,01,9007,20,187.2355998
5355631,1,3,1,70,20,1,48,48,1,,2,48,1,,9,2,4,,,,,,,,,,,1,2,,980000,2,,10,77,77,1,2,01,1081,20,219.86662955
5355635,1,2,1,70,20,1,4,48,2,,2,4,4,,9,2,1,,,,1,,,,,,,,2,,877000,1,2,85,13,13,1,1,01,8544,20,224.51112027
5355636,1,2,1,70,20,1,41,48,4,,2,41,4,,2,2,1,,,,,,,,,,,1,2,,877800,2,,96,57,57,1,2,01,9602,20,129.19590247
5355636,1,3,1,70,20,1,36,48,1,,2,36,1,,4,2,1,,,,,,,,,,,1,2,,907000,2,,49,98,98,1,2,01,4921,20,129.19590247
5355643,1,2,1,70,20,1,40,40,1,,2,7,4,,1,2,1,,,,,,,,,,,1,2,,877800,2,,56,45,45,1,2,01,5619,20,121.64081981
5355648,1,2,1,70,20,1,18,48,1,,2,18,1,,9,2,1,,,,,,,,,,,1,2,,1200000,2,,61,03,03,1,2,01,6120,20,182.61817601
5355652,1,1,1,70,20,1,8,40,1,,2,12,1,,8,2,2,,,,,,,,,,,1,2,,1000000,2,,85,13,13,1,1,01,8530,20,161.13860979
5355656,1,5,1,70,20,1,4,48,2,,2,40,4,,9,2,4,,,,,,,,,,,1,2,,98,2,,86,11,11,1,1,01,8610,20,252.11010201
5355657,1,1,1,70,20,1,20,48,1,,2,20,4,,6,2,3,,,,1,,,,,,,,2,,4000000,3,,42,05,05,1,2,01,4210,20,124.23398365
5355657,1,2,1,70,20,1,25,48,1,,2,24,4,,6,2,4,,,,,,,,,,,1,2,,4000000,2,,84,05,05,1,2,01,8413,20,124.23398365
5355666,1,3,1,70,20,1,7,48,2,,2,4,4,,5,2,1,,,,1,,,,,,,,1,200000,1400000,1,2,86,06,06,1,1,01,8622,20,135.18949008
5355676,1,3,1,70,20,1,3,72,2,,1,,,,,,,,.,,,,,,,,.,,,,700000,,,,58,,1,1,01,.,20,214.56088333
5355689,1,2,1,70,20,1,20,48,1,,2,40,3,,1,2,1,,,,,,,,,,,1,2,,877000,2,,97,45,54,1,2,01,9700,20,179.53533602
5355689,1,7,1,70,20,1,6,24,4,,1,,,,,,,,.,,,,,,,,.,,,,600000,,,,53,,1,1,01,.,20,179.53533602
5355689,1,9,1,70,20,1,4,48,3,,2,4,3,,1,2,1,,,,,,,,,,,1,2,,500000,2,,97,54,54,1,1,01,9700,20,179.53533602
5355696,1,3,1,70,20,1,104,48,1,,2,104,1,,4,2,2,,,,,,,,,,,1,2,,600000,2,,56,33,33,1,2,01,5611,20,211.14913124
5355698,1,2,1,70,20,1,24,48,1,,2,104,1,,9,2,2,,,,,,,,,,,1,2,,1200000,2,,05,39,39,1,2,01,0510,20,202.69757064
5355700,1,1,1,70,20,1,8,40,3,,2,40,3,,1,2,1,,,,,,,,,,,1,2,,400000,2,,97,54,54,1,1,01,9700,20,115.15360394
5355700,1,2,1,70,20,1,8,48,3,,2,52,3,,1,2,4,,,,,,,,,,,1,2,,300000,2,,97,54,54,1,1,01,9700,20,115.15360394
5355701,1,2,1,70,20,1,32,48,1,,2,32,1,,7,2,1,,,,,,,,,,,1,2,,1000000,2,,86,39,39,1,2,01,8621,20,137.07572371
5355704,1,2,1,70,20,1,40,48,2,,2,40,2,,9,2,1,,,,,,,,,,,1,2,,2000000,2,,36,12,39,1,2,01,3600,20,108.66638807
5355705,1,2,1,70,20,1,12,48,3,,2,42,1,,4,2,1,,,,,,,,,,,1,2,,400000,2,,56,54,53,1,1,01,5611,20,205.88689351
5355711,1,2,1,70,20,1,8,48,1,,2,8,4,,1,2,1,,,,,,,,,,,1,2,,877800,2,,43,84,95,1,1,01,4330,20,204.66191537
5355712,1,2,1,70,20,1,2,48,1,,2,3,1,,9,2,1,,,,,,,,,,,1,1,915000,908500,2,,80,33,33,1,1,01,8010,20,151.20414628
5355714,1,2,1,70,20,1,4,40,1,,2,4,1,,5,2,8,,,,,,,,,,,1,2,,1000000,2,,47,45,45,1,1,01,4771,20,198.94955785
5355723,1,1,1,70,20,1,16,48,1,,2,20,2,,9,2,1,,,,,,,,,,,1,2,,1400000,2,,84,12,12,1,2,01,8424,20,170.96327505
5355724,1,2,1,70,20,1,30,48,1,,1,,,,,,,,.,,,,,,,,.,,,,1500000,,,,02,,1,2,01,.,20,192.91246176
5355728,1,2,1,70,20,1,4,48,2,,2,24,2,,9,2,5,,,,1,,,,,,,,2,,1900000,1,1,86,07,07,1,1,01,8610,20,199.39967763
5355751,1,4,1,70,23,1,40,48,1,,1,,,,,,,,.,,,,,,,,.,,,,877803,,,,55,,1,2,01,.,23,185.82121226
5355753,1,3,1,70,23,1,3,48,1,,2,3,2,,9,2,5,,,,,,,,,,,1,1,1000000,877802,2,,84,58,58,1,1,01,8422,23,160.2509552
5355753,1,11,1,70,23,1,3,48,1,,2,3,4,,1,2,1,,,,,,,,,,,1,1,350000,400000,2,,81,45,55,1,1,01,8121,23,160.2509552
5355756,1,2,1,70,23,1,25,48,1,,2,49,1,,6,2,1,,,,,,,,,,,1,2,,908526,2,,85,13,13,1,2,01,8530,23,166.14878
5355756,1,3,1,70,23,1,3,48,3,,2,3,3,,1,2,1,,,,,,,,,,,1,1,450000,600000,2,,97,54,54,1,1,01,9700,23,166.14878
5355761,1,2,1,70,23,1,40,48,4,,2,40,4,,1,2,1,,,,,,,,,,,1,2,,877803,2,,32,45,94,1,2,01,3290,23,164.02938941
5355768,1,1,1,70,23,1,12,48,1,,2,12,1,,9,2,1,,,,,,,,,,,1,2,,908526,2,,86,55,55,1,1,01,8610,23,162.65579383
5355770,1,6,1,70,23,1,52,48,1,,2,104,1,,3,2,4,,,,,,,,,,,1,2,,877803,2,,56,55,53,1,2,01,5611,23,187.92457818
5355776,1,4,1,70,23,1,8,48,4,,2,8,4,,1,2,8,,,,,,,,,,,1,2,,300000,2,,49,98,98,1,1,01,4921,23,225.67851172
5355776,1,5,1,70,23,1,30,48,1,,2,48,1,,5,2,1,,,,,,,,,,,1,2,,877802,2,,86,59,59,1,2,01,8610,23,225.67851172
5355777,1,1,1,70,23,1,4,48,1,,2,4,1,,5,2,8,,,,,,,,,,,1,1,700000,877802,2,,41,95,95,1,1,01,4111,23,185.82121226
5355786,1,5,1,70,23,1,20,48,1,,2,30,1,,5,2,1,,,,,,,,,,,1,2,,877803,2,,56,53,53,1,2,01,5611,23,192.24186219
5355786,1,6,1,70,23,1,30,48,1,,2,35,1,,9,2,1,,,,,,,,,,,1,2,,877803,2,,47,45,45,1,2,01,4759,23,192.24186219
5355797,1,1,1,70,23,1,18,48,3,,1,,,,,,,,.,,,,,,,,.,,,,600000,,,,54,,1,2,01,.,23,170.0868475
5355802,1,4,1,70,23,1,72,48,1,,2,72,1,,4,2,1,,,,,,,,,,,1,2,,877803,2,,47,33,33,1,2,01,4771,23,190.66478276
5355806,1,2,1,70,23,1,8,48,1,,2,8,1,,4,2,1,,,,,,,,,,,1,2,,800000,2,,77,97,97,1,1,01,7730,23,187.83787097
5355807,1,1,1,70,23,1,39,48,1,,2,58,1,,2,2,1,,,,,,,,,,,1,2,,1000000,2,,69,11,11,1,2,01,6920,23,170.57251729
5355807,1,4,1,70,23,1,15,48,4,,2,32,4,,1,2,1,,,,,,,,,,,1,2,,600000,2,,52,97,97,1,2,01,5224,23,170.57251729
5355817,1,8,1,70,23,1,8,48,1,,2,8,1,,8,2,7,,,,,,,,,,,1,2,,1000000,2,,85,13,13,1,1,01,8530,23,172.14086079
5355818,1,4,1,70,23,1,20,48,1,,2,20,1,,9,2,1,,,,,,,,,,,1,2,,908526,2,,20,45,45,1,2,01,2023,23,158.86490715
5355838,1,2,1,70,23,1,4,48,1,,2,4,1,,3,2,8,,,,,,,,,,,1,1,400000,877802,2,,47,45,45,1,1,01,4769,23,178.09654355
5355839,1,2,1,70,23,1,40,48,3,,2,40,3,,1,2,1,,,,,,,,,,,1,2,,600000,2,,97,54,54,1,2,01,9700,23,142.30499058
5355840,1,3,1,70,23,1,3,48,1,,2,3,1,,2,2,1,,,,,,,,,,,1,2,,877802,2,,31,55,81,1,1,01,3110,23,148.45769859
5355842,1,2,1,70,23,1,104,48,1,,2,208,1,,9,2,1,,,,,,,,,,,1,2,,908526,2,,86,39,39,1,2,01,8610,23,188.5455854
5355845,1,1,1,70,23,1,12,48,1,,2,16,1,,4,2,4,,,,,,,,,,,1,2,,1000000,2,,55,13,54,1,1,01,5511,23,187.78749498
5355849,1,1,1,70,23,1,34,48,4,,2,49,4,,1,2,4,,,,,,,,,,,1,2,,908526,2,,93,18,18,1,2,01,9312,23,198.12724214
5355849,1,6,1,70,23,1,8,48,1,,2,8,1,,4,2,4,,,,,,,,,,,1,2,,800000,2,,55,11,39,1,1,01,5530,23,198.12724214
5355850,1,3,1,70,23,1,48,48,1,,2,48,1,,4,2,7,,,,,,,,,,,1,2,,1000000,2,,69,11,11,1,2,01,6920,23,114.87770048
5355850,1,5,1,70,23,1,48,48,1,,2,48,1,,7,2,1,,,,,,,,,,,1,2,,877803,2,,69,39,39,1,2,01,6920,23,114.87770048
5355852,1,1,1,70,23,1,48,48,1,,2,48,2,,9,2,1,,,,,1,,,,,,,2,,877803,3,,84,58,58,1,2,01,8422,23,185.87158825
5355853,1,2,1,70,23,1,10,48,1,,2,12,1,,2,2,1,,,,,,,,,,,1,2,,908526,2,,47,45,40,1,1,01,4724,23,160.10536667
5355855,1,2,1,70,23,1,24,50,1,,2,30,1,,3,2,1,,,,,,,,,,,1,2,,800000,2,,41,95,95,1,2,01,4111,23,164.90217839
5355857,1,4,1,70,23,1,48,48,1,,2,48,1,,3,2,1,,,,,,,,,,,1,2,,877803,2,,47,45,45,1,2,01,4771,23,208.46637544
5355860,1,1,1,70,23,1,4,48,4,,2,4,4,,1,2,2,,,,,,,,,,,1,2,,600000,2,,43,93,93,1,1,01,4330,23,165.7191875
5355864,1,1,1,70,23,1,2,48,4,,2,2,4,,1,2,1,,,,,,,,,,,1,1,650000,800000,2,,41,95,95,1,1,01,4111,23,148.16408354
5355872,1,3,1,70,23,1,4,48,1,,2,4,1,,4,2,1,,,,,,,,,,,1,2,,600000,2,,41,95,95,1,1,01,4111,23,179.28765044
5355882,1,1,1,70,23,1,24,50,1,,2,24,1,,4,2,5,,,1,,,,,,,,,2,,1800000,1,1,69,12,12,1,2,01,6910,23,188.5541281
5355884,1,3,1,70,23,1,4,48,1,,2,4,1,,4,2,1,,,,,,,,,,,1,1,400000,877802,2,,47,12,45,1,1,01,4771,23,168.46553417
5355887,1,1,1,70,23,1,48,48,1,,2,48,1,,5,2,7,,,,,,,,,,,1,2,,2000000,2,,47,40,40,1,2,01,4771,23,186.58784538
5355911,1,6,1,70,41,1,5,48,1,,2,6,1,,3,2,1,,,,,,,,,,,1,2,,910000,2,,47,45,45,1,1,01,4771,41,169.49469378
5355914,1,2,1,70,41,1,15,45,1,,2,20,1,,7,2,2,,,,,,,,,,,1,2,,1600000,2,,47,40,40,1,2,01,4772,41,197.68193037
5355921,1,2,1,70,44,1,96,48,2,,2,180,1,,9,2,2,,,,,,,,,,,1,2,,900000,2,,47,13,33,1,2,01,4711,44,134.91595743
5355921,1,7,1,70,44,1,4,48,4,,2,2,4,,9,2,4,,,,,,,,,,,1,1,500000,1500000,2,,49,97,97,1,1,01,4923,44,134.91595743
5355926,1,6,1,70,44,1,104,48,1,,1,,,,,,,,.,,,,,,,,.,,,,1000000,,,,11,,1,2,01,.,44,95.586962297
5355931,1,2,1,70,44,1,4,48,1,,2,4,1,,9,2,1,,,,,,,,,,,1,1,1900000,1600000,1,1,88,19,19,1,1,01,8890,44,75.135993365
5355948,1,1,1,70,44,1,4,42,5,,2,4,5,,2,2,1,,,,,,,,,,,1,2,,1500000,2,,56,51,51,1,1,01,5619,44,77.175209522
5355949,1,1,1,70,44,1,4,48,1,,2,4,1,,9,2,1,,,,,,,,,,,1,1,954000,1000000,2,,47,39,45,1,1,01,4711,44,124.22753052
5355955,1,3,1,70,44,1,3,48,2,,2,26,1,,4,2,1,,,,,,,,,,,1,2,,850900,2,,47,11,39,1,1,01,4731,44,109.81114862
5355956,1,2,1,70,44,1,104,48,1,,2,104,4,,9,2,1,,,1,,,,,,,,,2,,2500000,1,1,94,39,39,1,2,01,9499,44,59.639876965
5355958,1,1,1,70,44,1,104,48,2,,2,104,2,,9,2,1,,,1,,,,,,,,,2,,1500000,1,1,84,21,32,1,2,01,8412,44,83.648549106
5355958,1,3,1,70,44,1,40,48,1,,1,,,,,,,,.,,,,,,,,.,,,,954000,,,,12,,1,2,01,.,44,83.648549106
5355961,1,2,1,70,44,1,55,48,1,,2,97,1,,9,2,2,,,,,,,,,,,1,2,,950000,2,,86,19,19,1,2,01,8692,44,103.33780904
5355967,1,4,1,70,44,1,96,48,1,,2,96,4,,9,2,1,,,,,,,,,,,1,2,,1500000,2,,94,21,21,1,2,01,9499,44,59.639876965
5355973,1,1,1,70,44,1,8,48,1,,2,8,1,,4,2,1,,,,,,,,,,,1,2,,950000,2,,45,19,32,1,1,01,4520,44,59.639876965
5355973,1,2,1,70,44,1,48,48,1,,2,48,1,,4,2,4,,,,,,,,,,,1,2,,950000,2,,85,13,13,1,2,01,8530,44,59.639876965
5355976,1,3,1,70,44,1,48,48,1,,2,48,1,,6,2,4,,,,,,,,,,,1,2,,1300000,2,,42,02,02,1,2,01,4210,44,103.65187617
5355976,1,4,1,70,44,1,96,48,1,,2,48,4,,3,2,1,,,,,,,,,,,1,2,,950000,2,,45,33,84,1,2,01,4520,44,103.65187617
5356010,1,4,1,70,52,1,40,40,4,,2,26,2,,9,2,7,,,,,1,,,,,,,2,,3000000,2,,84,12,12,1,2,01,8412,52,171.45091352
5356011,1,1,1,70,52,1,4,30,4,,2,4,1,,2,2,8,,,,,,,,,,,1,1,300000,800000,2,,47,55,45,1,1,01,4741,52,314.55302652
5356011,1,2,1,70,52,1,2,40,1,,2,4,1,,2,2,8,,,,,,,,,,,1,1,850000,800000,2,,41,95,95,1,1,01,4111,52,314.55302652
5356015,1,2,1,70,52,1,20,40,4,,2,8,4,,1,2,1,,,,,,,,,,,1,2,,1000000,2,,90,17,17,1,2,01,9007,52,289.99658945
5356018,1,2,1,70,52,1,8,48,1,,2,8,1,,6,2,3,,,,,,,,,,,1,2,,1000000,2,,86,59,59,1,1,01,8621,52,157.82920791
5356038,1,4,1,70,52,1,8,40,3,,2,18,3,,1,2,1,,,,,,,,,,,1,2,,300000,2,,97,54,54,1,1,01,9700,52,147.484547
5356040,1,5,1,70,52,1,16,44,1,,2,20,1,,3,2,1,,,,,,,,,,,1,2,,700000,2,,22,97,90,1,2,01,2219,52,101.7673978
5356042,1,3,1,70,52,1,2,25,1,,2,8,4,,1,2,1,,,,,,,,,,,1,2,,200000,2,,96,97,97,1,1,01,9609,52,307.57565935
5356043,1,1,1,70,52,1,24,48,4,,2,24,4,,1,2,2,,,,1,,,,,,,,2,,900000,1,4,49,98,98,1,2,01,4921,52,165.16650224
5356043,1,3,1,70,52,1,20,48,1,,2,32,1,,5,2,1,,,,,,,,,,,1,2,,1500000,2,,47,13,45,1,2,01,4771,52,165.16650224
5356049,1,3,1,70,52,1,5,40,1,,2,5,1,,2,2,7,,,,,,,,,,,1,1,600000,900000,2,,41,95,95,1,1,01,4111,52,233.34437755
5356052,1,2,1,70,52,1,34,48,1,,2,34,1,,2,2,1,,,,,,,,,,,1,2,,877803,2,,56,53,53,1,2,01,5611,52,224.42952557
5356053,1,4,1,70,52,1,8,40,1,,2,104,1,,3,2,1,,,,,,,,,,,1,2,,400000,2,,47,45,45,1,1,01,4771,52,567.04512257
5356076,1,4,1,70,52,1,3,40,1,,2,3,1,,6,2,1,,,,,,,,,,,1,2,,980000,2,,85,13,13,1,1,01,8551,52,374.07365312
5356083,1,5,1,70,52,1,16,20,1,,1,,,,,,,,.,,,,,,,,.,,,,300000,,,,38,,1,2,01,.,52,121.46976267
5356088,1,4,1,70,52,1,56,48,1,,2,56,4,,1,2,2,,,,,,,,,,,1,2,,877803,2,,49,37,98,1,2,01,4921,52,135.48503974
5356089,1,2,1,70,52,1,4,25,1,,2,4,1,,3,2,2,,,,,,,,,,,1,1,400000,600000,2,,56,53,53,1,1,01,5619,52,533.17529099
5356089,1,3,1,70,52,1,16,48,1,,2,16,1,,9,2,2,,,,,,,,,,,1,2,,980657,2,,17,45,34,1,2,01,1701,52,533.17529099
5356092,1,3,1,70,52,1,156,24,1,,2,156,1,,2,2,2,,,,,,,,,,,1,2,,500000,2,,41,45,95,1,2,01,4111,52,151.50916494
5356095,1,1,1,70,52,1,12,48,1,,2,48,4,,1,2,1,,,,,,,,,,,1,2,,980000,2,,56,58,77,1,1,01,5619,52,311.9422151
5356111,1,3,1,70,52,1,40,40,1,,2,24,1,,9,2,8,,,,,,,,,,,1,2,,900000,2,,61,45,39,1,2,01,6120,52,151.81799223
5356115,1,1,1,70,52,1,10,40,1,,2,11,1,,3,2,1,,,,,,,,,,,1,2,,900000,2,,10,77,77,1,1,01,1081,52,142.1561008
5356116,1,1,1,70,52,1,40,40,3,,2,40,1,,5,2,4,,,,,,,,,,,1,2,,600000,2,,01,54,77,1,2,01,0145,52,295.48643686
5356116,1,3,1,70,52,1,8,16,1,,2,6,1,,3,2,1,,,,,,,,,,,1,1,400000,600000,2,,47,45,45,1,1,01,4771,52,295.48643686
5356125,1,4,1,70,52,1,40,40,1,,2,7,1,,3,2,7,,,,,,,,,,,1,1,1000000,2000000,2,,47,02,40,1,2,01,4772,52,291.9475555
5356127,1,3,1,70,52,1,12,40,1,,2,48,1,,9,2,1,,,,,,,,,,,1,2,,980000,2,,85,05,05,1,1,01,8544,52,207.05639762
5356127,1,4,1,70,52,1,14,40,1,,2,40,1,,2,2,2,,,,,,,,,,,1,2,,980000,2,,47,13,45,1,2,01,4771,52,207.05639762
5356131,1,2,1,70,52,1,4,48,1,,2,8,1,,9,2,1,,,,,,,,,,,1,2,,1500000,2,,85,13,13,1,1,01,8530,52,187.5106704
5356133,1,2,1,70,52,1,4,48,1,,2,5,1,,3,2,1,,,,,,,,,,,1,2,,877803,2,,56,53,53,1,1,01,5611,52,330.57715172
5356137,1,1,1,70,52,1,52,48,1,,2,52,1,,4,2,1,,,,,,,,,,,1,2,,1000000,2,,86,55,55,1,2,01,8621,52,296.26910799
5356166,1,1,1,70,52,1,4,48,2,,2,4,4,,1,2,1,,,1,,,,,,,,,1,1000000,2000000,1,2,94,02,21,1,1,01,9411,52,134.91870813
5356166,1,2,1,70,52,1,20,48,2,,1,,,,,,,,.,,,,,,,,.,,,,1500000,,,,05,,1,2,01,.,52,134.91870813
5356170,1,5,1,70,52,1,4,40,1,,2,6,4,,4,2,2,,,,,,,,,,,1,1,1000000,2000000,2,,88,07,07,1,1,01,8890,52,192.73921495
5356183,1,5,1,70,54,1,72,48,1,,2,72,1,,9,2,2,,,,,,,,,,,1,2,,800000,2,,51,44,44,1,2,01,5111,54,291.71367555
5356185,1,5,1,70,54,1,28,48,1,,2,44,1,,2,2,1,,,,,,,,,,,1,2,,1000000,2,,47,45,45,1,2,01,4773,54,457.62322222
5356186,1,2,1,70,54,1,44,40,4,,2,44,4,,1,2,1,,,,,,,,,,,1,2,,600000,2,,56,77,77,1,2,01,5619,54,270.82497968
5356189,1,5,1,70,54,1,6,50,4,,2,4,4,,1,2,7,,,,,,,,,,,1,1,200000,800000,2,,15,80,80,1,1,01,1522,54,426.95840035
5356190,1,4,1,70,54,1,40,48,1,,2,40,1,,7,2,1,,,,,,,,,,,1,2,,900000,2,,05,84,84,1,2,01,0510,54,626.13818115
5356195,1,1,1,70,54,1,6,42,3,,2,42,3,,1,2,1,,,,,,,,,,,1,2,,600000,2,,97,54,54,1,1,01,9700,54,289.53586263
5356196,1,1,1,70,54,1,3,48,4,,2,4,4,,1,2,6,,,,,,,,,,,1,1,360000,400000,2,,96,59,59,1,1,01,9609,54,441.60271477
5356198,1,1,1,70,54,1,10,48,1,,2,12,4,,1,2,1,,,,,,,,,,,1,2,,920000,2,,85,13,13,1,1,01,8559,54,354.03052957
5356198,1,3,1,70,54,1,24,48,1,,2,42,1,,9,2,1,,,,,,,,,,,1,2,,920000,2,,86,58,55,1,2,01,8610,54,354.03052957
5356200,1,3,1,70,54,1,6,48,1,,1,,,,,,,,.,,,,,,,,.,,,,800000,,,,45,,1,1,01,.,54,323.52077719
5356208,1,3,1,70,54,1,4,48,4,,1,,,,,,,,.,,,,,,,,.,,,,908000,,,,41,,1,1,01,.,54,461.07852134
5356210,1,1,1,70,54,1,8,48,4,,2,8,4,,1,2,2,,,,,,,,,,,1,2,,1000000,2,,15,79,79,1,1,01,1513,54,312.42775462
5356210,1,2,1,70,54,1,4,48,4,,2,4,4,,1,2,1,,,,,,,,,,,1,2,,1000000,2,,15,79,79,1,1,01,1522,54,312.42775462
5356214,1,1,1,70,54,1,2,48,1,,2,2,1,,9,2,1,,,,,,,,,,,1,1,1200000,1000000,2,,86,59,59,1,1,01,8610,54,278.88236424
5356215,1,2,1,70,54,1,4,48,1,,2,48,1,,6,2,1,,,,,,,,,,,1,2,,1500000,2,,85,19,19,1,1,01,8530,54,586.02204963
5356216,1,1,1,70,54,1,24,48,4,,2,24,4,,1,2,8,,,,,,,,,,,1,2,,900000,2,,49,98,98,1,2,01,4923,54,563.83600449
5356218,1,2,1,70,54,1,52,48,4,,2,104,4,,1,2,1,,,,,,,,,,,1,2,,908000,2,,56,41,77,1,2,01,5619,54,697.67943441
5356218,1,4,1,70,54,1,4,48,4,,2,4,1,,6,2,4,,,,,,,,,,,1,1,500000,1030000,2,,47,41,45,1,1,01,4771,54,697.67943441
5356219,1,4,1,70,54,1,36,48,4,,2,36,4,,1,2,1,,,,,,,,,,,1,2,,900000,2,,52,97,97,1,2,01,5224,54,731.8777912
5356222,1,2,1,70,54,1,4,48,4,,2,4,4,,9,2,1,,,,,,,,,,,1,1,1500000,1500000,2,,85,02,13,1,1,01,8544,54,363.59075274
5356226,1,1,1,70,54,1,2,60,4,,2,2,4,,1,2,1,,,,,,,,,,,1,1,500000,800000,2,,15,80,80,1,1,01,1522,54,293.01102481
5356228,1,3,1,70,54,1,12,48,4,,2,12,1,,4,2,8,,,,,,,,,,,1,2,,900000,2,,31,45,39,1,1,01,3110,54,305.67049482
5356233,1,1,1,70,54,1,44,48,1,,2,44,4,,1,2,1,,,,,,,,,,,1,2,,98,2,,81,39,55,1,2,01,8121,54,315.29432683
5356237,1,1,1,70,54,1,2,48,4,,2,2,4,,1,2,8,,,,,,,,,,,1,2,,800000,2,,81,54,55,1,1,01,8121,54,565.09087511
5356244,1,8,1,70,54,1,4,48,1,,2,5,1,,6,2,1,,,,,,,,,,,1,1,1000000,920000,2,,41,03,39,1,1,01,4111,54,317.0962244
5356250,1,2,1,70,54,1,40,50,4,,2,44,4,,1,2,2,,,,,,,,,,,1,2,,600000,2,,14,79,79,1,2,01,1410,54,354.03052957
5356260,1,3,1,70,54,1,15,48,1,,2,15,4,,1,2,1,,,,,,,,,,,1,2,,850000,2,,47,97,41,1,2,01,4721,54,296.04666282
5356266,1,2,1,70,54,1,4,48,1,,2,40,1,,7,2,1,,,,,,,,,,,1,2,,900000,2,,68,33,39,1,1,01,6820,54,568.12651312
5356273,1,3,1,70,54,1,4,48,1,,2,4,1,,3,2,7,,,,,,,,,,,1,2,,2000000,2,,95,03,03,1,1,01,9511,54,308.70613283
5356275,1,2,1,70,54,1,4,54,1,,2,4,1,,7,2,1,,,,,,,,,,,1,1,850000,900000,2,,68,58,58,1,1,01,6820,54,274.54937697
5356276,1,1,1,70,54,1,4,48,4,,2,16,4,,1,2,7,,,,,,,,,,,1,2,,600000,2,,14,79,79,1,1,01,1410,54,458.8582268
5356279,1,3,1,70,54,1,30,48,1,,2,35,1,,3,2,1,,,,,,,,,,,1,2,,900000,2,,47,45,45,1,2,01,4772,54,188.77378601
5356280,1,2,1,70,54,1,4,48,2,,2,4,4,,9,2,1,,,,,,,,,,,1,2,,1200000,2,,84,39,39,1,1,01,8412,54,430.56876897
5356287,1,1,1,70,68,1,40,48,1,,2,40,1,,3,2,1,,,,,,,,,,,1,2,,900000,2,,71,03,03,1,2,01,7110,68,798.61258042
5356287,1,3,1,70,68,1,4,48,1,,2,4,1,,3,2,1,,,,,,,,,,,1,1,500000,900000,2,,41,95,95,1,1,01,4111,68,798.61258042
5356290,1,3,1,70,68,1,3,48,1,,1,,,,,,,,.,,,,,,,,.,,,,900000,,,,39,,1,1,01,.,68,553.62613061
5356292,1,2,1,70,68,1,3,48,1,,2,3,1,,7,2,7,,,,,,,,,,,1,1,877803,877803,2,,42,95,95,1,1,01,4220,68,719.52685301
5356293,1,1,1,70,68,1,28,48,1,,2,28,1,,3,2,1,,,,,,,,,,,1,2,,900000,2,,56,53,53,1,2,01,5611,68,605.56521756
5356302,1,1,1,70,68,1,9,48,4,,2,9,4,,1,2,1,,,,,,,,,,,1,2,,900000,2,,49,98,98,1,1,01,4921,68,635.07885829
5356312,1,3,1,70,68,1,52,48,1,,1,,,,,,,,.,,,,,,,,.,,,,1200000,,,,39,,1,2,01,.,68,583.09378585
5356316,1,5,1,70,68,1,40,48,1,,2,52,1,,4,2,2,,,,,,,,,,,1,2,,1200000,2,,15,39,80,1,2,01,1522,68,627.27816655
5356318,1,1,1,70,68,1,64,24,1,,2,64,1,,7,2,1,,,,,,,,,,,1,2,,877803,2,,94,13,59,1,2,01,9492,68,451.81090835
5356319,1,1,1,70,68,1,8,48,1,,2,3,1,,9,2,1,,,1,,,,,,,,,1,4000000,3000000,1,1,09,02,02,1,1,01,0910,68,790.1376364
5356330,1,1,1,70,68,1,4,40,1,,2,60,1,,9,2,2,,,,,,,,,,,1,2,,877900,2,,88,54,13,1,1,01,8890,68,524.94796197
5356333,1,3,1,70,68,1,2,60,1,,2,2,1,,3,2,8,,,,,,,,,,,1,1,500000,877803,2,,45,99,99,1,1,01,4520,68,647.08043949
5356334,1,2,1,70,68,1,8,48,1,,2,8,1,,3,2,3,,,,,,,,,,,1,2,,878000,2,,69,39,39,1,1,01,6910,68,413.19210699
5356341,1,2,1,70,68,1,12,48,4,,2,104,4,,1,2,7,,,,,,,,,,,1,2,,877803,2,,81,62,62,1,1,01,8130,68,635.81069869
5356341,1,8,1,70,68,1,4,48,1,,2,9,1,,2,2,8,,,,,,,,,,,1,2,,500000,2,,10,95,77,1,1,01,1081,68,635.81069869
5356345,1,2,1,70,68,1,50,48,1,,2,50,1,,9,2,2,,,,,,,,,,,1,2,,1200000,2,,85,59,33,1,2,01,8544,68,591.26462791
5356346,1,2,1,70,68,1,4,40,1,,2,4,4,,1,2,2,,,,,,,,,,,1,2,,900000,2,,47,19,41,1,1,01,4761,68,701.34953874
5356348,1,1,1,70,68,1,3,48,2,,2,4,2,,9,2,1,,,1,,,,,,,,,1,2500000,2000000,1,3,85,13,13,1,1,01,8530,68,701.34953874
5356359,1,2,1,70,68,1,42,48,1,,2,46,4,,1,2,1,,,,,,,,,,,1,2,,877803,2,,61,38,44,1,2,01,6110,68,631.91337391
5356364,1,3,1,70,68,1,27,48,1,,2,27,1,,3,2,1,,,,,1,,,,,,,2,,900000,2,,46,33,33,1,2,01,4645,68,547.59522952
5356367,1,2,1,70,68,1,52,48,1,,2,52,1,,4,2,2,,,,,,,,,,,1,2,,1200000,2,,47,45,45,1,2,01,4773,68,612.56144108
5356370,1,1,1,70,68,1,16,60,1,,2,16,1,,9,2,7,,,,,,,,,,,1,2,,1300000,2,,47,58,58,1,2,01,4711,68,630.73875535
5356377,1,1,1,70,68,1,4,48,1,,2,4,1,,2,2,1,,,,,,,,,,,1,2,,900000,2,,14,79,79,1,1,01,1410,68,516.7771199
5356381,3,1,3,70,68,1,20,48,1,,2,20,1,,9,2,1,,,,,,,,,,,1,2,,900000,2,,64,33,33,1,2,01,6412,68,386.84469679
5356385,1,1,1,70,68,1,52,48,1,,2,24,4,,1,2,8,,,,,,,,,,,1,2,,1000000,2,,07,95,71,1,2,01,0722,68,709.41113061
5356385,1,2,1,70,68,1,3,48,1,,2,3,1,,4,2,8,,,,,,,,,,,1,1,500000,800000,2,,01,45,53,1,1,01,0121,68,709.41113061
5356423,1,2,1,70,70,1,8,48,1,,1,,,,,,,,.,,,,,,,,.,,,,877803,,,,33,,1,1,01,.,70,135.26346572
5356426,1,2,1,70,70,1,52,48,1,,2,52,4,,9,2,1,,,,,,,,,,,1,2,,877803,2,,86,39,39,1,2,01,8610,70,122.34190331
5356429,1,3,1,70,70,1,24,48,1,,2,104,4,,9,2,1,,,,,,,,,,,1,2,,1000000,2,,85,39,39,1,2,01,8544,70,98.708379937
5356433,1,3,1,70,70,1,44,48,1,,2,44,1,,9,2,1,,,,,,,,,,,1,2,,2400000,2,,42,02,02,1,2,01,4210,70,114.3587143
5356433,1,4,1,70,70,1,40,48,1,,2,40,1,,6,2,1,,,,,,,,,,,1,2,,2000000,2,,42,02,02,1,2,01,4210,70,114.3587143
5356435,1,2,1,70,70,1,24,48,1,,2,25,1,,5,2,1,,,,,,,,,,,1,2,,908526,2,,47,45,45,1,2,01,4771,70,93.039676205
5356439,1,3,1,70,70,1,34,45,4,,1,,,,,,,,.,,,,,,,,.,,,,1300000,,,,39,,1,2,01,.,70,108.94337155
5356440,1,1,1,70,70,1,50,48,1,,2,52,4,,9,2,1,,,,,,,,1,,,,2,,908526,2,,84,33,39,1,2,01,8412,70,112.99189229
5356446,1,2,1,70,70,1,5,48,1,,2,75,4,,1,2,1,,,,,,,,,,,1,2,,1200000,2,,47,45,45,1,1,01,4771,70,127.66248297
5356450,1,3,1,70,70,1,8,48,1,,2,10,1,,3,2,1,,,,,,,,,,,1,2,,800000,2,,25,87,87,1,1,01,2511,70,116.82610109
5356452,1,2,1,70,70,1,24,48,4,,2,30,4,,1,2,1,,,,,,,,,,,1,2,,908526,2,,56,51,53,1,2,01,5619,70,159.18238259
5356452,1,3,1,70,70,1,16,48,1,,2,99,1,,3,2,1,,,,,,,,,,,1,2,,908526,2,,45,44,45,1,2,01,4530,70,159.18238259
5356462,1,1,1,70,70,1,16,48,1,,2,44,4,,2,2,2,,,,,,,,,,,1,2,,908526,2,,56,53,53,1,2,01,5619,70,126.17611212
5356462,1,3,1,70,70,1,3,48,1,,2,3,4,,1,2,2,,,,,,,,,,,1,1,100000,908526,2,,96,95,59,1,1,01,9609,70,126.17611212
5356464,1,1,1,70,70,1,78,48,1,,2,78,4,,1,2,1,,,,,,,,,,,1,2,,908526,2,,47,55,45,1,2,01,4772,70,82.606786928
5356464,1,4,1,70,70,1,4,48,4,,2,40,4,,2,2,1,,,,,,,,,,,1,2,,500000,2,,45,84,84,1,1,01,4542,70,82.606786928
5356468,1,3,1,70,70,1,99,48,1,,1,,,,,,,,.,,,,,,,,.,,,,1000000,,,,08,,1,2,01,.,70,71.675791407
5356469,1,3,1,70,70,1,30,48,8,,2,38,4,,1,2,1,,,,,,,,,,,1,2,,600000,2,,41,58,95,1,2,01,4112,70,84.946731548
5356470,1,3,1,70,70,1,4,48,1,,2,4,4,,1,2,1,,,1,,,,,,,,,1,350000,908526,2,,82,53,53,1,1,01,8230,70,113.61908779
5356471,1,2,1,70,70,1,8,48,3,,2,8,3,,1,2,1,,,,,,,,,,,1,2,,500000,2,,97,54,54,1,1,01,9700,70,129.2152311
5356475,1,3,1,70,70,1,12,40,1,,2,14,1,,5,2,1,,,,,,,,,,,1,2,,700000,2,,85,13,13,1,1,01,8530,70,86.065888952
5356480,1,1,1,70,70,1,1,48,3,,2,40,3,,1,2,1,,,,,,,,,,,1,2,,500000,2,,97,54,54,1,1,01,9700,70,116.65678532
5356483,1,2,1,70,70,1,16,60,4,,2,17,4,,1,2,1,,,,,,,,,,,1,2,,700000,2,,49,98,98,1,2,01,4921,70,124.66126067
5356483,1,3,1,70,70,1,22,40,1,,2,25,4,,1,2,1,,,,,,,,,,,1,2,,500000,2,,49,53,98,1,2,01,4921,70,124.66126067
5356495,1,3,1,70,70,1,20,48,1,,2,99,4,,1,2,1,,,,,,,,,,,1,2,,908526,2,,47,45,45,1,2,01,4759,70,104.58729878
5356497,1,3,1,70,70,1,18,48,1,,2,20,1,,2,2,1,,,,,,,,,,,1,2,,877803,2,,47,37,45,1,2,01,4711,70,98.708379937
5356504,1,1,1,70,70,1,78,48,4,,2,104,4,,9,2,1,,,,,,,,,,,1,2,,2500000,2,,88,19,19,1,2,01,8890,70,120.79057663
5356518,1,1,1,70,73,1,32,48,1,,2,32,1,,4,2,1,,,,,,,,,,,1,1,300000,900000,2,,10,98,98,1,2,01,1040,73,297.22239822
5356520,1,3,1,70,73,1,5,48,1,,2,5,1,,4,2,1,,,,,,,,,,,1,2,,950000,2,,47,45,45,1,1,01,4741,73,414.69490786
5356522,1,2,1,70,73,1,10,40,1,,2,10,1,,7,2,1,,,,,,,,,,,1,2,,1000000,2,,88,13,13,1,1,01,8890,73,247.21676101
5356522,1,3,1,70,73,1,8,48,1,,2,8,1,,9,2,1,,,,,,,,,,,1,2,,950000,2,,42,95,95,1,1,01,4210,73,247.21676101
5356524,1,2,1,70,76,1,104,48,4,,2,8,1,,3,2,4,,,,,,,,,,,1,2,,907526,2,,01,54,55,1,2,01,0145,76,1262.9565048
5356526,1,2,1,70,76,1,3,24,4,,2,8,4,,1,2,4,,,,,,,,,,,1,2,,450000,2,,96,57,57,1,1,01,9602,76,1127.5729694
5356535,1,1,1,70,76,1,48,48,1,,2,52,1,,5,2,1,,,,,1,,,,,,,2,,907526,3,,49,98,98,1,2,01,4923,76,1152.5138148
5356535,1,3,1,70,76,1,12,48,1,,2,12,1,,9,2,4,,,,,,,,,,,1,2,,907256,2,,10,97,97,1,1,01,1082,76,1152.5138148
5356536,1,5,1,70,76,1,26,48,1,,2,156,1,,2,2,1,,,,,,,,,,,1,2,,900000,2,,47,55,45,1,2,01,4741,76,1510.0735047
5356538,1,3,1,70,76,1,3,48,4,,2,3,1,,2,2,2,,,,,,,,,,,1,1,877807,800000,2,,47,41,45,1,1,01,4741,76,1060.1148023
5356540,1,1,1,70,76,1,9,48,1,,2,52,4,,2,2,1,,,,,,,,,,,1,2,,900000,2,,15,80,80,1,1,01,1522,76,1104.8016632
5356540,1,2,1,70,76,1,36,48,1,,2,36,1,,4,2,1,,,,,,,,,,,1,2,,877807,2,,14,79,79,1,2,01,1410,76,1104.8016632
5356541,1,1,1,70,76,1,3,48,1,,2,34,5,,2,2,2,,,,,,,,,,,1,2,,1000000,2,,41,95,95,1,1,01,4111,76,1233.985321
5356541,1,3,1,70,76,1,11,48,1,,2,62,1,,4,2,2,,,,,,,,,,,1,2,,900000,2,,46,39,33,1,1,01,4642,76,1233.985321
5356549,1,3,1,70,76,1,42,48,1,,2,42,1,,9,2,2,,,,,,,,,,,1,2,,1500000,2,,84,31,31,1,2,01,8413,76,826.74711817
5356557,1,1,1,70,76,1,1,56,1,,2,8,1,,6,2,1,,,,,,,,,,,1,2,,1500000,2,,64,33,33,1,1,01,6499,76,1055.1291113
5356571,1,1,1,70,76,1,24,48,4,,2,4,4,,9,2,7,,,,,1,,,,,,,1,1200000,908000,2,,85,58,58,1,2,01,8530,76,1171.8482669
5356571,1,2,1,70,76,1,5,25,4,,2,5,4,,2,2,7,,,,,,,,,,,1,1,150000,908000,2,,56,53,53,1,1,01,5619,76,1171.8482669
5356571,1,4,1,70,76,1,2,48,1,,2,3,1,,5,2,7,,,,,,,,,,,1,1,120000,908000,2,,20,45,97,1,1,01,2029,76,1171.8482669
5356574,1,3,1,70,76,1,3,48,4,,2,8,4,,3,2,1,,,,,,,,,,,1,1,60000,908000,2,,47,45,45,1,1,01,4723,76,2065.8809588
5356576,1,1,1,70,76,1,4,48,1,,2,3,1,,9,2,1,,,1,,,,,,,,,1,2500000,900000,1,2,27,33,03,1,1,01,2720,76,1240.1851986
5356581,1,1,1,70,76,1,16,48,4,,2,6,4,,1,2,7,,,,,,,,,,,1,1,400000,1100000,2,,41,95,95,1,2,01,4111,76,1312.6290567
5356581,1,2,1,70,76,1,3,48,1,,2,3,1,,6,2,7,,,,,,,,,,,1,1,640000,1200000,2,,86,59,59,1,1,01,8621,76,1312.6290567
5356585,1,1,1,70,76,1,4,24,4,,2,40,4,,1,2,1,,,1,,,,,,,,,2,,450000,1,1,81,55,55,1,1,01,8121,76,906.45597322
5356589,1,4,1,70,76,1,4,48,1,,2,4,1,,3,2,1,,,,,,,,,,,1,1,1500000,977256,2,,47,55,45,1,1,01,4771,76,1852.4818105
5356593,1,1,1,70,76,1,9,48,1,,2,36,4,,3,2,2,,,,,,,,,,,1,2,,900000,2,,45,84,84,1,1,01,4542,76,1184.32461
5356598,1,9,1,70,76,1,52,48,1,,2,52,1,,3,2,1,,,,,,,,,,,1,2,,908526,2,,46,32,34,1,2,01,4664,76,533.28858807
5356605,1,4,1,70,76,1,52,48,4,,2,52,4,,1,2,1,,,,,1,,,,,,,2,,907256,3,,49,98,98,1,2,01,4921,76,855.00618411
5356606,1,2,1,70,76,1,3,56,1,,2,3,4,,2,2,8,,,,,,,,,,,1,1,525000,1014000,2,,73,45,59,1,1,01,7310,76,1235.8386997
5356614,1,1,1,70,76,1,16,48,1,,2,48,4,,5,2,1,,,,,,,,,,,1,2,,907256,2,,41,03,03,1,2,01,4111,76,1231.8812869
5356616,1,1,1,70,76,1,31,40,4,,2,40,4,,1,2,4,,,,,,,,,,,1,2,,908000,2,,49,45,98,1,2,01,4921,76,1436.5034424
5356616,1,2,1,70,76,1,20,48,4,,2,24,4,,2,2,4,,,,,,,,,,,1,2,,700000,2,,56,45,45,1,2,01,5619,76,1436.5034424
5356617,1,1,1,70,76,1,13,48,1,,2,30,4,,1,2,1,,,,,,,,,,,1,2,,908526,2,,53,37,37,1,1,01,5320,76,1127.5729694
5356617,1,2,1,70,76,1,4,45,4,,2,104,1,,2,2,1,,,,,,,,,,,1,2,,700000,2,,47,57,45,1,1,01,4771,76,1127.5729694
5356621,1,2,1,70,76,1,60,48,1,,2,100,1,,2,2,1,,,,,,,,,,,1,2,,930000,2,,47,45,45,1,2,01,4771,76,780.39278686
5356621,1,4,1,70,76,1,16,48,4,,2,3,4,,1,2,1,,,,,,,,,,,1,2,,900000,2,,41,95,95,1,2,01,4111,76,780.39278686
5356621,1,5,1,70,76,1,50,48,4,,2,42,1,,4,2,2,,,,,,,,,,,1,2,,800000,2,,47,84,45,1,2,01,4771,76,780.39278686
5356625,1,3,1,70,76,1,2,48,4,,2,3,4,,1,2,1,,,,,,,,,,,1,2,,930000,2,,82,41,59,1,1,01,8230,76,950.31130444
5356907,1,1,1,70,,1,3,48,1,,2,3,1,,4,2,1,,,,,,,,,,,1,1,400000,900000,2,,41,95,95,1,1,01,4111,05,11257.389857
5356917,1,1,1,70,,1,36,48,1,,2,36,4,,1,2,1,,,,,,,,,,,1,2,,877000,2,,81,53,54,1,2,01,8121,05,10527.923095
5356945,1,2,1,70,,1,20,48,1,,2,6,1,,3,2,1,,,,,,,,,,,1,1,150000,800000,2,,47,45,45,1,2,01,4773,05,3590.5612808
5356954,1,2,1,70,,1,4,40,4,,2,4,4,,1,2,1,,,,,,,,,,,1,1,300000,900000,2,,47,32,45,1,1,01,4771,54,2202.0057201
5356956,1,1,1,70,,1,7,24,4,,2,7,4,,1,2,1,,,,,,,,,,,1,2,,300000,2,,88,54,54,1,1,01,8890,54,1733.8017101
5357029,1,3,1,70,,1,8,40,4,,2,8,4,,1,2,1,,,,,,,,,,,1,1,400000,800000,2,,41,95,95,1,1,01,4111,54,1994.8447967
5357029,1,4,1,70,,1,16,40,4,,2,16,4,,1,2,1,,,,,,,,,,,1,2,,600000,2,,56,53,53,1,2,01,5619,54,1994.8447967
5357032,1,1,1,70,,1,2,40,4,,2,2,4,,1,2,8,,,,,,,,,,,1,1,1200000,900000,2,,85,32,13,1,1,01,8530,54,2004.1973412
5357032,1,2,1,70,,1,4,40,4,,2,4,4,,1,2,8,,,,,,,,,,,1,1,300000,900000,2,,41,95,95,1,1,01,4111,54,2004.1973412
5357033,1,3,1,70,,1,3,48,4,,2,4,4,,1,2,7,,,,,,,,,,,1,1,360000,850000,2,,01,62,62,1,1,01,0161,54,2308.9697613
5357035,1,3,1,70,,1,40,48,1,,2,40,1,,9,2,4,,,,,,,,,,,1,2,,1500000,2,,85,13,13,1,2,01,8530,54,1647.3526609
5357040,1,1,1,70,,1,4,40,4,,2,4,4,,9,2,2,,,,,,,,,,,1,1,1500000,900000,2,,84,39,39,1,1,01,8412,54,2087.2761561
5357111,1,2,1,70,,1,16,48,1,,2,16,1,,4,2,1,,,,,,,,,,,1,2,,1200000,2,,47,45,45,1,2,01,4771,68,472.44072829
5357119,1,2,1,70,,1,24,48,4,,2,56,4,,9,2,2,,,,,,,,,,,1,2,,1800000,2,,84,19,19,1,2,01,8412,68,877.75350918
5357128,1,2,1,70,,1,2,48,1,,2,2,1,,2,2,8,,,,,,,,,,,1,1,120000,900000,2,,56,53,53,1,1,01,5611,68,891.77131014
5357158,1,1,1,70,,1,20,40,3,,2,52,3,,1,2,1,,,,,,,,,,,1,2,,900000,2,,97,54,59,1,2,01,9700,68,793.27070493
5357172,1,2,1,70,,1,12,48,1,,1,,,,,,,,.,,,,,,,,.,,,,900000,,,,05,,1,1,01,.,68,683.87127144
5357173,2,2,2,70,,1,24,48,1,,2,24,1,,2,2,1,,,,,,,,,,,1,2,,877803,2,,43,95,95,1,2,01,4330,68,837.32888569
5357173,2,3,2,70,,1,3,48,1,,2,3,1,,6,2,1,,,,,,,,,,,1,1,1000000,877803,2,,28,03,03,1,1,01,2829,68,837.32888569
5357176,1,4,1,70,,1,8,40,1,,2,8,1,,6,2,1,,,,,,,,,,,1,2,,980000,2,,85,13,13,1,1,01,8530,68,635.39742361
5357196,1,3,1,70,,1,4,70,2,,1,,,,,,,,.,,,,,,,,.,,,,1500000,,,,58,,1,1,01,.,18,1173.1175699
5357200,1,2,1,70,,1,16,48,1,,2,16,1,,2,2,8,,,,,,,,,,,1,2,,800000,2,,56,45,50,1,2,01,5630,18,1390.9954946
5357202,1,3,1,70,,1,2,48,4,,2,4,4,,4,2,7,,,,,,,,,,,1,1,880000,908526,2,,85,13,13,1,1,01,8511,18,1116.2106231
5357214,1,2,1,70,,1,4,48,1,,2,48,1,,4,2,1,,,,,,,,,,,1,2,,908526,2,,46,45,45,1,1,01,4642,18,1737.9242713
5357216,1,1,1,70,,1,36,48,1,,2,36,1,,3,2,1,,,,,,,,,,,1,2,,908526,2,,69,33,33,1,2,01,6920,18,4464.8424924
5357219,1,3,1,70,,1,24,48,1,,2,24,1,,3,2,1,,,,,,,,,,,1,2,,1000000,2,,85,13,13,1,2,01,8530,18,4464.8424924
5357219,1,5,1,70,,1,6,48,1,,2,8,1,,3,2,1,,,,,,,,,,,1,2,,800000,2,,93,45,53,1,1,01,9329,18,4464.8424924
5357223,1,1,1,70,,1,4,48,3,,2,24,3,,1,2,1,,,,,,,,,,,1,2,,400000,2,,97,54,54,1,1,01,9700,18,4464.8424924
5357227,1,3,1,70,,1,6,48,1,,2,48,1,,3,2,1,,,,,,,,,,,1,2,,700000,2,,56,45,53,1,1,01,5611,18,1484.3028448
5357236,1,3,1,70,,1,6,48,1,,1,,,,,,,,.,,,,,,,,.,,,,700000,,,,95,,1,1,01,.,18,2658.0243879
5357295,1,3,1,70,05,1,2,48,4,,2,2,4,,9,2,1,,,,1,,,,,,,,1,5700000,3000000,1,2,84,12,12,1,1,01,8413,05,1136.6378971
5357301,1,2,1,70,05,1,4,48,1,,2,4,1,,3,2,1,,,1,,,,,,,,,1,980000,980000,1,2,85,33,33,1,1,01,8559,05,1347.9123244
5357307,1,2,1,70,05,1,40,48,1,,2,40,4,,3,2,1,,,,,,,,,,,1,2,,877803,2,,56,58,41,1,2,01,5611,05,2000.2981418
5357308,1,4,1,70,05,1,8,48,1,,2,12,1,,4,2,2,,,,,,,,,,,1,2,,98,2,,10,45,45,1,1,01,1081,05,1627.4530168
5357315,1,2,1,70,05,1,1,48,1,,2,104,1,,3,2,2,,,,,,,,,,,1,2,,1700000,2,,46,40,39,1,1,01,4663,05,1034.553331
5357321,1,1,1,70,05,1,6,48,2,,2,6,2,,9,2,4,,,,,,,,,,,1,2,,1500000,2,,85,13,13,1,1,01,8512,05,1064.8326483
5357327,1,1,1,70,05,1,12,48,2,,2,12,1,,9,2,1,,,,,,,,,,,1,2,,1316000,2,,55,02,53,1,1,01,5511,05,1148.4740425
5357334,1,1,1,70,05,1,6,48,4,,2,6,4,,1,2,8,,,,,,,,,,,1,1,800000,878000,2,,41,95,95,1,1,01,4111,05,1610.3561795
5357334,1,5,1,70,05,1,40,48,8,,2,40,1,,9,2,8,,,,,,,,,,,1,2,,878000,2,,82,62,38,1,2,01,8220,05,1610.3561795
5357334,1,6,1,70,05,1,3,48,4,,2,3,4,,1,2,8,,,,,,,,,,,1,2,,878000,2,,81,55,55,1,1,01,8121,05,1610.3561795
5357337,1,2,1,70,05,1,4,48,1,,2,4,1,,9,2,2,,,,,,,,,,,1,2,,2000000,2,,46,21,21,1,1,01,4661,05,1549.7544864
5357341,1,1,1,70,05,1,4,48,4,,2,4,5,,2,2,8,,,,,,,,,,,1,2,,1000000,2,,41,95,95,1,1,01,4111,05,1534.7658431
5357342,1,5,1,70,05,1,2,48,4,,2,4,4,,9,2,3,,,,,,,,,,,1,1,1400000,1400000,2,,78,39,39,1,1,01,7810,05,1488.616428
5357353,1,3,1,70,05,1,30,48,1,,2,40,1,,9,2,1,,,,,,,,,,,1,2,,908526,2,,81,55,55,1,2,01,8121,05,1226.7129172
5357353,1,4,1,70,05,1,40,48,1,,1,,,,,,,,.,,,,,,,,.,,,,908526,,,,45,,1,2,01,.,05,1226.7129172
5357355,1,1,1,70,05,1,36,48,3,,2,36,3,,1,2,1,,,,,,,,,,,1,2,,877803,2,,97,54,54,1,2,01,9700,05,1278.4535833
5357361,1,1,1,70,05,1,4,48,1,,2,4,4,,7,2,7,,,,,,,,,,,1,1,2000000,2000000,2,,85,11,13,1,1,01,8551,05,1507.6390237
5357361,1,2,1,70,05,1,4,48,1,,2,4,4,,9,2,7,,,,,,,,,,,1,2,,2000000,2,,85,13,13,1,1,01,8530,05,1507.6390237
5357363,1,3,1,70,05,1,28,48,5,,2,10,1,,2,2,2,,,,,,,,,,,1,2,,950000,2,,56,53,53,1,2,01,5611,05,1096.7333764
5357368,1,2,1,70,05,1,2,48,1,,2,2,1,,9,2,1,,,,,,,,,,,1,1,877803,877803,2,,53,87,97,1,1,01,5320,05,1330.4680809
5357370,1,3,1,70,05,1,3,48,2,,1,,,,,,,,.,,,,,,,,.,,,,250000,,,,58,,1,1,01,.,05,1010.405609
5357373,1,3,1,70,05,1,52,24,1,,2,104,1,,2,2,2,,,,,,,,,,,1,2,,600000,2,,47,45,45,1,2,01,4773,05,1164.5328718
5357374,1,2,1,70,05,1,16,24,1,,2,6,1,,2,2,1,,,,,,,,,,,1,1,1200000,600000,2,,47,33,37,1,2,01,4771,05,806.40987747
5357388,1,1,1,70,05,1,4,48,1,,2,4,1,,9,2,9,POR COBERTURA,,,,,,,,,,1,1,878000,878000,2,,14,79,79,1,1,01,1410,05,1179.5215151
5357393,1,1,1,70,05,1,54,24,1,,2,54,4,,1,2,2,,,,,,,,,,,1,2,,877803,2,,47,45,45,1,2,01,4781,05,1808.2203158
5357396,1,1,1,70,05,1,48,24,2,,2,1,1,,2,2,2,,,,,,,,,,,1,1,98,2400000,2,,69,12,12,1,2,01,6910,05,1148.4740425
5357398,1,2,1,70,05,1,16,48,1,,2,5,1,,5,2,3,,,,,,,,,,,1,2,,1500000,2,,46,45,45,1,2,01,4645,05,1316.0197819
5357405,1,2,1,70,05,1,40,48,1,,2,40,4,,1,2,1,,,,,,,,,,,1,2,,878000,2,,47,45,41,1,2,01,4719,05,1347.9123244
5357415,1,1,1,70,05,1,20,48,1,,2,152,1,,8,2,2,,,,,,,,,,,1,2,,900000,2,,49,32,32,1,2,01,4923,05,1437.2191891
5357417,1,1,1,70,05,1,44,48,1,,2,44,1,,3,2,8,,,,,,,,,,,1,2,,877803,2,,87,53,53,1,2,01,8730,05,1490.3038728
5357417,1,2,1,70,05,1,4,48,1,,1,,,,,,,,.,,,,,,,,.,,,,877803,,,,79,,1,1,01,.,05,1490.3038728
5357418,1,2,1,70,05,1,3,48,4,,2,3,1,,2,2,1,,,,,,,,,,,1,1,120000,878000,2,,41,95,95,1,1,01,4111,05,1278.4535833
5357432,1,2,1,70,05,1,8,48,1,,2,104,1,,6,2,2,,,,,,,,,,,1,2,,908000,2,,73,55,39,1,1,01,7320,05,1793.2316724
5357437,1,1,1,70,05,1,1,48,3,,2,40,3,,1,2,1,,,,,,,,,,,1,2,,908600,2,,97,54,54,1,1,01,9700,05,3981.9650191
5357439,1,2,1,70,05,1,104,48,1,,2,52,1,,9,2,2,,,,,,,,,,,1,2,,877803,2,,47,97,45,1,2,01,4771,05,1154.9076684
5357447,1,1,1,70,05,1,4,48,1,,2,4,1,,5,2,1,,,,,,,,,,,1,1,250000,908500,2,,14,55,79,1,1,01,1410,05,1268.8283798
5357448,1,1,1,70,05,1,15,48,3,,2,38,3,,1,2,1,,,,,,,,,,,1,2,,908000,2,,97,54,54,1,2,01,9700,05,911.77557149
5357448,1,4,1,70,05,1,44,48,1,,2,52,1,,7,2,1,,,,,,,,,,,1,2,,877000,2,,42,03,03,1,2,01,4210,05,911.77557149
5357449,1,1,1,70,05,1,24,48,1,,2,36,1,,4,2,1,,,,,,,,,,,1,2,,908526,2,,56,53,53,1,2,01,5619,05,1102.626658
5357457,1,2,1,70,05,1,16,48,1,,2,16,1,,2,2,1,,,,,,,,,,,1,2,,908500,2,,96,45,57,1,2,01,9602,05,1074.4578517
5357458,1,2,1,70,05,1,6,48,1,,2,6,4,,1,2,2,,,,,,,,,,,1,2,,878000,2,,43,93,93,1,1,01,4330,05,1025.696283
5357459,1,2,1,70,05,1,40,48,1,,2,40,1,,9,2,2,,,,,,,,,,,1,2,,878000,2,,35,44,44,1,2,01,3511,05,1549.7544864
5357460,1,6,1,70,05,1,12,48,1,,2,12,1,,2,2,1,,,,,,,,,,,1,2,,877803,2,,41,95,95,1,1,01,4111,05,4182.8345399
5357462,1,2,1,70,05,1,8,48,1,,2,99,4,,1,2,4,,,,,,,,,,,1,2,,908500,2,,01,97,61,1,1,01,0122,05,1324.066633
5357465,1,2,1,70,05,1,2,48,3,,2,24,1,,7,1,2,,,,,,,,,,,1,2,,877803,2,,56,54,53,1,1,01,5611,05,4178.2928447
5357476,1,3,1,70,05,1,30,48,1,,2,300,1,,9,2,1,,,,,,,,,,,1,2,,908526,2,,85,11,12,1,2,01,8544,05,1273.1361639
5357478,1,2,1,70,05,1,6,48,1,,2,48,1,,3,2,2,,,,,,,,,,,1,2,,908526,2,,56,79,77,1,1,01,5619,05,1815.6919496
5357492,1,2,1,70,05,1,3,48,4,,2,104,1,,2,2,2,,,,,,,,,,,1,2,,878000,2,,56,91,53,1,1,01,5611,05,1025.696283
5357493,1,5,1,70,05,1,104,48,1,,2,104,1,,3,2,1,,,,,,,,,,,1,2,,900000,2,,56,55,53,1,2,01,5611,05,705.26686741
5357502,1,1,1,70,05,1,24,48,1,,2,24,1,,4,2,1,,,,,,,,,,,1,2,,877803,2,,41,95,95,1,2,01,4111,05,1195.6654445
5357503,1,2,1,70,05,1,12,48,1,,2,12,1,,2,2,1,,,,,,,,,,,1,2,,878000,2,,41,95,95,1,1,01,4111,05,1110.1058325
5357503,1,5,1,70,05,1,6,48,1,,2,6,8,,8,2,1,,,,,,,,,,,1,2,,878000,2,,01,95,62,1,1,01,0123,05,1110.1058325
5357509,1,3,1,70,05,1,3,48,1,,1,,,,,,,,.,,,,,,,,.,,,,877803,,,,37,,1,1,01,.,05,1139.6169944
5357529,1,1,1,70,05,1,36,30,3,,1,,,,,,,,.,,,,,,,,.,,,,877803,,,,54,,1,2,01,.,05,4395.2560678
5357531,1,1,1,70,05,1,4,48,1,,2,7,1,,9,2,2,,,,,,,,,,,1,1,877803,877803,2,,15,77,80,1,1,01,1512,05,2051.4786829
5357532,2,1,2,70,05,1,2,48,1,,2,3,1,,2,2,3,,,,,,,,,,,1,2,,877803,2,,41,95,95,1,1,01,4111,05,2388.1741845
5357538,1,1,1,70,05,1,4,48,1,,2,4,1,,4,2,3,,,,,1,,,,,,,2,,700000,2,,47,45,45,1,1,01,4771,05,1034.553331
5357544,1,2,1,70,05,1,40,48,3,,2,40,3,,1,2,1,,,,,,,,,,,1,2,,908600,2,,97,54,59,1,2,01,9700,05,1154.9076684
5357554,1,2,1,70,05,1,2,24,1,,1,,,,,,,,.,,,,,,,,.,,,,800000,,,,03,,1,1,01,.,05,1059.1671778
5357558,1,1,1,70,05,1,4,48,1,,2,4,1,,4,2,8,,,,,,,,,,,1,2,,908526,2,,45,84,84,1,1,01,4520,05,1367.760448
5357562,1,1,1,70,05,1,4,48,1,,2,20,1,,2,2,2,,,,1,,,,,,,,2,,908000,1,4,41,95,95,1,1,01,4111,05,1154.9076684
5357564,1,1,1,70,05,1,5,48,2,,2,5,2,,9,2,2,,,,,,,,,,,1,2,,2000000,2,,84,19,21,1,1,01,8412,05,1064.8326483
5357570,1,4,1,70,08,1,26,48,1,,2,52,4,,9,2,1,,,,,,,,,,,1,2,,1500000,2,,88,13,13,1,2,01,8890,08,570.42973261
5357586,1,5,1,70,08,1,52,20,1,,1,,,,,,,,.,,,,,,,,.,,,,500000,,,,53,,1,2,01,.,08,494.63382963
5357586,1,6,1,70,08,1,24,40,3,,2,24,3,,1,2,1,,,,,,,,,,,1,2,,1200000,2,,97,98,98,1,2,01,9700,08,494.63382963
5357594,1,3,1,70,08,1,52,48,1,,2,52,1,,9,2,1,,,,,,,,,,,1,2,,1000000,2,,51,16,97,1,2,01,5111,08,605.14075318
5357608,1,3,1,70,08,1,12,48,1,,2,4,1,,6,2,2,,,,,,,,,,,1,2,,877803,2,,47,32,45,1,1,01,4771,08,536.50466546
5357612,1,3,1,70,08,1,8,8,1,,1,,,,,,,,.,,,,,,,,.,,,,1500000,,,,21,,1,1,01,.,08,587.65261194
5357630,1,3,1,70,08,1,52,48,1,,2,104,1,,6,2,1,,,,,,,,,,,1,2,,3000000,2,,42,02,02,1,2,01,4290,08,580.70305632
5357631,1,1,1,70,08,1,1,24,1,,2,480,1,,5,2,2,,,,,,,,,,,1,2,,2000000,2,,43,02,02,1,1,01,4321,08,466.83135881
5357632,1,1,1,70,08,1,3,48,1,,2,4,4,,9,2,1,,,,,,,,,,,1,2,,2200000,2,,84,19,39,1,1,01,8412,08,516.78815372
5357637,1,3,1,70,08,1,12,48,1,,2,14,1,,5,2,1,,,,,,,,,,,1,2,,1000000,2,,86,32,32,1,1,01,8621,08,439.5225976
5357644,1,10,1,70,08,1,12,40,4,,2,40,4,,1,2,1,,,,,,,,,,,1,2,,800000,2,,56,41,41,1,1,01,5619,08,609.06641325
5357644,1,13,1,70,08,1,4,48,1,,2,4,4,,1,2,1,,,,,,,,,,,1,1,120000,906000,2,,41,45,95,1,1,01,4111,08,609.06641325
5357653,1,1,1,70,08,1,4,60,1,,2,4,1,,9,2,2,,,,,,,,,,,1,2,,1200000,2,,47,37,45,1,1,01,4759,08,537.45181697
5357658,1,2,1,70,08,1,40,48,1,,2,52,1,,6,2,1,,,,,,,,,,,1,2,,1800000,2,,41,02,02,1,2,01,4112,08,501.08306728
5357663,1,3,1,70,08,1,20,48,1,,2,21,1,,3,2,1,,,,,,,,,,,1,2,,950000,2,,10,55,53,1,2,01,1081,08,427.80523495
5357663,1,4,1,70,08,1,10,48,1,,2,10,1,,9,2,1,,,,,,,,,,,1,2,,650000,2,,88,55,55,1,1,01,8810,08,427.80523495
5357665,1,1,1,70,08,1,15,48,1,,2,15,1,,7,2,1,,,,,,,,1,,,,2,,906000,2,,47,58,58,1,2,01,4771,08,552.23101376
5357666,1,2,1,70,08,1,4,48,1,,2,4,1,,3,2,1,,,,,,,,,,,1,2,,800000,2,,47,45,45,1,1,01,4719,08,553.20034893
5357667,1,11,1,70,08,1,8,48,1,,2,8,3,,1,2,1,,,,,,,,,,,1,2,,890000,2,,97,55,54,1,1,01,9700,08,548.18434878
5357668,1,2,1,70,08,1,4,48,1,,2,4,1,,5,2,1,,,,,,,,,,,1,1,877000,906000,2,,47,45,45,1,1,01,4771,08,456.21828106
5357670,1,1,1,70,08,1,8,48,1,,2,35,4,,2,2,1,,,,,,,,,,,1,2,,900000,2,,56,79,45,1,1,01,5619,08,516.41274504
5357670,1,2,1,70,08,1,8,48,1,,2,9,4,,2,2,1,,,,,,,,,,,1,2,,900000,2,,56,89,45,1,1,01,5619,08,516.41274504
5357670,1,8,1,70,08,1,10,48,4,,2,32,4,,1,2,1,,,,,,,,,,,1,2,,500000,2,,47,45,45,1,1,01,4721,08,516.41274504
5357674,1,3,1,70,08,1,40,48,1,,2,40,4,,9,2,8,,,,,,,,,,,1,2,,900000,2,,84,33,39,1,2,01,8415,08,431.82082898
5357674,1,11,1,70,08,1,24,48,1,,2,24,1,,5,2,1,,,,,,,,,,,1,2,,900000,2,,18,39,39,1,2,01,1811,08,431.82082898
5357678,1,5,1,70,08,1,12,48,1,,2,44,1,,5,2,1,,,,,,,,,,,1,2,,906000,2,,56,53,53,1,1,01,5619,08,687.2652852
5357680,1,2,1,70,08,1,4,48,1,,1,,,,,,,,.,,,,,,,,.,,,,1000000,,,,32,,1,1,01,.,08,880.96770012
5357699,1,3,1,70,08,1,6,48,1,,2,56,4,,1,2,1,,,,,,,,,,,1,2,,906000,2,,94,80,14,1,1,01,9491,08,366.97822659
5357704,1,5,1,70,08,1,8,40,1,,2,4,4,,1,2,1,,,,,,,,,,,1,1,500000,900000,2,,47,39,41,1,1,01,4771,08,975.91534366
5357705,1,1,1,70,08,1,3,48,1,,2,3,1,,9,2,1,,,1,,,,,,,,,1,900000,890000,1,1,25,97,97,1,1,01,2599,08,684.8150983
5357707,1,4,1,70,08,1,15,48,1,,2,104,1,,9,2,1,,,,,,,,,,,1,2,,900000,2,,82,38,38,1,2,01,8220,08,698.34878744
5357710,1,2,1,70,08,1,40,48,1,,2,40,1,,6,2,1,,,,,,,,,,,1,2,,878116,2,,47,32,39,1,2,01,4751,08,555.65053583
5357713,1,1,1,70,08,1,6,48,1,,2,38,1,,9,2,1,,,,,,,,,,,1,2,,1300000,2,,85,13,13,1,1,01,8530,08,537.69581703
5357713,1,4,1,70,08,1,3,48,1,,1,,,,,,,,.,,,,,,,,.,,,,2000000,,,,13,,1,1,01,.,08,537.69581703
5357715,1,3,1,70,08,1,2,48,1,,2,2,1,,9,2,1,,,,,,,,,,,1,2,,500000,2,,41,85,85,1,1,01,4112,08,474.34911616
5357720,1,2,1,70,08,1,12,48,1,,2,12,1,,7,2,8,,,,,,,,,,,1,2,,1000000,2,,85,45,55,1,1,01,8530,08,306.88511079
5357720,1,3,1,70,08,1,36,48,1,,2,36,1,,3,2,1,,,,,,,,,,,1,2,,877803,2,,47,45,45,1,2,01,4772,08,306.88511079
5357726,1,1,1,70,08,1,20,48,1,,2,20,1,,9,2,2,,,,,,,,,,,1,2,,1800000,2,,86,59,59,1,2,01,8610,08,759.09907859
5357729,1,1,1,70,08,1,4,48,1,,2,40,5,,3,2,6,,,,,,,,,,,1,2,,906000,2,,96,45,59,1,1,01,9609,08,1000.4406683
5357729,1,8,1,70,08,1,52,40,3,,2,52,3,,1,2,1,,,,,,,,,,,1,2,,600000,2,,97,54,54,1,2,01,9700,08,1000.4406683
5357730,1,2,1,70,08,1,52,40,1,,2,4,4,,1,2,1,,,,,,,,,,,1,1,300000,900000,2,,47,45,45,1,2,01,4771,08,734.0465581
5357739,1,1,1,70,08,1,50,48,1,,2,52,4,,9,2,1,,,,,,,,,,,1,2,,1500000,2,,84,11,32,1,2,01,8412,08,516.78815372
5357740,1,2,1,70,08,1,12,48,1,,2,12,1,,6,2,2,,,,,,,,,,,1,2,,983000,2,,86,39,39,1,1,01,8621,08,652.6326037
5357743,1,5,1,70,08,1,24,48,1,,2,32,1,,5,2,1,,,,,,,,,,,1,2,,700000,2,,56,45,53,1,2,01,5630,08,482.86959093
5357748,1,4,1,70,08,1,40,48,1,,2,40,1,,8,2,1,,,,,,,,,,,1,2,,906000,2,,47,33,33,1,2,01,4752,08,672.2311778
5357750,1,4,1,70,08,1,4,48,1,,2,4,1,,3,2,1,,,,,,,,,,,1,2,,877803,2,,56,97,97,1,1,01,5619,08,658.94148871
5357752,1,5,1,70,08,1,44,48,1,,2,72,8,,4,2,8,,,,,,,,,,,1,2,,878116,2,,01,58,62,1,2,01,0111,08,829.96353681
5357755,1,1,1,70,08,1,24,48,1,,2,24,1,,5,2,1,,,,,,,,,,,1,2,,650000,2,,47,45,45,1,2,01,4711,08,648.40290309
5357757,1,2,1,70,08,1,40,48,1,,2,42,1,,9,2,1,,,,,,,,,,,1,2,,890000,2,,14,97,97,1,2,01,1410,08,642.26352601
5357758,1,6,1,70,08,1,40,40,1,,2,40,4,,1,2,1,,,,,,,,,,,1,2,,900000,2,,41,97,95,1,2,01,4111,08,566.18912145
5357759,1,3,1,70,08,1,8,48,1,,1,,,,,,,,.,,,,,,,,.,,,,860000,,,,84,,1,1,01,.,08,537.45181697
5357761,1,2,1,70,08,1,8,40,1,,2,40,1,,6,2,1,,,,,,,,,,,1,2,,1000000,2,,42,97,97,1,1,01,4210,08,587.65261194
5357776,1,4,1,70,08,1,24,48,1,,2,24,1,,3,2,8,,,,,,,,,,,1,2,,700000,2,,56,53,53,1,2,01,5611,08,591.2525525
5357780,1,2,1,70,08,1,32,45,1,,2,32,4,,3,2,1,,,,,,,,,,,1,2,,750000,2,,90,53,17,1,2,01,9007,08,637.77891478
5357780,1,4,1,70,08,1,20,48,4,,2,33,4,,1,2,1,,,,,,,,,,,1,2,,900000,2,,41,95,95,1,2,01,4111,08,637.77891478
5357780,1,6,1,70,08,1,26,40,1,,2,32,1,,5,2,1,,,,,,,,,,,1,2,,1000000,2,,85,59,59,1,2,01,8512,08,637.77891478
5357781,1,1,1,70,08,1,8,48,1,,2,36,1,,9,2,1,,,,,,,,,,,1,2,,906000,2,,23,97,70,1,1,01,2310,08,810.29047058
5357801,1,3,1,70,13,1,28,48,1,,2,28,1,,5,2,1,,,,,,,,,,,1,2,,877803,2,,56,53,53,1,2,01,5619,13,422.2828133
5357812,1,1,1,70,13,1,6,48,1,,2,6,1,,8,2,4,,,,,,,,,,,1,2,,900000,2,,84,39,39,1,1,01,8430,13,404.15245537
5357813,1,4,1,70,13,1,24,40,1,,2,24,1,,6,2,2,,,,,,,,,,,1,2,,1000000,2,,93,39,39,1,2,01,9329,13,348.29012298
5357819,1,5,1,70,13,1,24,40,1,,2,24,4,,7,2,2,,,,,,,,,,,1,2,,1000000,2,,85,32,13,1,2,01,8530,13,376.96928924
5357823,1,2,1,70,13,1,28,48,1,,2,28,3,,2,2,1,,,,,,,,,,,1,2,,877803,2,,97,45,54,1,2,01,9700,13,434.59833284
5357826,1,3,1,70,13,1,36,48,1,,2,36,4,,1,2,1,,,,,,,,,,,1,2,,800000,2,,47,53,41,1,2,01,4711,13,393.02626702
5357850,1,2,1,70,17,1,4,48,1,,2,40,4,,1,2,4,,,,,,,,,,,1,2,,1000000,2,,47,53,41,1,1,01,4724,17,397.41032623
5357852,1,1,1,70,17,1,16,48,1,,2,2,1,,9,2,1,,,,,,,,,,,1,1,1100000,1300000,2,,11,98,97,1,2,01,1104,17,223.68780568
5357854,1,3,1,70,17,1,10,48,1,,2,13,1,,2,2,2,,,,,,,,,,,1,2,,908526,2,,10,97,97,1,1,01,1089,17,228.75025564
5357856,1,3,1,70,17,1,12,22,1,,2,4,1,,2,2,8,,,,,,,,,,,1,2,,500000,2,,47,95,97,1,1,01,4723,17,267.67324221
5357856,1,5,1,70,17,1,12,48,1,,2,15,1,,9,2,8,,,,,,,,,,,1,2,,1300000,2,,46,58,58,1,1,01,4631,17,267.67324221
5357856,1,6,1,70,17,1,14,48,1,,2,40,3,,1,2,2,,,,,,,,,,,1,2,,908526,2,,97,53,54,1,2,01,9700,17,267.67324221
5357882,1,2,1,70,17,1,24,40,1,,2,52,4,,9,2,8,,,,,,,,,,,1,2,,2000000,2,,84,01,01,1,2,01,8413,17,190.49875817
5357884,1,2,1,70,17,1,20,40,3,,2,20,3,,1,2,8,,,,,,,,,,,1,2,,700000,2,,97,54,54,1,2,01,9700,17,199.99902657
5357884,1,3,1,70,17,1,1,1,1,,2,4,1,,6,2,1,,,,,,,,,,,1,2,,908526,2,,85,13,13,1,1,01,8512,17,199.99902657
5357884,1,4,1,70,17,1,32,54,1,,2,32,1,,8,2,2,,,,,,,,,,,1,2,,908526,2,,64,45,03,1,2,01,6412,17,199.99902657
5357885,1,2,1,70,17,1,2,1,1,,2,2,1,,1,2,1,,,,,,,,,,,1,1,100000,908526,2,,97,55,54,1,1,01,9700,17,246.03846341
5357885,1,3,1,70,17,1,44,48,1,,2,44,1,,3,2,1,,,,,,,,,,,1,2,,908526,2,,96,57,57,1,2,01,9602,17,246.03846341
5357886,1,4,1,70,17,1,52,60,4,,2,75,4,,1,2,2,,,,,,,,,,,1,2,,908526,2,,43,93,93,1,2,01,4330,17,128.58810836
5357893,1,4,1,70,17,1,4,48,1,,1,,,,,,,,.,,,,,,,,.,,,,877802,,,,38,,1,1,01,.,17,204.93139898
5357897,1,2,1,70,17,1,16,48,1,,2,16,1,,9,2,1,,,,,,,,,,,1,2,,908526,2,,61,38,38,1,2,01,6110,17,194.31392942
5357899,1,4,1,70,17,1,8,48,1,,2,12,1,,4,2,7,,,,,,,,,,,1,2,,900000,2,,47,45,45,1,1,01,4754,17,244.71384172
5357903,1,2,1,70,18,1,8,40,1,,1,,,,,,,,.,,,,,,,,.,,,,600000,,,,45,,1,1,01,.,18,52.33756068
5357916,1,1,1,70,20,1,4,48,3,,2,16,4,,1,2,1,,,,,,,,,,,1,2,,98,2,,56,54,41,1,1,01,5619,20,241.93743584
5357918,1,2,1,70,20,1,72,48,1,,2,60,1,,3,2,1,,,,,,,,,,,1,2,,907000,2,,47,13,45,1,2,01,4771,20,192.91246176
5357919,1,1,1,70,20,1,16,48,4,,2,24,1,,6,2,1,,,,,,,,,,,1,2,,907000,2,,94,39,17,1,2,01,9499,20,219.47907226
5357924,1,2,1,70,20,1,2,28,4,,2,3,2,,4,2,4,,,,,,,,,,,1,2,,98,2,,85,79,13,1,1,01,8530,20,225.15593422
5357927,1,1,1,70,23,1,2,48,4,,2,2,5,,2,2,1,,,,,,,,,,,1,1,700000,800000,2,,41,95,95,1,1,01,4111,23,188.49520941
5357941,1,1,1,70,27,1,52,48,4,,2,52,4,,1,2,1,,,,,,,,,,,1,2,,1800000,2,,80,03,03,1,2,01,8020,27,58.050879854
5357943,1,1,1,70,27,1,52,48,1,,2,52,1,,9,2,1,,,,,,,,,,,1,2,,1800000,2,,88,17,17,1,2,01,8890,27,34.603350063
5357943,1,2,1,70,27,1,3,66,5,,2,3,5,,2,2,1,,,,,,,,1,,,,1,900000,800000,2,,41,95,95,1,1,01,4112,27,34.603350063
5357944,1,2,1,70,27,1,52,48,1,,2,52,1,,9,2,2,,,,,,,,,,,1,2,,900000,2,,88,54,54,1,2,01,8890,27,64.474193799
5357945,1,1,1,70,27,1,52,48,4,,2,52,3,,1,2,1,,,,,,,,,,,1,2,,900000,2,,97,39,54,1,2,01,9700,27,34.603350063
5357949,1,2,1,70,27,1,8,40,1,,2,200,1,,7,2,2,,,,,,,,,,,1,2,,2000000,2,,86,59,59,1,1,01,8621,27,34.603350063
5357957,1,2,1,70,27,1,52,66,4,,2,52,4,,2,2,1,,,,,,,,,,,1,2,,750000,2,,41,95,95,1,2,01,4112,27,34.603350063
5357979,1,1,1,70,41,1,32,48,1,,2,34,1,,4,2,4,,,,,,,,,,,1,2,,908000,2,,55,45,54,1,2,01,5511,41,178.77421263
5357984,1,2,1,70,41,1,20,54,1,,2,20,4,,1,2,8,,,,,,,,,,,1,2,,1500000,2,,43,95,95,1,2,01,4330,41,111.73048531
5357985,1,2,1,70,41,1,24,48,1,,1,,,,,,,,.,,,,,,,,.,,,,1800000,,,,01,,1,2,01,.,41,151.82144679
5357986,1,4,1,70,41,1,8,48,1,,2,8,1,,4,2,1,,,,,,,,,,,1,2,,877803,2,,47,45,45,1,1,01,4723,41,212.7470838
5357993,1,1,1,70,41,1,50,40,4,,2,50,4,,1,2,1,,,,,,,,,,,1,2,,900000,2,,81,55,55,1,2,01,8121,41,221.33658465
5357999,1,1,1,70,41,1,3,45,1,,2,3,1,,4,2,7,,,,,1,,,,,,,2,,1000000,2,,41,95,95,1,1,01,4111,41,412.38348841
5358000,1,1,1,70,41,1,2,45,1,,2,3,1,,3,2,1,,,,,,,,,,,1,2,,1200000,2,,56,53,53,1,1,01,5611,41,339.24413441
5358006,1,1,1,70,41,1,12,48,1,,2,13,1,,9,2,1,,,,,,,,,,,1,2,,1000000,2,,47,33,53,1,1,01,4711,41,130.00576755
5358007,1,2,1,70,41,1,2,50,1,,2,2,1,,7,2,1,,,,,,,,,,,1,1,900000,900000,2,,46,98,98,1,1,01,4631,41,442.2007341
5358007,1,3,1,70,41,1,2,48,4,,2,2,4,,1,2,1,,,,,,,,,,,1,1,700000,950000,2,,49,98,98,1,1,01,4921,41,442.2007341
5358022,1,4,1,70,41,1,6,40,1,,2,6,4,,1,2,1,,,,,,,,,,,1,1,100000,800000,2,,10,53,77,1,1,01,1081,41,201.91004829
5358029,1,2,1,70,41,1,3,48,1,,2,3,4,,9,2,1,,,,,,,,,,,1,2,,877803,2,,86,59,59,1,1,01,8621,41,182.20407089
5358030,1,1,1,70,41,1,24,48,4,,2,32,4,,1,2,1,,,,,,,,,,,1,2,,877000,2,,25,83,83,1,2,01,2511,41,171.0861635
5358035,1,3,1,70,41,1,16,48,1,,2,16,1,,2,2,8,,,,,,,,,,,1,2,,877803,2,,47,45,45,1,2,01,4799,41,217.44312519
5358037,1,1,1,70,41,1,52,48,1,,2,52,1,,3,2,8,,,,,,,,,,,1,2,,877803,2,,47,45,45,1,2,01,4729,41,230.10823615
5358040,1,1,1,70,41,1,36,45,1,,2,20,1,,9,2,1,,,,,1,,,,,,,2,,1600000,2,,86,59,59,1,2,01,8621,41,159.83478251
5358042,1,3,1,70,41,1,10,40,1,,2,15,1,,6,2,1,,,,,,,,,,,1,2,,2000000,2,,42,11,11,1,1,01,4210,41,104.82695068
5358062,1,1,1,70,41,1,65,50,1,,2,2,3,,1,2,1,,,,,,,,,,,1,1,300000,900000,2,,97,59,54,1,2,01,9700,41,189.52431832
5358075,1,3,1,70,41,1,8,40,1,,2,8,4,,1,2,1,,,,,,,,,,,1,2,,1200000,2,,31,03,81,1,1,01,3110,41,113.90633759
5358081,1,1,1,70,41,1,40,48,4,,2,44,4,,1,2,1,,,,,,,,,,,1,2,,1200000,3,,41,95,95,1,2,01,4111,41,176.85920736
5358089,1,3,1,70,41,1,104,48,1,,2,104,1,,9,2,8,,,,,,,,,,,1,2,,877803,2,,47,45,45,1,2,01,4773,41,96.813614955
5358090,1,3,1,70,41,1,104,48,2,,2,104,4,,9,2,8,,,,,,,,,,,1,2,,1200000,2,,85,13,13,1,2,01,8530,41,151.18391237
5358098,1,2,1,70,47,1,16,48,1,,2,16,1,,3,2,2,,,,,,,,,,,1,2,,908526,2,,85,13,13,1,2,01,8530,47,387.64511508
5358101,1,1,1,70,47,1,2,48,1,,2,6,1,,9,2,2,,,,,,1,,,,,,2,,2000000,2,,88,21,21,1,1,01,8890,47,362.84560132
5358118,1,1,1,70,50,1,12,48,1,,2,12,1,,3,2,1,,,,,,,,,,,1,2,,900000,2,,56,53,53,1,1,01,5611,50,292.17242218
5358119,1,1,1,70,50,1,16,40,1,,2,50,1,,3,2,2,,,,,,,,,,,1,2,,1000000,2,,46,03,45,1,2,01,4645,50,318.82912445
5358129,1,1,1,70,50,1,4,48,1,,2,5,1,,3,2,1,,,,,,,,,,,1,1,320000,980000,2,,56,53,53,1,1,01,5611,50,327.07158253
5358130,1,1,1,70,50,1,36,40,3,,2,152,3,,1,2,1,,,,,,,,,,,1,2,,900000,2,,97,54,54,1,2,01,9700,50,237.36019425
5358130,1,3,1,70,50,1,5,48,1,,2,5,3,,1,2,4,,,,,,,,,,,1,2,,900000,2,,97,45,54,1,1,01,9700,50,237.36019425
5358137,1,1,1,70,50,1,20,40,1,,2,20,4,,1,2,1,,,,,,,,,,,1,2,,900000,2,,56,39,45,1,2,01,5619,50,227.52819972
5358137,1,4,1,70,50,1,32,48,1,,2,52,1,,3,2,1,,,,,,,,,,,1,2,,2000000,2,,47,02,45,1,2,01,4741,50,227.52819972
5358137,1,5,1,70,50,1,26,48,1,,2,26,4,,9,2,1,,,,,,,,,,,1,2,,1200000,2,,74,45,59,1,2,01,7490,50,227.52819972
5358138,1,3,1,70,50,1,20,48,1,,2,20,1,,4,2,1,,,,,,,,,,,1,2,,870000,2,,45,84,84,1,2,01,4520,50,347.19213793
5358139,1,1,1,70,50,1,40,48,4,,2,42,4,,1,2,1,,,,,,,,,,,1,2,,1000000,2,,49,98,98,1,2,01,4921,50,254.72325991
5358139,1,5,1,70,50,1,50,48,1,,2,51,1,,9,2,1,,,,,,,,,,,1,2,,1000000,2,,10,53,97,1,2,01,1051,50,254.72325991
5358139,1,7,1,70,50,1,52,48,1,,2,53,1,,9,2,1,,,,,,,,,,,1,2,,1200000,2,,46,30,30,1,2,01,4631,50,254.72325991
5358141,1,2,1,70,50,1,4,48,1,,2,4,1,,3,2,1,,,,,,,,,,,1,1,850000,900000,2,,41,95,95,1,1,01,4111,50,242.85221516
5358142,1,1,1,70,50,1,2,48,1,,2,2,4,,1,2,2,,,,,,,,,,,1,1,500000,900000,2,,81,54,55,1,1,01,8121,50,257.39244793
5358148,1,3,1,70,50,1,40,48,1,,2,60,1,,9,2,1,,,,,,,,,,,1,2,,980000,2,,01,30,30,1,2,01,0126,50,353.60909871
5358160,1,6,1,70,50,1,4,48,1,,2,5,1,,4,2,1,,,,,,,,,,,1,1,1200000,980000,2,,47,45,45,1,1,01,4771,50,298.3856365
5358173,1,3,1,70,50,1,20,48,1,,2,24,1,,4,2,1,,,,,,,,,,,1,2,,1100000,2,,47,45,45,1,2,01,4771,50,183.53492883
5358181,1,1,1,70,50,1,20,48,4,,2,22,1,,2,2,7,,,,,,,,,,,1,2,,1100000,2,,31,98,93,1,2,01,3110,50,339.53669703
5358181,1,2,1,70,50,1,8,48,1,,2,90,1,,5,2,7,,,,,,,,,,,1,2,,980000,2,,55,39,39,1,1,01,5511,50,339.53669703
5358181,1,3,1,70,50,1,8,48,1,,2,40,1,,9,2,8,,,,,,,,,,,1,2,,980000,2,,47,33,33,1,1,01,4759,50,339.53669703
5358182,1,2,1,70,50,1,52,48,1,,2,52,1,,4,2,2,,,,,,,,,,,1,2,,900000,2,,47,33,33,1,2,01,4711,50,287.09016439
5358184,1,2,1,70,50,1,4,48,1,,2,4,1,,6,2,2,,,,,,,,,,,1,2,,1800000,2,,56,50,50,1,1,01,5611,50,266.15403742
5358188,1,1,1,70,50,1,3,48,1,,2,3,1,,2,2,1,,,,,,,,,,,1,1,600000,900000,2,,25,83,83,1,1,01,2511,50,266.15403742
5358198,1,2,1,70,50,1,4,50,4,,2,6,1,,5,2,8,,,,,,,,,,,1,1,980000,1000000,2,,49,98,98,1,1,01,4923,50,367.37170148
5358200,1,2,1,70,50,1,2,40,1,,2,2,1,,3,2,8,,,,,,,,,,,1,1,200000,800000,2,,56,53,53,1,1,01,5611,50,221.70528451
5358209,1,2,1,70,50,1,20,48,1,,2,24,4,,1,2,1,,,,,,,,,,,1,2,,900000,2,,43,85,85,1,2,01,4321,50,224.95710239
5358212,1,5,1,70,50,1,12,48,1,,2,12,1,,7,2,4,,,,,,,,,,,1,2,,1400000,2,,42,95,95,1,1,01,4210,50,271.00774083
5358215,1,1,1,70,50,1,4,48,1,,2,4,1,,3,2,1,,,,,,,,,,,1,1,900000,900000,2,,49,98,98,1,1,01,4921,50,269.52666814
5358221,1,3,1,70,50,1,32,48,1,,2,32,1,,3,2,1,,,,,,,,,,,1,2,,900000,2,,56,53,53,1,2,01,5611,50,292.17242218
5358224,1,3,1,70,50,1,36,48,1,,2,36,4,,1,2,1,,,,,,,,,,,1,2,,980000,2,,81,53,55,1,2,01,8121,50,263.58791153
5358236,1,2,1,70,50,1,52,40,1,,2,52,1,,5,2,2,,,,,,,,,,,1,2,,900000,2,,85,13,13,1,2,01,8530,50,415.91427851
5358245,1,1,1,70,50,1,20,48,1,,2,30,1,,3,2,1,,,,,,,,,,,1,2,,970000,2,,56,53,53,1,2,01,5611,50,318.82912445
5358247,1,1,1,70,50,1,28,48,1,,2,30,1,,3,2,2,,,,,,,,,,,1,2,,1000000,2,,47,34,45,1,2,01,4771,50,353.52785419
5358248,1,2,1,70,50,1,30,48,1,,2,31,1,,3,2,7,,,,,,,,,,,1,2,,1000000,2,,47,45,45,1,2,01,4755,50,297.66444309
5358252,1,3,1,70,50,1,36,48,1,,2,38,1,,7,2,1,,,,,,,,,,,1,2,,980000,2,,47,45,45,1,2,01,4755,50,292.17242218
5358257,1,2,1,70,50,1,13,48,1,,2,13,2,,9,2,1,,,,,,,,,,,1,2,,1000000,2,,84,58,58,1,1,01,8422,50,262.65591445
5358266,1,2,1,70,50,1,5,40,1,,2,5,1,,9,2,4,,,,,,,,,,,1,2,,900000,2,,86,33,33,1,1,01,8621,50,367.37170148
5358267,1,2,1,70,50,1,6,48,1,,2,6,1,,4,2,1,,,,,,,,,,,1,2,,900000,2,,41,95,95,1,1,01,4111,50,304.3066424
5358278,1,3,1,70,50,1,4,48,1,,2,4,4,,9,2,1,,,1,,,,,,,,,1,2300000,2300000,1,1,84,19,19,1,1,01,8422,50,225.22597404
5358278,1,4,1,70,50,1,26,46,1,,1,,,,,,,,.,,,,,,,,.,,,,2500000,,,,02,,1,2,01,.,50,225.22597404
5358280,1,3,1,70,50,1,108,48,1,,2,52,4,,1,2,2,,,,,,,,,,,1,2,,1000000,2,,69,11,11,1,2,01,6920,50,178.04290792
5358281,1,3,1,70,50,1,4,48,1,,2,4,1,,9,2,1,,,,,,,,,,,1,1,900000,1000000,2,,47,39,33,1,1,01,4711,50,292.17242218
5358286,1,2,1,70,50,1,6,49,1,,2,5,1,,2,2,1,,,,,,,,,,,1,1,300000,900000,2,,41,95,95,1,1,01,4111,50,186.90755955
5358287,1,1,1,70,50,1,4,48,1,,2,6,1,,9,2,1,,,,,,,,,,,1,1,1000000,1400000,2,,85,13,18,1,1,01,8530,50,325.47132375
5358290,1,3,1,70,50,1,8,48,1,,2,8,1,,2,2,1,,,,,,,,,,,1,2,,1000000,2,,96,53,56,1,1,01,9601,50,169.01244678
5358291,1,1,1,70,50,1,16,48,1,,2,16,1,,9,2,1,,,1,,,,,,,,,2,,1500000,1,1,09,97,97,1,2,01,0910,50,278.0822698
5358297,1,2,1,70,50,1,32,48,1,,2,120,1,,5,2,4,,,,,,,,,,,1,2,,1000000,2,,65,33,33,1,2,01,6511,50,313.33710354
5358300,1,8,1,70,54,1,4,48,4,,2,4,4,,1,2,1,,,,,,,,,,,1,2,,800000,2,,96,57,57,1,1,01,9602,54,594.86412779
5358307,1,2,1,70,54,1,2,48,4,,2,40,1,,9,2,1,,,,,,,,,,,1,2,,877803,2,,49,98,98,1,1,01,4921,54,293.01102481
5358310,1,3,1,70,54,1,52,48,1,,1,,,,,,,,.,,,,,,,,.,,,,920000,,,,53,,1,2,01,.,54,394.10050511
5358331,1,2,1,70,63,1,52,42,1,,2,254,1,,9,2,4,,,,,,,,,,,1,2,,3000000,2,,65,45,44,1,2,01,6511,63,144.8193783
5358332,1,1,1,70,63,1,4,48,1,,2,52,2,,9,2,1,,,,,,,,,,,1,2,,1500000,3,,84,39,21,1,1,01,8422,63,156.59550227
5358339,1,3,1,70,63,1,4,48,1,,2,4,4,,1,2,1,,,,,,,,,,,1,1,800000,1000000,2,,96,57,57,1,1,01,9602,63,90.144612625
5358342,1,2,1,70,63,1,20,45,1,,2,37,4,,1,2,1,,,,,,,,,,,1,2,,800000,2,,46,45,41,1,2,01,4631,63,142.10981365
5358354,1,4,1,70,63,1,52,48,4,,2,104,4,,1,2,1,,,,,,,,,,,1,2,,908526,2,,47,41,45,1,2,01,4773,63,154.94015093
5358366,1,2,1,70,63,1,3,45,1,,2,8,1,,9,2,8,,,,,,,,,,,1,2,,1200000,2,,43,53,03,1,1,01,4321,63,111.08844251
5358381,1,1,1,70,63,1,25,50,1,,2,8,4,,1,2,1,,,,,,,,,,,1,2,,877803,2,,47,97,97,1,2,01,4711,63,188.04534323
5358383,1,3,1,70,63,1,5,48,4,,2,3,4,,9,2,8,,,1,,,,,,,,,1,1646000,1500000,1,1,36,95,95,1,1,01,3600,63,218.78391974
5358387,1,2,1,70,63,1,24,48,1,,2,8,4,,1,2,1,,,,,,,,,,,1,2,,908500,2,,15,55,79,1,2,01,1513,63,85.404216049
5358402,1,1,1,70,63,1,4,30,4,,2,4,4,,1,2,1,,,,,,,,,,,1,1,600000,600000,2,,81,55,55,1,1,01,8121,63,164.90491022
5358404,1,2,1,70,63,1,24,48,1,,2,104,1,,3,2,1,,,,,,,,,,,1,2,,500000,2,,56,53,53,1,2,01,5611,63,137.46680037
5358404,1,3,1,70,63,1,4,48,1,,1,,,,,,,,.,,,,,,,,.,,,,500000,,,,45,,1,1,01,.,63,137.46680037
5358408,1,3,1,70,63,1,3,48,4,,2,32,1,,4,2,1,,,,,,,,,,,1,2,,800000,2,,46,97,97,1,1,01,4663,63,148.64732499
5358416,1,2,1,70,63,1,12,48,1,,2,36,1,,9,2,3,,,,,,,,,,,1,2,,908500,2,,70,18,18,1,1,01,7010,63,149.24292434
5358418,1,1,1,70,63,1,24,45,1,,2,45,1,,9,2,8,,,,,,,,,,,1,2,,877803,2,,10,97,97,1,2,01,1089,63,172.99513343
5358419,1,2,1,70,63,1,2,40,1,,2,2,4,,1,2,1,,,,,,,,,,,1,1,750000,877803,2,,56,79,97,1,1,01,5611,63,206.34083077
5358419,1,3,1,70,63,1,15,54,1,,2,55,4,,1,2,8,,,,,,,,,,,1,2,,877803,2,,47,97,41,1,2,01,4771,63,206.34083077
5358425,1,2,1,70,63,1,28,48,3,,2,52,3,,1,2,1,,,,,,,,,,,1,2,,908526,2,,97,54,54,1,2,01,9700,63,132.80006181
5358425,1,3,1,70,63,1,24,50,1,,2,52,1,,4,2,1,,,,,,,,,,,1,2,,908526,2,,41,95,95,1,2,01,4111,63,132.80006181
5358428,1,1,1,70,63,1,53,48,4,,2,48,4,,9,2,2,,,,,,,,,,,1,2,,1300000,2,,84,05,05,1,2,01,8413,63,167.5313415
5358428,1,4,1,70,63,1,36,48,1,,2,36,1,,9,2,2,,,,,,,,,,,1,2,,2000000,2,,42,02,02,1,2,01,4210,63,167.5313415
5358433,1,1,1,70,63,1,12,48,1,,2,192,2,,9,2,3,,,,,,,,,,,1,2,,908000,3,,84,98,58,1,1,01,8423,63,202.10256203
5358442,1,1,1,70,63,1,7,48,1,,2,7,1,,8,2,7,,,,,,,,,,,1,2,,1000000,2,,47,55,55,1,1,01,4711,63,206.52610807
5358443,1,3,1,70,63,1,55,48,1,,2,53,1,,9,2,8,,,,,,,,,,,1,2,,1200000,2,,61,97,44,1,2,01,6190,63,162.29272886
5358452,1,1,1,70,63,1,2,60,4,,2,2,4,,1,2,1,,,,1,,,,,,,,1,800000,1000000,1,1,49,98,98,1,1,01,4921,63,137.46680037
5358452,1,2,1,70,63,1,24,48,1,,2,104,1,,3,2,2,,,,,,,,,,,1,2,,1200000,2,,87,59,59,1,2,01,8730,63,137.46680037
5358457,1,1,1,70,63,1,3,105,1,,2,3,1,,2,2,1,,,,,,,,,,,1,1,1000000,1000000,2,,49,98,98,1,1,01,4923,63,116.7856691
5358460,1,2,1,70,63,1,16,24,1,,2,28,1,,2,2,1,,,,,,,,,,,1,2,,600000,2,,95,39,39,1,2,01,9522,63,167.7565208
5358461,1,1,1,70,63,1,12,48,4,,2,16,4,,1,2,2,,,,,,,,,,,1,2,,908000,2,,81,54,54,1,1,01,8121,63,138.46714427
5358461,1,2,1,70,63,1,3,48,4,,2,4,1,,4,2,4,,,,,,,,,,,1,2,,800000,2,,56,97,97,1,1,01,5611,63,138.46714427
5358467,1,1,1,70,63,1,12,40,1,,2,9,1,,7,2,3,,,,,,,,,,,1,2,,908500,2,,85,13,13,1,1,01,8530,63,194.39757727
5358469,1,3,1,70,63,1,4,48,1,,2,2,4,,1,2,2,,,,,,,,,,,1,2,,877803,2,,43,53,93,1,1,01,4330,63,196.5653946
5358471,1,2,1,70,63,1,12,44,1,,2,12,1,,6,2,2,,,,,,,,,,,1,2,,1600000,2,,42,03,03,1,1,01,4210,63,174.06885283
5358473,1,1,1,70,63,1,38,38,4,,2,12,4,,1,2,2,,,,,,,,,,,1,2,,600000,2,,96,56,56,1,2,01,9601,63,119.39785046
5358474,1,2,1,70,63,1,52,54,1,,2,52,4,,1,2,1,,,,,,,,,,,1,2,,900000,2,,47,95,95,1,2,01,4752,63,187.84205271
5358476,1,4,1,70,63,1,16,48,1,,1,,,,,,,,.,,,,,,,,.,,,,908000,,,,33,,1,2,01,.,63,74.445258756
5358478,1,4,1,70,63,1,24,48,1,,2,24,4,,1,2,1,,,,,,,,,,,1,2,,90800,2,,14,79,79,1,2,01,1410,63,74.445258756
5358487,1,1,1,70,63,1,16,54,4,,2,16,4,,1,2,1,,,,,,,,,,,1,2,,877803,2,,56,53,53,1,2,01,5619,63,74.445258756
5358495,1,1,1,70,63,1,12,48,2,,2,56,2,,9,2,1,,,,,,,,,,,1,2,,1200000,3,,84,58,58,1,1,01,8423,63,202.48780048
5358496,1,5,1,70,63,1,30,54,1,,2,50,1,,9,2,1,,,,,,,,,,,1,2,,1000000,2,,36,97,97,1,2,01,3600,63,236.20072305
5358497,1,1,1,70,63,1,60,60,1,,2,68,4,,1,2,7,,,,,,,,,,,1,2,,908526,2,,95,03,03,1,2,01,9512,63,179.55065799
5358497,1,2,1,70,63,1,55,45,1,,2,65,4,,1,2,4,,,,,,,,,,,1,2,,908526,2,,47,45,45,1,2,01,4741,63,179.55065799
5358498,1,2,1,70,63,1,40,48,1,,2,48,1,,6,2,3,,,,,,,,,,,1,2,,1000000,2,,64,39,19,1,2,01,6412,63,144.8193783
5358499,1,1,1,70,63,1,8,54,1,,2,8,4,,1,2,7,,,,,,,,,,,1,2,,1000000,2,,41,95,95,1,1,01,4111,63,144.8193783
5358504,1,2,1,70,63,1,8,48,1,,2,36,1,,2,2,1,,,,,,,,,,,1,2,,908000,2,,56,53,53,1,1,01,5613,63,144.8193783
5358506,1,1,1,70,63,1,28,48,1,,2,28,3,,1,2,1,,,,,,,,,,,1,2,,908000,2,,97,53,54,1,2,01,9700,63,176.26921926
5358507,1,2,1,70,63,1,3,48,1,,2,3,4,,1,2,2,,,,,,,,,,,1,2,,850000,2,,55,97,55,1,1,01,5511,63,100.04996382
5358508,1,1,1,70,63,1,3,48,4,,2,28,4,,9,2,4,,,1,,,,,,,,,2,,908000,1,2,84,34,34,1,1,01,8413,63,134.04359823
5358509,1,2,1,70,63,1,3,48,3,,2,2,4,,1,2,1,,,,,,,,,,,1,2,,908000,2,,81,54,55,1,1,01,8121,63,137.46680037
5358520,1,1,1,70,68,1,28,48,2,,2,28,2,,9,2,3,,,,,,,,,,,1,2,,877803,2,,84,32,32,1,2,01,8412,68,541.73858004
5358526,1,3,1,70,68,1,4,48,1,,2,4,1,,5,2,8,,,,,,,,,,,1,2,,900000,2,,42,32,32,1,1,01,4210,68,512.2709248
5358528,1,3,1,70,68,1,104,48,1,,2,104,4,,9,2,3,,,,,,,,,,,1,2,,1000000,2,,84,44,44,1,2,01,8414,68,547.59522952
5358530,1,3,1,70,68,1,24,48,1,,2,52,4,,9,2,1,,,,1,,,,,,,,2,,1500000,1,2,85,02,13,1,2,01,8544,68,637.52290121
5358535,1,3,1,70,68,1,12,48,1,,2,208,1,,9,2,2,,,,,,,,,,,1,2,,1000000,2,,85,38,02,1,1,01,8544,68,512.2709248
5358536,1,2,1,70,68,1,104,48,1,,1,,,,,,,,.,,,,,,,,.,,,,1000000,,,,79,,1,2,01,.,68,503.95525076
5358538,1,6,1,70,68,1,52,48,1,,2,52,1,,3,2,8,,,,,,,,,,,1,2,,900000,2,,41,95,95,1,2,01,4111,68,499.27480405
5358542,1,2,1,70,68,1,36,48,1,,2,36,1,,7,2,1,,,,,,,,,,,1,2,,900000,2,,43,45,03,1,2,01,4322,68,443.79933625
5358553,1,1,1,70,68,1,40,40,1,,2,8,4,,1,2,2,,,,,,,,,,,1,2,,900000,2,,41,95,95,1,2,01,4111,68,476.6275365
5358555,1,2,1,70,68,1,8,48,1,,2,9,1,,4,2,2,,,,,,,,,,,1,2,,1000000,2,,46,33,21,1,1,01,4641,68,485.49443468
5358558,1,3,1,70,68,1,50,48,1,,1,,,,,,,,.,,,,,,,,.,,,,2000000,,,,19,,1,2,01,.,68,601.27110012
5358559,1,1,1,70,68,1,4,48,1,,2,52,3,,1,2,1,,,,,,,,,,,1,2,,800000,2,,97,45,54,1,1,01,9700,68,601.27110012
5358560,1,1,1,70,68,1,16,48,1,,2,16,1,,9,2,3,,,,,,,,,,,1,2,,2000000,2,,58,21,21,1,2,01,5813,68,583.09378585
5358562,1,3,1,70,68,1,2,48,1,,2,3,1,,3,2,1,,,,,,,,,,,1,1,240000,1100000,2,,26,45,45,1,1,01,2670,68,520.992991
5358574,1,1,1,70,68,1,6,48,3,,2,6,3,,1,2,8,,,,,,,,,,,1,1,200000,600000,2,,97,54,59,1,1,01,9700,68,516.7771199
5358575,1,3,1,70,68,1,52,48,1,,2,104,1,,4,2,4,,,,,,,,,,,1,2,,1500000,2,,73,15,15,1,2,01,7310,68,637.52290121
5358590,2,1,2,70,68,1,36,48,1,,2,36,1,,4,2,1,,,,,,,,,,,1,2,,1100000,2,,87,55,59,1,2,01,8730,68,440.52056739
5358592,1,1,1,70,68,1,8,24,1,,2,44,1,,2,2,1,,,,,,,,,,,1,2,,98,2,,55,59,39,1,1,01,5511,68,513.65762101
5358593,1,6,1,70,68,1,16,48,1,,2,10,1,,2,2,8,,,,,,,,,,,1,2,,900000,2,,56,53,53,1,2,01,5611,68,731.1873443
5358594,1,3,1,70,68,1,36,48,2,,1,,,,,,,,.,,,,,,,,.,,,,2000000,,,,19,,1,2,01,.,68,599.43546998
5358597,1,3,1,70,68,1,2,48,1,,2,6,1,,9,2,2,,,,,1,,,,,,,2,,3000000,2,,86,06,06,1,1,01,8610,68,553.62613061
5358606,1,3,1,70,68,1,48,48,1,,2,48,1,,3,2,1,,,,,,,,,,,1,2,,877803,2,,47,97,39,1,2,01,4711,68,820.61659954
5358606,1,4,1,70,68,1,50,48,1,,2,50,1,,2,2,1,,,,,,,,,,,1,2,,877803,2,,47,59,59,1,2,01,4773,68,820.61659954
5358607,1,2,1,70,68,1,32,48,1,,2,104,1,,7,2,2,,,,,,,,,,,1,2,,1200000,2,,47,39,45,1,2,01,4773,68,638.90959742
5358610,1,2,1,70,73,1,4,48,1,,2,4,1,,3,2,3,,,1,,,,,,,,,1,300000,700000,2,,56,53,53,1,1,01,5611,73,514.27061935
5358615,1,2,1,70,73,1,1,40,1,,2,1,1,,6,2,1,,,,,,,,,,,1,2,,900000,2,,88,13,13,1,1,01,8890,73,228.63851307
5358616,1,1,1,70,73,1,34,40,3,,2,34,1,,3,2,1,,,,,,,,,,,1,2,,800000,2,,56,54,53,1,2,01,5611,73,255.18633804
5358617,1,2,1,70,73,1,12,48,1,,2,12,1,,9,2,3,,,,,,,,,,,1,2,,950000,2,,11,39,39,1,1,01,1104,73,409.90797919
5358618,1,1,1,70,73,1,52,48,1,,2,52,1,,9,2,1,,,,,,,,,,,1,2,,950000,2,,68,55,55,1,2,01,6820,73,274.93106202
5358618,1,2,1,70,73,1,24,48,1,,2,24,1,,9,2,1,,,,,,,,,,,1,2,,1500000,2,,41,02,02,1,2,01,4111,73,274.93106202
5358619,1,1,1,70,73,1,40,48,4,,2,40,4,,1,2,2,,,,,,,,,,,1,2,,1000000,2,,56,53,53,1,2,01,5619,73,277.0547081
5358619,1,2,1,70,73,1,8,48,1,,1,,,,,,,,.,,,,,,,,.,,,,880000,,,,45,,1,1,01,.,73,277.0547081
5358623,1,1,1,70,73,1,24,48,1,,2,24,1,,9,2,3,,,1,,,,,,,,,2,,950000,1,1,53,37,37,1,2,01,5320,73,382.53660548
5358639,1,1,1,70,76,1,14,32,4,,2,71,3,,1,2,1,,,,,,,,,,,1,2,,800000,2,,97,55,54,1,2,01,9700,76,943.65814299
5358641,1,1,1,70,76,1,2,48,1,,2,5,1,,9,2,1,,,,,,,,,,,1,2,,908526,2,,10,45,97,1,1,01,1011,76,914.75988488
5358646,1,2,1,70,76,1,8,48,1,,2,8,1,,6,2,7,,,,,,,,,,,1,2,,908526,2,,56,03,50,1,1,01,5630,76,948.64383403
5358880,1,6,1,70,,1,12,50,1,,2,48,1,,3,2,1,,,,,,,,,,,1,2,,600000,2,,56,53,33,1,1,01,5611,66,2095.7917875
5358893,1,2,1,70,,1,8,48,1,,1,,,,,,,,.,,,,,,,,.,,,,900000,,,,45,,1,1,01,.,66,1007.9307708
5358904,1,3,1,70,,1,40,48,1,,2,52,4,,9,2,1,,,,1,,,,,,,,2,,2000000,1,2,84,02,02,1,2,01,8412,66,523.94794689
5358919,1,1,1,70,,1,48,50,4,,2,48,3,,1,2,1,,,,,,,,,,,1,2,,600000,2,,97,55,54,1,2,01,9700,66,523.94794689
5358919,1,3,1,70,,1,24,50,1,,2,64,1,,3,2,1,,,,,,,,,,,1,2,,600000,2,,56,53,33,1,2,01,5613,66,523.94794689
5358935,1,1,1,70,,1,20,50,3,,2,44,3,,1,2,1,,,,,,,,,,,1,2,,480000,2,,97,54,54,1,2,01,9700,66,2095.7917875
5359045,1,2,1,70,,1,4,48,1,,2,36,1,,4,2,1,,,,,,,,,,,1,2,,908526,2,,56,45,53,1,1,01,5611,76,1908.5036798
5359049,1,3,1,70,,1,144,45,1,,1,,,,,,,,.,,,,,,,,.,,,,908526,,,,16,,1,2,01,.,76,1756.7989463
5359055,1,1,1,70,,1,12,48,1,,2,43,1,,4,2,8,,,,,,,,,,,1,2,,908526,2,,56,32,53,1,1,01,5611,76,2823.2927785
5359062,1,1,1,70,,1,17,72,1,,2,17,1,,9,2,7,,,,,,,,,,,1,2,,1200000,2,,49,98,98,1,2,01,4923,76,7027.1957854
5359063,1,2,1,70,,1,10,60,2,,2,10,1,,4,2,1,,,,,,,,,,,1,2,,550000,2,,47,58,45,1,1,01,4741,76,1756.7989463
5359065,1,5,1,70,,1,8,24,1,,2,13,1,,4,2,4,,,,,,,,,,,1,2,,908526,2,,46,45,45,1,1,01,4631,76,5845.4364509
5359066,1,2,1,70,,1,156,72,1,,2,43,4,,1,2,8,,,,,,,,,,,1,2,,908526,2,,49,98,98,1,2,01,4921,76,2314.7524385
5359066,1,3,1,70,,1,259,84,1,,2,468,1,,9,2,1,,,,,,,,,1,ES PENSIONADO,,2,,1000000,3,,10,58,97,1,2,01,1071,76,2314.7524385
5359068,1,6,1,70,,1,10,45,1,,2,11,1,,9,2,1,,,,,,,,,,,1,2,,908526,2,,10,03,03,1,1,01,1071,76,4274.6367355
5359073,1,1,1,70,,1,43,24,4,,2,43,4,,1,2,2,,,,,,,,,,,1,2,,450000,2,,81,55,55,1,2,01,8121,76,4076.327418
5359081,1,1,1,70,,1,5,40,3,,2,4,3,,1,2,1,,,,,,,,,,,1,1,350000,600000,2,,97,54,54,1,1,01,9700,76,4206.6167335
5359084,1,3,1,70,,1,2,48,1,,1,,,,,,,,.,,,,,,,,.,,,,98,,,,45,,1,1,01,.,76,2691.6239583
5359087,1,2,1,70,,1,2,48,1,,2,52,4,,1,2,9,SE DESPLAZA AL MUNICIPIO DONDE TIENE EPS S,,,,,,,,,,1,2,,908526,2,,47,45,45,1,1,01,4789,76,3021.6020959
5359087,1,4,1,70,,1,1,60,1,,1,,,,,,,,.,,,,,,,,.,,,,908526,,,,45,,1,1,01,.,76,3021.6020959
5359090,1,2,1,70,,1,24,54,1,,2,2,1,,2,2,1,,,,,,,,,,,1,2,,1000000,2,,56,53,53,1,2,01,5611,76,3018.8883694
5359091,1,1,1,70,,1,32,60,4,,2,7,4,,1,2,1,,,1,,,,,,,,,1,600000,920000,1,2,49,98,98,1,2,01,4921,76,3158.1078942
5359092,1,3,1,70,,1,2,36,1,,2,4,1,,3,2,1,,,,,,,,,,,1,1,300000,400000,2,,56,53,33,1,1,01,5611,76,1756.7989463
5359118,1,3,1,70,,1,54,48,1,,2,54,1,,9,2,1,,,,,,,,,,,1,2,,908526,2,,80,58,58,1,2,01,8010,05,2814.3474642
5359122,1,2,1,70,,1,8,48,4,,2,24,4,,2,2,1,,,,,,,,,,,1,2,,878000,2,,47,41,41,1,1,01,4724,05,11257.389857
5359122,1,3,1,70,,1,8,48,4,,2,24,4,,2,2,1,,,,,,,,,,,1,2,,878000,2,,47,41,41,1,1,01,4724,05,11257.389857
5359192,1,5,1,70,,1,4,48,1,,2,4,1,,2,2,1,,,,,,,,,,,1,2,,878000,2,,41,95,95,1,1,01,4111,05,3774.6519027
5359194,1,5,1,70,,1,4,48,1,,2,4,1,,2,2,1,,,,,,,,,,,1,1,750000,800000,2,,08,71,71,1,1,01,0811,05,7128.5422917
5359203,1,1,1,70,,1,96,48,1,,2,96,4,,2,2,1,,,,,,,,,,,1,2,,700000,2,,03,59,64,1,2,01,0312,05,7065.3973099
5359216,1,1,1,70,,1,4,40,1,,2,4,1,,4,2,1,,,,,,,,,,,1,1,1500000,900000,2,,41,95,95,1,1,01,4111,15,2923.4850126
5359216,1,2,1,70,,1,24,40,3,,2,24,3,,1,2,1,,,,,,,,,,,1,2,,900000,2,,97,54,54,1,2,01,9700,15,2923.4850126
5359216,1,4,1,70,,1,24,40,1,,2,24,3,,1,2,1,,,,,,,,,,,1,2,,900000,2,,97,62,54,1,2,01,9700,15,2923.4850126
5359251,1,2,1,70,,1,12,40,8,,2,8,8,,2,2,1,,,,,,,,,,,1,2,,908526,2,,01,62,62,1,1,01,0121,15,3558.3311175
5359253,1,2,1,70,,1,3,48,1,,2,8,4,,1,2,1,,,,,,,,,,,1,2,,877700,2,,01,62,62,1,1,01,0121,15,3810.3032574
5359256,1,4,1,70,,1,20,50,8,,2,28,8,,2,2,1,,,,,,,,,,,1,2,,908526,,,01,62,62,1,2,01,0121,15,3388.4931401
5359256,1,5,1,70,,1,22,40,8,,2,25,8,,2,2,1,,,,,,,,,,,1,2,,908526,2,,01,62,62,1,2,01,0121,15,3388.4931401
5359268,1,2,1,70,,1,3,40,1,,2,3,1,,3,2,1,,,,,,,,,,,1,1,280000,908526,2,,96,57,57,1,1,01,9602,15,3399.526991
5359269,1,3,1,70,,1,36,50,1,,2,5,4,,1,2,1,,,,,,,,,,,1,2,,908526,2,,93,18,18,1,2,01,9319,15,3728.1302079
5359280,1,5,1,70,,1,36,40,1,,2,48,4,,9,2,1,,,,,,,,,,,1,2,,2000000,2,,84,21,39,1,2,01,8412,15,1824.7486093
5359292,1,2,1,70,,1,20,40,1,,2,18,1,,2,2,1,,,,,,,,,,,1,2,,908526,2,,47,40,45,1,2,01,4771,15,3595.21835
5359294,1,1,1,70,,1,40,26,1,,2,40,1,,2,2,1,,,,,,,,,,,1,2,,908526,2,,47,45,45,1,2,01,4771,15,2830.961686
5359325,1,2,1,70,,1,4,40,1,,2,1,1,,1,2,2,,,,,,,,,,,1,1,99,908526,2,,86,19,19,1,1,01,8621,15,3578.2707468
5359326,1,2,1,70,,1,8,48,2,,2,8,1,,7,2,7,,,,,,,,,,,1,2,,1400000,2,,61,32,32,1,1,01,6190,15,3847.3837289
5359327,1,1,1,70,,1,5,49,4,,2,8,4,,1,2,1,,,,,,,,,,,1,1,200000,908526,2,,01,62,62,1,1,01,0161,15,2747.0627043
5359329,1,2,1,70,,1,30,40,2,,2,30,2,,7,2,1,,,,,,,,,,,1,2,,1000000,2,,84,32,32,1,2,01,8412,15,3768.8329654
5359330,1,2,1,70,,1,34,48,1,,1,,,,,,,,.,,,,,,,,.,,,,2000000,,,,07,,1,2,01,.,15,2744.2639172
5359389,1,1,1,70,,1,4,48,1,,2,4,1,,8,2,1,,,,,1,,,,,,,1,600000,980000,2,,05,71,71,1,1,01,0510,15,2768.0479317
5359390,1,1,1,70,,1,4,40,2,,2,4,2,,9,2,1,,,,1,,,,,,,,1,2500000,2000000,1,2,85,13,13,1,1,01,8544,15,3054.9695365
5359393,1,1,1,70,,1,6,48,1,,2,4,1,,4,2,3,,,,,1,,,,,,,1,400000,1200000,2,,41,87,87,1,1,01,4111,15,2607.1066014
5359404,1,3,1,70,,1,36,40,1,,2,36,1,,9,2,1,,,,,,,,,,,1,2,,908526,2,,61,39,39,1,2,01,6190,15,2074.941479
5359428,1,1,1,70,,1,16,40,1,,2,28,1,,2,2,2,,,,,1,,,,,,,2,,1000000,2,,85,18,18,1,2,01,8552,68,1905.2279657
5359432,1,3,1,70,,1,16,50,1,,2,32,1,,1,2,4,,,,,,,,,,,1,2,,2000000,2,,01,05,05,1,2,01,0141,68,1741.2477649
5359438,1,1,1,70,,1,52,40,1,,2,52,1,,7,2,1,,,1,,,,,,,,,2,,1000000,1,2,86,58,58,1,2,01,8610,68,1396.3988973
5359442,1,1,1,70,,1,16,40,1,,2,18,1,,2,2,1,,,,,,,,,,,1,2,,908526,2,,47,45,45,1,2,01,4729,68,1250.546706
5359447,1,2,1,70,,1,16,45,2,,2,20,1,,4,2,1,,,,,,,,,,,1,2,,1200000,2,,86,59,59,1,2,01,8621,68,1905.2279657
5359448,1,2,1,70,,1,52,40,1,,2,52,2,,9,2,1,,,,,,,,,,,1,2,,908526,2,,84,58,58,1,2,01,8423,68,1541.7588137
5359456,1,2,1,70,,1,12,40,1,,2,12,1,,3,2,1,,,,,,,,,,,1,2,,908526,2,,56,33,53,1,1,01,5611,68,1756.3628898
5359458,1,1,1,70,,1,4,40,4,,2,4,4,,7,2,1,,,,,,,,,,,1,2,,2000000,2,,84,18,18,1,1,01,8413,68,1741.2477649
5359458,1,3,1,70,,1,52,40,1,,2,52,1,,6,2,1,,,,,,,,,,,1,2,,1500000,2,,80,18,21,1,2,01,8010,68,1741.2477649
5359460,1,3,1,70,,1,52,40,1,,2,52,1,,9,2,3,,,,,,,,,,,1,2,,908500,2,,82,33,38,1,2,01,8220,68,1431.9890561
5359481,1,1,1,70,,1,156,48,2,,2,160,2,,8,2,1,,,,,,,,,,,1,2,,2000000,2,,86,21,59,1,2,01,8610,19,2924.3582371
5359481,1,2,1,70,,1,32,40,1,,2,32,1,,9,2,1,,,,,,,,,,,1,2,,1000000,2,,10,89,97,1,2,01,1082,19,2924.3582371
5359488,1,4,1,70,,1,4,40,1,,2,24,1,,9,2,1,,,,,,,,,,,1,2,,800000,2,,10,97,97,1,1,01,1081,19,3829.8545155
5359490,1,3,1,70,,1,6,48,1,,1,,,,,,,,.,,,,,,,,.,,,,1500000,,,,13,,1,1,01,.,19,2781.1304149
5359494,1,3,1,70,,1,52,40,4,,1,,,,,,,,.,,,,,,,,.,,,,98,,,,85,,1,2,01,.,19,6544.2000338
5359503,1,8,1,70,,1,12,40,3,,2,48,4,,1,2,3,,,,,,,,,,,1,2,,650000,2,,81,55,55,1,1,01,8121,19,3570.2856509
5359504,1,3,1,70,,1,16,24,1,,1,,,,,,,,.,,,,,,,,.,,,,400000,,,,45,,1,2,01,.,19,2951.4591304
5359507,1,2,1,70,,1,36,40,1,,2,36,1,,8,2,4,,,,,,,,,,,1,2,,1100000,2,,80,58,58,1,2,01,8010,19,5209.0933233
5359507,1,4,1,70,,1,48,40,1,,1,,,,,,,,.,,,,,,,,.,,,,98,,,,55,,1,2,01,.,19,5209.0933233
5359528,1,2,1,70,,1,40,36,1,,2,40,1,,2,2,1,,,,,,,,1,,,,2,,500000,2,,56,53,53,1,2,01,5611,19,3829.8545155
5359528,1,4,1,70,,1,8,40,1,,2,4,1,,6,2,1,,,,,,,,,,,1,2,,906000,2,,93,57,59,1,1,01,9329,19,3829.8545155
5359530,1,1,1,70,,1,3,48,1,,2,3,4,,2,2,1,,,,,,,,,,,1,1,480000,900000,2,,47,19,41,1,1,01,4772,19,5331.8503165
5359537,1,2,1,70,,1,40,40,3,,2,104,4,,1,2,1,,,,,,,,,,,1,2,,906500,2,,38,54,99,1,2,01,3830,19,2330.5499173
5359537,1,4,1,70,,1,104,40,1,,1,,,,,,,,.,,,,,,,,.,,,,906500,,,,45,,1,2,01,.,19,2330.5499173
5359546,1,3,1,70,,1,24,40,1,,2,20,1,,2,2,1,,,,,,,,,,,1,2,,400000,2,,47,39,45,1,2,01,4724,19,3411.6100807
5359547,1,13,1,70,,1,52,48,1,,2,52,4,,1,2,4,,,,,,,,,,,1,2,,950000,2,,90,73,17,1,2,01,9007,19,8031.8044523
5359645,1,4,1,70,,1,52,48,2,,1,,,,,,,,.,,,,,,,,.,,,,800000,,,,32,,1,2,01,.,19,5959.0665085
5359707,1,1,1,70,05,1,8,48,1,,2,40,1,,9,2,2,,,,,,,,,,,1,2,,908526,2,,49,98,98,1,1,01,4923,05,1235.5699652
5359707,1,2,1,70,05,1,4,48,1,,2,40,1,,4,9,2,,,,,,,,,,,1,2,,908526,2,,14,79,79,1,1,01,1410,05,1235.5699652
5359711,1,1,1,70,05,1,8,48,4,,2,8,3,,1,2,4,,,,,,,,,,,1,2,,908526,2,,97,55,54,1,1,01,9700,05,1443.6958735
5359713,1,1,1,70,05,1,1,48,1,,2,12,1,,8,2,1,,,,,,,,,,,1,2,,681395,2,,22,39,90,1,1,01,2229,05,1459.6794663
5359717,1,3,1,70,05,1,16,48,1,,2,52,1,,2,2,2,,,,,,,,,,,1,2,,908526,2,,47,45,45,1,2,01,4741,05,1121.6492538
5359736,1,2,1,70,11,1,28,48,1,,2,28,1,,9,2,8,,,,,,,,,,,1,2,,877803,2,,41,95,95,1,2,01,4111,11,3683.5693001
5359737,1,3,1,70,11,1,12,48,1,,2,24,1,,9,2,2,,,,,,,,,,,1,2,,877803,2,,86,39,39,1,1,01,8610,11,2357.4585144
5359738,1,4,1,70,11,1,4,48,1,,2,8,1,,9,2,1,,,,,,,,,,,1,1,350000,908526,2,,41,95,95,1,1,01,4111,11,3154.8973682
5359746,1,3,1,70,13,1,24,48,1,,2,48,1,,9,2,1,,,,,,,,,,,1,2,,1000000,2,,88,19,19,1,2,01,8890,13,345.06824614
5359756,1,2,1,70,15,1,45,40,1,,2,45,1,,3,2,1,,,,,,,,,,,1,2,,877803,2,,56,32,50,1,2,01,5630,15,105.74660749
5359759,1,1,1,70,15,1,8,48,1,,2,8,4,,6,2,7,,,,,,,,,,,1,2,,3500000,2,,42,02,02,1,1,01,4210,15,186.10436339
5359760,1,2,1,70,15,1,50,40,1,,2,50,1,,9,2,2,,,,,,,,,,,1,2,,2000000,2,,86,07,07,1,2,01,8610,15,96.860603843
5359764,1,2,1,70,15,1,20,48,1,,2,20,4,,9,2,1,,,,1,,,,,,,,2,,2500000,1,2,85,05,05,1,2,01,8544,15,70.240733028
5359765,1,3,1,70,15,1,4,40,1,,2,4,1,,6,2,7,,,,,,,,,,,1,1,1500000,1500000,2,,85,13,13,1,1,01,8530,15,110.98064854
5359770,1,1,1,70,15,1,4,40,1,,2,4,1,,3,2,7,,,,,,,,,,,1,1,877803,877803,2,,41,98,95,1,1,01,4111,15,142.07543842
5359774,1,2,1,70,15,1,2,40,1,,2,2,1,,2,2,1,,,,,,,,,,,1,1,500000,877803,2,,47,53,33,1,1,01,4721,15,73.56548003
5359784,1,2,1,70,15,1,3,40,1,,2,3,1,,4,2,2,,,,,,,,,,,1,1,120000,877803,2,,56,53,53,1,1,01,5611,15,101.47061912
5359790,1,1,1,70,15,1,44,40,1,,2,52,1,,6,2,4,,,,,,,,,,,1,2,,877803,2,,49,98,98,1,2,01,4923,15,112.17872743
5359793,1,4,1,70,15,1,24,48,2,,2,24,4,,2,2,1,,,,,,,,,,,1,2,,2000000,2,,69,12,12,1,2,01,6910,15,84.745338523
5359796,1,2,1,70,15,1,52,40,1,,2,52,4,,1,2,2,,,,,,,,,,,1,2,,877803,2,,47,09,45,1,2,01,4761,15,88.894421425
5359797,1,3,1,70,15,1,4,40,1,,2,4,1,,7,2,2,,,,,1,,,,,,,1,2000000,2000000,2,,42,02,02,1,1,01,4290,15,108.69623207
5359800,1,2,1,70,15,1,4,24,1,,2,4,1,,2,2,1,,,,,,,,,,,1,1,450000,450000,2,,56,53,53,1,1,01,5613,15,135.64331849
5359803,1,1,1,70,15,1,52,40,4,,2,104,2,,9,2,1,,,,,,1,,,,,,2,,1500000,3,,84,51,58,1,2,01,8423,15,152.49550456
5359803,1,2,1,70,15,1,40,40,1,,2,40,4,,4,2,2,,,,,,,,,,,1,2,,800000,2,,56,45,51,1,2,01,5611,15,152.49550456
5359803,1,3,1,70,15,1,40,40,1,,2,40,1,,5,2,7,,,,,,,,,,,1,2,,1200000,2,,56,32,50,1,2,01,5611,15,152.49550456
5359805,1,2,1,70,15,1,24,40,1,,2,24,1,,2,2,2,,,,,,,,,,,1,2,,877803,2,,47,33,45,1,2,01,4752,15,95.506826416
5359807,1,2,1,70,15,1,52,40,1,,2,180,1,,9,2,2,,,,,,,,,,,1,2,,1200000,2,,05,32,33,1,2,01,0510,15,140.0098846
5359807,1,3,1,70,15,1,104,40,1,,1,,,,,,,,.,,,,,,,,.,,,,2000000,,,,02,,1,2,01,.,15,140.0098846
5359817,1,2,1,70,15,1,5,20,2,,2,5,4,,9,2,4,,,,,,,,,,,1,2,,1500000,2,,85,13,13,1,1,01,8544,15,171.97214942
5359821,1,1,1,70,15,1,16,40,1,,2,16,1,,4,2,2,,,,,,,,,,,1,2,,1500000,2,,47,05,05,1,2,01,4759,15,158.92762449
5359827,1,2,1,70,15,1,52,40,1,,2,52,1,,4,2,2,,,,,,,,,,,1,2,,2500000,2,,42,21,21,1,2,01,4290,15,243.17781329
5359828,1,1,1,70,15,1,36,48,1,,2,36,1,,9,2,7,,,,,,,,,,,1,2,,1500000,2,,49,32,32,1,2,01,4921,15,72.898892483
5359829,1,2,1,70,15,1,48,48,1,,2,52,1,,2,2,2,,,,,,,,,,,1,2,,877803,2,,47,45,45,1,2,01,4771,15,134.109256
5359836,1,1,1,70,15,1,44,40,4,,2,44,4,,1,2,1,,,,,,,,,,,1,2,,500000,2,,81,54,54,1,2,01,8121,15,118.981202
5359836,1,4,1,70,15,1,24,40,1,,2,25,1,,3,2,2,,,,,,,,,,,1,2,,877803,2,,56,45,50,1,2,01,5630,15,118.981202
5359837,1,1,1,70,15,1,8,32,1,,2,8,1,,5,2,7,,,,,,,,,,,1,2,,1000000,2,,85,13,13,1,1,01,8530,15,80.928239006
5359838,1,1,1,70,15,1,4,48,2,,2,4,2,,9,2,3,,,,,,,,,,,1,2,,2200000,2,,85,13,13,1,1,01,8530,15,104.21254501
5359844,1,4,1,70,15,1,16,40,1,,2,16,1,,7,2,2,,,,,,,,,,,1,2,,1100000,2,,85,19,19,1,2,01,8541,15,64.081719279
5359849,1,1,1,70,15,1,4,40,1,,2,4,4,,8,2,2,,,,,,,,,,,1,1,1500000,1500000,2,,84,13,17,1,1,01,8412,15,129.0309135
5359850,1,5,1,70,15,1,4,48,1,,2,40,1,,3,2,7,,,,,,,,,,,1,2,,877803,2,,68,44,44,1,1,01,6820,15,73.576297841
5359856,1,3,1,70,15,1,4,20,1,,1,,,,,,,,.,,,,,,,,.,,,,877803,,,,45,,1,1,01,.,15,64.081719279
5359858,1,1,1,70,15,1,8,40,1,,2,8,1,,9,2,1,,,,,,,,,,,1,2,,1000000,2,,49,98,98,1,1,01,4921,15,158.92762449
5359863,1,1,1,70,15,1,48,48,4,,2,48,4,,1,2,1,,,,,,,,,,,1,2,,877803,2,,81,54,54,1,2,01,8121,15,150.04162084
5359863,1,3,1,70,15,1,40,48,1,,2,40,1,,3,2,1,,,,,,,,,,,1,2,,877803,2,,88,53,53,1,2,01,8890,15,150.04162084
5359863,1,4,1,70,15,1,40,48,4,,2,40,1,,3,2,1,,,,,,,,,,,1,2,,877803,2,,56,53,53,1,2,01,5621,15,150.04162084
5359871,1,1,1,70,15,1,4,48,1,,2,4,1,,7,2,1,,,,,,,,,,,1,1,877803,877803,2,,68,55,55,1,1,01,6820,15,73.829531525
5359877,1,4,1,70,15,1,24,40,1,,2,52,1,,4,2,4,,,,,,,,,,,1,2,,877803,2,,47,45,45,1,2,01,4771,15,148.68784341
5359881,1,3,1,70,15,1,40,40,1,,2,40,1,,3,2,2,,,,,,,,,,,1,2,,2500000,2,,69,12,12,1,2,01,6910,15,116.7255786
5359885,1,4,1,70,15,1,52,40,1,,1,,,,,,,,.,,,,,,,,.,,,,877803,,,,02,,1,2,01,.,15,129.97234238
5359893,1,3,1,70,15,1,16,40,2,,2,288,4,,9,2,3,,,,1,,,,,,,,2,,4000000,1,2,84,02,02,1,2,01,8412,15,86.162280054
5359895,1,3,1,70,15,1,16,40,1,,2,24,4,,1,2,4,,,,,,,,,,,1,2,,877803,2,,56,03,51,1,2,01,5613,15,122.68356532
5359927,1,1,1,70,15,1,36,40,2,,2,36,1,,3,2,2,,,,,,,,,,,1,2,,2000000,2,,69,12,12,1,2,01,6910,15,145.88309956
5359928,1,2,1,70,15,1,48,40,2,,2,48,2,,9,2,1,,,,,,,,,,,1,2,,1500000,2,,85,13,13,1,2,01,8530,15,153.25664838
5359929,1,3,1,70,15,1,52,48,1,,2,52,4,,9,2,4,,,,,,,,,,,1,2,,877803,2,,84,02,02,1,2,01,8412,15,147.97606702
5359936,1,2,1,70,15,1,10,48,1,,2,10,1,,3,2,1,,,,,,,,,,,1,2,,900000,2,,47,95,55,1,1,01,4721,15,186.77095094
5359943,1,3,1,70,17,1,8,48,1,,2,8,1,,9,2,1,,,,,,,,,,,1,2,,1200000,2,,85,19,19,1,1,01,8530,17,201.86902529
5359956,1,3,1,70,17,1,24,56,1,,2,4,1,,2,2,2,,,,,,,,,,,1,1,1200000,908526,2,,52,45,21,1,2,01,5221,17,196.90374065
5359973,1,2,1,70,17,1,4,48,1,,2,48,1,,2,2,2,,,,,,,,,,,1,2,,877802,2,,49,45,36,1,1,01,4921,17,201.3798871
5359985,1,2,1,70,17,1,20,48,1,,2,20,1,,2,2,1,,,,,,,,,,,1,2,,877802,2,,56,53,53,1,2,01,5630,17,141.49592563
5359985,1,6,1,70,17,1,8,48,1,,2,8,1,,9,2,1,,,,,,,,,,,1,2,,877802,2,,88,54,54,1,1,01,8890,17,141.49592563
5359993,1,3,1,70,17,1,28,40,1,,2,28,1,,9,2,7,,,,,,,,,,,1,2,,877802,2,,35,02,02,1,2,01,3511,17,204.23209578
5359998,1,2,1,70,17,1,48,48,1,,2,48,1,,7,2,1,,,,,,,,,,,1,2,,1000000,2,,49,98,98,1,2,01,4923,17,138.34172958
5359999,1,1,1,70,17,1,36,48,1,,2,4,1,,2,2,1,,,,,,,,,,,1,1,620000,800000,2,,41,53,93,1,2,01,4111,17,187.20964373
5360011,1,2,1,70,17,1,3,24,1,,2,8,1,,2,2,2,,,,,,,,,,,1,2,,877802,2,,47,45,45,1,1,01,4741,17,290.96163089
5360018,1,2,1,70,17,1,8,48,2,,2,8,4,,9,2,1,,,1,,,,,,,,,1,505000,2700000,1,1,85,02,13,1,1,01,8551,17,194.27560141
5360032,1,1,1,70,17,1,8,48,1,,2,8,1,,9,2,1,,,,,,,,,,,1,2,,1500000,2,,85,15,15,1,1,01,8544,17,187.51036918
5360039,1,1,1,70,17,1,7,48,1,,2,7,5,,2,2,1,,,,,1,,,,,,,2,,4000000,2,,43,85,85,1,1,01,4321,17,216.22327025
5360042,1,3,1,70,17,1,24,48,3,,2,28,1,,8,2,8,,,,,,,,,,,1,2,,877802,2,,87,54,53,1,2,01,8790,17,160.98870161
5360049,1,2,1,70,17,1,60,48,1,,2,60,4,,1,2,1,,,,,,,,,,,1,2,,3000000,2,,86,19,19,1,2,01,8691,17,226.71452266
5360065,1,1,1,70,18,1,5,48,4,,2,48,4,,9,2,3,,,,,,,,,,,1,2,,1200000,1,1,85,13,13,1,1,01,8544,18,105.90377053
5360069,1,1,1,70,18,1,5,48,1,,2,5,4,,9,2,3,,,,,,,,,,,1,2,,2200000,1,2,84,12,12,1,1,01,8412,18,83.980647169
5360070,1,1,1,70,19,1,7,48,2,,2,7,2,,9,2,3,,,,,,,,,,,1,2,,3000000,2,,85,13,13,1,1,01,8544,19,104.26107839
5360071,1,3,1,70,19,1,8,40,1,,1,,,,,,,,.,,,,,,,,.,,,,906500,,,,45,,1,1,01,.,19,149.41552903
5360073,1,1,1,70,19,1,8,40,4,,2,8,1,,9,2,1,,,1,,,,,,,,,2,,3000000,1,1,85,13,13,1,1,01,8541,19,128.72082462
5360075,1,1,1,70,19,1,4,45,1,,2,4,2,,9,2,1,,,,,,,,,,,1,2,,2000000,2,,84,08,08,1,1,01,8424,19,143.3103524
5360090,1,2,1,70,19,1,7,48,1,,2,7,1,,3,2,1,,,,,,,,,,,1,2,,700000,2,,47,97,97,1,1,01,4752,19,173.66944958
5360093,1,1,1,70,19,1,20,45,1,,2,20,4,,3,2,1,,,,,,,,,,,1,2,,980000,2,,41,95,95,1,2,01,4111,19,146.75389054
5360093,1,2,1,70,19,1,40,45,1,,2,40,1,,4,2,1,,,,,,,,,,,1,2,,980000,2,,55,55,54,1,2,01,5511,19,146.75389054
5360094,1,2,1,70,19,1,12,24,1,,2,32,1,,3,2,4,,,,,,,,,,,1,2,,600000,2,,56,53,53,1,1,01,5611,19,113.45896166
5360095,1,2,1,70,19,1,4,45,3,,2,4,3,,1,2,1,,,,,,,,,,,1,2,,900000,2,,97,55,55,1,1,01,9700,19,85.72030604
5360100,1,1,1,70,19,1,40,45,1,,2,40,1,,9,2,1,,,,,,,,,,,1,2,,1000000,2,,36,98,98,1,2,01,3600,19,149.41552903
5360107,1,2,1,70,19,1,52,45,1,,2,52,1,,4,2,1,,,,,,,,,,,1,2,,2000000,2,,47,09,32,1,2,01,4752,19,65.025601633
5360114,1,1,1,70,19,1,8,40,1,,2,8,4,,9,2,3,,,,,1,,,,,,,2,,2800000,2,,84,05,05,1,1,01,8413,19,146.75389054
5360117,1,1,1,70,19,1,60,40,1,,2,72,4,,1,2,2,,,,,,,,,,,1,2,,700000,2,,95,57,79,1,2,01,9529,19,92.256550816
5360121,2,2,2,70,19,1,52,45,1,,1,,,,,,,,.,,,,,,,,.,,,,877810,,,,45,,1,2,01,.,19,70.888247562
5360124,1,2,1,70,19,1,2,40,1,,2,4,1,,4,2,1,,,,,,,,,,,1,2,,900000,2,,47,32,45,1,1,01,4772,19,135.68076035
5360133,1,2,1,70,23,1,30,48,1,,2,40,3,,1,2,1,,,,,,,,,,,1,2,,400000,2,,97,53,54,1,2,01,9700,23,158.76604004
5360137,1,2,1,70,41,1,52,48,2,,2,52,4,,9,2,8,,,,,,,,,,,1,2,,1200000,2,,84,13,13,1,2,01,8413,41,168.91416942
5360142,1,3,1,70,41,1,104,48,1,,2,104,1,,9,2,1,,,,,,,,,,,1,2,,877803,2,,06,98,98,1,2,01,0610,41,151.18391237
5360150,1,2,1,70,41,1,52,48,2,,2,124,4,,9,2,2,,,,,,,,,,,1,2,,2500000,2,,70,12,12,1,2,01,7010,41,205.69526609
5360156,1,4,1,70,44,1,28,48,3,,2,54,1,,2,2,3,,,,,,,,,,,1,2,,800000,2,,47,54,45,1,2,01,4711,44,236.24844725
5360163,1,1,1,70,44,1,96,48,1,,1,,,,,,,,.,,,,,,,,.,,,,850900,,,,19,,1,2,01,.,44,117.24053777
5360165,1,4,1,70,44,1,49,48,1,,2,48,4,,9,2,1,,,,,,,,,,,1,2,,950000,2,,47,45,41,1,2,01,4771,44,141.37826271
5360171,1,2,1,70,44,1,16,48,4,,2,16,4,,2,2,1,,,,,,,,,,,1,2,,700000,2,,41,95,95,1,2,01,4111,44,88.596325699
5360171,1,3,1,70,44,1,48,48,1,,2,48,4,,9,2,1,,,,,,,,,,,1,2,,950000,2,,85,03,03,1,2,01,8551,44,88.596325699
5360171,1,4,1,70,44,1,20,48,1,,2,24,1,,4,2,1,,,,,,,,,,,1,2,,900000,2,,49,59,38,1,2,01,4921,44,88.596325699
5360173,1,1,1,70,44,1,96,48,3,,2,144,1,,6,2,8,,,,,,,,,,,1,2,,300000,2,,55,54,53,1,2,01,5511,44,115.68956958
5360174,1,5,1,70,44,1,49,40,1,,1,,,,,,,,.,,,,,,,,.,,,,1000000,,,,19,,1,2,01,.,44,89.665256008
5360176,1,2,1,70,50,1,8,48,4,,2,8,4,,9,2,3,,,1,,,,,,,,,2,,4000000,1,1,84,13,13,1,1,01,8412,50,255.1699956
5360177,1,2,1,70,50,1,24,48,1,,2,3,1,,2,2,4,,,,,,,,,,,1,1,300000,900000,2,,41,95,95,1,2,01,4111,50,290.26236451
5360184,1,1,1,70,50,1,8,48,4,,2,10,4,,1,2,1,,,,,,,,,,,1,1,1200000,1000000,2,,49,98,98,1,1,01,4921,50,272.79623672
5360185,1,1,1,70,50,1,50,48,1,,2,40,1,,4,2,1,,,,,,,,,,,1,2,,980000,2,,31,95,95,1,2,01,3110,50,272.79623672
5360190,1,2,1,70,50,1,20,48,1,,2,20,1,,4,2,1,,,,,,,,,,,1,2,,1200000,2,,41,95,95,1,2,01,4111,50,291.24748232
5360193,1,1,1,70,50,1,8,48,1,,2,8,1,,3,2,2,,,,,,,,,,,1,2,,878000,2,,25,83,83,1,1,01,2511,50,264.03464723
5360196,1,1,1,70,50,1,18,48,1,,2,18,1,,9,2,1,,,,,,,,,,,1,2,,2000000,2,,06,03,03,1,2,01,0610,50,325.47132375
5360198,1,3,1,70,50,1,4,48,1,,2,4,1,,4,2,1,,,,,,,,,,,1,1,908000,908000,2,,47,33,33,1,1,01,4711,50,153.59090727
5360200,1,1,1,70,50,1,8,48,1,,2,8,4,,9,2,8,,,,,,,,,,,1,2,,878000,2,,84,18,18,1,1,01,8412,50,201.4300416
5360202,1,2,1,70,50,1,2,48,1,,2,52,1,,6,2,2,,,,,,,,,,,1,2,,1000000,2,,80,39,39,1,1,01,8010,50,267.30421582
5360203,1,1,1,70,50,1,4,60,1,,2,4,1,,9,2,8,,,,,,,,,,,1,2,,878000,2,,92,33,33,1,1,01,9200,50,285.19932859
5360212,1,2,1,70,50,1,4,48,1,,2,12,1,,8,2,2,,,,,,,,,,,1,2,,906000,2,,85,53,53,1,1,01,8530,50,307.84508263
5360215,1,3,1,70,50,1,8,60,1,,2,8,1,,3,2,1,,,,,,,,,,,1,2,,878000,2,,56,45,53,1,1,01,5611,50,281.18838037
5360221,1,2,1,70,50,1,16,48,1,,1,,,,,,,,.,,,,,,,,.,,,,900000,,,,53,,1,2,01,.,50,396.57841032
5360222,1,1,1,70,50,1,4,48,8,,2,3,8,,3,2,4,,,,,,,,,,,1,1,550000,1000000,2,,01,62,62,1,1,01,0122,50,288.24034278
5360222,1,2,1,70,50,1,4,48,1,,2,4,1,,9,2,1,,,,,,,,,,,1,2,,700000,2,,47,45,97,1,1,01,4711,50,288.24034278
5360223,1,1,1,70,50,1,38,48,1,,2,38,1,,4,2,3,,,,,,,,,,,1,2,,970000,2,,56,53,53,1,2,01,5611,50,283.82059581
5360227,1,1,1,70,50,1,30,60,4,,2,30,4,,1,2,1,,,,,,,,,,,1,2,,1000000,2,,41,95,95,1,2,01,4111,50,224.95710239
5360230,1,4,1,70,50,1,25,48,1,,2,52,1,,2,2,2,,,,,,,,,,,1,2,,800000,2,,47,13,45,1,2,01,4771,50,355.23748127
5360231,1,1,1,70,50,1,30,48,1,,2,50,1,,6,2,1,,,,,,,,,,,1,2,,1000000,2,,92,55,55,1,2,01,9200,50,313.33710354
5360231,1,3,1,70,50,1,20,48,1,,2,20,4,,6,2,2,,,,,,,,,,,1,2,,1000000,2,,84,02,02,1,2,01,8412,50,313.33710354
5360234,1,1,1,70,50,1,20,48,1,,2,20,1,,4,2,1,,,,,,,,,,,1,2,,1000000,2,,55,45,54,1,2,01,5511,50,320.45750701
5360234,1,3,1,70,50,1,20,48,1,,2,20,1,,4,2,1,,,,,,,,,,,1,2,,1000000,2,,47,33,33,1,2,01,4711,50,320.45750701
5360237,1,1,1,70,50,1,10,48,1,,2,9,1,,4,2,1,,,,,,,,,,,1,2,,906000,2,,85,13,13,1,1,01,8551,50,325.47132375
5360246,1,1,1,70,52,1,4,40,1,,2,4,4,,9,2,1,,,,,,,,,,,1,1,2000000,1000000,2,,85,19,19,1,1,01,8530,52,193.33425656
5360246,1,2,1,70,52,1,52,40,2,,2,52,4,,9,2,1,,,,,,,,,,,1,2,,10000000,2,,84,19,19,1,2,01,8412,52,193.33425656
5360246,1,3,1,70,52,1,52,40,1,,2,58,4,,9,2,1,,,,,,,,,,,1,2,,1200000,2,,88,13,13,1,2,01,8890,52,193.33425656
5360250,1,3,1,70,52,1,104,48,1,,2,104,1,,9,2,7,,,,,,,,,,,1,2,,2000000,2,,01,02,02,1,2,01,0145,52,153.16699498
5360264,1,2,1,70,52,1,8,25,4,,2,24,1,,3,2,4,,,,,,,,,,,1,1,10000,60000,2,,16,56,75,1,1,01,1690,52,134.88307644
5360271,1,5,1,70,52,1,4,24,1,,2,4,1,,6,2,1,,,,,1,,,,,,,1,1200000,900000,2,,43,85,85,1,1,01,4321,52,407.0695912
5360273,1,1,1,70,52,1,28,25,1,,2,40,4,,1,2,1,,,,,,,,,,,1,2,,800000,2,,96,58,57,1,2,01,9602,52,257.38856656
5360282,1,1,1,70,52,1,52,40,1,,2,52,4,,9,2,4,,,,,,,,,,,1,2,,3000000,2,,84,05,05,1,2,01,8413,52,115.18535139
5360282,1,3,1,70,52,1,17,40,1,,2,17,4,,9,2,1,,,,,,,,,,,1,2,,1500000,2,,36,13,39,1,2,01,3600,52,115.18535139
5360282,1,4,1,70,52,1,8,40,1,,2,6,1,,9,2,2,,,,,,,,,,,1,2,,1500000,2,,21,01,01,1,1,01,2100,52,115.18535139
5360283,1,3,1,70,52,1,20,48,1,,2,42,1,,7,2,1,,,,,,,,,,,1,2,,600000,2,,80,58,58,1,2,01,8010,52,153.16699498
5360284,1,2,1,70,52,1,3,40,1,,2,4,1,,2,2,1,,,,,,,,,,,1,1,1000000,1000000,2,,73,16,16,1,1,01,7310,52,167.77731367
5360287,1,2,1,70,52,1,20,30,1,,2,28,1,,6,2,2,,,,,,,,,,,1,2,,1000000,2,,14,79,79,1,2,01,1410,52,255.37971843
5360288,1,1,1,70,52,1,24,48,1,,2,40,1,,6,2,7,,,,,,,,,,,1,2,,1000000,2,,47,45,45,1,2,01,4711,52,129.20361215
5360293,1,2,1,70,52,1,26,48,1,,2,26,1,,4,2,1,,,,,,,,,,,1,2,,700000,2,,56,53,53,1,2,01,5611,52,255.37971843
5360294,1,4,1,70,52,1,4,48,1,,1,,,,,,,,.,,,,,,,,.,,,,800000,,,,45,,1,1,01,.,52,172.40389491
5360295,1,1,1,70,52,1,2,40,4,,2,3,4,,1,2,1,,,,,,,,,,,1,2,,500000,2,,38,45,99,1,1,01,3830,52,238.75362993
5360296,1,2,1,70,52,1,8,40,4,,2,26,4,,2,2,8,,,,1,,,,,,,,2,,800000,1,1,47,45,45,1,1,01,4729,52,101.7673978
5360296,1,4,1,70,52,1,52,40,2,,1,,,,,,,,.,,,,,,,,.,,,,1500000,,,,05,,1,2,01,.,52,101.7673978
5360303,1,2,1,70,52,1,8,40,3,,2,40,3,,1,2,1,,,,,,,,,,,1,2,,500000,2,,97,54,54,1,1,01,9700,52,185.85284036
5360309,1,1,1,70,54,1,4,25,4,,2,8,4,,1,2,1,,,,,,,,,,,1,2,,980000,2,,56,55,77,1,1,01,5619,54,450.4754428
5360318,1,2,1,70,54,1,4,48,1,,2,12,1,,8,2,2,,,,,,,,,,,1,2,,1200000,2,,19,15,15,1,1,01,1910,54,394.10050511
5360327,1,1,1,70,54,1,4,40,2,,2,8,4,,1,2,1,,,,,,,,,,,1,2,,700000,2,,85,13,13,1,1,01,8559,54,278.88236424
5360328,1,2,1,70,54,1,8,48,2,,1,,,,,,,,.,,,,,,,,.,,,,1500000,,,,12,,1,1,01,.,54,276.01856753
5360328,1,3,1,70,54,1,10,48,1,,1,,,,,,,,.,,,,,,,,.,,,,1500000,,,,19,,1,1,01,.,54,276.01856753
5360332,1,1,1,70,66,1,14,48,1,,2,18,1,,2,2,2,,,,,,,,,,,1,2,,890000,2,,41,93,95,1,2,01,4111,66,424.23132926
5360332,1,2,1,70,66,1,24,48,1,,2,32,1,,4,2,1,,,,,,,,,,,1,2,,2000000,2,,01,62,62,1,2,01,0142,66,424.23132926
5360339,1,4,1,70,66,1,52,48,1,,2,52,4,,1,2,1,,,,,,,,,,,1,2,,877803,2,,47,45,45,1,2,01,4792,66,222.12788066
5360341,1,2,1,70,66,1,40,48,1,,2,3,1,,6,2,2,,,,,,,,,,,1,1,200000,500000,2,,47,87,45,1,2,01,4799,66,392.38456208
5360343,1,1,1,70,66,1,16,48,1,,2,16,1,,5,2,1,,,,,,,,,,,1,2,,877803,2,,47,45,45,1,2,01,4752,66,432.61674763
5360347,1,4,1,70,66,1,4,48,1,,2,1,1,,3,2,1,,,,,,,,,,,1,2,,877803,2,,56,95,45,1,1,01,5619,66,354.99635696
5360351,1,1,1,70,66,1,4,48,1,,2,4,1,,9,2,1,,,,,,,,,,,1,1,877803,900000,2,,14,79,79,1,1,01,1410,66,377.87408554
5360358,1,2,1,70,66,1,8,48,1,,2,8,1,,9,2,4,,,1,,,,,,,,,2,,1200000,2,,84,59,59,1,1,01,8413,66,365.98315052
5360362,1,1,1,70,66,1,26,48,4,,2,26,4,,1,2,1,,,1,,,,,,,,,2,,2000000,1,2,47,41,41,1,2,01,4724,66,270.23502284
5360365,1,2,1,70,66,1,36,48,1,,2,36,1,,9,2,8,,,,,,,,,,,1,2,,1000000,2,,10,97,97,1,2,01,1040,66,311.46492732
5360367,1,3,1,70,66,1,26,48,1,,2,26,1,,3,2,1,,,,,,,,,,,1,2,,900000,2,,56,53,53,1,2,01,5611,66,456.49471078
5360373,1,3,1,70,66,1,52,48,1,,2,52,1,,2,2,1,,,,,,,,,,,1,2,,877803,2,,49,98,98,1,2,01,4921,66,246.34140899
5360376,1,1,1,70,66,1,4,50,1,,2,7,1,,3,2,1,,,,,,,,,,,1,2,,800000,2,,96,53,53,1,1,01,9609,66,396.02751353
5360391,1,1,1,70,66,1,7,48,3,,2,8,3,,1,2,1,,,,,,,,,,,1,2,,877803,2,,97,54,54,1,1,01,9700,66,311.46492732
5360398,1,1,1,70,66,1,52,48,1,,2,52,1,,3,2,1,,,,,,,,,,,1,2,,877803,2,,47,45,45,1,2,01,4771,66,432.61674763
5360404,2,2,2,70,66,1,4,48,1,,2,4,4,,5,2,1,,,,,,,,,,,1,1,800000,877803,2,,14,79,79,1,1,01,1410,66,418.73884961
5360404,2,6,2,70,66,1,4,48,1,,2,4,4,,5,2,1,,,,,,,,,,,1,1,700000,900000,2,,14,79,79,1,1,01,1410,66,418.73884961
5360405,1,1,1,70,66,1,36,48,4,,2,36,4,,1,2,1,,,,,,,,,,,1,2,,800000,2,,88,59,59,1,2,01,8810,66,303.04642926
5360407,1,2,1,70,66,1,4,48,1,,2,3,1,,4,2,2,,,,,,,,,,,1,1,877803,877803,2,,47,45,45,1,1,01,4773,66,439.81308786
5360408,1,2,1,70,66,1,24,48,1,,2,24,1,,9,2,1,,,,,,,,,,,1,2,,1500000,2,,82,21,38,1,2,01,8220,66,299.69178837
5360410,1,1,1,70,66,1,6,48,1,,2,6,1,,4,2,8,,,,,,,,,,,1,2,,877803,2,,56,45,53,1,1,01,5611,66,365.10322765
5360420,1,2,1,70,66,1,12,48,3,,2,12,3,,1,2,1,,,,,,,,,,,1,2,,800000,2,,97,54,54,1,1,01,9700,66,334.79213723
5360424,1,2,1,70,66,1,4,48,1,,2,4,1,,5,2,2,,,,,,,,,,,1,1,877803,900000,2,,46,97,45,1,1,01,4631,66,351.59047004
5360429,1,1,1,70,66,1,8,50,1,,2,8,4,,1,2,1,,,,,,,,,,,1,2,,877803,2,,46,53,41,1,1,01,4631,66,361.07575272
5360431,1,1,1,70,66,1,3,48,1,,2,3,1,,9,2,1,,,,,,,,,,,1,1,877803,877803,2,,56,97,97,1,1,01,5611,66,349.67026981
5360432,1,3,1,70,66,1,12,48,4,,1,,,,,,,,.,,,,,,,,.,,,,900000,,,,57,,1,1,01,.,66,372.84889167
5360445,1,3,1,70,68,1,106,48,1,,2,24,1,,6,2,1,,,,,,,,,,,1,2,,1200000,2,,47,58,97,1,2,01,4711,68,597.81529175
5360445,1,8,1,70,68,1,62,48,1,,2,63,1,,9,2,1,,,,,,,,,,,1,2,,980000,2,,47,45,45,1,2,01,4729,68,597.81529175
5360445,1,10,1,70,68,1,36,48,1,,2,36,4,,1,2,4,,,,,,,,,,,1,2,,900000,2,,56,39,45,1,2,01,5612,68,597.81529175
5360449,1,4,1,70,68,1,20,48,1,,2,40,1,,3,2,2,,,,,,,,,,,1,2,,900000,2,,14,54,59,1,2,01,1410,68,619.4484144
5360449,1,5,1,70,68,1,40,48,1,,2,40,1,,9,2,7,,,,,,,,,,,1,2,,900000,2,,49,97,39,1,2,01,4923,68,619.4484144
5360451,1,4,1,70,68,1,4,40,1,,2,4,4,,1,2,8,,,,,,,,,,,1,1,300000,1000000,2,,15,45,80,1,1,01,1522,68,535.62868646
5360455,1,2,1,70,68,1,36,48,1,,2,36,1,,7,2,8,,,,,,,,,,,1,2,,1300000,2,,42,95,95,1,2,01,4210,68,612.56144108
5360458,1,3,1,70,68,1,8,48,1,,2,24,1,,9,2,2,,,,,,,,,,,1,2,,3000000,2,,10,21,59,1,1,01,1090,68,490.79986003
5360459,1,2,1,70,68,1,28,48,1,,2,40,4,,1,2,1,,,1,,,,,,,,,2,,1000000,1,2,69,21,33,1,2,01,6920,68,621.0363851
5360459,1,3,1,70,68,1,52,48,1,,1,,,,,,,,.,,,,,,,,.,,,,2000000,,,,19,,1,2,01,.,68,621.0363851
5360461,1,3,1,70,68,1,8,48,3,,2,8,3,,1,2,1,,,,,,,,,,,1,2,,1014000,2,,97,54,54,1,1,01,9700,68,451.97017832
5360462,1,2,1,70,68,1,16,48,4,,2,84,1,,9,2,1,,,1,,,,,,,,,2,,2000000,1,2,64,21,42,1,2,01,6499,68,583.09378585
5360462,1,3,1,70,68,1,8,48,1,,2,52,1,,3,2,2,,,,,,,,,,,1,2,,1500000,2,,86,15,44,1,1,01,8692,68,583.09378585
5360466,1,2,1,70,68,1,12,48,1,,2,12,1,,3,2,1,,,,,,,,,,,1,2,,900000,2,,85,13,13,1,1,01,8530,68,745.53391944
5360466,2,2,2,70,68,1,22,48,1,,2,22,1,,5,2,1,,,1,,,,,,,,,2,,900000,2,,85,55,55,1,2,01,8530,68,745.53391944
5360466,2,3,2,70,68,1,18,48,1,,2,18,1,,4,2,1,,,,,,,,,,,1,2,,900000,2,,47,45,45,1,2,01,4771,68,745.53391944
5360467,1,3,1,70,68,1,104,48,1,,2,104,1,,9,2,1,,,,,,,,,,,1,2,,1200000,2,,86,11,39,1,2,01,8610,68,405.48538299
5360470,1,3,1,70,68,1,4,48,1,,2,4,1,,7,2,1,,,,,,,,,,,1,2,,908526,2,,10,39,39,1,1,01,1040,68,594.30588046
5360472,1,2,1,70,70,1,5,48,1,,2,6,1,,5,2,7,,,,,,,,,,,1,2,,1000000,2,,47,59,45,1,1,01,4771,70,115.46999697
5360478,1,2,1,70,70,1,24,48,1,,2,60,1,,5,2,2,,,,,,,,,,,1,2,,1200000,2,,85,19,19,1,2,01,8530,70,129.2152311
5360492,1,4,1,70,70,1,24,48,3,,2,24,3,,2,2,8,,,,,,,,,,,1,2,,600000,2,,97,54,54,1,2,01,9700,70,112.90784708
5360493,1,5,1,70,70,1,4,40,1,,2,4,1,,9,2,1,,,,,,,,,,,1,1,877803,1000000,2,,88,13,13,1,1,01,8890,70,60.437310916
5360495,1,3,1,70,73,1,49,48,1,,2,80,1,,3,2,2,,,,,,,,,,,1,2,,877803,2,,47,03,45,1,2,01,4772,73,240.68600343
5360496,1,1,1,70,73,1,12,48,1,,2,12,1,,8,2,1,,,,,,,,,,,1,2,,1000000,2,,41,30,30,1,1,01,4111,73,496.48016262
5360497,1,2,1,70,76,1,22,48,1,,2,41,3,,2,2,8,,,,,,,,,,,1,2,,908526,2,,97,58,98,1,2,01,9700,76,937.19576917
5360497,1,3,1,70,76,1,30,48,1,,2,102,4,,1,2,8,,,,,,,,,,,1,2,,908526,2,,81,55,55,1,2,01,8121,76,937.19576917
5360497,1,4,1,70,76,1,26,48,1,,2,46,1,,4,2,8,,,,,,,,,,,1,2,,908526,2,,73,37,37,1,2,01,7310,76,937.19576917
5360500,1,3,1,70,76,1,5,48,1,,2,26,1,,5,2,4,,,,,,,,,,,1,2,,700000,2,,56,45,53,1,1,01,5619,76,1084.0273694
5360504,1,2,1,70,76,1,12,48,1,,2,32,1,,3,2,8,,,,,,,,,,,1,2,,720000,2,,47,45,45,1,1,01,4771,76,1050.1434202
5360505,1,1,1,70,76,1,56,48,4,,2,12,4,,2,2,2,,,,,,,,,,,1,2,,2000000,2,,47,21,41,1,2,01,4773,76,919.74557592
5360505,1,2,1,70,76,1,100,48,1,,2,110,1,,9,2,1,,,,,,,,,,,1,2,,2000000,2,,64,21,21,1,2,01,6412,76,919.74557592
5360514,1,1,1,70,76,1,4,48,1,,2,4,1,,3,2,1,,,,,,,,,,,1,2,,850000,2,,46,45,99,1,1,01,4665,76,948.64383403
5360518,1,1,1,70,76,1,52,48,1,,2,3,4,,9,2,4,,,,,,,,,,,1,1,1100000,1200000,2,,84,02,13,1,2,01,8413,76,1337.3442469
5360519,1,1,1,70,76,1,7,48,1,,2,7,1,,6,2,7,,,,,,,,,,,1,2,,1700000,2,,85,19,19,1,1,01,8530,76,1099.8159722
5360530,1,1,1,70,76,1,24,48,1,,2,77,1,,9,2,2,,,,,,,,,,,1,2,,1800000,2,,61,45,44,1,2,01,6110,76,1230.8530087
5360538,1,1,1,70,76,1,3,48,4,,2,3,4,,1,2,1,,,,,1,,,,,,,1,600000,600000,3,,14,79,79,1,1,01,1410,76,943.65814299
5360541,1,2,1,70,76,1,16,48,1,,2,17,1,,9,2,1,,,,,,,,,,,1,2,,930000,2,,47,33,33,1,2,01,4711,76,1225.8673176
5360550,1,3,1,70,76,1,23,48,3,,2,200,3,,2,2,1,,,,,,,,,,,1,2,,800000,2,,97,59,59,1,2,01,9700,76,657.48559459
5360555,1,1,1,70,76,1,68,48,1,,2,69,4,,1,2,1,,,,,,,,,,,1,2,,900000,2,,49,98,98,1,2,01,4921,76,1091.5120605
5360560,1,4,1,70,76,1,2,48,1,,2,4,1,,4,2,1,,,,,,,,,,,1,2,,908526,2,,47,45,33,1,1,01,4771,76,1047.3744358
5360576,1,1,1,70,76,1,4,48,4,,2,12,4,,1,2,1,,,,,,,,,,,1,2,,908526,2,,52,58,58,1,1,01,5221,76,932.22191901
5360577,2,1,2,70,76,1,48,48,1,,2,32,3,,1,2,1,,,,,,,,,,,1,2,,908526,2,,97,53,54,1,2,01,9700,76,1007.3378441
5360577,2,4,2,70,76,1,41,48,1,,2,41,1,,3,2,4,,,,,,,,,,,1,2,,1000000,2,,49,97,97,1,2,01,4923,76,1007.3378441
5360577,2,8,2,70,76,1,36,48,1,,2,36,1,,9,2,1,,,,,,,,,,,1,2,,908526,2,,49,55,55,1,2,01,4921,76,1007.3378441
5360578,1,2,1,70,76,1,4,48,1,,2,8,6,,2,2,1,,,,,,,,,,,1,2,,908526,2,,56,45,53,1,1,01,5619,76,1043.9435427
5360709,1,1,1,70,,1,54,48,1,,2,54,1,,9,2,1,,,,,,,,,,,1,2,,900000,2,,88,19,19,1,2,01,8890,23,1903.8627054
5360710,1,1,1,70,,1,12,48,1,,2,37,1,,9,2,1,,,,,,,,,,,1,2,,1000000,2,,86,03,03,1,1,01,8610,23,4355.8597893
5360716,1,1,1,70,,1,4,40,1,,2,4,1,,9,2,1,,,1,,,,,,,,,2,,908526,2,,88,54,54,1,1,01,8890,23,1903.8627054
5360721,1,3,1,70,,1,6,48,1,,2,35,1,,9,2,2,,,,,,,,,,,1,2,,877803,2,,53,37,37,1,1,01,5320,23,2810.6684489
5360756,1,2,1,70,,1,24,48,2,,2,10,9,EMPLEADA DE UNA ASALARIADA,1,2,1,,,,,,,,,,,1,2,,877803,2,,85,13,13,1,2,01,8530,23,4041.2629949
5360761,1,1,1,70,,1,3,50,4,,2,3,4,,9,2,1,,,1,,,,,,,,,1,1400000,1000000,1,1,84,19,19,1,1,01,8412,23,3672.185719
5360783,1,2,1,70,,1,14,70,2,,2,12,2,,9,2,1,,,,,,,,,,,1,2,,1400000,2,,84,58,58,1,2,01,8422,23,1903.8627054
5360787,1,4,1,70,,1,8,30,1,,2,12,1,,4,2,1,,,,,,,,,,,1,2,,700000,2,,85,13,13,1,1,01,8513,23,6434.7685165
5360787,1,7,1,70,,1,8,48,3,,2,12,3,,1,2,1,,,,,,,,,,,1,2,,800000,2,,97,54,54,1,1,01,9700,23,6434.7685165
5360788,1,1,1,70,,1,52,48,4,,2,312,3,,2,2,1,,,,,,,,,,,1,2,,1000000,2,,97,41,54,1,2,01,9700,23,3460.5888344
5360794,1,3,1,70,,1,2,48,1,,2,2,1,,5,2,1,,,,,,,,,,,1,1,485000,400000,2,,47,45,45,1,1,01,4771,23,4137.0627053
5360826,1,1,1,70,,1,28,48,1,,2,44,1,,4,2,6,,,,,,,,,,,1,2,,1000000,2,,14,45,79,1,2,01,1410,25,4250.2154015
5360826,1,6,1,70,,1,54,48,1,,2,62,3,,3,2,4,,,,,,,,,,,1,2,,908526,2,,97,45,54,1,2,01,9700,25,4250.2154015
5360830,1,3,1,70,,1,8,48,1,,2,12,1,,3,2,2,,,,,1,,,,,,,2,,908526,2,,47,33,45,1,1,01,4771,25,3753.1823031
5360830,1,4,1,70,,1,3,48,1,,2,3,1,,3,2,2,,,,,,,,,,,1,1,200000,720000,2,,47,45,45,1,1,01,4771,25,3753.1823031
5360839,1,1,1,70,,1,20,48,1,,2,20,1,,4,2,2,,,,,,,,,,,1,2,,908000,2,,68,97,55,1,2,01,6820,25,2947.7364424
5360840,1,3,1,70,,1,99,48,1,,2,52,4,,1,2,4,,,,,,,,,,,1,2,,1700000,2,,43,95,93,1,2,01,4330,25,3170.5943189
5360843,1,1,1,70,,1,44,48,4,,2,44,4,,1,2,2,,,,,,,,1,,,,2,,2000000,2,,42,95,95,1,2,01,4210,25,3181.7884243
5360845,1,1,1,70,,1,4,48,1,,2,8,1,,9,2,8,,,1,,,,,,,,,2,,908526,1,1,41,95,95,1,1,01,4111,25,3288.1112619
5360845,1,2,1,70,,1,6,36,3,,2,12,1,,7,2,4,,,,,,,,,,,1,2,,908526,2,,17,54,91,1,1,01,1701,25,3288.1112619
5360851,1,2,1,70,,1,52,48,4,,2,6,4,,1,2,3,,,,,,,,,,,1,2,,877803,2,,32,79,79,1,2,01,3240,25,3288.1112619
5360852,1,1,1,70,,1,12,48,1,,2,40,1,,3,2,1,,,,,,,,,,,1,2,,908000,2,,25,87,87,1,1,01,2511,25,3753.1823031
5360852,1,2,1,70,,1,52,48,4,,2,36,1,,9,2,1,,,,,,,,,,,1,2,,877803,2,,18,91,55,1,2,01,1811,25,3753.1823031
5360863,1,1,1,70,,1,32,48,1,,2,8,1,,3,2,1,,,,,,,,,,,1,2,,908526,2,,13,79,79,1,2,01,1392,25,3418.6586066
5360863,1,3,1,70,,1,32,48,1,,2,36,1,,9,2,4,,,,,,,,,,,1,2,,908526,2,,47,44,44,1,2,01,4771,25,3418.6586066
5360864,1,2,1,70,,1,8,48,1,,2,8,1,,9,2,4,,,,,,,,,,,1,2,,908000,2,,86,59,59,1,1,01,8699,25,2374.0176427
5360865,1,2,1,70,,1,5,60,1,,2,5,1,,2,2,1,,,,,,,,,,,1,2,,908000,2,,49,98,98,1,1,01,4923,25,3181.7884243
5360866,1,2,1,70,,1,8,60,4,,2,8,4,,1,2,8,,,,,,,,,,,1,2,,908000,2,,14,79,79,1,1,01,1410,25,3786.7185439
5360868,1,1,1,70,,1,12,48,1,,2,12,1,,4,2,1,,,,,,,,,,,1,1,400000,908000,2,,42,95,95,1,1,01,4210,25,3474.3241015
5360868,1,3,1,70,,1,52,48,1,,1,,,,,,,,.,,,,,,,,.,,,,908000,,,,45,,1,2,01,.,25,3474.3241015
5360870,1,2,1,70,,1,8,48,4,,2,16,4,,1,2,2,,,,,,,,,,,1,2,,600000,2,,56,53,53,1,1,01,5619,25,3806.4470035
5360875,1,2,1,70,,1,44,48,3,,2,44,3,,1,2,1,,,,,,,,,,,1,2,,908000,2,,97,54,54,1,2,01,9700,25,3388.5445012
5360876,1,2,1,70,,1,2,48,3,,2,24,3,,1,2,2,,,,,,,,,,,1,2,,800000,1,4,97,54,54,1,1,01,9700,25,3405.3126216
5360876,1,3,1,70,,1,12,48,1,,1,,,,,,,,.,,,,,,,,.,,,,900000,,,,33,,1,1,01,.,25,3405.3126216
5360877,2,2,2,70,,1,8,48,1,,2,120,1,,2,2,1,,,,,,,,1,,,,2,,908526,2,,56,97,53,1,1,01,5611,25,3697.5168083
5360878,1,2,1,70,,1,2,48,1,,2,3,1,,3,2,2,,,,,,,,,,,1,1,400000,600000,2,,56,53,53,1,1,01,5619,25,3540.3752421
5360880,1,2,1,70,,1,32,49,1,,2,32,1,,5,2,2,,,,,,,,,,,1,2,,908000,2,,56,53,53,1,2,01,5611,25,3181.7884243
5360884,1,3,1,70,,1,52,48,2,,2,52,1,,8,2,4,,,1,,,,,,,,,2,,4000000,2,,84,12,12,1,2,01,8412,25,2616.9388091
5360885,1,2,1,70,,1,8,48,4,,2,40,4,,2,2,2,,,,,,,,,,,1,2,,908000,2,,47,45,45,1,1,01,4741,25,3261.5170405
5360885,1,3,1,70,,1,2,48,1,,2,3,1,,2,2,2,,,,,,,,,,,1,1,220000,1200000,2,,47,33,45,1,1,01,4719,25,3261.5170405
5360887,1,3,1,70,,1,2,48,1,,1,,,,,,,,.,,,,,,,,.,,,,908526,,,,38,,1,1,01,.,25,3445.7264573
5360890,1,2,1,70,,1,56,48,1,,2,56,1,,3,2,1,,,,,,,,,,,1,1,500000,908000,2,,47,45,45,1,2,01,4771,25,3806.6381961
5360891,1,1,1,70,,1,28,48,1,,2,28,4,,1,2,7,,,,,,,,,,,1,2,,908526,2,,81,55,55,1,2,01,8121,25,4509.3451435
5360891,1,3,1,70,,1,28,48,1,,2,28,2,,9,2,7,,,,,,,,,,,1,2,,908526,2,,84,97,58,1,2,01,8422,25,4509.3451435
5360891,1,4,1,70,,1,4,48,4,,2,1,4,,2,2,8,,,,,,,,,,,1,1,1800000,1200000,2,,45,99,99,1,1,01,4520,25,4509.3451435
5360891,1,5,1,70,,1,2,60,1,,2,2,1,,8,2,8,,,,,,,,,,,1,2,,1000000,2,,41,95,97,1,1,01,4111,25,4509.3451435
5360898,1,1,1,70,,1,15,48,3,,2,48,1,,9,2,3,,,,,,,,,,,1,2,,200000,2,,01,54,62,1,2,01,0125,25,3282.8196837
5360900,1,3,1,70,,1,52,48,1,,2,52,1,,9,2,8,,,,,,,,,,,1,2,,908000,2,,23,95,89,1,2,01,2394,25,3464.9812876
5360903,1,2,1,70,,1,2,48,1,,2,3,1,,2,2,3,,,,,,,,,,,1,2,,908526,2,,56,55,53,1,1,01,5619,25,3557.1433625
5360904,1,2,1,70,,1,8,24,1,,2,50,1,,3,2,4,,,,,,,,,,,1,2,,800000,2,,56,53,53,1,1,01,5611,25,3991.5689467
5360904,1,4,1,70,,1,1,72,1,,2,4,1,,2,2,8,,,,,,,,,,,1,1,1200000,1200000,2,,41,95,95,1,1,01,4111,25,3991.5689467
5360904,1,5,1,70,,1,16,48,1,,2,16,4,,3,2,8,,,,,,,,,,,1,2,,908526,2,,43,03,03,1,2,01,4321,25,3991.5689467
5360905,2,2,2,70,,1,12,48,1,,2,2,4,,1,2,4,,,,,,,,,,,1,1,35000,908000,2,,47,38,45,1,1,01,4781,25,2762.7185659
5360907,1,6,1,70,,1,24,65,1,,2,60,1,,3,2,4,,,,,,,,,,,1,2,,908526,2,,56,53,53,1,2,01,5611,25,2808.7256637
5360908,1,2,1,70,,1,8,30,1,,2,46,4,,2,2,1,,,,,,,,,,,1,2,,908526,2,,56,97,45,1,1,01,5619,25,3557.1433625
5360910,1,2,1,70,,1,7,48,1,,2,7,4,,3,2,4,,,,,,,,,,,1,2,,800000,2,,14,79,79,1,1,01,1410,25,3414.323945
5360910,1,3,1,70,,1,8,48,1,,1,,,,,,,,.,,,,,,,,.,,,,908526,,,,44,,1,1,01,.,25,3414.323945
5360911,1,2,1,70,,1,2,40,1,,2,43,4,,1,2,8,,,,,,,,,,,1,2,,908526,2,,47,55,77,1,1,01,4723,25,4396.9713219
5360911,1,8,1,70,,1,4,60,1,,2,12,8,,5,2,4,,,,,,,,,,,1,2,,908526,2,,01,97,62,1,1,01,0121,25,4396.9713219
5360914,1,1,1,70,,1,4,48,1,,2,6,1,,2,2,8,,,,,,,,,,,1,1,900000,908526,2,,45,55,87,1,1,01,4520,25,2800.9805221
5360915,1,2,1,70,,1,52,36,4,,2,52,4,,1,2,5,,,1,,,,,,,,,2,,908526,1,4,47,45,45,1,2,01,4781,25,3511.777598
5360916,1,5,1,70,,1,3,48,1,,2,4,1,,9,2,1,,,,,,,,,,,1,1,60000,908526,2,,22,77,90,1,1,01,2229,25,3313.4329835
5360934,1,1,1,70,,1,1,60,1,,2,1,4,,1,2,8,,,,,,,,,,,1,1,300000,908000,2,,47,53,45,1,1,01,4781,25,3576.8718221
5360934,1,2,1,70,,1,1,48,1,,2,1,4,,1,2,8,,,,,,,,,,,1,1,20000,908000,2,,96,53,59,1,1,01,9609,25,3576.8718221
5360937,1,2,1,70,,1,36,48,1,,2,36,1,,9,2,4,,,,,,,,,,,1,2,,908000,2,,65,44,44,1,2,01,6511,25,3288.1112619
5360942,1,2,1,70,,1,12,50,1,,2,208,2,,9,2,8,,,,,,,,,,,1,2,,908000,2,,84,53,19,1,1,01,8412,25,3786.7185439
5360945,1,1,1,70,,1,10,48,1,,2,10,1,,2,2,2,,,,,,,,,,,1,2,,908526,2,,47,45,45,1,1,01,4771,25,3319.5074563
5360953,1,2,1,70,,1,4,48,3,,2,52,4,,1,2,5,,,,,,,,,,,1,2,,908526,2,,56,54,77,1,1,01,5619,25,3520.6467825
5360955,1,2,1,70,,1,4,48,1,,2,24,1,,3,2,2,,,,,,,,,,,1,2,,908256,2,,88,97,55,1,1,01,8890,25,3537.4149029
5360957,1,2,1,70,,1,37,48,1,,2,36,1,,5,2,4,,,,,,,,,,,1,2,,908256,2,,41,85,95,1,2,01,4111,25,3511.777598
5360981,1,2,1,70,,1,52,48,1,,2,24,4,,1,2,1,,,,,,,,,,,1,2,,908600,2,,88,53,54,1,2,01,8890,25,3222.0601212
5361003,1,1,1,70,,1,60,48,1,,2,2,8,,2,2,3,,,,,,,,,,,1,1,200000,908600,2,,01,58,62,1,2,01,0121,25,3511.777598
5361004,1,2,1,70,,1,8,48,3,,2,8,3,,1,2,8,,,,,,,,,,,1,2,,908000,2,,97,54,54,1,1,01,9700,25,3288.1112619
5361056,1,2,1,70,,1,4,48,1,,2,12,1,,7,2,1,,,,,,,,,,,1,2,,877803,2,,79,21,21,1,1,01,7911,63,417.68981588
5361061,1,2,1,70,,1,52,48,1,,2,56,1,,9,2,1,,,,,,,,,,,1,2,,1000000,2,,47,40,45,1,2,01,4771,63,335.17708107
5361062,1,1,1,70,,1,48,48,4,,2,52,1,,2,2,2,,,,,,,,,,,1,2,,900000,2,,43,85,85,1,2,01,4321,63,335.17708107
5361063,1,3,1,70,,1,4,40,4,,2,4,4,,9,2,4,,,,,,,,,,,1,2,,1600000,2,,84,11,11,1,1,01,8412,63,335.17708107
5361064,1,1,1,70,,1,28,48,1,,2,28,1,,8,2,1,,,,,,,,,,,1,2,,877800,2,,82,30,30,1,2,01,8220,63,431.24245049
5361066,1,1,1,70,,1,40,48,1,,2,40,1,,4,2,1,,,,,,,,,,,1,2,,900000,2,,55,55,55,1,2,01,5511,63,335.17708107
5361083,1,3,1,70,,1,48,48,2,,2,52,4,,9,2,1,,,,,,,,,,,1,2,,700000,2,,84,58,58,1,2,01,8412,63,335.17708107
5361083,1,4,1,70,,1,48,48,1,,2,52,1,,5,2,1,,,,,,,,,,,1,2,,877800,2,,68,58,58,1,2,01,6820,63,335.17708107
5361088,1,1,1,70,,1,32,40,1,,2,104,4,,1,2,7,,,,,,,,,,,1,2,,1000000,2,,85,13,13,1,2,01,8559,63,365.61741538
5361092,1,2,1,70,,1,52,48,2,,2,52,1,,9,2,1,,,,,,,,,,,1,2,,877800,2,,85,13,13,1,2,01,8530,63,335.17708107
5361099,1,2,1,70,,1,3,40,4,,2,3,4,,1,2,1,,,,,,,,,,,1,1,600000,700000,2,,41,95,95,1,1,01,4111,63,828.42067526
5361116,1,1,1,70,,1,1,48,1,,2,1,1,,4,2,1,,,,,,,,,,,1,1,1200000,877800,2,,55,55,55,1,1,01,5511,63,335.17708107
5361120,1,1,1,70,,1,2,25,4,,2,32,4,,1,2,1,,,,,,,,,,,1,2,,200000,2,,47,45,45,1,1,01,4792,63,431.24245049
5361121,1,2,1,70,,1,52,48,1,,2,52,1,,9,2,2,,,,,,,,,,,1,2,,877800,2,,88,13,13,1,2,01,8890,63,335.17708107
5361128,1,3,1,70,,1,12,45,4,,2,12,8,,3,2,1,,,,,,,,,,,1,2,,877803,2,,01,97,62,1,1,01,0123,63,389.24184921
5361134,1,3,1,70,,1,6,48,1,,2,6,4,,9,2,1,,,,,,,,,,,1,1,1000000,877800,2,,84,13,19,1,1,01,8412,63,335.17708107
5361140,1,5,1,70,,1,2,40,1,,2,2,4,,1,2,1,,,,,,,,,,,1,2,,900000,2,,43,93,93,1,1,01,4330,63,335.17708107
5361140,1,6,1,70,,1,4,40,4,,2,4,4,,1,2,1,,,,,,,,,,,1,2,,900000,2,,96,57,57,1,1,01,9602,63,335.17708107
5361141,1,3,1,70,,1,4,45,1,,2,6,3,,1,2,1,,,,,,,,,,,1,2,,800000,2,,97,55,54,1,1,01,9700,63,1316.5752018
5361143,1,1,1,70,,1,32,48,1,,2,52,1,,2,2,1,,,,,,,,,,,1,2,,800000,2,,47,53,45,1,2,01,4771,63,335.17708107
5361150,1,1,1,70,,1,30,48,1,,2,32,1,,3,2,2,,,,,,,,,,,1,2,,1200000,2,,79,50,44,1,2,01,7911,63,335.17708107
5361153,1,3,1,70,,1,52,48,2,,2,206,1,,9,2,4,,,,,,,,,,,1,2,,1800000,2,,82,13,38,1,2,01,8220,63,335.17708107
5361153,1,4,1,70,,1,16,48,1,,2,16,2,,9,2,4,,,,,,,,,,,1,2,,1800000,2,,36,21,33,1,2,01,3600,63,335.17708107
5361154,1,1,1,70,,1,4,48,1,,2,4,1,,9,2,1,,,,,,,,,,,1,1,3000000,1500000,2,,86,06,06,1,1,01,8622,63,335.17708107
5361155,1,3,1,70,,1,12,51,4,,2,12,1,,7,2,1,,,,,,,,,,,1,2,,1500000,2,,42,03,03,1,1,01,4210,63,335.17708107
5361161,1,2,1,70,,1,35,48,4,,2,35,4,,1,2,1,,,,,,,,,,,1,2,,877800,2,,81,55,55,1,2,01,8121,63,1340.7083243
5361164,1,3,1,70,,1,1,40,4,,2,2,6,,7,2,2,,,,,,,,,,,1,2,,400000,2,,01,53,97,1,1,01,0113,63,1340.7083243
5361165,1,1,1,70,,1,32,48,1,,2,32,1,,9,2,1,,,,,,,,,,,1,2,,2000000,2,,10,03,03,1,2,01,1089,63,974.66138663
5361167,1,2,1,70,,1,6,48,1,,2,7,1,,7,2,1,,,,,,,,,,,1,2,,900000,2,,32,97,97,1,1,01,3290,63,750.44500705
5361171,1,3,1,70,,1,4,40,4,,2,4,4,,9,2,1,,,,1,,,,,,,,1,1600000,2000000,1,2,84,15,15,1,1,01,8412,63,335.17708107
5361174,1,1,1,70,,1,52,48,1,,2,52,1,,9,2,1,,,,,,,,,,,1,2,,877800,2,,85,58,58,1,2,01,8530,63,434.29623905
5361179,1,1,1,70,,1,20,40,2,,2,144,4,,9,2,6,,,,,,,,,,,1,2,,2000000,2,,84,21,11,1,2,01,8412,63,707.53123057
5361181,1,1,1,70,,1,4,40,4,,2,4,4,,9,2,1,,,,,,,,,,,1,1,877803,877803,2,,84,30,30,1,1,01,8412,63,1340.7083243
5361183,1,2,1,70,,1,24,48,1,,2,74,1,,4,2,2,,,,,,,,,,,1,2,,877800,2,,47,53,45,1,2,01,4771,63,1340.7083243
5361191,1,1,1,70,,1,12,24,3,,2,12,1,,2,2,1,,,,,,,,,,,1,2,,400000,2,,56,54,53,1,1,01,5619,63,335.17708107
5361194,1,1,1,70,,1,16,48,1,,2,16,1,,8,2,7,,,,,,,,,,,1,2,,877803,2,,56,53,53,1,2,01,5611,63,641.90619546
5361195,1,1,1,70,,1,104,48,1,,2,104,1,,2,2,1,,,,,,,,,,,1,2,,800000,2,,52,58,58,1,2,01,5221,63,335.17708107
5361205,1,3,1,70,,1,8,51,1,,2,4,1,,3,2,1,,,,,,,,,,,1,1,360000,500000,2,,41,95,95,1,1,01,4111,63,335.17708107
5361220,1,1,1,70,,1,16,48,1,,2,40,1,,3,2,1,,,,,,,,,,,1,2,,877800,2,,42,98,98,1,2,01,4210,63,335.17708107
5361234,1,1,1,70,,1,4,24,1,,2,288,1,,2,2,1,,,,,,,,,,,1,2,,877803,2,,47,55,45,1,1,01,4774,63,1340.7083243
5361237,1,1,1,70,,1,3,51,1,,2,4,8,,3,2,1,,,,,,,,,,,1,1,300000,877800,2,,01,95,62,1,1,01,0123,63,703.90969925
5361237,1,3,1,70,,1,4,84,2,,2,20,8,,3,2,1,,,,,,,,,,,1,2,,877800,2,,01,58,62,1,1,01,0145,63,703.90969925
5361241,1,2,1,70,,1,8,24,1,,1,,,,,,,,.,,,,,,,,.,,,,600000,,,,55,,1,1,01,.,63,446.51025912
5361243,1,3,1,70,,1,4,50,1,,2,12,1,,3,2,2,,,,,,,,,,,1,2,,960000,2,,41,95,95,1,1,01,4111,63,427.62091917
5361249,1,1,1,70,,1,52,48,4,,2,52,4,,9,2,1,,,,,,,,,,,1,2,,1600000,2,,84,03,03,1,2,01,8412,63,335.17708107
5361286,1,4,1,70,,1,2,45,1,,1,,,,,,,,.,,,,,,,,.,,,,908526,,,,33,,1,1,01,.,76,1756.7989463
5361289,1,1,1,70,,1,4,45,1,,2,5,4,,9,2,1,,,1,,,,,,,,,1,1700000,2000000,1,1,85,13,13,1,1,01,8551,76,6308.8390252
5361293,1,2,1,70,,1,43,60,3,,2,43,3,,1,2,1,,,,,,,,,,,1,2,,908526,2,,97,54,54,1,2,01,9700,76,5135.8730669
5361298,1,2,1,70,,1,24,35,1,,2,24,1,,2,2,8,,,,,,,,,,,1,2,,908526,2,,41,58,95,1,2,01,4111,76,5661.4467955
5361298,1,4,1,70,,1,3,40,1,,2,4,1,,4,2,1,,,,,,,,,,,1,1,500000,908526,2,,14,79,79,1,1,01,1410,76,5661.4467955
5361298,1,6,1,70,,1,3,45,1,,2,3,1,,5,2,1,,,,,,,,,,,1,1,1000000,908526,2,,47,45,45,1,1,01,4772,76,5661.4467955
5361299,1,2,1,70,,1,30,40,1,,2,43,4,,9,2,7,,,,,,,,,,,1,2,,908526,2,,93,18,18,1,2,01,9319,76,7027.1957854
5361302,1,2,1,70,,1,4,45,3,,2,24,3,,1,2,1,,,,,,,,,,,1,2,,908526,2,,97,55,55,1,1,01,9700,76,5163.112191
5361305,1,2,1,70,,1,24,30,4,,2,7,4,,2,2,1,,,,,,,,,,,1,1,98,600000,2,,56,53,53,1,2,01,5619,76,3947.7770677
5361305,1,4,1,70,,1,7,45,1,,2,8,4,,2,2,1,,,,,,,,,,,1,2,,908526,2,,47,45,45,1,1,01,4781,76,3947.7770677
5361340,1,1,1,70,,1,6,48,1,,2,7,1,,3,2,7,,,,,,,,,,,1,2,,908526,2,,41,62,95,1,1,01,4111,76,4470.0933502
5361340,1,2,1,70,,1,30,48,1,,2,3,1,,4,2,7,,,,,,,,,,,1,1,480000,450000,2,,56,53,53,1,2,01,5619,76,4470.0933502
5361343,1,1,1,70,,1,4,50,3,,2,4,3,,1,2,1,,,,,,,,,,,1,2,,800000,2,,97,54,54,1,1,01,9700,76,4274.4977593
5361347,1,1,1,70,,1,42,70,3,,2,43,3,,2,2,8,,,,,,,,,,,1,2,,800000,2,,97,54,54,1,2,01,9700,76,2774.8928267
5361347,1,5,1,70,,1,34,84,4,,2,52,1,,4,2,7,,,,,,,,,,,1,2,,908526,2,,92,93,53,1,2,01,9200,76,2774.8928267
5361348,1,3,1,70,,1,20,48,8,,2,20,8,,2,2,1,,,,,,,,,,,1,2,,908526,2,,01,62,62,1,2,01,0162,76,2774.8928267
5361351,1,3,1,70,,1,28,26,4,,2,36,4,,1,2,4,,,,,,,,,,,1,2,,908526,2,,81,53,55,1,2,01,8121,76,693.72320668
5361351,1,7,1,70,,1,5,40,6,,2,3,4,,2,2,2,,,,,,,,,,,1,2,,908526,2,,56,53,53,1,1,01,5619,76,693.72320668
5361358,1,1,1,70,,1,8,35,3,,2,90,1,,3,2,4,,,,,,,,,,,1,2,,908526,2,,56,55,77,1,1,01,5611,76,1061.7944827
5361361,1,3,1,70,,1,60,30,1,,2,23,4,,1,2,8,,,1,,,,,,,,,2,,470000,1,4,47,13,45,1,2,01,4792,76,1756.7989463
5361363,1,2,1,70,,1,3,25,2,,2,3,4,,2,2,4,,,,,,,,,,,1,1,800000,1000000,2,,32,13,94,1,1,01,3210,76,2426.1797645
5361363,1,3,1,70,,1,11,60,1,,2,11,1,,2,2,4,,,,,,,,,,,1,2,,700000,2,,86,16,03,1,1,01,8692,76,2426.1797645
5361364,1,3,1,70,,1,8,48,1,,2,48,1,,3,2,4,,,,,,,,,,,1,2,,908526,2,,41,95,95,1,1,01,4111,76,693.72320668
5361365,1,2,1,70,,1,1,40,1,,1,,,,,,,,.,,,,,,,,.,,,,500000,,,,45,,1,1,01,.,76,789.20741264
5361371,1,2,1,70,,1,4,24,4,,2,32,4,,1,2,4,,,,,,,,,,,1,2,,809526,2,,47,41,41,1,1,01,4721,76,1908.5036798
5361373,1,2,1,70,,1,5,45,3,,2,52,3,,1,2,4,,,,,,,,,,,1,2,,1200000,2,,97,55,55,1,1,01,9700,76,1388.5180073
5361433,1,3,1,70,,1,52,48,1,,2,26,1,,9,2,1,,,,,,,,,,,1,2,,900000,2,,01,97,62,1,2,01,0130,08,2636.013325
5361461,1,1,1,70,,1,16,48,1,,2,48,4,,1,2,1,,,,,,,,1,,,,2,,900000,2,,47,59,41,1,2,01,4723,08,2229.2764791
5361463,1,1,1,70,,1,2,48,1,,2,208,2,,9,2,1,,,,,,,,,,,1,2,,800000,2,,86,59,59,1,1,01,8621,08,2685.4789718
5361480,1,3,1,70,,1,8,48,1,,2,8,1,,9,2,1,,,,,,,,,,,1,2,,1000000,2,,38,39,39,1,1,01,3811,08,1973.0583002
5361486,1,1,1,70,,1,12,48,4,,2,11,1,,9,2,1,,,,,,,,,,,1,2,,900000,2,,43,95,97,1,1,01,4322,08,2183.8708144
5361488,1,3,1,70,,1,17,50,1,,2,17,1,,3,2,1,,,,,,,,,,,1,2,,750000,2,,41,95,95,1,2,01,4111,08,2301.3241276
5361655,1,4,1,70,,1,40,48,4,,2,52,1,,9,2,1,,,,,,,,,,,1,2,,700000,2,,41,95,95,1,2,01,4111,13,2926.1807626
5361683,1,2,1,70,,1,5,42,3,,2,7,4,,1,2,1,,,,,,,,,,,1,2,,300000,2,,81,54,54,1,1,01,8121,18,4041.5428761
5361684,1,2,1,70,,1,2,43,1,,2,3,4,,1,2,1,,,,,,,,,,,1,1,400000,400000,2,,96,53,57,1,1,01,9602,18,4464.8424924
5361688,1,1,1,70,,1,9,46,4,,2,10,4,,1,2,1,,,,,,,,,,,1,2,,300000,2,,81,54,54,1,1,01,8121,18,1116.2106231
5361689,1,3,1,70,,1,5,49,4,,2,3,4,,1,2,1,,,,,,,,,,,1,1,800000,500000,2,,41,95,95,1,1,01,4111,18,2311.0956112
5361690,1,3,1,70,,1,1,45,4,,2,2,4,,1,2,1,,,,,,,,,,,1,1,400000,500000,2,,41,95,95,1,1,01,4111,18,1474.1277293
5361691,1,1,1,70,,1,4,43,4,,2,3,4,,1,2,1,,,,,,,,,,,1,1,600000,400000,2,,10,98,77,1,1,01,1040,18,1116.2106231
5361695,1,1,1,70,,1,12,40,1,,2,20,2,,9,2,1,,,,,,,,,,,1,2,,600000,2,,84,45,39,1,1,01,8412,18,1116.2106231
5361695,1,2,1,70,,1,6,40,1,,2,12,2,,9,2,1,,,,,,,,,,,1,2,,877502,2,,84,45,19,1,1,01,8412,18,1116.2106231
5361695,1,3,1,70,,1,20,40,1,,2,40,2,,9,2,1,,,,,,,,,,,1,2,,877502,2,,84,58,39,1,2,01,8412,18,1116.2106231
5361695,1,4,1,70,,1,8,40,1,,2,16,1,,3,2,1,,,,,,,,,,,1,2,,600000,2,,47,32,45,1,1,01,4711,18,1116.2106231
5361697,1,1,1,70,,1,4,40,1,,2,6,2,,9,2,1,,,,,,,,,,,1,2,,877502,2,,84,59,59,1,1,01,8413,18,3004.4747811
5361698,1,1,1,70,,1,8,40,1,,2,16,4,,1,2,1,,,,,,,,,,,1,2,,877502,2,,47,45,45,1,1,01,4792,18,3452.3135043
5361698,1,2,1,70,,1,6,40,1,,2,6,1,,2,2,1,,,,,,,,,,,1,2,,800000,2,,47,45,45,1,1,01,4741,18,3452.3135043
5361699,1,1,1,70,,1,4,40,1,,2,5,1,,3,2,1,,,,,,,,,,,1,2,,400000,2,,56,53,53,1,1,01,5619,18,1424.0681705
5361765,1,3,1,70,,1,20,40,1,,2,20,1,,3,2,1,,,,,,,,,,,1,2,,800000,2,,92,45,21,1,2,01,9200,18,4464.8424924
5361767,1,2,1,70,,1,4,40,1,,2,5,1,,3,2,1,,,,,,,,,,,1,2,,877502,2,,47,45,45,1,1,01,4771,18,3004.4747811
5361767,1,3,1,70,,1,6,40,1,,2,6,1,,2,2,1,,,,,,,,,,,1,2,,800000,2,,56,53,53,1,1,01,5611,18,3004.4747811
5361779,1,2,1,70,05,1,104,48,1,,2,104,1,,5,2,1,,,,,,,,,,,1,1,600000,900000,2,,56,37,53,1,2,01,5611,05,1368.5286033
5361784,1,3,1,70,05,1,52,48,1,,2,102,1,,2,2,4,,,,,,,,,,,1,2,,877000,2,,47,87,45,1,2,01,4711,05,1109.3376771
5361790,2,1,2,70,05,1,12,48,1,,2,12,1,,3,2,2,,,,,,,,,,,1,2,,500000,2,,41,95,95,1,1,01,4111,05,1437.9873445
5361790,2,2,2,70,05,1,132,48,1,,2,132,1,,3,2,1,,,,,,,,,,,1,2,,908526,2,,56,45,45,1,2,01,5619,05,1437.9873445
5361791,1,5,1,70,05,1,12,48,1,,2,12,1,,2,2,4,,,,,,,,,,,1,2,,600000,2,,56,53,53,1,1,01,5619,05,1670.1518823
5361792,1,1,1,70,05,1,4,48,1,,2,4,1,,2,2,4,,,,,,,,,,,1,1,840000,908526,2,,47,32,45,1,1,01,4711,05,1178.7533598
5361797,1,1,1,70,05,1,1,24,2,,2,52,2,,9,2,1,,,,,,,,,,,1,2,,2000000,2,,84,12,12,1,1,01,8424,05,1459.6794663
5361798,1,5,1,70,05,1,104,48,1,,2,12,3,,2,2,2,,,,,,,,,,,1,2,,3000000,2,,97,58,98,1,2,01,9700,05,780.35324414
5361801,1,3,1,70,05,1,72,48,1,,2,104,1,,7,2,4,,,,,,,,,,,1,2,,1000000,2,,96,39,97,1,2,01,9609,05,1010.405609
5361801,1,4,1,70,05,1,1,48,1,,2,4,1,,4,2,4,,,,,,,,,,,1,2,,800000,2,,47,45,45,1,1,01,4711,05,1010.405609
5361803,1,2,1,70,05,1,13,48,1,,2,13,1,,9,2,2,,,,,,,,,,,1,2,,908526,2,,43,33,33,1,1,01,4321,05,1278.4535833
5361808,1,2,1,70,05,1,36,60,4,,2,36,4,,1,2,1,,,,,,,,,,,1,2,,1200000,2,,49,98,98,1,2,01,4921,05,1457.835468
5361812,1,1,1,70,08,1,20,48,1,,2,40,1,,4,2,1,,,,,,,,,,,1,2,,908526,2,,56,55,45,1,2,01,5619,08,663.10760775
5361812,1,3,1,70,08,1,52,48,1,,2,104,1,,3,2,1,,,,,,,,,,,1,2,,878116,2,,55,97,39,1,2,01,5511,08,663.10760775
5361812,1,7,1,70,08,1,20,48,1,,2,20,2,,9,2,1,,,,,,,,,,,1,2,,908526,2,,84,58,58,1,2,01,8422,08,663.10760775
5361816,1,2,1,70,08,1,2,48,1,,2,38,1,,5,2,2,,,,,,,,,,,1,2,,1000000,2,,32,03,03,1,1,01,3250,08,652.6326037
5361819,1,5,1,70,08,1,4,48,1,,2,4,1,,9,2,1,,,,,,,,,,,1,2,,908526,2,,47,32,45,1,1,01,4771,08,737.46608017
5361820,1,8,1,70,08,1,12,48,1,,2,12,1,,9,1,8,,,,,,,,,,,1,2,,750000,2,,80,58,58,1,1,01,8010,08,748.55312351
5361820,1,9,1,70,08,1,8,48,3,,2,32,3,,1,2,8,,,,,,,,,,,1,2,,600008,2,,97,54,54,1,1,01,9700,08,748.55312351
5361822,1,2,1,70,08,1,20,48,1,,2,20,1,,9,2,2,,,,,,,,,,,1,2,,1500000,2,,31,42,42,1,2,01,3120,08,426.37669169
5361829,1,3,1,70,08,1,4,48,1,,2,4,1,,8,2,1,,,,,,,,,,,1,2,,908526,2,,47,45,45,1,1,01,4732,08,503.24355402
5361838,1,4,1,70,08,1,52,48,1,,2,104,1,,9,2,1,,,,,,,,,,,1,2,,893000,2,,10,33,33,1,2,01,1082,08,468.65859587
5361843,1,3,1,70,08,1,32,48,1,,2,32,1,,9,2,1,,,,,,,,,,,1,2,,600000,2,,45,39,39,1,2,01,4520,08,537.69581703
5361844,1,2,1,70,08,1,1,48,1,,2,2,1,,5,2,7,,,,,,,,,,,1,2,,600000,2,,47,45,45,1,1,01,4755,08,521.32433523
5361845,1,2,1,70,08,1,6,40,1,,2,98,1,,9,2,1,,,,,,,,,,,1,2,,900000,2,,61,45,44,1,1,01,6190,08,678.48849252
5361846,1,1,1,70,08,1,3,48,4,,2,40,4,,1,2,1,,,,,,,,,,,1,2,,500000,2,,90,17,17,1,1,01,9007,08,513.61263171
5361851,1,2,1,70,08,1,2,40,1,,2,6,1,,9,2,1,,,,,,,,,,,1,2,,1500000,2,,88,13,13,1,1,01,8890,08,456.46228112
5361854,1,3,1,70,08,1,4,48,1,,2,4,1,,9,2,2,,,,,,,,,,,1,2,,1500000,2,,35,03,03,1,1,01,3520,08,627.48432922
5361860,1,1,1,70,08,1,36,48,1,,2,36,1,,8,2,1,,,,,,,,,,,1,2,,1500000,2,,85,13,13,1,2,01,8513,08,486.94656435
5361865,1,1,1,70,08,1,60,48,1,,2,60,4,,4,2,2,,,,,,,,,,,1,2,,2500000,2,,71,02,02,1,2,01,7110,08,516.78815372
5361866,1,6,1,70,08,1,20,48,1,,1,,,,,,,,.,,,,,,,,.,,,,908526,,,,45,,1,2,01,.,08,466.75686668
5361868,1,1,1,70,08,1,30,40,1,,2,40,1,,6,2,1,,,,,,,,,,,1,2,,800000,2,,41,45,39,1,2,01,4112,08,513.61263171
5361874,1,1,1,70,08,1,12,48,1,,2,48,1,,9,2,5,,,,,,,,,,,1,2,,1000000,2,,85,12,12,1,1,01,8544,08,566.98894869
5361877,1,3,1,70,08,1,40,72,4,,2,40,4,,1,2,8,,,,,,,,,,,1,2,,900000,2,,49,98,98,1,2,01,4921,08,578.47468582
5361878,1,4,1,70,08,1,1,48,1,,1,,,,,,,,.,,,,,,,,.,,,,1000000,,,,97,,1,1,01,.,08,470.99747784
5361880,1,6,1,70,08,1,6,48,1,,1,,,,,,,,.,,,,,,,,.,,,,500000,,,,58,,1,1,01,.,08,648.32841096
5361885,1,1,1,70,08,1,24,48,1,,2,28,3,,1,2,1,,,,,,,,,,,1,2,,1000000,2,,97,55,54,1,2,01,9700,08,688.23462037
5361887,1,5,1,70,08,1,18,48,1,,2,50,1,,3,2,1,,,,,,,,,,,1,2,,1000000,2,,47,45,45,1,2,01,4771,08,769.64857477
5361888,1,5,1,70,08,1,40,48,1,,2,52,1,,5,2,1,,,,,,,,,,,1,2,,950000,2,,32,45,45,1,2,01,3290,08,597.9471975
5361891,1,2,1,70,08,1,12,48,1,,2,24,1,,3,2,8,,,,,,,,,,,1,2,,600000,2,,31,45,45,1,1,01,3110,08,496.07126019
5361896,1,5,1,70,08,1,16,48,1,,1,,,,,,,,.,,,,,,,,.,,,,915000,,,,97,,1,2,01,.,08,620.63052758
5361899,1,5,1,70,08,1,48,48,1,,2,48,1,,9,2,1,,,,,,,,,,,1,2,,877803,2,,49,39,32,1,2,01,4921,08,618.3064031
5361904,1,5,1,70,08,1,16,40,1,,1,,,,,,,,.,,,,,,,,.,,,,800000,,,,45,,1,2,01,.,08,786.7393255
5361911,1,1,1,70,08,1,24,48,1,,2,24,1,,4,2,1,,,,,,,,,,,1,2,,908526,2,,85,13,13,1,2,01,8530,08,652.6326037
5361920,1,3,1,70,08,1,4,48,1,,2,4,1,,3,2,1,,,,,,,,,,,1,2,,600000,2,,56,97,53,1,1,01,5611,08,616.40082698
5361921,1,3,1,70,08,1,18,48,1,,2,30,1,,6,2,1,,,,,,,,,,,1,2,,800000,2,,85,18,18,1,2,01,8530,08,476.57748666
5361948,1,5,1,70,08,1,96,48,1,,2,96,1,,8,2,8,,,,,,,,,,,1,2,,908526,2,,49,32,39,1,2,01,4921,08,458.64402972
5361950,1,2,1,70,08,1,5,48,4,,2,5,4,,1,2,8,,,,,,,,,,,1,2,,500000,2,,56,77,77,1,1,01,5619,08,526.75853762
5361952,1,5,1,70,08,1,52,40,3,,2,32,3,,1,2,4,,,,,,,,,,,1,2,,800000,2,,97,54,54,1,2,01,9700,08,754.95422141
5361953,1,5,1,70,08,1,26,48,1,,2,26,1,,9,2,1,,,,,,,,,,,1,2,,1000000,2,,10,03,03,1,2,01,1090,08,608.74069374
5361965,1,1,1,70,08,1,6,48,2,,2,6,4,,9,2,1,,,,,,,,,,,1,2,,1200000,2,,84,39,39,1,1,01,8412,08,759.09907859
5361975,1,1,1,70,08,1,12,48,1,,2,12,1,,8,2,8,,,,,,,,,,,1,2,,983000,2,,47,45,45,1,1,01,4772,08,637.85340691
5361984,1,2,1,70,08,1,40,48,1,,2,40,1,,5,2,1,,,,,,,,,,,1,2,,800000,2,,47,45,45,1,2,01,4771,08,648.40290309
5361994,1,2,1,70,08,1,40,48,1,,2,40,1,,7,2,2,,,,,,,,,,,1,2,,908526,2,,85,13,13,1,2,01,8530,08,500.09247026
5362003,1,3,1,70,08,1,8,48,1,,2,254,1,,9,2,1,,,,,,,,,,,1,2,,908526,2,,22,97,97,1,1,01,2219,08,819.59445912
5362005,1,6,1,70,08,1,40,48,1,,2,11,1,,9,2,2,,,,,,,,,,,1,2,,860000,2,,64,33,39,1,2,01,6412,08,335.3225358
5362007,1,1,1,70,08,1,52,48,1,,1,,,,,,,,.,,,,,,,,.,,,,1200000,,,,21,,1,2,01,.,08,674.26560212
5362010,1,1,1,70,08,1,52,48,1,,2,104,1,,9,2,1,,,,,,,,,,,1,2,,1000000,2,,80,58,58,1,2,01,8010,08,537.45181697
5362040,1,1,1,70,11,1,8,24,1,,2,8,1,,9,2,4,,,,,,,,,,,1,2,,600000,2,,46,33,33,1,1,01,4663,11,5432.1269184
5362041,1,1,1,70,11,1,36,48,2,,2,36,4,,1,2,8,,,1,,,,,,,,,2,,5000000,1,1,68,09,21,1,2,01,6820,11,3002.0327076
5362062,1,3,1,70,11,1,3,40,4,,2,3,4,,2,2,1,,,,,,,,,,,1,2,,908000,2,,49,98,98,1,1,01,4923,11,3681.9426206
5362062,1,4,1,70,11,1,4,48,1,,2,40,1,,2,2,1,,,,,,,,,,,1,2,,908000,2,,52,97,58,1,1,01,5221,11,3681.9426206
5362071,1,6,1,70,11,1,12,48,1,,2,12,1,,9,2,8,,,,,,,,,,,1,2,,908000,2,,41,95,95,1,1,01,4111,11,7238.3987967
5362072,1,2,1,70,11,1,4,48,1,,2,8,1,,3,2,2,,,,,,,,,,,1,2,,908526,2,,14,79,79,1,1,01,1410,11,3426.7571506
5362081,1,3,1,70,11,1,16,48,1,,2,16,1,,7,2,1,,,,,,,,,,,1,2,,877803,2,,52,39,39,1,2,01,5229,11,3681.9426206
5362081,1,4,1,70,11,1,36,48,4,,2,36,1,,9,2,1,,,,,,,,,,,1,2,,877803,2,,47,79,97,1,2,01,4711,11,3681.9426206
5362083,1,2,1,70,11,1,5,48,3,,2,2,4,,1,2,8,,,,,,,,,,,1,1,240000,908000,2,,81,54,54,1,1,01,8121,11,4671.0353896
5362087,1,1,1,70,11,1,52,48,4,,2,40,4,,1,2,7,,,,,,,,,,,1,2,,908000,2,,56,45,45,1,2,01,5619,11,2923.2679054
5362089,1,3,1,70,11,1,6,48,4,,2,6,4,,1,2,1,,,,,,,,,,,1,2,,900000,2,,41,95,95,1,1,01,4111,11,3002.0327076
5362096,1,1,1,70,11,1,44,48,1,,2,44,1,,9,2,1,,,,,,,,,,,1,2,,908526,2,,41,95,95,1,2,01,4111,11,2365.5568343
5362099,1,2,1,70,11,1,8,48,1,,2,44,4,,2,2,8,,,,,,,,,,,1,2,,900000,2,,47,45,41,1,1,01,4771,11,2678.4338427
5362101,1,1,1,70,11,1,36,48,4,,2,48,4,,2,2,1,,,,,,,,,,,1,2,,877000,2,,49,98,98,1,2,01,4921,11,2890.975407
5362104,1,2,1,70,11,1,46,48,4,,2,46,4,,1,2,8,,,,,,,,,,,1,2,,890000,2,,41,95,95,1,2,01,4111,11,2241.7313128
5362104,1,3,1,70,11,1,40,48,1,,2,40,1,,9,2,8,,,,,,,,,,,1,2,,870000,2,,81,53,55,1,2,01,8121,11,2241.7313128
5362107,1,3,1,70,11,1,110,48,1,,2,110,1,,9,2,4,,,1,,,,,,,,,2,,908000,1,2,85,39,39,1,2,01,8544,11,2876.5805066
5362108,1,1,1,70,11,1,40,40,4,,2,12,4,,1,2,8,,,,,,,,,,,1,2,,1000000,2,,96,59,59,1,2,01,9609,11,3714.2351189
5362108,1,2,1,70,11,1,40,50,1,,2,8,1,,5,2,1,,,,,,,,,,,1,2,,1000000,2,,47,45,45,1,2,01,4769,11,3714.2351189
5362109,1,1,1,70,11,1,42,48,1,,2,3,1,,8,2,8,,,,,,,,,,,1,1,920000,908526,2,,65,55,55,1,2,01,6511,11,2950.4310267
5362114,1,1,1,70,11,1,8,48,1,,2,8,1,,9,2,8,,,,,,,,,,,1,2,,1300000,2,,49,97,97,1,1,01,4923,11,3250.5398142
5362115,1,1,1,70,11,1,104,48,1,,2,4,4,,1,2,1,,,,,,,,,,,1,1,800000,1200000,2,,81,55,55,1,2,01,8121,11,2950.4310267
5362116,1,2,1,70,11,1,45,48,1,,2,45,1,,9,2,2,,,,,,,,,,,1,2,,908526,2,,47,33,33,1,2,01,4773,11,3250.5398142
5362119,1,3,1,70,11,1,2,48,1,,2,2,1,,9,2,1,,,,,,,,,,,1,1,650000,1000000,2,,82,03,38,1,1,01,8220,11,3572.5119996
5362127,1,2,1,70,11,1,4,48,1,,2,45,1,,2,2,3,,,,,,,,,,,1,2,,1000000,2,,56,41,53,1,1,01,5630,11,3536.1877716
5362129,1,1,1,70,11,1,4,48,1,,2,8,1,,9,2,1,,,,,,,,,,,1,2,,877803,2,,85,55,55,1,1,01,8512,11,4978.8158929
5362131,1,1,1,70,11,1,4,48,1,,2,4,1,,5,2,4,,,,,,,,,,,1,2,,908526,2,,23,96,96,1,1,01,2310,11,3728.6300194
5362138,1,1,1,70,11,1,8,60,1,,2,8,4,,4,2,6,,,,,,,,,,,1,2,,1500000,2,,69,02,02,1,1,01,6910,11,3047.0934268
5362147,1,3,1,70,11,1,52,48,1,,2,52,4,,9,2,8,,,,,,,,,,,1,2,,1500000,2,,84,11,11,1,2,01,8415,11,2878.2071862
5362148,1,1,1,70,11,1,16,48,3,,2,40,1,,3,2,1,,,,,,,,,,,1,2,,908526,2,,88,54,54,1,2,01,8890,11,2937.6628058
5362152,1,3,1,70,11,1,16,48,1,,2,16,1,,2,2,1,,,,,,,,,,,1,2,,908526,2,,47,45,45,1,2,01,4774,11,4069.0537333
5362153,1,3,1,70,11,1,44,48,1,,2,48,4,,1,2,2,,,,,,,,,,,1,2,,908526,2,,96,39,57,1,2,01,9602,11,4244.5468653
5362155,1,3,1,70,11,1,12,48,1,,2,20,1,,5,2,1,,,,,,,,,,,1,2,,1300000,2,,71,37,03,1,1,01,7110,11,3651.2768018
5362157,1,2,1,70,11,1,20,48,1,,2,40,1,,4,2,1,,,,,,,1,,,,,2,,908526,2,,56,53,53,1,2,01,5619,11,4683.8036104
5362169,1,1,1,70,11,1,52,48,1,,2,54,4,,8,2,4,,,1,,,,,,,,,2,,908000,1,2,91,39,39,1,2,01,9101,11,3059.8616477
5362172,1,3,1,70,11,1,28,48,4,,2,44,4,,1,2,1,,,,,,,,,,,1,2,,1000000,2,,49,98,98,1,2,01,4921,11,3300.5148156
5362172,1,4,1,70,11,1,4,48,1,,2,44,4,,1,2,1,,,,,,,,,,,1,2,,1200000,2,,49,98,98,1,1,01,4921,11,3300.5148156
5362187,1,1,1,70,11,1,5,48,1,,2,20,1,,1,2,1,,,,,,,,,,,1,2,,908526,2,,41,95,95,1,1,01,4111,11,3604.8044979
5362190,1,2,1,70,11,1,40,48,1,,2,40,1,,9,2,4,,,,,,,,,,,1,2,,908000,2,,82,38,38,1,2,01,8220,11,2129.7464766
5362201,1,1,1,70,11,1,4,48,1,,2,5,1,,4,2,8,,,,,,,,,,,1,2,,908000,2,,56,53,53,1,1,01,5611,11,3072.6298686
5362202,1,5,1,70,11,1,4,40,1,,1,,,,,,,,.,,,,,,,,.,,,,877803,,,,45,,1,1,01,.,11,3424.340337
5362209,1,4,1,70,11,1,32,48,4,,2,32,1,,2,2,8,,,,,,,,,,,1,2,,890000,2,,45,84,84,1,2,01,4542,11,3761.4975568
5362212,1,2,1,70,11,1,8,48,1,,2,8,1,,3,2,8,,,,,,,,,,,1,2,,1000000,2,,95,57,79,1,1,01,9529,11,2487.7556761
5362212,1,5,1,70,11,1,8,48,1,,2,8,1,,3,2,8,,,,,,,,,,,1,2,,1000000,2,,56,53,53,1,1,01,5611,11,2487.7556761
5362233,1,4,1,70,11,1,52,48,1,,1,,,,,,,,.,,,,,,,,.,,,,910000,,,,18,,1,2,01,.,11,1860.3035078
5362234,1,3,1,70,11,1,4,48,1,,1,,,,,,,,.,,,,,,,,.,,,,700000,,,,57,,1,1,01,.,11,2678.4338427
5362234,1,4,1,70,11,1,4,48,1,,1,,,,,,,,.,,,,,,,,.,,,,750000,,,,53,,1,1,01,.,11,2678.4338427
5362238,1,1,1,70,11,1,10,48,1,,2,10,5,,3,2,2,,,,,1,,,,,,,2,,908000,2,,56,45,77,1,1,01,5619,11,3728.6300194
5362241,1,1,1,70,11,1,12,40,1,,2,10,1,,9,2,1,,,,,,,,,,,1,2,,908000,2,,85,55,55,1,1,01,8530,11,4574.3729894
5362241,1,2,1,70,11,1,4,40,1,,1,,,,,,,,.,,,,,,,,.,,,,908000,,,,33,,1,1,01,.,11,4574.3729894
5362243,1,2,1,70,11,1,8,48,1,,2,8,1,,2,2,8,,,,,,,,,,,1,2,,877000,2,,56,53,53,1,1,01,5611,11,4671.0353896
5362248,1,1,1,70,11,1,4,24,1,,2,4,1,,2,2,1,,,,,,,,,,,1,2,,500000,2,,56,53,53,1,1,01,5611,11,3808.1849556
5362255,1,1,1,70,11,1,28,48,1,,2,6,4,,1,2,2,,,,,,,,,,,1,2,,800000,2,,47,37,45,1,2,01,4791,11,3250.5398142
5362268,1,1,1,70,11,1,2,48,1,,2,2,1,,6,2,8,,,,,,,,,,,1,2,,877000,2,,41,53,95,1,1,01,4111,11,2556.2350008
5362280,1,3,1,70,11,1,8,48,1,,1,,,,,,,,.,,,,,,,,.,,,,908526,,,,45,,1,1,01,.,11,4302.3758054
5362308,1,1,1,70,13,1,32,48,5,,2,96,5,,5,2,1,,,,,,,,,,,1,2,,1000000,2,,81,21,21,1,2,01,8121,13,396.21297329
5362310,1,4,1,70,13,1,2,48,1,,2,2,1,,6,2,1,,,,,,,,,,,1,1,908526,908526,2,,47,97,97,1,1,01,4711,13,417.14077544
5362312,1,7,1,70,13,1,16,48,4,,1,,,,,,,,.,,,,,,,,.,,,,600000,,,,95,,1,2,01,.,13,412.71068622
5362319,1,2,1,70,13,1,8,40,4,,2,8,4,,1,2,2,,,,,,,,,,,1,2,,400000,2,,85,13,13,1,1,01,8551,13,425.13207566
5362329,1,3,1,70,13,1,20,48,1,,2,20,1,,6,2,1,,,,,,,,,,,1,2,,900000,2,,52,19,32,1,2,01,5210,13,354.38361891
5362355,1,3,1,70,13,1,4,48,1,,2,4,1,,9,2,4,,,,,,,,,,,1,2,,908526,2,,52,97,97,1,1,01,5229,13,441.11769462
5362357,1,6,1,70,13,1,40,48,1,,2,40,1,,9,2,1,,,,,,,,,,,1,2,,900000,2,,47,55,55,1,2,01,4723,13,371.73799913
5362362,1,5,1,70,13,1,32,48,1,,2,36,1,,4,2,4,,,,,,,,,,,1,2,,877000,2,,56,53,53,1,2,01,5619,13,441.00691595
5362366,1,2,1,70,13,1,24,40,1,,1,,,,,,,,.,,,,,,,,.,,,,1500000,,,,13,,1,2,01,.,13,402.37034061
5362366,1,3,1,70,13,1,8,48,1,,2,8,2,,9,2,1,,,,,,,,,,,1,2,,908526,2,,84,97,58,1,1,01,8422,13,402.37034061
5362368,1,1,1,70,13,1,44,48,1,,2,44,1,,4,2,1,,,,,,,,,,,1,2,,900000,2,,86,59,59,1,2,01,8622,13,393.46895108
5362370,1,3,1,70,13,1,24,48,1,,2,24,3,,1,2,1,,,,,,,,,,,1,2,,908526,2,,97,58,54,1,2,01,9700,13,414.59106938
5362372,1,4,1,70,13,1,5,48,1,,2,5,1,,9,2,1,,,,,,,,,,,1,2,,900000,2,,47,33,33,1,1,01,4772,13,411.84704717
5362390,1,9,1,70,13,1,48,48,1,,1,,,,,,,,.,,,,,,,,.,,,,908526,,,,54,,1,2,01,.,13,377.40069362
5362393,1,1,1,70,13,1,30,48,1,,2,30,1,,7,2,1,,,,,,,,,,,1,2,,900000,2,,47,45,45,1,2,01,4771,13,415.97393182
5362400,1,2,1,70,13,1,84,48,1,,2,84,1,,8,2,4,,,,,,,,,,,1,2,,877803,2,,20,45,45,1,2,01,2023,13,423.65807424
5362403,1,3,1,70,13,1,72,48,1,,2,96,1,,8,2,2,,,,,,,,,,,1,2,,1500000,2,,49,21,39,1,2,01,4923,13,352.08228075
5362422,1,2,1,70,13,1,28,40,3,,2,40,3,,1,2,1,,,,,,,,,,,1,2,,500000,2,,97,54,54,1,2,01,9700,13,787.60996067
5362422,1,3,1,70,13,1,104,48,1,,2,156,1,,9,2,1,,,,,,,,,,,1,2,,908526,2,,47,55,53,1,2,01,4711,13,787.60996067
5362422,1,4,1,70,13,1,12,48,1,,1,,,,,,,,.,,,,,,,,.,,,,908526,,,,55,,1,1,01,.,13,787.60996067
5362426,1,2,1,70,13,1,56,48,1,,2,56,1,,9,2,2,,,,,,,,,,,1,2,,1200000,2,,85,13,13,1,2,01,8544,13,754.66256741
5362431,1,2,1,70,13,1,12,48,4,,2,12,4,,1,2,6,,,1,,,,,,,,,2,,1700000,1,1,41,02,02,1,1,01,4111,13,741.41443206
5362445,1,2,1,70,13,1,8,48,1,,2,96,1,,9,2,2,,,,,,,,,,,1,2,,1000000,2,,06,02,02,1,1,01,0610,13,409.45457004
5362455,1,2,1,70,15,1,20,48,1,,2,20,1,,2,2,1,,,,,,,,,,,1,2,,877803,2,,77,97,97,1,2,01,7730,15,108.10362644
5362462,1,2,1,70,15,1,8,48,3,,2,8,1,,1,2,1,,,,,,,,,,,1,2,,908526,2,,97,54,54,1,1,01,9700,15,64.081719279
5362463,1,2,1,70,15,1,8,40,1,,2,8,1,,2,2,7,,,,,,,,,,,1,2,,1000000,2,,41,95,95,1,1,01,4112,15,112.84531497
5362466,1,2,1,70,15,1,52,48,1,,2,52,1,,9,2,2,,,,,,,,,,,1,2,,2000000,2,,86,59,59,1,2,01,8621,15,105.74660749
5362468,1,3,1,70,15,1,52,48,2,,2,52,2,,9,2,2,,,,,,,,,,,1,2,,2000000,2,,85,13,13,1,2,01,8530,15,64.081719279
5362469,1,1,1,70,15,1,52,40,1,,2,52,1,,5,2,7,,,,,,,,,,,1,2,,1000000,2,,85,03,03,1,2,01,8530,15,112.17872743
5362482,1,2,1,70,15,1,42,40,1,,2,48,1,,5,2,3,,,,,1,,,,,,,2,,2200000,2,,41,02,02,1,2,01,4111,15,136.06645687
5362483,1,1,1,70,15,1,30,48,1,,2,140,4,,2,2,2,,,,,1,,,,,,,2,,2000000,2,,45,02,02,1,2,01,4520,15,118.07935602
5362491,1,2,1,70,15,1,16,40,1,,2,40,1,,8,2,2,,,,,,,,,,,1,2,,900000,2,,49,98,98,1,2,01,4921,15,142.07543842
5362493,1,1,1,70,15,1,20,40,1,,2,48,1,,9,2,1,,,,,,,,,,,1,2,,2000000,2,,61,05,44,1,2,01,6110,15,178.13818097
5362496,1,2,1,70,15,1,36,40,3,,2,56,3,,1,2,1,,,,,,,,,,,1,2,,908526,2,,97,54,54,1,2,01,9700,15,142.07543842
5362504,1,1,1,70,15,1,52,40,1,,2,52,2,,9,2,2,,,,,,,,,,,1,2,,2500000,2,,84,12,12,1,2,01,8412,15,129.0309135
5362504,1,2,1,70,15,1,8,40,2,,2,8,4,,9,2,1,,,,1,,,,,,,,2,,2500000,1,2,84,12,12,1,1,01,8412,15,129.0309135
5362512,1,2,1,70,15,1,12,40,1,,2,12,1,,6,2,3,,,,,1,,,,,,,2,,1800000,2,,64,33,33,1,1,01,6412,15,96.183198486
5362517,1,2,1,70,15,1,12,40,1,,2,12,1,,9,2,2,,,,,,,,,,,1,2,,877803,2,,64,39,55,1,1,01,6412,15,82.46230149
5362519,1,1,1,70,15,1,12,40,2,,2,12,2,,9,2,8,,,,,,,,,,,1,2,,2000000,2,,85,13,13,1,1,01,8530,15,145.88309956
5362539,1,3,1,70,17,1,99,40,4,,2,99,1,,9,2,2,,,1,,,,,,,,,1,300000,908526,1,4,70,53,53,1,2,01,7010,17,171.96768284
5362541,1,1,1,70,17,1,4,48,1,,2,4,4,,1,2,2,,,,,,,,,,,1,2,,908526,2,,47,45,41,1,1,01,4722,17,262.11254953
5362542,1,2,1,70,17,1,52,48,1,,2,4,1,,2,2,2,,,,,,,,,,,1,2,,908526,2,,69,12,12,1,2,01,6910,17,190.79948362
5362544,1,3,1,70,17,1,4,48,1,,1,,,,,,,,.,,,,,,,,.,,,,908526,,,,38,,1,1,01,.,17,268.91610976
5362545,1,1,1,70,17,1,3,48,1,,2,5,1,,9,2,1,,,,,,,,,,,1,2,,800000,2,,11,95,97,1,1,01,1101,17,223.68780568
5362548,1,2,1,70,17,1,6,48,1,,2,10,1,,6,2,1,,,1,,,,,,,,,2,,1800000,1,2,88,07,07,1,1,01,8890,17,157.79743947
5362549,1,2,1,70,17,1,30,48,1,,2,48,1,,3,2,1,,,,,,,,,,,1,2,,850000,2,,41,95,95,1,2,01,4111,17,168.75396249
5362550,1,2,1,70,17,1,8,48,1,,2,8,1,,4,2,1,,,,,,,,,,,1,2,,850000,2,,47,97,97,1,1,01,4711,17,219.51238468
5362553,1,3,1,70,17,1,2,48,1,,2,2,1,,5,2,6,,,,,,,,,,,1,1,700000,908526,2,,82,45,38,1,1,01,8220,17,248.61310829
5362553,1,4,1,70,17,1,4,48,1,,2,52,1,,4,2,6,,,,,,,,,,,1,2,,908526,2,,56,53,53,1,1,01,5611,17,248.61310829
5362554,1,3,1,70,17,1,3,48,1,,2,3,1,,3,2,1,,,,,,,,,,,1,2,,908526,2,,41,95,95,1,1,01,4111,17,252.47910261
5362554,1,4,1,70,17,1,3,48,1,,2,3,1,,3,2,1,,,,,,,,,,,1,1,400000,908526,2,,41,95,95,1,1,01,4111,17,252.47910261
5362554,1,5,1,70,17,1,4,48,5,,2,4,5,,2,2,1,,,,,,,,,,,1,2,,908526,2,,41,95,95,1,1,01,4111,17,252.47910261
5362557,1,2,1,70,17,1,44,24,4,,2,44,4,,1,2,5,,,1,,,,,,,,,2,,1500000,1,1,85,13,13,1,2,01,8551,17,193.87702367
5362560,1,2,1,70,17,1,104,48,1,,2,96,1,,8,2,2,,,,,,,,,,,1,2,,1000000,2,,47,77,77,1,2,01,4711,17,190.10018042
5362561,1,1,1,70,17,1,4,30,4,,2,4,4,,1,2,2,,,,,,,,,,,1,2,,1000000,2,,45,44,44,1,1,01,4512,17,186.81106599
5362562,1,2,1,70,17,1,30,48,4,,2,40,4,,1,2,7,,,,,,,,,,,1,2,,1000000,2,,49,98,98,1,2,01,4921,17,194.27560141
5362563,1,1,1,70,17,1,28,48,1,,2,40,1,,4,2,1,,,,,,,,,,,1,2,,908526,2,,41,95,95,1,2,01,4111,17,216.22327025
5362564,1,1,1,70,17,1,30,48,1,,2,32,1,,9,2,1,,,,,,,,,,,1,2,,908526,2,,41,95,95,1,2,01,4111,17,194.57632687
5362568,1,2,1,70,17,1,16,48,1,,2,16,1,,6,2,1,,,,,,,,,,,1,2,,908526,2,,41,87,87,1,2,01,4111,17,194.27560141
5362577,1,2,1,70,18,1,53,48,1,,2,53,1,,2,2,1,,,,,,,,,,,1,2,,980000,2,,49,33,98,1,2,01,4921,18,68.180216791
5362577,1,3,1,70,18,1,44,48,1,,2,44,1,,8,2,2,,,,,,,,,,,1,2,,980000,2,,55,53,53,1,2,01,5511,18,68.180216791
5362577,1,5,1,70,18,1,8,48,1,,2,16,1,,4,2,1,,,,,,,,,,,1,2,,980000,2,,95,39,39,1,1,01,9511,18,68.180216791
5362580,1,2,1,70,18,1,24,48,1,,2,24,1,,2,2,2,,,,,,,,,,,1,2,,980000,2,,25,95,83,1,2,01,2511,18,153.02198344
5362581,1,2,1,70,18,1,12,48,1,,1,,,,,,,,.,,,,,,,,.,,,,980000,,,,53,,1,1,01,.,18,149.79971881
5362588,1,2,1,70,18,1,4,40,1,,2,39,3,,1,2,1,,,,,,,,,,,1,2,,800000,2,,97,55,54,1,1,01,9700,18,104.63982815
5362593,1,6,1,70,19,1,6,50,4,,2,50,1,,8,2,2,,,,,,,,,,,1,2,,800000,2,,49,98,98,1,1,01,4921,19,79.340085686
5362622,1,1,1,70,19,1,16,48,1,,2,16,4,,9,2,2,,,,,,,,,,,1,2,,3500000,2,,85,11,13,1,2,01,8544,19,156.77166557
5362627,2,1,2,70,19,1,8,40,1,,2,8,3,,1,2,1,,,,,,,,,,,1,2,,1000000,2,,97,59,59,1,1,01,9700,19,133.83827592
5362630,1,2,1,70,19,1,38,40,3,,2,38,3,,1,2,1,,,,,,,,,,,1,2,,500000,2,,97,54,54,1,2,01,9700,19,118.74104171
5362633,2,3,2,70,19,1,38,40,1,,2,38,1,,4,2,1,,,,,,,,,,,1,2,,800000,2,,47,45,45,1,2,01,4771,19,97.410993543
5362634,1,4,1,70,19,1,6,50,4,,2,24,4,,1,2,1,,,,,,,,,,,1,2,,700000,2,,49,45,98,1,1,01,4921,19,147.20106354
5362644,1,1,1,70,19,1,4,50,1,,2,4,1,,3,2,1,,,,,,,,,,,1,2,,400000,2,,41,95,95,1,1,01,4112,19,156.73367346
5362647,1,2,1,70,19,1,4,40,1,,2,4,1,,2,2,1,,,,,,,,,,,1,2,,1000000,2,,47,45,45,1,1,01,4771,19,92.608932386
5362649,1,2,1,70,19,1,12,45,1,,2,12,4,,9,2,4,,,,,,,,,,,1,2,,1400000,2,,84,33,33,1,1,01,8412,19,143.3103524
5362650,1,3,1,70,19,1,4,48,1,,2,8,4,,2,2,4,,,,,,,,,,,1,2,,98,2,,73,16,16,1,1,01,7310,19,121.19685452
5362653,1,2,1,70,19,1,4,45,1,,2,4,1,,5,2,1,,,,,,,,,,,1,2,,1500000,2,,85,19,19,1,1,01,8530,19,126.05918614
5362674,1,1,1,70,19,1,52,45,1,,2,52,1,,5,2,2,,,,,,,,,,,1,2,,1500000,2,,69,39,39,1,2,01,6910,19,151.76277806
5362680,1,2,1,70,19,1,8,40,1,,2,16,1,,6,2,1,,,1,,,,,,,,,2,,600000,2,,49,98,98,1,1,01,4921,19,176.33108807
5362685,1,1,1,70,19,1,48,40,1,,2,48,1,,3,2,1,,,,,,,,,,,1,2,,980000,2,,56,45,53,1,2,01,5611,19,143.3103524
5362687,1,4,1,70,19,1,24,40,4,,1,,,,,,,,.,,,,,,,,.,,,,600000,,,,81,,1,2,01,.,19,131.38246311
5362690,1,1,1,70,19,1,52,56,1,,2,52,1,,9,2,1,,,,,,,,,,,1,2,,900000,2,,86,53,53,1,2,01,8610,19,109.07664893
5362690,1,2,1,70,19,1,4,48,1,,1,,,,,,,,.,,,,,,,,.,,,,1500000,,,,07,,1,1,01,.,19,109.07664893
5362694,1,5,1,70,19,1,2,24,2,,2,2,1,,4,2,1,,,1,,,,,,,,,1,904000,1400000,1,1,47,11,11,1,1,01,4772,19,104.05398906
5362717,1,1,1,70,20,1,16,48,4,,2,3,4,,1,2,8,,,,,,,,,,,1,2,,877000,2,,25,83,83,1,2,01,2511,20,195.99571365
5362719,1,2,1,70,20,1,8,40,3,,2,8,3,,1,2,8,,,,,,,,,,,1,2,,400000,2,,97,54,54,1,1,01,9700,20,91.338616552
5362719,1,3,1,70,20,1,20,48,1,,2,30,1,,3,2,8,,,,,,,,,,,1,2,,500000,2,,10,45,55,1,2,01,1081,20,91.338616552
5362722,1,1,1,70,20,1,48,60,1,,2,98,1,,3,2,4,,,,,,,,,,,1,2,,800000,2,,47,53,45,1,2,01,4719,20,185.73692345
5362725,1,2,1,70,20,1,2,48,1,,2,4,1,,7,2,2,,,,,,,,,,,1,2,,950000,2,,46,40,45,1,1,01,4632,20,201.24240278
5362728,1,2,1,70,20,1,20,48,3,,2,58,3,,1,2,1,,,,,,,,,,,1,2,,400000,2,,97,54,54,1,2,01,9700,20,216.37587342
5362734,1,2,1,70,20,1,50,40,2,,2,100,1,,9,2,1,,,,,,,,,,,1,2,,1600000,2,,56,12,21,1,2,01,5629,20,91.338616552
5362736,1,5,1,70,20,1,9,48,1,,2,30,4,,2,2,8,,,,,,,,,,,1,2,,877000,2,,56,59,41,1,1,01,5619,20,219.47907226
5362742,1,1,1,70,20,1,4,24,1,,2,23,1,,6,2,1,,,,,,,,,,,1,2,,700000,2,,47,39,39,1,1,01,4759,20,184.13240096
5362743,1,2,1,70,20,1,7,48,1,,2,28,4,,1,2,1,,,,,,,,,,,1,2,,877000,2,,49,45,98,1,1,01,4921,20,160.98925516
5362743,1,3,1,70,20,1,20,48,1,,2,20,1,,5,2,2,,,,,,,,,,,1,2,,877000,2,,85,32,32,1,2,01,8553,20,160.98925516
5362750,1,1,1,70,23,1,52,48,3,,2,52,1,,2,2,1,,,,,,,,,,,1,2,,700000,2,,56,54,53,1,2,01,5611,23,200.20281955
5362750,1,4,1,70,23,1,12,45,1,,2,12,1,,3,2,1,,,,,,,,,,,1,2,,900000,2,,41,95,95,1,1,01,4111,23,200.20281955
5362754,1,1,1,70,23,1,32,48,1,,2,40,1,,9,2,1,,,,,,,,,,,1,2,,908526,2,,49,98,98,1,2,01,4921,23,176.89689395
5362757,1,1,1,70,23,1,48,48,1,,2,98,1,,3,2,1,,,,,,,,,,,1,2,,908526,2,,85,54,13,1,2,01,8512,23,163.32167498
5362762,1,1,1,70,23,1,24,48,1,,2,48,1,,7,2,1,,,,,,,,,,,1,2,,2000000,2,,85,13,13,1,2,01,8530,23,170.52600606
5362762,2,4,2,70,23,1,4,48,1,,2,4,3,,1,2,1,,,,,,,,,,,1,1,100000,877803,2,,97,55,54,1,1,01,9700,23,170.52600606
5362766,1,2,1,70,23,1,22,48,3,,2,46,3,,1,2,1,,,,,,,,,,,1,2,,500000,2,,97,54,54,1,2,01,9700,23,154.25787286
5362770,1,1,1,70,23,1,40,40,3,,2,52,3,,1,2,1,,,,,,,,,,,1,2,,500000,2,,97,54,54,1,2,01,9700,23,190.71535197
5362770,1,2,1,70,23,1,2,48,1,,2,2,1,,9,2,1,,,,,,,,,,,1,1,908526,908526,2,,86,55,55,1,1,01,8610,23,190.71535197
5362773,1,1,1,70,23,1,156,48,1,,2,156,4,,1,2,1,,,,,,,,,,,1,2,,908526,2,,49,98,98,1,2,01,4921,23,182.70357784
5362773,1,4,1,70,23,1,4,48,1,,2,4,1,,2,2,1,,,,,,,,,,,1,1,15000,908526,2,,47,97,97,1,1,01,4771,23,182.70357784
5362774,1,1,1,70,23,1,20,48,1,,2,30,1,,9,2,2,,,,,,,,,,,1,2,,1200000,2,,46,45,45,1,2,01,4631,23,187.83787097
5362777,1,1,1,70,23,1,16,48,1,,2,16,4,,9,2,4,,,,1,,,,,,,,2,,1200000,1,2,84,21,32,1,2,01,8412,23,154.25787286
5362779,1,2,1,70,23,1,48,48,1,,2,48,1,,9,2,7,,,,,,,,,,,1,2,,3000000,2,,01,05,05,1,2,01,0122,23,188.5541281
5362794,1,1,1,70,23,1,20,48,1,,2,30,1,,3,2,1,,,,,,,,,,,1,2,,300000,2,,47,45,45,1,2,01,4724,23,183.71036437
5362797,1,1,1,70,23,1,8,48,1,,2,8,4,,1,2,1,,,,,,,,,,,1,2,,908526,2,,43,58,93,1,1,01,4330,23,189.74523499
5362806,1,2,1,70,23,1,12,48,1,,2,38,1,,9,2,1,,,,,,,,,,,1,2,,908526,2,,86,59,59,1,1,01,8610,23,188.5541281
5362808,1,3,1,70,23,1,5,48,1,,1,,,,,,,,.,,,,,,,,.,,,,450000,,,,53,,1,1,01,.,23,186.53746939
5362812,1,2,1,70,23,1,10,48,3,,2,36,3,,1,2,1,,,,,,,,,,,1,2,,500000,2,,97,54,54,1,1,01,9700,23,200.88969586
5362815,1,2,1,70,23,1,96,48,1,,2,96,1,,9,2,1,,,,,,,,,,,1,2,,877803,2,,82,38,38,1,2,01,8220,23,190.51186812
5362819,1,1,1,70,23,1,8,48,4,,2,8,4,,1,2,1,,,,,,,,,,,1,2,,1000000,2,,49,98,98,1,1,01,4921,23,207.21977382
5362819,1,5,1,70,23,1,16,48,1,,2,16,1,,3,2,1,,,,,,,,,,,1,2,,800000,2,,41,95,95,1,2,01,4111,23,207.21977382
5362819,1,6,1,70,23,1,8,48,1,,2,12,1,,3,2,1,,,,,,,,,,,1,2,,800000,2,,41,95,95,1,1,01,4111,23,207.21977382
5362821,1,2,1,70,23,1,16,48,3,,2,30,3,,1,2,1,,,,,,,,,,,1,2,,400000,2,,97,54,54,1,2,01,9700,23,187.83787097
5362824,1,2,1,70,23,1,16,40,1,,2,16,9,ESTABA CONTRATADO POR UN ASALARIADO,1,2,1,,,,,,,,,,,1,2,,908526,2,,88,11,34,1,2,01,8890,23,178.09654355
5362825,1,3,1,70,23,1,8,48,1,,2,104,1,,9,2,1,,,,,,,,,,,1,2,,908526,2,,47,45,45,1,1,01,4771,23,197.52882239
5362827,1,2,1,70,23,1,12,48,1,,1,,,,,,,,.,,,,,,,,.,,,,908526,,,,13,,1,1,01,.,23,142.74968859
5362831,1,2,1,70,23,1,28,20,1,,2,36,1,,9,2,1,,,,,,,,,,,1,2,,700000,2,,85,53,36,1,2,01,8530,23,187.83787097
5362839,1,1,1,70,23,1,5,25,3,,2,12,3,,1,2,1,,,,,,,,,,,1,2,,300000,2,,97,54,54,1,1,01,9700,23,174.93061123
5362843,1,1,1,70,23,1,8,48,5,,2,8,5,,3,2,1,,,,,,,,,,,1,2,,908526,2,,41,95,95,1,1,01,4111,23,183.71036437
5362848,1,2,1,70,23,1,8,48,1,,2,8,1,,9,2,8,,,,,,,,,,,1,2,,1200000,2,,41,02,02,1,1,01,4112,23,182.03427272
5362848,1,4,1,70,23,1,48,48,1,,2,48,1,,9,2,1,,,,,,,,,,,1,2,,908526,2,,47,58,58,1,2,01,4719,23,182.03427272
5362848,1,5,1,70,23,1,48,48,1,,2,40,1,,6,2,1,,,,,,,,,,,1,2,,908526,2,,47,32,32,1,2,01,4741,23,182.03427272
5362850,1,2,1,70,23,1,36,48,1,,2,48,1,,9,2,1,,,,,,,,,,,1,2,,1000000,2,,64,12,33,1,2,01,6412,23,163.61834647
5362852,1,2,1,70,23,1,8,48,1,,2,12,1,,3,2,1,,,,,,,,,,,1,2,,900000,2,,53,37,37,1,1,01,5320,23,187.385691
5362853,1,3,1,70,23,1,43,40,2,,2,54,1,,6,2,1,,,,,,,,,,,1,2,,1500000,2,,46,13,45,1,2,01,4631,23,146.3468507
5362861,1,2,1,70,23,1,8,48,1,,2,8,1,,9,2,1,,,,,,,,,,,1,2,,1000000,2,,88,53,53,1,1,01,8890,23,185.77083627
5362865,1,1,1,70,23,1,4,48,3,,2,4,1,,9,2,1,,,,,,,,,,,1,2,,908526,2,,88,54,54,1,1,01,8890,23,187.83787097
5362866,1,4,1,70,23,1,8,48,4,,2,8,4,,1,2,1,,,,,,,,,,,1,2,,900000,2,,56,53,53,1,1,01,5619,23,168.16543871
5362875,1,1,1,70,23,1,12,45,1,,2,12,1,,3,2,1,,,,,,,,,,,1,2,,700000,2,,41,95,95,1,1,01,4111,23,170.75272865
5362880,1,1,1,70,23,1,8,48,1,,2,8,1,,9,2,2,,,,,,,,,,,1,2,,2500000,2,,85,21,13,1,1,01,8544,23,187.83787097
5362897,1,1,1,70,27,1,24,40,2,,2,24,2,,9,2,1,,,,1,,,,,,,,2,,3000000,1,2,84,32,32,1,2,01,8412,27,34.603350063
5362907,1,1,1,70,27,1,32,40,4,,2,32,4,,9,2,1,,,,,,,,,,,1,2,,1200000,2,,88,54,54,1,2,01,8890,27,34.603350063
5362909,1,4,1,70,27,1,16,48,1,,2,20,4,,2,2,1,,,,,,,,,,,1,2,,1700000,2,,41,58,95,1,2,01,4112,27,190.31842535
5362911,1,1,1,70,27,1,8,40,2,,2,8,2,,9,2,1,,,,,,,,,,,1,2,,1600000,2,,85,13,13,1,1,01,8530,27,34.603350063
5362915,1,1,1,70,27,1,104,40,1,,2,30,4,,3,2,1,,,,,,,,,,,1,2,,1500000,2,,41,13,95,1,2,01,4112,27,34.603350063
5362916,1,1,1,70,27,1,4,40,1,,2,4,4,,2,2,1,,,,,,,,,,,1,2,,908526,2,,56,33,45,1,1,01,5619,27,34.603350063
5362920,1,3,1,70,27,1,6,40,4,,1,,,,,,,,.,,,,,,,,.,,,,2000000,,,,02,,1,1,01,.,27,123.51798356
5362922,1,1,1,70,27,1,62,48,2,,2,52,2,,9,2,2,,,,,,,,,,,1,2,,3000000,2,,84,12,12,1,2,01,8412,27,42.84664352
5362923,1,2,1,70,27,1,104,48,1,,2,104,4,,9,2,1,,,,,,,,,,,1,2,,3000000,2,,84,02,02,1,2,01,8413,27,72.165287967
5362925,1,3,1,70,27,1,52,40,1,,1,,,,,,,,.,,,,,,,,.,,,,800000,,,,59,,1,2,01,.,27,34.603350063
5362935,1,1,1,70,27,1,8,40,2,,2,52,2,,9,2,1,,,,,,,,,,,1,2,,2000000,2,,85,13,13,1,1,01,8530,27,34.603350063
5362935,1,2,1,70,27,1,4,48,1,,2,150,1,,4,2,1,,,,,,,,,,,1,2,,915000,2,,56,33,53,1,1,01,5611,27,34.603350063
5362938,1,4,1,70,27,1,4,40,1,,2,6,4,,9,2,1,,,,,,,,,,,1,2,,980657,2,,84,33,39,1,1,01,8412,27,34.603350063
5362939,1,1,1,70,27,1,4,48,1,,2,5,1,,8,2,1,,,,,,,,,,,1,2,,1100000,2,,94,39,39,1,1,01,9499,27,190.31842535
5362957,1,1,1,70,41,1,4,48,1,,1,,,,,,,,.,,,,,,,,.,,,,3000000,,,,21,,1,1,01,.,41,181.5109826
5362958,1,2,1,70,41,1,52,48,1,,1,,,,,,,,.,,,,,,,,.,,,,908500,,,,97,,1,2,01,.,41,113.38793428
5362971,1,2,1,70,41,1,10,45,1,,2,15,1,,4,2,8,,,,,,,,,,,1,2,,1000000,2,,47,45,45,1,1,01,4729,41,144.85819833
5362979,1,2,1,70,41,1,15,45,1,,2,15,5,,4,2,8,,,,,,,,,,,1,2,,2000000,2,,47,45,41,1,2,01,4724,41,200.41870034
5362984,1,1,1,70,41,1,28,48,1,,2,28,1,,9,2,4,,,,,,,,,,,1,2,,3000000,2,,74,19,05,1,2,01,7490,41,232.98928245
5362984,1,2,1,70,41,1,12,48,1,,2,12,1,,5,2,4,,,,,,,,,,,1,2,,1300000,2,,85,13,13,1,1,01,8530,41,232.98928245
5362984,1,3,1,70,41,1,9,48,1,,2,9,1,,8,2,7,,,,,,,,,,,1,2,,1200000,2,,42,03,03,1,1,01,4210,41,232.98928245
5362985,1,1,1,70,41,1,52,60,1,,2,126,1,,9,2,1,,,,1,,,,,,,,2,,1600000,1,2,42,03,03,1,2,01,4210,41,108.70253035
5362998,1,1,1,70,41,1,44,48,1,,2,44,1,,9,2,4,,,,,,,,,,,1,2,,908500,2,,49,98,98,1,2,01,4923,41,102.58665882
5362998,1,3,1,70,41,1,4,48,1,,2,4,1,,9,2,8,,,,,,,,,,,1,2,,908500,2,,47,45,45,1,1,01,4719,41,102.58665882
5363019,1,1,1,70,41,1,56,50,1,,2,58,3,,1,2,1,,,,,,,,,,,1,2,,800000,2,,97,33,55,1,2,01,9700,41,133.60681734
5363020,1,1,1,70,41,1,50,40,4,,2,50,4,,1,2,1,,,,,,,,,,,1,2,,900000,2,,81,55,55,1,2,01,8121,41,203.88027099
5363023,1,1,1,70,41,1,20,45,4,,2,25,4,,1,2,1,,,,,,,,,,,1,2,,1000000,2,,81,55,55,1,2,01,8121,41,187.48063664
5363030,1,3,1,70,41,1,50,40,1,,2,50,1,,9,2,1,,,,,,,,,,,1,2,,1000000,1,2,09,02,02,1,2,01,0910,41,104.82695068
5363035,1,3,1,70,41,1,50,40,2,,2,50,4,,1,2,2,,,,,,,,,,,1,2,,1800000,2,,69,12,12,1,2,01,6910,41,99.053906809
5363035,1,4,1,70,41,1,50,40,1,,2,50,1,,9,2,2,,,,,,,,,,,1,2,,1500000,2,,42,02,21,1,2,01,4210,41,99.053906809
5363039,1,4,1,70,41,1,8,24,1,,2,5,1,,4,2,2,,,,,,,,,,,1,2,,908000,2,,84,17,17,1,1,01,8413,41,143.17057665
5363048,1,2,1,70,41,1,2,40,1,,2,2,1,,9,2,1,,,,,,,,,,,1,1,636000,908000,2,,03,97,97,1,1,01,0311,41,216.96261101
5363048,1,3,1,70,41,1,8,48,1,,1,,,,,,,,.,,,,,,,,.,,,,908000,,,,53,,1,1,01,.,41,216.96261101
5363055,1,1,1,70,41,1,24,48,1,,2,24,1,,8,2,1,,,,,,,,,,,1,2,,1500000,2,,06,35,35,1,2,01,0610,41,135.15724093
5363055,1,3,1,70,41,1,24,48,1,,2,18,3,,1,2,7,,,,,,,,,,,1,2,,1200000,2,,97,59,59,1,2,01,9700,41,135.15724093
5363057,1,2,1,70,41,1,50,40,1,,2,50,4,,1,2,1,,,,,,,,,,,1,2,,1200000,2,,56,03,53,1,2,01,5611,41,200.41870034
5363058,1,4,1,70,41,1,50,40,1,,1,,,,,,,,.,,,,,,,,.,,,,900000,,,,33,,1,2,01,.,41,177.28450412
5363060,1,4,1,70,41,1,15,45,1,,1,,,,,,,,.,,,,,,,,.,,,,1000000,,,,45,,1,2,01,.,41,134.51648649
5363064,1,1,1,70,41,1,4,48,1,,2,4,1,,8,2,1,,,,,,,,,,,1,1,400000,950000,2,,46,33,97,1,1,01,4631,41,117.56357945
5363065,1,2,1,70,41,1,7,40,4,,1,,,,,,,,.,,,,,,,,.,,,,900000,,,,55,,1,1,01,.,41,194.80088407
5363067,1,5,1,70,41,1,13,50,1,,1,,,,,,,,.,,,,,,,,.,,,,900000,,,,95,,1,1,01,.,41,159.07373288
5363069,1,1,1,70,41,1,10,45,1,,2,12,1,,3,2,1,,,,,,,,,,,1,2,,1000000,2,,41,95,95,1,1,01,4111,41,173.29751494
5363069,1,2,1,70,41,1,5,45,1,,2,6,1,,9,2,1,,,,,1,,,,,,,2,,1000000,2,,15,80,80,1,1,01,1522,41,173.29751494
5363070,1,1,1,70,41,1,50,40,4,,2,50,4,,1,2,1,,,,,,,,,,,1,2,,900000,2,,81,55,55,1,2,01,8121,41,82.803913187
5363075,1,2,1,70,41,1,10,50,1,,2,15,4,,1,2,3,,,,,,,,,,,1,2,,1000000,2,,81,62,62,1,1,01,8130,41,130.50224566
5363077,1,2,1,70,41,1,32,50,1,,2,33,1,,3,2,1,,,,,,,,,,,1,2,,920000,2,,47,45,45,1,2,01,4771,41,411.39053218
5363078,1,2,1,70,41,1,5,45,1,,2,15,1,,6,2,3,,,,,1,,,,,,,2,,2000000,2,,58,15,15,1,1,01,5813,41,268.31897504
5363081,1,2,1,70,41,1,2,45,1,,2,3,1,,9,2,8,,,,,,,,,,,1,2,,1200000,2,,80,58,58,1,1,01,8010,41,323.61068331
5363082,1,2,1,70,41,1,4,45,1,,2,10,1,,9,2,1,,,,,,,,,,,1,2,,1200000,2,,41,95,95,1,1,01,4111,41,373.5750967
5363083,1,1,1,70,41,1,12,40,1,,2,12,1,,9,2,1,,,,,,,,,,,1,2,,900000,2,,49,33,33,1,1,01,4922,41,319.66956501
5363087,1,3,1,70,41,1,18,45,1,,2,20,1,,4,2,1,,,,,,,,,,,1,2,,1200000,2,,47,45,45,1,2,01,4771,41,444.18980087
5363092,1,3,1,70,41,1,16,48,1,,2,52,1,,2,2,1,,,,,,,,,,,1,2,,908000,2,,47,39,45,1,2,01,4711,41,191.99135559
5363096,1,1,1,70,41,1,9,48,1,,2,9,4,,9,2,4,,,,,,,,,,,1,2,,1500000,2,,85,13,13,1,1,01,8544,41,159.83478251
5363098,1,1,1,70,41,1,44,48,4,,2,44,4,,1,2,1,,,,,,,,,,,1,2,,908500,2,,81,55,55,1,2,01,8121,41,239.89552085
5363099,1,4,1,70,41,1,4,48,4,,2,4,4,,1,2,8,,,,,,,,,,,1,2,,908500,2,,43,85,85,1,1,01,4322,41,242.77656714
5363102,1,1,1,70,41,1,4,48,1,,2,28,4,,1,2,1,,,,,,,,,,,1,2,,908000,2,,47,45,45,1,1,01,4792,41,176.92750514
5363121,1,4,1,70,44,1,4,40,3,,2,4,4,,1,2,4,,,,,,,,,,,1,1,80000,800000,2,,96,54,57,1,1,01,9609,44,128.2483066
5363125,1,5,1,70,44,1,24,48,1,,2,104,4,,2,2,1,,,,,,,,,,,1,2,,900000,2,,47,39,39,1,2,01,4721,44,162.88177689
5363130,1,1,1,70,44,1,52,40,1,,2,24,4,,1,2,1,,,,,,,,,,,1,2,,1000000,2,,47,39,41,1,2,01,4771,44,275.03465176
5363131,1,2,1,70,44,1,20,48,1,,2,52,1,,7,2,1,,,,,,,,,,,1,2,,2000000,2,,52,19,19,1,2,01,5210,44,239.20971074
5363137,1,2,1,70,44,1,2,48,1,,2,36,2,,9,2,7,,,,,,,,,,,1,2,,1500000,2,,84,58,58,1,1,01,8423,44,178.83475609
5363138,1,2,1,70,44,1,4,48,1,,2,4,1,,8,2,1,,,1,,,,,,,,,1,908526,1000000,1,1,35,03,03,1,1,01,3514,44,59.639876965
5363138,1,3,1,70,44,1,2,40,1,,2,2,1,,5,2,1,,,1,,,,,,,,,1,1200000,1200000,1,1,86,05,05,1,1,01,8621,44,59.639876965
5363141,1,2,1,70,44,1,40,40,4,,2,40,4,,3,2,2,,,,,,,,,,,1,2,,908526,2,,56,53,53,1,2,01,5619,44,119.9078882
5363142,1,1,1,70,44,1,1,48,4,,2,12,4,,9,2,1,,,,,,,,,,,1,2,,900000,2,,85,13,53,1,1,01,8530,44,122.18831437
5363154,1,2,1,70,44,1,20,40,3,,2,98,3,,1,2,4,,,,,,,,,,,1,2,,600000,2,,97,54,54,1,2,01,9700,44,138.77477859
5363155,1,1,1,70,44,1,4,48,4,,2,6,4,,2,2,1,,,,,,,,,,,1,1,600000,600000,2,,47,41,45,1,1,01,4789,44,117.72878573
5363160,1,1,1,70,44,1,4,20,4,,2,8,4,,3,2,1,,,,,,,,,,,1,2,,400000,2,,13,75,75,1,1,01,1399,44,142.46510247
5363165,1,2,1,70,47,1,56,48,1,,2,56,1,,5,2,1,,,,,,,,,,,1,2,,877803,2,,55,54,54,1,2,01,5511,47,144.22672168
5363174,1,3,1,70,47,1,2,56,1,,2,28,1,,5,2,7,,,,,,,,,,,1,2,,908526,2,,92,45,59,1,1,01,9200,47,164.67131162
5363174,1,4,1,70,47,1,28,60,1,,2,36,1,,6,2,1,,,,,,,,,,,1,2,,908526,2,,55,53,53,1,2,01,5511,47,164.67131162
5363183,1,3,1,70,47,1,30,48,1,,2,30,1,,3,2,1,,,,,,,,,,,1,2,,900000,2,,56,45,45,1,2,01,5619,47,106.80960305
5363184,1,3,1,70,47,1,40,56,1,,2,44,1,,3,2,1,,,,,,,,,,,1,2,,908526,2,,25,53,32,1,2,01,2511,47,186.35535754
5363187,1,1,1,70,47,1,12,48,1,,2,8,1,,4,2,1,,,,,,,,,,,1,2,,700000,2,,85,13,13,1,1,01,8530,47,321.24561922
5363194,1,3,1,70,47,1,5,48,1,,2,5,4,,1,2,2,,,,,,,,,,,1,2,,400000,2,,69,33,33,1,1,01,6920,47,135.94287156
5363198,1,1,1,70,47,1,40,60,1,,2,40,1,,9,2,1,,,,,,,,,,,1,2,,908526,2,,49,45,32,1,2,01,4921,47,186.12891351
5363199,1,3,1,70,47,1,52,48,1,,2,104,1,,9,2,1,,,,,,,,,,,1,2,,906000,2,,61,33,44,1,2,01,6120,47,92.196177217
5363209,1,2,1,70,47,1,16,48,1,,2,5,3,,1,2,1,,,,,,,,,,,1,2,,400000,2,,97,77,54,1,2,01,9700,47,189.09846728
5363218,1,1,1,70,47,1,44,48,4,,2,44,4,,1,2,1,,,,,,,,,,,1,2,,908516,2,,56,95,45,1,2,01,5619,47,167.55410114
5363225,1,3,1,70,54,1,12,48,1,,2,52,4,,1,2,1,,,,,,,,,,,1,2,,1200000,2,,56,02,53,1,1,01,5611,54,357.88151103
5363226,1,1,1,70,54,1,52,48,1,,2,52,1,,6,2,2,,,,,,,,,,,1,2,,1500000,2,,46,37,37,1,2,01,4631,54,281.91800225
5363232,1,2,1,70,54,1,6,48,4,,2,6,4,,1,2,7,,,,,,,,,,,1,2,,1000000,2,,41,95,95,1,1,01,4111,54,366.62639074
5363233,1,4,1,70,54,1,52,48,1,,1,,,,,,,,.,,,,,,,,.,,,,900000,,,,39,,1,2,01,.,54,355.59697701
5363234,1,1,1,70,54,1,15,48,4,,2,12,4,,1,2,8,,,,,,,,,,,1,2,,800000,2,,47,41,41,1,2,01,4773,54,423.00132842
5363234,1,3,1,70,54,1,2,48,1,,2,12,1,,6,2,8,,,,,,,,,,,1,2,,908526,2,,86,97,44,1,1,01,8621,54,423.00132842
5363244,1,2,1,70,54,1,32,48,1,,2,200,1,,9,2,2,,,,,,,,,,,1,2,,1500000,2,,01,11,11,1,2,01,0145,54,253.8325224
5363248,1,2,1,70,54,1,4,48,4,,1,,,,,,,,.,,,,,,,,.,,,,200000,,,,45,,1,1,01,.,54,671.25591698
5363248,1,4,1,70,54,1,4,48,3,,2,5,4,,1,2,1,,,,,,,,,,,1,2,,908000,2,,47,54,45,1,1,01,4771,54,671.25591698
5363252,1,2,1,70,54,1,2,48,4,,2,3,4,,1,2,8,,,,,,,,,,,1,1,50000,900000,2,,81,53,55,1,1,01,8121,54,586.02204963
5363254,1,2,1,70,54,1,12,60,1,,2,36,2,,9,2,1,,,,,,,,,,,1,2,,980000,2,,84,58,58,1,1,01,8422,54,353.47824086
5363254,1,3,1,70,54,1,8,48,1,,2,96,4,,1,2,4,,,,,,,,,,,1,2,,980000,2,,15,39,39,1,1,01,1511,54,353.47824086
5363254,2,1,2,70,54,1,12,25,4,,2,36,3,,1,2,1,,,,,,,,,,,1,2,,980000,2,,97,56,54,1,1,01,9700,54,353.47824086
5363267,1,2,1,70,54,1,3,24,4,,2,12,4,,1,2,1,,,,,,,,,,,1,2,,500000,2,,47,75,45,1,1,01,4789,54,419.96569042
5363272,1,1,1,70,54,1,24,48,3,,2,16,4,,1,2,1,,,,,,,,,,,1,2,,700000,2,,47,54,41,1,2,01,4721,54,293.01102481
5363272,1,2,1,70,54,1,16,60,1,,2,16,1,,6,2,1,,,,,,,,,,,1,2,,900000,2,,05,95,71,1,2,01,0510,54,293.01102481
5363275,1,1,1,70,54,1,52,48,1,,1,,,,,,,,.,,,,,,,,.,,,,908526,,,,39,,1,2,01,.,54,390.20704202
5363276,1,2,1,70,54,1,12,24,1,,2,16,4,,9,2,8,,,,,,,,,,,1,2,,600000,2,,85,53,13,1,1,01,8513,54,419.4757464
5363278,1,2,1,70,54,1,52,48,4,,2,52,4,,1,2,1,,,,,,,,,,,1,2,,800000,2,,41,95,95,1,2,01,4112,54,363.65436157
5363283,1,2,1,70,54,1,4,48,1,,2,56,1,,9,2,1,,,,,,,,,,,1,2,,908526,2,,88,13,13,1,1,01,8890,54,419.4757464
5363288,1,2,1,70,54,1,48,48,4,,2,48,4,,9,2,1,,,,,,,,,,,1,2,,2500000,2,,84,19,19,1,2,01,8412,54,264.92554497
5363288,1,4,1,70,54,1,4,48,4,,2,36,4,,1,2,1,,,,,,,,,,,1,2,,980000,2,,93,95,21,1,1,01,9329,54,264.92554497
5363290,1,1,1,70,54,1,3,48,4,,2,3,4,,1,2,1,,,,,,,,,,,1,1,300000,908526,2,,43,85,85,1,1,01,4321,54,392.55518488
5363293,1,3,1,70,54,1,24,48,1,,2,24,1,,9,2,1,,,,,,,,,,,1,2,,908000,2,,64,39,39,1,2,01,6412,54,324.33612065
5363294,1,2,1,70,54,1,8,48,1,,2,9,1,,7,2,4,,,,,,,,,,,1,2,,980000,2,,46,45,45,1,1,01,4631,54,303.49268191
5363304,1,1,1,70,54,1,32,48,3,,2,32,4,,1,2,1,,,,,,,,,,,1,2,,980000,2,,56,54,53,1,2,01,5619,54,358.69169177
5363304,1,4,1,70,54,1,4,48,4,,2,48,1,,8,2,1,,,,,,,,,,,1,2,,980000,2,,85,45,13,1,1,01,8530,54,358.69169177
5363307,1,1,1,70,63,1,40,48,4,,2,40,5,,4,2,2,,,,,,,,,,,1,2,,877803,2,,56,39,39,1,2,01,5621,63,99.312318544
5363317,1,5,1,70,63,1,28,24,1,,2,28,4,,1,2,1,,,,,,,,,,,1,2,,300000,2,,56,97,45,1,2,01,5619,63,199.57678181
5363326,1,2,1,70,63,1,8,48,1,,2,24,1,,4,2,2,,,,,,,,,,,1,2,,908000,2,,68,55,55,1,1,01,6820,63,160.40394286
5363326,1,4,1,70,63,1,4,48,2,,1,,,,,,,,.,,,,,,,,.,,,,908000,,,,03,,1,1,01,.,63,160.40394286
5363343,1,2,1,70,63,1,2,48,1,,2,4,4,,9,2,1,,,,1,,,,,,,,2,,1500000,1,1,84,11,11,1,1,01,8412,63,74.445258756
5363349,1,1,1,70,63,1,3,40,8,,2,144,4,,1,2,2,,,,,,,,,,,1,2,,900000,2,,47,62,41,1,1,01,4741,63,136.87120102
5363351,1,3,1,70,63,1,4,48,2,,2,5,4,,1,2,4,,,,,,,,,,,1,2,,900000,2,,47,18,41,1,1,01,4711,63,121.20921514
5363360,1,3,1,70,63,1,40,48,1,,2,24,4,,1,2,1,,,,,,,,,,,1,2,,1500000,2,,85,13,13,1,2,01,8559,63,87.29300205
5363366,1,1,1,70,63,1,8,48,1,,2,16,4,,1,2,1,,,,,,,,,,,1,2,,908000,2,,43,87,87,1,1,01,4322,63,167.7565208
5363377,1,2,1,70,63,1,28,48,4,,2,2,4,,1,2,1,,,,,,,,,,,1,2,,908000,2,,56,53,53,1,2,01,5611,63,74.445258756
5363379,1,3,1,70,63,1,4,48,4,,2,30,4,,1,2,8,,,,,,,,,,,1,2,,600000,2,,56,53,53,1,1,01,5630,63,210.33454865
5363384,1,1,1,70,63,1,36,40,4,,2,38,4,,1,2,1,,,,,,,,,,,1,2,,908526,2,,81,55,55,1,2,01,8121,63,172.19808006
5363384,1,2,1,70,63,1,15,44,1,,2,60,4,,1,2,1,,,,,,,,,,,1,2,,908526,2,,56,45,53,1,2,01,5611,63,172.19808006
5363384,1,4,1,70,63,1,8,52,1,,2,99,4,,1,2,8,,,,,,,,,,,1,2,,850000,2,,41,95,95,1,1,01,4111,63,172.19808006
5363406,1,1,1,70,66,1,2,48,3,,2,40,3,,1,2,1,,,,,,,,,,,1,2,,877803,2,,97,54,54,1,1,01,9700,66,288.28630546
5363407,1,2,1,70,66,1,8,48,4,,2,8,4,,1,2,2,,,,,,,,1,,,,2,,1000000,2,,49,98,98,1,1,01,4923,66,330.80184983
5363412,1,5,1,70,66,1,8,48,4,,2,8,1,,7,2,4,,,,,,,,,,,1,2,,877803,2,,41,95,95,1,1,01,4111,66,478.97399135
5363417,1,4,1,70,66,1,4,48,1,,2,5,1,,2,2,1,,,,,,,,,,,1,2,,800000,2,,43,93,93,1,1,01,4330,66,281.64050575
5363418,1,5,1,70,66,1,11,48,1,,2,11,1,,9,2,4,,,,,,,,,,,1,2,,877803,2,,49,95,37,1,1,01,4923,66,423.01475505
5363421,1,3,1,70,66,1,4,48,1,,2,4,1,,9,2,7,,,,,,,,,,,1,1,877803,877803,2,,30,19,83,1,1,01,3091,66,288.83684599
5363429,1,2,1,70,66,1,40,48,1,,2,40,1,,9,2,7,,,,,,,,,,,1,2,,877803,2,,51,38,38,1,2,01,5111,66,311.46492732
5363431,1,4,1,70,66,1,8,48,1,,1,,,,,,,,.,,,,,,,,.,,,,877803,,,,85,,1,1,01,.,66,375.58622927
5363435,1,1,1,70,66,1,3,48,4,,2,3,4,,1,2,1,,,,,,,,,,,1,1,500000,877803,2,,41,95,95,1,1,01,4111,66,250.69935243
5363447,1,1,1,70,68,1,16,48,1,,2,10,4,,1,2,1,,,,,,,,,,,1,2,,1000000,2,,53,98,37,1,2,01,5320,68,601.27110012
5363449,1,3,1,70,68,1,12,48,1,,2,104,1,,3,2,1,,,,,,,,,,,1,2,,1000000,2,,56,13,53,1,1,01,5611,68,624.07763765
5363450,1,5,1,70,68,1,4,48,1,,2,48,1,,2,2,1,,,,,,,,,,,1,2,,980000,2,,56,45,45,1,1,01,5613,68,1090.8806138
5363474,1,1,1,70,68,1,24,50,4,,2,24,4,,1,2,1,,,,,,,,,,,1,2,,900000,2,,96,57,57,1,2,01,9602,68,1367.7968927
5363475,1,1,1,70,68,1,56,48,1,,2,56,2,,9,2,1,,,1,,,,,,,,,2,,3000000,1,1,88,02,39,1,2,01,8890,68,694.01416875
5363497,1,3,1,70,70,1,52,48,4,,2,99,4,,9,2,1,,,,,,,,,,,1,2,,1000000,2,,85,13,13,1,2,01,8544,70,98.708379937
5363506,1,6,1,70,70,1,4,24,3,,2,99,3,,1,2,1,,,,,,,,,,,1,2,,500000,2,,97,54,54,1,1,01,9700,70,237.19322356
5363507,1,1,1,70,70,1,8,40,3,,2,28,3,,1,2,1,,,,,,,,,,,1,2,,300000,2,,97,54,54,1,1,01,9700,70,289.22695349
5363508,1,1,1,70,70,1,2,48,1,,1,,,,,,,,.,,,,,,,,.,,,,908526,,,,44,,1,1,01,.,70,129.2152311
5363523,1,3,1,70,70,1,40,48,1,,2,60,1,,2,2,1,,,,,,,,,,,1,2,,908526,2,,56,44,50,1,2,01,5630,70,98.708379937
5363526,1,2,1,70,70,1,18,48,1,,2,20,1,,9,2,7,,,,,,,,,,,1,2,,1500000,2,,64,33,11,1,2,01,6412,70,109.26301502
5363529,1,4,1,70,70,1,20,45,5,,2,21,8,,5,2,1,,,,,,,,,,,1,2,,1000000,2,,01,62,62,1,2,01,0141,70,223.42758294
5363530,1,2,1,70,70,1,20,40,1,,2,24,1,,7,2,1,,,,,,,,,,,1,2,,908526,2,,47,45,33,1,2,01,4772,70,97.715392442
5363540,1,6,1,70,70,1,5,48,1,,1,,,,,,,,.,,,,,,,,.,,,,908526,,,,45,,1,1,01,.,70,192.85344637
5363545,1,2,1,70,70,1,2,46,4,,2,4,4,,1,2,1,,,,,,,,,,,1,2,,300000,2,,90,17,17,1,1,01,9008,70,130.97482782
5363545,1,3,1,70,70,1,3,40,1,,2,18,1,,3,2,1,,,,,,,,,,,1,2,,400000,2,,86,59,59,1,1,01,8621,70,130.97482782
5363545,1,5,1,70,70,1,2,48,1,,1,,,,,,,,.,,,,,,,,.,,,,908526,,,,45,,1,1,01,.,70,130.97482782
5363546,1,2,1,70,70,1,6,40,1,,2,5,4,,1,2,1,,,,,,,,,,,1,2,,600000,2,,56,53,77,1,1,01,5619,70,130.22463286
5363547,1,1,1,70,70,1,4,48,2,,2,5,2,,9,2,3,,,,,1,,,,,,,1,2500000,2200000,2,,84,19,19,1,1,01,8413,70,249.07902972
5363547,1,2,1,70,70,1,35,48,2,,2,40,2,,9,2,2,,,,,,,,,,,1,2,,2000000,2,,84,39,39,1,2,01,8413,70,249.07902972
5363549,1,2,1,70,70,1,40,48,4,,2,40,4,,2,2,1,,,,,,,,,,,1,2,,600000,2,,41,95,95,1,2,01,4112,70,229.25697909
5363549,1,3,1,70,70,1,4,48,1,,2,4,1,,9,2,1,,,,,,,,,,,1,2,,908526,2,,47,45,45,1,1,01,4772,70,229.25697909
5363550,1,2,1,70,70,1,18,40,1,,2,21,4,,2,2,1,,,,,,,,,,,1,2,,908526,2,,41,58,95,1,2,01,4111,70,130.58774948
5363559,1,2,1,70,70,1,2,46,3,,2,48,4,,2,2,1,,,,,,,,,,,1,2,,300000,2,,56,54,53,1,1,01,5611,70,116.82610109
5363567,1,3,1,70,70,1,2,48,1,,2,40,1,,4,2,1,,,,,,,,,,,1,2,,850000,2,,10,33,33,1,1,01,1089,70,104.75661456
5363568,1,2,1,70,70,1,3,40,1,,2,4,1,,6,2,1,,,,,,,,,,,1,1,600000,908526,2,,47,45,45,1,1,01,4772,70,145.98599513
5363568,1,3,1,70,70,1,8,40,2,,1,,,,,,,,.,,,,,,,,.,,,,700000,,,,58,,1,1,01,.,70,145.98599513
5363577,1,2,1,70,70,1,10,45,4,,2,13,4,,9,2,1,,,,1,,,,,,,,2,,1200000,2,,85,13,13,1,1,01,8551,70,110.83323499
5363584,1,2,1,70,70,1,2,48,3,,2,32,4,,3,2,1,,,,,,,,,,,1,2,,200000,2,,56,54,53,1,1,01,5630,70,130.22463286
5363585,1,1,1,70,70,1,3,48,1,,2,28,1,,5,2,1,,,,,,,,,,,1,2,,850000,2,,45,58,58,1,1,01,4520,70,146.3852128
5363585,1,14,1,70,70,1,4,48,1,,2,8,1,,4,2,4,,,,,,,,,,,1,2,,800000,2,,56,53,53,1,1,01,5611,70,146.3852128
5363588,1,1,1,70,70,1,4,48,1,,2,6,1,,9,2,1,,,,,,,,,,,1,2,,908526,2,,92,59,45,1,1,01,9200,70,127.66248297
5363590,1,3,1,70,70,1,8,48,1,,2,9,1,,3,2,1,,,,,,,,,,,1,2,,908526,2,,56,55,53,1,1,01,5611,70,166.88362873
5363590,1,4,1,70,70,1,3,48,1,,2,52,4,,1,2,1,,,,,,,,,,,1,2,,500000,2,,81,55,55,1,1,01,8121,70,166.88362873
5363591,1,1,1,70,70,1,2,48,1,,2,8,4,,1,2,1,,,,,,,,,,,1,2,,500000,2,,47,45,45,1,1,01,4781,70,96.302302277
5363591,1,4,1,70,70,1,3,48,4,,2,52,1,,3,2,1,,,,,,,,,,,1,2,,400000,2,,56,53,53,1,1,01,5611,70,96.302302277
5363592,1,4,1,70,70,1,18,48,1,,2,27,1,,2,2,1,,,,,,,,,,,1,2,,908526,2,,93,53,58,1,2,01,9329,70,159.73122926
5363595,1,3,1,70,70,1,3,48,4,,2,6,4,,1,2,4,,,,,,,,,,,1,2,,300000,2,,47,95,45,1,1,01,4781,70,142.13537206
5363596,1,6,1,70,70,1,3,48,1,,2,75,1,,2,2,1,,,,,,,,,,,1,2,,500000,2,,47,45,45,1,1,01,4759,70,118.61302604
5363599,1,1,1,70,70,1,3,48,1,,2,28,1,,9,2,1,,,,,,,,,,,1,2,,850000,2,,35,03,37,1,1,01,3520,70,134.42195829
5363605,1,1,1,70,70,1,8,48,1,,2,8,1,,9,2,1,,,,,,,,,,,1,2,,908526,2,,88,39,39,1,1,01,8890,70,124.53951486
5363612,1,5,1,70,70,1,4,40,2,,2,6,4,,9,2,1,,,,,,,,,,,1,2,,1600000,2,,84,12,12,1,1,01,8412,70,60.437310916
5363619,1,2,1,70,73,1,10,48,1,,2,49,1,,9,2,4,,,,,,,,,,,1,2,,877803,2,,86,59,59,1,1,01,8621,73,243.7004053
5363624,1,1,1,70,73,1,4,48,1,,2,4,1,,6,2,1,,,,,,,,,,,1,2,,908526,2,,41,95,95,1,1,01,4111,73,302.96536459
5363625,1,2,1,70,73,1,4,48,1,,2,4,1,,2,2,1,,,,,,,,,,,1,1,900000,900000,2,,41,95,95,1,1,01,4111,73,227.0490709
5363628,1,2,1,70,73,1,2,48,1,,2,4,1,,4,2,4,,,,,,,,,,,1,2,,1500000,2,,45,21,32,1,1,01,4520,73,296.98243549
5363640,1,3,1,70,73,1,6,40,1,,2,6,1,,6,2,1,,,,,,,,,,,1,2,,800000,2,,14,79,79,1,1,01,1410,73,505.33016648
5363643,1,1,1,70,73,1,3,48,1,,2,3,1,,9,2,1,,,,,,,,,,,1,1,450000,900000,2,,47,33,33,1,1,01,4711,73,329.01461256
5363653,1,2,1,70,73,1,48,48,1,,2,48,1,,5,2,2,,,,,,,,,,,1,2,,1200000,2,,47,39,32,1,2,01,4759,73,225.90994857
5363653,1,3,1,70,73,1,8,48,1,,1,,,,,,,,.,,,,,,,,.,,,,900000,,,,45,,1,1,01,.,73,225.90994857
5363670,1,2,1,70,76,1,48,48,2,,2,52,2,,9,2,1,,,,,,,,,,,1,2,,1200000,2,,84,13,32,1,2,01,8412,76,908.29751105
5363670,1,3,1,70,76,1,24,48,1,,1,,,,,,,,.,,,,,,,,.,,,,1000000,,,,02,,1,2,01,.,76,908.29751105
5363672,1,3,1,70,76,1,30,48,1,,2,56,4,,1,2,1,,,,,,,,,,,1,2,,908526,2,,47,45,45,1,2,01,4781,76,662.47128563
5363672,1,4,1,70,76,1,2,50,1,,2,2,4,,1,2,1,,,,,1,,,,,,,1,400000,1200000,2,,56,59,45,1,1,01,5619,76,662.47128563
5363682,1,3,1,70,76,1,32,48,1,,2,12,1,,3,2,1,,,,,,,,,,,1,2,,1000000,2,,41,95,95,1,2,01,4111,76,1230.8530087
5363684,1,1,1,70,76,1,12,48,1,,2,16,1,,2,2,1,,,,,,,,,,,1,2,,900000,2,,41,95,95,1,1,01,4111,76,1346.4905285
5363684,1,4,1,70,76,1,4,48,1,,2,4,4,,4,2,1,,,,,,,,,,,1,2,,800000,2,,14,79,79,1,1,01,1410,76,1346.4905285
5363684,1,5,1,70,76,1,25,48,1,,2,5,1,,2,2,1,,,,,,,,,,,1,2,,900000,2,,41,58,95,1,2,01,4111,76,1346.4905285
5363690,1,3,1,70,76,1,8,48,4,,1,,,,,,,,.,,,,,,,,.,,,,1200000,,,,57,,1,1,01,.,76,1125.7195907
5363691,1,3,1,70,76,1,5,48,1,,2,2,4,,2,2,2,,,,,,,,,,,1,2,,908526,2,,14,79,79,1,1,01,1410,76,1230.8530087
5363695,1,2,1,70,76,1,11,72,1,,2,12,1,,3,2,1,,,,,,,,,,,1,2,,900000,2,,38,55,97,1,1,01,3830,76,1079.0357174
5363697,1,1,1,70,76,1,26,48,1,,2,4,1,,6,2,1,,,,,,,,,,,1,1,640000,908526,2,,41,58,55,1,2,01,4111,76,920.77385415
5363698,1,1,1,70,76,1,4,40,4,,2,4,1,,2,2,7,,,,,,,,,,,1,2,,1200000,2,,46,55,90,1,1,01,4665,76,1601.8209348
5363705,1,3,1,70,76,1,3,48,1,,2,6,4,,1,2,1,,,,,,,,,,,1,1,900000,908526,2,,95,37,03,1,1,01,9511,76,819.27426794
5363706,1,2,1,70,76,1,75,48,1,,2,75,1,,8,2,2,,,,,,,,,,,1,2,,1500000,2,,42,02,02,1,2,01,4210,76,1127.5729694
5363710,1,1,1,70,76,1,5,48,1,,2,5,1,,5,2,1,,,,,,,,,,,1,2,,900000,2,,47,45,45,1,1,01,4769,76,1049.0053752
5363710,1,6,1,70,76,1,2,48,1,,2,2,1,,2,2,1,,,,,,,,,,,1,2,,900000,2,,41,95,95,1,1,01,4111,76,1049.0053752
5363717,1,3,1,70,76,1,5,48,4,,2,5,4,,9,2,1,,,,,,,,,,,1,2,,1800000,2,,85,21,21,1,1,01,8544,76,960.46318313
5363730,1,3,1,70,76,1,28,48,1,,2,29,1,,2,2,1,,,,,,,,,,,1,2,,900000,2,,61,45,38,1,2,01,6190,76,1041.8395086
5363734,1,2,1,70,76,1,9,60,1,,2,10,1,,3,2,1,,,,,,,,,,,1,2,,800000,2,,41,95,95,1,1,01,4111,76,1070.7377667
5363734,1,3,1,70,76,1,4,48,1,,1,,,,,,,,.,,,,,,,,.,,,,908526,,,,45,,1,1,01,.,76,1070.7377667
5363737,1,5,1,70,76,1,2,48,1,,2,6,1,,2,2,2,,,,,,,,,,,1,2,,908526,2,,46,45,45,1,1,01,4659,76,927.86357927
5363746,1,2,1,70,76,1,36,48,1,,2,38,1,,3,2,1,,,,,,,,,,,1,2,,908526,2,,47,45,45,1,2,01,4771,76,673.26235649
5363747,1,2,1,70,76,1,5,48,1,,2,2,4,,2,2,7,,,,,,,,,,,1,1,160000,908526,2,,56,53,53,1,1,01,5619,76,948.64383403
5363749,1,1,1,70,76,1,24,48,1,,2,36,1,,3,2,1,,,,,,,,,1,YA ES PENSIONADO,,2,,910000,3,,16,95,95,1,2,01,1630,76,785.39031878
5363755,1,3,1,70,76,1,39,84,1,,2,39,4,,9,2,7,,,,,,,,,,,1,2,,908526,2,,86,97,38,1,2,01,8621,76,1084.0273694
5363756,1,2,1,70,76,1,5,48,1,,2,5,1,,6,2,1,,,,,,,,,,,1,2,,920000,2,,47,45,45,1,1,01,4741,76,1262.9565048
5363760,1,1,1,70,76,1,7,48,1,,2,7,1,,4,2,1,,,,,,,,,,,1,2,,900000,2,,14,79,79,1,1,01,1410,76,1628.0829884
5363760,1,2,1,70,76,1,5,40,1,,2,5,1,,3,2,1,,,,,,,,,,,1,2,,800000,2,,14,79,79,1,1,01,1410,76,1628.0829884
5363761,1,2,1,70,76,1,36,50,4,,2,32,1,,4,2,2,,,,,,,,,,,1,2,,908526,2,,10,54,97,1,2,01,1081,76,1230.8530087
5363775,1,1,1,70,76,1,14,45,1,,2,432,4,,5,2,1,,,,,,,,,,,1,2,,908526,2,,14,45,79,1,2,01,1410,76,2625.2581135
5363780,1,4,1,70,76,1,40,48,1,,2,40,1,,9,2,1,,,,,,,,,,,1,2,,908526,2,,21,45,45,1,2,01,2100,76,792.86912996
5363953,1,1,1,70,,1,4,40,3,,2,36,3,,2,2,1,,,,,,,,,,,1,2,,300000,2,,97,54,54,1,1,01,9700,23,3422.4636691
5363992,1,3,1,70,,1,48,40,1,,1,,,,,,,,.,,,,,,,,.,,,,1500000,,,,19,,1,2,01,.,52,976.04785859
5364044,1,1,1,70,,1,4,40,1,,2,24,1,,2,2,1,,,,,,,,,,,1,2,,877000,2,,47,45,45,1,1,01,4771,52,2180.0749317
5364094,1,1,1,70,,1,4,50,4,,2,4,1,,6,2,1,,,,,,,,,,,1,1,1950000,1900000,2,,88,19,19,1,1,01,8890,73,1495.3636652
5364095,1,2,1,70,,1,2,44,1,,2,2,5,,2,2,2,,,,,,,,,,,1,1,1000000,1000000,2,,56,45,53,1,1,01,5619,73,1495.3636652
5364096,1,3,1,70,,1,6,52,1,,2,6,1,,3,2,1,,,,,,,,,,,1,2,,877803,2,,47,58,97,1,1,01,4759,73,3140.4324678
5364099,1,2,1,70,,1,8,48,1,,2,2,4,,1,2,2,,,,,,,,,,,1,1,400000,1200000,2,,96,45,57,1,1,01,9602,73,5981.4546609
5364102,1,2,1,70,,1,104,48,1,,2,104,1,,7,2,1,,,,,,,,,,,1,2,,1000000,2,,41,95,95,1,2,01,4111,73,1495.3636652
5364102,1,3,1,70,,1,24,48,2,,2,24,2,,9,2,1,,,,,,,,,,,1,2,,900000,2,,86,59,59,1,2,01,8610,73,1495.3636652
5364103,1,2,1,70,,1,112,48,1,,2,24,4,,1,2,2,,,,,,,,,,,1,2,,908600,2,,56,53,53,1,2,01,5619,73,5694.2931411
5364106,1,2,1,70,,1,104,48,1,,2,208,1,,5,2,2,,,,,,,,,,,1,2,,900000,2,,85,45,13,1,2,01,8512,73,5694.2931411
5364108,1,2,1,70,,1,24,48,1,,2,58,4,,1,2,1,,,,,,,,,,,1,2,,900000,2,,56,62,77,1,2,01,5619,73,1495.3636652
5364108,1,3,1,70,,1,24,48,1,,2,56,4,,1,2,1,,,,,,,,,,,1,2,,950000,2,,47,45,45,1,2,01,4782,73,1495.3636652
5364109,1,2,1,70,,1,73,48,1,,2,73,4,,9,2,3,,,,,,,,,,,1,2,,900000,2,,84,19,12,1,2,01,8412,73,5597.1635253
5364136,1,1,1,70,,1,12,48,1,,2,12,3,,1,2,1,,,,,,,,,,,1,2,,450000,2,,97,53,54,1,1,01,9700,73,1495.3636652
5364141,1,4,1,70,,1,8,48,1,,2,112,2,,9,2,1,,,,,1,,,,,,,2,,1200000,3,,84,97,58,1,1,01,8424,73,1495.3636652
5364153,1,2,1,70,,1,24,48,1,,2,24,1,,3,2,1,,,,,,,,,,,1,2,,877300,2,,47,45,45,1,2,01,4771,73,1992.0670456
5364207,1,2,1,70,,1,4,48,1,,2,24,1,,9,2,8,,,,,,,,,,,1,2,,908200,2,,49,58,58,1,1,01,4921,73,2199.6803115
5364211,1,1,1,70,,1,2,49,1,,2,2,1,,3,2,1,,,,,,,,,,,1,1,550000,900000,2,,01,95,97,1,1,01,0130,73,3156.5896178
5364216,1,1,1,70,,1,2,50,8,,2,2,8,,5,2,1,,,,,,,,,,,1,1,600000,800000,2,,01,62,62,1,1,01,0129,73,1495.3636652
5364220,1,3,1,70,,1,18,40,1,,2,12,1,,9,2,1,,,,,,,,,,,1,2,,910000,2,,64,33,33,1,2,01,6412,73,1495.3636652
5364226,1,1,1,70,,1,3,48,1,,2,52,4,,1,2,7,,,,,,,,,,,1,2,,900000,2,,47,53,77,1,1,01,4721,73,1495.3636652
5364227,1,3,1,70,,1,24,48,1,,2,12,1,,3,2,1,,,,,,,,,,,1,2,,950000,2,,69,33,33,1,2,01,6920,73,1495.3636652
5364227,1,6,1,70,,1,24,48,1,,1,,,,,,,,.,,,,,,,,.,,,,1000000,,,,45,,1,2,01,.,73,1495.3636652
5364232,1,1,1,70,,1,8,48,1,,2,8,4,,1,2,1,,,,,,,,,,,1,2,,800000,2,,47,53,45,1,1,01,4789,73,1495.3636652
5364232,1,3,1,70,,1,4,52,3,,1,,,,,,,,.,,,,,,,,.,,,,650000,,,,54,,1,1,01,.,73,1495.3636652
5364267,1,2,1,70,,1,4,50,1,,2,3,1,,2,2,1,,,,,,,,,,,1,1,910000,900000,2,,41,95,95,1,1,01,4111,76,1336.5247406
5364267,1,3,1,70,,1,4,48,1,,2,8,1,,4,2,1,,,,,,,,,,,1,2,,880000,2,,10,45,45,1,1,01,1081,76,1336.5247406
5364269,1,3,1,70,,1,24,50,1,,2,5,1,,6,2,1,,,,,,,,,,,1,1,930000,950000,2,,56,58,53,1,2,01,5611,76,693.72320668
5364270,1,1,1,70,,1,1,35,4,,2,12,5,,2,2,1,,,,,,,,,,,1,2,,450000,2,,49,77,98,1,1,01,4921,76,1624.7709149
5364270,1,2,1,70,,1,1,28,4,,2,12,5,,2,2,1,,,,,,,,,,,1,2,,450000,2,,49,41,39,1,1,01,4921,76,1624.7709149
5364271,1,1,1,70,,1,23,50,1,,2,2,1,,2,2,1,,,,,,,,,,,1,1,200000,908526,2,,56,53,53,1,2,01,5619,76,693.72320668
5364280,1,1,1,70,,1,12,48,1,,2,8,1,,2,2,1,,,,,,,,,,,1,2,,930000,2,,41,98,95,1,1,01,4111,76,1335.4531466
5364283,1,3,1,70,05,1,120,48,1,,2,120,1,,9,2,1,,,,,,,,,,,1,2,,1100000,2,,45,37,03,1,2,01,4530,05,1325.6449853
5364291,1,2,1,70,05,1,20,48,4,,2,48,3,,1,2,2,,,,,,,,,,,1,2,,908526,2,,97,45,54,1,2,01,9700,05,1406.0948019
5364297,1,1,1,70,05,1,40,48,1,,2,40,1,,2,2,2,,,,,,,,,,,1,2,,908526,2,,86,55,03,1,2,01,8622,05,1025.696283
5364310,1,2,1,70,05,1,40,48,1,,2,40,1,,5,2,2,,,,,,,,,,,1,2,,1200000,2,,14,32,32,1,2,01,1410,05,1139.6169944
5364317,1,1,1,70,05,1,48,48,3,,2,3,1,,9,2,1,,,,,,,,,,,1,2,,908600,2,,84,55,55,1,2,01,8413,05,935.62126289
5364319,1,1,1,70,05,1,8,48,1,,2,4,1,,6,2,1,,,,,,,,,,,1,2,,908526,2,,15,80,80,1,1,01,1521,05,1583.3426593
5364322,1,3,1,70,05,1,8,48,1,,2,8,1,,3,2,2,,,,,,,,,,,1,2,,908600,2,,15,80,80,1,1,01,1521,05,960.23510965
5364323,1,3,1,70,05,1,24,48,1,,2,24,1,,3,2,7,,,,,,,,,,,1,2,,1600000,2,,56,38,33,1,2,01,5619,05,1179.5215151
5364327,1,2,1,70,05,1,40,48,1,,2,52,1,,3,2,3,,,,,,,,,,,1,2,,908500,2,,56,55,55,1,2,01,5611,05,1404.5164497
5364330,1,1,1,70,05,1,4,48,1,,2,4,1,,9,2,9,POR COBERTURA,,,,,,,,,,1,2,,908526,2,,10,77,77,1,1,01,1011,05,1420.543101
5364339,1,2,1,70,05,1,6,48,1,,2,7,1,,3,2,4,,,,,,,,,,,1,1,80000,908600,2,,31,45,81,1,1,01,3110,05,1253.8397365
5364343,1,1,1,70,05,1,54,48,1,,2,54,1,,6,2,4,,,,,,,,,,,1,2,,908526,2,,01,62,62,1,2,01,0161,05,1025.696283
5364343,1,3,1,70,05,1,12,48,1,,2,12,1,,8,2,2,,,,,,,,,,,1,2,,1200000,2,,86,59,59,1,1,01,8610,05,1025.696283
5364346,1,4,1,70,05,1,4,48,1,,2,12,1,,3,2,6,,,,,,,,,,,1,2,,1000000,2,,13,45,75,1,1,01,1312,05,1040.6849263
5364357,1,2,1,70,05,1,20,48,1,,2,24,1,,5,2,2,,,,,,,,,,,1,2,,1000000,2,,10,21,39,1,2,01,1081,05,1527.2942092
5364358,1,3,1,70,05,1,40,24,1,,2,52,4,,2,2,2,,,,,,,,,,,1,2,,700000,2,,90,38,16,1,2,01,9004,05,911.47354086
5364360,1,2,1,70,05,1,20,48,1,,2,30,1,,3,2,2,,,,,,,,,,,1,2,,900000,2,,47,45,45,1,2,01,4773,05,1411.9880835
5364367,1,2,1,70,05,1,52,48,1,,2,52,1,,9,2,1,,,,1,1,,,,,,,2,,2000000,1,1,37,01,01,1,2,01,3700,05,1007.4265117
5364367,1,3,1,70,05,1,52,48,1,,2,11,1,,8,2,2,,,,,,,,,,,1,2,,2200000,2,,93,19,19,1,2,01,9311,05,1007.4265117
5364367,1,4,1,70,05,1,48,48,1,,2,28,1,,7,2,2,,,,,,,,,,,1,2,,2000000,2,,93,18,18,1,2,01,9319,05,1007.4265117
5364371,1,1,1,70,05,1,30,48,1,,2,20,1,,7,2,2,,,,,,,,,,,1,1,3500000,1200000,2,,85,13,13,1,2,01,8530,05,1154.9076684
5364372,1,3,1,70,05,1,8,48,1,,2,8,1,,3,2,2,,,,,,,,,,,1,2,,1200000,2,,86,59,59,1,1,01,8622,05,1154.9076684
5364376,1,2,1,70,05,1,12,48,1,,2,12,1,,4,2,2,,,,,1,,,,,,,2,,877803,2,,85,55,55,1,1,01,8511,05,992.43786836
5364384,1,1,1,70,05,1,108,48,1,,2,156,5,,3,2,1,,,,,,,,,,,1,2,,1000000,2,,68,54,21,1,2,01,6820,05,1089.4464951
5364387,1,2,1,70,05,1,5,48,1,,1,,,,,,,,.,,,,,,,,.,,,,908526,,,,03,,1,1,01,.,05,1278.4535833
5364388,1,4,1,70,05,1,4,48,1,,2,4,4,,9,2,1,,,1,,,,,,,,,1,1600000,1200000,1,1,85,03,03,1,1,01,8544,05,1115.771303
5364389,1,1,1,70,05,1,24,48,1,,2,28,1,,7,2,1,,,,,,,,,,,1,2,,1500000,2,,47,21,21,1,2,01,4751,05,1367.760448
5364396,1,2,1,70,05,1,32,48,1,,2,32,1,,9,2,2,,,,,,,,,,,1,2,,1000000,2,,42,98,98,1,2,01,4210,05,1136.6378971
5364396,1,3,1,70,05,1,4,48,1,,2,4,1,,4,2,9,COBERTURA EMERGENCIA SANITARIA,,,,,,,,,,1,2,,1600000,2,,73,15,15,1,1,01,7310,05,1136.6378971
5364398,1,2,1,70,05,1,4,48,1,,2,50,1,,2,2,2,,,,,,,,,,,1,2,,877803,2,,96,97,59,1,1,01,9609,05,935.50796377
5364401,1,1,1,70,05,1,8,48,1,,2,8,4,,7,2,1,,,1,,,,,,,,,2,,2200000,1,2,35,15,15,1,1,01,3511,05,1136.6378971
5364403,1,4,1,70,05,1,8,55,1,,2,8,8,,2,2,7,,,,,,,,,,,1,2,,800000,2,,01,58,62,1,1,01,0113,05,1340.2105624
5364404,1,1,1,70,05,1,12,48,1,,2,157,1,,2,2,2,,,,,,,,,,,1,2,,908526,2,,47,45,45,1,1,01,4711,05,806.40987747
5364404,1,2,1,70,05,1,4,48,1,,2,52,1,,9,2,1,,,,,,,,,,,1,2,,908526,2,,22,90,90,1,1,01,2229,05,806.40987747
5364407,1,3,1,70,05,1,52,48,1,,2,52,1,,9,2,4,,,,,,,,,,,1,2,,908526,2,,10,58,77,1,2,01,1089,05,1420.543101
5364410,1,1,1,70,05,1,36,48,1,,2,36,1,,9,2,1,,,,,,,,,1,YA ES PENSIONADO,,2,,908500,3,,47,95,95,1,2,01,4731,05,868.89195348
5364420,1,1,1,70,05,1,40,48,1,,2,40,1,,6,2,3,,,,,,,,,,,1,2,,1300000,2,,47,40,40,1,2,01,4711,05,1040.9869569
5364423,1,2,1,70,05,1,12,48,1,,2,12,1,,7,2,1,,,,,,,,,,,1,2,,1500000,2,,15,33,33,1,1,01,1521,05,1308.7759591
5364424,2,2,2,70,05,1,32,48,1,,2,32,1,,3,2,4,,,,,,,,,,,1,2,,877803,2,,47,53,45,1,2,01,4752,05,1179.5215151
5364430,1,2,1,70,05,1,28,48,1,,2,104,1,,4,2,1,,,,,,,,,,,1,2,,900000,2,,88,38,54,1,2,01,8890,05,1276.8834165
5364430,1,5,1,70,05,1,28,48,1,,1,,,,,,,,.,,,,,,,,.,,,,900000,,,,38,,1,2,01,.,05,1276.8834165
5364434,1,2,1,70,05,1,11,24,4,,2,24,1,,5,2,2,,,,,,,,,,,1,2,,98,2,,56,45,53,1,1,01,5621,05,950.91193686
5364535,1,3,1,70,17,1,44,48,1,,2,44,1,,9,2,4,,,,,,,,,,,1,2,,1500000,2,,24,02,02,1,2,01,2410,17,164.86339715
5364541,1,4,1,70,17,1,20,48,1,,2,8,1,,3,2,2,,,,,,,,,,,1,2,,908526,2,,56,45,53,1,2,01,5611,17,207.95811597
5364541,1,5,1,70,17,1,4,48,1,,2,5,1,,9,2,2,,,,,,,,,,,1,2,,908526,2,,47,45,45,1,1,01,4771,17,207.95811597
5364543,1,2,1,70,17,1,44,44,1,,2,44,1,,5,2,2,,,,,,,,,,,1,2,,908526,2,,68,39,39,1,2,01,6820,17,209.07116327
5364544,1,3,1,70,17,1,5,48,1,,2,5,1,,9,2,1,,,,,,,,,,,1,2,,908526,2,,41,95,95,1,1,01,4111,17,282.21589991
5364567,1,1,1,70,17,1,40,40,1,,2,40,1,,5,2,1,,,,,,,,,,,1,2,,1200000,2,,85,32,13,1,2,01,8530,17,201.15455573
5364569,1,2,1,70,17,1,2,40,1,,2,5,1,,9,2,4,,,,,,,,,,,1,2,,908526,2,,47,39,45,1,1,01,4771,17,158.09816492
5364596,1,1,1,70,17,1,40,48,1,,2,40,5,,4,2,8,,,,,,,,,,,1,2,,908526,2,,96,45,59,1,2,01,9609,17,187.51036918
5364601,1,2,1,70,17,1,8,48,1,,2,52,1,,4,2,2,,,,,,,,,,,1,2,,908526,2,,56,45,53,1,1,01,5611,17,323.07054333
5364608,1,2,1,70,17,1,96,48,1,,2,144,1,,9,2,1,,,,,,,,,,,1,2,,1500000,2,,61,08,08,1,2,01,6110,17,265.62699533
5364620,1,2,1,70,17,1,52,48,1,,2,58,1,,9,2,1,,,,,,,,,,,1,2,,908526,2,,70,33,39,1,2,01,7020,17,164.90172515
5364624,1,3,1,70,17,1,3,48,1,,2,6,1,,9,2,6,,,,,,,,,,,1,2,,1500000,2,,61,38,38,1,1,01,6110,17,323.92834882
5364624,1,6,1,70,17,1,24,48,1,,2,36,4,,1,2,1,,,,,,,,,,,1,2,,1000000,2,,96,53,57,1,2,01,9602,17,323.92834882
5364625,1,2,1,70,17,1,12,48,2,,2,8,4,,9,2,1,,,1,,,,,,,,,2,,1500000,1,1,94,19,19,1,1,01,9499,17,323.07054333
5364626,1,3,1,70,17,1,12,48,1,,2,12,2,,9,2,1,,,1,,,,,,,,,2,,3000000,1,1,84,19,21,1,1,01,8412,17,164.36696711
5364626,1,4,1,70,17,1,5,48,4,,2,5,4,,1,2,2,,,,,,,,,,,1,1,99,2000000,2,,31,81,81,1,1,01,3110,17,164.36696711
5364628,1,2,1,70,17,1,4,50,2,,2,8,2,,9,2,2,,,,,1,,,,,,,2,,3500000,2,,85,13,13,1,1,01,8544,17,186.81106599
5364634,1,1,1,70,17,1,8,60,1,,2,32,3,,1,2,1,,,,,,,,,,,1,2,,908526,2,,97,54,54,1,1,01,9700,17,194.57632687
5364637,1,3,1,70,17,1,8,48,1,,2,8,1,,7,2,1,,,,,,,,,,,1,2,,908526,2,,86,32,32,1,1,01,8610,17,201.3798871
5364639,1,3,1,70,17,1,4,24,4,,2,192,1,,2,2,2,,,,,,,,,,,1,2,,450000,2,,56,97,53,1,1,01,5611,17,171.74235147
5364649,1,1,1,70,17,1,48,48,4,,2,8,4,,1,2,1,,,,,,,,,,,1,2,,908526,2,,41,95,95,1,2,01,4111,17,165.06627031
5364654,1,1,1,70,17,1,20,50,1,,2,20,1,,6,2,1,,,,,,,,,,,1,2,,908526,2,,41,03,95,1,2,01,4111,17,223.68780568
5364663,1,1,1,70,18,1,16,41,4,,2,20,3,,1,2,1,,,,,,,,,,,1,2,,300000,2,,97,54,54,1,2,01,9700,18,109.4302113
5364663,1,4,1,70,18,1,2,42,4,,2,19,3,,1,2,1,,,,,,,,,,,1,2,,400000,2,,97,54,54,1,1,01,9700,18,109.4302113
5364665,1,3,1,70,18,1,7,42,1,,2,8,4,,1,2,1,,,,,,,,,,,1,2,,800000,2,,41,39,95,1,1,01,4111,18,76.538989862
5364665,1,7,1,70,18,1,3,38,4,,2,3,4,,1,2,1,,,,,,,,,,,1,1,200000,300000,2,,81,54,54,1,1,01,8121,18,76.538989862
5364665,1,8,1,70,18,1,2,41,4,,2,2,4,,1,2,1,,,,,,,,,,,1,1,300000,500000,2,,41,95,95,1,1,01,4111,18,76.538989862
5364667,1,2,1,70,18,1,2,42,4,,2,2,4,,1,2,1,,,,,,,,,,,1,1,400000,600000,2,,41,95,95,1,1,01,4111,18,47.545744021
5364670,1,2,1,70,18,1,1,46,1,,2,20,1,,2,2,1,,,,,,,,,,,1,2,,400000,2,,47,45,45,1,1,01,4711,18,87.973598267
5364672,1,1,1,70,18,1,7,46,4,,2,4,4,,1,2,1,,,,,,,,,,,1,1,300000,600000,2,,41,95,95,1,1,01,4111,18,85.959177109
5364675,1,1,1,70,18,1,4,42,1,,2,16,1,,2,2,1,,,,,,,,,,,1,2,,600000,2,,69,39,39,1,1,01,6920,18,57.297397962
5364685,1,1,1,70,18,1,3,48,4,,2,3,4,,1,2,1,,,,,,,,,,,1,2,,800000,2,,41,95,95,1,1,01,4111,18,100.17036115
5364687,1,1,1,70,18,1,56,48,4,,2,56,4,,1,2,1,,,,,,,,,,,1,2,,800000,2,,81,54,54,1,2,01,8121,18,68.624556577
5364688,1,4,1,70,18,1,56,40,1,,2,56,1,,3,2,8,,,,,,,,,,,1,2,,500000,2,,55,53,54,1,2,01,5511,18,74.154736438
5364690,1,1,1,70,18,1,56,48,1,,2,56,2,,9,2,2,,,,,1,,,,,,,2,,4000000,2,,84,02,20,1,2,01,8412,18,85.959177109
5364691,1,1,1,70,18,1,3,40,3,,2,99,1,,9,2,2,,,,,,,,,,,1,2,,900000,2,,88,54,54,1,1,01,8890,18,105.75798913
5364691,1,3,1,70,18,1,48,48,1,,2,56,1,,9,2,1,,,,,,,,,,,1,2,,1000000,2,,38,58,99,1,2,01,3811,18,105.75798913
5364695,1,3,1,70,18,1,20,40,1,,2,39,1,,3,2,2,,,,,,,,,,,1,2,,900000,2,,56,53,53,1,2,01,5611,18,47.545744021
5364698,1,2,1,70,18,1,56,48,1,,2,56,1,,5,2,3,,,,,,,,,,,1,2,,2000000,2,,85,13,13,1,2,01,8521,18,104.78560956
5364701,1,1,1,70,18,1,4,48,4,,2,4,4,,9,2,1,,,,,,,,,,,1,2,,1600000,2,,84,98,98,1,1,01,8412,18,138.17329851
5364703,1,2,1,70,18,1,5,40,1,,2,5,1,,3,2,1,,,,,,,,,,,1,2,,800000,2,,47,45,45,1,1,01,4771,18,90.964341574
5364707,1,2,1,70,18,1,12,40,1,,2,20,1,,2,2,8,,,,,,,,,,,1,2,,800000,2,,47,53,45,1,1,01,4771,18,119.85167377
5364714,1,3,1,70,18,1,8,48,1,,2,96,1,,3,2,1,,,,,,,,,,,1,2,,850000,2,,10,45,45,1,1,01,1081,18,90.20442683
5364717,1,4,1,70,18,1,1,48,1,,2,48,1,,3,2,1,,,,,,,,,,,1,2,,900000,2,,56,53,53,1,1,01,5611,18,90.033436269
5364718,1,4,1,70,18,1,4,45,4,,2,4,4,,2,2,1,,,,,,,,,,,1,1,600000,800000,2,,41,95,95,1,1,01,4111,18,146.02004685
5364722,1,1,1,70,18,1,16,48,2,,2,96,2,,9,2,1,,,,,,,,,,,1,2,,970000,2,,84,58,58,1,2,01,8423,18,92.372528934
5364724,1,2,1,70,18,1,20,48,2,,2,46,1,,6,2,2,,,,,,,,,,,1,2,,1000000,2,,85,13,13,1,2,01,8530,18,81.939480432
5364736,1,1,1,70,18,1,6,48,4,,2,6,3,,1,2,2,,,,,,,,,,,1,2,,980000,2,,97,54,54,1,1,01,9700,18,73.440148877
5364754,1,1,1,70,18,1,20,50,4,,2,20,4,,9,2,2,,,,,,,,,,,1,2,,1000000,2,,84,32,32,1,2,01,8412,18,107.03501973
5364756,1,1,1,70,18,1,4,48,1,,2,16,4,,1,2,8,,,,,,,,,,,1,2,,900000,2,,49,45,98,1,1,01,4921,18,61.652448209
5364767,1,1,1,70,18,1,20,48,3,,2,20,3,,1,2,1,,,,,,,,,,,1,2,,650000,2,,97,54,54,1,2,01,9700,18,72.282154104
5364767,1,3,1,70,18,1,40,48,1,,1,,,,,,,,.,,,,,,,,.,,,,1000000,,,,45,,1,2,01,.,18,72.282154104
5364770,1,4,1,70,18,1,99,48,4,,2,99,1,,9,2,1,,,,,,,,,,,1,2,,900000,2,,92,54,45,1,2,01,9200,18,84.669093002
5364770,1,7,1,70,18,1,42,42,1,,2,42,1,,9,2,1,,,,,,,,,,,1,2,,900000,2,,88,32,32,1,2,01,8890,18,84.669093002
5364774,1,2,1,70,18,1,5,48,1,,2,5,4,,9,2,3,,,,,1,,,,,,,2,,4000000,1,2,72,01,01,1,1,01,7210,18,71.163993131
5364775,1,2,1,70,18,1,99,48,2,,2,99,2,,9,2,2,,,,,,,,,,,1,2,,2500000,2,,85,13,13,1,2,01,8513,18,104.78560956
5364790,1,2,1,70,18,1,3,20,1,,2,52,1,,9,2,2,,,,,,,,,,,1,2,,600000,2,,79,59,44,1,1,01,7911,18,85.813395703
5364793,1,2,1,70,18,1,4,40,1,,2,41,1,,2,2,2,,,,,,,,,,,1,2,,900000,2,,85,59,13,1,1,01,8521,18,90.964341574
5364794,1,1,1,70,18,1,3,40,2,,2,8,4,,1,2,1,,,,,,,,,,,1,2,,1600000,2,,85,13,19,1,1,01,8559,18,104.49558317
5364795,1,1,1,70,18,1,5,40,2,,2,5,2,,9,2,1,,,1,,,,,,,,,1,2500000,2000000,1,2,85,13,13,1,1,01,8544,18,103.92524059
5364795,1,2,1,70,18,1,2,40,2,,1,,,,,,,,.,,,,,,,,.,,,,1500000,,,,32,,1,1,01,.,18,103.92524059
5364800,1,1,1,70,18,1,30,40,1,,2,35,1,,3,2,1,,,,,,,,,,,1,2,,1000000,2,,47,45,45,1,2,01,4759,18,121.97444869
5364805,1,2,1,70,18,1,6,40,1,,2,8,1,,8,2,1,,,,,,,,,,,1,2,,900000,2,,84,39,39,1,1,01,8412,18,105.75798913
5364811,1,2,1,70,18,1,30,30,1,,1,,,,,,,,.,,,,,,,,.,,,,600000,,,,62,,1,2,01,.,18,85.959177109
5364814,1,3,1,70,18,1,4,40,1,,2,20,1,,4,2,1,,,,,,,,,,,1,2,,900000,2,,47,45,45,1,1,01,4711,18,100.76591288
5364816,1,1,1,70,18,1,16,48,1,,2,46,2,,9,2,8,,,,,,,,,,,1,2,,970000,2,,86,45,55,1,2,01,8610,18,70.449405571
5364816,1,2,1,70,18,1,4,48,1,,2,8,1,,3,2,2,,,,,,,,,,,1,1,60000,900000,2,,45,45,45,1,1,01,4530,18,70.449405571
5364819,1,1,1,70,18,1,8,40,1,,2,8,1,,4,2,1,,,,,,,,,,,1,2,,877502,2,,72,03,03,1,1,01,7210,18,91.108586555
5364819,1,3,1,70,18,1,8,40,1,,2,12,1,,3,2,1,,,,,,,,,,,1,2,,877502,2,,72,03,03,1,1,01,7210,18,91.108586555
5364820,1,4,1,70,18,1,6,40,1,,2,36,1,,2,2,1,,,,,,,,,,,1,2,,700000,2,,47,45,45,1,1,01,4759,18,121.97444869
5364822,1,2,1,70,18,1,32,40,1,,1,,,,,,,,.,,,,,,,,.,,,,877502,,,,32,,1,2,01,.,18,120.42201634
5364840,1,7,1,70,20,1,40,40,1,,2,40,1,,5,2,1,,,,,,,,,,,1,2,,1000000,2,,46,97,97,1,2,01,4631,20,213.93784737
5364865,1,1,1,70,20,1,12,48,1,,2,52,1,,4,2,2,,,,,,,,,,,1,2,,800000,2,,47,33,44,1,1,01,4752,20,160.6689893
5364869,1,3,1,70,20,1,12,48,1,,2,24,4,,3,2,1,,,,,,,,,,,1,2,,98,2,,96,45,57,1,1,01,9602,20,163.77218814
5364870,1,1,1,70,20,1,48,48,4,,2,7,4,,2,2,2,,,,,,,,,,,1,2,,907000,2,,47,12,41,1,2,01,4711,20,227.53531507
5364874,1,5,1,70,20,1,104,48,1,,2,2,4,,1,2,1,,,,,,,,,,,1,1,60000,500000,2,,81,33,55,1,2,01,8121,20,163.38463085
5364876,1,2,1,70,20,1,12,24,4,,2,16,4,,2,2,8,,,,,,,,,,,1,2,,500000,2,,56,41,53,1,1,01,5619,20,209.18478651
5364877,1,3,1,70,20,1,3,48,1,,2,12,1,,5,2,4,,,,,,,,,,,1,2,,1060000,2,,85,13,13,1,1,01,8530,20,151.20414628
5364882,1,3,1,70,20,1,8,48,1,,2,56,1,,7,2,1,,,,,,,,,,,1,2,,877000,2,,80,58,58,1,1,01,8010,20,260.48265857
5364884,1,2,1,70,20,1,12,48,1,,2,18,1,,3,2,1,,,,,,,,,,,1,2,,877000,2,,47,45,45,1,1,01,4771,20,216.18117925
5364889,1,1,1,70,20,1,28,48,4,,2,40,4,,1,2,1,,,,,,,,,,,1,2,,800000,2,,14,79,79,1,2,01,1410,20,184.2817556
5364893,1,1,1,70,20,1,9,48,2,,2,8,4,,9,2,1,,,,,,,,,,,1,2,,2500000,2,,84,05,05,1,1,01,8413,20,187.62315709
5364901,1,1,1,70,20,1,52,48,1,,2,10,4,,1,2,1,,,,,,,,,,,1,2,,2000000,2,,45,09,44,1,2,01,4512,20,140.60909538
5364902,1,2,1,70,20,1,24,48,1,,2,40,4,,2,2,1,,,,,,,,,,,1,2,,877000,2,,42,32,32,1,2,01,4210,20,91.338616552
5364904,1,2,1,70,20,1,20,48,1,,2,22,4,,2,2,1,,,,,,,,,,,1,2,,1000000,2,,10,45,45,1,2,01,1089,20,170.45409818
5364911,1,3,1,70,20,1,20,48,1,,2,20,1,,9,2,1,,,,,,,,,,,1,2,,1000000,2,,71,03,03,1,2,01,7110,20,120.56519631
5364912,1,3,1,70,20,1,4,48,4,,2,4,4,,1,2,1,,,,,,,,,,,1,1,60000,907000,2,,43,61,93,1,1,01,4330,20,182.61411518
5364912,1,4,1,70,20,1,52,48,2,,2,52,4,,9,2,2,,,,,,,,,,,1,2,,1800000,2,,85,03,13,1,2,01,8530,20,182.61411518
5364912,1,6,1,70,20,1,104,48,2,,2,54,4,,9,2,4,,,,,,,,,,,1,2,,907000,2,,84,39,39,1,2,01,8412,20,182.61411518
5364919,1,1,1,70,20,1,16,48,1,,2,25,4,,2,2,1,,,,,,,,,,,1,2,,1000000,2,,42,95,95,1,2,01,4290,20,170.34329826
5364919,1,2,1,70,20,1,8,48,2,,2,9,4,,2,2,1,,,,,,,,,,,1,2,,1600000,2,,69,12,12,1,1,01,6910,20,170.34329826
5364921,1,1,1,70,20,1,144,40,4,,2,145,1,,4,2,1,,,,,,,,,,,1,2,,900000,2,,56,51,51,1,2,01,5611,20,197.43533291
5364923,1,2,1,70,20,1,144,40,1,,2,36,1,,4,2,1,,,,,,,,,,,1,2,,1060000,2,,47,45,45,1,2,01,4772,20,199.39967763
5364925,1,2,1,70,20,1,52,50,4,,2,52,4,,1,2,1,,,,,,,,,,,1,2,,98,2,,49,98,98,1,2,01,4921,20,204.37222232
5364927,1,1,1,70,20,1,36,48,3,,2,36,3,,1,2,1,,,,,,,,,,,1,2,,700000,2,,97,54,54,1,2,01,9700,20,130.67463187
5364931,1,1,1,70,20,1,3,48,4,,2,2,4,,2,2,1,,,,,,,,,,,1,1,400000,720000,2,,41,95,95,1,1,01,4112,20,203.20674751
5364932,1,1,1,70,20,1,8,48,4,,2,10,4,,1,2,1,,,,,,,,,,,1,2,,900000,2,,45,85,85,1,1,01,4520,20,145.44828028
5364939,1,2,1,70,20,1,104,48,1,,2,104,3,,1,2,8,,,,,,,,,,,1,2,,98,2,,97,59,54,1,2,01,9700,20,200.85484549
5364940,1,2,1,70,20,1,16,48,1,,2,16,1,,9,2,2,,,,,,,,,,,1,2,,900000,2,,10,45,45,1,2,01,1040,20,209.69396338
5364945,1,1,1,70,20,1,100,40,1,,2,48,1,,4,2,1,,,,,,,,,,,1,2,,890000,2,,65,39,44,1,2,01,6512,20,160.6689893
5364946,1,3,1,70,20,1,3,48,1,,2,3,1,,4,2,8,,,,,,,,,,,1,1,600000,750000,2,,47,45,45,1,1,01,4771,20,181.19850371
5364953,1,4,1,70,20,1,4,48,4,,2,4,4,,2,2,8,,,,,,,,,,,1,2,,700000,2,,46,41,41,1,1,01,4663,20,202.49038703
5364953,1,12,1,70,20,1,6,48,4,,2,6,4,,2,2,8,,,,,,,,,,,1,2,,500000,2,,42,95,95,1,1,01,4210,20,202.49038703
5364954,1,1,1,70,20,1,8,40,3,,2,12,3,,1,2,3,,,,,,,,,,,1,2,,1000000,2,,97,54,54,1,1,01,9700,20,178.58934503
5364954,1,6,1,70,20,1,8,40,4,,2,8,4,,1,2,8,,,,,,,,,,,1,2,,900000,2,,56,41,41,1,1,01,5619,20,178.58934503
5364955,1,2,1,70,20,1,4,48,3,,2,4,4,,1,2,8,,,,,,,,,,,1,1,200000,400000,2,,47,54,41,1,1,01,4729,20,211.53668853
5364955,1,3,1,70,20,1,8,48,1,,2,8,4,,1,2,8,,,,,,,,,,,1,2,,450000,2,,52,97,97,1,1,01,5224,20,211.53668853
5364960,1,1,1,70,20,1,16,48,1,,2,16,1,,9,2,3,,,,,,,,1,,,,2,,1500000,2,,05,03,03,1,2,01,0510,20,189.10539189
5364967,1,3,1,70,20,1,32,40,3,,2,33,1,,2,2,1,,,,,,,,,,,1,2,,890000,2,,47,54,40,1,2,01,4722,20,133.73432222
5364969,1,2,1,70,20,1,12,48,1,,2,36,3,,2,2,1,,,,,,,,1,,,,2,,908500,2,,97,53,54,1,1,01,9700,20,200.85484549
5364970,1,1,1,70,20,1,36,40,1,,2,40,4,,1,2,1,,,,,,,,,,,1,2,,3500000,2,,53,12,37,1,2,01,5320,20,162.91810433
5364974,1,1,1,70,20,1,2,40,1,,2,2,1,,7,2,3,,,,,,,,,,,1,1,980000,2000000,2,,41,03,03,1,1,01,4111,20,167.15620517
5364976,1,3,1,70,20,1,48,40,1,,2,49,1,,2,2,1,,,,,,,,,,,1,2,,890000,2,,47,55,45,1,2,01,4771,20,212.99185639
5364979,1,2,1,70,20,1,16,48,1,,2,36,1,,5,2,2,,,,,,,,,,,1,2,,908500,2,,47,39,45,1,2,01,4754,20,216.37587342
5365004,1,1,1,70,27,1,30,20,1,,1,,,,,,,,.,,,,,,,,.,,,,500000,,,,53,,1,2,01,.,27,186.74411381
5365012,1,1,1,70,27,1,12,40,1,,2,12,4,,9,2,8,,,,,,,,,,,1,2,,1700000,2,,94,59,59,1,1,01,9499,27,34.603350063
5365021,1,1,1,70,27,1,52,48,3,,2,52,4,,2,2,1,,,,,,,,,,,1,2,,500000,2,,56,54,41,1,2,01,5619,27,190.31842535
5365022,1,1,1,70,27,1,52,48,3,,2,52,4,,1,2,1,,,,,,,,,,,1,2,,400000,2,,47,54,45,1,2,01,4724,27,190.31842535
5365022,1,5,1,70,27,1,52,48,1,,2,52,1,,2,2,1,,,,,,,,,,,1,2,,800000,2,,47,45,45,1,2,01,4772,27,190.31842535
5365023,1,1,1,70,27,1,12,40,1,,2,12,1,,7,2,1,,,,,,,,,,,1,2,,900000,2,,88,54,54,1,1,01,8890,27,34.603350063
5365027,1,1,1,70,27,1,4,40,4,,2,4,4,,9,2,9,ESTA PAGANDO LA SEGURIDAD SOCIAL,,1,,,,,,,,,2,,1500000,1,2,94,33,33,1,1,01,9499,27,34.603350063
5365028,1,1,1,70,27,1,16,40,1,,1,,,,,,,,.,,,,,,,,.,,,,900000,,,,54,,1,2,01,.,27,40.220032649
5365031,1,5,1,70,27,1,16,48,2,,2,16,2,,9,2,1,,,,,,,,,,,1,2,,1200000,2,,84,58,58,1,2,01,8424,27,34.603350063
5365040,1,2,1,70,27,1,42,48,1,,2,42,1,,2,2,1,,,,,,,,,,,1,2,,900000,2,,56,03,33,1,2,01,5611,27,34.603350063
5365050,1,3,1,70,27,1,160,48,1,,2,160,1,,4,2,1,,,,,,,,,,,1,2,,900000,2,,86,32,32,1,2,01,8621,27,34.603350063
5365052,1,2,1,70,27,1,8,48,4,,2,8,2,,9,2,1,,,,,,,,,,,1,2,,1114000,2,,84,12,12,1,1,01,8412,27,104.86839454
5365054,1,1,1,70,27,1,51,40,2,,2,52,2,,9,2,1,,,,,,,,,,,1,2,,1800000,2,,84,13,39,1,2,01,8415,27,40.629403561
5365054,1,4,1,70,27,1,52,30,4,,2,104,4,,3,2,7,,,,,,,,,,,1,2,,908000,2,,96,57,52,1,2,01,9602,27,40.629403561
5365057,1,1,1,70,27,1,16,48,4,,2,16,4,,1,2,1,,,,,,,,,,,1,2,,400000,2,,81,54,54,1,2,01,8121,27,34.603350063
5365064,1,2,1,70,27,1,24,40,2,,2,24,4,,1,2,1,,,,,,,,,,,1,2,,2600000,2,,41,12,95,1,2,01,4111,27,34.603350063
5365067,1,1,1,70,27,1,52,48,1,,2,52,1,,2,2,1,,,,,,,,,,,1,2,,1200000,2,,47,19,45,1,2,01,4771,27,190.31842535
5365070,1,2,1,70,27,1,52,48,1,,2,52,1,,9,2,1,,,,,,,,,,,1,2,,900000,2,,64,33,33,1,2,01,6412,27,34.603350063
5365072,1,1,1,70,27,1,52,48,1,,2,104,4,,1,2,1,,,,,,,,,,,1,2,,1500000,2,,10,77,77,1,2,01,1081,27,153.17512524
5365076,1,1,1,70,27,1,4,40,1,,1,,,,,,,,.,,,,,,,,.,,,,2500000,,,,19,,1,1,01,.,27,34.603350063
5365077,1,1,1,70,27,1,4,40,4,,2,48,2,,9,2,1,,,,,,,,,,,1,2,,1200000,2,,86,39,33,1,1,01,8621,27,34.603350063
5365078,1,2,1,70,27,1,4,48,1,,2,4,4,,2,2,1,,,,,,,,,,,1,2,,1114000,2,,41,45,95,1,1,01,4112,27,34.603350063
5365082,1,1,1,70,27,1,52,40,1,,2,52,1,,9,2,1,,,,,,,,,,,1,2,,1400000,2,,94,14,14,1,2,01,9491,27,34.603350063
5365087,1,2,1,70,27,1,36,48,4,,2,36,4,,1,2,2,,,,,,,,,,,1,2,,1500000,2,,49,98,98,1,2,01,4921,27,34.603350063
5365090,1,1,1,70,27,1,5,48,2,,2,5,4,,9,2,1,,,,,1,,,,,,,2,,900000,2,,88,13,30,1,1,01,8890,27,87.03754733
5365105,1,1,1,70,27,1,48,48,2,,2,52,2,,9,2,1,,,,,,,,,,,1,2,,5000000,2,,84,02,31,1,2,01,8412,27,34.603350063
5365105,1,2,1,70,27,1,52,48,1,,2,52,4,,9,2,1,,,,1,,,,,,,,2,,5000000,1,2,70,11,11,1,2,01,7010,27,34.603350063
5365107,1,1,1,70,27,1,52,66,1,,2,52,1,,7,2,1,,,,,,,,,,,1,2,,1200000,2,,41,95,95,1,2,01,4112,27,87.03754733
5365108,1,2,1,70,27,1,18,40,2,,2,80,1,,6,2,1,,,,,,,,,,,1,2,,1800000,2,,85,13,13,1,2,01,8530,27,34.603350063
5365159,1,1,1,70,27,1,12,40,2,,1,,,,,,,,.,,,,,,,,.,,,,1500000,,,,18,,1,1,01,.,27,58.050879854
5365175,1,3,1,70,27,1,52,40,4,,2,52,4,,9,2,1,,,,,,,,,,,1,2,,1800000,2,,84,12,12,1,2,01,8412,27,34.603350063
5365178,1,3,1,70,27,1,8,48,1,,2,8,1,,9,2,1,,,,,,,,,,,1,2,,2500000,2,,94,21,21,1,1,01,9499,27,34.603350063
5365181,1,2,1,70,27,1,1,40,2,,1,,,,,,,,.,,,,,,,,.,,,,1200000,,,,13,,1,1,01,.,27,34.603350063
5365181,1,4,1,70,27,1,1,40,2,,1,,,,,,,,.,,,,,,,,.,,,,1200000,,,,13,,1,1,01,.,27,34.603350063
5365197,1,1,1,70,27,1,40,40,3,,2,51,3,,1,2,7,,,,,,,,,,,1,2,,800000,2,,97,54,54,1,2,01,9700,27,34.603350063
5365198,1,1,1,70,27,1,21,40,2,,2,21,1,,2,2,1,,,,,,,,,,,1,2,,1014000,2,,86,19,19,1,2,01,8692,27,34.603350063
5365201,1,3,1,70,27,1,200,40,2,,2,400,2,,9,2,1,,,,,,,,,,,1,2,,1014000,2,,85,39,13,1,2,01,8551,27,34.603350063
5365201,1,5,1,70,27,1,51,40,2,,2,52,2,,9,2,1,,,,,,,,,,,1,2,,2000000,2,,84,13,17,1,2,01,8412,27,34.603350063
5365201,1,6,1,70,27,1,51,40,2,,1,,,,,,,,.,,,,,,,,.,,,,1014000,,,,39,,1,2,01,.,27,34.603350063
5365202,1,1,1,70,27,1,100,40,1,,2,101,1,,3,2,1,,,,,,,,,,,1,2,,1014000,2,,56,37,77,1,2,01,5619,27,34.603350063
5365206,1,1,1,70,27,1,24,40,1,,2,24,1,,4,2,1,,,,,,,,,,,1,2,,800000,2,,56,53,53,1,2,01,5611,27,34.603350063
5365234,1,1,1,70,44,1,3,48,4,,2,53,4,,1,2,1,,,,,,,,,,,1,2,,350000,2,,47,45,45,1,1,01,4711,44,89.979323143
5365236,1,2,1,70,44,1,32,48,1,,2,32,1,,5,2,1,,,,,,,,,,,1,2,,1000000,2,,11,97,97,1,2,01,1104,44,78.258481402
5365244,1,1,1,70,44,1,52,48,1,,2,78,2,,9,2,3,,,,,,,,,,,1,2,,2000000,2,,84,39,39,1,2,01,8415,44,97.137930493
5365253,1,2,1,70,44,1,100,24,1,,1,,,,,,,,.,,,,,,,,.,,,,500000,,,,08,,1,2,01,.,44,98.390032446
5365253,1,3,1,70,44,1,50,24,1,,1,,,,,,,,.,,,,,,,,.,,,,400000,,,,39,,1,2,01,.,44,98.390032446
5365257,1,1,1,70,44,1,52,48,4,,2,52,4,,2,2,4,,,,,,,,,,,1,2,,4000000,2,,70,21,21,1,2,01,7020,44,83.334481971
5365257,1,2,1,70,44,1,52,48,1,,2,52,4,,2,2,4,,,,,,,,,,,1,2,,4000000,2,,70,21,21,1,2,01,7020,44,83.334481971
5365258,1,1,1,70,44,1,3,42,3,,2,9,4,,1,2,1,,,,,,,,,,,1,2,,400000,2,,96,54,56,1,1,01,9601,44,86.756695571
5365260,1,2,1,70,44,1,58,48,1,,2,44,1,,4,2,2,,,,,,,,,,,1,2,,900000,2,,49,21,38,1,2,01,4921,44,77.175209522
5365264,1,1,1,70,44,1,50,60,4,,2,54,4,,1,2,1,,,,,,,,,,,1,2,,500000,2,,49,98,98,1,2,01,4921,44,125.75309351
5365268,1,2,1,70,44,1,4,40,3,,2,4,4,,1,2,1,,,,,,,,,,,1,1,50000,400000,2,,81,54,55,1,1,01,8121,44,59.639876965
5365269,1,1,1,70,44,1,60,50,1,,2,16,4,,7,2,1,,,,,,,,,,,1,2,,900000,2,,88,13,13,1,2,01,8890,44,59.639876965
5365269,1,4,1,70,44,1,60,48,1,,2,64,1,,4,2,2,,,1,,,,,,,,,2,,1400000,1,1,47,11,45,1,2,01,4752,44,59.639876965
5365270,1,2,1,70,44,1,104,48,2,,2,104,4,,1,2,1,,,,,,,,,,,1,2,,5000000,2,,69,12,12,1,2,01,6910,44,59.639876965
5365275,1,2,1,70,44,1,8,48,2,,2,32,1,,9,2,4,,,,,,,,,,,1,2,,4000000,2,,43,02,02,1,1,01,4322,44,96.810120488
5365276,1,1,1,70,44,1,32,48,1,,2,36,1,,5,2,1,,,,,,,,1,,,,2,,1000000,2,,88,13,13,1,2,01,8890,44,112.44903255
5365279,1,2,1,70,44,1,8,24,1,,2,56,1,,3,2,2,,,,,,,,,,,1,2,,500000,2,,47,45,45,1,1,01,4732,44,102.39977422
5365282,1,3,1,70,44,1,52,48,1,,1,,,,,,,,.,,,,,,,,.,,,,700000,,,,45,,1,2,01,.,44,122.36249519
5365283,1,2,1,70,44,1,52,48,4,,2,60,4,,1,2,2,,,,,,,,,,,1,2,,1000000,2,,49,00,98,1,2,01,4923,44,98.390032446
5365283,1,3,1,70,44,1,12,48,1,,1,,,,,,,,.,,,,,,,,.,,,,500000,,,,45,,1,1,01,.,44,98.390032446
5365284,1,1,1,70,44,1,78,48,1,,2,208,4,,9,2,1,,,,,,,,,,,1,2,,1000000,2,,84,03,39,1,2,01,8415,44,118.66682055
5365290,1,1,1,70,44,1,52,48,1,,2,52,1,,9,2,1,,,,,,,,,,,1,2,,900000,2,,93,03,59,1,2,01,9329,44,115.68956958
5365295,1,1,1,70,44,1,16,48,1,,2,12,1,,3,2,1,,,,,,,,,,,1,2,,600000,2,,55,54,54,1,2,01,5511,44,91.54827676
5365295,1,2,1,70,44,1,48,48,1,,2,49,1,,4,2,1,,,,,,,,1,,,,2,,300000,2,,56,53,53,1,2,01,5619,44,91.54827676
5365298,1,2,1,70,44,1,100,48,1,,2,36,1,,7,2,2,,,1,,,,,,,,,2,,1800000,1,2,86,11,11,1,2,01,8621,44,71.271488653
5365304,1,3,1,70,44,1,96,40,4,,1,,,,,,,,.,,,,,,,,.,,,,1000000,,,,12,,1,2,01,.,44,98.704099581
5365308,1,3,1,70,44,1,1,48,1,,2,5,1,,9,2,1,,,,,,,,,,,1,2,,1200000,2,,84,13,13,1,1,01,8413,44,70.957421518
5365309,1,1,1,70,44,1,4,40,1,,2,4,1,,4,2,1,,,,,,,,,,,1,2,,950000,2,,47,45,45,1,1,01,4711,44,179.32300405
5365310,1,3,1,70,44,1,48,48,1,,2,156,1,,4,2,1,,,,,,,,,,,1,2,,1000000,2,,85,13,13,1,2,01,8511,44,83.648549106
5365313,1,2,1,70,44,1,8,24,1,,2,44,1,,5,2,2,,,,,,,,,,,1,2,,800000,2,,47,33,33,1,1,01,4732,44,119.60485537
5365358,1,1,1,70,47,1,5,48,1,,2,108,1,,9,2,2,,,,,,,,,,,1,2,,1500000,2,,86,59,59,1,1,01,8610,47,441.41939372
5365361,1,3,1,70,47,1,8,48,1,,2,36,1,,9,2,4,,,,,,,,,,,1,2,,908000,2,,68,55,55,1,1,01,6820,47,230.71934257
5365368,1,2,1,70,47,1,36,48,1,,2,36,1,,9,2,1,,,,,,,,,,,1,2,,700000,2,,55,39,39,1,2,01,5511,47,265.59941987
5365371,1,1,1,70,47,1,52,48,1,,2,52,4,,2,2,1,,,,,,,,,,,1,2,,908516,2,,10,39,77,1,2,01,1081,47,270.32351012
5365372,1,6,1,70,47,1,40,48,1,,2,4,1,,4,2,8,,,,,,,,,,,1,2,,99,2,,47,55,59,1,2,01,4771,47,281.94074562
5365382,1,3,1,70,47,1,12,48,3,,1,,,,,,,,.,,,,,,,,.,,,,98,,,,54,,1,1,01,.,47,173.13895054
5365384,1,3,1,70,47,1,60,48,1,,1,,,,,,,,.,,,,,,,,.,,,,908516,,,,21,,1,2,01,.,47,123.13289838
5365388,1,1,1,70,47,1,24,48,4,,2,45,3,,1,2,1,,,,,,,,,,,1,2,,600000,2,,97,53,54,1,2,01,9700,47,110.36402808
5365392,1,2,1,70,47,1,4,40,1,,2,8,2,,9,2,1,,,,,,,,,,,1,2,,908000,2,,84,19,19,1,1,01,8413,47,165.09950532
5365402,1,4,1,70,47,1,4,48,1,,1,,,,,,,,.,,,,,,,,.,,,,908000,,,,45,,1,1,01,.,47,295.83792197
5365406,1,3,1,70,47,1,6,48,1,,2,40,1,,9,2,1,,,,,,,,,,,1,2,,908000,2,,45,39,39,1,1,01,4511,47,114.91346337
5365409,1,1,1,70,47,1,7,48,4,,2,192,1,,5,2,1,,,,,,,,,1,ES PENSIONADO,,2,,98,3,,68,51,58,1,1,01,6820,47,229.87235307
5365409,1,2,1,70,47,1,7,48,4,,2,80,1,,4,2,4,,,,,,,,,,,1,2,,98,2,,49,45,55,1,1,01,4923,47,229.87235307
5365412,1,3,1,70,47,1,8,48,1,,1,,,,,,,,.,,,,,,,,.,,,,900000,,,,45,,1,1,01,.,47,129.00327209
5365414,1,2,1,70,47,1,4,48,1,,2,52,1,,9,2,1,,,,,,,,,,,1,2,,1000000,2,,47,40,40,1,1,01,4771,47,321.24561922
5365415,1,1,1,70,47,1,156,48,3,,2,156,4,,1,2,2,,,,,,,,,,,1,2,,906000,2,,47,54,45,1,2,01,4721,47,189.11644469
5365415,1,2,1,70,47,1,4,48,2,,1,,,,,,,,.,,,,,,,,.,,,,906000,,,,58,,1,1,01,.,47,189.11644469
5365416,1,4,1,70,47,1,220,48,1,,1,,,,,,,,.,,,,,,,,.,,,,98,,,,45,,1,2,01,.,47,192.67627409
5365419,1,3,1,70,47,1,70,48,1,,2,110,1,,9,2,8,,,,,,,,,,,1,2,,800000,2,,47,45,45,1,2,01,4772,47,151.41079559
5365420,1,2,1,70,47,1,40,48,1,,2,40,1,,4,2,8,,,,,,,,,,,1,2,,908500,2,,56,33,50,1,2,01,5630,47,144.22672168
5365424,1,2,1,70,47,1,4,40,2,,2,50,1,,9,2,1,,,,,,,,,,,1,2,,2000000,2,,84,03,34,1,1,01,8415,47,206.22770226
5365436,1,2,1,70,47,1,4,48,4,,2,6,4,,1,2,1,,,,,,,,,,,1,2,,1000000,2,,47,45,45,1,1,01,4761,47,161.11148222
5365438,1,3,1,70,47,1,4,48,1,,2,1,1,,5,2,7,,,,,,,,,,,1,2,,1800000,2,,85,13,13,1,1,01,8530,47,292.0943733
5365449,1,2,1,70,47,1,10,48,1,,2,32,1,,3,2,1,,,,,,,,,1,PREPARANDOSE ACADEMICAMENTE,,2,,908526,2,,69,33,33,1,1,01,6920,47,258.65982039
5365457,1,1,1,70,47,1,8,48,1,,2,8,1,,4,2,1,,,,,,,,,,,1,2,,908526,2,,56,53,53,1,1,01,5611,47,105.65791523
5365462,1,2,1,70,47,1,4,40,1,,2,50,4,,1,2,1,,,,,,,,,,,1,2,,908000,2,,25,18,83,1,1,01,2511,47,92.196177217
5365462,1,3,1,70,47,1,6,48,1,,2,12,1,,9,2,1,,,,,,,,,,,1,2,,908526,2,,42,19,19,1,1,01,4290,47,92.196177217
5365476,1,1,1,70,47,1,12,48,3,,2,12,3,,1,2,1,,,,,,,,,,,1,2,,600000,2,,97,54,54,1,1,01,9700,47,189.11644469
5365476,1,2,1,70,47,1,3,48,1,,2,156,1,,3,2,1,,,,,,,,,,,1,2,,908526,2,,47,03,45,1,1,01,4759,47,189.11644469
5365478,1,2,1,70,47,1,44,48,3,,2,44,3,,1,2,1,,,,,,,,,,,1,2,,908516,2,,97,54,54,1,2,01,9700,47,205.66623706
5365485,1,3,1,70,47,1,5,48,1,,2,5,1,,5,2,1,,,,,,,,,,,1,2,,98,2,,47,45,45,1,1,01,4711,47,136.12286135
5365486,1,2,1,70,47,1,5,50,3,,2,5,3,,1,2,1,,,,,,,,,,,1,2,,500000,2,,97,54,54,1,1,01,9700,47,153.00762189
5365487,1,1,1,70,47,1,8,48,1,,2,40,3,,1,2,1,,,,,,,,,,,1,2,,400000,2,,97,45,54,1,1,01,9700,47,151.18429856
5365492,1,5,1,70,47,1,12,48,3,,2,40,3,,1,2,1,,,,,,,,,,,1,2,,300000,2,,97,54,54,1,1,01,9700,47,191.58907091
5365504,1,1,1,70,47,1,6,48,1,,2,7,1,,9,2,2,,,,,,,,,,,1,2,,1500000,2,,53,37,37,1,1,01,5320,47,149.81157109
5365508,1,2,1,70,47,1,48,48,1,,2,48,1,,5,2,1,,,,,,,,,,,1,2,,1500000,2,,47,21,21,1,2,01,4719,47,149.81157109
5365510,1,1,1,70,47,1,5,56,1,,2,108,1,,9,2,1,,,,,,,,,,,1,2,,1500000,2,,84,19,39,1,1,01,8412,47,149.81157109
5365517,1,1,1,70,47,1,12,48,1,,2,48,1,,4,2,1,,,,,,,,,,,1,2,,908500,2,,85,13,13,1,1,01,8530,47,156.76914796
5365519,1,2,1,70,47,1,16,48,1,,2,16,1,,9,2,1,,,,,,,,,,,1,2,,1500000,2,,86,07,07,1,2,01,8610,47,92.196177217
5365520,1,3,1,70,47,1,192,48,1,,2,192,4,,3,2,1,,,,,,,,,,,1,2,,908500,2,,56,45,51,1,2,01,5630,47,163.95322188
5365536,1,2,1,70,52,1,52,48,1,,2,40,4,,1,2,1,,,,,,,,,,,1,1,400000,1000000,2,,73,85,85,1,2,01,7310,52,153.16699498
5365542,1,7,1,70,52,1,40,48,3,,2,24,1,,2,2,7,,,,,1,,,,,,,2,,900000,2,,56,54,77,1,2,01,5613,52,120.41389594
5365550,1,2,1,70,52,1,12,25,1,,2,40,4,,1,2,1,,,,,,,,,,,1,2,,150000,2,,32,45,94,1,1,01,3290,52,293.65829656
5365558,1,3,1,70,52,1,4,30,1,,2,20,1,,4,2,2,,,,,,,,,,,1,2,,1000000,2,,47,45,45,1,1,01,4773,52,209.35838176
5365562,1,3,1,70,52,1,4,48,1,,2,4,1,,3,2,4,,,,,1,,,,,,,1,600000,900000,2,,10,59,97,1,1,01,1081,52,255.37971843
5365563,1,3,1,70,52,1,4,40,1,,2,4,1,,9,2,1,,,,,,,,,,,1,2,,900000,2,,49,33,33,1,1,01,4921,52,259.35025282
5365568,1,1,1,70,52,1,2,40,4,,2,3,4,,1,2,1,,,,,,,,,,,1,2,,800000,2,,41,95,95,1,1,01,4111,52,225.0065774
5365572,1,2,1,70,52,1,52,40,1,,2,52,4,,9,2,4,,,,,,,,,,,1,2,,2500000,2,,84,01,02,1,2,01,8412,52,293.65829656
5365579,1,3,1,70,52,1,8,48,1,,2,40,1,,4,2,1,,,,,,,,,,,1,1,400000,800000,2,,88,45,55,1,1,01,8890,52,139.85411666
5365582,1,2,1,70,52,1,24,24,3,,2,24,4,,1,2,1,,,,,,,,,,,1,2,,700000,2,,47,54,45,1,2,01,4792,52,138.09585117
5365582,1,4,1,70,52,1,52,48,1,,1,,,,,,,,.,,,,,,,,.,,,,250000,,,,95,,1,2,01,.,52,138.09585117
5365582,1,5,1,70,52,1,156,40,1,,2,3,4,,1,2,1,,,,,,,,,,,1,1,70000,850000,2,,81,55,55,1,2,01,8121,52,138.09585117
5365585,1,3,1,70,52,1,40,48,1,,2,20,1,,9,2,1,,,,,,,,,,,1,2,,600000,2,,10,85,45,1,2,01,1040,52,165.16650224
5365586,1,2,1,70,52,1,55,40,1,,2,58,1,,3,2,1,,,,,,,,,,,1,2,,500000,2,,56,53,53,1,2,01,5611,52,155.42678832
5365586,1,3,1,70,52,1,12,48,1,,2,12,1,,2,2,1,,,,,,,,,,,1,2,,400000,2,,41,97,95,1,1,01,4111,52,155.42678832
5365591,1,2,1,70,52,1,4,48,1,,2,156,1,,2,2,1,,,,,,,,,,,1,2,,877803,2,,47,45,45,1,1,01,4711,52,292.29857359
5365597,1,1,1,70,63,1,12,48,1,,2,36,1,,7,2,3,,,,,,,,,,,1,2,,877803,2,,77,16,16,1,1,01,7730,63,144.8193783
5365600,1,1,1,70,63,1,52,40,5,,2,12,4,,9,2,1,,,,1,,,,,,,,2,,1900000,1,1,85,45,39,1,2,01,8544,63,144.8193783
5365600,1,2,1,70,63,1,16,45,1,,2,16,5,,3,2,2,,,,,,,,,,,1,2,,1600000,2,,31,08,21,1,2,01,3110,63,144.8193783
5365608,1,1,1,70,63,1,8,48,4,,2,8,4,,9,2,1,,,,,,,,,,,1,2,,1500000,3,,85,13,13,1,1,01,8544,63,182.37826078
5365615,1,1,1,70,63,1,16,48,3,,2,36,3,,1,2,1,,,,,,,,,,,1,2,,877803,2,,97,54,54,1,2,01,9700,63,95.608404559
5365623,1,2,1,70,63,1,2,40,4,,2,2,4,,1,2,2,,,,,,,,,,,1,2,,1000000,2,,14,79,79,1,1,01,1410,63,99.069126021
5365633,1,4,1,70,63,1,8,48,1,,2,8,4,,1,2,1,,,,,,,,,,,1,2,,908000,2,,47,39,41,1,1,01,4719,63,134.39600506
5365633,1,5,1,70,63,1,24,48,4,,2,24,4,,1,2,1,,,,,,,,,,,1,2,,900000,2,,56,53,53,1,2,01,5611,63,134.39600506
5365643,1,6,1,70,63,1,4,48,1,,2,104,1,,9,2,4,,,,,,,,,,,1,2,,900000,2,,59,32,59,1,1,01,5914,63,81.762904992
5365646,1,4,1,70,63,1,60,48,1,,2,104,1,,9,2,1,,,,,,,,,,,1,2,,908526,2,,14,79,79,1,2,01,1410,63,205.91100262
5365650,1,1,1,70,63,1,8,50,1,,2,18,1,,4,2,2,,,,,,,,,,,1,2,,908526,2,,56,16,97,1,1,01,5611,63,182.97386013
5365651,1,1,1,70,63,1,24,48,4,,2,4,4,,1,2,1,,,,,,,,,,,1,1,100000,900000,2,,96,53,57,1,2,01,9602,63,122.86456649
5365651,1,2,1,70,63,1,30,48,1,,2,40,4,,1,2,1,,,,,,,,,,,1,2,,900000,2,,47,97,97,1,2,01,4711,63,122.86456649
5365653,1,3,1,70,63,1,4,48,1,,2,26,4,,1,2,4,,,,,,,,,,,1,2,,900000,2,,41,93,93,1,1,01,4111,63,222.18809395
5365653,1,4,1,70,63,1,5,54,4,,2,6,4,,1,2,1,,,,,,,,,,,1,2,,800000,2,,45,84,84,1,1,01,4542,63,222.18809395
5365659,1,2,1,70,63,1,8,48,3,,2,40,1,,3,2,1,,,,,,,,,,,1,2,,600000,2,,56,54,53,1,1,01,5611,63,139.72281159
5365662,1,1,1,70,63,1,2,50,1,,2,2,4,,1,2,7,,,,,,,,,,,1,1,600000,908526,2,,43,87,87,1,1,01,4322,63,115.32671125
5365662,1,2,1,70,63,1,36,44,1,,2,4,1,,4,2,7,,,,,,,,,,,1,2,,900000,2,,47,45,45,1,2,01,4772,63,115.32671125
5365670,1,1,1,70,63,1,50,50,1,,2,60,1,,4,2,8,,,,,,,,,,,1,2,,908526,2,,94,97,39,1,2,01,9491,63,144.8193783
5365671,1,1,1,70,63,1,16,54,1,,2,16,4,,1,2,1,,,,,,,,,,,1,2,,908526,2,,47,95,41,1,2,01,4772,63,222.70655449
5365671,1,2,1,70,63,1,30,48,1,,2,40,4,,1,2,1,,,,,,,,,,,1,2,,908526,2,,81,55,55,1,2,01,8121,63,222.70655449
5365671,1,4,1,70,63,1,28,48,1,,2,50,4,,1,2,1,,,,,,,,,,,1,2,,908526,2,,56,45,53,1,2,01,5611,63,222.70655449
5365671,1,7,1,70,63,1,45,50,1,,2,36,4,,1,2,1,,,,,,,,,,,1,2,,900000,2,,47,45,41,1,2,01,4771,63,222.70655449
5365674,1,4,1,70,63,1,52,48,1,,2,5,4,,1,2,7,,,,,,,,,,,1,1,200000,908526,2,,43,95,95,1,2,01,4330,63,132.80006181
5365678,1,2,1,70,66,1,2,48,4,,2,4,4,,9,2,1,,,1,,,,,,,,,1,1200000,1100000,1,1,84,32,32,1,1,01,8412,66,276.51316651
5365682,1,2,1,70,66,1,36,48,1,,2,36,1,,9,2,1,,,,,,,,,,,1,2,,1200000,2,,49,98,98,1,2,01,4923,66,273.87797429
5365682,1,3,1,70,66,1,4,48,1,,2,4,1,,3,2,1,,,,,,,,,,,1,1,900000,900000,2,,47,45,45,1,1,01,4772,66,273.87797429
5365685,1,1,1,70,66,1,39,48,1,,2,39,1,,5,2,1,,,,,,,,,,,1,2,,877803,2,,41,95,95,1,2,01,4111,66,363.36360899
5365691,1,2,1,70,66,1,32,48,4,,2,24,1,,3,2,1,,,,,,,,,,,1,2,,900000,2,,56,98,97,1,2,01,5611,66,311.46492732
5365720,1,2,1,70,66,1,4,48,1,,2,16,1,,9,2,2,,,,,,,,,,,1,2,,900000,2,,49,39,39,1,1,01,4921,66,387.91440619
5365721,1,1,1,70,66,1,25,48,1,,2,25,1,,9,2,2,,,,,,,,,,,1,2,,908826,2,,49,58,98,1,2,01,4923,66,358.78681028
5365731,2,1,2,70,66,1,16,48,3,,2,16,3,,1,2,1,,,,,,,,,,,1,2,,908526,2,,97,54,54,1,2,01,9700,66,345.7618077
5365731,2,2,2,70,66,1,12,48,1,,2,12,2,,9,2,1,,,,,,,,,,,1,2,,908526,2,,84,58,58,1,1,01,8422,66,345.7618077
5365737,1,3,1,70,66,1,8,40,1,,2,8,4,,9,2,1,,,1,,,,,,,,,2,,1500000,1,2,84,19,19,1,1,01,8413,66,232.1782684
5365737,1,4,1,70,66,1,12,40,1,,2,12,4,,9,2,1,,,1,,,,,,,,,2,,1500000,1,1,85,13,13,1,1,01,8544,66,232.1782684
5365744,1,4,1,70,66,1,26,48,1,,1,,,,,,,,.,,,,,,,,.,,,,900000,,,,45,,1,2,01,.,66,273.87797429
5365748,1,6,1,70,66,1,10,48,1,,2,10,1,,3,2,8,,,,,,,,,,,1,2,,800000,2,,47,53,45,1,1,01,4761,66,462.89207998
5365751,1,3,1,70,66,1,2,48,1,,2,2,1,,3,2,1,,,,,,,,,,,1,1,900000,900000,2,,42,95,95,1,1,01,4210,66,458.78365322
5365756,1,4,1,70,66,1,24,40,1,,2,24,1,,7,2,1,,,1,,,,,,,,,2,,2000000,1,2,61,21,21,1,2,01,6110,66,215.23134753
5365760,1,1,1,70,66,1,52,48,1,,2,6,3,,1,2,1,,,,,,,,,,,1,2,,800000,2,,97,79,54,1,2,01,9700,66,508.61783134
5365761,1,3,1,70,66,1,8,48,1,,2,15,1,,9,2,1,,,,,,,,,,,1,2,,900000,2,,47,97,97,1,1,01,4711,66,273.87797429
5365767,1,3,1,70,66,1,52,48,1,,2,52,1,,3,2,9,ES ADICIONAL DE UNA PERSONA DE OTRO HOGAR,,,,,,,,,,1,2,,1200000,2,,47,16,33,1,2,01,4771,66,258.46188389
5365767,1,4,1,70,66,1,24,48,1,,2,24,1,,4,2,8,,,,,,,,,,,1,2,,908652,2,,56,53,53,1,2,01,5619,66,258.46188389
5365769,1,1,1,70,66,1,16,40,1,,2,32,1,,3,2,1,,,,,,,,,,,1,2,,1000000,2,,56,39,86,1,2,01,5630,66,354.69546368
5365772,1,1,1,70,66,1,8,48,1,,2,8,4,,9,2,1,,,,,,,,,,,1,2,,1800000,2,,84,19,19,1,1,01,8413,66,328.41184818
5365775,1,1,1,70,66,1,14,48,1,,2,48,1,,3,2,1,,,,,,,,,,,1,2,,2500000,2,,47,21,21,1,2,01,4771,66,258.46188389
5365776,1,2,1,70,66,1,4,48,4,,2,4,4,,9,2,1,,,1,,,,,,,,,1,3000000,3000000,1,2,84,39,39,1,1,01,8413,66,311.46492732
5365779,1,2,1,70,66,1,8,40,1,,2,10,1,,5,2,2,,,,,,,,,,,1,2,,1400000,2,,85,13,13,1,1,01,8530,66,432.61674763
5365780,1,3,1,70,66,1,4,48,1,,2,5,1,,2,2,1,,,,,,,,,,,1,1,700000,900000,2,,41,95,95,1,1,01,4111,66,278.90316816
5365784,1,1,1,70,66,1,12,50,1,,2,3,1,,7,2,1,,,1,,,,,,,,,1,2000000,1500000,1,2,42,02,02,1,1,01,4210,66,363.36360899
5365790,1,3,1,70,66,1,18,48,1,,2,18,1,,7,2,1,,,,,,,,,,,1,2,,800000,2,,85,55,55,1,2,01,8530,66,272.97236044
5365802,1,1,1,70,66,1,5,48,1,,2,5,1,,8,2,7,,,,,,,,,,,1,2,,900000,2,,14,38,56,1,1,01,1410,66,342.3561335
5365812,1,2,1,70,66,1,44,48,1,,2,48,4,,1,2,2,,,,,,,,,,,1,2,,877803,2,,47,45,41,1,2,01,4771,66,513.64302521
5365813,1,1,1,70,66,1,40,40,3,,2,8,4,,1,2,1,,,,,,,,,,,1,2,,800000,2,,81,54,55,1,2,01,8121,66,423.94860231
5365819,1,3,1,70,66,1,16,48,1,,2,32,1,,9,2,1,,,,,,,,,,,1,2,,1800000,2,,14,39,39,1,2,01,1410,66,227.15307453
5365822,1,2,1,70,66,1,39,48,1,,2,39,1,,9,2,1,,,,,,,,,,,1,2,,908526,2,,47,32,32,1,2,01,4771,66,358.78681028
5365823,1,2,1,70,66,1,17,48,1,,2,17,1,,9,2,1,,,1,,,,,,,,,2,,1100000,1,1,86,59,59,1,2,01,8621,66,351.59047004
5365828,1,2,1,70,66,1,6,48,1,,2,6,1,,3,2,1,,,,,,,,,,,1,2,,900000,2,,47,45,45,1,1,01,4724,66,380.61142314
5365828,1,3,1,70,66,1,7,48,4,,2,7,4,,1,2,1,,,,,,,,,,,1,2,,900000,2,,53,97,97,1,1,01,5320,66,380.61142314
5365833,1,1,1,70,66,1,18,48,1,,2,20,1,,9,2,2,,,,,1,,,,,,,2,,2000000,2,,35,16,16,1,2,01,3511,66,432.61674763
5365835,1,3,1,70,66,1,13,48,1,,2,14,1,,9,2,1,,,1,,,,,,,,,2,,1800000,1,1,88,19,19,1,1,01,8890,66,284.07695007
5365839,1,1,1,70,66,1,12,48,1,,2,12,1,,6,2,1,,,,,,,,,,,1,2,,908526,2,,31,98,98,1,1,01,3120,66,270.23502284
5365850,1,2,1,70,66,1,12,48,1,,1,,,,,,,,.,,,,,,,,.,,,,877803,,,,16,,1,1,01,.,66,392.38456208
5365851,1,1,1,70,66,1,9,48,1,,2,10,1,,4,2,2,,,,,,,,,,,1,2,,900000,2,,47,45,45,1,1,01,4771,66,351.59047004
5365859,1,4,1,70,66,1,24,48,1,,2,24,1,,9,2,1,,,,,,,,,,,1,2,,908526,2,,49,97,97,1,2,01,4923,66,290.30865107
5365859,1,5,1,70,66,1,40,48,1,,2,40,4,,1,2,1,,,,,,,,,,,1,2,,908526,2,,96,97,59,1,2,01,9609,66,290.30865107
5365865,1,2,1,70,66,1,32,48,1,,2,32,1,,4,2,2,,,,,,,,,,,1,2,,908000,2,,56,53,53,1,2,01,5611,66,351.59047004
5365888,1,7,1,70,70,1,4,48,3,,2,48,4,,2,2,1,,,,,,,,,,,1,2,,600000,2,,47,54,45,1,1,01,4771,70,248.7611429
5365894,1,3,1,70,70,1,6,48,1,,2,8,1,,4,2,1,,,,,,,,,,,1,2,,908526,2,,47,45,97,1,1,01,4719,70,128.20440789
5365905,1,3,1,70,73,1,6,40,3,,2,6,3,,2,2,2,,,,,,,,,,,1,2,,800000,2,,97,54,54,1,1,01,9700,73,206.88138078
5365907,1,2,1,70,73,1,80,48,1,,2,85,1,,9,2,2,,,,,,,,,,,1,2,,908526,2,,61,59,44,1,2,01,6110,73,471.23130265
5365912,1,2,1,70,73,1,4,48,1,,2,4,1,,3,2,1,,,,,,,,,,,1,2,,900000,2,,56,53,33,1,1,01,5611,73,336.64126229
5365923,1,2,1,70,73,1,52,52,1,,2,52,1,,9,2,2,,,,,,,,,,,1,2,,1000000,2,,46,44,44,1,2,01,4631,73,291.23946912
5365929,1,1,1,70,73,1,8,48,1,,2,8,1,,8,2,3,,,,,,,,,,,1,2,,1000000,2,,85,59,59,1,1,01,8544,73,471.23130265
5365932,1,3,1,70,73,1,26,48,1,,2,40,1,,3,2,1,,,,,,,,,,,1,2,,1000000,2,,73,16,16,1,2,01,7310,73,377.15972715
5365935,1,1,1,70,73,1,16,48,1,,2,41,1,,4,2,1,,,,,,,,,,,1,2,,908000,2,,14,79,79,1,2,01,1410,73,237.39588131
5365956,1,2,1,70,73,1,26,48,1,,2,26,1,,3,2,2,,,,,,,,,,,1,2,,1000000,2,,96,57,57,1,2,01,9602,73,534.43830946
5365963,1,1,1,70,73,1,30,40,3,,2,30,3,,2,2,1,,,,,,,,,,,1,2,,800000,2,,97,54,54,1,2,01,9700,73,181.96887263
5365963,1,3,1,70,73,1,28,48,1,,2,28,1,,9,2,1,,,,,,,,,,,1,2,,950000,2,,47,39,39,1,2,01,4752,73,181.96887263
5365964,1,2,1,70,73,1,8,40,1,,2,8,1,,2,2,2,,,,,,,,,,,1,2,,1000000,2,,49,98,98,1,1,01,4923,73,246.4289698
5365982,1,1,1,70,73,1,26,48,1,,2,40,1,,9,2,2,,,,,,,,,,,1,2,,1500000,2,,66,44,44,1,2,01,6619,73,231.97263236
5365983,1,2,1,70,73,1,52,48,1,,2,52,1,,9,2,2,,,,,,,,,,,1,2,,1500000,2,,66,44,44,1,2,01,6619,73,276.81474538
5365989,1,1,1,70,73,1,44,48,1,,2,44,4,,9,2,4,,,,,,,,,,,1,2,,1500000,2,,84,39,39,1,2,01,8413,73,385.91709539
5365993,1,2,1,70,73,1,24,40,1,,2,24,1,,9,2,1,,,1,,,,,,,,,2,,2000000,1,2,47,40,40,1,2,01,4741,73,217.22819119
5365999,1,1,1,70,73,1,24,48,1,,2,24,1,,4,2,1,,,,,,,,,,,1,2,,900000,2,,41,95,95,1,2,01,4111,73,218.81763336
5366003,1,5,1,70,73,1,6,45,1,,2,6,1,,7,2,4,,,,,,,,,,,1,2,,1000000,2,,47,33,33,1,1,01,4752,73,448.55380897
5366004,1,1,1,70,73,1,12,48,1,,2,12,1,,7,2,2,,,,,,,,,,,1,2,,1000000,2,,94,21,21,1,1,01,9499,73,471.23130265
5366007,1,1,1,70,73,1,12,48,1,,2,12,1,,9,2,2,,,,,,,,,,,1,2,,1200000,2,,41,32,32,1,1,01,4111,73,397.96458575
5366010,1,3,1,70,73,1,12,48,2,,1,,,,,,,,.,,,,,,,,.,,,,1200000,,,,58,,1,1,01,.,73,382.29664276
5366017,1,2,1,70,76,1,48,48,4,,2,48,4,,3,2,2,,,,,,,,,,,1,2,,908526,2,,90,17,17,1,2,01,9007,76,1074.6951795
5366018,1,3,1,70,76,1,52,48,1,,2,52,4,,9,2,5,,,,,,,,,,,1,2,,1500000,2,,84,39,39,1,2,01,8412,76,940.33992237
5366022,1,3,1,70,76,1,8,48,1,,2,8,1,,3,2,8,,,,,,,,,,,1,2,,908526,2,,45,84,84,1,1,01,4520,76,1081.5342493
5366024,1,1,1,70,76,1,48,48,1,,2,4,1,,2,2,1,,,,,,,,,,,1,2,,908526,2,,14,79,79,1,2,01,1410,76,1524.3913856
5366026,1,3,1,70,76,1,36,48,1,,2,36,1,,9,2,6,,,,,,,,,,,1,1,100000,1000000,2,,10,39,39,1,2,01,1020,76,662.47128563
5366026,1,4,1,70,76,1,24,48,1,,2,36,1,,7,2,4,,,,,,,,,,,1,2,,900000,2,,85,32,32,1,2,01,8551,76,662.47128563
5366027,1,2,1,70,76,1,1,48,1,,2,37,1,,3,2,3,,,,,,,,,,,1,2,,920000,2,,56,53,53,1,1,01,5611,76,1513.0681443
5366029,1,1,1,70,76,1,3,48,4,,2,4,1,,4,2,4,,,,,,,,,,,1,1,600000,800000,2,,56,53,53,1,1,01,5611,76,1389.0078503
5366029,1,4,1,70,76,1,4,48,1,,2,5,1,,3,2,7,,,,,,,,,,,1,2,,800000,2,,43,95,85,1,1,01,4321,76,1389.0078503
5366041,1,2,1,70,,1,50,48,1,,2,54,4,,9,2,4,,,1,,,,,,,,,2,,877803,1,1,20,33,45,1,2,01,2023,25,1318.6844586
5366043,1,3,1,70,,1,28,48,1,,2,28,1,,9,2,4,,,,,,,,,,,1,2,,98,2,,06,02,02,1,2,01,0610,25,2014.7766139
5366045,1,3,1,70,,1,32,48,1,,2,48,1,,2,2,2,,,,,,,,,,,1,2,,877803,2,,56,53,45,1,2,01,5619,25,1902.6603791
5366055,1,1,1,70,,1,52,48,1,,2,240,2,,9,2,7,,,,,,,,,,,1,2,,908526,2,,43,37,03,1,2,01,4321,25,1903.9168344
5366057,1,2,1,70,,1,50,48,1,,2,53,1,,9,2,4,,,,,,,,,,,1,2,,877803,2,,56,53,53,1,2,01,5611,25,2312.5693251
5366066,1,1,1,70,,1,52,48,1,,2,2,1,,7,1,1,,,,,,,,,,,1,1,680000,900000,2,,47,45,45,1,2,01,4711,25,1897.8672127
5366070,1,3,1,70,,1,48,48,1,,2,52,2,,9,2,4,,,,,,,,,,,1,2,,1500000,2,,84,39,39,1,2,01,8424,25,1993.452942
5366071,1,3,1,70,,1,6,48,1,,2,40,1,,7,2,1,,,,,,,,,,,1,2,,877803,2,,41,54,44,1,1,01,4111,25,1741.295424
5366073,1,2,1,70,,1,16,48,1,,2,16,1,,5,2,1,,,,,,,,,,,1,2,,877803,2,,46,45,45,1,2,01,4631,25,2181.2876297
5366075,1,2,1,70,,1,24,20,1,,2,52,1,,4,2,1,,,,,,,,,,,1,2,,600000,2,,55,45,53,1,2,01,5511,25,1247.2925264
5366081,1,1,1,70,,1,24,48,1,,2,52,1,,5,2,4,,,,,,,,,,,1,2,,1500000,2,,68,58,58,1,2,01,6820,25,2320.4781781
5366081,1,3,1,70,,1,24,48,1,,2,24,1,,5,2,4,,,,,,,,,,,1,2,,2500000,2,,68,21,21,1,2,01,6820,25,2320.4781781
5366082,1,3,1,70,,1,156,48,1,,1,,,,,,,,.,,,,,,,,.,,,,877803,,,,13,,1,2,01,.,25,1257.6983993
5366100,1,1,1,70,,1,2,48,1,,2,2,1,,8,2,7,,,,,,,,,,,1,1,1200000,950000,2,,01,98,37,1,1,01,0145,25,1741.295424
5366101,1,3,1,70,,1,24,48,1,,2,24,1,,7,2,4,,,,,,,,,,,1,2,,908000,2,,47,97,45,1,2,01,4772,25,1993.452942
5366102,1,1,1,70,,1,104,48,3,,2,52,3,,1,2,1,,,,,,,,,,,1,2,,2000000,2,,97,98,98,1,2,01,9700,25,1598.6555999
5366102,1,2,1,70,,1,40,48,1,,2,40,1,,6,2,1,,,,,,,,,,,1,2,,2000000,2,,41,03,03,1,2,01,4111,25,1598.6555999
5366105,1,1,1,70,,1,40,40,4,,2,40,4,,1,2,1,,,,,,,,,,,1,2,,1200000,2,,41,95,95,1,2,01,4111,25,1562.9596337
5366110,1,3,1,70,,1,8,48,1,,2,8,1,,9,2,4,,,,,,,,,,,1,2,,877803,2,,64,33,33,1,1,01,6412,25,1293.3943654
5366113,1,5,1,70,,1,8,48,1,,2,8,1,,2,2,1,,,,,,,,,,,1,2,,877803,2,,41,95,95,1,1,01,4111,25,1813.8606965
5366117,1,1,1,70,,1,99,48,1,,2,520,1,,9,2,2,,,,,,,,,,,1,2,,877803,2,,10,45,45,1,2,01,1081,25,1993.452942
5366120,1,2,1,70,,1,50,48,1,,2,52,4,,1,2,1,,,,,,,,,,,1,2,,877803,2,,47,93,45,1,2,01,4781,25,2177.8383539
5366145,1,1,1,70,,1,16,48,4,,2,44,4,,1,2,1,,,,,,,,,,,1,2,,1800000,2,,41,99,95,1,2,01,4111,25,1903.9168344
5366149,1,2,1,70,,1,4,48,1,,2,4,1,,4,2,4,,,,,,,,,,,1,1,877803,908526,2,,47,45,45,1,1,01,4772,25,2010.8606924
5366149,1,3,1,70,,1,4,48,1,,2,4,1,,9,2,6,,,,,,,,,,,1,1,877803,908526,2,,47,45,45,1,1,01,4771,25,2010.8606924
5366150,1,2,1,70,,1,48,48,1,,2,48,1,,9,2,1,,,,,,,,,,,1,2,,908526,2,,47,45,45,1,2,01,4759,25,2048.0531863
5366164,1,1,1,70,,1,52,48,4,,2,4,4,,1,2,1,,,,,,,,,,,1,2,,1200000,2,,81,55,54,1,2,01,8121,25,1623.9456931
5366172,1,2,1,70,,1,24,48,4,,2,24,4,,1,2,1,,,,,,,,,,,1,2,,908526,2,,81,54,54,1,2,01,8121,25,1734.9864248
5366172,1,3,1,70,,1,40,48,1,,2,40,1,,3,2,4,,,,,,,,,,,1,2,,877803,2,,68,58,58,1,2,01,6820,25,1734.9864248
5366179,1,1,1,70,,1,8,65,1,,2,8,1,,2,2,1,,,,,,,,,,,1,2,,908526,2,,35,96,96,1,1,01,3520,25,1902.6603791
5366183,1,1,1,70,,1,4,48,1,,2,4,1,,2,2,7,,,,,,,,,,,1,1,1000000,800000,2,,41,95,95,1,1,01,4111,25,1903.9168344
5366185,1,1,1,70,,1,4,48,1,,1,,,,,,,,.,,,,,,,,.,,,,98,,,,45,,1,1,01,.,25,1772.6351389
5366196,1,2,1,70,,1,24,48,1,,2,8,1,,2,2,3,,,,,,,,,,,1,2,,908526,2,,56,45,53,1,2,01,5630,25,1776.9913901
5366202,1,2,1,70,,1,4,48,1,,2,4,1,,3,2,2,,,,,,,,,,,1,2,,908526,2,,56,53,53,1,1,01,5611,25,1876.0263952
5366202,1,3,1,70,,1,40,48,1,,2,40,1,,4,2,1,,,,,,,,,,,1,2,,1000000,2,,41,55,55,1,2,01,4111,25,1876.0263952
5366207,1,5,1,70,,1,30,48,4,,1,,,,,,,,.,,,,,,,,.,,,,908526,,,,57,,1,2,01,.,25,1877.626249
5366215,1,2,1,70,,1,4,48,1,,1,,,,,,,,.,,,,,,,,.,,,,877803,,,,44,,1,1,01,.,25,1593.0428935
5366271,1,4,1,70,,1,2,40,1,,2,5,1,,3,2,1,,,,,,,,,,,1,2,,600000,2,,47,45,45,1,1,01,4772,44,947.07678969
5366279,1,2,1,70,,1,8,60,3,,2,10,3,,1,2,1,,,,,,,,,,,1,2,,250000,2,,97,54,54,1,1,01,9700,44,571.60905754
5366290,1,4,1,70,,1,70,48,1,,2,76,1,,2,2,2,,,,,,,,,,,1,2,,900000,2,,96,03,21,1,2,01,9601,44,484.93392906
5366304,1,3,1,70,,1,26,60,1,,2,28,1,,9,2,1,,,,,,,,,,,1,2,,2000000,2,,86,07,07,1,2,01,8621,44,533.05081639
5366330,1,2,1,70,,1,12,48,2,,2,52,1,,7,2,1,,,1,,,,,,,,,2,,2000000,1,2,86,21,21,1,1,01,8621,44,1415.0908605
5366343,1,2,1,70,15,1,80,48,1,,1,,,,,,,,.,,,,,,,,.,,,,2500000,,,,02,,1,2,01,.,15,110.15836245
5366350,1,1,1,70,17,1,4,48,4,,2,4,4,,1,2,6,,,,,,,,,,,1,1,500000,1000000,2,,45,84,84,1,1,01,4520,17,157.69958717
5366350,1,3,1,70,17,1,4,40,1,,2,4,1,,9,2,4,,,,,,,,,,,1,1,1130000,908000,2,,88,13,13,1,1,01,8890,17,157.69958717
5366371,1,2,1,70,17,1,104,48,1,,1,,,,,,,,.,,,,,,,,.,,,,2000000,,,,34,,1,2,01,.,17,201.3415591
5366374,1,2,1,70,17,1,53,40,1,,2,53,1,,4,2,1,,,1,,,,,,,,,2,,1000000,1,2,69,12,12,1,2,01,6910,17,200.8167642
5366381,1,1,1,70,17,1,44,48,1,,2,44,3,,1,2,1,,,,,,,,,,,1,1,370000,908000,2,,97,32,59,1,2,01,9700,17,194.31392942
5366384,1,1,1,70,17,1,11,45,2,,2,11,2,,9,2,4,,,,,,,,,,,1,2,,2500000,2,,84,18,18,1,1,01,8412,17,190.79948362
5366401,1,2,1,70,17,1,7,48,1,,2,7,1,,9,2,9,PAGA COMO INDEPENDIENTE,,,,,,,,,,1,2,,877802,2,,25,03,83,1,1,01,2593,17,209.33356072
5366405,1,3,1,70,17,1,50,48,4,,2,50,4,,1,2,1,,,,,,,,,,,1,2,,950000,2,,49,98,98,1,2,01,4921,17,268.2602327
5366405,1,4,1,70,17,1,4,48,1,,2,4,1,,6,2,1,,,,,,,,,,,1,1,980000,1500000,2,,47,32,45,1,1,01,4771,17,268.2602327
5366418,1,2,1,70,17,1,40,60,1,,2,40,4,,1,2,1,,,1,,,,,,,,,2,,1200000,1,2,49,98,98,1,2,01,4921,17,193.87702367
5366423,1,2,1,70,17,1,8,48,1,,2,8,4,,9,2,7,,,,,,,,,,,1,2,,1500000,2,,84,18,34,1,1,01,8412,17,142.85620403
5366426,1,2,1,70,17,1,30,48,1,,2,96,1,,9,2,8,,,,,,,,,,,1,1,500000,908000,2,,61,39,39,1,2,01,6190,17,223.28922793
5366439,1,2,1,70,20,1,8,48,4,,2,8,4,,3,2,1,,,,,,,,,,,1,2,,900000,2,,56,53,53,1,1,01,5619,20,139.00457289
5366459,1,1,1,70,50,1,30,48,1,,2,35,4,,6,2,1,,,,,,,,,,,1,2,,3000000,2,,69,11,11,1,2,01,6920,50,292.17242218
5366467,1,3,1,70,50,1,32,48,4,,2,32,4,,1,2,1,,,,,,,,,,,1,2,,800000,2,,81,55,55,1,2,01,8121,50,214.38779513
5366467,1,5,1,70,50,1,25,48,1,,2,28,1,,9,2,1,,,,,,,,,,,1,2,,900000,2,,10,97,97,1,2,01,1051,50,214.38779513
5366467,1,6,1,70,50,1,8,48,1,,1,,,,,,,,.,,,,,,,,.,,,,1000000,,,,87,,1,1,01,.,50,214.38779513
5366467,1,10,1,70,50,1,20,48,1,,2,20,1,,3,2,1,,,,,,,,,,,1,2,,1000000,2,,47,33,33,1,2,01,4711,50,214.38779513
5366470,1,2,1,70,50,1,2,48,4,,2,45,4,,1,2,1,,,,,,,,,,,1,2,,906000,2,,56,45,45,1,1,01,5619,50,339.53669703
5366473,1,3,1,70,50,1,4,48,1,,2,46,2,,9,2,1,,,1,,,,,,,,,2,,5000000,1,1,85,02,13,1,1,01,8544,50,193.88065314
5366492,1,1,1,70,50,1,4,48,4,,2,40,4,,1,2,1,,,,,,,,,,,1,2,,1500000,3,,65,44,44,1,1,01,6511,50,288.03991219
5366497,1,1,1,70,50,1,4,48,4,,2,2,4,,9,2,1,,,1,,,,,,,,,1,3000000,2500000,1,1,84,05,05,1,1,01,8413,50,325.47132375
5366502,1,2,1,70,50,1,1,48,2,,2,52,2,,9,2,2,,,,,,,,,,,1,2,,2800000,2,,85,13,13,1,1,01,8530,50,255.1699956
5366504,1,3,1,70,50,1,4,48,1,,2,52,1,,2,2,2,,,,,,,,,,,1,2,,906000,2,,33,33,03,1,1,01,3312,50,292.17242218
5366505,1,4,1,70,50,1,20,50,1,,2,22,1,,4,2,1,,,,,,,,,,,1,2,,700000,2,,47,45,45,1,2,01,4771,50,306.46634985
5366507,1,3,1,70,50,1,4,48,1,,2,6,1,,4,2,1,,,,,,,,,,,1,2,,906000,2,,94,13,13,1,1,01,9499,50,232.07750586
5366509,1,1,1,70,50,1,32,48,1,,2,32,1,,3,2,1,,,,,,,,,,,1,2,,878000,2,,14,79,79,1,2,01,1410,50,208.0722409
5366520,1,1,1,70,50,1,24,48,3,,2,32,1,,9,2,1,,,,,,,,,,,1,2,,908000,2,,85,55,55,1,2,01,8530,50,186.90755955
5366521,1,2,1,70,50,1,8,48,4,,2,8,1,,7,2,7,,,,,,,,,,,1,2,,1000000,2,,45,45,45,1,1,01,4541,50,339.76525142
5366526,1,3,1,70,50,1,52,30,1,,2,56,1,,3,2,2,,,,,,,,,,,1,2,,800000,2,,53,97,37,1,2,01,5320,50,298.81462149
5366538,1,2,1,70,50,1,4,48,1,,2,156,1,,2,2,1,,,,,,,,,,,1,2,,900000,2,,56,55,53,1,1,01,5611,50,311.42704587
5366541,1,3,1,70,50,1,4,48,1,,2,4,1,,3,2,1,,,,,,,,,,,1,1,800000,900000,2,,47,45,33,1,1,01,4711,50,297.66444309
5366542,1,2,1,70,50,1,20,48,4,,2,30,4,,1,2,1,,,,,,,,,,,1,2,,900000,2,,81,55,55,1,2,01,8121,50,297.66444309
5366546,1,2,1,70,50,1,30,24,1,,2,52,1,,4,2,2,,,,,,,,,,,1,2,,906000,2,,41,53,95,1,2,01,4111,50,293.32260058
5366546,1,3,1,70,50,1,52,24,1,,2,52,1,,3,2,2,,,,,,,,,,,1,2,,906000,2,,56,53,53,1,2,01,5611,50,293.32260058
5366546,1,4,1,70,50,1,24,24,1,,1,,,,,,,,.,,,,,,,,.,,,,906000,,,,53,,1,2,01,.,50,293.32260058
5366551,1,3,1,70,50,1,70,48,2,,2,70,4,,9,2,4,,,,,,,,,,,1,2,,906000,2,,84,39,39,1,2,01,8413,50,156.87822656
5366560,1,2,1,70,76,1,10,24,1,,2,44,4,,1,2,1,,,,,,,,,,,1,2,,440000,2,,47,39,45,1,1,01,4792,76,3040.9129005
5366707,1,2,1,70,05,1,4,48,1,,2,100,1,,2,2,1,,,,,,,,,,,1,2,,909000,2,,56,97,53,1,1,01,5619,05,1830.680593
5366714,1,1,1,70,19,1,52,45,1,,2,52,4,,3,2,4,,,,,,,,,,,1,2,,980000,2,,43,39,93,1,2,01,4330,19,122.4864606
5366768,1,3,1,70,,1,36,48,3,,1,,,,,,,,.,,,,,,,,.,,,,878000,,,,54,,1,2,01,.,05,11688.391426
5366779,1,2,1,70,18,1,1,41,4,,2,4,4,,1,2,2,,,,,,,,,,,1,1,700000,600000,2,,45,84,84,1,1,01,4541,18,97.630924596
5366787,1,3,1,70,76,1,3,48,1,,2,3,1,,9,2,4,,,,,,,,,,,1,1,1000000,877807,2,,46,45,45,1,1,01,4631,76,1045.7969214
5366909,1,1,1,70,,1,8,40,3,,2,42,1,,2,2,1,,,,,,,,,,,1,2,,850000,2,,56,54,53,1,1,01,5619,27,915.80830336
5366910,1,2,1,70,,1,24,48,1,,2,30,4,,1,2,3,,,,,,,,,,,1,2,,877803,2,,81,33,55,1,2,01,8129,25,2028.3293682
5366910,1,3,1,70,,1,12,48,4,,2,48,4,,1,2,4,,,,,,,,,,,1,2,,877803,2,,81,45,55,1,1,01,8129,25,2028.3293682
5366935,1,1,1,70,08,1,2,48,1,,2,4,1,,6,2,9,SE ENCUENTRA AFILIADO POR TENER UN MES EN QUEDAR DESEMPLEADO,,,,,,,,,,1,2,,908526,2,,46,98,98,1,1,01,4663,08,734.0465581
5366936,1,3,1,70,11,1,48,24,1,,1,,,,,,,,.,,,,,,,,.,,,,1200000,,,,38,,1,2,01,.,11,1894.2000676
5366937,1,4,1,70,11,1,12,48,1,,1,,,,,,,,.,,,,,,,,.,,,,908526,,,,79,,1,1,01,.,11,3122.4674683
5366944,1,4,1,70,13,1,36,48,1,,1,,,,,,,,.,,,,,,,,.,,,,800000,,,,45,,1,2,01,.,13,485.36872295
5366946,1,1,1,70,13,1,24,48,1,,2,40,1,,9,2,1,,,,,,,,,,,1,2,,908526,2,,85,55,55,1,2,01,8530,13,819.11962039
5366951,1,1,1,70,20,1,12,48,1,,2,12,1,,9,2,1,,,,,,,,,,,1,2,,1200000,2,,86,06,06,1,1,01,8610,20,191.77755976
5366951,1,3,1,70,20,1,24,48,4,,2,24,1,,8,2,1,,,,,,,,,,,1,2,,877000,2,,86,59,32,1,2,01,8621,20,191.77755976
5366951,1,4,1,70,20,1,16,48,1,,2,16,1,,5,2,1,,,,,,,,,,,1,2,,877000,1,2,82,97,97,1,2,01,8230,20,191.77755976
5366955,1,1,1,70,20,1,28,48,1,,2,28,4,,2,2,8,,,,,,,,,,,1,2,,400000,2,,56,53,77,1,2,01,5619,20,269.92371865
5366961,1,1,1,70,63,1,24,48,1,,2,40,4,,1,2,7,,,,,,,,,,,1,2,,720000,2,,31,95,95,1,2,01,3110,63,129.9544458
5366961,1,5,1,70,63,1,4,50,3,,2,104,1,,4,2,8,,,,,,,,,,,1,2,,908526,2,,56,54,53,1,1,01,5611,63,129.9544458
5366962,1,3,1,70,66,1,48,48,1,,1,,,,,,,,.,,,,,,,,.,,,,800000,,,,97,,1,2,01,.,66,331.45007906
5366962,1,7,1,70,66,1,24,48,1,,1,,,,,,,,.,,,,,,,,.,,,,900000,,,,97,,1,2,01,.,66,331.45007906
5366963,1,2,1,70,66,1,2,48,4,,2,2,4,,1,2,1,,,,,,,,,,,1,1,550000,600000,2,,38,99,99,1,1,01,3830,66,182.00233793
5366990,1,2,1,70,,1,2,48,1,,2,40,1,,2,2,8,,,,,,,,,,,1,2,,877803,2,,49,95,97,1,1,01,4921,25,1792.2758421
5366990,1,6,1,70,,1,4,48,1,,2,2,1,,4,2,1,,,,,,,,,,,1,2,,877803,2,,56,53,53,1,1,01,5611,25,1792.2758421
5366991,1,2,1,70,,1,52,48,1,,2,52,1,,5,2,7,,,,,,,,,,,1,2,,908000,2,,55,33,39,1,2,01,5511,25,1197.8086361
5367011,1,1,1,70,15,1,3,40,1,,2,3,1,,8,2,2,,,,,,,,,,,1,1,877000,877803,2,,46,45,45,1,1,01,4644,15,208.03489197
5367012,1,2,1,70,17,1,8,48,1,,2,12,1,,6,2,1,,,,,,,,,,,1,2,,877802,2,,47,97,97,1,1,01,4711,17,193.7878726
5367012,1,3,1,70,17,1,1,24,1,,1,,,,,,,,.,,,,,,,,.,,,,700000,,,,38,,1,1,01,.,17,193.7878726
5367014,1,4,1,70,23,1,20,48,1,,2,25,1,4,9,2,1,,,,,,,,,,,1,2,,900000,2,,47,45,45,1,2,01,4759,23,157.46563846
5367017,1,1,1,70,27,1,6,40,3,,2,200,3,,1,2,1,,,,,,,,,,,1,2,,800000,2,,97,54,54,1,1,01,9700,27,34.603350063
5367018,1,1,1,70,27,1,1,40,3,,2,52,3,,1,2,7,,,,,,,,,,,1,2,,400000,2,,97,54,54,1,1,01,9700,27,87.446918242
5367023,1,1,1,70,,1,16,48,1,,2,40,4,,1,2,1,,,,,,,,,,,1,2,,877803,2,,82,33,44,1,2,01,8291,25,1902.6603791
