DIRECTORIO,SECUENCIA_P,ORDEN,HOGAR,REGIS,CLASE,P388,P6440,P6450,P6460,P6460S1,P6400,P6410,P6410S1,P6422,P6424S1,P6424S2,P6424S3,P6426,P6430S1,P6480,P6480S1,P9440,P6500,P6510,P6510S1,P6510S2,P6590,P6590S1,P6600,P6600S1,P6610,P6610S1,P6620,P6620S1,P6585S1,P6585S1A1,P6585S1A2,P6585S2,P6585S2A1,P6585S2A2,P6585S3,P6585S3A1,P6585S3A2,P6585S4,P6585S4A1,P6585S4A2,P6545,P6545S1,P6545S2,P6580,P6580S1,P6580S2,P6630S1,P6630S1A1,P6630S2,P6630S2A1,P6630S3,P6630S3A1,P6630S4,P6630S4A1,P6630S6,P6630S6A1,P6640,P6640S1,P6765,P6765S1,P6772,P6772S1,P6773S1,P6775,P6750,P6760,P550,P6780,P6780S1,P6790,P1800,P1800S1,P1801S1,P1801S2,P1801S3,P1802,P1879,P1805,P6800,P6810,P6810S1,P6850,P6830,P6830S1,P6870,P6880,P6880S1,P6915,P6915S1,P6920,P6930,P6940,P6960,P6980,P6980S1,P6980S2,P6980S3,P6980S4,P6980S5,P6980S6,P6980S7,P6980S7A1,P6980S8,P6990,P9450,P7020,P760,P7026,P7028,P7028S1,P7040,P390,P7045,P7050,P7050S1,P7070,P7075,P7077,P1880,P1881,P1882,P3148,P7090,P7100,P7110,P7120,P7130,P7140,P7140S1,P7140S2,P7140S3,P7140S4,P7140S5,P7140S6,P7140S7,P7140S8,P7140S9,P7140S9A1,P7150,P7160,P7170S1,P7170S5,P7170S6,P7180,P514,P515,P7240,P7240S1,OFICIO,RAMA2D_R4,OCI,MES,P6430,RAMA4D_R4,INGLABO,DPTO,fex_c_2011,RAMA4DP8_R4
5345410,1,3,1,60,2,41,2,,,,,,,,,,,550,,,,,,,,,,,,,,,,,,,,,,,,,,,,,,,,,,,,,,,,,,,,,,,6,,,,,2,200000,1,3000000,2,,12,2,,,,,2,3,2,40,,.,32,6,,1,8,,2,,2,,,,1,,,,,,,,,1,2,2,2,,,,,2,,,,,,,,,3,20,2,2,,,,2,,,,,,,,,,,,,,1,1,1,2,2,1,3,,62,01,1,01,4,0123,200000,41,946.35040591,
5345412,1,1,1,60,2,41,1,2,1,,1,,,1,1,1,1,96,,5,,2,3800000,2,,,2,,2,,2,,2,,2,,,2,,,2,,,2,,,2,,,2,,,1,3800000,1,1900000,1,1900000,2,,2,,2,,,.,,,,,,,,,.,12,,,,,,,,,48,,.,0,3,,9,1,,1,,1,3,1,8,1,1,,,,,,,,,2,2,1,4,12,1,,2,,,,,,,,1,14,,,2,,,,2,,,,,,,,,,,,,,1,1,1,1,1,1,1,,13,84,1,01,2,8413,3800000,41,916.85496865,
5345414,1,1,1,60,2,41,2,,,,,,,,,,,360,,,,,,,,,,,,,,,,,,,,,,,,,,,,,,,,,,,,,,,,,,,,,,,6,,,,,2,80000,1,800000,2,,12,2,,,,,2,3,2,40,,.,0,6,,1,8,,2,,2,,,,1,,,,,,1,,,,2,2,1,0,12,3,,2,,,,,,,,3,3,10,2,2,,,,2,,,,,,,,,,,,,,1,1,1,2,2,1,3,,62,01,1,01,4,0123,80000,41,1579.565167,
5345414,1,5,1,60,2,41,2,,,,,,,,,,,60,,,,,,,,,,,,,,,,,,,,,,,,,,,,,,,,,,,,,,,,,,,,,,,6,,,,,2,200000,1,3000000,2,,12,2,,,,,2,1,1,40,,.,0,6,,1,8,,2,,2,,,,1,,,,,,1,,,,2,2,1,0,1,4,,2,,,,,,,,1,11,5,2,1,40,1,1,2,,,,,,,,,,,,,,1,1,1,2,2,1,10,BUSCANDO  OTRO TRABAJO,62,01,1,01,4,0123,200000,41,1579.565167,
5345414,1,8,1,60,2,41,1,1,,,1,,,1,2,2,2,60,,1,,2,600000,2,,,2,,2,,2,,2,,2,,,2,,,2,,,2,,,2,,,2,,,2,,2,,2,,2,,2,,2,,,.,,,,,,,,,.,12,,,,,,,,,40,,.,40,,,2,8,,2,,2,,,,1,,,,,,,,,1,2,2,2,,,,,2,,,,,,,,,11,15,,2,,,,2,,,,,,,,,,,,,,1,1,1,2,1,1,10,BUSCANDO OTRO TRABAJO,62,01,1,01,8,0123,600000,41,1579.565167,
5345414,1,9,1,60,2,41,2,,,,,,,,,,,240,,,,,,,,,,,,,,,,,,,,,,,,,,,,,,,,,,,,,,,,,,,,,,,6,,,,,2,400000,1,3000000,2,,12,2,,,,,2,1,1,40,,.,24,6,,1,8,,2,,2,,,,1,,,,,,,,,1,2,2,2,,,,,2,,,,,,,,,3,30,2,1,24,1,1,2,,,,,,,,,,,,,,1,1,1,2,2,1,3,,62,01,1,01,4,0161,400000,41,1579.565167,
5345415,1,1,1,60,2,41,2,,,,,,,,,,,720,,,,,,,,,,,,,,,,,,,,,,,,,,,,,,,,,,,,,,,,,,,,,,,6,,,,,2,200000,1,3000000,2,,12,2,,,,,2,3,2,48,,.,0,6,,1,8,,2,,2,,,,1,,,,,,1,,,,2,2,2,,,,,2,,,,,,,,,11,5,2,1,40,1,1,2,,,,,,,,,,,,,,1,1,1,2,2,1,10,BUSCANDO MAS TRABAJO,62,01,1,01,4,0123,200000,41,658.85658653,
5345415,1,3,1,60,2,41,2,,,,,,,,,,,60,,,,,,,,,,,,,,,,,,,,,,,,,,,,,,,,,,,,,,,,,,,,,,,6,,,,,2,250000,1,2300000,1,,12,2,,,,,2,1,1,8,1,,0,6,,1,2,,2,,2,,,,1,,,,,,,,,1,2,2,2,,,,,2,,,,,,,,,12,30,2,1,40,2,1,2,,,,,,,,,,,,,,1,1,2,2,2,1,3,,54,81,1,01,4,8121,250000,41,658.85658653,
5345416,1,1,1,60,2,41,2,,,,,,,,,,,12,,,,,,,,,,,,,,,,,,,,,,,,,,,,,,,,,,,,,,,,,,,,,,,7,,2,,,2,20000,1,420000,3,,12,1,1,0,0,1,3,3,2,84,,.,50,1,,2,1,,3,,2,,,,1,,,,,,,,,1,2,2,1,0,120,4,,2,,,,,,,,9,14,,2,2,,,,2,,,,,,,,,,,,,,1,1,1,2,1,1,3,,41,47,1,01,4,4711,20000,41,597.85229061,
5345416,1,2,1,60,2,41,2,,,,,,,,,,,60,,,,,,,,,,,,,,,,,,,,,,,,,,,,,,,,,,,,,,,,,,,,,,,6,,,,,2,50000,1,900000,2,,12,2,,,,,1,9,2,48,,.,48,,,1,8,,1,,3,,,,,.,,,,,,,,,2,2,1,0,240,2,,2,,,,,,,,4,11,30,,2,,,,2,,,,,,,,,,,,,,1,1,1,2,1,1,10,DE LA PENSION Y UNA RENTA,62,01,1,01,4,0123,50000,41,597.85229061,
5345416,1,3,1,60,2,41,2,,,,,,,,,,,12,,,,,,,,,,,,,,,,,,,,,,,,,,,,,,,,,,,,,,,,,,,,,,,,.,,,,,,,,,.,12,,,,,,,,,21,2,,21,,,2,1,,3,,2,,,,1,,,,,,,,,1,2,2,2,,,,,2,,,,,,,,,14,,,2,,,,2,,,,,,,,,,,,,,1,1,1,2,1,1,3,,45,47,1,01,6,4711,,41,597.85229061,
5345417,1,2,1,60,2,41,2,,,,,,,,,,,18,,,,,,,,,,,,,,,,,,,,,,,,,,,,,,,,,,,,,,,,,,,,,,,7,,1,1,2020,2,0,1,5400000,3,,12,2,,,,,3,6,2,48,,.,48,,,1,7,,1,,1,1,2,2,1,1,,,,,,,,,1,2,1,0,24,4,,2,,,,,,,,2,11,20,,2,,,,2,,,,,,,,,,,,,,1,2,1,1,1,1,3,,45,47,1,01,4,4759,0,41,625.69740015,
5345417,1,3,1,60,2,41,2,,,,,,,,,,,564,,,,,,,,,,,,,,,,,,,,,,,,,,,,,,,,,,,,,,,,,,,,,,,6,,,,,2,200000,1,3000000,2,,12,2,,,,,2,3,2,40,,.,0,6,,1,8,,3,,2,,,,1,,,,,,1,,,,2,2,2,,,,,2,,,,,,,,,11,20,2,2,,,,2,,,,,,,,,,,,,,1,1,1,2,2,1,10,BUSCANDO OTRO TRABAJO,62,01,1,01,4,0123,200000,41,625.69740015,
5345418,1,1,1,60,2,41,2,,,,,,,,,,,1,,,,,,,,,,,,,,,,,,,,,,,,,,,,,,,,,,,,,,,,,,,,,,,7,,2,,,2,0,1,0,2,,4,1,1,0,1,0,2,1,2,14,2,,14,,,2,8,,2,,2,,,,1,,,,,,1,,,,2,2,1,8,18,4,,2,,,,,,,,2,3,1,,1,20,2,1,2,,,,,,,,,,,,,,1,1,1,2,1,1,3,,61,01,1,01,4,0150,0,41,922.5841291,
5345418,1,2,1,60,2,41,2,,,,,,,,,,,1,,,,,,,,,,,,,,,,,,,,,,,,,,,,,,,,,,,,,,,,,,,,,,,7,,2,,,2,0,1,0,2,,4,1,1,0,1,0,2,5,2,14,2,,14,,,2,8,,2,,2,,,,1,,,,,,1,,,,2,2,1,8,18,4,,2,,,,,,,,2,3,1,,1,10,2,1,2,,,,,,,,,,,,,,1,1,1,2,1,1,3,,61,01,1,01,4,0150,0,41,922.5841291,
5346131,1,1,1,60,2,68,2,,,,,,,,,,,48,,,,,,,,,,,,,,,,,,,,,,,,,,,,,,,,,,,,,,,,,,,,,,,7,,2,,,2,252000,1,2400000,3,,12,2,,,,,2,4,2,40,,.,40,,,1,8,,2,,2,,,,1,,,,,,,,,1,2,2,1,0,76,1,,2,,,,,,,,9,3,15,,2,,,,2,,,,,,,,,,,,,,1,2,1,2,1,1,3,,62,01,1,01,4,0141,252000,68,4355.5673027,
5346132,1,1,1,60,2,68,2,,,,,,,,,,,20,,,,,,,,,,,,,,,,,,,,,,,,,,,,,,,,,,,,,,,,,,,,,,,7,,2,,,2,500000,1,98,3,,12,1,2,2,0,0,2,3,2,48,,.,48,,,2,8,,4,,2,,,,1,,,,,,,,,1,2,2,1,0,280,5,,2,,,,,,,,11,3,10,,2,,,,2,,,,,,,,,,,,,,1,2,1,2,1,1,2,,62,01,1,01,5,0113,500000,68,1184.0488313,
5346133,1,1,1,60,2,68,2,,,,,,,,,,,120,,,,,,,,,,,,,,,,,,,,,,,,,,,,,,,,,,,,,,,,,,,,,,,6,,,,,2,800000,1,10000000,3,,12,2,,,,,2,1,2,40,,.,32,6,,1,8,,2,,2,,,,1,,,,,,,,,1,2,2,1,0,120,4,,2,,,,,,,,11,3,20,1,2,,,,2,,,,,,,,,,,,,,1,2,1,2,1,1,5,,62,01,1,01,4,0161,800000,68,967.90384504,
5346134,1,1,1,60,2,15,1,1,,,1,,,2,2,2,2,6,,,,,,,,,,,,,,,,,,,,,,,,,,,,,,,,,,,,,,,,,,,,,,,1,,,,,2,1500000,1,18000000,3,,12,2,,,,,1,1,1,40,,.,40,,,6,4,,1,,1,1,2,12,1,1,,,,,,,,,1,2,1,0,120,1,,2,,,,,,,,3,8,120,,2,,,,2,,,,,,,,,,,,,,1,2,1,2,1,1,2,,98,47,1,01,4,4721,1500000,68,1707.6374648,
5346135,1,1,1,60,2,68,2,,,,,,,,,,,300,,,,,,,,,,,,,,,,,,,,,,,,,,,,,,,,,,,,,,,,,,,,,,,7,,2,,,2,2000000,1,20000000,3,,12,1,4,4,0,0,2,3,2,36,2,,36,,,3,8,,2,,2,,,,1,,,,,,,,,1,2,2,2,,,,,1,68,16,4,,0,1,8,,3,15,,2,,,,2,,,,,,,,,,,,,,1,2,1,2,1,1,2,,62,01,1,01,5,0123,2000000,68,967.90384504,
5346136,1,1,1,60,2,68,2,,,,,,,,,,,18,,,,,,,,,,,,,,,,,,,,,,,,,,,,,,,,,,,,,,,,,,,,,,,7,,2,,,2,500000,1,60000000,3,,12,2,,,,,3,3,2,36,2,,36,,,1,7,,4,,2,,,,1,,,,,,,,,1,2,2,1,24,122,3,,2,,,,,,,,2,3,3,,2,,,,2,,,,,,,,,,,,,,1,2,1,2,1,1,2,,41,47,1,01,4,4711,500000,68,967.90384504,
5346137,1,1,1,60,2,68,2,,,,,,,,,,,85,,,,,,,,,,,,,,,,,,,,,,,,,,,,,,,,,,,,,,,,,,,,,,,7,,2,,,2,400000,1,5400000,3,,12,2,,,,,3,3,2,30,2,,20,6,,1,7,,2,,2,,,,1,,,,,,,,,1,2,2,1,0,120,4,,2,,,,,,,,1,3,2,1,2,,,,2,,,,,,,,,,,,,,1,2,1,2,1,1,3,,45,47,1,01,4,4724,400000,68,967.90384504,
5346137,1,2,1,60,2,68,2,,,,,,,,,,,300,,,,,,,,,,,,,,,,,,,,,,,,,,,,,,,,,,,,,,,,,,,,,,,6,,,,,2,240000,1,2300000,3,,12,2,,,,,2,5,2,24,2,,24,,,1,8,,2,,2,,,,1,,,,,,,,,1,2,2,2,,,,,2,,,,,,,,,3,16,,2,,,,2,,,,,,,,,,,,,,1,2,1,2,1,1,3,,62,01,1,01,4,0161,240000,68,967.90384504,
5346139,1,1,1,60,2,68,2,,,,,,,,,,,25,,,,,,,,,,,,,,,,,,,,,,,,,,,,,,,,,,,,,,,,,,,,,,,7,,2,,,2,1500000,1,15000000,3,,12,1,4,4,0,0,2,3,2,48,,.,48,,,3,8,,2,,2,,,,1,,,,,,,,,1,2,2,2,,,,,2,,,,,,,,,3,16,,2,,,,2,,,,,,,,,,,,,,1,2,1,2,1,1,3,,62,01,1,01,5,0123,1500000,68,967.90384504,
5346147,1,1,1,60,2,68,2,,,,,,,,,,,240,,,,,,,,,,,,,,,,,,,,,,,,,,,,,,,,,,,,,,,,,,,,,,,7,,2,,,2,200000,1,2800000,3,,12,2,,,,,3,5,2,40,,.,40,,,1,1,,2,,2,,,,1,,,1,,,,,,,2,2,1,0,120,4,,2,,,,,,,,6,14,,,2,,,,2,,,,,,,,,,,,,,1,2,1,2,1,1,3,,41,47,1,01,4,4711,200000,68,967.90384504,
5346149,1,1,1,60,2,68,1,1,,,1,,,1,2,2,2,18,,1,,2,500000,2,,,2,,2,,2,,2,,2,,,2,,,2,,,2,,,2,,,2,,,2,,2,,2,,2,,2,,2,,,.,,,,,,,,,.,12,,,,,,,,,60,,.,60,,,2,4,,2,,2,,,,1,,,1,,,,,,,2,2,1,0,180,4,,2,,,,,,,,3,3,5,,2,,,,2,,,,,,,,,,,,,,1,1,2,2,1,1,3,,97,47,1,01,1,4722,500000,68,4355.5673027,
5346152,1,1,1,60,2,68,2,,,,,,,,,,,360,,,,,,,,,,,,,,,,,,,,,,,,,,,,,,,,,,,,,,,,,,,,,,,7,,2,,,2,4000000,1,60000000,2,,12,1,8,7,0,1,2,9,2,60,,.,60,,,4,8,,2,,2,,,,1,,,1,,,,,,,2,2,2,,,,,2,,,,,,,,,3,10,,2,,,,2,,,,,,,,,,,,,,1,1,1,2,1,1,2,,62,01,1,01,5,0123,4000000,68,967.90384504,
5346152,1,2,1,60,2,68,2,,,,,,,,,,,48,,,,,,,,,,,,,,,,,,,,,,,,,,,,,,,,,,,,,,,,,,,,,,,,.,,,,,,,,,.,12,,,,,,,,,45,,.,45,,,4,8,,2,,2,,,,1,,,1,,,,,,,2,2,2,,,,,2,,,,,,,,,3,10,,2,,,,2,,,,,,,,,,,,,,1,1,1,2,2,1,2,,62,01,1,01,6,0123,,68,967.90384504,
5346153,1,3,1,60,2,68,2,,,,,,,,,,,60,,,,,,,,,,,,,,,,,,,,,,,,,,,,,,,,,,,,,,,,,,,,,,,6,,,,,2,250000,1,3000000,2,,12,2,,,,,2,9,2,38,2,,38,,,1,8,,2,,2,,,,1,,,,,,,,,1,2,2,2,,,,,2,,,,,,,,,3,30,,2,,,,2,,,,,,,,,,,,,,2,2,1,2,2,1,3,,62,01,1,01,4,0161,250000,68,967.90384504,
5346154,1,3,1,60,2,68,2,,,,,,,,,,,300,,,,,,,,,,,,,,,,,,,,,,,,,,,,,,,,,,,,,,,,,,,,,,,6,,,,,2,250000,1,3000000,2,,12,2,,,,,2,9,2,48,,.,48,,,1,8,,2,,2,,,,1,,,,,,,,,1,2,2,2,,,,,2,,,,,,,,,3,10,,2,,,,2,,,,,,,,,,,,,,1,2,2,2,2,1,3,,62,01,1,01,4,0161,250000,68,1260.3653787,
5346155,1,1,1,60,2,68,2,,,,,,,,,,,132,,,,,,,,,,,,,,,,,,,,,,,,,,,,,,,,,,,,,,,,,,,,,,,6,,,,,3,450000,1,6000000,2,,12,2,,,,,2,5,2,35,2,,35,,,1,8,,2,,2,,,,1,,,,,,,,,1,2,2,2,,,,,2,,,,,,,,,3,40,,2,,,,2,,,,,,,,,,,,,,1,2,1,2,1,1,3,,62,01,1,01,4,0161,450000,68,3820.0380268,
5346170,1,1,1,60,2,41,2,,,,,,,,,,,560,,,,,,,,,,,,,,,,,,,,,,,,,,,,,,,,,,,,,,,,,,,,,,,6,,,,,3,30000,1,98,3,,12,2,,,,,2,1,1,30,1,,0,1,,1,6,,2,,2,,,,1,,,,,,,,,1,2,2,2,,,,,2,,,,,,,,,3,30,2,2,,,,1,1,1,1,2,1,2,2,1,1,2,,2,1,2,2,2,2,2,1,8,,99,38,1,01,4,3830,30000,41,955.74331547,
5346171,1,1,1,60,2,41,2,,,,,,,,,,,120,,,,,,,,,,,,,,,,,,,,,,,,,,,,,,,,,,,,,,,,,,,,,,,6,,,,,3,,1,98,3,,8,2,,,,,3,1,1,42,,.,42,,,1,4,,2,,2,,,,1,,,,,,,,,1,2,2,1,0,12,1,,2,,,,,,,,3,11,10,,1,20,2,1,1,1,1,1,2,1,1,1,1,2,2,,2,1,2,2,1,2,2,2,3,,98,49,1,01,4,4921,,41,597.85229061,
5346171,1,2,1,60,2,41,2,,,,,,,,,,,398,,,,,,,,,,,,,,,,,,,,,,,,,,,,,,,,,,,,,,,,,,,,,,,6,,,,,3,,1,98,3,,12,2,,,,,2,10,1,50,,.,50,,,1,8,,2,,2,,,,1,,,,,,,,,1,2,2,2,,,,,2,,,,,,,,,11,60,,2,,,,1,1,1,1,1,1,2,2,1,1,2,,2,1,2,2,2,2,1,1,8,,62,01,1,01,4,0123,,41,597.85229061,
5346171,1,3,1,60,2,41,2,,,,,,,,,,,1,,,,,,,,,,,,,,,,,,,,,,,,,,,,,,,,,,,,,,,,,,,,,,,6,,,,,3,150000,1,150000,1,,1,2,,,,,1,1,1,50,,.,0,6,,1,2,,2,,2,,,,1,,,,,,,,,1,2,2,2,,,,,2,,,,,,,,,11,30,2,1,5,2,1,1,1,1,1,2,1,2,2,2,2,2,,2,1,2,2,2,2,2,1,3,,54,88,1,01,4,8890,150000,41,597.85229061,
5346172,1,1,1,60,2,41,2,,,,,,,,,,,480,,,,,,,,,,,,,,,,,,,,,,,,,,,,,,,,,,,,,,,,,,,,,,,7,,2,,,2,80000,1,1000000,3,,12,2,,,,,1,3,2,20,1,,20,,,1,8,,2,,2,,,,1,,,,,,,,,1,2,2,2,,,,,2,,,,,,,,,3,5,,2,,,,2,,,,,,,,,,,,,,1,2,2,2,1,1,8,,61,01,1,01,4,0141,80000,41,922.5841291,
5346173,1,1,1,60,2,41,2,,,,,,,,,,,360,,,,,,,,,,,,,,,,,,,,,,,,,,,,,,,,,,,,,,,,,,,,,,,6,,,,,3,230000,1,98,1,,12,2,,,,,2,1,1,30,1,,20,6,,1,8,,2,,2,,,,1,,,,,,,,,1,2,2,2,,,,,2,,,,,,,,,11,10,2,1,10,2,1,2,,,,,,,,,,,,,,1,2,2,2,2,1,8,,62,01,1,01,4,0142,230000,41,1681.6217265,
5346174,1,1,1,60,2,41,2,,,,,,,,,,,220,,,,,,,,,,,,,,,,,,,,,,,,,,,,,,,,,,,,,,,,,,,,,,,6,,,,,3,200000,1,98,1,,8,2,,,,,2,1,1,30,1,,27,6,,1,8,,2,,2,,,,1,,,,,,,,,1,2,2,2,,,,,2,,,,,,,,,12,30,2,1,20,1,1,1,1,1,1,2,1,2,2,2,2,2,,1,1,2,2,2,2,2,1,8,,62,01,1,01,4,0161,200000,41,597.85229061,
5346174,1,2,1,60,2,41,2,,,,,,,,,,,60,,,,,,,,,,,,,,,,,,,,,,,,,,,,,,,,,,,,,,,,,,,,,,,5,,,,,3,100000,1,200000,1,,2,2,,,,,2,1,2,10,1,,10,,,1,1,,2,,2,,,,1,,,,,,,,,1,2,2,1,10,48,4,,2,,,,,,,,3,14,,,2,,,,2,,,,,,,,,,,,,,1,2,2,2,2,1,3,,45,47,1,01,4,4792,100000,41,597.85229061,
5346175,1,1,1,60,2,41,2,,,,,,,,,,,390,,,,,,,,,,,,,,,,,,,,,,,,,,,,,,,,,,,,,,,,,,,,,,,6,,,,,3,240000,1,98,1,,12,2,,,,,2,1,1,50,,.,30,6,,1,8,,2,,2,,,,1,,,,,,,,,1,2,2,2,,,,,2,,,,,,,,,12,30,2,1,20,2,1,1,1,1,1,2,1,2,2,2,2,2,,2,1,2,2,2,2,2,1,8,,62,01,1,01,4,0161,240000,41,1294.8817976,
5346177,1,1,1,60,2,41,1,2,1,,1,,,1,1,1,1,300,,1,,2,2000000,2,,,2,,2,,2,,2,,1,60000,1,1,98,1,2,,,2,,,2,,,2,,,1,2000000,1,2000000,2,,2,,2,,2,,,.,,,,,,,,,.,12,,,,,,,,,70,,.,58,2,,9,7,,1,,1,2,1,15,1,1,,,,,,,,,1,1,1,0,12,1,,1,41,30,4,,900000,2,8,3,11,30,,2,,,,2,,,,,,,,,,,,,,1,1,1,1,1,1,5,,58,84,1,01,2,8413,2900000,41,1825.5944301,
5346177,1,3,1,60,2,41,2,,,,,,,,,,,12,,,,,,,,,,,,,,,,,,,,,,,,,,,,,,,,,,,,,,,,,,,,,,,,.,,,,,,,,,.,10,,,,,,,,,30,1,,20,2,,3,8,,3,,2,,,,1,,,,,,,,,1,2,2,1,0,3,4,,2,,,,,,,,1,14,,,2,,,,1,1,1,1,2,1,2,2,2,2,2,,1,1,2,2,2,2,2,1,3,,62,01,1,01,6,0141,,41,1825.5944301,
5346177,1,4,1,60,2,41,2,,,,,,,,,,,12,,,,,,,,,,,,,,,,,,,,,,,,,,,,,,,,,,,,,,,,,,,,,,,,.,,,,,,,,,.,8,,,,,,,,,20,1,,10,2,,3,8,,3,,2,,,,1,,,,,,,,,1,2,2,2,,,,,2,,,,,,,,,14,,,2,,,,2,,,,,,,,,,,,,,1,2,1,2,1,1,3,,62,01,1,01,6,0141,,41,1825.5944301,
5346177,1,5,1,60,2,41,2,,,,,,,,,,,48,,,,,,,,,,,,,,,,,,,,,,,,,,,,,,,,,,,,,,,,,,,,,,,,.,,,,,,,,,.,12,,,,,,,,,30,1,,30,,,3,8,,2,,2,,,,1,,,,,,,,,1,2,2,2,,,,,2,,,,,,,,,14,,,2,,,,2,,,,,,,,,,,,,,2,2,2,2,2,2,3,,62,01,1,01,6,0141,,41,1825.5944301,
5346177,1,6,1,60,2,41,2,,,,,,,,,,,360,,,,,,,,,,,,,,,,,,,,,,,,,,,,,,,,,,,,,,,,,,,,,,,6,,,,,3,,1,98,1,,12,2,,,,,2,1,1,48,,.,0,6,,1,8,,2,,2,,,,1,,,,,,,,,1,2,2,2,,,,,2,,,,,,,,,3,30,2,2,,,,1,1,1,1,2,1,2,2,1,2,2,,1,1,2,2,1,2,2,1,3,,62,01,1,01,4,0141,,41,1825.5944301,
5346178,1,1,1,60,2,41,2,,,,,,,,,,,540,,,,,,,,,,,,,,,,,,,,,,,,,,,,,,,,,,,,,,,,,,,,,,,7,,2,,,2,60000,1,200000,3,,12,2,,,,,2,5,2,30,1,,20,1,,1,8,,5,,2,,,,1,,,,,,,,,1,2,2,1,0,48,1,,2,,,,,,,,3,3,2,2,2,,,,2,,,,,,,,,,,,,,1,1,1,2,1,1,3,,61,01,1,01,4,0161,60000,41,1219.470858,
5346183,1,1,1,60,2,41,2,,,,,,,,,,,480,,,,,,,,,,,,,,,,,,,,,,,,,,,,,,,,,,,,,,,,,,,,,,,7,,2,,,2,600000,1,98,3,,12,1,3,0,0,3,2,10,1,48,,.,48,,,3,8,,2,,2,,,,1,,,,,,,,,1,2,2,2,,,,,2,,,,,,,,,3,20,,2,,,,2,,,,,,,,,,,,,,1,1,1,2,1,1,9,,61,01,1,01,4,0141,600000,41,1207.9160508,
5346183,1,2,1,60,2,41,2,,,,,,,,,,,48,,,,,,,,,,,,,,,,,,,,,,,,,,,,,,,,,,,,,,,,,,,,,,,,.,,,,,,,,,.,12,,,,,,,,,10,1,,10,,,3,8,,2,,2,,,,1,,,,,,,,,1,2,2,2,,,,,2,,,,,,,,,3,3,,2,,,,1,1,1,1,2,1,2,2,2,2,2,,2,1,1,1,1,2,1,1,5,,62,01,1,01,6,0141,,41,1207.9160508,
5346183,1,3,1,60,2,41,2,,,,,,,,,,,48,,,,,,,,,,,,,,,,,,,,,,,,,,,,,,,,,,,,,,,,,,,,,,,,.,,,,,,,,,.,12,,,,,,,,,48,,.,48,,,3,8,,2,,2,,,,1,,,,,,,,,1,2,2,2,,,,,2,,,,,,,,,3,3,,2,,,,1,1,1,1,2,1,2,2,2,1,2,,2,1,1,1,1,2,1,1,8,,62,01,1,01,6,0141,,41,1207.9160508,
5346183,1,4,1,60,2,41,2,,,,,,,,,,,1,,,,,,,,,,,,,,,,,,,,,,,,,,,,,,,,,,,,,,,,,,,,,,,,.,,,,,,,,,.,1,,,,,,,,,10,1,,10,,,3,8,,2,,2,,,,1,,,,,,,,,1,2,2,2,,,,,2,,,,,,,,,3,3,,2,,,,1,1,1,1,2,1,2,2,1,2,2,,2,1,1,2,1,2,2,1,3,,62,01,1,01,6,0141,,41,1207.9160508,
5347394,1,1,1,60,2,68,2,,,,,,,,,,,60,,,,,,,,,,,,,,,,,,,,,,,,,,,,,,,,,,,,,,,,,,,,,,,6,,,,,3,280000,1,3360000,3,,12,2,,,,,3,3,2,16,2,,0,6,,1,8,,1,,2,,,,1,,,,,,,,,1,2,2,1,0,24,1,,2,,,,,,,,1,3,5,1,2,,,,2,,,,,,,,,,,,,,1,1,1,2,1,1,3,,62,01,1,01,4,0161,280000,68,932.79070211,
5347394,1,4,1,60,2,68,1,1,,,1,,,1,2,2,2,1,,1,,2,800000,2,,,2,,2,,2,,2,,2,,,2,,,2,,,2,,,2,,,2,,,2,,2,,2,,2,,2,,2,,,.,,,,,,,,,.,12,,,,,,,,,50,,.,50,,,2,2,,2,,2,,,,1,,,,,,,,,1,2,2,1,0,12,1,,2,,,,,,,,1,3,5,,2,,,,2,,,,,,,,,,,,,,1,1,1,2,1,1,3,,95,41,1,01,1,4111,800000,68,932.79070211,
5347396,1,3,1,60,2,68,1,2,2,12,1,,,1,1,2,1,3,,1,,2,600000,2,,,2,,2,,2,,2,,2,,,1,51000,2,2,,,2,,,2,,,2,,,2,,2,,2,,2,,2,,2,,,.,,,,,,,,,.,3,,,,,,,,,24,1,,24,,,2,7,,1,,2,,,,1,,,,,,,,,1,1,2,1,9,12,1,,1,68,16,1,,900000,4,7,1,2,45,,1,24,2,1,2,,,,,,,,,,,,,,1,2,2,2,1,1,3,,32,66,1,01,1,6612,1500000,68,932.79070211,
5347397,1,1,1,60,2,68,2,,,,,,,,,,,240,,,,,,,,,,,,,,,,,,,,,,,,,,,,,,,,,,,,,,,,,,,,,,,,.,,,,,,,,,.,12,,,,,,,,,18,2,,18,,,2,8,,2,,2,,,,1,,,,,,,,,1,2,2,1,0,12,3,,2,,,,,,,,9,3,2,,2,,,,2,,,,,,,,,,,,,,1,1,1,2,1,1,3,,62,01,1,01,6,0127,,68,932.79070211,
5347397,1,2,1,60,2,68,2,,,,,,,,,,,240,,,,,,,,,,,,,,,,,,,,,,,,,,,,,,,,,,,,,,,,,,,,,,,7,,2,,,2,400000,1,4800000,3,,12,1,1,0,0,1,3,3,2,28,2,,28,,,2,8,,2,,2,,,,1,,,,,,,,,1,2,2,1,0,120,4,,2,,,,,,,,10,3,2,,2,,,,2,,,,,,,,,,,,,,1,1,1,2,1,1,3,,61,01,1,01,4,0127,400000,68,932.79070211,
5347399,1,1,1,60,2,68,1,2,1,,1,,,1,1,2,1,12,,1,,2,900000,2,,,2,,1,250000,2,,2,,2,,,2,,,2,,,2,,,2,,,2,,,1,450000,2,,2,,2,,2,,2,,,.,,,,,,,,,.,12,,,,,,,,,48,,.,48,,,3,8,,1,,1,2,1,6,1,1,,,,,,,,,1,2,1,0,12,1,,2,,,,,,,,3,3,3,,2,,,,2,,,,,,,,,,,,,,1,1,1,2,1,1,3,,62,01,1,01,1,0145,1150000,68,2748.4112521,
5347400,1,1,1,60,2,68,1,2,2,12,1,,,1,1,2,1,34,,1,,2,1200000,2,,,2,,2,,2,,2,,2,,,1,102854,2,2,,,2,,,2,,,2,,,1,600000,2,,2,,2,,2,,2,,,.,,,,,,,,,.,12,,,,,,,,,50,,.,50,,,4,7,,1,,1,2,1,10,1,1,,,,,,,,,1,1,1,0,24,1,,2,,,,,,,,2,11,10,,2,,,,2,,,,,,,,,,,,,,1,1,1,2,1,1,3,,45,47,1,01,1,4759,1200000,68,1645.688627,
5347401,1,1,1,60,2,68,1,1,,,1,,,1,2,2,2,4,,1,,2,400000,2,,,1,450000,2,,2,,2,,2,,,2,,,2,,,2,,,2,,,2,,,2,,2,,2,,2,,2,,2,,,.,,,,,,,,,.,6,,,,,,,,,77,,.,77,,,2,8,,2,,2,,,,1,,,,,,,,,1,2,2,1,6,15,4,,2,,,,,,,,2,3,2,,1,35,2,1,2,,,,,,,,,,,,,,1,1,1,2,1,1,8,,62,01,1,01,1,0145,850000,68,3681.4565531,
5347403,1,1,1,60,2,68,1,2,1,,1,,,1,1,2,1,12,,2,,2,980000,2,,,2,,2,,2,,2,,2,,,2,,,2,,,2,,,2,,,2,,,1,980000,2,,2,,1,50000,2,,2,,,.,,,,,,,,,.,12,,,,,,,,,72,,.,72,,,3,8,,1,,1,2,1,19,1,1,,,,,,,,,1,2,1,0,36,1,,2,,,,,,,,3,3,4,,2,,,,1,1,2,2,1,2,2,2,1,2,2,,2,1,1,1,2,2,1,1,8,,62,01,1,01,1,0145,980000,68,932.79070211,
5347404,1,1,1,60,2,68,2,,,,,,,,,,,360,,,,,,,,,,,,,,,,,,,,,,,,,,,,,,,,,,,,,,,,,,,,,,,7,,2,,,2,200000,1,2400000,3,,12,2,,,,,3,3,1,56,,.,56,,,1,8,,4,,2,,,,1,,,,,,,,,1,2,2,2,,,,,2,,,,,,,,,3,2,,2,,,,2,,,,,,,,,,,,,,2,1,1,2,1,1,8,,61,01,1,01,4,0113,200000,68,932.79070211,
5348279,1,1,1,60,2,41,2,,,,,,,,,,,480,,,,,,,,,,,,,,,,,,,,,,,,,,,,,,,,,,,,,,,,,,,,,,,6,,,,,2,500000,1,6000000,3,,12,2,,,,,2,9,2,50,,.,50,,,1,8,,2,,2,,,,1,,,1,1,,,,,,2,2,2,,,,,2,,,,,,,,,3,20,,2,,,,1,1,2,1,2,2,2,2,1,2,2,,2,1,1,2,1,2,2,1,3,,62,01,1,01,4,0123,500000,41,1466.2256765,
5348279,1,3,1,60,2,41,2,,,,,,,,,,,80,,,,,,,,,,,,,,,,,,,,,,,,,,,,,,,,,,,,,,,,,,,,,,,2,,,,,2,400000,1,4000000,2,,10,2,,,,,2,9,1,40,,.,40,,,1,8,,2,,2,,,,1,,,,,,,,,1,2,2,2,,,,,2,,,,,,,,,3,20,,2,,,,1,1,2,1,2,1,2,2,1,2,2,,2,1,2,2,2,2,2,1,3,,62,01,1,01,4,0123,400000,41,1466.2256765,
5348280,1,1,1,60,2,41,2,,,,,,,,,,,60,,,,,,,,,,,,,,,,,,,,,,,,,,,,,,,,,,,,,,,,,,,,,,,7,,1,2,,2,1000000,1,12000000,2,,12,2,,,,,1,7,2,50,,.,50,,,1,8,,1,,3,,,,,.,,,,,,,,,2,2,1,0,48,8,,2,,,,,,,,10,3,10,,2,,,,2,,,,,,,,,,,,,,1,1,1,2,1,1,2,,62,01,1,01,4,0161,1000000,41,1090.6523402,
5350492,1,1,1,60,2,68,1,1,,,1,,,2,2,2,2,60,,1,,2,350000,2,,,2,,1,300000,2,,2,,2,,,2,,,2,,,2,,,2,,,2,,,2,,2,,2,,2,,2,,2,,,.,,,,,,,,,.,12,,,,,,,,,40,,.,40,,,1,1,,1,,2,,,,1,,,,,,,,,1,2,2,1,0,36,4,,2,,,,,,,,2,14,,,2,,,,1,1,1,1,2,2,2,2,2,2,2,,2,1,1,2,1,2,2,1,5,,62,97,1,01,3,9700,650000,68,967.90384504,
5350494,1,1,1,60,2,68,2,,,,,,,,,,,340,,,,,,,,,,,,,,,,,,,,,,,,,,,,,,,,,,,,,,,,,,,,,,,6,,,,,2,400000,1,4800000,3,,12,2,,,,,2,1,2,36,2,,32,6,,1,8,,2,,2,,,,1,,,,,,,,,1,2,2,2,,,,,2,,,,,,,,,8,30,1,2,,,,2,,,,,,,,,,,,,,1,2,1,2,1,1,2,,62,01,1,01,4,0161,400000,68,967.90384504,
5350498,1,1,1,60,2,68,2,,,,,,,,,,,9,,,,,,,,,,,,,,,,,,,,,,,,,,,,,,,,,,,,,,,,,,,,,,,2,,,,,2,800000,1,7800000,3,,12,1,2,1,0,1,2,1,1,48,,.,48,,,2,9,,2,,2,,,,1,,,,,,,,,1,2,2,1,0,36,1,,2,,,,,,,,5,11,30,,2,,,,1,1,1,1,2,2,2,2,2,2,2,,2,1,1,2,1,2,2,1,5,,95,41,1,01,5,4111,800000,68,967.90384504,
5350498,1,4,1,60,2,68,2,,,,,,,,,,,9,,,,,,,,,,,,,,,,,,,,,,,,,,,,,,,,,,,,,,,,,,,,,,,,.,,,,,,,,,.,9,,,,,,,,,30,2,,30,,,2,9,,2,,,,,,1,,,,,,,,,1,2,2,2,,,,,2,,,,,,,,,11,30,,2,,,,2,,,,,,,,,,,,,,1,2,1,2,1,1,3,,95,41,1,01,6,4111,,68,967.90384504,
5350506,1,1,1,60,2,68,2,,,,,,,,,,,540,,,,,,,,,,,,,,,,,,,,,,,,,,,,,,,,,,,,,,,,,,,,,,,6,,,,,3,450000,1,5400000,3,,12,2,,,,,2,5,2,38,2,,38,,,1,8,,2,,2,,,,1,,,,,,1,,,,2,2,2,,,,,2,,,,,,,,,3,30,,2,,,,2,,,,,,,,,,,,,,1,2,1,2,2,1,3,,62,01,1,01,4,0161,450000,68,967.90384504,
5350506,1,3,1,60,2,68,2,,,,,,,,,,,120,,,,,,,,,,,,,,,,,,,,,,,,,,,,,,,,,,,,,,,,,,,,,,,6,,,,,3,380000,1,3600000,3,,12,2,,,,,2,3,2,24,2,,24,,,1,2,,2,,2,,,,1,,,,,,1,,,,2,2,2,,,,,2,,,,,,,,,3,20,,2,,,,2,,,,,,,,,,,,,,1,2,1,2,1,1,3,,54,81,1,01,4,8121,380000,68,967.90384504,
5350507,1,1,1,60,2,68,1,1,,,1,,,1,2,2,2,96,,1,,2,450000,2,,,2,,2,,2,,2,,2,,,2,,,2,,,2,,,2,,,2,,,2,,2,,2,,2,,2,,2,,,.,,,,,,,,,.,12,,,,,,,,,35,2,,35,,,2,7,,2,,2,,,,1,,,,,,1,,,,2,2,1,0,120,4,,2,,,,,,,,3,1,10,,2,,,,2,,,,,,,,,,,,,,1,2,1,2,1,1,3,,79,95,1,01,1,9529,450000,68,1128.4559608,
5350708,1,1,1,60,2,41,2,,,,,,,,,,,420,,,,,,,,,,,,,,,,,,,,,,,,,,,,,,,,,,,,,,,,,,,,,,,7,,1,2,,2,700000,1,10000000,3,,12,1,1,1,0,0,1,9,2,50,,.,50,,,2,8,,2,,2,,,,1,,,1,1,,,,,,2,2,2,,,,,2,,,,,,,,,3,10,,2,,,,2,,,,,,,,,,,,,,1,1,1,2,1,1,2,,62,01,1,01,5,0123,700000,41,901.8285266,
5350708,1,3,1,60,2,41,2,,,,,,,,,,,84,,,,,,,,,,,,,,,,,,,,,,,,,,,,,,,,,,,,,,,,,,,,,,,7,,2,,,2,600000,1,7000000,3,,12,1,1,1,0,0,1,8,2,10,2,,0,1,,2,1,,2,,2,,,,1,,,1,1,,,,,,2,2,2,,,,,2,,,,,,,,,3,5,2,2,,,,2,,,,,,,,,,,,,,1,1,1,2,1,1,2,,60,01,1,01,5,0123,600000,41,901.8285266,
5350709,1,1,1,60,2,41,2,,,,,,,,,,,120,,,,,,,,,,,,,,,,,,,,,,,,,,,,,,,,,,,,,,,,,,,,,,,6,,,,,2,600000,1,7000000,3,,12,2,,,,,2,10,1,60,,.,60,,,1,8,,10,,2,,,,1,,,,1,,,,,,2,2,2,,,,,2,,,,,,,,,3,20,,2,,,,1,1,2,1,2,2,2,2,1,2,2,,2,1,1,2,2,2,1,1,3,,62,01,1,01,4,0123,600000,41,1372.3205128,
5350710,1,1,1,60,2,41,2,,,,,,,,,,,240,,,,,,,,,,,,,,,,,,,,,,,,,,,,,,,,,,,,,,,,,,,,,,,6,,,,,2,500000,1,6000000,3,,12,2,,,,,2,9,2,50,,.,55,,,1,8,,2,,2,,,,1,,,,1,,,,,,2,2,2,,,,,2,,,,,,,,,3,25,,2,,,,2,,,,,,,,,,,,,,1,2,1,2,1,1,2,,62,01,1,01,4,0123,500000,41,1756.6382064,
5350711,1,1,1,60,2,41,2,,,,,,,,,,,480,,,,,,,,,,,,,,,,,,,,,,,,,,,,,,,,,,,,,,,,,,,,,,,7,,1,1,2020,2,800000,1,12000000,3,,12,2,,,,,1,9,2,48,,.,48,,,1,8,,2,,2,,,,1,,,1,1,,,,,,2,2,2,,,,,2,,,,,,,,,3,15,,2,,,,2,,,,,,,,,,,,,,1,1,1,2,1,1,2,,62,01,1,01,4,0123,800000,41,1219.470858,
5350939,1,1,1,60,2,41,2,,,,,,,,,,,360,,,,,,,,,,,,,,,,,,,,,,,,,,,,,,,,,,,,,,,,,,,,,,,7,,2,,,2,190000,1,2000000,3,,12,2,,,,,2,3,2,40,,.,40,,,1,8,,2,,2,,,,1,,,,,,,,,1,2,2,2,,,,,2,,,,,,,,,3,5,,1,8,1,1,2,,,,,,,,,,,,,,1,1,1,2,1,1,5,,60,01,1,01,4,0123,190000,41,1195.5587171,
5350939,1,2,1,60,2,41,2,,,,,,,,,,,360,,,,,,,,,,,,,,,,,,,,,,,,,,,,,,,,,,,,,,,,,,,,,,,6,,,,,3,60000,1,200000,1,,6,2,,,,,2,3,2,40,,.,0,6,,1,8,,2,,2,,,,1,,,,,,,,,1,2,2,2,,,,,2,,,,,,,,,3,5,2,2,,,,2,,,,,,,,,,,,,,1,1,1,2,2,1,3,,62,01,1,01,4,0123,60000,41,1195.5587171,
5350940,1,1,1,60,2,41,2,,,,,,,,,,,480,,,,,,,,,,,,,,,,,,,,,,,,,,,,,,,,,,,,,,,,,,,,,,,7,,2,,,2,,1,600000,3,,10,2,,,,,2,3,2,48,,.,0,1,,1,8,,2,,2,,,,1,,,,,,,,,1,2,2,2,,,,,2,,,,,,,,,3,5,1,2,,,,2,,,,,,,,,,,,,,1,2,1,2,1,1,5,,61,01,1,01,4,0123,,41,931.66579506,
5350943,1,1,1,60,2,41,2,,,,,,,,,,,480,,,,,,,,,,,,,,,,,,,,,,,,,,,,,,,,,,,,,,,,,,,,,,,7,,2,,,2,,1,98,3,,12,1,1,0,0,1,2,10,1,45,,.,45,,,2,8,,2,,2,,,,1,,,,,,,,,1,2,2,2,,,,,2,,,,,,,,,3,3,,2,,,,2,,,,,,,,,,,,,,1,1,1,2,1,1,5,,61,01,1,01,4,0123,,41,1861.5445832,
5350943,1,2,1,60,2,41,2,,,,,,,,,,,96,,,,,,,,,,,,,,,,,,,,,,,,,,,,,,,,,,,,,,,,,,,,,,,,.,,,,,,,,,.,12,,,,,,,,,20,1,,20,,,2,8,,2,,2,,,,1,,,,,,,,,1,2,2,1,0,5,3,,2,,,,,,,,9,3,2,,2,,,,2,,,,,,,,,,,,,,1,2,1,2,1,1,3,,62,01,1,01,6,0123,,41,1861.5445832,
5350944,1,1,1,60,2,41,2,,,,,,,,,,,580,,,,,,,,,,,,,,,,,,,,,,,,,,,,,,,,,,,,,,,,,,,,,,,7,,2,,,2,150000,1,98,3,,12,1,1,0,0,1,2,10,2,50,,.,30,1,,2,8,,2,,2,,,,1,,,,,,,,,1,2,2,2,,,,,2,,,,,,,,,3,6,2,2,,,,2,,,,,,,,,,,,,,1,1,1,2,1,1,3,,61,01,1,01,4,0123,150000,41,922.5841291,
5350944,1,2,1,60,2,41,2,,,,,,,,,,,96,,,,,,,,,,,,,,,,,,,,,,,,,,,,,,,,,,,,,,,,,,,,,,,,.,,,,,,,,,.,12,,,,,,,,,10,1,,10,,,2,8,,2,,2,,,,1,,,,,,,,,1,2,2,1,0,24,4,,2,,,,,,,,9,3,5,,2,,,,2,,,,,,,,,,,,,,1,1,1,2,1,1,3,,62,01,1,01,6,0123,,41,922.5841291,
5350945,1,1,1,60,2,41,2,,,,,,,,,,,4,,,,,,,,,,,,,,,,,,,,,,,,,,,,,,,,,,,,,,,,,,,,,,,6,,,,,3,30000,1,200000,1,,4,2,,,,,2,1,1,27,1,,18,6,,1,8,,10,,2,,,,1,,,,,,,,,1,2,2,2,,,,,2,,,,,,,,,3,30,1,2,,,,1,1,1,1,2,1,2,1,1,2,2,,2,1,2,2,2,2,2,1,3,,62,01,1,01,4,0123,30000,41,1246.5307898,
5350945,1,4,1,60,2,41,2,,,,,,,,,,,78,,,,,,,,,,,,,,,,,,,,,,,,,,,,,,,,,,,,,,,,,,,,,,,6,,,,,3,30000,1,200000,1,,12,2,,,,,2,1,1,30,1,,0,6,,1,8,,2,,2,,,,1,,,,,,,,,1,2,2,2,,,,,2,,,,,,,,,3,15,2,2,,,,1,1,1,1,2,1,2,2,1,2,2,,2,1,2,2,2,2,2,1,8,,62,01,1,01,4,0123,30000,41,1246.5307898,
5350947,1,1,1,60,2,41,2,,,,,,,,,,,132,,,,,,,,,,,,,,,,,,,,,,,,,,,,,,,,,,,,,,,,,,,,,,,7,,2,,,2,600000,1,98,3,,12,1,1,0,1,0,2,3,2,20,1,,0,6,,2,8,,5,,2,,,,1,,,,,,,,,1,2,2,2,,,,,2,,,,,,,,,3,10,2,2,,,,2,,,,,,,,,,,,,,1,1,1,2,1,1,5,,60,01,1,01,4,0161,600000,41,1003.7242291,
5350948,1,1,1,60,2,41,2,,,,,,,,,,,168,,,,,,,,,,,,,,,,,,,,,,,,,,,,,,,,,,,,,,,,,,,,,,,7,,2,,,2,600000,1,2400000,3,,12,1,2,0,0,2,1,10,2,30,1,,30,,,2,8,,2,,2,,,,1,,,,,,,,,1,2,2,1,0,360,8,,2,,,,,,,,3,3,2,,2,,,,2,,,,,,,,,,,,,,1,1,2,2,1,1,8,,61,01,1,01,4,0123,600000,41,1375.4503164,
5350948,1,2,1,60,2,41,2,,,,,,,,,,,168,,,,,,,,,,,,,,,,,,,,,,,,,,,,,,,,,,,,,,,,,,,,,,,,.,,,,,,,,,.,12,,,,,,,,,40,,.,40,,,2,8,,5,,2,,,,1,,,,,,,,,1,2,2,1,0,48,4,,2,,,,,,,,3,3,2,,2,,,,2,,,,,,,,,,,,,,1,2,1,2,1,1,8,,62,01,1,01,6,0123,,41,1375.4503164,
5350948,1,3,1,60,2,41,2,,,,,,,,,,,240,,,,,,,,,,,,,,,,,,,,,,,,,,,,,,,,,,,,,,,,,,,,,,,6,,,,,3,300000,1,1000000,1,,12,2,,,,,2,10,2,40,,.,20,6,,1,8,,2,,2,,,,1,,,,,,,,,1,2,2,2,,,,,1,41,20,6,,,2,8,,3,5,2,2,,,,2,,,,,,,,,,,,,,1,1,1,2,1,1,3,,62,01,1,01,4,0123,300000,41,1375.4503164,
5350948,1,4,1,60,2,41,2,,,,,,,,,,,12,,,,,,,,,,,,,,,,,,,,,,,,,,,,,,,,,,,,,,,,,,,,,,,6,,,,,3,100000,1,800000,1,,10,2,,,,,1,3,1,20,1,,20,,,1,8,,2,,2,,,,1,,,,,,,,,1,2,2,2,,,,,2,,,,,,,,,11,120,,1,20,1,1,1,1,1,1,2,1,2,2,2,2,2,,1,1,1,2,1,2,2,1,3,,62,01,1,01,4,0123,100000,41,1375.4503164,
5350948,1,5,1,60,2,41,2,,,,,,,,,,,60,,,,,,,,,,,,,,,,,,,,,,,,,,,,,,,,,,,,,,,,,,,,,,,6,,,,,3,300000,1,1100000,3,,12,2,,,,,2,1,1,48,,.,40,6,,1,8,,2,,2,,,,1,,,,,,,,,1,2,2,2,,,,,2,,,,,,,,,11,5,2,2,,,,2,,,,,,,,,,,,,,2,2,2,2,2,1,9,,62,01,1,01,4,0123,300000,41,1375.4503164,
5352482,1,1,1,60,2,15,2,,,,,,,,,,,480,,,,,,,,,,,,,,,,,,,,,,,,,,,,,,,,,,,,,,,,,,,,,,,7,,2,,,2,50000,1,600000,3,,12,2,,,,,1,10,2,12,2,,12,,,1,8,,2,,2,,,,1,,,,,,,,,1,2,2,1,0,240,4,,2,,,,,,,,3,3,5,,2,,,,2,,,,,,,,,,,,,,1,2,1,2,1,1,8,,62,01,1,01,4,0141,50000,15,1017.0063245,
5352488,1,4,1,60,2,15,2,,,,,,,,,,,24,,,,,,,,,,,,,,,,,,,,,,,,,,,,,,,,,,,,,,,,,,,,,,,6,,,,,3,100000,1,1200000,3,,12,2,,,,,2,3,2,48,,.,16,6,,1,8,,2,,2,,,,1,,,,,,,,,1,2,2,2,,,,,2,,,,,,,,,11,20,1,2,,,,1,1,1,1,2,2,2,1,2,1,2,,2,1,1,2,2,2,2,1,8,,61,01,1,01,4,0113,100000,15,3741.0952795,
5352489,1,1,1,60,2,15,2,,,,,,,,,,,240,,,,,,,,,,,,,,,,,,,,,,,,,,,,,,,,,,,,,,,,,,,,,,,6,,,,,3,120000,1,1800000,3,,12,2,,,,,2,10,2,54,,.,18,6,,1,8,,2,,2,,,,1,,,,,,,,,1,2,2,2,,,,,2,,,,,,,,,11,40,1,2,,,,2,,,,,,,,,,,,,,1,2,2,2,2,1,8,,62,01,1,01,4,0113,120000,15,831.35450656,
5352498,1,1,1,60,2,15,2,,,,,,,,,,,396,,,,,,,,,,,,,,,,,,,,,,,,,,,,,,,,,,,,,,,,,,,,,,,7,,2,,,2,0,1,98,3,,12,2,,,,,2,1,1,40,,.,40,,,1,8,,2,,2,,,,1,,,1,,,,,,,2,2,2,,,,,2,,,,,,,,,3,2,,2,,,,2,,,,,,,,,,,,,,1,2,1,2,1,1,2,,61,01,1,01,4,0113,0,15,831.35450656,
5352498,1,2,1,60,2,15,2,,,,,,,,,,,324,,,,,,,,,,,,,,,,,,,,,,,,,,,,,,,,,,,,,,,,,,,,,,,7,,2,,,2,250000,1,1400000,3,,12,2,,,,,2,9,2,20,2,,20,,,1,8,,2,,2,,,,1,,,,,,,,,1,2,2,2,,,,,2,,,,,,,,,3,10,,2,,,,2,,,,,,,,,,,,,,1,1,1,2,1,1,2,,62,01,1,01,4,0141,250000,15,831.35450656,
5352498,1,3,1,60,2,15,2,,,,,,,,,,,60,,,,,,,,,,,,,,,,,,,,,,,,,,,,,,,,,,,,,,,,,,,,,,,6,,,,,2,500000,1,5000000,3,,12,2,,,,,2,1,1,40,,.,40,,,1,2,,2,,2,,,,1,,,1,,,,,,,2,2,2,,,,,2,,,,,,,,,11,15,,2,,,,2,,,,,,,,,,,,,,1,1,1,2,1,1,2,,95,41,1,01,4,4111,500000,15,831.35450656,
5352532,1,1,1,60,2,44,1,1,,,1,,,1,2,2,2,24,,1,,2,300000,2,,,1,500000,1,200000,2,,2,,2,,,2,,,2,,,2,,,2,,,2,,,2,,2,,2,,2,,2,,2,,,.,,,,,,,,,.,12,,,,,,,,,56,,.,56,,,2,8,,2,,2,,,,1,,,,,,,,,1,2,2,1,0,24,4,,2,,,,,,,,2,3,10,,2,,,,1,1,2,1,2,2,2,2,2,2,2,,2,1,1,2,1,2,1,1,8,,62,01,1,01,8,0113,1000000,44,2102.9180885,
5352533,1,1,1,60,2,44,2,,,,,,,,,,,36,,,,,,,,,,,,,,,,,,,,,,,,,,,,,,,,,,,,,,,,,,,,,,,6,,,,,2,350000,1,4300000,3,,12,2,,,,,3,1,2,40,,.,40,,,1,6,,2,,2,,,,1,,,,,,,,,1,2,2,1,0,36,4,,2,,,,,,,,3,3,90,,2,,,,1,1,2,1,2,2,2,2,2,2,2,,2,2,2,2,1,2,2,1,3,,45,47,1,01,4,4723,350000,44,1594.6875623,
5352534,1,1,1,60,2,44,2,,,,,,,,,,,8,,,,,,,,,,,,,,,,,,,,,,,,,,,,,,,,,,,,,,,,,,,,,,,6,,,,,2,300000,1,3400000,3,,12,2,,,,,3,1,1,48,,.,48,,,2,8,,2,,2,,,,1,,,,,,,,,1,2,2,1,0,21,4,,2,,,,,,,,1,3,25,,2,,,,1,1,2,1,2,2,2,2,1,1,2,,2,1,2,2,1,2,1,1,9,,64,03,1,01,4,0311,300000,44,2049.5972069,
5352535,1,1,1,60,2,44,2,,,,,,,,,,,24,,,,,,,,,,,,,,,,,,,,,,,,,,,,,,,,,,,,,,,,,,,,,,,6,,,,,2,800000,1,9000000,3,,12,2,,,,,3,1,1,40,,.,40,,,1,4,,2,,2,,,,1,,,,,,,,,1,2,2,1,0,6,4,,1,44,40,4,,300000,2,7,8,14,,,2,,,,1,1,2,1,2,2,2,2,2,1,2,,2,1,2,2,1,2,1,1,9,,98,49,1,01,4,4921,1100000,44,2040.2935159,
5352536,1,1,1,60,2,44,2,,,,,,,,,,,36,,,,,,,,,,,,,,,,,,,,,,,,,,,,,,,,,,,,,,,,,,,,,,,6,,,,,2,750000,1,8200000,3,,12,2,,,,,3,10,1,48,,.,48,,,1,4,,2,,2,,,,1,,,,,,,,,1,2,2,1,0,24,4,,2,,,,,,,,8,14,,,2,,,,1,1,2,1,2,2,2,2,2,1,2,,2,1,2,2,1,2,1,1,8,,98,49,1,01,4,4921,750000,44,2318.3443675,
5352538,1,2,1,60,2,44,2,,,,,,,,,,,240,,,,,,,,,,,,,,,,,,,,,,,,,,,,,,,,,,,,,,,,,,,,,,,6,,,,,2,0,1,300000,1,,4,2,,,,,3,3,2,30,1,,20,6,,1,1,,2,,2,,,,1,,,,,,,,,1,2,2,2,,,,,2,,,,,,,,,14,,2,1,20,2,1,2,,,,,,,,,,,,,,1,2,2,2,2,1,3,,75,13,1,01,4,1394,0,44,1932.3200277,
5352540,1,1,1,60,2,44,2,,,,,,,,,,,36,,,,,,,,,,,,,,,,,,,,,,,,,,,,,,,,,,,,,,,,,,,,,,,6,,,,,2,200000,1,2400000,3,,12,2,,,,,3,3,2,30,2,,30,,,2,8,,2,,2,,,,1,,,,,,,,,1,2,2,1,0,3,4,,2,,,,,,,,3,3,15,,2,,,,1,1,1,1,2,2,2,2,2,2,2,,1,1,1,2,1,2,2,1,3,,64,03,1,01,4,0311,200000,44,1865.1014587,
5352552,1,1,1,60,2,15,1,1,,,1,,,1,1,1,1,19,,1,,2,877800,2,,,2,,1,100000,2,,2,,2,,,2,,,2,,,2,,,2,,,2,,,1,435000,1,435000,2,,2,,2,,2,,,.,,,,,,,,,.,12,,,,,,,,,60,,.,60,,,2,8,,1,,1,1,1,6,1,1,,,,,,,,,1,1,1,4,13,1,,2,,,,,,,,1,3,2,,2,,,,2,,,,,,,,,,,,,,1,1,1,2,1,1,1,,60,01,1,01,1,0141,977800,15,3741.0952795,
5352553,1,1,1,60,2,15,2,,,,,,,,,,,264,,,,,,,,,,,,,,,,,,,,,,,,,,,,,,,,,,,,,,,,,,,,,,,6,,,,,2,120000,1,1200000,2,,12,2,,,,,2,1,2,40,,.,8,6,,1,8,,2,,2,,,,1,,,,,,,,,1,2,2,1,0,16,4,,2,,,,,,,,2,3,10,1,2,,,,2,,,,,,,,,,,,,,2,2,2,2,2,1,5,,62,01,1,01,4,0113,120000,15,831.35450656,
5352554,1,1,1,60,2,15,2,,,,,,,,,,,240,,,,,,,,,,,,,,,,,,,,,,,,,,,,,,,,,,,,,,,,,,,,,,,6,,,,,2,150000,1,2000000,3,,12,2,,,,,2,1,2,40,,.,8,6,,1,8,,2,,2,,,,1,,,,,,,,,1,2,2,2,,,,,2,,,,,,,,,3,15,2,2,,,,2,,,,,,,,,,,,,,1,2,2,2,1,1,5,,62,01,1,01,4,0113,150000,15,3741.0952795,
5352555,1,1,1,60,2,15,2,,,,,,,,,,,120,,,,,,,,,,,,,,,,,,,,,,,,,,,,,,,,,,,,,,,,,,,,,,,6,,,,,2,180000,1,1800000,3,,12,2,,,,,2,1,1,30,1,,24,6,,1,8,,2,,2,,,,1,,,,,,,,,1,2,2,2,,,,,2,,,,,,,,,3,20,2,1,24,2,1,1,1,2,1,2,1,2,2,1,1,2,,2,1,1,2,2,2,2,1,5,,62,01,1,01,4,0113,180000,15,831.35450656,
5352578,1,1,1,60,2,44,2,,,,,,,,,,,48,,,,,,,,,,,,,,,,,,,,,,,,,,,,,,,,,,,,,,,,,,,,,,,6,,,,,2,400000,1,5000000,3,,12,2,,,,,3,1,2,60,,.,40,6,,2,8,,2,,2,,,,1,,,,,,1,,,,2,2,1,0,18,1,,2,,,,,,,,13,3,20,2,2,,,,1,1,2,1,2,1,2,2,1,1,2,,2,1,2,2,1,2,2,1,3,,62,01,1,01,4,0161,400000,44,2538.4087143,
5352579,1,1,1,60,2,44,2,,,,,,,,,,,29,,,,,,,,,,,,,,,,,,,,,,,,,,,,,,,,,,,,,,,,,,,,,,,6,,,,,2,250000,1,3000000,3,,12,2,,,,,3,1,2,40,,.,25,6,,1,2,,7,,2,,,,1,,,,,,,,,1,2,2,1,3,40,1,,2,,,,,,,,13,3,5,2,2,,,,1,1,2,1,2,1,2,2,2,2,2,,2,1,2,2,1,2,2,1,3,,54,81,1,01,4,8121,250000,44,2852.4407438,
5352579,1,2,1,60,2,44,2,,,,,,,,,,,12,,,,,,,,,,,,,,,,,,,,,,,,,,,,,,,,,,,,,,,,,,,,,,,6,,,,,2,400000,1,2500000,3,,12,2,,,,,3,1,1,40,,.,40,,,2,8,,10,,2,,,,1,,,,,,,,,1,2,2,1,0,72,4,,2,,,,,,,,13,3,25,,2,,,,1,1,2,1,2,1,2,2,1,1,2,,2,1,2,2,1,2,2,1,3,,62,01,1,01,4,0161,400000,44,2852.4407438,
5352580,1,6,1,60,2,44,2,,,,,,,,,,,0,,,,,,,,,,,,,,,,,,,,,,,,,,,,,,,,,,,,,,,,,,,,,,,6,,,,,2,300000,1,1000000,1,,12,2,,,,,1,1,2,25,1,,25,,,2,7,,7,,2,,,,1,,,,,,,,,1,2,2,1,0,2,4,,2,,,,,,,,2,3,5,,1,30,1,1,1,1,2,1,2,1,2,2,2,2,2,,1,1,2,2,2,2,2,1,3,,99,96,1,01,4,9609,300000,44,5010.8418177,
5352580,1,7,1,60,2,44,2,,,,,,,,,,,13,,,,,,,,,,,,,,,,,,,,,,,,,,,,,,,,,,,,,,,,,,,,,,,6,,,,,2,250000,1,3000000,3,,12,2,,,,,3,1,2,40,,.,40,,,2,8,,7,,2,,,,1,,,,,,,,,1,2,2,1,0,11,1,,2,,,,,,,,13,3,15,,2,,,,1,1,2,1,2,1,2,2,1,1,2,,2,1,2,2,2,2,2,2,3,,62,01,1,01,4,0161,250000,44,5010.8418177,
5352581,1,1,1,60,2,44,2,,,,,,,,,,,6,,,,,,,,,,,,,,,,,,,,,,,,,,,,,,,,,,,,,,,,,,,,,,,5,,,,,2,80000,1,500000,3,,6,2,,,,,3,1,2,21,2,,21,,,1,2,,2,,2,,,,1,,,,,,1,,,,2,2,1,24,8,3,,2,,,,,,,,3,3,5,,2,,,,1,1,2,1,2,1,2,2,2,2,2,,2,1,2,2,1,2,2,1,3,,45,47,1,01,4,4792,80000,44,3471.9216868,
5352581,1,2,1,60,2,44,2,,,,,,,,,,,180,,,,,,,,,,,,,,,,,,,,,,,,,,,,,,,,,,,,,,,,,,,,,,,6,,,,,2,250000,1,2500000,3,,12,2,,,,,3,3,2,40,,.,30,6,,1,8,,2,,2,,,,1,,,,,,1,,,,2,2,2,,,,,2,,,,,,,,,3,15,2,2,,,,2,,,,,,,,,,,,,,1,2,1,2,2,1,3,,62,01,1,01,4,0161,250000,44,3471.9216868,
5352581,2,1,2,60,2,44,2,,,,,,,,,,,96,,,,,,,,,,,,,,,,,,,,,,,,,,,,,,,,,,,,,,,,,,,,,,,6,,,,,2,250000,1,3000000,3,,12,2,,,,,3,1,2,40,,.,40,,,1,8,,2,,2,,,,1,,,,,,,,,1,2,2,2,,,,,2,,,,,,,,,3,20,,2,,,,1,1,2,1,2,2,2,2,1,1,2,,2,1,2,2,1,2,2,1,3,,62,01,1,01,4,0115,250000,44,3471.9216868,
5352585,1,4,1,60,2,44,2,,,,,,,,,,,24,,,,,,,,,,,,,,,,,,,,,,,,,,,,,,,,,,,,,,,,,,,,,,,6,,,,,2,200000,1,400000,1,,12,2,,,,,3,5,2,48,,.,32,6,,1,2,,2,,2,,,,1,,,,,,,,,1,2,2,1,0,60,4,,2,,,,,,,,3,8,30,1,2,,,,2,,,,,,,,,,,,,,1,2,1,2,2,1,5,,87,25,1,01,4,2592,200000,44,1513.9684934,
5352585,1,5,1,60,2,44,2,,,,,,,,,,,120,,,,,,,,,,,,,,,,,,,,,,,,,,,,,,,,,,,,,,,,,,,,,,,6,,,,,2,800000,1,1500000,3,,12,2,,,,,3,1,2,40,,.,5,6,,1,5,,2,,2,,,,1,,,,,,,,,1,2,2,2,,,,,2,,,,,,,,,3,10,1,2,,,,2,,,,,,,,,,,,,,1,1,1,2,1,1,5,,57,96,1,01,4,9602,800000,44,1513.9684934,
5352587,1,1,1,60,2,44,2,,,,,,,,,,,9,,,,,,,,,,,,,,,,,,,,,,,,,,,,,,,,,,,,,,,,,,,,,,,6,,,,,2,100000,1,1200000,3,,12,2,,,,,3,10,2,56,,.,56,,,1,1,,2,,2,,,,1,,,,,,,,,1,2,2,1,0,36,4,,2,,,,,,,,13,14,,,2,,,,1,1,2,1,2,1,2,2,2,2,2,,2,1,2,2,1,2,2,1,5,,94,95,1,01,4,9529,100000,44,3447.1992875,
5352588,1,1,1,60,2,44,1,1,,,1,,,2,2,2,2,2,,1,,2,300000,2,,,1,150000,1,30000,2,,2,,2,,,2,,,2,,,2,,,2,,,2,,,2,,2,,2,,2,,2,,2,,,.,,,,,,,,,.,12,,,,,,,,,50,,.,50,,,2,8,,2,,2,,,,1,,,,,,,,,1,2,2,1,0,36,8,,2,,,,,,,,3,3,2,,2,,,,2,,,,,,,,,,,,,,1,1,1,2,1,2,3,,58,01,1,01,8,0141,480000,44,2567.0010665,
5352589,1,1,1,60,2,44,1,1,,,1,,,1,2,2,2,204,,1,,2,550000,2,,,2,,1,150000,2,,2,,2,,,2,,,2,,,2,,,2,,,2,,,1,300000,2,,2,,1,300000,2,,2,,,.,,,,,,,,,.,12,,,,,,,,,50,,.,50,,,3,8,,2,,2,,,,1,,,,,,1,,,,2,2,1,0,12,8,,1,44,20,4,,120000,1,7,3,3,3,,2,,,,2,,,,,,,,,,,,,,1,1,1,2,1,1,6,,62,01,1,01,8,0141,820000,44,2810.3400828,
5352589,1,2,1,60,2,44,2,,,,,,,,,,,1,,,,,,,,,,,,,,,,,,,,,,,,,,,,,,,,,,,,,,,,,,,,,,,6,,,,,2,200000,1,600000,3,,2,2,,,,,3,1,2,38,2,,38,,,1,1,,2,,2,,,,1,,,,,,1,,,,2,2,1,36,60,4,,2,,,,,,,,3,14,,,2,,,,2,,,,,,,,,,,,,,1,1,1,2,2,1,3,,45,56,1,01,4,5619,200000,44,2810.3400828,
5352590,1,1,1,60,2,44,1,1,,,1,,,1,2,2,2,8,,1,,2,250000,2,,,2,,1,60000,2,,2,,2,,,2,,,2,,,2,,,2,,,2,,,2,,2,,2,,2,,2,,2,,,.,,,,,,,,,.,12,,,,,,,,,50,,.,50,,,1,8,,7,,2,,,,1,,,,,,,,,1,2,2,1,0,3,4,,2,,,,,,,,3,3,2,,2,,,,2,,,,,,,,,,,,,,1,1,1,2,1,1,3,,62,01,1,01,8,0141,310000,44,3544.1489914,
5352591,1,1,1,60,2,44,1,1,,,1,,,1,2,2,2,1,,1,,2,500000,2,,,2,,1,50000,2,,2,,2,,,2,,,2,,,2,,,2,,,2,,,2,,2,,2,,2,,2,,2,,,.,,,,,,,,,.,12,,,,,,,,,40,,.,40,,,3,8,,7,,2,,,,1,,,,,,,,,1,2,2,1,0,120,6,,2,,,,,,,,13,3,3,,2,,,,2,,,,,,,,,,,,,,1,1,1,2,1,1,9,,62,01,1,01,8,0141,550000,44,2735.897956,
5352591,1,2,1,60,2,44,1,1,,,1,,,1,2,2,2,96,,1,,2,500000,2,,,2,,1,50000,2,,2,,2,,,2,,,2,,,2,,,2,,,2,,,1,250000,2,,2,,1,300000,2,,2,,,.,,,,,,,,,.,12,,,,,,,,,50,,.,50,,,3,8,,2,,2,,,,1,,,,,,,,,1,2,2,1,0,6,8,,2,,,,,,,,3,3,3,,2,,,,2,,,,,,,,,,,,,,1,1,1,2,1,1,3,,62,01,1,01,8,0141,550000,44,2735.897956,
5352592,1,1,1,60,2,44,1,1,,,1,,,1,1,1,2,1,,1,,2,600000,2,,,1,60000,1,50000,2,,2,,2,,,2,,,2,,,2,,,2,,,2,,,2,,2,,2,,2,,2,,2,,,.,,,,,,,,,.,12,,,,,,,,,56,,.,56,,,3,8,,2,,2,,,,1,,,,,,,,,1,2,2,1,0,2,4,,2,,,,,,,,3,10,60,,2,,,,2,,,,,,,,,,,,,,1,1,1,2,1,1,6,,62,01,1,01,8,0141,710000,44,4170.4218697,
5352593,1,1,1,60,2,44,1,1,,,1,,,1,2,2,2,132,,1,,2,1000000,2,,,2,,1,100000,2,,2,,2,,,2,,,2,,,2,,,2,,,2,,,2,,2,,2,,2,,2,,2,,,.,,,,,,,,,.,12,,,,,,,,,56,,.,56,,,3,8,,5,,2,,,,1,,,,,,,,,1,2,2,1,0,21,8,,2,,,,,,,,3,3,120,,2,,,,1,1,2,1,2,1,2,2,2,2,2,,2,1,2,1,1,2,1,1,5,,60,01,1,01,8,0141,1100000,44,2567.0010665,
5352594,1,2,1,60,2,44,2,,,,,,,,,,,24,,,,,,,,,,,,,,,,,,,,,,,,,,,,,,,,,,,,,,,,,,,,,,,6,,,,,2,245000,1,2940000,3,,12,2,,,,,1,10,2,35,2,,35,,,4,8,,2,,2,,,,1,,,,,,,,,1,2,2,1,0,24,8,,2,,,,,,,,3,3,10,,2,,,,1,1,2,1,2,1,2,2,2,2,2,,2,2,1,2,1,2,2,1,5,,62,01,1,01,4,0141,245000,44,2735.897956,
5352604,1,1,1,60,2,15,2,,,,,,,,,,,144,,,,,,,,,,,,,,,,,,,,,,,,,,,,,,,,,,,,,,,,,,,,,,,7,,2,,,2,650000,1,7800000,3,,12,2,,,,,3,1,2,36,2,,40,,,1,8,,1,,1,2,2,10,1,,1,,,,,,,,1,2,1,0,24,1,,2,,,,,,,,2,3,10,,2,,,,2,,,,,,,,,,,,,,1,2,2,2,2,2,2,,62,01,1,01,4,0121,650000,15,796.26692861,
5352604,1,2,1,60,2,15,1,1,,,1,,,1,2,2,2,36,,1,,2,200000,2,,,2,,2,,2,,2,,2,,,2,,,2,,,2,,,2,,,2,,,2,,2,,2,,2,,2,,2,,,.,,,,,,,,,.,12,,,,,,,,,18,2,,18,,,2,8,,2,,2,,,,1,,,,,,,,,1,2,2,1,12,36,1,,2,,,,,,,,2,3,7,,2,,,,2,,,,,,,,,,,,,,1,2,2,2,2,1,9,,62,01,1,01,1,0141,200000,15,796.26692861,
5352605,1,1,1,60,2,15,2,,,,,,,,,,,148,,,,,,,,,,,,,,,,,,,,,,,,,,,,,,,,,,,,,,,,,,,,,,,6,,,,,2,420000,1,5040000,1,,12,2,,,,,2,1,1,36,1,,18,6,,1,8,,2,,2,,,,1,,,,,,,,,1,2,2,1,2,21,1,,2,,,,,,,,3,3,30,1,1,28,1,1,1,1,2,1,2,2,2,2,1,1,2,,1,1,2,2,2,2,2,2,5,,62,01,1,01,4,0161,420000,15,3583.2011787,
5352608,1,1,1,60,2,15,2,,,,,,,,,,,72,,,,,,,,,,,,,,,,,,,,,,,,,,,,,,,,,,,,,,,,,,,,,,,7,,2,,,2,500000,1,99,3,,12,2,,,,,3,1,2,50,,.,50,,,1,8,,2,,2,,,,1,,,,,,,,,1,2,2,1,3,30,4,,2,,,,,,,,2,3,5,,2,,,,2,,,,,,,,,,,,,,1,2,2,2,2,2,5,,62,01,1,01,4,0121,500000,15,3142.6364947,
5352609,1,1,1,60,2,15,1,1,,,1,,,2,2,2,2,3,,1,,2,620000,2,,,1,100000,2,,2,,2,,2,,,2,,,2,,,2,,,2,,,2,,,2,,2,,2,,2,,2,,2,,,.,,,,,,,,,.,8,,,,,,,,,36,2,,36,,,2,8,,2,,2,,,,1,,,,,,,,,1,2,2,1,3,28,8,,2,,,,,,,,13,3,40,,2,,,,1,1,1,1,2,1,2,2,2,1,2,,1,1,2,2,1,2,2,1,8,,62,01,1,01,8,0121,720000,15,3142.6364947,
5352610,1,1,1,60,2,15,1,1,,,1,,,2,2,2,2,13,,1,,2,877803,2,,,2,,2,,2,,2,,2,,,2,,,2,,,2,,,2,,,2,,,2,,1,700000,2,,2,,2,,2,,,.,,,,,,,,,.,12,,,,,,,,,40,,.,40,,,2,8,,2,,2,,,,1,,,,,,,,,1,2,2,1,6,6,1,,2,,,,,,,,3,3,20,,2,,,,2,,,,,,,,,,,,,,1,1,2,1,2,1,2,,60,01,1,01,1,0121,877803,15,2346.1522304,
5352610,1,2,1,60,2,15,2,,,,,,,,,,,5,,,,,,,,,,,,,,,,,,,,,,,,,,,,,,,,,,,,,,,,,,,,,,,7,,2,,,2,250000,1,1250000,3,,9,2,,,,,3,1,1,21,1,,21,,,1,7,,2,,2,,,,1,,,,,,,,,1,2,2,1,3,36,1,,2,,,,,,,,3,3,1,,2,,,,2,,,,,,,,,,,,,,1,2,1,2,2,2,8,,41,47,1,01,4,4711,250000,15,2346.1522304,
5352665,1,1,1,60,2,15,2,,,,,,,,,,,180,,,,,,,,,,,,,,,,,,,,,,,,,,,,,,,,,,,,,,,,,,,,,,,6,,,,,2,480000,1,6310000,2,,12,2,,,,,3,1,1,40,,.,0,6,,1,8,,2,,2,,,,1,,,,,,,,,1,2,2,1,0,130,4,,2,,,,,,,,2,3,50,1,2,,,,1,1,1,1,2,1,2,2,1,1,2,,1,1,2,2,1,2,2,1,5,,62,01,1,01,4,0161,480000,15,796.26692861,
5352693,1,1,1,60,2,68,2,,,,,,,,,,,96,,,,,,,,,,,,,,,,,,,,,,,,,,,,,,,,,,,,,,,,,,,,,,,7,,2,,,2,700000,1,2500000,3,,12,2,,,,,2,3,2,30,1,,30,,,1,8,,2,,2,,,,1,,,,,,,,,1,2,2,1,0,60,4,,1,68,5,4,,100000,2,1,2,3,16,,1,16,2,1,2,,,,,,,,,,,,,,1,2,1,2,1,1,2,,62,01,1,01,4,0123,800000,68,1707.6374648,
5352693,1,2,1,60,2,68,2,,,,,,,,,,,85,,,,,,,,,,,,,,,,,,,,,,,,,,,,,,,,,,,,,,,,,,,,,,,6,,,,,2,640000,1,1200000,3,,12,2,,,,,2,4,2,26,1,,26,,,1,8,,2,,2,,,,1,,,,,,,,,1,2,2,1,0,60,4,,2,,,,,,,,9,3,15,,2,,,,2,,,,,,,,,,,,,,1,2,1,2,1,1,3,,62,01,1,01,4,0161,640000,68,1707.6374648,
5352694,1,1,1,60,2,68,2,,,,,,,,,,,60,,,,,,,,,,,,,,,,,,,,,,,,,,,,,,,,,,,,,,,,,,,,,,,6,,,,,2,640000,1,12600000,3,,12,2,,,,,2,1,2,24,1,,24,,,1,8,,2,,2,,,,1,,,,,,,,,1,2,2,1,0,240,1,,2,,,,,,,,3,11,5,,1,24,2,1,2,,,,,,,,,,,,,,1,2,1,2,1,1,2,,62,01,1,01,4,0161,640000,68,967.90384504,
5352694,1,2,1,60,2,68,2,,,,,,,,,,,120,,,,,,,,,,,,,,,,,,,,,,,,,,,,,,,,,,,,,,,,,,,,,,,6,,,,,2,150000,1,1700000,3,,12,2,,,,,2,3,2,24,2,,24,,,1,8,,2,,2,,,,1,,,,,,,,,1,2,2,1,0,50,4,,2,,,,,,,,3,14,,,2,,,,2,,,,,,,,,,,,,,1,2,1,2,1,1,3,,62,01,1,01,4,0145,150000,68,967.90384504,
5352696,1,1,1,60,2,68,2,,,,,,,,,,,400,,,,,,,,,,,,,,,,,,,,,,,,,,,,,,,,,,,,,,,,,,,,,,,7,,2,,,2,,1,98,3,,12,1,5,5,0,0,2,6,2,48,,.,30,1,,4,8,,1,,2,,,,1,,,,,,,,,1,2,2,2,,,,,2,,,,,,,,,3,16,2,2,,,,2,,,,,,,,,,,,,,1,2,1,2,1,1,2,,62,01,1,01,5,0121,,68,967.90384504,
5352696,1,3,1,60,2,68,1,2,1,,1,,,1,1,1,1,68,,5,,2,1500000,2,,,2,,2,,2,,2,,1,200000,1,2,,,2,,,2,,,2,,,1,200000,2,1,750000,1,1500000,1,1500000,2,,2,,2,,,.,,,,,,,,,.,12,,,,,,,,,40,,.,0,3,,9,7,,1,,1,3,1,6,1,1,,,,,,,,,1,1,1,4,3,4,,2,,,,,,,,1,11,15,,2,,,,2,,,,,,,,,,,,,,1,1,1,1,1,1,1,,13,85,1,01,2,8530,1500000,68,967.90384504,
5352701,1,1,1,60,2,68,2,,,,,,,,,,,48,,,,,,,,,,,,,,,,,,,,,,,,,,,,,,,,,,,,,,,,,,,,,,,6,,,,,3,600000,1,6000000,2,,12,2,,,,,2,5,2,24,2,,24,,,1,8,,2,,2,,,,1,,,,,,,,,1,2,2,2,,,,,1,68,7,4,,0,1,1,,3,20,,2,,,,2,,,,,,,,,,,,,,1,2,1,2,1,1,3,,62,01,1,01,4,0161,600000,68,967.90384504,
5352701,1,3,1,60,2,68,2,,,,,,,,,,,180,,,,,,,,,,,,,,,,,,,,,,,,,,,,,,,,,,,,,,,,,,,,,,,6,,,,,3,600000,1,7200000,3,,12,2,,,,,2,3,2,40,,.,40,,,1,2,,2,,2,,,,1,,,,,,,,,1,2,2,2,,,,,2,,,,,,,,,3,30,,2,,,,2,,,,,,,,,,,,,,1,1,1,2,1,1,3,,95,41,1,01,4,4111,600000,68,967.90384504,
5352702,1,1,1,60,2,68,2,,,,,,,,,,,120,,,,,,,,,,,,,,,,,,,,,,,,,,,,,,,,,,,,,,,,,,,,,,,7,,2,,,3,0,1,10000000,2,,12,1,3,3,0,0,2,9,2,50,,.,50,,,3,8,,1,,1,1,2,13,1,,,,1,,,,,,2,2,1,0,240,4,,2,,,,,,,,3,3,5,,2,,,,2,,,,,,,,,,,,,,1,2,1,1,1,1,2,,62,01,1,01,5,0121,0,68,967.90384504,
5352702,1,2,1,60,2,68,2,,,,,,,,,,,240,,,,,,,,,,,,,,,,,,,,,,,,,,,,,,,,,,,,,,,,,,,,,,,7,,2,,,3,50000,1,1500000,3,,12,2,,,,,3,4,2,30,2,,30,,,1,1,,3,,2,,,,1,,,,,,1,,,,2,2,2,,,,,2,,,,,,,,,14,,,2,,,,2,,,,,,,,,,,,,,1,2,1,2,2,1,3,,41,47,1,01,4,4711,50000,68,967.90384504,
5352703,1,2,1,60,2,68,2,,,,,,,,,,,4,,,,,,,,,,,,,,,,,,,,,,,,,,,,,,,,,,,,,,,,,,,,,,,6,,,,,3,250000,1,1000000,2,,4,2,,,,,2,4,2,24,2,,24,,,1,8,,2,,2,,,,1,,,,,,,,,1,2,2,1,8,120,3,,2,,,,,,,,5,3,10,,2,,,,2,,,,,,,,,,,,,,1,1,1,2,2,1,3,,62,01,1,01,4,0161,250000,68,967.90384504,
5352731,1,1,1,60,2,15,2,,,,,,,,,,,560,,,,,,,,,,,,,,,,,,,,,,,,,,,,,,,,,,,,,,,,,,,,,,,7,,2,,,2,0,1,10000000,3,,12,2,,,,,3,3,2,70,,.,30,6,,1,8,,2,,2,,,,1,,,,,,,,,1,2,2,2,,,,,2,,,,,,,,,3,5,1,2,,,,2,,,,,,,,,,,,,,1,2,1,2,2,1,2,,62,01,1,01,4,0113,0,15,796.26692861,
5352733,1,1,1,60,2,15,2,,,,,,,,,,,350,,,,,,,,,,,,,,,,,,,,,,,,,,,,,,,,,,,,,,,,,,,,,,,6,,,,,2,750000,1,8000000,3,,12,2,,,,,3,1,1,50,,.,23,6,,1,8,,2,,2,,,,1,,,1,,,,,,,2,2,2,,,,,2,,,,,,,,,3,15,1,2,,,,2,,,,,,,,,,,,,,1,2,1,2,2,1,2,,62,01,1,01,4,0161,750000,15,796.26692861,
5352734,1,3,1,60,2,15,2,,,,,,,,,,,240,,,,,,,,,,,,,,,,,,,,,,,,,,,,,,,,,,,,,,,,,,,,,,,6,,,,,2,500000,1,98,3,,12,2,,,,,3,1,1,50,,.,34,6,,1,8,,2,,2,,,,1,,,1,,,,,,,2,2,2,,,,,2,,,,,,,,,3,60,1,2,,,,2,,,,,,,,,,,,,,1,2,1,2,2,1,2,,62,01,1,01,4,0161,500000,15,1807.6810315,
5352735,1,1,1,60,2,15,2,,,,,,,,,,,270,,,,,,,,,,,,,,,,,,,,,,,,,,,,,,,,,,,,,,,,,,,,,,,6,,,,,2,700000,1,8200000,3,,12,2,,,,,3,1,1,76,,.,35,6,,1,8,,2,,2,,,,1,,,1,,,,,,,2,2,1,3,15,1,,2,,,,,,,,1,11,40,1,2,,,,2,,,,,,,,,,,,,,1,2,1,2,2,1,2,,62,01,1,01,4,0161,700000,15,796.26692861,
5352738,1,3,1,60,2,15,2,,,,,,,,,,,250,,,,,,,,,,,,,,,,,,,,,,,,,,,,,,,,,,,,,,,,,,,,,,,6,,,,,2,800000,1,98,3,,12,2,,,,,3,1,1,50,,.,28,6,,1,8,,2,,2,,,,1,,,1,,,,,,,2,2,2,,,,,2,,,,,,,,,3,25,1,2,,,,2,,,,,,,,,,,,,,1,2,2,2,2,1,2,,62,01,1,01,4,0161,800000,15,796.26692861,
5352742,1,1,1,60,2,15,2,,,,,,,,,,,150,,,,,,,,,,,,,,,,,,,,,,,,,,,,,,,,,,,,,,,,,,,,,,,6,,,,,2,850000,1,98,3,,12,2,,,,,3,3,2,65,,.,45,6,,1,8,,2,,2,,,,1,,,1,,,,,,,2,2,2,,,,,2,,,,,,,,,3,30,1,2,,,,2,,,,,,,,,,,,,,1,2,1,2,1,1,2,,62,01,1,01,4,0161,850000,15,1404.8247109,
5352742,1,2,1,60,2,15,2,,,,,,,,,,,4,,,,,,,,,,,,,,,,,,,,,,,,,,,,,,,,,,,,,,,,,,,,,,,6,,,,,2,400000,1,98,3,,12,2,,,,,3,10,1,50,,.,34,6,,1,8,,2,,2,,,,1,,,,,,,,,1,2,2,1,0,340,4,,2,,,,,,,,3,3,40,1,2,,,,2,,,,,,,,,,,,,,1,2,2,2,1,1,3,,62,01,1,01,4,0161,400000,15,1404.8247109,
5353635,1,1,1,60,2,70,2,,,,,,,,,,,2,,,,,,,,,,,,,,,,,,,,,,,,,,,,,,,,,,,,,,,,,,,,,,,2,,,,,3,200000,1,3600000,3,,12,2,,,,,1,1,2,30,1,,30,,,2,2,,2,,2,,,,1,,,,,,,,,1,2,2,1,0,1,4,,2,,,,,,,,8,3,5,,1,12,2,1,1,1,1,1,2,1,2,2,2,2,2,,1,1,2,2,2,2,2,1,8,,03,61,1,01,4,6110,200000,70,2074.8631746,
5353636,1,1,1,60,2,70,2,,,,,,,,,,,1,,,,,,,,,,,,,,,,,,,,,,,,,,,,,,,,,,,,,,,,,,,,,,,6,,,,,3,40000,1,40000,3,,1,2,,,,,3,1,2,15,1,,15,,,1,1,,2,,2,,,,1,,,,,,,,,1,2,2,2,,,,,2,,,,,,,,,14,,,1,15,2,1,1,1,2,1,2,2,2,2,2,2,2,,2,2,1,2,1,2,1,1,3,,45,47,1,01,4,4729,40000,70,2122.9583041,
5353636,1,2,1,60,2,70,2,,,,,,,,,,,36,,,,,,,,,,,,,,,,,,,,,,,,,,,,,,,,,,,,,,,,,,,,,,,6,,,,,3,480000,1,5000000,3,,12,2,,,,,3,10,2,42,,.,42,,,1,4,,2,,2,,,,1,,,,,,,,,1,2,2,1,0,120,4,,2,,,,,,,,3,3,5,,2,,,,2,,,,,,,,,,,,,,1,2,1,2,1,1,3,,98,49,1,01,4,4921,480000,70,2122.9583041,
5353638,1,1,1,60,2,70,2,,,,,,,,,,,72,,,,,,,,,,,,,,,,,,,,,,,,,,,,,,,,,,,,,,,,,,,,,,,6,,,,,3,600000,1,7000000,3,,12,2,,,,,3,10,2,50,,.,50,,,1,4,,2,,2,,,,1,,,,,,,,,1,2,2,1,0,120,4,,2,,,,,,,,3,14,,,2,,,,2,,,,,,,,,,,,,,1,2,1,2,1,1,3,,98,49,1,01,4,4921,600000,70,1308.9501071,
5353639,1,2,1,60,2,70,1,1,,,1,,,2,2,2,1,60,,1,,2,120000,2,,,1,100000,2,,2,,2,,2,,,2,,,2,,,2,,,2,,,2,,,2,,2,,2,,2,,2,,2,,,.,,,,,,,,,.,12,,,,,,,,,49,,.,49,,,1,2,,2,,2,,,,1,,,,,,,,,1,2,2,2,,,,,2,,,,,,,,,3,30,,2,,,,1,1,1,1,2,2,2,2,2,2,2,,2,2,1,2,1,2,1,1,3,,54,97,1,01,3,9700,220000,70,1099.8391351,
5353639,1,3,1,60,2,70,2,,,,,,,,,,,480,,,,,,,,,,,,,,,,,,,,,,,,,,,,,,,,,,,,,,,,,,,,,,,6,,,,,3,0,1,5000000,3,,12,2,,,,,3,3,2,42,,.,42,,,1,8,,2,,2,,,,1,,,,,,,,,1,2,2,2,,,,,2,,,,,,,,,3,60,,2,,,,2,,,,,,,,,,,,,,1,2,1,2,1,2,3,,61,01,1,01,4,0113,0,70,1099.8391351,
5353640,1,1,1,60,2,70,2,,,,,,,,,,,1,,,,,,,,,,,,,,,,,,,,,,,,,,,,,,,,,,,,,,,,,,,,,,,6,,,,,3,20000,1,200000,3,,1,2,,,,,3,1,2,6,1,,6,,,1,1,,2,,2,,,,1,,,,,,,,,1,2,2,2,,,,,2,,,,,,,,,14,,,1,20,2,1,1,1,2,1,2,2,2,2,2,2,2,,2,1,2,2,2,2,2,1,3,,45,56,1,01,4,5619,20000,70,1458.9199109,
5353640,1,2,1,60,2,70,2,,,,,,,,,,,72,,,,,,,,,,,,,,,,,,,,,,,,,,,,,,,,,,,,,,,,,,,,,,,6,,,,,3,300000,1,3600000,3,,12,2,,,,,3,1,1,30,1,,30,,,1,8,,2,,2,,,,1,,,,,,,,,1,2,2,1,1,12,8,,2,,,,,,,,3,3,30,,1,12,2,1,1,1,2,1,2,2,2,2,2,2,2,,2,1,2,2,2,2,2,1,8,,62,01,1,01,4,0161,300000,70,1458.9199109,
5353641,1,1,1,60,2,70,1,1,,,1,,,2,2,2,1,36,,1,,2,300000,2,,,1,150000,1,80000,2,,2,,2,,,2,,,2,,,2,,,2,,,2,,,2,,2,,2,,2,,2,,2,,,.,,,,,,,,,.,12,,,,,,,,,42,,.,42,,,3,1,,2,,2,,,,1,,,,,,,,,1,2,2,1,0,36,8,,2,,,,,,,,3,14,,,2,,,,2,,,,,,,,,,,,,,1,2,1,2,1,1,3,,77,10,1,01,1,1040,530000,70,1712.3887494,
5353641,1,3,1,60,2,70,1,1,,,1,,,2,2,2,2,12,,1,,2,100000,2,,,1,100000,1,80000,2,,2,,2,,,2,,,2,,,2,,,2,,,2,,,2,,2,,2,,2,,2,,2,,,.,,,,,,,,,.,12,,,,,,,,,42,,.,42,,,3,1,,2,,2,,,,1,,,,,,,,,1,2,2,2,,,,,2,,,,,,,,,14,,,2,,,,2,,,,,,,,,,,,,,1,2,1,2,1,1,3,,77,10,1,01,1,1040,280000,70,1712.3887494,
5353642,1,3,1,60,2,70,2,,,,,,,,,,,48,,,,,,,,,,,,,,,,,,,,,,,,,,,,,,,,,,,,,,,,,,,,,,,6,,,,,3,200000,1,2400000,3,,12,2,,,,,3,1,2,28,2,,28,,,1,4,,2,,2,,,,1,,,,,,,,,1,2,2,1,0,12,1,,2,,,,,,,,1,14,,,1,12,2,1,1,1,1,1,2,2,2,2,2,1,2,,2,1,2,2,2,2,2,1,8,,98,49,1,01,4,4921,200000,70,1593.7647211,
5353643,1,1,1,60,2,70,2,,,,,,,,,,,3,,,,,,,,,,,,,,,,,,,,,,,,,,,,,,,,,,,,,,,,,,,,,,,6,,,,,3,60000,1,180000,3,,3,2,,,,,3,1,2,25,2,,25,,,1,1,,2,,2,,,,1,,,,,,,,,1,2,2,2,,,,,2,,,,,,,,,14,,,2,,,,1,1,1,1,2,2,2,2,2,2,2,,2,1,1,2,1,2,1,1,3,,45,56,1,01,4,5619,60000,70,2235.7864463,
5353645,1,2,1,60,2,70,1,1,,,1,,,2,2,2,2,2,,1,,2,120000,2,,,2,,2,,2,,2,,2,,,2,,,2,,,2,,,2,,,2,,,2,,2,,2,,2,,2,,2,,,.,,,,,,,,,.,2,,,,,,,,,48,,.,48,,,2,7,,2,,2,,,,1,,,,,,,,,1,2,2,2,,,,,2,,,,,,,,,11,30,,2,,,,1,1,2,1,2,2,2,2,2,2,2,,2,1,2,2,2,2,2,1,3,,45,47,1,01,1,4774,120000,70,1405.1593766,
5353646,1,1,1,60,2,70,2,,,,,,,,,,,300,,,,,,,,,,,,,,,,,,,,,,,,,,,,,,,,,,,,,,,,,,,,,,,6,,,,,3,300000,1,3600000,3,,12,2,,,,,3,10,2,42,,.,42,,,1,2,,2,,2,,,,1,,,,,,,,,1,2,2,2,,,,,2,,,,,,,,,12,10,,2,,,,2,,,,,,,,,,,,,,1,2,1,2,1,1,3,,56,96,1,01,4,9601,300000,70,1712.3887494,
5353647,1,1,1,60,2,70,2,,,,,,,,,,,48,,,,,,,,,,,,,,,,,,,,,,,,,,,,,,,,,,,,,,,,,,,,,,,6,,,,,3,0,1,600000,3,,12,2,,,,,2,1,2,42,,.,42,,,1,8,,2,,2,,,,1,,,,,,,,,1,2,2,1,0,98,4,,2,,,,,,,,1,3,20,,2,,,,2,,,,,,,,,,,,,,1,2,2,1,1,1,3,,44,01,1,01,4,0144,0,70,1745.6861304,
5353648,1,1,1,60,2,70,2,,,,,,,,,,,72,,,,,,,,,,,,,,,,,,,,,,,,,,,,,,,,,,,,,,,,,,,,,,,6,,,,,3,400000,1,4800000,3,,12,2,,,,,3,1,1,36,1,,36,,,1,8,,2,,2,,,,1,,,,,,,,,1,2,2,1,0,10,1,,2,,,,,,,,1,3,30,,1,10,2,1,2,,,,,,,,,,,,,,1,1,1,2,1,1,8,,62,01,1,01,4,0141,400000,70,1836.1920846,
5353650,1,1,1,60,2,70,2,,,,,,,,,,,180,,,,,,,,,,,,,,,,,,,,,,,,,,,,,,,,,,,,,,,,,,,,,,,6,,,,,3,1000000,1,12000000,3,,12,2,,,,,3,1,2,48,,.,48,,,1,9,,2,,2,,,,1,,,,,,,,,1,2,2,2,,,,,2,,,,,,,,,11,5,,2,,,,2,,,,,,,,,,,,,,1,1,1,2,1,1,3,,95,41,1,01,4,4112,1000000,70,1661.4464319,
5353650,1,2,1,60,2,70,1,2,1,,1,,,1,1,1,1,18,,1,,2,2200000,2,,,2,,2,,2,,2,,2,,,2,,,2,,,2,,,2,,,2,,,1,1100000,1,2200000,1,1100000,2,,2,,2,,,.,,,,,,,,,.,12,,,,,,,,,25,3,TRABAJA CON EL MAGISTERIO,25,,,9,7,,1,,1,3,1,1,1,1,,,,,,,,,1,1,2,,,,,2,,,,,,,,,11,30,,2,,,,2,,,,,,,,,,,,,,1,1,1,2,1,1,1,,13,85,1,01,2,8530,2200000,70,1661.4464319,
5353651,1,1,1,60,2,70,1,1,,,1,,,2,2,2,1,36,,1,,2,200000,2,,,1,100000,2,,2,,2,,2,,,2,,,2,,,2,,,2,,,2,,,2,,2,,2,,2,,2,,2,,,.,,,,,,,,,.,12,,,,,,,,,42,,.,42,,,3,8,,2,,2,,,,1,,,,,,,,,1,2,2,1,0,24,4,,2,,,,,,,,3,3,10,,2,,,,1,1,1,1,2,2,2,2,2,2,2,,2,2,1,2,1,2,1,1,3,,62,01,1,01,8,0141,300000,70,1836.1920846,
5353652,1,1,1,60,2,70,2,,,,,,,,,,,480,,,,,,,,,,,,,,,,,,,,,,,,,,,,,,,,,,,,,,,,,,,,,,,6,,,,,3,0,1,1200000,3,,12,2,,,,,3,9,2,30,2,,30,,,1,8,,2,,2,,,,1,,,,,,,,,1,2,2,1,0,60,8,,2,,,,,,,,1,10,40,,2,,,,2,,,,,,,,,,,,,,1,1,1,2,1,1,3,,61,01,1,01,4,0113,0,70,906.87270569,
5353652,1,4,1,60,2,70,2,,,,,,,,,,,1,,,,,,,,,,,,,,,,,,,,,,,,,,,,,,,,,,,,,,,,,,,,,,,2,,,,,3,30000,1,250000,1,,4,2,,,,,1,1,2,10,1,,10,,,2,2,,2,,2,,,,1,,,,,,,,,1,2,2,1,0,1,4,,2,,,,,,,,3,3,5,,1,20,1,1,1,1,1,1,2,1,2,2,2,2,2,,1,1,2,2,2,2,2,1,3,,45,47,1,01,4,4711,30000,70,906.87270569,
5353652,1,5,1,60,2,70,2,,,,,,,,,,,24,,,,,,,,,,,,,,,,,,,,,,,,,,,,,,,,,,,,,,,,,,,,,,,6,,,,,3,300000,1,3600000,3,,12,2,,,,,3,1,2,40,,.,40,,,1,4,,2,,2,,,,1,,,,,,,,,1,2,2,1,12,60,1,,2,,,,,,,,1,14,,,1,12,1,1,1,1,2,1,2,2,2,2,2,1,2,,1,1,2,2,2,2,2,1,8,,98,49,1,01,4,4921,300000,70,906.87270569,
5353654,1,1,1,60,2,70,2,,,,,,,,,,,12,,,,,,,,,,,,,,,,,,,,,,,,,,,,,,,,,,,,,,,,,,,,,,,6,,,,,3,500000,1,6000000,3,,12,2,,,,,3,10,2,54,,.,54,,,1,4,,2,,2,,,,1,,,,,,,,,1,2,2,1,0,7,1,,2,,,,,,,,1,14,,,2,,,,1,1,1,1,2,1,2,1,2,1,2,,2,1,1,2,1,2,1,1,3,,98,49,1,01,4,4921,500000,70,2385.2699234,
5353655,1,1,1,60,2,70,2,,,,,,,,,,,24,,,,,,,,,,,,,,,,,,,,,,,,,,,,,,,,,,,,,,,,,,,,,,,6,,,,,3,100000,1,1200000,3,,12,2,,,,,3,1,2,20,1,,20,,,1,1,,2,,2,,,,1,,,,,,,,,1,2,2,1,48,24,3,,2,,,,,,,,3,14,,,1,12,2,1,1,1,2,1,2,2,2,2,2,2,2,,2,1,2,2,2,2,2,1,3,,45,47,1,01,4,4759,100000,70,1811.4162357,
5353656,1,1,1,60,2,70,2,,,,,,,,,,,480,,,,,,,,,,,,,,,,,,,,,,,,,,,,,,,,,,,,,,,,,,,,,,,6,,,,,3,200000,1,2400000,3,,12,2,,,,,3,10,2,42,,.,24,6,,1,8,,2,,2,,,,1,,,,,,,,,1,2,2,2,,,,,2,,,,,,,,,10,40,2,2,,,,2,,,,,,,,,,,,,,1,2,1,2,1,1,3,,62,01,1,01,4,0161,200000,70,1889.9526188,
5353656,1,3,1,60,2,70,2,,,,,,,,,,,120,,,,,,,,,,,,,,,,,,,,,,,,,,,,,,,,,,,,,,,,,,,,,,,6,,,,,3,200000,1,2400000,3,,12,2,,,,,3,3,2,42,,.,20,6,,1,8,,2,,2,,,,1,,,,,,,,,1,2,2,2,,,,,2,,,,,,,,,3,45,2,2,,,,1,1,1,1,2,2,2,2,1,1,2,,2,1,1,2,1,2,1,1,3,,62,01,1,01,4,0161,200000,70,1889.9526188,
5353659,1,1,1,60,2,70,2,,,,,,,,,,,120,,,,,,,,,,,,,,,,,,,,,,,,,,,,,,,,,,,,,,,,,,,,,,,6,,,,,3,300000,1,1800000,3,,12,1,1,0,0,1,3,1,2,42,,.,25,6,,2,1,,2,,2,,,,1,,,,,,,,,1,2,2,2,,,,,2,,,,,,,,,14,,1,2,,,,1,1,1,1,2,2,2,2,2,2,2,,2,1,1,2,1,2,1,1,3,,45,56,1,01,4,5619,300000,70,1735.0222255,
5353659,1,2,1,60,2,70,2,,,,,,,,,,,12,,,,,,,,,,,,,,,,,,,,,,,,,,,,,,,,,,,,,,,,,,,,,,,,.,,,,,,,,,.,12,,,,,,,,,18,2,,18,,,2,1,,2,,2,,,,1,,,,,,,,,1,2,2,2,,,,,2,,,,,,,,,14,,,2,,,,2,,,,,,,,,,,,,,1,2,1,2,1,1,3,,53,56,1,01,6,5619,,70,1735.0222255,
5353661,1,1,1,60,2,70,1,2,1,,1,,,1,1,1,1,300,,1,,2,1170000,2,,,2,,2,,2,,2,,2,,,1,102853,2,2,,,2,,,2,,,2,,,1,414058,1,828116,1,414058,2,,2,,2,,,.,,,,,,,,,.,12,,,,,,,,,40,,.,40,,,9,7,,1,,1,2,1,25,1,1,,,,,,,,,1,1,2,,,,,2,,,,,,,,,3,15,,2,,,,2,,,,,,,,,,,,,,1,1,1,2,1,1,1,,59,86,1,01,2,8621,1170000,70,1291.8795042,
5353661,1,2,1,60,2,70,2,,,,,,,,,,,2,,,,,,,,,,,,,,,,,,,,,,,,,,,,,,,,,,,,,,,,,,,,,,,6,,,,,3,600000,1,2200000,3,,10,2,,,,,3,1,1,46,,.,46,,,1,4,,2,,2,,,,1,,,,,,,,,1,2,2,1,1,1,4,,2,,,,,,,,8,14,,,2,,,,2,,,,,,,,,,,,,,1,1,1,2,1,1,3,,98,49,1,01,4,4921,600000,70,1291.8795042,
5353662,1,1,1,60,2,70,1,1,,,1,,,2,2,2,1,120,,1,,2,200000,2,,,1,150000,1,150000,2,,2,,2,,,2,,,2,,,2,,,2,,,2,,,2,,2,,2,,2,,2,,2,,,.,,,,,,,,,.,12,,,,,,,,,70,,.,70,,,1,8,,2,,2,,,,1,,,,,,,,,1,2,2,1,0,120,4,,2,,,,,,,,3,14,,,2,,,,2,,,,,,,,,,,,,,1,2,1,2,1,1,3,,58,01,1,01,8,0141,500000,70,1912.5860948,
5353663,1,1,1,60,2,70,1,1,,,1,,,1,2,2,1,48,,1,,2,500000,2,,,1,120000,2,,2,,2,,2,,,2,,,2,,,2,,,2,,,2,,,2,,2,,2,,2,,2,,2,,,.,,,,,,,,,.,12,,,,,,,,,56,,.,56,,,2,8,,2,,2,,,,1,,,,,,,,,1,2,2,1,0,1,4,,2,,,,,,,,8,14,,,2,,,,2,,,,,,,,,,,,,,1,1,1,2,1,1,1,,58,01,1,01,8,0141,620000,70,2640.0353784,
5353663,1,6,1,60,2,70,2,,,,,,,,,,,14,,,,,,,,,,,,,,,,,,,,,,,,,,,,,,,,,,,,,,,,,,,,,,,,.,,,,,,,,,.,12,,,,,,,,,20,2,,20,,,2,8,,2,,2,,,,1,,,,,,,,,1,2,2,2,,,,,2,,,,,,,,,14,,,2,,,,2,,,,,,,,,,,,,,1,1,1,2,1,1,3,,62,01,1,01,7,0141,,70,2640.0353784,
5353664,1,1,1,60,2,70,2,,,,,,,,,,,30,,,,,,,,,,,,,,,,,,,,,,,,,,,,,,,,,,,,,,,,,,,,,,,6,,,,,3,160000,1,1900000,3,,12,2,,,,,2,9,2,30,1,,30,,,1,8,,2,,2,,,,1,,,,,,,,,1,2,2,1,0,96,8,,1,70,24,4,,250000,1,8,1,14,,,1,10,2,1,2,,,,,,,,,,,,,,1,2,1,2,1,1,8,,61,01,1,01,4,0141,410000,70,1810.2223796,
5353664,1,2,1,60,2,70,2,,,,,,,,,,,1,,,,,,,,,,,,,,,,,,,,,,,,,,,,,,,,,,,,,,,,,,,,,,,6,,,,,3,40000,1,400000,3,,4,2,,,,,3,1,2,12,2,,12,,,1,5,,2,,2,,,,1,,,,,,,,,1,2,2,1,2,3,4,,2,,,,,,,,3,14,,,2,,,,1,1,1,1,2,1,2,2,2,2,2,,2,1,2,2,2,2,2,1,3,,45,47,1,01,4,4799,40000,70,1810.2223796,
5353665,1,1,1,60,2,70,1,1,,,1,,,1,2,2,1,1,,1,,2,300000,2,,,2,,2,,2,,2,,1,200000,2,2,,,2,,,2,,,2,,,2,,,2,,2,,2,,2,,2,,2,,,.,,,,,,,,,.,12,,,,,,,,,56,,.,56,,,1,8,,2,,2,,,,1,,,,,,,,,1,2,2,1,0,1,4,,2,,,,,,,,8,3,5,,2,,,,2,,,,,,,,,,,,,,1,1,1,2,2,1,8,,58,01,1,01,8,0141,300000,70,1537.6430968,
5353667,1,1,1,60,2,70,1,1,,,1,,,2,2,2,1,2,,1,,2,250000,2,,,1,100000,1,100000,2,,2,,2,,,2,,,2,,,2,,,2,,,2,,,2,,2,,2,,2,,2,,2,,,.,,,,,,,,,.,12,,,,,,,,,60,,.,60,,,2,8,,2,,2,,,,1,,,,,,,,,1,2,2,1,0,24,4,,2,,,,,,,,3,14,,,2,,,,2,,,,,,,,,,,,,,1,2,1,2,1,1,3,,58,01,1,01,8,0141,450000,70,1537.6430968,
5353668,1,1,1,60,2,70,1,1,,,1,,,1,2,2,2,72,,1,,2,300000,2,,,1,400000,2,,2,,2,,2,,,2,,,2,,,2,,,2,,,2,,,2,,2,,2,,2,,2,,2,,,.,,,,,,,,,.,12,,,,,,,,,56,,.,56,,,1,8,,2,,2,,,,1,,,,,,,,,1,2,2,1,0,12,4,,2,,,,,,,,8,14,,,2,,,,2,,,,,,,,,,,,,,1,1,1,2,1,1,8,,58,01,1,01,8,0141,700000,70,1759.7980744,
5353669,1,1,1,60,2,70,2,,,,,,,,,,,360,,,,,,,,,,,,,,,,,,,,,,,,,,,,,,,,,,,,,,,,,,,,,,,6,,,,,3,150000,1,1800000,3,,12,2,,,,,3,10,2,42,,.,0,1,,1,8,,2,,2,,,,1,,,,,,,,,1,2,2,2,,,,,2,,,,,,,,,3,20,2,2,,,,1,1,2,1,2,2,2,2,1,1,2,,2,1,1,2,1,2,1,1,3,,62,01,1,01,4,0161,150000,70,1513.8720774,
5353669,1,2,1,60,2,70,2,,,,,,,,,,,300,,,,,,,,,,,,,,,,,,,,,,,,,,,,,,,,,,,,,,,,,,,,,,,6,,,,,3,120000,1,2000000,3,,12,2,,,,,3,10,2,42,,.,42,,,1,1,,2,,2,,,,1,,,,,,,,,1,2,2,2,,,,,2,,,,,,,,,14,,,2,,,,2,,,,,,,,,,,,,,1,2,1,2,1,1,3,,75,14,1,01,4,1410,120000,70,1513.8720774,
5353669,1,7,1,60,2,70,2,,,,,,,,,,,144,,,,,,,,,,,,,,,,,,,,,,,,,,,,,,,,,,,,,,,,,,,,,,,6,,,,,3,200000,1,2400000,3,,12,2,,,,,3,10,2,42,,.,7,6,,1,8,,5,,2,,,,1,,,,,,,,,1,2,2,2,,,,,2,,,,,,,,,3,20,2,2,,,,1,1,2,1,2,2,2,2,1,1,2,,2,1,1,2,1,2,2,1,3,,62,01,1,01,4,0161,200000,70,1513.8720774,
5353670,1,1,1,60,2,70,2,,,,,,,,,,,360,,,,,,,,,,,,,,,,,,,,,,,,,,,,,,,,,,,,,,,,,,,,,,,6,,,,,3,200000,1,2400000,3,,12,2,,,,,3,3,2,24,2,,24,,,1,1,,2,,2,,,,1,,,,,,,,,1,2,2,2,,,,,2,,,,,,,,,14,,,2,,,,2,,,,,,,,,,,,,,1,1,1,2,1,1,8,,75,14,1,01,4,1410,200000,70,1014.9921451,
5353670,1,2,1,60,2,70,2,,,,,,,,,,,120,,,,,,,,,,,,,,,,,,,,,,,,,,,,,,,,,,,,,,,,,,,,,,,6,,,,,3,300000,1,3600000,1,,12,2,,,,,3,1,1,40,,.,40,,,2,2,,2,,2,,,,1,,,,,,,,,1,2,2,1,0,130,4,,2,,,,,,,,3,12,20,,2,,,,1,1,1,1,1,1,2,2,1,2,2,,2,1,2,2,2,2,2,1,8,,95,41,1,01,4,4111,300000,70,1014.9921451,
5353671,1,1,1,60,2,70,2,,,,,,,,,,,520,,,,,,,,,,,,,,,,,,,,,,,,,,,,,,,,,,,,,,,,,,,,,,,6,,,,,3,50000,1,550000,1,,12,2,,,,,3,5,2,30,2,,30,,,1,1,,2,,2,,,,1,,,,,,,,,1,2,2,2,,,,,2,,,,,,,,,14,,,2,,,,2,,,,,,,,,,,,,,1,2,1,2,1,1,8,,75,14,1,01,4,1410,50000,70,1689.7002482,
5353671,1,2,1,60,2,70,2,,,,,,,,,,,240,,,,,,,,,,,,,,,,,,,,,,,,,,,,,,,,,,,,,,,,,,,,,,,6,,,,,3,0,1,2000000,3,,12,2,,,,,3,3,2,46,,.,46,,,1,8,,2,,2,,,,1,,,,,,,,,1,2,2,2,,,,,2,,,,,,,,,3,10,,2,,,,2,,,,,,,,,,,,,,1,1,1,2,1,1,8,,61,01,1,01,4,0113,0,70,1689.7002482,
5353671,1,4,1,60,2,70,2,,,,,,,,,,,60,,,,,,,,,,,,,,,,,,,,,,,,,,,,,,,,,,,,,,,,,,,,,,,6,,,,,3,450000,1,5000000,3,,12,2,,,,,3,1,1,48,,.,48,,,1,8,,2,,2,,,,1,,,,,,,,,1,2,2,2,,,,,2,,,,,,,,,12,20,,2,,,,1,1,1,1,1,2,2,2,1,2,2,,2,1,2,2,2,2,1,2,9,,62,01,1,01,4,0141,450000,70,1689.7002482,
5353672,1,1,1,60,2,70,2,,,,,,,,,,,84,,,,,,,,,,,,,,,,,,,,,,,,,,,,,,,,,,,,,,,,,,,,,,,6,,,,,3,120000,1,2000000,3,,12,2,,,,,3,10,2,42,,.,20,6,,1,1,,2,,2,,,,1,,,,,,,,,1,2,2,2,,,,,2,,,,,,,,,14,,2,2,,,,1,1,1,1,2,2,2,2,2,2,2,,2,1,1,2,1,2,1,1,3,,75,14,1,01,4,1410,120000,70,1423.2508558,
5353674,1,1,1,60,2,70,2,,,,,,,,,,,600,,,,,,,,,,,,,,,,,,,,,,,,,,,,,,,,,,,,,,,,,,,,,,,6,,,,,3,0,1,2000000,3,,12,2,,,,,3,5,2,45,,.,45,,,1,8,,2,,2,,,,1,,,,,,,,,1,2,2,2,,,,,2,,,,,,,,,3,5,,2,,,,2,,,,,,,,,,,,,,1,1,1,2,1,1,9,,61,01,1,01,4,0113,0,70,848.27342832,
5353675,1,1,1,60,2,70,2,,,,,,,,,,,180,,,,,,,,,,,,,,,,,,,,,,,,,,,,,,,,,,,,,,,,,,,,,,,6,,,,,3,160000,1,2000000,3,,12,2,,,,,3,10,2,42,,.,7,6,,1,8,,2,,2,,,,1,,,,,,,,,1,2,2,2,,,,,2,,,,,,,,,3,25,2,2,,,,1,1,1,1,2,2,2,2,1,1,2,,2,1,1,2,1,2,1,1,3,,62,01,1,01,4,0161,160000,70,1989.4051418,
5353676,1,1,1,60,2,70,2,,,,,,,,,,,240,,,,,,,,,,,,,,,,,,,,,,,,,,,,,,,,,,,,,,,,,,,,,,,6,,,,,3,0,1,5000000,3,,12,2,,,,,3,3,1,40,,.,40,,,1,8,,2,,2,,,,1,,,,,,,,,1,2,2,2,,,,,2,,,,,,,,,3,10,,2,,,,2,,,,,,,,,,,,,,1,1,1,2,1,1,8,,61,01,1,01,4,0113,0,70,1571.1210506,
5354516,1,2,1,60,2,20,2,,,,,,,,,,,240,,,,,,,,,,,,,,,,,,,,,,,,,,,,,,,,,,,,,,,,,,,,,,,7,,1,2,,2,400000,1,5000000,3,,12,2,,,,,3,1,1,50,,.,50,,,1,8,,2,,2,,,,1,,,,,,,,,1,2,2,1,0,6,1,,2,,,,,,,,1,11,5,,2,,,,1,1,1,1,1,2,2,2,2,2,2,,2,1,1,1,1,2,1,1,5,,61,01,1,01,4,0111,400000,20,1005.5467723,
5354517,1,1,1,60,2,20,2,,,,,,,,,,,180,,,,,,,,,,,,,,,,,,,,,,,,,,,,,,,,,,,,,,,,,,,,,,,6,,,,,2,360000,1,4300000,3,,12,2,,,,,3,1,1,48,,.,0,6,,2,8,,2,,2,,,,1,,,,,,,,,1,2,2,2,,,,,2,,,,,,,,,11,30,2,2,,,,1,1,2,1,2,2,2,1,1,1,2,,2,1,1,2,1,2,2,1,3,,62,01,1,01,4,0161,360000,20,1467.6873567,
5354517,1,2,1,60,2,20,1,2,2,11,2,3,,1,1,2,1,180,,1,,2,807000,2,,,2,,2,,2,,2,,2,,,2,,,1,32000,2,2,,,2,,,2,,,1,400000,2,,2,,2,,2,,2,,,.,,,,,,,,,.,12,,,,,,,,,48,,.,0,7,VACACIONES,9,7,,1,,1,2,1,5,1,1,,,,,,,,,1,1,2,,,,,2,,,,,,,,,11,15,,2,,,,2,,,,,,,,,,,,,,1,1,1,1,1,1,3,,54,84,1,01,1,8413,807000,20,1467.6873567,7810
5354517,1,3,1,60,2,20,2,,,,,,,,,,,0,,,,,,,,,,,,,,,,,,,,,,,,,,,,,,,,,,,,,,,,,,,,,,,6,,,,,2,0,1,300000,1,,1,2,,,,,3,3,2,40,,.,10,6,,2,8,,2,,2,,,,1,,,,,,,,,1,2,2,2,,,,,2,,,,,,,,,3,20,2,2,,,,2,,,,,,,,,,,,,,1,1,1,2,1,1,3,,62,01,1,01,4,0121,0,20,1467.6873567,
5354518,1,1,1,60,2,20,2,,,,,,,,,,,24,,,,,,,,,,,,,,,,,,,,,,,,,,,,,,,,,,,,,,,,,,,,,,,6,,,,,2,300000,1,3600000,3,,12,2,,,,,2,1,1,48,,.,48,,,1,8,,2,,2,,,,1,,,,,,,,,1,2,2,1,0,6,8,,2,,,,,,,,2,11,12,,2,,,,2,,,,,,,,,,,,,,1,1,1,2,1,1,5,,62,01,1,01,4,0161,300000,20,1417.102125,
5354519,1,1,1,60,2,20,2,,,,,,,,,,,2,,,,,,,,,,,,,,,,,,,,,,,,,,,,,,,,,,,,,,,,,,,,,,,6,,,,,2,150000,1,2000000,1,,11,2,,,,,2,1,2,36,1,,10,6,,2,8,,2,,2,,,,1,,,,,,,,,1,2,2,1,0,1,4,,2,,,,,,,,3,3,18,2,1,20,2,1,1,1,2,1,2,1,2,2,1,1,2,,2,1,1,2,2,2,2,1,3,,61,01,1,01,4,0161,150000,20,1132.0041635,
5354520,1,1,1,60,2,20,2,,,,,,,,,,,60,,,,,,,,,,,,,,,,,,,,,,,,,,,,,,,,,,,,,,,,,,,,,,,6,,,,,2,300000,1,2500000,3,,12,2,,,,,2,1,1,40,,.,30,6,,2,8,,2,,2,,,,1,,,,,,,,,1,2,2,2,,,,,2,,,,,,,,,11,15,2,2,,,,1,1,2,1,2,2,2,2,1,2,2,,2,1,2,2,1,2,2,1,8,,62,01,1,01,4,0161,300000,20,1511.8990864,
5354521,1,1,1,60,2,20,2,,,,,,,,,,,72,,,,,,,,,,,,,,,,,,,,,,,,,,,,,,,,,,,,,,,,,,,,,,,6,,,,,2,720000,1,7000000,3,,12,2,,,,,1,1,2,30,1,,30,,,2,8,,2,,2,,,,1,,,,,,,,,1,2,2,1,0,3,8,,2,,,,,,,,3,3,8,,2,,,,1,1,1,1,2,2,2,2,2,2,2,,2,1,1,2,1,2,1,1,5,,62,01,1,01,4,0141,720000,20,1243.9865027,
5354522,1,2,1,60,2,20,2,,,,,,,,,,,240,,,,,,,,,,,,,,,,,,,,,,,,,,,,,,,,,,,,,,,,,,,,,,,6,,,,,2,200000,1,2000000,3,,12,2,,,,,2,3,2,40,,.,40,,,1,8,,2,,2,,,,1,,,,,,,,,1,2,2,2,,,,,2,,,,,,,,,3,5,,2,,,,2,,,,,,,,,,,,,,1,2,1,2,1,1,8,,61,01,1,01,4,0126,200000,20,1191.810477,
5354523,1,1,1,60,2,20,2,,,,,,,,,,,460,,,,,,,,,,,,,,,,,,,,,,,,,,,,,,,,,,,,,,,,,,,,,,,7,,1,2,,2,500000,1,98,3,,12,2,,,,,3,10,2,40,,.,40,,,2,8,,2,,2,,,,1,,,,,,,,,1,2,2,2,,,,,2,,,,,,,,,3,10,,2,,,,2,,,,,,,,,,,,,,1,1,1,2,1,1,3,,60,01,1,01,4,0141,500000,20,889.96566935,
5354524,1,1,1,60,2,20,1,1,,,1,,,1,1,2,1,4,,1,,2,900000,2,,,2,,1,50000,2,,2,,2,,,2,,,2,,,2,,,2,,,2,,,2,,2,,2,,2,,2,,2,,,.,,,,,,,,,.,4,,,,,,,,,50,,.,50,,,3,8,,2,,2,,,,1,,,,,,,,,1,2,2,1,8,3,4,,2,,,,,,,,3,3,4,,2,,,,2,,,,,,,,,,,,,,1,2,1,2,1,1,2,,62,01,1,01,1,0126,950000,20,1288.5322405,
5354525,1,1,1,60,2,20,2,,,,,,,,,,,82,,,,,,,,,,,,,,,,,,,,,,,,,,,,,,,,,,,,,,,,,,,,,,,6,,,,,2,200000,1,3000000,3,,12,2,,,,,2,3,2,50,,.,50,,,1,8,,2,,2,,,,1,,,,,,,,,1,2,2,1,0,8,1,,2,,,,,,,,1,3,15,,2,,,,2,,,,,,,,,,,,,,1,1,1,2,2,1,5,,62,01,1,01,4,0161,200000,20,1203.8419315,
5354525,1,3,1,60,2,20,2,,,,,,,,,,,72,,,,,,,,,,,,,,,,,,,,,,,,,,,,,,,,,,,,,,,,,,,,,,,6,,,,,2,200000,1,2000000,3,,12,2,,,,,2,1,1,48,,.,48,,,1,8,,2,,2,,,,1,,,,,,,,,1,2,2,1,0,92,4,,2,,,,,,,,1,13,20,,2,,,,1,1,1,1,2,2,2,2,1,1,2,,2,1,1,2,1,2,2,1,5,,62,01,1,01,4,0161,200000,20,1203.8419315,
5354526,1,1,1,60,2,20,2,,,,,,,,,,,540,,,,,,,,,,,,,,,,,,,,,,,,,,,,,,,,,,,,,,,,,,,,,,,6,,,,,2,70000,1,800000,1,,12,2,,,,,2,3,2,30,2,,30,,,1,8,,2,,2,,,,1,,,,,,,,,1,2,2,2,,,,,2,,,,,,,,,3,10,,2,,,,2,,,,,,,,,,,,,,1,2,1,2,1,1,3,,61,01,1,01,4,0122,70000,20,1050.1884301,
5354527,1,1,1,60,2,20,2,,,,,,,,,,,360,,,,,,,,,,,,,,,,,,,,,,,,,,,,,,,,,,,,,,,,,,,,,,,6,,,,,2,100000,1,1500000,3,,12,2,,,,,2,3,2,40,,.,40,,,1,8,,2,,2,,,,1,,,,,,,,,1,2,2,2,,,,,2,,,,,,,,,3,6,,2,,,,2,,,,,,,,,,,,,,1,2,1,2,1,1,8,,61,01,1,01,4,0111,100000,20,1254.0931551,
5354528,1,2,1,60,2,20,1,2,2,12,1,,,1,1,2,1,260,,1,,2,1200000,2,,,2,,2,,2,,2,,2,,,1,300000,2,2,,,2,,,2,,,2,,,1,1200000,2,,2,,2,,2,,2,,,.,,,,,,,,,.,12,,,,,,,,,40,,.,40,,,9,7,,1,,1,1,1,17,1,1,,,,,,,,,1,2,1,0,120,4,,2,,,,,,,,3,8,25,,2,,,,2,,,,,,,,,,,,,,1,1,1,2,1,1,3,,21,46,1,01,1,4620,1200000,20,695.69920199,
5354529,1,1,1,60,2,20,2,,,,,,,,,,,120,,,,,,,,,,,,,,,,,,,,,,,,,,,,,,,,,,,,,,,,,,,,,,,6,,,,,2,200000,1,2600000,1,,12,2,,,,,3,3,2,40,,.,40,,,1,8,,2,,2,,,,1,,,,,,,,,1,2,2,1,0,36,4,,2,,,,,,,,3,3,4,,2,,,,1,1,1,1,2,2,2,2,1,1,2,,2,1,2,2,2,2,1,1,3,,64,03,1,01,4,0311,200000,20,1449.9504164,
5354530,1,1,1,60,2,20,2,,,,,,,,,,,144,,,,,,,,,,,,,,,,,,,,,,,,,,,,,,,,,,,,,,,,,,,,,,,6,,,,,2,150000,1,1800000,1,,12,2,,,,,2,3,2,30,1,,30,,,2,8,,2,,2,,,,1,,,,,,,,,1,2,2,2,,,,,2,,,,,,,,,3,16,,2,,,,1,1,2,1,2,2,2,2,1,1,2,,2,2,2,2,2,2,2,1,3,,62,01,1,01,4,0161,150000,20,1260.9080561,
5354530,1,4,1,60,2,20,2,,,,,,,,,,,36,,,,,,,,,,,,,,,,,,,,,,,,,,,,,,,,,,,,,,,,,,,,,,,6,,,,,2,300000,1,98,1,,12,2,,,,,2,3,1,36,1,,36,,,5,8,,2,,2,,,,1,,,,,,,,,1,2,2,2,,,,,2,,,,,,,,,3,16,,1,12,2,1,1,1,2,1,2,2,2,2,1,1,2,,2,2,2,2,2,2,2,1,3,,62,01,1,01,4,0161,300000,20,1260.9080561,
5354531,1,3,1,60,2,20,2,,,,,,,,,,,15,,,,,,,,,,,,,,,,,,,,,,,,,,,,,,,,,,,,,,,,,,,,,,,6,,,,,2,800000,1,7500000,3,,12,2,,,,,2,1,1,40,,.,40,,,1,8,,2,,2,,,,1,,,,,,,,,1,2,2,1,0,40,1,,2,,,,,,,,3,3,10,,2,,,,1,1,1,1,2,2,2,2,2,1,2,,2,1,1,1,1,2,1,1,3,,62,01,1,01,4,0161,800000,20,1022.4683257,
5354534,1,2,1,60,2,20,1,1,,,1,,,1,2,2,2,24,,1,,2,400000,2,,,2,,1,,2,,2,,2,,,2,,,2,,,2,,,2,,,2,,,2,,2,,2,,2,,2,,2,,,.,,,,,,,,,.,12,,,,,,,,,48,,.,48,,,2,8,,2,,2,,,,1,,,,,,,,,1,2,2,1,0,190,4,,2,,,,,,,,3,3,10,,2,,,,1,1,2,1,2,2,2,2,1,2,2,,2,1,1,2,1,2,1,1,3,,60,01,1,01,1,0121,400000,20,877.07280773,
5354535,1,1,1,60,2,20,2,,,,,,,,,,,72,,,,,,,,,,,,,,,,,,,,,,,,,,,,,,,,,,,,,,,,,,,,,,,6,,,,,2,450000,1,2600000,1,,12,2,,,,,2,3,2,40,,.,40,,,5,8,,2,,2,,,,1,,,,,,,,,1,2,2,2,,,,,2,,,,,,,,,3,20,,2,,,,2,,,,,,,,,,,,,,1,2,1,2,2,1,3,,62,01,1,01,4,0161,450000,20,1570.8900131,
5354536,1,3,1,60,2,20,2,,,,,,,,,,,12,,,,,,,,,,,,,,,,,,,,,,,,,,,,,,,,,,,,,,,,,,,,,,,6,,,,,2,200000,1,1200000,2,,12,2,,,,,2,1,2,40,,.,20,6,,2,8,,2,,2,,,,1,,,,,,,,,1,2,2,2,,,,,2,,,,,,,,,3,15,2,2,,,,2,,,,,,,,,,,,,,1,2,1,2,2,1,3,,62,01,1,01,4,0161,200000,20,1090.9248844,
5354537,1,1,1,60,2,20,1,1,,,1,,,1,1,2,1,204,,1,,2,900000,2,,,2,,1,50000,2,,2,,2,,,2,,,2,,,2,,,2,,,2,,,1,900000,2,,2,,2,,2,,2,,,.,,,,,,,,,.,12,,,,,,,,,54,,.,54,,,3,8,,2,,2,,,,1,,,,,,,,,1,2,2,1,0,10,1,,2,,,,,,,,3,3,12,,2,,,,2,,,,,,,,,,,,,,1,1,1,2,1,1,5,,60,01,1,01,1,0141,950000,20,1191.810477,
5354538,1,1,1,60,2,20,1,1,,,1,,,1,2,2,2,1,,1,,2,650000,2,,,2,,1,,2,,2,,2,,,2,,,2,,,2,,,2,,,2,,,2,,2,,2,,2,,2,,2,,,.,,,,,,,,,.,1,,,,,,,,,48,,.,48,,,2,8,,2,,2,,,,1,,,,,,,,,1,2,2,1,15,8,1,,2,,,,,,,,3,3,4,,2,,,,2,,,,,,,,,,,,,,1,1,1,2,1,1,3,,62,01,1,01,8,0141,650000,20,1410.287224,
5354539,1,1,1,60,2,20,2,,,,,,,,,,,12,,,,,,,,,,,,,,,,,,,,,,,,,,,,,,,,,,,,,,,,,,,,,,,6,,,,,2,120000,1,1800000,1,,12,2,,,,,3,1,2,30,1,,20,6,,1,8,,2,,2,,,,1,,,,,,,,,1,2,2,1,0,2,4,,2,,,,,,,,3,3,8,2,2,,,,1,1,2,1,2,2,2,1,1,1,2,,2,1,1,2,1,2,2,1,3,,61,01,1,01,4,0113,120000,20,1893.726365,
5354540,1,2,1,60,2,20,2,,,,,,,,,,,600,,,,,,,,,,,,,,,,,,,,,,,,,,,,,,,,,,,,,,,,,,,,,,,6,,,,,2,200000,1,1400000,3,,12,2,,,,,2,10,2,30,2,,20,6,,2,8,,2,,2,,,,1,,,,,,,,,1,2,2,2,,,,,2,,,,,,,,,3,20,2,2,,,,2,,,,,,,,,,,,,,1,2,1,2,1,1,3,,61,01,1,01,4,0161,200000,20,747.87522764,
5354541,1,1,1,60,2,20,1,1,,,1,,,1,2,2,2,24,,1,,2,900000,2,,,2,,1,,2,,2,,2,,,2,,,2,,,2,,,2,,,2,,,1,900000,2,,2,,2,,2,,2,,,.,,,,,,,,,.,12,,,,,,,,,48,,.,48,,,2,8,,5,,2,,,,1,,,,,,,,,1,2,2,1,5,5,4,,2,,,,,,,,3,3,10,,2,,,,2,,,,,,,,,,,,,,1,1,1,2,1,1,3,,60,01,1,01,1,0126,900000,20,1417.102125,
5354542,1,1,1,60,2,20,1,1,,,1,,,1,2,2,1,46,,1,,2,800000,2,,,2,,1,150000,2,,2,,2,,,2,,,2,,,2,,,2,,,2,,,1,800000,2,,2,,2,,2,,2,,,.,,,,,,,,,.,12,,,,,,,,,48,,.,48,,,2,8,,2,,2,,,,1,,,,,,,,,1,2,2,1,0,12,4,,2,,,,,,,,2,3,10,,2,,,,2,,,,,,,,,,,,,,1,1,1,2,1,1,3,,60,01,1,01,1,0141,950000,20,1629.1055326,
5354542,1,2,1,60,2,20,2,,,,,,,,,,,2,,,,,,,,,,,,,,,,,,,,,,,,,,,,,,,,,,,,,,,,,,,,,,,6,,,,,2,1000000,1,3500000,3,,2,2,,,,,3,3,2,16,2,,16,,,1,1,,2,,2,,,,1,,,,,,,,,1,2,2,2,,,,,2,,,,,,,,,14,,,2,,,,2,,,,,,,,,,,,,,1,1,1,2,1,1,3,,41,10,1,01,4,1040,1000000,20,1629.1055326,
5354542,1,3,1,60,2,20,2,,,,,,,,,,,10,,,,,,,,,,,,,,,,,,,,,,,,,,,,,,,,,,,,,,,,,,,,,,,,.,,,,,,,,,.,10,,,,,,,,,10,2,,10,,,2,8,,2,,2,,,,1,,,,,,,,,1,2,2,2,,,,,2,,,,,,,,,3,10,,2,,,,2,,,,,,,,,,,,,,1,2,1,2,2,1,3,,62,01,1,01,7,0141,,20,1629.1055326,
5354543,1,3,1,60,2,20,2,,,,,,,,,,,62,,,,,,,,,,,,,,,,,,,,,,,,,,,,,,,,,,,,,,,,,,,,,,,6,,,,,2,500000,1,2000000,3,,12,2,,,,,2,1,2,60,,.,60,,,1,8,,10,,2,,,,1,,,,,,,,,1,2,2,1,0,22,4,,2,,,,,,,,3,3,20,,2,,,,2,,,,,,,,,,,,,,1,1,1,2,2,1,5,,61,01,1,01,4,0161,500000,20,941.67330021,
5354546,1,1,1,60,2,20,2,,,,,,,,,,,12,,,,,,,,,,,,,,,,,,,,,,,,,,,,,,,,,,,,,,,,,,,,,,,6,,,,,2,300000,1,800000,3,,12,2,,,,,3,1,1,48,,.,48,,,2,8,,2,,2,,,,1,,,,,,,,,1,2,2,1,2,24,1,,2,,,,,,,,3,13,30,,2,,,,1,1,2,1,2,2,1,2,1,1,2,,2,1,1,2,1,2,1,1,3,,61,01,1,01,4,0111,300000,20,986.09145436,
5354546,2,3,2,60,2,20,2,,,,,,,,,,,12,,,,,,,,,,,,,,,,,,,,,,,,,,,,,,,,,,,,,,,,,,,,,,,6,,,,,2,800000,1,9600000,3,,12,2,,,,,3,1,1,48,,.,48,,,3,8,,7,,2,,,,1,,,,,,,,,1,2,2,1,4,12,4,,2,,,,,,,,3,13,15,,2,,,,2,,,,,,,,,,,,,,1,1,1,2,1,1,3,,62,01,1,01,4,0161,800000,20,986.09145436,
5354553,1,1,1,60,2,20,2,,,,,,,,,,,24,,,,,,,,,,,,,,,,,,,,,,,,,,,,,,,,,,,,,,,,,,,,,,,6,,,,,2,480000,1,5800000,3,,12,2,,,,,1,1,1,48,,.,30,6,,3,8,,10,,2,,,,1,,,,,,,,,1,2,2,1,1,120,4,,2,,,,,,,,2,11,20,2,2,,,,1,1,2,1,2,2,1,2,1,1,2,,2,1,1,1,1,2,1,1,3,,61,01,1,01,4,0112,480000,20,951.77995264,
5354555,1,2,1,60,2,20,1,1,,,1,,,1,2,2,2,6,,1,,2,800000,2,,,2,,2,,2,,2,,2,,,2,,,2,,,2,,,2,,,2,,,2,,2,,2,,2,,2,,2,,,.,,,,,,,,,.,12,,,,,,,,,48,,.,48,,,2,8,,2,,2,,,,1,,,,,,,,,1,2,2,1,0,3,8,,2,,,,,,,,3,13,25,,2,,,,2,,,,,,,,,,,,,,1,1,1,2,1,1,5,,62,01,1,01,8,0141,800000,20,619.3811978,
5354559,1,1,1,60,2,20,2,,,,,,,,,,,400,,,,,,,,,,,,,,,,,,,,,,,,,,,,,,,,,,,,,,,,,,,,,,,7,,1,1,2020,2,,1,99,3,,12,1,4,4,0,0,3,8,2,60,,.,60,,,3,8,,3,,2,,,,1,,,1,,,,,,,2,2,2,,,,,2,,,,,,,,,11,15,,2,,,,2,,,,,,,,,,,,,,1,1,1,2,1,1,3,,61,01,1,01,5,0141,,20,1048.5976361,
5354574,1,1,1,60,2,20,2,,,,,,,,,,,180,,,,,,,,,,,,,,,,,,,,,,,,,,,,,,,,,,,,,,,,,,,,,,,6,,,,,2,150000,1,1800000,2,,12,2,,,,,3,1,2,30,1,,30,,,1,8,,2,,2,,,,1,,,,,,,,,1,2,2,1,0,3,4,,2,,,,,,,,3,11,30,,2,,,,1,1,2,1,2,1,2,1,1,1,2,,2,1,1,2,1,2,2,1,3,,61,01,1,01,4,0161,150000,20,1236.3562148,
5354575,1,1,1,60,2,20,2,,,,,,,,,,,120,,,,,,,,,,,,,,,,,,,,,,,,,,,,,,,,,,,,,,,,,,,,,,,6,,,,,2,200000,1,2000000,3,,12,2,,,,,3,9,2,40,,.,40,,,1,8,,2,,2,,,,1,,,,,,,,,1,2,2,1,0,24,8,,2,,,,,,,,1,3,30,,2,,,,1,1,2,1,2,2,2,1,1,2,2,,2,1,1,2,1,2,1,1,8,,64,03,1,01,4,0311,200000,20,1527.2298459,
5354576,1,1,1,60,2,20,2,,,,,,,,,,,3,,,,,,,,,,,,,,,,,,,,,,,,,,,,,,,,,,,,,,,,,,,,,,,6,,,,,2,110000,1,600000,3,,12,1,1,0,0,1,1,1,1,60,,.,60,,,2,8,,10,,2,,,,1,,,,,,,,,1,2,2,1,0,15,2,,2,,,,,,,,1,3,15,,2,,,,2,,,,,,,,,,,,,,1,1,1,2,1,1,3,,61,01,1,01,4,0141,110000,20,1529.6360267,
5354576,1,3,1,60,2,20,2,,,,,,,,,,,3,,,,,,,,,,,,,,,,,,,,,,,,,,,,,,,,,,,,,,,,,,,,,,,,.,,,,,,,,,.,5,,,,,,,,,24,2,,24,,,2,8,,2,,2,,,,1,,,,,,,,,1,2,2,2,,,,,2,,,,,,,,,3,10,,2,,,,2,,,,,,,,,,,,,,1,1,1,2,2,1,3,,62,01,1,01,6,0141,,20,1529.6360267,
5354578,1,1,1,60,2,20,2,,,,,,,,,,,600,,,,,,,,,,,,,,,,,,,,,,,,,,,,,,,,,,,,,,,,,,,,,,,6,,,,,2,0,1,1200000,2,,12,2,,,,,3,9,2,40,,.,40,,,1,8,,2,,2,,,,1,,,,,,,,,1,2,2,1,0,4,4,,2,,,,,,,,3,13,30,,2,,,,2,,,,,,,,,,,,,,1,2,1,2,1,1,3,,61,01,1,01,4,0113,0,20,747.87522764,
5354579,1,1,1,60,2,20,2,,,,,,,,,,,280,,,,,,,,,,,,,,,,,,,,,,,,,,,,,,,,,,,,,,,,,,,,,,,7,,2,,,2,600000,1,99,3,,12,2,,,,,3,3,2,40,,.,40,,,1,8,,2,,2,,,,1,,,,,,,,,1,2,2,2,,,,,2,,,,,,,,,10,40,,2,,,,2,,,,,,,,,,,,,,1,1,1,2,1,2,3,,61,01,1,01,4,0141,600000,20,1307.8599747,
5354580,1,1,1,60,2,20,2,,,,,,,,,,,390,,,,,,,,,,,,,,,,,,,,,,,,,,,,,,,,,,,,,,,,,,,,,,,6,,,,,2,300000,1,98,3,,12,2,,,,,3,9,2,40,,.,40,,,1,8,,2,,2,,,,1,,,,,,,,,1,2,2,2,,,,,2,,,,,,,,,3,10,,2,,,,2,,,,,,,,,,,,,,1,1,1,2,1,1,3,,61,01,1,01,4,0141,300000,20,1050.1884301,
5354582,1,1,1,60,2,20,2,,,,,,,,,,,444,,,,,,,,,,,,,,,,,,,,,,,,,,,,,,,,,,,,,,,,,,,,,,,7,,1,2,,2,1000000,1,8000000,3,,12,1,2,0,0,2,2,3,2,70,,.,70,,,2,8,,2,,2,,,,1,,,,,,,,,1,2,2,1,0,6,4,,2,,,,,,,,8,3,15,,2,,,,2,,,,,,,,,,,,,,1,1,1,2,1,1,5,,61,01,1,01,4,0141,1000000,20,1290.8108376,
5354582,1,2,1,60,2,20,2,,,,,,,,,,,6,,,,,,,,,,,,,,,,,,,,,,,,,,,,,,,,,,,,,,,,,,,,,,,,.,,,,,,,,,.,12,,,,,,,,,50,,.,50,,,2,8,,5,,2,,,,1,,,,,,,,,1,2,2,1,0,2,4,,2,,,,,,,,3,3,10,,2,,,,1,1,1,1,1,2,2,2,2,2,2,,2,1,1,2,1,2,2,1,3,,62,01,1,01,6,0141,,20,1290.8108376,
5354582,1,3,1,60,2,20,2,,,,,,,,,,,10,,,,,,,,,,,,,,,,,,,,,,,,,,,,,,,,,,,,,,,,,,,,,,,,.,,,,,,,,,.,10,,,,,,,,,40,,.,40,,,2,8,,10,,2,,,,1,,,,,,,,,1,2,2,1,2,5,1,,2,,,,,,,,2,3,10,,2,,,,1,1,1,1,1,2,2,2,2,2,2,,2,2,1,1,1,2,1,1,3,,62,01,1,01,6,0141,,20,1290.8108376,
5354583,1,1,1,60,2,20,1,1,,,1,,,1,1,2,1,120,,1,,2,500000,2,,,2,,2,,2,,2,,2,,,2,,,2,,,2,,,2,,,2,,,1,1000000,2,,1,98,2,,2,,2,,,.,,,,,,,,,.,12,,,,,,,,,40,,.,40,,,3,8,,2,,2,,,,1,,,,,,,,,1,2,2,1,1,3,4,,2,,,,,,,,3,3,30,,2,,,,2,,,,,,,,,,,,,,1,1,1,2,1,1,3,,62,01,1,01,8,0141,500000,20,1440.7293346,
5354583,1,2,1,60,2,20,2,,,,,,,,,,,60,,,,,,,,,,,,,,,,,,,,,,,,,,,,,,,,,,,,,,,,,,,,,,,6,,,,,2,50000,1,400000,2,,12,2,,,,,3,3,2,14,2,,14,,,1,8,,2,,2,,,,1,,,,,,,,,1,2,2,2,,,,,2,,,,,,,,,3,25,,2,,,,2,,,,,,,,,,,,,,1,2,2,2,2,1,3,,62,01,1,01,4,0161,50000,20,1440.7293346,
5354585,1,1,1,60,2,20,2,,,,,,,,,,,220,,,,,,,,,,,,,,,,,,,,,,,,,,,,,,,,,,,,,,,,,,,,,,,6,,,,,2,600000,1,98,3,,12,2,,,,,3,3,2,48,,.,48,,,2,8,,2,,2,,,,1,,,,,,,,,1,2,2,2,,,,,2,,,,,,,,,3,10,,2,,,,2,,,,,,,,,,,,,,1,1,1,2,1,1,3,,61,01,1,01,4,0141,600000,20,1307.8599747,
5354586,1,1,1,60,2,20,1,1,,,1,,,1,1,2,1,60,,1,,2,1000000,2,,,1,300000,1,70000,2,,2,,2,,,2,,,2,,,2,,,2,,,2,,,1,100000,2,,2,,2,,2,,2,,,.,,,,,,,,,.,12,,,,,,,,,60,,.,60,,,2,8,,2,,2,,,,1,,,,,,,,,1,2,2,1,0,60,1,,2,,,,,,,,1,3,15,,2,,,,2,,,,,,,,,,,,,,1,1,1,2,1,1,3,,60,01,1,01,1,0141,1370000,20,1050.1884301,
5354587,1,1,1,60,2,20,1,1,,,1,,,1,2,2,2,195,,1,,2,900000,2,,,2,,2,,2,,2,,2,,,2,,,2,,,2,,,2,,,2,,,2,,2,,2,,2,,2,,2,,,.,,,,,,,,,.,12,,,,,,,,,48,,.,48,,,9,7,,1,,1,1,1,0,1,1,,,,,,,,,1,2,1,0,6,4,,2,,,,,,,,3,3,3,,2,,,,2,,,,,,,,,,,,,,1,1,1,2,1,1,3,,14,94,1,01,1,9491,900000,20,1397.7743908,
5354588,1,2,1,60,2,20,2,,,,,,,,,,,240,,,,,,,,,,,,,,,,,,,,,,,,,,,,,,,,,,,,,,,,,,,,,,,6,,,,,2,0,1,1000000,3,,12,2,,,,,3,3,2,40,,.,40,,,1,8,,2,,2,,,,1,,,,,,,,,1,2,2,1,0,24,4,,2,,,,,,,,3,9,120,,2,,,,2,,,,,,,,,,,,,,1,2,1,2,1,1,3,,44,46,1,01,4,4620,0,20,944.24558479,
5354589,1,1,1,60,2,20,2,,,,,,,,,,,290,,,,,,,,,,,,,,,,,,,,,,,,,,,,,,,,,,,,,,,,,,,,,,,6,,,,,2,700000,1,2000000,3,,12,2,,,,,1,4,2,40,,.,40,,,2,8,,2,,2,,,,1,,,,,,,,,1,2,2,2,,,,,2,,,,,,,,,3,20,,2,,,,2,,,,,,,,,,,,,,2,1,1,2,1,1,3,,61,01,1,01,4,0113,700000,20,919.40005602,
5354594,1,1,1,60,2,20,2,,,,,,,,,,,370,,,,,,,,,,,,,,,,,,,,,,,,,,,,,,,,,,,,,,,,,,,,,,,6,,,,,2,350000,1,98,3,,12,2,,,,,3,1,1,48,,.,30,6,,2,8,,2,,2,,,,1,,,,,,,,,1,2,2,2,,,,,1,20,10,6,,,2,1,,13,15,1,2,,,,1,1,2,1,1,2,2,2,1,2,2,,2,1,2,2,2,2,2,1,3,,62,01,1,01,4,0161,350000,20,919.40005602,
5354594,1,2,1,60,2,20,2,,,,,,,,,,,56,,,,,,,,,,,,,,,,,,,,,,,,,,,,,,,,,,,,,,,,,,,,,,,6,,,,,2,,1,99,3,,12,1,1,0,0,1,3,10,1,30,2,,30,,,2,1,,2,,2,,,,1,,,,,,,,,1,2,2,1,0,180,4,,2,,,,,,,,11,14,,,2,,,,2,,,,,,,,,,,,,,2,2,1,2,1,1,3,,41,47,1,01,4,4711,,20,919.40005602,
5354595,1,1,1,60,2,20,2,,,,,,,,,,,120,,,,,,,,,,,,,,,,,,,,,,,,,,,,,,,,,,,,,,,,,,,,,,,6,,,,,2,0,1,2000000,3,,12,2,,,,,2,1,1,60,,.,60,,,1,8,,2,,2,,,,1,,,,,,,,,1,2,2,1,0,3,4,,2,,,,,,,,3,11,5,,2,,,,1,1,1,1,1,2,2,2,2,1,2,,2,1,1,2,1,2,2,1,5,,61,01,1,01,4,0111,0,20,1407.8810432,
5354595,1,2,1,60,2,20,2,,,,,,,,,,,72,,,,,,,,,,,,,,,,,,,,,,,,,,,,,,,,,,,,,,,,,,,,,,,7,,2,,,2,600000,1,8000000,3,,12,1,1,0,0,1,3,3,2,96,,.,96,,,2,1,,2,,2,,,,1,,,,,,,,,1,2,2,2,,,,,2,,,,,,,,,14,,,2,,,,2,,,,,,,,,,,,,,1,1,1,2,1,1,3,,41,47,1,01,4,4711,600000,20,1407.8810432,
5354595,1,4,1,60,2,20,2,,,,,,,,,,,10,,,,,,,,,,,,,,,,,,,,,,,,,,,,,,,,,,,,,,,,,,,,,,,,.,,,,,,,,,.,10,,,,,,,,,14,2,,14,,,2,1,,2,,2,,,,1,,,,,,,,,1,2,2,2,,,,,2,,,,,,,,,14,,,2,,,,2,,,,,,,,,,,,,,1,1,1,2,1,1,3,,45,47,1,01,6,4711,,20,1407.8810432,
5354597,1,1,1,60,2,20,2,,,,,,,,,,,68,,,,,,,,,,,,,,,,,,,,,,,,,,,,,,,,,,,,,,,,,,,,,,,6,,,,,2,0,1,99,1,,12,2,,,,,3,1,1,40,,.,0,6,,1,5,,2,,2,,,,1,,,,,,,,,1,2,2,2,,,,,2,,,,,,,,,3,20,1,1,20,2,1,1,1,2,1,2,2,2,2,1,1,2,,2,1,2,2,1,2,2,1,3,,45,47,1,01,4,4799,0,20,1219.4346614,
5354599,1,1,1,60,2,20,2,,,,,,,,,,,290,,,,,,,,,,,,,,,,,,,,,,,,,,,,,,,,,,,,,,,,,,,,,,,6,,,,,2,600000,1,7000000,3,,12,2,,,,,3,1,1,48,,.,30,6,,2,8,,2,,2,,,,1,,,,,,,,,1,2,2,2,,,,,2,,,,,,,,,3,30,1,2,,,,1,1,2,1,2,2,1,1,1,1,2,,2,1,2,2,1,2,1,1,3,,61,01,1,01,4,0161,600000,20,1307.8599747,
5354602,1,3,1,60,2,20,2,,,,,,,,,,,3,,,,,,,,,,,,,,,,,,,,,,,,,,,,,,,,,,,,,,,,,,,,,,,6,,,,,2,300000,1,900000,1,,8,2,,,,,3,1,1,30,2,,30,,,1,1,,2,,2,,,,1,,,,,,1,,,,2,2,1,4,12,3,,2,,,,,,,,1,14,,,2,,,,2,,,,,,,,,,,,,,1,2,2,2,1,1,3,,41,47,1,01,4,4722,300000,20,1106.3832276,
5354606,1,1,1,60,2,20,1,1,,,1,,,1,1,2,1,1,,1,,2,900000,2,,,2,,2,,2,,2,,2,,,2,,,2,,,2,,,2,,,2,,,2,,2,,2,,2,,2,,2,,,.,,,,,,,,,.,1,,,,,,,,,50,,.,50,,,3,7,,10,,2,,,,1,,,,,,,,,1,2,2,1,8,7,1,,2,,,,,,,,1,12,5,,2,,,,2,,,,,,,,,,,,,,1,2,1,2,1,1,3,,45,47,1,01,1,4731,900000,20,1022.4683257,
5354606,1,3,1,60,2,20,2,,,,,,,,,,,2,,,,,,,,,,,,,,,,,,,,,,,,,,,,,,,,,,,,,,,,,,,,,,,6,,,,,2,400000,1,800000,1,,2,2,,,,,3,3,2,40,,.,40,,,1,6,,11,,2,,,,1,,,,,,,,,1,2,2,1,8,2,4,,2,,,,,,,,1,3,5,,2,,,,1,1,1,1,2,1,2,1,2,2,2,,2,1,2,2,1,2,2,1,3,,45,10,1,01,4,1020,400000,20,1022.4683257,
5354608,1,4,1,60,2,20,2,,,,,,,,,,,96,,,,,,,,,,,,,,,,,,,,,,,,,,,,,,,,,,,,,,,,,,,,,,,6,,,,,2,400000,1,4000000,3,,12,2,,,,,3,3,1,48,,.,48,,,1,2,,2,,2,,,,1,,,,,,,,,1,2,2,1,4,36,4,,2,,,,,,,,10,12,10,,2,,,,2,,,,,,,,,,,,,,1,2,1,2,1,1,8,,49,77,1,01,4,7729,400000,20,1578.520301,
5354613,1,1,1,60,2,20,2,,,,,,,,,,,130,,,,,,,,,,,,,,,,,,,,,,,,,,,,,,,,,,,,,,,,,,,,,,,6,,,,,2,900000,1,10800000,3,,12,2,,,,,3,8,2,50,,.,50,,,1,1,,2,,2,,,,1,,,,,,,,,1,2,2,2,,,,,2,,,,,,,,,14,,,2,,,,2,,,,,,,,,,,,,,1,1,1,2,1,1,3,,41,47,1,01,4,4711,900000,20,1380.8528373,
5354614,1,1,1,60,2,20,1,1,,,1,,,1,2,2,2,120,,1,,2,200000,2,,,1,150000,2,,2,,2,,2,,,2,,,2,,,2,,,2,,,2,,,2,,2,,2,,2,,2,,2,,,.,,,,,,,,,.,12,,,,,,,,,42,,.,42,,,1,2,,2,,2,,,,1,,,,,,,,,1,2,2,1,0,28,4,,2,,,,,,,,3,3,45,,2,,,,2,,,,,,,,,,,,,,1,1,1,2,1,1,5,,54,97,1,01,3,9700,350000,20,1279.4988499,
5354615,1,1,1,60,2,20,2,,,,,,,,,,,46,,,,,,,,,,,,,,,,,,,,,,,,,,,,,,,,,,,,,,,,,,,,,,,6,,,,,2,750000,1,6800000,3,,12,1,1,0,0,1,3,5,1,50,,.,50,,,2,5,,2,,2,,,,1,,,,,,,,,1,2,2,1,0,190,4,,2,,,,,,,,3,8,20,,2,,,,1,1,2,1,1,2,2,2,1,1,2,,2,1,1,2,1,2,1,1,3,,99,38,1,01,4,3830,750000,20,747.87522764,
5354615,1,2,1,60,2,20,2,,,,,,,,,,,47,,,,,,,,,,,,,,,,,,,,,,,,,,,,,,,,,,,,,,,,,,,,,,,,.,,,,,,,,,.,12,,,,,,,,,10,2,,10,,,2,5,,2,,2,,,,1,,,,,,,,,1,2,2,1,60,12,3,,2,,,,,,,,11,8,20,,2,,,,2,,,,,,,,,,,,,,1,1,1,2,1,1,3,,99,38,1,01,6,3830,,20,747.87522764,
5354616,1,1,1,60,2,20,2,,,,,,,,,,,12,,,,,,,,,,,,,,,,,,,,,,,,,,,,,,,,,,,,,,,,,,,,,,,6,,,,,2,60000,1,400000,3,,12,2,,,,,3,3,2,12,2,,12,,,1,5,,2,,2,,,,1,,,,,,,,,1,2,2,1,36,24,3,,2,,,,,,,,3,3,3,,2,,,,2,,,,,,,,,,,,,,1,2,1,2,1,1,3,,45,56,1,01,4,5619,60000,20,619.3811978,
5354618,1,1,1,60,2,20,2,,,,,,,,,,,360,,,,,,,,,,,,,,,,,,,,,,,,,,,,,,,,,,,,,,,,,,,,,,,6,,,,,2,100000,1,2500000,3,,12,2,,,,,3,9,2,32,2,,24,6,,1,8,,2,,2,,,,1,,,,,,,,,1,2,2,2,,,,,2,,,,,,,,,3,10,2,2,,,,2,,,,,,,,,,,,,,1,2,1,2,1,1,8,,64,03,1,01,4,0311,100000,20,1409.4718372,
5354625,1,3,1,60,2,20,2,,,,,,,,,,,8,,,,,,,,,,,,,,,,,,,,,,,,,,,,,,,,,,,,,,,,,,,,,,,6,,,,,2,100000,1,800000,1,,10,2,,,,,3,1,2,28,1,,28,,,2,7,,2,,2,,,,1,,,,,,,,,1,2,2,1,3,14,4,,2,,,,,,,,3,3,10,,2,,,,2,,,,,,,,,,,,,,1,2,1,2,2,1,3,,84,95,1,01,4,9529,100000,20,934.85839918,
5354626,1,1,1,60,2,20,2,,,,,,,,,,,600,,,,,,,,,,,,,,,,,,,,,,,,,,,,,,,,,,,,,,,,,,,,,,,6,,,,,2,0,1,1000000,3,,12,2,,,,,3,9,2,40,,.,20,1,,1,8,,11,,2,,,,1,,,,,,,,,1,2,2,2,,,,,2,,,,,,,,,13,60,2,2,,,,2,,,,,,,,,,,,,,1,2,1,2,1,1,8,,41,47,1,01,4,4721,0,20,1050.1884301,
5354628,1,1,1,60,2,20,1,1,,,1,,,1,1,2,1,60,,1,,2,500000,2,,,2,,1,100000,2,,2,,2,,,2,,,2,,,2,,,2,,,2,,,1,500000,2,,2,,2,,2,,2,,,.,,,,,,,,,.,12,,,,,,,,,40,,.,40,,,2,8,,2,,2,,,,1,,,,,,,,,1,2,2,1,0,7,8,,2,,,,,,,,1,3,4,,2,,,,2,,,,,,,,,,,,,,1,2,1,2,1,1,3,,62,01,1,01,8,0141,600000,20,1307.8599747,
5354631,1,1,1,60,2,20,1,1,,,1,,,1,1,2,1,1,,1,,2,500000,2,,,2,,1,80000,2,,2,,2,,,2,,,2,,,2,,,2,,,2,,,2,,2,,2,,2,,2,,2,,,.,,,,,,,,,.,11,,,,,,,,,40,,.,40,,,2,1,,10,,2,,,,1,,,,,,,,,1,2,2,1,1,3,8,,2,,,,,,,,1,14,,,2,,,,2,,,,,,,,,,,,,,1,2,1,2,1,1,2,,77,01,1,01,8,0141,580000,20,1673.3172624,
5354632,1,1,1,60,2,20,1,2,1,,1,,,1,1,1,1,300,,5,,2,4000000,2,,,2,,2,,2,,2,,2,,,2,,,2,,,2,,,2,,,2,,,1,2000000,1,4000000,2,,2,,2,,2,,,.,,,,,,,,,.,12,,,,,,,,,40,,.,40,,,9,7,,1,,1,3,1,25,1,1,,,1,,,,,,1,1,1,0,24,4,,2,,,,,,,,8,8,20,,2,,,,2,,,,,,,,,,,,,,1,1,1,2,1,1,2,,13,85,1,01,2,8530,4000000,20,893.99436119,
5354634,1,3,1,60,2,20,2,,,,,,,,,,,37,,,,,,,,,,,,,,,,,,,,,,,,,,,,,,,,,,,,,,,,,,,,,,,7,,1,2,,2,600000,1,8000000,3,,12,1,1,0,1,0,3,3,2,50,,.,50,,,2,8,,2,,2,,,,1,,,,,,,,,1,2,2,1,5,36,2,,2,,,,,,,,3,11,60,,2,,,,1,1,2,1,2,2,2,1,1,1,2,,2,1,1,2,1,2,1,1,3,,61,01,1,01,4,0141,600000,20,755.21807499,
5354634,1,4,1,60,2,20,2,,,,,,,,,,,6,,,,,,,,,,,,,,,,,,,,,,,,,,,,,,,,,,,,,,,,,,,,,,,6,,,,,2,200000,1,1500000,1,,6,2,,,,,3,1,1,40,,.,20,6,,2,7,,2,,2,,,,1,,,,,,,,,1,2,2,2,,,,,2,,,,,,,,,3,2,2,1,20,2,1,1,1,1,1,2,2,2,2,2,2,2,,2,1,1,2,1,2,1,1,3,,41,47,1,01,4,4729,200000,20,755.21807499,
5354635,1,1,1,60,2,20,1,2,2,10,1,,,1,1,2,1,3,,1,,2,1050000,2,,,2,,2,,2,,1,30000,2,,,1,102000,2,1,64000,2,2,,,2,,,2,,,1,1200000,2,,2,,2,,2,,2,,,.,,,,,,,,,.,12,,,,,,,,,48,,.,48,,,9,7,,1,,1,1,1,13,1,1,,,,,,,,,1,1,1,0,24,1,,2,,,,,,,,8,11,30,,2,,,,2,,,,,,,,,,,,,,1,1,1,2,1,1,5,,58,47,1,01,1,4711,1050000,20,1443.8834858,
5354635,1,2,1,60,2,20,2,,,,,,,,,,,1,,,,,,,,,,,,,,,,,,,,,,,,,,,,,,,,,,,,,,,,,,,,,,,7,,2,,,2,280000,1,280000,3,,1,1,1,0,0,1,3,1,1,70,,.,70,,,2,1,,3,,2,,,,1,,,,,,,,,1,2,2,2,,,,,2,,,,,,,,,14,,,2,,,,1,1,1,1,1,2,2,2,2,2,2,,1,2,1,2,2,2,2,1,3,,41,47,1,01,4,4711,280000,20,1443.8834858,
5354635,1,3,1,60,2,20,2,,,,,,,,,,,1,,,,,,,,,,,,,,,,,,,,,,,,,,,,,,,,,,,,,,,,,,,,,,,,.,,,,,,,,,.,1,,,,,,,,,12,2,,12,,,2,1,,3,,2,,,,1,,,,,,,,,1,2,2,2,,,,,2,,,,,,,,,14,,,2,,,,2,,,,,,,,,,,,,,1,1,1,2,2,1,3,,45,47,1,01,6,4711,,20,1443.8834858,
5354637,1,1,1,60,2,20,2,,,,,,,,,,,12,,,,,,,,,,,,,,,,,,,,,,,,,,,,,,,,,,,,,,,,,,,,,,,7,,2,,,2,1800000,1,99,3,,12,1,2,1,1,0,3,8,2,90,,.,90,,,2,1,,2,,2,,,,1,,,,,,,,,1,2,2,1,0,25,1,,2,,,,,,,,10,14,,,2,,,,2,,,,,,,,,,,,,,1,1,1,2,1,1,3,,41,47,1,01,5,4771,1800000,20,1905.1537294,
5354637,1,2,1,60,2,20,2,,,,,,,,,,,12,,,,,,,,,,,,,,,,,,,,,,,,,,,,,,,,,,,,,,,,,,,,,,,7,,2,,,2,1800000,1,99,3,,12,1,2,1,1,0,3,3,2,20,2,,20,,,2,2,,2,,2,,,,1,,,,,,,,,1,2,2,2,,,,,2,,,,,,,,,14,,,2,,,,2,,,,,,,,,,,,,,1,1,1,2,1,1,3,,41,47,1,01,5,4771,1800000,20,1905.1537294,
5354637,1,4,1,60,2,20,1,1,,,1,,,1,2,2,2,1,,1,,2,600000,2,,,1,60000,1,100000,2,,2,,2,,,2,,,2,,,2,,,2,,,2,,,2,,2,,2,,2,,2,,2,,,.,,,,,,,,,.,1,,,,,,,,,60,,.,60,,,2,1,,2,,2,,,,1,,,,,,,,,1,2,2,2,,,,,2,,,,,,,,,14,,,2,,,,2,,,,,,,,,,,,,,1,1,1,2,1,1,3,,45,47,1,01,1,4771,760000,20,1905.1537294,
5354638,1,1,1,60,2,20,1,1,,,1,,,1,2,2,2,12,,1,,2,900000,2,,,1,,1,200000,2,,2,,2,,,2,,,2,,,2,,,2,,,2,,,2,,2,,2,,2,,2,,2,,,.,,,,,,,,,.,12,,,,,,,,,96,,.,96,,,2,7,,1,,2,,,,1,,,,,,,,,1,2,2,1,0,24,1,,2,,,,,,,,3,3,2,,2,,,,2,,,,,,,,,,,,,,1,1,1,2,1,1,5,,40,47,1,01,1,4711,1100000,20,1915.4028827,
5354638,1,2,1,60,2,20,2,,,,,,,,,,,12,,,,,,,,,,,,,,,,,,,,,,,,,,,,,,,,,,,,,,,,,,,,,,,,.,,,,,,,,,.,12,,,,,,,,,28,2,,28,,,2,7,,3,,2,,,,1,,,,,,,,,1,2,2,1,24,10,4,,2,,,,,,,,3,3,2,,2,,,,2,,,,,,,,,,,,,,1,1,1,2,1,1,3,,45,47,1,01,7,4711,,20,1915.4028827,
5354639,1,1,1,60,2,20,2,,,,,,,,,,,180,,,,,,,,,,,,,,,,,,,,,,,,,,,,,,,,,,,,,,,,,,,,,,,6,,,,,2,250000,1,800000,3,,12,2,,,,,3,1,2,42,,.,42,,,2,1,,2,,2,,,,1,,,,,,,,,1,2,2,1,0,24,4,,2,,,,,,,,3,14,,,2,,,,2,,,,,,,,,,,,,,1,2,1,2,1,1,3,,77,56,1,01,4,5611,250000,20,1118.2559386,
5354639,1,2,1,60,2,20,2,,,,,,,,,,,130,,,,,,,,,,,,,,,,,,,,,,,,,,,,,,,,,,,,,,,,,,,,,,,,.,,,,,,,,,.,12,,,,,,,,,42,,.,42,,,2,1,,2,,2,,,,1,,,,,,,,,1,2,2,2,,,,,2,,,,,,,,,14,,,2,,,,1,1,1,1,1,2,2,2,2,2,2,,2,1,2,2,2,2,2,1,3,,77,56,1,01,6,5611,,20,1118.2559386,
5354641,1,1,1,60,2,20,1,1,,,1,,,1,2,2,2,46,,1,,2,600000,2,,,2,,2,,2,,2,,2,,,2,,,2,,,2,,,2,,,2,,,2,,2,,2,,2,,2,,2,,,.,,,,,,,,,.,12,,,,,,,,,90,,.,90,,,4,1,,2,,2,,,,1,,,,,,,,,1,2,2,2,,,,,2,,,,,,,,,14,,,2,,,,1,1,2,1,1,2,2,2,1,2,2,,2,1,2,2,2,2,2,2,3,,35,49,1,01,1,4921,600000,20,1486.8696383,
5354642,1,1,1,60,2,20,2,,,,,,,,,,,24,,,,,,,,,,,,,,,,,,,,,,,,,,,,,,,,,,,,,,,,,,,,,,,6,,,,,2,700000,1,98,3,,11,2,,,,,3,3,1,48,,.,30,6,,4,9,,7,,2,,,,1,,,,,,,,,1,2,2,1,1,26,8,,2,,,,,,,,3,3,20,2,2,,,,2,,,,,,,,,,,,,,1,2,1,2,2,1,8,,95,41,1,01,4,4111,700000,20,1640.7023827,
5354644,1,1,1,60,2,20,2,,,,,,,,,,,240,,,,,,,,,,,,,,,,,,,,,,,,,,,,,,,,,,,,,,,,,,,,,,,6,,,,,2,400000,1,4500000,3,,12,2,,,,,3,1,1,66,,.,66,,,1,8,,2,,2,,,,1,,,,,,,,,1,2,2,1,0,2,4,,2,,,,,,,,3,12,5,,2,,,,1,1,1,1,1,2,2,2,1,1,2,,2,1,1,2,2,2,1,1,5,,89,23,1,01,4,2392,400000,20,1631.3986916,
5354644,1,2,1,60,2,20,2,,,,,,,,,,,7,,,,,,,,,,,,,,,,,,,,,,,,,,,,,,,,,,,,,,,,,,,,,,,6,,,,,2,200000,1,1400000,3,,7,2,,,,,3,1,1,70,,.,70,,,1,1,,2,,2,,,,1,,,,,,,,,1,2,2,2,,,,,2,,,,,,,,,14,,,2,,,,1,1,1,1,2,2,2,2,2,2,2,,2,1,2,2,1,2,2,1,3,,41,47,1,01,4,4731,200000,20,1631.3986916,
5354644,1,3,1,60,2,20,1,1,,,1,,,1,2,2,2,3,,1,,2,500000,2,,,2,,2,,2,,2,,2,,,2,,,2,,,2,,,2,,,2,,,2,,2,,2,,2,,2,,2,,,.,,,,,,,,,.,3,,,,,,,,,36,2,,36,,,1,2,,2,,2,,,,1,,,,,,,,,1,2,2,2,,,,,2,,,,,,,,,3,3,,2,,,,1,1,1,1,1,2,2,2,2,2,2,,1,1,1,2,1,2,1,1,3,,54,97,1,01,3,9700,500000,20,1631.3986916,
5354645,1,1,1,60,2,20,2,,,,,,,,,,,24,,,,,,,,,,,,,,,,,,,,,,,,,,,,,,,,,,,,,,,,,,,,,,,6,,,,,2,400000,1,3000000,3,,12,2,,,,,3,1,1,70,,.,70,,,1,4,,2,,2,,,,1,,,,,,,,,1,2,2,1,0,2,4,,2,,,,,,,,3,14,,,2,,,,1,1,2,1,2,1,2,1,2,1,2,,2,1,2,2,1,2,2,1,8,,98,49,1,01,4,4921,400000,20,1782.2027682,
5354647,1,1,1,60,2,20,2,,,,,,,,,,,86,,,,,,,,,,,,,,,,,,,,,,,,,,,,,,,,,,,,,,,,,,,,,,,6,,,,,2,700000,1,7500000,3,,12,2,,,,,3,10,1,40,,.,40,,,1,1,,2,,2,,,,1,,,,,,,,,1,2,2,2,,,,,2,,,,,,,,,14,,,2,,,,2,,,,,,,,,,,,,,1,1,1,2,1,1,3,,84,45,1,01,4,4542,700000,20,1906.0991916,
5354648,1,1,1,60,2,20,1,1,,,1,,,1,1,2,1,48,,1,,2,600000,2,,,1,150000,1,400000,2,,2,,2,,,2,,,2,,,2,,,2,,,2,,,1,600000,2,,2,,2,,2,,2,,,.,,,,,,,,,.,12,,,,,,,,,56,,.,56,,,2,8,,2,,2,,,,1,,,,,,,,,1,2,2,1,0,6,8,,2,,,,,,,,3,3,3,,2,,,,2,,,,,,,,,,,,,,1,1,1,2,1,1,5,,62,01,1,01,8,0141,1150000,20,2100.9784165,
5354648,1,2,1,60,2,20,2,,,,,,,,,,,2,,,,,,,,,,,,,,,,,,,,,,,,,,,,,,,,,,,,,,,,,,,,,,,6,,,,,2,300000,1,500000,3,,2,2,,,,,3,1,1,60,,.,60,,,1,1,,2,,2,,,,1,,,,,,,,,1,2,2,2,,,,,1,20,14,4,,150000,1,1,,14,,,2,,,,1,1,1,1,1,2,2,2,2,1,2,,2,1,1,1,1,2,1,1,3,,45,47,1,01,4,4731,450000,20,2100.9784165,
5354650,1,2,1,60,2,20,1,2,1,,1,,,1,1,2,1,72,,1,,2,800000,2,,,2,,2,,2,,2,,2,,,1,107000,2,2,,,2,,,2,,,2,,,1,800000,2,,2,,2,,2,,2,,,.,,,,,,,,,.,12,,,,,,,,,48,,.,48,,,9,7,,1,,1,2,1,6,1,1,,,,,,,,,1,2,2,,,,,2,,,,,,,,,1,40,,2,,,,2,,,,,,,,,,,,,,1,1,1,2,1,1,9,,45,47,1,01,1,4771,800000,20,930.74073278,
5354651,1,1,1,60,2,20,1,1,,,1,,,1,1,2,1,36,,1,,2,877000,2,,,2,,1,100000,2,,2,,2,,,2,,,2,,,2,,,2,,,2,,,1,800000,2,,2,,2,,2,,2,,,.,,,,,,,,,.,12,,,,,,,,,56,,.,56,,,5,8,,2,,2,,,,1,,,,,,,,,1,2,2,1,0,12,4,,2,,,,,,,,8,3,4,,2,,,,2,,,,,,,,,,,,,,1,2,1,2,1,1,8,,58,01,1,01,1,0141,977000,20,1594.6875623,
5354652,1,1,1,60,2,20,1,1,,,1,,,1,1,2,1,142,,1,,2,877000,2,,,2,,2,,2,,2,,2,,,2,,,2,,,2,,,2,,,2,,,1,877000,2,,2,,2,,2,,2,,,.,,,,,,,,,.,12,,,,,,,,,48,,.,48,,,5,8,,1,,1,1,1,98,1,1,,,,,,,,,1,2,1,0,3,4,,2,,,,,,,,3,3,3,,2,,,,2,,,,,,,,,,,,,,1,1,1,2,1,2,2,,62,01,1,01,8,0141,877000,20,1594.6875623,
5354653,1,1,1,60,2,20,1,2,1,,1,,,1,1,2,1,48,,1,,2,877000,2,,,2,,1,50000,2,,2,,2,,,2,,,2,,,2,,,2,,,2,,,1,800000,2,,2,,2,,2,,2,,,.,,,,,,,,,.,12,,,,,,,,,60,,.,60,,,5,8,,1,,1,2,1,48,1,,,,,,,,,1,1,2,1,2,12,4,,2,,,,,,,,3,3,2,,2,,,,2,,,,,,,,,,,,,,1,2,1,2,1,1,8,,62,01,1,01,8,0141,927000,20,1594.6875623,
5354654,1,1,1,60,2,20,1,1,,,1,,,1,1,2,1,4,,1,,2,877000,2,,,2,,1,100000,2,,2,,2,,,2,,,2,,,2,,,2,,,2,,,2,,2,,2,,2,,2,,2,,,.,,,,,,,,,.,12,,,,,,,,,56,,.,56,,,2,8,,1,,1,2,1,0,1,,,,,,,,,1,1,1,1,0,36,4,,2,,,,,,,,3,3,6,,2,,,,2,,,,,,,,,,,,,,1,1,1,2,1,1,8,,62,01,1,01,8,0141,977000,20,1725.9480048,
5354655,1,1,1,60,2,20,1,1,,,1,,,1,1,2,1,280,,1,,2,877000,2,,,2,,1,60000,2,,2,,2,,,2,,,2,,,2,,,2,,,2,,,1,860000,2,,2,,2,,2,,2,,,.,,,,,,,,,.,12,,,,,,,,,48,,.,48,,,3,8,,1,,1,1,1,98,1,1,,,,,,,,,1,2,2,,,,,2,,,,,,,,,3,3,,2,,,,2,,,,,,,,,,,,,,1,1,1,2,1,1,3,,62,01,1,01,8,0141,937000,20,1716.6443138,
5354657,1,1,1,60,2,20,1,1,,,1,,,1,1,2,1,108,,1,,2,877000,2,,,2,,1,40000,2,,2,,2,,,2,,,2,,,2,,,2,,,2,,,1,870000,2,,2,,2,,2,,2,,,.,,,,,,,,,.,12,,,,,,,,,48,,.,48,,,5,8,,1,,1,1,1,98,1,1,,,,,,,,,1,2,1,0,2,4,,2,,,,,,,,3,3,4,,2,,,,2,,,,,,,,,,,,,,1,1,1,2,1,1,2,,62,01,1,01,8,0141,917000,20,1758.6362565,
5354659,1,1,1,60,2,23,2,,,,,,,,,,,108,,,,,,,,,,,,,,,,,,,,,,,,,,,,,,,,,,,,,,,,,,,,,,,6,,,,,3,370000,1,4440000,3,,12,1,4,0,3,1,3,3,2,70,,.,50,6,,3,1,,2,,2,,,,1,,,,,,,,,1,2,2,1,6,24,3,,2,,,,,,,,5,14,,1,2,,,,1,1,2,1,2,2,2,2,2,2,2,,2,1,2,2,1,2,1,1,3,,41,47,1,01,4,4711,370000,23,1620.0697527,
5354659,1,2,1,60,2,23,2,,,,,,,,,,,24,,,,,,,,,,,,,,,,,,,,,,,,,,,,,,,,,,,,,,,,,,,,,,,,.,,,,,,,,,.,12,,,,,,,,,16,2,,16,,,3,1,,2,,2,,,,1,,,,,,,,,1,2,2,2,,,,,2,,,,,,,,,14,,,2,,,,2,,,,,,,,,,,,,,1,2,1,2,1,1,3,,45,47,1,01,6,4711,,23,1620.0697527,
5354665,1,1,1,60,2,23,2,,,,,,,,,,,420,,,,,,,,,,,,,,,,,,,,,,,,,,,,,,,,,,,,,,,,,,,,,,,7,,2,,,2,300000,1,1500000,3,,12,2,,,,,3,9,2,42,,.,42,,,1,8,,2,,2,,,,1,,,,,,,,,1,2,2,1,0,36,6,,2,,,,,,,,8,3,3,,2,,,,1,1,2,1,2,2,2,2,2,2,2,,2,1,2,2,1,2,1,1,9,,61,01,1,01,4,0122,300000,23,1716.6443138,
5354666,1,1,1,60,2,23,2,,,,,,,,,,,24,,,,,,,,,,,,,,,,,,,,,,,,,,,,,,,,,,,,,,,,,,,,,,,7,,2,,,2,400000,1,5000000,3,,12,1,2,0,0,2,3,1,2,60,,.,60,,,2,1,,2,,2,,,,1,,,,,,,,,1,2,2,1,0,120,4,,1,23,10,4,,100000,1,8,3,14,,,2,,,,2,,,,,,,,,,,,,,1,1,1,2,1,1,3,,41,47,1,01,4,4711,500000,23,1278.5662384,
5354666,1,2,1,60,2,23,2,,,,,,,,,,,24,,,,,,,,,,,,,,,,,,,,,,,,,,,,,,,,,,,,,,,,,,,,,,,,.,,,,,,,,,.,12,,,,,,,,,20,2,,20,,,2,1,,2,,2,,,,1,,,,,,,,,1,2,2,2,,,,,2,,,,,,,,,14,,,2,,,,2,,,,,,,,,,,,,,1,1,1,2,1,1,3,,45,47,1,01,6,4711,,23,1278.5662384,
5354666,1,3,1,60,2,23,2,,,,,,,,,,,12,,,,,,,,,,,,,,,,,,,,,,,,,,,,,,,,,,,,,,,,,,,,,,,,.,,,,,,,,,.,12,,,,,,,,,20,2,,20,,,2,1,,2,,2,,,,1,,,,,,,,,1,2,2,2,,,,,2,,,,,,,,,14,,,2,,,,2,,,,,,,,,,,,,,1,1,1,2,1,1,3,,45,47,1,01,6,4711,,23,1278.5662384,
5354667,1,1,1,60,2,23,1,1,,,1,,,2,2,2,2,1,,1,,2,200000,2,,,2,,2,,2,,2,,2,,,2,,,2,,,2,,,2,,,2,,,2,,2,,2,,2,,2,,2,,,.,,,,,,,,,.,9,,,,,,,,,28,1,,28,,,2,8,,2,,2,,,,1,,,,,,,,,1,2,2,1,0,1,4,,2,,,,,,,,8,3,10,,1,12,1,1,1,1,2,1,2,2,2,2,2,2,2,,1,1,2,2,2,2,2,2,3,,62,01,1,01,8,0162,200000,23,1915.4028827,
5354669,1,1,1,60,2,23,2,,,,,,,,,,,360,,,,,,,,,,,,,,,,,,,,,,,,,,,,,,,,,,,,,,,,,,,,,,,6,,,,,3,300000,1,3600000,3,,12,2,,,,,3,10,2,40,,.,40,,,1,8,,2,,2,,,,1,,,,,,,,,1,2,2,1,0,60,8,,2,,,,,,,,2,3,10,,2,,,,2,,,,,,,,,,,,,,1,1,1,2,1,1,9,,61,01,1,01,4,0161,300000,23,2457.765631,
5354669,1,4,1,60,2,23,1,1,,,1,,,1,2,2,2,12,,1,,2,250000,2,,,1,140000,2,,2,,2,,2,,,2,,,2,,,2,,,2,,,2,,,2,,2,,2,,2,,2,,2,,,.,,,,,,,,,.,12,,,,,,,,,40,,.,40,,,1,2,,2,,2,,,,1,,,,,,,,,1,2,2,2,,,,,2,,,,,,,,,3,10,,2,,,,2,,,,,,,,,,,,,,1,1,1,2,1,1,3,,54,97,1,01,3,9700,390000,23,2457.765631,
5354670,1,1,1,60,2,23,2,,,,,,,,,,,240,,,,,,,,,,,,,,,,,,,,,,,,,,,,,,,,,,,,,,,,,,,,,,,7,,2,,,2,200000,1,600000,3,,12,2,,,,,3,9,2,28,2,,28,,,1,8,,2,,2,,,,1,,,,,,,,,1,2,2,1,0,60,4,,1,23,14,4,,300000,1,1,9,3,20,,2,,,,2,,,,,,,,,,,,,,1,2,1,2,1,1,3,,61,01,1,01,4,0111,500000,23,1761.8404791,
5354671,1,1,1,60,2,23,2,,,,,,,,,,,12,,,,,,,,,,,,,,,,,,,,,,,,,,,,,,,,,,,,,,,,,,,,,,,7,,2,,,2,0,1,300000,3,,12,2,,,,,1,5,2,30,2,,30,,,1,8,,2,,2,,,,1,,,,,,,,,1,2,2,1,0,240,4,,2,,,,,,,,11,3,30,,2,,,,1,1,2,1,2,2,2,2,2,2,2,,2,1,2,2,1,2,1,1,8,,61,01,1,01,4,0113,0,23,2474.0283116,
5354673,1,2,1,60,2,23,2,,,,,,,,,,,360,,,,,,,,,,,,,,,,,,,,,,,,,,,,,,,,,,,,,,,,,,,,,,,6,,,,,2,500000,1,6000000,3,,12,2,,,,,2,1,2,36,2,,36,,,1,8,,2,,2,,,,1,,,,,,,,,1,2,2,1,0,60,6,,1,23,20,4,,150000,1,8,8,3,20,,2,,,,2,,,,,,,,,,,,,,1,1,1,2,1,1,3,,61,01,1,01,4,0161,650000,23,2673.2247031,
5354675,1,1,1,60,2,23,2,,,,,,,,,,,180,,,,,,,,,,,,,,,,,,,,,,,,,,,,,,,,,,,,,,,,,,,,,,,7,,2,,,2,60000,1,300000,3,,12,2,,,,,3,1,1,28,1,,28,,,1,8,,2,,2,,,,1,,,,,,1,,,,2,2,1,0,24,4,,2,,,,,,,,8,3,10,,1,12,2,1,1,1,2,1,2,2,2,2,2,2,2,,2,1,2,2,2,2,2,2,3,,61,01,1,01,4,0113,60000,23,3077.3019805,
5354676,1,2,1,60,2,23,2,,,,,,,,,,,1,,,,,,,,,,,,,,,,,,,,,,,,,,,,,,,,,,,,,,,,,,,,,,,6,,,,,3,40000,1,160000,3,,4,2,,,,,3,3,2,6,2,,6,,,1,1,,2,,2,,,,1,,,,,,,,,1,2,2,1,8,12,4,,2,,,,,,,,2,14,,,2,,,,2,,,,,,,,,,,,,,1,2,1,2,1,1,3,,77,56,1,01,4,5619,40000,23,1761.8404791,
5354677,2,1,2,60,2,23,1,1,,,1,,,2,2,2,2,12,,1,,2,250000,2,,,1,80000,2,,2,,2,,2,,,2,,,2,,,2,,,2,,,2,,,2,,2,,2,,2,,2,,2,,,.,,,,,,,,,.,12,,,,,,,,,20,1,,20,,,2,7,,2,,2,,,,1,,,,,,,,,1,2,2,1,0,120,1,,2,,,,,,,,1,12,30,,1,30,1,1,1,1,2,1,2,2,2,2,2,2,2,,1,1,2,2,1,2,2,1,8,,81,16,1,01,1,1630,330000,23,2772.9390092,
5354679,1,1,1,60,2,23,1,1,,,1,,,2,2,2,2,3,,1,,2,340000,2,,,2,,2,,2,,2,,2,,,2,,,2,,,2,,,2,,,2,,,2,,2,,2,,2,,2,,2,,,.,,,,,,,,,.,7,,,,,,,,,44,,.,44,,,2,9,,2,,2,,,,1,,,,,,,,,1,2,2,1,5,12,1,,2,,,,,,,,2,3,10,,2,,,,1,1,2,1,2,2,2,2,2,2,2,,2,1,2,2,1,2,2,1,9,,95,41,1,01,1,4111,340000,23,2912.6013876,
5354680,1,1,1,60,2,23,2,,,,,,,,,,,360,,,,,,,,,,,,,,,,,,,,,,,,,,,,,,,,,,,,,,,,,,,,,,,6,,,,,2,600000,1,7600000,3,,12,2,,,,,3,3,2,48,,.,48,,,1,6,,2,,2,,,,1,,,,,,,,,1,2,2,1,0,60,4,,2,,,,,,,,3,3,18,,2,,,,2,,,,,,,,,,,,,,1,1,1,2,1,1,3,,45,47,1,01,4,4781,600000,23,3635.8769444,
5354680,1,2,1,60,2,23,1,1,,,1,,,1,2,2,2,36,,1,,2,200000,2,,,1,150000,2,,2,,2,,2,,,2,,,2,,,2,,,2,,,2,,,2,,2,,2,,2,,2,,2,,,.,,,,,,,,,.,12,,,,,,,,,48,,.,48,,,1,2,,2,,2,,,,1,,,,,,,,,1,2,2,1,0,36,4,,2,,,,,,,,3,3,20,,2,,,,2,,,,,,,,,,,,,,1,2,1,2,1,1,3,,54,97,1,01,3,9700,350000,23,3635.8769444,
5354680,1,3,1,60,2,23,2,,,,,,,,,,,12,,,,,,,,,,,,,,,,,,,,,,,,,,,,,,,,,,,,,,,,,,,,,,,6,,,,,2,30000,1,400000,3,,12,2,,,,,3,1,2,20,2,,20,,,1,2,,2,,2,,,,1,,,,,,,,,1,2,2,2,,,,,2,,,,,,,,,3,10,,2,,,,1,1,1,1,2,2,2,2,2,2,2,,2,1,1,2,1,2,1,1,3,,57,96,1,01,4,9602,30000,23,3635.8769444,
5354682,1,1,1,60,2,23,1,1,,,1,,,2,2,2,2,1,,1,,2,500000,2,,,2,,2,,2,,2,,2,,,2,,,2,,,2,,,2,,,2,,,2,,2,,2,,2,,2,,2,,,.,,,,,,,,,.,12,,,,,,,,,65,,.,65,,,3,7,,2,,2,,,,1,,,,,,,,,1,2,2,1,0,12,4,,2,,,,,,,,8,3,10,,2,,,,1,1,2,1,2,2,2,2,2,2,2,,2,1,2,2,1,2,1,1,8,,84,45,1,01,1,4542,500000,23,3189.1976356,
5354683,1,1,1,60,2,23,2,,,,,,,,,,,120,,,,,,,,,,,,,,,,,,,,,,,,,,,,,,,,,,,,,,,,,,,,,,,6,,,,,3,200000,1,1000000,3,,12,2,,,,,3,4,2,20,2,,20,,,1,1,,2,,2,,,,1,,,,,,,,,1,2,2,2,,,,,2,,,,,,,,,14,,,2,,,,2,,,,,,,,,,,,,,1,1,1,2,1,1,3,,61,01,1,01,4,0145,200000,23,1751.2462663,
5354734,1,1,1,60,2,23,1,1,,,1,,,2,2,2,2,3,,1,,2,560000,2,,,2,,1,200000,2,,2,,2,,,2,,,2,,,2,,,2,,,2,,,2,,2,,2,,2,,2,,2,,,.,,,,,,,,,.,7,,,,,,,,,50,,.,50,,,2,8,,2,,2,,,,1,,,,,,,,,1,2,2,1,5,72,1,,2,,,,,,,,5,3,3,,2,,,,1,1,2,1,2,2,2,2,2,2,2,,1,1,2,2,1,2,2,1,3,,62,01,1,01,8,0141,760000,23,2550.3086997,
5354735,1,2,1,60,2,23,2,,,,,,,,,,,24,,,,,,,,,,,,,,,,,,,,,,,,,,,,,,,,,,,,,,,,,,,,,,,6,,,,,3,150000,1,1800000,3,,12,2,,,,,3,1,1,30,1,,30,,,1,8,,2,,2,,,,1,,,,,,,,,1,2,2,1,0,6,8,,2,,,,,,,,1,11,20,,1,10,2,1,1,1,2,1,2,2,2,2,2,2,2,,2,1,2,2,2,2,2,2,5,,61,01,1,01,4,0161,150000,23,2228.9831592,
5354736,1,2,1,60,2,23,2,,,,,,,,,,,300,,,,,,,,,,,,,,,,,,,,,,,,,,,,,,,,,,,,,,,,,,,,,,,6,,,,,2,150000,1,2000000,3,,12,2,,,,,2,9,2,15,1,,15,,,1,8,,2,,2,,,,1,,,,,,,,,1,2,2,1,2,36,8,,2,,,,,,,,3,3,20,,1,15,1,1,1,1,2,1,2,2,2,2,2,2,2,,2,1,2,2,1,2,1,1,8,,62,01,1,01,4,0161,150000,23,1459.1349277,
5354737,1,2,1,60,2,23,2,,,,,,,,,,,360,,,,,,,,,,,,,,,,,,,,,,,,,,,,,,,,,,,,,,,,,,,,,,,7,,2,,,2,300000,1,4200000,3,,12,2,,,,,3,9,2,40,,.,40,,,1,8,,2,,2,,,,1,,,,,,,,,1,2,2,1,0,24,8,,2,,,,,,,,5,3,20,,2,,,,2,,,,,,,,,,,,,,1,1,1,2,1,1,3,,61,01,1,01,4,0113,300000,23,1459.1349277,
5354738,1,1,1,60,2,23,2,,,,,,,,,,,240,,,,,,,,,,,,,,,,,,,,,,,,,,,,,,,,,,,,,,,,,,,,,,,7,,2,,,2,120000,1,1400000,3,,12,1,1,0,0,1,3,1,1,42,,.,42,,,2,8,,2,,2,,,,1,,,,,,1,,,,2,2,1,0,120,4,,2,,,,,,,,9,3,5,,2,,,,1,1,2,1,2,2,2,2,2,2,2,,2,1,2,2,1,2,1,1,9,,61,01,1,01,4,0113,120000,23,2224.4487208,
5354738,1,2,1,60,2,23,2,,,,,,,,,,,180,,,,,,,,,,,,,,,,,,,,,,,,,,,,,,,,,,,,,,,,,,,,,,,6,,,,,3,40000,1,400000,3,,12,2,,,,,3,3,2,12,2,,12,,,1,6,,2,,2,,,,1,,,,,,1,,,,2,2,1,24,60,3,,2,,,,,,,,9,12,20,,2,,,,2,,,,,,,,,,,,,,1,2,1,2,1,1,3,,45,47,1,01,4,4789,40000,23,2224.4487208,
5354738,1,3,1,60,2,23,2,,,,,,,,,,,12,,,,,,,,,,,,,,,,,,,,,,,,,,,,,,,,,,,,,,,,,,,,,,,6,,,,,3,100000,1,600000,3,,12,2,,,,,3,3,2,45,,.,45,,,1,1,,2,,2,,,,1,,,,,,,,,1,2,2,1,0,60,8,,1,23,21,6,,,2,8,3,12,20,,2,,,,2,,,,,,,,,,,,,,1,2,1,2,1,1,5,,61,01,1,01,4,0145,100000,23,2224.4487208,
5354739,1,1,1,60,2,23,2,,,,,,,,,,,24,,,,,,,,,,,,,,,,,,,,,,,,,,,,,,,,,,,,,,,,,,,,,,,6,,,,,2,140000,1,1700000,3,,12,2,,,,,2,1,2,18,1,,18,,,1,8,,2,,2,,,,1,,,,,,,,,1,2,2,1,0,5,1,,1,23,10,4,,0,1,1,1,3,25,,1,18,1,1,1,1,2,1,2,2,2,2,2,2,2,,2,1,2,2,1,2,2,1,8,,61,01,1,01,4,0161,140000,23,3415.7854704,
5354740,1,1,1,60,2,23,2,,,,,,,,,,,600,,,,,,,,,,,,,,,,,,,,,,,,,,,,,,,,,,,,,,,,,,,,,,,7,,2,,,2,350000,1,4500000,3,,12,2,,,,,2,9,2,36,2,,36,,,1,8,,2,,2,,,,1,,,,,,,,,1,2,2,1,0,60,6,,2,,,,,,,,8,3,10,,2,,,,2,,,,,,,,,,,,,,1,1,1,2,1,1,3,,61,01,1,01,4,0113,350000,23,1924.620188,
5354740,1,3,1,60,2,23,2,,,,,,,,,,,60,,,,,,,,,,,,,,,,,,,,,,,,,,,,,,,,,,,,,,,,,,,,,,,6,,,,,2,400000,1,5000000,3,,12,2,,,,,2,1,2,40,,.,40,,,1,1,,2,,2,,,,1,,,,,,,,,1,2,2,1,0,36,6,,2,,,,,,,,8,14,,,2,,,,2,,,,,,,,,,,,,,1,2,1,2,1,1,3,,41,46,1,01,4,4631,400000,23,1924.620188,
5354741,1,2,1,60,2,23,2,,,,,,,,,,,6,,,,,,,,,,,,,,,,,,,,,,,,,,,,,,,,,,,,,,,,,,,,,,,6,,,,,3,40000,1,240000,3,,12,2,,,,,3,1,1,12,1,,12,,,1,1,,2,,2,,,,1,,,,,,,,,1,2,2,1,0,6,3,,2,,,,,,,,9,14,,,1,28,2,1,1,1,2,1,2,2,2,2,2,2,2,,2,1,2,2,2,2,2,2,3,,75,16,1,01,4,1690,40000,23,3457.5700599,
5354742,1,1,1,60,2,23,2,,,,,,,,,,,9,,,,,,,,,,,,,,,,,,,,,,,,,,,,,,,,,,,,,,,,,,,,,,,6,,,,,3,140000,1,1800000,3,,12,2,,,,,2,1,2,18,1,,18,,,1,8,,11,,2,,,,1,,,,,,,,,1,2,2,1,0,4,8,,2,,,,,,,,5,3,25,,1,20,1,1,1,1,2,1,2,1,2,2,2,2,2,,2,1,2,2,1,2,2,1,8,,61,01,1,01,4,0161,140000,23,3682.7189369,
5354742,1,2,1,60,2,23,2,,,,,,,,,,,24,,,,,,,,,,,,,,,,,,,,,,,,,,,,,,,,,,,,,,,,,,,,,,,6,,,,,2,18000,1,220000,3,,12,2,,,,,1,4,2,21,2,,21,,,1,1,,2,,2,,,,1,,,,,,,,,1,2,2,2,,,,,2,,,,,,,,,14,,,2,,,,1,1,2,1,2,2,2,2,1,2,2,,2,1,2,2,1,2,1,1,3,,75,16,1,01,4,1690,18000,23,3682.7189369,
5354743,1,1,1,60,2,23,2,,,,,,,,,,,120,,,,,,,,,,,,,,,,,,,,,,,,,,,,,,,,,,,,,,,,,,,,,,,6,,,,,2,700000,1,9000000,3,,12,2,,,,,3,3,2,60,,.,60,,,1,4,,2,,2,,,,1,,,,,,,,,1,2,2,2,,,,,2,,,,,,,,,11,15,,2,,,,2,,,,,,,,,,,,,,1,1,1,2,1,1,3,,98,49,1,01,4,4921,700000,23,3760.1027669,
5354743,1,2,1,60,2,23,1,1,,,1,,,1,2,2,2,36,,1,,2,350000,2,,,1,100000,2,,2,,2,,2,,,2,,,2,,,2,,,2,,,2,,,2,,2,,2,,2,,2,,2,,,.,,,,,,,,,.,12,,,,,,,,,48,,.,48,,,1,2,,2,,2,,,,1,,,,,,,,,1,2,2,2,,,,,2,,,,,,,,,11,20,,2,,,,2,,,,,,,,,,,,,,1,1,1,2,1,1,3,,54,97,1,01,3,9700,450000,23,3760.1027669,
5354745,1,1,1,60,2,23,2,,,,,,,,,,,360,,,,,,,,,,,,,,,,,,,,,,,,,,,,,,,,,,,,,,,,,,,,,,,7,,2,,,2,250000,1,3600000,3,,12,2,,,,,2,9,2,36,2,,36,,,1,8,,2,,2,,,,1,,,,,,,,,1,2,2,1,0,36,8,,2,,,,,,,,1,3,10,,2,,,,2,,,,,,,,,,,,,,1,1,1,2,1,1,3,,61,01,1,01,4,0113,250000,23,3035.517391,
5354745,1,2,1,60,2,23,2,,,,,,,,,,,360,,,,,,,,,,,,,,,,,,,,,,,,,,,,,,,,,,,,,,,,,,,,,,,6,,,,,2,150000,1,2000000,3,,12,2,,,,,3,4,2,20,2,,20,,,1,1,,2,,2,,,,1,,,,,,,,,1,2,2,1,0,60,6,,2,,,,,,,,8,14,,,2,,,,2,,,,,,,,,,,,,,1,1,1,2,1,1,3,,75,16,1,01,4,1690,150000,23,3035.517391,
5354746,1,2,1,60,2,23,2,,,,,,,,,,,168,,,,,,,,,,,,,,,,,,,,,,,,,,,,,,,,,,,,,,,,,,,,,,,6,,,,,2,200000,1,800000,3,,12,2,,,,,3,3,2,21,2,,21,,,1,1,,10,,2,,,,1,,,,,,,,,1,2,2,1,0,24,1,,1,23,14,4,,0,2,1,3,14,,,2,,,,1,1,2,1,2,2,2,2,2,2,2,,2,1,2,2,1,2,1,1,3,,79,14,1,01,4,1410,200000,23,3796.0535498,
5354791,1,1,1,60,2,27,1,1,,,1,,,1,2,2,2,60,,1,,2,600000,2,,,2,,2,,2,,2,,2,,,2,,,2,,,2,,,2,,,2,,,2,,2,,2,,2,,2,,2,,,.,,,,,,,,,.,12,,,,,,,,,40,,.,40,,,5,8,,2,,2,,,,1,,,,,,,,,1,2,2,1,0,48,4,,2,,,,,,,,8,9,50,,2,,,,2,,,,,,,,,,,,,,1,1,1,2,1,1,8,,53,07,1,01,1,0722,600000,27,1188.1712436,
5354791,1,2,1,60,2,27,1,1,,,1,,,1,2,2,2,24,,1,,2,400000,2,,,2,,2,,2,,2,,2,,,2,,,2,,,2,,,2,,,2,,,2,,2,,2,,2,,2,,2,,,.,,,,,,,,,.,12,,,,,,,,,30,2,,30,,,5,8,,2,,2,,,,1,,,,,,,,,1,2,2,2,,,,,2,,,,,,,,,9,50,,2,,,,2,,,,,,,,,,,,,,1,1,1,2,1,1,3,,71,07,1,01,1,0722,400000,27,1188.1712436,
5354798,1,1,1,60,2,27,2,,,,,,,,,,,12,,,,,,,,,,,,,,,,,,,,,,,,,,,,,,,,,,,,,,,,,,,,,,,6,,,,,2,400000,1,5000000,3,,12,2,,,,,3,10,1,50,,.,50,,,1,6,,2,,2,,,,1,,,,,,,,,1,2,2,1,36,240,1,,2,,,,,,,,1,3,5,,2,,,,2,,,,,,,,,,,,,,1,1,1,2,1,1,8,,99,45,1,01,4,4520,400000,27,1264.0210897,
5354799,1,1,1,60,2,27,1,1,,,1,,,1,2,2,2,240,,,,,,,,,,,,,,,,,,,,,,,,,,,,,,,,,,,,,,,,,,,,,,,7,,1,1,2020,2,600000,1,4000000,3,,12,2,,,,,3,3,2,50,,.,50,,,1,4,,2,,2,,,,1,,,,,,,,,1,2,2,2,,,,,2,,,,,,,,,3,5,,2,,,,2,,,,,,,,,,,,,,1,1,1,2,1,1,8,,98,49,1,01,4,4921,600000,27,2664.7468291,
5354805,1,1,1,60,2,27,1,1,,,1,,,1,2,2,2,48,,1,,2,400000,2,,,2,,2,,2,,2,,2,,,2,,,2,,,2,,,2,,,2,,,2,,2,,2,,2,,2,,2,,,.,,,,,,,,,.,12,,,,,,,,,40,,.,40,,,5,8,,2,,2,,,,1,,,,,,,,,1,2,2,2,,,,,2,,,,,,,,,9,50,,2,,,,2,,,,,,,,,,,,,,1,1,1,2,1,1,5,,53,07,1,01,1,0722,400000,27,1747.1660885,
5354805,1,2,1,60,2,27,1,1,,,1,,,1,2,2,2,50,,1,,2,600000,2,,,2,,2,,2,,2,,2,,,2,,,2,,,2,,,2,,,2,,,2,,2,,2,,2,,2,,2,,,.,,,,,,,,,.,12,,,,,,,,,40,,.,40,,,5,8,,2,,2,,,,1,,,,,,,,,1,2,2,1,0,24,4,,2,,,,,,,,8,9,50,,2,,,,2,,,,,,,,,,,,,,1,1,1,2,1,1,5,,71,07,1,01,1,0722,600000,27,1747.1660885,
5354810,1,1,1,60,2,27,2,,,,,,,,,,,156,,,,,,,,,,,,,,,,,,,,,,,,,,,,,,,,,,,,,,,,,,,,,,,6,,,,,2,800000,1,9600000,3,,12,2,,,,,1,10,1,50,,.,30,6,,1,8,,10,,2,,,,1,,,,,,,,,1,2,2,2,,,,,2,,,,,,,,,9,60,1,2,,,,2,,,,,,,,,,,,,,1,1,1,2,1,1,3,,71,07,1,01,4,0722,800000,27,2597.4860494,
5354813,1,1,1,60,2,27,2,,,,,,,,,,,180,,,,,,,,,,,,,,,,,,,,,,,,,,,,,,,,,,,,,,,,,,,,,,,6,,,,,2,400000,1,4800000,3,,12,2,,,,,3,1,1,40,,.,40,,,1,8,,2,,2,,,,1,,,,,,,,,1,2,2,2,,,,,2,,,,,,,,,3,30,,2,,,,1,1,1,1,2,2,2,1,1,1,2,,2,1,1,2,1,2,1,1,8,,71,07,1,01,4,0722,400000,27,998.67237576,
5354814,1,1,1,60,2,27,2,,,,,,,,,,,360,,,,,,,,,,,,,,,,,,,,,,,,,,,,,,,,,,,,,,,,,,,,,,,6,,,,,2,500000,1,6000000,3,,12,2,,,,,2,4,2,40,,.,30,6,,1,8,,2,,2,,,,1,,,,,,,,,1,2,2,2,,,,,2,,,,,,,,,9,50,1,2,,,,2,,,,,,,,,,,,,,1,1,1,2,1,1,5,,71,07,1,01,4,0722,500000,27,666.18670727,
5354814,1,2,1,60,2,27,2,,,,,,,,,,,5,,,,,,,,,,,,,,,,,,,,,,,,,,,,,,,,,,,,,,,,,,,,,,,6,,,,,2,300000,1,1800000,3,,5,2,,,,,2,10,2,30,2,,20,6,,1,8,,2,,2,,,,1,,,,,,,,,1,2,2,2,,,,,2,,,,,,,,,3,30,2,2,,,,2,,,,,,,,,,,,,,1,1,1,2,1,1,3,,71,07,1,01,4,0722,300000,27,666.18670727,
5354815,1,1,1,60,2,27,2,,,,,,,,,,,420,,,,,,,,,,,,,,,,,,,,,,,,,,,,,,,,,,,,,,,,,,,,,,,6,,,,,2,500000,1,6000000,3,,12,2,,,,,2,4,1,40,,.,30,6,,1,8,,2,,2,,,,1,,,,,,,,,1,2,2,2,,,,,2,,,,,,,,,3,35,2,2,,,,2,,,,,,,,,,,,,,1,1,1,2,1,1,3,,71,07,1,01,4,0722,500000,27,666.18670727,
5354815,1,3,1,60,2,27,2,,,,,,,,,,,240,,,,,,,,,,,,,,,,,,,,,,,,,,,,,,,,,,,,,,,,,,,,,,,6,,,,,2,600000,1,7200000,3,,12,2,,,,,2,10,1,40,,.,40,,,1,8,,10,,2,,,,1,,,,,,,,,1,2,2,2,,,,,2,,,,,,,,,3,40,,2,,,,2,,,,,,,,,,,,,,1,1,1,2,1,1,5,,71,07,1,01,4,0722,600000,27,666.18670727,
5354816,1,1,1,60,2,27,2,,,,,,,,,,,360,,,,,,,,,,,,,,,,,,,,,,,,,,,,,,,,,,,,,,,,,,,,,,,6,,,,,2,300000,1,4200000,3,,12,2,,,,,2,3,2,40,,.,30,6,,1,8,,10,,2,,,,1,,,,,,,,,1,2,2,2,,,,,2,,,,,,,,,3,30,1,2,,,,2,,,,,,,,,,,,,,1,1,1,2,1,1,3,,71,07,1,01,4,0722,300000,27,1018.572168,
5354816,1,3,1,60,2,27,1,1,,,1,,,1,2,2,2,24,,1,,2,400000,2,,,2,,2,,2,,2,,2,,,2,,,2,,,2,,,2,,,2,,,2,,2,,2,,2,,2,,2,,,.,,,,,,,,,.,12,,,,,,,,,25,2,,20,6,,4,8,,10,,2,,,,1,,,,,,,,,1,2,2,2,,,,,2,,,,,,,,,9,60,2,2,,,,2,,,,,,,,,,,,,,1,1,1,2,1,1,3,,71,07,1,01,1,0722,400000,27,1018.572168,
5354817,1,1,1,60,2,27,2,,,,,,,,,,,264,,,,,,,,,,,,,,,,,,,,,,,,,,,,,,,,,,,,,,,,,,,,,,,6,,,,,2,400000,1,6200000,3,,12,2,,,,,2,4,2,40,,.,30,6,,1,8,,2,,2,,,,1,,,,,,,,,1,2,2,2,,,,,2,,,,,,,,,9,60,1,2,,,,2,,,,,,,,,,,,,,1,1,1,2,1,1,8,,71,07,1,01,4,0722,400000,27,1904.6870672,
5354828,1,1,1,60,2,27,1,1,,,1,,,1,2,2,2,80,,1,,2,1400000,2,,,2,,2,,2,,2,,2,,,2,,,2,,,2,,,2,,,2,,,2,,2,,2,,2,,2,,2,,,.,,,,,,,,,.,12,,,,,,,,,60,,.,60,,,3,7,,2,,2,,,,1,,,,,,,,,1,2,2,2,,,,,2,,,,,,,,,3,5,,2,,,,2,,,,,,,,,,,,,,1,1,2,2,1,1,2,,50,56,1,01,1,5613,1400000,27,1088.6015649,
5354831,1,1,1,60,2,27,2,,,,,,,,,,,240,,,,,,,,,,,,,,,,,,,,,,,,,,,,,,,,,,,,,,,,,,,,,,,6,,,,,2,400000,1,5000000,3,,12,2,,,,,2,1,1,40,,.,30,6,,1,8,,5,,2,,,,1,,,,,,,,,1,2,2,2,,,,,2,,,,,,,,,9,30,2,2,,,,1,1,1,1,2,2,2,1,1,1,2,,2,1,1,2,1,2,1,1,3,,71,07,1,01,4,0722,400000,27,666.18670727,
5354834,1,1,1,60,2,27,1,1,,,1,,,1,2,2,2,120,,1,,2,800000,2,,,2,,2,,2,,2,,2,,,2,,,2,,,2,,,2,,,2,,,2,,2,,2,,2,,2,,2,,,.,,,,,,,,,.,12,,,,,,,,,50,,.,50,,,5,8,,2,,2,,,,1,,,,,,,,,1,2,2,1,3,120,4,,2,,,,,,,,8,9,90,,2,,,,2,,,,,,,,,,,,,,1,1,1,2,1,1,8,,71,07,1,01,1,0722,800000,27,2080.8671273,
5354840,1,1,1,60,2,27,2,,,,,,,,,,,240,,,,,,,,,,,,,,,,,,,,,,,,,,,,,,,,,,,,,,,,,,,,,,,7,,2,,,2,300000,1,3600000,3,,12,2,,,,,3,1,1,50,,.,30,6,,1,8,,10,,2,,,,1,,,,,,,,,1,2,2,2,,,,,2,,,,,,,,,9,20,2,2,,,,1,1,1,1,2,2,2,1,1,2,2,,2,1,1,2,1,2,1,1,3,,61,01,1,01,4,0122,300000,27,2080.8671273,
5354843,1,1,1,60,2,27,1,1,,,1,,,1,2,2,2,48,,1,,2,400000,2,,,2,,2,,2,,2,,2,,,2,,,2,,,2,,,2,,,2,,,2,,2,,2,,2,,2,,2,,,.,,,,,,,,,.,12,,,,,,,,,56,,.,56,,,3,8,,2,,2,,,,1,,,,,,,,,1,2,2,1,6,24,1,,2,,,,,,,,1,9,10,,2,,,,1,1,1,1,1,2,2,1,1,2,2,,2,1,1,2,1,2,1,1,3,,71,07,1,01,1,0722,400000,27,1447.6995084,
5354844,1,1,1,60,2,27,1,1,,,1,,,2,2,2,2,67,,1,,2,500000,2,,,2,,2,,2,,2,,2,,,2,,,2,,,2,,,2,,,2,,,2,,2,,2,,2,,2,,2,,,.,,,,,,,,,.,12,,,,,,,,,56,,.,56,,,3,8,,2,,2,,,,1,,,,,,,,,1,2,2,1,0,23,4,,2,,,,,,,,2,9,10,,2,,,,2,,,,,,,,,,,,,,1,2,1,2,1,1,3,,71,07,1,01,1,0722,500000,27,666.18670727,
5354845,1,1,1,60,2,27,1,1,,,1,,,1,2,2,2,48,,1,,2,300000,2,,,2,,2,,2,,2,,2,,,2,,,2,,,2,,,2,,,2,,,2,,2,,2,,2,,2,,2,,,.,,,,,,,,,.,12,,,,,,,,,45,,.,45,,,2,8,,2,,2,,,,1,,,,,,,,,1,2,2,1,2,24,4,,2,,,,,,,,3,9,20,,2,,,,2,,,,,,,,,,,,,,1,2,1,2,1,1,3,,62,01,1,01,1,0122,300000,27,680.55881379,
5354846,1,1,1,60,2,27,1,1,,,1,,,1,2,2,2,24,,1,,2,300000,2,,,2,,2,,2,,2,,2,,,2,,,2,,,2,,,2,,,2,,,2,,2,,2,,2,,2,,2,,,.,,,,,,,,,.,12,,,,,,,,,43,,.,43,,,3,8,,4,,2,,,,1,,,,,,,,,1,2,2,1,0,24,1,,2,,,,,,,,1,9,10,,2,,,,2,,,,,,,,,,,,,,1,2,1,2,1,1,3,,71,07,1,01,1,0722,300000,27,2080.8671273,
5354847,1,1,1,60,2,27,1,1,,,1,,,1,2,2,2,60,,1,,2,300000,2,,,2,,2,,2,,2,,2,,,2,,,2,,,2,,,2,,,2,,,2,,2,,2,,2,,2,,2,,,.,,,,,,,,,.,12,,,,,,,,,43,,.,43,,,3,8,,2,,2,,,,1,,,,,,,,,1,2,2,1,8,24,1,,2,,,,,,,,1,9,10,,2,,,,2,,,,,,,,,,,,,,1,2,1,2,1,1,3,,71,07,1,01,1,0722,300000,27,742.14709492,
5354851,1,1,1,60,2,27,2,,,,,,,,,,,120,,,,,,,,,,,,,,,,,,,,,,,,,,,,,,,,,,,,,,,,,,,,,,,6,,,,,2,200000,1,2400000,3,,12,2,,,,,3,1,1,45,,.,45,,,1,8,,2,,2,,,,1,,,,,,,,,1,2,2,2,,,,,2,,,,,,,,,3,30,,2,,,,2,,,,,,,,,,,,,,1,2,1,2,2,1,3,,71,07,1,01,4,0722,200000,27,666.18670727,
5354853,1,2,1,60,2,27,2,,,,,,,,,,,110,,,,,,,,,,,,,,,,,,,,,,,,,,,,,,,,,,,,,,,,,,,,,,,6,,,,,2,200000,1,2400000,3,,12,2,,,,,3,1,1,45,,.,45,,,1,8,,2,,2,,,,1,,,,,,,,,1,2,2,2,,,,,2,,,,,,,,,3,20,,2,,,,1,1,1,1,2,2,2,1,2,2,2,,2,1,1,2,1,2,1,1,3,,71,07,1,01,4,0722,200000,27,1169.5242618,
5354856,1,1,1,60,2,27,1,1,,,1,,,1,2,2,2,48,,1,,2,400000,2,,,2,,2,,2,,2,,2,,,2,,,2,,,2,,,2,,,2,,,2,,2,,2,,2,,2,,2,,,.,,,,,,,,,.,12,,,,,,,,,45,,.,45,,,2,8,,4,,2,,,,1,,,,,,,,,1,2,2,1,0,12,1,,2,,,,,,,,1,9,15,,2,,,,1,1,1,1,2,2,2,1,2,2,2,,2,1,1,1,1,2,1,1,3,,71,07,1,01,1,0722,400000,27,680.55881379,
5354857,1,1,1,60,2,27,1,1,,,1,,,1,2,2,2,12,,1,,2,400000,2,,,2,,2,,2,,2,,2,,,2,,,2,,,2,,,2,,,2,,,2,,2,,2,,2,,2,,2,,,.,,,,,,,,,.,12,,,,,,,,,45,,.,45,,,2,8,,2,,2,,,,1,,,,,,,,,1,2,2,1,0,24,1,,2,,,,,,,,1,9,15,,2,,,,1,1,1,1,2,2,2,1,2,2,2,,2,1,1,2,1,2,1,1,3,,71,07,1,01,1,0722,400000,27,1088.6015649,
5354858,1,2,1,60,2,27,1,2,1,,2,4,FUNDACION SERRANIA,1,1,1,2,180,,1,,2,920000,2,,,2,,2,,2,,2,,2,,,2,,,2,,,2,,,2,,,2,,,1,450000,1,450000,1,450000,2,,2,,2,,,.,,,,,,,,,.,12,,,,,,,,,42,,.,42,,,9,1,,1,,1,1,1,8,1,1,,,,,,,,,1,2,2,,,,,2,,,,,,,,,14,,,2,,,,2,,,,,,,,,,,,,,1,1,1,2,1,1,3,,54,88,1,01,1,8890,920000,27,666.18670727,8413
5354859,1,1,1,60,2,27,1,1,,,1,,,1,2,2,2,60,,1,,2,400000,2,,,2,,2,,2,,2,,2,,,2,,,2,,,2,,,2,,,2,,,2,,2,,2,,2,,2,,2,,,.,,,,,,,,,.,12,,,,,,,,,52,,.,52,,,2,8,,2,,2,,,,1,,,,,,,,,1,2,2,1,2,45,1,,2,,,,,,,,2,9,20,,2,,,,2,,,,,,,,,,,,,,1,2,1,2,1,1,3,,71,07,1,01,1,0722,400000,27,1664.8518502,
5354860,1,1,1,60,2,27,2,,,,,,,,,,,130,,,,,,,,,,,,,,,,,,,,,,,,,,,,,,,,,,,,,,,,,,,,,,,6,,,,,2,150000,1,2300000,3,,12,2,,,,,3,1,1,41,,.,41,,,1,8,,4,,2,,,,1,,,,,,,,,1,2,2,2,,,,,2,,,,,,,,,3,20,,2,,,,2,,,,,,,,,,,,,,1,2,1,2,1,1,3,,71,07,1,01,4,0722,150000,27,666.18670727,
5354863,1,1,1,60,2,27,2,,,,,,,,,,,120,,,,,,,,,,,,,,,,,,,,,,,,,,,,,,,,,,,,,,,,,,,,,,,7,,2,,,2,400000,1,4800000,3,,12,1,1,1,0,0,3,1,2,54,,.,54,,,2,4,,2,,2,,,,1,,,,,,,,,1,2,2,2,,,,,2,,,,,,,,,3,5,,2,,,,2,,,,,,,,,,,,,,1,1,1,2,1,1,3,,98,50,1,01,5,5021,400000,27,1278.1004328,
5354864,1,1,1,60,2,27,1,1,,,1,,,1,2,2,2,36,,1,,2,200000,2,,,2,,2,,2,,2,,2,,,2,,,2,,,2,,,2,,,2,,,2,,2,,2,,2,,2,,2,,,.,,,,,,,,,.,12,,,,,,,,,34,2,,34,,,2,7,,2,,2,,,,1,,,,,,,,,1,2,2,2,,,,,2,,,,,,,,,3,3,,2,,,,2,,,,,,,,,,,,,,1,2,1,2,1,1,3,,45,47,1,01,1,4711,200000,27,998.67237576,
5354874,1,2,1,60,2,27,1,1,,,1,,,1,2,2,2,130,,,,,,,,,,,,,,,,,,,,,,,,,,,,,,,,,,,,,,,,,,,,,,,6,,,,,2,200000,1,3500000,3,,12,2,,,,,3,1,1,54,,.,54,,,1,8,,2,,2,,,,1,,,,,,,,,1,2,2,2,,,,,2,,,,,,,,,3,5,,2,,,,1,1,1,1,2,2,2,1,1,2,2,,2,2,1,2,2,2,1,1,2,,97,52,1,01,4,5224,200000,27,2877.5949856,
5354875,1,1,1,60,2,27,2,,,,,,,,,,,130,,,,,,,,,,,,,,,,,,,,,,,,,,,,,,,,,,,,,,,,,,,,,,,6,,,,,2,300000,1,4300000,3,,12,2,,,,,3,1,1,54,,.,54,,,1,8,,2,,2,,,,1,,,,,,,,,1,2,2,2,,,,,2,,,,,,,,,9,60,,2,,,,1,1,1,1,2,2,2,1,2,2,2,,2,1,1,2,1,2,1,1,3,,71,07,1,01,4,0722,300000,27,3688.6623154,
5354875,1,2,1,60,2,27,2,,,,,,,,,,,72,,,,,,,,,,,,,,,,,,,,,,,,,,,,,,,,,,,,,,,,,,,,,,,6,,,,,2,100000,1,1200000,3,,12,2,,,,,3,1,2,34,2,,34,,,1,1,,2,,2,,,,1,,,,,,,,,1,2,2,2,,,,,2,,,,,,,,,14,,,2,,,,1,1,1,1,2,2,2,1,2,2,2,,2,2,1,1,1,2,1,1,3,,41,47,1,01,4,4724,100000,27,3688.6623154,
5354876,1,2,1,60,2,27,1,1,,,1,,,1,2,2,2,2,,,,,,,,,,,,,,,,,,,,,,,,,,,,,,,,,,,,,,,,,,,,,,,6,,,,,2,300000,1,3000000,3,,12,2,,,,,2,1,1,30,1,,30,,,2,8,,2,,2,,,,1,,,,,,,,,1,2,2,1,6,48,4,,2,,,,,,,,1,9,30,,1,20,2,1,1,1,2,1,2,1,2,1,1,1,2,,2,1,1,2,1,2,2,1,8,,97,52,1,01,4,5224,300000,27,2562.9785279,
5354880,1,1,1,60,2,27,2,,,,,,,,,,,260,,,,,,,,,,,,,,,,,,,,,,,,,,,,,,,,,,,,,,,,,,,,,,,7,,2,,,2,200000,1,2000000,3,,12,2,,,,,3,10,2,50,,.,50,,,1,8,,2,,2,,,,1,,,,,,,,,1,2,2,2,,,,,2,,,,,,,,,3,30,,2,,,,2,,,,,,,,,,,,,,1,1,1,2,2,1,3,,61,01,1,01,4,0122,200000,27,2155.2088397,
5354882,1,1,1,60,2,27,2,,,,,,,,,,,420,,,,,,,,,,,,,,,,,,,,,,,,,,,,,,,,,,,,,,,,,,,,,,,6,,,,,2,200000,1,1000000,3,,12,2,,,,,3,1,2,50,,.,50,,,1,8,,2,,2,,,,1,,,,,,,,,1,2,2,2,,,,,2,,,,,,,,,3,30,,2,,,,2,,,,,,,,,,,,,,1,2,1,2,2,1,8,,61,01,1,01,4,0122,200000,27,2153.8172983,
5354883,1,1,1,60,2,27,2,,,,,,,,,,,220,,,,,,,,,,,,,,,,,,,,,,,,,,,,,,,,,,,,,,,,,,,,,,,7,,2,,,2,350000,1,2400000,3,,12,2,,,,,3,9,2,50,,.,50,,,1,8,,2,,2,,,,1,,,,,,,,,1,2,2,2,,,,,2,,,,,,,,,3,30,,2,,,,2,,,,,,,,,,,,,,1,1,1,2,2,1,3,,61,01,1,01,4,0122,350000,27,680.55881379,
5354885,1,1,1,60,2,27,2,,,,,,,,,,,336,,,,,,,,,,,,,,,,,,,,,,,,,,,,,,,,,,,,,,,,,,,,,,,6,,,,,2,100000,1,1000000,3,,12,2,,,,,3,9,2,40,,.,40,,,1,8,,2,,2,,,,1,,,,,,,,,1,2,2,2,,,,,2,,,,,,,,,3,60,,2,,,,2,,,,,,,,,,,,,,1,2,1,2,1,1,8,,61,01,1,01,4,0122,100000,27,2664.7468291,
5354886,1,1,1,60,2,27,1,1,,,1,,,1,2,2,2,24,,1,,2,500000,2,,,2,,2,,2,,2,,2,,,2,,,2,,,2,,,2,,,2,,,2,,2,,2,,2,,2,,2,,,.,,,,,,,,,.,12,,,,,,,,,20,2,,20,,,5,8,,2,,2,,,,1,,,,,,,,,1,2,2,1,3,24,4,,2,,,,,,,,3,3,5,,2,,,,2,,,,,,,,,,,,,,1,2,1,2,2,1,8,,39,43,1,01,1,4321,500000,27,1088.6015649,
5354887,1,1,1,60,2,27,2,,,,,,,,,,,100,,,,,,,,,,,,,,,,,,,,,,,,,,,,,,,,,,,,,,,,,,,,,,,7,,2,,,2,100000,2,1200000,3,,12,2,,,,,3,9,2,42,,.,42,,,1,8,,2,,2,,,,1,,,,,,,,,1,2,2,2,,,,,2,,,,,,,,,3,20,,2,,,,2,,,,,,,,,,,,,,1,1,1,2,1,1,8,,61,01,1,01,4,0122,100000,27,2155.2088397,
5354894,1,1,1,60,2,27,1,2,1,,1,,,1,1,1,2,56,,1,,2,1000000,2,,,2,,2,,2,,2,,2,,,2,,,2,,,2,,,2,,,2,,,2,,1,450000,1,450000,2,,2,,2,,,.,,,,,,,,,.,12,,,,,,,,,48,,.,48,,,5,8,,1,,1,2,1,5,1,1,,,,,,,,,1,2,2,,,,,2,,,,,,,,,2,10,,2,,,,2,,,,,,,,,,,,,,1,1,1,2,1,1,1,,62,01,1,01,1,0121,1000000,27,2080.8671273,
5354895,1,1,1,60,2,27,2,,,,,,,,,,,36,,,,,,,,,,,,,,,,,,,,,,,,,,,,,,,,,,,,,,,,,,,,,,,6,,,,,2,600000,1,7000000,3,,12,2,,,,,3,1,2,50,,.,50,,,1,8,,2,,2,,,,1,,,,,,,,,1,2,2,1,0,320,4,,2,,,,,,,,3,3,20,,2,,,,2,,,,,,,,,,,,,,1,1,1,2,1,1,8,,61,01,1,01,4,0121,600000,27,1264.0210897,
5354896,1,2,1,60,2,27,1,1,,,1,,,1,2,2,2,60,,1,,2,550000,2,,,2,,2,,2,,2,,2,,,2,,,2,,,2,,,2,,,2,,,2,,2,,2,,2,,2,,2,,,.,,,,,,,,,.,12,,,,,,,,,50,,.,50,,,2,8,,2,,2,,,,1,,,,,,,,,1,2,2,1,0,24,4,,2,,,,,,,,3,3,20,,2,,,,2,,,,,,,,,,,,,,1,1,1,2,1,1,3,,62,01,1,01,1,0121,550000,27,1450.4169616,
5354897,1,1,1,60,2,27,1,2,1,,1,,,1,1,1,1,24,,1,,2,900000,2,,,2,,2,,2,,2,,2,,,2,,,2,,,2,,,2,,,2,,,2,,1,450000,1,450000,2,,2,,2,,,.,,,,,,,,,.,12,,,,,,,,,48,,.,48,,,6,8,,1,,1,2,1,2,1,1,,,,,,,,,1,2,2,,,,,2,,,,,,,,,3,10,,2,,,,2,,,,,,,,,,,,,,1,1,1,2,1,1,3,,62,01,1,01,1,0121,900000,27,2405.7306122,
5354898,1,1,1,60,2,27,1,1,,,1,,,1,2,2,2,100,,1,,2,800000,2,,,2,,2,,2,,2,,2,,,2,,,2,,,2,,,2,,,2,,,2,,2,,2,,2,,2,,2,,,.,,,,,,,,,.,12,,,,,,,,,48,,.,48,,,3,8,,2,,2,,,,1,,,1,,,,,,,2,2,2,,,,,2,,,,,,,,,3,15,,2,,,,2,,,,,,,,,,,,,,1,2,1,2,1,1,2,,62,01,1,01,1,0121,800000,27,680.55881379,
5354901,1,1,1,60,2,27,1,1,,,1,,,1,2,2,2,100,,1,,2,800000,2,,,2,,2,,2,,2,,2,,,2,,,2,,,2,,,2,,,2,,,2,,2,,2,,2,,2,,2,,,.,,,,,,,,,.,12,,,,,,,,,50,,.,50,,,2,8,,2,,2,,,,1,,,,,,,,,1,2,2,1,3,24,1,,2,,,,,,,,1,3,12,,2,,,,2,,,,,,,,,,,,,,1,2,1,2,1,1,8,,62,01,1,01,1,0122,800000,27,1278.1004328,
5354903,1,1,1,60,2,27,1,1,,,1,,,1,2,1,2,48,,1,,2,950000,2,,,2,,2,,2,,2,,2,,,2,,,2,,,2,,,2,,,2,,,2,,1,450000,2,,2,,2,,2,,,.,,,,,,,,,.,12,,,,,,,,,48,,.,48,,,3,8,,1,,1,2,1,3,1,1,,,,,,,,,1,2,1,0,60,4,,2,,,,,,,,3,3,5,,2,,,,2,,,,,,,,,,,,,,1,1,1,2,1,1,3,,62,01,1,01,8,0141,950000,27,2080.8671273,
5354905,1,1,1,60,2,27,1,1,,,1,,,1,2,2,2,80,,1,,2,700000,2,,,2,,2,,2,,2,,2,,,2,,,2,,,2,,,2,,,2,,,2,,2,,2,,2,,2,,2,,,.,,,,,,,,,.,12,,,,,,,,,50,,.,50,,,2,8,,2,,2,,,,1,,,,,,,,,1,2,2,2,,,,,2,,,,,,,,,3,15,,2,,,,2,,,,,,,,,,,,,,1,1,1,2,1,1,8,,62,01,1,01,1,0113,700000,27,2080.8671273,
5354906,1,1,1,60,2,27,2,,,,,,,,,,,300,,,,,,,,,,,,,,,,,,,,,,,,,,,,,,,,,,,,,,,,,,,,,,,7,,2,,,2,200000,1,2400000,3,,12,2,,,,,3,9,2,46,,.,46,,,1,8,,2,,2,,,,1,,,,,,,,,1,2,2,2,,,,,2,,,,,,,,,3,12,,2,,,,2,,,,,,,,,,,,,,1,1,1,2,1,1,3,,61,01,1,01,4,0113,200000,27,1197.1777359,
5354907,1,1,1,60,2,27,2,,,,,,,,,,,372,,,,,,,,,,,,,,,,,,,,,,,,,,,,,,,,,,,,,,,,,,,,,,,6,,,,,2,800000,1,9000000,3,,12,2,,,,,3,1,2,50,,.,50,,,1,8,,2,,2,,,,1,,,,,,,,,1,2,2,2,,,,,2,,,,,,,,,3,10,,2,,,,2,,,,,,,,,,,,,,1,1,1,2,1,1,8,,61,01,1,01,4,0111,800000,27,2236.1315366,
5354908,1,1,1,60,2,27,1,2,1,,2,4,CONSTRUCCIONES VIALES S A,1,1,1,1,60,,2,,2,950000,2,,,2,,2,,2,,2,,2,,,1,62000,2,2,,,2,,,2,,,2,,,2,,1,450000,1,450000,2,,2,,2,,,.,,,,,,,,,.,12,,,,,,,,,52,,.,52,,,9,4,,1,,1,2,1,5,1,1,,,,,,,,,1,2,2,,,,,2,,,,,,,,,12,5,,2,,,,2,,,,,,,,,,,,,,1,1,1,2,1,1,3,,98,07,1,01,1,0723,950000,27,1747.1660885,4210
5354909,1,1,1,60,2,27,1,2,1,,1,,,1,1,1,1,84,,2,,2,2100000,2,,,2,,2,,2,,2,,2,,,2,,,2,,,2,,,2,,,2,,,2,,1,1050000,1,1050000,2,,2,,2,,,.,,,,,,,,,.,12,,,,,,,,,50,,.,50,,,8,8,,1,,1,2,1,7,1,1,,,,,,,,,1,2,1,0,24,4,,2,,,,,,,,3,3,15,,2,,,,2,,,,,,,,,,,,,,1,1,1,2,1,1,5,,71,07,1,01,1,0729,2100000,27,1339.1233374,
5354910,1,1,1,60,2,27,1,2,1,,1,,,1,1,1,1,216,,1,,2,1200000,1,400000,2,2,,2,,1,100000,2,,2,,,2,,,2,,,2,,,2,,,2,,,2,,1,600000,1,600000,2,,2,,2,,,.,,,,,,,,,.,12,,,,,,,,,55,,.,55,,,9,10,,1,,1,2,1,18,1,1,,,,,,,,,1,2,2,,,,,2,,,,,,,,,7,4,,2,,,,2,,,,,,,,,,,,,,1,1,1,2,1,1,1,,98,07,1,01,1,0729,1200000,27,680.55881379,
5354995,1,3,1,60,2,27,2,,,,,,,,,,,100,,,,,,,,,,,,,,,,,,,,,,,,,,,,,,,,,,,,,,,,,,,,,,,7,,1,2,,2,300000,1,3600000,3,,12,2,,,,,3,3,2,54,,.,54,,,1,7,,2,,2,,,,1,,,,1,,,,,,2,2,1,0,24,1,,2,,,,,,,,1,3,5,,2,,,,2,,,,,,,,,,,,,,1,1,1,2,1,1,3,,51,56,1,01,4,5613,300000,27,666.18670727,
5354997,1,1,1,60,2,27,2,,,,,,,,,,,360,,,,,,,,,,,,,,,,,,,,,,,,,,,,,,,,,,,,,,,,,,,,,,,7,,2,,,2,950000,1,6000000,3,,12,2,,,,,3,3,2,50,,.,50,,,1,1,,2,,2,,,,1,,,,,,,,,1,2,2,1,0,110,4,,2,,,,,,,,3,14,,,2,,,,2,,,,,,,,,,,,,,1,1,1,2,1,1,3,,84,45,1,01,4,4520,950000,27,1264.0210897,
5354998,1,1,1,60,2,27,2,,,,,,,,,,,60,,,,,,,,,,,,,,,,,,,,,,,,,,,,,,,,,,,,,,,,,,,,,,,7,,1,1,2020,1,1500000,1,12000000,3,,12,2,,,,,3,3,2,60,,.,60,,,1,7,,3,,2,,,,1,,,,,,,,,1,2,2,1,0,28,1,,2,,,,,,,,1,3,2,,2,,,,2,,,,,,,,,,,,,,1,1,1,2,1,1,3,,41,47,1,01,4,4761,1500000,27,666.18670727,
5354999,1,1,1,60,2,27,1,1,,,1,,,1,2,2,2,72,,1,,2,1500000,2,,,2,,2,,2,,2,,2,,,2,,,2,,,2,,,2,,,2,,,2,,2,,2,,2,,2,,2,,,.,,,,,,,,,.,12,,,,,,,,,50,,.,50,,,3,7,,2,,2,,,,1,,,,,,,,,1,2,2,2,,,,,2,,,,,,,,,3,3,,2,,,,2,,,,,,,,,,,,,,1,1,1,2,1,1,3,,77,47,1,01,1,4729,1500000,27,2310.3043106,
5354999,1,2,1,60,2,27,2,,,,,,,,,,,60,,,,,,,,,,,,,,,,,,,,,,,,,,,,,,,,,,,,,,,,,,,,,,,6,,,,,2,850000,1,5400000,3,,12,2,,,,,3,3,2,50,,.,50,,,1,1,,10,,2,,,,1,,,,,,,,,1,2,2,2,,,,,2,,,,,,,,,14,,,2,,,,2,,,,,,,,,,,,,,1,1,1,2,1,1,3,,57,96,1,01,4,9602,850000,27,2310.3043106,
5355001,1,1,1,60,2,27,2,,,,,,,,,,,492,,,,,,,,,,,,,,,,,,,,,,,,,,,,,,,,,,,,,,,,,,,,,,,6,,,,,2,1000000,1,12000000,3,,12,2,,,,,3,1,2,50,,.,50,,,1,7,,2,,2,,,,1,,,,,,,,,1,2,2,2,,,,,2,,,,,,,,,3,1,,2,,,,2,,,,,,,,,,,,,,1,1,1,2,1,1,8,,84,45,1,01,4,4520,1000000,27,788.83533322,
5355001,1,6,1,60,2,27,1,1,,,1,,,1,2,2,2,12,,1,,2,970000,2,,,2,,2,,2,,2,,2,,,2,,,2,,,2,,,2,,,2,,,2,,2,,2,,2,,2,,2,,,.,,,,,,,,,.,12,,,,,,,,,48,,.,48,,,3,7,,2,,2,,,,1,,,,,,,,,1,2,2,2,,,,,2,,,,,,,,,3,1,,2,,,,2,,,,,,,,,,,,,,1,1,1,2,2,1,3,,53,56,1,01,1,5611,970000,27,788.83533322,
5355002,1,1,1,60,2,27,2,,,,,,,,,,,110,,,,,,,,,,,,,,,,,,,,,,,,,,,,,,,,,,,,,,,,,,,,,,,6,,,,,2,300000,1,3300000,3,,12,2,,,,,3,10,2,20,2,,20,,,1,1,,2,,2,,,,1,,,,,,,,,1,2,2,1,5,24,1,,2,,,,,,,,1,14,,,2,,,,1,1,1,1,2,2,2,2,2,2,2,,2,1,2,2,1,2,2,2,3,,94,32,1,01,4,3290,300000,27,789.13498473,
5355002,1,2,1,60,2,27,2,,,,,,,,,,,160,,,,,,,,,,,,,,,,,,,,,,,,,,,,,,,,,,,,,,,,,,,,,,,7,,2,,,2,950000,1,7000000,3,,12,2,,,,,3,10,2,50,,.,50,,,1,7,,2,,2,,,,1,,,,,,,,,1,2,2,1,3,24,1,,2,,,,,,,,1,3,5,,2,,,,2,,,,,,,,,,,,,,1,1,1,2,1,1,3,,84,45,1,01,4,4520,950000,27,789.13498473,
5355003,1,1,1,60,2,27,1,2,1,,1,,,1,1,1,1,260,,5,,2,2600000,2,,,2,,2,,2,,2,,2,,,2,,,2,,,2,,,2,,,2,,,1,1300000,1,2600000,1,1300000,2,,2,,2,,,.,,,,,,,,,.,12,,,,,,,,,40,,.,40,,,9,7,,1,,1,3,1,20,1,1,,,,,,,,,1,2,2,,,,,2,,,,,,,,,3,20,,2,,,,2,,,,,,,,,,,,,,1,1,1,2,1,1,3,,13,85,1,01,2,8530,2600000,27,1558.9931326,
5355004,1,1,1,60,2,27,1,1,,,1,,,1,2,2,2,10,,1,,2,1000000,2,,,2,,2,,2,,2,,2,,,2,,,2,,,2,,,2,,,2,,,2,,2,,2,,2,,2,,2,,,.,,,,,,,,,.,10,,,,,,,,,50,,.,50,,,2,1,,2,,2,,,,1,,,,,,,,,1,2,2,2,,,,,2,,,,,,,,,14,,,2,,,,2,,,,,,,,,,,,,,1,1,1,2,1,1,3,,40,47,1,01,1,4711,1000000,27,1440.9495855,
5355006,1,1,1,60,2,27,1,2,1,,1,,,1,1,1,1,132,,1,,2,970000,2,,,2,,2,,2,,2,,2,,,2,,,2,,,2,,,2,,,2,,,2,,1,485000,1,485000,2,,2,,2,,,.,,,,,,,,,.,12,,,,,,,,,48,,.,48,,,9,7,,1,,1,1,1,13,1,1,,,,,,,,,1,2,2,,,,,2,,,,,,,,,3,1,,2,,,,2,,,,,,,,,,,,,,1,1,1,2,1,1,3,,59,49,1,01,1,4921,970000,27,666.18670727,
5355008,1,2,1,60,2,27,2,,,,,,,,,,,300,,,,,,,,,,,,,,,,,,,,,,,,,,,,,,,,,,,,,,,,,,,,,,,6,,,,,2,900000,1,10800000,3,,12,2,,,,,3,3,2,50,,.,50,,,1,4,,3,,2,,,,1,,,,1,,,,,,2,2,2,,,,,2,,,,,,,,,3,5,,2,,,,2,,,,,,,,,,,,,,1,1,1,2,1,1,2,,98,49,1,01,4,4923,900000,27,789.13498473,
5355009,1,3,1,60,2,27,2,,,,,,,,,,,120,,,,,,,,,,,,,,,,,,,,,,,,,,,,,,,,,,,,,,,,,,,,,,,7,,1,1,2020,2,200000,1,2400000,3,,12,2,,,,,3,3,2,42,,.,42,,,1,4,,2,,2,,,,1,,,,1,,,,,,2,2,1,8,24,4,,2,,,,,,,,3,14,,,2,,,,2,,,,,,,,,,,,,,1,1,1,2,1,1,3,,98,49,1,01,4,4921,200000,27,1871.0300848,
5355074,1,1,1,60,2,52,2,,,,,,,,,,,360,,,,,,,,,,,,,,,,,,,,,,,,,,,,,,,,,,,,,,,,,,,,,,,6,,,,,3,300000,1,3600000,3,,12,2,,,,,2,1,2,32,2,,32,,,1,8,,2,,2,,,,1,,,,,,,,,1,2,2,1,0,60,6,,1,52,16,4,,0,1,8,13,11,60,,2,,,,1,1,2,1,2,2,2,2,2,2,2,,2,1,1,1,1,2,2,1,8,,62,01,1,01,4,0161,300000,52,4626.25938,
5355074,1,3,1,60,2,52,2,,,,,,,,,,,9,,,,,,,,,,,,,,,,,,,,,,,,,,,,,,,,,,,,,,,,,,,,,,,6,,,,,3,100000,1,900000,3,,12,2,,,,,2,1,2,32,2,,32,,,1,8,,2,,2,,,,1,,,,,,,,,1,2,2,1,0,12,2,,2,,,,,,,,13,3,30,,2,,,,1,1,2,1,2,2,2,2,2,2,2,,2,1,2,2,1,2,2,1,8,,62,01,1,01,4,0161,100000,52,4626.25938,
5355075,1,1,1,60,2,52,2,,,,,,,,,,,144,,,,,,,,,,,,,,,,,,,,,,,,,,,,,,,,,,,,,,,,,,,,,,,7,,2,,,2,100000,1,1500000,3,,12,1,2,0,0,2,2,1,2,40,,.,32,1,,2,8,,2,,2,,,,1,,,,,,,,,1,2,2,1,0,36,5,,1,52,8,6,,,2,8,2,3,30,2,2,,,,2,,,,,,,,,,,,,,1,2,1,2,2,1,3,,61,01,1,01,4,0123,100000,52,1858.2885893,
5355075,1,2,1,60,2,52,2,,,,,,,,,,,144,,,,,,,,,,,,,,,,,,,,,,,,,,,,,,,,,,,,,,,,,,,,,,,7,,2,,,2,0,1,300000,3,,12,1,2,0,0,2,2,3,2,25,2,,25,,,2,8,,2,,2,,,,1,,,,,,,,,1,2,2,1,4,36,5,,1,52,4,6,,,2,8,2,3,10,,2,,,,2,,,,,,,,,,,,,,1,1,1,2,2,1,3,,61,01,1,01,4,0123,0,52,1858.2885893,
5355075,1,3,1,60,2,52,1,1,,,1,,,1,2,2,2,6,,1,,2,900000,2,,,2,,2,,2,,2,,2,,,2,,,2,,,2,,,2,,,2,,,2,,2,,2,,2,,2,,2,,,.,,,,,,,,,.,12,,,,,,,,,44,,.,44,,,5,9,,2,,2,,,,1,,,,,,,,,1,2,2,1,0,260,4,,1,52,4,4,,0,1,8,13,11,10,,2,,,,1,1,2,1,2,2,1,2,2,2,2,,2,2,1,1,2,2,2,1,3,,95,42,1,01,1,4210,900000,52,1858.2885893,
5355075,1,4,1,60,2,52,2,,,,,,,,,,,180,,,,,,,,,,,,,,,,,,,,,,,,,,,,,,,,,,,,,,,,,,,,,,,6,,,,,3,60000,1,1500000,1,,12,2,,,,,2,4,2,16,2,,16,,,1,8,,2,,2,,,,1,,,,,,,,,1,2,2,2,,,,,2,,,,,,,,,3,30,,1,30,1,1,1,1,1,1,2,2,2,1,2,2,2,,2,1,1,1,2,1,2,2,9,,61,01,1,01,4,0161,60000,52,1858.2885893,
5355076,1,1,1,60,2,52,2,,,,,,,,,,,72,,,,,,,,,,,,,,,,,,,,,,,,,,,,,,,,,,,,,,,,,,,,,,,7,,2,,,2,50000,1,700000,3,,12,2,,,,,2,3,2,20,2,,14,1,,1,8,,2,,2,,,,1,,,,,,,,,1,2,2,1,1,120,4,,2,,,,,,,,3,3,55,2,2,,,,2,,,,,,,,,,,,,,1,1,1,2,1,1,3,,61,01,1,01,4,0123,50000,52,5219.1282397,
5355076,1,3,1,60,2,52,2,,,,,,,,,,,300,,,,,,,,,,,,,,,,,,,,,,,,,,,,,,,,,,,,,,,,,,,,,,,6,,,,,3,400000,1,4800000,3,,12,2,,,,,2,3,2,40,,.,32,6,,1,8,,2,,2,,,,1,,,,,,,,,1,2,2,1,0,24,6,,1,52,16,4,,0,2,8,13,3,30,2,2,,,,2,,,,,,,,,,,,,,1,1,1,2,1,1,3,,61,01,1,01,4,0161,400000,52,5219.1282397,
5355077,1,1,1,60,2,52,2,,,,,,,,,,,144,,,,,,,,,,,,,,,,,,,,,,,,,,,,,,,,,,,,,,,,,,,,,,,7,,2,,,2,400000,1,4800000,3,,12,1,2,0,0,2,3,3,2,35,2,,35,,,2,1,,2,,2,,,,1,,,,,,,,,1,2,2,2,,,,,1,52,16,6,,,2,1,,14,,,2,,,,2,,,,,,,,,,,,,,1,1,1,2,1,1,8,,41,47,1,01,4,4711,400000,52,4626.25938,
5355077,1,2,1,60,2,52,2,,,,,,,,,,,84,,,,,,,,,,,,,,,,,,,,,,,,,,,,,,,,,,,,,,,,,,,,,,,7,,2,,,2,600000,1,7200000,3,,12,1,1,0,0,1,3,3,2,32,2,,32,,,2,7,,2,,2,,,,1,,,,,,,,,1,2,2,1,0,120,4,,1,52,18,4,,200000,1,8,13,3,5,,2,,,,2,,,,,,,,,,,,,,1,1,1,2,1,1,8,,51,56,1,01,4,5630,800000,52,4626.25938,
5355077,1,3,1,60,2,52,2,,,,,,,,,,,36,,,,,,,,,,,,,,,,,,,,,,,,,,,,,,,,,,,,,,,,,,,,,,,,.,,,,,,,,,.,12,,,,,,,,,14,2,,14,,,2,1,,2,,2,,,,1,,,,,,,,,1,2,2,2,,,,,2,,,,,,,,,14,,,2,,,,2,,,,,,,,,,,,,,1,1,1,2,1,1,3,,45,47,1,01,6,4711,,52,4626.25938,
5355077,1,4,1,60,2,52,2,,,,,,,,,,,12,,,,,,,,,,,,,,,,,,,,,,,,,,,,,,,,,,,,,,,,,,,,,,,,.,,,,,,,,,.,12,,,,,,,,,14,2,,14,,,2,1,,2,,,,,,1,,,,,,,,,1,2,2,2,,,,,2,,,,,,,,,14,,,2,,,,2,,,,,,,,,,,,,,1,1,1,2,1,1,3,,45,47,1,01,6,4711,,52,4626.25938,
5355078,1,2,1,60,2,52,2,,,,,,,,,,,120,,,,,,,,,,,,,,,,,,,,,,,,,,,,,,,,,,,,,,,,,,,,,,,7,,2,,,2,280000,1,4000000,3,,12,1,1,0,1,0,2,1,1,24,2,,24,,,2,8,,2,,2,,,,1,,,,1,,,,,,2,2,1,0,12,6,,2,,,,,,,,13,11,10,,1,20,2,1,2,,,,,,,,,,,,,,2,2,2,2,2,1,8,,61,01,1,01,4,0141,280000,52,4375.128225,
5355078,1,3,1,60,2,52,2,,,,,,,,,,,86,,,,,,,,,,,,,,,,,,,,,,,,,,,,,,,,,,,,,,,,,,,,,,,7,,2,,,2,200000,1,2200000,3,,12,1,1,0,1,0,2,10,1,24,2,,24,,,2,8,,2,,2,,,,1,,,,,,,,,1,2,2,2,,,,,2,,,,,,,,,11,10,,1,20,2,1,1,1,1,1,2,2,2,2,1,1,2,,2,1,2,2,2,2,2,1,8,,61,01,1,01,4,0141,200000,52,4375.128225,
5355079,1,1,1,60,2,52,1,1,,,1,,,1,2,2,2,0,,1,,2,700000,2,,,2,,2,,2,,2,,2,,,2,,,2,,,2,,,2,,,2,,,2,,2,,2,,2,,2,,2,,,.,,,,,,,,,.,12,,,,,,,,,44,,.,44,,,5,9,,2,,2,,,,1,,,,,,,,,1,2,2,1,0,360,4,,2,,,,,,,,8,12,15,,2,,,,2,,,,,,,,,,,,,,1,1,1,2,1,1,3,,95,41,1,01,1,4111,700000,52,3565.185892,
5355079,1,3,1,60,2,52,2,,,,,,,,,,,12,,,,,,,,,,,,,,,,,,,,,,,,,,,,,,,,,,,,,,,,,,,,,,,6,,,,,3,240000,1,2880000,3,,12,2,,,,,2,1,2,24,1,,16,6,,1,8,,2,,2,,,,1,,,,,,,,,1,2,2,1,0,24,1,,2,,,,,,,,7,3,30,2,1,40,1,1,1,1,1,1,2,1,2,2,1,1,2,,1,1,1,2,2,2,2,1,3,,61,01,1,01,4,0161,240000,52,3565.185892,
5355080,1,2,1,60,2,52,2,,,,,,,,,,,540,,,,,,,,,,,,,,,,,,,,,,,,,,,,,,,,,,,,,,,,,,,,,,,6,,,,,3,150000,1,1500000,3,,12,2,,,,,2,5,2,32,2,,32,,,1,8,,2,,2,,,,1,,,,,,,,,1,2,2,2,,,,,2,,,,,,,,,3,45,,2,,,,2,,,,,,,,,,,,,,1,1,1,2,2,1,8,,61,01,1,01,4,0161,150000,52,5943.0670511,
5355080,1,3,1,60,2,52,1,1,,,1,,,2,2,2,2,1,,1,,2,150000,2,,,2,,2,,2,,2,,2,,,2,,,2,,,2,,,2,,,2,,,2,,2,,2,,2,,2,,2,,,.,,,,,,,,,.,6,,,,,,,,,48,,.,48,,,2,7,,2,,2,,,,1,,,,,,,,,1,2,2,1,6,60,1,,2,,,,,,,,13,12,40,,2,,,,1,1,2,1,2,1,2,2,2,2,2,,2,1,1,2,1,2,2,1,8,,57,96,1,01,1,9602,150000,52,5943.0670511,
5355080,1,4,1,60,2,52,2,,,,,,,,,,,216,,,,,,,,,,,,,,,,,,,,,,,,,,,,,,,,,,,,,,,,,,,,,,,6,,,,,3,100000,1,1500000,3,,12,2,,,,,2,1,2,24,2,,24,,,1,8,,2,,2,,,,1,,,,,,,,,1,2,2,2,,,,,2,,,,,,,,,3,45,,2,,,,1,1,2,1,2,2,2,2,1,1,2,,2,1,1,1,1,2,2,1,8,,61,01,1,01,4,0161,100000,52,5943.0670511,
5355081,1,1,1,60,2,52,2,,,,,,,,,,,480,,,,,,,,,,,,,,,,,,,,,,,,,,,,,,,,,,,,,,,,,,,,,,,6,,,,,3,100000,1,1200000,3,,12,2,,,,,2,1,1,24,1,,24,,,1,8,,2,,2,,,,1,,,,,,,,,1,2,2,2,,,,,2,,,,,,,,,3,60,,1,25,1,1,1,1,1,1,2,2,2,2,1,2,2,,2,1,2,2,2,2,2,1,8,,62,01,1,01,4,0161,100000,52,3565.185892,
5355081,1,2,1,60,2,52,2,,,,,,,,,,,396,,,,,,,,,,,,,,,,,,,,,,,,,,,,,,,,,,,,,,,,,,,,,,,6,,,,,3,60000,1,600000,3,,12,2,,,,,2,10,2,8,1,,16,,,1,8,,2,,2,,,,1,,,,,,,,,1,2,2,2,,,,,2,,,,,,,,,3,30,,1,20,2,1,1,1,2,1,2,1,2,2,1,1,2,,2,2,1,2,2,2,2,2,8,,62,01,1,01,4,0161,60000,52,3565.185892,
5355082,1,1,1,60,2,52,2,,,,,,,,,,,240,,,,,,,,,,,,,,,,,,,,,,,,,,,,,,,,,,,,,,,,,,,,,,,6,,,,,3,400000,1,4800000,3,,12,2,,,,,2,3,2,32,2,,32,,,1,8,,2,,2,,,,1,,,,,,,,,1,2,2,1,0,12,6,,1,52,12,4,,0,1,8,13,3,30,,2,,,,2,,,,,,,,,,,,,,1,1,1,2,1,1,3,,62,01,1,01,4,0161,400000,52,1858.2885893,
5355083,1,1,1,60,2,52,2,,,,,,,,,,,1,,,,,,,,,,,,,,,,,,,,,,,,,,,,,,,,,,,,,,,,,,,,,,,6,,,,,3,50000,1,50000,1,,3,2,,,,,2,1,2,14,2,,14,,,1,1,,2,,2,,,,1,,,,,,,,,1,2,2,1,9,18,3,,2,,,,,,,,11,14,,,1,10,2,1,1,1,1,1,2,1,2,2,1,2,2,,1,1,2,1,2,2,2,2,3,,77,10,1,01,4,1011,50000,52,1858.2885893,
5355084,1,1,1,60,2,52,2,,,,,,,,,,,180,,,,,,,,,,,,,,,,,,,,,,,,,,,,,,,,,,,,,,,,,,,,,,,6,,,,,3,100000,1,1200000,3,,12,2,,,,,2,1,2,35,1,,18,6,,1,6,,2,,2,,,,1,,,,,,,,,1,2,2,1,0,24,4,,2,,,,,,,,2,3,15,1,1,32,1,1,1,1,2,1,2,2,2,2,1,1,2,,1,1,2,2,2,2,2,1,8,,97,52,1,01,4,5224,100000,52,5572.4326479,
5355085,1,2,1,60,2,52,2,,,,,,,,,,,1,,,,,,,,,,,,,,,,,,,,,,,,,,,,,,,,,,,,,,,,,,,,,,,6,,,,,3,300000,1,300000,3,,12,2,,,,,2,3,2,40,,.,40,,,1,8,,2,,2,,,,1,,,,,,,,,1,2,2,1,0,36,4,,2,,,,,,,,13,3,30,,2,,,,2,,,,,,,,,,,,,,1,1,1,2,1,1,3,,62,01,1,01,4,0161,300000,52,4045.8527019,
5355086,1,1,1,60,2,52,2,,,,,,,,,,,180,,,,,,,,,,,,,,,,,,,,,,,,,,,,,,,,,,,,,,,,,,,,,,,6,,,,,3,450000,1,4800000,3,,12,2,,,,,2,1,1,40,,.,40,,,1,8,,2,,2,,,,1,,,,,,,,,1,2,2,1,0,36,6,,2,,,,,,,,13,11,15,,2,,,,1,1,2,1,2,2,2,2,2,2,2,,2,1,1,1,1,2,2,1,8,,97,01,1,01,4,0161,450000,52,1898.3787341,
5355086,1,2,1,60,2,52,1,1,,,1,,,1,2,2,2,4,,1,,2,120000,2,,,1,75000,2,,2,,2,,2,,,2,,,2,,,2,,,2,,,2,,,2,,2,,2,,2,,2,,2,,,.,,,,,,,,,.,7,,,,,,,,,12,1,,12,,,2,6,,2,,2,,,,1,,,,,,,,,1,2,2,1,5,8,1,,2,,,,,,,,13,11,15,,1,35,2,1,1,1,2,1,2,1,2,2,2,2,2,,2,1,2,2,2,2,2,1,3,,45,56,1,01,1,5619,195000,52,1898.3787341,
5355087,1,1,1,60,2,52,2,,,,,,,,,,,204,,,,,,,,,,,,,,,,,,,,,,,,,,,,,,,,,,,,,,,,,,,,,,,6,,,,,3,160000,1,2000000,3,,12,2,,,,,2,1,2,40,,.,0,1,,1,8,,2,,2,,,,1,,,,,,,,,1,2,2,1,0,144,8,,2,,,,,,,,2,3,45,2,1,10,2,1,2,,,,,,,,,,,,,,1,2,2,2,2,2,8,,62,01,1,01,4,0161,160000,52,2121.9863631,
5355087,1,2,1,60,2,52,2,,,,,,,,,,,120,,,,,,,,,,,,,,,,,,,,,,,,,,,,,,,,,,,,,,,,,,,,,,,6,,,,,3,60000,1,720000,3,,12,2,,,,,2,1,1,5,1,,5,,,1,1,,2,,2,,,,1,,,,,,,,,1,2,2,1,84,180,3,,2,,,,,,,,1,14,,,2,,,,1,1,2,1,2,2,2,1,1,1,2,,2,1,1,2,2,2,1,1,9,,56,96,1,01,4,9601,60000,52,2121.9863631,
5355088,1,1,1,60,2,52,2,,,,,,,,,,,60,,,,,,,,,,,,,,,,,,,,,,,,,,,,,,,,,,,,,,,,,,,,,,,6,,,,,2,800000,1,9600000,3,,12,2,,,,,3,5,1,42,,.,42,,,1,8,,2,,2,,,,1,,,,,,,,,1,2,2,1,0,240,4,,2,,,,,,,,11,3,5,,2,,,,1,1,2,1,2,2,2,2,1,1,2,,2,1,1,1,1,2,1,1,8,,61,01,1,01,4,0145,800000,52,1957.9735676,
5355090,1,1,1,60,2,52,1,1,,,1,,,1,2,2,2,60,,1,,2,800000,2,,,2,,2,,2,,2,,2,,,2,,,2,,,2,,,2,,,2,,,2,,2,,2,,2,,2,,2,,,.,,,,,,,,,.,12,,,,,,,,,56,,.,56,,,2,8,,2,,2,,,,1,,,,,,,,,1,2,2,1,0,96,1,,2,,,,,,,,13,11,60,,2,,,,2,,,,,,,,,,,,,,1,1,1,2,1,1,8,,60,01,1,01,8,0141,800000,52,5804.456313,
5355091,1,1,1,60,2,52,1,2,2,6,1,,,1,2,2,2,240,,,,,,,,,,,,,,,,,,,,,,,,,,,,,,,,,,,,,,,,,,,,,,,1,,,,,3,877803,1,10533636,3,,12,2,,,,,1,3,2,44,,.,44,,,9,7,,1,,1,2,2,20,1,1,,,,,,,,,1,2,1,0,120,4,,1,52,10,4,,0,2,8,3,11,15,,2,,,,2,,,,,,,,,,,,,,1,1,1,2,1,1,5,,33,86,1,01,4,8610,877803,52,5462.4002412,
5355091,1,2,1,60,2,52,2,,,,,,,,,,,60,,,,,,,,,,,,,,,,,,,,,,,,,,,,,,,,,,,,,,,,,,,,,,,,.,,,,,,,,,.,12,,,,,,,,,20,2,,20,,,2,8,,2,,2,,,,1,,,,,,,,,1,2,2,1,96,1,4,,2,,,,,,,,1,3,5,,2,,,,2,,,,,,,,,,,,,,1,2,1,2,1,1,3,,62,01,1,01,6,0144,,52,5462.4002412,
5355091,1,5,1,60,2,52,2,,,,,,,,,,,12,,,,,,,,,,,,,,,,,,,,,,,,,,,,,,,,,,,,,,,,,,,,,,,,.,,,,,,,,,.,12,,,,,,,,,10,2,,10,,,2,8,,1,,3,,,,,.,,,,,,,,,2,2,1,1,240,1,,2,,,,,,,,4,3,10,,2,,,,2,,,,,,,,,,,,,,1,2,1,2,1,1,3,,62,01,1,01,6,0144,,52,5462.4002412,
5355092,1,1,1,60,2,52,1,1,,,1,,,1,2,2,2,96,,1,,2,300000,2,,,1,100000,2,,2,,2,,2,,,2,,,2,,,2,,,2,,,2,,,2,,2,,2,,2,,2,,2,,,.,,,,,,,,,.,12,,,,,,,,,50,,.,50,,,1,2,,2,,2,,,,1,,,,,,,,,1,2,2,1,0,60,4,,2,,,,,,,,3,3,60,,2,,,,2,,,,,,,,,,,,,,1,1,1,2,1,1,3,,54,97,1,01,3,9700,400000,52,4435.5945949,
5355092,1,2,1,60,2,52,1,1,,,1,,,1,2,2,2,0,,1,,2,200000,2,,,2,,2,,2,,2,,2,,,2,,,2,,,2,,,2,,,2,,,2,,2,,2,,2,,2,,2,,,.,,,,,,,,,.,10,,,,,,,,,40,,.,40,,,5,7,,2,,2,,,,1,,,,,,,,,1,2,2,1,2,12,1,,2,,,,,,,,3,11,10,,2,,,,2,,,,,,,,,,,,,,1,1,1,2,1,1,3,,80,15,1,01,1,1522,200000,52,4435.5945949,
5355092,1,3,1,60,2,52,1,1,,,1,,,1,2,2,2,24,,1,,2,300000,2,,,2,,2,,2,,2,,2,,,2,,,2,,,2,,,2,,,2,,,2,,2,,2,,1,2400000,2,,2,,,.,,,,,,,,,.,12,,,,,,,,,48,,.,48,,,6,4,,2,,2,,,,1,,,,,,,,,1,2,2,1,1,60,1,,2,,,,,,,,3,11,10,,2,,,,2,,,,,,,,,,,,,,1,1,1,2,1,1,3,,98,15,1,01,1,1522,300000,52,4435.5945949,
5355092,2,2,2,60,2,52,1,1,,,1,,,2,2,2,2,24,,1,,2,400000,2,,,2,,2,,2,,2,,2,,,2,,,2,,,2,,,2,,,2,,,2,,2,,2,,2,,2,,2,,,.,,,,,,,,,.,12,,,,,,,,,40,,.,24,6,,5,7,,2,,2,,,,1,,,,,,,,,1,2,2,1,12,36,1,,2,,,,,,,,3,11,30,1,2,,,,1,1,1,1,2,2,2,2,2,2,2,,1,1,1,2,1,2,1,1,3,,39,15,1,01,1,1522,400000,52,4435.5945949,
5355093,1,1,1,60,2,52,2,,,,,,,,,,,520,,,,,,,,,,,,,,,,,,,,,,,,,,,,,,,,,,,,,,,,,,,,,,,7,,2,,,2,117000,1,6000000,3,,12,2,,,,,2,3,2,16,2,,16,,,1,8,,1,,2,,,,1,,,,,,,,,1,2,2,1,0,120,1,,2,,,,,,,,10,3,20,,2,,,,2,,,,,,,,,,,,,,1,2,1,2,2,1,8,,61,01,1,01,4,0123,117000,52,1858.2885893,
5355094,1,1,1,60,2,52,2,,,,,,,,,,,240,,,,,,,,,,,,,,,,,,,,,,,,,,,,,,,,,,,,,,,,,,,,,,,6,,,,,3,400000,1,4800000,3,,12,2,,,,,2,3,2,32,2,,32,,,1,8,,2,,2,,,,1,,,,,,,,,1,2,2,1,0,24,6,,1,52,16,4,,0,2,8,13,3,20,,2,,,,2,,,,,,,,,,,,,,1,1,1,2,1,1,3,,62,01,1,01,4,0161,400000,52,4626.25938,
5355094,1,2,1,60,2,52,2,,,,,,,,,,,1,,,,,,,,,,,,,,,,,,,,,,,,,,,,,,,,,,,,,,,,,,,,,,,6,,,,,3,56000,1,112000,2,,2,2,,,,,2,3,2,16,2,,16,,,1,8,,2,,2,,,,1,,,,,,,,,1,2,2,1,7,1,4,,1,52,6,6,,,2,8,1,3,20,,2,,,,2,,,,,,,,,,,,,,1,1,1,2,1,1,3,,62,01,1,01,4,0161,56000,52,4626.25938,
5355096,1,1,1,60,2,52,2,,,,,,,,,,,360,,,,,,,,,,,,,,,,,,,,,,,,,,,,,,,,,,,,,,,,,,,,,,,6,,,,,3,150000,1,1500000,1,,12,2,,,,,2,1,2,16,1,,16,,,1,8,,2,,2,,,,1,,,,,,,,,1,2,2,1,0,36,3,,2,,,,,,,,1,3,10,,1,30,2,1,2,,,,,,,,,,,,,,1,2,2,2,2,1,9,,61,01,1,01,4,0161,150000,52,1858.2885893,
5355096,1,2,1,60,2,52,2,,,,,,,,,,,84,,,,,,,,,,,,,,,,,,,,,,,,,,,,,,,,,,,,,,,,,,,,,,,6,,,,,3,100000,1,1000000,1,,12,2,,,,,2,1,1,21,1,,28,,,1,8,,2,,2,,,,1,,,,,,,,,1,2,2,2,,,,,2,,,,,,,,,3,30,,1,30,2,1,1,1,1,1,2,2,2,2,1,1,2,,2,2,1,2,2,2,2,2,8,,61,01,1,01,4,0161,100000,52,1858.2885893,
5355096,1,4,1,60,2,52,2,,,,,,,,,,,312,,,,,,,,,,,,,,,,,,,,,,,,,,,,,,,,,,,,,,,,,,,,,,,6,,,,,3,100000,1,1900000,3,,12,2,,,,,2,10,2,16,2,,16,,,1,8,,2,,2,,,,1,,,,,,,,,1,2,2,2,,,,,2,,,,,,,,,3,30,,1,20,1,1,1,1,1,1,2,2,2,2,1,1,2,,2,2,1,2,2,2,2,1,8,,61,01,1,01,4,0161,100000,52,1858.2885893,
5355097,1,1,1,60,2,52,2,,,,,,,,,,,300,,,,,,,,,,,,,,,,,,,,,,,,,,,,,,,,,,,,,,,,,,,,,,,6,,,,,3,200000,1,2600000,3,,12,2,,,,,2,10,2,32,1,,32,,,1,8,,2,,2,,,,1,,,,,,,,,1,2,2,1,0,24,6,,2,,,,,,,,13,3,15,,1,24,2,1,1,1,2,1,2,2,2,2,1,1,2,,2,1,1,2,2,2,2,1,8,,61,01,1,01,4,0161,200000,52,4873.6169163,
5355098,1,2,1,60,2,52,2,,,,,,,,,,,60,,,,,,,,,,,,,,,,,,,,,,,,,,,,,,,,,,,,,,,,,,,,,,,7,,2,,,2,,1,98,3,,12,1,1,0,0,1,2,5,2,32,2,,16,1,,2,8,,2,,2,,,,1,,,,,,,,,1,2,2,1,0,60,4,,2,,,,,,,,11,3,3,2,2,,,,2,,,,,,,,,,,,,,1,1,1,2,1,1,3,,61,01,1,01,4,0123,,52,5263.0798319,
5355098,1,5,1,60,2,52,2,,,,,,,,,,,180,,,,,,,,,,,,,,,,,,,,,,,,,,,,,,,,,,,,,,,,,,,,,,,7,,2,,,2,125000,1,1500000,3,,12,2,,,,,2,3,2,40,,.,40,,,1,8,,2,,2,,,,1,,,,,,,,,1,2,2,1,0,12,4,,2,,,,,,,,10,3,10,,2,,,,2,,,,,,,,,,,,,,1,1,1,2,1,1,3,,61,01,1,01,4,0123,125000,52,5263.0798319,
5355098,1,6,1,60,2,52,2,,,,,,,,,,,60,,,,,,,,,,,,,,,,,,,,,,,,,,,,,,,,,,,,,,,,,,,,,,,,.,,,,,,,,,.,12,,,,,,,,,8,2,,8,,,2,8,,2,,2,,,,1,,,,,,,,,1,2,2,1,12,2,4,,2,,,,,,,,13,3,3,,2,,,,1,1,1,1,2,2,2,2,2,2,2,,1,1,1,2,1,2,1,1,3,,62,01,1,01,6,0123,,52,5263.0798319,
5355099,1,1,1,60,2,52,2,,,,,,,,,,,468,,,,,,,,,,,,,,,,,,,,,,,,,,,,,,,,,,,,,,,,,,,,,,,6,,,,,3,300000,1,3000000,3,,12,2,,,,,2,5,1,32,1,,24,6,,1,8,,2,,2,,,,1,,,,,,,,,1,2,2,2,,,,,2,,,,,,,,,3,30,2,1,20,2,1,2,,,,,,,,,,,,,,1,2,2,2,2,1,9,,62,01,1,01,4,0161,300000,52,1858.2885893,
5355099,1,2,1,60,2,52,2,,,,,,,,,,,420,,,,,,,,,,,,,,,,,,,,,,,,,,,,,,,,,,,,,,,,,,,,,,,6,,,,,3,100000,1,1000000,2,,12,2,,,,,2,1,2,16,2,,20,,,1,8,,2,,2,,,,1,,,,,,,,,1,2,2,2,,,,,2,,,,,,,,,3,30,,1,8,2,1,2,,,,,,,,,,,,,,1,2,1,2,2,1,8,,62,01,1,01,4,0161,100000,52,1858.2885893,
5355099,1,3,1,60,2,52,1,2,2,12,1,,,2,2,2,2,12,,,,,,,,,,,,,,,,,,,,,,,,,,,,,,,,,,,,,,,,,,,,,,,1,,,,,3,1700000,1,20400000,3,,12,2,,,,,1,1,1,40,,.,40,,,9,7,,1,,1,2,2,1,1,1,,,,,,,,,1,2,1,52,2,4,,2,,,,,,,,7,12,20,,2,,,,1,1,1,1,2,2,2,2,2,2,2,,2,1,1,1,1,2,2,1,8,,19,84,1,01,4,8412,1700000,52,1858.2885893,
5355100,1,1,1,60,2,52,2,,,,,,,,,,,240,,,,,,,,,,,,,,,,,,,,,,,,,,,,,,,,,,,,,,,,,,,,,,,6,,,,,3,300000,1,2500000,3,,12,2,,,,,2,8,1,28,1,,24,6,,1,8,,2,,2,,,,1,,,,,,,,,1,2,2,2,,,,,2,,,,,,,,,11,20,2,1,20,1,1,1,1,1,1,2,2,2,1,1,1,2,,2,1,1,2,2,2,2,1,8,,61,01,1,01,4,0123,300000,52,4626.25938,
5355100,1,2,1,60,2,52,2,,,,,,,,,,,6,,,,,,,,,,,,,,,,,,,,,,,,,,,,,,,,,,,,,,,,,,,,,,,6,,,,,2,80000,1,650000,1,,6,2,,,,,3,1,1,10,1,,10,,,1,1,,2,,2,,,,1,,,,,,,,,1,2,2,1,6,18,4,,2,,,,,,,,1,14,,,1,35,2,1,1,1,1,1,2,1,2,2,1,2,2,,2,2,2,2,2,2,2,1,8,,77,56,1,01,4,5619,80000,52,4626.25938,
5355101,1,2,1,60,2,52,2,,,,,,,,,,,360,,,,,,,,,,,,,,,,,,,,,,,,,,,,,,,,,,,,,,,,,,,,,,,7,,2,,,2,800000,1,10000000,3,,12,2,,,,,2,3,2,32,2,,32,,,1,8,,2,,2,,,,1,,,,,,,,,1,2,2,1,0,60,4,,2,,,,,,,,3,3,10,,2,,,,2,,,,,,,,,,,,,,1,1,1,2,1,1,3,,61,01,1,01,4,0123,800000,52,1858.2885893,
5355101,1,3,1,60,2,52,2,,,,,,,,,,,240,,,,,,,,,,,,,,,,,,,,,,,,,,,,,,,,,,,,,,,,,,,,,,,7,,2,,,2,200000,1,2400000,3,,12,2,,,,,3,3,2,70,,.,70,,,1,1,,2,,2,,,,1,,,,,,,,,1,2,2,1,0,1,4,,2,,,,,,,,3,14,,,2,,,,2,,,,,,,,,,,,,,1,1,1,2,1,1,3,,41,47,1,01,4,4711,200000,52,1858.2885893,
5355102,1,1,1,60,2,52,2,,,,,,,,,,,540,,,,,,,,,,,,,,,,,,,,,,,,,,,,,,,,,,,,,,,,,,,,,,,6,,,,,3,300000,1,3600000,3,,12,2,,,,,2,10,1,28,1,,28,,,1,8,,2,,2,,,,1,,,,,,,,,1,2,2,1,0,24,6,,1,52,16,4,,0,1,8,13,3,60,,1,28,1,1,1,1,2,1,2,2,2,2,1,1,2,,2,1,2,2,2,2,2,1,8,,61,01,1,01,4,0123,300000,52,2036.9894722,
5355102,1,3,1,60,2,52,2,,,,,,,,,,,240,,,,,,,,,,,,,,,,,,,,,,,,,,,,,,,,,,,,,,,,,,,,,,,6,,,,,3,250000,1,2500000,3,,12,2,,,,,2,1,2,32,1,,18,6,,1,8,,2,,2,,,,1,,,,,,,,,1,2,2,2,,,,,2,,,,,,,,,3,30,1,1,21,1,1,1,1,2,1,2,2,2,2,1,1,2,,1,1,2,2,2,2,2,1,3,,61,01,1,01,4,0123,250000,52,2036.9894722,
5355102,1,4,1,60,2,52,2,,,,,,,,,,,180,,,,,,,,,,,,,,,,,,,,,,,,,,,,,,,,,,,,,,,,,,,,,,,6,,,,,3,250000,1,2500000,3,,12,2,,,,,2,1,2,28,1,,18,6,,1,8,,2,,2,,,,1,,,,,,,,,1,2,2,2,,,,,2,,,,,,,,,3,60,1,1,28,1,1,1,1,1,1,2,2,2,2,1,1,2,,1,1,2,2,2,2,2,1,3,,61,01,1,01,4,0121,250000,52,2036.9894722,
5355103,1,1,1,60,2,52,2,,,,,,,,,,,648,,,,,,,,,,,,,,,,,,,,,,,,,,,,,,,,,,,,,,,,,,,,,,,6,,,,,3,200000,1,3000000,3,,12,2,,,,,2,3,1,28,1,,24,6,,1,8,,2,,2,,,,1,,,,,,,,,1,2,2,2,,,,,1,52,5,4,,20000,2,8,,3,40,1,1,20,1,1,2,,,,,,,,,,,,,,1,2,2,2,2,1,8,,61,01,1,01,4,0161,220000,52,1858.2885893,
5355104,1,1,1,60,2,52,2,,,,,,,,,,,480,,,,,,,,,,,,,,,,,,,,,,,,,,,,,,,,,,,,,,,,,,,,,,,7,,2,,,2,350000,1,9000000,3,,12,1,3,1,0,2,2,3,2,40,,.,40,,,3,8,,2,,2,,,,1,,,,,,,,,1,2,2,1,0,300,4,,2,,,,,,,,3,3,10,,2,,,,2,,,,,,,,,,,,,,1,1,1,1,1,1,3,,61,01,1,01,5,0123,350000,52,1858.2885893,
5355104,1,4,1,60,2,52,2,,,,,,,,,,,216,,,,,,,,,,,,,,,,,,,,,,,,,,,,,,,,,,,,,,,,,,,,,,,6,,,,,3,70000,1,840000,3,,12,2,,,,,2,3,2,16,2,,16,,,1,8,,2,,2,,,,1,,,,,,,,,1,2,2,1,0,24,6,,1,52,16,6,,,2,8,13,3,20,,1,30,1,1,2,,,,,,,,,,,,,,1,1,1,2,1,1,3,,61,01,1,01,4,0161,70000,52,1858.2885893,
5355104,1,5,1,60,2,52,2,,,,,,,,,,,13,,,,,,,,,,,,,,,,,,,,,,,,,,,,,,,,,,,,,,,,,,,,,,,6,,,,,3,66000,1,792000,3,,12,2,,,,,2,3,2,16,2,,16,,,1,8,,2,,2,,,,1,,,,,,,,,1,2,2,1,0,6,3,,1,52,16,6,,,2,8,1,3,10,,2,,,,2,,,,,,,,,,,,,,1,1,1,2,1,1,3,,61,01,1,01,4,0161,66000,52,1858.2885893,
5355105,1,1,1,60,2,52,1,1,,,1,,,1,2,2,2,24,,1,,2,560000,2,,,2,,1,100000,2,,2,,2,,,2,,,2,,,2,,,2,,,2,,,2,,2,,2,,2,,2,,2,,,.,,,,,,,,,.,12,,,,,,,,,45,,.,45,,,2,8,,2,,2,,,,1,,,,,,,,,1,2,2,1,0,120,4,,2,,,,,,,,9,3,10,,2,,,,2,,,,,,,,,,,,,,1,1,1,2,1,1,8,,60,01,1,01,8,0123,660000,52,7433.1543573,
5355198,1,3,1,60,2,70,2,,,,,,,,,,,72,,,,,,,,,,,,,,,,,,,,,,,,,,,,,,,,,,,,,,,,,,,,,,,6,,,,,3,450000,1,5000000,3,,12,2,,,,,3,1,2,40,,.,40,,,1,8,,2,,2,,,,1,,,,,,,,,1,2,2,2,,,,,2,,,,,,,,,3,16,,2,,,,2,,,,,,,,,,,,,,1,1,1,2,1,1,5,,62,01,1,01,4,0161,450000,70,2190.8307823,
5355198,1,4,1,60,2,70,2,,,,,,,,,,,48,,,,,,,,,,,,,,,,,,,,,,,,,,,,,,,,,,,,,,,,,,,,,,,6,,,,,3,350000,1,4000000,3,,12,2,,,,,3,3,2,40,,.,24,6,,1,8,,2,,2,,,,1,,,,,,,,,1,2,2,2,,,,,2,,,,,,,,,3,24,2,2,,,,2,,,,,,,,,,,,,,1,2,1,2,2,1,5,,62,01,1,01,4,0161,350000,70,2190.8307823,
5355199,1,1,1,60,2,70,1,1,,,1,,,1,2,2,2,48,,1,,2,300000,2,,,1,230000,1,50000,2,,2,,2,,,2,,,2,,,2,,,2,,,2,,,2,,2,,2,,2,,2,,2,,,.,,,,,,,,,.,12,,,,,,,,,48,,.,48,,,2,8,,2,,2,,,,1,,,,,,1,,,,2,2,1,0,24,1,,2,,,,,,,,5,14,,,2,,,,1,1,1,1,2,2,2,2,1,2,2,,1,1,2,2,1,2,2,1,5,,62,01,1,01,8,0141,580000,70,1914.9152705,
5355200,1,1,1,60,2,70,1,1,,,1,,,1,2,2,2,2,,1,,2,300000,2,,,1,200000,1,80000,2,,2,,2,,,2,,,2,,,2,,,2,,,2,,,2,,2,,2,,2,,2,,2,,,.,,,,,,,,,.,12,,,,,,,,,49,,.,49,,,2,8,,2,,2,,,,1,,,,,,,,,1,2,2,1,0,34,4,,1,70,12,4,,120000,1,8,3,14,,,2,,,,2,,,,,,,,,,,,,,1,2,1,2,2,1,3,,62,01,1,01,8,0141,700000,70,1638.8129559,
5355201,1,1,1,60,2,70,1,1,,,1,,,1,1,2,1,264,,1,,2,450000,2,,,1,140000,1,120000,2,,2,,2,,,2,,,2,,,2,,,2,,,2,,,1,400000,2,,1,200000,2,,2,,2,,,.,,,,,,,,,.,12,,,,,,,,,48,,.,48,,,2,8,,2,,2,,,,1,,,,,,,,,1,2,2,1,0,12,4,,2,,,,,,,,1,14,,,2,,,,2,,,,,,,,,,,,,,1,1,1,2,1,1,5,,58,01,1,01,8,0141,710000,70,1914.9152705,
5355202,1,1,1,60,2,70,1,1,,,1,,,1,2,2,2,7,,1,,2,400000,2,,,1,250000,1,100000,2,,2,,2,,,2,,,2,,,2,,,2,,,2,,,2,,2,,2,,2,,2,,2,,,.,,,,,,,,,.,12,,,,,,,,,49,,.,49,,,2,8,,2,,2,,,,1,,,,,,1,,,,2,2,1,0,12,1,,2,,,,,,,,1,14,,,2,,,,1,1,1,1,2,2,2,2,2,2,2,,2,1,2,2,1,2,1,1,8,,62,01,1,01,8,0141,750000,70,1469.9514252,
5355204,1,1,1,60,2,70,1,1,,,1,,,2,2,2,2,5,,1,,2,300000,2,,,1,200000,1,70000,2,,2,,2,,,2,,,2,,,2,,,2,,,2,,,2,,2,,2,,2,,2,,2,,,.,,,,,,,,,.,12,,,,,,,,,46,,.,46,,,2,8,,2,,2,,,,1,,,,,,,,,1,2,2,1,0,4,4,,2,,,,,,,,3,14,,,2,,,,1,1,2,1,2,2,2,2,1,2,2,,2,1,2,2,1,2,2,1,5,,62,01,1,01,8,0141,570000,70,2391.2248912,
5355205,1,1,1,60,2,70,1,1,,,1,,,1,1,2,1,48,,1,,2,250000,2,,,1,250000,1,50000,2,,2,,2,,,2,,,2,,,2,,,2,,,2,,,1,250000,2,,1,125000,2,,2,,2,,,.,,,,,,,,,.,12,,,,,,,,,46,,.,46,,,2,8,,2,,2,,,,1,,,,,,,,,1,2,2,1,0,60,4,,2,,,,,,,,3,14,,,2,,,,1,1,1,1,2,2,2,2,1,2,2,,1,1,2,2,1,2,2,1,5,,58,01,1,01,8,0141,550000,70,2074.8631746,
5355206,1,1,1,60,2,70,1,1,,,1,,,1,2,2,2,20,,1,,2,500000,2,,,1,280000,1,40000,2,,2,,2,,,2,,,2,,,2,,,2,,,2,,,2,,2,,2,,2,,2,,2,,,.,,,,,,,,,.,12,,,,,,,,,48,,.,48,,,2,8,,2,,2,,,,1,,,,,,,,,1,2,2,1,0,2,4,,2,,,,,,,,3,14,,,2,,,,2,,,,,,,,,,,,,,1,2,1,2,2,1,8,,62,01,1,01,8,0141,820000,70,1284.1742582,
5355207,1,1,1,60,2,70,2,,,,,,,,,,,18,,,,,,,,,,,,,,,,,,,,,,,,,,,,,,,,,,,,,,,,,,,,,,,6,,,,,3,250000,1,3000000,3,,12,2,,,,,3,3,2,20,1,,20,,,1,8,,2,,2,,,,1,,,,,,,,,1,2,2,1,0,24,8,,2,,,,,,,,2,3,15,,1,20,1,1,1,1,1,1,2,2,2,1,2,2,2,,1,1,2,2,2,2,2,1,3,,62,01,1,01,4,0161,250000,70,1537.6430968,
5355208,1,1,1,60,2,70,1,1,,,1,,,1,2,2,2,39,,1,,2,200000,2,,,1,280000,1,40000,2,,2,,2,,,2,,,2,,,2,,,2,,,2,,,2,,2,,2,,2,,2,,2,,,.,,,,,,,,,.,12,,,,,,,,,46,,.,46,,,2,8,,2,,2,,,,1,,,,,,,,,1,2,2,1,0,6,4,,2,,,,,,,,3,14,,,2,,,,2,,,,,,,,,,,,,,1,2,1,2,1,1,5,,62,01,1,01,8,0141,520000,70,2224.8329783,
5355209,1,1,1,60,2,70,1,1,,,1,,,1,1,2,1,36,,1,,2,450000,2,,,2,,1,150000,2,,2,,2,,,2,,,2,,,2,,,2,,,2,,,1,350000,2,,1,175000,2,,2,,2,,,.,,,,,,,,,.,12,,,,,,,,,48,,.,48,,,2,8,,2,,2,,,,1,,,,,,,,,1,2,2,1,0,24,4,,2,,,,,,,,3,14,,,2,,,,2,,,,,,,,,,,,,,1,1,1,2,2,1,5,,62,01,1,01,8,0141,600000,70,1537.6430968,
5355210,1,1,1,60,2,70,1,1,,,1,,,1,2,2,2,156,,1,,2,300000,2,,,1,320000,1,100000,2,,2,,2,,,2,,,2,,,2,,,2,,,2,,,2,,2,,2,,2,,2,,2,,,.,,,,,,,,,.,12,,,,,,,,,49,,.,49,,,3,8,,2,,2,,,,1,,,,,,,,,1,2,2,1,0,51,4,,2,,,,,,,,3,14,,,2,,,,2,,,,,,,,,,,,,,1,2,1,2,1,1,5,,62,01,1,01,8,0141,720000,70,1912.5860948,
5355210,1,3,1,60,2,70,2,,,,,,,,,,,18,,,,,,,,,,,,,,,,,,,,,,,,,,,,,,,,,,,,,,,,,,,,,,,6,,,,,3,200000,1,2400000,3,,12,2,,,,,3,10,2,15,2,,15,,,1,8,,2,,2,,,,1,,,,,,,,,1,2,2,2,,,,,2,,,,,,,,,14,,,2,,,,1,1,2,1,2,2,2,1,1,2,2,,2,1,2,2,1,2,2,1,3,,62,01,1,01,4,0162,200000,70,1912.5860948,
5355211,1,1,1,60,2,70,2,,,,,,,,,,,490,,,,,,,,,,,,,,,,,,,,,,,,,,,,,,,,,,,,,,,,,,,,,,,7,,1,2,,3,1500000,1,18000000,3,,12,1,1,0,0,1,2,3,2,45,,.,45,,,2,8,,2,,2,,,,1,,,,,,,,,1,2,2,1,0,60,4,,2,,,,,,,,3,14,,,2,,,,2,,,,,,,,,,,,,,1,1,1,2,1,1,5,,61,01,1,01,4,0150,1500000,70,1921.2983942,
5355211,1,3,1,60,2,70,2,,,,,,,,,,,12,,,,,,,,,,,,,,,,,,,,,,,,,,,,,,,,,,,,,,,,,,,,,,,,.,,,,,,,,,.,12,,,,,,,,,40,,.,40,,,2,8,,2,,2,,,,1,,,,,,,,,1,2,2,1,0,12,8,,2,,,,,,,,1,14,,,2,,,,1,1,1,1,2,2,2,1,2,2,2,,1,1,2,2,1,2,1,1,3,,62,01,1,01,6,0150,,70,1921.2983942,
5355211,1,5,1,60,2,70,2,,,,,,,,,,,13,,,,,,,,,,,,,,,,,,,,,,,,,,,,,,,,,,,,,,,,,,,,,,,6,,,,,3,350000,1,4200000,3,,12,2,,,,,3,1,2,40,,.,40,,,1,8,,2,,2,,,,1,,,,,,,,,1,2,2,1,0,6,4,,2,,,,,,,,9,14,,,2,,,,1,1,1,1,2,2,2,1,2,2,2,,2,1,2,2,1,2,2,1,3,,61,01,1,01,4,0162,350000,70,1921.2983942,
5355212,1,1,1,60,2,70,1,1,,,1,,,1,2,2,2,149,,1,,2,500000,2,,,1,220000,1,100000,2,,2,,2,,,2,,,2,,,2,,,2,,,2,,,2,,2,,2,,2,,2,,2,,,.,,,,,,,,,.,12,,,,,,,,,46,,.,46,,,2,8,,2,,2,,,,1,,,,,,,,,1,2,2,1,0,4,4,,2,,,,,,,,3,14,,,2,,,,1,1,2,1,1,2,2,1,1,2,2,,2,1,2,2,1,2,1,1,5,,62,01,1,01,8,0141,820000,70,1914.9152705,
5355214,1,1,1,60,2,70,2,,,,,,,,,,,460,,,,,,,,,,,,,,,,,,,,,,,,,,,,,,,,,,,,,,,,,,,,,,,6,,,,,3,500000,1,6000000,3,,12,2,,,,,3,3,2,40,,.,40,,,1,1,,2,,2,,,,1,,,,,,1,,,,2,2,1,0,24,4,,2,,,,,,,,3,14,,,2,,,,2,,,,,,,,,,,,,,1,1,1,2,1,1,5,,84,45,1,01,4,4542,500000,70,1773.9850111,
5355216,1,1,1,60,2,70,2,,,,,,,,,,,321,,,,,,,,,,,,,,,,,,,,,,,,,,,,,,,,,,,,,,,,,,,,,,,6,,,,,3,400000,1,5000000,3,,12,2,,,,,2,9,2,42,,.,42,,,1,8,,2,,2,,,,1,,,,,,,,,1,2,2,1,0,4,4,,2,,,,,,,,3,3,60,,2,,,,1,1,2,1,2,2,2,2,2,1,2,,2,1,2,2,1,2,1,1,8,,61,01,1,01,4,0113,400000,70,1095.0084272,
5355216,1,2,1,60,2,70,2,,,,,,,,,,,120,,,,,,,,,,,,,,,,,,,,,,,,,,,,,,,,,,,,,,,,,,,,,,,6,,,,,3,120000,1,1500000,3,,12,2,,,,,2,9,2,20,2,,20,,,1,1,,2,,2,,,,1,,,,,,,,,1,2,2,2,,,,,2,,,,,,,,,14,,,2,,,,1,1,2,1,2,2,2,2,2,2,2,,2,1,2,2,1,2,1,1,3,,77,47,1,01,4,4729,120000,70,1095.0084272,
5355218,1,1,1,60,2,70,2,,,,,,,,,,,48,,,,,,,,,,,,,,,,,,,,,,,,,,,,,,,,,,,,,,,,,,,,,,,,.,,,,,,,,,.,12,,,,,,,,,16,1,,16,,,2,1,,2,,2,,,,1,,,,,,,,,1,2,2,1,0,6,4,,2,,,,,,,,3,14,,,1,20,1,1,1,1,1,1,2,1,2,1,2,2,2,,1,1,2,2,2,2,2,1,5,,53,56,1,01,6,5619,,70,2046.5642939,
5355218,1,2,1,60,2,70,2,,,,,,,,,,,48,,,,,,,,,,,,,,,,,,,,,,,,,,,,,,,,,,,,,,,,,,,,,,,6,,,,,3,150000,1,2000000,3,,12,1,1,0,0,1,3,3,2,20,2,,20,,,2,1,,2,,2,,,,1,,,,,,,,,1,2,2,1,0,180,3,,2,,,,,,,,3,14,,,2,,,,2,,,,,,,,,,,,,,1,1,1,2,1,1,3,,53,56,1,01,4,5619,150000,70,2046.5642939,
5355219,1,1,1,60,2,70,2,,,,,,,,,,,240,,,,,,,,,,,,,,,,,,,,,,,,,,,,,,,,,,,,,,,,,,,,,,,6,,,,,3,500000,1,6000000,3,,12,2,,,,,2,10,2,44,,.,44,,,1,8,,2,,2,,,,1,,,,,,1,,,,2,2,1,0,5,8,,1,70,10,4,,160000,1,8,3,3,30,,2,,,,2,,,,,,,,,,,,,,1,2,1,2,1,1,9,,61,01,1,01,4,0111,660000,70,1585.0524217,
5355220,1,1,1,60,2,70,2,,,,,,,,,,,256,,,,,,,,,,,,,,,,,,,,,,,,,,,,,,,,,,,,,,,,,,,,,,,6,,,,,3,600000,1,7000000,3,,12,2,,,,,2,5,2,45,,.,45,,,1,8,,2,,2,,,,1,,,,,,,,,1,2,2,1,0,24,8,,1,70,12,4,,200000,1,8,11,11,20,,2,,,,2,,,,,,,,,,,,,,1,2,1,2,1,1,9,,61,01,1,01,4,0111,800000,70,1661.4464319,
5355221,1,1,1,60,2,70,2,,,,,,,,,,,86,,,,,,,,,,,,,,,,,,,,,,,,,,,,,,,,,,,,,,,,,,,,,,,6,,,,,3,0,1,4000000,3,,12,2,,,,,3,3,2,40,,.,40,,,1,8,,2,,2,,,,1,,,,,,,,,1,2,2,1,1,24,4,,2,,,,,,,,10,3,18,,2,,,,2,,,,,,,,,,,,,,1,1,1,2,1,1,5,,61,01,1,01,4,0113,0,70,906.87270569,
5355232,1,1,1,60,2,76,2,,,,,,,,,,,12,,,,,,,,,,,,,,,,,,,,,,,,,,,,,,,,,,,,,,,,,,,,,,,7,,2,,,2,800000,1,3600000,3,,12,2,,,,,1,6,1,48,,.,48,,,1,8,,1,,3,,,,,.,,,,,,,,,2,2,1,12,348,4,,2,,,,,,,,4,3,30,,2,,,,1,1,2,1,2,2,2,2,2,2,2,,2,1,1,1,1,2,1,1,10,DE LA PENSION,61,01,1,01,4,0124,800000,76,6735.2359011,
5355232,1,3,1,60,2,76,1,2,1,,2,3,,1,1,2,1,10,,1,,2,1700000,2,,,2,,2,,1,98,2,,2,,,2,,,2,,,2,,,2,,,2,,,2,,2,,2,,1,98,2,,2,,,.,,,,,,,,,.,10,,,,,,,,,40,,.,32,2,,6,6,,1,,1,1,1,13,1,,,1,,,,,,,1,1,1,2,15,4,,2,,,,,,,,2,7,60,,2,,,,2,,,,,,,,,,,,,,1,1,1,2,1,1,8,,99,84,1,01,1,8412,1700000,76,6735.2359011,8412
5355233,1,1,1,60,2,76,1,2,2,6,1,,,1,2,2,1,2,,1,,2,1300000,2,,,2,,2,,1,98,2,,2,,,2,,,1,35000,2,2,,,2,,,2,,,1,98,2,,2,,2,,2,,2,,,.,,,,,,,,,.,9,,,,,,,,,48,,.,40,2,,9,9,,1,,1,1,1,14,1,1,,,,,,,,,1,1,1,0,7,4,,2,,,,,,,,3,7,30,,2,,,,2,,,,,,,,,,,,,,1,1,1,2,1,1,3,,97,42,1,01,1,4210,1300000,76,6525.969436,
5355235,1,1,1,60,2,76,1,1,,,1,,,2,2,2,2,2,,2,,2,350000,2,,,2,,2,,2,,2,,2,,,2,,,2,,,2,,,2,,,2,,,2,,2,,2,,2,,2,,2,,,.,,,,,,,,,.,12,,,,,,,,,32,1,,32,,,2,8,,2,,2,,,,1,,,,,,,,,1,2,2,1,0,3,8,,2,,,,,,,,1,3,20,,1,30,2,1,1,1,2,1,2,2,2,2,2,2,2,,1,1,1,2,1,2,2,1,8,,62,01,1,01,8,0113,350000,76,5305.0980012,
5355241,1,1,1,60,2,76,2,,,,,,,,,,,48,,,,,,,,,,,,,,,,,,,,,,,,,,,,,,,,,,,,,,,,,,,,,,,7,,2,,,2,100000,1,98,3,,12,2,,,,,2,8,2,42,,.,28,1,,1,8,,1,,1,2,2,24,1,1,,,,,,,,,2,2,1,0,156,4,,2,,,,,,,,8,3,2,2,2,,,,2,,,,,,,,,,,,,,1,1,1,2,2,1,6,,61,01,1,01,4,0123,100000,76,6159.9725487,
5355242,1,1,1,60,2,76,2,,,,,,,,,,,12,,,,,,,,,,,,,,,,,,,,,,,,,,,,,,,,,,,,,,,,,,,,,,,6,,,,,2,30000,1,120000,3,,12,2,,,,,3,5,2,14,2,,14,,,1,1,,1,,2,,,,1,,,,,,,,,1,2,2,1,96,92,1,,2,,,,,,,,9,14,,,2,,,,2,,,,,,,,,,,,,,1,2,1,2,1,1,3,,61,01,1,01,4,0145,30000,76,5470.4729952,
5355246,1,2,1,60,2,76,1,2,2,6,1,,,1,2,2,2,5,,,,,,,,,,,,,,,,,,,,,,,,,,,,,,,,,,,,,,,,,,,,,,,1,,,,,2,1200000,1,98,1,,10,2,,,,,1,1,1,48,,.,48,,,9,7,,1,,1,1,2,0,1,,,,,,,,,1,1,2,1,2,4,4,,2,,,,,,,,3,2,25,,2,,,,2,,,,,,,,,,,,,,1,2,1,2,2,1,3,,39,84,1,01,4,8412,1200000,76,3246.5374689,
5355246,1,3,1,60,2,76,1,1,,,1,,,1,2,2,2,1,,2,,2,792000,2,,,2,,2,,2,,2,,2,,,2,,,2,,,2,,,2,,,2,,,2,,2,,2,,2,,2,,2,,,.,,,,,,,,,.,12,,,,,,,,,50,,.,50,,,4,8,,2,,2,,,,1,,,,,,,,,1,2,2,1,0,18,1,,2,,,,,,,,3,11,10,,2,,,,2,,,,,,,,,,,,,,1,1,1,2,1,1,3,,62,01,1,01,8,0145,792000,76,3246.5374689,
5355249,1,1,1,60,2,76,1,1,,,1,,,1,2,2,2,60,,1,,2,300000,2,,,2,,2,,2,,9,,2,,,2,,,2,,,2,,,2,,,2,,,2,,2,,2,,2,,2,,2,,,.,,,,,,,,,.,12,,,,,,,,,60,,.,60,,,2,6,,2,,2,,,,1,,,,,,,,,1,2,2,1,0,60,8,,2,,,,,,,,8,3,45,,2,,,,2,,,,,,,,,,,,,,1,2,1,2,1,1,3,,21,36,1,01,1,3600,300000,76,3246.5374689,
5355250,1,1,1,60,2,76,1,1,,,1,,,1,2,2,2,3,,7,LE OFRECIERON EL TRABAJO,2,760000,2,,,2,,2,,1,98,2,,2,,,2,,,2,,,2,,,2,,,2,,,2,,2,,2,,2,,2,,2,,,.,,,,,,,,,.,7,,,,,,,,,48,,.,48,,,2,8,,2,,2,,,,1,,,,,,,,,1,2,2,1,1,0,1,,2,,,,,,,,1,7,20,,2,,,,2,,,,,,,,,,,,,,1,1,1,2,2,1,8,,62,01,1,01,8,0161,760000,76,8217.1063526,
5355251,1,2,1,60,2,76,2,,,,,,,,,,,244,,,,,,,,,,,,,,,,,,,,,,,,,,,,,,,,,,,,,,,,,,,,,,,7,,2,,,2,,1,98,3,,12,2,,,,,3,6,2,40,,.,30,6,,1,8,,2,,2,,,,1,,,,,,,,,1,2,2,1,0,21,1,,2,,,,,,,,3,3,15,2,2,,,,2,,,,,,,,,,,,,,1,1,1,2,1,1,8,,61,01,1,01,4,0121,,76,3246.5374689,
5355252,1,1,1,60,2,76,2,,,,,,,,,,,0,,,,,,,,,,,,,,,,,,,,,,,,,,,,,,,,,,,,,,,,,,,,,,,6,,,,,2,0,1,0,1,,6,2,,,,,3,1,1,40,,.,40,,,1,2,,10,,2,,,,1,,,,,,,,,1,2,2,1,1,0,8,,2,,,,,,,,1,3,5,,1,13,1,1,1,1,2,2,2,1,2,2,2,2,2,,1,1,1,2,1,2,2,2,5,,95,41,1,01,4,4111,0,76,6159.9725487,
5356804,1,1,1,60,2,41,2,,,,,,,,,,,600,,,,,,,,,,,,,,,,,,,,,,,,,,,,,,,,,,,,,,,,,,,,,,,6,,,,,2,250000,1,3000000,2,,12,2,,,,,2,3,2,40,,.,24,6,,1,8,,2,,2,,,,1,,,,,,1,,,,2,2,2,,,,,2,,,,,,,,,3,5,2,2,,,,2,,,,,,,,,,,,,,1,1,1,2,1,1,10,BUSCAR OTRO TRABAJO,62,01,1,01,4,0123,250000,41,1078.5903223,
5356805,1,1,1,60,2,41,2,,,,,,,,,,,530,,,,,,,,,,,,,,,,,,,,,,,,,,,,,,,,,,,,,,,,,,,,,,,6,,,,,2,175000,1,1800000,2,,12,1,2,0,0,2,2,3,1,48,,.,16,6,,2,8,,2,,2,,,,1,,,,,,1,,,,2,2,2,,,,,2,,,,,,,,,3,10,2,1,30,1,1,2,,,,,,,,,,,,,,1,1,2,2,1,1,3,,79,14,1,01,4,1410,175000,41,1219.470858,
5356806,1,1,1,60,2,41,2,,,,,,,,,,,480,,,,,,,,,,,,,,,,,,,,,,,,,,,,,,,,,,,,,,,,,,,,,,,7,,2,,,2,250000,1,250000,2,,12,2,,,,,2,3,2,40,,.,0,7,POR LAS LLUVIAS,1,8,,2,,2,,,,1,,,,,,1,,,,2,2,2,,,,,2,,,,,,,,,3,1,,1,40,1,1,2,,,,,,,,,,,,,,1,1,1,1,2,1,10,BUSCAR OTRO TRABAJO,61,01,1,01,4,0123,250000,41,817.53188809,
5356806,1,3,1,60,2,41,2,,,,,,,,,,,18,,,,,,,,,,,,,,,,,,,,,,,,,,,,,,,,,,,,,,,,,,,,,,,5,,,,,2,85000,1,700000,3,,12,2,,,,,2,1,2,14,1,,0,6,,1,2,,2,,2,,,,1,,,,,,,,,1,2,2,2,,,,,2,,,,,,,,,3,5,1,1,40,1,1,1,1,1,1,2,2,2,1,2,2,2,,1,1,1,1,1,2,2,1,3,,45,47,1,01,4,4792,85000,41,817.53188809,
5356806,1,4,1,60,2,41,2,,,,,,,,,,,168,,,,,,,,,,,,,,,,,,,,,,,,,,,,,,,,,,,,,,,,,,,,,,,6,,,,,2,200000,1,2500000,2,,12,2,,,,,2,3,2,40,,.,40,,,1,8,,2,,2,,,,1,,,,,,,,,1,2,2,1,0,12,1,,2,,,,,,,,9,3,5,,2,,,,2,,,,,,,,,,,,,,1,1,1,2,1,1,10,BUSCAR OTRO TRABAJO,61,01,1,01,4,0161,200000,41,817.53188809,
5356809,1,1,1,60,2,41,2,,,,,,,,,,,36,,,,,,,,,,,,,,,,,,,,,,,,,,,,,,,,,,,,,,,,,,,,,,,6,,,,,2,800000,1,2000000,2,,12,2,,,,,2,3,1,40,,.,32,6,,1,8,,5,,2,,,,1,,,,,,,,,1,2,2,1,0,24,2,,2,,,,,,,,1,3,5,2,2,,,,1,1,1,1,2,2,2,1,2,2,2,,2,1,1,1,1,2,2,1,10,BUSCAR OTRO TRABAJO,62,01,1,01,4,0123,800000,41,1354.3798828,
5356810,1,1,1,60,2,41,2,,,,,,,,,,,60,,,,,,,,,,,,,,,,,,,,,,,,,,,,,,,,,,,,,,,,,,,,,,,7,,2,,,2,60000,1,2000000,2,,12,2,,,,,2,8,2,48,,.,48,,,1,8,,2,,2,,,,1,,,,,,1,,,,2,2,2,,,,,2,,,,,,,,,3,2,,2,,,,2,,,,,,,,,,,,,,1,1,1,2,1,1,8,,61,01,1,01,4,0123,60000,41,1009.2386323,
5356810,1,3,1,60,2,41,2,,,,,,,,,,,8,,,,,,,,,,,,,,,,,,,,,,,,,,,,,,,,,,,,,,,,,,,,,,,7,,2,,,2,0,1,1200000,2,,12,1,1,0,0,1,2,3,2,40,,.,40,,,2,8,,2,,2,,,,1,,,,,,1,,,,2,2,2,,,,,2,,,,,,,,,3,2,,2,,,,2,,,,,,,,,,,,,,1,1,1,2,1,1,10,BUSCAR OTRO TRABAJO,61,01,1,01,4,0161,0,41,1009.2386323,
5356810,1,4,1,60,2,41,2,,,,,,,,,,,48,,,,,,,,,,,,,,,,,,,,,,,,,,,,,,,,,,,,,,,,,,,,,,,,.,,,,,,,,,.,12,,,,,,,,,12,2,,12,,,2,8,,2,,2,,,,1,,,,,,,,,1,2,2,2,,,,,2,,,,,,,,,3,2,,2,,,,2,,,,,,,,,,,,,,1,1,1,2,1,1,3,,62,01,1,01,6,0161,,41,1009.2386323,
5356811,1,2,1,60,2,41,2,,,,,,,,,,,480,,,,,,,,,,,,,,,,,,,,,,,,,,,,,,,,,,,,,,,,,,,,,,,7,,2,,,2,200000,1,4000000,2,,12,2,,,,,1,9,2,50,,.,50,,,1,8,,2,,2,,,,1,,,,1,,,,,,2,2,2,,,,,2,,,,,,,,,3,10,,2,,,,2,,,,,,,,,,,,,,1,2,1,2,1,1,2,,62,01,1,01,4,0123,200000,41,946.35040591,
5356811,1,3,1,60,2,41,2,,,,,,,,,,,360,,,,,,,,,,,,,,,,,,,,,,,,,,,,,,,,,,,,,,,,,,,,,,,7,,2,,,2,200000,1,3000000,2,,12,2,,,,,1,9,2,48,,.,48,,,1,8,,2,,2,,,,1,,,,1,,,,,,2,2,2,,,,,2,,,,,,,,,3,10,,2,,,,2,,,,,,,,,,,,,,1,2,1,2,1,1,9,,62,01,1,01,4,0123,200000,41,946.35040591,
5356812,1,1,1,60,2,41,2,,,,,,,,,,,384,,,,,,,,,,,,,,,,,,,,,,,,,,,,,,,,,,,,,,,,,,,,,,,6,,,,,2,0,1,2300000,2,,12,2,,,,,2,3,2,48,,.,48,,,1,8,,2,,2,,,,1,,,,,,1,,,,2,2,2,,,,,2,,,,,,,,,11,10,,2,,,,2,,,,,,,,,,,,,,1,1,1,2,2,1,10,BUSCANDO OTRO TRABAJO,61,01,1,01,4,0123,0,41,597.85229061,
5356812,1,2,1,60,2,41,2,,,,,,,,,,,60,,,,,,,,,,,,,,,,,,,,,,,,,,,,,,,,,,,,,,,,,,,,,,,6,,,,,2,95000,1,1140000,1,,8,2,,,,,2,1,1,16,1,,16,,,1,2,,2,,2,,,,1,,,,,,1,,,,2,2,2,,,,,2,,,,,,,,,3,3,,1,30,2,1,1,1,1,1,2,1,2,1,2,2,2,,2,1,1,1,2,2,2,1,3,,55,81,1,01,4,8121,95000,41,597.85229061,
5356812,1,3,1,60,2,41,2,,,,,,,,,,,84,,,,,,,,,,,,,,,,,,,,,,,,,,,,,,,,,,,,,,,,,,,,,,,6,,,,,2,700000,1,2000000,2,,12,2,,,,,2,3,1,40,,.,40,,,1,8,,2,,2,,,,1,,,,,,,,,1,2,2,1,0,1,4,,2,,,,,,,,1,11,5,,2,,,,2,,,,,,,,,,,,,,1,1,1,2,1,1,3,,61,01,1,01,4,0123,700000,41,597.85229061,
5356812,1,4,1,60,2,41,2,,,,,,,,,,,1,,,,,,,,,,,,,,,,,,,,,,,,,,,,,,,,,,,,,,,,,,,,,,,6,,,,,2,60000,1,480000,1,,12,2,,,,,1,5,2,6,1,,0,6,,1,2,,2,,2,,,,1,,,,,,,,,1,2,2,1,0,2,4,,2,,,,,,,,3,3,3,2,1,12,2,1,2,,,,,,,,,,,,,,1,1,2,2,2,1,3,,55,81,1,01,4,8121,60000,41,597.85229061,
5356823,1,1,1,60,2,41,2,,,,,,,,,,,240,,,,,,,,,,,,,,,,,,,,,,,,,,,,,,,,,,,,,,,,,,,,,,,6,,,,,2,250000,1,2500000,2,,12,2,,,,,2,3,2,40,,.,40,,,1,8,,2,,2,,,,1,,,,,,1,,,,2,2,2,,,,,2,,,,,,,,,3,10,,2,,,,2,,,,,,,,,,,,,,1,1,1,2,1,1,10,BUSCAR OTRO TRABAJO,61,01,1,01,4,0123,250000,41,1285.5201454,
5356824,1,1,1,60,2,41,2,,,,,,,,,,,804,,,,,,,,,,,,,,,,,,,,,,,,,,,,,,,,,,,,,,,,,,,,,,,7,,2,,,2,1000000,1,2000000,2,,12,2,,,,,2,3,2,18,2,,18,,,1,8,,2,,2,,,,1,,,,,,1,,,,2,2,2,,,,,2,,,,,,,,,3,3,,2,,,,2,,,,,,,,,,,,,,1,1,1,2,1,1,3,,62,01,1,01,4,0123,1000000,41,1219.470858,
5356825,1,1,1,60,2,41,2,,,,,,,,,,,480,,,,,,,,,,,,,,,,,,,,,,,,,,,,,,,,,,,,,,,,,,,,,,,6,,,,,2,500000,1,6000000,3,,12,2,,,,,2,9,2,55,,.,55,,,1,8,,2,,2,,,,1,,,,1,,,,,,2,2,2,,,,,2,,,,,,,,,3,20,,2,,,,2,,,,,,,,,,,,,,1,1,1,2,1,1,2,,62,01,1,01,4,0123,500000,41,1081.2594307,
5356825,1,3,1,60,2,41,2,,,,,,,,,,,80,,,,,,,,,,,,,,,,,,,,,,,,,,,,,,,,,,,,,,,,,,,,,,,7,,2,,,2,600000,1,7200000,3,,12,2,,,,,1,1,1,48,,.,48,,,1,8,,2,,2,,,,1,,,,1,,,,,,2,2,2,,,,,2,,,,,,,,,3,10,,2,,,,1,1,1,1,2,2,2,2,1,2,2,,2,1,2,2,1,2,1,1,3,,62,01,1,01,4,0161,600000,41,1081.2594307,
5356827,1,1,1,60,2,41,2,,,,,,,,,,,390,,,,,,,,,,,,,,,,,,,,,,,,,,,,,,,,,,,,,,,,,,,,,,,7,,2,,,2,600000,1,98,3,,12,1,1,0,0,1,2,3,2,54,,.,54,,,2,8,,2,,2,,,,1,,,,,,,,,1,2,2,2,,,,,2,,,,,,,,,3,2,,2,,,,2,,,,,,,,,,,,,,1,1,1,2,1,1,5,,61,01,1,01,4,0123,600000,41,1471.8089728,
5356827,1,2,1,60,2,41,2,,,,,,,,,,,240,,,,,,,,,,,,,,,,,,,,,,,,,,,,,,,,,,,,,,,,,,,,,,,,.,,,,,,,,,.,12,,,,,,,,,40,,.,40,,,2,8,,2,,2,,,,1,,,,,,,,,1,2,2,2,,,,,2,,,,,,,,,3,2,,2,,,,2,,,,,,,,,,,,,,1,2,1,2,1,1,3,,62,01,1,01,6,0123,,41,1471.8089728,
5356827,1,3,1,60,2,41,1,1,,,1,,,1,2,2,2,2,,1,,2,887000,2,,,1,196000,2,,2,,2,,2,,,2,,,2,,,2,,,2,,,2,,,2,,2,,2,,2,,2,,2,,,.,,,,,,,,,.,12,,,,,,,,,56,,.,56,,,2,7,,2,,2,,,,1,,,,,,,,,1,2,2,1,0,24,6,,2,,,,,,,,3,11,15,,2,,,,2,,,,,,,,,,,,,,1,1,1,2,1,1,3,,45,45,1,01,1,4541,1083000,41,1471.8089728,
5356829,1,2,1,60,2,41,2,,,,,,,,,,,180,,,,,,,,,,,,,,,,,,,,,,,,,,,,,,,,,,,,,,,,,,,,,,,6,,,,,2,145000,1,2740000,2,,12,2,,,,,2,3,1,40,,.,40,,,1,8,,2,,2,,,,1,,,,,,,,,1,2,2,1,0,22,2,,2,,,,,,,,9,3,6,,2,,,,2,,,,,,,,,,,,,,1,1,1,2,2,1,10,BUSCAR OTRO TRABAJO,61,01,1,01,4,0123,145000,41,1057.4931538,
5356830,1,1,1,60,2,41,2,,,,,,,,,,,482,,,,,,,,,,,,,,,,,,,,,,,,,,,,,,,,,,,,,,,,,,,,,,,7,,2,,,2,400000,1,1000000,3,,12,1,1,0,0,1,2,3,2,60,,.,60,,,2,8,,2,,2,,,,1,,,,,,,,,1,2,2,1,0,24,1,,2,,,,,,,,3,3,5,,1,10,2,1,2,,,,,,,,,,,,,,1,1,1,2,1,1,8,,61,01,1,01,4,0161,400000,41,913.72516503,
5356830,1,2,1,60,2,41,2,,,,,,,,,,,156,,,,,,,,,,,,,,,,,,,,,,,,,,,,,,,,,,,,,,,,,,,,,,,,.,,,,,,,,,.,12,,,,,,,,,40,,.,40,,,2,8,,2,,2,,,,1,,,,,,,,,1,2,2,1,0,124,4,,2,,,,,,,,9,3,5,,2,,,,2,,,,,,,,,,,,,,1,2,1,2,1,1,3,,62,01,1,01,6,0161,,41,913.72516503,
5356830,1,3,1,60,2,41,2,,,,,,,,,,,10,,,,,,,,,,,,,,,,,,,,,,,,,,,,,,,,,,,,,,,,,,,,,,,6,,,,,3,180000,1,98,1,,10,2,,,,,2,3,1,40,,.,32,6,,1,8,,2,,2,,,,1,,,,,,,,,1,2,2,2,,,,,2,,,,,,,,,11,5,2,2,,,,1,1,1,1,2,1,2,2,1,2,2,,2,1,1,2,1,2,2,1,3,,61,01,1,01,4,0161,180000,41,913.72516503,
5356832,1,1,1,60,2,41,2,,,,,,,,,,,300,,,,,,,,,,,,,,,,,,,,,,,,,,,,,,,,,,,,,,,,,,,,,,,7,,2,,,2,800000,1,10000000,3,,12,2,,,,,1,3,2,48,,.,48,,,1,8,,2,,2,,,,1,,,,1,,,,,,2,2,2,,,,,2,,,,,,,,,3,10,,2,,,,1,1,2,1,2,2,2,2,1,1,2,,2,2,2,2,1,2,1,1,2,,62,01,1,01,4,0123,800000,41,1264.8836722,
5356833,1,1,1,60,2,19,2,,,,,,,,,,,0,,,,,,,,,,,,,,,,,,,,,,,,,,,,,,,,,,,,,,,,,,,,,,,6,,,,,2,0,1,2800000,2,,10,2,,,,,2,3,1,40,,.,24,6,,1,8,,2,,2,,,,1,,,,,,1,,,,2,2,2,,,,,2,,,,,,,,,3,2,2,1,24,2,1,1,1,1,2,2,1,2,2,2,2,1,POR SER ACTIVIDAD ILICITA  EL RIESGO A SER JUDICIALIZADA O ASESINADA,1,1,2,1,2,2,2,1,2,,61,01,1,01,4,0161,0,41,597.85229061,
5356834,1,1,1,60,2,41,2,,,,,,,,,,,378,,,,,,,,,,,,,,,,,,,,,,,,,,,,,,,,,,,,,,,,,,,,,,,7,,2,,,2,200000,1,3000000,3,,12,2,,,,,1,10,1,45,,.,45,,,1,8,,2,,2,,,,1,,,,,,,,,1,2,2,2,,,,,2,,,,,,,,,11,15,,1,20,2,1,1,1,1,1,2,2,2,2,1,2,2,,2,1,1,1,1,2,1,1,8,,61,01,1,01,4,0123,200000,41,683.02906514,
5356834,1,2,1,60,2,41,1,1,,,1,,,1,2,2,2,24,,1,,2,120000,2,,,1,48000,2,,2,,2,,2,,,2,,,2,,,2,,,2,,,2,,,2,,2,,2,,2,,2,,2,,,.,,,,,,,,,.,7,,,,,,,,,9,1,,9,,,2,7,,2,,2,,,,1,,,1,,,,,,,2,2,2,,,,,2,,,,,,,,,11,15,,1,40,2,1,1,1,2,1,2,2,2,1,2,2,2,,2,1,1,1,2,2,1,1,3,,45,47,1,01,1,4721,168000,41,683.02906514,
5356834,1,3,1,60,2,41,2,,,,,,,,,,,120,,,,,,,,,,,,,,,,,,,,,,,,,,,,,,,,,,,,,,,,,,,,,,,6,,,,,3,150000,1,1000000,1,,12,2,,,,,1,3,1,45,,.,27,6,,1,8,,2,,2,,,,1,,,,,,,,,1,2,2,2,,,,,2,,,,,,,,,3,30,2,2,,,,2,,,,,,,,,,,,,,1,2,1,2,2,1,3,,61,01,1,01,4,0161,150000,41,683.02906514,
5356835,1,1,1,60,2,41,2,,,,,,,,,,,240,,,,,,,,,,,,,,,,,,,,,,,,,,,,,,,,,,,,,,,,,,,,,,,7,,1,2,,2,500000,1,8000000,2,,12,1,3,3,0,0,1,3,2,50,,.,50,,,3,8,,2,,2,,,,1,,,1,1,,,,,,2,2,2,,,,,2,,,,,,,,,3,15,,2,,,,2,,,,,,,,,,,,,,1,1,1,1,1,1,2,,61,01,1,01,5,0123,500000,41,1674.8602895,
5356835,1,3,1,60,2,41,2,,,,,,,,,,,144,,,,,,,,,,,,,,,,,,,,,,,,,,,,,,,,,,,,,,,,,,,,,,,6,,,,,2,500000,1,6000000,3,,12,2,,,,,2,9,2,48,,.,48,,,1,8,,2,,2,,,,1,,,,1,,,,,,2,2,2,,,,,2,,,,,,,,,3,20,,2,,,,1,1,2,1,2,2,2,2,1,1,2,,2,1,1,2,1,2,1,1,2,,62,01,1,01,4,0123,500000,41,1674.8602895,
5356835,1,4,1,60,2,41,2,,,,,,,,,,,84,,,,,,,,,,,,,,,,,,,,,,,,,,,,,,,,,,,,,,,,,,,,,,,6,,,,,2,300000,1,3600000,3,,11,2,,,,,2,9,2,30,2,,30,,,1,8,,2,,2,,,,1,,,1,1,,,,,,2,2,2,,,,,2,,,,,,,,,3,10,,2,,,,2,,,,,,,,,,,,,,2,2,2,2,2,1,2,,62,01,1,01,4,0123,300000,41,1674.8602895,
5356835,1,5,1,60,2,41,2,,,,,,,,,,,48,,,,,,,,,,,,,,,,,,,,,,,,,,,,,,,,,,,,,,,,,,,,,,,6,,,,,2,500000,1,5000000,2,,12,2,,,,,2,1,1,48,,.,48,,,1,8,,2,,2,,,,1,,,,,,,,,1,2,2,2,,,,,2,,,,,,,,,3,15,,2,,,,1,1,1,1,2,1,2,2,1,2,2,,2,1,2,2,1,2,2,1,3,,62,01,1,01,4,0123,500000,41,1674.8602895,
5356836,1,1,1,60,2,41,2,,,,,,,,,,,180,,,,,,,,,,,,,,,,,,,,,,,,,,,,,,,,,,,,,,,,,,,,,,,7,,2,,,2,500000,1,5000000,3,,12,2,,,,,2,3,2,45,,.,45,,,1,8,,2,,2,,,,1,,,,,,,,,1,2,2,2,,,,,2,,,,,,,,,3,2,,1,10,2,1,1,1,1,1,2,1,2,2,1,1,2,,2,1,1,1,1,2,1,1,7,,60,01,1,01,4,0123,500000,41,1018.6315419,
5356836,1,2,1,60,2,41,2,,,,,,,,,,,24,,,,,,,,,,,,,,,,,,,,,,,,,,,,,,,,,,,,,,,,,,,,,,,6,,,,,3,200000,1,500000,1,,12,2,,,,,1,3,1,40,,.,32,6,,1,8,,2,,2,,,,1,,,,,,,,,1,2,2,1,0,6,3,,2,,,,,,,,9,3,5,2,2,,,,1,1,1,1,2,1,2,2,1,2,2,,2,1,1,2,1,2,2,1,3,,62,01,1,01,4,0123,200000,41,1018.6315419,
5356837,1,1,1,60,2,41,2,,,,,,,,,,,300,,,,,,,,,,,,,,,,,,,,,,,,,,,,,,,,,,,,,,,,,,,,,,,6,,,,,2,500000,1,6000000,2,,12,2,,,,,2,10,1,48,,.,48,,,1,8,,4,,2,,,,1,,,,1,,,,,,2,2,2,,,,,2,,,,,,,,,11,20,,2,,,,1,1,2,1,2,1,2,2,1,2,2,,2,1,2,2,2,2,2,1,3,,61,01,1,01,4,0123,500000,41,1561.7704012,
5356839,1,1,1,60,2,41,2,,,,,,,,,,,480,,,,,,,,,,,,,,,,,,,,,,,,,,,,,,,,,,,,,,,,,,,,,,,6,,,,,2,750000,1,3000000,2,,12,1,1,0,0,1,2,3,1,48,,.,48,,,2,8,,2,,2,,,,1,,,,,,1,,,,2,2,2,,,,,2,,,,,,,,,11,10,,2,,,,2,,,,,,,,,,,,,,1,1,1,2,2,1,10,BUSCAR OTRO TRABAJO,61,01,1,01,4,0161,750000,41,736.79798985,
5356839,1,2,1,60,2,41,2,,,,,,,,,,,120,,,,,,,,,,,,,,,,,,,,,,,,,,,,,,,,,,,,,,,,,,,,,,,,.,,,,,,,,,.,12,,,,,,,,,21,2,,21,,,2,8,,2,,2,,,,1,,,,,,1,,,,2,2,2,,,,,2,,,,,,,,,11,10,,2,,,,2,,,,,,,,,,,,,,1,1,1,2,1,1,3,,62,01,1,01,6,0161,,41,736.79798985,
5356840,1,1,1,60,2,41,2,,,,,,,,,,,480,,,,,,,,,,,,,,,,,,,,,,,,,,,,,,,,,,,,,,,,,,,,,,,7,,1,2,,1,1200000,1,8000000,3,,12,1,2,2,0,0,3,3,2,56,,.,56,,,2,7,,1,,2,,,,1,,,,,,,,,1,2,2,2,,,,,2,,,,,,,,,3,2,,2,,,,2,,,,,,,,,,,,,,1,1,1,2,1,1,3,,41,47,1,01,5,4711,1200000,41,653.03093974,
5356840,1,3,1,60,2,41,1,1,,,1,,,2,2,2,2,60,,1,,2,500000,2,,,1,310000,1,200000,2,,2,,2,,,2,,,2,,,2,,,2,,,2,,,2,,2,,2,,2,,2,,2,,,.,,,,,,,,,.,12,,,,,,,,,60,,.,60,,,1,1,,2,,2,,,,1,,,,,,,,,1,2,2,1,0,24,4,,2,,,,,,,,3,14,,,2,,,,2,,,,,,,,,,,,,,1,1,1,2,1,1,8,,54,97,1,01,3,9700,1010000,41,653.03093974,
5356840,1,4,1,60,2,41,2,,,,,,,,,,,12,,,,,,,,,,,,,,,,,,,,,,,,,,,,,,,,,,,,,,,,,,,,,,,6,,,,,3,100000,1,500000,1,,12,2,,,,,1,1,2,20,1,,20,,,1,7,,2,,2,,,,1,,,,,,,,,1,2,2,2,,,,,2,,,,,,,,,3,2,,2,,,,2,,,,,,,,,,,,,,1,1,1,2,2,1,3,,97,47,1,01,4,4711,100000,41,653.03093974,
5356841,1,1,1,60,2,41,1,2,1,,1,,,1,1,1,1,24,,5,,2,2500000,2,,,2,,2,,2,,2,,2,,,2,,,2,,,2,,,2,,,2,,,1,2500000,1,1250000,1,1250000,2,,2,,2,,,.,,,,,,,,,.,12,,,,,,,,,30,3,POR LEY DE LA EDUCACION,48,,,9,1,,1,,1,3,1,6,1,1,,1,,,,,,,2,2,1,0,36,1,,2,,,,,,,,3,11,5,,2,,,,2,,,,,,,,,,,,,,1,1,1,1,2,1,1,,13,85,1,01,2,8530,2500000,41,1126.8448439,
5356842,1,1,1,60,2,41,1,2,1,,1,,,1,1,1,1,480,,2,,2,3800000,2,,,2,,2,,2,,2,,2,,,2,,,2,,,2,,,2,,,2,,,1,2200000,1,2200000,1,2200000,2,,2,,2,,,.,,,,,,,,,.,11,,,,,,,,,48,,.,48,,,9,1,,1,,3,,,,,.,,,,,,,,,1,2,2,,,,,2,,,,,,,,,14,,,2,,,,2,,,,,,,,,,,,,,1,1,1,1,1,1,1,,13,85,1,01,2,8530,3800000,41,898.81785228,
5356843,1,1,1,60,2,41,2,,,,,,,,,,,48,,,,,,,,,,,,,,,,,,,,,,,,,,,,,,,,,,,,,,,,,,,,,,,6,,,,,3,500000,1,6500000,1,,12,2,,,,,1,1,1,20,1,,0,6,,1,7,,2,,2,,,,1,,,,,,,,,1,2,2,2,,,,,2,,,,,,,,,3,2,2,1,20,1,1,1,1,1,1,2,1,1,1,1,2,2,,1,1,2,2,2,2,2,1,8,,97,47,1,01,4,4711,500000,41,1471.954837,
5356844,1,1,1,60,2,41,2,,,,,,,,,,,24,,,,,,,,,,,,,,,,,,,,,,,,,,,,,,,,,,,,,,,,,,,,,,,5,,,,,3,60000,1,450000,3,,12,2,,,,,2,1,2,10,1,,10,,,1,1,,2,,2,,,,1,,,,,,,,,1,2,2,1,12,144,1,,2,,,,,,,,3,14,,,1,25,2,1,1,1,1,1,2,1,2,2,2,2,2,,2,1,1,2,2,2,2,1,3,,45,47,1,01,4,4792,60000,41,597.85229061,
5356844,1,2,1,60,2,41,2,,,,,,,,,,,2,,,,,,,,,,,,,,,,,,,,,,,,,,,,,,,,,,,,,,,,,,,,,,,6,,,,,3,500000,1,800000,1,,2,2,,,,,1,1,1,70,,.,60,6,,1,7,,2,,2,,,,1,,,,,,,,,1,2,2,2,,,,,2,,,,,,,,,3,2,2,2,,,,1,1,1,1,1,1,2,2,1,2,2,,2,1,1,1,2,2,2,1,3,,41,47,1,01,4,4711,500000,41,597.85229061,
5356844,1,3,1,60,2,41,1,1,,,1,,,1,2,2,2,4,,1,,2,100000,2,,,1,28000,2,,2,,2,,2,,,2,,,2,,,2,,,2,,,2,,,2,,2,,2,,2,,2,,2,,,.,,,,,,,,,.,4,,,,,,,,,12,1,,12,,,3,7,,2,,2,,,,1,,,,,,,,,1,2,2,2,,,,,2,,,,,,,,,3,2,,1,40,2,1,1,1,1,1,2,1,2,2,2,2,2,,2,1,2,2,2,2,2,1,3,,45,47,1,01,1,4711,128000,41,597.85229061,
5356845,1,1,1,60,2,41,2,,,,,,,,,,,300,,,,,,,,,,,,,,,,,,,,,,,,,,,,,,,,,,,,,,,,,,,,,,,6,,,,,2,500000,1,6000000,3,,12,2,,,,,2,1,1,36,1,,36,,,1,7,,2,,2,,,,1,,,,,,,,,1,2,2,2,,,,,2,,,,,,,,,3,4,,1,12,2,1,1,1,1,1,2,1,2,1,2,2,2,,2,1,1,1,1,2,2,1,10,BUSCAR OTRO TRABAJO,77,10,1,01,4,1081,500000,41,1453.5570992,
5356845,1,3,1,60,2,41,2,,,,,,,,,,,8,,,,,,,,,,,,,,,,,,,,,,,,,,,,,,,,,,,,,,,,,,,,,,,6,,,,,2,300000,1,2400000,2,,8,2,,,,,1,1,1,42,,.,42,,,1,7,,2,,2,,,,1,,,,,,,,,1,2,2,2,,,,,2,,,,,,,,,3,3,,2,,,,2,,,,,,,,,,,,,,1,1,1,2,2,1,3,,77,10,1,01,4,1081,300000,41,1453.5570992,
5356845,1,4,1,60,2,41,2,,,,,,,,,,,1,,,,,,,,,,,,,,,,,,,,,,,,,,,,,,,,,,,,,,,,,,,,,,,,.,,,,,,,,,.,1,,,,,,,,,40,,.,40,,,2,1,,2,,2,,,,1,,,,,,1,,,,2,2,1,0,1,4,,2,,,,,,,,9,14,,,2,,,,2,,,,,,,,,,,,,,1,1,1,2,1,1,3,,38,61,1,01,6,6190,,41,1453.5570992,
5356845,1,5,1,60,2,41,2,,,,,,,,,,,3,,,,,,,,,,,,,,,,,,,,,,,,,,,,,,,,,,,,,,,,,,,,,,,6,,,,,2,300000,1,3000000,3,,12,2,,,,,1,1,1,56,,.,35,6,,1,7,,2,,2,,,,1,,,,,,1,,,,2,2,1,0,72,4,,1,41,7,4,,150000,2,1,8,3,4,2,2,,,,1,1,1,1,2,2,2,1,1,2,2,,2,1,1,1,1,2,1,1,10,BUSCAR OTRO TRABAJO,99,45,1,01,4,4542,450000,41,1453.5570992,
5356847,1,1,1,60,2,41,2,,,,,,,,,,,144,,,,,,,,,,,,,,,,,,,,,,,,,,,,,,,,,,,,,,,,,,,,,,,7,,2,,,2,800000,1,9600000,3,,12,1,1,0,0,1,1,3,2,48,,.,48,,,2,8,,2,,2,,,,1,,,,1,,,,,,2,2,1,0,60,8,,2,,,,,,,,10,3,5,,2,,,,2,,,,,,,,,,,,,,1,1,1,2,1,1,2,,61,01,1,01,4,0123,800000,41,1252.2150949,
5356847,1,2,1,60,2,41,2,,,,,,,,,,,120,,,,,,,,,,,,,,,,,,,,,,,,,,,,,,,,,,,,,,,,,,,,,,,,.,,,,,,,,,.,12,,,,,,,,,28,2,,28,,,2,8,,2,,2,,,,1,,,,,,,,,1,2,2,2,,,,,2,,,,,,,,,3,5,,2,,,,2,,,,,,,,,,,,,,1,1,1,2,1,1,3,,62,01,1,01,6,0123,,41,1252.2150949,
5356847,1,4,1,60,2,41,2,,,,,,,,,,,48,,,,,,,,,,,,,,,,,,,,,,,,,,,,,,,,,,,,,,,,,,,,,,,7,,2,,,2,600000,1,7200000,3,,12,2,,,,,1,3,2,50,,.,50,,,1,8,,2,,2,,,,1,,,1,1,,,,,,2,2,1,1,60,4,,2,,,,,,,,10,3,15,,2,,,,2,,,,,,,,,,,,,,1,1,1,2,1,1,9,,61,01,1,01,4,0123,600000,41,1252.2150949,
5356848,1,1,1,60,2,41,2,,,,,,,,,,,240,,,,,,,,,,,,,,,,,,,,,,,,,,,,,,,,,,,,,,,,,,,,,,,6,,,,,2,540000,1,2300000,2,,12,1,2,0,0,2,2,3,2,40,,.,32,6,,2,8,,2,,2,,,,1,,,,,,1,,,,2,2,2,,,,,2,,,,,,,,,3,2,2,2,,,,2,,,,,,,,,,,,,,1,1,1,2,1,1,10,BUSCAR OTRO TRABAJO,62,01,1,01,4,0123,540000,41,1666.676778,
5356848,1,2,1,60,2,41,2,,,,,,,,,,,144,,,,,,,,,,,,,,,,,,,,,,,,,,,,,,,,,,,,,,,,,,,,,,,,.,,,,,,,,,.,12,,,,,,,,,12,2,,12,,,2,8,,2,,2,,,,1,,,,,,1,,,,2,2,1,0,12,3,,2,,,,,,,,9,3,2,,2,,,,2,,,,,,,,,,,,,,1,1,1,2,1,1,3,,62,01,1,01,6,0123,,41,1666.676778,
5356848,1,3,1,60,2,41,2,,,,,,,,,,,12,,,,,,,,,,,,,,,,,,,,,,,,,,,,,,,,,,,,,,,,,,,,,,,,.,,,,,,,,,.,12,,,,,,,,,8,2,,8,,,2,8,,2,,,,,,1,,,,,,,,,1,2,2,2,,,,,2,,,,,,,,,3,2,,2,,,,2,,,,,,,,,,,,,,1,1,1,2,2,1,3,,62,01,1,01,6,0123,,41,1666.676778,
5356849,1,1,1,60,2,41,2,,,,,,,,,,,360,,,,,,,,,,,,,,,,,,,,,,,,,,,,,,,,,,,,,,,,,,,,,,,6,,,,,3,100000,1,3000000,1,,12,2,,,,,2,1,2,45,,.,10,6,,1,8,,11,,2,,,,1,,,,,,,,,1,2,2,2,,,,,2,,,,,,,,,11,15,2,2,,,,2,,,,,,,,,,,,,,1,2,1,2,1,1,8,,61,01,1,01,4,0161,100000,41,1390.4265223,
5356849,1,2,1,60,2,41,2,,,,,,,,,,,180,,,,,,,,,,,,,,,,,,,,,,,,,,,,,,,,,,,,,,,,,,,,,,,6,,,,,3,60000,1,1000000,1,,2,2,,,,,1,10,2,36,1,,18,6,,1,8,,2,,2,,,,1,,,,,,,,,1,2,2,2,,,,,2,,,,,,,,,11,20,2,2,,,,2,,,,,,,,,,,,,,1,2,1,2,2,1,8,,61,01,1,01,4,0121,60000,41,1390.4265223,
5356850,1,1,1,60,2,41,2,,,,,,,,,,,480,,,,,,,,,,,,,,,,,,,,,,,,,,,,,,,,,,,,,,,,,,,,,,,6,,,,,2,180000,1,1800000,2,,12,1,1,0,0,1,2,3,2,48,,.,0,1,,2,8,,2,,2,,,,1,,,,,,1,,,,2,2,2,,,,,2,,,,,,,,,3,2,2,1,40,2,2,2,,,,,,,,,,,,,,1,1,1,2,1,1,3,,61,01,1,01,4,0123,180000,41,878.13922084,
5356850,1,3,1,60,2,41,2,,,,,,,,,,,12,,,,,,,,,,,,,,,,,,,,,,,,,,,,,,,,,,,,,,,,,,,,,,,,.,,,,,,,,,.,12,,,,,,,,,40,,.,32,6,,2,8,,2,,2,,,,1,,,,,,,,,1,9,2,2,,,,,2,,,,,,,,,3,2,2,2,,,,2,,,,,,,,,,,,,,1,1,1,2,1,1,3,,62,01,1,01,6,0123,,41,878.13922084,
5356851,1,1,1,60,2,41,2,,,,,,,,,,,240,,,,,,,,,,,,,,,,,,,,,,,,,,,,,,,,,,,,,,,,,,,,,,,7,,2,,,2,300000,1,8000000,2,,12,2,,,,,1,3,2,40,,.,40,,,1,1,,2,,2,,,,1,,,,1,,,,,,2,2,2,,,,,2,,,,,,,,,3,12,,2,,,,2,,,,,,,,,,,,,,1,1,1,2,1,1,5,,61,01,1,01,4,0123,300000,41,895.47329142,
5356851,1,3,1,60,2,41,2,,,,,,,,,,,120,,,,,,,,,,,,,,,,,,,,,,,,,,,,,,,,,,,,,,,,,,,,,,,6,,,,,2,500000,1,6000000,3,,12,2,,,,,2,9,2,48,,.,48,,,1,8,,2,,2,,,,1,,,,1,,,,,,2,2,2,,,,,2,,,,,,,,,3,25,,2,,,,2,,,,,,,,,,,,,,1,1,1,2,1,1,3,,61,01,1,01,4,0161,500000,41,895.47329142,
5356852,1,1,1,60,2,41,2,,,,,,,,,,,480,,,,,,,,,,,,,,,,,,,,,,,,,,,,,,,,,,,,,,,,,,,,,,,7,,1,2,,2,200000,1,1000000,3,,12,1,1,0,1,0,1,3,2,40,,.,40,,,2,8,,2,,2,,,,1,,,,,,,,,1,2,2,2,,,,,2,,,,,,,,,3,5,,2,,,,2,,,,,,,,,,,,,,1,1,1,1,1,1,5,,61,01,1,01,4,0113,200000,41,1216.1684554,
5356852,1,2,1,60,2,41,2,,,,,,,,,,,480,,,,,,,,,,,,,,,,,,,,,,,,,,,,,,,,,,,,,,,,,,,,,,,7,,1,2,,2,200000,1,1000000,3,,12,1,1,0,1,0,1,3,2,50,,.,50,,,2,8,,2,,2,,,,1,,,,,,,,,1,2,2,2,,,,,2,,,,,,,,,3,5,,2,,,,2,,,,,,,,,,,,,,1,1,1,1,1,1,3,,61,01,1,01,4,0123,200000,41,1216.1684554,
5356852,1,3,1,60,2,41,2,,,,,,,,,,,240,,,,,,,,,,,,,,,,,,,,,,,,,,,,,,,,,,,,,,,,,,,,,,,7,,2,,,2,500000,1,1500000,3,,12,2,,,,,1,3,1,40,,.,0,7,VIAJANDO EN OTRO MUNICIPIO,1,8,,2,,2,,,,1,,,,,,,,,1,2,2,2,,,,,2,,,,,,,,,3,5,,2,,,,2,,,,,,,,,,,,,,1,1,1,1,1,1,3,,61,01,1,01,4,0123,500000,41,1216.1684554,
5356853,1,1,1,60,2,41,2,,,,,,,,,,,6,,,,,,,,,,,,,,,,,,,,,,,,,,,,,,,,,,,,,,,,,,,,,,,6,,,,,2,400000,1,2000000,2,,12,2,,,,,2,1,2,40,,.,32,6,,1,8,,5,,2,,,,1,,,,,,1,,,,2,2,1,0,36,1,,2,,,,,,,,3,3,10,2,2,,,,2,,,,,,,,,,,,,,1,1,1,2,1,1,10,BUSCANDO OTRO TRABAJO,61,01,1,01,4,0121,400000,41,1285.5201454,
5356854,1,1,1,60,2,41,2,,,,,,,,,,,384,,,,,,,,,,,,,,,,,,,,,,,,,,,,,,,,,,,,,,,,,,,,,,,7,,2,,,2,400000,1,5000000,3,,12,2,,,,,1,9,2,60,,.,60,,,1,8,,2,,2,,,,1,,,,1,,,,,,2,2,2,,,,,2,,,,,,,,,3,5,,2,,,,2,,,,,,,,,,,,,,1,1,1,2,1,1,9,,62,01,1,01,4,0123,400000,41,1398.6100338,
5356854,1,3,1,60,2,41,2,,,,,,,,,,,84,,,,,,,,,,,,,,,,,,,,,,,,,,,,,,,,,,,,,,,,,,,,,,,7,,2,,,2,300000,1,4000000,2,,12,2,,,,,1,3,2,48,,.,48,,,1,8,,2,,2,,,,1,,,,1,,,,,,2,2,1,0,60,6,,2,,,,,,,,10,3,5,,2,,,,2,,,,,,,,,,,,,,1,1,1,2,1,1,9,,62,01,1,01,4,0123,300000,41,1398.6100338,
5356854,1,4,1,60,2,41,2,,,,,,,,,,,120,,,,,,,,,,,,,,,,,,,,,,,,,,,,,,,,,,,,,,,,,,,,,,,7,,2,,,2,200000,1,4000000,2,,12,2,,,,,1,6,2,48,,.,48,,,1,8,,2,,2,,,,1,,,,1,,,,,,2,2,2,,,,,2,,,,,,,,,3,10,,2,,,,2,,,,,,,,,,,,,,1,1,1,2,1,1,2,,62,01,1,01,4,0123,200000,41,1398.6100338,
5356854,1,5,1,60,2,41,2,,,,,,,,,,,60,,,,,,,,,,,,,,,,,,,,,,,,,,,,,,,,,,,,,,,,,,,,,,,7,,2,,,2,200000,1,3500000,2,,12,2,,,,,1,9,2,48,,.,30,1,,1,8,,2,,2,,,,1,,,,1,,,,,,2,2,2,,,,,2,,,,,,,,,3,5,2,2,,,,2,,,,,,,,,,,,,,1,2,1,2,1,1,3,,62,01,1,01,4,0123,200000,41,1398.6100338,
5356855,1,1,1,60,2,41,2,,,,,,,,,,,180,,,,,,,,,,,,,,,,,,,,,,,,,,,,,,,,,,,,,,,,,,,,,,,6,,,,,3,80000,1,800000,1,,8,2,,,,,2,1,1,54,,.,18,6,,1,8,,2,,2,,,,1,,,,,,,,,1,2,2,1,0,8,1,,2,,,,,,,,1,3,60,2,1,10,2,1,1,1,1,1,2,1,2,2,1,2,2,,2,1,2,2,2,2,2,1,8,,61,01,1,01,4,0161,80000,41,1300.4650939,
5356856,1,1,1,60,2,41,2,,,,,,,,,,,360,,,,,,,,,,,,,,,,,,,,,,,,,,,,,,,,,,,,,,,,,,,,,,,6,,,,,2,450000,1,2450000,2,,12,1,1,0,0,1,2,3,2,48,,.,48,,,2,8,,2,,2,,,,1,,,,,,1,,,,2,2,1,0,2,4,,2,,,,,,,,10,3,5,,2,,,,2,,,,,,,,,,,,,,1,1,1,2,1,1,10,BUSCAR OTRO TRABAJO,61,01,1,01,4,0161,450000,41,1156.8162344,
5356856,1,3,1,60,2,41,2,,,,,,,,,,,7,,,,,,,,,,,,,,,,,,,,,,,,,,,,,,,,,,,,,,,,,,,,,,,,.,,,,,,,,,.,7,,,,,,,,,14,2,,14,,,2,8,,2,,,,,,1,,,,,,,,,1,2,2,2,,,,,2,,,,,,,,,3,2,,2,,,,2,,,,,,,,,,,,,,1,1,1,2,1,1,3,,62,01,1,01,6,0161,,41,1156.8162344,
5356857,1,1,1,60,2,41,2,,,,,,,,,,,144,,,,,,,,,,,,,,,,,,,,,,,,,,,,,,,,,,,,,,,,,,,,,,,7,,2,,,2,600000,1,7200000,2,,12,2,,,,,1,3,2,48,,.,48,,,1,8,,2,,2,,,,1,,,1,1,,,,,,2,2,1,2,120,8,,2,,,,,,,,10,3,10,,2,,,,2,,,,,,,,,,,,,,1,1,1,2,1,1,2,,61,01,1,01,4,0161,600000,41,601.8889651,
5356858,1,1,1,60,2,41,2,,,,,,,,,,,580,,,,,,,,,,,,,,,,,,,,,,,,,,,,,,,,,,,,,,,,,,,,,,,7,,2,,,2,200000,1,98,3,,12,1,1,0,0,1,2,3,2,40,,.,40,,,2,8,,2,,2,,,,1,,,,,,,,,1,2,2,2,,,,,2,,,,,,,,,3,2,,2,,,,2,,,,,,,,,,,,,,1,2,1,2,1,1,8,,60,01,1,01,4,0123,200000,41,1298.1574654,
5356858,1,3,1,60,2,41,2,,,,,,,,,,,96,,,,,,,,,,,,,,,,,,,,,,,,,,,,,,,,,,,,,,,,,,,,,,,6,,,,,3,,1,600000,1,,10,2,,,,,2,1,1,45,,.,10,6,,1,8,,2,,2,,,,1,,,,,,,,,1,2,2,2,,,,,2,,,,,,,,,3,10,2,2,,,,1,1,1,1,2,1,2,2,1,2,2,,2,1,1,2,1,2,2,1,3,,62,01,1,01,4,0123,,41,1298.1574654,
5356858,1,5,1,60,2,41,2,,,,,,,,,,,9,,,,,,,,,,,,,,,,,,,,,,,,,,,,,,,,,,,,,,,,,,,,,,,,.,,,,,,,,,.,9,,,,,,,,,45,,.,45,,,2,8,,2,,2,,,,1,,,,,,,,,1,2,2,1,2,36,1,,2,,,,,,,,1,3,5,,2,,,,2,,,,,,,,,,,,,,1,2,1,2,2,1,3,,62,01,1,01,6,0123,,41,1298.1574654,
5356859,1,1,1,60,2,41,2,,,,,,,,,,,240,,,,,,,,,,,,,,,,,,,,,,,,,,,,,,,,,,,,,,,,,,,,,,,6,,,,,2,500000,1,6000000,2,,12,2,,,,,2,9,2,48,,.,48,,,1,8,,2,,2,,,,1,,,,1,,,,,,2,2,2,,,,,2,,,,,,,,,3,15,,2,,,,1,1,2,1,2,1,2,2,1,2,2,,2,1,2,2,1,2,2,1,2,,61,01,1,01,4,0161,500000,41,1771.5831549,
5356860,1,1,1,60,2,41,2,,,,,,,,,,,450,,,,,,,,,,,,,,,,,,,,,,,,,,,,,,,,,,,,,,,,,,,,,,,6,,,,,2,200000,1,2000000,2,,12,2,,,,,2,3,2,40,,.,48,,,1,8,,2,,2,,,,1,,,,,,1,,,,2,2,2,,,,,2,,,,,,,,,3,6,,2,,,,2,,,,,,,,,,,,,,1,1,1,2,1,1,3,,62,01,1,01,4,0123,200000,41,1955.2843675,
5356860,1,3,1,60,2,41,2,,,,,,,,,,,24,,,,,,,,,,,,,,,,,,,,,,,,,,,,,,,,,,,,,,,,,,,,,,,6,,,,,2,100000,1,1500000,2,,1,2,,,,,1,3,2,16,2,,16,,,1,8,,2,,2,,,,1,,,,,,,,,1,2,2,2,,,,,2,,,,,,,,,3,10,,1,30,2,2,2,,,,,,,,,,,,,,1,1,1,2,2,1,3,,62,01,1,01,4,0123,100000,41,1955.2843675,
5356860,1,4,1,60,2,41,2,,,,,,,,,,,18,,,,,,,,,,,,,,,,,,,,,,,,,,,,,,,,,,,,,,,,,,,,,,,6,,,,,2,0,1,2000000,2,,12,2,,,,,2,3,1,40,,.,24,6,,1,8,,2,,2,,,,1,,,,,,,,,1,2,2,2,,,,,2,,,,,,,,,3,10,2,1,24,1,1,2,,,,,,,,,,,,,,1,1,1,2,2,1,3,,62,01,1,01,4,0123,0,41,1955.2843675,
5356860,1,8,1,60,2,41,2,,,,,,,,,,,120,,,,,,,,,,,,,,,,,,,,,,,,,,,,,,,,,,,,,,,,,,,,,,,6,,,,,2,150000,1,2000000,2,,12,2,,,,,2,3,2,40,,.,24,6,,1,8,,2,,2,,,,1,,,,,,1,,,,1,2,2,,,,,2,,,,,,,,,3,10,2,1,24,1,1,2,,,,,,,,,,,,,,1,1,2,2,2,1,10,BUSCANDO OTRO TRABAJO,62,01,1,01,4,0123,150000,41,1955.2843675,
5356861,1,1,1,60,2,41,2,,,,,,,,,,,290,,,,,,,,,,,,,,,,,,,,,,,,,,,,,,,,,,,,,,,,,,,,,,,6,,,,,3,200000,1,98,3,,12,2,,,,,2,1,2,50,,.,20,6,,1,8,,2,,2,,,,1,,,,,,,,,1,2,2,2,,,,,2,,,,,,,,,3,10,2,1,10,2,1,1,1,1,1,2,1,2,1,1,2,2,,2,1,2,2,1,2,2,1,8,,62,01,1,01,4,0123,200000,41,1108.5929702,
5356862,1,1,1,60,2,41,2,,,,,,,,,,,386,,,,,,,,,,,,,,,,,,,,,,,,,,,,,,,,,,,,,,,,,,,,,,,6,,,,,3,100000,1,500000,3,,12,2,,,,,2,1,1,54,,.,54,,,1,8,,10,,2,,,,1,,,,,,,,,1,2,2,2,,,,,2,,,,,,,,,3,30,,2,,,,1,1,1,1,2,1,1,2,1,2,2,,2,1,2,2,2,2,2,1,8,,61,01,1,01,4,0161,100000,41,1415.3065692,
5356862,1,4,1,60,2,41,2,,,,,,,,,,,12,,,,,,,,,,,,,,,,,,,,,,,,,,,,,,,,,,,,,,,,,,,,,,,6,,,,,3,100000,1,1500000,1,,12,2,,,,,2,1,1,27,1,,0,6,,1,8,,2,,,,,,1,,,,,,,,,1,2,2,2,,,,,2,,,,,,,,,3,15,2,2,,,,1,1,1,1,2,1,2,2,2,2,2,,2,1,1,2,2,2,2,1,3,,61,01,1,01,4,0123,100000,41,1415.3065692,
5356862,1,6,1,60,2,41,2,,,,,,,,,,,18,,,,,,,,,,,,,,,,,,,,,,,,,,,,,,,,,,,,,,,,,,,,,,,6,,,,,3,100000,1,98,1,,10,2,,,,,1,1,1,20,1,,0,6,,1,8,,2,,2,,,,1,,,,,,,,,1,2,2,1,2,12,1,,2,,,,,,,,9,3,15,2,2,,,,2,,,,,,,,,,,,,,1,2,1,2,2,1,3,,61,01,1,01,4,0121,100000,41,1415.3065692,
5356862,1,8,1,60,2,41,2,,,,,,,,,,,12,,,,,,,,,,,,,,,,,,,,,,,,,,,,,,,,,,,,,,,,,,,,,,,7,,2,,,2,,1,100000,3,,4,2,,,,,2,3,1,20,1,,0,6,,1,8,,2,,2,,,,1,,,,,,,,,1,2,2,1,6,36,3,,2,,,,,,,,9,3,15,2,2,,,,1,1,1,1,2,2,2,2,2,2,2,,2,1,1,2,1,2,2,1,8,,61,01,1,01,4,0121,,41,1415.3065692,
5356864,1,1,1,60,2,41,2,,,,,,,,,,,390,,,,,,,,,,,,,,,,,,,,,,,,,,,,,,,,,,,,,,,,,,,,,,,6,,,,,2,150000,1,2000000,2,,12,2,,,,,2,3,2,40,,.,24,6,,1,8,,2,,2,,,,1,,,,,,1,,,,2,2,1,0,240,8,,2,,,,,,,,11,11,5,2,1,24,1,1,2,,,,,,,,,,,,,,1,1,1,2,1,1,10,BUSCANDO OTRO TRABAJO,62,01,1,01,4,0123,150000,41,658.85658653,
5356864,1,2,1,60,2,41,2,,,,,,,,,,,12,,,,,,,,,,,,,,,,,,,,,,,,,,,,,,,,,,,,,,,,,,,,,,,7,,2,,,2,36000,1,2160000,3,,12,2,,,,,3,3,2,30,2,,30,,,1,1,,2,,2,,,,1,,,,,,1,,,,2,2,1,0,480,7,,2,,,,,,,,11,14,,,2,,,,2,,,,,,,,,,,,,,1,1,1,2,1,1,3,,41,47,1,01,4,4711,36000,41,658.85658653,
5356865,1,1,1,60,2,41,2,,,,,,,,,,,36,,,,,,,,,,,,,,,,,,,,,,,,,,,,,,,,,,,,,,,,,,,,,,,7,,1,1,2020,2,200000,1,4000000,2,,12,2,,,,,1,9,2,30,2,,30,,,1,8,,2,,2,,,,1,,,,1,,,,,,2,2,2,,,,,2,,,,,,,,,3,10,,2,,,,2,,,,,,,,,,,,,,1,1,1,2,1,1,2,,61,01,1,01,4,0161,200000,41,898.81785228,
5356866,1,1,1,60,2,41,2,,,,,,,,,,,276,,,,,,,,,,,,,,,,,,,,,,,,,,,,,,,,,,,,,,,,,,,,,,,6,,,,,2,250000,1,3000000,2,,12,2,,,,,2,3,2,48,,.,24,1,,1,8,,2,,2,,,,1,,,,,,1,,,,2,2,2,,,,,2,,,,,,,,,11,5,2,2,,,,2,,,,,,,,,,,,,,1,1,1,2,1,1,10,BUSCANDO MAS TRABAJO,61,01,1,01,4,0161,250000,41,1189.9754208,
5356866,1,3,1,60,2,41,2,,,,,,,,,,,50,,,,,,,,,,,,,,,,,,,,,,,,,,,,,,,,,,,,,,,,,,,,,,,6,,,,,2,150000,1,1500000,2,,12,2,,,,,2,3,1,40,,.,16,6,,1,8,,2,,2,,,,1,,,,,,,,,1,2,2,2,,,,,2,,,,,,,,,3,5,2,2,,,,2,,,,,,,,,,,,,,1,1,2,2,2,1,3,,61,01,1,01,4,0161,150000,41,1189.9754208,
5356870,1,1,1,60,2,41,2,,,,,,,,,,,300,,,,,,,,,,,,,,,,,,,,,,,,,,,,,,,,,,,,,,,,,,,,,,,7,,2,,,2,600000,1,7200000,2,,12,2,,,,,1,7,2,50,,.,50,,,1,8,,2,,2,,,,1,,,,1,,,,,,2,2,2,,,,,2,,,,,,,,,3,5,,2,,,,2,,,,,,,,,,,,,,1,1,1,1,1,1,2,,61,01,1,01,4,0124,600000,41,1575.3616357,
5356870,1,4,1,60,2,41,2,,,,,,,,,,,18,,,,,,,,,,,,,,,,,,,,,,,,,,,,,,,,,,,,,,,,,,,,,,,7,,2,,,2,200000,1,2000000,2,,12,2,,,,,1,3,2,30,2,,20,4,,1,1,,2,,2,,,,1,,1,,,,,,,,2,2,2,,,,,2,,,,,,,,,3,5,,2,,,,2,,,,,,,,,,,,,,1,1,1,2,1,1,3,,61,01,1,01,4,0124,200000,41,1575.3616357,
5356871,1,1,1,60,2,41,2,,,,,,,,,,,480,,,,,,,,,,,,,,,,,,,,,,,,,,,,,,,,,,,,,,,,,,,,,,,7,,2,,,2,400000,1,5000000,2,,12,1,4,0,0,4,2,3,2,8,2,,8,,,3,8,,2,,2,,,,1,,,,,,1,,,,2,2,2,,,,,2,,,,,,,,,3,1,,2,,,,2,,,,,,,,,,,,,,1,1,1,1,1,1,3,,61,01,1,01,4,0124,400000,41,2445.6767471,
5356871,1,2,1,60,2,41,2,,,,,,,,,,,400,,,,,,,,,,,,,,,,,,,,,,,,,,,,,,,,,,,,,,,,,,,,,,,,.,,,,,,,,,.,12,,,,,,,,,24,2,,8,1,,2,8,,2,,2,,,,1,,,,,,1,,,,2,2,2,,,,,1,41,8,6,,,2,8,,3,3,2,2,,,,2,,,,,,,,,,,,,,1,1,1,2,1,1,3,,62,01,1,01,7,0124,,41,2445.6767471,
5356871,1,3,1,60,2,41,2,,,,,,,,,,,18,,,,,,,,,,,,,,,,,,,,,,,,,,,,,,,,,,,,,,,,,,,,,,,6,,,,,2,0,1,1500000,2,,12,2,,,,,2,3,2,48,,.,16,1,,1,8,,2,,2,,,,1,,,,,,,,,1,2,2,1,0,3,4,,1,41,6,6,,,2,8,1,3,2,2,2,,,,2,,,,,,,,,,,,,,1,1,1,2,1,1,3,,61,01,1,01,4,0123,0,41,2445.6767471,
5356871,1,4,1,60,2,41,2,,,,,,,,,,,12,,,,,,,,,,,,,,,,,,,,,,,,,,,,,,,,,,,,,,,,,,,,,,,,.,,,,,,,,,.,12,,,,,,,,,6,2,,6,,,3,8,,2,,,,,,1,,,,,,,,,1,2,2,2,,,,,2,,,,,,,,,3,1,,2,,,,2,,,,,,,,,,,,,,1,1,1,2,1,1,3,,62,01,1,01,6,0124,,41,2445.6767471,
5356871,1,5,1,60,2,41,2,,,,,,,,,,,48,,,,,,,,,,,,,,,,,,,,,,,,,,,,,,,,,,,,,,,,,,,,,,,6,,,,,2,250000,1,3000000,2,,12,2,,,,,2,3,2,48,,.,40,1,,1,8,,2,,2,,,,1,,,,,,1,,,,2,2,1,0,4,4,,1,41,6,6,,,2,8,1,11,60,2,2,,,,2,,,,,,,,,,,,,,1,1,1,2,1,1,3,,61,01,1,01,4,0123,250000,41,2445.6767471,
5356872,1,2,1,60,2,41,2,,,,,,,,,,,1,,,,,,,,,,,,,,,,,,,,,,,,,,,,,,,,,,,,,,,,,,,,,,,6,,,,,3,300000,1,300000,3,,6,2,,,,,3,1,1,50,,.,50,,,1,6,,2,,2,,,,1,,,,,,,,,1,2,2,1,2,1,1,,2,,,,,,,,3,13,5,,2,,,,2,,,,,,,,,,,,,,1,2,2,2,2,1,8,,50,56,1,01,4,5619,300000,41,1765.690419,
5356872,1,3,1,60,2,41,2,,,,,,,,,,,1,,,,,,,,,,,,,,,,,,,,,,,,,,,,,,,,,,,,,,,,,,,,,,,6,,,,,3,150000,1,500000,1,,3,2,,,,,2,5,1,20,1,,20,,,1,8,,2,,2,,,,1,,,,,,,,,1,2,2,2,,,,,2,,,,,,,,,3,20,,1,20,2,1,1,1,1,1,2,1,2,2,1,1,2,,1,1,2,2,2,2,2,1,3,,62,01,1,01,4,0161,150000,41,1765.690419,
5356873,1,1,1,60,2,41,2,,,,,,,,,,,120,,,,,,,,,,,,,,,,,,,,,,,,,,,,,,,,,,,,,,,,,,,,,,,6,,,,,3,900000,1,3000000,3,,6,2,,,,,2,3,1,54,,.,54,,,1,9,,2,,2,,,,1,,,,,,,,,1,2,2,1,0,24,2,,2,,,,,,,,3,13,35,,1,10,2,1,2,,,,,,,,,,,,,,1,1,1,2,2,1,5,,93,43,1,01,4,4330,900000,41,1816.761128,
5356874,1,1,1,60,2,41,2,,,,,,,,,,,84,,,,,,,,,,,,,,,,,,,,,,,,,,,,,,,,,,,,,,,,,,,,,,,7,,2,,,2,400000,1,4000000,3,,12,2,,,,,1,1,1,40,,.,40,,,1,8,,2,,2,,,,1,,,,1,,,,,,2,2,2,,,,,2,,,,,,,,,3,5,,2,,,,1,1,1,1,2,1,2,2,1,1,2,,1,1,2,2,1,2,2,1,3,,61,01,1,01,4,0161,400000,41,1558.7833085,
5356875,1,1,1,60,2,41,2,,,,,,,,,,,400,,,,,,,,,,,,,,,,,,,,,,,,,,,,,,,,,,,,,,,,,,,,,,,7,,2,,,2,300000,1,4000000,3,,12,1,1,0,0,1,1,3,2,48,,.,48,,,2,8,,2,,2,,,,1,,,,,,,,,1,2,2,2,,,,,2,,,,,,,,,3,5,,2,,,,2,,,,,,,,,,,,,,1,2,1,2,1,1,3,,61,01,1,01,4,0124,300000,41,1221.3728261,
5356875,1,2,1,60,2,41,2,,,,,,,,,,,240,,,,,,,,,,,,,,,,,,,,,,,,,,,,,,,,,,,,,,,,,,,,,,,,.,,,,,,,,,.,8,,,,,,,,,21,2,,21,,,2,8,,2,,2,,,,1,,,,,,,,,1,2,2,2,,,,,2,,,,,,,,,3,5,,2,,,,2,,,,,,,,,,,,,,1,1,1,2,1,1,3,,62,01,1,01,6,0124,,41,1221.3728261,
5356876,1,1,1,60,2,41,2,,,,,,,,,,,248,,,,,,,,,,,,,,,,,,,,,,,,,,,,,,,,,,,,,,,,,,,,,,,7,,2,,,2,60000,1,1800000,3,,12,1,1,0,0,1,1,3,2,30,1,,30,,,2,8,,2,,2,,,,1,,,,,,,,,1,2,2,1,0,24,3,,1,41,9,4,,180000,1,2,9,3,2,,2,,,,2,,,,,,,,,,,,,,1,1,1,1,1,1,3,,61,01,1,01,4,0124,240000,41,1809.8776192,
5356876,1,2,1,60,2,41,2,,,,,,,,,,,96,,,,,,,,,,,,,,,,,,,,,,,,,,,,,,,,,,,,,,,,,,,,,,,7,,2,,,2,80000,1,800000,3,,12,1,1,0,0,1,2,3,1,60,,.,60,,,2,8,,2,,2,,,,1,,,,,,,,,1,2,2,1,0,24,1,,1,41,50,8,,250000,2,8,2,3,2,,1,5,2,1,1,1,1,1,2,1,2,2,2,2,2,,2,1,1,2,1,2,1,1,3,,61,01,1,01,4,0124,330000,41,1809.8776192,
5356877,1,1,1,60,2,41,2,,,,,,,,,,,108,,,,,,,,,,,,,,,,,,,,,,,,,,,,,,,,,,,,,,,,,,,,,,,7,,2,,,2,70000,1,4800000,2,,12,1,1,0,0,1,2,3,2,48,,.,24,6,,2,8,,2,,2,,,,1,,,,,,1,,,,2,2,1,0,36,4,,2,,,,,,,,9,3,1,2,2,,,,2,,,,,,,,,,,,,,1,1,1,2,1,1,10,BUSCAR OTRO TRABAJO,61,01,1,01,4,0161,70000,41,1721.6345664,
5356877,1,2,1,60,2,41,2,,,,,,,,,,,108,,,,,,,,,,,,,,,,,,,,,,,,,,,,,,,,,,,,,,,,,,,,,,,,.,,,,,,,,,.,12,,,,,,,,,30,2,,30,,,2,8,,2,,2,,,,1,,,,,,1,,,,2,2,1,0,60,3,,2,,,,,,,,9,3,1,,2,,,,2,,,,,,,,,,,,,,1,1,1,2,1,1,3,,62,01,1,01,6,0161,,41,1721.6345664,
5356878,1,1,1,60,2,41,2,,,,,,,,,,,360,,,,,,,,,,,,,,,,,,,,,,,,,,,,,,,,,,,,,,,,,,,,,,,7,,2,,,2,800000,1,9600000,2,,8,1,1,0,0,1,1,3,2,48,,.,48,,,2,8,,2,,2,,,,1,,,,1,,,,,,2,2,1,0,48,8,,2,,,,,,,,2,3,10,,2,,,,1,1,2,1,2,2,2,2,1,2,2,,2,2,1,1,1,2,1,1,2,,61,01,1,01,4,0161,800000,41,1941.0784792,
5356878,1,2,1,60,2,41,2,,,,,,,,,,,360,,,,,,,,,,,,,,,,,,,,,,,,,,,,,,,,,,,,,,,,,,,,,,,,.,,,,,,,,,.,12,,,,,,,,,30,2,,30,,,2,8,,2,,2,,,,1,,,,1,,,,,,2,2,2,,,,,2,,,,,,,,,3,5,,2,,,,2,,,,,,,,,,,,,,1,1,1,2,1,1,3,,62,01,1,01,6,0161,,41,1941.0784792,
5356878,1,3,1,60,2,41,2,,,,,,,,,,,48,,,,,,,,,,,,,,,,,,,,,,,,,,,,,,,,,,,,,,,,,,,,,,,7,,2,,,2,200000,1,3600000,2,,12,2,,,,,1,10,2,40,,.,40,,,1,8,,2,,2,,,,1,,,,1,,,,,,2,2,2,,,,,2,,,,,,,,,3,5,,2,,,,1,1,2,1,2,1,2,2,1,2,2,,2,1,2,2,1,2,2,1,3,,61,01,1,01,4,0161,200000,41,1941.0784792,
5356879,1,1,1,60,2,5,1,2,1,,1,,,1,2,2,1,12,,1,,2,1060000,2,,,2,,2,,2,,2,,2,,,1,113000,2,2,,,2,,,2,,,2,,,1,900000,2,,2,,2,,2,,2,,,.,,,,,,,,,.,12,,,,,,,,,48,,.,50,,,5,7,,1,,1,1,1,1,1,1,,,,,,,,,1,1,1,0,9,1,,2,,,,,,,,3,1,30,,2,,,,2,,,,,,,,,,,,,,1,1,1,2,1,1,8,,45,46,1,01,1,4631,1060000,05,2158.7270774,
5356879,1,2,1,60,2,5,1,1,,,1,,,1,2,2,2,1,,1,,2,878000,2,,,2,,2,,2,,2,,2,,,1,113000,2,2,,,2,,,2,,,2,,,2,,2,,2,,2,,2,,2,,,.,,,,,,,,,.,1,,,,,,,,,48,,.,48,,,3,7,,10,,2,,,,1,,,,,,,,,1,2,2,2,,,,,2,,,,,,,,,1,30,,2,,,,2,,,,,,,,,,,,,,1,1,1,2,1,1,8,,97,46,1,01,1,4631,878000,05,2158.7270774,
5356880,1,1,1,60,2,5,2,,,,,,,,,,,12,,,,,,,,,,,,,,,,,,,,,,,,,,,,,,,,,,,,,,,,,,,,,,,6,,,,,2,840000,1,9600000,3,,12,2,,,,,2,1,1,48,,.,48,,,1,7,,4,,2,,,,1,,,,,,,,,1,2,2,1,0,2,1,,2,,,,,,,,3,2,30,,2,,,,2,,,,,,,,,,,,,,1,1,1,2,1,1,8,,97,52,1,01,4,5224,840000,05,1701.8495371,
5356881,1,2,1,60,2,5,1,2,2,12,1,,,1,1,2,1,48,,2,,2,916000,2,,,1,200000,2,,2,,2,,2,,,1,107000,2,2,,,2,,,2,,,2,,,1,877000,2,,2,,2,,2,,2,,,.,,,,,,,,,.,12,,,,,,,,,48,,.,40,2,,7,7,,1,,1,2,1,4,1,1,,,,,,,,,1,1,2,,,,,2,,,,,,,,,3,20,,2,,,,2,,,,,,,,,,,,,,1,1,1,2,1,1,8,,53,56,1,01,1,5611,1116000,05,1443.8717176,
5356882,1,1,1,60,2,5,1,2,2,3,1,,,1,1,2,1,24,,2,,2,877000,2,,,1,250000,2,,2,,2,,2,,,1,103000,2,2,,,2,,,2,,,2,,,1,877000,2,,2,,2,,2,,2,,,.,,,,,,,,,.,12,,,,,,,,,48,,.,40,2,,9,7,,1,,1,1,1,5,1,1,,,,,,,,,1,1,1,1,24,1,,2,,,,,,,,3,2,20,,2,,,,1,1,2,1,2,2,2,2,2,2,2,,1,1,2,2,1,2,1,1,8,,97,29,1,01,1,2910,1127000,05,1558.7833085,
5356883,1,1,1,60,2,5,1,2,1,,1,,,1,2,2,2,3,,1,,2,1000000,2,,,2,,2,,2,,2,,2,,,1,113000,2,1,36000,2,2,,,2,,,2,,,1,900000,2,,2,,2,,2,,1,10,,,,,,,,,,,,10,,,,,,,,,48,,.,58,,,8,7,,1,,1,2,1,2,1,1,,,,,,,,,1,1,1,2,7,1,,2,,,,,,,,5,3,20,,2,,,,2,,,,,,,,,,,,,,1,1,1,2,1,1,8,,77,10,1,01,1,1089,1000000,05,1647.2453006,
5356883,1,4,1,60,2,5,1,2,2,3,1,,,2,2,2,2,4,,1,,2,878000,2,,,2,,2,,2,,2,,2,,,1,113000,2,1,35000,2,2,,,2,,,2,,,1,400000,2,,2,,2,,2,,2,,,.,,,,,,,,,.,9,,,,,,,,,60,,.,60,,,2,7,,1,,1,1,1,4,1,1,,,,,,,,,1,1,1,3,24,1,,2,,,,,,,,5,1,60,,2,,,,2,,,,,,,,,,,,,,1,1,1,2,1,1,8,,45,56,1,01,1,5619,878000,05,1647.2453006,
5356884,1,1,1,60,2,5,1,2,2,12,2,3,,1,1,2,1,36,,2,,2,1000000,2,,,2,,2,,2,,2,,2,,,1,104000,2,1,28000,2,2,,,2,,,2,,,1,877000,2,,2,,2,,2,,2,,,.,,,,,,,,,.,12,,,,,,,,,48,,.,48,,,9,7,,1,,1,2,1,25,1,1,,,,,,,,,1,1,1,0,24,1,,2,,,,,,,,2,11,30,,2,,,,2,,,,,,,,,,,,,,1,1,1,2,1,1,1,,58,68,1,01,1,6820,1000000,05,2175.3054046,8010
5356884,1,2,1,60,2,5,2,,,,,,,,,,,72,,,,,,,,,,,,,,,,,,,,,,,,,,,,,,,,,,,,,,,,,,,,,,,6,,,,,2,200000,1,2400000,3,,12,2,,,,,2,3,2,48,,.,48,,,1,1,,3,,2,,,,1,,,,,,,,,1,2,2,1,12,6,1,,2,,,,,,,,9,14,,,2,,,,2,,,,,,,,,,,,,,1,1,1,2,1,1,3,,54,88,1,01,4,8890,200000,05,2175.3054046,
5356885,1,1,1,60,2,5,1,2,2,3,1,,,1,1,2,1,36,,2,,2,900000,2,,,2,,2,,2,,2,,2,,,1,104000,2,2,,,2,,,2,,,2,,,1,877000,2,,2,,2,,2,,1,8,,,,,,,,,,,,12,,,,,,,,,48,,.,40,2,,7,7,,1,,1,1,1,3,1,1,,,,,,,,,1,1,1,0,30,8,,2,,,,,,,,3,3,15,,2,,,,2,,,,,,,,,,,,,,1,1,1,2,1,1,1,,97,46,1,01,1,4631,900000,05,2219.0344318,
5356885,1,4,1,60,2,5,1,2,2,3,1,,,1,2,2,1,3,,2,,2,900000,2,,,2,,2,,2,,2,,2,,,1,104000,2,2,,,2,,,2,,,2,,,1,877000,2,,2,,2,,2,,2,,,.,,,,,,,,,.,12,,,,,,,,,48,,.,40,2,,7,7,,1,,1,1,1,4,1,1,,,,,,,,,1,2,1,0,6,1,,2,,,,,,,,1,3,15,,2,,,,2,,,,,,,,,,,,,,1,1,1,2,1,1,1,,97,46,1,01,1,4631,900000,05,2219.0344318,
5356887,1,6,1,60,2,5,1,2,1,,1,,,1,2,2,2,3,,1,,2,878000,2,,,2,,2,,2,,2,,2,,,1,113000,2,2,,,2,,,2,,,2,,,1,200000,2,,2,,2,,2,,2,,,.,,,,,,,,,.,9,,,,,,,,,48,,.,48,,,9,7,,1,,1,1,1,1,1,1,,,,,,,,,1,1,1,3,18,1,,2,,,,,,,,5,11,15,,2,,,,2,,,,,,,,,,,,,,1,1,1,2,1,1,8,,97,13,1,01,1,1311,878000,05,1904.1598003,
5356888,1,2,1,60,2,5,2,,,,,,,,,,,6,,,,,,,,,,,,,,,,,,,,,,,,,,,,,,,,,,,,,,,,,,,,,,,4,,,,,2,200000,1,1200000,3,,6,2,,,,,1,1,1,30,1,,30,,,1,1,,10,,2,,,,1,,,,,,,,,1,2,2,2,,,,,2,,,,,,,,,14,,,2,,,,1,1,1,1,2,2,2,2,2,2,2,,2,1,2,2,1,2,2,1,3,,83,25,1,01,4,2599,200000,05,791.47312289,
5356889,1,1,1,60,2,5,1,1,,,1,,,1,2,2,2,7,,1,,2,600000,2,,,2,,2,,2,,2,,2,,,2,,,2,,,2,,,2,,,2,,,2,,2,,2,,2,,2,,2,,,.,,,,,,,,,.,7,,,,,,,,,48,,.,40,2,,6,7,,2,,2,,,,1,,,,,,,,,1,2,2,1,6,6,4,,2,,,,,,,,2,3,15,,2,,,,1,1,2,1,2,2,2,2,2,2,2,,1,1,2,2,1,1,1,1,8,,97,46,1,01,1,4631,600000,05,1965.2414165,
5356889,1,2,1,60,2,5,1,1,,,1,,,1,2,2,2,8,,1,,2,600000,2,,,2,,2,,2,,2,,2,,,2,,,2,,,2,,,2,,,2,,,2,,2,,2,,2,,2,,2,,,.,,,,,,,,,.,8,,,,,,,,,48,,.,40,2,,6,7,,3,,2,,,,1,,,,,,,,,1,2,2,2,,,,,2,,,,,,,,,3,15,,2,,,,2,,,,,,,,,,,,,,1,1,1,2,1,1,3,,97,46,1,01,1,4631,600000,05,1965.2414165,
5356890,1,1,1,60,2,5,1,1,,,1,,,1,2,2,2,8,,1,,2,400000,2,,,2,,2,,2,,2,,2,,,2,,,2,,,2,,,2,,,2,,,2,,2,,2,,2,,2,,2,,,.,,,,,,,,,.,8,,,,,,,,,40,,.,40,,,3,9,,1,,3,,,,,.,,,,,,,,,2,2,1,36,120,1,,2,,,,,,,,4,3,8,,2,,,,2,,,,,,,,,,,,,,1,1,1,2,1,1,2,,95,41,1,01,1,4111,400000,05,1221.3728261,
5356891,1,1,1,60,2,5,1,1,,,1,,,1,2,2,2,0,,1,,2,877000,2,,,2,,2,,2,,2,,2,,,2,,,2,,,2,,,2,,,2,,,2,,2,,2,,2,,2,,2,,,.,,,,,,,,,.,12,,,,,,,,,48,,.,40,2,,3,7,,2,,2,,,,1,,,,,,,,,1,2,2,1,0,12,1,,2,,,,,,,,1,4,90,,2,,,,1,1,2,1,2,1,2,2,2,2,2,,1,1,2,2,1,2,2,1,8,,03,43,1,01,1,4321,877000,05,1582.753142,
5356893,1,1,1,60,2,5,1,2,2,12,1,,,1,1,2,1,24,,2,,2,1600000,2,,,2,,2,,1,260000,2,,2,,,2,,,1,36000,2,2,,,2,,,2,,,1,1600000,2,,2,,2,,2,,2,,,.,,,,,,,,,.,12,,,,,,,,,48,,.,40,2,,7,4,,1,,1,2,1,23,1,1,,,,,,,,,1,1,1,0,36,1,,2,,,,,,,,3,7,45,,2,,,,2,,,,,,,,,,,,,,1,1,1,2,1,1,1,,97,77,1,01,1,7730,1600000,05,1575.3616357,
5356893,1,3,1,60,2,5,1,2,2,12,1,,,1,2,2,2,1,,2,,2,600000,2,,,2,,2,,2,,2,,2,,,2,,,2,,,2,,,2,,,2,,,2,,2,,2,,2,,2,,2,,,.,,,,,,,,,.,1,,,,,,,,,48,,.,40,2,,7,7,,3,,2,,,,1,,,,,,,,,1,2,2,2,,,,,2,,,,,,,,,4,45,,2,,,,2,,,,,,,,,,,,,,1,1,1,2,2,1,3,,03,95,1,01,1,9511,600000,05,1575.3616357,
5356894,1,1,1,60,2,5,1,1,,,1,,,1,2,2,2,24,,1,,2,900000,2,,,1,200000,2,,2,,2,,2,,,2,,,2,,,2,,,2,,,2,,,1,900000,2,,2,,2,,2,,2,,,.,,,,,,,,,.,12,,,,,,,,,60,,.,60,,,3,7,,2,,2,,,,1,,,,,,,,,1,2,2,1,12,12,1,,2,,,,,,,,1,11,20,,2,,,,2,,,,,,,,,,,,,,1,1,1,2,1,1,3,,53,56,1,01,1,5619,1100000,05,1606.5040361,
5356894,1,2,1,60,2,5,1,1,,,1,,,1,2,2,2,8,,1,,2,240000,2,,,1,180000,2,,2,,2,,2,,,2,,,2,,,2,,,2,,,2,,,2,,2,,2,,2,,2,,2,,,.,,,,,,,,,.,8,,,,,,,,,18,2,,18,,,3,7,,2,,2,,,,1,,,,,,,,,1,2,2,1,5,12,1,,2,,,,,,,,1,2,20,,2,,,,2,,,,,,,,,,,,,,1,1,1,2,1,1,3,,53,56,1,01,1,5611,420000,05,1606.5040361,
5356895,1,1,1,60,2,5,1,2,1,,1,,,1,2,2,1,36,,1,,2,1500000,2,,,2,,2,,2,,2,,2,,,1,114000,2,1,72000,2,2,,,2,,,2,,,1,1500000,2,,2,,2,,2,,2,,,.,,,,,,,,,.,12,,,,,,,,,48,,.,0,7,EL CARRO ESTABA EN REPARACION EN EL TALLER,7,4,,1,,1,1,1,15,1,1,,,,,,,,,1,1,1,0,50,1,,2,,,,,,,,3,3,20,,2,,,,2,,,,,,,,,,,,,,1,1,1,2,1,1,8,,97,77,1,01,1,7730,1500000,05,1840.7309615,
5356896,1,1,1,60,2,5,2,,,,,,,,,,,9,,,,,,,,,,,,,,,,,,,,,,,,,,,,,,,,,,,,,,,,,,,,,,,7,,2,,,2,400000,1,3200000,3,,12,2,,,,,3,1,1,24,1,,24,,,1,1,,2,,2,,,,1,,,,,,,,,1,2,2,1,0,4,1,,2,,,,,,,,1,14,,,1,24,1,1,1,1,2,1,2,1,2,2,2,2,2,,1,1,2,2,2,2,2,1,3,,41,47,1,01,4,4724,400000,05,2111.2954079,
5356897,1,1,1,60,2,5,1,2,1,,1,,,1,2,2,2,144,,1,,2,1600000,1,240000,1,2,,2,,2,,2,,2,,,1,113000,2,1,72000,2,2,,,2,,,2,,,1,1100000,2,,2,,2,,2,,2,,,.,,,,,,,,,.,12,,,,,,,,,48,,.,48,,,9,7,,1,,1,2,1,12,1,1,,,,,,,,,1,1,1,0,84,5,,2,,,,,,,,2,4,90,,2,,,,2,,,,,,,,,,,,,,1,1,1,2,1,1,8,,53,56,1,01,1,5619,1600000,05,975.4178668,
5356897,1,2,1,60,2,5,1,2,1,,1,,,2,2,2,2,24,,1,,2,1200000,1,1800000,1,2,,2,,2,,2,,2,,,1,113000,2,1,72000,2,2,,,2,,,2,,,1,1200000,2,,2,,2,,2,,2,,,.,,,,,,,,,.,12,,,,,,,,,48,,.,48,,,9,7,,1,,1,2,1,2,1,1,,,,,,,,,1,1,1,99,96,5,,2,,,,,,,,2,4,120,,2,,,,2,,,,,,,,,,,,,,1,1,1,2,1,1,3,,53,56,1,01,1,5619,1200000,05,975.4178668,
5356898,1,1,1,60,2,5,1,2,1,,1,,,1,1,2,1,73,,2,,2,909000,2,,,2,,2,,2,,2,,2,,,1,107000,2,2,,,2,,,2,,,2,,,1,877000,2,,2,,2,,2,,2,,,.,,,,,,,,,.,12,,,,,,,,,48,,.,40,2,,9,7,,1,,1,1,1,7,1,1,,,,,,,,,1,1,1,12,36,1,,2,,,,,,,,1,4,45,,2,,,,2,,,,,,,,,,,,,,1,1,1,1,1,1,1,,39,47,1,01,1,4711,909000,05,1209.6447922,
5356898,1,2,1,60,2,5,1,2,2,6,2,1,,2,1,2,1,17,,3,,2,909000,2,,,2,,2,,2,,2,,2,,,1,107000,2,1,35000,2,2,,,2,,,2,,,1,877000,2,,2,,2,,2,,2,,,.,,,,,,,,,.,12,,,,,,,,,48,,.,48,,,9,7,,1,,1,1,1,5,1,1,,,,,,,,,1,1,1,6,12,1,,2,,,,,,,,1,4,30,,2,,,,1,1,1,1,2,2,2,2,1,1,2,,2,1,2,2,1,2,2,2,3,,55,49,1,01,1,4921,909000,05,1209.6447922,7820
5356899,1,1,1,60,2,5,1,2,1,,1,,,1,1,2,2,12,,1,,2,878000,2,,,2,,2,,2,,2,,2,,,1,113000,2,2,,,2,,,2,,,2,,,1,900000,2,,2,,2,,2,,2,,,.,,,,,,,,,.,12,,,,,,,,,60,,.,0,3,,4,7,,1,,1,2,1,10,1,1,,,,,,,,,1,1,1,5,24,1,,2,,,,,,,,3,2,25,,2,,,,2,,,,,,,,,,,,,,1,1,1,2,1,1,8,,56,14,1,01,1,1410,878000,05,1233.8077295,
5356901,1,1,1,60,2,5,1,1,,,1,,,2,2,2,2,6,,1,,2,800000,2,,,2,,2,,2,,2,,2,,,2,,,2,,,2,,,2,,,2,,,2,,2,,2,,2,,2,,2,,,.,,,,,,,,,.,12,,,,,,,,,40,,.,40,,,2,4,,2,,2,,,,1,,,,,,,,,1,2,2,1,0,6,1,,2,,,,,,,,1,8,10,,2,,,,1,1,2,1,2,1,2,2,2,2,2,,1,1,2,2,1,2,2,1,3,,97,49,1,01,1,4923,800000,05,1840.7309615,
5356902,1,1,1,60,2,5,1,2,1,,1,,,1,2,2,2,24,,1,,2,1030000,2,,,2,,2,,2,,2,,2,,,1,113000,2,2,,,2,,,2,,,2,,,1,900000,2,,2,,2,,2,,2,,,.,,,,,,,,,.,12,,,,,,,,,48,,.,48,,,8,4,,1,,1,2,1,18,1,1,,,,,,,,,1,1,1,0,12,1,,2,,,,,,,,3,3,10,,2,,,,2,,,,,,,,,,,,,,1,1,1,2,1,1,8,,98,77,1,01,1,7730,1030000,05,1475.3349563,
5356902,1,3,1,60,2,5,1,1,,,1,,,2,2,2,2,5,,1,,2,600000,2,,,2,,2,,2,,2,,2,,,2,,,2,,,2,,,2,,,2,,,2,,2,,2,,2,,2,,2,,,.,,,,,,,,,.,5,,,,,,,,,30,1,,30,,,2,4,,10,,2,,,,1,,,,,,,,,1,2,2,1,8,3,1,,2,,,,,,,,5,3,15,,1,20,2,1,1,1,1,1,2,1,2,2,2,2,2,,2,1,2,2,1,2,2,1,3,,98,49,1,01,1,4921,600000,05,1475.3349563,
5356903,1,1,1,60,2,5,1,2,1,,1,,,2,1,2,2,48,,1,,2,878000,2,,,2,,2,,2,,2,,2,,,1,113000,2,1,139000,2,2,,,2,,,2,,,1,900000,2,,2,,2,,2,,2,,,.,,,,,,,,,.,12,,,,,,,,,55,,.,55,,,4,7,,1,,1,1,1,12,1,1,,,,,,,,,1,1,1,6,36,1,,2,,,,,,,,1,2,45,,2,,,,2,,,,,,,,,,,,,,1,1,1,2,1,1,8,,39,47,1,01,1,4752,878000,05,1106.9077849,
5356903,1,2,1,60,2,5,1,1,,,1,,,2,2,2,2,24,,1,,2,360000,2,,,1,80000,2,,2,,2,,2,,,2,,,2,,,2,,,2,,,2,,,2,,2,,2,,2,,2,,2,,,.,,,,,,,,,.,12,,,,,,,,,18,1,,18,,,1,2,,3,,2,,,,1,,,,,,,,,1,2,2,2,,,,,2,,,,,,,,,2,45,,1,30,2,1,1,1,1,1,2,2,2,2,2,2,2,,2,1,2,2,1,2,2,1,3,,54,97,1,01,3,9700,440000,05,1106.9077849,
5356924,1,1,1,60,2,5,1,1,,,1,,,1,2,2,2,0,,1,,2,1500000,2,,,1,240000,2,,2,,2,,2,,,2,,,2,,,2,,,2,,,2,,,2,,2,,2,,2,,2,,2,,,.,,,,,,,,,.,11,,,,,,,,,50,,.,50,,,4,4,,2,,2,,,,1,,,,,,,,,1,2,2,1,1,10,1,,2,,,,,,,,2,11,20,,2,,,,2,,,,,,,,,,,,,,1,1,1,2,1,1,8,,98,07,1,01,1,0722,1740000,05,4482.8613758,
5356925,1,2,1,60,2,5,2,,,,,,,,,,,340,,,,,,,,,,,,,,,,,,,,,,,,,,,,,,,,,,,,,,,,,,,,,,,6,,,,,2,500000,1,3600000,3,,12,2,,,,,2,1,2,48,,.,48,,,1,8,,2,,2,,,,1,,,,,,,,,1,2,2,2,,,,,2,,,,,,,,,11,30,,2,,,,2,,,,,,,,,,,,,,1,1,1,2,1,1,8,,71,07,1,01,4,0722,500000,05,4242.8745907,
5356926,1,1,1,60,2,5,2,,,,,,,,,,,7,,,,,,,,,,,,,,,,,,,,,,,,,,,,,,,,,,,,,,,,,,,,,,,7,,2,,,2,300000,1,2400000,3,,12,2,,,,,2,1,2,40,,.,40,,,1,8,,2,,2,,,,1,,,,,,,,,1,2,2,1,0,360,4,,2,,,,,,,,3,3,9,,2,,,,2,,,,,,,,,,,,,,1,1,1,2,1,1,8,,62,01,1,01,4,0113,300000,05,4152.3903413,
5356928,1,1,1,60,2,5,2,,,,,,,,,,,480,,,,,,,,,,,,,,,,,,,,,,,,,,,,,,,,,,,,,,,,,,,,,,,6,,,,,2,400000,1,4000000,3,,12,2,,,,,1,10,2,24,2,,24,,,1,8,,2,,2,,,,1,,,,,,,,,1,2,2,2,,,,,2,,,,,,,,,3,30,,2,,,,2,,,,,,,,,,,,,,1,1,1,2,1,1,3,,71,07,1,01,4,0722,400000,05,4642.8351416,
5356931,1,1,1,60,2,5,2,,,,,,,,,,,5,,,,,,,,,,,,,,,,,,,,,,,,,,,,,,,,,,,,,,,,,,,,,,,7,,2,,,2,40000,1,250000,3,,12,2,,,,,3,1,2,15,2,,15,,,1,1,,2,,2,,,,1,,,,,,,,,1,2,2,1,1,120,4,,2,,,,,,,,9,14,,,2,,,,1,1,2,1,2,2,2,2,2,2,2,,2,2,1,2,1,2,1,1,3,,41,47,1,01,4,4729,40000,05,3548.2731856,
5356932,1,1,1,60,2,5,2,,,,,,,,,,,12,,,,,,,,,,,,,,,,,,,,,,,,,,,,,,,,,,,,,,,,,,,,,,,7,,2,,,2,50000,1,600000,3,,12,2,,,,,3,1,2,15,2,,15,,,1,1,,2,,2,,,,1,,,,,,,,,1,2,2,1,1,1,4,,2,,,,,,,,3,14,,,2,,,,2,,,,,,,,,,,,,,2,2,2,2,1,1,8,,45,47,1,01,4,4724,50000,05,3526.4608174,
5356932,1,2,1,60,2,5,2,,,,,,,,,,,120,,,,,,,,,,,,,,,,,,,,,,,,,,,,,,,,,,,,,,,,,,,,,,,6,,,,,2,150000,1,1800000,3,,12,2,,,,,2,1,2,25,2,,25,,,1,8,,2,,2,,,,1,,,,,,,,,1,2,2,2,,,,,2,,,,,,,,,3,10,,2,,,,2,,,,,,,,,,,,,,1,1,1,2,1,1,8,,71,07,1,01,4,0722,150000,05,3526.4608174,
5356932,1,5,1,60,2,5,2,,,,,,,,,,,60,,,,,,,,,,,,,,,,,,,,,,,,,,,,,,,,,,,,,,,,,,,,,,,6,,,,,2,250000,1,2500000,3,,12,2,,,,,2,1,2,20,2,,20,,,1,8,,2,,2,,,,1,,,,,,,,,1,2,2,1,1,12,8,,2,,,,,,,,1,3,20,,2,,,,2,,,,,,,,,,,,,,1,1,1,2,1,1,3,,71,07,1,01,4,0722,250000,05,3526.4608174,
5356933,1,1,1,60,2,5,2,,,,,,,,,,,360,,,,,,,,,,,,,,,,,,,,,,,,,,,,,,,,,,,,,,,,,,,,,,,6,,,,,2,400000,1,4800000,3,,12,2,,,,,3,10,2,60,,.,60,,,1,8,,2,,2,,,,1,,,,,,,,,1,2,2,1,0,36,8,,2,,,,,,,,5,3,25,,2,,,,2,,,,,,,,,,,,,,1,1,1,2,1,1,8,,71,07,1,01,4,0722,400000,05,3582.7303888,
5356933,1,3,1,60,2,5,1,1,,,1,,,2,2,2,2,1,,1,,2,700000,2,,,1,200000,2,,2,,2,,2,,,2,,,2,,,2,,,2,,,2,,,2,,2,,2,,2,,2,,2,,,.,,,,,,,,,.,12,,,,,,,,,48,,.,48,,,3,8,,2,,2,,,,1,,,,,,,,,1,2,2,1,0,8,4,,2,,,,,,,,3,3,30,,2,,,,2,,,,,,,,,,,,,,1,1,1,2,1,1,8,,62,01,1,01,8,0122,900000,05,3582.7303888,
5356934,1,1,1,60,2,5,1,1,,,1,,,1,2,2,2,4,,1,,2,1000000,2,,,2,,1,100000,2,,2,,2,,,2,,,2,,,2,,,2,,,2,,,2,,2,,2,,2,,2,,2,,,.,,,,,,,,,.,12,,,,,,,,,48,,.,48,,,2,8,,2,,2,,,,1,,,,,,,,,1,2,2,1,0,48,8,,2,,,,,,,,1,10,20,,2,,,,2,,,,,,,,,,,,,,1,1,1,2,1,1,1,,62,01,1,01,8,0141,1100000,05,5224.772581,
5356935,1,1,1,60,2,5,1,2,1,,1,,,1,2,2,2,48,,1,,2,930000,2,,,2,,1,100000,2,,2,,2,,,2,,,2,,,2,,,2,,,2,,,1,900000,2,,2,,2,,2,,2,,,.,,,,,,,,,.,12,,,,,,,,,60,,.,60,,,2,8,,1,,1,2,3,10,1,1,,,,,,,,,1,1,1,5,24,8,,2,,,,,,,,3,10,16,,2,,,,2,,,,,,,,,,,,,,1,1,1,2,1,1,8,,60,01,1,01,1,0141,1030000,05,4962.6060796,
5356936,1,1,1,60,2,5,1,1,,,1,,,1,2,2,2,3,,1,,2,900000,2,,,2,,2,,2,,2,,2,,,2,,,2,,,2,,,2,,,2,,,2,,2,,2,,2,,2,,2,,,.,,,,,,,,,.,12,,,,,,,,,50,,.,50,,,2,8,,2,,2,,,,1,,,,,,,,,1,2,2,1,0,12,4,,2,,,,,,,,3,10,20,,2,,,,2,,,,,,,,,,,,,,1,1,1,2,1,1,8,,62,01,1,01,8,0141,900000,05,4930.499075,
5356937,1,1,1,60,2,5,2,,,,,,,,,,,1,,,,,,,,,,,,,,,,,,,,,,,,,,,,,,,,,,,,,,,,,,,,,,,7,,2,,,2,200000,1,200000,3,,12,2,,,,,3,5,2,14,2,,14,,,1,6,,2,,2,,,,1,,,,,,,,,1,2,2,1,0,16,3,,2,,,,,,,,3,3,2,,2,,,,2,,,,,,,,,,,,,,1,1,1,2,1,1,3,,53,56,1,01,4,5619,200000,05,3422.027745,
5356939,1,1,1,60,2,5,2,,,,,,,,,,,6,,,,,,,,,,,,,,,,,,,,,,,,,,,,,,,,,,,,,,,,,,,,,,,7,,2,,,2,100000,1,600000,3,,6,2,,,,,3,5,2,25,2,,25,,,1,1,,2,,2,,,,1,,,,,,,,,1,2,2,1,0,120,4,,1,5,12,4,,50000,1,8,9,14,,,2,,,,2,,,,,,,,,,,,,,1,1,1,2,1,1,3,,45,47,1,01,4,4724,150000,05,3422.027745,
5356943,1,1,1,60,2,5,2,,,,,,,,,,,24,,,,,,,,,,,,,,,,,,,,,,,,,,,,,,,,,,,,,,,,,,,,,,,6,,,,,2,400000,1,4800000,3,,12,2,,,,,2,1,2,50,,.,50,,,1,8,,2,,2,,,,1,,,,,,,,,1,2,2,1,0,15,1,,2,,,,,,,,1,11,10,,2,,,,2,,,,,,,,,,,,,,1,1,1,2,1,1,8,,73,02,1,01,4,0220,400000,05,6035.6179608,
5356943,1,2,1,60,2,5,2,,,,,,,,,,,24,,,,,,,,,,,,,,,,,,,,,,,,,,,,,,,,,,,,,,,,,,,,,,,7,,2,,,2,400000,1,6000000,3,,12,2,,,,,2,3,2,20,2,,20,,,1,8,,2,,2,,,,1,,,,,,,,,1,2,2,1,0,3,1,,2,,,,,,,,1,3,3,,2,,,,2,,,,,,,,,,,,,,1,1,1,2,1,1,3,,61,01,1,01,4,0145,400000,05,6035.6179608,
5356944,1,1,1,60,2,5,2,,,,,,,,,,,72,,,,,,,,,,,,,,,,,,,,,,,,,,,,,,,,,,,,,,,,,,,,,,,7,,2,,,2,150000,1,1500000,3,,12,2,,,,,2,3,2,20,2,,20,,,1,8,,2,,2,,,,1,,,,,,,,,1,2,2,2,,,,,2,,,,,,,,,3,3,,2,,,,2,,,,,,,,,,,,,,1,1,1,2,1,1,8,,61,01,1,01,4,0145,150000,05,5636.2127517,
5356944,1,2,1,60,2,5,2,,,,,,,,,,,144,,,,,,,,,,,,,,,,,,,,,,,,,,,,,,,,,,,,,,,,,,,,,,,7,,2,,,2,200000,1,3000000,3,,12,2,,,,,2,3,2,50,,.,50,,,1,8,,2,,2,,,,1,,,,,,,,,1,2,2,1,0,12,1,,2,,,,,,,,1,3,5,,2,,,,2,,,,,,,,,,,,,,1,1,1,2,1,1,8,,62,01,1,01,4,0113,200000,05,5636.2127517,
5356966,1,4,1,60,2,54,1,1,,,1,,,2,2,2,2,60,,,,,,,,,,,,,,,,,,,,,,,,,,,,,,,,,,,,,,,,,,,,,,,1,,,,,3,400000,1,3000000,3,,12,2,,,,,2,3,2,53,,.,53,,,1,8,,2,,2,,,,1,,,,,,,,,1,2,2,1,0,12,6,,2,,,,,,,,8,3,20,,2,,,,2,,,,,,,,,,,,,,1,1,1,2,1,1,9,,62,01,1,01,4,0161,400000,54,1836.3255456,
5356966,1,5,1,60,2,54,1,1,,,1,,,2,2,2,2,2,,,,,,,,,,,,,,,,,,,,,,,,,,,,,,,,,,,,,,,,,,,,,,,1,,,,,3,350000,1,1500000,3,,4,2,,,,,2,3,2,45,,.,45,,,1,8,,2,,2,,,,1,,,,,,,,,1,2,2,1,8,2,4,,2,,,,,,,,12,3,30,,2,,,,2,,,,,,,,,,,,,,1,1,1,2,1,1,3,,62,01,1,01,4,0161,350000,54,1836.3255456,
5356967,1,4,1,60,2,54,1,1,,,1,,,1,2,2,2,240,,,,,,,,,,,,,,,,,,,,,,,,,,,,,,,,,,,,,,,,,,,,,,,1,,,,,3,400000,1,4000000,3,,12,2,,,,,2,10,2,40,,.,40,,,1,8,,2,,2,,,,1,,,,,,,,,1,2,2,2,,,,,2,,,,,,,,,3,20,,2,,,,1,1,2,1,2,2,2,2,2,2,2,,2,1,2,2,1,2,1,1,3,,62,01,1,01,4,0127,400000,54,408.07234346,
5356969,1,1,1,60,2,54,1,1,,,1,,,1,2,2,2,180,,,,,,,,,,,,,,,,,,,,,,,,,,,,,,,,,,,,,,,,,,,,,,,1,,,,,3,480000,1,4200000,3,,12,2,,,,,2,10,2,45,,.,45,,,1,8,,2,,2,,,,1,,,,,,,,,1,2,2,2,,,,,2,,,,,,,,,11,15,,2,,,,1,1,2,1,2,2,2,2,1,1,2,,2,1,2,2,1,2,1,1,9,,61,01,1,01,4,0127,480000,54,1836.3255456,
5356970,1,1,1,60,2,54,2,,,,,,,,,,,74,,,,,,,,,,,,,,,,,,,,,,,,,,,,,,,,,,,,,,,,,,,,,,,7,,2,,,2,750000,1,3000000,3,,12,1,2,0,2,0,2,3,2,52,,.,52,,,2,8,,2,,2,,,,1,,,,1,,,,,,2,2,1,0,120,5,,1,54,15,4,,100000,1,8,2,3,10,,2,,,,2,,,,,,,,,,,,,,1,1,1,2,1,1,9,,61,01,1,01,4,0123,850000,54,408.07234346,
5356970,1,3,1,60,2,54,2,,,,,,,,,,,74,,,,,,,,,,,,,,,,,,,,,,,,,,,,,,,,,,,,,,,,,,,,,,,7,,2,,,2,600000,1,2000000,3,,12,1,2,0,2,0,2,3,2,54,,.,54,,,2,8,,2,,2,,,,1,,,,,,,,,1,2,2,1,0,24,6,,2,,,,,,,,10,3,15,,2,,,,2,,,,,,,,,,,,,,1,1,1,2,1,1,9,,61,01,1,01,4,0123,600000,54,408.07234346,
5356970,1,4,1,60,2,54,2,,,,,,,,,,,74,,,,,,,,,,,,,,,,,,,,,,,,,,,,,,,,,,,,,,,,,,,,,,,7,,2,,,2,600000,1,2000000,3,,12,1,2,0,2,0,2,3,2,54,,.,54,,,2,8,,2,,2,,,,1,,,,,,,,,1,2,2,1,0,12,4,,2,,,,,,,,10,3,20,,2,,,,2,,,,,,,,,,,,,,1,1,1,2,1,1,9,,61,01,1,01,4,0127,600000,54,408.07234346,
5356971,1,1,1,60,2,54,1,1,,,1,,,2,2,2,2,240,,,,,,,,,,,,,,,,,,,,,,,,,,,,,,,,,,,,,,,,,,,,,,,1,,,,,3,620000,1,4000000,3,,12,2,,,,,2,3,2,60,,.,60,,,1,8,,2,,2,,,,1,,,,,,,,,1,2,2,1,0,36,4,,2,,,,,,,,3,11,30,,2,,,,2,,,,,,,,,,,,,,1,1,1,2,1,1,9,,61,01,1,01,4,0123,620000,54,719.94715758,
5356971,1,2,1,60,2,54,1,1,,,1,,,2,2,2,2,240,,,,,,,,,,,,,,,,,,,,,,,,,,,,,,,,,,,,,,,,,,,,,,,1,,,,,3,450000,1,3000000,3,,12,2,,,,,2,3,2,46,,.,46,,,1,8,,2,,2,,,,1,,,,,,,,,1,2,2,1,0,36,4,,2,,,,,,,,3,3,15,,2,,,,2,,,,,,,,,,,,,,1,1,1,2,1,1,3,,61,01,1,01,4,0127,450000,54,719.94715758,
5356972,1,1,1,60,2,54,1,1,,,1,,,1,2,2,2,60,,,,,,,,,,,,,,,,,,,,,,,,,,,,,,,,,,,,,,,,,,,,,,,1,,,,,3,500000,1,3200000,3,,12,2,,,,,2,10,2,45,,.,18,6,,1,8,,2,,2,,,,1,,,,,,,,,1,2,2,2,,,,,2,,,,,,,,,3,20,2,2,,,,1,1,2,1,2,2,2,2,2,2,2,,2,1,2,2,1,2,1,1,9,,62,01,1,01,4,0127,500000,54,1836.3255456,
5356973,1,1,1,60,2,54,2,,,,,,,,,,,252,,,,,,,,,,,,,,,,,,,,,,,,,,,,,,,,,,,,,,,,,,,,,,,7,,2,,,2,0,1,6000000,3,,12,1,1,0,1,0,2,3,2,56,,.,56,,,2,8,,3,,2,,,,1,,,,,,,,,1,2,2,1,0,36,4,,2,,,,,,,,3,3,10,,2,,,,2,,,,,,,,,,,,,,1,1,1,2,1,1,3,,61,01,1,01,4,0123,0,54,408.07234346,
5356973,1,2,1,60,2,54,1,2,1,,1,,,1,1,1,1,144,,1,,2,1200000,2,,,2,,2,,2,,2,,2,,,2,,,2,,,2,,,2,,,2,,,1,320000,1,1200000,1,540000,2,,2,,2,,,.,,,,,,,,,.,12,,,,,,,,,48,,.,48,,,9,7,,1,,1,2,1,18,1,1,,,,,,,,,1,1,1,0,60,4,,2,,,,,,,,8,3,5,,2,,,,2,,,,,,,,,,,,,,1,1,1,1,1,1,1,,59,86,1,01,2,8621,1200000,54,408.07234346,
5356973,1,6,1,60,2,54,2,,,,,,,,,,,120,,,,,,,,,,,,,,,,,,,,,,,,,,,,,,,,,,,,,,,,,,,,,,,7,,2,,,2,0,1,3000000,3,,12,1,1,0,1,0,2,3,2,56,,.,56,,,2,8,,2,,2,,,,1,,,,,,,,,1,2,2,1,0,60,4,,2,,,,,,,,10,3,10,,2,,,,2,,,,,,,,,,,,,,1,1,1,2,1,1,9,,61,01,1,01,4,0123,0,54,408.07234346,
5356974,1,1,1,60,2,54,2,,,,,,,,,,,360,,,,,,,,,,,,,,,,,,,,,,,,,,,,,,,,,,,,,,,,,,,,,,,7,,2,,,2,800000,1,2600000,3,,12,2,,,,,2,10,2,40,,.,40,,,1,8,,2,,2,,,,1,,,,,,,,,1,2,2,1,2,96,4,,1,54,16,4,,600000,1,7,3,3,20,,2,,,,2,,,,,,,,,,,,,,1,2,1,2,1,1,3,,61,01,1,01,4,0123,1400000,54,1836.3255456,
5356975,1,3,1,60,2,20,1,1,,,1,,,2,2,2,2,24,,,,,,,,,,,,,,,,,,,,,,,,,,,,,,,,,,,,,,,,,,,,,,,1,,,,,3,800000,1,4000000,3,,12,2,,,,,2,3,2,50,,.,50,,,1,8,,2,,2,,,,1,,,,,,,,,1,2,2,1,0,36,8,,2,,,,,,,,3,11,180,,2,,,,2,,,,,,,,,,,,,,1,1,1,2,1,1,3,,62,01,1,01,4,0123,800000,54,408.07234346,
5356976,1,1,1,60,2,54,1,1,,,1,,,1,2,2,2,420,,,,,,,,,,,,,,,,,,,,,,,,,,,,,,,,,,,,,,,,,,,,,,,1,,,,,3,420000,1,3800000,3,,12,2,,,,,2,10,2,40,,.,24,6,,1,8,,2,,2,,,,1,,,,,,,,,1,2,2,2,,,,,2,,,,,,,,,3,30,2,2,,,,2,,,,,,,,,,,,,,1,1,1,2,1,1,3,,61,01,1,01,4,0121,420000,54,719.94715758,
5356976,1,2,1,60,2,54,2,,,,,,,,,,,12,,,,,,,,,,,,,,,,,,,,,,,,,,,,,,,,,,,,,,,,,,,,,,,7,,2,,,2,300000,1,3200000,3,,12,2,,,,,3,10,2,70,,.,70,,,1,7,,2,,2,,,,1,,,,,,,,,1,2,2,2,,,,,2,,,,,,,,,3,2,,2,,,,2,,,,,,,,,,,,,,1,1,1,2,1,1,3,,41,47,1,01,4,4711,300000,54,719.94715758,
5356977,1,1,1,60,2,54,2,,,,,,,,,,,247,,,,,,,,,,,,,,,,,,,,,,,,,,,,,,,,,,,,,,,,,,,,,,,7,,2,,,2,300000,1,4000000,3,,12,2,,,,,2,1,2,53,,.,53,,,1,8,,2,,2,,,,1,,,,,,,,,1,2,2,1,0,36,4,,2,,,,,,,,3,3,15,,2,,,,2,,,,,,,,,,,,,,1,1,1,2,1,1,9,,61,01,1,01,4,0121,300000,54,1610.5441441,
5356979,1,2,1,60,2,54,1,1,,,1,,,2,2,2,2,240,,,,,,,,,,,,,,,,,,,,,,,,,,,,,,,,,,,,,,,,,,,,,,,1,,,,,3,650000,1,5400000,3,,12,2,,,,,2,1,1,52,,.,52,,,1,8,,2,,2,,,,1,,,,,,,,,1,2,2,1,0,120,4,,2,,,,,,,,2,3,20,,2,,,,2,,,,,,,,,,,,,,1,1,1,2,1,1,9,,62,01,1,01,4,0123,650000,54,408.07234346,
5356979,1,3,1,60,2,54,1,1,,,1,,,2,2,2,2,60,,,,,,,,,,,,,,,,,,,,,,,,,,,,,,,,,,,,,,,,,,,,,,,1,,,,,3,700000,1,3000000,3,,12,2,,,,,2,1,2,52,,.,52,,,1,8,,2,,2,,,,1,,,,,,,,,1,2,2,1,0,12,4,,2,,,,,,,,3,3,20,,2,,,,2,,,,,,,,,,,,,,1,1,1,2,1,1,3,,62,01,1,01,4,0123,700000,54,408.07234346,
5356981,1,1,1,60,2,54,1,1,,,1,,,1,2,2,2,324,,,,,,,,,,,,,,,,,,,,,,,,,,,,,,,,,,,,,,,,,,,,,,,1,,,,,3,300000,1,3800000,3,,12,2,,,,,2,10,2,45,,.,18,6,,1,8,,2,,2,,,,1,,,,,,,,,1,2,2,2,,,,,2,,,,,,,,,3,30,2,2,,,,1,1,2,1,2,2,2,2,2,2,2,,2,1,2,2,1,2,1,1,9,,61,01,1,01,4,0161,300000,54,1836.3255456,
5356982,1,1,1,60,2,54,1,1,,,1,,,1,2,2,2,180,,,,,,,,,,,,,,,,,,,,,,,,,,,,,,,,,,,,,,,,,,,,,,,1,,,,,3,500000,1,4000000,3,,12,2,,,,,2,3,2,50,,.,50,,,1,8,,2,,2,,,,1,,,,,,,,,1,2,2,1,0,120,4,,1,54,12,4,,50000,2,1,2,3,20,,2,,,,2,,,,,,,,,,,,,,1,1,1,2,1,1,9,,61,01,1,01,4,0161,550000,54,408.07234346,
5356982,1,3,1,60,2,54,2,,,,,,,,,,,3,,,,,,,,,,,,,,,,,,,,,,,,,,,,,,,,,,,,,,,,,,,,,,,,.,,,,,,,,,.,3,,,,,,,,,18,2,,18,,,2,1,,2,,2,,,,1,,,,,,,,,1,2,2,2,,,,,2,,,,,,,,,14,,,2,,,,2,,,,,,,,,,,,,,1,1,1,2,1,1,3,,50,56,1,01,6,5630,,54,408.07234346,
5356982,1,4,1,60,2,54,2,,,,,,,,,,,3,,,,,,,,,,,,,,,,,,,,,,,,,,,,,,,,,,,,,,,,,,,,,,,,.,,,,,,,,,.,3,,,,,,,,,20,2,,20,,,2,1,,2,,,,,,1,,,,,,,,,1,2,2,2,,,,,2,,,,,,,,,14,,,2,,,,2,,,,,,,,,,,,,,1,1,1,2,1,1,3,,53,56,1,01,6,5630,,54,408.07234346,
5356983,1,1,1,60,2,54,1,1,,,1,,,1,2,2,2,240,,,,,,,,,,,,,,,,,,,,,,,,,,,,,,,,,,,,,,,,,,,,,,,1,,,,,3,315000,1,3500000,3,,12,2,,,,,2,10,2,45,,.,27,6,,1,8,,2,,2,,,,1,,,,,,,,,1,2,2,2,,,,,2,,,,,,,,,3,30,2,2,,,,1,1,1,1,2,2,2,2,2,2,2,,2,1,2,2,1,1,1,1,9,,62,01,1,01,4,0121,315000,54,408.07234346,
5356985,1,1,1,60,2,54,1,1,,,1,,,1,2,2,2,168,,,,,,,,,,,,,,,,,,,,,,,,,,,,,,,,,,,,,,,,,,,,,,,1,,,,,3,400000,1,3000000,3,,12,2,,,,,2,3,2,52,,.,52,,,1,8,,2,,2,,,,1,,,,,,,,,1,2,2,1,0,120,4,,2,,,,,,,,10,3,10,,2,,,,2,,,,,,,,,,,,,,1,1,1,2,1,1,9,,62,01,1,01,4,0111,400000,54,719.94715758,
5356987,1,1,1,60,2,54,1,1,,,1,,,1,2,2,2,660,,,,,,,,,,,,,,,,,,,,,,,,,,,,,,,,,,,,,,,,,,,,,,,1,,,,,3,270000,1,3200000,3,,12,2,,,,,2,10,2,40,,.,27,6,,1,8,,2,,2,,,,1,,,,,,,,,1,2,2,2,,,,,2,,,,,,,,,3,30,2,2,,,,2,,,,,,,,,,,,,,2,2,1,2,1,1,3,,62,01,1,01,4,0123,270000,54,457.1458211,
5356987,1,3,1,60,2,54,1,1,,,1,,,1,2,2,2,288,,,,,,,,,,,,,,,,,,,,,,,,,,,,,,,,,,,,,,,,,,,,,,,1,,,,,3,300000,1,3500000,3,,12,2,,,,,2,1,2,40,,.,24,6,,1,8,,2,,2,,,,1,,,,,,,,,1,2,2,2,,,,,2,,,,,,,,,3,30,2,2,,,,1,1,1,1,2,2,2,2,2,2,2,,2,1,2,2,1,2,1,1,3,,62,01,1,01,4,0123,300000,54,457.1458211,
5356988,1,1,1,60,2,54,1,1,,,1,,,2,2,2,2,74,,,,,,,,,,,,,,,,,,,,,,,,,,,,,,,,,,,,,,,,,,,,,,,1,,,,,3,350000,1,7000000,3,,12,2,,,,,2,3,2,52,,.,52,,,1,8,,2,,2,,,,1,,,,,,,,,1,2,2,1,0,120,4,,2,,,,,,,,3,11,30,,2,,,,2,,,,,,,,,,,,,,1,1,1,2,1,1,9,,62,01,1,01,4,0111,350000,54,1836.3255456,
5356989,1,1,1,60,2,54,1,1,,,1,,,1,2,2,2,60,,,,,,,,,,,,,,,,,,,,,,,,,,,,,,,,,,,,,,,,,,,,,,,1,,,,,3,150000,1,1600000,3,,12,2,,,,,2,10,2,36,2,,27,6,,1,8,,2,,2,,,,1,,,,,,,,,1,2,2,2,,,,,2,,,,,,,,,11,5,2,2,,,,2,,,,,,,,,,,,,,1,2,1,2,1,1,3,,61,01,1,01,4,0123,150000,54,408.07234346,
5356990,1,1,1,60,2,54,2,,,,,,,,,,,240,,,,,,,,,,,,,,,,,,,,,,,,,,,,,,,,,,,,,,,,,,,,,,,7,,2,,,2,0,1,3000000,3,,12,2,,,,,2,3,2,45,,.,45,,,1,8,,2,,2,,,,1,,,,,,,,,1,2,2,1,0,120,4,,2,,,,,,,,10,3,10,,2,,,,2,,,,,,,,,,,,,,1,1,1,2,1,1,6,,61,01,1,01,4,0123,0,54,1610.5441441,
5356991,1,1,1,60,2,54,2,,,,,,,,,,,36,,,,,,,,,,,,,,,,,,,,,,,,,,,,,,,,,,,,,,,,,,,,,,,7,,2,,,2,200000,1,4000000,3,,12,1,1,0,1,0,2,1,2,56,,.,56,,,2,8,,2,,2,,,,1,,,,,,,,,1,2,2,1,0,120,4,,2,,,,,,,,10,3,10,,2,,,,2,,,,,,,,,,,,,,1,1,1,2,1,1,9,,61,01,1,01,4,0123,200000,54,1836.3255456,
5356992,1,1,1,60,2,54,2,,,,,,,,,,,60,,,,,,,,,,,,,,,,,,,,,,,,,,,,,,,,,,,,,,,,,,,,,,,7,,2,,,2,0,1,0,3,,12,2,,,,,2,10,2,33,2,,33,,,1,8,,2,,2,,,,1,,,,,,,,,1,2,2,1,2,120,4,,1,54,18,4,,100000,1,8,3,3,10,,2,,,,1,1,2,1,2,2,2,2,2,2,2,,2,1,2,2,1,2,1,1,9,,61,01,1,01,4,0123,100000,54,1836.3255456,
5356994,1,1,1,60,2,54,2,,,,,,,,,,,72,,,,,,,,,,,,,,,,,,,,,,,,,,,,,,,,,,,,,,,,,,,,,,,7,,2,,,2,0,1,4500000,3,,12,2,,,,,2,10,2,32,2,,32,,,1,8,,2,,2,,,,1,,,,,,,,,1,2,2,1,2,240,4,,1,54,16,4,,100000,1,8,3,3,5,,2,,,,1,1,2,1,2,2,2,2,2,2,2,,2,1,2,2,1,2,1,1,9,,61,01,1,01,4,0123,100000,54,408.07234346,
5356995,1,1,1,60,2,54,2,,,,,,,,,,,216,,,,,,,,,,,,,,,,,,,,,,,,,,,,,,,,,,,,,,,,,,,,,,,7,,2,,,2,500000,1,3000000,3,,12,1,1,0,0,1,2,3,2,50,,.,50,,,2,8,,2,,2,,,,1,,,,,,,,,1,2,2,1,0,60,4,,2,,,,,,,,10,3,15,,2,,,,2,,,,,,,,,,,,,,1,1,1,2,1,1,9,,61,01,1,01,4,0123,500000,54,1836.3255456,
5356995,1,2,1,60,2,54,2,,,,,,,,,,,96,,,,,,,,,,,,,,,,,,,,,,,,,,,,,,,,,,,,,,,,,,,,,,,,.,,,,,,,,,.,12,,,,,,,,,25,2,,25,,,2,8,,2,,2,,,,1,,,,,,,,,1,2,2,2,,,,,2,,,,,,,,,3,10,,2,,,,2,,,,,,,,,,,,,,1,1,1,2,1,1,3,,62,01,1,01,6,0123,,54,1836.3255456,
5356996,1,1,1,60,2,54,2,,,,,,,,,,,240,,,,,,,,,,,,,,,,,,,,,,,,,,,,,,,,,,,,,,,,,,,,,,,7,,2,,,2,300000,1,3000000,3,,12,2,,,,,2,6,2,54,,.,54,,,1,8,,2,,2,,,,1,,,,,,,,,1,2,2,1,0,24,4,,2,,,,,,,,8,3,10,,2,,,,2,,,,,,,,,,,,,,1,1,1,2,1,1,9,,61,01,1,01,4,0123,300000,54,408.07234346,
5356996,1,3,1,60,2,54,2,,,,,,,,,,,120,,,,,,,,,,,,,,,,,,,,,,,,,,,,,,,,,,,,,,,,,,,,,,,7,,2,,,2,0,1,2400000,3,,12,2,,,,,2,6,2,48,,.,48,,,1,8,,2,,2,,,,1,,,,,,,,,1,2,2,1,0,12,6,,2,,,,,,,,10,3,25,,2,,,,2,,,,,,,,,,,,,,1,1,1,2,1,1,9,,61,01,1,01,4,0123,0,54,408.07234346,
5356997,1,1,1,60,2,54,1,1,,,1,,,2,2,2,2,180,,,,,,,,,,,,,,,,,,,,,,,,,,,,,,,,,,,,,,,,,,,,,,,1,,,,,3,400000,1,3500000,3,,12,2,,,,,2,1,1,56,,.,56,,,1,8,,2,,2,,,,1,,,,,,,,,1,2,2,1,0,48,4,,2,,,,,,,,2,11,20,,2,,,,2,,,,,,,,,,,,,,1,1,1,2,1,1,9,,61,01,1,01,4,0123,400000,54,408.07234346,
5356998,1,1,1,60,2,54,2,,,,,,,,,,,180,,,,,,,,,,,,,,,,,,,,,,,,,,,,,,,,,,,,,,,,,,,,,,,7,,2,,,2,0,1,4200000,3,,12,2,,,,,2,3,2,40,,.,40,,,1,8,,2,,2,,,,1,,,,,,,,,1,2,2,1,0,24,6,,1,54,20,4,,100000,1,8,10,3,20,,2,,,,2,,,,,,,,,,,,,,1,1,1,2,1,1,9,,61,01,1,01,4,0123,100000,54,719.94715758,
5356999,1,1,1,60,2,54,2,,,,,,,,,,,120,,,,,,,,,,,,,,,,,,,,,,,,,,,,,,,,,,,,,,,,,,,,,,,7,,2,,,2,280000,1,3600000,3,,12,2,,,,,2,6,2,54,,.,54,,,1,8,,2,,2,,,,1,,,,,,,,,1,2,2,1,0,36,6,,2,,,,,,,,10,11,15,,2,,,,1,1,2,1,2,2,2,2,1,1,2,,2,2,1,2,1,2,2,1,9,,61,01,1,01,4,0111,280000,54,1836.3255456,
5357000,1,1,1,60,2,54,2,,,,,,,,,,,84,,,,,,,,,,,,,,,,,,,,,,,,,,,,,,,,,,,,,,,,,,,,,,,7,,2,,,2,0,1,2000000,3,,12,2,,,,,2,3,2,60,,.,60,,,1,8,,2,,2,,,,1,,,,1,,,,,,2,2,1,0,48,4,,2,,,,,,,,2,3,10,,2,,,,2,,,,,,,,,,,,,,1,1,1,2,1,1,9,,61,01,1,01,4,0111,0,54,499.19998133,
5357001,1,1,1,60,2,54,2,,,,,,,,,,,180,,,,,,,,,,,,,,,,,,,,,,,,,,,,,,,,,,,,,,,,,,,,,,,7,,2,,,2,400000,1,5000000,3,,12,2,,,,,2,5,2,52,,.,52,,,1,8,,2,,2,,,,1,,,,,,,,,1,2,2,1,0,120,5,,2,,,,,,,,3,3,10,,2,,,,2,,,,,,,,,,,,,,1,1,1,2,1,1,9,,61,01,1,01,4,0111,400000,54,408.07234346,
5357001,1,3,1,60,2,54,1,1,,,1,,,2,2,2,2,12,,,,,,,,,,,,,,,,,,,,,,,,,,,,,,,,,,,,,,,,,,,,,,,1,,,,,3,600000,1,4500000,3,,12,2,,,,,2,3,2,52,,.,52,,,1,8,,2,,2,,,,1,,,,,,,,,1,2,2,1,6,3,4,,2,,,,,,,,12,11,50,,2,,,,2,,,,,,,,,,,,,,1,1,1,2,1,1,3,,61,01,1,01,4,0123,600000,54,408.07234346,
5357002,1,1,1,60,2,54,2,,,,,,,,,,,240,,,,,,,,,,,,,,,,,,,,,,,,,,,,,,,,,,,,,,,,,,,,,,,7,,2,,,2,400000,1,2000000,3,,12,2,,,,,2,6,2,45,,.,45,,,1,8,,2,,2,,,,1,,,,,,,,,1,2,2,1,0,36,4,,2,,,,,,,,3,3,5,,2,,,,2,,,,,,,,,,,,,,1,1,1,2,1,1,9,,61,01,1,01,4,0123,400000,54,408.07234346,
5357002,1,4,1,60,2,54,2,,,,,,,,,,,60,,,,,,,,,,,,,,,,,,,,,,,,,,,,,,,,,,,,,,,,,,,,,,,7,,2,,,2,0,1,2000000,3,,12,2,,,,,2,10,2,54,,.,54,,,1,8,,2,,2,,,,1,,,,,,,,,1,2,2,1,0,24,6,,2,,,,,,,,10,3,5,,2,,,,2,,,,,,,,,,,,,,1,1,1,2,1,1,9,,61,01,1,01,4,0123,0,54,408.07234346,
5357003,1,1,1,60,2,54,1,1,,,1,,,2,2,2,2,48,,,,,,,,,,,,,,,,,,,,,,,,,,,,,,,,,,,,,,,,,,,,,,,1,,,,,3,400000,1,3500000,3,,12,2,,,,,2,3,2,54,,.,54,,,1,8,,2,,2,,,,1,,,,,,,,,1,2,2,1,0,24,4,,2,,,,,,,,3,3,20,,2,,,,2,,,,,,,,,,,,,,1,1,1,2,1,1,9,,61,01,1,01,4,0161,400000,54,1610.5441441,
5357004,1,1,1,60,2,54,2,,,,,,,,,,,168,,,,,,,,,,,,,,,,,,,,,,,,,,,,,,,,,,,,,,,,,,,,,,,7,,2,,,2,1400000,1,3600000,3,,12,2,,,,,2,6,2,48,,.,48,,,1,8,,2,,2,,,,1,,,,,,,,,1,2,2,1,0,24,4,,2,,,,,,,,3,3,15,,2,,,,2,,,,,,,,,,,,,,1,1,1,2,1,1,8,,61,01,1,01,4,0123,1400000,54,1836.3255456,
5357004,1,3,1,60,2,54,2,,,,,,,,,,,36,,,,,,,,,,,,,,,,,,,,,,,,,,,,,,,,,,,,,,,,,,,,,,,7,,2,,,2,300000,1,2800000,3,,12,2,,,,,2,6,2,54,,.,54,,,1,8,,2,,2,,,,1,,,,,,,,,1,2,2,2,,,,,2,,,,,,,,,3,10,,2,,,,2,,,,,,,,,,,,,,1,1,1,2,1,1,9,,61,01,1,01,4,0123,300000,54,1836.3255456,
5357004,1,4,1,60,2,54,2,,,,,,,,,,,24,,,,,,,,,,,,,,,,,,,,,,,,,,,,,,,,,,,,,,,,,,,,,,,7,,2,,,2,150000,1,2400000,3,,12,2,,,,,2,3,2,20,2,,20,,,1,8,,2,,2,,,,1,,,,,,,,,1,2,2,2,,,,,2,,,,,,,,,3,25,,2,,,,2,,,,,,,,,,,,,,1,1,1,2,1,1,9,,61,01,1,01,4,0123,150000,54,1836.3255456,
5357006,1,1,1,60,2,54,1,2,1,,1,,,1,1,1,1,1,,1,,2,1300000,2,,,2,,2,,2,,2,,2,,,2,,,1,28400,2,2,,,2,,,2,,,2,,1,400000,1,270000,2,,1,500000,2,,,.,,,,,,,,,.,12,,,,,,,,,48,,.,48,,,5,10,,1,,1,1,1,0,1,1,,,,,,,,,1,1,1,0,1,4,,2,,,,,,,,8,11,10,,2,,,,2,,,,,,,,,,,,,,1,1,1,2,1,1,9,,71,05,1,01,1,0510,1300000,54,1681.4233254,
5357008,1,1,1,60,2,54,1,1,,,1,,,2,2,2,2,3,,1,,2,400000,2,,,1,180000,2,,2,,2,,2,,,2,,,2,,,2,,,2,,,2,,,2,,2,,2,,2,,2,,2,,,.,,,,,,,,,.,3,,,,,,,,,45,,.,45,,,1,2,,2,,2,,,,1,,,,,,,,,1,2,2,2,,,,,2,,,,,,,,,11,80,,2,,,,1,1,2,1,2,2,2,1,1,2,2,,2,1,2,2,1,2,2,1,3,,54,97,1,01,3,9700,580000,54,4197.5581595,
5357009,1,1,1,60,2,54,1,1,,,1,,,2,2,2,2,144,,,,,,,,,,,,,,,,,,,,,,,,,,,,,,,,,,,,,,,,,,,,,,,1,,,,,3,350000,1,5000000,3,,12,2,,,,,2,10,2,54,,.,54,,,1,8,,2,,2,,,,1,,,,,,,,,1,2,2,1,0,60,6,,2,,,,,,,,8,3,10,,2,,,,2,,,,,,,,,,,,,,1,1,1,2,1,1,9,,62,01,1,01,4,0161,350000,54,1681.4233254,
5357009,1,2,1,60,2,54,1,1,,,1,,,1,2,2,2,1,,1,,2,200000,2,,,2,,2,,2,,2,,2,,,2,,,2,,,2,,,2,,,2,,,2,,2,,2,,2,,2,,2,,,.,,,,,,,,,.,1,,,,,,,,,20,2,,20,,,2,7,,2,,2,,,,1,,,,,,,,,1,2,2,1,24,12,4,,2,,,,,,,,9,3,2,,2,,,,2,,,,,,,,,,,,,,1,1,1,2,1,1,3,,40,47,1,01,1,4711,200000,54,1681.4233254,
5357010,1,1,1,60,2,54,2,,,,,,,,,,,24,,,,,,,,,,,,,,,,,,,,,,,,,,,,,,,,,,,,,,,,,,,,,,,6,,,,,3,200000,1,1800000,3,,12,2,,,,,2,10,2,10,2,,10,,,1,2,,2,,2,,,,1,,,,,,,,,1,2,2,1,0,120,6,,2,,,,,,,,9,3,10,,2,,,,2,,,,,,,,,,,,,,1,1,1,2,1,1,3,,55,81,1,01,4,8121,200000,54,932.79070211,
5357012,1,1,1,60,2,54,1,1,,,1,,,2,2,2,2,36,,1,,2,500000,2,,,2,,1,200000,2,,2,,2,,,2,,,2,,,2,,,2,,,2,,,2,,2,,2,,2,,2,,2,,,.,,,,,,,,,.,12,,,,,,,,,45,,.,45,,,2,8,,2,,2,,,,1,,,,,,,,,1,2,2,1,2,24,1,,2,,,,,,,,3,3,5,,2,,,,2,,,,,,,,,,,,,,1,1,1,2,1,1,3,,64,03,1,01,8,0312,700000,54,932.79070211,
5357012,1,2,1,60,2,54,2,,,,,,,,,,,36,,,,,,,,,,,,,,,,,,,,,,,,,,,,,,,,,,,,,,,,,,,,,,,,.,,,,,,,,,.,12,,,,,,,,,18,2,,18,,,2,8,,2,,2,,,,1,,,,,,,,,1,2,2,2,,,,,2,,,,,,,,,3,5,,2,,,,1,1,2,1,2,2,2,2,2,1,2,,2,2,1,2,1,2,1,1,3,,64,03,1,01,7,0312,,54,932.79070211,
5357013,1,1,1,60,2,54,2,,,,,,,,,,,6,,,,,,,,,,,,,,,,,,,,,,,,,,,,,,,,,,,,,,,,,,,,,,,6,,,,,3,310000,1,1500000,3,,12,1,1,0,0,1,2,3,2,43,,.,43,,,2,8,,2,,1,4,2,15,1,,1,,1,,,,,,2,2,1,0,5,4,,2,,,,,,,,10,3,2,,2,,,,2,,,,,,,,,,,,,,1,1,1,2,1,1,3,,61,01,1,01,4,0145,310000,54,932.79070211,
5357013,1,2,1,60,2,54,2,,,,,,,,,,,420,,,,,,,,,,,,,,,,,,,,,,,,,,,,,,,,,,,,,,,,,,,,,,,1,,,,,3,1000000,1,8000000,3,,12,2,,,,,3,3,2,40,,.,40,,,1,7,,3,,2,,,,1,,,,1,,,,,,2,2,2,,,,,1,54,10,6,,,2,8,,8,60,,2,,,,2,,,,,,,,,,,,,,1,1,1,2,1,1,3,,12,69,1,01,4,6910,1000000,54,932.79070211,
5357014,1,1,1,60,2,54,1,1,,,1,,,1,2,2,2,4,,1,,2,800000,2,,,2,,1,150000,2,,2,,2,,,2,,,2,,,2,,,2,,,2,,,2,,2,,2,,2,,2,,2,,,.,,,,,,,,,.,12,,,,,,,,,86,,.,86,,,2,8,,4,,2,,,,1,,,,,,,,,1,2,2,1,0,48,4,,2,,,,,,,,3,14,,,2,,,,2,,,,,,,,,,,,,,1,1,1,2,1,1,2,,60,01,1,01,8,0150,950000,54,1141.0944862,
5357015,1,1,1,60,2,54,1,1,,,1,,,1,2,2,2,12,,1,,2,400000,2,,,1,600000,1,300000,2,,2,,2,,,2,,,2,,,2,,,2,,,2,,,2,,2,,2,,2,,2,,2,,,.,,,,,,,,,.,12,,,,,,,,,48,,.,48,,,4,8,,11,,2,,,,1,,,,,,,,,1,2,2,1,0,24,4,,2,,,,,,,,8,3,15,,2,,,,2,,,,,,,,,,,,,,1,1,1,2,1,1,3,,60,01,1,01,8,0150,1300000,54,4197.5581595,
5357016,1,1,1,60,2,54,2,,,,,,,,,,,125,,,,,,,,,,,,,,,,,,,,,,,,,,,,,,,,,,,,,,,,,,,,,,,7,,2,,,2,0,1,4500000,3,,12,2,,,,,3,3,2,48,,.,48,,,1,8,,2,,2,,,,1,,,,,,,,,1,2,2,2,,,,,2,,,,,,,,,3,15,,2,,,,2,,,,,,,,,,,,,,1,1,1,2,1,1,5,,61,01,1,01,4,0121,0,54,3747.7042062,
5357016,1,3,1,60,2,54,1,2,1,,1,,,1,1,1,1,48,,2,,2,900000,2,,,2,,2,,2,,2,,2,,,1,106000,2,1,56000,2,2,,,2,,,2,,,2,,1,900000,2,,2,,2,,2,,,.,,,,,,,,,.,12,,,,,,,,,48,,.,48,,,5,7,,1,,1,2,1,4,1,1,,,,,,,,,1,1,2,,,,,2,,,,,,,,,12,25,,2,,,,2,,,,,,,,,,,,,,1,1,1,2,1,1,5,,59,86,1,01,1,8621,900000,54,3747.7042062,
5357017,1,1,1,60,2,54,1,1,,,1,,,1,2,2,2,5,,1,,2,450000,2,,,1,250000,2,,2,,2,,2,,,2,,,2,,,2,,,2,,,2,,,2,,2,,2,,2,,2,,2,,,.,,,,,,,,,.,5,,,,,,,,,40,,.,40,,,1,2,,11,,2,,,,1,,,,,,,,,1,2,2,1,10,24,4,,2,,,,,,,,3,12,15,,2,,,,2,,,,,,,,,,,,,,1,1,1,2,1,1,5,,54,97,1,01,3,9700,700000,54,932.79070211,
5357018,1,1,1,60,2,54,2,,,,,,,,,,,360,,,,,,,,,,,,,,,,,,,,,,,,,,,,,,,,,,,,,,,,,,,,,,,7,,2,,,2,0,1,5000000,3,,12,1,1,0,1,0,2,3,2,60,,.,60,,,2,8,,2,,2,,,,1,,,,,,,,,1,2,2,2,,,,,2,,,,,,,,,3,5,,2,,,,2,,,,,,,,,,,,,,1,2,1,2,1,1,2,,61,01,1,01,4,0113,0,54,4197.5581595,
5357018,1,4,1,60,2,54,1,1,,,1,,,2,2,2,2,60,,,,,,,,,,,,,,,,,,,,,,,,,,,,,,,,,,,,,,,,,,,,,,,1,,,,,3,600000,1,3000000,3,,12,2,,,,,2,1,1,60,,.,60,,,1,8,,7,,2,,,,1,,,,,,,,,1,2,2,2,,,,,2,,,,,,,,,3,5,,2,,,,1,1,1,1,2,2,2,2,2,1,2,,2,1,2,2,1,2,1,1,3,,61,01,1,01,4,0113,600000,54,4197.5581595,
5357018,1,5,1,60,2,54,1,1,,,1,,,2,2,2,2,30,,,,,,,,,,,,,,,,,,,,,,,,,,,,,,,,,,,,,,,,,,,,,,,1,,,,,3,600000,1,3000000,3,,12,2,,,,,2,1,1,60,,.,60,,,1,8,,10,,2,,,,1,,,,,,,,,1,2,2,2,,,,,2,,,,,,,,,3,5,,2,,,,1,1,1,1,2,2,2,2,2,2,2,,2,1,2,2,1,2,1,1,2,,61,01,1,01,4,0113,600000,54,4197.5581595,
5357019,1,2,1,60,2,54,2,,,,,,,,,,,60,,,,,,,,,,,,,,,,,,,,,,,,,,,,,,,,,,,,,,,,,,,,,,,7,,2,,,2,200000,1,2600000,3,,12,2,,,,,3,3,2,20,2,,20,,,1,7,,2,,2,,,,1,,,,,,,,,1,2,2,1,0,24,3,,1,54,5,4,,100000,1,5,3,14,,,2,,,,2,,,,,,,,,,,,,,1,1,1,2,1,1,9,,41,47,1,01,4,4711,300000,54,932.79070211,
5357020,1,1,1,60,2,54,2,,,,,,,,,,,84,,,,,,,,,,,,,,,,,,,,,,,,,,,,,,,,,,,,,,,,,,,,,,,7,,2,,,2,0,1,6000000,3,,12,2,,,,,3,3,2,48,,.,48,,,1,8,,2,,2,,,,1,,,,,,,,,1,2,2,1,0,60,4,,2,,,,,,,,10,3,2,,2,,,,1,1,1,1,2,2,2,2,2,2,2,,2,1,1,2,1,2,1,1,5,,61,01,1,01,4,0119,0,54,2956.9696351,
5357020,1,2,1,60,2,54,2,,,,,,,,,,,84,,,,,,,,,,,,,,,,,,,,,,,,,,,,,,,,,,,,,,,,,,,,,,,7,,2,,,2,0,1,7500000,3,,12,2,,,,,3,3,2,48,,.,48,,,1,8,,2,,2,,,,1,,,,,,,,,1,2,2,1,0,48,4,,2,,,,,,,,3,3,10,,2,,,,2,,,,,,,,,,,,,,1,1,1,2,1,1,5,,61,01,1,01,4,0113,0,54,2956.9696351,
5357021,1,1,1,60,2,54,1,1,,,1,,,2,2,2,2,36,,,,,,,,,,,,,,,,,,,,,,,,,,,,,,,,,,,,,,,,,,,,,,,1,,,,,3,240000,1,3000000,3,,12,2,,,,,2,1,1,25,1,,25,,,1,8,,2,,2,,,,1,,,,,,,,,1,2,2,1,0,60,1,,2,,,,,,,,9,1,40,,2,,,,1,1,2,1,2,1,2,2,1,1,2,,2,1,1,2,2,2,2,1,9,,61,01,1,01,4,0161,240000,54,932.79070211,
5357022,1,2,1,60,2,54,1,1,,,1,,,2,2,2,2,12,,,,,,,,,,,,,,,,,,,,,,,,,,,,,,,,,,,,,,,,,,,,,,,1,,,,,3,400000,1,3000000,3,,12,2,,,,,2,1,1,40,,.,40,,,1,8,,11,,2,,,,1,,,,,,,,,1,2,2,1,0,12,4,,2,,,,,,,,3,3,15,,2,,,,1,1,2,1,2,1,2,2,1,1,2,,2,1,1,2,1,2,2,1,9,,61,01,1,01,4,0161,400000,54,932.79070211,
5357047,1,2,1,60,2,54,2,,,,,,,,,,,48,,,,,,,,,,,,,,,,,,,,,,,,,,,,,,,,,,,,,,,,,,,,,,,6,,,,,3,450000,1,4500000,3,,12,2,,,,,2,1,2,50,,.,50,,,1,2,,2,,2,,,,1,,,,,,,,,1,2,2,2,,,,,2,,,,,,,,,3,5,,2,,,,1,1,2,1,2,2,2,2,2,2,2,,2,1,1,1,1,2,1,1,3,,55,81,1,01,4,8121,450000,54,408.07234346,
5357047,1,3,1,60,2,54,2,,,,,,,,,,,1,,,,,,,,,,,,,,,,,,,,,,,,,,,,,,,,,,,,,,,,,,,,,,,6,,,,,3,250000,1,600000,3,,2,2,,,,,2,1,2,70,,.,70,,,1,7,,2,,2,,,,1,,,,,,,,,1,2,2,1,0,1,4,,2,,,,,,,,3,3,15,,2,,,,1,1,2,1,2,2,2,2,1,1,2,,2,1,2,2,2,2,1,1,3,,53,56,1,01,4,5630,250000,54,408.07234346,
5357047,1,6,1,60,2,54,2,,,,,,,,,,,5,,,,,,,,,,,,,,,,,,,,,,,,,,,,,,,,,,,,,,,,,,,,,,,6,,,,,3,400000,1,3000000,3,,12,2,,,,,2,10,2,50,,.,50,,,1,8,,2,,2,,,,1,,,,,,,,,1,2,2,1,0,48,4,,2,,,,,,,,3,3,30,,2,,,,1,1,2,1,2,2,2,2,1,1,2,,2,1,1,2,1,2,1,1,3,,97,52,1,01,4,5224,400000,54,408.07234346,
5357049,1,3,1,60,2,54,2,,,,,,,,,,,2,,,,,,,,,,,,,,,,,,,,,,,,,,,,,,,,,,,,,,,,,,,,,,,6,,,,,3,600000,1,7200000,3,,2,2,,,,,2,1,1,50,,.,50,,,1,2,,2,,2,,,,1,,,,,,,,,1,2,2,2,,,,,2,,,,,,,,,3,10,,2,,,,1,1,1,1,2,2,2,2,2,2,2,,2,1,1,1,1,2,1,1,3,,55,81,1,01,4,8121,600000,54,408.07234346,
5357052,1,1,1,60,2,54,1,1,,,1,,,2,2,2,2,120,,,,,,,,,,,,,,,,,,,,,,,,,,,,,,,,,,,,,,,,,,,,,,,1,,,,,3,600000,1,4200000,3,,12,2,,,,,2,1,1,45,,.,45,,,1,8,,2,,2,,,,1,,,,,,,,,1,2,2,1,0,24,6,,2,,,,,,,,8,11,30,,2,,,,1,1,2,1,2,1,2,2,1,1,2,,2,1,1,2,1,2,1,1,9,,61,01,1,01,4,0128,600000,54,408.07234346,
5357053,1,1,1,60,2,54,1,1,,,1,,,2,2,2,2,360,,,,,,,,,,,,,,,,,,,,,,,,,,,,,,,,,,,,,,,,,,,,,,,1,,,,,3,600000,1,4800000,3,,12,2,,,,,2,10,1,54,,.,54,,,1,8,,2,,2,,,,1,,,,,,,,,1,2,2,1,0,36,6,,2,,,,,,,,8,11,15,,2,,,,2,,,,,,,,,,,,,,1,1,1,2,1,1,9,,61,01,1,01,4,0122,600000,54,408.07234346,
5357055,1,1,1,60,2,54,1,1,,,1,,,2,2,2,2,240,,,,,,,,,,,,,,,,,,,,,,,,,,,,,,,,,,,,,,,,,,,,,,,1,,,,,3,500000,1,4800000,3,,12,2,,,,,2,5,2,54,,.,54,,,1,8,,2,,2,,,,1,,,,,,,,,1,2,2,1,0,12,4,,2,,,,,,,,3,3,40,,2,,,,2,,,,,,,,,,,,,,1,1,1,2,1,1,9,,61,01,1,01,4,0122,500000,54,1836.3255456,
5357057,1,3,1,60,2,54,1,1,,,1,,,1,2,2,2,95,,,,,,,,,,,,,,,,,,,,,,,,,,,,,,,,,,,,,,,,,,,,,,,1,,,,,3,300000,1,6500000,3,,12,2,,,,,2,3,1,48,,.,48,,,1,8,,2,,2,,,,1,,,,,,,,,1,2,2,2,,,,,2,,,,,,,,,11,40,,2,,,,1,1,1,1,2,2,2,1,1,2,2,,1,1,2,2,1,2,2,1,5,,62,01,1,01,4,0127,300000,54,408.07234346,
5357057,1,4,1,60,2,54,1,1,,,1,,,1,2,2,2,60,,,,,,,,,,,,,,,,,,,,,,,,,,,,,,,,,,,,,,,,,,,,,,,1,,,,,3,750000,1,8500000,3,,12,2,,,,,2,1,1,55,,.,55,,,1,8,,2,,2,,,,1,,,,,,,,,1,2,2,2,,,,,2,,,,,,,,,3,45,,2,,,,2,,,,,,,,,,,,,,1,1,1,2,2,1,5,,62,01,1,01,4,0127,750000,54,408.07234346,
5357058,1,2,1,60,2,54,1,1,,,1,,,1,2,2,2,78,,,,,,,,,,,,,,,,,,,,,,,,,,,,,,,,,,,,,,,,,,,,,,,1,,,,,3,750000,1,7900000,3,,12,2,,,,,2,10,2,48,,.,48,,,1,8,,2,,2,,,,1,,,,,,,,,1,2,2,2,,,,,2,,,,,,,,,3,45,,2,,,,2,,,,,,,,,,,,,,1,1,1,2,1,1,5,,61,01,1,01,4,0128,750000,54,1836.3255456,
5357059,1,1,1,60,2,54,1,1,,,1,,,1,2,2,2,360,,,,,,,,,,,,,,,,,,,,,,,,,,,,,,,,,,,,,,,,,,,,,,,1,,,,,3,900000,1,8000000,3,,12,2,,,,,2,10,1,96,,.,96,,,1,8,,2,,2,,,,1,,,,,,,,,1,2,2,2,,,,,2,,,,,,,,,3,40,,2,,,,2,,,,,,,,,,,,,,1,1,1,2,1,1,3,,62,01,1,01,4,0127,900000,54,1836.3255456,
5357059,1,3,1,60,2,54,1,1,,,1,,,1,2,2,2,12,,,,,,,,,,,,,,,,,,,,,,,,,,,,,,,,,,,,,,,,,,,,,,,1,,,,,3,950000,1,8500000,3,,12,2,,,,,2,3,1,96,,.,96,,,1,8,,2,,2,,,,1,,,,,,,,,1,2,2,2,,,,,2,,,,,,,,,11,10,,2,,,,2,,,,,,,,,,,,,,1,1,1,2,1,1,3,,62,01,1,01,4,0127,950000,54,1836.3255456,
5357059,1,4,1,60,2,54,1,1,,,1,,,1,2,2,2,12,,,,,,,,,,,,,,,,,,,,,,,,,,,,,,,,,,,,,,,,,,,,,,,1,,,,,3,850000,1,7000000,3,,12,2,,,,,2,1,1,80,,.,80,,,1,8,,2,,2,,,,1,,,,,,,,,1,2,2,2,,,,,2,,,,,,,,,11,10,,2,,,,2,,,,,,,,,,,,,,1,1,1,2,1,1,3,,62,01,1,01,4,0127,850000,54,1836.3255456,
5357060,1,1,1,60,2,54,1,1,,,1,,,1,2,2,2,210,,,,,,,,,,,,,,,,,,,,,,,,,,,,,,,,,,,,,,,,,,,,,,,1,,,,,3,1200000,1,15000000,3,,12,2,,,,,2,10,2,48,,.,48,,,1,8,,2,,2,,,,1,,,,,,,,,1,2,2,1,0,24,4,,2,,,,,,,,3,11,30,,2,,,,2,,,,,,,,,,,,,,1,1,1,2,1,1,5,,61,01,1,01,4,0161,1200000,54,408.07234346,
5357061,1,1,1,60,2,54,2,,,,,,,,,,,36,,,,,,,,,,,,,,,,,,,,,,,,,,,,,,,,,,,,,,,,,,,,,,,6,,,,,3,300000,1,4000000,3,,12,2,,,,,3,1,2,60,,.,60,,,1,6,,11,,2,,,,1,,,,,,,,,1,2,2,1,24,72,1,,2,,,,,,,,3,3,5,,2,,,,1,1,1,1,2,2,2,2,2,1,2,,2,1,1,1,1,2,1,1,3,,45,92,1,01,4,9200,300000,54,408.07234346,
5357061,1,2,1,60,2,54,2,,,,,,,,,,,300,,,,,,,,,,,,,,,,,,,,,,,,,,,,,,,,,,,,,,,,,,,,,,,6,,,,,3,1000000,1,8000000,3,,12,2,,,,,2,3,1,72,,.,72,,,1,7,,10,,2,,,,1,,,,,,,,,1,2,2,2,,,,,2,,,,,,,,,3,5,,2,,,,2,,,,,,,,,,,,,,1,1,1,2,1,1,3,,87,45,1,01,4,4520,1000000,54,408.07234346,
5357063,1,1,1,60,2,54,1,1,,,1,,,2,2,2,2,420,,,,,,,,,,,,,,,,,,,,,,,,,,,,,,,,,,,,,,,,,,,,,,,1,,,,,3,400000,1,2800000,3,,12,2,,,,,2,5,2,54,,.,20,6,,1,8,,2,,2,,,,1,,,,,,,,,1,2,2,1,0,24,6,,2,,,,,,,,8,3,30,2,2,,,,1,1,2,1,2,1,2,2,1,1,2,,1,1,1,2,1,2,2,1,3,,61,01,1,01,4,0122,400000,54,408.07234346,
5357064,1,1,1,60,2,54,1,1,,,1,,,1,2,2,2,24,,,,,,,,,,,,,,,,,,,,,,,,,,,,,,,,,,,,,,,,,,,,,,,1,,,,,3,900000,1,8800000,3,,12,2,,,,,2,3,2,48,,.,48,,,1,8,,10,,2,,,,1,,,,,,,,,1,2,2,1,2,48,8,,2,,,,,,,,3,11,25,,2,,,,2,,,,,,,,,,,,,,1,1,1,2,2,1,5,,61,01,1,01,4,0161,900000,54,1836.3255456,
5357065,1,1,1,60,2,54,2,,,,,,,,,,,96,,,,,,,,,,,,,,,,,,,,,,,,,,,,,,,,,,,,,,,,,,,,,,,6,,,,,3,960000,1,7000000,3,,12,2,,,,,2,3,2,54,,.,54,,,1,2,,11,,2,,,,1,,,,,,,,,1,2,2,2,,,,,2,,,,,,,,,3,40,,2,,,,2,,,,,,,,,,,,,,1,1,1,2,1,1,9,,95,41,1,01,4,4111,960000,54,1836.3255456,
5357066,1,2,1,60,2,54,1,1,,,1,,,1,2,2,2,78,,,,,,,,,,,,,,,,,,,,,,,,,,,,,,,,,,,,,,,,,,,,,,,1,,,,,3,900000,1,7600000,3,,12,2,,,,,2,10,2,48,,.,48,,,1,8,,2,,2,,,,1,,,,,,,,,1,2,2,2,,,,,2,,,,,,,,,11,40,,2,,,,2,,,,,,,,,,,,,,1,1,1,2,2,1,5,,61,01,1,01,4,0161,900000,54,408.07234346,
5357067,1,1,1,60,2,54,1,1,,,1,,,1,2,2,2,180,,,,,,,,,,,,,,,,,,,,,,,,,,,,,,,,,,,,,,,,,,,,,,,1,,,,,3,600000,1,7000000,3,,12,2,,,,,2,1,2,72,,.,72,,,1,8,,2,,2,,,,1,,,,,,,,,1,2,2,2,,,,,2,,,,,,,,,3,15,,2,,,,2,,,,,,,,,,,,,,1,1,1,2,1,1,2,,61,01,1,01,4,0122,600000,54,408.07234346,
5357069,1,1,1,60,2,54,1,1,,,1,,,1,2,2,2,48,,,,,,,,,,,,,,,,,,,,,,,,,,,,,,,,,,,,,,,,,,,,,,,1,,,,,3,750000,1,6000000,3,,12,2,,,,,2,1,2,72,,.,72,,,1,8,,2,,2,,,,1,,,,,,,,,1,2,2,1,12,48,4,,2,,,,,,,,3,3,10,,2,,,,1,1,1,1,2,2,2,2,2,2,2,,2,1,1,1,1,2,1,1,3,,62,01,1,01,4,0122,750000,54,1836.3255456,
5357071,1,1,1,60,2,54,2,,,,,,,,,,,72,,,,,,,,,,,,,,,,,,,,,,,,,,,,,,,,,,,,,,,,,,,,,,,6,,,,,3,600000,1,3000000,3,,12,2,,,,,2,1,2,48,,.,48,,,1,9,,7,,2,,,,1,,,,,,,,,1,2,2,1,2,24,4,,2,,,,,,,,3,3,15,,2,,,,2,,,,,,,,,,,,,,1,1,1,2,1,1,9,,95,41,1,01,4,4111,600000,54,1836.3255456,
5357072,1,1,1,60,2,54,2,,,,,,,,,,,180,,,,,,,,,,,,,,,,,,,,,,,,,,,,,,,,,,,,,,,,,,,,,,,6,,,,,3,400000,1,3600000,3,,12,2,,,,,2,1,1,40,,.,40,,,1,7,,2,,2,,,,1,,,,,,,,,1,2,2,1,0,24,4,,2,,,,,,,,8,3,15,,2,,,,1,1,2,1,2,1,2,2,2,1,2,,2,1,1,2,1,2,2,1,3,,81,31,1,01,4,3110,400000,54,1836.3255456,
5357074,1,1,1,60,2,54,2,,,,,,,,,,,24,,,,,,,,,,,,,,,,,,,,,,,,,,,,,,,,,,,,,,,,,,,,,,,6,,,,,3,600000,1,4000000,3,,12,2,,,,,2,3,2,50,,.,50,,,1,9,,11,,2,,,,1,,,,,,,,,1,2,2,1,24,36,4,,2,,,,,,,,3,3,5,,2,,,,1,1,2,1,2,2,2,2,2,2,2,,2,1,1,1,1,2,1,1,2,,95,41,1,01,4,4112,600000,54,1836.3255456,
5357074,1,3,1,60,2,54,2,,,,,,,,,,,24,,,,,,,,,,,,,,,,,,,,,,,,,,,,,,,,,,,,,,,,,,,,,,,6,,,,,3,500000,1,2500000,3,,12,2,,,,,2,5,2,50,,.,50,,,1,9,,11,,2,,,,1,,,,,,,,,1,2,2,2,,,,,2,,,,,,,,,3,5,,2,,,,1,1,2,1,2,2,2,2,2,2,2,,2,1,2,2,1,2,2,1,3,,95,41,1,01,4,4112,500000,54,1836.3255456,
5357075,1,1,1,60,2,54,1,1,,,1,,,2,2,2,2,360,,,,,,,,,,,,,,,,,,,,,,,,,,,,,,,,,,,,,,,,,,,,,,,1,,,,,3,500000,1,4200000,3,,12,2,,,,,2,10,2,54,,.,54,,,1,8,,2,,2,,,,1,,,,,,,,,1,2,2,1,0,24,4,,2,,,,,,,,3,3,35,,2,,,,2,,,,,,,,,,,,,,1,1,1,2,1,1,9,,61,01,1,01,4,0161,500000,54,719.94715758,
5357077,1,1,1,60,2,54,1,1,,,1,,,1,2,2,2,175,,,,,,,,,,,,,,,,,,,,,,,,,,,,,,,,,,,,,,,,,,,,,,,1,,,,,3,1250000,1,14500000,3,,12,2,,,,,2,3,2,58,,.,58,,,1,8,,10,,2,,,,1,,,,,,,,,1,2,2,2,,,,,2,,,,,,,,,11,40,,2,,,,2,,,,,,,,,,,,,,1,1,1,2,1,1,5,,61,01,1,01,4,0128,1250000,54,1610.5441441,
5357078,1,1,1,60,2,54,1,1,,,1,,,2,2,2,2,48,,,,,,,,,,,,,,,,,,,,,,,,,,,,,,,,,,,,,,,,,,,,,,,1,,,,,3,400000,1,3600000,3,,12,2,,,,,2,10,2,40,,.,40,,,1,8,,2,,2,,,,1,,,,,,,,,1,2,2,2,,,,,2,,,,,,,,,11,20,,2,,,,2,,,,,,,,,,,,,,1,1,1,2,1,1,9,,62,01,1,01,4,0122,400000,54,1836.3255456,
5357079,1,1,1,60,2,54,1,1,,,1,,,1,2,2,2,180,,,,,,,,,,,,,,,,,,,,,,,,,,,,,,,,,,,,,,,,,,,,,,,1,,,,,3,800000,1,7800000,3,,12,2,,,,,2,3,2,86,,.,86,,,1,8,,2,,2,,,,1,,,,,,,,,1,2,2,2,,,,,2,,,,,,,,,3,30,,2,,,,2,,,,,,,,,,,,,,1,1,1,2,1,1,9,,62,01,1,01,4,0127,800000,54,1836.3255456,
5357080,1,1,1,60,2,54,1,1,,,1,,,1,2,2,2,180,,,,,,,,,,,,,,,,,,,,,,,,,,,,,,,,,,,,,,,,,,,,,,,1,,,,,3,900000,1,8000000,3,,12,2,,,,,2,1,2,86,,.,86,,,1,8,,2,,2,,,,1,,,,,,,,,1,2,2,2,,,,,2,,,,,,,,,11,15,,2,,,,2,,,,,,,,,,,,,,1,1,1,2,1,1,3,,61,01,1,01,4,0128,900000,54,1836.3255456,
5357081,1,1,1,60,2,54,1,1,,,1,,,2,2,2,2,36,,,,,,,,,,,,,,,,,,,,,,,,,,,,,,,,,,,,,,,,,,,,,,,1,,,,,3,200000,1,1500000,3,,12,2,,,,,2,10,1,25,2,,25,,,1,8,,2,,2,,,,1,,,,,,,,,1,2,2,2,,,,,2,,,,,,,,,3,40,,2,,,,1,1,2,1,2,1,2,2,1,1,2,,2,1,1,2,1,2,2,1,3,,61,01,1,01,4,0161,200000,54,408.07234346,
5357084,1,1,1,60,2,54,1,1,,,1,,,2,2,2,2,360,,,,,,,,,,,,,,,,,,,,,,,,,,,,,,,,,,,,,,,,,,,,,,,1,,,,,3,600000,1,4200000,3,,12,2,,,,,2,5,2,45,,.,45,,,1,8,,2,,2,,,,1,,,,,,,,,1,2,2,1,0,24,6,,2,,,,,,,,8,3,40,,2,,,,2,,,,,,,,,,,,,,1,1,1,2,1,1,9,,61,01,1,01,4,0122,600000,54,1836.3255456,
5357086,1,1,1,60,2,54,1,1,,,1,,,1,2,2,2,360,,,,,,,,,,,,,,,,,,,,,,,,,,,,,,,,,,,,,,,,,,,,,,,1,,,,,3,900000,1,9000000,3,,12,2,,,,,2,1,2,86,,.,86,,,1,8,,2,,2,,,,1,,,,,,,,,1,2,2,2,,,,,2,,,,,,,,,3,20,,2,,,,2,,,,,,,,,,,,,,1,1,1,2,1,1,3,,61,01,1,01,4,0128,900000,54,1836.3255456,
5357087,1,1,1,60,2,54,1,1,,,1,,,1,2,2,2,126,,,,,,,,,,,,,,,,,,,,,,,,,,,,,,,,,,,,,,,,,,,,,,,1,,,,,3,950000,1,12500000,3,,12,2,,,,,2,3,2,48,,.,48,,,1,8,,2,,2,,,,1,,,,,,,,,1,2,2,1,0,48,8,,2,,,,,,,,3,11,35,,2,,,,2,,,,,,,,,,,,,,1,1,1,2,1,1,5,,62,01,1,01,4,0127,950000,54,1836.3255456,
5357089,1,1,1,60,2,54,1,1,,,1,,,1,2,2,2,360,,,,,,,,,,,,,,,,,,,,,,,,,,,,,,,,,,,,,,,,,,,,,,,1,,,,,3,900000,1,8000000,3,,12,2,,,,,2,1,2,56,,.,56,,,1,8,,2,,2,,,,1,,,,,,,,,1,2,2,2,,,,,2,,,,,,,,,11,25,,2,,,,2,,,,,,,,,,,,,,1,1,1,2,1,1,3,,62,01,1,01,4,0122,900000,54,735.58018446,
5357091,1,1,1,60,2,54,1,1,,,1,,,1,2,2,2,360,,,,,,,,,,,,,,,,,,,,,,,,,,,,,,,,,,,,,,,,,,,,,,,1,,,,,3,900000,1,9000000,3,,12,2,,,,,2,1,2,56,,.,56,,,1,8,,2,,2,,,,1,,,,,,,,,1,2,2,2,,,,,2,,,,,,,,,11,15,,2,,,,2,,,,,,,,,,,,,,1,1,1,2,1,1,3,,61,01,1,01,4,0161,900000,54,1836.3255456,
5357092,1,1,1,60,2,54,1,1,,,1,,,1,2,2,2,2,,,,,,,,,,,,,,,,,,,,,,,,,,,,,,,,,,,,,,,,,,,,,,,1,,,,,3,400000,1,1300000,3,,12,2,,,,,2,3,2,48,,.,48,,,1,8,,10,,2,,,,1,,,,,,,,,1,2,2,1,0,48,8,,2,,,,,,,,9,11,30,,2,,,,2,,,,,,,,,,,,,,1,1,1,2,2,1,5,,62,01,1,01,4,0127,400000,54,719.94715758,
5357093,1,1,1,60,2,54,1,1,,,1,,,1,2,2,2,24,,,,,,,,,,,,,,,,,,,,,,,,,,,,,,,,,,,,,,,,,,,,,,,1,,,,,3,500000,1,8500000,3,,12,2,,,,,2,3,2,48,,.,48,,,1,8,,7,,2,,,,1,,,,,,,,,1,2,2,1,0,48,8,,2,,,,,,,,2,3,15,,2,,,,2,,,,,,,,,,,,,,1,1,1,2,1,1,5,,61,01,1,01,4,0128,500000,54,1836.3255456,
5357096,1,1,1,60,2,54,1,1,,,1,,,1,2,2,2,720,,,,,,,,,,,,,,,,,,,,,,,,,,,,,,,,,,,,,,,,,,,,,,,1,,,,,3,900000,1,8500000,3,,12,2,,,,,2,3,2,56,,.,56,,,1,8,,2,,2,,,,1,,,,,,,,,1,2,2,2,,,,,2,,,,,,,,,3,15,,2,,,,2,,,,,,,,,,,,,,1,1,1,2,1,1,3,,62,01,1,01,4,0127,900000,54,1836.3255456,
5357096,1,3,1,60,2,54,1,1,,,1,,,1,2,2,2,120,,,,,,,,,,,,,,,,,,,,,,,,,,,,,,,,,,,,,,,,,,,,,,,1,,,,,3,900000,1,8000000,3,,12,2,,,,,2,3,2,56,,.,56,,,1,8,,2,,2,,,,1,,,,,,,,,1,2,2,2,,,,,2,,,,,,,,,11,15,,2,,,,2,,,,,,,,,,,,,,1,1,1,2,1,1,3,,62,01,1,01,4,0127,900000,54,1836.3255456,
5357096,1,4,1,60,2,54,1,1,,,1,,,1,2,2,2,72,,,,,,,,,,,,,,,,,,,,,,,,,,,,,,,,,,,,,,,,,,,,,,,1,,,,,3,900000,1,8000000,3,,12,2,,,,,2,1,2,56,,.,56,,,1,8,,2,,2,,,,1,,,,,,,,,1,2,2,2,,,,,2,,,,,,,,,11,15,,2,,,,2,,,,,,,,,,,,,,1,1,1,2,1,1,3,,62,01,1,01,4,0127,900000,54,1836.3255456,
5357096,1,5,1,60,2,54,1,1,,,1,,,1,2,2,2,36,,,,,,,,,,,,,,,,,,,,,,,,,,,,,,,,,,,,,,,,,,,,,,,1,,,,,3,600000,1,3000000,3,,12,2,,,,,2,1,2,48,,.,48,,,1,8,,2,,2,,,,1,,,,,,,,,1,2,2,2,,,,,2,,,,,,,,,11,15,,2,,,,2,,,,,,,,,,,,,,1,1,1,2,1,1,3,,62,01,1,01,4,0127,600000,54,1836.3255456,
5357099,1,3,1,60,2,54,1,1,,,1,,,2,2,2,2,180,,,,,,,,,,,,,,,,,,,,,,,,,,,,,,,,,,,,,,,,,,,,,,,1,,,,,3,400000,1,3600000,3,,12,2,,,,,2,10,2,54,,.,54,,,1,8,,2,,2,,,,1,,,,,,,,,1,2,2,1,0,24,6,,2,,,,,,,,8,3,25,,2,,,,2,,,,,,,,,,,,,,1,1,1,2,1,1,9,,61,01,1,01,4,0161,400000,54,408.07234346,
5357100,1,1,1,60,2,54,1,1,,,1,,,1,2,2,2,4,,,,,,,,,,,,,,,,,,,,,,,,,,,,,,,,,,,,,,,,,,,,,,,1,,,,,3,500000,1,4800000,3,,12,2,,,,,2,3,2,48,,.,18,1,,1,8,,7,,2,,,,1,,,,,,,,,1,2,2,1,0,48,4,,2,,,,,,,,3,12,15,2,2,,,,2,,,,,,,,,,,,,,1,1,1,2,2,1,5,,61,01,1,01,4,0161,500000,54,499.19998133,
5357101,1,2,1,60,2,54,1,1,,,1,,,1,2,2,2,240,,,,,,,,,,,,,,,,,,,,,,,,,,,,,,,,,,,,,,,,,,,,,,,1,,,,,3,700000,1,6000000,3,,12,2,,,,,2,1,2,50,,.,50,,,1,8,,2,,2,,,,1,,,,,,,,,1,2,2,1,0,60,4,,2,,,,,,,,3,3,5,,2,,,,2,,,,,,,,,,,,,,1,1,1,2,1,1,3,,62,01,1,01,4,0121,700000,54,1836.3255456,
5357101,1,3,1,60,2,54,1,1,,,1,,,1,2,2,2,24,,,,,,,,,,,,,,,,,,,,,,,,,,,,,,,,,,,,,,,,,,,,,,,1,,,,,3,600000,1,5000000,3,,12,2,,,,,2,10,2,50,,.,50,,,1,8,,2,,2,,,,1,,,,,,,,,1,2,2,2,,,,,2,,,,,,,,,3,5,,2,,,,2,,,,,,,,,,,,,,1,1,1,2,1,1,2,,62,01,1,01,4,0121,600000,54,1836.3255456,
5357104,1,1,1,60,2,54,1,1,,,1,,,2,2,2,2,120,,,,,,,,,,,,,,,,,,,,,,,,,,,,,,,,,,,,,,,,,,,,,,,1,,,,,3,300000,1,4200000,3,,12,2,,,,,2,1,1,45,,.,45,,,1,8,,2,,2,,,,1,,,,,,,,,1,2,2,1,0,36,4,,2,,,,,,,,3,3,15,,2,,,,2,,,,,,,,,,,,,,1,1,1,2,1,1,9,,61,01,1,01,4,0113,300000,54,1836.3255456,
5357105,1,1,1,60,2,54,1,1,,,1,,,1,2,2,2,24,,,,,,,,,,,,,,,,,,,,,,,,,,,,,,,,,,,,,,,,,,,,,,,1,,,,,3,600000,1,7000000,3,,12,2,,,,,2,1,2,50,,.,50,,,1,8,,2,,2,,,,1,,,,,,,,,1,2,2,1,0,12,1,,2,,,,,,,,1,11,5,,2,,,,1,1,1,1,2,2,2,2,2,1,2,,2,1,1,1,1,2,1,1,3,,61,01,1,01,4,0121,600000,54,1836.3255456,
5357106,1,1,1,60,2,54,1,1,,,1,,,2,2,2,2,180,,,,,,,,,,,,,,,,,,,,,,,,,,,,,,,,,,,,,,,,,,,,,,,1,,,,,3,400000,1,3200000,3,,12,2,,,,,2,10,2,45,,.,45,,,1,8,,2,,2,,,,1,,,,,,,,,1,2,2,2,,,,,2,,,,,,,,,3,45,,2,,,,2,,,,,,,,,,,,,,1,1,1,2,1,1,9,,62,01,1,01,4,0122,400000,54,1610.5441441,
5357107,1,1,1,60,2,54,1,1,,,1,,,1,2,2,2,36,,,,,,,,,,,,,,,,,,,,,,,,,,,,,,,,,,,,,,,,,,,,,,,1,,,,,3,500000,1,6000000,3,,12,2,,,,,2,5,2,50,,.,50,,,1,8,,2,,2,,,,1,,,,,,,,,1,2,2,1,0,480,4,,2,,,,,,,,11,3,10,,2,,,,2,,,,,,,,,,,,,,1,1,1,2,1,1,3,,62,01,1,01,4,0121,500000,54,499.19998133,
5357146,1,1,1,60,2,68,2,,,,,,,,,,,1,,,,,,,,,,,,,,,,,,,,,,,,,,,,,,,,,,,,,,,,,,,,,,,7,,1,1,2021,3,250000,1,3000000,3,,4,1,1,0,0,1,3,3,2,54,,.,54,,,2,7,,2,,2,,,,1,,,,,,,,,1,2,2,1,8,96,4,,2,,,,,,,,2,3,2,,2,,,,2,,,,,,,,,,,,,,1,1,1,2,1,1,3,,41,47,1,01,4,4711,250000,68,2053.9380571,
5357146,1,2,1,60,2,68,2,,,,,,,,,,,1,,,,,,,,,,,,,,,,,,,,,,,,,,,,,,,,,,,,,,,,,,,,,,,,.,,,,,,,,,.,6,,,,,,,,,18,2,,18,,,2,7,,2,,2,,,,1,,,,,,,,,1,2,2,1,6,48,6,,2,,,,,,,,2,3,2,,2,,,,2,,,,,,,,,,,,,,1,1,1,2,1,1,3,,45,47,1,01,6,4711,,68,2053.9380571,
5357148,1,1,1,60,2,68,1,2,2,12,1,,,1,1,2,1,24,,1,,2,1000000,2,,,2,,1,200000,2,,2,,2,,,2,,,2,,,2,,,2,,,2,,,1,1000000,2,,2,,1,150000,2,,2,,,.,,,,,,,,,.,12,,,,,,,,,60,,.,60,,,4,8,,2,,2,,,,1,,,,,,,,,1,2,2,2,,,,,2,,,,,,,,,14,,,2,,,,2,,,,,,,,,,,,,,2,1,1,2,1,1,8,,62,01,1,01,8,0130,1200000,68,9242.7212568,
5357148,1,2,1,60,2,68,1,2,2,12,1,,,1,1,2,1,3,,1,,2,600000,2,,,2,,1,200000,2,,2,,2,,,2,,,2,,,2,,,2,,,2,,,2,,2,,2,,2,,2,,2,,,.,,,,,,,,,.,12,,,,,,,,,60,,.,60,,,4,8,,2,,2,,,,1,,,,,,,,,1,2,2,1,0,12,8,,2,,,,,,,,1,14,,,2,,,,2,,,,,,,,,,,,,,1,1,1,2,1,1,3,,62,01,1,01,8,0130,800000,68,9242.7212568,
5357149,1,1,1,60,2,68,2,,,,,,,,,,,360,,,,,,,,,,,,,,,,,,,,,,,,,,,,,,,,,,,,,,,,,,,,,,,6,,,,,3,600000,1,7200000,3,,12,1,1,0,0,1,3,3,2,40,,.,40,,,2,8,,3,,2,,,,1,,,,,,,,,1,2,2,1,0,6,4,,2,,,,,,,,8,3,2,,2,,,,2,,,,,,,,,,,,,,1,1,1,2,1,1,3,,71,08,1,01,4,0811,600000,68,2053.9380571,
5357149,1,3,1,60,2,68,2,,,,,,,,,,,12,,,,,,,,,,,,,,,,,,,,,,,,,,,,,,,,,,,,,,,,,,,,,,,,.,,,,,,,,,.,12,,,,,,,,,14,1,,14,,,2,8,,2,,2,,,,1,,,,,,,,,1,2,2,1,0,36,1,,2,,,,,,,,1,3,2,,1,34,1,1,1,1,1,1,2,1,2,2,2,2,2,,1,1,1,2,2,2,2,1,3,,97,47,1,01,6,4752,,68,2053.9380571,
5357149,1,4,1,60,2,68,1,2,1,,1,,,1,1,2,1,60,,2,,2,950000,2,,,2,,2,,2,,2,,2,,,1,102854,2,2,,,2,,,2,,,2,,,1,950000,2,,2,,2,,2,,2,,,.,,,,,,,,,.,12,,,,,,,,,48,,.,48,,,4,7,,1,,1,1,1,5,1,1,,,,,,,,,1,1,2,,,,,2,,,,,,,,,11,20,,2,,,,2,,,,,,,,,,,,,,1,1,1,2,1,1,3,,03,71,1,01,1,7120,950000,68,2053.9380571,
5357151,1,2,1,60,2,68,1,1,,,1,,,1,2,2,2,0,,1,,2,560000,2,,,2,,2,,2,,2,,2,,,2,,,2,,,2,,,2,,,2,,,2,,2,,2,,2,,2,,2,,,.,,,,,,,,,.,12,,,,,,,,,40,,.,40,,,3,8,,3,,2,,,,1,,,,,,,,,1,2,2,1,0,1,8,,2,,,,,,,,1,12,20,,2,,,,1,1,1,1,2,1,2,2,2,2,2,,2,1,1,1,1,2,2,1,3,,62,01,1,01,8,0111,560000,68,3702.3732657,
5357152,1,1,1,60,2,68,2,,,,,,,,,,,240,,,,,,,,,,,,,,,,,,,,,,,,,,,,,,,,,,,,,,,,,,,,,,,6,,,,,3,400000,1,4800000,3,,12,2,,,,,3,3,2,50,,.,50,,,1,8,,2,,2,,,,1,,,,,,,,,1,2,2,1,0,60,4,,2,,,,,,,,8,3,10,,2,,,,2,,,,,,,,,,,,,,1,1,1,2,1,1,3,,61,01,1,01,4,0161,400000,68,2053.9380571,
5357152,1,2,1,60,2,68,1,1,,,1,,,1,2,2,2,4,,1,,2,100000,2,,,1,80000,2,,2,,2,,2,,,2,,,2,,,2,,,2,,,2,,,2,,2,,2,,2,,2,,2,,,.,,,,,,,,,.,8,,,,,,,,,3,1,,3,,,1,2,,2,,2,,,,1,,,,,,,,,1,2,2,1,4,16,3,,2,,,,,,,,5,3,60,,1,21,2,1,2,,,,,,,,,,,,,,1,2,2,2,2,1,3,,54,97,1,01,3,9700,180000,68,2053.9380571,
5357153,1,1,1,60,2,68,2,,,,,,,,,,,360,,,,,,,,,,,,,,,,,,,,,,,,,,,,,,,,,,,,,,,,,,,,,,,7,,2,,,2,500000,1,6000000,3,,12,2,,,,,3,9,2,35,2,,35,,,1,8,,2,,2,,,,1,,,,,,,,,1,2,2,2,,,,,1,68,16,8,,200000,2,8,,3,5,,2,,,,2,,,,,,,,,,,,,,1,1,1,2,2,1,8,,61,01,1,01,4,0111,700000,68,3702.3732657,
5357153,1,2,1,60,2,68,2,,,,,,,,,,,3,,,,,,,,,,,,,,,,,,,,,,,,,,,,,,,,,,,,,,,,,,,,,,,6,,,,,3,240000,1,720000,3,,3,2,,,,,2,4,2,70,,.,70,,,1,1,,2,,2,,,,1,,,,,,,,,1,2,2,1,3,60,6,,2,,,,,,,,9,14,,,2,,,,2,,,,,,,,,,,,,,1,1,1,2,2,1,3,,54,88,1,01,4,8890,240000,68,3702.3732657,
5357154,1,2,1,60,2,68,1,1,,,1,,,1,2,2,2,5,,1,,2,552000,2,,,1,300000,2,,2,,2,,2,,,2,,,2,,,2,,,2,,,2,,,2,,2,,2,,2,,2,,2,,,.,,,,,,,,,.,12,,,,,,,,,60,,.,60,,,3,8,,2,,2,,,,1,,,,,,,,,1,2,2,1,0,24,8,,2,,,,,,,,2,3,60,,2,,,,2,,,,,,,,,,,,,,1,1,1,2,2,1,8,,62,01,1,01,8,0123,852000,68,9242.7212568,
5357154,1,3,1,60,2,68,1,1,,,1,,,1,2,2,2,24,,1,,2,550000,2,,,1,300000,2,,2,,2,,2,,,2,,,2,,,2,,,2,,,2,,,2,,2,,2,,2,,2,,2,,,.,,,,,,,,,.,12,,,,,,,,,60,,.,60,,,3,8,,2,,2,,,,1,,,,,,,,,1,2,2,1,3,12,8,,2,,,,,,,,1,13,60,,2,,,,2,,,,,,,,,,,,,,1,1,1,2,2,1,8,,62,01,1,01,8,0123,850000,68,9242.7212568,
5357155,1,1,1,60,2,68,2,,,,,,,,,,,180,,,,,,,,,,,,,,,,,,,,,,,,,,,,,,,,,,,,,,,,,,,,,,,6,,,,,3,2000000,1,24000000,3,,12,1,1,1,0,0,3,3,2,54,,.,0,6,,2,2,,2,,2,,,,1,,,,,,,,,1,2,2,1,0,6,4,,2,,,,,,,,8,8,20,1,2,,,,2,,,,,,,,,,,,,,1,1,1,2,1,1,3,,95,41,1,01,5,4111,2000000,68,9242.7212568,
5357155,1,2,1,60,2,68,1,1,,,1,,,1,2,2,2,1,,1,,2,600000,2,,,1,150000,2,,2,,2,,2,,,2,,,2,,,2,,,2,,,2,,,2,,2,,2,,2,,2,,2,,,.,,,,,,,,,.,12,,,,,,,,,48,,.,48,,,1,2,,2,,2,,,,1,,,,,,,,,1,2,2,1,0,6,3,,2,,,,,,,,1,8,10,,2,,,,2,,,,,,,,,,,,,,1,1,1,2,1,1,3,,54,97,1,01,3,9700,750000,68,9242.7212568,
5357155,1,3,1,60,2,68,1,1,,,1,,,2,2,2,2,1,,1,,2,900000,2,,,2,,2,,2,,2,,2,,,2,,,2,,,2,,,2,,,2,,,2,,2,,2,,2,,2,,2,,,.,,,,,,,,,.,12,,,,,,,,,54,,.,54,,,2,2,,2,,2,,,,1,,,,,,,,,1,2,2,1,0,1,1,,2,,,,,,,,1,11,20,,2,,,,2,,,,,,,,,,,,,,1,1,1,2,1,1,3,,95,41,1,01,1,4111,900000,68,9242.7212568,
5357156,1,1,1,60,2,68,2,,,,,,,,,,,3,,,,,,,,,,,,,,,,,,,,,,,,,,,,,,,,,,,,,,,,,,,,,,,6,,,,,3,500000,1,2000000,3,,4,2,,,,,2,4,1,30,2,,24,6,,1,2,,2,,2,,,,1,,,,,,,,,1,2,2,1,8,144,4,,2,,,,,,,,2,3,90,2,2,,,,2,,,,,,,,,,,,,,1,1,1,2,2,1,3,,55,81,1,01,4,8121,500000,68,2053.9380571,
5357157,1,1,1,60,2,68,2,,,,,,,,,,,240,,,,,,,,,,,,,,,,,,,,,,,,,,,,,,,,,,,,,,,,,,,,,,,6,,,,,3,400000,1,4800000,3,,12,2,,,,,3,3,2,54,,.,54,,,1,8,,2,,2,,,,1,,,,,,,,,1,2,2,1,0,60,4,,2,,,,,,,,8,3,20,,2,,,,2,,,,,,,,,,,,,,1,1,1,2,1,1,3,,61,01,1,01,4,0161,400000,68,2053.9380571,
5357160,1,1,1,60,2,68,2,,,,,,,,,,,36,,,,,,,,,,,,,,,,,,,,,,,,,,,,,,,,,,,,,,,,,,,,,,,7,,2,,,2,500000,1,6000000,3,,12,1,1,0,0,1,3,3,2,50,,.,50,,,2,8,,2,,2,,,,1,,,,,,,,,1,2,2,1,0,22,1,,2,,,,,,,,3,3,5,,2,,,,2,,,,,,,,,,,,,,1,1,1,2,1,1,3,,61,01,1,01,4,0111,500000,68,2933.9014384,
5357160,1,2,1,60,2,68,2,,,,,,,,,,,36,,,,,,,,,,,,,,,,,,,,,,,,,,,,,,,,,,,,,,,,,,,,,,,,.,,,,,,,,,.,12,,,,,,,,,20,2,,20,,,2,8,,2,,2,,,,1,,,,,,,,,1,2,2,1,0,13,4,,2,,,,,,,,3,3,4,,2,,,,2,,,,,,,,,,,,,,1,1,1,2,2,2,3,,62,01,1,01,6,0111,,68,2933.9014384,
5357160,1,3,1,60,2,68,2,,,,,,,,,,,24,,,,,,,,,,,,,,,,,,,,,,,,,,,,,,,,,,,,,,,,,,,,,,,6,,,,,3,350000,1,4200000,3,,12,2,,,,,3,3,2,30,2,,30,,,1,8,,2,,2,,,,1,,,,,,,,,1,2,2,1,0,24,1,,2,,,,,,,,3,3,10,,2,,,,2,,,,,,,,,,,,,,1,1,1,2,1,1,3,,61,01,1,01,4,0161,350000,68,2933.9014384,
5357162,1,1,1,60,2,68,2,,,,,,,,,,,130,,,,,,,,,,,,,,,,,,,,,,,,,,,,,,,,,,,,,,,,,,,,,,,6,,,,,3,600000,1,7200000,3,,12,2,,,,,3,3,2,50,,.,50,,,1,8,,2,,2,,,,1,,,,,,,,,1,2,2,1,0,24,1,,2,,,,,,,,3,3,15,,2,,,,2,,,,,,,,,,,,,,1,1,1,2,1,1,3,,61,01,1,01,4,0161,600000,68,2933.9014384,
5357163,1,1,1,60,2,68,2,,,,,,,,,,,12,,,,,,,,,,,,,,,,,,,,,,,,,,,,,,,,,,,,,,,,,,,,,,,6,,,,,3,600000,1,6000000,3,,12,2,,,,,3,3,2,48,,.,48,,,1,8,,2,,2,,,,1,,,,,,,,,1,2,2,1,0,24,1,,2,,,,,,,,5,11,15,,2,,,,2,,,,,,,,,,,,,,1,1,1,2,1,1,8,,61,01,1,01,4,0161,600000,68,8644.5627166,
5357164,1,1,1,60,2,68,2,,,,,,,,,,,48,,,,,,,,,,,,,,,,,,,,,,,,,,,,,,,,,,,,,,,,,,,,,,,7,,2,,,2,600000,1,7200000,3,,12,1,1,0,1,0,3,3,2,50,,.,50,,,2,8,,2,,2,,,,1,,,,,,,,,1,2,2,1,0,24,1,,2,,,,,,,,3,3,6,,2,,,,2,,,,,,,,,,,,,,1,1,1,2,1,1,3,,61,01,1,01,4,0111,600000,68,2933.9014384,
5357164,1,3,1,60,2,68,2,,,,,,,,,,,48,,,,,,,,,,,,,,,,,,,,,,,,,,,,,,,,,,,,,,,,,,,,,,,7,,2,,,2,600000,1,7200000,3,,12,1,1,0,1,0,3,3,2,40,,.,40,,,2,8,,2,,2,,,,1,,,,,,,,,1,2,2,1,0,24,1,,2,,,,,,,,3,3,10,,2,,,,2,,,,,,,,,,,,,,1,1,1,2,1,1,3,,61,01,1,01,4,0111,600000,68,2933.9014384,
5357165,1,2,1,60,2,68,1,1,,,1,,,1,2,2,2,24,,1,,2,600000,2,,,2,,2,,2,,2,,2,,,2,,,2,,,2,,,2,,,2,,,2,,2,,2,,2,,2,,2,,,.,,,,,,,,,.,12,,,,,,,,,56,,.,56,,,3,7,,2,,2,,,,1,,,,,,,,,1,2,2,1,0,24,1,,2,,,,,,,,3,3,10,,2,,,,2,,,,,,,,,,,,,,1,1,1,2,2,1,3,,45,47,1,01,1,4711,600000,68,2933.9014384,
5357165,1,3,1,60,2,68,1,1,,,1,,,1,2,2,2,24,,1,,2,700000,2,,,2,,2,,2,,2,,2,,,2,,,2,,,2,,,2,,,2,,,2,,2,,2,,2,,2,,2,,,.,,,,,,,,,.,12,,,,,,,,,56,,.,56,,,3,2,,2,,2,,,,1,,,,,,,,,1,2,2,1,0,24,1,,2,,,,,,,,3,11,14,,2,,,,2,,,,,,,,,,,,,,1,1,1,2,1,1,3,,95,41,1,01,1,4111,700000,68,2933.9014384,
5357166,1,1,1,60,2,68,2,,,,,,,,,,,360,,,,,,,,,,,,,,,,,,,,,,,,,,,,,,,,,,,,,,,,,,,,,,,7,,2,,,2,400000,1,2000000,3,,12,1,1,0,0,1,3,3,2,24,2,,24,,,2,8,,2,,2,,,,1,,,,,,,,,1,2,2,1,0,12,8,,2,,,,,,,,1,3,3,,2,,,,2,,,,,,,,,,,,,,1,1,1,2,1,1,8,,61,01,1,01,4,0111,400000,68,2933.9014384,
5357166,1,2,1,60,2,68,2,,,,,,,,,,,360,,,,,,,,,,,,,,,,,,,,,,,,,,,,,,,,,,,,,,,,,,,,,,,,.,,,,,,,,,.,12,,,,,,,,,12,2,,12,,,2,8,,2,,2,,,,1,,,,,,,,,1,2,2,1,0,12,4,,2,,,,,,,,1,3,3,,2,,,,2,,,,,,,,,,,,,,1,1,1,2,1,1,3,,62,01,1,01,6,0111,,68,2933.9014384,
5357166,1,3,1,60,2,68,2,,,,,,,,,,,2,,,,,,,,,,,,,,,,,,,,,,,,,,,,,,,,,,,,,,,,,,,,,,,6,,,,,3,700000,1,1400000,3,,10,2,,,,,3,1,2,72,,.,72,,,1,4,,2,,2,,,,1,,,,,,,,,1,2,2,1,2,12,1,,2,,,,,,,,1,14,,,2,,,,1,1,1,1,1,2,2,2,2,2,2,,2,2,1,2,1,2,2,1,8,,98,49,1,01,4,4921,700000,68,2933.9014384,
5357168,1,1,1,60,2,68,1,1,,,1,,,1,2,2,2,24,,1,,2,800000,2,,,2,,2,,2,,2,,2,,,2,,,2,,,2,,,2,,,2,,,2,,2,,2,,2,,2,,2,,,.,,,,,,,,,.,12,,,,,,,,,50,,.,50,,,3,2,,2,,2,,,,1,,,,,,,,,1,2,2,1,0,24,1,,2,,,,,,,,3,3,10,,2,,,,2,,,,,,,,,,,,,,1,1,2,2,1,1,3,,95,41,1,01,1,4111,800000,68,2933.9014384,
5357168,1,2,1,60,2,68,2,,,,,,,,,,,24,,,,,,,,,,,,,,,,,,,,,,,,,,,,,,,,,,,,,,,,,,,,,,,6,,,,,3,260000,1,3120000,3,,12,2,,,,,3,3,2,20,2,,20,,,1,5,,2,,2,,,,1,,,,,,,,,1,2,2,1,0,24,1,,2,,,,,,,,3,3,15,,2,,,,2,,,,,,,,,,,,,,1,1,1,2,1,1,3,,55,81,1,01,4,8121,260000,68,2933.9014384,
5357169,1,1,1,60,2,68,2,,,,,,,,,,,12,,,,,,,,,,,,,,,,,,,,,,,,,,,,,,,,,,,,,,,,,,,,,,,6,,,,,3,700000,1,7000000,3,,12,2,,,,,3,3,2,48,,.,48,,,1,5,,2,,2,,,,1,,,,,,,,,1,2,2,1,0,120,4,,2,,,,,,,,2,12,15,,2,,,,2,,,,,,,,,,,,,,1,1,1,2,1,1,8,,41,47,1,01,4,4721,700000,68,5176.1753401,
5357169,1,2,1,60,2,68,2,,,,,,,,,,,3,,,,,,,,,,,,,,,,,,,,,,,,,,,,,,,,,,,,,,,,,,,,,,,7,,2,,,2,500000,1,1500000,3,,12,2,,,,,3,3,2,84,,.,84,,,1,7,,2,,2,,,,1,,,,,,,,,1,2,2,1,0,12,1,,2,,,,,,,,2,3,1,,2,,,,2,,,,,,,,,,,,,,1,1,1,2,1,1,8,,41,47,1,01,4,4711,500000,68,5176.1753401,
5357242,1,1,1,60,2,18,2,,,,,,,,,,,24,,,,,,,,,,,,,,,,,,,,,,,,,,,,,,,,,,,,,,,,,,,,,,,7,,2,,,2,500000,1,6000000,3,,12,2,,,,,3,4,2,60,,.,60,,,1,1,,2,,2,,,,1,,,,,,,,,1,2,2,2,,,,,2,,,,,,,,,14,,,2,,,,2,,,,,,,,,,,,,,1,1,1,2,1,1,3,,41,47,1,01,4,4711,500000,18,1307.9568495,
5357242,1,2,1,60,2,18,1,1,,,1,,,1,2,2,2,2,,1,,2,600000,2,,,2,,2,,2,,2,,2,,,2,,,2,,,2,,,2,,,2,,,2,,2,,2,,2,,2,,2,,,.,,,,,,,,,.,10,,,,,,,,,42,,.,42,,,2,4,,2,,2,,,,1,,,,,,,,,1,2,2,1,2,120,4,,2,,,,,,,,3,3,10,,2,,,,2,,,,,,,,,,,,,,1,1,1,2,1,1,3,,98,49,1,01,1,4923,600000,18,1307.9568495,
5357243,1,1,1,60,2,18,2,,,,,,,,,,,180,,,,,,,,,,,,,,,,,,,,,,,,,,,,,,,,,,,,,,,,,,,,,,,6,,,,,2,120000,1,1600000,3,,12,2,,,,,2,1,2,25,2,,10,6,,1,1,,2,,2,,,,1,,,,,,,,,1,2,2,2,,,,,2,,,,,,,,,14,,1,2,,,,2,,,,,,,,,,,,,,2,2,1,2,2,1,8,,79,95,1,01,4,9529,120000,18,632.01537139,
5357243,1,3,1,60,2,18,1,1,,,1,,,2,2,2,2,120,,2,,2,200000,2,,,2,,2,,2,,2,,2,,,2,,,2,,,2,,,2,,,2,,,2,,2,,2,,1,200000,2,,2,,,.,,,,,,,,,.,12,,,,,,,,,20,2,,20,,,2,7,,2,,2,,,,1,,,,,,,,,1,2,2,1,36,48,1,,2,,,,,,,,9,3,5,,2,,,,1,1,2,1,2,2,2,1,1,2,2,,2,1,2,2,1,2,1,1,3,,55,94,1,01,1,9491,200000,18,632.01537139,
5357245,1,1,1,60,2,18,1,1,,,1,,,2,2,2,2,4,,2,,2,500000,2,,,2,,2,,2,,2,,2,,,2,,,2,,,2,,,2,,,2,,,2,,2,,2,,2,,2,,2,,,.,,,,,,,,,.,12,,,,,,,,,40,,.,40,,,4,5,,2,,2,,,,1,,,,,,,,,1,2,2,1,0,4,4,,2,,,,,,,,1,3,30,,2,,,,1,1,2,1,2,2,2,2,2,2,2,,2,1,2,2,1,2,2,1,8,,44,96,1,01,1,9603,500000,18,1207.6308554,
5357245,1,2,1,60,2,18,1,1,,,1,,,1,2,2,2,12,,1,,2,400000,2,,,2,,2,,2,,2,,2,,,2,,,2,,,2,,,2,,,2,,,2,,2,,2,,2,,2,,2,,,.,,,,,,,,,.,12,,,,,,,,,48,,.,48,,,2,1,,2,,2,,,,1,,,,,,,,,1,2,2,1,0,36,3,,2,,,,,,,,3,14,,,2,,,,1,1,2,1,2,2,2,1,2,2,2,,2,1,2,2,2,2,2,1,8,,45,47,1,01,1,4752,400000,18,1207.6308554,
5357246,1,1,1,60,2,18,2,,,,,,,,,,,60,,,,,,,,,,,,,,,,,,,,,,,,,,,,,,,,,,,,,,,,,,,,,,,7,,1,1,2020,2,1200000,1,14400000,3,,12,2,,,,,3,3,2,60,,.,60,,,1,1,,2,,2,,,,1,,,,,,,,,1,2,2,2,,,,,2,,,,,,,,,14,,,2,,,,2,,,,,,,,,,,,,,1,1,1,2,1,1,3,,21,96,1,01,4,9602,1200000,18,1504.9396668,
5357246,1,2,1,60,2,18,2,,,,,,,,,,,24,,,,,,,,,,,,,,,,,,,,,,,,,,,,,,,,,,,,,,,,,,,,,,,6,,,,,2,100000,1,1200000,3,,12,2,,,,,3,4,2,7,1,,7,,,1,1,,5,,2,,,,1,,,,,,,,,1,2,2,1,2,12,1,,2,,,,,,,,1,14,,,1,24,2,1,1,1,2,1,2,2,2,2,2,2,2,,2,1,1,2,1,2,2,1,3,,57,96,1,01,4,9602,100000,18,1504.9396668,
5357248,1,1,1,60,2,18,2,,,,,,,,,,,144,,,,,,,,,,,,,,,,,,,,,,,,,,,,,,,,,,,,,,,,,,,,,,,7,,2,,,2,1200000,1,14400000,3,,12,1,1,1,0,0,1,8,2,45,,.,45,,,2,8,,1,,2,,,,1,,,,,,,,,1,2,2,1,0,240,4,,2,,,,,,,,10,12,10,,2,,,,2,,,,,,,,,,,,,,1,1,1,2,1,1,3,,61,01,1,01,5,0141,1200000,18,965.39392097,
5357252,1,3,1,60,2,18,1,1,,,1,,,1,2,2,2,1,,2,,2,200000,2,,,2,,2,,2,,2,,2,,,2,,,2,,,2,,,2,,,2,,,2,,2,,2,,2,,2,,2,,,.,,,,,,,,,.,1,,,,,,,,,20,1,,20,,,5,7,,2,,2,,,,1,,,,,,,,,1,2,2,2,,,,,2,,,,,,,,,3,10,,1,20,1,1,1,1,1,1,2,2,2,2,1,1,2,,1,1,2,2,2,2,2,1,8,,99,10,1,01,1,1040,200000,18,920.54281477,
5357253,1,1,1,60,2,18,1,2,1,,1,,,1,1,1,1,10,,1,,2,877803,2,,,2,,2,,2,,2,,2,,,2,,,2,,,2,,,2,,,2,,,1,300000,1,439000,2,,2,,2,,2,,,.,,,,,,,,,.,10,,,,,,,,,48,,.,48,,,6,7,,2,,2,,,,1,,,,,,,,,1,2,2,1,2,24,4,,2,,,,,,,,8,3,10,,2,,,,2,,,,,,,,,,,,,,1,1,1,2,1,1,3,,77,10,1,01,1,1040,877803,18,1577.5403572,
5357255,1,1,1,60,2,18,2,,,,,,,,,,,360,,,,,,,,,,,,,,,,,,,,,,,,,,,,,,,,,,,,,,,,,,,,,,,6,,,,,2,600000,1,7200000,3,,12,2,,,,,2,1,1,45,,.,45,,,1,8,,11,,2,,,,1,,,,,,,,,1,2,2,2,,,,,2,,,,,,,,,3,40,,2,,,,1,1,2,1,2,2,2,2,2,2,2,,2,1,2,2,2,2,2,1,8,,62,01,1,01,4,0161,600000,18,887.00622003,
5357255,1,3,1,60,2,18,2,,,,,,,,,,,12,,,,,,,,,,,,,,,,,,,,,,,,,,,,,,,,,,,,,,,,,,,,,,,6,,,,,2,300000,1,3600000,3,,12,2,,,,,2,1,1,40,,.,40,,,2,4,,5,,2,,,,1,,,,,,,,,1,2,2,2,,,,,2,,,,,,,,,3,6,,2,,,,2,,,,,,,,,,,,,,1,1,1,2,2,1,3,,36,49,1,01,4,4921,300000,18,887.00622003,
5357258,1,3,1,60,2,18,1,1,,,1,,,1,2,2,2,24,,2,,2,300000,2,,,1,150000,2,,2,,2,,2,,,2,,,2,,,2,,,2,,,2,,,2,,2,,2,,2,,2,,2,,,.,,,,,,,,,.,12,,,,,,,,,40,,.,40,,,2,2,,2,,2,,,,1,,,,,,,,,1,2,2,1,24,8,1,,2,,,,,,,,1,3,10,,2,,,,2,,,,,,,,,,,,,,1,2,1,2,1,1,3,,54,97,1,01,3,9700,450000,18,868.6396371,
5357260,1,1,1,60,2,18,2,,,,,,,,,,,48,,,,,,,,,,,,,,,,,,,,,,,,,,,,,,,,,,,,,,,,,,,,,,,7,,2,,,2,800000,1,6000000,3,,12,2,,,,,2,3,2,40,,.,40,,,1,8,,2,,2,,,,1,,,,,,,,,1,2,2,1,0,144,4,,2,,,,,,,,8,3,5,,2,,,,2,,,,,,,,,,,,,,1,1,1,2,1,1,9,,61,01,1,01,4,0161,800000,18,1665.8495866,
5357260,1,3,1,60,2,18,2,,,,,,,,,,,3,,,,,,,,,,,,,,,,,,,,,,,,,,,,,,,,,,,,,,,,,,,,,,,6,,,,,2,300000,1,900000,3,,3,2,,,,,2,1,1,40,,.,40,,,1,2,,2,,2,,,,1,,,,,,,,,1,2,2,1,24,10,3,,2,,,,,,,,9,3,15,,2,,,,1,1,2,1,2,2,2,2,2,2,2,,1,1,1,1,1,2,2,1,3,,54,81,1,01,4,8121,300000,18,1665.8495866,
5357261,1,1,1,60,2,18,2,,,,,,,,,,,1,,,,,,,,,,,,,,,,,,,,,,,,,,,,,,,,,,,,,,,,,,,,,,,6,,,,,2,600000,1,4200000,3,,10,2,,,,,2,3,2,40,,.,40,,,1,8,,11,,2,,,,1,,,,,,,,,1,2,2,1,2,6,4,,2,,,,,,,,9,3,60,,1,15,1,1,2,,,,,,,,,,,,,,1,2,2,2,1,1,3,,61,01,1,01,4,0161,600000,18,1504.9396668,
5357262,1,1,1,60,2,18,2,,,,,,,,,,,192,,,,,,,,,,,,,,,,,,,,,,,,,,,,,,,,,,,,,,,,,,,,,,,7,,2,,,2,300000,1,1800000,3,,12,1,1,0,0,1,2,1,2,40,,.,40,,,2,8,,2,,2,,,,1,,,,,,,,,1,2,2,1,0,192,4,,2,,,,,,,,3,3,5,,2,,,,2,,,,,,,,,,,,,,1,1,1,2,1,1,3,,61,01,1,01,4,0144,300000,18,931.89991016,
5357262,1,2,1,60,2,18,2,,,,,,,,,,,160,,,,,,,,,,,,,,,,,,,,,,,,,,,,,,,,,,,,,,,,,,,,,,,,.,,,,,,,,,.,12,,,,,,,,,20,2,,20,,,2,8,,2,,2,,,,1,,,,,,,,,1,2,2,2,,,,,2,,,,,,,,,3,5,,2,,,,2,,,,,,,,,,,,,,1,1,1,2,1,1,3,,62,01,1,01,6,0144,,18,931.89991016,
5357263,1,1,1,60,2,18,2,,,,,,,,,,,18,,,,,,,,,,,,,,,,,,,,,,,,,,,,,,,,,,,,,,,,,,,,,,,6,,,,,2,900000,1,7800000,3,,12,2,,,,,2,1,1,40,,.,40,,,1,8,,11,,2,,,,1,,,,1,,,,,,2,2,1,0,48,1,,2,,,,,,,,9,3,5,,2,,,,1,1,2,1,2,2,2,1,1,1,2,,2,1,2,2,1,2,2,1,8,,61,01,1,01,4,0144,900000,18,1380.7048769,
5357264,1,1,1,60,2,18,2,,,,,,,,,,,360,,,,,,,,,,,,,,,,,,,,,,,,,,,,,,,,,,,,,,,,,,,,,,,6,,,,,2,600000,1,7200000,3,,12,2,,,,,2,1,1,45,,.,45,,,1,8,,2,,2,,,,1,,,,,,,,,1,2,2,2,,,,,2,,,,,,,,,10,60,,2,,,,1,1,2,1,2,2,2,2,1,1,2,,1,1,1,1,1,2,2,1,3,,62,01,1,01,4,0161,600000,18,1101.6651878,
5357265,1,1,1,60,2,18,1,1,,,1,,,1,2,2,2,7,,1,,2,450000,2,,,2,,2,,2,,2,,2,,,2,,,2,,,2,,,2,,,2,,,2,,2,,2,,2,,2,,2,,,.,,,,,,,,,.,7,,,,,,,,,40,,.,40,,,2,7,,2,,2,,,,1,,,,,,,,,1,2,2,1,5,36,1,,2,,,,,,,,5,3,25,,1,15,2,1,1,1,2,1,2,2,2,2,1,1,2,,2,1,2,2,2,2,2,1,3,,99,45,1,01,1,4520,450000,18,1499.4670426,
5357265,1,2,1,60,2,18,2,,,,,,,,,,,144,,,,,,,,,,,,,,,,,,,,,,,,,,,,,,,,,,,,,,,,,,,,,,,6,,,,,2,300000,1,1800000,3,,12,2,,,,,2,3,2,28,1,,28,,,1,2,,2,,2,,,,1,,,,,,,,,1,2,2,1,6,9,1,,2,,,,,,,,5,3,30,,1,20,1,1,2,,,,,,,,,,,,,,1,2,2,2,1,1,3,,57,96,1,01,4,9602,300000,18,1499.4670426,
5357268,1,1,1,60,2,18,1,1,,,1,,,1,2,2,2,144,,1,,2,600000,2,,,1,250000,2,,2,,2,,2,,,2,,,2,,,2,,,2,,,2,,,2,,2,,2,,2,,2,,2,,,.,,,,,,,,,.,12,,,,,,,,,70,,.,70,,,2,7,,2,,2,,,,1,,,,,,,,,1,2,2,2,,,,,2,,,,,,,,,3,15,,2,,,,2,,,,,,,,,,,,,,1,1,1,2,1,1,3,,45,47,1,01,1,4711,850000,18,1638.8997162,
5357268,1,3,1,60,2,18,2,,,,,,,,,,,60,,,,,,,,,,,,,,,,,,,,,,,,,,,,,,,,,,,,,,,,,,,,,,,6,,,,,2,500000,1,6000000,3,,12,2,,,,,2,1,1,48,,.,48,,,2,7,,2,,2,,,,1,,,,,,,,,1,2,2,2,,,,,2,,,,,,,,,3,15,,2,,,,2,,,,,,,,,,,,,,1,2,1,2,2,1,3,,84,45,1,01,4,4520,500000,18,1638.8997162,
5357268,1,5,1,60,2,18,2,,,,,,,,,,,4,,,,,,,,,,,,,,,,,,,,,,,,,,,,,,,,,,,,,,,,,,,,,,,7,,2,,,2,600000,1,7200000,3,,12,2,,,,,3,1,1,48,,.,48,,,1,1,,2,,2,,,,1,,,,,,,,,1,2,2,1,0,96,1,,2,,,,,,,,3,14,,,2,,,,2,,,,,,,,,,,,,,1,1,1,2,1,1,3,,45,47,1,01,4,4759,600000,18,1638.8997162,
5357270,1,1,1,60,2,18,1,1,,,1,,,1,2,2,2,12,,2,,2,1000000,2,,,2,,1,100000,2,,2,,2,,,2,,,2,,,2,,,2,,,2,,,2,,2,,2,,2,,2,,2,,,.,,,,,,,,,.,12,,,,,,,,,52,,.,52,,,3,7,,11,,2,,,,1,,,,,,,,,1,2,2,1,0,2,8,,2,,,,,,,,3,3,1,,2,,,,2,,,,,,,,,,,,,,1,2,1,2,1,1,8,,77,10,1,01,1,1011,1100000,18,1774.3758375,
5357271,1,1,1,60,2,18,2,,,,,,,,,,,360,,,,,,,,,,,,,,,,,,,,,,,,,,,,,,,,,,,,,,,,,,,,,,,6,,,,,2,600000,1,7200000,3,,12,2,,,,,2,1,1,45,,.,45,,,1,8,,2,,2,,,,1,,,,,,,,,1,2,2,1,0,60,6,,2,,,,,,,,8,3,30,,2,,,,1,1,2,1,2,2,2,2,2,2,2,,1,1,1,1,1,2,2,1,5,,62,01,1,01,4,0161,600000,18,1701.6278101,
5357271,1,2,1,60,2,18,2,,,,,,,,,,,48,,,,,,,,,,,,,,,,,,,,,,,,,,,,,,,,,,,,,,,,,,,,,,,7,,2,,,2,400000,1,4800000,3,,12,1,1,0,0,1,3,3,1,50,,.,50,,,2,1,,2,,2,,,,1,,,,,,,,,1,2,2,1,0,12,1,,2,,,,,,,,1,14,,,2,,,,2,,,,,,,,,,,,,,1,1,1,2,1,1,3,,41,47,1,01,4,4711,400000,18,1701.6278101,
5357271,1,3,1,60,2,18,2,,,,,,,,,,,60,,,,,,,,,,,,,,,,,,,,,,,,,,,,,,,,,,,,,,,,,,,,,,,6,,,,,2,300000,1,3600000,3,,12,2,,,,,2,1,1,40,,.,40,,,1,8,,2,,2,,,,1,,,,,,,,,1,2,2,2,,,,,2,,,,,,,,,3,45,,2,,,,1,1,1,1,2,2,2,2,2,2,2,,1,1,1,1,1,2,2,1,3,,62,01,1,01,4,0161,300000,18,1701.6278101,
5357271,1,4,1,60,2,18,2,,,,,,,,,,,24,,,,,,,,,,,,,,,,,,,,,,,,,,,,,,,,,,,,,,,,,,,,,,,,.,,,,,,,,,.,12,,,,,,,,,20,2,,20,,,2,1,,2,,,,,,1,,,,,,,,,1,2,2,2,,,,,2,,,,,,,,,14,,,2,,,,2,,,,,,,,,,,,,,1,1,1,2,2,1,3,,45,47,1,01,6,4711,,18,1701.6278101,
5357272,1,1,1,60,2,18,2,,,,,,,,,,,7,,,,,,,,,,,,,,,,,,,,,,,,,,,,,,,,,,,,,,,,,,,,,,,7,,1,1,2020,2,1500000,1,14000000,3,,12,1,1,0,0,1,2,3,2,48,,.,48,,,2,8,,7,,2,,,,1,,,,1,,,,,,2,2,1,0,12,4,,2,,,,,,,,3,3,5,,2,,,,1,1,1,1,2,2,2,1,2,2,2,,2,1,2,2,1,2,1,1,8,,61,01,1,01,4,0144,1500000,18,1486.6705445,
5357272,1,2,1,60,2,18,2,,,,,,,,,,,7,,,,,,,,,,,,,,,,,,,,,,,,,,,,,,,,,,,,,,,,,,,,,,,,.,,,,,,,,,.,7,,,,,,,,,25,2,,25,,,2,8,,2,,2,,,,1,,,,1,,,,,,2,2,1,6,6,1,,2,,,,,,,,1,3,5,,2,,,,1,1,1,1,2,2,2,1,2,2,2,,2,1,2,2,1,2,1,1,3,,62,01,1,01,6,0144,,18,1486.6705445,
5357273,1,1,1,60,2,18,2,,,,,,,,,,,108,,,,,,,,,,,,,,,,,,,,,,,,,,,,,,,,,,,,,,,,,,,,,,,7,,2,,,2,300000,1,3600000,3,,12,1,1,0,0,1,2,4,2,30,2,,30,,,2,8,,2,,2,,,,1,,,,,,,,,1,2,2,1,0,12,3,,2,,,,,,,,3,3,5,,2,,,,2,,,,,,,,,,,,,,1,1,1,2,1,1,3,,61,01,1,01,4,0161,300000,18,1162.2294013,
5357273,1,2,1,60,2,18,2,,,,,,,,,,,180,,,,,,,,,,,,,,,,,,,,,,,,,,,,,,,,,,,,,,,,,,,,,,,6,,,,,2,700000,1,8400000,3,,12,2,,,,,2,3,2,45,,.,45,,,1,9,,2,,2,,,,1,,,,,,,,,1,2,2,1,0,120,4,,1,18,14,6,,,2,8,3,11,15,,2,,,,2,,,,,,,,,,,,,,1,1,1,2,2,1,3,,95,41,1,01,4,4111,700000,18,1162.2294013,
5357274,1,1,1,60,2,18,2,,,,,,,,,,,120,,,,,,,,,,,,,,,,,,,,,,,,,,,,,,,,,,,,,,,,,,,,,,,6,,,,,2,800000,1,7000000,3,,12,2,,,,,2,3,2,40,,.,40,,,1,2,,2,,2,,,,1,,,,,,,,,1,2,2,1,0,120,4,,2,,,,,,,,3,11,20,,2,,,,2,,,,,,,,,,,,,,1,2,1,2,1,1,8,,85,43,1,01,4,4321,800000,18,1962.5457138,
5357274,1,2,1,60,2,18,2,,,,,,,,,,,18,,,,,,,,,,,,,,,,,,,,,,,,,,,,,,,,,,,,,,,,,,,,,,,7,,2,,,2,200000,1,2800000,3,,12,2,,,,,3,3,2,40,,.,40,,,1,1,,2,,2,,,,1,,,,,,,,,1,2,2,1,8,24,1,,2,,,,,,,,3,14,,,2,,,,2,,,,,,,,,,,,,,1,2,1,2,1,1,3,,41,47,1,01,4,4711,200000,18,1962.5457138,
5357276,1,1,1,60,2,18,1,2,1,,1,,,1,1,1,1,24,,1,,2,880000,2,,,2,,2,,2,,2,,2,,,2,,,2,,,2,,,2,,,2,,,1,440000,1,440000,2,,2,,2,,2,,,.,,,,,,,,,.,12,,,,,,,,,56,,.,56,,,3,7,,1,,1,1,1,2,1,1,,,,,,,,,1,1,1,12,6,4,,2,,,,,,,,8,11,15,,2,,,,2,,,,,,,,,,,,,,1,1,2,2,1,2,8,,03,46,1,01,1,4659,880000,18,1313.596523,
5357277,1,1,1,60,2,18,1,1,,,1,,,1,2,2,2,2,,1,,2,877803,2,,,2,,2,,2,,2,,2,,,2,,,2,,,2,,,2,,,2,,,2,,2,,2,,2,,2,,2,,,.,,,,,,,,,.,12,,,,,,,,,48,,.,48,,,3,7,,2,,2,,,,1,,,,,,,,,1,2,2,1,10,96,1,,2,,,,,,,,2,11,10,,2,,,,2,,,,,,,,,,,,,,1,1,1,2,1,1,3,,45,47,1,01,1,4752,877803,18,1189.3420208,
5357279,1,1,1,60,2,18,1,1,,,1,,,1,2,2,2,1,,1,,2,400000,2,,,2,,2,,2,,2,,2,,,2,,,2,,,2,,,2,,,2,,,2,,2,,2,,2,,2,,2,,,.,,,,,,,,,.,6,,,,,,,,,40,,.,40,,,2,6,,2,,2,,,,1,,,,,,,,,1,2,2,1,6,3,3,,2,,,,,,,,1,12,10,,2,,,,1,1,2,1,2,2,2,2,2,2,2,,1,1,1,1,1,2,1,1,3,,45,56,1,01,1,5619,400000,18,762.67396949,
5357280,1,1,1,60,2,18,2,,,,,,,,,,,180,,,,,,,,,,,,,,,,,,,,,,,,,,,,,,,,,,,,,,,,,,,,,,,7,,1,1,2020,2,1000000,1,12000000,3,,12,2,,,,,1,3,2,48,,.,48,,,1,8,,2,,2,,,,1,,,,1,,,,,,2,2,1,0,36,4,,2,,,,,,,,8,3,5,,2,,,,2,,,,,,,,,,,,,,1,1,1,2,1,1,8,,61,01,1,01,4,0141,1000000,18,1871.6759011,
5357281,1,1,1,60,2,18,2,,,,,,,,,,,164,,,,,,,,,,,,,,,,,,,,,,,,,,,,,,,,,,,,,,,,,,,,,,,6,,,,,2,700000,1,8400000,3,,12,2,,,,,2,1,1,48,,.,48,,,1,8,,2,,2,,,,1,,,,,,,,,1,2,2,1,0,240,4,,2,,,,,,,,3,3,30,,2,,,,1,1,2,1,2,2,2,2,2,2,2,,2,1,1,1,1,2,1,1,8,,62,01,1,01,4,0161,700000,18,1032.2259042,
5357282,1,1,1,60,2,18,1,1,,,1,,,1,1,1,2,12,,1,,2,1000000,2,,,2,,1,100000,2,,2,,2,,,2,,,2,,,2,,,2,,,2,,,1,500000,1,500000,2,,2,,2,,2,,,.,,,,,,,,,.,12,,,,,,,,,50,,.,50,,,2,8,,1,,2,,,,1,,,,,,,,,1,2,2,1,0,12,4,,2,,,,,,,,3,10,20,,2,,,,2,,,,,,,,,,,,,,1,1,1,2,1,1,3,,60,01,1,01,1,0141,1100000,18,1955.6425524,
5357282,1,2,1,60,2,18,2,,,,,,,,,,,12,,,,,,,,,,,,,,,,,,,,,,,,,,,,,,,,,,,,,,,,,,,,,,,,.,,,,,,,,,.,12,,,,,,,,,14,2,,14,,,2,8,,2,,2,,,,1,,,,,,,,,1,2,2,2,,,,,2,,,,,,,,,3,3,,2,,,,2,,,,,,,,,,,,,,1,1,1,2,1,1,3,,62,01,1,01,7,0141,,18,1955.6425524,
5357283,1,1,1,60,2,18,1,1,,,1,,,1,2,2,2,6,,2,,2,900000,2,,,2,,1,80000,2,,2,,2,,,2,,,2,,,2,,,2,,,2,,,2,,2,,2,,2,,2,,2,,,.,,,,,,,,,.,12,,,,,,,,,48,,.,48,,,2,8,,2,,2,,,,1,,,,,,,,,1,2,2,1,0,12,1,,2,,,,,,,,9,3,2,,2,,,,2,,,,,,,,,,,,,,1,2,1,2,2,1,8,,61,01,1,01,1,0141,980000,18,1853.1244845,
5357284,1,1,1,60,2,18,2,,,,,,,,,,,240,,,,,,,,,,,,,,,,,,,,,,,,,,,,,,,,,,,,,,,,,,,,,,,7,,2,,,2,1500000,1,18000000,3,,12,1,1,1,0,0,1,3,2,40,,.,40,,,2,8,,1,,3,,,,,.,,,,,,,,,2,2,1,0,444,2,,2,,,,,,,,4,3,20,,2,,,,2,,,,,,,,,,,,,,1,1,1,2,1,1,2,,61,01,1,01,5,0141,1500000,18,1221.3728261,
5357284,1,2,1,60,2,18,1,2,1,,1,,,1,1,1,1,372,,2,,2,3500000,2,,,2,,2,,2,,2,,2,,,2,,,2,,,2,,,2,,,2,,,1,1750000,1,3500000,1,3500000,2,,2,,2,,,.,,,,,,,,,.,12,,,,,,,,,40,,.,0,3,,9,1,,1,,1,3,1,31,1,1,,1,,,,,,,1,1,2,,,,,2,,,,,,,,,14,,,2,,,,2,,,,,,,,,,,,,,1,1,1,1,1,1,2,,13,85,1,01,2,8544,3500000,18,1221.3728261,
5357285,1,1,1,60,2,18,2,,,,,,,,,,,506,,,,,,,,,,,,,,,,,,,,,,,,,,,,,,,,,,,,,,,,,,,,,,,7,,1,1,2020,2,1000000,1,12000000,3,,12,1,3,3,0,0,1,9,2,40,,.,40,,,3,8,,1,,2,,,,1,,,,1,,,,,,2,2,2,,,,,2,,,,,,,,,3,3,,2,,,,2,,,,,,,,,,,,,,1,1,1,2,1,1,2,,61,01,1,01,5,0141,1000000,18,1610.0375636,
5357285,1,2,1,60,2,18,1,1,,,1,,,1,2,2,2,240,,1,,2,800000,2,,,1,300000,1,90000,2,,2,,2,,,2,,,2,,,2,,,2,,,2,,,2,,2,,2,,2,,2,,2,,,.,,,,,,,,,.,12,,,,,,,,,48,,.,48,,,3,8,,3,,2,,,,1,,,,1,,,,,,2,2,1,0,36,4,,2,,,,,,,,3,3,5,,2,,,,2,,,,,,,,,,,,,,1,2,1,2,1,2,8,,60,01,1,01,1,0141,1190000,18,1610.0375636,
5357285,1,3,1,60,2,18,1,1,,,1,,,1,2,2,2,6,,1,,2,800000,2,,,1,200000,1,80000,2,,2,,2,,,2,,,2,,,2,,,2,,,2,,,2,,2,,2,,2,,2,,2,,,.,,,,,,,,,.,6,,,,,,,,,40,,.,40,,,3,8,,3,,2,,,,1,,,,,,,,,1,2,2,2,,,,,2,,,,,,,,,3,15,,2,,,,1,1,1,1,2,2,2,1,2,2,2,,1,1,2,2,1,2,1,1,3,,06,01,1,01,1,0141,1080000,18,1610.0375636,
5357286,1,1,1,60,2,18,1,1,,,1,,,1,1,1,1,12,,1,,2,900000,2,,,2,,1,120000,2,,2,,2,,,2,,,2,,,2,,,2,,,2,,,2,,1,450000,2,,2,,2,,2,,,.,,,,,,,,,.,12,,,,,,,,,54,,.,54,,,2,8,,2,,2,,,,1,,,,,,,,,1,2,2,1,0,12,1,,2,,,,,,,,1,10,15,,2,,,,2,,,,,,,,,,,,,,1,1,1,2,1,1,3,,60,01,1,01,1,0141,1020000,18,2213.620372,
5357287,1,1,1,60,2,18,1,1,,,1,,,1,2,2,2,11,,2,,2,800000,2,,,2,,1,100000,2,,2,,2,,,2,,,2,,,2,,,2,,,2,,,2,,2,,2,,2,,2,,2,,,.,,,,,,,,,.,12,,,,,,,,,48,,.,48,,,3,8,,11,,2,,,,1,,,,,,,,,1,2,2,1,0,120,4,,2,,,,,,,,2,3,5,,2,,,,2,,,,,,,,,,,,,,1,2,1,2,2,1,8,,62,01,1,01,8,0141,900000,18,2541.0222481,
5357288,1,1,1,60,2,18,1,1,,,1,,,1,1,1,2,11,,1,,2,950000,2,,,2,,1,200000,2,,2,,2,,,2,,,2,,,2,,,2,,,2,,,2,,1,475000,2,,2,,2,,2,,,.,,,,,,,,,.,11,,,,,,,,,56,,.,56,,,2,8,,1,,3,,,,,.,,,,,,,,,2,2,1,3,2,4,,2,,,,,,,,3,10,20,,2,,,,2,,,,,,,,,,,,,,1,1,1,2,1,1,2,,60,01,1,01,1,0141,1150000,18,2074.7389476,
5357289,1,1,1,60,2,18,1,2,1,,1,,,1,2,2,2,1,,2,,2,850000,2,,,2,,1,100000,2,,2,,2,,,2,,,2,,,2,,,2,,,2,,,2,,2,,2,,2,,2,,2,,,.,,,,,,,,,.,9,,,,,,,,,48,,.,48,,,2,8,,2,,2,,,,1,,,,,,,,,1,2,2,1,3,12,4,,2,,,,,,,,5,3,5,,2,,,,2,,,,,,,,,,,,,,1,2,1,2,2,1,8,,60,01,1,01,1,0141,950000,18,1467.6226117,
5357290,1,1,1,60,2,18,2,,,,,,,,,,,240,,,,,,,,,,,,,,,,,,,,,,,,,,,,,,,,,,,,,,,,,,,,,,,7,,2,,,2,600000,1,7200000,3,,12,1,2,0,0,2,1,3,2,20,2,,20,,,2,8,,2,,2,,,,1,,,,,,,,,1,2,2,2,,,,,1,18,20,4,,200000,1,1,,3,5,,2,,,,2,,,,,,,,,,,,,,1,1,1,2,1,1,2,,61,01,1,01,4,0141,800000,18,1610.0375636,
5357290,1,2,1,60,2,18,2,,,,,,,,,,,24,,,,,,,,,,,,,,,,,,,,,,,,,,,,,,,,,,,,,,,,,,,,,,,,.,,,,,,,,,.,12,,,,,,,,,48,,.,48,,,2,8,,2,,2,,,,1,,,,,,,,,1,2,2,1,0,36,1,,2,,,,,,,,3,3,10,,2,,,,2,,,,,,,,,,,,,,1,1,1,2,1,1,3,,62,01,1,01,6,0141,,18,1610.0375636,
5357290,1,3,1,60,2,18,2,,,,,,,,,,,12,,,,,,,,,,,,,,,,,,,,,,,,,,,,,,,,,,,,,,,,,,,,,,,,.,,,,,,,,,.,12,,,,,,,,,45,,.,45,,,2,8,,2,,2,,,,1,,,,,,,,,1,2,2,1,0,36,4,,2,,,,,,,,9,3,10,,2,,,,2,,,,,,,,,,,,,,1,1,1,2,1,1,3,,62,01,1,01,6,0141,,18,1610.0375636,
5357291,1,1,1,60,2,18,1,1,,,1,,,1,2,2,2,1,,2,,2,800000,2,,,2,,2,,2,,2,,2,,,2,,,2,,,2,,,2,,,2,,,2,,2,,2,,2,,2,,2,,,.,,,,,,,,,.,10,,,,,,,,,48,,.,48,,,2,8,,2,,2,,,,1,,,,,,,,,1,2,2,1,2,4,1,,2,,,,,,,,11,3,40,,2,,,,2,,,,,,,,,,,,,,1,2,1,2,2,1,8,,62,01,1,01,8,0141,800000,18,1443.8717176,
5358856,1,1,1,60,2,41,2,,,,,,,,,,,60,,,,,,,,,,,,,,,,,,,,,,,,,,,,,,,,,,,,,,,,,,,,,,,6,,,,,2,600000,1,7200000,3,,12,2,,,,,2,10,2,60,,.,60,,,1,8,,4,,2,,,,1,,,,1,,,,,,2,2,1,0,30,2,,2,,,,,,,,3,3,15,,2,,,,2,,,,,,,,,,,,,,1,1,1,2,1,1,2,,62,01,1,01,4,0161,600000,41,1090.6523402,
5358856,1,2,1,60,2,41,2,,,,,,,,,,,60,,,,,,,,,,,,,,,,,,,,,,,,,,,,,,,,,,,,,,,,,,,,,,,6,,,,,2,600000,1,7200000,3,,12,2,,,,,2,3,2,50,,.,50,,,1,8,,2,,2,,,,1,,,,1,,,,,,2,2,2,,,,,2,,,,,,,,,3,15,,2,,,,2,,,,,,,,,,,,,,1,1,1,2,1,1,2,,62,01,1,01,4,0161,600000,41,1090.6523402,
5358937,1,1,1,60,2,66,2,,,,,,,,,,,236,,,,,,,,,,,,,,,,,,,,,,,,,,,,,,,,,,,,,,,,,,,,,,,7,,2,,,3,900000,1,10000000,2,,12,2,,,,,2,3,2,56,,.,56,,,1,8,,2,,2,,,,1,,,,,,,,,1,2,2,1,0,48,8,,2,,,,,,,,1,3,5,,2,,,,2,,,,,,,,,,,,,,1,2,1,2,1,1,5,,61,01,1,01,4,0123,900000,66,714.99765408,
5358938,1,1,1,60,2,66,1,1,,,1,,,1,2,2,2,120,,1,,2,600000,2,,,2,,1,80000,2,,2,,2,,,2,,,2,,,2,,,2,,,2,,,2,,2,,2,,2,,2,,2,,,.,,,,,,,,,.,12,,,,,,,,,50,,.,50,,,2,8,,2,,2,,,,1,,,,,,,,,1,2,2,1,0,60,4,,2,,,,,,,,3,3,3,,2,,,,2,,,,,,,,,,,,,,1,1,1,2,1,1,8,,62,01,1,01,8,0123,680000,66,714.99765408,
5358939,1,1,1,60,2,66,2,,,,,,,,,,,248,,,,,,,,,,,,,,,,,,,,,,,,,,,,,,,,,,,,,,,,,,,,,,,7,,2,,,3,800000,1,9000000,3,,12,2,,,,,2,9,2,56,,.,56,,,1,8,,2,,2,,,,1,,,,,,,,,1,2,2,1,0,24,4,,2,,,,,,,,3,3,3,,2,,,,2,,,,,,,,,,,,,,1,2,1,2,1,1,5,,61,01,1,01,4,0123,800000,66,797.08777945,
5358940,1,1,1,60,2,66,1,1,,,1,,,1,2,2,2,360,,1,,2,700000,2,,,2,,1,120000,2,,2,,2,,,2,,,2,,,2,,,2,,,2,,,2,,2,,2,,2,,2,,2,,,.,,,,,,,,,.,12,,,,,,,,,55,,.,55,,,2,8,,2,,2,,,,1,,,,,,,,,1,2,2,1,0,60,6,,2,,,,,,,,9,3,2,,2,,,,2,,,,,,,,,,,,,,1,1,1,2,1,1,8,,62,01,1,01,8,0123,820000,66,1069.6128189,
5358940,1,3,1,60,2,66,1,1,,,1,,,1,2,2,2,15,,1,,2,320000,2,,,2,,2,,2,,2,,2,,,2,,,2,,,2,,,2,,,2,,,2,,2,,2,,2,,2,,2,,,.,,,,,,,,,.,12,,,,,,,,,50,,.,50,,,2,8,,2,,2,,,,1,,,,,,,,,1,2,2,2,,,,,2,,,,,,,,,3,5,,2,,,,2,,,,,,,,,,,,,,1,1,1,2,1,1,3,,62,01,1,01,8,0123,320000,66,1069.6128189,
5358941,1,1,1,60,2,66,1,1,,,1,,,1,2,2,2,6,,1,,2,650000,2,,,2,,2,,2,,2,,2,,,2,,,2,,,2,,,2,,,2,,,2,,2,,2,,2,,2,,2,,,.,,,,,,,,,.,12,,,,,,,,,48,,.,48,,,2,8,,2,,2,,,,1,,,,,,,,,1,2,2,1,0,8,8,,2,,,,,,,,1,3,10,,2,,,,2,,,,,,,,,,,,,,1,2,1,2,1,1,5,,62,01,1,01,8,0123,650000,66,954.24623955,
5358942,1,1,1,60,2,66,1,1,,,1,,,1,2,2,2,180,,1,,2,720000,2,,,2,,1,100000,2,,2,,2,,,2,,,2,,,2,,,2,,,2,,,2,,2,,2,,2,,2,,2,,,.,,,,,,,,,.,12,,,,,,,,,50,,.,50,,,3,8,,2,,2,,,,1,,,,,,,,,1,2,2,1,0,36,4,,2,,,,,,,,3,3,5,,2,,,,2,,,,,,,,,,,,,,1,1,1,2,1,1,8,,62,01,1,01,8,0123,820000,66,1013.2559363,
5358942,1,2,1,60,2,66,1,1,,,1,,,1,2,2,2,180,,1,,2,400000,2,,,2,,2,,2,,2,,2,,,2,,,2,,,2,,,2,,,2,,,2,,2,,2,,2,,2,,2,,,.,,,,,,,,,.,12,,,,,,,,,30,2,,30,,,3,8,,2,,2,,,,1,,,,,,,,,1,2,2,2,,,,,2,,,,,,,,,3,5,,2,,,,2,,,,,,,,,,,,,,1,2,1,2,1,1,3,,62,01,1,01,8,0123,400000,66,1013.2559363,
5358943,1,1,1,60,2,66,2,,,,,,,,,,,24,,,,,,,,,,,,,,,,,,,,,,,,,,,,,,,,,,,,,,,,,,,,,,,7,,2,,,3,600000,1,75000000,3,,12,2,,,,,2,3,2,48,,.,48,,,1,8,,2,,2,,,,1,,,,,,,,,1,2,2,1,0,48,4,,2,,,,,,,,10,3,10,,2,,,,2,,,,,,,,,,,,,,1,1,1,2,1,1,8,,61,01,1,01,4,0123,600000,66,1059.8136901,
5358944,1,1,1,60,2,66,2,,,,,,,,,,,10,,,,,,,,,,,,,,,,,,,,,,,,,,,,,,,,,,,,,,,,,,,,,,,7,,2,,,3,750000,1,6500000,3,,12,2,,,,,3,7,2,48,,.,40,6,,2,8,,2,,2,,,,1,,,1,,,,,,,2,2,1,0,12,1,,2,,,,,,,,9,3,10,2,2,,,,2,,,,,,,,,,,,,,2,1,1,2,2,1,3,,61,01,1,01,4,0123,750000,66,1147.3339678,
5358944,1,3,1,60,2,66,2,,,,,,,,,,,12,,,,,,,,,,,,,,,,,,,,,,,,,,,,,,,,,,,,,,,,,,,,,,,,.,,,,,,,,,.,12,,,,,,,,,30,2,,30,,,2,8,,2,,2,,,,1,,,,,,,,,1,2,2,2,,,,,2,,,,,,,,,3,15,,2,,,,2,,,,,,,,,,,,,,1,1,1,2,2,1,3,,62,01,1,01,6,0123,,66,1147.3339678,
5358945,1,1,1,60,2,66,1,1,,,1,,,1,2,2,2,48,,1,,2,750000,2,,,2,,2,,2,,2,,2,,,2,,,2,,,2,,,2,,,2,,,2,,2,,2,,2,,2,,2,,,.,,,,,,,,,.,12,,,,,,,,,48,,.,48,,,3,8,,2,,2,,,,1,,,,,,,,,1,2,2,1,0,36,8,,2,,,,,,,,1,3,10,,2,,,,2,,,,,,,,,,,,,,1,2,1,2,2,2,3,,62,01,1,01,8,0123,750000,66,1005.9303644,
5358946,1,1,1,60,2,66,1,1,,,1,,,1,2,2,2,60,,1,,2,600000,2,,,2,,1,100000,2,,2,,2,,,2,,,2,,,2,,,2,,,2,,,2,,2,,2,,2,,2,,2,,,.,,,,,,,,,.,12,,,,,,,,,50,,.,50,,,4,8,,2,,2,,,,1,,,,,,,,,1,2,2,2,,,,,2,,,,,,,,,3,5,,2,,,,2,,,,,,,,,,,,,,1,1,1,2,1,1,3,,62,01,1,01,8,0123,700000,66,600.63202004,
5358946,1,3,1,60,2,66,1,1,,,1,,,1,2,2,2,60,,1,,2,480000,2,,,2,,2,,2,,2,,2,,,2,,,2,,,2,,,2,,,2,,,2,,2,,2,,2,,2,,2,,,.,,,,,,,,,.,12,,,,,,,,,50,,.,50,,,4,8,,2,,2,,,,1,,,,,,,,,1,2,2,2,,,,,2,,,,,,,,,3,3,,2,,,,2,,,,,,,,,,,,,,1,1,1,2,1,1,3,,62,01,1,01,8,0123,480000,66,600.63202004,
5358946,1,4,1,60,2,66,1,1,,,1,,,1,2,2,2,48,,1,,2,600000,2,,,2,,2,,2,,2,,2,,,2,,,2,,,2,,,2,,,2,,,2,,2,,2,,2,,2,,2,,,.,,,,,,,,,.,12,,,,,,,,,50,,.,50,,,4,8,,2,,2,,,,1,,,,,,,,,1,2,2,2,,,,,2,,,,,,,,,3,3,,2,,,,2,,,,,,,,,,,,,,1,1,1,2,1,1,3,,62,01,1,01,8,0123,600000,66,600.63202004,
5358947,1,1,1,60,2,66,2,,,,,,,,,,,48,,,,,,,,,,,,,,,,,,,,,,,,,,,,,,,,,,,,,,,,,,,,,,,7,,2,,,3,700000,1,800000,3,,12,2,,,,,2,3,2,48,,.,48,,,1,8,,3,,2,,,,1,,,,,,,,,1,2,2,1,0,48,1,,2,,,,,,,,1,3,5,,2,,,,2,,,,,,,,,,,,,,1,2,1,2,1,1,6,,62,01,1,01,4,0123,700000,66,945.44805609,
5358948,1,1,1,60,2,66,1,1,,,1,,,1,2,2,2,180,,1,,2,800000,2,,,2,,1,800000,2,,2,,2,,,2,,,2,,,2,,,2,,,2,,,2,,2,,2,,2,,2,,2,,,.,,,,,,,,,.,12,,,,,,,,,60,,.,60,,,3,8,,2,,2,,,,1,,,,,,,,,1,2,2,1,0,60,4,,2,,,,,,,,3,3,3,,2,,,,2,,,,,,,,,,,,,,1,1,1,2,1,1,8,,62,01,1,01,8,0123,1600000,66,921.36668218,
5358949,1,1,1,60,2,66,2,,,,,,,,,,,476,,,,,,,,,,,,,,,,,,,,,,,,,,,,,,,,,,,,,,,,,,,,,,,7,,2,,,2,750000,1,8400000,3,,12,2,,,,,2,9,2,40,,.,40,,,1,8,,2,,2,,,,1,,,,,,,,,1,2,2,1,0,36,8,,2,,,,,,,,3,3,5,,2,,,,2,,,,,,,,,,,,,,1,2,1,2,1,1,3,,62,01,1,01,4,0123,750000,66,721.92986823,
5358950,1,1,1,60,2,66,1,1,,,1,,,1,2,2,2,8,,1,,2,1000000,2,,,2,,2,,2,,2,,2,,,2,,,2,,,2,,,2,,,2,,,2,,2,,2,,2,,2,,2,,,.,,,,,,,,,.,12,,,,,,,,,48,,.,48,,,2,8,,2,,2,,,,1,,,,,,,,,1,2,2,2,,,,,2,,,,,,,,,14,,,2,,,,2,,,,,,,,,,,,,,1,1,1,2,1,1,3,,62,01,1,01,8,0123,1000000,66,721.92986823,
5358952,1,1,1,60,2,66,2,,,,,,,,,,,480,,,,,,,,,,,,,,,,,,,,,,,,,,,,,,,,,,,,,,,,,,,,,,,6,,,,,3,1000000,1,8500000,3,,12,2,,,,,2,3,2,48,,.,48,,,1,8,,2,,2,,,,1,,,,,,,,,1,2,2,2,,,,,1,66,8,4,,200000,1,8,,14,,,2,,,,2,,,,,,,,,,,,,,1,1,2,2,1,1,3,,62,01,1,01,4,0123,1200000,66,721.92986823,
5358953,1,1,1,60,2,66,1,1,,,1,,,2,2,2,2,9,,1,,2,850000,2,,,2,,2,,2,,2,,2,,,2,,,2,,,2,,,2,,,2,,,2,,2,,2,,2,,2,,2,,,.,,,,,,,,,.,12,,,,,,,,,48,,.,48,,,3,8,,2,,2,,,,1,,,,,,,,,1,2,2,1,0,48,8,,2,,,,,,,,1,3,8,,2,,,,2,,,,,,,,,,,,,,1,2,1,2,1,1,5,,62,01,1,01,8,0123,850000,66,921.36668218,
5358954,1,1,1,60,2,66,1,1,,,1,,,1,2,2,2,180,,1,,2,640000,2,,,2,,1,100000,2,,2,,2,,,2,,,2,,,2,,,2,,,2,,,2,,2,,2,,2,,2,,2,,,.,,,,,,,,,.,12,,,,,,,,,60,,.,60,,,2,8,,2,,2,,,,1,,,,,,,,,1,2,2,1,3,180,4,,2,,,,,,,,3,3,1,,2,,,,2,,,,,,,,,,,,,,1,1,1,2,1,1,8,,62,01,1,01,8,0123,740000,66,721.92986823,
5358955,1,1,1,60,2,66,1,1,,,1,,,1,2,2,2,18,,1,,2,600000,2,,,2,,1,150000,2,,2,,2,,,2,,,2,,,2,,,2,,,2,,,2,,2,,2,,2,,2,,2,,,.,,,,,,,,,.,12,,,,,,,,,50,,.,50,,,3,8,,2,,2,,,,1,,,,,,,,,1,2,2,1,3,120,8,,2,,,,,,,,3,3,3,,2,,,,2,,,,,,,,,,,,,,1,1,1,2,1,1,8,,62,01,1,01,8,0123,750000,66,945.44805609,
5358955,1,2,1,60,2,66,1,1,,,1,,,1,2,2,2,18,,1,,2,480000,2,,,2,,2,,2,,2,,2,,,2,,,2,,,2,,,2,,,2,,,2,,2,,2,,2,,2,,2,,,.,,,,,,,,,.,12,,,,,,,,,50,,.,50,,,3,8,,2,,2,,,,1,,,,,,,,,1,2,2,2,,,,,2,,,,,,,,,3,3,,2,,,,2,,,,,,,,,,,,,,1,2,1,2,1,1,3,,62,01,1,01,8,0123,480000,66,945.44805609,
5358956,1,1,1,60,2,66,1,1,,,1,,,1,2,2,2,18,,1,,2,550000,2,,,2,,2,,2,,2,,2,,,2,,,2,,,2,,,2,,,2,,,2,,2,,2,,2,,2,,2,,,.,,,,,,,,,.,12,,,,,,,,,48,,.,48,,,3,8,,2,,2,,,,1,,,,,,,,,1,2,2,1,0,36,8,,2,,,,,,,,1,3,3,,2,,,,2,,,,,,,,,,,,,,1,2,1,2,1,1,5,,62,01,1,01,8,0123,550000,66,931.16581093,
5358956,1,2,1,60,2,66,1,1,,,1,,,1,2,2,2,18,,1,,2,800000,2,,,2,,2,,2,,2,,2,,,2,,,2,,,2,,,2,,,2,,,2,,2,,2,,2,,2,,2,,,.,,,,,,,,,.,12,,,,,,,,,48,,.,48,,,3,8,,2,,2,,,,1,,,,,,,,,1,2,2,1,0,12,8,,2,,,,,,,,1,3,15,,2,,,,2,,,,,,,,,,,,,,1,2,1,2,1,1,3,,62,01,1,01,8,0123,800000,66,931.16581093,
5358957,1,1,1,60,2,66,1,1,,,1,,,1,2,2,2,9,,1,,2,900000,2,,,2,,2,,2,,2,,2,,,2,,,2,,,2,,,2,,,2,,,2,,2,,2,,2,,2,,2,,,.,,,,,,,,,.,12,,,,,,,,,48,,.,48,,,5,8,,2,,2,,,,1,,,,,,,,,1,2,2,1,0,24,8,,2,,,,,,,,1,3,5,,2,,,,2,,,,,,,,,,,,,,1,2,1,2,1,1,3,,62,01,1,01,8,0123,900000,66,1059.8136901,
5358958,1,1,1,60,2,66,1,1,,,1,,,1,2,2,2,4,,1,,2,1000000,2,,,2,,2,,2,,2,,2,,,2,,,2,,,2,,,2,,,2,,,2,,2,,2,,2,,2,,2,,,.,,,,,,,,,.,12,,,,,,,,,48,,.,48,,,3,8,,2,,2,,,,1,,,,,,,,,1,2,2,1,0,6,8,,2,,,,,,,,3,11,15,,2,,,,2,,,,,,,,,,,,,,1,1,1,2,1,1,3,,62,01,1,01,8,0121,1000000,66,1003.4568075,
5358960,1,1,1,60,2,66,1,1,,,1,,,1,2,2,2,7,,1,,2,670000,2,,,2,,2,,2,,2,,2,,,2,,,2,,,2,,,2,,,2,,,2,,2,,2,,2,,2,,2,,,.,,,,,,,,,.,12,,,,,,,,,48,,.,48,,,3,8,,2,,2,,,,1,,,,,,,,,1,2,2,1,0,24,8,,2,,,,,,,,1,3,10,,2,,,,2,,,,,,,,,,,,,,1,2,1,2,1,1,5,,62,01,1,01,8,0123,670000,66,721.92986823,
5358961,1,1,1,60,2,66,1,1,,,1,,,1,2,2,2,18,,1,,2,750000,2,,,2,,2,,2,,2,,2,,,2,,,2,,,2,,,2,,,2,,,2,,2,,2,,2,,2,,2,,,.,,,,,,,,,.,12,,,,,,,,,45,,.,45,,,3,8,,2,,2,,,,1,,,,,,,,,1,2,2,1,1,10,8,,2,,,,,,,,8,3,15,,2,,,,2,,,,,,,,,,,,,,1,1,1,2,1,1,3,,62,01,1,01,8,0123,750000,66,1059.8136901,
5358962,1,1,1,60,2,66,1,1,,,1,,,1,2,2,2,8,,1,,2,750000,2,,,2,,2,,2,,2,,2,,,2,,,2,,,2,,,2,,,2,,,2,,2,,2,,2,,2,,2,,,.,,,,,,,,,.,12,,,,,,,,,48,,.,48,,,3,8,,2,,2,,,,1,,,,,,,,,1,2,2,1,1,3,8,,2,,,,,,,,1,3,5,,2,,,,2,,,,,,,,,,,,,,1,2,1,2,1,1,3,,62,01,1,01,8,0123,750000,66,1151.8170842,
5358963,1,1,1,60,2,66,1,1,,,1,,,1,2,2,2,3,,1,,2,400000,2,,,1,200000,1,80000,2,,2,,2,,,2,,,2,,,2,,,2,,,2,,,2,,2,,2,,2,,2,,2,,,.,,,,,,,,,.,12,,,,,,,,,60,,.,60,,,1,2,,2,,2,,,,1,,,,,,,,,1,2,2,1,0,180,8,,2,,,,,,,,8,3,4,,2,,,,2,,,,,,,,,,,,,,1,1,1,2,1,1,8,,54,97,1,01,3,9700,680000,66,564.88554806,
5358964,1,1,1,60,2,66,1,1,,,1,,,1,2,2,2,9,,2,,2,650000,2,,,2,,2,,2,,2,,2,,,2,,,2,,,2,,,2,,,2,,,2,,2,,2,,2,,2,,2,,,.,,,,,,,,,.,12,,,,,,,,,48,,.,48,,,3,8,,2,,2,,,,1,,,,,,,,,1,2,2,1,0,36,8,,2,,,,,,,,1,3,5,,2,,,,2,,,,,,,,,,,,,,1,2,1,2,1,1,3,,62,01,1,01,8,0123,650000,66,853.44466204,
5358965,1,1,1,60,2,66,2,,,,,,,,,,,396,,,,,,,,,,,,,,,,,,,,,,,,,,,,,,,,,,,,,,,,,,,,,,,,.,,,,,,,,,.,12,,,,,,,,,30,2,,30,,,2,8,,2,,2,,,,1,,,,,,,,,1,2,2,2,,,,,2,,,,,,,,,3,3,,2,,,,2,,,,,,,,,,,,,,1,1,1,2,1,1,3,,62,01,1,01,6,0123,,66,467.82446367,
5358965,1,2,1,60,2,66,2,,,,,,,,,,,30,,,,,,,,,,,,,,,,,,,,,,,,,,,,,,,,,,,,,,,,,,,,,,,7,,2,,,3,600000,1,7200000,3,,12,1,1,0,0,1,2,3,2,50,,.,50,,,2,8,,2,,2,,,,1,,,,,,,,,1,2,2,1,0,360,8,,2,,,,,,,,10,3,2,,2,,,,2,,,,,,,,,,,,,,1,1,1,1,1,1,3,,61,01,1,01,4,0123,600000,66,467.82446367,
5358965,1,3,1,60,2,66,1,1,,,1,,,1,2,2,2,30,,1,,2,600000,2,,,1,150000,2,,2,,2,,2,,,2,,,2,,,2,,,2,,,2,,,2,,2,,2,,2,,2,,2,,,.,,,,,,,,,.,12,,,,,,,,,50,,.,50,,,2,2,,2,,2,,,,1,,,,,,,,,1,2,2,1,0,180,8,,2,,,,,,,,8,3,30,,2,,,,2,,,,,,,,,,,,,,1,1,1,2,1,1,3,,53,01,1,01,1,0123,750000,66,467.82446367,
5358965,1,4,1,60,2,66,1,1,,,1,,,1,2,2,2,28,,1,,2,480000,2,,,1,150000,2,,2,,2,,2,,,2,,,2,,,2,,,2,,,2,,,2,,2,,2,,2,,2,,2,,,.,,,,,,,,,.,10,,,,,,,,,60,,.,60,,,1,2,,2,,2,,,,1,,,,,,,,,1,2,2,1,4,36,8,,2,,,,,,,,3,11,30,,2,,,,2,,,,,,,,,,,,,,1,1,1,2,1,1,3,,54,97,1,01,3,9700,630000,66,467.82446367,
5358965,1,6,1,60,2,66,1,1,,,1,,,1,2,2,2,28,,1,,2,600000,2,,,2,,2,,2,,2,,2,,,2,,,2,,,2,,,2,,,2,,,2,,2,,2,,2,,2,,2,,,.,,,,,,,,,.,12,,,,,,,,,50,,.,50,,,5,8,,2,,2,,,,1,,,,,,,,,1,2,2,2,,,,,2,,,,,,,,,3,30,,2,,,,2,,,,,,,,,,,,,,1,2,1,2,1,1,3,,62,01,1,01,8,0123,600000,66,467.82446367,
5358966,1,1,1,60,2,66,2,,,,,,,,,,,426,,,,,,,,,,,,,,,,,,,,,,,,,,,,,,,,,,,,,,,,,,,,,,,7,,1,2,,3,700000,1,12000000,3,,12,2,,,,,2,3,2,48,,.,48,,,1,8,,2,,2,,,,1,,,,,,,,,1,2,2,1,0,36,8,,2,,,,,,,,3,3,5,,2,,,,2,,,,,,,,,,,,,,1,2,1,2,1,1,5,,62,01,1,01,4,0123,700000,66,740.52718045,
5358967,1,2,1,60,2,66,2,,,,,,,,,,,12,,,,,,,,,,,,,,,,,,,,,,,,,,,,,,,,,,,,,,,,,,,,,,,,.,,,,,,,,,.,10,,,,,,,,,25,2,,25,,,3,8,,10,,2,,,,1,,,,,,,,,1,2,2,2,,,,,2,,,,,,,,,14,,,2,,,,2,,,,,,,,,,,,,,1,1,1,2,2,1,3,,62,01,1,01,6,0123,,66,915.01759647,
5358967,1,3,1,60,2,66,2,,,,,,,,,,,60,,,,,,,,,,,,,,,,,,,,,,,,,,,,,,,,,,,,,,,,,,,,,,,6,,,,,3,1500000,1,15000000,3,,12,1,2,0,0,2,2,3,2,48,,.,48,,,3,8,,2,,2,,,,1,,,1,,,,,,,2,2,2,,,,,1,66,0,4,,350000,1,8,,14,,,2,,,,2,,,,,,,,,,,,,,1,1,1,2,1,1,3,,62,01,1,01,4,0123,1850000,66,915.01759647,
5358967,1,4,1,60,2,66,2,,,,,,,,,,,156,,,,,,,,,,,,,,,,,,,,,,,,,,,,,,,,,,,,,,,,,,,,,,,6,,,,,3,850000,1,8500000,3,,12,2,,,,,1,3,2,48,,.,48,,,2,8,,2,,2,,,,1,,,,,,,,,1,2,2,2,,,,,1,66,8,4,,300000,1,8,,3,5,,2,,,,2,,,,,,,,,,,,,,1,1,1,2,1,1,3,,62,01,1,01,4,0123,1150000,66,915.01759647,
5358967,1,5,1,60,2,66,2,,,,,,,,,,,120,,,,,,,,,,,,,,,,,,,,,,,,,,,,,,,,,,,,,,,,,,,,,,,6,,,,,3,600000,1,7200000,3,,12,2,,,,,2,3,2,48,,.,40,6,,1,8,,2,,2,,,,1,,,1,,,,,,,2,2,2,,,,,1,66,8,4,,0,1,8,,3,25,2,2,,,,2,,,,,,,,,,,,,,1,1,1,2,1,1,3,,62,01,1,01,4,0161,600000,66,915.01759647,
5358967,1,6,1,60,2,66,2,,,,,,,,,,,10,,,,,,,,,,,,,,,,,,,,,,,,,,,,,,,,,,,,,,,,,,,,,,,,.,,,,,,,,,.,10,,,,,,,,,20,2,,20,,,3,8,,2,,2,,,,1,,,,,,,,,1,2,2,2,,,,,2,,,,,,,,,14,,,2,,,,2,,,,,,,,,,,,,,1,1,1,2,2,1,3,,62,01,1,01,6,0123,,66,915.01759647,
5358968,1,1,1,60,2,66,1,1,,,1,,,2,2,2,2,40,,1,,2,280000,2,,,2,,2,,2,,2,,2,,,2,,,2,,,2,,,2,,,2,,,2,,2,,2,,2,,2,,2,,,.,,,,,,,,,.,12,,,,,,,,,30,2,,30,,,3,8,,2,,2,,,,1,,,,,,,,,1,2,2,1,12,60,8,,2,,,,,,,,7,3,3,,2,,,,2,,,,,,,,,,,,,,1,1,1,2,1,1,3,,62,01,1,01,8,0123,280000,66,1222.0985213,
5358968,1,2,1,60,2,66,1,1,,,1,,,1,2,2,2,40,,1,,2,800000,2,,,2,,1,100000,2,,2,,2,,,2,,,2,,,2,,,2,,,2,,,2,,2,,2,,2,,2,,2,,,.,,,,,,,,,.,12,,,,,,,,,50,,.,50,,,3,8,,2,,2,,,,1,,,,,,,,,1,2,2,1,0,180,8,,2,,,,,,,,1,3,2,,2,,,,2,,,,,,,,,,,,,,1,1,1,2,1,1,8,,62,01,1,01,8,0123,900000,66,1222.0985213,
5358970,1,1,1,60,2,66,2,,,,,,,,,,,240,,,,,,,,,,,,,,,,,,,,,,,,,,,,,,,,,,,,,,,,,,,,,,,6,,,,,3,350000,1,3850000,3,,12,2,,,,,2,3,2,48,,.,48,,,1,8,,2,,2,,,,1,,,,,,,,,1,2,2,2,,,,,2,,,,,,,,,14,,,2,,,,2,,,,,,,,,,,,,,1,1,1,2,1,1,3,,62,01,1,01,4,0123,350000,66,595.1809475,
5358971,1,2,1,60,2,66,2,,,,,,,,,,,3,,,,,,,,,,,,,,,,,,,,,,,,,,,,,,,,,,,,,,,,,,,,,,,6,,,,,3,150000,1,850000,2,,10,2,,,,,2,3,2,30,2,,30,,,1,8,,2,,2,,,,1,,,,,,,,,1,2,2,2,,,,,2,,,,,,,,,3,35,,2,,,,2,,,,,,,,,,,,,,2,2,2,2,1,1,2,,62,01,1,01,4,0161,150000,66,621.12829073,
5358971,1,3,1,60,2,66,2,,,,,,,,,,,240,,,,,,,,,,,,,,,,,,,,,,,,,,,,,,,,,,,,,,,,,,,,,,,6,,,,,3,750000,1,75000000,3,,12,2,,,,,2,3,2,48,,.,48,,,1,8,,2,,2,,,,1,,,,,,,,,1,2,2,2,,,,,2,,,,,,,,,3,30,,2,,,,2,,,,,,,,,,,,,,2,2,2,2,1,1,5,,62,01,1,01,4,0161,750000,66,621.12829073,
5358972,1,1,1,60,2,66,1,1,,,1,,,1,2,2,2,300,,1,,2,720000,2,,,2,,1,90000,2,,2,,2,,,2,,,2,,,2,,,2,,,2,,,2,,2,,2,,2,,2,,2,,,.,,,,,,,,,.,12,,,,,,,,,50,,.,50,,,2,8,,2,,2,,,,1,,,,,,,,,1,2,2,2,,,,,2,,,,,,,,,3,5,,2,,,,2,,,,,,,,,,,,,,1,1,1,2,1,1,8,,62,01,1,01,8,0123,810000,66,1367.8711011,
5358972,1,3,1,60,2,66,1,1,,,1,,,1,2,2,2,7,,1,,2,240000,2,,,2,,2,,2,,2,,2,,,2,,,2,,,2,,,2,,,2,,,2,,2,,2,,2,,2,,2,,,.,,,,,,,,,.,7,,,,,,,,,50,,.,50,,,2,8,,2,,,,,,1,,,,,,,,,1,2,2,2,,,,,2,,,,,,,,,3,5,,2,,,,2,,,,,,,,,,,,,,1,1,1,2,1,1,3,,62,01,1,01,8,0123,240000,66,1367.8711011,
5358973,1,1,1,60,2,66,1,1,,,1,,,1,2,2,2,24,,1,,2,500000,2,,,2,,2,,2,,2,,2,,,2,,,2,,,2,,,2,,,2,,,2,,2,,2,,2,,2,,2,,,.,,,,,,,,,.,12,,,,,,,,,56,,.,56,,,2,8,,2,,2,,,,1,,,,,,,,,1,2,2,1,0,24,8,,2,,,,,,,,1,3,5,,2,,,,2,,,,,,,,,,,,,,1,2,1,2,1,1,3,,62,01,1,01,8,0123,500000,66,721.92986823,
5358973,1,2,1,60,2,66,1,1,,,1,,,1,2,2,2,18,,1,,2,400000,2,,,2,,2,,2,,2,,2,,,2,,,2,,,2,,,2,,,2,,,2,,2,,2,,2,,2,,2,,,.,,,,,,,,,.,12,,,,,,,,,40,,.,40,,,2,8,,2,,2,,,,1,,,,,,,,,1,2,2,1,1,9,8,,2,,,,,,,,1,3,5,,2,,,,2,,,,,,,,,,,,,,1,2,2,2,1,1,5,,62,01,1,01,8,0123,400000,66,721.92986823,
5358974,1,1,1,60,2,66,2,,,,,,,,,,,312,,,,,,,,,,,,,,,,,,,,,,,,,,,,,,,,,,,,,,,,,,,,,,,7,,2,,,3,800000,1,9000000,3,,12,2,,,,,2,1,2,56,,.,56,,,1,8,,2,,2,,,,1,,,,,,,,,1,2,2,1,0,36,8,,2,,,,,,,,1,3,2,,2,,,,2,,,,,,,,,,,,,,1,2,1,2,1,1,3,,61,01,1,01,4,0123,800000,66,687.15135238,
5358975,1,1,1,60,2,66,2,,,,,,,,,,,14,,,,,,,,,,,,,,,,,,,,,,,,,,,,,,,,,,,,,,,,,,,,,,,7,,2,,,3,1200000,1,15000000,3,,12,1,2,2,0,0,2,3,2,50,,.,50,,,2,8,,2,,2,,,,1,,,,,,,,,1,2,2,1,0,180,4,,2,,,,,,,,3,3,3,,2,,,,2,,,,,,,,,,,,,,1,2,1,1,1,1,8,,61,01,1,01,5,0123,1200000,66,1183.9784529,
5358975,1,2,1,60,2,66,1,1,,,1,,,1,2,2,2,4,,1,,2,600000,2,,,2,,1,100000,2,,2,,2,,,2,,,2,,,2,,,2,,,2,,,2,,2,,2,,2,,2,,2,,,.,,,,,,,,,.,12,,,,,,,,,50,,.,50,,,2,8,,2,,2,,,,1,,,,,,,,,1,2,2,1,0,180,8,,2,,,,,,,,7,3,5,,2,,,,2,,,,,,,,,,,,,,1,1,1,2,1,1,3,,62,01,1,01,8,0123,700000,66,1183.9784529,
5358976,1,1,1,60,2,66,2,,,,,,,,,,,276,,,,,,,,,,,,,,,,,,,,,,,,,,,,,,,,,,,,,,,,,,,,,,,7,,2,,,3,700000,1,8000000,3,,12,2,,,,,2,1,2,48,,.,48,,,1,8,,2,,2,,,,1,,,,,,,,,1,2,2,1,0,56,8,,2,,,,,,,,1,3,3,,2,,,,2,,,,,,,,,,,,,,1,2,1,2,1,2,5,,61,01,1,01,4,0123,700000,66,1069.6128189,
5358977,1,1,1,60,2,66,1,1,,,1,,,1,2,2,2,12,,1,,2,800000,2,,,2,,2,,2,,2,,2,,,2,,,2,,,2,,,2,,,2,,,2,,2,,2,,2,,2,,2,,,.,,,,,,,,,.,12,,,,,,,,,48,,.,48,,,3,8,,2,,2,,,,1,,,,,,,,,1,2,2,1,0,16,8,,2,,,,,,,,3,3,25,,2,,,,2,,,,,,,,,,,,,,1,2,1,2,1,1,3,,62,01,1,01,8,0123,800000,66,576.55064612,
5358978,1,1,1,60,2,66,1,1,,,1,,,1,2,2,2,13,,1,,2,600000,2,,,2,,1,100000,2,,2,,2,,,2,,,2,,,2,,,2,,,2,,,2,,2,,2,,2,,2,,2,,,.,,,,,,,,,.,12,,,,,,,,,50,,.,50,,,2,8,,2,,2,,,,1,,,,,,,,,1,2,2,1,0,18,8,,2,,,,,,,,7,3,3,,2,,,,2,,,,,,,,,,,,,,1,1,1,2,1,1,3,,62,01,1,01,8,0123,700000,66,1095.4602016,
5358979,1,1,1,60,2,66,2,,,,,,,,,,,280,,,,,,,,,,,,,,,,,,,,,,,,,,,,,,,,,,,,,,,,,,,,,,,6,,,,,3,300000,1,3600000,3,,12,2,,,,,3,5,2,70,,.,70,,,1,6,,2,,2,,,,1,,,,,,,,,1,2,2,2,,,,,2,,,,,,,,,3,1,,2,,,,2,,,,,,,,,,,,,,1,2,1,2,1,1,3,,45,47,1,01,4,4781,300000,66,703.33255602,
5358980,1,1,1,60,2,66,1,1,,,1,,,1,2,2,2,48,,1,,2,1200000,2,,,2,,2,,2,,2,,2,,,2,,,2,,,2,,,2,,,2,,,2,,2,,2,,2,,2,,2,,,.,,,,,,,,,.,12,,,,,,,,,48,,.,48,,,2,4,,1,,1,1,1,6,1,1,,,,,,,,,1,2,1,0,36,1,,2,,,,,,,,1,7,20,,2,,,,2,,,,,,,,,,,,,,1,1,1,2,1,1,3,,98,49,1,01,1,4923,1200000,66,647.07563395,
5358980,1,2,1,60,2,66,1,2,1,,1,,,1,1,1,1,48,,2,,2,877803,2,,,2,,2,,2,,2,,2,,,1,112000,2,2,,,2,,,2,,,2,,,1,400000,1,450000,2,,2,,2,,2,,,.,,,,,,,,,.,12,,,,,,,,,48,,.,48,,,6,7,,1,,1,1,1,4,1,1,,,,,,,,,1,2,1,0,12,1,,2,,,,,,,,1,11,20,,2,,,,2,,,,,,,,,,,,,,1,1,1,2,1,1,3,,59,87,1,01,1,8730,877803,66,647.07563395,
5358981,1,1,1,60,2,66,1,1,,,1,,,1,2,2,2,9,,1,,2,800000,2,,,2,,2,,2,,2,,2,,,2,,,2,,,2,,,2,,,2,,,2,,2,,2,,2,,2,,2,,,.,,,,,,,,,.,12,,,,,,,,,56,,.,56,,,2,8,,2,,2,,,,1,,,,,,,,,1,2,2,1,0,12,8,,2,,,,,,,,1,3,5,,2,,,,2,,,,,,,,,,,,,,1,2,1,2,1,1,2,,62,01,1,01,8,0123,800000,66,1165.8557786,
5358984,1,1,1,60,2,66,1,1,,,1,,,1,2,2,2,36,,1,,2,750000,2,,,2,,2,,2,,2,,2,,,2,,,2,,,2,,,2,,,2,,,2,,2,,2,,2,,2,,2,,,.,,,,,,,,,.,12,,,,,,,,,48,,.,48,,,3,8,,2,,2,,,,1,,,,,,,,,1,2,2,1,0,36,8,,2,,,,,,,,1,3,10,,2,,,,2,,,,,,,,,,,,,,1,1,1,2,1,1,3,,62,01,1,01,8,0122,750000,66,1059.8136901,
5358985,1,1,1,60,2,66,1,1,,,1,,,1,2,2,2,6,,1,,2,800000,2,,,2,,1,120000,2,,2,,2,,,2,,,2,,,2,,,2,,,2,,,2,,2,,2,,2,,2,,2,,,.,,,,,,,,,.,9,,,,,,,,,55,,.,55,,,4,8,,2,,2,,,,1,,,,,,,,,1,2,2,1,3,60,1,,2,,,,,,,,2,3,2,,2,,,,2,,,,,,,,,,,,,,1,1,1,2,1,1,8,,62,01,1,01,8,0123,920000,66,1003.4568075,
5358986,1,1,1,60,2,66,1,1,,,1,,,1,2,2,2,16,,1,,2,800000,2,,,2,,2,,2,,2,,2,,,2,,,2,,,2,,,2,,,2,,,2,,2,,2,,2,,2,,2,,,.,,,,,,,,,.,12,,,,,,,,,50,,.,50,,,4,8,,2,,2,,,,1,,,,,,,,,1,2,2,2,,,,,2,,,,,,,,,3,30,,2,,,,2,,,,,,,,,,,,,,1,1,1,2,1,1,3,,62,01,1,01,8,0123,800000,66,1005.9303644,
5358988,1,1,1,60,2,66,1,1,,,1,,,1,2,2,2,6,,1,,2,600000,2,,,2,,2,,2,,2,,2,,,2,,,2,,,2,,,2,,,2,,,2,,2,,2,,2,,2,,2,,,.,,,,,,,,,.,12,,,,,,,,,40,,.,40,,,3,8,,2,,2,,,,1,,,,,,,,,1,2,2,1,0,12,8,,2,,,,,,,,1,3,5,,2,,,,2,,,,,,,,,,,,,,1,2,1,2,1,1,2,,62,01,1,01,8,0123,600000,66,1003.4568075,
5358989,1,1,1,60,2,66,2,,,,,,,,,,,40,,,,,,,,,,,,,,,,,,,,,,,,,,,,,,,,,,,,,,,,,,,,,,,7,,2,,,3,800000,1,10000000,3,,12,1,1,0,0,1,2,6,2,50,,.,50,,,2,8,,2,,2,,,,1,,,,,,,,,1,2,2,1,0,180,4,,2,,,,,,,,3,3,3,,2,,,,2,,,,,,,,,,,,,,1,2,1,1,1,1,8,,61,01,1,01,4,0123,800000,66,1353.7029959,
5358989,1,2,1,60,2,66,2,,,,,,,,,,,18,,,,,,,,,,,,,,,,,,,,,,,,,,,,,,,,,,,,,,,,,,,,,,,,.,,,,,,,,,.,12,,,,,,,,,50,,.,50,,,2,8,,2,,2,,,,1,,,,,,,,,1,2,2,2,,,,,2,,,,,,,,,3,5,,2,,,,2,,,,,,,,,,,,,,1,1,1,2,1,1,3,,62,01,1,01,6,0123,,66,1353.7029959,
5358990,1,1,1,60,2,66,2,,,,,,,,,,,426,,,,,,,,,,,,,,,,,,,,,,,,,,,,,,,,,,,,,,,,,,,,,,,7,,2,,,3,800000,1,10000000,3,,12,2,,,,,2,3,2,56,,.,56,,,1,8,,3,,2,,,,1,,,,,,,,,1,2,2,1,0,24,8,,2,,,,,,,,1,3,5,,2,,,,2,,,,,,,,,,,,,,1,2,1,2,1,1,3,,61,01,1,01,4,0123,800000,66,1078.4110023,
5358990,1,2,1,60,2,66,1,1,,,1,,,1,2,2,2,36,,1,,2,800000,2,,,2,,2,,2,,2,,2,,,2,,,2,,,2,,,2,,,2,,,2,,2,,2,,2,,2,,2,,,.,,,,,,,,,.,12,,,,,,,,,48,,.,48,,,3,7,,2,,2,,,,1,,,,,,,,,1,2,2,1,0,24,8,,2,,,,,,,,1,11,20,,2,,,,2,,,,,,,,,,,,,,1,2,1,2,1,1,3,,87,25,1,01,1,2511,800000,66,1078.4110023,
5358991,1,1,1,60,2,66,2,,,,,,,,,,,180,,,,,,,,,,,,,,,,,,,,,,,,,,,,,,,,,,,,,,,,,,,,,,,7,,2,,,3,1000000,1,12000000,3,,12,1,1,1,0,0,2,6,2,50,,.,50,,,2,8,,2,,2,,,,1,,,,,,,,,1,2,2,1,0,360,8,,2,,,,,,,,10,3,3,,2,,,,2,,,,,,,,,,,,,,1,1,1,1,1,1,8,,61,01,1,01,5,0123,1000000,66,597.65096551,
5358992,1,1,1,60,2,66,1,1,,,1,,,1,2,2,2,24,,1,,2,200000,2,,,2,,2,,2,,2,,2,,,2,,,2,,,2,,,2,,,2,,,2,,2,,2,,2,,2,,2,,,.,,,,,,,,,.,12,,,,,,,,,40,,.,40,,,2,8,,2,,2,,,,1,,,,,,,,,1,2,2,1,0,24,8,,2,,,,,,,,1,3,5,,2,,,,2,,,,,,,,,,,,,,1,2,1,2,1,1,3,,62,01,1,01,8,0123,200000,66,963.855727,
5358994,1,2,1,60,2,66,1,1,,,1,,,1,2,2,2,36,,1,,2,600000,2,,,2,,2,,2,,2,,2,,,2,,,2,,,2,,,2,,,2,,,2,,2,,2,,2,,2,,2,,,.,,,,,,,,,.,12,,,,,,,,,48,,.,48,,,3,8,,2,,2,,,,1,,,,,,,,,1,2,2,1,0,24,8,,2,,,,,,,,1,3,10,,2,,,,2,,,,,,,,,,,,,,1,2,1,2,1,1,3,,62,01,1,01,8,0123,600000,66,827.49731882,
5358996,1,1,1,60,2,66,2,,,,,,,,,,,88,,,,,,,,,,,,,,,,,,,,,,,,,,,,,,,,,,,,,,,,,,,,,,,7,,2,,,3,800000,1,10000000,3,,12,2,,,,,2,6,2,60,,.,60,,,1,8,,1,,3,,,,,.,,,,,,,,,2,2,1,0,240,2,,2,,,,,,,,4,3,15,,2,,,,2,,,,,,,,,,,,,,1,1,1,1,1,1,10,LA PENSION,62,01,1,01,4,0123,800000,66,1069.6128189,
5358996,1,3,1,60,2,66,2,,,,,,,,,,,36,,,,,,,,,,,,,,,,,,,,,,,,,,,,,,,,,,,,,,,,,,,,,,,6,,,,,3,600000,1,4800000,3,,8,2,,,,,3,4,2,70,,.,45,6,,1,1,,2,,2,,,,1,,,,,,,,,1,2,2,2,,,,,2,,,,,,,,,14,,1,2,,,,2,,,,,,,,,,,,,,1,1,1,2,1,1,3,,57,96,1,01,4,9602,600000,66,1069.6128189,
5358998,1,1,1,60,2,66,1,1,,,1,,,1,2,2,2,180,,1,,2,600000,2,,,2,,1,80000,2,,2,,2,,,2,,,2,,,2,,,2,,,2,,,2,,2,,2,,2,,2,,2,,,.,,,,,,,,,.,12,,,,,,,,,50,,.,50,,,3,8,,2,,2,,,,1,,,,,,,,,1,2,2,1,0,360,4,,2,,,,,,,,7,3,2,,2,,,,2,,,,,,,,,,,,,,1,1,1,2,1,1,3,,62,01,1,01,8,0123,680000,66,747.87721146,
5358999,1,1,1,60,2,66,1,1,,,1,,,2,2,2,2,2,,2,,2,700000,2,,,2,,2,,2,,2,,2,,,2,,,2,,,2,,,2,,,2,,,2,,2,,2,,2,,2,,2,,,.,,,,,,,,,.,12,,,,,,,,,48,,.,48,,,4,8,,2,,2,,,,1,,,,,,,,,1,2,2,2,,,,,2,,,,,,,,,3,50,,2,,,,2,,,,,,,,,,,,,,1,2,2,2,1,1,3,,62,01,1,01,8,0121,700000,66,827.49731882,
5359000,1,1,1,60,2,66,1,1,,,1,,,1,2,2,2,48,,1,,2,1500000,2,,,2,,2,,2,,2,,2,,,2,,,2,,,2,,,2,,,2,,,2,,2,,2,,2,,2,,2,,,.,,,,,,,,,.,12,,,,,,,,,48,,.,48,,,2,2,,4,,2,,,,1,,,,,,,,,1,2,2,1,0,36,1,,2,,,,,,,,1,11,20,,2,,,,2,,,,,,,,,,,,,,1,2,1,2,1,2,5,,95,41,1,01,1,4111,1500000,66,853.44466204,
5359001,1,2,1,60,2,66,1,1,,,1,,,2,2,2,2,180,,1,,2,600000,2,,,2,,2,,2,,2,,2,,,2,,,2,,,2,,,2,,,2,,,2,,2,,2,,2,,2,,2,,,.,,,,,,,,,.,12,,,,,,,,,50,,.,50,,,2,8,,2,,2,,,,1,,,,,,,,,1,2,2,1,0,180,1,,2,,,,,,,,2,3,5,,2,,,,2,,,,,,,,,,,,,,1,1,1,2,1,1,3,,62,01,1,01,8,0123,600000,66,740.52718045,
5359001,1,3,1,60,2,66,2,,,,,,,,,,,360,,,,,,,,,,,,,,,,,,,,,,,,,,,,,,,,,,,,,,,,,,,,,,,,.,,,,,,,,,.,12,,,,,,,,,50,,.,50,,,2,8,,2,,2,,,,1,,,,,,,,,1,2,2,2,,,,,2,,,,,,,,,3,5,,2,,,,2,,,,,,,,,,,,,,1,1,1,2,1,1,3,,62,01,1,01,7,0123,,66,740.52718045,
5359002,1,1,1,60,2,66,1,1,,,1,,,1,2,2,2,120,,1,,2,600000,2,,,2,,2,,2,,2,,2,,,2,,,2,,,2,,,2,,,2,,,2,,2,,2,,2,,2,,2,,,.,,,,,,,,,.,12,,,,,,,,,48,,.,48,,,2,8,,2,,2,,,,1,,,,,,,,,1,2,2,2,,,,,2,,,,,,,,,3,10,,2,,,,2,,,,,,,,,,,,,,1,1,1,2,1,1,8,,62,01,1,01,8,0122,600000,66,931.16581093,
5359003,1,2,1,60,2,66,1,1,,,1,,,2,2,2,2,2,,2,,2,600000,2,,,2,,2,,2,,2,,2,,,2,,,2,,,2,,,2,,,2,,,2,,2,,2,,2,,2,,2,,,.,,,,,,,,,.,12,,,,,,,,,48,,.,48,,,5,8,,2,,2,,,,1,,,,,,,,,1,2,2,1,0,3,8,,2,,,,,,,,3,11,20,,2,,,,2,,,,,,,,,,,,,,1,1,1,2,1,1,3,,62,01,1,01,8,0122,600000,66,1003.4568075,
5359004,1,1,1,60,2,66,2,,,,,,,,,,,180,,,,,,,,,,,,,,,,,,,,,,,,,,,,,,,,,,,,,,,,,,,,,,,7,,2,,,3,1000000,1,12800000,3,,12,1,1,1,0,0,2,3,2,48,,.,48,,,2,8,,2,,2,,,,1,,,,,,,,,1,2,2,2,,,,,2,,,,,,,,,14,,,2,,,,2,,,,,,,,,,,,,,1,1,1,2,1,1,3,,61,01,1,01,5,0123,1000000,66,467.82446367,
5359005,1,1,1,60,2,66,2,,,,,,,,,,,360,,,,,,,,,,,,,,,,,,,,,,,,,,,,,,,,,,,,,,,,,,,,,,,7,,2,,,3,2000000,1,12000000,3,,12,2,,,,,2,3,2,48,,.,48,,,1,9,,2,,2,,,,1,,,1,,,,,,,2,2,2,,,,,1,66,0,4,,250000,1,8,,3,20,,2,,,,2,,,,,,,,,,,,,,1,1,1,2,1,1,2,,62,01,1,01,4,0123,2250000,66,954.24623955,
5359006,1,1,1,60,2,66,1,1,,,1,,,1,2,2,2,4,,1,,2,320000,2,,,2,,2,,2,,2,,2,,,2,,,2,,,2,,,2,,,2,,,2,,2,,2,,2,,2,,2,,,.,,,,,,,,,.,7,,,,,,,,,50,,.,30,6,,4,8,,11,,2,,,,1,,,,,,,,,1,2,2,1,5,18,4,,2,,,,,,,,2,3,20,1,1,30,1,1,2,,,,,,,,,,,,,,1,2,1,2,2,1,3,,62,01,1,01,8,0123,320000,66,1023.169205,
5359006,1,2,1,60,2,66,1,1,,,1,,,1,2,2,2,4,,1,,2,720000,2,,,2,,2,,2,,2,,2,,,2,,,2,,,2,,,2,,,2,,,2,,2,,2,,2,,2,,2,,,.,,,,,,,,,.,9,,,,,,,,,55,,.,55,,,3,9,,11,,2,,,,1,,,,,,,,,1,2,2,1,3,36,1,,2,,,,,,,,7,11,20,,2,,,,2,,,,,,,,,,,,,,1,2,1,2,1,1,8,,95,41,1,01,1,4111,720000,66,1023.169205,
5359006,1,4,1,60,2,66,1,1,,,1,,,1,2,2,2,2,,1,,2,480000,2,,,2,,2,,2,,2,,2,,,2,,,2,,,2,,,2,,,2,,,2,,2,,2,,2,,2,,2,,,.,,,,,,,,,.,6,,,,,,,,,55,,.,55,,,4,8,,10,,2,,,,1,,,,,,,,,1,2,2,1,6,8,4,,2,,,,,,,,7,3,7,,2,,,,2,,,,,,,,,,,,,,1,1,1,2,1,1,8,,62,01,1,01,8,0123,480000,66,1023.169205,
5359007,1,2,1,60,2,66,1,1,,,1,,,1,2,2,2,4,,1,,2,650000,2,,,2,,2,,2,,2,,2,,,2,,,2,,,2,,,2,,,2,,,2,,2,,2,,2,,2,,2,,,.,,,,,,,,,.,12,,,,,,,,,56,,.,56,,,3,8,,2,,2,,,,1,,,,,,,,,1,2,2,1,0,36,8,,2,,,,,,,,1,11,15,,2,,,,2,,,,,,,,,,,,,,1,2,1,2,1,1,2,,62,01,1,01,8,0123,650000,66,827.49731882,
5359008,1,1,1,60,2,66,1,1,,,1,,,1,2,2,2,240,,1,,2,400000,2,,,2,,2,,2,,2,,2,,,2,,,2,,,2,,,2,,,2,,,2,,2,,2,,2,,2,,2,,,.,,,,,,,,,.,12,,,,,,,,,50,,.,50,,,4,8,,2,,2,,,,1,,,,,,,,,1,2,2,2,,,,,2,,,,,,,,,13,10,,2,,,,2,,,,,,,,,,,,,,1,1,1,2,1,1,8,,62,01,1,01,8,0123,400000,66,729.27989924,
5359009,1,1,1,60,2,66,1,1,,,1,,,1,2,2,2,6,,1,,2,500000,2,,,2,,2,,2,,2,,2,,,2,,,2,,,2,,,2,,,2,,,2,,2,,2,,2,,2,,2,,,.,,,,,,,,,.,12,,,,,,,,,40,,.,40,,,2,1,,2,,2,,,,1,,,,,,,,,1,2,2,1,5,24,3,,2,,,,,,,,1,14,,,2,,,,2,,,,,,,,,,,,,,1,2,1,2,1,2,3,,53,56,1,01,1,5619,500000,66,564.88554806,
5359009,1,2,1,60,2,66,1,1,,,1,,,1,2,2,2,2,,1,,2,700000,2,,,2,,2,,2,,2,,2,,,2,,,2,,,2,,,2,,,2,,,2,,2,,2,,2,,2,,2,,,.,,,,,,,,,.,12,,,,,,,,,48,,.,48,,,5,9,,2,,2,,,,1,,,,,,,,,1,2,2,2,,,,,2,,,,,,,,,3,2,,2,,,,2,,,,,,,,,,,,,,1,2,1,2,1,1,3,,59,42,1,01,1,4210,700000,66,564.88554806,
5359010,1,2,1,60,2,66,1,1,,,1,,,2,2,2,2,84,,1,,2,600000,2,,,2,,2,,2,,2,,2,,,2,,,2,,,2,,,2,,,2,,,2,,2,,2,,2,,2,,2,,,.,,,,,,,,,.,12,,,,,,,,,40,,.,40,,,3,8,,2,,2,,,,1,,,,,,,,,1,2,2,2,,,,,2,,,,,,,,,3,45,,2,,,,2,,,,,,,,,,,,,,1,1,1,2,1,1,3,,62,01,1,01,8,0123,600000,66,721.92986823,
5359011,1,2,1,60,2,66,1,1,,,1,,,1,2,2,2,5,,1,,2,800000,2,,,2,,2,,2,,2,,2,,,2,,,2,,,2,,,2,,,2,,,2,,2,,2,,2,,2,,2,,,.,,,,,,,,,.,8,,,,,,,,,60,,.,50,6,,4,7,,2,,2,,,,1,,,,,,,,,1,2,2,1,4,60,1,,2,,,,,,,,2,11,20,1,2,,,,2,,,,,,,,,,,,,,1,1,1,2,1,1,2,,97,46,1,01,1,4620,800000,66,1088.0204898,
5359013,1,1,1,60,2,66,1,2,2,12,2,1,,1,1,1,1,76,,2,,2,877803,2,,,2,,2,,2,,2,,2,,,1,112000,2,2,,,2,,,2,,,2,,,1,420000,1,425000,2,,2,,2,,2,,,.,,,,,,,,,.,12,,,,,,,,,48,,.,48,,,9,7,,1,,1,1,1,6,1,1,,,,,,,,,1,2,1,0,24,1,,2,,,,,,,,1,3,5,,2,,,,2,,,,,,,,,,,,,,1,1,1,2,1,1,3,,13,84,1,01,1,8413,877803,66,1443.8717176,7810
5359014,1,2,1,60,2,66,1,2,1,,1,,,1,1,1,1,3,,2,,2,877803,2,,,2,,2,,2,,2,,2,,,1,102854,2,1,34600,2,2,,,2,,,2,,,1,440000,1,440000,1,440000,2,,2,,2,,,.,,,,,,,,,.,6,,,,,,,,,50,,.,50,,,9,7,,1,,1,1,1,6,1,1,,,,,,,,,1,1,1,6,60,1,,2,,,,,,,,2,1,25,,2,,,,2,,,,,,,,,,,,,,1,1,1,2,1,1,1,,33,47,1,01,1,4711,877803,66,979.65249551,
5359016,1,1,1,60,2,66,1,1,,,1,,,1,2,2,2,24,,1,,2,700000,2,,,2,,2,,2,,2,,2,,,2,,,2,,,2,,,2,,,2,,,2,,2,,2,,2,,2,,2,,,.,,,,,,,,,.,12,,,,,,,,,48,,.,48,,,2,7,,2,,2,,,,1,,,,,,,,,1,2,2,1,0,24,1,,2,,,,,,,,1,2,10,,2,,,,2,,,,,,,,,,,,,,1,2,1,2,1,1,3,,62,47,1,01,1,4774,700000,66,791.47312289,
5359016,1,2,1,60,2,66,1,1,,,1,,,1,2,2,2,3,,1,,2,800000,2,,,2,,2,,2,,2,,2,,,2,,,2,,,2,,,2,,,2,,,2,,2,,2,,2,,2,,2,,,.,,,,,,,,,.,3,,,,,,,,,48,,.,48,,,3,7,,2,,2,,,,1,,,,,,,,,1,2,2,2,,,,,2,,,,,,,,,2,20,,2,,,,2,,,,,,,,,,,,,,1,2,1,2,1,1,3,,77,56,1,01,1,5619,800000,66,791.47312289,
5359017,1,2,1,60,2,66,1,2,1,,1,,,1,1,1,1,75,,2,,2,900000,2,,,2,,2,,2,,2,,2,,,1,102854,2,2,,,2,,,2,,,2,,,1,450000,1,450000,1,450000,2,,2,,2,,,.,,,,,,,,,.,12,,,,,,,,,50,,.,50,,,9,7,,1,,1,1,1,11,1,1,,,,,,,,,1,1,1,0,36,1,,2,,,,,,,,1,11,30,,2,,,,2,,,,,,,,,,,,,,1,1,1,2,1,1,1,,45,46,1,01,1,4631,900000,66,1809.5885611,
5359017,1,3,1,60,2,66,1,1,,,1,,,1,2,2,2,30,,1,,2,720000,2,,,2,,2,,2,,2,,2,,,2,,,2,,,2,,,2,,,2,,,2,,2,,2,,2,,2,,2,,,.,,,,,,,,,.,9,,,,,,,,,55,,.,55,,,3,9,,2,,2,,,,1,,,,,,,,,1,2,2,2,,,,,2,,,,,,,,,11,30,,2,,,,2,,,,,,,,,,,,,,1,1,1,2,1,1,3,,95,41,1,01,1,4111,720000,66,1809.5885611,
5359018,1,1,1,60,2,66,1,2,1,,1,,,1,2,2,2,12,,2,,2,877803,2,,,2,,2,,2,,2,,2,,,1,112000,2,2,,,2,,,2,,,2,,,1,420000,1,410000,2,,2,,2,,2,,,.,,,,,,,,,.,12,,,,,,,,,48,,.,48,,,3,7,,1,,1,1,1,6,1,1,,,,,,,,,1,2,1,0,76,1,,2,,,,,,,,1,11,25,,2,,,,2,,,,,,,,,,,,,,1,1,1,2,1,1,3,,58,81,1,01,1,8110,877803,66,1793.0102339,
5359019,1,1,1,60,2,66,1,1,,,1,,,1,2,2,2,5,,1,,2,750000,2,,,2,,2,,2,,2,,2,,,2,,,2,,,2,,,2,,,2,,,2,,2,,2,,2,,2,,2,,,.,,,,,,,,,.,12,,,,,,,,,48,,.,48,,,2,2,,2,,2,,,,1,,,,,,,,,1,2,2,1,0,8,1,,2,,,,,,,,1,11,15,,2,,,,2,,,,,,,,,,,,,,1,2,1,2,1,1,3,,95,41,1,01,1,4111,750000,66,1793.0102339,
5359020,1,1,1,60,2,66,1,2,1,,1,,,1,1,1,1,150,,1,,2,877803,2,,,2,,2,,2,,2,,2,,,1,102854,2,2,,,2,,,2,,,2,,,1,440000,1,440000,1,440000,2,,2,,2,,,.,,,,,,,,,.,12,,,,,,,,,55,,.,55,,,6,8,,1,,1,2,1,23,1,1,,,,,,,,,1,1,1,0,60,4,,2,,,,,,,,8,11,20,,2,,,,2,,,,,,,,,,,,,,1,1,1,2,1,1,1,,62,01,1,01,8,0121,877803,66,1114.2992912,
5359020,1,3,1,60,2,66,1,2,1,,1,,,1,1,1,1,63,,1,,2,900000,2,,,2,,2,,2,,2,,2,,,1,102854,2,2,,,2,,,2,,,2,,,1,450000,1,450000,1,450000,2,,2,,2,,,.,,,,,,,,,.,12,,,,,,,,,60,,.,60,,,9,7,,1,,1,1,1,5,1,1,,,,,,,,,1,1,2,,,,,2,,,,,,,,,11,30,,2,,,,2,,,,,,,,,,,,,,1,1,1,2,1,1,1,,33,49,1,01,1,4921,900000,66,1114.2992912,
5359020,1,4,1,60,2,66,1,2,1,,1,,,1,1,1,1,17,,2,,2,877803,2,,,2,,2,,2,,2,,2,,,1,102854,2,1,34600,2,2,,,2,,,2,,,1,445000,1,445000,1,445000,2,,2,,2,,,.,,,,,,,,,.,12,,,,,,,,,50,,.,50,,,9,7,,1,,1,1,1,1,1,1,,,,,,,,,1,1,2,,,,,2,,,,,,,,,11,20,,2,,,,2,,,,,,,,,,,,,,1,1,1,2,1,1,1,,55,81,1,01,1,8129,877803,66,1114.2992912,
5359021,1,1,1,60,2,76,1,2,1,,2,3,,1,2,1,1,60,,2,,2,900000,1,80000,2,2,,2,,2,,2,,2,,,1,109000,2,2,,,2,,,2,,,2,,,2,,1,440000,2,,2,,2,,1,10,,,,,,,,,,,,12,,,,,,,,,60,,.,60,,,9,7,,1,,1,1,1,10,1,1,,,,,,,,,1,2,1,0,24,1,,2,,,,,,,,3,12,30,,2,,,,2,,,,,,,,,,,,,,1,1,2,2,1,1,5,,58,10,1,01,1,1090,900000,66,1575.3616357,7810
5359021,1,2,1,60,2,66,1,2,2,12,1,,,1,2,1,1,108,,2,,2,877000,2,,,2,,2,,2,,2,,2,,,1,109000,2,2,,,2,,,2,,,2,,,2,,1,420000,2,,2,,2,,2,,,.,,,,,,,,,.,12,,,,,,,,,48,,.,48,,,9,7,,1,,1,1,1,9,1,1,,,,,,,,,1,2,2,,,,,2,,,,,,,,,2,45,,2,,,,2,,,,,,,,,,,,,,1,1,1,2,1,1,3,,79,14,1,01,1,1410,877000,66,1575.3616357,
5359021,1,3,1,60,2,66,1,1,,,1,,,1,2,2,2,6,,2,,1,870000,2,,,2,,2,,2,,2,,2,,,2,,,2,,,2,,,2,,,2,,,2,,2,,2,,2,,2,,2,,,.,,,,,,,,,.,6,,,,,,,,,50,,.,50,,,6,7,,1,,2,,,,1,,,,,,,,,1,2,2,2,,,,,2,,,,,,,,,2,40,,2,,,,1,1,2,1,1,1,2,1,2,2,2,,2,1,1,1,2,2,1,1,3,,45,47,1,01,1,4791,870000,66,1575.3616357,
5359022,1,1,1,60,2,66,1,1,,,1,,,1,2,2,2,24,,2,,2,890000,2,,,2,,2,,2,,2,,2,,,2,,,2,,,2,,,2,,,2,,,2,,2,,2,,2,,2,,2,,,.,,,,,,,,,.,12,,,,,,,,,55,,.,55,,,6,7,,2,,2,,,,1,,,,,,,,,1,2,2,2,,,,,2,,,,,,,,,2,45,,2,,,,1,1,1,1,1,2,2,1,2,2,2,,2,1,2,2,2,2,1,1,3,,45,47,1,01,1,4791,890000,66,1348.7193204,
5359023,1,1,1,60,2,66,1,1,,,1,,,1,2,2,2,30,,1,,2,480000,2,,,1,150000,2,,2,,2,,2,,,2,,,2,,,2,,,2,,,2,,,2,,2,,2,,2,,2,,2,,,.,,,,,,,,,.,9,,,,,,,,,50,,.,50,,,1,2,,3,,2,,,,1,,,,,,,,,1,2,2,1,36,120,4,,2,,,,,,,,7,3,25,,2,,,,2,,,,,,,,,,,,,,1,1,1,2,1,1,3,,54,97,1,01,3,9700,630000,66,1587.0896696,
5359023,1,2,1,60,2,66,1,2,1,,1,,,1,1,1,1,210,,1,,2,877803,2,,,2,,2,,2,,2,,2,,,1,102854,2,2,,,2,,,2,,,2,,,1,440000,1,440000,1,440000,2,,2,,2,,,.,,,,,,,,,.,12,,,,,,,,,60,,.,60,,,4,7,,1,,1,2,1,27,1,1,,,,,,,,,1,1,1,0,24,1,,2,,,,,,,,1,11,20,,2,,,,2,,,,,,,,,,,,,,1,1,1,2,1,1,1,,62,68,1,01,1,6820,877803,66,1587.0896696,
5359023,1,3,1,60,2,66,1,2,1,,1,,,1,1,1,1,28,,2,,2,1200000,2,,,2,,2,,2,,2,,2,,,1,102854,2,2,,,2,,,2,,,2,,,1,600000,1,600000,1,600000,2,,2,,2,,,.,,,,,,,,,.,12,,,,,,,,,50,,.,50,,,9,7,,1,,1,1,1,4,1,1,,,,,,,,,1,1,1,0,12,1,,2,,,,,,,,1,11,25,,2,,,,2,,,,,,,,,,,,,,1,1,1,2,1,1,1,,39,46,1,01,1,4645,1200000,66,1587.0896696,
5359024,1,2,1,60,2,66,1,1,,,1,,,1,2,2,2,12,,1,,2,850000,2,,,2,,2,,2,,2,,2,,,2,,,2,,,2,,,2,,,2,,,2,,2,,2,,2,,2,,2,,,.,,,,,,,,,.,12,,,,,,,,,48,,.,48,,,7,9,,2,,2,,,,1,,,,,,,,,1,2,2,2,,,,,2,,,,,,,,,2,40,,2,,,,2,,,,,,,,,,,,,,1,1,1,2,1,1,2,,95,42,1,01,1,4210,850000,66,1399.9735755,
5359025,1,1,1,60,2,66,1,2,1,,1,,,1,1,1,1,47,,2,,2,1100000,2,,,2,,2,,2,,2,,2,,,1,102854,2,1,69200,2,2,,,2,,,2,,,1,550000,1,550000,1,550000,2,,2,,2,,,.,,,,,,,,,.,10,,,,,,,,,55,,.,0,1,,9,2,,1,,1,1,1,7,1,1,,,,,,,,,1,1,1,0,30,1,,2,,,,,,,,1,11,20,2,2,,,,2,,,,,,,,,,,,,,1,1,1,2,1,1,1,,45,45,1,01,1,4530,1100000,66,2433.2832241,
5359025,1,2,1,60,2,66,1,2,1,,1,,,1,1,1,1,29,,2,,2,1200000,2,,,2,,2,,2,,2,,2,,,1,102854,2,2,,,2,,,2,,,2,,,1,600000,1,600000,1,600000,2,,2,,2,,,.,,,,,,,,,.,12,,,,,,,,,50,,.,50,,,9,7,,1,,1,1,1,7,1,1,,,,,,,,,1,1,1,3,12,1,,2,,,,,,,,1,11,15,,2,,,,2,,,,,,,,,,,,,,1,1,1,2,1,1,1,,39,29,1,01,1,2920,1200000,66,2433.2832241,
5359027,1,1,1,60,2,66,1,1,,,1,,,2,2,2,2,14,,1,,2,1100000,2,,,2,,1,350000,2,,2,,2,,,2,,,2,,,2,,,2,,,2,,,2,,2,,2,,2,,2,,2,,,.,,,,,,,,,.,12,,,,,,,,,60,,.,60,,,3,8,,10,,2,,,,1,,,,,,,,,1,2,2,1,0,5,8,,2,,,,,,,,7,3,5,,2,,,,2,,,,,,,,,,,,,,1,1,1,2,1,1,8,,62,01,1,01,8,0141,1450000,66,1836.5461573,
5359027,1,2,1,60,2,66,1,1,,,1,,,1,2,2,2,8,,1,,2,300000,2,,,2,,2,,2,,2,,2,,,2,,,2,,,2,,,2,,,2,,,2,,2,,2,,2,,2,,2,,,.,,,,,,,,,.,8,,,,,,,,,30,2,,30,,,3,8,,10,,2,,,,1,,,,,,,,,1,2,2,1,6,24,1,,2,,,,,,,,2,3,5,,2,,,,2,,,,,,,,,,,,,,1,1,1,2,1,1,3,,62,01,1,01,8,0141,300000,66,1836.5461573,
5359028,1,1,1,60,2,66,1,2,1,,1,,,2,2,1,1,221,,1,,2,1000000,2,,,2,,2,,2,,2,,2,,,2,,,2,,,2,,,2,,,2,,,1,480000,1,500000,2,,2,,2,,2,,,.,,,,,,,,,.,12,,,,,,,,,56,,.,56,,,3,8,,1,,1,1,1,16,1,1,,,,,,,,,2,2,1,0,24,8,,2,,,,,,,,1,3,5,,2,,,,2,,,,,,,,,,,,,,1,1,1,2,1,1,3,,62,01,1,01,8,0141,1000000,66,1614.4094845,
5359029,1,1,1,60,2,66,1,1,,,1,,,1,2,2,2,59,,,,,,,,,,,,,,,,,,,,,,,,,,,,,,,,,,,,,,,,,,,,,,,6,,,,,3,1500000,1,17000000,3,,12,2,,,,,2,4,2,40,,.,40,,,5,8,,1,,2,,,,1,,,1,,,,,,,2,2,1,0,12,8,,2,,,,,,,,1,8,20,,2,,,,2,,,,,,,,,,,,,,1,1,1,2,1,1,3,,61,01,1,01,4,0162,1500000,66,1582.753142,
5359029,1,2,1,60,2,66,2,,,,,,,,,,,24,,,,,,,,,,,,,,,,,,,,,,,,,,,,,,,,,,,,,,,,,,,,,,,6,,,,,3,750000,1,8600000,3,,12,2,,,,,3,3,2,40,,.,40,,,5,7,,3,,2,,,,1,,,,,,,,,1,2,2,2,,,,,2,,,,,,,,,11,30,,2,,,,2,,,,,,,,,,,,,,2,2,1,2,1,1,3,,57,96,1,01,4,9602,750000,66,1582.753142,
5359030,1,1,1,60,2,66,1,1,,,1,,,2,2,2,2,17,,1,,2,700000,2,,,1,300000,1,200000,2,,2,,2,,,2,,,2,,,2,,,2,,,2,,,2,,2,,2,,2,,2,,2,,,.,,,,,,,,,.,12,,,,,,,,,48,,.,48,,,1,1,,2,,2,,,,1,,,,,,,,,1,2,2,1,0,9,3,,2,,,,,,,,1,14,,,2,,,,2,,,,,,,,,,,,,,1,1,1,2,1,1,5,,54,97,1,01,3,9700,1200000,66,1189.9095874,
5359031,1,1,1,60,2,66,1,2,1,,2,4,SECRETARIA DE EDUCACION DEPARTAMENTAL,1,1,1,1,363,,2,,2,3500000,2,,,2,,2,,2,,2,,2,,,2,,,2,,,2,,,2,,,2,,,1,1750000,1,3500000,1,1750000,2,,2,,2,,,.,,,,,,,,,.,12,,,,,,,,,40,,.,40,,,9,7,,1,,1,3,1,30,1,1,,,,,,,,,1,1,1,0,60,1,,2,,,,,,,,8,8,60,,2,,,,2,,,,,,,,,,,,,,1,1,1,1,1,1,2,,13,85,1,01,2,8530,3500000,66,1638.1603786,8413
5359032,1,1,1,60,2,66,1,2,1,,1,,,1,1,1,1,5,,1,,2,877803,2,,,2,,1,200000,2,,2,,2,,,2,,,1,34600,2,2,,,2,,,2,,,2,,2,,2,,2,,2,,2,,,.,,,,,,,,,.,12,,,,,,,,,60,,.,60,,,3,8,,1,,1,1,1,1,1,1,,,,,,,,,1,1,1,0,12,8,,2,,,,,,,,3,3,5,,2,,,,2,,,,,,,,,,,,,,1,1,1,2,1,1,1,,62,01,1,01,8,0141,1077803,66,1853.3175883,
5359033,1,1,1,60,2,66,1,1,,,1,,,2,2,2,2,4,,2,,2,1100000,2,,,2,,2,,2,,2,,2,,,2,,,2,,,2,,,2,,,2,,,2,,2,,2,,2,,2,,2,,,.,,,,,,,,,.,12,,,,,,,,,50,,.,45,6,,3,4,,1,,1,1,1,98,1,1,,,,,,,,,2,2,1,0,36,4,,2,,,,,,,,2,7,20,2,2,,,,2,,,,,,,,,,,,,,1,2,1,2,1,1,3,,98,49,1,01,1,4923,1100000,66,1809.5885611,
5359034,1,1,1,60,2,66,1,1,,,1,,,1,2,2,2,436,,1,,2,700000,2,,,2,,2,,2,,2,,2,,,2,,,2,,,2,,,2,,,2,,,2,,2,,2,,2,,2,,2,,,.,,,,,,,,,.,12,,,,,,,,,48,,.,48,,,3,8,,2,,2,,,,1,,,,,,,,,1,2,2,2,,,,,2,,,,,,,,,3,20,,2,,,,2,,,,,,,,,,,,,,1,1,1,2,1,1,3,,62,01,1,01,8,0113,700000,66,1189.9095874,
5359035,1,1,1,60,2,66,1,1,,,1,,,1,2,2,2,76,,1,,2,800000,2,,,2,,2,,2,,2,,2,,,2,,,2,,,2,,,2,,,2,,,2,,2,,2,,2,,2,,2,,,.,,,,,,,,,.,12,,,,,,,,,48,,.,48,,,2,8,,2,,2,,,,1,,,,,,,,,1,2,2,1,0,12,8,,2,,,,,,,,1,3,5,,2,,,,2,,,,,,,,,,,,,,1,2,1,2,1,1,3,,62,01,1,01,8,0122,800000,66,1840.7309615,
5359035,1,2,1,60,2,66,1,1,,,1,,,2,2,2,2,24,,1,,2,400000,2,,,2,,2,,2,,2,,2,,,2,,,2,,,2,,,2,,,2,,,2,,2,,2,,2,,2,,2,,,.,,,,,,,,,.,12,,,,,,,,,48,,.,48,,,1,2,,2,,2,,,,1,,,,,,,,,1,2,2,1,0,24,8,,2,,,,,,,,1,3,10,,2,,,,2,,,,,,,,,,,,,,1,2,2,2,1,1,2,,54,97,1,01,3,9700,400000,66,1840.7309615,
5359036,1,1,1,60,2,66,2,,,,,,,,,,,360,,,,,,,,,,,,,,,,,,,,,,,,,,,,,,,,,,,,,,,,,,,,,,,7,,2,,,3,800000,1,10000000,3,,12,1,1,1,0,0,2,10,2,60,,.,60,,,2,8,,2,,1,4,2,13,1,,1,,,,,,,,2,2,1,0,60,8,,2,,,,,,,,10,3,5,,2,,,,2,,,,,,,,,,,,,,1,1,1,1,1,1,8,,61,01,1,01,5,0113,800000,66,1365.1045438,
5359036,1,3,1,60,2,66,1,2,1,,1,,,1,1,1,1,64,,1,,2,900000,2,,,2,,2,,2,,2,,2,,,1,102854,2,1,69200,2,2,,,2,,,2,,,1,450000,1,450000,1,450000,2,,2,,2,,,.,,,,,,,,,.,12,,,,,,,,,50,,.,50,,,9,7,,1,,1,1,1,7,1,1,,,,,,,,,1,1,1,2,24,1,,2,,,,,,,,1,11,30,,2,,,,2,,,,,,,,,,,,,,1,1,1,2,1,1,1,,97,01,1,01,1,0145,900000,66,1365.1045438,
5359036,1,6,1,60,2,66,1,1,,,1,,,1,2,2,2,72,,1,,2,600000,2,,,2,,2,,2,,2,,2,,,2,,,2,,,2,,,2,,,2,,,2,,2,,2,,2,,2,,2,,,.,,,,,,,,,.,12,,,,,,,,,60,,.,60,,,2,8,,2,,2,,,,1,,,,,,,,,1,2,2,2,,,,,2,,,,,,,,,3,3,,2,,,,2,,,,,,,,,,,,,,1,1,1,2,1,1,3,,62,01,1,01,8,0113,600000,66,1365.1045438,
5359038,1,1,1,60,2,66,1,1,,,1,,,1,2,2,2,300,,1,,2,800000,2,,,2,,1,200000,2,,2,,2,,,2,,,2,,,2,,,2,,,2,,,2,,2,,2,,2,,2,,2,,,.,,,,,,,,,.,12,,,,,,,,,60,,.,60,,,2,8,,2,,2,,,,1,,,,,,,,,1,2,2,1,0,60,4,,2,,,,,,,,7,3,3,,2,,,,2,,,,,,,,,,,,,,1,1,1,2,1,1,8,,62,01,1,01,8,0113,1000000,66,1888.9656312,
5359038,1,3,1,60,2,66,1,1,,,1,,,1,2,2,2,10,,1,,2,280000,2,,,2,,2,,2,,2,,2,,,2,,,2,,,2,,,2,,,2,,,2,,2,,2,,2,,2,,2,,,.,,,,,,,,,.,10,,,,,,,,,50,,.,50,,,2,8,,2,,2,,,,1,,,,,,,,,1,2,2,2,,,,,2,,,,,,,,,3,3,,2,,,,2,,,,,,,,,,,,,,1,1,1,2,1,1,3,,62,01,1,01,8,0113,280000,66,1888.9656312,
5359039,1,1,1,60,2,66,1,1,,,1,,,1,2,2,2,240,,1,,2,800000,2,,,2,,2,,2,,2,,2,,,2,,,2,,,2,,,2,,,2,,,2,,2,,2,,2,,2,,2,,,.,,,,,,,,,.,12,,,,,,,,,48,,.,48,,,2,8,,2,,2,,,,1,,,1,,,,,,,2,2,1,0,36,8,,2,,,,,,,,3,14,,,2,,,,2,,,,,,,,,,,,,,1,1,1,2,1,1,3,,62,01,1,01,8,0113,800000,66,1793.0102339,
5359041,1,1,1,60,2,66,2,,,,,,,,,,,180,,,,,,,,,,,,,,,,,,,,,,,,,,,,,,,,,,,,,,,,,,,,,,,7,,2,,,3,1000000,1,12000000,3,,12,2,,,,,2,3,2,60,,.,60,,,1,8,,2,,2,,,,1,,,,,,,,,1,2,2,1,0,60,1,,2,,,,,,,,10,3,2,,2,,,,2,,,,,,,,,,,,,,1,1,1,1,1,1,2,,61,01,1,01,4,0113,1000000,66,1959.8273567,
5359042,1,1,1,60,2,66,1,1,,,1,,,1,2,2,2,36,,1,,2,850000,2,,,2,,2,,2,,2,,2,,,2,,,2,,,2,,,2,,,2,,,2,,2,,2,,2,,2,,2,,,.,,,,,,,,,.,12,,,,,,,,,48,,.,48,,,2,8,,2,,2,,,,1,,,1,,,,,,,2,2,1,2,24,8,,2,,,,,,,,7,14,,,2,,,,2,,,,,,,,,,,,,,1,1,1,2,1,1,3,,62,01,1,01,8,0113,850000,66,1265.2709682,
5359042,1,2,1,60,2,66,1,1,,,1,,,1,2,2,2,18,,1,,2,750000,2,,,2,,2,,2,,2,,2,,,2,,,2,,,2,,,2,,,2,,,2,,2,,2,,2,,2,,2,,,.,,,,,,,,,.,12,,,,,,,,,40,,.,40,,,2,8,,2,,2,,,,1,,,1,,,,,,,2,2,2,,,,,2,,,,,,,,,14,,,2,,,,2,,,,,,,,,,,,,,1,2,1,2,1,1,3,,62,01,1,01,8,0113,750000,66,1265.2709682,
5359069,1,2,1,60,2,76,1,2,1,,2,3,,1,1,2,1,60,,2,,2,1200000,2,,,2,,2,,1,98,2,,2,,,2,,,2,,,2,,,2,,,2,,,2,,2,,2,,2,,2,,2,,,.,,,,,,,,,.,12,,,,,,,,,48,,.,40,2,,6,6,,1,,1,2,1,5,1,,,,,,,,,1,1,1,1,0,120,8,,2,,,,,,,,8,7,10,,2,,,,2,,,,,,,,,,,,,,1,1,1,2,1,1,2,,95,84,1,01,1,8412,1200000,76,7101.2327884,8412
5359069,1,4,1,60,2,76,2,,,,,,,,,,,84,,,,,,,,,,,,,,,,,,,,,,,,,,,,,,,,,,,,,,,,,,,,,,,7,,1,1,2020,2,800000,1,8000000,3,,12,2,,,,,3,6,2,66,,.,63,2,,1,7,,2,,2,,,,1,,,,,,,,,1,2,2,1,0,6,1,,2,,,,,,,,11,3,10,,2,,,,2,,,,,,,,,,,,,,1,1,1,2,2,1,3,,38,61,1,01,4,6190,800000,76,7101.2327884,
5359127,1,1,1,60,2,5,2,,,,,,,,,,,480,,,,,,,,,,,,,,,,,,,,,,,,,,,,,,,,,,,,,,,,,,,,,,,7,,1,1,2020,2,100000,1,2500000,3,,12,2,,,,,2,6,2,40,,.,40,,,1,8,,2,,2,,,,1,,,,,,,,,1,2,2,1,0,36,8,,2,,,,,,,,10,3,2,,2,,,,2,,,,,,,,,,,,,,1,1,1,2,1,1,3,,61,01,1,01,4,0123,100000,05,4116.6291501,
5359127,1,3,1,60,2,5,1,1,,,1,,,1,2,2,1,48,,1,,2,800000,2,,,2,,2,,2,,2,,2,,,2,,,2,,,2,,,2,,,2,,,2,,2,,2,,2,,2,,2,,,.,,,,,,,,,.,12,,,,,,,,,48,,.,48,,,3,8,,2,,2,,,,1,,,,,,,,,1,2,2,1,0,24,4,,2,,,,,,,,3,11,10,,2,,,,2,,,,,,,,,,,,,,1,1,1,2,2,1,3,,62,01,1,01,8,0123,800000,05,4116.6291501,
5359128,1,1,1,60,2,5,2,,,,,,,,,,,240,,,,,,,,,,,,,,,,,,,,,,,,,,,,,,,,,,,,,,,,,,,,,,,7,,2,,,2,500000,1,7200000,2,,12,2,,,,,2,1,1,50,,.,50,,,1,8,,2,,1,4,2,2,1,,1,,,,,,,,2,2,2,,,,,2,,,,,,,,,11,10,,2,,,,1,1,2,1,2,2,2,2,2,1,2,,1,1,1,2,1,2,1,2,8,,62,01,1,01,4,0123,500000,05,5204.1451961,
5359128,1,3,1,60,2,5,1,1,,,1,,,1,2,2,2,0,,1,,2,50000,2,,,2,,2,,2,,2,,2,,,2,,,2,,,2,,,2,,,2,,,2,,2,,2,,2,,2,,2,,,.,,,,,,,,,.,1,,,,,,,,,48,,.,48,,,2,8,,2,,2,,,,1,,,,,,,,,1,2,2,2,,,,,2,,,,,,,,,3,10,,2,,,,1,1,2,1,2,2,2,2,2,2,2,,2,1,1,2,1,2,2,2,3,,62,01,1,01,8,0123,50000,05,5204.1451961,
5359129,1,1,1,60,2,5,2,,,,,,,,,,,5,,,,,,,,,,,,,,,,,,,,,,,,,,,,,,,,,,,,,,,,,,,,,,,7,,2,,,2,800000,1,4500000,2,,12,2,,,,,1,3,1,60,,.,60,,,1,8,,2,,2,,,,1,,,,,,,,,1,2,2,1,0,10,8,,2,,,,,,,,5,3,10,,2,,,,1,1,2,1,2,1,2,2,2,2,2,,1,1,1,2,2,2,2,1,8,,61,01,1,01,4,0123,800000,05,5204.1451961,
5359129,1,3,1,60,2,5,1,1,,,1,,,1,2,2,2,0,,1,,2,800000,2,,,2,,2,,2,,2,,2,,,2,,,2,,,2,,,2,,,2,,,2,,2,,2,,2,,2,,2,,,.,,,,,,,,,.,12,,,,,,,,,48,,.,48,,,4,8,,2,,2,,,,1,,,,,,,,,1,2,2,1,0,5,8,,2,,,,,,,,2,3,30,,2,,,,2,,,,,,,,,,,,,,1,1,1,2,1,2,8,,62,01,1,01,8,0123,800000,05,5204.1451961,
5359130,1,1,1,60,2,5,1,2,1,,1,,,1,1,2,1,108,,1,,2,878000,2,,,2,,2,,2,,2,,2,,,2,,,1,38000,2,2,,,2,,,2,,,1,780000,2,,2,,2,,2,,2,,,.,,,,,,,,,.,12,,,,,,,,,48,,.,48,,,4,8,,1,,1,1,1,2,1,1,,,,,,,,,1,1,1,0,24,4,,2,,,,,,,,8,11,10,,2,,,,2,,,,,,,,,,,,,,1,1,1,2,1,1,1,,62,01,1,01,8,0123,878000,05,4530.538524,
5359131,1,1,1,60,2,5,1,1,,,1,,,1,2,2,1,18,,1,,2,878000,2,,,2,,2,,2,,2,,2,,,2,,,2,,,2,,,2,,,2,,,2,,2,,2,,2,,2,,2,,,.,,,,,,,,,.,12,,,,,,,,,48,,.,48,,,3,8,,2,,2,,,,1,,,,,,,,,1,2,2,1,0,60,4,,2,,,,,,,,3,11,15,,2,,,,2,,,,,,,,,,,,,,1,1,1,2,1,1,3,,62,01,1,01,8,0123,878000,05,5204.1451961,
5359132,1,1,1,60,2,5,2,,,,,,,,,,,0,,,,,,,,,,,,,,,,,,,,,,,,,,,,,,,,,,,,,,,,,,,,,,,7,,2,,,2,0,1,0,2,,2,2,,,,,1,4,2,15,2,,15,,,1,1,,11,,2,,,,1,,,,,,,,,1,2,2,1,0,2,8,,2,,,,,,,,11,14,,,2,,,,2,,,,,,,,,,,,,,1,2,2,2,2,1,8,,77,46,1,01,4,4620,0,05,3478.7836692,
5359132,1,2,1,60,2,5,2,,,,,,,,,,,180,,,,,,,,,,,,,,,,,,,,,,,,,,,,,,,,,,,,,,,,,,,,,,,6,,,,,2,800000,1,9600000,3,,12,2,,,,,2,3,2,48,,.,48,,,1,8,,2,,2,,,,1,,,,,,,,,1,2,2,2,,,,,2,,,,,,,,,3,30,,2,,,,1,1,2,1,2,2,2,2,1,1,2,,2,1,1,2,2,2,2,1,8,,61,01,1,01,4,0161,800000,05,3478.7836692,
5359132,1,3,1,60,2,5,1,1,,,1,,,1,2,2,2,60,,1,,2,200000,2,,,1,150000,2,,2,,2,,2,,,2,,,2,,,2,,,2,,,2,,,2,,2,,2,,2,,2,,2,,,.,,,,,,,,,.,12,,,,,,,,,30,2,,30,,,1,2,,2,,2,,,,1,,,,,,,,,1,2,2,2,,,,,2,,,,,,,,,3,15,,2,,,,2,,,,,,,,,,,,,,1,1,1,2,2,1,8,,54,97,1,01,3,9700,350000,05,3478.7836692,
5359133,1,1,1,60,2,5,1,1,,,1,,,1,2,2,1,24,,1,,2,700000,2,,,2,,2,,2,,2,,2,,,2,,,2,,,2,,,2,,,2,,,2,,2,,2,,2,,2,,2,,,.,,,,,,,,,.,12,,,,,,,,,48,,.,48,,,3,8,,2,,2,,,,1,,,,,,,,,1,2,2,1,0,360,4,,2,,,,,,,,8,3,35,,2,,,,2,,,,,,,,,,,,,,1,1,1,2,2,1,3,,62,01,1,01,8,0123,700000,05,4642.8351416,
5359134,1,1,1,60,2,5,1,1,,,1,,,1,2,2,2,48,,1,,2,600000,2,,,2,,2,,2,,2,,2,,,2,,,2,,,2,,,2,,,2,,,2,,2,,2,,2,,2,,2,,,.,,,,,,,,,.,12,,,,,,,,,30,2,,30,,,6,8,,2,,2,,,,1,,,,,,,,,1,2,2,1,0,2,8,,2,,,,,,,,5,3,45,,2,,,,2,,,,,,,,,,,,,,1,1,1,2,1,1,8,,62,01,1,01,8,0123,600000,05,4642.8351416,
5359135,1,1,1,60,2,5,1,1,,,1,,,1,1,2,1,60,,1,,2,800000,2,,,2,,2,,2,,2,,2,,,1,103000,2,2,,,2,,,2,,,2,,,1,800000,2,,2,,2,,2,,2,,,.,,,,,,,,,.,12,,,,,,,,,48,,.,40,2,,6,8,,1,,1,2,1,98,1,,,,,,,,,1,1,1,1,0,10,8,,2,,,,,,,,3,11,10,,2,,,,2,,,,,,,,,,,,,,1,1,2,2,2,1,8,,62,01,1,01,8,0123,800000,05,5964.7418084,
5359135,1,2,1,60,2,5,2,,,,,,,,,,,12,,,,,,,,,,,,,,,,,,,,,,,,,,,,,,,,,,,,,,,,,,,,,,,5,,,,,2,15000,1,1500000,3,,12,2,,,,,3,4,2,40,,.,40,,,1,1,,3,,2,,,,1,,,,,,,,,1,2,2,1,0,2,8,,2,,,,,,,,1,14,,,2,,,,1,1,2,1,2,1,2,2,2,2,2,,2,1,1,2,2,2,2,2,3,,45,47,1,01,4,4792,15000,05,5964.7418084,
5359135,1,3,1,60,2,5,1,1,,,1,,,1,2,2,2,2,,1,,2,800000,2,,,2,,2,,2,,2,,2,,,2,,,2,,,2,,,2,,,2,,,2,,2,,2,,2,,2,,2,,,.,,,,,,,,,.,12,,,,,,,,,48,,.,48,,,6,8,,2,,2,,,,1,,,,,,,,,1,2,2,1,0,3,8,,2,,,,,,,,1,11,10,,2,,,,2,,,,,,,,,,,,,,1,1,1,2,1,1,8,,62,01,1,01,8,0123,800000,05,5964.7418084,
5359135,1,4,1,60,2,5,1,1,,,1,,,1,2,2,2,2,,1,,2,1000000,2,,,2,,2,,2,,2,,2,,,2,,,2,,,2,,,2,,,2,,,2,,2,,2,,2,,2,,2,,,.,,,,,,,,,.,12,,,,,,,,,48,,.,48,,,6,8,,2,,2,,,,1,,,,,,,,,1,2,2,1,0,9,1,,2,,,,,,,,3,11,20,,2,,,,1,1,2,1,2,2,2,2,2,2,2,,2,1,1,2,1,2,2,1,8,,62,01,1,01,8,0123,1000000,05,5964.7418084,
5359135,1,5,1,60,2,5,1,1,,,1,,,1,2,2,2,3,,1,,2,1000000,2,,,2,,2,,2,,2,,2,,,2,,,2,,,2,,,2,,,2,,,2,,2,,2,,2,,2,,2,,,.,,,,,,,,,.,12,,,,,,,,,48,,.,48,,,6,8,,2,,2,,,,1,,,,,,,,,1,2,2,1,0,11,1,,2,,,,,,,,3,11,10,,2,,,,1,1,2,1,2,2,2,2,2,2,2,,1,1,1,2,1,2,2,1,8,,62,01,1,01,8,0123,1000000,05,5964.7418084,
5359136,1,1,1,60,2,5,1,1,,,1,,,1,2,2,1,12,,1,,2,600000,2,,,2,,2,,2,,2,,2,,,2,,,2,,,2,,,2,,,2,,,2,,2,,2,,2,,2,,2,,,.,,,,,,,,,.,12,,,,,,,,,48,,.,48,,,3,8,,2,,2,,,,1,,,,,,,,,1,2,2,1,0,72,4,,2,,,,,,,,8,3,35,,2,,,,2,,,,,,,,,,,,,,1,1,1,2,2,1,3,,62,01,1,01,8,0123,600000,05,4564.2668492,
5359136,1,3,1,60,2,5,1,1,,,1,,,2,2,2,1,36,,1,,2,700000,2,,,2,,2,,2,,2,,2,,,2,,,2,,,2,,,2,,,2,,,2,,2,,2,,2,,2,,2,,,.,,,,,,,,,.,12,,,,,,,,,48,,.,48,,,3,8,,2,,2,,,,1,,,,,,,,,1,2,2,2,,,,,2,,,,,,,,,11,20,,2,,,,2,,,,,,,,,,,,,,1,1,1,2,2,1,3,,62,01,1,01,8,0123,700000,05,4564.2668492,
5359137,1,3,1,60,2,5,1,1,,,1,,,1,2,2,1,0,,1,,2,400000,2,,,2,,2,,2,,2,,2,,,2,,,2,,,2,,,2,,,2,,,2,,2,,2,,2,,2,,2,,,.,,,,,,,,,.,12,,,,,,,,,40,,.,40,,,2,2,,2,,2,,,,1,,,,,,,,,1,2,2,1,0,60,4,,2,,,,,,,,3,11,5,,2,,,,2,,,,,,,,,,,,,,1,1,1,2,2,1,3,,95,41,1,01,1,4111,400000,05,4116.6291501,
5359138,1,1,1,60,2,5,1,2,1,,1,,,1,1,2,1,24,,1,,2,878000,2,,,2,,2,,2,,2,,2,,,2,,,1,40000,2,2,,,2,,,2,,,1,878000,2,,2,,1,500000,2,,2,,,.,,,,,,,,,.,12,,,,,,,,,48,,.,48,,,9,7,,1,,1,1,2,5,1,1,,,,,,,,,1,1,1,0,6,1,,2,,,,,,,,1,3,10,,2,,,,2,,,,,,,,,,,,,,1,1,1,2,1,1,8,,95,01,1,01,1,0123,878000,05,2805.1769971,
5359140,1,1,1,60,2,5,1,2,1,,1,,,1,1,2,1,360,,2,,2,878000,2,,,2,,2,,2,,2,,2,,,2,,,1,34000,2,2,,,2,,,2,,,1,878000,2,,2,,2,,2,,2,,,.,,,,,,,,,.,12,,,,,,,,,48,,.,40,2,,6,8,,1,,1,1,1,98,1,,,,,,,,,1,1,1,1,0,3,8,,2,,,,,,,,1,11,20,,2,,,,2,,,,,,,,,,,,,,1,1,1,2,1,1,8,,77,01,1,01,8,0144,878000,05,4380.6686402,
5359141,1,1,1,60,2,5,1,1,,,1,,,1,2,2,1,60,,1,,2,600000,2,,,2,,2,,2,,2,,2,,,2,,,2,,,2,,,2,,,2,,,2,,2,,2,,2,,2,,2,,,.,,,,,,,,,.,12,,,,,,,,,40,,.,40,,,2,8,,2,,2,,,,1,,,,,,,,,1,2,2,1,0,11,4,,2,,,,,,,,8,11,5,,2,,,,2,,,,,,,,,,,,,,1,1,1,2,2,1,3,,62,01,1,01,8,0123,600000,05,4482.8613758,
5359144,1,3,1,60,2,5,1,2,1,,1,,,1,1,2,1,24,,1,,2,878000,2,,,2,,2,,2,,2,,2,,,1,103000,2,2,,,2,,,2,,,2,,,1,678000,2,,2,,2,,2,,2,,,.,,,,,,,,,.,12,,,,,,,,,48,,.,48,,,6,8,,1,,1,1,1,2,1,1,,,,,,,,,1,1,2,,,,,2,,,,,,,,,8,30,,2,,,,2,,,,,,,,,,,,,,1,1,1,2,2,1,1,,62,01,1,01,8,0121,878000,05,4758.8168229,
5359145,1,1,1,60,2,5,2,,,,,,,,,,,364,,,,,,,,,,,,,,,,,,,,,,,,,,,,,,,,,,,,,,,,,,,,,,,7,,1,1,2020,2,800000,1,10000000,3,,12,2,,,,,1,3,2,50,,.,50,,,1,8,,2,,2,,,,1,,,,,,,,,1,2,2,2,,,,,2,,,,,,,,,3,7,,2,,,,2,,,,,,,,,,,,,,1,2,1,2,1,1,8,,62,01,1,01,4,0123,800000,05,3478.7836692,
5359146,1,1,1,60,2,5,1,1,,,1,,,1,2,2,1,48,,1,,2,200000,2,,,2,,2,,2,,2,,2,,,2,,,2,,,2,,,2,,,2,,,2,,2,,2,,2,,2,,2,,,.,,,,,,,,,.,12,,,,,,,,,40,,.,40,,,2,5,,2,,2,,,,1,,,,,,,,,1,2,2,1,0,48,1,,2,,,,,,,,1,11,25,,2,,,,2,,,,,,,,,,,,,,1,1,1,2,1,1,3,,97,47,1,01,1,4759,200000,05,4152.3903413,
5359150,1,1,1,60,2,5,2,,,,,,,,,,,600,,,,,,,,,,,,,,,,,,,,,,,,,,,,,,,,,,,,,,,,,,,,,,,6,,,,,3,680000,1,6000000,3,,12,2,,,,,2,1,2,48,,.,48,,,1,8,,2,,2,,,,1,,,,,,,,,1,2,2,1,0,6,8,,2,,,,,,,,3,3,30,,2,,,,2,,,,,,,,,,,,,,1,1,1,2,2,1,3,,62,01,1,01,4,0161,680000,05,4642.8351416,
5359153,1,1,1,60,2,5,1,1,,,1,,,1,2,2,1,360,,1,,2,878000,2,,,2,,1,60000,2,,2,,2,,,2,,,2,,,2,,,2,,,2,,,2,,2,,2,,2,,2,,2,,,.,,,,,,,,,.,12,,,,,,,,,48,,.,48,,,2,8,,2,,2,,,,1,,,,,,,,,1,2,2,1,0,26,4,,2,,,,,,,,3,3,5,,2,,,,2,,,,,,,,,,,,,,1,1,1,2,1,1,3,,62,01,1,01,8,0141,938000,05,5077.8997555,
5359155,1,1,1,60,2,5,1,1,,,1,,,1,2,2,2,2,,1,,2,880000,2,,,1,200000,1,50000,2,,2,,2,,,2,,,2,,,2,,,2,,,2,,,2,,2,,2,,2,,2,,2,,,.,,,,,,,,,.,4,,,,,,,,,48,,.,48,,,3,8,,2,,2,,,,1,,,,,,,,,1,2,2,1,2,2,1,,2,,,,,,,,1,10,5,,2,,,,2,,,,,,,,,,,,,,1,1,1,2,1,1,8,,62,01,1,01,8,0141,1130000,05,5604.1057471,
5359156,1,2,1,60,2,5,1,1,,,1,,,1,2,2,2,24,,1,,2,1000000,2,,,2,,2,,2,,2,,2,,,2,,,2,,,2,,,2,,,2,,,2,,2,,2,,2,,2,,2,,,.,,,,,,,,,.,12,,,,,,,,,48,,.,48,,,4,7,,2,,2,,,,1,,,,,,,,,1,2,2,1,0,4,1,,2,,,,,,,,3,11,30,,2,,,,2,,,,,,,,,,,,,,1,1,1,2,2,1,8,,97,10,1,01,1,1040,1000000,05,5077.8997555,
5359156,1,3,1,60,2,5,1,1,,,1,,,1,2,2,2,24,,1,,2,900000,2,,,2,,2,,2,,2,,2,,,2,,,2,,,2,,,2,,,2,,,2,,2,,2,,2,,2,,2,,,.,,,,,,,,,.,12,,,,,,,,,48,,.,48,,,9,7,,2,,2,,,,1,,,,,,,,,1,2,2,1,0,2,4,,2,,,,,,,,3,11,50,,2,,,,2,,,,,,,,,,,,,,1,1,1,2,1,2,8,,62,93,1,01,1,9329,900000,05,5077.8997555,
5359157,1,2,1,60,2,5,1,1,,,1,,,1,2,2,1,120,,1,,2,1000000,2,,,2,,1,100000,2,,2,,2,,,2,,,2,,,2,,,2,,,2,,,2,,2,,2,,2,,2,,2,,,.,,,,,,,,,.,12,,,,,,,,,48,,.,48,,,3,8,,2,,2,,,,1,,,,,,,,,1,2,2,2,,,,,2,,,,,,,,,3,2,,2,,,,2,,,,,,,,,,,,,,1,1,1,2,1,1,3,,62,01,1,01,8,0141,1100000,05,4882.2665849,
5359159,1,1,1,60,2,5,1,1,,,1,,,1,2,2,2,1,,1,,2,850000,2,,,1,200000,1,80000,2,,2,,2,,,2,,,2,,,2,,,2,,,2,,,2,,2,,2,,2,,2,,2,,,.,,,,,,,,,.,12,,,,,,,,,48,,.,48,,,2,8,,2,,2,,,,1,,,,,,,,,1,2,2,1,0,240,4,,2,,,,,,,,3,3,5,,2,,,,2,,,,,,,,,,,,,,1,1,1,2,1,1,8,,62,01,1,01,8,0141,1130000,05,5156.468048,
5359160,1,1,1,60,2,5,1,1,,,1,,,1,2,2,1,96,,1,,2,700000,2,,,2,,2,,2,,2,,2,,,2,,,2,,,2,,,2,,,2,,,2,,2,,2,,2,,2,,2,,,.,,,,,,,,,.,12,,,,,,,,,40,,.,40,,,3,8,,2,,2,,,,1,,,,,,,,,1,2,2,1,0,6,4,,2,,,,,,,,3,3,20,,2,,,,2,,,,,,,,,,,,,,1,1,1,2,2,1,3,,62,01,1,01,8,0162,700000,05,5281.671794,
5359161,1,1,1,60,2,5,2,,,,,,,,,,,36,,,,,,,,,,,,,,,,,,,,,,,,,,,,,,,,,,,,,,,,,,,,,,,7,,1,1,2020,2,125000,1,1300000,3,,12,1,1,0,1,0,2,1,2,48,,.,48,,,2,8,,2,,2,,,,1,,,,,,,,,1,2,2,1,0,48,1,,2,,,,,,,,1,3,3,,2,,,,2,,,,,,,,,,,,,,1,1,1,2,2,1,3,,62,01,1,01,4,0127,125000,05,5603.5504052,
5359161,1,2,1,60,2,5,2,,,,,,,,,,,36,,,,,,,,,,,,,,,,,,,,,,,,,,,,,,,,,,,,,,,,,,,,,,,7,,2,,,3,100000,1,1500000,3,,12,2,,,,,2,6,2,14,2,,14,,,1,8,,2,,2,,,,1,,,,,,,,,1,2,2,2,,,,,2,,,,,,,,,3,2,,2,,,,2,,,,,,,,,,,,,,1,1,1,2,2,1,3,,45,47,1,01,4,4722,100000,05,5603.5504052,
5359162,1,2,1,60,2,5,1,2,2,12,1,,,1,1,2,1,6,,1,,2,1000000,1,100000,1,2,,2,,2,,2,,2,,,1,103000,2,1,68000,2,2,,,2,,,2,,,1,400000,2,,2,,2,,2,,1,8,,,,,,,,,,,,12,,,,,,,,,48,,.,56,,,5,7,,1,,1,1,1,98,1,,,,,,,,,1,1,1,1,2,3,1,,2,,,,,,,,3,11,15,,2,,,,2,,,,,,,,,,,,,,1,1,1,2,1,1,8,,11,25,1,01,1,2592,1000000,05,5636.2127517,
5359163,1,2,1,60,2,5,1,2,1,,1,,,1,1,2,1,24,,1,,2,878000,2,,,2,,2,,2,,2,,2,,,2,,,1,34500,2,2,,,2,,,2,,,1,878000,2,,2,,2,,2,,2,,,.,,,,,,,,,.,12,,,,,,,,,48,,.,48,,,8,6,,1,,1,2,1,98,1,1,,,,,,,,,1,1,1,0,5,1,,2,,,,,,,,3,11,15,,2,,,,2,,,,,,,,,,,,,,2,2,2,2,2,2,8,,99,38,1,01,1,3811,878000,05,4256.337061,
5359164,1,1,1,60,2,5,2,,,,,,,,,,,360,,,,,,,,,,,,,,,,,,,,,,,,,,,,,,,,,,,,,,,,,,,,,,,7,,1,1,2020,2,0,1,2000000,3,,12,2,,,,,2,3,2,48,,.,48,,,1,8,,2,,2,,,,1,,,,,,,,,1,2,2,2,,,,,2,,,,,,,,,3,5,,2,,,,2,,,,,,,,,,,,,,1,1,1,2,1,1,3,,61,01,1,01,4,0127,0,05,4690.5122898,
5359165,1,1,1,60,2,5,1,1,,,1,,,1,2,2,2,2,,1,,2,768000,2,,,2,,2,,2,,2,,2,,,2,,,2,,,2,,,2,,,2,,,2,,2,,2,,2,,2,,2,,,.,,,,,,,,,.,12,,,,,,,,,48,,.,48,,,2,8,,5,,2,,,,1,,,,,,,,,1,2,2,1,3,4,1,,2,,,,,,,,3,3,30,,2,,,,2,,,,,,,,,,,,,,1,2,1,2,2,1,8,,62,01,1,01,8,0127,768000,05,5156.468048,
5359166,1,1,1,60,2,5,1,1,,,1,,,1,1,2,1,96,,1,,2,878000,2,,,2,,1,250000,2,,2,,2,,,2,,,2,,,2,,,2,,,2,,,1,750000,2,,2,,2,,2,,2,,,.,,,,,,,,,.,12,,,,,,,,,48,,.,48,,,2,8,,2,,2,,,,1,,,,,,,,,1,1,2,1,0,5,4,,2,,,,,,,,8,3,2,,2,,,,2,,,,,,,,,,,,,,1,1,1,2,1,1,1,,62,01,1,01,8,0141,1128000,05,6414.3214854,
5359168,1,1,1,60,2,5,1,1,,,1,,,1,2,2,1,60,,1,,2,878000,2,,,2,,1,90000,2,,2,,2,,,2,,,2,,,2,,,2,,,2,,,2,,2,,2,,2,,2,,2,,,.,,,,,,,,,.,12,,,,,,,,,48,,.,48,,,2,8,,2,,2,,,,1,,,,,,,,,1,2,2,2,,,,,2,,,,,,,,,3,3,,2,,,,2,,,,,,,,,,,,,,1,1,1,2,1,1,1,,62,01,1,01,8,0141,968000,05,5604.1057471,
5359169,1,1,1,60,2,5,1,2,2,6,1,,,1,1,2,1,6,,1,,2,878000,2,,,2,,2,,2,,2,,2,,,2,,,2,,,2,,,2,,,2,,,2,,2,,2,,2,,2,,2,,,.,,,,,,,,,.,8,,,,,,,,,48,,.,48,,,4,9,,1,,1,1,1,98,1,1,,,,,,,,,1,1,1,4,4,4,,2,,,,,,,,3,11,5,,2,,,,2,,,,,,,,,,,,,,1,1,1,2,1,1,8,,95,42,1,01,1,4210,878000,05,4152.3903413,
5359172,1,1,1,60,2,5,1,1,,,1,,,1,2,2,2,2,,1,,2,840000,2,,,2,,2,,2,,2,,2,,,2,,,2,,,2,,,2,,,2,,,2,,2,,2,,2,,2,,2,,,.,,,,,,,,,.,12,,,,,,,,,48,,.,48,,,6,9,,1,,2,,,,1,,,,,,,,,1,1,2,1,0,2,1,,2,,,,,,,,1,11,10,,2,,,,1,1,2,1,2,1,2,2,2,2,2,,1,1,1,1,1,2,2,1,8,,95,41,1,01,1,4112,840000,05,5672.4102802,
5359174,1,1,1,60,2,5,1,1,,,1,,,1,2,2,1,240,,1,,2,878000,2,,,2,,2,,2,,2,,2,,,2,,,2,,,2,,,2,,,2,,,2,,2,,2,,2,,2,,2,,,.,,,,,,,,,.,12,,,,,,,,,48,,.,40,2,,2,2,,5,,2,,,,1,,,,,,,,,1,2,2,2,,,,,2,,,,,,,,,2,35,,2,,,,2,,,,,,,,,,,,,,1,1,1,2,1,1,1,,95,41,1,01,1,4111,878000,05,6655.30526,
5359175,1,1,1,60,2,5,1,1,,,1,,,1,2,2,1,240,,1,,2,878000,2,,,2,,2,,2,,2,,2,,,2,,,2,,,2,,,2,,,2,,,2,,2,,2,,2,,2,,2,,,.,,,,,,,,,.,12,,,,,,,,,48,,.,48,,,2,2,,2,,2,,,,1,,,,,,,,,1,2,2,2,,,,,2,,,,,,,,,3,30,,2,,,,2,,,,,,,,,,,,,,1,1,1,2,1,1,3,,95,41,1,01,1,4111,878000,05,4152.3903413,
5359177,1,1,1,60,2,5,2,,,,,,,,,,,240,,,,,,,,,,,,,,,,,,,,,,,,,,,,,,,,,,,,,,,,,,,,,,,7,,1,1,2008,2,850000,1,10000000,3,,12,2,,,,,3,3,2,48,,.,48,,,1,7,,1,,2,,,,1,,,,,,,,,1,2,2,1,0,60,1,,2,,,,,,,,7,13,3,,2,,,,2,,,,,,,,,,,,,,1,1,2,1,1,1,8,,81,31,1,01,4,3110,850000,05,4116.6291501,
5359177,1,3,1,60,2,5,2,,,,,,,,,,,6,,,,,,,,,,,,,,,,,,,,,,,,,,,,,,,,,,,,,,,,,,,,,,,6,,,,,2,800000,1,5000000,3,,12,1,4,4,0,0,3,3,2,48,,.,48,,,3,7,,2,,2,,,,1,,,,1,,,,,,2,2,1,3,7,1,,2,,,,,,,,8,3,1,,2,,,,2,,,,,,,,,,,,,,1,1,1,2,1,1,3,,51,56,1,01,5,5619,800000,05,4116.6291501,
5359179,1,1,1,60,2,5,1,1,,,1,,,1,2,2,2,480,,1,,2,878000,2,,,2,,2,,2,,2,,2,,,2,,,2,,,2,,,2,,,2,,,1,878000,2,,2,,2,,2,,2,,,.,,,,,,,,,.,12,,,,,,,,,48,,.,48,,,2,7,,3,,2,,,,1,,,,,,,,,1,2,2,1,0,24,4,,2,,,,,,,,3,3,10,,2,,,,2,,,,,,,,,,,,,,1,1,1,2,1,1,3,,45,47,1,01,1,4723,878000,05,2276.1754461,
5359180,1,1,1,60,2,5,2,,,,,,,,,,,300,,,,,,,,,,,,,,,,,,,,,,,,,,,,,,,,,,,,,,,,,,,,,,,6,,,,,2,300000,1,4000000,1,,12,2,,,,,2,1,1,30,1,,30,,,1,2,,2,,2,,,,1,,,,,,,,,1,2,2,2,,,,,2,,,,,,,,,3,10,,1,20,1,1,1,1,2,1,2,2,2,2,2,2,2,,1,1,1,2,2,2,2,1,8,,54,81,1,01,4,8121,300000,05,3422.027745,
5359197,1,1,1,60,2,5,1,1,,,1,,,1,2,2,1,48,,1,,2,1000000,2,,,2,,2,,2,,2,,2,,,2,,,2,,,2,,,2,,,2,,,2,,2,,2,,2,,2,,2,,,.,,,,,,,,,.,12,,,,,,,,,48,,.,40,2,,2,2,,2,,2,,,,1,,,,,,,,,1,2,2,1,0,24,1,,2,,,,,,,,1,3,25,,2,,,,2,,,,,,,,,,,,,,1,1,1,2,2,1,3,,95,41,1,01,1,4111,1000000,05,2805.1769971,
5359198,1,1,1,60,2,5,2,,,,,,,,,,,480,,,,,,,,,,,,,,,,,,,,,,,,,,,,,,,,,,,,,,,,,,,,,,,7,,1,1,2020,1,2000000,1,22000000,3,,12,1,1,1,0,0,3,6,2,48,,.,48,,,2,7,,1,,1,1,2,8,1,1,,,,,,,,,2,2,1,0,120,1,,2,,,,,,,,10,3,2,,2,,,,2,,,,,,,,,,,,,,1,2,1,2,1,1,3,,45,47,1,01,5,4773,2000000,05,3512.5119944,
5359200,1,1,1,60,2,5,1,2,1,,1,,,1,1,1,1,72,,5,,2,2600000,2,,,2,,2,,2,,2,,2,,,2,,,1,35000,2,2,,,2,,,2,,,1,1300000,1,2600000,1,1300000,2,,2,,2,,,.,,,,,,,,,.,12,,,,,,,,,48,,.,48,,,9,8,,1,,1,3,1,23,1,1,,,,,,,,,1,1,1,0,120,2,,2,,,,,,,,9,11,6,,2,,,,2,,,,,,,,,,,,,,1,1,1,1,1,1,8,,13,85,1,01,2,8530,2600000,05,3947.6783947,
5359202,1,1,1,60,2,5,2,,,,,,,,,,,10,,,,,,,,,,,,,,,,,,,,,,,,,,,,,,,,,,,,,,,,,,,,,,,6,,,,,2,200000,1,2000000,3,,12,2,,,,,3,1,1,70,,.,70,,,1,4,,2,,2,,,,1,,,,,,,,,1,2,2,1,0,3,1,,2,,,,,,,,5,11,5,,2,,,,1,1,2,1,2,1,2,2,2,2,2,,2,1,1,2,1,2,1,1,8,,98,49,1,01,4,4921,200000,05,4530.538524,
5359220,1,1,1,60,2,15,2,,,,,,,,,,,540,,,,,,,,,,,,,,,,,,,,,,,,,,,,,,,,,,,,,,,,,,,,,,,7,,2,,,2,120000,1,600000,3,,12,2,,,,,1,9,2,30,2,,30,,,1,8,,2,,2,,,,1,,,1,,,,,,,2,2,2,,,,,1,15,25,4,,0,1,8,,3,5,,2,,,,2,,,,,,,,,,,,,,1,1,1,2,1,1,2,,61,01,1,01,4,0141,120000,15,831.35450656,
5359221,1,1,1,60,2,15,2,,,,,,,,,,,240,,,,,,,,,,,,,,,,,,,,,,,,,,,,,,,,,,,,,,,,,,,,,,,7,,2,,,2,0,1,98,3,,12,1,1,0,1,0,1,10,2,48,,.,48,,,2,8,,2,,2,,,,1,,,,,,,,,1,2,2,1,0,120,6,,2,,,,,,,,9,3,5,,2,,,,2,,,,,,,,,,,,,,1,2,1,2,2,1,8,,61,01,1,01,4,0113,0,15,831.35450656,
5359222,1,1,1,60,2,15,2,,,,,,,,,,,540,,,,,,,,,,,,,,,,,,,,,,,,,,,,,,,,,,,,,,,,,,,,,,,7,,2,,,2,1500000,1,5000000,3,,12,2,,,,,2,9,2,40,,.,40,,,1,8,,2,,2,,,,1,,,1,,,,,,,2,2,2,,,,,2,,,,,,,,,3,5,,2,,,,2,,,,,,,,,,,,,,1,1,1,2,1,1,2,,61,01,1,01,4,0113,1500000,15,831.35450656,
5359222,1,2,1,60,2,15,2,,,,,,,,,,,480,,,,,,,,,,,,,,,,,,,,,,,,,,,,,,,,,,,,,,,,,,,,,,,7,,2,,,2,150000,1,3500000,3,,12,1,1,1,0,0,1,9,2,40,,.,40,,,2,8,,2,,2,,,,1,,,,1,,,,,,2,2,2,,,,,2,,,,,,,,,3,10,,2,,,,2,,,,,,,,,,,,,,1,1,1,2,1,1,2,,61,01,1,01,5,0141,150000,15,831.35450656,
5359222,1,3,1,60,2,15,1,1,,,1,,,1,2,2,2,360,,1,,2,100000,2,,,2,,2,,2,,2,,2,,,2,,,2,,,2,,,2,,,2,,,2,,2,,2,,2,,2,,2,,,.,,,,,,,,,.,12,,,,,,,,,20,2,,20,,,2,8,,2,,2,,,,1,,,1,,,,,,,2,2,2,,,,,2,,,,,,,,,3,2,,2,,,,2,,,,,,,,,,,,,,1,1,1,2,1,1,2,,62,01,1,01,1,0141,100000,15,831.35450656,
5359223,1,1,1,60,2,15,2,,,,,,,,,,,216,,,,,,,,,,,,,,,,,,,,,,,,,,,,,,,,,,,,,,,,,,,,,,,7,,2,,,2,0,1,98,3,,12,2,,,,,1,3,2,40,,.,40,,,1,8,,2,,2,,,,1,,,,,,,,,1,2,2,1,0,24,4,,2,,,,,,,,10,3,20,,2,,,,2,,,,,,,,,,,,,,1,2,1,2,2,1,8,,61,01,1,01,4,0113,0,15,831.35450656,
5359224,1,1,1,60,2,15,2,,,,,,,,,,,300,,,,,,,,,,,,,,,,,,,,,,,,,,,,,,,,,,,,,,,,,,,,,,,6,,,,,2,830000,1,7500000,3,,12,2,,,,,3,3,2,50,,.,34,6,,1,8,,2,,2,,,,1,,,1,,,,,,,2,2,2,,,,,2,,,,,,,,,11,30,1,2,,,,2,,,,,,,,,,,,,,1,2,1,2,2,1,2,,62,01,1,01,4,0161,830000,15,796.26692861,
5359225,1,4,1,60,2,15,1,2,2,48,1,,,1,2,2,2,12,,,,,,,,,,,,,,,,,,,,,,,,,,,,,,,,,,,,,,,,,,,,,,,1,,,,,3,1800000,1,21600000,3,,12,2,,,,,1,11,2,48,,.,48,,,8,7,,1,,1,2,2,2,1,1,,,,,,,,,1,2,1,0,120,6,,1,15,10,4,,250000,1,8,10,11,20,,2,,,,2,,,,,,,,,,,,,,1,1,1,2,1,1,5,,20,84,1,01,4,8412,2050000,15,3741.0952795,
5359226,1,1,1,60,2,15,2,,,,,,,,,,,240,,,,,,,,,,,,,,,,,,,,,,,,,,,,,,,,,,,,,,,,,,,,,,,7,,2,,,2,0,1,5000000,3,,12,1,5,5,0,0,2,9,2,40,,.,40,,,4,8,,2,,2,,,,1,,,1,,,,,,,2,2,1,2,12,4,,2,,,,,,,,10,3,2,,2,,,,2,,,,,,,,,,,,,,1,2,1,2,1,1,2,,61,01,1,01,5,0113,0,15,3741.0952795,
5359226,1,2,1,60,2,15,1,2,2,48,1,,,1,2,2,2,12,,,,,,,,,,,,,,,,,,,,,,,,,,,,,,,,,,,,,,,,,,,,,,,1,,,,,3,1800000,1,21600000,3,,12,2,,,,,1,11,2,40,,.,40,,,8,7,,1,,1,2,2,1,1,1,,1,,,,,,,1,2,1,0,120,4,,1,15,20,4,,80000,1,8,8,8,20,,2,,,,2,,,,,,,,,,,,,,1,1,1,2,1,1,2,,20,84,1,01,4,8412,1880000,15,3741.0952795,
5359227,1,1,1,60,2,15,2,,,,,,,,,,,240,,,,,,,,,,,,,,,,,,,,,,,,,,,,,,,,,,,,,,,,,,,,,,,7,,2,,,2,0,1,98,3,,12,1,2,0,0,2,2,6,2,56,,.,56,,,2,8,,2,,2,,,,1,,,,,,,,,1,2,2,1,0,180,4,,2,,,,,,,,3,3,5,,2,,,,2,,,,,,,,,,,,,,1,2,1,2,2,1,8,,61,01,1,01,4,0141,0,15,831.35450656,
5359227,1,2,1,60,2,15,2,,,,,,,,,,,240,,,,,,,,,,,,,,,,,,,,,,,,,,,,,,,,,,,,,,,,,,,,,,,,.,,,,,,,,,.,12,,,,,,,,,10,2,,10,,,2,8,,2,,2,,,,1,,,,,,,,,1,2,2,2,,,,,2,,,,,,,,,3,10,,2,,,,2,,,,,,,,,,,,,,1,2,1,2,2,1,3,,62,01,1,01,6,0141,,15,831.35450656,
5359227,1,3,1,60,2,15,2,,,,,,,,,,,84,,,,,,,,,,,,,,,,,,,,,,,,,,,,,,,,,,,,,,,,,,,,,,,,.,,,,,,,,,.,12,,,,,,,,,10,2,,10,,,2,8,,2,,2,,,,1,,,,,,,,,1,2,2,2,,,,,2,,,,,,,,,3,5,,2,,,,2,,,,,,,,,,,,,,1,2,1,2,1,1,3,,62,01,1,01,6,0141,,15,831.35450656,
5359228,1,1,1,60,2,15,1,2,1,,1,,,1,2,2,2,21,,1,,2,860000,2,,,2,,1,400000,2,,2,,2,,,2,,,2,,,2,,,2,,,2,,,2,,2,,2,,2,,2,,2,,,.,,,,,,,,,.,12,,,,,,,,,56,,.,56,,,2,8,,2,,2,,,,1,,,,,,,,,1,2,2,1,4,24,1,,2,,,,,,,,2,3,2,,2,,,,2,,,,,,,,,,,,,,1,1,1,2,1,1,8,,60,01,1,01,1,0141,1260000,15,831.35450656,
5359228,1,2,1,60,2,15,2,,,,,,,,,,,21,,,,,,,,,,,,,,,,,,,,,,,,,,,,,,,,,,,,,,,,,,,,,,,,.,,,,,,,,,.,12,,,,,,,,,14,2,,14,,,2,8,,2,,2,,,,1,,,,,,,,,1,2,2,1,4,24,7,,2,,,,,,,,9,3,5,,2,,,,1,1,1,1,2,2,2,1,2,2,2,,2,2,1,2,1,2,1,1,3,,62,01,1,01,7,0141,,15,831.35450656,
5359229,1,1,1,60,2,15,1,2,1,,1,,,1,2,2,2,1,,1,,1,1000000,2,,,2,,2,,2,,2,,2,,,2,,,2,,,2,,,2,,,2,,,2,,2,,2,,2,,2,,2,,,.,,,,,,,,,.,12,,,,,,,,,60,,.,60,,,2,8,,2,,2,,,,1,,,1,,,,,,,2,2,1,0,6,1,,2,,,,,,,,1,3,5,,2,,,,2,,,,,,,,,,,,,,1,1,1,2,1,1,2,,60,01,1,01,1,0141,1000000,15,3741.0952795,
5359230,1,1,1,60,2,15,2,,,,,,,,,,,500,,,,,,,,,,,,,,,,,,,,,,,,,,,,,,,,,,,,,,,,,,,,,,,6,,,,,2,150000,1,2000000,3,,12,2,,,,,2,9,2,24,2,,16,6,,1,8,,2,,2,,,,1,,,,,,,,,1,2,2,2,,,,,2,,,,,,,,,3,15,2,2,,,,2,,,,,,,,,,,,,,1,2,2,2,1,1,2,,61,01,1,01,4,0113,150000,15,831.35450656,
5359233,1,2,1,60,2,15,2,,,,,,,,,,,240,,,,,,,,,,,,,,,,,,,,,,,,,,,,,,,,,,,,,,,,,,,,,,,7,,2,,,2,400000,1,4800000,3,,12,2,,,,,1,10,2,14,2,,14,,,1,8,,3,,2,,,,1,,,,,,,,,1,2,2,2,,,,,2,,,,,,,,,3,10,,2,,,,2,,,,,,,,,,,,,,1,2,1,2,1,1,3,,62,01,1,01,4,0141,400000,15,831.35450656,
5359234,1,1,1,60,2,15,2,,,,,,,,,,,120,,,,,,,,,,,,,,,,,,,,,,,,,,,,,,,,,,,,,,,,,,,,,,,7,,2,,,2,300000,1,3600000,3,,12,1,2,0,0,2,1,10,2,40,,.,40,,,2,8,,2,,2,,,,1,,,,,,,,,1,2,2,1,0,120,4,,1,15,10,4,,0,2,8,3,3,10,,2,,,,2,,,,,,,,,,,,,,1,2,1,2,1,1,8,,61,01,1,01,4,0141,300000,15,3741.0952795,
5359234,1,2,1,60,2,15,2,,,,,,,,,,,120,,,,,,,,,,,,,,,,,,,,,,,,,,,,,,,,,,,,,,,,,,,,,,,,.,,,,,,,,,.,12,,,,,,,,,10,2,,10,,,2,8,,2,,2,,,,1,,,,,,,,,1,2,2,2,,,,,2,,,,,,,,,3,5,,2,,,,2,,,,,,,,,,,,,,1,2,1,2,1,1,3,,62,01,1,01,6,0141,,15,3741.0952795,
5359234,1,3,1,60,2,15,2,,,,,,,,,,,84,,,,,,,,,,,,,,,,,,,,,,,,,,,,,,,,,,,,,,,,,,,,,,,,.,,,,,,,,,.,12,,,,,,,,,48,,.,48,,,2,8,,2,,2,,,,1,,,,,,,,,1,2,2,2,,,,,2,,,,,,,,,3,2,,2,,,,2,,,,,,,,,,,,,,1,2,1,2,1,1,5,,62,01,1,01,6,0113,,15,3741.0952795,
5359234,1,4,1,60,2,15,2,,,,,,,,,,,24,,,,,,,,,,,,,,,,,,,,,,,,,,,,,,,,,,,,,,,,,,,,,,,,.,,,,,,,,,.,12,,,,,,,,,10,2,,10,,,2,8,,2,,2,,,,1,,,,,,,,,1,2,2,1,6,12,1,,2,,,,,,,,9,3,5,,2,,,,2,,,,,,,,,,,,,,1,2,1,2,1,1,3,,62,01,1,01,6,0141,,15,3741.0952795,
5359236,1,1,1,60,2,15,2,,,,,,,,,,,480,,,,,,,,,,,,,,,,,,,,,,,,,,,,,,,,,,,,,,,,,,,,,,,6,,,,,2,600000,1,7000000,3,,12,2,,,,,3,11,2,40,,.,23,6,,1,8,,2,,2,,,,1,,,,,,,,,1,2,2,2,,,,,2,,,,,,,,,3,40,1,2,,,,2,,,,,,,,,,,,,,1,2,1,2,2,1,3,,61,01,1,01,4,0111,600000,15,796.26692861,
5359237,1,1,1,60,2,15,1,1,,,1,,,2,2,2,2,24,,1,,2,800000,2,,,2,,2,,2,,2,,2,,,2,,,2,,,2,,,2,,,2,,,2,,2,,2,,2,,2,,2,,,.,,,,,,,,,.,12,,,,,,,,,28,2,,28,,,2,8,,2,,2,,,,1,,,,,,,,,1,2,2,1,0,12,4,,2,,,,,,,,3,3,45,,2,,,,1,1,1,1,2,1,2,2,2,2,2,,2,1,2,2,1,2,2,1,8,,62,01,1,01,1,0121,800000,15,796.26692861,
5359238,1,1,1,60,2,15,2,,,,,,,,,,,60,,,,,,,,,,,,,,,,,,,,,,,,,,,,,,,,,,,,,,,,,,,,,,,7,,1,1,2020,2,1000000,1,12000000,3,,12,2,,,,,2,4,2,48,,.,10,6,,1,8,,2,,2,,,,1,,,,,,,,,1,2,2,2,,,,,2,,,,,,,,,11,35,1,2,,,,2,,,,,,,,,,,,,,1,2,2,2,2,1,8,,06,75,1,01,4,7500,1000000,15,831.35450656,
5359240,1,1,1,60,2,15,2,,,,,,,,,,,336,,,,,,,,,,,,,,,,,,,,,,,,,,,,,,,,,,,,,,,,,,,,,,,6,,,,,2,260000,1,3000000,3,,12,2,,,,,2,1,2,24,1,,24,,,1,8,,2,,2,,,,1,,,1,,,,,,,2,2,2,,,,,2,,,,,,,,,3,20,,1,24,2,1,2,,,,,,,,,,,,,,2,2,2,2,1,1,2,,62,01,1,01,4,0161,260000,15,831.35450656,
5359240,1,3,1,60,2,15,1,1,,,1,,,1,2,2,2,3,,1,,2,700000,2,,,2,,2,,2,,2,,2,,,2,,,2,,,2,,,2,,,2,,,2,,2,,2,,2,,2,,2,,,.,,,,,,,,,.,12,,,,,,,,,48,,.,48,,,4,7,,2,,2,,,,1,,,1,,,,,,,2,2,1,0,12,4,,2,,,,,,,,8,11,20,,2,,,,2,,,,,,,,,,,,,,1,1,1,2,2,1,2,,62,01,1,01,1,0113,700000,15,831.35450656,
5359241,1,1,1,60,2,15,2,,,,,,,,,,,36,,,,,,,,,,,,,,,,,,,,,,,,,,,,,,,,,,,,,,,,,,,,,,,7,,2,,,2,400000,1,4800000,3,,12,1,1,0,0,1,1,3,2,21,2,,21,,,2,8,,2,,2,,,,1,,,,,,,,,1,2,2,1,0,240,4,,2,,,,,,,,9,3,5,,2,,,,2,,,,,,,,,,,,,,1,2,1,2,1,1,8,,61,01,1,01,4,0141,400000,15,831.35450656,
5359241,1,2,1,60,2,15,2,,,,,,,,,,,36,,,,,,,,,,,,,,,,,,,,,,,,,,,,,,,,,,,,,,,,,,,,,,,,.,,,,,,,,,.,12,,,,,,,,,14,2,,14,,,2,8,,2,,2,,,,1,,,,,,,,,1,2,2,2,,,,,2,,,,,,,,,3,10,,2,,,,2,,,,,,,,,,,,,,1,2,1,2,1,1,3,,62,01,1,01,6,0141,,15,831.35450656,
5359241,1,3,1,60,2,15,2,,,,,,,,,,,12,,,,,,,,,,,,,,,,,,,,,,,,,,,,,,,,,,,,,,,,,,,,,,,6,,,,,3,240000,1,2880000,3,,12,2,,,,,2,3,2,48,,.,0,6,,1,8,,2,,2,,,,1,,,,,,,,,1,2,2,2,,,,,2,,,,,,,,,3,20,1,2,,,,2,,,,,,,,,,,,,,1,2,1,2,2,1,3,,61,01,1,01,4,0161,240000,15,831.35450656,
5359243,1,1,1,60,2,15,2,,,,,,,,,,,1,,,,,,,,,,,,,,,,,,,,,,,,,,,,,,,,,,,,,,,,,,,,,,,6,,,,,2,300000,1,300000,3,,12,2,,,,,2,1,1,36,1,,24,6,,1,8,,2,,2,,,,1,,,,,,,,,1,2,2,1,0,36,1,,2,,,,,,,,1,11,15,1,1,24,2,1,2,,,,,,,,,,,,,,1,2,2,2,2,1,5,,61,01,1,01,4,0113,300000,15,831.35450656,
5359244,1,1,1,60,2,15,2,,,,,,,,,,,60,,,,,,,,,,,,,,,,,,,,,,,,,,,,,,,,,,,,,,,,,,,,,,,7,,2,,,2,100000,1,1500000,3,,12,2,,,,,3,1,2,30,2,,30,,,1,8,,2,,2,,,,1,,,,,,,,,1,2,2,1,0,400,4,,2,,,,,,,,11,3,2,,2,,,,2,,,,,,,,,,,,,,1,1,1,2,1,1,2,,61,01,1,01,4,0149,100000,15,831.35450656,
5359244,1,2,1,60,2,15,2,,,,,,,,,,,120,,,,,,,,,,,,,,,,,,,,,,,,,,,,,,,,,,,,,,,,,,,,,,,7,,2,,,2,200000,1,2000000,3,,12,2,,,,,3,7,2,50,,.,50,,,1,7,,2,,2,,,,1,,,1,,,,,,,2,2,2,,,,,2,,,,,,,,,3,2,,2,,,,2,,,,,,,,,,,,,,1,1,1,2,1,1,2,,41,47,1,01,4,4719,200000,15,831.35450656,
5359245,1,2,1,60,2,15,2,,,,,,,,,,,5,,,,,,,,,,,,,,,,,,,,,,,,,,,,,,,,,,,,,,,,,,,,,,,6,,,,,3,560000,1,6700000,1,,5,2,,,,,2,1,2,36,2,,40,,,1,8,,9,,2,,,,1,,,,,,,,,1,2,2,1,24,23,1,,2,,,,,,,,1,3,65,,2,,,,1,1,1,1,2,1,2,2,1,1,2,,1,1,2,2,2,2,1,2,8,,61,01,1,01,4,0161,560000,15,796.26692861,
5359246,1,3,1,60,2,15,1,2,1,,1,,,1,1,1,1,24,,2,,2,1200000,2,,,2,,2,,2,,2,,2,,,2,,,2,,,2,,,2,,,2,,,1,600000,1,600000,1,600000,2,,2,,2,,,.,,,,,,,,,.,12,,,,,,,,,48,,.,48,,,9,4,,1,,1,1,1,4,1,1,,,,,,,,,1,1,1,2,16,1,,2,,,,,,,,3,11,30,,2,,,,1,1,1,1,1,2,2,2,2,2,2,,1,1,1,2,2,2,2,1,2,,98,86,1,01,1,8699,1200000,15,796.26692861,
5359246,1,4,1,60,2,15,1,2,2,6,1,,,1,2,2,2,6,,1,,2,877700,2,,,2,,2,,2,,2,,2,,,2,,,2,,,2,,,2,,,2,,,2,,2,,2,,2,,2,,2,,,.,,,,,,,,,.,6,,,,,,,,,40,,.,40,,,9,7,,1,,1,1,2,0,1,1,,,,,,,,,1,2,2,,,,,2,,,,,,,,,1,30,,2,,,,2,,,,,,,,,,,,,,1,2,1,2,2,1,3,,32,81,1,01,1,8121,877700,15,796.26692861,
5359249,1,1,1,60,2,15,2,,,,,,,,,,,400,,,,,,,,,,,,,,,,,,,,,,,,,,,,,,,,,,,,,,,,,,,,,,,6,,,,,2,,1,98,3,,12,2,,,,,3,10,2,50,,.,50,,,1,8,,2,,2,,,,1,,,,,,,,,1,2,2,2,,,,,2,,,,,,,,,3,15,,2,,,,2,,,,,,,,,,,,,,1,2,1,2,2,1,8,,61,01,1,01,4,0121,,15,3142.6364947,
5359270,1,1,1,60,2,15,1,2,2,3,1,,,2,1,1,1,15,,1,,2,1000000,2,,,2,,2,,2,,2,,2,,,2,,,2,,,2,,,2,,,2,,,1,500000,1,500000,1,500000,2,,2,,2,,,.,,,,,,,,,.,12,,,,,,,,,60,,.,60,,,2,7,,2,,2,,,,1,,,1,,,,,,,2,2,1,12,6,1,,2,,,,,,,,1,3,5,,2,,,,2,,,,,,,,,,,,,,1,2,1,2,2,1,2,,59,47,1,01,1,4773,1000000,15,796.26692861,
5359271,1,1,1,60,2,15,2,,,,,,,,,,,75,,,,,,,,,,,,,,,,,,,,,,,,,,,,,,,,,,,,,,,,,,,,,,,7,,2,,,2,350000,1,98,3,,12,2,,,,,3,5,1,36,2,,18,6,,1,7,,2,,2,,,,1,,,,,,,,,1,2,2,1,3,360,4,,2,,,,,,,,2,3,1,1,2,,,,1,1,2,1,2,2,2,2,1,2,2,,2,1,2,2,1,2,2,2,5,,41,47,1,01,4,4724,350000,15,796.26692861,
5359272,1,1,1,60,2,15,2,,,,,,,,,,,36,,,,,,,,,,,,,,,,,,,,,,,,,,,,,,,,,,,,,,,,,,,,,,,7,,1,1,2019,2,500000,4,98,3,,12,2,,,,,3,1,1,36,2,,24,6,,1,7,,2,,2,,,,1,,,,,,,,,1,2,2,2,,,,,2,,,,,,,,,3,1,1,2,,,,2,,,,,,,,,,,,,,1,2,1,2,2,2,3,,41,47,1,01,4,4724,500000,15,796.26692861,
5359274,1,1,1,60,2,15,2,,,,,,,,,,,18,,,,,,,,,,,,,,,,,,,,,,,,,,,,,,,,,,,,,,,,,,,,,,,6,,,,,2,800000,1,98,3,,12,2,,,,,2,1,1,40,,.,40,,,1,8,,2,,2,,,,1,,,,,,,,,1,2,2,1,0,11,1,,2,,,,,,,,1,3,15,,2,,,,1,1,1,1,2,2,2,2,2,2,2,,1,1,2,2,2,2,2,2,8,,61,01,1,01,4,0161,800000,15,796.26692861,
5359274,1,2,1,60,2,15,2,,,,,,,,,,,7,,,,,,,,,,,,,,,,,,,,,,,,,,,,,,,,,,,,,,,,,,,,,,,6,,,,,3,600000,1,4900000,3,,12,2,,,,,2,1,1,14,1,,15,,,1,7,,10,,2,,,,1,,,1,,,,,,,2,2,1,0,6,1,,2,,,,,,,,3,3,5,,2,,,,1,1,1,1,2,1,2,2,1,1,2,,1,1,2,2,1,2,2,2,6,,61,01,1,01,4,0161,600000,15,796.26692861,
5359275,1,1,1,60,2,15,1,1,,,1,,,1,2,2,2,86,,1,,2,877700,2,,,2,,2,,2,,2,,2,,,2,,,2,,,2,,,2,,,2,,,2,,2,,2,,2,,2,,2,,,.,,,,,,,,,.,12,,,,,,,,,48,,.,48,,,3,7,,1,,1,1,1,98,1,,,1,,,,,,,2,2,1,4,16,1,,2,,,,,,,,1,3,5,,2,,,,2,,,,,,,,,,,,,,1,2,1,2,1,1,2,,77,10,1,01,1,1081,877700,15,2954.9273484,
5359275,1,2,1,60,2,15,1,1,,,1,,,1,2,2,2,56,,1,,2,630000,2,,,2,,2,,2,,2,,2,,,2,,,2,,,2,,,2,,,2,,,2,,2,,2,,2,,2,,2,,,.,,,,,,,,,.,12,,,,,,,,,50,,.,50,,,3,7,,3,,2,,,,1,,,1,,,,,,,2,2,2,,,,,2,,,,,,,,,3,5,,2,,,,2,,,,,,,,,,,,,,1,2,1,2,1,2,2,,45,10,1,01,1,1081,630000,15,2954.9273484,
5359275,1,3,1,60,2,15,1,1,,,1,,,1,2,2,2,25,,1,,2,630000,2,,,2,,2,,2,,2,,2,,,2,,,2,,,2,,,2,,,2,,,2,,2,,2,,2,,2,,2,,,.,,,,,,,,,.,12,,,,,,,,,50,,.,50,,,3,7,,2,,2,,,,1,,,1,,,,,,,2,2,1,2,45,4,,2,,,,,,,,9,3,5,,2,,,,2,,,,,,,,,,,,,,1,2,1,2,1,1,2,,45,10,1,01,1,1081,630000,15,2954.9273484,
5359275,1,4,1,60,2,15,2,,,,,,,,,,,120,,,,,,,,,,,,,,,,,,,,,,,,,,,,,,,,,,,,,,,,,,,,,,,7,,1,1,2020,1,,1,99,3,,12,1,3,3,0,0,3,3,2,50,,.,50,,,3,7,,1,,1,2,2,98,1,,1,,,,,,,,1,2,1,5,23,1,,2,,,,,,,,1,3,5,,2,,,,2,,,,,,,,,,,,,,1,2,1,1,1,1,2,,21,10,1,01,5,1081,,15,2954.9273484,
5359289,1,1,1,60,2,15,2,,,,,,,,,,,15,,,,,,,,,,,,,,,,,,,,,,,,,,,,,,,,,,,,,,,,,,,,,,,6,,,,,2,700000,1,98,3,,12,2,,,,,3,1,1,50,,.,50,,,1,8,,2,,2,,,,1,,,1,,,,,,,2,2,1,0,12,1,,2,,,,,,,,7,3,40,,2,,,,2,,,,,,,,,,,,,,1,2,1,2,2,1,2,,61,01,1,01,4,0161,700000,15,796.26692861,
5359295,1,1,1,60,2,15,1,1,,,1,,,2,2,2,2,3,,1,,2,450000,2,,,1,180000,2,,2,,2,,2,,,2,,,2,,,2,,,2,,,2,,,2,,2,,2,,2,,2,,2,,,.,,,,,,,,,.,11,,,,,,,,,36,2,,30,6,,3,8,,2,,2,,,,1,,,,,,,,,1,2,2,1,1,38,4,,1,15,8,4,,250000,1,8,3,11,30,1,2,,,,2,,,,,,,,,,,,,,1,2,1,2,2,2,3,,62,01,1,01,8,0113,880000,15,3583.2011787,
5359301,1,2,1,60,2,15,1,1,,,1,,,2,2,2,2,26,,1,,2,400000,2,,,2,,2,,2,,2,,2,,,2,,,2,,,2,,,2,,,2,,,2,,2,,2,,2,,2,,2,,,.,,,,,,,,,.,12,,,,,,,,,36,2,,36,,,2,7,,2,,2,,,,1,,,,,,,,,1,2,2,2,,,,,2,,,,,,,,,3,45,,2,,,,1,1,2,1,2,2,2,2,1,1,2,,1,1,2,2,2,2,2,2,3,,53,56,1,01,1,5611,400000,15,796.26692861,
5359301,1,3,1,60,2,15,2,,,,,,,,,,,120,,,,,,,,,,,,,,,,,,,,,,,,,,,,,,,,,,,,,,,,,,,,,,,6,,,,,2,550000,1,6600000,2,,12,2,,,,,2,1,1,40,,.,40,,,1,8,,2,,2,,,,1,,,,,,,,,1,2,2,1,0,24,1,,2,,,,,,,,1,3,50,,2,,,,1,1,2,2,2,2,2,2,1,1,2,,2,1,2,2,1,2,2,1,3,,62,01,1,01,4,0161,550000,15,796.26692861,
5359301,1,4,1,60,2,15,1,1,,,1,,,2,2,2,2,24,,1,,2,160000,2,,,2,,2,,2,,2,,2,,,2,,,2,,,2,,,2,,,2,,,2,,2,,2,,2,,2,,2,,,.,,,,,,,,,.,12,,,,,,,,,24,2,,24,,,2,8,,2,,2,,,,1,,,,,,,,,1,2,2,2,,,,,2,,,,,,,,,3,60,,2,,,,2,,,,,,,,,,,,,,1,2,1,2,2,1,3,,62,01,1,01,1,0141,160000,15,796.26692861,
5359302,1,3,1,60,2,15,2,,,,,,,,,,,12,,,,,,,,,,,,,,,,,,,,,,,,,,,,,,,,,,,,,,,,,,,,,,,6,,,,,2,500000,1,98,3,,12,2,,,,,3,1,1,42,,.,42,,,1,8,,4,,2,,,,1,,,1,,,,,,,2,2,1,0,24,1,,2,,,,,,,,13,3,20,,2,,,,2,,,,,,,,,,,,,,2,2,1,2,2,1,2,,61,01,1,01,4,0161,500000,15,796.26692861,
5359303,1,1,1,60,2,15,2,,,,,,,,,,,140,,,,,,,,,,,,,,,,,,,,,,,,,,,,,,,,,,,,,,,,,,,,,,,6,,,,,2,700000,1,8400000,2,,12,2,,,,,2,1,1,47,,.,36,6,,1,8,,2,,2,,,,1,,,,,,,,,1,2,2,2,,,,,2,,,,,,,,,3,60,1,2,,,,1,1,1,1,2,1,2,2,1,1,2,,1,1,2,2,2,2,2,2,3,,62,01,1,01,4,0161,700000,15,3583.2011787,
5359305,1,2,1,60,2,15,1,2,2,12,1,,,1,1,1,1,84,,2,,2,1300000,2,,,2,,2,,2,,2,,2,,,1,107000,2,1,54000,2,2,,,2,,,2,,,1,650000,1,650000,1,650000,2,,2,,2,,,.,,,,,,,,,.,12,,,,,,,,,40,,.,40,,,9,7,,1,,1,1,1,7,1,1,,,,,,,,,1,1,2,,,,,2,,,,,,,,,8,40,,2,,,,2,,,,,,,,,,,,,,1,1,1,2,1,1,1,,33,64,1,01,1,6412,1300000,15,796.26692861,
5359305,1,3,1,60,2,15,2,,,,,,,,,,,140,,,,,,,,,,,,,,,,,,,,,,,,,,,,,,,,,,,,,,,,,,,,,,,6,,,,,2,1000000,1,98,3,,12,2,,,,,3,3,2,50,,.,30,6,,1,2,,3,,2,,,,1,,,1,,,,,,,2,2,1,0,12,1,,2,,,,,,,,1,8,40,1,2,,,,2,,,,,,,,,,,,,,1,2,1,2,2,1,2,,95,41,1,01,4,4111,1000000,15,796.26692861,
5359307,1,2,1,60,2,15,2,,,,,,,,,,,390,,,,,,,,,,,,,,,,,,,,,,,,,,,,,,,,,,,,,,,,,,,,,,,7,,2,,,2,3000000,1,98,3,,12,1,9,8,1,0,3,1,2,40,,.,40,,,4,8,,1,,2,,,,1,,,,,,,,,1,2,2,1,0,8,2,,2,,,,,,,,2,11,30,,2,,,,1,1,1,2,2,2,2,2,1,2,2,,2,1,2,2,1,2,2,2,2,,61,01,1,01,5,0141,3000000,15,796.26692861,
5359311,1,2,1,60,2,15,2,,,,,,,,,,,180,,,,,,,,,,,,,,,,,,,,,,,,,,,,,,,,,,,,,,,,,,,,,,,6,,,,,2,450000,1,98,3,,12,2,,,,,2,1,2,20,2,,20,,,1,8,,2,,2,,,,1,,,,,,,,,1,2,2,1,0,24,1,,2,,,,,,,,1,11,15,,2,,,,2,,,,,,,,,,,,,,1,1,1,2,2,1,6,,61,01,1,01,4,0161,450000,15,796.26692861,
5359312,1,2,1,60,2,15,2,,,,,,,,,,,30,,,,,,,,,,,,,,,,,,,,,,,,,,,,,,,,,,,,,,,,,,,,,,,7,,2,,,2,800000,1,98,3,,12,2,,,,,3,3,2,40,,.,40,,,1,8,,2,,2,,,,1,,,,,,,,,1,2,2,1,0,36,4,,2,,,,,,,,3,3,3,,2,,,,1,1,1,1,2,2,2,2,1,1,2,,1,1,2,2,1,2,2,2,3,,62,01,1,01,4,0141,800000,15,796.26692861,
5359316,1,1,1,60,2,15,2,,,,,,,,,,,240,,,,,,,,,,,,,,,,,,,,,,,,,,,,,,,,,,,,,,,,,,,,,,,6,,,,,2,500000,1,7000000,3,,12,2,,,,,2,1,1,40,,.,40,,,1,8,,2,,2,,,,1,,,,,,,,,1,2,2,2,,,,,2,,,,,,,,,11,24,,2,,,,2,,,,,,,,,,,,,,1,2,1,2,2,1,2,,61,01,1,01,4,0113,500000,15,3583.2011787,
5359316,1,2,1,60,2,15,2,,,,,,,,,,,36,,,,,,,,,,,,,,,,,,,,,,,,,,,,,,,,,,,,,,,,,,,,,,,7,,2,,,2,250000,1,98,3,,12,2,,,,,3,1,1,35,2,,36,,,1,7,,10,,2,,,,1,,,,,,,,,1,2,2,2,,,,,2,,,,,,,,,3,1,,2,,,,2,,,,,,,,,,,,,,1,2,2,2,2,2,4,,41,47,1,01,4,4711,250000,15,3583.2011787,
5359317,1,1,1,60,2,15,2,,,,,,,,,,,255,,,,,,,,,,,,,,,,,,,,,,,,,,,,,,,,,,,,,,,,,,,,,,,6,,,,,2,870000,1,9000000,3,,12,2,,,,,3,1,1,48,,.,48,,,1,8,,2,,2,,,,1,,,,,,,,,1,2,2,1,0,46,6,,2,,,,,,,,9,3,20,,2,,,,2,,,,,,,,,,,,,,1,2,2,2,1,2,5,,62,01,1,01,4,0161,870000,15,796.26692861,
5359318,1,1,1,60,2,15,2,,,,,,,,,,,14,,,,,,,,,,,,,,,,,,,,,,,,,,,,,,,,,,,,,,,,,,,,,,,6,,,,,2,600000,1,7500000,3,,12,2,,,,,2,1,1,24,2,,25,,,1,8,,2,,2,,,,1,,,,,,,,,1,2,2,1,0,36,1,,2,,,,,,,,2,11,35,,2,,,,2,,,,,,,,,,,,,,1,2,1,2,2,2,3,,61,01,1,01,4,0161,600000,15,1404.8247109,
5359318,1,3,1,60,2,15,2,,,,,,,,,,,28,,,,,,,,,,,,,,,,,,,,,,,,,,,,,,,,,,,,,,,,,,,,,,,6,,,,,2,800000,1,98,3,,12,2,,,,,2,1,1,45,,.,45,,,1,8,,2,,2,,,,1,,,,,,,,,1,2,2,2,,,,,2,,,,,,,,,3,35,,2,,,,2,,,,,,,,,,,,,,1,2,1,2,1,2,5,,61,01,1,01,4,0161,800000,15,1404.8247109,
5359320,1,3,1,60,2,25,1,2,2,12,1,,,2,1,1,1,3,,1,,2,902526,2,,,2,,2,,2,,2,,2,,,1,125000,2,2,,,2,,,2,,,2,,,2,,2,,2,,2,,2,,2,,,.,,,,,,,,,.,3,,,,,,,,,40,,.,50,,,4,7,,1,,1,2,1,7,1,1,,,,,,,,,1,1,1,12,5,1,,2,,,,,,,,2,1,90,,2,,,,1,1,2,1,2,1,2,2,1,1,2,,2,1,2,2,2,2,2,1,2,,77,10,1,01,1,1012,902526,15,796.26692861,
5359321,1,3,1,60,2,15,2,,,,,,,,,,,240,,,,,,,,,,,,,,,,,,,,,,,,,,,,,,,,,,,,,,,,,,,,,,,6,,,,,2,900000,1,10000000,3,,12,2,,,,,3,3,2,50,,.,50,,,1,8,,4,,2,,,,1,,,1,,,,,,,2,2,2,,,,,2,,,,,,,,,3,12,,2,,,,2,,,,,,,,,,,,,,1,2,1,2,2,1,2,,61,01,1,01,4,0141,900000,15,796.26692861,
5359322,1,3,1,60,2,15,2,,,,,,,,,,,54,,,,,,,,,,,,,,,,,,,,,,,,,,,,,,,,,,,,,,,,,,,,,,,7,,2,,,2,240000,1,98,3,,12,2,,,,,3,1,1,14,2,,10,6,,1,8,,2,,2,,,,1,,,,,,,,,1,2,2,1,0,48,1,,2,,,,,,,,2,3,30,2,2,,,,2,,,,,,,,,,,,,,1,2,1,2,2,1,8,,61,01,1,01,4,0141,240000,15,796.26692861,
5359324,1,1,1,60,2,25,1,2,2,12,1,,,1,1,1,1,24,,1,,2,877700,2,,,2,,2,,1,98,2,,2,,,2,,,2,,,2,,,2,,,2,,,1,438850,1,438850,1,438850,2,,2,,2,,,.,,,,,,,,,.,12,,,,,,,,,48,,.,48,,,8,7,,1,,1,1,1,3,1,1,,,,,,,,,1,9,1,5,13,4,,2,,,,,,,,9,7,120,,2,,,,2,,,,,,,,,,,,,,1,2,1,2,1,1,1,,62,01,1,01,1,0125,877700,15,796.26692861,
5359332,1,1,1,60,2,15,2,,,,,,,,,,,600,,,,,,,,,,,,,,,,,,,,,,,,,,,,,,,,,,,,,,,,,,,,,,,6,,,,,3,300000,1,3600000,3,,12,2,,,,,2,10,2,48,,.,32,6,,1,8,,2,,2,,,,1,,,,,,,,,1,2,2,2,,,,,2,,,,,,,,,3,60,2,2,,,,2,,,,,,,,,,,,,,1,2,1,2,2,1,8,,61,01,1,01,4,0161,300000,15,831.35450656,
5359333,1,1,1,60,2,15,2,,,,,,,,,,,60,,,,,,,,,,,,,,,,,,,,,,,,,,,,,,,,,,,,,,,,,,,,,,,6,,,,,2,600000,1,7000000,3,,12,2,,,,,3,1,1,50,,.,34,6,,1,8,,2,,2,,,,1,,,1,,,,,,,2,2,1,0,36,6,,2,,,,,,,,9,3,30,1,2,,,,1,1,1,1,2,2,2,2,1,1,2,,2,1,1,2,1,2,2,1,2,,61,01,1,01,4,0113,600000,15,2346.1522304,
5359334,1,1,1,60,2,15,2,,,,,,,,,,,240,,,,,,,,,,,,,,,,,,,,,,,,,,,,,,,,,,,,,,,,,,,,,,,6,,,,,2,300000,1,98,1,,12,2,,,,,2,1,1,40,,.,16,6,,1,8,,2,,2,,,,1,,,,,,,,,1,2,2,1,5,3,1,,2,,,,,,,,2,3,30,1,2,,,,2,,,,,,,,,,,,,,1,2,2,2,2,2,5,,61,01,1,01,4,0161,300000,15,796.26692861,
5359334,1,3,1,60,2,15,2,,,,,,,,,,,36,,,,,,,,,,,,,,,,,,,,,,,,,,,,,,,,,,,,,,,,,,,,,,,6,,,,,2,800000,1,8700000,2,,12,2,,,,,2,1,1,40,,.,40,,,1,8,,2,,2,,,,1,,,,,,,,,1,2,2,1,5,36,1,,2,,,,,,,,3,3,40,,2,,,,2,,,,,,,,,,,,,,1,2,2,2,2,2,2,,61,01,1,01,4,0161,800000,15,796.26692861,
5359335,1,1,1,60,2,15,1,2,1,,1,,,1,1,1,1,24,,1,,2,1200000,2,,,2,,1,50000,2,,2,,2,,,2,,,2,,,2,,,2,,,2,,,1,500000,1,500000,2,,2,,2,,2,,,.,,,,,,,,,.,12,,,,,,,,,60,,.,60,,,2,8,,1,,1,2,1,0,1,1,,,,,,,,,1,1,1,0,36,1,,1,15,10,4,,300000,1,1,1,3,5,,2,,,,2,,,,,,,,,,,,,,1,1,1,2,1,1,1,,60,01,1,01,1,0141,1550000,15,3741.0952795,
5359336,1,1,1,60,2,15,2,,,,,,,,,,,540,,,,,,,,,,,,,,,,,,,,,,,,,,,,,,,,,,,,,,,,,,,,,,,7,,2,,,2,60000,1,720000,3,,12,2,,,,,1,10,2,14,2,,14,,,1,8,,2,,2,,,,1,,,,,,,,,1,2,2,2,,,,,2,,,,,,,,,3,5,,2,,,,2,,,,,,,,,,,,,,1,2,1,2,2,1,8,,61,01,1,01,4,0141,60000,15,831.35450656,
5359337,1,1,1,60,2,15,1,2,2,3,1,,,2,2,2,2,1,,,,,,,,,,,,,,,,,,,,,,,,,,,,,,,,,,,,,,,,,,,,,,,1,,,,,3,900000,1,98,3,,12,2,,,,,1,1,1,40,,.,40,,,5,7,,1,,1,1,2,12,1,1,,,,,,,,,1,2,1,0,3,4,,2,,,,,,,,1,11,10,,2,,,,2,,,,,,,,,,,,,,1,2,1,2,2,1,2,,58,84,1,01,4,8423,900000,15,796.26692861,
5359338,1,1,1,60,2,15,2,,,,,,,,,,,360,,,,,,,,,,,,,,,,,,,,,,,,,,,,,,,,,,,,,,,,,,,,,,,7,,2,,,2,50000,1,600000,3,,12,2,,,,,1,10,2,7,2,,7,,,1,8,,2,,2,,,,1,,,,,,,,,1,2,2,1,0,120,4,,2,,,,,,,,11,3,20,,2,,,,2,,,,,,,,,,,,,,1,2,1,2,1,1,3,,61,01,1,01,4,0141,50000,15,1017.0063245,
5359339,1,1,1,60,2,15,2,,,,,,,,,,,240,,,,,,,,,,,,,,,,,,,,,,,,,,,,,,,,,,,,,,,,,,,,,,,6,,,,,2,600000,1,600000,3,,12,2,,,,,2,9,2,40,,.,32,6,,1,8,,2,,2,,,,1,,,,,,,,,1,2,2,2,,,,,2,,,,,,,,,3,10,1,1,24,2,1,2,,,,,,,,,,,,,,1,2,1,2,1,1,2,,61,01,1,01,4,0113,600000,15,3741.0952795,
5359339,1,2,1,60,2,15,2,,,,,,,,,,,36,,,,,,,,,,,,,,,,,,,,,,,,,,,,,,,,,,,,,,,,,,,,,,,6,,,,,2,200000,1,200000,3,,12,2,,,,,2,9,1,16,2,,16,,,1,8,,2,,2,,,,1,,,,,,,,,1,2,2,2,,,,,2,,,,,,,,,3,10,,2,,,,1,1,2,1,2,1,2,2,1,1,2,,2,1,2,2,2,2,1,1,2,,61,01,1,01,4,0113,200000,15,3741.0952795,
5359341,1,1,1,60,2,15,1,2,2,12,1,,,1,1,1,1,12,,1,,2,910000,2,,,2,,2,,2,,2,,2,,,2,,,1,32000,2,2,,,2,,,2,,,1,98,1,450000,2,,2,,2,,2,,,.,,,,,,,,,.,12,,,,,,,,,45,,.,0,1,,9,4,,1,,1,1,1,12,1,1,,,,,,,,,1,1,1,13,12,1,,2,,,,,,,,2,3,2,1,2,,,,2,,,,,,,,,,,,,,1,1,1,2,2,2,2,,98,49,1,01,1,4923,910000,15,796.26692861,
5359341,1,3,1,60,2,15,1,2,2,6,1,,,2,2,1,1,6,,1,,2,908526,2,,,2,,2,,2,,2,,2,,,1,110000,2,2,,,2,,,2,,,2,,,2,,1,150000,2,,2,,2,,2,,,.,,,,,,,,,.,6,,,,,,,,,48,,.,0,1,,8,8,,1,,1,2,1,3,1,1,,,,,,,,,1,1,1,12,24,1,,2,,,,,,,,12,3,30,1,2,,,,2,,,,,,,,,,,,,,1,1,1,2,2,2,8,,83,52,1,01,1,5221,908526,15,796.26692861,
5359343,1,3,1,60,2,15,2,,,,,,,,,,,360,,,,,,,,,,,,,,,,,,,,,,,,,,,,,,,,,,,,,,,,,,,,,,,6,,,,,2,100000,1,1500000,3,,12,2,,,,,2,1,2,24,1,,16,6,,1,8,,2,,2,,,,1,,,,,,,,,1,2,2,2,,,,,2,,,,,,,,,3,10,1,1,24,2,1,2,,,,,,,,,,,,,,1,2,2,2,1,1,2,,61,01,1,01,4,0113,100000,15,831.35450656,
5359344,1,1,1,60,2,15,1,1,,,1,,,1,2,2,2,54,,1,,2,400000,2,,,2,,1,250000,2,,2,,2,,,2,,,2,,,2,,,2,,,2,,,2,,2,,2,,2,,2,,2,,,.,,,,,,,,,.,12,,,,,,,,,56,,.,56,,,2,8,,2,,2,,,,1,,,,,,,,,1,2,2,1,0,240,4,,2,,,,,,,,3,3,3,,2,,,,2,,,,,,,,,,,,,,1,2,1,2,1,1,8,,60,01,1,01,1,0141,650000,15,3741.0952795,
5359344,1,2,1,60,2,15,2,,,,,,,,,,,54,,,,,,,,,,,,,,,,,,,,,,,,,,,,,,,,,,,,,,,,,,,,,,,,.,,,,,,,,,.,12,,,,,,,,,7,2,,7,,,2,8,,2,,2,,,,1,,,,,,,,,1,2,2,2,,,,,2,,,,,,,,,3,5,,2,,,,2,,,,,,,,,,,,,,1,2,1,2,1,1,3,,62,01,1,01,7,0141,,15,3741.0952795,
5359345,1,1,1,60,2,15,1,1,,,1,,,1,2,2,2,2,,1,,2,1500000,2,,,2,,2,,2,,2,,2,,,2,,,2,,,2,,,2,,,2,,,2,,2,,2,,2,,2,,2,,,.,,,,,,,,,.,12,,,,,,,,,48,,.,48,,,2,4,,2,,2,,,,1,,,1,,,,,,,2,2,1,0,130,1,,2,,,,,,,,1,3,15,,2,,,,2,,,,,,,,,,,,,,1,2,1,2,2,1,2,,97,49,1,01,1,4923,1500000,15,3583.2011787,
5359346,1,1,1,60,2,15,1,2,1,,1,,,1,1,1,1,72,,1,,2,877800,2,,,2,,2,,2,,2,,2,,,1,102000,2,2,,,2,,,2,,,2,,,1,800000,1,400000,1,400000,2,,2,,2,,,.,,,,,,,,,.,12,,,,,,,,,40,,.,40,,,8,7,,1,,1,2,1,6,1,1,,,,,,,,,1,1,1,0,36,1,,2,,,,,,,,8,11,10,,2,,,,2,,,,,,,,,,,,,,1,1,1,2,1,1,1,,87,84,1,01,2,8412,877800,15,3741.0952795,
5359347,1,2,1,60,2,15,2,,,,,,,,,,,360,,,,,,,,,,,,,,,,,,,,,,,,,,,,,,,,,,,,,,,,,,,,,,,6,,,,,2,460000,1,5600000,1,,12,2,,,,,3,1,1,24,2,,24,,,1,7,,2,,2,,,,1,,,,,,,,,1,2,2,2,,,,,1,15,8,4,,0,1,8,,8,30,,2,,,,1,1,1,1,2,1,2,2,1,2,2,,2,2,2,2,2,2,1,2,2,,61,01,1,01,4,0113,460000,15,796.26692861,
5359349,1,1,1,60,2,15,1,1,,,1,,,2,2,2,2,12,,,,,,,,,,,,,,,,,,,,,,,,,,,,,,,,,,,,,,,,,,,,,,,4,,,,,2,550000,1,98,3,,12,2,,,,,1,1,1,50,,.,24,1,,5,8,,2,,2,,,,1,,,1,,,,,,,2,2,1,3,97,1,,2,,,,,,,,1,3,30,2,2,,,,2,,,,,,,,,,,,,,1,2,1,2,2,1,6,,62,01,1,01,4,0121,550000,15,796.26692861,
5359350,1,1,1,60,2,15,2,,,,,,,,,,,1,,,,,,,,,,,,,,,,,,,,,,,,,,,,,,,,,,,,,,,,,,,,,,,,.,,,,,,,,,.,1,,,,,,,,,35,2,,35,,,2,8,,3,,2,,,,1,,,,,,,,,1,2,2,2,,,,,2,,,,,,,,,3,30,,2,,,,1,1,1,1,2,2,2,1,1,1,2,,2,1,2,2,2,2,2,2,3,,62,01,1,01,7,0141,,15,796.26692861,
5359351,1,1,1,60,2,15,2,,,,,,,,,,,480,,,,,,,,,,,,,,,,,,,,,,,,,,,,,,,,,,,,,,,,,,,,,,,7,,2,,,2,0,1,98,3,,12,1,1,0,1,0,2,9,2,40,,.,40,,,2,8,,2,,2,,,,1,,,1,,,,,,,2,2,2,,,,,2,,,,,,,,,3,10,,2,,,,2,,,,,,,,,,,,,,1,1,1,2,1,1,2,,61,01,1,01,4,0113,0,15,831.35450656,
5359352,1,1,1,60,2,15,2,,,,,,,,,,,600,,,,,,,,,,,,,,,,,,,,,,,,,,,,,,,,,,,,,,,,,,,,,,,6,,,,,3,200000,1,2400000,3,,12,2,,,,,2,10,2,48,,.,16,6,,1,8,,2,,2,,,,1,,,,,,,,,1,2,2,2,,,,,2,,,,,,,,,3,20,1,2,,,,2,,,,,,,,,,,,,,1,2,1,2,2,1,8,,61,01,1,01,4,0113,200000,15,831.35450656,
5359358,1,1,1,60,2,15,1,1,,,1,,,2,2,2,2,6,,1,,2,650000,2,,,2,,2,,2,,2,,2,,,2,,,2,,,2,,,2,,,2,,,2,,2,,2,,2,,2,,2,,,.,,,,,,,,,.,12,,,,,,,,,52,,.,52,,,3,8,,2,,2,,,,1,,,,,,,,,1,2,2,1,0,12,1,,2,,,,,,,,2,8,20,,2,,,,1,1,2,1,2,1,2,2,1,1,2,,2,1,1,2,2,2,2,1,8,,62,01,1,01,8,0121,650000,15,796.26692861,
5359358,1,2,1,60,2,15,1,1,,,1,,,2,2,2,2,6,,1,,2,350000,2,,,2,,2,,2,,2,,2,,,2,,,2,,,2,,,2,,,2,,,2,,2,,2,,2,,2,,2,,,.,,,,,,,,,.,6,,,,,,,,,24,2,,24,,,3,8,,2,,2,,,,1,,,,,,,,,1,2,2,2,,,,,2,,,,,,,,,8,30,,2,,,,1,1,1,1,2,1,2,2,2,2,2,,2,1,2,2,2,2,2,2,3,,62,01,1,01,8,0121,350000,15,796.26692861,
5359359,1,3,1,60,2,15,1,2,1,,1,,,2,2,1,1,4,,2,,2,877700,2,,,2,,2,,2,,2,,2,,,1,107200,2,2,,,2,,,2,,,2,,,2,,2,,2,,2,,2,,2,,,.,,,,,,,,,.,12,,,,,,,,,48,,.,48,,,2,7,,1,,1,1,1,4,1,1,,,,,,,,,1,2,1,0,14,1,,2,,,,,,,,1,11,10,,2,,,,1,1,1,1,2,2,2,2,2,2,2,,2,1,1,2,1,2,1,1,2,,06,75,1,01,1,7500,877700,15,796.26692861,
5359360,1,1,1,60,2,15,1,1,,,1,,,1,2,2,2,36,,1,,2,300000,2,,,2,,1,250000,2,,2,,2,,,2,,,2,,,2,,,2,,,2,,,2,,2,,2,,2,,2,,2,,,.,,,,,,,,,.,12,,,,,,,,,21,1,,21,,,2,8,,2,,2,,,,1,,,,,,,,,1,2,2,2,,,,,1,15,16,4,,200000,1,8,,3,20,,1,20,1,1,2,,,,,,,,,,,,,,1,2,2,2,1,1,8,,62,01,1,01,1,0141,750000,15,3741.0952795,
5359360,1,2,1,60,2,15,2,,,,,,,,,,,36,,,,,,,,,,,,,,,,,,,,,,,,,,,,,,,,,,,,,,,,,,,,,,,,.,,,,,,,,,.,12,,,,,,,,,7,2,,7,,,2,8,,2,,2,,,,1,,,,,,,,,1,2,2,1,0,48,4,,2,,,,,,,,13,3,5,,1,40,2,2,2,,,,,,,,,,,,,,1,2,2,2,1,1,3,,62,01,1,01,7,0141,,15,3741.0952795,
5359363,1,1,1,60,2,15,2,,,,,,,,,,,76,,,,,,,,,,,,,,,,,,,,,,,,,,,,,,,,,,,,,,,,,,,,,,,6,,,,,2,900000,1,98,3,,12,1,2,2,0,0,3,3,2,50,,.,50,,,2,7,,2,,2,,,,1,,,1,,,,,,,2,2,1,3,36,1,,2,,,,,,,,10,11,10,,2,,,,2,,,,,,,,,,,,,,1,2,1,2,1,1,2,,99,45,1,01,5,4520,900000,15,796.26692861,
5359364,1,1,1,60,2,15,2,,,,,,,,,,,4,,,,,,,,,,,,,,,,,,,,,,,,,,,,,,,,,,,,,,,,,,,,,,,6,,,,,2,900000,1,98,1,,6,2,,,,,2,1,1,48,,.,48,,,1,9,,2,,2,,,,1,,,,,,,,,1,2,2,1,6,24,1,,2,,,,,,,,1,11,25,,2,,,,1,1,1,1,2,1,2,2,1,2,2,,2,1,1,2,1,2,1,1,3,,95,41,1,01,4,4111,900000,15,3583.2011787,
5359365,1,1,1,60,2,15,2,,,,,,,,,,,36,,,,,,,,,,,,,,,,,,,,,,,,,,,,,,,,,,,,,,,,,,,,,,,6,,,,,2,950000,1,10800000,3,,12,2,,,,,3,1,2,38,2,,38,,,1,8,,2,,2,,,,1,,,1,,,,,,,2,2,1,0,240,4,,2,,,,,,,,9,3,5,,2,,,,2,,,,,,,,,,,,,,1,2,1,2,2,1,2,,61,01,1,01,4,0141,950000,15,796.26692861,
5359366,1,3,1,60,2,15,2,,,,,,,,,,,24,,,,,,,,,,,,,,,,,,,,,,,,,,,,,,,,,,,,,,,,,,,,,,,7,,2,,,2,0,1,98,3,,12,2,,,,,1,9,2,48,,.,48,,,1,8,,2,,2,,,,1,,,,,,,,,1,2,2,1,0,120,4,,2,,,,,,,,11,3,10,,2,,,,2,,,,,,,,,,,,,,1,2,1,2,2,1,8,,61,01,1,01,4,0113,0,15,831.35450656,
5359367,1,1,1,60,2,15,2,,,,,,,,,,,210,,,,,,,,,,,,,,,,,,,,,,,,,,,,,,,,,,,,,,,,,,,,,,,6,,,,,2,400000,1,98,1,,12,2,,,,,2,1,2,24,2,,24,,,1,8,,1,,3,,,,,.,,,,,,,,,2,2,1,0,54,1,,2,,,,,,,,1,3,25,,2,,,,2,,,,,,,,,,,,,,1,2,2,2,2,1,5,,61,01,1,01,4,0113,400000,15,796.26692861,
5359367,1,3,1,60,2,15,2,,,,,,,,,,,16,,,,,,,,,,,,,,,,,,,,,,,,,,,,,,,,,,,,,,,,,,,,,,,6,,,,,2,550000,1,7500000,1,,12,2,,,,,2,1,1,36,2,,36,,,1,8,,2,,2,,,,1,,,,,,,,,1,2,2,2,,,,,2,,,,,,,,,3,40,,2,,,,2,,,,,,,,,,,,,,1,2,1,2,2,1,3,,61,01,1,01,4,0113,550000,15,796.26692861,
5359368,1,1,1,60,2,15,2,,,,,,,,,,,420,,,,,,,,,,,,,,,,,,,,,,,,,,,,,,,,,,,,,,,,,,,,,,,6,,,,,2,750000,1,8000000,3,,12,2,,,,,3,1,1,70,,.,24,6,,1,8,,2,,2,,,,1,,,1,,,,,,,2,2,2,,,,,2,,,,,,,,,3,30,1,2,,,,2,,,,,,,,,,,,,,1,2,1,2,2,1,2,,61,01,1,01,4,0113,750000,15,974.0832533,
5359369,1,3,1,60,2,15,1,1,,,1,,,1,2,2,2,1,,1,,2,700000,2,,,2,,2,,2,,2,,2,,,2,,,2,,,2,,,2,,,2,,,2,,2,,2,,2,,2,,2,,,.,,,,,,,,,.,4,,,,,,,,,40,,.,40,,,2,7,,1,,2,,,,1,,,,,,,,,1,2,2,1,8,36,1,,2,,,,,,,,1,3,25,,2,,,,1,1,1,1,2,2,2,2,1,2,2,,2,1,2,2,2,2,1,1,4,,45,47,1,01,1,4771,700000,15,796.26692861,
5359372,1,1,1,60,2,15,2,,,,,,,,,,,480,,,,,,,,,,,,,,,,,,,,,,,,,,,,,,,,,,,,,,,,,,,,,,,7,,2,,,2,0,1,98,3,,12,1,1,0,0,1,1,10,2,48,,.,48,,,2,8,,2,,2,,,,1,,,,,,,,,1,2,2,1,0,60,4,,2,,,,,,,,3,3,5,,2,,,,2,,,,,,,,,,,,,,1,2,1,2,2,1,8,,61,01,1,01,4,0111,0,15,831.35450656,
5359372,1,2,1,60,2,15,2,,,,,,,,,,,360,,,,,,,,,,,,,,,,,,,,,,,,,,,,,,,,,,,,,,,,,,,,,,,,.,,,,,,,,,.,12,,,,,,,,,15,2,,15,,,2,8,,2,,2,,,,1,,,,,,,,,1,2,2,2,,,,,2,,,,,,,,,3,5,,2,,,,2,,,,,,,,,,,,,,1,2,1,2,2,1,3,,62,01,1,01,6,0111,,15,831.35450656,
5359373,1,1,1,60,2,15,2,,,,,,,,,,,150,,,,,,,,,,,,,,,,,,,,,,,,,,,,,,,,,,,,,,,,,,,,,,,6,,,,,2,675000,1,8000000,3,,12,2,,,,,3,1,1,50,,.,35,6,,1,8,,2,,2,,,,1,,,1,,,,,,,2,2,1,2,34,1,,2,,,,,,,,1,11,60,1,2,,,,1,1,2,1,2,2,2,2,1,2,2,,2,1,1,2,1,2,1,1,2,,62,01,1,01,4,0161,675000,15,796.26692861,
5359374,1,2,1,60,2,15,1,2,2,3,2,1,,2,1,1,1,2,,3,,2,877803,2,,,2,,2,,2,,2,,2,,,1,108700,2,1,33000,2,2,,,2,,,2,,,2,,2,,1,60000,2,,2,,2,,,.,,,,,,,,,.,11,,,,,,,,,49,,.,49,,,5,7,,1,,1,1,1,1,1,1,,,,,,,,,1,1,1,1,16,1,,2,,,,,,,,1,2,20,,2,,,,2,,,,,,,,,,,,,,1,1,1,2,1,1,3,,59,86,1,01,1,8621,877803,15,3583.2011787,7820
5359376,1,1,1,60,2,15,2,,,,,,,,,,,420,,,,,,,,,,,,,,,,,,,,,,,,,,,,,,,,,,,,,,,,,,,,,,,6,,,,,2,1000000,1,10200000,3,,12,2,,,,,2,1,2,44,,.,44,,,1,8,,2,,2,,,,1,,,,,,,,,1,2,2,2,,,,,2,,,,,,,,,11,25,,2,,,,2,,,,,,,,,,,,,,1,1,2,2,2,2,3,,61,01,1,01,4,0113,1000000,15,796.26692861,
5359376,1,4,1,60,2,15,1,1,,,1,,,2,2,2,2,6,,1,,2,720000,2,,,2,,2,,2,,2,,2,,,2,,,2,,,2,,,2,,,2,,,2,,2,,2,,2,,2,,2,,,.,,,,,,,,,.,8,,,,,,,,,48,,.,48,,,2,7,,2,,2,,,,1,,,,,,,,,1,2,2,1,4,38,1,,2,,,,,,,,13,3,20,,2,,,,1,1,1,1,2,2,2,2,2,2,2,,2,2,2,2,1,2,2,2,3,,53,56,1,01,1,5611,720000,15,796.26692861,
5359376,1,5,1,60,2,25,1,2,2,12,1,,,1,2,1,1,13,,1,,2,1300000,2,,,2,,2,,2,,2,,2,,,1,108700,2,2,,,2,,,2,,,2,,,1,600000,1,600000,2,,2,,2,,2,,,.,,,,,,,,,.,12,,,,,,,,,40,,.,0,3,,6,7,,1,,1,2,1,12,1,1,,,,,,,,,2,1,1,0,4,1,,2,,,,,,,,1,2,120,,2,,,,2,,,,,,,,,,,,,,1,2,1,2,1,2,3,,13,85,1,01,1,8530,1300000,15,796.26692861,
5359378,1,1,1,60,2,15,1,1,,,1,,,2,2,2,2,12,,1,,2,800000,2,,,2,,2,,2,,2,,2,,,2,,,2,,,2,,,2,,,2,,,2,,2,,2,,2,,2,,2,,,.,,,,,,,,,.,12,,,,,,,,,50,,.,35,6,,3,4,,2,,2,,,,1,,,1,,,,,,,2,2,1,0,12,1,,2,,,,,,,,13,3,20,1,2,,,,1,1,2,1,2,2,2,2,2,2,2,,2,1,1,2,1,2,2,1,2,,62,01,1,01,1,0113,800000,15,796.26692861,
5359379,1,1,1,60,2,15,2,,,,,,,,,,,84,,,,,,,,,,,,,,,,,,,,,,,,,,,,,,,,,,,,,,,,,,,,,,,6,,,,,2,240000,1,2900000,1,,12,2,,,,,2,1,1,16,1,,16,,,1,8,,2,,2,,,,1,,,,,,,,,1,2,2,1,6,144,1,,2,,,,,,,,2,3,40,,1,30,1,1,1,1,2,1,2,1,2,2,1,1,2,,1,1,2,2,2,2,2,2,3,,61,01,1,01,4,0111,240000,15,796.26692861,
5359381,1,1,1,60,2,15,2,,,,,,,,,,,120,,,,,,,,,,,,,,,,,,,,,,,,,,,,,,,,,,,,,,,,,,,,,,,7,,2,,,2,600000,1,7200000,3,,12,2,,,,,3,3,2,50,,.,50,,,1,8,,2,,2,,,,1,,,1,,,,,,,2,2,2,,,,,2,,,,,,,,,3,5,,2,,,,2,,,,,,,,,,,,,,1,2,1,2,2,2,2,,61,01,1,01,4,0141,600000,15,3142.6364947,
5359382,1,1,1,60,2,15,2,,,,,,,,,,,150,,,,,,,,,,,,,,,,,,,,,,,,,,,,,,,,,,,,,,,,,,,,,,,6,,,,,2,500000,1,6000000,3,,12,2,,,,,3,3,1,50,,.,50,,,1,8,,2,,2,,,,1,,,1,,,,,,,2,2,2,,,,,2,,,,,,,,,3,5,,2,,,,2,,,,,,,,,,,,,,1,2,1,2,1,1,2,,61,01,1,01,4,0141,500000,15,796.26692861,
5359382,1,2,1,60,2,15,2,,,,,,,,,,,450,,,,,,,,,,,,,,,,,,,,,,,,,,,,,,,,,,,,,,,,,,,,,,,6,,,,,2,700000,1,8400000,3,,12,2,,,,,3,1,2,50,,.,34,6,,1,8,,2,,2,,,,1,,,,,,,,,1,2,2,1,0,65,6,,2,,,,,,,,9,3,40,1,2,,,,2,,,,,,,,,,,,,,1,2,1,2,2,1,2,,61,01,1,01,4,0161,700000,15,796.26692861,
5359383,1,1,1,60,2,15,2,,,,,,,,,,,60,,,,,,,,,,,,,,,,,,,,,,,,,,,,,,,,,,,,,,,,,,,,,,,7,,2,,,2,120000,1,2000000,3,,12,2,,,,,3,5,2,14,2,,14,,,1,8,,2,,2,,,,1,,,,,,,,,1,2,2,1,96,36,4,,2,,,,,,,,9,3,2,,2,,,,2,,,,,,,,,,,,,,1,2,1,1,2,2,3,,61,01,1,01,4,0141,120000,15,796.26692861,
5359384,1,1,1,60,2,15,2,,,,,,,,,,,408,,,,,,,,,,,,,,,,,,,,,,,,,,,,,,,,,,,,,,,,,,,,,,,6,,,,,2,800000,1,98,3,,12,2,,,,,3,3,2,50,,.,32,6,,1,8,,2,,2,,,,1,,,1,,,,,,,2,2,2,,,,,2,,,,,,,,,11,20,1,2,,,,2,,,,,,,,,,,,,,1,2,1,2,1,1,2,,61,01,1,01,4,0113,800000,15,3583.2011787,
5359414,1,1,1,60,2,15,1,1,,,1,,,1,2,2,2,3,,1,,2,500000,2,,,2,,1,100000,2,,2,,2,,,2,,,2,,,2,,,2,,,2,,,2,,2,,2,,2,,2,,2,,,.,,,,,,,,,.,3,,,,,,,,,40,,.,40,,,2,8,,10,,2,,,,1,,,,,,,,,1,2,2,2,,,,,2,,,,,,,,,3,5,,2,,,,2,,,,,,,,,,,,,,1,2,1,2,1,1,3,,62,01,1,01,1,0141,600000,15,831.35450656,
5359415,1,2,1,60,2,15,2,,,,,,,,,,,60,,,,,,,,,,,,,,,,,,,,,,,,,,,,,,,,,,,,,,,,,,,,,,,7,,2,,,2,100000,1,3000000,3,,12,2,,,,,3,6,1,30,2,,30,,,1,7,,1,,2,,,,1,,,1,,,,,,,2,2,1,36,60,1,,2,,,,,,,,9,3,2,,2,,,,2,,,,,,,,,,,,,,1,1,1,2,1,1,2,,41,47,1,01,4,4711,100000,15,831.35450656,
5359415,1,3,1,60,2,15,1,2,2,12,1,,,2,2,2,2,18,,,,,,,,,,,,,,,,,,,,,,,,,,,,,,,,,,,,,,,,,,,,,,,1,,,,,2,1800000,1,21600000,3,,12,2,,,,,1,1,1,48,,.,48,,,9,7,,1,,1,1,2,12,1,1,,,,,,,,,1,2,1,2,36,1,,2,,,,,,,,1,8,40,,2,,,,2,,,,,,,,,,,,,,1,1,1,2,1,1,2,,07,86,1,01,4,8610,1800000,15,831.35450656,
5359417,1,2,1,60,2,15,1,2,1,,1,,,1,1,1,1,240,,1,,2,1700000,2,,,2,,2,,2,,2,,2,,,2,,,1,30000,2,2,,,2,,,2,,,1,1700000,1,1700000,1,1700000,2,,2,,2,,,.,,,,,,,,,.,12,,,,,,,,,40,,.,40,,,9,7,,1,,1,1,1,20,1,1,,,,,,,,,1,1,2,,,,,2,,,,,,,,,8,15,,2,,,,2,,,,,,,,,,,,,,1,1,1,2,1,1,5,,19,85,1,01,2,8544,1700000,15,831.35450656,
5359418,1,1,1,60,2,15,1,1,,,1,,,1,2,2,2,36,,1,,2,870000,2,,,2,,1,50000,2,,2,,2,,,2,,,2,,,2,,,2,,,2,,,2,,2,,2,,2,,2,,2,,,.,,,,,,,,,.,12,,,,,,,,,60,,.,60,,,2,8,,2,,2,,,,1,,,1,,,,,,,2,2,1,0,24,1,,2,,,,,,,,1,3,2,,2,,,,2,,,,,,,,,,,,,,1,1,1,2,1,1,2,,62,01,1,01,1,0141,920000,15,831.35450656,
5359419,1,1,1,60,2,15,1,1,,,1,,,1,2,2,2,13,,1,,2,600000,2,,,2,,1,100000,2,,2,,2,,,2,,,2,,,2,,,2,,,2,,,2,,2,,2,,2,,2,,2,,,.,,,,,,,,,.,12,,,,,,,,,56,,.,56,,,2,8,,10,,2,,,,1,,,,,,,,,1,2,2,1,0,24,4,,2,,,,,,,,3,3,5,,2,,,,2,,,,,,,,,,,,,,1,2,1,2,1,1,8,,62,01,1,01,1,0141,700000,15,3741.0952795,
5359420,1,1,1,60,2,15,2,,,,,,,,,,,120,,,,,,,,,,,,,,,,,,,,,,,,,,,,,,,,,,,,,,,,,,,,,,,7,,2,,,2,50000,1,500000,3,,12,2,,,,,3,6,2,20,2,,20,,,1,7,,2,,2,,,,1,,,1,,,,,,,2,2,2,,,,,2,,,,,,,,,3,2,,2,,,,2,,,,,,,,,,,,,,1,2,1,2,1,1,2,,41,47,1,01,4,4724,50000,15,831.35450656,
5359420,1,2,1,60,2,15,1,1,,,1,,,2,2,2,2,60,,,,,,,,,,,,,,,,,,,,,,,,,,,,,,,,,,,,,,,,,,,,,,,3,,,,,2,400000,1,6000000,3,,12,2,,,,,2,9,2,40,,.,36,6,,5,10,,2,,2,,,,1,,,1,,,,,,,2,2,1,0,60,1,,2,,,,,,,,7,3,10,2,2,,,,2,,,,,,,,,,,,,,1,2,1,2,1,1,2,,97,23,1,01,4,2392,400000,15,831.35450656,
5359421,1,1,1,60,2,15,2,,,,,,,,,,,48,,,,,,,,,,,,,,,,,,,,,,,,,,,,,,,,,,,,,,,,,,,,,,,6,,,,,3,400000,1,4800000,3,,12,2,,,,,2,1,1,48,,.,16,6,,1,8,,10,,2,,,,1,,,,,,,,,1,2,2,1,0,72,4,,2,,,,,,,,3,11,20,1,2,,,,2,,,,,,,,,,,,,,1,2,1,2,2,1,8,,61,01,1,01,4,0161,400000,15,831.35450656,
5359465,1,1,1,60,2,68,1,1,,,1,,,1,2,2,2,6,,1,,2,400000,2,,,2,,1,250000,2,,2,,2,,,2,,,2,,,2,,,2,,,2,,,2,,2,,2,,2,,2,,2,,,.,,,,,,,,,.,12,,,,,,,,,20,1,,20,,,1,8,,8,,2,,,,1,,,,,,,,,1,2,2,1,0,12,4,,2,,,,,,,,2,3,10,,1,20,2,1,1,1,1,1,2,2,2,2,2,2,2,,2,1,1,2,1,2,1,1,2,,62,01,1,01,1,0141,650000,68,4355.5673027,
5359465,1,2,1,60,2,68,1,1,,,1,,,1,2,2,2,24,,1,,2,120000,2,,,1,50000,2,,2,,2,,2,,,2,,,2,,,2,,,2,,,2,,,2,,2,,2,,2,,2,,2,,,.,,,,,,,,,.,12,,,,,,,,,8,1,,0,6,,1,2,,2,,2,,,,1,,,,,,,,,1,2,2,1,9,120,3,,2,,,,,,,,9,3,15,2,2,,,,1,1,1,1,2,2,2,2,2,2,2,,2,1,1,2,1,2,1,1,3,,54,97,1,01,3,9700,170000,68,4355.5673027,
5359468,1,1,1,60,2,68,2,,,,,,,,,,,340,,,,,,,,,,,,,,,,,,,,,,,,,,,,,,,,,,,,,,,,,,,,,,,6,,,,,2,600000,1,7200000,3,,12,2,,,,,2,1,2,36,2,,36,,,1,8,,4,,2,,,,1,,,,,,,,,1,2,2,2,,,,,2,,,,,,,,,3,30,,2,,,,2,,,,,,,,,,,,,,1,2,1,2,1,1,3,,61,01,1,01,4,0161,600000,68,967.90384504,
5359469,1,2,1,60,2,68,2,,,,,,,,,,,45,,,,,,,,,,,,,,,,,,,,,,,,,,,,,,,,,,,,,,,,,,,,,,,6,,,,,3,300000,12,3600000,2,,12,2,,,,,2,5,2,21,2,,21,,,1,8,,2,,2,,,,1,,,,,,1,,,,2,2,2,,,,,2,,,,,,,,,3,20,,2,,,,2,,,,,,,,,,,,,,2,2,1,2,2,1,3,,61,01,1,01,4,0123,300000,68,967.90384504,
5359471,1,1,1,60,2,68,2,,,,,,,,,,,240,,,,,,,,,,,,,,,,,,,,,,,,,,,,,,,,,,,,,,,,,,,,,,,6,,,,,3,600000,1,7000000,3,,12,2,,,,,2,3,2,32,2,,32,,,1,8,,2,,2,,,,1,,,,,,1,,,,2,2,2,,,,,2,,,,,,,,,3,20,,2,,,,2,,,,,,,,,,,,,,1,1,1,2,2,1,3,,62,01,1,01,4,0161,600000,68,967.90384504,
5359472,1,1,1,60,2,68,2,,,,,,,,,,,7,,,,,,,,,,,,,,,,,,,,,,,,,,,,,,,,,,,,,,,,,,,,,,,7,,2,,,2,350000,1,1200000,3,,12,1,2,0,1,1,3,1,2,30,2,,30,,,2,7,,4,,2,,,,1,,,,,,,,,1,2,2,1,0,36,4,,2,,,,,,,,2,3,5,,2,,,,2,,,,,,,,,,,,,,1,1,1,2,1,1,3,,41,47,1,01,4,4711,350000,68,967.90384504,
5359472,1,2,1,60,2,68,2,,,,,,,,,,,7,,,,,,,,,,,,,,,,,,,,,,,,,,,,,,,,,,,,,,,,,,,,,,,7,,2,,,2,350000,1,1200000,3,,7,1,2,0,1,1,3,4,2,36,2,,36,,,2,7,,5,,2,,,,1,,,,,,,,,1,2,2,1,8,36,1,,2,,,,,,,,2,3,3,,2,,,,1,1,1,1,2,2,2,2,2,2,2,,2,1,1,2,1,2,1,1,3,,41,47,1,01,4,4711,350000,68,967.90384504,
5359472,1,3,1,60,2,68,2,,,,,,,,,,,7,,,,,,,,,,,,,,,,,,,,,,,,,,,,,,,,,,,,,,,,,,,,,,,,.,,,,,,,,,.,7,,,,,,,,,20,2,,20,,,2,7,,5,,2,,,,1,,,,,,,,,1,2,2,2,,,,,2,,,,,,,,,3,4,,2,,,,2,,,,,,,,,,,,,,1,1,1,2,1,1,3,,45,47,1,01,6,4711,,68,967.90384504,
5359513,1,1,1,60,2,19,2,,,,,,,,,,,36,,,,,,,,,,,,,,,,,,,,,,,,,,,,,,,,,,,,,,,,,,,,,,,6,,,,,3,240000,1,1400000,3,,12,2,,,,,2,3,2,24,2,,16,6,,1,8,,2,,2,,,,1,,,,1,,,,,,2,2,2,,,,,1,19,16,4,,0,1,8,,3,60,2,1,24,2,1,1,1,1,1,2,2,2,2,2,2,2,,1,1,1,1,1,2,1,1,9,,62,01,1,01,4,0161,240000,19,1687.9356705,
5359514,1,1,1,60,2,19,2,,,,,,,,,,,360,,,,,,,,,,,,,,,,,,,,,,,,,,,,,,,,,,,,,,,,,,,,,,,7,,2,,,2,0,1,1200000,3,,12,1,2,0,0,2,2,1,2,40,,.,40,,,2,8,,2,,2,,,,1,,,,,,,,,1,2,2,2,,,,,1,19,0,4,,360000,1,8,,3,20,,2,,,,1,1,1,1,2,2,2,2,1,1,2,,1,1,2,2,1,2,1,1,8,,61,01,1,01,4,0123,360000,19,2139.1135429,
5359514,1,3,1,60,2,76,1,1,,,1,,,2,2,2,2,1,,1,,2,500000,2,,,1,200000,2,,2,,2,,2,,,2,,,2,,,2,,,2,,,2,,,2,,2,,2,,2,,2,,2,,,.,,,,,,,,,.,1,,,,,,,,,48,,.,48,,,1,2,,2,,2,,,,1,,,,,,,,,1,2,2,2,,,,,2,,,,,,,,,1,240,,2,,,,1,1,1,1,2,1,2,2,1,2,2,,2,2,2,2,1,2,2,2,3,,54,97,1,01,3,9700,700000,19,2139.1135429,
5359514,1,4,1,60,2,19,2,,,,,,,,,,,36,,,,,,,,,,,,,,,,,,,,,,,,,,,,,,,,,,,,,,,,,,,,,,,,.,,,,,,,,,.,12,,,,,,,,,32,2,,32,,,2,8,,2,,2,,,,1,,,,,,,,,1,2,2,1,0,1,4,,2,,,,,,,,1,3,20,,2,,,,1,1,1,1,2,2,2,2,1,1,2,,1,1,2,2,1,2,1,1,3,,62,01,1,01,6,0123,,19,2139.1135429,
5359514,1,5,1,60,2,19,2,,,,,,,,,,,6,,,,,,,,,,,,,,,,,,,,,,,,,,,,,,,,,,,,,,,,,,,,,,,,.,,,,,,,,,.,6,,,,,,,,,32,2,,32,,,2,8,,2,,2,,,,1,,,,,,,,,1,2,2,2,,,,,2,,,,,,,,,3,20,,2,,,,2,,,,,,,,,,,,,,1,2,1,2,1,1,3,,62,01,1,01,6,0123,,19,2139.1135429,
5359515,1,1,1,60,2,19,2,,,,,,,,,,,240,,,,,,,,,,,,,,,,,,,,,,,,,,,,,,,,,,,,,,,,,,,,,,,2,,,,,3,200000,1,3000000,3,,12,2,,,,,2,10,2,40,,.,0,5,,1,9,,2,,2,,,,1,,,,,,,,,1,2,2,1,0,130,4,,2,,,,,,,,11,10,60,2,2,,,,2,,,,,,,,,,,,,,1,1,1,2,2,1,8,,95,16,1,01,4,1630,200000,19,1861.9294905,
5359515,1,4,1,60,2,19,2,,,,,,,,,,,6,,,,,,,,,,,,,,,,,,,,,,,,,,,,,,,,,,,,,,,,,,,,,,,7,,2,,,2,0,1,0,3,,6,2,,,,,2,6,2,40,,.,40,,,1,8,,2,,2,,,,1,,,,,,,,,1,2,2,2,,,,,1,19,12,6,,,2,8,,3,10,,2,,,,1,1,2,1,2,2,2,2,1,1,2,,2,1,1,2,1,2,2,1,3,,61,01,1,01,4,0123,0,19,1861.9294905,
5359516,1,1,1,60,2,19,2,,,,,,,,,,,360,,,,,,,,,,,,,,,,,,,,,,,,,,,,,,,,,,,,,,,,,,,,,,,7,,2,,,2,400000,4,1200000,3,,12,2,,,,,2,3,2,40,,.,40,,,1,8,,2,,2,,,,1,,,,1,,,,,,2,2,2,,,,,2,,,,,,,,,3,15,,2,,,,2,,,,,,,,,,,,,,1,2,2,2,1,2,9,,61,01,1,01,4,0123,400000,19,2587.7492695,
5359516,1,6,1,60,2,19,2,,,,,,,,,,,12,,,,,,,,,,,,,,,,,,,,,,,,,,,,,,,,,,,,,,,,,,,,,,,6,,,,,3,90000,1,1000000,3,,12,2,,,,,2,3,2,24,2,,24,,,1,8,,2,,2,,,,1,,,,,,,,,1,2,2,2,,,,,2,,,,,,,,,3,60,,2,,,,2,,,,,,,,,,,,,,2,1,2,2,1,1,3,,62,01,1,01,4,0161,90000,19,2587.7492695,
5359516,1,11,1,60,2,19,2,,,,,,,,,,,48,,,,,,,,,,,,,,,,,,,,,,,,,,,,,,,,,,,,,,,,,,,,,,,6,,,,,3,500000,1,1900000,3,,12,2,,,,,2,3,2,24,2,,24,,,1,8,,2,,2,,,,1,,,,,,,,,1,2,2,2,,,,,2,,,,,,,,,11,60,,2,,,,2,,,,,,,,,,,,,,1,2,2,2,1,1,3,,62,01,1,01,4,0161,500000,19,2587.7492695,
5359518,1,1,1,60,2,19,2,,,,,,,,,,,720,,,,,,,,,,,,,,,,,,,,,,,,,,,,,,,,,,,,,,,,,,,,,,,7,,2,,,2,210000,1,1800000,3,,12,2,,,,,2,9,2,32,2,,32,,,1,8,,2,,2,,,,1,,,,,,,,,1,2,2,2,,,,,2,,,,,,,,,3,10,,2,,,,2,,,,,,,,,,,,,,1,2,1,2,1,1,8,,61,01,1,01,4,0123,210000,19,1227.4973426,
5359519,1,1,1,60,2,19,2,,,,,,,,,,,300,,,,,,,,,,,,,,,,,,,,,,,,,,,,,,,,,,,,,,,,,,,,,,,7,,2,,,2,200000,1,1000000,3,,12,1,1,0,0,1,2,3,2,40,,.,40,,,2,8,,2,,2,,,,1,,,,1,,,,,,2,2,2,,,,,2,,,,,,,,,3,10,,2,,,,2,,,,,,,,,,,,,,1,2,1,2,1,1,9,,61,01,1,01,4,0123,200000,19,1564.9376564,
5359519,1,2,1,60,2,19,2,,,,,,,,,,,120,,,,,,,,,,,,,,,,,,,,,,,,,,,,,,,,,,,,,,,,,,,,,,,,.,,,,,,,,,.,12,,,,,,,,,24,2,,24,,,2,8,,2,,2,,,,1,,,,,,,,,1,2,2,2,,,,,2,,,,,,,,,3,10,,2,,,,2,,,,,,,,,,,,,,1,2,2,2,2,1,3,,06,01,1,01,6,0123,,19,1564.9376564,
5359519,1,3,1,60,2,19,2,,,,,,,,,,,32,,,,,,,,,,,,,,,,,,,,,,,,,,,,,,,,,,,,,,,,,,,,,,,6,,,,,3,300000,1,1500000,3,,12,2,,,,,2,3,2,32,2,,32,,,1,8,,2,,2,,,,1,,,,,,,,,1,2,2,2,,,,,2,,,,,,,,,11,15,,2,,,,2,,,,,,,,,,,,,,1,1,1,2,2,1,9,,62,01,1,01,4,0161,300000,19,1564.9376564,
5359520,1,1,1,60,2,19,2,,,,,,,,,,,180,,,,,,,,,,,,,,,,,,,,,,,,,,,,,,,,,,,,,,,,,,,,,,,7,,2,,,2,400000,1,4500000,3,,12,1,1,0,0,1,2,9,2,40,,.,40,,,2,8,,2,,2,,,,1,,,,,,,,,1,2,2,2,,,,,2,,,,,,,,,3,20,,2,,,,2,,,,,,,,,,,,,,1,1,1,2,1,1,5,,61,01,1,01,4,0123,400000,19,1531.9833917,
5359520,1,2,1,60,2,19,2,,,,,,,,,,,120,,,,,,,,,,,,,,,,,,,,,,,,,,,,,,,,,,,,,,,,,,,,,,,,.,,,,,,,,,.,12,,,,,,,,,24,2,,24,,,2,8,,2,,2,,,,1,,,,,,,,,1,2,2,2,,,,,2,,,,,,,,,3,20,,2,,,,1,1,2,1,2,2,2,2,1,1,2,,2,9,1,2,1,2,1,1,3,,62,01,1,01,6,0123,,19,1531.9833917,
5359521,1,1,1,60,2,19,2,,,,,,,,,,,360,,,,,,,,,,,,,,,,,,,,,,,,,,,,,,,,,,,,,,,,,,,,,,,7,,2,,,2,300000,1,1600000,3,,12,1,1,0,0,1,2,3,2,40,,.,40,,,2,8,,2,,2,,,,1,,,,1,,1,,,,2,2,2,,,,,2,,,,,,,,,3,15,,2,,,,2,,,,,,,,,,,,,,1,1,1,2,1,1,9,,61,01,1,01,4,0123,300000,19,2343.6122147,
5359521,1,2,1,60,2,19,2,,,,,,,,,,,180,,,,,,,,,,,,,,,,,,,,,,,,,,,,,,,,,,,,,,,,,,,,,,,,.,,,,,,,,,.,12,,,,,,,,,20,2,,20,,,2,8,,2,,2,,,,1,,,,,,1,,,,2,2,2,,,,,2,,,,,,,,,3,15,,2,,,,2,,,,,,,,,,,,,,2,1,1,2,1,1,3,,62,01,1,01,6,0123,,19,2343.6122147,
5359522,1,1,1,60,2,19,2,,,,,,,,,,,600,,,,,,,,,,,,,,,,,,,,,,,,,,,,,,,,,,,,,,,,,,,,,,,7,,2,,,2,0,1,3500000,3,,12,2,,,,,2,9,2,40,,.,0,1,,1,8,,2,,2,,,,1,,,,,,,,,1,2,2,2,,,,,2,,,,,,,,,3,20,2,2,,,,2,,,,,,,,,,,,,,1,1,1,2,1,1,3,,61,01,1,01,4,0123,0,19,1465.6770888,
5359522,1,3,1,60,2,19,2,,,,,,,,,,,24,,,,,,,,,,,,,,,,,,,,,,,,,,,,,,,,,,,,,,,,,,,,,,,6,,,,,3,0,1,1200000,3,,10,2,,,,,2,1,2,24,2,,0,6,,1,8,,2,,2,,,,1,,,,,,,,,1,2,2,2,,,,,2,,,,,,,,,11,90,2,2,,,,1,1,2,1,2,2,2,2,1,2,2,,2,9,2,2,1,2,2,1,3,,62,01,1,01,4,0161,0,19,1465.6770888,
5359552,1,1,1,60,2,19,1,1,,,1,,,1,2,2,2,5,,1,,2,350000,2,,,2,,2,,2,,2,,2,,,2,,,2,,,2,,,2,,,2,,,2,,2,,2,,2,,2,,2,,,.,,,,,,,,,.,5,,,,,,,,,32,2,,32,,,1,2,,2,,2,,,,1,,,,,,,,,1,2,2,1,12,12,1,,2,,,,,,,,1,3,15,,2,,,,2,,,,,,,,,,,,,,1,1,1,2,1,1,3,,54,97,1,01,3,9700,350000,19,1096.6556945,
5359552,1,2,1,60,2,19,2,,,,,,,,,,,36,,,,,,,,,,,,,,,,,,,,,,,,,,,,,,,,,,,,,,,,,,,,,,,6,,,,,3,1200000,1,4000000,3,,8,2,,,,,3,3,1,48,,.,48,,,1,4,,2,,2,,,,1,,,,,,,,,1,2,2,1,1,12,1,,2,,,,,,,,1,11,60,,1,11,1,1,1,1,1,1,2,2,2,2,2,1,2,,1,1,1,1,1,2,1,1,9,,98,49,1,01,4,4921,1200000,19,1096.6556945,
5359553,1,1,1,60,2,76,2,,,,,,,,,,,24,,,,,,,,,,,,,,,,,,,,,,,,,,,,,,,,,,,,,,,,,,,,,,,7,,2,,,2,0,1,4000000,3,,8,1,1,0,1,0,2,3,2,48,,.,48,,,2,7,,2,,2,,,,1,,,,,,,,,1,2,2,1,8,36,1,,2,,,,,,,,9,3,20,,2,,,,1,1,2,1,2,2,2,2,2,2,2,,2,9,1,2,1,2,2,1,8,,83,25,1,01,4,2511,0,19,2587.7492695,
5359553,1,2,1,60,2,19,1,1,,,1,,,2,2,2,2,24,,1,,2,900000,2,,,2,,2,,2,,2,,2,,,2,,,2,,,2,,,2,,,2,,,2,,2,,2,,2,,2,,2,,,.,,,,,,,,,.,12,,,,,,,,,48,,.,48,,,3,10,,2,,2,,,,1,,,,,,,,,1,2,2,1,0,2,1,,2,,,,,,,,1,11,30,,2,,,,1,1,2,1,2,1,2,2,1,1,1,MUY RIESGOSO,2,1,2,2,1,2,2,1,3,,71,07,1,01,1,0722,900000,19,2587.7492695,
5359555,1,1,1,60,2,19,1,2,1,,1,,,1,1,1,1,60,,1,,2,1160000,1,64000,1,2,,2,,2,,2,,2,,,1,110000,1,1,31500,2,2,,,2,,,2,,,1,600000,1,580000,2,,1,309000,2,,2,,,.,,,,,,,,,.,12,,,,,,,,,48,,.,48,,,9,7,,1,,1,2,1,5,1,1,,,,,1,,,,1,1,1,6,48,4,,2,,,,,,,,8,11,25,,2,,,,1,1,1,1,2,2,2,2,2,2,2,,1,1,1,1,2,2,1,1,9,,97,11,1,01,1,1101,1160000,19,646.93731738,
5359556,1,4,1,60,2,19,1,2,2,6,1,,,1,2,2,1,0,,2,,2,1100000,2,,,2,,2,,2,,2,,2,,,9,,,2,,,9,,,2,,,2,,,2,,2,,2,,2,,2,,2,,,.,,,,,,,,,.,4,,,,,,,,,48,,.,24,7,APENAS COMENZO A TRABAJAR,7,2,,1,,1,1,1,1,1,1,,,,,,,,,1,1,1,18,12,1,,2,,,,,,,,2,11,20,,2,,,,2,,,,,,,,,,,,,,1,1,1,2,1,1,3,,59,86,1,01,1,8610,1100000,19,1306.808597,
5359557,1,1,1,60,2,19,2,,,,,,,,,,,240,,,,,,,,,,,,,,,,,,,,,,,,,,,,,,,,,,,,,,,,,,,,,,,6,,,,,3,300000,1,2000000,3,,12,2,,,,,3,3,2,40,,.,40,,,1,6,,2,,2,,,,1,,,,,,,,,1,2,2,2,,,,,2,,,,,,,,,2,20,,2,,,,2,,,,,,,,,,,,,,1,1,1,2,2,1,9,,97,52,1,01,4,5224,300000,19,1227.4973426,
5359558,1,1,1,60,2,19,1,2,1,,1,,,1,1,1,1,300,,1,,2,877803,2,,,2,,2,,2,,2,,2,,,2,,,2,,,2,,,2,,,2,,,2,,1,450000,2,,2,,2,,2,,,.,,,,,,,,,.,12,,,,,,,,,48,,.,48,,,9,8,,1,,1,2,1,21,1,1,,,,,,,,,1,2,2,,,,,2,,,,,,,,,11,30,,2,,,,1,1,1,1,2,2,2,2,2,2,2,,2,9,1,2,1,2,1,1,1,,62,01,1,01,1,0121,877803,19,1135.73099,
5359559,1,2,1,60,2,19,2,,,,,,,,,,,450,,,,,,,,,,,,,,,,,,,,,,,,,,,,,,,,,,,,,,,,,,,,,,,6,,,,,3,240000,1,1800000,3,,8,2,,,,,2,5,2,24,2,,24,,,1,8,,2,,2,,,,1,,,,,,,,,1,2,2,2,,,,,2,,,,,,,,,13,60,,2,,,,2,,,,,,,,,,,,,,1,1,1,2,2,1,9,,61,01,1,01,4,0161,240000,19,646.93731738,
5359561,1,2,1,60,2,19,1,2,1,,1,,,1,2,1,1,1,,2,,2,877803,2,,,2,,2,,2,,2,,2,,,1,102000,2,2,,,2,,,2,,,2,,,2,,2,,2,,2,,2,,2,,,.,,,,,,,,,.,3,,,,,,,,,48,,.,48,,,9,7,,1,,1,1,1,2,1,1,,,,,,,,,1,1,1,9,5,1,,2,,,,,,,,7,1,15,,2,,,,2,,,,,,,,,,,,,,1,1,1,2,1,1,5,,97,47,1,01,1,4711,877803,19,766.3330182,
5359562,1,1,1,60,2,19,2,,,,,,,,,,,480,,,,,,,,,,,,,,,,,,,,,,,,,,,,,,,,,,,,,,,,,,,,,,,6,,,,,3,100000,1,3600000,3,,5,2,,,,,2,10,2,32,1,,16,6,,1,8,,2,,2,,,,1,,,,,,,,,1,2,2,1,0,2,1,,2,,,,,,,,3,3,30,1,1,12,1,1,1,1,1,1,2,2,2,2,1,1,2,,1,1,1,2,2,2,2,1,7,,61,01,1,01,4,0161,100000,19,1493.1990894,
5359563,1,2,1,60,2,19,2,,,,,,,,,,,324,,,,,,,,,,,,,,,,,,,,,,,,,,,,,,,,,,,,,,,,,,,,,,,6,,,,,3,300000,1,2000000,3,,12,2,,,,,2,3,2,24,2,,24,,,1,8,,2,,2,,,,1,,,,,,,,,1,2,2,2,,,,,2,,,,,,,,,11,30,,2,,,,2,,,,,,,,,,,,,,1,1,1,2,2,1,3,,62,01,1,01,4,0161,300000,19,646.93731738,
5359564,1,3,1,60,2,19,1,2,1,,1,,,1,1,1,1,60,,5,,2,2300000,2,,,2,,2,,2,,2,,2,,,2,,,2,,,2,,,2,,,2,,,1,1150000,1,1150000,1,2300000,2,,2,,2,,,.,,,,,,,,,.,12,,,,,,,,,30,3,ES LO ESTIPULADO EN EL MAGISTERIO,30,,,9,7,,1,,1,3,1,5,1,1,,,,,,,,,1,2,1,2,24,1,,2,,,,,,,,8,11,120,,2,,,,2,,,,,,,,,,,,,,1,1,1,1,1,1,1,,13,85,1,01,2,8530,2300000,19,2046.1168668,
5359564,1,10,1,60,2,19,1,1,,,1,,,2,2,2,2,12,,1,,2,450000,2,,,1,120000,2,,2,,2,,2,,,2,,,2,,,2,,,2,,,2,,,2,,2,,2,,2,,2,,2,,,.,,,,,,,,,.,8,,,,,,,,,48,,.,48,,,3,7,,2,,2,,,,1,,,,,,,,,1,2,2,1,2,8,1,,2,,,,,,,,7,1,40,,2,,,,1,1,1,1,2,2,2,2,1,2,2,,1,2,1,2,1,2,1,1,3,,53,56,1,01,1,5613,570000,19,2046.1168668,
5359565,1,1,1,60,2,19,2,,,,,,,,,,,36,,,,,,,,,,,,,,,,,,,,,,,,,,,,,,,,,,,,,,,,,,,,,,,6,,,,,3,600000,1,3500000,3,,7,2,,,,,2,3,2,40,,.,40,,,1,9,,2,,2,,,,1,,,,,,,,,1,2,2,2,,,,,2,,,,,,,,,11,15,,2,,,,2,,,,,,,,,,,,,,1,1,2,2,1,1,9,,95,41,1,01,4,4111,600000,19,1784.0126165,
5359565,1,2,1,60,2,19,2,,,,,,,,,,,12,,,,,,,,,,,,,,,,,,,,,,,,,,,,,,,,,,,,,,,,,,,,,,,6,,,,,3,150000,1,800000,3,,12,2,,,,,2,3,1,48,,.,48,,,1,8,,2,,2,,,,1,,,,,,,,,1,2,2,2,,,,,2,,,,,,,,,11,15,,2,,,,1,1,1,1,2,2,2,2,1,2,2,,2,1,2,2,2,2,1,1,3,,71,07,1,01,4,0722,150000,19,1784.0126165,
5359565,1,4,1,60,2,19,2,,,,,,,,,,,6,,,,,,,,,,,,,,,,,,,,,,,,,,,,,,,,,,,,,,,,,,,,,,,6,,,,,3,900000,1,4500000,3,,5,2,,,,,2,3,1,40,,.,40,,,1,7,,2,,2,,,,1,,,,,,,,,1,2,2,1,3,24,4,,2,,,,,,,,8,11,15,,2,,,,1,1,1,1,2,2,2,2,2,2,2,,2,1,2,2,2,2,2,1,2,,84,45,1,01,4,4542,900000,19,1784.0126165,
5359566,1,1,1,60,2,19,2,,,,,,,,,,,240,,,,,,,,,,,,,,,,,,,,,,,,,,,,,,,,,,,,,,,,,,,,,,,7,,2,,,2,0,1,400000,3,,4,2,,,,,2,3,2,24,2,,24,,,1,8,,2,,2,,,,1,,,,1,,,,,,2,2,2,,,,,2,,,,,,,,,3,10,,2,,,,2,,,,,,,,,,,,,,2,2,2,2,1,1,3,,61,01,1,01,4,0124,0,19,1261.3542239,
5359566,1,3,1,60,2,19,2,,,,,,,,,,,24,,,,,,,,,,,,,,,,,,,,,,,,,,,,,,,,,,,,,,,,,,,,,,,6,,,,,3,320000,1,2400000,3,,12,2,,,,,2,3,2,24,2,,24,,,1,8,,2,,2,,,,1,,,,,,,,,1,2,2,2,,,,,2,,,,,,,,,12,40,,2,,,,2,,,,,,,,,,,,,,1,2,2,2,2,1,3,,62,01,1,01,4,0161,320000,19,1261.3542239,
5359566,1,4,1,60,2,19,2,,,,,,,,,,,12,,,,,,,,,,,,,,,,,,,,,,,,,,,,,,,,,,,,,,,,,,,,,,,6,,,,,3,600000,1,2000000,3,,10,2,,,,,2,3,2,48,,.,48,,,1,4,,2,,2,,,,1,,,,,,1,,,,2,2,2,,,,,2,,,,,,,,,11,20,,2,,,,2,,,,,,,,,,,,,,1,1,2,2,1,1,3,,98,49,1,01,4,4921,600000,19,1261.3542239,
5359567,1,1,1,60,2,19,2,,,,,,,,,,,360,,,,,,,,,,,,,,,,,,,,,,,,,,,,,,,,,,,,,,,,,,,,,,,7,,2,,,2,0,1,2200000,3,,12,2,,,,,1,10,2,40,,.,40,,,1,8,,2,,2,,,,1,,,,,,,,,1,2,2,2,,,,,1,19,0,4,,250000,1,8,,3,20,,2,,,,1,1,1,1,2,2,2,2,1,1,2,,2,1,2,2,1,2,1,1,8,,61,01,1,01,4,0113,250000,19,646.93731738,
5359569,1,1,1,60,2,19,2,,,,,,,,,,,180,,,,,,,,,,,,,,,,,,,,,,,,,,,,,,,,,,,,,,,,,,,,,,,6,,,,,3,480000,1,5200000,3,,12,2,,,,,2,1,2,32,1,,32,,,1,8,,2,,2,,,,1,,,,,,,,,1,2,2,2,,,,,2,,,,,,,,,11,10,,2,,,,1,1,2,1,2,2,2,2,1,1,2,,1,1,1,2,2,2,2,1,7,,61,01,1,01,4,0161,480000,19,2522.4319825,
5359570,1,1,1,60,2,19,2,,,,,,,,,,,48,,,,,,,,,,,,,,,,,,,,,,,,,,,,,,,,,,,,,,,,,,,,,,,6,,,,,3,400000,1,2500000,3,,8,2,,,,,2,3,2,24,1,,24,,,1,8,,2,,2,,,,1,,,,,,,,,1,2,2,2,,,,,1,19,16,4,,60000,1,4,,11,20,,1,30,1,1,1,1,1,1,2,2,2,2,2,2,2,,1,1,1,1,1,2,2,1,3,,61,01,1,01,4,0161,460000,19,2270.4027577,
5359579,1,3,1,60,2,19,2,,,,,,,,,,,12,,,,,,,,,,,,,,,,,,,,,,,,,,,,,,,,,,,,,,,,,,,,,,,6,,,,,3,100000,1,2400000,2,,9,2,,,,,2,4,2,40,,.,40,,,1,8,,2,,2,,,,1,,,,,,,,,1,2,2,2,,,,,2,,,,,,,,,1,120,,2,,,,1,1,2,1,2,1,2,2,1,1,2,,2,9,2,2,1,2,2,1,3,,61,01,1,01,4,0161,100000,19,817.32447306,
5359579,1,4,1,60,2,19,2,,,,,,,,,,,12,,,,,,,,,,,,,,,,,,,,,,,,,,,,,,,,,,,,,,,,,,,,,,,6,,,,,3,0,1,1800000,3,,8,2,,,,,2,4,2,40,,.,32,6,,1,8,,2,,2,,,,1,,,,,,,,,1,2,2,2,,,,,2,,,,,,,,,3,30,2,2,,,,2,,,,,,,,,,,,,,1,2,1,2,2,1,3,,61,01,1,01,4,0161,0,19,817.32447306,
5359580,1,1,1,60,2,19,2,,,,,,,,,,,300,,,,,,,,,,,,,,,,,,,,,,,,,,,,,,,,,,,,,,,,,,,,,,,6,,,,,3,160000,1,1400000,3,,12,2,,,,,2,1,2,24,1,,24,,,1,8,,2,,2,,,,1,,,,,,1,,,,2,2,2,,,,,2,,,,,,,,,3,30,,1,24,1,1,2,,,,,,,,,,,,,,1,1,1,2,2,1,3,,61,01,1,01,4,0161,160000,19,1241.1698647,
5359580,1,2,1,60,2,19,2,,,,,,,,,,,240,,,,,,,,,,,,,,,,,,,,,,,,,,,,,,,,,,,,,,,,,,,,,,,6,,,,,3,200000,1,350000,1,,2,2,,,,,2,1,2,24,1,,24,,,1,8,,2,,2,,,,1,,,,,,1,,,,2,2,2,,,,,2,,,,,,,,,3,20,,1,30,1,1,1,1,1,1,2,2,2,2,2,2,2,,2,1,1,2,1,2,1,1,3,,61,01,1,01,4,0161,200000,19,1241.1698647,
5359580,1,3,1,60,2,19,2,,,,,,,,,,,36,,,,,,,,,,,,,,,,,,,,,,,,,,,,,,,,,,,,,,,,,,,,,,,6,,,,,3,200000,1,1200000,3,,12,2,,,,,2,1,1,24,1,,24,,,1,8,,2,,2,,,,1,,,,,,,,,1,2,2,2,,,,,2,,,,,,,,,3,25,,1,30,1,1,1,1,1,1,2,2,2,2,2,2,2,,1,1,1,2,2,2,2,1,3,,61,01,1,01,4,0161,200000,19,1241.1698647,
5359582,1,1,1,60,2,19,2,,,,,,,,,,,450,,,,,,,,,,,,,,,,,,,,,,,,,,,,,,,,,,,,,,,,,,,,,,,7,,2,,,2,250000,1,500000,3,,12,2,,,,,2,3,2,24,2,,24,,,1,8,,2,,2,,,,1,,,,1,,,,,,2,2,2,,,,,1,19,12,4,,200000,1,1,,3,10,,2,,,,2,,,,,,,,,,,,,,1,1,1,2,1,1,5,,61,01,1,01,4,0123,450000,19,1227.4973426,
5359584,1,1,1,60,2,19,2,,,,,,,,,,,12,,,,,,,,,,,,,,,,,,,,,,,,,,,,,,,,,,,,,,,,,,,,,,,7,,2,,,3,0,1,9500000,3,,12,2,,,,,2,3,2,40,,.,0,1,,1,8,,2,,2,,,,1,,,,,,,,,1,2,2,2,,,,,1,19,0,4,,200000,1,8,,3,5,1,2,,,,2,,,,,,,,,,,,,,1,1,1,2,1,1,3,,61,01,1,01,4,0145,200000,19,646.93731738,
5359585,1,1,1,60,2,19,2,,,,,,,,,,,420,,,,,,,,,,,,,,,,,,,,,,,,,,,,,,,,,,,,,,,,,,,,,,,7,,2,,,2,100000,1,400000,3,,12,2,,,,,2,1,2,40,,.,40,,,1,8,,2,,2,,,,1,,,,1,,,,,,2,2,1,10,18,1,,2,,,,,,,,1,3,30,,1,20,1,1,1,1,1,1,2,2,2,2,2,2,2,,1,1,2,2,2,2,1,1,9,,61,01,1,01,4,0123,100000,19,646.93731738,
5359585,1,3,1,60,2,19,2,,,,,,,,,,,48,,,,,,,,,,,,,,,,,,,,,,,,,,,,,,,,,,,,,,,,,,,,,,,7,,2,,,2,50000,1,200000,3,,12,2,,,,,2,3,2,40,,.,40,,,1,8,,2,,2,,,,1,,,,,,,,,1,2,2,2,,,,,2,,,,,,,,,3,20,,1,20,1,1,1,1,1,1,2,2,2,2,2,2,2,,1,1,2,2,1,2,2,1,3,,61,01,1,01,4,0123,50000,19,646.93731738,
5359586,1,2,1,60,2,19,1,1,,,1,,,2,2,2,2,1,,1,,2,900000,2,,,2,,2,,2,,2,,2,,,2,,,2,,,2,,,2,,,2,,,2,,2,,2,,2,,2,,2,,,.,,,,,,,,,.,6,,,,,,,,,45,,.,45,,,4,9,,2,,2,,,,1,,,,,,,,,1,2,2,1,6,6,1,,2,,,,,,,,13,12,30,,2,,,,2,,,,,,,,,,,,,,1,1,1,2,2,1,8,,95,42,1,01,1,4210,900000,19,646.93731738,
5359588,1,1,1,60,2,19,2,,,,,,,,,,,84,,,,,,,,,,,,,,,,,,,,,,,,,,,,,,,,,,,,,,,,,,,,,,,6,,,,,3,150000,1,500000,3,,6,2,,,,,2,1,2,24,2,,24,,,1,8,,3,,2,,,,1,,,,,,1,,,,2,2,2,,,,,2,,,,,,,,,3,20,,1,24,2,1,1,1,1,1,2,2,2,2,1,2,2,,1,1,1,1,1,2,1,1,3,,61,01,1,01,4,0123,150000,19,646.93731738,
5359589,1,1,1,60,2,19,2,,,,,,,,,,,60,,,,,,,,,,,,,,,,,,,,,,,,,,,,,,,,,,,,,,,,,,,,,,,,.,,,,,,,,,.,6,,,,,,,,,30,2,,20,6,,2,8,,2,,2,,,,1,,,,,,,,,1,2,2,1,6,1,4,,2,,,,,,,,1,3,10,2,2,,,,1,1,2,1,2,2,2,2,1,2,2,,2,9,1,2,1,2,1,1,3,,62,01,1,01,6,0123,,19,2587.7492695,
5359589,1,2,1,60,2,19,2,,,,,,,,,,,60,,,,,,,,,,,,,,,,,,,,,,,,,,,,,,,,,,,,,,,,,,,,,,,7,,2,,,2,250000,1,1500000,3,,12,1,1,0,0,1,2,9,2,40,,.,40,,,2,8,,2,,2,,,,1,,,,,,,,,1,2,2,1,0,24,1,,2,,,,,,,,2,3,10,,2,,,,2,,,,,,,,,,,,,,1,1,1,2,1,1,7,,61,01,1,01,4,0123,250000,19,2587.7492695,
5359590,1,2,1,60,2,19,2,,,,,,,,,,,300,,,,,,,,,,,,,,,,,,,,,,,,,,,,,,,,,,,,,,,,,,,,,,,7,,2,,,2,300000,1,700000,3,,12,2,,,,,2,3,2,40,,.,40,,,1,8,,2,,2,,,,1,,,,1,,,,,,2,2,2,,,,,2,,,,,,,,,3,20,,2,,,,2,,,,,,,,,,,,,,1,1,1,2,2,1,9,,61,01,1,01,4,0123,300000,19,1562.2987236,
5359590,1,3,1,60,2,19,2,,,,,,,,,,,60,,,,,,,,,,,,,,,,,,,,,,,,,,,,,,,,,,,,,,,,,,,,,,,6,,,,,3,0,1,600000,3,,6,2,,,,,2,3,2,24,1,,0,1,,1,8,,2,,2,,,,1,,,,,,,,,1,2,2,2,,,,,2,,,,,,,,,3,25,2,1,20,1,1,2,,,,,,,,,,,,,,2,2,2,2,2,2,9,,62,01,1,01,4,0161,0,19,1562.2987236,
5359590,1,5,1,60,2,19,2,,,,,,,,,,,60,,,,,,,,,,,,,,,,,,,,,,,,,,,,,,,,,,,,,,,,,,,,,,,6,,,,,3,60000,1,400000,3,,6,2,,,,,2,3,2,16,1,,0,6,,1,8,,2,,2,,,,1,,,,,,,,,1,2,2,2,,,,,2,,,,,,,,,3,60,2,1,30,1,1,1,1,1,1,2,2,2,2,1,2,2,,1,1,2,2,2,2,2,1,3,,62,01,1,01,4,0161,60000,19,1562.2987236,
5359590,1,6,1,60,2,19,2,,,,,,,,,,,48,,,,,,,,,,,,,,,,,,,,,,,,,,,,,,,,,,,,,,,,,,,,,,,6,,,,,3,380000,1,1200000,3,,8,2,,,,,2,3,2,24,2,,16,6,,1,8,,2,,2,,,,1,,,,,,,,,1,2,2,2,,,,,2,,,,,,,,,3,30,2,1,8,1,1,1,1,1,1,2,2,2,2,2,2,2,,1,1,2,2,2,2,1,1,3,,62,01,1,01,4,0161,380000,19,1562.2987236,
5359595,1,1,1,60,2,19,2,,,,,,,,,,,240,,,,,,,,,,,,,,,,,,,,,,,,,,,,,,,,,,,,,,,,,,,,,,,7,,2,,,2,0,1,1100000,3,,12,2,,,,,1,3,2,49,,.,27,6,,1,8,,2,,2,,,,1,,,,,,,,,1,2,2,1,0,300,6,,2,,,,,,,,8,11,7,2,2,,,,2,,,,,,,,,,,,,,1,1,1,2,1,1,5,,61,01,1,01,4,0123,0,19,646.93731738,
5359595,1,3,1,60,2,19,2,,,,,,,,,,,48,,,,,,,,,,,,,,,,,,,,,,,,,,,,,,,,,,,,,,,,,,,,,,,6,,,,,3,300000,1,1500000,3,,11,2,,,,,2,3,1,40,,.,32,6,,1,8,,2,,2,,,,1,,,,,,,,,1,2,2,2,,,,,2,,,,,,,,,11,15,2,2,,,,2,,,,,,,,,,,,,,1,1,1,2,1,1,3,,61,01,1,01,4,0161,300000,19,646.93731738,
5359596,1,1,1,60,2,19,1,1,,,1,,,2,2,2,2,12,,1,,2,600000,2,,,2,,2,,2,,2,,2,,,2,,,2,,,2,,,2,,,2,,,2,,2,,2,,2,,2,,2,,,.,,,,,,,,,.,12,,,,,,,,,44,,.,44,,,2,8,,2,,2,,,,1,,,,,,,,,1,2,2,1,1,6,1,,2,,,,,,,,3,3,5,,2,,,,1,1,1,1,2,1,2,2,1,2,2,,2,1,2,2,1,2,2,1,8,,60,01,1,01,1,0141,600000,19,1557.4864888,
5359596,1,7,1,60,2,19,2,,,,,,,,,,,3,,,,,,,,,,,,,,,,,,,,,,,,,,,,,,,,,,,,,,,,,,,,,,,,.,,,,,,,,,.,3,,,,,,,,,44,,.,44,,,2,8,,2,,,,,,1,,,,,,,,,1,2,2,2,,,,,2,,,,,,,,,3,5,,2,,,,2,,,,,,,,,,,,,,1,1,1,2,2,1,3,,62,01,1,01,6,0141,,19,1557.4864888,
5359597,1,1,1,60,2,19,1,1,,,1,,,1,2,2,2,2,,1,,2,800000,2,,,2,,2,,2,,2,,2,,,2,,,2,,,2,,,2,,,2,,,2,,2,,2,,2,,2,,2,,,.,,,,,,,,,.,12,,,,,,,,,45,,.,45,,,3,9,,6,,2,,,,1,,,,,,,,,1,2,2,2,,,,,1,19,0,4,,0,1,8,,11,5,,2,,,,2,,,,,,,,,,,,,,1,1,1,2,2,1,5,,95,42,1,01,1,4210,800000,19,1201.3697223,
5359598,1,1,1,60,2,19,2,,,,,,,,,,,2,,,,,,,,,,,,,,,,,,,,,,,,,,,,,,,,,,,,,,,,,,,,,,,7,,2,,,2,800000,1,3200000,3,,5,1,1,0,0,1,2,3,2,48,,.,21,6,,2,7,,4,,2,,,,1,,,,,,,,,1,2,2,1,7,12,4,,2,,,,,,,,13,3,2,2,2,,,,2,,,,,,,,,,,,,,1,1,1,2,1,1,5,,61,01,1,01,4,0145,800000,19,2126.1795807,
5359598,1,2,1,60,2,19,2,,,,,,,,,,,2,,,,,,,,,,,,,,,,,,,,,,,,,,,,,,,,,,,,,,,,,,,,,,,,.,,,,,,,,,.,5,,,,,,,,,3,2,,3,,,2,7,,6,,2,,,,1,,,,,,,,,1,2,2,1,7,12,6,,2,,,,,,,,13,3,2,,2,,,,2,,,,,,,,,,,,,,1,2,1,2,1,1,3,,62,01,1,01,6,0145,,19,2126.1795807,
5359601,1,1,1,60,2,19,2,,,,,,,,,,,108,,,,,,,,,,,,,,,,,,,,,,,,,,,,,,,,,,,,,,,,,,,,,,,6,,,,,3,300000,1,3600000,3,,12,2,,,,,2,10,1,24,1,,24,,,1,8,,4,,2,,,,1,,,,,,,,,1,2,2,1,0,72,1,,2,,,,,,,,9,11,15,,1,24,2,1,1,1,2,1,2,1,2,2,1,2,2,,2,1,2,2,1,2,2,1,8,,62,01,1,01,4,0161,300000,19,2587.7492695,
5359602,1,1,1,60,2,19,2,,,,,,,,,,,540,,,,,,,,,,,,,,,,,,,,,,,,,,,,,,,,,,,,,,,,,,,,,,,6,,,,,3,240000,1,2880000,3,,12,2,,,,,2,10,2,24,1,,24,,,1,8,,2,,2,,,,1,,,,,,,,,1,2,2,2,,,,,2,,,,,,,,,3,20,,1,24,2,1,2,,,,,,,,,,,,,,1,1,1,2,1,1,3,,61,01,1,01,4,0161,240000,19,681.6412556,
5359605,1,1,1,60,2,19,2,,,,,,,,,,,120,,,,,,,,,,,,,,,,,,,,,,,,,,,,,,,,,,,,,,,,,,,,,,,7,,2,,,2,200000,1,2200000,3,,12,2,,,,,2,1,1,45,,.,45,,,1,8,,2,,2,,,,1,,,,,,,,,1,2,2,1,0,348,4,,2,,,,,,,,8,3,1,,2,,,,2,,,,,,,,,,,,,,1,2,2,2,1,1,5,,61,01,1,01,4,0123,200000,19,1241.1698647,
5359605,1,2,1,60,2,19,2,,,,,,,,,,,1,,,,,,,,,,,,,,,,,,,,,,,,,,,,,,,,,,,,,,,,,,,,,,,6,,,,,3,540000,1,540000,1,,3,2,,,,,2,1,1,60,,.,12,6,,1,2,,2,,2,,,,1,,,,,,,,,1,2,2,1,9,120,4,,2,,,,,,,,13,3,40,1,2,,,,2,,,,,,,,,,,,,,1,2,1,2,2,1,3,,54,81,1,01,4,8121,540000,19,1241.1698647,
5359606,1,1,1,60,2,19,1,1,,,1,,,2,2,2,2,144,,1,,2,600000,2,,,2,,2,,2,,2,,2,,,2,,,2,,,2,,,2,,,2,,,2,,2,,2,,2,,2,,2,,,.,,,,,,,,,.,12,,,,,,,,,40,,.,40,,,3,8,,2,,2,,,,1,,,,,,,,,1,2,2,1,0,0,1,,2,,,,,,,,3,11,15,,2,,,,2,,,,,,,,,,,,,,1,1,1,2,1,2,3,,62,01,1,01,1,0161,600000,19,1610.5678364,
5359606,1,2,1,60,2,19,1,1,,,1,,,2,2,2,2,144,,1,,2,360000,2,,,2,,2,,2,,2,,2,,,2,,,2,,,2,,,2,,,2,,,2,,2,,2,,2,,2,,2,,,.,,,,,,,,,.,12,,,,,,,,,24,2,,24,,,3,8,,2,,2,,,,1,,,,,,,,,1,2,2,2,,,,,1,19,16,4,,,2,8,,11,15,,2,,,,2,,,,,,,,,,,,,,1,1,1,2,2,1,3,,62,01,1,01,1,0161,360000,19,1610.5678364,
5359606,1,3,1,60,2,19,2,,,,,,,,,,,12,,,,,,,,,,,,,,,,,,,,,,,,,,,,,,,,,,,,,,,,,,,,,,,,.,,,,,,,,,.,12,,,,,,,,,24,2,,24,,,2,8,,2,,2,,,,1,,,,,,,,,1,2,2,2,,,,,2,,,,,,,,,3,10,,2,,,,2,,,,,,,,,,,,,,1,2,2,2,1,1,5,,62,01,1,01,6,0123,,19,1610.5678364,
5359607,1,1,1,60,2,19,2,,,,,,,,,,,36,,,,,,,,,,,,,,,,,,,,,,,,,,,,,,,,,,,,,,,,,,,,,,,6,,,,,3,350000,1,2800000,3,,12,2,,,,,2,1,1,40,,.,24,6,,1,8,,2,,2,,,,1,,,,,,,,,1,2,2,1,0,24,1,,1,19,16,4,,0,1,8,1,3,10,1,2,,,,1,1,2,1,2,1,2,2,1,2,2,,2,1,2,2,1,2,2,1,5,,61,01,1,01,4,0161,350000,19,2112.2591129,
5359607,1,5,1,60,2,19,2,,,,,,,,,,,6,,,,,,,,,,,,,,,,,,,,,,,,,,,,,,,,,,,,,,,,,,,,,,,7,,2,,,2,60000,1,360000,3,,6,2,,,,,3,1,1,35,2,,35,,,1,1,,2,,2,,,,1,,,,,,,,,1,2,2,2,,,,,2,,,,,,,,,14,,,2,,,,1,1,2,1,2,1,2,2,2,2,2,,2,1,1,2,1,2,2,1,3,,41,47,1,01,4,4711,60000,19,2112.2591129,
5359608,1,1,1,60,2,19,2,,,,,,,,,,,72,,,,,,,,,,,,,,,,,,,,,,,,,,,,,,,,,,,,,,,,,,,,,,,6,,,,,3,360000,1,3240000,3,,9,2,,,,,2,1,1,24,1,,24,,,1,8,,2,,2,,,,1,,,,,,,,,1,2,2,2,,,,,2,,,,,,,,,3,25,,1,24,2,1,1,1,2,1,2,1,2,2,1,2,2,,2,1,2,2,2,2,2,1,5,,61,01,1,01,4,0161,360000,19,910.55619522,
5359608,1,2,1,60,2,19,2,,,,,,,,,,,120,,,,,,,,,,,,,,,,,,,,,,,,,,,,,,,,,,,,,,,,,,,,,,,6,,,,,3,360000,1,3240000,3,,9,2,,,,,2,1,1,24,1,,24,,,1,8,,2,,2,,,,1,,,,,,,,,1,2,2,1,0,36,3,,2,,,,,,,,9,3,20,,1,24,2,1,1,1,2,1,2,1,2,2,1,2,2,,2,1,2,2,1,2,2,1,3,,61,01,1,01,4,0161,360000,19,910.55619522,
5359610,1,1,1,60,2,19,2,,,,,,,,,,,96,,,,,,,,,,,,,,,,,,,,,,,,,,,,,,,,,,,,,,,,,,,,,,,7,,2,,,2,300000,1,600000,3,,12,2,,,,,2,3,2,40,,.,30,6,,1,8,,2,,2,,,,1,,,,,,,,,1,2,2,1,0,588,4,,2,,,,,,,,8,3,5,1,2,,,,2,,,,,,,,,,,,,,1,1,1,2,1,1,5,,61,01,1,01,4,0113,300000,19,646.93731738,
5359611,1,2,1,60,2,19,1,1,,,1,,,2,2,2,2,180,,,,,,,,,,,,,,,,,,,,,,,,,,,,,,,,,,,,,,,,,,,,,,,2,,,,,3,200000,1,3600000,3,,9,2,,,,,2,1,1,24,1,,24,,,1,2,,2,,2,,,,1,,,,,,,,,1,2,2,2,,,,,1,19,24,4,,1200000,1,8,,11,30,,2,,,,1,1,1,1,2,1,2,2,1,1,2,,2,1,2,2,2,2,2,1,5,,95,41,1,01,4,4111,1400000,19,1696.6819211,
5359612,1,1,1,60,2,19,1,1,,,1,,,1,2,2,2,2,,,,,,,,,,,,,,,,,,,,,,,,,,,,,,,,,,,,,,,,,,,,,,,6,,,,,3,75000,1,400000,3,,8,2,,,,,1,1,2,27,2,,18,6,,2,8,,2,,2,,,,1,,,,,,,,,1,2,2,1,4,48,4,,2,,,,,,,,9,3,15,2,2,,,,2,,,,,,,,,,,,,,1,2,1,2,1,1,5,,62,01,1,01,4,0125,75000,19,646.93731738,
5359614,1,3,1,60,2,19,1,1,,,1,,,2,2,2,2,0,,1,,2,500000,2,,,2,,2,,2,,2,,2,,,2,,,2,,,2,,,2,,,2,,,2,,2,,2,,2,,2,,2,,,.,,,,,,,,,.,1,,,,,,,,,32,1,,32,,,3,2,,2,,2,,,,1,,,,,,,,,1,2,2,2,,,,,2,,,,,,,,,11,60,,1,16,2,1,1,1,1,1,2,1,2,2,1,2,2,,2,1,2,2,2,2,2,1,3,,95,41,1,01,1,4111,500000,19,1766.998166,
5359615,1,2,1,60,2,19,2,,,,,,,,,,,12,,,,,,,,,,,,,,,,,,,,,,,,,,,,,,,,,,,,,,,,,,,,,,,6,,,,,3,150000,1,450000,3,,12,2,,,,,2,1,1,40,,.,24,6,,1,8,,10,,2,,,,1,,,,,,,,,1,2,2,1,99,120,4,,1,19,16,4,,0,1,8,13,3,60,2,2,,,,1,1,2,1,2,1,2,2,1,2,2,,1,1,1,2,1,2,2,1,5,,61,01,1,01,4,0161,150000,19,1408.5073268,
5359616,1,1,1,60,2,19,1,1,,,1,,,2,2,2,2,48,,1,,2,400000,2,,,1,200000,2,,2,,2,,2,,,2,,,2,,,2,,,2,,,2,,,2,,2,,2,,2,,2,,2,,,.,,,,,,,,,.,9,,,,,,,,,45,,.,45,,,1,2,,2,,2,,,,1,,,,,,,,,1,2,2,1,0,36,3,,2,,,,,,,,1,3,30,,2,,,,2,,,,,,,,,,,,,,1,1,1,2,2,1,3,,54,97,1,01,3,9700,600000,19,745.36590212,
5359616,1,2,1,60,2,19,2,,,,,,,,,,,168,,,,,,,,,,,,,,,,,,,,,,,,,,,,,,,,,,,,,,,,,,,,,,,7,,2,,,2,1200000,1,7400000,3,,12,2,,,,,2,3,2,44,,.,44,,,1,8,,2,,2,,,,1,,,,,,,,,1,2,2,2,,,,,2,,,,,,,,,3,30,,2,,,,2,,,,,,,,,,,,,,1,1,1,1,1,1,3,,61,01,1,01,4,0123,1200000,19,745.36590212,
5359616,1,3,1,60,2,19,2,,,,,,,,,,,12,,,,,,,,,,,,,,,,,,,,,,,,,,,,,,,,,,,,,,,,,,,,,,,7,,2,,,2,0,1,0,3,,12,2,,,,,4,8,1,40,,.,40,,,1,8,,2,,2,,,,1,,,,1,,,,,,2,2,1,24,24,3,,2,,,,,,,,9,3,5,,2,,,,2,,,,,,,,,,,,,,1,1,1,2,1,1,3,,61,01,1,01,4,0123,0,19,745.36590212,
5359617,1,1,1,60,2,19,2,,,,,,,,,,,36,,,,,,,,,,,,,,,,,,,,,,,,,,,,,,,,,,,,,,,,,,,,,,,7,,2,,,2,1300000,1,4000000,3,,12,2,,,,,2,3,2,40,,.,40,,,1,8,,2,,2,,,,1,,,,,,,,,1,2,2,1,0,192,4,,2,,,,,,,,8,3,4,,2,,,,2,,,,,,,,,,,,,,1,1,1,2,2,1,5,,61,01,1,01,4,0123,1300000,19,1531.9833917,
5359617,1,2,1,60,2,19,1,1,,,1,,,1,2,2,2,36,,1,,2,420000,2,,,1,180000,2,,2,,2,,2,,,2,,,2,,,2,,,2,,,2,,,2,,2,,2,,2,,2,,2,,,.,,,,,,,,,.,12,,,,,,,,,33,2,,33,,,4,7,,2,,2,,,,1,,,,,,,,,1,2,2,2,,,,,2,,,,,,,,,11,15,,2,,,,2,,,,,,,,,,,,,,1,1,1,2,1,1,3,,53,56,1,01,1,5611,600000,19,1531.9833917,
5359618,1,1,1,60,2,19,2,,,,,,,,,,,60,,,,,,,,,,,,,,,,,,,,,,,,,,,,,,,,,,,,,,,,,,,,,,,7,,2,,,2,100000,1,900000,3,,12,1,1,0,0,1,2,1,1,32,1,,32,,,2,8,,2,,2,,,,1,,,,,,,,,1,2,2,1,0,192,4,,1,19,8,4,,0,1,8,8,11,5,,1,8,1,1,1,1,2,1,2,2,2,2,2,2,2,,2,1,1,2,2,2,1,1,5,,61,01,1,01,4,0123,100000,19,1637.4222665,
5359618,1,2,1,60,2,19,2,,,,,,,,,,,60,,,,,,,,,,,,,,,,,,,,,,,,,,,,,,,,,,,,,,,,,,,,,,,,.,,,,,,,,,.,10,,,,,,,,,32,2,,24,6,,2,8,,2,,2,,,,1,,,,,,,,,1,2,2,1,0,2,1,,2,,,,,,,,13,11,5,2,1,18,2,1,1,1,2,1,2,2,2,2,1,2,2,,2,1,1,2,2,2,1,1,3,,62,01,1,01,6,0123,,19,1637.4222665,
5359619,1,1,1,60,2,19,2,,,,,,,,,,,84,,,,,,,,,,,,,,,,,,,,,,,,,,,,,,,,,,,,,,,,,,,,,,,7,,2,,,3,1000000,1,12000000,3,,9,1,1,0,1,0,3,3,2,32,2,,32,,,2,8,,2,,2,,,,1,,,,,,,,,1,2,2,1,4,9,1,,2,,,,,,,,2,11,15,,2,,,,1,1,1,1,2,1,2,2,1,1,2,,2,1,1,1,1,2,1,1,3,,71,08,1,01,4,0811,1000000,19,2033.6746682,
5359619,1,2,1,60,2,19,2,,,,,,,,,,,108,,,,,,,,,,,,,,,,,,,,,,,,,,,,,,,,,,,,,,,,,,,,,,,7,,2,,,2,1000000,1,12000000,3,,9,1,1,0,1,0,3,3,2,32,2,,32,,,2,8,,2,,2,,,,1,,,,,,,,,1,2,2,2,,,,,2,,,,,,,,,11,15,,2,,,,2,,,,,,,,,,,,,,1,1,1,2,1,1,3,,71,08,1,01,4,0811,1000000,19,2033.6746682,
5359620,1,1,1,60,2,19,2,,,,,,,,,,,220,,,,,,,,,,,,,,,,,,,,,,,,,,,,,,,,,,,,,,,,,,,,,,,7,,2,,,2,0,1,570000,3,,12,2,,,,,1,3,2,24,2,,0,6,,1,8,,2,,2,,,,1,,,,,,,,,1,2,2,1,0,240,3,,2,,,,,,,,9,3,3,2,2,,,,1,1,2,1,2,2,2,2,1,2,2,,2,1,1,2,1,2,2,1,3,,61,01,1,01,4,0123,0,19,646.93731738,
5359621,1,1,1,60,2,19,2,,,,,,,,,,,372,,,,,,,,,,,,,,,,,,,,,,,,,,,,,,,,,,,,,,,,,,,,,,,6,,,,,3,360000,1,4320000,3,,9,2,,,,,2,10,2,24,1,,24,,,1,8,,2,,2,,,,1,,,,,,,,,1,2,2,2,,,,,1,19,24,4,,480000,1,8,,3,5,,2,,,,2,,,,,,,,,,,,,,1,1,1,2,1,1,8,,61,01,1,01,4,0161,840000,19,646.93731738,
5359624,1,1,1,60,2,19,2,,,,,,,,,,,264,,,,,,,,,,,,,,,,,,,,,,,,,,,,,,,,,,,,,,,,,,,,,,,6,,,,,3,200000,1,1500000,3,,11,2,,,,,2,1,1,40,,.,32,6,,1,8,,2,,2,,,,1,,,,,,,,,1,2,2,2,,,,,2,,,,,,,,,11,25,2,2,,,,2,,,,,,,,,,,,,,1,2,1,2,2,1,5,,62,01,1,01,4,0161,200000,19,1268.0242947,
5359627,1,1,1,60,2,19,2,,,,,,,,,,,10,,,,,,,,,,,,,,,,,,,,,,,,,,,,,,,,,,,,,,,,,,,,,,,6,,,,,3,200000,1,800000,3,,12,2,,,,,2,1,1,24,1,,16,6,,1,8,,2,,2,,,,1,,,,,,,,,1,2,2,1,0,2,4,,1,19,32,7,,,2,8,13,3,20,2,1,32,2,1,1,1,2,1,2,1,2,2,1,2,2,,2,1,2,2,2,2,2,1,5,,61,01,1,01,4,0161,200000,19,2270.4027577,
5359628,1,2,1,60,2,19,2,,,,,,,,,,,336,,,,,,,,,,,,,,,,,,,,,,,,,,,,,,,,,,,,,,,,,,,,,,,7,,2,,,2,380000,1,2500000,3,,12,1,2,0,0,2,1,3,2,40,,.,32,6,,2,8,,2,,2,,,,1,,,,,,,,,1,2,2,1,0,60,4,,2,,,,,,,,11,3,5,2,1,8,2,1,2,,,,,,,,,,,,,,1,1,1,2,1,1,5,,61,01,1,01,4,0123,380000,19,2587.7492695,
5359628,1,3,1,60,2,19,2,,,,,,,,,,,72,,,,,,,,,,,,,,,,,,,,,,,,,,,,,,,,,,,,,,,,,,,,,,,,.,,,,,,,,,.,12,,,,,,,,,40,,.,32,6,,2,8,,2,,2,,,,1,,,,,,,,,1,2,2,2,,,,,2,,,,,,,,,3,5,2,2,,,,1,1,2,1,2,2,2,2,2,2,2,,2,1,1,2,1,2,1,1,3,,62,01,1,01,6,0123,,19,2587.7492695,
5359628,1,4,1,60,2,19,2,,,,,,,,,,,3,,,,,,,,,,,,,,,,,,,,,,,,,,,,,,,,,,,,,,,,,,,,,,,,.,,,,,,,,,.,3,,,,,,,,,32,2,,32,,,2,8,,2,,,,,,1,,,,,,,,,1,2,2,2,,,,,2,,,,,,,,,3,5,,2,,,,2,,,,,,,,,,,,,,1,2,1,2,1,1,3,,62,01,1,01,6,0123,,19,2587.7492695,
5359628,1,6,1,60,2,19,2,,,,,,,,,,,60,,,,,,,,,,,,,,,,,,,,,,,,,,,,,,,,,,,,,,,,,,,,,,,6,,,,,3,360000,1,1400000,3,,12,2,,,,,2,1,1,40,,.,40,,,1,8,,6,,2,,,,1,,,,,,,,,1,2,2,2,,,,,2,,,,,,,,,11,5,,2,,,,1,1,2,1,2,2,2,2,2,2,2,,2,1,1,2,1,2,1,1,5,,61,01,1,01,4,0161,360000,19,2587.7492695,
5359630,1,1,1,60,2,19,2,,,,,,,,,,,156,,,,,,,,,,,,,,,,,,,,,,,,,,,,,,,,,,,,,,,,,,,,,,,6,,,,,3,240000,1,2160000,3,,9,2,,,,,2,10,1,24,1,,24,,,1,8,,2,,2,,,,1,,,,,,,,,1,2,2,2,,,,,2,,,,,,,,,3,20,,1,24,2,1,1,1,1,1,2,1,2,1,1,2,2,,2,1,2,2,2,2,2,1,5,,61,01,1,01,4,0161,240000,19,1703.2368057,
5359630,1,2,1,60,2,19,2,,,,,,,,,,,12,,,,,,,,,,,,,,,,,,,,,,,,,,,,,,,,,,,,,,,,,,,,,,,6,,,,,3,80000,1,720000,3,,9,2,,,,,2,1,1,8,1,,8,,,1,8,,2,,2,,,,1,,,,,,,,,1,2,2,2,,,,,2,,,,,,,,,3,30,,1,40,2,1,1,1,2,1,2,2,2,2,2,2,2,,2,1,2,2,2,2,2,1,3,,61,01,1,01,4,0161,80000,19,1703.2368057,
5359630,1,6,1,60,2,19,2,,,,,,,,,,,6,,,,,,,,,,,,,,,,,,,,,,,,,,,,,,,,,,,,,,,,,,,,,,,6,,,,,3,240000,1,2160000,3,,9,2,,,,,2,1,1,24,1,,24,,,1,8,,4,,2,,,,1,,,,,,,,,1,2,2,1,2,60,1,,2,,,,,,,,13,3,35,,1,24,2,1,1,1,1,1,2,1,2,2,2,2,2,,2,1,2,2,1,2,2,2,3,,61,01,1,01,4,0161,240000,19,1703.2368057,
5359631,1,1,1,60,2,19,2,,,,,,,,,,,300,,,,,,,,,,,,,,,,,,,,,,,,,,,,,,,,,,,,,,,,,,,,,,,7,,2,,,2,380000,1,1200000,3,,12,2,,,,,2,5,2,24,2,,8,1,,1,8,,2,,2,,,,1,,,,,,,,,1,2,2,1,0,60,4,,2,,,,,,,,11,3,15,2,2,,,,1,1,2,1,2,2,2,2,1,2,1,PROBLEMAS DE SALUD,2,9,1,2,1,2,2,1,5,,61,01,1,01,4,0123,380000,19,1292.1613195,
5359631,1,2,1,60,2,19,1,1,,,1,,,2,2,2,2,8,,,,,,,,,,,,,,,,,,,,,,,,,,,,,,,,,,,,,,,,,,,,,,,4,,,,,3,20000,1,160000,3,,8,2,,,,,3,3,2,16,2,,16,,,1,1,,2,,2,,,,1,,,,,,,,,1,2,2,1,99,9,3,,2,,,,,,,,3,14,,,2,,,,2,,,,,,,,,,,,,,1,2,1,2,2,1,3,,41,47,1,01,4,4729,20000,19,1292.1613195,
5359631,1,3,1,60,2,19,2,,,,,,,,,,,24,,,,,,,,,,,,,,,,,,,,,,,,,,,,,,,,,,,,,,,,,,,,,,,6,,,,,3,300000,1,1000000,3,,11,2,,,,,2,1,1,40,,.,24,6,,1,8,,2,,2,,,,1,,,,,,,,,1,2,2,1,0,24,2,,2,,,,,,,,1,11,120,2,2,,,,1,1,2,1,2,1,2,2,1,2,2,,2,1,1,2,1,2,2,1,5,,61,01,1,01,4,0161,300000,19,1292.1613195,
5359633,1,3,1,60,2,19,2,,,,,,,,,,,60,,,,,,,,,,,,,,,,,,,,,,,,,,,,,,,,,,,,,,,,,,,,,,,6,,,,,3,300000,1,2700000,3,,9,2,,,,,2,1,1,24,1,,24,,,1,8,,5,,2,,,,1,,,,,,,,,1,2,2,2,,,,,1,19,24,6,,,2,8,,3,30,,2,,,,1,1,2,1,2,1,2,2,1,2,2,,2,1,2,2,2,2,2,1,3,,62,01,1,01,4,0161,300000,19,1704.0768389,
5359634,1,1,1,60,2,19,2,,,,,,,,,,,144,,,,,,,,,,,,,,,,,,,,,,,,,,,,,,,,,,,,,,,,,,,,,,,7,,2,,,2,300000,1,3000000,3,,12,2,,,,,2,1,2,32,2,,32,,,1,8,,2,,2,,,,1,,,,,,,,,1,2,2,1,0,216,4,,1,19,8,4,,180000,1,8,8,3,2,,2,,,,1,1,2,1,2,2,2,2,2,2,2,,2,1,1,2,1,2,2,1,5,,61,01,1,01,4,0123,480000,19,1637.4222665,
5359635,1,1,1,60,2,19,2,,,,,,,,,,,144,,,,,,,,,,,,,,,,,,,,,,,,,,,,,,,,,,,,,,,,,,,,,,,7,,2,,,3,2000000,1,3500000,2,,12,1,1,0,0,1,2,1,2,24,2,,24,,,2,8,,2,,2,,,,1,,,,,,,,,1,2,2,2,,,,,1,19,16,4,,240000,1,8,,11,15,,2,,,,2,,,,,,,,,,,,,,1,1,1,2,1,1,5,,61,01,1,01,4,0123,2240000,19,1162.58542,
5359635,1,2,1,60,2,19,1,1,,,1,,,2,2,2,2,144,,1,,2,200000,2,,,1,120000,2,,2,,2,,2,,,2,,,2,,,2,,,2,,,2,,,2,,2,,2,,2,,2,,2,,,.,,,,,,,,,.,9,,,,,,,,,16,1,,16,,,2,7,,2,,2,,,,1,,,,,,,,,1,2,2,2,,,,,1,19,16,6,,,2,7,,11,45,,2,,,,2,,,,,,,,,,,,,,1,2,1,2,1,1,3,,53,56,1,01,1,5611,320000,19,1162.58542,
5359636,1,1,1,60,2,19,2,,,,,,,,,,,240,,,,,,,,,,,,,,,,,,,,,,,,,,,,,,,,,,,,,,,,,,,,,,,7,,2,,,2,1200000,1,2000000,3,,12,2,,,,,2,3,1,40,,.,32,6,,1,8,,2,,2,,,,1,,,,,,,,,1,2,2,1,0,24,6,,2,,,,,,,,8,3,10,2,2,,,,2,,,,,,,,,,,,,,1,1,1,2,1,1,5,,61,01,1,01,4,0123,1200000,19,660.8941435,
5359636,1,2,1,60,2,19,2,,,,,,,,,,,180,,,,,,,,,,,,,,,,,,,,,,,,,,,,,,,,,,,,,,,,,,,,,,,7,,2,,,2,400000,1,900000,3,,12,2,,,,,2,3,1,40,,.,16,6,,1,8,,2,,2,,,,1,,,1,,,,,,,2,2,2,,,,,2,,,,,,,,,11,25,2,2,,,,2,,,,,,,,,,,,,,1,1,1,2,1,1,3,,61,01,1,01,4,0123,400000,19,660.8941435,
5359638,1,1,1,60,2,19,2,,,,,,,,,,,180,,,,,,,,,,,,,,,,,,,,,,,,,,,,,,,,,,,,,,,,,,,,,,,6,,,,,3,80000,1,600000,3,,12,2,,,,,2,1,1,40,,.,16,6,,1,8,,2,,2,,,,1,,,,,,,,,1,2,2,1,0,48,4,,2,,,,,,,,13,3,35,1,2,,,,1,1,2,1,2,2,2,1,1,2,1,POR PROBLEMAS DE SALUD,1,1,2,2,2,2,2,1,5,,61,01,1,01,4,0161,80000,19,1057.1465453,
5359639,1,1,1,60,2,19,2,,,,,,,,,,,360,,,,,,,,,,,,,,,,,,,,,,,,,,,,,,,,,,,,,,,,,,,,,,,6,,,,,3,300000,1,3600000,3,,12,2,,,,,2,10,2,24,1,,24,,,1,8,,2,,2,,,,1,,,,,,,,,1,2,2,2,,,,,2,,,,,,,,,3,20,,1,24,2,1,2,,,,,,,,,,,,,,1,2,1,2,2,1,8,,62,01,1,01,4,0161,300000,19,2587.7492695,
5359641,1,1,1,60,2,19,2,,,,,,,,,,,180,,,,,,,,,,,,,,,,,,,,,,,,,,,,,,,,,,,,,,,,,,,,,,,7,,2,,,2,700000,1,6300000,3,,12,1,1,0,0,1,1,3,2,32,2,,32,,,2,8,,2,,2,,,,1,,,,,,,,,1,2,2,1,0,60,6,,1,19,16,4,,200000,1,8,9,3,10,,2,,,,2,,,,,,,,,,,,,,1,1,1,2,1,1,5,,61,01,1,01,4,0123,900000,19,2112.2591129,
5359641,1,2,1,60,2,19,2,,,,,,,,,,,180,,,,,,,,,,,,,,,,,,,,,,,,,,,,,,,,,,,,,,,,,,,,,,,,.,,,,,,,,,.,12,,,,,,,,,16,2,,16,,,2,8,,2,,2,,,,1,,,,,,,,,1,2,2,2,,,,,2,,,,,,,,,3,10,,2,,,,2,,,,,,,,,,,,,,1,1,1,2,1,1,3,,62,01,1,01,6,0161,,19,2112.2591129,
5359641,1,3,1,60,2,19,2,,,,,,,,,,,12,,,,,,,,,,,,,,,,,,,,,,,,,,,,,,,,,,,,,,,,,,,,,,,6,,,,,3,500000,1,6000000,3,,12,2,,,,,2,3,2,40,,.,40,,,1,8,,2,,2,,,,1,,,,,,,,,1,2,2,2,,,,,2,,,,,,,,,3,15,,2,,,,2,,,,,,,,,,,,,,1,1,1,2,1,1,3,,62,01,1,01,4,0161,500000,19,2112.2591129,
5359641,1,5,1,60,2,19,2,,,,,,,,,,,12,,,,,,,,,,,,,,,,,,,,,,,,,,,,,,,,,,,,,,,,,,,,,,,6,,,,,3,500000,12,6000000,3,,12,2,,,,,2,1,2,40,,.,40,,,1,8,,2,,,,,,1,,,,,,,,,1,2,2,2,,,,,2,,,,,,,,,3,20,,2,,,,2,,,,,,,,,,,,,,1,1,1,2,1,1,3,,62,01,1,01,4,0161,500000,19,2112.2591129,
5359653,1,1,1,60,2,19,2,,,,,,,,,,,13,,,,,,,,,,,,,,,,,,,,,,,,,,,,,,,,,,,,,,,,,,,,,,,6,,,,,3,150000,1,400000,3,,12,2,,,,,2,1,1,45,,.,45,,,1,8,,2,,2,,,,1,,,,,,,,,1,2,2,1,0,12,1,,1,19,10,4,,100000,2,8,1,10,60,,2,,,,2,,,,,,,,,,,,,,1,1,1,2,1,1,5,,61,01,1,01,4,0161,250000,19,1610.5678364,
5359653,1,2,1,60,2,19,2,,,,,,,,,,,36,,,,,,,,,,,,,,,,,,,,,,,,,,,,,,,,,,,,,,,,,,,,,,,,.,,,,,,,,,.,12,,,,,,,,,18,2,,18,,,2,1,,2,,2,,,,1,,,,,,,,,1,2,2,2,,,,,2,,,,,,,,,14,,,2,,,,2,,,,,,,,,,,,,,1,2,1,2,1,1,3,,77,10,1,01,6,1040,,19,1610.5678364,
5359653,1,3,1,60,2,19,2,,,,,,,,,,,24,,,,,,,,,,,,,,,,,,,,,,,,,,,,,,,,,,,,,,,,,,,,,,,6,,,,,3,150000,1,300000,3,,12,2,,,,,2,1,1,40,,.,40,,,1,8,,2,,2,,,,1,,,,,,,,,1,2,2,1,0,36,6,,1,19,2,4,,0,1,1,8,10,90,,2,,,,2,,,,,,,,,,,,,,1,1,1,2,2,1,4,,61,01,1,01,4,0161,150000,19,1610.5678364,
5359653,1,4,1,60,2,19,2,,,,,,,,,,,12,,,,,,,,,,,,,,,,,,,,,,,,,,,,,,,,,,,,,,,,,,,,,,,6,,,,,3,40000,1,400000,3,,12,1,2,0,1,1,2,4,2,14,2,,14,,,2,8,,2,,,,,,1,,,,,,,,,1,2,2,2,,,,,2,,,,,,,,,3,2,,2,,,,2,,,,,,,,,,,,,,1,1,1,2,1,1,3,,62,01,1,01,4,0141,40000,19,1610.5678364,
5359654,1,1,1,60,2,19,2,,,,,,,,,,,4,,,,,,,,,,,,,,,,,,,,,,,,,,,,,,,,,,,,,,,,,,,,,,,7,,2,,,2,200000,1,800000,3,,5,1,2,0,0,2,2,1,1,35,1,,35,,,2,8,,2,,2,,,,1,,,,,,,,,1,2,2,1,7,384,4,,1,19,16,4,,160000,1,8,13,3,5,,2,,,,1,1,2,1,2,2,2,2,1,2,2,,2,1,2,2,1,2,1,1,5,,61,01,1,01,4,0141,360000,19,646.93731738,
5359654,1,2,1,60,2,19,2,,,,,,,,,,,4,,,,,,,,,,,,,,,,,,,,,,,,,,,,,,,,,,,,,,,,,,,,,,,,.,,,,,,,,,.,4,,,,,,,,,21,2,,21,,,2,8,,2,,2,,,,1,,,,,,,,,1,2,2,2,,,,,2,,,,,,,,,3,10,,2,,,,2,,,,,,,,,,,,,,1,1,1,2,1,1,3,,62,01,1,01,6,0161,,19,646.93731738,
5359654,1,4,1,60,2,19,2,,,,,,,,,,,4,,,,,,,,,,,,,,,,,,,,,,,,,,,,,,,,,,,,,,,,,,,,,,,,.,,,,,,,,,.,4,,,,,,,,,14,1,,14,,,2,8,,2,,2,,,,1,,,,,,,,,1,2,2,2,,,,,2,,,,,,,,,3,10,,2,,,,2,,,,,,,,,,,,,,1,1,1,2,1,1,3,,62,01,1,01,6,0161,,19,646.93731738,
5359656,1,1,1,60,2,19,1,2,1,,1,,,1,1,1,1,312,,1,,2,,2,,,2,,2,,2,,2,,2,,,2,,,2,,,2,,,2,,,2,,,1,98,1,98,1,98,2,,2,,2,,,.,,,,,,,,,.,12,,,,,,,,,30,3,ES LA JORNADA DEL MAGISTERIO,30,,,9,7,,1,,1,3,1,26,1,1,,,1,,,,,,1,1,2,,,,,1,19,15,4,,100000,2,8,,3,20,,2,,,,2,,,,,,,,,,,,,,1,1,1,1,1,1,5,,13,85,1,01,2,8530,100000,19,646.93731738,
5359656,1,2,1,60,2,19,1,2,2,12,2,4,ORASEG LTDA,1,1,1,1,12,,1,,2,908526,2,,,2,,2,,2,,2,,2,,,1,106454,2,1,35000,2,2,,,2,,,2,,,1,150000,1,250000,2,,2,,2,,2,,,.,,,,,,,,,.,12,,,,,,,,,72,,.,72,,,3,7,,1,,1,1,1,1,1,1,,,1,,,,,,1,1,2,,,,,1,19,5,4,,0,2,8,,11,35,,2,,,,2,,,,,,,,,,,,,,1,1,2,2,2,2,5,,58,68,1,01,1,6820,908526,19,646.93731738,8010
5359656,1,7,1,60,2,19,1,2,2,12,1,,,1,2,2,2,24,,1,,2,900000,2,,,2,,2,,2,,2,,2,,,2,,,2,,,2,,,2,,,2,,,2,,2,,2,,2,,2,,2,,,.,,,,,,,,,.,12,,,,,,,,,45,,.,45,,,6,8,,2,,2,,,,1,,,,,,,,,1,2,2,1,0,24,1,,2,,,,,,,,1,3,30,,2,,,,1,1,2,1,2,2,2,2,1,1,2,,2,1,2,2,1,2,2,2,5,,62,01,1,01,1,0113,900000,19,646.93731738,
5359657,1,1,1,60,2,19,2,,,,,,,,,,,8,,,,,,,,,,,,,,,,,,,,,,,,,,,,,,,,,,,,,,,,,,,,,,,7,,2,,,3,0,1,2000000,3,,12,1,1,0,1,0,3,4,1,28,2,,28,,,2,8,,2,,2,,,,1,,,,,,,,,1,2,2,1,0,12,1,,2,,,,,,,,1,3,15,,2,,,,2,,,,,,,,,,,,,,1,1,1,2,1,1,3,,61,01,1,01,4,0113,0,19,1057.1465453,
5359657,1,2,1,60,2,19,2,,,,,,,,,,,24,,,,,,,,,,,,,,,,,,,,,,,,,,,,,,,,,,,,,,,,,,,,,,,6,,,,,3,360000,1,4320000,3,,12,2,,,,,2,1,1,24,1,,24,,,1,8,,2,,2,,,,1,,,,,,,,,1,2,2,1,0,12,2,,1,19,24,4,,0,2,8,1,11,10,,2,,,,2,,,,,,,,,,,,,,1,1,1,2,2,1,3,,61,01,1,01,4,0161,360000,19,1057.1465453,
5359658,1,1,1,60,2,19,2,,,,,,,,,,,24,,,,,,,,,,,,,,,,,,,,,,,,,,,,,,,,,,,,,,,,,,,,,,,6,,,,,3,600000,1,3600000,3,,6,2,,,,,3,1,1,48,,.,48,,,1,4,,2,,2,,,,1,,,,,,,,,1,2,2,1,0,36,4,,2,,,,,,,,13,14,,,2,,,,1,1,1,1,2,1,2,2,2,1,2,,2,1,2,2,1,2,2,1,3,,98,49,1,01,4,4921,600000,19,2522.4319825,
5359658,1,2,1,60,2,19,1,2,2,12,2,3,,1,1,1,1,12,,1,,2,877803,2,,,2,,2,,2,,2,,2,,,2,,,2,,,2,,,2,,,2,,,2,,1,438000,1,438000,2,,2,,2,,,.,,,,,,,,,.,12,,,,,,,,,48,,.,48,,,9,7,,1,,1,1,1,1,1,1,,,,,,,,,1,2,1,0,24,1,,2,,,,,,,,8,11,35,,2,,,,2,,,,,,,,,,,,,,1,1,1,2,2,2,3,,55,80,1,01,1,8010,877803,19,2522.4319825,7820
5359660,1,1,1,60,2,19,2,,,,,,,,,,,84,,,,,,,,,,,,,,,,,,,,,,,,,,,,,,,,,,,,,,,,,,,,,,,6,,,,,3,400000,1,3000000,3,,12,2,,,,,2,3,2,40,,.,0,1,,1,8,,3,,2,,,,1,,,,,,,,,1,2,2,1,0,204,4,,2,,,,,,,,3,3,15,1,2,,,,1,1,2,1,2,2,2,2,1,2,2,,2,1,1,2,1,2,2,1,5,,61,01,1,01,4,0161,400000,19,2210.5803502,
5359660,1,5,1,60,2,19,2,,,,,,,,,,,18,,,,,,,,,,,,,,,,,,,,,,,,,,,,,,,,,,,,,,,,,,,,,,,6,,,,,3,400000,1,3000000,3,,11,2,,,,,2,1,1,45,,.,24,6,,1,8,,10,,2,,,,1,,,,,,,,,1,2,2,1,0,3,1,,2,,,,,,,,1,3,90,2,2,,,,1,1,2,1,2,1,2,2,1,2,2,,1,1,2,2,1,2,2,1,5,,61,01,1,01,4,0161,400000,19,2210.5803502,
5359660,1,7,1,60,2,19,2,,,,,,,,,,,24,,,,,,,,,,,,,,,,,,,,,,,,,,,,,,,,,,,,,,,,,,,,,,,6,,,,,3,120000,1,600000,3,,10,2,,,,,2,1,1,24,2,,16,6,,1,8,,2,,2,,,,1,,,,,,,,,1,2,2,1,0,180,6,,2,,,,,,,,3,3,20,2,2,,,,2,,,,,,,,,,,,,,1,2,1,2,2,1,5,,61,01,1,01,4,0161,120000,19,2210.5803502,
5359663,1,1,1,60,2,19,1,1,,,1,,,1,2,2,2,84,,1,,2,800000,2,,,2,,2,,2,,2,,2,,,2,,,2,,,2,,,2,,,2,,,2,,2,,2,,2,,2,,2,,,.,,,,,,,,,.,12,,,,,,,,,65,,.,65,,,2,7,,2,,2,,,,1,,,,,,,,,1,2,2,1,0,24,1,,2,,,,,,,,3,3,3,,2,,,,2,,,,,,,,,,,,,,1,1,1,2,1,1,5,,45,47,1,01,1,4711,800000,19,1531.9833917,
5359663,1,2,1,60,2,19,2,,,,,,,,,,,84,,,,,,,,,,,,,,,,,,,,,,,,,,,,,,,,,,,,,,,,,,,,,,,,.,,,,,,,,,.,12,,,,,,,,,20,1,,20,,,2,7,,2,,2,,,,1,,,,,,,,,1,2,2,1,0,3,1,,2,,,,,,,,1,3,3,,1,26,2,1,1,1,1,1,2,2,2,2,2,2,2,,2,1,1,2,2,2,1,1,3,,45,47,1,01,7,4711,,19,1531.9833917,
5359664,1,1,1,60,2,19,2,,,,,,,,,,,144,,,,,,,,,,,,,,,,,,,,,,,,,,,,,,,,,,,,,,,,,,,,,,,6,,,,,3,180000,1,2160000,3,,8,2,,,,,2,1,1,24,1,,24,,,1,8,,2,,2,,,,1,,,,,,,,,1,2,2,1,24,240,1,,2,,,,,,,,11,3,40,,1,24,2,1,1,1,1,1,2,1,2,2,1,2,2,,2,1,2,2,1,2,2,1,8,,62,01,1,01,4,0161,180000,19,1090.1008099,
5359665,1,1,1,60,2,19,2,,,,,,,,,,,1,,,,,,,,,,,,,,,,,,,,,,,,,,,,,,,,,,,,,,,,,,,,,,,6,,,,,3,0,1,2000000,3,,7,1,1,0,1,0,2,1,1,45,,.,45,,,2,1,,3,,2,,,,1,,,,,,,,,1,2,1,1,4,3,4,,2,,,,,,,,13,14,,,2,,,,2,,,,,,,,,,,,,,1,2,1,2,2,1,5,,80,15,1,01,4,1522,0,19,1241.1698647,
5359665,1,2,1,60,2,19,1,2,1,,1,,,1,1,1,1,264,,1,,2,3700000,2,,,2,,2,,2,,2,,2,,,2,,,2,,,2,,,2,,,2,,,1,1850000,1,3400000,1,1700000,2,,2,,2,,,.,,,,,,,,,.,12,,,,,,,,,30,3,ES LA JORNADA DEL MAGISTERIO,30,,,9,7,,1,,1,3,1,22,1,1,,,,,,,,,1,1,2,,,,,2,,,,,,,,,3,5,,2,,,,2,,,,,,,,,,,,,,1,1,1,1,1,1,5,,13,85,1,01,2,8513,3700000,19,1241.1698647,
5359665,1,3,1,60,2,19,2,,,,,,,,,,,96,,,,,,,,,,,,,,,,,,,,,,,,,,,,,,,,,,,,,,,,,,,,,,,6,,,,,2,200000,1,1000000,3,,8,1,1,0,1,0,2,3,1,40,,.,40,,,2,1,,2,,2,,,,1,,,,,,,,,1,2,2,2,,,,,2,,,,,,,,,14,,,2,,,,1,1,2,1,2,2,2,2,2,2,2,,2,1,1,2,1,2,1,1,3,,80,15,1,01,4,1522,200000,19,1241.1698647,
5359666,1,1,1,60,2,19,2,,,,,,,,,,,456,,,,,,,,,,,,,,,,,,,,,,,,,,,,,,,,,,,,,,,,,,,,,,,6,,,,,3,180000,1,2160000,3,,12,2,,,,,2,10,2,24,1,,24,,,1,8,,2,,2,,,,1,,,,,,,,,1,2,2,2,,,,,2,,,,,,,,,3,25,,1,24,2,1,2,,,,,,,,,,,,,,1,2,2,2,2,1,3,,62,01,1,01,4,0161,180000,19,1346.6087394,
5359666,1,2,1,60,2,19,2,,,,,,,,,,,240,,,,,,,,,,,,,,,,,,,,,,,,,,,,,,,,,,,,,,,,,,,,,,,7,,2,,,2,300000,1,3600000,2,,12,2,,,,,1,1,1,48,,.,48,,,1,8,,2,,2,,,,1,,,,,,,,,1,2,2,1,12,48,1,,2,,,,,,,,7,3,45,,2,,,,2,,,,,,,,,,,,,,1,2,1,2,1,2,3,,61,01,1,01,4,0123,300000,19,1346.6087394,
5359666,1,3,1,60,2,19,2,,,,,,,,,,,36,,,,,,,,,,,,,,,,,,,,,,,,,,,,,,,,,,,,,,,,,,,,,,,6,,,,,3,750000,1,9000000,3,,12,2,,,,,2,4,2,40,,.,40,,,1,8,,2,,2,,,,1,,,,,,,,,1,2,2,2,,,,,2,,,,,,,,,3,30,,2,,,,2,,,,,,,,,,,,,,1,2,1,2,2,2,3,,62,01,1,01,4,0161,750000,19,1346.6087394,
5359668,1,1,1,60,2,19,2,,,,,,,,,,,24,,,,,,,,,,,,,,,,,,,,,,,,,,,,,,,,,,,,,,,,,,,,,,,7,,2,,,2,500000,1,6000000,3,,12,1,2,1,0,1,2,3,2,32,2,,32,,,2,1,,2,,2,,,,1,,,,,,,,,1,2,2,1,0,72,1,,2,,,,,,,,10,14,,,2,,,,2,,,,,,,,,,,,,,1,1,1,2,1,1,5,,77,10,1,01,5,1081,500000,19,2567.7711694,
5359668,1,2,1,60,2,19,2,,,,,,,,,,,24,,,,,,,,,,,,,,,,,,,,,,,,,,,,,,,,,,,,,,,,,,,,,,,,.,,,,,,,,,.,12,,,,,,,,,16,2,,16,,,2,1,,2,,2,,,,1,,,,,,,,,1,2,2,2,,,,,2,,,,,,,,,14,,,2,,,,2,,,,,,,,,,,,,,1,1,1,2,1,1,3,,77,10,1,01,6,1081,,19,2567.7711694,
5359668,1,6,1,60,2,19,1,1,,,1,,,2,2,2,2,24,,1,,2,600000,2,,,1,350000,1,100000,2,,2,,2,,,2,,,2,,,2,,,2,,,2,,,2,,2,,2,,2,,2,,2,,,.,,,,,,,,,.,12,,,,,,,,,32,2,,32,,,2,1,,2,,2,,,,1,,,,,,,,,1,2,2,1,6,12,4,,2,,,,,,,,8,14,,,2,,,,2,,,,,,,,,,,,,,1,1,1,2,1,1,5,,77,10,1,01,1,1081,1050000,19,2567.7711694,
5359669,1,1,1,60,2,19,2,,,,,,,,,,,120,,,,,,,,,,,,,,,,,,,,,,,,,,,,,,,,,,,,,,,,,,,,,,,7,,2,,,2,0,1,600000,3,,12,1,1,0,0,1,2,1,1,40,,.,40,,,2,8,,2,,2,,,,1,,,,,,,,,1,2,2,1,0,24,4,,2,,,,,,,,3,3,2,,2,,,,2,,,,,,,,,,,,,,1,2,1,2,1,1,5,,61,01,1,01,4,0123,0,19,1775.2663658,
5359669,1,2,1,60,2,19,2,,,,,,,,,,,36,,,,,,,,,,,,,,,,,,,,,,,,,,,,,,,,,,,,,,,,,,,,,,,,.,,,,,,,,,.,12,,,,,,,,,30,2,,30,,,2,8,,2,,2,,,,1,,,,,,,,,1,2,2,1,0,24,3,,2,,,,,,,,9,3,2,,2,,,,2,,,,,,,,,,,,,,1,2,1,2,1,1,3,,62,01,1,01,6,0123,,19,1775.2663658,
5359669,1,3,1,60,2,19,1,1,,,1,,,1,2,2,2,12,,1,,2,800000,2,,,2,,2,,2,,2,,2,,,2,,,2,,,2,,,2,,,2,,,2,,2,,2,,2,,2,,2,,,.,,,,,,,,,.,12,,,,,,,,,45,,.,45,,,5,7,,2,,2,,,,1,,,1,,,,,,,2,2,1,0,24,6,,2,,,,,,,,8,11,15,,2,,,,2,,,,,,,,,,,,,,1,1,1,2,1,1,5,,73,16,1,01,1,1610,800000,19,1775.2663658,
5359670,1,1,1,60,2,19,1,1,,,1,,,2,2,2,2,24,,1,,2,520000,2,,,2,,2,,2,,2,,2,,,2,,,2,,,2,,,2,,,2,,,2,,2,,2,,2,,2,,2,,,.,,,,,,,,,.,12,,,,,,,,,48,,.,48,,,3,8,,2,,2,,,,1,,,,,,,,,1,2,2,1,0,12,4,,2,,,,,,,,8,10,5,,2,,,,2,,,,,,,,,,,,,,1,1,1,1,2,2,5,,62,94,1,01,1,9499,520000,19,646.93731738,
5359671,1,1,1,60,2,19,2,,,,,,,,,,,240,,,,,,,,,,,,,,,,,,,,,,,,,,,,,,,,,,,,,,,,,,,,,,,7,,2,,,2,0,1,3000000,3,,12,1,1,0,0,1,2,3,2,45,,.,45,,,2,8,,2,,2,,,,1,,,,,,,,,1,2,2,1,0,18,1,,2,,,,,,,,3,3,5,,2,,,,2,,,,,,,,,,,,,,1,2,1,1,1,1,5,,61,01,1,01,4,0123,0,19,646.93731738,
5359671,1,2,1,60,2,19,2,,,,,,,,,,,240,,,,,,,,,,,,,,,,,,,,,,,,,,,,,,,,,,,,,,,,,,,,,,,,.,,,,,,,,,.,12,,,,,,,,,40,,.,40,,,2,8,,2,,2,,,,1,,,,,,,,,1,2,2,2,,,,,2,,,,,,,,,3,5,,2,,,,2,,,,,,,,,,,,,,1,2,1,2,1,1,3,,62,01,1,01,6,0123,,19,646.93731738,
5359671,1,3,1,60,2,19,2,,,,,,,,,,,120,,,,,,,,,,,,,,,,,,,,,,,,,,,,,,,,,,,,,,,,,,,,,,,7,,2,,,2,0,1,1500000,3,,12,2,,,,,2,1,1,40,,.,32,6,,1,8,,2,,2,,,,1,,,,,,,,,1,2,2,2,,,,,1,19,9,4,,120000,1,2,,11,10,2,2,,,,2,,,,,,,,,,,,,,1,1,1,2,1,1,3,,61,01,1,01,4,0123,120000,19,646.93731738,
5359671,1,4,1,60,2,19,1,1,,,1,,,1,2,2,2,36,,1,,2,800000,2,,,2,,2,,2,,2,,2,,,2,,,2,,,2,,,2,,,2,,,2,,2,,2,,2,,2,,2,,,.,,,,,,,,,.,12,,,,,,,,,45,,.,45,,,5,7,,2,,2,,,,1,,,,,,,,,1,2,2,1,0,60,4,,2,,,,,,,,8,11,15,,2,,,,2,,,,,,,,,,,,,,1,2,1,2,1,1,5,,97,16,1,01,1,1610,800000,19,646.93731738,
5359671,1,6,1,60,2,19,2,,,,,,,,,,,12,,,,,,,,,,,,,,,,,,,,,,,,,,,,,,,,,,,,,,,,,,,,,,,6,,,,,3,800000,1,1500000,3,,10,2,,,,,2,1,1,45,,.,45,,,1,9,,2,,2,,,,1,,,,,,,,,1,2,2,1,0,12,4,,2,,,,,,,,3,11,60,,2,,,,2,,,,,,,,,,,,,,1,2,1,2,2,1,5,,95,41,1,01,4,4111,800000,19,646.93731738,
5359672,1,1,1,60,2,19,2,,,,,,,,,,,168,,,,,,,,,,,,,,,,,,,,,,,,,,,,,,,,,,,,,,,,,,,,,,,7,,2,,,2,300000,1,3600000,3,,12,1,6,0,0,6,1,3,2,48,,.,48,,,3,8,,2,,2,,,,1,,,,,,,,,1,2,2,1,0,180,6,,2,,,,,,,,9,3,5,,2,,,,2,,,,,,,,,,,,,,1,1,1,2,1,1,8,,61,01,1,01,4,0123,300000,19,2587.7492695,
5359672,1,2,1,60,2,19,2,,,,,,,,,,,180,,,,,,,,,,,,,,,,,,,,,,,,,,,,,,,,,,,,,,,,,,,,,,,,.,,,,,,,,,.,12,,,,,,,,,21,2,,21,,,4,8,,2,,2,,,,1,,,,,,,,,1,2,2,1,0,120,6,,2,,,,,,,,9,3,5,,2,,,,2,,,,,,,,,,,,,,1,1,1,2,1,1,3,,62,01,1,01,6,0161,,19,2587.7492695,
5359672,1,3,1,60,2,19,2,,,,,,,,,,,26,,,,,,,,,,,,,,,,,,,,,,,,,,,,,,,,,,,,,,,,,,,,,,,,.,,,,,,,,,.,12,,,,,,,,,21,2,,21,,,4,8,,2,,2,,,,1,,,,,,,,,1,2,2,2,,,,,2,,,,,,,,,3,5,,2,,,,2,,,,,,,,,,,,,,1,1,1,2,1,1,3,,62,01,1,01,6,0161,,19,2587.7492695,
5359672,1,4,1,60,2,19,2,,,,,,,,,,,24,,,,,,,,,,,,,,,,,,,,,,,,,,,,,,,,,,,,,,,,,,,,,,,,.,,,,,,,,,.,12,,,,,,,,,18,2,,18,,,4,8,,2,,,,,,1,,,,,,,,,1,2,2,2,,,,,2,,,,,,,,,3,5,,2,,,,2,,,,,,,,,,,,,,1,1,1,2,1,1,3,,62,01,1,01,6,0161,,19,2587.7492695,
5359672,1,5,1,60,2,19,2,,,,,,,,,,,6,,,,,,,,,,,,,,,,,,,,,,,,,,,,,,,,,,,,,,,,,,,,,,,,.,,,,,,,,,.,6,,,,,,,,,18,2,,18,,,4,8,,2,,,,,,1,,,,,,,,,1,2,2,2,,,,,2,,,,,,,,,3,5,,2,,,,2,,,,,,,,,,,,,,1,1,1,2,1,1,3,,62,01,1,01,6,0161,,19,2587.7492695,
5359672,1,9,1,60,2,19,2,,,,,,,,,,,60,,,,,,,,,,,,,,,,,,,,,,,,,,,,,,,,,,,,,,,,,,,,,,,,.,,,,,,,,,.,12,,,,,,,,,21,2,,21,,,4,8,,2,,2,,,,1,,,,,,,,,1,2,2,2,,,,,2,,,,,,,,,3,5,,2,,,,2,,,,,,,,,,,,,,1,1,1,2,1,1,3,,62,01,1,01,6,0161,,19,2587.7492695,
5359672,1,10,1,60,2,19,2,,,,,,,,,,,36,,,,,,,,,,,,,,,,,,,,,,,,,,,,,,,,,,,,,,,,,,,,,,,,.,,,,,,,,,.,12,,,,,,,,,44,,.,44,,,4,8,,2,,2,,,,1,,,,,,,,,1,2,2,1,0,60,1,,2,,,,,,,,9,3,5,,2,,,,2,,,,,,,,,,,,,,1,1,1,2,1,1,3,,62,01,1,01,6,0161,,19,2587.7492695,
5359673,1,1,1,60,2,19,2,,,,,,,,,,,48,,,,,,,,,,,,,,,,,,,,,,,,,,,,,,,,,,,,,,,,,,,,,,,7,,2,,,2,0,1,2000000,3,,12,2,,,,,2,3,2,40,,.,40,,,1,8,,2,,2,,,,1,,,,,,,,,1,2,2,1,0,96,4,,2,,,,,,,,8,3,5,,2,,,,2,,,,,,,,,,,,,,1,1,1,2,1,1,5,,61,01,1,01,4,0123,0,19,1300.4295194,
5359674,1,1,1,60,2,19,2,,,,,,,,,,,480,,,,,,,,,,,,,,,,,,,,,,,,,,,,,,,,,,,,,,,,,,,,,,,7,,2,,,2,150000,1,700000,3,,12,1,1,0,0,1,2,3,2,40,,.,40,,,2,8,,2,,2,,,,1,,,,,,,,,1,2,2,1,0,24,4,,2,,,,,,,,3,3,15,,2,,,,2,,,,,,,,,,,,,,1,1,1,2,1,1,5,,61,01,1,01,4,0123,150000,19,1240.8788716,
5359674,1,3,1,60,2,19,2,,,,,,,,,,,3,,,,,,,,,,,,,,,,,,,,,,,,,,,,,,,,,,,,,,,,,,,,,,,,.,,,,,,,,,.,12,,,,,,,,,40,,.,40,,,2,8,,2,,2,,,,1,,,,,,,,,1,2,2,1,0,21,2,,2,,,,,,,,13,3,10,,2,,,,1,1,2,1,2,1,2,2,2,2,2,,1,1,1,2,1,2,1,1,3,,62,01,1,01,6,0123,,19,1240.8788716,
5359674,1,4,1,60,2,19,2,,,,,,,,,,,7,,,,,,,,,,,,,,,,,,,,,,,,,,,,,,,,,,,,,,,,,,,,,,,7,,2,,,2,0,1,0,3,,7,1,1,0,0,1,2,1,1,20,2,,0,6,,2,8,,2,,2,,,,1,,,,1,,,,,,2,2,1,0,72,6,,2,,,,,,,,8,3,10,2,2,,,,2,,,,,,,,,,,,,,1,2,1,2,1,1,3,,61,01,1,01,4,0123,0,19,1240.8788716,
5359674,1,5,1,60,2,19,2,,,,,,,,,,,84,,,,,,,,,,,,,,,,,,,,,,,,,,,,,,,,,,,,,,,,,,,,,,,6,,,,,3,200000,1,700000,3,,10,2,,,,,2,1,1,40,,.,24,6,,1,8,,2,,2,,,,1,,,,,,,,,1,2,2,2,,,,,1,19,24,6,,,2,8,,11,120,2,2,,,,2,,,,,,,,,,,,,,1,1,1,2,1,1,5,,61,01,1,01,4,0161,200000,19,1240.8788716,
5359675,1,1,1,60,2,19,2,,,,,,,,,,,120,,,,,,,,,,,,,,,,,,,,,,,,,,,,,,,,,,,,,,,,,,,,,,,7,,2,,,2,800000,1,9600000,3,,12,1,3,0,0,3,1,10,2,44,,.,44,,,3,8,,2,,2,,,,1,,,,,,,,,1,2,2,1,0,240,4,,2,,,,,,,,10,3,10,,2,,,,2,,,,,,,,,,,,,,1,2,1,2,1,2,3,,61,01,1,01,4,0123,800000,19,1958.5511254,
5359675,1,2,1,60,2,19,2,,,,,,,,,,,120,,,,,,,,,,,,,,,,,,,,,,,,,,,,,,,,,,,,,,,,,,,,,,,,.,,,,,,,,,.,12,,,,,,,,,21,2,,21,,,3,8,,2,,2,,,,1,,,,,,,,,1,2,2,1,0,48,4,,2,,,,,,,,11,3,10,,2,,,,2,,,,,,,,,,,,,,1,2,1,2,1,1,3,,62,01,1,01,6,0161,,19,1958.5511254,
5359675,1,5,1,60,2,19,2,,,,,,,,,,,120,,,,,,,,,,,,,,,,,,,,,,,,,,,,,,,,,,,,,,,,,,,,,,,,.,,,,,,,,,.,12,,,,,,,,,44,,.,44,,,3,8,,2,,2,,,,1,,,,,,,,,1,2,2,2,,,,,2,,,,,,,,,3,10,,2,,,,2,,,,,,,,,,,,,,1,1,1,2,1,1,3,,62,01,1,01,6,0161,,19,1958.5511254,
5359675,1,6,1,60,2,19,2,,,,,,,,,,,12,,,,,,,,,,,,,,,,,,,,,,,,,,,,,,,,,,,,,,,,,,,,,,,,.,,,,,,,,,.,12,,,,,,,,,18,2,,18,,,3,8,,2,,2,,,,1,,,,,,,,,1,2,2,1,0,1,3,,2,,,,,,,,13,3,10,,2,,,,2,,,,,,,,,,,,,,1,1,2,2,1,1,3,,62,01,1,01,6,0161,,19,1958.5511254,
5359677,1,1,1,60,2,19,2,,,,,,,,,,,576,,,,,,,,,,,,,,,,,,,,,,,,,,,,,,,,,,,,,,,,,,,,,,,7,,2,,,2,200000,1,2000000,3,,12,1,1,0,0,1,2,3,2,14,2,,14,,,2,8,,2,,2,,,,1,,,,,,,,,1,2,2,1,0,144,2,,2,,,,,,,,3,3,2,,2,,,,2,,,,,,,,,,,,,,1,1,1,2,1,1,3,,61,01,1,01,4,0141,200000,19,646.93731738,
5359677,1,2,1,60,2,19,2,,,,,,,,,,,480,,,,,,,,,,,,,,,,,,,,,,,,,,,,,,,,,,,,,,,,,,,,,,,,.,,,,,,,,,.,12,,,,,,,,,7,2,,7,,,2,8,,2,,2,,,,1,,,,,,,,,1,2,2,2,,,,,2,,,,,,,,,3,3,,2,,,,2,,,,,,,,,,,,,,1,2,1,2,1,1,3,,77,10,1,01,6,1040,,19,646.93731738,
5359678,1,1,1,60,2,19,2,,,,,,,,,,,516,,,,,,,,,,,,,,,,,,,,,,,,,,,,,,,,,,,,,,,,,,,,,,,7,,2,,,2,700000,1,8400000,3,,12,1,4,0,0,4,2,10,2,36,2,,36,,,3,8,,2,,2,,,,1,,,,,,,,,1,2,2,2,,,,,1,19,21,4,,400000,1,8,,3,10,,2,,,,2,,,,,,,,,,,,,,1,1,1,2,1,2,3,,61,01,1,01,4,0113,1100000,19,646.93731738,
5359678,1,2,1,60,2,19,2,,,,,,,,,,,480,,,,,,,,,,,,,,,,,,,,,,,,,,,,,,,,,,,,,,,,,,,,,,,,.,,,,,,,,,.,12,,,,,,,,,18,2,,18,,,3,8,,2,,2,,,,1,,,,,,,,,1,2,2,2,,,,,2,,,,,,,,,3,10,,2,,,,2,,,,,,,,,,,,,,1,1,1,2,1,1,3,,62,01,1,01,6,0161,,19,646.93731738,
5359679,1,2,1,60,2,19,1,2,2,24,2,4,COOPERATIVA DE ASOCIADOS TOTORO,1,2,2,2,204,,,,,,,,,,,,,,,,,,,,,,,,,,,,,,,,,,,,,,,,,,,,,,,1,,,,,2,908526,1,98,3,,12,1,10,0,10,0,1,1,1,40,,.,40,,,5,11,EN LA VIA PUBLICA,1,,1,1,2,17,1,,,,,,,,,1,1,2,1,0,276,4,,2,,,,,,,,8,11,120,,2,,,,2,,,,,,,,,,,,,,1,1,1,1,2,1,5,,95,84,1,01,4,8412,908526,19,2587.7492695,7810
5359679,1,3,1,60,2,19,1,2,2,6,2,3,,2,2,2,2,0,,,,,,,,,,,,,,,,,,,,,,,,,,,,,,,,,,,,,,,,,,,,,,,1,,,,,3,0,1,500000,3,,4,2,,,,,1,1,1,84,,.,84,,,9,7,,1,,1,1,2,98,1,1,,,,,,,,,1,2,1,8,4,4,,2,,,,,,,,9,3,180,,2,,,,2,,,,,,,,,,,,,,1,1,1,2,2,2,5,,54,88,1,01,4,8890,0,19,2587.7492695,8413
5359679,1,9,1,60,2,19,2,,,,,,,,,,,24,,,,,,,,,,,,,,,,,,,,,,,,,,,,,,,,,,,,,,,,,,,,,,,6,,,,,3,40000,1,300000,3,,12,2,,,,,2,1,1,24,1,,16,6,,1,8,,3,,2,,,,1,,,,,,,,,1,2,2,2,,,,,2,,,,,,,,,3,60,2,1,24,2,1,1,1,2,1,2,1,2,1,1,2,2,,1,1,2,2,2,2,2,1,3,,61,01,1,01,4,0161,40000,19,2587.7492695,
5359679,1,16,1,60,2,19,2,,,,,,,,,,,120,,,,,,,,,,,,,,,,,,,,,,,,,,,,,,,,,,,,,,,,,,,,,,,6,,,,,3,150000,1,700000,3,,12,2,,,,,2,1,1,50,,.,50,,,1,8,,2,,2,,,,1,,,,,,,,,1,2,2,2,,,,,2,,,,,,,,,11,120,,2,,,,1,1,2,1,1,2,2,1,1,2,2,,1,1,2,2,2,2,1,1,5,,61,01,1,01,4,0161,150000,19,2587.7492695,
5359680,1,1,1,60,2,19,2,,,,,,,,,,,60,,,,,,,,,,,,,,,,,,,,,,,,,,,,,,,,,,,,,,,,,,,,,,,6,,,,,3,200000,1,1600000,3,,8,1,1,1,0,0,3,1,1,10,1,,10,,,2,4,,2,,2,,,,1,,,,,,,,,1,2,2,1,0,60,6,,1,19,40,6,,,2,8,9,3,10,,2,,,,1,1,1,1,2,2,2,2,1,2,2,,2,1,2,2,1,2,1,1,3,,97,49,1,01,5,4921,200000,19,660.8941435,
5359680,1,2,1,60,2,19,1,2,2,6,2,3,,2,2,2,2,5,,1,,2,1200000,2,,,2,,2,,2,,2,,2,,,2,,,2,,,2,,,2,,,2,,,2,,2,,2,,2,,2,,2,,,.,,,,,,,,,.,7,,,,,,,,,48,,.,48,,,9,7,,1,,1,1,1,0,1,1,,,,,,,,,1,2,1,12,8,3,,2,,,,,,,,3,11,20,,2,,,,2,,,,,,,,,,,,,,1,1,1,2,2,2,3,,59,86,1,01,1,8610,1200000,19,660.8941435,7810
5359681,1,1,1,60,2,19,1,2,2,1,1,,,2,2,2,2,15,,,,,,,,,,,,,,,,,,,,,,,,,,,,,,,,,,,,,,,,,,,,,,,1,,,,,3,1530000,1,18360000,3,,12,2,,,,,1,1,1,48,,.,48,,,1,8,,1,,1,1,2,6,1,1,,,,,,,,,1,2,1,12,48,4,,2,,,,,,,,1,11,50,,2,,,,2,,,,,,,,,,,,,,1,2,1,2,2,2,3,,59,86,1,01,4,8621,1530000,19,646.93731738,
5359682,1,2,1,60,2,19,1,2,2,48,1,,,2,2,2,2,12,,7,POR ELECCION POPULAR,2,1250000,2,,,2,,2,,1,300000,2,,2,,,2,,,2,,,2,,,2,,,2,,,2,,2,,2,,2,,2,,2,,,.,,,,,,,,,.,12,,,,,,,,,24,2,,24,,,9,7,,1,,1,2,1,8,1,1,,,,,,,,,2,2,1,12,24,2,,1,19,24,4,,0,1,8,1,7,20,,2,,,,2,,,,,,,,,,,,,,1,2,1,2,2,1,5,,20,84,1,01,2,8412,1250000,19,871.77189291,
5359684,1,1,1,60,2,19,1,2,2,6,2,4,SINDICATO DE TRABAJADORES UNIDOS POR LA PROSPERIDAD,2,2,2,2,5,,,,,,,,,,,,,,,,,,,,,,,,,,,,,,,,,,,,,,,,,,,,,,,1,,,,,3,1900000,1,3000000,3,,5,2,,,,,1,1,1,96,,.,0,1,,7,4,,1,,1,1,2,1,1,1,,,,,,,,,1,2,1,7,360,4,,2,,,,,,,,13,11,20,2,2,,,,2,,,,,,,,,,,,,,1,2,2,2,2,1,5,,98,86,1,01,4,8610,1900000,19,2020.740706,7810
5359685,1,1,1,60,2,19,1,1,,,2,3,,2,2,2,2,24,,1,,2,877803,2,,,2,,2,,2,,2,,1,120000,2,1,104000,2,2,,,2,,,2,,,2,,,2,,1,877803,2,,2,,2,,2,,,.,,,,,,,,,.,12,,,,,,,,,40,,.,40,,,4,6,,1,,1,1,1,15,1,1,,,,,,,,,1,1,1,9,24,1,,2,,,,,,,,1,11,60,,2,,,,2,,,,,,,,,,,,,,1,1,1,1,2,2,3,,95,94,1,01,1,9499,877803,19,1577.5998589,7810
5359685,1,3,1,60,2,19,1,2,2,12,1,,,1,1,1,1,24,,1,,2,1000000,2,,,2,,2,,2,,2,,2,,,1,104000,2,1,98,2,2,,,2,,,2,,,2,,1,438900,1,438900,2,,2,,2,,,.,,,,,,,,,.,12,,,,,,,,,48,,.,48,,,9,7,,1,,1,1,1,2,1,1,,,,,,,,,1,2,1,0,36,6,,2,,,,,,,,8,11,45,,2,,,,2,,,,,,,,,,,,,,1,1,1,1,2,2,3,,32,85,1,01,1,8544,1000000,19,1577.5998589,
5359685,1,4,1,60,2,19,2,,,,,,,,,,,12,,,,,,,,,,,,,,,,,,,,,,,,,,,,,,,,,,,,,,,,,,,,,,,,.,,,,,,,,,.,12,,,,,,,,,40,,.,40,,,3,8,,2,,2,,,,1,,,,,,,,,1,2,2,2,,,,,2,,,,,,,,,3,5,,2,,,,2,,,,,,,,,,,,,,1,1,1,2,1,1,3,,62,01,1,01,6,0161,,19,1577.5998589,
5359685,1,5,1,60,2,19,2,,,,,,,,,,,96,,,,,,,,,,,,,,,,,,,,,,,,,,,,,,,,,,,,,,,,,,,,,,,7,,2,,,2,700000,1,8400000,3,,12,1,1,0,0,1,2,1,2,44,,.,44,,,2,8,,2,,2,,,,1,,,,,,,,,1,2,2,1,0,60,6,,2,,,,,,,,10,3,15,,2,,,,2,,,,,,,,,,,,,,1,1,1,2,1,2,3,,61,01,1,01,4,0111,700000,19,1577.5998589,
5359685,1,6,1,60,2,19,2,,,,,,,,,,,48,,,,,,,,,,,,,,,,,,,,,,,,,,,,,,,,,,,,,,,,,,,,,,,,.,,,,,,,,,.,12,,,,,,,,,21,2,,21,,,2,8,,2,,2,,,,1,,,,,,,,,1,2,2,1,24,24,1,,2,,,,,,,,1,3,10,,2,,,,2,,,,,,,,,,,,,,1,1,1,2,1,1,3,,62,01,1,01,6,0161,,19,1577.5998589,
5360737,1,1,1,60,2,23,2,,,,,,,,,,,60,,,,,,,,,,,,,,,,,,,,,,,,,,,,,,,,,,,,,,,,,,,,,,,7,,2,,,2,300000,1,4200000,3,,12,2,,,,,2,3,2,40,,.,40,,,1,8,,2,,2,,,,1,,,,,,,,,1,2,2,1,1,24,1,,2,,,,,,,,1,3,12,,2,,,,2,,,,,,,,,,,,,,1,1,1,2,1,1,3,,61,01,1,01,4,0113,300000,23,1411.5521023,
5360738,1,1,1,60,2,23,2,,,,,,,,,,,240,,,,,,,,,,,,,,,,,,,,,,,,,,,,,,,,,,,,,,,,,,,,,,,7,,2,,,2,50000,1,400000,3,,12,1,1,0,0,1,3,1,1,28,2,,28,,,2,8,,2,,2,,,,1,,,,,,1,,,,2,2,1,0,36,4,,1,23,15,4,,45000,1,8,9,3,2,,2,,,,1,1,2,1,2,2,2,2,2,2,2,,2,1,2,2,2,2,2,2,3,,61,01,1,01,4,0113,95000,23,1499.1381441,
5360738,1,3,1,60,2,23,2,,,,,,,,,,,72,,,,,,,,,,,,,,,,,,,,,,,,,,,,,,,,,,,,,,,,,,,,,,,,.,,,,,,,,,.,12,,,,,,,,,21,1,,21,,,2,8,,2,,2,,,,1,,,,,,,,,1,2,2,2,,,,,2,,,,,,,,,3,2,,1,20,2,1,1,1,2,1,2,2,2,2,2,2,2,,2,1,2,2,2,2,2,2,5,,62,01,1,01,6,0113,,23,1499.1381441,
5360739,1,1,1,60,2,23,2,,,,,,,,,,,600,,,,,,,,,,,,,,,,,,,,,,,,,,,,,,,,,,,,,,,,,,,,,,,7,,1,2,,2,120000,1,600000,3,,12,2,,,,,2,6,2,36,2,,36,,,1,8,,2,,2,,,,1,,,,,,,,,1,2,2,2,,,,,2,,,,,,,,,3,6,,2,,,,2,,,,,,,,,,,,,,1,2,1,2,1,1,3,,61,01,1,01,4,0122,120000,23,1748.599996,
5360739,1,2,1,60,2,23,2,,,,,,,,,,,72,,,,,,,,,,,,,,,,,,,,,,,,,,,,,,,,,,,,,,,,,,,,,,,7,,1,2,,2,0,1,600000,3,,12,2,,,,,2,9,2,30,2,,30,,,1,8,,2,,2,,,,1,,,,,,,,,1,2,2,1,0,24,6,,2,,,,,,,,10,3,8,,2,,,,1,1,2,1,2,2,2,2,1,1,2,,2,1,2,2,1,2,1,1,3,,61,01,1,01,4,0113,0,23,1748.599996,
5360739,1,3,1,60,2,23,2,,,,,,,,,,,36,,,,,,,,,,,,,,,,,,,,,,,,,,,,,,,,,,,,,,,,,,,,,,,7,,2,,,2,0,1,250000,3,,12,2,,,,,3,9,2,24,1,,24,,,1,8,,2,,2,,,,1,,,,,,,,,1,2,2,1,0,72,6,,2,,,,,,,,10,3,10,,1,15,2,1,1,1,2,1,2,2,2,2,2,2,2,,2,1,2,2,1,2,1,1,3,,61,01,1,01,4,0113,0,23,1748.599996,
5360740,1,1,1,60,2,23,2,,,,,,,,,,,62,,,,,,,,,,,,,,,,,,,,,,,,,,,,,,,,,,,,,,,,,,,,,,,6,,,,,3,120000,1,500000,3,,12,2,,,,,3,4,2,18,1,,18,,,1,1,,2,,2,,,,1,,,,,,,,,1,2,2,2,,,,,1,23,12,4,,50000,1,1,,14,,,1,22,2,1,1,1,2,1,2,2,2,2,2,2,2,,2,1,2,2,2,2,1,1,3,,61,01,1,01,4,0145,170000,23,2024.1327069,
5360740,1,2,1,60,2,23,2,,,,,,,,,,,60,,,,,,,,,,,,,,,,,,,,,,,,,,,,,,,,,,,,,,,,,,,,,,,6,,,,,3,340000,1,3800000,3,,12,2,,,,,3,9,2,40,,.,40,,,1,8,,2,,2,,,,1,,,,,,,,,1,2,2,1,0,22,6,,2,,,,,,,,8,3,10,,2,,,,1,1,2,1,2,2,2,2,2,2,2,,2,1,2,2,1,2,1,1,3,,62,01,1,01,4,0161,340000,23,2024.1327069,
5360741,1,1,1,60,2,23,2,,,,,,,,,,,27,,,,,,,,,,,,,,,,,,,,,,,,,,,,,,,,,,,,,,,,,,,,,,,6,,,,,3,80000,1,320000,3,,12,2,,,,,3,4,2,18,2,,18,,,1,1,,2,,2,,,,1,,,,,,,,,1,2,2,2,,,,,2,,,,,,,,,14,,,2,,,,2,,,,,,,,,,,,,,1,1,1,2,1,1,3,,61,01,1,01,4,0145,80000,23,1590.0110112,
5360742,1,2,1,60,2,23,2,,,,,,,,,,,5,,,,,,,,,,,,,,,,,,,,,,,,,,,,,,,,,,,,,,,,,,,,,,,6,,,,,3,150000,1,1200000,3,,8,2,,,,,3,1,1,20,1,,20,,,1,8,,2,,2,,,,1,,,,,,,,,1,2,2,1,4,36,4,,2,,,,,,,,9,3,15,,1,20,2,1,1,1,2,1,2,2,2,2,2,2,2,,2,1,2,2,2,2,2,2,3,,62,01,1,01,4,0161,150000,23,1479.584001,
5360743,1,1,1,60,2,23,1,1,,,1,,,2,2,2,2,0,,1,,2,130000,2,,,2,,2,,2,,1,20000,2,,,2,,,2,,,2,,,2,,,2,,,2,,2,,2,,2,,2,,2,,,.,,,,,,,,,.,12,,,,,,,,,7,1,,7,,,5,8,,2,,2,,,,1,,,,,,,,,1,2,2,1,0,120,4,,2,,,,,,,,3,3,20,,1,30,1,1,1,1,2,1,2,1,2,2,2,2,2,,1,1,2,2,1,2,2,1,8,,62,01,1,01,8,0162,130000,23,2238.8445224,
5360744,1,1,1,60,2,23,2,,,,,,,,,,,684,,,,,,,,,,,,,,,,,,,,,,,,,,,,,,,,,,,,,,,,,,,,,,,7,,2,,,2,0,1,1000000,3,,12,1,1,0,0,1,3,9,2,28,2,,28,,,2,8,,2,,2,,,,1,,,,,,,,,1,2,2,2,,,,,2,,,,,,,,,3,1,,2,,,,2,,,,,,,,,,,,,,1,2,1,2,1,1,3,,61,01,1,01,4,0113,0,23,1065.2442478,
5360744,1,3,1,60,2,23,2,,,,,,,,,,,36,,,,,,,,,,,,,,,,,,,,,,,,,,,,,,,,,,,,,,,,,,,,,,,,.,,,,,,,,,.,12,,,,,,,,,28,2,,28,,,2,8,,2,,2,,,,1,,,,,,,,,1,2,2,1,12,180,4,,2,,,,,,,,11,3,1,,2,,,,2,,,,,,,,,,,,,,1,2,1,2,1,1,3,,62,01,1,01,6,0113,,23,1065.2442478,
5360745,1,2,1,60,2,23,2,,,,,,,,,,,600,,,,,,,,,,,,,,,,,,,,,,,,,,,,,,,,,,,,,,,,,,,,,,,7,,2,,,2,200000,1,3200000,3,,12,2,,,,,2,9,2,24,2,,24,,,1,8,,2,,2,,,,1,,,,,,,,,1,2,2,1,0,120,6,,2,,,,,,,,8,3,7,,2,,,,2,,,,,,,,,,,,,,1,2,1,2,1,1,3,,61,01,1,01,4,0113,200000,23,975.14847219,
5360746,1,2,1,60,2,23,2,,,,,,,,,,,4,,,,,,,,,,,,,,,,,,,,,,,,,,,,,,,,,,,,,,,,,,,,,,,6,,,,,3,50000,1,200000,3,,4,2,,,,,3,4,2,20,2,,20,,,1,2,,2,,2,,,,1,,,,,,,,,1,2,2,1,99,36,3,,2,,,,,,,,9,3,10,,2,,,,1,1,2,1,2,2,2,2,1,2,2,,2,1,2,2,1,2,2,1,3,,56,96,1,01,4,9601,50000,23,1065.2442478,
5360746,1,3,1,60,2,23,2,,,,,,,,,,,36,,,,,,,,,,,,,,,,,,,,,,,,,,,,,,,,,,,,,,,,,,,,,,,6,,,,,3,320000,1,3840000,3,,12,2,,,,,3,9,2,42,,.,42,,,1,8,,2,,2,,,,1,,,,,,,,,1,2,2,1,2,36,4,,2,,,,,,,,3,3,5,,2,,,,1,1,2,1,2,2,2,2,1,2,2,,2,1,2,2,1,2,1,1,9,,61,01,1,01,4,0161,320000,23,1065.2442478,
5360747,1,1,1,60,2,23,2,,,,,,,,,,,180,,,,,,,,,,,,,,,,,,,,,,,,,,,,,,,,,,,,,,,,,,,,,,,7,,1,2,,2,0,1,40000000,3,,12,1,6,5,0,1,2,9,1,24,2,,24,,,4,8,,2,,2,,,,1,,,,,,,,,1,2,2,1,0,120,4,,2,,,,,,,,10,3,15,,2,,,,1,1,2,1,2,2,1,2,1,2,2,,2,1,2,2,1,2,1,1,8,,61,01,1,01,5,0113,0,23,1926.8836792,
5360747,1,4,1,60,2,23,2,,,,,,,,,,,24,,,,,,,,,,,,,,,,,,,,,,,,,,,,,,,,,,,,,,,,,,,,,,,,.,,,,,,,,,.,12,,,,,,,,,12,2,,12,,,4,8,,2,,,,,,1,,,,,,,,,1,2,2,2,,,,,2,,,,,,,,,3,10,,2,,,,2,,,,,,,,,,,,,,1,2,1,2,1,1,3,,62,01,1,01,6,0113,,23,1926.8836792,
5360748,1,1,1,60,2,23,1,1,,,1,,,1,2,2,2,24,,1,,2,300000,2,,,1,120000,2,,2,,2,,2,,,2,,,2,,,2,,,2,,,2,,,2,,2,,2,,2,,2,,2,,,.,,,,,,,,,.,12,,,,,,,,,48,,.,48,,,3,8,,2,,2,,,,1,,,,,,,,,1,2,2,1,0,10,4,,1,23,14,4,,80000,1,8,8,3,20,,2,,,,2,,,,,,,,,,,,,,1,1,1,2,1,1,8,,62,01,1,01,8,0150,500000,23,1981.3020849,
5360749,1,1,1,60,2,23,2,,,,,,,,,,,432,,,,,,,,,,,,,,,,,,,,,,,,,,,,,,,,,,,,,,,,,,,,,,,7,,2,,,2,40000,1,600000,3,,12,2,,,,,3,9,2,35,2,,35,,,1,8,,2,,2,,,,1,,,,,,,,,1,2,2,2,,,,,2,,,,,,,,,3,2,,2,,,,2,,,,,,,,,,,,,,1,2,1,2,1,1,3,,61,01,1,01,4,0122,40000,23,1705.3080635,
5360750,1,1,1,60,2,23,2,,,,,,,,,,,360,,,,,,,,,,,,,,,,,,,,,,,,,,,,,,,,,,,,,,,,,,,,,,,7,,2,,,2,300000,1,4500000,3,,12,2,,,,,2,9,2,36,2,,36,,,1,8,,2,,2,,,,1,,,,,,,,,1,2,2,1,0,60,6,,2,,,,,,,,8,3,18,,2,,,,2,,,,,,,,,,,,,,1,2,1,2,1,1,3,,61,01,1,01,4,0113,300000,23,1790.8198818,
5360750,1,3,1,60,2,23,2,,,,,,,,,,,48,,,,,,,,,,,,,,,,,,,,,,,,,,,,,,,,,,,,,,,,,,,,,,,6,,,,,2,500000,1,6800000,3,,12,2,,,,,2,1,1,36,2,,36,,,1,8,,2,,2,,,,1,,,,,,,,,1,2,2,2,,,,,2,,,,,,,,,3,16,,2,,,,2,,,,,,,,,,,,,,1,1,1,2,1,1,3,,61,01,1,01,4,0161,500000,23,1790.8198818,
5360752,1,1,1,60,2,23,2,,,,,,,,,,,72,,,,,,,,,,,,,,,,,,,,,,,,,,,,,,,,,,,,,,,,,,,,,,,6,,,,,3,240000,1,2880000,3,,12,2,,,,,3,9,2,30,2,,30,,,1,8,,2,,2,,,,1,,,,,,,,,1,2,2,1,0,24,6,,1,23,18,4,,100000,1,8,8,3,15,,2,,,,1,1,2,1,2,2,2,2,2,2,2,,2,1,2,2,1,2,1,1,3,,61,01,1,01,4,0161,340000,23,2191.7739415,
5360754,1,1,1,60,2,23,2,,,,,,,,,,,120,,,,,,,,,,,,,,,,,,,,,,,,,,,,,,,,,,,,,,,,,,,,,,,4,,,,,2,600000,1,8000000,3,,12,2,,,,,2,3,2,40,,.,40,,,1,8,,2,,2,,,,1,,,,,,,,,1,2,2,1,0,24,4,,2,,,,,,,,2,11,30,,2,,,,2,,,,,,,,,,,,,,1,2,1,2,1,1,3,,41,46,1,01,4,4631,600000,23,1900.5277141,
5360755,1,1,1,60,2,23,2,,,,,,,,,,,480,,,,,,,,,,,,,,,,,,,,,,,,,,,,,,,,,,,,,,,,,,,,,,,7,,2,,,2,100000,1,800000,3,,12,2,,,,,2,9,2,38,2,,38,,,1,8,,2,,2,,,,1,,,,,,,,,1,2,2,1,0,24,6,,2,,,,,,,,10,3,20,,2,,,,2,,,,,,,,,,,,,,1,1,1,2,1,1,3,,61,01,1,01,4,0122,100000,23,1733.3477901,
5360755,1,3,1,60,2,23,2,,,,,,,,,,,24,,,,,,,,,,,,,,,,,,,,,,,,,,,,,,,,,,,,,,,,,,,,,,,6,,,,,2,180000,1,2000000,3,,12,2,,,,,2,1,2,42,,.,12,6,,1,8,,2,,2,,,,1,,,,,,,,,1,2,2,2,,,,,2,,,,,,,,,3,30,2,2,,,,1,1,2,1,2,2,2,2,1,2,2,,2,1,2,2,1,2,1,1,3,,97,52,1,01,4,5224,180000,23,1733.3477901,
5360755,1,6,1,60,2,23,2,,,,,,,,,,,36,,,,,,,,,,,,,,,,,,,,,,,,,,,,,,,,,,,,,,,,,,,,,,,6,,,,,2,180000,1,2000000,3,,12,2,,,,,2,1,2,50,,.,12,6,,1,8,,2,,2,,,,1,,,,,,,,,1,2,2,2,,,,,2,,,,,,,,,3,30,2,2,,,,1,1,2,1,2,2,2,1,2,2,2,,2,1,2,2,1,2,1,1,3,,97,52,1,01,4,5224,180000,23,1733.3477901,
5360767,1,1,1,60,2,23,2,,,,,,,,,,,9,,,,,,,,,,,,,,,,,,,,,,,,,,,,,,,,,,,,,,,,,,,,,,,,.,,,,,,,,,.,12,,,,,,,,,4,1,,4,,,2,6,,2,,2,,,,1,,,,,,,,,1,2,2,1,0,4,4,,2,,,,,,,,2,3,10,,1,40,2,1,1,1,2,1,2,2,2,2,2,2,2,,2,1,2,2,2,2,2,1,3,,45,92,1,01,6,9200,,23,2048.2708073,
5360767,1,2,1,60,2,23,2,,,,,,,,,,,60,,,,,,,,,,,,,,,,,,,,,,,,,,,,,,,,,,,,,,,,,,,,,,,7,,2,,,2,160000,1,650000,3,,12,1,1,0,0,1,3,3,2,4,2,,4,,,2,6,,2,,2,,,,1,,,,,,,,,1,2,2,2,,,,,1,23,2,4,,20000,1,6,,3,10,,2,,,,2,,,,,,,,,,,,,,1,2,1,2,1,1,3,,45,92,1,01,4,9200,180000,23,2048.2708073,
5360768,1,1,1,60,2,23,1,1,,,1,,,1,2,2,2,28,,1,,2,480000,2,,,1,130000,2,,2,,2,,2,,,2,,,2,,,2,,,2,,,2,,,2,,2,,2,,2,,2,,2,,,.,,,,,,,,,.,12,,,,,,,,,60,,.,60,,,3,8,,2,,2,,,,1,,,,,,,,,1,2,2,1,0,72,4,,2,,,,,,,,3,11,15,,2,,,,2,,,,,,,,,,,,,,1,1,1,2,1,1,9,,62,01,1,01,8,0162,610000,23,1911.6314732,
5360769,1,1,1,60,2,23,2,,,,,,,,,,,120,,,,,,,,,,,,,,,,,,,,,,,,,,,,,,,,,,,,,,,,,,,,,,,6,,,,,2,400000,1,5200000,3,,12,2,,,,,3,1,2,60,,.,60,,,1,4,,2,,2,,,,1,,,,,,,,,1,2,2,1,0,60,4,,2,,,,,,,,3,11,15,,2,,,,2,,,,,,,,,,,,,,1,1,1,2,1,1,3,,98,49,1,01,4,4921,400000,23,1534.7741583,
5360770,1,1,1,60,2,23,2,,,,,,,,,,,48,,,,,,,,,,,,,,,,,,,,,,,,,,,,,,,,,,,,,,,,,,,,,,,6,,,,,3,60000,1,300000,3,,12,2,,,,,3,1,1,14,1,,14,,,1,1,,2,,2,,,,1,,,,,,,,,1,2,2,1,0,24,1,,2,,,,,,,,1,14,,,1,26,2,1,1,1,2,1,2,2,2,2,2,2,2,,2,1,2,2,2,2,2,2,3,,61,01,1,01,4,0144,60000,23,1479.584001,
5360770,1,2,1,60,2,23,2,,,,,,,,,,,48,,,,,,,,,,,,,,,,,,,,,,,,,,,,,,,,,,,,,,,,,,,,,,,6,,,,,3,20000,1,150000,3,,12,2,,,,,3,3,2,7,2,,7,,,1,1,,2,,2,,,,1,,,,,,,,,1,2,2,1,0,36,3,,2,,,,,,,,9,14,,,2,,,,2,,,,,,,,,,,,,,1,2,1,2,1,1,3,,61,01,1,01,4,0145,20000,23,1479.584001,
5360771,1,1,1,60,2,23,2,,,,,,,,,,,6,,,,,,,,,,,,,,,,,,,,,,,,,,,,,,,,,,,,,,,,,,,,,,,6,,,,,2,500000,1,3000000,3,,12,1,1,0,0,1,3,3,2,48,,.,48,,,2,1,,2,,2,,,,1,,,,,,,,,1,2,2,1,0,48,8,,1,23,14,4,,130000,2,1,5,14,,,2,,,,1,1,2,1,2,2,2,2,2,2,2,,2,1,2,2,1,2,1,1,8,,41,47,1,01,4,4711,630000,23,1890.5786434,
5360771,1,2,1,60,2,23,2,,,,,,,,,,,6,,,,,,,,,,,,,,,,,,,,,,,,,,,,,,,,,,,,,,,,,,,,,,,,.,,,,,,,,,.,6,,,,,,,,,28,2,,28,,,2,1,,2,,2,,,,1,,,,,,,,,1,2,2,2,,,,,1,23,14,6,,,2,1,,14,,,2,,,,2,,,,,,,,,,,,,,1,1,1,2,1,1,3,,45,47,1,01,6,4711,,23,1890.5786434,
5360772,1,1,1,60,2,23,2,,,,,,,,,,,3,,,,,,,,,,,,,,,,,,,,,,,,,,,,,,,,,,,,,,,,,,,,,,,6,,,,,3,10000,1,20000,3,,3,2,,,,,3,5,2,10,1,,10,,,1,1,,2,,2,,,,1,,,,,,,,,1,2,2,1,99,24,4,,2,,,,,,,,2,14,,,2,,,,1,1,2,1,2,2,2,2,2,2,2,,2,1,2,2,2,2,1,1,3,,41,47,1,01,4,4729,10000,23,1373.5090843,
5360772,1,2,1,60,2,23,2,,,,,,,,,,,16,,,,,,,,,,,,,,,,,,,,,,,,,,,,,,,,,,,,,,,,,,,,,,,6,,,,,3,280000,1,3360000,3,,12,2,,,,,3,1,2,34,1,,34,,,1,8,,2,,2,,,,1,,,,,,,,,1,2,2,1,1,18,8,,2,,,,,,,,5,3,10,,1,14,1,1,1,1,2,1,2,2,1,2,2,2,2,,1,1,2,2,2,2,1,1,9,,61,01,1,01,4,0161,280000,23,1373.5090843,
5360772,2,1,2,60,2,23,2,,,,,,,,,,,4,,,,,,,,,,,,,,,,,,,,,,,,,,,,,,,,,,,,,,,,,,,,,,,6,,,,,3,45000,1,160000,3,,7,2,,,,,3,4,2,20,2,,20,,,1,2,,2,,2,,,,1,,,,,,,,,1,2,2,1,5,12,4,,2,,,,,,,,2,3,10,,2,,,,2,,,,,,,,,,,,,,1,1,1,2,1,1,3,,56,96,1,01,4,9601,45000,23,1373.5090843,
5360773,1,1,1,60,2,23,2,,,,,,,,,,,480,,,,,,,,,,,,,,,,,,,,,,,,,,,,,,,,,,,,,,,,,,,,,,,6,,,,,2,300000,1,3500000,3,,12,2,,,,,2,9,2,36,2,,36,,,1,8,,2,,2,,,,1,,,,,,,,,1,2,2,1,0,120,6,,2,,,,,,,,8,3,20,,2,,,,2,,,,,,,,,,,,,,1,1,1,2,1,1,3,,61,01,1,01,4,0161,300000,23,907.11657352,
5360773,1,2,1,60,2,23,2,,,,,,,,,,,120,,,,,,,,,,,,,,,,,,,,,,,,,,,,,,,,,,,,,,,,,,,,,,,6,,,,,2,100000,1,1800000,3,,12,1,1,0,0,1,3,3,2,30,2,,30,,,2,1,,2,,2,,,,1,,,,,,,,,1,2,2,2,,,,,2,,,,,,,,,14,,,2,,,,2,,,,,,,,,,,,,,1,1,1,2,1,1,3,,41,47,1,01,4,4729,100000,23,907.11657352,
5360773,1,3,1,60,2,23,2,,,,,,,,,,,24,,,,,,,,,,,,,,,,,,,,,,,,,,,,,,,,,,,,,,,,,,,,,,,,.,,,,,,,,,.,12,,,,,,,,,24,2,,24,,,2,1,,2,,2,,,,1,,,,,,,,,1,2,2,2,,,,,2,,,,,,,,,14,,,2,,,,1,1,1,1,2,2,2,2,2,2,2,,1,1,2,2,1,2,1,1,3,,45,47,1,01,6,4729,,23,907.11657352,
5360774,1,2,1,60,2,23,2,,,,,,,,,,,240,,,,,,,,,,,,,,,,,,,,,,,,,,,,,,,,,,,,,,,,,,,,,,,6,,,,,2,750000,1,8000000,3,,12,2,,,,,2,9,2,60,,.,60,,,1,8,,2,,2,,,,1,,,,,,,,,1,2,2,1,0,2,1,,2,,,,,,,,1,3,2,,2,,,,2,,,,,,,,,,,,,,1,1,1,2,1,1,8,,97,52,1,01,4,5224,750000,23,1913.5393413,
5360774,1,3,1,60,2,23,2,,,,,,,,,,,25,,,,,,,,,,,,,,,,,,,,,,,,,,,,,,,,,,,,,,,,,,,,,,,6,,,,,2,500000,1,5500000,3,,12,2,,,,,2,1,1,42,,.,42,,,1,8,,2,,2,,,,1,,,,,,,,,1,2,2,2,,,,,2,,,,,,,,,3,2,,2,,,,2,,,,,,,,,,,,,,1,1,1,2,1,1,3,,97,52,1,01,4,5224,500000,23,1913.5393413,
5360774,1,7,1,60,2,23,1,1,,,1,,,1,2,2,2,240,,1,,2,0,2,,,1,120000,2,,2,,1,90000,2,,,2,,,2,,,2,,,2,,,2,,,2,,2,,2,,2,,2,,2,,,.,,,,,,,,,.,12,,,,,,,,,28,2,,28,,,3,8,,2,,2,,,,1,,,,,,,,,1,2,2,1,1,60,8,,2,,,,,,,,1,3,30,,2,,,,2,,,,,,,,,,,,,,1,1,1,2,1,1,3,,62,01,1,01,8,0141,120000,23,1913.5393413,
5360774,1,8,1,60,2,23,2,,,,,,,,,,,180,,,,,,,,,,,,,,,,,,,,,,,,,,,,,,,,,,,,,,,,,,,,,,,6,,,,,2,800000,1,7000000,3,,12,1,1,0,1,0,3,9,2,48,,.,48,,,2,8,,2,,2,,,,1,,,,,,,,,1,2,2,2,,,,,2,,,,,,,,,9,20,,2,,,,2,,,,,,,,,,,,,,1,1,1,2,1,1,8,,71,08,1,01,4,0811,800000,23,1913.5393413,
5360775,1,2,1,60,2,23,2,,,,,,,,,,,120,,,,,,,,,,,,,,,,,,,,,,,,,,,,,,,,,,,,,,,,,,,,,,,6,,,,,2,500000,1,7000000,3,,12,2,,,,,2,1,2,48,,.,48,,,1,8,,2,,2,,,,1,,,,,,,,,1,2,2,1,0,120,4,,2,,,,,,,,3,3,10,,2,,,,2,,,,,,,,,,,,,,1,1,1,2,1,1,3,,97,52,1,01,4,5224,500000,23,1063.1700244,
5360775,2,1,2,60,2,23,2,,,,,,,,,,,480,,,,,,,,,,,,,,,,,,,,,,,,,,,,,,,,,,,,,,,,,,,,,,,6,,,,,2,600000,1,8000000,3,,12,2,,,,,3,1,2,60,,.,60,,,1,6,,2,,2,,,,1,,,,,,,,,1,2,2,2,,,,,2,,,,,,,,,3,18,,2,,,,2,,,,,,,,,,,,,,1,1,1,2,1,1,3,,45,47,1,01,4,4781,600000,23,1063.1700244,
5360776,1,1,1,60,2,23,2,,,,,,,,,,,72,,,,,,,,,,,,,,,,,,,,,,,,,,,,,,,,,,,,,,,,,,,,,,,6,,,,,3,180000,1,2000000,3,,12,2,,,,,3,3,2,10,2,,10,,,1,1,,2,,2,,,,1,,,,,,,,,1,2,2,1,0,144,3,,1,23,7,4,,30000,1,1,5,14,,,2,,,,2,,,,,,,,,,,,,,1,2,1,2,1,1,3,,41,47,1,01,4,4724,210000,23,1295.8721133,
5360776,1,2,1,60,2,23,2,,,,,,,,,,,6,,,,,,,,,,,,,,,,,,,,,,,,,,,,,,,,,,,,,,,,,,,,,,,6,,,,,3,150000,1,800000,3,,9,2,,,,,3,1,1,12,1,,12,,,1,1,,2,,2,,,,1,,,,,,,,,1,2,2,1,3,11,1,,2,,,,,,,,2,14,,,1,28,2,1,1,1,2,1,2,2,2,2,2,2,2,,2,1,2,2,2,2,2,2,3,,57,96,1,01,4,9602,150000,23,1295.8721133,
5360776,1,3,1,60,2,23,1,1,,,1,,,2,2,2,2,5,,1,,2,100000,2,,,1,130000,2,,2,,2,,2,,,2,,,2,,,2,,,2,,,2,,,2,,2,,2,,2,,2,,2,,,.,,,,,,,,,.,8,,,,,,,,,40,,.,40,,,2,2,,2,,2,,,,1,,,,,,,,,1,2,2,1,4,60,4,,2,,,,,,,,2,12,10,,2,,,,1,1,1,1,2,2,2,2,1,2,2,,1,1,2,2,2,2,2,1,3,,54,97,1,01,3,9700,230000,23,1295.8721133,
5360777,1,1,1,60,2,23,2,,,,,,,,,,,3,,,,,,,,,,,,,,,,,,,,,,,,,,,,,,,,,,,,,,,,,,,,,,,6,,,,,3,100000,1,300000,3,,3,2,,,,,3,10,2,20,1,,20,,,1,2,,2,,2,,,,1,,,,,,,,,1,2,2,1,16,25,3,,2,,,,,,,,5,3,5,,1,20,2,1,1,1,2,1,2,2,2,2,2,2,2,,2,1,2,2,2,2,1,1,3,,55,81,1,01,4,8121,100000,23,1641.9722568,
5360778,1,1,1,60,2,23,2,,,,,,,,,,,72,,,,,,,,,,,,,,,,,,,,,,,,,,,,,,,,,,,,,,,,,,,,,,,6,,,,,3,460000,1,5500000,3,,12,2,,,,,3,1,2,60,,.,45,6,,1,4,,2,,2,,,,1,,,,,,,,,1,2,2,1,2,12,1,,2,,,,,,,,7,11,10,1,2,,,,1,1,2,1,2,2,2,2,1,1,2,,2,1,2,2,2,2,1,1,9,,98,49,1,01,4,4921,460000,23,1479.584001,
5360779,1,1,1,60,2,23,2,,,,,,,,,,,60,,,,,,,,,,,,,,,,,,,,,,,,,,,,,,,,,,,,,,,,,,,,,,,6,,,,,3,70000,1,1000000,3,,12,2,,,,,3,3,2,5,2,,5,,,1,1,,1,,2,,,,1,,,,,,1,,,,2,2,1,0,180,1,,2,,,,,,,,1,14,,,2,,,,2,,,,,,,,,,,,,,1,2,1,2,1,1,3,,49,64,1,01,4,6499,70000,23,1367.257993,
5360779,1,2,1,60,2,23,2,,,,,,,,,,,3,,,,,,,,,,,,,,,,,,,,,,,,,,,,,,,,,,,,,,,,,,,,,,,6,,,,,3,500000,1,2000000,3,,6,2,,,,,3,3,2,20,2,,20,,,1,1,,3,,2,,,,1,,,,,,1,,,,2,2,1,6,300,4,,2,,,,,,,,2,14,,,2,,,,2,,,,,,,,,,,,,,1,2,1,2,1,1,3,,79,14,1,01,4,1410,500000,23,1367.257993,
5360780,1,1,1,60,2,23,1,2,1,,1,,,1,2,2,1,60,,1,,2,877803,2,,,2,,2,,2,,2,,2,,,1,102854,2,2,,,2,,,2,,,2,,,1,877803,2,,2,,2,,2,,2,,,.,,,,,,,,,.,12,,,,,,,,,48,,.,48,,,3,7,,1,,1,1,1,5,1,1,,,,,,,,,1,2,1,12,24,1,,2,,,,,,,,1,11,30,,2,,,,2,,,,,,,,,,,,,,1,1,1,2,1,1,3,,32,47,1,01,1,4752,877803,23,1613.1380644,
5360796,1,1,1,60,2,23,2,,,,,,,,,,,7,,,,,,,,,,,,,,,,,,,,,,,,,,,,,,,,,,,,,,,,,,,,,,,6,,,,,3,520000,1,4000000,3,,10,2,,,,,3,3,2,48,,.,48,,,1,8,,2,,2,,,,1,,,,,,,,,1,2,2,1,2,48,4,,1,23,5,4,,120000,1,1,2,3,7,,2,,,,2,,,,,,,,,,,,,,1,2,1,2,1,1,9,,97,52,1,01,4,5224,640000,23,1549.5237677,
5360796,1,3,1,60,2,23,1,1,,,1,,,1,2,2,2,6,,1,,2,100000,2,,,1,200000,2,,2,,2,,2,,,2,,,2,,,2,,,2,,,2,,,2,,2,,2,,2,,2,,2,,,.,,,,,,,,,.,9,,,,,,,,,30,2,,30,,,2,2,,2,,2,,,,1,,,,,,,,,1,2,2,1,3,12,3,,2,,,,,,,,5,3,5,,2,,,,2,,,,,,,,,,,,,,1,2,1,2,1,1,3,,54,97,1,01,3,9700,300000,23,1549.5237677,
5360797,1,1,1,60,2,23,2,,,,,,,,,,,25,,,,,,,,,,,,,,,,,,,,,,,,,,,,,,,,,,,,,,,,,,,,,,,6,,,,,3,420000,1,5000000,3,,12,2,,,,,3,10,2,50,,.,50,,,1,4,,2,,2,,,,1,,,,,,,,,1,2,2,1,3,16,1,,2,,,,,,,,5,11,2,,2,,,,1,1,2,1,2,2,2,2,2,1,2,,2,1,2,2,1,2,1,1,9,,98,49,1,01,4,4921,420000,23,1705.3080635,
5360799,1,5,1,60,2,23,2,,,,,,,,,,,24,,,,,,,,,,,,,,,,,,,,,,,,,,,,,,,,,,,,,,,,,,,,,,,6,,,,,3,360000,1,4320000,3,,12,2,,,,,3,1,2,50,,.,50,,,1,8,,2,,2,,,,1,,,,,,,,,1,2,2,1,4,12,1,,2,,,,,,,,5,3,5,,2,,,,1,1,2,1,2,2,2,2,1,1,2,,1,1,2,2,1,2,1,1,8,,71,08,1,01,4,0811,360000,23,1570.8029584,
5360801,1,1,1,60,2,23,2,,,,,,,,,,,9,,,,,,,,,,,,,,,,,,,,,,,,,,,,,,,,,,,,,,,,,,,,,,,6,,,,,3,60000,1,200000,3,,12,2,,,,,3,3,2,21,2,,21,,,1,1,,2,,2,,,,1,,,,,,,,,1,2,2,1,0,300,4,,2,,,,,,,,2,14,,,2,,,,2,,,,,,,,,,,,,,1,2,1,2,1,1,3,,61,01,1,01,4,0144,60000,23,1366.1948168,
5360801,1,2,1,60,2,23,2,,,,,,,,,,,4,,,,,,,,,,,,,,,,,,,,,,,,,,,,,,,,,,,,,,,,,,,,,,,6,,,,,3,40000,1,160000,3,,9,2,,,,,3,1,1,14,1,,14,,,1,1,,2,,2,,,,1,,,,,,,,,1,2,2,1,3,84,1,,2,,,,,,,,1,14,,,1,30,2,1,1,1,2,1,2,2,2,2,2,2,2,,2,1,2,2,2,2,2,2,3,,41,47,1,01,4,4729,40000,23,1366.1948168,
5360801,1,3,1,60,2,23,2,,,,,,,,,,,6,,,,,,,,,,,,,,,,,,,,,,,,,,,,,,,,,,,,,,,,,,,,,,,6,,,,,3,260000,1,1500000,3,,9,2,,,,,3,1,1,40,,.,40,,,1,6,,2,,2,,,,1,,,,,,,,,1,2,2,1,3,4,1,,2,,,,,,,,1,15,120,,2,,,,1,1,2,1,2,2,2,2,1,2,2,,2,1,2,2,2,2,2,2,3,,97,52,1,01,4,5224,260000,23,1366.1948168,
5360803,1,1,1,60,2,23,2,,,,,,,,,,,120,,,,,,,,,,,,,,,,,,,,,,,,,,,,,,,,,,,,,,,,,,,,,,,7,,1,2,,2,600000,1,3600000,3,,12,2,,,,,3,9,2,35,2,,35,,,1,8,,2,,2,,,,1,,,,,,,,,1,2,2,1,0,60,4,,1,23,16,4,,100000,1,1,2,3,10,,2,,,,2,,,,,,,,,,,,,,1,1,1,2,1,1,9,,61,01,1,01,4,0111,700000,23,2198.5856125,
5360803,1,2,1,60,2,23,2,,,,,,,,,,,12,,,,,,,,,,,,,,,,,,,,,,,,,,,,,,,,,,,,,,,,,,,,,,,5,,,,,3,60000,1,700000,3,,12,2,,,,,3,4,2,16,2,,16,,,1,5,,2,,2,,,,1,,,,,,,,,1,2,2,2,,,,,2,,,,,,,,,3,2,,2,,,,2,,,,,,,,,,,,,,1,1,1,2,1,1,3,,45,47,1,01,4,4792,60000,23,2198.5856125,
5360804,1,2,1,60,2,23,1,1,,,1,,,1,2,2,2,30,,1,,2,400000,2,,,1,200000,1,150000,2,,2,,2,,,2,,,2,,,2,,,2,,,2,,,2,,2,,2,,2,,2,,2,,,.,,,,,,,,,.,12,,,,,,,,,25,2,,25,,,2,8,,2,,2,,,,1,,,,,,1,,,,2,2,1,0,240,4,,2,,,,,,,,8,13,20,,2,,,,2,,,,,,,,,,,,,,1,2,1,2,1,1,3,,62,01,1,01,8,0111,750000,23,1565.0958193,
5360804,1,3,1,60,2,23,2,,,,,,,,,,,24,,,,,,,,,,,,,,,,,,,,,,,,,,,,,,,,,,,,,,,,,,,,,,,7,,2,,,2,400000,1,800000,3,,12,2,,,,,3,1,1,20,1,,20,,,1,8,,2,,2,,,,1,,,,,,,,,1,2,2,1,0,12,4,,2,,,,,,,,8,13,10,,1,20,2,1,1,1,2,1,2,2,2,2,1,2,2,,2,1,2,2,2,2,2,2,3,,61,01,1,01,4,0111,400000,23,1565.0958193,
5360804,1,4,1,60,2,23,1,1,,,1,,,1,2,2,2,30,,1,,2,400000,2,,,1,200000,1,150000,2,,2,,2,,,2,,,2,,,2,,,2,,,2,,,2,,2,,2,,2,,2,,2,,,.,,,,,,,,,.,12,,,,,,,,,25,2,,25,,,2,8,,2,,2,,,,1,,,,,,,,,1,2,2,1,0,18,4,,2,,,,,,,,8,13,20,,2,,,,2,,,,,,,,,,,,,,1,2,1,2,1,1,3,,62,01,1,01,8,0111,750000,23,1565.0958193,
5360804,1,7,1,60,2,23,2,,,,,,,,,,,30,,,,,,,,,,,,,,,,,,,,,,,,,,,,,,,,,,,,,,,,,,,,,,,7,,2,,,2,7500000,1,15000000,3,,12,1,2,2,0,0,2,3,2,7,2,,7,,,2,8,,3,,2,,,,1,,,1,,,,,,,2,2,1,12,24,1,,1,23,5,4,,600000,1,1,9,13,20,,2,,,,2,,,,,,,,,,,,,,1,2,1,2,1,1,2,,61,01,1,01,5,0111,8100000,23,1565.0958193,
5360805,1,1,1,60,2,23,2,,,,,,,,,,,180,,,,,,,,,,,,,,,,,,,,,,,,,,,,,,,,,,,,,,,,,,,,,,,7,,2,,,2,0,1,200000,3,,12,1,3,2,1,0,2,3,2,24,2,,24,,,3,8,,2,,2,,,,1,,,,,,,,,1,2,2,1,0,120,4,,1,23,20,4,,500000,2,7,10,11,10,,2,,,,2,,,,,,,,,,,,,,2,2,1,2,1,1,8,,61,01,1,01,5,0111,500000,23,1845.673798,
5360805,1,3,1,60,2,23,2,,,,,,,,,,,36,,,,,,,,,,,,,,,,,,,,,,,,,,,,,,,,,,,,,,,,,,,,,,,,.,,,,,,,,,.,12,,,,,,,,,4,2,,4,,,2,7,,2,,2,,,,1,,,,,,,,,1,2,2,2,,,,,2,,,,,,,,,3,1,,2,,,,2,,,,,,,,,,,,,,1,1,1,2,1,1,3,,55,93,1,01,6,9329,,23,1845.673798,
5360806,1,1,1,60,2,23,1,1,,,1,,,1,2,2,2,24,,1,,2,800000,2,,,2,,2,,2,,2,,2,,,2,,,2,,,2,,,2,,,2,,,2,,2,,2,,2,,2,,2,,,.,,,,,,,,,.,12,,,,,,,,,48,,.,48,,,3,9,,2,,2,,,,1,,,,,,,,,1,2,2,1,6,24,1,,2,,,,,,,,5,11,20,,2,,,,2,,,,,,,,,,,,,,1,1,1,2,1,1,3,,95,41,1,01,1,4111,800000,23,1705.3080635,
5360807,1,1,1,60,2,23,2,,,,,,,,,,,84,,,,,,,,,,,,,,,,,,,,,,,,,,,,,,,,,,,,,,,,,,,,,,,6,,,,,3,50000,1,200000,3,,12,2,,,,,3,9,2,16,1,,16,,,1,1,,2,,2,,,,1,,,,,,,,,1,2,2,1,12,36,4,,2,,,,,,,,11,14,,,1,30,1,1,1,1,2,1,2,2,2,2,2,2,2,,1,1,2,2,2,2,1,1,9,,61,01,1,01,4,0144,50000,23,975.14847219,
5360807,1,2,1,60,2,23,2,,,,,,,,,,,17,,,,,,,,,,,,,,,,,,,,,,,,,,,,,,,,,,,,,,,,,,,,,,,6,,,,,3,100000,1,500000,3,,12,2,,,,,3,4,2,20,2,,20,,,1,1,,2,,2,,,,1,,,,,,,,,1,2,2,1,4,24,4,,1,23,18,4,,45000,1,1,3,14,,,2,,,,2,,,,,,,,,,,,,,1,1,1,2,1,1,3,,61,01,1,01,4,0145,145000,23,975.14847219,
5360808,1,1,1,60,2,23,2,,,,,,,,,,,300,,,,,,,,,,,,,,,,,,,,,,,,,,,,,,,,,,,,,,,,,,,,,,,6,,,,,2,120000,1,1800000,3,,12,2,,,,,2,9,2,15,2,,15,,,1,8,,2,,2,,,,1,,,,,,,,,1,2,2,2,,,,,1,23,10,4,,0,1,8,,3,20,,1,20,1,1,2,,,,,,,,,,,,,,1,1,1,2,1,1,3,,61,01,1,01,4,0161,120000,23,1141.5339305,
5360808,1,2,1,60,2,23,2,,,,,,,,,,,96,,,,,,,,,,,,,,,,,,,,,,,,,,,,,,,,,,,,,,,,,,,,,,,7,,1,2,,2,400000,1,4500000,3,,12,1,1,0,0,1,3,6,2,84,,.,84,,,2,1,,2,,2,,,,1,,,,,,,,,1,2,2,1,9,12,3,,2,,,,,,,,3,14,,,2,,,,2,,,,,,,,,,,,,,1,1,1,2,1,2,3,,41,47,1,01,4,4711,400000,23,1141.5339305,
5360808,1,3,1,60,2,23,2,,,,,,,,,,,96,,,,,,,,,,,,,,,,,,,,,,,,,,,,,,,,,,,,,,,,,,,,,,,,.,,,,,,,,,.,12,,,,,,,,,14,1,,14,,,2,1,,2,,2,,,,1,,,,,,,,,1,2,2,1,7,2,3,,2,,,,,,,,1,14,,,1,30,2,1,1,1,2,1,2,2,2,1,2,2,2,,2,1,2,2,1,2,1,1,3,,45,47,1,01,6,4711,,23,1141.5339305,
5360809,1,1,1,60,2,23,2,,,,,,,,,,,360,,,,,,,,,,,,,,,,,,,,,,,,,,,,,,,,,,,,,,,,,,,,,,,6,,,,,2,360000,1,5100000,3,,12,2,,,,,2,1,2,20,1,,20,,,1,8,,2,,2,,,,1,,,,,,,,,1,2,2,1,2,60,8,,2,,,,,,,,5,3,30,,1,15,1,1,2,,,,,,,,,,,,,,1,1,1,2,1,1,3,,61,01,1,01,4,0161,360000,23,2167.4694858,
5360809,2,1,2,60,2,23,2,,,,,,,,,,,48,,,,,,,,,,,,,,,,,,,,,,,,,,,,,,,,,,,,,,,,,,,,,,,6,,,,,2,350000,1,4000000,3,,12,2,,,,,2,1,2,36,2,,36,,,1,8,,2,,2,,,,1,,,,,,,,,1,2,2,2,,,,,2,,,,,,,,,3,20,,2,,,,2,,,,,,,,,,,,,,1,2,1,2,1,1,3,,61,01,1,01,4,0161,350000,23,2167.4694858,
5360810,1,1,1,60,2,23,2,,,,,,,,,,,14,,,,,,,,,,,,,,,,,,,,,,,,,,,,,,,,,,,,,,,,,,,,,,,6,,,,,3,45000,1,540000,3,,12,2,,,,,3,5,2,20,2,,20,,,1,1,,2,,2,,,,1,,,,,,,,,1,2,2,1,12,120,4,,2,,,,,,,,11,14,,,2,,,,2,,,,,,,,,,,,,,1,1,1,2,1,1,3,,41,47,1,01,4,4729,45000,23,1143.6081539,
5360810,1,2,1,60,2,23,2,,,,,,,,,,,3,,,,,,,,,,,,,,,,,,,,,,,,,,,,,,,,,,,,,,,,,,,,,,,6,,,,,3,25000,1,55000,3,,3,2,,,,,3,4,2,14,2,,14,,,1,1,,2,,2,,,,1,,,,,,,,,1,2,2,1,99,36,3,,2,,,,,,,,9,14,,,2,,,,1,1,2,1,2,2,2,2,2,2,2,,2,1,2,2,1,2,2,1,3,,77,56,1,01,4,5619,25000,23,1143.6081539,
5360812,1,1,1,60,2,23,2,,,,,,,,,,,72,,,,,,,,,,,,,,,,,,,,,,,,,,,,,,,,,,,,,,,,,,,,,,,6,,,,,3,750000,1,9000000,3,,12,2,,,,,3,3,2,60,,.,40,6,,1,2,,2,,2,,,,1,,,,,,,,,1,2,2,1,0,36,1,,2,,,,,,,,10,11,10,1,2,,,,2,,,,,,,,,,,,,,1,1,1,2,1,1,5,,03,95,1,01,4,9522,750000,23,1690.0558576,
5360812,1,2,1,60,2,23,2,,,,,,,,,,,3,,,,,,,,,,,,,,,,,,,,,,,,,,,,,,,,,,,,,,,,,,,,,,,6,,,,,3,200000,1,450000,3,,3,2,,,,,3,4,2,20,2,,20,,,1,5,,2,,2,,,,1,,,,,,,,,1,2,2,1,12,4,4,,2,,,,,,,,3,3,3,,2,,,,2,,,,,,,,,,,,,,1,1,1,2,1,1,3,,41,47,1,01,4,4799,200000,23,1690.0558576,
5360814,1,1,1,60,2,23,1,2,1,,1,,,1,1,1,1,144,,5,,2,2800000,2,,,2,,2,,2,,2,,2,,,2,,,2,,,2,,,2,,,2,,,1,1400000,1,2800000,2,,2,,2,,2,,,.,,,,,,,,,.,12,,,,,,,,,30,3,ES LA JORNADA ESTABLECIDA PARA LOS TRABAJADORES DEL MAGISTERIO,30,,,9,7,,1,,1,3,1,12,1,1,,1,,,,,,,1,2,1,2,10,1,,2,,,,,,,,1,1,60,,2,,,,2,,,,,,,,,,,,,,1,1,1,1,1,1,5,,13,85,1,01,2,8530,2800000,23,995.30448105,
5360815,1,3,1,60,2,23,2,,,,,,,,,,,360,,,,,,,,,,,,,,,,,,,,,,,,,,,,,,,,,,,,,,,,,,,,,,,7,,1,1,2020,2,1000000,1,6000000,3,,12,2,,,,,3,9,2,45,,.,45,,,1,8,,2,,2,,,,1,,,1,1,,,,,,2,2,1,0,72,6,,2,,,,,,,,8,3,2,,2,,,,2,,,,,,,,,,,,,,1,1,1,2,1,1,2,,61,01,1,01,4,0111,1000000,23,1065.2442478,
5360816,1,1,1,60,2,23,2,,,,,,,,,,,60,,,,,,,,,,,,,,,,,,,,,,,,,,,,,,,,,,,,,,,,,,,,,,,6,,,,,2,400000,1,6000000,3,,12,2,,,,,3,1,2,40,,.,40,,,1,2,,2,,2,,,,1,,,,,,,,,1,2,2,1,0,24,4,,2,,,,,,,,3,11,30,,2,,,,2,,,,,,,,,,,,,,1,1,1,2,1,1,3,,16,74,1,01,4,7420,400000,23,1311.1243192,
5360817,1,1,1,60,2,23,2,,,,,,,,,,,2,,,,,,,,,,,,,,,,,,,,,,,,,,,,,,,,,,,,,,,,,,,,,,,6,,,,,3,100000,1,200000,3,,12,2,,,,,3,1,1,15,1,,15,,,1,8,,2,,2,,,,1,,,,,,1,,,,2,2,1,0,168,8,,2,,,,,,,,9,3,5,,1,25,2,1,1,1,2,1,2,2,2,2,2,2,2,,2,1,2,2,2,2,2,2,3,,61,01,1,01,4,0161,100000,23,1567.1700427,
5360819,1,1,1,60,2,23,1,1,,,1,,,1,2,2,2,72,,1,,2,440000,2,,,2,,2,,2,,2,,2,,,2,,,2,,,2,,,2,,,2,,,2,,2,,2,,2,,2,,2,,,.,,,,,,,,,.,12,,,,,,,,,42,,.,42,,,2,8,,2,,2,,,,1,,,,,,,,,1,2,2,1,0,3,1,,2,,,,,,,,1,11,10,,2,,,,1,1,2,1,2,2,2,2,2,2,2,,2,1,2,2,1,2,1,1,8,,62,01,1,01,8,0141,440000,23,1680.1067868,
5360819,1,2,1,60,2,23,2,,,,,,,,,,,36,,,,,,,,,,,,,,,,,,,,,,,,,,,,,,,,,,,,,,,,,,,,,,,6,,,,,3,100000,1,1200000,3,,12,2,,,,,3,4,2,30,2,,20,6,,1,2,,2,,2,,,,1,,,,,,,,,1,2,2,2,,,,,2,,,,,,,,,3,15,1,2,,,,2,,,,,,,,,,,,,,1,1,1,2,1,1,3,,57,96,1,01,4,9602,100000,23,1680.1067868,
5360820,1,2,1,60,2,23,2,,,,,,,,,,,22,,,,,,,,,,,,,,,,,,,,,,,,,,,,,,,,,,,,,,,,,,,,,,,6,,,,,3,250000,1,3000000,3,,12,2,,,,,3,1,2,35,1,,35,,,1,5,,2,,2,,,,1,,,,,,,,,1,2,2,1,0,3,1,,2,,,,,,,,5,11,20,,1,14,1,1,1,1,2,1,2,2,1,2,2,1,2,,1,1,2,2,2,2,1,1,3,,45,47,1,01,4,4799,250000,23,1479.584001,
5360821,1,1,1,60,2,23,1,1,,,1,,,1,2,2,2,120,,1,,2,900000,2,,,2,,2,,2,,2,,2,,,2,,,2,,,2,,,2,,,2,,,2,,2,,2,,2,,2,,2,,,.,,,,,,,,,.,12,,,,,,,,,48,,.,48,,,4,7,,2,,2,,,,1,,,,,,,,,1,2,2,1,0,24,1,,2,,,,,,,,1,11,30,,2,,,,2,,,,,,,,,,,,,,1,2,1,2,1,1,3,,45,47,1,01,1,4754,900000,23,1703.2338401,
5360821,1,2,1,60,2,23,2,,,,,,,,,,,10,,,,,,,,,,,,,,,,,,,,,,,,,,,,,,,,,,,,,,,,,,,,,,,5,,,,,2,300000,1,4200000,3,,12,2,,,,,3,1,2,20,2,,20,,,1,5,,2,,2,,,,1,,,,,,,,,1,2,2,1,0,12,1,,2,,,,,,,,1,11,10,,2,,,,1,1,1,1,2,2,2,2,2,2,2,,1,1,2,2,1,2,1,1,3,,45,47,1,01,4,4792,300000,23,1703.2338401,
5360821,1,3,1,60,2,23,2,,,,,,,,,,,12,,,,,,,,,,,,,,,,,,,,,,,,,,,,,,,,,,,,,,,,,,,,,,,6,,,,,2,150000,1,1600000,3,,12,2,,,,,3,1,2,30,2,,30,,,1,1,,2,,2,,,,1,,,,,,,,,1,2,2,1,0,12,2,,2,,,,,,,,1,14,,,2,,,,1,1,1,1,2,2,2,2,2,2,2,,1,1,2,2,1,2,1,1,3,,44,60,1,01,4,6020,150000,23,1703.2338401,
5360823,1,2,1,60,2,27,1,2,1,,1,,,1,1,1,1,276,,5,,2,3000000,2,,,2,,2,,2,,2,,2,,,2,,,2,,,2,,,2,,,2,,,1,1500000,1,3000000,2,,2,,2,,2,,,.,,,,,,,,,.,12,,,,,,,,,30,3,SON LAS ESTIPULADAS POR EL MAGISTERIO,30,,,9,7,,1,,1,1,1,23,1,1,,,,,,,,,1,2,2,,,,,2,,,,,,,,,3,10,,2,,,,2,,,,,,,,,,,,,,1,1,1,1,1,1,1,,13,85,1,01,2,8513,3000000,27,666.18670727,
5360917,1,2,1,60,2,25,1,1,,,1,,,2,2,2,2,2,,1,,2,40000,2,,,2,,2,,2,,2,,2,,,2,,,2,,,2,,,2,,,2,,,2,,2,,2,,2,,2,,2,,,.,,,,,,,,,.,2,,,,,,,,,8,1,,8,,,2,2,,5,,2,,,,1,,,,,,,,,1,2,2,2,,,,,2,,,,,,,,,3,120,,1,40,2,1,1,1,2,1,2,2,2,2,2,2,2,,2,2,2,2,1,2,2,2,3,,54,97,1,01,3,9700,40000,25,6624.120137,
5360917,1,3,1,60,2,11,1,2,1,,1,,,2,1,2,1,60,,1,,2,1000000,2,,,2,,2,,2,,2,,2,,,2,,,2,,,2,,,2,,,2,,,1,1000000,2,,2,,2,,2,,2,,,.,,,,,,,,,.,12,,,,,,,,,98,,.,98,,,9,7,,1,,1,1,1,10,1,1,,,,,,,,,1,1,1,12,36,1,,2,,,,,,,,1,13,90,,2,,,,1,1,1,1,1,2,2,2,2,2,2,,2,1,1,2,1,2,1,2,5,,58,80,1,01,1,8010,1000000,25,6624.120137,
5360918,1,1,1,60,2,25,2,,,,,,,,,,,12,,,,,,,,,,,,,,,,,,,,,,,,,,,,,,,,,,,,,,,,,,,,,,,6,,,,,2,100000,1,600000,1,,6,2,,,,,2,1,1,27,1,,18,6,,4,8,,2,,2,,,,1,,,,,,1,,,,2,2,1,0,276,5,,2,,,,,,,,2,3,60,2,2,,,,2,,,,,,,,,,,,,,1,1,2,2,2,1,2,,62,01,1,01,4,0111,100000,25,1472.0266971,
5360918,1,2,1,60,2,25,2,,,,,,,,,,,3,,,,,,,,,,,,,,,,,,,,,,,,,,,,,,,,,,,,,,,,,,,,,,,7,,2,,,2,50000,1,150000,3,,3,2,,,,,3,1,2,48,,.,48,,,1,1,,2,,2,,,,1,,,,,,1,,,,2,2,1,3,276,4,,2,,,,,,,,2,14,,,2,,,,2,,,,,,,,,,,,,,1,1,1,2,1,1,3,,45,47,1,01,4,4724,50000,25,1472.0266971,
5360919,1,1,1,60,2,25,2,,,,,,,,,,,6,,,,,,,,,,,,,,,,,,,,,,,,,,,,,,,,,,,,,,,,,,,,,,,6,,,,,2,420000,1,1000000,3,,12,2,,,,,2,4,1,24,2,,24,,,1,8,,2,,2,,,,1,,,,,,,,,1,2,2,1,0,60,1,,2,,,,,,,,2,3,20,,2,,,,2,,,,,,,,,,,,,,1,1,1,2,2,1,2,,61,01,1,01,4,0161,420000,25,1472.0266971,
5360920,1,1,1,60,2,25,2,,,,,,,,,,,3,,,,,,,,,,,,,,,,,,,,,,,,,,,,,,,,,,,,,,,,,,,,,,,7,,2,,,2,0,1,0,2,,10,2,,,,,3,11,1,48,,.,48,,,1,8,,11,,2,,,,1,,,,,,,,,1,2,2,1,2,36,1,,2,,,,,,,,3,3,5,,1,12,1,1,1,1,1,1,2,2,2,2,2,2,2,,2,2,1,2,1,2,1,1,8,,61,01,1,01,4,0111,0,25,5809.6658963,
5360921,1,1,1,60,2,25,2,,,,,,,,,,,240,,,,,,,,,,,,,,,,,,,,,,,,,,,,,,,,,,,,,,,,,,,,,,,7,,2,,,2,350000,1,350000,2,,12,2,,,,,2,1,1,26,1,,15,6,,1,8,,5,,2,,,,1,,,1,,,,,,,2,2,1,1,236,4,,2,,,,,,,,3,3,10,2,2,,,,1,1,2,1,2,1,2,2,2,2,2,,2,1,1,2,1,2,2,2,2,,61,01,1,01,4,0121,350000,25,1800.7485964,
5360922,1,1,1,60,2,25,2,,,,,,,,,,,24,,,,,,,,,,,,,,,,,,,,,,,,,,,,,,,,,,,,,,,,,,,,,,,7,,2,,,2,500000,1,1000000,3,,12,2,,,,,2,1,1,70,,.,70,,,2,8,,2,,2,,,,1,,,1,1,,1,,,,2,2,1,18,12,8,,2,,,,,,,,10,3,5,,1,14,2,1,2,,,,,,,,,,,,,,1,1,1,2,1,1,3,,62,01,1,01,4,0145,500000,25,5260.9284639,
5360922,1,3,1,60,2,25,1,1,,,1,,,1,2,2,2,2,,1,,2,600000,2,,,2,,2,,2,,2,,2,,,2,,,2,,,2,,,2,,,2,,,2,,2,,2,,2,,2,,2,,,.,,,,,,,,,.,2,,,,,,,,,45,,.,45,,,4,8,,2,,2,,,,1,,,,,,,,,1,2,2,2,,,,,2,,,,,,,,,3,30,,2,,,,1,1,1,1,2,1,2,2,1,1,2,,2,2,2,2,1,2,2,1,3,,62,01,1,01,8,0111,600000,25,5260.9284639,
5360925,1,1,1,60,2,11,1,2,1,,1,,,1,1,1,1,108,,5,,1,2800000,1,98,2,2,,2,,2,,2,,2,,,2,,,1,30000,2,2,,,2,,,1,50000,1,1,1400000,1,1400000,1,1400000,2,,2,,2,,,.,,,,,,,,,.,11,,,,,,,,,48,,.,48,,,9,7,,1,,1,1,1,9,1,1,,,,,,,,,1,1,1,4,6,1,,2,,,,,,,,1,1,150,,2,,,,2,,,,,,,,,,,,,,1,1,1,2,1,1,1,,58,84,1,01,2,8424,2800000,25,1472.0266971,
5360926,1,1,1,60,2,11,1,2,1,,1,,,1,1,2,1,36,,4,,1,1000000,1,98,2,2,,2,,2,,2,,2,,,1,102854,2,1,36100,2,2,,,2,,,2,,,1,1000000,2,,2,,2,,2,,2,,,.,,,,,,,,,.,12,,,,,,,,,48,,.,48,,,9,4,,1,,1,2,1,10,1,1,,,,,,,,,1,1,1,4,60,2,,2,,,,,,,,2,1,150,,2,,,,1,1,1,1,2,2,2,2,1,1,2,,2,1,2,1,1,2,1,1,3,,98,80,1,01,1,8010,1000000,25,4337.2374195,
5360926,1,2,1,60,2,25,1,2,1,,1,,,1,1,2,1,14,,2,,2,877803,2,,,2,,2,,2,,2,,2,,,1,102854,2,1,36100,2,2,,,2,,,2,,,1,877803,2,,2,,2,,2,,2,,,.,,,,,,,,,.,12,,,,,,,,,48,,.,48,,,9,7,,1,,1,2,1,7,1,,,,,,,,,1,1,1,1,5,12,1,,2,,,,,,,,1,1,100,,2,,,,2,,,,,,,,,,,,,,1,1,1,2,1,1,3,,33,84,1,01,1,8413,877803,25,4337.2374195,
5360927,1,1,1,60,2,25,2,,,,,,,,,,,60,,,,,,,,,,,,,,,,,,,,,,,,,,,,,,,,,,,,,,,,,,,,,,,7,,2,,,2,300000,1,300000,3,,12,2,,,,,3,5,1,34,1,,34,,,1,7,,2,,2,,,,1,,,,,,,,,1,2,2,1,99,240,4,,2,,,,,,,,9,14,,,2,,,,2,,,,,,,,,,,,,,1,2,2,2,2,2,3,,41,47,1,01,4,4724,300000,25,1800.7485964,
5360928,1,1,1,60,2,25,1,1,,,1,,,1,2,2,2,0,,1,,2,360000,2,,,2,,2,,2,,2,,2,,,2,,,2,,,2,,,2,,,2,,,2,,2,,2,,2,,2,,2,,,.,,,,,,,,,.,8,,,,,,,,,48,,.,48,,,5,8,,2,,2,,,,1,,,,,,,,,1,2,2,1,4,8,8,,2,,,,,,,,8,11,50,,2,,,,1,1,1,1,1,1,2,1,1,2,2,,2,1,1,2,1,2,1,1,3,,62,78,1,01,1,7810,360000,25,1472.0266971,
5360929,1,1,1,60,2,11,1,1,,,1,,,2,2,2,2,36,,1,,2,1800000,2,,,2,,2,,2,,2,,2,,,2,,,2,,,2,,,2,,,2,,,2,,2,,2,,2,,2,,2,,,.,,,,,,,,,.,9,,,,,,,,,54,,.,0,7,CUARENTENA ESTRICTA EN BOSA,4,7,,1,,1,1,2,1,1,1,,,,,,,,,1,2,1,1,12,1,,2,,,,,,,,3,2,90,,2,,,,1,1,1,1,2,2,2,1,1,1,2,,1,1,1,1,2,2,1,1,5,,87,32,1,01,1,3290,1800000,25,6624.120137,
5360929,1,2,1,60,2,25,1,2,1,,1,,,1,1,2,1,0,,1,,2,908000,2,,,2,,2,,1,300000,2,,2,,,1,102854,2,2,,,2,,,2,,,2,,,2,,2,,2,,2,,2,,1,14,,,,,,,,,,,,3,,,,,,,,,70,,.,70,,,9,8,,1,,1,2,1,0,1,1,,,,,,,,,1,1,1,9,3,1,,2,,,,,,,,1,7,90,,2,,,,1,1,1,1,1,2,2,2,1,1,2,,1,1,1,1,2,2,2,2,3,,62,01,1,01,1,0125,908000,25,6624.120137,
5360930,1,1,1,60,2,25,1,2,1,,1,,,1,1,2,1,156,,1,,2,1000000,2,,,2,,2,,2,,2,,2,,,1,102854,2,1,36100,2,2,,,2,,,2,,,1,1000000,2,,2,,2,,2,,2,,,.,,,,,,,,,.,12,,,,,,,,,48,,.,48,,,8,7,,1,,1,2,1,14,1,1,,,,,,,,,1,1,1,0,36,1,,2,,,,,,,,2,13,20,,2,,,,2,,,,,,,,,,,,,,1,1,1,2,1,1,3,,97,25,1,01,1,2511,1000000,25,1472.0266971,
5360931,1,2,1,60,2,11,2,,,,,,,,,,,6,,,,,,,,,,,,,,,,,,,,,,,,,,,,,,,,,,,,,,,,,,,,,,,6,,,,,2,200000,1,900000,1,,6,2,,,,,3,1,1,28,1,,28,,,1,6,,11,,2,,,,1,,,,,,,,,1,2,2,1,2,5,3,,2,,,,,,,,1,2,150,,1,20,1,1,1,1,1,1,2,1,1,2,1,1,2,,1,1,2,2,2,2,2,2,8,,45,47,1,01,4,4789,200000,25,3456.3951326,
5360932,1,1,1,60,2,25,1,1,,,1,,,1,1,2,1,144,,1,,2,877803,2,,,2,,2,,1,60000,2,,2,,,1,65000,2,2,,,2,,,2,,,2,,,1,820000,2,,2,,2,,2,,2,,,.,,,,,,,,,.,12,,,,,,,,,72,,.,72,,,7,7,,1,,1,2,1,20,1,1,,,,,,,,,1,2,1,0,96,1,,2,,,,,,,,1,2,30,,2,,,,1,1,2,1,1,2,1,1,2,1,2,,2,1,1,1,2,2,1,2,1,,89,23,1,01,1,2392,877803,25,1472.0266971,
5360932,1,2,1,60,2,25,2,,,,,,,,,,,60,,,,,,,,,,,,,,,,,,,,,,,,,,,,,,,,,,,,,,,,,,,,,,,6,,,,,2,500000,1,900000,1,,12,2,,,,,2,3,2,48,,.,0,6,,1,1,,3,,2,,,,1,1,,,,,,,,,2,2,1,12,72,1,,2,,,,,,,,1,2,90,1,2,,,,2,,,,,,,,,,,,,,1,2,2,2,1,1,5,,79,95,1,01,4,9529,500000,25,1472.0266971,
5360933,1,1,1,60,2,25,2,,,,,,,,,,,480,,,,,,,,,,,,,,,,,,,,,,,,,,,,,,,,,,,,,,,,,,,,,,,7,,1,1,2020,2,400000,1,4800000,3,,11,1,5,5,0,0,2,3,2,48,,.,48,,,3,8,,1,,1,2,2,15,1,1,,1,,,,,,,1,2,2,,,,,2,,,,,,,,,11,90,,2,,,,2,,,,,,,,,,,,,,1,1,1,2,1,1,2,,61,81,1,01,5,8130,400000,25,1472.0266971,
5360933,1,2,1,60,2,25,1,1,,,1,,,1,2,2,2,24,,1,,2,200000,2,,,2,,2,,2,,2,,2,,,1,40000,2,2,,,2,,,2,,,2,,,2,,2,,2,,2,,2,,2,,,.,,,,,,,,,.,1,,,,,,,,,10,1,,10,,,2,7,,2,,2,,,,1,,,,,,,,,1,2,2,2,,,,,2,,,,,,,,,2,40,,2,,,,1,1,1,1,2,1,2,1,2,2,2,,2,9,1,1,1,2,2,1,3,,94,32,1,01,1,3250,200000,25,1472.0266971,
5360958,1,2,1,60,2,25,2,,,,,,,,,,,12,,,,,,,,,,,,,,,,,,,,,,,,,,,,,,,,,,,,,,,,,,,,,,,6,,,,,2,100000,1,1200000,1,,12,2,,,,,3,4,1,40,,.,40,,,1,2,,2,,2,,,,1,,,,,,,,,1,2,2,1,0,24,4,,1,25,14,4,,100000,1,8,3,13,15,,2,,,,2,,,,,,,,,,,,,,1,1,1,2,2,1,5,,55,81,1,01,4,8129,200000,25,4666.3610985,
5360959,1,1,1,60,2,25,2,,,,,,,,,,,2,,,,,,,,,,,,,,,,,,,,,,,,,,,,,,,,,,,,,,,,,,,,,,,7,,1,1,2020,2,2000000,1,2000000,3,,11,1,5,5,0,0,3,3,2,63,,.,63,,,4,1,,1,,1,1,2,16,1,1,,1,1,,,,,,1,1,1,1,36,1,,2,,,,,,,,9,14,,,2,,,,2,,,,,,,,,,,,,,1,2,1,2,1,1,5,,21,93,1,01,5,9329,2000000,25,1472.0266971,
5360959,1,5,1,60,2,25,2,,,,,,,,,,,0,,,,,,,,,,,,,,,,,,,,,,,,,,,,,,,,,,,,,,,,,,,,,,,,.,,,,,,,,,.,1,,,,,,,,,18,1,,18,,,3,1,,11,,2,,,,1,1,,,,,,,,,2,2,1,10,6,4,,2,,,,,,,,2,14,,,1,30,2,1,2,,,,,,,,,,,,,,1,1,1,2,2,1,3,,55,93,1,01,6,9329,,25,1472.0266971,
5360959,1,7,1,60,2,25,1,1,,,1,,,1,2,2,2,2,,1,,2,1700000,2,,,2,,2,,2,,2,,2,,,2,,,2,,,2,,,2,,,2,,,2,,2,,2,,2,,2,,2,,,.,,,,,,,,,.,12,,,,,,,,,40,,.,40,,,4,1,,1,,2,,,,1,,,1,,,,,,,1,1,1,0,60,1,,2,,,,,,,,8,14,,,2,,,,2,,,,,,,,,,,,,,1,1,1,2,1,1,3,,55,55,1,01,1,5511,1700000,25,1472.0266971,
5360962,1,1,1,60,2,25,2,,,,,,,,,,,180,,,,,,,,,,,,,,,,,,,,,,,,,,,,,,,,,,,,,,,,,,,,,,,6,,,,,2,600000,1,5000000,2,,9,2,,,,,2,1,1,70,,.,70,,,4,2,,2,,2,,,,1,,,,,,,,,1,2,2,2,,,,,1,25,20,3,,300000,1,1,,11,30,,2,,,,2,,,,,,,,,,,,,,1,2,2,2,1,1,2,,61,01,1,01,4,0161,900000,25,1472.0266971,
5360962,1,2,1,60,2,25,1,1,,,1,,,1,2,2,2,24,,1,,2,100000,2,,,2,,1,150000,2,,2,,2,,,2,,,2,,,2,,,2,,,2,,,2,,2,,2,,2,,2,,2,,,.,,,,,,,,,.,5,,,,,,,,,8,1,,8,,,1,1,,2,,2,,,,1,,,,,,,,,1,2,2,1,12,12,1,,2,,,,,,,,11,14,,,1,40,1,1,1,1,1,1,2,1,2,1,2,2,2,,1,1,1,1,1,2,2,1,3,,54,97,1,01,3,9700,250000,25,1472.0266971,
5360963,1,1,1,60,2,25,1,1,,,1,,,1,2,2,2,104,,1,,2,250000,2,,,1,200000,2,,2,,2,,2,,,2,,,2,,,2,,,2,,,2,,,2,,2,,2,,2,,2,,2,,,.,,,,,,,,,.,12,,,,,,,,,84,,.,84,,,1,2,,11,,2,,,,1,,,,,,,,,1,2,2,2,,,,,2,,,,,,,,,3,15,,2,,,,2,,,,,,,,,,,,,,1,1,2,2,2,2,5,,54,97,1,01,3,9700,450000,25,1472.0266971,
5360964,1,1,1,60,2,25,1,1,,,1,,,1,2,2,2,96,,1,,2,280000,2,,,1,200000,2,,2,,2,,2,,,2,,,2,,,2,,,2,,,2,,,2,,2,,2,,2,,2,,2,,,.,,,,,,,,,.,12,,,,,,,,,25,1,,25,,,2,8,,12,SUBSIDIADO DE LA  PEÑA,2,,,,1,,,,,,,,,1,2,2,1,0,0,8,,1,25,24,3,,300000,1,2,1,11,20,,2,,,,2,,,,,,,,,,,,,,1,1,1,2,1,1,5,,62,01,1,01,8,0124,780000,25,6624.120137,
5360964,1,2,1,60,2,25,2,,,,,,,,,,,96,,,,,,,,,,,,,,,,,,,,,,,,,,,,,,,,,,,,,,,,,,,,,,,6,,,,,2,35000,1,35000,3,,12,2,,,,,3,4,2,6,2,,6,,,1,8,,2,,2,,,,1,,,,,,,,,1,2,2,1,0,36,6,,2,,,,,,,,3,3,5,,2,,,,2,,,,,,,,,,,,,,1,2,1,2,1,1,3,,61,01,1,01,4,0145,35000,25,6624.120137,
5360987,1,4,1,60,2,25,1,1,,,1,,,1,2,2,2,17,,1,,2,150000,2,,,1,75000,2,,2,,2,,2,,,2,,,2,,,2,,,2,,,2,,,2,,2,,2,,2,,2,,2,,,.,,,,,,,,,.,12,,,,,,,,,48,,.,30,6,,4,8,,2,,2,,,,1,,,1,,,,,,,2,2,2,,,,,2,,,,,,,,,3,60,2,1,5,2,1,2,,,,,,,,,,,,,,1,1,1,2,1,1,2,,62,01,1,01,8,0124,225000,25,1472.0266971,
5360988,1,1,1,60,2,25,2,,,,,,,,,,,420,,,,,,,,,,,,,,,,,,,,,,,,,,,,,,,,,,,,,,,,,,,,,,,6,,,,,2,450000,1,4800000,2,,12,2,,,,,2,1,1,24,1,,24,,,4,8,,2,,2,,,,1,,,,1,,1,,,,2,2,2,,,,,2,,,,,,,,,3,30,,2,,,,2,,,,,,,,,,,,,,1,1,1,2,2,1,5,,61,01,1,01,4,0161,450000,25,6624.120137,
5360988,1,6,1,60,2,25,2,,,,,,,,,,,384,,,,,,,,,,,,,,,,,,,,,,,,,,,,,,,,,,,,,,,,,,,,,,,6,,,,,2,500000,1,6000000,2,,12,2,,,,,2,1,1,40,,.,40,,,4,8,,2,,2,,,,1,,,1,,,,,,,2,2,2,,,,,2,,,,,,,,,3,40,,2,,,,2,,,,,,,,,,,,,,1,1,1,2,1,2,2,,61,01,1,01,4,0161,500000,25,6624.120137,
5360988,1,7,1,60,2,25,2,,,,,,,,,,,156,,,,,,,,,,,,,,,,,,,,,,,,,,,,,,,,,,,,,,,,,,,,,,,6,,,,,2,350000,1,3500000,2,,8,2,,,,,2,1,1,32,1,,32,,,4,8,,2,,2,,,,1,,,1,,,,,,,2,2,2,,,,,2,,,,,,,,,3,20,,2,,,,1,1,1,1,2,1,2,1,1,1,2,,2,2,1,1,1,2,1,1,2,,61,01,1,01,4,0161,350000,25,6624.120137,
5360989,1,1,1,60,2,25,2,,,,,,,,,,,108,,,,,,,,,,,,,,,,,,,,,,,,,,,,,,,,,,,,,,,,,,,,,,,6,,,,,3,800000,1,3000000,3,,12,2,,,,,2,1,1,50,,.,50,,,1,8,,2,,2,,,,1,,,,,,,,,1,2,2,2,,,,,2,,,,,,,,,3,30,,2,,,,1,1,1,1,2,1,2,2,1,1,2,,2,1,1,2,2,2,1,1,8,,61,01,1,01,4,0161,800000,25,6624.120137,
5360989,1,2,1,60,2,25,2,,,,,,,,,,,1,,,,,,,,,,,,,,,,,,,,,,,,,,,,,,,,,,,,,,,,,,,,,,,6,,,,,3,100000,1,100000,1,,1,2,,,,,3,1,1,10,1,,10,,,1,1,,2,,2,,,,1,,,,,,,,,1,2,2,1,11,24,1,,2,,,,,,,,13,14,,,1,40,1,1,1,1,1,1,2,1,2,2,2,2,2,,1,1,1,1,1,2,2,1,3,,53,56,1,01,4,5619,100000,25,6624.120137,
5360990,1,1,1,60,2,25,1,1,,,1,,,2,2,2,2,0,,1,,2,240000,2,,,2,,2,,2,,2,,2,,,2,,,2,,,2,,,2,,,2,,,2,,2,,2,,2,,2,,2,,,.,,,,,,,,,.,12,,,,,,,,,50,,.,50,,,4,8,,2,,2,,,,1,,,,,,,,,1,2,2,1,0,0,8,,2,,,,,,,,1,3,40,,2,,,,2,,,,,,,,,,,,,,1,1,1,2,2,2,2,,62,01,1,01,8,0124,240000,25,1472.0266971,
5360990,1,2,1,60,2,25,2,,,,,,,,,,,3,,,,,,,,,,,,,,,,,,,,,,,,,,,,,,,,,,,,,,,,,,,,,,,6,,,,,2,24000,1,72000,1,,3,2,,,,,3,3,1,2,1,,2,,,1,8,,2,,2,,,,1,,,,,,,,,1,2,2,1,24,36,4,,2,,,,,,,,3,14,,,2,,,,1,1,1,2,2,2,2,2,2,2,2,,2,2,1,2,2,2,1,1,3,,45,47,1,01,4,4781,24000,25,1472.0266971,
5360990,1,3,1,60,2,25,1,1,,,1,,,1,2,2,2,0,,1,,2,240000,2,,,2,,2,,2,,2,,2,,,2,,,2,,,2,,,2,,,2,,,2,,2,,2,,2,,2,,2,,,.,,,,,,,,,.,12,,,,,,,,,60,,.,60,,,4,8,,12,SUBSIDIADO DE LA PEÑA,2,,,,1,,,,,,,,,1,2,2,1,0,0,8,,2,,,,,,,,1,3,30,,2,,,,2,,,,,,,,,,,,,,1,1,1,2,1,1,3,,62,01,1,01,8,0124,240000,25,1472.0266971,
5360991,1,1,1,60,2,25,2,,,,,,,,,,,168,,,,,,,,,,,,,,,,,,,,,,,,,,,,,,,,,,,,,,,,,,,,,,,7,,2,,,2,1500000,1,4500000,2,,12,1,8,8,0,0,1,3,2,40,,.,40,,,4,8,,3,,2,,,,1,,,,1,,1,,,,2,2,1,0,180,8,,2,,,,,,,,10,3,30,,2,,,,2,,,,,,,,,,,,,,1,1,1,2,1,1,5,,61,01,1,01,5,0124,1500000,25,4419.3522976,
5360991,1,2,1,60,2,25,1,2,1,,1,,,1,1,1,1,192,,2,,2,2400000,2,,,2,,2,,2,,2,,2,,,1,300000,2,1,32000,2,2,,,2,,,2,,,1,877403,1,2400000,1,300000,2,,2,,2,,,.,,,,,,,,,.,12,,,,,,,,,35,3,SON LAS HORAS QUE SE TRABAJA EN EL MAGISTERIO,35,,,9,7,,1,,1,3,1,31,1,1,,,,,,,,,1,1,2,,,,,2,,,,,,,,,8,30,,2,,,,2,,,,,,,,,,,,,,1,1,1,1,1,1,1,,13,85,1,01,2,8513,2400000,25,4419.3522976,
5360991,1,3,1,60,2,25,1,1,,,1,,,1,2,2,2,36,,1,,2,1200000,2,,,2,,2,,2,,2,,2,,,2,,,2,,,2,,,2,,,2,,,2,,2,,2,,2,,2,,2,,,.,,,,,,,,,.,12,,,,,,,,,18,1,,18,,,1,4,,4,,2,,,,1,,,,,,,,,1,2,2,1,0,36,4,,2,,,,,,,,1,11,30,,1,60,1,1,1,1,1,1,2,1,2,1,2,1,2,,1,1,1,2,2,2,1,1,2,,98,49,1,01,1,4923,1200000,25,4419.3522976,
5360991,1,4,1,60,2,25,1,2,1,,1,,,1,1,2,1,0,,1,,2,908000,2,,,2,,2,,2,,2,,2,,,2,,,2,,,2,,,2,,,2,,,2,,2,,2,,2,,2,,2,,,.,,,,,,,,,.,8,,,,,,,,,48,,.,48,,,9,4,,1,,1,2,1,1,1,1,,,,,,,,,1,1,1,0,8,8,,2,,,,,,,,8,11,60,,2,,,,2,,,,,,,,,,,,,,1,1,1,2,2,1,2,,97,42,1,01,1,4210,908000,25,4419.3522976,
5360991,1,8,1,60,2,25,2,,,,,,,,,,,480,,,,,,,,,,,,,,,,,,,,,,,,,,,,,,,,,,,,,,,,,,,,,,,6,,,,,2,120000,1,2400000,2,,12,2,,,,,2,1,1,48,,.,48,,,4,8,,2,,2,,,,1,,,,,,,,,1,2,2,2,,,,,2,,,,,,,,,3,60,,2,,,,1,1,1,1,2,1,2,1,2,1,2,,2,1,1,2,1,2,2,1,3,,61,01,1,01,4,0161,120000,25,4419.3522976,
5360992,1,1,1,60,2,25,2,,,,,,,,,,,36,,,,,,,,,,,,,,,,,,,,,,,,,,,,,,,,,,,,,,,,,,,,,,,6,,,,,2,50000,1,65000,1,,12,2,,,,,2,1,1,6,1,,2,6,,1,1,,5,,2,,,,1,,,,,,1,,,,2,2,1,6,24,1,,2,,,,,,,,1,14,,2,1,40,2,1,1,1,1,1,2,1,2,1,1,2,2,,2,1,2,2,2,2,2,1,3,,56,96,1,01,4,9601,50000,25,1472.0266971,
5360993,1,2,1,60,2,25,2,,,,,,,,,,,24,,,,,,,,,,,,,,,,,,,,,,,,,,,,,,,,,,,,,,,,,,,,,,,7,,2,,,2,200000,1,2400000,3,,12,2,,,,,3,7,2,50,,.,50,,,2,8,,2,,2,,,,1,,,,,,,,,1,2,2,1,0,0,8,,1,25,10,8,,200000,2,8,1,3,30,,2,,,,2,,,,,,,,,,,,,,1,1,1,2,1,1,3,,61,01,1,01,4,0124,400000,25,1472.0266971,
5360993,1,3,1,60,2,25,2,,,,,,,,,,,24,,,,,,,,,,,,,,,,,,,,,,,,,,,,,,,,,,,,,,,,,,,,,,,7,,2,,,2,0,1,4800000,3,,12,2,,,,,3,6,1,50,,.,50,,,1,8,,2,,2,,,,1,,,,,,,,,1,2,2,1,0,1,5,,2,,,,,,,,3,3,5,,2,,,,1,1,1,1,2,2,2,2,1,2,2,,2,2,1,2,1,2,2,2,8,,61,01,1,01,4,0124,0,25,1472.0266971,
5360994,1,1,1,60,2,25,1,1,,,1,,,1,2,2,2,60,,1,,2,100000,2,,,2,,2,,2,,2,,2,,,2,,,2,,,2,,,2,,,2,,,2,,2,,2,,2,,2,,2,,,.,,,,,,,,,.,9,,,,,,,,,20,1,,20,,,3,8,,2,,2,,,,1,,,,,,1,,,,2,2,1,0,480,8,,2,,,,,,,,2,3,10,,2,,,,2,,,,,,,,,,,,,,1,1,1,2,2,1,3,,62,01,1,01,8,0124,100000,25,1800.7485964,
5360995,1,1,1,60,2,25,2,,,,,,,,,,,420,,,,,,,,,,,,,,,,,,,,,,,,,,,,,,,,,,,,,,,,,,,,,,,7,,2,,,2,2000000,1,6000000,3,,12,1,7,6,0,1,3,3,2,32,2,,32,,,4,8,,2,,2,,,,1,,,,,,,,,1,2,2,1,0,120,1,,2,,,,,,,,10,3,10,,2,,,,2,,,,,,,,,,,,,,1,1,1,2,1,1,9,,62,01,1,01,5,0124,2000000,25,1472.0266971,
5360995,1,2,1,60,2,25,2,,,,,,,,,,,360,,,,,,,,,,,,,,,,,,,,,,,,,,,,,,,,,,,,,,,,,,,,,,,,.,,,,,,,,,.,12,,,,,,,,,30,1,,30,,,4,1,,2,,2,,,,1,,,1,,,,,,,2,2,2,,,,,2,,,,,,,,,3,5,,2,,,,2,,,,,,,,,,,,,,1,1,1,2,1,1,8,,53,01,1,01,6,0124,,25,1472.0266971,
5360996,1,2,1,60,2,25,2,,,,,,,,,,,480,,,,,,,,,,,,,,,,,,,,,,,,,,,,,,,,,,,,,,,,,,,,,,,6,,,,,2,100000,1,1200000,2,,12,2,,,,,2,1,1,48,,.,48,,,4,8,,2,,2,,,,1,,,,,,,,,1,2,2,2,,,,,2,,,,,,,,,3,60,,2,,,,1,1,1,1,2,1,2,1,1,1,2,,2,1,1,2,1,2,2,1,3,,61,01,1,01,4,0161,100000,25,1472.0266971,
5360996,1,3,1,60,2,25,2,,,,,,,,,,,48,,,,,,,,,,,,,,,,,,,,,,,,,,,,,,,,,,,,,,,,,,,,,,,6,,,,,2,300000,1,3500000,3,,12,2,,,,,3,1,1,56,,.,56,,,1,4,,2,,2,,,,1,,,1,1,,,,,,2,2,1,24,60,4,,2,,,,,,,,3,14,,,2,,,,1,1,1,1,2,1,2,1,2,1,2,,2,1,1,1,2,2,2,1,3,,98,49,1,01,4,4921,300000,25,1472.0266971,
5360997,1,1,1,60,2,25,2,,,,,,,,,,,0,,,,,,,,,,,,,,,,,,,,,,,,,,,,,,,,,,,,,,,,,,,,,,,6,,,,,3,600000,1,1000000,1,,10,2,,,,,2,4,2,60,,.,60,,,1,8,,2,,2,,,,1,,,,,,,,,1,2,2,1,2,2,4,,2,,,,,,,,3,3,30,,2,,,,2,,,,,,,,,,,,,,1,2,2,2,1,1,8,,97,52,1,01,4,5224,600000,25,1472.0266971,
5360997,1,2,1,60,2,25,2,,,,,,,,,,,24,,,,,,,,,,,,,,,,,,,,,,,,,,,,,,,,,,,,,,,,,,,,,,,7,,2,,,2,10000,1,150000,3,,12,2,,,,,3,6,2,15,2,,15,,,1,1,,2,,2,,,,1,,,,,,,,,1,2,2,1,0,240,8,,2,,,,,,,,11,14,,,2,,,,2,,,,,,,,,,,,,,1,2,1,2,2,2,3,,41,47,1,01,4,4729,10000,25,1472.0266971,
5360999,1,1,1,60,2,25,2,,,,,,,,,,,600,,,,,,,,,,,,,,,,,,,,,,,,,,,,,,,,,,,,,,,,,,,,,,,6,,,,,2,120000,1,1440000,1,,12,2,,,,,2,1,2,8,1,,8,,,3,8,,2,,2,,,,1,,,,,,,,,1,2,2,2,,,,,2,,,,,,,,,3,40,,2,,,,2,,,,,,,,,,,,,,1,1,1,2,2,1,8,,61,01,1,01,4,0161,120000,25,1800.7485964,
5361000,1,2,1,60,2,25,2,,,,,,,,,,,12,,,,,,,,,,,,,,,,,,,,,,,,,,,,,,,,,,,,,,,,,,,,,,,7,,2,,,2,,1,99,3,,12,2,,,,,3,1,2,7,2,,7,,,1,1,,2,,2,,,,1,,,,,,,,,1,2,2,1,24,334,8,,2,,,,,,,,11,14,,,2,,,,2,,,,,,,,,,,,,,2,2,2,2,2,2,3,,45,47,1,01,4,4724,,25,1472.0266971,
5361001,1,1,1,60,2,25,2,,,,,,,,,,,48,,,,,,,,,,,,,,,,,,,,,,,,,,,,,,,,,,,,,,,,,,,,,,,7,,1,1,2020,1,1000000,1,98,3,,12,1,2,1,1,0,3,1,2,84,,.,84,,,2,7,,1,,1,2,2,1,1,,1,,,,,,,,1,2,2,,,,,2,,,,,,,,,3,1,,2,,,,2,,,,,,,,,,,,,,1,1,1,2,1,1,8,,41,47,1,01,5,4731,1000000,25,3390.3562937,
5361001,1,2,1,60,2,25,1,1,,,1,,,1,2,2,2,24,,1,,2,400000,2,,,2,,2,,2,,2,,2,,,2,,,2,,,2,,,2,,,2,,,2,,2,,2,,2,,2,,2,,,.,,,,,,,,,.,12,,,,,,,,,56,,.,56,,,2,7,,3,,2,,,,1,,,,1,,,,,,2,2,1,6,4,1,,1,25,2,4,,,2,7,1,3,5,,2,,,,1,1,1,1,2,1,2,2,2,2,2,,2,2,2,1,1,2,2,1,8,,45,47,1,01,1,4731,400000,25,3390.3562937,
5361001,1,3,1,60,2,25,2,,,,,,,,,,,18,,,,,,,,,,,,,,,,,,,,,,,,,,,,,,,,,,,,,,,,,,,,,,,7,,1,1,2020,1,800000,1,98,3,,12,1,2,1,1,0,3,3,2,70,,.,70,,,2,7,,1,,1,2,2,3,1,,1,,,,,,,,1,2,2,,,,,2,,,,,,,,,3,5,,2,,,,2,,,,,,,,,,,,,,1,1,1,2,2,1,5,,45,47,1,01,5,4731,800000,25,3390.3562937,
5361005,1,1,1,60,2,25,2,,,,,,,,,,,96,,,,,,,,,,,,,,,,,,,,,,,,,,,,,,,,,,,,,,,,,,,,,,,7,,2,,,1,100000,1,500000,3,,12,1,5,4,1,0,1,1,1,44,,.,44,,,4,8,,2,,2,,,,1,,,1,,,,,,,2,2,1,0,144,8,,2,,,,,,,,10,3,30,,2,,,,2,,,,,,,,,,,,,,1,2,1,2,2,1,5,,61,01,1,01,5,0123,100000,25,1472.0266971,
5361005,1,2,1,60,2,25,2,,,,,,,,,,,144,,,,,,,,,,,,,,,,,,,,,,,,,,,,,,,,,,,,,,,,,,,,,,,7,,2,,,2,50000,1,300000,3,,12,1,5,4,1,0,1,10,2,40,,.,40,,,4,8,,2,,2,,,,1,,,,,,,,,1,2,2,1,0,28,1,,2,,,,,,,,1,3,20,,2,,,,2,,,,,,,,,,,,,,1,1,1,2,1,1,5,,61,01,1,01,5,0123,50000,25,1472.0266971,
5361006,1,2,1,60,2,25,2,,,,,,,,,,,12,,,,,,,,,,,,,,,,,,,,,,,,,,,,,,,,,,,,,,,,,,,,,,,6,,,,,2,400000,1,4800000,3,,12,2,,,,,2,1,1,40,,.,40,,,3,8,,4,,2,,,,1,,,,,,,,,1,2,2,1,6,12,1,,2,,,,,,,,1,11,60,,1,20,1,1,1,1,1,1,2,1,2,2,1,1,2,,2,1,2,2,1,2,2,2,3,,61,01,1,01,4,0161,400000,25,1472.0266971,
5361006,1,3,1,60,2,25,2,,,,,,,,,,,1,,,,,,,,,,,,,,,,,,,,,,,,,,,,,,,,,,,,,,,,,,,,,,,6,,,,,2,100000,1,1200000,2,,12,2,,,,,2,1,1,18,1,,18,,,3,8,,2,,2,,,,1,,,,,,,,,1,2,2,1,0,2,3,,2,,,,,,,,1,1,40,,1,30,1,1,1,1,1,1,2,1,2,1,1,2,2,,1,1,1,2,1,2,2,1,3,,61,01,1,01,4,0161,100000,25,1472.0266971,
5361007,1,1,1,60,2,25,2,,,,,,,,,,,360,,,,,,,,,,,,,,,,,,,,,,,,,,,,,,,,,,,,,,,,,,,,,,,6,,,,,3,200000,1,2000000,3,,12,2,,,,,2,4,2,54,,.,54,,,1,8,,2,,2,,,,1,,,,,,,,,1,2,2,2,,,,,2,,,,,,,,,3,60,,2,,,,2,,,,,,,,,,,,,,1,2,1,2,2,1,5,,61,01,1,01,4,0123,200000,25,3523.0563007,
5361007,1,2,1,60,2,25,1,1,,,1,,,1,2,2,2,5,,1,,2,480000,2,,,1,240000,2,,2,,2,,2,,,2,,,2,,,2,,,2,,,2,,,2,,2,,2,,2,,2,,2,,,.,,,,,,,,,.,12,,,,,,,,,32,1,,32,,,2,8,,2,,2,,,,1,,,,,,,,,1,2,2,1,0,24,4,,2,,,,,,,,1,3,25,,1,16,2,2,2,,,,,,,,,,,,,,1,1,1,2,2,2,3,,62,01,1,01,8,0123,720000,25,3523.0563007,
5361009,1,1,1,60,2,25,1,1,,,1,,,1,2,2,2,0,,1,,2,300000,2,,,2,,2,,2,,2,,2,,,2,,,2,,,2,,,2,,,2,,,2,,2,,2,,2,,2,,2,,,.,,,,,,,,,.,11,,,,,,,,,50,,.,50,,,2,2,,2,,2,,,,1,,,,,,,,,1,2,2,1,1,18,4,,2,,,,,,,,1,3,45,,2,,,,2,,,,,,,,,,,,,,1,2,2,2,2,2,3,,95,41,1,01,1,4111,300000,25,1472.0266971,
5361009,1,2,1,60,2,25,2,,,,,,,,,,,420,,,,,,,,,,,,,,,,,,,,,,,,,,,,,,,,,,,,,,,,,,,,,,,6,,,,,3,0,1,240000,3,,12,2,,,,,3,6,2,5,1,,5,,,1,1,,2,,2,,,,1,,,,,,,,,1,2,2,2,,,,,2,,,,,,,,,14,,,2,,,,2,,,,,,,,,,,,,,1,1,1,2,1,1,3,,79,95,1,01,4,9529,0,25,1472.0266971,
5361010,1,1,1,60,2,25,2,,,,,,,,,,,132,,,,,,,,,,,,,,,,,,,,,,,,,,,,,,,,,,,,,,,,,,,,,,,7,,2,,,2,0,1,350000,3,,12,1,2,2,0,0,2,6,1,15,2,,15,,,2,8,,2,,2,,,,1,,,,,,,,,1,2,2,1,12,72,3,,2,,,,,,,,1,3,30,,1,20,2,1,2,,,,,,,,,,,,,,1,2,1,2,1,1,5,,61,01,1,01,5,0123,0,25,2792.3527275,
5361010,1,2,1,60,2,25,2,,,,,,,,,,,48,,,,,,,,,,,,,,,,,,,,,,,,,,,,,,,,,,,,,,,,,,,,,,,6,,,,,2,50000,1,300000,2,,12,2,,,,,2,1,1,46,,.,32,6,,1,8,,2,,2,,,,1,,,,,,,,,1,2,2,1,3,0,4,,2,,,,,,,,1,3,30,1,1,20,2,1,1,1,1,1,2,1,2,2,1,2,2,,2,1,2,2,2,2,2,1,5,,61,01,1,01,4,0161,50000,25,2792.3527275,
5361010,1,3,1,60,2,25,1,2,1,,2,4,ATLAS,1,1,2,1,12,,1,,2,877803,2,,,2,,2,,2,,2,,2,,,1,102850,2,2,,,2,,,2,,,2,,,1,850000,2,,2,,2,,2,,2,,,.,,,,,,,,,.,12,,,,,,,,,48,,.,48,,,9,7,,1,,1,1,1,2,1,1,,,,,,,,,1,1,2,,,,,2,,,,,,,,,11,120,,2,,,,2,,,,,,,,,,,,,,1,1,1,2,1,1,2,,58,61,1,01,1,6190,877803,25,2792.3527275,8010
5361011,1,1,1,60,2,25,1,2,1,,1,,,1,1,1,1,180,,5,,2,1816000,2,,,2,,2,,2,,2,,2,,,2,,,2,,,2,,,2,,,2,,,1,1000000,1,1800000,1,908000,2,,2,,2,,,.,,,,,,,,,.,12,,,,,,,,,50,,.,50,,,9,1,,1,,1,3,1,15,1,1,,,,,,,,,1,1,2,,,,,2,,,,,,,,,8,20,,1,15,2,1,2,,,,,,,,,,,,,,1,2,1,2,1,1,3,,13,85,1,01,2,8513,1816000,25,1472.0266971,
5361012,1,1,1,60,2,25,2,,,,,,,,,,,540,,,,,,,,,,,,,,,,,,,,,,,,,,,,,,,,,,,,,,,,,,,,,,,6,,,,,2,100000,1,1200000,3,,12,2,,,,,2,1,2,45,,.,45,,,1,8,,12,SISBEN DE LA PALMA,2,,,,1,,,,,,,,,1,2,2,2,,,,,2,,,,,,,,,3,60,,2,,,,2,,,,,,,,,,,,,,1,2,1,2,1,1,5,,61,01,1,01,4,0161,100000,25,1800.7485964,
5361014,1,1,1,60,2,25,2,,,,,,,,,,,360,,,,,,,,,,,,,,,,,,,,,,,,,,,,,,,,,,,,,,,,,,,,,,,7,,2,,,2,350000,1,3000000,3,,12,1,1,1,0,0,3,6,2,25,2,,25,,,2,8,,2,,2,,,,1,,,,,,,,,1,2,2,1,0,8,4,,2,,,,,,,,3,3,16,,2,,,,1,1,1,1,2,2,2,2,2,2,2,,2,2,1,1,1,2,1,1,3,,61,01,1,01,5,0123,350000,25,1472.0266971,
5361014,1,2,1,60,2,25,1,1,,,1,,,1,2,2,2,0,,1,,2,300000,2,,,1,100000,2,,2,,2,,2,,,2,,,2,,,2,,,2,,,2,,,2,,2,,2,,2,,2,,2,,,.,,,,,,,,,.,12,,,,,,,,,48,,.,48,,,4,8,,2,,2,,,,1,,,,,,,,,1,2,2,1,0,0,4,,2,,,,,,,,1,3,20,,2,,,,2,,,,,,,,,,,,,,1,2,2,2,2,2,3,,62,01,1,01,8,0124,400000,25,1472.0266971,
5361014,1,3,1,60,2,25,2,,,,,,,,,,,180,,,,,,,,,,,,,,,,,,,,,,,,,,,,,,,,,,,,,,,,,,,,,,,7,,2,,,2,150000,1,600000,3,,12,1,2,2,0,0,3,6,2,48,,.,48,,,2,8,,2,,2,,,,1,,,1,,,,,,,2,2,1,0,48,1,,2,,,,,,,,1,3,10,,1,6,1,1,1,1,1,1,2,2,2,2,1,2,2,,1,1,1,1,1,2,2,1,5,,61,01,1,01,5,0124,150000,25,1472.0266971,
5361015,1,1,1,60,2,41,2,,,,,,,,,,,480,,,,,,,,,,,,,,,,,,,,,,,,,,,,,,,,,,,,,,,,,,,,,,,7,,2,,,2,200000,1,2000000,3,,8,1,1,0,0,1,1,3,1,40,,.,40,,,2,8,,2,,2,,,,1,,,,,,,,,1,2,2,2,,,,,2,,,,,,,,,3,30,,2,,,,2,,,,,,,,,,,,,,1,2,2,2,1,1,5,,60,01,1,01,4,0161,200000,41,597.85229061,
5361015,1,2,1,60,2,41,2,,,,,,,,,,,240,,,,,,,,,,,,,,,,,,,,,,,,,,,,,,,,,,,,,,,,,,,,,,,7,,2,,,2,,1,98,3,,12,1,2,0,0,2,3,3,1,40,,.,40,,,2,7,,2,,2,,,,1,,,,,,,,,1,2,2,2,,,,,2,,,,,,,,,14,,,2,,,,1,1,1,1,1,1,2,2,2,2,2,,2,1,1,1,1,2,1,1,3,,41,47,1,01,4,4711,,41,597.85229061,
5361015,1,3,1,60,2,41,2,,,,,,,,,,,24,,,,,,,,,,,,,,,,,,,,,,,,,,,,,,,,,,,,,,,,,,,,,,,6,,,,,3,160000,1,98,1,,8,2,,,,,3,1,1,20,1,,20,,,1,1,,2,,2,,,,1,,,,,,,,,1,2,2,1,0,3,3,,1,41,30,6,,,2,7,3,14,,,1,20,2,1,1,1,1,1,2,1,2,2,1,2,2,,2,2,2,2,2,2,2,1,3,,53,56,1,01,4,5619,160000,41,597.85229061,
5361015,1,4,1,60,2,41,2,,,,,,,,,,,78,,,,,,,,,,,,,,,,,,,,,,,,,,,,,,,,,,,,,,,,,,,,,,,,.,,,,,,,,,.,12,,,,,,,,,20,1,,20,,,2,7,,2,,2,,,,1,,,,,,,,,1,2,2,1,0,2,1,,1,41,10,6,,,2,8,1,14,,,1,20,2,1,1,1,1,1,2,1,2,2,2,2,2,,2,1,1,2,1,2,2,1,3,,45,47,1,01,6,4711,,41,597.85229061,
5361018,1,1,1,60,2,41,2,,,,,,,,,,,96,,,,,,,,,,,,,,,,,,,,,,,,,,,,,,,,,,,,,,,,,,,,,,,6,,,,,2,0,1,3000000,2,,12,1,1,0,0,1,2,3,1,48,,.,0,1,,2,8,,2,,2,,,,1,,,,,,1,,,,2,2,1,0,240,1,,2,,,,,,,,3,11,5,2,1,48,2,2,1,1,1,1,2,2,2,1,2,2,2,,2,2,1,2,1,2,2,1,3,,61,01,1,01,4,0161,0,41,1366.902596,
5361018,1,3,1,60,2,41,2,,,,,,,,,,,8,,,,,,,,,,,,,,,,,,,,,,,,,,,,,,,,,,,,,,,,,,,,,,,,.,,,,,,,,,.,8,,,,,,,,,24,2,,32,,,2,8,,2,,2,,,,1,,,,,,,,,1,2,2,1,2,2,4,,2,,,,,,,,1,11,5,,2,,,,2,,,,,,,,,,,,,,1,1,1,2,2,1,3,,62,01,1,01,6,0161,,41,1366.902596,
5361020,1,1,1,60,2,41,2,,,,,,,,,,,180,,,,,,,,,,,,,,,,,,,,,,,,,,,,,,,,,,,,,,,,,,,,,,,6,,,,,2,200000,1,3000000,2,,12,2,,,,,2,1,1,40,,.,24,1,,1,8,,5,,2,,,,1,,,,,,,,,1,2,2,2,,,,,2,,,,,,,,,3,5,1,1,24,2,2,2,,,,,,,,,,,,,,1,1,1,2,2,1,10,BUSCAR OTRO TRABAJO,61,01,1,01,4,0123,200000,41,1177.4527076,
5361020,1,2,1,60,2,41,1,1,,,1,,,1,2,2,2,1,,1,,2,150000,2,,,1,156000,2,,2,,2,,2,,,2,,,2,,,2,,,2,,,2,,,2,,2,,2,,2,,2,,2,,,.,,,,,,,,,.,12,,,,,,,,,48,,.,48,,,1,2,,2,,2,,,,1,,,,,,,,,1,2,2,1,0,2,4,,2,,,,,,,,2,3,3,,2,,,,1,1,1,1,2,2,2,2,2,2,2,,2,1,2,2,2,2,1,1,3,,54,97,1,01,3,9700,306000,41,1177.4527076,
5361024,1,1,1,60,2,63,1,1,,,1,,,1,2,2,2,0,,1,,2,640000,2,,,2,,1,350000,2,,2,,2,,,2,,,2,,,2,,,2,,,2,,,2,,2,,2,,2,,2,,2,,,.,,,,,,,,,.,12,,,,,,,,,40,,.,40,,,3,8,,11,,2,,,,1,,,,,,,,,1,2,2,1,0,6,8,,2,,,,,,,,3,3,10,,2,,,,2,,,,,,,,,,,,,,2,1,1,2,1,2,8,,62,01,1,01,8,0123,990000,63,1098.1828682,
5361024,1,3,1,60,2,63,1,1,,,1,,,1,2,2,2,0,,1,,2,640000,2,,,2,,2,,2,,2,,2,,,2,,,2,,,2,,,2,,,2,,,2,,2,,2,,2,,2,,2,,,.,,,,,,,,,.,12,,,,,,,,,40,,.,40,,,3,8,,11,,2,,,,1,,,,,,,,,1,2,2,1,0,7,4,,2,,,,,,,,3,3,15,,2,,,,1,1,1,1,2,1,2,2,2,2,2,,2,1,1,2,1,2,2,1,3,,62,01,1,01,8,0123,640000,63,1098.1828682,
5361025,1,1,1,60,2,63,1,1,,,1,,,1,2,2,2,24,,1,,2,800000,2,,,2,,1,500000,2,,2,,2,,,2,,,2,,,2,,,2,,,2,,,2,,2,,2,,2,,2,,2,,,.,,,,,,,,,.,12,,,,,,,,,45,,.,45,,,2,8,,11,,2,,,,1,,,,,,,,,1,2,2,1,0,1,8,,1,63,1,4,,50000,2,1,3,3,15,,2,,,,1,1,1,1,2,2,2,2,1,1,2,,1,1,1,2,1,2,2,1,8,,60,01,1,01,1,0121,1350000,63,2543.097389,
5361025,1,2,1,60,2,63,2,,,,,,,,,,,24,,,,,,,,,,,,,,,,,,,,,,,,,,,,,,,,,,,,,,,,,,,,,,,,.,,,,,,,,,.,12,,,,,,,,,15,2,,15,,,2,1,,6,,2,,,,1,,,,,,,,,1,2,2,1,30,1,4,,2,,,,,,,,9,14,,,2,,,,1,1,1,1,2,1,2,2,2,2,2,,2,1,1,2,1,2,2,1,3,,53,56,1,01,6,5629,,63,2543.097389,
5361026,1,2,1,60,2,63,1,1,,,1,,,1,2,2,2,60,,1,,2,800000,2,,,2,,1,250000,2,,2,,2,,,2,,,2,,,2,,,2,,,2,,,2,,2,,2,,2,,2,,2,,,.,,,,,,,,,.,12,,,,,,,,,48,,.,48,,,3,8,,2,,2,,,,1,,,,,,,,,1,2,2,1,0,72,1,,2,,,,,,,,1,3,15,,2,,,,2,,,,,,,,,,,,,,1,1,1,2,1,1,8,,60,01,1,01,1,0123,1050000,63,1286.5143992,
5361026,1,3,1,60,2,63,1,1,,,1,,,1,2,2,2,60,,1,,2,440000,2,,,2,,2,,2,,2,,2,,,2,,,2,,,2,,,2,,,2,,,2,,2,,2,,2,,2,,2,,,.,,,,,,,,,.,12,,,,,,,,,48,,.,48,,,3,8,,2,,2,,,,1,,,,,,,,,1,2,2,1,0,36,8,,2,,,,,,,,1,3,25,,2,,,,2,,,,,,,,,,,,,,1,1,1,2,1,1,3,,62,01,1,01,8,0123,440000,63,1286.5143992,
5361026,1,4,1,60,2,63,1,1,,,1,,,1,2,2,2,60,,1,,2,440000,2,,,2,,2,,2,,2,,2,,,2,,,2,,,2,,,2,,,2,,,2,,2,,2,,2,,2,,2,,,.,,,,,,,,,.,12,,,,,,,,,48,,.,48,,,3,8,,2,,2,,,,1,,,,,,,,,1,2,2,1,0,24,8,,2,,,,,,,,1,3,20,,2,,,,2,,,,,,,,,,,,,,1,1,1,2,1,1,3,,62,01,1,01,8,0123,440000,63,1286.5143992,
5361027,1,1,1,60,2,63,1,1,,,1,,,1,2,2,2,48,,1,,2,700000,2,,,2,,1,300000,2,,2,,2,,,2,,,2,,,2,,,2,,,2,,,2,,2,,2,,2,,2,,2,,,.,,,,,,,,,.,12,,,,,,,,,40,,.,40,,,2,8,,1,,1,2,1,25,1,1,,,,,,,,,1,1,1,1,4,8,,2,,,,,,,,3,3,10,,2,,,,2,,,,,,,,,,,,,,1,1,1,2,1,1,8,,62,01,1,01,8,0123,1000000,63,1300.4146406,
5361028,1,1,1,60,2,63,1,1,,,1,,,1,2,2,2,13,,1,,2,864000,2,,,2,,1,150000,2,,2,,2,,,2,,,2,,,2,,,2,,,2,,,2,,2,,2,,2,,2,,2,,,.,,,,,,,,,.,12,,,,,,,,,48,,.,48,,,3,8,,2,,2,,,,1,,,,,,,,,1,2,2,1,0,12,8,,2,,,,,,,,1,3,3,,2,,,,2,,,,,,,,,,,,,,1,1,1,2,1,1,8,,62,01,1,01,8,0113,1014000,63,1183.0660589,
5361029,1,1,1,60,2,63,2,,,,,,,,,,,24,,,,,,,,,,,,,,,,,,,,,,,,,,,,,,,,,,,,,,,,,,,,,,,7,,2,,,2,0,1,2000000,3,,12,2,,,,,2,4,2,35,2,,35,,,1,8,,3,,2,,,,1,,,,,,,,,1,2,2,1,99,24,1,,2,,,,,,,,9,3,5,,2,,,,2,,,,,,,,,,,,,,1,1,1,2,1,1,3,,61,01,1,01,4,0141,0,63,991.14739876,
5361029,1,2,1,60,2,63,2,,,,,,,,,,,4,,,,,,,,,,,,,,,,,,,,,,,,,,,,,,,,,,,,,,,,,,,,,,,6,,,,,3,200000,1,500000,3,,4,1,1,0,0,1,2,4,1,14,2,,14,,,2,8,,1,,2,,,,1,,,,,,,,,1,2,2,1,24,36,1,,2,,,,,,,,9,3,3,,2,,,,2,,,,,,,,,,,,,,1,1,1,2,1,1,2,,62,01,1,01,4,0145,200000,63,991.14739876,
5361029,1,3,1,60,2,63,2,,,,,,,,,,,4,,,,,,,,,,,,,,,,,,,,,,,,,,,,,,,,,,,,,,,,,,,,,,,,.,,,,,,,,,.,4,,,,,,,,,5,2,,5,,,2,8,,3,,,,,,1,,,,,,,,,1,2,2,2,,,,,2,,,,,,,,,3,3,,2,,,,2,,,,,,,,,,,,,,1,1,1,2,1,1,3,,62,01,1,01,6,0145,,63,991.14739876,
5361030,1,3,1,60,2,63,2,,,,,,,,,,,6,,,,,,,,,,,,,,,,,,,,,,,,,,,,,,,,,,,,,,,,,,,,,,,6,,,,,3,800000,1,4800000,1,,6,2,,,,,1,1,1,40,,.,40,,,1,2,,10,,2,,,,1,,,,,,,,,1,2,2,1,6,2,4,,2,,,,,,,,13,3,5,,2,,,,1,1,1,1,2,1,2,1,1,2,2,,1,1,1,2,1,2,2,1,3,,93,43,1,01,4,4330,800000,63,980.95860433,
5361031,1,1,1,60,2,63,1,1,,,1,,,1,2,2,2,5,,1,,2,800000,2,,,2,,1,400000,2,,2,,2,,,2,,,2,,,2,,,2,,,2,,,2,,2,,2,,2,,2,,2,,,.,,,,,,,,,.,9,,,,,,,,,70,,.,70,,,2,8,,11,,2,,,,1,,,,,,,,,1,2,2,1,3,12,8,,2,,,,,,,,2,3,15,,2,,,,2,,,,,,,,,,,,,,1,1,1,2,2,1,5,,62,01,1,01,8,0141,1200000,63,1147.0972112,
5361032,1,1,1,60,2,63,1,1,,,1,,,1,2,2,1,60,,1,,2,850000,2,,,2,,1,300000,2,,2,,2,,,2,,,2,,,2,,,2,,,2,,,2,,2,,2,,2,,2,,2,,,.,,,,,,,,,.,12,,,,,,,,,42,,.,42,,,2,8,,2,,2,,,,1,,,,,,,,,1,2,2,1,0,18,1,,2,,,,,,,,8,3,20,,2,,,,2,,,,,,,,,,,,,,1,1,1,2,1,1,2,,60,01,1,01,1,0141,1150000,63,1807.8984976,
5361032,1,2,1,60,2,63,2,,,,,,,,,,,2,,,,,,,,,,,,,,,,,,,,,,,,,,,,,,,,,,,,,,,,,,,,,,,6,,,,,3,360000,1,720000,3,,2,2,,,,,2,1,2,24,1,,24,,,1,7,,2,,2,,,,1,,,,,,,,,1,2,2,1,10,8,4,,2,,,,,,,,9,11,20,,2,,,,1,1,1,1,2,1,2,2,1,2,2,,2,1,1,2,1,2,2,1,3,,55,55,1,01,4,5511,360000,63,1807.8984976,
5361033,1,1,1,60,2,63,1,2,1,,1,,,1,1,2,1,8,,1,,2,1100000,2,,,2,,1,200000,2,,2,,2,,,2,,,2,,,2,,,2,,,2,,,1,440000,2,,2,,2,,2,,2,,,.,,,,,,,,,.,8,,,,,,,,,54,,.,54,,,2,7,,1,,1,2,1,0,1,1,,,,,,,,,1,2,1,4,1,8,,2,,,,,,,,1,3,2,,2,,,,2,,,,,,,,,,,,,,1,1,1,2,1,1,8,,62,47,1,01,1,4774,1300000,63,1098.886374,
5361034,1,1,1,60,2,63,2,,,,,,,,,,,8,,,,,,,,,,,,,,,,,,,,,,,,,,,,,,,,,,,,,,,,,,,,,,,7,,1,1,2020,1,500000,1,8000000,3,,10,1,2,2,0,0,3,3,2,72,,.,55,3,,2,7,,1,,1,1,2,19,1,,1,,,,,,,,1,2,1,2,48,5,,2,,,,,,,,2,8,15,,2,,,,2,,,,,,,,,,,,,,1,1,1,2,1,1,3,,41,47,1,01,5,4774,500000,63,1036.7258529,
5361034,1,2,1,60,2,63,1,1,,,1,,,1,2,2,2,8,,1,,2,480000,2,,,2,,2,,2,,2,,2,,,2,,,2,,,2,,,2,,,2,,,2,,2,,2,,2,,2,,2,,,.,,,,,,,,,.,10,,,,,,,,,72,,.,55,3,,2,7,,3,,2,,,,1,,,,,,,,,1,2,2,1,2,240,1,,2,,,,,,,,13,8,15,,2,,,,2,,,,,,,,,,,,,,2,2,2,2,2,2,3,,45,47,1,01,1,4774,480000,63,1036.7258529,
5361035,1,1,1,60,2,63,2,,,,,,,,,,,12,,,,,,,,,,,,,,,,,,,,,,,,,,,,,,,,,,,,,,,,,,,,,,,5,,,,,3,60000,1,400000,1,,12,2,,,,,2,4,2,14,2,,14,,,1,1,,2,,2,,,,1,,,,,,,,,1,2,2,1,24,12,4,,2,,,,,,,,9,14,,,2,,,,1,1,1,1,2,1,2,2,2,2,2,,2,2,2,2,1,2,2,1,3,,45,47,1,01,4,4792,60000,63,1394.4455039,
5361035,1,2,1,60,2,63,1,1,,,1,,,1,2,2,2,4,,1,,2,650000,2,,,2,,1,200000,2,,2,,2,,,2,,,2,,,2,,,2,,,2,,,2,,2,,2,,2,,2,,2,,,.,,,,,,,,,.,6,,,,,,,,,72,,.,72,,,2,7,,11,,2,,,,1,,,,,,,,,1,2,2,1,6,48,1,,2,,,,,,,,13,3,3,,2,,,,2,,,,,,,,,,,,,,1,1,1,2,2,1,9,,62,93,1,01,1,9329,850000,63,1394.4455039,
5361036,1,1,1,60,2,63,1,2,1,,1,,,1,1,2,1,5,,1,,2,877803,2,,,2,,1,300000,2,,2,,2,,,2,,,2,,,2,,,2,,,2,,,2,,2,,2,,2,,2,,2,,,.,,,,,,,,,.,11,,,,,,,,,60,,.,60,,,2,7,,1,,1,2,1,1,1,1,,,,,,,,,1,1,1,1,6,8,,2,,,,,,,,3,3,3,,2,,,,2,,,,,,,,,,,,,,1,1,1,2,2,1,3,,39,55,1,01,1,5511,1177803,63,1296.8614172,
5361037,1,2,1,60,2,63,1,1,,,1,,,1,2,2,2,0,,1,,2,800000,2,,,2,,1,200000,2,,2,,2,,,2,,,2,,,2,,,2,,,2,,,2,,2,,2,,2,,2,,2,,,.,,,,,,,,,.,12,,,,,,,,,60,,.,60,,,2,8,,11,,2,,,,1,,,,,,,,,1,2,2,1,0,12,8,,2,,,,,,,,2,3,10,,2,,,,2,,,,,,,,,,,,,,1,1,1,2,2,1,8,,62,01,1,01,8,0141,1000000,63,2569.5742086,
5361038,1,1,1,60,2,63,1,1,,,1,,,2,2,2,2,5,,1,,2,800000,2,,,2,,1,100000,2,,2,,2,,,2,,,2,,,2,,,2,,,2,,,2,,2,,2,,2,,2,,2,,,.,,,,,,,,,.,12,,,,,,,,,40,,.,40,,,2,8,,2,,2,,,,1,,,,,,,,,1,2,2,1,0,1,4,,2,,,,,,,,1,3,5,,2,,,,1,1,1,1,2,1,2,1,1,2,2,,2,1,1,2,1,2,2,1,8,,62,01,1,01,8,0122,900000,63,1469.1399002,
5361039,1,1,1,60,2,63,2,,,,,,,,,,,5,,,,,,,,,,,,,,,,,,,,,,,,,,,,,,,,,,,,,,,,,,,,,,,4,,,,,3,470000,1,2200000,3,,12,2,,,,,1,1,2,72,,.,72,,,1,1,,11,,2,,,,1,,,,,,,,,1,2,2,1,0,12,4,,2,,,,,,,,13,14,,,2,,,,1,1,1,1,1,1,2,2,2,2,2,,2,1,1,2,1,2,2,1,8,,45,47,1,01,4,4772,470000,63,1322.7996941,
5361040,1,4,1,60,2,63,2,,,,,,,,,,,4,,,,,,,,,,,,,,,,,,,,,,,,,,,,,,,,,,,,,,,,,,,,,,,7,,2,,,1,0,1,0,3,,10,1,1,1,0,0,3,3,2,72,,.,72,,,2,7,,2,,2,,,,1,,,,,,,,,1,2,2,1,2,6,1,,2,,,,,,,,8,8,10,,2,,,,2,,,,,,,,,,,,,,2,2,1,2,2,1,3,,42,47,1,01,5,4711,0,63,648.50982041,
5361040,1,5,1,60,2,63,1,2,1,,1,,,1,1,1,1,216,,2,,2,2800000,2,,,2,,2,,2,,2,,2,,,2,,,1,60000,2,2,,,2,,,2,,,1,1400000,1,2800000,2,,2,,2,,2,,,.,,,,,,,,,.,12,,,,,,,,,40,,.,35,2,,9,7,,1,,1,2,1,18,1,1,,,,,,,,,1,1,1,24,11,2,,2,,,,,,,,1,8,50,,2,,,,2,,,,,,,,,,,,,,1,1,1,2,1,1,8,,11,84,1,01,2,8413,2800000,63,648.50982041,
5361041,1,2,1,60,2,63,2,,,,,,,,,,,60,,,,,,,,,,,,,,,,,,,,,,,,,,,,,,,,,,,,,,,,,,,,,,,7,,2,,,2,,1,99,3,,12,1,2,2,0,0,2,7,2,10,2,,10,,,2,8,,1,,3,,,,,.,,,,,,,,,2,2,1,0,120,1,,2,,,,,,,,4,3,2,,2,,,,2,,,,,,,,,,,,,,1,1,1,2,1,1,10,DE LA PENSION,60,01,1,01,5,0121,,63,951.84266216,
5361041,1,3,1,60,2,63,1,1,,,1,,,2,2,2,2,12,,1,,2,100000,2,,,1,350000,2,,2,,2,,2,,,2,,,2,,,2,,,2,,,2,,,2,,2,,2,,2,,2,,2,,,.,,,,,,,,,.,12,,,,,,,,,20,1,,20,,,2,8,,2,,2,,,,1,,,,,,,,,1,2,2,1,0,12,1,,2,,,,,,,,7,3,5,,1,30,1,1,1,1,1,1,2,1,2,2,1,1,2,,1,1,1,1,1,2,1,1,3,,62,01,1,01,8,0121,450000,63,951.84266216,
5361041,1,5,1,60,2,63,1,1,,,1,,,1,2,2,2,12,,1,,2,0,2,,,1,450000,1,300000,2,,2,,2,,,2,,,2,,,2,,,2,,,2,,,2,,2,,2,,2,,2,,2,,,.,,,,,,,,,.,12,,,,,,,,,35,2,,35,,,2,8,,2,,2,,,,1,,,,,,,,,1,2,2,1,0,12,4,,2,,,,,,,,11,3,5,,2,,,,2,,,,,,,,,,,,,,1,1,1,2,1,1,3,,62,01,1,01,8,0121,750000,63,951.84266216,
5361042,1,1,1,60,2,63,1,1,,,1,,,1,1,2,2,16,,1,,2,877803,2,,,2,,1,600000,2,,2,,2,,,2,,,2,,,2,,,2,,,2,,,2,,2,,2,,2,,2,,2,,,.,,,,,,,,,.,12,,,,,,,,,54,,.,54,,,2,7,,1,,2,,,,1,,,,,,,,,1,2,2,1,0,24,4,,2,,,,,,,,3,3,3,,2,,,,2,,,,,,,,,,,,,,1,1,2,2,2,1,8,,55,55,1,01,1,5514,1477803,63,1104.942757,
5361043,1,2,1,60,2,63,1,1,,,1,,,1,2,2,2,4,,1,,2,800000,2,,,2,,1,250000,2,,2,,2,,,2,,,2,,,2,,,2,,,2,,,2,,2,,2,,2,,2,,2,,,.,,,,,,,,,.,12,,,,,,,,,60,,.,60,,,2,8,,6,,2,,,,1,,,,,,,,,1,2,2,1,0,54,1,,2,,,,,,,,2,3,5,,2,,,,2,,,,,,,,,,,,,,1,1,1,2,1,1,8,,62,01,1,01,8,0141,1050000,63,1508.2408622,
5361044,1,1,1,60,2,63,1,1,,,1,,,1,2,2,2,24,,1,,2,1200000,2,,,2,,1,300000,2,,2,,2,,,2,,,2,,,2,,,2,,,2,,,2,,2,,2,,2,,2,,2,,,.,,,,,,,,,.,12,,,,,,,,,48,,.,48,,,7,8,,1,,1,2,1,4,1,1,,,,,,,,,1,2,1,0,156,4,,2,,,,,,,,3,3,15,,2,,,,2,,,,,,,,,,,,,,1,1,1,2,1,1,3,,30,01,1,01,1,0122,1500000,63,1290.8050342,
5361044,1,2,1,60,2,63,2,,,,,,,,,,,24,,,,,,,,,,,,,,,,,,,,,,,,,,,,,,,,,,,,,,,,,,,,,,,6,,,,,3,1200000,1,14000000,3,,12,2,,,,,2,3,2,50,,.,50,,,1,1,,2,,2,,,,1,,,,,,,,,1,2,2,1,0,36,6,,2,,,,,,,,3,14,,,2,,,,2,,,,,,,,,,,,,,2,2,1,2,1,1,3,,53,56,1,01,4,5619,1200000,63,1290.8050342,
5361044,1,3,1,60,2,63,1,1,,,1,,,1,2,2,2,0,,1,,2,680000,2,,,2,,2,,2,,2,,2,,,2,,,2,,,2,,,2,,,2,,,2,,2,,2,,2,,2,,2,,,.,,,,,,,,,.,1,,,,,,,,,16,2,,16,,,7,8,,2,,2,,,,1,,,,,,,,,1,2,2,2,,,,,2,,,,,,,,,3,2,,2,,,,2,,,,,,,,,,,,,,2,2,2,2,2,2,3,,62,01,1,01,8,0122,680000,63,1290.8050342,
5361044,1,4,1,60,2,63,1,1,,,1,,,1,2,2,2,0,,1,,2,544000,2,,,2,,2,,2,,2,,2,,,2,,,2,,,2,,,2,,,2,,,2,,2,,2,,2,,2,,2,,,.,,,,,,,,,.,9,,,,,,,,,48,,.,32,6,,7,8,,3,,2,,,,1,,,,,,,,,1,2,2,1,3,9,8,,2,,,,,,,,11,3,3,2,2,,,,2,,,,,,,,,,,,,,1,1,1,2,2,1,3,,62,01,1,01,8,0122,544000,63,1290.8050342,
5361045,1,1,1,60,2,63,1,1,,,1,,,1,2,2,2,192,,1,,2,640000,2,,,2,,1,150000,2,,2,,2,,,2,,,2,,,2,,,2,,,2,,,2,,2,,2,,2,,2,,2,,,.,,,,,,,,,.,12,,,,,,,,,55,,.,55,,,3,8,,1,,1,1,3,11,1,1,,,,,,,,,2,2,1,0,96,1,,1,63,1,4,,100000,2,1,2,3,15,,2,,,,1,1,1,1,2,2,2,2,1,1,2,,2,2,1,1,1,2,1,1,5,,60,01,1,01,1,0123,890000,63,1050.3096471,
5361045,1,2,1,60,2,63,2,,,,,,,,,,,192,,,,,,,,,,,,,,,,,,,,,,,,,,,,,,,,,,,,,,,,,,,,,,,,.,,,,,,,,,.,12,,,,,,,,,40,,.,40,,,2,1,,3,,2,,,,1,,,,,,,,,1,2,2,1,0,3,4,,2,,,,,,,,9,14,,,2,,,,1,1,1,1,1,2,2,1,1,1,2,,2,2,1,2,2,2,1,1,3,,53,56,1,01,6,5619,,63,1050.3096471,
5361045,1,3,1,60,2,63,2,,,,,,,,,,,18,,,,,,,,,,,,,,,,,,,,,,,,,,,,,,,,,,,,,,,,,,,,,,,,.,,,,,,,,,.,12,,,,,,,,,20,1,,20,,,2,1,,2,,2,,,,1,,,,,,,,,1,2,2,1,0,2,4,,2,,,,,,,,1,14,,,1,40,1,1,1,1,1,1,2,1,2,1,2,1,2,,1,1,2,2,2,2,2,1,3,,53,56,1,01,6,5619,,63,1050.3096471,
5361046,1,1,1,60,2,63,1,1,,,1,,,1,2,2,2,16,,1,,2,800000,2,,,1,280000,1,60000,2,,2,,2,,,2,,,2,,,2,,,2,,,2,,,2,,2,,2,,2,,2,,2,,,.,,,,,,,,,.,12,,,,,,,,,40,,.,40,,,3,8,,10,,2,,,,1,,,,,,,,,1,2,2,1,1,6,8,,2,,,,,,,,1,3,10,,2,,,,2,,,,,,,,,,,,,,2,1,1,2,2,2,8,,62,01,1,01,8,0123,1140000,63,1322.7996941,
5361047,1,1,1,60,2,63,1,2,1,,1,,,1,1,2,1,180,,1,,2,908000,2,,,2,,1,300000,2,,2,,2,,,2,,,1,38000,2,2,,,2,,,2,,,1,910000,2,,2,,2,,2,,2,,,.,,,,,,,,,.,12,,,,,,,,,48,,.,48,,,2,8,,1,,1,2,1,15,1,1,,,,,,,,,1,1,2,,,,,2,,,,,,,,,3,15,,2,,,,2,,,,,,,,,,,,,,1,1,1,2,1,1,1,,60,01,1,01,1,0141,1208000,63,799.22873857,
5361048,1,1,1,60,2,63,1,2,2,3,1,,,1,1,2,1,1,,2,,1,877803,2,,,2,,1,200000,2,,2,,2,,,2,,,2,,,2,,,2,,,2,,,2,,2,,2,,2,,2,,2,,,.,,,,,,,,,.,12,,,,,,,,,48,,.,48,,,3,8,,1,,1,2,1,11,1,1,,,,,,,,,1,1,1,0,72,1,,2,,,,,,,,1,3,3,,2,,,,2,,,,,,,,,,,,,,1,1,1,2,1,1,8,,62,01,1,01,8,0145,1077803,63,1809.5885611,
5361049,1,1,1,60,2,63,1,1,,,1,,,1,2,2,2,30,,1,,2,310000,2,,,2,,2,,2,,2,,2,,,2,,,2,,,2,,,2,,,2,,,2,,2,,2,,2,,2,,2,,,.,,,,,,,,,.,12,,,,,,,,,36,2,,36,,,3,7,,3,,2,,,,1,,,,,,,,,1,2,2,1,0,7,4,,2,,,,,,,,9,3,1,,2,,,,2,,,,,,,,,,,,,,1,2,1,2,1,1,3,,62,01,1,01,1,0145,310000,63,1701.8495371,
5361049,1,2,1,60,2,63,1,2,1,,1,,,1,1,2,1,204,,1,,2,1220000,2,,,2,,1,350000,2,,2,,2,,,2,,,2,,,2,,,2,,,2,,,1,1220000,2,,2,,2,,2,,2,,,.,,,,,,,,,.,12,,,,,,,,,54,,.,54,,,3,8,,1,,1,1,1,17,1,1,,,,,,,,,1,1,1,0,1,8,,2,,,,,,,,8,3,5,,2,,,,2,,,,,,,,,,,,,,1,1,1,2,1,1,1,,62,01,1,01,8,0145,1570000,63,1701.8495371,
5361050,1,1,1,60,2,63,1,2,2,6,1,,,1,1,2,1,5,,1,,2,1040000,2,,,2,,1,300000,2,,2,,2,,,2,,,1,33000,2,2,,,2,,,2,,,1,410000,2,,2,,2,,2,,2,,,.,,,,,,,,,.,10,,,,,,,,,54,,.,54,,,3,8,,1,,1,1,1,1,1,1,,,,,,,,,1,1,1,2,1,8,,2,,,,,,,,8,3,3,,2,,,,2,,,,,,,,,,,,,,1,1,2,2,1,1,8,,62,01,1,01,8,0145,1340000,63,1697.6647329,
5361050,1,2,1,60,2,63,1,2,1,,1,,,1,1,2,1,5,,1,,2,877800,2,,,2,,2,,2,,2,,2,,,1,102850,2,1,33000,2,2,,,2,,,2,,,1,410000,2,,2,,2,,2,,2,,,.,,,,,,,,,.,8,,,,,,,,,48,,.,48,,,8,7,,1,,1,1,1,2,1,1,,,,,,,,,1,1,1,4,16,1,,2,,,,,,,,7,11,20,,2,,,,2,,,,,,,,,,,,,,1,2,1,2,1,1,3,,54,55,1,01,1,5511,877800,63,1697.6647329,
5361051,1,1,1,60,2,63,1,2,1,,1,,,1,2,2,2,24,,1,,2,720000,2,,,2,,1,250000,2,,2,,2,,,2,,,1,60000,2,2,,,2,,,2,,,1,800000,2,,2,,2,,2,,2,,,.,,,,,,,,,.,12,,,,,,,,,48,,.,48,,,2,8,,1,,1,2,1,4,1,1,,,,,,,,,1,1,1,4,12,1,,2,,,,,,,,3,3,10,,2,,,,2,,,,,,,,,,,,,,1,1,1,2,2,1,3,,62,01,1,01,8,0121,970000,63,1721.6345664,
5361051,1,2,1,60,2,63,1,1,,,1,,,1,2,2,2,24,,1,,2,100000,2,,,2,,2,,2,,2,,2,,,2,,,2,,,2,,,2,,,2,,,2,,2,,2,,2,,2,,2,,,.,,,,,,,,,.,12,,,,,,,,,18,2,,18,,,1,2,,3,,2,,,,1,,,,,,,,,1,2,2,1,60,48,4,,2,,,,,,,,9,3,2,,2,,,,1,1,2,1,2,1,2,2,2,2,2,,2,1,2,2,1,2,2,1,3,,54,97,1,01,3,9700,100000,63,1721.6345664,
5361052,1,1,1,60,2,63,2,,,,,,,,,,,480,,,,,,,,,,,,,,,,,,,,,,,,,,,,,,,,,,,,,,,,,,,,,,,7,,2,,,2,0,1,0,3,,12,2,,,,,2,3,2,30,2,,30,,,1,8,,1,,2,,,,1,,,1,1,,,,,,2,2,1,0,48,1,,2,,,,,,,,10,3,5,,2,,,,2,,,,,,,,,,,,,,1,1,1,2,1,1,2,,61,01,1,01,4,0121,0,63,1221.3728261,
5361053,1,1,1,60,2,63,1,1,,,1,,,1,2,2,2,7,,1,,2,840000,2,,,2,,1,280000,2,,2,,2,,,2,,,2,,,2,,,2,,,2,,,2,,2,,2,,2,,2,,2,,,.,,,,,,,,,.,12,,,,,,,,,40,,.,40,,,4,8,,11,,2,,,,1,,,,,,,,,1,2,2,1,0,15,8,,1,63,3,5,,800000,2,1,8,3,25,,2,,,,2,,,,,,,,,,,,,,1,1,1,2,1,1,8,,62,01,1,01,8,0121,1920000,63,1833.3394552,
5361054,1,1,1,60,2,63,2,,,,,,,,,,,9,,,,,,,,,,,,,,,,,,,,,,,,,,,,,,,,,,,,,,,,,,,,,,,6,,,,,3,150000,1,155000,1,,9,2,,,,,1,1,2,9,1,,9,,,1,2,,3,,2,,,,1,,,,,,,,,1,2,2,1,3,36,1,,2,,,,,,,,2,3,10,,1,30,1,1,1,1,1,1,2,1,2,1,2,2,2,,1,1,1,2,2,2,2,1,3,,55,81,1,01,4,8121,150000,63,1221.3728261,
5361255,1,1,1,60,2,63,2,,,,,,,,,,,8,,,,,,,,,,,,,,,,,,,,,,,,,,,,,,,,,,,,,,,,,,,,,,,6,,,,,3,1000000,1,8000000,3,,8,2,,,,,3,3,2,60,,.,60,,,1,4,,2,,2,,,,1,,,,,,,,,1,2,2,1,4,120,4,,2,,,,,,,,2,3,5,,2,,,,2,,,,,,,,,,,,,,1,1,1,2,1,1,8,,98,49,1,01,4,4921,1000000,63,1290.8050342,
5361255,1,3,1,60,2,63,1,2,1,,1,,,1,2,2,1,24,,1,,2,900000,2,,,2,,2,,2,,2,,2,,,1,102850,2,2,,,2,,,2,,,2,,,1,900000,2,,2,,2,,2,,2,,,.,,,,,,,,,.,12,,,,,,,,,48,,.,48,,,9,7,,1,,1,1,1,3,1,1,,,,,,,,,1,1,1,0,12,1,,2,,,,,,,,1,11,30,,2,,,,2,,,,,,,,,,,,,,1,1,1,2,1,1,1,,59,93,1,01,1,9329,900000,63,1290.8050342,
5361255,1,4,1,60,2,63,1,2,1,,1,,,1,2,2,1,8,,1,,2,877800,2,,,2,,2,,2,,2,,2,,,1,102850,2,2,,,2,,,2,,,2,,,1,350000,2,,2,,2,,2,,2,,,.,,,,,,,,,.,8,,,,,,,,,48,,.,48,,,9,7,,1,,1,1,1,1,1,1,,,,,,,,,1,1,1,4,12,1,,2,,,,,,,,1,11,30,,2,,,,2,,,,,,,,,,,,,,1,1,1,2,1,1,1,,59,93,1,01,1,9329,877800,63,1290.8050342,
5361256,1,1,1,60,2,63,2,,,,,,,,,,,120,,,,,,,,,,,,,,,,,,,,,,,,,,,,,,,,,,,,,,,,,,,,,,,7,,1,1,2020,2,1000000,1,12000000,3,,12,1,1,0,0,1,3,3,2,40,,.,40,,,2,1,,2,,2,,,,1,,,,,,,,,1,2,2,1,0,360,8,,2,,,,,,,,10,14,,,2,,,,2,,,,,,,,,,,,,,1,1,1,2,1,1,3,,41,47,1,01,4,4711,1000000,63,648.50982041,
5361256,1,4,1,60,2,63,2,,,,,,,,,,,12,,,,,,,,,,,,,,,,,,,,,,,,,,,,,,,,,,,,,,,,,,,,,,,,.,,,,,,,,,.,12,,,,,,,,,48,,.,48,,,2,1,,2,,2,,,,1,,,,,,,,,1,2,2,1,0,24,4,,2,,,,,,,,2,14,,,2,,,,2,,,,,,,,,,,,,,1,1,1,2,1,1,3,,45,47,1,01,6,4711,,63,648.50982041,
5361258,1,1,1,60,2,63,2,,,,,,,,,,,84,,,,,,,,,,,,,,,,,,,,,,,,,,,,,,,,,,,,,,,,,,,,,,,7,,2,,,2,300000,1,6000000,2,,12,2,,,,,2,9,2,30,2,,30,,,1,8,,1,,3,,,,,.,,,,,,,,,2,2,1,0,228,1,,1,63,20,4,,192000,1,1,4,3,5,,2,,,,2,,,,,,,,,,,,,,2,2,2,2,1,1,3,,61,01,1,01,4,0123,492000,63,1000.7570052,
5361258,1,2,1,60,2,63,2,,,,,,,,,,,4,,,,,,,,,,,,,,,,,,,,,,,,,,,,,,,,,,,,,,,,,,,,,,,6,,,,,3,15000,1,200000,1,,7,2,,,,,3,3,2,10,2,,3,6,,1,1,,3,,2,,,,1,,,,,,,,,1,2,2,1,5,48,4,,2,,,,,,,,13,14,,2,2,,,,2,,,,,,,,,,,,,,1,2,1,2,2,1,3,,79,95,1,01,4,9529,15000,63,1000.7570052,
5361260,1,1,1,60,2,63,1,1,,,1,,,1,2,2,2,5,,1,,2,480000,2,,,2,,2,,2,,2,,2,,,2,,,2,,,2,,,2,,,2,,,2,,2,,2,,2,,2,,2,,,.,,,,,,,,,.,12,,,,,,,,,40,,.,40,,,2,8,,3,,2,,,,1,,,1,,,,,,,2,2,1,24,120,2,,2,,,,,,,,3,3,2,,2,,,,2,,,,,,,,,,,,,,1,1,1,2,1,1,3,,62,01,1,01,8,0123,480000,63,974.81872828,
5361260,1,2,1,60,2,63,1,2,1,,1,,,1,1,2,1,96,,2,,2,1600000,2,,,2,,2,,2,,2,,1,200000,2,1,102850,2,1,33000,2,2,,,2,,,2,,,1,1600000,2,,2,,2,,2,,2,,,.,,,,,,,,,.,12,,,,,,,,,48,,.,48,,,9,7,,1,,1,1,1,12,1,1,,,,,,,,,1,1,1,0,48,4,,2,,,,,,,,8,11,40,,2,,,,2,,,,,,,,,,,,,,1,1,1,2,1,1,3,,03,91,1,01,1,9103,1600000,63,974.81872828,
5361261,1,1,1,60,2,63,1,2,2,6,1,,,2,2,2,2,7,,1,,2,877803,2,,,2,,2,,2,,2,,2,,,2,,,2,,,2,,,2,,,2,,,2,,2,,2,,2,,2,,2,,,.,,,,,,,,,.,7,,,,,,,,,48,,.,48,,,2,4,,1,,1,2,1,0,1,1,,,,,,,,,1,1,2,,,,,2,,,,,,,,,11,40,,2,,,,1,1,1,1,2,2,2,1,1,2,2,,1,1,2,2,1,2,1,1,8,,98,47,1,01,1,4752,877803,63,1296.8614172,
5361261,1,2,1,60,2,63,1,1,,,1,,,1,2,2,2,12,,1,,2,200000,2,,,2,,2,,2,,2,,2,,,2,,,2,,,2,,,2,,,2,,,2,,2,,2,,2,,2,,2,,,.,,,,,,,,,.,12,,,,,,,,,12,2,,12,,,1,2,,3,,2,,,,1,,,,,,,,,1,2,2,2,,,,,2,,,,,,,,,3,5,,2,,,,2,,,,,,,,,,,,,,1,1,1,2,2,1,3,,59,97,1,01,3,9700,200000,63,1296.8614172,
5361262,1,1,1,60,2,63,2,,,,,,,,,,,240,,,,,,,,,,,,,,,,,,,,,,,,,,,,,,,,,,,,,,,,,,,,,,,7,,1,2,,2,750000,1,8800000,3,,12,1,1,1,0,0,1,3,1,40,,.,40,,,2,8,,2,,2,,,,1,,,,,,,,,1,2,2,1,0,120,4,,2,,,,,,,,1,3,5,,2,,,,2,,,,,,,,,,,,,,1,2,1,2,1,1,3,,61,01,1,01,5,0123,750000,63,825.05452227,
5361262,1,2,1,60,2,63,1,1,,,1,,,1,2,2,2,8,,1,,2,877803,2,,,2,,2,,2,,2,,2,,,2,,,2,,,2,,,2,,,2,,,2,,2,,2,,2,,2,,2,,,.,,,,,,,,,.,10,,,,,,,,,48,,.,48,,,6,9,,1,,1,1,1,3,1,1,,,,,,,,,1,1,1,2,48,1,,2,,,,,,,,13,11,60,,2,,,,2,,,,,,,,,,,,,,1,1,1,2,1,1,3,,95,41,1,01,1,4112,877803,63,825.05452227,
5361264,1,1,1,60,2,63,1,2,2,12,1,,,1,2,2,2,96,,1,,2,1000000,2,,,2,,1,300000,2,,2,,2,,,2,,,2,,,2,,,2,,,2,,,1,1000000,2,,2,,2,,2,,2,,,.,,,,,,,,,.,12,,,,,,,,,77,,.,77,,,8,8,,1,,1,1,1,20,1,1,,,,,,,,,1,1,1,0,12,8,,2,,,,,,,,8,3,2,,2,,,,2,,,,,,,,,,,,,,1,1,1,2,1,1,8,,62,01,1,01,8,0145,1300000,63,1202.5268437,
5361265,1,1,1,60,2,63,1,1,,,1,,,1,2,2,2,216,,1,,2,800000,2,,,2,,1,200000,2,,2,,2,,,2,,,2,,,2,,,2,,,2,,,2,,2,,2,,2,,2,,2,,,.,,,,,,,,,.,12,,,,,,,,,48,,.,48,,,4,8,,2,,2,,,,1,,,,,,,,,1,2,2,1,0,24,8,,2,,,,,,,,1,3,20,,2,,,,2,,,,,,,,,,,,,,1,1,1,2,1,1,8,,60,01,1,01,1,0123,1000000,63,1482.7236944,
5361265,1,2,1,60,2,63,1,1,,,1,,,1,2,2,2,216,,1,,2,440000,2,,,2,,2,,2,,2,,2,,,2,,,2,,,2,,,2,,,2,,,2,,2,,2,,2,,2,,2,,,.,,,,,,,,,.,12,,,,,,,,,40,,.,40,,,4,8,,2,,2,,,,1,,,,,,,,,1,2,2,2,,,,,2,,,,,,,,,3,15,,2,,,,2,,,,,,,,,,,,,,1,1,1,2,1,1,3,,62,01,1,01,8,0123,440000,63,1482.7236944,
5361266,1,1,1,60,2,63,1,1,,,1,,,2,2,2,2,3,,1,,2,1000000,2,,,2,,1,100000,2,,2,,2,,,2,,,2,,,2,,,2,,,2,,,2,,2,,2,,2,,2,,2,,,.,,,,,,,,,.,12,,,,,,,,,77,,.,77,,,8,8,,7,,2,,,,1,,,,,,,,,1,2,2,1,0,15,8,,2,,,,,,,,3,3,5,,2,,,,1,1,1,1,1,2,2,2,1,1,2,,2,2,2,2,2,2,1,1,5,,62,01,1,01,8,0145,1100000,63,1010.6081835,
5361267,1,1,1,60,2,63,1,1,,,1,,,1,2,2,2,7,,1,,2,560000,2,,,2,,2,,2,,2,,2,,,2,,,2,,,2,,,2,,,2,,,2,,2,,2,,2,,2,,2,,,.,,,,,,,,,.,9,,,,,,,,,40,,.,40,,,3,8,,2,,2,,,,1,,,,,,,,,1,2,2,1,3,280,1,,2,,,,,,,,13,11,10,,2,,,,2,,,,,,,,,,,,,,1,1,1,2,2,2,2,,62,01,1,01,8,0123,560000,63,991.14739876,
5361268,1,1,1,60,2,63,2,,,,,,,,,,,240,,,,,,,,,,,,,,,,,,,,,,,,,,,,,,,,,,,,,,,,,,,,,,,7,,1,1,2020,2,900000,1,10800000,3,,12,1,1,1,0,0,3,3,2,48,,.,48,,,2,8,,1,,3,,,,,.,,,,,,,,,2,2,1,0,240,2,,2,,,,,,,,4,3,15,,2,,,,2,,,,,,,,,,,,,,1,1,1,1,1,1,10,DE LA PENSION,61,01,1,01,5,0123,900000,63,1000.7570052,
5361269,1,2,1,60,2,63,2,,,,,,,,,,,72,,,,,,,,,,,,,,,,,,,,,,,,,,,,,,,,,,,,,,,,,,,,,,,,.,,,,,,,,,.,12,,,,,,,,,20,2,,20,,,2,8,,2,,2,,,,1,,,,,,,,,1,2,2,1,0,5,4,,2,,,,,,,,3,3,5,,2,,,,1,1,1,1,2,2,2,1,1,2,2,,2,1,1,2,1,2,2,1,3,,62,01,1,01,7,0123,,63,796.64208586,
5361271,1,1,1,60,2,63,2,,,,,,,,,,,120,,,,,,,,,,,,,,,,,,,,,,,,,,,,,,,,,,,,,,,,,,,,,,,7,,1,1,2020,2,1100000,1,13200000,3,,12,1,2,0,0,2,3,3,2,48,,.,48,,,2,8,,2,,1,4,2,15,1,,1,,,,,,,,2,2,1,0,36,1,,2,,,,,,,,1,3,40,,2,,,,2,,,,,,,,,,,,,,1,1,1,2,1,1,3,,62,01,1,01,4,0123,1100000,63,1909.9187059,
5361271,1,2,1,60,2,63,2,,,,,,,,,,,36,,,,,,,,,,,,,,,,,,,,,,,,,,,,,,,,,,,,,,,,,,,,,,,,.,,,,,,,,,.,12,,,,,,,,,40,,.,40,,,2,8,,2,,2,,,,1,,,,,,,,,1,2,2,2,,,,,2,,,,,,,,,3,35,,2,,,,2,,,,,,,,,,,,,,1,1,1,2,1,1,3,,62,01,1,01,6,0123,,63,1909.9187059,
5361271,1,3,1,60,2,63,2,,,,,,,,,,,24,,,,,,,,,,,,,,,,,,,,,,,,,,,,,,,,,,,,,,,,,,,,,,,,.,,,,,,,,,.,12,,,,,,,,,40,,.,40,,,2,8,,2,,2,,,,1,,,,,,,,,1,2,2,2,,,,,2,,,,,,,,,3,30,,2,,,,2,,,,,,,,,,,,,,1,1,1,2,1,1,3,,62,01,1,01,6,0123,,63,1909.9187059,
5361272,1,2,1,60,2,63,1,1,,,1,,,1,2,2,2,132,,1,,2,550000,2,,,2,,1,250000,2,,2,,2,,,2,,,2,,,2,,,2,,,2,,,2,,2,,2,,2,,2,,2,,,.,,,,,,,,,.,12,,,,,,,,,40,,.,40,,,1,2,,1,,2,,,,1,,,,,,,,,1,2,2,1,0,132,3,,2,,,,,,,,3,3,2,,2,,,,2,,,,,,,,,,,,,,1,1,1,2,1,1,8,,54,97,1,01,3,9700,800000,63,648.50982041,
5361272,1,3,1,60,2,63,2,,,,,,,,,,,2,,,,,,,,,,,,,,,,,,,,,,,,,,,,,,,,,,,,,,,,,,,,,,,6,,,,,3,150000,1,280000,1,,5,2,,,,,2,1,2,30,1,,18,6,,1,1,,2,,2,,,,1,,,,,,,,,1,2,2,1,7,12,1,,1,63,6,4,,35000,1,2,7,14,,2,1,20,1,1,1,1,1,1,2,1,2,2,2,2,2,,1,1,2,2,2,2,2,1,3,,41,47,1,01,4,4759,185000,63,648.50982041,
5361272,1,5,1,60,2,63,2,,,,,,,,,,,120,,,,,,,,,,,,,,,,,,,,,,,,,,,,,,,,,,,,,,,,,,,,,,,6,,,,,3,300000,1,3600000,3,,12,2,,,,,3,5,2,60,,.,60,,,1,1,,2,,2,,,,1,,,,,,,,,1,2,2,1,0,180,5,,2,,,,,,,,2,14,,,2,,,,2,,,,,,,,,,,,,,1,2,1,2,2,1,3,,94,32,1,01,4,3290,300000,63,648.50982041,
5361273,1,1,1,60,2,63,1,1,,,1,,,1,2,2,2,1,,1,,2,450000,2,,,2,,2,,2,,2,,2,,,2,,,2,,,2,,,2,,,2,,,2,,2,,2,,2,,2,,2,,,.,,,,,,,,,.,12,,,,,,,,,50,,.,50,,,3,8,,2,,2,,,,1,,,,,,,,,1,2,2,1,0,1,8,,2,,,,,,,,5,3,20,,2,,,,2,,,,,,,,,,,,,,1,1,1,2,2,1,3,,62,01,1,01,8,0122,450000,63,1183.0660589,
5361275,1,1,1,60,2,63,1,1,,,1,,,1,2,2,2,120,,1,,2,720000,2,,,2,,1,200000,2,,2,,2,,,2,,,2,,,2,,,2,,,2,,,2,,2,,2,,2,,2,,2,,,.,,,,,,,,,.,12,,,,,,,,,48,,.,48,,,2,8,,2,,2,,,,1,,,,,,,,,1,2,2,1,0,144,8,,2,,,,,,,,1,3,5,,2,,,,2,,,,,,,,,,,,,,1,1,1,2,1,1,3,,60,01,1,01,1,0123,920000,63,1322.7996941,
5361276,1,2,1,60,2,63,1,1,,,1,,,1,2,2,2,1,,1,,2,560000,2,,,2,,2,,2,,2,,2,,,2,,,2,,,2,,,2,,,2,,,2,,2,,2,,2,,2,,2,,,.,,,,,,,,,.,10,,,,,,,,,40,,.,40,,,2,8,,3,,2,,,,1,,,,,,,,,1,2,2,1,2,12,8,,2,,,,,,,,1,11,40,,2,,,,2,,,,,,,,,,,,,,1,1,1,2,2,1,3,,62,01,1,01,8,0123,560000,63,1000.7570052,
5361277,1,1,1,60,2,63,1,2,1,,1,,,1,2,2,1,96,,2,,2,900000,2,,,2,,1,200000,2,,2,,2,,,2,,,2,,,2,,,2,,,2,,,1,900000,2,,2,,2,,2,,2,,,.,,,,,,,,,.,12,,,,,,,,,48,,.,48,,,3,8,,1,,1,1,1,15,1,1,,,,,,,,,1,1,1,0,24,1,,2,,,,,,,,1,3,15,,2,,,,2,,,,,,,,,,,,,,1,1,1,2,1,1,1,,60,01,1,01,1,0123,1100000,63,799.22873857,
5361277,1,2,1,60,2,63,1,1,,,1,,,1,2,2,2,96,,1,,2,440000,2,,,2,,2,,2,,2,,2,,,2,,,2,,,2,,,2,,,2,,,2,,2,,2,,2,,2,,2,,,.,,,,,,,,,.,12,,,,,,,,,48,,.,48,,,3,8,,3,,2,,,,1,,,,,,,,,1,2,2,1,12,24,1,,2,,,,,,,,1,3,20,,2,,,,2,,,,,,,,,,,,,,1,1,1,2,1,1,3,,62,01,1,01,8,0123,440000,63,799.22873857,
5361278,1,1,1,60,2,63,1,1,,,1,,,1,1,2,2,48,,1,,2,640000,2,,,2,,1,200000,2,,2,,2,,,2,,,2,,,2,,,2,,,2,,,2,,2,,2,,2,,2,,2,,,.,,,,,,,,,.,12,,,,,,,,,48,,.,48,,,2,7,,2,,2,,,,1,,,,,,,,,1,2,2,1,0,12,4,,2,,,,,,,,3,3,2,,2,,,,2,,,,,,,,,,,,,,1,1,1,2,1,1,8,,55,93,1,01,1,9329,840000,63,1469.1399002,
5361279,1,1,1,60,2,63,2,,,,,,,,,,,600,,,,,,,,,,,,,,,,,,,,,,,,,,,,,,,,,,,,,,,,,,,,,,,7,,2,,,2,200000,1,2500000,3,,12,2,,,,,2,9,2,40,,.,40,,,1,8,,1,,2,,,,1,,,,,,,,,1,2,2,1,0,12,8,,2,,,,,,,,8,3,5,,2,,,,2,,,,,,,,,,,,,,1,1,1,2,1,1,3,,61,01,1,01,4,0123,200000,63,1000.7570052,
5361280,1,1,1,60,2,63,1,2,1,,1,,,1,2,2,1,30,,1,,2,900000,2,,,2,,1,180000,2,,2,,2,,,2,,,2,,,2,,,2,,,2,,,1,900000,2,,2,,2,,2,,2,,,.,,,,,,,,,.,12,,,,,,,,,48,,.,48,,,3,8,,1,,1,1,1,13,1,1,,,,,,,,,1,1,1,0,48,1,,1,63,15,4,,400000,2,1,1,3,15,,2,,,,2,,,,,,,,,,,,,,1,1,1,2,1,1,1,,62,01,1,01,1,0121,1480000,63,1248.1052978,
5361280,1,2,1,60,2,63,2,,,,,,,,,,,30,,,,,,,,,,,,,,,,,,,,,,,,,,,,,,,,,,,,,,,,,,,,,,,,.,,,,,,,,,.,12,,,,,,,,,48,,.,48,,,2,1,,3,,2,,,,1,,,,,,,,,1,2,2,1,0,18,3,,2,,,,,,,,2,14,,,2,,,,2,,,,,,,,,,,,,,1,1,1,2,1,1,3,,53,56,1,01,6,5619,,63,1248.1052978,
5361308,1,1,1,60,2,76,2,,,,,,,,,,,0,,,,,,,,,,,,,,,,,,,,,,,,,,,,,,,,,,,,,,,,,,,,,,,6,,,,,3,0,1,0,1,,2,2,,,,,3,11,1,32,2,,32,,,1,2,,2,,2,,,,1,,,,,,,,,1,2,2,1,2,2,5,,2,,,,,,,,1,13,5,,2,,,,2,,,,,,,,,,,,,,1,1,1,2,2,1,5,,95,43,1,01,4,4330,0,76,884.11551209,
5361309,1,1,1,60,2,76,2,,,,,,,,,,,240,,,,,,,,,,,,,,,,,,,,,,,,,,,,,,,,,,,,,,,,,,,,,,,6,,,,,3,,1,98,3,,12,2,,,,,3,11,1,60,,.,16,6,,1,1,,2,,2,,,,1,,,,,,,,,1,2,2,1,0,60,4,,2,,,,,,,,10,14,,1,1,32,1,1,1,1,2,1,2,2,2,2,1,2,2,,2,1,2,2,2,2,2,1,3,,83,31,1,01,4,3110,,76,884.11551209,
5361311,1,3,1,60,2,76,2,,,,,,,,,,,3,,,,,,,,,,,,,,,,,,,,,,,,,,,,,,,,,,,,,,,,,,,,,,,4,,,,,3,,1,98,3,,3,2,,,,,3,11,2,84,,.,84,,,1,6,,2,,2,,,,1,,,,,,,,,1,2,2,1,12,24,8,,2,,,,,,,,2,3,5,,2,,,,2,,,,,,,,,,,,,,1,1,1,2,1,1,5,,45,92,1,01,4,9200,,76,1834.1776723,
5361312,1,1,1,60,2,76,2,,,,,,,,,,,360,,,,,,,,,,,,,,,,,,,,,,,,,,,,,,,,,,,,,,,,,,,,,,,6,,,,,2,300000,1,98,3,,12,2,,,,,3,5,2,45,,.,45,,,1,5,,12,MEDICINA ALTERNATIVA,2,,,,1,,,,,,,,,1,2,2,2,,,,,2,,,,,,,,,12,15,,2,,,,2,,,,,,,,,,,,,,1,2,1,2,2,1,3,,45,47,1,01,4,4799,300000,76,2761.5785271,
5361314,1,1,1,60,2,76,2,,,,,,,,,,,12,,,,,,,,,,,,,,,,,,,,,,,,,,,,,,,,,,,,,,,,,,,,,,,7,,1,1,2020,2,0,1,98,3,,12,1,2,2,0,0,3,8,2,72,,.,72,,,2,7,,4,,2,,,,1,,,,,,,,,1,2,2,1,0,48,4,,2,,,,,,,,13,3,3,,2,,,,2,,,,,,,,,,,,,,1,2,2,2,1,1,3,,79,31,1,01,5,3110,0,76,1777.1890407,
5361315,1,1,1,60,2,76,1,2,2,6,1,,,1,2,2,2,48,,1,,2,,2,,,2,,2,,2,,2,,2,,,2,,,2,,,2,,,2,,,2,,,1,98,2,,2,,2,,2,,2,,,.,,,,,,,,,.,9,,,,,,,,,48,,.,48,,,4,5,,7,,2,,,,1,,,,,,,,,1,1,1,1,3,72,1,,2,,,,,,,,2,11,15,,1,18,2,1,1,1,2,1,2,2,2,2,2,2,2,,2,1,2,2,1,2,1,1,9,,33,64,1,01,1,6499,,76,2651.1889339,
5361315,1,2,1,60,2,76,1,2,2,18,2,4,OPERADOR DE RECURSOS DEL INSTITUTO COLOMBIANO DE BIENESTAR FAMILIAR ICBF,2,1,2,1,1,,7,SE LO OFRECIERON,2,877803,2,,,2,,2,,2,,2,,2,,,2,,,1,70000,2,2,,,2,,,2,,,1,877803,2,,2,,2,,2,,2,,,.,,,,,,,,,.,12,,,,,,,,,40,,.,40,,,9,1,,4,,1,2,1,10,1,1,,,,,,,,,1,1,1,0,6,1,,2,,,,,,,,1,14,,,2,,,,2,,,,,,,,,,,,,,1,1,1,1,1,1,3,,54,88,1,01,1,8890,877803,76,2651.1889339,8413
5361316,1,3,1,60,2,76,1,2,2,12,2,4,EMPRESA DE VIGILANCIA,1,1,1,1,12,,2,,1,877803,1,98,2,2,,2,,2,,2,,2,,,1,102854,2,2,,,2,,,2,,,2,,,1,1000000,1,98,2,,2,,2,,2,,,.,,,,,,,,,.,12,,,,,,,,,48,,.,0,3,,9,7,,1,,1,1,1,3,1,1,,,,,,,,,1,1,1,0,6,4,,2,,,,,,,,1,11,20,,2,,,,2,,,,,,,,,,,,,,1,1,1,2,1,1,1,,58,10,1,01,1,1090,877803,76,884.11551209,8010
5361317,1,1,1,60,2,76,2,,,,,,,,,,,240,,,,,,,,,,,,,,,,,,,,,,,,,,,,,,,,,,,,,,,,,,,,,,,6,,,,,2,600000,1,7200000,3,,12,2,,,,,3,3,2,56,,.,48,7,DESCANSAR,1,5,,3,,2,,,,1,,,,,,,,,1,2,2,1,0,12,1,,2,,,,,,,,9,11,30,,2,,,,1,1,2,1,2,2,2,2,1,2,2,,2,1,1,1,1,2,1,1,10,RECIBE FAMILIAS EN ACCION,45,47,1,01,4,4773,600000,76,1696.2037913,
5361317,1,2,1,60,2,76,2,,,,,,,,,,,3,,,,,,,,,,,,,,,,,,,,,,,,,,,,,,,,,,,,,,,,,,,,,,,6,,,,,2,24500,1,50000,1,,3,2,,,,,3,4,2,8,2,,12,,,1,1,,1,,2,,,,1,,,,,,,,,1,2,2,1,99,12,4,,2,,,,,,,,9,14,,,1,10,2,2,2,,,,,,,,,,,,,,1,2,1,2,2,1,3,,77,10,1,01,4,1040,24500,76,1696.2037913,
5361320,1,1,1,60,2,76,1,1,,,1,,,1,2,2,2,96,,1,,2,900000,2,,,1,450000,2,,2,,2,,2,,,2,,,2,,,2,,,2,,,2,,,2,,2,,2,,2,,2,,2,,,.,,,,,,,,,.,12,,,,,,,,,48,,.,48,,,4,7,,5,,2,,,,1,,,,,,,,,1,2,2,1,99,96,1,,2,,,,,,,,1,15,10,,2,,,,2,,,,,,,,,,,,,,1,1,1,2,1,2,3,,50,56,1,01,1,5611,1350000,76,1696.2037913,
5361320,1,2,1,60,2,76,2,,,,,,,,,,,12,,,,,,,,,,,,,,,,,,,,,,,,,,,,,,,,,,,,,,,,,,,,,,,6,,,,,2,600000,1,98,3,,12,2,,,,,3,3,2,60,,.,60,,,1,4,,2,,2,,,,1,,,,,,,,,1,2,2,1,0,24,4,,2,,,,,,,,3,15,15,,2,,,,2,,,,,,,,,,,,,,1,2,1,2,1,1,8,,98,49,1,01,4,4923,600000,76,1696.2037913,
5361320,1,3,1,60,2,76,2,,,,,,,,,,,12,,,,,,,,,,,,,,,,,,,,,,,,,,,,,,,,,,,,,,,,,,,,,,,6,,,,,2,400000,1,99,3,,12,2,,,,,3,1,1,84,,.,78,2,,1,4,,2,,2,,,,1,,,,,,,,,1,2,2,1,0,18,4,,2,,,,,,,,8,15,15,,2,,,,1,1,1,1,2,2,2,2,2,2,2,,1,1,1,2,1,2,2,1,3,,98,49,1,01,4,4923,400000,76,1696.2037913,
5361376,1,1,1,60,2,76,2,,,,,,,,,,,0,,,,,,,,,,,,,,,,,,,,,,,,,,,,,,,,,,,,,,,,,,,,,,,6,,,,,2,,1,98,1,,10,2,,,,,3,1,2,42,,.,42,,,1,8,,2,,2,,,,1,,,,,,,,,1,2,2,1,2,1,8,,2,,,,,,,,1,3,15,,2,,,,1,1,2,1,2,2,2,2,2,2,2,,1,2,2,1,1,2,2,1,8,,71,08,1,01,4,0811,,76,903.18914741,
5361380,1,1,1,60,2,76,2,,,,,,,,,,,60,,,,,,,,,,,,,,,,,,,,,,,,,,,,,,,,,,,,,,,,,,,,,,,7,,2,,,2,,1,98,3,,12,1,1,0,0,1,3,6,2,30,2,,30,,,2,8,,2,,2,,,,1,,,,,,,,,1,2,2,1,0,72,8,,1,76,27,1,,120000,2,2,5,3,1,,2,,,,2,,,,,,,,,,,,,,1,1,1,1,1,1,3,,61,01,1,01,4,0121,120000,76,1858.9246174,
5361380,1,2,1,60,2,76,2,,,,,,,,,,,300,,,,,,,,,,,,,,,,,,,,,,,,,,,,,,,,,,,,,,,,,,,,,,,6,,,,,2,30000,1,98,3,,12,1,1,0,0,1,3,6,2,7,2,,7,,,2,1,,2,,2,,,,1,,,,,,,,,1,2,2,1,0,1,8,,2,,,,,,,,1,14,,,2,,,,2,,,,,,,,,,,,,,1,1,1,2,1,1,3,,45,47,1,01,4,4729,30000,76,1858.9246174,
5361380,1,3,1,60,2,76,2,,,,,,,,,,,36,,,,,,,,,,,,,,,,,,,,,,,,,,,,,,,,,,,,,,,,,,,,,,,,.,,,,,,,,,.,12,,,,,,,,,1,1,,1,,,2,1,,2,,2,,,,1,,,,,,,,,1,2,2,1,24,12,1,,1,76,1,6,,,2,8,2,14,,,2,,,,2,,,,,,,,,,,,,,1,1,1,2,1,1,3,,45,47,1,01,6,4729,,76,1858.9246174,
5361382,1,1,1,60,2,76,1,1,,,1,,,1,2,2,2,60,,1,,2,600000,2,,,2,,1,,2,,2,,2,,,2,,,2,,,2,,,2,,,2,,,2,,2,,2,,2,,2,,2,,,.,,,,,,,,,.,12,,,,,,,,,50,,.,50,,,2,8,,2,,2,,,,1,,,,,,,,,1,2,2,1,0,36,8,,2,,,,,,,,3,3,2,,2,,,,1,1,2,1,2,2,2,2,2,1,2,,1,1,1,2,1,2,1,1,3,,62,01,1,01,8,0122,600000,76,1677.5186908,
5361383,1,1,1,60,2,76,1,1,,,1,,,1,2,2,2,1,,1,,2,900000,2,,,2,,2,,2,,2,,2,,,2,,,2,,,2,,,2,,,2,,,2,,2,,2,,2,,2,,2,,,.,,,,,,,,,.,10,,,,,,,,,72,,.,72,,,4,7,,1,,2,,,,1,,,,,,,,,1,1,2,1,0,10,1,,2,,,,,,,,1,11,30,,2,,,,2,,,,,,,,,,,,,,1,1,2,2,1,2,10,AYUDA DEL EXESPOSO,90,22,1,01,1,2229,900000,76,884.11551209,
5361384,1,1,1,60,2,76,2,,,,,,,,,,,84,,,,,,,,,,,,,,,,,,,,,,,,,,,,,,,,,,,,,,,,,,,,,,,7,,2,,,2,0,1,490000,3,,12,1,2,1,0,1,1,5,2,2,2,,15,,,3,8,,7,,2,,,,1,,,,,,,,,1,2,2,1,24,34,1,,2,,,,,,,,1,3,1,,2,,,,1,1,2,1,2,2,2,2,2,2,2,,2,1,2,2,1,2,1,1,3,,61,01,1,01,5,0123,0,76,884.11551209,
5361384,1,2,1,60,2,76,2,,,,,,,,,,,12,,,,,,,,,,,,,,,,,,,,,,,,,,,,,,,,,,,,,,,,,,,,,,,7,,1,2,,2,800000,1,4800000,3,,12,1,3,0,0,3,3,3,2,48,,.,48,,,3,7,,10,,2,,,,1,,,,,,,,,1,2,2,1,0,48,4,,2,,,,,,,,8,3,1,,1,28,2,1,2,,,,,,,,,,,,,,1,2,1,2,2,1,9,,55,93,1,01,4,9329,800000,76,884.11551209,
5361384,1,3,1,60,2,76,2,,,,,,,,,,,14,,,,,,,,,,,,,,,,,,,,,,,,,,,,,,,,,,,,,,,,,,,,,,,7,,2,,,2,200000,1,98,3,,12,1,1,0,0,1,3,6,2,35,2,,35,,,2,8,,5,,2,,,,1,,,,,,,,,1,2,2,1,4,18,1,,1,76,2,6,,,2,1,2,3,5,,2,,,,1,1,2,1,2,2,2,2,2,2,2,,2,1,2,2,1,2,2,1,3,,61,01,1,01,4,0145,200000,76,884.11551209,
5361384,1,4,1,60,2,76,2,,,,,,,,,,,12,,,,,,,,,,,,,,,,,,,,,,,,,,,,,,,,,,,,,,,,,,,,,,,,.,,,,,,,,,.,12,,,,,,,,,9,2,,9,,,2,7,,10,,2,,,,1,,,,,,,,,1,2,2,1,0,180,4,,1,76,4,6,,,2,8,2,3,1,,1,39,1,1,1,1,1,1,2,2,2,2,2,2,2,,1,1,2,2,2,2,2,1,10,DE ARRIENDO,62,93,1,01,6,9329,,76,884.11551209,
5361384,1,5,1,60,2,76,1,1,,,1,,,1,2,2,2,0,,7,LE OFRECIERON EL TRABAJO,2,20000,2,,,2,,2,,2,,2,,2,,,2,,,2,,,2,,,2,,,2,,,2,,2,,2,,2,,2,,2,,,.,,,,,,,,,.,3,,,,,,,,,9,2,,9,,,2,8,,10,,2,,,,1,,,,,,,,,1,2,2,1,4,3,4,,2,,,,,,,,2,3,10,,1,42,1,1,1,1,2,1,2,2,2,2,2,2,2,,1,1,1,1,1,2,2,1,5,,62,01,1,01,8,0123,20000,76,884.11551209,
5361384,1,6,1,60,2,76,2,,,,,,,,,,,0,,,,,,,,,,,,,,,,,,,,,,,,,,,,,,,,,,,,,,,,,,,,,,,,.,,,,,,,,,.,3,,,,,,,,,8,1,,8,,,3,1,,5,,2,,,,1,,,,,,,,,1,2,2,1,4,3,4,,2,,,,,,,,2,14,,,1,40,1,1,1,1,2,1,2,1,2,2,2,2,2,,1,1,2,2,1,2,2,1,3,,62,01,1,01,6,0123,,76,884.11551209,
5361385,1,1,1,60,2,76,1,1,,,1,,,2,2,2,2,1,,1,,2,600000,2,,,2,,2,,2,,2,,2,,,2,,,2,,,2,,,2,,,2,,,2,,2,,2,,2,,2,,2,,,.,,,,,,,,,.,12,,,,,,,,,40,,.,40,,,2,8,,2,,2,,,,1,,,,,,,,,1,2,2,1,0,24,1,,2,,,,,,,,3,11,20,,2,,,,1,1,2,1,2,2,2,2,2,2,2,,2,2,2,2,1,2,2,1,8,,62,01,1,01,8,0141,600000,76,1677.5186908,
5361388,1,1,1,60,2,76,1,1,,,1,,,1,2,2,2,2,,2,,2,1200000,2,,,2,,1,150000,2,,2,,2,,,2,,,2,,,2,,,2,,,2,,,2,,2,,2,,2,,2,,2,,,.,,,,,,,,,.,11,,,,,,,,,45,,.,45,,,4,8,,4,,2,,,,1,,,,,,,,,1,2,2,1,1,18,1,,2,,,,,,,,1,3,10,,2,,,,2,,,,,,,,,,,,,,1,1,1,2,1,1,8,,62,01,1,01,8,0123,1350000,76,3447.1983359,
5361389,1,1,1,60,2,76,2,,,,,,,,,,,36,,,,,,,,,,,,,,,,,,,,,,,,,,,,,,,,,,,,,,,,,,,,,,,7,,2,,,2,500000,1,7000000,3,,12,1,2,1,0,1,2,3,2,40,,.,35,7,POR DILIGENCIA PERSONAL,2,8,,7,,2,,,,1,,,,,,,,,1,2,2,1,0,3,4,,2,,,,,,,,13,3,10,,2,,,,2,,,,,,,,,,,,,,1,1,1,2,1,1,9,,61,01,1,01,5,0123,500000,76,2093.6344906,
5361389,1,2,1,60,2,76,2,,,,,,,,,,,6,,,,,,,,,,,,,,,,,,,,,,,,,,,,,,,,,,,,,,,,,,,,,,,,.,,,,,,,,,.,9,,,,,,,,,14,2,,14,,,2,1,,2,,2,,,,1,,,,,,,,,1,2,2,1,3,26,6,,2,,,,,,,,9,14,,,2,,,,2,,,,,,,,,,,,,,1,1,1,2,1,1,3,,53,01,1,01,6,0123,,76,2093.6344906,
5361389,1,4,1,60,2,76,1,1,,,1,,,1,2,2,2,7,,2,,2,600000,2,,,1,280000,1,,2,,2,,2,,,2,,,2,,,2,,,2,,,2,,,2,,2,,2,,2,,2,,2,,,.,,,,,,,,,.,10,,,,,,,,,40,,.,40,,,2,8,,2,,2,,,,1,,,,,,,,,1,2,2,1,3,26,8,,2,,,,,,,,2,3,7,,2,,,,2,,,,,,,,,,,,,,1,1,1,2,1,1,5,,62,01,1,01,8,0123,880000,76,2093.6344906,
5361391,1,1,1,60,2,76,1,1,,,1,,,2,2,2,2,96,,1,,2,480000,2,,,2,,1,150000,2,,2,,2,,,2,,,2,,,2,,,2,,,2,,,2,,2,,2,,2,,2,,2,,,.,,,,,,,,,.,12,,,,,,,,,45,,.,45,,,2,8,,2,,2,,,,1,,,,,,,,,1,2,2,1,0,12,8,,2,,,,,,,,3,3,10,,2,,,,1,1,2,1,2,2,2,2,2,2,2,,2,2,2,2,1,2,1,1,8,,62,01,1,01,8,0123,630000,76,2318.7142947,
5361393,1,1,1,60,2,76,2,,,,,,,,,,,48,,,,,,,,,,,,,,,,,,,,,,,,,,,,,,,,,,,,,,,,,,,,,,,4,,,,,2,700000,1,98,3,,12,2,,,,,3,1,2,70,,.,70,,,1,4,,1,,2,,,,1,,,,,,,,,1,2,2,2,,,,,2,,,,,,,,,3,10,,2,,,,2,,,,,,,,,,,,,,1,2,1,2,1,1,8,,98,49,1,01,4,4922,700000,76,3102.7709221,
5361394,1,1,1,60,2,76,2,,,,,,,,,,,420,,,,,,,,,,,,,,,,,,,,,,,,,,,,,,,,,,,,,,,,,,,,,,,7,,2,,,2,428000,1,98,3,,12,2,,,,,2,6,1,48,,.,48,,,1,8,,2,,2,,,,1,,,,,,,,,1,2,2,1,0,96,6,,2,,,,,,,,10,3,20,,2,,,,2,,,,,,,,,,,,,,1,1,1,1,1,1,5,,61,01,1,01,4,0123,428000,76,2761.5785271,
5361395,1,1,1,60,2,76,1,1,,,1,,,1,2,2,2,2,,7,LE OFRECIERON EL TRABAJO,2,,2,,,1,72000,2,,2,,2,,2,,,2,,,2,,,2,,,2,,,2,,,2,,2,,2,,2,,2,,2,,,.,,,,,,,,,.,12,,,,,,,,,30,2,,30,,,4,8,,2,,2,,,,1,,,,,,,,,1,2,2,1,0,7,4,,1,76,27,4,,,2,8,13,3,90,,2,,,,2,,,,,,,,,,,,,,1,1,1,2,2,2,5,,62,01,1,01,8,0123,72000,76,984.92472412,
5361395,1,2,1,60,2,76,2,,,,,,,,,,,156,,,,,,,,,,,,,,,,,,,,,,,,,,,,,,,,,,,,,,,,,,,,,,,,.,,,,,,,,,.,12,,,,,,,,,2,2,,3,,,2,8,,2,,2,,,,1,,,,,,,,,1,2,2,1,60,180,6,,2,,,,,,,,9,3,2,,2,,,,2,,,,,,,,,,,,,,1,1,1,2,1,1,3,,77,01,1,01,6,0123,,76,984.92472412,
5361397,1,1,1,60,2,76,1,1,,,1,,,1,2,2,2,0,,7,LE OFRECIERON EL TRABAJO,2,20000,2,,,2,,2,,2,,2,,2,,,2,,,2,,,2,,,2,,,2,,,2,,2,,2,,2,,2,,2,,,.,,,,,,,,,.,12,,,,,,,,,6,3,POR QUE SE FUE DE PASEO LA SEMANA PASADA Y EN ESE SITIO LE OFRECIERON COGER CAFE LO CUAL LO REALIZO POR SEIS HORAS,6,,,2,8,,2,,2,,,,1,,,,,,,,,1,2,2,1,0,24,4,,1,76,3,4,,0,1,8,13,3,60,,2,,,,2,,,,,,,,,,,,,,1,1,1,2,1,1,5,,62,01,1,01,8,0123,20000,76,3536.4620484,
5361398,1,2,1,60,2,76,2,,,,,,,,,,,240,,,,,,,,,,,,,,,,,,,,,,,,,,,,,,,,,,,,,,,,,,,,,,,7,,2,,,2,1000000,1,5000000,3,,12,2,,,,,1,11,2,40,,.,40,,,1,8,,1,,3,,,,,.,,,,,,,,,2,2,1,0,180,1,,2,,,,,,,,11,3,12,,2,,,,2,,,,,,,,,,,,,,1,2,1,1,1,1,10,DE LA PENSION,61,01,1,01,4,0123,1000000,76,2918.2375087,
5361398,1,3,1,60,2,76,1,1,,,1,,,1,2,2,2,9,,1,,2,900000,2,,,2,,2,,2,,2,,2,,,2,,,2,,,2,,,2,,,2,,,2,,2,,2,,2,,2,,2,,,.,,,,,,,,,.,9,,,,,,,,,40,,.,40,,,2,8,,2,,2,,,,1,,,,,,,,,1,2,2,1,0,6,4,,1,76,20,4,,,1,1,2,14,,,2,,,,2,,,,,,,,,,,,,,1,1,1,2,1,1,8,,62,01,1,01,8,0123,900000,76,2918.2375087,
5361402,1,1,1,60,2,76,1,1,,,1,,,2,2,2,2,1,,1,,2,240000,2,,,1,60000,2,,2,,2,,2,,,2,,,2,,,2,,,2,,,2,,,2,,2,,2,,2,,2,,2,,,.,,,,,,,,,.,7,,,,,,,,,12,1,,12,,,1,2,,2,,2,,,,1,,,,,,,,,1,2,2,1,0,0,4,,2,,,,,,,,3,3,20,,1,28,1,1,1,1,2,1,2,2,2,2,2,2,2,,1,1,1,2,1,2,1,1,8,,55,97,1,01,3,9700,300000,76,3246.5374689,
5361402,1,2,1,60,2,76,2,,,,,,,,,,,36,,,,,,,,,,,,,,,,,,,,,,,,,,,,,,,,,,,,,,,,,,,,,,,7,,2,,,2,300000,1,98,3,,12,2,,,,,3,1,1,32,1,,32,,,1,8,,2,,2,,,,1,,,,,,,,,1,2,2,1,0,12,8,,1,76,17,8,,320000,2,8,1,3,20,,1,16,1,1,1,1,2,1,2,2,2,2,2,2,2,,1,1,1,2,1,2,1,1,8,,61,01,1,01,4,0122,620000,76,3246.5374689,
5361402,1,4,1,60,2,76,1,1,,,1,,,2,2,2,2,4,,2,,2,480000,2,,,1,104000,2,,2,,2,,2,,,1,98,2,2,,,2,,,2,,,2,,,2,,2,,2,,2,,2,,2,,,.,,,,,,,,,.,11,,,,,,,,,24,1,,24,,,3,7,,2,,2,,,,1,,,,,,,,,1,2,2,1,0,1,4,,2,,,,,,,,8,1,90,,1,24,1,1,1,1,2,1,2,2,2,2,1,2,1,LE QUEDA MUY LEJOS DEL LUGAR DE TRABAJO A LA CASA,1,1,2,1,2,2,1,1,8,,53,56,1,01,1,5611,584000,76,3246.5374689,
5361403,1,1,1,60,2,76,1,1,,,1,,,1,2,2,2,36,,7,SE LO OFRECIERON,2,200000,2,,,2,,2,,2,,2,,2,,,2,,,2,,,2,,,2,,,2,,,2,,2,,2,,2,,2,,2,,,.,,,,,,,,,.,12,,,,,,,,,16,1,,16,,,2,8,,11,,2,,,,1,,,,,,,,,1,2,2,1,0,4,8,,2,,,,,,,,5,13,15,,1,32,2,1,2,,,,,,,,,,,,,,1,1,1,2,1,1,8,,62,01,1,01,8,0121,200000,76,7068.3382901,
5361403,1,2,1,60,2,76,2,,,,,,,,,,,8,,,,,,,,,,,,,,,,,,,,,,,,,,,,,,,,,,,,,,,,,,,,,,,6,,,,,3,0,1,0,3,,8,2,,,,,3,1,2,1,1,,1,,,1,1,,2,,2,,,,1,,,,,,,,,1,2,2,1,98,48,4,,2,,,,,,,,13,14,,,1,70,2,2,1,1,1,1,2,2,2,2,2,2,2,,2,1,1,2,2,2,1,1,3,,41,47,1,01,4,4759,0,76,7068.3382901,
5361404,1,1,1,60,2,76,1,1,,,1,,,1,2,2,2,0,,7,SE LO OFRECIERON,2,90000,2,,,1,48000,2,,2,,2,,2,,,2,,,2,,,2,,,2,,,2,,,2,,2,,2,,2,,2,,2,,,.,,,,,,,,,.,1,,,,,,,,,24,1,,24,,,1,2,,2,,2,,,,1,,,,,,,,,1,2,2,1,4,0,1,,2,,,,,,,,1,3,20,,1,32,2,1,2,,,,,,,,,,,,,,1,1,1,2,2,1,9,,54,97,1,01,3,9700,138000,76,3316.5772667,
5361404,1,2,1,60,2,76,2,,,,,,,,,,,0,,,,,,,,,,,,,,,,,,,,,,,,,,,,,,,,,,,,,,,,,,,,,,,6,,,,,3,0,1,0,1,,1,1,1,1,0,0,3,3,2,72,,.,72,,,2,2,,2,,2,,,,1,,,,,,,,,1,2,2,1,0,0,1,,2,,,,,,,,1,1,180,,2,,,,2,,,,,,,,,,,,,,1,1,1,2,2,2,8,,83,25,1,01,5,2511,0,76,3316.5772667,
5361405,1,1,1,60,2,76,2,,,,,,,,,,,0,,,,,,,,,,,,,,,,,,,,,,,,,,,,,,,,,,,,,,,,,,,,,,,6,,,,,3,0,1,0,1,,11,2,,,,,3,1,1,10,1,,10,,,1,2,,4,,2,,,,1,,,,,,,,,1,2,2,1,1,1,1,,2,,,,,,,,1,3,30,,1,45,2,1,1,1,1,1,2,1,2,2,2,2,2,,1,1,2,2,2,2,2,1,2,,62,81,1,01,4,8130,0,76,3316.5772667,
5361405,1,2,1,60,2,76,1,1,,,1,,,1,2,2,2,2,,4,,2,720000,2,,,1,408000,2,,2,,2,,2,,,2,,,2,,,2,,,2,,,2,,,2,,2,,2,,2,,2,,2,,,.,,,,,,,,,.,12,,,,,,,,,54,,.,54,,,2,2,,12,ACUDIRIA AL MUNICIPIO DONDE LA CUBRE LA EPSS,2,,,,1,,,,,,,,,1,2,2,1,0,5,1,,2,,,,,,,,3,11,15,,2,,,,1,1,1,1,2,2,2,2,2,2,2,,2,1,1,1,1,2,2,1,2,,53,56,1,01,1,5611,1128000,76,3316.5772667,
5361406,1,1,1,60,2,76,1,2,2,11,1,,,1,2,1,1,5,,2,,2,908526,2,,,2,,2,,2,,2,,2,,,1,100000,2,2,,,2,,,2,,,2,,,1,360000,2,,2,,2,,1,150000,2,,,.,,,,,,,,,.,10,,,,,,,,,50,,.,0,1,,4,8,,1,,2,,,,1,,,,,,,,,1,1,2,1,0,0,8,,2,,,,,,,,8,11,15,2,2,,,,2,,,,,,,,,,,,,,1,1,1,2,1,1,8,,62,01,1,01,8,0121,908526,76,8514.4901705,
5361407,1,1,1,60,2,76,1,1,,,1,,,2,2,2,2,0,,7,SE LO OFRECIERON,2,300000,2,,,2,,2,,2,,2,,2,,,2,,,2,,,2,,,2,,,2,,,2,,2,,2,,2,,2,,2,,,.,,,,,,,,,.,2,,,,,,,,,24,1,,24,,,3,8,,12,CON DINERO DE SU TRABAJO,2,,,,1,,,,,,,,,1,2,2,1,10,12,1,,2,,,,,,,,5,3,30,,1,24,1,1,2,,,,,,,,,,,,,,1,2,1,2,2,1,8,,62,01,1,01,8,0141,300000,76,3246.5374689,
5361408,1,1,1,60,2,76,1,2,2,11,1,,,1,1,2,1,5,,2,,2,908526,2,,,2,,2,,2,,2,,2,,,1,100000,2,2,,,2,,,2,,,2,,,1,98,2,,2,,2,,2,,2,,,.,,,,,,,,,.,11,,,,,,,,,50,,.,0,1,,4,8,,4,,2,,,,1,,,,,,,,,1,1,2,1,0,2,4,,2,,,,,,,,8,15,15,2,2,,,,2,,,,,,,,,,,,,,1,1,1,2,1,1,8,,62,01,1,01,8,0121,908526,76,6423.2175976,
5361408,1,2,1,60,2,76,2,,,,,,,,,,,0,,,,,,,,,,,,,,,,,,,,,,,,,,,,,,,,,,,,,,,,,,,,,,,6,,,,,2,6000,1,10000,1,,1,2,,,,,3,1,2,12,1,,0,7,SE FUE A CUIDAR A LOS PAPAS,1,1,,2,,2,,,,1,,,,,,,,,1,2,2,1,15,0,8,,2,,,,,,,,1,14,,,1,20,2,1,1,1,1,1,2,1,2,2,2,2,2,,2,1,1,2,2,2,2,1,3,,38,61,1,01,4,6190,6000,76,6423.2175976,
5361412,1,1,1,60,2,76,2,,,,,,,,,,,500,,,,,,,,,,,,,,,,,,,,,,,,,,,,,,,,,,,,,,,,,,,,,,,7,,2,,,2,400000,1,1500000,3,,12,1,1,0,1,0,1,9,2,54,,.,54,,,2,8,,2,,2,,,,1,,,,,,,,,1,2,2,1,0,120,6,,2,,,,,,,,9,3,10,,2,,,,1,1,2,1,1,2,2,2,1,2,1,UN TRABAJO MAS DESCANSADO,2,2,1,2,1,2,1,1,2,,54,01,1,01,4,0113,400000,76,5826.8701596,
5361412,1,2,1,60,2,76,2,,,,,,,,,,,420,,,,,,,,,,,,,,,,,,,,,,,,,,,,,,,,,,,,,,,,,,,,,,,7,,2,,,2,400000,1,1500000,3,,12,1,1,0,1,0,1,9,1,55,,.,55,,,2,8,,2,,2,,,,1,,,,,,,,,1,2,2,1,0,90,6,,2,,,,,,,,9,3,10,,2,,,,1,1,2,1,2,2,2,2,1,2,2,,2,1,1,2,2,2,1,1,2,,61,01,1,01,4,0113,400000,76,5826.8701596,
5361418,1,1,1,60,2,76,2,,,,,,,,,,,144,,,,,,,,,,,,,,,,,,,,,,,,,,,,,,,,,,,,,,,,,,,,,,,7,,2,,,2,,1,98,3,,12,2,,,,,3,1,1,72,,.,72,,,1,8,,2,,2,,,,1,,,,,,,,,1,2,2,1,0,6,8,,2,,,,,,,,10,3,3,,2,,,,2,,,,,,,,,,,,,,1,1,1,2,1,1,3,,61,01,1,01,4,0113,,76,3246.5374689,
5361419,1,1,1,60,2,76,1,1,,,1,,,2,2,2,2,0,,1,,2,70000,2,,,2,,2,,2,,2,,2,,,2,,,2,,,2,,,2,,,2,,,2,,2,,2,,2,,2,,2,,,.,,,,,,,,,.,3,,,,,,,,,18,1,,18,,,2,8,,2,,2,,,,1,,,,,,,,,1,2,2,1,0,0,8,,2,,,,,,,,1,3,30,,1,40,1,1,1,1,2,1,2,2,2,2,2,2,1,TRABAJO TEMPORAL TERMINADO,1,1,2,2,2,2,2,1,3,,62,01,1,01,8,0122,70000,76,3316.5772667,
5361420,1,1,1,60,2,76,1,1,,,1,,,2,2,2,2,0,,1,,2,70000,2,,,2,,2,,2,,2,,2,,,2,,,2,,,2,,,2,,,2,,,2,,2,,2,,2,,2,,2,,,.,,,,,,,,,.,9,,,,,,,,,18,1,,18,,,2,8,,2,,2,,,,1,,,,,,,,,1,2,2,1,0,0,8,,2,,,,,,,,1,3,60,,1,30,1,1,1,,2,2,2,2,2,2,2,2,1,TRABAJO TEMPORAL TERMINADO,1,1,2,2,2,2,2,2,3,,62,01,1,01,8,0121,70000,76,9405.0832892,
5361421,1,1,1,60,2,76,1,1,,,1,,,1,2,2,2,0,,7,SE LO OFRECIERON,2,475000,2,,,2,,2,,2,,2,,2,,,2,,,2,,,2,,,2,,,2,,,2,,2,,2,,2,,2,,2,,,.,,,,,,,,,.,1,,,,,,,,,40,,.,40,,,2,8,,11,,2,,,,1,,,,,,,,,1,2,2,1,4,0,8,,2,,,,,,,,1,13,5,,2,,,,2,,,,,,,,,,,,,,1,2,1,2,1,1,3,,62,01,1,01,8,0121,475000,76,3246.5374689,
5361421,1,2,1,60,2,76,1,1,,,1,,,1,2,2,2,1,,7,SE LO OFRECIERON,2,400000,2,,,2,,2,,2,,2,,2,,,2,,,2,,,2,,,2,,,2,,,2,,2,,2,,2,,2,,2,,,.,,,,,,,,,.,1,,,,,,,,,9,1,,9,,,1,2,,11,,2,,,,1,,,,,,,,,1,2,2,1,36,3,1,,2,,,,,,,,5,3,2,,1,31,1,1,1,1,1,1,2,1,2,2,2,2,2,,1,1,1,2,2,2,2,1,3,,55,97,1,01,3,9700,400000,76,3246.5374689,
5361422,1,1,1,60,2,76,1,1,,,1,,,2,2,2,2,0,,1,,2,30000,2,,,2,,2,,2,,2,,2,,,2,,,2,,,2,,,2,,,2,,,2,,2,,2,,2,,2,,2,,,.,,,,,,,,,.,2,,,,,,,,,2,1,,2,,,1,2,,11,,2,,,,1,,,,,,,,,1,2,2,1,10,6,3,,2,,,,,,,,1,3,5,,1,45,1,1,1,,2,2,2,2,2,2,2,2,1,TRABAJO TEMPORAL TERMINADO,1,1,2,2,2,2,2,1,3,,54,97,1,01,3,9700,30000,76,3420.692882,
5361423,1,2,1,60,2,17,1,1,,,1,,,2,2,2,2,1,,1,,2,700000,2,,,2,,1,300000,2,,2,,2,,,2,,,2,,,2,,,2,,,2,,,2,,2,,2,,2,,2,,2,,,.,,,,,,,,,.,12,,,,,,,,,50,,.,50,,,3,8,,11,,2,,,,1,,,,,,,,,1,2,2,1,0,24,8,,2,,,,,,,,9,3,15,,2,,,,1,1,2,1,2,1,2,2,2,2,2,,1,1,2,2,1,2,2,1,8,,62,01,1,01,8,0123,1000000,17,1792.8171301,
5361423,1,4,1,60,2,17,2,,,,,,,,,,,60,,,,,,,,,,,,,,,,,,,,,,,,,,,,,,,,,,,,,,,,,,,,,,,7,,2,,,2,,1,99,3,,12,1,17,15,2,0,2,3,2,60,,.,60,,,5,8,,1,,1,2,2,15,1,1,,,,,,,,,2,2,1,0,60,1,,2,,,,,,,,10,11,15,,2,,,,2,,,,,,,,,,,,,,1,1,1,2,1,2,2,,61,01,1,01,5,0113,,17,1792.8171301,
5361424,1,1,1,60,2,17,1,1,,,1,,,1,2,2,2,96,,1,,2,880000,2,,,1,200000,2,,2,,2,,2,,,2,,,2,,,2,,,2,,,2,,,2,,2,,2,,2,,2,,2,,,.,,,,,,,,,.,12,,,,,,,,,55,,.,55,,,4,8,,2,,2,,,,1,,,,,,,,,1,2,2,1,0,6,1,,2,,,,,,,,3,11,10,,2,,,,2,,,,,,,,,,,,,,1,1,1,2,1,1,8,,62,01,1,01,8,0123,1080000,17,1257.3655198,
5361424,1,2,1,60,2,17,1,1,,,1,,,1,2,2,2,4,,1,,2,700000,2,,,2,,2,,2,,2,,2,,,2,,,2,,,2,,,2,,,2,,,2,,2,,2,,2,,2,,2,,,.,,,,,,,,,.,4,,,,,,,,,30,2,,30,,,2,8,,2,,2,,,,1,,,,,,,,,1,2,2,2,,,,,2,,,,,,,,,3,12,,2,,,,2,,,,,,,,,,,,,,1,1,1,2,1,1,8,,62,01,1,01,8,0123,700000,17,1257.3655198,
5361424,1,3,1,60,2,17,1,1,,,1,,,1,2,2,2,1,,1,,2,700000,2,,,2,,2,,2,,2,,2,,,2,,,2,,,2,,,2,,,2,,,2,,2,,2,,2,,2,,2,,,.,,,,,,,,,.,1,,,,,,,,,30,2,,30,,,2,8,,3,,2,,,,1,,,,,,,,,1,2,2,1,15,2,4,,2,,,,,,,,2,3,10,,2,,,,2,,,,,,,,,,,,,,1,1,1,2,1,1,8,,62,01,1,01,8,0123,700000,17,1257.3655198,
5361425,1,1,1,60,2,17,2,,,,,,,,,,,12,,,,,,,,,,,,,,,,,,,,,,,,,,,,,,,,,,,,,,,,,,,,,,,6,,,,,2,1000000,1,12000000,3,,12,2,,,,,2,1,1,50,,.,50,,,1,8,,10,,2,,,,1,,,,,,,,,1,2,2,1,0,6,1,,2,,,,,,,,1,11,45,,2,,,,2,,,,,,,,,,,,,,2,1,1,2,2,2,8,,61,01,1,01,4,0123,1000000,17,1606.5040361,
5361426,1,1,1,60,2,17,1,1,,,1,,,1,2,2,2,18,,1,,2,600000,2,,,2,,2,,2,,2,,2,,,2,,,2,,,2,,,2,,,2,,,2,,2,,2,,2,,2,,2,,,.,,,,,,,,,.,12,,,,,,,,,55,,.,55,,,4,8,,2,,2,,,,1,,,,,,,,,1,2,2,1,0,8,8,,2,,,,,,,,7,3,60,,2,,,,2,,,,,,,,,,,,,,1,1,1,2,1,1,3,,62,01,1,01,8,0123,600000,17,1396.440048,
5361428,1,1,1,60,2,17,2,,,,,,,,,,,240,,,,,,,,,,,,,,,,,,,,,,,,,,,,,,,,,,,,,,,,,,,,,,,6,,,,,2,500000,1,7000000,3,,12,2,,,,,2,1,1,45,,.,45,,,1,8,,11,,2,,,,1,,,,,,,,,1,2,2,1,0,12,8,,2,,,,,,,,3,3,12,,2,,,,2,,,,,,,,,,,,,,1,2,1,2,1,1,9,,61,01,1,01,4,0161,500000,17,1614.4094845,
5361500,1,1,1,60,2,8,2,,,,,,,,,,,36,,,,,,,,,,,,,,,,,,,,,,,,,,,,,,,,,,,,,,,,,,,,,,,6,,,,,2,480000,1,4800000,3,,12,2,,,,,2,1,2,52,,.,52,,,2,10,,2,,2,,,,1,,,,,,,,,1,2,2,1,3,108,4,,2,,,,,,,,3,3,15,,2,,,,1,1,2,1,2,2,2,2,2,2,2,,2,1,1,2,2,2,2,1,3,,71,08,1,01,4,0811,480000,08,2777.0122418,
5361502,1,1,1,60,2,8,2,,,,,,,,,,,36,,,,,,,,,,,,,,,,,,,,,,,,,,,,,,,,,,,,,,,,,,,,,,,6,,,,,2,600000,1,6000000,3,,10,2,,,,,3,10,2,36,3,SOLO TRABAJA 4 DIAS EN LA SEMANA,36,,,1,6,,2,,2,,,,1,,,,,,,,,1,2,2,1,0,360,4,,2,,,,,,,,3,3,10,,2,,,,2,,,,,,,,,,,,,,1,1,1,2,1,1,8,,45,47,1,01,4,4781,600000,08,2069.2583998,
5361502,1,4,1,60,2,8,1,2,1,,1,,,1,1,2,1,14,,2,,2,1100000,2,,,2,,2,,2,,2,,2,,,1,102854,2,1,27500,2,2,,,2,,,2,,,1,925000,2,,2,,2,,2,,2,,,.,,,,,,,,,.,12,,,,,,,,,63,,.,63,,,7,7,,1,,1,1,1,10,1,1,,,,,,,,,1,1,1,1,72,1,,2,,,,,,,,1,11,60,,2,,,,2,,,,,,,,,,,,,,1,1,1,2,1,1,3,,58,68,1,01,1,6820,1100000,08,2069.2583998,
5361504,1,1,1,60,2,8,2,,,,,,,,,,,11,,,,,,,,,,,,,,,,,,,,,,,,,,,,,,,,,,,,,,,,,,,,,,,6,,,,,2,720000,1,9460000,3,,12,2,,,,,2,1,1,54,,.,54,,,2,6,,2,,2,,,,1,,,,,,,,,1,2,2,1,0,52,1,,2,,,,,,,,13,3,20,,2,,,,1,1,2,1,2,1,2,1,1,1,2,,2,1,2,2,2,2,2,2,3,,97,52,1,01,4,5224,720000,08,2469.9326287,
5361504,1,3,1,60,2,8,2,,,,,,,,,,,56,,,,,,,,,,,,,,,,,,,,,,,,,,,,,,,,,,,,,,,,,,,,,,,6,,,,,2,50000,1,680000,3,,12,2,,,,,3,10,2,14,1,,14,,,1,1,,2,,2,,,,1,,,,,,,,,1,2,2,2,,,,,2,,,,,,,,,14,,,1,30,2,1,1,1,2,1,2,2,2,2,2,2,2,,2,1,1,2,2,2,2,2,3,,77,56,1,01,4,5619,50000,08,2469.9326287,
5361505,1,1,1,60,2,8,2,,,,,,,,,,,2,,,,,,,,,,,,,,,,,,,,,,,,,,,,,,,,,,,,,,,,,,,,,,,6,,,,,2,60000,1,120000,3,,2,2,,,,,3,1,2,20,1,,20,,,1,1,,1,,3,,,,,.,,,,,,,,,2,2,1,12,6,1,,2,,,,,,,,1,14,,,2,,,,1,1,1,1,2,2,2,2,2,2,2,,2,1,2,2,1,2,2,1,10,PENSION,41,47,1,01,4,4724,60000,08,2512.7311676,
5361505,1,2,1,60,2,8,2,,,,,,,,,,,12,,,,,,,,,,,,,,,,,,,,,,,,,,,,,,,,,,,,,,,,,,,,,,,6,,,,,2,600000,1,7200000,1,,7,2,,,,,3,1,1,40,,.,40,,,1,6,,2,,2,,,,1,,,,,,,,,1,2,2,1,0,24,1,,1,8,20,4,,0,1,8,13,11,10,,2,,,,1,1,2,1,2,2,2,2,2,2,2,,2,1,2,2,1,2,2,1,3,,84,45,1,01,4,4520,600000,08,2512.7311676,
5361506,1,1,1,60,2,8,2,,,,,,,,,,,12,,,,,,,,,,,,,,,,,,,,,,,,,,,,,,,,,,,,,,,,,,,,,,,6,,,,,2,100000,1,1400000,3,,11,2,,,,,3,4,2,30,2,,30,,,1,1,,2,,2,,,,1,,,,,,,,,1,2,2,1,99,12,3,,2,,,,,,,,9,14,,,2,,,,2,,,,,,,,,,,,,,1,1,1,2,1,1,8,,41,47,1,01,4,4729,100000,08,3003.8229248,
5361507,1,1,1,60,2,8,2,,,,,,,,,,,3,,,,,,,,,,,,,,,,,,,,,,,,,,,,,,,,,,,,,,,,,,,,,,,7,,1,1,2020,1,2000000,1,16000000,3,,10,1,10,9,1,0,3,6,2,48,,.,48,,,4,7,,3,,2,,,,1,,,,,,,,,1,2,2,1,0,3,1,,1,8,30,4,,800000,1,8,10,8,5,,2,,,,2,,,,,,,,,,,,,,1,1,1,2,1,1,3,,21,08,1,01,5,0811,2800000,08,2780.5348305,
5361508,1,1,1,60,2,8,2,,,,,,,,,,,420,,,,,,,,,,,,,,,,,,,,,,,,,,,,,,,,,,,,,,,,,,,,,,,6,,,,,2,900000,1,10800000,3,,12,2,,,,,3,5,2,60,,.,60,,,1,8,,2,,2,,,,1,,,,,,1,,,,2,2,2,,,,,1,8,0,4,,0,2,2,,11,15,,2,,,,2,,,,,,,,,,,,,,1,1,1,2,1,1,3,,64,03,1,01,4,0311,900000,08,3044.8159047,
5361508,1,2,1,60,2,8,2,,,,,,,,,,,10,,,,,,,,,,,,,,,,,,,,,,,,,,,,,,,,,,,,,,,,,,,,,,,6,,,,,2,600000,1,7200000,3,,7,2,,,,,2,1,1,40,,.,40,,,2,2,,2,,2,,,,1,,,,,,,,,1,2,2,1,0,3,1,,2,,,,,,,,1,11,60,,2,,,,2,,,,,,,,,,,,,,1,1,1,2,1,1,3,,95,41,1,01,4,4111,600000,08,3044.8159047,
5361509,1,1,1,60,2,8,2,,,,,,,,,,,492,,,,,,,,,,,,,,,,,,,,,,,,,,,,,,,,,,,,,,,,,,,,,,,6,,,,,2,400000,1,3000000,2,,12,2,,,,,3,9,2,48,,.,48,,,1,8,,11,,2,,,,1,,,,,,,,,1,2,2,2,,,,,2,,,,,,,,,11,10,,2,,,,2,,,,,,,,,,,,,,1,1,1,2,1,1,8,,61,01,1,01,4,0113,400000,08,1809.0709422,
5361509,1,3,1,60,2,8,2,,,,,,,,,,,6,,,,,,,,,,,,,,,,,,,,,,,,,,,,,,,,,,,,,,,,,,,,,,,6,,,,,2,500000,1,5500000,3,,10,2,,,,,3,1,2,40,,.,0,1,,1,4,,2,,2,,,,1,,,,,,,,,1,2,2,1,0,2,1,,2,,,,,,,,1,14,,2,2,,,,1,1,2,1,2,2,2,2,2,2,2,,1,1,1,1,1,2,2,1,3,,98,49,1,01,4,4921,500000,08,1809.0709422,
5361510,1,2,1,60,2,8,1,2,2,4,1,,,2,2,2,2,24,,1,,2,900000,2,,,2,,2,,2,,2,,2,,,2,,,2,,,2,,,2,,,2,,,2,,2,,2,,2,,2,,2,,,.,,,,,,,,,.,12,,,,,,,,,48,,.,48,,,5,4,,1,,1,2,1,1,1,1,,,,,,,,,1,2,1,6,72,1,,2,,,,,,,,1,3,20,,2,,,,1,1,2,1,2,2,2,2,2,2,2,,2,1,1,2,1,2,1,1,3,,98,08,1,01,1,0811,900000,08,3590.5280133,
5361511,1,1,1,60,2,8,2,,,,,,,,,,,12,,,,,,,,,,,,,,,,,,,,,,,,,,,,,,,,,,,,,,,,,,,,,,,6,,,,,2,600000,1,4800000,3,,12,2,,,,,3,1,1,52,,.,52,,,1,4,,2,,2,,,,1,,,,,,,,,1,2,2,1,1,3,1,,2,,,,,,,,1,14,,,2,,,,1,1,2,1,2,1,2,2,2,2,2,,2,1,1,2,1,2,1,1,3,,98,49,1,01,4,4921,600000,08,3655.7063071,
5361512,1,2,1,60,2,8,2,,,,,,,,,,,0,,,,,,,,,,,,,,,,,,,,,,,,,,,,,,,,,,,,,,,,,,,,,,,6,,,,,2,50000,1,50000,2,,1,2,,,,,3,1,2,20,1,,20,,,1,8,,2,,2,,,,1,,,,,,,,,1,2,2,1,36,60,3,,2,,,,,,,,3,14,,,2,,,,2,,,,,,,,,,,,,,1,1,1,2,1,1,3,,61,01,1,01,4,0161,50000,08,1843.3012607,
5361512,1,3,1,60,2,8,2,,,,,,,,,,,203,,,,,,,,,,,,,,,,,,,,,,,,,,,,,,,,,,,,,,,,,,,,,,,6,,,,,2,175000,1,2100000,3,,12,2,,,,,3,1,2,40,,.,40,,,1,8,,2,,2,,,,1,,,,,,,,,1,2,2,2,,,,,1,8,20,4,,200000,1,8,,10,30,,2,,,,2,,,,,,,,,,,,,,1,1,1,2,1,1,3,,61,01,1,01,4,0113,375000,08,1843.3012607,
5361514,1,2,1,60,2,8,2,,,,,,,,,,,24,,,,,,,,,,,,,,,,,,,,,,,,,,,,,,,,,,,,,,,,,,,,,,,6,,,,,2,400000,1,4800000,3,,12,2,,,,,2,1,2,40,,.,40,,,2,8,,2,,2,,,,1,,,,,,,,,1,2,2,1,0,120,4,,2,,,,,,,,3,15,30,,2,,,,2,,,,,,,,,,,,,,2,2,2,2,2,2,3,,62,01,1,01,4,0161,400000,08,1652.5415196,
5361515,1,1,1,60,2,8,2,,,,,,,,,,,386,,,,,,,,,,,,,,,,,,,,,,,,,,,,,,,,,,,,,,,,,,,,,,,6,,,,,2,450000,1,5400000,3,,12,1,1,0,0,1,2,1,2,46,,.,46,,,2,8,,2,,2,,,,1,,,,,,,,,1,2,2,2,,,,,2,,,,,,,,,3,35,,2,,,,2,,,,,,,,,,,,,,1,2,1,2,1,1,3,,61,01,1,01,4,0113,450000,08,3197.8227386,
5361515,1,2,1,60,2,8,2,,,,,,,,,,,36,,,,,,,,,,,,,,,,,,,,,,,,,,,,,,,,,,,,,,,,,,,,,,,,.,,,,,,,,,.,11,,,,,,,,,34,2,,34,,,2,8,,2,,2,,,,1,,,,,,,,,1,2,2,2,,,,,2,,,,,,,,,15,30,,2,,,,1,1,2,1,2,2,2,2,2,2,2,,2,1,2,2,1,2,1,2,3,,62,01,1,01,6,0113,,08,3197.8227386,
5361515,1,4,1,60,2,8,1,1,,,1,,,1,2,2,2,1,,1,,2,850000,2,,,2,,2,,2,,2,,2,,,2,,,2,,,2,,,2,,,2,,,2,,2,,2,,2,,2,,2,,,.,,,,,,,,,.,10,,,,,,,,,60,,.,60,,,5,7,,2,,2,,,,1,,,,,,,,,1,2,2,1,2,8,4,,2,,,,,,,,8,12,35,,2,,,,2,,,,,,,,,,,,,,1,1,1,2,1,1,3,,45,47,1,01,1,4752,850000,08,3197.8227386,
5361517,1,2,1,60,2,8,2,,,,,,,,,,,12,,,,,,,,,,,,,,,,,,,,,,,,,,,,,,,,,,,,,,,,,,,,,,,6,,,,,2,60000,1,720000,3,,10,2,,,,,3,10,2,20,2,,20,,,1,2,,2,,2,,,,1,,,,,,,,,1,2,2,2,,,,,2,,,,,,,,,15,8,,2,,,,2,,,,,,,,,,,,,,1,1,1,2,1,1,3,,45,47,1,01,4,4781,60000,08,1371.5322197,
5361519,1,2,1,60,2,8,2,,,,,,,,,,,660,,,,,,,,,,,,,,,,,,,,,,,,,,,,,,,,,,,,,,,,,,,,,,,6,,,,,3,150000,1,3600000,3,,12,2,,,,,3,5,2,40,,.,40,,,1,8,,2,,2,,,,1,,,,,,,,,1,2,2,2,,,,,2,,,,,,,,,10,90,,2,,,,2,,,,,,,,,,,,,,1,1,1,2,1,1,3,,61,01,1,01,4,0113,150000,08,2106.8139701,
5361519,1,3,1,60,2,8,2,,,,,,,,,,,12,,,,,,,,,,,,,,,,,,,,,,,,,,,,,,,,,,,,,,,,,,,,,,,6,,,,,2,1200000,1,14400000,3,,12,2,,,,,3,4,2,48,,.,48,,,1,6,,2,,2,,,,1,,,,,,,,,1,2,2,1,0,120,1,,2,,,,,,,,3,1,60,,2,,,,2,,,,,,,,,,,,,,1,1,1,2,1,1,3,,45,47,1,01,4,4781,1200000,08,2106.8139701,
5361520,1,2,1,60,2,8,2,,,,,,,,,,,1,,,,,,,,,,,,,,,,,,,,,,,,,,,,,,,,,,,,,,,,,,,,,,,6,,,,,2,90000,1,90000,3,,1,2,,,,,3,6,2,30,2,,30,,,1,1,,2,,2,,,,1,,,,,,,,,1,2,2,1,8,84,4,,2,,,,,,,,13,14,,,2,,,,2,,,,,,,,,,,,,,1,1,1,2,2,1,3,,41,47,1,01,4,4729,90000,08,2754.6324869,
5361521,1,1,1,60,2,8,2,,,,,,,,,,,24,,,,,,,,,,,,,,,,,,,,,,,,,,,,,,,,,,,,,,,,,,,,,,,7,,2,,,2,500000,1,6000000,3,,12,1,2,0,0,2,3,4,2,70,,.,70,,,2,1,,2,,2,,,,1,,,,,,1,,,,2,2,1,6,28,1,,2,,,,,,,,9,14,,,2,,,,2,,,,,,,,,,,,,,1,1,1,2,1,1,3,,41,47,1,01,4,4711,500000,08,2892.5486845,
5361521,1,2,1,60,2,8,2,,,,,,,,,,,240,,,,,,,,,,,,,,,,,,,,,,,,,,,,,,,,,,,,,,,,,,,,,,,6,,,,,3,100000,1,1500000,3,,12,2,,,,,3,1,2,40,,.,40,,,1,8,,2,,2,,,,1,,,,,,1,,,,2,2,2,,,,,1,8,20,6,,,2,1,,11,30,,2,,,,2,,,,,,,,,,,,,,2,2,1,2,2,1,3,,61,01,1,01,4,0113,100000,08,2892.5486845,
5361521,1,3,1,60,2,8,2,,,,,,,,,,,12,,,,,,,,,,,,,,,,,,,,,,,,,,,,,,,,,,,,,,,,,,,,,,,,.,,,,,,,,,.,12,,,,,,,,,20,2,,20,,,2,1,,2,,,,,,1,,,,,,,,,1,2,2,2,,,,,2,,,,,,,,,14,,,2,,,,2,,,,,,,,,,,,,,1,1,1,2,1,1,3,,45,47,1,01,6,4711,,08,2892.5486845,
5361547,1,1,1,60,2,8,2,,,,,,,,,,,360,,,,,,,,,,,,,,,,,,,,,,,,,,,,,,,,,,,,,,,,,,,,,,,6,,,,,2,700000,1,9000000,3,,12,1,1,0,0,1,3,6,2,70,,.,70,,,2,1,,2,,2,,,,1,,,,,,,,,1,2,2,1,2,120,4,,2,,,,,,,,10,14,,,2,,,,2,,,,,,,,,,,,,,1,1,1,2,1,1,8,,41,47,1,01,4,4711,700000,08,2759.4657172,
5361547,1,2,1,60,2,8,2,,,,,,,,,,,420,,,,,,,,,,,,,,,,,,,,,,,,,,,,,,,,,,,,,,,,,,,,,,,6,,,,,2,500000,1,4000000,3,,7,2,,,,,3,10,2,40,,.,40,,,1,8,,2,,2,,,,1,,,,,,,,,1,2,2,2,,,,,2,,,,,,,,,3,30,,2,,,,2,,,,,,,,,,,,,,1,1,1,2,1,1,3,,61,01,1,01,4,0161,500000,08,2759.4657172,
5361547,1,3,1,60,2,8,2,,,,,,,,,,,120,,,,,,,,,,,,,,,,,,,,,,,,,,,,,,,,,,,,,,,,,,,,,,,6,,,,,2,,1,98,3,,7,2,,,,,2,1,2,48,,.,48,,,1,8,,2,,2,,,,1,,,,,,,,,1,2,2,1,0,60,4,,2,,,,,,,,8,1,120,,2,,,,2,,,,,,,,,,,,,,1,1,1,2,1,1,3,,41,46,1,01,4,4631,,08,2759.4657172,
5361547,1,4,1,60,2,8,2,,,,,,,,,,,24,,,,,,,,,,,,,,,,,,,,,,,,,,,,,,,,,,,,,,,,,,,,,,,,.,,,,,,,,,.,11,,,,,,,,,30,2,,35,,,2,1,,2,,2,,,,1,,,,,,,,,1,2,2,2,,,,,2,,,,,,,,,14,,,2,,,,2,,,,,,,,,,,,,,1,1,1,2,1,1,3,,45,47,1,01,6,4711,,08,2759.4657172,
5361549,1,1,1,60,2,8,2,,,,,,,,,,,480,,,,,,,,,,,,,,,,,,,,,,,,,,,,,,,,,,,,,,,,,,,,,,,6,,,,,2,150000,1,800000,3,,12,2,,,,,2,1,2,50,,.,50,,,1,8,,2,,2,,,,1,,,,,,,,,1,2,2,2,,,,,2,,,,,,,,,10,45,,2,,,,2,,,,,,,,,,,,,,1,2,1,2,1,1,3,,61,01,1,01,4,0113,150000,08,2167.1590336,
5361550,1,1,1,60,2,8,2,,,,,,,,,,,360,,,,,,,,,,,,,,,,,,,,,,,,,,,,,,,,,,,,,,,,,,,,,,,6,,,,,2,150000,1,1800000,3,,12,1,1,0,0,1,3,5,2,30,2,,30,,,2,1,,2,,2,,,,1,,,,,,,,,1,2,2,1,0,360,4,,2,,,,,,,,3,14,,,2,,,,2,,,,,,,,,,,,,,1,1,1,2,1,1,3,,53,56,1,01,4,5619,150000,08,1962.0777761,
5361550,1,3,1,60,2,8,2,,,,,,,,,,,480,,,,,,,,,,,,,,,,,,,,,,,,,,,,,,,,,,,,,,,,,,,,,,,6,,,,,2,150000,1,1600000,3,,12,2,,,,,3,9,2,40,,.,40,,,1,8,,2,,2,,,,1,,,,,,,,,1,2,2,2,,,,,2,,,,,,,,,10,90,,2,,,,2,,,,,,,,,,,,,,1,1,1,2,1,1,3,,61,01,1,01,4,0113,150000,08,1962.0777761,
5361550,1,4,1,60,2,8,2,,,,,,,,,,,120,,,,,,,,,,,,,,,,,,,,,,,,,,,,,,,,,,,,,,,,,,,,,,,,.,,,,,,,,,.,12,,,,,,,,,20,2,,20,,,2,6,,2,,2,,,,1,,,,,,,,,1,2,2,2,,,,,2,,,,,,,,,3,5,,2,,,,2,,,,,,,,,,,,,,1,1,1,2,1,1,3,,45,47,1,01,6,4781,,08,1962.0777761,
5361551,1,1,1,60,2,8,2,,,,,,,,,,,72,,,,,,,,,,,,,,,,,,,,,,,,,,,,,,,,,,,,,,,,,,,,,,,6,,,,,2,800000,1,6000000,3,,8,2,,,,,2,1,1,40,,.,40,,,1,8,,2,,2,,,,1,,,,,,,,,1,2,2,1,2,24,1,,2,,,,,,,,13,11,30,,2,,,,2,,,,,,,,,,,,,,1,1,1,2,1,1,8,,41,46,1,01,4,4631,800000,08,2853.2727344,
5361552,1,2,1,60,2,8,2,,,,,,,,,,,540,,,,,,,,,,,,,,,,,,,,,,,,,,,,,,,,,,,,,,,,,,,,,,,6,,,,,2,450000,1,3700000,3,,12,2,,,,,2,1,2,40,,.,40,,,1,8,,2,,2,,,,1,,,,,,,,,1,2,2,2,,,,,2,,,,,,,,,13,15,,2,,,,2,,,,,,,,,,,,,,1,2,1,2,1,1,3,,61,01,1,01,4,0161,450000,08,1656.0641082,
5361553,1,1,1,60,2,8,2,,,,,,,,,,,38,,,,,,,,,,,,,,,,,,,,,,,,,,,,,,,,,,,,,,,,,,,,,,,6,,,,,2,150000,1,1750000,3,,11,2,,,,,3,5,2,30,2,,30,,,1,5,,11,,2,,,,1,,,,,,,,,1,2,2,1,1,48,1,,2,,,,,,,,1,3,25,,2,,,,1,1,2,1,2,2,2,2,2,2,2,,2,2,2,2,2,2,2,1,3,,41,45,1,01,4,4530,150000,08,2188.8884591,
5361553,1,2,1,60,2,8,1,2,1,,1,,,1,1,1,1,358,,1,,2,907000,2,,,2,,2,,2,,2,,2,,,1,122000,2,2,,,2,,,2,,,2,,,1,1057000,1,578000,2,,2,,2,,2,,,.,,,,,,,,,.,12,,,,,,,,,40,,.,40,,,9,7,,1,,1,2,1,29,1,1,,,,,,,,,1,1,2,,,,,2,,,,,,,,,12,20,,2,,,,2,,,,,,,,,,,,,,1,1,1,1,1,1,3,,32,84,1,01,2,8412,907000,08,2188.8884591,
5361553,1,3,1,60,2,8,2,,,,,,,,,,,11,,,,,,,,,,,,,,,,,,,,,,,,,,,,,,,,,,,,,,,,,,,,,,,4,,,,,2,400000,1,5600000,3,,11,2,,,,,3,1,1,45,,.,45,,,2,4,,2,,2,,,,1,,,,,,,,,1,2,2,1,1,36,1,,2,,,,,,,,13,3,10,,2,,,,1,1,1,1,2,1,2,2,2,2,2,,2,1,2,2,2,2,2,1,3,,98,49,1,01,4,4923,400000,08,2188.8884591,
5361553,1,4,1,60,2,8,2,,,,,,,,,,,11,,,,,,,,,,,,,,,,,,,,,,,,,,,,,,,,,,,,,,,,,,,,,,,6,,,,,2,180000,1,1680000,3,,10,2,,,,,2,1,2,21,1,,21,,,2,6,,2,,2,,,,1,,,,,,,,,1,2,2,2,,,,,2,,,,,,,,,3,25,,1,30,2,1,1,1,1,1,2,2,2,2,2,2,2,,1,1,2,2,2,2,1,2,3,,97,52,1,01,4,5224,180000,08,2188.8884591,
5361554,1,1,1,60,2,8,2,,,,,,,,,,,70,,,,,,,,,,,,,,,,,,,,,,,,,,,,,,,,,,,,,,,,,,,,,,,6,,,,,2,360000,1,3600000,3,,10,2,,,,,3,1,2,24,2,,24,,,1,1,,2,,2,,,,1,,,,,,,,,1,2,2,2,,,,,2,,,,,,,,,14,,,2,,,,2,,,,,,,,,,,,,,1,1,1,2,1,1,3,,53,56,1,01,4,5619,360000,08,2624.0054079,
5361556,1,2,1,60,2,8,2,,,,,,,,,,,24,,,,,,,,,,,,,,,,,,,,,,,,,,,,,,,,,,,,,,,,,,,,,,,6,,,,,2,120000,1,1200000,3,,12,2,,,,,2,1,2,30,1,,30,,,2,8,,2,,2,,,,1,,,,,,,,,1,2,2,2,,,,,2,,,,,,,,,3,15,,1,12,2,1,1,1,2,1,2,1,2,2,2,2,2,,2,1,1,2,1,2,2,2,3,,61,01,1,01,4,0121,120000,08,3971.1289595,
5361557,1,1,1,60,2,8,2,,,,,,,,,,,48,,,,,,,,,,,,,,,,,,,,,,,,,,,,,,,,,,,,,,,,,,,,,,,6,,,,,2,400000,1,5200000,2,,12,2,,,,,2,4,2,60,,.,60,,,1,8,,2,,2,,,,1,,,,,,1,,,,2,2,1,0,36,4,,1,8,10,6,,,2,1,2,14,,,2,,,,2,,,,,,,,,,,,,,1,1,1,2,1,1,3,,61,01,1,01,4,0113,400000,08,2639.0960441,
5361557,1,2,1,60,2,8,2,,,,,,,,,,,4,,,,,,,,,,,,,,,,,,,,,,,,,,,,,,,,,,,,,,,,,,,,,,,7,,2,,,2,1600000,1,14400000,3,,12,1,2,0,0,2,3,1,1,60,,.,60,,,2,1,,2,,2,,,,1,,,,,,1,,,,2,2,1,0,48,4,,2,,,,,,,,2,14,,,2,,,,2,,,,,,,,,,,,,,1,1,1,2,1,1,3,,41,47,1,01,4,4711,1600000,08,2639.0960441,
5361557,1,3,1,60,2,8,2,,,,,,,,,,,4,,,,,,,,,,,,,,,,,,,,,,,,,,,,,,,,,,,,,,,,,,,,,,,,.,,,,,,,,,.,4,,,,,,,,,6,2,,6,,,2,1,,2,,2,,,,1,,,,,,,,,1,2,2,2,,,,,2,,,,,,,,,14,,,2,,,,2,,,,,,,,,,,,,,1,1,1,2,1,1,3,,45,47,1,01,6,4711,,08,2639.0960441,
5361557,1,4,1,60,2,8,2,,,,,,,,,,,4,,,,,,,,,,,,,,,,,,,,,,,,,,,,,,,,,,,,,,,,,,,,,,,,.,,,,,,,,,.,4,,,,,,,,,10,2,,10,,,2,8,,2,,,,,,1,,,,,,,,,1,2,2,2,,,,,2,,,,,,,,,14,,,2,,,,2,,,,,,,,,,,,,,1,1,1,2,1,1,3,,45,47,1,01,6,4711,,08,2639.0960441,
5361558,1,1,1,60,2,8,2,,,,,,,,,,,540,,,,,,,,,,,,,,,,,,,,,,,,,,,,,,,,,,,,,,,,,,,,,,,6,,,,,2,200000,1,3000000,2,,12,2,,,,,3,9,2,48,,.,48,,,1,8,,2,,2,,,,1,,,,,,,,,1,2,2,1,0,84,6,,2,,,,,,,,8,15,30,,2,,,,2,,,,,,,,,,,,,,1,1,1,2,1,1,3,,61,01,1,01,4,0113,200000,08,1846.5413333,
5361558,1,3,1,60,2,8,2,,,,,,,,,,,17,,,,,,,,,,,,,,,,,,,,,,,,,,,,,,,,,,,,,,,,,,,,,,,6,,,,,2,120000,1,1320000,3,,10,2,,,,,2,1,2,32,1,,26,6,,1,8,,2,,2,,,,1,,,,,,,,,1,2,2,1,1,18,8,,2,,,,,,,,5,3,35,2,1,24,1,1,1,1,1,1,2,1,2,2,2,2,2,,1,1,1,2,2,2,2,2,3,,61,01,1,01,4,0161,120000,08,1846.5413333,
5361558,1,4,1,60,2,8,1,1,,,1,,,1,2,2,2,12,,1,,2,240000,2,,,1,84000,2,,2,,2,,2,,,2,,,2,,,2,,,2,,,2,,,2,,2,,2,,2,,2,,2,,,.,,,,,,,,,.,12,,,,,,,,,42,,.,42,,,2,8,,5,,2,,,,1,,,,,,,,,1,2,2,1,0,12,8,,2,,,,,,,,1,3,6,,2,,,,1,1,2,1,2,2,2,2,2,2,2,,2,1,2,1,1,2,2,1,8,,62,01,1,01,8,0121,324000,08,1846.5413333,
5361559,1,1,1,60,2,8,2,,,,,,,,,,,198,,,,,,,,,,,,,,,,,,,,,,,,,,,,,,,,,,,,,,,,,,,,,,,6,,,,,2,600000,1,7200000,3,,12,2,,,,,2,1,2,54,,.,54,,,1,8,,2,,2,,,,1,,,,,,,,,1,2,2,2,,,,,2,,,,,,,,,3,75,,2,,,,1,1,2,1,2,2,2,2,2,2,2,,2,1,1,2,1,2,1,1,3,,61,01,1,01,4,0113,600000,08,3947.9657753,
5361560,1,1,1,60,2,8,2,,,,,,,,,,,780,,,,,,,,,,,,,,,,,,,,,,,,,,,,,,,,,,,,,,,,,,,,,,,6,,,,,2,100000,1,1200000,2,,12,2,,,,,3,9,2,30,2,,20,6,,1,8,,2,,2,,,,1,,,,,,,,,1,2,2,2,,,,,2,,,,,,,,,3,10,1,2,,,,2,,,,,,,,,,,,,,1,1,1,2,1,1,3,,61,01,1,01,4,0113,100000,08,1656.0641082,
5361561,1,1,1,60,2,8,2,,,,,,,,,,,180,,,,,,,,,,,,,,,,,,,,,,,,,,,,,,,,,,,,,,,,,,,,,,,6,,,,,2,30000,1,400000,3,,12,2,,,,,3,7,2,24,1,,24,,,1,1,,2,,2,,,,1,,,,,,,,,1,2,2,1,0,120,4,,2,,,,,,,,2,14,,,2,,,,2,,,,,,,,,,,,,,1,2,1,2,1,1,3,,77,56,1,01,4,5619,30000,08,2226.6413663,
5361561,1,2,1,60,2,8,2,,,,,,,,,,,240,,,,,,,,,,,,,,,,,,,,,,,,,,,,,,,,,,,,,,,,,,,,,,,7,,2,,,2,800000,1,7600000,3,,12,2,,,,,2,1,1,40,,.,40,,,1,8,,2,,2,,,,1,,,,,,,,,1,2,2,2,,,,,2,,,,,,,,,1,90,,2,,,,2,,,,,,,,,,,,,,1,2,1,2,1,1,3,,61,01,1,01,4,0161,800000,08,2226.6413663,
5361562,1,1,1,60,2,8,1,1,,,1,,,1,2,2,2,18,,1,,2,650000,2,,,2,,1,200000,2,,2,,2,,,2,,,2,,,2,,,2,,,2,,,2,,2,,2,,2,,2,,2,,,.,,,,,,,,,.,12,,,,,,,,,48,,.,48,,,2,8,,2,,2,,,,1,,,,,,,,,1,2,2,1,0,24,1,,2,,,,,,,,1,14,,,2,,,,2,,,,,,,,,,,,,,1,1,1,2,1,1,3,,60,01,1,01,1,0121,850000,08,1942.1539095,
5361562,1,2,1,60,2,8,1,1,,,1,,,1,2,2,2,5,,1,,2,160000,2,,,1,80000,2,,2,,2,,2,,,1,40000,2,2,,,2,,,2,,,2,,,2,,2,,2,,2,,2,,2,,,.,,,,,,,,,.,5,,,,,,,,,40,,.,40,,,3,7,,2,,2,,,,1,,,,,,1,,,,2,2,2,,,,,2,,,,,,,,,11,15,,2,,,,1,1,2,1,2,2,2,2,2,2,2,,1,1,1,2,1,2,2,1,3,,45,10,1,01,1,1081,240000,08,1942.1539095,
5361563,1,3,1,60,2,8,2,,,,,,,,,,,240,,,,,,,,,,,,,,,,,,,,,,,,,,,,,,,,,,,,,,,,,,,,,,,6,,,,,2,200000,1,2000000,3,,12,2,,,,,3,10,2,40,,.,16,6,,1,8,,2,,2,,,,1,,,,,,,,,1,2,2,2,,,,,2,,,,,,,,,3,10,2,2,,,,2,,,,,,,,,,,,,,1,1,1,2,2,1,3,,61,01,1,01,4,0161,200000,08,1809.0709422,
5361565,1,2,1,60,2,8,2,,,,,,,,,,,36,,,,,,,,,,,,,,,,,,,,,,,,,,,,,,,,,,,,,,,,,,,,,,,6,,,,,2,600000,1,7200000,3,,12,2,,,,,3,1,1,54,,.,54,,,1,4,,4,,2,,,,1,,,,,,,,,1,2,2,1,0,24,4,,2,,,,,,,,8,14,,,2,,,,1,1,2,1,2,2,2,2,2,2,2,,2,1,1,2,1,2,2,1,3,,98,49,1,01,4,4921,600000,08,3629.8039635,
5361566,1,1,1,60,2,8,1,1,,,1,,,1,2,2,2,12,,1,,2,750000,2,,,2,,1,200000,2,,2,,2,,,2,,,2,,,2,,,2,,,2,,,1,750000,2,,2,,2,,2,,2,,,.,,,,,,,,,.,12,,,,,,,,,63,,.,63,,,2,8,,2,,2,,,,1,,,,,,,,,1,2,2,1,1,1,8,,2,,,,,,,,3,10,35,,2,,,,2,,,,,,,,,,,,,,1,2,1,2,1,1,3,,60,01,1,01,1,0141,950000,08,2853.2727344,
5361567,1,1,1,60,2,8,1,1,,,1,,,1,2,2,2,1,,1,,2,900000,2,,,2,,1,100000,2,,2,,2,,,2,,,2,,,2,,,2,,,2,,,2,,2,,2,,2,,2,,2,,,.,,,,,,,,,.,12,,,,,,,,,48,,.,48,,,3,8,,2,,2,,,,1,,,,,,,,,1,2,2,1,0,24,4,,2,,,,,,,,3,14,,,2,,,,2,,,,,,,,,,,,,,1,1,1,2,1,1,3,,60,03,1,01,1,0321,1000000,08,2325.4940151,
5361568,1,1,1,60,2,8,1,1,,,1,,,1,1,2,1,19,,1,,2,940000,2,,,2,,1,300000,2,,2,,1,40000,2,2,,,2,,,2,,,2,,,2,,,1,940000,2,,2,,2,,2,,2,,,.,,,,,,,,,.,12,,,,,,,,,70,,.,70,,,3,8,,2,,2,,,,1,,,,,,,,,1,2,2,1,5,9,1,,2,,,,,,,,3,14,,,2,,,,2,,,,,,,,,,,,,,1,1,1,2,1,1,8,,60,01,1,01,1,0141,1240000,08,1656.0641082,
5361568,1,2,1,60,2,8,1,1,,,1,,,1,2,2,2,19,,1,,2,160000,2,,,2,,1,130000,2,,2,,1,40000,2,2,,,2,,,2,,,2,,,2,,,2,,2,,2,,2,,2,,2,,,.,,,,,,,,,.,12,,,,,,,,,14,2,,14,,,3,2,,2,,2,,,,1,,,,,,,,,1,2,2,1,72,9,3,,2,,,,,,,,9,3,20,,2,,,,2,,,,,,,,,,,,,,1,1,1,2,1,1,3,,54,97,1,01,3,9700,290000,08,1656.0641082,
5361569,1,1,1,60,2,8,1,1,,,1,,,1,2,2,2,6,,1,,2,400000,2,,,1,250000,1,200000,2,,2,,2,,,2,,,2,,,2,,,2,,,2,,,2,,2,,2,,2,,2,,2,,,.,,,,,,,,,.,12,,,,,,,,,50,,.,50,,,3,8,,2,,2,,,,1,,,,,,,,,1,2,2,1,0,180,4,,2,,,,,,,,3,14,,,2,,,,2,,,,,,,,,,,,,,1,2,1,2,2,1,3,,60,01,1,01,1,0141,850000,08,2512.7311676,
5361570,1,1,1,60,2,8,1,1,,,1,,,1,2,2,2,5,,1,,2,780000,2,,,1,50000,1,100000,2,,2,,2,,,2,,,2,,,2,,,2,,,2,,,2,,2,,2,,2,,2,,2,,,.,,,,,,,,,.,12,,,,,,,,,48,,.,48,,,3,8,,2,,2,,,,1,,,,,,1,,,,2,2,1,0,8,8,,2,,,,,,,,3,14,,,2,,,,2,,,,,,,,,,,,,,2,1,1,2,1,1,3,,58,01,1,01,1,0141,930000,08,3227.6066916,
5361571,1,1,1,60,2,8,1,1,,,1,,,1,2,2,1,18,,1,,2,800000,2,,,2,,1,200000,2,,2,,2,,,2,,,2,,,2,,,2,,,2,,,1,750000,2,,2,,2,,2,,2,,,.,,,,,,,,,.,12,,,,,,,,,60,,.,60,,,2,8,,2,,2,,,,1,,,,,,,,,1,2,2,1,1,36,8,,2,,,,,,,,5,10,40,,2,,,,2,,,,,,,,,,,,,,1,2,1,2,1,1,5,,60,01,1,01,1,0141,1000000,08,3819.0557261,
5361574,1,1,1,60,2,13,2,,,,,,,,,,,732,,,,,,,,,,,,,,,,,,,,,,,,,,,,,,,,,,,,,,,,,,,,,,,7,,2,,,3,500000,1,4560000,3,,12,2,,,,,3,9,2,42,,.,42,,,1,8,,2,,2,,,,1,,,,,,,,,1,2,2,2,,,,,2,,,,,,,,,3,45,,2,,,,2,,,,,,,,,,,,,,1,1,1,2,1,1,3,,61,01,1,01,4,0113,500000,13,1284.0623925,
5361574,1,3,1,60,2,13,2,,,,,,,,,,,252,,,,,,,,,,,,,,,,,,,,,,,,,,,,,,,,,,,,,,,,,,,,,,,6,,,,,3,600000,1,3600000,3,,11,2,,,,,3,1,2,40,,.,40,,,1,2,,2,,2,,,,1,,,,,,,,,1,2,2,2,,,,,2,,,,,,,,,13,15,,2,,,,2,,,,,,,,,,,,,,1,1,1,2,1,1,3,,55,81,1,01,4,8121,600000,13,1284.0623925,
5361574,1,4,1,60,2,13,2,,,,,,,,,,,192,,,,,,,,,,,,,,,,,,,,,,,,,,,,,,,,,,,,,,,,,,,,,,,6,,,,,3,300000,1,2400000,1,,12,2,,,,,3,9,2,44,,.,44,,,1,8,,2,,2,,,,1,,,,,,,,,1,2,2,2,,,,,2,,,,,,,,,3,50,,2,,,,2,,,,,,,,,,,,,,1,2,1,2,1,1,3,,61,01,1,01,4,0161,300000,13,1284.0623925,
5361574,1,5,1,60,2,13,2,,,,,,,,,,,6,,,,,,,,,,,,,,,,,,,,,,,,,,,,,,,,,,,,,,,,,,,,,,,6,,,,,3,70000,1,660000,1,,10,2,,,,,3,1,2,20,1,,20,,,1,2,,2,,2,,,,1,,,,,,,,,1,2,2,2,,,,,2,,,,,,,,,3,5,,2,,,,1,1,2,1,2,2,2,2,2,2,2,,1,1,1,1,2,2,2,1,3,,55,81,1,01,4,8121,70000,13,1284.0623925,
5361575,1,1,1,60,2,47,2,,,,,,,,,,,480,,,,,,,,,,,,,,,,,,,,,,,,,,,,,,,,,,,,,,,,,,,,,,,6,,,,,3,300000,1,1200000,3,,12,2,,,,,3,1,2,48,,.,48,,,1,6,,2,,2,,,,1,,,,,,,,,1,2,2,1,0,72,4,,2,,,,,,,,10,13,15,,2,,,,2,,,,,,,,,,,,,,1,2,1,2,1,1,3,,45,47,1,01,4,4781,300000,13,1222.7077551,
5361575,1,2,1,60,2,47,2,,,,,,,,,,,300,,,,,,,,,,,,,,,,,,,,,,,,,,,,,,,,,,,,,,,,,,,,,,,6,,,,,3,500000,1,4000000,3,,12,2,,,,,3,1,1,48,,.,48,,,1,6,,2,,2,,,,1,,,,,,,,,1,2,2,2,,,,,2,,,,,,,,,11,5,,2,,,,1,1,2,1,2,2,2,2,1,1,2,,2,1,1,2,1,2,1,1,3,,45,47,1,01,4,4781,500000,13,1222.7077551,
5361576,1,2,1,60,2,13,2,,,,,,,,,,,180,,,,,,,,,,,,,,,,,,,,,,,,,,,,,,,,,,,,,,,,,,,,,,,6,,,,,3,32000,1,300000,3,,12,2,,,,,3,1,2,4,2,,4,,,1,1,,2,,2,,,,1,,,,,,,,,1,2,2,1,0,240,4,,2,,,,,,,,3,14,,,2,,,,2,,,,,,,,,,,,,,1,2,1,2,1,1,3,,77,56,1,01,4,5619,32000,13,1272.2417798,
5361576,1,3,1,60,2,13,2,,,,,,,,,,,12,,,,,,,,,,,,,,,,,,,,,,,,,,,,,,,,,,,,,,,,,,,,,,,6,,,,,3,200000,1,2400000,3,,11,2,,,,,3,1,1,20,2,,0,5,,1,7,,10,,2,,,,1,,,,,,,,,1,2,2,1,2,4,1,,2,,,,,,,,2,3,5,2,2,,,,1,1,2,1,2,2,2,2,2,2,2,,1,1,1,2,1,2,1,1,3,,39,82,1,01,4,8219,200000,13,1272.2417798,
5361579,1,1,1,60,2,13,2,,,,,,,,,,,600,,,,,,,,,,,,,,,,,,,,,,,,,,,,,,,,,,,,,,,,,,,,,,,7,,2,,,2,60000,1,1400000,3,,12,2,,,,,3,9,2,16,2,,16,,,1,8,,5,,2,,,,1,,,,,,,,,1,2,2,2,,,,,1,13,7,4,,60000,1,8,,3,2,,2,,,,2,,,,,,,,,,,,,,1,2,1,2,2,1,3,,61,01,1,01,4,0122,120000,13,1276.9903631,
5361581,1,1,1,60,2,13,2,,,,,,,,,,,396,,,,,,,,,,,,,,,,,,,,,,,,,,,,,,,,,,,,,,,,,,,,,,,6,,,,,2,640000,1,7200000,3,,12,2,,,,,3,1,2,20,2,,20,,,1,1,,2,,2,,,,1,,,,,,,,,1,2,2,2,,,,,2,,,,,,,,,14,,,2,,,,2,,,,,,,,,,,,,,1,1,1,2,1,1,3,,77,56,1,01,4,5619,640000,13,1075.2435286,
5361582,1,1,1,60,2,13,2,,,,,,,,,,,60,,,,,,,,,,,,,,,,,,,,,,,,,,,,,,,,,,,,,,,,,,,,,,,6,,,,,3,0,1,600000,3,,10,2,,,,,3,10,1,16,2,,0,6,,1,1,,2,,2,,,,1,,,,,,,,,1,2,2,1,0,24,4,,1,13,0,4,,0,1,1,2,14,,1,2,,,,1,1,2,1,2,2,2,2,2,2,2,,2,1,2,2,1,2,1,1,3,,59,96,1,01,4,9609,0,13,1590.3094494,
5361584,1,2,1,60,2,13,2,,,,,,,,,,,180,,,,,,,,,,,,,,,,,,,,,,,,,,,,,,,,,,,,,,,,,,,,,,,6,,,,,3,0,1,800000,1,,10,2,,,,,3,1,2,30,1,,0,6,,1,1,,2,,2,,,,1,,,,,,,,,1,2,2,1,0,108,4,,1,13,15,4,,60000,1,1,2,14,,2,2,,,,2,,,,,,,,,,,,,,1,2,2,2,2,1,3,,85,95,1,01,4,9522,60000,13,993.40877433,
5361584,1,3,1,60,2,13,2,,,,,,,,,,,20,,,,,,,,,,,,,,,,,,,,,,,,,,,,,,,,,,,,,,,,,,,,,,,6,,,,,3,0,1,900000,3,,7,2,,,,,3,1,2,50,,.,0,6,,1,4,,2,,2,,,,1,,,,,,,,,1,2,2,1,0,120,4,,2,,,,,,,,9,11,10,1,2,,,,1,1,2,1,2,2,2,2,2,1,2,,2,1,1,2,2,2,2,1,3,,98,49,1,01,4,4921,0,13,993.40877433,
5361585,1,1,1,60,2,13,1,2,1,,1,,,1,1,1,1,180,,5,,2,1440000,2,,,2,,2,,2,,2,,2,,,1,102854,2,2,,,2,,,1,1440000,2,2,,,1,720000,1,1440000,1,720000,2,,2,,2,,,.,,,,,,,,,.,12,,,,,,,,,48,,.,48,,,9,7,,1,,1,2,1,20,1,1,,,,,,,,,1,2,1,0,24,4,,1,13,0,4,,0,2,1,8,11,5,,2,,,,2,,,,,,,,,,,,,,1,1,1,2,1,1,3,,39,84,1,01,2,8412,1440000,13,1694.9055392,
5361585,1,4,1,60,2,13,2,,,,,,,,,,,1,,,,,,,,,,,,,,,,,,,,,,,,,,,,,,,,,,,,,,,,,,,,,,,,.,,,,,,,,,.,1,,,,,,,,,12,2,,12,,,2,1,,10,,2,,,,1,,,,,,,,,1,2,2,1,36,18,1,,2,,,,,,,,1,14,,,2,,,,1,1,1,1,2,2,2,2,2,2,2,,1,1,1,2,1,2,1,1,3,,45,47,1,01,6,4773,,13,1694.9055392,
5361586,1,1,1,60,2,13,2,,,,,,,,,,,60,,,,,,,,,,,,,,,,,,,,,,,,,,,,,,,,,,,,,,,,,,,,,,,6,,,,,3,150000,1,1440000,1,,4,2,,,,,3,1,2,28,1,,0,6,,1,2,,2,,2,,,,1,,,,,,,,,1,2,2,2,,,,,2,,,,,,,,,3,5,1,1,20,1,1,1,1,1,1,2,1,2,2,2,2,2,,1,1,1,2,2,2,2,1,3,,57,96,1,01,4,9602,150000,13,1679.0660757,
5361588,1,1,1,60,2,13,2,,,,,,,,,,,625,,,,,,,,,,,,,,,,,,,,,,,,,,,,,,,,,,,,,,,,,,,,,,,7,,2,,,3,450000,1,8000000,3,,12,1,1,0,1,0,2,5,2,50,,.,50,,,2,8,,2,,2,,,,1,,,1,1,,,,,,2,2,1,0,48,4,,2,,,,,,,,2,14,,,2,,,,1,1,2,1,2,2,2,2,1,2,2,,2,1,1,2,1,2,2,1,2,,61,01,1,01,4,0111,450000,13,1276.9903631,
5361589,1,1,1,60,2,13,1,1,,,1,,,1,2,2,2,2,,1,,2,806000,2,,,2,,1,100000,2,,2,,2,,,2,,,2,,,2,,,2,,,2,,,2,,2,,2,,2,,2,,2,,,.,,,,,,,,,.,12,,,,,,,,,60,,.,60,,,2,1,,2,,2,,,,1,,,,,,,,,1,2,2,1,0,12,1,,2,,,,,,,,3,14,,,2,,,,2,,,,,,,,,,,,,,1,1,1,2,2,1,3,,62,01,1,01,8,0141,906000,13,1398.0427393,
5361590,1,1,1,60,2,13,2,,,,,,,,,,,120,,,,,,,,,,,,,,,,,,,,,,,,,,,,,,,,,,,,,,,,,,,,,,,6,,,,,3,250000,1,2000000,3,,12,2,,,,,3,1,1,40,,.,0,6,,1,4,,2,,2,,,,1,,,,,,,,,1,2,2,1,0,120,4,,2,,,,,,,,2,3,5,1,2,,,,2,,,,,,,,,,,,,,1,2,1,2,1,1,3,,98,49,1,01,4,4921,250000,13,1201.9766338,
5361590,1,3,1,60,2,13,2,,,,,,,,,,,60,,,,,,,,,,,,,,,,,,,,,,,,,,,,,,,,,,,,,,,,,,,,,,,6,,,,,3,60000,1,720000,1,,8,2,,,,,2,10,2,4,2,,0,6,,1,2,,2,,2,,,,1,,,,,,,,,1,2,2,2,,,,,2,,,,,,,,,3,5,2,2,,,,2,,,,,,,,,,,,,,1,2,1,2,1,1,3,,55,81,1,01,4,8121,60000,13,1201.9766338,
5361592,1,1,1,60,2,13,2,,,,,,,,,,,204,,,,,,,,,,,,,,,,,,,,,,,,,,,,,,,,,,,,,,,,,,,,,,,7,,2,,,2,0,1,2000000,3,,12,2,,,,,3,9,2,45,,.,45,,,1,8,,2,,2,,,,1,,,,,,,,,1,2,2,2,,,,,1,13,36,4,,100000,1,1,,13,18,,2,,,,1,1,2,1,2,2,2,2,2,2,2,,1,1,1,2,2,2,2,1,3,,61,01,1,01,4,0113,100000,13,1775.3754975,
5361593,1,1,1,60,2,13,2,,,,,,,,,,,576,,,,,,,,,,,,,,,,,,,,,,,,,,,,,,,,,,,,,,,,,,,,,,,6,,,,,2,360000,1,3200000,3,,10,2,,,,,3,1,2,40,,.,40,,,1,6,,2,,2,,,,1,,,,,,,,,1,2,2,2,,,,,2,,,,,,,,,3,10,,2,,,,2,,,,,,,,,,,,,,1,1,1,2,1,1,3,,45,47,1,01,4,4781,360000,13,1407.8904384,
5361594,1,1,1,60,2,13,2,,,,,,,,,,,120,,,,,,,,,,,,,,,,,,,,,,,,,,,,,,,,,,,,,,,,,,,,,,,6,,,,,3,200000,1,2500000,3,,9,1,1,0,0,1,3,1,2,40,,.,0,6,,2,1,,2,,2,,,,1,,,,,,1,,,,2,2,1,0,60,4,,2,,,,,,,,10,14,,1,2,,,,2,,,,,,,,,,,,,,1,2,1,2,1,1,3,,41,47,1,01,4,4723,200000,13,1314.4287753,
5361595,1,1,1,60,2,13,2,,,,,,,,,,,240,,,,,,,,,,,,,,,,,,,,,,,,,,,,,,,,,,,,,,,,,,,,,,,6,,,,,2,300000,1,3200000,3,,12,2,,,,,3,10,2,42,,.,42,,,1,1,,2,,2,,,,1,,,,,,,,,1,2,2,1,0,360,4,,2,,,,,,,,3,14,,,2,,,,2,,,,,,,,,,,,,,1,1,1,2,1,1,3,,77,10,1,01,4,1040,300000,13,1276.9903631,
5361596,1,1,1,60,2,13,1,1,,,1,,,1,2,2,2,16,,1,,2,750000,2,,,1,90000,1,100000,2,,2,,2,,,2,,,2,,,2,,,2,,,2,,,2,,2,,2,,2,,2,,2,,,.,,,,,,,,,.,12,,,,,,,,,56,,.,56,,,3,1,,2,,2,,,,1,,,,,,,,,1,2,2,1,0,9,1,,2,,,,,,,,3,14,,,2,,,,2,,,,,,,,,,,,,,1,1,1,2,1,1,3,,60,01,1,01,8,0141,940000,13,1379.8072432,
5361597,1,1,1,60,2,13,1,1,,,1,,,1,2,1,1,43,,1,,2,600000,2,,,1,200000,1,70000,2,,2,,2,,,2,,,2,,,2,,,2,,,2,,,2,,1,350000,2,,2,,2,,2,,,.,,,,,,,,,.,12,,,,,,,,,60,,.,60,,,2,8,,2,,2,,,,1,,,1,,,,,,,2,2,1,0,28,8,,2,,,,,,,,8,14,,,2,,,,2,,,,,,,,,,,,,,1,1,1,2,2,1,2,,60,01,1,01,8,0141,870000,13,1895.9206033,
5361600,1,1,1,60,2,13,2,,,,,,,,,,,180,,,,,,,,,,,,,,,,,,,,,,,,,,,,,,,,,,,,,,,,,,,,,,,6,,,,,3,200000,1,3000000,3,,7,1,1,0,0,1,2,10,1,42,,.,20,6,,2,9,,2,,2,,,,1,,,,,,,,,1,2,2,1,0,120,4,,1,13,0,4,,0,1,6,2,3,10,1,1,20,2,1,2,,,,,,,,,,,,,,1,2,1,2,2,1,3,,95,42,1,01,4,4210,200000,13,1334.5986182,
5361600,1,2,1,60,2,13,2,,,,,,,,,,,24,,,,,,,,,,,,,,,,,,,,,,,,,,,,,,,,,,,,,,,,,,,,,,,6,,,,,3,60000,1,500000,3,,10,2,,,,,3,1,1,16,2,,0,6,,1,1,,2,,2,,,,1,,,,,,,,,1,2,2,1,0,180,4,,1,13,0,4,,0,1,1,10,14,,1,2,,,,2,,,,,,,,,,,,,,1,2,1,2,2,1,3,,77,10,1,01,4,1082,60000,13,1334.5986182,
5361600,1,6,1,60,2,13,2,,,,,,,,,,,4,,,,,,,,,,,,,,,,,,,,,,,,,,,,,,,,,,,,,,,,,,,,,,,,.,,,,,,,,,.,8,,,,,,,,,20,2,,20,,,2,9,,2,,2,,,,1,,,,,,,,,1,2,2,1,4,15,1,,2,,,,,,,,13,3,10,,2,,,,2,,,,,,,,,,,,,,2,2,1,2,1,1,3,,95,42,1,01,6,4210,,13,1334.5986182,
5361601,1,1,1,60,2,13,1,1,,,1,,,1,2,2,2,5,,1,,2,600000,2,,,1,90000,1,150000,2,,2,,2,,,2,,,2,,,2,,,2,,,2,,,2,,2,,2,,2,,2,,2,,,.,,,,,,,,,.,10,,,,,,,,,60,,.,60,,,2,1,,2,,2,,,,1,,,,,,,,,1,2,2,1,2,8,1,,2,,,,,,,,1,14,,,2,,,,2,,,,,,,,,,,,,,1,1,1,2,1,1,3,,62,01,1,01,8,0141,840000,13,1919.4224146,
5361602,1,1,1,60,2,13,1,1,,,1,,,2,2,2,2,1,,1,,2,600000,2,,,1,120000,1,200000,2,,2,,2,,,2,,,2,,,2,,,2,,,2,,,2,,2,,2,,2,,2,,2,,,.,,,,,,,,,.,8,,,,,,,,,56,,.,56,,,2,1,,2,,2,,,,1,,,,,,,,,1,2,2,1,0,24,4,,2,,,,,,,,3,14,,,2,,,,1,1,2,1,2,1,2,2,2,2,2,,1,1,2,2,2,2,2,1,2,,58,01,1,01,8,0141,920000,13,1276.9903631,
5361603,1,1,1,60,2,13,2,,,,,,,,,,,245,,,,,,,,,,,,,,,,,,,,,,,,,,,,,,,,,,,,,,,,,,,,,,,7,,2,,,3,800000,1,15000000,3,,12,1,1,0,0,1,2,3,1,60,,.,60,,,2,8,,2,,2,,,,1,,,1,1,,,,,,2,2,1,0,24,8,,2,,,,,,,,10,14,,,2,,,,2,,,,,,,,,,,,,,1,1,1,2,1,1,2,,61,01,1,01,4,0150,800000,13,2372.4977951,
5361603,1,3,1,60,2,13,2,,,,,,,,,,,13,,,,,,,,,,,,,,,,,,,,,,,,,,,,,,,,,,,,,,,,,,,,,,,,.,,,,,,,,,.,12,,,,,,,,,45,,.,45,,,2,8,,2,,2,,,,1,,,,,,,,,1,2,2,1,1,18,8,,2,,,,,,,,3,14,,,1,20,1,1,1,1,1,1,2,1,2,2,1,2,2,,2,1,1,2,2,2,2,1,3,,62,01,1,01,6,0150,,13,2372.4977951,
5361604,1,1,1,60,2,13,1,1,,,1,,,1,2,1,1,89,,1,,2,600000,2,,,1,250000,1,70000,2,,2,,2,,,2,,,2,,,2,,,2,,,2,,,2,,1,420000,2,,2,,2,,2,,,.,,,,,,,,,.,12,,,,,,,,,60,,.,60,,,2,8,,2,,2,,,,1,,,1,,,,,,,2,2,1,0,48,8,,2,,,,,,,,8,14,,,2,,,,2,,,,,,,,,,,,,,1,1,1,2,2,1,9,,58,01,1,01,8,0141,920000,13,1450.0806615,
5361604,1,6,1,60,2,13,1,1,,,1,,,2,2,2,1,9,,1,,2,400000,2,,,1,250000,1,30000,2,,2,,2,,,2,,,2,,,2,,,2,,,2,,,2,,2,,2,,2,,2,,2,,,.,,,,,,,,,.,12,,,,,,,,,60,,.,60,,,2,8,,2,,2,,,,1,,,1,,,,,,,2,2,1,0,8,8,,2,,,,,,,,3,14,,,2,,,,1,1,1,1,2,2,2,2,1,2,2,,2,1,1,1,2,2,2,1,2,,62,01,1,01,8,0141,680000,13,1450.0806615,
5361605,1,1,1,60,2,13,1,1,,,1,,,2,2,1,1,3,,1,,2,650000,2,,,1,100000,1,70000,2,,2,,2,,,2,,,2,,,2,,,2,,,2,,,2,,2,,2,,2,,2,,2,,,.,,,,,,,,,.,12,,,,,,,,,60,,.,60,,,2,8,,2,,2,,,,1,,,,,,,,,1,2,2,1,0,72,8,,2,,,,,,,,8,14,,,2,,,,1,1,2,1,2,2,2,2,1,2,2,,2,1,1,2,1,2,2,1,8,,62,01,1,01,8,0141,820000,13,1866.9028138,
5361605,1,6,1,60,2,13,1,1,,,1,,,2,2,2,2,1,,1,,2,320000,2,,,1,200000,1,30000,2,,2,,2,,,2,,,2,,,2,,,2,,,2,,,2,,2,,2,,2,,2,,2,,,.,,,,,,,,,.,8,,,,,,,,,42,,.,42,,,2,8,,2,,2,,,,1,,,,,,,,,1,2,2,1,2,7,8,,2,,,,,,,,3,14,,,2,,,,1,1,2,1,2,1,2,2,1,2,2,,2,1,1,2,2,2,2,1,5,,62,01,1,01,8,0141,550000,13,1866.9028138,
5361606,1,1,1,60,2,13,2,,,,,,,,,,,300,,,,,,,,,,,,,,,,,,,,,,,,,,,,,,,,,,,,,,,,,,,,,,,6,,,,,2,750000,1,8000000,3,,9,2,,,,,3,9,2,54,,.,54,,,1,8,,2,,2,,,,1,,,,,,,,,1,2,2,2,,,,,2,,,,,,,,,9,40,,2,,,,2,,,,,,,,,,,,,,1,1,1,2,1,1,3,,64,03,1,01,4,0312,750000,13,1721.2095247,
5361606,1,2,1,60,2,13,2,,,,,,,,,,,120,,,,,,,,,,,,,,,,,,,,,,,,,,,,,,,,,,,,,,,,,,,,,,,6,,,,,2,480000,1,4000000,3,,9,2,,,,,3,1,2,12,2,,12,,,1,6,,2,,2,,,,1,,,,,,,,,1,2,2,2,,,,,1,13,8,4,,40000,1,1,,12,10,,2,,,,1,1,2,1,2,2,2,2,2,2,2,,2,1,2,2,1,2,2,1,3,,45,47,1,01,4,4781,520000,13,1721.2095247,
5361607,1,1,1,60,2,13,1,2,2,12,2,4,EMPRESA DE VIGILANCIA PRIVADA,1,1,2,1,72,,2,,2,1000000,2,,,2,,2,,2,,2,,2,,,1,102854,2,2,,,2,,,2,,,2,,,1,500000,2,,1,500000,2,,2,,2,,,.,,,,,,,,,.,12,,,,,,,,,48,,.,48,,,7,7,,1,,1,2,1,6,1,1,,,,,,,,,1,1,1,0,120,4,,2,,,,,,,,3,11,20,,2,,,,2,,,,,,,,,,,,,,1,1,1,2,1,1,1,,58,52,1,01,1,5223,1000000,13,1566.807638,8010
5361608,1,1,1,60,2,13,2,,,,,,,,,,,168,,,,,,,,,,,,,,,,,,,,,,,,,,,,,,,,,,,,,,,,,,,,,,,6,,,,,3,600000,1,7000000,3,,12,1,1,0,1,0,2,1,1,60,,.,60,,,2,8,,2,,2,,,,1,,,,,,,,,1,2,2,1,0,24,8,,2,,,,,,,,3,9,90,,2,,,,1,1,2,1,2,2,2,2,1,1,2,,2,1,1,2,1,2,2,1,8,,64,03,1,01,4,0311,600000,13,1543.0653487,
5361609,1,1,1,60,2,13,2,,,,,,,,,,,12,,,,,,,,,,,,,,,,,,,,,,,,,,,,,,,,,,,,,,,,,,,,,,,6,,,,,2,480000,1,5800000,3,,12,2,,,,,3,1,2,42,,.,42,,,1,6,,2,,2,,,,1,,,,,,,,,1,2,2,1,0,240,4,,2,,,,,,,,3,3,5,,2,,,,1,1,2,1,2,2,2,2,2,2,2,,2,1,2,2,2,2,2,1,3,,45,47,1,01,4,4781,480000,13,1356.7356336,
5361609,1,3,1,60,2,13,2,,,,,,,,,,,48,,,,,,,,,,,,,,,,,,,,,,,,,,,,,,,,,,,,,,,,,,,,,,,6,,,,,2,200000,1,1500000,3,,6,2,,,,,2,1,2,48,,.,16,6,,2,2,,2,,2,,,,1,,,,,,,,,1,2,2,1,0,24,4,,2,,,,,,,,3,3,10,1,1,30,2,1,1,1,2,1,2,2,2,2,2,2,2,,2,1,2,2,2,2,2,1,3,,95,41,1,01,4,4111,200000,13,1356.7356336,
5361610,1,1,1,60,2,13,2,,,,,,,,,,,480,,,,,,,,,,,,,,,,,,,,,,,,,,,,,,,,,,,,,,,,,,,,,,,6,,,,,2,300000,1,4000000,3,,12,1,1,0,0,1,3,9,2,52,,.,52,,,2,8,,2,,2,,,,1,,,,,,,,,1,2,2,2,,,,,2,,,,,,,,,3,30,,2,,,,2,,,,,,,,,,,,,,1,1,1,2,1,1,3,,61,01,1,01,4,0113,300000,13,1150.5082624,
5361610,1,2,1,60,2,13,2,,,,,,,,,,,240,,,,,,,,,,,,,,,,,,,,,,,,,,,,,,,,,,,,,,,,,,,,,,,6,,,,,2,500000,1,4500000,3,,10,2,,,,,3,1,2,42,,.,42,,,1,6,,2,,2,,,,1,,,,,,,,,1,2,2,2,,,,,2,,,,,,,,,12,10,,2,,,,2,,,,,,,,,,,,,,1,1,1,2,1,1,3,,45,47,1,01,4,4781,500000,13,1150.5082624,
5361610,1,3,1,60,2,13,2,,,,,,,,,,,8,,,,,,,,,,,,,,,,,,,,,,,,,,,,,,,,,,,,,,,,,,,,,,,,.,,,,,,,,,.,12,,,,,,,,,28,2,,28,,,2,8,,2,,2,,,,1,,,,,,,,,1,2,2,1,0,18,1,,2,,,,,,,,13,3,30,,2,,,,1,1,1,1,2,1,2,2,1,2,2,,1,1,2,2,1,2,2,1,3,,62,01,1,01,6,0113,,13,1150.5082624,
5361611,1,1,1,60,2,13,2,,,,,,,,,,,120,,,,,,,,,,,,,,,,,,,,,,,,,,,,,,,,,,,,,,,,,,,,,,,6,,,,,2,300000,1,3000000,2,,8,2,,,,,2,1,2,32,2,,32,,,1,6,,2,,2,,,,1,,,,,,,,,1,2,2,1,0,60,4,,1,13,16,4,,120000,1,2,3,11,20,,1,20,2,1,1,1,2,1,2,2,2,2,2,2,2,,2,1,2,2,1,2,2,1,3,,45,47,1,01,4,4781,420000,13,2398.0679079,
5361612,1,1,1,60,2,13,2,,,,,,,,,,,180,,,,,,,,,,,,,,,,,,,,,,,,,,,,,,,,,,,,,,,,,,,,,,,6,,,,,2,960000,1,8500000,3,,9,2,,,,,2,9,1,48,,.,48,,,2,2,,2,,2,,,,1,,,,,,,,,1,2,2,2,,,,,2,,,,,,,,,11,10,,2,,,,1,1,2,1,2,2,2,2,2,2,2,,2,1,2,2,1,2,2,1,9,,95,42,1,01,4,4210,960000,13,1959.3647244,
5361613,1,1,1,60,2,13,2,,,,,,,,,,,136,,,,,,,,,,,,,,,,,,,,,,,,,,,,,,,,,,,,,,,,,,,,,,,6,,,,,3,650000,1,8000000,3,,12,1,1,0,1,0,2,1,1,50,,.,40,6,,2,9,,2,,2,,,,1,,,,,,,,,1,2,2,2,,,,,2,,,,,,,,,12,15,1,1,20,2,1,2,,,,,,,,,,,,,,1,2,2,2,2,1,8,,95,41,1,01,4,4111,650000,13,1910.1442663,
5361614,1,1,1,60,2,13,2,,,,,,,,,,,128,,,,,,,,,,,,,,,,,,,,,,,,,,,,,,,,,,,,,,,,,,,,,,,6,,,,,2,1600000,1,20000000,3,,12,1,1,1,0,0,2,1,1,45,,.,45,,,2,8,,2,,2,,,,1,,,1,1,,1,,,,2,2,1,0,36,1,,2,,,,,,,,1,11,20,,1,25,1,1,2,,,,,,,,,,,,,,1,1,1,2,2,1,2,,44,46,1,01,5,4620,1600000,13,1796.9429621,
5361615,1,2,1,60,2,13,2,,,,,,,,,,,36,,,,,,,,,,,,,,,,,,,,,,,,,,,,,,,,,,,,,,,,,,,,,,,6,,,,,3,200000,1,2500000,3,,12,2,,,,,2,1,1,30,1,,30,,,1,2,,2,,2,,,,1,,,,,,,,,1,2,2,1,1,18,3,,2,,,,,,,,3,3,10,,1,40,2,1,1,1,1,1,2,2,2,2,2,2,2,,1,1,1,2,2,2,2,1,8,,57,96,1,01,4,9602,200000,13,1529.3103893,
5361635,1,1,1,60,2,13,2,,,,,,,,,,,120,,,,,,,,,,,,,,,,,,,,,,,,,,,,,,,,,,,,,,,,,,,,,,,7,,2,,,3,0,1,300000,3,,12,1,1,0,0,1,2,9,1,40,,.,40,,,2,8,,2,,2,,,,1,,,,,,,,,1,2,2,1,0,60,4,,1,13,15,4,,100000,1,1,10,3,5,,2,,,,2,,,,,,,,,,,,,,1,2,1,2,1,2,3,,61,01,1,01,4,0113,100000,13,1784.6536458,
5361635,1,2,1,60,2,13,2,,,,,,,,,,,10,,,,,,,,,,,,,,,,,,,,,,,,,,,,,,,,,,,,,,,,,,,,,,,,.,,,,,,,,,.,12,,,,,,,,,10,2,,10,,,2,1,,10,,2,,,,1,,,,,,,,,1,2,2,1,0,12,1,,2,,,,,,,,13,14,,,2,,,,2,,,,,,,,,,,,,,1,2,1,2,1,1,3,,89,23,1,01,6,2392,,13,1784.6536458,
5361638,1,1,1,60,2,13,1,1,,,1,,,1,2,2,2,2,,1,,2,300000,2,,,2,,2,,2,,2,,2,,,2,,,2,,,2,,,2,,,2,,,2,,2,,2,,2,,2,,2,,,.,,,,,,,,,.,2,,,,,,,,,48,,.,48,,,4,7,,2,,2,,,,1,,,1,,,,,,,2,2,1,18,24,4,,2,,,,,,,,13,3,5,,2,,,,1,1,1,1,2,1,2,2,1,2,2,,2,1,2,1,2,2,2,1,3,,97,23,1,01,1,2392,300000,13,1712.9228566,
5361638,1,2,1,60,2,13,1,1,,,1,,,2,2,2,2,12,,1,,2,300000,2,,,2,,2,,2,,2,,2,,,2,,,2,,,2,,,2,,,2,,,2,,2,,2,,2,,2,,2,,,.,,,,,,,,,.,12,,,,,,,,,40,,.,40,,,4,7,,2,,2,,,,1,,,,,,,,,1,2,2,2,,,,,2,,,,,,,,,3,5,,2,,,,1,1,1,1,2,1,2,1,1,2,1,EDTUDIO PARA TENER UN MEJOR TRABAJO,1,1,2,2,1,2,1,1,3,,97,23,1,01,1,2392,300000,13,1712.9228566,
5361638,1,3,1,60,2,13,1,1,,,1,,,1,2,2,2,4,,1,,2,400000,2,,,2,,2,,2,,2,,2,,,2,,,2,,,2,,,2,,,2,,,2,,2,,2,,2,,2,,2,,,.,,,,,,,,,.,4,,,,,,,,,40,,.,40,,,4,7,,2,,2,,,,1,,,,,,,,,1,2,2,2,,,,,2,,,,,,,,,3,5,,2,,,,2,,,,,,,,,,,,,,1,1,1,2,1,1,3,,89,23,1,01,1,2392,400000,13,1712.9228566,
5361640,1,1,1,60,2,13,2,,,,,,,,,,,360,,,,,,,,,,,,,,,,,,,,,,,,,,,,,,,,,,,,,,,,,,,,,,,7,,2,,,3,400000,1,5000000,3,,12,1,2,2,0,0,3,6,2,48,,.,30,6,,2,6,,2,,2,,,,1,,,,,,,,,1,2,2,1,0,120,4,,2,,,,,,,,10,3,5,1,2,,,,2,,,,,,,,,,,,,,1,2,1,2,1,1,3,,89,23,1,01,5,2392,400000,13,1905.0903887,
5361640,1,3,1,60,2,13,2,,,,,,,,,,,72,,,,,,,,,,,,,,,,,,,,,,,,,,,,,,,,,,,,,,,,,,,,,,,7,,2,,,3,300000,1,4200000,3,,12,1,1,1,0,0,2,10,2,48,,.,30,6,,2,6,,2,,2,,,,1,,,,,,,,,1,2,2,1,0,120,4,,2,,,,,,,,2,3,5,1,2,,,,2,,,,,,,,,,,,,,1,2,1,2,1,1,3,,89,23,1,01,5,2392,300000,13,1905.0903887,
5361646,1,1,1,60,2,13,2,,,,,,,,,,,12,,,,,,,,,,,,,,,,,,,,,,,,,,,,,,,,,,,,,,,,,,,,,,,6,,,,,3,100000,1,1000000,3,,12,2,,,,,2,1,2,44,,.,44,,,1,8,,2,,2,,,,1,,,,,,,,,1,2,2,2,,,,,2,,,,,,,,,3,5,,2,,,,1,1,2,1,2,2,2,2,2,2,2,,2,1,1,2,1,2,1,1,3,,89,23,1,01,4,2392,100000,13,1838.4134771,
5361647,1,1,1,60,2,13,2,,,,,,,,,,,180,,,,,,,,,,,,,,,,,,,,,,,,,,,,,,,,,,,,,,,,,,,,,,,6,,,,,3,120000,1,14400000,3,,12,1,1,0,0,1,3,1,2,14,2,,14,,,2,1,,2,,2,,,,1,,,,,,1,,,,2,2,1,0,600,4,,1,13,7,4,,0,1,1,2,14,,,2,,,,2,,,,,,,,,,,,,,1,2,1,2,1,1,3,,61,01,1,01,4,0144,120000,13,1201.9766338,
5361647,1,2,1,60,2,13,2,,,,,,,,,,,390,,,,,,,,,,,,,,,,,,,,,,,,,,,,,,,,,,,,,,,,,,,,,,,6,,,,,3,0,1,600000,3,,12,2,,,,,3,1,2,50,,.,50,,,1,8,,10,,2,,,,1,,,,,,,,,1,2,2,1,0,120,4,,1,13,7,6,,,2,1,2,3,10,,2,,,,2,,,,,,,,,,,,,,1,2,1,2,1,2,3,,61,01,1,01,4,0122,0,13,1201.9766338,
5361647,1,3,1,60,2,13,2,,,,,,,,,,,360,,,,,,,,,,,,,,,,,,,,,,,,,,,,,,,,,,,,,,,,,,,,,,,6,,,,,3,0,1,300000,3,,12,2,,,,,3,9,2,50,,.,50,,,1,8,,10,,2,,,,1,,,,,,,,,1,2,2,2,,,,,2,,,,,,,,,3,30,,2,,,,2,,,,,,,,,,,,,,1,2,1,2,1,1,3,,61,01,1,01,4,0113,0,13,1201.9766338,
5361647,1,4,1,60,2,13,2,,,,,,,,,,,12,,,,,,,,,,,,,,,,,,,,,,,,,,,,,,,,,,,,,,,,,,,,,,,7,,2,,,1,30000,1,360000,3,,12,2,,,,,3,1,2,36,2,,36,,,1,8,,2,,2,,,,1,,,,,,,,,1,2,2,1,0,24,4,,1,13,12,4,,10000,1,6,10,3,5,,2,,,,2,,,,,,,,,,,,,,1,1,2,2,1,1,3,,61,01,1,01,4,0113,40000,13,1201.9766338,
5361648,1,2,1,60,2,13,2,,,,,,,,,,,24,,,,,,,,,,,,,,,,,,,,,,,,,,,,,,,,,,,,,,,,,,,,,,,6,,,,,2,300000,1,1800000,3,,12,2,,,,,3,1,2,54,,.,54,,,1,8,,2,,2,,,,1,,,,,,,,,1,2,2,1,15,300,4,,1,13,30,4,,0,1,8,3,3,3,,2,,,,1,1,1,1,2,2,2,2,2,2,2,,2,1,1,2,2,2,1,1,3,,61,01,1,01,4,0145,300000,13,1361.0104685,
5361652,1,1,1,60,2,13,2,,,,,,,,,,,36,,,,,,,,,,,,,,,,,,,,,,,,,,,,,,,,,,,,,,,,,,,,,,,6,,,,,3,250000,1,4000000,3,,12,2,,,,,3,1,1,50,,.,50,,,1,1,,2,,2,,,,1,,,,,,,,,1,2,2,1,0,586,4,,2,,,,,,,,6,14,,,2,,,,1,1,2,1,2,2,2,2,2,2,2,,2,1,1,2,2,2,2,1,8,,99,45,1,01,4,4520,250000,13,1276.9903631,
5361653,1,1,1,60,2,13,2,,,,,,,,,,,276,,,,,,,,,,,,,,,,,,,,,,,,,,,,,,,,,,,,,,,,,,,,,,,6,,,,,2,800000,1,3600000,1,,6,1,2,0,0,2,3,6,2,50,,.,50,,,2,1,,2,,2,,,,1,,,,,,,,,1,2,2,2,,,,,2,,,,,,,,,14,,,2,,,,2,,,,,,,,,,,,,,1,1,1,2,1,1,5,,89,23,1,01,4,2392,800000,13,2228.0447364,
5361653,1,2,1,60,2,13,2,,,,,,,,,,,250,,,,,,,,,,,,,,,,,,,,,,,,,,,,,,,,,,,,,,,,,,,,,,,6,,,,,2,204000,1,1800000,3,,12,2,,,,,3,1,2,45,,.,30,6,,1,1,,2,,2,,,,1,,,,,,,,,1,2,2,2,,,,,1,13,4,4,,30000,1,6,,14,,1,2,,,,2,,,,,,,,,,,,,,1,2,1,2,2,1,5,,77,56,1,01,4,5619,234000,13,2228.0447364,
5361653,1,5,1,60,2,13,2,,,,,,,,,,,24,,,,,,,,,,,,,,,,,,,,,,,,,,,,,,,,,,,,,,,,,,,,,,,,.,,,,,,,,,.,12,,,,,,,,,36,2,,36,,,2,1,,2,,,,,,1,,,,,,,,,1,2,2,2,,,,,2,,,,,,,,,14,,,2,,,,2,,,,,,,,,,,,,,1,2,1,2,2,1,3,,89,23,1,01,6,2392,,13,2228.0447364,
5361656,1,1,1,60,2,13,2,,,,,,,,,,,204,,,,,,,,,,,,,,,,,,,,,,,,,,,,,,,,,,,,,,,,,,,,,,,6,,,,,2,400000,1,4800000,3,,12,2,,,,,2,1,2,50,,.,50,,,1,8,,2,,2,,,,1,,,,,,,,,1,2,2,1,0,60,6,,2,,,,,,,,8,13,10,,2,,,,1,1,2,1,2,2,2,2,2,2,2,,2,1,2,2,2,2,2,1,3,,61,01,1,01,4,0161,400000,13,1648.4872552,
5361657,1,1,1,60,2,13,2,,,,,,,,,,,540,,,,,,,,,,,,,,,,,,,,,,,,,,,,,,,,,,,,,,,,,,,,,,,6,,,,,2,600000,1,7000000,2,,8,1,1,0,0,1,2,9,2,56,,.,56,,,2,8,,2,,2,,,,1,,,,,,,,,1,2,2,2,,,,,2,,,,,,,,,3,5,,2,,,,2,,,,,,,,,,,,,,1,1,1,2,1,1,3,,61,01,1,01,4,0111,600000,13,753.14467196,
5361657,1,3,1,60,2,13,2,,,,,,,,,,,180,,,,,,,,,,,,,,,,,,,,,,,,,,,,,,,,,,,,,,,,,,,,,,,,.,,,,,,,,,.,12,,,,,,,,,30,2,,30,,,2,8,,2,,2,,,,1,,,,,,,,,1,2,2,2,,,,,2,,,,,,,,,3,5,,2,,,,1,1,1,1,2,2,2,2,2,2,2,,2,1,2,2,2,2,1,1,3,,62,01,1,01,6,0113,,13,753.14467196,
5361658,1,1,1,60,2,13,2,,,,,,,,,,,24,,,,,,,,,,,,,,,,,,,,,,,,,,,,,,,,,,,,,,,,,,,,,,,6,,,,,2,440000,1,4800000,3,,9,2,,,,,2,1,2,40,,.,40,,,1,8,,2,,2,,,,1,,,,,,,,,1,2,2,1,0,36,8,,2,,,,,,,,3,11,15,,2,,,,1,1,2,1,2,2,2,2,1,1,2,,1,1,2,2,1,2,2,1,3,,61,01,1,01,4,0161,440000,13,1772.3643295,
5361660,1,1,1,60,2,13,1,1,,,1,,,2,2,1,1,7,,1,,2,550000,2,,,1,80000,1,70000,2,,2,,2,,,2,,,2,,,2,,,2,,,2,,,2,,1,200000,2,,2,,2,,2,,,.,,,,,,,,,.,12,,,,,,,,,50,,.,50,,,1,8,,2,,2,,,,1,,,1,,,,,,,2,2,1,0,48,8,,1,13,20,4,,100000,1,8,8,14,,,2,,,,2,,,,,,,,,,,,,,1,1,1,2,2,1,2,,58,01,1,01,8,0141,800000,13,1900.8661179,
5361661,1,1,1,60,2,13,1,1,,,1,,,1,2,2,2,6,,1,,2,600000,2,,,1,150000,1,300000,2,,2,,2,,,2,,,2,,,2,,,2,,,2,,,2,,2,,2,,2,,2,,2,,,.,,,,,,,,,.,10,,,,,,,,,56,,.,56,,,2,1,,5,,2,,,,1,,,,,,,,,1,2,2,1,0,4,4,,2,,,,,,,,3,14,,,2,,,,2,,,,,,,,,,,,,,1,1,1,2,1,1,3,,62,01,1,01,8,0141,1050000,13,1982.8665357,
5361662,1,1,1,60,2,13,2,,,,,,,,,,,425,,,,,,,,,,,,,,,,,,,,,,,,,,,,,,,,,,,,,,,,,,,,,,,7,,2,,,3,700000,1,13000000,3,,12,2,,,,,2,3,1,50,,.,50,,,1,8,,2,,2,,,,1,,,1,1,,,,,,2,2,1,0,48,8,,2,,,,,,,,10,14,,,2,,,,2,,,,,,,,,,,,,,1,2,1,2,1,1,2,,61,01,1,01,4,0111,700000,13,909.38866887,
5361663,1,1,1,60,2,13,2,,,,,,,,,,,600,,,,,,,,,,,,,,,,,,,,,,,,,,,,,,,,,,,,,,,,,,,,,,,6,,,,,2,300000,1,3500000,2,,8,2,,,,,3,9,2,42,,.,42,,,1,8,,2,,2,,,,1,,,,,,,,,1,2,2,2,,,,,2,,,,,,,,,3,5,,2,,,,2,,,,,,,,,,,,,,1,1,1,2,1,1,3,,61,01,1,01,4,0111,300000,13,1236.5672874,
5361664,1,1,1,60,2,13,2,,,,,,,,,,,485,,,,,,,,,,,,,,,,,,,,,,,,,,,,,,,,,,,,,,,,,,,,,,,7,,2,,,3,1200000,1,16000000,3,,12,1,1,1,0,0,2,5,2,30,2,,30,,,2,1,,2,,2,,,,1,,,1,1,,,,,,2,2,2,,,,,2,,,,,,,,,14,,,2,,,,2,,,,,,,,,,,,,,1,1,1,2,1,1,2,,61,01,1,01,5,0150,1200000,13,885.88685751,
5361664,1,2,1,60,2,13,1,1,,,1,,,1,2,1,1,28,,1,,2,250000,2,,,1,300000,1,100000,2,,2,,2,,,2,,,2,,,2,,,2,,,2,,,2,,1,200000,2,,2,,2,,2,,,.,,,,,,,,,.,12,,,,,,,,,50,,.,50,,,1,1,,2,,2,,,,1,,,1,,,,,,,2,2,1,3,8,3,,2,,,,,,,,3,14,,,2,,,,2,,,,,,,,,,,,,,1,1,1,2,2,1,2,,54,97,1,01,3,9700,650000,13,885.88685751,
5361664,1,4,1,60,2,13,1,1,,,1,,,1,2,2,1,46,,1,,2,350000,2,,,1,200000,1,50000,2,,2,,2,,,2,,,2,,,2,,,2,,,2,,,2,,1,250000,2,,2,,2,,2,,,.,,,,,,,,,.,12,,,,,,,,,50,,.,50,,,2,8,,2,,2,,,,1,,,1,,,,,,,2,2,1,0,124,8,,2,,,,,,,,3,14,,,2,,,,2,,,,,,,,,,,,,,1,1,1,2,2,1,2,,62,01,1,01,8,0150,600000,13,885.88685751,
5361665,1,1,1,60,2,13,1,1,,,1,,,2,2,1,1,4,,1,,2,400000,2,,,1,80000,1,100000,2,,2,,2,,,2,,,2,,,2,,,2,,,2,,,2,,2,,2,,2,,2,,2,,,.,,,,,,,,,.,12,,,,,,,,,50,,.,50,,,1,8,,2,,2,,,,1,,,,,,,,,1,2,2,1,0,18,8,,1,13,16,4,,180000,1,8,3,14,,,2,,,,1,1,1,1,2,1,2,2,1,1,2,,2,1,1,2,2,2,2,1,8,,62,01,1,01,8,0150,760000,13,1847.6916254,
5361667,1,1,1,60,2,13,2,,,,,,,,,,,148,,,,,,,,,,,,,,,,,,,,,,,,,,,,,,,,,,,,,,,,,,,,,,,7,,2,,,3,1800000,1,21000000,3,,12,1,2,1,0,1,2,3,2,60,,.,60,,,2,8,,2,,2,,,,1,,,1,1,,1,,,,2,2,1,0,48,4,,2,,,,,,,,2,14,,,2,,,,2,,,,,,,,,,,,,,1,1,1,2,1,1,2,,61,01,1,01,5,0141,1800000,13,1524.9309815,
5361667,1,3,1,60,2,13,2,,,,,,,,,,,18,,,,,,,,,,,,,,,,,,,,,,,,,,,,,,,,,,,,,,,,,,,,,,,,.,,,,,,,,,.,12,,,,,,,,,16,2,,16,,,2,8,,2,,2,,,,1,,,,,,,1,ESTUDIAR,,2,2,2,,,,,2,,,,,,,,,14,,,2,,,,2,,,,,,,,,,,,,,1,1,1,2,2,1,3,,62,01,1,01,6,0141,,13,1524.9309815,
5361668,1,1,1,60,2,13,2,,,,,,,,,,,168,,,,,,,,,,,,,,,,,,,,,,,,,,,,,,,,,,,,,,,,,,,,,,,6,,,,,2,90000,1,960000,3,,12,2,,,,,3,5,2,30,2,,30,,,1,1,,2,,2,,,,1,,,,,,,,,1,2,2,2,,,,,2,,,,,,,,,14,,,2,,,,2,,,,,,,,,,,,,,1,1,1,2,1,1,3,,41,47,1,01,4,4724,90000,13,1226.0738627,
5361669,1,1,1,60,2,13,2,,,,,,,,,,,120,,,,,,,,,,,,,,,,,,,,,,,,,,,,,,,,,,,,,,,,,,,,,,,6,,,,,3,300000,1,4000000,3,,12,2,,,,,3,1,2,40,,.,22,6,,1,4,,10,,2,,,,1,,,,,,,,,1,2,2,1,0,60,4,,2,,,,,,,,2,3,5,1,2,,,,1,1,2,1,2,1,2,1,1,2,2,,2,1,1,2,1,2,2,2,3,,98,50,1,01,4,5011,300000,13,911.89221074,
5361669,1,2,1,60,2,13,2,,,,,,,,,,,480,,,,,,,,,,,,,,,,,,,,,,,,,,,,,,,,,,,,,,,,,,,,,,,6,,,,,3,100000,1,1000000,3,,12,2,,,,,3,1,2,15,2,,15,,,1,1,,10,,2,,,,1,,,,,,,,,1,2,2,2,,,,,2,,,,,,,,,14,,,2,,,,2,,,,,,,,,,,,,,1,2,1,2,1,1,3,,41,47,1,01,4,4724,100000,13,911.89221074,
5361672,1,1,1,60,2,13,2,,,,,,,,,,,4,,,,,,,,,,,,,,,,,,,,,,,,,,,,,,,,,,,,,,,,,,,,,,,,.,,,,,,,,,.,12,,,,,,,,,10,2,,10,,,2,6,,10,,2,,,,1,,,,,,,,,1,2,2,1,0,60,4,,2,,,,,,,,2,3,5,,2,,,,1,1,2,1,2,2,2,1,2,2,2,,2,1,1,2,1,2,1,1,3,,45,56,1,01,6,5619,,13,858.34247519,
5361672,1,2,1,60,2,13,2,,,,,,,,,,,240,,,,,,,,,,,,,,,,,,,,,,,,,,,,,,,,,,,,,,,,,,,,,,,6,,,,,3,500000,1,6000000,3,,12,1,2,0,0,2,3,9,2,26,2,,26,,,2,6,,2,,2,,,,1,,,,,,,,,1,2,2,1,0,60,4,,2,,,,,,,,2,3,5,,2,,,,1,1,2,1,2,2,2,2,2,2,2,,2,1,1,2,1,2,1,1,3,,53,56,1,01,4,5619,500000,13,858.34247519,
5361672,1,3,1,60,2,13,2,,,,,,,,,,,72,,,,,,,,,,,,,,,,,,,,,,,,,,,,,,,,,,,,,,,,,,,,,,,,.,,,,,,,,,.,12,,,,,,,,,20,2,,20,,,2,6,,2,,2,,,,1,,,,,,,,,1,2,2,1,0,120,4,,2,,,,,,,,2,3,5,,2,,,,2,,,,,,,,,,,,,,1,2,1,2,1,2,3,,53,56,1,01,6,5619,,13,858.34247519,
5361673,1,2,1,60,2,13,2,,,,,,,,,,,123,,,,,,,,,,,,,,,,,,,,,,,,,,,,,,,,,,,,,,,,,,,,,,,6,,,,,2,150000,1,1900000,3,,12,2,,,,,3,5,2,47,,.,47,,,1,1,,2,,2,,,,1,,,,,,,,,1,2,2,2,,,,,2,,,,,,,,,14,,,2,,,,2,,,,,,,,,,,,,,1,1,1,2,2,2,3,,41,47,1,01,4,4724,150000,13,773.20875075,
5361674,1,1,1,60,2,13,2,,,,,,,,,,,432,,,,,,,,,,,,,,,,,,,,,,,,,,,,,,,,,,,,,,,,,,,,,,,6,,,,,3,1500000,1,4500000,1,,9,2,,,,,3,1,2,42,,.,42,,,1,4,,2,,2,,,,1,,,,,,,,,1,2,2,2,,,,,1,13,30,4,,0,1,8,,3,5,,2,,,,2,,,,,,,,,,,,,,1,1,1,2,2,1,3,,98,50,1,01,4,5011,1500000,13,1767.9399475,
5361675,1,1,1,60,2,13,2,,,,,,,,,,,288,,,,,,,,,,,,,,,,,,,,,,,,,,,,,,,,,,,,,,,,,,,,,,,6,,,,,3,300000,1,2200000,3,,10,2,,,,,2,1,2,60,,.,60,,,1,4,,2,,2,,,,1,,,,,,,,,1,2,2,2,,,,,2,,,,,,,,,3,2,,2,,,,2,,,,,,,,,,,,,,1,1,1,2,1,1,3,,98,50,1,01,4,5021,300000,13,1989.4051418,
5361675,1,3,1,60,2,13,2,,,,,,,,,,,1,,,,,,,,,,,,,,,,,,,,,,,,,,,,,,,,,,,,,,,,,,,,,,,6,,,,,3,600000,1,600000,3,,1,2,,,,,3,1,2,50,,.,50,,,1,4,,2,,2,,,,1,,,,,,,,,1,2,2,2,,,,,2,,,,,,,,,11,1,,2,,,,2,,,,,,,,,,,,,,1,1,1,2,1,1,3,,98,49,1,01,4,4921,600000,13,1989.4051418,
5361676,2,1,2,60,2,13,2,,,,,,,,,,,60,,,,,,,,,,,,,,,,,,,,,,,,,,,,,,,,,,,,,,,,,,,,,,,6,,,,,3,300000,1,1100000,3,,9,2,,,,,3,1,2,48,,.,0,6,,1,2,,11,,2,,,,1,,,,,,,,,1,2,2,2,,,,,2,,,,,,,,,9,40,1,2,,,,1,1,2,1,2,2,2,2,2,2,2,,1,1,1,2,1,2,1,1,8,,95,43,1,01,4,4330,300000,13,1014.9921451,
5361677,1,1,1,60,2,13,1,1,,,1,,,1,2,2,2,5,,,,,,,,,,,,,,,,,,,,,,,,,,,,,,,,,,,,,,,,,,,,,,,4,,,,,3,700000,1,3500000,3,,5,1,2,0,0,2,3,1,1,48,,.,48,,,2,1,,10,,2,,,,1,,,,,,,,,1,2,2,1,5,96,4,,2,,,,,,,,2,14,,,2,,,,2,,,,,,,,,,,,,,1,2,1,2,1,1,3,,45,61,1,01,4,6190,700000,13,834.77596348,
5361677,1,2,1,60,2,13,2,,,,,,,,,,,1,,,,,,,,,,,,,,,,,,,,,,,,,,,,,,,,,,,,,,,,,,,,,,,6,,,,,3,300000,1,600000,3,,12,2,,,,,2,1,2,16,2,,0,6,,1,4,,10,,2,,,,1,,,,,,,,,1,2,2,1,10,144,3,,2,,,,,,,,2,3,5,1,2,,,,1,1,2,1,1,1,2,1,1,2,2,,2,1,1,1,1,2,1,1,3,,98,50,1,01,4,5011,300000,13,834.77596348,
5361677,1,3,1,60,2,13,2,,,,,,,,,,,5,,,,,,,,,,,,,,,,,,,,,,,,,,,,,,,,,,,,,,,,,,,,,,,,.,,,,,,,,,.,5,,,,,,,,,10,2,,10,,,2,1,,10,,2,,,,1,,,,,,,,,1,2,2,1,7,24,4,,2,,,,,,,,2,14,,,2,,,,1,1,2,1,1,2,2,2,2,2,2,,1,1,1,2,1,2,1,1,3,,45,61,1,01,6,6190,,13,834.77596348,
5361677,1,4,1,60,2,13,2,,,,,,,,,,,0,,,,,,,,,,,,,,,,,,,,,,,,,,,,,,,,,,,,,,,,,,,,,,,,.,,,,,,,,,.,4,,,,,,,,,12,2,,12,,,2,1,,1,,2,,,,1,,,,,,,,,1,2,2,1,0,3,1,,2,,,,,,,,1,14,,,2,,,,2,,,,,,,,,,,,,,1,2,1,2,1,1,3,,45,61,1,01,6,6190,,13,834.77596348,
5361678,1,1,1,60,2,13,1,2,1,,1,,,1,1,2,1,180,,1,,2,1200000,2,,,2,,2,,2,,2,,2,,,2,,,2,,,2,,,1,600000,2,2,,,1,1200000,2,,2,,2,,2,,2,,,.,,,,,,,,,.,12,,,,,,,,,40,,.,40,,,1,4,,1,,1,2,1,15,1,1,,,,,,,,,1,1,1,0,24,1,,1,13,6,6,,,2,1,1,3,5,,2,,,,2,,,,,,,,,,,,,,1,1,1,2,1,1,3,,37,97,1,01,3,9700,1200000,13,1069.4241928,
5361678,1,2,1,60,2,13,2,,,,,,,,,,,360,,,,,,,,,,,,,,,,,,,,,,,,,,,,,,,,,,,,,,,,,,,,,,,6,,,,,3,500000,1,60000000,3,,12,1,1,0,0,1,3,6,2,48,,.,48,,,1,1,,3,,2,,,,1,,,,,,,,,1,2,2,2,,,,,2,,,,,,,,,14,,,2,,,,2,,,,,,,,,,,,,,1,2,1,2,1,1,3,,41,47,1,01,4,4711,500000,13,1069.4241928,
5361679,1,1,1,60,2,13,2,,,,,,,,,,,360,,,,,,,,,,,,,,,,,,,,,,,,,,,,,,,,,,,,,,,,,,,,,,,6,,,,,2,300000,1,4000000,3,,8,2,,,,,3,9,2,25,2,,0,6,,1,8,,2,,2,,,,1,,,,,,,,,1,2,2,2,,,,,1,13,0,4,,100000,1,4,,3,5,1,2,,,,2,,,,,,,,,,,,,,1,1,1,2,1,1,3,,64,03,1,01,4,0311,400000,13,1153.6756051,
5361702,1,1,1,60,2,18,1,1,,,1,,,1,2,2,2,6,,1,,2,800000,2,,,2,,2,,2,,2,,2,,,2,,,2,,,2,,,2,,,2,,,2,,2,,2,,2,,2,,2,,,.,,,,,,,,,.,12,,,,,,,,,56,,.,56,,,2,8,,2,,2,,,,1,,,,,,,,,1,2,2,1,0,16,4,,2,,,,,,,,3,11,30,,2,,,,2,,,,,,,,,,,,,,1,1,1,2,1,1,9,,62,01,1,01,8,0141,800000,18,1308.1041865,
5361703,1,1,1,60,2,18,1,1,,,1,,,1,2,2,2,4,,1,,2,900000,2,,,2,,2,,2,,2,,2,,,2,,,2,,,2,,,2,,,2,,,2,,2,,2,,2,,2,,2,,,.,,,,,,,,,.,12,,,,,,,,,59,,.,59,,,3,8,,2,,2,,,,1,,,,,,,,,1,2,2,1,0,8,1,,2,,,,,,,,3,9,5,,2,,,,2,,,,,,,,,,,,,,1,1,1,2,1,1,9,,62,01,1,01,8,0141,900000,18,1720.0639817,
5361704,1,1,1,60,2,18,2,,,,,,,,,,,36,,,,,,,,,,,,,,,,,,,,,,,,,,,,,,,,,,,,,,,,,,,,,,,7,,2,,,2,500000,1,6000000,3,,12,2,,,,,3,10,2,46,,.,46,,,1,7,,2,,2,,,,1,,,,,,,,,1,2,2,1,0,19,4,,2,,,,,,,,3,3,3,,2,,,,2,,,,,,,,,,,,,,1,1,1,2,1,1,9,,21,45,1,01,4,4542,500000,18,1404.4663357,
5361705,1,1,1,60,2,18,2,,,,,,,,,,,180,,,,,,,,,,,,,,,,,,,,,,,,,,,,,,,,,,,,,,,,,,,,,,,7,,2,,,2,400000,1,4800000,3,,12,2,,,,,3,3,2,40,,.,40,,,2,1,,4,,2,,,,1,,,,,,,,,1,2,2,1,0,36,4,,2,,,,,,,,3,14,,,2,,,,2,,,,,,,,,,,,,,1,2,2,2,2,1,5,,21,45,1,01,4,4542,400000,18,1404.4663357,
5361707,1,1,1,60,2,18,1,1,,,1,,,1,2,2,2,50,,1,,2,600000,2,,,2,,2,,2,,2,,2,,,2,,,2,,,2,,,2,,,2,,,2,,2,,2,,2,,2,,2,,,.,,,,,,,,,.,12,,,,,,,,,42,,.,42,,,2,4,,2,,2,,,,1,,,,,,,,,1,2,2,1,0,12,1,,2,,,,,,,,8,3,15,,2,,,,1,1,2,1,2,2,2,2,2,2,2,,2,1,1,1,2,2,2,1,2,,98,01,1,01,1,0141,600000,18,1313.596523,
5361707,1,2,1,60,2,18,2,,,,,,,,,,,12,,,,,,,,,,,,,,,,,,,,,,,,,,,,,,,,,,,,,,,,,,,,,,,5,,,,,2,200000,1,2400000,1,,12,2,,,,,2,3,2,21,2,,21,,,1,1,,2,,2,,,,1,,,,,,,,,1,2,2,2,,,,,2,,,,,,,,,14,,,2,,,,1,1,2,1,2,2,2,2,2,2,2,,2,1,1,2,1,2,1,1,3,,45,47,1,01,4,4792,200000,18,1313.596523,
5361710,1,1,1,60,2,18,2,,,,,,,,,,,120,,,,,,,,,,,,,,,,,,,,,,,,,,,,,,,,,,,,,,,,,,,,,,,7,,2,,,2,300000,1,3600000,3,,12,2,,,,,3,10,2,40,,.,40,,,1,6,,2,,2,,,,1,,,,,,,,,1,2,2,1,3,16,3,,2,,,,,,,,3,3,9,,2,,,,2,,,,,,,,,,,,,,1,1,1,2,1,1,9,,53,56,1,01,4,5619,300000,18,941.38766449,
5361711,1,1,1,60,2,18,1,1,,,1,,,1,2,2,2,39,,1,,2,800000,2,,,2,,2,,2,,2,,2,,,2,,,2,,,2,,,2,,,2,,,2,,2,,2,,2,,2,,2,,,.,,,,,,,,,.,12,,,,,,,,,52,,.,52,,,2,8,,2,,2,,,,1,,,,,,,,,1,2,2,1,0,5,4,,2,,,,,,,,3,9,10,,2,,,,2,,,,,,,,,,,,,,1,1,1,2,1,1,9,,62,01,1,01,8,0141,800000,18,744.23779782,
5361712,1,1,1,60,2,18,2,,,,,,,,,,,24,,,,,,,,,,,,,,,,,,,,,,,,,,,,,,,,,,,,,,,,,,,,,,,7,,2,,,2,700000,1,8400000,3,,12,2,,,,,2,1,1,49,,.,49,,,1,4,,2,,2,,,,1,,,,,,,,,1,2,2,1,0,25,4,,2,,,,,,,,3,9,19,,2,,,,2,,,,,,,,,,,,,,1,1,1,2,1,1,9,,98,50,1,01,4,5022,700000,18,1856.5800462,
5361712,1,3,1,60,2,18,2,,,,,,,,,,,12,,,,,,,,,,,,,,,,,,,,,,,,,,,,,,,,,,,,,,,,,,,,,,,7,,2,,,2,400000,1,4800000,3,,12,2,,,,,2,1,1,46,,.,46,,,1,8,,2,,2,,,,1,,,,,,,,,1,2,2,1,0,3,8,,2,,,,,,,,3,9,25,,2,,,,2,,,,,,,,,,,,,,1,1,1,2,1,1,9,,99,08,1,01,4,0811,400000,18,1856.5800462,
5361713,1,1,1,60,2,18,1,1,,,1,,,1,2,2,2,42,,1,,2,800000,2,,,2,,2,,2,,2,,2,,,2,,,2,,,2,,,2,,,2,,,2,,2,,2,,2,,2,,2,,,.,,,,,,,,,.,12,,,,,,,,,46,,.,46,,,4,4,,2,,2,,,,1,,,,,,,,,1,2,2,1,0,5,4,,2,,,,,,,,3,3,3,,2,,,,2,,,,,,,,,,,,,,1,1,1,2,1,1,9,,98,10,1,01,1,1040,800000,18,1326.3930211,
5361714,1,2,1,60,2,18,1,1,,,1,,,1,2,2,2,60,,1,,2,250000,2,,,2,,2,,2,,2,,2,,,2,,,2,,,2,,,2,,,2,,,2,,2,,2,,2,,2,,2,,,.,,,,,,,,,.,12,,,,,,,,,42,,.,42,,,5,6,,2,,2,,,,1,,,,,,,,,1,2,2,1,5,25,8,,2,,,,,,,,3,3,4,,2,,,,2,,,,,,,,,,,,,,1,1,1,2,1,1,9,,99,94,1,01,1,9499,250000,18,995.42314961,
5361715,1,1,1,60,2,18,2,,,,,,,,,,,60,,,,,,,,,,,,,,,,,,,,,,,,,,,,,,,,,,,,,,,,,,,,,,,6,,,,,2,600000,1,7200000,3,,12,2,,,,,2,10,2,46,,.,46,,,1,8,,2,,2,,,,1,,,,,,,,,1,2,2,1,0,6,8,,2,,,,,,,,3,12,25,,2,,,,2,,,,,,,,,,,,,,1,1,1,2,1,1,9,,62,01,1,01,4,0161,600000,18,1765.7102335,
5361715,1,3,1,60,2,18,2,,,,,,,,,,,9,,,,,,,,,,,,,,,,,,,,,,,,,,,,,,,,,,,,,,,,,,,,,,,6,,,,,2,500000,1,6000000,3,,12,2,,,,,2,1,2,49,,.,49,,,1,8,,2,,2,,,,1,,,,,,,,,1,2,2,1,0,5,8,,2,,,,,,,,3,12,19,,2,,,,2,,,,,,,,,,,,,,1,1,1,2,1,1,9,,62,01,1,01,4,0161,500000,18,1765.7102335,
5361716,1,1,1,60,2,18,1,2,1,,1,,,1,1,1,1,204,,1,,2,2200000,2,,,2,,2,,2,,2,,2,,,2,,,2,,,2,,,2,,,2,,,1,1100000,1,2200000,1,1100000,2,,2,,2,,,.,,,,,,,,,.,12,,,,,,,,,30,3,HORARIO ESTIPULADO POR EL MAGISTERIO,30,,,9,7,,1,,1,3,1,17,1,1,,,,,,,,,1,1,1,2,19,1,,2,,,,,,,,3,3,3,,2,,,,2,,,,,,,,,,,,,,1,1,1,1,1,1,9,,13,85,1,01,2,8530,2200000,18,920.54281477,
5361717,1,1,1,60,2,18,1,1,,,1,,,2,2,2,2,1,,1,,2,500000,2,,,2,,2,,2,,2,,2,,,2,,,2,,,2,,,2,,,2,,,2,,2,,2,,2,,2,,2,,,.,,,,,,,,,.,12,,,,,,,,,49,,.,49,,,2,8,,10,,2,,,,1,,,,,,,,,1,2,2,1,0,5,4,,2,,,,,,,,3,12,20,,2,,,,2,,,,,,,,,,,,,,1,1,1,2,1,1,9,,62,01,1,01,8,0141,500000,18,1298.5006681,
5361719,1,1,1,60,2,18,2,,,,,,,,,,,360,,,,,,,,,,,,,,,,,,,,,,,,,,,,,,,,,,,,,,,,,,,,,,,6,,,,,2,600000,1,6000000,1,,9,2,,,,,3,5,2,40,,.,40,,,1,1,,2,,2,,,,1,,,,,,,,,1,2,2,1,3,120,4,,2,,,,,,,,3,14,,,2,,,,2,,,,,,,,,,,,,,1,1,1,2,2,1,5,,80,95,1,01,4,9523,600000,18,1244.43361,
5361721,1,1,1,60,2,18,1,1,,,1,,,1,2,2,2,24,,1,,2,900000,2,,,2,,2,,2,,2,,2,,,2,,,2,,,2,,,2,,,2,,,2,,2,,2,,2,,2,,2,,,.,,,,,,,,,.,12,,,,,,,,,43,,.,43,,,4,4,,2,,2,,,,1,,,,,,,,,1,2,2,1,0,24,1,,2,,,,,,,,3,7,5,,2,,,,2,,,,,,,,,,,,,,1,1,1,2,1,1,5,,97,10,1,01,1,1040,900000,18,744.23779782,
5361722,1,1,1,60,2,18,1,1,,,1,,,2,2,2,2,6,,1,,2,500000,2,,,2,,2,,2,,2,,2,,,2,,,2,,,2,,,2,,,2,,,2,,2,,2,,2,,2,,2,,,.,,,,,,,,,.,9,,,,,,,,,42,,.,42,,,2,8,,2,,2,,,,1,,,,,,,,,1,2,2,1,2,1,1,,2,,,,,,,,3,11,60,,2,,,,1,1,2,1,1,2,2,2,1,1,2,,2,1,1,2,2,2,2,1,5,,62,01,1,01,1,0141,500000,18,1492.1431687,
5361723,1,1,1,60,2,18,2,,,,,,,,,,,120,,,,,,,,,,,,,,,,,,,,,,,,,,,,,,,,,,,,,,,,,,,,,,,6,,,,,2,600000,1,6000000,1,,10,2,,,,,2,10,2,42,,.,42,,,2,2,,2,,2,,,,1,,,,,,,,,1,2,2,1,2,8,4,,2,,,,,,,,11,11,3,,2,,,,2,,,,,,,,,,,,,,1,2,2,2,2,1,5,,95,41,1,01,4,4111,600000,18,1774.3758375,
5361724,1,1,1,60,2,18,2,,,,,,,,,,,50,,,,,,,,,,,,,,,,,,,,,,,,,,,,,,,,,,,,,,,,,,,,,,,6,,,,,2,500000,1,4000000,1,,10,2,,,,,2,3,2,40,,.,40,,,2,8,,2,,2,,,,1,,,,,,,,,1,2,2,1,2,8,1,,2,,,,,,,,7,3,45,,2,,,,1,1,2,1,1,2,2,1,1,1,2,,2,1,1,2,2,2,2,2,5,,61,01,1,01,4,0161,500000,18,1308.1041865,
5361725,1,1,1,60,2,18,1,1,,,1,,,1,2,2,2,16,,1,,2,1200000,2,,,2,,2,,2,,2,,2,,,2,,,2,,,2,,,2,,,2,,,2,,2,,2,,2,,2,,2,,,.,,,,,,,,,.,8,,,,,,,,,43,,.,43,,,2,2,,10,,2,,,,1,,,,,,,,,1,2,2,1,3,1,1,,2,,,,,,,,3,3,9,,2,,,,1,1,2,1,1,2,2,2,1,2,2,,2,1,1,1,2,2,2,1,5,,95,41,1,01,1,4111,1200000,18,1101.6651878,
5361726,1,1,1,60,2,18,2,,,,,,,,,,,36,,,,,,,,,,,,,,,,,,,,,,,,,,,,,,,,,,,,,,,,,,,,,,,6,,,,,2,800000,1,9600000,1,,10,2,,,,,3,3,2,40,,.,40,,,1,1,,2,,2,,,,1,,,,,,,,,1,2,2,2,,,,,2,,,,,,,,,14,,,2,,,,2,,,,,,,,,,,,,,1,1,1,2,2,1,5,,41,47,1,01,4,4759,800000,18,1458.7781914,
5361726,1,3,1,60,2,18,1,1,,,1,,,1,2,2,2,1,,1,,2,400000,2,,,1,120000,2,,2,,2,,2,,,2,,,2,,,2,,,2,,,2,,,2,,2,,2,,2,,2,,2,,,.,,,,,,,,,.,12,,,,,,,,,42,,.,42,,,2,8,,2,,2,,,,1,,,,,,,,,1,2,2,1,0,120,4,,2,,,,,,,,3,11,38,,2,,,,2,,,,,,,,,,,,,,1,1,2,2,1,1,5,,62,01,1,01,1,0141,520000,18,1458.7781914,
5361727,1,1,1,60,2,18,1,1,,,1,,,1,2,2,2,60,,1,,2,800000,2,,,2,,2,,2,,2,,2,,,2,,,2,,,2,,,2,,,2,,,2,,2,,2,,2,,2,,2,,,.,,,,,,,,,.,12,,,,,,,,,30,2,,30,,,4,6,,2,,2,,,,1,,,,,,,,,1,2,2,1,0,120,4,,2,,,,,,,,3,3,5,,2,,,,2,,,,,,,,,,,,,,2,1,2,2,2,1,5,,21,94,1,01,1,9499,800000,18,1313.596523,
5361727,1,2,1,60,2,18,2,,,,,,,,,,,1,,,,,,,,,,,,,,,,,,,,,,,,,,,,,,,,,,,,,,,,,,,,,,,7,,2,,,2,100000,1,1200000,1,,1,2,,,,,3,3,2,40,,.,40,,,1,1,,2,,2,,,,1,,,,,,,,,1,2,2,1,24,24,1,,2,,,,,,,,2,14,,,2,,,,1,1,2,1,2,2,2,2,2,2,2,,2,2,1,1,1,2,2,1,3,,41,47,1,01,4,4711,100000,18,1313.596523,
5361728,1,1,1,60,2,18,1,1,,,1,,,1,2,2,2,4,,1,,2,1000000,2,,,2,,1,200000,2,,2,,2,,,2,,,2,,,2,,,2,,,2,,,2,,2,,2,,2,,2,,2,,,.,,,,,,,,,.,12,,,,,,,,,42,,.,42,,,2,8,,2,,2,,,,1,,,,,,,,,1,2,2,1,0,12,1,,2,,,,,,,,7,3,5,,2,,,,1,1,2,1,1,2,2,2,1,1,2,,2,1,1,2,1,2,2,1,8,,62,01,1,01,1,0141,1200000,18,1380.7048769,
5361728,1,2,1,60,2,18,2,,,,,,,,,,,12,,,,,,,,,,,,,,,,,,,,,,,,,,,,,,,,,,,,,,,,,,,,,,,,.,,,,,,,,,.,12,,,,,,,,,30,2,,30,,,2,8,,2,,2,,,,1,,,,,,,,,1,2,2,2,,,,,2,,,,,,,,,3,3,,2,,,,1,1,2,1,1,2,2,1,2,1,2,,2,1,1,1,2,2,2,1,5,,62,01,1,01,7,0141,,18,1380.7048769,
5361728,1,3,1,60,2,18,2,,,,,,,,,,,12,,,,,,,,,,,,,,,,,,,,,,,,,,,,,,,,,,,,,,,,,,,,,,,,.,,,,,,,,,.,12,,,,,,,,,21,2,,21,,,2,8,,2,,,,,,1,,,,,,,,,1,2,2,2,,,,,2,,,,,,,,,3,2,,2,,,,2,,,,,,,,,,,,,,1,2,2,2,2,2,5,,62,01,1,01,7,0141,,18,1380.7048769,
5361729,1,1,1,60,2,18,2,,,,,,,,,,,5,,,,,,,,,,,,,,,,,,,,,,,,,,,,,,,,,,,,,,,,,,,,,,,7,,2,,,2,600000,1,7200000,1,,12,2,,,,,1,6,2,42,,.,42,,,2,8,,5,,2,,,,1,,,,,,,,,1,2,2,1,0,12,4,,2,,,,,,,,8,3,5,,2,,,,2,,,,,,,,,,,,,,1,1,1,2,1,1,5,,61,01,1,01,4,0122,600000,18,1201.9911819,
5361730,1,1,1,60,2,18,1,1,,,1,,,1,2,2,2,1,,1,,2,1000000,2,,,2,,1,150000,2,,2,,2,,,2,,,2,,,2,,,2,,,2,,,2,,2,,2,,2,,2,,2,,,.,,,,,,,,,.,12,,,,,,,,,42,,.,42,,,2,8,,2,,2,,,,1,,,,,,,,,1,2,2,1,0,5,1,,2,,,,,,,,8,3,6,,2,,,,2,,,,,,,,,,,,,,1,1,1,2,2,1,3,,61,01,1,01,1,0141,1150000,18,1189.3420208,
5361730,1,2,1,60,2,18,2,,,,,,,,,,,1,,,,,,,,,,,,,,,,,,,,,,,,,,,,,,,,,,,,,,,,,,,,,,,,.,,,,,,,,,.,12,,,,,,,,,21,2,,21,,,2,8,,2,,2,,,,1,,,,,,,,,1,2,2,1,0,12,7,,2,,,,,,,,3,3,2,,2,,,,2,,,,,,,,,,,,,,1,2,1,2,2,1,3,,62,01,1,01,7,0141,,18,1189.3420208,
5361731,1,1,1,60,2,18,1,1,,,1,,,1,2,2,2,3,,1,,2,1200000,2,,,2,,1,100000,2,,2,,2,,,2,,,2,,,2,,,2,,,2,,,2,,2,,2,,2,,2,,2,,,.,,,,,,,,,.,8,,,,,,,,,42,,.,42,,,2,8,,5,,2,,,,1,,,,,,,,,1,2,2,1,3,2,1,,2,,,,,,,,7,3,8,,2,,,,2,,,,,,,,,,,,,,1,1,2,2,1,1,5,,60,01,1,01,1,0141,1300000,18,1189.3420208,
5361731,1,2,1,60,2,18,2,,,,,,,,,,,3,,,,,,,,,,,,,,,,,,,,,,,,,,,,,,,,,,,,,,,,,,,,,,,,.,,,,,,,,,.,12,,,,,,,,,40,,.,40,,,2,8,,5,,2,,,,1,,,,,,,,,1,2,2,2,,,,,2,,,,,,,,,3,3,,2,,,,2,,,,,,,,,,,,,,1,2,1,2,1,1,3,,62,01,1,01,7,0141,,18,1189.3420208,
5361732,1,1,1,60,2,18,1,1,,,1,,,1,2,2,2,4,,1,,2,700000,2,,,2,,2,,2,,2,,2,,,2,,,2,,,2,,,2,,,2,,,2,,2,,2,,2,,2,,2,,,.,,,,,,,,,.,12,,,,,,,,,40,,.,40,,,2,8,,2,,2,,,,1,,,,,,,,,1,2,2,1,0,12,4,,2,,,,,,,,8,3,8,,2,,,,1,1,2,1,1,2,2,2,1,2,2,,1,1,1,2,2,2,1,1,8,,61,01,1,01,1,0141,700000,18,1414.0698541,
5361733,1,1,1,60,2,18,2,,,,,,,,,,,200,,,,,,,,,,,,,,,,,,,,,,,,,,,,,,,,,,,,,,,,,,,,,,,7,,1,2,,2,700000,1,8400000,1,,12,1,1,0,0,1,1,3,2,40,,.,40,,,2,8,,2,,2,,,,1,,,,,,,,,1,2,2,2,,,,,2,,,,,,,,,3,8,,2,,,,2,,,,,,,,,,,,,,1,1,2,2,1,2,8,,61,01,1,01,4,0141,700000,18,1207.6308554,
5361733,1,2,1,60,2,18,2,,,,,,,,,,,36,,,,,,,,,,,,,,,,,,,,,,,,,,,,,,,,,,,,,,,,,,,,,,,,.,,,,,,,,,.,12,,,,,,,,,21,2,,21,,,2,8,,2,,2,,,,1,,,,,,,,,1,2,2,1,0,12,1,,2,,,,,,,,9,3,5,,2,,,,2,,,,,,,,,,,,,,1,1,1,2,2,1,3,,62,01,1,01,6,0141,,18,1207.6308554,
5361734,1,1,1,60,2,18,1,1,,,1,,,2,2,2,2,160,,1,,2,700000,2,,,2,,2,,2,,2,,2,,,2,,,2,,,2,,,2,,,2,,,2,,2,,2,,2,,2,,2,,,.,,,,,,,,,.,12,,,,,,,,,42,,.,42,,,3,8,,2,,2,,,,1,,,,,,,,,1,2,2,1,0,12,4,,2,,,,,,,,3,3,6,,2,,,,2,,,,,,,,,,,,,,1,1,1,2,2,1,8,,62,01,1,01,1,0141,700000,18,744.23779782,
5361735,1,1,1,60,2,18,1,1,,,1,,,1,2,2,2,2,,1,,2,800000,2,,,1,100000,1,200000,2,,2,,2,,,2,,,2,,,2,,,2,,,2,,,2,,2,,2,,2,,2,,2,,,.,,,,,,,,,.,12,,,,,,,,,43,,.,43,,,2,8,,2,,2,,,,1,,,,,,,,,1,2,2,1,0,12,1,,2,,,,,,,,3,3,10,,2,,,,2,,,,,,,,,,,,,,1,1,1,2,2,1,8,,61,01,1,01,1,0141,1100000,18,1235.3561591,
5361735,1,2,1,60,2,18,1,1,,,1,,,1,2,2,2,4,,1,,2,450000,2,,,1,100000,1,200000,2,,2,,2,,,2,,,2,,,2,,,2,,,2,,,2,,2,,2,,2,,2,,2,,,.,,,,,,,,,.,12,,,,,,,,,40,,.,40,,,2,8,,2,,2,,,,1,,,,,,,,,1,2,2,1,0,6,3,,2,,,,,,,,3,3,5,,2,,,,1,1,2,1,1,2,2,2,1,1,2,,2,1,1,1,2,2,1,1,5,,54,97,1,01,3,9700,750000,18,1235.3561591,
5361736,1,1,1,60,2,18,1,1,,,1,,,1,2,2,2,48,,1,,2,1300000,2,,,2,,1,300000,2,,2,,2,,,2,,,2,,,2,,,2,,,2,,,2,,2,,2,,2,,2,,2,,,.,,,,,,,,,.,12,,,,,,,,,43,,.,43,,,3,8,,2,,2,,,,1,,,,,,,,,1,2,2,1,0,24,1,,2,,,,,,,,3,3,5,,2,,,,2,,,,,,,,,,,,,,1,2,2,2,2,2,5,,60,01,1,01,1,0141,1600000,18,1889.7976864,
5361736,1,3,1,60,2,18,1,1,,,1,,,1,2,2,2,36,,1,,2,600000,2,,,2,,1,200000,2,,2,,2,,,2,,,2,,,2,,,2,,,2,,,2,,2,,2,,2,,2,,2,,,.,,,,,,,,,.,12,,,,,,,,,42,,.,42,,,3,8,,2,,2,,,,1,,,,,,,,,1,2,2,2,,,,,2,,,,,,,,,3,5,,2,,,,2,,,,,,,,,,,,,,2,1,2,2,2,1,3,,62,01,1,01,1,0141,800000,18,1889.7976864,
5361736,1,8,1,60,2,18,1,1,,,1,,,1,2,2,2,3,,1,,2,700000,2,,,1,100000,1,300000,2,,2,,2,,,2,,,2,,,2,,,2,,,2,,,2,,2,,2,,2,,2,,2,,,.,,,,,,,,,.,12,,,,,,,,,42,,.,42,,,3,8,,2,,2,,,,1,,,,,,,,,1,2,2,2,,,,,2,,,,,,,,,3,5,,2,,,,2,,,,,,,,,,,,,,1,2,2,2,1,2,3,,62,01,1,01,1,0141,1100000,18,1889.7976864,
5361737,1,1,1,60,2,18,1,1,,,1,,,1,2,2,2,1,,1,,2,877502,2,,,2,,1,150000,2,,2,,2,,,2,,,2,,,2,,,2,,,2,,,2,,2,,2,,2,,2,,2,,,.,,,,,,,,,.,12,,,,,,,,,40,,.,40,,,2,8,,2,,2,,,,1,,,,,,,,,1,2,2,1,0,12,4,,2,,,,,,,,3,3,5,,2,,,,2,,,,,,,,,,,,,,1,1,1,2,2,2,5,,60,01,1,01,1,0141,1027502,18,1486.8178815,
5361738,1,1,1,60,2,18,1,1,,,1,,,1,2,2,2,120,,1,,2,500000,2,,,1,100000,1,200000,2,,2,,2,,,2,,,2,,,2,,,2,,,2,,,2,,2,,2,,2,,2,,2,,,.,,,,,,,,,.,12,,,,,,,,,40,,.,40,,,2,8,,2,,2,,,,1,,,,,,,,,1,2,2,2,,,,,2,,,,,,,,,3,5,,2,,,,2,,,,,,,,,,,,,,1,1,1,2,2,1,3,,62,01,1,01,1,0141,800000,18,1308.1041865,
5361739,1,1,1,60,2,18,1,1,,,1,,,1,2,2,2,1,,1,,2,900000,2,,,2,,1,150000,2,,2,,2,,,2,,,2,,,2,,,2,,,2,,,2,,2,,2,,2,,2,,2,,,.,,,,,,,,,.,12,,,,,,,,,42,,.,42,,,2,8,,4,,2,,,,1,,,,,,,,,1,2,2,1,0,28,1,,2,,,,,,,,9,3,6,,2,,,,1,1,2,1,1,2,2,2,2,2,2,,2,1,1,2,2,2,1,1,8,,60,01,1,01,1,0141,1050000,18,1659.7445659,
5361739,1,2,1,60,2,18,1,1,,,1,,,2,2,2,2,12,,1,,2,300000,2,,,1,120000,1,150000,2,,2,,2,,,2,,,2,,,2,,,2,,,2,,,2,,2,,2,,2,,2,,2,,,.,,,,,,,,,.,12,,,,,,,,,42,,.,42,,,2,1,,5,,2,,,,1,,,,,,,,,1,2,2,1,0,12,3,,2,,,,,,,,3,14,,,2,,,,2,,,,,,,,,,,,,,1,2,2,2,2,2,5,,54,97,1,01,3,9700,570000,18,1659.7445659,
5361740,1,1,1,60,2,18,2,,,,,,,,,,,12,,,,,,,,,,,,,,,,,,,,,,,,,,,,,,,,,,,,,,,,,,,,,,,7,,1,2,,2,600000,1,7200000,3,,12,1,4,1,0,3,1,6,2,40,,.,40,,,3,8,,2,,2,,,,1,,,,,,,,,1,2,2,1,0,120,6,,2,,,,,,,,8,3,5,,2,,,,2,,,,,,,,,,,,,,1,1,1,2,1,1,8,,61,01,1,01,5,0141,600000,18,1586.9965385,
5361740,1,3,1,60,2,18,2,,,,,,,,,,,12,,,,,,,,,,,,,,,,,,,,,,,,,,,,,,,,,,,,,,,,,,,,,,,,.,,,,,,,,,.,12,,,,,,,,,40,,.,40,,,3,8,,2,,2,,,,1,,,,,,,,,1,2,2,2,,,,,2,,,,,,,,,3,5,,2,,,,2,,,,,,,,,,,,,,1,2,1,2,1,1,8,,62,01,1,01,6,0141,,18,1586.9965385,
5361740,1,4,1,60,2,18,2,,,,,,,,,,,12,,,,,,,,,,,,,,,,,,,,,,,,,,,,,,,,,,,,,,,,,,,,,,,,.,,,,,,,,,.,12,,,,,,,,,30,2,,30,,,3,8,,2,,,,,,1,,,,,,,,,1,2,2,2,,,,,2,,,,,,,,,3,5,,2,,,,2,,,,,,,,,,,,,,1,2,2,2,1,1,3,,62,01,1,01,6,0141,,18,1586.9965385,
5361741,1,1,1,60,2,18,1,1,,,1,,,1,2,2,2,120,,1,,2,600000,2,,,2,,1,200000,2,,2,,2,,,2,,,2,,,2,,,2,,,2,,,2,,2,,2,,2,,2,,2,,,.,,,,,,,,,.,12,,,,,,,,,40,,.,40,,,2,8,,2,,2,,,,1,,,,,,,,,1,2,2,2,,,,,2,,,,,,,,,3,8,,2,,,,2,,,,,,,,,,,,,,1,1,1,2,1,1,5,,60,01,1,01,1,0141,800000,18,1308.1041865,
5361742,1,1,1,60,2,18,1,1,,,1,,,1,2,2,2,24,,1,,2,877502,2,,,2,,1,100000,2,,2,,2,,,2,,,2,,,2,,,2,,,2,,,2,,2,,2,,2,,2,,2,,,.,,,,,,,,,.,12,,,,,,,,,40,,.,40,,,2,8,,2,,2,,,,1,,,,,,,,,1,2,2,1,0,24,1,,2,,,,,,,,7,3,5,,2,,,,2,,,,,,,,,,,,,,1,2,2,2,1,1,8,,60,01,1,01,1,0141,977502,18,965.39392097,
5361743,1,1,1,60,2,18,2,,,,,,,,,,,200,,,,,,,,,,,,,,,,,,,,,,,,,,,,,,,,,,,,,,,,,,,,,,,7,,1,2,,2,700000,1,8400000,1,,12,2,,,,,1,7,2,42,,.,42,,,2,8,,2,,2,,,,1,,,,,,,,,1,2,2,2,,,,,2,,,,,,,,,3,3,,2,,,,1,1,2,1,1,2,2,2,2,2,2,,2,1,2,2,1,2,2,2,5,,61,01,1,01,4,0141,700000,18,922.95149282,
5361744,1,1,1,60,2,18,2,,,,,,,,,,,60,,,,,,,,,,,,,,,,,,,,,,,,,,,,,,,,,,,,,,,,,,,,,,,6,,,,,2,700000,1,8400000,3,,12,2,,,,,2,10,2,53,,.,53,,,1,8,,2,,2,,,,1,,,,,,,,,1,2,2,1,0,25,8,,2,,,,,,,,3,3,30,,2,,,,2,,,,,,,,,,,,,,1,1,1,2,1,1,9,,61,01,1,01,4,0161,700000,18,1189.3420208,
5361744,1,2,1,60,2,18,1,1,,,1,,,1,2,2,2,2,,1,,2,800000,2,,,2,,2,,2,,2,,2,,,2,,,2,,,2,,,2,,,2,,,2,,2,,2,,2,,2,,2,,,.,,,,,,,,,.,12,,,,,,,,,46,,.,46,,,5,6,,2,,2,,,,1,,,,,,,,,1,2,2,2,,,,,2,,,,,,,,,3,1,,2,,,,2,,,,,,,,,,,,,,1,1,1,2,1,1,9,,33,94,1,01,1,9499,800000,18,1189.3420208,
5361745,1,1,1,60,2,18,1,1,,,1,,,1,2,1,2,36,,1,,2,1000000,2,,,2,,2,,2,,2,,2,,,2,,,2,,,2,,,2,,,2,,,2,,1,1000000,2,,2,,2,,2,,,.,,,,,,,,,.,12,,,,,,,,,59,,.,59,,,2,8,,2,,2,,,,1,,,,,,,,,1,2,2,1,0,15,4,,2,,,,,,,,3,3,6,,2,,,,2,,,,,,,,,,,,,,1,1,1,2,1,1,9,,60,01,1,01,1,0141,1000000,18,1481.0308709,
5361745,1,3,1,60,2,18,1,1,,,1,,,1,2,2,2,1,,1,,2,300000,2,,,2,,2,,2,,2,,2,,,2,,,2,,,2,,,2,,,2,,,2,,2,,2,,2,,2,,2,,,.,,,,,,,,,.,12,,,,,,,,,37,2,,37,,,2,8,,2,,2,,,,1,,,,,,,,,1,2,2,1,0,6,4,,2,,,,,,,,3,3,20,,2,,,,2,,,,,,,,,,,,,,1,1,1,2,1,1,9,,62,01,1,01,8,0141,300000,18,1481.0308709,
5361746,1,1,1,60,2,18,2,,,,,,,,,,,36,,,,,,,,,,,,,,,,,,,,,,,,,,,,,,,,,,,,,,,,,,,,,,,7,,2,,,2,300000,1,3600000,3,,12,2,,,,,2,10,2,53,,.,53,,,1,8,,2,,2,,,,1,,,,,,,,,1,2,2,1,0,15,4,,2,,,,,,,,3,10,20,,2,,,,2,,,,,,,,,,,,,,1,1,1,2,1,1,9,,61,01,1,01,4,0122,300000,18,1207.6308554,
5361747,1,1,1,60,2,18,2,,,,,,,,,,,60,,,,,,,,,,,,,,,,,,,,,,,,,,,,,,,,,,,,,,,,,,,,,,,,.,,,,,,,,,.,12,,,,,,,,,52,,.,52,,,2,8,,2,,2,,,,1,,,,,,,,,1,2,2,2,,,,,2,,,,,,,,,3,8,,2,,,,2,,,,,,,,,,,,,,1,1,1,2,1,1,9,,62,01,1,01,6,0141,,18,1041.7136585,
5361747,1,2,1,60,2,18,2,,,,,,,,,,,160,,,,,,,,,,,,,,,,,,,,,,,,,,,,,,,,,,,,,,,,,,,,,,,7,,2,,,2,1500000,1,18000000,3,,12,1,2,1,0,1,1,3,1,20,2,,20,,,2,8,,2,,2,,,,1,,,,,,,,,1,2,2,1,0,15,4,,1,18,18,4,,200000,1,1,3,3,9,,2,,,,2,,,,,,,,,,,,,,1,1,1,2,1,1,9,,61,01,1,01,5,0141,1700000,18,1041.7136585,
5361748,1,1,1,60,2,18,1,1,,,1,,,1,2,2,2,10,,1,,2,1100000,2,,,2,,2,,2,,2,,2,,,2,,,2,,,2,,,2,,,2,,,2,,2,,2,,2,,2,,2,,,.,,,,,,,,,.,12,,,,,,,,,52,,.,52,,,2,8,,2,,2,,,,1,,,,,,,,,1,2,2,1,0,2,4,,2,,,,,,,,3,3,19,,2,,,,2,,,,,,,,,,,,,,1,1,1,2,1,1,9,,62,01,1,01,8,0141,1100000,18,1386.1775011,
5361749,1,1,1,60,2,18,2,,,,,,,,,,,130,,,,,,,,,,,,,,,,,,,,,,,,,,,,,,,,,,,,,,,,,,,,,,,7,,2,,,2,3000000,1,36000000,3,,12,1,2,2,0,0,1,10,1,50,,.,50,,,2,8,,1,,2,,,,1,,,,,,,,,1,2,2,1,2,19,4,,2,,,,,,,,3,3,8,,2,,,,2,,,,,,,,,,,,,,1,1,1,2,1,1,9,,61,01,1,01,5,0141,3000000,18,998.61156119,
5361750,1,1,1,60,2,18,1,1,,,1,,,1,2,2,2,8,,1,,2,1000000,2,,,2,,2,,2,,2,,2,,,2,,,2,,,2,,,2,,,2,,,2,,2,,2,,2,,2,,2,,,.,,,,,,,,,.,12,,,,,,,,,56,,.,56,,,2,8,,2,,2,,,,1,,,,,,,,,1,2,2,1,0,15,8,,2,,,,,,,,3,3,4,,2,,,,2,,,,,,,,,,,,,,1,1,1,2,1,1,9,,60,01,1,01,1,0141,1000000,18,1313.596523,
5361751,1,1,1,60,2,18,1,1,,,1,,,1,2,2,2,5,,1,,2,1000000,2,,,2,,2,,2,,2,,2,,,2,,,2,,,2,,,2,,,2,,,2,,2,,2,,2,,2,,2,,,.,,,,,,,,,.,12,,,,,,,,,58,,.,58,,,2,8,,2,,2,,,,1,,,,,,,,,1,2,2,1,0,15,8,,2,,,,,,,,3,3,11,,2,,,,2,,,,,,,,,,,,,,1,1,1,2,1,1,9,,60,01,1,01,1,0141,1000000,18,1313.596523,
5361752,1,1,1,60,2,18,1,1,,,1,,,1,2,2,2,6,,1,,2,950000,2,,,2,,2,,2,,2,,2,,,2,,,2,,,2,,,2,,,2,,,2,,2,,2,,2,,2,,2,,,.,,,,,,,,,.,12,,,,,,,,,50,,.,50,,,2,8,,2,,2,,,,1,,,,,,,,,1,2,2,1,0,6,1,,2,,,,,,,,3,3,9,,2,,,,2,,,,,,,,,,,,,,1,1,1,2,1,1,9,,62,01,1,01,8,0141,950000,18,1486.8178815,
5361753,1,1,1,60,2,18,2,,,,,,,,,,,180,,,,,,,,,,,,,,,,,,,,,,,,,,,,,,,,,,,,,,,,,,,,,,,7,,2,,,2,500000,1,6000000,3,,12,1,1,1,0,0,1,10,2,57,,.,57,,,2,8,,2,,2,,,,1,,,,,,,,,1,2,2,1,0,16,4,,2,,,,,,,,3,3,6,,2,,,,2,,,,,,,,,,,,,,1,1,1,2,1,1,9,,61,01,1,01,5,0141,500000,18,1486.6705445,
5361754,1,1,1,60,2,18,1,1,,,1,,,1,2,2,2,36,,1,,2,500000,2,,,2,,2,,2,,2,,2,,,2,,,2,,,2,,,2,,,2,,,2,,2,,2,,2,,2,,2,,,.,,,,,,,,,.,12,,,,,,,,,56,,.,56,,,2,8,,2,,2,,,,1,,,,,,,,,1,2,2,1,0,5,8,,2,,,,,,,,3,3,9,,2,,,,2,,,,,,,,,,,,,,1,1,1,2,1,1,9,,62,01,1,01,8,0141,500000,18,1414.0698541,
5361755,1,1,1,60,2,18,2,,,,,,,,,,,2,,,,,,,,,,,,,,,,,,,,,,,,,,,,,,,,,,,,,,,,,,,,,,,7,,2,,,2,200000,1,400000,3,,12,2,,,,,3,1,2,35,2,,35,,,1,1,,10,,2,,,,1,,,,,,,,,1,2,2,1,0,5,3,,2,,,,,,,,3,14,,,2,,,,2,,,,,,,,,,,,,,1,1,1,2,1,1,9,,41,47,1,01,4,4724,200000,18,1047.3533321,
5361756,1,1,1,60,2,18,2,,,,,,,,,,,230,,,,,,,,,,,,,,,,,,,,,,,,,,,,,,,,,,,,,,,,,,,,,,,7,,2,,,2,600000,1,7200000,3,,12,1,1,0,0,1,1,10,2,35,2,,35,,,2,8,,2,,2,,,,1,,,,,,,,,1,2,2,1,2,16,3,,2,,,,,,,,3,3,5,,2,,,,2,,,,,,,,,,,,,,1,1,1,2,1,1,9,,61,01,1,01,4,0141,600000,18,889.457482,
5361756,1,2,1,60,2,18,2,,,,,,,,,,,12,,,,,,,,,,,,,,,,,,,,,,,,,,,,,,,,,,,,,,,,,,,,,,,,.,,,,,,,,,.,12,,,,,,,,,30,2,,30,,,2,8,,2,,2,,,,1,,,,,,,,,1,2,2,2,,,,,2,,,,,,,,,3,4,,2,,,,2,,,,,,,,,,,,,,1,1,1,2,1,1,9,,62,01,1,01,6,0141,,18,889.457482,
5361756,1,3,1,60,2,18,2,,,,,,,,,,,16,,,,,,,,,,,,,,,,,,,,,,,,,,,,,,,,,,,,,,,,,,,,,,,6,,,,,2,500000,1,8400000,3,,12,2,,,,,2,10,2,51,,.,51,,,1,8,,2,,2,,,,1,,,,,,,,,1,2,2,1,0,15,4,,2,,,,,,,,3,11,30,,2,,,,2,,,,,,,,,,,,,,1,1,1,2,1,1,9,,61,01,1,01,4,0161,500000,18,889.457482,
5361757,1,1,1,60,2,18,1,2,1,,1,,,1,1,1,1,288,,1,,2,1500000,2,,,2,,2,,2,,2,,2,,,2,,,2,,,2,,,2,,,2,,,1,800000,1,1500000,1,900000,2,,2,,2,,,.,,,,,,,,,.,12,,,,,,,,,30,3,HORARIO ESTIPULADO POR EL MAGISTERIO,30,,,9,7,,1,,1,3,1,24,1,1,,,,,,,,,1,1,1,2,12,4,,2,,,,,,,,3,3,8,,2,,,,2,,,,,,,,,,,,,,1,1,1,1,1,1,9,,13,85,1,01,2,8513,1500000,18,931.89991016,
5361758,1,1,1,60,2,18,2,,,,,,,,,,,12,,,,,,,,,,,,,,,,,,,,,,,,,,,,,,,,,,,,,,,,,,,,,,,7,,2,,,2,600000,1,7200000,3,,12,1,1,0,0,1,3,3,1,49,,.,49,,,2,1,,2,,2,,,,1,,,,,,,,,1,2,2,1,0,15,8,,2,,,,,,,,3,14,,,2,,,,2,,,,,,,,,,,,,,1,1,1,2,1,1,9,,21,45,1,01,4,4520,600000,18,978.04308207,
5361758,1,4,1,60,2,18,2,,,,,,,,,,,9,,,,,,,,,,,,,,,,,,,,,,,,,,,,,,,,,,,,,,,,,,,,,,,,.,,,,,,,,,.,12,,,,,,,,,37,2,,37,,,2,1,,2,,2,,,,1,,,,,,,,,1,2,2,1,0,2,4,,2,,,,,,,,3,14,,,2,,,,2,,,,,,,,,,,,,,1,1,1,2,1,1,9,,84,45,1,01,6,4520,,18,978.04308207,
5361759,1,1,1,60,2,18,2,,,,,,,,,,,160,,,,,,,,,,,,,,,,,,,,,,,,,,,,,,,,,,,,,,,,,,,,,,,7,,2,,,2,700000,1,8400000,3,,12,1,1,1,0,0,1,10,2,46,,.,46,,,2,8,,2,,2,,,,1,,,,,,,,,1,2,2,1,0,26,8,,2,,,,,,,,3,3,5,,2,,,,2,,,,,,,,,,,,,,1,1,1,2,1,1,9,,61,01,1,01,5,0141,700000,18,931.89991016,
5361760,1,1,1,60,2,18,2,,,,,,,,,,,12,,,,,,,,,,,,,,,,,,,,,,,,,,,,,,,,,,,,,,,,,,,,,,,6,,,,,2,500000,1,6000000,1,,12,2,,,,,2,3,2,40,,.,40,,,2,8,,2,,2,,,,1,,,,,,,,,1,2,2,1,0,12,1,,2,,,,,,,,7,3,15,,2,,,,1,1,2,1,1,1,2,1,1,1,2,,1,1,1,2,1,2,1,1,5,,61,01,1,01,4,0161,500000,18,1298.5006681,
5361761,1,1,1,60,2,18,2,,,,,,,,,,,36,,,,,,,,,,,,,,,,,,,,,,,,,,,,,,,,,,,,,,,,,,,,,,,7,,2,,,2,500000,1,6000000,3,,12,1,2,0,0,2,3,8,2,40,,.,40,,,2,1,,2,,2,,,,1,,,,,,,,,1,2,2,1,0,12,4,,2,,,,,,,,3,14,,,2,,,,2,,,,,,,,,,,,,,1,1,1,2,1,1,2,,41,47,1,01,4,4711,500000,18,1577.5403572,
5361761,1,2,1,60,2,18,2,,,,,,,,,,,36,,,,,,,,,,,,,,,,,,,,,,,,,,,,,,,,,,,,,,,,,,,,,,,,.,,,,,,,,,.,12,,,,,,,,,40,,.,40,,,2,1,,2,,2,,,,1,,,,,,,,,1,2,2,2,,,,,2,,,,,,,,,14,,,2,,,,2,,,,,,,,,,,,,,1,1,1,2,1,1,3,,45,47,1,01,6,4711,,18,1577.5403572,
5361761,1,4,1,60,2,18,2,,,,,,,,,,,12,,,,,,,,,,,,,,,,,,,,,,,,,,,,,,,,,,,,,,,,,,,,,,,,.,,,,,,,,,.,12,,,,,,,,,40,,.,40,,,2,1,,2,,2,,,,1,,,,,,,,,1,2,2,2,,,,,2,,,,,,,,,14,,,2,,,,2,,,,,,,,,,,,,,1,1,1,2,1,1,5,,45,47,1,01,6,4711,,18,1577.5403572,
5361762,1,2,1,60,2,18,2,,,,,,,,,,,36,,,,,,,,,,,,,,,,,,,,,,,,,,,,,,,,,,,,,,,,,,,,,,,7,,2,,,2,300000,1,3600000,1,,12,2,,,,,3,3,2,40,,.,40,,,2,1,,2,,2,,,,1,,,,,,,,,1,2,2,2,,,,,2,,,,,,,,,14,,,2,,,,2,,,,,,,,,,,,,,1,1,1,2,1,1,8,,45,47,1,01,4,4724,300000,18,835.27465987,
5361763,1,1,1,60,2,18,2,,,,,,,,,,,200,,,,,,,,,,,,,,,,,,,,,,,,,,,,,,,,,,,,,,,,,,,,,,,6,,,,,2,150000,1,1200000,1,,12,2,,,,,3,10,2,30,2,,30,,,2,1,,2,,2,,,,1,,,,,,,,,1,2,2,2,,,,,2,,,,,,,,,14,,,2,,,,2,,,,,,,,,,,,,,1,2,1,2,1,1,8,,45,56,1,01,4,5619,150000,18,603.88909622,
5361769,1,1,1,60,2,18,2,,,,,,,,,,,24,,,,,,,,,,,,,,,,,,,,,,,,,,,,,,,,,,,,,,,,,,,,,,,7,,2,,,2,400000,1,4800000,3,,12,2,,,,,3,1,2,39,2,,39,,,1,1,,2,,2,,,,1,,,,,,,,,1,2,2,1,0,2,3,,2,,,,,,,,3,14,,,2,,,,1,1,1,1,2,2,2,2,2,2,2,,2,1,2,2,2,2,2,1,9,,51,56,1,01,4,5611,400000,18,941.38766449,
5361770,1,1,1,60,2,18,2,,,,,,,,,,,16,,,,,,,,,,,,,,,,,,,,,,,,,,,,,,,,,,,,,,,,,,,,,,,7,,2,,,2,450000,1,5400000,3,,12,2,,,,,2,1,2,42,,.,42,,,1,8,,2,,2,,,,1,,,,,,,,,1,2,2,1,0,15,8,,2,,,,,,,,3,3,3,,2,,,,1,1,1,1,2,1,2,1,2,2,2,,2,1,2,2,2,2,2,2,9,,64,03,1,01,4,0312,450000,18,1298.5006681,
5361771,1,1,1,60,2,18,2,,,,,,,,,,,28,,,,,,,,,,,,,,,,,,,,,,,,,,,,,,,,,,,,,,,,,,,,,,,7,,2,,,2,300000,1,3600000,3,,12,2,,,,,2,10,2,42,,.,42,,,1,8,,2,,2,,,,1,,,,,,,,,1,2,2,1,0,6,8,,2,,,,,,,,3,9,15,,2,,,,1,1,1,2,2,2,2,2,2,1,2,,2,1,2,2,2,2,2,2,9,,64,03,1,01,4,0312,300000,18,1189.3420208,
5361772,1,1,1,60,2,18,2,,,,,,,,,,,26,,,,,,,,,,,,,,,,,,,,,,,,,,,,,,,,,,,,,,,,,,,,,,,6,,,,,2,800000,1,9600000,3,,12,2,,,,,2,3,1,59,,.,59,,,1,8,,2,,2,,,,1,,,,,,,,,1,2,2,1,0,5,8,,2,,,,,,,,3,11,20,,2,,,,2,,,,,,,,,,,,,,1,1,1,2,1,1,9,,62,01,1,01,4,0161,800000,18,1119.7869731,
5363958,1,1,1,60,2,27,2,,,,,,,,,,,96,,,,,,,,,,,,,,,,,,,,,,,,,,,,,,,,,,,,,,,,,,,,,,,6,,,,,2,200000,1,3000000,3,,12,2,,,,,3,9,2,50,,.,50,,,1,8,,2,,2,,,,1,,,,,,,,,1,2,2,2,,,,,2,,,,,,,,,3,40,,2,,,,2,,,,,,,,,,,,,,1,1,1,2,1,1,8,,61,01,1,01,4,0122,200000,27,2595.22948,
5363959,1,1,1,60,2,27,2,,,,,,,,,,,120,,,,,,,,,,,,,,,,,,,,,,,,,,,,,,,,,,,,,,,,,,,,,,,7,,2,,,2,300000,1,4000000,3,,12,2,,,,,3,9,2,50,,.,50,,,1,8,,2,,2,,,,1,,,,,,,,,1,2,2,2,,,,,2,,,,,,,,,3,40,,2,,,,2,,,,,,,,,,,,,,2,1,1,2,1,1,8,,61,01,1,01,4,0122,300000,27,2664.7468291,
5363963,1,1,1,60,2,27,1,1,,,1,,,1,2,2,2,240,,1,,2,800000,2,,,2,,2,,2,,2,,2,,,2,,,2,,,2,,,2,,,2,,,2,,2,,2,,2,,2,,2,,,.,,,,,,,,,.,12,,,,,,,,,60,,.,60,,,4,8,,2,,2,,,,1,,,,,,,,,1,2,2,2,,,,,2,,,,,,,,,3,20,,2,,,,2,,,,,,,,,,,,,,1,1,2,2,1,1,8,,62,01,1,01,1,0121,800000,27,1278.1004328,
5363977,1,1,1,60,2,27,1,1,,,1,,,1,2,2,2,30,,1,,2,1100000,2,,,2,,2,,2,,2,,2,,,2,,,2,,,2,,,2,,,2,,,2,,2,,2,,2,,2,,2,,,.,,,,,,,,,.,12,,,,,,,,,60,,.,60,,,4,8,,2,,2,,,,1,,,,,,,,,1,2,2,2,,,,,2,,,,,,,,,3,40,,2,,,,2,,,,,,,,,,,,,,1,1,1,2,1,1,8,,62,01,1,01,1,0122,1100000,27,1264.0210897,
5363978,1,1,1,60,2,27,1,1,,,1,,,2,2,2,2,200,,1,,2,1300000,2,,,2,,2,,2,,2,,2,,,2,,,2,,,2,,,2,,,2,,,2,,2,,2,,2,,2,,2,,,.,,,,,,,,,.,12,,,,,,,,,50,,.,50,,,5,8,,2,,2,,,,1,,,,,,,,,1,2,2,1,15,34,4,,2,,,,,,,,3,3,30,,2,,,,2,,,,,,,,,,,,,,1,1,1,2,1,1,8,,62,01,1,01,1,0121,1300000,27,680.55881379,
5363979,1,1,1,60,2,27,1,1,,,1,,,1,2,2,2,2,,1,,2,600000,2,,,2,,2,,2,,2,,2,,,2,,,2,,,2,,,2,,,2,,,2,,2,,2,,2,,2,,2,,,.,,,,,,,,,.,2,,,,,,,,,40,,.,40,,,4,8,,2,,2,,,,1,,,,,,,,,1,2,2,2,,,,,2,,,,,,,,,3,20,,2,,,,2,,,,,,,,,,,,,,1,1,1,2,1,1,8,,71,47,1,01,1,4752,600000,27,2588.4795571,
5363980,1,3,1,60,2,27,1,1,,,1,,,1,2,2,2,360,,1,,2,1000000,2,,,2,,2,,2,,2,,2,,,2,,,2,,,2,,,2,,,2,,,2,,2,,2,,2,,2,,2,,,.,,,,,,,,,.,12,,,,,,,,,50,,.,50,,,4,8,,2,,2,,,,1,,,,,,,,,1,2,2,2,,,,,2,,,,,,,,,3,30,,2,,,,2,,,,,,,,,,,,,,1,1,1,2,1,1,8,,71,47,1,01,1,4752,1000000,27,819.96679592,
5363994,1,1,1,60,2,52,2,,,,,,,,,,,92,,,,,,,,,,,,,,,,,,,,,,,,,,,,,,,,,,,,,,,,,,,,,,,7,,2,,,2,200000,1,2000000,3,,12,1,2,1,1,0,1,5,2,28,2,,28,,,2,8,,2,,2,,,,1,,,,,,,,,1,2,2,1,0,180,4,,2,,,,,,,,11,3,30,,2,,,,2,,,,,,,,,,,,,,1,2,1,2,1,1,3,,61,01,1,01,5,0141,200000,52,3112.2376647,
5363994,1,2,1,60,2,52,2,,,,,,,,,,,92,,,,,,,,,,,,,,,,,,,,,,,,,,,,,,,,,,,,,,,,,,,,,,,7,,2,,,2,200000,1,2000000,3,,12,1,2,1,1,0,1,5,1,21,2,,21,,,2,8,,2,,2,,,,1,,,,,,,,,1,2,2,1,0,60,4,,2,,,,,,,,11,3,30,,2,,,,2,,,,,,,,,,,,,,2,2,1,2,2,1,3,,61,01,1,01,5,0141,200000,52,3112.2376647,
5363994,1,3,1,60,2,52,2,,,,,,,,,,,432,,,,,,,,,,,,,,,,,,,,,,,,,,,,,,,,,,,,,,,,,,,,,,,6,,,,,3,250000,1,2500000,3,,12,2,,,,,2,1,1,40,,.,24,6,,1,8,,2,,2,,,,1,,,,,,,,,1,2,2,1,0,6,4,,1,52,14,4,,150000,1,1,2,3,30,1,1,10,2,1,1,1,2,1,2,2,2,2,1,2,2,,2,1,1,2,1,2,2,1,3,,62,01,1,01,4,0161,400000,52,3112.2376647,
5363994,1,4,1,60,2,52,2,,,,,,,,,,,60,,,,,,,,,,,,,,,,,,,,,,,,,,,,,,,,,,,,,,,,,,,,,,,6,,,,,3,500000,1,4000000,3,,12,2,,,,,2,1,1,40,,.,32,6,,1,8,,2,,2,,,,1,,,,,,,,,1,2,2,2,,,,,2,,,,,,,,,3,30,1,2,,,,1,1,2,1,2,2,2,2,1,2,2,,2,1,2,2,1,2,2,1,3,,62,01,1,01,4,0161,500000,52,3112.2376647,
5363994,1,5,1,60,2,52,2,,,,,,,,,,,192,,,,,,,,,,,,,,,,,,,,,,,,,,,,,,,,,,,,,,,,,,,,,,,7,,2,,,2,450000,1,5000000,3,,12,2,,,,,1,1,1,40,,.,40,,,1,8,,2,,2,,,,1,,,,,,,,,1,2,2,1,0,48,4,,2,,,,,,,,10,11,15,,2,,,,2,,,,,,,,,,,,,,1,2,1,2,1,1,3,,61,01,1,01,4,0141,450000,52,3112.2376647,
5363995,1,3,1,60,2,52,2,,,,,,,,,,,10,,,,,,,,,,,,,,,,,,,,,,,,,,,,,,,,,,,,,,,,,,,,,,,6,,,,,3,150000,1,1800000,1,,12,2,,,,,2,1,2,32,1,,16,6,,1,8,,2,,2,,,,1,,,,,,,,,1,2,2,1,0,3,1,,2,,,,,,,,1,3,30,1,1,40,2,1,1,1,1,1,2,2,2,2,2,2,2,,1,1,1,2,1,2,2,1,8,,62,01,1,01,4,0161,150000,52,2969.1821336,
5363996,1,1,1,60,2,52,2,,,,,,,,,,,12,,,,,,,,,,,,,,,,,,,,,,,,,,,,,,,,,,,,,,,,,,,,,,,6,,,,,3,0,1,40000,1,,12,2,,,,,3,5,2,12,2,,12,,,1,1,,2,,2,,,,1,,,,,,,,,1,2,2,1,24,12,4,,2,,,,,,,,6,14,,,2,,,,2,,,,,,,,,,,,,,1,2,1,2,1,1,3,,61,01,1,01,4,0149,0,52,1507.988783,
5363998,1,1,1,60,2,52,2,,,,,,,,,,,60,,,,,,,,,,,,,,,,,,,,,,,,,,,,,,,,,,,,,,,,,,,,,,,6,,,,,3,30000,1,390000,3,,12,1,1,0,0,1,3,1,2,14,2,,14,,,2,1,,4,,2,,,,1,,,,,,,,,1,2,2,2,,,,,1,52,8,4,,0,2,8,,14,,,2,,,,1,1,1,1,2,2,2,2,2,2,2,,1,1,1,2,1,2,1,1,3,,61,01,1,01,4,0145,30000,52,1431.2135744,
5363998,1,2,1,60,2,52,2,,,,,,,,,,,24,,,,,,,,,,,,,,,,,,,,,,,,,,,,,,,,,,,,,,,,,,,,,,,,.,,,,,,,,,.,12,,,,,,,,,3,2,,3,,,2,1,,4,,,,,,1,,,,,,,,,1,2,2,2,,,,,2,,,,,,,,,14,,,2,,,,2,,,,,,,,,,,,,,1,2,1,2,1,1,3,,62,01,1,01,6,0145,,52,1431.2135744,
5364002,1,1,1,60,2,52,2,,,,,,,,,,,48,,,,,,,,,,,,,,,,,,,,,,,,,,,,,,,,,,,,,,,,,,,,,,,6,,,,,3,200000,1,2400000,1,,12,2,,,,,2,1,2,48,,.,24,6,,1,8,,2,,2,,,,1,,,,,,,,,1,2,2,1,0,2,1,,2,,,,,,,,1,3,120,2,1,24,2,1,1,1,2,1,2,2,2,2,1,1,2,,2,1,1,1,1,2,2,1,9,,62,01,1,01,4,0161,200000,52,1431.2135744,
5364002,1,2,1,60,2,52,2,,,,,,,,,,,420,,,,,,,,,,,,,,,,,,,,,,,,,,,,,,,,,,,,,,,,,,,,,,,6,,,,,3,200000,1,2400000,1,,12,2,,,,,2,1,2,40,,.,0,1,,1,8,,2,,2,,,,1,,,,,,,,,1,2,2,2,,,,,2,,,,,,,,,3,40,2,2,,,,1,1,2,1,2,1,2,2,1,1,2,,2,1,1,2,1,2,2,1,3,,62,01,1,01,4,0161,200000,52,1431.2135744,
5364003,1,1,1,60,2,52,2,,,,,,,,,,,36,,,,,,,,,,,,,,,,,,,,,,,,,,,,,,,,,,,,,,,,,,,,,,,6,,,,,3,200000,1,2000000,3,,12,2,,,,,2,4,2,21,2,,21,,,1,8,,2,,2,,,,1,,,,,,,,,1,2,2,1,0,120,4,,1,52,4,4,,50000,1,7,13,3,3,,1,15,2,1,1,1,2,1,2,2,2,2,1,2,2,,2,1,1,1,1,2,1,1,3,,61,01,1,01,4,0149,250000,52,2319.3664869,
5364004,1,1,1,60,2,52,2,,,,,,,,,,,28,,,,,,,,,,,,,,,,,,,,,,,,,,,,,,,,,,,,,,,,,,,,,,,6,,,,,3,200000,1,2400000,1,,12,2,,,,,2,1,2,48,,.,0,1,,1,8,,2,,2,,,,1,,,,,,,,,1,2,2,1,0,2,1,,2,,,,,,,,1,11,60,1,1,28,1,1,1,1,2,1,2,2,2,2,1,1,2,,2,1,1,2,1,2,2,1,2,,61,01,1,01,4,0161,200000,52,4160.667189,
5364004,1,2,1,60,2,52,2,,,,,,,,,,,5,,,,,,,,,,,,,,,,,,,,,,,,,,,,,,,,,,,,,,,,,,,,,,,6,,,,,3,0,1,200000,3,,12,1,1,0,0,1,3,1,2,7,2,,7,,,2,1,,2,,2,,,,1,,,,,,,,,1,2,2,1,0,60,1,,2,,,,,,,,1,14,,,1,24,2,1,1,1,2,1,2,2,2,2,2,2,2,,2,1,1,2,1,2,1,1,3,,61,01,1,01,4,0145,0,52,4160.667189,
5364004,1,3,1,60,2,52,2,,,,,,,,,,,5,,,,,,,,,,,,,,,,,,,,,,,,,,,,,,,,,,,,,,,,,,,,,,,,.,,,,,,,,,.,5,,,,,,,,,10,2,,10,,,2,1,,2,,2,,,,1,,,,,,,,,1,2,2,2,,,,,2,,,,,,,,,14,,,2,,,,2,,,,,,,,,,,,,,1,2,1,2,1,1,3,,62,01,1,01,6,0145,,52,4160.667189,
5364007,1,1,1,60,2,52,2,,,,,,,,,,,48,,,,,,,,,,,,,,,,,,,,,,,,,,,,,,,,,,,,,,,,,,,,,,,6,,,,,3,100000,1,1200000,3,,12,2,,,,,2,1,2,24,1,,16,6,,1,8,,2,,2,,,,1,,,,,,,,,1,2,2,1,0,3,1,,2,,,,,,,,1,3,60,2,1,24,2,1,1,1,2,1,2,2,2,2,1,1,2,,2,1,1,2,1,2,1,1,2,,61,01,1,01,4,0161,100000,52,3389.1929978,
5364008,1,1,1,60,2,52,2,,,,,,,,,,,60,,,,,,,,,,,,,,,,,,,,,,,,,,,,,,,,,,,,,,,,,,,,,,,6,,,,,3,200000,1,2400000,1,,12,2,,,,,2,1,2,32,1,,0,6,,1,8,,2,,2,,,,1,,,,,,,,,1,2,2,1,0,3,1,,2,,,,,,,,1,3,60,2,1,32,2,1,2,,,,,,,,,,,,,,1,2,1,2,1,1,2,,61,01,1,01,4,0161,200000,52,1431.2135744,
5364008,1,4,1,60,2,52,1,2,2,6,2,4,SEGURCOL,1,1,2,1,5,,1,,2,1800000,2,,,2,,2,,2,,2,,2,,,1,109000,1,2,,,2,,,2,,,2,,,1,520000,2,,2,,2,,2,,2,,,.,,,,,,,,,.,10,,,,,,,,,72,,.,72,,,9,7,,1,,1,1,1,0,1,1,,,,,,,,,1,1,1,2,4,1,,2,,,,,,,,3,3,20,,2,,,,2,,,,,,,,,,,,,,1,1,1,2,1,2,3,,58,06,1,01,1,0610,1800000,52,1431.2135744,8010
5364010,1,1,1,60,2,52,2,,,,,,,,,,,456,,,,,,,,,,,,,,,,,,,,,,,,,,,,,,,,,,,,,,,,,,,,,,,6,,,,,3,300000,1,3300000,3,,12,2,,,,,2,1,1,40,,.,24,6,,1,8,,2,,2,,,,1,,,,,,,,,1,2,2,1,0,12,6,,2,,,,,,,,13,3,35,1,2,,,,1,1,1,2,2,2,2,2,1,2,2,,2,1,1,2,1,2,2,1,8,,61,01,1,01,4,0161,300000,52,1431.2135744,
5364011,1,1,1,60,2,52,2,,,,,,,,,,,96,,,,,,,,,,,,,,,,,,,,,,,,,,,,,,,,,,,,,,,,,,,,,,,7,,2,,,2,600000,1,5000000,3,,12,2,,,,,3,1,1,40,,.,20,6,,1,7,,2,,2,,,,1,,,,,,,,,1,2,2,1,0,120,4,,2,,,,,,,,10,3,3,1,2,,,,1,1,2,1,2,2,2,2,1,2,2,,1,1,1,2,1,2,2,1,9,,84,45,1,01,4,4542,600000,52,3622.4544664,
5364011,1,3,1,60,2,52,1,2,2,6,2,4,EMPRESA PARTICULAR,1,1,2,1,5,,1,,2,1200000,2,,,2,,2,,2,,2,,2,,,1,102854,2,2,,,2,,,2,,,2,,,2,,2,,2,,2,,2,,2,,,.,,,,,,,,,.,12,,,,,,,,,40,,.,40,,,9,7,,1,,1,2,1,0,1,,,,,,,,,1,1,1,1,0,60,4,,2,,,,,,,,8,11,10,,2,,,,2,,,,,,,,,,,,,,1,1,1,2,2,1,3,,58,06,1,01,1,0610,1200000,52,3622.4544664,8010
5364012,1,1,1,60,2,52,2,,,,,,,,,,,4,,,,,,,,,,,,,,,,,,,,,,,,,,,,,,,,,,,,,,,,,,,,,,,6,,,,,3,500000,1,2000000,1,,12,2,,,,,3,1,1,60,,.,60,,,1,4,,2,,2,,,,1,,,,,,,,,1,2,2,1,0,120,4,,2,,,,,,,,3,14,,,1,12,2,1,1,1,2,1,2,2,2,2,1,1,2,,2,1,2,2,2,2,2,1,9,,98,49,1,01,4,4921,500000,52,3834.9438073,
5364012,1,2,1,60,2,52,2,,,,,,,,,,,9,,,,,,,,,,,,,,,,,,,,,,,,,,,,,,,,,,,,,,,,,,,,,,,6,,,,,3,100000,1,900000,3,,10,2,,,,,3,1,2,48,,.,48,,,1,1,,2,,2,,,,1,,,,,,,,,1,2,2,1,2,6,1,,2,,,,,,,,5,14,,,2,,,,2,,,,,,,,,,,,,,2,2,1,2,2,1,3,,41,47,1,01,4,4711,100000,52,3834.9438073,
5364013,1,1,1,60,2,52,2,,,,,,,,,,,24,,,,,,,,,,,,,,,,,,,,,,,,,,,,,,,,,,,,,,,,,,,,,,,6,,,,,3,60000,1,660000,1,,12,2,,,,,2,4,1,8,2,,8,,,1,8,,2,,2,,,,1,,,,,,,,,1,2,2,1,0,48,4,,2,,,,,,,,13,3,15,,2,,,,2,,,,,,,,,,,,,,2,1,1,2,2,1,3,,61,01,1,01,4,0162,60000,52,2882.9964725,
5364014,1,2,1,60,2,52,1,2,2,12,1,,,2,1,2,1,36,,1,,2,877803,2,,,1,200000,2,,2,,2,,2,,,2,,,1,35000,2,2,,,2,,,2,,,1,877803,2,,2,,2,,2,,2,,,.,,,,,,,,,.,12,,,,,,,,,60,,.,60,,,9,7,,1,,1,2,1,3,1,1,,,,,,,,,1,1,1,0,6,4,,2,,,,,,,,8,11,40,,2,,,,1,1,2,1,2,2,2,2,1,2,2,,1,1,2,2,2,2,1,1,3,,53,56,1,01,1,5611,1077803,52,3394.0160467,
5364016,1,1,1,60,2,52,1,1,,,1,,,1,2,2,2,312,,1,,2,200000,2,,,1,200000,2,,2,,2,,2,,,2,,,2,,,2,,,2,,,2,,,2,,2,,2,,2,,2,,2,,,.,,,,,,,,,.,12,,,,,,,,,32,2,,32,,,4,7,,2,,2,,,,1,,,1,,,,,,,2,2,2,,,,,2,,,,,,,,,3,2,,2,,,,2,,,,,,,,,,,,,,1,1,1,2,1,1,8,,53,56,1,01,1,5611,400000,52,1324.180548,
5364016,1,2,1,60,2,52,1,1,,,1,,,1,2,2,2,60,,1,,2,200000,2,,,1,200000,2,,2,,2,,2,,,2,,,2,,,2,,,2,,,2,,,2,,2,,2,,2,,2,,2,,,.,,,,,,,,,.,12,,,,,,,,,48,,.,48,,,4,7,,2,,2,,,,1,,,,,,,,,1,2,2,2,,,,,2,,,,,,,,,3,2,,2,,,,1,1,2,1,2,2,2,2,2,2,2,,1,1,1,2,1,2,1,1,3,,53,56,1,01,1,5611,400000,52,1324.180548,
5364017,1,1,1,60,2,52,2,,,,,,,,,,,312,,,,,,,,,,,,,,,,,,,,,,,,,,,,,,,,,,,,,,,,,,,,,,,7,,2,,,2,0,1,98,3,,12,2,,,,,3,1,1,40,,.,40,,,1,7,,2,,2,,,,1,,,1,,,,,,,2,2,1,0,6,1,,2,,,,,,,,10,3,3,,2,,,,2,,,,,,,,,,,,,,1,2,1,2,2,1,3,,81,31,1,01,4,3110,0,52,4136.1434308,
5364018,1,1,1,60,2,52,2,,,,,,,,,,,12,,,,,,,,,,,,,,,,,,,,,,,,,,,,,,,,,,,,,,,,,,,,,,,6,,,,,3,300000,1,3900000,3,,12,1,2,0,0,2,2,1,2,40,,.,40,,,2,1,,2,,2,,,,1,,,1,,,,,,,2,2,1,0,36,4,,2,,,,,,,,2,14,,,1,24,2,1,2,,,,,,,,,,,,,,1,2,1,2,2,1,8,,53,56,1,01,4,5619,300000,52,3633.695454,
5364018,1,2,1,60,2,52,2,,,,,,,,,,,12,,,,,,,,,,,,,,,,,,,,,,,,,,,,,,,,,,,,,,,,,,,,,,,,.,,,,,,,,,.,12,,,,,,,,,24,2,,24,,,2,1,,2,,2,,,,1,,,,,,,,,1,2,2,1,0,120,4,,2,,,,,,,,2,14,,,2,,,,2,,,,,,,,,,,,,,1,1,1,2,1,1,3,,53,56,1,01,6,5619,,52,3633.695454,
5364018,1,3,1,60,2,52,2,,,,,,,,,,,12,,,,,,,,,,,,,,,,,,,,,,,,,,,,,,,,,,,,,,,,,,,,,,,,.,,,,,,,,,.,12,,,,,,,,,12,2,,12,,,2,5,,2,,,,,,1,,,,,,,,,1,2,2,2,,,,,2,,,,,,,,,11,10,,2,,,,2,,,,,,,,,,,,,,1,1,1,2,1,1,3,,97,56,1,01,6,5619,,52,3633.695454,
5364019,1,1,1,60,2,52,2,,,,,,,,,,,384,,,,,,,,,,,,,,,,,,,,,,,,,,,,,,,,,,,,,,,,,,,,,,,7,,2,,,2,400000,1,3000000,3,,12,1,6,6,0,0,3,3,2,30,1,,30,,,4,7,,1,,3,,,,,.,,,,,,,,,2,1,1,0,216,1,,1,52,4,4,,0,1,1,10,3,5,,2,,,,2,,,,,,,,,,,,,,1,1,1,2,1,1,10,PENSION,51,56,1,01,5,5611,400000,52,1324.180548,
5364019,1,2,1,60,2,52,1,1,,,1,,,2,2,2,2,1,,1,,2,500000,2,,,2,,2,,2,,2,,2,,,2,,,2,,,2,,,2,,,2,,,2,,2,,2,,2,,2,,2,,,.,,,,,,,,,.,12,,,,,,,,,40,,.,40,,,2,2,,2,,2,,,,1,,,,,,,,,1,2,2,1,0,6,1,,2,,,,,,,,13,3,45,,2,,,,2,,,,,,,,,,,,,,1,2,1,2,2,1,3,,95,41,1,01,1,4111,500000,52,1324.180548,
5364019,1,3,1,60,2,52,1,1,,,1,,,2,2,2,2,240,,1,,2,200000,2,,,1,150000,2,,2,,2,,2,,,2,,,2,,,2,,,2,,,2,,,2,,2,,2,,2,,2,,2,,,.,,,,,,,,,.,12,,,,,,,,,40,,.,40,,,4,7,,2,,2,,,,1,,,1,,,,,,,2,2,2,,,,,2,,,,,,,,,3,5,,1,20,2,1,2,,,,,,,,,,,,,,1,1,1,2,1,1,3,,53,56,1,01,1,5611,350000,52,1324.180548,
5364019,1,4,1,60,2,52,1,2,2,12,1,,,1,2,2,1,4,,2,,2,877803,2,,,2,,2,,2,,2,,2,,,1,102854,2,2,,,2,,,2,,,2,,,2,,2,,2,,2,,2,,2,,,.,,,,,,,,,.,7,,,,,,,,,48,,.,48,,,6,7,,1,,1,2,1,0,1,1,,,,,,,,,1,1,1,5,3,1,,2,,,,,,,,13,12,20,,2,,,,2,,,,,,,,,,,,,,1,1,1,2,1,1,3,,39,55,1,01,1,5511,877803,52,1324.180548,
5364019,1,5,1,60,2,52,1,1,,,1,,,1,2,2,2,3,,1,,2,100000,2,,,1,150000,2,,2,,2,,2,,,2,,,2,,,2,,,2,,,2,,,2,,2,,2,,2,,2,,2,,,.,,,,,,,,,.,3,,,,,,,,,10,2,,10,,,4,7,,2,,2,,,,1,,,,,,,,,1,2,2,2,,,,,2,,,,,,,,,3,5,,2,,,,2,,,,,,,,,,,,,,1,1,1,2,1,1,3,,33,56,1,01,1,5611,250000,52,1324.180548,
5364020,1,1,1,60,2,52,2,,,,,,,,,,,264,,,,,,,,,,,,,,,,,,,,,,,,,,,,,,,,,,,,,,,,,,,,,,,6,,,,,3,250000,1,3000000,3,,12,2,,,,,2,10,1,40,,.,32,6,,1,8,,2,,2,,,,1,,,,,,,,,1,2,2,1,0,72,3,,2,,,,,,,,3,3,45,1,2,,,,1,1,2,1,2,2,2,2,1,2,2,,2,1,1,2,1,2,2,1,3,,62,01,1,01,4,0161,250000,52,1863.7675849,
5364020,1,2,1,60,2,52,2,,,,,,,,,,,48,,,,,,,,,,,,,,,,,,,,,,,,,,,,,,,,,,,,,,,,,,,,,,,6,,,,,3,250000,1,3000000,3,,12,2,,,,,2,1,1,40,,.,40,,,1,8,,2,,2,,,,1,,,,,,,,,1,2,2,2,,,,,2,,,,,,,,,3,45,,2,,,,1,1,2,1,2,2,2,2,1,2,2,,2,1,1,2,1,2,2,1,8,,62,01,1,01,4,0161,250000,52,1863.7675849,
5364021,1,1,1,60,2,52,2,,,,,,,,,,,12,,,,,,,,,,,,,,,,,,,,,,,,,,,,,,,,,,,,,,,,,,,,,,,6,,,,,3,80000,1,960000,1,,12,2,,,,,3,1,2,20,2,,20,,,1,1,,2,,2,,,,1,,,1,,,,,,,2,2,1,0,72,1,,1,52,4,4,,24000,1,2,2,14,,,1,24,2,1,1,1,2,1,2,2,2,2,2,2,2,,2,1,1,2,1,2,2,1,8,,77,56,1,01,4,5619,104000,52,1324.180548,
5364023,1,1,1,60,2,52,2,,,,,,,,,,,264,,,,,,,,,,,,,,,,,,,,,,,,,,,,,,,,,,,,,,,,,,,,,,,6,,,,,3,400000,1,4000000,3,,12,2,,,,,2,10,1,40,,.,40,,,1,8,,2,,2,,,,1,,,,,,,,,1,2,2,1,0,24,6,,1,52,14,4,,0,1,8,13,11,20,,2,,,,2,,,,,,,,,,,,,,1,2,1,2,1,1,3,,61,01,1,01,4,0161,400000,52,2324.6655345,
5364023,1,2,1,60,2,52,2,,,,,,,,,,,120,,,,,,,,,,,,,,,,,,,,,,,,,,,,,,,,,,,,,,,,,,,,,,,7,,2,,,2,300000,1,3600000,3,,12,1,2,0,1,1,3,3,1,60,,.,60,,,2,7,,2,,2,,,,1,,,,,,,,,1,2,2,1,0,24,1,,2,,,,,,,,10,3,20,,2,,,,2,,,,,,,,,,,,,,1,1,1,2,1,1,3,,41,47,1,01,4,4711,300000,52,2324.6655345,
5364023,1,3,1,60,2,52,2,,,,,,,,,,,12,,,,,,,,,,,,,,,,,,,,,,,,,,,,,,,,,,,,,,,,,,,,,,,,.,,,,,,,,,.,12,,,,,,,,,21,2,,21,,,2,7,,2,,,,,,1,,,,,,,,,1,2,2,2,,,,,2,,,,,,,,,3,20,,2,,,,2,,,,,,,,,,,,,,1,2,1,2,1,1,3,,45,47,1,01,6,4711,,52,2324.6655345,
5364024,1,2,1,60,2,19,2,,,,,,,,,,,60,,,,,,,,,,,,,,,,,,,,,,,,,,,,,,,,,,,,,,,,,,,,,,,6,,,,,3,600000,1,4000000,3,,12,2,,,,,2,1,1,40,,.,40,,,1,8,,2,,2,,,,1,,,,,,,,,1,2,2,1,0,36,6,,2,,,,,,,,13,3,20,,2,,,,1,1,2,1,2,2,2,2,1,2,2,,2,1,1,2,1,2,2,1,3,,62,01,1,01,4,0161,600000,52,3608.9433022,
5364024,1,3,1,60,2,52,2,,,,,,,,,,,36,,,,,,,,,,,,,,,,,,,,,,,,,,,,,,,,,,,,,,,,,,,,,,,6,,,,,3,200000,1,2400000,1,,12,2,,,,,2,1,1,40,,.,24,6,,1,8,,2,,2,,,,1,,,,,,,,,1,2,2,1,0,24,6,,2,,,,,,,,13,3,10,2,2,,,,1,1,2,1,2,2,2,2,1,2,2,,2,1,1,2,1,2,2,1,3,,62,01,1,01,4,0161,200000,52,3608.9433022,
5364061,1,1,1,60,2,52,2,,,,,,,,,,,120,,,,,,,,,,,,,,,,,,,,,,,,,,,,,,,,,,,,,,,,,,,,,,,6,,,,,3,300000,1,3600000,3,,12,2,,,,,2,1,2,28,1,,28,,,1,8,,2,,2,,,,1,,,,,,,,,1,2,2,1,0,36,6,,2,,,,,,,,13,3,10,,1,20,2,1,2,,,,,,,,,,,,,,1,1,1,2,2,1,8,,61,01,1,01,4,0161,300000,52,1431.2135744,
5364062,1,3,1,60,2,52,2,,,,,,,,,,,36,,,,,,,,,,,,,,,,,,,,,,,,,,,,,,,,,,,,,,,,,,,,,,,6,,,,,3,600000,1,6200000,1,,12,2,,,,,2,1,2,48,,.,48,,,1,2,,2,,2,,,,1,,,,,,,,,1,2,2,1,0,120,4,,2,,,,,,,,3,11,15,,2,,,,1,1,2,1,2,2,2,2,1,1,2,,2,1,1,2,1,2,2,1,8,,95,41,1,01,4,4111,600000,52,2969.1821336,
5364063,1,1,1,60,2,52,2,,,,,,,,,,,456,,,,,,,,,,,,,,,,,,,,,,,,,,,,,,,,,,,,,,,,,,,,,,,6,,,,,3,120000,1,1300000,1,,12,2,,,,,2,4,1,40,,.,24,6,,1,8,,2,,2,,,,1,,,,,,,,,1,2,2,1,0,24,6,,2,,,,,,,,13,3,10,1,2,,,,1,1,2,1,2,2,2,2,1,2,2,,2,1,1,2,1,2,2,1,3,,61,01,1,01,4,0111,120000,52,1431.2135744,
5364064,1,1,1,60,2,52,2,,,,,,,,,,,588,,,,,,,,,,,,,,,,,,,,,,,,,,,,,,,,,,,,,,,,,,,,,,,7,,2,,,2,0,1,2500000,3,,12,1,2,2,0,0,2,5,1,40,,.,40,,,2,8,,2,,2,,,,1,,,,,,,,,1,2,2,1,0,24,6,,1,52,14,4,,200000,1,8,9,3,10,,2,,,,1,1,2,1,2,2,2,2,1,2,2,,2,1,2,2,2,2,1,1,3,,61,01,1,01,5,0113,200000,52,1431.2135744,
5364065,1,1,1,60,2,52,2,,,,,,,,,,,48,,,,,,,,,,,,,,,,,,,,,,,,,,,,,,,,,,,,,,,,,,,,,,,6,,,,,3,80000,1,960000,1,,12,2,,,,,2,5,2,32,1,,0,1,,1,8,,2,,2,,,,1,,,,,,,,,1,2,2,1,0,240,6,,2,,,,,,,,2,3,30,2,2,,,,1,1,2,1,2,2,2,2,1,1,2,,2,1,1,2,1,2,2,1,3,,61,01,1,01,4,0161,80000,52,1507.988783,
5364066,1,1,1,60,2,52,2,,,,,,,,,,,12,,,,,,,,,,,,,,,,,,,,,,,,,,,,,,,,,,,,,,,,,,,,,,,6,,,,,3,300000,1,3000000,3,,12,2,,,,,2,10,1,40,,.,24,6,,1,8,,2,,2,,,,1,,,,,,,,,1,2,2,1,3,444,4,,2,,,,,,,,11,3,15,1,2,,,,1,1,2,1,2,2,2,2,1,2,2,,2,1,2,2,1,2,2,1,3,,61,01,1,01,4,0113,300000,52,2512.5673942,
5364066,1,3,1,60,2,52,2,,,,,,,,,,,1,,,,,,,,,,,,,,,,,,,,,,,,,,,,,,,,,,,,,,,,,,,,,,,6,,,,,2,0,1,0,3,,12,1,1,0,1,0,2,4,2,24,2,,24,,,2,8,,2,,2,,,,1,,,,,,,,,1,2,2,1,0,12,6,,2,,,,,,,,13,3,5,,2,,,,2,,,,,,,,,,,,,,1,2,1,2,2,1,3,,61,01,1,01,4,0111,0,52,2512.5673942,
5364067,1,1,1,60,2,52,2,,,,,,,,,,,336,,,,,,,,,,,,,,,,,,,,,,,,,,,,,,,,,,,,,,,,,,,,,,,6,,,,,3,150000,1,1200000,3,,12,2,,,,,2,1,2,14,2,,14,,,1,8,,2,,2,,,,1,,,,,,,,,1,2,2,1,0,240,4,,2,,,,,,,,11,3,15,,2,,,,2,,,,,,,,,,,,,,1,2,1,2,1,1,3,,61,01,1,01,4,0141,150000,52,1431.2135744,
5364067,1,2,1,60,2,52,2,,,,,,,,,,,792,,,,,,,,,,,,,,,,,,,,,,,,,,,,,,,,,,,,,,,,,,,,,,,6,,,,,3,0,1,200000,1,,12,2,,,,,2,1,2,14,2,,14,,,1,8,,2,,2,,,,1,,,,,,,,,1,2,2,2,,,,,1,52,8,4,,30000,1,1,,14,,,2,,,,2,,,,,,,,,,,,,,1,2,1,2,1,1,3,,61,01,1,01,4,0149,30000,52,1431.2135744,
5364068,1,1,1,60,2,52,2,,,,,,,,,,,264,,,,,,,,,,,,,,,,,,,,,,,,,,,,,,,,,,,,,,,,,,,,,,,7,,2,,,3,0,1,98,3,,12,1,2,0,1,1,2,1,2,40,,.,40,,,2,8,,2,,2,,,,1,,,,,,,,,1,2,2,1,0,24,6,,1,52,21,4,,100000,2,8,13,3,60,,2,,,,2,,,,,,,,,,,,,,1,2,1,2,1,1,8,,61,01,1,01,4,0113,100000,52,2745.8288628,
5364068,1,2,1,60,2,52,2,,,,,,,,,,,180,,,,,,,,,,,,,,,,,,,,,,,,,,,,,,,,,,,,,,,,,,,,,,,,.,,,,,,,,,.,12,,,,,,,,,25,2,,25,,,2,8,,2,,2,,,,1,,,,,,,,,1,2,2,1,0,36,4,,2,,,,,,,,9,3,60,,2,,,,2,,,,,,,,,,,,,,1,2,1,2,1,1,3,,62,01,1,01,6,0113,,52,2745.8288628,
5364069,1,1,1,60,2,52,2,,,,,,,,,,,396,,,,,,,,,,,,,,,,,,,,,,,,,,,,,,,,,,,,,,,,,,,,,,,6,,,,,3,300000,1,3600000,3,,12,2,,,,,2,1,1,40,,.,32,6,,1,8,,2,,2,,,,1,,,,,,,,,1,2,2,1,0,24,6,,2,,,,,,,,13,11,20,1,2,,,,1,1,2,1,2,2,2,2,1,2,2,,2,1,1,1,1,2,2,1,8,,62,01,1,01,4,0161,300000,52,1516.6520078,
5364069,1,3,1,60,2,52,1,2,2,3,1,,,2,2,2,2,12,,,,,,,,,,,,,,,,,,,,,,,,,,,,,,,,,,,,,,,,,,,,,,,1,,,,,3,877803,1,1053000,3,,12,2,,,,,1,1,1,48,,.,48,,,9,7,,1,,1,1,2,1,1,1,,,,,,,,,1,2,1,0,2,1,,2,,,,,,,,8,3,20,,2,,,,2,,,,,,,,,,,,,,1,2,1,2,2,1,3,,59,86,1,01,4,8621,877803,52,1516.6520078,
5364070,1,1,1,60,2,52,2,,,,,,,,,,,468,,,,,,,,,,,,,,,,,,,,,,,,,,,,,,,,,,,,,,,,,,,,,,,6,,,,,3,200000,1,2400000,3,,12,2,,,,,2,1,2,32,1,,32,,,1,8,,2,,2,,,,1,,,,,,,,,1,2,2,1,0,24,6,,2,,,,,,,,13,3,10,,1,24,2,1,1,1,2,1,2,2,2,2,2,2,2,,2,1,1,2,1,2,1,1,8,,61,01,1,01,4,0161,200000,52,2338.7157382,
5364070,1,2,1,60,2,52,2,,,,,,,,,,,60,,,,,,,,,,,,,,,,,,,,,,,,,,,,,,,,,,,,,,,,,,,,,,,6,,,,,3,0,1,200000,1,,12,2,,,,,3,3,2,14,2,,14,,,1,1,,2,,2,,,,1,,,,,,,,,1,2,2,1,0,348,4,,1,52,8,4,,50000,1,8,13,14,,,2,,,,2,,,,,,,,,,,,,,1,2,1,2,1,1,3,,61,01,1,01,4,0149,50000,52,2338.7157382,
5364071,1,2,1,60,2,52,2,,,,,,,,,,,240,,,,,,,,,,,,,,,,,,,,,,,,,,,,,,,,,,,,,,,,,,,,,,,6,,,,,3,200000,1,2400000,3,,12,2,,,,,2,10,1,40,,.,24,6,,1,8,,2,,2,,,,1,,,1,,,,,,,2,2,1,0,36,6,,2,,,,,,,,13,11,15,1,2,,,,1,1,2,1,2,2,2,2,1,2,2,,2,1,1,2,1,2,2,1,3,,61,01,1,01,4,0161,200000,52,4323.6204995,
5364074,1,1,1,60,2,52,2,,,,,,,,,,,12,,,,,,,,,,,,,,,,,,,,,,,,,,,,,,,,,,,,,,,,,,,,,,,6,,,,,3,150000,1,1800000,1,,12,2,,,,,2,1,2,24,2,,24,,,1,8,,2,,2,,,,1,,,,,,,,,1,2,2,1,1,300,4,,2,,,,,,,,11,3,15,,2,,,,1,1,2,1,2,2,2,2,1,2,2,,2,1,2,2,1,2,2,1,3,,62,01,1,01,4,0111,150000,52,2512.5673942,
5364074,1,2,1,60,2,52,2,,,,,,,,,,,10,,,,,,,,,,,,,,,,,,,,,,,,,,,,,,,,,,,,,,,,,,,,,,,6,,,,,3,150000,1,1800000,1,,12,2,,,,,2,1,1,40,,.,16,6,,1,8,,2,,2,,,,1,,,,,,,,,1,2,2,1,0,24,3,,2,,,,,,,,13,3,15,1,2,,,,1,1,2,1,2,2,2,2,1,2,2,,2,1,2,2,1,2,2,1,3,,62,01,1,01,4,0111,150000,52,2512.5673942,
5364074,1,3,1,60,2,52,2,,,,,,,,,,,12,,,,,,,,,,,,,,,,,,,,,,,,,,,,,,,,,,,,,,,,,,,,,,,6,,,,,3,150000,1,1800000,3,,12,2,,,,,2,1,1,40,,.,24,6,,1,8,,2,,2,,,,1,,,,,,,,,1,2,2,2,,,,,2,,,,,,,,,3,15,1,2,,,,1,1,2,1,2,2,2,2,1,2,2,,2,1,2,2,1,2,2,1,3,,62,01,1,01,4,0111,150000,52,2512.5673942,
5364075,1,1,1,60,2,52,2,,,,,,,,,,,15,,,,,,,,,,,,,,,,,,,,,,,,,,,,,,,,,,,,,,,,,,,,,,,6,,,,,3,200000,1,2400000,3,,12,2,,,,,2,1,2,40,,.,40,,,1,8,,2,,2,,,,1,,,,,,,,,1,2,2,1,0,24,6,,1,52,16,4,,0,1,8,13,3,30,,2,,,,2,,,,,,,,,,,,,,1,2,1,2,2,1,3,,61,01,1,01,4,0161,200000,52,1431.2135744,
5364076,1,1,1,60,2,52,2,,,,,,,,,,,36,,,,,,,,,,,,,,,,,,,,,,,,,,,,,,,,,,,,,,,,,,,,,,,7,,2,,,2,200000,1,2000000,3,,12,2,,,,,2,4,2,14,2,,14,,,1,8,,2,,2,,,,1,,,,,,,,,1,2,2,1,0,60,4,,1,52,8,4,,72000,1,8,8,3,5,,2,,,,2,,,,,,,,,,,,,,1,1,1,2,1,1,3,,61,01,1,01,4,0149,272000,52,1502.1506959,
5364077,1,1,1,60,2,52,2,,,,,,,,,,,684,,,,,,,,,,,,,,,,,,,,,,,,,,,,,,,,,,,,,,,,,,,,,,,7,,2,,,2,0,1,1200000,3,,12,1,2,2,0,0,2,1,2,24,2,,24,,,2,8,,2,,2,,,,1,,,,,,,,,1,2,2,1,0,24,6,,1,52,24,4,,220000,1,8,13,11,30,,2,,,,1,1,2,1,2,2,2,2,1,1,2,,2,1,1,2,1,2,1,1,2,,61,01,1,01,5,0111,220000,52,1431.2135744,
5364078,1,1,1,60,2,52,2,,,,,,,,,,,564,,,,,,,,,,,,,,,,,,,,,,,,,,,,,,,,,,,,,,,,,,,,,,,6,,,,,3,60000,1,720000,1,,12,2,,,,,2,5,2,24,1,,8,6,,1,8,,2,,2,,,,1,,,,,,,,,1,2,2,2,,,,,1,52,10,4,,0,1,1,,3,30,2,2,,,,2,,,,,,,,,,,,,,1,2,1,2,1,1,3,,61,01,1,01,4,0161,60000,52,1507.988783,
5364079,1,1,1,60,2,52,2,,,,,,,,,,,624,,,,,,,,,,,,,,,,,,,,,,,,,,,,,,,,,,,,,,,,,,,,,,,6,,,,,3,150000,1,800000,1,,12,2,,,,,2,5,2,40,,.,40,,,1,1,,2,,2,,,,1,,,,,,,,,1,2,2,1,0,36,1,,2,,,,,,,,9,14,,,2,,,,2,,,,,,,,,,,,,,1,2,1,2,2,1,3,,81,16,1,01,4,1630,150000,52,2969.1821336,
5364079,1,3,1,60,2,52,1,1,,,1,,,2,2,2,2,2,,1,,2,682000,2,,,2,,2,,2,,2,,2,,,2,,,2,,,2,,,2,,,2,,,2,,2,,2,,2,,2,,2,,,.,,,,,,,,,.,12,,,,,,,,,48,,.,48,,,2,2,,2,,2,,,,1,,,,,,,,,1,2,2,1,0,168,4,,2,,,,,,,,8,11,20,,2,,,,1,1,2,1,2,2,2,2,1,2,2,,2,1,1,1,1,2,2,1,3,,95,41,1,01,1,4111,682000,52,2969.1821336,
5364081,1,1,1,60,2,52,2,,,,,,,,,,,240,,,,,,,,,,,,,,,,,,,,,,,,,,,,,,,,,,,,,,,,,,,,,,,7,,2,,,2,0,1,800000,3,,12,1,1,0,0,1,2,1,2,40,,.,24,6,,2,8,,2,,2,,,,1,,,,,,,,,1,2,2,1,0,144,4,,2,,,,,,,,10,3,15,2,1,24,2,1,1,1,2,1,2,2,2,2,2,2,2,,2,1,1,2,1,2,2,1,8,,61,01,1,01,4,0113,0,52,2745.8288628,
5364081,1,4,1,60,2,52,2,,,,,,,,,,,36,,,,,,,,,,,,,,,,,,,,,,,,,,,,,,,,,,,,,,,,,,,,,,,,.,,,,,,,,,.,12,,,,,,,,,8,2,,8,,,2,8,,2,,2,,,,1,,,,,,,,,1,2,2,2,,,,,2,,,,,,,,,3,15,,2,,,,2,,,,,,,,,,,,,,1,1,1,1,1,1,3,,62,01,1,01,6,0113,,52,2745.8288628,
5364082,1,1,1,60,2,52,2,,,,,,,,,,,400,,,,,,,,,,,,,,,,,,,,,,,,,,,,,,,,,,,,,,,,,,,,,,,6,,,,,3,100000,1,1000000,1,,12,2,,,,,2,5,2,24,2,,16,6,,1,8,,2,,2,,,,1,,,,,,,,,1,2,2,1,0,12,6,,1,52,8,4,,50000,1,1,13,3,30,2,2,,,,2,,,,,,,,,,,,,,1,2,1,2,2,1,3,,61,01,1,01,4,0111,150000,52,3992.6536201,
5364082,1,2,1,60,2,52,2,,,,,,,,,,,4,,,,,,,,,,,,,,,,,,,,,,,,,,,,,,,,,,,,,,,,,,,,,,,6,,,,,3,600000,1,5000000,3,,12,2,,,,,2,1,1,40,,.,40,,,1,8,,2,,2,,,,1,,,,,,,,,1,2,2,1,0,3,4,,2,,,,,,,,1,11,20,,2,,,,1,1,2,1,2,2,2,2,1,2,2,,1,1,1,2,1,2,2,1,3,,61,01,1,01,4,0161,600000,52,3992.6536201,
5364083,1,1,1,60,2,52,2,,,,,,,,,,,552,,,,,,,,,,,,,,,,,,,,,,,,,,,,,,,,,,,,,,,,,,,,,,,6,,,,,3,150000,1,1600000,1,,12,2,,,,,2,1,2,40,,.,24,6,,1,8,,2,,2,,,,1,,,,,,,,,1,2,2,1,0,12,6,,1,52,16,4,,0,1,8,13,3,30,2,2,,,,1,1,2,1,2,2,2,2,1,1,2,,1,1,1,2,1,2,2,1,8,,62,01,1,01,4,0161,150000,52,1431.2135744,
5364084,1,1,1,60,2,52,2,,,,,,,,,,,10,,,,,,,,,,,,,,,,,,,,,,,,,,,,,,,,,,,,,,,,,,,,,,,6,,,,,3,150000,1,1500000,1,,12,2,,,,,3,11,2,5,1,,5,,,1,1,,2,,2,,,,1,,,,,,,,,1,2,2,1,0,48,4,,2,,,,,,,,1,14,,,1,20,2,1,2,,,,,,,,,,,,,,1,2,1,2,2,1,3,,03,95,1,01,4,9511,150000,52,2876.9284608,
5364085,1,1,1,60,2,52,2,,,,,,,,,,,480,,,,,,,,,,,,,,,,,,,,,,,,,,,,,,,,,,,,,,,,,,,,,,,6,,,,,3,200000,1,2400000,1,,12,2,,,,,2,1,2,24,2,,24,,,1,8,,2,,2,,,,1,,,,,,,,,1,2,2,1,0,24,6,,1,52,16,4,,0,2,8,13,3,30,,2,,,,2,,,,,,,,,,,,,,1,2,1,2,1,1,8,,61,01,1,01,4,0161,200000,52,2745.8288628,
5364085,1,2,1,60,2,52,2,,,,,,,,,,,48,,,,,,,,,,,,,,,,,,,,,,,,,,,,,,,,,,,,,,,,,,,,,,,6,,,,,3,140000,1,1300000,1,,12,1,1,0,0,1,2,1,2,12,2,,12,,,2,8,,2,,2,,,,1,,,,,,,,,1,2,2,1,99,7,3,,2,,,,,,,,9,3,30,,2,,,,2,,,,,,,,,,,,,,1,2,1,2,1,1,3,,61,01,1,01,4,0141,140000,52,2745.8288628,
5364085,1,3,1,60,2,52,1,2,2,3,1,,,1,2,2,2,6,,,,,,,,,,,,,,,,,,,,,,,,,,,,,,,,,,,,,,,,,,,,,,,1,,,,,3,980000,1,980000,1,,6,2,,,,,1,1,1,54,,.,54,,,9,7,,1,,1,2,2,0,1,,,,,,,,,1,1,2,1,7,24,1,,2,,,,,,,,3,11,10,,2,,,,1,1,2,1,2,2,2,2,2,2,2,,1,1,1,2,2,2,2,2,3,,59,86,1,01,4,8610,980000,52,2745.8288628,
5364085,1,4,1,60,2,52,1,1,,,1,,,2,2,2,2,1,,1,,2,,2,,,2,,2,,2,,2,,2,,,2,,,2,,,2,,,2,,,2,,,2,,2,,2,,2,,2,,2,,,.,,,,,,,,,.,12,,,,,,,,,50,,.,50,,,4,9,,2,,2,,,,1,,,,,,,,,1,2,2,1,0,36,4,,2,,,,,,,,8,13,15,,2,,,,1,1,2,1,2,2,2,2,2,2,2,,2,1,1,2,2,2,1,1,3,,95,41,1,01,1,4111,,52,2745.8288628,
5364086,1,2,1,60,2,52,2,,,,,,,,,,,72,,,,,,,,,,,,,,,,,,,,,,,,,,,,,,,,,,,,,,,,,,,,,,,6,,,,,3,280000,1,3000000,3,,12,2,,,,,2,1,1,40,,.,40,,,1,8,,2,,2,,,,1,,,,,,,,,1,2,2,1,0,24,2,,2,,,,,,,,13,11,10,,2,,,,1,1,2,1,2,2,2,2,1,2,2,,2,1,2,2,1,2,2,1,3,,61,01,1,01,4,0161,280000,52,2745.8288628,
5364086,1,3,1,60,2,52,2,,,,,,,,,,,12,,,,,,,,,,,,,,,,,,,,,,,,,,,,,,,,,,,,,,,,,,,,,,,6,,,,,3,250000,1,3000000,3,,12,2,,,,,2,1,1,40,,.,40,,,1,8,,2,,2,,,,1,,,,,,,,,1,2,2,2,,,,,2,,,,,,,,,11,10,,2,,,,1,1,2,1,2,2,2,2,1,2,2,,2,1,2,2,1,2,2,1,3,,61,01,1,01,4,0161,250000,52,2745.8288628,
5364087,1,1,1,60,2,52,2,,,,,,,,,,,10,,,,,,,,,,,,,,,,,,,,,,,,,,,,,,,,,,,,,,,,,,,,,,,6,,,,,3,200000,1,2400000,1,,12,2,,,,,2,1,2,32,1,,32,,,1,8,,10,,2,,,,1,,,,,,,,,1,2,2,1,0,7,1,,2,,,,,,,,9,3,30,,2,,,,1,1,2,1,2,2,2,2,1,1,2,,2,1,2,2,1,2,2,1,8,,62,01,1,01,4,0161,200000,52,2145.5148309,
5364088,1,1,1,60,2,52,2,,,,,,,,,,,288,,,,,,,,,,,,,,,,,,,,,,,,,,,,,,,,,,,,,,,,,,,,,,,6,,,,,3,600000,1,4000000,3,,12,2,,,,,3,3,2,40,,.,32,6,,1,4,,1,,1,1,2,2,1,1,,,,,,,,,1,2,1,0,168,4,,2,,,,,,,,9,3,5,1,2,,,,2,,,,,,,,,,,,,,1,1,1,2,1,1,3,,98,49,1,01,4,4921,600000,52,2963.3440465,
5364088,1,2,1,60,2,52,2,,,,,,,,,,,120,,,,,,,,,,,,,,,,,,,,,,,,,,,,,,,,,,,,,,,,,,,,,,,6,,,,,3,0,1,1400000,3,,12,1,1,0,0,1,2,4,2,14,2,,14,,,2,8,,2,,2,,,,1,,,,,,,,,1,2,2,2,,,,,2,,,,,,,,,3,4,,2,,,,2,,,,,,,,,,,,,,1,2,1,2,1,1,3,,62,01,1,01,4,0144,0,52,2963.3440465,
5364088,1,3,1,60,2,52,2,,,,,,,,,,,60,,,,,,,,,,,,,,,,,,,,,,,,,,,,,,,,,,,,,,,,,,,,,,,6,,,,,3,250000,1,3000000,3,,12,2,,,,,2,1,1,40,,.,32,6,,1,8,,2,,2,,,,1,,,,,,,,,1,2,2,1,0,24,6,,2,,,,,,,,13,3,20,1,2,,,,1,1,2,1,2,2,2,2,1,2,2,,2,1,2,2,1,2,2,1,3,,62,01,1,01,4,0111,250000,52,2963.3440465,
5364088,1,4,1,60,2,52,2,,,,,,,,,,,4,,,,,,,,,,,,,,,,,,,,,,,,,,,,,,,,,,,,,,,,,,,,,,,6,,,,,3,30000,1,150000,1,,4,2,,,,,2,1,1,7,1,,7,,,1,8,,2,,2,,,,1,,,,,,,,,1,2,2,2,,,,,1,52,4,6,,,2,8,,3,20,,1,20,2,1,1,1,2,1,2,2,2,2,1,2,2,,2,1,2,2,1,2,2,1,3,,61,01,1,01,4,0121,30000,52,2963.3440465,
5364154,1,1,1,60,2,73,2,,,,,,,,,,,240,,,,,,,,,,,,,,,,,,,,,,,,,,,,,,,,,,,,,,,,,,,,,,,7,,2,,,2,600000,1,3000000,3,,12,2,,,,,2,6,2,40,,.,40,,,1,8,,2,,2,,,,1,,,,,,,,,1,2,2,1,0,60,1,,2,,,,,,,,2,3,15,,2,,,,2,,,,,,,,,,,,,,1,1,1,1,1,1,5,,61,01,1,01,4,0123,600000,73,2393.7128928,
5364164,1,3,1,60,2,73,1,1,,,1,,,1,2,2,2,0,,1,,2,150000,2,,,2,,2,,2,,2,,2,,,2,,,2,,,2,,,2,,,2,,,2,,2,,2,,2,,2,,2,,,.,,,,,,,,,.,10,,,,,,,,,40,,.,16,6,,2,8,,4,,2,,,,1,,,,,,,,,1,2,2,1,0,0,8,,2,,,,,,,,1,3,10,2,2,,,,1,1,2,1,2,2,2,2,2,2,2,,2,1,1,2,1,2,1,1,5,,62,01,1,01,8,0127,150000,73,2805.4077217,
5364165,1,1,1,60,2,73,2,,,,,,,,,,,120,,,,,,,,,,,,,,,,,,,,,,,,,,,,,,,,,,,,,,,,,,,,,,,6,,,,,2,1000000,1,12000000,3,,12,2,,,,,2,3,2,84,,.,70,6,,1,4,,2,,2,,,,1,,,,,,,,,1,2,2,1,0,2,1,,2,,,,,,,,3,8,30,2,2,,,,2,,,,,,,,,,,,,,1,2,1,2,1,1,2,,98,49,1,01,4,4923,1000000,73,2059.483702,
5364166,1,1,1,60,2,73,2,,,,,,,,,,,1,,,,,,,,,,,,,,,,,,,,,,,,,,,,,,,,,,,,,,,,,,,,,,,7,,2,,,2,0,1,0,3,,1,2,,,,,2,3,2,48,,.,48,,,1,8,,5,,2,,,,1,,,,,,,,,1,2,2,2,,,,,2,,,,,,,,,3,2,,2,,,,2,,,,,,,,,,,,,,1,1,1,2,1,1,3,,64,01,1,01,4,0150,0,73,2332.0495264,
5364168,1,1,1,60,2,73,2,,,,,,,,,,,48,,,,,,,,,,,,,,,,,,,,,,,,,,,,,,,,,,,,,,,,,,,,,,,7,,2,,,2,1500000,1,20000000,3,,12,2,,,,,2,3,2,60,,.,60,,,1,8,,1,,1,1,2,10,1,1,,,,,,,,,2,2,1,0,12,4,,2,,,,,,,,1,11,20,,2,,,,2,,,,,,,,,,,,,,1,1,1,2,1,1,2,,62,01,1,01,4,0163,1500000,73,3335.3772833,
5364171,1,2,1,60,2,73,2,,,,,,,,,,,24,,,,,,,,,,,,,,,,,,,,,,,,,,,,,,,,,,,,,,,,,,,,,,,7,,2,,,2,150000,1,1500000,3,,12,2,,,,,2,5,2,40,,.,0,6,,1,8,,2,,2,,,,1,,,,,,,,,1,2,2,1,0,120,8,,2,,,,,,,,2,3,20,2,2,,,,2,,,,,,,,,,,,,,1,2,1,2,1,1,8,,61,01,1,01,4,0122,150000,73,1561.7549068,
5364173,1,3,1,60,2,73,2,,,,,,,,,,,36,,,,,,,,,,,,,,,,,,,,,,,,,,,,,,,,,,,,,,,,,,,,,,,7,,2,,,2,0,1,0,3,,12,1,1,0,0,1,2,5,2,48,,.,48,,,2,8,,2,,2,,,,1,,,,,,,,,1,2,2,1,5,12,4,,2,,,,,,,,2,3,3,,2,,,,2,,,,,,,,,,,,,,1,2,1,2,1,1,3,,61,01,1,01,4,0121,0,73,3217.1025505,
5364173,1,4,1,60,2,73,2,,,,,,,,,,,36,,,,,,,,,,,,,,,,,,,,,,,,,,,,,,,,,,,,,,,,,,,,,,,,.,,,,,,,,,.,12,,,,,,,,,50,,.,50,,,2,8,,2,,2,,,,1,,,,,,,,,1,2,2,1,2,6,4,,2,,,,,,,,2,3,3,,2,,,,2,,,,,,,,,,,,,,1,1,1,2,2,1,3,,62,01,1,01,6,0121,,73,3217.1025505,
5364174,1,1,1,60,2,73,1,1,,,1,,,1,2,2,2,48,,1,,2,900000,2,,,2,,2,,2,,2,,2,,,2,,,2,,,2,,,2,,,2,,,2,,2,,2,,2,,2,,2,,,.,,,,,,,,,.,12,,,,,,,,,60,,.,60,,,3,8,,1,,1,1,1,10,1,1,,,,,,,,,2,2,1,0,24,1,,2,,,,,,,,1,11,15,,2,,,,2,,,,,,,,,,,,,,1,1,1,2,1,1,8,,62,01,1,01,1,0112,900000,73,2479.7468592,
5364176,1,1,1,60,2,73,2,,,,,,,,,,,2,,,,,,,,,,,,,,,,,,,,,,,,,,,,,,,,,,,,,,,,,,,,,,,2,,,,,2,600000,1,2500000,3,,12,2,,,,,2,3,2,40,,.,30,6,,1,8,,2,,2,,,,1,,,,,,,,,1,2,2,1,0,1,8,,2,,,,,,,,3,11,15,2,2,,,,1,1,2,1,1,2,2,2,1,2,2,,1,1,2,2,2,2,2,1,8,,61,01,1,01,4,0112,600000,73,3514.0389748,
5364178,1,1,1,60,2,73,2,,,,,,,,,,,24,,,,,,,,,,,,,,,,,,,,,,,,,,,,,,,,,,,,,,,,,,,,,,,7,,2,,,2,800000,1,10000000,3,,12,2,,,,,1,3,2,50,,.,50,,,1,8,,4,,2,,,,1,,,,,,,,,1,2,2,1,0,12,1,,2,,,,,,,,1,11,20,,2,,,,2,,,,,,,,,,,,,,1,1,1,2,2,1,2,,61,01,1,01,4,0112,800000,73,3335.3772833,
5364179,1,1,1,60,2,73,2,,,,,,,,,,,36,,,,,,,,,,,,,,,,,,,,,,,,,,,,,,,,,,,,,,,,,,,,,,,6,,,,,2,900000,1,9000000,3,,12,2,,,,,3,3,2,40,,.,40,,,1,4,,2,,2,,,,1,,,,,,,,,1,2,2,1,0,2,1,,2,,,,,,,,3,3,10,,2,,,,1,1,1,1,2,2,2,2,2,2,2,,2,1,1,2,1,2,1,1,8,,98,49,1,01,4,4921,900000,73,3327.1756763,
5364180,1,1,1,60,2,73,1,1,,,1,,,1,2,2,2,48,,1,,2,500000,2,,,2,,1,200000,2,,2,,2,,,2,,,2,,,2,,,2,,,2,,,2,,2,,2,,2,,2,,2,,,.,,,,,,,,,.,12,,,,,,,,,48,,.,48,,,2,8,,5,,2,,,,1,,,,,,,,,1,2,2,1,2,12,1,,2,,,,,,,,1,3,4,,2,,,,2,,,,,,,,,,,,,,1,1,2,2,1,1,3,,62,01,1,01,1,0127,700000,73,3164.0075124,
5364182,1,1,1,60,2,73,1,1,,,1,,,2,2,2,2,1,,1,,2,900000,2,,,2,,2,,2,,2,,2,,,2,,,2,,,2,,,2,,,2,,,2,,2,,2,,2,,2,,2,,,.,,,,,,,,,.,12,,,,,,,,,60,,.,60,,,4,8,,2,,2,,,,1,,,,,,,,,1,2,2,1,0,1,1,,2,,,,,,,,3,3,30,,2,,,,2,,,,,,,,,,,,,,1,2,1,2,2,2,8,,62,01,1,01,8,0112,900000,73,3164.0075124,
5364184,1,3,1,60,2,73,1,1,,,1,,,2,2,2,2,48,,1,,2,550000,2,,,2,,2,,2,,2,,2,,,2,,,2,,,2,,,2,,,2,,,2,,2,,2,,2,,2,,2,,,.,,,,,,,,,.,12,,,,,,,,,50,,.,50,,,2,8,,2,,2,,,,1,,,,,,,,,1,2,2,1,6,36,8,,2,,,,,,,,3,3,35,,2,,,,2,,,,,,,,,,,,,,1,2,2,2,2,1,3,,62,01,1,01,8,0121,550000,73,3155.4391841,
5364185,1,2,1,60,2,73,1,1,,,1,,,2,2,2,2,3,,1,,2,800000,2,,,2,,2,,2,,2,,2,,,2,,,2,,,2,,,2,,,2,,,2,,2,,2,,2,,2,,2,,,.,,,,,,,,,.,12,,,,,,,,,42,,.,42,,,3,8,,2,,2,,,,1,,,,,,,,,1,2,2,1,0,3,8,,2,,,,,,,,1,11,3,,2,,,,2,,,,,,,,,,,,,,1,1,1,2,1,1,8,,62,01,1,01,8,0112,800000,73,4482.3048081,
5364185,1,3,1,60,2,73,1,1,,,1,,,1,2,2,2,1,,1,,2,200000,2,,,2,,2,,2,,2,,2,,,2,,,2,,,2,,,2,,,2,,,2,,2,,2,,2,,2,,2,,,.,,,,,,,,,.,12,,,,,,,,,30,2,,30,,,4,8,,2,,2,,,,1,,,,,,,,,1,2,2,1,0,2,8,,2,,,,,,,,1,3,5,,2,,,,2,,,,,,,,,,,,,,1,1,1,2,1,1,3,,62,01,1,01,8,0112,200000,73,4482.3048081,
5364186,1,1,1,60,2,73,1,1,,,1,,,2,2,2,2,1,,1,,2,800000,2,,,2,,2,,2,,2,,2,,,2,,,2,,,2,,,2,,,2,,,2,,2,,2,,2,,2,,2,,,.,,,,,,,,,.,12,,,,,,,,,54,,.,54,,,3,8,,2,,2,,,,1,,,,,,,,,1,2,2,1,0,1,8,,2,,,,,,,,3,11,10,,2,,,,1,1,1,1,2,2,2,2,2,2,2,,2,1,1,2,1,2,2,1,8,,62,01,1,01,8,0112,800000,73,3514.0389748,
5364187,1,1,1,60,2,73,2,,,,,,,,,,,4,,,,,,,,,,,,,,,,,,,,,,,,,,,,,,,,,,,,,,,,,,,,,,,7,,2,,,2,80000,1,400000,3,,12,2,,,,,3,4,2,14,2,,14,,,1,1,,2,,2,,,,1,,,,,,,,,1,2,2,1,0,4,4,,2,,,,,,,,2,14,,,2,,,,2,,,,,,,,,,,,,,2,2,1,2,1,1,3,,61,01,1,01,4,0145,80000,73,2332.0495264,
5364191,1,1,1,60,2,73,1,1,,,1,,,2,2,2,2,0,,1,,2,650000,2,,,2,,2,,2,,2,,2,,,2,,,2,,,2,,,2,,,2,,,2,,2,,2,,2,,2,,2,,,.,,,,,,,,,.,12,,,,,,,,,54,,.,54,,,4,8,,3,,2,,,,1,,,,,,,,,1,2,2,1,0,1,8,,2,,,,,,,,3,11,40,,2,,,,2,,,,,,,,,,,,,,1,2,1,2,1,1,3,,62,01,1,01,8,0112,650000,73,2479.7468592,
5364192,1,1,1,60,2,73,2,,,,,,,,,,,24,,,,,,,,,,,,,,,,,,,,,,,,,,,,,,,,,,,,,,,,,,,,,,,7,,2,,,2,100000,1,2000000,3,,12,1,1,0,1,0,2,5,2,30,2,,30,,,2,8,,2,,2,,,,1,,,,,,,,,1,2,2,1,0,5,8,,2,,,,,,,,1,3,3,,2,,,,2,,,,,,,,,,,,,,1,2,1,2,2,1,8,,61,01,1,01,4,0141,100000,73,2455.3762593,
5364194,1,1,1,60,2,73,1,2,2,36,1,,,1,1,1,1,35,,1,,2,877300,2,,,2,,2,,2,,2,,2,,,2,,,2,,,2,,,2,,,2,,,1,877300,2,,2,,2,,2,,2,,,.,,,,,,,,,.,12,,,,,,,,,44,,.,44,,,3,8,,1,,1,2,1,10,1,1,,,,,,,,,1,1,1,0,1,8,,2,,,,,,,,3,3,15,,2,,,,1,1,1,1,2,2,2,2,2,2,2,,1,1,1,1,1,2,2,1,3,,62,01,1,01,1,0112,877300,73,3879.7520213,
5364195,1,1,1,60,2,73,1,2,1,,1,,,1,2,2,1,24,,1,,2,900000,2,,,2,,2,,2,,2,,2,,,2,,,2,,,2,,,2,,,2,,,2,,2,,2,,2,,2,,2,,,.,,,,,,,,,.,12,,,,,,,,,48,,.,48,,,3,7,,1,,1,1,1,2,1,1,,,,,,,,,2,2,1,0,12,3,,2,,,,,,,,1,14,,,2,,,,2,,,,,,,,,,,,,,1,1,1,2,1,1,8,,55,01,1,01,1,0150,900000,73,4215.9260041,
5364195,1,2,1,60,2,73,1,2,1,,1,,,1,2,2,1,120,,1,,2,900000,2,,,2,,2,,2,,2,,2,,,2,,,2,,,2,,,2,,,2,,,2,,2,,2,,2,,2,,2,,,.,,,,,,,,,.,12,,,,,,,,,48,,.,48,,,3,8,,1,,1,1,1,10,1,1,,,,,,,,,2,2,1,0,24,1,,2,,,,,,,,1,3,5,,2,,,,2,,,,,,,,,,,,,,1,1,1,2,1,1,8,,62,01,1,01,1,0130,900000,73,4215.9260041,
5364195,1,5,1,60,2,73,1,2,1,,1,,,1,2,2,1,156,,1,,2,900000,2,,,2,,2,,2,,2,,2,,,2,,,2,,,2,,,2,,,2,,,2,,2,,2,,2,,2,,2,,,.,,,,,,,,,.,12,,,,,,,,,48,,.,48,,,3,8,,1,,1,1,1,13,1,1,,,,,,,,,2,2,1,0,12,1,,2,,,,,,,,1,3,5,,2,,,,2,,,,,,,,,,,,,,1,1,1,2,1,1,8,,62,01,1,01,1,0112,900000,73,4215.9260041,
5364196,1,1,1,60,2,73,1,2,1,,1,,,1,1,1,1,240,,2,,2,2500000,2,,,2,,2,,2,,2,,2,,,2,,,2,,,2,,,2,,,2,,,1,2400000,2,,2,,2,,2,,2,,,.,,,,,,,,,.,12,,,,,,,,,48,,.,48,,,5,7,,1,,1,1,1,20,1,1,,,,,,,,,1,1,1,0,15,1,,2,,,,,,,,3,3,3,,2,,,,2,,,,,,,,,,,,,,1,1,1,2,1,1,3,,21,03,1,01,1,0312,2500000,73,2393.7128928,
5364197,1,1,1,60,2,73,1,1,,,1,,,2,2,2,2,3,,1,,2,600000,2,,,2,,2,,2,,2,,2,,,2,,,2,,,2,,,2,,,2,,,2,,2,,2,,2,,2,,2,,,.,,,,,,,,,.,12,,,,,,,,,40,,.,40,,,3,8,,2,,2,,,,1,,,,,,,,,1,2,2,1,0,2,8,,2,,,,,,,,1,11,10,,2,,,,2,,,,,,,,,,,,,,1,2,1,2,2,1,8,,62,01,1,01,8,0112,600000,73,2479.7468592,
5364237,1,1,1,60,2,73,2,,,,,,,,,,,36,,,,,,,,,,,,,,,,,,,,,,,,,,,,,,,,,,,,,,,,,,,,,,,7,,2,,,2,100000,1,1000000,3,,12,2,,,,,3,1,2,43,,.,43,,,1,7,,1,,3,,,,,.,,,,,,,,,2,2,1,1,120,2,,2,,,,,,,,4,3,3,,2,,,,2,,,,,,,,,,,,,,1,1,1,2,2,1,3,,21,93,1,01,4,9329,100000,73,3164.0075124,
5364239,1,1,1,60,2,73,1,1,,,1,,,1,2,2,2,1,,1,,2,400000,2,,,2,,2,,2,,2,,2,,,2,,,2,,,2,,,2,,,2,,,2,,2,,2,,2,,2,,2,,,.,,,,,,,,,.,12,,,,,,,,,62,,.,62,,,2,8,,10,,2,,,,1,,,,,,,,,1,2,2,1,0,0,8,,2,,,,,,,,1,3,30,,2,,,,2,,,,,,,,,,,,,,1,1,2,2,1,1,5,,62,01,1,01,1,0141,400000,73,2947.9719548,
5364240,1,1,1,60,2,73,1,2,1,,1,,,1,1,1,1,540,,1,,2,2640000,2,,,2,,2,,2,,2,,2,,,2,,,2,,,2,,,2,,,2,,,1,1300000,1,2640000,1,1300000,2,,2,,2,,,.,,,,,,,,,.,12,,,,,,,,,48,,.,48,,,9,7,,1,,3,,,,,.,,,,,,,,,1,1,2,,,,,2,,,,,,,,,13,7,,2,,,,2,,,,,,,,,,,,,,1,1,1,1,1,1,1,,18,85,1,01,2,8530,2640000,73,3196.4986198,
5364241,1,2,1,60,2,73,2,,,,,,,,,,,240,,,,,,,,,,,,,,,,,,,,,,,,,,,,,,,,,,,,,,,,,,,,,,,7,,2,,,2,190000,1,2000000,3,,12,2,,,,,3,5,2,24,2,,24,,,1,8,,2,,2,,,,1,,,,,,,,,1,2,2,1,36,60,4,,2,,,,,,,,11,3,1,,2,,,,2,,,,,,,,,,,,,,1,2,1,2,1,1,9,,61,01,1,01,4,0145,190000,73,2455.3762593,
5364247,1,1,1,60,2,73,1,1,,,1,,,2,2,2,2,72,,1,,2,900000,2,,,2,,1,,2,,2,,2,,,2,,,2,,,2,,,2,,,2,,,2,,2,,2,,2,,2,,2,,,.,,,,,,,,,.,12,,,,,,,,,70,,.,60,1,,2,8,,4,,2,,,,1,,,,,,,,,1,2,2,1,0,36,4,,2,,,,,,,,2,3,10,2,2,,,,1,1,2,1,1,2,2,1,1,1,2,,2,2,2,2,2,2,2,2,5,,62,01,1,01,1,0141,900000,73,3546.5300822,
5364247,1,2,1,60,2,73,2,,,,,,,,,,,11,,,,,,,,,,,,,,,,,,,,,,,,,,,,,,,,,,,,,,,,,,,,,,,,.,,,,,,,,,.,12,,,,,,,,,12,2,,12,,,2,8,,4,,2,,,,1,,,,,,,,,1,2,2,1,0,36,6,,2,,,,,,,,2,3,10,,2,,,,1,1,2,1,2,2,2,2,1,1,2,,2,2,2,2,2,2,1,1,5,,62,01,1,01,7,0141,,73,3546.5300822,
5364248,1,1,1,60,2,73,2,,,,,,,,,,,360,,,,,,,,,,,,,,,,,,,,,,,,,,,,,,,,,,,,,,,,,,,,,,,7,,2,,,2,600000,1,1500000,3,,12,2,,,,,2,1,2,52,,.,52,,,1,8,,2,,2,,,,1,,,,,,,,,1,2,2,2,,,,,2,,,,,,,,,3,4,,2,,,,2,,,,,,,,,,,,,,1,1,1,2,1,1,3,,61,01,1,01,4,0141,600000,73,1551.172073,
5364248,1,3,1,60,2,73,1,1,,,1,,,1,2,2,2,48,,1,,2,600000,2,,,2,,2,,2,,2,,2,,,2,,,2,,,2,,,2,,,2,,,2,,2,,2,,2,,2,,2,,,.,,,,,,,,,.,12,,,,,,,,,52,,.,52,,,2,2,,2,,2,,,,1,,,,,,,,,1,2,2,1,1,8,4,,2,,,,,,,,2,13,15,,2,,,,2,,,,,,,,,,,,,,1,1,1,2,1,1,3,,95,41,1,01,1,4111,600000,73,1551.172073,
5364248,1,4,1,60,2,73,1,1,,,1,,,1,2,2,2,12,,1,,2,400000,2,,,1,300000,2,,2,,2,,2,,,2,,,2,,,2,,,2,,,2,,,2,,2,,2,,2,,2,,2,,,.,,,,,,,,,.,12,,,,,,,,,40,,.,40,,,1,2,,2,,2,,,,1,,,,,,,,,1,2,2,1,1,8,4,,2,,,,,,,,2,13,10,,2,,,,2,,,,,,,,,,,,,,1,1,1,2,1,2,3,,54,97,1,01,3,9700,700000,73,1551.172073,
5364248,1,5,1,60,2,73,1,2,2,12,1,,,1,1,2,1,48,,1,,2,908000,2,,,2,,2,,2,,2,,2,,,1,106000,2,2,,,2,,,2,,,2,,,1,400000,1,400000,2,,2,,2,,2,,,.,,,,,,,,,.,12,,,,,,,,,48,,.,48,,,9,7,,1,,1,1,1,4,1,1,,,,,,,,,1,1,1,1,6,1,,2,,,,,,,,3,13,10,,2,,,,2,,,,,,,,,,,,,,1,1,1,2,1,1,1,,39,86,1,01,1,8621,908000,73,1551.172073,
5364249,1,1,1,60,2,73,1,1,,,1,,,2,2,2,2,2,,1,,2,600000,2,,,2,,2,,2,,2,,2,,,2,,,2,,,2,,,2,,,2,,,2,,2,,2,,2,,2,,2,,,.,,,,,,,,,.,12,,,,,,,,,40,,.,40,,,3,8,,3,,2,,,,1,,,,,,,,,1,2,2,1,0,2,8,,2,,,,,,,,1,11,15,,2,,,,2,,,,,,,,,,,,,,1,2,1,2,1,1,8,,62,01,1,01,8,0111,600000,73,2393.7128928,
5364252,1,1,1,60,2,73,1,1,,,1,,,1,2,2,2,12,,1,,2,900000,2,,,2,,2,,2,,2,,2,,,2,,,2,,,2,,,2,,,2,,,2,,2,,2,,2,,2,,2,,,.,,,,,,,,,.,12,,,,,,,,,48,,.,48,,,2,8,,2,,2,,,,1,,,,,,,,,1,2,2,1,0,3,8,,2,,,,,,,,1,3,10,,2,,,,2,,,,,,,,,,,,,,1,1,1,2,2,2,8,,62,01,1,01,1,0141,900000,73,3827.216414,
5364252,1,2,1,60,2,73,2,,,,,,,,,,,24,,,,,,,,,,,,,,,,,,,,,,,,,,,,,,,,,,,,,,,,,,,,,,,6,,,,,2,50000,1,600000,3,,12,2,,,,,3,3,2,30,2,,30,,,1,1,,2,,2,,,,1,,,,,,,,,1,2,2,1,0,96,4,,2,,,,,,,,2,14,,,2,,,,2,,,,,,,,,,,,,,1,2,1,2,2,1,8,,57,96,1,01,4,9602,50000,73,3827.216414,
5364254,1,1,1,60,2,73,2,,,,,,,,,,,12,,,,,,,,,,,,,,,,,,,,,,,,,,,,,,,,,,,,,,,,,,,,,,,6,,,,,2,600000,1,8000000,3,,12,2,,,,,3,3,2,24,1,,24,,,1,1,,2,,2,,,,1,,,,,,,,,1,2,2,1,12,2,1,,2,,,,,,,,3,3,20,,1,24,2,1,1,1,1,1,2,2,2,2,2,2,2,,2,1,1,2,1,2,1,1,3,,53,56,1,01,4,5619,600000,73,2743.7443552,
5364255,1,1,1,60,2,73,1,2,1,,1,,,1,2,2,1,288,,1,,2,908000,2,,,2,,2,,2,,2,,2,,,2,,,2,,,2,,,2,,,2,,,1,450000,2,,2,,2,,2,,2,,,.,,,,,,,,,.,12,,,,,,,,,53,,.,53,,,3,8,,1,,1,1,1,15,1,1,,,,,,,,,1,1,1,1,6,4,,2,,,,,,,,2,3,10,,2,,,,2,,,,,,,,,,,,,,1,1,1,2,1,1,1,,62,01,1,01,1,0150,908000,73,2393.7128928,
5364256,1,1,1,60,2,73,2,,,,,,,,,,,12,,,,,,,,,,,,,,,,,,,,,,,,,,,,,,,,,,,,,,,,,,,,,,,6,,,,,3,200000,1,2400000,3,,12,2,,,,,2,1,2,42,,.,42,,,1,2,,11,,2,,,,1,,,,,,,,,1,2,2,1,0,6,1,,2,,,,,,,,1,3,5,,1,10,2,1,1,1,1,1,2,2,2,2,2,2,2,,2,2,2,2,2,2,2,1,8,,55,81,1,01,4,8121,200000,73,3234.6455999,
5364257,1,1,1,60,2,73,2,,,,,,,,,,,360,,,,,,,,,,,,,,,,,,,,,,,,,,,,,,,,,,,,,,,,,,,,,,,2,,,,,2,200000,1,2000000,3,,12,2,,,,,3,3,2,54,,.,24,6,,1,2,,2,,2,,,,1,,,,,,,,,1,2,2,1,0,12,8,,2,,,,,,,,3,3,10,1,2,,,,1,1,1,1,2,2,2,2,2,2,2,,1,1,1,2,1,2,2,1,3,,95,41,1,01,4,4111,200000,73,3064.3852223,
5364258,1,1,1,60,2,73,1,1,,,1,,,2,2,2,2,6,,1,,2,800000,2,,,2,,2,,2,,2,,2,,,2,,,2,,,2,,,2,,,2,,,2,,2,,2,,2,,2,,2,,,.,,,,,,,,,.,12,,,,,,,,,48,,.,48,,,3,8,,2,,2,,,,1,,,,,,,,,1,2,2,1,0,3,8,,2,,,,,,,,1,3,10,,2,,,,2,,,,,,,,,,,,,,1,1,1,2,1,1,8,,62,01,1,01,1,0141,800000,73,4309.8301369,
5364258,1,3,1,60,2,73,1,1,,,1,,,2,2,2,2,5,,1,,2,500000,2,,,2,,2,,2,,2,,2,,,2,,,2,,,2,,,2,,,2,,,2,,2,,2,,2,,2,,2,,,.,,,,,,,,,.,12,,,,,,,,,42,,.,42,,,3,8,,2,,2,,,,1,,,,,,,,,1,2,2,1,0,3,8,,2,,,,,,,,1,11,8,,2,,,,2,,,,,,,,,,,,,,1,1,1,2,2,1,8,,62,01,1,01,8,0141,500000,73,4309.8301369,
5364258,1,5,1,60,2,73,1,1,,,1,,,2,2,2,2,2,,1,,2,100000,2,,,1,100000,2,,2,,2,,2,,,2,,,2,,,2,,,2,,,2,,,2,,2,,2,,2,,2,,2,,,.,,,,,,,,,.,2,,,,,,,,,30,2,,30,,,1,2,,2,,2,,,,1,,,,,,,,,1,2,2,2,,,,,2,,,,,,,,,11,8,,2,,,,2,,,,,,,,,,,,,,1,2,1,2,2,1,8,,54,97,1,01,3,9700,200000,73,4309.8301369,
5366036,1,1,1,60,2,20,1,1,,,1,,,1,1,2,1,18,,1,,2,630000,2,,,2,,2,,2,,2,,2,,,2,,,2,,,2,,,2,,,2,,,1,600000,2,,2,,2,,2,,2,,,.,,,,,,,,,.,12,,,,,,,,,40,,.,40,,,3,8,,2,,2,,,,1,,,,,,,,,1,2,2,1,0,1,4,,2,,,,,,,,1,3,3,,2,,,,2,,,,,,,,,,,,,,1,2,1,2,1,1,3,,62,01,1,01,8,0141,630000,20,1915.4028827,
5366218,1,1,1,60,2,25,1,1,,,1,,,1,2,2,2,12,,1,,2,120000,2,,,2,,1,100000,2,,2,,2,,,2,,,2,,,2,,,2,,,2,,,2,,2,,2,,2,,2,,2,,,.,,,,,,,,,.,12,,,,,,,,,60,,.,60,,,3,7,,2,,2,,,,1,,,,,,,,,1,2,2,1,6,204,4,,2,,,,,,,,3,3,1,,2,,,,2,,,,,,,,,,,,,,1,2,1,2,1,1,3,,58,23,1,01,1,2392,220000,25,2512.6080122,
5366219,1,1,1,60,2,25,1,1,,,1,,,1,2,2,2,14,,1,,2,800000,2,,,2,,1,200000,2,,2,,2,,,2,,,2,,,2,,,2,,,2,,,2,,2,,2,,2,,2,,2,,,.,,,,,,,,,.,12,,,,,,,,,44,,.,44,,,2,8,,2,,2,,,,1,,,,,,,,,1,2,2,1,0,120,4,,2,,,,,,,,9,11,3,,2,,,,2,,,,,,,,,,,,,,1,1,1,2,1,1,8,,40,47,1,01,1,4752,1000000,25,9242.7212568,
5366220,1,3,1,60,2,25,1,2,1,,1,,,1,1,2,1,42,,1,,2,877803,2,,,2,,2,,2,,2,,2,,,1,102854,2,1,65000,2,2,,,2,,,2,,,1,877803,2,,2,,2,,2,,2,,,.,,,,,,,,,.,12,,,,,,,,,48,,.,48,,,2,2,,1,,1,1,1,3,1,1,,,,,,,,,1,1,1,12,12,1,,2,,,,,,,,1,11,10,,2,,,,2,,,,,,,,,,,,,,1,1,1,2,1,1,8,,54,97,1,01,3,9700,877803,25,2053.9380571,
5366221,1,1,1,60,2,25,2,,,,,,,,,,,4,,,,,,,,,,,,,,,,,,,,,,,,,,,,,,,,,,,,,,,,,,,,,,,6,,,,,2,,1,99,3,,6,2,,,,,3,3,2,56,,.,56,,,1,1,,4,,2,,,,1,,,,,,,,,1,2,2,1,8,180,5,,2,,,,,,,,13,14,,,2,,,,2,,,,,,,,,,,,,,1,1,1,2,1,1,8,,41,47,1,01,4,4724,,25,3623.6880292,
5366221,1,3,1,60,2,25,2,,,,,,,,,,,3,,,,,,,,,,,,,,,,,,,,,,,,,,,,,,,,,,,,,,,,,,,,,,,,.,,,,,,,,,.,3,,,,,,,,,35,2,,35,,,2,1,,3,,2,,,,1,,,,,,,,,1,2,2,1,16,1,1,,2,,,,,,,,6,14,,,2,,,,2,,,,,,,,,,,,,,1,1,1,2,1,1,3,,45,47,1,01,6,4724,,25,3623.6880292,
5366228,1,1,1,60,2,25,1,2,1,,1,,,1,1,2,1,24,,3,,2,908526,2,,,2,,2,,2,,2,,2,,,1,106554,2,1,36000,2,2,,,2,,,2,,,1,877806,2,,2,,2,,2,,2,,,.,,,,,,,,,.,12,,,,,,,,,48,,.,48,,,9,7,,1,,1,1,1,3,1,,,1,,,,,,,1,1,1,0,12,1,,2,,,,,,,,8,11,30,,2,,,,2,,,,,,,,,,,,,,1,1,1,2,1,1,1,,33,47,1,01,1,4711,908526,25,4655.1173194,
5366228,1,2,1,60,2,73,1,2,2,12,2,1,,1,1,2,1,72,,1,,2,908526,2,,,2,,2,,2,,2,,2,,,1,106454,2,1,36000,2,2,,,2,,,2,,,1,877803,2,,2,,2,,2,,2,,,.,,,,,,,,,.,12,,,,,,,,,48,,.,48,,,4,7,,1,,1,1,1,6,1,,,1,,,,,,,1,1,1,0,18,1,,2,,,,,,,,3,11,15,,2,,,,2,,,,,,,,,,,,,,1,1,1,2,1,1,5,,45,47,1,01,1,4731,908526,25,4655.1173194,7810
5366229,1,1,1,60,2,25,2,,,,,,,,,,,12,,,,,,,,,,,,,,,,,,,,,,,,,,,,,,,,,,,,,,,,,,,,,,,7,,2,,,3,100000,1,98,3,,12,1,1,0,1,0,3,4,2,50,,.,50,,,2,7,,2,,2,,,,1,,,,,,,,,1,2,2,1,0,24,4,,2,,,,,,,,9,14,,,2,,,,2,,,,,,,,,,,,,,1,2,1,2,2,1,8,,41,47,1,01,4,4724,100000,25,6844.3115226,
5366229,1,3,1,60,2,25,2,,,,,,,,,,,12,,,,,,,,,,,,,,,,,,,,,,,,,,,,,,,,,,,,,,,,,,,,,,,7,,2,,,3,100000,1,98,3,,12,1,1,0,1,0,3,3,2,35,2,,35,,,2,7,,3,,2,,,,1,,,,,,,,,1,2,2,1,6,1,1,,2,,,,,,,,1,14,,,2,,,,1,1,1,1,2,1,2,2,2,2,2,,1,1,1,2,1,2,1,1,3,,41,47,1,01,4,4724,100000,25,6844.3115226,
5366230,1,1,1,60,2,25,1,1,,,1,,,2,2,2,2,5,,1,,2,800000,2,,,2,,2,,2,,2,,2,,,2,,,2,,,2,,,2,,,2,,,2,,2,,2,,2,,2,,2,,,.,,,,,,,,,.,5,,,,,,,,,40,,.,40,,,6,7,,2,,2,,,,1,,,,,,,,,1,2,2,1,8,12,1,,2,,,,,,,,9,11,40,,2,,,,1,1,1,1,2,2,2,2,2,2,2,,1,1,1,2,1,2,2,1,3,,33,93,1,01,1,9329,800000,25,2582.4847838,
5366230,1,4,1,60,2,25,2,,,,,,,,,,,10,,,,,,,,,,,,,,,,,,,,,,,,,,,,,,,,,,,,,,,,,,,,,,,7,,2,,,2,0,1,5500000,3,,12,2,,,,,3,3,1,21,2,,21,,,1,8,,2,,2,,,,1,,,,,,,,,1,2,2,1,3,12,3,,2,,,,,,,,9,3,2,,2,,,,1,1,1,1,2,2,2,2,1,2,2,,2,1,1,1,1,2,1,1,3,,61,01,1,01,4,0145,0,25,2582.4847838,
5366231,1,2,1,60,2,25,1,2,1,,1,,,1,1,2,1,36,,1,,2,908526,2,,,1,144000,2,,2,,2,,2,,,2,,,2,,,2,,,2,,,2,,,1,877803,2,,2,,2,,2,,2,,,.,,,,,,,,,.,12,,,,,,,,,48,,.,48,,,5,7,,1,,1,1,1,5,1,1,,,,,,,,,1,2,1,5,48,4,,2,,,,,,,,9,13,25,,2,,,,2,,,,,,,,,,,,,,1,1,1,2,1,1,8,,95,94,1,01,1,9491,1052526,25,2582.4847838,
5366232,1,2,1,60,2,25,1,2,1,,1,,,1,1,2,1,48,,1,,2,877803,2,,,2,,2,,2,,2,,2,,,1,102854,2,2,,,2,,,2,,,2,,,1,877803,2,,2,,2,,2,,2,,,.,,,,,,,,,.,12,,,,,,,,,48,,.,48,,,4,7,,1,,1,2,1,4,1,1,,,,,,,,,1,2,1,0,240,4,,2,,,,,,,,8,11,5,,2,,,,2,,,,,,,,,,,,,,1,1,1,2,1,1,8,,62,68,1,01,1,6820,877803,25,2582.4847838,
5366234,1,1,1,60,2,25,1,2,1,,1,,,1,1,2,1,60,,2,,2,908526,2,,,2,,2,,2,,2,,2,,,1,98,2,1,36000,2,2,,,2,,,2,,,1,877806,2,,2,,2,,2,,2,,,.,,,,,,,,,.,12,,,,,,,,,45,,.,45,,,3,7,,1,,1,1,1,11,1,1,,,,,,,,,1,1,1,1,24,1,,2,,,,,,,,3,11,10,,2,,,,2,,,,,,,,,,,,,,1,1,1,2,1,1,8,,62,68,1,01,1,6820,908526,25,2582.4847838,
5366235,1,1,1,60,2,25,1,2,2,6,1,,,1,1,2,1,60,,1,,2,877803,2,,,2,,2,,2,,2,,2,,,1,102854,2,2,,,2,,,2,,,2,,,1,877803,2,,2,,2,,2,,2,,,.,,,,,,,,,.,12,,,,,,,,,48,,.,48,,,4,7,,1,,1,1,1,98,1,1,,,,,,,,,1,2,1,0,4,1,,2,,,,,,,,1,11,10,,2,,,,2,,,,,,,,,,,,,,1,1,1,2,1,1,1,,62,68,1,01,1,6820,877803,25,2582.4847838,
5366235,1,2,1,60,2,25,1,1,,,1,,,1,2,2,2,96,,1,,2,150000,2,,,2,,2,,2,,2,,2,,,2,,,2,,,2,,,2,,,2,,,2,,2,,2,,2,,2,,2,,,.,,,,,,,,,.,12,,,,,,,,,6,1,,6,,,3,7,,3,,2,,,,1,,,,,,,,,1,2,2,1,36,18,4,,2,,,,,,,,3,11,10,,1,40,2,1,2,,,,,,,,,,,,,,1,2,1,2,1,1,3,,55,65,1,01,1,6511,150000,25,2582.4847838,
5366245,1,1,1,60,2,25,2,,,,,,,,,,,1,,,,,,,,,,,,,,,,,,,,,,,,,,,,,,,,,,,,,,,,,,,,,,,7,,1,2,,2,300000,1,98,3,,1,1,1,0,1,0,3,1,1,21,2,,21,,,2,7,,2,,2,,,,1,,,,,,,,,1,2,2,1,12,36,1,,2,,,,,,,,13,3,2,,2,,,,2,,,,,,,,,,,,,,1,2,1,2,2,1,3,,51,56,1,01,4,5630,300000,25,1472.0266971,
5366245,1,3,1,60,2,25,2,,,,,,,,,,,12,,,,,,,,,,,,,,,,,,,,,,,,,,,,,,,,,,,,,,,,,,,,,,,7,,1,2,,2,900000,1,4000000,3,,12,1,1,0,1,0,3,1,1,60,,.,60,,,2,7,,4,,2,,,,1,,,1,,,,,,,2,2,1,7,12,1,,2,,,,,,,,1,3,2,,2,,,,2,,,,,,,,,,,,,,1,2,1,2,2,1,3,,51,56,1,01,4,5630,900000,25,1472.0266971,
5366246,1,2,1,60,2,25,2,,,,,,,,,,,360,,,,,,,,,,,,,,,,,,,,,,,,,,,,,,,,,,,,,,,,,,,,,,,6,,,,,3,800000,1,98,3,,12,2,,,,,2,1,2,44,,.,44,,,1,8,,2,,2,,,,1,,,,,,,,,1,2,2,1,0,24,6,,2,,,,,,,,8,3,20,,2,,,,2,,,,,,,,,,,,,,1,1,1,2,2,1,5,,61,01,1,01,4,0161,800000,25,6624.120137,
5366246,1,3,1,60,2,25,1,1,,,1,,,1,2,2,2,5,,1,,2,800000,2,,,2,,2,,2,,2,,2,,,2,,,2,,,2,,,2,,,2,,,2,,2,,2,,2,,2,,2,,,.,,,,,,,,,.,7,,,,,,,,,30,1,,30,,,4,7,,10,,2,,,,1,,,,,,,,,1,2,2,1,7,6,1,,2,,,,,,,,13,11,10,,1,24,1,1,1,1,1,1,2,1,2,2,2,2,2,,1,1,2,1,1,2,2,1,8,,95,55,1,01,1,5511,800000,25,6624.120137,
5366246,1,4,1,60,2,25,1,1,,,1,,,1,2,2,2,5,,1,,2,400000,2,,,2,,2,,2,,2,,2,,,2,,,2,,,2,,,2,,,2,,,2,,2,,2,,2,,2,,2,,,.,,,,,,,,,.,6,,,,,,,,,20,1,,20,,,4,7,,1,,2,,,,1,,,,,,,,,1,2,2,1,6,18,1,,2,,,,,,,,13,3,10,,2,,,,2,,,,,,,,,,,,,,1,1,1,2,1,1,3,,39,55,1,01,1,5511,400000,25,6624.120137,
5366246,1,6,1,60,2,25,1,1,,,1,,,1,2,2,2,5,,1,,2,360000,2,,,2,,2,,2,,2,,2,,,2,,,2,,,2,,,2,,,2,,,2,,2,,2,,2,,2,,2,,,.,,,,,,,,,.,5,,,,,,,,,20,1,,20,,,4,7,,3,,2,,,,1,,,,,,,,,1,2,2,2,,,,,2,,,,,,,,,3,10,,2,,,,2,,,,,,,,,,,,,,1,1,1,2,2,1,8,,54,55,1,01,1,5511,360000,25,6624.120137,
5366246,1,8,1,60,2,25,1,1,,,1,,,1,2,2,2,1,,1,,2,360000,2,,,2,,2,,2,,2,,2,,,2,,,2,,,2,,,2,,,2,,,2,,2,,2,,2,,2,,2,,,.,,,,,,,,,.,4,,,,,,,,,20,1,,20,,,4,7,,5,,2,,,,1,,,,,,,,,1,2,2,1,2,1,1,,2,,,,,,,,1,11,5,,2,,,,1,1,1,1,2,1,2,2,2,2,2,,1,1,2,2,1,2,2,2,8,,39,55,1,01,1,5511,360000,25,6624.120137,
5366247,1,1,1,60,2,25,1,1,,,1,,,1,2,2,2,18,,1,,2,700000,2,,,2,,2,,2,,2,,2,,,2,,,2,,,2,,,2,,,2,,,2,,2,,2,,2,,2,,2,,,.,,,,,,,,,.,12,,,,,,,,,42,,.,42,,,2,2,,3,,2,,,,1,,,,,,,,,1,2,2,1,0,60,4,,2,,,,,,,,8,11,60,,2,,,,2,,,,,,,,,,,,,,1,1,2,2,2,1,3,,85,43,1,01,1,4321,700000,25,2653.4355654,
5366247,1,2,1,60,2,25,1,2,1,,1,,,1,1,1,1,108,,5,,2,2541000,2,,,2,,2,,2,,2,,2,,,2,,,1,72000,2,2,,,2,,,2,,,1,12500000,1,2500000,1,1250000,2,,2,,2,,,.,,,,,,,,,.,12,,,,,,,,,48,,.,48,,,9,7,,1,,1,3,1,9,1,1,,,,,,,,,9,1,1,0,6,1,,2,,,,,,,,8,3,5,,2,,,,2,,,,,,,,,,,,,,1,1,1,1,1,1,8,,13,85,1,01,2,8530,2541000,25,2653.4355654,
5366248,1,2,1,60,2,25,1,1,,,1,,,1,2,2,2,6,,1,,2,100000,2,,,2,,2,,2,,2,,2,,,2,,,2,,,2,,,2,,,2,,,2,,2,,2,,2,,2,,2,,,.,,,,,,,,,.,6,,,,,,,,,9,1,,9,,,1,2,,2,,2,,,,1,,,,,,,,,1,2,2,1,6,7,3,,2,,,,,,,,5,3,4,,1,40,2,1,1,1,1,1,2,1,2,2,2,2,2,,2,1,1,2,1,2,1,1,8,,54,97,1,01,3,9700,100000,25,5260.9284639,
5366248,1,3,1,60,2,25,1,1,,,1,,,1,2,2,2,18,,1,,2,700000,2,,,2,,2,,2,,2,,2,,,2,,,2,,,2,,,2,,,2,,,2,,2,,2,,2,,2,,2,,,.,,,,,,,,,.,12,,,,,,,,,50,,.,50,,,2,7,,2,,2,,,,1,,,,,,,,,1,2,2,2,,,,,2,,,,,,,,,3,7,,2,,,,2,,,,,,,,,,,,,,1,1,1,2,1,1,8,,33,47,1,01,1,4711,700000,25,5260.9284639,
5366251,1,2,1,60,2,25,1,1,,,1,,,1,2,2,2,144,,1,,2,600000,2,,,2,,2,,2,,2,,2,,,2,,,2,,,2,,,2,,,2,,,2,,2,,2,,2,,2,,2,,,.,,,,,,,,,.,12,,,,,,,,,60,,.,60,,,6,8,,2,,2,,,,1,,,,,,,,,1,2,2,1,6,60,4,,2,,,,,,,,3,3,60,,2,,,,1,1,2,1,2,2,2,2,1,1,2,,2,1,1,2,2,2,1,1,2,,62,01,1,01,8,0124,600000,25,1472.0266971,
5366253,1,2,1,60,2,25,1,1,,,1,,,1,2,2,2,240,,1,,2,800000,2,,,2,,2,,2,,2,,2,,,2,,,2,,,2,,,2,,,2,,,1,800000,2,,2,,2,,2,,2,,,.,,,,,,,,,.,12,,,,,,,,,42,,.,42,,,2,7,,2,,2,,,,1,,,,,,,,,1,2,2,1,6,120,4,,2,,,,,,,,8,3,10,,2,,,,2,,,,,,,,,,,,,,1,1,1,2,1,1,8,,97,47,1,01,1,4711,800000,25,1472.0266971,
5366254,1,1,1,60,2,25,2,,,,,,,,,,,12,,,,,,,,,,,,,,,,,,,,,,,,,,,,,,,,,,,,,,,,,,,,,,,7,,2,,,2,300000,1,5000000,3,,12,2,,,,,3,1,1,40,,.,40,,,1,8,,1,,2,,,,1,,,,,,,,,1,2,2,1,3,12,4,,2,,,,,,,,3,11,30,,2,,,,2,,,,,,,,,,,,,,1,1,1,2,1,1,2,,61,01,1,01,4,0124,300000,25,2597.0430328,
5366255,1,1,1,60,2,25,2,,,,,,,,,,,72,,,,,,,,,,,,,,,,,,,,,,,,,,,,,,,,,,,,,,,,,,,,,,,6,,,,,3,500000,1,3000000,3,,12,2,,,,,3,5,2,56,,.,36,6,,1,4,,1,,2,,,,1,,,,,,,,,1,2,2,1,6,360,4,,2,,,,,,,,8,3,2,1,2,,,,2,,,,,,,,,,,,,,1,1,1,2,1,1,8,,98,49,1,01,4,4921,500000,25,1472.0266971,
5366255,1,2,1,60,2,25,2,,,,,,,,,,,0,,,,,,,,,,,,,,,,,,,,,,,,,,,,,,,,,,,,,,,,,,,,,,,6,,,,,3,0,1,0,1,,4,2,,,,,3,1,2,30,1,,30,,,1,1,,3,,2,,,,1,,,,,,,,,1,2,2,1,4,2,1,,2,,,,,,,,13,14,,,1,20,1,1,1,1,1,1,2,1,2,2,2,2,2,,1,1,1,1,1,2,2,2,3,,77,56,1,01,4,5619,0,25,1472.0266971,
5366259,1,1,1,60,2,25,1,1,,,1,,,1,2,2,2,120,,1,,2,400000,2,,,2,,2,,2,,2,,2,,,2,,,2,,,2,,,2,,,2,,,2,,2,,2,,2,,2,,2,,,.,,,,,,,,,.,12,,,,,,,,,48,,.,23,6,,2,2,,2,,2,,,,1,,,,,,,,,1,2,2,1,0,36,1,,2,,,,,,,,2,3,10,1,1,20,1,1,2,,,,,,,,,,,,,,1,2,1,2,2,1,8,,95,41,1,01,1,4111,400000,25,1472.0266971,
5366262,1,1,1,60,2,25,2,,,,,,,,,,,73,,,,,,,,,,,,,,,,,,,,,,,,,,,,,,,,,,,,,,,,,,,,,,,6,,,,,3,960000,1,8000000,3,,12,2,,,,,2,1,2,44,,.,44,,,1,8,,2,,2,,,,1,,,,,,,,,1,2,2,1,0,14,1,,2,,,,,,,,9,3,40,,2,,,,2,,,,,,,,,,,,,,1,1,1,2,1,1,3,,61,01,1,01,4,0161,960000,25,1472.0266971,
5366263,1,1,1,60,2,25,1,2,1,,1,,,2,1,2,1,24,,1,,2,877803,2,,,2,,2,,2,,2,,2,,,1,102854,2,1,36000,2,2,,,2,,,2,,,1,877803,2,,2,,2,,2,,2,,,.,,,,,,,,,.,12,,,,,,,,,40,,.,40,,,9,7,,1,,1,1,1,13,1,1,,,,,,,,,1,1,1,24,120,1,,2,,,,,,,,3,11,20,,1,10,2,1,1,1,1,1,2,2,2,2,2,2,2,,2,1,1,1,1,2,1,1,5,,33,92,1,01,1,9200,877803,25,1472.0266971,
5366264,1,1,1,60,2,25,1,1,,,1,,,2,2,2,2,11,,1,,2,300000,2,,,1,180000,2,,2,,2,,2,,,2,,,2,,,2,,,2,,,2,,,2,,2,,2,,2,,2,,2,,,.,,,,,,,,,.,11,,,,,,,,,21,1,,21,,,1,2,,2,,2,,,,1,,,,,,,,,1,2,2,1,2,24,1,,1,25,16,1,,160000,2,7,13,3,10,,1,8,2,1,1,1,1,1,2,1,2,2,2,2,2,,2,1,2,2,2,2,1,2,8,,54,97,1,01,3,9700,640000,25,1472.0266971,
5366264,1,3,1,60,2,25,2,,,,,,,,,,,12,,,,,,,,,,,,,,,,,,,,,,,,,,,,,,,,,,,,,,,,,,,,,,,7,,2,,,2,0,1,2000000,2,,12,2,,,,,1,5,2,42,,.,42,,,1,8,,5,,2,,,,1,,,,,,,,,1,2,2,1,0,2,5,,2,,,,,,,,7,3,5,,2,,,,2,,,,,,,,,,,,,,1,1,1,2,1,1,3,,61,01,1,01,4,0124,0,25,1472.0266971,
5366265,1,1,1,60,2,25,2,,,,,,,,,,,300,,,,,,,,,,,,,,,,,,,,,,,,,,,,,,,,,,,,,,,,,,,,,,,7,,2,,,2,400000,1,98,2,,12,2,,,,,2,11,2,18,2,,18,,,1,8,,3,,2,,,,1,,,,,,,,,1,2,2,1,0,60,1,,2,,,,,,,,9,3,10,,2,,,,2,,,,,,,,,,,,,,1,1,1,2,1,1,3,,61,01,1,01,4,0124,400000,25,1472.0266971,
5366266,1,1,1,60,2,25,1,1,,,1,,,1,2,2,2,300,,1,,2,200000,2,,,2,,2,,2,,2,,2,,,2,,,2,,,2,,,2,,,2,,,2,,2,,2,,2,,2,,2,,,.,,,,,,,,,.,12,,,,,,,,,50,,.,50,,,2,8,,2,,2,,,,1,,,,,,,,,1,2,2,1,0,60,4,,2,,,,,,,,3,3,2,,2,,,,2,,,,,,,,,,,,,,1,2,1,2,1,1,3,,62,01,1,01,1,0161,200000,25,1800.7485964,
5366267,1,1,1,60,2,25,1,1,,,1,,,2,2,2,2,1,,1,,2,500000,2,,,2,,2,,2,,2,,2,,,2,,,2,,,2,,,2,,,2,,,2,,2,,2,,2,,2,,2,,,.,,,,,,,,,.,6,,,,,,,,,40,,.,40,,,2,7,,10,,2,,,,1,,,,,,,,,1,2,2,1,6,5,4,,2,,,,,,,,3,3,20,,2,,,,1,1,1,1,1,1,1,1,1,1,2,,1,1,1,2,2,2,1,1,3,,81,31,1,01,1,3110,500000,25,6624.120137,
5366267,1,2,1,60,2,25,1,1,,,1,,,1,2,2,2,1,,1,,2,1040000,2,,,2,,2,,2,,2,,2,,,1,106464,2,2,,,2,,,2,,,2,,,2,,2,,2,,2,,2,,2,,,.,,,,,,,,,.,12,,,,,,,,,48,,.,48,,,4,9,,6,,2,,,,1,,,,,,,,,1,1,2,1,0,18,4,,2,,,,,,,,8,11,20,,2,,,,2,,,,,,,,,,,,,,1,1,1,2,1,1,3,,95,41,1,01,1,4111,1040000,25,6624.120137,
5366270,1,1,1,60,2,41,1,1,,,1,,,1,2,2,2,12,,1,,2,320000,2,,,1,272000,2,,2,,2,,2,,,2,,,2,,,2,,,2,,,2,,,2,,2,,2,,2,,2,,2,,,.,,,,,,,,,.,12,,,,,,,,,40,,.,0,1,,2,7,,2,,2,,,,1,,,,,,,,,1,2,2,1,2,24,4,,2,,,,,,,,11,3,5,2,2,,,,2,,,,,,,,,,,,,,1,2,2,2,1,1,8,,41,47,1,01,1,4711,592000,41,859.95624032,
5366289,1,2,1,60,2,44,2,,,,,,,,,,,60,,,,,,,,,,,,,,,,,,,,,,,,,,,,,,,,,,,,,,,,,,,,,,,6,,,,,2,900000,1,9800000,3,,12,2,,,,,3,3,2,40,,.,40,,,1,2,,5,,2,,,,1,,,,,,,,,1,2,2,2,,,,,2,,,,,,,,,3,20,,2,,,,2,,,,,,,,,,,,,,1,1,1,2,1,1,3,,95,43,1,01,4,4330,900000,44,2457.8823789,
5366291,1,1,1,60,2,44,2,,,,,,,,,,,180,,,,,,,,,,,,,,,,,,,,,,,,,,,,,,,,,,,,,,,,,,,,,,,6,,,,,2,0,1,1400000,3,,12,2,,,,,3,3,2,40,,.,40,,,2,8,,5,,2,,,,1,,,,,,,,,1,2,2,1,0,260,4,,2,,,,,,,,3,11,20,,2,,,,2,,,,,,,,,,,,,,1,1,1,2,2,1,3,,61,01,1,01,4,0141,0,44,1869.4113328,
5366293,1,1,1,60,2,44,2,,,,,,,,,,,24,,,,,,,,,,,,,,,,,,,,,,,,,,,,,,,,,,,,,,,,,,,,,,,6,,,,,2,800000,1,8900000,3,,12,2,,,,,3,1,1,48,,.,48,,,1,5,,2,,2,,,,1,,,,,,,,,1,2,2,1,12,48,1,,2,,,,,,,,11,6,40,,2,,,,1,1,2,1,2,2,2,2,2,1,2,,1,1,2,2,1,2,2,1,9,,45,47,1,01,4,4799,800000,44,3568.8529272,
5366295,1,1,1,60,2,44,1,2,2,12,2,1,,1,1,1,1,1,,2,,2,1200000,2,,,2,,2,,1,400000,2,,2,,,2,,,2,,,2,,,2,,,2,,,1,450000,2,,2,,2,,2,,2,,,.,,,,,,,,,.,9,,,,,,,,,48,,.,48,,,9,10,,1,,1,1,1,19,1,1,,,,,,,,,1,1,1,0,80,1,,2,,,,,,,,1,7,120,,2,,,,2,,,,,,,,,,,,,,1,2,1,2,1,1,1,,03,05,1,01,1,0510,1200000,44,4407.3775286,7020
5366296,1,2,1,60,2,44,1,1,,,1,,,1,2,2,2,8,,,,,,,,,,,,,,,,,,,,,,,,,,,,,,,,,,,,,,,,,,,,,,,6,,,,,3,500000,1,6300000,3,,12,2,,,,,1,1,2,42,,.,42,,,4,4,,2,,2,,,,1,,,,,,,,,1,2,2,1,0,36,4,,2,,,,,,,,2,3,6,,2,,,,1,1,2,1,2,2,2,2,2,2,2,,2,1,1,2,1,2,2,1,3,,37,56,1,01,4,5619,500000,44,3525.4980937,
5366298,1,1,1,60,2,44,2,,,,,,,,,,,480,,,,,,,,,,,,,,,,,,,,,,,,,,,,,,,,,,,,,,,,,,,,,,,6,,,,,2,500000,1,5400000,3,,12,2,,,,,3,9,2,42,,.,42,,,1,8,,2,,2,,,,1,,,,,,,,,1,2,2,2,,,,,2,,,,,,,,,3,120,,2,,,,2,,,,,,,,,,,,,,1,2,1,2,2,1,3,,61,01,1,01,4,0111,500000,44,1828.049569,
5366298,1,2,1,60,2,44,2,,,,,,,,,,,120,,,,,,,,,,,,,,,,,,,,,,,,,,,,,,,,,,,,,,,,,,,,,,,6,,,,,2,120000,1,1400000,3,,12,2,,,,,3,10,2,32,2,,32,,,1,1,,2,,2,,,,1,,,,,,,,,1,2,2,1,3,24,4,,2,,,,,,,,2,14,,,2,,,,2,,,,,,,,,,,,,,1,2,1,2,1,1,3,,79,14,1,01,4,1410,120000,44,1828.049569,
5366299,1,1,1,60,2,44,2,,,,,,,,,,,4,,,,,,,,,,,,,,,,,,,,,,,,,,,,,,,,,,,,,,,,,,,,,,,6,,,,,2,325000,1,1300000,3,,4,2,,,,,1,1,1,30,1,,30,,,4,7,,2,,2,,,,1,,,,,,,,,1,2,2,2,,,,,2,,,,,,,,,3,4,,1,30,1,1,1,1,1,1,2,2,2,2,2,2,2,,1,1,1,1,2,2,2,1,3,,53,56,1,01,4,5611,325000,44,3695.5716289,
5366301,1,1,1,60,2,44,2,,,,,,,,,,,60,,,,,,,,,,,,,,,,,,,,,,,,,,,,,,,,,,,,,,,,,,,,,,,6,,,,,2,800000,1,9000000,3,,12,1,1,1,0,0,3,1,1,30,2,,30,,,2,1,,4,,2,,,,1,,,,,,,,,1,2,2,1,0,60,1,,1,44,7,4,,600000,1,6,3,14,,,2,,,,2,,,,,,,,,,,,,,1,1,1,2,2,1,5,,02,25,1,01,5,2592,1400000,44,3192.9454601,
5366301,1,2,1,60,2,44,1,2,2,12,1,,,1,1,1,1,60,,2,,2,950000,2,,,2,,2,,2,,2,,2,,,1,103000,2,2,,,2,,,2,,,2,,,1,450000,1,450000,1,450000,2,,2,,2,,,.,,,,,,,,,.,12,,,,,,,,,48,,.,48,,,8,7,,1,,1,1,1,10,1,1,,,,,,,,,1,1,1,0,72,1,,2,,,,,,,,1,15,15,,2,,,,2,,,,,,,,,,,,,,1,1,1,2,2,1,5,,59,86,1,01,1,8621,950000,44,3192.9454601,
5366308,1,4,1,60,2,44,1,2,2,12,1,,,1,1,2,1,96,,2,,2,877803,2,,,2,,2,,1,320000,2,,2,,,2,,,1,30000,2,2,,,2,,,2,,,1,877000,2,,2,,2,,2,,2,,,.,,,,,,,,,.,12,,,,,,,,,48,,.,48,,,9,7,,1,,1,1,1,8,1,1,,,,,,,,,1,1,1,0,36,4,,2,,,,,,,,8,7,120,,2,,,,2,,,,,,,,,,,,,,1,1,1,2,1,1,1,,87,45,1,01,1,4520,877803,44,1949.7032086,
5366317,1,2,1,60,2,44,1,1,,,1,,,1,2,2,2,1,,1,,2,500000,2,,,2,,2,,2,,2,,2,,,2,,,2,,,2,,,2,,,2,,,2,,2,,2,,2,,2,,2,,,.,,,,,,,,,.,12,,,,,,,,,84,,.,84,,,2,8,,2,,2,,,,1,,,,,,,,,1,2,2,1,0,120,4,,2,,,,,,,,1,3,30,,2,,,,1,1,2,1,1,2,2,2,2,2,2,,2,1,2,2,2,2,1,1,3,,58,01,1,01,1,0145,500000,44,2894.520375,
5366318,1,1,1,60,2,44,2,,,,,,,,,,,120,,,,,,,,,,,,,,,,,,,,,,,,,,,,,,,,,,,,,,,,,,,,,,,6,,,,,2,1200000,1,8000000,3,,8,2,,,,,3,1,1,40,,.,40,,,4,9,,2,,2,,,,1,,,,,,,,,1,2,2,1,0,4,4,,2,,,,,,,,3,12,20,,2,,,,2,,,,,,,,,,,,,,1,1,1,2,2,1,5,,95,41,1,01,4,4111,1200000,44,3616.0961771,
5366318,1,2,1,60,2,44,2,,,,,,,,,,,24,,,,,,,,,,,,,,,,,,,,,,,,,,,,,,,,,,,,,,,,,,,,,,,6,,,,,2,750000,1,9000000,3,,12,2,,,,,3,1,1,60,,.,60,,,1,4,,2,,2,,,,1,,,,,,,,,1,2,2,2,,,,,2,,,,,,,,,3,3,,2,,,,1,1,1,2,2,2,2,2,1,1,2,,2,2,2,1,1,2,2,1,3,,98,49,1,01,4,4921,750000,44,3616.0961771,
5366321,1,1,1,60,2,44,2,,,,,,,,,,,72,,,,,,,,,,,,,,,,,,,,,,,,,,,,,,,,,,,,,,,,,,,,,,,6,,,,,2,0,1,4500000,3,,12,2,,,,,1,1,1,48,,.,0,6,,2,7,,2,,2,,,,1,,,,,,,,,1,2,2,1,0,6,4,,2,,,,,,,,3,3,6,2,2,,,,1,1,1,1,2,2,2,2,2,2,2,,1,1,1,2,1,2,2,1,3,,95,31,1,01,4,3110,0,44,3069.2987506,
5366321,1,2,1,60,2,44,1,2,2,2,1,,,2,2,2,2,24,,,,,,,,,,,,,,,,,,,,,,,,,,,,,,,,,,,,,,,,,,,,,,,1,,,,,2,1300000,1,12000000,3,,12,2,,,,,1,1,1,48,,.,48,,,9,7,,1,,1,1,2,2,1,1,,,,,,,,,1,2,1,0,48,1,,2,,,,,,,,3,12,25,,2,,,,2,,,,,,,,,,,,,,1,2,1,2,2,1,3,,59,86,1,01,4,8610,1300000,44,3069.2987506,
5366324,1,2,1,60,2,44,1,1,,,1,,,1,2,2,2,2,,1,,2,600000,2,,,1,20000,2,,2,,2,,2,,,2,,,2,,,2,,,2,,,2,,,2,,2,,2,,2,,2,,2,,,.,,,,,,,,,.,12,,,,,,,,,42,,.,42,,,4,8,,2,,2,,,,1,,,,,,,,,1,2,2,1,0,12,4,,2,,,,,,,,3,3,60,,2,,,,1,1,2,1,2,2,2,2,1,1,2,,1,1,2,2,2,2,2,1,3,,62,01,1,01,8,0113,620000,44,3149.5906265,
5366331,1,1,1,60,2,68,1,1,,,1,,,1,2,2,2,36,,1,,2,450000,2,,,2,,2,,2,,2,,2,,,2,,,2,,,2,,,2,,,2,,,2,,2,,2,,2,,2,,2,,,.,,,,,,,,,.,12,,,,,,,,,60,,.,60,,,1,1,,2,,2,,,,1,,,,,,,,,1,2,2,1,8,24,1,,2,,,,,,,,9,14,,,2,,,,2,,,,,,,,,,,,,,1,2,1,2,1,1,3,,45,47,1,01,1,4711,450000,68,4355.5673027,
5366698,1,3,1,60,2,23,1,1,,,1,,,1,2,2,2,60,,1,,2,200000,2,,,1,150000,2,,2,,2,,2,,,2,,,2,,,2,,,2,,,2,,,2,,2,,2,,2,,2,,2,,,.,,,,,,,,,.,12,,,,,,,,,48,,.,48,,,1,2,,2,,2,,,,1,,,,,,,,,1,2,2,2,,,,,2,,,,,,,,,3,10,,2,,,,2,,,,,,,,,,,,,,1,1,1,2,1,1,3,,54,97,1,01,3,9700,350000,23,934.40356495,
5366698,1,5,1,60,2,23,1,2,2,12,2,1,,1,2,2,1,18,,1,,2,877803,2,,,2,,2,,2,,2,,2,,,1,102854,2,2,,,2,,,2,,,2,,,1,877803,2,,2,,2,,2,,2,,,.,,,,,,,,,.,12,,,,,,,,,48,,.,48,,,9,7,,1,,1,1,1,1,1,1,,,,,,,,,1,2,1,6,24,1,,2,,,,,,,,5,11,40,,2,,,,2,,,,,,,,,,,,,,1,1,1,2,1,1,3,,97,47,1,01,1,4711,877803,23,934.40356495,7820
5366698,1,6,1,60,2,23,1,2,2,12,2,1,,1,2,2,1,6,,1,,2,877803,2,,,2,,2,,2,,2,,2,,,1,102854,2,2,,,2,,,2,,,2,,,2,,2,,2,,2,,2,,2,,,.,,,,,,,,,.,6,,,,,,,,,40,,.,40,,,9,7,,1,,1,1,1,0,1,1,,,,,,,,,1,2,1,12,12,1,,2,,,,,,,,1,11,10,,2,,,,2,,,,,,,,,,,,,,1,1,1,2,1,1,3,,33,86,1,01,1,8610,877803,23,934.40356495,7820
5366698,1,8,1,60,2,23,1,1,,,1,,,1,2,2,2,24,,1,,2,700000,2,,,2,,2,,2,,2,,2,,,2,,,2,,,2,,,2,,,2,,,2,,2,,2,,2,,2,,2,,,.,,,,,,,,,.,12,,,,,,,,,45,,.,45,,,2,9,,2,,2,,,,1,,,,,,,,,1,2,2,2,,,,,2,,,,,,,,,11,20,,2,,,,2,,,,,,,,,,,,,,1,1,1,2,1,1,3,,95,41,1,01,1,4111,700000,23,934.40356495,
5366765,1,1,1,60,2,66,2,,,,,,,,,,,210,,,,,,,,,,,,,,,,,,,,,,,,,,,,,,,,,,,,,,,,,,,,,,,7,,2,,,3,600000,1,7200000,3,,12,2,,,,,2,3,2,50,,.,50,,,1,8,,2,,2,,,,1,,,,,,,,,1,2,2,1,0,180,8,,2,,,,,,,,10,3,1,,2,,,,2,,,,,,,,,,,,,,1,1,1,1,1,1,8,,62,01,1,01,4,0123,600000,66,721.92986823,
5366766,1,1,1,60,2,66,2,,,,,,,,,,,36,,,,,,,,,,,,,,,,,,,,,,,,,,,,,,,,,,,,,,,,,,,,,,,7,,2,,,3,600000,1,4500000,3,,12,2,,,,,2,3,2,48,,.,48,,,2,8,,2,,2,,,,1,,,,,,,,,1,2,2,2,,,,,2,,,,,,,,,14,,,2,,,,2,,,,,,,,,,,,,,1,1,1,2,1,1,3,,62,01,1,01,4,0123,600000,66,853.44466204,
5366766,1,2,1,60,2,66,2,,,,,,,,,,,36,,,,,,,,,,,,,,,,,,,,,,,,,,,,,,,,,,,,,,,,,,,,,,,,.,,,,,,,,,.,12,,,,,,,,,20,2,,20,,,2,8,,2,,2,,,,1,,,,,,,,,1,2,2,2,,,,,2,,,,,,,,,14,,,2,,,,2,,,,,,,,,,,,,,1,1,1,2,1,1,3,,62,01,1,01,6,0123,,66,853.44466204,
5366767,1,2,1,60,2,5,2,,,,,,,,,,,60,,,,,,,,,,,,,,,,,,,,,,,,,,,,,,,,,,,,,,,,,,,,,,,7,,2,,,2,1000000,1,12000000,3,,12,2,,,,,3,3,2,40,,.,40,,,1,4,,5,,2,,,,1,,,,,,,,,1,2,2,1,0,24,1,,2,,,,,,,,3,14,,,2,,,,2,,,,,,,,,,,,,,1,1,1,2,1,1,8,,98,49,1,01,4,4921,1000000,05,4630.2620564,
5366767,1,3,1,60,2,5,2,,,,,,,,,,,120,,,,,,,,,,,,,,,,,,,,,,,,,,,,,,,,,,,,,,,,,,,,,,,6,,,,,2,800000,1,9000000,1,,12,2,,,,,2,1,1,40,,.,40,,,1,4,,5,,2,,,,1,,,,,,,,,1,2,2,1,0,3,1,,2,,,,,,,,1,3,15,,2,,,,1,1,2,1,2,2,2,2,2,2,2,,1,1,1,2,1,2,2,1,8,,98,49,1,01,4,4921,800000,05,4630.2620564,
5366769,1,1,1,60,2,13,2,,,,,,,,,,,36,,,,,,,,,,,,,,,,,,,,,,,,,,,,,,,,,,,,,,,,,,,,,,,6,,,,,3,200000,1,1500000,1,,6,2,,,,,1,9,2,46,,.,0,1,,2,2,,2,,2,,,,1,,,,,,,,,1,2,2,2,,,,,2,,,,,,,,,3,2,2,2,,,,1,1,2,1,2,2,2,2,2,1,2,,2,2,1,2,1,2,2,1,3,,89,23,1,01,4,2395,200000,13,1838.4134771,
5366770,1,1,1,60,2,18,2,,,,,,,,,,,120,,,,,,,,,,,,,,,,,,,,,,,,,,,,,,,,,,,,,,,,,,,,,,,6,,,,,2,500000,1,6000000,3,,12,2,,,,,2,3,2,48,,.,48,,,1,6,,4,,2,,,,1,,,,,,,,,1,2,2,2,,,,,2,,,,,,,,,3,5,,2,,,,2,,,,,,,,,,,,,,1,1,1,2,1,1,3,,85,45,1,01,4,4520,500000,18,1701.7751471,
5366771,1,1,1,60,2,18,1,1,,,1,,,1,2,2,2,6,,1,,2,600000,2,,,1,150000,2,,2,,2,,2,,,2,,,2,,,2,,,2,,,2,,,2,,2,,2,,2,,2,,2,,,.,,,,,,,,,.,10,,,,,,,,,48,,.,48,,,3,8,,2,,2,,,,1,,,,,,,,,1,2,2,1,2,4,8,,2,,,,,,,,1,3,45,,2,,,,2,,,,,,,,,,,,,,1,1,1,2,2,1,8,,62,01,1,01,8,0141,750000,18,1065.719915,
5366771,1,2,1,60,2,18,1,1,,,1,,,1,2,2,2,1,,1,,2,250000,2,,,1,100000,2,,2,,2,,2,,,2,,,2,,,2,,,2,,,2,,,2,,2,,2,,2,,2,,2,,,.,,,,,,,,,.,9,,,,,,,,,30,2,,30,,,2,7,,2,,2,,,,1,,,,,,,,,1,2,2,1,2,3,1,,2,,,,,,,,1,3,20,,2,,,,1,1,2,1,2,2,2,1,2,2,2,,2,1,2,2,1,2,2,1,8,,53,56,1,01,1,5611,350000,18,1065.719915,
5366771,1,4,1,60,2,18,1,1,,,1,,,2,2,2,2,1,,2,,2,300000,2,,,2,,2,,2,,2,,2,,,2,,,2,,,2,,,2,,,2,,,2,,2,,2,,2,,2,,2,,,.,,,,,,,,,.,8,,,,,,,,,30,1,,30,,,4,7,,2,,2,,,,1,,,,,,,,,1,2,2,1,3,2,8,,2,,,,,,,,1,3,3,,1,12,2,1,1,1,2,1,2,2,2,1,1,2,2,,2,1,2,2,2,2,2,1,3,,55,10,1,01,1,1040,300000,18,1065.719915,
5366874,1,1,1,60,2,44,2,,,,,,,,,,,500,,,,,,,,,,,,,,,,,,,,,,,,,,,,,,,,,,,,,,,,,,,,,,,6,,,,,2,0,1,3000000,3,,12,2,,,,,3,3,2,50,,.,50,,,2,8,,2,,2,,,,1,,,,,,,,,1,2,2,2,,,,,2,,,,,,,,,11,25,,2,,,,2,,,,,,,,,,,,,,1,2,1,2,2,1,5,,61,01,1,01,4,0111,0,44,2567.0010665,
5366906,1,1,1,60,2,27,2,,,,,,,,,,,36,,,,,,,,,,,,,,,,,,,,,,,,,,,,,,,,,,,,,,,,,,,,,,,6,,,,,2,200000,1,1400000,3,,12,2,,,,,3,1,1,46,,.,46,,,1,8,,2,,2,,,,1,,,,,,,,,1,2,2,2,,,,,2,,,,,,,,,3,60,,2,,,,2,,,,,,,,,,,,,,1,2,1,2,1,1,8,,61,01,1,01,4,0122,200000,27,2664.7468291,
5366912,1,1,1,60,2,44,2,,,,,,,,,,,480,,,,,,,,,,,,,,,,,,,,,,,,,,,,,,,,,,,,,,,,,,,,,,,6,,,,,2,450000,1,1500000,3,,12,2,,,,,3,1,2,36,2,,36,,,1,4,,2,,2,,,,1,,,,,,,,,1,2,2,2,,,,,2,,,,,,,,,14,,,2,,,,2,,,,,,,,,,,,,,1,2,1,2,1,1,5,,98,49,1,01,4,4921,450000,44,2986.2633672,
5366913,1,1,1,60,2,63,1,1,,,1,,,1,2,2,2,6,,1,,2,500000,2,,,2,,2,,2,,2,,2,,,2,,,2,,,2,,,2,,,2,,,2,,2,,2,,2,,2,,2,,,.,,,,,,,,,.,12,,,,,,,,,48,,.,48,,,3,8,,2,,2,,,,1,,,,,,,,,1,2,2,1,0,13,8,,2,,,,,,,,1,13,7,,2,,,,2,,,,,,,,,,,,,,1,1,1,2,1,1,8,,62,01,1,01,8,0123,500000,63,1202.5268437,
5366918,1,3,1,60,2,5,2,,,,,,,,,,,360,,,,,,,,,,,,,,,,,,,,,,,,,,,,,,,,,,,,,,,,,,,,,,,7,,2,,,2,480000,1,6000000,3,,12,1,1,0,0,1,3,1,1,50,,.,50,,,3,8,,2,,2,,,,1,,,,,,,,,1,2,2,2,,,,,2,,,,,,,,,3,5,,2,,,,2,,,,,,,,,,,,,,1,1,1,2,1,2,8,,61,01,1,01,4,0113,480000,05,3454.5020977,
5366918,1,4,1,60,2,5,2,,,,,,,,,,,360,,,,,,,,,,,,,,,,,,,,,,,,,,,,,,,,,,,,,,,,,,,,,,,,.,,,,,,,,,.,12,,,,,,,,,50,,.,50,,,3,8,,2,,2,,,,1,,,,,,,,,1,2,2,1,0,12,4,,2,,,,,,,,5,3,7,,2,,,,1,1,2,1,2,2,2,2,2,2,2,,1,1,1,2,2,2,2,1,3,,62,01,1,01,6,0122,,05,3454.5020977,
5366920,1,2,1,60,2,8,1,1,,,1,,,1,2,2,2,12,,1,,2,600000,2,,,1,120000,2,,2,,2,,2,,,2,,,2,,,2,,,2,,,2,,,2,,2,,2,,2,,2,,2,,,.,,,,,,,,,.,12,,,,,,,,,60,,.,60,,,2,8,,2,,2,,,,1,,,,,,,,,1,2,2,1,0,300,4,,2,,,,,,,,8,15,40,,2,,,,2,,,,,,,,,,,,,,1,1,1,2,1,1,8,,62,01,1,01,8,0141,720000,08,1897.9654275,
5366923,1,1,1,60,2,8,1,2,2,12,1,,,1,1,2,1,12,,1,,2,860000,2,,,2,,1,120000,2,,2,,2,,,2,,,1,92300,2,2,,,2,,,2,,,1,450000,2,,2,,2,,2,,2,,,.,,,,,,,,,.,12,,,,,,,,,48,,.,48,,,2,8,,1,,1,1,1,1,1,1,,,,,,,,,1,1,1,0,24,4,,2,,,,,,,,8,14,,,2,,,,2,,,,,,,,,,,,,,1,1,1,2,1,1,3,,60,01,1,01,1,0141,980000,08,4035.7943154,
5366923,1,8,1,60,2,8,1,1,,,1,,,1,2,2,2,4,,3,,2,500000,2,,,2,,2,,2,,2,,2,,,2,,,2,,,2,,,2,,,2,,,2,,2,,2,,2,,2,,2,,,.,,,,,,,,,.,12,,,,,,,,,48,,.,48,,,3,8,,10,,2,,,,1,,,,,,,,,1,2,2,1,0,8,4,,2,,,,,,,,3,14,,,2,,,,2,,,,,,,,,,,,,,1,1,1,2,1,1,3,,62,01,1,01,8,0141,500000,08,4035.7943154,
5366924,1,1,1,60,2,13,2,,,,,,,,,,,13,,,,,,,,,,,,,,,,,,,,,,,,,,,,,,,,,,,,,,,,,,,,,,,6,,,,,2,,1,99,1,,8,2,,,,,3,1,2,30,1,,0,6,,1,5,,2,,2,,,,1,,,,,,,,,1,2,2,1,12,18,1,,2,,,,,,,,1,3,10,2,2,,,,2,,,,,,,,,,,,,,1,2,2,2,2,1,3,,41,47,1,01,4,4772,,13,1929.7773841,
5366925,1,1,1,60,2,13,2,,,,,,,,,,,90,,,,,,,,,,,,,,,,,,,,,,,,,,,,,,,,,,,,,,,,,,,,,,,6,,,,,2,220000,1,1600000,1,,8,2,,,,,3,5,2,26,2,,26,,,1,4,,2,,2,,,,1,,,,,,,,,1,2,2,2,,,,,2,,,,,,,,,11,5,,2,,,,2,,,,,,,,,,,,,,1,1,1,2,2,1,3,,98,49,1,01,4,4921,220000,13,909.38866887,
5366928,1,1,1,60,2,13,2,,,,,,,,,,,4,,,,,,,,,,,,,,,,,,,,,,,,,,,,,,,,,,,,,,,,,,,,,,,6,,,,,3,120000,1,480000,1,,12,2,,,,,3,2,1,25,1,,25,,,1,8,,2,,2,,,,1,,,,,,,,,1,2,2,1,4,12,1,,1,8,0,8,,0,4,7,7,13,30,,1,25,1,1,1,1,1,1,2,1,2,2,2,2,2,,1,1,2,2,2,2,2,1,3,,61,01,1,01,4,0113,120000,13,1316.3631221,
5366928,1,2,1,60,2,13,2,,,,,,,,,,,4,,,,,,,,,,,,,,,,,,,,,,,,,,,,,,,,,,,,,,,,,,,,,,,6,,,,,2,280000,1,1120000,3,,4,1,1,0,0,1,3,1,2,25,1,,25,,,2,1,,2,,2,,,,1,,,1,,,,,,,2,2,1,0,18,1,,2,,,,,,,,12,14,,,1,40,1,2,1,1,1,1,2,2,2,2,2,2,2,,1,1,2,2,2,2,2,1,2,,77,10,1,01,4,1081,280000,13,1316.3631221,
5366928,1,3,1,60,2,13,2,,,,,,,,,,,3,,,,,,,,,,,,,,,,,,,,,,,,,,,,,,,,,,,,,,,,,,,,,,,,.,,,,,,,,,.,3,,,,,,,,,5,3,SOLO AYUDA A SU MAMA,5,,,2,1,,2,,,,,,1,,,,,,,,,1,2,2,2,,,,,2,,,,,,,,,14,,,2,,,,2,,,,,,,,,,,,,,1,1,1,2,2,1,3,,45,10,1,01,6,1082,,13,1316.3631221,
5367006,1,1,1,60,2,15,2,,,,,,,,,,,300,,,,,,,,,,,,,,,,,,,,,,,,,,,,,,,,,,,,,,,,,,,,,,,6,,,,,2,800000,1,9300000,3,,12,2,,,,,3,10,2,80,,.,45,6,,1,8,,2,,2,,,,1,,,1,,,,,,,2,2,2,,,,,2,,,,,,,,,3,30,1,2,,,,2,,,,,,,,,,,,,,1,2,1,2,2,1,2,,61,01,1,01,4,0161,800000,15,3583.2011787,
