DIRECTORIO,SECUENCIA_P,ORDEN,HOGAR,REGIS,P6016,P6020,P6030S1,P6030S3,P6040,P6050,P6080,P6080S1,P6070,P6081,P6081S1,P6083,P6083S1,P6071,P6071S1,P3147S1,P3147S2,P3147S3,P3147S4,P3147S5,P3147S6,P3147S7,P3147S8,P3147S9,P3147S10,P3147S11,P3147S10A1,P3246,P6090,P6140,P6150,P6100,P6110,P6120,P6125,P6160,P6170,P6175,P6210,P6210S1,P6220,P6269,CLASE,ESC,MES,DPTO,fex_c_2011
5345410,1,1,1,10,3,2,,,70,1,6,,3,3,,3,,1,2,,1,,,,,,,,1,,SACAR CITAS MEDICAS,1,1,,,3,,,2,2,2,,1,0,,,2,0,01,41,946.35040591
5345410,1,2,1,10,3,1,,,75,2,6,,3,3,,3,,1,1,,1,,,,,,,,1,,SACAR CITAS MEDICAS,,1,,,3,,,2,1,2,,3,3,,,2,3,01,41,946.35040591
5345410,1,3,1,10,3,1,1,1962,59,3,6,,4,1,2,1,1,,,,1,,,,,,,,,,,,1,,,3,,,2,1,2,,3,1,,,2,1,01,41,946.35040591
5345412,1,1,1,10,1,1,11,1978,42,1,6,,3,1,5,1,6,1,2,,,,,,,,,,,1,,2,1,,,2,1,152000,2,1,2,,6,9,5,,2,20,01,41,916.85496865
5345412,1,2,1,10,1,2,2,1981,39,2,6,,3,2,,2,,1,1,,1,,,,,,,,,,,,1,,,2,5,,2,1,2,,3,5,,,2,5,01,41,916.85496865
5345412,1,3,1,10,1,2,4,2002,18,3,6,,6,1,1,1,2,,,,,,,,,,1,,,,,,1,,,2,5,,2,1,1,2,6,1,2,2,2,12,01,41,916.85496865
5345412,1,4,1,10,1,1,1,2005,16,3,6,,6,1,1,1,2,,,,,,,,,,1,,,,,,1,,,2,5,,2,1,1,1,5,10,1,,2,10,01,41,916.85496865
5345412,1,5,1,10,1,1,,,70,5,6,,3,3,,2,,1,6,,1,,,,,,,,1,,PARA IR AL MEDICO,,1,,,2,5,,2,1,2,,3,5,,,2,5,01,41,916.85496865
5345412,1,6,1,10,1,2,6,1952,68,5,6,,3,3,,3,,1,5,,1,,,,,,,,1,,SACAR CITAS MEDICAS,,1,,,2,2,98,2,1,2,,6,6,5,,2,17,01,41,916.85496865
5345413,1,1,1,10,2,1,9,1947,73,1,6,,3,3,,3,,1,2,,1,,,,,,,,,,,2,1,,,1,2,98,2,1,2,,3,2,,,2,2,01,41,922.5841291
5345413,1,2,1,10,2,2,4,1954,66,2,6,,3,3,,3,,1,1,,1,,,,,,,,,,,,1,,,1,5,,2,1,2,,3,4,,,2,4,01,41,922.5841291
5345414,1,1,1,10,1,2,3,1975,45,1,6,,5,3,,3,,,,,1,,1,,,,,,,,,2,1,,,3,,,2,1,2,,3,3,,,2,3,01,41,1579.565167
5345414,1,2,1,10,2,2,11,1991,29,3,6,,2,3,,1,1,2,,,1,,1,,,1,,,,,,,1,,,3,,,2,1,2,,3,5,,,2,5,01,41,1579.565167
5345414,1,3,1,10,2,1,1,2018,2,4,6,,,2,,1,2,,,,,,,,,,,,,,,,1,,,3,,,2,,,,,,,,2,,01,41,1579.565167
5345414,1,4,1,10,2,2,7,2020,0,4,6,,,2,,1,2,,,,,,,,,,,,,,,,1,,,3,,,2,,,,,,,,2,,01,41,1579.565167
5345414,1,5,1,10,5,1,12,1998,22,3,6,,1,3,,1,1,1,6,,1,,1,1,,,,,,,,,1,,,3,,,2,1,2,,4,8,,,2,8,01,41,1579.565167
5345414,1,6,1,10,5,2,2,2001,19,5,6,,1,2,,2,,1,5,,1,,1,1,,,,,,,,,1,,,3,,,2,1,2,,4,8,,,2,8,01,41,1579.565167
5345414,1,7,1,10,5,2,1,2019,1,4,6,,,1,5,1,6,,,,,,,,,,,,,,,,1,,,3,,,2,,,,,,,,2,,01,41,1579.565167
5345414,1,8,1,10,1,1,,,52,5,6,,6,3,,3,,,,,1,,,,1,,,,,,,,1,,,3,,,2,2,2,,1,0,,,2,0,01,41,1579.565167
5345414,1,9,1,10,1,1,,,36,5,6,,6,3,,3,,,,,1,,1,,,,,,,,,,1,,,3,,,2,1,2,,3,3,,,2,3,01,41,1579.565167
5345415,1,1,1,10,2,1,9,1950,70,1,6,,3,3,,3,,1,2,,1,,,,1,,,,,,,1,1,,,3,,,2,1,2,,3,2,,,2,2,01,41,658.85658653
5345415,1,2,1,10,2,2,3,1955,65,2,6,,3,3,,3,,1,1,,1,,,,,,,,1,,IR A CITAS MEDICAS,,1,,,3,,,2,1,2,,3,5,,,2,5,01,41,658.85658653
5345415,1,3,1,10,3,2,2,1968,52,5,6,,6,3,,2,,,,,1,,,,,1,,,,,,,1,,,3,,,2,1,2,,3,4,,,2,4,01,41,658.85658653
5345416,1,1,1,10,1,2,6,1969,51,1,6,,2,2,,1,5,1,2,,1,,1,,,,,,,,,2,1,,,2,5,,2,1,2,,3,5,,,2,5,01,41,597.85229061
5345416,1,2,1,10,1,1,11,1970,50,2,6,,2,2,,2,,1,1,,1,,,,,,,,,,,,1,,,2,2,216000,2,1,2,,5,11,2,,2,11,01,41,597.85229061
5345416,1,3,1,10,3,2,6,2004,16,3,6,,6,1,2,1,1,,,,1,,,,,,1,,,,,,1,,,2,5,,2,1,1,1,4,7,,,2,7,01,41,597.85229061
5345416,1,4,1,10,1,2,4,2010,10,3,6,,6,1,2,1,1,,,,1,,,,,,1,,,,,,1,,,2,5,,2,1,1,1,3,4,,,2,4,01,41,597.85229061
5345416,1,5,1,10,1,2,3,1945,75,5,6,,5,3,,3,,,,,1,,,,,,,,1,,SACAR CITAS MEDICAS,,1,,,3,,,2,1,2,,3,5,,,2,5,01,41,597.85229061
5345417,1,1,1,10,1,2,1,1941,80,1,6,,5,3,,3,,,,,1,,,,,,,,1,,SACAR CITAS MEDICAS,2,1,,,1,5,,2,1,2,,3,5,,,2,5,01,41,625.69740015
5345417,1,2,1,10,1,2,,,58,3,6,,3,3,,1,1,1,3,,1,,1,,,,,,,,,,1,,,1,3,106000,2,1,2,,5,11,2,,2,11,01,41,625.69740015
5345417,1,3,1,10,1,1,,,62,5,6,,3,3,,3,,1,2,,1,,1,,,,,,,,,,1,,,1,5,,2,1,2,,3,5,,,2,5,01,41,625.69740015
5345418,1,1,1,10,1,1,4,1958,62,1,6,,3,3,,2,,1,2,,1,,1,,,1,,,,,,1,1,,,3,,,2,1,2,,5,11,2,,2,11,01,41,922.5841291
5345418,1,2,1,10,2,2,10,1953,67,2,6,,3,3,,3,,1,1,,1,,1,,,1,,,,,,,1,,,3,,,2,1,2,,5,11,2,,2,11,01,41,922.5841291
5346131,1,1,1,10,1,2,10,1976,44,1,6,,4,2,,2,,,,,,,1,,,,,1,,,,1,1,,,3,,,2,1,2,,5,11,2,,2,11,01,68,4355.5673027
5346131,1,2,1,10,2,1,11,2004,16,3,6,,6,2,,1,1,,,,,,,,,,1,,,,,,1,,,3,,,2,1,1,1,5,10,1,,2,10,01,68,4355.5673027
5346131,1,3,1,10,3,1,4,2010,10,3,6,,6,2,,1,1,,,,,,,,,,1,,,,,,1,,,3,,,2,1,1,1,4,0,,,2,5,01,68,4355.5673027
5346131,1,4,1,10,1,1,6,2012,8,3,6,,,2,,1,1,,,,,,,,,,,,,,,,1,,,3,,,2,1,1,1,3,3,,,2,3,01,68,4355.5673027
5346132,1,1,1,10,1,1,1,1963,57,1,6,,4,3,,2,,,,,,,,,,,,,,1,,2,2,1,12,,,,2,1,2,,6,2,3,,2,13,01,68,1184.0488313
5346133,1,1,1,10,1,1,3,1966,54,1,6,,2,3,,3,,1,2,,,,1,,,,,,,,,2,1,,,3,,,2,1,2,,3,4,,,2,4,01,68,967.90384504
5346133,1,2,1,10,2,2,5,1962,58,2,6,,2,3,,3,,1,1,,,,,,,,,,,1,,,1,,,3,,,2,1,2,,3,5,,,2,5,01,68,967.90384504
5346134,1,1,1,10,1,1,3,1971,49,1,6,,3,3,,2,,1,2,,,,1,,,1,,,,,,2,1,,,1,3,109000,2,1,2,,3,5,,,2,5,01,68,1707.6374648
5346134,1,2,1,10,2,2,4,1974,46,2,6,,3,2,,2,,1,1,,,,,,,,,,,1,,,1,,,1,5,,2,1,2,,5,11,2,,2,11,01,68,1707.6374648
5346134,1,3,1,10,3,1,4,2003,17,3,6,,6,1,1,1,2,,,,,,,,,,,,,1,,,1,,,1,5,,2,1,2,,5,11,2,,2,11,01,68,1707.6374648
5346135,1,1,1,10,1,1,3,1972,48,1,6,,2,3,,3,,1,2,,,,,,,,,,,1,,2,1,,,3,,,2,1,2,,3,5,,,2,5,01,68,967.90384504
5346135,1,2,1,10,2,2,4,1987,33,2,6,,2,3,,2,,1,1,,,,1,,,1,,,,,,,1,,,3,,,2,1,2,,4,6,,,2,6,01,68,967.90384504
5346135,1,3,1,10,3,2,7,2001,19,3,6,,6,1,1,1,2,,,,,,,,,1,1,,,,,,1,,,3,,,2,1,1,1,6,0,2,2,2,11,01,68,967.90384504
5346135,1,4,1,10,4,1,10,2009,11,3,6,,6,1,1,1,2,,,,,,,,,,1,,,,,,1,,,3,,,2,1,1,1,4,0,,,2,5,01,68,967.90384504
5346136,1,1,1,10,1,2,9,1970,50,1,6,,2,3,,1,4,1,2,,,,1,,,,,,,,,1,2,1,36,,,,2,1,2,,3,2,,,2,2,01,68,967.90384504
5346136,1,2,1,10,2,1,11,1962,58,2,6,,2,3,,3,,1,1,,,,,,,1,,,,,,,2,1,12,,,,2,1,2,,3,5,,,2,5,01,68,967.90384504
5346136,1,3,1,10,1,1,10,2012,8,4,6,,,2,,2,,,,,,,,,,,,,,,,,2,1,2,,,,2,1,1,1,3,1,,,2,1,01,68,967.90384504
5346136,1,4,1,10,4,2,4,1939,81,5,6,,5,3,,3,,,,,,,,,,,,,,1,,,1,,,3,,,2,2,2,,1,0,,,2,0,01,68,967.90384504
5346137,1,1,1,10,1,2,5,1976,44,1,6,,3,2,,2,,1,2,,,,1,,,,,,,,,2,1,,,3,,,2,1,2,,3,2,,,2,2,01,68,967.90384504
5346137,1,2,1,10,2,1,1,1968,52,2,6,,3,3,,3,,1,1,,,,1,,,,,,,,,,1,,,3,,,2,1,2,,3,5,,,2,5,01,68,967.90384504
5346137,1,3,1,10,3,2,10,1994,26,3,6,,6,1,2,1,1,,,,,,,1,,1,,,,,,,1,,,3,,,2,1,2,,5,11,2,,2,11,01,68,967.90384504
5346137,1,4,1,10,4,1,8,2000,20,3,6,,6,1,2,1,1,,,,,,,1,,,,,,,,,1,,,3,,,2,1,2,,5,11,2,,2,11,01,68,967.90384504
5346137,1,5,1,10,5,1,9,2004,16,3,6,,6,1,2,1,1,,,,,,,,,,1,,,,,,1,,,3,,,2,1,1,1,5,10,1,,2,10,01,68,967.90384504
5346138,1,1,1,10,1,2,10,1970,50,1,6,,6,2,,2,,,,,,1,1,1,,1,,,,,,2,1,,,3,,,2,1,2,,3,5,,,2,5,01,68,967.90384504
5346138,1,2,1,10,2,1,7,2005,15,3,6,,6,2,,1,1,,,,,,,,,,1,,,,,,1,,,3,,,2,1,1,1,4,8,,,2,8,01,68,967.90384504
5346139,1,1,1,10,1,1,4,1974,46,1,6,,3,3,,2,,1,2,,,,1,,,,,,,,,2,1,,,3,,,2,1,2,,3,5,,,2,5,01,68,967.90384504
5346139,1,2,1,10,2,2,12,1978,42,2,6,,3,2,,2,,1,1,,,,,,,,,,,1,,,1,,,3,,,2,1,2,,4,7,,,2,7,01,68,967.90384504
5346147,1,1,1,10,1,2,6,1948,72,1,6,,2,3,,3,,1,2,,,,1,,,,,,,,,2,1,,,3,,,2,1,2,,3,1,,,2,1,01,68,967.90384504
5346147,1,2,1,10,2,1,4,1943,77,2,6,,2,3,,3,,1,1,,,,,,,,,,,1,,,1,,,3,,,2,1,2,,3,3,,,2,3,01,68,967.90384504
5346147,1,3,1,10,3,1,1,2008,12,4,6,,6,2,,2,,,,,,,,,,,1,,,,,,1,,,3,,,2,1,1,1,4,6,,,2,6,01,68,967.90384504
5346149,1,1,1,10,1,1,1,1988,33,1,6,,2,2,,2,,1,2,,,,,,,,,,,1,,2,1,,,3,,,2,1,2,,3,5,,,2,5,01,68,4355.5673027
5346149,1,2,1,10,2,2,11,1997,23,2,6,,2,2,,2,,1,1,,,,,,,,,,,1,,,1,,,3,,,2,1,2,,4,8,,,2,8,01,68,4355.5673027
5346149,1,3,1,10,2,1,8,2015,5,3,6,,,1,1,1,2,,,,,,,,,,,,,,,,1,,,3,,,2,2,2,,1,0,,,2,0,01,68,4355.5673027
5346149,1,4,1,10,2,1,10,2018,2,3,6,,,1,1,1,2,,,,,,,,,,,,,,,,1,,,3,,,2,,,,,,,,2,,01,68,4355.5673027
5346150,1,1,1,10,1,1,1,1968,53,1,6,,2,2,,2,,1,2,,,,1,,,,,,,,,2,1,,,3,,,2,1,2,,3,5,,,2,5,01,68,967.90384504
5346150,1,2,1,10,2,2,1,1981,40,2,6,,2,3,,2,,1,1,,,,,,,,,,,1,,,1,,,3,,,2,1,2,,3,5,,,2,5,01,68,967.90384504
5346150,1,3,1,10,3,2,6,2000,20,3,6,,6,1,1,1,2,,,,,,,1,,,,,,,,,1,,,3,,,2,1,2,,5,11,2,,2,11,01,68,967.90384504
5346150,1,4,1,10,3,1,4,2020,0,4,6,,,2,,1,3,,,,,,,,,,,,,,,,1,,,3,,,2,,,,,,,,2,,01,68,967.90384504
5346150,1,5,1,10,5,2,8,2010,10,3,6,,6,1,1,1,2,,,,,,,,,,1,,,,,,1,,,3,,,2,1,1,1,3,5,,,2,5,01,68,967.90384504
5346151,1,1,1,10,1,2,2,1937,83,1,6,,6,3,,3,,,,,,,,,,,,1,,,,1,1,,,3,,,2,2,2,,1,0,,,2,0,01,68,967.90384504
5346152,1,1,1,10,1,1,8,1965,55,1,6,,2,2,,3,,1,2,,,,1,,,,,,,,,2,1,,,3,,,2,1,2,,3,3,,,2,3,01,68,967.90384504
5346152,1,2,1,10,2,2,1,1974,47,2,6,,2,3,,3,,1,1,,,,,,,,,,,1,,,1,,,3,,,2,2,2,,1,0,,,2,0,01,68,967.90384504
5346153,1,1,1,10,1,2,6,1942,78,1,6,,5,3,,3,,,,,,,,,,,,,,1,,1,1,,,3,,,2,2,2,,1,0,,,2,0,01,68,967.90384504
5346153,1,2,1,10,2,2,11,1980,40,3,6,,6,3,,1,1,,,,,,,,,,,,,1,,,1,,,3,,,2,1,2,,4,9,,,2,9,01,68,967.90384504
5346153,1,3,1,10,3,2,9,1986,34,3,6,,6,3,,1,1,,,,,,,,,,,,,1,,,1,,,3,,,2,1,2,,5,11,2,,2,11,01,68,967.90384504
5346154,1,1,1,10,1,1,4,1947,73,1,6,,3,3,,3,,1,2,,,,,,,,,,,1,,2,1,,,3,,,2,2,2,,1,0,,,2,0,01,68,1260.3653787
5346154,1,2,1,10,2,2,7,1943,77,2,6,,3,3,,3,,1,1,,,,,,,,,,,1,,,1,,,3,,,2,1,2,,3,1,,,2,1,01,68,1260.3653787
5346154,1,3,1,10,3,1,11,1981,39,3,6,,6,1,1,1,2,,,,,,1,,,,,,,,,,1,,,3,,,2,1,2,,3,5,,,2,5,01,68,1260.3653787
5346154,1,4,1,10,4,2,7,1989,31,3,6,,6,1,1,1,2,,,,,,,,,,,,,1,,,1,,,3,,,2,1,2,,3,5,,,2,5,01,68,1260.3653787
5346154,1,5,1,10,4,2,9,2013,7,4,6,,,2,,1,4,,,,,,,,,,,,,,,,1,,,3,,,2,1,1,1,3,0,,,2,0,01,68,1260.3653787
5346154,1,6,1,10,4,2,10,2018,2,4,6,,,2,,1,4,,,,,,,,,,,,,,,,1,,,3,,,2,,,,,,,,2,,01,68,1260.3653787
5346155,1,1,1,10,1,1,3,1993,27,1,6,,6,2,,2,,,,,,,1,,,,,,,,,2,1,,,3,,,2,1,2,,4,7,,,2,7,01,68,3820.0380268
5346170,1,1,1,10,1,1,6,1956,64,1,1,999_01,2,3,,3,,1,2,,1,1,1,,,,,,,,,1,1,,,3,,,2,1,2,,3,1,,,2,1,01,41,955.74331547
5346170,1,2,1,10,2,2,12,1967,53,2,1,999_01,2,3,,3,,1,1,,1,,,,,,,,,,,,1,,,3,,,2,1,2,,3,4,,,2,4,01,41,955.74331547
5346171,1,1,1,10,3,2,4,1986,34,1,6,,2,2,,2,,1,2,,,,1,,,,,,,,,2,1,,,3,,,2,1,1,1,6,0,2,2,2,11,01,41,597.85229061
5346171,1,2,1,10,3,1,10,1974,46,2,6,,2,3,,3,,1,1,,1,1,1,,,,,,,,,,1,,,3,,,2,1,2,,3,5,,,2,5,01,41,597.85229061
5346171,1,3,1,10,3,2,6,2002,18,3,6,,6,2,,1,1,,,,,,,,,,,,,1,,,1,,,3,,,2,1,2,,5,11,2,,2,11,01,41,597.85229061
5346171,1,4,1,10,4,2,10,2003,17,3,6,,6,2,,1,1,,,,,,,,,,,,,1,,,1,,,3,,,2,1,2,,5,11,2,,2,11,01,41,597.85229061
5346171,1,5,1,10,5,2,10,2008,12,3,6,,6,1,2,1,1,,,,,,,,,,,,,1,,,1,,,3,,,2,1,1,1,4,6,,,2,6,01,41,597.85229061
5346172,1,1,1,10,1,1,3,1947,73,1,6,,2,3,,3,,1,2,,1,1,1,,,,,,,,,2,1,,,3,,,2,2,2,,1,0,,,2,0,01,41,922.5841291
5346172,1,2,1,10,1,2,,,67,2,6,,2,3,,3,,1,1,,,,,,,,,,,1,,,1,,,3,,,2,1,2,,3,2,,,2,2,01,41,922.5841291
5346173,1,1,1,10,2,1,6,1977,43,1,6,,3,2,,2,,1,2,,1,1,1,,,,,,,,,2,1,,,3,,,2,1,2,,3,2,,,2,2,01,41,1681.6217265
5346173,1,2,1,10,2,2,5,1993,27,2,1,999_01,3,2,,2,,1,1,,,1,,,,,,,,,,,1,,,3,,,2,1,2,,4,8,,,2,8,01,41,1681.6217265
5346173,1,3,1,10,2,1,1,2010,11,3,6,,6,1,1,1,2,,,,,,,,,,1,,,,,,1,,,3,,,2,1,1,1,4,0,,,2,5,01,41,1681.6217265
5346173,1,4,1,10,2,1,2,2011,9,3,6,,,1,1,1,2,,,,,,,,,,,,,,,,1,,,3,,,2,1,1,1,3,4,,,2,4,01,41,1681.6217265
5346173,1,5,1,10,2,1,9,2012,8,3,6,,,1,1,1,2,,,,,,,,,,,,,,,,1,,,3,,,2,2,1,1,3,0,,,2,0,01,41,1681.6217265
5346173,1,6,1,10,2,1,3,2014,6,3,6,,,1,1,1,2,,,,,,,,,,,,,,,,1,,,3,,,2,2,1,1,3,0,,,2,0,01,41,1681.6217265
5346174,1,1,1,10,2,1,6,1979,41,1,6,,3,3,,1,5,1,2,,,1,1,,,,,,,,,2,1,,,3,,,2,1,2,,5,11,2,,2,11,01,41,597.85229061
5346174,1,2,1,10,2,2,3,1979,41,2,6,,3,2,,2,,1,1,,,,,,,,1,,,,,,1,,,3,,,2,1,2,,4,9,,,2,9,01,41,597.85229061
5346174,1,3,1,10,3,2,11,2000,20,3,6,,6,1,1,1,2,,,,,,,,,,1,,,,,,1,,,3,,,2,1,2,,6,1,3,,2,12,01,41,597.85229061
5346174,1,4,1,10,2,2,2,2009,11,3,6,,6,1,1,1,2,,,,,,,,,,1,,,,,,1,,,3,,,2,1,1,1,4,6,,,2,6,01,41,597.85229061
5346174,1,5,1,10,2,2,2,1943,77,5,6,,6,3,,3,,,,,,,,,,,,,,1,,,1,,,3,,,2,1,2,,3,3,,,2,3,01,41,597.85229061
5346175,1,1,1,10,1,1,10,1977,43,1,6,,3,3,,3,,1,2,,1,1,1,,,,,,,,,1,1,,,3,,,2,1,2,,3,5,,,2,5,01,41,1294.8817976
5346175,1,2,1,10,2,2,1,1985,36,2,6,,3,2,,2,,1,1,,,,,,,,,,,1,,,1,,,3,,,2,1,2,,3,5,,,2,5,01,41,1294.8817976
5346175,1,3,1,10,3,2,10,2001,19,3,6,,6,1,1,1,2,,,,,,,,,,1,,,,,,1,,,3,,,2,1,1,1,6,1,2,2,2,12,01,41,1294.8817976
5346175,1,4,1,10,3,1,3,2003,17,3,6,,6,1,1,1,2,,,,,,,,,,1,,,,,,1,,,3,,,2,2,1,1,9,99,,,2,,01,41,1294.8817976
5346175,1,5,1,10,1,1,12,2019,1,3,6,,,1,1,1,2,,,,,,,,,,,,,,,,1,,,3,,,2,,,,,,,,2,,01,41,1294.8817976
5346177,1,1,1,10,2,1,10,1970,50,1,6,,3,2,,3,,1,2,,,,1,,,,,,,,,2,1,,,1,1,60000,2,1,2,,5,11,2,,2,11,01,41,1825.5944301
5346177,1,2,1,10,2,2,2,1977,43,2,6,,3,3,,3,,1,1,,,,,,,,,,,1,,,1,,,1,5,,2,1,2,,5,11,2,,2,11,01,41,1825.5944301
5346177,1,3,1,10,2,1,5,1996,24,3,6,,6,1,1,1,2,,,,,,,,,,,,,1,,,1,,,1,5,,2,1,1,1,6,2,2,2,2,13,01,41,1825.5944301
5346177,1,4,1,10,2,1,3,1999,21,3,6,,6,1,1,1,2,,,,,,,,,,1,,,,,,1,,,1,5,,2,1,1,1,6,1,2,2,2,12,01,41,1825.5944301
5346177,1,5,1,10,2,1,,,59,5,6,,6,3,,3,,,,,,,,,,,,,,1,,,1,,,3,,,2,1,2,,3,1,,,2,1,01,41,1825.5944301
5346177,1,6,1,10,2,1,7,1972,48,5,6,,6,3,,3,,,,,,,1,,,,,,,,,,1,,,3,,,2,1,2,,3,1,,,2,1,01,41,1825.5944301
5346178,1,1,1,10,1,1,9,1946,74,1,5,,5,3,,3,,,,,,,,,,,,,,1,,1,1,,,3,,,2,1,2,,3,4,,,2,4,01,41,1219.470858
5346183,1,1,1,10,2,1,12,1966,54,1,6,,3,3,,3,,1,2,,,,1,,,,,,,,,1,1,,,3,,,2,2,2,,1,0,,,2,0,01,41,1207.9160508
5346183,1,2,1,10,2,2,2,1978,42,2,6,,3,3,,3,,1,1,,,1,1,,,,,1,,,,,1,,,3,,,2,1,2,,3,5,,,2,5,01,41,1207.9160508
5346183,1,3,1,10,2,1,2,1996,24,3,6,,6,1,1,1,2,,,,,,,,,,,,,1,,,1,,,3,,,2,1,2,,3,4,,,2,4,01,41,1207.9160508
5346183,1,4,1,10,2,2,8,1997,23,3,6,,6,1,1,1,2,,,,,,1,,,,,,,,,,1,,,3,,,2,1,1,1,6,3,2,2,2,14,01,41,1207.9160508
5346183,1,5,1,10,2,2,7,2005,15,3,6,,6,1,1,1,2,,,,,,,,,,1,,,,,,1,,,3,,,2,1,1,1,4,8,,,2,8,01,41,1207.9160508
5346183,1,6,1,10,2,2,7,2016,4,3,6,,,1,1,1,2,,,,,,,,,,,,,,,,1,,,3,,,2,2,2,,1,0,,,2,0,01,41,1207.9160508
5347394,1,1,1,10,1,2,9,1965,55,1,6,,4,3,,3,,,,,,,,,,,,,,1,,2,1,,,1,3,109725,2,1,2,,5,11,2,,2,11,01,68,932.79070211
5347394,1,2,1,10,2,2,10,1988,32,3,6,,6,2,,1,1,,,,,,,,,1,,,,,,,1,,,1,5,,2,1,2,,5,11,2,,2,11,01,68,932.79070211
5347394,1,3,1,10,2,2,10,2016,4,4,6,,,2,,1,2,,,,,,,,,,,,,,,,1,,,1,5,,2,2,2,,1,0,,,2,0,01,68,932.79070211
5347394,1,4,1,10,4,1,1,2001,20,9,6,,6,2,,3,,,,,,,,,,,,,,1,,,1,,,3,,,2,2,2,,1,0,,,2,0,01,68,932.79070211
5347395,1,1,1,10,1,2,6,1962,58,1,6,,4,3,,3,,,,,,1,,,,,,,,,,2,1,,,1,3,109725,2,1,2,,4,7,,,2,7,01,68,932.79070211
5347396,1,1,1,10,1,1,3,1943,77,1,6,,3,3,,3,,1,2,,,,,,,,,,,1,,2,1,,,1,5,,2,1,2,,3,5,,,2,5,01,68,932.79070211
5347396,1,2,1,10,2,2,6,1950,70,2,6,,3,3,,3,,1,1,,,,,,,,,,,1,,,1,,,1,3,109725,2,1,2,,3,5,,,2,5,01,68,932.79070211
5347396,1,3,1,10,3,2,1,1973,48,3,6,,6,1,1,1,2,,,,,1,,,,1,,1,,,,,1,,,1,1,35112,2,1,2,,6,3,2,2,2,14,01,68,932.79070211
5347397,1,1,1,10,1,2,4,1940,80,1,6,,2,3,,3,,1,2,,,,,,,,,,,1,,1,1,,,3,,,2,2,2,,1,0,,,2,0,01,68,932.79070211
5347397,1,2,1,10,2,1,2,1944,76,2,6,,2,3,,3,,1,1,,,,,,,,,,,1,,,1,,,3,,,2,1,2,,3,2,,,2,2,01,68,932.79070211
5347398,1,1,1,10,1,1,8,1954,66,1,6,,2,3,,3,,1,2,,1,1,1,,,,,,,,,2,1,,,1,3,109725,2,1,2,,3,5,,,2,5,01,68,932.79070211
5347398,1,2,1,10,2,2,6,1960,60,2,6,,2,3,,2,,1,1,,,,1,,,,,,,,,,1,,,1,5,,2,1,2,,3,5,,,2,5,01,68,932.79070211
5347399,1,1,1,10,1,1,8,1985,35,1,6,,2,2,,2,,1,2,,,,1,,,,,,,,,1,1,,,1,1,36000,2,1,2,,3,3,,,2,3,01,68,2748.4112521
5347399,1,2,1,10,2,2,3,1985,35,2,6,,2,2,,2,,1,1,,,,,,,1,,,,,,,1,,,3,,,2,1,2,,3,5,,,2,5,01,68,2748.4112521
5347399,1,3,1,10,2,2,2,2012,8,3,6,,,2,,1,2,,,,,,,,,,,,,,,,1,,,3,,,2,1,1,1,3,2,,,2,2,01,68,2748.4112521
5347400,1,1,1,10,1,1,1,1968,53,1,6,,2,3,,3,,1,2,1,,,1,,,,,,,,,2,1,,,1,1,48000,2,1,2,,5,11,2,,2,11,01,68,1645.688627
5347400,1,2,1,10,2,2,6,1979,41,2,6,,2,2,,2,,1,1,,,,,,,,,,,1,,,1,,,1,5,,2,1,2,,4,8,,,2,8,01,68,1645.688627
5347400,1,3,1,10,3,1,4,2001,19,3,6,,6,1,1,1,2,,,,,,,,,,1,,,,,,1,,,1,5,,2,1,1,1,6,0,2,2,2,11,01,68,1645.688627
5347401,1,1,1,10,1,1,1,1986,34,1,6,,6,2,,2,,,,,,,,,,1,,,,,,2,1,,,3,,,2,1,2,,6,2,3,,2,13,01,68,3681.4565531
5347403,1,1,1,10,1,1,1,1970,50,1,6,,3,2,,2,,1,2,,,,,,,,,,,1,,1,1,,,1,1,35000,2,1,2,,3,4,,,2,4,01,68,932.79070211
5347403,1,2,1,10,2,2,12,1975,45,2,6,,3,3,,2,,1,1,,,,1,,,,,,,,,,1,,,1,5,,2,1,2,,3,5,,,2,5,01,68,932.79070211
5347403,1,3,1,10,2,2,1,2005,16,3,6,,6,1,1,1,2,,,,,,,,,,1,,,,,,1,,,1,5,,2,1,1,1,5,10,1,,2,10,01,68,932.79070211
5347404,1,1,1,10,1,1,6,1970,50,1,6,,3,3,,3,,1,2,,,1,1,,,,,,,,,2,2,1,60,,,,2,1,2,,3,2,,,2,2,01,68,932.79070211
5347404,1,2,1,10,2,2,10,1961,59,2,6,,3,2,,2,,1,1,,,,,,,1,,,,,,,1,,,1,3,109000,2,1,2,,3,5,,,2,5,01,68,932.79070211
5348279,1,1,1,10,1,1,4,1968,52,1,6,,2,3,,3,,1,2,,1,1,,,,,,,,,,1,1,,,3,,,2,1,2,,3,4,,,2,4,01,41,1466.2256765
5348279,1,2,1,10,2,2,9,1971,49,2,6,,2,3,,3,,1,1,,1,,,,,,,,,,,,1,,,3,,,2,1,2,,3,2,,,2,2,01,41,1466.2256765
5348279,1,3,1,10,3,1,8,1999,21,3,6,,6,1,1,1,2,,,,,,,,,,,,,1,,,1,,,3,,,2,1,2,,3,4,,,2,4,01,41,1466.2256765
5348279,1,4,1,10,4,2,11,2004,16,3,6,,6,1,1,1,2,,,,,,,,,,1,,,,,,1,,,3,,,2,1,1,1,4,8,,,2,8,01,41,1466.2256765
5348279,1,5,1,10,5,1,4,2006,14,3,6,,6,1,1,1,2,,,,,,,,,,1,,,,,,1,,,3,,,2,1,1,1,4,6,,,2,6,01,41,1466.2256765
5348280,1,1,1,10,1,1,6,1985,35,1,6,,2,2,,3,,1,2,,1,,1,,,,,,,,,2,1,,,2,2,120000,2,1,2,,5,11,2,,2,11,01,41,1090.6523402
5348280,1,2,1,10,2,2,6,1995,25,2,6,,2,2,,2,,1,1,,1,,,,,,,,,,,,1,,,3,,,2,1,2,,5,11,2,,2,11,01,41,1090.6523402
5350490,1,1,1,10,1,1,6,1941,79,1,6,,3,3,,3,,1,2,,,,,,,,,,,1,,2,1,,,1,2,98,2,1,2,,3,5,,,2,5,01,68,967.90384504
5350490,1,2,1,10,2,2,8,1950,70,2,6,,3,3,,2,,1,1,,,,,,,,,,,1,,,1,,,1,5,,2,1,2,,5,11,2,,2,11,01,68,967.90384504
5350492,1,1,1,10,1,1,4,1971,49,1,6,,2,3,,3,,1,2,,,1,,,,,,,,,,2,1,,,1,1,36300,2,1,2,,5,11,2,,2,11,01,68,967.90384504
5350492,1,2,1,10,2,2,10,1990,30,2,6,,2,2,,2,,1,1,,,,,1,,1,,,,,,,1,,,1,5,,2,1,2,,5,11,2,,2,11,01,68,967.90384504
5350492,1,3,1,10,3,2,12,2004,16,3,6,,6,1,1,1,2,,,,,,,,,,1,,,,,,1,,,1,5,,2,1,1,1,5,10,1,,2,10,01,68,967.90384504
5350494,1,1,1,10,1,1,10,1968,52,1,6,,3,2,,3,,1,2,,,,1,,,,,,,,,2,1,,,3,,,2,1,2,,3,4,,,2,4,01,68,967.90384504
5350494,1,2,1,10,2,2,5,1966,54,2,6,,3,3,,3,,1,1,,1,,,,,,,,,,,,1,,,3,,,2,1,2,,3,4,,,2,4,01,68,967.90384504
5350495,1,1,1,10,1,2,12,1941,79,1,6,,3,3,,3,,1,2,,,,,,,,,,,1,,2,1,,,2,2,72600,2,1,2,,3,3,,,2,3,01,68,967.90384504
5350495,1,2,1,10,2,1,11,1938,82,2,6,,3,3,,3,,1,1,,,,,,,,,,,1,,,1,,,1,2,72600,2,1,2,,3,2,,,2,2,01,68,967.90384504
5350498,1,1,1,10,1,1,7,1981,39,1,6,,3,2,,2,,1,2,,,1,1,,,1,,,,,,2,1,,,3,,,2,1,2,,3,5,,,2,5,01,68,967.90384504
5350498,1,2,1,10,2,2,2,1975,45,2,6,,3,3,,1,5,1,1,,,,,,,,,1,,,,,1,,,3,,,2,1,2,,4,9,,,2,9,01,68,967.90384504
5350498,1,3,1,10,3,1,5,2003,17,3,6,,6,1,1,1,2,,,,,,,,,,1,,,,,,1,,,3,,,2,1,1,1,4,9,,,2,9,01,68,967.90384504
5350498,1,4,1,10,4,1,10,2008,12,3,6,,6,1,1,1,2,,,,,,,,,,1,,,,,,1,,,3,,,2,1,1,1,4,0,,,2,5,01,68,967.90384504
5350498,1,5,1,10,5,2,2,1951,69,5,6,,5,3,,3,,,,,,,,,,,,,,1,,,1,,,3,,,2,1,2,,3,1,,,2,1,01,68,967.90384504
5350504,1,1,1,10,1,1,9,1950,70,1,6,,4,2,,2,,,,,,,,,,,,,,1,,2,1,,,1,2,180000,2,1,2,,3,3,,,2,3,01,68,1184.0488313
5350506,1,1,1,10,1,1,7,1948,72,1,6,,3,3,,3,,1,2,,,,1,,,,,,,,,2,1,,,3,,,2,1,2,,3,2,,,2,2,01,68,967.90384504
5350506,1,2,1,10,2,2,9,1948,72,2,6,,3,3,,3,,1,1,,,,,,,,,,,1,,,1,,,3,,,2,1,2,,3,2,,,2,2,01,68,967.90384504
5350506,1,3,1,10,3,2,3,1980,40,3,6,,4,1,1,1,2,,,,,,1,,,,,,,,,,1,,,3,,,2,1,2,,3,5,,,2,5,01,68,967.90384504
5350506,1,4,1,10,4,1,8,2004,16,4,6,,6,2,,1,3,,,,,,,,,,,,,1,,,1,,,3,,,2,1,2,,4,7,,,2,7,01,68,967.90384504
5350506,1,5,1,10,5,2,7,2008,12,4,6,,6,2,,1,3,,,,,,,,,,1,,,,,,1,,,3,,,2,1,1,1,3,4,,,2,4,01,68,967.90384504
5350506,1,6,1,10,3,2,9,2011,9,4,6,,,2,,1,3,,,,,,,,,,,,,,,,1,,,3,,,2,1,1,1,3,3,,,2,3,01,68,967.90384504
5350507,1,1,1,10,1,2,5,1980,40,1,6,,4,2,,2,,,,,,,1,,,,,,,,,2,1,,,3,,,2,1,2,,3,5,,,2,5,01,68,1128.4559608
5350507,1,2,1,10,2,2,6,2005,15,3,6,,6,2,,1,1,,,,,,,,,,1,,,,,,1,,,3,,,2,1,1,1,4,8,,,2,8,01,68,1128.4559608
5350507,1,3,1,10,3,2,7,2006,14,3,6,,6,2,,1,1,,,,,,,,,,1,,,,,,1,,,3,,,2,1,1,1,4,7,,,2,7,01,68,1128.4559608
5350507,1,4,1,10,4,1,11,2007,13,3,6,,6,2,,1,1,,,,,,,,,,1,,,,,,1,,,3,,,2,1,1,1,3,3,,,2,3,01,68,1128.4559608
5350507,1,5,1,10,1,2,2,2011,9,3,6,,,2,,1,1,,,,,,,,,,,,,,,,1,,,3,,,2,1,1,1,3,3,,,2,3,01,68,1128.4559608
5350509,1,1,1,10,1,2,7,1955,65,1,6,,4,3,,3,,,,,,,,,,,,,,1,,2,1,,,1,5,,2,1,2,,3,5,,,2,5,01,68,967.90384504
5350510,1,1,1,10,1,1,10,1936,84,1,6,,3,3,,3,,1,2,,,,,,,,,,,1,,2,1,,,3,,,2,1,2,,3,3,,,2,3,01,68,967.90384504
5350510,1,2,1,10,2,2,8,1948,72,2,6,,3,3,,3,,1,1,,,,,,,,,,,1,,,1,,,3,,,2,1,2,,3,1,,,2,1,01,68,967.90384504
5350708,1,1,1,10,1,1,4,1964,56,1,6,,3,2,,3,,1,2,,,1,,,,,,,,,,2,1,,,3,,,2,1,2,,3,1,,,2,1,01,41,901.8285266
5350708,1,2,1,10,2,2,4,1968,52,2,6,,3,3,,3,,1,1,,,,,,,,,,,1,,,1,,,3,,,2,1,2,,3,5,,,2,5,01,41,901.8285266
5350708,1,3,1,10,3,2,3,1992,28,3,6,,4,1,1,1,2,,,,,,,,,,,,,1,,,1,,,3,,,2,1,2,,5,11,2,,2,11,01,41,901.8285266
5350708,1,4,1,10,3,1,6,2013,7,4,6,,,2,,1,3,,,,,,,,,,,,,,,,1,,,3,,,2,1,1,1,3,1,,,2,1,01,41,901.8285266
5350708,1,5,1,10,3,1,7,2018,2,4,6,,,2,,1,3,,,,,,,,,,,,,,,,1,,,3,,,2,,,,,,,,2,,01,41,901.8285266
5350709,1,1,1,10,1,1,3,1995,25,1,6,,2,2,,2,,1,2,,,,,,,,,,,1,,2,2,2,,,,,2,1,2,,3,3,,,2,3,01,41,1372.3205128
5350709,1,2,1,10,2,2,5,1996,24,2,6,,2,3,,2,,1,1,,,,,,,,,,,1,,,2,2,,,,,2,1,2,,6,2,3,,2,13,01,41,1372.3205128
5350709,1,3,1,10,2,2,10,2020,0,3,6,,,1,1,1,2,,,,,,,,,,,,,,,,2,2,,,,,2,,,,,,,,2,,01,41,1372.3205128
5350710,1,1,1,10,1,1,10,1982,38,1,6,,3,2,,3,,1,2,,1,1,,,,,,,,,,2,1,,,3,,,2,1,2,,3,3,,,2,3,01,41,1756.6382064
5350710,1,2,1,10,2,2,3,1988,32,2,6,,3,2,,2,,1,1,,1,,,,,,,,,,,,1,,,3,,,2,1,2,,3,5,,,2,5,01,41,1756.6382064
5350710,1,3,1,10,2,1,10,2004,16,3,6,,6,1,1,1,2,,,,,,,,,,1,,,,,,1,,,3,,,2,1,1,1,4,7,,,2,7,01,41,1756.6382064
5350710,1,4,1,10,2,2,7,2012,8,3,6,,,1,1,1,2,,,,,,,,,,,,,,,,1,,,3,,,2,1,1,1,3,2,,,2,2,01,41,1756.6382064
5350710,1,5,1,10,2,2,5,2018,2,3,6,,,1,1,1,2,,,,,,,,,,,,,,,,1,,,3,,,2,,,,,,,,2,,01,41,1756.6382064
5350711,1,1,1,10,1,1,3,1953,67,1,6,,6,3,,3,,,,,,,,,,,,,,1,,2,1,,,3,,,2,1,2,,3,1,,,2,1,01,41,1219.470858
5350939,1,1,1,10,2,1,3,1980,40,1,6,,2,2,,2,,1,2,,,,,,,,,,,1,,1,1,,,3,,,2,1,2,,3,4,,,2,4,01,41,1195.5587171
5350939,1,2,1,10,2,2,7,1974,46,2,1,999_01,2,2,,2,,1,1,,,,,,,,,,,1,,,1,,,3,,,2,1,2,,3,4,,,2,4,01,41,1195.5587171
5350939,1,3,1,10,2,1,8,2012,8,4,6,,,2,,2,,,,,,,,,,,,,,,,,1,,,3,,,2,2,2,,1,0,,,2,0,01,41,1195.5587171
5350940,1,1,1,10,1,1,8,1967,53,1,6,,2,3,,3,,1,2,1,,1,1,,,,,,,,,1,1,,,3,,,2,1,2,,3,2,,,2,2,01,41,931.66579506
5350940,1,2,1,10,2,2,3,1970,50,2,6,,2,3,,2,,1,1,,,,,,,,,1,,,,,1,,,3,,,2,1,2,,4,6,,,2,6,01,41,931.66579506
5350940,1,3,1,10,3,2,7,2003,17,3,6,,6,1,1,1,2,,,,,,,,,,1,,,,,,1,,,3,,,2,1,2,,5,11,2,,2,11,01,41,931.66579506
5350940,1,4,1,10,4,2,9,1999,21,3,6,,6,1,1,1,2,,,,,,1,,,,,,,,,,1,,,3,,,2,1,2,,5,11,2,,2,11,01,41,931.66579506
5350940,1,5,1,10,4,2,9,2019,1,4,6,,,2,,1,4,,,,,,,,,,,,,,,,1,,,3,,,2,,,,,,,,2,,01,41,931.66579506
5350943,1,1,1,10,1,1,3,1970,50,1,1,999_01,2,2,,2,,1,2,,,,,,,,,,,1,,1,1,,,3,,,2,1,2,,3,4,,,2,4,01,41,1861.5445832
5350943,1,2,1,10,2,2,12,1983,37,2,1,999_01,2,2,,3,,1,1,,,,,,,,,,,1,,,1,,,3,,,2,1,2,,3,5,,,2,5,01,41,1861.5445832
5350943,1,3,1,10,2,1,1,2009,11,3,1,999_01,6,1,1,1,2,,,,,,,,,,,,,1,,,1,,,3,,,2,1,1,1,3,4,,,2,4,01,41,1861.5445832
5350943,1,4,1,10,2,2,9,2011,9,3,1,999_01,,1,1,1,2,,,,,,,,,,,,,,,,1,,,3,,,2,1,1,1,3,3,,,2,3,01,41,1861.5445832
5350943,1,5,1,10,2,2,11,2012,8,3,1,999_01,,1,1,1,2,,,,,,,,,,,,,,,,1,,,3,,,2,1,1,1,3,1,,,2,1,01,41,1861.5445832
5350943,1,6,1,10,2,1,5,2014,6,3,1,999_01,,1,1,1,2,,,,,,,,,,,,,,,,1,,,3,,,2,2,1,1,3,0,,,2,0,01,41,1861.5445832
5350944,1,1,1,10,1,1,6,1954,66,1,6,,2,3,,3,,1,2,,,1,1,,,,,,,,,1,1,,,3,,,2,2,2,,1,0,,,2,0,01,41,922.5841291
5350944,1,2,1,10,2,2,8,1956,64,2,1,999_01,2,3,,3,,1,1,,,,,,,,,,,1,,,1,,,3,,,2,2,2,,1,0,,,2,0,01,41,922.5841291
5350945,1,1,1,10,1,2,4,2000,20,1,6,,4,2,,2,,,,,1,1,1,1,,1,1,1,,,,1,1,,,3,,,2,1,2,,4,6,,,2,6,01,41,1246.5307898
5350945,1,2,1,10,1,2,8,2015,5,3,6,,,2,,1,1,,,,,,,,,,,,,,,,1,,,3,,,2,2,1,1,2,0,,,2,0,01,41,1246.5307898
5350945,1,3,1,10,1,1,8,2018,2,3,6,,,2,,1,1,,,,,,,,,,,,,,,,1,,,3,,,2,,,,,,,,2,,01,41,1246.5307898
5350945,1,4,1,10,4,2,3,1998,22,5,6,,4,2,,2,,,,,1,1,1,,,,,,,,,,1,,,3,,,2,1,2,,3,4,,,2,4,01,41,1246.5307898
5350945,1,5,1,10,4,1,11,2019,1,5,6,,,2,,1,4,,,,,,,,,,,,,,,,1,,,3,,,2,,,,,,,,2,,01,41,1246.5307898
5350947,1,1,1,10,1,2,3,1952,68,1,6,,4,3,,3,,,,,1,1,1,,,,,,,,,1,1,,,3,,,2,2,2,,1,0,,,2,0,01,41,1003.7242291
5350947,1,2,1,10,1,1,6,2016,4,4,6,,,2,,3,,,,,,,,,,,,,,,,,1,,,3,,,2,2,2,,1,0,,,2,0,01,41,1003.7242291
5350948,1,1,1,10,2,1,1,1955,66,1,6,,3,2,,3,,1,2,,,,,,,,,,,1,,1,1,,,3,,,1,1,2,,3,2,,,2,2,01,41,1375.4503164
5350948,1,2,1,10,2,2,6,1957,63,2,6,,3,3,,3,,1,1,,,,,,,,,,,1,,,1,,,3,,,2,1,2,,3,1,,,2,1,01,41,1375.4503164
5350948,1,3,1,10,2,1,5,1988,32,3,6,,6,1,1,1,2,,,,,,,,,,,,,1,,,1,,,3,,,2,2,2,,1,0,,,2,0,01,41,1375.4503164
5350948,1,4,1,10,4,2,1,2002,19,4,6,,2,3,,2,,1,5,,,1,,,,,1,,,,,,1,,,3,,,2,1,2,,4,9,,,2,9,01,41,1375.4503164
5350948,1,5,1,10,4,1,11,1999,21,9,6,,2,2,,2,,1,4,,1,1,1,,,,,,,,,,1,,,3,,,2,1,2,,4,7,,,2,7,01,41,1375.4503164
5350948,1,6,1,10,4,2,8,2020,0,4,6,,,1,5,1,4,,,,,,,,,,,,,,,,1,,,3,,,2,,,,,,,,2,,01,41,1375.4503164
5352479,1,1,1,10,1,2,5,1986,34,1,6,,4,3,,3,,,,,,1,,1,,1,,1,,,,1,1,,,3,,,2,1,2,,3,3,,,2,3,01,15,831.35450656
5352479,1,2,1,10,2,2,5,2003,17,3,6,,6,2,,1,1,,,,,,,,,,1,,,,,,1,,,3,,,2,1,1,1,4,8,,,2,8,01,15,831.35450656
5352479,1,3,1,10,3,2,5,2009,11,3,6,,6,2,,1,1,,,,,,,,,,1,,,,,,1,,,3,,,2,1,1,1,4,6,,,2,6,01,15,831.35450656
5352480,1,1,1,10,1,2,1,1954,67,1,6,,5,3,,3,,,,,,,,,,,,,,1,,1,1,,,3,,,2,1,2,,3,4,,,2,4,01,15,831.35450656
5352481,1,1,1,10,1,2,4,1957,63,1,6,,5,3,,3,,,,,,,,,,,,1,,,,1,1,,,3,,,2,1,2,,4,9,,,2,9,01,15,1608.8819684
5352481,1,2,1,10,2,1,5,1983,37,3,6,,6,3,,1,1,,,,,1,,,,1,,1,,,,,2,1,6,,,,2,1,2,,4,9,,,2,9,01,15,1608.8819684
5352481,1,3,1,10,1,1,3,2014,6,4,6,,,2,,2,,,,,,,,,,,,,,,,,1,,,1,5,,2,1,1,1,3,1,,,2,1,01,15,1608.8819684
5352482,1,1,1,10,1,1,9,1946,74,1,6,,5,3,,3,,,,,,,,,,,,,,1,,1,1,,,3,,,2,1,2,,3,1,,,2,1,01,15,1017.0063245
5352483,1,1,1,10,1,1,8,1947,73,1,6,,5,3,,3,,,,,,,,,,,,,,1,,2,1,,,3,,,2,1,2,,4,8,,,2,8,01,15,1017.0063245
5352488,1,1,1,10,1,2,7,1967,53,1,6,,4,2,,2,,,,,,1,1,,,1,,1,,,,1,1,,,3,,,2,1,2,,3,3,,,2,3,01,15,3741.0952795
5352488,1,2,1,10,2,2,4,2001,19,3,6,,6,2,,1,1,,,,,,,,,,,,,1,,,1,,,3,,,2,1,2,,5,11,2,,2,11,01,15,3741.0952795
5352488,1,3,1,10,2,2,12,2020,0,4,6,,,2,,1,2,,,,,,,,,,,,,,,,2,2,,,,,2,,,,,,,,2,,01,15,3741.0952795
5352488,1,4,1,10,4,1,1,2003,17,3,6,,6,2,,1,1,,,,,1,1,,,1,,1,,,,,1,,,3,,,2,1,2,,4,7,,,2,7,01,15,3741.0952795
5352489,1,1,1,10,1,1,1,1990,31,1,6,,3,2,,2,,1,2,,,1,1,,,1,,1,,,,1,1,,,3,,,2,1,2,,3,3,,,2,3,01,15,831.35450656
5352489,1,2,1,10,2,2,4,1990,30,2,6,,3,2,,2,,1,1,,,,,1,,1,,,,,,,1,,,3,,,2,1,2,,4,7,,,2,7,01,15,831.35450656
5352489,1,3,1,10,3,2,1,2005,15,3,6,,6,2,,1,2,,,,,,,,,,1,,,,,,1,,,3,,,2,1,1,1,4,9,,,2,9,01,15,831.35450656
5352489,1,4,1,10,4,2,10,2007,13,3,6,,6,1,1,1,2,,,,,,,,,,1,,,,,,1,,,3,,,2,1,1,1,4,7,,,2,7,01,15,831.35450656
5352489,1,5,1,10,2,2,3,2015,5,3,6,,,1,1,1,2,,,,,,,,,,,,,,,,1,,,3,,,2,2,1,1,3,0,,,2,0,01,15,831.35450656
5352496,1,1,1,10,1,1,10,1944,76,1,6,,3,3,,3,,1,2,,,,,,,,,,,1,,1,1,,,3,,,2,1,2,,3,1,,,2,1,01,15,831.35450656
5352496,1,2,1,10,2,2,6,1945,75,2,6,,3,3,,3,,1,1,,,,,,,,,,,1,,,1,,,3,,,2,1,2,,3,1,,,2,1,01,15,831.35450656
5352497,1,1,1,10,1,2,10,1934,86,1,6,,5,3,,3,,,,,,,,,,,,,,1,,2,1,,,1,5,,2,1,2,,3,3,,,2,3,01,15,831.35450656
5352498,1,1,1,10,1,1,10,1967,53,1,6,,3,2,,2,,1,2,,,,1,,,,,,,,,1,1,,,3,,,2,1,2,,3,5,,,2,5,01,15,831.35450656
5352498,1,2,1,10,2,2,12,1973,47,2,6,,3,2,,2,,1,1,,,,1,,,,,,,,,,1,,,3,,,2,1,2,,3,5,,,2,5,01,15,831.35450656
5352498,1,3,1,10,3,1,7,1993,27,3,6,,6,1,1,1,2,,,,,,1,,,,,,,,,,1,,,3,,,2,1,2,,5,11,2,,2,11,01,15,831.35450656
5352532,1,1,1,10,1,1,2,1991,29,1,1,720_01,2,2,,2,,1,2,,1,,,,,,,1,,,,1,1,,,3,,,2,2,2,,1,0,,,2,0,01,44,2102.9180885
5352532,1,2,1,10,2,2,4,1998,22,2,1,720_01,2,2,,2,,1,1,,,,,,,,,,,1,,,1,,,3,,,2,1,2,,3,1,,,2,1,01,44,2102.9180885
5352532,1,3,1,10,2,2,8,2015,5,3,1,720_01,,1,1,1,2,,,,,,,,,,,,,,,,1,,,3,,,2,2,2,,1,0,,,2,0,01,44,2102.9180885
5352532,1,4,1,10,2,1,8,2017,3,3,1,720_01,,1,1,1,2,,,,,,,,,,,,,,,,1,,,3,,,2,2,2,,1,0,,,2,0,01,44,2102.9180885
5352532,1,5,1,10,2,1,11,2019,1,3,1,720_01,,1,1,1,2,,,,,,,,,,,,,,,,1,,,3,,,2,,,,,,,,2,,01,44,2102.9180885
5352533,1,1,1,10,1,1,9,1980,40,1,1,720_01,6,3,,2,,,,,,,,,,,,1,,,,1,1,,,3,,,2,2,2,,1,0,,,2,0,01,44,1594.6875623
5352534,1,1,1,10,1,1,3,1998,22,1,1,720_01,2,2,,2,,1,2,,,,1,,,,,1,,,,1,1,,,3,,,2,1,2,,3,5,,,2,5,01,44,2049.5972069
5352534,1,2,1,10,2,2,3,1997,23,2,1,720_01,2,2,,2,,1,1,,,,,,,,,1,,,,,1,,,3,,,2,1,1,1,4,9,,,2,9,01,44,2049.5972069
5352534,1,3,1,10,2,2,1,2014,6,3,1,720_01,,1,1,1,2,,,,,,,,,,,,,,,,1,,,3,,,2,1,1,1,3,1,,,2,1,01,44,2049.5972069
5352534,1,4,1,10,2,2,3,2020,0,3,1,720_01,,1,1,1,2,,,,,,,,,,,,,,,,1,,,3,,,2,,,,,,,,2,,01,44,2049.5972069
5352535,1,1,1,10,1,1,1,1997,24,1,1,720_01,2,2,,2,,1,2,1,1,1,1,,,,,,,,,1,1,,,3,,,2,1,2,,3,2,,,2,2,01,44,2040.2935159
5352535,1,2,1,10,2,2,11,1997,23,2,1,720_01,2,2,,2,,1,1,,,,,,,,,1,,,,,2,1,48,,,,1,1,2,,4,7,,,2,7,01,44,2040.2935159
5352535,1,3,1,10,2,2,6,2017,3,3,1,720_01,,1,1,1,2,,,,,,,,,,,,,,,,1,,,3,,,2,2,2,,1,0,,,2,0,01,44,2040.2935159
5352535,1,4,1,10,2,1,2,2020,0,3,1,720_01,,1,1,1,2,,,,,,,,,,,,,,,,2,2,,,,,2,,,,,,,,2,,01,44,2040.2935159
5352536,1,1,1,10,1,1,10,1995,25,1,1,720_01,2,2,,2,,1,2,,,,,,,,,1,,,,1,1,,,3,,,2,1,2,,3,2,,,2,2,01,44,2318.3443675
5352536,1,2,1,10,2,2,3,1998,22,2,1,720_01,2,2,,2,,1,1,,,,,,,,,1,,,,,1,,,3,,,2,1,2,,4,7,,,2,7,01,44,2318.3443675
5352536,1,3,1,10,2,2,10,2015,5,3,1,720_01,,1,1,1,2,,,,,,,,,,,,,,,,1,,,3,,,2,2,2,,1,0,,,2,0,01,44,2318.3443675
5352536,1,4,1,10,2,2,6,2017,3,3,1,720_01,,1,1,1,2,,,,,,,,,,,,,,,,1,,,3,,,2,2,2,,1,0,,,2,0,01,44,2318.3443675
5352536,1,5,1,10,2,2,1,2019,1,3,1,720_01,,1,1,1,2,,,,,,,,,,,,,,,,1,,,3,,,2,,,,,,,,2,,01,44,2318.3443675
5352536,1,6,1,10,2,2,10,2020,0,3,1,720_01,,1,1,1,2,,,,,,,,,,,,,,,,2,2,,,,,2,,,,,,,,2,,01,44,2318.3443675
5352538,1,1,1,10,1,1,8,1959,61,1,1,720_01,2,3,,2,,1,2,,,,,,,,,,,1,,2,1,,,3,,,2,2,2,,1,0,,,2,0,01,44,1932.3200277
5352538,1,2,1,10,2,2,9,1980,40,2,1,720_01,2,2,,3,,1,1,,,,,,,,,,,1,,,1,,,3,,,2,1,2,,1,0,,,2,0,01,44,1932.3200277
5352538,1,3,1,10,3,1,5,1999,21,3,1,720_01,6,3,,1,2,,,,,,,,,,,,,1,,,1,,,3,,,2,1,2,,4,6,,,2,6,01,44,1932.3200277
5352538,1,4,1,10,4,2,7,2001,19,3,1,720_01,6,1,1,1,2,,,,,,,,,,,,,1,,,1,,,3,,,2,1,1,1,4,9,,,2,9,01,44,1932.3200277
5352538,1,5,1,10,2,2,8,2008,12,3,1,720_01,6,1,1,1,2,,,,,,,,,,1,,,,,,1,,,3,,,2,1,1,1,3,3,,,2,3,01,44,1932.3200277
5352538,1,6,1,10,2,1,1,2011,10,3,1,720_01,6,1,1,1,2,,,,,,,,,,1,,,,,,1,,,3,,,2,1,1,1,3,3,,,2,3,01,44,1932.3200277
5352538,1,7,1,10,4,1,4,2013,7,3,1,720_01,,1,1,1,2,,,,,,,,,,,,,,,,1,,,3,,,2,1,1,1,3,1,,,2,1,01,44,1932.3200277
5352538,1,8,1,10,4,2,9,2016,4,3,1,720_01,,1,1,1,2,,,,,,,,,,,,,,,,1,,,3,,,2,2,2,,1,0,,,2,0,01,44,1932.3200277
5352538,1,9,1,10,4,1,6,2020,0,3,1,720_01,,1,1,1,2,,,,,,,,,,,,,,,,1,,,3,,,2,,,,,,,,2,,01,44,1932.3200277
5352539,1,1,1,10,1,1,10,1957,63,1,1,720_01,5,3,,3,,,,,,,,,,,,,,1,,2,1,,,3,,,2,1,2,,3,4,,,2,4,01,44,1280.5059104
5352540,1,1,1,10,1,1,3,2001,19,1,1,720_01,2,2,,2,,1,2,,,,,,,,1,,,,,2,1,,,3,,,2,1,1,1,4,0,,,2,5,01,44,1865.1014587
5352540,1,2,1,10,2,2,4,2004,16,2,1,720_01,2,2,,2,,1,1,,,,,,,,1,,,,,,1,,,3,,,2,1,1,1,3,4,,,2,4,01,44,1865.1014587
5352540,1,3,1,10,2,1,7,2006,14,9,1,720_01,6,2,,2,,,,,,,,,,,1,,,,,,1,,,3,,,2,1,1,1,4,7,,,2,7,01,44,1865.1014587
5352541,1,1,1,10,1,2,3,1980,40,1,1,720_01,4,3,,3,,,,,,,,,,,,,,1,,2,1,,,3,,,2,2,2,,1,0,,,2,0,01,44,1696.0116838
5352541,1,2,1,10,2,1,5,2006,14,3,1,720_01,6,2,,1,1,,,,,,,,,,1,,,,,,1,,,3,,,2,1,1,1,3,4,,,2,4,01,44,1696.0116838
5352541,1,3,1,10,1,1,12,2020,0,3,1,720_01,,2,,1,1,,,,,,,,,,,,,,,,2,2,,,,,2,,,,,,,,2,,01,44,1696.0116838
5352552,1,1,1,10,1,1,3,1992,28,1,6,,3,2,,2,,1,2,,,,,,,,,,,1,,2,1,,,1,1,35200,2,1,2,,5,11,2,,2,11,01,15,3741.0952795
5352552,1,2,1,10,2,2,9,1998,22,2,6,,3,2,,2,,1,1,,,,,,,,,,,1,,,1,,,1,5,,2,1,2,,5,11,2,,2,11,01,15,3741.0952795
5352552,1,3,1,10,2,1,9,2018,2,3,6,,,1,1,1,2,,,,,,,,,,,,,,,,1,,,1,5,,2,,,,,,,,2,,01,15,3741.0952795
5352553,1,1,1,10,1,1,10,1964,56,1,6,,3,3,,3,,1,2,,,,,1,,,,,,,,1,1,,,3,,,2,1,2,,3,1,,,2,1,01,15,831.35450656
5352553,1,2,1,10,2,2,12,1954,66,2,6,,3,3,,2,,1,1,,,,,,,,,,,1,,,1,,,3,,,2,1,2,,3,1,,,2,1,01,15,831.35450656
5352554,1,1,1,10,1,1,6,1986,34,1,6,,3,2,,2,,1,2,,,,,,,1,,,,,,1,1,,,3,,,2,1,2,,3,5,,,2,5,01,15,3741.0952795
5352554,1,2,1,10,2,2,6,1988,32,2,6,,3,2,,2,,1,1,,,,,,,,,,,1,,,1,,,3,,,2,1,2,,3,3,,,2,3,01,15,3741.0952795
5352554,1,3,1,10,3,1,4,2007,13,3,6,,6,1,1,1,2,,,,,,,,,,1,,,,,,1,,,3,,,2,1,1,1,4,6,,,2,6,01,15,3741.0952795
5352554,1,4,1,10,4,2,3,2009,11,3,6,,6,1,1,1,2,,,,,,,,,,1,,,,,,1,,,3,,,2,1,1,1,3,4,,,2,4,01,15,3741.0952795
5352554,1,5,1,10,2,1,8,2014,6,3,6,,,1,1,1,2,,,,,,,,,,,,,,,,1,,,3,,,2,1,1,1,3,1,,,2,1,01,15,3741.0952795
5352554,1,6,1,10,2,1,4,2017,3,3,6,,,1,1,1,2,,,,,,,,,,,,,,,,1,,,3,,,2,2,2,,1,0,,,2,0,01,15,3741.0952795
5352555,1,1,1,10,1,2,10,1986,34,1,6,,6,2,,2,,,,,,,1,,,,,,,,,1,1,,,3,,,2,1,2,,3,3,,,2,3,01,15,831.35450656
5352555,1,2,1,10,2,1,12,2008,12,3,6,,6,2,,1,1,,,,,,,,,,1,,,,,,1,,,3,,,2,1,1,1,3,5,,,2,5,01,15,831.35450656
5352555,1,3,1,10,3,2,3,2009,11,3,6,,6,2,,1,1,,,,,,,,,,1,,,,,,1,,,3,,,2,1,2,,4,7,,,2,7,01,15,831.35450656
5352578,1,1,1,10,1,1,12,1961,59,1,5,,3,2,,2,,1,2,,1,1,,,,,,,,,,2,1,,,3,,,2,1,2,,4,7,,,2,7,01,44,2538.4087143
5352578,1,2,1,10,2,2,12,1972,48,2,6,,3,3,,3,,1,1,,1,,,,,,,,,,,,2,1,48,,,,2,1,2,,5,11,2,,2,11,01,44,2538.4087143
5352578,1,3,1,10,1,2,3,2013,7,3,6,,,1,1,1,2,,,,,,,,,,,,,,,,1,,,3,,,2,1,1,1,3,2,,,2,2,01,44,2538.4087143
5352579,1,1,1,10,1,2,1,1965,56,1,6,,4,3,,2,,,,,1,,,,,1,,,,,,1,2,1,30,,,,2,1,2,,4,6,,,2,6,01,44,2852.4407438
5352579,1,2,1,10,2,1,1,1993,28,3,6,,4,2,,1,1,,,,1,,1,,,,,,,,,,2,1,12,,,,2,1,2,,3,2,,,2,2,01,44,2852.4407438
5352579,1,3,1,10,2,2,10,2014,6,4,6,,,1,2,2,,,,,,,,,,,,,,,,,2,1,48,,,,2,2,1,1,2,0,,,2,0,01,44,2852.4407438
5352580,1,1,1,10,1,2,4,1999,21,1,6,,4,2,,2,,,,,1,1,,,,,,,,,,2,2,1,60,,,,1,1,2,,5,11,2,,2,11,01,44,5010.8418177
5352580,1,2,1,10,1,1,11,2014,6,3,6,,,2,,1,1,,,,,,,,,,,,,,,,2,1,60,,,,2,2,1,1,3,0,,,2,0,01,44,5010.8418177
5352580,1,3,1,10,1,1,10,2015,5,3,6,,,2,,1,1,,,,,,,,,,,,,,,,2,1,60,,,,2,2,2,,1,0,,,2,0,01,44,5010.8418177
5352580,1,4,1,10,1,2,12,2017,3,3,6,,,2,,1,1,,,,,,,,,,,,,,,,1,,,3,,,2,2,2,,1,0,,,2,0,01,44,5010.8418177
5352580,1,5,1,10,1,1,7,2020,0,3,6,,,2,,1,1,,,,,,,,,,,,,,,,1,,,3,,,2,,,,,,,,2,,01,44,5010.8418177
5352580,1,6,1,10,6,1,3,1994,26,5,6,,6,2,,2,,,,,1,1,1,,,,,,,,,,2,1,13,,,,2,2,2,,1,0,,,2,0,01,44,5010.8418177
5352580,1,7,1,10,7,1,9,1996,24,5,6,,6,2,,2,,,,,1,,1,,,,,,,,,,2,2,,,,,1,1,2,,3,5,,,2,5,01,44,5010.8418177
5352581,1,1,1,10,1,2,4,1984,36,1,6,,2,2,,2,,1,2,,1,,,,,,,,,,,1,1,,,3,,,2,1,2,,5,11,2,,2,11,01,44,3471.9216868
5352581,1,2,1,10,2,1,2,1981,39,2,6,,2,3,,2,,1,1,,1,,,,,,,,,,,,1,,,3,,,2,1,2,,3,5,,,2,5,01,44,3471.9216868
5352581,1,3,1,10,3,2,11,1999,21,3,5,,6,1,2,1,1,,,,,,,,,,,1,,,,,1,,,3,,,2,1,1,1,6,1,2,2,2,12,01,44,3471.9216868
5352581,1,4,1,10,4,2,3,2003,17,3,5,,6,1,2,1,1,,,,,,,,,,1,,,,,,1,,,3,,,2,1,1,1,5,10,1,,2,10,01,44,3471.9216868
5352581,1,5,1,10,5,2,9,2004,16,3,5,,6,1,2,1,1,,,,,,,,,,1,,,,,,1,,,3,,,2,1,1,1,4,7,,,2,7,01,44,3471.9216868
5352581,2,1,2,10,1,1,5,1998,22,1,5,,2,3,,2,,1,2,,1,,,,,,,,,,,1,1,,,3,,,2,1,2,,4,9,,,2,9,01,44,3471.9216868
5352581,2,2,2,10,2,2,1,2001,20,2,5,,2,2,,2,,1,1,,,1,,,,,,,,,,,1,,,3,,,2,1,1,1,4,9,,,2,9,01,44,3471.9216868
5352581,2,3,2,10,2,2,9,2019,1,3,5,,,1,1,1,2,,,,,,,,,,,,,,,,1,,,3,,,2,,,,,,,,2,,01,44,3471.9216868
5352581,2,4,2,10,2,2,9,2020,0,3,5,,,1,1,1,2,,,,,,,,,,,,,,,,2,2,,,,,2,,,,,,,,2,,01,44,3471.9216868
5352582,1,1,1,10,1,2,8,1980,40,1,5,,2,2,,2,,2,,,1,1,1,1,,,,1,,,,1,1,,,3,,,2,1,2,,6,3,3,,2,14,01,44,3775.8635048
5352582,1,2,1,10,1,1,9,2005,15,3,6,,6,2,,1,1,,,,,,,,,,1,,,,,,1,,,3,,,2,1,1,1,4,8,,,2,8,01,44,3775.8635048
5352582,1,3,1,10,1,1,1,2012,9,3,5,,,2,,1,1,,,,,,,,,,,,,,,,1,,,3,,,2,1,1,1,3,3,,,2,3,01,44,3775.8635048
5352582,1,4,1,10,1,1,9,2015,5,3,5,,,2,,1,1,,,,,,,,,,,,,,,,1,,,3,,,2,2,1,1,2,0,,,2,0,01,44,3775.8635048
5352585,1,1,1,10,1,1,7,1934,86,1,6,,3,3,,3,,1,2,,,,1,,,,,1,,,,1,1,,,3,,,2,1,2,,3,3,,,2,3,01,44,1513.9684934
5352585,1,2,1,10,2,2,8,1936,84,2,5,,3,3,,3,,1,1,,,,1,,,,,1,,,,,1,,,3,,,2,1,2,,3,3,,,2,3,01,44,1513.9684934
5352585,1,3,1,10,4,2,9,1957,63,3,5,,2,1,1,1,2,1,4,1,,1,1,,,1,,1,,,,,1,,,3,,,2,1,2,,6,2,2,2,2,13,01,44,1513.9684934
5352585,1,4,1,10,4,1,7,1950,70,5,6,,2,3,,2,,1,3,,1,,1,,,,,1,,,,,1,,,3,,,2,1,2,,6,4,3,,2,15,01,44,1513.9684934
5352585,1,5,1,10,4,2,9,1986,34,4,5,,4,1,4,1,3,,,1,,1,1,1,,,,1,,,,,1,,,3,,,2,1,2,,6,6,4,,2,17,01,44,1513.9684934
5352585,1,6,1,10,6,2,10,1953,67,3,5,,3,1,1,1,2,2,,,,,1,,,,1,,,,,,1,,,3,,,2,1,2,,6,3,2,2,2,14,01,44,1513.9684934
5352585,1,7,1,10,7,1,8,1973,47,3,5,,2,1,1,1,2,2,,,1,1,1,1,,1,,1,,,,,1,,,3,,,2,1,2,,6,3,3,,2,14,01,44,1513.9684934
5352587,1,1,1,10,1,1,1,1997,24,1,6,,6,2,,3,,,,,1,1,1,,,1,,1,,,,1,1,,,3,,,2,1,2,,4,6,,,2,6,01,44,3447.1992875
5352588,1,1,1,10,1,1,4,1948,72,1,6,,4,3,,3,,,,,1,,,,,,,,,,,1,1,,,3,,,2,2,2,,1,0,,,2,0,01,44,2567.0010665
5352589,1,1,1,10,1,1,4,1981,39,1,5,,2,2,,2,,1,2,,1,,,,,,,,,,,1,1,,,3,,,2,1,2,,4,7,,,2,7,01,44,2810.3400828
5352589,1,2,1,10,2,2,3,1973,47,2,5,,2,2,,2,,1,1,,1,,,,,,,,,,,,1,,,3,,,2,1,1,1,4,7,,,2,7,01,44,2810.3400828
5352589,1,3,1,10,3,2,7,2003,17,3,5,,6,1,1,1,2,,,,,,,,,,1,,,,,,1,,,3,,,2,1,1,1,6,0,2,2,2,11,01,44,2810.3400828
5352589,1,4,1,10,4,2,12,2004,16,3,6,,6,1,1,1,2,,,,,,,,,,1,,,,,,1,,,3,,,2,1,1,1,5,10,1,,2,10,01,44,2810.3400828
5352589,1,5,1,10,5,2,3,2006,14,3,6,,6,1,1,1,2,,,,,,,,,,1,,,,,,1,,,3,,,2,1,1,1,4,9,,,2,9,01,44,2810.3400828
5352589,1,6,1,10,6,1,9,2010,10,3,5,,6,1,1,2,,,,,,,,,,,1,,,,,,1,,,3,,,2,1,1,1,4,0,,,2,5,01,44,2810.3400828
5352590,1,1,1,10,1,1,9,1990,30,1,6,,2,3,,2,,1,2,,1,,,,,,,,,,,1,2,2,,,,,2,1,2,,5,11,2,,2,11,01,44,3544.1489914
5352590,1,2,1,10,2,2,12,1991,29,2,6,,2,2,,2,,1,1,,1,,,,,,,,,,,,2,1,48,,,,2,1,2,,3,5,,,2,5,01,44,3544.1489914
5352590,1,3,1,10,2,1,7,2017,3,3,6,,,1,1,1,2,,,,,,,,,,,,,,,,2,1,36,,,,2,2,2,,1,0,,,2,0,01,44,3544.1489914
5352590,1,4,1,10,2,2,11,2020,0,3,6,,,1,1,1,2,,,,,,,,,,,,,,,,1,,,3,,,2,,,,,,,,2,,01,44,3544.1489914
5352591,1,1,1,10,1,1,2,1995,25,1,6,,6,2,,2,,,,,1,,,,,,,,,,,1,2,1,1,,,,2,1,2,,3,2,,,2,2,01,44,2735.897956
5352591,1,2,1,10,2,1,1,1954,67,9,6,,4,3,,3,,,,,1,,,,,,,,,,,,1,,,3,,,2,2,2,,1,0,,,2,0,01,44,2735.897956
5352592,1,1,1,10,1,1,4,1999,21,1,6,,2,2,,2,,1,2,,,,,,,,,,,1,,1,1,,,3,,,2,2,2,,1,0,,,2,0,01,44,4170.4218697
5352592,1,2,1,10,2,2,3,1995,25,2,6,,2,2,,2,,1,1,,,,,,,,,,,1,,,1,,,3,,,2,1,2,,3,4,,,2,4,01,44,4170.4218697
5352592,1,3,1,10,2,2,7,2016,4,3,6,,,1,1,1,2,,,,,,,,,,,,,,,,1,,,3,,,2,2,2,,1,0,,,2,0,01,44,4170.4218697
5352592,1,4,1,10,2,1,6,2018,2,3,6,,,1,1,1,2,,,,,,,,,,,,,,,,2,2,,,,,1,,,,,,,,2,,01,44,4170.4218697
5352592,1,5,1,10,2,1,10,2020,0,3,6,,,1,1,1,2,,,,,,,,,,,,,,,,2,2,,,,,1,,,,,,,,2,,01,44,4170.4218697
5352593,1,1,1,10,1,1,8,1958,62,1,5,,6,3,,2,,,,,,,,,,,,,,1,,2,2,1,192,,,,1,1,2,,3,3,,,2,3,01,44,2567.0010665
5352594,1,1,1,10,1,1,3,1942,78,1,5,,5,3,,3,,,,,,,,,,,,,,1,,1,2,1,6,,,,1,2,2,,1,0,,,2,0,01,44,2735.897956
5352594,1,2,1,10,2,1,10,1979,41,9,1,50_22,6,2,,2,,,,,,,,,,,,,,1,,,1,,,3,,,2,2,2,,1,0,,,2,0,01,44,2735.897956
5352601,1,1,1,10,1,1,5,1940,80,1,6,,5,3,,3,,,,,1,1,,,,,,1,,,,1,1,,,3,,,2,1,2,,3,2,,,2,2,01,15,974.0832533
5352603,1,1,1,10,1,2,7,1942,78,1,6,,6,3,,3,,,,,,,,,1,1,,1,,,,1,1,,,3,,,2,2,2,,1,0,,,2,0,01,15,796.26692861
5352604,1,1,1,10,1,1,4,1976,44,1,6,,3,2,,2,,1,2,,,,1,,,1,,1,,,,2,1,,,1,3,113750,2,1,2,,5,11,2,,2,11,01,15,796.26692861
5352604,1,2,1,10,2,2,8,1983,37,2,6,,3,2,,2,,1,1,,,1,1,1,,,,1,,,,,1,,,3,,,2,1,2,,5,11,2,,2,11,01,15,796.26692861
5352604,1,3,1,10,3,2,5,2002,18,3,6,,6,1,1,1,2,,,,,,,,,,1,,,,,,1,,,3,,,2,1,1,1,6,3,2,2,2,14,01,15,796.26692861
5352604,1,4,1,10,4,1,8,2008,12,3,6,,6,1,1,1,2,,,,,,,,,,1,,,,,,1,,,3,,,2,1,1,1,4,6,,,2,6,01,15,796.26692861
5352605,1,1,1,10,1,1,12,1975,45,1,6,,2,3,,2,,1,2,,,,1,1,,1,,1,,,,1,1,,,3,,,2,1,2,,3,3,,,2,3,01,15,3583.2011787
5352605,1,2,1,10,2,2,5,1985,35,2,6,,2,2,,2,,1,1,,,,,,,,,1,,,,,1,,,3,,,2,1,2,,3,4,,,2,4,01,15,3583.2011787
5352605,1,3,1,10,2,1,1,2003,18,3,6,,6,1,1,1,2,,,,,,1,,,1,,,,,,,1,,,3,,,2,1,2,,5,11,2,,2,11,01,15,3583.2011787
5352605,1,4,1,10,4,1,4,2010,10,3,6,,6,1,1,1,2,,,,,,,,,,1,1,,,,,1,,,3,,,2,1,1,1,3,4,,,2,4,01,15,3583.2011787
5352605,1,5,1,10,2,1,12,2016,4,3,6,,,1,1,1,2,,,,,,,,,,,,,,,,1,,,3,,,2,2,2,,1,0,,,2,0,01,15,3583.2011787
5352605,1,6,1,10,2,1,12,2016,4,3,6,,,1,1,1,2,,,,,,,,,,,,,,,,1,,,3,,,2,2,2,,1,0,,,2,0,01,15,3583.2011787
5352607,1,1,1,10,1,2,2,1969,51,1,6,,5,3,,2,,,,,1,1,,,,,,,,,,1,1,,,3,,,2,1,2,,3,2,,,2,2,01,15,796.26692861
5352607,1,2,1,10,2,1,9,2005,15,3,6,,6,3,,1,1,,,,,,,,,,1,,1,,DIFICULTAD PARA ASISTIR A CLASES VIRTUALES POR FALTA DE CONECTIVIDAD A INTERNET,,1,,,3,,,2,1,1,1,4,9,,,2,9,01,15,796.26692861
5352608,1,1,1,10,1,1,7,1966,54,1,6,,4,3,,2,,,,,,,1,,,,,1,,,,1,1,,,3,,,2,1,2,,3,5,,,2,5,01,15,3142.6364947
5352609,1,1,1,10,1,1,7,1982,38,1,6,,4,3,,2,,,,,,1,1,1,,1,,1,,,,1,1,,,3,,,2,1,2,,4,7,,,2,7,01,15,3142.6364947
5352610,1,1,1,10,1,1,3,1981,39,1,6,,2,2,,2,,1,2,,1,1,1,,,,,1,,,,1,1,,,3,,,1,1,2,,4,7,,,2,7,01,15,2346.1522304
5352610,1,2,1,10,2,2,8,1990,30,2,6,,2,2,,2,,1,1,,1,1,1,1,,,,1,,,,,1,,,3,,,2,1,2,,5,11,2,,2,11,01,15,2346.1522304
5352610,1,3,1,10,2,2,9,2015,5,3,6,,,1,1,1,2,,,,,,,,,,,,,,,,1,,,3,,,2,2,2,,1,0,,,2,0,01,15,2346.1522304
5352612,1,1,1,10,1,2,2,1975,45,1,6,,4,2,,2,,,,,1,1,1,,,,,1,,,,1,1,,,3,,,2,1,2,,4,8,,,2,8,01,15,796.26692861
5352612,1,2,1,10,2,1,11,2002,18,3,6,,6,2,,1,1,,,,,1,,1,,,,1,,,,,1,,,3,,,2,1,2,,5,10,1,,2,10,01,15,796.26692861
5352612,1,3,1,10,3,2,7,2006,14,3,6,,6,2,,1,1,,,,,,,,,,1,1,,,,,1,,,3,,,2,1,1,1,4,8,,,2,8,01,15,796.26692861
5352665,1,1,1,10,1,1,8,1972,48,1,6,,3,2,,2,,1,2,,1,1,1,1,,,,1,,,,1,1,,,3,,,2,1,2,,3,5,,,2,5,01,15,796.26692861
5352665,1,2,1,10,2,2,8,1978,42,2,6,,3,2,,2,,1,1,,,,,,,,,,,1,,,1,,,3,,,2,1,2,,3,4,,,2,4,01,15,796.26692861
5352665,1,3,1,10,3,2,10,1998,22,3,6,,6,1,1,1,2,,,,,,,,,,1,1,,,,,1,,,3,,,2,1,1,1,6,2,2,2,2,13,01,15,796.26692861
5352665,1,4,1,10,4,1,3,2002,18,3,6,,6,1,1,1,2,,,,,,,1,,1,1,,,,,,1,,,3,,,2,1,2,,6,1,2,2,2,12,01,15,796.26692861
5352665,1,5,1,10,5,1,2,2008,12,3,6,,6,1,1,1,2,,,,,,,,,,,1,,,,,1,,,3,,,2,1,1,1,4,6,,,2,6,01,15,796.26692861
5352665,1,6,1,10,1,2,1,1950,70,5,6,,5,3,,3,,,,,,,,,,,,1,1,,PROBLEMAS PARA PODER PROGRAMAR Y ASISTIR A CITAS MEDICAS ESPECIALIZADAS,,1,,,3,,,2,1,2,,3,1,,,2,1,01,15,796.26692861
5352692,1,1,1,10,1,2,7,1952,68,1,6,,5,2,,3,,,,,,,,,,,,,,1,,2,1,,,3,,,2,1,2,,3,5,,,2,5,01,68,967.90384504
5352693,1,1,1,10,1,1,10,1974,46,1,6,,2,2,,2,,1,2,,,,1,,,,,,,,,2,1,,,3,,,2,1,2,,3,5,,,2,5,01,68,1707.6374648
5352693,1,2,1,10,2,2,10,1978,42,2,6,,2,3,,3,,1,1,,,,1,,,1,,,,,,,1,,,3,,,2,1,2,,3,5,,,2,5,01,68,1707.6374648
5352693,1,3,1,10,3,1,6,2004,16,3,6,,6,1,1,1,2,,,,,,,,,,1,,,,,,1,,,3,,,2,1,1,1,5,10,1,,2,10,01,68,1707.6374648
5352694,1,1,1,10,1,1,2,1956,64,1,6,,2,3,,2,,1,2,,,,1,,,,,,,,,2,1,,,3,,,2,1,2,,3,5,,,2,5,01,68,967.90384504
5352694,1,2,1,10,2,2,1,1970,51,2,6,,2,3,,3,,1,1,,,,,,,,,,,1,,,1,,,3,,,2,1,2,,4,7,,,2,7,01,68,967.90384504
5352694,1,3,1,10,2,1,11,2019,1,3,6,,,1,1,1,2,,,,,,,,,,,,,,,,1,,,3,,,2,,,,,,,,2,,01,68,967.90384504
5352695,1,1,1,10,1,1,5,1956,64,1,6,,3,3,,3,,1,2,,,,,,,,,,,1,,2,2,1,24,,,,2,1,2,,5,11,2,,2,11,01,68,967.90384504
5352695,1,2,1,10,2,2,1,1958,63,2,6,,3,3,,3,,1,1,,,,,,,,,,,1,,,2,1,15,,,,2,1,2,,5,11,2,,2,11,01,68,967.90384504
5352696,1,1,1,10,1,1,12,1959,61,1,6,,3,2,,2,,1,2,,,,,,,,,,,1,,2,1,,,1,3,109000,2,1,2,,3,5,,,2,5,01,68,967.90384504
5352696,1,2,1,10,2,2,8,1966,54,2,6,,3,3,,3,,1,1,,,,,,,,,,,1,,,1,,,1,5,,2,1,2,,3,3,,,2,3,01,68,967.90384504
5352696,1,3,1,10,3,2,3,1989,31,3,6,,6,1,1,1,2,,,,,,,,,,,,,1,,,1,,,2,1,60000,2,1,2,,6,5,4,,2,16,01,68,967.90384504
5352700,1,1,1,10,1,1,12,1953,67,1,6,,2,3,,3,,1,2,,,,,,,,,,,1,,2,2,1,3,,,,2,1,2,,3,3,,,2,3,01,68,967.90384504
5352700,1,2,1,10,2,2,9,1963,57,2,6,,2,3,,2,,1,1,,,,,,,,,,,1,,,2,1,3,,,,2,1,2,,3,3,,,2,3,01,68,967.90384504
5352701,1,1,1,10,1,1,9,1960,60,1,6,,3,3,,3,,1,2,,,,1,,,,,,,,,2,1,,,3,,,2,1,2,,3,3,,,2,3,01,68,967.90384504
5352701,1,2,1,10,2,2,8,1962,58,2,6,,3,3,,3,,1,1,,,,,,,,,,,1,,,1,,,3,,,2,1,2,,3,3,,,2,3,01,68,967.90384504
5352701,1,3,1,10,3,1,9,1984,36,3,6,,6,1,1,1,2,,,,,,1,,,,,,,,,,1,,,3,,,2,1,2,,5,11,2,,2,11,01,68,967.90384504
5352701,1,4,1,10,4,2,5,1990,30,3,6,,6,1,1,1,2,,,,,,,,,,,,,1,,,1,,,3,,,2,1,2,,5,11,2,,2,11,01,68,967.90384504
5352701,1,5,1,10,4,1,3,2009,11,4,6,,6,2,,1,4,,,,,,,,,,1,,,,,,1,,,3,,,2,1,1,1,4,0,,,2,5,01,68,967.90384504
5352702,1,1,1,10,1,1,12,1964,56,1,6,,2,2,,2,,1,2,,,,1,,,,,,,,,2,1,,,1,3,110000,2,1,2,,5,11,2,,2,11,01,68,967.90384504
5352702,1,2,1,10,2,2,1,1976,45,2,6,,2,2,,2,,1,1,,,,1,,,,,,,,,,1,,,1,5,,2,1,2,,3,4,,,2,4,01,68,967.90384504
5352702,1,3,1,10,3,2,12,1992,28,3,6,,6,1,1,1,2,,,,,,,,,,1,,,,,,1,,,3,,,2,1,1,1,6,8,2,2,2,19,01,68,967.90384504
5352702,1,4,1,10,4,1,10,2009,11,3,6,,6,1,1,1,2,,,,,,,,,,1,,,,,,1,,,1,5,,2,1,1,1,4,6,,,2,6,01,68,967.90384504
5352703,1,1,1,10,1,2,12,1956,64,1,6,,6,2,,2,,,,,,,,,,,,,,1,,2,1,,,3,,,2,1,2,,3,4,,,2,4,01,68,967.90384504
5352703,1,2,1,10,2,2,7,1993,27,3,6,,4,2,,1,1,,,,,,1,,,,,,,,,,1,,,3,,,2,1,2,,5,11,2,,2,11,01,68,967.90384504
5352703,1,3,1,10,2,1,9,2015,5,4,6,,,2,,1,2,,,,,,,,,,,,,,,,1,,,3,,,2,2,1,1,2,0,,,2,0,01,68,967.90384504
5352703,1,4,1,10,2,1,11,2018,2,4,6,,,2,,1,2,,,,,,,,,,,,,,,,1,,,3,,,2,,,,,,,,2,,01,68,967.90384504
5352731,1,1,1,10,1,1,3,1952,68,1,6,,2,3,,3,,1,2,,,,1,,,,,,,,,1,1,,,3,,,2,1,2,,3,3,,,2,3,01,15,796.26692861
5352731,1,2,1,10,2,2,9,1955,65,2,6,,2,3,,3,,1,1,,,,,,,,,,,1,,,1,,,3,,,2,1,2,,3,2,,,2,2,01,15,796.26692861
5352731,1,3,1,10,3,1,11,1989,31,3,6,,6,1,1,1,2,,,,,,,,,,,,,1,,,1,,,1,3,109700,2,1,2,,6,2,3,,2,13,01,15,796.26692861
5352733,1,1,1,10,1,1,12,1977,43,1,6,,2,2,,2,,1,2,,,1,1,,,,,,,,,1,1,,,3,,,2,1,2,,3,2,,,2,2,01,15,796.26692861
5352733,1,2,1,10,2,2,6,1988,32,2,6,,2,2,,2,,1,1,,,,,,,,,,,1,,,1,,,3,,,2,1,2,,3,5,,,2,5,01,15,796.26692861
5352733,1,3,1,10,3,2,12,2005,15,3,6,,6,1,1,1,2,,,,,,,,,,1,,,,,,1,,,3,,,2,1,1,1,5,10,1,,2,10,01,15,796.26692861
5352733,1,4,1,10,4,2,12,2010,10,3,6,,6,1,1,1,2,,,,,,,,,,,,,1,,,1,,,3,,,2,1,1,1,3,4,,,2,4,01,15,796.26692861
5352733,1,5,1,10,1,1,12,2016,4,3,6,,,1,1,1,2,,,,,,,,,,,,,,,,1,,,3,,,2,2,2,,1,0,,,2,0,01,15,796.26692861
5352734,1,1,1,10,1,1,3,1949,71,1,6,,3,2,,3,,1,2,,1,,,,,,,,,,,1,1,,,3,,,2,1,2,,3,1,,,2,1,01,15,1807.6810315
5352734,1,2,1,10,2,2,6,1957,63,2,6,,3,3,,3,,1,1,,1,,,,,,,,,,,,1,,,3,,,2,2,2,,1,0,,,2,0,01,15,1807.6810315
5352734,1,3,1,10,3,2,11,1983,37,3,6,,6,1,1,1,2,,,,,,,,,,,,,1,,,1,,,3,,,2,1,2,,3,4,,,2,4,01,15,1807.6810315
5352734,1,4,1,10,4,1,2,2005,15,4,6,,6,2,,1,3,,,,,,,,,,1,,,,,,1,,,3,,,2,1,1,1,4,7,,,2,7,01,15,1807.6810315
5352734,1,5,1,10,3,1,9,2012,8,4,6,,,2,,1,3,,,,,,,,,,,,,,,,1,,,3,,,1,1,1,1,3,2,,,2,2,01,15,1807.6810315
5352734,1,6,1,10,3,1,5,2016,4,4,6,,,2,,1,3,,,,,,,,,,,,,,,,1,,,3,,,2,2,2,,1,0,,,2,0,01,15,1807.6810315
5352734,1,7,1,10,2,2,7,1987,33,3,6,,6,1,1,1,2,,,,,,,,,,,,,1,,,1,,,3,,,2,2,2,,1,0,,,2,0,01,15,1807.6810315
5352734,1,8,1,10,2,1,1,2018,3,4,6,,,2,,1,7,,,,,,,,,,,,,,,,1,,,3,,,2,2,2,,1,0,,,2,0,01,15,1807.6810315
5352735,1,1,1,10,1,1,8,1974,46,1,6,,3,2,,2,,1,2,,1,,1,,,,,,,,,2,1,,,3,,,2,1,2,,3,2,,,2,2,01,15,796.26692861
5352735,1,2,1,10,2,2,9,1985,35,2,6,,3,2,,2,,1,1,,,,,,,,,,,1,,,1,,,3,,,2,1,2,,3,3,,,2,3,01,15,796.26692861
5352735,1,3,1,10,3,2,6,2005,15,3,6,,6,1,1,1,2,,,,,,,,,,1,,,,,,1,,,3,,,2,1,1,1,4,8,,,2,8,01,15,796.26692861
5352735,1,4,1,10,4,1,2,2007,13,3,6,,6,1,1,1,2,,,,,,,,,,1,,,,,,1,,,3,,,2,1,1,1,4,7,,,2,7,01,15,796.26692861
5352737,1,1,1,10,1,2,2,1952,68,1,6,,5,3,,3,,,,,,,,,,,,,,1,,1,1,,,3,,,2,1,2,,3,5,,,2,5,01,15,796.26692861
5352738,1,1,1,10,1,2,11,1953,67,1,6,,3,3,,3,,1,2,,1,,,,,,,,,,,1,1,,,3,,,1,1,2,,3,2,,,2,2,01,15,796.26692861
5352738,1,2,1,10,2,1,9,1949,71,2,6,,3,3,,3,,1,1,,1,,,,,,,,,,,,1,,,3,,,2,1,2,,3,5,,,2,5,01,15,796.26692861
5352738,1,3,1,10,3,1,9,1975,45,3,6,,6,1,2,1,1,,,,,,,1,,,,,,,,,1,,,3,,,2,1,2,,3,5,,,2,5,01,15,796.26692861
5352741,1,1,1,10,1,2,8,1955,65,1,6,,5,3,,2,,,,,,,,,,,,,,1,,2,1,,,1,2,180000,2,1,2,,5,11,2,,2,11,01,15,796.26692861
5352742,1,1,1,10,1,1,1,1991,30,1,6,,1,2,,2,,1,2,,,,1,,,,,,,,,2,1,,,3,,,2,1,2,,3,5,,,2,5,01,15,1404.8247109
5352742,1,2,1,10,2,2,4,1982,38,2,6,,1,3,,2,,1,1,,1,,,,,,,,,,,,1,,,3,,,1,1,2,,3,5,,,2,5,01,15,1404.8247109
5352742,1,3,1,10,3,1,9,2007,13,3,6,,6,2,,1,2,,,,,,,,,,1,,,,,,1,,,3,,,2,1,1,1,4,7,,,2,7,01,15,1404.8247109
5353634,1,1,1,10,1,2,12,2002,18,1,6,,2,2,,2,,1,2,,,,,,,,,,,1,,1,1,,,3,,,2,1,2,,4,7,,,2,7,01,70,2063.6912181
5353634,1,2,1,10,2,1,12,1993,27,2,6,,2,2,,2,,1,1,,,,,,,,,,,1,,,2,2,,,,,2,1,2,,3,5,,,2,5,01,70,2063.6912181
5353634,1,3,1,10,1,1,7,2018,2,3,6,,,1,2,1,1,,,,,,,,,,,,,,,,1,,,3,,,2,,,,,,,,2,,01,70,2063.6912181
5353635,1,1,1,10,1,1,5,1994,26,1,6,,2,2,,2,,1,2,,1,1,,,,1,,,,,,1,1,,,3,,,2,1,2,,5,11,2,,2,11,01,70,2074.8631746
5353635,1,2,1,10,2,2,10,1996,24,2,6,,2,2,,2,,1,1,,,,,,,,,1,,,,,1,,,3,,,2,1,2,,5,11,2,,2,11,01,70,2074.8631746
5353635,1,3,1,10,2,2,5,2018,2,3,6,,,1,1,1,2,,,,,,,,,,,,,,,,1,,,3,,,2,,,,,,,,2,,01,70,2074.8631746
5353636,1,1,1,10,1,2,3,1990,30,1,6,,2,2,,2,,1,2,,,,,,,,,,,1,,1,1,,,3,,,2,1,2,,5,11,2,,2,11,01,70,2122.9583041
5353636,1,2,1,10,2,1,2,1987,33,2,6,,2,2,,2,,1,1,,,,,,,,,,,1,,,1,,,3,,,2,1,2,,3,3,,,2,3,01,70,2122.9583041
5353636,1,3,1,10,1,2,3,2014,6,3,6,,,1,2,1,1,,,,,,,,,,,,,,,,1,,,3,,,2,1,1,1,3,1,,,2,1,01,70,2122.9583041
5353636,1,4,1,10,1,1,7,2016,4,3,6,,,1,2,1,1,,,,,,,,,,,,,,,,1,,,3,,,2,2,2,,1,0,,,2,0,01,70,2122.9583041
5353637,1,1,1,10,1,2,3,1935,85,1,6,,5,3,,3,,,,,,,,,,,,,,1,,1,1,,,3,,,2,1,2,,3,3,,,2,3,01,70,906.87270569
5353637,1,2,1,10,2,1,9,1964,56,3,6,,2,3,,1,1,2,,,,1,1,,,,,,,,,,1,,,3,,,2,1,2,,4,8,,,2,8,01,70,906.87270569
5353637,1,3,1,10,3,1,11,1965,55,3,5,,4,3,,1,1,,,,,1,1,,,,,,,,,,1,,,3,,,2,1,2,,6,2,3,,2,13,01,70,906.87270569
5353637,1,4,1,10,1,2,11,1967,53,3,6,,6,3,,1,1,,,,,,,,,,,,,1,,,1,,,3,,,2,2,2,,3,1,,,2,1,01,70,906.87270569
5353638,1,1,1,10,1,1,7,1961,59,1,6,,2,3,,3,,1,2,,,,,,,,,,,1,,1,1,,,3,,,2,1,2,,3,5,,,2,5,01,70,1308.9501071
5353638,1,2,1,10,2,2,3,1969,51,2,6,,2,2,,2,,1,1,,,,,,,,,,,1,,,1,,,3,,,2,1,2,,4,7,,,2,7,01,70,1308.9501071
5353638,1,3,1,10,3,1,5,1985,35,3,6,,6,2,,1,2,,,,,,,,,1,,,,,,,1,,,3,,,2,1,2,,4,9,,,2,9,01,70,1308.9501071
5353638,1,4,1,10,2,2,8,2008,12,4,6,,6,2,,2,,,,,,,,,,,1,,,,,,1,,,3,,,2,1,1,1,4,7,,,2,7,01,70,1308.9501071
5353639,1,1,1,10,1,2,11,1950,70,1,6,,4,3,,3,,,,,,,,,,,,,,1,,1,1,,,3,,,2,2,2,,1,0,,,2,0,01,70,1099.8391351
5353639,1,2,1,10,2,2,8,1983,37,3,6,,2,2,,1,1,1,3,,,,,,,,,,,1,,,1,,,3,,,2,1,2,,4,9,,,2,9,01,70,1099.8391351
5353639,1,3,1,10,3,1,11,1961,59,5,6,,2,3,,2,,1,2,,,,,,,,,,,1,,,1,,,3,,,2,1,2,,5,11,2,,2,11,01,70,1099.8391351
5353639,1,4,1,10,4,1,6,2001,19,4,6,,6,2,,1,2,,,,,,,,,,,,,1,,,1,,,3,,,2,1,2,,5,11,2,,2,11,01,70,1099.8391351
5353639,1,5,1,10,5,2,7,2002,18,4,6,,6,2,,1,2,,,,,,,,,,,,,1,,,1,,,3,,,2,1,2,,5,11,2,,2,11,01,70,1099.8391351
5353639,1,6,1,10,6,2,10,2003,17,4,6,,6,2,,1,2,,,,,,,,,,,,,1,,,1,,,3,,,2,1,2,,5,11,2,,2,11,01,70,1099.8391351
5353639,1,7,1,10,7,2,10,1996,24,4,6,,4,2,,2,,,,,,,,,,,,,,1,,,1,,,3,,,2,1,2,,4,8,,,2,8,01,70,1099.8391351
5353639,1,8,1,10,7,2,6,2014,6,5,6,,,2,,1,7,,,,,,,,,,,,,,,,1,,,3,,,2,2,1,1,3,0,,,2,0,01,70,1099.8391351
5353640,1,1,1,10,1,2,1,1976,45,1,6,,2,2,,2,,1,2,,,1,,,,,,,,,,1,1,,,3,,,2,1,2,,3,2,,,2,2,01,70,1458.9199109
5353640,1,2,1,10,2,1,9,1963,57,2,6,,2,3,,3,,1,1,,,,,,,,,,,1,,,1,,,3,,,2,1,2,,5,11,2,,2,11,01,70,1458.9199109
5353640,1,3,1,10,3,2,5,1999,21,3,6,,6,1,2,1,1,,,,,,,1,,,,,,,,,1,,,3,,,2,1,2,,5,11,2,,2,11,01,70,1458.9199109
5353640,1,4,1,10,4,1,9,2002,18,3,6,,6,1,2,1,1,,,,,,,,,,1,,,,,,1,,,3,,,2,1,1,1,5,10,1,,2,10,01,70,1458.9199109
5353641,1,1,1,10,1,1,7,1957,63,1,6,,4,3,,3,,,,,,,,,,,,,,1,,1,1,,,3,,,2,1,2,,1,0,,,2,0,01,70,1712.3887494
5353641,1,2,1,10,2,2,2,2002,18,3,6,,6,1,1,2,,,,,,,,,,,,,,1,,,1,,,3,,,2,1,2,,5,11,2,,2,11,01,70,1712.3887494
5353641,1,3,1,10,3,1,1,2004,17,3,6,,6,1,1,2,,,,,,,,,,,,,,1,,,1,,,3,,,2,1,2,,3,5,,,2,5,01,70,1712.3887494
5353642,1,1,1,10,1,2,7,1962,58,1,6,,2,3,,3,,1,2,,,,,,,,,,,1,,1,1,,,3,,,2,1,2,,3,3,,,2,3,01,70,1593.7647211
5353642,1,2,1,10,2,1,5,1956,64,2,6,,2,3,,3,,1,1,,,,1,,,,,,,,,,1,,,3,,,2,1,2,,3,3,,,2,3,01,70,1593.7647211
5353642,1,3,1,10,3,1,6,1985,35,3,6,,4,1,2,1,1,,,,,,1,,,,,,,,,,1,,,3,,,2,1,2,,6,3,3,,2,14,01,70,1593.7647211
5353642,1,4,1,10,3,1,6,2009,11,4,6,,6,1,3,2,,,,,,,,,,,1,,,,,,1,,,3,,,2,1,2,,4,6,,,2,6,01,70,1593.7647211
5353642,1,5,1,10,5,2,5,1988,32,3,6,,4,1,2,1,1,,,,,,,,,1,,,,,,,1,,,3,,,2,1,2,,6,2,3,,2,13,01,70,1593.7647211
5353642,1,6,1,10,5,1,7,2013,7,4,6,,,2,,1,5,,,,,,,,,,,,,,,,1,,,1,5,,2,1,1,1,3,2,,,2,2,01,70,1593.7647211
5353642,1,7,1,10,7,1,4,2002,18,4,6,,6,2,,2,,,,,,,,,,,,,,1,,,1,,,3,,,2,1,2,,5,11,2,,2,11,01,70,1593.7647211
5353642,1,8,1,10,1,2,5,2004,16,4,6,,6,2,,2,,,,,,,,,,,1,,,,,,1,,,3,,,2,1,1,1,4,9,,,2,9,01,70,1593.7647211
5353643,1,1,1,10,1,2,10,1988,32,1,6,,4,2,,2,,,,,,,1,,,,,,,,,1,1,,,3,,,2,1,2,,5,11,2,,2,11,01,70,2235.7864463
5353643,1,2,1,10,1,1,8,2015,5,3,6,,,2,,1,1,,,,,,,,,,,,,,,,1,,,3,,,2,2,1,1,2,0,,,2,0,01,70,2235.7864463
5353643,1,3,1,10,1,1,10,2017,3,3,6,,,2,,1,1,,,,,,,,,,,,,,,,1,,,3,,,2,2,2,,1,0,,,2,0,01,70,2235.7864463
5353643,1,4,1,10,1,1,7,2020,0,3,6,,,2,,1,1,,,,,,,,,,,,,,,,1,,,3,,,2,,,,,,,,2,,01,70,2235.7864463
5353644,1,1,1,10,1,2,10,1956,64,1,6,,2,3,,3,,1,2,,,,,,,,,1,,,,1,1,,,3,,,2,1,2,,3,4,,,2,4,01,70,1095.0084272
5353644,1,2,1,10,2,1,8,1930,90,2,6,,2,3,,3,,1,1,,,,,,,,,,,1,,,1,,,3,,,2,1,2,,3,2,,,2,2,01,70,1095.0084272
5353645,1,1,1,10,1,2,10,1975,45,1,6,,4,3,,3,,,,,,,,,,,,1,,,,1,1,,,3,,,2,1,2,,3,4,,,2,4,01,70,1405.1593766
5353645,1,2,1,10,2,2,8,2001,19,3,6,,6,2,,1,1,,,,,,,,,,,,,1,,,1,,,3,,,2,1,2,,5,11,2,,2,11,01,70,1405.1593766
5353645,1,3,1,10,1,2,4,2003,17,3,6,,6,2,,1,1,,,,,,,,,,,,,1,,,1,,,3,,,2,1,2,,5,11,2,,2,11,01,70,1405.1593766
5353645,1,4,1,10,1,1,4,2005,15,3,6,,6,2,,1,1,,,,,,,,,,1,,,,,,1,,,3,,,2,1,1,1,4,7,,,2,7,01,70,1405.1593766
5353645,1,5,1,10,5,2,1,1972,49,5,6,,6,3,,3,,,,,,,,,,,,,,1,,,1,,,3,,,2,2,2,,1,0,,,2,0,01,70,1405.1593766
5353646,1,1,1,10,1,1,4,1938,82,1,6,,4,3,,3,,,,,,,,,,,,,,1,,1,1,,,3,,,2,1,2,,1,0,,,2,0,01,70,1712.3887494
5353646,1,2,1,10,1,1,1,2005,16,3,6,,6,1,1,2,,,,,,,,,,,1,,,,,,1,,,3,,,2,1,1,1,5,10,1,,2,10,01,70,1712.3887494
5353646,1,3,1,10,1,2,11,2006,14,3,6,,6,1,1,2,,,,,,,,,,,1,,,,,,1,,,3,,,2,1,1,1,4,8,,,2,8,01,70,1712.3887494
5353647,1,1,1,10,1,1,7,1963,57,1,6,,4,2,,2,,,,,,,,,,,,,,1,,1,1,,,3,,,2,1,2,,5,11,2,,2,11,01,70,1745.6861304
5353647,1,2,1,10,2,2,9,1989,31,3,6,,2,1,1,2,,2,,,1,1,,,,,,1,,,,,1,,,3,,,2,1,2,,5,11,2,,2,11,01,70,1745.6861304
5353647,1,3,1,10,2,2,10,2012,8,4,6,,,2,,1,2,,,,,,,,,,,,,,,,1,,,3,,,2,1,2,,3,3,,,2,3,01,70,1745.6861304
5353647,1,4,1,10,2,1,12,2015,5,4,6,,,2,,1,2,,,,,,,,,,,,,,,,1,,,3,,,2,2,1,1,3,0,,,2,0,01,70,1745.6861304
5353648,1,1,1,10,1,1,10,1977,43,1,6,,3,2,,2,,1,2,,,,1,,,,,,,,,1,1,,,3,,,2,1,2,,5,11,2,,2,11,01,70,1836.1920846
5353648,1,2,1,10,2,2,10,1979,41,2,5,,3,2,,2,,1,1,,,,,,,,,1,,,,,1,,,3,,,2,1,2,,5,11,2,,2,11,01,70,1836.1920846
5353648,1,3,1,10,3,2,11,2002,18,3,6,,6,1,1,1,2,,,,,,,,,,,,,1,,,1,,,3,,,2,1,2,,5,11,2,,2,11,01,70,1836.1920846
5353648,1,4,1,10,2,1,8,2005,15,3,6,,6,1,1,1,2,,,,,,,,,,1,,,,,,1,,,3,,,2,1,1,1,4,8,,,2,8,01,70,1836.1920846
5353649,1,1,1,10,1,2,8,1976,44,1,6,,4,3,,2,,,,,,,,,,,,,,1,,1,1,,,3,,,2,1,2,,5,11,2,,2,11,01,70,1407.4885523
5353649,1,2,1,10,2,2,9,2003,17,3,6,,6,2,,1,1,,,,,,,,,,,,,1,,,1,,,3,,,2,1,2,,5,11,2,,2,11,01,70,1407.4885523
5353649,1,3,1,10,1,2,5,2008,12,3,6,,6,2,,1,1,,,,,,,,,,1,,,,,,1,,,3,,,2,1,1,1,4,7,,,2,7,01,70,1407.4885523
5353650,1,1,1,10,1,1,6,1984,36,1,6,,2,2,,2,,1,2,,,,1,,,,,,,,,2,1,,,3,,,2,1,2,,4,8,,,2,8,01,70,1661.4464319
5353650,1,2,1,10,2,2,8,1992,28,2,6,,2,2,,2,,1,1,,,,,,,,,,,1,,,1,,,2,1,88000,2,1,2,,6,5,4,,2,16,01,70,1661.4464319
5353651,1,1,1,10,1,1,7,1990,30,1,6,,2,2,,2,,1,2,,,,,,,,,,,1,,1,1,,,3,,,2,1,2,,3,5,,,2,5,01,70,1836.1920846
5353651,1,2,1,10,2,2,3,1972,48,2,6,,2,2,,2,,1,1,,,,,,,,,,,1,,,1,,,3,,,2,1,2,,5,11,2,,2,11,01,70,1836.1920846
5353651,1,3,1,10,3,2,12,2003,17,3,6,,6,2,,1,2,,,,,,,,,,,,,1,,,1,,,3,,,2,1,2,,5,11,2,,2,11,01,70,1836.1920846
5353651,1,4,1,10,2,1,9,2005,15,3,6,,6,2,,1,2,,,,,,,,,,1,,,,,,1,,,3,,,2,1,1,1,4,8,,,2,8,01,70,1836.1920846
5353652,1,1,1,10,1,1,11,1952,68,1,6,,3,3,,3,,1,2,,,,,,,,,1,,,,2,1,,,3,,,2,2,2,,1,0,,,2,0,01,70,906.87270569
5353652,1,2,1,10,2,2,1,1951,70,2,6,,3,3,,3,,1,1,,,,,,,,,,,1,,,1,,,3,,,2,1,2,,3,5,,,2,5,01,70,906.87270569
5353652,1,3,1,10,3,2,5,1993,27,3,6,,6,1,1,1,2,,,,,,,,,,,,,1,,,1,,,3,,,2,1,2,,6,5,4,,2,16,01,70,906.87270569
5353652,1,4,1,10,4,2,12,1977,43,3,6,,3,1,1,1,2,1,5,,,,1,,,,,,,,,,1,,,3,,,2,1,2,,5,11,2,,2,11,01,70,906.87270569
5353652,1,5,1,10,5,1,8,1977,43,5,6,,3,2,,2,,1,4,,,,1,,,,,,,,,,1,,,3,,,2,1,2,,5,11,2,,2,11,01,70,906.87270569
5353652,1,6,1,10,6,1,10,2001,19,4,6,,6,1,5,1,4,,,,,,,,,,1,,,,,,1,,,3,,,2,1,1,1,6,0,2,2,2,11,01,70,906.87270569
5353652,1,7,1,10,4,2,4,2004,16,4,6,,6,1,5,1,4,,,,,,,,,,1,,,,,,1,,,3,,,2,1,1,1,6,0,2,2,2,11,01,70,906.87270569
5353652,1,8,1,10,4,2,10,2006,14,4,6,,6,1,5,1,4,,,,,,,,,,1,,,,,,1,,,3,,,2,1,1,1,4,7,,,2,7,01,70,906.87270569
5353654,1,1,1,10,1,1,6,1970,50,1,6,,2,2,,2,,1,2,,,,,,,1,,,,,,1,1,,,3,,,2,1,2,,3,5,,,2,5,01,70,2385.2699234
5353654,1,2,1,10,2,2,6,1982,38,2,6,,2,2,,2,,1,1,,,,,,,,,,,1,,,1,,,3,,,2,1,2,,5,11,2,,2,11,01,70,2385.2699234
5353654,1,3,1,10,2,1,8,2004,16,3,6,,6,1,1,1,2,,,,,,,,,,1,,,,,,1,,,3,,,2,1,1,1,5,10,1,,2,10,01,70,2385.2699234
5353654,1,4,1,10,2,2,3,2014,6,3,6,,,1,1,1,2,,,,,,,,,,,,,,,,1,,,3,,,2,1,1,1,3,1,,,2,1,01,70,2385.2699234
5353654,1,5,1,10,2,2,9,2016,4,3,6,,,1,1,1,2,,,,,,,,,,,,,,,,1,,,3,,,2,2,2,,1,0,,,2,0,01,70,2385.2699234
5353655,1,1,1,10,1,2,2,1966,54,1,6,,4,3,,2,,,,,1,1,,,,,1,,,,,1,1,,,3,,,2,1,2,,3,5,,,2,5,01,70,1811.4162357
5353655,1,2,1,10,1,1,8,2007,13,5,6,,6,2,,2,,,,,,,,,,,1,,,,,,1,,,3,,,2,1,1,1,4,6,,,2,6,01,70,1811.4162357
5353656,1,1,1,10,1,1,4,1960,60,1,6,,5,2,,3,,,,,,,,,,,,,,1,,1,1,,,3,,,2,1,2,,3,5,,,2,5,01,70,1889.9526188
5353656,1,2,1,10,2,1,10,1991,29,3,6,,6,1,1,3,,,,,,,,,,,,,,1,,,1,,,3,,,2,1,2,,6,1,3,,2,12,01,70,1889.9526188
5353656,1,3,1,10,3,1,3,1997,23,3,6,,6,1,1,3,,,,,,,,,,,,,,1,,,1,,,3,,,2,1,2,,4,7,,,2,7,01,70,1889.9526188
5353657,1,1,1,10,1,2,9,1933,87,1,6,,5,3,,3,,,,,,,,,,,,1,,,,1,1,,,1,5,,2,2,2,,1,0,,,2,0,01,70,906.87270569
5353657,1,2,1,10,2,2,10,1955,65,3,6,,4,3,,1,1,,,,,,,,,,,,,1,,,1,,,3,,,2,2,2,,1,0,,,2,0,01,70,906.87270569
5353657,1,3,1,10,3,2,1,2000,20,4,6,,6,2,,1,2,,,,,,,,,,,,,1,,,1,,,3,,,2,1,2,,5,11,2,,2,11,01,70,906.87270569
5353657,1,4,1,10,4,2,7,1959,61,3,6,,4,3,,1,1,,,,,,,,,,,,,1,,,1,,,3,,,2,1,2,,3,4,,,2,4,01,70,906.87270569
5353657,1,5,1,10,1,2,5,2005,15,5,6,,6,2,,2,,,,,,,,,,,1,,,,,,1,,,3,,,2,1,1,1,4,7,,,2,7,01,70,906.87270569
5353658,1,1,1,10,1,2,10,1939,81,1,6,,5,3,,3,,,,,,,,,,,,1,,,,1,1,,,3,,,2,2,2,,1,0,,,2,0,01,70,1342.811861
5353658,1,2,1,10,1,1,11,2019,1,4,6,,,2,,2,,,,,,,,,,,,,,,,,1,,,3,,,2,,,,,,,,2,,01,70,1342.811861
5353658,1,3,1,10,3,2,10,1995,25,5,6,,2,2,,2,,2,,,,,,,,,,,,1,,,1,,,3,,,2,1,2,,5,11,2,,2,11,01,70,1342.811861
5353659,1,1,1,10,1,2,9,1969,51,1,6,,4,2,,3,,,,,,,1,,,,,,,,,2,1,,,3,,,2,1,2,,5,11,2,,2,11,01,70,1735.0222255
5353659,1,2,1,10,2,2,5,2001,19,3,6,,6,2,,1,1,,,,,,,,,,1,,,,,,1,,,3,,,2,1,1,2,6,1,2,2,2,12,01,70,1735.0222255
5353659,1,3,1,10,1,1,8,2004,16,3,6,,6,2,,1,1,,,,,,,,,,1,,,,,,1,,,3,,,2,1,1,1,5,10,1,,2,10,01,70,1735.0222255
5353661,1,1,1,10,1,2,2,1960,60,1,6,,4,3,,3,,,,,,,,,,,,1,,,,2,1,,,1,1,35112,1,1,2,,6,2,3,,2,13,01,70,1291.8795042
5353661,1,2,1,10,2,1,8,1964,56,5,6,,2,3,,3,,1,3,1,,,,,,,,,,,,,1,,,3,,,2,1,2,,3,5,,,2,5,01,70,1291.8795042
5353661,1,3,1,10,3,2,11,1994,26,5,6,,2,2,,2,,1,2,,,,,,,,,1,,,,,1,,,3,,,2,1,2,,5,11,2,,2,11,01,70,1291.8795042
5353661,1,4,1,10,3,1,6,2014,6,5,6,,,2,,1,3,,,,,,,,,,,,,,,,1,,,3,,,2,2,1,1,3,0,,,2,0,01,70,1291.8795042
5353661,1,5,1,10,3,1,8,2019,1,5,6,,,1,2,1,3,,,,,,,,,,,,,,,,1,,,3,,,2,,,,,,,,2,,01,70,1291.8795042
5353662,1,1,1,10,1,1,7,1983,37,1,6,,2,2,,2,,1,2,,,,,,,,,,,1,,1,1,,,3,,,2,1,2,,3,5,,,2,5,01,70,1912.5860948
5353662,1,2,1,10,2,2,7,1988,32,2,6,,2,2,,2,,1,1,,,,,,,,,,,1,,,1,,,3,,,2,2,2,,1,0,,,2,0,01,70,1912.5860948
5353662,1,3,1,10,2,1,3,2009,11,3,6,,6,1,1,1,2,,,,,,,,,,1,,,,,,1,,,3,,,2,1,1,1,3,4,,,2,4,01,70,1912.5860948
5353663,1,1,1,10,1,1,8,1986,34,1,6,,2,3,,2,,1,2,,,,,,,,,1,,,,1,1,,,3,,,2,1,2,,3,5,,,2,5,01,70,2640.0353784
5353663,1,2,1,10,2,2,11,1992,28,2,6,,2,2,,2,,1,1,1,,,,,,,,,,,,,1,,,3,,,2,1,2,,4,7,,,2,7,01,70,2640.0353784
5353663,1,3,1,10,2,1,12,2008,12,3,6,,6,1,1,1,2,,,,,,,,,,1,,,,,,1,,,3,,,2,1,1,1,4,6,,,2,6,01,70,2640.0353784
5353663,1,4,1,10,2,1,6,2015,5,3,6,,,1,1,1,2,,,,,,,,,,,,,,,,1,,,3,,,2,2,1,1,2,0,,,2,0,01,70,2640.0353784
5353663,1,5,1,10,1,1,4,2009,11,5,6,,6,2,,2,,,,,,,,,,,1,,,,,,1,,,3,,,2,1,1,1,4,6,,,2,6,01,70,2640.0353784
5353663,1,6,1,10,6,1,9,2002,18,9,6,,6,2,,2,,,,,,,,,,,,,,1,,,1,,,3,,,2,1,2,,4,7,,,2,7,01,70,2640.0353784
5353664,1,1,1,10,1,1,6,1984,36,1,6,,2,3,,2,,1,2,,,,,,,,,,,1,,1,1,,,3,,,2,1,2,,3,5,,,2,5,01,70,1810.2223796
5353664,1,2,1,10,2,2,2,1993,27,2,6,,2,2,,2,,1,1,,,,,,,,,,,1,,,1,,,3,,,2,1,2,,3,5,,,2,5,01,70,1810.2223796
5353664,1,3,1,10,2,2,7,2010,10,3,6,,6,1,1,1,2,,,,,,,,,,1,,,,,,1,,,3,,,2,1,1,1,3,3,,,2,3,01,70,1810.2223796
5353664,1,4,1,10,2,1,7,2013,7,3,6,,,1,1,1,2,,,,,,,,,,,,,,,,1,,,3,,,2,1,1,1,3,0,,,2,0,01,70,1810.2223796
5353665,1,1,1,10,1,1,12,1961,59,1,6,,4,3,,2,,,,,,,,,,,,,,1,,1,1,,,3,,,2,2,2,,1,0,,,2,0,01,70,1537.6430968
5353666,1,1,1,10,1,1,6,1944,76,1,6,,5,3,,3,,,,,,,,,,,,,,1,,1,1,,,3,,,2,2,2,,1,0,,,2,0,01,70,1537.6430968
5353667,1,1,1,10,1,1,10,1964,56,1,6,,4,2,,2,,,,,,,,,,,,,,1,,1,1,,,3,,,2,1,2,,3,5,,,2,5,01,70,1537.6430968
5353668,1,1,1,10,1,1,5,1977,43,1,6,,2,2,,2,,1,2,,,,,,,,,,,1,,1,1,,,3,,,2,1,2,,5,11,2,,2,11,01,70,1759.7980744
5353668,1,2,1,10,2,2,7,1983,37,2,6,,2,3,,2,,1,1,,,,,,,,,,,1,,,1,,,3,,,2,1,2,,4,7,,,2,7,01,70,1759.7980744
5353668,1,3,1,10,1,2,1,2008,13,3,6,,6,1,1,1,2,,,,,,,,,,1,,,,,,1,,,3,,,2,1,1,1,4,7,,,2,7,01,70,1759.7980744
5353668,1,4,1,10,2,1,12,2008,12,3,6,,6,1,1,1,2,,,,,,,,,,1,,,,,,1,,,3,,,2,1,1,1,4,6,,,2,6,01,70,1759.7980744
5353668,1,5,1,10,2,2,9,2010,10,3,6,,6,1,1,1,2,,,,,,,,,,1,,,,,,1,,,3,,,2,1,1,1,3,4,,,2,4,01,70,1759.7980744
5353669,1,1,1,10,1,1,7,1973,47,1,1,800_02,2,3,,2,,1,2,,,,,,,,,,,1,,1,1,,,3,,,2,2,2,,1,0,,,2,0,01,70,1513.8720774
5353669,1,2,1,10,2,2,4,1976,44,2,1,800_02,2,3,,2,,1,1,,,,,,,,,,,1,,,1,,,3,,,2,2,2,,1,0,,,2,0,01,70,1513.8720774
5353669,1,3,1,10,3,2,10,1999,21,3,1,800_02,6,1,1,1,2,,,,,,,,,1,,,,,,,1,,,3,,,2,1,2,,5,11,2,,2,11,01,70,1513.8720774
5353669,1,4,1,10,4,2,8,1995,25,3,1,800_02,4,1,1,1,2,,,,,,,,,1,,,,,,,1,,,3,,,2,1,2,,6,1,3,,2,12,01,70,1513.8720774
5353669,1,5,1,10,4,1,8,2016,4,4,1,800_02,,2,,1,4,,,,,,,,,,,,,,,,1,,,3,,,2,2,2,,1,0,,,2,0,01,70,1513.8720774
5353669,1,6,1,10,6,2,3,1998,22,3,1,800_02,2,1,1,1,2,1,7,,,,,,,,,,,1,,,1,,,3,,,2,1,2,,5,11,2,,2,11,01,70,1513.8720774
5353669,1,7,1,10,7,1,5,1987,33,5,1,800_02,2,2,,2,,1,6,,,,,,,,,,,1,,,2,2,,,,,2,1,2,,3,3,,,2,3,01,70,1513.8720774
5353669,1,8,1,10,6,2,4,2020,0,4,1,800_02,,1,7,1,6,,,,,,,,,,,,,,,,1,,,3,,,2,,,,,,,,2,,01,70,1513.8720774
5353670,1,1,1,10,1,2,12,1949,71,1,1,800_02,5,3,,3,,,,,,,,,,,,,,1,,2,1,,,3,,,2,1,2,,3,3,,,2,3,01,70,1014.9921451
5353670,1,2,1,10,2,1,4,1987,33,3,1,800_02,3,3,,1,1,1,3,,,,,,,,,,,1,,,1,,,3,,,2,1,2,,5,11,2,,2,11,01,70,1014.9921451
5353670,1,3,1,10,3,2,7,1986,34,5,1,800_02,3,3,,2,,1,2,,,,,,,,,,,1,,,1,,,3,,,2,1,2,,5,11,2,,2,11,01,70,1014.9921451
5353671,1,1,1,10,1,2,2,1947,73,1,1,800_02,5,3,,3,,,,,,,,,,,,,,1,,1,1,,,3,,,2,1,2,,3,3,,,2,3,01,70,1689.7002482
5353671,1,2,1,10,2,1,12,1975,45,3,1,800_02,6,3,,1,1,,,,,,,,,,,,,1,,,1,,,3,,,2,1,2,,3,3,,,2,3,01,70,1689.7002482
5353671,1,3,1,10,3,2,8,1993,27,3,1,800_02,2,3,,1,1,1,4,,,,,,,,,,,1,,,1,,,3,,,2,1,2,,5,11,2,,2,11,01,70,1689.7002482
5353671,1,4,1,10,4,1,3,1988,32,5,1,800_02,2,2,,2,,1,3,,,,,,,,,,,1,,,1,,,3,,,2,1,2,,3,2,,,2,2,01,70,1689.7002482
5353671,1,5,1,10,3,2,2,2015,5,4,1,800_02,,1,4,1,3,,,,,,,,,,,,,,,,1,,,3,,,2,2,1,1,2,1,,,2,0,01,70,1689.7002482
5353671,1,6,1,10,3,2,10,2017,3,4,1,800_02,,1,4,1,3,,,,,,,,,,,,,,,,1,,,3,,,2,2,2,,1,0,,,2,0,01,70,1689.7002482
5353671,1,7,1,10,3,2,2,2020,0,4,1,800_02,,1,4,1,3,,,,,,,,,,,,,,,,1,,,3,,,2,,,,,,,,2,,01,70,1689.7002482
5353672,1,1,1,10,1,2,11,1987,33,1,1,800_02,2,2,,2,,2,,1,,,,,,,,,,,,1,1,,,3,,,2,1,2,,3,3,,,2,3,01,70,1423.2508558
5353672,1,2,1,10,2,2,5,2006,14,3,1,800_02,6,2,,1,1,,,,,,,,,,1,,,,,,1,,,3,,,2,1,1,1,4,8,,,2,8,01,70,1423.2508558
5353672,1,3,1,10,1,1,4,2018,2,3,1,800_02,,2,,1,1,,,,,,,,,,,,,,,,1,,,3,,,2,,,,,,,,2,,01,70,1423.2508558
5353673,1,1,1,10,1,2,10,1947,73,1,1,800_02,4,3,,3,,,,,,,,,,,,,,1,,1,1,,,3,,,2,2,2,,1,0,,,2,0,01,70,1141.8224504
5353674,1,1,1,10,1,1,5,1941,79,1,1,800_02,2,3,,3,,1,2,,,,,,,,,,,1,,1,1,,,3,,,2,1,2,,3,3,,,2,3,01,70,848.27342832
5353674,1,2,1,10,2,2,7,1957,63,2,1,800_02,2,3,,3,,1,1,,,,,,,,,,,1,,,1,,,3,,,2,2,2,,1,0,,,2,0,01,70,848.27342832
5353674,1,3,1,10,3,2,10,2003,17,4,1,800_02,6,2,,2,,,,,,,,,,,,,,1,,,1,,,3,,,2,1,2,,5,11,2,,2,11,01,70,848.27342832
5353675,1,1,1,10,1,1,10,1983,37,1,1,800_02,2,2,,2,,1,2,,,,,,,,,,,1,,1,1,,,3,,,2,1,2,,3,5,,,2,5,01,70,1989.4051418
5353675,1,2,1,10,2,2,10,1984,36,2,1,800_02,2,2,,2,,1,1,,,,,,,,,,,1,,,1,,,3,,,2,1,2,,4,7,,,2,7,01,70,1989.4051418
5353675,1,3,1,10,2,1,9,2006,14,3,1,800_02,6,1,1,1,2,,,,,,,,,,1,,,,,,1,,,3,,,2,1,1,1,4,8,,,2,8,01,70,1989.4051418
5353675,1,4,1,10,2,1,11,2009,11,3,1,800_02,6,1,1,1,2,,,,,,,,,,1,,,,,,1,,,3,,,2,1,1,1,4,0,,,2,5,01,70,1989.4051418
5353675,1,5,1,10,2,1,8,2012,8,3,1,800_02,,1,1,1,2,,,,,,,,,,,,,,,,1,,,3,,,2,1,1,1,3,3,,,2,3,01,70,1989.4051418
5353676,1,1,1,10,1,1,8,1986,34,1,1,800_02,2,2,,2,,1,2,,,,,,,,,,,1,,2,1,,,3,,,2,1,2,,5,11,2,,2,11,01,70,1571.1210506
5353676,1,2,1,10,2,2,12,1991,29,2,1,800_02,2,2,,2,,1,1,,,,,,,,,,,1,,,1,,,3,,,2,1,2,,5,11,2,,2,11,01,70,1571.1210506
5353676,1,3,1,10,2,1,7,2016,4,3,1,800_02,,1,1,1,2,,,,,,,,,,,,,,,,1,,,3,,,2,2,2,,1,0,,,2,0,01,70,1571.1210506
5354516,1,1,1,10,1,2,12,1941,79,1,6,,5,3,,3,,,,,,,,,,,,,,1,,1,1,,,1,3,110000,2,1,2,,3,5,,,2,5,01,20,1005.5467723
5354516,1,2,1,10,2,1,10,1970,50,3,6,,4,3,,1,1,,,,,,,,,,,,,1,,,1,,,3,,,2,1,2,,5,11,2,,2,11,01,20,1005.5467723
5354517,1,1,1,10,1,1,11,1976,44,1,6,,2,2,,2,,1,2,,,,1,,,,,1,,,,1,1,,,3,,,2,1,2,,3,3,,,2,3,01,20,1467.6873567
5354517,1,2,1,10,2,2,11,1977,43,2,6,,2,3,,2,,1,1,,,,,,,,,1,,,,,1,,,1,1,98,2,1,2,,6,2,3,,2,13,01,20,1467.6873567
5354517,1,3,1,10,3,1,4,2000,20,3,6,,6,1,1,1,2,,,,,,,,,,1,,,,,,1,,,3,,,2,1,1,1,6,0,2,2,2,11,01,20,1467.6873567
5354517,1,4,1,10,2,2,9,2013,7,3,6,,,1,1,1,2,,,,,,,,,,,,,,,,1,,,3,,,2,1,1,1,3,2,,,2,2,01,20,1467.6873567
5354518,1,1,1,10,1,1,11,1980,40,1,6,,2,3,,2,,1,2,,,1,,,,,,,,,,1,1,,,3,,,2,1,2,,4,8,,,2,8,01,20,1417.102125
5354518,1,2,1,10,2,2,4,1996,24,2,6,,2,2,,2,,1,1,,,,,,,,,,,1,,,1,,,3,,,2,1,2,,5,11,2,,2,11,01,20,1417.102125
5354518,1,3,1,10,2,2,12,2017,3,3,6,,,1,1,1,2,,,,,,,,,,,,,,,,1,,,3,,,2,2,2,,1,0,,,2,0,01,20,1417.102125
5354519,1,1,1,10,1,1,3,1977,43,1,6,,2,3,,3,,1,2,,1,1,,,,1,,,,,,1,1,,,3,,,2,1,2,,3,5,,,2,5,01,20,1132.0041635
5354519,1,2,1,10,2,2,1,1982,39,2,6,,2,2,,2,,1,1,,1,,,,,,,,,,,,1,,,3,,,2,1,2,,3,5,,,2,5,01,20,1132.0041635
5354519,1,3,1,10,2,2,12,2003,17,3,6,,6,1,1,1,2,,,,,,,,,,1,,,,,,1,,,3,,,2,1,1,1,5,10,1,,2,10,01,20,1132.0041635
5354519,1,4,1,10,2,2,8,2006,14,3,6,,6,1,1,1,2,,,,,,,,,,1,,,,,,1,,,3,,,2,1,1,1,4,8,,,2,8,01,20,1132.0041635
5354519,1,5,1,10,2,2,10,2010,10,3,6,,6,1,1,1,2,,,,,,,,,,1,,,,,,1,,,3,,,2,1,1,1,3,3,,,2,3,01,20,1132.0041635
5354519,1,6,1,10,2,1,12,2017,3,3,6,,,1,1,1,2,,,,,,,,,,,,,,,,1,,,3,,,2,2,2,,1,0,,,2,0,01,20,1132.0041635
5354520,1,1,1,10,1,1,7,1996,24,1,6,,2,2,,2,,1,2,,,,1,,,,,,,,,1,1,,,3,,,2,1,2,,5,11,2,,2,11,01,20,1511.8990864
5354520,1,2,1,10,2,2,12,2001,19,2,6,,2,2,,2,,1,1,,,,,,,,,1,,,,,1,,,3,,,2,1,2,,5,11,2,,2,11,01,20,1511.8990864
5354520,1,3,1,10,2,1,12,2018,2,3,6,,,1,1,1,2,,,,,,,,,,,,,,,,1,,,3,,,2,,,,,,,,2,,01,20,1511.8990864
5354521,1,1,1,10,1,1,1,1974,46,1,6,,2,2,,3,,1,2,,,,,,,,,,,1,,1,1,,,3,,,2,1,2,,3,3,,,2,3,01,20,1243.9865027
5354521,1,2,1,10,2,2,5,1981,39,2,6,,2,3,,3,,1,1,,,,,,,,,,,1,,,1,,,3,,,2,1,2,,4,7,,,2,7,01,20,1243.9865027
5354521,1,3,1,10,2,2,1,2004,16,3,6,,6,2,,1,2,,,,,,,,,,1,,,,,,9,,,,,,2,1,1,1,6,0,2,2,2,11,01,20,1243.9865027
5354521,1,4,1,10,2,2,11,2019,1,3,6,,,1,1,1,2,,,,,,,,,,,,,,,,9,,,,,,2,,,,,,,,2,,01,20,1243.9865027
5354522,1,1,1,10,1,2,10,1983,37,1,5,,2,2,,2,,1,2,,,,,,,,,,,1,,1,1,,,3,,,2,1,2,,5,11,2,,2,11,01,20,1191.810477
5354522,1,2,1,10,2,1,1,1984,37,2,5,,2,2,,2,,1,1,,,,,,,,,,,1,,,1,,,3,,,2,1,2,,5,11,2,,2,11,01,20,1191.810477
5354522,1,3,1,10,3,2,4,2005,15,3,6,,6,1,2,1,1,,,,,,,,,,1,,,,,,1,,,3,,,2,1,1,1,5,10,1,,2,10,01,20,1191.810477
5354522,1,4,1,10,1,2,8,2008,12,3,6,,6,1,2,1,1,,,,,,,,,,1,,,,,,1,,,3,,,2,1,1,1,4,6,,,2,6,01,20,1191.810477
5354522,1,5,1,10,1,2,6,2015,5,3,6,,,1,2,1,1,,,,,,,,,,,,,,,,1,,,3,,,2,2,2,,1,0,,,2,0,01,20,1191.810477
5354523,1,1,1,10,1,1,9,1960,60,1,6,,3,3,,3,,1,2,,,,,,,,,1,,,,1,1,,,3,,,2,1,2,,1,0,,,2,0,01,20,889.96566935
5354523,1,2,1,10,2,2,12,1962,58,2,6,,3,3,,3,,1,1,,,,,,,,,1,,,,,1,,,1,5,,2,1,2,,3,5,,,2,5,01,20,889.96566935
5354523,1,3,1,10,3,2,4,1992,28,3,6,,4,1,1,1,2,,,,,,,,,,,,,1,,,1,,,3,,,2,1,2,,6,2,3,,2,13,01,20,889.96566935
5354523,1,4,1,10,3,2,8,2011,9,4,6,,,2,,1,3,,,,,,,,,,,,,,,,1,,,3,,,2,1,1,2,3,3,,,2,3,01,20,889.96566935
5354523,1,5,1,10,3,1,1,2015,6,4,6,,,2,,1,3,,,,,,,,,,,,,,,,1,,,3,,,2,2,1,2,3,0,,,2,0,01,20,889.96566935
5354524,1,1,1,10,1,1,4,1986,34,1,6,,3,3,,2,,1,2,,,1,,,,1,,,,,,1,1,,,3,,,2,1,2,,3,5,,,2,5,01,20,1288.5322405
5354524,1,2,1,10,2,2,1,1993,28,2,6,,3,2,,2,,1,1,,1,,,,,,,,,,,,1,,,3,,,2,1,2,,5,10,1,,2,10,01,20,1288.5322405
5354524,1,3,1,10,2,1,5,2016,4,3,6,,,2,,1,2,,,,,,,,,,,,,,,,1,,,3,,,2,2,2,,1,0,,,2,0,01,20,1288.5322405
5354525,1,1,1,10,1,1,1,1971,50,1,6,,2,3,,3,,1,2,,,,,,,,,,,1,,1,1,,,3,,,2,1,2,,3,4,,,2,4,01,20,1203.8419315
5354525,1,2,1,10,2,2,4,1968,52,2,6,,2,3,,2,,1,1,,,,,,,,,,,1,,,1,,,3,,,2,2,2,,1,0,,,2,0,01,20,1203.8419315
5354525,1,3,1,10,3,1,2,1992,28,3,6,,4,1,1,2,,,,,,,,,,,,,,1,,,1,,,3,,,2,1,2,,4,6,,,2,6,01,20,1203.8419315
5354526,1,1,1,10,1,1,9,1952,68,1,6,,6,3,,3,,,,,,,,,,,,,,1,,1,1,,,3,,,2,2,2,,1,0,,,2,0,01,20,1050.1884301
5354527,1,1,1,10,1,1,6,1966,54,1,6,,3,3,,3,,1,2,,,,,,,,,,,1,,1,1,,,3,,,2,1,2,,3,5,,,2,5,01,20,1254.0931551
5354527,1,2,1,10,2,2,8,1973,47,2,6,,3,2,,2,,1,1,,,,,,,,,,,1,,,1,,,3,,,2,1,2,,3,3,,,2,3,01,20,1254.0931551
5354527,1,3,1,10,3,2,10,1999,21,3,6,,6,1,1,1,2,,,,,,,,,1,,,,,,,1,,,3,,,2,1,2,,5,11,2,,2,11,01,20,1254.0931551
5354527,1,4,1,10,4,1,7,2005,15,3,6,,6,1,1,1,2,,,,,,,,,,1,,,,,,1,,,3,,,2,1,1,1,4,9,,,2,9,01,20,1254.0931551
5354528,1,1,1,10,1,2,5,1964,56,1,5,,2,2,,2,,1,2,,,,,,,,,1,,,,1,1,,,1,5,,2,1,2,,5,11,2,,2,11,01,20,695.69920199
5354528,1,2,1,10,2,1,6,1958,62,2,6,,2,3,,2,,1,1,,,,1,,,,,1,,,,,1,,,1,1,98,2,1,2,,6,2,3,,2,13,01,20,695.69920199
5354528,1,3,1,10,1,2,9,2005,15,5,6,,6,3,,2,,,,,,,,,,,1,,,,,,2,1,24,,,,1,1,1,1,4,6,,,2,6,01,20,695.69920199
5354529,1,1,1,10,1,1,9,1969,51,1,6,,3,2,,2,,1,2,,1,1,,,,,,,,,,1,1,,,3,,,2,1,2,,5,11,2,,2,11,01,20,1449.9504164
5354529,1,2,1,10,2,2,4,1970,50,2,6,,3,3,,2,,1,1,,1,,,,,,,,,,,,1,,,3,,,2,1,2,,5,11,2,,2,11,01,20,1449.9504164
5354529,1,3,1,10,2,2,7,2011,9,3,6,,,1,1,1,2,,,,,,,,,,,,,,,,1,,,3,,,2,1,1,1,3,2,,,2,2,01,20,1449.9504164
5354529,1,4,1,10,2,1,4,2019,1,4,6,,,2,,2,,,,,,,,,,,,,,,,,1,,,3,,,2,,,,,,,,2,,01,20,1449.9504164
5354530,1,1,1,10,1,1,6,1968,52,1,6,,2,2,,3,,1,2,,1,,,,,,,,,,,1,1,,,3,,,2,1,2,,3,3,,,2,3,01,20,1260.9080561
5354530,1,2,1,10,2,2,10,1966,54,2,6,,2,2,,2,,1,1,,1,,,,,,,,,,,,1,,,3,,,2,1,2,,3,5,,,2,5,01,20,1260.9080561
5354530,1,3,1,10,3,2,10,2003,17,3,6,,6,1,1,1,2,,,,1,,,,,,,,,,,,1,,,3,,,2,1,2,,5,11,2,,2,11,01,20,1260.9080561
5354530,1,4,1,10,4,1,3,1994,26,3,6,,2,1,1,1,2,1,5,,1,,,,,,,,,,,,1,,,3,,,2,1,2,,4,8,,,2,8,01,20,1260.9080561
5354530,1,5,1,10,5,2,10,2001,19,5,6,,2,2,,2,,1,4,,1,,,,,,,,,,,,1,,,3,,,2,1,2,,5,10,1,,2,10,01,20,1260.9080561
5354530,1,6,1,10,5,2,8,2018,2,4,6,,,1,4,1,5,,,,,,,,,,,,,,,,1,,,3,,,2,,,,,,,,2,,01,20,1260.9080561
5354531,1,1,1,10,1,2,6,1954,66,1,6,,4,3,,3,,,,,,,,,,,,,,1,,2,1,,,1,5,,2,1,2,,3,1,,,2,1,01,20,1022.4683257
5354531,1,2,1,10,2,1,4,1990,30,3,6,,6,2,,1,1,,,,,,,,,,,,,1,,,1,,,3,,,2,1,2,,6,5,4,,2,16,01,20,1022.4683257
5354531,1,3,1,10,3,1,5,1986,34,3,6,,3,2,,1,1,1,4,,,,,,,,,,,1,,,1,,,3,,,2,1,2,,4,6,,,2,6,01,20,1022.4683257
5354531,1,4,1,10,4,2,3,2003,17,5,6,,3,2,,2,,1,3,,,,,,,,,,,1,,,2,9,,,,,2,1,2,,5,11,2,,2,11,01,20,1022.4683257
5354532,1,1,1,10,1,2,10,1948,72,1,6,,4,3,,3,,,,,,,,,,,,,,1,,1,1,,,3,,,2,2,2,,1,0,,,2,0,01,20,658.98151949
5354532,1,2,1,10,2,2,12,1986,34,3,6,,4,2,,1,1,,,,,,,,,,,,,1,,,1,,,3,,,2,1,2,,4,7,,,2,7,01,20,658.98151949
5354532,1,3,1,10,3,2,12,2005,15,4,6,,6,2,,2,,,,,,,,,,,,,,1,,,1,,,3,,,2,1,2,,3,5,,,2,5,01,20,658.98151949
5354532,1,4,1,10,1,2,3,1997,23,5,6,,6,2,,2,,,,,,,,,,,,,,1,,,2,2,,,,,2,2,2,,1,0,,,2,0,01,20,658.98151949
5354533,1,1,1,10,1,1,10,2000,20,1,6,,2,2,,2,,1,2,,,,,,,,,,,1,,1,1,,,3,,,2,1,2,,4,6,,,2,6,01,20,1511.8990864
5354533,1,2,1,10,2,2,7,2001,19,2,6,,2,2,,2,,1,1,,,,,,,,,,,1,,,1,,,3,,,2,1,2,,5,10,1,,2,10,01,20,1511.8990864
5354533,1,3,1,10,2,1,7,2018,2,3,6,,,1,1,1,2,,,,,,,,,,,,,,,,1,,,3,,,2,,,,,,,,2,,01,20,1511.8990864
5354534,1,1,1,10,1,2,3,1990,30,1,6,,2,3,,3,,1,2,,,,,,,,,,,1,,1,1,,,3,,,2,2,2,,1,0,,,2,0,01,20,877.07280773
5354534,1,2,1,10,2,1,8,1952,68,2,6,,2,3,,3,,1,1,,,,,,,,,,,1,,,1,,,3,,,2,2,2,,1,0,,,2,0,01,20,877.07280773
5354535,1,1,1,10,1,1,1,1996,25,1,6,,2,2,,2,,1,2,,1,,,,,,,,,,,2,1,,,3,,,2,1,2,,5,10,1,,2,10,01,20,1570.8900131
5354535,1,2,1,10,2,2,5,1998,22,2,6,,2,2,,2,,1,1,,1,,,,,,,,,,,,1,,,3,,,2,1,2,,5,11,2,,2,11,01,20,1570.8900131
5354535,1,3,1,10,2,1,10,2016,4,3,6,,,1,1,1,2,,,,,,,,,,,,,,,,1,,,3,,,2,2,2,,1,0,,,2,0,01,20,1570.8900131
5354535,1,4,1,10,2,2,3,2020,0,3,6,,,1,1,1,2,,,,,,,,,,,,,,,,1,,,3,,,2,,,,,,,,2,,01,20,1570.8900131
5354536,1,1,1,10,1,1,9,1948,72,1,6,,2,3,,3,,1,2,,,,,,,,,,,1,,1,1,,,3,,,2,2,2,,1,0,,,2,0,01,20,1090.9248844
5354536,1,2,1,10,2,2,8,1961,59,2,6,,2,2,,2,,1,1,,,,,,,,,,,1,,,1,,,3,,,2,2,2,,1,0,,,2,0,01,20,1090.9248844
5354536,1,3,1,10,3,1,2,2002,18,3,6,,6,1,1,1,2,,,,,,,,,,,,,1,,,1,,,3,,,2,2,2,,1,0,,,2,0,01,20,1090.9248844
5354536,1,4,1,10,4,1,4,2007,13,3,6,,6,1,1,1,2,,,,,,,,,,1,,,,,,1,,,3,,,2,1,1,1,3,3,,,2,3,01,20,1090.9248844
5354537,1,1,1,10,1,1,8,1975,45,1,6,,3,2,,2,,1,2,,,,,,,,,,,1,,2,1,,,3,,,2,1,2,,3,3,,,2,3,01,20,1191.810477
5354537,1,2,1,10,2,2,6,1981,39,2,6,,3,3,,2,,1,1,,,,,,,,,,,1,,,1,,,3,,,2,1,2,,4,9,,,2,9,01,20,1191.810477
5354537,1,3,1,10,3,2,2,2003,17,3,6,,6,1,1,1,2,,,,,,,,,,,,,1,,,1,,,3,,,2,1,2,,5,11,2,,2,11,01,20,1191.810477
5354537,1,4,1,10,2,2,3,2005,15,3,6,,6,1,1,1,2,,,,,,,,,,1,,,,,,1,,,3,,,2,1,1,1,4,9,,,2,9,01,20,1191.810477
5354537,1,5,1,10,2,2,8,2014,6,3,6,,,1,1,1,2,,,,,,,,,,,,,,,,1,,,3,,,2,1,1,1,3,1,,,2,1,01,20,1191.810477
5354538,1,1,1,10,1,1,2,1997,23,1,6,,6,2,,2,,,,,,,,,,,,,,1,,1,1,,,3,,,2,1,2,,3,5,,,2,5,01,20,1410.287224
5354539,1,1,1,10,1,1,12,1977,43,1,6,,2,3,,3,,1,2,,1,,,,,1,,,,,,1,1,,,3,,,2,1,2,,3,3,,,2,3,01,20,1893.726365
5354539,1,2,1,10,2,2,8,1996,24,2,6,,2,2,,2,,1,1,,1,,,,,,,,,,,,1,,,3,,,2,1,2,,4,9,,,2,9,01,20,1893.726365
5354539,1,3,1,10,2,1,11,2012,8,3,6,,,2,,1,2,,,,,,,,,,,,,,,,1,,,3,,,2,1,1,1,3,1,,,2,1,01,20,1893.726365
5354539,1,4,1,10,2,2,9,2014,6,3,6,,,2,,1,2,,,,,,,,,,,,,,,,1,,,3,,,2,2,1,1,3,0,,,2,0,01,20,1893.726365
5354539,1,5,1,10,2,2,12,2016,4,3,6,,,2,,1,2,,,,,,,,,,,,,,,,1,,,3,,,2,2,2,,1,0,,,2,0,01,20,1893.726365
5354539,1,6,1,10,2,2,10,2019,1,3,6,,,1,1,1,2,,,,,,,,,,,,,,,,1,,,3,,,2,,,,,,,,2,,01,20,1893.726365
5354540,1,1,1,10,1,2,4,1949,71,1,6,,3,3,,2,,1,2,,,,,,,,,1,,,,2,1,,,3,,,2,2,2,,1,0,,,2,0,01,20,747.87522764
5354540,1,2,1,10,2,1,12,1949,71,2,6,,3,3,,3,,1,1,,,,,,,,,,,1,,,1,,,3,,,2,2,2,,1,0,,,2,0,01,20,747.87522764
5354541,1,1,1,10,1,1,5,1995,25,1,6,,2,3,,2,,1,2,,,,,,,,,1,,,,1,2,1,24,,,,2,1,2,,3,2,,,2,2,01,20,1417.102125
5354541,1,2,1,10,2,2,9,2002,18,2,6,,2,2,,2,,1,1,,,,,,,,,,,1,,,2,1,24,,,,2,1,2,,4,6,,,2,6,01,20,1417.102125
5354541,1,3,1,10,2,2,6,2018,2,3,6,,,1,1,1,2,,,,,,,,,,,,,,,,2,2,,,,,1,,,,,,,,2,,01,20,1417.102125
5354542,1,1,1,10,1,1,5,1990,30,1,6,,3,3,,2,,1,2,,,,,,,,,1,,,,2,1,,,3,,,2,1,2,,3,5,,,2,5,01,20,1629.1055326
5354542,1,2,1,10,2,2,5,1990,30,2,6,,3,3,,2,,1,1,,,,,,,,,1,,,,,1,,,3,,,2,1,2,,3,5,,,2,5,01,20,1629.1055326
5354542,1,3,1,10,2,1,12,2005,15,3,6,,6,2,,1,2,,,,,,,,,,1,,,,,,1,,,3,,,2,1,1,1,4,0,,,2,5,01,20,1629.1055326
5354542,1,4,1,10,2,2,10,2012,8,3,6,,,1,1,1,2,,,,,,,,,,,,,,,,1,,,3,,,2,1,1,1,3,1,,,2,1,01,20,1629.1055326
5354542,1,5,1,10,2,2,7,2016,4,3,6,,,1,1,1,2,,,,,,,,,,,,,,,,1,,,3,,,2,2,2,,1,0,,,2,0,01,20,1629.1055326
5354543,1,1,1,10,1,2,5,1953,67,1,6,,5,3,,2,,,,,,,,,,,,,,1,,1,1,,,3,,,2,2,2,,1,0,,,2,0,01,20,941.67330021
5354543,1,2,1,10,2,2,4,1981,39,3,6,,2,3,,1,1,1,3,,,,,,,,,,,1,,,2,1,12,,,,2,1,2,,3,3,,,2,3,01,20,941.67330021
5354543,1,3,1,10,3,1,11,1967,53,5,6,,2,3,,3,,1,2,,,,1,,,,,,,,,,2,1,12,,,,2,1,2,,3,4,,,2,4,01,20,941.67330021
5354543,1,4,1,10,4,2,2,2000,20,4,6,,4,1,3,1,2,,,,,,,,,,,,,1,,,1,,,3,,,2,1,2,,4,6,,,2,6,01,20,941.67330021
5354543,1,5,1,10,4,2,7,2019,1,5,6,,,2,,1,4,,,,,,,,,,,,,,,,1,,,3,,,2,,,,,,,,2,,01,20,941.67330021
5354544,1,1,1,10,1,2,10,1940,80,1,6,,5,3,,3,,,,,,,,,,,,,,1,,1,1,,,3,,,2,1,2,,3,3,,,2,3,01,20,936.44919316
5354545,1,1,1,10,1,2,12,1935,85,1,6,,5,3,,3,,,,,,,,,,,,,,1,,1,1,,,3,,,2,1,2,,1,0,,,2,0,01,20,1005.5467723
5354545,1,2,1,10,2,1,12,1990,30,4,6,,6,2,,2,,,,,,,,,,1,,,,,,,2,1,10,,,,2,1,2,,5,11,2,,2,11,01,20,1005.5467723
5354546,1,1,1,10,1,1,2,1981,39,1,6,,2,2,,2,,1,2,,1,1,1,,,,,1,,,,1,1,,,3,,,2,1,2,,4,8,,,2,8,01,20,986.09145436
5354546,1,2,1,10,2,2,6,1980,40,2,6,,2,2,,2,,1,1,,,,,,,,,,,1,,,1,,,3,,,2,1,2,,3,5,,,2,5,01,20,986.09145436
5354546,1,3,1,10,1,2,6,2009,11,3,5,,6,1,1,1,2,,,,,,,,,,1,,,,,,1,,,3,,,2,1,1,1,4,0,,,2,5,01,20,986.09145436
5354546,1,4,1,10,1,1,4,2013,7,3,6,,,1,1,1,2,,,,,,,,,,,,,,,,1,,,3,,,2,1,1,1,3,2,,,2,2,01,20,986.09145436
5354546,2,1,2,10,1,2,11,1946,74,1,6,,2,3,,3,,1,2,,,,,,,,,1,,,,1,1,,,3,,,2,1,2,,3,2,,,2,2,01,20,986.09145436
5354546,2,2,2,10,2,1,9,1953,67,2,6,,2,3,,3,,1,1,,,,,,,,,1,,,,,1,,,3,,,2,1,2,,3,2,,,2,2,01,20,986.09145436
5354546,2,3,2,10,3,1,5,1973,47,3,6,,4,1,2,1,1,,,,,,,,,,,,,1,,,2,1,56,,,,2,1,2,,3,5,,,2,5,01,20,986.09145436
5354546,2,4,2,10,1,1,6,2003,17,4,6,,6,2,,2,,,,,,,,,,,,,,1,,,1,,,3,,,2,1,2,,5,11,2,,2,11,01,20,986.09145436
5354547,1,1,1,10,1,1,11,1935,85,1,6,,5,3,,3,,,,,,,,,,,,,,1,,1,1,,,3,,,2,1,2,,3,4,,,2,4,01,20,1050.1884301
5354549,1,1,1,10,1,1,1,1964,56,1,6,,2,3,,2,,1,2,,1,1,1,,,,,,,,,2,1,,,3,,,2,1,2,,3,5,,,2,5,01,20,1107.5885628
5354549,1,2,1,10,2,2,7,1968,52,2,6,,2,3,,3,,1,1,,,,,,,,,,,1,,,1,,,3,,,2,1,2,,3,5,,,2,5,01,20,1107.5885628
5354549,1,3,1,10,3,1,9,1994,26,3,6,,6,1,1,1,2,,,,,,,,,,,,,1,,,1,,,3,,,2,1,2,,5,11,2,,2,11,01,20,1107.5885628
5354549,1,4,1,10,2,2,10,2018,2,4,6,,,2,,2,,,,,,,,,,,,,,,,,1,,,3,,,2,,,,,,,,2,,01,20,1107.5885628
5354551,1,1,1,10,1,1,3,1989,31,1,6,,1,2,,2,,1,2,,,,,,,,,,,1,,1,1,,,3,,,2,1,2,,3,4,,,2,4,01,20,1255.6839491
5354551,1,2,1,10,2,2,11,2005,15,2,6,,1,2,,2,,1,1,,,,,,,,1,,,,,,1,,,3,,,2,1,1,1,4,8,,,2,8,01,20,1255.6839491
5354553,1,1,1,10,1,1,3,1974,46,1,6,,3,2,,1,5,1,2,,,,,,,,,,,1,,1,2,1,17,,,,1,1,2,,4,8,,,2,8,01,20,951.77995264
5354553,1,2,1,10,2,2,3,1984,36,2,6,,3,2,,2,,1,1,,1,,,,,,,1,,,,,2,1,39,,,,1,1,2,,5,11,2,,2,11,01,20,951.77995264
5354553,1,3,1,10,2,2,6,2004,16,3,6,,6,1,1,1,2,,,,,,,,,,1,,,,,,2,1,30,,,,2,1,1,1,5,10,1,,2,10,01,20,951.77995264
5354553,1,4,1,10,2,1,6,2008,12,3,6,,6,1,1,1,2,,,,,,,,,,1,,,,,,2,1,30,,,,2,1,1,1,4,6,,,2,6,01,20,951.77995264
5354553,1,5,1,10,5,2,7,1948,72,5,6,,5,3,,3,,,,,,,,,,,,1,,,,,1,,,3,,,2,1,2,,3,3,,,2,3,01,20,951.77995264
5354555,1,1,1,10,2,2,12,1940,80,1,6,,5,3,,3,,,,,,,,,,,,,,1,,1,1,,,3,,,2,1,2,,3,3,,,2,3,01,20,619.3811978
5354555,1,2,1,10,2,1,7,1960,60,3,6,,4,2,,1,1,,,,,,,,,,,,,1,,,1,,,3,,,2,1,2,,3,4,,,2,4,01,20,619.3811978
5354555,1,3,1,10,3,2,11,1961,59,3,6,,4,3,,1,1,,,,,,,,,,,,,1,,,1,,,3,,,2,1,2,,3,4,,,2,4,01,20,619.3811978
5354559,1,1,1,10,1,1,2,1961,59,1,6,,2,3,,2,,1,2,,,,,,,,,,,1,,2,1,,,1,5,,2,1,2,,3,2,,,2,2,01,20,1048.5976361
5354559,1,2,1,10,2,2,10,1983,37,2,6,,2,2,,2,,1,1,,,,,,,,,,,1,,,1,,,1,3,99,2,1,2,,6,2,3,,2,13,01,20,1048.5976361
5354559,1,3,1,10,2,1,4,2007,13,3,6,,6,1,1,1,2,,,,,,,,,,1,,,,,,1,,,1,5,,2,1,1,2,4,8,,,2,8,01,20,1048.5976361
5354574,1,1,1,10,1,1,9,1979,41,1,6,,3,3,,3,,1,2,,1,1,,,,,,,,,,1,1,,,3,,,2,1,2,,4,7,,,2,7,01,20,1236.3562148
5354574,1,2,1,10,2,2,1,1985,36,2,6,,3,2,,2,,1,1,,1,,,,,,,,,,,,1,,,3,,,2,1,2,,3,5,,,2,5,01,20,1236.3562148
5354574,1,3,1,10,2,2,2,2007,13,3,6,,6,1,1,1,2,,,,,,,,,,1,,,,,,1,,,3,,,2,1,1,1,4,8,,,2,8,01,20,1236.3562148
5354574,1,4,1,10,2,1,10,2014,6,3,6,,,1,1,1,2,,,,,,,,,,,,,,,,1,,,3,,,2,1,1,1,3,1,,,2,1,01,20,1236.3562148
5354575,1,1,1,10,1,1,6,1973,47,1,6,,3,3,,3,,1,2,,,,,,,,,,,1,,1,1,,,3,,,2,1,2,,4,6,,,2,6,01,20,1527.2298459
5354575,1,2,1,10,2,2,11,1977,43,2,6,,3,2,,3,,1,1,,,,,,,,,,,1,,,1,,,3,,,2,1,2,,3,3,,,2,3,01,20,1527.2298459
5354575,1,3,1,10,3,1,4,2003,17,3,6,,6,1,1,1,2,,,,,,,,,,1,,,,,,1,,,3,,,2,1,1,1,4,9,,,2,9,01,20,1527.2298459
5354575,1,4,1,10,4,2,5,2004,16,3,6,,6,1,1,1,2,,,,,,,,,,1,,,,,,1,,,3,,,2,1,1,1,4,9,,,2,9,01,20,1527.2298459
5354575,1,5,1,10,5,2,5,2006,14,3,6,,6,1,1,1,2,,,,,,,,,,1,,,,,,1,,,3,,,2,1,1,1,4,7,,,2,7,01,20,1527.2298459
5354575,1,6,1,10,6,1,8,2007,13,3,6,,6,1,1,1,2,,,,,,,,,,1,,,,,,1,,,3,,,2,1,1,1,4,7,,,2,7,01,20,1527.2298459
5354575,1,7,1,10,2,1,9,2015,5,3,6,,,1,1,1,2,,,,,,,,,,,,,,,,1,,,3,,,2,2,2,,1,0,,,2,0,01,20,1527.2298459
5354576,1,1,1,10,1,1,1,2001,19,1,6,,1,2,,2,,1,2,,,1,,,,,,,,,,1,2,1,3,,,,2,1,2,,5,11,2,,2,11,01,20,1529.6360267
5354576,1,2,1,10,2,2,2,2004,16,2,6,,1,2,,2,,1,1,,,,,,,,1,,,,,,2,1,3,,,,2,1,1,1,4,8,,,2,8,01,20,1529.6360267
5354576,1,3,1,10,3,1,9,2003,17,5,6,,6,2,,2,,,,,,,,,,,1,,,,,,1,,,3,,,2,1,1,1,4,9,,,2,9,01,20,1529.6360267
5354578,1,1,1,10,1,1,10,1947,73,1,6,,3,3,,3,,1,2,,1,,1,,,,,,,,,1,1,,,3,,,2,1,2,,3,5,,,2,5,01,20,747.87522764
5354578,1,2,1,10,2,2,2,1950,70,2,6,,3,3,,3,,1,1,,1,,,,,,,,,,,,1,,,3,,,2,1,2,,3,2,,,2,2,01,20,747.87522764
5354579,1,1,1,10,1,1,12,1976,44,1,6,,6,2,,2,,,,,,,,,,,,,,1,,1,1,,,3,,,2,1,2,,3,5,,,2,5,01,20,1307.8599747
5354580,1,1,1,10,1,1,8,1959,61,1,6,,4,3,,3,,,,,,,,,,,,,,1,,1,1,,,3,,,2,2,2,,1,0,,,2,0,01,20,1050.1884301
5354581,1,1,1,10,1,2,12,1951,69,1,6,,3,3,,3,,1,2,,,,,,,,,,,1,,1,1,,,3,,,2,1,2,,3,4,,,2,4,01,20,747.87522764
5354581,1,2,1,10,2,1,12,1948,72,2,6,,3,3,,3,,1,1,,,,,,,,,,,1,,,1,,,3,,,2,2,2,,1,0,,,2,0,01,20,747.87522764
5354582,1,1,1,10,1,1,10,1957,63,1,6,,5,3,,3,,,,,,,,,,,,,,1,,1,1,,,3,,,2,1,2,,3,5,,,2,5,01,20,1290.8108376
5354582,1,2,1,10,2,1,9,1991,29,3,6,,6,1,1,3,,,,,,,,,,,,,,1,,,2,1,18,,,,2,1,2,,5,11,2,,2,11,01,20,1290.8108376
5354582,1,3,1,10,3,1,2,2000,20,3,6,,6,1,1,3,,,,,,,,,,1,,,,,,,2,1,10,,,,2,1,2,,5,11,2,,2,11,01,20,1290.8108376
5354583,1,1,1,10,1,1,1,1968,53,1,6,,2,2,,3,,1,2,,1,1,1,,,,,,,,,1,1,,,3,,,2,2,2,,1,0,,,2,0,01,20,1440.7293346
5354583,1,2,1,10,2,2,6,1966,54,2,6,,2,2,,2,,1,1,,1,,,,,,,,,,,,1,,,3,,,2,1,2,,3,2,,,2,2,01,20,1440.7293346
5354583,1,3,1,10,3,1,4,2000,20,3,6,,6,1,1,1,2,,,,1,,,,,,,,,,,,1,,,3,,,2,2,2,,1,0,,,2,0,01,20,1440.7293346
5354583,1,4,1,10,4,2,11,1994,26,3,6,,4,1,1,1,2,,,,1,,,,,,,,,,,,1,,,3,,,2,1,2,,5,11,2,,2,11,01,20,1440.7293346
5354583,1,5,1,10,4,1,9,2017,3,4,6,,,2,,1,4,,,,,,,,,,,,,,,,1,,,3,,,2,2,2,,1,0,,,2,0,01,20,1440.7293346
5354583,1,6,1,10,4,1,1,2021,0,4,6,,,2,,1,4,,,,,,,,,,,,,,,,2,2,,,,,2,,,,,,,,2,,01,20,1440.7293346
5354584,1,1,1,10,1,1,8,1942,78,1,6,,2,3,,3,,1,2,,,,,,,,,,,1,,1,1,,,3,,,2,2,2,,1,0,,,2,0,01,20,889.96566935
5354584,1,2,1,10,2,2,4,1946,74,2,6,,2,3,,3,,1,1,,,,,,,,,,,1,,,1,,,3,,,2,1,2,,3,3,,,2,3,01,20,889.96566935
5354584,1,3,1,10,3,2,9,1992,28,3,6,,4,1,1,1,2,,,,,,,,,1,,,,,,,1,,,3,,,2,1,2,,4,6,,,2,6,01,20,889.96566935
5354584,1,4,1,10,3,2,5,2015,5,4,6,,,2,,1,3,,,,,,,,,,,,,,,,1,,,3,,,2,2,1,1,2,1,,,2,0,01,20,889.96566935
5354584,1,5,1,10,3,1,6,2019,1,4,6,,,2,,1,3,,,,,,,,,,,,,,,,1,,,3,,,2,,,,,,,,2,,01,20,889.96566935
5354585,1,1,1,10,1,1,8,1966,54,1,6,,3,3,,3,,2,,,,,1,,,,,,,,,1,1,,,3,,,2,1,2,,5,11,2,,2,11,01,20,1307.8599747
5354586,1,1,1,10,1,1,7,1951,69,1,6,,4,2,,2,,,,,,,,,,,,1,,,,1,1,,,3,,,2,1,2,,3,2,,,2,2,01,20,1050.1884301
5354587,1,1,1,10,1,1,5,1973,47,1,6,,3,2,,2,,1,2,,1,1,1,,,,,,,,,1,1,,,1,4,,2,1,2,,5,11,2,,2,11,01,20,1397.7743908
5354587,1,2,1,10,2,2,10,1990,30,2,6,,3,2,,2,,1,1,,1,,,,,,,,,,,,1,,,3,,,2,1,2,,5,11,2,,2,11,01,20,1397.7743908
5354587,1,3,1,10,1,2,9,2010,10,3,6,,6,1,1,1,2,,,,,,,,,,1,,,,,,1,,,3,,,2,1,1,1,3,3,,,2,3,01,20,1397.7743908
5354587,1,4,1,10,1,1,11,2012,8,3,6,,,1,1,1,2,,,,,,,,,,,,,,,,1,,,3,,,2,1,1,1,3,2,,,2,2,01,20,1397.7743908
5354587,1,5,1,10,1,2,6,2016,4,3,6,,,1,1,1,2,,,,,,,,,,,,,,,,1,,,3,,,2,2,2,,1,0,,,2,0,01,20,1397.7743908
5354588,1,1,1,10,1,2,10,1967,53,1,6,,2,2,,2,,1,2,,,,,,,,,,,1,,1,1,,,3,,,2,1,2,,3,4,,,2,4,01,20,944.24558479
5354588,1,2,1,10,2,1,1,1962,59,2,6,,2,3,,2,,1,1,,,,,,,,,,,1,,,1,,,3,,,2,2,2,,1,0,,,2,0,01,20,944.24558479
5354588,1,3,1,10,3,2,10,2000,20,4,6,,6,2,,2,,,,,,,,,,,1,,,,,,1,,,3,,,2,1,1,1,6,0,2,2,2,11,01,20,944.24558479
5354588,1,4,1,10,4,1,5,2006,14,4,6,,6,2,,2,,,,,,,,,,,1,,,,,,1,,,3,,,2,1,1,1,4,8,,,2,8,01,20,944.24558479
5354588,1,5,1,10,5,2,1,2010,11,4,6,,6,2,,2,,,,,,,,,,,1,,,,,,1,,,3,,,2,1,1,1,3,3,,,2,3,01,20,944.24558479
5354589,1,1,1,10,1,1,10,1956,64,1,6,,3,3,,3,,1,2,,,,,,,,,,,1,,1,1,,,3,,,2,1,2,,3,5,,,2,5,01,20,919.40005602
5354589,1,2,1,10,2,2,6,1959,61,2,6,,3,3,,3,,1,1,,,,,,,,,,,1,,,1,,,3,,,2,1,2,,4,7,,,2,7,01,20,919.40005602
5354589,1,3,1,10,2,1,10,2010,10,4,6,,6,2,,2,,,,,,,,,,,1,,,,,,1,,,3,,,2,1,1,1,3,4,,,2,4,01,20,919.40005602
5354593,1,1,1,10,1,1,5,1992,28,1,5,,2,2,,2,,1,2,,1,1,,,,1,,,,,,1,1,,,3,,,2,1,2,,4,6,,,2,6,01,20,1296.1625283
5354593,1,2,1,10,2,2,7,1990,30,2,6,,2,2,,2,,1,1,,,,,,,,,,,1,,,1,,,3,,,2,1,2,,5,11,2,,2,11,01,20,1296.1625283
5354593,1,3,1,10,2,2,12,2016,4,3,6,,,1,1,1,2,,,,,,,,,,,,,,,,1,,,3,,,2,2,2,,1,0,,,2,0,01,20,1296.1625283
5354594,1,1,1,10,1,1,2,1964,56,1,6,,3,3,,2,,1,2,,,,1,,,,,1,,,,1,1,,,3,,,2,1,2,,3,2,,,2,2,01,20,919.40005602
5354594,1,2,1,10,2,2,6,1960,60,2,6,,3,2,,2,,1,1,,,,1,,,,,,,,,,1,,,3,,,2,1,2,,3,5,,,2,5,01,20,919.40005602
5354594,1,3,1,10,2,1,9,2009,11,4,6,,6,2,,2,,,,,,,,,,,1,,,,,,1,,,3,,,2,1,1,1,3,4,,,2,4,01,20,919.40005602
5354595,1,1,1,10,1,1,4,1988,32,1,6,,3,2,,2,,1,2,,,,,,,,,1,,,,1,1,,,3,,,2,1,2,,5,11,2,,2,11,01,20,1407.8810432
5354595,1,2,1,10,2,2,10,1985,35,2,6,,3,2,,2,,1,1,,,,,,,,,1,,,,,1,,,3,,,2,1,2,,5,11,2,,2,11,01,20,1407.8810432
5354595,1,3,1,10,3,1,6,2004,16,3,6,,6,2,,1,2,,,,,,,,,,,,,1,,,1,,,3,,,2,1,2,,5,11,2,,2,11,01,20,1407.8810432
5354595,1,4,1,10,4,2,10,2005,15,3,6,,6,2,,1,2,,,,,,,,,,1,,,,,,1,,,3,,,2,1,1,1,5,10,1,,2,10,01,20,1407.8810432
5354595,1,5,1,10,2,1,5,2012,8,3,6,,,1,1,1,2,,,,,,,,,,,,,,,,1,,,3,,,2,1,1,1,3,3,,,2,3,01,20,1407.8810432
5354597,1,1,1,10,1,2,12,1966,54,1,6,,4,3,,2,,,,,,1,1,,,,,1,,,,1,1,,,3,,,2,1,2,,3,5,,,2,5,01,20,1219.4346614
5354597,1,2,1,10,1,1,7,2014,6,4,6,,,2,,2,,,,,,,,,,,,,,,,,1,,,3,,,2,2,2,,1,0,,,2,0,01,20,1219.4346614
5354598,1,1,1,10,1,2,7,1958,62,1,6,,2,3,,3,,2,,,,,,,,,,,,1,,1,1,,,3,,,2,1,2,,3,5,,,2,5,01,20,936.44919316
5354599,1,1,1,10,1,1,4,1975,45,1,6,,4,3,,2,,,,,,,,,,,,,,1,,1,1,,,3,,,2,1,2,,3,5,,,2,5,01,20,1307.8599747
5354602,1,1,1,10,1,2,4,1956,64,1,6,,4,3,,2,,,,,1,,,,,,,,,,,1,1,,,3,,,2,1,2,,5,11,2,,2,11,01,20,1106.3832276
5354602,1,2,1,10,1,1,8,2004,16,5,6,,6,2,,2,,,,,,,,,,,1,,,,,,1,,,3,,,2,1,1,1,4,9,,,2,9,01,20,1106.3832276
5354602,1,3,1,10,3,2,7,1988,32,5,6,,4,2,,2,,,,,1,1,,,,1,,,,,,,1,,,3,,,2,1,2,,5,11,2,,2,11,01,20,1106.3832276
5354602,1,4,1,10,3,1,5,2005,15,9,6,,6,2,,1,3,,,,,,,,,,1,,,,,,1,,,3,,,2,1,1,1,4,7,,,2,7,01,20,1106.3832276
5354603,1,1,1,10,1,2,5,1972,48,1,6,,4,2,,3,,,,,,,,,,,,,,1,,1,1,,,3,,,2,1,2,,5,11,2,,2,11,01,20,1225.4741552
5354603,1,2,1,10,2,1,1,2009,12,3,6,,6,2,,1,1,,,,,,,,,,1,,,,,,1,,,3,,,2,1,1,1,4,7,,,2,7,01,20,1225.4741552
5354603,1,3,1,10,3,2,2,1993,27,3,6,,4,2,,1,1,,,,,,,,,,,,,1,,,1,,,3,,,2,1,1,1,6,0,2,2,2,11,01,20,1225.4741552
5354603,1,4,1,10,3,2,2,2013,7,4,6,,,2,,1,3,,,,,,,,,,,,,,,,1,,,3,,,2,1,1,1,3,2,,,2,2,01,20,1225.4741552
5354605,1,1,1,10,1,2,4,1955,65,1,6,,4,3,,3,,,,,,,,,,,,,,1,,1,1,,,3,,,2,1,2,,3,5,,,2,5,01,20,1090.2370813
5354605,1,2,1,10,1,1,9,2014,6,4,6,,,2,,2,,,,,,,,,,,,,,,,,1,,,3,,,2,2,1,1,2,1,,,2,0,01,20,1090.2370813
5354606,1,1,1,10,1,1,2,1983,37,1,6,,2,2,,2,,1,2,,1,1,,,,1,,,,,,1,2,1,8,,,,2,1,2,,5,11,2,,2,11,01,20,1022.4683257
5354606,1,2,1,10,2,2,9,1964,56,2,6,,2,3,,2,,1,1,,1,,,,,,,,,,,,1,,,1,3,109000,2,1,2,,6,2,3,,2,13,01,20,1022.4683257
5354606,1,3,1,10,3,1,6,1993,27,3,6,,6,2,,1,2,,,,,,,,,1,,,,,,,2,1,24,,,,2,1,2,,5,11,2,,2,11,01,20,1022.4683257
5354606,1,4,1,10,2,2,12,2005,15,9,6,,6,2,,2,,,,,,,,,,,1,,,,,,2,1,24,,,,2,1,1,1,4,0,,,2,5,01,20,1022.4683257
5354608,1,1,1,10,1,2,12,1996,24,1,6,,4,2,,3,,,,,,,,,,1,,,,,,1,1,,,3,,,2,1,2,,5,11,2,,2,11,01,20,1578.520301
5354608,1,2,1,10,1,2,9,2015,5,3,6,,,2,,1,1,,,,,,,,,,,,,,,,1,,,3,,,2,2,1,1,2,1,,,2,0,01,20,1578.520301
5354608,1,3,1,10,1,2,6,2018,2,3,6,,,2,,1,1,,,,,,,,,,,,,,,,1,,,3,,,2,,,,,,,,2,,01,20,1578.520301
5354608,1,4,1,10,4,1,2,1966,54,5,6,,6,3,,3,,,,,,,1,,,,,,,,,,1,,,3,,,2,1,2,,5,11,2,,2,11,01,20,1578.520301
5354613,1,1,1,10,1,2,10,1982,38,1,6,,4,2,,2,,,,,,,1,,,,,,,,,2,1,,,3,,,2,1,2,,5,11,2,,2,11,01,20,1380.8528373
5354613,1,2,1,10,1,1,6,2011,9,3,6,,,2,,1,1,,,,,,,,,,,,,,,,1,,,3,,,2,1,1,1,3,4,,,2,4,01,20,1380.8528373
5354613,1,3,1,10,1,2,8,2015,5,3,6,,,2,,1,1,,,,,,,,,,,,,,,,1,,,3,,,2,2,2,,1,0,,,2,0,01,20,1380.8528373
5354614,1,1,1,10,1,2,10,1964,56,1,6,,4,3,,3,,,,,1,1,1,,,,,1,,,,1,1,,,3,,,2,1,2,,3,5,,,2,5,01,20,1279.4988499
5354614,1,2,1,10,1,1,2,2003,17,3,6,,6,2,,1,1,,,,,,,,,,1,,,,,,1,,,3,,,2,1,1,1,4,9,,,2,9,01,20,1279.4988499
5354614,1,3,1,10,1,1,12,2005,15,3,6,,6,2,,1,1,,,,,,,,,,1,,,,,,1,,,3,,,2,1,1,1,4,0,,,2,5,01,20,1279.4988499
5354615,1,1,1,10,1,1,7,1962,58,1,6,,2,3,,2,,1,2,,,,1,,,,,1,,,,1,1,,,3,,,2,2,2,,1,0,,,2,0,01,20,747.87522764
5354615,1,2,1,10,2,2,7,1948,72,2,6,,2,3,,3,,1,1,,,,,,,,,,,1,,,1,,,3,,,2,2,2,,1,0,,,2,0,01,20,747.87522764
5354616,1,1,1,10,1,2,1,1957,64,1,6,,2,3,,3,,1,2,,,,,,,,,1,,,,1,1,,,3,,,2,1,2,,3,5,,,2,5,01,20,619.3811978
5354616,1,2,1,10,2,1,1,1931,90,2,6,,2,3,,3,,1,1,,,,,,,,,1,,,,,1,,,3,,,2,2,2,,1,0,,,2,0,01,20,619.3811978
5354616,1,3,1,10,1,1,7,1957,63,3,6,,6,1,2,3,,,,,,,,,,,,,,1,,,1,,,3,,,2,2,2,,1,0,,,2,0,01,20,619.3811978
5354618,1,1,1,10,1,1,10,1976,44,1,6,,4,3,,2,,,,,,,1,,,,,,,,,1,1,,,3,,,2,1,2,,3,5,,,2,5,01,20,1409.4718372
5354618,1,2,1,10,2,2,10,2009,11,3,6,,6,1,1,2,,,,,,,,,,,1,,,,,,1,,,3,,,2,1,1,1,4,6,,,2,6,01,20,1409.4718372
5354618,1,3,1,10,3,1,1,2012,9,3,6,,,1,1,2,,,,,,,,,,,,,,,,,1,,,3,,,2,1,1,1,3,4,,,2,4,01,20,1409.4718372
5354625,1,1,1,10,1,2,7,1952,68,1,6,,4,3,,3,,,,,1,,,,,,,,,,,1,1,,,3,,,2,1,2,,3,3,,,2,3,01,20,934.85839918
5354625,1,2,1,10,2,2,10,1975,45,3,6,,6,2,,1,1,,,,1,,,,,,,,,,,,1,,,3,,,2,2,2,,1,0,,,2,0,01,20,934.85839918
5354625,1,3,1,10,3,1,12,1997,23,4,6,,6,2,,1,2,,,,1,,,,,,,,,,,,1,,,3,,,2,1,2,,4,8,,,2,8,01,20,934.85839918
5354626,1,1,1,10,1,1,4,1948,72,1,6,,5,3,,3,,,,,,,,,,,,,,1,,1,1,,,3,,,2,2,2,,1,0,,,2,0,01,20,1050.1884301
5354627,1,1,1,10,1,2,11,1952,68,1,6,,5,3,,3,,,,,,,,,,,,,,1,,1,1,,,3,,,2,2,2,,1,0,,,2,0,01,20,936.44919316
5354628,1,1,1,10,1,1,1,1969,52,1,6,,6,3,,3,,,,,,,,,,,,,,1,,1,1,,,3,,,2,1,2,,3,3,,,2,3,01,20,1307.8599747
5354629,1,1,1,10,1,1,4,1978,42,1,6,,2,3,,1,4,1,2,,,,,,,1,,,,,,1,2,1,2,,,,2,1,2,,3,2,,,2,2,01,20,986.21903803
5354629,1,2,1,10,2,2,5,1990,30,2,6,,2,2,,2,,1,1,,,,,,,,,1,,,,,2,1,2,,,,2,1,2,,3,3,,,2,3,01,20,986.21903803
5354629,1,3,1,10,2,1,9,2019,1,3,6,,,1,1,1,2,,,,,,,,,,,,,,,,2,1,3,,,,2,,,,,,,,2,,01,20,986.21903803
5354629,1,4,1,10,4,2,6,1942,78,5,6,,4,2,,2,,,,,,,,,,,,,,1,,,2,1,1,,,,2,2,2,,1,0,,,2,0,01,20,986.21903803
5354631,1,1,1,10,1,1,4,1996,24,1,6,,2,2,,3,,1,2,,1,1,,,,1,,,,,,1,2,1,12,,,,2,1,2,,4,9,,,2,9,01,20,1673.3172624
5354631,1,2,1,10,2,2,8,1999,21,2,6,,2,3,,2,,1,1,,1,,,,,,,,,,,,2,1,12,,,,2,1,2,,5,11,2,,2,11,01,20,1673.3172624
5354631,1,3,1,10,2,2,1,2016,5,3,6,,,2,,1,2,,,,,,,,,,,,,,,,2,1,12,,,,2,1,2,,2,0,,,2,0,01,20,1673.3172624
5354631,1,4,1,10,2,1,3,2019,1,3,6,,,1,1,1,2,,,,,,,,,,,,,,,,2,1,12,,,,2,,,,,,,,2,,01,20,1673.3172624
5354632,1,1,1,10,1,1,2,1965,55,1,6,,3,3,,2,,1,2,,,,,,,,,1,,,,2,1,,,2,1,300000,2,1,2,,6,6,5,,2,17,01,20,893.99436119
5354632,1,2,1,10,2,2,2,1978,42,2,6,,3,3,,2,,1,1,,,,,,,,,1,,,,,1,,,2,5,,2,1,2,,5,11,2,,2,11,01,20,893.99436119
5354632,1,3,1,10,3,1,8,1994,26,3,6,,6,1,1,1,2,,,,,,,,,,1,,,,,,1,,,3,,,2,1,1,1,6,5,2,2,2,16,01,20,893.99436119
5354632,1,4,1,10,4,2,8,2006,14,3,6,,6,1,1,1,2,,,,,,,,,,1,,,,,,1,,,2,5,,2,1,1,1,4,9,,,2,9,01,20,893.99436119
5354634,1,1,1,10,1,2,3,1946,74,1,5,,4,3,,3,,,,,,,,,,,,1,,,,1,1,,,3,,,2,1,2,,3,2,,,2,2,01,20,755.21807499
5354634,1,2,1,10,2,2,11,1995,25,3,6,,6,2,,1,1,,,,,,,,,,,1,,,,,1,,,3,,,2,1,2,,6,5,4,,2,16,01,20,755.21807499
5354634,1,3,1,10,3,1,1,1983,38,3,6,,4,2,,1,1,,,,,,1,,,,,,,,,,1,,,3,,,2,1,2,,5,11,2,,2,11,01,20,755.21807499
5354634,1,4,1,10,4,2,9,1986,34,3,6,,4,2,,1,1,,,,,,,,,,,1,,,,,1,,,3,,,2,1,2,,5,11,2,,2,11,01,20,755.21807499
5354634,1,5,1,10,4,2,4,2010,10,4,6,,6,2,,1,4,,,,,,,,,,1,,,,,,1,,,3,,,2,1,1,1,4,0,,,2,5,01,20,755.21807499
5354635,1,1,1,10,1,1,11,1980,40,1,5,,2,2,,2,,1,2,,,,,,,,,,,1,,2,1,,,1,1,54000,2,1,2,,5,11,2,,2,11,01,20,1443.8834858
5354635,1,2,1,10,2,2,12,1983,37,2,5,,2,2,,2,,1,1,,,1,,,,,,,,,,,1,,,1,5,,2,1,2,,5,11,2,,2,11,01,20,1443.8834858
5354635,1,3,1,10,3,2,12,2002,18,3,5,,6,1,1,1,2,,,,,,,,,,,,,1,,,1,,,1,5,,2,1,2,,5,11,2,,2,11,01,20,1443.8834858
5354635,1,4,1,10,4,2,8,2004,16,3,5,,6,1,1,1,2,,,,,,,,,,1,,,,,,1,,,1,5,,2,1,1,1,5,10,1,,2,10,01,20,1443.8834858
5354635,1,5,1,10,2,1,5,2011,9,3,5,,,1,1,1,2,,,,,,,,,,,,,,,,1,,,1,5,,2,1,1,1,3,4,,,2,4,01,20,1443.8834858
5354637,1,1,1,10,1,1,10,1996,24,1,6,,2,2,,2,,1,2,,,,1,,,,,1,,,,1,1,,,3,,,2,1,2,,4,7,,,2,7,01,20,1905.1537294
5354637,1,2,1,10,2,2,10,1995,25,2,6,,2,3,,2,,1,1,,,,1,,,,,,,,,,1,,,3,,,2,1,2,,5,11,2,,2,11,01,20,1905.1537294
5354637,1,3,1,10,1,1,8,2019,1,3,6,,,1,1,1,2,,,,,,,,,,,,,,,,1,,,3,,,2,,,,,,,,2,,01,20,1905.1537294
5354637,1,4,1,10,4,1,11,2003,17,5,6,,6,2,,2,,,,,,,,,,,,,,1,,,1,,,3,,,2,1,2,,5,11,2,,2,11,01,20,1905.1537294
5354638,1,1,1,10,1,1,7,1986,34,1,6,,2,2,,2,,1,2,,,,,,,,,,,1,,1,1,,,1,1,76000,2,1,2,,4,7,,,2,7,01,20,1915.4028827
5354638,1,2,1,10,2,2,1,1998,23,2,6,,2,3,,2,,1,1,,,,,,,,,,,1,,,1,,,1,5,,2,1,2,,3,5,,,2,5,01,20,1915.4028827
5354638,1,3,1,10,2,2,5,2015,5,3,6,,,1,1,1,2,,,,,,,,,,,,,,,,2,2,,,,,2,2,2,,1,0,,,2,0,01,20,1915.4028827
5354638,1,4,1,10,2,1,8,2017,3,3,6,,,1,1,1,2,,,,,,,,,,,,,,,,2,2,,,,,2,2,2,,1,0,,,2,0,01,20,1915.4028827
5354639,1,1,1,10,1,2,3,1951,69,1,6,,5,3,,2,,,,,,,,,,,,,,1,,1,1,,,3,,,2,2,2,,3,1,,,2,1,01,20,1118.2559386
5354639,1,2,1,10,2,2,6,1985,35,3,6,,6,3,,1,1,,,,,,,,,,,,,1,,,1,,,3,,,2,1,2,,5,11,2,,2,11,01,20,1118.2559386
5354639,1,3,1,10,2,1,12,2013,7,4,6,,,2,,2,,,,,,,,,,,,,,,,,1,,,3,,,2,1,1,1,3,1,,,2,1,01,20,1118.2559386
5354641,1,1,1,10,1,2,3,1989,31,1,6,,4,2,,2,,,,,,1,,,,,,1,,,,1,1,,,3,,,2,1,2,,5,11,2,,2,11,01,20,1486.8696383
5354641,1,2,1,10,1,1,10,2012,8,3,6,,,2,,1,1,,,,,,,,,,,,,,,,1,,,3,,,2,1,1,1,3,2,,,2,2,01,20,1486.8696383
5354642,1,1,1,10,1,1,3,1985,35,1,6,,2,3,,2,,1,2,,,,1,,,,,,,,,1,2,1,69,,,,1,1,2,,3,3,,,2,3,01,20,1640.7023827
5354642,1,2,1,10,2,2,9,1986,34,2,6,,2,2,,2,,1,1,,,,,,,,,1,,,,,2,1,46,,,,1,1,2,,4,8,,,2,8,01,20,1640.7023827
5354642,1,3,1,10,2,2,12,2007,13,3,6,,6,1,1,1,2,,,,,,,,,,1,,,,,,2,1,46,,,,2,1,1,1,4,7,,,2,7,01,20,1640.7023827
5354642,1,4,1,10,2,2,12,2008,12,3,6,,6,1,1,1,2,,,,,,,,,,1,,,,,,2,1,46,,,,2,1,1,1,3,3,,,2,3,01,20,1640.7023827
5354642,1,5,1,10,2,2,5,2011,9,3,6,,,1,1,1,2,,,,,,,,,,,,,,,,2,1,46,,,,1,1,1,1,3,0,,,2,0,01,20,1640.7023827
5354642,1,6,1,10,2,1,8,2013,7,3,6,,,1,1,1,2,,,,,,,,,,,,,,,,2,2,,,,,2,1,1,1,3,1,,,2,1,01,20,1640.7023827
5354643,1,1,1,10,1,2,7,1953,67,1,6,,5,3,,3,,,,,,,,,,,,,,1,,1,1,,,3,,,2,1,2,,3,1,,,2,1,01,20,1338.6413473
5354643,1,2,1,10,1,2,10,2013,7,4,6,,,2,,2,,,,,,,,,,,,,,,,,1,,,1,5,,2,2,1,1,3,0,,,2,0,01,20,1338.6413473
5354644,1,1,1,10,1,1,7,1967,53,1,6,,2,3,,3,,1,2,,,,1,,,,,,,,,1,1,,,3,,,2,1,2,,3,5,,,2,5,01,20,1631.3986916
5354644,1,2,1,10,2,2,7,1971,49,2,6,,2,3,,2,,1,1,,,,,,,,,,,1,,,1,,,3,,,2,2,2,,1,0,,,2,0,01,20,1631.3986916
5354644,1,3,1,10,3,2,8,1996,24,3,6,,4,1,1,1,2,,,,,,,,,,,,,1,,,1,,,3,,,2,1,2,,5,11,2,,2,11,01,20,1631.3986916
5354644,1,4,1,10,2,1,10,2011,9,4,6,,,2,,1,3,,,,,,,,,,,,,,,,1,,,3,,,2,1,1,1,3,3,,,2,3,01,20,1631.3986916
5354644,1,5,1,10,2,1,4,2017,3,4,6,,,2,,1,3,,,,,,,,,,,,,,,,1,,,3,,,2,2,2,,1,0,,,2,0,01,20,1631.3986916
5354644,1,6,1,10,3,2,8,2009,11,4,6,,6,2,,2,,,,,,,,,,,1,,,,,,1,,,3,,,2,1,1,1,4,6,,,2,6,01,20,1631.3986916
5354645,1,1,1,10,1,1,8,1974,46,1,5,,4,3,,2,,,,,1,1,1,,,,,1,,,,1,1,,,3,,,2,1,2,,3,5,,,2,5,01,20,1782.2027682
5354645,1,2,1,10,1,1,2,2012,8,3,5,,,1,1,2,,,,,,,,,,,,,,,,,1,,,3,,,2,1,1,1,3,2,,,2,2,01,20,1782.2027682
5354646,1,1,1,10,1,2,8,1965,55,1,5,,4,3,,3,,,,1,,,,,,,,1,,,,1,1,,,3,,,2,1,2,,3,1,,,2,1,01,20,1141.8224504
5354647,1,1,1,10,1,1,10,1993,27,1,6,,2,3,,2,,1,2,,,,1,,,,,,,,,1,1,,,3,,,2,2,2,,3,1,,,2,1,01,20,1906.0991916
5354647,1,2,1,10,2,2,1,1999,22,2,6,,2,2,,2,,1,1,,,,,,,,,,,1,,,1,,,3,,,2,1,2,,3,2,,,2,2,01,20,1906.0991916
5354647,1,3,1,10,2,1,7,2015,5,3,6,,,1,1,1,2,,,,,,,,,,,,,,,,1,,,3,,,2,2,1,1,2,0,,,2,0,01,20,1906.0991916
5354647,1,4,1,10,2,1,4,2017,3,3,6,,,1,1,1,2,,,,,,,,,,,,,,,,1,,,3,,,2,2,2,,1,0,,,2,0,01,20,1906.0991916
5354648,1,1,1,10,1,1,9,1976,44,1,6,,2,3,,2,,1,2,,,,,,,,,,,1,,2,1,,,3,,,2,1,2,,3,2,,,2,2,01,20,2100.9784165
5354648,1,2,1,10,2,2,4,1981,39,2,6,,2,2,,2,,1,1,,,,,,,,,,,1,,,1,,,3,,,2,1,2,,3,3,,,2,3,01,20,2100.9784165
5354648,1,3,1,10,2,1,6,2010,10,3,6,,6,1,1,1,2,,,,,,,,,,1,,,,,,1,,,3,,,2,1,1,1,3,2,,,2,2,01,20,2100.9784165
5354648,1,4,1,10,2,2,4,2012,8,3,6,,,1,1,1,2,,,,,,,,,,,,,,,,1,,,3,,,2,1,1,1,3,2,,,2,2,01,20,2100.9784165
5354648,1,5,1,10,2,1,5,2014,6,3,6,,,1,1,1,2,,,,,,,,,,,,,,,,1,,,3,,,2,2,1,1,3,0,,,2,0,01,20,2100.9784165
5354648,1,6,1,10,6,2,5,1998,22,3,6,,4,1,1,1,2,,,,,,,,,,,,,1,,,1,,,3,,,2,1,2,,4,7,,,2,7,01,20,2100.9784165
5354648,1,7,1,10,6,1,9,2017,3,4,6,,,2,,1,6,,,,,,,,,,,,,,,,1,,,3,,,2,2,2,,1,0,,,2,0,01,20,2100.9784165
5354650,1,1,1,10,1,2,12,1951,69,1,6,,4,3,,3,,,,,1,1,,,,1,,,,,,1,1,,,3,,,2,2,2,,1,0,,,2,0,01,20,930.74073278
5354650,1,2,1,10,2,2,9,1989,31,3,6,,6,2,,1,1,,,,,,1,,,,,1,,,,,1,,,1,1,60000,2,1,2,,5,11,2,,2,11,01,20,930.74073278
5354651,1,1,1,10,1,1,5,1977,43,1,6,,2,3,,3,,2,,,,,,,,,,,,1,,2,1,,,3,,,2,1,2,,3,5,,,2,5,01,20,1594.6875623
5354652,1,1,1,10,1,1,8,1987,33,1,6,,2,2,,2,,2,,,,,,,,,,,,1,,2,1,,,1,1,38400,2,1,2,,3,2,,,2,2,01,20,1594.6875623
5354653,1,1,1,10,1,1,5,1993,27,1,6,,6,3,,2,,,,,,,,,,,,,,1,,1,1,,,1,1,42600,2,2,2,,1,0,,,2,0,01,20,1594.6875623
5354654,1,1,1,10,1,1,10,1980,40,1,6,,2,3,,2,,1,2,,,,,,,,,1,,,,1,1,,,1,1,38500,2,1,2,,3,5,,,2,5,01,20,1725.9480048
5354654,1,2,1,10,2,2,9,1988,32,2,6,,2,3,,3,,1,1,,,,,,,,,,,1,,,1,,,3,,,2,1,2,,3,5,,,2,5,01,20,1725.9480048
5354654,1,3,1,10,1,2,4,2001,19,3,6,,6,1,1,1,2,,,,,,,,,,1,,,,,,1,,,3,,,2,1,1,1,4,9,,,2,9,01,20,1725.9480048
5354654,1,4,1,10,4,1,8,2006,14,3,6,,6,1,1,1,2,,,,,,,,,,1,,,,,,1,,,3,,,2,1,1,1,4,0,,,2,5,01,20,1725.9480048
5354654,1,5,1,10,1,2,12,2011,9,3,6,,,1,1,1,2,,,,,,,,,,,,,,,,1,,,3,,,2,1,1,1,3,2,,,2,2,01,20,1725.9480048
5354655,1,1,1,10,1,1,12,1979,41,1,6,,2,2,,2,,1,2,1,,,,,,,,,,,,2,1,,,1,1,38600,2,1,2,,3,4,,,2,4,01,20,1716.6443138
5354655,1,2,1,10,2,2,2,1984,36,2,6,,2,2,,2,,1,1,,,,,,,,,,,1,,,1,,,3,,,2,1,2,,3,2,,,2,2,01,20,1716.6443138
5354655,1,3,1,10,2,2,12,2005,15,3,6,,6,2,,1,2,,,,,,,,,,1,,,,,,1,,,3,,,2,1,1,1,4,7,,,2,7,01,20,1716.6443138
5354655,1,4,1,10,2,1,9,2008,12,3,6,,6,1,1,1,2,,,,,,,,,,1,,,,,,1,,,3,,,2,1,1,1,4,6,,,2,6,01,20,1716.6443138
5354655,1,5,1,10,2,1,5,2013,7,3,6,,,1,1,1,2,,,,,,,,,,,,,,,,1,,,3,,,2,1,1,1,3,1,,,2,1,01,20,1716.6443138
5354657,1,1,1,10,1,1,10,1967,53,1,6,,2,2,,2,,1,2,,,,,,,,,,,1,,2,1,,,1,1,38500,2,1,2,,3,2,,,2,2,01,20,1758.6362565
5354657,1,2,1,10,2,2,6,1987,33,2,6,,2,2,,2,,1,1,,,,,,,,,,,1,,,1,,,3,,,2,1,2,,3,4,,,2,4,01,20,1758.6362565
5354657,1,3,1,10,2,1,5,2011,9,3,6,,,1,1,1,2,,,,,,,,,,,,,,,,1,,,3,,,2,1,1,1,3,2,,,2,2,01,20,1758.6362565
5354657,1,4,1,10,2,1,9,2012,8,3,6,,,1,1,1,2,,,,,,,,,,,,,,,,1,,,3,,,2,1,1,1,3,1,,,2,1,01,20,1758.6362565
5354658,1,1,1,10,1,1,7,1937,83,1,6,,3,3,,3,,1,2,,,,,,,,,1,,,,1,1,,,3,,,2,2,2,,1,0,,,2,0,01,23,972.57711136
5354658,1,2,1,10,2,2,11,1942,78,2,6,,3,3,,3,,1,1,,,,,,,,,1,,,,,1,,,3,,,2,2,2,,1,0,,,2,0,01,23,972.57711136
5354658,1,3,1,10,3,2,3,1986,34,4,6,,2,2,,2,,1,4,,,,,,,,,1,,,,,1,,,3,,,2,1,2,,5,11,2,,2,11,01,23,972.57711136
5354658,1,4,1,10,4,1,1,1988,33,5,6,,2,2,,2,,1,3,,,,,,,1,,,,,,,1,,,3,,,2,1,2,,5,11,2,,2,11,01,23,972.57711136
5354658,1,5,1,10,3,1,10,2018,2,5,6,,,1,4,1,3,,,,,,,,,,,,,,,,1,,,3,,,2,,,,,,,,2,,01,23,972.57711136
5354659,1,1,1,10,1,2,4,1967,53,1,6,,4,2,,2,,,,,,1,1,,,,,1,,,,1,1,,,3,,,2,1,2,,5,11,2,,2,11,01,23,1620.0697527
5354659,1,2,1,10,2,2,3,2005,15,3,6,,6,2,,1,1,,,,,,,,,,1,,,,,,1,,,3,,,2,1,1,1,5,10,1,,2,10,01,23,1620.0697527
5354659,1,3,1,10,1,2,7,2011,9,4,6,,,2,,2,,,,,,,,,,,,,,,,,1,,,3,,,2,1,1,1,3,4,,,2,4,01,23,1620.0697527
5354659,1,4,1,10,1,1,7,2015,5,4,6,,,2,,2,,,,,,,,,,,,,,,,,1,,,3,,,2,2,1,1,3,0,,,2,0,01,23,1620.0697527
5354660,1,1,1,10,1,1,12,1936,84,1,6,,5,3,,3,,,,,1,,,,,,,1,,,,1,1,,,3,,,2,2,2,,1,0,,,2,0,01,23,1280.5059104
5354661,1,1,1,10,1,1,4,1948,72,1,6,,4,3,,3,,,,,,,,,,,,,,1,,1,1,,,3,,,2,2,2,,1,0,,,2,0,01,23,1280.5059104
5354662,1,1,1,10,2,2,1,1975,46,1,6,,2,2,,3,,1,2,,,,,,,,,,,1,,1,1,,,3,,,2,1,2,,5,11,2,,2,11,01,23,1383.6058447
5354662,1,2,1,10,2,1,5,1966,54,2,6,,2,2,,2,,1,1,,,,,,,,,,,1,,,1,,,3,,,2,1,2,,3,2,,,2,2,01,23,1383.6058447
5354663,1,1,1,10,1,2,7,1942,78,1,6,,5,3,,3,,,,,,,,,,,,1,,,,1,1,,,3,,,2,2,2,,1,0,,,2,0,01,23,1226.0738627
5354663,1,2,1,10,2,1,4,1983,37,3,6,,6,3,,1,1,,,,,,,,,1,,1,,,,,1,,,3,,,2,1,2,,3,5,,,2,5,01,23,1226.0738627
5354664,1,1,1,10,1,2,5,1944,76,1,6,,2,3,,3,,1,2,,,,,,,,,1,,,,1,1,,,3,,,2,2,2,,1,0,,,2,0,01,23,911.89221074
5354664,1,2,1,10,2,1,12,1949,71,2,6,,2,3,,2,,1,1,,,,,,,,,1,,,,,1,,,3,,,2,1,2,,3,5,,,2,5,01,23,911.89221074
5354665,1,1,1,10,1,1,2,1968,52,1,6,,2,2,,2,,1,2,,,,,,,,,1,,,,1,1,,,3,,,2,1,2,,3,5,,,2,5,01,23,1716.6443138
5354665,1,2,1,10,2,2,12,1989,31,2,6,,2,2,,2,,1,1,,1,,,,,,,1,,,,,1,,,3,,,2,1,2,,3,4,,,2,4,01,23,1716.6443138
5354665,1,3,1,10,3,2,1,2009,12,3,6,,6,1,1,1,2,,,,,,,,,,1,,,,,,1,,,3,,,2,1,1,1,4,0,,,2,5,01,23,1716.6443138
5354665,1,4,1,10,4,1,12,2009,11,3,6,,6,1,1,1,2,,,,,,,,,,1,,,,,,1,,,3,,,2,1,1,1,3,2,,,2,2,01,23,1716.6443138
5354665,1,5,1,10,2,1,9,2017,3,3,6,,,1,1,1,2,,,,,,,,,,,,,,,,1,,,3,,,2,2,2,,1,0,,,2,0,01,23,1716.6443138
5354666,1,1,1,10,1,1,12,1962,58,1,6,,2,3,,3,,1,2,,1,1,1,,,,,,,,,1,1,,,3,,,2,2,2,,1,0,,,2,0,01,23,1278.5662384
5354666,1,2,1,10,2,2,8,1973,47,2,6,,2,3,,2,,1,1,,,,,,,,,,,1,,,1,,,3,,,2,1,2,,3,5,,,2,5,01,23,1278.5662384
5354666,1,3,1,10,3,1,7,1999,21,3,6,,6,1,1,1,2,,,,,,,,,,1,,,,,,1,,,3,,,2,1,1,1,6,4,2,2,2,15,01,23,1278.5662384
5354667,1,1,1,10,1,1,2,1995,25,1,6,,2,2,,2,,1,2,,,,,,,1,,,,,,1,1,,,3,,,2,1,2,,5,11,2,,2,11,01,23,1915.4028827
5354667,1,2,1,10,2,2,7,1998,22,2,6,,2,2,,2,,1,1,,,,,,,,,,,1,,,1,,,3,,,2,1,2,,4,8,,,2,8,01,23,1915.4028827
5354667,1,3,1,10,2,2,8,2017,3,3,6,,,1,1,1,2,,,,,,,,,,,,,,,,1,,,3,,,2,2,2,,1,0,,,2,0,01,23,1915.4028827
5354667,1,4,1,10,2,1,12,2020,0,3,6,,,1,1,1,2,,,,,,,,,,,,,,,,1,,,3,,,2,,,,,,,,2,,01,23,1915.4028827
5354668,1,1,1,10,1,1,4,1974,46,1,1,800_02,6,2,,2,,,,,,,,,,,,1,,,,1,1,,,3,,,2,2,2,,1,0,,,2,0,01,23,3081.0495645
5354669,1,1,1,10,1,1,10,1967,53,1,1,800_02,2,2,,1,7,1,2,,1,,,,,,,1,,,,1,1,,,3,,,2,2,2,,1,0,,,2,0,01,23,2457.765631
5354669,1,2,1,10,2,2,6,1970,50,2,1,800_02,2,3,,2,,1,1,,1,,,,,,,1,,,,,1,,,3,,,2,2,2,,1,0,,,2,0,01,23,2457.765631
5354669,1,3,1,10,3,2,2,2004,16,3,1,800_02,6,1,1,1,2,,,,,,,,,,1,,,,,,1,,,3,,,2,1,1,1,5,10,1,,2,10,01,23,2457.765631
5354669,1,4,1,10,4,2,3,1996,24,3,1,800_02,4,1,1,1,2,,,,,,,,,,,1,,,,,1,,,3,,,2,1,2,,5,11,2,,2,11,01,23,2457.765631
5354669,1,5,1,10,2,2,3,2018,2,4,1,800_02,,2,,1,4,,,,,,,,,,,,,,,,1,,,3,,,2,,,,,,,,2,,01,23,2457.765631
5354669,1,6,1,10,2,1,12,2019,1,4,1,800_02,,2,,2,,,,,,,,,,,,,,,,,1,,,3,,,2,,,,,,,,2,,01,23,2457.765631
5354669,1,7,1,10,7,2,10,1951,69,5,1,800_02,4,3,,3,,,,,,,,,,,,1,,,,,1,,,3,,,2,2,2,,1,0,,,2,0,01,23,2457.765631
5354670,1,1,1,10,1,1,8,1955,65,1,6,,2,3,,3,,1,2,,,1,,,,,,,,,,1,1,,,3,,,2,2,2,,1,0,,,2,0,01,23,1761.8404791
5354670,1,2,1,10,2,2,3,1961,59,2,6,,2,3,,2,,1,1,,,,,,,,,1,,,,,1,,,3,,,2,1,2,,3,3,,,2,3,01,23,1761.8404791
5354671,1,1,1,10,1,1,3,1965,55,1,6,,4,3,,3,,,,,,,,,,,,,,1,,1,1,,,3,,,2,1,2,,4,7,,,2,7,01,23,2474.0283116
5354672,1,1,1,10,1,1,4,1975,45,1,6,,2,2,,2,,1,2,,,,,1,,1,,,,,,1,1,,,3,,,2,2,2,,1,0,,,2,0,01,23,3053.4927825
5354672,1,2,1,10,2,2,8,1967,53,2,6,,2,3,,2,,1,1,,,,,,,,,1,,,,,1,,,3,,,2,1,2,,3,2,,,2,2,01,23,3053.4927825
5354672,1,3,1,10,2,2,9,2012,8,4,6,,,2,,2,,,,,,,,,,,,,,,,,1,,,3,,,2,1,1,1,3,2,,,2,2,01,23,3053.4927825
5354673,1,1,1,10,1,2,4,1971,49,1,6,,2,3,,3,,1,2,,,,,,,,,,,1,,1,1,,,3,,,2,1,2,,3,5,,,2,5,01,23,2673.2247031
5354673,1,2,1,10,2,1,5,1969,51,2,1,800_02,2,2,,2,,1,1,,,1,1,,,,,,,,,,1,,,3,,,2,1,2,,4,8,,,2,8,01,23,2673.2247031
5354674,1,1,1,10,1,1,9,1987,33,1,6,,2,3,,3,,1,2,,,1,1,,,,,,,,,1,1,,,3,,,2,1,2,,3,5,,,2,5,01,23,3801.8873563
5354674,1,2,1,10,2,2,10,1993,27,2,6,,2,2,,2,,1,1,,,,,,,,,,,1,,,1,,,3,,,2,1,2,,4,8,,,2,8,01,23,3801.8873563
5354674,1,3,1,10,2,1,5,2010,10,3,6,,6,1,1,1,2,,,,,,,,,,1,,,,,,1,,,3,,,2,1,1,1,4,0,,,2,5,01,23,3801.8873563
5354674,1,4,1,10,2,1,12,2011,9,3,6,,,1,1,1,2,,,,,,,,,,,,,,,,1,,,3,,,2,1,1,1,3,3,,,2,3,01,23,3801.8873563
5354674,1,5,1,10,2,1,10,2019,1,3,6,,,1,1,1,2,,,,,,,,,,,,,,,,1,,,3,,,2,,,,,,,,2,,01,23,3801.8873563
5354675,1,1,1,10,1,1,7,1977,43,1,6,,2,2,,2,,1,2,,,,,,,,,1,,,,1,1,,,3,,,2,1,2,,3,2,,,2,2,01,23,3077.3019805
5354675,1,2,1,10,2,2,1,1984,37,2,6,,2,2,,2,,1,1,,,,,,,,,1,,,,,1,,,3,,,2,2,2,,1,0,,,2,0,01,23,3077.3019805
5354675,1,3,1,10,2,1,11,2007,13,3,6,,6,1,1,1,2,,,,,,,,,,1,,,,,,1,,,3,,,2,1,1,1,4,6,,,2,6,01,23,3077.3019805
5354676,1,1,1,10,1,1,12,1949,71,1,6,,2,3,,3,,1,2,,,,,,,,,1,,,,1,1,,,3,,,2,1,2,,3,3,,,2,3,01,23,1761.8404791
5354676,1,2,1,10,2,2,4,1959,61,2,6,,2,2,,3,,1,1,,,,,,,1,,,,,,,1,,,3,,,2,2,2,,1,0,,,2,0,01,23,1761.8404791
5354677,1,1,1,10,1,2,10,1934,86,1,6,,5,3,,3,,,,,,,,,,,,,,1,,1,1,,,3,,,2,2,2,,1,0,,,2,0,01,23,2772.9390092
5354677,2,1,2,10,1,1,10,1969,51,1,6,,4,3,,2,,,,,,,,,,,,1,,,,1,1,,,3,,,2,1,2,,5,11,2,,2,11,01,23,2772.9390092
5354677,2,2,2,10,1,1,9,2006,14,3,6,,6,1,1,2,,,,,,,,,,,1,,,,,,1,,,3,,,2,1,1,1,4,0,,,2,5,01,23,2772.9390092
5354679,1,1,1,10,1,1,11,1984,36,1,1,800_02,2,2,,3,,1,2,,,1,,,,1,,1,,,,1,1,,,3,,,2,1,2,,3,5,,,2,5,01,23,2912.6013876
5354679,1,2,1,10,2,2,8,1975,45,2,6,,2,3,,2,,1,1,,,,,,,,,1,,,,,1,,,3,,,2,1,2,,3,5,,,2,5,01,23,2912.6013876
5354679,1,3,1,10,3,2,11,2006,14,3,6,,6,2,,1,2,,,,,,,,,,1,,,,,,1,,,3,,,2,1,1,1,4,6,,,2,6,01,23,2912.6013876
5354679,1,4,1,10,2,1,10,2013,7,3,6,,,1,1,1,2,,,,,,,,,,,,,,,,1,,,3,,,2,1,1,1,3,1,,,2,1,01,23,2912.6013876
5354680,1,1,1,10,1,1,3,1966,54,1,1,800_02,2,3,,3,,1,2,,1,1,1,,,,,,,,,1,1,,,3,,,2,1,2,,3,3,,,2,3,01,23,3635.8769444
5354680,1,2,1,10,2,2,2,1975,45,2,1,800_02,2,2,,3,,1,1,,,,,,,,,,,1,,,1,,,3,,,2,2,2,,1,0,,,2,0,01,23,3635.8769444
5354680,1,3,1,10,3,1,8,1998,22,3,1,800_02,6,1,1,1,2,,,,,,,,,,,,,1,,,1,,,3,,,2,1,2,,5,11,2,,2,11,01,23,3635.8769444
5354680,1,4,1,10,4,1,6,2003,17,3,1,800_02,6,1,1,1,2,,,,,,,,,,,,,1,,,1,,,3,,,2,1,2,,3,5,,,2,5,01,23,3635.8769444
5354680,1,5,1,10,2,2,3,2007,13,3,1,800_02,6,1,1,1,2,,,,,,,,,,1,,,,,,1,,,3,,,2,1,1,1,4,7,,,2,7,01,23,3635.8769444
5354680,1,6,1,10,6,2,5,1992,28,3,1,800_02,4,1,1,1,2,,,,,,,,,,,,,1,,,1,,,3,,,2,1,2,,3,5,,,2,5,01,23,3635.8769444
5354680,1,7,1,10,6,1,1,2008,13,4,1,800_02,6,2,,1,6,,,,,,,,,,1,,,,,,1,,,3,,,2,1,1,1,4,0,,,2,5,01,23,3635.8769444
5354680,1,8,1,10,6,1,5,2010,10,4,1,800_02,6,2,,1,6,,,,,,,,,,1,,,,,,1,,,3,,,2,1,1,1,3,4,,,2,4,01,23,3635.8769444
5354680,1,9,1,10,9,2,2,2001,19,3,1,800_02,4,1,1,1,2,,,,,,,,,,,,,1,,,1,,,3,,,2,1,2,,5,10,1,,2,10,01,23,3635.8769444
5354681,1,1,1,10,1,1,6,1992,28,1,1,800_02,6,2,,3,,,,1,,,,,,,,1,,,,1,1,,,3,,,2,1,2,,5,11,2,,2,11,01,23,4146.5561952
5354681,1,2,1,10,1,1,12,2004,16,5,1,800_02,6,2,,2,,,,1,,,,,,,1,,,,,,1,,,3,,,2,1,1,1,4,7,,,2,7,01,23,4146.5561952
5354681,1,3,1,10,1,1,12,2006,14,5,1,800_02,6,2,,2,,,,1,,,,,,,1,,,,,,1,,,3,,,2,1,1,1,4,7,,,2,7,01,23,4146.5561952
5354681,1,4,1,10,1,2,6,2009,11,5,1,800_02,6,2,,2,,,,1,,,,,,,1,,,,,,1,,,3,,,2,1,1,1,4,6,,,2,6,01,23,4146.5561952
5354681,1,5,1,10,1,2,8,2011,9,5,1,800_02,,2,,2,,,,,,,,,,,,,,,,,1,,,3,,,2,1,1,1,3,3,,,2,3,01,23,4146.5561952
5354682,1,1,1,10,1,1,4,1989,31,1,1,800_02,2,1,6,3,,1,2,,,,1,,,,,,,,,1,1,,,3,,,2,1,2,,5,11,2,,2,11,01,23,3189.1976356
5354682,1,2,1,10,2,2,7,1994,26,2,1,800_02,2,2,,2,,1,1,,,,,,,,,1,,,,,1,,,3,,,2,1,2,,5,11,2,,2,11,01,23,3189.1976356
5354682,1,3,1,10,2,1,4,2011,9,3,1,800_02,,1,1,1,2,,,,,,,,,,,,,,,,1,,,3,,,2,1,1,1,3,4,,,2,4,01,23,3189.1976356
5354682,1,4,1,10,2,1,1,2013,8,3,1,800_02,,1,1,1,2,,,,,,,,,,,,,,,,1,,,3,,,2,1,1,1,3,2,,,2,2,01,23,3189.1976356
5354682,1,5,1,10,2,1,8,2016,4,3,1,800_02,,1,1,1,2,,,,,,,,,,,,,,,,1,,,3,,,2,2,2,,1,0,,,2,0,01,23,3189.1976356
5354682,1,6,1,10,2,1,1,1931,90,5,1,800_02,5,3,,3,,,,,,,,,,,,,,1,,,1,,,3,,,2,2,2,,1,0,,,2,0,01,23,3189.1976356
5354682,1,7,1,10,7,2,1,1974,47,5,6,,6,1,6,3,,,,,,,,,,1,,,,,,,1,,,3,,,2,1,2,,4,7,,,2,7,01,23,3189.1976356
5354682,1,8,1,10,8,1,2,2005,15,5,6,,6,2,,2,,,,,,,,,,,,,,1,,,1,,,3,,,2,1,2,,3,5,,,2,5,01,23,3189.1976356
5354682,1,9,1,10,2,2,9,2008,12,5,6,,6,2,,2,,,,,,,,,,,1,,,,,,1,,,3,,,2,1,1,1,4,6,,,2,6,01,23,3189.1976356
5354683,1,1,1,10,1,2,1,1966,55,1,1,800_02,4,3,,1,4,,,,,,,,,,,1,,,,1,1,,,3,,,2,1,2,,3,5,,,2,5,01,23,1751.2462663
5354683,1,2,1,10,2,2,12,2001,19,3,6,,6,2,,1,1,,,,,,,,,,1,,,,,,1,,,3,,,2,1,1,1,6,1,2,2,2,12,01,23,1751.2462663
5354683,1,3,1,10,1,2,12,2011,9,4,6,,,2,,2,,,,,,,,,,,,,,,,,1,,,3,,,2,1,1,1,3,3,,,2,3,01,23,1751.2462663
5354683,1,4,1,10,1,2,3,1923,97,5,1,800_02,5,3,,3,,,,,,,,,,,,1,,,,,1,,,3,,,2,2,2,,1,0,,,2,0,01,23,1751.2462663
5354734,1,1,1,10,1,1,1,1972,49,1,6,,2,2,,2,,1,2,,1,1,,,,1,,1,,,,1,1,,,3,,,2,1,2,,3,5,,,2,5,01,23,2550.3086997
5354734,1,2,1,10,2,2,9,1982,38,2,6,,2,3,,3,,1,1,,1,,,,,,,1,,,,,1,,,3,,,2,1,2,,5,11,2,,2,11,01,23,2550.3086997
5354734,1,3,1,10,3,2,4,2009,11,3,6,,6,1,1,1,2,,,,,,,,,,1,,,,,,1,,,3,,,2,1,1,1,4,0,,,2,5,01,23,2550.3086997
5354735,1,1,1,10,1,1,1,1937,83,1,6,,5,3,,3,,,,,,,,,,,,,,1,,1,1,,,3,,,2,1,2,,3,3,,,2,3,01,23,2228.9831592
5354735,1,2,1,10,2,1,2,1971,49,3,6,,1,1,1,3,,1,3,,,1,,,,,,1,,,,,1,,,3,,,2,1,2,,4,8,,,2,8,01,23,2228.9831592
5354735,1,3,1,10,3,2,8,1971,49,5,6,,1,2,,2,,1,2,,,,,,,,,1,,,,,1,,,3,,,2,1,2,,4,6,,,2,6,01,23,2228.9831592
5354736,1,1,1,10,2,1,3,1928,92,1,6,,5,3,,3,,,,,,,,,,,,,,1,,1,1,,,3,,,2,2,2,,1,0,,,2,0,01,23,1459.1349277
5354736,1,2,1,10,2,1,11,1955,65,3,6,,3,1,1,3,,1,3,,,,1,,,,,1,,,,,1,,,3,,,2,1,2,,3,5,,,2,5,01,23,1459.1349277
5354736,1,3,1,10,3,2,3,1962,58,5,6,,3,2,,2,,1,2,,,,,,,,,1,,,,,1,,,3,,,2,2,2,,1,0,,,2,0,01,23,1459.1349277
5354737,1,1,1,10,1,2,2,1936,84,1,6,,4,3,,3,,,,,,,,,,,,,,1,,1,1,,,3,,,2,2,2,,1,0,,,2,0,01,23,1459.1349277
5354737,1,2,1,10,2,1,4,1952,68,5,6,,5,3,,3,,,,,,,,,,,,,,1,,,1,,,3,,,2,1,2,,3,5,,,2,5,01,23,1459.1349277
5354737,1,3,1,10,3,2,6,1952,68,5,6,,6,3,,3,,,,,,,,,,,,,,1,,,1,,,3,,,2,2,2,,1,0,,,2,0,01,23,1459.1349277
5354738,1,1,1,10,1,1,7,1963,57,1,6,,2,2,,3,,1,2,,,1,,,,,,1,,,,1,1,,,3,,,2,1,2,,3,5,,,2,5,01,23,2224.4487208
5354738,1,2,1,10,2,2,6,1985,35,2,6,,2,2,,2,,1,1,,,,,,,,,1,,,,,1,,,3,,,2,2,2,,1,0,,,2,0,01,23,2224.4487208
5354738,1,3,1,10,3,1,3,2001,19,3,6,,6,1,1,1,2,,,,,,,,,,,,,1,,,1,,,3,,,2,2,2,,1,0,,,2,0,01,23,2224.4487208
5354738,1,4,1,10,4,2,10,2002,18,3,6,,6,1,1,1,2,,,,,,,,,,1,,,,,,1,,,3,,,2,1,1,1,4,7,,,2,7,01,23,2224.4487208
5354738,1,5,1,10,2,2,1,2005,16,3,6,,6,1,1,1,2,,,,,,,,,,1,,,,,,1,,,3,,,2,1,1,1,5,10,1,,2,10,01,23,2224.4487208
5354739,1,1,1,10,1,1,1,1985,35,1,6,,3,2,,2,,1,2,,,,,,,,,1,,,,1,1,,,3,,,2,1,2,,5,11,2,,2,11,01,23,3415.7854704
5354739,1,2,1,10,2,2,12,1991,29,2,6,,3,2,,2,,1,1,,,,,,,,,1,,,,,1,,,3,,,2,1,2,,5,11,2,,2,11,01,23,3415.7854704
5354739,1,3,1,10,2,1,9,2011,9,3,6,,,1,1,1,2,,,,,,,,,,,,,,,,1,,,3,,,2,1,1,1,3,3,,,2,3,01,23,3415.7854704
5354739,1,4,1,10,2,2,10,2020,0,3,6,,,1,1,1,2,,,,,,,,,,,,,,,,1,,,3,,,2,,,,,,,,2,,01,23,3415.7854704
5354740,1,1,1,10,1,1,8,1941,79,1,6,,3,3,,3,,1,2,,,,,,,,,,,1,,1,1,,,3,,,2,2,2,,1,0,,,2,0,01,23,1924.620188
5354740,1,2,1,10,2,2,1,1945,76,2,6,,3,3,,3,,1,1,,,,,,,,,,,1,,,1,,,3,,,2,1,2,,3,4,,,2,4,01,23,1924.620188
5354740,1,3,1,10,3,1,10,1982,38,3,6,,6,1,1,1,2,,,,,,,,,,,,,1,,,1,,,3,,,2,1,2,,3,5,,,2,5,01,23,1924.620188
5354741,1,1,1,10,1,1,3,1988,32,1,1,999_01,3,2,,2,,1,2,,,,,,,1,,,,,,1,1,,,3,,,2,2,2,,1,0,,,2,0,01,23,3457.5700599
5354741,1,2,1,10,2,2,7,1971,49,2,1,999_01,3,3,,2,,1,1,,,,,,,,,1,,,,,1,,,3,,,2,1,2,,3,3,,,2,3,01,23,3457.5700599
5354741,1,3,1,10,2,1,10,2006,14,3,1,999_01,6,2,,1,2,,,,,,,,,,1,,,,,,1,,,3,,,2,1,1,1,4,7,,,2,7,01,23,3457.5700599
5354741,1,4,1,10,2,2,7,2013,7,3,1,999_01,,1,1,1,2,,,,,,,,,,,,,,,,1,,,3,,,2,2,1,1,3,0,,,2,0,01,23,3457.5700599
5354742,1,1,1,10,1,1,3,1990,30,1,6,,2,2,,2,,1,2,,,,,,,1,,,,,,1,2,1,60,,,,1,2,2,,1,0,,,2,0,01,23,3682.7189369
5354742,1,2,1,10,2,2,2,1997,23,2,6,,2,2,,2,,1,1,,,,,,,,,1,,,,,1,,,3,,,2,1,2,,3,5,,,2,5,01,23,3682.7189369
5354742,1,3,1,10,1,1,12,2013,7,3,6,,,1,1,1,2,,,,,,,,,,,,,,,,1,,,3,,,2,1,1,1,3,1,,,2,1,01,23,3682.7189369
5354742,1,4,1,10,1,1,1,2019,1,3,6,,,1,1,1,2,,,,,,,,,,,,,,,,1,,,3,,,2,,,,,,,,2,,01,23,3682.7189369
5354743,1,1,1,10,1,1,4,1994,26,1,1,800_02,2,2,,2,,1,2,,,1,1,,,,,,,,,1,1,,,3,,,2,1,2,,5,11,2,,2,11,01,23,3760.1027669
5354743,1,2,1,10,2,2,1,1991,30,2,1,800_02,2,2,,2,,1,1,,,,,,,,,,,1,,,1,,,3,,,2,1,2,,4,9,,,2,9,01,23,3760.1027669
5354743,1,3,1,10,2,1,5,2011,9,3,1,800_02,,1,1,2,,,,,,,,,,,,,,,,,1,,,3,,,2,1,1,1,3,4,,,2,4,01,23,3760.1027669
5354743,1,4,1,10,2,1,2,2013,7,3,1,800_02,,1,1,1,2,,,,,,,,,,,,,,,,1,,,3,,,2,2,1,1,3,0,,,2,0,01,23,3760.1027669
5354743,1,5,1,10,2,1,2,2017,3,3,1,800_02,,1,1,2,,,,,,,,,,,,,,,,,1,,,3,,,2,2,2,,1,0,,,2,0,01,23,3760.1027669
5354744,1,1,1,10,1,1,12,1947,73,1,6,,2,3,,3,,1,2,1,,,,,,,,1,,,,2,1,,,3,,,2,2,2,,1,0,,,2,0,01,23,1924.620188
5354744,1,2,1,10,2,2,10,1947,73,2,6,,2,3,,2,,1,1,,1,,,,,,,1,,,,,1,,,3,,,2,2,2,,1,0,,,2,0,01,23,1924.620188
5354744,1,3,1,10,2,1,10,1992,28,3,6,,6,1,1,1,2,,,,,,,,,,,,,1,,,1,,,3,,,2,2,2,,1,0,,,2,0,01,23,1924.620188
5354745,1,1,1,10,1,1,11,1968,52,1,1,800_02,3,2,,2,,1,2,,,,,,,,,,,1,,1,1,,,3,,,2,2,2,,1,0,,,2,0,01,23,3035.517391
5354745,1,2,1,10,2,2,12,1970,50,2,1,800_02,3,3,,3,,1,1,,,,,,,,,,,1,,,1,,,3,,,2,1,2,,3,5,,,2,5,01,23,3035.517391
5354745,1,3,1,10,2,1,5,2014,6,4,1,800_02,,2,,2,,,,,,,,,,,,,,,,,1,,,3,,,2,2,1,1,3,0,,,2,0,01,23,3035.517391
5354746,1,1,1,10,1,1,4,1971,49,1,6,,2,2,,2,,1,2,1,,,,1,,,,,,,,1,1,,,3,,,2,1,2,,3,2,,,2,2,01,23,3796.0535498
5354746,1,2,1,10,2,2,4,1993,27,2,6,,2,2,,2,,1,1,1,,,,,,,,,,,,,2,1,60,,,,1,1,2,,6,1,2,2,2,12,01,23,3796.0535498
5354746,1,3,1,10,2,2,4,2015,5,3,6,,,2,,1,2,,,,,,,,,,,,,,,,2,2,,,,,1,2,1,1,3,0,,,2,0,01,23,3796.0535498
5354746,1,4,1,10,2,2,9,2017,3,3,6,,,1,1,1,2,,,,,,,,,,,,,,,,1,,,3,,,2,2,2,,1,0,,,2,0,01,23,3796.0535498
5354746,1,5,1,10,2,1,12,2019,1,3,6,,,1,1,1,2,,,,,,,,,,,,,,,,1,,,3,,,2,,,,,,,,2,,01,23,3796.0535498
5354747,1,1,1,10,1,1,2,1977,43,1,1,999_01,3,2,,2,,1,2,,,1,,,,,,1,,,,1,1,,,3,,,2,2,2,,1,0,,,2,0,01,23,2550.3086997
5354747,1,2,1,10,2,2,12,1977,43,2,1,999_01,3,3,,2,,1,1,,,,,,,,,1,,,,,1,,,3,,,2,2,2,,1,0,,,2,0,01,23,2550.3086997
5354747,1,3,1,10,2,2,10,2008,12,3,1,999_01,6,1,1,1,2,,,,,,,,,,1,,,,,,1,,,3,,,2,1,1,1,4,0,,,2,5,01,23,2550.3086997
5354791,1,1,1,10,1,2,9,1968,52,1,5,,4,3,,3,,,,,1,,,,,,,1,,,,1,1,,,3,,,2,1,2,,3,2,,,2,2,01,27,1188.1712436
5354791,1,2,1,10,2,1,12,2002,18,3,5,,6,2,,1,1,,,,,,,,,,1,,,,,,1,,,3,,,2,1,1,1,5,10,1,,2,10,01,27,1188.1712436
5354791,1,3,1,10,3,2,6,2004,16,3,5,,6,2,,1,1,,,,,,,,,,,,,1,,,1,,,3,,,2,1,2,,4,7,,,2,7,01,27,1188.1712436
5354791,1,4,1,10,3,1,1,2019,2,4,5,,,2,,1,3,,,,,,,,,,,,,,,,1,,,3,,,2,,,,,,,,2,,01,27,1188.1712436
5354797,1,1,1,10,1,2,4,1996,24,1,6,,6,3,,3,,,,,,,,,,,1,,,,,1,1,,,3,,,2,1,1,1,4,9,,,2,9,01,27,2257.0350878
5354797,1,2,1,10,2,2,10,2014,6,3,5,,,2,,1,1,,,,,,,,,,,,,,,,1,,,3,,,2,1,1,1,3,1,,,2,1,01,27,2257.0350878
5354797,1,3,1,10,1,2,5,2018,2,3,5,,,2,,1,1,,,,,,,,,,,,,,,,1,,,3,,,2,,,,,,,,2,,01,27,2257.0350878
5354798,1,1,1,10,1,1,7,1949,71,1,6,,4,3,,3,,,,,,,1,,,,,,,,,1,1,,,3,,,2,1,2,,3,1,,,2,1,01,27,1264.0210897
5354799,1,1,1,10,1,1,11,1981,39,1,6,,2,3,,2,,2,,,,,1,,,,,,,,,1,1,,,3,,,2,1,2,,3,5,,,2,5,01,27,2664.7468291
5354799,1,2,1,10,2,1,3,2003,17,3,6,,6,1,1,2,,,,,,,,,,,,,,1,,,1,,,3,,,2,1,2,,4,6,,,2,6,01,27,2664.7468291
5354799,1,3,1,10,3,2,2,2005,15,3,6,,6,1,1,2,,,,,,,,,,,1,,,,,,1,,,3,,,2,1,1,1,4,6,,,2,6,01,27,2664.7468291
5354799,1,4,1,10,4,2,3,2008,12,3,6,,6,1,1,2,,,,,,,,,,,1,,,,,,1,,,3,,,2,1,1,1,4,0,,,2,5,01,27,2664.7468291
5354800,1,1,1,10,1,2,4,1961,59,1,6,,6,3,,3,,,,,,,,,,,,,,1,,1,1,,,3,,,2,1,2,,5,11,2,,2,11,01,27,1218.5421709
5354800,1,2,1,10,2,2,6,1999,21,3,6,,6,3,,1,1,,,,,,,,,,,,,1,,,1,,,3,,,2,1,2,,4,9,,,2,9,01,27,1218.5421709
5354800,1,3,1,10,2,2,10,2019,1,4,6,,,2,,1,2,,,,,,,,,,,,,,,,1,,,3,,,2,,,,,,,,2,,01,27,1218.5421709
5354803,1,1,1,10,1,1,12,1950,70,1,5,,5,3,,3,,,,,,,,,,,,1,,,,1,1,,,3,,,2,2,2,,1,0,,,2,0,01,27,1264.0210897
5354804,1,1,1,10,1,2,5,1989,31,1,5,,4,2,,2,,,,,1,,,,,,,1,,,,1,1,,,3,,,2,1,2,,4,7,,,2,7,01,27,965.30294516
5354804,1,2,1,10,2,2,3,2007,13,3,5,,6,2,,1,1,,,,,,,,,,1,,,,,,2,2,,,,,2,1,1,1,4,6,,,2,6,01,27,965.30294516
5354804,1,3,1,10,3,2,7,2009,11,3,5,,6,2,,1,1,,,,,,,,,,1,,,,,,2,2,,,,,2,1,1,1,3,3,,,2,3,01,27,965.30294516
5354804,1,4,1,10,1,2,12,2011,9,3,5,,,2,,1,1,,,,,,,,,,,,,,,,2,2,,,,,2,1,1,1,3,2,,,2,2,01,27,965.30294516
5354804,1,5,1,10,1,2,7,2016,4,3,5,,,2,,1,1,,,,,,,,,,,,,,,,2,2,,,,,2,2,1,1,2,0,,,2,0,01,27,965.30294516
5354805,1,1,1,10,1,2,8,1987,33,1,5,,2,2,,2,,1,2,,,,,,,,,,,1,,1,1,,,3,,,2,1,2,,3,5,,,2,5,01,27,1747.1660885
5354805,1,2,1,10,2,1,4,1983,37,2,5,,2,2,,3,,1,1,,,,,,,,,,,1,,,1,,,3,,,2,2,2,,1,0,,,2,0,01,27,1747.1660885
5354805,1,3,1,10,1,1,11,2012,8,3,5,,,1,2,1,1,,,,,,,,,,,,,,,,1,,,3,,,2,1,1,1,3,1,,,2,1,01,27,1747.1660885
5354805,1,4,1,10,1,2,8,2017,3,3,5,,,1,2,1,1,,,,,,,,,,,,,,,,1,,,3,,,2,1,1,1,2,0,,,2,0,01,27,1747.1660885
5354806,1,1,1,10,1,2,2,1946,74,1,5,,5,3,,3,,,,,,,,,,,,1,,,,1,1,,,3,,,2,2,2,,1,0,,,2,0,01,27,701.92324884
5354807,1,1,1,10,1,1,1,1960,61,1,5,,4,3,,3,,,,1,,,,,,,,1,,,,1,1,,,3,,,2,2,2,,1,0,,,2,0,01,27,1264.0210897
5354808,1,1,1,10,1,1,1,1959,62,1,5,,2,3,,3,,1,2,,,,,,,,,1,,,,1,2,2,,,,,2,2,2,,1,0,,,2,0,01,27,666.18670727
5354808,1,2,1,10,2,2,3,1946,74,2,5,,2,3,,3,,1,1,,,,,,,,,1,,,,,1,,,3,,,2,2,2,,1,0,,,2,0,01,27,666.18670727
5354809,1,1,1,10,1,1,12,1964,56,1,5,,2,3,,3,,1,2,,1,,,,,,,1,,,,1,1,,,3,,,2,2,2,,1,0,,,2,0,01,27,666.18670727
5354809,1,2,1,10,2,2,1,1967,54,2,5,,2,3,,3,,1,1,,,,,,,,,1,,,,,2,1,24,,,,2,2,2,,1,0,,,2,0,01,27,666.18670727
5354809,1,3,1,10,2,2,4,1996,24,3,5,,6,1,1,1,2,,,,,,,,,,,1,,,,,1,,,3,,,2,1,2,,3,5,,,2,5,01,27,666.18670727
5354809,1,4,1,10,2,1,1,2017,4,4,5,,,2,,2,,,,,,,,,,,,,,,,,2,2,,,,,2,2,1,1,2,0,,,2,0,01,27,666.18670727
5354810,1,1,1,10,1,1,5,1994,26,1,5,,2,2,,2,,1,2,,1,,1,,,,,,,,,1,2,2,,,,,2,1,2,,3,5,,,2,5,01,27,2597.4860494
5354810,1,2,1,10,2,2,11,2002,18,2,5,,2,2,,2,,1,1,,,,,,,,,,,1,,,1,,,3,,,2,1,2,,4,6,,,2,6,01,27,2597.4860494
5354810,1,3,1,10,2,2,3,2020,0,3,5,,,1,1,1,2,,,,,,,,,,,,,,,,2,2,,,,,2,,,,,,,,2,,01,27,2597.4860494
5354811,1,1,1,10,1,1,1,1959,62,1,5,,4,3,,3,,,,,,,,,,,,,,1,,1,2,2,,,,,2,2,2,,1,0,,,2,0,01,27,1264.0210897
5354813,1,1,1,10,1,2,3,1990,30,1,5,,4,2,,2,,,,,,,,,,,,1,,,,1,1,,,3,,,2,1,2,,5,11,2,,2,11,01,27,998.67237576
5354813,1,2,1,10,1,2,12,2012,8,3,5,,,2,,1,1,,,,,,,,,,,,,,,,1,,,3,,,2,1,1,1,3,2,,,2,2,01,27,998.67237576
5354813,1,3,1,10,1,1,4,2017,3,3,5,,,2,,1,1,,,,,,,,,,,,,,,,1,,,3,,,2,2,1,1,2,0,,,2,0,01,27,998.67237576
5354814,1,1,1,10,1,2,12,1974,46,1,5,,4,2,,2,,,,,1,,1,,,,,1,,,,1,1,,,3,,,2,1,2,,3,3,,,2,3,01,27,666.18670727
5354814,1,2,1,10,2,2,5,2004,16,3,5,,6,2,,1,1,,,,,,1,,,,,,,,,,1,,,3,,,2,1,2,,4,7,,,2,7,01,27,666.18670727
5354814,1,3,1,10,2,2,7,2019,1,4,5,,,2,,1,2,,,,,,,,,,,,,,,,1,,,3,,,2,,,,,,,,2,,01,27,666.18670727
5354815,1,1,1,10,1,2,10,1971,49,1,5,,4,3,,2,,,,,,,1,,,,,,,,,1,1,,,3,,,2,1,2,,5,11,2,,2,11,01,27,666.18670727
5354815,1,2,1,10,2,1,6,2005,15,3,5,,6,2,,1,1,,,,,,,,,,1,,,,,,1,,,1,5,,2,1,1,1,4,8,,,2,8,01,27,666.18670727
5354815,1,3,1,10,3,2,9,1982,38,5,5,,4,3,,2,,,,,,,,,,,,1,,,,,2,1,60,,,,2,1,2,,5,11,2,,2,11,01,27,666.18670727
5354815,1,4,1,10,3,2,7,2016,4,5,5,,,2,,1,3,,,,,,,,,,,,,,,,2,2,,,,,2,2,1,1,2,0,,,2,0,01,27,666.18670727
5354816,1,1,1,10,1,2,7,1978,42,1,5,,2,2,,2,,2,,1,,,1,,,,,1,,,,1,2,1,120,,,,2,2,2,,3,1,,,2,1,01,27,1018.572168
5354816,1,2,1,10,2,2,3,2000,20,3,5,,6,2,,1,1,,,,,,,,,,,,,1,,,2,1,60,,,,2,1,2,,6,2,3,,2,13,01,27,1018.572168
5354816,1,3,1,10,1,1,3,2001,19,3,5,,6,2,,1,1,,,,,,1,,,,1,,,,,,2,1,60,,,,2,1,1,1,5,10,1,,2,10,01,27,1018.572168
5354816,1,4,1,10,4,1,9,2003,17,3,5,,6,2,,1,1,,,1,,,,,,,1,,,,,,2,1,60,,,,2,1,1,1,4,9,,,2,9,01,27,1018.572168
5354817,1,1,1,10,1,1,5,1986,34,1,5,,2,3,,3,,1,2,,,,1,,,,,1,,,,1,1,,,3,,,2,1,2,,3,3,,,2,3,01,27,1904.6870672
5354817,1,2,1,10,2,2,4,1987,33,2,5,,2,2,,2,,1,1,,,,,,,,,1,,,,,1,,,3,,,2,1,2,,5,11,2,,2,11,01,27,1904.6870672
5354817,1,3,1,10,2,2,8,2011,9,3,5,,,1,1,1,2,,,,,,,,,,,,,,,,1,,,3,,,2,1,1,1,3,2,,,2,2,01,27,1904.6870672
5354817,1,4,1,10,2,2,2,2014,6,3,5,,,1,1,1,2,,,,,,,,,,,,,,,,1,,,3,,,2,1,1,1,3,1,,,2,1,01,27,1904.6870672
5354817,1,5,1,10,2,2,2,2018,2,3,5,,,1,1,1,2,,,,,,,,,,,,,,,,1,,,3,,,2,,,,,,,,2,,01,27,1904.6870672
5354818,1,1,1,10,1,2,10,1992,28,1,5,,2,2,,2,,2,,,,,,,,,,1,,,,1,1,,,3,,,2,1,2,,5,11,2,,2,11,01,27,666.18670727
5354818,1,2,1,10,1,2,12,2012,8,3,5,,,2,,1,1,,,,,,,,,,,,,,,,1,,,3,,,2,1,1,1,3,2,,,2,2,01,27,666.18670727
5354828,1,1,1,10,1,1,2,1994,26,1,5,,2,2,,2,,1,2,,,,1,,,,,,,,,2,1,,,3,,,2,1,2,,5,11,2,,2,11,01,27,1088.6015649
5354828,1,2,1,10,2,2,4,1994,26,2,5,,2,2,,2,,1,1,,,,,,,,,,,1,,,1,,,3,,,2,1,2,,6,6,4,,2,17,01,27,1088.6015649
5354828,1,3,1,10,2,2,12,2019,1,3,5,,,1,1,1,2,,,,,,,,,,,,,,,,1,,,3,,,2,,,,,,,,2,,01,27,1088.6015649
5354830,1,1,1,10,1,1,9,1945,75,1,5,,3,3,,3,,1,2,,,,,,,,,1,,,,1,2,2,,,,,2,1,2,,3,2,,,2,2,01,27,666.18670727
5354830,1,2,1,10,2,2,11,1948,72,2,5,,3,3,,3,,1,1,,,,,,,,,1,,,,,2,2,,,,,2,2,2,,1,0,,,2,0,01,27,666.18670727
5354831,1,1,1,10,1,2,2,1989,31,1,5,,2,3,,2,,2,,,,,1,,,,,,,,,1,2,1,12,,,,2,1,2,,6,2,3,,2,13,01,27,666.18670727
5354832,1,1,1,10,1,2,12,1943,77,1,5,,2,3,,3,,2,,,,,,,,,,1,,,,1,2,2,,,,,2,2,2,,1,0,,,2,0,01,27,701.92324884
5354833,1,1,1,10,1,2,7,1959,61,1,5,,4,3,,3,,,,,1,,,,,,,1,,,,1,2,1,2,,,,2,1,2,,5,11,2,,2,11,01,27,701.92324884
5354834,1,1,1,10,1,1,10,1973,47,1,5,,4,3,,2,,,,1,,,,,,,,1,,,,1,1,,,3,,,2,1,2,,3,3,,,2,3,01,27,2080.8671273
5354836,1,1,1,10,1,2,12,1938,82,1,5,,5,3,,3,,,,,,,,,,,,1,,,,1,1,,,3,,,2,2,2,,1,0,,,2,0,01,27,701.92324884
5354837,1,1,1,10,1,2,6,1956,64,1,5,,4,2,,2,,,,,1,,,,,,,1,,,,1,2,1,36,,,,2,1,2,,3,4,,,2,4,01,27,701.92324884
5354838,1,1,1,10,1,2,4,1995,25,1,5,,4,2,,2,,,,,1,,,,,,,1,,,,1,2,1,36,,,,2,1,2,,3,5,,,2,5,01,27,998.67237576
5354838,1,2,1,10,1,2,6,2017,3,3,5,,,2,,1,1,,,,,,,,,,,,,,,,2,2,,,,,2,2,1,1,2,0,,,2,0,01,27,998.67237576
5354838,1,3,1,10,1,1,8,2019,1,3,5,,,2,,1,1,,,,,,,,,,,,,,,,2,2,,,,,2,,,,,,,,2,,01,27,998.67237576
5354839,1,1,1,10,1,2,10,1988,32,1,5,,2,2,,2,,1,2,1,,,,,,,,,,,,1,1,,,3,,,2,1,2,,5,10,1,,2,10,01,27,1577.5670129
5354839,1,2,1,10,2,1,6,1990,30,2,5,,2,2,,2,,1,1,,,,,,,,,,,1,,,1,,,3,,,2,1,2,,5,11,2,,2,11,01,27,1577.5670129
5354839,1,3,1,10,3,1,8,2008,12,3,5,,6,2,,1,1,,,,,,,,,,1,,,,,,1,,,3,,,2,1,1,1,3,4,,,2,4,01,27,1577.5670129
5354839,1,4,1,10,1,2,2,2014,6,3,5,,,2,,1,1,,,,,,,,,,,,,,,,1,,,3,,,2,1,1,1,3,1,,,2,1,01,27,1577.5670129
5354840,1,1,1,10,1,1,11,1986,34,1,5,,2,2,,2,,2,,,,,1,,,,,,,,,1,2,1,2,,,,2,1,2,,4,9,,,2,9,01,27,2080.8671273
5354841,1,1,1,10,1,1,12,1940,80,1,5,,2,3,,3,,1,2,,,,,,,,,1,,,,1,1,,,3,,,2,1,2,,3,3,,,2,3,01,27,666.18670727
5354841,1,2,1,10,2,2,12,1949,71,2,5,,2,3,,2,,1,1,,,,,,,,,1,,,,,1,,,3,,,2,2,2,,1,0,,,2,0,01,27,666.18670727
5354842,1,1,1,10,1,1,6,1969,51,1,5,,2,2,,2,,2,,,,,,,,,,1,,,,1,1,,,3,,,2,2,2,,1,0,,,2,0,01,27,2664.7468291
5354842,1,2,1,10,1,1,1,2012,9,3,5,,,1,1,2,,,,,,,,,,,,,,,,,1,,,3,,,2,1,1,1,3,3,,,2,3,01,27,2664.7468291
5354842,1,3,1,10,1,1,8,2013,7,3,5,,,1,1,2,,,,,,,,,,,,,,,,,1,,,3,,,2,1,1,1,3,1,,,2,1,01,27,2664.7468291
5354843,1,1,1,10,1,1,1,1982,39,1,5,,2,3,,2,,1,2,,1,,,,,,,,,,,1,1,,,3,,,2,1,2,,5,10,1,,2,10,01,27,1447.6995084
5354843,1,2,1,10,2,2,3,1994,26,2,5,,2,2,,2,,1,1,,1,,,,,,,,,,,,1,,,3,,,2,1,2,,5,11,2,,2,11,01,27,1447.6995084
5354843,1,3,1,10,3,2,10,2010,10,3,5,,6,2,,1,2,,,,,,,,,,1,,,,,,1,,,3,,,2,1,1,1,3,2,,,2,2,01,27,1447.6995084
5354843,1,4,1,10,2,1,8,2017,3,3,5,,,2,,1,2,,,,,,,,,,,,,,,,1,,,3,,,2,2,2,,1,0,,,2,0,01,27,1447.6995084
5354844,1,1,1,10,1,1,2,1965,55,1,5,,2,3,,2,,1,2,,1,,,,,,,,,,,1,1,,,3,,,2,2,2,,1,0,,,2,0,01,27,666.18670727
5354844,1,2,1,10,2,2,1,1964,57,2,5,,2,2,,3,,1,1,,1,,,,,,,,,,,,1,,,3,,,2,2,2,,1,0,,,2,0,01,27,666.18670727
5354845,1,1,1,10,1,1,3,1985,35,1,5,,2,2,,2,,1,2,,1,,,,,,,,,,,1,1,,,3,,,2,1,2,,3,2,,,2,2,01,27,680.55881379
5354845,1,2,1,10,2,2,2,1987,33,2,5,,2,2,,2,,1,1,,1,,,,,,,,,,,,1,,,3,,,2,1,2,,3,1,,,2,1,01,27,680.55881379
5354846,1,1,1,10,1,1,11,1985,35,1,5,,6,2,,3,,,,,1,,,,,,,,,,,1,2,1,98,,,,2,1,2,,3,5,,,2,5,01,27,2080.8671273
5354847,1,1,1,10,1,1,5,1963,57,1,5,,2,3,,2,,1,2,,1,,,,,,,,,,,1,1,,,3,,,2,1,2,,4,7,,,2,7,01,27,742.14709492
5354847,1,2,1,10,2,2,10,1965,55,2,5,,2,2,,3,,1,1,,1,,,,,,,,,,,,1,,,3,,,2,1,2,,3,4,,,2,4,01,27,742.14709492
5354847,1,3,1,10,3,2,3,2007,13,5,5,,6,2,,2,,,,,,,,,,,1,,,,,,1,,,3,,,2,1,1,1,4,0,,,2,5,01,27,742.14709492
5354848,1,1,1,10,1,1,7,1972,48,1,5,,4,3,,2,,,,,1,,,,,,,,,,,1,2,1,120,,,,2,1,2,,3,5,,,2,5,01,27,2080.8671273
5354849,1,1,1,10,1,2,3,1980,40,1,5,,4,3,,2,,,,,1,,,,,,,,,,,1,1,,,3,,,2,1,2,,5,11,2,,2,11,01,27,1318.0387482
5354849,1,2,1,10,2,1,3,2002,18,3,5,,6,2,,1,1,,,,1,,,,,,,,,,,,1,,,3,,,2,1,2,,5,11,2,,2,11,01,27,1318.0387482
5354849,1,3,1,10,3,1,9,2004,16,3,5,,6,2,,1,1,,,,1,,,,,,1,,,,,,1,,,3,,,2,1,1,1,4,9,,,2,9,01,27,1318.0387482
5354849,1,4,1,10,1,2,7,2017,3,3,5,,,2,,1,1,,,,,,,,,,,,,,,,1,,,3,,,2,2,2,,1,0,,,2,0,01,27,1318.0387482
5354850,1,1,1,10,1,2,12,1984,36,1,5,,2,2,,2,,2,,,1,1,,,,,,,,,,1,2,2,,,,,2,1,2,,5,11,2,,2,11,01,27,829.07330017
5354850,1,2,1,10,2,1,9,2005,15,3,5,,6,2,,1,1,,,,,,,,,,1,,,,,,1,,,3,,,2,1,1,1,4,6,,,2,6,01,27,829.07330017
5354850,1,3,1,10,1,2,7,2015,5,3,5,,,2,,1,1,,,,,,,,,,,,,,,,1,,,3,,,2,2,1,1,3,0,,,2,0,01,27,829.07330017
5354851,1,1,1,10,1,2,6,1972,48,1,5,,2,2,,2,,1,2,,1,,,,,,,,,,,1,1,,,3,,,2,2,2,,1,0,,,2,0,01,27,666.18670727
5354851,1,2,1,10,2,1,6,1964,56,2,5,,2,3,,2,,1,1,,1,,,,,,,1,,,,,1,,,3,,,2,1,2,,3,3,,,2,3,01,27,666.18670727
5354852,1,1,1,10,1,2,11,1987,33,1,5,,2,2,,2,,2,,,1,,,,,,,,,,,1,1,,,3,,,2,1,2,,6,2,3,,2,13,01,27,998.67237576
5354852,1,2,1,10,1,2,11,2012,8,3,5,,,2,,1,1,,,,,,,,,,,,,,,,1,,,3,,,2,1,1,1,3,2,,,2,2,01,27,998.67237576
5354852,1,3,1,10,1,1,7,2018,2,3,5,,,2,,1,1,,,,,,,,,,,,,,,,1,,,3,,,2,,,,,,,,2,,01,27,998.67237576
5354853,1,1,1,10,1,1,9,1978,42,1,5,,3,2,,2,,1,2,,1,,,,,,,,,,,1,2,1,36,,,,2,2,2,,1,0,,,2,0,01,27,1169.5242618
5354853,1,2,1,10,2,2,7,1980,40,2,5,,3,2,,2,,1,1,,1,,,,,,,,,,,,1,,,3,,,2,1,2,,5,11,2,,2,11,01,27,1169.5242618
5354853,1,3,1,10,3,1,7,2004,16,3,5,,6,1,1,1,2,,,,,,,,,,,,,1,,,1,,,3,,,2,1,2,,5,11,2,,2,11,01,27,1169.5242618
5354854,1,1,1,10,1,2,12,1939,81,1,5,,5,3,,3,,,,,1,,,,,,,,,,,1,1,,,3,,,2,2,2,,1,0,,,2,0,01,27,701.92324884
5354855,1,1,1,10,1,1,4,1956,64,1,5,,4,2,,3,,,,,1,,,,,,,,,,,1,1,,,3,,,2,1,2,,3,5,,,2,5,01,27,1264.0210897
5354856,1,1,1,10,1,1,7,1973,47,1,5,,2,2,,2,,1,2,,1,,,,,,,,,,,1,2,1,24,,,,2,2,2,,1,0,,,2,0,01,27,680.55881379
5354856,1,2,1,10,2,2,7,1983,37,2,5,,2,2,,2,,1,1,,1,,,,,,,,,,,,1,,,3,,,2,1,2,,3,4,,,2,4,01,27,680.55881379
5354857,1,1,1,10,1,1,2,1985,35,1,5,,2,2,,2,,1,2,,1,,,,,,,,,,,1,1,,,3,,,2,1,2,,5,11,2,,2,11,01,27,1088.6015649
5354857,1,2,1,10,2,2,5,1993,27,2,5,,2,2,,2,,1,1,,1,,,,,,,,,,,,2,1,24,,,,2,1,2,,4,8,,,2,8,01,27,1088.6015649
5354857,1,3,1,10,2,2,3,2014,6,3,5,,,2,,1,2,,,,,,,,,,,,,,,,2,1,24,,,,2,2,1,1,3,0,,,2,0,01,27,1088.6015649
5354858,1,1,1,10,1,1,6,1959,61,1,5,,2,3,,2,,1,2,,1,,,,,,,,,,,1,1,,,3,,,2,1,2,,3,2,,,2,2,01,27,666.18670727
5354858,1,2,1,10,2,2,2,1961,59,2,5,,2,3,,2,,1,1,,1,,,,,,,,,,,,1,,,1,1,80000,2,1,2,,5,11,2,,2,11,01,27,666.18670727
5354859,1,1,1,10,1,1,4,1977,43,1,5,,2,2,,2,,1,2,,1,,,,,,,,,,,1,1,,,3,,,2,1,2,,3,5,,,2,5,01,27,1664.8518502
5354859,1,2,1,10,2,2,10,1981,39,2,5,,2,2,,2,,1,1,,1,,,,,,,,,,,,1,,,3,,,2,1,2,,3,5,,,2,5,01,27,1664.8518502
5354859,1,3,1,10,3,2,3,2001,19,3,5,,6,1,1,1,2,,,,,,,,,,1,,,,,,1,,,3,,,2,1,1,1,4,8,,,2,8,01,27,1664.8518502
5354859,1,4,1,10,4,2,8,2005,15,3,5,,6,1,1,1,2,,,,,,,,,,1,,,,,,1,,,3,,,2,1,1,1,4,7,,,2,7,01,27,1664.8518502
5354859,1,5,1,10,5,2,12,2006,14,3,5,,6,1,1,1,2,,,,,,,,,,1,,,,,,1,,,3,,,2,1,1,1,4,7,,,2,7,01,27,1664.8518502
5354859,1,6,1,10,1,1,7,2012,8,3,5,,,1,1,1,2,,,,,,,,,,,,,,,,1,,,3,,,2,2,2,,1,0,,,2,0,01,27,1664.8518502
5354860,1,1,1,10,1,2,1,1979,42,1,5,,2,2,,2,,2,,,1,1,,,,,,,,,,1,2,1,72,,,,2,1,2,,4,8,,,2,8,01,27,666.18670727
5354860,1,2,1,10,2,1,5,2005,15,3,5,,6,2,,1,1,,,,,,,,,,1,,,,,,1,,,3,,,2,1,1,1,4,7,,,2,7,01,27,666.18670727
5354861,1,1,1,10,1,2,8,2001,19,1,5,,4,2,,2,,,,,1,,,,,,,,,,,1,1,,,3,,,2,1,2,,4,6,,,2,6,01,27,2664.7468291
5354861,1,2,1,10,1,1,3,2016,4,3,5,,,2,,1,1,,,,,,,,,,,,,,,,2,2,,,,,2,2,2,,1,0,,,2,0,01,27,2664.7468291
5354861,1,3,1,10,1,1,7,2018,2,3,5,,,2,,1,1,,,,,,,,,,,,,,,,2,2,,,,,2,,,,,,,,2,,01,27,2664.7468291
5354862,1,1,1,10,1,2,6,1955,65,1,5,,4,3,,2,,,,,1,,,,,,,1,,,,1,2,1,12,,,,2,1,2,,3,3,,,2,3,01,27,701.92324884
5354863,1,1,1,10,1,1,10,1971,49,1,5,,2,3,,2,,1,2,,1,,,,,,,,,,,1,1,,,3,,,2,1,2,,3,1,,,2,1,01,27,1278.1004328
5354863,1,2,1,10,2,2,4,1979,41,2,5,,2,2,,2,,1,1,,1,,,,,,,,,,,,1,,,3,,,2,1,2,,3,5,,,2,5,01,27,1278.1004328
5354863,1,3,1,10,3,2,1,1997,24,3,5,,6,1,1,1,2,,,,,,,,,,,,,1,,,1,,,3,,,2,1,2,,4,7,,,2,7,01,27,1278.1004328
5354863,1,4,1,10,4,1,4,1998,22,3,5,,6,1,1,1,2,,,,,,,,,,,,,1,,,1,,,3,,,2,1,2,,5,11,2,,2,11,01,27,1278.1004328
5354864,1,1,1,10,1,2,2,1995,25,1,5,,4,2,,2,,,,,1,,,,,,,,,,,1,1,,,3,,,2,1,2,,5,11,2,,2,11,01,27,998.67237576
5354864,1,2,1,10,1,1,6,2015,5,3,5,,,2,,1,1,,,,,,,,,,,,,,,,1,,,3,,,2,2,1,1,3,0,,,2,0,01,27,998.67237576
5354864,1,3,1,10,1,2,7,2020,0,3,5,,,2,,1,1,,,,,,,,,,,,,,,,2,2,,,,,2,,,,,,,,2,,01,27,998.67237576
5354865,1,1,1,10,1,1,4,1953,67,1,5,,5,3,,3,,,,,1,,,,,,,,,,,1,1,,,3,,,2,1,2,,3,5,,,2,5,01,27,1264.0210897
5354866,1,1,1,10,1,2,2,1971,50,1,5,,4,3,,3,,,,,1,1,,,,,,,,,,1,1,,,3,,,2,1,2,,5,10,1,,2,10,01,27,666.18670727
5354867,1,1,1,10,1,2,11,1942,78,1,5,,5,3,,3,,,,,1,,,,,,,1,,,,1,1,,,3,,,2,1,2,,3,4,,,2,4,01,27,701.92324884
5354868,1,1,1,10,1,2,12,1951,69,1,5,,5,3,,3,,,,,1,,,,,,,,,,,1,1,,,3,,,2,2,2,,1,0,,,2,0,01,27,666.18670727
5354868,1,2,1,10,2,1,12,1983,37,3,5,,6,3,,1,1,,,,1,,,,,,,,,,,,1,,,3,,,2,1,2,,4,7,,,2,7,01,27,666.18670727
5354868,1,3,1,10,1,2,11,1993,27,3,5,,6,3,,1,1,,,,,,,,,,,,,1,,,1,,,3,,,2,2,2,,1,0,,,2,0,01,27,666.18670727
5354869,1,1,1,10,1,2,10,1960,60,1,5,,4,3,,3,,,,,1,,,,,,,,,,,1,1,,,3,,,2,1,2,,3,5,,,2,5,01,27,701.92324884
5354870,1,1,1,10,1,1,12,1944,76,1,5,,2,3,,2,,1,2,,1,,,,,,,1,,,,1,1,,,3,,,2,1,2,,5,11,2,,2,11,01,27,1041.6136751
5354870,1,2,1,10,2,2,4,1955,65,2,5,,2,3,,3,,1,1,,1,,,,,,,,,,,,1,,,3,,,2,1,2,,4,6,,,2,6,01,27,1041.6136751
5354870,1,3,1,10,2,2,9,2015,5,4,5,,,2,,2,,,,,,,,,,,,,,,,,1,,,3,,,2,2,1,1,2,0,,,2,0,01,27,1041.6136751
5354871,1,1,1,10,1,2,8,1995,25,1,5,,4,2,,2,,,,,1,1,,,,,,,,,,1,1,,,3,,,2,1,2,,5,11,2,,2,11,01,27,1249.1941482
5354871,1,2,1,10,1,1,11,2012,8,3,5,,,2,,1,1,,,,,,,,,,,,,,,,1,,,3,,,2,1,1,1,3,2,,,2,2,01,27,1249.1941482
5354871,1,3,1,10,1,1,1,2018,3,3,5,,,2,,1,1,,,,,,,,,,,,,,,,1,,,3,,,2,2,2,,1,0,,,2,0,01,27,1249.1941482
5354872,1,1,1,10,1,2,1,1993,28,1,5,,4,2,,2,,,,,1,1,,,,,,,,,,1,1,,,3,,,2,1,2,,4,6,,,2,6,01,27,1324.180548
5354872,1,2,1,10,1,1,2,2014,6,3,5,,,2,,1,1,,,,,,,,,,,,,,,,1,,,3,,,2,2,1,1,3,0,,,2,0,01,27,1324.180548
5354873,1,1,1,10,1,1,7,1972,48,1,5,,3,2,,3,,1,2,,1,1,,,,,,,,,,1,1,,,3,,,2,1,2,,4,8,,,2,8,01,27,1324.180548
5354873,1,2,1,10,2,2,4,1989,31,2,5,,3,2,,2,,1,1,,1,,,,,,,,,,,,1,,,3,,,2,1,2,,6,2,3,,2,13,01,27,1324.180548
5354873,1,3,1,10,1,2,12,2019,1,3,5,,,1,1,1,2,,,,,,,,,,,,,,,,1,,,3,,,2,,,,,,,,2,,01,27,1324.180548
5354873,1,4,1,10,4,2,5,1971,49,5,5,,3,2,,3,,2,,,1,1,,,,,,,,,,,1,,,1,5,,2,1,2,,6,3,3,,2,14,01,27,1324.180548
5354873,1,5,1,10,5,2,5,2005,15,5,5,,6,2,,1,4,,,,,,,,,,1,,,,,,1,,,1,5,,2,1,1,1,5,10,1,,2,10,01,27,1324.180548
5354873,1,6,1,10,6,2,2,2009,11,5,5,,6,2,,1,4,,,,,,,,,,1,,,,,,1,,,1,5,,2,1,1,1,4,0,,,2,5,01,27,1324.180548
5354873,1,7,1,10,7,2,8,1976,44,5,5,,4,3,,3,,,,,1,,,,,,,,,,,,1,,,1,2,120000,2,1,2,,5,11,2,,2,11,01,27,1324.180548
5354873,1,8,1,10,1,1,4,2014,6,9,5,,,3,,2,,,,,,,,,,,,,,,,,1,,,3,,,2,1,1,1,3,1,,,2,1,01,27,1324.180548
5354874,1,1,1,10,1,2,9,1988,32,1,5,,2,3,,2,,1,2,,1,1,,,,,,,,,,1,1,,,3,,,2,1,2,,4,6,,,2,6,01,27,2877.5949856
5354874,1,2,1,10,2,1,2,1986,34,2,5,,2,3,,3,,1,1,,1,1,,,,,,,,,,,1,,,3,,,2,2,2,,1,0,,,2,0,01,27,2877.5949856
5354874,1,3,1,10,3,2,12,2010,10,3,5,,6,1,2,1,1,,,,,,,,,,1,,,,,,1,,,3,,,2,1,1,1,3,4,,,2,4,01,27,2877.5949856
5354874,1,4,1,10,1,1,2,2015,5,3,5,,,1,2,1,1,,,,,,,,,,,,,,,,1,,,3,,,2,2,1,1,3,0,,,2,0,01,27,2877.5949856
5354875,1,1,1,10,1,1,8,1979,41,1,5,,2,2,,3,,1,2,,1,,,,,,,,,,,1,1,,,3,,,2,1,2,,3,2,,,2,2,01,27,3688.6623154
5354875,1,2,1,10,2,2,7,1986,34,2,5,,2,2,,2,,1,1,,1,,,,,,,,,,,,1,,,3,,,2,1,2,,4,6,,,2,6,01,27,3688.6623154
5354875,1,3,1,10,3,2,8,2009,11,3,5,,6,1,1,1,2,,,,,,,,,,1,,,,,,1,,,3,,,2,1,1,1,3,4,,,2,4,01,27,3688.6623154
5354875,1,4,1,10,2,2,11,2011,9,3,5,,,1,1,1,2,,,,,,,,,,,,,,,,1,,,3,,,2,1,1,1,3,3,,,2,3,01,27,3688.6623154
5354875,1,5,1,10,2,1,7,2014,6,3,5,,,1,1,1,2,,,,,,,,,,,,,,,,1,,,3,,,2,2,1,1,3,0,,,2,0,01,27,3688.6623154
5354876,1,1,1,10,1,2,2,1981,39,1,5,,2,3,,2,,1,2,,1,,,,,,,1,,,,1,1,,,3,,,2,1,2,,4,8,,,2,8,01,27,2562.9785279
5354876,1,2,1,10,2,1,6,1965,55,2,5,,2,3,,3,,1,1,,1,,,,,,,1,,,,,1,,,3,,,2,1,2,,3,1,,,2,1,01,27,2562.9785279
5354876,1,3,1,10,3,2,10,2004,16,3,5,,6,2,,1,1,,,,,,,,,,1,,,,,,1,,,3,,,2,1,1,1,4,8,,,2,8,01,27,2562.9785279
5354876,1,4,1,10,1,1,8,2014,6,3,5,,,2,,1,1,,,,,,,,,,,,,,,,1,,,3,,,2,2,1,1,3,0,,,2,0,01,27,2562.9785279
5354876,1,5,1,10,1,1,8,2019,1,3,5,,,1,2,1,1,,,,,,,,,,,,,,,,1,,,3,,,2,,,,,,,,2,,01,27,2562.9785279
5354877,1,1,1,10,1,1,4,1954,66,1,5,,2,3,,3,,1,2,,1,,,,,,,1,,,,1,1,,,3,,,2,1,2,,3,2,,,2,2,01,27,1324.180548
5354877,1,2,1,10,2,2,5,1956,64,2,5,,2,3,,3,,1,1,,,,,,,,,1,,,,,1,,,3,,,2,1,2,,3,3,,,2,3,01,27,1324.180548
5354878,1,1,1,10,1,2,8,1990,30,1,1,280_01,4,3,,2,,,,,1,,,,,,,1,,,,1,1,,,3,,,2,2,2,,1,0,,,2,0,01,27,2483.0255148
5354878,1,2,1,10,1,1,11,2012,8,3,1,280_01,,2,,1,1,,,,,,,,,,,,,,,,1,,,3,,,2,1,1,1,3,1,,,2,1,01,27,2483.0255148
5354878,1,3,1,10,1,1,9,2015,5,3,1,280_01,,2,,1,1,,,,,,,,,,,,,,,,1,,,3,,,2,2,2,,1,0,,,2,0,01,27,2483.0255148
5354879,1,1,1,10,1,2,6,1957,63,1,5,,4,3,,3,,,,,1,,,,,,,1,,,,1,1,,,3,,,2,2,2,,1,0,,,2,0,01,27,2367.1316615
5354879,1,2,1,10,2,1,11,2003,17,3,5,,6,2,,1,1,,,,,,,,,,1,1,,,,,1,,,3,,,2,1,1,1,4,9,,,2,9,01,27,2367.1316615
5354880,1,1,1,10,1,1,,,40,1,1,280_01,2,2,,2,,1,2,,,,,,,,,,,1,,1,1,,,3,,,2,2,2,,1,0,,,2,0,01,27,2155.2088397
5354880,1,2,1,10,2,2,12,1991,29,2,1,280_01,2,2,,2,,1,1,,,,,,,,,,,1,,,1,,,3,,,2,2,2,,1,0,,,2,0,01,27,2155.2088397
5354880,1,3,1,10,1,2,3,2014,6,3,1,280_01,,1,1,1,2,,,,,,,,,,,,,,,,1,,,3,,,2,2,2,,1,0,,,2,0,01,27,2155.2088397
5354880,1,4,1,10,2,2,6,2017,3,3,1,280_01,,1,1,1,2,,,,,,,,,,,,,,,,1,,,3,,,2,2,2,,1,0,,,2,0,01,27,2155.2088397
5354880,1,5,1,10,2,1,2,2020,0,3,1,280_01,,1,1,1,2,,,,,,,,,,,,,,,,1,,,3,,,2,,,,,,,,2,,01,27,2155.2088397
5354881,1,1,1,10,1,1,3,2002,18,1,1,280_01,2,2,,2,,1,2,,1,,,,,,,1,,,,1,1,,,3,,,2,1,2,,3,5,,,2,5,01,27,1929.9150335
5354881,1,2,1,10,2,2,12,2000,20,2,1,280_01,2,2,,2,,1,1,,,,,,,,,1,,,,,1,,,3,,,2,1,2,,3,3,,,2,3,01,27,1929.9150335
5354882,1,1,1,10,1,1,3,1970,50,1,1,280_01,2,3,,3,,1,2,,,,,,,,,,,1,,1,1,,,3,,,2,1,2,,3,2,,,2,2,01,27,2153.8172983
5354882,1,2,1,10,2,2,11,1986,34,2,1,280_01,2,2,,2,,1,1,,,,,,,,,,,1,,,1,,,3,,,2,2,2,,1,0,,,2,0,01,27,2153.8172983
5354882,1,3,1,10,3,1,2,1998,22,3,1,280_01,6,1,1,2,,,,,,,,,,,,,,1,,,1,,,3,,,2,1,2,,5,11,2,,2,11,01,27,2153.8172983
5354882,1,4,1,10,4,2,8,2003,17,3,1,280_01,6,1,1,1,2,,,,,,,,,,1,,,,,,1,,,3,,,2,1,2,,3,5,,,2,5,01,27,2153.8172983
5354882,1,5,1,10,5,2,12,2004,16,3,1,280_01,6,1,1,1,2,,,,,,,,,,,,,1,,,1,,,3,,,2,1,2,,3,4,,,2,4,01,27,2153.8172983
5354882,1,6,1,10,6,2,2,2010,10,3,1,280_01,6,1,1,1,2,,,,,,,,,,1,,,,,,1,,,3,,,2,1,1,1,3,4,,,2,4,01,27,2153.8172983
5354882,1,7,1,10,2,1,8,2020,0,3,1,280_01,,1,1,1,2,,,,,,,,,,,,,,,,1,,,3,,,2,,,,,,,,2,,01,27,2153.8172983
5354883,1,1,1,10,1,1,10,1985,35,1,1,280_01,2,3,,3,,1,2,,,,,,,,,,,1,,1,1,,,3,,,2,1,2,,3,4,,,2,4,01,27,680.55881379
5354883,1,2,1,10,2,2,9,1984,36,2,1,280_01,2,3,,2,,1,1,,,,,,,,,,,1,,,1,,,3,,,2,1,2,,3,2,,,2,2,01,27,680.55881379
5354884,1,1,1,10,1,1,1,1996,25,1,1,280_01,2,2,,2,,1,2,,,,,,,,,,,1,,1,1,,,3,,,2,1,2,,3,3,,,2,3,01,27,2664.7468291
5354884,1,2,1,10,2,2,1,1999,22,2,1,280_01,2,3,,3,,1,1,,,,,,,,,,,1,,,1,,,3,,,2,2,2,,1,0,,,2,0,01,27,2664.7468291
5354884,1,3,1,10,2,1,5,2020,0,3,1,280_01,,1,1,1,2,,,,,,,,,,,,,,,,1,,,3,,,2,,,,,,,,2,,01,27,2664.7468291
5354885,1,1,1,10,1,1,11,1977,43,1,1,280_01,2,2,,2,,1,2,,,,,,,,,,,1,,1,1,,,3,,,2,1,2,,3,3,,,2,3,01,27,2664.7468291
5354885,1,2,1,10,2,2,1,1987,34,2,1,280_01,2,2,,2,,1,1,,,,,,,,,,,1,,,1,,,3,,,2,2,2,,1,0,,,2,0,01,27,2664.7468291
5354885,1,3,1,10,3,2,12,2006,14,3,1,280_01,6,1,1,1,2,,,,,,,,,,,,,1,,,1,,,3,,,2,2,2,,1,0,,,2,0,01,27,2664.7468291
5354885,1,4,1,10,4,1,11,2007,13,3,1,280_01,6,1,1,1,2,,,,,,,,,,1,,,,,,1,,,3,,,2,1,1,1,3,4,,,2,4,01,27,2664.7468291
5354885,1,5,1,10,2,1,8,2011,9,3,1,280_01,,1,1,1,2,,,,,,,,,,,,,,,,1,,,3,,,2,1,1,1,3,4,,,2,4,01,27,2664.7468291
5354885,1,6,1,10,2,2,1,2014,7,3,1,280_01,,1,1,1,2,,,,,,,,,,,,,,,,1,,,3,,,2,1,2,,3,1,,,2,1,01,27,2664.7468291
5354885,1,7,1,10,7,1,12,2015,5,3,1,280_01,,1,1,1,2,,,,,,,,,,,,,,,,1,,,3,,,2,2,2,,1,0,,,2,0,01,27,2664.7468291
5354885,1,8,1,10,2,1,12,2018,2,3,1,280_01,,1,1,1,2,,,,,,,,,,,,,,,,1,,,3,,,2,,,,,,,,2,,01,27,2664.7468291
5354885,1,9,1,10,9,2,3,2004,16,9,1,280_01,6,2,,2,,,,,,,,,,,1,,,,,,1,,,3,,,2,1,1,1,3,5,,,2,5,01,27,2664.7468291
5354885,1,10,1,10,9,1,11,2020,0,9,1,280_01,,2,,1,9,,,,,,,,,,,,,,,,1,,,3,,,2,,,,,,,,2,,01,27,2664.7468291
5354886,1,1,1,10,1,1,7,1974,46,1,1,280_01,2,3,,3,,1,2,,,,,,,,,1,,,,1,1,,,3,,,2,1,2,,5,11,2,,2,11,01,27,1088.6015649
5354886,1,2,1,10,2,2,5,1973,47,2,1,280_01,2,2,,2,,1,1,,,,,,,,,1,,,,,1,,,3,,,2,2,2,,1,0,,,2,0,01,27,1088.6015649
5354886,1,3,1,10,1,2,1,2014,7,3,1,280_01,,1,1,1,2,,,,,,,,,,,,,,,,1,,,3,,,2,2,2,,1,0,,,2,0,01,27,1088.6015649
5354887,1,1,1,10,1,1,3,1993,27,1,5,,2,2,,2,,1,2,,1,,1,,,,,1,,,,1,1,,,3,,,2,1,2,,4,8,,,2,8,01,27,2155.2088397
5354887,1,2,1,10,2,2,6,1973,47,2,1,280_01,2,2,,2,,1,1,,,,,,,,,1,,,,,1,,,3,,,2,2,2,,1,0,,,2,0,01,27,2155.2088397
5354887,1,3,1,10,1,2,3,2015,5,3,1,280_01,,1,1,1,2,,,,,,,,,,,,,,,,1,,,3,,,2,2,2,,1,0,,,2,0,01,27,2155.2088397
5354887,1,4,1,10,1,2,2,2018,2,3,1,280_01,,1,1,1,2,,,,,,,,,,,,,,,,1,,,3,,,2,,,,,,,,2,,01,27,2155.2088397
5354887,1,5,1,10,1,1,7,2020,0,3,1,280_01,,1,1,1,2,,,,,,,,,,,,,,,,1,,,3,,,2,,,,,,,,2,,01,27,2155.2088397
5354888,1,1,1,10,1,1,5,1950,70,1,6,,5,3,,3,,,,,,,,,,,,,,1,,2,1,,,3,,,2,1,2,,3,5,,,2,5,01,27,2080.106592
5354888,1,2,1,10,1,2,10,2012,8,4,6,,,2,,2,,,,,,,,,,,,,,,,,1,,,3,,,2,1,1,1,3,2,,,2,2,01,27,2080.106592
5354888,1,3,1,10,1,2,6,2014,6,4,6,,,2,,2,,,,,,,,,,,,,,,,,1,,,3,,,2,2,1,1,2,0,,,2,0,01,27,2080.106592
5354889,1,1,1,10,1,2,4,1955,65,1,6,,4,3,,3,,,,,,,,,,,,,,1,,2,1,,,3,,,2,1,2,,3,3,,,2,3,01,27,1190.8886969
5354889,1,2,1,10,1,1,5,2007,13,4,5,,6,2,,2,,,,,,,,,,,1,,,,,,1,,,3,,,2,1,1,1,4,7,,,2,7,01,27,1190.8886969
5354890,1,1,1,10,1,1,12,1966,54,1,6,,6,2,,2,,,,,,1,,,,,,,,,,2,1,,,3,,,2,1,2,,3,3,,,2,3,01,27,2080.8671273
5354891,1,1,1,10,1,2,1,1964,57,1,6,,4,3,,3,,,,,,1,,,,,,,,,,1,1,,,3,,,2,1,2,,4,8,,,2,8,01,27,666.18670727
5354891,1,2,1,10,1,2,9,1984,36,3,6,,6,2,,1,1,,,,,,,,,,,,,1,,,1,,,3,,,2,2,2,,1,0,,,2,0,01,27,666.18670727
5354891,1,3,1,10,3,2,1,2007,14,4,6,,6,2,,1,2,,,,,,,,,,1,,,,,,1,,,3,,,2,1,1,1,4,9,,,2,9,01,27,666.18670727
5354891,1,4,1,10,4,1,8,2000,20,3,6,,6,2,,1,1,,,,,,,,,,1,,,,,,1,,,3,,,2,1,1,1,5,10,1,,2,10,01,27,666.18670727
5354892,1,1,1,10,1,1,11,1939,81,1,6,,2,3,,3,,1,2,,,,,,,,,1,,,,1,1,,,3,,,2,1,2,,3,2,,,2,2,01,27,666.18670727
5354892,1,2,1,10,2,2,2,1950,70,2,1,280_01,2,3,,3,,1,1,,,,,,,,,1,,,,,1,,,3,,,2,1,2,,3,4,,,2,4,01,27,666.18670727
5354893,1,1,1,10,1,2,11,1951,69,1,6,,4,3,,3,,,,,,,,,,,,1,,,,2,1,,,3,,,2,1,2,,3,2,,,2,2,01,27,701.92324884
5354894,1,1,1,10,1,1,6,1984,36,1,5,,2,2,,2,,2,,,,,,,,,,1,,,,1,1,,,1,1,32000,2,1,2,,3,3,,,2,3,01,27,2080.8671273
5354895,1,1,1,10,1,1,4,1944,76,1,6,,4,3,,3,,,,,,,,,,,,,,1,,1,1,,,3,,,2,1,2,,3,2,,,2,2,01,27,1264.0210897
5354896,1,1,1,10,1,2,12,1952,68,1,6,,5,3,,3,,,,,,,,,,,,,,1,,2,1,,,3,,,2,1,2,,3,2,,,2,2,01,27,1450.4169616
5354896,1,2,1,10,2,1,8,1976,44,3,6,,4,3,,1,1,,,,,,,,,,,,,1,,,1,,,3,,,2,1,2,,4,6,,,2,6,01,27,1450.4169616
5354897,1,1,1,10,1,1,10,1973,47,1,6,,1,2,,2,,1,2,,,,,,,,,,,1,,2,1,,,1,1,32000,2,1,2,,3,3,,,2,3,01,27,2405.7306122
5354897,1,2,1,10,2,2,12,1983,37,2,6,,1,3,,2,,1,1,,,,,,,,,,,1,,,1,,,3,,,2,1,2,,3,3,,,2,3,01,27,2405.7306122
5354897,1,3,1,10,2,1,2,2011,9,3,5,,,2,,1,2,,,,,,,,,,,,,,,,1,,,3,,,2,1,1,1,3,4,,,2,4,01,27,2405.7306122
5354897,1,4,1,10,2,1,11,2015,5,3,6,,,2,,1,2,,,,,,,,,,,,,,,,1,,,3,,,2,2,1,1,2,0,,,2,0,01,27,2405.7306122
5354897,1,5,1,10,2,2,3,2018,2,3,6,,,2,,1,2,,,,,,,,,,,,,,,,1,,,3,,,2,,,,,,,,2,,01,27,2405.7306122
5354898,1,1,1,10,1,1,12,1988,32,1,6,,2,3,,2,,1,2,,,,1,,,,,1,,,,1,1,,,3,,,2,1,2,,3,3,,,2,3,01,27,680.55881379
5354898,1,2,1,10,2,2,3,1995,25,2,6,,2,2,,2,,1,1,,,,,,,,,1,,,,,1,,,3,,,2,1,2,,5,11,2,,2,11,01,27,680.55881379
5354900,1,1,1,10,1,2,4,1991,29,1,6,,2,2,,2,,2,,,,,,,,,,,,1,,2,1,,,1,5,,2,1,2,,3,5,,,2,5,01,27,748.15060327
5354900,1,2,1,10,1,2,6,2011,9,3,6,,,2,,1,1,,,,,,,,,,,,,,,,1,,,1,5,,2,1,1,1,3,4,,,2,4,01,27,748.15060327
5354900,1,3,1,10,1,2,6,2011,9,3,6,,,2,,1,1,,,,,,,,,,,,,,,,1,,,1,5,,2,1,1,1,3,4,,,2,4,01,27,748.15060327
5354901,1,1,1,10,1,1,,,49,1,6,,2,3,,3,,1,2,,,,,,,,,1,,,,1,1,,,3,,,2,1,2,,3,5,,,2,5,01,27,1278.1004328
5354901,1,2,1,10,2,2,9,1984,36,2,6,,2,2,,2,,1,1,,,,,,,,,1,,,,,1,,,3,,,2,1,2,,5,11,2,,2,11,01,27,1278.1004328
5354901,1,3,1,10,3,2,2,2004,16,3,6,,6,2,,1,2,,,,,,,,,,,1,,,,,1,,,3,,,2,1,1,1,4,8,,,2,8,01,27,1278.1004328
5354901,1,4,1,10,3,1,9,2009,11,3,6,,6,2,,1,2,,,,,,,,,,1,1,,,,,1,,,3,,,2,1,1,1,3,4,,,2,4,01,27,1278.1004328
5354902,1,1,1,10,1,2,,,75,1,6,,5,3,,3,,,,,,,,,,,,,,1,,1,1,,,3,,,2,2,2,,1,0,,,2,0,01,27,701.92324884
5354903,1,1,1,10,1,1,9,1982,38,1,6,,4,2,,2,,,,,,,,,,,,,,1,,2,1,,,1,1,34000,2,1,2,,3,5,,,2,5,01,27,2080.8671273
5354904,1,1,1,10,1,2,5,1990,30,1,6,,4,3,,2,,,,,,,,,,,,,,1,,1,1,,,3,,,2,1,2,,4,7,,,2,7,01,27,666.18670727
5354904,1,2,1,10,1,2,12,2008,12,3,6,,6,2,,1,1,,,,,,,,,,1,,,,,,1,,,3,,,2,1,1,1,3,4,,,2,4,01,27,666.18670727
5354904,1,3,1,10,1,2,12,2015,5,3,6,,,2,,1,1,,,,,,,,,,,,,,,,1,,,3,,,2,2,1,1,2,0,,,2,0,01,27,666.18670727
5354905,1,1,1,10,1,1,12,1990,30,1,5,,6,2,,2,,,,,,,,,,,,1,,,,1,1,,,3,,,2,1,2,,3,5,,,2,5,01,27,2080.8671273
5354906,1,1,1,10,1,1,2,1971,49,1,6,,2,2,,3,,1,2,,,,,,,,,1,,,,1,1,,,3,,,2,1,2,,3,3,,,2,3,01,27,1197.1777359
5354906,1,2,1,10,2,2,6,1972,48,2,6,,2,3,,2,,1,1,,1,,,,,,,1,,,,,1,,,3,,,2,1,2,,3,5,,,2,5,01,27,1197.1777359
5354906,1,3,1,10,3,2,11,2007,13,3,6,,6,1,1,1,2,,,,,,,,,,,1,,,,,1,,,3,,,2,1,1,1,4,7,,,2,7,01,27,1197.1777359
5354906,1,4,1,10,2,2,5,2016,4,3,6,,,1,1,1,2,,,,,,,,,,,,,,,,1,,,3,,,2,1,2,,1,0,,,2,0,01,27,1197.1777359
5354907,1,1,1,10,1,1,8,1974,46,1,6,,2,3,,3,,1,2,,,,,,,,,,,1,,1,1,,,3,,,2,1,2,,4,7,,,2,7,01,27,2236.1315366
5354907,1,2,1,10,2,2,5,1983,37,2,6,,2,3,,2,,1,1,,,,,,,,,,,1,,,1,,,3,,,2,1,2,,3,4,,,2,4,01,27,2236.1315366
5354907,1,3,1,10,3,1,3,2006,14,3,6,,6,1,1,1,2,,,,,,,,,,1,,,,,,1,,,3,,,2,1,1,1,4,8,,,2,8,01,27,2236.1315366
5354907,1,4,1,10,2,2,7,2011,9,3,6,,,1,1,1,2,,,,,,,,,,,,,,,,1,,,3,,,2,1,1,1,3,3,,,2,3,01,27,2236.1315366
5354907,1,5,1,10,2,1,3,2020,0,3,6,,,1,1,1,2,,,,,,,,,,,,,,,,1,,,3,,,2,,,,,,,,2,,01,27,2236.1315366
5354908,1,1,1,10,1,1,7,1994,26,1,6,,2,2,,2,,1,2,,,,,,,,,,,1,,2,1,,,1,1,34000,2,1,2,,3,4,,,2,4,01,27,1747.1660885
5354908,1,2,1,10,2,2,6,1993,27,2,5,,2,2,,2,,1,1,,,,,,,,,,,1,,,1,,,1,5,,2,1,2,,5,10,1,,2,10,01,27,1747.1660885
5354908,1,3,1,10,2,1,12,2011,9,3,6,,,2,,1,2,,,,,,,,,,,,,,,,1,,,3,,,2,1,1,1,3,4,,,2,4,01,27,1747.1660885
5354908,1,4,1,10,2,2,12,2013,7,3,6,,,2,,1,2,,,,,,,,,,,,,,,,1,,,3,,,2,1,1,1,3,1,,,2,1,01,27,1747.1660885
5354909,1,1,1,10,1,1,1,1992,29,1,6,,2,2,,2,,1,2,,,,,,,,,,,1,,2,1,,,1,1,112000,2,1,2,,4,9,,,2,9,01,27,1339.1233374
5354909,1,2,1,10,2,2,12,1992,28,2,6,,2,2,,2,,1,1,,,,,,,,,,,1,,,1,,,1,5,,2,1,2,,5,11,2,,2,11,01,27,1339.1233374
5354909,1,3,1,10,2,1,12,2014,6,3,6,,,1,1,1,2,,,,,,,,,,,,,,,,1,,,1,5,,2,2,1,1,3,0,,,2,0,01,27,1339.1233374
5354910,1,1,1,10,1,1,8,1970,50,1,6,,2,2,,2,,1,2,,,,,,,,,1,,,,2,1,,,1,1,55000,2,1,2,,3,2,,,2,2,01,27,680.55881379
5354910,1,2,1,10,2,2,1,1984,37,2,6,,2,2,,2,,1,1,,,,,,,,,1,,,,,1,,,3,,,2,1,2,,3,5,,,2,5,01,27,680.55881379
5354994,1,1,1,10,1,2,11,1963,57,1,5,,6,3,,3,,,,,1,,,,,,,1,,,,1,1,,,3,,,2,1,2,,3,5,,,2,5,01,27,701.92324884
5354995,1,1,1,10,1,1,9,1944,76,1,5,,3,3,,3,,1,2,,,,,,,,,1,,,,1,1,,,3,,,2,2,2,,1,0,,,2,0,01,27,666.18670727
5354995,1,2,1,10,2,2,11,1955,65,2,5,,3,3,,3,,1,1,,,,,,,,,1,,,,,1,,,3,,,2,2,2,,1,0,,,2,0,01,27,666.18670727
5354995,1,3,1,10,3,1,2,1971,49,3,5,,2,1,1,1,2,1,4,,1,,,,,,,1,,,,,1,,,3,,,2,1,2,,3,5,,,2,5,01,27,666.18670727
5354995,1,4,1,10,4,2,9,1974,46,9,5,,2,3,,2,,1,3,,,,,,,,,1,,,,,1,,,3,,,2,1,2,,3,5,,,2,5,01,27,666.18670727
5354996,1,1,1,10,1,1,9,1946,74,1,5,,2,3,,3,,1,2,,,,,,,,,1,,,,2,1,,,1,5,,2,1,2,,3,2,,,2,2,01,27,666.18670727
5354996,1,2,1,10,2,2,3,1950,70,2,5,,2,3,,3,,1,1,,,,,,,,,1,,,,,1,,,1,2,90000,2,1,2,,3,2,,,2,2,01,27,666.18670727
5354997,1,1,1,10,1,1,5,1951,69,1,6,,4,3,,3,,,,,,,,,,,,,,1,,2,1,,,3,,,2,1,2,,4,8,,,2,8,01,27,1264.0210897
5354998,1,1,1,10,1,2,9,1976,44,1,6,,4,3,,3,,,,,,,,,,,,,,1,,2,1,,,1,5,,2,1,2,,3,5,,,2,5,01,27,666.18670727
5354999,1,1,1,10,1,1,2,1996,24,1,6,,4,3,,3,,,,1,,,,,,,,,,,,2,1,,,3,,,2,1,2,,3,4,,,2,4,01,27,2310.3043106
5354999,1,2,1,10,2,1,6,1999,21,5,6,,4,2,,2,,,,,,,,,,,,,,1,,,2,1,60,,,,2,1,2,,4,9,,,2,9,01,27,2310.3043106
5355000,1,1,1,10,1,1,6,1996,24,1,6,,2,2,,2,,2,,,,,,,,,,,,1,,2,1,,,3,,,2,1,2,,4,8,,,2,8,01,27,1821.3388626
5355001,1,1,1,10,1,1,10,1964,56,1,6,,3,3,,3,,1,2,,,1,,,,,,,,,,2,1,,,3,,,2,1,2,,3,4,,,2,4,01,27,788.83533322
5355001,1,2,1,10,2,2,6,1959,61,2,6,,3,3,,3,,1,1,,,,,,,,,,,1,,,1,,,3,,,2,2,2,,1,0,,,2,0,01,27,788.83533322
5355001,1,3,1,10,3,2,11,1992,28,3,6,,4,1,1,1,2,,,,,,,,,,,,,1,,,1,,,1,5,,2,1,2,,5,10,1,,2,10,01,27,788.83533322
5355001,1,4,1,10,3,2,10,2011,9,4,6,,,2,,1,3,,,,,,,,,,,,,,,,1,,,1,5,,2,1,1,1,3,3,,,2,3,01,27,788.83533322
5355001,1,5,1,10,3,1,1,2020,1,4,6,,,2,,1,3,,,,,,,,,,,,,,,,1,,,1,5,,2,,,,,,,,2,,01,27,788.83533322
5355001,1,6,1,10,6,1,3,1999,21,3,6,,6,1,1,1,2,,,,,,,,,,,,,1,,,1,,,3,,,2,1,2,,5,10,1,,2,10,01,27,788.83533322
5355002,1,1,1,10,1,2,11,1968,52,1,6,,2,3,,2,,1,2,,1,,,,,,,,,,,2,1,,,3,,,2,1,2,,5,11,2,,2,11,01,27,789.13498473
5355002,1,2,1,10,2,1,1,1977,44,2,6,,2,2,,3,,1,1,,,,,,,,,,,1,,,1,,,3,,,2,1,2,,3,2,,,2,2,01,27,789.13498473
5355002,1,3,1,10,3,2,1,1999,22,3,6,,6,1,2,1,1,,,,,,,,,,1,,,,,,1,,,3,,,2,1,1,1,6,4,2,2,2,15,01,27,789.13498473
5355003,1,1,1,10,1,2,1,1965,56,1,6,,2,3,,3,,1,2,,,,,,,,,,,1,,2,1,,,2,1,180000,2,1,2,,6,5,4,,2,16,01,27,1558.9931326
5355003,1,2,1,10,2,1,10,1966,54,2,6,,2,3,,3,,1,1,,,,,,,,,,,1,,,1,,,3,,,2,1,2,,3,5,,,2,5,01,27,1558.9931326
5355003,1,3,1,10,1,2,5,2006,14,3,6,,6,1,2,1,1,,,,,,,,,,1,,,,,,1,,,2,5,,2,1,1,1,4,9,,,2,9,01,27,1558.9931326
5355004,1,1,1,10,1,2,2,2002,18,1,5,,6,3,,2,,,,1,,,,,,,,,,,,1,1,,,3,,,2,1,1,1,6,2,2,2,2,13,01,27,1440.9495855
5355005,1,1,1,10,1,2,1,1954,67,1,6,,5,3,,3,,,,,,,,,,,,,,1,,2,1,,,3,,,2,1,2,,3,5,,,2,5,01,27,1469.0639434
5355005,1,2,1,10,2,2,7,2007,13,4,6,,6,2,,2,,,,,,,,,,,1,,,,,,1,,,3,,,2,1,1,1,4,7,,,2,7,01,27,1469.0639434
5355005,1,3,1,10,1,1,4,2011,9,4,6,,,3,,3,,,,,,,,,,,,,,,,,1,,,3,,,2,1,1,1,3,4,,,2,4,01,27,1469.0639434
5355006,1,1,1,10,1,2,7,1986,34,1,6,,2,3,,2,,2,,1,,,,,,,,,,,,2,1,,,1,1,35000,2,1,2,,5,11,2,,2,11,01,27,666.18670727
5355006,1,2,1,10,1,2,5,2020,0,3,6,,,2,,1,1,,,,,,,,,,,,,,,,1,,,1,5,,2,,,,,,,,2,,01,27,666.18670727
5355007,1,1,1,10,1,2,7,1943,77,1,6,,5,3,,3,,,,,,,,,,,,,,1,,2,1,,,1,2,90000,2,1,2,,3,5,,,2,5,01,27,701.92324884
5355008,1,1,1,10,1,2,12,1980,40,1,6,,2,2,,2,,1,2,,,,,,,,,1,,,,2,1,,,1,3,155000,2,1,2,,6,1,3,,2,12,01,27,789.13498473
5355008,1,2,1,10,2,1,9,1981,39,2,5,,2,2,,2,,1,1,,,,,,,,,1,,,,,1,,,1,5,,2,1,2,,5,11,2,,2,11,01,27,789.13498473
5355008,1,3,1,10,3,2,10,2006,14,3,5,,6,2,,1,1,,,,,,,,,,1,1,,,,,1,,,1,5,,2,1,1,1,4,7,,,2,7,01,27,789.13498473
5355009,1,1,1,10,1,1,7,1945,75,1,5,,2,3,,3,,1,2,,,,,,,,,1,,,,1,1,,,3,,,2,1,2,,3,2,,,2,2,01,27,1871.0300848
5355009,1,2,1,10,2,2,2,1959,61,2,5,,2,3,,3,,1,1,,,,,,,,,1,,,,,1,,,3,,,2,1,2,,3,5,,,2,5,01,27,1871.0300848
5355009,1,3,1,10,3,1,1,1987,34,3,5,,6,1,1,1,2,,,,,,,,,,,1,,,,,1,,,3,,,2,1,2,,5,11,2,,2,11,01,27,1871.0300848
5355009,1,4,1,10,4,1,8,1999,21,3,5,,6,1,1,1,2,,,,,,,,,,,1,,,,,1,,,3,,,2,1,2,,4,6,,,2,6,01,27,1871.0300848
5355074,1,1,1,10,1,1,1,1973,48,1,6,,2,3,,3,,1,2,,1,1,1,,,,,,,,,1,1,,,3,,,2,1,2,,3,3,,,2,3,01,52,4626.25938
5355074,1,2,1,10,2,2,4,1982,38,2,6,,2,2,,2,,1,1,,1,1,1,,,,,1,,,,,1,,,3,,,2,1,2,,3,3,,,2,3,01,52,4626.25938
5355074,1,3,1,10,3,1,12,1999,21,3,6,,6,1,1,1,2,,,,1,1,1,,,,,,,,,,1,,,3,,,2,1,2,,5,11,2,,2,11,01,52,4626.25938
5355074,1,4,1,10,2,1,10,2006,14,3,6,,6,1,1,1,2,,,,,,,,,,1,,,,,,1,,,3,,,2,1,1,1,4,8,,,2,8,01,52,4626.25938
5355075,1,1,1,10,1,1,12,1953,67,1,6,,3,3,,3,,1,2,,1,,1,,,,,,,,,1,1,,,3,,,2,1,2,,3,3,,,2,3,01,52,1858.2885893
5355075,1,2,1,10,2,2,11,1961,59,2,6,,3,3,,3,,1,1,,1,,,,,,,1,,,,,1,,,3,,,2,2,2,,1,0,,,2,0,01,52,1858.2885893
5355075,1,3,1,10,3,1,4,1985,35,3,6,,2,1,1,1,2,1,4,,1,,,,,,,1,,,,,1,,,3,,,2,1,2,,3,5,,,2,5,01,52,1858.2885893
5355075,1,4,1,10,4,2,3,1989,31,5,6,,2,2,,2,,1,3,,,,,,,,,,,1,,,1,,,3,,,2,1,2,,4,7,,,2,7,01,52,1858.2885893
5355075,1,5,1,10,4,1,7,2014,6,4,6,,,1,3,1,4,,,,,,,,,,,,,,,,1,,,3,,,2,2,1,1,3,0,,,2,0,01,52,1858.2885893
5355076,1,1,1,10,1,2,10,1956,64,1,6,,3,3,,3,,1,2,,1,,,,,,,1,,,,1,1,,,3,,,2,1,2,,3,3,,,2,3,01,52,5219.1282397
5355076,1,2,1,10,2,1,5,1956,64,2,6,,3,3,,3,,1,1,,1,,,,,,,1,,,,,1,,,3,,,2,1,2,,3,3,,,2,3,01,52,5219.1282397
5355076,1,3,1,10,3,1,8,1978,42,3,6,,4,1,2,1,1,,,,1,,1,,,,,1,,,,,1,,,3,,,2,1,2,,5,11,2,,2,11,01,52,5219.1282397
5355076,1,4,1,10,4,1,10,1999,21,4,6,,6,1,3,2,,,,,1,,1,,,,,1,,,,,1,,,3,,,2,1,2,,5,11,2,,2,11,01,52,5219.1282397
5355077,1,1,1,10,1,2,2,1987,33,1,6,,2,2,,2,,1,2,,1,1,1,,,,,1,,,,2,1,,,3,,,2,1,2,,4,9,,,2,9,01,52,4626.25938
5355077,1,2,1,10,2,1,1,1990,31,2,6,,2,2,,2,,1,1,,1,1,1,,,,,,,,,,1,,,3,,,2,1,2,,3,5,,,2,5,01,52,4626.25938
5355077,1,3,1,10,3,1,10,2005,15,3,6,,6,3,,1,1,,,,,1,1,1,,,,,,,,,1,,,3,,,2,1,1,1,4,8,,,2,8,01,52,4626.25938
5355077,1,4,1,10,1,1,8,2008,12,3,6,,6,3,,1,1,,,,,,,,,,1,,,,,,1,,,3,,,2,1,1,1,4,0,,,2,5,01,52,4626.25938
5355078,1,1,1,10,1,2,9,1961,59,1,6,,5,3,,2,,,,,1,,,,,,,1,,,,2,1,,,3,,,2,1,2,,3,5,,,2,5,01,52,4375.128225
5355078,1,2,1,10,2,1,6,1987,33,3,6,,6,3,,1,1,,,,1,,1,,,,,1,,,,,1,,,3,,,2,1,2,,5,11,2,,2,11,01,52,4375.128225
5355078,1,3,1,10,3,1,11,1988,32,3,6,,6,3,,1,1,,,,1,,1,,,,,1,,,,,1,,,3,,,2,1,1,2,6,3,2,2,2,14,01,52,4375.128225
5355078,1,4,1,10,3,2,3,1963,57,5,6,,6,3,,3,,,,,,,,,,,,,,1,,,1,,,3,,,2,2,2,,1,0,,,2,0,01,52,4375.128225
5355079,1,1,1,10,1,1,8,1974,46,1,6,,3,3,,2,,1,2,,1,,1,,,,,1,,,,1,1,,,3,,,2,1,2,,3,5,,,2,5,01,52,3565.185892
5355079,1,2,1,10,2,2,1,1978,43,2,6,,3,3,,2,,1,1,,1,1,,,,,,1,,,,,1,,,3,,,2,1,2,,3,5,,,2,5,01,52,3565.185892
5355079,1,3,1,10,3,1,7,1998,22,3,6,,6,1,1,1,2,,,,1,,1,1,,1,,1,,,,,1,,,3,,,2,1,2,,6,1,2,2,2,12,01,52,3565.185892
5355079,1,4,1,10,4,2,8,1999,21,3,6,,6,1,1,1,2,,,,1,1,1,,1,1,1,1,,,,,2,1,12,,,,2,1,1,2,6,2,2,2,2,13,01,52,3565.185892
5355080,1,1,1,10,1,2,4,1958,62,1,6,,2,3,,3,,1,2,,1,1,1,,,,,1,,,,1,1,,,3,,,2,1,2,,3,3,,,2,3,01,52,5943.0670511
5355080,1,2,1,10,2,1,3,1962,58,2,6,,2,3,,3,,1,1,,1,1,1,,,,,,,,,,1,,,3,,,2,2,2,,1,0,,,2,0,01,52,5943.0670511
5355080,1,3,1,10,3,1,3,1980,40,3,6,,6,2,,1,1,,,,,1,1,,,,,,,,,,1,,,3,,,2,1,2,,3,5,,,2,5,01,52,5943.0670511
5355080,1,4,1,10,4,1,11,1985,35,3,6,,6,2,,1,1,,,,1,1,1,,,,,,,,,,1,,,3,,,2,1,2,,5,11,2,,2,11,01,52,5943.0670511
5355081,1,1,1,10,1,1,9,1966,54,1,1,560_01,3,3,,3,,1,2,,1,1,1,1,,,,,,,,1,1,,,3,,,2,2,2,,1,0,,,2,0,01,52,3565.185892
5355081,1,2,1,10,2,2,4,1972,48,2,6,,3,3,,2,,1,1,,1,,,,,1,,,,,,,1,,,3,,,2,2,2,,1,0,,,2,0,01,52,3565.185892
5355081,1,3,1,10,3,1,8,2004,16,3,6,,6,1,1,1,2,,,,,,,,,,1,1,,,,,1,,,3,,,2,1,1,1,4,9,,,2,9,01,52,3565.185892
5355081,1,4,1,10,4,2,1,2006,15,3,6,,6,1,1,1,2,,,,,,,,,,1,,,,,,1,,,3,,,2,1,1,1,5,10,1,,2,10,01,52,3565.185892
5355082,1,1,1,10,1,2,9,1984,36,1,6,,4,2,,2,,,,,1,1,1,,,,,1,,,,1,1,,,3,,,2,1,2,,3,3,,,2,3,01,52,1858.2885893
5355082,1,2,1,10,1,2,7,2006,14,3,6,,6,2,,1,1,,,,,,,,,,1,,,,,,1,,,3,,,2,1,1,1,4,8,,,2,8,01,52,1858.2885893
5355083,1,1,1,10,1,2,4,1969,51,1,6,,2,3,,2,,2,,,1,,,,,1,,1,,,,1,1,,,3,,,2,1,2,,3,2,,,2,2,01,52,1858.2885893
5355083,1,2,1,10,2,2,5,2007,13,3,6,,6,2,,1,1,,,,,,,,,,1,1,,,,,1,,,3,,,2,1,1,1,4,8,,,2,8,01,52,1858.2885893
5355084,1,1,1,10,1,1,9,1985,35,1,6,,2,3,,2,,1,2,,1,1,1,,,,,,,,,1,1,,,3,,,2,1,2,,5,11,2,,2,11,01,52,5572.4326479
5355084,1,2,1,10,2,2,6,1976,44,2,6,,2,3,,2,,1,1,,1,1,1,,,,,1,,,,,1,,,3,,,2,1,2,,3,5,,,2,5,01,52,5572.4326479
5355084,1,3,1,10,2,1,5,2015,5,3,6,,,1,1,1,2,,,,,,,,,,,,,,,,1,,,3,,,2,2,2,,1,0,,,2,0,01,52,5572.4326479
5355084,1,4,1,10,2,1,10,2016,4,3,6,,,1,1,1,2,,,,,,,,,,,,,,,,1,,,3,,,2,2,2,,1,0,,,2,0,01,52,5572.4326479
5355085,1,1,1,10,1,2,6,1941,79,1,6,,5,3,,3,,,,,1,,,,,,,1,,,,1,1,,,3,,,2,1,2,,3,2,,,2,2,01,52,4045.8527019
5355085,1,2,1,10,2,1,6,1978,42,3,6,,4,2,,1,1,,,,1,1,1,,,1,,1,,,,,1,,,3,,,2,1,2,,3,2,,,2,2,01,52,4045.8527019
5355086,1,1,1,10,1,1,7,1991,29,1,6,,3,2,,2,,1,2,,1,1,1,,,,,,,,,1,1,,,3,,,2,1,2,,3,3,,,2,3,01,52,1898.3787341
5355086,1,2,1,10,2,2,2,1993,27,2,6,,3,2,,2,,1,1,,1,1,1,,,1,1,,,,,,1,,,3,,,2,1,2,,4,7,,,2,7,01,52,1898.3787341
5355087,1,1,1,10,1,1,2,1950,70,1,6,,3,3,,3,,1,2,,1,1,1,,,,,1,,,,2,1,,,3,,,2,1,2,,3,1,,,2,1,01,52,2121.9863631
5355087,1,2,1,10,2,2,10,1966,54,2,6,,3,3,,2,,1,1,,1,,1,,,,,1,,,,,1,,,3,,,2,1,2,,3,2,,,2,2,01,52,2121.9863631
5355087,1,3,1,10,2,1,8,2004,16,4,6,,6,2,,2,,,,,,,,,,,1,1,,,,,1,,,3,,,2,1,1,1,4,7,,,2,7,01,52,2121.9863631
5355087,1,4,1,10,2,2,1,2013,8,4,6,,,2,,2,,,,,,,,,,,,,,,,,1,,,3,,,2,1,1,1,3,2,,,2,2,01,52,2121.9863631
5355088,1,1,1,10,1,2,8,1953,67,1,6,,5,3,,3,,,,1,1,1,1,,,,1,,,,,1,1,,,3,,,2,1,2,,4,8,,,2,8,01,52,1957.9735676
5355089,1,1,1,10,1,2,3,1982,38,1,6,,4,2,,2,,,,,1,1,1,,,1,,,,,,2,1,,,3,,,2,1,2,,5,11,2,,2,11,01,52,3314.3337146
5355089,1,2,1,10,2,1,3,2002,18,3,6,,6,2,,1,1,,,,,,,,,,1,1,,,,,1,,,3,,,2,1,1,1,6,0,2,2,2,11,01,52,3314.3337146
5355089,1,3,1,10,1,2,4,2005,15,3,6,,6,2,,1,1,,,,,,,,,,1,1,,,,,1,,,3,,,2,1,1,1,4,8,,,2,8,01,52,3314.3337146
5355089,1,4,1,10,1,1,6,2017,3,3,6,,,2,,1,1,,,,,,,,,,,,,,,,1,,,3,,,2,2,2,,1,0,,,2,0,01,52,3314.3337146
5355090,1,1,1,10,1,1,9,1970,50,1,6,,4,3,,2,,,,,1,1,1,,,,,,,,,1,1,,,3,,,2,1,2,,4,6,,,2,6,01,52,5804.456313
5355091,1,1,1,10,1,1,8,1973,47,1,6,,2,2,,2,,1,2,,,,1,1,,,,1,,,,1,1,,,1,3,109725,2,1,2,,5,11,2,,2,11,01,52,5462.4002412
5355091,1,2,1,10,2,2,4,1975,45,2,6,,2,1,5,3,,1,1,,,1,,,,,,1,,,,,1,,,3,,,2,1,2,,5,11,2,,2,11,01,52,5462.4002412
5355091,1,3,1,10,3,2,6,1997,23,3,6,,6,1,1,1,2,,,,,,,,,,,1,,,,,1,,,3,,,2,1,2,,6,5,4,,2,16,01,52,5462.4002412
5355091,1,4,1,10,2,1,10,2010,10,3,6,,6,1,1,1,2,,,,,,,,,,1,,,,,,1,,,3,,,2,1,1,1,3,4,,,2,4,01,52,5462.4002412
5355091,1,5,1,10,5,1,10,1949,71,5,6,,4,3,,3,,,,,,,,,,,,1,,,,,1,,,1,2,105336,2,1,2,,5,11,2,,2,11,01,52,5462.4002412
5355091,1,6,1,10,2,1,8,1979,41,5,6,,6,1,5,3,,,,,,,,,,,,1,,,,,1,,,1,5,,2,2,2,,1,0,,,2,0,01,52,5462.4002412
5355092,1,1,1,10,1,2,5,1970,50,1,6,,6,3,,2,,,,,1,1,1,,,,,1,,,,1,1,,,3,,,2,1,2,,3,5,,,2,5,01,52,4435.5945949
5355092,1,2,1,10,2,1,9,1996,24,3,6,,6,2,,1,1,,,,,,,,,,,1,,,,,1,,,3,,,2,1,2,,5,11,2,,2,11,01,52,4435.5945949
5355092,1,3,1,10,3,1,7,1999,21,3,6,,6,2,,1,1,,,,,,,,,,,1,,,,,1,,,3,,,2,1,2,,3,5,,,2,5,01,52,4435.5945949
5355092,2,1,2,10,1,1,1,1961,60,1,6,,5,3,,3,,,,,,1,1,,,,,1,,,,1,1,,,3,,,2,1,2,,3,3,,,2,3,01,52,4435.5945949
5355092,2,2,2,10,2,1,7,1992,28,3,6,,6,1,1,3,,,,1,,,1,,,1,,1,,,,,1,,,3,,,2,1,2,,5,11,2,,2,11,01,52,4435.5945949
5355093,1,1,1,10,1,1,11,1940,80,1,6,,3,3,,3,,1,2,,1,,,,,,,1,,,,2,1,,,1,3,130000,2,1,2,,3,2,,,2,2,01,52,1858.2885893
5355093,1,2,1,10,2,2,3,1945,75,2,6,,3,2,,2,,1,1,,1,,,,,,,1,,,,,1,,,1,5,,2,1,2,,3,3,,,2,3,01,52,1858.2885893
5355094,1,1,1,10,1,1,10,1984,36,1,6,,3,3,,3,,1,2,,1,,1,,,,,1,,,,1,1,,,3,,,2,1,2,,3,5,,,2,5,01,52,4626.25938
5355094,1,2,1,10,2,2,8,1986,34,2,6,,3,2,,2,,1,1,,1,1,1,,,,,1,,,,,1,,,3,,,2,1,2,,3,5,,,2,5,01,52,4626.25938
5355094,1,3,1,10,2,1,12,2005,15,3,6,,6,1,1,1,2,,,,,,,,,,1,1,,,,,1,,,3,,,2,1,1,1,4,8,,,2,8,01,52,4626.25938
5355094,1,4,1,10,2,1,11,2007,13,3,6,,6,1,1,1,2,,,,,,,,,,1,1,,,,,1,,,3,,,2,1,1,1,4,7,,,2,7,01,52,4626.25938
5355095,1,1,1,10,1,2,9,1974,46,1,6,,4,2,,2,,,,,1,,1,,,,,1,,,,1,1,,,1,9,,2,1,2,,6,6,4,,2,17,01,52,1858.2885893
5355095,1,2,1,10,1,2,10,2006,14,3,6,,6,2,,1,1,,,,,,,,,,1,,,,,,1,,,1,5,,2,1,1,1,4,8,,,2,8,01,52,1858.2885893
5355095,1,3,1,10,1,2,12,2011,9,3,6,,,2,,1,1,,,,,,,,,,,,,,,,1,,,1,5,,2,1,1,1,3,3,,,2,3,01,52,1858.2885893
5355096,1,1,1,10,1,2,9,1973,47,1,1,999_01,6,3,,3,,,,,,,,,,1,,1,,,,1,1,,,3,,,2,2,2,,1,0,,,2,0,01,52,1858.2885893
5355096,1,2,1,10,2,1,3,1992,28,3,6,,6,2,,1,1,,,,,,,,,,,,,1,,,1,,,3,,,2,1,2,,5,11,2,,2,11,01,52,1858.2885893
5355096,1,3,1,10,3,2,2,2002,18,3,6,,6,2,,1,1,,,,,,,,,,,1,,,,,1,,,3,,,2,1,2,,5,11,2,,2,11,01,52,1858.2885893
5355096,1,4,1,10,4,2,9,1983,37,5,6,,6,3,,3,,,,,,,,,,,,,,1,,,1,,,3,,,2,1,2,,3,5,,,2,5,01,52,1858.2885893
5355097,1,1,1,10,1,1,10,1979,41,1,6,,3,2,,3,,1,2,,1,,1,,,,,1,,,,1,1,,,3,,,2,1,2,,3,5,,,2,5,01,52,4873.6169163
5355097,1,2,1,10,2,2,12,1989,31,2,6,,3,2,,2,,1,1,,1,,1,1,,1,,1,,,,,1,,,3,,,2,1,2,,3,5,,,2,5,01,52,4873.6169163
5355097,1,3,1,10,2,1,2,2011,9,3,6,,,1,1,1,2,,,,,,,,,,,,,,,,1,,,3,,,2,1,1,1,3,4,,,2,4,01,52,4873.6169163
5355097,1,4,1,10,2,2,3,2015,5,3,6,,,1,1,1,2,,,,,,,,,,,,,,,,1,,,3,,,2,2,1,1,3,0,,,2,0,01,52,4873.6169163
5355098,1,1,1,10,1,1,3,1926,94,1,6,,5,3,,3,,,,,,,,,,,,1,,,,1,1,,,3,,,2,1,2,,3,2,,,2,2,01,52,5263.0798319
5355098,1,2,1,10,2,1,1,1969,52,3,6,,6,1,1,3,,,,,,,,,,,,,,1,,,1,,,3,,,2,1,2,,3,5,,,2,5,01,52,5263.0798319
5355098,1,3,1,10,3,1,8,1971,49,3,6,,6,1,1,3,,,,,,,,,,,,,,1,,,1,,,3,,,2,1,2,,3,5,,,2,5,01,52,5263.0798319
5355098,1,4,1,10,4,2,1,1959,62,3,6,,6,1,1,3,,,,,,,,,,,,1,,,,,1,,,3,,,2,1,2,,3,3,,,2,3,01,52,5263.0798319
5355098,1,5,1,10,5,1,1,1983,38,4,6,,6,3,,1,4,,,,,,1,,,,,1,,,,,1,,,3,,,2,1,2,,5,11,2,,2,11,01,52,5263.0798319
5355098,1,6,1,10,6,2,7,1973,47,3,6,,6,1,1,3,,,,,,,,1,,,,1,,,,,1,,,3,,,2,1,2,,5,11,2,,2,11,01,52,5263.0798319
5355098,1,7,1,10,6,2,10,2011,9,4,6,,,2,,1,6,,,,,,,,,,,,,,,,1,,,3,,,2,1,1,1,3,3,,,2,3,01,52,5263.0798319
5355099,1,1,1,10,1,1,7,1969,51,1,6,,3,2,,2,,1,2,,1,,1,,,1,,1,,,,1,1,,,3,,,2,1,2,,3,5,,,2,5,01,52,1858.2885893
5355099,1,2,1,10,2,2,9,1969,51,2,6,,3,3,,2,,1,1,,1,,,,1,1,,,,,,,1,,,3,,,2,1,2,,3,5,,,2,5,01,52,1858.2885893
5355099,1,3,1,10,3,2,4,1995,25,3,6,,6,1,1,1,2,,,,1,,,,,,,,,,,,1,,,1,3,110000,2,1,2,,6,5,4,,2,16,01,52,1858.2885893
5355100,1,1,1,10,1,1,7,1984,36,1,6,,2,2,,2,,1,2,,1,,1,,,,,1,,,,1,1,,,3,,,1,1,2,,3,3,,,2,3,01,52,4626.25938
5355100,1,2,1,10,2,2,12,1985,35,2,6,,2,2,,2,,1,1,,1,1,1,,,1,,,,,,,1,,,3,,,2,1,2,,5,11,2,,2,11,01,52,4626.25938
5355100,1,3,1,10,2,1,6,2007,13,3,6,,6,1,1,1,2,,,,,,,,,,1,1,,,,,1,,,3,,,2,1,1,1,4,7,,,2,7,01,52,4626.25938
5355100,1,4,1,10,2,1,6,2007,13,3,6,,6,1,1,1,2,,,,,,,,,,1,,,,,,1,,,3,,,2,1,1,1,4,7,,,2,7,01,52,4626.25938
5355101,1,1,1,10,1,2,8,1947,73,1,6,,5,3,,3,,,,,,,,,,,,1,,,,1,1,,,3,,,2,1,2,,3,3,,,2,3,01,52,1858.2885893
5355101,1,2,1,10,2,1,5,1972,48,3,6,,6,3,,1,1,,,,,,1,,,,,1,,,,,1,,,3,,,2,1,2,,5,11,2,,2,11,01,52,1858.2885893
5355101,1,3,1,10,3,2,9,1973,47,3,6,,6,3,,1,1,,,,,1,,,,1,,1,,,,,1,,,3,,,2,1,2,,3,5,,,2,5,01,52,1858.2885893
5355101,1,4,1,10,4,2,12,1996,24,4,6,,6,2,,1,3,,,,,,,,,,,1,,,,,1,,,3,,,2,1,2,,6,6,5,,2,17,01,52,1858.2885893
5355102,1,1,1,10,1,1,4,1959,61,1,6,,3,3,,3,,1,2,,1,1,1,,,,,1,,,,1,1,,,3,,,2,1,2,,3,4,,,2,4,01,52,2036.9894722
5355102,1,2,1,10,2,2,7,1963,57,2,6,,3,3,,2,,1,1,,1,1,1,,,,,1,,,,,1,,,3,,,2,1,2,,3,3,,,2,3,01,52,2036.9894722
5355102,1,3,1,10,3,1,12,1984,36,3,6,,6,1,1,1,2,,,,,1,1,1,,,,,,,,,1,,,3,,,2,1,2,,5,11,2,,2,11,01,52,2036.9894722
5355102,1,4,1,10,4,1,1,1990,31,3,6,,6,1,1,1,2,,,,,1,1,1,,,,,,,,,1,,,3,,,2,1,2,,5,11,2,,2,11,01,52,2036.9894722
5355102,1,5,1,10,5,2,11,1995,25,3,6,,6,1,1,1,2,,,,1,,1,,,,,,,,,,1,,,3,,,2,1,1,1,6,4,2,2,2,15,01,52,2036.9894722
5355103,1,1,1,10,1,1,4,1951,69,1,6,,3,3,,3,,1,2,,1,,,,,1,,,,,,1,1,,,3,,,2,2,2,,3,2,,,2,2,01,52,1858.2885893
5355103,1,2,1,10,2,2,4,1956,64,2,6,,3,3,,3,,1,1,,1,,,,,,,1,,,,,1,,,3,,,2,1,2,,3,3,,,2,3,01,52,1858.2885893
5355103,1,3,1,10,3,1,7,1981,39,3,6,,6,1,1,1,2,,,,,,1,,,,,,,,,,1,,,3,,,2,1,2,,3,5,,,2,5,01,52,1858.2885893
5355103,1,4,1,10,4,2,11,1984,36,3,6,,6,1,1,1,2,,,,1,,,,,,,,,,,,1,,,3,,,2,2,2,,3,3,,,2,3,01,52,1858.2885893
5355104,1,1,1,10,1,1,7,1937,83,1,6,,3,3,,3,,1,2,,,,1,,,,,1,,,,1,1,,,3,,,2,1,2,,3,3,,,2,3,01,52,1858.2885893
5355104,1,2,1,10,2,2,3,1944,76,2,6,,3,3,,3,,1,1,,,,,,,,,1,,,,,1,,,3,,,2,1,2,,1,0,,,2,0,01,52,1858.2885893
5355104,1,3,1,10,3,1,8,1981,39,3,6,,6,1,1,1,2,,,,,,1,,,,,1,,,,,1,,,1,1,35112,2,1,2,,5,11,2,,2,11,01,52,1858.2885893
5355104,1,4,1,10,4,2,1,1983,38,3,6,,6,1,1,1,2,,,,1,,1,,,1,,1,,,,,1,,,3,,,2,1,2,,5,11,2,,2,11,01,52,1858.2885893
5355104,1,5,1,10,5,2,3,1976,44,3,6,,4,1,1,1,2,,,,,,1,,,,,1,,,,,1,,,3,,,2,1,2,,5,11,2,,2,11,01,52,1858.2885893
5355105,1,1,1,10,1,1,4,1980,40,1,6,,2,3,,3,,1,2,,,1,1,1,,,,,,,,1,1,,,3,,,2,1,2,,3,3,,,2,3,01,52,7433.1543573
5355105,1,2,1,10,2,2,6,1998,22,2,6,,2,2,,2,,1,1,,,,,,,,,1,,,,,1,,,3,,,2,1,2,,4,6,,,2,6,01,52,7433.1543573
5355105,1,3,1,10,2,1,4,2013,7,3,6,,,1,1,1,2,,,,,,,,,,,,,,,,1,,,3,,,2,1,1,1,3,1,,,2,1,01,52,7433.1543573
5355106,1,1,1,10,1,2,9,1950,70,1,6,,4,3,,3,,,,,1,1,1,,,,,1,,,,1,1,,,3,,,2,2,2,,1,0,,,2,0,01,52,1858.2885893
5355106,1,2,1,10,2,2,4,1979,41,3,6,,4,2,,1,1,,,,,,1,1,,,,1,,,,,1,,,3,,,2,1,2,,5,11,2,,2,11,01,52,1858.2885893
5355198,1,1,1,10,1,1,9,1989,31,1,6,,2,3,,2,,1,2,,,,,,,,,1,,,,1,1,,,3,,,2,1,2,,5,11,2,,2,11,01,70,2190.8307823
5355198,1,2,1,10,2,2,8,2001,19,2,6,,2,2,,2,,1,1,,,,,,,,,1,,,,,1,,,3,,,2,1,2,,5,11,2,,2,11,01,70,2190.8307823
5355198,1,3,1,10,3,1,5,1994,26,9,6,,6,2,,2,,,,,,,,,,,,1,,,,,1,,,3,,,2,1,2,,6,2,3,,2,13,01,70,2190.8307823
5355198,1,4,1,10,4,1,9,1997,23,9,6,,6,2,,2,,,,,,,,,,,,,,1,,,1,,,3,,,2,1,2,,5,11,2,,2,11,01,70,2190.8307823
5355199,1,1,1,10,1,1,3,1969,51,1,6,,2,3,,2,,2,,,,,,,,,,,,1,,1,1,,,3,,,2,1,2,,5,11,2,,2,11,01,70,1914.9152705
5355200,1,1,1,10,1,1,6,1950,70,1,6,,3,2,,3,,2,,,,,,,,,,,,1,,1,1,,,3,,,2,1,2,,3,2,,,2,2,01,70,1638.8129559
5355200,1,2,1,10,2,1,5,1990,30,3,6,,6,1,1,2,,,,,,,,,,,,,,1,,,1,,,3,,,2,1,2,,5,11,2,,2,11,01,70,1638.8129559
5355201,1,1,1,10,1,1,12,1966,54,1,6,,2,2,,3,,2,,,,,,,,,,1,,,,1,1,,,3,,,2,1,2,,3,3,,,2,3,01,70,1914.9152705
5355202,1,1,1,10,1,1,12,1980,40,1,6,,2,3,,3,,1,2,,,,,,,,,,,1,,1,1,,,3,,,2,1,2,,5,11,2,,2,11,01,70,1469.9514252
5355202,1,2,1,10,2,2,4,1978,42,2,6,,2,3,,2,,1,1,,,,,,,,,1,,,,,1,,,3,,,2,1,2,,5,11,2,,2,11,01,70,1469.9514252
5355202,1,3,1,10,1,1,3,2007,13,3,6,,6,1,1,2,,,,,,,,,,,1,,,,,,1,,,3,,,2,1,1,1,3,4,,,2,4,01,70,1469.9514252
5355202,1,4,1,10,4,2,7,1961,59,9,6,,4,3,,3,,,,,,,,,,,,1,,,,,2,1,12,,,,2,1,2,,3,3,,,2,3,01,70,1469.9514252
5355203,1,1,1,10,1,1,11,1976,44,1,6,,2,3,,2,,1,2,,,,1,,,,,,,,,2,1,,,3,,,2,1,2,,3,5,,,2,5,01,70,1661.4464319
5355203,1,2,1,10,2,2,3,1986,34,2,6,,2,2,,2,,1,1,,,,,,,1,,1,,,,,1,,,3,,,2,1,2,,5,11,2,,2,11,01,70,1661.4464319
5355204,1,1,1,10,1,1,5,1977,43,1,6,,4,2,,2,,,,,,,,,,,,,,1,,1,1,,,3,,,2,2,2,,1,0,,,2,0,01,70,2391.2248912
5355204,1,2,1,10,1,1,1,2010,11,3,6,,6,1,1,2,,,,,,,,,,,1,,,,,,1,,,3,,,2,1,1,1,3,3,,,2,3,01,70,2391.2248912
5355204,1,3,1,10,1,1,8,2011,9,3,6,,,1,1,2,,,,,,,,,,,,,,,,,1,,,3,,,2,1,1,1,3,2,,,2,2,01,70,2391.2248912
5355205,1,1,1,10,1,1,7,1994,26,1,6,,2,2,,2,,1,2,,,,,,,,,1,,,,1,1,,,3,,,2,1,2,,3,5,,,2,5,01,70,2074.8631746
5355205,1,2,1,10,2,2,4,2003,17,2,6,,2,2,,2,,1,1,,,,,,,,,1,,,,,1,,,3,,,2,1,2,,3,3,,,2,3,01,70,2074.8631746
5355205,1,3,1,10,1,2,8,2020,0,3,6,,,1,1,1,2,,,,,,,,,,,,,,,,1,,,3,,,2,,,,,,,,2,,01,70,2074.8631746
5355206,1,1,1,10,1,1,1,1954,67,1,6,,2,3,,3,,1,2,,,,,,,,,,,1,,1,1,,,3,,,2,1,2,,3,1,,,2,1,01,70,1284.1742582
5355206,1,2,1,10,2,2,2,1977,43,2,6,,2,2,,3,,1,1,,,,,,,,,,,1,,,1,,,3,,,2,1,2,,3,2,,,2,2,01,70,1284.1742582
5355207,1,1,1,10,1,1,4,1960,60,1,6,,4,2,,2,,,,,,,1,,,,,1,,,,1,1,,,3,,,2,2,2,,1,0,,,2,0,01,70,1537.6430968
5355208,1,1,1,10,1,1,12,1997,23,1,6,,2,2,,2,,1,2,,,,,,,,,,,1,,1,1,,,3,,,2,1,2,,3,5,,,2,5,01,70,2224.8329783
5355208,1,2,1,10,2,2,2,1998,22,2,6,,2,2,,2,,1,1,,,,,,,,,,,1,,,1,,,3,,,2,1,2,,5,11,2,,2,11,01,70,2224.8329783
5355208,1,3,1,10,2,2,10,2018,2,3,6,,,1,1,1,2,,,,,,,,,,,,,,,,1,,,3,,,2,,,,,,,,2,,01,70,2224.8329783
5355209,1,1,1,10,1,1,2,1952,68,1,6,,4,3,,3,,,,,,,,,,,,1,,,,1,1,,,3,,,2,2,2,,1,0,,,2,0,01,70,1537.6430968
5355210,1,1,1,10,1,1,7,1972,48,1,6,,2,2,,2,,1,2,,,,,,,,,,,1,,1,1,,,3,,,2,2,2,,1,0,,,2,0,01,70,1912.5860948
5355210,1,2,1,10,2,2,1,1982,39,2,6,,2,2,,2,,1,1,,,,,,,,,,,1,,,2,1,36,,,,2,1,2,,3,5,,,2,5,01,70,1912.5860948
5355210,1,3,1,10,3,1,8,1998,22,3,6,,6,1,1,2,,,,,,,,,,,,,,1,,,1,,,3,,,2,1,1,1,5,10,1,,2,10,01,70,1912.5860948
5355211,1,1,1,10,1,1,9,1943,77,1,6,,2,3,,3,,1,2,,,,,,,,,1,,,,2,1,,,3,,,2,2,2,,1,0,,,2,0,01,70,1921.2983942
5355211,1,2,1,10,2,2,2,1951,69,2,6,,2,3,,3,,1,1,,,,,,,,,1,,,,,1,,,3,,,2,2,2,,1,0,,,2,0,01,70,1921.2983942
5355211,1,3,1,10,3,1,4,1974,46,3,6,,6,1,1,1,2,,,,,,,,,,,1,,,,,1,,,3,,,2,1,2,,4,9,,,2,9,01,70,1921.2983942
5355211,1,4,1,10,4,2,4,1980,40,3,6,,4,1,1,1,2,,,,,,,,,,,1,,,,,1,,,3,,,2,1,2,,4,8,,,2,8,01,70,1921.2983942
5355211,1,5,1,10,5,1,3,2001,19,4,6,,6,2,,1,4,,,,,,1,,,,,,,,,,1,,,3,,,2,1,2,,5,11,2,,2,11,01,70,1921.2983942
5355211,1,6,1,10,6,1,1,2002,19,4,6,,6,2,,1,4,,,,,,,,,,,1,,,,,1,,,3,,,2,1,1,2,6,0,2,2,2,11,01,70,1921.2983942
5355211,1,7,1,10,4,1,8,2006,14,4,6,,6,2,,1,4,,,,,,,,,,1,,,,,,1,,,3,,,2,1,1,1,4,6,,,2,6,01,70,1921.2983942
5355211,1,8,1,10,4,1,5,2013,7,4,6,,,2,,1,4,,,,,,,,,,,,,,,,1,,,3,,,2,2,1,1,3,1,,,2,1,01,70,1921.2983942
5355212,1,1,1,10,1,1,5,1986,34,1,6,,2,3,,2,,2,,,,,,,,,,,,1,,1,1,,,3,,,2,2,2,,1,0,,,2,0,01,70,1914.9152705
5355214,1,1,1,10,1,1,6,1959,61,1,6,,4,3,,3,,,,,,,1,,,,,1,,,,1,1,,,3,,,2,1,2,,3,3,,,2,3,01,70,1773.9850111
5355214,1,2,1,10,1,2,9,2012,8,3,6,,,1,1,2,,,,,,,,,,,,,,,,,1,,,3,,,2,1,1,1,3,3,,,2,3,01,70,1773.9850111
5355215,1,1,1,10,1,2,9,1991,29,1,6,,1,2,,3,,2,,,,1,,,,,,,,,,1,1,,,3,,,2,1,2,,4,7,,,2,7,01,70,1560.2765728
5355216,1,1,1,10,1,1,2,1963,57,1,6,,3,3,,2,,1,2,,,,,,,,,,,1,,1,1,,,3,,,2,2,2,,1,0,,,2,0,01,70,1095.0084272
5355216,1,2,1,10,2,2,7,1965,55,2,6,,3,2,,2,,1,1,,,,,,,,,,,1,,,1,,,3,,,2,1,2,,3,2,,,2,2,01,70,1095.0084272
5355218,1,1,1,10,1,1,4,1992,28,1,6,,2,2,,2,,1,2,,,,1,,,,,1,,,,2,1,,,3,,,2,1,2,,5,11,2,,2,11,01,70,2046.5642939
5355218,1,2,1,10,2,2,7,1988,32,2,6,,2,2,,2,,1,1,,,,1,,,,,1,,,,,1,,,3,,,2,1,2,,5,11,2,,2,11,01,70,2046.5642939
5355218,1,3,1,10,2,2,10,2009,11,3,6,,6,2,,1,2,,,,,,,,,,1,,,,,,1,,,3,,,2,1,1,1,4,6,,,2,6,01,70,2046.5642939
5355218,1,4,1,10,2,2,10,2015,5,3,6,,,1,1,1,2,,,,,,,,,,,,,,,,1,,,3,,,2,2,1,1,3,0,,,2,0,01,70,2046.5642939
5355218,1,5,1,10,2,1,6,2019,1,3,6,,,1,1,1,2,,,,,,,,,,,,,,,,1,,,3,,,2,,,,,,,,2,,01,70,2046.5642939
5355219,1,1,1,10,1,1,4,1973,47,1,6,,2,2,,3,,1,2,,,,,,,,,,,1,,1,1,,,3,,,2,1,2,,3,5,,,2,5,01,70,1585.0524217
5355219,1,2,1,10,2,2,9,1987,33,2,6,,2,2,,2,,1,1,,,,,,,,,,,1,,,1,,,3,,,2,1,2,,5,11,2,,2,11,01,70,1585.0524217
5355219,1,3,1,10,2,2,1,2006,15,3,6,,6,1,1,1,2,,,,,,,,,,1,,,,,,1,,,3,,,2,1,1,1,4,9,,,2,9,01,70,1585.0524217
5355220,1,1,1,10,1,1,2,1967,53,1,6,,2,3,,3,,1,2,,,,,,,,,,,1,,1,1,,,3,,,2,2,2,,1,0,,,2,0,01,70,1661.4464319
5355220,1,2,1,10,2,2,8,1972,48,2,6,,2,2,,2,,1,1,,,,,,,,,,,1,,,1,,,3,,,2,1,2,,3,3,,,2,3,01,70,1661.4464319
5355221,1,1,1,10,1,1,6,1954,66,1,6,,2,3,,3,,1,2,,,,,,,,,1,,,,2,1,,,3,,,2,2,2,,1,0,,,2,0,01,70,906.87270569
5355221,1,2,1,10,2,2,4,1970,50,2,6,,2,3,,1,3,1,1,,,,,,,,,1,,,,,1,,,3,,,2,1,2,,3,3,,,2,3,01,70,906.87270569
5355221,1,3,1,10,2,2,3,1939,81,5,6,,5,3,,3,,,,,,,,,,,,,,1,,,1,,,3,,,2,2,2,,1,0,,,2,0,01,70,906.87270569
5355222,1,1,1,10,1,1,6,1945,75,1,6,,4,3,,3,,,,,,,,,,,,1,,,,1,1,,,3,,,2,2,2,,1,0,,,2,0,01,70,920.0759717
5355222,1,2,1,10,2,2,7,1940,80,5,6,,4,3,,3,,,,,,,,,,,,1,,,,,1,,,3,,,2,2,2,,1,0,,,2,0,01,70,920.0759717
5355222,1,3,1,10,2,1,6,1968,52,5,6,,6,3,,1,2,,,,,,,,,,,,,1,,,1,,,3,,,2,2,2,,1,0,,,2,0,01,70,920.0759717
5355222,1,4,1,10,2,1,12,1937,83,9,6,,4,3,,3,,,,,,,,,,,,1,,,,,1,,,3,,,2,2,2,,1,0,,,2,0,01,70,920.0759717
5355232,1,1,1,10,1,1,10,1955,65,1,6,,2,3,,3,,1,2,,,,,,,,,,,1,,2,1,,,1,2,100000,2,1,2,,3,2,,,2,2,01,76,6735.2359011
5355232,1,2,1,10,2,2,10,1954,66,2,6,,2,3,,3,,1,1,,,,,,,,,,,1,,,1,,,1,5,,2,1,2,,3,3,,,2,3,01,76,6735.2359011
5355232,1,3,1,10,3,1,1,1979,42,3,6,,4,1,1,1,2,,,,,,,,,,,,,1,,,1,,,1,1,98,2,1,2,,3,5,,,2,5,01,76,6735.2359011
5355233,1,1,1,10,2,1,3,1984,36,1,5,,2,3,,3,,1,2,,,,,,,1,,1,,,,1,1,,,1,1,98,2,1,2,,5,11,2,,2,11,01,76,6525.969436
5355233,1,2,1,10,2,2,5,1984,36,2,5,,2,2,,2,,1,1,,,,,,,,,1,,,,,1,,,1,5,,2,1,2,,5,11,2,,2,11,01,76,6525.969436
5355233,1,3,1,10,2,1,3,2015,5,3,5,,,1,1,1,2,,,,,,,,,,,,,,,,1,,,1,5,,2,2,1,1,3,0,,,2,0,01,76,6525.969436
5355235,1,1,1,10,1,1,7,1966,54,1,5,,4,3,,3,,,,,1,,,,,1,,1,,,,1,1,,,3,,,2,1,2,,3,4,,,2,4,01,76,5305.0980012
5355235,1,2,1,10,2,2,8,1995,25,3,5,,6,1,1,2,,,,,,,,,,,,1,,,,,1,,,3,,,2,1,2,,5,11,2,,2,11,01,76,5305.0980012
5355235,1,3,1,10,2,2,7,2016,4,4,5,,,2,,1,2,,,,,,,,,,,,,,,,1,,,3,,,2,2,2,,1,0,,,2,0,01,76,5305.0980012
5355241,1,1,1,10,1,1,6,1954,66,1,1,999_01,4,3,,3,,,,,1,1,,,,,,,,,,1,1,,,1,3,109725,2,1,2,,3,3,,,2,3,01,76,6159.9725487
5355242,1,1,1,10,1,2,1,1965,55,1,6,,4,3,,3,,,,,,,,,,,,1,,,,2,1,,,1,5,,2,1,2,,3,1,,,2,1,01,76,5470.4729952
5355242,1,2,1,10,1,1,10,1999,21,3,6,,6,2,,1,1,,,,,,,,,,,,,1,,,1,,,3,,,2,2,2,,1,0,,,2,0,01,76,5470.4729952
5355242,1,3,1,10,1,1,6,1926,94,5,6,,5,3,,3,,,,,,,,,,,,,,1,,,1,,,1,2,87000,2,1,2,,3,2,,,2,2,01,76,5470.4729952
5355244,1,1,1,10,1,1,8,1985,35,1,6,,2,2,,3,,1,2,,1,1,,,,,,,,,,2,1,,,1,2,70224,2,1,2,,5,11,2,,2,11,01,76,6228.5856181
5355244,1,2,1,10,2,2,1,1987,34,2,6,,2,3,,2,,1,1,,1,1,,,,,,,,,,,1,,,2,5,,2,1,2,,5,11,2,,2,11,01,76,6228.5856181
5355244,1,3,1,10,2,2,10,2005,15,3,6,,6,3,,1,2,,,,,,,,,,,,,1,,,1,,,2,2,33000,2,1,1,1,4,7,,,2,7,01,76,6228.5856181
5355244,1,4,1,10,2,1,9,2008,12,3,6,,6,3,,1,2,,,,,,,,,,1,,,,,,1,,,2,2,33000,2,1,1,1,4,6,,,2,6,01,76,6228.5856181
5355246,1,1,1,10,1,2,11,1968,52,1,5,,6,3,,3,,,,,,,,,,,,1,,,,2,1,,,3,,,2,1,2,,3,5,,,2,5,01,76,3246.5374689
5355246,1,2,1,10,2,1,4,1989,31,3,5,,6,2,,1,1,,,,,,,,,1,,1,,,,,1,,,1,3,110000,2,1,2,,5,11,2,,2,11,01,76,3246.5374689
5355246,1,3,1,10,3,2,8,1993,27,3,5,,6,2,,1,1,,,,,,,,,,,1,,,,,1,,,3,,,2,1,2,,5,11,2,,2,11,01,76,3246.5374689
5355249,1,1,1,10,1,1,8,1952,68,1,5,,2,3,,3,,1,2,,,,,,,,,1,,,,1,1,,,3,,,2,1,2,,3,4,,,2,4,01,76,3246.5374689
5355249,1,2,1,10,2,2,9,1945,75,2,5,,2,3,,3,,1,1,,,,,,,,,1,,,,,1,,,3,,,2,2,2,,1,0,,,2,0,01,76,3246.5374689
5355250,1,1,1,10,2,1,6,1972,48,1,5,,2,2,,2,,1,2,,1,,,,,1,,1,,,,1,1,,,3,,,2,1,2,,5,11,2,,2,11,01,76,8217.1063526
5355250,1,2,1,10,2,2,1,1979,42,2,5,,2,2,,2,,1,1,,1,1,,,,1,,,,,,,1,,,3,,,2,1,2,,4,8,,,2,8,01,76,8217.1063526
5355250,1,3,1,10,3,1,3,2002,18,3,5,,6,1,1,1,2,,,,1,,,,,1,,,,,,,1,,,3,,,2,1,2,,4,8,,,2,8,01,76,8217.1063526
5355250,1,4,1,10,4,2,5,1998,22,3,5,,6,1,1,1,2,,,,,,,,,,,,,1,,,1,,,1,9,,2,1,2,,6,1,3,,2,12,01,76,8217.1063526
5355250,1,5,1,10,4,2,7,2020,0,4,6,,,2,,1,4,,,,,,,,,,,,,,,,1,,,1,5,,2,,,,,,,,2,,01,76,8217.1063526
5355251,1,1,1,10,1,2,10,1954,66,1,1,999_01,2,3,,3,,1,2,,,,,,,,,1,,,,1,1,,,3,,,2,2,2,,1,0,,,2,0,01,76,3246.5374689
5355251,1,2,1,10,2,1,10,1956,64,2,5,,2,3,,2,,1,1,,,,,,,,,,,1,,,1,,,3,,,2,1,2,,3,5,,,2,5,01,76,3246.5374689
5355252,1,1,1,10,1,1,1,1965,56,1,6,,4,3,,3,,,,,,,1,,,,,,,,,1,2,1,23,,,,2,1,2,,3,2,,,2,2,01,76,6159.9725487
5356804,1,1,1,10,2,1,10,1959,61,1,6,,3,3,,3,,1,2,,1,,1,,,,,,,,,1,1,,,3,,,2,1,2,,3,2,,,2,2,01,41,1078.5903223
5356804,1,2,1,10,2,2,5,1980,40,2,6,,3,2,,2,,1,1,,1,,,,,,,,,,,,1,,,3,,,2,1,2,,3,3,,,2,3,01,41,1078.5903223
5356804,1,3,1,10,2,2,1,2007,14,3,6,,6,1,1,1,2,,,,1,,,,,,1,,,,,,1,,,3,,,2,1,1,1,4,6,,,2,6,01,41,1078.5903223
5356804,1,4,1,10,2,2,8,2011,9,3,6,,,1,1,1,2,,,,,,,,,,,,,,,,1,,,3,,,2,1,1,1,3,2,,,2,2,01,41,1078.5903223
5356804,1,5,1,10,2,1,9,2015,5,3,6,,,1,1,1,2,,,,,,,,,,,,,,,,1,,,3,,,2,2,1,1,2,0,,,2,0,01,41,1078.5903223
5356805,1,1,1,10,1,1,,,60,1,6,,3,3,,3,,2,,,1,,1,,,,,,,,,1,1,,,3,,,2,2,2,,1,0,,,2,0,01,41,1219.470858
5356806,1,1,1,10,2,1,10,1962,58,1,6,,3,3,,3,,1,2,1,1,,1,,,,,,,,,1,1,,,3,,,2,1,2,,4,6,,,2,6,01,41,817.53188809
5356806,1,2,1,10,2,2,9,1964,56,2,6,,3,3,,2,,1,1,1,1,,1,,,,,,,,,,1,,,3,,,2,1,2,,4,7,,,2,7,01,41,817.53188809
5356806,1,3,1,10,3,2,5,1993,27,3,6,,2,1,1,1,2,1,4,1,1,,1,,,,,,,,,,1,,,3,,,2,1,2,,6,2,3,,2,13,01,41,817.53188809
5356806,1,4,1,10,4,1,11,1994,26,5,6,,2,2,,2,,1,3,1,1,,1,,,,,,,,,,1,,,3,,,2,1,2,,4,9,,,2,9,01,41,817.53188809
5356809,1,1,1,10,1,1,1,1996,25,1,6,,4,2,,2,,,,,1,,1,,,,,,,,,1,2,1,36,,,,1,1,2,,3,3,,,2,3,01,41,1354.3798828
5356810,1,1,1,10,2,1,,,76,1,6,,3,3,,3,,1,2,,1,,,,,,,,,,,2,1,,,3,,,2,1,2,,3,3,,,2,3,01,41,1009.2386323
5356810,1,2,1,10,2,2,8,1959,61,2,6,,3,3,,3,,1,1,,1,,,,,,,,,,,,1,,,3,,,2,1,2,,3,2,,,2,2,01,41,1009.2386323
5356810,1,3,1,10,2,1,,,27,3,6,,2,1,1,1,2,1,4,,1,,1,,,,,,,,,,1,,,3,,,2,1,2,,3,3,,,2,3,01,41,1009.2386323
5356810,1,4,1,10,2,2,,,21,5,6,,2,2,,2,,1,3,,1,,,,,,,,,,,,1,,,3,,,2,1,2,,5,11,2,,2,11,01,41,1009.2386323
5356810,1,5,1,10,2,1,1,2019,2,4,6,,,1,3,1,4,,,,,,,,,,,,,,,,1,,,3,,,2,,,,,,,,2,,01,41,1009.2386323
5356811,1,1,1,10,1,2,4,1956,64,1,6,,6,3,,3,,,,,,1,1,1,,,,,,,,2,1,,,3,,,2,1,2,,5,11,2,,2,11,01,41,946.35040591
5356811,1,2,1,10,2,1,9,1962,58,5,6,,6,3,,3,,,,,,,,,,,,,,1,,,1,,,3,,,2,1,2,,3,5,,,2,5,01,41,946.35040591
5356811,1,3,1,10,3,1,6,1964,56,5,6,,6,3,,3,,,,,,,,,,,,,,1,,,1,,,3,,,2,1,2,,3,5,,,2,5,01,41,946.35040591
5356812,1,1,1,10,2,1,1,1975,46,1,6,,3,2,,2,,1,2,,,,1,,,,,,,,,1,1,,,3,,,2,1,2,,3,5,,,2,5,01,41,597.85229061
5356812,1,2,1,10,2,2,2,1982,38,2,6,,3,2,,1,7,1,1,,1,,,,,1,,,,,,,1,,,3,,,2,1,2,,3,4,,,2,4,01,41,597.85229061
5356812,1,3,1,10,2,1,5,1999,21,3,6,,6,1,1,1,2,,,,1,,1,,,,,,,,,,1,,,3,,,2,1,2,,3,5,,,2,5,01,41,597.85229061
5356812,1,4,1,10,4,2,3,2004,16,3,6,,6,1,1,1,2,,,,1,,,,,,1,,,,,,1,,,3,,,2,1,1,1,5,10,1,,2,10,01,41,597.85229061
5356812,1,5,1,10,2,2,4,2007,13,3,6,,6,1,1,1,2,,,,,,,,,,1,,,,,,1,,,3,,,2,1,1,1,4,7,,,2,7,01,41,597.85229061
5356812,1,6,1,10,2,2,4,2009,11,3,6,,6,1,1,1,2,,,,,,,,,,1,,,,,,1,,,3,,,2,1,1,1,4,0,,,2,5,01,41,597.85229061
5356812,1,7,1,10,2,2,11,1944,76,5,6,,6,3,,3,,,,,,,,,,,,,,1,,,1,,,3,,,2,2,2,,1,0,,,2,0,01,41,597.85229061
5356823,1,1,1,10,2,1,10,1984,36,1,6,,2,2,,2,,1,2,,1,,1,,,,,,,,,2,1,,,3,,,2,1,2,,3,5,,,2,5,01,41,1285.5201454
5356823,1,2,1,10,2,2,2,1992,28,2,1,500_03,2,2,,2,,1,1,,1,,,,,,,,1,,SACAR CITAS MEDICAS,,1,,,3,,,2,1,2,,5,11,2,,2,11,01,41,1285.5201454
5356823,1,3,1,10,2,2,11,2012,8,3,1,500_03,,1,1,1,2,,,,,,,,,,,,,,,,1,,,3,,,2,1,2,,3,2,,,2,2,01,41,1285.5201454
5356824,1,1,1,10,1,1,7,1941,79,1,6,,5,3,,3,,,,,1,,1,,,,,,,,,2,1,,,3,,,2,1,2,,3,1,,,2,1,01,41,1219.470858
5356825,1,1,1,10,1,1,9,1960,60,1,6,,3,3,,3,,1,2,,1,1,,,,,,,,,,2,1,,,3,,,2,1,2,,3,1,,,2,1,01,41,1081.2594307
5356825,1,2,1,10,2,2,8,1950,70,2,6,,3,3,,3,,1,1,,1,,,,,,,,,,,,1,,,3,,,2,1,2,,3,4,,,2,4,01,41,1081.2594307
5356825,1,3,1,10,3,1,6,1994,26,3,6,,6,1,1,1,2,,,,,,,,,,1,,,,,,1,,,3,,,2,1,2,,6,2,3,,2,13,01,41,1081.2594307
5356827,1,1,1,10,2,1,7,1973,47,1,6,,3,2,,3,,1,2,,,,,,,,,,,1,,2,1,,,3,,,2,1,2,,3,4,,,2,4,01,41,1471.8089728
5356827,1,2,1,10,2,2,11,1978,42,2,6,,3,2,,2,,1,1,,,,,,,,,,,1,,,1,,,3,,,2,1,2,,3,3,,,2,3,01,41,1471.8089728
5356827,1,3,1,10,2,1,5,2001,19,3,6,,6,1,1,1,2,,,,,,,,,,,,,1,,,1,,,3,,,2,1,2,,5,11,2,,2,11,01,41,1471.8089728
5356827,1,4,1,10,2,1,1,2013,8,3,6,,,1,1,1,2,,,,,,,,,,,,,,,,1,,,3,,,2,1,1,1,3,2,,,2,2,01,41,1471.8089728
5356829,1,1,1,10,1,2,,,79,1,6,,5,3,,3,,,,,1,,,,,,,,,,,1,1,,,3,,,2,2,2,,1,0,,,2,0,01,41,1057.4931538
5356829,1,2,1,10,2,1,,,37,3,6,,6,3,,1,1,,,,,,1,,,,,,,,,,1,,,3,,,2,1,2,,3,2,,,2,2,01,41,1057.4931538
5356830,1,1,1,10,2,1,3,1966,54,1,6,,3,3,,2,,1,2,,,,1,,,,,,,,,2,1,,,3,,,2,1,2,,3,4,,,2,4,01,41,913.72516503
5356830,1,2,1,10,2,2,12,1973,47,2,6,,3,3,,3,,1,1,,,,,,,,,,,1,,,1,,,3,,,2,1,2,,3,2,,,2,2,01,41,913.72516503
5356830,1,3,1,10,3,2,3,2003,17,3,6,,6,1,1,1,2,,,,,,,,,,,,,1,,,1,,,3,,,2,1,2,,5,11,2,,2,11,01,41,913.72516503
5356832,1,1,1,10,1,1,6,1982,38,1,6,,3,3,,1,5,1,2,,1,1,1,,,,,,,,,2,1,,,3,,,2,1,2,,3,3,,,2,3,01,41,1264.8836722
5356832,1,2,1,10,2,2,9,1985,35,2,6,,3,3,,2,,1,1,,1,,,,,,,,,,,,1,,,3,,,2,1,2,,5,11,2,,2,11,01,41,1264.8836722
5356832,1,3,1,10,3,1,8,2007,13,3,6,,6,1,1,1,2,,,,,,,,,,1,,,,,,1,,,3,,,2,1,1,1,4,7,,,2,7,01,41,1264.8836722
5356832,1,4,1,10,1,2,9,2012,8,3,6,,,1,1,1,2,,,,,,,,,,,,,,,,1,,,3,,,2,1,1,1,3,2,,,2,2,01,41,1264.8836722
5356832,1,5,1,10,5,2,12,1944,76,5,6,,5,3,,3,,,,,,,,,,,,,,1,,,1,,,3,,,2,1,2,,3,3,,,2,3,01,41,1264.8836722
5356833,1,1,1,10,3,2,,,46,1,6,,4,3,,2,,,,,1,,,,,,,,,,,1,1,,,3,,,2,1,2,,3,1,,,2,1,01,41,597.85229061
5356833,1,2,1,10,3,2,1,2007,13,3,6,,6,2,,1,1,,,,,,,,,,1,,,,,,1,,,3,,,2,1,1,1,4,8,,,2,8,01,41,597.85229061
5356833,1,3,1,10,3,2,12,1991,29,3,6,,4,2,,1,1,,,,,,1,,,,,,,,,,1,,,3,,,2,1,2,,5,11,2,,2,11,01,41,597.85229061
5356833,1,4,1,10,3,1,9,2011,9,4,6,,,2,,1,3,,,,,,,,,,,,,,,,1,,,3,,,2,1,1,1,3,3,,,2,3,01,41,597.85229061
5356834,1,1,1,10,1,2,11,1978,42,1,6,,4,3,,2,,,,,1,1,1,,,,,,,,,2,1,,,3,,,2,1,2,,3,3,,,2,3,01,41,683.02906514
5356834,1,2,1,10,2,2,11,2003,17,3,6,,6,2,,1,1,,,,,,,,,,1,,,,,,1,,,3,,,2,1,2,,5,11,2,,2,11,01,41,683.02906514
5356834,1,3,1,10,3,2,2,1997,23,3,6,,6,2,,1,1,,,,,,,,,,,,,1,,,1,,,3,,,2,1,2,,4,9,,,2,9,01,41,683.02906514
5356834,1,4,1,10,3,1,1,2014,7,4,6,,,2,,1,3,,,,,,,,,,,,,,,,1,,,3,,,2,2,1,1,3,1,,,2,1,01,41,683.02906514
5356835,1,1,1,10,1,1,6,1958,62,1,6,,3,3,,3,,1,2,,1,,,,,,,,,,,2,1,,,3,,,2,1,2,,3,2,,,2,2,01,41,1674.8602895
5356835,1,2,1,10,2,2,6,1963,57,2,6,,3,2,,3,,1,1,,1,,,,,,,,,,,,1,,,3,,,2,1,2,,3,2,,,2,2,01,41,1674.8602895
5356835,1,3,1,10,3,1,4,1988,32,3,6,,6,1,1,1,2,,,,,,,,,,,,,1,,,1,,,3,,,2,1,2,,3,5,,,2,5,01,41,1674.8602895
5356835,1,4,1,10,4,1,8,1993,27,3,6,,6,1,1,1,2,,,,,,,,,,1,,,,,,1,,,3,,,2,1,1,1,6,3,2,2,2,14,01,41,1674.8602895
5356835,1,5,1,10,5,1,1,1996,25,3,6,,6,1,1,1,2,,,,,,,,,,,,,1,,,1,,,3,,,2,1,2,,5,11,2,,2,11,01,41,1674.8602895
5356835,1,6,1,10,6,1,6,2004,16,3,6,,6,1,1,1,2,,,,,,,,,,1,,,,,,1,,,3,,,2,1,1,1,5,10,1,,2,10,01,41,1674.8602895
5356836,1,1,1,10,1,1,4,1990,30,1,6,,2,2,,2,,1,2,,,1,,,,,,,,,,2,1,,,3,,,2,1,2,,3,5,,,2,5,01,41,1018.6315419
5356836,1,2,1,10,2,2,6,1991,29,2,6,,2,2,,3,,1,1,,,,,,,,,1,,,,,1,,,3,,,2,1,2,,5,11,2,,2,11,01,41,1018.6315419
5356836,1,3,1,10,2,2,5,2008,12,3,6,,6,1,1,1,2,,,,,,,,,,1,,,,,,1,,,3,,,2,1,1,1,4,7,,,2,7,01,41,1018.6315419
5356836,1,4,1,10,2,1,2,2011,9,3,6,,,1,1,1,2,,,,,,,,,,,,,,,,1,,,3,,,2,1,1,1,3,4,,,2,4,01,41,1018.6315419
5356837,1,1,1,10,1,1,3,1981,39,1,6,,3,2,,2,,1,2,,1,1,,,,,,,,,,2,2,1,84,,,,2,1,2,,3,5,,,2,5,01,41,1561.7704012
5356837,1,2,1,10,2,2,4,1986,34,2,6,,3,3,,3,,1,1,,1,1,,,,,,,,,,,1,,,3,,,2,1,2,,5,11,2,,2,11,01,41,1561.7704012
5356837,1,3,1,10,2,1,6,2007,13,3,6,,6,1,1,1,2,,,,,,,,,,1,,,,,,1,,,3,,,2,1,1,1,4,7,,,2,7,01,41,1561.7704012
5356837,1,4,1,10,2,2,5,2019,1,3,6,,,1,1,1,2,,,,,,,,,,,,,,,,1,,,3,,,2,,,,,,,,2,,01,41,1561.7704012
5356839,1,1,1,10,1,1,3,1969,51,1,6,,3,3,,3,,1,2,,1,,1,,,,,,,,,1,1,,,3,,,2,1,2,,3,5,,,2,5,01,41,736.79798985
5356839,1,2,1,10,2,2,1,1977,44,2,6,,3,2,,2,,1,1,,1,,1,,,,,,,,,,1,,,3,,,2,1,2,,5,11,2,,2,11,01,41,736.79798985
5356839,1,3,1,10,3,2,6,1997,23,3,6,,6,1,1,1,2,,,,1,,,,,1,,,,,,,1,,,3,,,2,1,2,,6,2,3,,2,13,01,41,736.79798985
5356839,1,4,1,10,4,2,4,2002,18,3,6,,6,1,1,1,2,,,,,,,1,,,1,,,,,,1,,,3,,,2,1,2,,5,11,2,,2,11,01,41,736.79798985
5356840,1,1,1,10,1,2,3,1959,61,1,6,,5,3,,2,,,,,,,1,,,,,1,,,,2,1,,,1,3,109000,2,1,2,,5,11,2,,2,11,01,41,653.03093974
5356840,1,2,1,10,1,2,6,2017,3,4,6,,,2,,2,,,,,,,,,,,,,,,,,1,,,3,,,2,2,2,,1,0,,,2,0,01,41,653.03093974
5356840,1,3,1,10,3,2,5,1968,52,6,5,,4,3,,3,,,,,,,,,,,,,,1,,,1,,,3,,,2,1,2,,3,5,,,2,5,01,41,653.03093974
5356840,1,4,1,10,3,2,8,2002,18,6,6,,6,2,,1,3,,,,,,,,,,,,,1,,,1,,,3,,,2,1,1,1,6,0,2,2,2,11,01,41,653.03093974
5356841,1,1,1,10,1,2,8,1988,32,1,6,,6,2,,2,,,,,1,,,,,,,,1,,IR AL MEDICO,1,1,,,2,1,100000,2,1,2,,6,5,4,,2,16,01,41,1126.8448439
5356841,1,2,1,10,1,2,8,2019,1,3,6,,,2,,1,1,,,,,,,,,,,,,,,,1,,,2,5,,2,,,,,,,,2,,01,41,1126.8448439
5356842,1,1,1,10,1,2,5,1959,61,1,6,,5,3,,3,,,,,,,,,,,,,,1,,2,1,,,2,2,295000,2,1,2,,6,8,5,,2,19,01,41,898.81785228
5356843,1,1,1,10,1,1,3,1998,22,1,6,,3,2,,2,,2,,,,,1,,,,,1,,,,2,1,,,3,,,2,1,2,,4,7,,,2,7,01,41,1471.954837
5356844,1,1,1,10,1,2,4,1965,55,1,5,,4,2,,2,,,,,,,1,,,,,1,,,,1,1,,,3,,,2,1,2,,3,5,,,2,5,01,41,597.85229061
5356844,1,2,1,10,2,2,6,2001,19,3,6,,6,2,,1,1,,,,,,1,,,,,1,,,,,1,,,3,,,2,1,2,,5,11,2,,2,11,01,41,597.85229061
5356844,1,3,1,10,1,2,7,2003,17,3,6,,6,2,,1,1,,,,,,,,,,,1,,,,,1,,,3,,,2,1,2,,5,11,2,,2,11,01,41,597.85229061
5356845,1,1,1,10,1,1,6,1975,45,1,6,,3,3,,2,,1,2,,1,,1,,,,,,,,,1,1,,,3,,,2,1,2,,5,11,2,,2,11,01,41,1453.5570992
5356845,1,2,1,10,2,2,12,1976,44,2,6,,3,2,,2,,1,1,,1,,1,,,,,,,,,,1,,,3,,,2,1,2,,4,6,,,2,6,01,41,1453.5570992
5356845,1,3,1,10,3,1,9,2004,16,3,6,,6,1,1,1,2,,,,,,,,,,1,,,,,,1,,,3,,,2,1,1,1,5,10,1,,2,10,01,41,1453.5570992
5356845,1,4,1,10,4,2,5,1999,21,3,6,,3,1,1,1,2,1,5,,1,,,,,,,,,,,,1,,,3,,,2,1,2,,6,2,3,,2,13,01,41,1453.5570992
5356845,1,5,1,10,1,1,,,25,5,6,,3,3,,2,,1,4,,1,,1,,,,,,,,,,1,,,3,,,2,1,2,,5,11,2,,2,11,01,41,1453.5570992
5356845,1,6,1,10,4,1,7,2019,1,4,6,,,1,5,1,4,,,,,,,,,,,,,,,,1,,,3,,,2,,,,,,,,2,,01,41,1453.5570992
5356847,1,1,1,10,1,1,1,1970,51,1,6,,2,2,,2,,1,2,,1,,,,,,,,,,,2,1,,,3,,,2,1,2,,3,4,,,2,4,01,41,1252.2150949
5356847,1,2,1,10,2,2,12,1961,59,2,6,,2,3,,2,,1,1,,1,,,,,,,,,,,,1,,,3,,,2,1,2,,3,3,,,2,3,01,41,1252.2150949
5356847,1,3,1,10,3,2,5,1993,27,3,6,,2,1,1,1,2,1,4,,1,,,,,,,,,,,,1,,,3,,,2,1,2,,5,11,2,,2,11,01,41,1252.2150949
5356847,1,4,1,10,4,1,8,1992,28,5,6,,2,2,,2,,1,3,,1,,,,,,,,,,,,1,,,3,,,2,1,2,,5,11,2,,2,11,01,41,1252.2150949
5356847,1,5,1,10,3,2,9,2011,9,4,6,,,2,,1,3,,,,,,,,,,,,,,,,1,,,3,,,2,1,1,1,3,3,,,2,3,01,41,1252.2150949
5356847,1,6,1,10,3,1,7,2020,0,4,6,,,1,4,1,3,,,,,,,,,,,,,,,,1,,,3,,,2,,,,,,,,2,,01,41,1252.2150949
5356848,1,1,1,10,1,1,9,1977,43,1,6,,3,3,,2,,1,2,,1,,,,,,,,,,,1,1,,,3,,,2,1,2,,3,2,,,2,2,01,41,1666.676778
5356848,1,2,1,10,2,2,1,1993,28,2,6,,3,2,,2,,1,1,,1,,,,,,,,,,,,1,,,3,,,2,1,2,,4,6,,,2,6,01,41,1666.676778
5356848,1,3,1,10,2,1,11,2009,11,3,6,,6,1,1,1,2,,,,,,,,,,1,,,,,,1,,,3,,,2,1,1,1,4,0,,,2,5,01,41,1666.676778
5356848,1,4,1,10,2,2,11,2012,8,3,6,,,1,1,1,2,,,,,,,,,,,,,,,,1,,,3,,,2,1,1,1,3,2,,,2,2,01,41,1666.676778
5356848,1,5,1,10,2,1,9,2018,2,3,6,,,1,1,1,2,,,,,,,,,,,,,,,,1,,,3,,,2,,,,,,,,2,,01,41,1666.676778
5356849,1,1,1,10,1,1,9,1980,40,1,6,,3,3,,2,,1,2,,,,,,,,,,,1,,1,1,,,3,,,2,1,2,,3,2,,,2,2,01,41,1390.4265223
5356849,1,2,1,10,2,2,1,1986,35,2,6,,3,2,,2,,1,1,,,,,,,,,,,1,,,1,,,3,,,2,1,2,,3,5,,,2,5,01,41,1390.4265223
5356849,1,3,1,10,2,2,3,2011,9,3,6,,,1,1,1,2,,,,,,,,,,,,,,,,1,,,3,,,2,1,1,1,3,4,,,2,4,01,41,1390.4265223
5356849,1,4,1,10,2,1,8,2012,8,3,6,,,1,1,1,2,,,,,,,,,,,,,,,,1,,,3,,,2,1,1,1,3,2,,,2,2,01,41,1390.4265223
5356850,1,1,1,10,1,1,7,1964,56,1,6,,3,3,,2,,1,2,,1,,1,,,,,,,,,1,1,,,3,,,2,1,2,,3,3,,,2,3,01,41,878.13922084
5356850,1,2,1,10,2,2,1,1969,52,2,6,,3,3,,2,,1,1,,1,,,,,,,,,,,,1,,,3,,,2,1,2,,3,3,,,2,3,01,41,878.13922084
5356850,1,3,1,10,2,1,8,2002,18,3,6,,6,1,1,1,2,,,,1,,,,,,,,,,,,1,,,3,,,2,1,2,,4,6,,,2,6,01,41,878.13922084
5356850,1,4,1,10,2,2,8,2006,14,4,6,,6,2,,2,,,,,,,,,,,1,,,,,,1,,,3,,,2,1,1,1,4,7,,,2,7,01,41,878.13922084
5356850,1,5,1,10,2,2,11,2009,11,4,6,,6,2,,2,,,,,,,,,,,1,,,,,,1,,,3,,,2,1,1,1,4,0,,,2,5,01,41,878.13922084
5356851,1,1,1,10,1,1,5,1970,50,1,6,,3,2,,2,,1,2,,1,,1,,,,,,,,,2,1,,,3,,,2,1,2,,3,5,,,2,5,01,41,895.47329142
5356851,1,2,1,10,2,2,1,1971,50,2,6,,3,2,,2,,1,1,,1,,,,,,,,,,,,1,,,3,,,2,1,2,,3,5,,,2,5,01,41,895.47329142
5356851,1,3,1,10,3,1,6,1991,29,3,6,,6,1,1,1,2,,,,,,,,,,,,,1,,,1,,,3,,,2,1,1,1,4,7,,,2,7,01,41,895.47329142
5356851,1,4,1,10,4,2,4,2004,16,3,6,,6,1,1,1,2,,,,,,,,,,1,,,,,,1,,,3,,,2,1,1,1,5,10,1,,2,10,01,41,895.47329142
5356851,1,5,1,10,5,2,6,2006,14,3,6,,6,1,1,1,2,,,,,,,,,,1,,,,,,1,,,3,,,2,1,1,1,4,8,,,2,8,01,41,895.47329142
5356852,1,1,1,10,1,1,10,1969,51,1,5,,6,2,,2,,,,,,,,,,,,,,1,,1,1,,,3,,,2,1,2,,3,2,,,2,2,01,41,1216.1684554
5356852,1,2,1,10,1,1,5,1970,50,5,6,,6,2,,2,,,,,,,,,,,,,,1,,,1,,,3,,,2,1,2,,3,1,,,2,1,01,41,1216.1684554
5356852,1,3,1,10,3,2,8,1960,60,5,5,,6,3,,3,,,,,,,,,,,,,,1,,,1,,,3,,,2,2,2,,1,0,,,2,0,01,41,1216.1684554
5356853,1,1,1,10,1,1,5,1993,27,1,6,,2,2,,2,,1,2,,1,,1,,,1,,,,,,1,2,1,6,,,,2,1,2,,3,2,,,2,2,01,41,1285.5201454
5356853,1,2,1,10,2,2,9,1995,25,2,6,,2,2,,2,,1,1,,1,,,,,1,,,,,,,2,1,6,,,,2,1,2,,4,9,,,2,9,01,41,1285.5201454
5356853,1,3,1,10,2,2,8,2014,6,3,6,,,1,1,1,2,,,,,,,,,,,,,,,,2,1,6,,,,2,2,1,1,3,0,,,2,0,01,41,1285.5201454
5356854,1,1,1,10,1,1,7,1952,68,1,6,,3,3,,3,,1,2,,1,,,,,,,,,,,2,1,,,3,,,2,1,2,,3,2,,,2,2,01,41,1398.6100338
5356854,1,2,1,10,2,2,5,1960,60,2,6,,3,3,,3,,1,1,,1,,,,,,,,,,,,1,,,3,,,2,2,2,,1,0,,,2,0,01,41,1398.6100338
5356854,1,3,1,10,3,1,5,1988,32,3,6,,6,1,1,1,2,,,,,,,,,,,,,1,,,1,,,3,,,2,1,2,,3,2,,,2,2,01,41,1398.6100338
5356854,1,4,1,10,4,1,8,1990,30,3,6,,6,1,1,1,2,,,,,,,,,,,,,1,,,1,,,3,,,2,1,2,,3,2,,,2,2,01,41,1398.6100338
5356854,1,5,1,10,5,1,1,1995,26,3,6,,6,1,1,1,2,,,,,,,,,,,,,1,,,1,,,3,,,2,1,2,,3,2,,,2,2,01,41,1398.6100338
5356855,1,1,1,10,1,1,4,1992,28,1,6,,2,2,,2,,1,2,,1,1,1,,,,,1,,,,1,1,,,3,,,2,1,2,,4,6,,,2,6,01,41,1300.4650939
5356855,1,2,1,10,2,2,7,1992,28,2,6,,2,2,,2,,1,1,,,,,,,,,,,1,,,1,,,3,,,2,1,2,,4,9,,,2,9,01,41,1300.4650939
5356855,1,3,1,10,2,1,8,2011,9,3,6,,,2,,1,2,,,,,,,,,,,,,,,,1,,,3,,,2,1,1,1,3,3,,,2,3,01,41,1300.4650939
5356855,1,4,1,10,2,1,9,2012,8,3,6,,,1,1,1,2,,,,,,,,,,,,,,,,1,,,3,,,2,1,1,1,3,2,,,2,2,01,41,1300.4650939
5356856,1,1,1,10,1,1,12,1978,42,1,6,,4,3,,1,4,,,,1,,1,,,,,,,,,1,1,,,3,,,2,1,2,,3,2,,,2,2,01,41,1156.8162344
5356856,1,2,1,10,1,2,,,16,3,6,,6,1,1,2,,,,,,,,,,,1,,,,,,1,,,3,,,2,1,1,1,4,9,,,2,9,01,41,1156.8162344
5356856,1,3,1,10,1,1,1,2008,13,3,6,,6,1,1,2,,,,,,,,,,,1,,,,,,1,,,3,,,2,1,1,1,4,6,,,2,6,01,41,1156.8162344
5356856,1,4,1,10,1,2,,,75,5,6,,5,3,,3,,,,,1,,,,,,,,1,,SACAR CITAS MEDICAS,,1,,,3,,,2,1,2,,3,2,,,2,2,01,41,1156.8162344
5356857,1,1,1,10,1,1,9,1965,55,1,6,,2,3,,2,,1,2,,,,,,,,,,,1,,2,1,,,3,,,2,1,2,,3,5,,,2,5,01,41,601.8889651
5356857,1,2,1,10,2,2,1,1968,53,2,6,,2,3,,2,,1,1,,,,,,,,,,,1,,,1,,,3,,,2,1,2,,3,3,,,2,3,01,41,601.8889651
5356857,1,3,1,10,3,2,2,2002,18,3,6,,6,1,1,1,2,,,,,,,,,,,,,1,,,1,,,3,,,2,1,2,,5,11,2,,2,11,01,41,601.8889651
5356857,1,4,1,10,4,2,12,2006,14,3,6,,6,1,1,1,2,,,,,,,,,,1,,,,,,1,,,3,,,2,1,1,1,4,8,,,2,8,01,41,601.8889651
5356858,1,1,1,10,1,1,7,1951,69,1,1,999_01,3,3,,3,,1,2,,1,1,,,,,,,,,,1,1,,,3,,,2,2,2,,1,0,,,2,0,01,41,1298.1574654
5356858,1,2,1,10,2,2,5,1959,61,2,1,999_01,3,2,,2,,1,1,,,,,,,,,,,1,,,1,,,3,,,2,1,2,,3,2,,,2,2,01,41,1298.1574654
5356858,1,3,1,10,4,1,9,2002,18,3,6,,6,3,,2,,,,,,,,,,,,,,1,,,1,,,3,,,2,1,2,,3,5,,,2,5,01,41,1298.1574654
5356858,1,4,1,10,4,2,4,1998,22,3,6,,2,3,,2,,1,5,,,,,,,,,,,1,,,1,,,3,,,2,1,2,,5,11,2,,2,11,01,41,1298.1574654
5356858,1,5,1,10,4,1,9,1999,21,5,6,,2,2,,2,,1,4,,1,,,1,,1,,,,,,,1,,,3,,,2,1,2,,5,10,1,,2,10,01,41,1298.1574654
5356859,1,1,1,10,1,1,11,1980,40,1,6,,3,3,,2,,1,2,,,,,,,,,,,1,,2,1,,,3,,,2,1,2,,3,4,,,2,4,01,41,1771.5831549
5356859,1,2,1,10,2,2,3,1986,34,2,6,,3,2,,2,,1,1,,,,,,,,,,,1,,,1,,,3,,,2,1,2,,3,3,,,2,3,01,41,1771.5831549
5356859,1,3,1,10,2,1,7,2009,11,3,6,,6,1,1,1,2,,,,,,,,,,1,,,,,,1,,,3,,,2,1,1,1,3,0,,,2,0,01,41,1771.5831549
5356859,1,4,1,10,2,1,3,2011,9,3,6,,,1,1,1,2,,,,,,,,,,,,,,,,1,,,3,,,2,1,1,1,3,4,,,2,4,01,41,1771.5831549
5356859,1,5,1,10,2,2,9,2012,8,3,6,,,1,1,1,2,,,,,,,,,,,,,,,,1,,,3,,,2,1,1,1,3,2,,,2,2,01,41,1771.5831549
5356859,1,6,1,10,2,1,12,2017,3,3,6,,,1,1,1,2,,,,,,,,,,,,,,,,1,,,3,,,2,2,2,,1,0,,,2,0,01,41,1771.5831549
5356860,1,1,1,10,7,1,,,49,1,6,,3,3,,2,,1,2,,1,,1,,,,,,,,,2,1,,,3,,,2,1,2,,3,2,,,2,2,01,41,1955.2843675
5356860,1,2,1,10,7,2,,,46,2,6,,3,2,,2,,1,1,,1,,1,,,,,,,,,,1,,,3,,,2,1,2,,3,4,,,2,4,01,41,1955.2843675
5356860,1,3,1,10,7,1,,,19,3,6,,6,1,1,1,2,,,,1,,,,,,,,1,,SACAR CITAS MEDICAS,,1,,,3,,,2,1,2,,4,7,,,2,7,01,41,1955.2843675
5356860,1,4,1,10,7,1,,,17,3,6,,6,1,1,1,2,,,,1,,1,,,,,,,,,,1,,,3,,,2,1,2,,3,4,,,2,4,01,41,1955.2843675
5356860,1,5,1,10,7,2,8,2004,16,3,6,,6,1,1,1,2,,,,1,,,,,,1,,,,,,1,,,3,,,2,1,1,1,4,6,,,2,6,01,41,1955.2843675
5356860,1,6,1,10,7,2,,,9,3,6,,,1,1,1,2,,,,,,,,,,,,,,,,1,,,3,,,2,1,1,1,3,4,,,2,4,01,41,1955.2843675
5356860,1,7,1,10,7,2,3,1999,21,3,6,,3,1,1,1,2,1,8,,1,,,,,,,,,,,,1,,,3,,,2,1,2,,4,9,,,2,9,01,41,1955.2843675
5356860,1,8,1,10,7,1,,,24,5,6,,3,2,,2,,1,7,,1,,1,,,,,,,,,,1,,,3,,,2,1,2,,4,9,,,2,9,01,41,1955.2843675
5356860,1,9,1,10,7,2,6,2016,4,4,6,,,1,8,1,7,,,,,,,,,,,,,,,,1,,,3,,,2,2,1,1,2,0,,,2,0,01,41,1955.2843675
5356861,1,1,1,10,2,1,10,1984,36,1,6,,3,3,,2,,1,2,,,1,1,,,,,,,,,1,1,,,3,,,2,1,2,,3,3,,,2,3,01,41,1108.5929702
5356861,1,2,1,10,2,2,6,1988,32,2,6,,3,2,,2,,1,1,,,,,,,,1,1,,,,,1,,,3,,,2,1,2,,3,3,,,2,3,01,41,1108.5929702
5356861,1,3,1,10,2,2,9,2008,12,3,6,,6,1,1,1,2,,,,,,,,,,1,,,,,,1,,,3,,,2,1,1,1,4,6,,,2,6,01,41,1108.5929702
5356861,1,4,1,10,2,2,8,2020,0,3,6,,,1,1,1,2,,,,,,,,,,,,,,,,1,,,3,,,2,,,,,,,,2,,01,41,1108.5929702
5356862,1,1,1,10,1,1,12,1971,49,1,5,,3,3,,3,,1,2,,1,1,1,,,,,1,,,,1,1,,,3,,,2,1,2,,3,4,,,2,4,01,41,1415.3065692
5356862,1,2,1,10,2,2,2,1971,49,2,5,,3,2,,2,,1,1,,,,,,,,1,,,,,,1,,,3,,,2,1,2,,3,3,,,2,3,01,41,1415.3065692
5356862,1,3,1,10,3,2,3,2000,20,3,6,,6,1,1,1,2,,,,,,,,,,,,,1,,,1,,,3,,,2,1,2,,5,10,1,,2,10,01,41,1415.3065692
5356862,1,4,1,10,4,1,5,2006,14,3,6,,6,1,1,1,2,,,,,,,,,,,,,1,,,1,,,3,,,2,1,2,,3,5,,,2,5,01,41,1415.3065692
5356862,1,5,1,10,5,1,5,2008,12,3,6,,6,1,1,1,2,,,,,,,,,,,,,1,,,1,,,3,,,2,1,2,,3,5,,,2,5,01,41,1415.3065692
5356862,1,6,1,10,6,2,8,1994,26,3,6,,6,1,1,1,2,,,,,,,,,,,,,1,,,1,,,3,,,2,1,2,,5,11,2,,2,11,01,41,1415.3065692
5356862,1,7,1,10,6,2,7,2020,0,4,6,,,2,,1,6,,,,,,,,,,,,,,,,1,,,3,,,2,,,,,,,,2,,01,41,1415.3065692
5356862,1,8,1,10,8,2,10,1998,22,3,6,,6,1,1,1,2,,,,,,,,,,,,,1,,,1,,,3,,,2,1,2,,5,11,2,,2,11,01,41,1415.3065692
5356862,1,9,1,10,8,2,4,2020,0,4,6,,,2,,1,8,,,,,,,,,,,,,,,,1,,,3,,,2,,,,,,,,2,,01,41,1415.3065692
5356864,1,1,1,10,2,1,6,1954,66,1,6,,3,3,,3,,1,2,,1,,,,,,,,,,,1,1,,,3,,,2,1,2,,3,2,,,2,2,01,41,658.85658653
5356864,1,2,1,10,2,2,5,1963,57,2,6,,3,3,,2,,1,1,,1,,,,,,,,1,,SACAR CITAS MEDICAS,,1,,,3,,,2,1,2,,3,3,,,2,3,01,41,658.85658653
5356864,1,3,1,10,2,2,3,1990,30,3,6,,6,1,1,1,2,,,,,,,,,,,,,1,,,1,,,3,,,2,2,2,,1,0,,,2,0,01,41,658.85658653
5356865,1,1,1,10,1,2,1,1958,63,1,6,,5,3,,3,,,,,,,,,,,,,,1,,2,1,,,3,,,2,1,2,,3,2,,,2,2,01,41,898.81785228
5356866,1,1,1,10,1,1,4,1981,39,1,6,,3,2,,2,,1,2,,1,,1,,,,,,,,,1,1,,,3,,,2,1,2,,3,1,,,2,1,01,41,1189.9754208
5356866,1,2,1,10,1,2,,,38,2,6,,3,3,,2,,1,1,,1,,1,,,,,,,,,,1,,,3,,,2,1,2,,3,4,,,2,4,01,41,1189.9754208
5356866,1,3,1,10,1,1,4,2000,20,3,6,,6,1,1,1,2,,,,1,,1,,,,,,,,,,1,,,3,,,2,1,2,,3,5,,,2,5,01,41,1189.9754208
5356866,1,4,1,10,1,2,9,2008,12,3,6,,6,1,1,1,2,,,,,,,,,,1,,,,,,1,,,3,,,2,1,1,1,4,6,,,2,6,01,41,1189.9754208
5356870,1,1,1,10,1,1,12,1966,54,1,1,500_03,2,2,,2,,1,2,,1,,,,,,,,,,,1,1,,,3,,,2,1,2,,3,4,,,2,4,01,41,1575.3616357
5356870,1,2,1,10,2,2,8,1969,51,2,1,500_03,2,2,,3,,1,1,,,,,,,,,,,1,,,1,,,3,,,2,1,2,,3,5,,,2,5,01,41,1575.3616357
5356870,1,3,1,10,3,2,1,2000,21,3,1,500_03,6,1,1,1,2,,,,,,,,,,,,,1,,,1,,,3,,,2,1,1,1,6,0,2,2,2,11,01,41,1575.3616357
5356870,1,4,1,10,4,1,3,2004,16,3,1,500_03,6,1,1,1,2,,,,,,,,,,,,,1,,,1,,,3,,,2,1,1,1,4,8,,,2,8,01,41,1575.3616357
5356871,1,1,1,10,5,1,,,51,1,1,500_03,2,3,,2,,1,2,,,,,,,,,,,1,,2,1,,,3,,,2,1,2,,3,1,,,2,1,01,41,2445.6767471
5356871,1,2,1,10,5,2,,,48,2,1,500_03,2,2,,2,,1,1,,1,,,,,,,,,,,,1,,,3,,,2,1,2,,3,4,,,2,4,01,41,2445.6767471
5356871,1,3,1,10,5,1,,,19,3,1,500_03,6,1,1,1,2,,,,1,,1,,,,,,,,,,1,,,3,,,2,1,2,,4,9,,,2,9,01,41,2445.6767471
5356871,1,4,1,10,5,1,5,2006,14,3,1,500_03,6,1,1,1,2,,,,1,,1,,,,,,,,,,1,,,3,,,2,1,1,1,4,6,,,2,6,01,41,2445.6767471
5356871,1,5,1,10,5,1,8,1999,21,3,1,500_03,2,1,1,1,2,1,6,,1,,,,,,,,,,,,1,,,3,,,2,1,2,,5,11,2,,2,11,01,41,2445.6767471
5356871,1,6,1,10,6,2,2,2004,16,5,6,,2,2,,2,,1,5,,,,,,,,,,,1,,,1,,,3,,,2,1,2,,4,8,,,2,8,01,41,2445.6767471
5356871,1,7,1,10,6,1,10,2020,0,4,1,500_03,,1,5,1,6,,,,,,,,,,,,,,,,1,,,3,,,2,,,,,,,,2,,01,41,2445.6767471
5356872,1,1,1,10,1,2,3,1965,55,1,1,999_01,4,3,,3,,,,,1,1,1,1,,,1,,,,,2,1,,,3,,,2,1,2,,4,8,,,2,8,01,41,1765.690419
5356872,1,2,1,10,1,1,11,1988,32,3,1,999_01,6,2,,1,1,,,,1,1,1,,,,,,,,,,1,,,3,,,2,1,2,,4,8,,,2,8,01,41,1765.690419
5356872,1,3,1,10,1,1,6,2003,17,3,1,999_01,6,2,,1,1,,,,,,1,,,,,,,,,,1,,,3,,,2,1,2,,3,4,,,2,4,01,41,1765.690419
5356873,1,1,1,10,1,1,8,1992,28,1,1,999_01,2,2,,2,,1,2,,1,,1,,,,,,,,,2,1,,,3,,,2,1,2,,5,11,2,,2,11,01,41,1816.761128
5356873,1,2,1,10,2,2,5,2001,19,2,1,999_01,2,2,,2,,1,1,,,,,,,,,,,1,,,1,,,3,,,2,1,2,,4,6,,,2,6,01,41,1816.761128
5356873,1,3,1,10,2,2,8,2018,2,3,1,999_01,,1,1,1,2,,,,,,,,,,,,,,,,1,,,3,,,2,,,,,,,,2,,01,41,1816.761128
5356874,1,1,1,10,1,1,5,1993,27,1,1,500_03,1,2,,2,,1,2,,,,,,,,,,,1,,2,1,,,3,,,2,1,2,,6,2,3,,2,13,01,41,1558.7833085
5356874,1,2,1,10,2,2,5,2000,20,2,6,,1,2,,2,,1,1,,,,,,,,,,,1,,,1,,,3,,,2,1,1,1,6,0,2,2,2,11,01,41,1558.7833085
5356875,1,1,1,10,1,1,9,1937,83,1,6,,2,3,,3,,1,2,,,,,,,,,,,1,,1,1,,,3,,,2,1,2,,3,2,,,2,2,01,41,1221.3728261
5356875,1,2,1,10,2,2,9,1959,61,2,6,,2,3,,3,,1,1,,,,,,,,,,,1,,,1,,,3,,,2,2,2,,1,0,,,2,0,01,41,1221.3728261
5356876,1,1,1,10,2,2,9,1970,50,1,1,999_01,4,2,,2,,,,,,1,,,,,,1,,,,2,1,,,3,,,2,1,2,,3,4,,,2,4,01,41,1809.8776192
5356876,1,2,1,10,2,1,10,1997,23,3,1,999_01,6,2,,1,1,,,,,,,,,,,,,1,,,1,,,3,,,2,1,2,,6,3,3,,2,14,01,41,1809.8776192
5356876,1,3,1,10,2,2,4,2011,9,3,1,999_01,,2,,1,1,,,,,,,,,,,,,,,,1,,,3,,,2,1,1,1,3,4,,,2,4,01,41,1809.8776192
5356876,1,4,1,10,2,2,12,1995,25,3,1,999_01,2,2,,1,1,2,,1,1,1,1,,,,,,,,,,1,,,3,,,2,1,2,,5,11,2,,2,11,01,41,1809.8776192
5356876,1,5,1,10,2,1,11,2017,3,4,1,999_01,,2,,1,4,,,,,,,,,,,,,,,,1,,,3,,,2,2,2,,1,0,,,2,0,01,41,1809.8776192
5356876,1,6,1,10,6,2,11,2002,18,5,1,999_01,1,2,,2,,2,,,,,,,,,,,,1,,,1,,,3,,,2,1,1,1,4,0,,,2,5,01,41,1809.8776192
5356876,1,7,1,10,6,2,8,2018,2,5,1,999_01,,2,,1,6,,,,,,,,,,,,,,,,1,,,3,,,2,,,,,,,,2,,01,41,1809.8776192
5356876,1,8,1,10,6,1,6,2020,0,5,1,999_01,,2,,1,6,,,,,,,,,,,,,,,,2,1,6,,,,1,,,,,,,,2,,01,41,1809.8776192
5356877,1,1,1,10,1,1,5,1974,46,1,6,,2,3,,3,,1,2,,1,,1,,,,,,,,,1,1,,,3,,,2,1,2,,3,5,,,2,5,01,41,1721.6345664
5356877,1,2,1,10,1,2,,,47,2,1,500_03,2,2,,2,,1,1,,1,,1,,,,,,,,,,1,,,3,,,2,1,2,,3,3,,,2,3,01,41,1721.6345664
5356877,1,3,1,10,1,1,,,9,3,1,500_03,,1,1,1,2,,,,,,,,,,,,,,,,1,,,3,,,2,1,1,1,3,3,,,2,3,01,41,1721.6345664
5356877,1,4,1,10,1,1,,,5,3,1,500_03,,1,1,1,2,,,,,,,,,,,,,,,,1,,,3,,,2,2,1,1,2,0,,,2,0,01,41,1721.6345664
5356878,1,1,1,10,1,1,4,1973,47,1,1,500_03,2,3,,3,,1,2,1,1,1,1,,,,,,,,,2,1,,,3,,,2,1,2,,4,6,,,2,6,01,41,1941.0784792
5356878,1,2,1,10,2,2,8,1978,42,2,1,500_03,2,3,,2,,1,1,,1,1,,,,,,,,,,,1,,,3,,,2,1,2,,4,9,,,2,9,01,41,1941.0784792
5356878,1,3,1,10,3,1,11,1997,23,3,1,500_03,6,1,1,1,2,,,,,,,,,,,,,1,,,1,,,3,,,2,1,2,,4,6,,,2,6,01,41,1941.0784792
5356878,1,4,1,10,4,2,9,2002,18,3,1,500_03,6,1,1,1,2,,,,,,,,,,,,,1,,,1,,,3,,,2,1,1,1,5,10,1,,2,10,01,41,1941.0784792
5356878,1,5,1,10,2,1,6,2007,13,3,1,500_03,6,1,1,1,2,,,,,,,,,,1,,,,,,1,,,3,,,2,1,1,1,4,6,,,2,6,01,41,1941.0784792
5356879,1,1,1,10,1,1,1,1994,27,1,6,,6,2,,2,,,,,,,,,,,,,,1,,2,1,,,1,1,40000,2,1,2,,5,11,2,,2,11,01,05,2158.7270774
5356879,1,2,1,10,2,1,5,2002,18,9,6,,6,2,,2,,,,,,,,,,,,,,1,,,2,2,,,,,2,1,2,,4,6,,,2,6,01,05,2158.7270774
5356880,1,1,1,10,1,1,8,1989,31,1,6,,2,2,,2,,1,2,,,,1,,,,,,,,,2,2,1,24,,,,1,1,2,,6,4,2,2,2,15,01,05,1701.8495371
5356880,1,2,1,10,2,2,1,1995,26,2,6,,2,2,,2,,1,1,,,,,1,,,,,,,,,2,2,,,,,1,1,2,,5,11,2,,2,11,01,05,1701.8495371
5356880,1,3,1,10,2,2,12,2016,4,3,6,,,1,1,1,2,,,,,,,,,,,,,,,,2,2,,,,,1,2,1,1,2,0,,,2,0,01,05,1701.8495371
5356881,1,1,1,10,1,1,2,1995,25,1,6,,1,2,,2,,1,2,,,,,,,,,,,1,,1,2,1,1,,,,2,1,2,,4,6,,,2,6,01,05,1443.8717176
5356881,1,2,1,10,2,2,7,1982,38,2,6,,1,2,,2,,1,1,,,,,,,,,,,1,,,1,,,1,1,38000,2,1,2,,4,8,,,2,8,01,05,1443.8717176
5356882,1,1,1,10,1,1,3,1993,27,1,6,,1,2,,2,,1,2,,,,1,,,,,,,,,2,1,,,1,1,38000,2,1,2,,5,11,2,,2,11,01,05,1558.7833085
5356882,1,2,1,10,2,2,1,2000,21,2,6,,1,3,,2,,1,1,,,,,,,,,,,1,,,1,,,1,5,,2,1,2,,4,9,,,2,9,01,05,1558.7833085
5356883,1,1,1,10,1,1,1,1998,23,1,6,,2,2,,2,,1,2,,,,,,,,,,,1,,2,1,,,1,1,40000,2,1,2,,5,11,2,,2,11,01,05,1647.2453006
5356883,1,2,1,10,2,2,4,1995,25,2,6,,2,2,,2,,1,1,,,,,,,,,,,1,,,1,,,1,5,,2,1,2,,3,5,,,2,5,01,05,1647.2453006
5356883,1,3,1,10,2,1,2,2020,0,3,6,,,1,1,1,2,,,,,,,,,,,,,,,,1,,,1,5,,2,,,,,,,,2,,01,05,1647.2453006
5356883,1,4,1,10,4,2,2,1990,30,5,6,,6,2,,2,,,,,,,,,,,,,,1,,,1,,,1,1,36000,2,1,2,,5,11,2,,2,11,01,05,1647.2453006
5356883,1,5,1,10,5,2,11,2011,9,5,6,,,2,,1,4,,,,,,,,,,,,,,,,1,,,1,5,,2,1,1,1,3,3,,,2,3,01,05,1647.2453006
5356884,1,1,1,10,1,1,8,1970,50,1,6,,2,2,,2,,1,2,,,,,,,,,,,1,,2,1,,,1,1,40000,2,1,2,,5,11,2,,2,11,01,05,2175.3054046
5356884,1,2,1,10,2,2,1,1976,45,2,6,,2,3,,3,,1,1,,,,,,,,,1,,,,,1,,,1,5,,2,2,2,,1,0,,,2,0,01,05,2175.3054046
5356884,1,3,1,10,2,1,8,2006,14,3,6,,6,1,1,1,2,,,,,,,,,,1,,,,,,1,,,1,5,,2,1,1,1,4,6,,,2,6,01,05,2175.3054046
5356884,1,4,1,10,4,1,4,2002,18,5,6,,6,3,,2,,,,,,,,,,,1,,,,,,1,,,3,,,2,1,1,1,5,10,1,,2,10,01,05,2175.3054046
5356885,1,1,1,10,1,1,4,1997,23,1,6,,1,3,,2,,1,2,,,,,,,,,,,1,,2,1,,,1,1,38000,2,1,2,,4,8,,,2,8,01,05,2219.0344318
5356885,1,2,1,10,2,2,1,1997,24,2,6,,1,3,,2,,1,1,,,,,,,,,,,1,,,2,9,,,,,2,1,2,,5,11,2,,2,11,01,05,2219.0344318
5356885,1,3,1,10,2,1,12,2020,0,3,6,,,1,1,1,2,,,,,,,,,,,,,,,,1,,,1,5,,2,,,,,,,,2,,01,05,2219.0344318
5356885,1,4,1,10,3,1,4,1997,23,5,6,,4,2,,2,,,,,,,,,,,,,,1,,,1,,,1,1,38000,2,1,2,,5,11,2,,2,11,01,05,2219.0344318
5356886,1,1,1,10,1,2,4,1957,63,1,6,,4,2,,2,,,,,,,,,,,,,,1,,2,1,,,3,,,2,1,2,,4,9,,,2,9,01,05,1189.9095874
5356887,1,1,1,10,1,2,9,1953,67,1,6,,4,3,,3,,,,,,,,,,,,,,1,,2,1,,,3,,,2,1,2,,3,3,,,2,3,01,05,1904.1598003
5356887,1,2,1,10,2,1,4,1991,29,3,6,,2,2,,1,1,1,3,,1,,,,,1,,,,,,,2,1,2,,,,2,1,2,,3,5,,,2,5,01,05,1904.1598003
5356887,1,3,1,10,3,2,4,1997,23,5,6,,2,3,,2,,1,2,,,,,,,,,,,1,,,1,,,1,5,,2,1,2,,5,11,2,,2,11,01,05,1904.1598003
5356887,1,4,1,10,3,1,1,2014,7,4,6,,,1,2,1,3,,,,,,,,,,,,,,,,1,,,3,,,2,1,1,1,3,1,,,2,1,01,05,1904.1598003
5356887,1,5,1,10,5,1,10,1995,25,4,6,,6,2,,2,,,,,,,,,,,,,,1,,,2,2,,,,,2,2,2,,1,0,,,2,0,01,05,1904.1598003
5356887,1,6,1,10,6,1,1,2000,21,4,6,,6,2,,2,,,,,,,,,,1,,,,,,,1,,,1,1,36000,2,1,2,,5,11,2,,2,11,01,05,1904.1598003
5356887,1,7,1,10,7,2,3,2004,16,4,6,,6,2,,2,,,,,,,,,,,,,,1,,,1,,,1,5,,2,1,2,,4,6,,,2,6,01,05,1904.1598003
5356887,1,8,1,10,7,2,9,2020,0,5,6,,,2,,1,7,,,,,,,,,,,,,,,,1,,,1,5,,2,,,,,,,,2,,01,05,1904.1598003
5356888,1,1,1,10,1,2,6,1951,69,1,6,,4,3,,3,,,,,,,,,,,,,,1,,2,1,,,3,,,2,1,2,,3,5,,,2,5,01,05,791.47312289
5356888,1,2,1,10,2,2,11,1978,42,3,6,,4,2,,1,1,,,,,,1,,,,,,,,,,1,,,3,,,2,1,2,,3,3,,,2,3,01,05,791.47312289
5356888,1,3,1,10,3,2,11,2002,18,4,6,,6,2,,1,2,,,,,,,,,,,,,1,,,1,,,3,,,2,1,2,,4,7,,,2,7,01,05,791.47312289
5356888,1,4,1,10,4,1,8,1981,39,3,6,,4,2,,1,1,,,,,,1,,,,,,,,,,1,,,3,,,2,1,2,,4,7,,,2,7,01,05,791.47312289
5356888,1,5,1,10,5,2,9,2004,16,4,6,,6,1,4,2,,,,,,,,,,,1,,,,,,1,,,3,,,2,1,1,1,5,10,1,,2,10,01,05,791.47312289
5356889,1,1,1,10,1,2,,,33,1,6,,4,2,,2,,,,,,,,,,,,,,1,,1,1,,,3,,,2,1,2,,4,8,,,2,8,01,05,1965.2414165
5356889,1,2,1,10,2,1,12,2004,16,3,6,,6,2,,1,1,,,,,,,,,,1,,,,,,1,,,1,5,,2,1,1,1,4,7,,,2,7,01,05,1965.2414165
5356889,1,3,1,10,1,1,1,2008,13,3,6,,6,2,,1,1,,,,,,,,,,1,,,,,,1,,,1,5,,2,1,1,1,4,6,,,2,6,01,05,1965.2414165
5356890,1,1,1,10,1,1,5,1956,64,1,6,,3,3,,3,,1,2,,,,,,,,,,,1,,2,1,,,1,2,112000,2,1,2,,3,3,,,2,3,01,05,1221.3728261
5356890,1,2,1,10,2,2,1,1959,62,2,6,,3,3,,3,,1,1,,,,,,,,,,,1,,,1,,,1,5,,2,1,2,,3,5,,,2,5,01,05,1221.3728261
5356891,1,1,1,10,1,1,9,1987,33,1,6,,2,2,,2,,1,2,1,,,,1,,,,,,,,1,1,,,3,,,2,1,2,,6,3,3,,2,14,01,05,1582.753142
5356891,1,2,1,10,2,2,10,1985,35,2,6,,2,3,,2,,1,1,,,,1,,,,,,,,,,1,,,3,,,2,1,2,,5,11,2,,2,11,01,05,1582.753142
5356891,1,3,1,10,2,1,2,2017,3,3,6,,,1,1,1,2,,,,,,,,,,,,,,,,1,,,3,,,2,2,1,1,2,0,,,2,0,01,05,1582.753142
5356892,1,1,1,10,1,1,4,1951,69,1,6,,3,3,,3,,1,2,,,,,,,,,,,1,,2,1,,,1,2,115000,2,1,2,,3,1,,,2,1,01,05,1221.3728261
5356892,1,2,1,10,2,2,4,1951,69,2,6,,3,3,,3,,1,1,,,,,,,,,,,1,,,1,,,1,5,,2,2,2,,1,0,,,2,0,01,05,1221.3728261
5356893,1,1,1,10,1,1,1,1976,45,1,6,,3,2,,2,,1,2,,,,,,,,,,,1,,2,1,,,1,1,65000,2,1,2,,5,11,2,,2,11,01,05,1575.3616357
5356893,1,2,1,10,2,2,10,1978,42,2,6,,3,3,,2,,1,1,,,,,,,,,,,1,,,1,,,1,5,,2,1,2,,5,10,1,,2,10,01,05,1575.3616357
5356893,1,3,1,10,3,1,4,1999,21,3,6,,6,1,1,1,2,,,,,,,,,,1,,,,,,1,,,1,5,,2,1,1,1,6,2,2,2,2,13,01,05,1575.3616357
5356893,1,4,1,10,2,2,8,2008,12,3,6,,6,1,1,1,2,,,,,,,,,,1,,,,,,1,,,1,5,,2,1,1,1,4,7,,,2,7,01,05,1575.3616357
5356894,1,1,1,10,1,1,9,1976,44,1,6,,2,2,,2,,1,2,,,,1,,,,,,,,,1,1,,,3,,,2,1,2,,5,11,2,,2,11,01,05,1606.5040361
5356894,1,2,1,10,2,2,12,1989,31,2,6,,2,2,,2,,1,1,,,,1,,,,,,,,,,1,,,3,,,2,1,2,,4,6,,,2,6,01,05,1606.5040361
5356894,1,3,1,10,2,2,6,2008,12,3,6,,6,2,,1,2,,,,,,,,,,1,,,,,,1,,,3,,,2,1,1,1,4,6,,,2,6,01,05,1606.5040361
5356894,1,4,1,10,2,2,3,2017,3,3,6,,,1,1,1,2,,,,,,,,,,,,,,,,1,,,3,,,2,2,1,1,2,0,,,2,0,01,05,1606.5040361
5356894,1,5,1,10,2,1,3,2018,2,3,6,,,1,1,1,2,,,,,,,,,,,,,,,,1,,,3,,,2,,,,,,,,2,,01,05,1606.5040361
5356895,1,1,1,10,1,1,12,1983,37,1,6,,3,2,,2,,1,2,,,,,,,,,,,1,,2,1,,,1,1,65000,2,1,2,,5,11,2,,2,11,01,05,1840.7309615
5356895,1,2,1,10,2,2,6,1993,27,2,6,,3,2,,2,,1,1,,,,,,,,,,,1,,,1,,,1,5,,2,1,2,,6,3,3,,2,14,01,05,1840.7309615
5356895,1,3,1,10,2,1,6,2015,5,3,6,,,1,1,1,2,,,,,,,,,,,,,,,,1,,,1,5,,2,2,2,,1,0,,,2,0,01,05,1840.7309615
5356895,1,4,1,10,1,2,6,2020,0,3,6,,,1,1,1,2,,,,,,,,,,,,,,,,1,,,1,5,,2,,,,,,,,2,,01,05,1840.7309615
5356896,1,1,1,10,1,1,2,1996,24,1,6,,2,2,,2,,1,2,,,,1,,,1,,,,,,1,1,,,3,,,2,1,2,,4,9,,,2,9,01,05,2111.2954079
5356896,1,2,1,10,2,2,5,1999,21,2,6,,2,2,,2,,1,1,,,,,,,,,1,,,,,1,,,3,,,2,1,2,,4,7,,,2,7,01,05,2111.2954079
5356896,1,3,1,10,1,1,4,2015,5,3,6,,,1,1,1,2,,,,,,,,,,,,,,,,1,,,3,,,2,2,1,1,2,1,,,2,0,01,05,2111.2954079
5356896,1,4,1,10,1,2,5,2019,1,3,6,,,1,1,1,2,,,,,,,,,,,,,,,,1,,,3,,,2,,,,,,,,2,,01,05,2111.2954079
5356897,1,1,1,10,1,1,6,1975,45,1,6,,2,3,,2,,1,2,,,,1,,,,,,,,,2,1,,,1,1,70000,2,1,2,,6,2,3,,2,13,01,05,975.4178668
5356897,1,2,1,10,2,2,5,1978,42,2,6,,2,3,,3,,1,1,,,,1,,1,,,,,,,,1,,,1,1,70000,2,1,2,,5,11,2,,2,11,01,05,975.4178668
5356897,1,3,1,10,3,2,12,2004,16,3,6,,6,1,1,1,2,,,,,,,,,,,,,1,,,1,,,1,5,,2,1,1,1,4,9,,,2,9,01,05,975.4178668
5356897,1,4,1,10,4,2,1,2009,12,3,6,,6,1,1,1,2,,,,,,,,,,1,,,,,,1,,,1,5,,2,1,1,1,4,6,,,2,6,01,05,975.4178668
5356898,1,1,1,10,1,1,8,1984,36,1,6,,2,2,,2,,1,2,,,,,,,,,,,1,,2,1,,,1,1,38000,2,1,2,,6,1,2,2,2,12,01,05,1209.6447922
5356898,1,2,1,10,2,2,12,1984,36,2,6,,2,2,,2,,1,1,,,,,,,,,,,1,,,1,,,1,1,36000,2,1,2,,6,2,3,,2,13,01,05,1209.6447922
5356898,1,3,1,10,2,2,10,2003,17,3,6,,6,2,,1,2,,,,,,,,,,1,,,,,,1,,,1,5,,2,1,1,1,6,1,2,2,2,12,01,05,1209.6447922
5356899,1,1,1,10,1,2,4,1969,51,1,6,,4,3,,2,,,,,,,1,,,,,,,,,2,1,,,1,1,36000,2,1,2,,3,5,,,2,5,01,05,1233.8077295
5356901,1,1,1,10,1,1,10,1991,29,1,6,,2,2,,2,,1,2,,,,,1,,,,,,,,1,1,,,3,,,2,1,2,,4,9,,,2,9,01,05,1840.7309615
5356901,1,2,1,10,2,2,5,1993,27,2,6,,2,2,,2,,1,1,,,,,,,,1,,,,,,1,,,3,,,2,1,1,1,6,1,2,2,2,12,01,05,1840.7309615
5356901,1,3,1,10,2,2,2,2012,8,3,6,,,1,1,1,2,,,,,,,,,,,,,,,,1,,,3,,,2,1,1,1,3,3,,,2,3,01,05,1840.7309615
5356901,1,4,1,10,2,1,12,2013,7,3,6,,,1,1,1,2,,,,,,,,,,,,,,,,1,,,3,,,2,1,1,1,3,1,,,2,1,01,05,1840.7309615
5356902,1,1,1,10,1,1,4,1965,55,1,6,,3,3,,3,,1,2,,,,1,,1,,,,,,,2,1,,,1,1,36000,2,1,2,,3,4,,,2,4,01,05,1475.3349563
5356902,1,2,1,10,2,2,11,1970,50,2,6,,3,3,,2,,1,1,,,,,,,,,,,1,,,1,,,1,5,,2,1,2,,3,5,,,2,5,01,05,1475.3349563
5356902,1,3,1,10,3,1,1,1989,32,3,6,,6,1,1,1,2,,,,,,,,,,,,,1,,,2,9,,,,,2,1,2,,5,11,2,,2,11,01,05,1475.3349563
5356903,1,1,1,10,1,1,6,1981,39,1,6,,3,2,,2,,1,2,,,1,1,,,,,,,,,2,1,,,1,1,36000,2,1,2,,4,7,,,2,7,01,05,1106.9077849
5356903,1,2,1,10,2,2,10,1983,37,2,6,,3,2,,2,,1,1,,,,1,,,,,,,,,,1,,,1,5,,2,1,2,,5,11,2,,2,11,01,05,1106.9077849
5356903,1,3,1,10,3,2,12,2002,18,3,6,,6,1,1,1,2,,,,,,,,,,,,,1,,,1,,,1,5,,2,1,1,2,6,1,2,2,2,12,01,05,1106.9077849
5356903,1,4,1,10,4,1,12,2005,15,3,6,,6,1,1,1,2,,,,,,,,,,,1,,,,,1,,,1,5,,2,1,1,1,4,9,,,2,9,01,05,1106.9077849
5356903,1,5,1,10,5,2,2,2008,12,3,6,,6,1,1,1,2,,,,,,,,,,,,,1,,,1,,,1,5,,2,1,1,1,4,7,,,2,7,01,05,1106.9077849
5356903,1,6,1,10,6,2,10,2009,11,3,6,,6,1,1,1,2,,,,,,,,,,,,,1,,,1,,,1,5,,2,1,1,1,4,6,,,2,6,01,05,1106.9077849
5356923,1,1,1,10,1,2,6,1996,24,1,6,,6,3,,2,,,,,,,,1,,,,,,,,1,1,,,3,,,2,1,2,,4,8,,,2,8,01,05,4278.1494292
5356923,1,2,1,10,1,1,8,2014,6,3,6,,,2,,1,1,,,,,,,,,,,,,,,,1,,,3,,,2,1,1,1,3,1,,,2,1,01,05,4278.1494292
5356924,1,1,1,10,1,1,7,1995,25,1,6,,1,2,,2,,1,2,,,,1,,,,,,,,,1,1,,,3,,,2,1,2,,3,3,,,2,3,01,05,4482.8613758
5356924,1,2,1,10,2,2,1,2001,20,2,6,,1,3,,2,,1,1,,,,,,,,,,,1,,,1,,,3,,,2,1,2,,4,7,,,2,7,01,05,4482.8613758
5356925,1,1,1,10,1,1,6,1945,75,1,6,,5,3,,3,,,,,,,,,,,,,,1,,1,1,,,3,,,2,1,2,,3,2,,,2,2,01,05,4242.8745907
5356925,1,2,1,10,2,1,7,1968,52,3,6,,2,1,1,3,,1,3,,,,1,,,,,,,,,,1,,,3,,,2,1,2,,3,5,,,2,5,01,05,4242.8745907
5356925,1,3,1,10,3,2,8,1978,42,5,6,,2,3,,2,,1,2,,,,,,,1,,,,,,,1,,,3,,,2,2,2,,1,0,,,2,0,01,05,4242.8745907
5356926,1,1,1,10,1,1,10,1966,54,1,6,,2,3,,2,,1,2,,,,1,,,1,,,,,,2,1,,,3,,,2,1,2,,3,5,,,2,5,01,05,4152.3903413
5356926,1,2,1,10,2,2,12,1970,50,2,6,,2,3,,3,,1,1,,,1,,,,,,1,,,,,1,,,3,,,2,1,2,,3,5,,,2,5,01,05,4152.3903413
5356927,1,1,1,10,1,2,9,1962,58,1,6,,6,3,,3,,,,,,,,,,,,,,1,,2,1,,,3,,,2,1,2,,3,3,,,2,3,01,05,3422.027745
5356928,1,1,1,10,1,1,10,1951,69,1,6,,6,3,,3,,,,1,,,1,,,,,,,,,1,1,,,3,,,2,2,2,,1,0,,,2,0,01,05,4642.8351416
5356929,1,1,1,10,1,2,3,1961,59,1,6,,4,3,,3,,,,,,,,,,,,,,1,,1,1,,,3,,,2,1,2,,4,6,,,2,6,01,05,2748.4210729
5356929,1,2,1,10,2,2,4,2006,14,3,6,,6,2,,1,1,,,,,,,,,,,,,1,,,1,,,3,,,2,1,1,1,4,6,,,2,6,01,05,2748.4210729
5356930,1,1,1,10,1,2,1,1974,47,1,6,,4,2,,2,,,,,,,,,,,,,,1,,1,1,,,3,,,2,2,2,,1,0,,,2,0,01,05,3673.4769317
5356930,1,2,1,10,1,2,12,2007,13,3,6,,6,2,,1,1,,,,,,,,,,1,,,,,,1,,,3,,,2,1,1,1,3,4,,,2,4,01,05,3673.4769317
5356930,1,3,1,10,1,1,6,2011,9,3,6,,,2,,1,1,,,,,,,,,,,,,,,,1,,,3,,,2,1,1,1,3,1,,,2,1,01,05,3673.4769317
5356930,1,4,1,10,1,1,6,2013,7,3,6,,,2,,1,1,,,,,,,,,,,,,,,,1,,,3,,,2,1,1,1,3,1,,,2,1,01,05,3673.4769317
5356931,1,1,1,10,1,2,10,1974,46,1,6,,4,3,,3,,,,,,,1,1,,,,,,,,1,1,,,3,,,2,1,2,,3,5,,,2,5,01,05,3548.2731856
5356932,1,1,1,10,1,2,2,1972,48,1,6,,4,3,,3,,,,,,,,,,,,,,1,,1,1,,,3,,,2,2,2,,1,0,,,2,0,01,05,3526.4608174
5356932,1,2,1,10,2,2,4,1991,29,3,6,,4,2,,1,1,,,,,,,,,,,,,1,,,1,,,3,,,2,1,2,,3,1,,,2,1,01,05,3526.4608174
5356932,1,3,1,10,2,2,3,2009,11,4,6,,6,2,,1,2,,,,,,,,,,1,,,,,,1,,,3,,,2,1,1,1,4,6,,,2,6,01,05,3526.4608174
5356932,1,4,1,10,2,1,8,2010,10,4,6,,6,2,,1,2,,,,,,,,,,1,,,,,,1,,,3,,,2,1,1,1,3,2,,,2,2,01,05,3526.4608174
5356932,1,5,1,10,5,1,10,1984,36,5,6,,6,3,,3,,,,,,,,,,,,,,1,,,1,,,3,,,2,2,2,,1,0,,,2,0,01,05,3526.4608174
5356933,1,1,1,10,1,1,10,1966,54,1,6,,2,3,,2,,1,2,1,,,,,,,,,,,,1,1,,,3,,,2,1,2,,3,2,,,2,2,01,05,3582.7303888
5356933,1,2,1,10,2,2,2,1985,35,2,6,,2,3,,2,,1,1,,,,,,,,,,,1,,,1,,,3,,,2,2,2,,1,0,,,2,0,01,05,3582.7303888
5356933,1,3,1,10,3,1,6,2002,18,3,6,,6,1,1,1,2,,,1,,,,,,,,,,,,,1,,,3,,,2,1,2,,3,4,,,2,4,01,05,3582.7303888
5356933,1,4,1,10,4,2,1,2005,16,3,6,,6,1,1,1,2,,,1,,,,,,,1,,,,,,1,,,3,,,2,1,1,1,4,6,,,2,6,01,05,3582.7303888
5356933,1,5,1,10,5,2,7,2006,14,3,6,,6,1,1,1,2,,,,,,,,,,1,,,,,,1,,,3,,,2,1,1,1,4,6,,,2,6,01,05,3582.7303888
5356933,1,6,1,10,6,2,9,2008,12,3,6,,6,1,1,1,2,,,,,,,,,,,,,1,,,1,,,3,,,2,1,1,1,3,5,,,2,5,01,05,3582.7303888
5356933,1,7,1,10,2,1,3,2018,2,3,6,,,1,1,1,2,,,,,,,,,,,,,,,,1,,,3,,,2,,,,,,,,2,,01,05,3582.7303888
5356934,1,1,1,10,1,1,10,1994,26,1,6,,2,3,,2,,1,2,,,,,,,,,,,1,,1,1,,,3,,,2,2,2,,1,0,,,2,0,01,05,5224.772581
5356934,1,2,1,10,2,2,6,2001,19,2,6,,2,2,,2,,1,1,,,,,,,,,,,1,,,1,,,3,,,2,1,2,,4,6,,,2,6,01,05,5224.772581
5356934,1,3,1,10,2,2,10,2019,1,3,6,,,1,1,1,2,,,,,,,,,,,,,,,,1,,,3,,,2,,,,,,,,2,,01,05,5224.772581
5356935,1,1,1,10,1,1,10,1971,49,1,6,,3,2,,2,,1,2,,,,,,,,,,,1,,2,1,,,1,4,,2,1,2,,3,3,,,2,3,01,05,4962.6060796
5356935,1,2,1,10,2,2,11,1978,42,2,6,,3,2,,3,,1,1,,,,,,,,,,,1,,,1,,,1,5,,2,1,2,,3,5,,,2,5,01,05,4962.6060796
5356935,1,3,1,10,3,2,1,2004,17,3,6,,6,1,1,1,2,,,,,,,,,,,,,1,,,1,,,3,,,2,1,2,,4,8,,,2,8,01,05,4962.6060796
5356935,1,4,1,10,3,2,12,2019,1,4,6,,,2,,1,3,,,,,,,,,,,,,,,,1,,,3,,,2,,,,,,,,2,,01,05,4962.6060796
5356935,1,5,1,10,3,2,5,2014,6,4,6,,,2,,2,,,,,,,,,,,,,,,,,1,,,3,,,2,1,1,1,3,1,,,2,1,01,05,4962.6060796
5356936,1,1,1,10,1,1,4,1998,22,1,6,,1,2,,2,,1,2,,,,,,,,,,,1,,1,1,,,3,,,2,1,2,,4,7,,,2,7,01,05,4930.499075
5356936,1,2,1,10,2,2,8,2002,18,2,6,,1,2,,2,,1,1,,,,,,,,,,,1,,,1,,,3,,,2,1,2,,4,7,,,2,7,01,05,4930.499075
5356937,1,1,1,10,1,2,7,1962,58,1,6,,4,3,,3,,,,,,1,1,,,,,1,,,,1,1,,,3,,,2,1,2,,4,7,,,2,7,01,05,3422.027745
5356938,1,1,1,10,1,1,12,1982,38,1,6,,2,3,,2,,1,2,,,,1,1,,,,,,,,1,1,,,3,,,2,1,2,,3,2,,,2,2,01,05,4998.2482662
5356938,1,2,1,10,2,2,2,1984,36,2,6,,2,3,,3,,1,1,,,,,,,1,,,,,,,1,,,3,,,2,1,2,,3,4,,,2,4,01,05,4998.2482662
5356938,1,3,1,10,2,1,6,2007,13,3,6,,6,1,1,1,2,,,,,,,,,,1,,,,,,1,,,3,,,2,1,1,1,4,6,,,2,6,01,05,4998.2482662
5356938,1,4,1,10,2,2,12,2008,12,3,6,,6,1,1,1,2,,,,,,,,,,1,,,,,,1,,,3,,,2,1,1,1,3,4,,,2,4,01,05,4998.2482662
5356938,1,5,1,10,2,2,2,2010,10,3,6,,6,1,1,1,2,,,,,,,,,,1,,,,,,1,,,3,,,2,1,1,1,3,3,,,2,3,01,05,4998.2482662
5356938,1,6,1,10,2,2,2,2011,9,3,6,,,1,1,1,2,,,,,,,,,,,,,,,,1,,,3,,,2,1,1,1,3,3,,,2,3,01,05,4998.2482662
5356938,1,7,1,10,2,1,9,2012,8,3,6,,,1,1,1,2,,,,,,,,,,,,,,,,1,,,3,,,2,2,1,1,3,1,,,2,1,01,05,4998.2482662
5356939,1,1,1,10,1,2,7,1943,77,1,6,,4,3,,3,,,,,,,,,,,,,,1,,1,1,,,3,,,2,1,2,,3,3,,,2,3,01,05,3422.027745
5356940,1,1,1,10,1,2,2,1978,42,1,6,,4,3,,2,,,,,,,,,,,,,,1,,1,1,,,3,,,2,2,2,,1,0,,,2,0,01,05,4415.3881369
5356940,1,2,1,10,2,2,12,2006,14,3,6,,6,2,,1,1,,,,,,,,,,1,,,,,,1,,,3,,,2,1,1,1,3,2,,,2,2,01,05,4415.3881369
5356940,1,3,1,10,1,1,9,2020,0,4,6,,,2,,1,2,,,,,,,,,,,,,,,,1,,,3,,,2,,,,,,,,2,,01,05,4415.3881369
5356940,1,4,1,10,1,2,9,2014,6,3,6,,,2,,1,1,,,,,,,,,,,,,,,,1,,,3,,,2,2,1,1,2,1,,,2,0,01,05,4415.3881369
5356940,1,5,1,10,1,1,2,2018,2,3,6,,,2,,1,1,,,,,,,,,,,,,,,,1,,,3,,,2,,,,,,,,2,,01,05,4415.3881369
5356941,1,1,1,10,1,2,8,1959,61,1,6,,4,3,,3,,,,,,,,,,,,,,1,,2,1,,,3,,,2,2,2,,1,0,,,2,0,01,05,4815.7332541
5356941,1,2,1,10,2,1,6,1971,49,3,6,,4,3,,1,1,,,,,,,,,,,,,1,,,1,,,3,,,2,1,2,,3,5,,,2,5,01,05,4815.7332541
5356941,1,3,1,10,3,2,1,1990,31,3,6,,4,3,,1,1,,,,,,,,,,,,,1,,,1,,,3,,,2,1,2,,3,4,,,2,4,01,05,4815.7332541
5356941,1,4,1,10,4,1,1,2010,11,4,6,,6,2,,1,3,,,,,,,,,,1,,,,,,1,,,3,,,2,1,1,1,3,4,,,2,4,01,05,4815.7332541
5356941,1,5,1,10,3,2,1,2013,8,4,6,,,2,,1,3,,,,,,,,,,,,,,,,1,,,3,,,2,1,1,1,3,1,,,2,1,01,05,4815.7332541
5356942,1,1,1,10,1,1,3,1949,71,1,6,,4,3,,3,,,,,,,,,,,,,,1,,1,1,,,3,,,2,1,2,,3,2,,,2,2,01,05,4642.8351416
5356943,1,1,1,10,1,1,10,1969,51,1,6,,2,3,,2,,1,2,,,,1,,,,,,,,,2,1,,,3,,,2,1,2,,3,3,,,2,3,01,05,6035.6179608
5356943,1,2,1,10,2,2,12,1989,31,2,6,,2,3,,3,,1,1,,,,,,,,,1,,,,,1,,,3,,,2,1,2,,4,9,,,2,9,01,05,6035.6179608
5356943,1,3,1,10,3,1,11,2012,8,3,6,,,1,1,1,2,,,,,,,,,,,,,,,,1,,,3,,,2,1,1,1,3,1,,,2,1,01,05,6035.6179608
5356943,1,4,1,10,2,2,4,2014,6,3,6,,,1,1,1,2,,,,,,,,,,,,,,,,1,,,3,,,2,2,1,1,2,1,,,2,0,01,05,6035.6179608
5356943,1,5,1,10,2,2,4,2014,6,3,6,,,1,1,1,2,,,,,,,,,,,,,,,,1,,,3,,,2,2,1,1,2,1,,,2,0,01,05,6035.6179608
5356944,1,1,1,10,1,2,5,1969,51,1,6,,3,3,,2,,1,2,,,,1,,,,,,,,,2,1,,,3,,,2,1,1,1,4,9,,,2,9,01,05,5636.2127517
5356944,1,2,1,10,2,1,9,1972,48,2,6,,3,2,,3,,1,1,,,,,,,,,,,1,,,1,,,3,,,2,1,2,,5,11,2,,2,11,01,05,5636.2127517
5356944,1,3,1,10,3,2,1,2012,9,4,6,,,2,,2,,,,,,,,,,,,,,,,,1,,,3,,,2,1,1,1,3,4,,,2,4,01,05,5636.2127517
5356944,1,4,1,10,4,2,7,2013,7,4,6,,,2,,2,,,,,,,,,,,,,,,,,1,,,3,,,2,1,1,1,3,1,,,2,1,01,05,5636.2127517
5356965,1,1,1,10,1,2,1,1995,26,1,6,,5,2,,2,,,,,,,1,,,,,,,,,1,1,,,3,,,2,1,2,,5,11,2,,2,11,01,54,1836.3255456
5356965,1,2,1,10,1,2,4,2012,8,3,6,,,2,,1,1,,,,,,,,,,,,,,,,1,,,3,,,2,1,1,1,3,3,,,2,3,01,54,1836.3255456
5356965,1,3,1,10,1,2,7,2017,3,3,6,,,3,,1,1,,,,,,,,,,,,,,,,1,,,3,,,2,2,2,,1,0,,,2,0,01,54,1836.3255456
5356965,1,4,1,10,1,1,9,2020,0,3,6,,,3,,1,1,,,,,,,,,,,,,,,,1,,,3,,,2,,,,,,,,2,,01,54,1836.3255456
5356966,1,1,1,10,1,2,4,1967,53,1,6,,3,3,,2,,1,2,,,,,,,,,1,,,,1,1,,,3,,,2,1,2,,3,2,,,2,2,01,54,1836.3255456
5356966,1,2,1,10,2,1,9,1957,63,2,6,,3,3,,3,,1,1,,,,,,,,,1,,,,,1,,,3,,,2,2,2,,1,0,,,2,0,01,54,1836.3255456
5356966,1,3,1,10,3,1,10,1988,32,3,6,,6,1,2,1,1,,,,,,,,,,1,1,,,,,1,,,3,,,2,1,1,1,6,0,2,2,2,11,01,54,1836.3255456
5356966,1,4,1,10,4,1,1,1996,24,3,6,,6,1,2,1,1,,,,,,,,,,1,1,,,,,1,,,3,,,2,1,1,1,4,9,,,2,9,01,54,1836.3255456
5356966,1,5,1,10,5,1,9,2003,17,3,6,,6,1,2,1,1,,,,,,,,,,1,,,,,,1,,,3,,,2,1,1,1,4,9,,,2,9,01,54,1836.3255456
5356967,1,1,1,10,1,2,6,1949,71,1,6,,4,3,,3,,,,,,,,,,,,,,1,,1,1,,,3,,,2,1,2,,3,4,,,2,4,01,54,408.07234346
5356967,1,2,1,10,2,1,9,2005,15,4,6,,6,2,,2,,,,,,,,,,,1,,,,,,1,,,3,,,2,1,1,1,4,6,,,2,6,01,54,408.07234346
5356967,1,3,1,10,1,2,4,2007,13,4,6,,6,2,,2,,,,,,,,,,,1,,,,,,1,,,3,,,2,1,1,1,4,6,,,2,6,01,54,408.07234346
5356967,1,4,1,10,4,1,10,1984,36,5,6,,2,3,,2,,2,,,,,,,,,,,,1,,,1,,,3,,,2,1,2,,3,5,,,2,5,01,54,408.07234346
5356968,1,1,1,10,2,2,11,1946,74,1,6,,5,3,,3,,,,,,,,,,,,1,,,,1,1,,,3,,,2,1,2,,3,2,,,2,2,01,54,408.07234346
5356968,1,2,1,10,2,2,9,1985,35,3,6,,6,3,,1,1,,,,,,,,,,1,,,,,,1,,,3,,,2,1,1,1,6,1,2,2,2,12,01,54,408.07234346
5356969,1,1,1,10,1,1,11,1988,32,1,6,,2,2,,3,,1,2,,,,,,,,,,,1,,1,1,,,3,,,2,1,2,,3,2,,,2,2,01,54,1836.3255456
5356969,1,2,1,10,2,2,7,1992,28,2,6,,2,3,,3,,1,1,,,,,,,,,,,1,,,1,,,3,,,2,1,2,,5,11,2,,2,11,01,54,1836.3255456
5356969,1,3,1,10,2,1,6,2011,9,3,6,,,1,1,1,2,,,,,,,,,,,,,,,,1,,,3,,,2,1,1,1,3,3,,,2,3,01,54,1836.3255456
5356969,1,4,1,10,2,1,3,2013,7,3,6,,,1,1,1,2,,,,,,,,,,,,,,,,1,,,3,,,2,1,1,1,3,2,,,2,2,01,54,1836.3255456
5356969,1,5,1,10,2,2,5,2017,3,3,6,,,1,1,1,2,,,,,,,,,,,,,,,,1,,,3,,,2,2,2,,1,0,,,2,0,01,54,1836.3255456
5356970,1,1,1,10,1,1,4,1966,54,1,6,,2,3,,3,,1,2,,,,1,,,,,1,,,,1,1,,,3,,,2,1,2,,3,1,,,2,1,01,54,408.07234346
5356970,1,2,1,10,2,2,4,1974,46,2,6,,2,3,,2,,1,1,,,,,,,,,1,,,,,1,,,3,,,2,1,2,,3,4,,,2,4,01,54,408.07234346
5356970,1,3,1,10,3,1,1,1992,29,3,6,,6,1,1,1,2,,,,,,,,,,,,,1,,,1,,,3,,,2,1,2,,5,11,2,,2,11,01,54,408.07234346
5356970,1,4,1,10,4,1,9,1993,27,3,6,,6,1,1,1,2,,,,,,,,,,,,,1,,,1,,,3,,,2,1,2,,6,2,3,,2,13,01,54,408.07234346
5356971,1,1,1,10,1,1,3,1979,41,1,6,,2,2,,2,,1,2,,,,1,,,,,1,,,,1,1,,,3,,,2,1,2,,3,2,,,2,2,01,54,719.94715758
5356971,1,2,1,10,2,2,6,1985,35,2,6,,2,2,,3,,1,1,,,,1,,,,,1,,,,,1,,,3,,,2,1,2,,3,2,,,2,2,01,54,719.94715758
5356971,1,3,1,10,2,1,7,2005,15,3,6,,6,1,1,1,2,,,,,,,,,,1,,,,,,1,,,3,,,2,1,1,1,3,4,,,2,4,01,54,719.94715758
5356972,1,1,1,10,2,1,6,2000,20,1,6,,2,2,,2,,1,2,,,,,,,,,,,1,,1,1,,,3,,,2,1,2,,3,5,,,2,5,01,54,1836.3255456
5356972,1,2,1,10,2,2,3,2002,18,2,6,,2,3,,2,,1,1,,,,,,,,,,,1,,,1,,,3,,,2,1,2,,4,8,,,2,8,01,54,1836.3255456
5356973,1,1,1,10,1,1,6,1961,59,1,6,,3,2,,3,,1,2,,,,,,,,,1,,,,2,1,,,1,5,,2,1,2,,3,5,,,2,5,01,54,408.07234346
5356973,1,2,1,10,2,2,5,1968,52,2,6,,3,2,,3,,1,1,,,,,,,,,1,,,,,1,,,1,1,48000,2,1,2,,6,3,3,,2,14,01,54,408.07234346
5356973,1,3,1,10,3,2,2,1994,26,3,6,,6,1,1,1,2,,,,,,,,,,,,,1,,,1,,,3,,,2,1,2,,4,6,,,2,6,01,54,408.07234346
5356973,1,4,1,10,4,1,8,2000,20,3,6,,6,1,1,1,2,,,,,,,,,,1,,,,,,1,,,3,,,2,1,1,1,6,2,2,2,2,13,01,54,408.07234346
5356973,1,5,1,10,2,1,6,1937,83,5,6,,5,3,,3,,,,,,,,,,,,,,1,,,1,,,3,,,2,1,2,,3,4,,,2,4,01,54,408.07234346
5356973,1,6,1,10,6,1,11,1984,36,9,6,,6,3,,3,,,,,,,,,,,,1,,,,,1,,,3,,,2,2,2,,1,0,,,2,0,01,54,408.07234346
5356974,1,1,1,10,1,1,9,1967,53,1,6,,2,3,,2,,1,2,,,,,,,,,,,1,,2,1,,,3,,,2,2,2,,1,0,,,2,0,01,54,1836.3255456
5356974,1,2,1,10,2,2,4,1973,47,2,6,,2,2,,2,,1,1,,,,,,,,,,,1,,,1,,,3,,,2,1,2,,3,4,,,2,4,01,54,1836.3255456
5356974,1,3,1,10,3,2,11,1992,28,3,6,,6,1,1,1,2,,,,,,,,,,,,,1,,,1,,,3,,,2,1,2,,5,11,2,,2,11,01,54,1836.3255456
5356974,1,4,1,10,3,1,2,2017,3,4,6,,,2,,1,3,,,,,,,,,,,,,,,,1,,,3,,,2,2,2,,1,0,,,2,0,01,54,1836.3255456
5356974,1,5,1,10,5,1,9,1999,21,3,6,,6,1,1,1,2,,,,,,,,,,,,,1,,,1,,,3,,,9,1,2,,5,11,2,,2,11,01,54,1836.3255456
5356974,1,6,1,10,2,1,4,2007,13,3,6,,6,1,1,1,2,,,,,,,,,,1,,,,,,1,,,3,,,2,1,1,1,4,7,,,2,7,01,54,1836.3255456
5356974,1,7,1,10,2,1,6,2013,7,3,6,,,1,1,1,2,,,,,,,,,,,,,,,,1,,,3,,,2,1,1,1,3,1,,,2,1,01,54,1836.3255456
5356975,1,1,1,10,1,2,12,1932,88,1,6,,5,3,,3,,,,,,,,,,,,1,,,,1,1,,,3,,,2,2,2,,1,0,,,2,0,01,54,408.07234346
5356975,1,2,1,10,2,2,2,1970,50,3,6,,4,3,,1,1,,,,,,,,,,,1,,,,,1,,,3,,,2,1,2,,3,2,,,2,2,01,54,408.07234346
5356975,1,3,1,10,3,1,9,1988,32,4,6,,6,2,,1,2,,,,,,,,,,,,,1,,,1,,,3,,,2,1,2,,3,2,,,2,2,01,54,408.07234346
5356976,1,1,1,10,1,1,3,1967,53,1,6,,2,3,,2,,1,2,,,,,,,,,,,1,,1,1,,,3,,,2,2,2,,1,0,,,2,0,01,54,719.94715758
5356976,1,2,1,10,2,2,1,1970,51,2,6,,2,2,,3,,1,1,,,,,,,,,,,1,,,1,,,3,,,2,1,2,,3,5,,,2,5,01,54,719.94715758
5356976,1,3,1,10,2,1,12,2004,16,3,6,,6,1,1,1,2,,,,,,,,,,1,,,,,,1,,,3,,,2,1,1,1,4,8,,,2,8,01,54,719.94715758
5356977,1,1,1,10,1,1,4,1980,40,1,6,,6,3,,2,,,,,,,,,,,,,,1,,1,1,,,3,,,2,1,2,,3,5,,,2,5,01,54,1610.5441441
5356978,1,1,1,10,1,2,3,1945,75,1,6,,5,3,,3,,,,,,,,,,,,,,1,,1,1,,,3,,,2,1,2,,3,2,,,2,2,01,54,408.07234346
5356979,1,1,1,10,1,2,5,1979,41,1,6,,2,3,,2,,1,2,,,,,,,1,,1,,,,1,1,,,3,,,2,1,2,,3,2,,,2,2,01,54,408.07234346
5356979,1,2,1,10,2,1,2,1970,50,2,6,,2,3,,2,,1,1,,,,,,,,,1,,,,,1,,,3,,,2,1,2,,3,2,,,2,2,01,54,408.07234346
5356979,1,3,1,10,3,1,11,2001,19,3,6,,6,1,2,1,1,,,,,,,,,,,,,1,,,1,,,3,,,2,2,2,,1,0,,,2,0,01,54,408.07234346
5356979,1,4,1,10,4,2,12,2006,14,3,6,,6,1,2,1,1,,,,,,,,,,1,,,,,,1,,,3,,,2,1,1,1,4,7,,,2,7,01,54,408.07234346
5356980,1,1,1,10,1,1,3,1951,69,1,6,,3,3,,3,,1,2,,,,,,,,,,,1,,1,1,,,3,,,2,1,2,,3,4,,,2,4,01,54,408.07234346
5356980,1,2,1,10,2,2,6,1953,67,2,6,,3,3,,3,,1,1,,,,,,,,,,,1,,,1,,,3,,,2,1,2,,4,7,,,2,7,01,54,408.07234346
5356981,1,1,1,10,1,1,9,1978,42,1,6,,3,2,,2,,1,2,,,,1,,,,,,,,,1,1,,,3,,,2,1,2,,3,5,,,2,5,01,54,1836.3255456
5356981,1,2,1,10,2,2,12,1984,36,2,6,,3,3,,2,,1,1,,,,,,,,,,,1,,,1,,,3,,,2,1,2,,3,5,,,2,5,01,54,1836.3255456
5356981,1,3,1,10,3,1,12,2005,15,3,6,,6,1,1,1,2,,,,,,,,,,1,,,,,,1,,,3,,,2,1,1,1,4,7,,,2,7,01,54,1836.3255456
5356981,1,4,1,10,2,2,2,2010,10,3,6,,6,1,1,1,2,,,,,,,,,,1,,,,,,1,,,3,,,2,1,1,1,3,4,,,2,4,01,54,1836.3255456
5356981,1,5,1,10,2,1,8,2016,4,3,6,,,1,1,1,2,,,,,,,,,,,,,,,,1,,,3,,,2,2,1,1,2,0,,,2,0,01,54,1836.3255456
5356982,1,1,1,10,1,1,10,1976,44,1,6,,2,3,,2,,1,2,,,,1,,,,,1,,,,2,1,,,3,,,2,1,2,,3,2,,,2,2,01,54,408.07234346
5356982,1,2,1,10,2,2,10,1980,40,2,6,,2,3,,2,,1,1,,,,,,,,,1,,,,,1,,,3,,,2,1,2,,3,5,,,2,5,01,54,408.07234346
5356982,1,3,1,10,3,2,1,2002,19,3,6,,6,1,1,1,2,,,,,,,,,,,,,1,,,1,,,3,,,2,1,2,,5,11,2,,2,11,01,54,408.07234346
5356982,1,4,1,10,2,1,12,2006,14,3,6,,6,1,1,1,2,,,,,,,,,,1,,,,,,1,,,3,,,2,1,1,1,4,6,,,2,6,01,54,408.07234346
5356983,1,1,1,10,1,1,8,1984,36,1,6,,2,2,,2,,1,2,,,,,,,,,,,1,,1,1,,,3,,,2,2,2,,1,0,,,2,0,01,54,408.07234346
5356983,1,2,1,10,2,2,4,1980,40,2,6,,2,2,,2,,1,1,,,,,,,,,,,1,,,1,,,3,,,2,1,2,,5,11,2,,2,11,01,54,408.07234346
5356983,1,3,1,10,2,2,8,2007,13,3,6,,6,1,1,1,2,,,,,,,,,,,1,,,,,1,,,3,,,2,1,2,,4,8,,,2,8,01,54,408.07234346
5356984,1,1,1,10,1,2,2,1949,71,1,6,,5,3,,3,,,,,,,,,,,,1,,,,1,1,,,3,,,2,2,2,,1,0,,,2,0,01,54,408.07234346
5356985,1,1,1,10,1,1,3,1977,43,1,6,,2,3,,2,,1,2,,,,,,,,,1,,,,1,1,,,3,,,2,2,2,,1,0,,,2,0,01,54,719.94715758
5356985,1,2,1,10,2,2,11,1984,36,2,6,,2,3,,3,,1,1,,,,,,,,,1,,,,,1,,,3,,,2,1,2,,3,5,,,2,5,01,54,719.94715758
5356985,1,3,1,10,2,1,5,2006,14,3,6,,6,1,1,1,2,,,,,,,,,,1,,,,,,1,,,3,,,2,1,1,1,4,7,,,2,7,01,54,719.94715758
5356986,1,1,1,10,1,1,10,1946,74,1,6,,4,3,,3,,,,,,,,,,,,,,1,,1,1,,,3,,,2,2,2,,1,0,,,2,0,01,54,408.07234346
5356986,1,2,1,10,1,2,3,1972,48,3,6,,6,1,1,3,,,,,,,,,,,,,,1,,,1,,,3,,,2,2,2,,1,0,,,2,0,01,54,408.07234346
5356987,1,1,1,10,1,1,1,1951,70,1,6,,3,3,,3,,1,2,,,,,,,,,,,1,,1,1,,,3,,,2,1,2,,3,5,,,2,5,01,54,457.1458211
5356987,1,2,1,10,2,2,3,1961,59,2,6,,3,3,,3,,1,1,,,,,,,,,,,1,,,1,,,3,,,2,1,2,,3,5,,,2,5,01,54,457.1458211
5356987,1,3,1,10,3,1,11,1981,39,3,6,,6,1,1,1,2,,,,,,,,,,,,,1,,,1,,,3,,,2,1,2,,5,11,2,,2,11,01,54,457.1458211
5356987,1,4,1,10,2,1,1,2006,14,4,6,,6,2,,2,,,,,,,,,,,1,,,,,,1,,,3,,,2,1,1,1,4,7,,,2,7,01,54,457.1458211
5356988,1,1,1,10,1,1,2,1975,45,1,6,,3,2,,2,,1,2,,,,,,,,,1,,,,1,1,,,3,,,2,1,2,,4,6,,,2,6,01,54,1836.3255456
5356988,1,2,1,10,2,2,9,1988,32,2,6,,3,2,,2,,1,1,,,,,,,,,1,,,,,1,,,3,,,2,1,2,,3,5,,,2,5,01,54,1836.3255456
5356988,1,3,1,10,2,1,3,2006,14,3,6,,6,2,,1,2,,,,,,,,,,1,,,,,,1,,,3,,,2,1,1,1,4,7,,,2,7,01,54,1836.3255456
5356988,1,4,1,10,2,1,5,2016,4,3,6,,,1,1,1,2,,,,,,,,,,,,,,,,1,,,3,,,2,2,2,,1,0,,,2,0,01,54,1836.3255456
5356989,1,1,1,10,1,2,7,1970,50,1,6,,4,3,,2,,,,,,,,,,,,,,1,,1,1,,,3,,,2,1,2,,3,2,,,2,2,01,54,408.07234346
5356989,1,2,1,10,1,2,6,2007,13,3,6,,6,2,,1,1,,,,,,,,,,1,,,,,,1,,,3,,,2,1,1,1,4,6,,,2,6,01,54,408.07234346
5356990,1,1,1,10,1,1,10,1973,47,1,6,,4,3,,3,,,,,,,,,,,,1,,,,2,1,,,3,,,2,1,2,,3,5,,,2,5,01,54,1610.5441441
5356991,1,1,1,10,1,1,9,1979,41,1,6,,2,3,,3,,1,2,,,,,,,,,,,1,,1,1,,,3,,,2,1,2,,3,2,,,2,2,01,54,1836.3255456
5356991,1,2,1,10,2,2,7,1996,24,2,6,,2,2,,2,,1,1,,,,,,,,,,,1,,,1,,,3,,,2,1,2,,3,5,,,2,5,01,54,1836.3255456
5356991,1,3,1,10,2,2,11,2018,2,3,6,,,1,1,1,2,,,,,,,,,,,,,,,,1,,,3,,,2,,,,,,,,2,,01,54,1836.3255456
5356991,1,4,1,10,2,1,5,2020,0,3,6,,,1,1,1,2,,,,,,,,,,,,,,,,1,,,3,,,2,,,,,,,,2,,01,54,1836.3255456
5356992,1,1,1,10,1,1,12,1989,31,1,6,,2,2,,2,,1,2,,,,,,,,,,,1,,1,1,,,3,,,2,1,2,,3,2,,,2,2,01,54,1836.3255456
5356992,1,2,1,10,2,2,2,2002,18,2,6,,2,2,,2,,1,1,,,,,,,,,,,1,,,1,,,3,,,2,1,2,,4,8,,,2,8,01,54,1836.3255456
5356992,1,3,1,10,2,2,1,2019,2,3,6,,,1,1,1,2,,,,,,,,,,,,,,,,1,,,3,,,2,,,,,,,,2,,01,54,1836.3255456
5356993,1,1,1,10,1,1,2,1961,59,1,6,,3,2,,3,,1,2,,,,,,,,,1,,,,1,1,,,3,,,2,2,2,,1,0,,,2,0,01,54,1836.3255456
5356993,1,2,1,10,2,2,5,1967,53,2,6,,3,3,,3,,1,1,,,,,,,,,1,,,,,1,,,3,,,2,1,2,,3,2,,,2,2,01,54,1836.3255456
5356993,1,3,1,10,3,1,7,2004,16,3,6,,6,1,1,1,2,,,,,,,,,,1,,,,,,1,,,3,,,2,1,1,1,4,8,,,2,8,01,54,1836.3255456
5356993,1,4,1,10,4,1,3,2007,13,3,6,,6,1,1,1,2,,,,,,,,,,1,,,,,,1,,,3,,,2,1,1,1,4,0,,,2,5,01,54,1836.3255456
5356993,1,5,1,10,2,1,3,2008,12,3,6,,6,1,1,1,2,,,,,,,,,,1,,,,,,1,,,3,,,2,1,1,1,4,0,,,2,5,01,54,1836.3255456
5356994,1,1,1,10,1,1,3,1974,46,1,6,,2,3,,1,6,1,2,,,,,,,,,,,1,,1,1,,,3,,,2,2,2,,1,0,,,2,0,01,54,408.07234346
5356994,1,2,1,10,2,2,6,1984,36,2,6,,2,3,,3,,1,1,,,,,,,,,,,1,,,1,,,3,,,2,1,2,,5,11,2,,2,11,01,54,408.07234346
5356994,1,3,1,10,1,1,2,2004,16,3,6,,6,2,,1,2,,,,,,,,,,1,,,,,,1,,,3,,,2,1,1,1,4,9,,,2,9,01,54,408.07234346
5356994,1,4,1,10,1,2,6,2007,13,3,6,,6,1,1,1,2,,,,,,,,,,1,,,,,,1,,,3,,,2,1,1,1,4,0,,,2,5,01,54,408.07234346
5356994,1,5,1,10,1,2,6,2013,7,3,6,,,1,1,1,2,,,,,,,,,,,,,,,,1,,,3,,,2,1,1,1,3,1,,,2,1,01,54,408.07234346
5356994,1,6,1,10,1,2,12,1945,75,5,6,,4,3,,3,,,,,,,,,,,,,,1,,,1,,,3,,,2,2,2,,1,0,,,2,0,01,54,408.07234346
5356995,1,1,1,10,1,1,5,1983,37,1,6,,2,2,,2,,1,2,,,,,,,,,1,,,,1,1,,,3,,,2,1,2,,3,3,,,2,3,01,54,1836.3255456
5356995,1,2,1,10,2,2,5,1997,23,2,6,,2,2,,2,,1,1,,,,,,,,,1,,,,,1,,,3,,,2,1,2,,3,5,,,2,5,01,54,1836.3255456
5356995,1,3,1,10,2,1,6,2015,5,3,6,,,1,1,1,2,,,,,,,,,,,,,,,,1,,,3,,,2,2,1,1,2,0,,,2,0,01,54,1836.3255456
5356996,1,1,1,10,1,1,7,1966,54,1,6,,3,3,,3,,1,2,,,,,,,,,,,1,,2,1,,,3,,,2,2,2,,1,0,,,2,0,01,54,408.07234346
5356996,1,2,1,10,2,2,9,1958,62,2,6,,3,3,,2,,1,1,,,,,,,,,,,1,,,1,,,3,,,2,2,2,,1,0,,,2,0,01,54,408.07234346
5356996,1,3,1,10,3,1,2,1991,29,3,6,,2,1,1,1,2,1,4,,,,,,,,,,,1,,,1,,,3,,,2,1,2,,5,11,2,,2,11,01,54,408.07234346
5356996,1,4,1,10,4,2,6,1987,33,5,6,,2,2,,2,,1,3,,,,,,,,,,,1,,,1,,,3,,,2,1,2,,5,11,2,,2,11,01,54,408.07234346
5356996,1,5,1,10,4,2,3,2009,11,9,6,,6,2,,1,4,,,,,,,,,,1,,,,,,1,,,3,,,2,1,1,1,4,0,,,2,5,01,54,408.07234346
5356996,1,6,1,10,2,2,6,2004,16,4,6,,6,2,,2,,,,,,,,,,,1,,,,,,1,,,3,,,2,1,1,1,4,8,,,2,8,01,54,408.07234346
5356997,1,1,1,10,1,1,3,1982,38,1,6,,3,2,,3,,1,2,,,,,,,,,1,,,,1,1,,,3,,,2,1,2,,3,3,,,2,3,01,54,408.07234346
5356997,1,2,1,10,2,2,5,1986,34,2,6,,3,3,,2,,1,1,,,,,,,1,,1,,,,,1,,,3,,,2,1,2,,3,4,,,2,4,01,54,408.07234346
5356997,1,3,1,10,2,2,5,2004,16,3,6,,6,1,1,1,2,,,,,,,,,,1,,,,,,1,,,3,,,2,1,1,1,5,10,1,,2,10,01,54,408.07234346
5356997,1,4,1,10,2,2,10,2008,12,3,6,,6,1,1,1,2,,,,,,,,,,1,,,,,,1,,,3,,,2,1,1,1,4,0,,,2,5,01,54,408.07234346
5356998,1,1,1,10,1,1,2,1977,43,1,6,,2,3,,3,,1,2,,,,,,,,,,,1,,2,1,,,3,,,2,1,2,,3,2,,,2,2,01,54,719.94715758
5356998,1,2,1,10,2,2,5,1980,40,2,6,,2,3,,2,,1,1,,,,,,,,,,,1,,,1,,,3,,,2,1,2,,3,3,,,2,3,01,54,719.94715758
5356998,1,3,1,10,3,1,7,2000,20,3,6,,6,1,1,1,2,,,,,,,,,,,,,1,,,1,,,3,,,2,1,2,,4,9,,,2,9,01,54,719.94715758
5356999,1,1,1,10,2,1,6,1986,34,1,6,,2,3,,3,,1,2,,,,,,,,,,,1,,1,1,,,3,,,2,1,2,,3,3,,,2,3,01,54,1836.3255456
5356999,1,2,1,10,2,2,1,2000,21,2,6,,2,2,,2,,1,1,,,,,,,,,,,1,,,1,,,3,,,2,1,2,,4,6,,,2,6,01,54,1836.3255456
5356999,1,3,1,10,2,1,2,2018,2,3,6,,,1,1,1,2,,,,,,,,,,,,,,,,1,,,3,,,2,,,,,,,,2,,01,54,1836.3255456
5357000,1,1,1,10,1,1,5,1959,61,1,6,,4,2,,3,,,,,,,,,,,,1,,,,1,1,,,3,,,2,1,2,,3,3,,,2,3,01,54,499.19998133
5357001,1,1,1,10,1,1,1,1965,55,1,6,,2,2,,3,,1,2,,,,1,,,,,1,,,,1,1,,,3,,,2,1,2,,3,1,,,2,1,01,54,408.07234346
5357001,1,2,1,10,2,2,8,1968,52,2,6,,2,3,,3,,1,1,,,,,,,,,1,,,,,1,,,3,,,2,1,2,,3,2,,,2,2,01,54,408.07234346
5357001,1,3,1,10,3,1,5,1999,21,3,6,,6,1,1,1,2,,,,,,,,,,,1,,,,,1,,,3,,,2,1,2,,6,2,3,,2,13,01,54,408.07234346
5357002,1,1,1,10,2,1,12,1964,56,1,6,,2,2,,2,,1,2,,,,,,,,,,,1,,1,1,,,3,,,2,1,2,,3,2,,,2,2,01,54,408.07234346
5357002,1,2,1,10,2,2,8,1971,49,2,6,,2,3,,3,,1,1,,,,,,,,,1,,,,,1,,,3,,,2,1,2,,3,5,,,2,5,01,54,408.07234346
5357002,1,3,1,10,2,2,10,2008,12,3,6,,6,1,1,1,2,,,,,,,,,,1,,,,,,1,,,3,,,2,1,1,1,3,3,,,2,3,01,54,408.07234346
5357002,1,4,1,10,2,1,4,1997,23,3,6,,2,1,1,1,2,1,5,,,,,,,,,,,1,,,1,,,3,,,2,1,2,,3,4,,,2,4,01,54,408.07234346
5357002,1,5,1,10,5,2,6,2002,18,5,6,,2,2,,2,,1,4,,,,,,,,,,,1,,,1,,,3,,,2,1,2,,4,9,,,2,9,01,54,408.07234346
5357002,1,6,1,10,5,2,6,2020,0,4,6,,,1,4,1,5,,,,,,,,,,,,,,,,1,,,3,,,2,,,,,,,,2,,01,54,408.07234346
5357002,1,7,1,10,2,2,6,2010,10,4,6,,6,2,,2,,,,,,,,,,,1,,,,,,1,,,3,,,2,1,1,1,3,3,,,2,3,01,54,408.07234346
5357003,1,1,1,10,1,1,7,1988,32,1,6,,2,2,,2,,2,,,,,,,,,,,,1,,1,1,,,3,,,2,1,2,,3,5,,,2,5,01,54,1610.5441441
5357004,1,1,1,10,2,1,6,1973,47,1,6,,2,2,,2,,1,2,,,,,,,,,,,1,,1,1,,,3,,,2,1,2,,3,2,,,2,2,01,54,1836.3255456
5357004,1,2,1,10,2,2,1,1974,47,2,6,,2,2,,2,,1,1,,,,,,,,,,,1,,,1,,,3,,,2,1,2,,3,5,,,2,5,01,54,1836.3255456
5357004,1,3,1,10,3,1,4,1999,21,3,6,,6,1,1,1,2,,,,,,,,,,,,,1,,,1,,,3,,,2,1,2,,5,11,2,,2,11,01,54,1836.3255456
5357004,1,4,1,10,4,1,6,2003,17,3,6,,6,1,1,1,2,,,,,,,,,,1,,,,,,1,,,3,,,2,1,1,1,4,7,,,2,7,01,54,1836.3255456
5357005,1,1,1,10,1,1,7,1982,38,1,6,,2,3,,3,,1,2,,,,,,,,,,,1,,1,1,,,3,,,2,1,2,,4,6,,,2,6,01,54,4197.5581595
5357005,1,2,1,10,2,2,8,1998,22,2,6,,2,2,,2,,1,1,,,,,,,,,,,1,,,1,,,3,,,2,1,2,,3,5,,,2,5,01,54,4197.5581595
5357005,1,3,1,10,2,2,9,2020,0,3,6,,,1,1,1,2,,,,,,,,,,,,,,,,2,2,,,,,2,,,,,,,,2,,01,54,4197.5581595
5357006,1,1,1,10,1,1,4,1995,25,1,6,,2,2,,2,,1,2,,,,,,,,,1,,,,2,1,,,1,1,52000,2,1,2,,4,8,,,2,8,01,54,1681.4233254
5357006,1,2,1,10,2,2,12,1984,36,2,6,,2,2,,2,,1,1,,,,,,,,,1,,,,,1,,,3,,,2,1,2,,5,11,2,,2,11,01,54,1681.4233254
5357006,1,3,1,10,2,1,11,2012,8,3,6,,,1,1,1,2,,,,,,,,,,,,,,,,1,,,3,,,2,1,1,1,3,1,,,2,1,01,54,1681.4233254
5357007,1,1,1,10,1,1,5,1993,27,1,6,,1,2,,2,,1,2,,,,,,,,,,,1,,2,1,,,1,3,105000,2,1,2,,5,11,2,,2,11,01,54,932.79070211
5357007,1,2,1,10,2,2,8,2005,15,2,6,,1,2,,2,,1,1,,,,,,,,,,,1,,,1,,,3,,,2,1,2,,3,5,,,2,5,01,54,932.79070211
5357008,1,1,1,10,1,2,10,2001,19,1,6,,6,2,,2,,,,,,,,,,,,,,1,,1,1,,,3,,,2,1,2,,4,7,,,2,7,01,54,4197.5581595
5357008,1,2,1,10,1,2,4,2018,2,3,6,,,2,,1,1,,,,,,,,,,,,,,,,1,,,3,,,2,,,,,,,,2,,01,54,4197.5581595
5357009,1,1,1,10,1,1,8,1981,39,1,6,,2,2,,2,,1,2,,,,,,,,,1,,,,1,1,,,3,,,2,1,2,,3,3,,,2,3,01,54,1681.4233254
5357009,1,2,1,10,2,2,7,1991,29,2,6,,2,2,,2,,1,1,,,,,,,,,1,,,,,1,,,3,,,2,1,2,,4,7,,,2,7,01,54,1681.4233254
5357009,1,3,1,10,2,1,6,2016,4,3,6,,,1,1,1,2,,,,,,,,,,,,,,,,1,,,3,,,2,2,1,1,2,0,,,2,0,01,54,1681.4233254
5357010,1,1,1,10,1,2,12,1978,42,1,6,,4,2,,3,,,,,,,,,,,,,,1,,1,1,,,3,,,2,2,2,,1,0,,,2,0,01,54,932.79070211
5357010,1,2,1,10,1,2,3,2010,10,3,6,,6,2,,1,1,,,,,,,,,,1,,,,,,1,,,3,,,2,1,1,1,3,3,,,2,3,01,54,932.79070211
5357010,1,3,1,10,1,1,10,2013,7,3,6,,,2,,1,1,,,,,,,,,,,,,,,,1,,,3,,,2,1,1,1,3,1,,,2,1,01,54,932.79070211
5357011,1,1,1,10,1,2,8,1956,64,1,6,,4,3,,3,,,,,,,,,,,,1,,,,1,1,,,3,,,2,1,2,,1,0,,,2,0,01,54,932.79070211
5357012,1,1,1,10,1,1,7,1978,42,1,6,,2,2,,2,,1,2,,,,,,,,,,,1,,1,1,,,3,,,2,1,2,,3,5,,,2,5,01,54,932.79070211
5357012,1,2,1,10,2,2,3,1987,33,2,6,,2,3,,3,,1,1,,,,,,,,,,,1,,,1,,,3,,,2,1,2,,3,3,,,2,3,01,54,932.79070211
5357012,1,3,1,10,2,2,9,2006,14,3,6,,6,1,1,1,2,,,,,,,,,,1,,,,,,1,,,3,,,2,1,1,1,4,8,,,2,8,01,54,932.79070211
5357012,1,4,1,10,2,2,9,2006,14,3,6,,6,1,1,1,2,,,,,,,,,,1,,,,,,1,,,3,,,2,1,1,1,4,8,,,2,8,01,54,932.79070211
5357012,1,5,1,10,2,1,12,2007,13,3,6,,6,1,1,1,2,,,,,,,,,,1,,,,,,1,,,3,,,2,1,1,1,4,7,,,2,7,01,54,932.79070211
5357013,1,1,1,10,1,2,1,1969,51,1,6,,2,3,,2,,1,2,,,,,,,,,1,,,,2,1,,,3,,,2,1,2,,6,3,3,,2,14,01,54,932.79070211
5357013,1,2,1,10,2,1,7,1952,68,2,6,,2,3,,3,,1,1,,,,,,,,,1,,,,,1,,,1,5,,2,1,2,,6,5,4,,2,16,01,54,932.79070211
5357014,1,1,1,10,1,1,6,1960,60,1,6,,6,3,,2,,,,,,,,,,,,,,1,,1,1,,,3,,,2,1,2,,3,5,,,2,5,01,54,1141.0944862
5357015,1,1,1,10,1,1,1,1998,23,1,6,,2,2,,2,,1,2,,,,,,,,,,,1,,2,2,2,,,,,2,1,2,,5,11,2,,2,11,01,54,4197.5581595
5357015,1,2,1,10,1,2,12,1988,32,2,6,,2,2,,2,,1,1,,,,,,,,,,,1,,,2,2,,,,,2,1,2,,5,11,2,,2,11,01,54,4197.5581595
5357015,1,3,1,10,1,1,4,2010,10,3,6,,6,2,,1,2,,,,,,,,,,1,,,,,,2,2,,,,,2,1,1,1,4,0,,,2,5,01,54,4197.5581595
5357015,1,4,1,10,1,1,4,2020,0,3,6,,,1,1,1,2,,,,,,,,,,,,,,,,2,2,,,,,2,,,,,,,,2,,01,54,4197.5581595
5357015,1,5,1,10,1,1,7,1937,83,9,6,,3,3,,3,,2,,,,,,,,,,,,1,,,2,2,,,,,2,2,2,,1,0,,,2,0,01,54,4197.5581595
5357016,1,1,1,10,2,1,9,1961,59,1,6,,3,2,,3,,1,2,,,,1,,,,,,,,,2,1,,,3,,,2,1,2,,3,5,,,2,5,01,54,3747.7042062
5357016,1,2,1,10,2,2,4,1969,51,2,6,,3,2,,2,,1,1,,,,,,,,,,,1,,,1,,,3,,,2,1,2,,5,11,2,,2,11,01,54,3747.7042062
5357016,1,3,1,10,2,2,8,1997,23,3,6,,6,1,1,1,2,,,,,,,,,,,,,1,,,1,,,1,1,33500,2,1,1,1,6,4,3,,2,15,01,54,3747.7042062
5357016,1,4,1,10,2,2,10,2017,3,4,6,,,2,,1,3,,,,,,,,,,,,,,,,1,,,3,,,2,2,2,,1,0,,,2,0,01,54,3747.7042062
5357016,1,5,1,10,2,1,2,2019,1,4,6,,,2,,1,3,,,,,,,,,,,,,,,,1,,,3,,,2,,,,,,,,2,,01,54,3747.7042062
5357017,1,1,1,10,1,2,2,1975,45,1,6,,6,3,,2,,,,,,,1,,,,,1,,,,1,2,2,,,,,2,1,2,,3,3,,,2,3,01,54,932.79070211
5357018,1,1,1,10,1,1,8,1966,54,1,6,,4,1,8,1,9,,,,,,,,,,,,,1,,1,1,,,3,,,2,1,2,,4,7,,,2,7,01,54,4197.5581595
5357018,1,2,1,10,2,2,5,1995,25,3,6,,6,1,1,2,,,,,,,,,,,,,,1,,,2,2,,,,,2,1,2,,6,5,4,,2,16,01,54,4197.5581595
5357018,1,3,1,10,2,1,2,2019,1,4,6,,,2,,1,2,,,,,,,,,,,,,,,,2,2,,,,,2,,,,,,,,2,,01,54,4197.5581595
5357018,1,4,1,10,4,1,4,1999,21,3,6,,6,1,1,2,,,,,,,,,,,,,,1,,,2,2,,,,,2,1,2,,5,11,2,,2,11,01,54,4197.5581595
5357018,1,5,1,10,5,1,12,2000,20,3,6,,6,1,1,2,,,,,,,,,,,,,,1,,,2,2,,,,,2,1,2,,5,11,2,,2,11,01,54,4197.5581595
5357018,1,6,1,10,6,2,1,1997,23,3,6,,1,1,1,2,,2,,,,,,,,,,,,1,,,1,,,3,,,2,1,2,,5,11,2,,2,11,01,54,4197.5581595
5357018,1,7,1,10,6,1,7,2017,3,4,6,,,2,,1,6,,,,,,,,,,,,,,,,1,,,3,,,2,2,2,,1,0,,,2,0,01,54,4197.5581595
5357018,1,8,1,10,8,1,3,1936,84,5,6,,3,3,,3,,1,9,,,,,,,,,,,1,,,1,,,3,,,2,2,2,,1,0,,,2,0,01,54,4197.5581595
5357018,1,9,1,10,8,2,11,1932,88,5,6,,3,3,,3,,1,8,,,,,,,,,,,1,,,1,,,3,,,2,2,2,,1,0,,,2,0,01,54,4197.5581595
5357019,1,1,1,10,1,1,4,1952,68,1,6,,2,2,,2,,1,2,,,,,,,,,,,1,,2,1,,,3,,,2,1,2,,5,11,2,,2,11,01,54,932.79070211
5357019,1,2,1,10,2,2,12,1965,55,2,6,,2,2,,3,,1,1,,,,,,,,,,,1,,,1,,,3,,,2,1,2,,4,7,,,2,7,01,54,932.79070211
5357019,1,3,1,10,3,2,12,2000,20,3,6,,6,1,1,1,2,,,,,,,,,,1,,,,,,1,,,3,,,2,1,1,1,6,0,2,2,2,11,01,54,932.79070211
5357020,1,1,1,10,1,1,10,1981,39,1,6,,4,2,,2,,,,,,,,,,,,1,,,,2,1,,,3,,,2,1,2,,3,4,,,2,4,01,54,2956.9696351
5357020,1,2,1,10,1,1,11,1964,56,5,6,,3,2,,2,,2,,,,,,,,,,,,1,,,1,,,3,,,2,1,2,,4,7,,,2,7,01,54,2956.9696351
5357021,1,1,1,10,1,2,2,1988,32,1,6,,4,2,,2,,,,,,,,,,,,,,1,,1,1,,,3,,,2,1,2,,6,3,3,,2,14,01,54,932.79070211
5357021,1,2,1,10,1,1,3,2008,12,3,6,,6,2,,1,1,,,,,,,,,,1,,,,,,1,,,3,,,2,1,1,1,4,6,,,2,6,01,54,932.79070211
5357022,1,1,1,10,1,2,4,1992,28,1,6,,2,2,,2,,1,2,,,,,,,1,,,,,,2,2,1,10,,,,2,1,2,,6,3,3,,2,14,01,54,932.79070211
5357022,1,2,1,10,1,1,7,1994,26,2,6,,2,3,,2,,1,1,,,,,,,,,,,1,,,2,2,,,,,2,1,2,,5,11,2,,2,11,01,54,932.79070211
5357044,1,1,1,10,1,2,10,1947,73,1,6,,5,3,,3,,,,,,,,,,,,1,,,,1,1,,,3,,,2,2,2,,1,0,,,2,0,01,54,408.07234346
5357046,1,1,1,10,2,1,12,1946,74,1,6,,3,3,,3,,1,2,,,,,,,,,,,1,,2,1,,,3,,,2,1,2,,3,3,,,2,3,01,54,408.07234346
5357046,1,2,1,10,2,2,8,1942,78,2,6,,3,3,,3,,1,1,,,,,,,,,,,1,,,1,,,3,,,2,1,2,,3,2,,,2,2,01,54,408.07234346
5357047,1,1,1,10,1,2,9,1972,48,1,6,,4,3,,3,,,,,,,,,,,,,,1,,1,1,,,3,,,2,2,2,,1,0,,,2,0,01,54,408.07234346
5357047,1,2,1,10,2,2,3,1997,23,3,6,,6,2,,1,1,,,,,,,,,,,,,1,,,1,,,3,,,2,1,2,,3,2,,,2,2,01,54,408.07234346
5357047,1,3,1,10,3,2,3,2003,17,3,6,,6,2,,1,1,,,,,,,,,,,,,1,,,1,,,3,,,2,1,2,,3,2,,,2,2,01,54,408.07234346
5357047,1,4,1,10,1,1,6,2014,6,3,6,,,2,,1,1,,,,,,,,,,,,,,,,1,,,3,,,2,2,2,,1,0,,,2,0,01,54,408.07234346
5357047,1,5,1,10,1,1,1,1954,67,5,6,,6,3,,3,,,,,,,,,,,,,,1,,,1,,,3,,,2,2,2,,1,0,,,2,0,01,54,408.07234346
5357047,1,6,1,10,6,1,4,1991,29,5,6,,6,3,,3,,,,,,,,,,,,,,1,,,1,,,3,,,2,2,2,,1,0,,,2,0,01,54,408.07234346
5357048,1,1,1,10,1,2,2,1962,58,1,6,,6,3,,3,,,,,,,,,,,,1,,,,1,1,,,3,,,2,2,2,,1,0,,,2,0,01,54,408.07234346
5357048,1,2,1,10,1,1,11,1989,31,3,6,,6,2,,1,1,,,,,,1,,,,,,,,,,1,,,3,,,2,1,2,,3,3,,,2,3,01,54,408.07234346
5357048,1,3,1,10,1,2,4,1995,25,3,6,,6,2,,1,1,,,,,,,,,,,,,1,,,1,,,3,,,2,2,2,,1,0,,,2,0,01,54,408.07234346
5357049,1,1,1,10,1,1,9,1951,69,1,6,,3,3,,3,,1,2,,,,,,,,,,,1,,1,1,,,3,,,2,2,2,,1,0,,,2,0,01,54,408.07234346
5357049,1,2,1,10,2,2,10,1959,61,2,6,,3,3,,3,,1,1,,,,,,,,,,,1,,,1,,,3,,,2,2,2,,1,0,,,2,0,01,54,408.07234346
5357049,1,3,1,10,3,2,9,1999,21,3,6,,6,1,1,1,2,,,,,,,,,,,,,1,,,1,,,3,,,2,1,2,,5,11,2,,2,11,01,54,408.07234346
5357052,1,1,1,10,1,1,12,1987,33,1,6,,2,3,,2,,1,2,,,,1,,,,,,,,,1,1,,,3,,,2,2,2,,1,0,,,2,0,01,54,408.07234346
5357052,1,2,1,10,2,2,9,1987,33,2,6,,2,3,,1,4,1,1,,,,,,,,,,,1,,,1,,,3,,,2,1,2,,3,5,,,2,5,01,54,408.07234346
5357052,1,3,1,10,1,2,6,2008,12,3,6,,6,1,1,1,2,,,,,,,,,,1,,,,,,1,,,3,,,2,1,1,1,4,6,,,2,6,01,54,408.07234346
5357052,1,4,1,10,1,2,3,1966,54,5,6,,5,3,,3,,,,,,,,,,,,,,1,,,1,,,3,,,2,1,2,,3,4,,,2,4,01,54,408.07234346
5357053,1,1,1,10,1,1,7,1963,57,1,6,,2,3,,3,,1,2,,,,1,,,,,,,,,1,1,,,3,,,2,1,2,,4,8,,,2,8,01,54,408.07234346
5357053,1,2,1,10,2,2,11,1982,38,2,6,,2,2,,2,,1,1,,,,,,,,,,,1,,,1,,,3,,,2,1,2,,6,5,4,,2,16,01,54,408.07234346
5357053,1,3,1,10,2,2,10,2008,12,3,6,,6,1,1,1,2,,,,,,,,,,1,,,,,,1,,,3,,,2,1,1,1,4,7,,,2,7,01,54,408.07234346
5357055,1,1,1,10,1,1,4,1964,56,1,6,,2,3,,3,,1,2,,,,1,,,,,,,,,1,1,,,3,,,2,1,2,,3,5,,,2,5,01,54,1836.3255456
5357055,1,2,1,10,2,2,9,1971,49,2,6,,2,3,,3,,1,1,,,,,,,,,,,1,,,1,,,3,,,2,1,2,,3,2,,,2,2,01,54,1836.3255456
5357055,1,3,1,10,2,1,1,2009,12,4,6,,6,2,,2,,,,,,,,,,,1,,,,,,1,,,3,,,2,1,1,1,3,4,,,2,4,01,54,1836.3255456
5357055,1,4,1,10,2,1,2,2016,4,4,6,,,2,,2,,,,,,,,,,,,,,,,,1,,,3,,,2,2,2,,1,0,,,2,0,01,54,1836.3255456
5357056,1,1,1,10,1,2,4,1950,70,1,6,,5,3,,3,,,,,,,,,,,,,,1,,1,1,,,3,,,2,1,2,,3,1,,,2,1,01,54,408.07234346
5357057,1,1,1,10,1,2,5,1962,58,1,6,,4,3,,3,,,,,,,,,,,,1,,,,1,1,,,3,,,2,1,2,,3,4,,,2,4,01,54,408.07234346
5357057,1,2,1,10,1,2,5,1986,34,3,6,,6,2,,1,1,,,,,,,,,,,,,1,,,1,,,3,,,2,2,2,,1,0,,,2,0,01,54,408.07234346
5357057,1,3,1,10,1,1,9,1996,24,3,6,,6,2,,1,1,,,,,,,,,,1,,,,,,1,,,3,,,2,1,1,1,6,3,2,2,2,14,01,54,408.07234346
5357057,1,4,1,10,1,1,12,1998,22,3,6,,6,2,,1,1,,,,,,,,,,,,,1,,,1,,,3,,,2,1,2,,6,3,2,2,2,14,01,54,408.07234346
5357057,1,5,1,10,1,2,11,2001,19,3,6,,6,2,,1,1,,,,,,,,,,1,,,,,,1,,,3,,,2,1,1,2,6,1,2,2,2,12,01,54,408.07234346
5357058,1,1,1,10,1,2,3,1978,42,1,6,,4,3,,3,,,,,,,,,,,,1,,,,1,1,,,3,,,2,1,2,,3,2,,,2,2,01,54,1836.3255456
5357058,1,2,1,10,1,1,2,1996,24,3,6,,6,2,,1,1,,,,,,,,,,,,,1,,,1,,,3,,,2,1,2,,3,5,,,2,5,01,54,1836.3255456
5357058,1,3,1,10,1,1,12,2006,14,3,6,,6,2,,1,1,,,,,,,,,,1,,,,,,1,,,3,,,2,1,2,,3,4,,,2,4,01,54,1836.3255456
5357058,1,4,1,10,1,2,1,2009,12,3,6,,6,2,,1,1,,,,,,,,,,1,,,,,,1,,,3,,,2,1,1,1,3,3,,,2,3,01,54,1836.3255456
5357058,1,5,1,10,1,1,1,2017,4,3,6,,,2,,1,1,,,,,,,,,,,,,,,,1,,,3,,,2,2,2,,1,0,,,2,0,01,54,1836.3255456
5357059,1,1,1,10,1,1,5,1976,44,1,6,,2,3,,2,,1,2,,,,,,,,,,,1,,1,1,,,3,,,2,1,2,,3,2,,,2,2,01,54,1836.3255456
5357059,1,2,1,10,2,2,1,1978,43,2,6,,2,2,,2,,1,1,,,,,,,,,,,1,,,1,,,3,,,2,1,2,,3,4,,,2,4,01,54,1836.3255456
5357059,1,3,1,10,2,1,4,2003,17,3,6,,6,1,1,1,2,,,,,,,,,,,,,1,,,1,,,3,,,2,1,2,,4,9,,,2,9,01,54,1836.3255456
5357059,1,4,1,10,2,1,3,2004,16,3,6,,6,1,1,1,2,,,,,,,,,,,,,1,,,1,,,3,,,2,1,2,,4,6,,,2,6,01,54,1836.3255456
5357059,1,5,1,10,2,2,4,2007,13,3,6,,6,1,1,1,2,,,,,,,,,,1,,,,,,1,,,3,,,2,1,1,1,4,7,,,2,7,01,54,1836.3255456
5357059,1,6,1,10,2,2,10,2014,6,3,6,,,1,1,1,2,,,,,,,,,,,,,,,,1,,,3,,,2,2,2,,1,0,,,2,0,01,54,1836.3255456
5357060,1,1,1,10,2,1,11,1985,35,1,6,,3,2,,2,,1,2,,,,,,,,,,,1,,2,1,,,3,,,2,1,2,,3,3,,,2,3,01,54,408.07234346
5357060,1,2,1,10,2,2,1,1989,32,2,6,,3,2,,2,,1,1,,,,,,,,,,,1,,,1,,,3,,,2,1,2,,4,8,,,2,8,01,54,408.07234346
5357060,1,3,1,10,2,2,6,2009,11,3,6,,6,1,1,1,2,,,,,,,,,,1,,,,,,1,,,3,,,2,1,1,1,4,6,,,2,6,01,54,408.07234346
5357060,1,4,1,10,2,1,6,2011,9,3,6,,,1,1,1,2,,,,,,,,,,,,,,,,1,,,3,,,2,1,1,1,3,4,,,2,4,01,54,408.07234346
5357061,1,1,1,10,1,2,5,1982,38,1,6,,1,2,,2,,1,2,,,,,,,,,,,1,,1,2,2,,,,,2,1,2,,6,5,4,,2,16,01,54,408.07234346
5357061,1,2,1,10,2,1,6,1976,44,2,6,,1,2,,2,,1,1,,,,,,,,,,,1,,,2,2,,,,,2,1,2,,3,3,,,2,3,01,54,408.07234346
5357061,1,3,1,10,1,2,1,2005,16,3,6,,6,2,,1,1,,,,,,,,,,1,,,,,,2,2,,,,,2,1,1,1,4,8,,,2,8,01,54,408.07234346
5357061,1,4,1,10,1,2,6,2010,10,3,6,,6,2,,1,1,,,,,,,,,,1,,,,,,2,2,,,,,2,1,1,1,3,4,,,2,4,01,54,408.07234346
5357063,1,1,1,10,1,1,11,1960,60,1,6,,2,3,,3,,1,2,,,,1,,,,,1,,,,1,1,,,3,,,2,1,2,,3,5,,,2,5,01,54,408.07234346
5357063,1,2,1,10,2,2,6,1966,54,2,6,,2,3,,3,,1,1,,,,,,,,,,,1,,,1,,,3,,,2,1,2,,3,5,,,2,5,01,54,408.07234346
5357063,1,3,1,10,2,1,10,2010,10,3,6,,6,2,,1,2,,,,,,,,,,1,,,,,,1,,,3,,,2,1,1,1,3,4,,,2,4,01,54,408.07234346
5357064,1,1,1,10,1,1,10,1990,30,1,6,,2,3,,3,,1,2,,,,,,,,,,,1,,2,2,2,,,,,2,1,2,,4,8,,,2,8,01,54,1836.3255456
5357064,1,2,1,10,2,2,1,2001,20,2,6,,2,2,,2,,1,1,,,,,,,,,,,1,,,2,2,,,,,1,1,2,,4,8,,,2,8,01,54,1836.3255456
5357064,1,3,1,10,2,2,3,2017,3,3,6,,,1,1,1,2,,,,,,,,,,,,,,,,2,2,,,,,1,2,2,,1,0,,,2,0,01,54,1836.3255456
5357064,1,4,1,10,2,2,7,2019,1,3,6,,,1,1,1,2,,,,,,,,,,,,,,,,2,2,,,,,2,,,,,,,,2,,01,54,1836.3255456
5357065,1,1,1,10,1,1,9,1992,28,1,6,,2,2,,2,,1,2,,,,,,,,,1,,,,1,2,2,,,,,2,1,2,,3,5,,,2,5,01,54,1836.3255456
5357065,1,2,1,10,2,2,5,1999,21,2,6,,2,2,,2,,1,1,,,,,,,,,,,1,,,1,,,3,,,2,1,2,,5,11,2,,2,11,01,54,1836.3255456
5357065,1,3,1,10,2,1,10,2018,2,3,6,,,1,1,1,2,,,,,,,,,,,,,,,,2,2,,,,,2,,,,,,,,2,,01,54,1836.3255456
5357066,1,1,1,10,1,2,12,1976,44,1,6,,4,3,,3,,,,,,,,,,,,,,1,,1,1,,,3,,,2,1,2,,3,5,,,2,5,01,54,408.07234346
5357066,1,2,1,10,2,1,11,2001,19,3,6,,6,3,,1,1,,,,,,,,,,,,,1,,,1,,,3,,,2,1,2,,4,6,,,2,6,01,54,408.07234346
5357066,1,3,1,10,1,2,10,2009,11,3,6,,6,2,,1,1,,,,,,,,,,1,,,,,,1,,,3,,,2,1,1,1,4,0,,,2,5,01,54,408.07234346
5357067,1,1,1,10,1,1,12,1990,30,1,6,,6,3,,1,2,,,,,,,,,,,,,1,,1,1,,,3,,,2,2,2,,1,0,,,2,0,01,54,408.07234346
5357067,1,2,1,10,2,2,12,1954,66,5,6,,5,3,,3,,,,,,,,,,,,,,1,,,1,,,3,,,2,2,2,,1,0,,,2,0,01,54,408.07234346
5357068,1,1,1,10,1,2,3,1968,52,1,6,,4,3,,3,,,,,,,,,,,,,,1,,1,1,,,3,,,2,1,2,,3,5,,,2,5,01,54,408.07234346
5357069,1,1,1,10,1,1,10,1990,30,1,5,,2,2,,2,,1,2,,,,,,,,,,,1,,1,1,,,3,,,2,1,2,,3,5,,,2,5,01,54,1836.3255456
5357069,1,2,1,10,2,2,3,1985,35,2,6,,2,3,,2,,1,1,,,,,,,,,,,1,,,1,,,3,,,2,1,2,,3,5,,,2,5,01,54,1836.3255456
5357069,1,3,1,10,2,1,4,2005,15,3,6,,6,2,,1,2,,,,,,,,,,1,,,,,,1,,,3,,,2,1,1,1,4,0,,,2,5,01,54,1836.3255456
5357069,1,4,1,10,2,2,12,2016,4,3,6,,,1,1,1,2,,,,,,,,,,,,,,,,1,,,3,,,2,2,2,,1,0,,,2,0,01,54,1836.3255456
5357069,1,5,1,10,2,2,1,2019,2,3,6,,,1,1,1,2,,,,,,,,,,,,,,,,1,,,3,,,2,,,,,,,,2,,01,54,1836.3255456
5357070,1,1,1,10,1,1,11,1955,65,1,6,,3,3,,3,,1,2,,,,,,,,,,,1,,1,1,,,3,,,2,2,2,,1,0,,,2,0,01,54,408.07234346
5357070,1,2,1,10,1,2,10,1958,62,2,6,,3,3,,3,,1,1,,,,,,,,,,,1,,,1,,,3,,,2,2,2,,1,0,,,2,0,01,54,408.07234346
5357071,1,1,1,10,1,1,11,1994,26,1,6,,1,2,,2,,1,2,,,,,,,,,,,1,,1,2,2,,,,,2,1,2,,3,3,,,2,3,01,54,1836.3255456
5357071,1,2,1,10,2,2,7,2000,20,2,6,,1,2,,2,,1,1,,,,,,,,,,,1,,,2,2,,,,,2,1,2,,5,11,2,,2,11,01,54,1836.3255456
5357071,1,3,1,10,2,1,3,2020,0,3,6,,,1,1,1,2,,,,,,,,,,,,,,,,2,2,,,,,2,,,,,,,,2,,01,54,1836.3255456
5357072,1,1,1,10,1,1,7,1980,40,1,6,,2,3,,2,,1,2,,,,,,,,,,,1,,1,1,,,3,,,2,1,2,,4,9,,,2,9,01,54,1836.3255456
5357072,1,2,1,10,2,2,8,1986,34,2,6,,2,2,,2,,1,1,,,,,,,,,,,1,,,1,,,3,,,2,1,2,,3,5,,,2,5,01,54,1836.3255456
5357072,1,3,1,10,2,1,8,2006,14,3,6,,6,1,1,1,2,,,,,,,,,,1,,,,,,1,,,3,,,2,1,1,1,4,8,,,2,8,01,54,1836.3255456
5357072,1,4,1,10,2,1,12,2010,10,3,6,,6,1,1,1,2,,,,,,,,,,1,,,,,,1,,,3,,,2,1,1,1,4,0,,,2,5,01,54,1836.3255456
5357072,1,5,1,10,2,1,12,2010,10,3,6,,6,1,1,1,2,,,,,,,,,,1,,,,,,1,,,3,,,2,1,1,1,4,0,,,2,5,01,54,1836.3255456
5357073,1,1,1,10,1,2,2,2003,17,1,6,,2,2,,2,,2,,,,,,,,,,,,1,,2,1,,,3,,,2,1,2,,3,5,,,2,5,01,54,1836.3255456
5357073,1,2,1,10,1,2,10,2019,1,3,6,,,2,,1,1,,,,,,,,,,,,,,,,1,,,3,,,2,,,,,,,,2,,01,54,1836.3255456
5357074,1,1,1,10,1,1,12,1985,35,1,6,,2,2,,2,,1,2,,,,,,,,,,,1,,2,2,2,,,,,2,1,2,,4,7,,,2,7,01,54,1836.3255456
5357074,1,2,1,10,2,2,8,1987,33,2,6,,2,2,,2,,1,1,,,,,,,,,,,1,,,2,2,,,,,2,1,2,,4,7,,,2,7,01,54,1836.3255456
5357074,1,3,1,10,2,1,11,2005,15,3,6,,6,1,1,1,2,,,,,,,,,,,,,1,,,2,2,,,,,2,1,2,,3,5,,,2,5,01,54,1836.3255456
5357074,1,4,1,10,2,2,3,2008,12,3,6,,6,1,1,1,2,,,,,,,,,,1,,,,,,2,2,,,,,2,1,1,1,3,3,,,2,3,01,54,1836.3255456
5357074,1,5,1,10,2,2,7,2013,7,3,6,,,1,1,1,2,,,,,,,,,,,,,,,,2,2,,,,,2,2,1,1,3,0,,,2,0,01,54,1836.3255456
5357074,1,6,1,10,2,2,12,2015,5,3,6,,,1,1,1,2,,,,,,,,,,,,,,,,2,2,,,,,2,2,1,1,2,0,,,2,0,01,54,1836.3255456
5357075,1,1,1,10,1,1,8,1967,53,1,6,,2,3,,3,,1,2,,,,,,,,,,,1,,1,1,,,3,,,2,1,2,,3,3,,,2,3,01,54,719.94715758
5357075,1,2,1,10,2,2,2,1979,41,2,6,,2,3,,2,,1,1,,,,,,,,,,,1,,,1,,,3,,,2,2,2,,1,0,,,2,0,01,54,719.94715758
5357075,1,3,1,10,2,1,11,2004,16,3,6,,6,1,1,1,2,,,,,,,,,,1,,,,,,1,,,3,,,2,1,1,1,4,0,,,2,5,01,54,719.94715758
5357076,1,1,1,10,1,2,11,1999,21,1,6,,2,3,,2,,2,,,,,,,,,,,,1,,1,2,2,,,,,2,1,2,,3,2,,,2,2,01,54,1836.3255456
5357076,1,2,1,10,1,2,9,2020,0,3,6,,,2,,1,1,,,,,,,,,,,,,,,,2,2,,,,,2,,,,,,,,2,,01,54,1836.3255456
5357077,1,1,1,10,1,1,12,1992,28,1,6,,6,2,,3,,,,,,,,,,,,,,1,,2,2,2,,,,,2,1,2,,3,3,,,2,3,01,54,1610.5441441
5357078,1,1,1,10,1,1,3,1997,23,1,6,,2,2,,2,,1,2,,,,,,,,,,,1,,1,1,,,3,,,2,1,2,,4,7,,,2,7,01,54,1836.3255456
5357078,1,2,1,10,2,2,9,1992,28,2,6,,2,2,,2,,1,1,,,,,,,,,,,1,,,2,2,,,,,2,1,2,,5,11,2,,2,11,01,54,1836.3255456
5357078,1,3,1,10,2,1,8,2005,15,3,6,,6,2,,1,2,,,,,,,,,,1,,,,,,2,2,,,,,2,1,1,1,4,7,,,2,7,01,54,1836.3255456
5357079,1,1,1,10,1,1,4,1990,30,1,6,,2,2,,2,,1,2,,,,,,,,,,,1,,1,1,,,3,,,2,1,2,,3,3,,,2,3,01,54,1836.3255456
5357079,1,2,1,10,2,2,4,1989,31,2,6,,2,2,,2,,1,1,,,,,,,,,,,1,,,1,,,3,,,2,1,2,,3,5,,,2,5,01,54,1836.3255456
5357079,1,3,1,10,2,2,6,2008,12,3,6,,6,2,,1,2,,,,,,,,,,1,,,,,,1,,,3,,,2,1,1,1,4,6,,,2,6,01,54,1836.3255456
5357079,1,4,1,10,2,2,6,2011,9,3,6,,,2,,1,2,,,,,,,,,,,,,,,,1,,,3,,,2,1,1,1,3,3,,,2,3,01,54,1836.3255456
5357079,1,5,1,10,2,2,7,2014,6,3,6,,,1,1,1,2,,,,,,,,,,,,,,,,1,,,3,,,2,1,1,1,3,1,,,2,1,01,54,1836.3255456
5357080,1,1,1,10,1,1,12,1991,29,1,6,,2,2,,2,,1,2,,,,,,,,,,,1,,1,1,,,3,,,2,1,2,,4,8,,,2,8,01,54,1836.3255456
5357080,1,2,1,10,2,2,3,1995,25,2,6,,2,2,,2,,1,1,,,,,,,,,,,1,,,1,,,3,,,2,1,2,,4,8,,,2,8,01,54,1836.3255456
5357080,1,3,1,10,2,1,12,2009,11,3,6,,6,2,,1,2,,,,,,,,,,1,,,,,,1,,,3,,,2,1,1,1,3,1,,,2,1,01,54,1836.3255456
5357080,1,4,1,10,2,1,10,2011,9,3,6,,,2,,1,2,,,,,,,,,,,,,,,,1,,,3,,,2,1,1,1,3,1,,,2,1,01,54,1836.3255456
5357080,1,5,1,10,2,2,8,2016,4,3,6,,,1,1,1,2,,,,,,,,,,,,,,,,1,,,3,,,2,2,2,,1,0,,,2,0,01,54,1836.3255456
5357081,1,1,1,10,1,2,8,1989,31,1,6,,4,2,,2,,,,,,,,,,,,,,1,,1,1,,,3,,,2,1,2,,4,9,,,2,9,01,54,408.07234346
5357081,1,2,1,10,1,2,9,2010,10,3,6,,6,2,,1,1,,,,,,,,,,1,,,,,,1,,,3,,,2,1,1,1,4,0,,,2,5,01,54,408.07234346
5357081,1,3,1,10,1,2,9,2016,4,3,6,,,2,,1,1,,,,,,,,,,,,,,,,1,,,3,,,2,2,2,,1,0,,,2,0,01,54,408.07234346
5357082,1,1,1,10,1,2,3,1937,83,1,6,,5,3,,3,,,,,,,,,,,,,,1,,1,1,,,3,,,2,2,2,,1,0,,,2,0,01,54,408.07234346
5357083,1,1,1,10,1,2,5,1983,37,1,6,,6,2,,2,,,,,,,,,,,,1,,,,1,1,,,3,,,2,1,2,,3,4,,,2,4,01,54,408.07234346
5357083,1,2,1,10,2,2,11,2005,15,3,6,,6,2,,1,1,,,,,,,,,,1,,,,,,1,,,3,,,2,1,1,1,4,8,,,2,8,01,54,408.07234346
5357083,1,3,1,10,1,1,12,2010,10,3,6,,6,2,,1,1,,,,,,,,,,1,,,,,,1,,,3,,,2,1,1,1,3,2,,,2,2,01,54,408.07234346
5357084,1,1,1,10,1,1,5,1961,59,1,6,,2,3,,3,,1,2,,,,,,,,,,,1,,1,1,,,3,,,2,1,2,,3,2,,,2,2,01,54,1836.3255456
5357084,1,2,1,10,2,2,2,1972,48,2,6,,2,2,,2,,1,1,,,,,,,,,,,1,,,1,,,3,,,2,1,2,,3,5,,,2,5,01,54,1836.3255456
5357084,1,3,1,10,2,1,12,2006,14,3,6,,6,1,1,1,2,,,,,,,,,,1,,,,,,1,,,3,,,2,1,1,1,4,0,,,2,5,01,54,1836.3255456
5357084,1,4,1,10,2,2,9,2014,6,4,6,,,2,,2,,,,,,,,,,,,,,,,,1,,,3,,,2,2,1,1,2,0,,,2,0,01,54,1836.3255456
5357085,1,1,1,10,1,2,4,1960,60,1,6,,4,3,,3,,,,,,,,,,,,1,,,,1,1,,,3,,,2,1,2,,3,5,,,2,5,01,54,408.07234346
5357086,1,1,1,10,1,1,2,1974,46,1,6,,2,2,,2,,1,2,,,,,,,,,,,1,,1,1,,,3,,,2,2,2,,1,0,,,2,0,01,54,1836.3255456
5357086,1,2,1,10,2,2,5,1976,44,2,6,,2,2,,2,,1,1,,,,,,,,,,,1,,,1,,,3,,,2,1,2,,4,7,,,2,7,01,54,1836.3255456
5357086,1,3,1,10,2,2,11,2011,9,3,6,,,1,1,1,2,,,,,,,,,,,,,,,,1,,,3,,,2,1,1,1,3,3,,,2,3,01,54,1836.3255456
5357086,1,4,1,10,2,1,10,2013,7,3,6,,,1,1,1,2,,,,,,,,,,,,,,,,1,,,3,,,2,1,1,1,3,1,,,2,1,01,54,1836.3255456
5357087,1,1,1,10,2,1,9,1981,39,1,6,,3,2,,2,,1,2,,,,,,,,,,,1,,2,1,,,3,,,2,1,2,,3,2,,,2,2,01,54,1836.3255456
5357087,1,2,1,10,2,2,11,1981,39,2,6,,3,2,,2,,1,1,,,,,,,,,,,1,,,1,,,3,,,2,1,2,,3,5,,,2,5,01,54,1836.3255456
5357087,1,3,1,10,2,1,1,2010,11,3,6,,6,1,1,1,2,,,,,,,,,,1,,,,,,1,,,3,,,2,1,1,1,3,4,,,2,4,01,54,1836.3255456
5357087,1,4,1,10,2,2,4,2013,7,3,6,,,1,1,1,2,,,,,,,,,,,,,,,,1,,,3,,,2,1,1,1,3,2,,,2,2,01,54,1836.3255456
5357088,1,1,1,10,1,2,2,1995,25,1,6,,6,2,,2,,,,,,,,,,,,,,1,,1,1,,,3,,,2,1,2,,4,8,,,2,8,01,54,408.07234346
5357088,1,2,1,10,1,2,10,2017,3,3,6,,,2,,1,1,,,,,,,,,,,,,,,,1,,,3,,,2,2,2,,1,0,,,2,0,01,54,408.07234346
5357089,1,1,1,10,1,1,7,1966,54,1,6,,2,3,,2,,1,2,,,,,,,,,,,1,,1,1,,,3,,,2,2,2,,1,0,,,2,0,01,54,735.58018446
5357089,1,2,1,10,2,2,8,1976,44,2,6,,2,2,,2,,1,1,,,,,,,,,,,1,,,1,,,3,,,2,2,2,,1,0,,,2,0,01,54,735.58018446
5357089,1,3,1,10,1,1,8,2011,9,9,6,,,2,,2,,,,,,,,,,,,,,,,,1,,,3,,,2,1,1,1,3,3,,,2,3,01,54,735.58018446
5357090,1,1,1,10,1,2,7,1957,63,1,6,,5,3,,3,,,,,,,,,,,,,,1,,1,1,,,3,,,2,1,2,,3,5,,,2,5,01,54,408.07234346
5357090,1,2,1,10,2,2,10,1995,25,3,6,,6,3,,1,1,,,,,,,,,,,1,,,,,1,,,3,,,2,1,2,,6,3,3,,2,14,01,54,408.07234346
5357091,1,1,1,10,1,1,3,1975,45,1,6,,2,2,,2,,1,2,,,,,,,,,,,1,,1,1,,,3,,,2,2,2,,1,0,,,2,0,01,54,1836.3255456
5357091,1,2,1,10,2,2,2,1986,34,2,6,,2,2,,2,,1,1,,,,,,,,,,,1,,,1,,,3,,,2,2,2,,1,0,,,2,0,01,54,1836.3255456
5357091,1,3,1,10,2,1,7,2002,18,3,6,,6,1,1,1,2,,,,,,,,,,1,,,,,,1,,,3,,,2,1,1,1,4,8,,,2,8,01,54,1836.3255456
5357091,1,4,1,10,2,1,7,2005,15,3,6,,6,1,1,1,2,,,,,,,,,,1,,,,,,1,,,3,,,2,1,1,1,4,0,,,2,5,01,54,1836.3255456
5357091,1,5,1,10,2,1,4,2009,11,3,6,,6,1,1,1,2,,,,,,,,,,1,,,,,,1,,,3,,,2,1,1,1,4,0,,,2,5,01,54,1836.3255456
5357091,1,6,1,10,2,1,4,2010,10,3,6,,6,1,1,1,2,,,,,,,,,,1,,,,,,1,,,3,,,2,1,1,1,3,4,,,2,4,01,54,1836.3255456
5357092,1,1,1,10,2,1,5,1987,33,1,6,,1,3,,3,,1,2,,,,,,,,,,,1,,1,2,2,,,,,2,1,2,,3,2,,,2,2,01,54,719.94715758
5357092,1,2,1,10,2,2,5,1977,43,2,6,,1,3,,2,,1,1,,,,,,,,,,,1,,,1,,,3,,,2,1,2,,3,2,,,2,2,01,54,719.94715758
5357092,1,3,1,10,2,1,11,2004,16,3,6,,6,2,,1,2,,,,,,,,,,1,,,,,,1,,,3,,,2,1,1,1,4,8,,,2,8,01,54,719.94715758
5357093,1,1,1,10,1,1,10,1985,35,1,6,,2,2,,2,,1,2,,,,,,,,,,,1,,2,2,1,24,,,,2,1,2,,3,3,,,2,3,01,54,1836.3255456
5357093,1,2,1,10,2,2,9,2001,19,2,6,,2,3,,2,,1,1,,,,,,,,,,,1,,,2,1,24,,,,2,1,2,,3,5,,,2,5,01,54,1836.3255456
5357093,1,3,1,10,2,1,3,2019,1,3,6,,,1,1,1,2,,,,,,,,,,,,,,,,2,2,,,,,2,,,,,,,,2,,01,54,1836.3255456
5357093,1,4,1,10,2,2,10,2020,0,3,6,,,1,1,1,2,,,,,,,,,,,,,,,,2,2,,,,,2,,,,,,,,2,,01,54,1836.3255456
5357094,1,1,1,10,1,1,6,1948,72,1,6,,5,3,,3,,,,,,,,,,,,,,1,,1,1,,,3,,,2,2,2,,1,0,,,2,0,01,54,499.19998133
5357095,1,1,1,10,1,1,8,1952,68,1,6,,3,3,,3,,1,2,,,,,,,,,,,1,,1,1,,,3,,,2,2,2,,1,0,,,2,0,01,54,408.07234346
5357095,1,2,1,10,2,2,10,1969,51,2,6,,3,3,,3,,1,1,,,,,,,,,,,1,,,1,,,3,,,2,2,2,,1,0,,,2,0,01,54,408.07234346
5357096,1,1,1,10,1,1,5,1950,70,1,6,,3,3,,3,,1,2,,,,,,,,,,,1,,1,1,,,3,,,2,1,2,,3,5,,,2,5,01,54,1836.3255456
5357096,1,2,1,10,2,2,8,1972,48,2,6,,3,2,,2,,1,1,,,,,,,,,,,1,,,1,,,3,,,2,1,2,,3,2,,,2,2,01,54,1836.3255456
5357096,1,3,1,10,3,1,8,1999,21,3,6,,6,1,1,1,2,,,,,,,,,,,,,1,,,1,,,3,,,2,1,2,,3,5,,,2,5,01,54,1836.3255456
5357096,1,4,1,10,4,1,7,2002,18,3,6,,6,1,1,1,2,,,,,,,,,,,,,1,,,1,,,3,,,2,1,2,,3,5,,,2,5,01,54,1836.3255456
5357096,1,5,1,10,2,1,12,2004,16,3,6,,6,1,1,1,2,,,,,,,,,,,,,1,,,1,,,3,,,2,1,2,,3,5,,,2,5,01,54,1836.3255456
5357096,1,6,1,10,2,1,4,2010,10,3,6,,6,1,1,1,2,,,,,,,,,,1,,,,,,1,,,3,,,2,1,1,1,3,3,,,2,3,01,54,1836.3255456
5357097,1,1,1,10,1,1,8,1949,71,1,6,,6,3,,3,,,,,,,,,,,,,,1,,1,1,,,3,,,2,2,2,,1,0,,,2,0,01,54,499.19998133
5357098,1,1,1,10,1,2,5,1947,73,1,6,,5,3,,3,,,,,,,,,,,,,,1,,1,1,,,3,,,2,2,2,,1,0,,,2,0,01,54,408.07234346
5357098,1,2,1,10,2,2,2,2002,18,5,6,,1,2,,2,,2,,,,,,,,,,,,1,,,2,2,,,,,2,1,2,,5,11,2,,2,11,01,54,408.07234346
5357098,1,3,1,10,2,1,1,2021,0,9,6,,,2,,1,2,,,,,,,,,,,,,,,,2,2,,,,,2,,,,,,,,2,,01,54,408.07234346
5357099,1,1,1,10,2,1,3,1941,79,1,6,,3,3,,3,,1,2,,,,,,,,,,,1,,1,1,,,3,,,2,1,2,,3,3,,,2,3,01,54,408.07234346
5357099,1,2,1,10,2,2,4,1948,72,2,6,,3,3,,3,,1,1,,,,,,,,,,,1,,,1,,,3,,,2,2,2,,1,0,,,2,0,01,54,408.07234346
5357099,1,3,1,10,3,1,6,1980,40,3,6,,6,1,1,1,2,,,,,,,,,,,,,1,,,1,,,3,,,2,1,2,,3,3,,,2,3,01,54,408.07234346
5357100,1,1,1,10,1,1,8,1961,59,1,6,,4,3,,3,,,,,,,,,,,,,,1,,1,2,2,,,,,2,1,2,,3,1,,,2,1,01,54,499.19998133
5357101,1,1,1,10,1,2,7,1964,56,1,6,,2,3,,3,,1,2,,,,,,,,,,,1,,1,1,,,3,,,2,2,2,,1,0,,,2,0,01,54,1836.3255456
5357101,1,2,1,10,2,1,6,1978,42,2,6,,2,2,,2,,1,1,,,,,,,,,,,1,,,1,,,3,,,2,2,2,,1,0,,,2,0,01,54,1836.3255456
5357101,1,3,1,10,1,1,6,2005,15,4,6,,6,2,,2,,,,,,,,,,,,,,1,,,1,,,3,,,2,1,2,,3,5,,,2,5,01,54,1836.3255456
5357101,1,4,1,10,1,1,12,2006,14,4,6,,6,2,,2,,,,,,,,,,,1,,,,,,1,,,3,,,2,1,1,1,4,0,,,2,5,01,54,1836.3255456
5357102,1,1,1,10,1,1,,,80,1,6,,6,3,,3,,,,,,,,,,,,,,1,,1,1,,,3,,,2,2,2,,1,0,,,2,0,01,54,499.19998133
5357103,1,1,1,10,2,1,6,1951,69,1,6,,3,3,,3,,1,2,,,,,,,,,,,1,,1,1,,,3,,,2,2,2,,1,0,,,2,0,01,54,408.07234346
5357103,1,2,1,10,2,2,1,1960,61,2,6,,3,3,,3,,1,1,,,,,,,,,,,1,,,1,,,3,,,2,1,2,,3,1,,,2,1,01,54,408.07234346
5357103,1,3,1,10,3,2,1,1994,27,3,6,,6,1,1,1,2,,,,,,,,,,,,,1,,,1,,,3,,,2,1,2,,6,2,3,,2,13,01,54,408.07234346
5357103,1,4,1,10,3,2,7,2016,4,4,6,,,2,,1,3,,,,,,,,,,,,,,,,1,,,3,,,2,2,2,,1,0,,,2,0,01,54,408.07234346
5357104,1,1,1,10,1,1,7,1979,41,1,6,,3,3,,2,,1,2,,,,,,,,,,,1,,1,1,,,3,,,2,1,2,,3,5,,,2,5,01,54,1836.3255456
5357104,1,2,1,10,2,2,1,1985,36,2,6,,3,2,,2,,1,1,,,,,,,,,,,1,,,1,,,3,,,2,1,2,,3,2,,,2,2,01,54,1836.3255456
5357104,1,3,1,10,2,1,7,2006,14,3,6,,6,1,1,1,2,,,,,,,,,,1,,,,,,1,,,3,,,2,1,1,1,4,6,,,2,6,01,54,1836.3255456
5357104,1,4,1,10,2,1,1,2008,13,3,6,,6,1,1,1,2,,,,,,,,,,1,,,,,,1,,,3,,,2,1,1,1,4,7,,,2,7,01,54,1836.3255456
5357105,1,1,1,10,1,1,6,1983,37,1,6,,2,2,,2,,1,2,,,,,,,,,,,1,,2,1,,,3,,,2,1,2,,6,2,3,,2,13,01,54,1836.3255456
5357105,1,2,1,10,2,2,10,1993,27,2,6,,2,2,,2,,1,1,,,,,,,,,,,1,,,1,,,3,,,2,1,2,,5,11,2,,2,11,01,54,1836.3255456
5357105,1,3,1,10,2,1,8,2015,5,3,6,,,1,1,1,2,,,,,,,,,,,,,,,,1,,,3,,,2,2,1,1,2,0,,,2,0,01,54,1836.3255456
5357105,1,4,1,10,2,2,4,2020,0,3,6,,,1,1,1,2,,,,,,,,,,,,,,,,1,,,3,,,2,,,,,,,,2,,01,54,1836.3255456
5357106,1,1,1,10,1,1,5,1980,40,1,6,,5,3,,3,,,,,,,,,,,,,,1,,1,1,,,3,,,2,1,2,,3,3,,,2,3,01,54,1610.5441441
5357107,1,1,1,10,1,1,11,1942,78,1,6,,4,3,,3,,,,,,,,,,,,,,1,,1,1,,,3,,,2,1,2,,3,5,,,2,5,01,54,499.19998133
5357146,1,1,1,10,1,2,4,1981,39,1,6,,6,3,,2,,,,,,,1,,,1,,,,,,2,1,,,3,,,2,1,2,,4,8,,,2,8,01,68,2053.9380571
5357146,1,2,1,10,2,1,5,2004,16,3,6,,6,2,,1,1,,,,,,,,,,1,,,,,,1,,,3,,,2,1,1,1,5,10,1,,2,10,01,68,2053.9380571
5357147,1,1,1,10,1,1,8,1978,42,1,6,,4,3,,2,,,,,,,,,1,1,,,,,,1,1,,,3,,,2,1,2,,4,6,,,2,6,01,68,8106.302628
5357148,1,1,1,10,1,1,7,2000,20,1,6,,2,3,,3,,1,2,,,,,,,,,,,1,,2,1,,,3,,,2,1,2,,4,7,,,2,7,01,68,9242.7212568
5357148,1,2,1,10,2,2,2,1996,24,2,6,,2,2,,2,,1,1,,,,,,,,,,,1,,,1,,,3,,,2,1,2,,5,11,2,,2,11,01,68,9242.7212568
5357149,1,1,1,10,1,1,2,1955,65,1,6,,3,3,,3,,1,2,,,,1,,,,,,,,,2,1,,,1,5,,2,1,2,,3,5,,,2,5,01,68,2053.9380571
5357149,1,2,1,10,2,2,1,1965,56,2,6,,3,3,,2,,1,1,,,,,,,,,,,1,,,1,,,1,5,,2,1,2,,4,8,,,2,8,01,68,2053.9380571
5357149,1,3,1,10,3,2,4,1994,26,3,6,,1,1,1,1,2,1,4,,,1,,,,,,,,,,,1,,,3,,,2,1,1,2,6,4,2,2,2,15,01,68,2053.9380571
5357149,1,4,1,10,4,1,2,1994,26,5,6,,1,2,,2,,1,3,,,,,,,,,,,1,,,1,,,1,1,36000,2,1,2,,6,3,3,,2,14,01,68,2053.9380571
5357150,1,1,1,10,1,1,3,1936,84,1,6,,3,3,,3,,1,2,,,,,,,,,,,1,,2,1,,,3,,,2,2,2,,1,0,,,2,0,01,68,2053.9380571
5357150,1,2,1,10,2,2,10,1946,74,2,6,,3,3,,3,,1,1,,,,,,,,,,,1,,,1,,,3,,,2,1,2,,3,5,,,2,5,01,68,2053.9380571
5357151,1,1,1,10,1,1,3,1971,49,1,6,,3,3,,3,,1,2,,,,1,,,,,,1,,SE DIFICULTA PARA LAS CITAS MEDICAS,2,1,,,1,2,77000,2,2,2,,1,0,,,2,0,01,68,3702.3732657
5357151,1,2,1,10,2,2,2,1972,48,2,6,,3,2,,2,,1,1,,,,,,,,,,,1,,,1,,,1,5,,2,1,2,,5,11,2,,2,11,01,68,3702.3732657
5357151,1,3,1,10,1,1,7,2013,7,3,6,,,1,1,1,2,,,,,,,,,,,,,,,,1,,,1,5,,2,1,1,1,3,2,,,2,2,01,68,3702.3732657
5357152,1,1,1,10,1,1,7,1971,49,1,6,,3,2,,2,,1,2,,,,1,,,,,,,,,2,1,,,3,,,2,1,2,,3,2,,,2,2,01,68,2053.9380571
5357152,1,2,1,10,2,2,1,1978,42,2,6,,3,2,,2,,1,1,,,,,,,1,,,,,,,1,,,3,,,2,1,2,,3,5,,,2,5,01,68,2053.9380571
5357152,1,3,1,10,3,2,9,2005,15,3,6,,6,1,1,1,2,,,,,,,,,,1,,,,,,1,,,3,,,2,1,1,1,5,10,1,,2,10,01,68,2053.9380571
5357153,1,1,1,10,1,1,11,1973,47,1,6,,2,2,,2,,1,2,,,,1,,,,,,,,,1,1,,,3,,,2,1,2,,3,3,,,2,3,01,68,3702.3732657
5357153,1,2,1,10,2,2,5,1988,32,2,6,,2,3,,2,,1,1,,,,,,,,,,,1,,,1,,,3,,,2,1,2,,4,8,,,2,8,01,68,3702.3732657
5357153,1,3,1,10,2,1,10,2011,9,3,6,,,1,1,1,2,,,,,,,,,,,,,,,,1,,,3,,,2,1,1,1,3,3,,,2,3,01,68,3702.3732657
5357154,1,1,1,10,1,1,9,1957,63,1,6,,6,3,,3,,,,,,,,,,,,,,1,,1,1,,,3,,,2,2,2,,1,0,,,2,0,01,68,9242.7212568
5357154,1,2,1,10,2,1,3,1982,38,5,6,,6,2,,2,,,,,,,,,,,,,,1,,,1,,,3,,,2,1,2,,4,7,,,2,7,01,68,9242.7212568
5357154,1,3,1,10,3,1,7,1984,36,5,6,,6,2,,2,,,,,,,,,,,,,,1,,,1,,,3,,,2,1,2,,3,5,,,2,5,01,68,9242.7212568
5357155,1,1,1,10,1,1,4,1972,48,1,6,,2,2,,2,,1,2,,,,1,,,,,,,,,2,1,,,3,,,2,1,2,,3,3,,,2,3,01,68,9242.7212568
5357155,1,2,1,10,2,2,12,1972,48,2,6,,2,3,,2,,1,1,,,,,,,,,,,1,,,1,,,3,,,2,1,2,,3,5,,,2,5,01,68,9242.7212568
5357155,1,3,1,10,3,1,11,1997,23,3,6,,6,2,,1,2,,,,,,,,,,,,,1,,,1,,,3,,,2,1,2,,5,10,1,,2,10,01,68,9242.7212568
5357155,1,4,1,10,4,2,12,2000,20,3,6,,6,1,1,1,2,,,,,,,,,,,,,1,,,1,,,3,,,2,1,2,,5,11,2,,2,11,01,68,9242.7212568
5357155,1,5,1,10,4,2,10,2019,1,4,6,,,2,,1,4,,,,,,,,,,,,,,,,1,,,3,,,2,,,,,,,,2,,01,68,9242.7212568
5357155,1,6,1,10,6,1,1,2003,18,3,6,,6,1,1,1,2,,,,,,,,,,1,,,,,,1,,,3,,,2,1,1,1,5,10,1,,2,10,01,68,9242.7212568
5357155,1,7,1,10,7,2,10,2006,14,3,6,,6,1,1,1,2,,,,,,,,,,1,,,,,,1,,,3,,,2,1,1,1,4,7,,,2,7,01,68,9242.7212568
5357156,1,1,1,10,1,2,9,1965,55,1,6,,5,3,,3,,,,,,,1,,,,,,,,,1,1,,,3,,,2,1,2,,3,5,,,2,5,01,68,2053.9380571
5357156,1,2,1,10,2,2,7,2001,19,3,6,,6,3,,1,1,,,,,,,,,,,,,1,,,1,,,3,,,2,1,2,,5,11,2,,2,11,01,68,2053.9380571
5357156,1,3,1,10,3,2,7,2004,16,3,6,,6,3,,1,1,,,,,,,,,,1,,,,,,1,,,3,,,2,1,1,1,4,8,,,2,8,01,68,2053.9380571
5357157,1,1,1,10,1,1,2,1980,40,1,6,,6,3,,1,2,,,,,,,,,,,,,1,,2,1,,,3,,,2,1,2,,3,2,,,2,2,01,68,2053.9380571
5357157,1,2,1,10,2,2,2,1935,85,5,6,,5,3,,3,,,,,,,,,,,,,,1,,,1,,,3,,,2,2,2,,1,0,,,2,0,01,68,2053.9380571
5357160,1,1,1,10,1,1,5,1951,69,1,6,,3,3,,2,,1,2,,,,,,,,,,,1,,2,1,,,3,,,2,1,2,,3,5,,,2,5,01,68,2933.9014384
5357160,1,2,1,10,2,2,11,1960,60,2,6,,3,2,,2,,1,1,,,,,,,,,,,1,,,1,,,3,,,2,1,2,,3,5,,,2,5,01,68,2933.9014384
5357160,1,3,1,10,3,1,8,1948,72,5,6,,6,3,,3,,,,,,,1,,,,,,,,,,1,,,3,,,2,2,2,,1,0,,,2,0,01,68,2933.9014384
5357161,1,1,1,10,1,1,1,1955,66,1,6,,4,3,,3,,,,,,,,,,,,,,1,,1,2,1,12,,,,2,1,2,,3,5,,,2,5,01,68,2933.9014384
5357161,1,2,1,10,2,2,9,2004,16,3,6,,6,1,1,2,,,,,,,,,,,1,,,,,,2,1,12,,,,2,1,1,1,4,9,,,2,9,01,68,2933.9014384
5357162,1,1,1,10,1,1,5,1983,37,1,6,,3,2,,2,,1,2,,,,1,,,,,,,,,1,1,,,3,,,2,1,2,,3,5,,,2,5,01,68,2933.9014384
5357162,1,2,1,10,2,2,6,1983,37,2,6,,3,2,,2,,1,1,,,,,,,,,,,1,,,1,,,3,,,2,1,2,,4,8,,,2,8,01,68,2933.9014384
5357163,1,1,1,10,1,1,10,1986,34,1,6,,2,2,,2,,1,2,1,,1,,,,,,,,,,1,1,,,3,,,2,1,2,,5,11,2,,2,11,01,68,8644.5627166
5357163,1,2,1,10,2,2,7,1991,29,2,6,,2,2,,2,,1,1,1,,,,,,,,,,,,,1,,,2,5,,2,1,2,,5,11,2,,2,11,01,68,8644.5627166
5357163,1,3,1,10,2,2,4,2015,5,3,6,,,1,1,1,2,,,,,,,,,,,,,,,,1,,,3,,,2,2,1,1,3,0,,,2,0,01,68,8644.5627166
5357164,1,1,1,10,1,1,6,1962,58,1,6,,3,3,,2,,1,2,,,,1,,,,,,,,,1,1,,,3,,,2,1,2,,3,4,,,2,4,01,68,2933.9014384
5357164,1,2,1,10,2,2,6,1966,54,2,6,,3,3,,2,,1,1,,,,,,,,,,,1,,,1,,,3,,,2,1,2,,5,11,2,,2,11,01,68,2933.9014384
5357164,1,3,1,10,3,1,6,1987,33,3,6,,6,2,,1,2,,,,,,,,,,,,,1,,,1,,,3,,,2,1,2,,5,11,2,,2,11,01,68,2933.9014384
5357165,1,1,1,10,1,2,6,1940,80,1,6,,5,3,,3,,,,,,,,,,,,,,1,,2,1,,,3,,,2,1,2,,3,2,,,2,2,01,68,2933.9014384
5357165,1,2,1,10,2,2,9,1970,50,3,6,,6,2,,1,1,,,,,,,,,,,,,1,,,1,,,3,,,2,1,2,,5,11,2,,2,11,01,68,2933.9014384
5357165,1,3,1,10,3,1,1,1973,48,3,6,,6,3,,1,1,,,,,,,,,,,,,1,,,1,,,3,,,2,1,2,,3,5,,,2,5,01,68,2933.9014384
5357166,1,1,1,10,1,1,3,1955,65,1,6,,3,3,,3,,1,2,,,,,,,,,,,1,,2,1,,,3,,,2,1,2,,3,3,,,2,3,01,68,2933.9014384
5357166,1,2,1,10,2,2,6,1958,62,2,6,,3,3,,3,,1,1,,,,,,,,,,,1,,,1,,,3,,,2,1,2,,3,4,,,2,4,01,68,2933.9014384
5357166,1,3,1,10,3,1,11,1996,24,3,6,,4,1,1,1,2,,,,,,,,,,,,,1,,,1,,,3,,,2,1,2,,5,11,2,,2,11,01,68,2933.9014384
5357166,1,4,1,10,2,2,12,2009,11,4,6,,6,2,,2,,,,,,,,,,,1,,,,,,1,,,3,,,2,1,1,1,4,0,,,2,5,01,68,2933.9014384
5357167,1,1,1,10,2,2,10,1936,84,1,6,,5,3,,3,,,,,,,,,,,,,,1,,2,1,,,3,,,2,2,2,,1,0,,,2,0,01,68,2933.9014384
5357167,1,2,1,10,2,2,4,1970,50,3,6,,4,3,,1,1,,,,,,,,,,,,,1,,,1,,,3,,,2,1,2,,4,9,,,2,9,01,68,2933.9014384
5357168,1,1,1,10,1,1,6,1974,46,1,6,,2,3,,2,,1,2,,,,1,,,,,,,,,2,1,,,3,,,2,1,2,,5,11,2,,2,11,01,68,2933.9014384
5357168,1,2,1,10,2,2,9,1974,46,2,6,,2,2,,2,,1,1,,,,1,,,,,,,,,,1,,,3,,,2,1,2,,3,5,,,2,5,01,68,2933.9014384
5357169,1,1,1,10,1,1,10,1969,51,1,6,,2,3,,2,,1,2,,,1,,,,,,,,,,2,1,,,3,,,2,1,2,,3,3,,,2,3,01,68,5176.1753401
5357169,1,2,1,10,2,2,1,1977,44,2,6,,2,2,,2,,1,1,,,,,,,,,,,1,,,1,,,3,,,2,1,2,,3,5,,,2,5,01,68,5176.1753401
5357169,1,3,1,10,2,1,8,2003,17,3,6,,6,1,1,1,2,,,,,,,,,,1,,,,,,1,,,3,,,2,1,1,1,5,10,1,,2,10,01,68,5176.1753401
5357242,1,1,1,10,1,2,6,1990,30,1,6,,1,2,,2,,1,2,,,,1,,,,,,,,,2,1,,,3,,,2,1,2,,5,11,2,,2,11,01,18,1307.9568495
5357242,1,2,1,10,2,1,6,1994,26,2,6,,1,2,,2,,1,1,,,,,,,,,,,1,,,1,,,3,,,2,1,2,,3,5,,,2,5,01,18,1307.9568495
5357242,1,3,1,10,3,2,5,2008,12,3,6,,6,2,,1,1,,,,,,,,,,1,,,,,,1,,,3,,,2,1,1,1,4,7,,,2,7,01,18,1307.9568495
5357242,1,4,1,10,4,1,6,2010,10,3,6,,6,2,,1,1,,,,,,,,,,1,,,,,,1,,,3,,,2,1,1,1,4,0,,,2,5,01,18,1307.9568495
5357242,1,5,1,10,1,1,1,2016,5,3,6,,,2,,1,1,,,,,,,,,,,,,,,,1,,,3,,,2,2,2,,1,0,,,2,0,01,18,1307.9568495
5357243,1,1,1,10,1,2,10,1948,72,1,6,,3,3,,3,,1,2,,,,1,,,,,,,,,1,1,,,3,,,2,1,2,,3,5,,,2,5,01,18,632.01537139
5357243,1,2,1,10,2,1,5,1941,79,2,6,,3,3,,3,,1,1,,,,,,,,,,,1,,,1,,,3,,,2,1,2,,3,3,,,2,3,01,18,632.01537139
5357243,1,3,1,10,3,2,1,1966,55,3,6,,6,1,2,2,,,,,,,1,,,,,,,,,,1,,,3,,,2,1,2,,3,5,,,2,5,01,18,632.01537139
5357245,1,1,1,10,2,1,6,1989,31,1,6,,2,2,,2,,1,2,,,,1,,,,,,,,,2,1,,,3,,,2,1,2,,5,11,2,,2,11,01,18,1207.6308554
5357245,1,2,1,10,2,2,2,1985,35,2,6,,2,2,,2,,1,1,,,,1,,,,,,,,,,1,,,3,,,2,1,2,,5,11,2,,2,11,01,18,1207.6308554
5357245,1,3,1,10,2,1,3,2019,1,3,6,,,1,1,1,2,,,,,,,,,,,,,,,,1,,,3,,,2,,,,,,,,2,,01,18,1207.6308554
5357246,1,1,1,10,1,1,5,1998,22,1,6,,2,2,,2,,1,2,,,,1,,,,,,,,,1,1,,,3,,,2,1,2,,5,11,2,,2,11,01,18,1504.9396668
5357246,1,2,1,10,2,2,10,1997,23,2,6,,2,3,,2,,1,1,,,,,,,,,1,,,,,2,1,120,,,,1,1,2,,5,11,2,,2,11,01,18,1504.9396668
5357246,1,3,1,10,2,2,5,2018,2,3,6,,,1,1,1,2,,,,,,,,,,,,,,,,2,2,,,,,2,,,,,,,,2,,01,18,1504.9396668
5357247,1,1,1,10,1,1,4,1964,56,1,6,,3,3,,3,,1,2,,,,1,,,,,,,,,1,1,,,3,,,2,1,2,,4,6,,,2,6,01,18,1065.719915
5357247,1,2,1,10,2,2,5,1979,41,2,6,,3,2,,3,,1,1,,,,,,,,,,,1,,,1,,,3,,,2,1,2,,3,5,,,2,5,01,18,1065.719915
5357247,1,3,1,10,3,1,2,2001,19,3,6,,6,1,1,1,2,,,,,,,,,,,,,1,,,1,,,3,,,2,1,2,,4,7,,,2,7,01,18,1065.719915
5357247,1,4,1,10,4,2,7,2008,12,3,6,,6,1,1,1,2,,,,,,,,,,,,,1,,,1,,,3,,,2,1,2,,3,4,,,2,4,01,18,1065.719915
5357248,1,1,1,10,1,1,6,1958,62,1,6,,2,3,,3,,1,2,,,,1,,,,,,,,,2,1,,,1,3,109700,2,1,2,,3,2,,,2,2,01,18,965.39392097
5357248,1,2,1,10,2,2,10,1968,52,2,6,,2,2,,2,,1,1,,,,,,,,,1,,,,,1,,,3,,,2,1,2,,4,9,,,2,9,01,18,965.39392097
5357249,1,1,1,10,1,2,10,1984,36,1,6,,2,2,,3,,2,,,,,,,,,,,,1,,2,1,,,3,,,2,1,2,,3,2,,,2,2,01,18,974.60530471
5357249,1,2,1,10,2,1,12,2013,7,3,6,,,2,,1,1,,,,,,,,,,,,,,,,1,,,3,,,2,2,1,1,3,0,,,2,0,01,18,974.60530471
5357249,1,3,1,10,3,2,9,2004,16,5,6,,1,2,,2,,2,,,,,,,,,,,,1,,,1,,,3,,,2,1,2,,4,6,,,2,6,01,18,974.60530471
5357249,1,4,1,10,3,1,8,2019,1,5,6,,,2,,1,3,,,,,,,,,,,,,,,,1,,,3,,,2,,,,,,,,2,,01,18,974.60530471
5357252,1,1,1,10,1,2,5,1940,80,1,6,,4,3,,3,,,,,,,,,,,,,,1,,2,1,,,3,,,2,1,2,,3,3,,,2,3,01,18,920.54281477
5357252,1,2,1,10,1,2,9,1975,45,3,6,,6,2,,1,1,,,,,,,,,,,,,1,,,1,,,3,,,2,2,2,,1,0,,,2,0,01,18,920.54281477
5357252,1,3,1,10,3,1,5,2005,15,4,6,,6,2,,1,2,,,,,,,,,,,,,1,,,1,,,3,,,2,1,2,,5,11,2,,2,11,01,18,920.54281477
5357253,1,1,1,10,1,1,4,1993,27,1,6,,3,2,,2,,1,2,,,,1,,,1,,,,,,1,1,,,3,,,2,1,2,,4,6,,,2,6,01,18,1577.5403572
5357253,1,2,1,10,2,2,12,1994,26,2,6,,3,3,,3,,1,1,,,,,,,,,,,1,,,1,,,3,,,2,1,2,,3,4,,,2,4,01,18,1577.5403572
5357253,1,3,1,10,3,1,12,2010,10,3,6,,6,1,1,1,2,,,,,,,,,,1,,,,,,1,,,3,,,2,1,1,1,3,2,,,2,2,01,18,1577.5403572
5357253,1,4,1,10,2,2,10,2019,1,3,6,,,1,1,1,2,,,,,,,,,,,,,,,,1,,,3,,,2,,,,,,,,2,,01,18,1577.5403572
5357254,1,1,1,10,1,1,6,1964,56,1,6,,4,2,,2,,,,,,,,,,,,,,1,,1,1,,,3,,,2,1,2,,3,2,,,2,2,01,18,1231.7844489
5357255,1,1,1,10,1,1,11,1965,55,1,6,,2,3,,2,,1,2,,,,,,,,,,,1,,1,2,2,,,,,1,2,2,,1,0,,,2,0,01,18,887.00622003
5357255,1,2,1,10,2,2,6,1984,36,2,6,,2,2,,2,,1,1,,,,,,,,,,,1,,,2,2,,,,,1,1,2,,3,2,,,2,2,01,18,887.00622003
5357255,1,3,1,10,3,1,10,2003,17,3,6,,6,1,1,1,2,,,,,,,,,,,,,1,,,2,2,,,,,1,1,2,,4,6,,,2,6,01,18,887.00622003
5357255,1,4,1,10,4,2,5,2009,11,3,6,,6,1,1,1,2,,,,,,,,,,1,,,,,,2,2,,,,,1,1,1,1,3,2,,,2,2,01,18,887.00622003
5357255,1,5,1,10,5,2,5,2009,11,3,6,,6,1,1,1,2,,,,,,,,,,1,,,,,,2,2,,,,,1,1,1,1,3,3,,,2,3,01,18,887.00622003
5357256,1,1,1,10,1,1,5,1957,63,1,6,,2,3,,3,,1,2,,,,1,,,,,,,,,1,1,,,3,,,2,1,2,,3,2,,,2,2,01,18,965.39392097
5357256,1,2,1,10,2,2,3,1972,48,2,6,,2,2,,2,,1,1,,,,,,,,,,,1,,,1,,,3,,,2,1,2,,3,2,,,2,2,01,18,965.39392097
5357257,1,1,1,10,1,1,6,1949,71,1,6,,3,3,,3,,1,2,,,,,,,,,1,,,,1,1,,,3,,,2,1,2,,3,2,,,2,2,01,18,753.18621516
5357257,1,2,1,10,2,2,9,1962,58,2,6,,3,3,,3,,1,1,,,,,,,,,1,,,,,1,,,3,,,2,1,2,,3,1,,,2,1,01,18,753.18621516
5357257,1,3,1,10,3,2,11,2010,10,4,6,,6,2,,2,,,,,,,,,,,1,,,,,,1,,,3,,,2,1,1,1,3,3,,,2,3,01,18,753.18621516
5357258,1,1,1,10,1,2,5,2000,20,1,6,,2,3,,1,3,2,,,,,,,,,,,,1,,2,1,,,3,,,2,1,2,,4,9,,,2,9,01,18,868.6396371
5357258,1,2,1,10,1,1,5,2016,4,3,6,,,2,,1,1,,,,,,,,,,,,,,,,1,,,3,,,2,2,2,,1,0,,,2,0,01,18,868.6396371
5357258,1,3,1,10,3,2,5,1967,53,5,6,,5,3,,3,,,,,,,,,,,,,,1,,,1,,,3,,,2,1,2,,3,5,,,2,5,01,18,868.6396371
5357259,1,1,1,10,1,2,10,1962,58,1,6,,3,3,,3,,2,,,,,,,,,,1,,,,1,1,,,3,,,2,1,2,,3,2,,,2,2,01,18,907.89365367
5357260,1,1,1,10,1,1,10,1959,61,1,6,,3,2,,2,,1,2,,,,1,,,,,,,,,1,1,,,3,,,2,1,2,,3,1,,,2,1,01,18,1665.8495866
5357260,1,2,1,10,2,2,11,1969,51,2,6,,3,3,,3,,1,1,,,,,,,,,1,,,,,1,,,3,,,2,2,2,,1,0,,,2,0,01,18,1665.8495866
5357260,1,3,1,10,3,2,2,1987,33,3,6,,2,1,1,1,2,2,,,,,,,,,,1,,,,,1,,,3,,,2,1,2,,4,7,,,2,7,01,18,1665.8495866
5357260,1,4,1,10,4,1,3,2006,14,4,6,,6,2,,1,3,,,,,,,,,,1,,,,,,1,,,3,,,2,1,1,1,4,7,,,2,7,01,18,1665.8495866
5357260,1,5,1,10,5,1,11,2008,12,4,6,,6,2,,1,3,,,,,,,,,,1,,,,,,1,,,3,,,2,1,1,1,3,2,,,2,2,01,18,1665.8495866
5357260,1,6,1,10,6,1,5,2011,9,4,6,,,2,,1,3,,,,,,,,,,,,,,,,1,,,3,,,2,1,1,1,3,2,,,2,2,01,18,1665.8495866
5357260,1,7,1,10,2,2,12,2016,4,4,6,,,2,,2,,,,,,,,,,,,,,,,,1,,,3,,,2,2,2,,1,0,,,2,0,01,18,1665.8495866
5357260,1,8,1,10,2,1,12,2019,1,4,6,,,2,,2,,,,,,,,,,,,,,,,,1,,,3,,,2,,,,,,,,2,,01,18,1665.8495866
5357261,1,1,1,10,1,1,10,1998,22,1,6,,2,2,,2,,1,2,,,,1,,,,,,,,,1,2,1,12,,,,2,1,2,,4,7,,,2,7,01,18,1504.9396668
5357261,1,2,1,10,2,2,2,2004,16,2,6,,2,2,,2,,1,1,,,,,,,,,,,1,,,1,,,3,,,2,1,2,,4,6,,,2,6,01,18,1504.9396668
5357261,1,3,1,10,2,2,1,2020,1,3,6,,,1,1,1,2,,,,,,,,,,,,,,,,1,,,3,,,2,,,,,,,,2,,01,18,1504.9396668
5357262,1,1,1,10,1,1,6,1947,73,1,6,,3,3,,3,,1,2,,,,1,,,,,,,,,1,1,,,3,,,2,1,2,,3,1,,,2,1,01,18,931.89991016
5357262,1,2,1,10,2,2,12,1956,64,2,6,,3,3,,2,,1,1,,,,,,,,,1,,,,,1,,,3,,,2,1,2,,3,2,,,2,2,01,18,931.89991016
5357263,1,1,1,10,1,2,2,1977,43,1,6,,4,2,,2,,,,,,,1,,,,,,,,,2,2,1,18,,,,2,1,2,,5,11,2,,2,11,01,18,1380.7048769
5357263,1,2,1,10,2,1,7,1995,25,3,6,,6,2,,1,1,,,,,,,,,,,,,1,,,2,1,18,,,,2,1,2,,6,1,3,,2,12,01,18,1380.7048769
5357263,1,3,1,10,3,1,6,2002,18,3,6,,6,2,,1,1,,,,,,,,,,,,,1,,,2,1,18,,,,2,1,2,,5,11,2,,2,11,01,18,1380.7048769
5357264,1,1,1,10,1,1,11,1979,41,1,6,,2,2,,2,,1,2,1,,,1,,,,,,,,,1,1,,,3,,,2,1,2,,3,1,,,2,1,01,18,1101.6651878
5357264,1,2,1,10,2,2,4,1994,26,2,6,,2,2,,2,,1,1,1,,,,,,,,,,,,,2,1,48,,,,2,1,2,,6,2,3,,2,13,01,18,1101.6651878
5357265,1,1,1,10,1,1,3,1999,21,1,6,,3,2,,2,,1,2,,,,,,,1,,,,,,1,1,,,3,,,2,1,2,,3,5,,,2,5,01,18,1499.4670426
5357265,1,2,1,10,2,2,1,1985,36,2,6,,3,2,,2,,1,1,,,,1,,,,,,,,,,1,,,3,,,2,1,2,,5,11,2,,2,11,01,18,1499.4670426
5357265,1,3,1,10,3,1,8,2008,12,3,6,,6,2,,1,2,,,,,,,,,,1,,,,,,1,,,3,,,2,1,1,1,4,0,,,2,5,01,18,1499.4670426
5357266,1,1,1,10,1,2,4,1992,28,1,6,,4,2,,2,,,,,,,,,,,,1,,,,1,1,,,3,,,2,1,2,,3,4,,,2,4,01,18,1153.3189997
5357266,1,2,1,10,1,1,9,2018,2,3,6,,,2,,1,1,,,,,,,,,,,,,,,,1,,,3,,,2,,,,,,,,2,,01,18,1153.3189997
5357266,1,3,1,10,1,1,8,2020,0,3,6,,,2,,1,1,,,,,,,,,,,,,,,,1,,,3,,,2,,,,,,,,2,,01,18,1153.3189997
5357267,1,1,1,10,1,1,5,1956,64,1,6,,2,2,,3,,1,2,,,,1,,,,,,,,,1,1,,,3,,,2,2,2,,1,0,,,2,0,01,18,1037.8655778
5357267,1,2,1,10,2,2,12,1965,55,2,6,,2,3,,2,,1,1,,,,,,,,,,,1,,,1,,,3,,,2,1,2,,3,4,,,2,4,01,18,1037.8655778
5357267,1,3,1,10,3,1,12,2014,6,4,6,,,2,,2,,,,,,,,,,,,,,,,,1,,,3,,,2,2,1,1,3,0,,,2,0,01,18,1037.8655778
5357268,1,1,1,10,1,1,1,1998,23,1,6,,6,2,,2,,,,,,,1,,,,,,,,,1,1,,,3,,,2,1,2,,5,11,2,,2,11,01,18,1638.8997162
5357268,1,2,1,10,2,2,9,1953,67,5,6,,5,3,,2,,,,,,,,,,,,1,,,,,1,,,3,,,2,2,2,,1,0,,,2,0,01,18,1638.8997162
5357268,1,3,1,10,3,1,7,2000,20,5,6,,6,3,,1,2,,,,,,1,,,,,,,,,,1,,,3,,,2,1,2,,5,11,2,,2,11,01,18,1638.8997162
5357268,1,4,1,10,4,2,2,1992,28,5,6,,2,3,,1,2,1,5,,,,,,,,,,,1,,,1,,,3,,,2,1,2,,4,6,,,2,6,01,18,1638.8997162
5357268,1,5,1,10,5,1,1,1991,30,9,6,,2,2,,2,,1,4,,,,1,,,,,,,,,,1,,,3,,,2,1,2,,5,11,2,,2,11,01,18,1638.8997162
5357268,1,6,1,10,6,1,1,2011,10,9,6,,6,1,5,1,4,,,,,,,,,,1,,,,,,1,,,3,,,2,1,1,1,3,4,,,2,4,01,18,1638.8997162
5357270,1,1,1,10,1,1,6,1992,28,1,6,,1,2,,2,,1,2,,,,1,,,,,,,,,1,2,2,,,,,1,1,2,,4,6,,,2,6,01,18,1774.3758375
5357270,1,2,1,10,2,2,6,1988,32,2,6,,1,2,,2,,1,1,,,,,,,,,,,1,,,1,,,3,,,2,1,2,,3,5,,,2,5,01,18,1774.3758375
5357270,1,3,1,10,3,1,2,2007,13,3,6,,6,2,,1,2,,,,,,,,,,1,,,,,,1,,,3,,,2,1,1,1,4,0,,,2,5,01,18,1774.3758375
5357270,1,4,1,10,4,2,7,2013,7,3,6,,,2,,1,2,,,,,,,,,,,,,,,,1,,,3,,,2,2,1,1,3,1,,,2,1,01,18,1774.3758375
5357270,1,5,1,10,2,2,11,2015,5,3,6,,,2,,1,2,,,,,,,,,,,,,,,,1,,,3,,,2,2,1,1,3,0,,,2,0,01,18,1774.3758375
5357271,1,1,1,10,1,1,12,1974,46,1,6,,3,3,,2,,1,2,,,1,1,,,,,,,,,2,1,,,3,,,2,2,2,,1,0,,,2,0,01,18,1701.6278101
5357271,1,2,1,10,2,2,9,1978,42,2,6,,3,3,,2,,1,1,,,,,,,,,1,,,,,1,,,3,,,2,1,2,,3,5,,,2,5,01,18,1701.6278101
5357271,1,3,1,10,3,1,5,1997,23,3,6,,6,1,1,1,2,,,,,,1,,,,,,,,,,1,,,3,,,2,1,2,,6,2,3,,2,13,01,18,1701.6278101
5357271,1,4,1,10,4,2,5,2008,12,3,6,,6,1,1,1,2,,,,,,,,,,1,,,,,,1,,,3,,,2,1,1,1,4,7,,,2,7,01,18,1701.6278101
5357271,1,5,1,10,2,2,2,2017,3,3,6,,,1,1,1,2,,,,,,,,,,,,,,,,1,,,3,,,2,2,2,,1,0,,,2,0,01,18,1701.6278101
5357271,1,6,1,10,6,1,6,2013,7,4,6,,,2,,2,,,,,,,,,,,,,,,,,1,,,3,,,2,1,1,1,3,2,,,2,2,01,18,1701.6278101
5357271,1,7,1,10,2,2,5,2018,2,4,6,,,2,,2,,,,,,,,,,,,,,,,,1,,,3,,,2,,,,,,,,2,,01,18,1701.6278101
5357272,1,1,1,10,1,1,11,1980,40,1,6,,2,2,,2,,1,2,,,,1,,,,,,,,,2,2,1,72,,,,1,1,2,,6,5,4,,2,16,01,18,1486.6705445
5357272,1,2,1,10,2,2,7,1986,34,2,6,,2,3,,2,,1,1,,,,,,,,,,,1,,,1,,,3,,,2,1,2,,6,5,4,,2,16,01,18,1486.6705445
5357272,1,3,1,10,3,1,6,2008,12,3,6,,6,2,,1,2,,,,,,,,,,1,,,,,,1,,,2,5,,2,1,1,1,4,7,,,2,7,01,18,1486.6705445
5357272,1,4,1,10,2,1,5,2018,2,3,6,,,1,1,1,2,,,,,,,,,,,,,,,,1,,,3,,,2,,,,,,,,2,,01,18,1486.6705445
5357273,1,1,1,10,1,2,11,1967,53,1,6,,2,2,,3,,1,2,,,,,,,,,1,,,,2,1,,,3,,,2,1,2,,3,1,,,2,1,01,18,1162.2294013
5357273,1,2,1,10,2,1,11,1960,60,2,6,,2,3,,3,,1,1,,,,1,,,,,,,,,,1,,,3,,,2,1,2,,3,5,,,2,5,01,18,1162.2294013
5357273,1,3,1,10,3,2,5,2011,9,3,6,,,1,2,1,1,,,,,,,,,,,,,,,,1,,,3,,,2,1,1,1,3,4,,,2,4,01,18,1162.2294013
5357274,1,1,1,10,1,1,10,1970,50,1,6,,3,2,,2,,1,2,,,,1,,,,,,,,,1,1,,,3,,,2,1,2,,5,11,2,,2,11,01,18,1962.5457138
5357274,1,2,1,10,2,2,4,1979,41,2,6,,3,2,,2,,1,1,,,,1,,,,,,,,,,1,,,3,,,2,1,2,,3,4,,,2,4,01,18,1962.5457138
5357274,1,3,1,10,3,1,3,2002,18,3,6,,6,1,1,1,2,,,,,,,,,,,,,1,,,1,,,3,,,2,1,2,,5,11,2,,2,11,01,18,1962.5457138
5357274,1,4,1,10,4,1,4,2009,11,3,6,,6,1,1,1,2,,,,,,,,,,1,,,,,,1,,,3,,,2,1,1,1,4,0,,,2,5,01,18,1962.5457138
5357274,1,5,1,10,5,1,11,2012,8,3,6,,,1,1,1,2,,,,,,,,,,,,,,,,1,,,3,,,2,1,1,1,3,2,,,2,2,01,18,1962.5457138
5357274,1,6,1,10,2,2,1,2016,5,3,6,,,1,1,1,2,,,,,,,,,,,,,,,,1,,,3,,,2,2,1,1,3,0,,,2,0,01,18,1962.5457138
5357275,1,1,1,10,1,1,7,1941,79,1,6,,3,3,,3,,1,2,,,,,,,,,1,,,,1,1,,,3,,,2,2,2,,1,0,,,2,0,01,18,955.90616664
5357275,1,2,1,10,2,2,8,1943,77,2,6,,3,3,,3,,1,1,,,,,,,,,1,,,,,1,,,3,,,2,1,2,,3,2,,,2,2,01,18,955.90616664
5357275,1,3,1,10,3,1,3,1964,56,3,6,,4,1,1,1,2,,,,,,1,,,,,,,,,,1,,,3,,,2,1,2,,3,2,,,2,2,01,18,955.90616664
5357276,1,1,1,10,1,1,11,1987,33,1,6,,3,2,,2,,1,2,,,,1,,,,,,,,,2,1,,,1,1,34200,2,1,2,,5,11,2,,2,11,01,18,1313.596523
5357276,1,2,1,10,2,2,2,1987,33,2,6,,3,2,,2,,1,1,,,,,,,,,,,1,,,1,,,1,5,,2,1,2,,5,11,2,,2,11,01,18,1313.596523
5357276,1,3,1,10,3,1,4,2011,9,3,6,,,1,1,1,2,,,,,,,,,,,,,,,,1,,,1,5,,2,1,1,1,3,4,,,2,4,01,18,1313.596523
5357276,1,4,1,10,4,1,5,2012,8,3,6,,,1,1,1,2,,,,,,,,,,,,,,,,1,,,1,5,,2,1,1,1,3,4,,,2,4,01,18,1313.596523
5357277,1,1,1,10,1,1,10,1986,34,1,6,,1,3,,2,,1,2,,,1,1,,,,,,,,,2,1,,,3,,,2,1,2,,5,10,1,,2,10,01,18,1189.3420208
5357277,1,2,1,10,2,2,6,2003,17,2,6,,1,2,,2,,1,1,,,,,,,,1,,,,,,1,,,3,,,2,1,1,1,4,7,,,2,7,01,18,1189.3420208
5357278,1,1,1,10,1,1,8,1943,77,1,6,,4,3,,3,,,,,,,,,,,,,,1,,1,1,,,3,,,2,2,2,,1,0,,,2,0,01,18,1231.7844489
5357279,1,1,1,10,1,2,9,1986,34,1,6,,5,3,,2,,,,,,,1,,,,,,,,,1,1,,,3,,,2,1,2,,4,6,,,2,6,01,18,762.67396949
5357279,1,2,1,10,2,2,1,2004,17,3,6,,6,3,,1,1,,,,,,,,,,1,,,,,,1,,,3,,,2,1,1,1,4,9,,,2,9,01,18,762.67396949
5357280,1,1,1,10,1,1,12,1971,49,1,6,,3,3,,3,,1,2,,,,,,,,,,,1,,2,1,,,3,,,2,1,2,,5,11,2,,2,11,01,18,1871.6759011
5357280,1,2,1,10,2,2,4,1981,39,2,6,,3,2,,2,,1,1,,,,,,,,,,,1,,,1,,,3,,,2,1,2,,5,11,2,,2,11,01,18,1871.6759011
5357280,1,3,1,10,3,1,7,2001,19,3,6,,6,1,1,1,2,,,,,,,,,,,,,1,,,1,,,3,,,2,1,2,,5,11,2,,2,11,01,18,1871.6759011
5357280,1,4,1,10,4,1,10,2005,15,3,6,,6,1,1,1,2,,,,,,,,,,,,,1,,,1,,,3,,,2,1,2,,4,7,,,2,7,01,18,1871.6759011
5357280,1,5,1,10,3,1,9,2016,4,3,6,,,1,1,1,2,,,,,,,,,,,,,,,,1,,,3,,,2,2,1,1,2,0,,,2,0,01,18,1871.6759011
5357280,1,6,1,10,3,1,2,2019,1,3,6,,,1,1,1,2,,,,,,,,,,,,,,,,1,,,3,,,2,,,,,,,,2,,01,18,1871.6759011
5357281,1,1,1,10,1,1,6,1954,66,1,6,,2,3,,3,,1,2,,,,1,,,,,,,,,1,1,,,3,,,2,1,2,,3,1,,,2,1,01,18,1032.2259042
5357281,1,2,1,10,2,2,3,1957,63,2,6,,2,3,,3,,1,1,,,,,,,,,1,,,,,1,,,3,,,2,1,2,,3,1,,,2,1,01,18,1032.2259042
5357281,1,3,1,10,3,2,10,2006,14,4,6,,6,2,,2,,,,,,,,,,,1,,,,,,1,,,3,,,2,1,1,1,4,7,,,2,7,01,18,1032.2259042
5357281,1,4,1,10,4,1,10,2009,11,4,6,,6,2,,2,,,,,,,,,,,1,,,,,,1,,,3,,,2,1,1,1,3,4,,,2,4,01,18,1032.2259042
5357282,1,1,1,10,1,1,1,1995,26,1,6,,2,2,,2,,1,2,,,,,,,,,,,1,,1,1,,,1,4,,2,1,2,,3,2,,,2,2,01,18,1955.6425524
5357282,1,2,1,10,2,2,3,1997,23,2,6,,2,2,,2,,1,1,,,,,,,,,,,1,,,1,,,3,,,2,2,2,,3,1,,,2,1,01,18,1955.6425524
5357282,1,3,1,10,3,1,10,2014,6,3,6,,,1,1,1,2,,,,,,,,,,,,,,,,1,,,3,,,2,1,1,1,3,0,,,2,0,01,18,1955.6425524
5357282,1,4,1,10,2,2,6,2018,2,3,6,,,1,1,1,2,,,,,,,,,,,,,,,,1,,,3,,,2,,,,,,,,2,,01,18,1955.6425524
5357283,1,1,1,10,1,1,3,1970,50,1,6,,3,3,,2,,1,2,,,,,,,,,,,1,,1,1,,,3,,,2,1,2,,3,5,,,2,5,01,18,1853.1244845
5357283,1,2,1,10,2,2,11,1984,36,2,6,,3,2,,2,,1,1,,,,,,,,,,,1,,,1,,,3,,,2,1,2,,3,3,,,2,3,01,18,1853.1244845
5357283,1,3,1,10,3,1,8,2004,16,3,6,,6,1,1,1,2,,,,,,,,,,,,,1,,,1,,,3,,,2,1,2,,4,7,,,2,7,01,18,1853.1244845
5357283,1,4,1,10,4,2,2,2008,12,3,6,,6,1,1,1,2,,,,,,,,,,,,,1,,,1,,,3,,,2,1,2,,3,5,,,2,5,01,18,1853.1244845
5357283,1,5,1,10,2,1,9,2015,5,3,6,,,1,1,1,2,,,,,,,,,,,,,,,,1,,,3,,,2,2,2,,1,0,,,2,0,01,18,1853.1244845
5357283,1,6,1,10,2,1,6,2020,0,3,6,,,1,1,1,2,,,,,,,,,,,,,,,,1,,,3,,,2,,,,,,,,2,,01,18,1853.1244845
5357284,1,1,1,10,1,1,9,1950,70,1,6,,3,3,,3,,1,2,,,,,,,,,,,1,,2,1,,,2,2,360000,2,1,2,,6,7,5,,2,18,01,18,1221.3728261
5357284,1,2,1,10,2,2,1,1954,67,2,6,,3,3,,3,,1,1,,,,,,,,,,,1,,,1,,,2,1,140000,2,1,2,,6,10,5,,2,21,01,18,1221.3728261
5357285,1,1,1,10,1,2,8,1942,78,1,6,,5,3,,3,,,,,,,,,,,,,,1,,2,1,,,1,3,113600,2,1,2,,3,3,,,2,3,01,18,1610.0375636
5357285,1,2,1,10,2,1,12,1968,52,3,6,,3,3,,1,1,2,,,,,,,,,,,,1,,,1,,,1,5,,2,1,2,,4,9,,,2,9,01,18,1610.0375636
5357285,1,3,1,10,3,1,10,1995,25,4,6,,6,1,2,2,,,,,,,,,,,,,,1,,,1,,,1,5,,2,1,2,,6,5,4,,2,16,01,18,1610.0375636
5357286,1,1,1,10,1,1,4,1985,35,1,6,,2,2,,2,,1,2,,,,,,,,,,,1,,1,1,,,3,,,2,1,2,,3,5,,,2,5,01,18,2213.620372
5357286,1,2,1,10,2,2,11,1999,21,2,6,,2,2,,2,,1,1,,,,,,,,,,,1,,,1,,,3,,,2,1,2,,3,5,,,2,5,01,18,2213.620372
5357286,1,3,1,10,2,2,3,2015,5,3,6,,,2,,1,2,,,,,,,,,,,,,,,,1,,,3,,,2,2,2,,1,0,,,2,0,01,18,2213.620372
5357286,1,4,1,10,2,1,7,2018,2,3,6,,,2,,1,2,,,,,,,,,,,,,,,,1,,,3,,,2,,,,,,,,2,,01,18,2213.620372
5357286,1,5,1,10,2,2,1,2020,1,3,6,,,1,1,1,2,,,,,,,,,,,,,,,,1,,,3,,,2,,,,,,,,2,,01,18,2213.620372
5357287,1,1,1,10,1,1,7,1977,43,1,6,,2,3,,2,,1,2,,,,,,,,,,,1,,1,2,1,11,,,,2,1,2,,3,3,,,2,3,01,18,2541.0222481
5357287,1,2,1,10,2,2,10,1987,33,2,6,,2,2,,2,,1,1,,,,,,,,,,,1,,,2,1,11,,,,2,1,2,,4,9,,,2,9,01,18,2541.0222481
5357287,1,3,1,10,3,1,5,2002,18,3,6,,6,1,1,2,,,,,,,,,,,,,,1,,,1,,,3,,,2,1,2,,5,11,2,,2,11,01,18,2541.0222481
5357287,1,4,1,10,4,1,2,2005,15,3,6,,6,2,,1,2,,,,,,,,,,1,,,,,,1,,,3,,,2,1,1,1,4,9,,,2,9,01,18,2541.0222481
5357287,1,5,1,10,5,1,3,2008,12,3,6,,6,1,1,1,2,,,,,,,,,,1,,,,,,2,1,11,,,,2,1,1,1,4,7,,,2,7,01,18,2541.0222481
5357288,1,1,1,10,1,1,11,1986,34,1,6,,2,2,,2,,1,2,,,,,,,,,,,1,,2,1,,,2,2,144000,2,1,2,,3,5,,,2,5,01,18,2074.7389476
5357288,1,2,1,10,2,2,3,1999,21,2,6,,2,2,,2,,1,1,,,,,,,,,,,1,,,1,,,3,,,2,1,2,,3,5,,,2,5,01,18,2074.7389476
5357288,1,3,1,10,3,2,11,2013,7,3,6,,,2,,1,2,,,,,,,,,,,,,,,,1,,,3,,,2,2,1,1,3,1,,,2,1,01,18,2074.7389476
5357288,1,4,1,10,2,2,7,2019,1,3,6,,,1,1,1,2,,,,,,,,,,,,,,,,1,,,3,,,2,,,,,,,,2,,01,18,2074.7389476
5357289,1,1,1,10,1,1,12,1992,28,1,6,,2,2,,3,,1,2,,,,,,,1,,,,,,1,1,,,3,,,2,2,2,,1,0,,,2,0,01,18,1467.6226117
5357289,1,2,1,10,2,2,4,1992,28,2,6,,2,2,,2,,1,1,,,,,,,1,,,,,,,1,,,3,,,2,1,2,,5,10,1,,2,10,01,18,1467.6226117
5357289,1,3,1,10,3,2,11,2010,10,3,6,,6,2,,1,2,,,,,,,,,,1,,,,,,1,,,3,,,2,1,1,1,3,3,,,2,3,01,18,1467.6226117
5357289,1,4,1,10,2,2,3,2015,5,3,6,,,1,1,1,2,,,,,,,,,,,,,,,,1,,,3,,,2,2,1,1,3,0,,,2,0,01,18,1467.6226117
5357290,1,1,1,10,1,2,12,1961,59,1,6,,5,3,,2,,,,,,,,,,,,,,1,,2,1,,,3,,,2,1,2,,3,2,,,2,2,01,18,1610.0375636
5357290,1,2,1,10,2,1,10,1989,31,3,6,,6,3,,1,1,,,,,,,,,,,,,1,,,1,,,3,,,2,1,2,,5,11,2,,2,11,01,18,1610.0375636
5357290,1,3,1,10,3,1,4,1991,29,3,6,,6,3,,1,1,,,,,,,,,,,,,1,,,1,,,3,,,2,1,2,,3,5,,,2,5,01,18,1610.0375636
5357291,1,1,1,10,1,1,5,1967,53,1,6,,1,3,,3,,1,2,1,,,1,,,1,,,,,,1,1,,,3,,,2,1,2,,4,6,,,2,6,01,18,1443.8717176
5357291,1,2,1,10,2,2,10,1973,47,2,6,,1,2,,3,,1,1,,,,,,,,,,,1,,,1,,,3,,,2,1,2,,3,5,,,2,5,01,18,1443.8717176
5358856,1,1,1,10,1,1,3,1993,27,1,6,,2,2,,2,,1,2,,1,,,,,,,,,,,2,2,1,60,,,,2,1,2,,3,2,,,2,2,01,41,1090.6523402
5358856,1,2,1,10,2,2,12,1989,31,2,6,,2,3,,2,,1,1,,,,,,,,,,,1,,,1,,,3,,,2,1,2,,5,11,2,,2,11,01,41,1090.6523402
5358937,1,1,1,10,1,1,11,1978,42,1,6,,3,3,,2,,1,2,,,,,,,,,,,1,,2,1,,,3,,,2,1,2,,3,4,,,2,4,01,66,714.99765408
5358937,1,2,1,10,2,2,8,1979,41,2,6,,3,2,,2,,1,1,,,,,,,,,,,1,,,1,,,3,,,2,1,2,,5,11,2,,2,11,01,66,714.99765408
5358937,1,3,1,10,3,2,12,2004,16,3,6,,6,2,,1,2,,,,,,,,,,1,,,,,,1,,,3,,,2,1,1,1,6,0,2,2,2,11,01,66,714.99765408
5358938,1,1,1,10,1,1,12,1978,42,1,6,,3,2,,2,,1,2,,,,,,,,,,,1,,1,1,,,3,,,2,1,2,,3,3,,,2,3,01,66,714.99765408
5358938,1,2,1,10,2,2,2,1967,53,2,6,,3,2,,2,,1,1,,,,,,,,,,,1,,,1,,,3,,,2,1,2,,3,5,,,2,5,01,66,714.99765408
5358938,1,3,1,10,3,2,2,2008,12,3,6,,6,1,1,1,2,,,,,,,,,,1,,,,,,1,,,3,,,2,1,1,1,4,7,,,2,7,01,66,714.99765408
5358939,1,1,1,10,1,1,1,1969,52,1,6,,2,3,,2,,1,2,,,,,,,,,,,1,,2,1,,,3,,,2,1,2,,3,5,,,2,5,01,66,797.08777945
5358939,1,2,1,10,2,2,1,1991,30,2,6,,2,2,,2,,1,1,,,,,,,,,,,1,,,1,,,3,,,2,1,2,,3,4,,,2,4,01,66,797.08777945
5358939,1,3,1,10,3,2,7,2007,13,3,6,,6,1,1,1,2,,,,,,,,,,1,,,,,,1,,,3,,,2,1,1,1,4,7,,,2,7,01,66,797.08777945
5358939,1,4,1,10,4,1,3,2015,5,3,6,,,1,1,1,2,,,,,,,,,,,,,,,,1,,,3,,,2,2,1,1,2,1,,,2,0,01,66,797.08777945
5358940,1,1,1,10,1,1,11,1971,49,1,6,,2,3,,3,,1,2,,,,,,,,,,,1,,2,1,,,3,,,2,1,2,,3,2,,,2,2,01,66,1069.6128189
5358940,1,2,1,10,2,2,9,1972,48,2,6,,2,3,,2,,1,1,,,,,,,,,,,1,,,1,,,3,,,2,1,2,,4,8,,,2,8,01,66,1069.6128189
5358940,1,3,1,10,3,1,11,2004,16,3,6,,6,1,1,1,2,,,,,,,,,,1,,,,,,1,,,3,,,2,1,1,1,5,10,1,,2,10,01,66,1069.6128189
5358941,1,1,1,10,1,1,2,1962,58,1,6,,6,3,,3,,,,,,,,,,,,,,1,,2,1,,,3,,,2,1,2,,3,5,,,2,5,01,66,954.24623955
5358942,1,1,1,10,1,1,4,1981,39,1,6,,2,3,,2,,1,2,,,,1,,,,,,,,,2,1,,,3,,,2,1,2,,3,2,,,2,2,01,66,1013.2559363
5358942,1,2,1,10,2,2,2,1988,32,2,6,,2,2,,2,,1,1,,,,1,,,,,,,,,,1,,,3,,,2,1,2,,3,5,,,2,5,01,66,1013.2559363
5358942,1,3,1,10,3,2,3,2006,14,3,6,,6,1,1,1,2,,,,,,,,,,1,,,,,,1,,,3,,,2,1,1,1,4,9,,,2,9,01,66,1013.2559363
5358942,1,4,1,10,2,1,3,2010,10,3,6,,6,1,1,1,2,,,,,,,,,,1,,,,,,1,,,3,,,2,1,1,1,4,0,,,2,5,01,66,1013.2559363
5358942,1,5,1,10,2,1,8,2016,4,3,6,,,1,1,1,2,,,,,,,,,,,,,,,,1,,,3,,,2,2,2,,1,0,,,2,0,01,66,1013.2559363
5358943,1,1,1,10,1,1,11,1972,48,1,6,,6,3,,3,,,,,,,,,,,,,,1,,2,1,,,3,,,2,1,2,,3,5,,,2,5,01,66,1059.8136901
5358944,1,1,1,10,1,1,2,1987,33,1,6,,2,2,,2,,1,2,,,,1,,,1,,,,,,2,1,,,3,,,2,1,2,,3,5,,,2,5,01,66,1147.3339678
5358944,1,2,1,10,2,2,10,1976,44,2,6,,2,2,,2,,1,1,,,,,,,,,,,1,,,1,,,3,,,2,1,2,,3,5,,,2,5,01,66,1147.3339678
5358944,1,3,1,10,3,1,7,1999,21,3,6,,6,2,,1,2,,,,,,1,,,,,,,,,,1,,,3,,,2,1,2,,5,11,2,,2,11,01,66,1147.3339678
5358944,1,4,1,10,4,1,7,2006,14,3,6,,6,2,,1,2,,,,,,,,,,1,,,,,,1,,,3,,,2,1,1,1,4,8,,,2,8,01,66,1147.3339678
5358944,1,5,1,10,5,2,7,1998,22,9,6,,6,2,,2,,,,,,,,,,1,,,,,,,1,,,3,,,2,1,2,,5,11,2,,2,11,01,66,1147.3339678
5358945,1,1,1,10,1,1,5,1990,30,1,6,,3,2,,2,,1,2,,,,,,,,,,,1,,2,1,,,3,,,2,1,2,,5,10,1,,2,10,01,66,1005.9303644
5358945,1,2,1,10,2,2,10,1993,27,2,6,,3,2,,2,,1,1,,,,,,,,,,,1,,,1,,,3,,,2,1,2,,5,11,2,,2,11,01,66,1005.9303644
5358945,1,3,1,10,2,2,1,2020,1,3,6,,,1,1,1,2,,,,,,,,,,,,,,,,1,,,3,,,2,,,,,,,,2,,01,66,1005.9303644
5358946,1,1,1,10,1,2,12,1969,51,1,6,,4,2,,2,,,,,,,,,,,,,,1,,2,1,,,3,,,2,1,2,,3,4,,,2,4,01,66,600.63202004
5358946,1,2,1,10,1,2,9,1994,26,3,6,,6,2,,1,1,,,,,,,,,,,,,1,,,1,,,3,,,2,2,2,,1,0,,,2,0,01,66,600.63202004
5358946,1,3,1,10,3,2,7,1996,24,3,6,,6,2,,1,1,,,,,,,,,,,,,1,,,1,,,3,,,2,1,2,,5,11,2,,2,11,01,66,600.63202004
5358946,1,4,1,10,4,1,4,2002,18,3,6,,6,2,,1,1,,,,,,,,,,,,,1,,,1,,,3,,,2,1,2,,4,7,,,2,7,01,66,600.63202004
5358947,1,1,1,10,1,1,12,1996,24,1,6,,3,2,,2,,1,2,,,,,,,,,,,1,,2,1,,,1,5,,2,1,2,,5,11,2,,2,11,01,66,945.44805609
5358947,1,2,1,10,2,2,5,1986,34,2,6,,3,2,,2,,1,1,,,,,,,,,,,1,,,1,,,1,3,95000,2,1,2,,6,5,4,,2,16,01,66,945.44805609
5358948,1,1,1,10,1,1,8,1970,50,1,6,,2,3,,3,,1,2,,,,,,,,,,,1,,2,1,,,3,,,2,1,2,,3,2,,,2,2,01,66,921.36668218
5358948,1,2,1,10,2,2,1,1998,23,2,6,,2,2,,2,,1,1,,,,,,,,,,,1,,,1,,,3,,,2,1,2,,5,11,2,,2,11,01,66,921.36668218
5358949,1,1,1,10,1,1,3,1945,75,1,6,,3,3,,3,,1,2,,,,,,,,,,,1,,1,1,,,3,,,2,1,2,,3,3,,,2,3,01,66,721.92986823
5358949,1,2,1,10,2,2,1,1947,74,2,6,,3,3,,3,,1,1,,,,,,,,,,,1,,,1,,,3,,,2,1,2,,3,4,,,2,4,01,66,721.92986823
5358950,1,1,1,10,1,1,10,1959,61,1,6,,3,2,,2,,1,2,,,,,,,,,,,1,,2,1,,,3,,,2,1,2,,3,1,,,2,1,01,66,721.92986823
5358950,1,2,1,10,2,2,10,1962,58,2,6,,3,2,,2,,1,1,,,,,,,,,,,1,,,1,,,3,,,2,1,2,,4,7,,,2,7,01,66,721.92986823
5358951,1,1,1,10,1,2,12,1954,66,1,6,,3,3,,3,,1,2,,,,,,,,,,,1,,2,1,,,1,2,105339,2,1,2,,3,1,,,2,1,01,66,721.92986823
5358951,1,2,1,10,2,1,11,1952,68,2,6,,3,3,,3,,1,1,,,,1,,,,,,,,,,1,,,1,5,,2,2,2,,1,0,,,2,0,01,66,721.92986823
5358952,1,1,1,10,1,1,9,1943,77,1,6,,3,2,,2,,1,2,,,,,,,,,,,1,,1,1,,,3,,,2,1,2,,3,3,,,2,3,01,66,721.92986823
5358952,1,2,1,10,2,2,4,1948,72,2,6,,3,2,,2,,1,1,,,,,,,,,,,1,,,1,,,3,,,2,1,2,,3,4,,,2,4,01,66,721.92986823
5358953,1,1,1,10,1,1,6,1994,26,1,6,,2,2,,2,,1,2,,,,,,,,,,,1,,2,1,,,3,,,2,1,2,,3,5,,,2,5,01,66,921.36668218
5358953,1,2,1,10,2,2,9,2002,18,2,6,,2,2,,2,,1,1,,,,,,,,,,,1,,,1,,,3,,,2,1,2,,4,7,,,2,7,01,66,921.36668218
5358954,1,1,1,10,1,1,3,1957,63,1,6,,3,3,,3,,1,2,,,,,,,,,,,1,,1,1,,,3,,,2,2,2,,1,0,,,2,0,01,66,721.92986823
5358954,1,2,1,10,2,2,1,1962,59,2,6,,3,3,,3,,1,1,,,,,,,,,,,1,,,1,,,3,,,2,1,2,,3,3,,,2,3,01,66,721.92986823
5358955,1,1,1,10,1,2,6,1978,42,1,6,,4,2,,2,,,,,,,,,,,,,,1,,1,1,,,3,,,2,1,2,,4,8,,,2,8,01,66,945.44805609
5358955,1,2,1,10,2,1,5,2004,16,3,6,,6,2,,1,1,,,,,,1,,,,,,,,,,1,,,3,,,2,1,2,,4,7,,,2,7,01,66,945.44805609
5358956,1,1,1,10,1,2,1,1974,47,1,6,,6,2,,3,,,,,,,,,,,,,,1,,2,1,,,3,,,2,1,2,,3,4,,,2,4,01,66,931.16581093
5358956,1,2,1,10,2,1,10,1992,28,3,6,,6,2,,1,1,,,,,,,,,,,,,1,,,1,,,3,,,2,1,2,,5,11,2,,2,11,01,66,931.16581093
5358956,1,3,1,10,1,2,6,1997,23,3,6,,6,2,,1,1,,,,,,,,,,,,,1,,,1,,,3,,,2,2,2,,1,0,,,2,0,01,66,931.16581093
5358956,1,4,1,10,4,1,3,2007,13,3,6,,6,2,,1,1,,,,,,,,,,1,,,,,,1,,,3,,,2,1,1,1,4,6,,,2,6,01,66,931.16581093
5358957,1,1,1,10,1,1,7,1985,35,1,6,,6,2,,2,,,,,,,,,,,,,,1,,2,1,,,3,,,2,1,2,,5,11,2,,2,11,01,66,1059.8136901
5358958,1,1,1,10,1,1,1,1978,43,1,6,,1,2,,2,,1,2,,,,,,,,,,,1,,2,1,,,3,,,2,1,2,,3,2,,,2,2,01,66,1003.4568075
5358958,1,2,1,10,2,2,1,1998,23,2,6,,1,2,,2,,1,1,,,,,,,,,1,,,,,1,,,3,,,2,1,2,,4,6,,,2,6,01,66,1003.4568075
5358958,1,3,1,10,1,1,3,2014,6,3,6,,,1,1,2,,,,,,,,,,,,,,,,,1,,,3,,,2,2,1,1,2,1,,,2,0,01,66,1003.4568075
5358960,1,1,1,10,1,1,6,1953,67,1,6,,3,3,,3,,1,2,,,,,,,,,,,1,,2,1,,,3,,,2,1,2,,3,4,,,2,4,01,66,721.92986823
5358960,1,2,1,10,2,2,6,1958,62,2,6,,3,3,,3,,1,1,,,,,,,,,,,1,,,1,,,3,,,2,1,2,,3,3,,,2,3,01,66,721.92986823
5358961,1,1,1,10,1,1,12,1972,48,1,6,,4,2,,2,,,,,,,,,,,,,,1,,2,1,,,3,,,2,1,2,,3,4,,,2,4,01,66,1059.8136901
5358962,1,1,1,10,1,1,2,1999,21,1,6,,6,2,,2,,,,,,,,,,,,,,1,,2,1,,,3,,,2,1,2,,5,11,2,,2,11,01,66,1151.8170842
5358963,1,1,1,10,1,2,8,1962,58,1,6,,4,3,,3,,,,,,,,,,,,1,,,,1,1,,,3,,,2,1,2,,3,2,,,2,2,01,66,564.88554806
5358963,1,2,1,10,1,2,5,2008,12,4,6,,6,2,,2,,,,,,,,,,,1,,,,,,1,,,3,,,2,1,1,1,4,6,,,2,6,01,66,564.88554806
5358964,1,1,1,10,1,1,1,1980,41,1,6,,2,3,,3,,1,2,,,,,,,,,,,1,,2,1,,,3,,,2,1,2,,3,5,,,2,5,01,66,853.44466204
5358964,1,2,1,10,2,2,1,1980,41,2,6,,2,3,,2,,1,1,,,,,,,,,,,1,,,1,,,3,,,2,1,2,,3,5,,,2,5,01,66,853.44466204
5358965,1,1,1,10,1,2,7,1954,66,1,6,,3,3,,3,,1,2,,,,,,,,,,,1,,2,1,,,3,,,2,1,2,,3,2,,,2,2,01,66,467.82446367
5358965,1,2,1,10,2,1,3,1946,74,2,6,,3,3,,3,,1,1,,,,,,,,,1,,,,,1,,,3,,,2,2,2,,1,0,,,2,0,01,66,467.82446367
5358965,1,3,1,10,3,2,11,1988,32,3,6,,6,1,2,1,1,,,,,,,,,,,,,1,,,1,,,3,,,2,1,2,,3,2,,,2,2,01,66,467.82446367
5358965,1,4,1,10,4,2,4,1992,28,3,6,,6,1,2,1,1,,,,,,,,,,,,,1,,,1,,,3,,,2,1,2,,3,4,,,2,4,01,66,467.82446367
5358965,1,5,1,10,4,1,1,2014,7,4,6,,,2,,1,4,,,,,,,,,,,,,,,,1,,,3,,,2,1,1,1,3,1,,,2,1,01,66,467.82446367
5358965,1,6,1,10,6,2,6,2001,19,3,6,,6,1,2,1,1,,,,,,,,,,,,,1,,,1,,,3,,,2,1,2,,4,6,,,2,6,01,66,467.82446367
5358966,1,1,1,10,1,1,2,1947,73,1,6,,3,3,,3,,1,2,,,,,,,,,,,1,,2,1,,,3,,,2,1,2,,3,5,,,2,5,01,66,740.52718045
5358966,1,2,1,10,2,2,11,1955,65,2,6,,3,3,,3,,1,1,,,,,,,,,,,1,,,1,,,3,,,2,1,2,,3,4,,,2,4,01,66,740.52718045
5358966,1,3,1,10,3,1,11,1950,70,5,6,,6,3,,3,,,,,,,,,,,,,,1,,,1,,,3,,,2,1,2,,3,2,,,2,2,01,66,740.52718045
5358967,1,1,1,10,1,2,2,1956,64,1,6,,5,2,,2,,,,,,,,,,,,1,,,,2,2,1,12,,,,2,1,2,,3,2,,,2,2,01,66,915.01759647
5358967,1,2,1,10,2,2,8,1990,30,3,6,,6,2,,1,1,,,,,,,,,1,,1,,,,,2,1,12,,,,2,1,2,,6,1,3,,2,12,01,66,915.01759647
5358967,1,3,1,10,3,1,10,1993,27,3,6,,6,2,,1,1,,,,,,,,,,,,,1,,,1,,,3,,,2,1,2,,3,5,,,2,5,01,66,915.01759647
5358967,1,4,1,10,4,1,7,1997,23,3,6,,6,2,,1,1,,,,,,,,,,,,,1,,,1,,,3,,,2,1,2,,3,5,,,2,5,01,66,915.01759647
5358967,1,5,1,10,5,1,6,2000,20,3,6,,6,2,,1,1,,,,,,,,,,,,,1,,,1,,,3,,,2,1,2,,4,6,,,2,6,01,66,915.01759647
5358967,1,6,1,10,6,2,6,2003,17,3,6,,6,2,,1,1,,,,,,,,,,1,,,,,,1,,,3,,,2,1,1,1,5,10,1,,2,10,01,66,915.01759647
5358968,1,1,1,10,1,2,2,1990,30,1,6,,2,2,,2,,1,2,,,,,,,,,1,,,,2,1,,,3,,,2,1,2,,3,5,,,2,5,01,66,1222.0985213
5358968,1,2,1,10,2,1,5,1982,38,2,6,,2,2,,2,,1,1,,,,1,,,,,,,,,,1,,,3,,,2,1,2,,5,11,2,,2,11,01,66,1222.0985213
5358968,1,3,1,10,3,1,2,2008,12,3,6,,6,1,2,1,1,,,,,,,,,,1,,,,,,1,,,3,,,2,1,1,1,4,7,,,2,7,01,66,1222.0985213
5358968,1,4,1,10,1,2,3,2011,9,3,6,,,1,2,1,1,,,,,,,,,,,,,,,,1,,,3,,,2,1,1,1,3,4,,,2,4,01,66,1222.0985213
5358970,1,1,1,10,1,1,6,1967,53,1,6,,2,2,,2,,1,2,,,,,,,,,,,1,,2,1,,,3,,,2,1,2,,3,3,,,2,3,01,66,595.1809475
5358970,1,2,1,10,2,2,9,1947,73,2,6,,2,2,,2,,1,1,,,,,,,,,,,1,,,1,,,3,,,2,1,2,,3,1,,,2,1,01,66,595.1809475
5358970,1,3,1,10,3,2,2,1951,69,5,6,,6,2,,2,,,,,,,,,,,,,,1,,,1,,,3,,,2,2,2,,1,0,,,2,0,01,66,595.1809475
5358971,1,1,1,10,1,2,7,1960,60,1,6,,4,2,,2,,,,,,,,,,,,,,1,,1,1,,,3,,,2,1,2,,3,5,,,2,5,01,66,621.12829073
5358971,1,2,1,10,2,2,3,1983,37,3,6,,2,2,,1,1,1,3,,,,1,,,,,,,,,,1,,,3,,,2,1,2,,3,4,,,2,4,01,66,621.12829073
5358971,1,3,1,10,3,1,10,1968,52,5,6,,2,2,,2,,1,2,,,,,,,,,,,1,,,1,,,3,,,2,1,1,2,3,2,,,2,2,01,66,621.12829073
5358972,1,1,1,10,1,1,9,1984,36,1,6,,2,2,,2,,1,2,,1,,1,,,,,,,,,2,1,,,3,,,2,1,2,,3,5,,,2,5,01,66,1367.8711011
5358972,1,2,1,10,2,2,8,1987,33,2,6,,2,3,,2,,1,1,,,,,,,,,1,,,,,1,,,3,,,2,1,2,,4,9,,,2,9,01,66,1367.8711011
5358972,1,3,1,10,3,1,7,2006,14,3,6,,6,1,1,1,2,,,,,,,,,,1,,,,,,1,,,3,,,2,1,1,1,4,8,,,2,8,01,66,1367.8711011
5358972,1,4,1,10,2,1,11,2009,11,3,6,,6,1,1,1,2,,,,,,,,,,1,,,,,,1,,,3,,,2,1,1,1,4,0,,,2,5,01,66,1367.8711011
5358972,1,5,1,10,2,1,9,2013,7,3,6,,,1,1,1,2,,,,,,,,,,,,,,,,1,,,3,,,2,1,1,1,3,1,,,2,1,01,66,1367.8711011
5358973,1,1,1,10,1,1,5,1960,60,1,1,282_01,3,3,,3,,1,2,,,,,,,,,,,1,,2,1,,,3,,,2,2,2,,1,0,,,2,0,01,66,721.92986823
5358973,1,2,1,10,2,2,12,1960,60,2,1,282_01,3,3,,3,,1,1,,,,,,,,,,,1,,,1,,,3,,,2,2,2,,1,0,,,2,0,01,66,721.92986823
5358974,1,1,1,10,1,1,10,1965,55,1,6,,2,3,,3,,1,2,,,,,,,,,,,1,,2,1,,,3,,,2,1,2,,3,5,,,2,5,01,66,687.15135238
5358974,1,2,1,10,2,2,4,1989,31,2,6,,2,3,,2,,1,1,,,,,,,,,,,1,,,1,,,3,,,2,1,2,,3,5,,,2,5,01,66,687.15135238
5358974,1,3,1,10,3,1,1,2004,17,3,6,,6,1,1,1,2,,,,,,,,,,1,,,,,,1,,,3,,,2,1,1,1,4,9,,,2,9,01,66,687.15135238
5358974,1,4,1,10,4,2,8,2005,15,3,6,,6,1,1,1,2,,,,,,,,,,1,,,,,,1,,,3,,,2,1,1,1,4,6,,,2,6,01,66,687.15135238
5358974,1,5,1,10,5,2,1,2010,11,3,6,,6,1,1,1,2,,,,,,,,,,1,,,,,,1,,,3,,,2,1,1,1,3,5,,,2,5,01,66,687.15135238
5358975,1,1,1,10,1,1,6,1967,53,1,6,,3,3,,2,,2,,,,,1,,,,,,,,,1,1,,,3,,,2,1,2,,4,8,,,2,8,01,66,1183.9784529
5358975,1,2,1,10,2,1,1,1968,53,8,6,,4,2,,2,,,,,,,1,,,,,,,,,,1,,,3,,,2,2,2,,1,0,,,2,0,01,66,1183.9784529
5358976,1,1,1,10,1,1,5,1974,46,1,6,,2,3,,3,,1,2,,,,,,,,,,,1,,2,1,,,3,,,2,1,2,,3,5,,,2,5,01,66,1069.6128189
5358976,1,2,1,10,2,2,12,1973,47,2,6,,2,2,,2,,1,1,,,,,,,,,,,1,,,1,,,3,,,2,1,2,,4,9,,,2,9,01,66,1069.6128189
5358976,1,3,1,10,3,1,7,2009,11,3,6,,6,1,1,1,2,,,,,,,,,,1,,,,,,1,,,3,,,2,1,1,1,4,6,,,2,6,01,66,1069.6128189
5358977,1,1,1,10,1,1,2,1982,38,1,6,,2,2,,2,,1,2,,,,,,,,,,,1,,2,1,,,3,,,2,1,2,,3,5,,,2,5,01,66,576.55064612
5358977,1,2,1,10,2,2,9,1984,36,2,6,,2,2,,2,,1,1,,,,,,,,,,,1,,,1,,,3,,,2,1,2,,3,4,,,2,4,01,66,576.55064612
5358977,1,3,1,10,3,2,10,2008,12,3,6,,6,1,1,1,2,,,,,,,,,,1,,,,,,1,,,3,,,2,1,1,1,4,0,,,2,5,01,66,576.55064612
5358977,1,4,1,10,4,2,12,2009,11,3,6,,6,1,1,1,2,,,,,,,,,,1,,,,,,1,,,3,,,2,1,1,1,3,4,,,2,4,01,66,576.55064612
5358978,1,1,1,10,1,1,4,1999,21,1,6,,2,3,,2,,1,2,,,,,,,,,,,1,,2,1,,,3,,,2,1,2,,4,9,,,2,9,01,66,1095.4602016
5358978,1,2,1,10,2,2,12,1997,23,2,6,,2,2,,2,,1,1,,,,,,,,,1,,,,,1,,,3,,,2,1,2,,4,6,,,2,6,01,66,1095.4602016
5358978,1,3,1,10,2,1,8,2019,1,3,6,,,1,1,1,2,,,,,,,,,,,,,,,,1,,,3,,,2,,,,,,,,2,,01,66,1095.4602016
5358979,1,1,1,10,1,2,12,1958,62,1,6,,4,3,,3,,,,,,,1,,,,,,,,,2,1,,,3,,,2,1,2,,3,5,,,2,5,01,66,703.33255602
5358980,1,1,1,10,1,1,8,1978,42,1,6,,2,2,,2,,1,2,,,,,,,,,,,1,,2,1,,,1,1,35112,2,1,2,,3,5,,,2,5,01,66,647.07563395
5358980,1,2,1,10,2,2,12,1966,54,2,6,,2,3,,3,,1,1,,,,,,,,,,,1,,,1,,,1,1,35112,2,1,2,,4,7,,,2,7,01,66,647.07563395
5358980,1,3,1,10,3,2,9,1989,31,3,6,,6,2,,1,2,,,,,,,,,,,,,1,,,1,,,3,,,2,1,2,,5,11,2,,2,11,01,66,647.07563395
5358981,1,1,1,10,1,1,12,1998,22,1,6,,2,2,,2,,1,2,,,,,,,,,,,1,,2,1,,,3,,,2,1,2,,4,8,,,2,8,01,66,1165.8557786
5358981,1,2,1,10,2,2,1,1998,23,2,6,,2,3,,2,,1,1,,,,,,,,,,,1,,,1,,,3,,,2,1,2,,3,4,,,2,4,01,66,1165.8557786
5358981,1,3,1,10,1,2,11,2017,3,3,6,,,1,1,1,2,,,,,,,,,,,,,,,,1,,,3,,,2,2,2,,1,0,,,2,0,01,66,1165.8557786
5358982,1,1,1,10,1,2,2,1950,70,1,6,,2,3,,3,,1,2,,,,,,,,,,,1,,2,1,,,3,,,2,1,2,,3,5,,,2,5,01,66,721.92986823
5358982,1,2,1,10,2,1,3,1940,80,2,6,,2,3,,3,,1,1,,,,,,,,,,,1,,,1,,,3,,,2,1,2,,4,7,,,2,7,01,66,721.92986823
5358983,1,1,1,10,1,1,2,1948,72,1,6,,4,3,,3,,,,,,,,,,,,1,,,,1,1,,,3,,,2,1,2,,3,5,,,2,5,01,66,954.24623955
5358984,1,1,1,10,1,1,12,1973,47,1,6,,6,2,,2,,,,,,,,,,,,,,1,,2,1,,,3,,,2,1,2,,3,4,,,2,4,01,66,1059.8136901
5358985,1,1,1,10,1,1,12,1993,27,1,6,,2,2,,2,,1,2,,,,,,,1,,,,,,1,1,,,3,,,2,1,2,,4,6,,,2,6,01,66,1003.4568075
5358985,1,2,1,10,2,2,7,1997,23,2,6,,2,2,,2,,1,1,,,,,,,,,,,1,,,1,,,3,,,2,1,2,,4,9,,,2,9,01,66,1003.4568075
5358985,1,3,1,10,2,1,3,2020,0,3,6,,,1,1,1,2,,,,,,,,,,,,,,,,1,,,3,,,2,,,,,,,,2,,01,66,1003.4568075
5358986,1,1,1,10,1,1,1,1980,41,1,6,,3,2,,2,,1,2,,,,,,,,,,,1,,2,1,,,3,,,2,1,2,,4,6,,,2,6,01,66,1005.9303644
5358986,1,2,1,10,2,2,1,1980,41,2,6,,3,2,,2,,1,1,,,,,,,,,,,1,,,1,,,3,,,2,1,2,,4,9,,,2,9,01,66,1005.9303644
5358986,1,3,1,10,2,2,11,2013,7,3,6,,,1,1,1,2,,,,,,,,,,,,,,,,1,,,3,,,2,1,1,1,3,2,,,2,2,01,66,1005.9303644
5358987,1,1,1,10,1,1,5,1929,91,1,6,,5,3,,3,,,,,,,,,,,,,,1,,1,1,,,3,,,2,1,2,,3,4,,,2,4,01,66,954.24623955
5358988,1,1,1,10,1,1,6,1990,30,1,6,,2,2,,2,,1,2,,,,,,,,,,,1,,2,1,,,3,,,2,1,2,,3,3,,,2,3,01,66,1003.4568075
5358988,1,2,1,10,2,2,9,1997,23,2,1,282_01,2,2,,2,,1,1,,,,,,,,,,,1,,,1,,,3,,,2,1,2,,3,3,,,2,3,01,66,1003.4568075
5358988,1,3,1,10,2,1,5,2014,6,3,1,282_01,,2,,1,2,,,,,,,,,,,,,,,,1,,,3,,,2,2,2,,1,0,,,2,0,01,66,1003.4568075
5358989,1,1,1,10,1,1,8,1979,41,1,6,,4,3,,2,,,,,,,1,,,,,,,,,2,1,,,3,,,2,1,2,,3,5,,,2,5,01,66,1353.7029959
5358989,1,2,1,10,2,1,1,2005,16,3,6,,6,1,1,2,,,,,,,,,,,1,,,,,,1,,,3,,,2,1,1,1,4,8,,,2,8,01,66,1353.7029959
5358989,1,3,1,10,3,2,11,2006,14,3,6,,6,1,1,2,,,,,,,,,,,1,,,,,,1,,,3,,,2,1,1,1,4,7,,,2,7,01,66,1353.7029959
5358989,1,4,1,10,4,1,9,2008,12,3,6,,6,1,1,2,,,,,,,,,,,1,,,,,,1,,,3,,,2,1,1,1,3,4,,,2,4,01,66,1353.7029959
5358990,1,1,1,10,1,1,9,1961,59,1,6,,5,3,,2,,,,,,,,,,,,,,1,,2,1,,,1,5,,2,1,2,,4,7,,,2,7,01,66,1078.4110023
5358990,1,2,1,10,2,1,1,1988,33,3,6,,6,2,,3,,,,,,,,,,,,,,1,,,1,,,3,,,2,1,2,,5,11,2,,2,11,01,66,1078.4110023
5358991,1,1,1,10,1,1,3,1958,62,1,6,,3,3,,3,,1,2,,,,1,,,,,,,,,2,1,,,3,,,2,1,2,,3,4,,,2,4,01,66,597.65096551
5358991,1,2,1,10,2,2,11,1962,58,2,6,,3,3,,2,,1,1,,,,,,,,,,,1,,,1,,,3,,,2,1,2,,3,4,,,2,4,01,66,597.65096551
5358991,1,3,1,10,3,2,11,1994,26,3,6,,6,1,1,1,2,,,,,,,,,,,,,1,,,1,,,3,,,2,1,2,,6,2,3,,2,13,01,66,597.65096551
5358991,1,4,1,10,3,1,7,2014,6,4,6,,,2,,1,3,,,,,,,,,,,,,,,,1,,,3,,,2,1,1,1,3,0,,,2,0,01,66,597.65096551
5358992,1,1,1,10,1,2,7,1991,29,1,6,,4,2,,2,,,,,,,,,,,,,,1,,2,1,,,3,,,2,1,2,,5,11,2,,2,11,01,66,963.855727
5358992,1,2,1,10,1,1,10,2012,8,3,6,,,2,,1,1,,,,,,,,,,,,,,,,1,,,3,,,2,1,1,1,3,3,,,2,3,01,66,963.855727
5358992,1,3,1,10,1,2,7,2016,4,3,6,,,2,,1,1,,,,,,,,,,,,,,,,1,,,3,,,2,2,2,,1,0,,,2,0,01,66,963.855727
5358993,1,1,1,10,1,2,8,1944,76,1,6,,4,3,,3,,,,,,,,,,,,,,1,,2,1,,,3,,,2,1,2,,3,3,,,2,3,01,66,703.33255602
5358994,1,1,1,10,1,2,3,1956,64,1,6,,3,3,,2,,1,2,,,,,,,,,,,1,,2,1,,,3,,,2,1,2,,3,4,,,2,4,01,66,827.49731882
5358994,1,2,1,10,2,1,2,1976,44,2,6,,3,2,,2,,1,1,,,,,,,,,,,1,,,1,,,3,,,2,1,2,,3,5,,,2,5,01,66,827.49731882
5358995,1,1,1,10,1,1,9,1947,73,1,6,,3,2,,2,,1,2,,,,,,,,,,,1,,1,1,,,3,,,2,2,2,,1,0,,,2,0,01,66,721.92986823
5358995,1,2,1,10,2,2,8,1958,62,2,6,,3,3,,3,,1,1,,,,,,,,,,,1,,,1,,,3,,,2,1,2,,3,2,,,2,2,01,66,721.92986823
5358996,1,1,1,10,1,1,8,1971,49,1,6,,3,3,,2,,1,2,,,,,,,,,,,1,,2,1,,,2,2,180000,2,1,2,,5,11,2,,2,11,01,66,1069.6128189
5358996,1,2,1,10,2,2,8,1984,36,2,6,,3,2,,2,,1,1,,,,,,,,,,,1,,,1,,,2,5,,2,1,2,,5,11,2,,2,11,01,66,1069.6128189
5358996,1,3,1,10,3,1,6,2000,20,3,6,,6,1,1,1,2,,,,,,,,,,,,,1,,,1,,,3,,,2,1,2,,5,11,2,,2,11,01,66,1069.6128189
5358997,1,1,1,10,1,2,11,1952,68,1,6,,3,3,,2,,1,2,,,,,,,,,,,1,,2,1,,,3,,,2,1,2,,3,2,,,2,2,01,66,583.48286027
5358997,1,2,1,10,2,1,12,1946,74,2,6,,3,3,,3,,1,1,,,,,,,,,,,1,,,1,,,3,,,2,1,2,,3,3,,,2,3,01,66,583.48286027
5358997,1,3,1,10,3,2,6,2002,18,4,6,,6,2,,2,,,,,,,,,,,1,,,,,,1,,,3,,,2,1,1,1,6,1,3,,2,12,01,66,583.48286027
5358998,1,1,1,10,1,1,6,1942,78,1,6,,2,3,,3,,1,2,,,,,,,,,,,1,,1,1,,,3,,,2,1,2,,3,3,,,2,3,01,66,747.87721146
5358998,1,2,1,10,2,2,12,1969,51,2,6,,2,2,,2,,1,1,,,,,,,,,,,1,,,1,,,3,,,2,1,2,,3,3,,,2,3,01,66,747.87721146
5358999,1,1,1,10,1,1,3,1975,45,1,6,,2,2,,2,,1,2,,,,,,,,,1,,,,1,1,,,3,,,2,1,2,,3,5,,,2,5,01,66,827.49731882
5358999,1,2,1,10,2,2,1,1964,57,2,6,,2,2,,2,,1,1,,,,,,,,,1,,,,,1,,,3,,,2,1,2,,3,5,,,2,5,01,66,827.49731882
5359000,1,1,1,10,1,1,10,1978,42,1,6,,2,2,,2,,1,2,,,,,,,,,,,1,,2,1,,,3,,,2,1,2,,5,11,2,,2,11,01,66,853.44466204
5359000,1,2,1,10,2,2,2,1991,29,2,6,,2,2,,2,,1,1,,,,,,,,,,,1,,,1,,,3,,,2,1,2,,5,11,2,,2,11,01,66,853.44466204
5359001,1,1,1,10,1,2,2,1953,67,1,6,,6,3,,3,,,,,,,,,,,,1,,,,2,1,,,1,3,105339,2,1,2,,3,5,,,2,5,01,66,740.52718045
5359001,1,2,1,10,2,1,9,1954,66,5,6,,4,3,,3,,,,,,,1,,,,,,,,,,1,,,3,,,2,1,2,,3,5,,,2,5,01,66,740.52718045
5359001,1,3,1,10,1,1,4,1965,55,5,6,,6,3,,3,,,,,,,1,,,,,,,,,,1,,,3,,,2,2,2,,1,0,,,2,0,01,66,740.52718045
5359002,1,1,1,10,1,1,1,1981,40,1,6,,2,2,,2,,1,2,,,,,,,,,,,1,,2,1,,,3,,,2,1,2,,3,4,,,2,4,01,66,931.16581093
5359002,1,2,1,10,2,2,10,1986,34,2,6,,2,3,,2,,1,1,,,,,,,,,,,1,,,1,,,3,,,2,1,2,,5,11,2,,2,11,01,66,931.16581093
5359002,1,3,1,10,3,2,9,2006,14,3,6,,6,1,1,1,2,,,,,,,,,,1,,,,,,1,,,3,,,2,1,1,1,4,8,,,2,8,01,66,931.16581093
5359002,1,4,1,10,2,1,4,2010,10,3,6,,6,1,1,1,2,,,,,,,,,,1,,,,,,1,,,3,,,2,1,1,1,3,4,,,2,4,01,66,931.16581093
5359003,1,1,1,10,1,2,1,1997,24,1,6,,2,2,,2,,1,2,,,,,,,,,1,,,,2,1,,,3,,,2,1,2,,4,9,,,2,9,01,66,1003.4568075
5359003,1,2,1,10,2,1,6,1978,42,2,6,,2,2,,2,,1,1,,,,,,,,,,,1,,,1,,,3,,,2,1,2,,3,3,,,2,3,01,66,1003.4568075
5359003,1,3,1,10,1,1,9,2013,7,3,6,,,1,2,1,1,,,,,,,,,,,,,,,,1,,,3,,,2,1,1,1,3,1,,,2,1,01,66,1003.4568075
5359004,1,1,1,10,1,1,9,1942,78,1,6,,3,2,,2,,1,2,,,,,,,,,,,1,,2,1,,,3,,,2,1,2,,3,5,,,2,5,01,66,467.82446367
5359004,1,2,1,10,2,2,9,1953,67,2,6,,3,2,,2,,1,1,,,,,,,,,,,1,,,1,,,3,,,2,1,2,,3,1,,,2,1,01,66,467.82446367
5359004,1,3,1,10,3,2,5,1978,42,3,6,,6,1,1,1,2,,,,,,1,,,,,,,,,,1,,,3,,,2,1,2,,4,9,,,2,9,01,66,467.82446367
5359004,1,4,1,10,4,2,7,2005,15,4,6,,6,2,,1,3,,,,,,,,,,1,,,,,,2,2,,,,,2,1,1,1,4,6,,,2,6,01,66,467.82446367
5359005,1,1,1,10,1,1,7,1956,64,1,6,,4,2,,2,,,,,,,,,,,,,,1,,1,1,,,3,,,9,1,2,,3,2,,,2,2,01,66,954.24623955
5359006,1,1,1,10,1,2,12,1978,42,1,6,,4,2,,3,,,,,,,1,,,1,,,,,,1,2,1,4,,,,1,1,2,,3,2,,,2,2,01,66,1023.169205
5359006,1,2,1,10,2,1,5,1998,22,3,6,,6,2,,1,1,,,,,,,,,1,,,,,,,2,1,4,,,,2,1,2,,3,5,,,2,5,01,66,1023.169205
5359006,1,3,1,10,3,2,2,2005,15,3,6,,6,2,,1,1,,,,,,,,,,,,,1,,,1,,,3,,,2,1,2,,4,7,,,2,7,01,66,1023.169205
5359006,1,4,1,10,4,1,9,2002,18,5,6,,6,2,,2,,,,,,,,,,1,,,,,,,2,1,2,,,,2,1,2,,4,6,,,2,6,01,66,1023.169205
5359007,1,1,1,10,1,2,9,1959,61,1,6,,4,3,,3,,,,,,,,,,,,,,1,,2,1,,,3,,,2,1,2,,3,3,,,2,3,01,66,827.49731882
5359007,1,2,1,10,2,1,7,1973,47,3,6,,6,2,,1,1,,,,,,,,,,,,,1,,,1,,,3,,,2,1,2,,4,9,,,2,9,01,66,827.49731882
5359008,1,1,1,10,1,2,5,1981,39,1,6,,6,3,,3,,,,,,,1,,,,,,,,,1,1,,,3,,,2,2,2,,1,0,,,2,0,01,66,729.27989924
5359009,1,1,1,10,1,2,10,1963,57,1,6,,4,3,,3,,,,,,,,,,,,,,1,,2,1,,,3,,,2,1,2,,3,5,,,2,5,01,66,564.88554806
5359009,1,2,1,10,2,2,1,2002,19,3,6,,6,2,,1,1,,,,,,,,,,,,,1,,,1,,,3,,,2,1,2,,5,11,2,,2,11,01,66,564.88554806
5359010,1,1,1,10,1,2,11,1947,73,1,6,,3,2,,2,,1,2,,,,,,,,,,,1,,1,1,,,3,,,2,1,2,,3,5,,,2,5,01,66,721.92986823
5359010,1,2,1,10,2,1,3,1951,69,2,6,,3,2,,2,,1,1,,,,,,,,,,,1,,,1,,,3,,,2,2,2,,1,0,,,2,0,01,66,721.92986823
5359011,1,1,1,10,1,2,6,1992,28,1,6,,2,3,,3,,1,2,,,,,,,,,,,1,,2,1,,,3,,,2,1,2,,3,5,,,2,5,01,66,1088.0204898
5359011,1,2,1,10,2,1,1,1980,41,2,6,,2,3,,3,,1,1,,,,1,,,1,,,,,,,1,,,3,,,2,1,2,,3,5,,,2,5,01,66,1088.0204898
5359011,1,3,1,10,1,1,4,2018,2,3,6,,,1,2,1,1,,,,,,,,,,,,,,,,1,,,3,,,2,,,,,,,,2,,01,66,1088.0204898
5359011,1,4,1,10,1,2,5,2020,0,3,6,,,1,2,1,1,,,,,,,,,,,,,,,,1,,,3,,,2,,,,,,,,2,,01,66,1088.0204898
5359012,1,1,1,10,1,2,3,1947,73,1,6,,5,2,,2,,,,,,,,,,,,,,1,,1,1,,,3,,,2,1,2,,1,0,,,2,0,01,66,703.33255602
5359013,1,1,1,10,1,2,8,1982,38,1,6,,3,2,,2,,1,2,,,,,,,,,,,1,,2,1,,,1,1,35112,2,1,2,,6,2,3,,2,13,01,66,1443.8717176
5359013,1,2,1,10,2,1,6,1970,50,2,6,,3,2,,2,,1,1,,,,,,,,,,,1,,,1,,,1,5,,2,1,2,,3,5,,,2,5,01,66,1443.8717176
5359014,1,1,1,10,1,2,5,1962,58,1,6,,4,2,,2,,,,,,,,,,,,,,1,,2,1,,,1,2,105336,2,1,2,,3,2,,,2,2,01,66,979.65249551
5359014,1,2,1,10,2,2,6,1993,27,3,6,,4,3,,1,1,,,,,,,,,1,,,,,,,1,,,1,1,35112,2,1,2,,6,2,3,,2,13,01,66,979.65249551
5359014,1,3,1,10,2,1,4,2012,8,4,6,,,2,,1,2,,,,,,,,,,,,,,,,1,,,1,5,,2,1,1,1,3,3,,,2,3,01,66,979.65249551
5359015,1,1,1,10,1,1,1,1938,83,1,6,,5,3,,3,,,,,,,,,,,,,,1,,2,1,,,1,2,105000,2,1,2,,3,2,,,2,2,01,66,916.13245189
5359015,1,2,1,10,2,2,5,1978,42,3,6,,6,1,1,3,,,,,,,,,,,,,,1,,,1,,,3,,,2,1,2,,5,11,2,,2,11,01,66,916.13245189
5359015,1,3,1,10,3,2,9,1989,31,3,6,,6,1,1,3,,,,,,,,,,,,,,1,,,1,,,3,,,2,1,2,,5,11,2,,2,11,01,66,916.13245189
5359016,1,1,1,10,1,2,1,1981,40,1,6,,4,2,,2,,,,,,,,,,,,,,1,,2,1,,,3,,,2,1,2,,5,11,2,,2,11,01,66,791.47312289
5359016,1,2,1,10,2,2,4,1999,21,3,6,,6,2,,1,1,,,,,,,,,,,,,1,,,1,,,3,,,2,1,2,,5,11,2,,2,11,01,66,791.47312289
5359016,1,3,1,10,3,2,3,2006,14,3,6,,6,2,,1,1,,,,,,,,,,1,,,,,,1,,,3,,,2,1,1,1,4,7,,,2,7,01,66,791.47312289
5359017,1,1,1,10,1,1,11,1978,42,1,6,,2,3,,2,,1,2,,,,,,,,,,,1,,2,1,,,2,2,180000,2,1,2,,5,11,2,,2,11,01,66,1809.5885611
5359017,1,2,1,10,2,2,11,1982,38,2,6,,2,3,,2,,1,1,,,,,,,,,1,,,,,1,,,1,1,36000,2,1,2,,5,11,2,,2,11,01,66,1809.5885611
5359017,1,3,1,10,3,1,10,2000,20,3,6,,6,1,1,1,2,,,,,,1,,,,,,,,,,1,,,3,,,2,1,2,,5,11,2,,2,11,01,66,1809.5885611
5359018,1,1,1,10,1,1,12,1970,50,1,6,,6,2,,2,,,,,,,,,,,,,,1,,2,1,,,1,1,35112,2,1,2,,5,11,2,,2,11,01,66,1793.0102339
5359019,1,1,1,10,1,1,11,1992,28,1,6,,6,2,,2,,,,,,,,,,,,,,1,,2,1,,,3,,,2,1,2,,5,10,1,,2,10,01,66,1793.0102339
5359020,1,1,1,10,1,1,12,1966,54,1,6,,2,3,,3,,1,2,,,,,,,,,,,1,,2,1,,,1,1,35112,2,1,2,,3,3,,,2,3,01,66,1114.2992912
5359020,1,2,1,10,2,2,10,1974,46,2,6,,2,2,,2,,1,1,,,,,,,,,1,,,,,1,,,1,5,,2,1,2,,3,5,,,2,5,01,66,1114.2992912
5359020,1,3,1,10,3,2,5,1997,23,3,6,,6,1,1,1,2,,,,,,,,,,,1,,,,,1,,,1,1,36000,2,1,2,,6,2,3,,2,13,01,66,1114.2992912
5359020,1,4,1,10,4,2,4,2001,19,3,6,,6,1,1,1,2,,,,,,,,,,,,,1,,,1,,,1,1,35112,2,1,2,,5,11,2,,2,11,01,66,1114.2992912
5359020,1,5,1,10,4,1,8,2017,3,4,6,,,2,,1,4,,,,,,,,,,,,,,,,1,,,1,5,,2,2,2,,1,0,,,2,0,01,66,1114.2992912
5359021,1,1,1,10,1,1,3,1980,40,1,6,,3,2,,2,,1,2,,1,1,,,,,,,,,,2,1,,,1,1,36000,2,1,2,,5,11,2,,2,11,01,66,1575.3616357
5359021,1,2,1,10,2,2,11,1981,39,2,6,,3,2,,2,,1,1,,,,1,,,,,,,,,,1,,,1,1,35000,2,1,2,,5,11,2,,2,11,01,66,1575.3616357
5359021,1,3,1,10,3,2,8,2002,18,3,6,,6,1,1,1,2,,,,,,1,,,,1,,,,,,1,,,1,5,,2,1,2,,5,11,2,,2,11,01,66,1575.3616357
5359021,1,4,1,10,4,1,12,2008,12,3,6,,6,1,1,1,2,,,,,,,,,,1,,,,,,1,,,1,5,,2,1,1,1,4,6,,,2,6,01,66,1575.3616357
5359022,1,1,1,10,1,2,10,2000,20,1,6,,6,2,,2,,,,,1,1,1,,,,,,,,,2,1,,,3,,,2,1,2,,5,11,2,,2,11,01,66,1348.7193204
5359023,1,1,1,10,1,2,10,1964,56,1,6,,3,3,,2,,1,2,,,,,,1,,,,,,,1,1,,,1,5,,2,1,2,,3,3,,,2,3,01,66,1587.0896696
5359023,1,2,1,10,2,1,6,1965,55,2,6,,3,3,,3,,1,1,,,,,,,,,,,1,,,1,,,1,1,36000,2,1,2,,3,2,,,2,2,01,66,1587.0896696
5359023,1,3,1,10,3,1,2,1996,24,3,6,,6,1,2,1,1,,,,,,,,,,,,,1,,,1,,,1,1,48000,2,1,2,,6,2,3,,2,13,01,66,1587.0896696
5359024,1,1,1,10,1,2,4,1940,80,1,6,,5,3,,3,,,,,,,,,,,,1,,,,1,1,,,3,,,2,2,2,,1,0,,,2,0,01,66,1399.9735755
5359024,1,2,1,10,2,1,9,1979,41,5,6,,6,2,,2,,,,,,,1,,,,,,,,,,1,,,3,,,2,1,2,,4,7,,,2,7,01,66,1399.9735755
5359025,1,1,1,10,1,2,8,1991,29,1,6,,2,2,,2,,1,2,,,,,,,,,1,,,,2,1,,,1,1,44000,2,1,2,,6,2,3,,2,13,01,66,2433.2832241
5359025,1,2,1,10,2,1,9,1989,31,2,6,,2,2,,2,,1,1,,,,,,,,,,,1,,,1,,,1,1,48000,2,1,2,,6,2,3,,2,13,01,66,2433.2832241
5359025,1,3,1,10,1,1,1,2008,13,3,6,,6,2,,1,1,,,,,,,,,,1,,,,,,1,,,1,5,,2,1,1,1,4,7,,,2,7,01,66,2433.2832241
5359025,1,4,1,10,1,1,12,2009,11,3,6,,6,2,,1,1,,,,,,,,,,1,,,,,,1,,,1,5,,2,1,1,1,4,0,,,2,5,01,66,2433.2832241
5359025,1,5,1,10,1,2,11,2020,0,3,6,,,1,2,1,1,,,,,,,,,,,,,,,,1,,,1,5,,2,,,,,,,,2,,01,66,2433.2832241
5359027,1,1,1,10,1,1,9,1991,29,1,5,,2,2,,2,,1,2,,,,,,,,,,,1,,1,2,1,19,,,,2,1,2,,3,3,,,2,3,01,66,1836.5461573
5359027,1,2,1,10,2,2,3,1998,22,2,5,,2,2,,2,,1,1,,,,,,,,,,,1,,,2,1,8,,,,2,1,2,,5,11,2,,2,11,01,66,1836.5461573
5359027,1,3,1,10,2,1,4,2016,4,3,5,,,1,1,1,2,,,,,,,,,,,,,,,,2,1,8,,,,2,2,2,,1,0,,,2,0,01,66,1836.5461573
5359027,1,4,1,10,2,1,7,2019,1,3,5,,,1,1,1,2,,,,,,,,,,,,,,,,2,1,8,,,,2,,,,,,,,2,,01,66,1836.5461573
5359028,1,1,1,10,1,1,7,1956,64,1,6,,4,3,,3,,,,,,,,,,,,,,1,,2,1,,,1,1,35112,2,1,2,,3,5,,,2,5,01,66,1614.4094845
5359029,1,1,1,10,1,1,9,1989,31,1,6,,2,2,,2,,1,2,,,,,,,,,,,1,,2,1,,,1,3,78000,2,1,2,,6,3,3,,2,14,01,66,1582.753142
5359029,1,2,1,10,2,2,8,1990,30,2,6,,2,2,,2,,1,1,,,,,,,,,,,1,,,1,,,1,5,,2,1,2,,6,3,3,,2,14,01,66,1582.753142
5359029,1,3,1,10,2,1,4,2016,4,3,6,,,1,1,1,2,,,,,,,,,,,,,,,,1,,,1,5,,2,2,2,,1,0,,,2,0,01,66,1582.753142
5359030,1,1,1,10,1,2,10,1965,55,1,6,,4,3,,3,,,,,,,,,,,,,,1,,2,1,,,3,,,2,1,2,,3,4,,,2,4,01,66,1189.9095874
5359031,1,1,1,10,1,1,1,1952,69,1,6,,1,3,,3,,1,2,,,,,,,,,,,1,,2,1,,,2,1,140000,2,1,2,,6,5,4,,2,16,01,66,1638.1603786
5359031,1,2,1,10,2,2,7,1997,23,2,6,,1,2,,2,,1,1,,,,,,,,,,,1,,,2,2,,,,,2,1,2,,5,11,2,,2,11,01,66,1638.1603786
5359031,1,3,1,10,2,2,5,2014,6,3,6,,,2,,1,2,,,,,,,,,,,,,,,,2,2,,,,,2,2,1,1,2,0,,,2,0,01,66,1638.1603786
5359032,1,1,1,10,1,1,11,1997,23,1,6,,2,2,,2,,1,2,,,,,,,,,,,1,,2,1,,,1,1,35112,2,1,2,,4,6,,,2,6,01,66,1853.3175883
5359032,1,2,1,10,2,2,2,2002,19,2,6,,2,2,,2,,1,1,,,,,,,,,,,1,,,1,,,1,5,,2,1,2,,4,8,,,2,8,01,66,1853.3175883
5359032,1,3,1,10,2,1,6,2018,2,3,6,,,1,1,1,2,,,,,,,,,,,,,,,,1,,,1,5,,2,,,,,,,,2,,01,66,1853.3175883
5359033,1,1,1,10,1,1,1,1982,39,1,6,,3,3,,2,,1,2,,,,,,,,,,,1,,2,1,,,1,3,110000,2,1,2,,5,11,2,,2,11,01,66,1809.5885611
5359033,1,2,1,10,2,2,4,1977,43,2,6,,3,2,,2,,1,1,,,,,,,,,,,1,,,1,,,1,5,,2,1,2,,5,11,2,,2,11,01,66,1809.5885611
5359033,1,3,1,10,3,1,3,2009,11,3,6,,6,1,1,1,2,,,,,,,,,,1,,,,,,1,,,1,5,,2,1,1,1,4,6,,,2,6,01,66,1809.5885611
5359034,1,1,1,10,1,2,12,1961,59,1,6,,5,3,,3,,,,,,,,,,,,,,1,,2,1,,,3,,,2,1,2,,3,2,,,2,2,01,66,1189.9095874
5359035,1,1,1,10,1,1,9,1979,41,1,6,,2,2,,3,,1,2,,,,,,,,,,,1,,2,1,,,3,,,2,1,2,,5,11,2,,2,11,01,66,1840.7309615
5359035,1,2,1,10,2,2,9,1993,27,2,6,,2,3,,2,,1,1,,,,,,,,,,,1,,,1,,,3,,,2,1,2,,4,7,,,2,7,01,66,1840.7309615
5359035,1,3,1,10,2,1,9,2011,9,3,6,,,1,1,1,2,,,,,,,,,,,,,,,,1,,,3,,,2,1,1,1,3,4,,,2,4,01,66,1840.7309615
5359035,1,4,1,10,2,2,10,2014,6,3,6,,,1,1,1,2,,,,,,,,,,,,,,,,1,,,3,,,2,1,1,1,3,0,,,2,0,01,66,1840.7309615
5359036,1,1,1,10,1,1,5,1969,51,1,6,,2,3,,2,,1,2,,,,,,,,,,,1,,2,1,,,3,,,2,1,2,,3,3,,,2,3,01,66,1365.1045438
5359036,1,2,1,10,2,2,11,1970,50,2,6,,2,3,,2,,1,1,,,,,,,,,,,1,,,1,,,3,,,2,1,2,,3,5,,,2,5,01,66,1365.1045438
5359036,1,3,1,10,3,2,2,1990,30,3,6,,6,1,1,1,2,,,1,,,,,,,,,,,,,1,,,1,1,36000,2,1,2,,5,11,2,,2,11,01,66,1365.1045438
5359036,1,4,1,10,3,2,5,2007,13,4,6,,6,2,,1,3,,,,,,,,,,1,,,,,,1,,,1,5,,2,1,1,1,4,8,,,2,8,01,66,1365.1045438
5359036,1,5,1,10,3,1,2,2012,8,4,6,,,2,,1,3,,,,,,,,,,,,,,,,1,,,1,5,,2,1,1,1,3,3,,,2,3,01,66,1365.1045438
5359036,1,6,1,10,6,1,2,1997,23,3,6,,6,1,1,1,2,,,,,,,,,,,,,1,,,1,,,3,,,2,1,2,,5,11,2,,2,11,01,66,1365.1045438
5359037,1,1,1,10,1,2,4,1953,67,1,6,,5,3,,2,,,,,,,,,,,,,,1,,2,1,,,3,,,2,1,2,,3,1,,,2,1,01,66,1189.9095874
5359038,1,1,1,10,1,1,6,1963,57,1,6,,2,3,,2,,1,2,,,,,,,,,,,1,,1,1,,,3,,,2,1,2,,3,5,,,2,5,01,66,1888.9656312
5359038,1,2,1,10,2,2,11,1984,36,2,6,,2,3,,2,,1,1,,,,,,,,,,,1,,,1,,,3,,,2,1,2,,3,4,,,2,4,01,66,1888.9656312
5359038,1,3,1,10,3,1,6,2004,16,3,6,,6,1,1,1,2,,,,,,,,,,1,,,,,,1,,,3,,,2,1,1,1,4,9,,,2,9,01,66,1888.9656312
5359038,1,4,1,10,2,2,10,2013,7,3,6,,,1,1,1,2,,,,,,,,,,,,,,,,1,,,3,,,2,1,1,1,3,1,,,2,1,01,66,1888.9656312
5359039,1,1,1,10,1,1,1,1968,53,1,6,,4,2,,2,,,,,1,1,1,,,,,1,,,,1,1,,,3,,,2,1,2,,3,5,,,2,5,01,66,1793.0102339
5359040,1,1,1,10,1,2,11,1936,84,1,6,,5,3,,3,,,,,,,,,,,,1,,,,2,1,,,1,2,120000,2,1,2,,3,5,,,2,5,01,66,1189.9095874
5359041,1,1,1,10,1,1,11,1979,41,1,6,,3,2,,3,,1,2,,,,,,,,,,,1,,2,1,,,3,,,2,1,2,,4,6,,,2,6,01,66,1959.8273567
5359041,1,2,1,10,2,2,12,1991,29,2,6,,3,2,,2,,1,1,,,,,,,,,,,1,,,1,,,3,,,2,1,2,,5,11,2,,2,11,01,66,1959.8273567
5359041,1,3,1,10,2,2,7,2013,7,3,6,,,1,1,1,2,,,,,,,,,,,,,,,,1,,,3,,,2,1,1,1,3,2,,,2,2,01,66,1959.8273567
5359041,1,4,1,10,2,2,7,2020,0,3,6,,,1,1,1,2,,,,,,,,,,,,,,,,1,,,3,,,2,,,,,,,,2,,01,66,1959.8273567
5359042,1,1,1,10,1,1,5,1960,60,1,6,,4,2,,2,,,,,,,1,,,,,,,,,2,1,,,3,,,2,1,2,,3,4,,,2,4,01,66,1265.2709682
5359042,1,2,1,10,2,2,1,1978,43,5,6,,6,2,,2,,,,,,,1,,,,,,,,,,1,,,3,,,2,1,2,,4,6,,,2,6,01,66,1265.2709682
5359069,1,1,1,10,1,2,5,1962,58,1,5,,3,3,,3,,2,,,,1,,,,,,,,,,2,1,,,3,,,2,1,2,,1,0,,,2,0,01,76,7101.2327884
5359069,1,2,1,10,2,1,11,1981,39,3,5,,6,2,,1,1,,,,,,,,,,,,,1,,,1,,,1,1,98,2,1,2,,3,3,,,2,3,01,76,7101.2327884
5359069,1,3,1,10,3,2,12,1990,30,3,5,,3,2,,1,1,1,4,,1,,,,,,,,,,,,1,,,3,,,2,1,2,,5,11,2,,2,11,01,76,7101.2327884
5359069,1,4,1,10,4,1,6,1988,32,5,6,,3,2,,2,,1,3,,,,1,,,,,1,,,,,1,,,3,,,2,1,2,,5,11,2,,2,11,01,76,7101.2327884
5359069,1,5,1,10,3,1,8,2013,7,4,6,,,1,4,1,3,,,,,,,,,,,,,,,,1,,,3,,,2,1,1,1,3,1,,,2,1,01,76,7101.2327884
5359127,1,1,1,10,1,1,4,1953,67,1,6,,3,3,,3,,1,2,,,,1,,,,,,,,,2,1,,,3,,,2,1,2,,4,6,,,2,6,01,05,4116.6291501
5359127,1,2,1,10,2,2,9,1956,64,2,6,,3,3,,3,,1,1,,,,,,,,,,,1,,,1,,,3,,,2,1,2,,3,3,,,2,3,01,05,4116.6291501
5359127,1,3,1,10,1,1,10,1990,30,3,6,,6,1,1,1,2,,,,,,1,,,,,,,,,,1,,,3,,,2,1,2,,3,4,,,2,4,01,05,4116.6291501
5359128,1,1,1,10,2,1,10,1979,41,1,6,,3,3,,2,,1,2,,,,1,,,,,,,,,2,1,,,3,,,2,1,2,,5,11,2,,2,11,01,05,5204.1451961
5359128,1,2,1,10,2,2,11,1982,38,2,6,,3,2,,2,,1,1,,,,,,,,,,,1,,,1,,,3,,,2,1,2,,5,11,2,,2,11,01,05,5204.1451961
5359128,1,3,1,10,1,1,12,2003,17,3,6,,6,1,1,1,2,,,,,,,,,,1,,,,,,1,,,3,,,2,1,1,1,6,0,2,2,2,11,01,05,5204.1451961
5359129,1,1,1,10,2,1,6,1973,47,1,6,,3,3,,3,,1,2,,,,,,,,,,,1,,2,1,,,3,,,2,1,2,,3,3,,,2,3,01,05,5204.1451961
5359129,1,2,1,10,2,2,10,1972,48,2,6,,3,2,,3,,1,1,,,,,,,,,,,1,,,1,,,3,,,2,1,2,,3,2,,,2,2,01,05,5204.1451961
5359129,1,3,1,10,2,1,8,2002,18,3,6,,6,1,1,1,2,,,,,,,,,,,,,1,,,1,,,3,,,2,1,2,,5,11,2,,2,11,01,05,5204.1451961
5359130,1,1,1,10,2,1,4,1981,39,1,6,,2,2,,2,,1,2,,,,1,,,,,,,,,2,1,,,1,1,35000,2,1,2,,5,11,2,,2,11,01,05,4530.538524
5359130,1,2,1,10,2,2,6,1980,40,2,6,,2,3,,2,,1,1,,,,,,,,,,,1,,,1,,,1,5,,2,1,2,,3,5,,,2,5,01,05,4530.538524
5359130,1,3,1,10,2,1,10,2000,20,3,6,,6,2,,1,2,,,,,,,1,,,,,,,,,1,,,1,5,,2,1,2,,5,11,2,,2,11,01,05,4530.538524
5359130,1,4,1,10,2,2,9,2008,12,3,6,,6,1,1,1,2,,,,,,,,,,1,,,,,,1,,,1,5,,2,1,1,1,4,7,,,2,7,01,05,4530.538524
5359131,1,1,1,10,2,1,10,1983,37,1,6,,2,3,,3,,1,2,,,,1,,,,,,,,,2,1,,,3,,,2,1,2,,3,5,,,2,5,01,05,5204.1451961
5359131,1,2,1,10,2,2,2,1968,52,2,6,,2,3,,3,,1,1,,,,,,,,,,,1,,,1,,,3,,,2,1,2,,3,4,,,2,4,01,05,5204.1451961
5359131,1,3,1,10,2,1,8,2003,17,3,6,,6,2,,1,2,,,,,,,,,,1,,,,,,1,,,3,,,2,1,1,1,5,10,1,,2,10,01,05,5204.1451961
5359132,1,1,1,10,1,2,4,1968,52,1,6,,6,3,,2,,,,,,,,,,,,,,1,,1,1,,,3,,,2,2,2,,3,1,,,2,1,01,05,3478.7836692
5359132,1,2,1,10,2,1,9,1989,31,3,6,,6,3,,1,1,,,,,,,,,,,,,1,,,1,,,3,,,2,1,2,,3,5,,,2,5,01,05,3478.7836692
5359132,1,3,1,10,3,2,6,2002,18,3,6,,6,3,,1,1,,,,,,,,,,,,,1,,,1,,,3,,,2,1,1,1,4,7,,,2,7,01,05,3478.7836692
5359133,1,1,1,10,1,1,7,1961,59,1,6,,4,2,,2,,,,,,,1,,,,,,,,,2,1,,,3,,,2,1,2,,3,4,,,2,4,01,05,4642.8351416
5359134,1,1,1,10,1,1,8,1939,81,1,6,,6,3,,3,,,,,,,,,,,,,1,,NO LE DAN TRABAJO POR LA EDAD,1,1,,,3,,,2,1,2,,3,4,,,2,4,01,05,4642.8351416
5359135,1,1,1,10,1,1,2,1967,53,1,6,,3,2,,3,,1,2,,,,,,,,,,1,,LO AISLARON,2,1,,,1,1,98,2,1,2,,3,2,,,2,2,01,05,5964.7418084
5359135,1,2,1,10,2,2,8,1967,53,2,6,,3,2,,2,,1,1,,,,,,,,,,,1,,,1,,,1,5,,2,1,2,,3,4,,,2,4,01,05,5964.7418084
5359135,1,3,1,10,2,1,7,1984,36,3,6,,6,2,,1,2,,,,,,,,,,,,,1,,,1,,,3,,,2,2,2,,3,1,,,2,1,01,05,5964.7418084
5359135,1,4,1,10,4,1,11,1994,26,3,6,,6,2,,1,2,,,,,,,,,,,,,1,,,1,,,3,,,2,1,2,,3,5,,,2,5,01,05,5964.7418084
5359135,1,5,1,10,2,1,10,1991,29,3,6,,4,1,1,1,2,,,,,,,,,,,,,1,,,1,,,3,,,2,1,2,,5,11,2,,2,11,01,05,5964.7418084
5359136,1,1,1,10,1,1,12,1959,61,1,6,,2,3,,3,,1,2,,,,1,,,,,,,,,2,1,,,3,,,2,2,2,,1,0,,,2,0,01,05,4564.2668492
5359136,1,2,1,10,2,2,3,1962,58,2,6,,2,3,,2,,1,1,,,,,,,,,,,1,,,1,,,3,,,2,1,2,,3,5,,,2,5,01,05,4564.2668492
5359136,1,3,1,10,3,1,4,2002,18,3,6,,6,2,,1,2,,,,,,1,,,,,,,,,,1,,,3,,,2,1,2,,3,5,,,2,5,01,05,4564.2668492
5359137,1,1,1,10,1,1,12,1950,70,1,6,,3,3,,3,,1,2,,,,,,,,,,,1,,2,1,,,1,2,110000,2,1,2,,3,3,,,2,3,01,05,4116.6291501
5359137,1,2,1,10,2,2,11,1957,63,2,6,,3,3,,2,,1,1,,,,,,,,,,,1,,,1,,,1,5,,2,1,2,,3,4,,,2,4,01,05,4116.6291501
5359137,1,3,1,10,3,1,12,1989,31,3,6,,6,1,1,1,2,,,,,,1,,,,,,,,,,1,,,3,,,2,1,2,,5,11,2,,2,11,01,05,4116.6291501
5359138,1,1,1,10,1,1,1,1967,54,1,6,,3,3,,2,,1,2,,,,,,,,,,,1,,1,1,,,1,4,,2,1,2,,3,5,,,2,5,01,05,2805.1769971
5359138,1,2,1,10,2,2,9,1972,48,2,6,,3,2,,2,,1,1,,,,,,,,,,,1,,,1,,,1,5,,2,1,2,,4,9,,,2,9,01,05,2805.1769971
5359138,1,3,1,10,3,2,1,1997,24,3,6,,6,1,1,1,2,,,,,,,,,,,,1,,CANCELACION DE TRATAMIENTOS MEDICOS,,2,1,48,,,,2,1,2,,6,3,3,,2,14,01,05,2805.1769971
5359138,1,4,1,10,4,2,8,2004,16,3,6,,6,1,1,1,2,,,,,,,,,,1,,,,,,1,,,1,5,,2,1,1,1,4,8,,,2,8,01,05,2805.1769971
5359139,1,1,1,10,1,2,8,1942,78,1,6,,5,3,,3,,,,,,,,,,,,,,1,,2,1,,,3,,,2,1,2,,3,2,,,2,2,01,05,3422.027745
5359140,1,1,1,10,2,1,7,1965,55,1,6,,2,2,,3,,1,2,,,,,,,,,,,1,,2,1,,,1,1,35000,2,1,2,,3,5,,,2,5,01,05,4380.6686402
5359140,1,2,1,10,2,2,3,1989,31,2,6,,2,2,,2,,1,1,,,,,,,,,,,1,,,1,,,3,,,2,1,2,,4,6,,,2,6,01,05,4380.6686402
5359140,1,3,1,10,2,2,9,2011,9,3,6,,,2,,1,2,,,,,,,,,,,,,,,,1,,,3,,,2,1,1,1,3,2,,,2,2,01,05,4380.6686402
5359141,1,1,1,10,1,1,11,1995,25,1,6,,2,2,,2,,1,2,,,,1,,,,,,,,,2,1,,,3,,,2,1,2,,5,11,2,,2,11,01,05,4482.8613758
5359141,1,2,1,10,2,2,2,1999,21,2,6,,2,2,,2,,1,1,,,,1,,,,,,,,,,2,2,,,,,2,1,2,,5,11,2,,2,11,01,05,4482.8613758
5359142,1,1,1,10,1,1,10,1943,77,1,6,,3,3,,3,,1,2,,,,,,,,,,,1,,2,1,,,3,,,2,2,2,,1,0,,,2,0,01,05,3512.5119944
5359142,1,2,1,10,2,2,8,1947,73,2,6,,3,2,,3,,1,1,,,,,,,,,,,1,,,1,,,3,,,2,1,2,,1,0,,,2,0,01,05,3512.5119944
5359144,1,1,1,10,2,1,1,1946,75,1,6,,3,3,,3,,1,2,,,,1,,,,,,,,,2,1,,,3,,,2,1,2,,3,3,,,2,3,01,05,4758.8168229
5359144,1,2,1,10,2,2,9,1966,54,2,6,,3,3,,3,,1,1,,,,,,,,,,,1,,,1,,,3,,,2,1,2,,3,5,,,2,5,01,05,4758.8168229
5359144,1,3,1,10,3,1,9,1999,21,3,6,,2,1,1,1,2,1,4,,,,,,,,,,,1,,,1,,,1,1,35000,2,1,2,,5,11,2,,2,11,01,05,4758.8168229
5359144,1,4,1,10,4,2,4,2000,20,5,6,,2,2,,2,,1,3,,,,,,,,,,,1,,,1,,,1,5,,2,1,2,,5,11,2,,2,11,01,05,4758.8168229
5359144,1,5,1,10,4,2,3,2017,3,4,6,,,1,3,1,4,,,,,,,,,,,,,,,,1,,,1,5,,2,2,2,,1,0,,,2,0,01,05,4758.8168229
5359145,1,1,1,10,1,1,9,1969,51,1,6,,2,2,,3,,1,2,,,,,,,,,,,1,,1,1,,,3,,,2,1,2,,3,5,,,2,5,01,05,3478.7836692
5359145,1,2,1,10,2,2,5,1969,51,2,6,,2,3,,2,,1,1,,,,,,,,,,,1,,,1,,,3,,,2,1,2,,3,5,,,2,5,01,05,3478.7836692
5359145,1,3,1,10,2,2,10,2003,17,3,6,,6,1,1,1,2,,,,,,,,,,,,,1,,,1,,,3,,,2,1,1,1,6,0,2,2,2,11,01,05,3478.7836692
5359146,1,1,1,10,2,1,11,1975,45,1,6,,2,3,,3,,1,2,,,,1,,,,,1,,,,2,1,,,3,,,2,1,2,,3,3,,,2,3,01,05,4152.3903413
5359146,1,2,1,10,2,2,4,1968,52,2,6,,2,2,,3,,1,1,,,,,,,,,1,,,,,1,,,3,,,2,1,2,,3,3,,,2,3,01,05,4152.3903413
5359147,1,1,1,10,2,2,6,1945,75,1,6,,2,3,,3,,1,2,,,,,,,,,,,1,,2,1,,,1,2,98,2,1,2,,4,7,,,2,7,01,05,3512.5119944
5359147,1,2,1,10,2,1,10,1950,70,2,6,,2,3,,3,,1,1,,,,,,,,,,,1,,,1,,,1,2,98,2,1,2,,3,5,,,2,5,01,05,3512.5119944
5359148,1,1,1,10,1,2,1,1945,76,1,6,,5,3,,3,,,,,,,,,,,,,,1,,2,1,,,3,,,2,1,2,,3,2,,,2,2,01,05,3421.4724032
5359148,1,2,1,10,2,1,2,1969,51,3,6,,6,3,,1,1,,,,,,,,,,,,,1,,,1,,,3,,,2,1,2,,1,0,,,2,0,01,05,3421.4724032
5359148,1,3,1,10,3,2,12,1988,32,3,6,,6,3,,1,1,,,,,,,,,1,,,,,,,1,,,3,,,2,1,2,,5,11,2,,2,11,01,05,3421.4724032
5359148,1,4,1,10,3,1,2,2020,1,4,6,,,2,,1,3,,,,,,,,,,,,,,,,1,,,1,5,,2,,,,,,,,2,,01,05,3421.4724032
5359150,1,1,1,10,1,1,12,1953,67,1,6,,6,3,,2,,,,,,,1,,,,,,,,,2,1,,,3,,,2,1,2,,3,4,,,2,4,01,05,4642.8351416
5359152,1,1,1,10,1,1,4,1948,72,1,6,,3,3,,3,,1,2,,,,,,,,,1,,,,2,1,,,3,,,2,2,2,,1,0,,,2,0,01,05,2276.1754461
5359152,1,2,1,10,2,2,2,1952,68,2,6,,3,3,,3,,1,1,,,,,,,,,,,1,,,1,,,3,,,2,1,2,,3,3,,,2,3,01,05,2276.1754461
5359152,1,3,1,10,3,2,9,1971,49,3,6,,6,1,1,1,2,,,,,,,,,,,,,1,,,1,,,3,,,2,1,2,,3,1,,,2,1,01,05,2276.1754461
5359152,1,4,1,10,4,2,8,1988,32,3,6,,4,2,,2,,,,,,,,,,1,,,,,,,1,,,3,,,2,1,2,,6,2,3,,2,13,01,05,2276.1754461
5359152,1,5,1,10,4,1,9,2012,8,4,6,,,2,,1,4,,,,,,,,,,,,,,,,1,,,3,,,2,1,1,1,3,3,,,2,3,01,05,2276.1754461
5359153,1,1,1,10,2,1,12,1967,53,1,6,,3,3,,3,,1,2,,1,,1,,,,,,,,,2,1,,,3,,,2,1,2,,3,2,,,2,2,01,05,5077.8997555
5359153,1,2,1,10,2,2,11,1964,56,2,6,,3,2,,2,,1,1,,,,,,,,,1,,,,,1,,,3,,,2,1,2,,3,2,,,2,2,01,05,5077.8997555
5359153,1,3,1,10,2,1,9,2005,15,3,6,,6,1,1,1,2,,,,,,,,,,1,,,,,,1,,,3,,,2,1,1,1,4,7,,,2,7,01,05,5077.8997555
5359154,1,1,1,10,1,1,4,1960,60,1,6,,4,3,,2,,,,,,,,,,,,,,1,,1,1,,,3,,,2,2,2,,1,0,,,2,0,01,05,4642.8351416
5359155,1,1,1,10,1,1,6,2000,20,1,6,,6,3,,2,,,,,,,,,,,,,,1,,1,1,,,3,,,2,2,2,,1,0,,,2,0,01,05,5604.1057471
5359156,1,1,1,10,1,2,6,1959,61,1,6,,2,3,,3,,2,,,,,,,,,,,,1,,1,1,,,3,,,2,2,2,,1,0,,,2,0,01,05,5077.8997555
5359156,1,2,1,10,1,1,3,1990,30,3,6,,6,2,,1,1,,,,,,,,,,,,,1,,,1,,,3,,,2,2,2,,1,0,,,2,0,01,05,5077.8997555
5359156,1,3,1,10,1,1,6,1999,21,3,6,,6,3,,1,1,,,,,,,,,,,,,1,,,1,,,3,,,2,1,2,,4,6,,,2,6,01,05,5077.8997555
5359157,1,1,1,10,1,2,8,1998,22,1,6,,2,2,,2,,1,2,,,,,,,,,,,1,,2,1,,,3,,,2,1,2,,4,7,,,2,7,01,05,4882.2665849
5359157,1,2,1,10,2,1,12,1992,28,2,6,,2,2,,2,,1,1,,,,,,,,,,,1,,,1,,,3,,,2,1,2,,3,5,,,2,5,01,05,4882.2665849
5359157,1,3,1,10,1,1,9,2017,3,3,6,,,1,2,1,1,,,,,,,,,,,,,,,,1,,,3,,,2,2,2,,1,0,,,2,0,01,05,4882.2665849
5359158,1,1,1,10,2,1,7,1939,81,1,6,,3,3,,3,,1,2,,,,,,,,,,,1,,2,1,,,3,,,2,2,2,,1,0,,,2,0,01,05,3512.5119944
5359158,1,2,1,10,2,2,12,1950,70,2,6,,3,3,,3,,1,1,,,,,,,,,,,1,,,1,,,3,,,2,2,2,,1,0,,,2,0,01,05,3512.5119944
5359159,1,1,1,10,1,1,10,1976,44,1,6,,6,2,,3,,,,,,,,,,,,,,1,,2,1,,,3,,,2,2,2,,1,0,,,2,0,01,05,5156.468048
5359160,1,1,1,10,2,1,4,1991,29,1,6,,2,2,,2,,1,2,,,,,,,,,,,1,,2,1,,,3,,,2,1,2,,3,4,,,2,4,01,05,5281.671794
5359160,1,2,1,10,2,2,7,1998,22,2,6,,2,2,,2,,1,1,,,,,,,,,,,1,,,1,,,3,,,2,1,2,,4,6,,,2,6,01,05,5281.671794
5359160,1,3,1,10,2,1,8,2018,2,3,6,,,1,1,1,2,,,,,,,,,,,,,,,,1,,,3,,,2,,,,,,,,2,,01,05,5281.671794
5359160,1,4,1,10,2,1,11,2019,1,3,6,,,1,1,1,2,,,,,,,,,,,,,,,,1,,,3,,,2,,,,,,,,2,,01,05,5281.671794
5359161,1,1,1,10,2,1,2,1980,40,1,6,,2,2,,2,,1,2,,,,1,,,,,,,,,2,1,,,3,,,2,1,2,,5,11,2,,2,11,01,05,5603.5504052
5359161,1,2,1,10,2,2,3,1989,31,2,6,,2,2,,2,,1,1,,,,1,,,,,,,,,,1,,,3,,,2,1,2,,5,11,2,,2,11,01,05,5603.5504052
5359161,1,3,1,10,2,1,4,2007,13,3,6,,6,1,1,1,2,,,,,,,,,,1,,,,,,1,,,3,,,2,1,1,1,4,7,,,2,7,01,05,5603.5504052
5359161,1,4,1,10,2,1,11,2014,6,3,6,,,1,1,1,2,,,,,,,,,,,,,,,,1,,,3,,,2,1,1,1,3,0,,,2,0,01,05,5603.5504052
5359162,1,1,1,10,1,2,12,1995,25,1,6,,2,2,,2,,1,2,,,,,,,,,,,1,,1,1,,,1,5,,2,1,2,,4,7,,,2,7,01,05,5636.2127517
5359162,1,2,1,10,2,1,6,1991,29,2,6,,2,2,,2,,1,1,,,,,,,1,,,,,,,1,,,1,1,98,2,1,2,,6,5,4,,2,16,01,05,5636.2127517
5359162,1,3,1,10,1,2,3,2014,6,3,6,,,1,2,1,1,,,,,,,,,,,,,,,,1,,,1,5,,2,2,1,2,3,1,,,2,1,01,05,5636.2127517
5359162,1,4,1,10,1,2,9,2019,1,3,6,,,1,2,1,1,,,,,,,,,,,,,,,,1,,,1,5,,2,,,,,,,,2,,01,05,5636.2127517
5359163,1,1,1,10,2,1,1,1981,40,1,6,,2,3,,2,,1,2,,,,,,,,,,,1,,1,1,,,3,,,2,1,2,,4,6,,,2,6,01,05,4256.337061
5359163,1,2,1,10,2,2,8,1975,45,2,6,,2,2,,2,,1,1,,,,,,,,,,,1,,,1,,,1,1,35000,2,1,2,,3,4,,,2,4,01,05,4256.337061
5359163,1,3,1,10,2,2,7,2003,17,3,6,,6,1,1,1,2,,,,,,,,,,,,,1,,,1,,,3,,,2,1,2,,3,5,,,2,5,01,05,4256.337061
5359163,1,4,1,10,2,2,4,2005,15,3,6,,6,1,1,1,2,,,,,,,,,,,,,1,,,1,,,3,,,2,1,2,,3,5,,,2,5,01,05,4256.337061
5359163,1,5,1,10,2,1,2,2020,0,4,6,,,2,,1,4,,,,,,,,,,,,,,,,1,,,1,5,,2,,,,,,,,2,,01,05,4256.337061
5359163,1,6,1,10,2,1,6,2010,10,3,6,,6,1,1,1,2,,,,,,,,,,,,,1,,,1,,,3,,,2,1,1,1,3,2,,,2,2,01,05,4256.337061
5359164,1,1,1,10,1,1,9,1965,55,1,6,,2,3,,2,,1,2,,,,1,,,,,,,,,2,1,,,3,,,2,1,2,,3,5,,,2,5,01,05,4690.5122898
5359164,1,2,1,10,2,2,3,1974,46,2,6,,2,3,,3,,1,1,,,,,,,,,,,1,,,1,,,3,,,2,1,2,,5,11,2,,2,11,01,05,4690.5122898
5359164,1,3,1,10,3,1,2,2008,12,3,6,,6,2,,1,2,,,,,,,,,,1,,,,,,1,,,3,,,2,1,1,1,4,7,,,2,7,01,05,4690.5122898
5359165,1,1,1,10,1,1,9,1992,28,1,6,,6,3,,2,,,,,,,,,,,,,,1,,1,2,1,106,,,,2,1,2,,3,4,,,2,4,01,05,5156.468048
5359166,1,1,1,10,1,1,2,1998,22,1,6,,2,2,,2,,1,2,,,,,,,,,,,1,,2,1,,,3,,,2,1,2,,4,6,,,2,6,01,05,6414.3214854
5359166,1,2,1,10,2,2,6,1997,23,2,6,,2,2,,2,,1,1,,,,,,,,,,,1,,,1,,,3,,,2,1,2,,4,6,,,2,6,01,05,6414.3214854
5359166,1,3,1,10,2,2,8,2012,8,3,6,,,2,,1,2,,,,,,,,,,,,,,,,1,,,3,,,2,1,1,1,3,2,,,2,2,01,05,6414.3214854
5359166,1,4,1,10,2,2,5,2020,0,3,6,,,1,1,1,2,,,,,,,,,,,,,,,,1,,,3,,,2,,,,,,,,2,,01,05,6414.3214854
5359167,1,1,1,10,1,2,5,1948,72,1,6,,6,3,,3,,,,,,,,,,,,,,1,,1,1,,,3,,,2,2,2,,1,0,,,2,0,01,05,3422.027745
5359168,1,1,1,10,1,1,2,2003,17,1,6,,6,2,,2,,,,,,,,,,,,,,1,,2,1,,,3,,,2,2,2,,1,0,,,2,0,01,05,5604.1057471
5359169,1,1,1,10,2,1,9,1980,40,1,6,,3,3,,2,,1,2,,,,,,,,,,,1,,1,1,,,1,1,98,2,1,2,,4,6,,,2,6,01,05,4152.3903413
5359169,1,2,1,10,2,2,11,1972,48,2,6,,3,2,,2,,1,1,,,,,,,,,,,1,,,1,,,3,,,2,1,2,,3,4,,,2,4,01,05,4152.3903413
5359170,1,1,1,10,1,1,2,1987,33,1,6,,2,3,,3,,1,2,,,,1,,,,,,,,,2,1,,,3,,,2,1,2,,5,11,2,,2,11,01,05,6023.5829992
5359170,1,2,1,10,2,2,9,1997,23,2,6,,2,2,,2,,1,1,,,,,,,,,,,1,,,1,,,3,,,2,1,2,,4,9,,,2,9,01,05,6023.5829992
5359170,1,3,1,10,2,1,6,2015,5,3,6,,,1,1,1,2,,,,,,,,,,,,,,,,1,,,3,,,2,2,1,1,2,0,,,2,0,01,05,6023.5829992
5359170,1,4,1,10,2,2,7,2016,4,3,6,,,1,1,1,2,,,,,,,,,,,,,,,,1,,,3,,,2,2,2,,1,0,,,2,0,01,05,6023.5829992
5359170,1,5,1,10,2,1,6,2018,2,3,6,,,1,1,1,2,,,,,,,,,,,,,,,,1,,,3,,,2,,,,,,,,2,,01,05,6023.5829992
5359172,1,1,1,10,1,1,4,2000,20,1,6,,2,2,,2,,1,2,,,,,,,,,,,1,,1,1,,,1,4,,2,1,2,,4,9,,,2,9,01,05,5672.4102802
5359172,1,2,1,10,2,2,7,2002,18,2,6,,2,2,,2,,1,1,,,,,,,,,,,1,,,1,,,1,5,,2,1,2,,4,7,,,2,7,01,05,5672.4102802
5359172,1,3,1,10,1,2,7,2020,0,3,6,,,1,1,1,2,,,,,,,,,,,,,,,,1,,,1,5,,2,,,,,,,,2,,01,05,5672.4102802
5359173,1,1,1,10,1,1,7,1956,64,1,6,,2,3,,3,,1,2,,,,1,,,,,,,,,2,1,,,3,,,2,2,2,,1,0,,,2,0,01,05,4564.2668492
5359173,1,2,1,10,2,2,3,1953,67,2,6,,2,3,,3,,1,1,,,,,,,,,,,1,,,1,,,3,,,2,2,2,,1,0,,,2,0,01,05,4564.2668492
5359173,1,3,1,10,2,1,6,2006,14,4,6,,6,2,,2,,,,,,,,,,,1,,,,,,1,,,3,,,2,1,1,1,4,8,,,2,8,01,05,4564.2668492
5359174,1,1,1,10,1,1,5,1979,41,1,6,,2,2,,2,,1,2,,,,,,,,,,,1,,2,2,1,36,,,,2,1,2,,5,11,2,,2,11,01,05,6655.30526
5359174,1,2,1,10,2,2,8,1984,36,2,6,,2,2,,2,,1,1,,,,1,,,1,,,,,,,2,1,24,,,,2,1,2,,5,11,2,,2,11,01,05,6655.30526
5359174,1,3,1,10,2,1,1,2007,14,3,6,,6,1,1,1,2,,,,,,,,,,1,,,,,,2,1,24,,,,2,1,1,1,4,6,,,2,6,01,05,6655.30526
5359174,1,4,1,10,2,1,3,2008,12,3,6,,6,1,1,1,2,,,,,,,,,,1,,,,,,2,1,24,,,,2,1,1,1,4,0,,,2,5,01,05,6655.30526
5359174,1,5,1,10,2,1,11,2012,8,3,6,,,1,1,1,2,,,,,,,,,,,,,,,,2,1,24,,,,2,1,1,1,3,2,,,2,2,01,05,6655.30526
5359175,1,1,1,10,1,1,9,1973,47,1,6,,2,2,,3,,1,2,,,,,,,,,,,1,,2,1,,,3,,,2,1,2,,3,4,,,2,4,01,05,4152.3903413
5359175,1,2,1,10,2,2,10,1978,42,2,6,,2,2,,2,,1,1,,,,,,1,,,,,,,,1,,,3,,,2,1,2,,5,11,2,,2,11,01,05,4152.3903413
5359176,1,1,1,10,1,1,5,1927,93,1,6,,5,3,,3,,,,,,,,,,,,,,1,,2,1,,,3,,,2,2,2,,1,0,,,2,0,01,05,3512.5119944
5359176,1,2,1,10,2,2,9,1957,63,3,6,,5,1,1,3,,,,,,,,,,,,,,1,,,1,,,3,,,2,1,2,,3,4,,,2,4,01,05,3512.5119944
5359177,1,1,1,10,1,1,12,1959,61,1,6,,3,3,,3,,1,2,1,,,,,,,,,,,,2,1,,,1,3,105000,2,1,2,,3,5,,,2,5,01,05,4116.6291501
5359177,1,2,1,10,2,2,6,1958,62,2,6,,3,3,,3,,1,1,,,,,,,,,,,1,,,1,,,1,5,,2,1,2,,4,7,,,2,7,01,05,4116.6291501
5359177,1,3,1,10,3,1,5,1995,25,3,6,,6,1,1,1,2,,,,,,,,,,,,,1,,,1,,,3,,,2,1,2,,5,11,2,,2,11,01,05,4116.6291501
5359178,1,1,1,10,1,2,12,1936,84,1,6,,5,3,,3,,,,,,,,,,,,,,1,,2,1,,,3,,,2,1,2,,3,1,,,2,1,01,05,4026.1449007
5359178,1,2,1,10,1,1,1,1978,43,3,6,,6,3,,1,1,,,,,,,,,,,,,1,,,1,,,3,,,2,2,2,,1,0,,,2,0,01,05,4026.1449007
5359179,1,1,1,10,1,1,4,1956,64,1,6,,3,3,,3,,1,2,,,,,,,,,,,1,,2,1,,,1,5,,2,1,1,1,3,2,,,2,2,01,05,2276.1754461
5359179,1,2,1,10,2,2,12,1957,63,2,6,,3,3,,3,,1,1,,,,,,,,,1,,,,,1,,,1,5,,2,1,2,,3,2,,,2,2,01,05,2276.1754461
5359179,1,3,1,10,3,2,8,1996,24,4,6,,6,2,,2,,,,,,,,,,,1,,,,,,1,,,3,,,2,1,1,1,6,4,2,2,2,15,01,05,2276.1754461
5359179,1,4,1,10,4,2,5,2007,13,4,6,,6,2,,2,,,,,,,,,,,1,,,,,,1,,,1,5,,2,1,1,1,4,8,,,2,8,01,05,2276.1754461
5359180,1,1,1,10,1,2,7,1960,60,1,6,,6,3,,3,,,,,,,1,,,,,,,,,1,1,,,3,,,2,1,2,,1,0,,,2,0,01,05,3422.027745
5359197,1,1,1,10,1,1,7,1994,26,1,6,,2,2,,3,,1,2,,,,1,,,,,,,,,2,1,,,3,,,2,1,2,,3,5,,,2,5,01,05,2805.1769971
5359197,1,2,1,10,2,2,3,1990,30,2,6,,2,2,,2,,1,1,,,,,,,,,,,1,,,1,,,3,,,2,1,2,,4,8,,,2,8,01,05,2805.1769971
5359197,1,3,1,10,2,2,8,2005,15,3,6,,6,2,,1,2,,,,,,,,,,1,,,,,,1,,,3,,,2,1,1,1,4,8,,,2,8,01,05,2805.1769971
5359197,1,4,1,10,2,2,9,2009,11,3,6,,6,2,,1,2,,,,,,,,,,1,,,,,,1,,,3,,,2,1,1,1,4,0,,,2,5,01,05,2805.1769971
5359198,1,1,1,10,1,1,3,1954,66,1,6,,3,3,,3,,1,2,,,,1,,,,,,,,,2,1,,,1,3,110000,2,1,2,,5,11,2,,2,11,01,05,3512.5119944
5359198,1,2,1,10,2,2,4,1956,64,2,6,,3,3,,3,,1,1,,,,,,,,,,,1,,,1,,,1,5,,2,1,2,,4,7,,,2,7,01,05,3512.5119944
5359200,1,1,1,10,1,2,7,1973,47,1,6,,5,2,,2,,,,,,,,,,,,,,1,,2,1,,,2,1,280000,2,1,2,,6,7,5,,2,18,01,05,3947.6783947
5359200,1,2,1,10,1,1,4,2011,9,3,6,,,2,,1,1,,,,,,,,,,,,,,,,1,,,1,5,,2,1,1,1,3,4,,,2,4,01,05,3947.6783947
5359202,1,1,1,10,2,1,6,1983,37,1,6,,2,3,,2,,1,2,,,,,,,1,,,,,,2,1,,,3,,,2,1,2,,3,5,,,2,5,01,05,4530.538524
5359202,1,2,1,10,2,2,3,1989,31,2,6,,2,2,,2,,1,1,,,,,,,,,,1,,NO HAY CITAS DE CONTROL DE EMBARAZO,,1,,,3,,,2,1,2,,3,5,,,2,5,01,05,4530.538524
5359202,1,3,1,10,2,2,9,2005,15,3,6,,6,1,1,1,2,,,,,,,,,,1,,,,,,1,,,3,,,2,1,1,1,4,9,,,2,9,01,05,4530.538524
5359202,1,4,1,10,2,1,2,2007,13,3,6,,6,1,1,1,2,,,,,,,,,,1,,,,,,1,,,3,,,2,1,1,1,4,8,,,2,8,01,05,4530.538524
5359220,1,1,1,10,1,1,5,1960,60,1,6,,6,3,,3,,,,,,,,,,,,,,1,,1,1,,,3,,,2,1,2,,3,5,,,2,5,01,15,831.35450656
5359220,1,2,1,10,2,2,7,1971,49,5,6,,6,3,,3,,,,,,,,,,,,,,1,,,1,,,3,,,2,1,2,,4,8,,,2,8,01,15,831.35450656
5359221,1,1,1,10,1,1,7,1953,67,1,6,,3,3,,3,,1,2,,,1,1,,,1,,1,,,,1,1,,,3,,,2,1,2,,3,1,,,2,1,01,15,831.35450656
5359221,1,2,1,10,2,2,7,1954,66,2,6,,3,3,,2,,1,1,,,,,,,,,,,1,,,1,,,3,,,2,1,2,,3,1,,,2,1,01,15,831.35450656
5359221,1,3,1,10,3,2,1,2004,17,4,6,,6,2,,2,,,,,,,,,,,1,,,,,,1,,,3,,,2,1,1,1,4,9,,,2,9,01,15,831.35450656
5359222,1,1,1,10,1,1,11,1954,66,1,6,,6,3,,3,,,,,,,,,,,,,,1,,1,1,,,3,,,2,1,2,,3,4,,,2,4,01,15,831.35450656
5359222,1,2,1,10,2,1,11,1956,64,5,6,,6,3,,3,,,,,,,,,,,,,,1,,,1,,,3,,,2,1,2,,3,2,,,2,2,01,15,831.35450656
5359222,1,3,1,10,3,2,7,1961,59,5,6,,6,3,,3,,,,,,,,,,,,,,1,,,1,,,3,,,2,1,2,,3,2,,,2,2,01,15,831.35450656
5359223,1,1,1,10,1,1,12,1989,31,1,6,,3,2,,2,,1,2,,,1,1,,,,,1,,,,1,1,,,3,,,2,1,2,,3,4,,,2,4,01,15,831.35450656
5359223,1,2,1,10,2,2,9,1989,31,2,6,,3,2,,2,,1,1,,,,,,,,,1,,,,,1,,,3,,,2,1,2,,4,9,,,2,9,01,15,831.35450656
5359223,1,3,1,10,3,2,6,2007,13,3,6,,6,1,1,1,2,,,,,,,,,,1,,,,,,1,,,3,,,2,1,1,1,4,7,,,2,7,01,15,831.35450656
5359223,1,4,1,10,4,1,9,2010,10,3,6,,6,1,1,1,2,,,,,,,,,,1,,,,,,1,,,3,,,2,1,1,1,3,4,,,2,4,01,15,831.35450656
5359224,1,1,1,10,1,1,12,1984,36,1,6,,2,3,,2,,1,2,,,,1,,,,,,,,,2,1,,,3,,,2,1,2,,5,11,2,,2,11,01,15,796.26692861
5359224,1,2,1,10,2,2,3,1984,36,2,6,,2,2,,2,,1,1,,,,,,,,,,,1,,,1,,,3,,,2,1,2,,3,5,,,2,5,01,15,796.26692861
5359224,1,3,1,10,3,2,3,2008,12,3,6,,6,1,1,1,2,,,,,,,,,,,,,1,,,1,,,3,,,2,1,1,1,4,7,,,2,7,01,15,796.26692861
5359224,1,4,1,10,2,1,7,2011,9,3,6,,,1,1,1,2,,,,,,,,,,,,,,,,1,,,3,,,2,1,1,1,3,3,,,2,3,01,15,796.26692861
5359225,1,1,1,10,1,2,12,1983,37,1,6,,4,2,,2,,,,,,1,,,,1,,,,,,1,1,,,3,,,2,1,2,,3,5,,,2,5,01,15,3741.0952795
5359225,1,2,1,10,1,1,8,2012,8,3,6,,,1,4,1,1,,,,,,,,,,,,,,,,1,,,3,,,2,1,1,1,3,2,,,2,2,01,15,3741.0952795
5359225,1,3,1,10,1,2,10,2015,5,3,6,,,1,4,1,1,,,,,,,,,,,,,,,,1,,,3,,,2,2,1,1,2,0,,,2,0,01,15,3741.0952795
5359225,1,4,1,10,4,1,12,1968,52,9,6,,4,2,,2,,,,,,1,1,,,,,1,,,,,1,,,1,3,109000,2,1,2,,5,11,2,,2,11,01,15,3741.0952795
5359225,1,5,1,10,5,2,2,2003,17,9,6,,6,1,4,2,,,,,,,,,,,1,,,,,,1,,,3,,,2,1,1,1,6,1,2,2,2,12,01,15,3741.0952795
5359226,1,1,1,10,1,1,11,1979,41,1,6,,3,2,,2,,1,2,,,,,,,,,,,1,,2,1,,,3,,,2,1,2,,4,9,,,2,9,01,15,3741.0952795
5359226,1,2,1,10,2,2,9,1984,36,2,6,,3,2,,2,,1,1,,,,,,,,,,,1,,,1,,,1,3,109700,2,1,2,,5,11,2,,2,11,01,15,3741.0952795
5359226,1,3,1,10,3,2,3,2005,15,3,6,,6,1,1,1,2,,,,,,,,,,1,,,,,,1,,,3,,,2,1,1,1,5,10,1,,2,10,01,15,3741.0952795
5359226,1,4,1,10,2,1,11,2009,11,3,6,,6,1,1,1,2,,,,,,,,,,1,,,,,,1,,,3,,,2,1,1,1,4,6,,,2,6,01,15,3741.0952795
5359226,1,5,1,10,2,2,10,2017,3,3,6,,,1,1,1,2,,,,,,,,,,,,,,,,1,,,3,,,2,2,2,,1,0,,,2,0,01,15,3741.0952795
5359227,1,1,1,10,1,1,5,1954,66,1,6,,3,3,,3,,1,2,,,1,1,,,1,,1,,,,1,1,,,3,,,2,1,2,,3,1,,,2,1,01,15,831.35450656
5359227,1,2,1,10,2,2,9,1961,59,2,6,,3,3,,3,,1,1,,,,,,,,,,,1,,,1,,,3,,,2,1,2,,3,5,,,2,5,01,15,831.35450656
5359227,1,3,1,10,3,2,6,2003,17,3,6,,6,1,1,1,2,,,,,,,,,,1,,,,,,1,,,3,,,2,1,2,,5,11,2,,2,11,01,15,831.35450656
5359228,1,1,1,10,1,1,11,1978,42,1,6,,3,3,,3,,1,2,,,,,,,,,,1,,TRATAMIENTO MEDICO SUSPENDIDO,2,1,,,3,,,2,1,2,,4,8,,,2,8,01,15,831.35450656
5359228,1,2,1,10,2,2,12,1976,44,2,6,,3,2,,3,,1,1,,,,,,,,,,,1,,,1,,,3,,,2,1,2,,4,7,,,2,7,01,15,831.35450656
5359229,1,1,1,10,1,1,12,1994,26,1,6,,2,3,,2,,1,2,,,,,,,,,,,1,,2,1,,,3,,,2,1,1,1,6,4,2,2,2,15,01,15,3741.0952795
5359229,1,2,1,10,2,2,4,2001,19,2,6,,2,3,,2,,1,1,,,,,,,,,,,1,,,1,,,3,,,2,1,1,1,6,0,2,2,2,11,01,15,3741.0952795
5359229,1,3,1,10,2,2,5,2020,0,3,6,,,1,1,1,2,,,,,,,,,,,,,,,,1,,,3,,,2,,,,,,,,2,,01,15,3741.0952795
5359230,1,1,1,10,1,1,1,1960,61,1,6,,3,3,,3,,1,2,,,,,,,,,,,1,,1,1,,,3,,,2,1,2,,3,4,,,2,4,01,15,831.35450656
5359230,1,2,1,10,2,2,8,1967,53,2,6,,3,3,,2,,1,1,,,,,,,,,,,1,,,1,,,3,,,2,1,2,,3,2,,,2,2,01,15,831.35450656
5359231,1,1,1,10,1,2,9,1958,62,1,6,,4,3,,3,,,,,,,,,,,,,,1,,1,1,,,3,,,2,1,2,,3,3,,,2,3,01,15,831.35450656
5359232,1,1,1,10,1,2,8,1986,34,1,6,,3,2,,2,,1,2,,,,,,,1,,,,,,2,1,,,3,,,2,1,2,,3,5,,,2,5,01,15,831.35450656
5359232,1,2,1,10,2,1,5,1981,39,2,6,,3,2,,2,,1,1,,,,1,,,,,,,,,,1,,,3,,,2,1,2,,3,5,,,2,5,01,15,831.35450656
5359232,1,3,1,10,3,2,12,2006,14,3,6,,6,1,2,1,1,,,,,,,,,,1,,,,,,1,,,3,,,2,1,1,1,4,8,,,2,8,01,15,831.35450656
5359232,1,4,1,10,4,2,7,2009,11,3,6,,6,1,2,1,1,,,,,,,,,,1,,,,,,1,,,3,,,2,1,1,1,3,5,,,2,5,01,15,831.35450656
5359232,1,5,1,10,1,2,6,2012,8,3,6,,,1,2,1,1,,,,,,,,,,,,,,,,1,,,3,,,2,1,1,1,3,2,,,2,2,01,15,831.35450656
5359233,1,1,1,10,1,1,4,1964,56,1,6,,3,3,,3,,1,2,,,1,,,,1,,1,,,,1,1,,,2,5,,2,1,2,,3,3,,,2,3,01,15,831.35450656
5359233,1,2,1,10,2,2,4,1972,48,2,6,,3,3,,3,,1,1,,,,1,,,,,,,,,,1,,,2,5,,2,1,2,,3,3,,,2,3,01,15,831.35450656
5359233,1,3,1,10,3,1,1,1993,28,3,6,,6,1,1,1,2,,,,,,,1,,,,,,,,,1,,,3,,,2,1,2,,6,2,3,,2,13,01,15,831.35450656
5359234,1,1,1,10,1,1,7,1971,49,1,6,,3,2,,2,,1,2,,,1,1,,,1,,1,,,,2,1,,,3,,,2,1,2,,3,3,,,2,3,01,15,3741.0952795
5359234,1,2,1,10,2,2,4,1976,44,2,6,,3,2,,2,,1,1,,,,,,,,,,,1,,,1,,,3,,,2,1,2,,3,5,,,2,5,01,15,3741.0952795
5359234,1,3,1,10,3,1,9,1996,24,3,6,,2,1,1,1,2,1,4,,,,,,,,,,,1,,,1,,,3,,,2,1,2,,4,8,,,2,8,01,15,3741.0952795
5359234,1,4,1,10,4,2,12,1997,23,5,6,,2,3,,2,,1,3,,,,,,,,,,,1,,,1,,,3,,,2,1,2,,4,9,,,2,9,01,15,3741.0952795
5359234,1,5,1,10,3,2,5,2018,2,4,6,,,1,3,1,4,,,,,,,,,,,,,,,,1,,,3,,,2,,,,,,,,2,,01,15,3741.0952795
5359235,1,1,1,10,1,2,4,1945,75,1,6,,6,3,,3,,,,,,,,,,,,,,1,,1,1,,,3,,,2,2,2,,1,0,,,2,0,01,15,831.35450656
5359235,1,2,1,10,2,2,4,1985,35,3,6,,6,3,,1,1,,,,,,,,,,,,,1,,,1,,,3,,,2,1,2,,3,5,,,2,5,01,15,831.35450656
5359235,1,3,1,10,3,2,6,2009,11,4,6,,6,2,,1,2,,,,,,,,,,1,,,,,,1,,,3,,,2,1,1,1,3,5,,,2,5,01,15,831.35450656
5359235,1,4,1,10,2,1,6,2011,9,4,6,,,2,,1,2,,,,,,,,,,,,,,,,1,,,3,,,2,1,1,1,3,2,,,2,2,01,15,831.35450656
5359235,1,5,1,10,2,2,9,2016,4,4,6,,,2,,1,2,,,,,,,,,,,,,,,,1,,,3,,,2,2,2,,1,0,,,2,0,01,15,831.35450656
5359236,1,1,1,10,1,1,8,1961,59,1,6,,3,3,,2,,1,2,,,,,,,,,,,1,,1,1,,,3,,,2,1,2,,3,1,,,2,1,01,15,796.26692861
5359236,1,2,1,10,2,2,1,1961,60,2,6,,3,2,,3,,1,1,,1,,,,,,,,,,,,1,,,3,,,2,1,2,,3,3,,,2,3,01,15,796.26692861
5359237,1,1,1,10,1,1,8,1975,45,1,6,,2,3,,2,,1,2,,1,1,1,,,,,1,,,,1,1,,,3,,,2,1,2,,4,6,,,2,6,01,15,796.26692861
5359237,1,2,1,10,2,2,12,1976,44,2,6,,2,2,,2,,1,1,,,1,,,,,,1,,,,,1,,,3,,,2,1,2,,3,5,,,2,5,01,15,796.26692861
5359237,1,3,1,10,3,2,5,2002,18,3,6,,6,1,1,1,2,,,,,,,,,,1,,,,,,1,,,3,,,2,1,1,1,5,10,1,,2,10,01,15,796.26692861
5359238,1,1,1,10,1,1,2,1989,31,1,6,,6,3,,1,2,,,,,,1,,1,1,,,,,,2,1,,,3,,,2,1,2,,6,9,5,,2,20,01,15,831.35450656
5359238,1,2,1,10,2,2,4,1956,64,5,6,,5,3,,2,,,,,,,,,,,,,,1,,,1,,,3,,,2,1,2,,3,1,,,2,1,01,15,831.35450656
5359238,1,3,1,10,3,2,6,2009,11,5,6,,6,3,,2,,,,,,,,,,,1,,,,,,1,,,3,,,2,1,1,1,4,0,,,2,5,01,15,831.35450656
5359238,1,4,1,10,1,1,7,2016,4,5,6,,,3,,2,,,,,,,,,,,,,,,,,1,,,3,,,2,2,2,,1,0,,,2,0,01,15,831.35450656
5359239,1,1,1,10,1,1,7,1938,82,1,6,,2,3,,3,,1,2,,1,1,,,,,,,,,,2,1,,,3,,,2,1,2,,3,1,,,2,1,01,15,796.26692861
5359239,1,2,1,10,2,2,4,1940,80,2,6,,2,3,,3,,1,1,,1,1,,,,,,1,,,,,1,,,3,,,2,2,2,,1,0,,,2,0,01,15,796.26692861
5359240,1,1,1,10,1,1,1,1973,48,1,6,,3,2,,2,,1,2,,,,1,,,,,,,,,2,1,,,3,,,2,1,2,,3,4,,,2,4,01,15,831.35450656
5359240,1,2,1,10,2,2,3,1974,46,2,6,,3,1,4,1,5,1,1,,,,,,,,,,,1,,,1,,,3,,,2,1,2,,3,4,,,2,4,01,15,831.35450656
5359240,1,3,1,10,3,1,6,2001,19,3,6,,6,1,1,1,2,,,,,,1,,,,,,,,,,1,,,3,,,2,1,2,,5,11,2,,2,11,01,15,831.35450656
5359240,1,4,1,10,4,1,3,1948,72,5,6,,3,3,,3,,1,5,,,,,,,,,,,1,,,1,,,3,,,2,1,2,,3,2,,,2,2,01,15,831.35450656
5359240,1,5,1,10,5,2,6,1951,69,5,6,,3,3,,3,,1,4,,,,,,,,,,,1,,,1,,,3,,,2,2,2,,1,0,,,2,0,01,15,831.35450656
5359241,1,1,1,10,1,1,4,1956,64,1,6,,3,3,,3,,1,2,,,1,1,,,,,1,,,,1,1,,,3,,,2,1,2,,3,5,,,2,5,01,15,831.35450656
5359241,1,2,1,10,2,2,12,1962,58,2,6,,3,2,,2,,1,1,,,,,,,,,1,,,,,1,,,3,,,2,1,2,,3,2,,,2,2,01,15,831.35450656
5359241,1,3,1,10,3,1,6,2001,19,3,6,,6,1,1,1,2,,,,,,1,,,,,,,,,,1,,,3,,,2,1,2,,5,10,1,,2,10,01,15,831.35450656
5359242,1,1,1,10,1,1,7,1932,88,1,6,,5,3,,3,,,,,1,,,,,,,1,,,,1,1,,,3,,,2,2,2,,1,0,,,2,0,01,15,974.0832533
5359243,1,1,1,10,1,1,4,1984,36,1,6,,2,2,,2,,1,2,,,,,,,,,,,1,,1,1,,,3,,,2,1,2,,4,8,,,2,8,01,15,831.35450656
5359243,1,2,1,10,2,2,11,1978,42,2,6,,2,2,,2,,1,1,,,,,,,,,,,1,,,1,,,3,,,2,1,2,,3,3,,,2,3,01,15,831.35450656
5359243,1,3,1,10,3,2,2,2010,10,3,6,,6,1,1,1,2,,,,,,,,,,1,,,,,,1,,,3,,,2,1,1,1,3,5,,,2,5,01,15,831.35450656
5359243,1,4,1,10,2,2,3,2013,7,3,6,,,1,1,1,2,,,,,,,,,,,,,,,,1,,,3,,,2,1,1,1,3,2,,,2,2,01,15,831.35450656
5359244,1,1,1,10,1,1,12,1954,66,1,6,,3,3,,3,,1,2,,,,1,,,,,,,,,1,1,,,3,,,2,1,2,,3,1,,,2,1,01,15,831.35450656
5359244,1,2,1,10,2,2,12,1958,62,2,6,,3,3,,3,,1,1,,,,1,,,,,,,,,,1,,,3,,,2,1,2,,3,3,,,2,3,01,15,831.35450656
5359245,1,1,1,10,1,2,9,1957,63,1,6,,6,3,,3,,,,,1,1,1,1,,,,1,,,,1,1,,,3,,,2,2,2,,1,0,,,2,0,01,15,796.26692861
5359245,1,2,1,10,2,1,6,1989,31,3,6,,6,3,,1,1,,,,,1,1,,,1,,1,,,,,2,1,14,,,,2,1,2,,5,11,2,,2,11,01,15,796.26692861
5359246,1,1,1,10,1,2,3,1971,49,1,6,,5,2,,2,,,,,,1,,,,1,,,,,,1,1,,,3,,,2,1,2,,3,4,,,2,4,01,15,796.26692861
5359246,1,2,1,10,2,2,11,1992,28,3,6,,6,3,,1,1,,,,,,,1,,,,,,,,,1,,,3,,,2,1,2,,6,5,4,,2,16,01,15,796.26692861
5359246,1,3,1,10,3,1,3,1998,22,3,6,,6,3,,1,1,,,1,,,,,,,,,,,,,1,,,1,1,48000,2,1,2,,5,11,2,,2,11,01,15,796.26692861
5359246,1,4,1,10,4,2,7,2000,20,3,6,,6,3,,1,1,,,,,,,,,,,,,1,,,1,,,1,1,35100,1,1,1,1,6,2,3,,2,13,01,15,796.26692861
5359247,1,1,1,10,1,1,11,1960,60,1,6,,3,3,,3,,1,2,,,,1,1,,,,1,,,,1,1,,,3,,,2,1,2,,3,5,,,2,5,01,15,796.26692861
5359247,1,2,1,10,2,2,4,1970,50,2,6,,3,3,,2,,1,1,,1,1,1,,,,,1,,,,,1,,,3,,,2,1,2,,3,5,,,2,5,01,15,796.26692861
5359247,1,3,1,10,3,1,7,2009,11,3,6,,6,1,1,1,2,,,,,,,,,,1,1,,,,,1,,,3,,,1,1,1,1,3,5,,,2,5,01,15,796.26692861
5359248,1,1,1,10,1,2,6,1965,55,1,6,,4,3,,2,,,,,1,1,,,,,,,,,,1,1,,,3,,,2,1,2,,3,5,,,2,5,01,15,796.26692861
5359248,1,2,1,10,2,2,6,1990,30,3,6,,6,2,,1,1,,,,,,,,,,,,,1,,,1,,,3,,,2,1,2,,5,11,2,,2,11,01,15,796.26692861
5359248,1,3,1,10,2,2,5,2019,1,4,6,,,2,,1,2,,,,,,,,,,,,,,,,1,,,3,,,2,,,,,,,,2,,01,15,796.26692861
5359248,1,4,1,10,4,2,10,2002,18,3,6,,6,2,,1,1,,,,,,,,,,,,,1,,,1,,,3,,,2,1,1,1,6,0,2,2,2,11,01,15,796.26692861
5359249,1,1,1,10,1,1,8,1974,46,1,6,,4,2,,2,,,,,,,,,,,,,,1,,1,1,,,3,,,2,1,2,,3,5,,,2,5,01,15,3142.6364947
5359250,1,1,1,10,1,1,5,1946,74,1,6,,3,3,,3,,1,2,,1,1,1,,,,,1,,,,1,1,,,3,,,2,1,2,,3,1,,,2,1,01,15,796.26692861
5359250,1,2,1,10,2,2,6,1951,69,2,6,,3,3,,3,,1,1,,,,,,,,,1,,,,,1,,,3,,,2,1,2,,3,2,,,2,2,01,15,796.26692861
5359250,1,3,1,10,2,1,4,1985,35,3,6,,6,1,1,1,2,,,,,,1,,,,,1,,,,,1,,,3,,,2,1,2,,6,1,2,2,2,12,01,15,796.26692861
5359270,1,1,1,10,1,2,2,1986,34,1,6,,6,2,,2,,,,,,,,,,,,,,1,,2,1,,,3,,,2,1,2,,6,2,3,,2,13,01,15,796.26692861
5359270,1,2,1,10,2,1,9,2012,8,3,6,,,2,,1,1,,,,,,,,,,,,,,,,1,,,3,,,2,1,1,1,3,2,,,2,2,01,15,796.26692861
5359271,1,1,1,10,1,2,6,1956,64,1,6,,6,3,,2,,,,,1,1,1,,,,,,,,,1,1,,,3,,,2,1,2,,3,5,,,2,5,01,15,796.26692861
5359272,1,1,1,10,1,2,11,1953,67,1,6,,6,3,,2,,,,,,1,1,1,,,,1,,,,1,1,,,3,,,2,1,2,,3,5,,,2,5,01,15,796.26692861
5359273,1,1,1,10,1,2,6,1935,85,1,6,,5,3,,3,,,,,,,,,,,,1,,,,1,1,,,3,,,2,1,2,,3,2,,,2,2,01,15,796.26692861
5359274,1,1,1,10,1,2,10,1978,42,1,6,,4,2,,2,,,,,1,1,1,1,,1,,1,,,,1,1,,,3,,,2,1,2,,4,9,,,2,9,01,15,796.26692861
5359274,1,2,1,10,2,1,11,1999,21,3,6,,6,3,,1,1,,,,1,,1,1,,1,,,,,,,2,1,10,,,,1,1,2,,6,2,2,2,2,13,01,15,796.26692861
5359274,1,3,1,10,3,2,4,2008,12,3,6,,6,2,,1,1,,,,,,,,,,1,1,,,,,1,,,3,,,2,1,1,1,4,6,,,2,6,01,15,796.26692861
5359275,1,1,1,10,1,1,9,1973,47,1,6,,6,2,,2,,,,,,,,,,,,,,1,,2,1,,,1,1,35100,2,1,2,,5,11,2,,2,11,01,15,2954.9273484
5359275,1,2,1,10,2,1,10,1999,21,3,6,,6,1,1,2,,,,,,,,,,,,,,1,,,1,,,1,5,,2,1,2,,6,3,2,2,2,14,01,15,2954.9273484
5359275,1,3,1,10,3,2,11,1970,50,5,6,,4,2,,2,,,,,,,,,,,,,,1,,,1,,,3,,,2,1,2,,5,11,2,,2,11,01,15,2954.9273484
5359275,1,4,1,10,4,1,8,1980,40,5,6,,6,2,,2,,,,,,,,,,,,,,1,,,1,,,1,3,98,2,1,2,,5,11,2,,2,11,01,15,2954.9273484
5359276,1,1,1,10,1,1,1,1945,76,1,6,,3,3,,3,,1,2,,,1,,1,,,,1,,,,1,1,,,1,3,113600,2,1,2,,3,2,,,2,2,01,15,796.26692861
5359276,1,2,1,10,2,2,6,1947,73,2,6,,3,3,,3,,1,1,,1,1,,,,,,1,1,,DIFICULTAD PARA ASISTIR A CITAS MEDICAS ESPECIALIZADAS,,1,,,1,5,,2,1,2,,3,2,,,2,2,01,15,796.26692861
5359289,1,1,1,10,1,1,10,1963,57,1,6,,2,3,,3,,1,2,,,,,,,,,,,1,,2,1,,,3,,,2,1,2,,3,2,,,2,2,01,15,796.26692861
5359289,1,2,1,10,2,2,6,1964,56,2,6,,2,3,,3,,1,1,,,,,,,,,,,1,,,1,,,3,,,2,1,2,,3,2,,,2,2,01,15,796.26692861
5359289,1,3,1,10,3,2,11,1988,32,3,6,,2,1,1,1,2,2,,,,,,,,,,,,1,,,1,,,3,,,2,1,2,,5,11,2,,2,11,01,15,796.26692861
5359289,1,4,1,10,4,2,12,2009,11,4,6,,6,2,,1,3,,,,,,,,,,1,,,,,,1,,,3,,,2,1,1,1,4,0,,,2,5,01,15,796.26692861
5359289,1,5,1,10,3,1,6,2015,5,4,6,,,2,,1,3,,,,,,,,,,,,,,,,1,,,3,,,2,2,1,1,2,0,,,2,0,01,15,796.26692861
5359295,1,1,1,10,1,1,7,1995,25,1,6,,2,2,,2,,1,2,,1,1,1,1,,1,,,,,,1,1,,,3,,,2,1,2,,3,5,,,2,5,01,15,3583.2011787
5359295,1,2,1,10,2,2,5,1998,22,2,6,,2,2,,2,,1,1,,1,1,,1,,1,,1,,,,,1,,,3,,,2,1,2,,3,5,,,2,5,01,15,3583.2011787
5359295,1,3,1,10,2,2,12,2017,3,3,6,,,1,1,1,2,,,,,,,,,,,,,,,,1,,,3,,,2,2,2,,1,0,,,2,0,01,15,3583.2011787
5359296,1,1,1,10,1,2,9,1948,72,1,6,,5,3,,3,,,,,,,,,,,,,,1,,1,1,,,3,,,2,1,2,,3,1,,,2,1,01,15,796.26692861
5359301,1,1,1,10,1,2,,,72,1,6,,5,3,,3,,,,,,,,,,,,,1,,DIFICULTAD PARA ASISTIR A CITAS MEDICAS ESPECIALIZADAS,1,1,,,3,,,2,1,2,,3,3,,,2,3,01,15,796.26692861
5359301,1,2,1,10,2,2,12,1956,64,5,6,,6,3,,3,,,,,,,,,,,,,,1,,,1,,,3,,,2,1,2,,3,1,,,2,1,01,15,796.26692861
5359301,1,3,1,10,3,1,6,1957,63,5,6,,6,3,,3,,,,,,,,,,,,,,1,,,1,,,3,,,2,1,2,,3,2,,,2,2,01,15,796.26692861
5359301,1,4,1,10,4,2,8,1957,63,5,6,,6,3,,3,,,,,,,,,,,,,,1,,,1,,,3,,,2,1,2,,3,2,,,2,2,01,15,796.26692861
5359301,1,5,1,10,5,2,5,2001,19,5,6,,6,2,,1,4,,,,,,,,,,,,,1,,,1,,,3,,,2,1,2,,4,9,,,2,9,01,15,796.26692861
5359302,1,1,1,10,1,1,8,1941,79,1,6,,3,3,,3,,1,2,,1,,,,,,,,,,,1,1,,,3,,,2,2,2,,1,0,,,2,0,01,15,796.26692861
5359302,1,2,1,10,2,2,4,1940,80,2,6,,3,3,,3,,1,1,,,,,,,,,,,1,,,1,,,3,,,2,2,2,,1,0,,,2,0,01,15,796.26692861
5359302,1,3,1,10,3,1,9,1989,31,4,6,,6,3,,2,,,,,,,,,,1,,,,,,,2,1,12,,,,2,1,2,,4,9,,,2,9,01,15,796.26692861
5359303,1,1,1,10,1,1,5,1975,45,1,6,,2,2,,2,,1,2,,,1,1,,,1,,1,,,,1,1,,,3,,,2,1,2,,3,5,,,2,5,01,15,3583.2011787
5359303,1,2,1,10,2,2,2,1974,46,2,6,,2,2,,2,,1,1,,1,1,1,,,,,1,,,,,1,,,3,,,2,1,2,,3,4,,,2,4,01,15,3583.2011787
5359303,1,3,1,10,3,1,11,2010,10,3,6,,6,1,1,1,2,,,,,,,,,,1,1,,,,,1,,,3,,,2,1,1,1,3,4,,,2,4,01,15,3583.2011787
5359303,1,4,1,10,2,1,3,2011,9,3,6,,,1,1,1,2,,,,,,,,,,,,,,,,1,,,3,,,2,1,1,1,3,3,,,2,3,01,15,3583.2011787
5359303,1,5,1,10,2,1,10,2015,5,3,6,,,1,1,1,2,,,,,,,,,,,,,,,,1,,,3,,,2,2,2,,1,0,,,2,0,01,15,3583.2011787
5359305,1,1,1,10,1,2,9,1965,55,1,6,,5,2,,2,,,,,1,,,,,,,,,,,2,1,,,1,5,,2,1,2,,3,3,,,2,3,01,15,796.26692861
5359305,1,2,1,10,2,2,8,1986,34,3,6,,3,2,,1,1,1,3,,,,,,,,,,,1,,,1,,,1,1,52000,2,1,2,,6,2,3,,2,13,01,15,796.26692861
5359305,1,3,1,10,3,1,10,1983,37,5,6,,3,2,,2,,1,2,,,,1,,,,,,,,,,1,,,1,5,,2,1,2,,5,11,2,,2,11,01,15,796.26692861
5359305,1,4,1,10,2,2,9,2013,7,4,6,,,1,3,1,2,,,,,,,,,,,,,,,,1,,,1,5,,2,1,1,1,3,0,,,2,0,01,15,796.26692861
5359305,1,5,1,10,2,1,6,2015,5,4,6,,,1,3,1,2,,,,,,,,,,,,,,,,1,,,1,5,,2,2,1,1,2,0,,,2,0,01,15,796.26692861
5359307,1,1,1,10,1,2,11,1973,47,1,6,,3,3,,2,,1,2,,1,1,1,,,,,1,,,,1,1,,,1,5,,2,1,2,,5,11,2,,2,11,01,15,796.26692861
5359307,1,2,1,10,2,1,6,1969,51,2,6,,3,2,,2,,1,1,,1,1,1,,,1,,1,,,,,1,,,1,3,113600,2,1,2,,5,11,2,,2,11,01,15,796.26692861
5359307,1,3,1,10,3,2,6,2005,15,3,6,,6,1,2,1,1,,,,,,,,,,1,1,,,,,1,,,1,5,,2,1,2,,4,9,,,2,9,01,15,796.26692861
5359308,1,1,1,10,1,2,4,1954,66,1,6,,5,3,,3,,,,,1,,,,,,,,,,,1,1,,,3,,,2,1,2,,3,1,,,2,1,01,15,796.26692861
5359311,1,1,1,10,1,2,11,1950,70,1,6,,5,3,,3,,,,,1,,,,,,,1,,,,1,1,,,3,,,2,1,2,,3,2,,,2,2,01,15,796.26692861
5359311,1,2,1,10,2,1,6,1978,42,3,6,,6,3,,1,1,,,,,,,,,,,,,1,,,1,,,3,,,2,1,2,,3,5,,,2,5,01,15,796.26692861
5359312,1,1,1,10,2,2,,,87,1,6,,5,3,,3,,,,,,,,,,,,,,1,,1,1,,,3,,,2,2,2,,1,0,,,2,0,01,15,796.26692861
5359312,1,2,1,10,2,1,11,1973,47,3,6,,6,3,,1,1,,,,1,1,1,1,,,,1,,,,,1,,,3,,,2,1,2,,3,2,,,2,2,01,15,796.26692861
5359316,1,1,1,10,1,1,9,1974,46,1,6,,3,2,,3,,1,2,,1,1,,,,1,,1,,,,1,1,,,3,,,2,1,2,,3,5,,,2,5,01,15,3583.2011787
5359316,1,2,1,10,2,2,8,1982,38,2,6,,3,2,,2,,1,1,,,1,1,,,,,1,,,,,1,,,3,,,2,1,2,,5,11,2,,2,11,01,15,3583.2011787
5359316,1,3,1,10,3,1,11,2007,13,3,6,,6,1,1,1,2,,,,,,,,,,1,1,,,,,1,,,3,,,2,1,1,1,4,7,,,2,7,01,15,3583.2011787
5359316,1,4,1,10,2,2,4,2012,8,3,6,,,1,1,1,2,,,,,,,,,,,,,,,,1,,,3,,,2,1,1,1,3,3,,,2,3,01,15,3583.2011787
5359317,1,1,1,10,1,1,8,1968,52,1,6,,3,3,,3,,1,2,,,,,,,,,,,1,,1,1,,,3,,,2,1,2,,3,3,,,2,3,01,15,796.26692861
5359317,1,2,1,10,2,2,12,1972,48,2,6,,3,2,,2,,1,1,,,,,,,,,,,1,,,1,,,3,,,2,1,2,,3,3,,,2,3,01,15,796.26692861
5359317,1,3,1,10,3,1,9,1992,28,3,6,,6,1,1,1,2,,,,,,,,,,,,,1,,,1,,,3,,,2,1,2,,3,5,,,2,5,01,15,796.26692861
5359317,1,4,1,10,4,2,2,1995,25,3,6,,6,1,1,1,2,,,,,,,,,,,,,1,,,1,,,3,,,2,1,2,,5,11,2,,2,11,01,15,796.26692861
5359317,1,5,1,10,5,2,12,2002,18,3,6,,6,1,1,1,2,,,,,,,,,,,,,1,,,1,,,3,,,2,1,2,,5,11,2,,2,11,01,15,796.26692861
5359317,1,6,1,10,6,1,10,2004,16,3,6,,6,1,1,1,2,,,,,,,,,,,,,1,,,1,,,3,,,2,1,2,,3,5,,,2,5,01,15,796.26692861
5359318,1,1,1,10,1,1,12,1966,54,1,6,,3,2,,2,,1,2,,,1,1,,,,,1,,,,1,1,,,3,,,2,1,2,,3,5,,,2,5,01,15,1404.8247109
5359318,1,2,1,10,2,2,12,1968,52,2,6,,3,2,,2,,1,1,,,,,,,,,1,,,,,1,,,3,,,2,1,2,,3,5,,,2,5,01,15,1404.8247109
5359318,1,3,1,10,3,1,2,2002,18,3,6,,6,1,1,1,2,,,,,,,,,,,1,,,,,1,,,3,,,2,1,2,,4,6,,,2,6,01,15,1404.8247109
5359319,1,1,1,10,1,1,3,1961,59,1,6,,2,3,,2,,1,2,,,,,,,1,,,,,,1,1,,,3,,,2,1,2,,3,2,,,2,2,01,15,796.26692861
5359319,1,2,1,10,2,2,3,1964,56,2,6,,2,3,,3,,1,1,,,1,,,,1,,,,,,,1,,,3,,,2,1,2,,3,4,,,2,4,01,15,796.26692861
5359320,1,1,1,10,1,2,4,1945,75,1,6,,6,3,,3,,,,,,,,,,,,1,,,,1,1,,,3,,,2,1,2,,3,5,,,2,5,01,15,796.26692861
5359320,1,2,1,10,2,2,12,1967,53,3,6,,2,2,,1,1,1,3,,1,1,1,,,,,1,,,,,1,,,1,5,,2,1,2,,4,9,,,2,9,01,15,796.26692861
5359320,1,3,1,10,3,1,8,1982,38,5,6,,2,2,,2,,1,2,,,,,,,,,,,1,,,1,,,1,1,36350,2,1,2,,3,5,,,2,5,01,15,796.26692861
5359320,1,4,1,10,4,2,3,2002,18,4,6,,6,1,3,1,2,,,,,,,,,,1,1,,,,,1,,,1,5,,2,1,1,2,6,1,2,2,2,12,01,15,796.26692861
5359320,1,5,1,10,5,1,1,2004,17,4,6,,6,1,3,1,2,,,,,,,,,,1,,,,,,1,,,1,5,,2,1,1,1,4,9,,,2,9,01,15,796.26692861
5359321,1,1,1,10,1,2,4,1942,78,1,6,,5,3,,3,,,,,,,,,,,,,,1,,1,1,,,3,,,2,2,2,,1,0,,,2,0,01,15,796.26692861
5359321,1,2,1,10,2,1,2,1960,60,3,6,,6,3,,1,1,,,,,,,,,,,,,1,,,2,1,12,,,,2,1,2,,3,5,,,2,5,01,15,796.26692861
5359321,1,3,1,10,3,1,3,1972,48,3,6,,6,3,,1,1,,,,,,,,,,,,,1,,,1,,,3,,,2,1,2,,3,5,,,2,5,01,15,796.26692861
5359322,1,1,1,10,1,1,2,1931,89,1,6,,3,3,,3,,1,2,,,,,,,,,,,1,,1,1,,,3,,,2,2,2,,1,0,,,2,0,01,15,796.26692861
5359322,1,2,1,10,2,2,4,1943,77,2,6,,3,3,,3,,1,1,,,,,,,,,,,1,,,1,,,3,,,2,2,2,,1,0,,,2,0,01,15,796.26692861
5359322,1,3,1,10,3,1,1,1964,57,3,6,,6,1,1,1,2,,,,,,,,,,,,,1,,,1,,,3,,,2,2,2,,1,0,,,2,0,01,15,796.26692861
5359324,1,1,1,10,1,1,1,1960,61,1,6,,3,3,,3,,1,2,,,,,,,,,,,1,,2,1,,,1,1,35100,2,1,2,,3,3,,,2,3,01,15,796.26692861
5359324,1,2,1,10,2,2,3,1963,57,2,6,,3,2,,2,,1,1,,,,,,,1,,,,,,,1,,,3,,,2,1,2,,3,3,,,2,3,01,15,796.26692861
5359331,1,1,1,10,1,1,8,1978,42,1,6,,3,2,,2,,1,2,,,,1,,,,,,,,,1,1,,,3,,,2,1,2,,4,9,,,2,9,01,15,3741.0952795
5359331,1,2,1,10,2,2,2,1985,35,2,6,,3,2,,2,,1,1,,,,,,,,,,,1,,,1,,,3,,,2,1,2,,4,9,,,2,9,01,15,3741.0952795
5359331,1,3,1,10,2,1,9,2011,9,3,6,,,2,,1,2,,,,,,,,,,,,,,,,1,,,3,,,2,1,1,1,3,3,,,2,3,01,15,3741.0952795
5359331,1,4,1,10,2,1,9,2018,2,3,6,,,1,1,1,2,,,,,,,,,,,,,,,,1,,,3,,,2,,,,,,,,2,,01,15,3741.0952795
5359332,1,1,1,10,1,1,10,1953,67,1,6,,3,3,,3,,1,2,,,,,,,,,,,1,,1,1,,,3,,,2,1,2,,3,1,,,2,1,01,15,831.35450656
5359332,1,2,1,10,2,2,2,1958,63,2,6,,3,3,,3,,1,1,,,,,,,,,,,1,,,1,,,3,,,2,1,2,,3,3,,,2,3,01,15,831.35450656
5359333,1,1,1,10,1,1,6,1994,26,1,6,,2,2,,2,,1,2,,,,1,,,,,,,,,1,1,,,3,,,2,1,2,,5,11,2,,2,11,01,15,2346.1522304
5359333,1,2,1,10,2,2,4,1994,26,2,6,,2,2,,2,,1,1,,,,,,,,,,,1,,,1,,,3,,,2,1,2,,5,11,2,,2,11,01,15,2346.1522304
5359333,1,3,1,10,2,2,8,2017,3,3,6,,,1,1,1,2,,,,,,,,,,,,,,,,1,,,3,,,2,2,1,1,2,0,,,2,0,01,15,2346.1522304
5359334,1,1,1,10,1,1,11,1963,57,1,6,,3,3,,3,,1,2,,1,1,1,,,,,1,,,,1,1,,,3,,,2,1,2,,3,2,,,2,2,01,15,796.26692861
5359334,1,2,1,10,2,2,2,1960,60,2,6,,3,3,,3,,1,1,,,,,,,,,,,1,,,1,,,3,,,2,1,2,,5,11,2,,2,11,01,15,796.26692861
5359334,1,3,1,10,3,1,6,1995,25,3,6,,6,1,1,1,2,,,,1,1,1,,,1,,1,,,,,1,,,3,,,2,1,2,,5,11,2,,2,11,01,15,796.26692861
5359335,1,1,1,10,1,1,7,2002,18,1,6,,6,2,,2,,,,,,,,,,,,,,1,,2,1,,,1,1,48000,2,1,2,,5,10,1,,2,10,01,15,3741.0952795
5359336,1,1,1,10,1,2,10,1957,63,1,6,,5,3,,3,,,,,,,,,,,,,,1,,1,1,,,3,,,2,1,2,,3,4,,,2,4,01,15,831.35450656
5359337,1,1,1,10,1,1,7,1974,46,1,6,,3,3,,2,,1,2,,,1,1,,,,,1,,,,1,1,,,1,3,113600,1,1,2,,6,2,3,,2,13,01,15,796.26692861
5359337,1,2,1,10,2,2,8,1981,39,2,6,,3,2,,2,,1,1,,,,1,,,1,,1,,,,,1,,,3,,,2,1,2,,6,3,3,,2,14,01,15,796.26692861
5359337,1,3,1,10,3,2,7,2000,20,3,6,,6,1,1,1,2,,,,,,1,,,,,1,,,,,1,,,3,,,2,1,1,1,6,3,3,,2,14,01,15,796.26692861
5359337,1,4,1,10,4,1,2,2004,16,3,6,,6,1,1,1,2,,,,,,,,,,1,1,,,,,1,,,3,,,2,1,2,,5,11,2,,2,11,01,15,796.26692861
5359338,1,1,1,10,1,1,5,1962,58,1,6,,6,3,,3,,,,,,,,,,,,,,1,,1,1,,,3,,,2,2,2,,1,0,,,2,0,01,15,1017.0063245
5359339,1,1,1,10,1,1,9,1989,31,1,6,,2,2,,2,,1,2,,,,1,,,,,,,,,2,1,,,3,,,2,1,2,,3,5,,,2,5,01,15,3741.0952795
5359339,1,2,1,10,2,2,11,1990,30,2,6,,2,2,,2,,1,1,,,,1,,,,,,,,,,1,,,3,,,2,1,2,,5,11,2,,2,11,01,15,3741.0952795
5359339,1,3,1,10,3,2,9,2009,11,3,6,,6,1,1,1,2,,,,,,,,,,1,,,,,,1,,,3,,,2,1,1,1,3,5,,,2,5,01,15,3741.0952795
5359339,1,4,1,10,2,1,2,2011,9,3,6,,,1,1,1,2,,,,,,,,,,,,,,,,1,,,3,,,2,1,1,1,3,4,,,2,4,01,15,3741.0952795
5359339,1,5,1,10,2,2,4,2014,6,3,6,,,2,,1,2,,,,,,,,,,,,,,,,1,,,3,,,2,1,1,1,3,1,,,2,1,01,15,3741.0952795
5359340,1,1,1,10,1,2,11,1937,83,1,6,,5,3,,3,,,,,,,,,,,,,,1,,1,1,,,3,,,2,1,2,,3,2,,,2,2,01,15,796.26692861
5359341,1,1,1,10,1,1,10,1975,45,1,6,,3,3,,3,,1,2,1,,1,1,,,,,1,,,,1,1,,,1,1,36350,2,1,2,,3,5,,,2,5,01,15,796.26692861
5359341,1,2,1,10,2,2,8,1971,49,2,6,,3,3,,3,,1,1,1,1,1,1,1,,,,1,,,,,1,,,3,,,2,1,2,,5,11,2,,2,11,01,15,796.26692861
5359341,1,3,1,10,2,1,11,1995,25,3,6,,6,1,1,1,2,,,1,,1,1,1,,1,1,1,,,,,1,,,1,1,36350,2,1,2,,5,11,2,,2,11,01,15,796.26692861
5359341,1,4,1,10,4,2,10,2008,12,3,6,,6,1,1,1,2,,,1,,,,,,,1,1,,,,,1,,,3,,,2,1,1,1,4,6,,,2,6,01,15,796.26692861
5359343,1,1,1,10,1,2,10,1964,56,1,6,,2,3,,3,,1,2,,,,,,,,,,,1,,1,1,,,3,,,2,1,2,,3,3,,,2,3,01,15,831.35450656
5359343,1,2,1,10,2,1,7,1964,56,2,6,,2,3,,3,,1,1,,,1,1,,,,,,,,,,1,,,3,,,2,1,2,,4,7,,,2,7,01,15,831.35450656
5359343,1,3,1,10,3,1,9,1968,52,5,6,,6,3,,3,,,,,,,1,,,,,,,,,,1,,,3,,,2,1,2,,5,11,1,,2,11,01,15,831.35450656
5359344,1,1,1,10,1,1,4,1982,38,1,6,,2,2,,2,,1,2,,,,1,,,1,,1,,,,1,1,,,3,,,2,1,2,,3,5,,,2,5,01,15,3741.0952795
5359344,1,2,1,10,2,2,8,1990,30,2,6,,2,2,,2,,1,1,,,,,,,,,,,1,,,1,,,3,,,2,1,2,,3,4,,,2,4,01,15,3741.0952795
5359344,1,3,1,10,2,1,7,2011,9,3,6,,,1,1,1,2,,,,,,,,,,,,,,,,1,,,3,,,2,1,1,1,3,3,,,2,3,01,15,3741.0952795
5359344,1,4,1,10,2,1,9,2016,4,3,6,,,1,1,1,2,,,,,,,,,,,,,,,,1,,,3,,,2,2,2,,1,0,,,2,0,01,15,3741.0952795
5359345,1,1,1,10,1,1,5,1984,36,1,6,,2,3,,2,,1,2,,,,1,,,,,,,,,2,1,,,3,,,2,1,2,,4,9,,,2,9,01,15,3583.2011787
5359345,1,2,1,10,2,2,6,1989,31,2,6,,2,2,,2,,1,1,,,,,1,,,,,,,,,1,,,3,,,2,1,2,,5,11,2,,2,11,01,15,3583.2011787
5359345,1,3,1,10,2,1,7,2012,8,3,6,,,1,1,1,2,,,,,,,,,,,,,,,,1,,,3,,,2,1,1,1,3,2,,,2,2,01,15,3583.2011787
5359345,1,4,1,10,2,2,6,2014,6,3,6,,,1,1,1,2,,,,,,,,,,,,,,,,1,,,3,,,2,2,1,1,2,0,,,2,0,01,15,3583.2011787
5359346,1,1,1,10,1,1,12,1993,27,1,6,,2,2,,2,,1,2,,,,,,,,,,,1,,2,1,,,1,1,35200,2,1,2,,5,11,2,,2,11,01,15,3741.0952795
5359346,1,2,1,10,2,2,9,1999,21,2,6,,2,2,,2,,1,1,,,,,,,,,,,1,,,1,,,3,,,2,1,2,,5,11,2,,2,11,01,15,3741.0952795
5359346,1,3,1,10,2,1,8,2020,0,3,6,,,1,1,1,2,,,,,,,,,,,,,,,,1,,,3,,,2,,,,,,,,2,,01,15,3741.0952795
5359347,1,1,1,10,1,2,11,1968,52,1,6,,3,3,,2,,1,2,,1,,1,1,,,,1,,,,2,1,,,1,3,113600,2,1,2,,6,2,3,,2,13,01,15,796.26692861
5359347,1,2,1,10,2,1,10,1967,53,2,6,,3,2,,3,,1,1,,1,1,1,1,,,,1,,,,,1,,,3,,,2,1,2,,3,3,,,2,3,01,15,796.26692861
5359348,1,1,1,10,1,2,10,1953,67,1,6,,3,3,,3,,1,2,,,,,,,,,,,1,,1,1,,,3,,,2,2,2,,1,0,,,2,0,01,15,831.35450656
5359348,1,2,1,10,2,1,3,1946,74,2,6,,3,3,,3,,1,1,,,,,,,,,,,1,,,1,,,3,,,2,1,2,,3,3,,,2,3,01,15,831.35450656
5359349,1,1,1,10,1,2,5,1977,43,1,6,,6,3,,3,,,,,,,1,,,,,,,,,1,1,,,3,,,2,1,2,,4,7,,,2,7,01,15,796.26692861
5359349,1,2,1,10,2,2,9,1995,25,3,6,,6,2,,1,1,,,,,,,,,,,,,1,,,1,,,3,,,2,1,2,,6,2,3,,2,13,01,15,796.26692861
5359349,1,3,1,10,2,2,3,2016,4,4,6,,,2,,1,2,,,,,,,,,,,,,,,,1,,,1,5,,2,2,2,,1,0,,,2,0,01,15,796.26692861
5359349,1,4,1,10,4,2,2,2005,15,3,6,,6,2,,1,1,,,,,,,,,,1,,,,,,1,,,3,,,2,1,1,1,4,8,,,2,8,01,15,796.26692861
5359350,1,1,1,10,1,2,7,2000,20,1,6,,6,2,,3,,,,,,1,1,,,,,1,,,,1,1,,,1,5,,2,1,1,1,6,2,2,2,2,13,01,15,796.26692861
5359350,1,2,1,10,2,2,10,2001,19,5,6,,6,2,,3,,,,,1,1,,,,,,1,,,,,1,,,1,5,,2,1,2,,6,2,2,2,2,13,01,15,796.26692861
5359350,1,3,1,10,3,1,8,2003,17,5,6,,6,2,,3,,,,,,,,,,,1,1,,,,,1,,,1,5,,2,1,1,1,5,10,1,,2,10,01,15,796.26692861
5359350,1,4,1,10,4,2,8,2005,15,5,6,,6,2,,3,,,,,,,,,,,1,1,,,,,1,,,1,5,,2,1,1,1,4,9,,,2,9,01,15,796.26692861
5359351,1,1,1,10,1,1,10,1955,65,1,6,,3,3,,3,,1,2,,,,1,,,,,,,,,1,1,,,3,,,2,1,2,,3,4,,,2,4,01,15,831.35450656
5359351,1,2,1,10,2,2,6,1960,60,2,6,,3,3,,2,,1,1,,,,,,,,,,,1,,,1,,,3,,,2,1,2,,3,5,,,2,5,01,15,831.35450656
5359352,1,1,1,10,1,1,8,1958,62,1,6,,3,3,,3,,1,2,,,,,,,,,,,1,,1,1,,,3,,,2,1,2,,3,2,,,2,2,01,15,831.35450656
5359352,1,2,1,10,2,2,4,1957,63,2,6,,3,3,,3,,1,1,,,,,,,,,,,1,,,1,,,3,,,2,1,2,,3,2,,,2,2,01,15,831.35450656
5359353,1,1,1,10,1,1,6,1941,79,1,6,,6,3,,3,,,,,,,,,,,,,,1,,1,1,,,3,,,2,1,2,,3,3,,,2,3,01,15,974.0832533
5359354,1,1,1,10,1,1,10,1963,57,1,6,,3,3,,2,,1,2,,,1,,,,,,1,,,,1,1,,,1,5,,2,1,2,,5,11,2,,2,11,01,15,796.26692861
5359354,1,2,1,10,2,2,5,1957,63,2,6,,3,3,,3,,1,1,,,1,,,,,,,,,,,1,,,1,2,115400,2,1,2,,5,11,2,,2,11,01,15,796.26692861
5359356,1,1,1,10,1,1,4,1959,61,1,6,,3,2,,3,,1,2,,,,,,,,,,,1,,1,1,,,3,,,2,1,2,,3,5,,,2,5,01,15,831.35450656
5359356,1,2,1,10,2,2,12,1962,58,2,6,,3,3,,3,,1,1,,,,,,,,,,,1,,,1,,,3,,,2,1,2,,3,5,,,2,5,01,15,831.35450656
5359357,1,1,1,10,1,1,7,1950,70,1,6,,6,3,,3,,,,1,,,,,,,,,,,,1,1,,,3,,,2,1,2,,3,3,,,2,3,01,15,1017.0063245
5359358,1,1,1,10,1,2,7,1972,48,1,6,,6,2,,2,,,,,,,,,,,,,,1,,1,1,,,3,,,1,1,2,,4,6,,,2,6,01,15,796.26692861
5359358,1,2,1,10,2,1,3,2001,19,3,6,,6,2,,1,1,,,,,,,,,,,,,1,,,1,,,3,,,2,1,2,,5,11,2,,2,11,01,15,796.26692861
5359358,1,3,1,10,3,2,1,2007,14,3,6,,6,2,,1,1,,,,,,,,,,,,,1,,,1,,,3,,,2,1,1,1,4,8,,,2,8,01,15,796.26692861
5359359,1,1,1,10,1,1,11,1943,77,1,6,,3,3,,3,,1,2,,,,,,,,,,,1,,2,1,,,1,5,,2,1,2,,3,1,,,2,1,01,15,796.26692861
5359359,1,2,1,10,2,2,5,1954,66,2,6,,3,3,,3,,1,1,,,,,,,,,,,1,,,1,,,1,5,,2,1,2,,3,5,,,2,5,01,15,796.26692861
5359359,1,3,1,10,3,2,2,1984,36,3,6,,6,1,1,1,2,,,,,,,,,,,,,1,,,1,,,1,1,35100,2,1,2,,6,5,4,,2,16,01,15,796.26692861
5359359,1,4,1,10,4,2,8,2002,18,3,6,,6,1,1,1,2,,,,,,,,,,,,,1,,,1,,,3,,,2,1,2,,5,11,2,,2,11,01,15,796.26692861
5359360,1,1,1,10,1,1,1,1986,35,1,6,,3,2,,2,,1,2,,,,1,,,1,,1,,,,2,1,,,3,,,2,1,2,,3,4,,,2,4,01,15,3741.0952795
5359360,1,2,1,10,2,2,11,1996,24,2,6,,3,2,,2,,1,1,,,,,,,1,,1,,,,,1,,,3,,,2,1,2,,4,6,,,2,6,01,15,3741.0952795
5359360,1,3,1,10,2,2,2,2013,7,3,6,,,1,1,1,2,,,,,,,,,,,,,,,,1,,,3,,,2,1,1,1,3,2,,,2,2,01,15,3741.0952795
5359360,1,4,1,10,2,2,9,2018,2,3,6,,,1,1,1,2,,,,,,,,,,,,,,,,1,,,3,,,2,,,,,,,,2,,01,15,3741.0952795
5359361,1,1,1,10,1,1,7,1955,65,1,6,,3,3,,3,,1,2,,,,1,,,,,,,,,2,1,,,3,,,2,1,2,,3,5,,,2,5,01,15,831.35450656
5359361,1,2,1,10,2,2,6,1957,63,2,6,,3,3,,3,,1,1,,,,,,,,,,,1,,,1,,,3,,,2,1,2,,4,6,,,2,6,01,15,831.35450656
5359362,1,1,1,10,1,1,5,1937,83,1,6,,5,3,,3,,,,,,,,,,,,,,1,,1,1,,,3,,,2,1,2,,3,1,,,2,1,01,15,974.0832533
5359363,1,1,1,10,1,1,6,1977,43,1,6,,2,2,,2,,1,2,,,,1,,,,,,,,,2,1,,,3,,,2,1,2,,3,5,,,2,5,01,15,796.26692861
5359363,1,2,1,10,2,2,11,1982,38,2,6,,2,2,,2,,1,1,,,,,,,,,,,1,,,1,,,3,,,2,1,2,,4,8,,,2,8,01,15,796.26692861
5359363,1,3,1,10,3,2,2,2007,13,3,6,,6,1,1,1,2,,,,,,,,,,1,,,,,,1,,,3,,,2,1,1,1,4,7,,,2,7,01,15,796.26692861
5359363,1,4,1,10,2,2,2,2013,7,3,6,,,1,1,1,2,,,,,,,,,,,,,,,,1,,,3,,,2,1,1,1,3,2,,,2,2,01,15,796.26692861
5359364,1,1,1,10,1,1,10,1973,47,1,6,,3,2,,2,,1,2,,,1,1,1,,1,,1,,,,1,1,,,3,,,2,1,2,,3,4,,,2,4,01,15,3583.2011787
5359364,1,2,1,10,2,2,9,1978,42,2,6,,3,2,,2,,1,1,,,,1,1,1,,,1,,,,,1,,,3,,,2,1,2,,5,11,2,,2,11,01,15,3583.2011787
5359364,1,3,1,10,3,1,2,2009,11,3,6,,6,1,1,1,2,,,,,,,,,,1,,,,,,1,,,3,,,2,1,1,1,4,6,,,2,6,01,15,3583.2011787
5359364,1,4,1,10,2,2,11,2012,8,3,6,,,1,1,1,2,,,,,,,,,,,,,,,,1,,,3,,,2,1,1,1,3,2,,,2,2,01,15,3583.2011787
5359365,1,1,1,10,1,1,8,1948,72,1,6,,3,3,,3,,1,2,,,,,,,,,,,1,,2,1,,,3,,,2,1,2,,3,5,,,2,5,01,15,796.26692861
5359365,1,2,1,10,2,2,8,1951,69,2,6,,3,3,,3,,1,1,,,,,,,,,,,1,,,1,,,3,,,2,1,2,,3,2,,,2,2,01,15,796.26692861
5359366,1,1,1,10,1,1,4,1948,72,1,6,,3,3,,3,,1,2,,,,,,,,,,1,,TRATAMIENTO MEDICO SUSPENDIDO,2,1,,,3,,,2,2,2,,1,0,,,2,0,01,15,831.35450656
5359366,1,2,1,10,2,2,11,1946,74,2,6,,3,3,,3,,1,1,,,,,,,,,,,1,,,1,,,3,,,2,1,2,,3,5,,,2,5,01,15,831.35450656
5359366,1,3,1,10,3,1,4,1979,41,3,6,,6,1,1,1,2,,,,,1,1,,,,,1,,,,,1,,,3,,,2,1,2,,5,11,2,,2,11,01,15,831.35450656
5359366,1,4,1,10,4,2,3,1969,51,3,6,,4,1,1,1,2,,,,,,,,,,,,,1,,,1,,,3,,,2,1,2,,5,11,2,,2,11,01,15,831.35450656
5359366,1,5,1,10,5,1,12,2006,14,4,6,,6,2,,1,4,,,,,,,,,,1,,,,,,1,,,1,5,,2,1,1,1,4,8,,,2,8,01,15,831.35450656
5359367,1,1,1,10,1,1,1,1954,67,1,6,,2,3,,3,,1,2,,,1,1,1,,,,1,,,,1,1,,,1,2,42000,2,1,2,,3,5,,,2,5,01,15,796.26692861
5359367,1,2,1,10,2,2,7,1976,44,2,6,,2,3,,3,,1,1,,,1,,,,,,1,,,,,1,,,3,,,2,1,2,,3,5,,,2,5,01,15,796.26692861
5359367,1,3,1,10,3,1,12,2001,19,3,6,,6,1,1,1,2,,,,,,,,,1,,1,,,,,1,,,3,,,2,1,2,,4,7,,,2,7,01,15,796.26692861
5359367,1,4,1,10,3,2,12,2001,19,3,6,,6,1,1,1,2,,,,,1,1,,,,,1,,,,,1,,,3,,,2,1,2,,4,7,,,2,7,01,15,796.26692861
5359368,1,1,1,10,1,1,12,1965,55,1,6,,6,2,,2,,,,,,,1,,,,,,,,,1,1,,,3,,,2,1,2,,3,3,,,2,3,01,15,974.0832533
5359369,1,1,1,10,1,1,11,1947,73,1,6,,3,3,,3,,1,2,,,,1,1,,1,,1,,,,1,1,,,3,,,2,1,2,,3,5,,,2,5,01,15,796.26692861
5359369,1,2,1,10,2,2,10,1950,70,2,6,,3,3,,3,,1,1,,,1,1,,,,,1,,,,,1,,,3,,,2,1,2,,3,2,,,2,2,01,15,796.26692861
5359369,1,3,1,10,3,2,4,1971,49,3,6,,6,1,1,1,2,,,,1,1,1,1,,1,,,,,,,1,,,1,2,105350,2,1,2,,5,11,2,,2,11,01,15,796.26692861
5359370,1,1,1,10,1,2,5,1954,66,1,6,,5,3,,3,,,,,,,,,,,,,,1,,1,1,,,3,,,2,1,2,,3,1,,,2,1,01,15,831.35450656
5359371,1,1,1,10,1,2,11,1932,88,1,6,,5,3,,3,,,,,1,1,,,,,,,,,,1,1,,,3,,,2,2,2,,1,0,,,2,0,01,15,796.26692861
5359372,1,1,1,10,1,1,10,1963,57,1,6,,3,2,,2,,1,2,,,1,1,,,,,1,,,,1,1,,,3,,,2,1,2,,3,4,,,2,4,01,15,831.35450656
5359372,1,2,1,10,2,2,10,1967,53,2,6,,3,3,,3,,1,1,,,1,1,,,,,1,,,,,1,,,3,,,2,1,2,,3,4,,,2,4,01,15,831.35450656
5359373,1,1,1,10,1,1,6,1977,43,1,6,,3,2,,3,,1,2,,,,1,,,,,,,,,2,1,,,3,,,2,1,2,,3,5,,,2,5,01,15,796.26692861
5359373,1,2,1,10,2,2,4,1978,42,2,6,,3,3,,3,,1,1,,,,,,,,,,,1,,,1,,,3,,,2,1,2,,3,5,,,2,5,01,15,796.26692861
5359373,1,3,1,10,3,2,8,2008,12,3,6,,6,1,1,1,2,,,,,,,,,,,,,1,,,1,,,3,,,2,1,1,1,4,6,,,2,6,01,15,796.26692861
5359374,1,1,1,10,1,1,1,1998,23,1,6,,2,2,,2,,1,2,,,,,1,,1,,1,,,,1,1,,,3,,,2,1,2,,5,11,2,,2,11,01,15,3583.2011787
5359374,1,2,1,10,2,2,2,1999,21,2,6,,2,2,,2,,1,1,,,,,,,,,,,1,,,1,,,1,1,36350,2,1,2,,6,2,3,,2,13,01,15,3583.2011787
5359374,1,3,1,10,2,1,12,2017,3,3,6,,,1,1,1,2,,,,,,,,,,,,,,,,1,,,3,,,2,2,1,1,2,0,,,2,0,01,15,3583.2011787
5359375,1,1,1,10,1,2,5,1981,39,1,6,,6,3,,3,,,,1,,,1,,,,,,,,,1,1,,,1,3,109700,1,1,2,,5,11,2,,2,11,01,15,796.26692861
5359375,1,2,1,10,2,2,7,2003,17,3,6,,6,2,,1,1,,,,,,,,,,1,,,,,,1,,,3,,,2,1,1,1,5,10,1,,2,10,01,15,796.26692861
5359375,1,3,1,10,3,2,7,2003,17,3,6,,6,2,,1,1,,,,,,,,,,1,,,,,,1,,,1,5,,2,1,1,1,5,10,1,,2,10,01,15,796.26692861
5359376,1,1,1,10,1,1,12,1962,58,1,6,,3,2,,2,,1,2,,,1,1,1,,,,1,,,,2,1,,,3,,,2,1,2,,3,5,,,2,5,01,15,796.26692861
5359376,1,2,1,10,2,2,2,1975,45,2,6,,3,2,,2,,1,1,,1,1,1,,,1,,1,,,,,1,,,3,,,2,1,2,,4,6,,,2,6,01,15,796.26692861
5359376,1,3,1,10,2,2,8,1994,26,3,6,,6,1,1,1,2,,,,,,,,,,,,,1,,,1,,,3,,,2,2,2,,1,0,,,2,0,01,15,796.26692861
5359376,1,4,1,10,4,2,8,1995,25,3,6,,6,1,1,1,2,,,,,1,1,1,,,,1,,,,,1,,,3,,,2,1,2,,6,5,4,,2,16,01,15,796.26692861
5359376,1,5,1,10,5,2,6,1997,23,3,6,,6,1,1,1,2,,,,,,,,,,,1,,,,,1,,,1,1,52000,2,1,2,,6,8,4,,2,19,01,15,796.26692861
5359376,1,6,1,10,6,2,12,2009,11,3,6,,6,1,1,1,2,,,,,,,,,,1,,,,,,1,,,3,,,2,1,1,1,4,0,,,2,5,01,15,796.26692861
5359378,1,1,1,10,1,1,4,1979,41,1,6,,3,2,,3,,1,2,,,1,1,,,1,,,,,,2,1,,,3,,,2,1,2,,4,7,,,2,7,01,15,796.26692861
5359378,1,2,1,10,2,2,6,1985,35,2,6,,3,2,,1,6,1,1,,,,,,,,,,,1,,,1,,,3,,,2,1,2,,5,11,2,,2,11,01,15,796.26692861
5359378,1,3,1,10,3,2,10,2004,16,3,6,,6,1,1,1,2,,,,,,,,,,1,,,,,,1,,,3,,,2,1,1,1,4,9,,,2,9,01,15,796.26692861
5359378,1,4,1,10,4,2,11,2008,12,3,6,,6,1,1,1,2,,,,,,,,,,1,,,,,,1,,,3,,,2,1,1,1,4,6,,,2,6,01,15,796.26692861
5359378,1,5,1,10,2,2,3,2015,5,3,6,,,1,1,1,2,,,,,,,,,,,,,,,,1,,,3,,,2,2,1,1,2,0,,,2,0,01,15,796.26692861
5359378,1,6,1,10,6,2,10,1951,69,5,6,,4,3,,3,,,,,,,,,,,,,,1,,,1,,,3,,,2,1,2,,3,1,,,2,1,01,15,796.26692861
5359379,1,1,1,10,1,2,1,1970,51,1,6,,6,3,,2,,,,,1,1,,,,,,,,,,1,1,,,3,,,2,1,2,,3,5,,,2,5,01,15,796.26692861
5359380,1,1,1,10,1,1,,,78,1,6,,3,3,,3,,1,2,,1,1,,,,,,1,,,,2,1,,,3,,,2,1,2,,3,2,,,2,2,01,15,796.26692861
5359380,1,2,1,10,2,2,9,1946,74,2,6,,3,3,,3,,1,1,,1,1,,,,,,1,,,,,1,,,3,,,2,1,2,,3,2,,,2,2,01,15,796.26692861
5359381,1,1,1,10,1,1,11,1991,29,1,6,,6,2,,2,,,,,,,,,,,,,,1,,2,1,,,3,,,2,1,2,,4,9,,,2,9,01,15,3142.6364947
5359382,1,1,1,10,1,2,8,1962,58,1,6,,3,3,,1,3,1,2,,,,,,,,,,,1,,2,1,,,3,,,2,1,2,,3,3,,,2,3,01,15,796.26692861
5359382,1,2,1,10,2,1,2,1956,65,2,6,,3,3,,3,,1,1,,,,,,,,,,,1,,,1,,,3,,,2,1,2,,4,8,,,2,8,01,15,796.26692861
5359382,1,3,1,10,3,2,9,1933,87,5,6,,5,3,,3,,,,,,,,,,,,,,1,,,1,,,3,,,2,2,2,,1,0,,,2,0,01,15,796.26692861
5359383,1,1,1,10,1,2,6,1956,64,1,6,,3,3,,3,,1,2,,1,,1,,,,,,,,,1,1,,,3,,,2,1,2,,3,3,,,2,3,01,15,796.26692861
5359383,1,2,1,10,2,1,12,1944,76,2,6,,3,3,,3,,1,1,,,,,,,,,,1,,DIFICULTAD PARA ASISTIR A CITAS MEDICAS ESPECIALIZADAS,,1,,,3,,,2,2,2,,1,0,,,2,0,01,15,796.26692861
5359384,1,1,1,10,1,1,6,1971,49,1,6,,3,3,,3,,1,2,,,,1,,,,,,,,,2,1,,,3,,,2,1,2,,3,4,,,2,4,01,15,3583.2011787
5359384,1,2,1,10,2,2,10,1973,47,2,6,,3,3,,2,,1,1,,,,,,,,,,,1,,,1,,,3,,,2,1,2,,3,5,,,2,5,01,15,3583.2011787
5359384,1,3,1,10,3,1,12,1998,22,3,6,,6,1,1,1,2,,,,,,,,,,,,,1,,,1,,,3,,,2,1,1,1,6,3,2,2,2,14,01,15,3583.2011787
5359384,1,4,1,10,2,1,3,2003,17,3,6,,6,1,1,1,2,,,,,,,,,,,,,1,,,1,,,3,,,2,1,2,,5,11,2,,2,11,01,15,3583.2011787
5359414,1,1,1,10,1,2,1,1995,26,1,6,,2,2,,2,,2,,,,,,,,1,,,,,,2,2,1,16,,,,2,1,2,,4,7,,,2,7,01,15,831.35450656
5359414,1,2,1,10,1,1,6,2017,3,3,6,,,2,,1,1,,,,,,,,,,,,,,,,1,,,3,,,2,2,2,,1,0,,,2,0,01,15,831.35450656
5359415,1,1,1,10,1,2,3,1956,64,1,6,,5,3,,3,,,,,,,1,,,,,,,,,2,1,,,1,3,109000,2,1,2,,5,11,2,,2,11,01,15,831.35450656
5359415,1,2,1,10,2,2,2,1987,33,3,6,,3,2,,1,1,1,3,,,,1,,,,,,,,,,1,,,1,5,,2,1,2,,6,5,4,,2,16,01,15,831.35450656
5359415,1,3,1,10,3,1,12,1980,40,5,6,,3,2,,2,,1,2,,,,,,,,,,,1,,,1,,,1,3,225000,2,1,2,,6,5,4,,2,16,01,15,831.35450656
5359415,1,4,1,10,2,1,8,2016,4,4,6,,,1,3,1,2,,,,,,,,,,,,,,,,1,,,1,5,,2,2,2,,1,0,,,2,0,01,15,831.35450656
5359415,1,5,1,10,2,1,4,2020,0,4,6,,,1,3,1,2,,,,,,,,,,,,,,,,1,,,1,5,,2,,,,,,,,2,,01,15,831.35450656
5359417,1,1,1,10,1,1,3,1954,66,1,6,,3,3,,3,,1,2,,,,,,,,,,,1,,2,1,,,1,2,240000,2,1,2,,6,7,5,,2,18,01,15,831.35450656
5359417,1,2,1,10,2,2,8,1966,54,2,6,,3,3,,2,,1,1,,,,,,,,,,,1,,,1,,,2,1,68000,2,1,2,,6,5,4,,2,16,01,15,831.35450656
5359417,1,3,1,10,3,1,8,2006,14,3,6,,6,1,1,1,2,,,,,,,,,,1,,,,,,1,,,2,5,,2,1,1,2,4,8,,,2,8,01,15,831.35450656
5359418,1,1,1,10,1,1,2,1974,46,1,6,,1,2,,2,,1,2,,,,,,,,,,,1,,1,1,,,3,,,2,1,2,,3,5,,,2,5,01,15,831.35450656
5359418,1,2,1,10,2,2,2,1982,38,2,5,,1,2,,2,,1,1,,,,,,,1,,,,,,,1,,,3,,,2,1,2,,3,5,,,2,5,01,15,831.35450656
5359419,1,1,1,10,1,1,6,1992,28,1,6,,2,3,,2,,1,2,,,,,,,,,,,1,,2,2,1,36,,,,2,1,2,,3,5,,,2,5,01,15,3741.0952795
5359419,1,2,1,10,2,2,4,1992,28,2,6,,2,2,,2,,1,1,,,,,,,,,,,1,,,2,1,36,,,,2,1,2,,3,5,,,2,5,01,15,3741.0952795
5359419,1,3,1,10,2,2,3,2011,9,3,6,,,1,1,1,2,,,,,,,,,,,,,,,,2,1,36,,,,2,1,1,1,3,2,,,2,2,01,15,3741.0952795
5359419,1,4,1,10,1,1,2,2014,6,3,6,,,1,1,1,2,,,,,,,,,,,,,,,,2,1,36,,,,2,2,1,1,3,1,,,2,1,01,15,3741.0952795
5359419,1,5,1,10,1,2,8,2016,4,3,6,,,1,1,1,2,,,,,,,,,,,,,,,,2,1,36,,,,2,2,2,,1,0,,,2,0,01,15,3741.0952795
5359419,1,6,1,10,1,2,9,2020,0,3,6,,,1,1,1,2,,,,,,,,,,,,,,,,1,,,3,,,2,,,,,,,,2,,01,15,3741.0952795
5359420,1,1,1,10,1,2,10,1973,47,1,6,,3,2,,2,,1,2,,,,1,,,,,,,,,2,1,,,3,,,2,1,2,,3,3,,,2,3,01,15,831.35450656
5359420,1,2,1,10,2,1,12,1969,51,2,6,,3,3,,2,,1,1,,,,1,,,,,,,,,,1,,,3,,,2,1,2,,3,3,,,2,3,01,15,831.35450656
5359420,1,3,1,10,3,2,7,1996,24,3,6,,6,1,2,1,1,,,,,,,,,,,,,1,,,1,,,3,,,2,1,2,,5,11,2,,2,11,01,15,831.35450656
5359420,1,4,1,10,4,1,8,2007,13,3,6,,6,1,2,1,1,,,,,,,,,,1,,,,,,1,,,3,,,2,1,1,1,4,7,,,2,7,01,15,831.35450656
5359421,1,1,1,10,1,1,2,1980,40,1,6,,2,3,,3,,1,2,,,,,,,,,,,1,,2,2,1,48,,,,2,1,2,,3,5,,,2,5,01,15,831.35450656
5359421,1,2,1,10,2,2,5,1967,53,2,6,,2,3,,3,,1,1,,,,,,,,,,,1,,,2,1,48,,,,2,1,2,,3,3,,,2,3,01,15,831.35450656
5359464,1,1,1,10,1,1,5,1958,62,1,6,,3,2,,3,,1,2,,1,1,,,,1,,1,,,,2,1,,,3,,,2,1,2,,3,5,,,2,5,01,68,967.90384504
5359464,1,2,1,10,2,2,4,1972,48,2,6,,3,3,,3,,1,1,,,,,,,,,,,1,,,1,,,3,,,2,1,2,,3,5,,,2,5,01,68,967.90384504
5359464,1,3,1,10,3,1,6,1999,21,3,6,,6,1,1,1,2,,,,,,,,,,,,,1,,,1,,,3,,,2,1,2,,4,7,,,2,7,01,68,967.90384504
5359464,1,4,1,10,4,1,11,1993,27,3,6,,1,1,1,1,2,1,5,,,,1,,,,,,,,,,1,,,3,,,2,1,2,,3,3,,,2,3,01,68,967.90384504
5359464,1,5,1,10,5,2,6,1978,42,5,6,,1,3,,3,,1,4,,,,,,,,,,,1,,,1,,,3,,,2,1,2,,3,5,,,2,5,01,68,967.90384504
5359465,1,1,1,10,1,1,3,1976,44,1,6,,2,2,,2,,1,2,,,,1,,,1,,,,,,2,2,1,9,,,,2,1,2,,3,3,,,2,3,01,68,4355.5673027
5359465,1,2,1,10,2,2,10,1979,41,2,6,,2,3,,3,,1,1,,,,,,,,,,,1,,,1,,,3,,,2,1,2,,4,9,,,2,9,01,68,4355.5673027
5359465,1,3,1,10,3,1,12,2009,11,3,6,,6,2,,1,2,,,,,,,,,,1,,,,,,1,,,3,,,2,1,1,1,4,0,,,2,5,01,68,4355.5673027
5359465,1,4,1,10,2,2,6,2018,2,3,6,,,1,1,1,2,,,,,,,,,,,,,,,,1,,,3,,,2,,,,,,,,2,,01,68,4355.5673027
5359466,1,1,1,10,1,2,12,1957,63,1,6,,6,3,,3,,,,,,,,1,,1,,,,,,2,1,,,3,,,2,1,2,,3,1,,,2,1,01,68,967.90384504
5359467,1,1,1,10,1,2,3,1958,62,1,6,,4,2,,2,,,,,,,,,,,,1,,,,2,1,,,1,5,,2,1,2,,3,5,,,2,5,01,68,967.90384504
5359468,1,1,1,10,1,1,3,1963,57,1,6,,2,3,,2,,1,2,,,,1,,,1,,,,,,2,2,1,12,,,,2,1,2,,3,2,,,2,2,01,68,967.90384504
5359468,1,2,1,10,2,2,3,1963,57,2,6,,2,2,,3,,1,1,,,,,,,,,,,1,,,2,1,12,,,,2,1,2,,3,5,,,2,5,01,68,967.90384504
5359468,1,3,1,10,3,2,1,1984,36,3,6,,6,1,1,1,2,,,,,,1,,,,,1,,,,,1,,,3,,,2,1,2,,5,11,2,,2,11,01,68,967.90384504
5359468,1,4,1,10,4,1,6,2007,13,4,6,,6,2,,1,3,,,,,,,,,,1,,,,,,1,,,3,,,2,1,1,1,4,8,,,2,8,01,68,967.90384504
5359469,1,1,1,10,1,2,9,1955,65,1,6,,2,3,,3,,1,2,,,,,,,,,1,,,,2,1,,,3,,,2,1,2,,3,5,,,2,5,01,68,967.90384504
5359469,1,2,1,10,2,1,9,1953,67,2,6,,2,3,,2,,1,1,,,,1,,,,,,,,,,1,,,3,,,2,2,2,,1,0,,,2,0,01,68,967.90384504
5359470,1,1,1,10,1,2,8,1955,65,1,6,,5,2,,2,,,,,,1,,,,,,1,,,,2,1,,,1,2,72600,2,1,2,,3,4,,,2,4,01,68,967.90384504
5359471,1,1,1,10,1,1,6,1982,38,1,6,,2,3,,2,,1,2,,,,1,,,,,,,,,2,1,,,3,,,2,1,2,,5,11,2,,2,11,01,68,967.90384504
5359471,1,2,1,10,2,2,1,1985,36,2,6,,2,3,,2,,1,1,,,,,,,,,,,1,,,1,,,3,,,2,1,1,2,5,11,2,,2,11,01,68,967.90384504
5359471,1,3,1,10,3,2,8,2002,18,3,6,,6,1,1,1,2,,,,,,,,,,1,,,,,,1,,,3,,,2,1,1,1,6,1,2,2,2,12,01,68,967.90384504
5359471,1,4,1,10,4,2,1,2006,15,3,6,,6,1,1,1,2,,,,,,,,,,1,,,,,,1,,,3,,,2,1,1,1,5,10,1,,2,10,01,68,967.90384504
5359471,1,5,1,10,5,1,5,2006,14,3,6,,6,2,,2,,,,,,,,,,,1,,,,,,1,,,3,,,2,1,1,1,4,7,,,2,7,01,68,967.90384504
5359471,1,6,1,10,6,2,1,2009,12,3,6,,6,1,1,1,2,,,,,,,,,,1,,,,,,1,,,3,,,2,1,1,1,4,6,,,2,6,01,68,967.90384504
5359471,1,7,1,10,2,1,9,2013,7,3,6,,,1,1,1,2,,,,,,,,,,,,,,,,1,,,3,,,2,1,1,1,3,2,,,2,2,01,68,967.90384504
5359472,1,1,1,10,1,1,6,1975,45,1,6,,2,3,,3,,1,2,,1,1,1,,,1,,,,,,2,2,1,7,,,,2,1,2,,3,5,,,2,5,01,68,967.90384504
5359472,1,2,1,10,2,2,8,1984,36,2,6,,2,2,,1,5,1,1,,,,1,,,,,1,,,,,2,1,7,,,,2,1,2,,5,11,2,,2,11,01,68,967.90384504
5359472,1,3,1,10,3,2,12,2003,17,3,6,,6,1,1,1,2,,,,,,,,,,,,,1,,,2,1,7,,,,2,1,2,,5,11,2,,2,11,01,68,967.90384504
5359472,1,4,1,10,4,2,11,2008,12,3,6,,6,1,1,1,2,,,,,,,,,,1,,,,,,2,1,7,,,,2,1,1,1,4,6,,,2,6,01,68,967.90384504
5359472,1,5,1,10,5,2,6,1952,68,5,6,,4,3,,3,,,,,,,,,,,,,,1,,,2,1,7,,,,2,1,2,,3,5,,,2,5,01,68,967.90384504
5359473,1,1,1,10,1,2,4,1946,74,1,6,,4,3,,3,,,,,,,,,,,,1,,,,2,1,,,3,,,2,1,2,,3,1,,,2,1,01,68,967.90384504
5359513,1,1,1,10,1,1,12,1998,22,1,1,500_01,2,2,,2,,1,2,,,,,,,,,1,,,,2,1,,,3,,,2,1,2,,5,11,2,,2,11,01,19,1687.9356705
5359513,1,2,1,10,2,2,8,1995,25,2,1,500_01,2,2,,2,,1,1,,,1,,,,,,1,,,,,1,,,3,,,2,1,2,,5,11,2,,2,11,01,19,1687.9356705
5359513,1,3,1,10,2,1,8,2015,5,3,1,500_01,,2,,1,2,,,,,,,,,,,,,,,,1,,,3,,,2,2,2,,1,0,,,2,0,01,19,1687.9356705
5359513,1,4,1,10,2,1,9,2019,1,3,1,500_01,,1,1,1,2,,,,,,,,,,,,,,,,1,,,3,,,2,,,,,,,,2,,01,19,1687.9356705
5359514,1,1,1,10,1,1,8,1971,49,1,1,500_01,3,2,,2,,1,2,,1,,1,1,,,,1,,,,1,1,,,3,,,2,1,2,,5,11,2,,2,11,01,19,2139.1135429
5359514,1,2,1,10,2,2,8,1983,37,2,1,500_01,3,2,,2,,1,1,,1,,,,,,,1,,,,,1,,,3,,,2,1,2,,3,2,,,2,2,01,19,2139.1135429
5359514,1,3,1,10,1,2,1,2001,20,3,1,500_01,6,1,1,1,2,,,,,,,,,,,,,1,,,1,,,3,,,2,1,2,,3,4,,,2,4,01,19,2139.1135429
5359514,1,4,1,10,1,2,12,2003,17,3,1,500_01,6,1,1,1,2,,,,,,,,,,,,,1,,,1,,,3,,,2,1,2,,3,4,,,2,4,01,19,2139.1135429
5359514,1,5,1,10,1,1,8,2005,15,3,1,500_01,6,1,1,1,2,,,,,,,,,,,,,1,,,1,,,3,,,2,1,2,,3,5,,,2,5,01,19,2139.1135429
5359514,1,6,1,10,1,2,10,2016,4,3,1,500_01,,1,1,1,2,,,,,,,,,,,,,,,,1,,,3,,,2,2,2,,1,0,,,2,0,01,19,2139.1135429
5359514,1,7,1,10,1,2,10,2019,1,3,1,500_01,,1,1,1,2,,,,,,,,,,,,,,,,1,,,3,,,1,,,,,,,,2,,01,19,2139.1135429
5359515,1,1,1,10,1,1,1,1958,63,1,1,500_01,3,3,,2,,1,2,,1,,1,,,,,1,,,,1,1,,,3,,,2,1,2,,3,2,,,2,2,01,19,1861.9294905
5359515,1,2,1,10,2,2,6,1962,58,2,1,500_01,3,3,,3,,1,1,,1,,,,,,,,,,,,1,,,3,,,2,2,2,,1,0,,,2,0,01,19,1861.9294905
5359515,1,3,1,10,1,2,8,2005,15,3,1,500_01,6,1,1,1,2,,,,,,,,,,1,,,,,,1,,,3,,,2,1,1,1,4,8,,,2,8,01,19,1861.9294905
5359515,1,4,1,10,4,2,4,1996,24,3,1,500_01,2,1,1,1,2,2,,,1,,,,,,,1,,,,,1,,,3,,,2,1,2,,3,3,,,2,3,01,19,1861.9294905
5359515,1,5,1,10,1,1,6,2015,5,4,1,500_01,,2,,1,4,,,,,,,,,,,,,,,,1,,,3,,,2,2,2,,1,0,,,2,0,01,19,1861.9294905
5359515,1,6,1,10,1,2,2,2018,2,4,1,500_01,,2,,1,4,,,,,,,,,,,,,,,,1,,,3,,,2,,,,,,,,2,,01,19,1861.9294905
5359516,1,1,1,10,1,1,3,1978,42,1,1,500_01,3,3,,2,,1,2,,,,1,,,,,,,,,2,1,,,3,,,2,1,2,,3,2,,,2,2,01,19,2587.7492695
5359516,1,2,1,10,2,2,3,1978,42,2,1,500_01,3,3,,3,,1,1,,,1,1,,,,,,,,,,1,,,3,,,2,1,2,,3,1,,,2,1,01,19,2587.7492695
5359516,1,3,1,10,3,2,10,1995,25,3,1,500_01,6,1,1,1,2,,,,,,,,,,,,,1,,,1,,,3,,,2,1,2,,3,4,,,2,4,01,19,2587.7492695
5359516,1,4,1,10,3,1,12,2015,5,4,1,500_01,,2,,1,3,,,,,,,,,,,,,,,,1,,,3,,,2,2,2,,1,0,,,2,0,01,19,2587.7492695
5359516,1,5,1,10,3,1,9,2020,0,4,1,500_01,,2,,1,3,,,,,,,,,,,,,,,,1,,,3,,,2,,,,,,,,2,,01,19,2587.7492695
5359516,1,6,1,10,6,1,5,2003,17,3,1,500_01,6,1,1,1,2,,,,,,1,,,,,,,,,,1,,,3,,,2,1,2,,3,3,,,2,3,01,19,2587.7492695
5359516,1,7,1,10,2,1,12,2006,14,3,1,500_01,6,1,1,1,2,,,,,,,,,,1,,,,,,1,,,3,,,2,1,1,1,4,0,,,2,5,01,19,2587.7492695
5359516,1,8,1,10,2,1,8,2010,10,3,1,500_01,6,1,1,1,2,,,,,,,,,,1,,,,,,1,,,3,,,2,1,1,1,3,4,,,2,4,01,19,2587.7492695
5359516,1,9,1,10,2,2,4,2013,7,3,1,500_01,,1,1,1,2,,,,,,,,,,,,,,,,1,,,3,,,2,2,1,1,3,0,,,2,0,01,19,2587.7492695
5359516,1,10,1,10,2,2,6,2018,2,3,1,500_01,,1,1,1,2,,,,,,,,,,,,,,,,1,,,3,,,2,,,,,,,,2,,01,19,2587.7492695
5359516,1,11,1,10,11,1,2,1999,21,3,1,500_01,1,1,1,1,2,1,12,,,,1,,,,,,,,,,1,,,3,,,2,1,2,,3,5,,,2,5,01,19,2587.7492695
5359516,1,12,1,10,12,2,4,2004,16,5,1,500_01,1,2,,2,,1,11,,,,,,,,1,1,,,,,1,,,3,,,2,1,1,2,5,10,1,,2,10,01,19,2587.7492695
5359518,1,1,1,10,1,1,3,1949,71,1,1,500_01,3,3,,3,,2,,,,,,,,,,,,1,,1,1,,,3,,,2,2,2,,1,0,,,2,0,01,19,1227.4973426
5359519,1,1,1,10,1,1,11,1962,58,1,1,500_01,3,3,,3,,1,2,,,,,,,,,1,,,,2,1,,,3,,,2,1,2,,3,5,,,2,5,01,19,1564.9376564
5359519,1,2,1,10,2,2,5,1965,55,2,1,500_01,3,3,,2,,1,1,,,,,,,,,,,1,,,1,,,3,,,2,1,2,,3,3,,,2,3,01,19,1564.9376564
5359519,1,3,1,10,3,1,7,1998,22,3,1,500_01,6,1,1,1,2,,,,,,1,,,,,,,,,,1,,,3,,,2,1,2,,5,11,2,,2,11,01,19,1564.9376564
5359519,1,4,1,10,4,1,12,2004,16,3,1,500_01,6,1,1,1,2,,,,,,,,,,1,,,,,,1,,,3,,,2,1,1,1,4,7,,,2,7,01,19,1564.9376564
5359520,1,1,1,10,1,1,12,1990,30,1,1,500_01,2,2,,2,,1,2,,,,,,,,,,,1,,1,1,,,3,,,2,1,2,,5,11,2,,2,11,01,19,1531.9833917
5359520,1,2,1,10,2,2,5,1993,27,2,1,500_01,2,2,,2,,1,1,,,,,,,,,,,1,,,1,,,3,,,2,1,2,,3,5,,,2,5,01,19,1531.9833917
5359520,1,3,1,10,2,1,11,2010,10,3,1,500_01,6,1,1,1,2,,,,,,,,,,1,,,,,,1,,,3,,,2,1,1,1,3,4,,,2,4,01,19,1531.9833917
5359520,1,4,1,10,1,2,10,2017,3,3,1,500_01,,1,1,1,2,,,,,,,,,,,,,,,,1,,,3,,,2,2,2,,1,0,,,2,0,01,19,1531.9833917
5359521,1,1,1,10,1,1,2,1978,42,1,1,500_01,2,3,,2,,1,2,,,,1,,,,,,,,,1,1,,,3,,,2,1,2,,4,7,,,2,7,01,19,2343.6122147
5359521,1,2,1,10,2,2,8,1978,42,2,1,500_01,2,2,,2,,1,1,,,,,,,,,,,1,,,1,,,3,,,2,1,2,,3,3,,,2,3,01,19,2343.6122147
5359521,1,3,1,10,2,2,4,2006,14,3,1,500_01,6,1,1,1,2,,,,,,,,,,1,,,,,,1,,,3,,,2,1,1,1,4,6,,,2,6,01,19,2343.6122147
5359521,1,4,1,10,2,2,9,2008,12,3,1,500_01,6,1,1,1,2,,,,,,,,,,1,,,,,,1,,,3,,,2,1,1,1,4,6,,,2,6,01,19,2343.6122147
5359521,1,5,1,10,2,2,7,2010,10,3,6,,6,1,1,1,2,,,,,,,,,,1,,,,,,1,,,3,,,2,1,1,1,3,3,,,2,3,01,19,2343.6122147
5359521,1,6,1,10,2,1,12,2013,7,3,1,500_01,,1,1,1,2,,,,,,,,,,,,,,,,1,,,3,,,2,1,1,1,3,1,,,2,1,01,19,2343.6122147
5359521,1,7,1,10,1,1,3,1984,36,5,1,500_01,6,2,,2,,,,,,,,,,,,,,1,,,1,,,3,,,2,2,2,,1,0,,,2,0,01,19,2343.6122147
5359522,1,1,1,10,1,1,12,1956,64,1,1,500_01,3,3,,3,,1,2,,1,,1,,,,,,,,,1,1,,,3,,,2,2,2,,1,0,,,2,0,01,19,1465.6770888
5359522,1,2,1,10,2,2,6,1959,61,2,1,500_01,3,3,,2,,1,1,,,,,,,,,,,1,,,1,,,3,,,2,2,2,,1,0,,,2,0,01,19,1465.6770888
5359522,1,3,1,10,1,2,3,2005,15,3,1,500_01,6,1,1,1,2,,,,,,,,,,1,,,,,,1,,,3,,,2,1,1,1,4,7,,,2,7,01,19,1465.6770888
5359522,1,4,1,10,1,2,4,2010,10,4,1,500_01,6,2,,2,,,,,,,,,,,1,,,,,,1,,,3,,,2,1,1,1,3,4,,,2,4,01,19,1465.6770888
5359522,1,5,1,10,1,1,12,2014,6,4,1,500_01,,2,,2,,,,,,,,,,,,,,,,,1,,,3,,,2,2,1,1,3,0,,,2,0,01,19,1465.6770888
5359551,1,1,1,10,1,1,1,1970,51,1,6,,4,1,2,1,3,,,,1,,1,1,,1,,1,,,,1,1,,,3,,,2,1,2,,5,11,2,,2,11,01,19,646.93731738
5359551,1,2,1,10,1,1,6,1922,98,5,6,,3,3,,3,,1,3,,,,,,,,,,,1,,,1,,,1,2,135000,2,1,2,,6,5,4,,2,16,01,19,646.93731738
5359551,1,3,1,10,1,2,4,1948,72,5,6,,3,3,,3,,1,2,,,,,,,,,,,1,,,1,,,1,3,113000,2,1,2,,5,11,2,,2,11,01,19,646.93731738
5359551,1,4,1,10,1,2,,,45,5,6,,6,1,2,1,3,,,,,,,,,,,,,1,,,1,,,1,5,,2,2,2,,1,0,,,2,0,01,19,646.93731738
5359552,1,1,1,10,1,2,5,1971,49,1,5,,5,1,6,1,5,,,,,1,1,,,,,,,,,2,1,,,3,,,2,1,2,,3,5,,,2,5,01,19,1096.6556945
5359552,1,2,1,10,2,1,7,1993,27,3,5,,6,3,,1,1,,,,,,1,,,,,,,,,,1,,,3,,,2,1,2,,5,11,2,,2,11,01,19,1096.6556945
5359552,1,3,1,10,3,1,10,1999,21,3,5,,6,2,,1,1,,,,,,,,,,,,,1,,,1,,,3,,,2,1,2,,4,9,,,2,9,01,19,1096.6556945
5359552,1,4,1,10,3,1,5,2013,7,4,5,,,2,,2,,,,,,,,,,,,,,,,,1,,,3,,,2,1,1,1,3,2,,,2,2,01,19,1096.6556945
5359552,1,5,1,10,5,2,6,1937,83,5,5,,2,3,,3,,1,6,,,,,,,,,,,1,,,1,,,3,,,2,1,2,,3,3,,,2,3,01,19,1096.6556945
5359552,1,6,1,10,6,1,3,1936,84,5,5,,2,3,,3,,1,5,,,,,,,,,,,1,,,1,,,3,,,2,1,2,,3,5,,,2,5,01,19,1096.6556945
5359553,1,1,1,10,1,1,12,1969,51,1,5,,5,3,,2,,,,,,,1,1,,,,,,,,1,1,,,3,,,2,1,2,,4,6,,,2,6,01,19,2587.7492695
5359553,1,2,1,10,2,1,10,1999,21,3,5,,6,2,,3,,,,,,,,,,,,,,1,,,1,,,3,,,2,1,2,,5,10,1,,2,10,01,19,2587.7492695
5359553,1,3,1,10,2,2,6,2009,11,3,5,,6,1,1,3,,,,,,,,,,,1,,,,,,1,,,3,,,2,1,1,1,3,4,,,2,4,01,19,2587.7492695
5359554,1,1,1,10,1,2,12,1946,74,1,5,,4,3,,3,,,,,,1,1,,,,,1,,,,2,1,,,1,5,,2,1,2,,3,3,,,2,3,01,19,681.6412556
5359555,1,1,1,10,1,2,3,1992,28,1,5,,6,2,,2,,,,,,,,,,,,,,1,,2,1,,,1,1,48000,2,1,2,,5,11,2,,2,11,01,19,646.93731738
5359555,1,2,1,10,1,1,10,2011,9,3,5,,,2,,1,1,,,,,,,,,,,,,,,,1,,,3,,,2,1,1,1,3,4,,,2,4,01,19,646.93731738
5359556,1,1,1,10,1,1,12,1997,23,1,5,,2,2,,3,,1,2,,1,,,,,1,,,,,,2,1,,,3,,,2,1,2,,5,11,2,,2,11,01,19,1306.808597
5359556,1,2,1,10,2,2,4,1996,24,2,5,,2,2,,2,,1,1,,1,,1,,,1,,,,,,,1,,,3,,,2,1,2,,6,4,3,,2,15,01,19,1306.808597
5359556,1,3,1,10,1,2,4,2020,0,3,5,,,1,1,1,2,,,,,,,,,,,,,,,,1,,,3,,,2,,,,,,,,2,,01,19,1306.808597
5359556,1,4,1,10,4,2,10,1992,28,5,5,,2,2,,2,,2,,,,1,1,,,,,1,,,,,1,,,1,1,39000,2,1,2,,6,2,3,,2,13,01,19,1306.808597
5359556,1,5,1,10,4,2,3,2019,1,5,5,,,2,,1,4,,,,,,,,,,,,,,,,1,,,1,5,,2,,,,,,,,2,,01,19,1306.808597
5359557,1,1,1,10,1,1,5,1952,68,1,5,,2,3,,2,,2,,,,1,,,,,,1,,,,1,1,,,3,,,2,1,2,,3,2,,,2,2,01,19,1227.4973426
5359558,1,1,1,10,1,1,10,1974,46,1,5,,2,3,,2,,1,2,1,,,,,,,,,,,,1,1,,,1,1,42300,2,1,2,,4,6,,,2,6,01,19,1135.73099
5359558,1,2,1,10,2,2,9,1973,47,2,5,,2,2,,2,,1,1,,1,,1,1,,1,,1,,,,,1,,,1,5,,2,1,2,,3,4,,,2,4,01,19,1135.73099
5359558,1,3,1,10,2,1,10,2000,20,3,5,,6,1,1,1,2,,,,,,,,,,1,,,,,,1,,,1,5,,2,1,1,1,6,3,2,2,2,14,01,19,1135.73099
5359559,1,1,1,10,1,2,3,1928,92,1,5,,6,3,,3,,,,,,,,,,,,,,1,,1,1,,,3,,,2,1,2,,3,2,,,2,2,01,19,646.93731738
5359559,1,2,1,10,2,1,2,1957,63,3,5,,2,3,,1,1,2,,,,,1,,,,,,,,,,1,,,3,,,2,1,2,,3,5,,,2,5,01,19,646.93731738
5359561,1,1,1,10,1,2,7,1981,39,1,5,,2,2,,3,,1,2,,1,,1,1,,1,,,,,,1,1,,,1,3,121000,2,1,2,,6,3,3,,2,14,01,19,766.3330182
5359561,1,2,1,10,2,1,1,1988,33,2,5,,2,2,,2,,1,1,,1,,1,1,,1,,,,,,,1,,,1,1,34000,2,1,2,,6,3,3,,2,14,01,19,766.3330182
5359561,1,3,1,10,1,2,12,2010,10,3,5,,6,2,,1,1,,,,,,,,,,1,,,,,,1,,,3,,,2,1,1,1,3,4,,,2,4,01,19,766.3330182
5359562,1,1,1,10,1,1,9,1969,51,1,6,,2,2,,2,,1,2,,1,,1,1,,1,,1,,,,1,1,,,3,,,2,1,2,,3,2,,,2,2,01,19,1493.1990894
5359562,1,2,1,10,2,2,2,1972,48,2,6,,2,2,,3,,1,1,,1,,1,,,,,1,,,,,1,,,3,,,2,1,2,,5,11,2,,2,11,01,19,1493.1990894
5359562,1,3,1,10,2,1,11,1992,28,3,6,,6,1,1,1,2,,,,,,,,,,,,,1,,,1,,,3,,,2,2,2,,1,0,,,2,0,01,19,1493.1990894
5359562,1,4,1,10,2,2,3,2009,11,3,6,,6,1,1,1,2,,,,,,,,,,1,,,,,,1,,,3,,,2,1,1,1,4,0,,,2,5,01,19,1493.1990894
5359563,1,1,1,10,1,2,10,1934,86,1,1,999_01,5,3,,3,,,,,,1,,,,,,,,,,1,1,,,3,,,2,2,2,,1,0,,,2,0,01,19,646.93731738
5359563,1,2,1,10,2,1,5,1964,56,3,1,999_01,3,3,,1,1,1,3,,,1,1,,,,,,,,,,1,,,3,,,2,1,2,,3,4,,,2,4,01,19,646.93731738
5359563,1,3,1,10,3,2,7,1960,60,5,5,,3,3,,2,,1,2,,,,,,,,,,,1,,,1,,,3,,,2,1,2,,4,6,,,2,6,01,19,646.93731738
5359564,1,1,1,10,1,2,5,1971,49,1,6,,6,1,14,1,13,,,,1,,,1,,,,1,,,,1,1,,,3,,,2,1,2,,3,4,,,2,4,01,19,2046.1168668
5359564,1,2,1,10,1,1,5,1995,25,3,6,,6,2,,1,1,,,,,,,,,,,,,1,,,1,,,3,,,2,2,2,,1,0,,,2,0,01,19,2046.1168668
5359564,1,3,1,10,3,2,3,1992,28,3,6,,4,2,,1,1,,,,,,1,,,,,1,,,,,1,,,2,1,142000,2,1,2,,6,3,3,,2,14,01,19,2046.1168668
5359564,1,4,1,10,3,2,8,2017,3,4,6,,,2,,1,3,,,,,,,,,,,,,,,,1,,,2,5,,2,2,2,,1,0,,,2,0,01,19,2046.1168668
5359564,1,5,1,10,5,2,6,1997,23,3,6,,4,2,,1,1,,,,1,,,1,,1,1,,,,,,1,,,3,,,2,1,1,1,6,2,2,2,2,13,01,19,2046.1168668
5359564,1,6,1,10,5,1,5,2017,3,4,6,,,2,,1,5,,,,,,,,,,,,,,,,1,,,3,,,2,2,2,,1,0,,,2,0,01,19,2046.1168668
5359564,1,7,1,10,7,2,7,1998,22,3,6,,4,2,,1,1,,,,1,,,1,,1,,,,,,,1,,,3,,,2,1,2,,5,11,2,,2,11,01,19,2046.1168668
5359564,1,8,1,10,7,2,10,2014,6,4,6,,,2,,1,7,,,,,,,,,,,,,,,,1,,,3,,,2,2,1,1,2,0,,,2,0,01,19,2046.1168668
5359564,1,9,1,10,7,1,9,2018,2,4,6,,,2,,1,7,,,,,,,,,,,,,,,,1,,,3,,,2,,,,,,,,2,,01,19,2046.1168668
5359564,1,10,1,10,10,2,1,2000,21,3,6,,4,2,,1,1,,,,1,,,,1,,,1,,,,,1,,,3,,,2,1,2,,5,11,2,,2,11,01,19,2046.1168668
5359564,1,11,1,10,10,1,6,2014,6,4,6,,,2,,1,10,,,,,,,,,,,,,,,,1,,,3,,,2,1,1,1,3,1,,,2,1,01,19,2046.1168668
5359564,1,12,1,10,10,2,11,2018,2,4,6,,,2,,1,10,,,,,,,,,,,,,,,,1,,,3,,,2,,,,,,,,2,,01,19,2046.1168668
5359564,1,13,1,10,13,2,1,1942,79,5,6,,2,3,,3,,1,14,,,,,,,,,,,1,,,1,,,3,,,2,2,2,,1,0,,,2,0,01,19,2046.1168668
5359564,1,14,1,10,1,1,8,1940,80,5,6,,2,3,,3,,1,13,,,,,,,,,1,,,,,1,,,3,,,2,1,2,,5,11,2,,2,11,01,19,2046.1168668
5359565,1,1,1,10,1,1,1,1971,50,1,6,,2,2,,2,,2,,,,,,,,,,,,1,,1,1,,,3,,,2,1,2,,3,2,,,2,2,01,19,1784.0126165
5359565,1,2,1,10,2,2,3,1994,26,3,1,999_01,6,1,1,2,,,,,,,,,,,,,,1,,,1,,,3,,,2,1,2,,4,8,,,2,8,01,19,1784.0126165
5359565,1,3,1,10,2,2,1,2018,3,4,1,999_01,,2,,1,2,,,,,,,,,,,,,,,,2,2,,,,,2,2,2,,1,0,,,2,0,01,19,1784.0126165
5359565,1,4,1,10,4,1,7,1995,25,3,6,,6,1,1,2,,,,,,,,,,,,,,1,,,1,,,3,,,2,1,2,,4,7,,,2,7,01,19,1784.0126165
5359566,1,1,1,10,1,1,7,1959,61,1,1,999_01,3,2,,3,,1,2,,,1,,,,,,,,,,1,1,,,3,,,2,1,2,,3,2,,,2,2,01,19,1261.3542239
5359566,1,2,1,10,2,2,7,1959,61,2,1,999_01,3,3,,2,,1,1,,,1,1,,,,,,,,,,1,,,3,,,2,1,2,,3,2,,,2,2,01,19,1261.3542239
5359566,1,3,1,10,3,2,3,1995,25,3,1,999_01,2,1,1,1,2,1,4,,,,1,,,,,,,,,,1,,,3,,,2,1,2,,5,11,2,,2,11,01,19,1261.3542239
5359566,1,4,1,10,4,1,12,1993,27,5,1,999_01,2,3,,3,,1,3,,,1,,,,,,,,,,,1,,,3,,,2,1,2,,5,11,2,,2,11,01,19,1261.3542239
5359566,1,5,1,10,3,1,12,2012,8,4,1,999_01,,2,,1,3,,,,,,,,,,,,,,,,1,,,3,,,2,1,1,1,3,2,,,2,2,01,19,1261.3542239
5359566,1,6,1,10,3,1,12,2016,4,4,1,999_01,,2,,1,3,,,,,,,,,,,,,,,,1,,,3,,,2,2,1,1,2,0,,,2,0,01,19,1261.3542239
5359567,1,1,1,10,1,1,9,1973,47,1,5,,2,2,,3,,1,2,,1,,1,1,,,,1,,,,2,1,,,3,,,2,1,2,,3,5,,,2,5,01,19,646.93731738
5359567,1,2,1,10,2,2,10,1977,43,2,5,,2,1,3,3,,1,1,,1,,,,,,,1,,,,,1,,,3,,,2,1,2,,3,4,,,2,4,01,19,646.93731738
5359567,1,3,1,10,2,1,12,1922,98,5,5,,5,3,,3,,,,,,,,,,,,,,1,,,1,,,3,,,2,2,2,,1,0,,,2,0,01,19,646.93731738
5359569,1,1,1,10,1,1,11,1989,31,1,1,500_01,2,2,,2,,1,2,,1,,1,1,,1,,1,,,,1,1,,,3,,,2,1,2,,4,9,,,2,9,01,19,2522.4319825
5359569,1,2,1,10,2,2,9,2001,19,2,1,500_01,2,2,,2,,1,1,,1,,1,1,,,,1,,,,,1,,,3,,,2,1,2,,5,11,2,,2,11,01,19,2522.4319825
5359569,1,3,1,10,2,2,11,2015,5,3,1,500_01,,2,,1,2,,,,,,,,,,,,,,,,1,,,3,,,2,2,1,1,2,0,,,2,0,01,19,2522.4319825
5359570,1,1,1,10,1,1,4,1996,24,1,6,,2,2,,2,,1,2,,1,1,1,,,,,,,,,1,1,,,3,,,2,1,2,,4,6,,,2,6,01,19,2270.4027577
5359570,1,2,1,10,2,2,5,2004,16,2,6,,2,2,,2,,1,1,,,,,,,,,1,,,,,1,,,3,,,2,1,2,,4,8,,,2,8,01,19,2270.4027577
5359570,1,3,1,10,2,2,3,2019,1,3,6,,,1,1,1,2,,,,,,,,,,,,,,,,1,,,3,,,2,,,,,,,,2,,01,19,2270.4027577
5359579,1,1,1,10,1,1,3,1951,69,1,1,500_01,2,3,,3,,1,2,,,,1,1,,,,1,,,,1,1,,,3,,,2,1,2,,3,2,,,2,2,01,19,817.32447306
5359579,1,2,1,10,2,2,11,1987,33,2,1,500_01,2,3,,2,,1,1,1,,,1,,,,,1,,,,,1,,,3,,,2,1,2,,3,5,,,2,5,01,19,817.32447306
5359579,1,3,1,10,2,1,5,2003,17,3,1,500_01,6,1,1,1,2,,,,,,,,,,1,,,,,,1,,,3,,,2,1,1,1,4,9,,,2,9,01,19,817.32447306
5359579,1,4,1,10,2,1,6,2005,15,3,1,500_01,6,1,1,1,2,,,,,,,,,,1,,,,,,1,,,3,,,2,1,2,,4,6,,,2,6,01,19,817.32447306
5359580,1,1,1,10,1,1,9,1974,46,1,1,999_01,3,2,,2,,1,2,,,,1,,,,,,,,,1,1,,,3,,,2,1,2,,3,3,,,2,3,01,19,1241.1698647
5359580,1,2,1,10,2,2,12,1976,44,2,1,999_01,3,3,,3,,1,1,,,1,1,,,,,,,,,,1,,,3,,,2,1,2,,3,5,,,2,5,01,19,1241.1698647
5359580,1,3,1,10,3,1,11,2000,20,3,1,999_01,6,1,1,1,2,,,,,,1,,,,,,,,,,1,,,3,,,2,1,2,,5,11,2,,2,11,01,19,1241.1698647
5359580,1,4,1,10,2,2,12,2004,16,3,1,999_01,6,1,1,1,2,,,,,,,,,,1,,,,,,1,,,3,,,2,1,1,1,4,9,,,2,9,01,19,1241.1698647
5359582,1,1,1,10,1,1,7,1960,60,1,6,,5,3,,2,,,,,,,,,,,,,,1,,1,1,,,3,,,2,1,2,,3,3,,,2,3,01,19,1227.4973426
5359583,1,1,1,10,1,2,7,1947,73,1,6,,5,3,,3,,,,,1,,,,,,,1,,,,1,1,,,3,,,2,1,2,,3,5,,,2,5,01,19,681.6412556
5359584,1,1,1,10,2,1,1,1950,71,1,6,,3,3,,3,,1,2,1,,,1,1,,,,1,,,,2,1,,,3,,,2,1,2,,3,2,,,2,2,01,19,646.93731738
5359584,1,2,1,10,2,2,5,1952,68,2,6,,3,3,,3,,1,1,,,,,,,,,1,,,,,1,,,3,,,2,1,2,,4,6,,,2,6,01,19,646.93731738
5359585,1,1,1,10,1,1,2,1968,52,1,1,500_01,2,3,,1,4,1,2,,,1,1,,,,,1,,,,2,1,,,3,,,2,1,2,,3,4,,,2,4,01,19,646.93731738
5359585,1,2,1,10,2,2,7,1971,49,2,1,500_02,2,2,,2,,1,1,,1,1,,,,,,,,,,,1,,,3,,,2,1,2,,3,3,,,2,3,01,19,646.93731738
5359585,1,3,1,10,3,1,12,1998,22,3,1,500_01,6,1,1,1,2,,,,,,1,,,,,,,,,,1,,,3,,,2,1,2,,5,11,2,,2,11,01,19,646.93731738
5359585,1,4,1,10,4,2,3,1940,80,5,1,500_01,5,3,,3,,,,,1,,,,,,,1,,,,,1,,,3,,,2,2,2,,1,0,,,2,0,01,19,646.93731738
5359586,1,1,1,10,1,2,10,1967,53,1,6,,2,1,5,3,,1,2,,1,,1,,,,,1,,,,1,1,,,3,,,2,1,2,,3,3,,,2,3,01,19,646.93731738
5359586,1,2,1,10,2,1,2,1963,57,2,6,,2,3,,2,,1,1,,1,,1,1,,1,,1,,,,,1,,,3,,,2,1,2,,3,5,,,2,5,01,19,646.93731738
5359586,1,3,1,10,1,2,7,2002,18,3,6,,6,1,2,1,1,,,,,,,,,,1,,,,,,1,,,3,,,2,1,1,1,6,0,2,2,2,11,01,19,646.93731738
5359586,1,4,1,10,1,2,3,2004,16,3,6,,6,1,2,1,1,,,,,,,,,,1,,,,,,1,,,3,,,2,1,2,,5,11,2,,2,11,01,19,646.93731738
5359586,1,5,1,10,1,1,2,1928,92,5,6,,5,3,,3,,,,,,,,,,,,,,1,,,2,1,24,,,,1,2,2,,1,0,,,2,0,01,19,646.93731738
5359588,1,1,1,10,1,2,10,1991,29,1,1,500_01,2,3,,1,3,2,,,,1,1,,,,,1,,,,1,1,,,2,5,,2,1,2,,5,11,2,,2,11,01,19,646.93731738
5359588,1,2,1,10,1,1,8,2014,6,3,1,500_01,,2,,1,1,,,,,,,,,,,,,,,,1,,,2,5,,2,1,1,1,3,0,,,2,0,01,19,646.93731738
5359588,1,3,1,10,3,2,8,1961,59,5,1,500_01,5,3,,3,,,,,,,,,,,,,,1,,,2,2,,,,,1,2,2,,1,0,,,2,0,01,19,646.93731738
5359589,1,1,1,10,1,2,6,1996,24,1,1,500_01,2,2,,2,,1,2,,1,,1,1,,,,1,,,,1,1,,,3,,,2,1,2,,4,8,,,2,8,01,19,2587.7492695
5359589,1,2,1,10,2,1,10,1992,28,2,1,500_01,2,2,,2,,1,1,,1,,,,,,,,,,,,1,,,3,,,2,1,2,,5,10,1,,2,10,01,19,2587.7492695
5359589,1,3,1,10,1,2,5,2011,9,3,1,500_01,,1,2,1,1,,,,,,,,,,,,,,,,1,,,3,,,2,1,1,1,3,4,,,2,4,01,19,2587.7492695
5359589,1,4,1,10,1,1,1,2018,3,3,1,500_01,,1,2,1,1,,,,,,,,,,,,,,,,1,,,3,,,2,2,2,,1,0,,,2,0,01,19,2587.7492695
5359590,1,1,1,10,1,2,3,1981,39,1,6,,2,2,,2,,1,2,,,,1,,,,,1,,,,2,1,,,3,,,2,1,2,,3,1,,,2,1,01,19,1562.2987236
5359590,1,2,1,10,2,1,12,1963,57,2,6,,2,3,,3,,1,1,,1,1,1,,,,,1,,,,,1,,,3,,,2,1,2,,3,1,,,2,1,01,19,1562.2987236
5359590,1,3,1,10,3,1,8,1999,21,3,6,,6,1,2,1,1,,,,,1,1,,,,,,,,,,1,,,3,,,2,1,2,,5,11,2,,2,11,01,19,1562.2987236
5359590,1,4,1,10,1,1,8,2016,4,3,6,,,1,2,1,1,,,,,,,,,,,,,,,,2,2,,,,,2,2,2,,1,0,,,2,0,01,19,1562.2987236
5359590,1,5,1,10,5,2,11,1997,23,3,6,,2,1,2,1,1,1,6,,1,1,,,,,,1,,,,,1,,,3,,,2,1,2,,5,11,2,,2,11,01,19,1562.2987236
5359590,1,6,1,10,6,1,5,1996,24,5,6,,2,2,,2,,1,5,,,1,1,,,1,,,,,,,1,,,3,,,2,1,2,,6,2,3,,2,13,01,19,1562.2987236
5359591,1,1,1,10,1,2,1,1949,72,1,5,,3,3,,3,,2,,,1,,,,,,,1,,,,2,1,,,1,2,113000,2,1,2,,5,11,2,,2,11,01,19,681.6412556
5359595,1,1,1,10,2,1,7,1957,63,1,6,,2,2,,2,,1,2,,,1,1,,,,,1,,,,1,1,,,3,,,2,1,2,,3,5,,,2,5,01,19,646.93731738
5359595,1,2,1,10,2,2,12,1973,47,2,6,,2,3,,3,,1,1,,,1,,,,,,1,,,,,1,,,3,,,2,1,2,,3,3,,,2,3,01,19,646.93731738
5359595,1,3,1,10,2,1,5,2003,17,3,6,,6,2,,1,2,,,,,,,,,,,,,1,,,1,,,3,,,2,1,2,,3,4,,,2,4,01,19,646.93731738
5359596,1,1,1,10,1,1,5,1979,41,1,6,,2,3,,2,,1,2,,1,1,1,1,,,,1,,,,1,1,,,3,,,2,1,2,,3,5,,,2,5,01,19,1557.4864888
5359596,1,2,1,10,2,2,5,1979,41,2,6,,2,3,,2,,1,1,,1,1,,,,1,,1,,,,,1,,,3,,,2,1,2,,5,11,2,,2,11,01,19,1557.4864888
5359596,1,3,1,10,3,2,9,2005,15,3,6,,6,3,,1,2,,,,,,,,,,1,1,,,,,1,,,3,,,2,1,1,1,4,9,,,2,9,01,19,1557.4864888
5359596,1,4,1,10,2,2,10,2007,13,3,6,,6,1,1,2,,,,,,,,,,,1,1,,,,,1,,,3,,,2,1,1,1,3,5,,,2,5,01,19,1557.4864888
5359596,1,5,1,10,2,2,1,2010,11,3,6,,6,1,1,2,,,,,,,,,,,1,1,,,,,1,,,3,,,2,1,1,1,3,4,,,2,4,01,19,1557.4864888
5359596,1,6,1,10,2,2,8,2010,10,3,6,,6,2,,1,2,,,,,,,,,,1,1,,,,,1,,,3,,,2,1,1,1,3,4,,,2,4,01,19,1557.4864888
5359596,1,7,1,10,2,1,5,2007,13,5,6,,6,2,,2,,,,,,,,,,,,,,1,,,1,,,3,,,2,1,2,,4,6,,,2,6,01,19,1557.4864888
5359597,1,1,1,10,2,1,10,1996,24,1,6,,2,2,,2,,1,2,,,,1,,,,,,,,,2,2,1,78,,,,2,1,2,,4,8,,,2,8,01,19,1201.3697223
5359597,1,2,1,10,2,2,8,1995,25,2,6,,2,3,,2,,1,1,,,,,,,,,,,1,,,1,,,3,,,2,1,2,,3,5,,,2,5,01,19,1201.3697223
5359597,1,3,1,10,2,2,4,2014,6,3,6,,,2,,1,2,,,,,,,,,,,,,,,,1,,,3,,,2,2,1,1,3,0,,,2,0,01,19,1201.3697223
5359597,1,4,1,10,2,2,9,2018,2,3,6,,,1,1,1,2,,,,,,,,,,,,,,,,1,,,3,,,2,,,,,,,,2,,01,19,1201.3697223
5359598,1,1,1,10,1,1,6,1995,25,1,6,,2,2,,2,,1,2,,,,1,,,1,,,,,,2,2,1,24,,,,2,1,2,,6,1,3,,2,12,01,19,2126.1795807
5359598,1,2,1,10,2,2,5,2001,19,2,6,,2,2,,2,,1,1,,,,,,,1,,,,,,,2,1,24,,,,2,1,2,,3,5,,,2,5,01,19,2126.1795807
5359599,1,1,1,10,1,2,1,1981,40,1,6,,4,2,,3,,,,,1,,,1,,,,1,,,,1,1,,,3,,,2,1,2,,3,5,,,2,5,01,19,679.00232284
5359599,1,2,1,10,1,2,2,2007,13,3,6,,6,2,,1,1,,,,,,,,,,1,,,,,,1,,,3,,,2,1,1,1,4,9,,,2,9,01,19,679.00232284
5359599,1,3,1,10,1,1,2,2014,6,3,6,,,2,,1,1,,,,,,,,,,,,,,,,1,,,3,,,2,1,1,1,3,2,,,2,2,01,19,679.00232284
5359600,1,1,1,10,1,2,3,1959,61,1,6,,5,2,,2,,,,,1,,1,1,,1,,1,,,,1,1,,,3,,,2,1,2,,3,1,,,2,1,01,19,681.6412556
5359601,1,1,1,10,1,1,4,1991,29,1,6,,2,3,,2,,1,2,,1,1,1,,,,,1,,,,1,2,1,84,,,,1,2,2,,3,1,,,2,1,01,19,2587.7492695
5359601,1,2,1,10,2,2,12,1998,22,2,6,,2,2,,2,,1,1,,1,,,,,,,1,,,,,1,,,3,,,2,1,2,,3,5,,,2,5,01,19,2587.7492695
5359601,1,3,1,10,2,2,11,2013,7,3,6,,,2,,1,2,,,,,,,,,,,,,,,,1,,,3,,,2,1,1,1,3,2,,,2,2,01,19,2587.7492695
5359601,1,4,1,10,2,1,1,2017,4,3,6,,,1,1,1,2,,,,,,,,,,,,,,,,1,,,3,,,2,2,1,1,2,0,,,2,0,01,19,2587.7492695
5359602,1,1,1,10,1,2,9,1964,56,1,6,,5,3,,3,,,,,1,,1,1,,,,1,,,,1,1,,,3,,,2,2,2,,1,0,,,2,0,01,19,681.6412556
5359603,1,1,1,10,1,1,12,1938,82,1,6,,3,3,,3,,1,2,,1,,,,,,,1,,,,1,1,,,3,,,2,2,2,,1,0,,,2,0,01,19,646.93731738
5359603,1,2,1,10,2,2,6,1944,76,2,6,,3,3,,3,,1,1,,1,,,,,,,1,,,,,1,,,3,,,2,2,2,,1,0,,,2,0,01,19,646.93731738
5359605,1,1,1,10,2,1,6,1968,52,1,6,,2,3,,3,,1,2,,1,1,1,,,,,1,,,,1,1,,,3,,,2,1,2,,4,7,,,2,7,01,19,1241.1698647
5359605,1,2,1,10,2,2,7,1966,54,2,6,,2,3,,2,,1,1,,,,1,,,1,,1,,,,,1,,,3,,,2,1,2,,4,9,,,2,9,01,19,1241.1698647
5359605,1,3,1,10,2,1,10,2003,17,3,6,,6,1,1,1,2,,,,,,,,,,1,,,,,,1,,,3,,,2,1,1,1,4,9,,,2,9,01,19,1241.1698647
5359605,1,4,1,10,2,2,2,2006,14,3,6,,6,1,1,1,2,,,,,,,,,,1,,,,,,1,,,3,,,2,1,1,1,4,9,,,2,9,01,19,1241.1698647
5359606,1,1,1,10,1,1,,,40,1,1,999_01,3,2,,2,,1,2,,,,1,,,,,1,,,,1,1,,,3,,,2,1,2,,3,5,,,2,5,01,19,1610.5678364
5359606,1,2,1,10,2,2,,,45,2,1,999_01,3,2,,2,,1,1,,,,1,,,,,1,,,,,1,,,3,,,2,1,2,,5,11,2,,2,11,01,19,1610.5678364
5359606,1,3,1,10,3,1,11,2002,18,3,1,999_01,6,1,1,1,2,,,,,,,,,,1,1,,,,,1,,,3,,,2,1,1,1,5,10,1,,2,10,01,19,1610.5678364
5359606,1,4,1,10,4,1,5,2009,11,3,1,999_01,6,1,1,1,2,,,,,,,,,,1,,,,,,1,,,3,,,2,1,1,1,4,6,,,2,6,01,19,1610.5678364
5359607,1,1,1,10,2,1,12,1969,51,1,1,500_01,2,2,,2,,1,2,,1,1,1,,,,,1,,,,2,1,,,3,,,2,1,2,,3,3,,,2,3,01,19,2112.2591129
5359607,1,2,1,10,2,2,4,1980,40,2,1,500_01,2,3,,2,,1,1,,,,,,,1,,1,,,,,1,,,3,,,2,1,2,,3,5,,,2,5,01,19,2112.2591129
5359607,1,3,1,10,2,1,2,1998,22,3,1,500_01,6,1,1,1,2,,,,,,,,,,,,,1,,,1,,,3,,,2,2,2,,1,0,,,2,0,01,19,2112.2591129
5359607,1,4,1,10,2,1,11,1999,21,3,1,500_01,6,1,1,1,2,,,,,,,,,,1,,,,,,1,,,3,,,2,1,1,2,6,2,2,2,2,13,01,19,2112.2591129
5359607,1,5,1,10,5,2,8,2001,19,3,1,500_01,6,1,1,1,2,,,,,,,,,,,,,1,,,1,,,3,,,2,1,2,,5,11,2,,2,11,01,19,2112.2591129
5359607,1,6,1,10,5,2,1,2020,1,4,1,500_01,,2,,1,5,,,,,,,,,,,,,,,,1,,,3,,,2,,,,,,,,2,,01,19,2112.2591129
5359608,1,1,1,10,1,1,4,2002,18,1,6,,1,3,,2,,1,2,,,,,1,,1,,,,,,1,1,,,3,,,2,1,2,,4,7,,,2,7,01,19,910.55619522
5359608,1,2,1,10,2,2,11,1994,26,2,1,500_01,1,3,,2,,1,1,,1,1,1,1,,,,1,,,,,1,,,3,,,2,1,2,,3,5,,,2,5,01,19,910.55619522
5359608,1,3,1,10,2,2,10,2009,11,3,1,500_01,6,3,,1,2,,,,,,,,,,1,1,,,,,1,,,3,,,2,1,1,1,3,4,,,2,4,01,19,910.55619522
5359608,1,4,1,10,2,2,9,2012,8,3,1,500_01,,3,,1,2,,,,,,,,,,,,,,,,1,,,3,,,2,1,1,1,3,1,,,2,1,01,19,910.55619522
5359609,1,1,1,10,1,2,1,1952,69,1,1,500_01,5,3,,3,,,,,,,,,,,,1,,,,1,1,,,3,,,2,1,2,,3,1,,,2,1,01,19,681.6412556
5359610,1,1,1,10,1,1,12,1951,69,1,1,500_01,2,3,,3,,1,2,,1,,1,,,,,1,,,,2,1,,,3,,,2,1,2,,3,2,,,2,2,01,19,646.93731738
5359610,1,2,1,10,1,2,2,1947,73,2,1,500_01,2,3,,3,,1,1,,,,,,,,,,,1,,,1,,,3,,,2,1,2,,3,2,,,2,2,01,19,646.93731738
5359611,1,1,1,10,1,2,2,1994,26,1,1,500_01,2,2,,2,,1,2,,,,,,,,,1,,,,1,1,,,3,,,2,1,2,,4,9,,,2,9,01,19,1696.6819211
5359611,1,2,1,10,2,1,10,1976,44,2,1,500_01,2,2,,3,,1,1,,,,,,,,,,,1,,,1,,,3,,,2,1,2,,5,11,2,,2,11,01,19,1696.6819211
5359611,1,3,1,10,1,2,2,2013,7,3,1,500_01,,1,2,1,1,,,,,,,,,,,,,,,,1,,,3,,,2,1,1,1,3,2,,,2,2,01,19,1696.6819211
5359611,1,4,1,10,1,1,9,2014,6,3,1,500_01,,1,2,1,1,,,,,,,,,,,,,,,,1,,,3,,,2,2,1,1,2,0,,,2,0,01,19,1696.6819211
5359612,1,1,1,10,1,2,12,1990,30,1,1,500_01,2,3,,2,,2,,,,,1,,,,,1,,,,2,1,,,3,,,2,1,2,,3,5,,,2,5,01,19,646.93731738
5359612,1,2,1,10,1,2,4,2006,14,3,1,500_01,6,2,,1,1,,,,,,,,,,1,,,,,,1,,,3,,,2,1,1,1,4,8,,,2,8,01,19,646.93731738
5359612,1,3,1,10,1,2,3,2014,6,3,1,500_01,,2,,1,1,,,,,,,,,,,,,,,,1,,,3,,,2,1,1,1,3,1,,,2,1,01,19,646.93731738
5359614,1,1,1,10,1,1,9,1956,64,1,1,500_01,3,3,,3,,1,2,,,,1,1,,,,1,,,,1,1,,,3,,,2,1,2,,3,5,,,2,5,01,19,1766.998166
5359614,1,2,1,10,2,2,11,1966,54,2,1,500_01,3,3,,2,,1,1,,,,,,,,,,,1,,,1,,,3,,,2,1,2,,3,2,,,2,2,01,19,1766.998166
5359614,1,3,1,10,3,1,5,1999,21,3,1,500_01,6,1,1,1,2,,,,,,,,,,,,,1,,,1,,,3,,,2,1,1,1,6,0,2,2,2,11,01,19,1766.998166
5359614,1,4,1,10,4,1,8,2005,15,4,1,500_01,6,2,,2,,,,,,,,,,,1,,,,,,1,,,3,,,2,1,1,1,4,7,,,2,7,01,19,1766.998166
5359614,1,5,1,10,5,1,6,2006,14,4,1,500_01,6,2,,2,,,,,,,,,,,1,,,,,,1,,,3,,,2,1,1,1,4,8,,,2,8,01,19,1766.998166
5359614,1,6,1,10,6,1,1,2009,12,4,1,500_01,6,2,,2,,,,,,,,,,,1,,,,,,1,,,3,,,2,1,1,1,4,6,,,2,6,01,19,1766.998166
5359615,1,1,1,10,1,2,6,1938,82,1,1,500_01,5,3,,3,,,,,,,,,,,,,,1,,1,1,,,3,,,2,2,2,,1,0,,,2,0,01,19,1408.5073268
5359615,1,2,1,10,2,1,2,1977,43,3,1,500_01,6,3,,1,1,,,,,1,1,,,,,1,,,,,2,1,98,,,,2,1,2,,3,5,,,2,5,01,19,1408.5073268
5359616,1,1,1,10,1,2,11,1961,59,1,1,500_01,3,3,,3,,1,2,1,,,,,,,,1,,,,1,1,,,3,,,2,1,2,,3,4,,,2,4,01,19,745.36590212
5359616,1,2,1,10,2,1,12,1943,77,2,1,500_01,3,3,,3,,1,1,,,,,,,,,,,1,,,1,,,3,,,2,1,2,,3,2,,,2,2,01,19,745.36590212
5359616,1,3,1,10,3,2,6,1992,28,3,1,500_01,6,1,2,1,1,,,,,,1,1,,1,,,,,,,1,,,3,,,2,1,2,,5,11,2,,2,11,01,19,745.36590212
5359616,1,4,1,10,3,1,7,2017,3,4,1,500_01,,2,,1,3,,,,,,,,,,,,,,,,1,,,3,,,2,2,2,,1,0,,,2,0,01,19,745.36590212
5359616,1,5,1,10,5,2,4,1997,23,3,1,500_01,6,1,2,1,1,,,1,,,,,,,,1,,,,,1,,,3,,,2,1,2,,5,11,2,,2,11,01,19,745.36590212
5359616,1,6,1,10,5,1,11,2016,4,4,1,500_01,,2,,1,5,,,,,,,,,,,,,,,,1,,,3,,,2,2,2,,1,0,,,2,0,01,19,745.36590212
5359616,1,7,1,10,7,2,10,2004,16,4,1,500_01,6,2,,2,,,,,,,,,,,1,,,,,,1,,,3,,,2,1,1,1,4,9,,,2,9,01,19,745.36590212
5359617,1,1,1,10,1,1,11,1988,32,1,1,500_01,2,2,,2,,1,2,,,,1,,,,,,,,,2,1,,,3,,,2,1,2,,3,2,,,2,2,01,19,1531.9833917
5359617,1,2,1,10,1,2,9,1993,27,2,1,500_02,2,2,,2,,1,1,,,,,,,,,1,,,,,1,,,3,,,2,1,2,,3,3,,,2,3,01,19,1531.9833917
5359617,1,3,1,10,1,1,7,2010,10,3,1,500_01,6,1,1,1,2,,,,,,,,,,1,,,,,,1,,,3,,,2,1,1,1,3,3,,,2,3,01,19,1531.9833917
5359617,1,4,1,10,1,2,8,2016,4,3,1,500_01,,1,1,1,2,,,,,,,,,,,,,,,,1,,,3,,,2,2,2,,1,0,,,2,0,01,19,1531.9833917
5359618,1,1,1,10,1,1,2,1986,34,1,1,500_01,2,2,,2,,1,2,,,,1,,,,,1,,,,1,1,,,3,,,2,1,2,,3,5,,,2,5,01,19,1637.4222665
5359618,1,2,1,10,2,2,5,1985,35,2,1,500_01,2,3,,2,,1,1,,,,,,,1,,1,,,,,1,,,3,,,2,1,2,,5,11,2,,2,11,01,19,1637.4222665
5359618,1,3,1,10,2,2,11,2005,15,3,1,500_01,6,1,1,1,2,,,,,,,,,,1,,,,,,1,,,3,,,2,1,1,1,4,8,,,2,8,01,19,1637.4222665
5359618,1,4,1,10,2,1,7,2009,11,3,1,500_01,6,1,1,1,2,,,,,,,,,,1,,,,,,1,,,3,,,2,1,1,1,4,0,,,2,5,01,19,1637.4222665
5359618,1,5,1,10,2,2,1,2015,6,3,1,500_01,,1,1,1,2,,,,,,,,,,,,,,,,1,,,3,,,2,2,1,1,2,0,,,2,0,01,19,1637.4222665
5359619,1,1,1,10,1,2,5,1988,32,1,1,500_01,2,2,,2,,1,2,,,1,1,1,,1,,1,,,,1,1,,,3,,,2,1,2,,3,5,,,2,5,01,19,2033.6746682
5359619,1,2,1,10,2,1,1,1996,25,2,1,500_01,2,2,,2,,1,1,,,1,1,1,,,,1,,,,,1,,,3,,,2,1,2,,3,5,,,2,5,01,19,2033.6746682
5359619,1,3,1,10,3,2,10,2003,17,3,1,500_01,6,2,,1,1,,,,,,,,,,1,1,,,,,1,,,3,,,2,1,2,,4,6,,,2,6,01,19,2033.6746682
5359619,1,4,1,10,4,1,1,2011,10,3,1,500_01,6,2,,1,1,,,,,,,,,,1,1,,,,,1,,,3,,,2,1,1,1,3,4,,,2,4,01,19,2033.6746682
5359619,1,5,1,10,1,2,7,2016,4,3,1,500_01,,1,2,1,1,,,,,,,,,,,,,,,,1,,,3,,,2,2,2,,1,0,,,2,0,01,19,2033.6746682
5359619,1,6,1,10,1,2,5,2018,2,3,1,500_01,,1,2,1,1,,,,,,,,,,,,,,,,1,,,3,,,2,,,,,,,,2,,01,19,2033.6746682
5359620,1,1,1,10,1,2,8,1968,52,1,1,500_01,4,3,,2,,,,,1,,,,,,,1,,,,2,1,,,3,,,2,1,2,,5,11,2,,2,11,01,19,646.93731738
5359620,1,2,1,10,1,1,11,2014,6,4,1,500_01,,2,,2,,,,,,,,,,,,,,,,,1,,,3,,,2,2,1,1,2,0,,,2,0,01,19,646.93731738
5359621,1,1,1,10,1,1,8,1972,48,1,1,500_01,2,2,,3,,1,2,,,,1,,,,,1,,,,1,1,,,3,,,2,1,2,,3,2,,,2,2,01,19,646.93731738
5359621,1,2,1,10,2,2,5,1966,54,2,1,500_01,2,3,,1,3,1,1,,,,,,,,,,,1,,,1,,,3,,,2,2,2,,1,0,,,2,0,01,19,646.93731738
5359621,1,3,1,10,2,2,7,1933,87,5,1,500_01,5,3,,3,,,,,,,,,,,,,,1,,,1,,,3,,,2,2,2,,1,0,,,2,0,01,19,646.93731738
5359624,1,1,1,10,2,1,4,1983,37,1,6,,2,3,,2,,1,2,,,,1,,,,,1,,,,1,1,,,3,,,2,1,2,,4,6,,,2,6,01,19,1268.0242947
5359624,1,2,1,10,2,2,11,1991,29,2,6,,2,2,,2,,1,1,,,,,,,,,1,,,,,1,,,3,,,2,1,2,,3,5,,,2,5,01,19,1268.0242947
5359624,1,3,1,10,2,2,12,2007,13,3,6,,6,2,,1,2,,,,,,,,,,1,,,,,,1,,,3,,,2,1,1,1,4,7,,,2,7,01,19,1268.0242947
5359624,1,4,1,10,2,2,1,2011,10,3,6,,6,2,,1,2,,,,,,,,,,1,,,,,,1,,,3,,,2,1,1,1,3,5,,,2,5,01,19,1268.0242947
5359624,1,5,1,10,2,2,2,2015,5,3,6,,,1,1,1,2,,,,,,,,,,,,,,,,1,,,3,,,2,2,1,1,2,0,,,2,0,01,19,1268.0242947
5359625,1,1,1,10,1,1,2,1943,77,1,6,,2,3,,3,,1,2,,,,,1,,1,,1,,,,1,1,,,3,,,2,1,2,,4,6,,,2,6,01,19,646.93731738
5359625,1,2,1,10,2,2,12,1950,70,2,6,,2,3,,3,,1,1,,1,,,,,1,,1,,,,,1,,,3,,,2,2,2,,1,0,,,2,0,01,19,646.93731738
5359627,1,1,1,10,2,1,9,1997,23,1,6,,2,2,,2,,1,2,,1,1,1,,,,,1,,,,1,1,,,3,,,2,1,2,,4,8,,,2,8,01,19,2270.4027577
5359627,1,2,1,10,2,2,2,1998,22,2,1,500_01,2,2,,2,,1,1,,,,,,,,,1,,,,,1,,,3,,,2,1,2,,4,7,,,2,7,01,19,2270.4027577
5359627,1,3,1,10,2,2,11,2014,6,3,1,500_01,,1,1,1,2,,,,,,,,,,,,,,,,1,,,3,,,2,2,1,1,2,0,,,2,0,01,19,2270.4027577
5359628,1,1,1,10,1,2,11,1973,47,1,6,,3,3,,2,,1,2,,1,,,,,,,1,,,,2,1,,,3,,,2,1,2,,3,1,,,2,1,01,19,2587.7492695
5359628,1,2,1,10,1,1,11,1971,49,2,6,,3,3,,3,,1,1,,1,,1,,,,,1,,,,,1,,,3,,,2,1,2,,3,1,,,2,1,01,19,2587.7492695
5359628,1,3,1,10,1,1,4,2004,16,3,6,,6,1,2,1,1,,,,,,,,,,1,,,,,,1,,,3,,,2,1,1,1,4,9,,,2,9,01,19,2587.7492695
5359628,1,4,1,10,1,1,7,2007,13,3,6,,6,1,2,1,1,,,,,,,,,,1,,,,,,1,,,3,,,2,1,1,1,4,6,,,2,6,01,19,2587.7492695
5359628,1,5,1,10,1,1,5,2014,6,3,6,,,1,2,1,1,,,,,,,,,,,,,,,,1,,,3,,,2,2,1,1,2,0,,,2,0,01,19,2587.7492695
5359628,1,6,1,10,6,1,6,2000,20,9,6,,6,2,,2,,,,,,,1,,,,,1,,,,,2,1,24,,,,2,1,2,,3,5,,,2,5,01,19,2587.7492695
5359630,1,1,1,10,1,1,9,1992,28,1,6,,2,3,,2,,1,2,,1,1,1,,,,,1,,,,1,1,,,3,,,2,1,2,,4,8,,,2,8,01,19,1703.2368057
5359630,1,2,1,10,2,2,12,1993,27,2,6,,2,2,,3,,1,1,,,,,,,,,,,1,,,1,,,3,,,2,1,2,,3,2,,,2,2,01,19,1703.2368057
5359630,1,3,1,10,2,1,6,2012,8,3,6,,,1,1,1,2,,,,,,,,,,,,,,,,1,,,3,,,2,1,1,1,3,2,,,2,2,01,19,1703.2368057
5359630,1,4,1,10,2,1,5,2014,6,3,6,,,1,1,1,2,,,,,,,,,,,,,,,,1,,,3,,,2,1,1,1,3,1,,,2,1,01,19,1703.2368057
5359630,1,5,1,10,5,2,10,1990,30,5,6,,2,2,,3,,1,6,,1,1,1,1,,,,1,,,,,2,2,,,,,1,1,2,,4,9,,,2,9,01,19,1703.2368057
5359630,1,6,1,10,6,1,7,1988,32,5,6,,2,3,,2,,1,5,,1,1,1,,,,,,,,,,2,1,8,,,,2,1,2,,3,5,,,2,5,01,19,1703.2368057
5359630,1,7,1,10,5,2,4,2017,3,5,6,,,1,6,1,5,,,,,,,,,,,,,,,,2,1,6,,,,2,2,2,,1,0,,,2,0,01,19,1703.2368057
5359631,1,1,1,10,1,1,1,1965,56,1,6,,3,3,,3,,1,2,,1,1,1,,,,,1,,,,1,1,,,3,,,2,1,2,,3,3,,,2,3,01,19,1292.1613195
5359631,1,2,1,10,2,2,5,1966,54,2,6,,3,3,,2,,1,1,,,,,,,,,1,,,,,1,,,3,,,2,1,2,,3,1,,,2,1,01,19,1292.1613195
5359631,1,3,1,10,2,1,8,1996,24,3,6,,6,1,1,1,2,,,,,,1,,,,,1,,,,,1,,,3,,,2,1,2,,3,5,,,2,5,01,19,1292.1613195
5359631,1,4,1,10,2,1,6,2003,17,3,6,,6,1,1,1,2,,,,,,,,,,1,,,,,,1,,,3,,,2,1,1,1,4,9,,,2,9,01,19,1292.1613195
5359631,1,5,1,10,2,1,3,2007,13,3,6,,6,1,1,1,2,,,,,,,,,,1,,,,,,1,,,3,,,2,1,1,1,4,8,,,2,8,01,19,1292.1613195
5359632,1,1,1,10,1,2,3,1979,41,1,6,,2,2,,2,,1,2,,1,,,,,,,1,,,,1,1,,,3,,,2,1,2,,3,3,,,2,3,01,19,2012.9985453
5359632,1,2,1,10,2,1,9,1968,52,2,6,,2,3,,3,,1,1,,1,1,1,,,,,1,,,,,1,,,3,,,2,2,2,,1,0,,,2,0,01,19,2012.9985453
5359632,1,3,1,10,3,2,9,2001,19,3,6,,6,1,2,1,1,,,,,,,1,,,,1,,,,,1,,,3,,,2,1,2,,4,8,,,2,8,01,19,2012.9985453
5359632,1,4,1,10,4,2,12,2004,16,3,6,,6,1,2,1,1,,,,,,,1,,,,1,,,,,1,,,3,,,2,1,2,,3,5,,,2,5,01,19,2012.9985453
5359632,1,5,1,10,5,2,4,2000,20,3,6,,6,1,2,1,1,,,,1,,,,,,,1,,,,,1,,,3,,,2,1,2,,4,8,,,2,8,01,19,2012.9985453
5359632,1,6,1,10,5,2,5,2016,4,4,6,,,2,,1,5,,,,,,,,,,,,,,,,1,,,3,,,2,2,1,1,2,0,,,2,0,01,19,2012.9985453
5359632,1,7,1,10,5,1,1,2021,0,4,6,,,2,,1,5,,,,,,,,,,,,,,,,1,,,3,,,2,,,,,,,,2,,01,19,2012.9985453
5359633,1,1,1,10,1,1,4,1969,51,1,6,,3,3,,3,,1,2,,1,1,1,1,,1,,1,,,,1,1,,,3,,,2,1,2,,3,1,,,2,1,01,19,1704.0768389
5359633,1,2,1,10,2,2,6,1969,51,2,6,,3,3,,3,,1,1,,1,1,1,1,,,,1,,,,,1,,,3,,,2,1,2,,3,1,,,2,1,01,19,1704.0768389
5359633,1,3,1,10,3,1,10,1987,33,3,6,,6,1,1,1,2,,,,,1,1,,,,,1,,,,,2,1,48,,,,2,1,2,,3,5,,,2,5,01,19,1704.0768389
5359633,1,4,1,10,4,2,1,2002,19,3,6,,6,1,1,1,2,,,,1,1,,,,,,1,,,,,2,1,12,,,,2,1,2,,5,11,2,,2,11,01,19,1704.0768389
5359633,1,5,1,10,5,2,8,2004,16,3,6,,6,1,1,1,2,,,,,,,,,,1,1,,,,,1,,,3,,,2,1,1,1,5,10,1,,2,10,01,19,1704.0768389
5359633,1,6,1,10,2,2,6,2009,11,3,6,,6,1,1,1,2,,,,,,,,,,1,1,,,,,1,,,3,,,2,1,1,1,3,5,,,2,5,01,19,1704.0768389
5359634,1,1,1,10,1,1,11,1976,44,1,6,,2,2,,2,,1,2,,1,1,1,,,,,1,,,,1,1,,,3,,,2,1,2,,3,3,,,2,3,01,19,1637.4222665
5359634,1,2,1,10,2,2,9,1989,31,2,6,,2,2,,2,,1,1,,,,,,,,,1,,,,,1,,,3,,,2,1,2,,3,2,,,2,2,01,19,1637.4222665
5359634,1,3,1,10,2,2,12,2003,17,3,6,,6,1,1,1,2,,,,,,,,,,1,,,,,,1,,,3,,,2,1,1,1,4,9,,,2,9,01,19,1637.4222665
5359634,1,4,1,10,2,1,8,2007,13,3,6,,6,1,1,1,2,,,,,,,,,,1,,,,,,1,,,3,,,2,1,1,1,4,0,,,2,5,01,19,1637.4222665
5359634,1,5,1,10,2,2,5,2014,6,3,6,,,1,1,1,2,,,,,,,,,,,,,,,,1,,,3,,,2,2,1,1,3,0,,,2,0,01,19,1637.4222665
5359635,1,1,1,10,1,1,4,1980,40,1,6,,2,2,,2,,1,2,,1,,1,1,,,,,,,,1,1,,,3,,,2,1,2,,3,5,,,2,5,01,19,1162.58542
5359635,1,2,1,10,2,2,6,1992,28,2,1,500_01,2,2,,2,,1,1,,1,,1,1,,,,,,,,,1,,,3,,,2,1,2,,5,11,2,,2,11,01,19,1162.58542
5359635,1,3,1,10,2,2,10,2010,10,3,1,500_01,6,1,1,1,2,,,,,,,,,,1,1,,,,,1,,,3,,,2,1,1,1,3,4,,,2,4,01,19,1162.58542
5359635,1,4,1,10,2,2,12,2015,5,3,1,500_01,,1,1,1,2,,,,,,,,,,,,,,,,1,,,3,,,2,2,1,1,2,0,,,2,0,01,19,1162.58542
5359636,1,1,1,10,2,1,7,1984,36,1,1,500_01,2,3,,2,,1,2,,,,1,,,,,1,,,,2,1,,,3,,,2,1,2,,3,5,,,2,5,01,19,660.8941435
5359636,1,2,1,10,2,2,2,1991,29,2,6,,2,3,,2,,1,1,,,,,,,,,1,,,,,1,,,3,,,2,1,2,,3,5,,,2,5,01,19,660.8941435
5359638,1,1,1,10,1,1,5,1986,34,1,6,,2,3,,2,,1,2,,1,,1,,,1,,1,,,,1,1,,,3,,,2,1,2,,5,11,2,,2,11,01,19,1057.1465453
5359638,1,2,1,10,1,2,1,1994,27,2,6,,2,2,,2,,1,1,,,,,,,1,,1,,,,,1,,,3,,,2,1,2,,3,5,,,2,5,01,19,1057.1465453
5359638,1,3,1,10,1,2,7,2012,8,3,6,,,1,1,1,2,,,,,,,,,,,,,,,,1,,,3,,,2,1,1,1,3,3,,,2,3,01,19,1057.1465453
5359639,1,1,1,10,1,1,1,1975,46,1,6,,2,2,,2,,1,2,,,1,,,,,,,,,,1,1,,,3,,,2,1,2,,3,4,,,2,4,01,19,2587.7492695
5359639,1,2,1,10,2,2,1,1990,31,2,6,,2,2,,2,,1,1,,,,,,,,,,,1,,,1,,,3,,,2,1,2,,3,4,,,2,4,01,19,2587.7492695
5359639,1,3,1,10,3,2,11,2007,13,3,6,,6,2,,1,2,,,,,,,,,,1,1,,,,,1,,,3,,,2,1,2,,3,5,,,2,5,01,19,2587.7492695
5359639,1,4,1,10,2,1,6,2009,11,3,6,,6,2,,1,2,,,,,,,,,,1,1,,,,,1,,,3,,,2,1,1,1,3,4,,,2,4,01,19,2587.7492695
5359639,1,5,1,10,2,2,2,2011,9,3,6,,,2,,1,2,,,,,,,,,,,,,,,,1,,,3,,,2,1,1,1,3,4,,,2,4,01,19,2587.7492695
5359639,1,6,1,10,2,1,11,2012,8,3,6,,,1,1,1,2,,,,,,,,,,,,,,,,1,,,3,,,2,1,1,1,3,1,,,2,1,01,19,2587.7492695
5359639,1,7,1,10,2,2,9,2020,0,3,6,,,1,1,1,2,,,,,,,,,,,,,,,,1,,,3,,,2,,,,,,,,2,,01,19,2587.7492695
5359640,1,1,1,10,1,2,1,1949,72,1,6,,5,3,,3,,,,,,1,,,,,,1,,,,1,1,,,3,,,2,1,2,,3,5,,,2,5,01,19,646.93731738
5359640,1,2,1,10,2,2,1,1984,37,3,6,,2,3,,1,1,2,,,,,,,,,,1,,,,,1,,,3,,,2,1,2,,5,11,2,,2,11,01,19,646.93731738
5359640,1,3,1,10,2,1,12,2020,0,4,6,,,2,,1,2,,,,,,,,,,,,,,,,1,,,3,,,2,,,,,,,,2,,01,19,646.93731738
5359641,1,1,1,10,1,1,11,1970,50,1,6,,2,2,,2,,1,2,,,,,,,,,,,1,,1,1,,,3,,,2,1,2,,3,5,,,2,5,01,19,2112.2591129
5359641,1,2,1,10,2,2,8,1988,32,2,6,,2,2,,2,,1,1,,,,,,,,,,,1,,,1,,,3,,,2,1,2,,3,5,,,2,5,01,19,2112.2591129
5359641,1,3,1,10,3,1,5,2005,15,3,6,,6,1,1,1,2,,,,,,,,,,,,,1,,,1,,,3,,,2,1,2,,4,7,,,2,7,01,19,2112.2591129
5359641,1,4,1,10,4,2,7,2006,14,3,6,,6,1,1,1,2,,,,,,,,,,,,,1,,,1,,,3,,,2,1,2,,3,5,,,2,5,01,19,2112.2591129
5359641,1,5,1,10,2,1,5,2008,12,3,6,,6,1,1,1,2,,,,,,,,,,,,,1,,,1,,,3,,,2,1,2,,3,5,,,2,5,01,19,2112.2591129
5359641,1,6,1,10,2,2,11,2020,0,3,6,,,1,1,1,2,,,,,,,,,,,,,,,,2,2,,,,,2,,,,,,,,2,,01,19,2112.2591129
5359653,1,1,1,10,2,1,8,1980,40,1,1,180_01,2,3,,3,,1,2,,,,,,,,,,,1,,1,1,,,3,,,2,1,2,,3,5,,,2,5,01,19,1610.5678364
5359653,1,2,1,10,2,2,5,1981,39,2,1,180_01,2,2,,2,,1,1,,,,,,,,,,,1,,,1,,,3,,,2,1,2,,3,3,,,2,3,01,19,1610.5678364
5359653,1,3,1,10,2,1,11,2000,20,3,1,180_01,6,1,1,1,2,,,,,,,,,,1,,,,,,1,,,3,,,2,1,1,2,5,10,1,,2,10,01,19,1610.5678364
5359653,1,4,1,10,4,1,8,2007,13,3,1,180_01,6,1,1,1,2,,,,,,,,,,1,,,,,,1,,,3,,,2,1,1,1,4,7,,,2,7,01,19,1610.5678364
5359654,1,1,1,10,1,1,7,1968,52,1,1,650_01,2,2,,2,,1,2,,1,1,1,1,,1,,1,,,,1,1,,,3,,,2,1,2,,3,4,,,2,4,01,19,646.93731738
5359654,1,2,1,10,2,2,7,1975,45,2,1,650_01,2,3,,3,,1,1,,,,,,,,,1,,,,,1,,,3,,,2,1,2,,3,5,,,2,5,01,19,646.93731738
5359654,1,3,1,10,3,1,12,2009,11,3,1,650_01,6,1,1,1,2,,,,,,,,,,1,1,,,,,1,,,3,,,2,1,1,1,4,6,,,2,6,01,19,646.93731738
5359654,1,4,1,10,4,2,5,1992,28,3,1,650_01,4,1,1,1,2,,,,1,1,1,1,,,,1,,,,,1,,,3,,,2,1,2,,4,8,,,2,8,01,19,646.93731738
5359654,1,5,1,10,4,2,12,2010,10,4,1,650_01,6,2,,1,4,,,,,,,,,,1,1,,,,,1,,,3,,,2,1,1,1,3,5,,,2,5,01,19,646.93731738
5359654,1,6,1,10,4,2,12,2012,8,4,1,650_01,,2,,1,4,,,,,,,,,,,,,,,,1,,,3,,,2,1,1,1,3,2,,,2,2,01,19,646.93731738
5359656,1,1,1,10,1,2,2,1968,52,1,1,180_01,4,3,,3,,,,1,,,,,,,,1,,,,2,1,,,2,1,98,2,1,2,,6,9,5,,2,20,01,19,646.93731738
5359656,1,2,1,10,3,1,12,1991,29,3,1,180_01,2,2,,1,1,1,3,,,,,,,,,1,,,,,1,,,1,1,98,2,1,2,,5,11,2,,2,11,01,19,646.93731738
5359656,1,3,1,10,3,2,1,1988,33,5,1,180_01,2,2,,2,,1,2,,,,,,,,,,,1,,,1,,,3,,,2,1,2,,3,5,,,2,5,01,19,646.93731738
5359656,1,4,1,10,3,2,10,2006,14,9,1,180_01,6,2,,1,3,,,,,,,,,,1,,,,,,1,,,3,,,2,1,1,1,4,9,,,2,9,01,19,646.93731738
5359656,1,5,1,10,3,2,2,2013,7,4,1,180_01,,1,2,1,3,,,,,,,,,,,,,,,,1,,,3,,,2,1,1,1,3,2,,,2,2,01,19,646.93731738
5359656,1,6,1,10,6,2,2,1994,26,3,1,180_01,2,2,,1,1,1,7,,,,,,,,,,,1,,,1,,,3,,,2,1,1,2,6,7,4,,2,18,01,19,646.93731738
5359656,1,7,1,10,6,1,12,1996,24,5,1,650_01,2,2,,2,,1,6,,,,,,,,,1,,,,,1,,,3,,,2,1,2,,5,11,2,,2,11,01,19,646.93731738
5359656,1,8,1,10,6,1,10,2015,5,4,1,180_01,,1,7,1,6,,,,,,,,,,,,,,,,1,,,3,,,2,2,1,1,2,0,,,2,0,01,19,646.93731738
5359657,1,1,1,10,1,2,6,1992,28,1,1,180_01,2,2,,2,,1,2,,,1,1,1,,1,,1,,,,2,1,,,3,,,2,1,2,,6,1,3,,2,12,01,19,1057.1465453
5359657,1,2,1,10,2,1,9,1984,36,2,1,650_01,2,2,,2,,1,1,,,1,1,1,,,,1,,,,,1,,,3,,,2,1,2,,6,1,3,,2,12,01,19,1057.1465453
5359657,1,3,1,10,1,2,5,2020,0,3,1,650_01,,1,2,1,1,,,,,,,,,,,,,,,,1,,,3,,,2,,,,,,,,2,,01,19,1057.1465453
5359658,1,1,1,10,1,1,5,1985,35,1,6,,2,2,,2,,1,2,1,1,1,1,1,,1,,1,,,,1,1,,,3,,,2,1,2,,5,11,2,,2,11,01,19,2522.4319825
5359658,1,2,1,10,2,2,8,1997,23,2,6,,2,2,,3,,1,1,,,,,,,,,1,,,,,1,,,1,1,35000,2,1,2,,4,6,,,2,6,01,19,2522.4319825
5359658,1,3,1,10,1,2,2,2013,7,3,6,,,1,1,1,2,,,,,,,,,,,,,,,,1,,,3,,,2,1,1,1,3,2,,,2,2,01,19,2522.4319825
5359659,1,1,1,10,1,2,9,1957,63,1,6,,4,3,,3,,,,,1,1,,,,,,1,,,,1,1,,,3,,,2,1,2,,3,2,,,2,2,01,19,681.6412556
5359660,1,1,1,10,2,1,2,1960,60,1,6,,2,3,,3,,1,2,1,,,1,,,,,1,,,,1,1,,,1,5,,2,1,2,,3,3,,,2,3,01,19,2210.5803502
5359660,1,2,1,10,2,2,12,1977,43,2,6,,2,2,,2,,1,1,,,,,,,,,1,,,,,2,1,5,,,,2,1,2,,3,5,,,2,5,01,19,2210.5803502
5359660,1,3,1,10,2,2,5,2016,4,3,6,,,1,1,1,2,,,,,,,,,,,,,,,,2,1,5,,,,2,2,1,1,2,0,,,2,0,01,19,2210.5803502
5359660,1,4,1,10,2,1,5,2020,0,3,6,,,1,1,1,2,,,,,,,,,,,,,,,,2,2,,,,,2,,,,,,,,2,,01,19,2210.5803502
5359660,1,5,1,10,2,1,8,2001,19,3,6,,1,2,,1,2,1,6,,,,1,,,,,1,,,,,2,1,5,,,,2,1,2,,4,7,,,2,7,01,19,2210.5803502
5359660,1,6,1,10,6,2,4,2005,15,9,6,,1,2,,2,,1,5,,,,,,,,1,,,,,,1,,,3,,,2,1,1,1,4,8,,,2,8,01,19,2210.5803502
5359660,1,7,1,10,7,1,7,1975,45,5,6,,6,2,,2,,,,,,,1,,,,,1,,,,,1,,,3,,,2,1,2,,3,5,,,2,5,01,19,2210.5803502
5359661,1,1,1,10,1,2,1,1949,72,1,1,500_01,6,3,,3,,,,,,,,,,,,1,,,,2,1,,,1,2,190000,2,1,2,,4,7,,,2,7,01,19,787.08013031
5359661,1,2,1,10,1,2,11,2002,18,4,1,500_01,6,2,,2,,,,,,,,,,,1,,,,,,2,1,2,,,,2,1,2,,5,11,2,,2,11,01,19,787.08013031
5359662,1,1,1,10,1,2,4,1934,86,1,1,500_01,5,3,,3,,,,,1,1,,,,,,1,,,,1,1,,,3,,,2,1,2,,3,3,,,2,3,01,19,681.6412556
5359663,1,1,1,10,2,1,11,1986,34,1,1,500_01,2,2,,2,,1,2,,,1,1,,,,,,,,,2,1,,,3,,,2,1,2,,5,11,2,,2,11,01,19,1531.9833917
5359663,1,2,1,10,2,2,2,1985,36,2,1,500_01,2,2,,3,,1,1,,,,,,,,,1,,,,,1,,,3,,,2,1,2,,6,1,3,,2,12,01,19,1531.9833917
5359663,1,3,1,10,2,1,7,2007,13,3,1,500_01,6,1,1,1,2,,,,,,,,,,1,,,,,,1,,,3,,,2,1,1,1,4,8,,,2,8,01,19,1531.9833917
5359663,1,4,1,10,2,2,5,2012,8,3,1,500_01,,1,1,1,2,,,,,,,,,,,,,,,,1,,,3,,,2,1,1,1,3,3,,,2,3,01,19,1531.9833917
5359664,1,1,1,10,1,1,7,1964,56,1,1,500_01,2,3,,2,,1,2,,1,1,1,1,,1,,1,,,,1,1,,,3,,,2,1,2,,6,1,2,2,2,12,01,19,1090.1008099
5359664,1,2,1,10,2,2,3,1964,56,2,6,,2,3,,2,,1,1,,,1,1,1,,1,,1,,,,,1,,,3,,,2,1,2,,4,7,,,2,7,01,19,1090.1008099
5359664,1,3,1,10,3,1,4,2006,14,3,6,,6,1,1,1,2,,,,,,,,,,1,1,,,,,1,,,3,,,2,1,1,1,4,8,,,2,8,01,19,1090.1008099
5359665,1,1,1,10,1,1,3,1975,45,1,1,500_01,3,3,,2,,1,2,,,,1,,,1,,,,,,2,1,,,2,5,,2,1,2,,5,11,2,,2,11,01,19,1241.1698647
5359665,1,2,1,10,2,2,3,1972,48,2,1,500_01,3,3,,2,,1,1,,,,,,,,,,,1,,,1,,,2,1,98,2,1,2,,6,6,5,,2,17,01,19,1241.1698647
5359665,1,3,1,10,3,1,4,1996,24,3,1,500_01,6,1,1,1,2,,,,,,1,,,,,1,,,,,1,,,3,,,2,1,2,,6,4,2,2,2,15,01,19,1241.1698647
5359665,1,4,1,10,4,2,1,2001,20,3,1,500_01,6,1,1,1,2,,,,,,,,,,1,,,,,,1,,,2,5,,2,1,1,1,6,1,2,2,2,12,01,19,1241.1698647
5359666,1,1,1,10,1,2,9,1970,50,1,1,500_01,2,2,,2,,1,2,,,,1,1,,1,,1,,,,1,1,,,3,,,2,1,2,,3,2,,,2,2,01,19,1346.6087394
5359666,1,2,1,10,2,1,7,1966,54,2,1,500_01,2,3,,2,,1,1,,,,1,1,1,1,,1,,,,,1,,,3,,,2,1,2,,5,11,2,,2,11,01,19,1346.6087394
5359666,1,3,1,10,3,1,11,2003,17,3,1,500_01,6,3,,1,1,,,,,,,,,,1,1,,,,,1,,,3,,,2,1,1,1,4,8,,,2,8,01,19,1346.6087394
5359666,1,4,1,10,4,2,1,2007,14,3,1,500_01,6,3,,1,1,,,,,,,,,,1,1,,,,,1,,,3,,,2,1,1,1,4,8,,,2,8,01,19,1346.6087394
5359666,1,5,1,10,1,2,2,2009,11,3,1,500_01,6,3,,1,1,,,,,,,,,,,,,1,,,1,,,3,,,2,2,1,1,2,1,,,2,0,01,19,1346.6087394
5359668,1,1,1,10,1,1,9,1992,28,1,1,650_01,2,2,,3,,1,2,,,1,1,1,,,,,,,,2,1,,,3,,,2,1,2,,4,6,,,2,6,01,19,2567.7711694
5359668,1,2,1,10,2,2,5,1992,28,2,1,650_01,2,3,,2,,1,1,,1,1,1,,,,,,,,,,1,,,3,,,2,1,2,,3,4,,,2,4,01,19,2567.7711694
5359668,1,3,1,10,2,2,5,2012,8,3,1,650_01,,1,1,1,2,,,,,,,,,,,,,,,,1,,,3,,,2,1,1,1,3,3,,,2,3,01,19,2567.7711694
5359668,1,4,1,10,2,2,7,2015,5,3,1,650_01,,1,1,1,2,,,,,,,,,,,,,,,,1,,,3,,,2,1,1,1,3,0,,,2,0,01,19,2567.7711694
5359668,1,5,1,10,2,1,2,2017,3,3,1,650_01,,1,1,1,2,,,,,,,,,,,,,,,,1,,,3,,,2,2,1,1,2,0,,,2,0,01,19,2567.7711694
5359668,1,6,1,10,6,1,8,2001,19,8,1,650_01,6,2,,2,,,,,,,1,1,,,,,,,,,1,,,3,,,2,1,2,,4,8,,,2,8,01,19,2567.7711694
5359669,1,1,1,10,2,1,9,1980,40,1,1,500_01,3,2,,2,,1,2,,,,1,,,,,1,,,,1,1,,,3,,,2,1,2,,3,5,,,2,5,01,19,1775.2663658
5359669,1,2,1,10,2,2,2,1982,38,2,1,500_01,3,2,,2,,1,1,,,,,,,,,,,1,,,1,,,3,,,2,1,2,,3,5,,,2,5,01,19,1775.2663658
5359669,1,3,1,10,2,1,8,2001,19,3,1,500_01,6,1,1,1,2,,,,,,1,,,,,1,,,,,1,,,3,,,2,1,2,,5,11,2,,2,11,01,19,1775.2663658
5359669,1,4,1,10,2,1,5,2017,3,3,1,500_01,,1,1,1,2,,,,,,,,,,,,,,,,1,,,3,,,2,2,2,,1,0,,,2,0,01,19,1775.2663658
5359670,1,1,1,10,1,1,5,1951,69,1,1,500_01,3,3,,3,,1,2,,1,1,1,1,,,,,,,,1,1,,,3,,,2,1,2,,3,3,,,2,3,01,19,646.93731738
5359670,1,2,1,10,2,2,1,1956,65,2,1,500_01,3,3,,2,,1,1,,,1,,,,,,1,,,,,1,,,3,,,2,2,2,,1,0,,,2,0,01,19,646.93731738
5359671,1,1,1,10,1,1,10,1957,63,1,1,500_01,3,2,,2,,1,2,,,,1,,,,,1,,,,2,1,,,3,,,2,2,2,,1,0,,,2,0,01,19,646.93731738
5359671,1,2,1,10,1,2,9,1962,58,2,1,500_01,3,2,,2,,1,1,,,,,,,,,1,,,,,1,,,3,,,2,2,2,,1,0,,,2,0,01,19,646.93731738
5359671,1,3,1,10,1,2,4,1987,33,3,1,500_01,2,1,1,1,2,1,4,,,,1,,,,,,,,,,1,,,3,,,2,1,2,,3,5,,,2,5,01,19,646.93731738
5359671,1,4,1,10,1,1,3,1981,39,5,1,500_01,2,2,,2,,1,3,,,,1,,,,,,,,,,1,,,3,,,2,1,2,,3,5,,,2,5,01,19,646.93731738
5359671,1,5,1,10,5,2,8,2003,17,4,1,500_01,1,1,4,1,3,1,6,,,,,,,,1,,,,,,1,,,3,,,2,1,1,1,5,10,1,,2,10,01,19,646.93731738
5359671,1,6,1,10,5,1,3,2002,18,9,1,500_01,1,2,,2,,1,5,,,,1,,,,,,,,,,1,,,3,,,2,1,2,,4,8,,,2,8,01,19,646.93731738
5359672,1,1,1,10,1,1,4,1976,44,1,1,500_01,3,3,,2,,1,2,,,,,,,,,1,,,,1,1,,,3,,,2,1,2,,3,5,,,2,5,01,19,2587.7492695
5359672,1,2,1,10,2,2,1,1976,45,2,1,500_01,3,3,,2,,1,1,,,,,,,,,,,1,,,1,,,3,,,2,1,2,,3,3,,,2,3,01,19,2587.7492695
5359672,1,3,1,10,3,1,1,2006,15,3,1,500_01,6,1,1,1,2,,,,,,,,,,1,,,,,,1,,,3,,,2,1,1,1,3,3,,,2,3,01,19,2587.7492695
5359672,1,4,1,10,1,2,2,2008,12,3,1,500_01,6,1,1,1,2,,,,,,,,,,1,,,,,,1,,,3,,,2,1,1,1,3,5,,,2,5,01,19,2587.7492695
5359672,1,5,1,10,1,2,5,2010,10,3,1,500_01,6,1,1,1,2,,,,,,,,,,1,,,,,,1,,,3,,,2,1,1,1,3,5,,,2,5,01,19,2587.7492695
5359672,1,6,1,10,1,1,2,2013,7,3,1,500_01,,1,1,1,2,,,,,,,,,,,,,,,,1,,,3,,,2,2,1,1,3,0,,,2,0,01,19,2587.7492695
5359672,1,7,1,10,1,1,10,2015,5,3,1,500_01,,1,1,1,2,,,,,,,,,,,,,,,,1,,,3,,,2,2,1,1,2,1,,,2,0,01,19,2587.7492695
5359672,1,8,1,10,1,2,4,2018,2,3,1,500_01,,1,1,1,2,,,,,,,,,,,,,,,,1,,,3,,,2,,,,,,,,2,,01,19,2587.7492695
5359672,1,9,1,10,9,2,6,2003,17,3,1,500_01,1,1,1,1,2,1,10,,,,,,,,,,,1,,,1,,,3,,,2,1,1,1,4,8,,,2,8,01,19,2587.7492695
5359672,1,10,1,10,10,1,9,2002,18,5,1,500_01,1,2,,2,,1,9,,1,,,,,,,,,,,,1,,,3,,,2,1,2,,3,2,,,2,2,01,19,2587.7492695
5359672,1,11,1,10,10,1,7,2019,1,4,1,500_01,,1,10,1,9,,,,,,,,,,,,,,,,1,,,3,,,2,,,,,,,,2,,01,19,2587.7492695
5359673,1,1,1,10,2,1,6,1988,32,1,1,500_01,3,2,,2,,1,2,,,,,,,,,,,1,,2,1,,,3,,,2,1,2,,5,11,2,,2,11,01,19,1300.4295194
5359673,1,2,1,10,2,2,4,1994,26,2,1,500_01,3,3,,2,,1,1,,,,,,,,,,,1,,,1,,,3,,,2,1,2,,3,5,,,2,5,01,19,1300.4295194
5359673,1,3,1,10,2,1,6,2014,6,3,1,500_01,,1,1,1,2,,,,,,,,,,,,,,,,1,,,3,,,2,2,1,1,3,0,,,2,0,01,19,1300.4295194
5359674,1,1,1,10,4,1,9,1959,61,1,1,500_01,3,3,,3,,1,2,,,,,,,,,,,1,,2,1,,,3,,,2,1,2,,3,2,,,2,2,01,19,1240.8788716
5359674,1,2,1,10,4,2,2,1962,59,2,1,500_01,3,3,,3,,1,1,,,,,,,,,,,1,,,1,,,3,,,2,1,2,,3,3,,,2,3,01,19,1240.8788716
5359674,1,3,1,10,3,1,5,2000,20,3,1,500_01,6,1,1,1,2,,,,,,,,,,,,,1,,,1,,,3,,,2,1,2,,4,9,,,2,9,01,19,1240.8788716
5359674,1,4,1,10,4,2,12,1995,25,3,1,500_01,1,1,1,1,2,1,5,,,,,,,,,,,1,,,1,,,3,,,2,1,2,,5,11,2,,2,11,01,19,1240.8788716
5359674,1,5,1,10,4,1,8,1997,23,5,1,500_01,1,2,,2,,1,4,,,,1,,,,,,,,,,1,,,3,,,2,1,2,,3,5,,,2,5,01,19,1240.8788716
5359674,1,6,1,10,4,1,6,2016,4,4,1,500_01,,2,,1,4,,,,,,,,,,,,,,,,1,,,3,,,2,2,2,,1,0,,,2,0,01,19,1240.8788716
5359674,1,7,1,10,4,2,4,2019,1,4,1,500_01,,1,5,1,4,,,,,,,,,,,,,,,,1,,,3,,,2,,,,,,,,2,,01,19,1240.8788716
5359675,1,1,1,10,1,1,4,1950,70,1,1,500_01,5,3,,3,,,,,,1,,1,,,,1,,,,1,1,,,3,,,2,1,2,,3,2,,,2,2,01,19,1958.5511254
5359675,1,2,1,10,2,2,10,1988,32,3,1,500_01,4,1,1,3,,,,,,,,1,,,,,,,,,1,,,3,,,2,1,2,,3,3,,,2,3,01,19,1958.5511254
5359675,1,3,1,10,2,1,1,2010,11,4,1,500_01,6,3,,1,2,,,,,,,,,,1,,,,,,1,,,3,,,2,1,1,1,3,5,,,2,5,01,19,1958.5511254
5359675,1,4,1,10,2,1,2,2019,1,4,1,500_01,,2,,1,2,,,,,,,,,,,,,,,,1,,,3,,,2,,,,,,,,2,,01,19,1958.5511254
5359675,1,5,1,10,5,1,11,1996,24,3,1,500_01,1,1,1,3,,1,6,,,,,,,,,,,1,,,1,,,3,,,2,1,2,,3,3,,,2,3,01,19,1958.5511254
5359675,1,6,1,10,6,2,11,2004,16,5,1,500_01,1,2,,2,,1,5,,,,,,,,,,,1,,,1,,,3,,,2,1,2,,3,4,,,2,4,01,19,1958.5511254
5359675,1,7,1,10,6,2,1,2019,2,4,1,500_01,,1,5,1,6,,,,,,,,,,,,,,,,1,,,3,,,2,,,,,,,,2,,01,19,1958.5511254
5359677,1,1,1,10,1,1,10,1943,77,1,1,500_03,3,3,,3,,1,2,,1,,,,,,,1,,,,2,1,,,3,,,2,1,2,,3,3,,,2,3,01,19,646.93731738
5359677,1,2,1,10,2,2,1,1955,66,2,1,500_03,3,3,,3,,1,1,,,,,,,,,,,1,,,1,,,3,,,2,1,2,,3,2,,,2,2,01,19,646.93731738
5359678,1,1,1,10,1,1,5,1959,61,1,1,650_01,3,3,,2,,1,2,,,1,1,1,,,,1,,,,2,1,,,3,,,2,1,2,,3,5,,,2,5,01,19,646.93731738
5359678,1,2,1,10,2,2,4,1961,59,2,1,650_01,3,3,,3,,1,1,,,,,,,,,1,,,,,1,,,3,,,2,1,2,,3,3,,,2,3,01,19,646.93731738
5359679,1,1,1,10,1,2,4,1970,50,1,1,650_01,3,3,,2,,1,2,,1,,,1,,,,1,,,,2,1,,,3,,,2,1,2,,3,5,,,2,5,01,19,2587.7492695
5359679,1,2,1,10,1,1,7,1966,54,2,1,650_01,3,2,,3,,1,1,,,,,,,,,1,,,,,1,,,1,3,113600,2,1,2,,3,5,,,2,5,01,19,2587.7492695
5359679,1,3,1,10,1,2,10,1995,25,3,1,650_01,6,1,2,1,1,,,,,,,,,,,1,,,,,1,,,1,3,113600,2,1,2,,4,9,,,2,9,01,19,2587.7492695
5359679,1,4,1,10,1,1,10,2015,5,4,1,650_01,,2,,1,3,,,,,,,,,,,,,,,,1,,,3,,,2,2,1,1,3,0,,,2,0,01,19,2587.7492695
5359679,1,5,1,10,1,1,7,2020,0,4,1,650_01,,2,,1,3,,,,,,,,,,,,,,,,1,,,3,,,2,,,,,,,,2,,01,19,2587.7492695
5359679,1,6,1,10,6,2,4,1997,23,3,1,650_01,6,1,2,1,1,,,,,,,,,,1,,,,,,1,,,3,,,2,1,1,2,6,2,3,,2,13,01,19,2587.7492695
5359679,1,7,1,10,7,2,12,1998,22,3,1,650_01,6,1,2,1,1,,,,,,,,,,,,,1,,,1,,,3,,,2,1,2,,5,11,2,,2,11,01,19,2587.7492695
5359679,1,8,1,10,7,1,12,2019,1,4,1,650_01,,2,,1,7,,,,,,,,,,,,,,,,1,,,3,,,2,,,,,,,,2,,01,19,2587.7492695
5359679,1,9,1,10,9,2,1,2001,20,3,1,650_01,6,1,2,1,1,,,,,,,,,,,,,1,,,1,,,1,5,,2,1,2,,5,11,2,,2,11,01,19,2587.7492695
5359679,1,10,1,10,10,2,9,2002,18,3,1,650_01,6,1,2,1,1,,,,,,,,,,,,,1,,,1,,,3,,,2,1,2,,5,11,2,,2,11,01,19,2587.7492695
5359679,1,11,1,10,1,1,11,2004,16,3,1,650_01,6,1,2,1,1,,,,,,,,,,1,,,,,,1,,,3,,,2,1,1,1,4,8,,,2,8,01,19,2587.7492695
5359679,1,12,1,10,1,1,10,2007,13,3,1,650_01,6,1,2,1,1,,,,,,,,,,1,,,,,,1,,,3,,,2,1,1,1,4,0,,,2,5,01,19,2587.7492695
5359679,1,13,1,10,1,2,5,2010,10,3,1,650_01,6,1,2,1,1,,,,,,,,,,1,,,,,,1,,,3,,,2,1,1,1,3,4,,,2,4,01,19,2587.7492695
5359679,1,14,1,10,1,1,12,2011,9,3,1,650_01,,1,2,1,1,,,,,,,,,,,,,,,,1,,,1,5,,2,1,1,1,3,2,,,2,2,01,19,2587.7492695
5359679,1,15,1,10,15,2,1,1993,28,3,1,650_01,2,1,2,1,1,1,16,,,,,,,,,1,,,,,1,,,3,,,2,1,1,2,6,0,2,2,2,11,01,19,2587.7492695
5359679,1,16,1,10,15,1,5,1989,31,5,1,650_01,2,3,,2,,1,15,,,,,,,,,1,,,,,1,,,3,,,2,1,2,,3,3,,,2,3,01,19,2587.7492695
5359679,1,17,1,10,15,2,4,2017,3,4,1,650_01,,1,16,1,15,,,,,,,,,,,,,,,,1,,,3,,,2,2,2,,1,0,,,2,0,01,19,2587.7492695
5359680,1,1,1,10,1,1,5,1992,28,1,1,650_01,2,2,,2,,1,2,,,1,1,1,1,1,,1,,,,2,1,,,3,,,2,1,2,,6,2,3,,2,13,01,19,660.8941435
5359680,1,2,1,10,2,2,11,1981,39,2,1,650_01,2,2,,2,,1,1,,,,,1,,,1,1,,,,,1,,,1,1,35000,2,1,2,,6,3,3,,2,14,01,19,660.8941435
5359681,1,1,1,10,1,2,11,1986,34,1,1,650_01,2,2,,2,,2,,,1,1,1,,,,1,,,,,1,1,,,1,3,110000,2,1,1,2,6,2,3,,2,13,01,19,646.93731738
5359681,1,2,1,10,1,2,9,2013,7,3,1,650_01,,2,,1,1,,,,,,,,,,,,,,,,1,,,3,,,2,1,1,1,3,1,,,2,1,01,19,646.93731738
5359682,1,1,1,10,1,2,9,1982,38,1,1,500_01,2,2,,2,,1,2,1,,1,1,1,,1,,1,,,,1,1,,,1,5,,2,1,2,,6,3,2,2,2,14,01,19,871.77189291
5359682,1,2,1,10,2,1,10,1980,40,2,1,650_01,2,2,,2,,1,1,1,,1,,,,,,1,,,,,1,,,1,1,98,2,1,2,,5,11,2,,2,11,01,19,871.77189291
5359682,1,3,1,10,3,2,12,2000,20,3,1,500_01,6,2,,1,1,,,1,,,,,,,1,1,,,,,1,,,3,,,2,1,1,2,6,2,2,2,2,13,01,19,871.77189291
5359682,1,4,1,10,4,2,6,2003,17,3,1,500_01,6,2,,1,1,,,1,,,,,,,1,1,,,,,1,,,3,,,2,1,2,,5,11,2,,2,11,01,19,871.77189291
5359683,1,1,1,10,1,2,6,1940,80,1,1,650_01,5,3,,3,,,,,,,,,,,,,,1,,1,1,,,3,,,2,1,2,,3,1,,,2,1,01,19,681.6412556
5359684,1,1,1,10,1,1,11,1967,53,1,1,999_01,2,3,,2,,2,,,1,1,,,,1,,1,,,,2,1,,,1,3,98,2,1,2,,4,9,,,2,9,01,19,2020.740706
5359685,1,1,1,10,1,1,7,1963,57,1,1,650_01,3,3,,2,,1,2,,1,1,1,1,,,,1,,,,2,1,,,1,1,109725,2,1,2,,3,5,,,2,5,01,19,1577.5998589
5359685,1,2,1,10,2,2,3,1966,54,2,1,650_01,3,2,,3,,1,1,,1,1,1,1,,,,1,,,,,1,,,3,,,2,1,2,,4,9,,,2,9,01,19,1577.5998589
5359685,1,3,1,10,3,1,9,1989,31,3,1,650_01,4,1,1,1,2,,,,,,,,,,,,,1,,,1,,,1,1,75000,2,1,2,,6,5,4,,2,16,01,19,1577.5998589
5359685,1,4,1,10,4,1,11,1999,21,3,1,650_01,6,1,1,1,2,,,,,,,,,,,,,1,,,1,,,3,,,2,1,1,1,6,4,2,2,2,15,01,19,1577.5998589
5359685,1,5,1,10,5,1,10,1992,28,3,1,650_01,2,1,1,1,2,1,6,,1,1,1,1,,,,1,,,,,1,,,3,,,2,1,2,,5,11,2,,2,11,01,19,1577.5998589
5359685,1,6,1,10,6,2,2,1994,26,5,1,650_01,2,2,,2,,1,5,,,,,,,,,,,1,,,1,,,3,,,2,1,2,,5,11,2,,2,11,01,19,1577.5998589
5359685,1,7,1,10,7,2,7,1997,23,3,1,650_01,6,1,1,1,2,,,,,,,,,,,,,1,,,1,,,3,,,2,1,2,,6,5,4,,2,16,01,19,1577.5998589
5359685,1,8,1,10,7,2,8,2017,3,4,1,650_01,,2,,1,7,,,,,,,,,,,,,,,,1,,,3,,,2,2,2,,1,0,,,2,0,01,19,1577.5998589
5359685,1,9,1,10,2,1,2,2016,4,4,1,650_01,,3,,2,,,,,,,,,,,,,,,,,1,,,3,,,2,2,2,,1,0,,,2,0,01,19,1577.5998589
5360737,1,1,1,10,1,1,8,1973,47,1,6,,2,2,,2,,1,2,,,,,,,,,,,1,,1,1,,,3,,,2,1,2,,4,6,,,2,6,01,23,1411.5521023
5360737,1,2,1,10,2,2,6,1975,45,2,6,,2,2,,2,,1,1,,,,,,,,,,,1,,,1,,,3,,,2,1,2,,4,6,,,2,6,01,23,1411.5521023
5360737,1,3,1,10,3,2,11,2007,13,3,6,,6,1,1,1,2,,,,,,,,,,1,,,,,,1,,,3,,,2,1,1,1,4,7,,,2,7,01,23,1411.5521023
5360738,1,1,1,10,1,1,6,1980,40,1,6,,2,3,,2,,1,2,1,1,,,,,,,,,,,1,1,,,3,,,2,1,2,,3,4,,,2,4,01,23,1499.1381441
5360738,1,2,1,10,2,2,1,1982,39,2,6,,2,2,,2,,1,1,1,,,,,,,,1,,,,,1,,,3,,,2,1,2,,3,5,,,2,5,01,23,1499.1381441
5360738,1,3,1,10,3,1,2,2002,18,3,6,,6,1,1,1,2,,,1,,,,,,,,,,,,,1,,,3,,,2,1,2,,5,11,2,,2,11,01,23,1499.1381441
5360738,1,4,1,10,2,2,3,2004,16,3,6,,6,1,1,1,2,,,1,,,,,,,1,,,,,,1,,,3,,,2,1,1,1,5,10,1,,2,10,01,23,1499.1381441
5360738,1,5,1,10,2,2,3,2006,14,3,6,,6,1,1,1,2,,,1,,,,,,,1,,,,,,1,,,3,,,2,1,1,1,4,8,,,2,8,01,23,1499.1381441
5360738,1,6,1,10,2,2,6,2010,10,3,6,,6,1,1,1,2,,,1,,,,,,,1,,,,,,1,,,3,,,2,1,1,1,3,4,,,2,4,01,23,1499.1381441
5360739,1,1,1,10,1,1,1,1951,70,1,6,,5,3,,3,,,,,1,,1,,,,,1,,,,1,1,,,3,,,2,1,2,,3,3,,,2,3,01,23,1748.599996
5360739,1,2,1,10,2,1,6,1996,24,3,6,,6,1,1,3,,,,,,,1,,,,,,,,,,1,,,3,,,2,1,2,,4,7,,,2,7,01,23,1748.599996
5360739,1,3,1,10,3,1,12,1999,21,3,6,,3,1,1,3,,1,4,,,,,,,,,,,1,,,1,,,3,,,2,1,2,,3,4,,,2,4,01,23,1748.599996
5360739,1,4,1,10,4,2,8,2004,16,5,6,,3,2,,2,,1,3,,,,,,,,,,,1,,,2,1,24,,,,1,1,2,,3,5,,,2,5,01,23,1748.599996
5360740,1,1,1,10,1,2,2,1980,40,1,6,,4,2,,2,,,,,1,,,,,,,1,,,,1,1,,,3,,,2,1,2,,3,5,,,2,5,01,23,2024.1327069
5360740,1,2,1,10,2,1,3,1998,22,3,6,,6,2,,1,1,,,,,,,,,,,1,,,,,1,,,3,,,2,1,2,,4,8,,,2,8,01,23,2024.1327069
5360740,1,3,1,10,1,2,4,2011,9,3,6,,,2,,1,1,,,,,,,,,,,,,,,,1,,,3,,,2,1,1,1,3,4,,,2,4,01,23,2024.1327069
5360740,1,4,1,10,1,1,11,2018,2,3,6,,,2,,1,1,,,,,,,,,,,,,,,,1,,,3,,,2,,,,,,,,2,,01,23,2024.1327069
5360741,1,1,1,10,1,2,8,1995,25,1,6,,4,2,,2,,,,,,,,,,,,1,,,,1,1,,,3,,,2,1,2,,5,11,2,,2,11,01,23,1590.0110112
5360741,1,2,1,10,1,1,1,2018,3,3,6,,,2,,1,1,,,,,,,,,,,,,,,,1,,,3,,,2,2,2,,1,0,,,2,0,01,23,1590.0110112
5360742,1,1,1,10,1,2,8,1967,53,1,6,,4,2,,3,,,,1,,,,,,,,,,,,1,1,,,3,,,2,2,2,,1,0,,,2,0,01,23,1479.584001
5360742,1,2,1,10,2,1,7,1981,39,3,6,,4,2,,1,1,,,,,,,,,,,,,1,,,1,,,3,,,2,1,2,,3,5,,,2,5,01,23,1479.584001
5360743,1,1,1,10,1,1,1,1984,37,1,6,,2,2,,2,,1,2,,1,1,,,,,,1,,,,1,1,,,3,,,2,1,2,,4,7,,,2,7,01,23,2238.8445224
5360743,1,2,1,10,2,2,11,1999,21,2,6,,2,2,,2,,1,1,,,,,,,,,,,1,,,1,,,3,,,2,1,2,,4,8,,,2,8,01,23,2238.8445224
5360743,1,3,1,10,2,1,8,2016,4,3,6,,,1,1,1,2,,,,,,,,,,,,,,,,1,,,3,,,2,2,2,,1,0,,,2,0,01,23,2238.8445224
5360743,1,4,1,10,2,1,8,2017,3,3,6,,,1,1,1,2,,,,,,,,,,,,,,,,1,,,3,,,2,2,2,,1,0,,,2,0,01,23,2238.8445224
5360743,1,5,1,10,2,1,6,2020,0,3,6,,,1,1,1,2,,,,,,,,,,,,,,,,2,2,,,,,2,,,,,,,,2,,01,23,2238.8445224
5360744,1,1,1,10,1,1,7,1948,72,1,6,,3,3,,3,,1,2,,,,,,,,,,,1,,1,1,,,3,,,2,1,2,,3,3,,,2,3,01,23,1065.2442478
5360744,1,2,1,10,1,2,6,1938,82,2,6,,3,3,,3,,1,1,,,,,,,,,,,1,,,1,,,3,,,2,1,2,,3,3,,,2,3,01,23,1065.2442478
5360744,1,3,1,10,3,1,8,1973,47,3,6,,6,1,1,1,2,,,,,,,,,,,,,1,,,1,,,3,,,2,1,2,,3,3,,,2,3,01,23,1065.2442478
5360745,1,1,1,10,1,2,5,1940,80,1,6,,2,3,,3,,1,2,,,,,,,,,,,1,,1,1,,,3,,,2,2,2,,1,0,,,2,0,01,23,975.14847219
5360745,1,2,1,10,2,1,8,1940,80,2,1,800_02,2,3,,3,,1,1,,,,,,,,,,,1,,,1,,,3,,,2,2,2,,1,0,,,2,0,01,23,975.14847219
5360746,1,1,1,10,1,1,7,1948,72,1,6,,3,3,,3,,1,2,,,,,,,,,1,,,,2,1,,,3,,,2,2,2,,1,0,,,2,0,01,23,1065.2442478
5360746,1,2,1,10,2,2,9,1964,56,2,6,,3,2,,2,,1,1,,1,,,,,,,1,,,,,1,,,3,,,2,2,2,,1,0,,,2,0,01,23,1065.2442478
5360746,1,3,1,10,3,1,7,1979,41,3,6,,6,1,1,1,2,,,,,,,,,,,1,,,,,1,,,3,,,2,1,2,,3,5,,,2,5,01,23,1065.2442478
5360747,1,1,1,10,1,1,7,1972,48,1,6,,2,3,,3,,1,2,,,1,1,,,,,,,,,1,1,,,3,,,2,1,2,,3,2,,,2,2,01,23,1926.8836792
5360747,1,2,1,10,2,2,3,1985,35,2,6,,2,3,,3,,1,1,,,,,,,,,,,1,,,1,,,3,,,2,1,2,,4,6,,,2,6,01,23,1926.8836792
5360747,1,3,1,10,3,1,7,2002,18,3,6,,6,1,1,1,2,,,,,,,,,,,,,1,,,1,,,3,,,2,1,1,1,6,1,2,2,2,12,01,23,1926.8836792
5360747,1,4,1,10,4,1,4,2007,13,3,6,,6,1,1,1,2,,,,,,,,,,1,,,,,,1,,,3,,,2,1,1,1,4,8,,,2,8,01,23,1926.8836792
5360748,1,1,1,10,1,1,9,1997,23,1,6,,2,2,,2,,1,2,,,,,,,,,1,,,,1,1,,,3,,,2,1,2,,3,4,,,2,4,01,23,1981.3020849
5360748,1,2,1,10,2,2,5,1997,23,2,6,,2,2,,2,,1,1,,1,,,,,,,1,,,,,1,,,3,,,2,1,2,,3,4,,,2,4,01,23,1981.3020849
5360748,1,3,1,10,2,2,9,2015,5,3,6,,,2,,1,2,,,,,,,,,,,,,,,,1,,,3,,,2,2,1,1,2,0,,,2,0,01,23,1981.3020849
5360749,1,1,1,10,1,1,4,1969,51,1,6,,6,3,,3,,,,,,,,,,,,,,1,,1,1,,,3,,,2,2,2,,1,0,,,2,0,01,23,1705.3080635
5360750,1,1,1,10,1,1,7,1971,49,1,6,,2,3,,3,,1,2,,,,,,,,,,,1,,1,1,,,3,,,2,2,2,,1,0,,,2,0,01,23,1790.8198818
5360750,1,2,1,10,2,2,11,1982,38,2,6,,2,2,,2,,1,1,,,,,,,,,,,1,,,1,,,3,,,2,2,2,,1,0,,,2,0,01,23,1790.8198818
5360750,1,3,1,10,3,1,9,2001,19,3,6,,6,1,1,1,2,,,,,,,,,,,,,1,,,1,,,3,,,2,1,2,,3,5,,,2,5,01,23,1790.8198818
5360750,1,4,1,10,4,2,3,2004,16,3,6,,6,1,1,1,2,,,,,,,,,,1,,,,,,1,,,3,,,2,1,1,1,4,8,,,2,8,01,23,1790.8198818
5360750,1,5,1,10,5,2,6,2006,14,3,6,,6,1,1,1,2,,,,,,,,,,,,,1,,,1,,,3,,,2,1,2,,3,5,,,2,5,01,23,1790.8198818
5360750,1,6,1,10,2,1,8,2008,12,3,6,,6,1,1,1,2,,,,,,,,,,1,,,,,,1,,,3,,,2,1,1,1,4,6,,,2,6,01,23,1790.8198818
5360751,1,1,1,10,1,2,2,1934,86,1,6,,5,3,,3,,,,,,,,,,,,,,1,,1,1,,,3,,,2,2,2,,1,0,,,2,0,01,23,1406.2991235
5360751,1,2,1,10,2,2,10,1970,50,3,6,,4,3,,1,1,,,,,,,,,,,1,,,,,1,,,3,,,2,1,2,,3,5,,,2,5,01,23,1406.2991235
5360751,1,3,1,10,2,1,10,2013,7,5,6,,,2,,2,,,,,,,,,,,,,,,,,1,,,3,,,2,2,1,1,3,1,,,2,1,01,23,1406.2991235
5360751,1,4,1,10,2,2,6,2014,6,5,6,,,2,,2,,,,,,,,,,,,,,,,,1,,,3,,,2,2,1,1,3,0,,,2,0,01,23,1406.2991235
5360752,1,1,1,10,1,1,1,1998,23,1,6,,2,2,,2,,1,2,,,,,,,,,1,,,,1,1,,,3,,,2,1,2,,4,8,,,2,8,01,23,2191.7739415
5360752,1,2,1,10,2,2,11,1999,21,2,6,,2,2,,2,,1,1,,1,,,,,,,1,,,,,1,,,3,,,2,1,2,,5,11,2,,2,11,01,23,2191.7739415
5360752,1,3,1,10,2,2,7,2016,4,3,6,,,2,,1,2,,,,,,,,,,,,,,,,2,1,24,,,,2,2,2,,1,0,,,2,0,01,23,2191.7739415
5360752,1,4,1,10,2,2,2,2018,3,3,6,,,1,1,1,2,,,,,,,,,,,,,,,,1,,,3,,,2,2,2,,1,0,,,2,0,01,23,2191.7739415
5360754,1,1,1,10,1,1,10,1975,45,1,6,,2,3,,3,,1,2,,,,,,,,,,,1,,1,1,,,3,,,2,1,2,,4,6,,,2,6,01,23,1900.5277141
5360754,1,2,1,10,2,2,12,1994,26,2,6,,2,2,,2,,1,1,,,,,,,,,,,1,,,1,,,3,,,2,1,2,,5,11,2,,2,11,01,23,1900.5277141
5360754,1,3,1,10,2,2,6,2014,6,3,6,,,2,,1,2,,,,,,,,,,,,,,,,1,,,3,,,2,2,1,1,3,0,,,2,0,01,23,1900.5277141
5360754,1,4,1,10,2,2,9,2020,0,3,6,,,1,1,1,2,,,,,,,,,,,,,,,,1,,,3,,,2,,,,,,,,2,,01,23,1900.5277141
5360755,1,1,1,10,1,1,12,1963,57,1,6,,2,3,,2,,1,2,,,1,1,,,,,,,,,1,1,,,3,,,2,2,2,,1,0,,,2,0,01,23,1733.3477901
5360755,1,2,1,10,2,2,12,1973,47,2,6,,2,2,,2,,1,1,,,,,,,,,1,,,,,1,,,3,,,2,2,2,,1,0,,,2,0,01,23,1733.3477901
5360755,1,3,1,10,3,1,1,1998,23,3,6,,6,1,1,1,2,,,,,,,,,,,,,1,,,1,,,3,,,2,1,2,,4,8,,,2,8,01,23,1733.3477901
5360755,1,4,1,10,4,2,5,1999,21,3,6,,6,1,1,1,2,,,,,,,,,,,,,1,,,1,,,3,,,2,1,2,,5,11,2,,2,11,01,23,1733.3477901
5360755,1,5,1,10,4,2,10,2019,1,4,6,,,2,,1,4,,,,,,,,,,,,,,,,1,,,3,,,2,,,,,,,,2,,01,23,1733.3477901
5360755,1,6,1,10,1,1,7,2000,20,3,6,,6,1,1,1,2,,,,,,1,,,,,,,,,,1,,,3,,,2,1,2,,5,11,2,,2,11,01,23,1733.3477901
5360766,1,1,1,10,2,1,12,1961,59,1,6,,2,3,,3,,1,2,,,,,1,,,,,,,,1,1,,,3,,,2,1,2,,3,5,,,2,5,01,23,1297.1518709
5360766,1,2,1,10,2,2,5,1967,53,2,6,,2,2,,2,,1,1,,,,,,,,,,,1,,,1,,,3,,,2,1,2,,3,5,,,2,5,01,23,1297.1518709
5360766,1,3,1,10,3,2,3,1994,26,3,6,,6,1,1,1,2,,,,,,,,,,,,,1,,,1,,,3,,,2,1,2,,5,11,2,,2,11,01,23,1297.1518709
5360766,1,4,1,10,2,2,5,2001,19,3,6,,6,1,1,1,2,,,,,,,,,,,1,,,,,1,,,3,,,2,1,1,1,6,1,2,2,2,12,01,23,1297.1518709
5360766,1,5,1,10,5,1,7,2004,16,3,6,,6,1,1,1,2,,,,,,,,,,1,,,,,,1,,,3,,,2,1,1,1,4,9,,,2,9,01,23,1297.1518709
5360766,1,6,1,10,2,1,9,2008,12,4,6,,6,2,,2,,,,,,,,,,,1,,,,,,1,,,3,,,2,1,1,1,4,7,,,2,7,01,23,1297.1518709
5360767,1,1,1,10,1,1,4,1993,27,1,6,,2,2,,3,,1,2,,,,,,,1,,,,,,1,1,,,3,,,2,1,2,,5,11,2,,2,11,01,23,2048.2708073
5360767,1,2,1,10,2,2,6,2001,19,2,6,,2,2,,2,,1,1,,,,,,,,,,,1,,,1,,,3,,,2,1,2,,4,6,,,2,6,01,23,2048.2708073
5360767,1,3,1,10,2,1,4,2016,4,3,6,,,1,1,1,2,,,,,,,,,,,,,,,,1,,,3,,,2,2,1,1,2,0,,,2,0,01,23,2048.2708073
5360767,1,4,1,10,2,2,7,2017,3,3,6,,,1,1,1,2,,,,,,,,,,,,,,,,1,,,3,,,2,2,2,,1,0,,,2,0,01,23,2048.2708073
5360768,1,1,1,10,1,1,8,1976,44,1,6,,2,3,,2,,1,2,,,,,,,,,1,,,,1,1,,,3,,,2,2,2,,1,0,,,2,0,01,23,1911.6314732
5360768,1,2,1,10,2,2,10,1975,45,2,6,,2,3,,2,,1,1,,1,,,,,,,1,,,,,1,,,3,,,2,1,2,,3,5,,,2,5,01,23,1911.6314732
5360768,1,3,1,10,3,1,3,2001,19,3,6,,6,1,1,1,2,,,,,,,,,1,,1,,,,,1,,,3,,,2,1,2,,5,11,2,,2,11,01,23,1911.6314732
5360768,1,4,1,10,4,1,12,2003,17,3,6,,6,1,1,1,2,,,,,,,,,,1,,,,,,1,,,3,,,2,1,1,1,4,9,,,2,9,01,23,1911.6314732
5360768,1,5,1,10,5,2,7,1994,26,3,6,,4,1,1,1,2,,,,1,,,,,1,,1,,,,,1,,,3,,,2,1,2,,5,11,2,,2,11,01,23,1911.6314732
5360768,1,6,1,10,5,2,12,2018,2,4,6,,,2,,1,5,,,,,,,,,,,,,,,,1,,,3,,,2,,,,,,,,2,,01,23,1911.6314732
5360769,1,1,1,10,1,1,3,1966,54,1,6,,2,3,,3,,1,2,,,,,,,,,,,1,,1,1,,,3,,,2,1,2,,3,3,,,2,3,01,23,1534.7741583
5360769,1,2,1,10,2,2,7,1965,55,2,6,,2,2,,3,,1,1,,,,,,,,,,,1,,,1,,,3,,,2,1,2,,3,3,,,2,3,01,23,1534.7741583
5360769,1,3,1,10,3,1,12,2000,20,3,6,,6,1,1,1,2,,,,,1,1,,,,,,,,,,1,,,3,,,2,1,2,,5,11,2,,2,11,01,23,1534.7741583
5360770,1,1,1,10,1,1,7,1986,34,1,6,,2,2,,2,,1,2,,,,,,,,,,,1,,1,1,,,3,,,2,1,2,,3,4,,,2,4,01,23,1479.584001
5360770,1,2,1,10,2,2,4,1988,32,2,6,,2,2,,2,,1,1,,,,,,,,,1,,,,,1,,,3,,,2,1,2,,3,5,,,2,5,01,23,1479.584001
5360771,1,1,1,10,1,1,7,1984,36,1,6,,2,2,,2,,1,2,,,,1,,,,,1,,,,1,1,,,3,,,2,1,2,,5,11,2,,2,11,01,23,1890.5786434
5360771,1,2,1,10,2,2,10,1995,25,2,6,,2,2,,2,,1,1,,,,,,,,,1,,,,,1,,,3,,,2,1,2,,5,11,2,,2,11,01,23,1890.5786434
5360771,1,3,1,10,2,2,1,2013,8,3,6,,,1,1,1,2,,,,,,,,,,,,,,,,1,,,3,,,2,1,1,1,3,2,,,2,2,01,23,1890.5786434
5360771,1,4,1,10,2,1,4,2014,6,3,6,,,1,1,1,2,,,,,,,,,,,,,,,,1,,,3,,,2,1,1,1,3,1,,,2,1,01,23,1890.5786434
5360772,1,1,1,10,1,2,4,1953,67,1,6,,4,3,,3,,,,1,1,,,,,,,1,,,,1,1,,,3,,,2,2,2,,1,0,,,2,0,01,23,1373.5090843
5360772,1,2,1,10,2,1,3,1980,40,3,6,,4,2,,1,1,,,,1,,,,,,,,,,,,1,,,3,,,2,1,2,,3,4,,,2,4,01,23,1373.5090843
5360772,1,3,1,10,1,1,11,2013,7,4,6,,,2,,2,,,,,,,,,,,,,,,,,1,,,3,,,2,1,1,1,3,1,,,2,1,01,23,1373.5090843
5360772,2,1,2,10,1,2,8,1967,53,1,6,,2,3,,2,,2,,,1,,,,,,,1,,,,1,1,,,3,,,2,2,2,,1,0,,,2,0,01,23,1373.5090843
5360772,2,2,2,10,2,1,3,2001,19,3,6,,6,2,,1,1,,,,,,,,,1,,1,,,,,1,,,3,,,2,1,2,,5,11,2,,2,11,01,23,1373.5090843
5360772,2,3,2,10,3,2,3,2005,15,3,6,,6,2,,1,1,,,,,,,,,,1,,,,,,1,,,3,,,2,1,1,1,4,7,,,2,7,01,23,1373.5090843
5360772,2,4,2,10,4,2,6,2007,13,3,6,,6,2,,1,1,,,,,,,,,,1,,,,,,1,,,3,,,2,1,1,1,4,6,,,2,6,01,23,1373.5090843
5360773,1,1,1,10,1,1,10,1955,65,1,6,,2,3,,3,,1,2,,,,,,,,,,,1,,1,1,,,3,,,2,1,2,,3,5,,,2,5,01,23,907.11657352
5360773,1,2,1,10,2,2,1,1947,74,2,6,,2,3,,3,,1,1,,,,,,,,,,,1,,,1,,,3,,,2,1,2,,3,4,,,2,4,01,23,907.11657352
5360773,1,3,1,10,3,2,5,2002,18,4,6,,6,2,,2,,,,,,,,,,,,,,1,,,1,,,3,,,2,1,2,,5,11,2,,2,11,01,23,907.11657352
5360774,1,1,1,10,1,2,8,1982,38,1,6,,2,1,7,3,,1,2,,,,,,,,,1,,,,2,1,,,3,,,2,1,2,,4,9,,,2,9,01,23,1913.5393413
5360774,1,2,1,10,2,1,4,1982,38,2,6,,2,3,,2,,1,1,,,,1,,,,,,,,,,1,,,3,,,2,1,2,,3,5,,,2,5,01,23,1913.5393413
5360774,1,3,1,10,3,1,4,2001,19,3,6,,6,2,,1,1,,,,,,1,,,,,,,,,,1,,,3,,,2,1,2,,5,11,2,,2,11,01,23,1913.5393413
5360774,1,4,1,10,1,2,3,2004,16,3,6,,6,2,,1,1,,,,,,,,,,1,,,,,,1,,,3,,,2,1,1,1,4,8,,,2,8,01,23,1913.5393413
5360774,1,5,1,10,1,1,9,2008,12,3,6,,6,2,,1,1,,,,,,,,,,1,,,,,,1,,,3,,,2,1,1,1,3,4,,,2,4,01,23,1913.5393413
5360774,1,6,1,10,1,2,12,2014,6,3,6,,,1,2,1,1,,,,,,,,,,,,,,,,1,,,3,,,2,2,1,1,3,0,,,2,0,01,23,1913.5393413
5360774,1,7,1,10,1,1,6,1942,78,5,6,,5,3,,3,,,,,,,,,,,,,,1,,,1,,,3,,,2,1,2,,3,4,,,2,4,01,23,1913.5393413
5360774,1,8,1,10,8,1,5,1984,36,5,6,,6,1,7,3,,,,,,,1,,,,,,,,,,1,,,3,,,2,1,2,,3,5,,,2,5,01,23,1913.5393413
5360775,1,1,1,10,1,2,6,1960,60,1,6,,4,3,,3,,,,,,,,,,,,,,1,,1,1,,,3,,,2,1,2,,3,4,,,2,4,01,23,1063.1700244
5360775,1,2,1,10,2,1,5,1966,54,5,6,,6,3,,3,,,,,,1,1,,,,,,,,,,1,,,3,,,2,1,2,,3,3,,,2,3,01,23,1063.1700244
5360775,2,1,2,10,1,1,6,1963,57,1,6,,2,3,,3,,1,2,,,1,1,,,,,,,,,1,1,,,3,,,2,2,2,,1,0,,,2,0,01,23,1063.1700244
5360775,2,2,2,10,2,2,1,1969,52,2,6,,2,2,,2,,1,1,,,,,,,,,,,1,,,1,,,3,,,2,2,2,,1,0,,,2,0,01,23,1063.1700244
5360775,2,3,2,10,3,1,11,2003,17,3,6,,6,1,1,1,2,,,,,,,,,,1,,,,,,1,,,3,,,2,1,1,1,4,0,,,2,5,01,23,1063.1700244
5360776,1,1,1,10,1,2,12,1961,59,1,6,,4,3,,3,,,,,,1,,,,,,1,,,,1,1,,,3,,,2,1,2,,3,5,,,2,5,01,23,1295.8721133
5360776,1,2,1,10,2,1,11,1980,40,3,6,,4,2,,1,1,,,,,,,,,1,,1,,,,,1,,,3,,,2,1,2,,5,11,2,,2,11,01,23,1295.8721133
5360776,1,3,1,10,3,2,1,1992,29,3,6,,4,2,,1,1,,,,,,,,,1,,1,,,,,1,,,3,,,2,1,2,,5,11,2,,2,11,01,23,1295.8721133
5360776,1,4,1,10,3,2,5,2012,8,4,6,,,2,,1,3,,,,,,,,,,,,,,,,1,,,1,5,,2,1,1,1,3,3,,,2,3,01,23,1295.8721133
5360777,1,1,1,10,1,2,2,1961,59,1,6,,4,2,,2,,,,,1,,,,,,,1,,,,1,1,,,3,,,2,1,2,,3,3,,,2,3,01,23,1641.9722568
5360777,1,2,1,10,1,2,8,2011,9,4,6,,,2,,2,,,,,,,,,,,,,,,,,1,,,3,,,2,1,1,1,3,3,,,2,3,01,23,1641.9722568
5360777,1,3,1,10,1,2,7,2013,7,4,6,,,2,,2,,,,,,,,,,,,,,,,,1,,,3,,,2,1,1,1,3,2,,,2,2,01,23,1641.9722568
5360778,1,1,1,10,1,1,3,1973,47,1,6,,2,2,,2,,1,2,,,,1,,,,,1,,,,1,1,,,3,,,2,1,2,,5,11,2,,2,11,01,23,1479.584001
5360778,1,2,1,10,2,2,5,1975,45,2,6,,2,2,,3,,1,1,,,,,,,,,1,,,,,1,,,3,,,2,1,2,,4,7,,,2,7,01,23,1479.584001
5360779,1,1,1,10,1,1,4,1954,66,1,6,,3,2,,2,,1,2,,,1,,,,,,1,,,,1,1,,,1,5,,2,1,2,,5,11,2,,2,11,01,23,1367.257993
5360779,1,2,1,10,2,2,10,1966,54,2,6,,3,3,,3,,1,1,,,,,,,,,1,,,,,1,,,1,5,,2,1,2,,5,11,2,,2,11,01,23,1367.257993
5360779,1,3,1,10,3,1,7,1998,22,3,6,,6,1,1,1,2,,,,,,,,,,1,1,,,,,1,,,3,,,2,1,1,1,6,2,2,2,2,13,01,23,1367.257993
5360780,1,1,1,10,1,2,3,1977,43,1,6,,4,2,,2,,,,,,,,,,,,,,1,,1,1,,,1,1,35112,2,1,2,,6,3,3,,2,14,01,23,1613.1380644
5360780,1,2,1,10,2,1,6,2005,15,3,6,,6,2,,1,1,,,,,,,,,,1,,,,,,1,,,1,5,,2,1,1,1,5,10,1,,2,10,01,23,1613.1380644
5360796,1,1,1,10,1,1,1,1958,63,1,6,,5,3,,2,,,,,,1,,,,,,1,,,,1,1,,,3,,,2,1,2,,3,5,,,2,5,01,23,1549.5237677
5360796,1,2,1,10,2,1,11,1992,28,3,6,,6,1,1,3,,,,,,,,,,,,,,1,,,1,,,3,,,2,1,2,,4,6,,,2,6,01,23,1549.5237677
5360796,1,3,1,10,3,1,9,1994,26,3,6,,6,1,1,3,,,,,,,,,,1,,1,,,,,1,,,3,,,2,1,2,,5,11,2,,2,11,01,23,1549.5237677
5360797,1,1,1,10,1,1,10,1971,49,1,6,,4,2,,2,,,,,,,,,,,,1,,,,1,1,,,3,,,2,1,2,,4,7,,,2,7,01,23,1705.3080635
5360798,1,1,1,10,1,1,12,1939,81,1,6,,2,3,,3,,1,2,,,,,,,,,1,,,,1,1,,,3,,,2,2,2,,1,0,,,2,0,01,23,1409.2701679
5360798,1,2,1,10,2,2,10,1957,63,2,6,,2,2,,2,,1,1,,,,,,,,,1,,,,,1,,,3,,,2,2,2,,1,0,,,2,0,01,23,1409.2701679
5360798,1,3,1,10,2,1,2,2010,10,4,6,,6,2,,2,,,,,,,,,,,1,,,,,,1,,,3,,,2,1,1,1,4,0,,,2,5,01,23,1409.2701679
5360798,1,4,1,10,2,2,4,2011,9,4,6,,,2,,2,,,,,,,,,,,,,,,,,1,,,3,,,2,1,1,1,4,0,,,2,5,01,23,1409.2701679
5360799,1,1,1,10,1,2,10,1941,79,1,6,,5,3,,3,,,,1,1,,,,,,,1,,,,1,1,,,3,,,2,1,2,,3,3,,,2,3,01,23,1570.8029584
5360799,1,2,1,10,2,2,5,1973,47,3,6,,4,3,,1,1,,,1,1,1,,,,1,,1,,,,,1,,,3,,,2,1,2,,3,5,,,2,5,01,23,1570.8029584
5360799,1,3,1,10,2,1,5,2015,5,4,6,,,2,,1,2,,,,,,,,,,,,,,,,1,,,3,,,2,2,1,1,3,0,,,2,0,01,23,1570.8029584
5360799,1,4,1,10,4,2,3,1996,24,4,6,,3,2,,1,2,1,5,,,,,,,,,1,,,,,1,,,3,,,2,1,2,,5,11,2,,2,11,01,23,1570.8029584
5360799,1,5,1,10,5,1,2,1985,35,5,6,,3,2,,2,,1,4,,,,,,,,,1,,,,,1,,,3,,,2,1,2,,5,11,2,,2,11,01,23,1570.8029584
5360799,1,6,1,10,4,2,1,2016,5,5,6,,,1,5,1,4,,,,,,,,,,,,,,,,1,,,3,,,2,2,1,1,3,0,,,2,0,01,23,1570.8029584
5360799,1,7,1,10,4,2,4,2018,2,5,6,,,1,5,1,4,,,,,,,,,,,,,,,,1,,,3,,,2,,,,,,,,2,,01,23,1570.8029584
5360799,1,8,1,10,8,2,2,2002,18,4,6,,1,2,,1,2,2,,,,,,,,,,1,,,,,1,,,3,,,2,1,2,,5,11,2,,2,11,01,23,1570.8029584
5360801,1,1,1,10,1,1,2,1963,57,1,6,,2,2,,2,,1,2,,,1,,,,1,,1,,,,1,1,,,3,,,2,2,2,,1,0,,,2,0,01,23,1366.1948168
5360801,1,2,1,10,2,2,10,1974,46,2,6,,2,3,,2,,1,1,,,,,,,1,,1,,,,,1,,,3,,,2,1,2,,3,5,,,2,5,01,23,1366.1948168
5360801,1,3,1,10,3,1,3,1993,27,3,6,,2,1,1,1,2,1,4,,,,,,,1,,,,,,,1,,,3,,,2,1,2,,5,11,2,,2,11,01,23,1366.1948168
5360801,1,4,1,10,4,2,5,2002,18,5,6,,2,2,,2,,1,3,,,,,,,,,1,,,,,1,,,3,,,2,1,2,,4,8,,,2,8,01,23,1366.1948168
5360801,1,5,1,10,4,1,8,2019,1,4,6,,,1,3,1,4,,,,,,,,,,,,,,,,1,,,3,,,2,,,,,,,,2,,01,23,1366.1948168
5360802,1,1,1,10,1,2,11,1944,76,1,6,,5,3,,3,,,,,,,,,,,,,,1,,1,1,,,3,,,2,2,2,,1,0,,,2,0,01,23,1221.0285436
5360803,1,1,1,10,1,1,9,1972,48,1,6,,2,3,,2,,1,2,,,,,,,,,1,,,,1,1,,,3,,,2,1,2,,5,11,2,,2,11,01,23,2198.5856125
5360803,1,2,1,10,2,2,11,1980,40,2,6,,2,2,,3,,1,1,,1,,,,,,,1,,,,,1,,,3,,,2,1,2,,5,11,2,,2,11,01,23,2198.5856125
5360803,1,3,1,10,3,2,1,2002,19,3,6,,6,1,1,1,2,,,,,,,,,,1,,,,,,1,,,3,,,2,1,1,1,6,1,2,2,2,12,01,23,2198.5856125
5360803,1,4,1,10,4,1,3,2004,16,3,6,,6,1,1,1,2,,,,,,,,,,1,,,,,,1,,,3,,,2,1,1,1,4,8,,,2,8,01,23,2198.5856125
5360803,1,5,1,10,5,2,9,2008,12,3,6,,6,1,1,1,2,,,,,,,,,,1,,,,,,1,,,3,,,2,1,1,1,4,7,,,2,7,01,23,2198.5856125
5360803,1,6,1,10,2,2,8,2013,7,3,6,,,1,1,1,2,,,,,,,,,,,,,,,,1,,,3,,,2,1,1,1,3,2,,,2,2,01,23,2198.5856125
5360803,1,7,1,10,2,2,4,2016,4,3,6,,,1,1,1,2,,,,,,,,,,,,,,,,1,,,3,,,2,2,2,,1,0,,,2,0,01,23,2198.5856125
5360803,1,8,1,10,2,2,6,2018,2,3,6,,,1,1,1,2,,,,,,,,,,,,,,,,1,,,3,,,2,,,,,,,,2,,01,23,2198.5856125
5360804,1,1,1,10,1,2,5,1973,47,1,6,,3,2,,2,,1,2,,,,,,,,,,,1,,1,1,,,3,,,2,1,2,,4,6,,,2,6,01,23,1565.0958193
5360804,1,2,1,10,2,1,10,1969,51,2,6,,3,3,,3,,1,1,,,,,,,,,,,1,,,1,,,3,,,2,1,2,,3,3,,,2,3,01,23,1565.0958193
5360804,1,3,1,10,3,1,1,1998,23,3,6,,6,1,2,1,1,,,,,,,,,,,,,1,,,1,,,3,,,2,1,2,,4,9,,,2,9,01,23,1565.0958193
5360804,1,4,1,10,4,1,2,1999,22,3,6,,6,1,2,1,1,,,,,,,,,,,,,1,,,1,,,3,,,2,1,2,,5,11,2,,2,11,01,23,1565.0958193
5360804,1,5,1,10,5,2,3,2001,19,3,6,,6,1,2,1,1,,,,,,,,,,,1,,,,,1,,,3,,,2,1,2,,5,11,2,,2,11,01,23,1565.0958193
5360804,1,6,1,10,1,2,7,2003,17,3,6,,6,1,2,1,1,,,,,,,,,,,,,1,,,1,,,3,,,2,1,2,,5,11,2,,2,11,01,23,1565.0958193
5360804,1,7,1,10,7,2,2,1995,25,3,6,,3,1,2,1,1,2,,,,,,,,,,1,,,,,1,,,2,5,,2,1,2,,5,11,2,,2,11,01,23,1565.0958193
5360805,1,1,1,10,1,1,4,1977,43,1,6,,2,3,,2,,1,2,1,,,1,,,1,,,,,,2,1,,,3,,,2,1,2,,4,9,,,2,9,01,23,1845.673798
5360805,1,2,1,10,2,2,10,1978,42,2,6,,2,3,,2,,1,1,1,,,,,,,,,,,,,1,,,3,,,2,1,2,,5,11,2,,2,11,01,23,1845.673798
5360805,1,3,1,10,3,1,9,2004,16,3,6,,6,1,1,1,2,,,,,,,,,,1,,,,,,1,,,3,,,2,1,1,1,5,10,1,,2,10,01,23,1845.673798
5360805,1,4,1,10,2,2,1,2007,14,3,6,,6,1,1,1,2,,,,,,,,,,1,,,,,,1,,,3,,,2,1,1,1,4,8,,,2,8,01,23,1845.673798
5360805,1,5,1,10,2,2,8,2014,6,3,6,,,1,1,1,2,,,,,,,,,,,,,,,,1,,,3,,,2,2,1,1,3,1,,,2,1,01,23,1845.673798
5360806,1,1,1,10,1,1,4,1995,25,1,6,,4,2,,2,,,,,,1,1,,,,,,,,,1,1,,,3,,,2,1,2,,5,11,2,,2,11,01,23,1705.3080635
5360807,1,1,1,10,1,1,4,1951,69,1,6,,3,3,,3,,1,2,,1,,,,,,,1,,,,1,1,,,3,,,2,2,2,,1,0,,,2,0,01,23,975.14847219
5360807,1,2,1,10,2,2,11,1958,62,2,6,,3,2,,2,,1,1,,,,,,,,,1,,,,,1,,,3,,,2,1,2,,4,6,,,2,6,01,23,975.14847219
5360808,1,1,1,10,1,1,5,1964,56,1,6,,2,3,,3,,1,2,,,,1,,,,,,,,,2,1,,,3,,,2,2,2,,1,0,,,2,0,01,23,1141.5339305
5360808,1,2,1,10,2,2,12,1978,42,2,6,,2,2,,2,,1,1,,,,1,,,,,,,,,,1,,,3,,,2,1,2,,3,5,,,2,5,01,23,1141.5339305
5360808,1,3,1,10,3,2,10,1995,25,3,6,,6,1,1,1,2,,,,,,,,,,,,,1,,,1,,,3,,,2,1,2,,5,11,2,,2,11,01,23,1141.5339305
5360808,1,4,1,10,2,1,6,2005,15,3,6,,6,1,1,1,2,,,,,,,,,,1,,,,,,1,,,3,,,2,1,1,1,4,9,,,2,9,01,23,1141.5339305
5360809,1,1,1,10,1,1,3,1949,71,1,6,,2,3,,3,,1,2,,,,,,,,,,,1,,1,1,,,3,,,2,1,2,,3,3,,,2,3,01,23,2167.4694858
5360809,1,2,1,10,2,2,3,1966,54,2,6,,2,2,,2,,1,1,,,,,,,,,,,1,,,1,,,3,,,2,1,2,,4,8,,,2,8,01,23,2167.4694858
5360809,1,3,1,10,3,1,3,2003,17,3,6,,6,1,1,1,2,,,,,,,,,,,,,1,,,1,,,3,,,2,1,2,,5,11,2,,2,11,01,23,2167.4694858
5360809,1,4,1,10,4,1,12,2006,14,3,6,,6,1,1,1,2,,,,,,,,,,1,,,,,,1,,,3,,,2,1,1,1,4,8,,,2,8,01,23,2167.4694858
5360809,2,1,2,10,1,1,7,1998,22,1,6,,2,2,,2,,1,2,,,1,1,,,,,,,,,1,1,,,3,,,2,1,2,,5,11,2,,2,11,01,23,2167.4694858
5360809,2,2,2,10,2,2,11,2002,18,2,6,,2,2,,2,,1,1,,,,,,,,,,,1,,,1,,,3,,,2,1,2,,5,11,2,,2,11,01,23,2167.4694858
5360809,2,3,2,10,2,2,4,2018,2,3,6,,,1,1,1,2,,,,,,,,,,,,,,,,1,,,3,,,2,,,,,,,,2,,01,23,2167.4694858
5360809,2,4,2,10,2,2,10,2020,0,3,6,,,1,1,1,2,,,,,,,,,,,,,,,,1,,,3,,,2,,,,,,,,2,,01,23,2167.4694858
5360810,1,1,1,10,1,1,12,1964,56,1,6,,3,3,,3,,1,2,,,,,,,,,1,,,,1,1,,,3,,,2,1,2,,5,11,2,,2,11,01,23,1143.6081539
5360810,1,2,1,10,2,2,7,1970,50,2,6,,3,2,,2,,1,1,,,,,,,,,1,,,,,1,,,3,,,2,1,2,,3,5,,,2,5,01,23,1143.6081539
5360811,1,1,1,10,1,2,11,1943,77,1,6,,5,3,,3,,,,,,,,,,,,1,,,,1,1,,,3,,,2,2,2,,1,0,,,2,0,01,23,1311.1243192
5360811,1,2,1,10,2,1,8,1977,43,3,6,,6,3,,1,1,,,,,,,1,,1,,,,,,,1,,,3,,,2,1,2,,3,4,,,2,4,01,23,1311.1243192
5360812,1,1,1,10,1,1,10,1990,30,1,6,,3,2,,2,,1,2,,,,1,,,,,1,,,,1,1,,,3,,,2,1,2,,6,3,3,,2,14,01,23,1690.0558576
5360812,1,2,1,10,2,2,2,1993,27,2,6,,3,2,,2,,1,1,,1,,,,,,,1,,,,,1,,,3,,,2,1,2,,5,11,2,,2,11,01,23,1690.0558576
5360812,1,3,1,10,2,2,10,2013,7,3,6,,,1,1,1,2,,,,,,,,,,,,,,,,1,,,3,,,2,1,1,1,3,2,,,2,2,01,23,1690.0558576
5360813,1,1,1,10,1,2,8,1968,52,1,6,,4,3,,2,,,,,,,,,,,,1,,,,1,1,,,3,,,2,1,2,,6,5,4,,2,16,01,23,1569.6797766
5360813,1,2,1,10,1,1,9,1989,31,3,6,,6,2,,1,1,,,,,,,,,,,,,1,,,1,,,3,,,2,1,2,,5,11,2,,2,11,01,23,1569.6797766
5360813,1,3,1,10,3,1,8,1993,27,3,6,,6,2,,1,1,,,,,,,1,,,,1,,,,,1,,,3,,,2,1,2,,6,2,3,,2,13,01,23,1569.6797766
5360814,1,1,1,10,1,2,4,1968,52,1,6,,6,2,,2,,,,,,,,,,,,1,,,,2,1,,,2,1,112000,2,1,2,,6,5,4,,2,16,01,23,995.30448105
5360814,1,2,1,10,2,2,7,1965,55,5,6,,4,2,,2,,,,,,,,,,,,1,,,,,1,,,1,5,,2,1,2,,5,11,2,,2,11,01,23,995.30448105
5360815,1,1,1,10,1,1,7,1934,86,1,6,,2,3,,3,,1,2,,,,,,,,,1,,,,1,1,,,3,,,2,1,2,,5,11,2,,2,11,01,23,1065.2442478
5360815,1,2,1,10,2,2,3,1942,78,2,6,,2,2,,2,,1,1,,,,,,,,,1,,,,,1,,,3,,,2,1,2,,4,9,,,2,9,01,23,1065.2442478
5360815,1,3,1,10,3,1,10,1966,54,3,6,,4,1,1,1,2,,,,,,,,,,,1,,,,,1,,,3,,,2,1,2,,5,11,2,,2,11,01,23,1065.2442478
5360816,1,1,1,10,1,1,12,1971,49,1,6,,4,3,,1,2,,,,,1,1,,,,,,,,,2,1,,,3,,,2,1,2,,6,3,3,,2,14,01,23,1311.1243192
5360816,1,2,1,10,2,2,9,1941,79,5,6,,5,3,,3,,,,,,,,,,,,,,1,,,1,,,1,2,96000,2,1,2,,3,4,,,2,4,01,23,1311.1243192
5360817,1,1,1,10,1,1,3,1971,49,1,6,,2,2,,2,,1,2,,,1,,,,1,,1,,,,1,1,,,3,,,2,1,2,,3,3,,,2,3,01,23,1567.1700427
5360817,1,2,1,10,2,2,8,1972,48,2,6,,2,3,,3,,1,1,,,,,,,,,1,,,,,1,,,3,,,2,1,2,,3,5,,,2,5,01,23,1567.1700427
5360817,1,3,1,10,3,2,1,2001,20,3,6,,6,1,1,1,2,,,,,,,,,,1,,,,,,1,,,3,,,2,1,1,1,6,1,2,2,2,12,01,23,1567.1700427
5360817,1,4,1,10,4,2,11,2002,18,3,6,,6,1,1,1,2,,,,,,,,,,1,,,,,,1,,,3,,,2,1,1,1,6,0,2,2,2,11,01,23,1567.1700427
5360817,1,5,1,10,2,1,6,2010,10,3,6,,6,1,1,1,2,,,,,,,,,,1,,,,,,1,,,3,,,2,1,1,1,4,0,,,2,5,01,23,1567.1700427
5360818,1,1,1,10,1,1,1,1968,53,1,6,,2,3,,3,,1,2,,,,,1,,,,1,,,,1,1,,,3,,,2,1,2,,3,4,,,2,4,01,23,1888.50442
5360818,1,2,1,10,2,2,3,1973,47,2,6,,2,2,,2,,1,1,,,,,,,,,1,,,,,1,,,3,,,2,1,2,,3,2,,,2,2,01,23,1888.50442
5360818,1,3,1,10,3,1,9,2001,19,3,6,,6,1,1,1,2,,,,,,,,,,,,,1,,,1,,,3,,,2,1,2,,5,11,2,,2,11,01,23,1888.50442
5360818,1,4,1,10,4,2,6,1995,25,3,6,,4,1,1,1,2,,,,,,,,,,,1,,,,,1,,,3,,,2,1,2,,5,11,2,,2,11,01,23,1888.50442
5360818,1,5,1,10,4,1,9,2013,7,4,6,,,2,,1,4,,,,,,,,,,,,,,,,1,,,3,,,2,1,1,1,3,2,,,2,2,01,23,1888.50442
5360818,1,6,1,10,4,2,4,2015,5,4,6,,,2,,1,4,,,,,,,,,,,,,,,,1,,,3,,,2,2,1,1,3,0,,,2,0,01,23,1888.50442
5360819,1,1,1,10,1,1,2,1992,28,1,6,,2,2,,2,,1,2,,,,,,,,,1,,,,1,1,,,3,,,2,1,2,,5,11,2,,2,11,01,23,1680.1067868
5360819,1,2,1,10,2,2,1,1996,25,2,6,,2,3,,2,,1,1,,,1,1,,,,,1,,,,,1,,,3,,,2,1,2,,5,11,2,,2,11,01,23,1680.1067868
5360819,1,3,1,10,2,1,2,2020,0,3,6,,,1,1,1,2,,,,,,,,,,,,,,,,1,,,3,,,2,,,,,,,,2,,01,23,1680.1067868
5360820,1,1,1,10,1,2,10,1966,54,1,6,,5,2,,2,,,,,,,,,,,,1,,,,1,1,,,3,,,2,1,2,,3,3,,,2,3,01,23,1479.584001
5360820,1,2,1,10,2,1,5,1994,26,3,6,,4,3,,1,1,,,,,,,,,,,1,,,,,1,,,3,,,2,1,2,,5,11,2,,2,11,01,23,1479.584001
5360821,1,1,1,10,1,1,3,1976,44,1,6,,1,2,,2,,1,2,,,,1,,,,,,,,,1,1,,,3,,,2,1,2,,6,3,3,,2,14,01,23,1703.2338401
5360821,1,2,1,10,2,2,11,1976,44,2,6,,1,3,,2,,1,1,,,,,,,,,,,1,,,1,,,3,,,2,1,2,,6,3,3,,2,14,01,23,1703.2338401
5360821,1,3,1,10,3,1,7,2000,20,3,6,,6,2,,1,2,,,,,,,,,,,,,1,,,1,,,3,,,2,1,2,,5,11,2,,2,11,01,23,1703.2338401
5360822,1,1,1,10,1,1,10,1930,90,1,6,,3,3,,3,,1,2,,,,,,,,,,,1,,1,1,,,3,,,2,1,2,,3,5,,,2,5,01,23,975.14847219
5360822,1,2,1,10,2,2,1,1940,81,2,6,,3,3,,3,,1,1,,,,,,,,,,,1,,,1,,,3,,,2,1,2,,3,5,,,2,5,01,23,975.14847219
5360823,1,1,1,10,1,1,8,1950,70,1,5,,2,3,,3,,1,2,,,,,,,,,,,1,,1,1,,,1,5,,2,1,2,,3,5,,,2,5,01,27,666.18670727
5360823,1,2,1,10,2,2,6,1966,54,2,5,,2,3,,2,,1,1,,,,,,,,,,,1,,,1,,,1,1,230000,2,1,2,,6,5,4,,2,16,01,27,666.18670727
5360917,1,1,1,10,1,1,4,1956,64,1,6,,3,3,,3,,1,2,,1,1,1,,,1,,1,,,,1,9,,,,,,2,1,2,,5,10,1,,2,10,01,25,6624.120137
5360917,1,2,1,10,2,2,12,1963,57,2,6,,3,3,,2,,1,1,,1,1,1,,,,,,,,,,2,1,36,,,,1,1,2,,3,5,,,2,5,01,25,6624.120137
5360917,1,3,1,10,3,1,1,1993,28,3,6,,2,1,1,1,2,1,4,,1,1,1,,,,,1,,,,,1,,,1,1,40000,2,1,2,,5,11,2,,2,11,01,25,6624.120137
5360917,1,4,1,10,4,2,2,2002,18,9,6,,2,2,,2,,1,3,,,,,,,,,,,1,,,2,1,12,,,,2,1,1,1,6,2,2,1,2,13,01,25,6624.120137
5360917,1,5,1,10,4,2,3,2015,5,4,6,,,1,3,2,,,,,,,,,,,,,,,,,1,,,3,,,2,2,1,1,3,0,,,2,0,01,25,6624.120137
5360917,1,6,1,10,6,1,12,2008,12,9,6,,6,3,,3,,,,,,,,,,,1,,,,,,1,,,3,,,2,1,1,1,4,6,,,2,6,01,25,6624.120137
5360918,1,1,1,10,1,1,6,1958,62,1,6,,3,3,,2,,1,2,,,,,,,,,1,,,,1,1,,,3,,,2,1,2,,5,11,2,,2,11,01,25,1472.0266971
5360918,1,2,1,10,2,2,12,1958,62,2,6,,3,3,,2,,1,1,,,,1,,,1,1,,,,,,1,,,3,,,2,1,2,,3,5,,,2,5,01,25,1472.0266971
5360918,1,3,1,10,2,1,1,2000,21,3,6,,6,1,1,1,2,,,,,,,,,,,1,,,,,1,,,3,,,2,2,2,,1,0,,,2,0,01,25,1472.0266971
5360919,1,1,1,10,1,1,9,1966,54,1,6,,5,3,,1,2,,,,,,1,,,,,,,,,1,1,,,3,,,2,1,2,,3,4,,,2,4,01,25,1472.0266971
5360919,1,2,1,10,2,2,7,1933,87,5,6,,5,3,,3,,,,,,,,,,,,,,1,,,1,,,3,,,2,1,2,,3,3,,,2,3,01,25,1472.0266971
5360920,1,1,1,10,1,1,2,1981,39,1,6,,4,3,,2,,,,,,1,1,,,1,,,,,,1,2,1,2,,,,2,1,2,,3,4,,,2,4,01,25,5809.6658963
5360921,1,1,1,10,1,1,10,1962,58,1,6,,6,2,,3,,,,,1,1,1,,,,,1,,,,1,2,1,168,,,,2,1,2,,3,3,,,2,3,01,25,1800.7485964
5360922,1,1,1,10,1,2,9,1968,52,1,6,,5,2,,3,,,,,1,,,,,,,1,,,,2,1,,,3,,,1,1,2,,3,5,,,2,5,01,25,5260.9284639
5360922,1,2,1,10,1,1,6,1996,24,3,6,,6,3,,1,1,,,,,,1,,,,,1,,,,,1,,,3,,,2,1,2,,4,9,,,2,9,01,25,5260.9284639
5360922,1,3,1,10,1,1,9,2003,17,3,6,,6,3,,1,1,,,,,,,,,,1,1,,,,,1,,,3,,,2,1,1,1,5,10,1,,2,10,01,25,5260.9284639
5360922,1,4,1,10,1,2,9,2003,17,3,6,,6,3,,1,1,,,,,,,,,,1,1,,,,,1,,,3,,,2,1,1,1,6,0,2,2,2,11,01,25,5260.9284639
5360923,1,1,1,10,1,1,4,1934,86,1,6,,3,3,,3,,1,2,,,,,,,,,,,1,,1,1,,,3,,,2,1,2,,3,5,,,2,5,01,25,1472.0266971
5360923,1,2,1,10,2,2,5,1939,81,2,6,,3,3,,3,,1,1,,,,,,,,,,,1,,,1,,,3,,,2,1,2,,3,1,,,2,1,01,25,1472.0266971
5360924,1,1,1,10,1,2,4,1956,64,1,6,,5,3,,3,,,,,1,,1,,,,,,,,,2,1,,,1,2,105350,2,1,2,,6,2,3,,2,13,01,25,1472.0266971
5360925,1,1,1,10,1,2,8,1986,34,1,6,,6,2,,2,,,,,,,,,1,1,1,,,,,2,1,,,1,1,160000,2,1,2,,6,2,3,,2,13,01,25,1472.0266971
5360925,1,2,1,10,1,1,12,2008,12,3,6,,6,2,,1,1,,,,,,,,,,1,,,,,,1,,,1,5,,2,1,1,2,3,5,,,2,5,01,25,1472.0266971
5360926,1,1,1,10,2,1,8,1989,31,1,6,,2,2,,2,,1,2,,,,,,,,,,,1,,2,1,,,1,1,40000,2,1,2,,5,11,2,,2,11,01,25,4337.2374195
5360926,1,2,1,10,2,2,7,1995,25,2,6,,2,2,,2,,1,1,,,,,,,,,,,1,,,1,,,1,1,35113,2,1,2,,5,11,2,,2,11,01,25,4337.2374195
5360926,1,3,1,10,2,2,7,2013,7,3,6,,,1,1,1,2,,,,,,,,,,,,,,,,1,,,1,5,,2,1,1,2,3,1,,,2,1,01,25,4337.2374195
5360927,1,1,1,10,1,1,11,1953,67,1,6,,6,3,,3,,,,,1,1,1,,,,,,,,,1,1,,,3,,,2,1,2,,3,2,,,2,2,01,25,1800.7485964
5360928,1,1,1,10,1,1,1,1962,59,1,6,,2,3,,3,,1,2,,1,1,,1,,,,1,,,,1,1,,,3,,,2,1,2,,3,3,,,2,3,01,25,1472.0266971
5360928,1,2,1,10,2,2,4,1984,36,2,6,,2,3,,2,,1,1,,,,,,,1,,,,,,,1,,,3,,,2,1,2,,3,5,,,2,5,01,25,1472.0266971
5360928,1,3,1,10,1,2,2,2015,5,4,6,,,2,,2,,,,,,,,,,,,,,,,,1,,,3,,,2,2,1,1,3,0,,,2,0,01,25,1472.0266971
5360929,1,1,1,10,1,1,10,1998,22,1,6,,2,2,,2,,1,2,,1,1,1,,1,,,1,,,,2,1,,,1,3,109725,2,1,2,,4,9,,,2,9,01,25,6624.120137
5360929,1,2,1,10,2,2,1,1999,22,2,6,,2,2,,2,,1,1,,,1,1,1,,1,,,,,,,1,,,1,1,35112,2,1,2,,5,11,2,,2,11,01,25,6624.120137
5360929,1,3,1,10,2,1,2,2018,2,3,6,,,1,1,1,2,,,,,,,,,,,,,,,,1,,,1,5,,2,,,,,,,,2,,01,25,6624.120137
5360929,1,4,1,10,2,1,8,2019,1,3,6,,,1,1,1,2,,,,,,,,,,,,,,,,1,,,1,5,,2,,,,,,,,2,,01,25,6624.120137
5360930,1,1,1,10,5,1,6,1974,46,1,6,,3,2,,1,5,1,2,,,,,,,,,,,1,,2,1,,,1,1,40000,2,1,2,,4,8,,,2,8,01,25,1472.0266971
5360930,1,2,1,10,3,2,3,1978,42,2,6,,3,2,,2,,1,1,,,,,,,,,,,1,,,1,,,1,5,,2,1,2,,5,11,2,,2,11,01,25,1472.0266971
5360930,1,3,1,10,3,2,1,2002,19,3,6,,6,1,1,1,2,,,,,,,,,,,,,1,,,1,,,1,5,,2,1,1,1,6,0,2,2,2,11,01,25,1472.0266971
5360930,1,4,1,10,4,1,4,2006,14,3,6,,6,1,1,1,2,,,,,,,,,,1,,,,,,1,,,1,5,,2,1,1,1,4,6,,,2,6,01,25,1472.0266971
5360930,1,5,1,10,5,2,6,1956,64,5,6,,4,3,,3,,,,,,,,,,,,,,1,,,2,1,12,,,,2,1,2,,3,1,,,2,1,01,25,1472.0266971
5360931,1,1,1,10,1,2,4,1975,45,1,6,,4,3,,3,,,,,1,1,1,1,,,,1,,,,1,1,,,3,,,2,2,2,,1,0,,,2,0,01,25,3456.3951326
5360931,1,2,1,10,2,2,7,1997,23,3,6,,6,3,,1,1,,,,1,,1,1,,1,,,,,,,2,1,18,,,,2,1,2,,4,6,,,2,6,01,25,3456.3951326
5360931,1,3,1,10,3,2,7,2003,17,3,6,,6,3,,1,1,,,,,,,,,,1,1,,,,,1,,,3,,,2,1,1,1,4,9,,,2,9,01,25,3456.3951326
5360931,1,4,1,10,1,2,4,2014,6,3,6,,,2,,1,1,,,,,,,,,,,,,,,,1,,,3,,,2,2,2,,1,0,,,2,0,01,25,3456.3951326
5360931,1,5,1,10,1,2,8,2016,4,3,6,,,2,,1,1,,,,,,,,,,,,,,,,1,,,3,,,1,2,2,,1,0,,,2,0,01,25,3456.3951326
5360932,1,1,1,10,1,1,1,1962,59,1,6,,2,3,,3,,1,2,,,,1,,1,,,,,,,2,1,,,1,1,35150,2,1,2,,4,9,,,2,9,01,25,1472.0266971
5360932,1,2,1,10,2,2,5,1965,55,2,6,,2,3,,2,,1,1,,,,1,,,1,,1,,,,,1,,,1,5,,2,1,2,,3,5,,,2,5,01,25,1472.0266971
5360932,1,3,1,10,3,1,9,1994,26,3,6,,6,1,1,1,2,,,,,,1,,,1,,1,,,,,2,1,4,,,,2,1,2,,5,11,2,,2,11,01,25,1472.0266971
5360933,1,1,1,10,1,1,5,1961,59,1,6,,2,3,,3,,1,2,,,,1,,,,,,,,,2,1,,,1,3,109725,2,1,2,,3,1,,,2,1,01,25,1472.0266971
5360933,1,2,1,10,2,2,7,1972,48,2,6,,2,2,,2,,1,1,,,,,,1,,,1,,,,,1,,,3,,,2,1,2,,3,5,,,2,5,01,25,1472.0266971
5360948,1,1,1,10,1,1,10,1937,83,1,6,,3,3,,3,,1,2,,,1,1,,,,,1,,,,1,1,,,3,,,2,1,2,,3,5,,,2,5,01,25,1472.0266971
5360948,1,2,1,10,2,2,11,1938,82,2,6,,3,3,,3,,1,1,,,1,1,,,,,1,,,,,1,,,3,,,2,1,2,,5,11,2,,2,11,01,25,1472.0266971
5360958,1,1,1,10,1,1,3,1939,81,1,6,,6,3,,3,,,,,1,1,1,,,,,,,,,1,1,,,3,,,2,1,2,,3,5,,,2,5,01,25,4666.3610985
5360958,1,2,1,10,2,1,1,1991,30,5,6,,6,2,,3,,,,,,,1,1,,,,,,,,,1,,,3,,,2,1,2,,5,11,2,,2,11,01,25,4666.3610985
5360959,1,1,1,10,1,1,7,1990,30,1,6,,2,1,5,3,,1,2,,,1,1,,,,1,1,,,,2,1,,,1,3,400000,2,1,2,,3,5,,,2,5,01,25,1472.0266971
5360959,1,2,1,10,2,2,8,1986,34,2,6,,2,2,,2,,1,1,,,,,,,,,,,1,,,1,,,1,5,,2,1,2,,3,5,,,2,5,01,25,1472.0266971
5360959,1,3,1,10,2,2,5,2008,12,3,6,,6,1,1,1,2,,,,,,,,,,1,,,,,,1,,,1,5,,2,1,1,2,4,6,,,2,6,01,25,1472.0266971
5360959,1,4,1,10,2,1,5,2015,5,3,6,,,1,1,1,2,,,,,,,,,,,,,,,,1,,,1,5,,2,1,1,2,2,1,,,2,0,01,25,1472.0266971
5360959,1,5,1,10,5,1,7,1959,61,5,6,,2,3,,2,,1,6,,,1,1,1,,,,1,,,,,2,1,1,,,,2,1,2,,3,3,,,2,3,01,25,1472.0266971
5360959,1,6,1,10,6,2,1,1967,54,9,6,,2,3,,3,,1,5,,,,,,,,,1,,,,,2,1,1,,,,2,2,2,,1,0,,,2,0,01,25,1472.0266971
5360959,1,7,1,10,7,2,12,1986,34,5,6,,6,1,5,3,,,,,,,,,,,,,,1,,,1,,,1,1,35112,2,1,2,,4,9,,,2,9,01,25,1472.0266971
5360959,1,8,1,10,7,2,7,2008,12,5,6,,6,2,,1,7,,,,,,,,,,1,,,,,,1,,,1,5,,2,1,1,1,3,4,,,2,4,01,25,1472.0266971
5360962,1,1,1,10,1,1,8,1993,27,1,6,,2,2,,2,,1,2,,,1,1,,,,,1,,,,2,1,,,3,,,2,1,2,,5,11,2,,2,11,01,25,1472.0266971
5360962,1,2,1,10,2,2,12,1997,23,2,6,,2,2,,2,,1,1,,,1,1,1,,,,1,,,,,1,,,3,,,1,1,2,,5,11,2,,2,11,01,25,1472.0266971
5360963,1,1,1,10,1,2,1,1963,58,1,6,,4,3,,3,,,,,1,,,,,,,1,,,,1,2,1,108,,,,2,2,2,,1,0,,,2,0,01,25,1472.0266971
5360963,1,2,1,10,2,1,6,2005,15,3,6,,6,3,,1,1,,,,1,,,,,,1,,,,,,2,1,108,,,,2,1,1,1,4,7,,,2,7,01,25,1472.0266971
5360964,1,1,1,10,2,1,7,1979,41,1,6,,2,2,,2,,1,2,,,,1,,,,,1,,,,2,2,1,96,,,,2,1,2,,3,3,,,2,3,01,25,6624.120137
5360964,1,2,1,10,2,2,9,1989,31,2,6,,2,2,,3,,1,1,,,1,1,,,,,,,,,,1,,,3,,,2,1,2,,4,9,,,2,9,01,25,6624.120137
5360964,1,3,1,10,2,1,9,2008,12,3,6,,6,3,,1,2,,,,,,,,,,1,,,,,,1,,,3,,,2,1,2,,4,8,,,2,8,01,25,6624.120137
5360964,1,4,1,10,2,1,10,2010,10,3,6,,6,3,,1,2,,,,,,,,,,1,,,,,,1,,,3,,,2,1,1,1,3,4,,,2,4,01,25,6624.120137
5360964,1,5,1,10,2,2,3,2013,7,3,6,,,1,1,1,2,,,,,,,,,,,,,,,,1,,,3,,,2,1,1,1,3,2,,,2,2,01,25,6624.120137
5360965,1,1,1,10,1,1,1,1983,38,1,6,,2,2,,2,,1,2,,,1,1,,,1,,1,,,,1,2,1,3,,,,2,1,2,,3,5,,,2,5,01,25,4337.2374195
5360965,1,2,1,10,2,2,4,1982,38,2,6,,2,3,,2,,1,1,1,1,1,1,,,,,1,,,,,2,1,3,,,,1,1,2,,5,11,2,,2,11,01,25,4337.2374195
5360965,1,3,1,10,2,2,11,2017,3,3,6,,,1,1,1,2,,,,,,,,,,,,,,,,2,1,3,,,,1,2,2,,1,0,,,2,0,01,25,4337.2374195
5360987,1,1,1,10,1,1,10,1944,76,1,6,,3,3,,3,,1,2,,,,,,,,,,,1,,1,1,,,3,,,2,2,2,,1,0,,,2,0,01,25,1472.0266971
5360987,1,2,1,10,2,2,6,1948,72,2,6,,3,3,,3,,1,1,,,,,,,,,,,1,,,1,,,3,,,2,1,2,,3,5,,,2,5,01,25,1472.0266971
5360987,1,3,1,10,3,2,3,1972,48,3,6,,2,1,1,1,2,2,,,,1,1,,,1,,,,,,,1,,,3,,,2,1,2,,3,5,,,2,5,01,25,1472.0266971
5360987,1,4,1,10,4,1,4,1988,32,4,6,,2,2,,1,3,1,5,,,,,,,,,,,1,,,1,,,3,,,2,1,2,,3,5,,,2,5,01,25,1472.0266971
5360987,1,5,1,10,5,2,12,2001,19,9,6,,2,2,,2,,1,4,,,,,,,,,,,1,,,1,,,3,,,2,1,2,,5,11,2,,2,11,01,25,1472.0266971
5360988,1,1,1,10,1,1,11,1970,50,1,6,,4,1,4,1,5,,,,,,1,,,,,,,,,2,1,,,3,,,2,1,2,,3,5,,,2,5,01,25,6624.120137
5360988,1,2,1,10,1,1,12,2009,11,3,6,,6,1,1,2,,,,,,,,,,,1,1,,,,,1,,,3,,,2,1,1,1,3,2,,,2,2,01,25,6624.120137
5360988,1,3,1,10,1,1,4,2012,8,3,6,,,1,1,2,,,,,,,,,,,,,,,,,1,,,3,,,2,1,1,1,3,2,,,2,2,01,25,6624.120137
5360988,1,4,1,10,1,1,11,1940,80,5,6,,3,3,,3,,1,5,,,,,,,,,,,1,,,1,,,3,,,2,2,2,,1,0,,,2,0,01,25,6624.120137
5360988,1,5,1,10,1,2,1,1939,82,5,6,,3,3,,3,,1,4,,,,,,,,,,,1,,,1,,,3,,,2,1,2,,3,5,,,2,5,01,25,6624.120137
5360988,1,6,1,10,6,1,3,1973,47,5,6,,6,1,4,1,5,,,,,,,,,,,,,1,,,1,,,3,,,2,2,2,,1,0,,,2,0,01,25,6624.120137
5360988,1,7,1,10,7,1,7,1984,36,5,6,,6,3,,2,,,,,,,,,,,,1,,,,,1,,,3,,,2,1,2,,3,5,,,2,5,01,25,6624.120137
5360989,1,1,1,10,2,1,9,1993,27,1,6,,2,2,,2,,1,2,,,,1,,,,,,,,,2,1,,,3,,,2,1,2,,3,5,,,2,5,01,25,6624.120137
5360989,1,2,1,10,2,2,10,1994,26,2,6,,2,2,,2,,1,1,,,,1,1,,1,,,,,,,1,,,3,,,2,1,2,,4,8,,,2,8,01,25,6624.120137
5360989,1,3,1,10,2,1,8,2011,9,3,6,,,2,,1,2,,,,,,,,,,,,,,,,1,,,3,,,2,1,1,1,3,4,,,2,4,01,25,6624.120137
5360989,1,4,1,10,2,1,6,2015,5,3,6,,,2,,1,2,,,,,,,,,,,,,,,,1,,,3,,,2,2,1,1,2,0,,,2,0,01,25,6624.120137
5360990,1,1,1,10,2,1,1,1965,56,1,6,,2,2,,2,,1,2,,,,,,,,,,,1,,2,1,,,3,,,2,1,2,,4,7,,,2,7,01,25,1472.0266971
5360990,1,2,1,10,2,2,4,1978,42,2,6,,2,2,,3,,1,1,,,,,,,,,,,1,,,1,,,3,,,2,1,2,,3,5,,,2,5,01,25,1472.0266971
5360990,1,3,1,10,2,1,10,2003,17,3,6,,6,2,,1,2,,,,,,,,,,,,,1,,,2,1,108,,,,2,1,2,,3,5,,,2,5,01,25,1472.0266971
5360991,1,1,1,10,1,1,9,1968,52,1,6,,3,1,6,1,7,1,2,,,1,,,,,1,,,,,2,1,,,1,5,,2,1,2,,3,2,,,2,2,01,25,4419.3522976
5360991,1,2,1,10,2,2,12,1965,55,2,6,,3,3,,3,,1,1,,,,,,,,1,,,,,,1,,,2,1,96000,2,1,2,,6,4,4,,2,15,01,25,4419.3522976
5360991,1,3,1,10,3,1,11,1994,26,3,6,,6,1,1,1,2,,,,,1,1,,,,,,,,,,2,2,,,,,2,1,2,,6,3,3,,2,14,01,25,4419.3522976
5360991,1,4,1,10,4,1,1,1999,22,3,6,,6,1,1,1,2,,,,,1,1,,,,,1,,,,,1,,,1,1,37000,2,1,2,,5,11,2,,2,11,01,25,4419.3522976
5360991,1,5,1,10,2,1,5,2011,9,3,6,,,1,1,1,2,,,,,,,,,,,,,,,,1,,,1,5,,2,1,1,1,3,3,,,2,3,01,25,4419.3522976
5360991,1,6,1,10,1,1,5,1933,87,5,6,,3,3,,3,,1,7,,,,,,,,,,,1,,,1,,,3,,,2,2,2,,1,0,,,2,0,01,25,4419.3522976
5360991,1,7,1,10,1,2,11,1933,87,5,6,,3,3,,3,,1,6,,,,,,,,,,,1,,,1,,,3,,,2,2,2,,1,0,,,2,0,01,25,4419.3522976
5360991,1,8,1,10,8,1,12,1969,51,9,6,,6,3,,3,,,,,1,1,1,,,1,,,,,,,1,,,3,,,2,1,2,,3,5,,,2,5,01,25,4419.3522976
5360992,1,1,1,10,1,2,11,1977,43,1,6,,4,3,,1,5,,,,1,,1,,,1,,1,,,,1,2,1,36,,,,2,1,2,,3,5,,,2,5,01,25,1472.0266971
5360992,1,2,1,10,2,2,2,2005,16,3,6,,6,2,,1,1,,,,,,,,,,1,,,,,,2,1,36,,,,2,1,1,1,5,10,1,,2,10,01,25,1472.0266971
5360992,1,3,1,10,3,1,7,2006,14,3,6,,6,2,,1,1,,,,,,,,,,1,,,,,,2,1,36,,,,2,1,1,1,4,8,,,2,8,01,25,1472.0266971
5360992,1,4,1,10,4,1,10,2009,11,3,6,,6,2,,1,1,,,,,,,,,,1,,,,,,1,,,1,5,,2,1,1,1,4,6,,,2,6,01,25,1472.0266971
5360992,1,5,1,10,1,2,1,1935,86,5,6,,6,3,,3,,,,,,,,,,,,1,1,,NO PUEDE ASISTIR AL MEDICO,,1,,,3,,,2,1,2,,3,3,,,2,3,01,25,1472.0266971
5360993,1,1,1,10,1,2,1,1931,90,1,6,,5,3,,3,,,,,,,,,,,,,,1,,1,1,,,3,,,2,1,2,,3,4,,,2,4,01,25,1472.0266971
5360993,1,2,1,10,2,1,7,1955,65,3,6,,6,3,,1,1,,,,,,,,,,,,,1,,,1,,,3,,,2,1,2,,3,1,,,2,1,01,25,1472.0266971
5360993,1,3,1,10,3,1,7,1972,48,3,6,,6,3,,1,1,,,,,,,,,,,,,1,,,1,,,3,,,2,1,2,,5,11,2,,2,11,01,25,1472.0266971
5360994,1,1,1,10,1,1,10,1956,64,1,6,,4,3,,3,,,,,,,1,,,,,1,,,,1,1,,,3,,,2,2,2,,1,0,,,2,0,01,25,1800.7485964
5360995,1,1,1,10,1,1,1,1951,70,1,6,,3,3,,3,,1,2,,,,1,,,,,,,,,2,1,,,3,,,2,1,2,,3,5,,,2,5,01,25,1472.0266971
5360995,1,2,1,10,2,2,5,1970,50,2,6,,3,3,,2,,1,1,,,,1,,,,,,1,,NO HA PODIDO IR AL MEDICO,,1,,,3,,,2,1,2,,3,5,,,2,5,01,25,1472.0266971
5360996,1,1,1,10,1,2,4,1961,59,1,6,,3,2,,2,,1,2,,,,,,,,,,,1,,1,1,,,3,,,2,1,2,,3,2,,,2,2,01,25,1472.0266971
5360996,1,2,1,10,2,1,6,1960,60,2,6,,3,3,,3,,1,1,,,,1,1,,,,1,,,,,1,,,3,,,2,1,2,,3,2,,,2,2,01,25,1472.0266971
5360996,1,3,1,10,3,1,5,1986,34,3,6,,6,1,2,1,1,,,,,,1,1,,,,,,,,,1,,,3,,,2,1,2,,5,11,2,,2,11,01,25,1472.0266971
5360997,1,1,1,10,1,1,5,1957,63,1,6,,6,3,,1,2,,,,,,1,,,,,,,,,1,1,,,3,,,2,1,2,,3,2,,,2,2,01,25,1472.0266971
5360997,1,2,1,10,2,2,1,1937,84,5,6,,5,3,,3,,,,,,,,,,,,1,,,,,1,,,3,,,2,2,2,,1,0,,,2,0,01,25,1472.0266971
5360998,1,1,1,10,1,2,11,1956,64,1,6,,3,3,,3,,1,2,,,,1,1,,1,1,1,,,,1,1,,,1,3,109725,2,1,2,,3,5,,,2,5,01,25,1472.0266971
5360998,1,2,1,10,1,1,9,1950,70,2,6,,3,3,,3,,1,1,,,,,,,,,,1,,DIFICULTAD PARA CITAS MEDICAS Y PARA SU REABILITACION FISICA,,1,,,1,5,,2,1,2,,3,4,,,2,4,01,25,1472.0266971
5360999,1,1,1,10,1,1,7,1945,75,1,6,,3,3,,3,,2,,,,,,1,1,,,1,,,,1,1,,,3,,,2,2,2,,1,0,,,2,0,01,25,1800.7485964
5361000,1,1,1,10,1,2,6,1936,84,1,6,,3,3,,3,,1,2,,,,1,,,,,1,,,,1,1,,,3,,,2,2,2,,1,0,,,2,0,01,25,1472.0266971
5361000,1,2,1,10,2,1,7,1946,74,2,6,,3,3,,3,,1,1,,,,,,,,,,,1,,,1,,,3,,,1,1,2,,3,1,,,2,1,01,25,1472.0266971
5361001,1,1,1,10,1,1,8,1991,29,1,6,,2,2,,2,,1,2,,,1,1,,1,,,1,,,,2,1,,,1,3,109750,2,1,2,,5,11,2,,2,11,01,25,3390.3562937
5361001,1,2,1,10,2,2,2,2000,20,2,6,,2,2,,2,,1,1,,,1,1,,,1,,,,,,,1,,,1,5,,2,1,1,2,6,4,2,2,2,15,01,25,3390.3562937
5361001,1,3,1,10,3,1,8,1991,29,5,6,,6,2,,2,,,,,,,,,,,,,,1,,,1,,,1,3,109750,2,1,1,2,6,4,2,2,2,15,01,25,3390.3562937
5361005,1,1,1,10,1,1,2,1975,46,1,6,,2,2,,2,,1,2,,,,1,,,,,1,,,,1,1,,,3,,,2,1,2,,5,11,2,,2,11,01,25,1472.0266971
5361005,1,2,1,10,2,2,6,1983,37,2,6,,2,2,,2,,1,1,,1,,1,,,,1,1,,,,,1,,,3,,,2,1,2,,5,11,2,,2,11,01,25,1472.0266971
5361006,1,1,1,10,1,2,9,1964,56,1,6,,5,2,,3,,,,,1,1,1,,,,,1,,,,1,1,,,3,,,2,1,2,,3,2,,,2,2,01,25,1472.0266971
5361006,1,2,1,10,2,1,8,1995,25,3,6,,6,3,,1,1,,,,,,1,,,1,,1,,,,,2,1,13,,,,2,1,2,,5,11,2,,2,11,01,25,1472.0266971
5361006,1,3,1,10,3,2,12,1996,24,3,6,,4,3,,1,1,,,,1,1,1,1,,1,,,,,,,1,,,3,,,2,1,2,,5,11,2,,2,11,01,25,1472.0266971
5361006,1,4,1,10,3,1,5,2018,2,4,6,,,2,,1,3,,,,,,,,,,,,,,,,1,,,3,,,2,,,,,,,,2,,01,25,1472.0266971
5361007,1,1,1,10,1,1,9,1964,56,1,6,,6,3,,3,,,,,,1,1,,,,,,,,,1,1,,,3,,,2,1,2,,3,3,,,2,3,01,25,3523.0563007
5361007,1,2,1,10,2,1,4,1962,58,5,6,,6,3,,3,,,,,,,,,,,,,,1,,,1,,,3,,,2,2,2,,1,0,,,2,0,01,25,3523.0563007
5361007,1,3,1,10,3,1,10,1969,51,5,6,,6,3,,3,,,,,,,,,,,,,,1,,,1,,,3,,,2,1,2,,3,2,,,2,2,01,25,3523.0563007
5361008,1,1,1,10,1,2,5,1939,81,1,6,,5,3,,3,,,,,1,1,1,,,,,1,,,,1,1,,,3,,,2,1,2,,3,2,,,2,2,01,25,1472.0266971
5361008,1,2,1,10,2,1,11,1976,44,3,6,,6,3,,1,1,,,,1,1,1,,,,,1,,,,,1,,,3,,,2,1,2,,3,2,,,2,2,01,25,1472.0266971
5361009,1,1,1,10,2,1,8,1959,61,1,6,,3,3,,3,,1,2,,,1,1,,,,,,,,,2,1,,,3,,,2,1,2,,3,5,,,2,5,01,25,1472.0266971
5361009,1,2,1,10,2,2,8,1962,58,2,6,,3,3,,3,,1,1,,1,1,1,,,,,,,,,,1,,,3,,,2,1,2,,4,7,,,2,7,01,25,1472.0266971
5361010,1,1,1,10,1,2,10,1955,65,1,6,,5,3,,3,,,,,1,,1,,,,,1,,,,2,1,,,3,,,1,1,2,,4,9,,,2,9,01,25,2792.3527275
5361010,1,2,1,10,2,1,5,1985,35,3,6,,6,3,,1,1,,,,,,,1,,,,1,,,,,1,,,3,,,2,1,2,,5,11,2,,2,11,01,25,2792.3527275
5361010,1,3,1,10,3,1,12,1997,23,4,6,,6,2,,2,,,,,,,1,,,,,1,,,,,1,,,1,1,35150,2,1,2,,5,11,2,,2,11,01,25,2792.3527275
5361011,1,1,1,10,1,1,6,1984,36,1,6,,2,2,,2,,1,2,,,1,1,,,,1,,,,,1,1,,,2,1,72640,2,1,2,,6,7,4,,2,18,01,25,1472.0266971
5361011,1,2,1,10,2,2,2,1991,29,2,6,,2,2,,2,,1,1,,,,1,1,,,,,,,,,1,,,3,,,2,1,2,,6,5,4,,2,16,01,25,1472.0266971
5361011,1,3,1,10,1,2,4,2009,11,3,6,,6,1,1,1,2,,,,,,,,,,1,1,,,,,1,,,1,5,,2,1,1,1,4,7,,,2,7,01,25,1472.0266971
5361012,1,1,1,10,1,1,11,1956,64,1,6,,3,3,,3,,2,,,,1,1,,,,,1,,,,2,2,1,120,,,,2,2,2,,1,0,,,2,0,01,25,1800.7485964
5361013,1,1,1,10,1,2,9,1971,49,1,6,,5,3,,2,,,,,1,1,,1,,,1,1,,,,2,1,,,3,,,1,1,2,,5,11,2,,2,11,01,25,1472.0266971
5361013,1,2,1,10,2,2,6,2000,20,3,6,,6,3,,1,1,,,,1,,1,,,1,,,,,,,1,,,3,,,2,1,2,,5,11,2,,2,11,01,25,1472.0266971
5361013,1,3,1,10,3,1,2,2007,13,3,6,,6,3,,1,1,,,,,,,,,,1,,,,,,1,,,3,,,2,1,1,1,4,8,,,2,8,01,25,1472.0266971
5361014,1,1,1,10,1,2,9,1961,59,1,6,,2,3,,3,,1,2,,,,,,,,,1,,,,1,1,,,3,,,2,2,2,,1,0,,,2,0,01,25,1472.0266971
5361014,1,2,1,10,1,1,,,55,2,6,,2,2,,2,,1,1,,,,,,,,,1,,,,,1,,,3,,,2,1,2,,3,3,,,2,3,01,25,1472.0266971
5361014,1,3,1,10,3,1,10,1982,38,3,6,,6,2,,1,1,,,,,,,,,,,,,1,,,1,,,3,,,2,1,2,,5,11,2,,2,11,01,25,1472.0266971
5361015,1,1,1,10,1,1,4,1961,59,1,6,,3,3,,3,,1,2,,,1,,,,,,,,,,2,1,,,3,,,2,1,2,,4,7,,,2,7,01,41,597.85229061
5361015,1,2,1,10,2,2,11,1964,56,2,6,,3,2,,2,,1,1,,,1,1,,,,,1,,,,,1,,,3,,,1,1,2,,3,3,,,2,3,01,41,597.85229061
5361015,1,3,1,10,3,2,2,2002,18,3,6,,6,1,1,1,2,,,,1,1,1,,,,,1,,,,,1,,,3,,,1,1,2,,5,11,2,,2,11,01,41,597.85229061
5361015,1,4,1,10,4,2,2,2004,16,3,6,,6,1,1,1,2,,,,,,,,,,1,,,,,,1,,,3,,,2,1,2,,5,11,2,,2,11,01,41,597.85229061
5361015,1,5,1,10,5,2,1,2007,14,3,6,,6,1,1,1,2,,,,,,,,,,1,,,,,,1,,,3,,,2,1,1,1,4,8,,,2,8,01,41,597.85229061
5361016,1,1,1,10,1,2,8,1954,66,1,6,,5,3,,3,,,,,1,1,,,,,,,,,,1,1,,,3,,,2,2,2,,1,0,,,2,0,01,41,1333.7434096
5361016,1,2,1,10,1,1,8,1978,42,3,6,,6,3,,1,1,,,,,,,,,,,,,1,,,1,,,3,,,2,2,2,,1,0,,,2,0,01,41,1333.7434096
5361016,1,3,1,10,3,1,9,2008,12,4,6,,6,2,,2,,,,,,,,,,,1,,,,,,1,,,3,,,2,1,1,1,4,0,,,2,5,01,41,1333.7434096
5361017,1,1,1,10,1,1,3,1968,52,1,6,,6,3,,2,,,,,,,,,,,,,,1,,1,1,,,3,,,2,1,2,,3,3,,,2,3,01,41,1354.3798828
5361018,1,1,1,10,1,1,6,1967,53,1,6,,2,3,,3,,1,2,,1,,1,,,,,,,,,2,1,,,3,,,2,1,2,,4,7,,,2,7,01,41,1366.902596
5361018,1,2,1,10,2,2,9,1966,54,2,6,,2,3,,3,,1,1,,1,,,,,,,,,,,,1,,,3,,,2,1,2,,5,11,2,,2,11,01,41,1366.902596
5361018,1,3,1,10,3,1,11,2002,18,3,6,,6,1,1,1,2,,,,1,,,,,,,,,,,,1,,,3,,,2,1,2,,5,11,2,,2,11,01,41,1366.902596
5361020,1,1,1,10,1,1,6,1991,29,1,6,,1,3,,2,,1,2,1,1,,,,,,,,,,,1,1,,,3,,,2,1,2,,3,1,,,2,1,01,41,1177.4527076
5361020,1,2,1,10,1,2,,,20,2,6,,1,2,,2,,1,1,,1,,,,,,,,,,,,1,,,3,,,2,1,2,,4,8,,,2,8,01,41,1177.4527076
5361024,1,1,1,10,1,1,10,1958,62,1,6,,3,3,,3,,1,2,,,1,1,,,,,,,,,1,2,1,1,,,,2,1,2,,3,3,,,2,3,01,63,1098.1828682
5361024,1,2,1,10,2,2,1,1964,57,2,6,,3,3,,3,,1,1,,,,,,,,,,,1,,,2,1,1,,,,2,1,2,,3,1,,,2,1,01,63,1098.1828682
5361024,1,3,1,10,3,1,12,1986,34,3,6,,4,1,1,1,2,,,,,,,,,1,,,,,,,2,1,1,,,,2,1,2,,3,2,,,2,2,01,63,1098.1828682
5361024,1,4,1,10,4,2,2,1988,32,3,6,,4,1,1,1,2,,,,,,,,,,,,,1,,,2,1,1,,,,2,1,2,,3,2,,,2,2,01,63,1098.1828682
5361024,1,5,1,10,4,2,5,2011,9,4,6,,,2,,1,4,,,,,,,,,,,,,,,,2,1,1,,,,2,1,1,1,3,4,,,2,4,01,63,1098.1828682
5361025,1,1,1,10,1,1,12,1981,39,1,6,,2,3,,3,,1,2,,,,,,,,,,,1,,1,2,2,,,,,1,2,2,,1,0,,,2,0,01,63,2543.097389
5361025,1,2,1,10,2,2,12,1996,24,2,6,,2,2,,3,,1,1,,,,,,,,,,,1,,,2,1,48,,,,2,1,2,,4,7,,,2,7,01,63,2543.097389
5361025,1,3,1,10,3,1,3,2005,15,3,6,,6,1,1,2,,,,,,,,,,,1,,,,,,2,1,12,,,,2,1,1,1,4,0,,,2,5,01,63,2543.097389
5361025,1,4,1,10,4,1,2,2008,12,3,6,,6,1,1,2,,,,,,,,,,,1,,,,,,2,1,12,,,,2,1,1,1,3,2,,,2,2,01,63,2543.097389
5361025,1,5,1,10,2,1,8,2013,7,3,6,,,2,,1,2,,,,,,,,,,,,,,,,2,1,24,,,,2,2,2,,1,0,,,2,0,01,63,2543.097389
5361025,1,6,1,10,2,1,5,2016,4,3,6,,,1,1,1,2,,,,,,,,,,,,,,,,2,1,24,,,,2,2,2,,1,0,,,2,0,01,63,2543.097389
5361025,1,7,1,10,2,2,6,2018,2,3,6,,,1,1,1,2,,,,,,,,,,,,,,,,2,1,24,,,,2,,,,,,,,2,,01,63,2543.097389
5361025,1,8,1,10,2,1,9,2020,0,3,6,,,1,1,1,2,,,,,,,,,,,,,,,,2,2,,,,,2,,,,,,,,2,,01,63,2543.097389
5361025,1,9,1,10,2,1,1,2017,4,9,6,,,2,,2,,,,,,,,,,,,,,,,,1,,,3,,,2,2,2,,1,0,,,2,0,01,63,2543.097389
5361026,1,1,1,10,1,2,7,1959,61,1,1,282_01,2,3,,3,,1,2,,,,,,,,,,,1,,2,1,,,3,,,2,1,2,,3,5,,,2,5,01,63,1286.5143992
5361026,1,2,1,10,2,1,8,1947,73,2,6,,2,3,,3,,1,1,,,,,,,,,,,1,,,1,,,3,,,2,1,2,,3,1,,,2,1,01,63,1286.5143992
5361026,1,3,1,10,3,1,5,1985,35,3,6,,6,1,2,1,1,,,,,,,,,,,,,1,,,1,,,3,,,2,1,2,,3,5,,,2,5,01,63,1286.5143992
5361026,1,4,1,10,4,1,9,1989,31,3,6,,6,1,2,1,1,,,,,,,,,,,,,1,,,1,,,3,,,2,1,2,,3,3,,,2,3,01,63,1286.5143992
5361026,1,5,1,10,5,2,9,1988,32,3,6,,4,1,2,1,1,,,,,,,,,,,,,1,,,1,,,3,,,2,1,2,,3,5,,,2,5,01,63,1286.5143992
5361026,1,6,1,10,1,1,5,2012,8,4,6,,,2,,1,5,,,,,,,,,,,,,,,,1,,,3,,,2,1,1,1,3,2,,,2,2,01,63,1286.5143992
5361026,1,7,1,10,1,1,2,2016,4,4,6,,,2,,1,5,,,,,,,,,,,,,,,,1,,,3,,,2,2,2,,1,0,,,2,0,01,63,1286.5143992
5361027,1,1,1,10,1,1,10,1951,69,1,6,,2,3,,3,,1,2,,,,1,,,,,,,,,1,1,,,1,1,35100,2,1,2,,1,0,,,2,0,01,63,1300.4146406
5361027,1,2,1,10,2,2,9,1961,59,2,6,,2,2,,3,,1,1,,,,,,,,,,,1,,,1,,,1,5,,2,2,2,,1,0,,,2,0,01,63,1300.4146406
5361027,1,3,1,10,3,1,12,2002,18,3,6,,6,1,1,1,2,,,,,,,,,,,,,1,,,1,,,1,5,,2,1,2,,3,5,,,2,5,01,63,1300.4146406
5361028,1,1,1,10,1,1,4,1989,31,1,6,,1,2,,2,,1,2,,,,,,,,,,,1,,2,1,,,3,,,2,1,2,,5,11,2,,2,11,01,63,1183.0660589
5361028,1,2,1,10,2,2,6,1991,29,2,6,,1,2,,2,,1,1,,,,,,,,,,,1,,,1,,,3,,,2,1,2,,5,11,2,,2,11,01,63,1183.0660589
5361029,1,1,1,10,1,1,6,1988,32,1,6,,2,2,,2,,1,2,,,,1,,,,,,,,,2,1,,,1,5,,2,1,2,,6,3,3,,2,14,01,63,991.14739876
5361029,1,2,1,10,2,2,10,1990,30,2,6,,2,2,,2,,1,1,,,,1,1,,,,1,,,,,1,,,1,3,120000,2,1,2,,6,2,3,,2,13,01,63,991.14739876
5361029,1,3,1,10,3,2,2,2009,11,3,6,,6,1,1,1,2,,,,,,,,,,1,,,,,,1,,,1,5,,2,1,1,1,4,0,,,2,5,01,63,991.14739876
5361030,1,1,1,10,1,1,12,1952,68,1,6,,3,3,,3,,1,2,,,,1,,,,,,,,,1,1,,,1,2,70300,2,1,2,,3,3,,,2,3,01,63,980.95860433
5361030,1,2,1,10,2,2,1,1962,59,2,6,,3,3,,2,,1,1,,,,,,,,,,,1,,,1,,,1,5,,2,1,2,,3,3,,,2,3,01,63,980.95860433
5361030,1,3,1,10,3,1,7,1983,37,3,6,,4,1,1,1,2,,,,,,1,,,1,,,,,,,2,1,12,,,,2,1,2,,4,8,,,2,8,01,63,980.95860433
5361030,1,4,1,10,4,2,9,2004,16,4,6,,6,1,3,2,,,,,,,,,,,1,,,,,,1,,,3,,,2,1,1,1,4,9,,,2,9,01,63,980.95860433
5361031,1,1,1,10,1,1,7,1970,50,1,6,,3,3,,2,,1,2,,1,1,1,1,,1,,1,,,,2,2,2,,,,,2,1,2,,3,3,,,2,3,01,63,1147.0972112
5361031,1,2,1,10,2,2,6,1965,55,2,6,,3,3,,3,,1,1,,,,,,,1,,1,,,,,1,,,1,5,,2,1,2,,3,1,,,2,1,01,63,1147.0972112
5361032,1,1,1,10,1,1,9,1991,29,1,6,,2,2,,2,,1,2,,1,1,1,,,,,,,,,2,1,,,3,,,2,1,2,,4,7,,,2,7,01,63,1807.8984976
5361032,1,2,1,10,2,2,7,1991,29,2,6,,2,2,,2,,1,1,,,,,1,,1,,,,,,,1,,,3,,,2,1,2,,4,6,,,2,6,01,63,1807.8984976
5361032,1,3,1,10,2,1,2,2009,12,3,6,,6,2,,1,2,,,,,,,,,,1,,,,,,1,,,3,,,2,1,1,1,3,3,,,2,3,01,63,1807.8984976
5361032,1,4,1,10,2,2,5,2012,8,3,6,,,2,,1,2,,,,,,,,,,,,,,,,1,,,3,,,2,1,1,1,3,2,,,2,2,01,63,1807.8984976
5361032,1,5,1,10,2,1,4,2019,1,3,6,,,2,,1,2,,,,,,,,,,,,,,,,1,,,3,,,2,,,,,,,,2,,01,63,1807.8984976
5361033,1,1,1,10,1,1,9,1982,38,1,6,,3,3,,2,,1,2,,,1,,,,,,,,,,2,1,,,1,1,44000,2,1,2,,5,11,2,,2,11,01,63,1098.886374
5361033,1,2,1,10,2,2,5,1987,33,2,6,,3,2,,3,,1,1,,,,,,,1,,,,,,,2,1,8,,,,2,1,2,,5,11,2,,2,11,01,63,1098.886374
5361033,1,3,1,10,3,1,8,2005,15,3,6,,6,2,,1,2,,,,,,,,,,1,,,,,,2,1,8,,,,2,1,1,1,4,7,,,2,7,01,63,1098.886374
5361033,1,4,1,10,4,2,7,2007,13,3,6,,6,2,,1,2,,,,,,,,,,1,,,,,,2,1,8,,,,2,1,1,1,4,7,,,2,7,01,63,1098.886374
5361033,1,5,1,10,5,2,10,2007,13,3,6,,6,1,1,2,,,,,,,,,,,1,,,,,,2,1,8,,,,2,1,1,1,4,7,,,2,7,01,63,1098.886374
5361034,1,1,1,10,1,1,9,1963,57,1,6,,3,3,,3,,1,2,,,1,1,,,,,,,,,2,1,,,1,3,109700,2,1,2,,5,11,2,,2,11,01,63,1036.7258529
5361034,1,2,1,10,2,2,2,1970,51,2,6,,3,2,,2,,1,1,,,,1,,,,,,,,,,1,,,1,5,,2,1,2,,4,7,,,2,7,01,63,1036.7258529
5361035,1,1,1,10,1,2,9,1983,37,1,6,,2,2,,2,,1,2,,,,,,,,,,,1,,1,1,,,3,,,2,1,2,,4,9,,,2,9,01,63,1394.4455039
5361035,1,2,1,10,2,1,3,1973,47,2,6,,2,3,,3,,1,1,,1,1,1,,,,,1,,,,,2,1,48,,,,2,1,2,,3,3,,,2,3,01,63,1394.4455039
5361035,1,3,1,10,1,2,2,2014,6,3,6,,,1,2,1,1,,,,,,,,,,,,,,,,1,,,3,,,2,2,1,1,3,0,,,2,0,01,63,1394.4455039
5361036,1,1,1,10,1,1,4,1970,50,1,6,,2,3,,2,,1,2,,,1,,,,,,,,,,1,1,,,1,1,35100,2,1,2,,3,5,,,2,5,01,63,1296.8614172
5361036,1,2,1,10,2,2,3,1978,42,2,6,,2,2,,2,,1,1,,,,,,,,,,,1,,,1,,,3,,,2,1,2,,3,5,,,2,5,01,63,1296.8614172
5361036,1,3,1,10,2,1,6,2019,1,4,6,,,2,,2,,,,,,,,,,,,,,,,,1,,,3,,,2,,,,,,,,2,,01,63,1296.8614172
5361037,1,1,1,10,1,2,11,1994,26,1,6,,2,3,,3,,1,2,,,,,,,,,,,1,,2,2,2,,,,,2,1,2,,3,1,,,2,1,01,63,2569.5742086
5361037,1,2,1,10,2,1,6,1998,22,2,6,,2,2,,3,,1,1,,,,,,,,,,,1,,,2,2,,,,,1,1,2,,3,1,,,2,1,01,63,2569.5742086
5361037,1,3,1,10,1,1,11,2010,10,3,6,,6,2,,1,1,,,,,,,,,,,,,1,,,2,2,,,,,2,1,2,,3,3,,,2,3,01,63,2569.5742086
5361037,1,4,1,10,1,1,3,2012,8,3,6,,,2,,1,1,,,,,,,,,,,,,,,,2,2,,,,,2,1,2,,3,1,,,2,1,01,63,2569.5742086
5361037,1,5,1,10,1,2,11,2015,5,3,6,,,1,2,1,1,,,,,,,,,,,,,,,,2,2,,,,,2,2,2,,1,0,,,2,0,01,63,2569.5742086
5361037,1,6,1,10,1,2,1,2017,4,3,6,,,1,2,1,1,,,,,,,,,,,,,,,,2,2,,,,,2,2,2,,1,0,,,2,0,01,63,2569.5742086
5361037,1,7,1,10,1,2,11,2018,2,3,6,,,1,2,1,1,,,,,,,,,,,,,,,,2,2,,,,,2,,,,,,,,2,,01,63,2569.5742086
5361037,1,8,1,10,1,2,9,2020,0,3,6,,,1,2,1,1,,,,,,,,,,,,,,,,2,2,,,,,2,,,,,,,,2,,01,63,2569.5742086
5361038,1,1,1,10,1,1,4,1968,52,1,6,,4,3,,3,,,,,,,1,,,,,,,,,2,1,,,3,,,2,1,2,,3,2,,,2,2,01,63,1469.1399002
5361039,1,1,1,10,1,1,5,1965,55,1,6,,4,3,,2,,,,1,,1,1,,,,,1,,,,2,2,1,6,,,,2,1,2,,4,9,,,2,9,01,63,1322.7996941
5361040,1,1,1,10,1,2,12,1946,74,1,6,,3,3,,3,,1,2,,,1,1,,,,,,,,,2,1,,,1,5,,2,1,2,,3,3,,,2,3,01,63,648.50982041
5361040,1,2,1,10,2,1,2,1940,80,2,6,,3,3,,3,,1,1,,,,,,,,,,,1,,,1,,,1,3,109700,2,1,2,,3,5,,,2,5,01,63,648.50982041
5361040,1,3,1,10,3,2,5,1962,58,3,6,,5,1,2,1,1,,,,,,,,,,,,,1,,,1,,,3,,,2,1,2,,3,5,,,2,5,01,63,648.50982041
5361040,1,4,1,10,4,2,10,1991,29,4,6,,6,3,,1,3,,,,,1,1,,,,,,,,,,1,,,3,,,2,1,2,,6,6,4,,2,17,01,63,648.50982041
5361040,1,5,1,10,5,2,1,1965,56,3,6,,3,1,2,1,1,1,6,,,,1,,,,,,,,,,1,,,1,1,112000,2,1,2,,6,5,4,,2,16,01,63,648.50982041
5361040,1,6,1,10,6,1,11,1960,60,5,6,,3,3,,3,,1,5,,,,,1,,1,,,,,,,1,,,1,5,,2,1,2,,6,5,4,,2,16,01,63,648.50982041
5361040,1,7,1,10,7,1,9,1996,24,4,6,,6,1,6,1,5,,,,,1,,,,,,1,,,,,2,1,12,,,,2,1,2,,6,2,3,,2,13,01,63,648.50982041
5361041,1,1,1,10,1,2,6,1953,67,1,6,,3,3,,3,,1,2,,1,,,1,,,,,,,,2,1,,,1,5,,2,1,2,,3,5,,,2,5,01,63,951.84266216
5361041,1,2,1,10,2,1,3,1945,75,2,6,,3,3,,2,,1,1,,,,,,,,,,,1,,,1,,,1,2,70300,2,1,2,,5,11,2,,2,11,01,63,951.84266216
5361041,1,3,1,10,3,2,9,1994,26,5,6,,4,2,,2,,,,,1,,1,1,,1,,,,,,,1,,,3,,,2,1,2,,6,2,3,,2,13,01,63,951.84266216
5361041,1,4,1,10,3,2,4,2014,6,9,6,,,2,,1,3,,,,,,,,,,,,,,,,1,,,3,,,2,1,1,1,3,1,,,2,1,01,63,951.84266216
5361041,1,5,1,10,5,1,8,1951,69,9,6,,4,3,,2,,,,,,,,,,,,,,1,,,1,,,3,,,2,1,2,,3,5,,,2,5,01,63,951.84266216
5361042,1,1,1,10,1,1,12,1979,41,1,6,,3,3,,2,,1,2,,,,1,,,,,,,,,2,1,,,1,1,35100,2,1,2,,5,11,2,,2,11,01,63,1104.942757
5361042,1,2,1,10,2,2,6,1987,33,2,6,,3,3,,3,,1,1,,,,,,,,,,,1,,,2,1,24,,,,2,1,2,,5,11,2,,2,11,01,63,1104.942757
5361042,1,3,1,10,3,2,4,2006,14,3,6,,6,1,1,1,2,,,,,,,,,,1,,,,,,2,1,24,,,,2,1,1,1,4,7,,,2,7,01,63,1104.942757
5361042,1,4,1,10,2,1,10,2013,7,3,6,,,1,1,1,2,,,,,,,,,,,,,,,,2,1,24,,,,2,2,1,1,3,0,,,2,0,01,63,1104.942757
5361043,1,1,1,10,1,2,9,1986,34,1,1,280_01,2,2,,2,,1,2,,,,,,,,,,,1,,1,2,1,4,,,,2,1,2,,3,3,,,2,3,01,63,1508.2408622
5361043,1,2,1,10,2,1,6,1988,32,2,6,,2,2,,2,,1,1,,,,,,,,,,,1,,,2,1,2,,,,2,2,2,,1,0,,,2,0,01,63,1508.2408622
5361043,1,3,1,10,1,2,11,2013,7,3,6,,,1,2,1,1,,,,,,,,,,,,,,,,2,1,2,,,,2,2,1,1,3,0,,,2,0,01,63,1508.2408622
5361043,1,4,1,10,1,1,5,2019,1,3,6,,,1,2,1,1,,,,,,,,,,,,,,,,2,1,2,,,,2,,,,,,,,2,,01,63,1508.2408622
5361044,1,1,1,10,1,1,9,1981,39,1,6,,2,2,,2,,1,2,,,,,,,,,,,1,,2,1,,,1,1,48000,2,1,2,,3,5,,,2,5,01,63,1290.8050342
5361044,1,2,1,10,2,2,5,1981,39,2,6,,2,2,,2,,1,1,,,,,,,,,,,1,,,1,,,3,,,2,1,2,,5,11,2,,2,11,01,63,1290.8050342
5361044,1,3,1,10,3,1,7,2004,16,3,6,,6,2,,1,2,,,,,,,,,,1,,,,,,1,,,3,,,2,1,1,1,4,9,,,2,9,01,63,1290.8050342
5361044,1,4,1,10,4,2,6,1999,21,9,6,,6,2,,2,,,,,,,,,,,1,,,,,,1,,,1,5,,2,1,1,1,6,4,3,,2,15,01,63,1290.8050342
5361045,1,1,1,10,1,1,12,1952,68,1,6,,2,3,,3,,1,2,,,,1,,,,,1,,,,1,1,,,1,4,,2,1,2,,3,2,,,2,2,01,63,1050.3096471
5361045,1,2,1,10,2,2,2,1968,52,2,6,,2,3,,2,,1,1,,,1,,1,,,,,,,,,1,,,1,5,,2,1,2,,5,11,2,,2,11,01,63,1050.3096471
5361045,1,3,1,10,3,2,12,1994,26,3,6,,6,1,1,1,2,,,,,,1,1,,,,1,,,,,1,,,3,,,2,1,2,,6,5,4,,2,16,01,63,1050.3096471
5361045,1,4,1,10,4,1,3,2001,19,3,6,,6,1,1,1,2,,,,,,,,,1,,,,,,,1,,,1,5,,2,1,2,,5,11,2,,2,11,01,63,1050.3096471
5361046,1,1,1,10,1,1,4,1956,64,1,6,,4,3,,3,,,,,,,,,,,,,,1,,1,2,1,16,,,,2,1,2,,3,4,,,2,4,01,63,1322.7996941
5361047,1,1,1,10,1,1,11,1986,34,1,6,,2,3,,2,,1,2,,,,,,,,,,,1,,2,1,,,1,1,36320,2,1,2,,4,6,,,2,6,01,63,799.22873857
5361047,1,2,1,10,2,2,1,1985,36,2,6,,2,2,,2,,1,1,,,,,,,,,,,1,,,1,,,1,5,,2,1,2,,3,5,,,2,5,01,63,799.22873857
5361047,1,3,1,10,3,2,3,2005,15,3,6,,6,2,,1,2,,,,,,,,,,1,,,,,,1,,,3,,,2,1,1,1,4,9,,,2,9,01,63,799.22873857
5361047,1,4,1,10,4,2,10,2009,11,3,6,,6,1,1,1,2,,,,,,,,,,1,,,,,,1,,,1,5,,2,1,1,1,4,0,,,2,5,01,63,799.22873857
5361048,1,1,1,10,1,1,8,1990,30,1,6,,2,2,,2,,1,2,,,,,,,,,,,1,,1,1,,,1,1,35100,2,1,2,,4,7,,,2,7,01,63,1809.5885611
5361048,1,2,1,10,2,2,11,1989,31,2,6,,2,2,,3,,1,1,,,,,,,,,,,1,,,1,,,1,5,,2,1,2,,3,5,,,2,5,01,63,1809.5885611
5361048,1,3,1,10,3,1,10,2007,13,3,6,,6,2,,1,2,,,,,,,,,,1,,,,,,1,,,1,5,,2,1,1,1,4,6,,,2,6,01,63,1809.5885611
5361049,1,1,1,10,1,2,10,1979,41,1,6,,3,2,,3,,1,2,,,,,,,,,,,1,,2,1,,,1,5,,2,1,2,,4,7,,,2,7,01,63,1701.8495371
5361049,1,2,1,10,2,1,7,1974,46,2,6,,3,3,,2,,1,1,,,,,,,,,,,1,,,1,,,1,1,48800,2,1,2,,3,5,,,2,5,01,63,1701.8495371
5361049,1,3,1,10,1,2,7,2020,0,3,6,,,1,2,1,1,,,,,,,,,,,,,,,,1,,,1,5,,2,,,,,,,,2,,01,63,1701.8495371
5361050,1,1,1,10,1,1,8,1994,26,1,6,,1,2,,2,,1,2,,,,,1,,1,,1,,,,1,1,,,1,1,41600,2,1,2,,4,7,,,2,7,01,63,1697.6647329
5361050,1,2,1,10,2,2,9,1998,22,2,6,,1,2,,2,,1,1,,,,,1,,1,,,,,,,1,,,1,1,35100,2,1,2,,4,7,,,2,7,01,63,1697.6647329
5361050,1,3,1,10,1,1,6,2016,4,3,6,,,2,,1,2,,,,,,,,,,,,,,,,1,,,1,5,,2,2,2,,1,0,,,2,0,01,63,1697.6647329
5361051,1,1,1,10,1,1,2,1988,32,1,6,,2,2,,2,,1,2,,,,1,,,,,,,,,1,1,,,1,1,35100,2,1,2,,5,11,2,,2,11,01,63,1721.6345664
5361051,1,2,1,10,2,2,11,1989,31,2,6,,2,2,,2,,1,1,,,,,,,,,,,1,,,1,,,1,5,,2,1,2,,5,11,2,,2,11,01,63,1721.6345664
5361051,1,3,1,10,2,1,1,2016,5,3,6,,,1,1,1,2,,,,,,,,,,,,,,,,1,,,1,5,,2,2,2,,1,0,,,2,0,01,63,1721.6345664
5361051,1,4,1,10,2,1,11,2017,3,3,6,,,1,1,1,2,,,,,,,,,,,,,,,,1,,,1,5,,2,2,2,,1,0,,,2,0,01,63,1721.6345664
5361052,1,1,1,10,1,1,3,1948,72,1,6,,3,3,,3,,1,2,1,,,,,,,,1,,,,2,1,,,1,1,120000,2,1,2,,5,11,2,,2,11,01,63,1221.3728261
5361052,1,2,1,10,2,2,4,1951,69,2,6,,3,3,,3,,1,1,1,,,,,,,,,,,,,1,,,1,5,,2,1,2,,5,11,2,,2,11,01,63,1221.3728261
5361053,1,1,1,10,1,1,10,1981,39,1,6,,2,2,,2,,1,2,,,,1,,,,,,,,,1,2,2,,,,,2,1,2,,5,11,2,,2,11,01,63,1833.3394552
5361053,1,2,1,10,2,2,3,1986,34,2,6,,2,2,,2,,1,1,,1,1,,,,,,1,,,,,2,2,,,,,2,1,2,,4,8,,,2,8,01,63,1833.3394552
5361053,1,3,1,10,3,2,8,2004,16,3,6,,6,1,1,1,2,,,,,,,,,,1,,,,,,2,2,,,,,2,1,1,1,5,10,1,,2,10,01,63,1833.3394552
5361053,1,4,1,10,4,1,1,2008,13,3,6,,6,1,1,1,2,,,,,,,,,,1,,,,,,2,2,,,,,2,1,1,1,4,7,,,2,7,01,63,1833.3394552
5361053,1,5,1,10,2,2,10,2012,8,3,6,,,1,1,1,2,,,,,,,,,,,,,,,,2,2,,,,,2,1,1,1,3,2,,,2,2,01,63,1833.3394552
5361054,1,1,1,10,1,1,4,1957,63,1,6,,3,3,,3,,1,2,,,1,,,,,,,,,,1,1,,,1,5,,2,1,2,,3,5,,,2,5,01,63,1221.3728261
5361054,1,2,1,10,2,2,7,1962,58,2,6,,3,3,,3,,1,1,,,,,,,,,,,1,,,1,,,1,2,70300,2,1,2,,5,11,2,,2,11,01,63,1221.3728261
5361255,1,1,1,10,1,1,3,1969,51,1,6,,3,2,,2,,1,2,,,,1,,,1,,,,,,2,1,,,3,,,2,1,2,,5,11,2,,2,11,01,63,1290.8050342
5361255,1,2,1,10,2,2,6,1970,50,2,6,,3,2,,2,,1,1,,,,,,,,,,,1,,,1,,,3,,,2,1,2,,3,5,,,2,5,01,63,1290.8050342
5361255,1,3,1,10,3,2,10,1996,24,3,6,,6,1,1,1,2,,,,,,,,,,,,,1,,,1,,,1,1,36000,2,1,2,,6,2,3,,2,13,01,63,1290.8050342
5361255,1,4,1,10,4,1,2,1999,21,3,6,,6,1,1,1,2,,,,,,,,,,1,,,,,,1,,,1,1,35100,2,1,1,1,6,3,2,2,2,14,01,63,1290.8050342
5361256,1,1,1,10,1,1,9,1950,70,1,6,,3,3,,2,,1,2,,,,1,,,,,,,,,2,1,,,3,,,2,1,2,,3,1,,,2,1,01,63,648.50982041
5361256,1,2,1,10,2,2,5,1966,54,2,6,,3,3,,3,,1,1,,,,,,,,,,,1,,,1,,,3,,,2,1,2,,4,6,,,2,6,01,63,648.50982041
5361256,1,3,1,10,2,2,11,1987,33,3,6,,6,1,1,1,2,,,,,,,,,,,,,1,,,1,,,3,,,2,1,2,,5,11,2,,2,11,01,63,648.50982041
5361256,1,4,1,10,4,2,6,1995,25,3,6,,6,1,1,1,2,,,,,,,,,,,,,1,,,1,,,3,,,2,1,2,,5,11,2,,2,11,01,63,648.50982041
5361256,1,5,1,10,4,1,4,2018,2,4,6,,,2,,1,4,,,,,,,,,,,,,,,,1,,,3,,,2,,,,,,,,2,,01,63,648.50982041
5361258,1,1,1,10,1,1,10,1955,65,1,6,,3,3,,3,,1,2,,,,1,,,,,,,,,2,1,,,1,2,70300,2,1,2,,3,2,,,2,2,01,63,1000.7570052
5361258,1,2,1,10,2,2,10,1962,58,2,6,,3,3,,3,,1,1,,,,,,,,,,,1,,,1,,,1,5,,2,1,2,,4,6,,,2,6,01,63,1000.7570052
5361259,1,1,1,10,1,2,10,2002,18,1,6,,2,3,,2,,2,,,,,,,,,,,,1,,1,1,,,3,,,2,1,2,,6,2,3,,2,13,01,63,1105.1009806
5361260,1,1,1,10,1,1,3,1983,37,1,6,,2,2,,1,4,1,2,,,,,,,,,,,1,,1,1,,,1,5,,2,1,2,,5,11,2,,2,11,01,63,974.81872828
5361260,1,2,1,10,2,2,9,1989,31,2,6,,2,2,,2,,1,1,,1,,1,,,,,,,,,,1,,,1,1,64000,2,1,2,,6,3,2,2,2,14,01,63,974.81872828
5361260,1,3,1,10,2,1,5,2018,2,3,6,,,1,1,1,2,,,,,,,,,,,,,,,,1,,,1,5,,2,,,,,,,,2,,01,63,974.81872828
5361260,1,4,1,10,4,2,11,1963,57,5,6,,4,2,,3,,,,,,,,,,,,,,1,,,2,1,48,,,,2,1,2,,3,5,,,2,5,01,63,974.81872828
5361261,1,1,1,10,1,1,12,1990,30,1,6,,3,2,,2,,1,2,,,1,1,,,,,,,,,2,1,,,1,1,35100,2,1,2,,3,5,,,2,5,01,63,1296.8614172
5361261,1,2,1,10,2,2,5,1991,29,2,6,,3,2,,2,,1,1,,,,,,,,,,,1,,,1,,,1,5,,2,1,2,,5,11,2,,2,11,01,63,1296.8614172
5361261,1,3,1,10,2,1,7,2013,7,3,6,,,1,1,1,2,,,,,,,,,,,,,,,,1,,,1,5,,2,1,1,1,3,2,,,2,2,01,63,1296.8614172
5361262,1,1,1,10,1,2,12,1962,58,1,6,,5,3,,3,,,,,,,,,,1,,,,,,2,1,,,3,,,2,1,2,,3,5,,,2,5,01,63,825.05452227
5361262,1,2,1,10,2,1,4,1984,36,3,6,,4,3,,1,1,,,,,,,,,1,,,,,,,1,,,1,1,35100,2,1,2,,5,11,2,,2,11,01,63,825.05452227
5361262,1,3,1,10,3,2,4,1942,78,5,6,,6,3,,3,,,,,,,,,,,,,,1,,,1,,,3,,,2,1,2,,3,5,,,2,5,01,63,825.05452227
5361264,1,1,1,10,1,1,3,1969,51,1,6,,2,2,,3,,1,2,,,,,,,,,,,1,,1,1,,,1,1,40000,2,2,2,,1,0,,,2,0,01,63,1202.5268437
5361264,1,2,1,10,2,2,10,1981,39,2,6,,2,3,,2,,1,1,,,,,,,,,,,1,,,1,,,3,,,2,1,2,,3,5,,,2,5,01,63,1202.5268437
5361264,1,3,1,10,3,2,3,2004,16,3,6,,4,2,,1,2,,,,,,,1,,,,1,,,,,1,,,3,,,2,1,2,,5,10,1,,2,10,01,63,1202.5268437
5361264,1,4,1,10,3,2,3,2020,0,4,6,,,2,,1,3,,,,,,,,,,,,,,,,1,,,3,,,2,,,,,,,,2,,01,63,1202.5268437
5361265,1,1,1,10,1,1,3,1969,51,1,6,,2,2,,2,,1,2,,,,,,,,,,,1,,2,1,,,3,,,2,1,2,,4,6,,,2,6,01,63,1482.7236944
5361265,1,2,1,10,2,2,5,1971,49,2,6,,2,3,,2,,1,1,,,,,,,,,,,1,,,1,,,3,,,2,1,2,,3,3,,,2,3,01,63,1482.7236944
5361265,1,3,1,10,3,1,3,2008,12,3,6,,6,1,1,1,2,,,,,,,,,,,,,1,,,1,,,3,,,2,1,1,1,4,6,,,2,6,01,63,1482.7236944
5361266,1,1,1,10,1,1,4,1969,51,1,1,282_02,2,3,,2,,1,2,,,,,,,,,,,1,,1,2,1,2,,,,2,1,2,,3,4,,,2,4,01,63,1010.6081835
5361266,1,2,1,10,2,2,6,1981,39,2,1,282_02,2,2,,2,,1,1,,,,,,,,,,,1,,,2,1,2,,,,2,1,2,,3,3,,,2,3,01,63,1010.6081835
5361266,1,3,1,10,3,2,1,2005,16,3,1,282_02,6,1,1,1,2,,,,,,,,,,1,,,,,,2,1,2,,,,2,1,1,1,5,10,1,,2,10,01,63,1010.6081835
5361266,1,4,1,10,4,2,5,1999,21,3,1,282_02,4,1,1,1,2,,,,,,,,,,,,,1,,,1,,,1,5,,2,1,2,,5,10,1,,2,10,01,63,1010.6081835
5361266,1,5,1,10,4,2,10,2018,2,4,6,,,2,,1,4,,,,,,,,,,,,,,,,1,,,1,5,,2,,,,,,,,2,,01,63,1010.6081835
5361267,1,1,1,10,1,1,1,1983,38,1,6,,2,2,,2,,1,2,,,,1,,,,,,,,,2,1,,,3,,,2,1,2,,3,2,,,2,2,01,63,991.14739876
5361267,1,2,1,10,2,2,1,1986,35,2,6,,2,2,,2,,1,1,,,,,,,,,,,1,,,1,,,3,,,2,1,2,,5,11,2,,2,11,01,63,991.14739876
5361267,1,3,1,10,3,2,6,2002,18,3,6,,6,1,1,1,2,,,,,,,,,,,1,,,,,1,,,3,,,2,1,2,,5,11,2,,2,11,01,63,991.14739876
5361268,1,1,1,10,1,1,4,1947,73,1,6,,3,3,,3,,1,2,1,,,,,,,,,,,,2,1,,,2,2,68000,2,1,2,,4,7,,,2,7,01,63,1000.7570052
5361268,1,2,1,10,2,2,1,1949,72,2,6,,3,3,,3,,1,1,1,,,,,,,,,,,,,1,,,2,5,,2,1,2,,4,7,,,2,7,01,63,1000.7570052
5361269,1,1,1,10,1,2,9,1939,81,1,6,,4,3,,3,,,,,,,,,,,,1,,,,1,2,1,144,,,,2,1,2,,3,1,,,2,1,01,63,796.64208586
5361269,1,2,1,10,2,2,3,1972,48,3,6,,5,3,,1,1,,,,,,,,,,,,,1,,,1,,,3,,,2,1,2,,3,5,,,2,5,01,63,796.64208586
5361269,1,3,1,10,3,2,3,1999,21,4,6,,6,3,,1,2,,,,,,,,,,,,,1,,,1,,,3,,,2,1,2,,5,11,2,,2,11,01,63,796.64208586
5361269,1,4,1,10,4,1,9,2001,19,4,6,,6,3,,1,2,,,,,,,,,,1,,,,,,1,,,3,,,2,1,1,1,6,2,2,2,2,13,01,63,796.64208586
5361270,1,1,1,10,1,2,11,1942,78,1,6,,5,3,,3,,,,,,,,,,,,,,1,,1,1,,,1,3,109700,2,1,2,,3,4,,,2,4,01,63,648.50982041
5361270,1,2,1,10,2,2,12,1968,52,3,6,,4,3,,1,1,,,,,,,,,1,,,,,,,2,1,1,,,,2,1,2,,6,4,3,,2,15,01,63,648.50982041
5361270,1,3,1,10,3,2,8,2008,12,4,6,,6,2,,1,2,,,,,,,,,,1,,,,,,2,1,1,,,,2,1,1,1,4,6,,,2,6,01,63,648.50982041
5361271,1,1,1,10,1,2,4,1970,50,1,6,,4,2,,2,,,,,1,1,1,,,,,,,,,2,1,,,3,,,2,1,2,,5,11,2,,2,11,01,63,1909.9187059
5361271,1,2,1,10,2,1,8,2000,20,3,6,,6,2,,1,1,,,,,,,,,,,,,1,,,1,,,3,,,2,1,2,,5,11,2,,2,11,01,63,1909.9187059
5361271,1,3,1,10,3,1,2,2002,18,3,6,,6,2,,1,1,,,,,,,,,,,,,1,,,1,,,3,,,2,1,2,,5,11,2,,2,11,01,63,1909.9187059
5361271,1,4,1,10,4,1,5,2006,14,3,6,,6,2,,1,1,,,,,,,,,,1,,,,,,1,,,3,,,2,1,1,1,4,9,,,2,9,01,63,1909.9187059
5361272,1,1,1,10,1,1,7,1944,76,1,6,,3,3,,3,,1,2,,,,,,,,,,,1,,1,1,,,1,5,,2,1,2,,4,6,,,2,6,01,63,648.50982041
5361272,1,2,1,10,2,2,8,1953,67,2,6,,3,3,,3,,1,1,,,,,,,,,,,1,,,1,,,1,3,109700,2,1,2,,4,9,,,2,9,01,63,648.50982041
5361272,1,3,1,10,3,2,2,1982,38,3,6,,4,1,1,1,2,,,,,,,,,1,,,,,,,1,,,3,,,2,1,2,,5,11,2,,2,11,01,63,648.50982041
5361272,1,4,1,10,4,2,2,2008,12,4,6,,6,2,,1,3,,,,,,,,,,1,,,,,,1,,,3,,,2,1,1,1,4,7,,,2,7,01,63,648.50982041
5361272,1,5,1,10,5,1,12,1945,75,5,6,,4,3,,3,,,,,,,,,,,,,,1,,,1,,,3,,,2,1,2,,4,9,,,2,9,01,63,648.50982041
5361273,1,1,1,10,1,1,11,1985,35,1,6,,3,3,,3,,1,2,,,,,,,,,,,1,,1,1,,,3,,,2,1,2,,5,11,2,,2,11,01,63,1183.0660589
5361273,1,2,1,10,2,2,4,1991,29,2,6,,3,2,,2,,1,1,,,,,,,,,,,1,,,1,,,3,,,2,1,2,,6,2,3,,2,13,01,63,1183.0660589
5361274,1,1,1,10,1,2,9,1958,62,1,6,,5,3,,3,,,,,1,,,,,,,1,,,,1,1,,,3,,,2,1,2,,3,3,,,2,3,01,63,926.06260888
5361274,1,2,1,10,2,2,7,1990,30,3,6,,6,3,,1,1,,,,,,,,,,,,,1,,,1,,,3,,,2,1,2,,5,11,2,,2,11,01,63,926.06260888
5361274,1,3,1,10,1,2,12,2017,3,4,6,,,2,,1,2,,,,,,,,,,,,,,,,1,,,3,,,2,2,2,,1,0,,,2,0,01,63,926.06260888
5361274,1,4,1,10,4,1,1,1957,64,5,6,,6,3,,3,,,,,,,,,,,,,,1,,,1,,,3,,,2,1,2,,3,2,,,2,2,01,63,926.06260888
5361275,1,1,1,10,1,1,1,1959,62,1,6,,6,3,,3,,,,,,,,,,,,,,1,,2,1,,,3,,,2,1,2,,3,2,,,2,2,01,63,1322.7996941
5361276,1,1,1,10,1,2,8,1955,65,1,6,,3,2,,2,,1,2,,,,1,,,,,,,,,2,1,,,1,2,76000,2,1,2,,4,7,,,2,7,01,63,1000.7570052
5361276,1,2,1,10,2,1,5,1961,59,2,6,,3,2,,2,,1,1,,,,,,,,,,,1,,,1,,,1,5,,2,1,2,,3,2,,,2,2,01,63,1000.7570052
5361277,1,1,1,10,1,1,2,1979,41,1,6,,3,3,,2,,1,2,,,,,,,,,,,1,,2,1,,,1,1,36000,2,1,2,,4,7,,,2,7,01,63,799.22873857
5361277,1,2,1,10,2,2,11,1984,36,2,6,,3,2,,2,,1,1,,,,,,,,,,,1,,,1,,,1,5,,2,1,2,,5,11,2,,2,11,01,63,799.22873857
5361277,1,3,1,10,3,2,4,2005,15,3,6,,6,1,1,1,2,,,,,,,,,,1,,,,,,1,,,1,5,,2,1,1,1,5,10,1,,2,10,01,63,799.22873857
5361277,1,4,1,10,4,2,12,2010,10,3,6,,6,1,1,1,2,,,,,,,,,,1,,,,,,1,,,1,5,,2,1,1,1,4,0,,,2,5,01,63,799.22873857
5361278,1,1,1,10,1,1,6,1987,33,1,6,,6,2,,2,,,,,,,,,,,,,,1,,2,1,,,3,,,2,1,2,,4,9,,,2,9,01,63,1469.1399002
5361279,1,1,1,10,1,1,10,1942,78,1,6,,3,3,,3,,1,2,,,,,,,,,,,1,,1,1,,,1,5,,2,1,2,,3,3,,,2,3,01,63,1000.7570052
5361279,1,2,1,10,1,2,9,1942,78,2,6,,3,3,,3,,1,1,,,,,,,,,,,1,,,1,,,1,5,,2,1,2,,3,2,,,2,2,01,63,1000.7570052
5361280,1,1,1,10,1,1,4,1961,59,1,6,,3,3,,3,,1,2,,,,,,,,,,,1,,2,1,,,1,1,36000,2,1,2,,3,5,,,2,5,01,63,1248.1052978
5361280,1,2,1,10,2,2,5,1980,40,2,6,,3,3,,2,,1,1,,,,,,,,,,,1,,,1,,,1,5,,2,1,2,,3,2,,,2,2,01,63,1248.1052978
5361280,1,3,1,10,2,2,5,2013,7,3,6,,,1,1,1,2,,,,,,,,,,,,,,,,1,,,1,5,,2,1,1,1,3,2,,,2,2,01,63,1248.1052978
5361308,1,1,1,10,1,1,7,1948,72,1,6,,5,3,,3,,,,,,,1,,,,,,,,,1,1,,,3,,,2,2,2,,1,0,,,2,0,01,76,884.11551209
5361308,1,2,1,10,2,2,3,1969,51,3,6,,6,1,1,3,,,,,,,,,,,,,,1,,,1,,,3,,,2,1,2,,3,5,,,2,5,01,76,884.11551209
5361309,1,1,1,10,2,1,8,1963,57,1,6,,3,2,,2,,1,2,,1,1,1,,,,,1,,,,1,1,,,3,,,2,1,2,,5,11,2,,2,11,01,76,884.11551209
5361309,1,2,1,10,2,2,3,1963,57,2,6,,3,2,,2,,1,1,1,,,,,,,,1,,,,,1,,,3,,,2,1,2,,5,11,2,,2,11,01,76,884.11551209
5361311,1,1,1,10,1,2,1,1949,72,1,6,,2,3,,2,,1,2,,,,,,,,,1,,,,2,1,,,3,,,2,2,2,,1,0,,,2,0,01,76,1834.1776723
5361311,1,2,1,10,2,1,6,1929,91,2,6,,2,3,,3,,1,1,,,,,,,,,,,1,,,1,,,3,,,2,1,2,,3,5,,,2,5,01,76,1834.1776723
5361311,1,3,1,10,1,1,7,1971,49,3,6,,6,3,,1,1,,,,1,1,1,,,,,1,,,,,1,,,3,,,2,1,1,2,3,5,,,2,5,01,76,1834.1776723
5361312,1,1,1,10,1,1,1,1970,51,1,6,,3,3,,2,,2,,,,1,1,,,,,,,,,1,2,2,,,,,2,1,2,,3,5,,,2,5,01,76,2761.5785271
5361313,1,1,1,10,1,1,4,1974,46,1,6,,6,3,,1,2,,,,,,1,1,1,,1,1,,,,1,1,,,1,3,80000,2,1,2,,6,6,3,,2,17,01,76,1924.8900057
5361313,1,2,1,10,1,2,6,1929,91,5,6,,5,3,,3,,,,,,,,,,,,,,1,,,1,,,1,5,,2,1,2,,3,5,,,2,5,01,76,1924.8900057
5361314,1,1,1,10,1,1,5,1990,30,1,6,,2,2,,2,,1,2,,,,1,,,,,,,,,2,1,,,3,,,2,1,2,,4,6,,,2,6,01,76,1777.1890407
5361314,1,2,1,10,2,2,1,1993,28,2,6,,2,2,,2,,1,1,,,,,,,,,,,1,,,1,,,3,,,2,1,2,,5,11,2,,2,11,01,76,1777.1890407
5361314,1,3,1,10,2,1,12,2013,7,3,6,,,1,1,1,2,,,,,,,,,,,,,,,,1,,,3,,,2,1,1,1,3,1,,,2,1,01,76,1777.1890407
5361315,1,1,1,10,1,1,6,1978,42,1,6,,3,3,,2,,1,2,,,1,1,1,,,,1,,,,1,1,,,1,5,,2,1,2,,5,11,2,,2,11,01,76,2651.1889339
5361315,1,2,1,10,2,2,8,1986,34,2,6,,3,2,,2,,1,1,,,1,1,,,,,,,,,,1,,,1,1,35112,2,1,2,,6,2,3,,2,13,01,76,2651.1889339
5361315,1,3,1,10,2,1,2,2012,8,3,6,,,1,1,1,2,,,,,,,,,,,,,,,,1,,,1,5,,2,1,1,2,3,3,,,2,3,01,76,2651.1889339
5361315,1,4,1,10,2,1,9,2014,6,3,6,,,1,1,1,2,,,,,,,,,,,,,,,,1,,,1,5,,2,2,1,2,3,0,,,2,0,01,76,2651.1889339
5361316,1,1,1,10,1,2,7,1966,54,1,5,,4,3,,3,,,,,,1,,1,,,,,,,,2,1,,,3,,,2,1,2,,5,11,2,,2,11,01,76,884.11551209
5361316,1,2,1,10,1,2,2,1993,27,3,6,,1,2,,1,1,1,3,,,,,,,,,,,1,,,1,,,1,5,,2,1,2,,6,2,3,,2,13,01,76,884.11551209
5361316,1,3,1,10,3,1,10,1995,25,5,6,,1,2,,2,,1,2,,,,,,,,,,,1,,,1,,,1,1,98,2,1,2,,5,11,2,,2,11,01,76,884.11551209
5361316,1,4,1,10,2,1,7,2011,9,3,6,,,2,,1,2,,,,,,,,,,,,,,,,1,,,1,5,,2,1,1,1,3,3,,,2,3,01,76,884.11551209
5361317,1,1,1,10,1,1,4,1972,48,1,6,,3,3,,2,,1,2,,,1,1,,,,,,,,,2,1,,,1,5,,1,1,2,,5,11,2,,2,11,01,76,1696.2037913
5361317,1,2,1,10,2,2,2,1969,51,2,6,,3,2,,2,,1,1,,,1,1,1,,,,,,,,,1,,,1,3,113000,2,1,2,,5,11,2,,2,11,01,76,1696.2037913
5361317,1,3,1,10,2,2,4,2006,14,3,6,,6,1,1,1,2,,,,,,,,,,1,,,,,,1,,,1,5,,2,1,1,1,4,9,,,2,9,01,76,1696.2037913
5361317,1,4,1,10,2,1,1,2008,13,3,6,,6,1,1,1,2,,,,,,,,,,1,,,,,,1,,,1,5,,2,1,1,1,4,7,,,2,7,01,76,1696.2037913
5361320,1,1,1,10,1,2,5,1969,51,1,6,,3,3,,3,,1,2,,,1,1,1,,,,,,,,2,1,,,3,,,2,1,2,,3,5,,,2,5,01,76,1696.2037913
5361320,1,2,1,10,2,1,6,1974,46,2,6,,3,3,,3,,1,1,,1,1,1,,,,,,,,,,1,,,3,,,2,1,2,,3,5,,,2,5,01,76,1696.2037913
5361320,1,3,1,10,1,1,10,1998,22,3,6,,4,2,,1,1,,,,,,1,,1,,,,,,,,1,,,3,,,2,1,2,,5,11,2,,2,11,01,76,1696.2037913
5361320,1,4,1,10,1,2,12,2003,17,5,6,,6,2,,3,,,,,,,,,,,1,,,,,,1,,,3,,,2,1,1,1,4,7,,,2,7,01,76,1696.2037913
5361376,1,1,1,10,2,1,4,1968,52,1,6,,2,3,,3,,1,2,,,,,,,,,1,,,,1,1,,,3,,,2,1,2,,3,3,,,2,3,01,76,903.18914741
5361376,1,2,1,10,2,2,7,1972,48,2,6,,2,3,,3,,1,1,,,,,,,,,,,1,,,1,,,3,,,2,1,2,,3,2,,,2,2,01,76,903.18914741
5361379,1,1,1,10,1,1,4,2000,20,1,6,,1,3,,2,,1,2,,,,,1,,,,1,,,,1,1,,,3,,,2,1,2,,5,11,2,,2,11,01,76,1207.6818228
5361379,1,2,1,10,2,2,9,1993,27,2,6,,1,2,,2,,1,1,,,,,,,1,,,,,,,1,,,3,,,2,1,2,,3,5,,,2,5,01,76,1207.6818228
5361379,1,3,1,10,2,1,12,2009,11,3,6,,6,2,,1,2,,,,,,,,,,1,1,,,,,1,,,3,,,2,1,1,1,4,0,,,2,5,01,76,1207.6818228
5361380,1,1,1,10,2,1,12,1956,64,1,6,,2,3,,3,,1,2,,,,,,,,,,,1,,2,1,,,3,,,2,1,2,,3,2,,,2,2,01,76,1858.9246174
5361380,1,2,1,10,2,2,11,1963,57,2,6,,2,3,,3,,1,1,,,,,,,,,,,1,,,1,,,3,,,2,1,2,,3,1,,,2,1,01,76,1858.9246174
5361380,1,3,1,10,3,2,6,1997,23,3,6,,4,1,1,1,2,,,,,,,,,,,,,1,,,1,,,3,,,2,1,2,,5,11,2,,2,11,01,76,1858.9246174
5361380,1,4,1,10,3,1,6,2013,7,4,6,,,2,,1,3,,,,,,,,,,,,,,,,1,,,3,,,2,1,1,1,3,1,,,2,1,01,76,1858.9246174
5361382,1,1,1,10,1,1,1,1952,69,1,6,,4,3,,3,,,,,,,,,,,,,,1,,2,1,,,3,,,2,1,2,,3,5,,,2,5,01,76,1677.5186908
5361383,1,1,1,10,1,2,12,1993,27,1,6,,4,2,,2,,,,,,,,,,,,,,1,,2,1,,,1,1,40000,2,1,2,,5,11,2,,2,11,01,76,884.11551209
5361383,1,2,1,10,1,1,2,2010,10,3,6,,6,2,,1,1,,,,,,,,,,1,,,,,,1,,,1,5,,2,1,1,1,4,0,,,2,5,01,76,884.11551209
5361384,1,1,1,10,1,1,8,1962,58,1,1,500_03,4,2,,2,,,,,1,,,,,1,,,,,,1,2,1,120,,,,2,1,2,,4,7,,,2,7,01,76,884.11551209
5361384,1,2,1,10,2,1,11,1990,30,5,6,,1,2,,2,,1,3,,1,1,1,,,,,,,,,,2,1,15,,,,2,1,2,,6,2,3,,2,13,01,76,884.11551209
5361384,1,3,1,10,3,2,6,1995,25,9,6,,1,1,4,1,5,1,2,,,,,,,,,1,,,,,2,1,15,,,,2,1,2,,6,2,3,,2,13,01,76,884.11551209
5361384,1,4,1,10,4,1,2,1973,47,9,6,,3,3,,2,,1,5,,1,1,,,,1,,1,,,,,2,1,12,,,,2,1,2,,5,11,2,,2,11,01,76,884.11551209
5361384,1,5,1,10,5,2,2,1973,47,9,6,,3,2,,2,,1,4,,1,,,,,,,,,,,,2,1,13,,,,1,1,2,,4,9,,,2,9,01,76,884.11551209
5361384,1,6,1,10,6,2,10,1993,27,9,6,,6,1,4,1,5,,,,,,,1,,,,,,,,,2,1,18,,,,2,1,2,,6,2,3,,2,13,01,76,884.11551209
5361385,1,1,1,10,1,1,12,1964,56,1,6,,3,3,,2,,2,,,,,,,,,,,,1,,1,1,,,3,,,2,1,2,,4,8,,,2,8,01,76,1677.5186908
5361388,1,1,1,10,2,1,10,1970,50,1,6,,2,3,,2,,1,2,,,,,,,1,,,,,,1,2,1,12,,,,2,1,2,,3,2,,,2,2,01,76,3447.1983359
5361388,1,2,1,10,2,2,11,1997,23,2,6,,2,2,,2,,1,1,,,,,,,,,,,1,,,2,1,12,,,,2,1,2,,5,11,2,,2,11,01,76,3447.1983359
5361388,1,3,1,10,2,2,4,2018,2,3,6,,,1,1,1,2,,,,,,,,,,,,,,,,2,1,12,,,,2,,,,,,,,2,,01,76,3447.1983359
5361389,1,1,1,10,1,1,10,1987,33,1,6,,2,2,,2,,1,2,,,,,,,,,,,1,,1,1,,,3,,,2,1,2,,5,11,2,,2,11,01,76,2093.6344906
5361389,1,2,1,10,2,2,9,1992,28,2,1,500_02,2,2,,2,,1,1,,,,,,,,,,,1,,,1,,,3,,,2,1,2,,5,11,2,,2,11,01,76,2093.6344906
5361389,1,3,1,10,1,2,6,2015,5,3,6,,,1,1,1,2,,,,,,,,,,,,,,,,1,,,3,,,2,2,1,1,3,0,,,2,0,01,76,2093.6344906
5361389,1,4,1,10,4,1,1,1997,24,8,6,,6,2,,2,,,,,,,,,,,,,,1,,,1,,,3,,,2,1,2,,4,7,,,2,7,01,76,2093.6344906
5361391,1,1,1,10,1,1,1,1988,33,1,1,999_01,2,3,,2,,1,2,1,,,,,,,,,,,,1,1,,,3,,,2,1,2,,5,11,2,,2,11,01,76,2318.7142947
5361391,1,2,1,10,2,2,8,1991,29,2,1,999_01,2,2,,2,,1,1,1,,,,,,,,,,,,,1,,,3,,,2,1,2,,5,11,2,,2,11,01,76,2318.7142947
5361391,1,3,1,10,2,1,12,2011,9,3,1,999_01,,1,1,1,2,,,,,,,,,,,,,,,,1,,,3,,,2,1,1,1,3,3,,,2,3,01,76,2318.7142947
5361391,1,4,1,10,2,2,8,2018,2,3,1,999_01,,1,1,1,2,,,,,,,,,,,,,,,,1,,,3,,,2,,,,,,,,2,,01,76,2318.7142947
5361393,1,1,1,10,2,1,2,1996,24,1,6,,2,3,,2,,1,2,,1,1,,,,1,,1,,,,1,1,,,3,,,2,1,2,,4,9,,,2,9,01,76,3102.7709221
5361393,1,2,1,10,2,2,4,1996,24,2,6,,2,3,,2,,1,1,,,,,,,,,1,,,,,1,,,3,,,2,1,2,,5,11,2,,2,11,01,76,3102.7709221
5361393,1,3,1,10,2,2,11,2013,7,3,6,,,1,1,1,2,,,,,,,,,,,,,,,,1,,,3,,,2,1,1,1,3,1,,,2,1,01,76,3102.7709221
5361394,1,1,1,10,1,1,4,1967,53,1,6,,4,3,,3,,,,,,,,,,,,1,,,,1,1,,,3,,,2,1,2,,3,5,,,2,5,01,76,2761.5785271
5361395,1,1,1,10,2,1,1,1961,60,1,6,,2,3,,3,,1,2,,,,,,,,,,,1,,1,1,,,3,,,2,2,2,,1,0,,,2,0,01,76,984.92472412
5361395,1,2,1,10,2,2,8,1961,59,2,6,,2,3,,2,,1,1,,,,,,,,,,,1,,,1,,,3,,,2,2,2,,1,0,,,2,0,01,76,984.92472412
5361395,1,3,1,10,3,2,2,2002,18,3,6,,6,1,1,1,2,,,,,,,,,,,,,1,,,1,,,3,,,2,1,2,,5,11,2,,2,11,01,76,984.92472412
5361397,1,1,1,10,2,1,4,1990,30,1,6,,2,2,,2,,1,2,,,,,,,,,1,,,,1,1,,,3,,,2,1,2,,3,3,,,2,3,01,76,3536.4620484
5361397,1,2,1,10,2,2,6,1997,23,2,6,,2,3,,2,,1,1,,,,,,,,,1,,,,,1,,,3,,,2,1,2,,4,7,,,2,7,01,76,3536.4620484
5361397,1,3,1,10,2,2,12,2015,5,3,6,,,2,,1,2,,,,,,,,,,,,,,,,1,,,1,5,,2,2,1,1,2,0,,,2,0,01,76,3536.4620484
5361397,1,4,1,10,2,2,12,2019,1,3,6,,,1,1,1,2,,,,,,,,,,,,,,,,1,,,3,,,2,,,,,,,,2,,01,76,3536.4620484
5361398,1,1,1,10,1,2,10,1944,76,1,6,,5,3,,3,,,,,,,,,,,,,,1,,2,1,,,3,,,2,1,2,,3,1,,,2,1,01,76,2918.2375087
5361398,1,2,1,10,2,1,11,1973,47,3,6,,4,3,,1,1,,,,,,,,,,,,,1,,,1,,,1,2,100000,2,1,2,,3,5,,,2,5,01,76,2918.2375087
5361398,1,3,1,10,1,1,11,1995,25,4,5,,2,2,,2,,2,,,,,,,,1,,,,,,,1,,,3,,,2,1,2,,6,3,3,,2,14,01,76,2918.2375087
5361402,1,1,1,10,1,2,11,1970,50,1,1,999_01,2,3,,2,,1,2,,1,1,1,1,,,,,,,,1,1,,,3,,,2,2,2,,1,0,,,2,0,01,76,3246.5374689
5361402,1,2,1,10,1,1,11,1970,50,2,6,,2,3,,2,,1,1,,,1,1,1,,1,,,,,,,1,,,3,,,2,1,2,,3,5,,,2,5,01,76,3246.5374689
5361402,1,3,1,10,3,1,12,2005,15,3,1,999_01,6,3,,1,1,,,,,,,,,,1,,,,,,1,,,3,,,2,1,1,1,4,7,,,2,7,01,76,3246.5374689
5361402,1,4,1,10,3,2,3,1993,27,3,1,999_01,4,3,,1,1,,,,1,1,1,,,1,,,,,,,1,,,3,,,2,1,2,,4,8,,,2,8,01,76,3246.5374689
5361402,1,5,1,10,4,2,11,2012,8,4,1,999_01,,2,,1,4,,,,,,,,,,,,,,,,1,,,3,,,2,1,1,1,3,1,,,2,1,01,76,3246.5374689
5361402,1,6,1,10,4,2,3,2016,4,4,1,999_01,,2,,1,4,,,,,,,,,,,,,,,,1,,,3,,,2,2,1,1,2,0,,,2,0,01,76,3246.5374689
5361403,1,1,1,10,1,1,8,1984,36,1,1,999_01,2,2,,3,,1,2,,,,,,,,,,,1,,1,2,1,48,,,,1,2,2,,1,0,,,2,0,01,76,7068.3382901
5361403,1,2,1,10,2,2,11,1948,72,2,6,,2,3,,3,,1,1,,,,,,,,,,,1,,,1,,,3,,,2,1,2,,3,3,,,2,3,01,76,7068.3382901
5361404,1,1,1,10,1,2,1,1975,46,1,5,,2,2,,2,,1,2,,1,1,,,,1,,,,,,1,1,,,3,,,2,1,2,,4,6,,,2,6,01,76,3316.5772667
5361404,1,2,1,10,1,1,7,1991,29,2,6,,2,2,,2,,1,1,,1,1,1,1,,,,1,,,,,1,,,3,,,2,2,2,,1,0,,,2,0,01,76,3316.5772667
5361405,1,1,1,10,1,1,11,1995,25,1,5,,2,2,,2,,1,2,,1,1,,1,,,,1,,,,1,2,2,,,,,2,1,2,,4,6,,,2,6,01,76,3316.5772667
5361405,1,2,1,10,2,2,7,1994,26,2,5,,2,2,,2,,1,1,,,,,,,,,,,1,,,2,1,36,,,,2,1,2,,5,11,2,,2,11,01,76,3316.5772667
5361406,1,1,1,10,1,1,10,1989,31,1,6,,3,3,,3,,1,2,,,1,1,,,,,,,,,1,1,,,1,1,36341,2,1,2,,4,9,,,2,9,01,76,8514.4901705
5361406,1,2,1,10,2,2,11,1995,25,2,6,,3,2,,2,,1,1,,1,1,,,,,,,,,,,1,,,3,,,2,1,2,,4,6,,,2,6,01,76,8514.4901705
5361406,1,3,1,10,2,2,7,2011,9,3,6,,,2,,1,2,,,,,,,,,,,,,,,,1,,,3,,,2,1,1,1,3,2,,,2,2,01,76,8514.4901705
5361406,1,4,1,10,2,1,1,2019,2,3,6,,,1,1,1,2,,,,,,,,,,,,,,,,1,,,3,,,2,,,,,,,,2,,01,76,8514.4901705
5361407,1,1,1,10,2,1,3,1964,56,1,1,999_01,2,3,,3,,1,2,,1,1,1,1,,1,,1,,,,1,1,,,3,,,2,1,2,,3,3,,,2,3,01,76,3246.5374689
5361407,1,2,1,10,2,2,12,1974,46,2,1,999_01,2,2,,3,,1,1,1,1,1,,,,1,1,1,,,,,1,,,3,,,1,1,2,,4,9,,,2,9,01,76,3246.5374689
5361408,1,1,1,10,1,1,12,1996,24,1,6,,3,2,,2,,1,2,,,1,1,,1,,,,,,,1,1,,,1,1,36341,2,1,2,,3,5,,,2,5,01,76,6423.2175976
5361408,1,2,1,10,2,2,10,1992,28,2,6,,3,2,,2,,1,1,,1,1,,,,,,,,,,,1,,,3,,,2,1,2,,3,5,,,2,5,01,76,6423.2175976
5361408,1,3,1,10,2,1,4,2008,12,3,6,,6,2,,1,2,,,,,,,,,,1,,,,,,1,,,3,,,2,1,1,1,3,4,,,2,4,01,76,6423.2175976
5361408,1,4,1,10,2,2,5,2012,8,3,6,,,2,,1,2,,,,,,,,,,,,,,,,1,,,3,,,2,1,1,1,3,2,,,2,2,01,76,6423.2175976
5361409,1,1,1,10,1,2,1,1955,66,1,6,,4,3,,3,,,,,,,,,,,,1,,,,1,2,1,60,,,,2,1,2,,3,4,,,2,4,01,76,3420.692882
5361412,1,1,1,10,1,1,3,1956,64,1,6,,6,3,,3,,,,,,,1,,,,,,,,,1,1,,,3,,,2,1,2,,3,4,,,2,4,01,76,5826.8701596
5361412,1,2,1,10,2,1,3,1960,60,5,6,,6,3,,3,,,,,1,1,1,,,,,,,,,,1,,,3,,,2,1,2,,3,5,,,2,5,01,76,5826.8701596
5361415,1,1,1,10,3,1,,,68,1,6,,3,3,,3,,1,2,,,,,,,,,,,1,,2,1,,,1,3,98,2,1,2,,9,99,,,2,,01,76,3246.5374689
5361415,1,2,1,10,3,2,12,1954,66,2,6,,3,3,,3,,1,1,,,,,,,,,,,1,,,1,,,1,5,,2,1,2,,3,5,,,2,5,01,76,3246.5374689
5361415,1,3,1,10,3,1,12,1950,70,5,6,,5,3,,3,,,,,,,,,,,,,,1,,,1,,,1,2,70224,2,2,2,,1,0,,,2,0,01,76,3246.5374689
5361417,1,1,1,10,1,1,8,1939,81,1,6,,4,3,,3,,,,,,,,,,,,1,,,,1,1,,,1,5,,2,1,2,,5,12,2,,2,12,01,76,9807.6179568
5361417,1,2,1,10,2,1,9,1973,47,3,6,,4,1,1,2,,,,,,,1,1,,,,1,,,,,1,,,1,3,113566,2,1,2,,4,7,,,2,7,01,76,9807.6179568
5361418,1,1,1,10,1,1,5,1953,67,1,6,,2,3,,3,,1,2,,1,1,,1,,,,,,,,1,1,,,3,,,2,2,2,,1,0,,,2,0,01,76,3246.5374689
5361418,1,2,1,10,2,2,4,1949,71,2,6,,2,3,,3,,1,1,,,,,,,,,,,1,,,1,,,3,,,2,2,2,,1,0,,,2,0,01,76,3246.5374689
5361419,1,1,1,10,1,1,1,1967,54,1,1,999_01,2,3,,3,,1,2,,,1,1,,1,1,,,,,,2,1,,,3,,,2,1,2,,3,2,,,2,2,01,76,3316.5772667
5361419,1,2,1,10,2,2,5,1978,42,2,6,,2,2,,2,,1,1,,1,,,,,,,,,,,,1,,,3,,,2,1,2,,3,5,,,2,5,01,76,3316.5772667
5361420,1,1,1,10,1,1,6,1997,23,1,6,,2,2,,2,,1,2,,1,1,1,,,1,,1,,,,1,1,,,3,,,2,1,2,,5,11,2,,2,11,01,76,9405.0832892
5361420,1,2,1,10,2,2,8,1998,22,2,6,,2,2,,2,,1,1,,,,,,,,1,1,,,,,1,,,3,,,2,1,2,,5,11,2,,2,11,01,76,9405.0832892
5361421,1,1,1,10,1,1,9,1961,59,1,6,,2,3,,3,,1,2,,1,1,,,,,,1,,,,1,2,1,72,,,,1,1,2,,3,2,,,2,2,01,76,3246.5374689
5361421,1,2,1,10,2,2,1,1981,40,2,6,,2,3,,2,,1,1,,,,,1,,,,1,,,,,2,1,36,,,,2,1,2,,3,4,,,2,4,01,76,3246.5374689
5361422,1,1,1,10,1,2,8,1965,55,1,6,,6,3,,3,,,,,,1,,1,,1,,,,,,1,2,1,18,,,,1,1,2,,4,6,,,2,6,01,76,3420.692882
5361423,1,1,1,10,1,2,1,1967,54,1,6,,4,2,,2,,,,,,1,,,,,,1,,,,1,1,,,1,2,72682,2,2,2,,1,0,,,2,0,01,17,1792.8171301
5361423,1,2,1,10,2,1,4,1984,36,3,6,,4,2,,1,1,,,,,,,,,,,1,,,,,2,1,72,,,,2,1,2,,3,5,,,2,5,01,17,1792.8171301
5361423,1,3,1,10,1,1,8,2016,4,5,6,,,1,4,2,,,,,,,,,,,,,,,,,1,,,1,5,,2,2,2,,1,0,,,2,0,01,17,1792.8171301
5361423,1,4,1,10,4,1,3,1970,50,9,6,,4,2,,3,,,,,,,,,,,,1,,,,,1,,,1,3,113566,2,1,2,,3,5,,,2,5,01,17,1792.8171301
5361424,1,1,1,10,1,1,5,1967,53,1,6,,3,3,,3,,1,2,,,,,,,,,,,1,,2,1,,,3,,,2,1,2,,3,3,,,2,3,01,17,1257.3655198
5361424,1,2,1,10,2,2,5,1968,52,2,6,,3,3,,2,,1,1,1,,,,,,,,1,,,,,1,,,3,,,2,1,2,,3,1,,,2,1,01,17,1257.3655198
5361424,1,3,1,10,3,2,9,1990,30,3,6,,4,1,1,1,2,,,,,,,,,,,,,1,,,1,,,1,5,,2,1,2,,3,5,,,2,5,01,17,1257.3655198
5361424,1,4,1,10,2,2,3,2009,11,4,6,,6,2,,1,3,,,,,,,,,,1,,,,,,1,,,1,5,,2,1,1,1,4,0,,,2,5,01,17,1257.3655198
5361424,1,5,1,10,2,2,5,2011,9,4,6,,,2,,1,3,,,,,,,,,,,,,,,,1,,,1,5,,2,1,1,1,3,3,,,2,3,01,17,1257.3655198
5361424,1,6,1,10,2,1,5,2017,3,4,6,,,2,,1,3,,,,,,,,,,,,,,,,1,,,1,5,,2,2,2,,1,0,,,2,0,01,17,1257.3655198
5361425,1,1,1,10,1,1,10,1980,40,1,6,,2,2,,2,,1,2,,,,,,,,,,,1,,2,2,1,12,,,,2,1,2,,3,5,,,2,5,01,17,1606.5040361
5361425,1,2,1,10,2,2,9,1995,25,2,6,,2,3,,2,,1,1,,,,,,,,,,,1,,,1,,,3,,,2,1,1,1,4,0,,,2,5,01,17,1606.5040361
5361425,1,3,1,10,2,1,7,2011,9,3,6,,,2,,1,2,,,,,,,,,,,,,,,,1,,,1,5,,2,1,1,1,3,3,,,2,3,01,17,1606.5040361
5361425,1,4,1,10,2,2,6,2004,16,9,6,,6,3,,2,,,,,,,,,,,1,,,,,,1,,,3,,,2,1,1,1,5,10,1,,2,10,01,17,1606.5040361
5361425,1,5,1,10,2,2,12,2020,0,9,6,,,2,,1,4,,,,,,,,,,,,,,,,1,,,3,,,2,,,,,,,,2,,01,17,1606.5040361
5361426,1,1,1,10,1,2,3,1988,32,1,6,,4,2,,2,,,,,,,,,,,,1,,,,2,1,,,3,,,2,1,2,,3,5,,,2,5,01,17,1396.440048
5361426,1,2,1,10,1,2,11,2006,14,3,6,,6,2,,1,1,,,,,,,,,,1,,,,,,1,,,3,,,2,1,1,1,4,6,,,2,6,01,17,1396.440048
5361426,1,3,1,10,1,2,3,2011,9,3,6,,,2,,1,1,,,,,,,,,,,,,,,,1,,,3,,,2,1,1,1,3,3,,,2,3,01,17,1396.440048
5361426,1,4,1,10,1,1,12,2016,4,3,6,,,2,,1,1,,,,,,,,,,,,,,,,1,,,3,,,2,2,2,,1,0,,,2,0,01,17,1396.440048
5361427,1,1,1,10,1,1,9,1943,77,1,6,,3,3,,3,,1,2,,,,,,,,,1,,,,1,1,,,1,2,72682,2,1,2,,3,1,,,2,1,01,17,1388.1899489
5361427,1,2,1,10,2,2,5,1952,68,2,6,,3,3,,3,,1,1,,,,,,,,,1,,,,,1,,,1,5,,2,1,2,,3,5,,,2,5,01,17,1388.1899489
5361427,1,3,1,10,3,2,1,1983,38,3,6,,6,1,1,1,2,,,,,,,,,1,,,,,,,1,,,1,3,113566,2,1,2,,6,7,5,,2,18,01,17,1388.1899489
5361427,1,4,1,10,3,2,12,2015,5,4,6,,,2,,1,3,,,,,,,,,,,,,,,,1,,,1,5,,2,2,1,1,2,0,,,2,0,01,17,1388.1899489
5361427,1,5,1,10,3,2,3,2013,7,4,6,,,2,,2,,,,,,,,,,,,,,,,,1,,,1,5,,2,1,1,1,3,2,,,2,2,01,17,1388.1899489
5361428,1,1,1,10,1,1,5,1958,62,1,6,,6,3,,3,,,,,,,,,,,,,,1,,1,2,2,,,,,2,2,2,,1,0,,,2,0,01,17,1614.4094845
5361430,1,1,1,10,1,2,1,1955,66,1,6,,5,3,,3,,,,,,,,,,,,,,1,,1,1,,,1,5,,2,1,2,,5,11,2,,2,11,01,17,1237.6303151
5361430,1,2,1,10,2,2,8,1983,37,3,6,,4,3,,1,1,,,,,,,,,,,,,1,,,1,,,1,5,,2,1,2,,5,11,2,,2,11,01,17,1237.6303151
5361430,1,3,1,10,2,2,2,2014,6,4,6,,,2,,1,2,,,,,,,,,,,,,,,,1,,,1,5,,2,1,1,1,3,1,,,2,1,01,17,1237.6303151
5361430,1,4,1,10,2,1,6,2015,5,4,6,,,2,,1,2,,,,,,,,,,,,,,,,1,,,1,5,,2,2,1,1,3,0,,,2,0,01,17,1237.6303151
5361500,1,1,1,10,1,1,6,1971,49,1,5,,3,3,,3,,1,2,,1,1,,,,,,,,,,2,1,,,3,,,2,1,2,,3,5,,,2,5,01,08,2777.0122418
5361500,1,2,1,10,2,2,10,1970,50,2,5,,3,2,,2,,1,1,,1,,,,,,,,,,,,1,,,3,,,2,1,2,,3,3,,,2,3,01,08,2777.0122418
5361500,1,3,1,10,3,1,10,1999,21,3,5,,6,1,1,1,2,,,,,,,,,,,,,1,,,1,,,3,,,2,1,2,,5,11,2,,2,11,01,08,2777.0122418
5361500,1,4,1,10,4,2,8,2002,18,3,5,,6,1,1,1,2,,,,,,,,,,,,,1,,,1,,,3,,,2,1,2,,5,11,2,,2,11,01,08,2777.0122418
5361502,1,1,1,10,1,1,12,1963,57,1,6,,3,3,,3,,1,2,,,,,,,,,,,1,,1,1,,,3,,,2,2,2,,1,0,,,2,0,01,08,2069.2583998
5361502,1,2,1,10,2,2,9,1966,54,2,6,,3,3,,2,,1,1,,,,,,,,,1,,,,,1,,,3,,,2,1,2,,3,5,,,2,5,01,08,2069.2583998
5361502,1,3,1,10,3,2,8,1990,30,3,6,,2,2,,1,2,1,4,,,,,,,,,,,1,,,1,,,1,5,,2,1,2,,6,2,3,,2,13,01,08,2069.2583998
5361502,1,4,1,10,4,1,11,1992,28,5,6,,2,2,,2,,1,3,,,,,,,,,,,1,,,1,,,1,1,37064,2,1,2,,5,11,2,,2,11,01,08,2069.2583998
5361502,1,5,1,10,3,2,1,2014,7,4,6,,,1,4,1,3,,,,,,,,,,,,,,,,1,,,1,5,,2,1,1,1,3,1,,,2,1,01,08,2069.2583998
5361503,1,1,1,10,1,2,1,1982,39,1,1,800_01,2,2,,2,,2,,,,,1,,,1,,,,,,2,1,,,1,5,,2,1,2,,6,6,3,,2,17,01,08,2739.5418506
5361503,1,2,1,10,1,1,1,2008,13,3,5,,6,2,,1,1,,,,,,,,,,1,,,,,,1,,,1,5,,2,1,1,1,4,8,,,2,8,01,08,2739.5418506
5361504,1,1,1,10,1,1,8,1973,47,1,6,,3,3,,3,,1,2,,1,1,1,,,,,1,,,,1,1,,,3,,,2,1,2,,3,5,,,2,5,01,08,2469.9326287
5361504,1,2,1,10,2,2,10,1978,42,2,6,,3,2,,2,,1,1,,,,,,,,,,,1,,,1,,,3,,,2,1,2,,5,10,1,,2,10,01,08,2469.9326287
5361504,1,3,1,10,3,2,7,1995,25,3,6,,5,1,1,1,2,,,,,,,,,,,,,1,,,1,,,3,,,2,1,2,,5,11,2,,2,11,01,08,2469.9326287
5361504,1,4,1,10,3,1,9,2015,5,4,6,,,2,,1,3,,,,,,,,,,,,,,,,1,,,3,,,2,2,1,1,2,0,,,2,0,01,08,2469.9326287
5361505,1,1,1,10,1,2,4,1966,54,1,6,,2,3,,2,,1,2,,,,1,1,,1,,,,,,2,1,,,1,2,98000,2,1,2,,5,11,2,,2,11,01,08,2512.7311676
5361505,1,2,1,10,2,1,9,1984,36,2,6,,2,2,,2,,1,1,,,,1,,,1,,,,,,,1,,,3,,,2,1,2,,3,5,,,2,5,01,08,2512.7311676
5361506,1,1,1,10,1,2,5,1979,41,1,5,,4,2,,2,,,,,,,1,,,,,,,,,1,1,,,3,,,2,1,2,,3,5,,,2,5,01,08,3003.8229248
5361506,1,2,1,10,2,1,4,1998,22,3,6,,6,2,,1,1,,,,,,,,,,,,,1,,,2,1,4,,,,2,1,2,,5,11,2,,2,11,01,08,3003.8229248
5361506,1,3,1,10,3,2,8,1999,21,3,6,,6,2,,1,1,,,,,,,,,,,,,1,,,1,,,3,,,2,1,2,,5,11,2,,2,11,01,08,3003.8229248
5361506,1,4,1,10,4,1,8,2002,18,3,6,,6,2,,1,1,,,,,,,,,,,,,1,,,1,,,3,,,2,1,2,,5,11,2,,2,11,01,08,3003.8229248
5361507,1,1,1,10,1,1,1,1996,25,1,6,,1,2,,2,,1,2,1,,,,,,,,,,,,1,1,,,2,5,,2,1,2,,6,5,4,,2,16,01,08,2780.5348305
5361507,1,2,1,10,2,2,10,1997,23,2,6,,1,2,,2,,1,1,,,,,1,,,,,,,,,1,,,1,5,,2,1,2,,6,5,4,,2,16,01,08,2780.5348305
5361508,1,1,1,10,1,1,9,1970,50,1,6,,4,3,,2,,,,,,,,,,,,,,1,,1,1,,,3,,,2,1,2,,3,3,,,2,3,01,08,3044.8159047
5361508,1,2,1,10,2,1,10,1998,22,3,6,,6,1,1,2,,,,,,,,,,,,,,1,,,1,,,3,,,2,1,2,,5,11,2,,2,11,01,08,3044.8159047
5361508,1,3,1,10,3,2,1,2003,18,3,6,,6,1,1,2,,,,,,,,,,,1,,,,,,1,,,3,,,2,1,1,1,4,9,,,2,9,01,08,3044.8159047
5361508,1,4,1,10,1,2,2,2006,14,3,6,,6,1,1,2,,,,,,,,,,,1,,,,,,1,,,3,,,2,1,1,1,4,9,,,2,9,01,08,3044.8159047
5361509,1,1,1,10,1,1,10,1963,57,1,6,,2,2,,2,,1,2,,,,,,,,,,,1,,1,1,,,3,,,2,1,2,,3,5,,,2,5,01,08,1809.0709422
5361509,1,2,1,10,2,2,2,1963,57,2,5,,2,2,,2,,1,1,,,,,,,,,,,1,,,1,,,3,,,2,1,2,,4,6,,,2,6,01,08,1809.0709422
5361509,1,3,1,10,3,1,1,1992,29,3,5,,1,1,1,1,2,2,,,,,,,,,,,,1,,,1,,,3,,,2,1,2,,5,11,2,,2,11,01,08,1809.0709422
5361510,1,1,1,10,1,2,9,1986,34,1,6,,2,2,,3,,1,2,,1,1,,,,,,,,,,1,1,,,1,5,,2,1,2,,3,4,,,2,4,01,08,3590.5280133
5361510,1,2,1,10,2,1,12,1982,38,2,6,,2,2,,3,,1,1,,1,1,1,,,,,,,,,,1,,,1,1,42000,2,1,2,,4,9,,,2,9,01,08,3590.5280133
5361510,1,3,1,10,1,1,5,2008,12,3,6,,6,1,2,1,1,,,,,,,,,,1,,,,,,1,,,1,5,,2,1,1,1,4,6,,,2,6,01,08,3590.5280133
5361510,1,4,1,10,1,2,7,2013,7,3,6,,,1,2,1,1,,,,,,,,,,,,,,,,1,,,1,5,,2,1,1,1,3,1,,,2,1,01,08,3590.5280133
5361510,1,5,1,10,1,1,6,2017,3,3,6,,,1,2,1,1,,,,,,,,,,,,,,,,1,,,1,5,,2,2,2,,1,0,,,2,0,01,08,3590.5280133
5361511,1,1,1,10,1,1,3,1975,45,1,6,,3,2,,2,,2,,,,1,1,,,,,,,,,2,1,,,3,,,2,1,2,,3,5,,,2,5,01,08,3655.7063071
5361511,1,2,1,10,1,1,11,2005,15,3,6,,6,1,1,2,,,,,,,,,,,1,,,,,,1,,,3,,,2,1,1,1,4,9,,,2,9,01,08,3655.7063071
5361511,1,3,1,10,1,1,8,2008,12,3,6,,6,1,1,2,,,,,,,,,,,1,,,,,,1,,,3,,,2,1,1,1,4,7,,,2,7,01,08,3655.7063071
5361512,1,1,1,10,1,2,9,1945,75,1,6,,5,3,,3,,,,,,,,,,,,,,1,,1,1,,,3,,,2,1,2,,3,2,,,2,2,01,08,1843.3012607
5361512,1,2,1,10,2,2,5,1972,48,3,6,,6,3,,1,1,,,,,,,,,,,,,1,,,1,,,3,,,2,1,2,,3,4,,,2,4,01,08,1843.3012607
5361512,1,3,1,10,3,1,1,1975,46,3,6,,6,3,,1,1,,,,,,,,,,,,,1,,,1,,,3,,,2,1,2,,3,4,,,2,4,01,08,1843.3012607
5361514,1,1,1,10,1,2,7,1960,60,1,5,,3,3,,2,,1,2,,,,,,,,,,,1,,1,1,,,3,,,2,1,2,,3,2,,,2,2,01,08,1652.5415196
5361514,1,2,1,10,2,1,10,1956,64,2,5,,3,3,,2,,1,1,,,,,,,,,,,1,,,1,,,3,,,2,2,2,,1,0,,,2,0,01,08,1652.5415196
5361514,1,3,1,10,3,2,5,1982,38,3,5,,6,1,2,1,1,,,,,,,,,,,,,1,,,1,,,3,,,2,1,2,,3,5,,,2,5,01,08,1652.5415196
5361514,1,4,1,10,3,1,6,2006,14,4,5,,6,2,,1,3,,,,,,,,,,1,,,,,,1,,,3,,,2,1,1,1,4,7,,,2,7,01,08,1652.5415196
5361515,1,1,1,10,1,1,1,1968,53,1,6,,3,3,,2,,2,,,,,,,,,,,,1,,1,1,,,3,,,2,2,2,,1,0,,,2,0,01,08,3197.8227386
5361515,1,2,1,10,2,1,7,1999,21,3,6,,6,1,1,2,,,,,,,,,,,,,,1,,,1,,,3,,,2,1,2,,4,7,,,2,7,01,08,3197.8227386
5361515,1,3,1,10,5,2,5,2010,10,3,6,,6,1,1,2,,,,,,,,,,,1,,,,,,1,,,3,,,2,1,1,1,4,0,,,2,5,01,08,3197.8227386
5361515,1,4,1,10,4,1,10,1993,27,3,6,,1,1,1,2,,1,5,,,,,,,,,,,1,,,1,,,3,,,2,1,2,,5,11,2,,2,11,01,08,3197.8227386
5361515,1,5,1,10,5,2,3,2003,17,5,5,,1,2,,2,,1,4,,,,,,,,,,,1,,,1,,,3,,,2,1,2,,5,11,2,,2,11,01,08,3197.8227386
5361516,1,1,1,10,1,2,12,1971,49,1,5,,4,2,,2,,,,,1,,,,,,,,,,,2,1,,,2,2,98,2,1,2,,5,13,2,1,2,13,01,08,2624.0054079
5361516,1,2,1,10,2,1,9,2000,20,3,5,,6,2,,1,1,,,,,,,,,,1,,,,,,1,,,1,5,,2,1,1,1,6,0,2,2,2,11,01,08,2624.0054079
5361516,1,3,1,10,1,2,4,2004,16,3,5,,6,2,,1,1,,,,,,,,,,1,,,,,,1,,,1,5,,2,1,2,,5,11,2,,2,11,01,08,2624.0054079
5361517,1,1,1,10,1,2,7,1957,63,1,5,,4,3,,3,,,,,,,,,,,,,,1,,1,1,,,3,,,2,1,2,,3,5,,,2,5,01,08,1371.5322197
5361517,1,2,1,10,2,1,7,1958,62,5,5,,6,3,,3,,,,,,,,,,,,,,1,,,1,,,3,,,2,1,2,,3,3,,,2,3,01,08,1371.5322197
5361517,1,3,1,10,3,2,1,1971,50,5,5,,4,3,,3,,,,,,,,,,,,,,1,,,1,,,3,,,2,1,2,,3,3,,,2,3,01,08,1371.5322197
5361517,1,4,1,10,3,2,12,2007,13,5,6,,6,2,,1,3,,,,,,,,,,1,,,,,,1,,,3,,,2,1,1,1,4,6,,,2,6,01,08,1371.5322197
5361518,1,1,1,10,1,1,10,1939,81,1,6,,3,3,,3,,1,2,,,,,,,,,,,1,,1,1,,,3,,,2,2,2,,1,0,,,2,0,01,08,1656.0641082
5361518,1,2,1,10,2,2,9,1943,77,2,6,,3,3,,3,,1,1,,,,,,,,,,,1,,,1,,,3,,,2,1,2,,3,5,,,2,5,01,08,1656.0641082
5361519,1,1,1,10,1,2,12,1951,69,1,6,,3,3,,2,,1,2,,,,,,,,,,,1,,1,1,,,3,,,2,1,2,,3,5,,,2,5,01,08,2106.8139701
5361519,1,2,1,10,2,1,1,1951,70,2,6,,3,3,,3,,1,1,,,,,,,,,,,1,,,1,,,3,,,2,1,2,,3,5,,,2,5,01,08,2106.8139701
5361519,1,3,1,10,3,1,12,1989,31,3,6,,4,1,2,1,1,,,,,,,,,,,,,1,,,1,,,3,,,2,1,2,,5,11,2,,2,11,01,08,2106.8139701
5361519,1,4,1,10,4,2,10,1992,28,4,6,,4,2,,3,,,,,,1,1,,,1,,,,,,,1,,,3,,,2,1,2,,5,11,2,,2,11,01,08,2106.8139701
5361519,1,5,1,10,4,1,6,2012,8,5,6,,,2,,1,4,,,,,,,,,,,,,,,,1,,,3,,,2,1,1,1,3,2,,,2,2,01,08,2106.8139701
5361519,1,6,1,10,4,1,9,2017,3,5,6,,,2,,1,4,,,,,,,,,,,,,,,,1,,,3,,,2,2,2,,1,0,,,2,0,01,08,2106.8139701
5361520,1,1,1,10,1,1,9,1973,47,1,5,,3,2,,2,,1,2,,,,,,,,,,,1,,1,1,,,3,,,2,1,2,,3,5,,,2,5,01,08,2754.6324869
5361520,1,2,1,10,2,2,4,1976,44,2,6,,3,2,,2,,1,1,,,,,,,,,1,,,,,1,,,3,,,2,1,2,,5,11,2,,2,11,01,08,2754.6324869
5361520,1,3,1,10,3,2,12,1997,23,3,6,,6,1,1,1,2,,,,,,1,,,1,,,,,,,1,,,3,,,2,1,2,,5,11,2,,2,11,01,08,2754.6324869
5361520,1,4,1,10,2,2,4,2012,8,3,6,,,1,1,1,2,,,,,,,,,,,,,,,,1,,,3,,,2,1,1,1,3,3,,,2,3,01,08,2754.6324869
5361521,1,1,1,10,1,2,8,1986,34,1,6,,2,2,,2,,1,2,,,,,,,,,,,1,,1,1,,,3,,,2,1,2,,5,11,2,,2,11,01,08,2892.5486845
5361521,1,2,1,10,2,1,1,1983,38,2,6,,2,3,,2,,1,1,,,,,,,,,,,1,,,1,,,3,,,2,1,2,,3,5,,,2,5,01,08,2892.5486845
5361521,1,3,1,10,3,1,10,2008,12,3,6,,6,1,2,1,1,,,,,,,,,,1,,,,,,1,,,3,,,2,1,1,1,4,6,,,2,6,01,08,2892.5486845
5361546,1,1,1,10,1,2,5,1962,58,1,6,,3,3,,3,,2,,,,,,,,,,,,1,,1,1,,,3,,,2,1,2,,3,2,,,2,2,01,08,2793.9936161
5361546,1,2,1,10,1,1,2,2005,15,3,6,,6,2,,1,1,,,,,,,,,,1,,,,,,2,2,,,,,1,1,1,1,4,6,,,2,6,01,08,2793.9936161
5361546,1,3,1,10,1,1,5,2014,6,4,6,,,2,,2,,,,,,,,,,,,,,,,,1,,,3,,,2,2,1,1,3,0,,,2,0,01,08,2793.9936161
5361547,1,1,1,10,1,2,1,1950,71,1,6,,5,3,,3,,,,,,,,,,,,1,,,,1,1,,,3,,,2,1,2,,3,3,,,2,3,01,08,2759.4657172
5361547,1,2,1,10,2,1,7,1967,53,3,6,,6,3,,1,1,,,,,,,,,,,,,1,,,1,,,3,,,2,1,2,,3,5,,,2,5,01,08,2759.4657172
5361547,1,3,1,10,1,1,10,1980,40,3,6,,4,3,,1,1,,,,,,,,,,,,,1,,,1,,,3,,,2,1,2,,4,8,,,2,8,01,08,2759.4657172
5361547,1,4,1,10,1,1,7,2002,18,4,6,,6,1,3,2,,,,,,,,,,,1,,,,,,1,,,3,,,2,1,1,1,4,9,,,2,9,01,08,2759.4657172
5361548,1,1,1,10,2,1,3,1925,95,1,5,,2,3,,3,,1,2,,,,,,,,,1,,,,1,1,,,3,,,2,1,2,,3,3,,,2,3,01,08,1656.0641082
5361548,1,2,1,10,2,2,10,1940,80,2,6,,2,3,,3,,1,1,,1,,,,,,,,,,,,1,,,3,,,2,1,2,,3,3,,,2,3,01,08,1656.0641082
5361549,1,1,1,10,1,1,11,1954,66,1,6,,4,3,,3,,,,,1,1,,,,,,,,,,2,1,,,3,,,2,2,2,,1,0,,,2,0,01,08,2167.1590336
5361549,1,2,1,10,2,2,3,1984,36,3,6,,2,1,1,2,,2,,,1,,,,,,,,,,,,1,,,3,,,2,1,2,,5,11,2,,2,11,01,08,2167.1590336
5361549,1,3,1,10,2,2,1,2011,10,4,6,,6,2,,1,2,,,,,,,,,,1,,,,,,2,1,18,,,,2,1,1,1,3,3,,,2,3,01,08,2167.1590336
5361549,1,4,1,10,2,1,6,2012,8,4,6,,,2,,1,2,,,,,,,,,,,,,,,,2,1,18,,,,2,1,1,1,3,2,,,2,2,01,08,2167.1590336
5361550,1,1,1,10,1,2,4,1940,80,1,6,,2,3,,3,,1,2,,,,,,,,,,,1,,1,1,,,3,,,2,2,2,,1,0,,,2,0,01,08,1962.0777761
5361550,1,2,1,10,2,1,8,1940,80,2,6,,2,3,,3,,1,1,,,,,,,,,,,1,,,1,,,3,,,2,2,2,,1,0,,,2,0,01,08,1962.0777761
5361550,1,3,1,10,3,1,1,1971,50,3,6,,6,1,2,1,1,,,,,,,,,,,,,1,,,1,,,3,,,2,2,2,,1,0,,,2,0,01,08,1962.0777761
5361550,1,4,1,10,4,1,7,1994,26,4,6,,6,2,,2,,,,,,,,,,,,,,1,,,1,,,3,,,2,1,2,,3,4,,,2,4,01,08,1962.0777761
5361551,1,1,1,10,1,1,12,1986,34,1,5,,2,2,,2,,1,2,,,,1,,,,,,,,,1,1,,,3,,,2,1,2,,5,10,1,,2,10,01,08,2853.2727344
5361551,1,2,1,10,2,2,10,1989,31,2,5,,2,2,,2,,1,1,,,,,,,,,,1,,MUCHO ENCIERRO,,1,,,3,,,2,1,2,,5,11,2,,2,11,01,08,2853.2727344
5361551,1,3,1,10,2,1,10,2016,4,3,6,,,1,1,1,2,,,,,,,,,,,,,,,,1,,,3,,,2,2,2,,1,0,,,2,0,01,08,2853.2727344
5361552,1,1,1,10,1,2,10,1951,69,1,6,,3,3,,3,,1,2,,1,,,,,,,,,,,1,1,,,3,,,2,1,2,,3,5,,,2,5,01,08,1656.0641082
5361552,1,2,1,10,2,1,3,1949,71,2,6,,3,3,,3,,1,1,,1,,,,,,,,,,,,1,,,3,,,2,1,2,,3,5,,,2,5,01,08,1656.0641082
5361553,1,1,1,10,1,1,8,1961,59,1,5,,3,3,,3,,1,2,,,,,,,,,,,1,,2,1,,,1,5,,2,1,2,,4,7,,,2,7,01,08,2188.8884591
5361553,1,2,1,10,2,2,4,1964,56,2,5,,3,3,,3,,1,1,1,,,,,,,,,,,,,1,,,1,1,38520,2,1,2,,6,2,3,,2,13,01,08,2188.8884591
5361553,1,3,1,10,3,1,4,1988,32,3,5,,6,1,1,1,2,,,,1,1,1,,,,,,,,,,1,,,3,,,2,1,2,,5,11,2,,2,11,01,08,2188.8884591
5361553,1,4,1,10,4,1,3,1998,22,3,5,,6,1,1,1,2,,,,,1,1,,,,,,,,,,1,,,3,,,2,1,2,,5,11,2,,2,11,01,08,2188.8884591
5361554,1,1,1,10,1,2,11,1976,44,1,5,,3,3,,2,,2,,,,,,,,,,,,1,,1,1,,,3,,,2,1,2,,5,11,2,,2,11,01,08,2624.0054079
5361554,1,2,1,10,2,2,9,2001,19,3,5,,6,2,,1,1,,,,,,,,,,,,,1,,,1,,,3,,,2,1,2,,5,11,2,,2,11,01,08,2624.0054079
5361554,1,3,1,10,1,1,2,2005,15,3,5,,6,2,,1,1,,,,,,,,,,1,,,,,,1,,,3,,,2,1,1,1,5,10,1,,2,10,01,08,2624.0054079
5361555,1,1,1,10,1,1,7,1932,88,1,6,,5,3,,3,,,,,,,,,,,,,,1,,1,1,,,3,,,2,2,2,,1,0,,,2,0,01,08,2325.4940151
5361556,1,1,1,10,1,1,2,1952,68,1,1,800_02,4,3,,3,,,,,1,,1,,,,,,,,,1,1,,,3,,,2,1,2,,4,8,,,2,8,01,08,3971.1289595
5361556,1,2,1,10,2,1,10,1996,24,3,1,800_02,6,1,1,2,,,,,,,,,,,,,,1,,,1,,,3,,,2,1,2,,5,11,2,,2,11,01,08,3971.1289595
5361556,1,3,1,10,3,1,9,1998,22,3,1,800_02,6,1,1,2,,,,,,,,,,,,,,1,,,1,,,3,,,2,1,2,,5,11,2,,2,11,01,08,3971.1289595
5361556,1,4,1,10,1,1,10,2003,17,3,1,800_02,6,1,1,2,,,,,,,,,,,1,,,,,,1,,,3,,,2,1,1,1,4,7,,,2,7,01,08,3971.1289595
5361556,1,5,1,10,1,2,10,2005,15,3,1,800_02,6,1,1,2,,,,,,,,,,,1,,,,,,1,,,3,,,2,1,1,1,4,8,,,2,8,01,08,3971.1289595
5361556,1,6,1,10,1,1,10,2007,13,3,1,800_02,6,1,1,2,,,,,,,,,,,1,,,,,,1,,,3,,,2,1,1,1,4,6,,,2,6,01,08,3971.1289595
5361556,1,7,1,10,1,2,2,2010,10,3,1,800_02,6,1,1,2,,,,,,,,,,,1,,,,,,1,,,3,,,2,1,1,1,3,4,,,2,4,01,08,3971.1289595
5361556,1,8,1,10,1,2,10,2014,6,3,1,800_02,,1,1,2,,,,,,,,,,,,,,,,,1,,,3,,,2,2,1,1,3,0,,,2,0,01,08,3971.1289595
5361557,1,1,1,10,1,1,7,1983,37,1,6,,3,2,,2,,1,2,,,,1,,,1,,,,,,1,1,,,3,,,2,1,2,,5,11,2,,2,11,01,08,2639.0960441
5361557,1,2,1,10,2,2,6,1980,40,2,5,,3,3,,2,,1,1,,,,,,,,,,,1,,,1,,,3,,,2,1,2,,5,11,2,,2,11,01,08,2639.0960441
5361557,1,3,1,10,2,2,12,2004,16,3,5,,6,1,1,2,,,,,,,,,,,1,,,,,,1,,,3,,,2,1,1,1,5,10,1,,2,10,01,08,2639.0960441
5361557,1,4,1,10,2,2,1,2007,14,3,6,,6,1,1,1,2,,,,,,,,,,1,,,,,,1,,,3,,,2,1,1,1,4,9,,,2,9,01,08,2639.0960441
5361557,1,5,1,10,2,2,1,2013,8,3,6,,,1,1,1,2,,,,,,,,,,,,,,,,1,,,3,,,2,1,1,1,3,2,,,2,2,01,08,2639.0960441
5361558,1,1,1,10,1,1,1,1957,64,1,5,,2,3,,3,,1,2,,,,1,,,,,1,,,,2,1,,,3,,,2,2,2,,1,0,,,2,0,01,08,1846.5413333
5361558,1,2,1,10,1,2,5,1956,64,2,5,,2,3,,3,,1,1,,,,,,,,,,,1,,,1,,,3,,,2,2,2,,1,0,,,2,0,01,08,1846.5413333
5361558,1,3,1,10,3,1,8,1990,30,3,5,,6,1,1,1,2,,,,,,,,,,,,,1,,,1,,,3,,,2,1,2,,5,11,2,,2,11,01,08,1846.5413333
5361558,1,4,1,10,4,1,11,1992,28,3,5,,6,1,1,1,2,,,,,,,,,,,,,1,,,2,1,60,,,,1,1,2,,4,8,,,2,8,01,08,1846.5413333
5361558,1,5,1,10,5,2,11,1999,21,4,5,,6,2,,3,,,,,,,,,,,,,,1,,,1,,,3,,,2,1,2,,5,11,2,,2,11,01,08,1846.5413333
5361559,1,1,1,10,1,1,12,1988,32,1,5,,2,2,,2,,1,2,,,,,,,,,,,1,,1,1,,,3,,,2,1,2,,5,10,1,,2,10,01,08,3947.9657753
5361559,1,2,1,10,2,2,5,1990,30,2,5,,2,2,,2,,1,1,,,,,,,,,,,1,,,1,,,3,,,2,1,2,,3,2,,,2,2,01,08,3947.9657753
5361559,1,3,1,10,2,1,1,2009,12,3,5,,6,1,1,1,2,,,,,,,,,,1,,,,,,1,,,3,,,2,1,1,1,4,6,,,2,6,01,08,3947.9657753
5361559,1,4,1,10,2,2,9,2011,9,3,5,,,1,1,1,2,,,,,,,,,,,,,,,,1,,,3,,,2,1,1,1,3,3,,,2,3,01,08,3947.9657753
5361559,1,5,1,10,2,1,9,2015,5,3,5,,,1,1,1,2,,,,,,,,,,,,,,,,1,,,3,,,2,2,1,1,2,0,,,2,0,01,08,3947.9657753
5361559,1,6,1,10,2,2,4,2017,3,3,5,,,1,1,1,2,,,,,,,,,,,,,,,,1,,,3,,,2,2,2,,1,0,,,2,0,01,08,3947.9657753
5361560,1,1,1,10,2,1,,,77,1,6,,2,3,,3,,1,2,,,,,,,,,,,1,,1,1,,,3,,,2,2,2,,1,0,,,2,0,01,08,1656.0641082
5361560,1,2,1,10,2,2,6,1952,68,2,6,,2,3,,3,,1,1,,,,,,,,,,,1,,,1,,,3,,,2,2,2,,1,0,,,2,0,01,08,1656.0641082
5361561,1,1,1,10,1,2,5,1949,71,1,6,,5,3,,3,,,,,1,1,,,,,,,,,,2,1,,,3,,,2,1,2,,3,3,,,2,3,01,08,2226.6413663
5361561,1,2,1,10,2,1,3,1979,41,3,6,,6,3,,1,1,,,,1,,,,,,,,,,,,1,,,3,,,2,1,2,,5,11,2,,2,11,01,08,2226.6413663
5361562,1,1,1,10,1,1,12,1955,65,1,6,,1,3,,2,,1,2,,,,,,,,,,,1,,1,1,,,3,,,2,1,2,,3,3,,,2,3,01,08,1942.1539095
5361562,1,2,1,10,2,2,11,1980,40,2,6,,1,2,,3,,1,1,,,,,,,,,,,1,,,1,,,3,,,2,1,2,,3,4,,,2,4,01,08,1942.1539095
5361563,1,1,1,10,1,1,1,1947,74,1,6,,2,3,,3,,1,2,,,,,,,,,,,1,,2,1,,,3,,,2,2,2,,1,0,,,2,0,01,08,1809.0709422
5361563,1,2,1,10,2,2,8,1955,65,2,6,,2,3,,3,,1,1,,,,,,,,,,,1,,,1,,,3,,,2,2,2,,1,0,,,2,0,01,08,1809.0709422
5361563,1,3,1,10,3,1,8,1985,35,3,5,,6,2,,1,2,,,,,,,,,,,,,1,,,1,,,3,,,2,2,2,,1,0,,,2,0,01,08,1809.0709422
5361564,1,1,1,10,1,2,5,1982,38,1,6,,2,3,,2,,2,,,1,,,,,,,,,,,1,2,2,,,,,1,1,2,,4,8,,,2,8,01,08,2359.7243337
5361565,1,1,1,10,1,2,6,1986,34,1,6,,2,2,,2,,1,2,,,,,,,,,,,1,,2,1,,,3,,,2,1,2,,4,8,,,2,8,01,08,3629.8039635
5361565,1,2,1,10,2,1,7,1978,42,2,6,,2,3,,2,,1,1,,1,,,,,,,,,,,,2,1,96,,,,2,1,2,,4,7,,,2,7,01,08,3629.8039635
5361565,1,3,1,10,1,1,12,2006,14,3,6,,6,1,2,1,1,,,,,,,,,,1,,,,,,1,,,3,,,2,1,1,1,4,0,,,2,5,01,08,3629.8039635
5361565,1,4,1,10,1,1,6,2009,11,3,6,,6,1,2,1,1,,,,,,,,,,1,,,,,,1,,,3,,,2,1,1,1,3,3,,,2,3,01,08,3629.8039635
5361565,1,5,1,10,1,2,2,2019,1,3,6,,,1,2,1,1,,,,,,,,,,,,,,,,1,,,3,,,2,,,,,,,,2,,01,08,3629.8039635
5361566,1,1,1,10,1,1,11,1973,47,1,6,,2,3,,2,,1,2,,,,,,,,,,,1,,1,1,,,3,,,2,1,2,,3,3,,,2,3,01,08,2853.2727344
5361566,1,2,1,10,2,2,4,1970,50,2,6,,2,2,,3,,1,1,,,,,,,,,,,1,,,1,,,3,,,2,1,2,,3,3,,,2,3,01,08,2853.2727344
5361566,1,3,1,10,2,1,1,2012,9,3,6,,,1,1,1,2,,,,,,,,,,,,,,,,1,,,3,,,2,1,1,1,3,3,,,2,3,01,08,2853.2727344
5361567,1,1,1,10,1,1,2,1961,59,1,6,,2,3,,3,,2,,,,,,,,,,,,1,,2,1,,,3,,,2,1,2,,3,5,,,2,5,01,08,2325.4940151
5361568,1,1,1,10,1,1,7,1962,58,1,5,,3,2,,3,,1,2,,,,,,,,,,,1,,1,1,,,3,,,2,1,2,,3,1,,,2,1,01,08,1656.0641082
5361568,1,2,1,10,2,2,8,1965,55,2,6,,3,3,,3,,1,1,,,,,,,,,,,1,,,1,,,3,,,2,1,2,,5,10,1,,2,10,01,08,1656.0641082
5361569,1,1,1,10,1,1,1,1973,48,1,6,,2,2,,3,,1,2,,1,1,,,,,,,,,,2,1,,,3,,,2,1,2,,3,3,,,2,3,01,08,2512.7311676
5361569,1,2,1,10,2,2,5,1972,48,2,6,,2,2,,2,,1,1,,,,,,,,,,,1,,,1,,,3,,,2,2,2,,1,0,,,2,0,01,08,2512.7311676
5361570,1,1,1,10,1,1,12,1993,27,1,6,,2,2,,2,,1,2,,,,,,,,,,,1,,1,1,,,3,,,2,1,2,,3,2,,,2,2,01,08,3227.6066916
5361570,1,2,1,10,2,2,1,1993,28,2,5,,2,3,,2,,1,1,,,,,,,,,,,1,,,1,,,3,,,2,1,2,,4,8,,,2,8,01,08,3227.6066916
5361570,1,3,1,10,2,2,5,2013,7,3,6,,,1,1,1,2,,,,,,,,,,,,,,,,1,,,3,,,2,1,1,1,3,1,,,2,1,01,08,3227.6066916
5361570,1,4,1,10,2,2,3,2019,1,3,6,,,1,1,1,2,,,,,,,,,,,,,,,,1,,,3,,,2,,,,,,,,2,,01,08,3227.6066916
5361571,1,1,1,10,1,1,5,1993,27,1,6,,2,2,,3,,1,2,,,,,,,,,,,1,,2,1,,,3,,,2,2,2,,1,0,,,2,0,01,08,3819.0557261
5361571,1,2,1,10,2,2,3,2000,20,2,6,,2,2,,3,,1,1,,,,,,,,,,,1,,,1,,,3,,,2,1,2,,3,5,,,2,5,01,08,3819.0557261
5361571,1,3,1,10,2,1,4,2016,4,3,6,,,1,1,1,2,,,,,,,,,,,,,,,,1,,,3,,,2,2,2,,1,0,,,2,0,01,08,3819.0557261
5361571,1,4,1,10,2,2,1,2019,2,3,6,,,1,1,1,2,,,,,,,,,,,,,,,,1,,,3,,,2,,,,,,,,2,,01,08,3819.0557261
5361571,1,5,1,10,2,1,3,2012,8,5,6,,,2,,3,,,,,,,,,,,,,,,,,1,,,3,,,2,2,1,1,3,0,,,2,0,01,08,3819.0557261
5361574,1,1,1,10,1,1,1,1940,81,1,6,,2,3,,3,,1,2,,,,,,,,,,,1,,1,1,,,3,,,2,2,2,,1,0,,,2,0,01,13,1284.0623925
5361574,1,2,1,10,2,2,3,1944,76,2,6,,2,3,,3,,1,1,,,,,,,,,,,1,,,1,,,3,,,2,2,2,,1,0,,,2,0,01,13,1284.0623925
5361574,1,3,1,10,3,1,5,1969,51,3,6,,6,1,1,1,2,,,,,,,,,,,,,1,,,1,,,3,,,2,2,2,,1,0,,,2,0,01,13,1284.0623925
5361574,1,4,1,10,4,1,10,1981,39,3,6,,6,1,1,1,2,,,,,,,,,,,,,1,,,1,,,3,,,2,1,2,,5,11,2,,2,11,01,13,1284.0623925
5361574,1,5,1,10,5,2,10,1985,35,3,6,,4,1,1,1,2,,,,,,,,,,,,,1,,,1,,,3,,,2,1,2,,3,3,,,2,3,01,13,1284.0623925
5361574,1,6,1,10,5,1,9,2009,11,4,6,,6,2,,1,5,,,,,,,,,,1,,,,,,1,,,3,,,2,1,1,1,3,4,,,2,4,01,13,1284.0623925
5361574,1,7,1,10,5,1,12,2010,10,4,6,,6,2,,1,5,,,,,,,,,,1,,,,,,1,,,3,,,2,1,1,1,3,3,,,2,3,01,13,1284.0623925
5361575,1,1,1,10,1,2,11,1953,67,1,6,,5,3,,3,,,,,,,,,,,,,,1,,1,1,,,3,,,2,1,2,,4,7,,,2,7,01,13,1222.7077551
5361575,1,2,1,10,2,1,8,1984,36,3,6,,4,3,,1,1,,,,,,,,,,,,,1,,,1,,,3,,,2,1,2,,3,5,,,2,5,01,13,1222.7077551
5361576,1,1,1,10,1,2,7,1935,85,1,6,,4,3,,3,,,,,,,,,,,,,,1,,1,1,,,3,,,2,2,2,,1,0,,,2,0,01,13,1272.2417798
5361576,1,2,1,10,2,2,8,1958,62,3,6,,4,3,,1,1,,,,,,,,,,,,,1,,,1,,,3,,,2,1,2,,3,3,,,2,3,01,13,1272.2417798
5361576,1,3,1,10,3,1,10,1978,42,4,6,,4,3,,1,2,,,,,,,,,,,,,1,,,2,1,12,,,,2,1,2,,5,11,2,,2,11,01,13,1272.2417798
5361576,1,4,1,10,3,1,11,2002,18,5,6,,6,1,3,2,,,,,,,,,,,1,,,,,,1,,,3,,,2,1,1,1,6,0,2,2,2,11,01,13,1272.2417798
5361576,1,5,1,10,3,1,12,2009,11,5,6,,6,1,3,2,,,,,,,,,,,1,,,,,,1,,,3,,,2,1,1,1,4,0,,,2,5,01,13,1272.2417798
5361579,1,1,1,10,1,1,2,1954,66,1,6,,6,3,,3,,,,,,,,,,,,,,1,,2,2,9,,,,,2,1,2,,3,4,,,2,4,01,13,1276.9903631
5361581,1,1,1,10,1,2,3,1965,55,1,6,,4,2,,3,,,,,,,,,,,,,,1,,1,1,,,3,,,2,1,2,,3,5,,,2,5,01,13,1075.2435286
5361581,1,2,1,10,2,2,1,2000,21,3,6,,6,2,,1,1,,,,,,,,,,,,,1,,,1,,,3,,,2,1,2,,5,11,2,,2,11,01,13,1075.2435286
5361582,1,1,1,10,1,1,10,1987,33,1,6,,6,2,,2,,,,,,,1,,,,,,,,,1,1,,,3,,,2,1,2,,3,4,,,2,4,01,13,1590.3094494
5361583,1,1,1,10,2,2,6,1952,68,1,6,,4,3,,3,,,,,,,,,,,,,,1,,1,1,,,3,,,2,1,2,,3,2,,,2,2,01,13,1510.7540926
5361583,1,2,1,10,2,2,2,1974,46,3,6,,4,2,,1,1,,,,,,,,,,,,,1,,,1,,,3,,,2,1,2,,5,11,2,,2,11,01,13,1510.7540926
5361583,1,3,1,10,2,1,6,2008,12,4,6,,6,2,,1,2,,,,,,,,,,1,,,,,,1,,,3,,,2,1,1,1,4,0,,,2,5,01,13,1510.7540926
5361583,1,4,1,10,2,1,11,2015,5,4,6,,,2,,1,2,,,,,,,,,,,,,,,,1,,,3,,,2,2,1,1,2,0,,,2,0,01,13,1510.7540926
5361583,1,5,1,10,2,1,10,2015,5,4,6,,,2,,2,,,,,,,,,,,,,,,,,2,1,12,,,,1,2,1,1,2,0,,,2,0,01,13,1510.7540926
5361584,1,1,1,10,1,2,9,1946,74,1,6,,5,3,,3,,,,,,,,,,,,,,1,,2,1,,,3,,,2,1,2,,3,3,,,2,3,01,13,993.40877433
5361584,1,2,1,10,2,1,11,1963,57,3,6,,6,3,,1,1,,,,,,,1,,,,,,,,,1,,,3,,,2,1,2,,4,8,,,2,8,01,13,993.40877433
5361584,1,3,1,10,3,1,12,1971,49,3,6,,6,3,,1,1,,,,,,1,,,,,,,,,,1,,,3,,,2,1,2,,5,11,2,,2,11,01,13,993.40877433
5361585,1,1,1,10,4,1,8,1967,53,1,6,,5,3,,3,,,,,,,,,,,,1,,,,2,1,,,1,1,57000,2,1,2,,6,3,3,,2,14,01,13,1694.9055392
5361585,1,2,1,10,4,1,10,1989,31,3,6,,6,1,1,3,,,,,,,,,,1,,,,,,,2,2,,,,,2,1,2,,6,5,4,,2,16,01,13,1694.9055392
5361585,1,3,1,10,4,1,12,1993,27,3,6,,6,1,1,3,,,,,,,,1,,,,,,,,,2,1,36,,,,2,1,2,,6,5,4,,2,16,01,13,1694.9055392
5361585,1,4,1,10,4,2,12,1996,24,3,6,,6,1,1,3,,,,,,,,,,,,,1,,NO HA PODIDO REALIZAR PRACTICAS PROFESIONALES PARA GRADUARSE,,2,1,24,,,,1,1,2,,6,5,2,2,2,16,01,13,1694.9055392
5361586,1,1,1,10,1,2,3,1983,37,1,6,,4,2,,2,,,,,,,1,,,,,,,,,1,1,,,3,,,2,1,2,,6,5,4,,2,16,01,13,1679.0660757
5361586,1,2,1,10,1,1,5,2012,8,3,6,,,2,,1,1,,,,,,,,,,,,,,,,1,,,3,,,2,1,1,1,3,2,,,2,2,01,13,1679.0660757
5361586,1,3,1,10,1,2,2,2016,4,3,6,,,2,,1,1,,,,,,,,,,,,,,,,1,,,3,,,2,2,1,1,2,0,,,2,0,01,13,1679.0660757
5361588,1,1,1,10,1,1,7,1954,66,1,5,,2,3,,3,,2,,,,,,,,,,1,,,,1,1,,,3,,,2,1,2,,4,8,,,2,8,01,13,1276.9903631
5361589,1,1,1,10,1,1,2,1976,44,1,6,,2,2,,2,,1,2,,,,1,,,,,1,,,,1,1,,,3,,,2,2,2,,1,0,,,2,0,01,13,1398.0427393
5361589,1,2,1,10,2,2,4,1981,39,2,6,,2,3,,2,,1,1,,,,,,,,,1,,,,,1,,,3,,,2,1,2,,3,5,,,2,5,01,13,1398.0427393
5361589,1,3,1,10,3,2,9,2001,19,3,6,,6,2,,1,2,,,,,,1,1,,1,1,1,,,,,1,,,3,,,2,1,1,1,6,0,2,2,2,11,01,13,1398.0427393
5361589,1,4,1,10,4,2,1,2003,18,3,6,,6,1,1,1,2,,,,,,,,,,1,,,,,,1,,,3,,,2,1,1,1,5,10,1,,2,10,01,13,1398.0427393
5361589,1,5,1,10,2,2,11,2004,16,3,6,,6,1,1,1,2,,,,,,,,,,1,,,,,,1,,,3,,,2,1,1,1,4,8,,,2,8,01,13,1398.0427393
5361589,1,6,1,10,2,1,11,2006,14,3,6,,6,1,1,1,2,,,,,,,,,,1,,,,,,1,,,3,,,2,1,1,1,3,4,,,2,4,01,13,1398.0427393
5361590,1,1,1,10,1,1,10,1954,66,1,6,,2,3,,3,,1,2,,,,1,,,,,,,,,1,1,,,3,,,2,1,2,,4,6,,,2,6,01,13,1201.9766338
5361590,1,2,1,10,2,2,3,1959,61,2,6,,2,3,,2,,1,1,,,,,,,,,,,1,,,1,,,3,,,2,1,2,,3,2,,,2,2,01,13,1201.9766338
5361590,1,3,1,10,1,1,12,1990,30,3,6,,6,1,1,1,2,,,,,,,,,,,,,1,,,1,,,3,,,2,2,2,,1,0,,,2,0,01,13,1201.9766338
5361590,1,4,1,10,1,1,1,2000,20,3,6,,6,1,1,1,2,,,,,,,,,,,,,1,,,1,,,3,,,2,2,2,,1,0,,,2,0,01,13,1201.9766338
5361592,1,1,1,10,1,1,2,1984,36,1,6,,2,2,,2,,1,2,,,,,,,,,,,1,,2,1,,,3,,,2,1,2,,5,11,2,,2,11,01,13,1775.3754975
5361592,1,2,1,10,2,2,12,1988,32,2,6,,2,2,,2,,1,1,,,,,,,,,,,1,,,1,,,3,,,2,1,2,,5,11,2,,2,11,01,13,1775.3754975
5361592,1,3,1,10,2,1,10,2008,12,3,6,,6,1,1,1,2,,,,,,,,,,1,,,,,,1,,,3,,,2,1,1,1,4,7,,,2,7,01,13,1775.3754975
5361592,1,4,1,10,2,1,8,2013,7,3,6,,,1,1,1,2,,,,,,,,,,,,,,,,1,,,3,,,2,2,1,1,3,1,,,2,1,01,13,1775.3754975
5361593,1,1,1,10,1,1,2,1952,68,1,6,,4,3,,2,,,,,,,,,,,,,,1,,1,1,,,3,,,2,2,2,,1,0,,,2,0,01,13,1407.8904384
5361593,1,2,1,10,2,2,2,1988,32,3,6,,4,1,1,2,,,,,,,,,,1,,,,,,,1,,,3,,,2,1,2,,3,3,,,2,3,01,13,1407.8904384
5361593,1,3,1,10,2,1,10,2008,12,4,6,,6,2,,1,2,,,,,,,,,,1,,,,,,1,,,3,,,2,1,1,1,4,7,,,2,7,01,13,1407.8904384
5361593,1,4,1,10,2,2,10,2008,12,4,6,,6,2,,1,2,,,,,,,,,,1,,,,,,1,,,3,,,1,1,1,1,3,4,,,2,4,01,13,1407.8904384
5361593,1,5,1,10,2,2,1,2015,5,4,6,,,2,,1,2,,,,,,,,,,,,,,,,1,,,3,,,2,2,1,1,2,0,,,2,0,01,13,1407.8904384
5361594,1,1,1,10,2,1,11,1971,49,1,6,,2,3,,2,,1,2,,,,1,,,,,,,,,1,1,,,3,,,2,1,2,,4,6,,,2,6,01,13,1314.4287753
5361594,1,2,1,10,2,2,10,1973,47,2,6,,2,3,,2,,1,1,,,,,,,,,,,1,,,1,,,3,,,2,1,2,,4,6,,,2,6,01,13,1314.4287753
5361594,1,3,1,10,3,2,3,1995,25,3,6,,6,1,1,1,2,,,,,,,,,,,,,1,,,1,,,3,,,2,1,2,,6,3,2,2,2,14,01,13,1314.4287753
5361594,1,4,1,10,4,1,2,2000,20,3,6,,6,1,1,1,2,,,,,,,,,,1,,,,,,1,,,3,,,2,1,1,1,6,2,2,2,2,13,01,13,1314.4287753
5361594,1,5,1,10,5,2,4,2001,19,3,6,,6,1,1,1,2,,,,,,,,,,1,,,,,,1,,,3,,,2,1,1,1,6,0,2,2,2,11,01,13,1314.4287753
5361595,1,1,1,10,1,1,7,1947,73,1,6,,4,3,,2,,,,,1,,1,,,,,1,,,,1,1,,,3,,,2,2,2,,1,0,,,2,0,01,13,1276.9903631
5361596,1,1,1,10,1,1,7,1969,51,1,6,,2,2,,3,,1,2,,,,1,,,,,1,,,,1,1,,,3,,,2,2,2,,1,0,,,2,0,01,13,1379.8072432
5361596,1,2,1,10,2,2,12,1968,52,2,6,,2,2,,3,,1,1,,,,,,,,,1,,,,,1,,,3,,,2,1,2,,5,11,2,,2,11,01,13,1379.8072432
5361597,1,1,1,10,1,1,5,1991,29,1,5,,2,2,,2,,1,2,,,,,,,,,1,,,,1,1,,,3,,,2,1,2,,3,5,,,2,5,01,13,1895.9206033
5361597,1,2,1,10,2,2,10,1986,34,2,5,,2,2,,2,,1,1,,,,,,,,,1,,,,,1,,,3,,,2,1,2,,5,11,2,,2,11,01,13,1895.9206033
5361597,1,3,1,10,3,2,3,2006,14,3,5,,6,1,1,1,2,,,,,,,,,,1,,,,,,1,,,3,,,2,1,1,1,4,9,,,2,9,01,13,1895.9206033
5361597,1,4,1,10,2,2,1,2012,9,3,5,,,1,1,1,2,,,,,,,,,,,,,,,,1,,,3,,,2,1,1,1,3,2,,,2,2,01,13,1895.9206033
5361597,1,5,1,10,2,2,5,2013,7,3,5,,,1,1,1,2,,,,,,,,,,,,,,,,1,,,3,,,2,2,1,1,3,0,,,2,0,01,13,1895.9206033
5361597,1,6,1,10,2,1,7,2020,0,3,5,,,1,1,1,2,,,,,,,,,,,,,,,,1,,,3,,,2,,,,,,,,2,,01,13,1895.9206033
5361600,1,1,1,10,1,1,5,1974,46,1,6,,3,3,,3,,1,2,,,,1,,,,,,,,,1,1,,,3,,,2,1,2,,3,5,,,2,5,01,13,1334.5986182
5361600,1,2,1,10,2,2,2,1974,46,2,6,,3,2,,2,,1,1,,,,1,,,,,,,,,,1,,,3,,,2,1,2,,5,11,2,,2,11,01,13,1334.5986182
5361600,1,3,1,10,2,2,5,2003,17,3,6,,6,1,1,1,2,,,,,,,,,,1,,,,,,1,,,3,,,2,1,2,,5,11,2,,2,11,01,13,1334.5986182
5361600,1,4,1,10,2,2,7,2005,15,3,6,,6,1,1,1,2,,,,,,,,,,1,,,,,,1,,,3,,,2,1,1,1,4,9,,,2,9,01,13,1334.5986182
5361600,1,5,1,10,2,2,10,2006,14,3,6,,6,1,1,1,2,,,,,,,,,,1,,,,,,1,,,3,,,2,1,1,1,4,8,,,2,8,01,13,1334.5986182
5361600,1,6,1,10,6,1,2,1998,22,3,6,,1,1,1,1,2,1,7,,,,,,,1,,,,,,,1,,,3,,,2,1,2,,5,11,2,,2,11,01,13,1334.5986182
5361600,1,7,1,10,7,2,7,1999,21,5,6,,1,2,,2,,1,6,,,,,,,1,,,,,,,1,,,3,,,2,1,2,,5,11,2,,2,11,01,13,1334.5986182
5361601,1,1,1,10,1,1,6,1989,31,1,6,,2,2,,2,,1,2,,,,1,,,,,1,,,,1,1,,,3,,,2,1,2,,5,11,2,,2,11,01,13,1919.4224146
5361601,1,2,1,10,2,2,9,2001,19,2,6,,2,2,,2,,1,1,,,,,,,,,1,,,,,1,,,3,,,2,1,2,,3,5,,,2,5,01,13,1919.4224146
5361601,1,3,1,10,2,2,3,2017,3,3,6,,,1,1,1,2,,,,,,,,,,,,,,,,1,,,3,,,2,2,2,,1,0,,,2,0,01,13,1919.4224146
5361601,1,4,1,10,2,2,11,2018,2,3,6,,,1,1,1,2,,,,,,,,,,,,,,,,1,,,3,,,2,,,,,,,,2,,01,13,1919.4224146
5361602,1,1,1,10,1,1,5,1964,56,1,6,,4,3,,3,,,,,,1,1,,,,,1,,,,1,1,,,3,,,2,2,2,,1,0,,,2,0,01,13,1276.9903631
5361603,1,1,1,10,1,1,11,1966,54,1,5,,3,3,,2,,1,2,,,,1,,,,,1,,,,1,1,,,3,,,2,1,2,,3,5,,,2,5,01,13,2372.4977951
5361603,1,2,1,10,2,2,2,1978,42,2,5,,3,2,,2,,1,1,,,,,,,,,1,,,,,1,,,3,,,2,1,2,,3,5,,,2,5,01,13,2372.4977951
5361603,1,3,1,10,3,1,3,1995,25,3,5,,6,1,1,1,2,,,,,,1,1,,,,1,,,,,1,,,3,,,2,1,2,,5,11,2,,2,11,01,13,2372.4977951
5361603,1,4,1,10,4,2,2,2006,14,3,5,,6,1,1,1,2,,,,,,,,,,1,,,,,,1,,,3,,,2,1,1,1,4,9,,,2,9,01,13,2372.4977951
5361603,1,5,1,10,2,2,5,2011,9,3,5,,,1,1,1,2,,,,,,,,,,,,,,,,1,,,3,,,2,1,1,1,3,3,,,2,3,01,13,2372.4977951
5361603,1,6,1,10,2,2,2,2013,8,3,5,,,1,1,1,2,,,,,,,,,,,,,,,,1,,,3,,,2,1,1,1,3,1,,,2,1,01,13,2372.4977951
5361603,1,7,1,10,2,2,12,2014,6,3,5,,,1,1,1,2,,,,,,,,,,,,,,,,1,,,3,,,2,2,2,,1,0,,,2,0,01,13,2372.4977951
5361603,1,8,1,10,2,1,9,2016,4,3,5,,,1,1,1,2,,,,,,,,,,,,,,,,1,,,3,,,2,2,2,,1,0,,,2,0,01,13,2372.4977951
5361603,1,9,1,10,2,2,10,2019,1,3,5,,,1,1,1,2,,,,,,,,,,,,,,,,1,,,3,,,2,,,,,,,,2,,01,13,2372.4977951
5361604,1,1,1,10,1,1,11,1954,66,1,5,,2,3,,3,,1,2,,,,,,,,,1,,,,1,1,,,3,,,2,1,2,,3,5,,,2,5,01,13,1450.0806615
5361604,1,2,1,10,2,2,11,1958,62,2,5,,2,2,,3,,1,1,,,,,,,,,1,,,,,1,,,3,,,2,1,2,,3,3,,,2,3,01,13,1450.0806615
5361604,1,3,1,10,3,2,6,2004,16,4,5,,6,2,,2,,,,,,,,,,,1,,,,,,1,,,3,,,2,1,1,1,4,8,,,2,8,01,13,1450.0806615
5361604,1,4,1,10,2,1,10,2008,12,4,5,,6,2,,2,,,,,,,,,,,1,,,,,,1,,,3,,,2,1,1,1,3,4,,,2,4,01,13,1450.0806615
5361604,1,5,1,10,2,1,1,2014,7,4,5,,,2,,2,,,,,,,,,,,,,,,,,1,,,3,,,2,2,2,,1,0,,,2,0,01,13,1450.0806615
5361604,1,6,1,10,6,1,11,2001,19,8,5,,6,2,,2,,,,,,,,,,,1,,,,,,1,,,3,,,2,1,2,,4,8,,,2,8,01,13,1450.0806615
5361605,1,1,1,10,1,1,2,1963,57,1,5,,2,3,,2,,1,2,,,,,,,,,1,,,,1,1,,,3,,,2,1,2,,3,5,,,2,5,01,13,1866.9028138
5361605,1,2,1,10,2,2,9,1989,31,2,5,,2,2,,2,,1,1,,,,,,,,,,,1,,,1,,,3,,,2,1,2,,3,5,,,2,5,01,13,1866.9028138
5361605,1,3,1,10,2,1,9,2008,12,3,5,,6,1,1,1,2,,,,,,,,,,1,,,,,,1,,,3,,,2,1,2,,3,3,,,2,3,01,13,1866.9028138
5361605,1,4,1,10,2,2,6,2011,9,3,5,,,1,1,1,2,,,,,,,,,,,,,,,,1,,,3,,,2,1,2,,3,2,,,2,2,01,13,1866.9028138
5361605,1,5,1,10,2,1,8,2015,5,3,5,,,1,1,1,2,,,,,,,,,,,,,,,,1,,,3,,,2,2,2,,1,0,,,2,0,01,13,1866.9028138
5361605,1,6,1,10,6,1,5,2004,16,8,5,,6,1,1,2,,,,,,,,,,,,,,1,,,1,,,3,,,2,1,2,,4,7,,,2,7,01,13,1866.9028138
5361606,1,1,1,10,1,1,7,1980,40,1,6,,2,3,,2,,1,2,,,1,1,,,,,1,,,,1,1,,,3,,,2,1,2,,3,5,,,2,5,01,13,1721.2095247
5361606,1,2,1,10,2,2,10,1985,35,2,6,,2,2,,2,,1,1,,,1,1,,,,,1,,,,,1,,,3,,,2,1,2,,4,8,,,2,8,01,13,1721.2095247
5361606,1,3,1,10,3,1,11,2002,18,3,6,,6,1,1,1,2,,,,,,,,,,,,,1,,,1,,,3,,,2,1,2,,5,11,2,,2,11,01,13,1721.2095247
5361606,1,4,1,10,2,2,10,2006,14,3,6,,6,1,1,1,2,,,,,,,,,,1,,,,,,1,,,3,,,2,1,1,1,4,8,,,2,8,01,13,1721.2095247
5361606,1,5,1,10,2,2,3,2013,7,3,6,,,1,1,1,2,,,,,,,,,,,,,,,,1,,,3,,,2,1,1,1,3,2,,,2,2,01,13,1721.2095247
5361607,1,1,1,10,1,1,12,1972,48,1,6,,1,2,,2,,1,2,,,,,,,,,1,,,,2,1,,,1,1,40000,2,1,2,,5,11,2,,2,11,01,13,1566.807638
5361607,1,2,1,10,2,2,4,1992,28,2,6,,1,2,,2,,1,1,,,,,,,,,1,,,,,1,,,3,,,2,1,2,,5,11,2,,2,11,01,13,1566.807638
5361607,1,3,1,10,2,1,11,2012,8,3,6,,,2,,1,2,,,,,,,,,,,,,,,,1,,,3,,,2,1,1,1,3,0,,,2,0,01,13,1566.807638
5361608,1,1,1,10,1,1,6,1992,28,1,5,,2,2,,3,,1,2,,,,1,,,,,1,,,,1,1,,,3,,,2,1,2,,3,4,,,2,4,01,13,1543.0653487
5361608,1,2,1,10,2,2,11,1993,27,2,5,,2,2,,3,,1,1,,,,,,,,,1,,,,,1,,,3,,,2,1,2,,5,11,2,,2,11,01,13,1543.0653487
5361608,1,3,1,10,2,2,5,2015,5,3,5,,,1,1,1,2,,,,,,,,,,,,,,,,1,,,3,,,2,2,1,1,2,0,,,2,0,01,13,1543.0653487
5361608,1,4,1,10,2,2,11,2016,4,3,5,,,1,1,1,2,,,,,,,,,,,,,,,,1,,,3,,,2,2,2,,1,0,,,2,0,01,13,1543.0653487
5361608,1,5,1,10,2,1,6,1952,68,5,5,,6,3,,3,,,,,,,,,,,,,,1,,,1,,,3,,,2,2,2,,1,0,,,2,0,01,13,1543.0653487
5361609,1,1,1,10,1,1,1,1958,63,1,6,,2,2,,3,,1,2,,,1,1,,,,,1,,,,1,1,,,3,,,2,1,2,,3,5,,,2,5,01,13,1356.7356336
5361609,1,2,1,10,2,2,8,1977,43,2,6,,2,2,,2,,1,1,,,,,,,,,1,,,,,1,,,3,,,2,1,2,,3,2,,,2,2,01,13,1356.7356336
5361609,1,3,1,10,3,1,8,1996,24,3,6,,6,2,,1,2,,,,,1,1,,,,,1,,,,,1,,,3,,,2,1,2,,4,8,,,2,8,01,13,1356.7356336
5361609,1,4,1,10,4,1,2,2000,20,3,6,,6,1,1,1,2,,,,,,,,,,,1,,,,,1,,,3,,,2,1,2,,5,11,2,,2,11,01,13,1356.7356336
5361609,1,5,1,10,2,2,3,2005,15,3,6,,6,1,1,1,2,,,,,,,,,,1,,,,,,1,,,3,,,2,1,1,1,5,10,1,,2,10,01,13,1356.7356336
5361609,1,6,1,10,6,2,11,2001,19,3,6,,1,1,1,1,2,2,,,,,,,,,,1,,,,,1,,,3,,,2,1,2,,5,11,2,,2,11,01,13,1356.7356336
5361610,1,1,1,10,1,1,2,1964,56,1,6,,2,2,,2,,1,2,,,,1,,,,,1,,,,1,1,,,3,,,2,1,2,,3,4,,,2,4,01,13,1150.5082624
5361610,1,2,1,10,2,2,4,1967,53,2,6,,2,2,,3,,1,1,,,,1,,,,,1,,,,,1,,,3,,,2,1,2,,3,2,,,2,2,01,13,1150.5082624
5361610,1,3,1,10,3,1,12,1994,26,3,6,,6,1,1,1,2,,,,,1,1,1,,1,,1,,,,,1,,,3,,,2,1,2,,5,11,2,,2,11,01,13,1150.5082624
5361611,1,1,1,10,1,1,11,1978,42,1,6,,2,2,,2,,1,2,,,1,1,,,,,1,,,,1,1,,,3,,,2,1,2,,3,5,,,2,5,01,13,2398.0679079
5361611,1,2,1,10,2,2,11,1984,36,2,6,,2,2,,2,,1,1,,,,,,,,,1,,,,,1,,,3,,,2,1,2,,3,3,,,2,3,01,13,2398.0679079
5361611,1,3,1,10,2,1,10,2003,17,3,6,,6,1,1,1,2,,,,,,,,,,1,,,,,,1,,,3,,,2,1,1,1,5,10,1,,2,10,01,13,2398.0679079
5361611,1,4,1,10,2,1,2,2007,13,3,6,,6,1,1,1,2,,,,,,,,,,1,,,,,,1,,,3,,,2,1,1,1,4,7,,,2,7,01,13,2398.0679079
5361611,1,5,1,10,2,1,6,2010,10,3,6,,6,1,1,1,2,,,,,,,,,,1,,,,,,1,,,3,,,2,1,1,1,3,4,,,2,4,01,13,2398.0679079
5361611,1,6,1,10,2,2,12,2011,9,3,6,,,1,1,1,2,,,,,,,,,,,,,,,,1,,,3,,,2,1,1,1,3,3,,,2,3,01,13,2398.0679079
5361611,1,7,1,10,2,2,11,2020,0,3,6,,,1,1,1,2,,,,,,,,,,,,,,,,1,,,3,,,2,,,,,,,,2,,01,13,2398.0679079
5361612,1,1,1,10,1,1,9,1988,32,1,6,,2,2,,2,,1,2,,,1,1,,,,,1,,,,1,1,,,3,,,2,1,2,,5,11,2,,2,11,01,13,1959.3647244
5361612,1,2,1,10,2,2,12,1989,31,2,6,,2,2,,2,,1,1,,,,,,,,,1,,,,,1,,,3,,,2,1,2,,4,9,,,2,9,01,13,1959.3647244
5361612,1,3,1,10,2,2,10,2011,9,3,6,,,1,1,1,2,,,,,,,,,,,,,,,,1,,,3,,,2,1,1,1,3,4,,,2,4,01,13,1959.3647244
5361612,1,4,1,10,2,2,8,2014,6,3,6,,,1,1,1,2,,,,,,,,,,,,,,,,1,,,3,,,2,1,1,1,3,0,,,2,0,01,13,1959.3647244
5361612,1,5,1,10,2,1,3,2017,3,3,6,,,1,1,1,2,,,,,,,,,,,,,,,,1,,,3,,,2,2,1,1,2,0,,,2,0,01,13,1959.3647244
5361613,1,1,1,10,1,1,3,1991,29,1,5,,2,2,,2,,1,2,,,,1,,,,,,,,,1,1,,,3,,,2,1,2,,4,7,,,2,7,01,13,1910.1442663
5361613,1,2,1,10,2,2,8,1998,22,2,5,,2,2,,2,,1,1,,,,,,,,,,,1,,,1,,,3,,,2,1,2,,4,6,,,2,6,01,13,1910.1442663
5361613,1,3,1,10,2,2,9,2017,3,3,5,,,1,1,1,2,,,,,,,,,,,,,,,,1,,,3,,,2,2,2,,1,0,,,2,0,01,13,1910.1442663
5361613,1,4,1,10,2,1,12,2019,1,3,5,,,1,1,1,2,,,,,,,,,,,,,,,,1,,,3,,,2,,,,,,,,2,,01,13,1910.1442663
5361614,1,1,1,10,1,1,11,1971,49,1,5,,2,2,,3,,1,2,,,,1,,,,,1,,,,2,1,,,3,,,2,1,2,,5,11,2,,2,11,01,13,1796.9429621
5361614,1,2,1,10,2,2,3,1970,50,2,5,,2,3,,3,,1,1,,,,1,,,,,1,,,,,1,,,3,,,2,1,2,,5,11,2,,2,11,01,13,1796.9429621
5361614,1,3,1,10,3,1,4,1998,22,3,5,,6,1,1,1,2,,,,,,,,,,1,1,,,,,1,,,3,,,2,1,1,2,6,4,2,2,2,15,01,13,1796.9429621
5361614,1,4,1,10,4,1,9,1999,21,3,5,,6,1,1,1,2,,,,,,,,,,1,1,,,,,1,,,3,,,2,1,1,1,6,3,2,2,2,14,01,13,1796.9429621
5361615,1,1,1,10,1,2,7,1951,69,1,5,,5,3,,3,,,,,,,,,,,,1,,,,1,1,,,3,,,2,2,2,,1,0,,,2,0,01,13,1529.3103893
5361615,1,2,1,10,2,2,9,1989,31,3,5,,4,3,,1,1,,,,,,1,,,,,1,,,,,1,,,3,,,2,1,2,,5,11,2,,2,11,01,13,1529.3103893
5361615,1,3,1,10,2,1,5,2009,11,4,5,,6,2,,1,2,,,,,,,,,,1,,,,,,1,,,3,,,2,1,1,1,3,4,,,2,4,01,13,1529.3103893
5361615,1,4,1,10,2,2,5,2012,8,4,5,,,2,,1,2,,,,,,,,,,,,,,,,1,,,3,,,2,1,1,1,3,2,,,2,2,01,13,1529.3103893
5361615,1,5,1,10,2,2,4,2015,5,4,5,,,2,,1,2,,,,,,,,,,,,,,,,1,,,3,,,2,2,1,1,3,0,,,2,0,01,13,1529.3103893
5361616,1,1,1,10,1,2,11,1955,65,1,5,,5,3,,3,,,,,,,,,,,,,,1,,1,1,,,3,,,2,2,2,,1,0,,,2,0,01,13,1138.6876497
5361635,1,1,1,10,1,1,12,1981,39,1,6,,2,2,,2,,1,2,,,,1,,,,,,,,,1,1,,,3,,,2,1,2,,3,5,,,2,5,01,13,1784.6536458
5361635,1,2,1,10,2,2,4,1992,28,2,6,,2,3,,3,,1,1,,,,,,,1,,,,,,,2,1,48,,,,1,1,2,,4,9,,,2,9,01,13,1784.6536458
5361635,1,3,1,10,2,1,11,2008,12,3,6,,6,2,,1,2,,,,,,,,,,1,,,,,,2,1,36,,,,1,1,1,1,3,4,,,2,4,01,13,1784.6536458
5361635,1,4,1,10,2,2,4,2016,4,3,6,,,2,,1,2,,,,,,,,,,,,,,,,1,,,3,,,2,2,1,1,2,0,,,2,0,01,13,1784.6536458
5361638,1,1,1,10,1,2,7,1984,36,1,6,,6,2,,2,,,,,1,1,,,,,,1,,,,1,1,,,3,,,2,1,2,,5,10,1,,2,10,01,13,1712.9228566
5361638,1,2,1,10,2,1,4,2002,18,3,6,,6,2,,1,1,,,,,,,1,,,1,1,,,,,1,,,3,,,2,1,2,,6,2,3,,2,13,01,13,1712.9228566
5361638,1,3,1,10,1,1,6,2005,15,3,6,,6,2,,1,1,,,,,,,,,,1,,,,,,1,,,3,,,2,1,1,1,3,5,,,2,5,01,13,1712.9228566
5361640,1,1,1,10,1,1,12,1943,77,1,6,,3,3,,3,,1,2,,,,1,,,,,1,,,,1,1,,,3,,,2,1,2,,3,5,,,2,5,01,13,1905.0903887
5361640,1,2,1,10,2,2,2,1948,72,2,6,,3,3,,3,,1,1,,,,,,,,,,,1,,,1,,,3,,,2,2,2,,1,0,,,2,0,01,13,1905.0903887
5361640,1,3,1,10,2,1,7,1972,48,3,6,,6,1,1,1,2,,,,,,1,,,,,,,,,,1,,,3,,,2,1,2,,3,5,,,2,5,01,13,1905.0903887
5361640,1,4,1,10,2,1,11,2005,15,4,6,,6,2,,2,,,,,,,,,,,1,,,,,,1,,,3,,,2,1,1,1,4,6,,,2,6,01,13,1905.0903887
5361640,1,5,1,10,2,2,10,2009,11,4,6,,6,2,,2,,,,,,,,,,,1,,,,,,2,2,,,,,1,1,1,1,3,4,,,2,4,01,13,1905.0903887
5361640,1,6,1,10,2,2,12,2013,7,4,6,,,2,,2,,,,,,,,,,,,,,,,,1,,,3,,,2,1,1,1,3,1,,,2,1,01,13,1905.0903887
5361640,1,7,1,10,2,1,5,2013,7,4,6,,,2,,2,,,,,,,,,,,,,,,,,1,,,3,,,2,1,1,1,3,1,,,2,1,01,13,1905.0903887
5361640,1,8,1,10,2,2,1,2015,6,4,6,,,2,,2,,,,,,,,,,,,,,,,,1,,,3,,,2,2,1,1,3,0,,,2,0,01,13,1905.0903887
5361640,1,9,1,10,2,1,4,2018,2,4,6,,,2,,2,,,,,,,,,,,,,,,,,2,2,,,,,2,,,,,,,,2,,01,13,1905.0903887
5361646,1,1,1,10,1,1,5,2000,20,1,6,,2,2,,2,,1,2,,,,,,,,,,,1,,1,1,,,3,,,2,1,2,,5,10,1,,2,10,01,13,1838.4134771
5361646,1,2,1,10,2,2,1,2005,16,2,6,,2,2,,2,,1,1,,,,,,,,,,,1,,,1,,,3,,,2,1,2,,4,8,,,2,8,01,13,1838.4134771
5361646,1,3,1,10,2,1,12,2020,0,3,6,,,1,1,1,2,,,,,,,,,,,,,,,,1,,,3,,,2,,,,,,,,2,,01,13,1838.4134771
5361647,1,1,1,10,1,2,10,1944,76,1,6,,2,3,,3,,1,2,,,,,,,,,,,1,,1,1,,,3,,,2,1,2,,3,2,,,2,2,01,13,1201.9766338
5361647,1,2,1,10,1,1,8,1954,66,2,6,,2,3,,3,,1,1,,,,,,,,,,,1,,,2,1,12,,,,1,2,2,,1,0,,,2,0,01,13,1201.9766338
5361647,1,3,1,10,1,1,11,1968,52,5,6,,5,3,,3,,,,,,,,,,,,,,1,,,2,1,24,,,,2,2,2,,1,0,,,2,0,01,13,1201.9766338
5361647,1,4,1,10,4,1,7,2004,16,5,6,,6,1,3,3,,,,,,,,,,,1,,,,,,1,,,3,,,2,1,1,1,4,0,,,2,5,01,13,1201.9766338
5361648,1,1,1,10,1,1,4,1937,83,1,6,,5,3,,3,,,,,,,,,,,,,,1,,2,1,,,3,,,2,1,2,,3,3,,,2,3,01,13,1361.0104685
5361648,1,2,1,10,2,1,3,1972,48,3,6,,4,1,1,3,,,,,,,,,,,,,,1,,,1,,,3,,,2,1,2,,6,2,3,,2,13,01,13,1361.0104685
5361652,1,1,1,10,1,1,3,1952,68,1,5,,4,3,,3,,,,,,,,,,,,,,1,,1,1,,,3,,,2,2,2,,1,0,,,2,0,01,13,1276.9903631
5361653,1,1,1,10,1,1,5,1974,46,1,6,,2,2,,2,,1,2,,,,,,,,,,,1,,1,1,,,3,,,2,1,2,,5,11,2,,2,11,01,13,2228.0447364
5361653,1,2,1,10,2,2,3,1979,41,2,6,,2,3,,2,,1,1,,,,1,,,,,,,,,,1,,,3,,,2,1,2,,3,5,,,2,5,01,13,2228.0447364
5361653,1,3,1,10,3,2,11,2002,18,3,6,,6,1,1,1,2,,,,,,,,,,,,,1,,,1,,,3,,,2,1,2,,5,11,2,,2,11,01,13,2228.0447364
5361653,1,4,1,10,2,2,11,2005,15,3,6,,6,1,1,1,2,,,,,,,,,,1,,,,,,1,,,3,,,2,1,1,1,4,0,,,2,5,01,13,2228.0447364
5361653,1,5,1,10,2,1,6,2007,13,3,6,,6,1,1,1,2,,,,,,,,,,1,,,,,,1,,,3,,,2,1,1,1,4,0,,,2,5,01,13,2228.0447364
5361653,1,6,1,10,2,2,9,2011,9,3,6,,,1,1,1,2,,,,,,,,,,,,,,,,1,,,3,,,2,1,1,1,3,2,,,2,2,01,13,2228.0447364
5361653,1,7,1,10,2,1,12,2012,8,3,6,,,1,1,1,2,,,,,,,,,,,,,,,,1,,,3,,,2,2,1,1,3,1,,,2,1,01,13,2228.0447364
5361653,1,8,1,10,2,2,4,2015,5,3,6,,,1,1,1,2,,,,,,,,,,,,,,,,1,,,3,,,2,2,1,1,2,0,,,2,0,01,13,2228.0447364
5361653,1,9,1,10,2,1,6,2019,1,3,6,,,1,1,1,2,,,,,,,,,,,,,,,,1,,,3,,,2,,,,,,,,2,,01,13,2228.0447364
5361656,1,1,1,10,1,1,7,1982,38,1,6,,2,2,,2,,1,2,,,1,1,,,,,1,,,,1,1,,,3,,,2,1,2,,5,11,2,,2,11,01,13,1648.4872552
5361656,1,2,1,10,2,2,6,1987,33,2,6,,2,2,,2,,1,1,,,,,,,,,1,,,,,1,,,3,,,2,1,2,,3,4,,,2,4,01,13,1648.4872552
5361656,1,3,1,10,2,2,11,2005,15,3,6,,6,1,1,1,2,,,,,,,,,,1,,,,,,1,,,3,,,2,1,1,1,4,8,,,2,8,01,13,1648.4872552
5361656,1,4,1,10,2,2,12,2007,13,3,6,,6,1,1,1,2,,,,,,,,,,1,,,,,,1,,,3,,,2,1,1,1,4,7,,,2,7,01,13,1648.4872552
5361656,1,5,1,10,2,1,9,2009,11,3,6,,6,1,1,1,2,,,,,,,,,,1,,,,,,1,,,3,,,2,1,1,1,3,4,,,2,4,01,13,1648.4872552
5361656,1,6,1,10,2,1,11,2017,3,3,6,,,1,1,1,2,,,,,,,,,,,,,,,,1,,,3,,,2,2,2,,1,0,,,2,0,01,13,1648.4872552
5361657,1,1,1,10,1,1,8,1957,63,1,6,,2,3,,3,,1,2,,1,1,1,,,,,1,,,,1,1,,,3,,,2,1,2,,3,5,,,2,5,01,13,753.14467196
5361657,1,2,1,10,2,2,10,1961,59,2,6,,2,3,,2,,1,1,,,,,,,,,1,,,,,1,,,3,,,2,1,2,,5,11,2,,2,11,01,13,753.14467196
5361657,1,3,1,10,3,2,7,1987,33,3,6,,6,1,1,1,2,,,,,,,,,,,1,,,,,1,,,3,,,2,1,2,,6,2,3,,2,13,01,13,753.14467196
5361658,1,1,1,10,1,1,10,1991,29,1,6,,2,2,,2,,1,2,,1,1,1,,,,,1,,,,1,1,,,3,,,2,1,2,,5,11,2,,2,11,01,13,1772.3643295
5361658,1,2,1,10,2,2,2,1995,26,2,6,,2,2,,2,,1,1,,,,,,,,,1,,,,,1,,,3,,,2,1,2,,5,11,2,,2,11,01,13,1772.3643295
5361658,1,3,1,10,2,2,11,2012,8,3,6,,,1,1,1,2,,,,,,,,,,,,,,,,1,,,3,,,2,1,1,1,3,2,,,2,2,01,13,1772.3643295
5361658,1,4,1,10,2,2,4,2015,5,3,6,,,1,1,1,2,,,,,,,,,,,,,,,,1,,,3,,,2,2,1,1,2,0,,,2,0,01,13,1772.3643295
5361660,1,1,1,10,1,1,5,1993,27,1,5,,2,2,,2,,1,2,,,,,,,,,,,1,,1,1,,,3,,,2,1,2,,4,8,,,2,8,01,13,1900.8661179
5361660,1,2,1,10,2,2,10,1997,23,2,5,,2,2,,2,,1,1,,,,,,,,,,,1,,,1,,,3,,,2,1,2,,4,9,,,2,9,01,13,1900.8661179
5361660,1,3,1,10,2,1,5,2015,5,3,5,,,1,1,1,2,,,,,,,,,,,,,,,,1,,,3,,,2,2,1,1,3,0,,,2,0,01,13,1900.8661179
5361660,1,4,1,10,2,1,1,2020,1,3,5,,,1,1,1,2,,,,,,,,,,,,,,,,1,,,3,,,2,,,,,,,,2,,01,13,1900.8661179
5361661,1,1,1,10,1,1,7,1983,37,1,6,,4,2,,2,,,,,1,,,,,,,1,,,,1,1,,,3,,,2,1,2,,4,9,,,2,9,01,13,1982.8665357
5361661,1,2,1,10,1,2,3,2011,9,3,6,,,1,1,2,,,,,,,,,,,,,,,,,1,,,3,,,2,1,1,1,3,2,,,2,2,01,13,1982.8665357
5361661,1,3,1,10,1,2,4,2015,5,3,6,,,1,1,2,,,,,,,,,,,,,,,,,1,,,3,,,2,2,1,1,2,0,,,2,0,01,13,1982.8665357
5361662,1,1,1,10,1,1,6,1962,58,1,5,,2,3,,3,,1,2,,,,,,,,,,,1,,1,1,,,3,,,2,2,2,,1,0,,,2,0,01,13,909.38866887
5361662,1,2,1,10,2,2,7,1960,60,2,6,,2,3,,3,,1,1,,,,,,,,,1,,,,,1,,,3,,,2,1,2,,3,3,,,2,3,01,13,909.38866887
5361663,1,1,1,10,1,1,12,1953,67,1,6,,3,3,,3,,1,2,,1,1,1,,,,,1,,,,1,1,,,3,,,2,1,2,,4,7,,,2,7,01,13,1236.5672874
5361663,1,2,1,10,2,2,7,1956,64,2,6,,3,3,,2,,1,1,,,,,,,,,1,,,,,1,,,3,,,2,1,2,,4,8,,,2,8,01,13,1236.5672874
5361663,1,3,1,10,3,2,8,1987,33,3,6,,4,1,1,1,2,,,,,,,1,,,,1,,,,,1,,,3,,,2,1,2,,4,9,,,2,9,01,13,1236.5672874
5361663,1,4,1,10,3,2,9,2006,14,4,6,,6,2,,1,3,,,,,,,,,,1,,,,,,1,,,3,,,2,1,1,1,4,7,,,2,7,01,13,1236.5672874
5361663,1,5,1,10,3,1,2,2010,10,4,6,,6,2,,1,3,,,,,,,,,,1,,,,,,1,,,3,,,2,1,1,1,3,4,,,2,4,01,13,1236.5672874
5361663,1,6,1,10,3,2,1,2012,9,4,6,,,2,,1,3,,,,,,,,,,,,,,,,1,,,3,,,2,1,1,1,3,4,,,2,4,01,13,1236.5672874
5361663,1,7,1,10,3,2,7,2013,7,4,6,,,2,,1,3,,,,,,,,,,,,,,,,1,,,3,,,2,1,1,1,3,2,,,2,2,01,13,1236.5672874
5361664,1,1,1,10,1,2,11,1939,81,1,5,,5,3,,3,,,,,,,,,,,,,,1,,2,1,,,3,,,2,2,2,,1,0,,,2,0,01,13,885.88685751
5361664,1,2,1,10,2,2,1,1989,32,6,5,,4,2,,2,,,,,,,,,,,,,,1,,,1,,,3,,,2,1,2,,5,11,2,,2,11,01,13,885.88685751
5361664,1,3,1,10,2,1,9,2016,4,9,5,,,2,,1,2,,,,,,,,,,,,,,,,1,,,3,,,2,2,2,,1,0,,,2,0,01,13,885.88685751
5361664,1,4,1,10,3,1,3,1956,64,8,5,,6,3,,3,,,,,,,,,,,,,,1,,,1,,,3,,,2,1,2,,3,4,,,2,4,01,13,885.88685751
5361665,1,1,1,10,1,1,4,1996,24,1,5,,2,2,,2,,1,2,,,,,,,,,,,1,,1,1,,,3,,,2,1,2,,4,8,,,2,8,01,13,1847.6916254
5361665,1,2,1,10,2,2,5,2002,18,2,5,,2,2,,2,,1,1,,,,,,,,,,,1,,,1,,,3,,,2,1,2,,4,6,,,2,6,01,13,1847.6916254
5361665,1,3,1,10,2,2,6,2017,3,3,5,,,1,1,1,2,,,,,,,,,,,,,,,,1,,,3,,,2,2,2,,1,0,,,2,0,01,13,1847.6916254
5361666,1,1,1,10,1,2,9,1955,65,1,6,,5,3,,3,,,,,,,,,,,,1,,,,1,1,,,3,,,2,1,2,,3,4,,,2,4,01,13,1138.6876497
5361667,1,1,1,10,1,1,12,1966,54,1,5,,2,3,,3,,1,2,,,1,1,,,,,1,,,,2,1,,,3,,,2,1,2,,5,11,2,,2,11,01,13,1524.9309815
5361667,1,2,1,10,2,2,3,1980,40,2,5,,2,3,,2,,1,1,,,,,,,,,1,,,,,1,,,3,,,2,1,2,,6,3,3,,2,14,01,13,1524.9309815
5361667,1,3,1,10,3,1,11,2002,18,3,6,,6,1,1,1,2,,,,,,,,,,1,,,,,,1,,,3,,,2,1,1,1,5,10,1,,2,10,01,13,1524.9309815
5361667,1,4,1,10,4,2,10,2004,16,3,6,,6,1,1,1,2,,,,,,,,,,1,,,,,,1,,,3,,,2,1,1,1,4,9,,,2,9,01,13,1524.9309815
5361668,1,1,1,10,1,2,9,1937,83,1,5,,5,3,,3,,,,,,,,,,,,,,1,,1,1,,,3,,,2,1,2,,3,5,,,2,5,01,13,1226.0738627
5361668,1,2,1,10,2,1,10,1984,36,4,5,,6,3,,2,,,,,,,,1,,1,,,,,,,1,,,3,,,2,1,2,,5,11,2,,2,11,01,13,1226.0738627
5361669,1,1,1,10,2,1,12,1946,74,1,5,,3,3,,3,,1,2,,,,1,,,,,,,,,1,2,1,1,,,,2,1,2,,3,4,,,2,4,01,13,911.89221074
5361669,1,2,1,10,2,2,9,1950,70,2,5,,3,3,,3,,1,1,,,,1,,,,,,,,,,2,1,1,,,,2,1,2,,3,4,,,2,4,01,13,911.89221074
5361670,1,1,1,10,1,2,7,1937,83,1,5,,5,3,,3,,,,,,,,,,,,1,,,,1,1,,,3,,,2,2,2,,1,0,,,2,0,01,13,1141.8224504
5361672,1,1,1,10,1,1,1,1957,64,1,5,,3,3,,3,,1,2,,,,1,,,,,,,,,1,2,1,12,,,,2,1,2,,5,11,2,,2,11,01,13,858.34247519
5361672,1,2,1,10,1,2,6,1968,52,2,5,,3,3,,3,,1,1,,,,,,,,,,,1,,,1,,,3,,,2,1,2,,3,4,,,2,4,01,13,858.34247519
5361672,1,3,1,10,1,2,6,1968,52,5,5,,4,3,,3,,,,,,,,,,,,,,1,,,1,,,3,,,2,1,2,,3,2,,,2,2,01,13,858.34247519
5361673,1,1,1,10,1,2,9,1938,82,1,5,,4,3,,3,,,,,,,,,,,,,,1,,1,1,,,3,,,2,1,2,,3,5,,,2,5,01,13,773.20875075
5361673,1,2,1,10,2,2,6,1962,58,3,5,,4,2,,1,1,,,,1,,1,,,,,,,,,,1,,,3,,,2,1,2,,3,5,,,2,5,01,13,773.20875075
5361674,1,1,1,10,1,1,10,1966,54,1,5,,2,3,,2,,1,2,,1,,1,,,,,,,,,1,1,,,3,,,2,1,2,,5,11,2,,2,11,01,13,1767.9399475
5361674,1,2,1,10,2,2,6,1972,48,2,5,,2,3,,2,,1,1,,,,,,,,,,,1,,,1,,,3,,,2,1,2,,3,4,,,2,4,01,13,1767.9399475
5361674,1,3,1,10,2,1,7,2011,9,4,5,,,2,,2,,,,,,,,,,,,,,,,,1,,,3,,,2,1,1,1,3,4,,,2,4,01,13,1767.9399475
5361674,1,4,1,10,2,2,2,2015,5,4,5,,,2,,2,,,,,,,,,,,,,,,,,1,,,3,,,2,2,1,1,2,0,,,2,0,01,13,1767.9399475
5361675,1,1,1,10,1,1,10,1978,42,1,5,,2,2,,2,,1,2,,1,,1,,,,,,,,,2,1,,,3,,,2,1,2,,3,5,,,2,5,01,13,1989.4051418
5361675,1,2,1,10,2,2,5,1984,36,2,5,,2,3,,2,,1,1,,,,,,,,,,,1,,,1,,,3,,,2,1,2,,5,11,2,,2,11,01,13,1989.4051418
5361675,1,3,1,10,3,1,8,1999,21,3,5,,6,1,1,1,2,,,,,,,,,,,,,1,,,1,,,3,,,2,1,2,,5,11,2,,2,11,01,13,1989.4051418
5361675,1,4,1,10,2,1,12,2004,16,3,5,,6,1,1,1,2,,,,,,,,,,1,,,,,,1,,,3,,,2,1,1,1,4,8,,,2,8,01,13,1989.4051418
5361675,1,5,1,10,2,1,9,2011,9,3,5,,,1,1,1,2,,,,,,,,,,,,,,,,1,,,3,,,2,1,1,1,3,3,,,2,3,01,13,1989.4051418
5361676,1,1,1,10,1,2,1,1958,63,1,5,,5,2,,3,,,,,,,,,,,,,,1,,2,1,,,3,,,2,1,2,,3,5,,,2,5,01,13,1014.9921451
5361676,2,1,2,10,1,1,3,1989,31,1,5,,2,2,,2,,1,2,,,,,,,1,,,,,,1,1,,,9,,,2,1,2,,5,11,2,,2,11,01,13,1014.9921451
5361676,2,2,2,10,2,2,9,1995,25,2,5,,2,3,,2,,1,1,,1,,,,,,,1,,,,,1,,,3,,,2,1,2,,5,10,1,,2,10,01,13,1014.9921451
5361677,1,1,1,10,1,2,2,1966,54,1,5,,3,2,,2,,1,2,,,,1,,,,,,,,,1,2,1,10,,,,1,1,2,,5,11,2,,2,11,01,13,834.77596348
5361677,1,2,1,10,2,1,10,1960,60,2,5,,3,3,,3,,1,1,,,,,,,1,,,,,,,2,1,10,,,,2,1,2,,5,11,2,,2,11,01,13,834.77596348
5361677,1,3,1,10,1,2,5,1986,34,3,5,,6,1,2,1,1,,,,,,,,,,,1,,,,,2,1,12,,,,2,1,2,,6,2,3,,2,13,01,13,834.77596348
5361677,1,4,1,10,4,2,10,1984,36,3,5,,4,1,2,1,1,,,,,,,,,,,1,,,,,1,,,1,9,,2,1,2,,6,5,4,,2,16,01,13,834.77596348
5361677,1,5,1,10,1,1,5,2018,2,4,5,,,2,,1,4,,,,,,,,,,,,,,,,1,,,1,5,,2,,,,,,,,2,,01,13,834.77596348
5361678,1,1,1,10,1,1,12,1958,62,1,5,,2,3,,3,,1,2,,,,,,,,,,,1,,2,1,,,1,1,48000,2,1,2,,4,6,,,2,6,01,13,1069.4241928
5361678,1,2,1,10,2,2,7,1966,54,2,5,,2,3,,2,,1,1,,,,,,,,,1,,,,,1,,,1,5,,2,1,2,,3,4,,,2,4,01,13,1069.4241928
5361679,1,1,1,10,1,1,1,1962,58,1,5,,3,3,,3,,1,2,,1,,1,,,,,1,,,,1,1,,,3,,,2,1,2,,3,3,,,2,3,01,13,1153.6756051
5361679,1,2,1,10,2,2,10,1968,52,2,5,,3,3,,3,,1,1,,1,1,,,,,,1,,,,,1,,,3,,,2,1,2,,3,5,,,2,5,01,13,1153.6756051
5361679,1,3,1,10,2,1,12,1994,26,3,5,,4,1,1,1,2,,,,1,,1,1,,,,1,,,,,1,,,3,,,2,1,2,,5,11,2,,2,11,01,13,1153.6756051
5361680,1,1,1,10,1,1,7,1982,38,1,5,,3,3,,2,,1,2,,1,1,1,1,,,,1,,,,1,1,,,3,,,2,1,2,,4,7,,,2,7,01,13,2011.0319815
5361680,1,2,1,10,2,2,8,1986,34,2,5,,3,2,,2,,1,1,,1,1,,,,,,1,,,,,1,,,3,,,2,1,2,,4,8,,,2,8,01,13,2011.0319815
5361680,1,3,1,10,2,1,1,2003,18,3,5,,6,1,1,1,2,,,,,,,,,,1,,,,,,1,,,3,,,2,1,1,1,4,9,,,2,9,01,13,2011.0319815
5361680,1,4,1,10,2,1,12,2004,16,3,5,,6,1,1,1,2,,,,,,,,,,1,,,,,,1,,,3,,,2,1,1,1,4,7,,,2,7,01,13,2011.0319815
5361680,1,5,1,10,2,1,9,2008,12,3,5,,6,1,1,1,2,,,,,,,,,,1,,,,,,1,,,3,,,2,1,1,1,3,5,,,2,5,01,13,2011.0319815
5361702,1,1,1,10,1,1,10,1997,23,1,6,,1,3,,2,,1,2,,1,,,,,,,,,,,1,1,,,3,,,2,1,2,,3,3,,,2,3,01,18,1308.1041865
5361702,1,2,1,10,2,2,11,2001,19,2,6,,1,2,,2,,1,1,,,,,,,,,,,1,,,2,1,32,,,,2,1,2,,5,11,2,,2,11,01,18,1308.1041865
5361703,1,1,1,10,1,1,12,1996,24,1,6,,1,2,,2,,1,2,,,1,,,,,,,,,,1,1,,,3,,,2,1,2,,3,5,,,2,5,01,18,1720.0639817
5361703,1,2,1,10,2,2,12,1994,26,2,6,,1,2,,2,,1,1,,,,,,,,,,,1,,,1,,,3,,,2,1,2,,4,8,,,2,8,01,18,1720.0639817
5361703,1,3,1,10,2,2,7,2016,4,3,6,,,2,,1,2,,,,,,,,,,,,,,,,1,,,3,,,2,2,2,,1,0,,,2,0,01,18,1720.0639817
5361703,1,4,1,10,2,1,9,2018,2,3,6,,,2,,1,2,,,,,,,,,,,,,,,,1,,,3,,,2,,,,,,,,2,,01,18,1720.0639817
5361703,1,5,1,10,2,2,7,2020,0,3,6,,,1,1,1,2,,,,,,,,,,,,,,,,1,,,3,,,2,,,,,,,,2,,01,18,1720.0639817
5361704,1,1,1,10,1,1,7,1973,47,1,6,,3,3,,2,,1,2,,,,,,,,,,,1,,1,1,,,3,,,2,1,2,,3,3,,,2,3,01,18,1404.4663357
5361704,1,2,1,10,2,2,11,1990,30,2,6,,3,3,,2,,1,1,,,,,,,,,,,1,,,1,,,3,,,2,1,2,,4,9,,,2,9,01,18,1404.4663357
5361704,1,3,1,10,2,2,10,2012,8,3,6,,,3,,1,2,,,,,,,,,,,,,,,,1,,,3,,,2,1,1,1,3,2,,,2,2,01,18,1404.4663357
5361704,1,4,1,10,2,1,7,2019,1,3,6,,,1,1,1,2,,,,,,,,,,,,,,,,1,,,3,,,2,,,,,,,,2,,01,18,1404.4663357
5361705,1,1,1,10,1,1,6,1974,46,1,6,,2,3,,3,,1,2,,,,1,,,,,,,,,1,2,1,50,,,,2,1,2,,3,2,,,2,2,01,18,1404.4663357
5361705,1,2,1,10,2,2,11,1993,27,2,6,,2,3,,2,,1,1,,,,,,,,,,,1,,,1,,,3,,,2,1,2,,5,11,2,,2,11,01,18,1404.4663357
5361705,1,3,1,10,2,1,11,2012,8,3,6,,,1,1,1,2,,,,,,,,,,,,,,,,1,,,3,,,2,1,1,1,3,2,,,2,2,01,18,1404.4663357
5361705,1,4,1,10,2,2,12,2015,5,3,6,,,1,1,1,2,,,,,,,,,,,,,,,,1,,,3,,,2,2,2,,1,0,,,2,0,01,18,1404.4663357
5361706,1,1,1,10,1,2,1,1965,56,1,6,,5,2,,3,,,,,,,,,,,,,,1,,1,1,,,3,,,2,1,2,,3,2,,,2,2,01,18,1104.729134
5361706,1,2,1,10,1,2,1,2013,8,4,6,,,2,,2,,,,,,,,,,,,,,,,,1,,,3,,,2,1,1,1,3,2,,,2,2,01,18,1104.729134
5361707,1,1,1,10,1,1,9,1988,32,1,6,,2,2,,2,,1,2,1,,,,,,,,,,,,1,1,,,3,,,2,1,2,,5,11,2,,2,11,01,18,1313.596523
5361707,1,2,1,10,2,2,8,1992,28,2,6,,2,2,,2,,1,1,1,,,,,,,,,,,,,1,,,3,,,2,1,2,,5,11,2,,2,11,01,18,1313.596523
5361707,1,3,1,10,2,1,6,2012,8,3,6,,,1,1,1,2,,,,,,,,,,,,,,,,1,,,3,,,2,1,1,1,3,2,,,2,2,01,18,1313.596523
5361707,1,4,1,10,1,1,4,2015,5,3,6,,,1,1,1,2,,,,,,,,,,,,,,,,1,,,3,,,2,2,1,1,2,0,,,2,0,01,18,1313.596523
5361708,1,1,1,10,1,2,5,1994,26,1,6,,2,3,,2,,2,,,,,,,,,,,,1,,1,1,,,3,,,2,1,2,,3,4,,,2,4,01,18,868.6396371
5361708,1,2,1,10,2,2,11,2010,10,3,6,,6,3,,1,1,,,,,,,,,,1,,,,,,2,2,,,,,2,1,1,1,3,2,,,2,2,01,18,868.6396371
5361708,1,3,1,10,1,1,11,2013,7,3,6,,,2,,1,1,,,,,,,,,,,,,,,,1,,,3,,,2,2,1,1,3,0,,,2,0,01,18,868.6396371
5361709,1,1,1,10,1,1,6,1937,83,1,6,,2,3,,3,,1,2,,,,,,,,,1,,,,1,1,,,3,,,2,1,2,,3,1,,,2,1,01,18,753.18621516
5361709,1,2,1,10,2,2,5,1958,62,2,6,,2,3,,3,,1,1,,,,,,,,,1,,,,,2,1,120,,,,1,2,2,,3,2,,,2,2,01,18,753.18621516
5361709,1,3,1,10,3,2,3,2006,14,9,6,,6,2,,2,,,,,,,,,,,,,,1,,,2,1,1,,,,2,1,2,,4,7,,,2,7,01,18,753.18621516
5361710,1,1,1,10,1,2,12,1967,53,1,6,,5,3,,3,,,,,1,,,,,,,,,,,2,1,,,3,,,2,2,2,,1,0,,,2,0,01,18,941.38766449
5361711,1,1,1,10,1,1,3,1987,33,1,6,,3,2,,2,,1,2,,,,,,,,,,,1,,1,1,,,3,,,2,1,2,,3,5,,,2,5,01,18,744.23779782
5361711,1,2,1,10,2,2,11,1990,30,2,6,,3,2,,2,,1,1,,,,,,,,,,,1,,,1,,,3,,,2,1,2,,6,2,3,,2,13,01,18,744.23779782
5361711,1,3,1,10,2,2,12,2009,11,3,6,,6,1,1,1,2,,,,,,,,,,1,,,,,,1,,,3,,,2,1,1,1,4,0,,,2,5,01,18,744.23779782
5361711,1,4,1,10,2,2,12,2009,11,3,6,,6,1,1,1,2,,,,,,,,,,1,,,,,,1,,,3,,,2,1,1,1,4,0,,,2,5,01,18,744.23779782
5361712,1,1,1,10,1,1,10,1973,47,1,6,,3,2,,2,,1,2,,,,,,,,,,,1,,2,1,,,3,,,2,1,2,,4,7,,,2,7,01,18,1856.5800462
5361712,1,2,1,10,2,2,8,1978,42,2,6,,3,2,,2,,1,1,,,,,,,,,,,1,,,1,,,3,,,2,1,2,,5,11,2,,2,11,01,18,1856.5800462
5361712,1,3,1,10,3,1,11,1999,21,3,6,,6,1,1,1,2,,,,,,,,,,,,,1,,,1,,,3,,,2,1,2,,5,11,2,,2,11,01,18,1856.5800462
5361712,1,4,1,10,2,1,9,2004,16,3,6,,6,1,1,1,2,,,,,,,,,,1,,,,,,1,,,3,,,2,1,1,1,4,9,,,2,9,01,18,1856.5800462
5361712,1,5,1,10,2,2,1,2012,9,3,6,,,1,1,1,2,,,,,,,,,,,,,,,,1,,,3,,,2,1,1,1,3,2,,,2,2,01,18,1856.5800462
5361713,1,1,1,10,1,1,3,1997,23,1,6,,2,2,,2,,1,2,,,,,,,,,,,1,,2,1,,,3,,,2,1,2,,5,11,2,,2,11,01,18,1326.3930211
5361713,1,2,1,10,2,2,11,1994,26,2,6,,2,2,,3,,1,1,,,,,,,,,,,1,,,1,,,3,,,2,1,2,,5,11,2,,2,11,01,18,1326.3930211
5361713,1,3,1,10,2,1,4,2014,6,3,6,,,2,,1,2,,,,,,,,,,,,,,,,1,,,3,,,2,2,1,1,3,0,,,2,0,01,18,1326.3930211
5361714,1,1,1,10,1,2,2,1943,77,1,6,,5,3,,3,,,,,,,,,,,,,,1,,1,1,,,3,,,2,1,2,,3,2,,,2,2,01,18,995.42314961
5361714,1,2,1,10,2,1,11,1976,44,3,6,,4,3,,1,1,,,,,,,,,,,,,1,,,1,,,3,,,2,1,2,,3,5,,,2,5,01,18,995.42314961
5361714,1,3,1,10,3,2,1,2002,19,4,6,,4,2,,2,,,,,,,,,,,,,,1,,,1,,,3,,,2,1,2,,4,7,,,2,7,01,18,995.42314961
5361714,1,4,1,10,3,1,8,2020,0,5,6,,,2,,1,3,,,,,,,,,,,,,,,,1,,,3,,,2,,,,,,,,2,,01,18,995.42314961
5361715,1,1,1,10,1,1,2,1980,40,1,6,,3,2,,2,,1,2,,1,1,,,,,,,,,,2,1,,,3,,,2,1,2,,3,2,,,2,2,01,18,1765.7102335
5361715,1,2,1,10,2,2,6,1983,37,2,6,,3,3,,2,,1,1,,,,,,,,,,,1,,,1,,,3,,,2,1,2,,5,11,2,,2,11,01,18,1765.7102335
5361715,1,3,1,10,3,1,6,2002,18,3,6,,6,1,1,1,2,,,,,,,,,,,,,1,,,1,,,3,,,2,1,2,,5,11,2,,2,11,01,18,1765.7102335
5361715,1,4,1,10,2,1,4,2005,15,3,6,,6,1,1,1,2,,,,,,,,,,1,,,,,,1,,,3,,,2,1,1,1,4,7,,,2,7,01,18,1765.7102335
5361715,1,5,1,10,2,1,7,2018,2,3,6,,,1,1,1,2,,,,,,,,,,,,,,,,1,,,3,,,2,,,,,,,,2,,01,18,1765.7102335
5361716,1,1,1,10,1,2,4,1972,48,1,6,,4,3,,1,3,,,,,,,,,,,,,1,,2,1,,,2,1,96000,2,1,2,,6,5,4,,2,16,01,18,920.54281477
5361716,1,2,1,10,2,1,8,1998,22,3,6,,6,2,,1,1,,,,,,,,,,,,,1,,,1,,,3,,,2,1,2,,6,1,2,2,2,12,01,18,920.54281477
5361716,1,3,1,10,3,2,6,1943,77,5,6,,5,3,,3,,,,,,,,,,,,,,1,,,1,,,3,,,2,2,2,,1,0,,,2,0,01,18,920.54281477
5361717,1,1,1,10,1,1,10,1991,29,1,6,,2,3,,2,,1,2,,1,,,,,,,,,,,1,2,1,12,,,,2,1,2,,5,11,2,,2,11,01,18,1298.5006681
5361717,1,2,1,10,2,2,11,1991,29,2,6,,2,2,,2,,1,1,,,,,,,,,,,1,,,2,1,12,,,,2,1,2,,5,11,2,,2,11,01,18,1298.5006681
5361717,1,3,1,10,2,2,1,2018,3,3,6,,,1,1,1,2,,,,,,,,,,,,,,,,2,1,12,,,,2,2,2,,1,0,,,2,0,01,18,1298.5006681
5361718,1,1,1,10,1,1,8,1935,85,1,6,,5,3,,3,,,,,,,,,,,,,,1,,1,1,,,3,,,2,1,2,,3,2,,,2,2,01,18,1231.7844489
5361719,1,1,1,10,1,1,2,1950,71,1,6,,2,3,,2,,1,2,,,,1,,,1,,,,,,1,1,,,3,,,2,2,2,,3,1,,,2,1,01,18,1244.43361
5361719,1,2,1,10,2,2,11,1970,50,2,6,,2,2,,2,,1,1,1,,,,,,,,1,,,,,1,,,3,,,2,1,2,,3,4,,,2,4,01,18,1244.43361
5361719,1,3,1,10,3,1,9,2007,13,3,6,,6,1,1,1,2,,,,,,,,,,1,,,,,,1,,,3,,,2,1,1,1,4,6,,,2,6,01,18,1244.43361
5361720,1,1,1,10,1,1,10,1994,26,1,6,,2,3,,2,,1,2,,1,1,,,,,,,,,,1,1,,,3,,,2,1,2,,4,6,,,2,6,01,18,1401.273356
5361720,1,2,1,10,2,2,6,1996,24,2,6,,2,2,,2,,1,1,,,,,,,,,,,1,,,1,,,3,,,2,1,2,,5,10,1,,2,10,01,18,1401.273356
5361720,1,3,1,10,2,1,5,2015,5,3,6,,,1,1,1,2,,,,,,,,,,,,,,,,1,,,3,,,2,2,2,,1,0,,,2,0,01,18,1401.273356
5361720,1,4,1,10,2,1,11,2018,2,3,6,,,1,1,1,2,,,,,,,,,,,,,,,,1,,,3,,,2,,,,,,,,2,,01,18,1401.273356
5361721,1,1,1,10,1,1,12,1987,33,1,6,,2,2,,2,,1,2,,,,,,,,,,,1,,1,1,,,3,,,2,1,2,,3,2,,,2,2,01,18,744.23779782
5361721,1,2,1,10,2,2,3,1989,31,2,6,,2,2,,2,,1,1,,,,,,,,,,,1,,,1,,,3,,,2,1,2,,3,2,,,2,2,01,18,744.23779782
5361721,1,3,1,10,3,2,10,2006,14,3,6,,6,2,,1,2,,,,,,,,,,1,,,,,,1,,,3,,,2,1,1,1,4,8,,,2,8,01,18,744.23779782
5361721,1,4,1,10,4,2,3,2010,10,3,6,,6,1,1,1,2,,,,,,,,,,1,,,,,,1,,,3,,,2,1,1,1,4,0,,,2,5,01,18,744.23779782
5361722,1,1,1,10,1,1,11,1991,29,1,6,,2,2,,2,,1,2,,,,,,,,,,,1,,1,1,,,3,,,2,1,2,,3,1,,,2,1,01,18,1492.1431687
5361722,1,2,1,10,2,2,6,2001,19,2,6,,2,2,,2,,1,1,,,,,,,,,,,1,,,1,,,3,,,2,1,2,,3,4,,,2,4,01,18,1492.1431687
5361722,1,3,1,10,2,2,6,2017,3,3,6,,,2,,1,2,,,,,,,,,,,,,,,,1,,,3,,,2,2,2,,1,0,,,2,0,01,18,1492.1431687
5361722,1,4,1,10,2,1,10,2019,1,3,6,,,1,1,1,2,,,,,,,,,,,,,,,,1,,,3,,,2,,,,,,,,2,,01,18,1492.1431687
5361723,1,1,1,10,1,1,12,1980,40,1,6,,2,3,,2,,1,2,,,,,,,,,,,1,,1,1,,,3,,,2,1,2,,5,11,2,,2,11,01,18,1774.3758375
5361723,1,2,1,10,2,2,9,1995,25,2,6,,2,2,,2,,1,1,,,,,,,,,,,1,,,1,,,3,,,2,1,2,,5,11,2,,2,11,01,18,1774.3758375
5361723,1,3,1,10,3,1,2,2006,14,3,6,,6,1,1,2,,,,,,,,,,,1,,,,,,1,,,3,,,2,1,1,1,4,8,,,2,8,01,18,1774.3758375
5361723,1,4,1,10,2,2,9,2013,7,3,6,,,2,,1,2,,,,,,,,,,,,,,,,1,,,3,,,1,2,1,1,3,1,,,2,1,01,18,1774.3758375
5361723,1,5,1,10,2,2,2,2015,5,3,6,,,2,,1,2,,,,,,,,,,,,,,,,1,,,3,,,2,2,2,,1,0,,,2,0,01,18,1774.3758375
5361724,1,1,1,10,1,1,12,1997,23,1,6,,2,2,,2,,1,2,,,,1,,,1,,,,,,1,1,,,3,,,2,1,2,,4,6,,,2,6,01,18,1308.1041865
5361724,1,2,1,10,2,2,5,2001,19,2,6,,2,2,,2,,1,1,1,,,,,,,,,,,,,1,,,3,,,2,1,2,,5,11,2,,2,11,01,18,1308.1041865
5361725,1,1,1,10,1,1,11,1979,41,1,6,,2,2,,2,,1,2,,,,,,,,,,,1,,2,2,1,12,,,,1,1,2,,5,11,2,,2,11,01,18,1101.6651878
5361725,1,2,1,10,2,2,11,1968,52,2,6,,2,2,,2,,1,1,,,,,,,,,,,1,,,2,1,12,,,,2,1,2,,5,11,2,,2,11,01,18,1101.6651878
5361726,1,1,1,10,1,1,5,1971,49,1,6,,3,3,,2,,1,2,1,,,1,,,,,,,,,2,1,,,3,,,2,1,2,,3,5,,,2,5,01,18,1458.7781914
5361726,1,2,1,10,2,2,6,1973,47,2,6,,3,2,,2,,1,1,1,,,,,,,,,,,,,2,1,48,,,,1,1,2,,5,11,2,,2,11,01,18,1458.7781914
5361726,1,3,1,10,3,1,6,1993,27,3,6,,6,1,1,1,2,,,,,,,,,,,,,1,,,1,,,3,,,2,1,2,,5,11,2,,2,11,01,18,1458.7781914
5361726,1,4,1,10,2,2,9,2013,7,4,6,,,2,,2,,,,,,,,,,,,,,,,,1,,,3,,,2,1,1,1,3,1,,,2,1,01,18,1458.7781914
5361727,1,1,1,10,1,1,2,1974,46,1,6,,3,3,,2,,1,2,,,,,,,,,,,1,,1,1,,,3,,,2,1,2,,3,5,,,2,5,01,18,1313.596523
5361727,1,2,1,10,2,2,8,1990,30,2,6,,3,2,,3,,1,1,,,,1,,,,,,,,,,1,,,3,,,2,1,2,,6,3,3,,2,14,01,18,1313.596523
5361727,1,3,1,10,2,1,7,2014,6,3,6,,,1,1,1,2,,,,,,,,,,,,,,,,1,,,3,,,2,2,1,1,3,1,,,2,1,01,18,1313.596523
5361727,1,4,1,10,2,1,9,2018,2,3,6,,,1,1,1,2,,,,,,,,,,,,,,,,1,,,3,,,2,,,,,,,,2,,01,18,1313.596523
5361728,1,1,1,10,1,1,8,1994,26,1,6,,2,2,,2,,1,2,1,,,1,,,,,,,,,1,1,,,3,,,2,1,2,,4,7,,,2,7,01,18,1380.7048769
5361728,1,2,1,10,2,2,1,1989,32,2,6,,2,2,,2,,1,1,1,,,,,,,,,,,,,1,,,3,,,2,1,2,,4,9,,,2,9,01,18,1380.7048769
5361728,1,3,1,10,3,1,8,2009,11,3,6,,6,2,,1,2,,,,,,,,,,1,,,,,,1,,,3,,,2,1,1,1,3,4,,,2,4,01,18,1380.7048769
5361729,1,1,1,10,1,1,12,1966,54,1,6,,2,2,,3,,1,2,,,,1,,,1,,,,,,1,2,1,9,,,,1,1,2,,3,2,,,2,2,01,18,1201.9911819
5361729,1,2,1,10,2,2,5,1973,47,2,6,,2,2,,2,,1,1,1,,,1,,,,,,,,,,2,1,9,,,,2,1,2,,3,4,,,2,4,01,18,1201.9911819
5361729,1,3,1,10,3,2,11,1996,24,3,6,,6,1,1,1,2,,,1,,,,1,,,,,,,,,2,1,9,,,,2,1,2,,5,11,2,,2,11,01,18,1201.9911819
5361729,1,4,1,10,4,1,10,2008,12,4,6,,6,2,,2,,,,,,,,,,,1,,,,,,2,1,9,,,,2,1,1,1,4,7,,,2,7,01,18,1201.9911819
5361730,1,1,1,10,1,1,7,1995,25,1,6,,2,2,,2,,1,2,,,,1,,,1,,,,,,1,1,,,3,,,2,1,2,,5,11,2,,2,11,01,18,1189.3420208
5361730,1,2,1,10,2,2,3,2002,18,2,6,,2,2,,2,,1,1,1,,,,,,,,,,,,,1,,,3,,,2,1,2,,5,11,2,,2,11,01,18,1189.3420208
5361731,1,1,1,10,1,1,5,1992,28,1,6,,2,2,,2,,1,2,,,,1,1,,,,,,,,1,2,1,80,,,,2,1,2,,4,6,,,2,6,01,18,1189.3420208
5361731,1,2,1,10,2,2,7,1997,23,2,6,,2,2,,2,,1,1,,,,,,,,,,,1,,,2,1,36,,,,2,1,2,,5,11,2,,2,11,01,18,1189.3420208
5361732,1,1,1,10,1,1,8,1999,21,1,6,,2,2,,2,,1,2,,,,,,,,,1,,,,2,1,,,3,,,2,1,2,,4,8,,,2,8,01,18,1414.0698541
5361732,1,2,1,10,2,2,5,2000,20,2,6,,2,2,,2,,1,1,,,,,,,,,,,1,,,1,,,3,,,2,1,2,,4,9,,,2,9,01,18,1414.0698541
5361732,1,3,1,10,2,1,8,2017,3,3,6,,,1,1,1,2,,,,,,,,,,,,,,,,1,,,3,,,2,2,2,,1,0,,,2,0,01,18,1414.0698541
5361733,1,1,1,10,1,1,6,1987,33,1,6,,2,3,,2,,1,2,,,,,,,,,,,1,,1,1,,,3,,,2,2,2,,3,1,,,2,1,01,18,1207.6308554
5361733,1,2,1,10,2,2,3,1993,27,2,6,,2,2,,2,,1,1,,,,,,,,,,,1,,,1,,,3,,,2,1,2,,5,11,2,,2,11,01,18,1207.6308554
5361733,1,3,1,10,2,1,8,2015,5,3,6,,,1,1,1,2,,,,,,,,,,,,,,,,1,,,3,,,2,2,2,,1,0,,,2,0,01,18,1207.6308554
5361734,1,1,1,10,1,1,7,1978,42,1,6,,2,2,,2,,1,2,,,,1,,,,,,,,,1,1,,,3,,,2,1,2,,4,6,,,2,6,01,18,744.23779782
5361734,1,2,1,10,2,2,5,1982,38,2,6,,2,3,,2,,1,1,,,,,,,,,,,1,,,1,,,3,,,2,1,2,,3,4,,,2,4,01,18,744.23779782
5361734,1,3,1,10,3,2,11,2005,15,3,6,,6,1,1,1,2,,,,,,,,,,1,,,,,,1,,,3,,,2,1,1,1,4,9,,,2,9,01,18,744.23779782
5361734,1,4,1,10,4,2,11,2005,15,3,6,,6,1,1,1,2,,,,,,,,,,1,,,,,,1,,,3,,,2,1,1,1,4,9,,,2,9,01,18,744.23779782
5361735,1,1,1,10,1,1,11,2001,19,1,6,,6,2,,2,,,,,,,,,,,,,,1,,2,1,,,3,,,2,1,2,,3,5,,,2,5,01,18,1235.3561591
5361735,1,2,1,10,2,2,9,1997,23,5,6,,5,2,,2,,,,,,,,,,,,,,1,,,1,,,3,,,2,1,2,,3,4,,,2,4,01,18,1235.3561591
5361735,1,3,1,10,3,2,3,2010,10,3,6,,6,3,,1,2,,,,,,,,,,1,,,,,,1,,,3,,,2,1,1,1,4,0,,,2,5,01,18,1235.3561591
5361735,1,4,1,10,2,1,6,2017,3,3,6,,,3,,1,2,,,,,,,,,,,,,,,,1,,,3,,,2,2,2,,1,0,,,2,0,01,18,1235.3561591
5361736,1,1,1,10,1,1,7,1986,34,1,6,,3,2,,2,,1,2,,,,1,,,,,,,,,1,1,,,3,,,2,1,2,,3,1,,,2,1,01,18,1889.7976864
5361736,1,2,1,10,2,2,10,1987,33,2,6,,3,2,,2,,1,1,,,,,,,,,,,1,,,1,,,3,,,2,1,2,,3,3,,,2,3,01,18,1889.7976864
5361736,1,3,1,10,3,1,6,2002,18,3,6,,6,1,1,1,2,,,,,,,,,,,,,1,,,1,,,3,,,2,1,2,,3,5,,,2,5,01,18,1889.7976864
5361736,1,4,1,10,4,2,1,2008,13,3,6,,6,1,1,1,2,,,,,,,,,,1,,,,,,1,,,3,,,2,1,1,1,3,3,,,2,3,01,18,1889.7976864
5361736,1,5,1,10,2,1,5,2011,9,3,6,,,1,1,1,2,,,,,,,,,,,,,,,,1,,,3,,,2,2,1,1,3,1,,,2,1,01,18,1889.7976864
5361736,1,6,1,10,2,2,10,2014,6,3,6,,,1,1,1,2,,,,,,,,,,,,,,,,1,,,3,,,2,2,1,1,3,0,,,2,0,01,18,1889.7976864
5361736,1,7,1,10,2,1,4,2019,1,3,6,,,1,1,1,2,,,,,,,,,,,,,,,,1,,,3,,,2,,,,,,,,2,,01,18,1889.7976864
5361736,1,8,1,10,8,1,10,1999,21,8,6,,6,3,,2,,,,,,,,,,1,,,,,,,1,,,3,,,2,1,2,,3,4,,,2,4,01,18,1889.7976864
5361737,1,1,1,10,1,1,11,2001,19,1,6,,6,2,,2,,,,,,,,,,,,,,1,,1,1,,,3,,,2,1,2,,3,5,,,2,5,01,18,1486.8178815
5361738,1,1,1,10,1,1,12,2000,20,1,6,,1,2,,2,,1,2,,,,,,,,,,,1,,2,1,,,3,,,2,1,2,,3,5,,,2,5,01,18,1308.1041865
5361738,1,2,1,10,2,2,8,2006,14,2,6,,1,2,,2,,1,1,,,,,,,,,,,1,,,2,1,36,,,,2,1,2,,4,7,,,2,7,01,18,1308.1041865
5361739,1,1,1,10,1,1,4,1974,46,1,6,,2,2,,2,,1,2,,,,,,,,,1,,,,1,2,1,4,,,,1,1,2,,3,5,,,2,5,01,18,1659.7445659
5361739,1,2,1,10,2,2,9,1977,43,2,6,,2,3,,3,,1,1,,,,,,,,,1,,,,,2,1,12,,,,2,1,2,,4,7,,,2,7,01,18,1659.7445659
5361739,1,3,1,10,3,1,6,2004,16,3,6,,6,1,1,1,2,,,,,,,,,,,,,1,,,2,1,4,,,,2,1,2,,3,5,,,2,5,01,18,1659.7445659
5361739,1,4,1,10,4,1,6,2009,11,3,6,,6,1,1,1,2,,,,,,,,,,1,,,,,,2,1,1,,,,2,1,1,1,3,5,,,2,5,01,18,1659.7445659
5361740,1,1,1,10,1,1,6,1977,43,1,6,,3,2,,2,,1,2,,,,1,,,,,,,,,1,1,,,3,,,2,1,2,,3,5,,,2,5,01,18,1586.9965385
5361740,1,2,1,10,2,2,12,1981,39,2,6,,3,2,,2,,1,1,,,,,,,,,1,,,,,1,,,3,,,2,1,2,,3,3,,,2,3,01,18,1586.9965385
5361740,1,3,1,10,3,1,11,2001,19,3,6,,6,1,1,1,2,,,,,,,,,,,,,1,,,1,,,3,,,2,1,2,,5,11,2,,2,11,01,18,1586.9965385
5361740,1,4,1,10,4,1,1,2007,14,3,6,,6,1,1,1,2,,,,,,,,,,1,,,,,,1,,,3,,,2,1,1,1,4,7,,,2,7,01,18,1586.9965385
5361740,1,5,1,10,5,2,12,2008,12,3,6,,6,1,1,1,2,,,,,,,,,,,,,1,,,1,,,3,,,2,1,2,,3,5,,,2,5,01,18,1586.9965385
5361740,1,6,1,10,2,1,6,2014,6,3,6,,,1,1,1,2,,,,,,,,,,,,,,,,1,,,3,,,2,2,2,,1,0,,,2,0,01,18,1586.9965385
5361741,1,1,1,10,1,1,9,1999,21,1,6,,2,2,,2,,1,2,,,,,,,1,,,,,,1,1,,,3,,,2,1,2,,3,4,,,2,4,01,18,1308.1041865
5361741,1,2,1,10,2,2,3,2005,15,2,6,,2,2,,2,,1,1,,,,,,,,,,,1,,,1,,,3,,,2,1,2,,4,8,,,2,8,01,18,1308.1041865
5361742,1,1,1,10,1,1,1,1962,59,1,6,,2,3,,2,,1,2,,,,,,,,,,,1,,1,1,,,3,,,2,1,2,,3,2,,,2,2,01,18,965.39392097
5361742,1,2,1,10,2,2,2,1977,43,2,6,,2,3,,3,,1,1,,,,,,,,,1,,,,,1,,,3,,,2,1,2,,3,3,,,2,3,01,18,965.39392097
5361743,1,1,1,10,1,1,1,1967,54,1,6,,2,3,,3,,1,2,,,,1,,,,,,,,,1,1,,,3,,,2,1,2,,3,1,,,2,1,01,18,922.95149282
5361743,1,2,1,10,2,2,7,1975,45,2,6,,2,2,,2,,1,1,,,,,,,,,,,1,,,1,,,3,,,2,1,2,,3,5,,,2,5,01,18,922.95149282
5361743,1,3,1,10,3,2,4,2008,12,3,6,,6,1,1,1,2,,,,,,,,,,1,,,,,,1,,,3,,,2,1,1,1,4,0,,,2,5,01,18,922.95149282
5361744,1,1,1,10,1,1,7,1971,49,1,6,,4,2,,3,,,,,,,,,,,,,,1,,2,1,,,3,,,2,1,2,,3,5,,,2,5,01,18,1189.3420208
5361744,1,2,1,10,2,2,10,2002,18,3,6,,4,1,1,2,,,,,,,,,,,,,,1,,,1,,,3,,,2,1,2,,5,11,2,,2,11,01,18,1189.3420208
5361745,1,1,1,10,1,1,5,1984,36,1,6,,3,2,,2,,1,2,,,1,,,,,,,,,,2,1,,,3,,,2,1,2,,3,5,,,2,5,01,18,1481.0308709
5361745,1,2,1,10,2,2,3,1986,34,2,6,,3,3,,2,,1,1,,,,,,,,,,,1,,,1,,,3,,,2,1,2,,3,1,,,2,1,01,18,1481.0308709
5361745,1,3,1,10,3,1,7,2003,17,3,6,,6,2,,1,2,,,,,,,,,,1,,,,,,1,,,3,,,2,1,1,1,4,9,,,2,9,01,18,1481.0308709
5361745,1,4,1,10,2,1,8,2005,15,3,6,,6,1,1,1,2,,,,,,,,,,1,,,,,,1,,,3,,,2,1,1,1,4,6,,,2,6,01,18,1481.0308709
5361745,1,5,1,10,2,2,12,2006,14,3,6,,6,1,1,1,2,,,,,,,,,,1,,,,,,1,,,3,,,2,1,1,1,4,8,,,2,8,01,18,1481.0308709
5361746,1,1,1,10,1,1,3,1968,52,1,6,,1,2,,2,,1,2,,1,,,,,,,,,,,2,1,,,3,,,2,1,2,,3,5,,,2,5,01,18,1207.6308554
5361746,1,2,1,10,2,2,11,1992,28,2,6,,1,2,,3,,1,1,,,,,,,1,,,,,,,2,1,12,,,,2,1,2,,5,11,2,,2,11,01,18,1207.6308554
5361746,1,3,1,10,2,1,8,2017,3,3,6,,,2,,1,2,,,,,,,,,,,,,,,,2,1,12,,,,2,2,2,,1,0,,,2,0,01,18,1207.6308554
5361747,1,1,1,10,1,1,7,2002,18,1,6,,3,2,,2,,1,2,,,,,,,,,,,1,,2,1,,,3,,,2,1,2,,3,4,,,2,4,01,18,1041.7136585
5361747,1,2,1,10,2,2,3,1978,42,2,6,,3,3,,3,,1,1,,,,,,,,,,,1,,,1,,,3,,,2,1,2,,3,2,,,2,2,01,18,1041.7136585
5361747,1,3,1,10,2,2,9,2007,13,3,6,,6,3,,1,2,,,,,,,,,,1,,,,,,1,,,3,,,2,1,1,1,4,6,,,2,6,01,18,1041.7136585
5361748,1,1,1,10,1,1,10,1995,25,1,6,,2,3,,2,,1,2,,,,,,,,,,,1,,2,1,,,3,,,2,1,2,,4,8,,,2,8,01,18,1386.1775011
5361748,1,2,1,10,2,2,8,1997,23,2,6,,2,2,,2,,1,1,,,,,,,,,,,1,,,1,,,3,,,2,1,2,,4,7,,,2,7,01,18,1386.1775011
5361748,1,3,1,10,2,2,4,2019,1,3,6,,,1,1,1,2,,,,,,,,,,,,,,,,1,,,3,,,2,,,,,,,,2,,01,18,1386.1775011
5361749,1,1,1,10,1,1,12,1960,60,1,6,,2,3,,3,,1,2,,,,,,,,,,,1,,2,1,,,1,3,170000,2,1,2,,3,5,,,2,5,01,18,998.61156119
5361749,1,2,1,10,2,2,2,1985,35,2,6,,2,2,,2,,1,1,,,,,,,,,,,1,,,1,,,3,,,2,1,2,,3,4,,,2,4,01,18,998.61156119
5361749,1,3,1,10,2,2,12,2006,14,3,6,,6,1,1,1,2,,,,,,,,,,1,,,,,,1,,,3,,,2,1,1,1,4,7,,,2,7,01,18,998.61156119
5361749,1,4,1,10,2,1,4,2012,8,3,6,,,1,1,1,2,,,,,,,,,,,,,,,,1,,,3,,,2,2,1,1,3,1,,,2,1,01,18,998.61156119
5361749,1,5,1,10,2,1,7,2019,1,3,6,,,1,1,1,2,,,,,,,,,,,,,,,,1,,,3,,,2,,,,,,,,2,,01,18,998.61156119
5361750,1,1,1,10,1,1,12,1988,32,1,6,,2,2,,2,,1,2,,,,,,,,,,,1,,2,1,,,3,,,2,2,2,,1,0,,,2,0,01,18,1313.596523
5361750,1,2,1,10,2,2,1,1988,33,2,6,,2,2,,2,,1,1,,,,,,,,,,,1,,,1,,,3,,,2,1,2,,5,11,2,,2,11,01,18,1313.596523
5361750,1,3,1,10,2,1,2,2016,5,3,6,,,1,1,1,2,,,,,,,,,,,,,,,,1,,,3,,,2,2,2,,1,0,,,2,0,01,18,1313.596523
5361750,1,4,1,10,2,1,7,2019,1,3,6,,,1,1,1,2,,,,,,,,,,,,,,,,1,,,3,,,2,,,,,,,,2,,01,18,1313.596523
5361751,1,1,1,10,1,1,4,1991,29,1,6,,3,2,,2,,1,2,,,,,,,,,,,1,,1,1,,,3,,,2,1,2,,3,3,,,2,3,01,18,1313.596523
5361751,1,2,1,10,2,2,5,1993,27,2,6,,3,2,,2,,1,1,,,,,,,,,,,1,,,1,,,3,,,2,1,2,,5,11,2,,2,11,01,18,1313.596523
5361751,1,3,1,10,2,1,8,2013,7,3,6,,,1,1,1,2,,,,,,,,,,,,,,,,1,,,3,,,2,2,1,1,3,1,,,2,1,01,18,1313.596523
5361751,1,4,1,10,2,1,8,2013,7,3,6,,,1,1,1,2,,,,,,,,,,,,,,,,1,,,3,,,2,2,1,1,3,1,,,2,1,01,18,1313.596523
5361752,1,1,1,10,1,1,11,1999,21,1,6,,2,2,,2,,2,,,,,,,,,,,,1,,2,1,,,3,,,2,1,2,,3,5,,,2,5,01,18,1486.8178815
5361753,1,1,1,10,1,1,2,1971,49,1,6,,3,2,,2,,1,2,,,,,,,,,,,1,,2,1,,,3,,,2,1,2,,3,3,,,2,3,01,18,1486.6705445
5361753,1,2,1,10,2,2,3,1977,43,2,6,,3,3,,2,,1,1,,,,,,,,,,,1,,,1,,,3,,,2,1,2,,3,4,,,2,4,01,18,1486.6705445
5361753,1,3,1,10,2,1,5,2005,15,3,6,,6,1,1,1,2,,,,,,,,,,1,,,,,,1,,,3,,,2,1,1,1,4,9,,,2,9,01,18,1486.6705445
5361753,1,4,1,10,2,1,4,2018,2,3,6,,,1,1,1,2,,,,,,,,,,,,,,,,1,,,3,,,2,,,,,,,,2,,01,18,1486.6705445
5361754,1,1,1,10,1,1,3,1997,23,1,6,,2,2,,2,,1,2,,,,,,,,,,,1,,2,1,,,3,,,2,1,2,,3,4,,,2,4,01,18,1414.0698541
5361754,1,2,1,10,2,2,12,1999,21,2,6,,2,2,,2,,1,1,,,,,,,,,,,1,,,1,,,3,,,2,1,2,,4,7,,,2,7,01,18,1414.0698541
5361754,1,3,1,10,2,1,12,2018,2,3,6,,,1,1,1,2,,,,,,,,,,,,,,,,1,,,3,,,2,,,,,,,,2,,01,18,1414.0698541
5361755,1,1,1,10,1,2,2,1978,42,1,6,,4,2,,2,,,,,,,1,,,,,,,,,1,2,1,10,,,,2,1,2,,3,4,,,2,4,01,18,1047.3533321
5361755,1,2,1,10,1,1,6,2013,7,3,6,,,2,,1,1,,,,,,,,,,,,,,,,1,,,3,,,2,2,2,,1,0,,,2,0,01,18,1047.3533321
5361756,1,1,1,10,1,2,8,1959,61,1,6,,4,3,,3,,,,,,1,1,,,,,,,,,2,1,,,3,,,2,1,2,,3,5,,,2,5,01,18,889.457482
5361756,1,2,1,10,2,2,9,2004,16,3,6,,6,2,,1,1,,,,,,,,,,,,,1,,,1,,,3,,,2,1,2,,3,5,,,2,5,01,18,889.457482
5361756,1,3,1,10,3,1,5,1983,37,3,6,,4,2,,1,1,,,,,,,,,,,,,1,,,1,,,3,,,2,1,2,,3,4,,,2,4,01,18,889.457482
5361757,1,1,1,10,1,2,12,1963,57,1,6,,2,3,,3,,1,2,1,,,,,,,,,,,,2,1,,,2,1,96000,2,1,2,,6,5,4,,2,16,01,18,931.89991016
5361757,1,2,1,10,2,1,1,1958,63,2,6,,2,3,,3,,1,1,1,,,,,,,,,,,,,1,,,3,,,2,2,2,,1,0,,,2,0,01,18,931.89991016
5361758,1,1,1,10,1,1,8,1965,55,1,6,,3,3,,2,,1,2,,,,1,,,,,,,,,2,1,,,3,,,2,1,2,,3,5,,,2,5,01,18,978.04308207
5361758,1,2,1,10,2,2,6,1974,46,2,6,,3,2,,2,,1,1,,,,,,,,,,,1,,,2,1,12,,,,2,1,2,,3,5,,,2,5,01,18,978.04308207
5361758,1,3,1,10,3,2,5,1994,26,3,6,,6,1,1,1,2,,,,,,,,,,,,,1,,,1,,,3,,,2,1,2,,5,11,2,,2,11,01,18,978.04308207
5361758,1,4,1,10,4,1,7,2004,16,3,6,,6,1,1,1,2,,,,,,,,,,,,,1,,,1,,,3,,,2,1,2,,3,5,,,2,5,01,18,978.04308207
5361759,1,1,1,10,1,1,8,1955,65,1,6,,2,3,,3,,1,2,,,,,,,,,,,1,,2,1,,,3,,,2,1,2,,3,2,,,2,2,01,18,931.89991016
5361759,1,2,1,10,2,2,12,1964,56,2,6,,2,3,,3,,1,1,,,,,,,,,,,1,,,1,,,3,,,2,1,2,,3,2,,,2,2,01,18,931.89991016
5361760,1,1,1,10,1,1,9,1985,35,1,6,,2,2,,2,,1,2,1,,,1,,,,,1,,,,1,1,,,3,,,2,1,2,,4,8,,,2,8,01,18,1298.5006681
5361760,1,2,1,10,2,2,10,1974,46,2,6,,2,2,,2,,1,1,1,,,,,,,,,,,,,1,,,3,,,2,1,2,,4,8,,,2,8,01,18,1298.5006681
5361760,1,3,1,10,2,2,9,2014,6,3,6,,,1,1,1,2,,,,,,,,,,,,,,,,1,,,3,,,2,2,2,,1,0,,,2,0,01,18,1298.5006681
5361761,1,1,1,10,1,1,1,1975,46,1,6,,3,3,,3,,1,2,1,,,,,,,,,,,,1,1,,,3,,,2,1,2,,3,5,,,2,5,01,18,1577.5403572
5361761,1,2,1,10,2,2,7,1991,29,2,6,,3,2,,2,,1,1,,,,1,,,,,1,,,,,1,,,3,,,2,1,1,1,6,3,3,,2,14,01,18,1577.5403572
5361761,1,3,1,10,2,2,4,2013,7,3,6,,,1,1,1,2,,,,,,,,,,,,,,,,1,,,3,,,2,1,1,1,3,2,,,2,2,01,18,1577.5403572
5361761,1,4,1,10,4,1,3,2005,15,5,6,,6,3,,2,,,,,,,,,,,,,,1,,,1,,,3,,,2,1,1,1,4,9,,,2,9,01,18,1577.5403572
5361762,1,1,1,10,1,1,10,1969,51,1,6,,3,2,,3,,1,2,,,,1,,,,,,,,,1,1,,,3,,,2,1,2,,3,5,,,2,5,01,18,835.27465987
5361762,1,2,1,10,2,2,7,1974,46,2,6,,3,3,,2,,1,1,,,,,,,,,,,1,,,1,,,3,,,2,1,2,,3,5,,,2,5,01,18,835.27465987
5361762,1,3,1,10,3,2,6,1991,29,3,6,,6,1,1,1,2,,,,,,,,,1,,,,,,,1,,,3,,,2,1,2,,6,3,3,,2,14,01,18,835.27465987
5361763,1,1,1,10,1,2,10,1951,69,1,6,,5,3,,3,,,,,,,,,,,,,,1,,1,1,,,3,,,2,1,2,,3,1,,,2,1,01,18,603.88909622
5361763,1,2,1,10,2,2,3,1969,51,3,6,,6,3,,1,1,,,,,,,,,,,1,,,,,1,,,3,,,2,1,2,,3,5,,,2,5,01,18,603.88909622
5361763,1,3,1,10,3,2,6,1976,44,3,6,,6,3,,1,1,,,,,,,,,,,,,1,,,2,1,24,,,,1,1,2,,5,10,1,,2,10,01,18,603.88909622
5361769,1,1,1,10,1,2,6,1969,51,1,6,,4,3,,3,,,,,,1,1,,,,,,,,,2,1,,,3,,,2,1,2,,3,5,,,2,5,01,18,941.38766449
5361770,1,1,1,10,1,1,6,1986,34,1,6,,2,2,,2,,1,2,,,,,,,,,,,1,,2,1,,,3,,,2,1,2,,5,11,2,,2,11,01,18,1298.5006681
5361770,1,2,1,10,2,2,7,1992,28,2,6,,2,2,,2,,1,1,,,,,,,,,,,1,,,1,,,3,,,2,1,2,,6,2,3,,2,13,01,18,1298.5006681
5361770,1,3,1,10,2,2,12,2017,3,3,6,,,1,1,1,2,,,,,,,,,,,,,,,,1,,,3,,,2,2,2,,1,0,,,2,0,01,18,1298.5006681
5361771,1,1,1,10,1,1,6,1992,28,1,6,,2,2,,2,,1,2,1,,,,,,,,,,,,1,1,,,3,,,2,1,2,,4,8,,,2,8,01,18,1189.3420208
5361771,1,2,1,10,2,2,12,1999,21,2,6,,2,2,,2,,1,1,1,,,,,,,,,,,,,1,,,3,,,2,1,2,,4,9,,,2,9,01,18,1189.3420208
5361772,1,1,1,10,1,1,12,1993,27,1,6,,2,3,,2,,1,2,,,,,,,,,,,1,,2,1,,,3,,,2,1,2,,3,4,,,2,4,01,18,1119.7869731
5361772,1,2,1,10,2,2,6,1984,36,2,6,,2,2,,2,,1,1,,,,,,,,,,,1,,,1,,,3,,,2,1,2,,3,5,,,2,5,01,18,1119.7869731
5361772,1,3,1,10,2,2,1,2002,19,3,6,,6,2,,1,2,,,,,,,,,,1,,,,,,1,,,3,,,2,2,1,1,3,1,,,2,1,01,18,1119.7869731
5361772,1,4,1,10,2,2,11,2013,7,3,6,,,1,1,1,2,,,,,,,,,,,,,,,,1,,,3,,,2,2,1,1,3,1,,,2,1,01,18,1119.7869731
5363958,1,1,1,10,1,1,11,1987,33,1,1,280_01,2,3,,3,,1,2,,,,1,,,,,,,,,1,1,,,3,,,2,1,2,,4,8,,,2,8,01,27,2595.22948
5363958,1,2,1,10,2,2,1,1989,32,2,1,280_01,2,2,,2,,1,1,,,,,,,,,,,1,,,1,,,3,,,2,2,2,,1,0,,,2,0,01,27,2595.22948
5363958,1,3,1,10,3,1,12,2008,12,3,1,280_01,6,1,1,2,,,,,,,,,,,1,,,,,,1,,,3,,,2,1,1,1,3,1,,,2,1,01,27,2595.22948
5363958,1,4,1,10,4,2,12,2010,10,3,1,280_01,6,1,1,2,,,,,,,,,,,1,,,,,,1,,,3,,,2,2,1,1,3,0,,,2,0,01,27,2595.22948
5363958,1,5,1,10,1,1,6,2015,5,3,1,280_01,,1,1,1,2,,,,,,,,,,,,,,,,1,,,3,,,2,2,1,1,2,0,,,2,0,01,27,2595.22948
5363958,1,6,1,10,1,1,9,2017,3,3,1,280_01,,1,1,1,2,,,,,,,,,,,,,,,,1,,,3,,,2,2,2,,1,0,,,2,0,01,27,2595.22948
5363959,1,1,1,10,1,1,5,1986,34,1,1,280_01,2,2,,2,,1,2,,,,1,,,,,,,,,1,1,,,3,,,2,1,2,,4,6,,,2,6,01,27,2664.7468291
5363959,1,2,1,10,2,2,4,1999,21,2,1,280_01,2,2,,3,,1,1,,,,,,,,,,,1,,,1,,,3,,,2,2,2,,1,0,,,2,0,01,27,2664.7468291
5363959,1,3,1,10,2,1,8,2018,2,3,1,280_01,,1,1,1,2,,,,,,,,,,,,,,,,1,,,3,,,2,,,,,,,,2,,01,27,2664.7468291
5363959,1,4,1,10,2,1,9,2020,0,3,1,280_01,,1,1,1,2,,,,,,,,,,,,,,,,1,,,3,,,2,,,,,,,,2,,01,27,2664.7468291
5363960,1,1,1,10,1,1,10,1950,70,1,1,280_01,2,3,,3,,1,2,,,,,,,,,1,,,,1,1,,,3,,,2,2,2,,1,0,,,2,0,01,27,666.18670727
5363960,1,2,1,10,2,2,11,1969,51,2,1,280_01,2,2,,2,,1,1,,,,,,,,,1,,,,,1,,,3,,,2,2,2,,1,0,,,2,0,01,27,666.18670727
5363960,1,3,1,10,3,1,10,2008,12,4,1,280_01,6,2,,2,,,,,,,,,,,1,,,,,,1,,,3,,,2,1,1,1,3,4,,,2,4,01,27,666.18670727
5363960,1,4,1,10,4,2,10,2009,11,4,1,280_01,6,2,,2,,,,,,,,,,,,,,1,,,1,,,3,,,2,1,1,1,3,3,,,2,3,01,27,666.18670727
5363961,1,1,1,10,1,2,11,1963,57,1,5,,2,3,,2,,2,,,,,,,,,,,,1,,1,1,,,3,,,2,1,2,,4,9,,,2,9,01,27,1190.8886969
5363961,1,2,1,10,2,1,12,2004,16,9,5,,6,2,,2,,,,,,,,,,,1,,,,,,1,,,3,,,2,1,1,1,4,9,,,2,9,01,27,1190.8886969
5363962,1,1,1,10,1,1,2,2001,19,1,5,,6,2,,2,,,,,,,,,,,1,,,,,1,1,,,3,,,2,1,1,1,4,9,,,2,9,01,27,1821.3388626
5363963,1,1,1,10,1,1,2,1972,48,1,5,,2,2,,3,,1,2,,,,,,,,,,,1,,1,1,,,3,,,2,1,2,,3,3,,,2,3,01,27,1278.1004328
5363963,1,2,1,10,2,2,11,1981,39,2,5,,2,2,,2,,1,1,,,,,,,,,,,1,,,1,,,3,,,2,1,2,,3,2,,,2,2,01,27,1278.1004328
5363963,1,3,1,10,3,1,12,2002,18,3,5,,6,1,1,1,2,,,,,,,,,,1,,,,,,1,,,3,,,2,1,1,1,4,0,,,2,5,01,27,1278.1004328
5363963,1,4,1,10,4,2,10,2004,16,3,5,,6,1,1,1,2,,,,,,,,,,1,,,,,,1,,,3,,,2,1,1,1,4,9,,,2,9,01,27,1278.1004328
5363976,1,1,1,10,1,1,4,1992,28,1,6,,2,2,,2,,1,2,,,,,1,,,,1,,,,1,1,,,3,,,2,1,2,,3,5,,,2,5,01,27,2189.4432983
5363976,1,2,1,10,2,2,6,2000,20,2,5,,2,2,,2,,1,1,,,,,,,,,,,1,,,1,,,3,,,2,1,2,,4,9,,,2,9,01,27,2189.4432983
5363977,1,1,1,10,1,1,7,1944,76,1,6,,4,3,,3,,,,,,,,,,,,1,,,,1,1,,,3,,,2,2,2,,1,0,,,2,0,01,27,1264.0210897
5363978,1,1,1,10,1,1,2,1987,33,1,5,,2,2,,3,,1,2,,,,,,,,,,,1,,1,1,,,3,,,2,1,2,,4,7,,,2,7,01,27,680.55881379
5363978,1,2,1,10,2,2,2,1980,40,2,5,,2,2,,2,,1,1,,,,,,,,,1,,,,,1,,,3,,,2,1,2,,5,11,2,,2,11,01,27,680.55881379
5363979,1,1,1,10,1,1,9,1998,22,1,6,,2,2,,2,,1,2,,,,,,,,,,,1,,1,1,,,3,,,2,1,2,,4,6,,,2,6,01,27,2588.4795571
5363979,1,2,1,10,2,2,4,2001,19,2,5,,2,2,,2,,1,1,,,,,,,,,,,1,,,1,,,3,,,2,1,2,,5,10,1,,2,10,01,27,2588.4795571
5363979,1,3,1,10,2,1,11,2018,2,3,5,,,2,,1,2,,,,,,,,,,,,,,,,1,,,3,,,2,,,,,,,,2,,01,27,2588.4795571
5363980,1,1,1,10,1,2,12,1951,69,1,5,,4,2,,1,2,,,,,,,,,,,,,1,,1,1,,,3,,,2,2,2,,1,0,,,2,0,01,27,819.96679592
5363980,1,2,1,10,2,2,9,1929,91,5,5,,4,3,,3,,,,,,,,,,,,1,,,,,1,,,3,,,2,2,2,,1,0,,,2,0,01,27,819.96679592
5363980,1,3,1,10,3,1,5,1970,50,5,5,,6,2,,1,2,,,,,,,,,,,,,1,,,1,,,3,,,2,1,2,,3,4,,,2,4,01,27,819.96679592
5363994,1,1,1,10,1,1,3,1942,78,1,6,,3,3,,3,,1,2,,1,,1,,,,,1,,,,1,1,,,3,,,2,1,2,,3,5,,,2,5,01,52,3112.2376647
5363994,1,2,1,10,2,2,5,1946,74,2,6,,3,3,,2,,1,1,1,1,,1,,,,,1,,,,,1,,,3,,,2,2,2,,1,0,,,2,0,01,52,3112.2376647
5363994,1,3,1,10,3,2,12,1966,54,3,6,,4,1,1,1,2,,,1,1,,1,,,,,1,,,,,1,,,3,,,2,1,2,,3,4,,,2,4,01,52,3112.2376647
5363994,1,4,1,10,4,1,9,1997,23,4,6,,6,2,,1,3,,,1,,,1,,,,,1,,,,,1,,,3,,,2,1,2,,5,11,2,,2,11,01,52,3112.2376647
5363994,1,5,1,10,5,1,4,1980,40,3,6,,5,1,1,1,2,,,1,,,1,,,,,1,,,,,1,,,3,,,2,1,2,,5,11,2,,2,11,01,52,3112.2376647
5363994,1,6,1,10,6,1,6,2001,19,4,6,,6,1,5,3,,,,1,,,1,,,,1,,,,,,1,,,3,,,2,1,1,1,6,1,2,2,2,12,01,52,3112.2376647
5363994,1,7,1,10,7,1,8,2003,17,4,6,,6,1,5,3,,,,1,,,,,,,1,,,,,,1,,,3,,,2,1,1,1,6,0,2,2,2,11,01,52,3112.2376647
5363995,1,1,1,10,1,2,10,1948,72,1,6,,3,3,,3,,1,2,,,1,,,,,,1,,,,1,1,,,3,,,2,1,2,,3,2,,,2,2,01,52,2969.1821336
5363995,1,2,1,10,3,1,6,1953,67,2,6,,3,3,,3,,1,1,,,,,,,,,1,,,,,1,,,3,,,2,1,2,,3,3,,,2,3,01,52,2969.1821336
5363995,1,3,1,10,3,1,7,1981,39,3,6,,6,1,2,1,1,,,,,,,,,1,,1,,,,,1,,,3,,,2,1,2,,6,5,4,,2,16,01,52,2969.1821336
5363996,1,1,1,10,1,2,1,1930,91,1,6,,5,3,,3,,,,,,,,,,,,1,,,,1,1,,,3,,,2,1,2,,3,3,,,2,3,01,52,1507.988783
5363997,1,1,1,10,1,2,10,1948,72,1,6,,4,3,,3,,,,1,,,,,,,,1,,,,1,1,,,3,,,2,1,2,,3,5,,,2,5,01,52,1507.988783
5363998,1,1,1,10,1,2,10,1990,30,1,6,,5,3,,2,,,,,1,1,1,,,,,1,,,,2,2,1,24,,,,2,1,2,,5,11,2,,2,11,01,52,1431.2135744
5363998,1,2,1,10,2,2,6,2007,13,3,6,,6,3,,1,1,,,,,,,,,,1,1,,,,,2,1,24,,,,2,1,1,1,4,7,,,2,7,01,52,1431.2135744
5363998,1,3,1,10,1,2,8,2013,7,3,6,,,3,,1,1,,,,,,,,,,,,,,,,2,1,24,,,,2,1,1,1,3,1,,,2,1,01,52,1431.2135744
5364002,1,1,1,10,1,1,5,1965,55,1,6,,3,3,,2,,1,2,,,,1,,,,,1,,,,2,1,,,3,,,2,1,2,,3,2,,,2,2,01,52,1431.2135744
5364002,1,2,1,10,1,2,10,1967,53,2,6,,3,2,,2,,1,1,,,,1,,,,,1,,,,,1,,,3,,,2,1,2,,3,1,,,2,1,01,52,1431.2135744
5364003,1,1,1,10,1,2,3,1990,30,1,1,560_01,6,2,,2,,,,,1,1,1,,,,,1,,,,1,1,,,3,,,2,1,2,,5,11,2,,2,11,01,52,2319.3664869
5364003,1,2,1,10,1,1,7,2009,11,3,1,560_01,6,2,,1,1,,,,,,,,,,1,1,,,,,1,,,3,,,2,1,1,1,4,0,,,2,5,01,52,2319.3664869
5364003,1,3,1,10,1,1,6,2017,3,3,1,560_01,,2,,1,1,,,,,,,,,,,,,,,,1,,,3,,,2,2,2,,1,0,,,2,0,01,52,2319.3664869
5364004,1,1,1,10,1,1,9,1988,32,1,6,,2,2,,2,,1,2,1,,1,1,,,,,,,,,2,1,,,3,,,2,1,2,,3,5,,,2,5,01,52,4160.667189
5364004,1,2,1,10,2,2,9,1983,37,2,6,,2,2,,2,,1,1,,,,,,,,,1,,,,,1,,,3,,,2,1,2,,3,5,,,2,5,01,52,4160.667189
5364004,1,3,1,10,2,1,5,2003,17,3,6,,6,2,,1,2,,,,,,,,,,1,,,,,,1,,,2,5,,2,1,1,1,4,9,,,2,9,01,52,4160.667189
5364004,1,4,1,10,2,2,9,2006,14,3,6,,6,1,1,1,2,,,,,,,,,,1,1,,,,,1,,,3,,,2,1,1,1,4,8,,,2,8,01,52,4160.667189
5364004,1,5,1,10,2,1,9,2017,3,3,6,,,1,1,1,2,,,,,,,,,,,,,,,,1,,,3,,,2,2,2,,1,0,,,2,0,01,52,4160.667189
5364005,1,1,1,10,1,1,12,1936,84,1,6,,5,3,,3,,,,,,,,,,,,1,,,,1,1,,,3,,,2,1,2,,3,5,,,2,5,01,52,2715.581266
5364006,1,1,1,10,1,2,9,1994,26,1,6,,2,3,,2,,2,,,,,,,,,,1,,,,1,1,,,3,,,2,1,2,,4,8,,,2,8,01,52,1607.3021083
5364006,1,2,1,10,1,2,9,2016,4,3,6,,,2,,1,1,,,,,,,,,,,,,,,,1,,,3,,,2,2,2,,1,0,,,2,0,01,52,1607.3021083
5364006,1,3,1,10,1,2,2,2020,0,3,6,,,2,,1,1,,,,,,,,,,,,,,,,1,,,3,,,2,,,,,,,,2,,01,52,1607.3021083
5364007,1,1,1,10,1,1,12,1988,32,1,6,,2,2,,2,,1,2,,1,1,1,,,,,,,,,1,1,,,3,,,2,1,2,,5,11,2,,2,11,01,52,3389.1929978
5364007,1,2,1,10,2,2,8,1995,25,2,6,,2,2,,2,,1,1,,,,,,,,,,,1,,,1,,,3,,,2,1,2,,5,11,2,,2,11,01,52,3389.1929978
5364007,1,3,1,10,2,2,1,2013,8,3,6,,,1,1,1,2,,,,,,,,,,,,,,,,1,,,3,,,2,1,1,1,3,2,,,2,2,01,52,3389.1929978
5364007,1,4,1,10,4,1,2,2004,16,5,6,,6,2,,2,,,,,,,,,,,1,,,,,,1,,,3,,,2,1,1,1,5,10,1,,2,10,01,52,3389.1929978
5364008,1,1,1,10,1,1,10,1962,58,1,6,,3,2,,2,,1,2,,,,1,,,,,,,,,1,1,,,3,,,2,1,2,,3,3,,,2,3,01,52,1431.2135744
5364008,1,2,1,10,2,2,7,1970,50,2,6,,3,2,,3,,1,1,,,,,,,,,1,,,,,1,,,3,,,2,1,2,,3,4,,,2,4,01,52,1431.2135744
5364008,1,3,1,10,3,2,11,2005,15,3,6,,6,1,1,1,2,,,,,,,,,,1,,,,,,1,,,3,,,2,1,1,1,4,8,,,2,8,01,52,1431.2135744
5364008,1,4,1,10,4,2,5,1995,25,3,6,,2,1,1,1,2,2,,,,,,,,1,,1,,,,,1,,,1,1,72000,2,1,2,,5,11,2,,2,11,01,52,1431.2135744
5364008,1,5,1,10,4,2,8,2016,4,4,6,,,2,,1,4,,,,,,,,,,,,,,,,1,,,3,,,2,2,2,,1,0,,,2,0,01,52,1431.2135744
5364009,1,1,1,10,1,1,11,1974,46,1,1,560_01,2,2,,2,,1,2,,1,1,1,1,,1,,1,,,,1,1,,,3,,,2,1,2,,5,11,2,,2,11,01,52,1695.3516032
5364009,1,2,1,10,2,2,9,1977,43,2,1,560_01,2,3,,2,,1,1,,1,1,1,1,,,,1,,,,,1,,,3,,,2,1,2,,5,11,2,,2,11,01,52,1695.3516032
5364009,1,3,1,10,3,2,4,1997,23,3,1,560_01,6,1,1,1,2,,,,,,,,,,1,1,,,,,1,,,3,,,2,1,1,1,6,2,2,2,2,13,01,52,1695.3516032
5364010,1,1,1,10,1,1,12,1964,56,1,6,,2,3,,3,,1,2,1,,,1,,,,,,,,,2,1,,,3,,,2,1,2,,3,5,,,2,5,01,52,1431.2135744
5364010,1,2,1,10,2,2,9,1967,53,2,1,560_01,2,3,,3,,1,1,1,,,1,,,,,,,,,,1,,,3,,,2,1,2,,3,1,,,2,1,01,52,1431.2135744
5364010,1,3,1,10,3,1,10,2004,16,3,1,560_01,6,1,1,1,2,,,1,,,,,,,,1,,,,,1,,,3,,,2,1,2,,3,5,,,2,5,01,52,1431.2135744
5364011,1,1,1,10,1,1,1,1972,49,1,6,,2,2,,2,,1,2,1,,,1,,,,,1,,,,1,1,,,3,,,2,1,2,,5,11,2,,2,11,01,52,3622.4544664
5364011,1,2,1,10,2,2,10,1983,37,2,1,560_01,2,2,,2,,1,1,1,,,,,,,,1,,,,,1,,,3,,,2,1,2,,5,11,2,,2,11,01,52,3622.4544664
5364011,1,3,1,10,3,1,6,1998,22,3,6,,6,1,1,2,,,,1,,,,,,,,1,,,,,1,,,1,1,48000,2,1,2,,5,11,2,,2,11,01,52,3622.4544664
5364011,1,4,1,10,2,2,3,2008,12,3,1,560_01,6,2,,1,2,,,1,,,,,,,1,,,,,,1,,,1,5,,2,1,1,1,4,7,,,2,7,01,52,3622.4544664
5364011,1,5,1,10,2,2,5,2020,0,3,1,560_01,,1,1,1,2,,,,,,,,,,,,,,,,1,,,3,,,2,,,,,,,,2,,01,52,3622.4544664
5364012,1,1,1,10,1,1,5,1985,35,1,6,,2,1,5,3,,1,2,,1,1,1,,,1,,1,,,,1,1,,,3,,,2,1,2,,5,11,2,,2,11,01,52,3834.9438073
5364012,1,2,1,10,2,2,9,1992,28,2,6,,2,2,,2,,1,1,,1,1,1,,,,,1,,,,,1,,,3,,,2,1,2,,4,7,,,2,7,01,52,3834.9438073
5364012,1,3,1,10,2,1,11,2012,8,3,6,,,2,,1,2,,,,,,,,,,,,,,,,1,,,3,,,2,1,1,1,3,2,,,2,2,01,52,3834.9438073
5364012,1,4,1,10,2,1,8,2015,5,3,6,,,1,1,1,2,,,,,,,,,,,,,,,,1,,,3,,,2,2,2,,1,0,,,2,0,01,52,3834.9438073
5364012,1,5,1,10,1,1,10,1940,80,5,6,,5,3,,3,,,,,,,,,,,,1,,,,,1,,,3,,,2,1,2,,3,2,,,2,2,01,52,3834.9438073
5364013,1,1,1,10,1,2,1,1948,73,1,1,560_01,6,3,,3,,,,,,,,,,,,1,,,,1,1,,,3,,,2,2,2,,1,0,,,2,0,01,52,2882.9964725
5364013,1,2,1,10,1,1,1,1978,43,3,1,560_01,6,2,,1,1,,,,,,,,,,,,,1,,,1,,,3,,,2,2,2,,1,0,,,2,0,01,52,2882.9964725
5364014,1,1,1,10,1,2,6,1963,57,1,6,,6,3,,2,,,,,,,1,1,,1,,1,,,,1,1,,,3,,,2,1,2,,3,2,,,2,2,01,52,3394.0160467
5364014,1,2,1,10,2,1,10,1997,23,3,6,,1,2,,1,1,1,3,1,,,1,,,,,,,,,,1,,,1,1,35112,2,1,2,,5,11,2,,2,11,01,52,3394.0160467
5364014,1,3,1,10,3,2,1,2000,20,5,1,560_01,1,2,,2,,1,2,,,,,,,,,1,,,,,1,,,3,,,2,1,2,,5,11,2,,2,11,01,52,3394.0160467
5364014,1,4,1,10,3,2,11,2019,1,4,6,,,1,2,1,3,,,,,,,,,,,,,,,,1,,,3,,,2,,,,,,,,2,,01,52,3394.0160467
5364015,1,1,1,10,1,2,12,1937,83,1,6,,6,3,,3,,,,,,,,,,,,,,1,,1,1,,,3,,,2,2,2,,1,0,,,2,0,01,52,1395.2141377
5364016,1,1,1,10,1,2,10,1976,44,1,1,999_01,6,2,,3,,,,,1,1,1,,,,,1,,,,1,1,,,3,,,2,1,2,,5,11,2,,2,11,01,52,1324.180548
5364016,1,2,1,10,2,1,11,1999,21,3,1,565_03,6,2,,1,1,,,,,,1,,,1,,,,,,,1,,,3,,,2,1,2,,4,9,,,2,9,01,52,1324.180548
5364016,1,3,1,10,3,2,11,1978,42,5,1,565_03,6,2,,3,,,,,,1,1,,,,,,,,,,1,,,3,,,2,1,2,,6,5,4,,2,16,01,52,1324.180548
5364016,1,4,1,10,3,1,1,2001,20,5,1,565_03,6,2,,1,3,,,,,,,,,,,1,,,,,1,,,3,,,2,1,2,,5,11,2,,2,11,01,52,1324.180548
5364017,1,1,1,10,1,1,12,1974,46,1,1,565_03,5,2,,3,,,,,,,1,,,,,1,,,,2,1,,,3,,,2,1,2,,5,11,2,,2,11,01,52,4136.1434308
5364018,1,1,1,10,1,1,8,1977,43,1,1,565_03,3,2,,3,,1,2,,1,1,1,,,,,1,,,,1,1,,,3,,,2,1,2,,3,5,,,2,5,01,52,3633.695454
5364018,1,2,1,10,2,2,6,1981,39,2,1,565_03,3,2,,2,,1,1,,,,,,,1,,1,,,,,1,,,3,,,2,1,2,,3,1,,,2,1,01,52,3633.695454
5364018,1,3,1,10,3,1,2,2009,11,3,1,565_03,6,1,1,1,2,,,,,,,,,,1,1,,,,,1,,,3,,,2,1,1,1,4,6,,,2,6,01,52,3633.695454
5364018,1,4,1,10,2,1,5,2014,6,3,1,565_03,,1,1,1,2,,,,,,,,,,,,,,,,1,,,3,,,2,2,1,1,3,0,,,2,0,01,52,3633.695454
5364019,1,1,1,10,1,1,10,1944,76,1,1,565_04,5,3,,3,,,,1,,,1,,,,,1,,,,2,1,,,1,2,105736,2,1,2,,3,2,,,2,2,01,52,1324.180548
5364019,1,2,1,10,2,1,7,1972,48,3,1,565_03,6,1,1,3,,,,,1,,1,,,,,,,,,,1,,,3,,,2,1,2,,3,5,,,2,5,01,52,1324.180548
5364019,1,3,1,10,3,2,5,1970,50,3,1,565_03,6,1,1,3,,,,,,,1,,,,,1,,,,,1,,,3,,,2,1,2,,5,11,2,,2,11,01,52,1324.180548
5364019,1,4,1,10,4,2,9,1995,25,4,1,565_03,6,2,,1,3,,,,,,1,,,1,,,,,,,1,,,1,1,35112,2,1,2,,5,11,2,,2,11,01,52,1324.180548
5364019,1,5,1,10,5,2,12,2005,15,4,1,565_03,6,2,,1,3,,,,,,,,,,1,1,,,,,1,,,3,,,2,1,1,1,4,9,,,2,9,01,52,1324.180548
5364020,1,1,1,10,1,2,3,1972,48,1,6,,6,3,,2,,,,,,,1,,,,,1,,,,1,1,,,3,,,2,1,2,,3,1,,,2,1,01,52,1863.7675849
5364020,1,2,1,10,2,1,10,2001,19,3,6,,2,2,,1,1,1,3,,,,1,,,,,1,,,,,1,,,3,,,2,1,2,,4,7,,,2,7,01,52,1863.7675849
5364020,1,3,1,10,3,2,11,2001,19,5,6,,2,2,,2,,1,2,,1,,,,,,,1,,,,,1,,,3,,,2,1,2,,3,5,,,2,5,01,52,1863.7675849
5364020,1,4,1,10,3,2,4,2017,3,4,6,,,1,2,1,3,,,,,,,,,,,,,,,,1,,,3,,,2,2,2,,1,0,,,2,0,01,52,1863.7675849
5364021,1,1,1,10,1,2,8,1972,48,1,6,,6,2,,2,,,,,,,,1,,1,,,,,,1,1,,,3,,,2,1,2,,3,4,,,2,4,01,52,1324.180548
5364021,1,2,1,10,2,1,2,2006,15,3,6,,6,2,,1,1,,,,,,,,,,1,,,,,,1,,,3,,,2,1,1,1,4,9,,,2,9,01,52,1324.180548
5364023,1,1,1,10,1,1,10,1983,37,1,6,,2,2,,2,,1,2,,,,1,,,,,1,,,,1,1,,,3,,,2,1,2,,3,5,,,2,5,01,52,2324.6655345
5364023,1,2,1,10,2,2,7,1992,28,2,1,565_03,2,2,,3,,1,1,,,,1,,,,,1,,,,,1,,,3,,,2,1,2,,4,9,,,2,9,01,52,2324.6655345
5364023,1,3,1,10,2,1,4,2009,11,3,6,,6,1,1,1,2,,,,,,,,,,1,,,,,,1,,,3,,,2,1,1,1,4,6,,,2,6,01,52,2324.6655345
5364024,1,1,1,10,1,2,1,1939,82,1,6,,5,3,,3,,,,,1,1,,,,,,1,,,,1,1,,,3,,,2,2,2,,1,0,,,2,0,01,52,3608.9433022
5364024,1,2,1,10,2,1,8,1998,22,4,6,,6,2,,2,,,,,1,,1,,,,,1,,,,,1,,,3,,,2,1,2,,3,5,,,2,5,01,52,3608.9433022
5364024,1,3,1,10,3,1,1,2002,19,4,6,,6,2,,2,,,,,1,1,1,,,,,1,,,,,1,,,3,,,2,1,2,,5,11,2,,2,11,01,52,3608.9433022
5364061,1,1,1,10,1,2,9,1994,26,1,6,,6,3,,2,,,,,1,,1,,,,,1,,,,1,1,,,3,,,2,1,2,,4,8,,,2,8,01,52,1431.2135744
5364061,1,2,1,10,1,2,2,2015,5,3,6,,,2,,1,1,,,,,,,,,,,,,,,,1,,,3,,,2,2,1,1,3,0,,,2,0,01,52,1431.2135744
5364062,1,1,1,10,1,1,1,1949,72,1,6,,3,3,,3,,1,2,,,,,,,,,1,,,,1,1,,,3,,,2,1,2,,3,3,,,2,3,01,52,2969.1821336
5364062,1,2,1,10,2,2,1,1948,73,2,6,,3,3,,3,,1,1,,,,,,,,,1,,,,,1,,,3,,,2,1,2,,3,3,,,2,3,01,52,2969.1821336
5364062,1,3,1,10,3,1,8,1979,41,3,6,,6,1,1,1,2,,,,,,1,,,,,1,,,,,1,,,3,,,2,1,2,,3,5,,,2,5,01,52,2969.1821336
5364063,1,1,1,10,1,2,10,1966,54,1,6,,4,2,,1,3,,,,1,1,1,,,,,1,,,,1,1,,,3,,,2,1,2,,3,2,,,2,2,01,52,1431.2135744
5364063,1,2,1,10,1,1,3,2017,3,4,6,,,2,,2,,,,,,,,,,,,,,,,,1,,,3,,,2,2,2,,1,0,,,2,0,01,52,1431.2135744
5364063,1,3,1,10,1,2,12,1934,86,5,6,,5,3,,3,,,,,,,,,,,,1,,,,,1,,,3,,,2,2,2,,1,0,,,2,0,01,52,1431.2135744
5364064,1,1,1,10,1,1,8,1954,66,1,6,,3,3,,3,,1,2,,1,1,1,,,,,1,,,,1,1,,,3,,,2,1,2,,3,5,,,2,5,01,52,1431.2135744
5364064,1,2,1,10,2,2,12,1957,63,2,6,,3,3,,3,,1,1,,1,,,,,,,1,,,,,1,,,3,,,2,1,2,,3,5,,,2,5,01,52,1431.2135744
5364065,1,1,1,10,1,2,11,1954,66,1,6,,5,3,,3,,,,,1,1,,,,,,1,,,,1,1,,,3,,,2,1,2,,3,4,,,2,4,01,52,1507.988783
5364066,1,1,1,10,1,1,11,1967,53,1,6,,2,3,,3,,1,2,1,1,,1,,,,,1,,,,2,1,,,3,,,2,1,2,,3,5,,,2,5,01,52,2512.5673942
5364066,1,2,1,10,2,2,2,1972,48,2,6,,2,3,,2,,1,1,,1,,1,,,,1,,,,,,1,,,3,,,2,1,2,,3,5,,,2,5,01,52,2512.5673942
5364066,1,3,1,10,3,1,4,2004,16,3,6,,6,2,,1,2,,,,,,1,,,,,1,,,,,1,,,3,,,2,1,2,,5,10,1,,2,10,01,52,2512.5673942
5364067,1,1,1,10,1,1,7,1939,81,1,6,,3,3,,3,,1,2,,,,,,,,,1,,,,1,1,,,3,,,2,2,2,,1,0,,,2,0,01,52,1431.2135744
5364067,1,2,1,10,2,2,2,1942,78,2,6,,3,3,,3,,1,1,,,1,1,,,,,1,,,,,1,,,3,,,2,1,2,,3,5,,,2,5,01,52,1431.2135744
5364068,1,1,1,10,1,1,12,1973,47,1,6,,3,3,,2,,1,2,,1,1,1,,,,,1,,,,1,1,,,3,,,2,1,2,,3,5,,,2,5,01,52,2745.8288628
5364068,1,2,1,10,2,2,11,1982,38,2,6,,3,3,,2,,1,1,,,,,,,,,1,,,,,1,,,3,,,2,1,2,,3,4,,,2,4,01,52,2745.8288628
5364068,1,3,1,10,2,1,11,2006,14,3,6,,6,1,1,1,2,,,,,,,,,,1,1,,,,,1,,,3,,,2,1,1,1,4,7,,,2,7,01,52,2745.8288628
5364068,1,4,1,10,2,2,8,2008,12,3,6,,6,1,1,1,2,,,,,,,,,,1,1,,,,,1,,,3,,,2,1,1,1,4,6,,,2,6,01,52,2745.8288628
5364069,1,1,1,10,1,1,8,1971,49,1,6,,3,3,,3,,1,2,,1,,1,,,,,1,,,,1,1,,,3,,,2,1,2,,3,3,,,2,3,01,52,1516.6520078
5364069,1,2,1,10,2,2,10,1972,48,2,6,,3,2,,2,,1,1,,1,,1,,,,,1,,,,,1,,,3,,,2,1,2,,3,5,,,2,5,01,52,1516.6520078
5364069,1,3,1,10,3,2,10,1994,26,3,6,,6,1,1,1,2,,,,,,,,,,,1,,,,,1,,,1,3,110000,2,1,2,,6,2,3,,2,13,01,52,1516.6520078
5364069,1,4,1,10,3,1,10,2013,7,4,6,,,2,,1,3,,,,,,,,,,,,,,,,1,,,3,,,2,1,1,1,3,1,,,2,1,01,52,1516.6520078
5364069,1,5,1,10,5,2,5,2002,18,3,6,,6,1,1,1,2,,,,,,,,,,,1,,,,,1,,,3,,,2,1,2,,5,11,2,,2,11,01,52,1516.6520078
5364069,1,6,1,10,5,1,12,2020,0,4,6,,,2,,1,5,,,,,,,,,,,,,,,,1,,,3,,,2,,,,,,,,2,,01,52,1516.6520078
5364070,1,1,1,10,1,1,3,1966,54,1,6,,3,3,,2,,1,2,,1,1,1,,,,,1,,,,1,1,,,3,,,2,1,2,,3,5,,,2,5,01,52,2338.7157382
5364070,1,2,1,10,2,2,7,1976,44,2,6,,3,2,,2,,1,1,,,,,,,,,1,,,,,1,,,3,,,2,1,2,,3,5,,,2,5,01,52,2338.7157382
5364070,1,3,1,10,2,2,3,2012,8,3,6,,,1,1,1,2,,,,,,,,,,,,,,,,1,,,3,,,2,1,1,1,3,3,,,2,3,01,52,2338.7157382
5364071,1,1,1,10,1,1,3,1942,78,1,6,,5,3,,3,,,,,,,,,,,,1,,,,1,1,,,3,,,2,1,2,,3,4,,,2,4,01,52,4323.6204995
5364071,1,2,1,10,2,1,11,1969,51,3,6,,6,1,1,3,,,,,,,1,,,,,1,,,,,1,,,3,,,2,1,2,,3,4,,,2,4,01,52,4323.6204995
5364072,1,1,1,10,1,2,6,1936,84,1,6,,6,3,,3,,,,,1,1,,,,,,1,,,,1,1,,,3,,,2,1,2,,3,5,,,2,5,01,52,1431.2135744
5364072,1,2,1,10,2,1,6,1960,60,3,6,,6,3,,1,1,,,,,,,,,,,1,,,,,1,,,3,,,2,1,2,,3,4,,,2,4,01,52,1431.2135744
5364073,1,1,1,10,1,2,7,1954,66,1,6,,6,3,,3,,,,,,,,,,,,1,,,,1,1,,,3,,,2,1,2,,3,5,,,2,5,01,52,2558.4660426
5364073,1,2,1,10,2,1,7,2005,15,4,6,,6,2,,2,,,,,,,,,,,1,,,,,,1,,,3,,,2,1,1,1,4,9,,,2,9,01,52,2558.4660426
5364074,1,1,1,10,1,1,5,1978,42,1,6,,3,2,,2,,1,2,,,,1,,,,,1,,,,1,1,,,3,,,2,1,2,,3,5,,,2,5,01,52,2512.5673942
5364074,1,2,1,10,2,2,7,1982,38,2,6,,3,2,,2,,1,1,,,,1,,,,,1,,,,,1,,,3,,,2,1,2,,3,5,,,2,5,01,52,2512.5673942
5364074,1,3,1,10,3,1,10,2002,18,3,6,,6,1,1,1,2,,,,,,1,,,,,1,,,,,1,,,3,,,2,1,2,,5,11,2,,2,11,01,52,2512.5673942
5364075,1,1,1,10,1,1,10,1946,74,1,6,,3,3,,3,,1,2,,1,,1,,,,,1,,,,1,1,,,3,,,2,1,2,,3,3,,,2,3,01,52,1431.2135744
5364075,1,2,1,10,2,2,1,1948,73,2,6,,3,3,,3,,1,1,,,,,,,1,,,,,,,1,,,3,,,2,1,2,,3,5,,,2,5,01,52,1431.2135744
5364076,1,1,1,10,1,2,5,1978,42,1,6,,3,2,,2,,2,,,,,1,,,,,1,,,,2,1,,,3,,,2,1,2,,3,5,,,2,5,01,52,1502.1506959
5364076,1,2,1,10,1,2,6,2008,12,3,6,,6,2,,1,1,,,,,,,,,,1,1,,,,,1,,,3,,,2,1,1,1,4,7,,,2,7,01,52,1502.1506959
5364076,1,3,1,10,1,1,11,2011,9,3,6,,,2,,1,1,,,,,,,,,,,,,,,,1,,,3,,,2,1,1,1,3,3,,,2,3,01,52,1502.1506959
5364077,1,1,1,10,1,1,12,1950,70,1,1,999_01,3,3,,3,,1,2,,,1,1,,,,,1,,,,1,1,,,3,,,2,1,2,,3,3,,,2,3,01,52,1431.2135744
5364077,1,2,1,10,2,2,5,1949,71,2,6,,3,3,,3,,1,1,,,,,,,,,1,,,,,1,,,3,,,2,1,2,,3,5,,,2,5,01,52,1431.2135744
5364078,1,1,1,10,1,2,9,1961,59,1,6,,4,3,,3,,,,,1,1,1,,,,,1,,,,1,1,,,3,,,2,1,2,,3,3,,,2,3,01,52,1507.988783
5364079,1,1,1,10,1,1,7,1947,73,1,6,,3,3,,3,,1,2,,,,,,,,,1,,,,1,1,,,3,,,2,1,2,,3,5,,,2,5,01,52,2969.1821336
5364079,1,2,1,10,2,2,11,1953,67,2,6,,3,3,,2,,1,1,,,,,,,,,1,,,,,1,,,3,,,2,2,2,,1,0,,,2,0,01,52,2969.1821336
5364079,1,3,1,10,3,1,5,1986,34,3,6,,6,1,1,1,2,,,,,,,,,,,,,1,,,1,,,3,,,2,1,2,,5,11,2,,2,11,01,52,2969.1821336
5364080,1,1,1,10,1,2,9,1959,61,1,6,,6,3,,3,,,,,,,,,,,,1,,,,1,1,,,3,,,2,1,2,,3,3,,,2,3,01,52,1507.988783
5364081,1,1,1,10,1,1,6,1976,44,1,1,999_01,3,3,,2,,1,2,,1,,1,,,,,,,,,1,1,,,3,,,2,1,2,,3,5,,,2,5,01,52,2745.8288628
5364081,1,2,1,10,2,2,2,1979,42,2,1,999_01,3,2,,2,,1,1,,1,1,1,,,,,,,,,,1,,,3,,,2,1,2,,5,11,2,,2,11,01,52,2745.8288628
5364081,1,3,1,10,3,2,4,2002,18,3,1,999_01,6,1,1,1,2,,,,,,,,,,1,1,,,,,1,,,3,,,2,1,1,1,6,0,2,2,2,11,01,52,2745.8288628
5364081,1,4,1,10,2,1,11,2003,17,3,1,999_01,6,1,1,1,2,,,,,,,,,,1,1,,,,,1,,,3,,,2,1,2,,5,11,2,,2,11,01,52,2745.8288628
5364082,1,1,1,10,1,2,9,1954,66,1,6,,6,3,,3,,,,,,,1,,,,,1,,,,1,1,,,3,,,2,1,2,,3,1,,,2,1,01,52,3992.6536201
5364082,1,2,1,10,2,1,9,1982,38,3,6,,4,2,,1,1,,,,,,1,,,,,1,,,,,1,,,3,,,2,1,2,,4,7,,,2,7,01,52,3992.6536201
5364082,1,3,1,10,2,2,5,2012,8,4,6,,,1,2,2,,,,,,,,,,,,,,,,,1,,,3,,,2,1,1,1,3,3,,,2,3,01,52,3992.6536201
5364083,1,1,1,10,1,1,11,1962,58,1,6,,3,3,,2,,1,2,,1,,1,,,,,1,,,,1,1,,,3,,,2,1,2,,3,3,,,2,3,01,52,1431.2135744
5364083,1,2,1,10,2,2,9,1966,54,2,6,,3,3,,2,,1,1,,,,,,,,,1,,,,,1,,,3,,,2,1,2,,3,4,,,2,4,01,52,1431.2135744
5364084,1,1,1,10,1,1,8,1970,50,1,6,,4,3,,3,,,,,,,1,1,,,,1,,,,2,1,,,3,,,2,1,2,,5,11,2,,2,11,01,52,2876.9284608
5364084,1,2,1,10,2,2,10,1995,25,3,6,,4,1,1,2,,,,,1,1,1,,,,1,1,,,,,1,,,2,5,,2,1,1,1,6,1,2,2,2,12,01,52,2876.9284608
5364084,1,3,1,10,2,1,9,2015,5,4,6,,,2,,1,2,,,,,,,,,,,,,,,,1,,,2,5,,2,2,1,1,3,0,,,2,0,01,52,2876.9284608
5364085,1,1,1,10,1,1,4,1968,52,1,6,,3,3,,2,,1,2,,1,1,1,,,,,1,,,,2,1,,,3,,,2,1,2,,3,5,,,2,5,01,52,2745.8288628
5364085,1,2,1,10,2,2,10,1969,51,2,6,,3,2,,2,,1,1,,,,1,,,,,1,,,,,1,,,3,,,2,1,2,,3,5,,,2,5,01,52,2745.8288628
5364085,1,3,1,10,3,2,1,1997,24,3,6,,6,1,1,1,2,,,1,,,,,,,,1,,,,,1,,,1,3,109000,2,1,2,,5,11,2,,2,11,01,52,2745.8288628
5364085,1,4,1,10,1,1,9,1999,21,3,6,,6,1,1,1,2,,,,,,,,1,,,1,,,,,1,,,3,,,2,1,2,,5,11,2,,2,11,01,52,2745.8288628
5364086,1,1,1,10,1,2,2,1973,47,1,1,560_01,4,3,,2,,,,,1,1,1,,,,,1,,,,1,1,,,3,,,2,1,2,,3,2,,,2,2,01,52,2745.8288628
5364086,1,2,1,10,2,1,1,1995,26,3,1,560_01,6,2,,1,1,,,,,,1,,,,,1,,,,,1,,,3,,,2,1,2,,4,9,,,2,9,01,52,2745.8288628
5364086,1,3,1,10,3,1,2,2002,18,3,1,560_01,6,2,,1,1,,,,,,1,,,,,1,,,,,1,,,3,,,2,1,2,,5,11,2,,2,11,01,52,2745.8288628
5364086,1,4,1,10,1,2,12,2006,14,3,1,560_01,6,2,,1,1,,,,,,,,,,1,1,,,,,1,,,3,,,2,1,1,1,4,7,,,2,7,01,52,2745.8288628
5364087,1,1,1,10,1,2,8,1995,25,1,1,999_01,4,3,,2,,,,,1,1,1,,,1,,,,,,1,2,1,24,,,,1,1,2,,5,11,2,,2,11,01,52,2145.5148309
5364087,1,2,1,10,1,2,7,2014,6,3,1,999_01,,2,,1,1,,,,,,,,,,,,,,,,2,1,24,,,,1,2,1,1,3,0,,,2,0,01,52,2145.5148309
5364087,1,3,1,10,1,1,11,2017,3,3,1,999_01,,2,,1,1,,,,,,,,,,,,,,,,2,1,24,,,,1,2,2,,1,0,,,2,0,01,52,2145.5148309
5364088,1,1,1,10,1,1,12,1964,56,1,6,,2,3,,3,,1,2,,,,1,,,,,1,,,,1,1,,,1,3,109725,2,1,2,,3,5,,,2,5,01,52,2963.3440465
5364088,1,2,1,10,2,2,3,1976,44,2,6,,2,2,,3,,1,1,,,1,1,,,,,1,,,,,1,,,3,,,2,1,2,,3,5,,,2,5,01,52,2963.3440465
5364088,1,3,1,10,3,1,2,1995,25,3,6,,6,1,1,1,2,,,,,,1,,,,,,,,,,1,,,3,,,2,1,2,,5,11,2,,2,11,01,52,2963.3440465
5364088,1,4,1,10,4,2,10,1999,21,3,6,,6,1,1,1,2,,,,,,1,,,,,1,,,,,1,,,3,,,2,1,2,,5,11,2,,2,11,01,52,2963.3440465
5364088,1,5,1,10,4,1,8,2018,2,4,6,,,2,,1,4,,,,,,,,,,,,,,,,1,,,3,,,2,,,,,,,,2,,01,52,2963.3440465
5364089,1,1,1,10,1,2,2,1941,79,1,6,,4,3,,3,,,,,,,,,,,,1,,,,1,1,,,3,,,2,1,2,,4,6,,,2,6,01,52,1507.988783
5364090,1,1,1,10,1,1,12,1950,70,1,6,,6,3,,3,,,,,,,,,,,,1,,,,1,1,,,3,,,2,1,2,,3,3,,,2,3,01,52,2715.581266
5364154,1,1,1,10,1,1,8,1946,74,1,6,,3,3,,3,,1,2,,,,1,,,,,,,,,2,1,,,3,,,2,1,2,,5,11,2,,2,11,01,73,2393.7128928
5364154,1,2,1,10,2,2,3,1946,74,2,6,,3,3,,3,,1,1,,,,,,,,,,,1,,,1,,,3,,,2,1,2,,5,11,2,,2,11,01,73,2393.7128928
5364155,1,1,1,10,1,2,10,1968,52,1,6,,2,3,,3,,2,,,,,,,,,,,,1,,2,1,,,1,5,,2,1,2,,5,10,1,,2,10,01,73,2418.0834927
5364156,1,1,1,10,1,2,4,1984,36,1,6,,2,2,,2,,2,,1,,1,1,,,,1,,,,,1,1,,,2,5,,1,1,2,,5,11,2,,2,11,01,73,2675.7845858
5364156,1,2,1,10,1,1,8,2003,17,3,6,,6,2,,1,1,,,,,,,,,,1,,,,,,1,,,2,5,,2,1,1,1,6,0,2,2,2,11,01,73,2675.7845858
5364156,1,3,1,10,1,2,12,2010,10,3,6,,6,2,,1,1,,,,,,,,,,1,1,,,,,1,,,2,5,,2,1,1,1,3,3,,,2,3,01,73,2675.7845858
5364157,1,1,1,10,1,1,8,1948,72,1,6,,4,3,,3,,,,,,,,,,,,1,,,,1,1,,,1,5,,1,1,2,,3,1,,,2,1,01,73,3164.0075124
5364159,1,1,1,10,1,1,4,1955,65,1,6,,4,3,,3,,,,,,,,,,,,,,1,,1,1,,,3,,,1,2,2,,1,0,,,2,0,01,73,3164.0075124
5364161,1,1,1,10,1,1,8,1942,78,1,6,,2,3,,3,,1,2,,,,,,,,,,,1,,1,1,,,3,,,2,2,2,,1,0,,,2,0,01,73,2393.7128928
5364161,1,2,1,10,2,2,9,1944,76,2,6,,2,3,,3,,1,1,,,,,,,,,,,1,,,1,,,3,,,2,1,2,,5,11,2,,2,11,01,73,2393.7128928
5364163,1,1,1,10,1,1,5,1945,75,1,6,,4,3,,3,,,,,,,,,,,,,,1,,2,1,,,1,2,150000,2,1,2,,5,11,2,,2,11,01,73,3880.759273
5364163,1,2,1,10,1,1,3,2005,15,3,6,,6,1,1,2,,,,,,,,,,,1,,,,,,1,,,1,5,,2,1,1,1,5,10,1,,2,10,01,73,3880.759273
5364164,1,1,1,10,1,1,8,1940,80,1,6,,2,3,,3,,1,2,,,,,,,,,,,1,,2,1,,,3,,,2,2,2,,1,0,,,2,0,01,73,2805.4077217
5364164,1,2,1,10,2,2,9,1943,77,2,6,,2,3,,3,,1,1,,,,,,,,,1,,,,,1,,,3,,,2,1,2,,5,11,2,,2,11,01,73,2805.4077217
5364164,1,3,1,10,3,1,4,1966,54,3,6,,2,1,1,3,,2,,,,,1,,,1,,1,,,,,2,1,5,,,,2,1,2,,4,7,,,2,7,01,73,2805.4077217
5364165,1,1,1,10,1,1,7,1990,30,1,6,,2,3,,1,3,1,2,,,1,1,,,,,1,,,,2,1,,,3,,,2,1,2,,5,11,2,,2,11,01,73,2059.483702
5364165,1,2,1,10,2,2,12,1994,26,2,6,,2,3,,2,,1,1,,,,1,,,,,,,,,,1,,,3,,,2,1,2,,6,2,3,,2,13,01,73,2059.483702
5364165,1,3,1,10,3,2,8,1957,63,5,6,,5,3,,3,,,,,,1,,,,,,1,,,,,1,,,1,2,66000,2,1,2,,5,11,2,,2,11,01,73,2059.483702
5364166,1,1,1,10,1,2,9,1955,65,1,6,,5,3,,3,,,,,,,,,,,,,,1,,2,2,1,2,,,,2,2,2,,1,0,,,2,0,01,73,2332.0495264
5364168,1,1,1,10,1,1,6,1991,29,1,6,,2,2,,2,,1,2,,,,,,,,,,,1,,2,1,,,1,3,120000,2,1,2,,5,11,2,,2,11,01,73,3335.3772833
5364168,1,2,1,10,2,2,4,1991,29,2,6,,2,2,,2,,1,1,,,,,,,,,,,1,,,1,,,1,5,,2,1,2,,6,2,3,,2,13,01,73,3335.3772833
5364168,1,3,1,10,2,2,1,2014,7,3,6,,,1,1,1,2,,,,,,,,,,,,,,,,1,,,1,5,,2,1,1,1,3,1,,,2,1,01,73,3335.3772833
5364169,1,1,1,10,1,2,1,1960,61,1,6,,2,3,,3,,1,2,,,1,1,,,,,1,,,,1,1,,,3,,,1,1,2,,3,5,,,2,5,01,73,2805.4077217
5364169,1,2,1,10,2,1,9,1953,67,2,6,,2,3,,3,,1,1,,1,1,,,,,,,,,,,1,,,3,,,2,1,2,,3,5,,,2,5,01,73,2805.4077217
5364169,1,3,1,10,3,1,7,1988,32,3,6,,6,1,2,1,1,,,,1,1,,,,,,,,,,,1,,,3,,,2,1,2,,5,11,2,,2,11,01,73,2805.4077217
5364170,1,1,1,10,1,2,3,1955,65,1,6,,5,2,,2,,,,,1,,,,,,,,,,,2,1,,,3,,,2,1,2,,3,3,,,2,3,01,73,2332.0495264
5364171,1,1,1,10,1,2,9,1955,65,1,6,,2,3,,3,,1,2,,,,,,,,,1,,,,1,1,,,3,,,1,1,2,,3,5,,,2,5,01,73,1561.7549068
5364171,1,2,1,10,2,2,10,1953,67,2,6,,2,3,,3,,1,1,,1,1,1,,,,,,,,,,1,,,3,,,2,2,2,,1,0,,,2,0,01,73,1561.7549068
5364172,1,1,1,10,1,2,11,1944,76,1,6,,6,3,,3,,,,,,1,1,,,,,,,,,1,1,,,3,,,2,2,2,,1,0,,,2,0,01,73,2332.0495264
5364173,1,1,1,10,1,2,11,1940,80,1,6,,5,3,,3,,,,,,,,,,,,,,1,,2,1,,,3,,,2,2,2,,1,0,,,2,0,01,73,3217.1025505
5364173,1,2,1,10,2,1,5,1964,56,3,6,,6,3,,1,1,,,,,,,,,,,,,1,,,1,,,3,,,2,1,2,,3,4,,,2,4,01,73,3217.1025505
5364173,1,3,1,10,3,1,5,1967,53,3,6,,6,3,,1,1,,,,,,1,,,,,,,,,,1,,,3,,,2,1,2,,3,5,,,2,5,01,73,3217.1025505
5364173,1,4,1,10,4,1,10,1968,52,3,6,,6,3,,1,1,,,,,,1,1,,,,,,,,,1,,,3,,,2,1,2,,3,5,,,2,5,01,73,3217.1025505
5364174,1,1,1,10,1,1,10,1960,60,1,6,,2,3,,3,,1,2,,,,,,,,,,,1,,2,1,,,1,1,36000,2,1,2,,3,3,,,2,3,01,73,2479.7468592
5364174,1,2,1,10,2,2,7,1975,45,2,6,,2,2,,2,,1,1,,,,,,,,,,,1,,,1,,,1,5,,2,1,2,,3,5,,,2,5,01,73,2479.7468592
5364176,1,1,1,10,1,1,8,1975,45,1,6,,4,3,,2,,,,1,1,1,1,,,1,,1,,,,1,1,,,3,,,2,1,2,,3,5,,,2,5,01,73,3514.0389748
5364178,1,1,1,10,1,1,4,1968,52,1,6,,3,3,,3,,1,2,,,,,,,,,,,1,,2,2,1,96,,,,2,1,2,,6,5,4,,2,16,01,73,3335.3772833
5364178,1,2,1,10,2,2,10,1990,30,2,6,,3,2,,2,,1,1,1,,,,,,,,,,,,,1,,,3,,,2,1,2,,6,5,4,,2,16,01,73,3335.3772833
5364178,1,3,1,10,2,2,7,2015,5,3,6,,,2,,1,2,,,,,,,,,,,,,,,,1,,,3,,,2,2,2,,1,0,,,2,0,01,73,3335.3772833
5364179,1,1,1,10,1,1,8,1995,25,1,6,,2,2,,2,,1,2,,1,1,1,,,,,,,,,1,1,,,3,,,1,1,2,,5,10,1,,2,10,01,73,3327.1756763
5364179,1,2,1,10,2,2,6,2000,20,2,6,,2,2,,2,,1,1,,,,,,1,,,,,,,,1,,,3,,,2,1,2,,4,9,,,2,9,01,73,3327.1756763
5364179,1,3,1,10,2,1,3,2018,2,3,6,,,1,1,1,2,,,,,,,,,,,,,,,,1,,,3,,,2,,,,,,,,2,,01,73,3327.1756763
5364180,1,1,1,10,1,1,1,1963,58,1,6,,6,3,,3,,,,,,,,,,,,,,1,,1,1,,,3,,,2,2,2,,1,0,,,2,0,01,73,3164.0075124
5364182,1,1,1,10,1,1,7,1957,63,1,6,,4,3,,3,,,,,1,1,,,,,,,,,,1,1,,,3,,,2,1,2,,3,1,,,2,1,01,73,3164.0075124
5364184,1,1,1,10,1,2,7,1962,58,1,6,,6,3,,3,,,,,,,,,,,,,,1,,1,1,,,3,,,2,2,2,,1,0,,,2,0,01,73,3155.4391841
5364184,1,2,1,10,2,1,9,1989,31,3,6,,6,2,,1,1,,,,,,,1,,,,,,,,,1,,,3,,,2,1,2,,3,4,,,2,4,01,73,3155.4391841
5364184,1,3,1,10,3,1,8,1992,28,3,6,,6,2,,1,1,,,,,,1,,,,,,,,,,1,,,3,,,2,1,2,,4,8,,,2,8,01,73,3155.4391841
5364185,1,1,1,10,1,2,1,1958,63,1,6,,2,3,,3,,2,,,,,,,,,,,,1,,1,1,,,3,,,2,1,2,,3,3,,,2,3,01,73,4482.3048081
5364185,1,2,1,10,2,1,1,1999,22,3,6,,6,2,,1,1,,,,,,,,,,,,,1,,,1,,,3,,,2,1,2,,5,11,2,,2,11,01,73,4482.3048081
5364185,1,3,1,10,3,1,7,2002,18,4,6,,6,2,,2,,,,,,,,,,,1,,,,,,1,,,3,,,2,1,1,1,4,9,,,2,9,01,73,4482.3048081
5364185,1,4,1,10,1,1,8,2008,12,4,6,,6,2,,2,,,,,,,,,,,1,,,,,,1,,,3,,,2,1,1,1,3,4,,,2,4,01,73,4482.3048081
5364186,1,1,1,10,1,1,11,1980,40,1,6,,4,2,,2,,,,,1,1,,,,,,,,,,1,1,,,3,,,2,1,2,,4,9,,,2,9,01,73,3514.0389748
5364187,1,1,1,10,1,2,4,1951,69,1,6,,4,3,,3,,,,,,,1,,,,,1,,,,1,1,,,3,,,2,1,2,,3,2,,,2,2,01,73,2332.0495264
5364188,1,1,1,10,1,1,4,1953,67,1,6,,5,3,,3,,,,,1,,,,,,,,,,,2,1,,,1,2,80000,2,1,2,,3,5,,,2,5,01,73,3164.0075124
5364190,1,1,1,10,1,1,8,1950,70,1,6,,4,3,,2,,,,,,,,,,,,,,1,,2,1,,,1,2,180000,2,1,2,,6,2,3,,2,13,01,73,3164.0075124
5364191,1,1,1,10,1,1,3,1965,55,1,6,,2,3,,2,,1,2,,1,1,1,,,,,1,,,,2,1,,,1,5,,2,1,2,,3,3,,,2,3,01,73,2479.7468592
5364191,1,2,1,10,2,2,11,1966,54,2,6,,2,2,,2,,1,1,,1,1,,,,,,1,,,,,1,,,1,5,,1,1,2,,4,6,,,2,6,01,73,2479.7468592
5364192,1,1,1,10,1,1,8,1939,81,1,6,,2,3,,3,,1,2,,,,,,,,,,,1,,1,1,,,3,,,2,1,2,,3,2,,,2,2,01,73,2455.3762593
5364192,1,2,1,10,2,2,2,1963,57,2,6,,2,3,,3,,1,1,,,,,,,,,,,1,,,1,,,3,,,2,1,2,,3,2,,,2,2,01,73,2455.3762593
5364192,1,3,1,10,3,1,7,1934,86,5,6,,6,3,,3,,,,,,,,,,,,,,1,,,1,,,3,,,2,1,2,,3,3,,,2,3,01,73,2455.3762593
5364193,1,1,1,10,1,1,3,1937,83,1,6,,2,3,,3,,1,2,,1,1,1,,,,,1,,,,1,1,,,3,,,1,1,2,,3,4,,,2,4,01,73,2393.7128928
5364193,1,2,1,10,2,2,3,1953,67,2,6,,2,3,,3,,1,1,,1,1,1,,,,,1,,,,,1,,,3,,,1,1,2,,3,2,,,2,2,01,73,2393.7128928
5364194,1,1,1,10,1,1,11,1987,33,1,6,,1,3,,2,,1,2,,1,1,1,,,,,1,,,,1,1,,,1,1,33500,2,1,2,,3,1,,,2,1,01,73,3879.7520213
5364194,1,2,1,10,2,2,3,1994,26,2,6,,1,2,,2,,1,1,,,,,,,,,,,1,,,1,,,3,,,2,1,2,,4,9,,,2,9,01,73,3879.7520213
5364194,1,3,1,10,2,1,7,2015,5,3,6,,,2,,1,2,,,,,,,,,,,,,,,,1,,,3,,,2,2,1,1,3,0,,,2,0,01,73,3879.7520213
5364194,1,4,1,10,2,2,8,2018,2,2,6,,,2,,1,2,,,,,,,,,,,,,,,,1,,,3,,,2,,,,,,,,2,,01,73,3879.7520213
5364194,1,5,1,10,2,1,1,2020,1,3,6,,,1,1,1,2,,,,,,,,,,,,,,,,1,,,3,,,2,,,,,,,,2,,01,73,3879.7520213
5364195,1,1,1,10,1,2,11,1985,35,1,6,,3,2,,2,,1,2,,,,,,,,,,,1,,2,1,,,1,1,35000,2,1,2,,6,2,3,,2,13,01,73,4215.9260041
5364195,1,2,1,10,2,1,9,1985,35,2,6,,3,2,,2,,1,1,,,,,,,,,,,1,,,1,,,1,1,40000,2,1,2,,3,5,,,2,5,01,73,4215.9260041
5364195,1,3,1,10,3,1,8,2001,19,3,6,,6,2,,1,1,,,,,,,,,,1,,,,,,1,,,1,5,,2,1,1,1,6,0,2,2,2,11,01,73,4215.9260041
5364195,1,4,1,10,1,2,12,2007,13,3,6,,6,1,2,1,1,,,,,,,,,,1,,,,,,1,,,1,5,,2,1,1,1,4,7,,,2,7,01,73,4215.9260041
5364195,1,5,1,10,5,1,9,1975,45,5,6,,4,3,,2,,,,,,,,,,,,,,1,,,1,,,1,1,40000,2,1,2,,3,5,,,2,5,01,73,4215.9260041
5364195,1,6,1,10,6,1,1,1998,23,9,6,,6,1,5,2,,,,,,,,,,,,,,1,,,1,,,3,,,2,1,2,,5,11,2,,2,11,01,73,4215.9260041
5364196,1,1,1,10,1,1,9,1960,60,1,6,,3,3,,3,,2,,1,,1,1,,,,,,,,,2,1,,,1,1,80000,2,1,2,,6,5,4,,2,16,01,73,2393.7128928
5364196,1,2,1,10,2,2,10,1965,55,5,6,,4,2,,2,,,,1,,1,,,,,,,,,,,1,,,3,,,2,1,2,,5,11,2,,2,11,01,73,2393.7128928
5364197,1,1,1,10,1,1,4,1963,57,1,6,,3,3,,2,,1,2,,,,1,,,,,,,,,2,1,,,3,,,2,1,2,,3,2,,,2,2,01,73,2479.7468592
5364197,1,2,1,10,2,2,2,1983,38,2,6,,3,2,,3,,1,1,,,,,,,,,,,1,,,1,,,3,,,2,1,2,,5,11,2,,2,11,01,73,2479.7468592
5364236,1,1,1,10,1,1,5,1964,56,1,6,,4,2,,2,,,,,1,1,1,,,,,1,,,,1,1,,,3,,,2,1,2,,5,10,1,,2,10,01,73,3164.0075124
5364237,1,1,1,10,1,1,3,1951,69,1,6,,5,3,,3,,,,,,,1,,,,,,,,,1,1,,,1,2,73000,2,1,2,,4,6,,,2,6,01,73,3164.0075124
5364239,1,1,1,10,1,2,5,1985,35,1,6,,4,2,,2,,,,,1,1,1,,,,,1,,,,1,2,1,1,,,,2,1,2,,4,8,,,2,8,01,73,2947.9719548
5364239,1,2,1,10,1,2,10,2004,16,3,6,,6,2,,1,1,,,,,,,,,,1,,,,,,2,1,1,,,,1,1,1,1,5,10,1,,2,10,01,73,2947.9719548
5364239,1,3,1,10,1,1,6,2007,13,3,6,,6,2,,1,1,,,,,,,,,,1,,,,,,2,1,1,,,,1,1,1,1,4,7,,,2,7,01,73,2947.9719548
5364239,1,4,1,10,1,1,5,2011,9,3,6,,,2,,1,1,,,,,,,,,,,,,,,,2,1,1,,,,1,1,1,1,3,4,,,2,4,01,73,2947.9719548
5364240,1,1,1,10,1,1,1,1955,66,1,6,,2,3,,3,,1,2,,,,,,,,,,,1,,2,1,,,2,2,266000,2,1,2,,6,5,4,,2,16,01,73,3196.4986198
5364240,1,2,1,10,2,2,10,1978,42,2,6,,2,2,,2,,1,1,,,,,,,1,,,,,,,1,,,2,5,,2,1,2,,6,2,3,,2,13,01,73,3196.4986198
5364240,1,3,1,10,3,1,9,2001,19,3,6,,6,2,,1,2,,,,,,,,,,1,,,,,,1,,,2,5,,2,1,1,2,6,1,2,2,2,12,01,73,3196.4986198
5364241,1,1,1,10,1,2,12,1960,60,1,6,,2,3,,3,,1,2,,,,,,,,,1,,,,1,1,,,3,,,2,1,2,,3,5,,,2,5,01,73,2455.3762593
5364241,1,2,1,10,2,1,12,1962,58,2,6,,2,3,,3,,1,1,,,,1,,,,,,,,,,1,,,3,,,2,1,2,,4,8,,,2,8,01,73,2455.3762593
5364241,1,3,1,10,2,1,2,1965,55,5,6,,6,3,,3,,,,,,,,,,,,,,1,,,1,,,3,,,2,2,2,,1,0,,,2,0,01,73,2455.3762593
5364242,1,1,1,10,1,1,6,1947,73,1,6,,5,3,,3,,,,,,1,,,,,,,,,,1,1,,,3,,,1,1,2,,3,5,,,2,5,01,73,3164.0075124
5364243,1,1,1,10,1,1,4,1955,65,1,6,,4,3,,3,,,,,,,,,,,,,,1,,1,1,,,3,,,1,1,2,,3,5,,,2,5,01,73,3164.0075124
5364247,1,1,1,10,1,1,10,1972,48,1,6,,2,2,,2,,1,2,,,1,,,,,,,,,,1,1,,,3,,,2,1,2,,4,9,,,2,9,01,73,3546.5300822
5364247,1,2,1,10,2,2,7,1975,45,2,6,,2,2,,2,,1,1,,,,,,,,,,,1,,,1,,,3,,,1,1,2,,4,8,,,2,8,01,73,3546.5300822
5364247,1,3,1,10,3,1,5,1998,22,3,6,,6,1,1,1,2,,,,,,1,,,1,,1,,,,,1,,,3,,,2,1,2,,5,11,2,,2,11,01,73,3546.5300822
5364248,1,1,1,10,1,2,12,1964,56,1,6,,6,3,,3,,,,,,,,,,,,,,1,,2,1,,,3,,,2,1,2,,5,11,2,,2,11,01,73,1551.172073
5364248,1,2,1,10,2,2,3,1960,60,5,6,,6,3,,3,,,,,,,,,,,,,,1,,,1,,,3,,,2,1,2,,5,11,2,,2,11,01,73,1551.172073
5364248,1,3,1,10,3,1,2,1961,59,5,6,,6,3,,3,,,,,,,1,,,,,,,,,,1,,,3,,,2,1,2,,5,11,2,,2,11,01,73,1551.172073
5364248,1,4,1,10,4,2,5,1967,53,5,6,,6,3,,3,,,,,,,,,,,,,,1,,,1,,,3,,,2,1,2,,5,11,2,,2,11,01,73,1551.172073
5364248,1,5,1,10,5,2,6,1995,25,5,6,,6,2,,1,4,,,,,,,,,,,,,1,,,1,,,1,1,36320,2,1,2,,6,2,3,,2,13,01,73,1551.172073
5364249,1,1,1,10,1,1,3,1949,71,1,6,,2,3,,3,,1,2,1,,,,,,,,,,,,1,1,,,1,5,,2,1,2,,3,5,,,2,5,01,73,2393.7128928
5364249,1,2,1,10,2,2,3,1950,70,2,6,,2,3,,3,,1,1,,,,,,,,,,,1,,,1,,,1,5,,2,1,2,,4,6,,,2,6,01,73,2393.7128928
5364250,1,1,1,10,1,1,12,1991,29,1,6,,2,2,,2,,1,2,,1,1,1,,,,,,,,,1,2,1,60,,,,1,1,2,,5,11,2,,2,11,01,73,3374.1530597
5364250,1,2,1,10,2,2,3,1991,29,2,6,,2,2,,2,,1,1,,,1,,,,,,,,,,,1,,,3,,,2,1,2,,5,11,2,,2,11,01,73,3374.1530597
5364250,1,3,1,10,2,1,6,2013,7,3,6,,,1,1,1,2,,,,,,,,,,,,,,,,1,,,3,,,2,1,1,1,3,1,,,2,1,01,73,3374.1530597
5364250,1,4,1,10,2,1,6,2018,2,3,6,,,1,1,1,2,,,,,,,,,,,,,,,,1,,,3,,,2,,,,,,,,2,,01,73,3374.1530597
5364252,1,1,1,10,1,1,4,1964,56,1,6,,2,3,,2,,1,2,,,,,,,,,,,1,,1,1,,,3,,,2,1,2,,3,5,,,2,5,01,73,3827.216414
5364252,1,2,1,10,2,2,12,1964,56,2,6,,2,3,,3,,1,1,,,,,,,,,,,1,,,1,,,3,,,2,1,2,,4,7,,,2,7,01,73,3827.216414
5364252,1,3,1,10,2,1,9,2007,13,3,6,,6,2,,1,2,,,,,,,,,,1,,,,,,1,,,1,5,,2,1,1,1,4,7,,,2,7,01,73,3827.216414
5364252,1,4,1,10,2,1,4,2008,12,4,6,,6,2,,2,,,,,,,,,,,1,,,,,,1,,,1,5,,2,1,1,1,4,0,,,2,5,01,73,3827.216414
5364254,1,1,1,10,1,2,4,1959,61,1,6,,5,3,,3,,,,,,,,,,,,,,1,,1,1,,,3,,,2,1,2,,3,3,,,2,3,01,73,2743.7443552
5364254,1,2,1,10,1,1,8,1985,35,3,6,,6,3,,1,1,,,,,,,,,,,,,1,,,1,,,3,,,1,2,2,,1,0,,,2,0,01,73,2743.7443552
5364255,1,1,1,10,1,1,8,1962,58,1,6,,2,3,,3,,1,2,,,,,,,,,,,1,,1,1,,,1,1,36000,2,2,2,,1,0,,,2,0,01,73,2393.7128928
5364255,1,2,1,10,2,2,4,1952,68,2,6,,2,3,,3,,1,1,,,,,,,,,,,1,,,1,,,1,5,,2,1,2,,3,5,,,2,5,01,73,2393.7128928
5364256,1,1,1,10,1,2,10,1983,37,1,6,,4,2,,2,,,,,,,,,,,,,,1,,1,2,2,,,,,2,1,2,,6,1,2,2,2,12,01,73,3234.6455999
5364256,1,2,1,10,1,1,1,2014,7,3,6,,,2,,1,1,,,,,,,,,,,,,,,,2,2,,,,,2,1,1,1,3,1,,,2,1,01,73,3234.6455999
5364256,1,3,1,10,1,1,3,2018,2,3,6,,,2,,1,1,,,,,,,,,,,,,,,,2,2,,,,,2,,,,,,,,2,,01,73,3234.6455999
5364256,1,4,1,10,1,1,10,2019,1,3,6,,,2,,1,1,,,,,,,,,,,,,,,,1,,,3,,,2,,,,,,,,2,,01,73,3234.6455999
5364257,1,1,1,10,1,1,10,1947,73,1,6,,5,3,,3,,,,,1,1,1,,,,,1,,,,1,1,,,3,,,2,1,2,,3,5,,,2,5,01,73,3064.3852223
5364257,1,2,1,10,2,2,5,1984,36,3,6,,4,1,1,3,,,,,,1,,,,,,,,,,,1,,,3,,,2,1,2,,5,11,2,,2,11,01,73,3064.3852223
5364257,1,3,1,10,2,1,1,2006,15,4,6,,6,2,,1,2,,,,,,,,,,1,,,,,,1,,,3,,,2,1,1,1,4,9,,,2,9,01,73,3064.3852223
5364257,1,4,1,10,2,2,12,2006,14,4,6,,6,2,,1,2,,,,,,,,,,1,,,,,,1,,,3,,,2,1,1,1,4,6,,,2,6,01,73,3064.3852223
5364257,1,5,1,10,2,2,12,2014,6,4,6,,,2,,1,2,,,,,,,,,,,,,,,,1,,,3,,,2,2,1,1,3,0,,,2,0,01,73,3064.3852223
5364257,1,6,1,10,6,2,11,1991,29,3,6,,6,1,1,3,,,,,,,1,,,,,,,,,,1,,,3,,,2,1,2,,5,11,2,,2,11,01,73,3064.3852223
5364257,1,7,1,10,6,2,6,2014,6,4,6,,,2,,1,6,,,,,,,,,,,,,,,,1,,,3,,,2,2,1,1,3,0,,,2,0,01,73,3064.3852223
5364258,1,1,1,10,1,1,4,1972,48,1,6,,2,2,,2,,1,2,,,,,,,,,,,1,,1,1,,,3,,,2,1,2,,3,5,,,2,5,01,73,4309.8301369
5364258,1,2,1,10,2,2,6,1970,50,2,6,,2,3,,2,,1,1,,,,,,,,,,,1,,,1,,,3,,,2,1,2,,3,5,,,2,5,01,73,4309.8301369
5364258,1,3,1,10,3,1,4,2001,19,3,6,,6,1,1,1,2,,,,,,,,,,,,,1,,,1,,,3,,,2,1,2,,3,5,,,2,5,01,73,4309.8301369
5364258,1,4,1,10,2,1,1,2006,15,3,6,,6,1,1,1,2,,,,,,,,,,1,,,,,,1,,,3,,,2,1,1,1,4,7,,,2,7,01,73,4309.8301369
5364258,1,5,1,10,5,2,9,1996,24,3,6,,4,1,1,1,2,,,,,,,,,,,,,1,,,1,,,3,,,2,1,2,,5,11,2,,2,11,01,73,4309.8301369
5364258,1,6,1,10,5,2,5,2017,3,4,6,,,2,,1,5,,,,,,,,,,,,,,,,1,,,3,,,2,2,2,,1,0,,,2,0,01,73,4309.8301369
5364278,1,1,1,10,1,1,9,1969,51,1,5,,2,2,,2,,1,2,,1,1,,,,1,,1,,,,1,1,,,3,,,2,1,2,,3,2,,,2,2,01,76,3845.7031159
5364278,1,2,1,10,2,2,2,1970,50,2,6,,2,3,,2,,1,1,,,1,,1,,1,,1,,,,,1,,,3,,,2,1,2,,5,11,2,,2,11,01,76,3845.7031159
5364278,1,3,1,10,2,2,3,2007,13,3,6,,6,1,1,1,2,,,,,,,,,,1,,,,,,1,,,3,,,2,1,1,1,4,8,,,2,8,01,76,3845.7031159
5366036,1,1,1,10,1,1,9,1985,35,1,6,,2,3,,3,,1,2,,,,,,,,,,,1,,1,1,,,3,,,2,1,2,,4,9,,,2,9,01,20,1915.4028827
5366036,1,2,1,10,2,2,12,2001,19,2,6,,2,2,,2,,1,1,,,,,,,,,,,1,,,1,,,3,,,2,1,2,,4,9,,,2,9,01,20,1915.4028827
5366036,1,3,1,10,2,2,9,2016,4,3,6,,,1,1,1,2,,,,,,,,,,,,,,,,1,,,3,,,2,2,2,,1,0,,,2,0,01,20,1915.4028827
5366036,1,4,1,10,2,1,6,2019,1,3,6,,,1,1,1,2,,,,,,,,,,,,,,,,1,,,3,,,2,,,,,,,,2,,01,20,1915.4028827
5366217,1,1,1,10,1,2,5,1941,79,1,6,,4,3,,3,,,,,1,,,,,1,,1,,,,1,1,,,3,,,1,1,2,,3,2,,,2,2,01,25,2053.9380571
5366217,1,2,1,10,1,1,11,1970,50,3,6,,6,2,,1,1,,,,,,,,,,,,,1,,,1,,,3,,,1,2,2,,1,0,,,2,0,01,25,2053.9380571
5366218,1,1,1,10,1,1,11,1946,74,1,6,,6,3,,3,,,,,,,,,,,,1,,,,1,1,,,3,,,1,1,2,,3,5,,,2,5,01,25,2512.6080122
5366219,1,1,1,10,1,1,4,1984,36,1,6,,3,2,,2,,1,2,,,,,,1,,,,,,,2,1,,,3,,,2,1,2,,4,6,,,2,6,01,25,9242.7212568
5366219,1,2,1,10,2,2,6,1977,43,2,6,,3,3,,2,,1,1,,,,,,,,,,,1,,,1,,,3,,,2,1,2,,5,11,2,,2,11,01,25,9242.7212568
5366219,1,3,1,10,3,2,5,2008,12,3,6,,6,1,1,1,2,,,,,,,,,,1,,,,,,1,,,3,,,2,1,1,1,4,7,,,2,7,01,25,9242.7212568
5366219,1,4,1,10,2,1,11,2009,11,3,6,,6,1,1,1,2,,,,,,,,,,1,,,,,,1,,,3,,,2,1,1,1,4,0,,,2,5,01,25,9242.7212568
5366219,1,5,1,10,5,2,11,2012,8,3,6,,,1,1,1,2,,,,,,,,,,,,,,,,1,,,3,,,2,2,1,1,3,2,,,2,2,01,25,9242.7212568
5366219,1,6,1,10,2,2,5,2016,4,3,6,,,1,1,1,2,,,,,,,,,,,,,,,,1,,,3,,,2,2,1,1,2,0,,,2,0,01,25,9242.7212568
5366220,1,1,1,10,1,1,8,1955,65,1,6,,2,3,,3,,1,2,,,1,1,1,,1,,,,,,1,1,,,3,,,2,1,2,,3,2,,,2,2,01,25,2053.9380571
5366220,1,2,1,10,3,2,7,1964,56,2,6,,2,2,,2,,1,1,,,,,,,,,,,1,,,1,,,3,,,2,1,2,,3,2,,,2,2,01,25,2053.9380571
5366220,1,3,1,10,3,2,5,1982,38,3,6,,4,1,1,1,2,,,,,,,,,,,,,1,,,1,,,1,1,35112,2,1,2,,5,11,2,,2,11,01,25,2053.9380571
5366220,1,4,1,10,3,2,9,2007,13,4,6,,6,2,,1,3,,,,,,,,,,1,,,,,,1,,,1,5,,2,1,1,1,4,7,,,2,7,01,25,2053.9380571
5366220,1,5,1,10,3,2,4,2011,9,4,6,,,2,,1,3,,,,,,,,,,,,,,,,1,,,1,5,,2,1,1,1,3,4,,,2,4,01,25,2053.9380571
5366221,1,1,1,10,1,1,9,1970,50,1,6,,3,3,,3,,1,2,,,1,1,,,1,,,,,,1,1,,,1,5,,2,1,2,,3,5,,,2,5,01,25,3623.6880292
5366221,1,2,1,10,2,2,11,1975,45,2,6,,3,2,,2,,1,1,,,1,1,,,1,,,,,,,1,,,1,3,113000,2,1,2,,6,2,3,,2,13,01,25,3623.6880292
5366221,1,3,1,10,3,1,4,2004,16,3,6,,6,1,1,1,2,,,,,,,,,,1,,,,,,1,,,1,5,,2,1,1,2,5,10,1,,2,10,01,25,3623.6880292
5366222,1,1,1,10,2,2,2,1978,42,1,6,,2,2,,2,,2,,,,1,1,,,,,,,,,2,1,,,1,5,,2,1,2,,5,11,2,,2,11,01,25,7498.0126018
5366222,1,2,1,10,2,2,7,1997,23,3,6,,3,3,,1,1,2,,,,,,,,,,,,1,,,1,,,2,5,,2,1,2,,5,11,2,,2,11,01,25,7498.0126018
5366222,1,3,1,10,2,1,5,2014,6,4,6,,,2,,1,2,,,,,,,,,,,,,,,,1,,,2,5,,2,1,1,1,3,1,,,2,1,01,25,7498.0126018
5366222,1,4,1,10,2,1,4,2016,4,4,6,,,2,,1,2,,,,,,,,,,,,,,,,1,,,2,5,,2,2,1,1,2,0,,,2,0,01,25,7498.0126018
5366228,1,1,1,10,1,2,7,1995,25,1,6,,2,2,,2,,1,2,,,,1,,,,1,,,,,2,1,,,1,1,50000,2,1,2,,6,2,3,,2,13,01,25,4655.1173194
5366228,1,2,1,10,2,1,5,1992,28,2,6,,2,3,,2,,1,1,,,,1,,,,,,,,,,1,,,1,1,48000,2,1,2,,5,11,2,,2,11,01,25,4655.1173194
5366228,1,3,1,10,2,1,8,2012,8,3,6,,,1,2,1,1,,,,,,,,,,,,,,,,1,,,1,5,,2,1,1,1,3,2,,,2,2,01,25,4655.1173194
5366229,1,1,1,10,1,2,3,1966,54,1,6,,4,3,,2,,,,,,1,1,,,1,,,,,,2,1,,,3,,,2,1,2,,3,3,,,2,3,01,25,6844.3115226
5366229,1,2,1,10,2,2,2,2004,16,3,6,,6,2,,1,1,,,,,,,,,,1,,,,,,1,,,3,,,2,1,1,2,6,1,2,2,2,12,01,25,6844.3115226
5366229,1,3,1,10,3,2,6,1993,27,3,6,,4,2,,1,1,,,,,,1,,,,,,,,,,1,,,1,9,,2,1,1,1,6,1,2,2,2,12,01,25,6844.3115226
5366229,1,4,1,10,4,1,4,2011,9,4,6,,,2,,1,3,,,,,,,,,,,,,,,,1,,,1,5,,2,1,1,1,3,4,,,2,4,01,25,6844.3115226
5366229,1,5,1,10,1,1,4,2018,2,4,6,,,2,,1,3,,,,,,,,,,,,,,,,1,,,1,5,,2,,,,,,,,2,,01,25,6844.3115226
5366229,1,6,1,10,1,2,12,2020,0,4,6,,,2,,1,3,,,,,,,,,,,,,,,,1,,,1,5,,2,,,,,,,,2,,01,25,6844.3115226
5366230,1,1,1,10,1,2,3,1988,32,1,6,,6,3,,1,4,,,1,1,,1,,,,,1,,,,2,1,,,3,,,2,1,1,1,6,1,2,2,2,12,01,25,2582.4847838
5366230,1,2,1,10,4,2,2,2012,8,3,6,,,2,,1,1,,,,,,,,,,,,,,,,1,,,2,5,,2,1,1,2,3,3,,,2,3,01,25,2582.4847838
5366230,1,3,1,10,4,2,8,2017,3,3,6,,,2,,1,1,,,,,,,,,,,,,,,,1,,,2,5,,2,2,2,,1,0,,,2,0,01,25,2582.4847838
5366230,1,4,1,10,4,2,5,1968,52,5,6,,5,3,,2,,,,,1,1,1,1,,,,,,,,,1,,,3,,,2,1,2,,4,6,,,2,6,01,25,2582.4847838
5366231,1,1,1,10,1,2,3,1937,83,1,6,,5,3,,3,,,,,,,,,,,,,,1,,1,1,,,3,,,2,2,2,,1,0,,,2,0,01,25,2582.4847838
5366231,1,2,1,10,2,1,6,1980,40,4,6,,6,2,,2,,,,,,,,,,,,,,1,,,1,,,1,1,908526,2,1,2,,3,5,,,2,5,01,25,2582.4847838
5366232,1,1,1,10,1,2,8,1957,63,1,6,,2,3,,2,,1,2,,,,,,,,,1,,,,1,1,,,3,,,2,2,2,,1,0,,,2,0,01,25,2582.4847838
5366232,1,2,1,10,2,1,10,1970,50,2,6,,2,2,,2,,1,1,,1,,1,,,,,1,,,,,1,,,1,1,35112,2,1,2,,3,1,,,2,1,01,25,2582.4847838
5366233,1,1,1,10,1,2,7,1969,51,1,6,,4,3,,2,,,,,,,,,,,,,,1,,1,1,,,3,,,2,1,2,,3,4,,,2,4,01,25,2582.4847838
5366234,1,1,1,10,1,1,3,1984,36,1,6,,2,1,3,2,,1,2,,,,,,,,,,,1,,2,1,,,1,1,98,2,1,2,,3,5,,,2,5,01,25,2582.4847838
5366234,1,2,1,10,2,2,7,1985,35,2,6,,2,3,,2,,1,1,,,,,,,1,,,,,,,1,,,1,5,,2,1,2,,3,5,,,2,5,01,25,2582.4847838
5366234,1,3,1,10,3,1,11,1951,69,5,6,,4,3,,3,,,,,,,,,,,,,,1,,,1,,,3,,,2,1,2,,3,1,,,2,1,01,25,2582.4847838
5366235,1,1,1,10,1,1,11,1960,60,1,6,,2,3,,2,,1,2,,,,1,,,,,,,,,1,1,,,1,1,35112,2,1,2,,3,4,,,2,4,01,25,2582.4847838
5366235,1,2,1,10,2,2,1,1960,61,2,6,,2,3,,3,,1,1,,1,,1,1,,1,,,,,,,1,,,1,5,,2,1,2,,3,5,,,2,5,01,25,2582.4847838
5366239,1,1,1,10,1,1,1,1986,35,1,6,,6,2,,2,,,,,1,1,1,,,1,,1,,,,2,1,,,3,,,2,1,2,,5,11,2,,2,11,01,25,8106.302628
5366245,1,1,1,10,2,1,5,1965,55,1,6,,3,2,,2,,1,2,,,,1,,,1,,1,,,,2,1,,,3,,,2,1,2,,4,8,,,2,8,01,25,1472.0266971
5366245,1,2,1,10,2,2,9,1967,53,2,6,,3,3,,2,,1,1,,,1,1,,,,,1,,,,,1,,,3,,,2,1,2,,5,11,2,,2,11,01,25,1472.0266971
5366245,1,3,1,10,3,1,3,1988,32,3,6,,6,1,1,1,2,,,,,1,1,1,,1,,1,,,,,2,1,18,,,,2,1,2,,5,11,2,,2,11,01,25,1472.0266971
5366246,1,1,1,10,1,2,12,1966,54,1,6,,2,3,,3,,1,2,,,1,1,,,,,,,,,2,1,,,1,5,,1,1,2,,3,5,,,2,5,01,25,6624.120137
5366246,1,2,1,10,2,1,11,1975,45,2,6,,2,2,,2,,1,1,,,,,,,,,,,1,,,1,,,3,,,2,1,2,,3,3,,,2,3,01,25,6624.120137
5366246,1,3,1,10,3,1,9,1992,28,3,6,,6,2,,1,1,,,,,,1,,,,,,,,,,1,,,1,1,98,2,1,2,,4,9,,,2,9,01,25,6624.120137
5366246,1,4,1,10,4,2,2,1999,22,3,6,,4,2,,1,1,,,,,,1,,,1,,,,,,,1,,,1,1,41000,2,1,2,,5,11,2,,2,11,01,25,6624.120137
5366246,1,5,1,10,4,2,12,2016,4,4,6,,,2,,1,4,,,,,,,,,,,,,,,,1,,,1,5,,2,1,1,1,2,0,,,2,0,01,25,6624.120137
5366246,1,6,1,10,1,2,4,2000,20,3,6,,4,2,,1,1,,,,,1,1,,,,,,,,,,1,,,1,5,,2,1,2,,4,9,,,2,9,01,25,6624.120137
5366246,1,7,1,10,1,2,5,2017,3,4,6,,,2,,1,6,,,,,,,,,,,,,,,,1,,,1,5,,2,2,2,,1,0,,,2,0,01,25,6624.120137
5366246,1,8,1,10,8,2,6,2001,19,3,6,,4,2,,1,1,,,,,,1,,,1,,,,,,,2,1,12,,,,2,1,2,,5,11,2,,2,11,01,25,6624.120137
5366246,1,9,1,10,8,1,12,2017,3,4,6,,,2,,1,8,,,,,,,,,,,,,,,,2,1,4,,,,2,2,1,1,2,0,,,2,0,01,25,6624.120137
5366247,1,1,1,10,1,1,9,1966,54,1,6,,2,3,,2,,1,2,,,1,1,,,,,,,,,2,1,,,2,5,,2,1,2,,5,11,2,,2,11,01,25,2653.4355654
5366247,1,2,1,10,2,2,6,1978,42,2,6,,2,2,,2,,1,1,,,,,,,,,,,1,,,1,,,2,1,289000,2,1,2,,6,7,5,,2,18,01,25,2653.4355654
5366247,1,3,1,10,3,1,9,2013,7,3,6,,,1,1,1,2,,,,,,,,,,,,,,,,1,,,2,5,,2,1,1,1,3,2,,,2,2,01,25,2653.4355654
5366248,1,1,1,10,1,2,2,1975,45,1,6,,6,3,,2,,,,,,,1,,,1,,1,,,,1,1,,,3,,,2,1,2,,4,8,,,2,8,01,25,5260.9284639
5366248,1,2,1,10,2,2,1,1997,24,3,6,,6,2,,1,1,,,1,1,,,1,,,,1,,,,,1,,,3,,,2,1,1,2,6,3,3,,2,14,01,25,5260.9284639
5366248,1,3,1,10,2,1,4,2001,19,3,6,,6,2,,1,1,,,,,,,,,,1,,,,,,1,,,3,,,2,1,1,2,6,3,3,,2,14,01,25,5260.9284639
5366248,1,4,1,10,4,1,1,2011,10,3,6,,6,2,,1,1,,,,,,,,,,1,1,,,,,1,,,3,,,2,1,1,1,3,4,,,2,4,01,25,5260.9284639
5366249,1,1,1,10,1,1,4,1948,72,1,6,,3,3,,3,,1,2,,1,,1,,,1,,1,,,,1,1,,,1,2,105000,2,1,2,,3,3,,,2,3,01,25,1472.0266971
5366249,1,2,1,10,2,2,10,1951,69,2,6,,3,3,,2,,1,1,,,,,,,,,1,,,,,1,,,1,5,,2,1,2,,3,5,,,2,5,01,25,1472.0266971
5366250,1,1,1,10,1,1,7,1951,69,1,6,,3,3,,3,,1,2,,,,,,,,,,1,,PROBLEMAS PARA ASISTIR   CITAS MEDICAS A BOGOTA,2,1,,,1,2,180000,2,1,2,,3,5,,,2,5,01,25,1472.0266971
5366250,1,2,1,10,2,2,11,1954,66,2,6,,3,3,,3,,1,1,,,,,,,,,,1,,NO PODER ASISTIR A CITAS MEDICAS PRESENCIALES,,1,,,1,2,80000,2,1,2,,3,4,,,2,4,01,25,1472.0266971
5366251,1,1,1,10,1,2,6,1968,52,1,6,,1,3,,3,,1,2,,,1,1,1,,1,,1,,,,1,1,,,3,,,2,1,2,,5,11,2,,2,11,01,25,1472.0266971
5366251,1,2,1,10,1,1,12,1982,38,2,6,,1,2,,3,,1,1,,,,1,,,,,1,,,,,1,,,3,,,2,1,2,,3,5,,,2,5,01,25,1472.0266971
5366252,1,1,1,10,1,2,1,1945,76,1,6,,5,3,,3,,,,,,,,,,,,,,1,,2,1,,,3,,,2,1,2,,3,2,,,2,2,01,25,1472.0266971
5366253,1,1,1,10,1,2,6,1951,69,1,6,,5,3,,3,,,,,,,1,,,1,,,,,,1,1,,,3,,,2,1,2,,3,1,,,2,1,01,25,1472.0266971
5366253,1,2,1,10,2,1,6,1976,44,3,6,,6,3,,1,1,,,,,,,,,,,,,1,,,1,,,3,,,2,1,2,,5,11,2,,2,11,01,25,1472.0266971
5366254,1,1,1,10,2,1,2,1968,52,1,6,,3,3,,2,,1,2,1,,1,1,1,,,,1,,,,2,1,,,1,3,109000,2,1,2,,5,11,2,,2,11,01,25,2597.0430328
5366254,1,2,1,10,2,2,1,1968,53,2,6,,3,3,,3,,1,1,,,1,1,,,,,1,,,,,1,,,1,5,,2,1,2,,5,11,2,,2,11,01,25,2597.0430328
5366254,1,3,1,10,2,1,8,1997,23,3,6,,6,1,1,1,2,,,,,1,1,1,,,1,1,,,,,2,1,12,,,,1,1,1,1,6,4,2,2,2,15,01,25,2597.0430328
5366255,1,1,1,10,1,1,3,1962,58,1,6,,4,2,,2,,,,,,1,1,,,1,,,,,,1,1,,,1,3,109000,2,1,2,,3,4,,,2,4,01,25,1472.0266971
5366255,1,2,1,10,2,2,2,1998,22,3,6,,6,1,1,2,,,,,,1,1,1,,,,,,,,,1,,,1,5,,2,1,2,,5,11,2,,2,11,01,25,1472.0266971
5366256,1,1,1,10,1,1,1,1955,66,1,6,,3,2,,2,,1,2,,,,,,,,,,1,,NO PODER ASISTIR A CITAS MEDICAS PRESENCIALES,2,1,,,1,5,,2,1,2,,5,11,2,,2,11,01,25,1472.0266971
5366256,1,2,1,10,2,2,6,1955,65,2,6,,3,3,,3,,1,1,,,,,,,,,,,1,,,1,,,1,2,88000,2,1,2,,5,11,2,,2,11,01,25,1472.0266971
5366259,1,1,1,10,1,1,3,1980,40,1,6,,6,3,,2,,,,,,1,1,1,,1,,1,,,,1,1,,,3,,,2,1,2,,4,7,,,2,7,01,25,1472.0266971
5366259,1,2,1,10,2,2,6,2005,15,3,6,,6,1,1,2,,,,,,,,,,,1,1,,,,,1,,,3,,,2,1,1,1,5,10,1,,2,10,01,25,1472.0266971
5366262,1,1,1,10,1,1,10,1958,62,1,6,,2,3,,3,,1,2,,,,,,,,,,,1,,1,1,,,3,,,2,1,2,,3,2,,,2,2,01,25,1472.0266971
5366262,1,2,1,10,2,2,1,1964,57,2,6,,2,2,,3,,1,1,,,,,,,,,1,,,,,1,,,3,,,2,1,2,,3,5,,,2,5,01,25,1472.0266971
5366262,1,3,1,10,2,2,12,1931,89,5,6,,6,3,,3,,,,,,,,,,,,,,1,,,1,,,3,,,2,2,2,,1,0,,,2,0,01,25,1472.0266971
5366263,1,1,1,10,1,1,3,1980,40,1,6,,3,2,,2,,1,2,,,1,1,1,,,,,,,,2,1,,,1,1,35112,2,1,2,,6,2,2,2,2,13,01,25,1472.0266971
5366263,1,2,1,10,2,2,9,1983,37,2,6,,3,2,,1,4,1,1,,,,,,,,,,,1,,,1,,,1,5,,2,1,2,,5,11,2,,2,11,01,25,1472.0266971
5366263,1,3,1,10,2,1,11,2011,9,3,6,,,1,1,1,2,,,,,,,,,,,,,,,,1,,,1,5,,2,1,1,1,3,3,,,2,3,01,25,1472.0266971
5366263,1,4,1,10,2,2,7,1965,55,5,6,,4,3,,3,,,,,,,,,,,,,,1,,,1,,,3,,,2,1,2,,3,3,,,2,3,01,25,1472.0266971
5366263,1,5,1,10,1,1,10,2010,10,9,6,,6,2,,2,,,,,,,,,,,1,,,,,,1,,,1,5,,2,1,1,1,3,4,,,2,4,01,25,1472.0266971
5366264,1,1,1,10,1,2,4,1980,40,1,6,,4,1,3,3,,,,,,,1,1,,1,,,,,,1,1,,,3,,,2,1,2,,5,11,2,,2,11,01,25,1472.0266971
5366264,1,2,1,10,2,2,8,2004,16,3,6,,6,2,,1,1,,,,,,,,,,1,,,,,,1,,,3,,,2,1,1,1,5,10,1,,2,10,01,25,1472.0266971
5366264,1,3,1,10,1,1,1,1944,77,5,6,,5,3,,3,,,,,,,,,,,,,,1,,,1,,,1,5,,2,1,2,,3,3,,,2,3,01,25,1472.0266971
5366265,1,1,1,10,1,1,2,1960,60,1,6,,4,1,2,3,,,,,,,,,,,,,,1,,1,1,,,2,5,,2,1,2,,3,4,,,2,4,01,25,1472.0266971
5366265,1,2,1,10,2,1,5,1935,85,5,6,,5,3,,3,,,,,,,,,,,,,1,,NO PODER ASISTIR CITAS MEDICAS PRESENCIALES,,1,,,3,,,2,1,2,,3,2,,,2,2,01,25,1472.0266971
5366266,1,1,1,10,1,1,1,1947,74,1,6,,4,3,,3,,,,,,,,,,,,1,,,,1,1,,,3,,,2,1,2,,3,4,,,2,4,01,25,1800.7485964
5366267,1,1,1,10,1,2,11,2002,18,1,6,,1,2,,3,,1,2,,1,,1,,,,,,,,,2,2,1,12,,,,1,1,2,,4,9,,,2,9,01,25,6624.120137
5366267,1,2,1,10,2,1,8,2000,20,2,6,,1,2,,2,,1,1,,1,,1,,,,,,,,,,2,1,36,,,,2,1,2,,5,10,1,,2,10,01,25,6624.120137
5366267,1,3,1,10,2,1,7,2020,0,3,6,,,1,2,1,1,,,,,,,,,,,,,,,,1,,,3,,,2,,,,,,,,2,,01,25,6624.120137
5366268,1,1,1,10,1,1,12,1954,66,1,6,,4,3,,3,,,,,,,,,,,,,,1,,2,1,,,3,,,2,1,2,,3,5,,,2,5,01,25,1800.7485964
5366270,1,1,1,10,1,2,12,1987,33,1,5,,4,2,,2,,,,,1,1,1,,,,,,,,,2,1,,,3,,,2,1,2,,5,11,2,,2,11,01,41,859.95624032
5366270,1,2,1,10,1,2,3,2008,12,3,5,,6,2,,1,1,,,,,,,,,,1,,,,,,1,,,2,5,,2,1,1,1,4,8,,,2,8,01,41,859.95624032
5366270,1,3,1,10,1,1,2,2020,0,3,5,,,2,,1,1,,,,,,,,,,,,,,,,1,,,3,,,2,,,,,,,,2,,01,41,859.95624032
5366289,1,1,1,10,1,2,6,1963,57,1,6,,4,3,,3,,,,,,,,,,1,,,,,,1,1,,,3,,,2,1,2,,6,2,3,,2,13,01,44,2457.8823789
5366289,1,2,1,10,2,1,9,1991,29,3,6,,6,2,,1,1,,,,,1,1,,,,,,,,,,2,1,24,,,,1,1,2,,6,2,2,2,2,13,01,44,2457.8823789
5366291,1,1,1,10,1,1,4,1952,68,1,6,,3,3,,3,,1,2,,,,,,,,,1,,,,1,2,1,36,,,,2,1,2,,3,3,,,2,3,01,44,1869.4113328
5366291,1,2,1,10,2,2,2,1955,66,2,6,,3,3,,2,,1,1,,,,,,,,,1,,,,,1,,,3,,,2,1,2,,3,5,,,2,5,01,44,1869.4113328
5366291,1,3,1,10,3,1,2,1980,40,3,6,,4,1,1,1,2,,,,,,,,,,,1,,,,,1,,,1,5,,2,1,2,,5,11,2,,2,11,01,44,1869.4113328
5366291,1,4,1,10,4,2,2,2004,16,9,1,50_22,6,2,,2,,,,,,,,,,,1,,,,,,1,,,3,,,2,1,1,1,5,10,1,,2,10,01,44,1869.4113328
5366293,1,1,1,10,1,1,11,1973,47,1,5,,3,2,,3,,1,2,,1,1,1,,,,,1,,,,1,1,,,3,,,2,1,2,,5,11,2,,2,11,01,44,3568.8529272
5366293,1,2,1,10,2,2,10,1975,45,2,5,,3,2,,2,,1,1,,,,,,,,,1,,,,,1,,,3,,,2,1,2,,5,11,2,,2,11,01,44,3568.8529272
5366293,1,3,1,10,3,1,10,2008,12,3,6,,6,1,1,1,2,,,,,,,,,,1,,,,,,1,,,3,,,2,1,1,1,4,7,,,2,7,01,44,3568.8529272
5366293,1,4,1,10,2,1,6,2012,8,3,6,,,1,1,1,2,,,,,,,,,,,,,,,,1,,,3,,,2,1,1,1,3,3,,,2,3,01,44,3568.8529272
5366295,1,1,1,10,1,1,3,1978,42,1,5,,2,2,,2,,1,2,,1,1,1,,,1,,1,,,,1,1,,,1,1,35000,2,1,2,,6,2,3,,2,13,01,44,4407.3775286
5366295,1,2,1,10,2,2,2,1977,43,2,5,,2,2,,2,,1,1,,,,,,,,,1,,,,,1,,,3,,,2,1,2,,6,2,3,,2,13,01,44,4407.3775286
5366295,1,3,1,10,2,1,11,2003,17,3,6,,6,1,1,1,2,,,,,,,,,,1,,,,,,1,,,3,,,2,1,1,1,4,8,,,2,8,01,44,4407.3775286
5366295,1,4,1,10,2,1,4,2007,13,3,6,,6,1,1,1,2,,,,,,,,,,1,,,,,,1,,,3,,,2,1,1,1,4,6,,,2,6,01,44,4407.3775286
5366295,1,5,1,10,2,1,8,2010,10,3,6,,6,1,1,1,2,,,,,,,,,,1,,,,,,1,,,3,,,2,1,1,1,3,4,,,2,4,01,44,4407.3775286
5366295,1,6,1,10,2,1,2,2018,2,3,6,,,1,1,1,2,,,,,,,,,,,,,,,,1,,,3,,,2,,,,,,,,2,,01,44,4407.3775286
5366296,1,1,1,10,1,2,10,1994,26,1,6,,2,2,,2,,1,2,,,,,,,,,1,,,,1,2,1,120,,,,1,1,2,,5,11,2,,2,11,01,44,3525.4980937
5366296,1,2,1,10,2,1,3,1991,29,2,5,,2,2,,2,,1,1,,1,1,1,,,,,,,,,,1,,,3,,,2,1,2,,6,1,3,,2,12,01,44,3525.4980937
5366296,1,3,1,10,1,1,5,2013,7,3,6,,,2,,1,1,,,,,,,,,,,,,,,,1,,,3,,,2,1,1,1,3,1,,,2,1,01,44,3525.4980937
5366296,1,4,1,10,1,1,12,2018,2,3,6,,,1,2,1,1,,,,,,,,,,,,,,,,1,,,3,,,2,,,,,,,,2,,01,44,3525.4980937
5366298,1,1,1,10,1,1,11,1955,65,1,6,,3,3,,3,,1,2,,,,1,,,,,1,,,,1,1,,,3,,,2,1,2,,3,5,,,2,5,01,44,1828.049569
5366298,1,2,1,10,2,2,2,1955,65,2,6,,3,3,,3,,1,1,,1,1,1,,,,,1,,,,,1,,,3,,,2,1,2,,3,5,,,2,5,01,44,1828.049569
5366299,1,1,1,10,1,2,5,1999,21,1,1,50_21,4,2,,2,,,,,1,,1,,,,,1,,,,1,1,,,3,,,2,1,2,,6,2,3,,2,13,01,44,3695.5716289
5366299,1,2,1,10,1,1,9,2017,3,3,1,50_21,,2,,1,1,,,,,,,,,,,,,,,,1,,,3,,,2,2,2,,1,0,,,2,0,01,44,3695.5716289
5366299,1,3,1,10,3,1,3,2002,18,5,1,50_21,6,2,,2,,,,,,,,,,,1,,,,,,1,,,3,,,2,1,1,1,5,10,1,,2,10,01,44,3695.5716289
5366301,1,1,1,10,1,1,4,1975,45,1,1,50_21,3,2,,2,,1,2,,1,1,1,,,1,,1,,,,1,2,1,2,,,,2,1,2,,6,5,4,,2,16,01,44,3192.9454601
5366301,1,2,1,10,2,2,11,1977,43,2,6,,3,2,,2,,1,1,,1,,1,,,,,1,,,,,1,,,1,1,35000,2,1,2,,6,2,3,,2,13,01,44,3192.9454601
5366301,1,3,1,10,3,1,1,1999,22,3,6,,6,1,1,1,2,,,,,,,,,,1,,,,,,1,,,3,,,2,1,1,1,6,5,2,2,2,16,01,44,3192.9454601
5366308,1,1,1,10,1,1,11,1946,74,1,6,,3,3,,3,,1,2,,,,,,,,,1,,,,1,1,,,1,5,,2,1,2,,3,5,,,2,5,01,44,1949.7032086
5366308,1,2,1,10,2,2,7,1950,70,2,6,,3,3,,3,,1,1,,,,,,,,,1,,,,,1,,,1,5,,2,1,2,,3,5,,,2,5,01,44,1949.7032086
5366308,1,3,1,10,3,2,6,1984,36,3,6,,2,1,1,1,2,1,4,,,,,,,,,1,,,,,1,,,1,5,,2,1,2,,6,2,3,,2,13,01,44,1949.7032086
5366308,1,4,1,10,4,1,7,1985,35,5,6,,2,2,,2,,1,3,,,,,,,,,1,,,,,1,,,1,1,34000,2,1,2,,6,2,3,,2,13,01,44,1949.7032086
5366308,1,5,1,10,3,1,2,2012,8,4,6,,,1,4,1,3,,,,,,,,,,,,,,,,1,,,1,5,,2,1,1,1,3,3,,,2,3,01,44,1949.7032086
5366310,1,1,1,10,1,2,10,1970,50,1,5,,3,2,,2,,2,,,,,,,,,,1,,,,2,1,,,1,5,,2,1,2,,5,11,2,,2,11,01,44,2600.8978535
5366310,1,2,1,10,2,2,8,1994,26,3,5,,6,2,,1,1,,,,,,,,,1,,,,,,,2,1,12,,,,2,1,2,,6,5,4,,2,16,01,44,2600.8978535
5366310,1,3,1,10,3,1,7,2002,18,3,5,,6,2,,1,1,,,,,,,,,,1,,,,,,1,,,1,5,,2,1,2,,5,11,2,,2,11,01,44,2600.8978535
5366316,1,1,1,10,1,1,2,1944,76,1,5,,2,3,,3,,1,2,,,,,,,,,1,,,,1,1,,,3,,,2,2,2,,1,0,,,2,0,01,44,1828.049569
5366316,1,2,1,10,2,2,10,1952,68,2,6,,2,3,,3,,1,1,,,,,,,,,1,,,,,1,,,3,,,2,1,2,,3,3,,,2,3,01,44,1828.049569
5366317,1,1,1,10,1,2,8,1977,43,1,5,,2,3,,2,,1,2,,1,1,,,,1,,1,,,,1,1,,,3,,,2,1,2,,5,11,2,,2,11,01,44,2894.520375
5366317,1,2,1,10,2,1,3,1975,45,2,6,,2,2,,2,,1,1,,,,1,,,,,1,,,,,1,,,3,,,2,1,2,,4,8,,,2,8,01,44,2894.520375
5366317,1,3,1,10,3,2,4,2000,20,3,6,,6,2,,1,2,,,,,,,,,,,,,1,,,1,,,3,,,2,1,2,,5,11,2,,2,11,01,44,2894.520375
5366317,1,4,1,10,4,2,12,2004,16,3,6,,6,2,,1,1,,,,,,,,,,,1,,,,,1,,,3,,,2,1,1,1,4,9,,,2,9,01,44,2894.520375
5366317,1,5,1,10,1,1,10,2018,2,3,6,,,1,2,1,1,,,,,,,,,,,,,,,,1,,,3,,,2,,,,,,,,2,,01,44,2894.520375
5366318,1,1,1,10,1,1,4,1990,30,1,1,720_01,4,3,,2,,,,,1,,1,,,,,,,,,1,1,,,3,,,2,1,2,,4,8,,,2,8,01,44,3616.0961771
5366318,1,2,1,10,2,1,6,1999,21,5,1,720_01,6,3,,2,,,,,,,1,,,,,,,,,,1,,,3,,,2,1,2,,5,11,2,,2,11,01,44,3616.0961771
5366319,1,1,1,10,1,2,1,1987,34,1,6,,2,2,,2,,2,,,,,1,,,1,,1,,,,1,1,,,3,,,2,1,2,,5,11,2,,2,11,01,44,2871.8095089
5366319,1,2,1,10,2,2,7,2004,16,3,6,,6,2,,1,1,,,,,,,,,,1,,,,,,1,,,3,,,2,1,1,1,5,10,1,,2,10,01,44,2871.8095089
5366319,1,3,1,10,1,2,8,2012,8,3,6,,,2,,1,1,,,,,,,,,,,,,,,,1,,,3,,,2,1,1,1,3,2,,,2,2,01,44,2871.8095089
5366320,1,1,1,10,1,1,4,1969,51,1,6,,4,3,,3,,,,,1,,1,1,,1,,1,,,,2,1,,,3,,,2,1,2,,3,5,,,2,5,01,44,3196.8338764
5366321,1,1,1,10,1,1,9,1990,30,1,5,,2,2,,2,,1,2,1,1,1,1,1,,,,,,,,2,1,,,3,,,2,1,2,,6,1,3,,2,12,01,44,3069.2987506
5366321,1,2,1,10,2,2,3,1996,24,2,6,,2,3,,2,,1,1,1,,,,,,,,1,,,,,1,,,1,3,110000,2,1,2,,6,2,3,,2,13,01,44,3069.2987506
5366324,1,1,1,10,1,2,5,1995,25,1,6,,2,2,,2,,1,2,,,,,,,,,1,,,,1,1,,,3,,,2,1,2,,5,11,2,,2,11,01,44,3149.5906265
5366324,1,2,1,10,2,1,3,1990,30,2,6,,2,2,,2,,1,1,,,1,1,,,,,1,,,,,1,,,3,,,2,1,2,,5,11,2,,2,11,01,44,3149.5906265
5366324,1,3,1,10,1,1,3,2016,4,3,6,,,1,2,1,1,,,,,,,,,,,,,,,,1,,,3,,,2,2,2,,1,0,,,2,0,01,44,3149.5906265
5366331,1,1,1,10,1,2,12,1990,30,1,6,,4,2,,2,,,,,,,1,,,,,,,,,2,1,,,3,,,2,1,2,,6,2,3,,2,13,01,68,4355.5673027
5366331,1,2,1,10,1,2,7,2013,7,3,6,,,2,,1,1,,,,,,,,,,,,,,,,1,,,3,,,2,1,1,1,3,2,,,2,2,01,68,4355.5673027
5366331,1,3,1,10,1,1,10,2017,3,3,6,,,2,,1,1,,,,,,,,,,,,,,,,1,,,3,,,2,2,2,,1,0,,,2,0,01,68,4355.5673027
5366698,1,1,1,10,1,1,8,1953,67,1,6,,2,3,,3,,1,2,,,1,1,,,,,,,,,1,1,,,3,,,2,1,2,,3,5,,,2,5,01,23,934.40356495
5366698,1,2,1,10,2,2,1,1958,63,2,6,,2,3,,1,10,1,1,,,,,,,,,,,1,,,1,,,3,,,2,2,2,,1,0,,,2,0,01,23,934.40356495
5366698,1,3,1,10,3,2,5,1979,41,3,6,,4,2,,1,1,,,,,,,,,,,,,1,,,1,,,3,,,2,2,2,,1,0,,,2,0,01,23,934.40356495
5366698,1,4,1,10,2,1,11,2011,9,4,6,,,2,,1,3,,,,,,,,,,,,,,,,1,,,3,,,2,1,1,1,3,4,,,2,4,01,23,934.40356495
5366698,1,5,1,10,5,1,8,1984,36,3,6,,4,2,,1,2,,,,,,,,,,,,,1,,,1,,,1,1,35112,2,1,2,,6,3,3,,2,14,01,23,934.40356495
5366698,1,6,1,10,6,2,11,1992,28,3,6,,4,1,1,1,2,,,,,,,,,,,,,1,,,1,,,1,1,35112,2,1,2,,6,3,3,,2,14,01,23,934.40356495
5366698,1,7,1,10,6,1,3,2017,3,4,6,,,2,,1,6,,,,,,,,,,,,,,,,1,,,3,,,2,2,2,,1,0,,,2,0,01,23,934.40356495
5366698,1,8,1,10,8,1,4,1995,25,4,6,,6,2,,2,,,,,,,,,,,,,,1,,,1,,,3,,,2,1,2,,5,11,2,,2,11,01,23,934.40356495
5366698,1,9,1,10,9,1,12,2000,20,4,6,,6,2,,2,,,,,,,,,,,,,,1,,,1,,,3,,,2,1,2,,5,11,2,,2,11,01,23,934.40356495
5366698,1,10,1,10,10,2,3,1935,85,5,6,,5,3,,3,,,,,,,,,,,,,,1,,,1,,,3,,,2,2,2,,1,0,,,2,0,01,23,934.40356495
5366765,1,1,1,10,1,1,5,1962,58,1,6,,3,3,,3,,1,2,,,,1,,,,,,,,,1,1,,,3,,,2,2,2,,1,0,,,2,0,01,66,721.92986823
5366765,1,2,1,10,2,2,1,1953,68,2,6,,3,3,,3,,1,1,,,,,,,,,,,1,,,1,,,3,,,2,1,2,,3,2,,,2,2,01,66,721.92986823
5366766,1,1,1,10,1,1,12,1988,32,1,6,,2,3,,2,,1,2,,,,,,,,,,,1,,2,1,,,3,,,2,1,2,,3,5,,,2,5,01,66,853.44466204
5366766,1,2,1,10,2,2,11,1992,28,2,6,,2,3,,2,,1,1,,,,,,,,,,,1,,,1,,,3,,,2,1,2,,3,5,,,2,5,01,66,853.44466204
5366767,1,1,1,10,1,2,7,1961,59,1,6,,5,3,,3,,,,,,,,,,,,,,1,,1,1,,,3,,,2,1,2,,3,5,,,2,5,01,05,4630.2620564
5366767,1,2,1,10,1,1,10,1986,34,3,6,,6,3,,1,1,,,,,,,,,,,,,1,,,2,1,144,,,,2,1,2,,5,11,2,,2,11,01,05,4630.2620564
5366767,1,3,1,10,1,1,6,1992,28,3,6,,6,3,,1,1,,,,,,,,,,,,,1,,,2,1,96,,,,2,1,2,,4,6,,,2,6,01,05,4630.2620564
5366769,1,1,1,10,2,1,6,2001,19,1,6,,1,2,,2,,1,2,,,,,,,,,,,1,,1,1,,,3,,,2,1,2,,4,8,,,2,8,01,13,1838.4134771
5366769,1,2,1,10,2,2,6,2003,17,2,6,,1,2,,2,,1,1,,,,,,,,,,,1,,,1,,,3,,,2,1,2,,3,3,,,2,3,01,13,1838.4134771
5366769,1,3,1,10,2,1,12,2020,0,3,6,,,1,1,1,2,,,,,,,,,,,,,,,,1,,,3,,,2,,,,,,,,2,,01,13,1838.4134771
5366770,1,1,1,10,1,1,7,1996,24,1,6,,2,2,,2,,1,2,,,,1,,,,,,,,,1,2,1,24,,,,2,1,2,,4,6,,,2,6,01,18,1701.7751471
5366770,1,2,1,10,2,2,9,1997,23,2,6,,2,2,,2,,1,1,,,,,,,,,1,,,,,2,1,24,,,,1,1,2,,5,11,2,,2,11,01,18,1701.7751471
5366770,1,3,1,10,2,2,11,2017,3,3,6,,,1,1,1,2,,,,,,,,,,,,,,,,2,1,24,,,,2,2,2,,1,0,,,2,0,01,18,1701.7751471
5366770,1,4,1,10,2,2,4,2020,0,3,6,,,1,1,1,2,,,,,,,,,,,,,,,,2,2,,,,,2,,,,,,,,2,,01,18,1701.7751471
5366771,1,1,1,10,1,1,1,1960,61,1,6,,2,2,,2,,1,2,,,,1,,,,,,,,,1,1,,,3,,,2,1,2,,3,2,,,2,2,01,18,1065.719915
5366771,1,2,1,10,2,2,12,1967,53,2,6,,2,2,,3,,1,1,,,,,,,,,,,1,,,1,,,3,,,2,1,2,,3,5,,,2,5,01,18,1065.719915
5366771,1,3,1,10,3,2,7,2003,17,3,6,,6,3,,1,2,,,,,,,,,,,,,1,,,1,,,3,,,2,1,2,,3,5,,,2,5,01,18,1065.719915
5366771,1,4,1,10,4,1,4,2005,15,3,6,,6,3,,1,1,,,,,,,,,,,,,1,,,1,,,3,,,2,1,2,,3,4,,,2,4,01,18,1065.719915
5366874,1,1,1,10,1,1,10,1960,60,1,6,,4,3,,3,,,,,,,1,,,,,,,,,1,1,,,3,,,2,1,2,,3,3,,,2,3,01,44,2567.0010665
5366906,1,1,1,10,1,1,10,1999,21,1,1,280_01,2,2,,2,,1,2,,,,,,,,,,,1,,1,1,,,3,,,2,1,1,1,4,8,,,2,8,01,27,2664.7468291
5366906,1,2,1,10,2,2,,,15,2,1,280_01,2,2,,2,,1,1,,,,,,,,1,,,,,,1,,,3,,,2,1,1,1,3,4,,,2,4,01,27,2664.7468291
5366906,1,3,1,10,3,2,9,2001,19,5,1,280_01,6,2,,2,,,,,,,,,,,1,,,,,,1,,,3,,,2,1,1,1,4,6,,,2,6,01,27,2664.7468291
5366906,1,4,1,10,3,2,6,2018,2,5,1,280_01,,2,,1,3,,,,,,,,,,,,,,,,1,,,3,,,2,,,,,,,,2,,01,27,2664.7468291
5366906,1,5,1,10,3,1,10,2020,0,5,1,280_01,,2,,1,3,,,,,,,,,,,,,,,,1,,,3,,,2,,,,,,,,2,,01,27,2664.7468291
5366912,1,1,1,10,1,1,1,1957,64,1,5,,4,3,,2,,,,,1,1,1,,,,,1,,,,1,1,,,3,,,2,1,2,,5,11,2,,2,11,01,44,2986.2633672
5366912,1,2,1,10,2,1,9,2000,20,3,6,,6,1,1,2,,,,,,,,,,,1,,,,,,1,,,3,,,2,1,1,1,5,10,1,,2,10,01,44,2986.2633672
5366913,1,1,1,10,1,1,11,1979,41,1,6,,2,2,,2,,1,2,,,,,,,,,,,1,,2,1,,,3,,,2,1,2,,3,2,,,2,2,01,63,1202.5268437
5366913,1,2,1,10,2,2,8,1981,39,2,6,,2,3,,2,,1,1,,,,,,,,,,,1,,,1,,,3,,,2,1,2,,3,2,,,2,2,01,63,1202.5268437
5366913,1,3,1,10,3,2,12,2010,10,3,6,,6,1,1,1,2,,,,,,,,,,1,,,,,,1,,,3,,,2,1,1,1,3,4,,,2,4,01,63,1202.5268437
5366913,1,4,1,10,1,2,8,2016,4,3,6,,,1,1,1,2,,,,,,,,,,,,,,,,1,,,3,,,2,2,2,,1,0,,,2,0,01,63,1202.5268437
5366918,1,1,1,10,5,1,8,1936,84,1,6,,3,3,,3,,1,2,,,,,,,,,,,1,,1,1,,,3,,,2,1,2,,3,4,,,2,4,01,05,3454.5020977
5366918,1,2,1,10,5,2,7,1950,70,2,6,,3,3,,3,,1,1,,,,,,,,,,,1,,,1,,,3,,,2,2,2,,1,0,,,2,0,01,05,3454.5020977
5366918,1,3,1,10,5,1,4,1973,47,3,6,,6,1,1,1,2,,,,,,,,,1,,,,,,,1,,,3,,,2,1,2,,3,3,,,2,3,01,05,3454.5020977
5366918,1,4,1,10,5,1,1,1976,45,3,6,,6,1,1,1,2,,,,,,,,,,,,,1,,,1,,,3,,,2,1,2,,3,5,,,2,5,01,05,3454.5020977
5366918,1,5,1,10,5,2,7,1979,41,3,6,,6,1,1,1,2,,,,,,,,,,,1,,,,,1,,,3,,,2,1,2,,3,4,,,2,4,01,05,3454.5020977
5366918,1,6,1,10,6,2,11,1982,38,3,6,,6,1,1,1,2,,,,,,,,,,,,,1,,,1,,,3,,,2,1,2,,3,2,,,2,2,01,05,3454.5020977
5366918,1,7,1,10,6,2,2,2015,5,4,6,,,2,,1,6,,,,,,,,,,,,,,,,1,,,1,5,,2,2,1,1,3,0,,,2,0,01,05,3454.5020977
5366920,1,1,1,10,1,2,2,1958,62,1,6,,2,3,,3,,1,2,,,,,,,,,1,,,,1,1,,,3,,,2,1,2,,3,3,,,2,3,01,08,1897.9654275
5366920,1,2,1,10,2,1,3,1940,80,2,6,,2,3,,3,,1,1,,,,,,,,,,,1,,,1,,,3,,,2,2,2,,1,0,,,2,0,01,08,1897.9654275
5366920,1,3,1,10,3,2,7,1997,23,3,5,,4,1,2,1,1,,,,,,,,,,,,,1,,,1,,,3,,,2,1,2,,5,11,2,,2,11,01,08,1897.9654275
5366920,1,4,1,10,3,2,7,2018,2,4,6,,,2,,1,3,,,,,,,,,,,,,,,,1,,,3,,,2,,,,,,,,2,,01,08,1897.9654275
5366923,1,1,1,10,1,1,9,1991,29,1,6,,2,2,,2,,1,2,,,,,,,,,,,1,,1,1,,,1,1,32000,2,1,2,,5,11,2,,2,11,01,08,4035.7943154
5366923,1,2,1,10,2,2,6,1995,25,2,6,,2,2,,2,,1,1,,,,,,,,,,,1,,,1,,,1,5,,2,1,2,,3,3,,,2,3,01,08,4035.7943154
5366923,1,3,1,10,2,2,2,2012,8,3,6,,,1,1,1,2,,,,,,,,,,,,,,,,1,,,1,5,,2,1,1,1,3,2,,,2,2,01,08,4035.7943154
5366923,1,4,1,10,1,2,3,2013,7,3,6,,,1,1,1,2,,,,,,,,,,,,,,,,1,,,1,5,,2,2,1,1,3,0,,,2,0,01,08,4035.7943154
5366923,1,5,1,10,1,2,12,2015,5,3,6,,,1,1,1,2,,,,,,,,,,,,,,,,1,,,1,5,,2,2,1,1,2,0,,,2,0,01,08,4035.7943154
5366923,1,6,1,10,1,1,1,2018,3,3,6,,,1,1,1,2,,,,,,,,,,,,,,,,1,,,1,5,,2,2,2,,1,0,,,2,0,01,08,4035.7943154
5366923,1,7,1,10,1,1,9,2020,0,3,6,,,1,1,1,2,,,,,,,,,,,,,,,,1,,,1,5,,2,,,,,,,,2,,01,08,4035.7943154
5366923,1,8,1,10,8,1,12,1994,26,5,6,,2,2,,2,,1,9,,,,,,,,,,,1,,,2,2,,,,,2,1,2,,3,3,,,2,3,01,08,4035.7943154
5366923,1,9,1,10,9,2,3,1992,28,5,6,,2,2,,2,,1,8,,,,,,,,,,,1,,,1,,,3,,,2,1,2,,4,9,,,2,9,01,08,4035.7943154
5366924,1,1,1,10,1,2,1,1983,38,1,6,,2,2,,2,,1,2,,,,,1,,,,,,,,1,1,,,3,,,2,1,2,,5,13,2,1,2,13,01,13,1929.7773841
5366924,1,2,1,10,2,1,10,1980,40,2,6,,2,2,,2,,1,1,,,,,1,,,,,,,,,1,,,3,,,2,1,2,,6,3,3,,2,14,01,13,1929.7773841
5366924,1,3,1,10,1,1,7,2005,15,3,6,,6,1,2,2,,,,,,,,,,,1,,,,,,2,1,12,,,,2,1,1,1,4,9,,,2,9,01,13,1929.7773841
5366924,1,4,1,10,1,2,12,2006,14,3,6,,6,2,,1,1,,,,,,,,,,1,,,,,,1,,,3,,,2,1,1,1,4,7,,,2,7,01,13,1929.7773841
5366924,1,5,1,10,1,1,12,2010,10,3,6,,6,1,2,1,1,,,,,,,,,,1,,,,,,1,,,3,,,2,1,1,1,4,0,,,2,5,01,13,1929.7773841
5366924,1,6,1,10,1,2,6,2014,6,3,6,,,1,2,1,1,,,,,,,,,,,,,,,,1,,,3,,,2,1,1,1,3,0,,,2,0,01,13,1929.7773841
5366925,1,1,1,10,1,1,1,1951,70,1,6,,2,3,,3,,1,2,,,,,,,,,,,1,,2,1,,,3,,,2,1,2,,3,5,,,2,5,01,13,909.38866887
5366925,1,2,1,10,2,2,8,1958,62,2,6,,2,2,,2,,1,1,,,,,,,,,,,1,,,2,2,,,,,2,1,2,,3,2,,,2,2,01,13,909.38866887
5366928,1,1,1,10,1,1,9,1978,42,1,6,,2,2,,2,,1,2,,,1,,,,1,,1,,,,2,1,,,3,,,2,1,2,,4,9,,,2,9,01,13,1316.3631221
5366928,1,2,1,10,2,2,10,1983,37,2,6,,2,2,,2,,1,1,,,,,1,,,1,1,,,,,1,,,3,,,2,1,1,1,6,5,3,,2,16,01,13,1316.3631221
5366928,1,3,1,10,2,2,12,2008,12,3,6,,6,1,1,1,2,,,,,,,,,,1,,,,,,1,,,3,,,2,1,1,1,4,8,,,2,8,01,13,1316.3631221
5367006,1,1,1,10,1,1,8,1979,41,1,6,,3,3,,2,,1,2,,,,1,,,,,,,,,2,1,,,3,,,2,1,2,,3,5,,,2,5,01,15,3583.2011787
5367006,1,2,1,10,2,2,8,1985,35,2,6,,3,2,,2,,1,1,,,1,,,,,,,,,,,1,,,3,,,2,1,2,,4,7,,,2,7,01,15,3583.2011787
5367006,1,3,1,10,3,1,2,2007,14,3,6,,6,1,1,1,2,,,,,,,,,,1,,,,,,1,,,3,,,2,1,1,1,4,8,,,2,8,01,15,3583.2011787
5367006,1,4,1,10,4,1,9,2010,10,3,6,,6,1,1,1,2,,,,,,,,,,1,,,,,,1,,,3,,,2,1,1,1,3,4,,,2,4,01,15,3583.2011787
5367006,1,5,1,10,2,2,1,2012,9,3,6,,,1,1,1,2,,,,,,,,,,,,,,,,1,,,3,,,2,1,1,1,3,3,,,2,3,01,15,3583.2011787
5367006,1,6,1,10,2,2,10,2015,5,3,6,,,1,1,1,2,,,,,,,,,,,,,,,,1,,,3,,,2,2,1,1,2,0,,,2,0,01,15,3583.2011787
