DIRECTORIO,SECUENCIA_P,ORDEN,HOGAR,REGIS,CLASE,P388,P6440,P6450,P6460,P6460S1,P6400,P6410,P6410S1,P6422,P6424S1,P6424S2,P6424S3,P6426,P6430S1,P6480,P6480S1,P9440,P6500,P6510,P6510S1,P6510S2,P6590,P6590S1,P6600,P6600S1,P6610,P6610S1,P6620,P6620S1,P6585S1,P6585S1A1,P6585S1A2,P6585S2,P6585S2A1,P6585S2A2,P6585S3,P6585S3A1,P6585S3A2,P6585S4,P6585S4A1,P6585S4A2,P6545,P6545S1,P6545S2,P6580,P6580S1,P6580S2,P6630S1,P6630S1A1,P6630S2,P6630S2A1,P6630S3,P6630S3A1,P6630S4,P6630S4A1,P6630S6,P6630S6A1,P6640,P6640S1,P6765,P6765S1,P6772,P6772S1,P6773S1,P6775,P6750,P6760,P550,P6780,P6780S1,P6790,P1800,P1800S1,P1801S1,P1801S2,P1801S3,P1802,P1879,P1805,P6800,P6810,P6810S1,P6850,P6830,P6830S1,P6870,P6880,P6880S1,P6915,P6915S1,P6920,P6930,P6940,P6960,P6980,P6980S1,P6980S2,P6980S3,P6980S4,P6980S5,P6980S6,P6980S7,P6980S7A1,P6980S8,P6990,P9450,P7020,P760,P7026,P7028,P7028S1,P7040,P390,P7045,P7050,P7050S1,P7070,P7075,P7077,P1880,P1881,P1882,P3148,P7090,P7100,P7110,P7120,P7130,P7140,P7140S1,P7140S2,P7140S3,P7140S4,P7140S5,P7140S6,P7140S7,P7140S8,P7140S9,P7140S9A1,P7150,P7160,P7170S1,P7170S5,P7170S6,P7180,P514,P515,P7240,P7240S1,OFICIO,RAMA2D_R4,OCI,MES,P6430,RAMA4D_R4,INGLABO,DPTO,fex_c_2011,RAMA4DP8_R4
5422868,1,1,1,60,2,70,2,,,,,,,,,,,75,,,,,,,,,,,,,,,,,,,,,,,,,,,,,,,,,,,,,,,,,,,,,,,6,,,,,3,700000,1,8400000,3,,12,2,,,,,3,1,1,48,,.,48,,,1,4,,2,,2,,,,1,,,,,,,,,1,2,2,1,0,35,4,,2,,,,,,,,3,14,,,2,,,,1,1,1,1,1,2,2,1,2,1,2,,2,1,2,2,2,2,2,1,9,,98,49,1,04,4,4921,700000,70,1582.4935816,
5422870,1,1,1,60,2,70,2,,,,,,,,,,,6,,,,,,,,,,,,,,,,,,,,,,,,,,,,,,,,,,,,,,,,,,,,,,,6,,,,,3,700000,1,6000000,3,,12,1,1,1,0,0,3,3,2,48,,.,48,,,2,1,,2,,2,,,,1,,,,,,,,,1,2,2,1,0,60,4,,2,,,,,,,,10,14,,,2,,,,2,,,,,,,,,,,,,,1,1,1,2,1,1,5,,41,47,1,04,5,4711,700000,70,648.63726236,
5422870,1,2,1,60,2,70,2,,,,,,,,,,,12,,,,,,,,,,,,,,,,,,,,,,,,,,,,,,,,,,,,,,,,,,,,,,,7,,2,,,2,600000,1,7500000,3,,12,1,1,1,0,0,3,3,2,42,,.,42,,,2,7,,2,,2,,,,1,,,,,,1,,,,2,2,1,0,36,1,,2,,,,,,,,5,3,8,,2,,,,1,1,1,1,2,2,2,2,1,2,2,,1,1,2,2,1,2,2,1,3,,51,56,1,04,5,5630,600000,70,648.63726236,
5422871,1,1,1,60,2,70,2,,,,,,,,,,,124,,,,,,,,,,,,,,,,,,,,,,,,,,,,,,,,,,,,,,,,,,,,,,,6,,,,,3,0,1,4500000,3,,12,2,,,,,2,3,2,40,,.,24,6,,1,8,,2,,2,,,,1,,,,,,1,,,,2,2,1,0,24,1,,1,70,20,4,,350000,1,8,9,3,45,2,2,,,,2,,,,,,,,,,,,,,1,1,1,2,1,1,9,,61,01,1,04,4,0112,350000,70,1429.6330201,
5422871,1,2,1,60,2,70,2,,,,,,,,,,,7,,,,,,,,,,,,,,,,,,,,,,,,,,,,,,,,,,,,,,,,,,,,,,,6,,,,,3,80000,1,1200000,3,,12,2,,,,,3,1,2,20,2,,20,,,1,1,,2,,2,,,,1,,,,,,,,,1,2,2,1,0,12,4,,2,,,,,,,,3,14,,,2,,,,1,1,1,2,2,2,2,1,2,2,2,,2,1,2,2,2,2,2,1,3,,45,47,1,04,4,4729,80000,70,1429.6330201,
5422872,1,2,1,60,2,70,2,,,,,,,,,,,28,,,,,,,,,,,,,,,,,,,,,,,,,,,,,,,,,,,,,,,,,,,,,,,6,,,,,3,200000,1,2400000,3,,12,2,,,,,3,1,2,24,1,,24,,,1,1,,2,,2,,,,1,,,,,,,,,1,2,2,1,0,11,1,,2,,,,,,,,1,14,,,1,20,2,1,1,1,1,1,2,2,2,2,2,2,2,,2,1,2,2,2,2,2,1,9,,77,56,1,04,4,5619,200000,70,814.73002567,
5422872,1,3,1,60,2,70,1,1,,,1,,,1,2,2,2,4,,1,,2,400000,2,,,1,240000,2,,2,,2,,2,,,2,,,2,,,2,,,2,,,2,,,2,,2,,2,,2,,2,,2,,,.,,,,,,,,,.,12,,,,,,,,,45,,.,45,,,2,4,,2,,2,,,,1,,,,,,,,,1,2,2,1,0,9,4,,2,,,,,,,,8,11,10,,2,,,,2,,,,,,,,,,,,,,1,1,1,2,2,1,3,,98,97,1,04,3,9700,640000,70,814.73002567,
5422873,1,1,1,60,2,70,2,,,,,,,,,,,300,,,,,,,,,,,,,,,,,,,,,,,,,,,,,,,,,,,,,,,,,,,,,,,6,,,,,3,900000,1,10000000,3,,12,2,,,,,3,10,2,46,,.,46,,,1,8,,2,,2,,,,1,,,,,,1,,,,2,2,2,,,,,1,70,18,4,,200000,1,8,,9,30,,2,,,,2,,,,,,,,,,,,,,1,1,1,2,1,1,5,,64,03,1,04,4,0311,1100000,70,1130.5699168,
5422873,1,2,1,60,2,70,2,,,,,,,,,,,72,,,,,,,,,,,,,,,,,,,,,,,,,,,,,,,,,,,,,,,,,,,,,,,6,,,,,3,120000,1,1500000,3,,12,2,,,,,3,3,2,16,2,,16,,,1,1,,2,,2,,,,1,,,,,,1,,,,2,2,1,2,36,4,,2,,,,,,,,3,14,,,2,,,,2,,,,,,,,,,,,,,1,1,1,2,2,1,5,,45,56,1,04,4,5619,120000,70,1130.5699168,
5422874,1,1,1,60,2,70,2,,,,,,,,,,,85,,,,,,,,,,,,,,,,,,,,,,,,,,,,,,,,,,,,,,,,,,,,,,,7,,1,2,,2,1000000,1,12000000,3,,12,1,1,0,0,1,3,10,2,54,,.,54,,,2,1,,2,,2,,,,1,,,,,,1,,,,2,2,1,0,8,3,,2,,,,,,,,10,14,,,2,,,,2,,,,,,,,,,,,,,1,1,1,2,1,1,9,,41,47,1,04,4,4711,1000000,70,862.80549969,
5422874,1,2,1,60,2,70,2,,,,,,,,,,,24,,,,,,,,,,,,,,,,,,,,,,,,,,,,,,,,,,,,,,,,,,,,,,,,.,,,,,,,,,.,12,,,,,,,,,21,2,,21,,,2,1,,2,,2,,,,1,,,,,,,,,1,2,2,2,,,,,2,,,,,,,,,14,,,2,,,,2,,,,,,,,,,,,,,1,2,1,2,2,1,3,,45,47,1,04,6,4711,,70,862.80549969,
5422875,1,1,1,60,2,70,2,,,,,,,,,,,2,,,,,,,,,,,,,,,,,,,,,,,,,,,,,,,,,,,,,,,,,,,,,,,6,,,,,3,200000,1,4000000,1,,12,2,,,,,3,10,2,40,,.,40,,,1,1,,2,,2,,,,1,,,,,,,,,1,2,2,1,0,6,4,,2,,,,,,,,3,14,,,2,,,,1,1,2,1,2,1,2,1,1,2,2,,1,1,2,2,1,2,2,1,5,,62,02,1,04,4,0220,200000,70,1630.1576651,
5422875,1,2,1,60,2,70,1,1,,,1,,,1,2,2,2,6,,1,,2,200000,2,,,1,180000,2,,2,,2,,2,,,2,,,2,,,2,,,2,,,2,,,2,,2,,2,,2,,2,,2,,,.,,,,,,,,,.,6,,,,,,,,,40,,.,40,,,2,7,,2,,2,,,,1,,,,,,,,,1,2,2,2,,,,,2,,,,,,,,,3,10,,2,,,,2,,,,,,,,,,,,,,1,1,1,2,2,1,3,,53,56,1,04,1,5611,380000,70,1630.1576651,
5422876,1,1,1,60,2,70,2,,,,,,,,,,,172,,,,,,,,,,,,,,,,,,,,,,,,,,,,,,,,,,,,,,,,,,,,,,,7,,2,,,2,2000000,1,24000000,3,,12,1,1,0,0,1,3,3,2,54,,.,54,,,2,7,,2,,2,,,,1,,,,,,1,,,,2,2,1,0,83,1,,2,,,,,,,,10,3,5,,2,,,,2,,,,,,,,,,,,,,1,1,1,2,1,1,9,,41,47,1,04,4,4711,2000000,70,1096.7814671,
5422876,1,2,1,60,2,70,2,,,,,,,,,,,168,,,,,,,,,,,,,,,,,,,,,,,,,,,,,,,,,,,,,,,,,,,,,,,,.,,,,,,,,,.,12,,,,,,,,,24,2,,24,,,2,7,,2,,2,,,,1,,,,,,,,,1,2,2,2,,,,,2,,,,,,,,,3,5,,2,,,,2,,,,,,,,,,,,,,1,2,1,2,1,1,3,,45,47,1,04,6,4711,,70,1096.7814671,
5423724,1,2,1,60,2,15,2,,,,,,,,,,,216,,,,,,,,,,,,,,,,,,,,,,,,,,,,,,,,,,,,,,,,,,,,,,,6,,,,,3,450000,1,4800000,2,,12,2,,,,,2,10,2,32,2,,32,,,1,8,,2,,2,,,,1,,,,,,,,,1,2,2,2,,,,,2,,,,,,,,,3,20,,2,,,,2,,,,,,,,,,,,,,2,2,1,2,2,1,3,,61,01,1,04,4,0161,450000,15,1288.0474653,
5423727,1,1,1,60,2,15,1,1,,,1,,,1,2,2,2,12,,1,,2,360000,2,,,2,,2,,2,,2,,2,,,2,,,2,,,2,,,2,,,2,,,2,,2,,2,,2,,2,,2,,,.,,,,,,,,,.,12,,,,,,,,,24,2,,24,,,2,8,,2,,2,,,,1,,,,,,,,,1,2,2,1,0,6,4,,2,,,,,,,,8,3,6,,2,,,,2,,,,,,,,,,,,,,1,2,1,2,1,1,5,,60,01,1,04,1,0121,360000,15,1478.9542786,
5423728,1,1,1,60,2,15,1,1,,,1,,,1,2,2,2,60,,1,,2,450000,2,,,2,,2,,2,,2,,2,,,2,,,2,,,2,,,2,,,2,,,2,,2,,2,,2,,2,,2,,,.,,,,,,,,,.,12,,,,,,,,,24,2,,24,,,4,8,,2,,2,,,,1,,,,,,,,,1,2,2,2,,,,,1,15,14,1,,120000,2,8,,3,10,,2,,,,2,,,,,,,,,,,,,,1,2,2,2,1,1,3,,60,01,1,04,1,0121,570000,15,3249.9263677,
5423734,1,1,1,60,2,15,2,,,,,,,,,,,60,,,,,,,,,,,,,,,,,,,,,,,,,,,,,,,,,,,,,,,,,,,,,,,6,,,,,3,800000,1,8000000,3,,12,2,,,,,2,9,2,48,,.,48,,,1,4,,2,,2,,,,1,,,1,,,,,,,2,2,1,5,240,1,,2,,,,,,,,3,3,2,,2,,,,2,,,,,,,,,,,,,,1,2,1,2,2,1,2,,98,49,1,04,4,4923,800000,15,1288.0474653,
5423735,1,1,1,60,2,15,2,,,,,,,,,,,240,,,,,,,,,,,,,,,,,,,,,,,,,,,,,,,,,,,,,,,,,,,,,,,7,,2,,,2,,1,99,3,,12,1,4,4,0,0,2,6,2,48,,.,48,,,3,8,,2,,2,,,,1,,,,,,,,,1,2,2,1,0,120,4,,2,,,,,,,,10,3,20,,2,,,,2,,,,,,,,,,,,,,1,1,1,2,1,1,2,,61,01,1,04,5,0121,,15,1721.6859079,
5423736,1,2,1,60,2,15,1,2,1,,1,,,1,1,1,1,120,,5,,2,2300000,2,,,2,,2,,2,,2,,2,,,2,,,1,60000,2,2,,,2,,,2,,,1,1200000,1,2300000,1,2300000,2,,2,,2,,,.,,,,,,,,,.,12,,,,,,,,,40,,.,40,,,9,7,,1,,1,3,1,10,1,1,,,,,,,,,1,1,2,,,,,2,,,,,,,,,11,17,,2,,,,2,,,,,,,,,,,,,,1,1,1,1,1,1,1,,13,85,1,04,2,8530,2300000,15,1002.738608,
5423737,1,1,1,60,2,15,1,2,2,12,2,4,ASOCIACION DE PADRES DE FAMILIA,1,1,1,1,241,,1,,2,908526,2,,,2,,2,,2,,2,,2,,,2,,,2,,,2,,,2,,,2,,,1,480000,1,650000,1,480000,2,,2,,2,,,.,,,,,,,,,.,12,,,,,,,,,48,,.,48,,,3,7,,1,,1,2,1,17,1,1,,,,,,,,,1,1,2,,,,,2,,,,,,,,,3,30,,2,,,,2,,,,,,,,,,,,,,2,1,1,2,2,1,3,,54,88,1,04,1,8890,908526,15,905.1447517,9499
5423737,1,4,1,60,2,15,2,,,,,,,,,,,48,,,,,,,,,,,,,,,,,,,,,,,,,,,,,,,,,,,,,,,,,,,,,,,6,,,,,3,400000,12,4000000,3,,12,2,,,,,2,10,2,24,2,,24,,,1,8,,2,,2,,,,1,,,,,,,,,1,2,2,2,,,,,2,,,,,,,,,3,20,,2,,,,2,,,,,,,,,,,,,,2,2,1,2,2,1,3,,97,01,1,04,4,0161,400000,15,905.1447517,
5423739,1,1,1,60,2,15,2,,,,,,,,,,,360,,,,,,,,,,,,,,,,,,,,,,,,,,,,,,,,,,,,,,,,,,,,,,,7,,2,,,2,,1,99,2,,12,1,4,4,0,0,2,9,2,32,2,,32,,,3,8,,2,,2,,,,1,,,,1,,,,,,2,2,2,,,,,2,,,,,,,,,3,20,,2,,,,2,,,,,,,,,,,,,,1,2,1,2,2,1,3,,61,01,1,04,5,0121,,15,1401.9315769,
5423739,1,5,1,60,2,15,1,2,2,6,1,,,1,2,2,2,16,,,,,,,,,,,,,,,,,,,,,,,,,,,,,,,,,,,,,,,,,,,,,,,1,,,,,3,908526,1,10500000,3,,12,2,,,,,1,1,2,40,,.,40,,,7,4,,1,,1,1,2,1,1,1,,,,,,,,,1,2,2,,,,,2,,,,,,,,,11,10,,2,,,,2,,,,,,,,,,,,,,2,2,1,2,2,1,3,,98,84,1,04,4,8412,908526,15,1401.9315769,
5423740,1,1,1,60,2,15,2,,,,,,,,,,,240,,,,,,,,,,,,,,,,,,,,,,,,,,,,,,,,,,,,,,,,,,,,,,,6,,,,,2,560000,1,6700000,3,,12,2,,,,,2,1,2,36,2,,36,,,1,8,,2,,2,,,,1,,,,,,,,,1,2,2,1,0,60,1,,2,,,,,,,,1,11,20,,2,,,,2,,,,,,,,,,,,,,1,2,1,2,1,1,2,,61,01,1,04,4,0161,560000,15,1493.9843118,
5423740,1,2,1,60,2,15,2,,,,,,,,,,,240,,,,,,,,,,,,,,,,,,,,,,,,,,,,,,,,,,,,,,,,,,,,,,,6,,,,,2,420000,1,5500000,3,,12,2,,,,,2,1,2,16,2,,16,,,1,8,,2,,2,,,,1,,,,,,,,,1,2,2,2,,,,,2,,,,,,,,,11,17,,2,,,,2,,,,,,,,,,,,,,1,2,1,2,1,1,3,,61,01,1,04,4,0161,420000,15,1493.9843118,
5423741,1,1,1,60,2,15,2,,,,,,,,,,,120,,,,,,,,,,,,,,,,,,,,,,,,,,,,,,,,,,,,,,,,,,,,,,,7,,2,,,3,3000000,1,25000000,2,,12,1,14,14,0,0,2,9,2,35,2,,35,,,5,8,,2,,2,,,,1,,,1,,,,,,,2,2,1,4,240,1,,2,,,,,,,,3,8,30,,2,,,,2,,,,,,,,,,,,,,1,2,1,2,2,1,2,,61,01,1,04,5,0121,3000000,15,1020.672901,
5423742,1,1,1,60,2,18,1,1,,,1,,,2,2,2,2,1,,1,,2,150000,2,,,1,50000,2,,2,,2,,2,,,2,,,2,,,2,,,2,,,2,,,2,,2,,2,,2,,2,,2,,,.,,,,,,,,,.,6,,,,,,,,,30,2,,30,,,2,2,,2,,2,,,,1,,,,,,,,,1,2,2,1,5,5,1,,2,,,,,,,,3,10,24,,2,,,,1,1,2,1,1,2,2,2,1,1,2,,2,1,2,2,1,2,2,1,5,,54,97,1,04,3,9700,200000,18,640.16843663,
5423742,1,2,1,60,2,18,1,1,,,1,,,1,2,2,2,120,,1,,2,1000000,2,,,2,,2,,2,,2,,2,,,2,,,2,,,2,,,2,,,2,,,2,,2,,2,,2,,2,,2,,,.,,,,,,,,,.,12,,,,,,,,,43,,.,43,,,2,8,,2,,2,,,,1,,,,,,,,,1,2,2,1,0,12,1,,2,,,,,,,,9,3,36,,2,,,,1,1,2,1,1,2,2,2,2,1,2,,1,1,1,1,1,2,2,1,5,,60,01,1,04,1,0141,1000000,18,640.16843663,
5423745,1,1,1,60,2,18,1,1,,,1,,,1,2,2,2,48,,1,,2,700000,2,,,2,,2,,2,,2,,2,,,2,,,2,,,2,,,2,,,2,,,2,,2,,2,,2,,2,,2,,,.,,,,,,,,,.,12,,,,,,,,,42,,.,42,,,3,8,,10,,2,,,,1,,,,,,,,,1,2,2,1,0,120,1,,2,,,,,,,,8,11,10,,2,,,,2,,,,,,,,,,,,,,1,1,1,2,1,1,5,,60,01,1,04,1,0141,700000,18,445.1183328,
5423747,1,2,1,60,2,18,1,1,,,1,,,1,2,2,2,1,,1,,2,900000,2,,,2,,2,,2,,2,,2,,,2,,,2,,,2,,,2,,,2,,,2,,2,,2,,2,,2,,2,,,.,,,,,,,,,.,12,,,,,,,,,43,,.,43,,,4,7,,2,,2,,,,1,,,,,,,,,1,2,2,1,0,12,1,,2,,,,,,,,3,3,8,,2,,,,2,,,,,,,,,,,,,,2,2,2,2,2,1,5,,77,10,1,04,1,1040,900000,18,644.59662378,
5423749,1,1,1,60,2,18,2,,,,,,,,,,,360,,,,,,,,,,,,,,,,,,,,,,,,,,,,,,,,,,,,,,,,,,,,,,,6,,,,,2,600000,1,7200000,1,,12,2,,,,,3,3,2,21,2,,21,,,1,1,,2,,2,,,,1,,,,,,,,,1,2,2,2,,,,,2,,,,,,,,,14,,,2,,,,1,1,2,1,1,2,2,2,2,2,2,,2,1,1,1,1,2,2,1,3,,41,96,1,04,4,9609,600000,18,644.59662378,
5423749,1,2,1,60,2,18,1,1,,,1,,,2,2,2,2,1,,1,,2,250000,2,,,1,50000,2,,2,,2,,2,,,2,,,2,,,2,,,2,,,2,,,2,,2,,2,,2,,2,,2,,,.,,,,,,,,,.,12,,,,,,,,,40,,.,40,,,2,2,,7,,2,,,,1,,,,,,,,,1,2,2,1,0,22,1,,2,,,,,,,,3,3,5,,2,,,,1,1,2,2,1,2,2,2,1,1,2,,2,1,1,1,2,2,2,2,9,,93,41,1,04,1,4111,300000,18,644.59662378,
5423755,1,2,1,60,2,18,1,2,1,,1,,,1,1,1,1,36,,2,,2,908526,2,,,2,,2,,2,,2,,2,,,2,,,2,,,2,,,2,,,2,,,2,,2,,2,,2,,2,,2,,,.,,,,,,,,,.,12,,,,,,,,,40,,.,40,,,9,7,,1,,1,1,1,6,1,1,,,,,,,,,1,1,1,0,3,1,,2,,,,,,,,1,11,20,,2,,,,2,,,,,,,,,,,,,,1,1,1,2,2,2,8,,97,94,1,04,1,9499,908526,18,491.10314124,
5423756,1,1,1,60,2,18,2,,,,,,,,,,,120,,,,,,,,,,,,,,,,,,,,,,,,,,,,,,,,,,,,,,,,,,,,,,,6,,,,,2,60000,1,500000,1,,10,2,,,,,3,5,2,21,2,,21,,,1,1,,2,,2,,,,1,,,,,,,,,1,2,2,1,0,24,1,,2,,,,,,,,3,14,,,2,,,,2,,,,,,,,,,,,,,1,2,1,2,2,2,8,,80,95,1,04,4,9523,60000,18,307.08857791,
5423759,1,1,1,60,2,18,2,,,,,,,,,,,24,,,,,,,,,,,,,,,,,,,,,,,,,,,,,,,,,,,,,,,,,,,,,,,6,,,,,2,200000,1,1600000,1,,8,2,,,,,3,10,2,25,2,,25,,,1,5,,11,,2,,,,1,,,,,,,,,1,2,2,1,3,12,4,,2,,,,,,,,11,3,5,,2,,,,1,1,2,1,2,2,2,2,2,1,2,,1,1,1,1,2,2,1,1,8,,45,56,1,04,4,5619,200000,18,225.39367341,
5423759,1,2,1,60,2,18,1,1,,,1,,,1,2,2,2,1,,1,,2,625000,2,,,1,160000,2,,2,,2,,2,,,2,,,2,,,2,,,2,,,2,,,2,,2,,2,,2,,2,,2,,,.,,,,,,,,,.,12,,,,,,,,,40,,.,40,,,2,2,,11,,2,,,,1,,,,,,,,,1,2,2,1,0,12,4,,2,,,,,,,,1,1,180,,2,,,,1,1,2,1,1,2,2,2,2,2,2,,2,1,2,2,2,2,2,2,5,,95,41,1,04,1,4111,785000,18,225.39367341,
5423760,1,1,1,60,2,18,1,1,,,1,,,2,2,2,2,6,,1,,2,400000,2,,,2,,2,,2,,2,,2,,,2,,,2,,,2,,,2,,,2,,,2,,2,,2,,2,,2,,2,,,.,,,,,,,,,.,10,,,,,,,,,40,,.,40,,,3,8,,2,,2,,,,1,,,,,,,,,1,2,2,1,2,2,1,,2,,,,,,,,3,3,4,,2,,,,1,1,2,1,2,2,2,2,1,1,2,,2,1,1,2,2,2,2,1,3,,93,50,1,04,1,5021,400000,18,412.73420905,
5423760,1,2,1,60,2,18,1,1,,,1,,,1,2,2,2,6,,1,,2,200000,2,,,1,100000,2,,2,,2,,2,,,2,,,2,,,2,,,2,,,2,,,2,,2,,2,,2,,2,,2,,,.,,,,,,,,,.,6,,,,,,,,,30,2,,30,,,2,2,,2,,2,,,,1,,,,,,,,,1,2,2,2,,,,,2,,,,,,,,,13,10,,2,,,,1,1,2,1,2,2,2,2,2,2,2,,2,1,1,2,1,2,2,1,3,,54,97,1,04,3,9700,300000,18,412.73420905,
5423761,1,1,1,60,2,18,2,,,,,,,,,,,200,,,,,,,,,,,,,,,,,,,,,,,,,,,,,,,,,,,,,,,,,,,,,,,6,,,,,2,1200000,1,10800000,1,,10,2,,,,,2,3,2,40,,.,0,7,VIAJANDO,1,2,,1,,1,2,2,5,1,,1,,,,,,,,2,2,2,,,,,2,,,,,,,,,3,5,,2,,,,2,,,,,,,,,,,,,,1,1,1,2,2,1,3,,03,95,1,04,4,9522,1200000,18,161.14915595,
5423762,1,1,1,60,2,18,2,,,,,,,,,,,96,,,,,,,,,,,,,,,,,,,,,,,,,,,,,,,,,,,,,,,,,,,,,,,6,,,,,2,700000,1,7200000,1,,10,2,,,,,2,3,2,40,,.,40,,,2,8,,2,,2,,,,1,,,,,,,,,1,2,2,1,2,120,1,,2,,,,,,,,3,3,8,,2,,,,1,1,2,1,2,2,2,2,1,1,2,,2,1,1,1,1,2,2,1,3,,90,95,1,04,4,9529,700000,18,315.51198751,
5423763,1,1,1,60,2,18,2,,,,,,,,,,,36,,,,,,,,,,,,,,,,,,,,,,,,,,,,,,,,,,,,,,,,,,,,,,,6,,,,,2,300000,1,3600000,3,,12,2,,,,,3,4,2,40,,.,40,,,1,5,,2,,2,,,,1,,,,,,,,,1,2,2,1,0,3,1,,2,,,,,,,,7,3,10,,2,,,,1,1,2,1,2,2,2,2,1,1,2,,2,1,1,2,1,2,2,1,3,,41,56,1,04,4,5619,300000,18,491.07062366,
5423764,1,1,1,60,2,18,2,,,,,,,,,,,96,,,,,,,,,,,,,,,,,,,,,,,,,,,,,,,,,,,,,,,,,,,,,,,6,,,,,2,400000,1,4800000,1,,12,2,,,,,2,10,2,40,,.,40,,,2,8,,2,,2,,,,1,,,,,,,,,1,2,2,1,0,12,1,,2,,,,,,,,3,3,2,,2,,,,1,1,2,1,2,2,2,1,1,2,2,,2,1,1,1,1,2,2,1,5,,97,52,1,04,4,5224,400000,18,464.57728291,
5423765,1,1,1,60,2,18,1,2,2,12,1,,,1,1,1,1,3,,2,,2,4000000,2,,,2,,2,,2,,2,,2,,,2,,,2,,,2,,,2,,,2,,,2,,2,,2,,2,,2,,2,,,.,,,,,,,,,.,3,,,,,,,,,45,,.,45,,,8,7,,1,,1,2,1,0,1,1,,,,,,,,,1,1,2,,,,,2,,,,,,,,,3,6,,2,,,,2,,,,,,,,,,,,,,1,1,2,2,1,2,3,,06,86,1,04,2,8610,4000000,18,161.14915595,
5423767,1,1,1,60,2,18,2,,,,,,,,,,,72,,,,,,,,,,,,,,,,,,,,,,,,,,,,,,,,,,,,,,,,,,,,,,,7,,2,,,2,200000,1,2400000,3,,12,2,,,,,1,3,2,30,2,,30,,,1,8,,2,,2,,,,1,,,,,,,,,1,2,2,1,0,50,1,,2,,,,,,,,10,10,40,,2,,,,2,,,,,,,,,,,,,,1,1,1,2,2,1,5,,61,01,1,04,4,0141,200000,18,205.41991919,
5423768,1,1,1,60,2,18,1,1,,,1,,,2,2,2,2,2,,2,,2,240000,2,,,2,,2,,2,,2,,2,,,2,,,2,,,2,,,2,,,2,,,2,,2,,2,,2,,2,,2,,,.,,,,,,,,,.,3,,,,,,,,,30,1,,30,,,2,7,,2,,2,,,,1,,,,,,,,,1,2,2,1,9,13,1,,2,,,,,,,,5,3,10,,1,20,1,1,1,1,2,1,2,2,2,1,2,2,2,,1,1,2,2,2,2,2,1,3,,45,47,1,04,1,4723,240000,18,192.97703209,
5423770,1,1,1,60,2,18,2,,,,,,,,,,,132,,,,,,,,,,,,,,,,,,,,,,,,,,,,,,,,,,,,,,,,,,,,,,,6,,,,,2,600000,1,8000000,3,,12,2,,,,,2,3,2,40,,.,40,,,1,8,,2,,2,,,,1,,,,1,,,,,,2,2,1,0,120,4,,2,,,,,,,,3,3,15,,2,,,,2,,,,,,,,,,,,,,1,2,1,2,1,1,5,,61,01,1,04,4,0144,600000,18,185.90564222,
5423773,1,1,1,60,2,18,1,2,1,,1,,,1,1,1,1,168,,1,,2,1100000,2,,,2,,2,,2,,2,,2,,,1,107000,2,2,,,2,,,2,,,2,,,1,550000,1,1100000,1,550000,2,,2,,2,,,.,,,,,,,,,.,12,,,,,,,,,48,,.,48,,,9,4,,1,,1,2,1,16,1,1,,,,,,,,,1,1,1,0,180,1,,2,,,,,,,,3,3,10,,2,,,,2,,,,,,,,,,,,,,1,1,1,2,2,1,8,,98,86,1,04,2,8699,1100000,18,336.68610169,
5423773,1,2,1,60,2,18,2,,,,,,,,,,,120,,,,,,,,,,,,,,,,,,,,,,,,,,,,,,,,,,,,,,,,,,,,,,,6,,,,,2,300000,1,3600000,3,,12,2,,,,,2,3,2,30,2,,30,,,1,1,,2,,2,,,,1,,,,,,,,,1,2,2,2,,,,,2,,,,,,,,,14,,,2,,,,2,,,,,,,,,,,,,,1,2,1,2,1,1,3,,57,96,1,04,4,9602,300000,18,336.68610169,
5423774,1,1,1,60,2,18,1,2,2,3,1,,,1,2,2,2,3,,,,,,,,,,,,,,,,,,,,,,,,,,,,,,,,,,,,,,,,,,,,,,,1,,,,,2,908526,1,2725578,3,,12,2,,,,,1,1,1,45,,.,45,,,9,7,,1,,1,1,1,11,1,1,,,,,,,,,1,2,1,0,12,1,,2,,,,,,,,3,3,10,,2,,,,2,,,,,,,,,,,,,,1,1,1,2,2,1,8,,97,94,1,04,4,9499,908526,18,332.15182008,
5423776,1,1,1,60,2,18,2,,,,,,,,,,,12,,,,,,,,,,,,,,,,,,,,,,,,,,,,,,,,,,,,,,,,,,,,,,,6,,,,,2,400000,1,3200000,3,,12,2,,,,,2,1,2,40,,.,40,,,1,2,,2,,2,,,,1,,,,,,,,,1,2,2,1,21,36,4,,2,,,,,,,,9,11,5,,1,20,1,1,1,1,2,1,2,2,2,1,1,1,2,,1,1,2,2,2,2,2,1,8,,93,41,1,04,4,4111,400000,18,644.59662378,
5423776,1,3,1,60,2,18,1,1,,,1,,,1,2,2,2,24,,1,,2,600000,2,,,1,100000,2,,2,,2,,2,,,2,,,2,,,2,,,2,,,2,,,2,,2,,2,,2,,2,,2,,,.,,,,,,,,,.,12,,,,,,,,,40,,.,40,,,2,4,,2,,2,,,,1,,,,,,,,,1,2,2,2,,,,,2,,,,,,,,,3,5,,2,,,,2,,,,,,,,,,,,,,1,1,1,2,1,1,3,,97,49,1,04,1,4923,700000,18,644.59662378,
5423778,1,1,1,60,2,18,1,2,1,,1,,,1,1,1,1,2,,2,,2,1100000,2,,,2,,2,,2,,2,,2,,,2,,,2,,,2,,,2,,,2,,,2,,2,,2,,2,,2,,2,,,.,,,,,,,,,.,12,,,,,,,,,48,,.,48,,,4,7,,1,,1,1,1,6,1,1,,,,,,,,,1,1,1,0,3,1,,2,,,,,,,,1,3,10,,2,,,,2,,,,,,,,,,,,,,1,2,1,2,2,1,8,,30,10,1,04,1,1040,1100000,18,305.65847932,
5423779,1,2,1,60,2,18,1,1,,,1,,,2,2,2,2,1,,1,,2,900000,2,,,2,,2,,2,,2,,2,,,2,,,2,,,2,,,2,,,2,,,2,,2,,2,,2,,2,,2,,,.,,,,,,,,,.,12,,,,,,,,,40,,.,40,,,2,2,,2,,2,,,,1,,,,,,,,,1,2,2,1,0,12,1,,2,,,,,,,,3,3,10,,2,,,,2,,,,,,,,,,,,,,2,2,2,2,2,1,9,,95,41,1,04,1,4111,900000,18,383.42175075,
5423780,1,1,1,60,2,18,1,1,,,1,,,1,2,2,2,2,,1,,2,300000,2,,,1,160000,2,,2,,2,,2,,,2,,,2,,,2,,,2,,,2,,,2,,2,,2,,2,,2,,2,,,.,,,,,,,,,.,6,,,,,,,,,40,,.,40,,,2,2,,2,,2,,,,1,,,,,,,,,1,2,2,1,2,2,3,,2,,,,,,,,7,3,6,,2,,,,2,,,,,,,,,,,,,,1,1,1,2,1,1,3,,54,97,1,04,3,9700,460000,18,161.14915595,
5423782,1,1,1,60,2,18,1,1,,,1,,,2,2,2,2,120,,1,,2,500000,2,,,2,,2,,2,,2,,2,,,2,,,2,,,2,,,2,,,2,,,2,,2,,2,,2,,2,,2,,,.,,,,,,,,,.,12,,,,,,,,,40,,.,40,,,2,8,,2,,2,,,,1,,,,,,,,,1,2,2,1,0,60,1,,2,,,,,,,,3,9,45,,2,,,,1,1,2,1,1,2,2,2,1,1,2,,1,1,1,2,1,2,1,1,5,,98,01,1,04,1,0141,500000,18,384.02741151,
5423783,1,1,1,60,2,18,1,1,,,1,,,2,2,2,2,8,,1,,2,800000,2,,,2,,2,,2,,2,,2,,,2,,,2,,,2,,,2,,,2,,,2,,2,,2,,2,,2,,2,,,.,,,,,,,,,.,12,,,,,,,,,42,,.,42,,,2,2,,2,,2,,,,1,,,,,,,,,1,2,2,1,0,12,4,,2,,,,,,,,3,3,10,,2,,,,1,1,2,1,2,2,2,2,1,1,2,,1,1,1,2,2,2,1,1,5,,95,41,1,04,1,4111,800000,18,176.33719952,
5423783,1,2,1,60,2,18,1,1,,,1,,,1,2,2,2,1,,1,,2,800000,2,,,2,,2,,2,,2,,2,,,2,,,2,,,2,,,2,,,2,,,2,,2,,2,,2,,2,,2,,,.,,,,,,,,,.,1,,,,,,,,,42,,.,42,,,2,7,,2,,2,,,,1,,,,,,,,,1,2,2,2,,,,,2,,,,,,,,,3,5,,2,,,,1,1,2,1,2,2,2,2,1,2,2,,2,1,1,2,2,2,1,1,5,,45,47,1,04,1,4773,800000,18,176.33719952,
5424708,1,1,1,60,2,68,1,1,,,1,,,1,2,2,2,2,,1,,2,350000,2,,,1,200000,2,,2,,2,,2,,,2,,,2,,,2,,,2,,,2,,,2,,2,,2,,2,,2,,2,,,.,,,,,,,,,.,11,,,,,,,,,48,,.,48,,,3,8,,2,,2,,,,1,,,,,,,,,1,2,2,1,1,10,8,,2,,,,,,,,1,3,3,,2,,,,2,,,,,,,,,,,,,,1,1,1,2,1,1,8,,60,01,1,04,1,0113,550000,68,1012.5277155,
5424708,1,2,1,60,2,68,2,,,,,,,,,,,2,,,,,,,,,,,,,,,,,,,,,,,,,,,,,,,,,,,,,,,,,,,,,,,,.,,,,,,,,,.,11,,,,,,,,,20,2,,20,,,3,1,,2,,2,,,,1,,,,,,,,,1,2,2,1,1,11,3,,2,,,,,,,,1,14,,,2,,,,2,,,,,,,,,,,,,,2,2,1,2,1,2,3,,53,01,1,04,7,0113,,68,1012.5277155,
5424709,1,1,1,60,2,68,1,1,,,1,,,1,2,2,2,1,,1,,2,300000,2,,,2,,2,,2,,2,,2,,,2,,,2,,,2,,,2,,,2,,,2,,2,,2,,2,,2,,2,,,.,,,,,,,,,.,10,,,,,,,,,48,,.,48,,,2,8,,2,,2,,,,1,,,,,,,,,1,2,2,1,2,10,8,,2,,,,,,,,1,3,3,,2,,,,2,,,,,,,,,,,,,,1,2,1,2,2,1,8,,60,01,1,04,1,0113,300000,68,1775.1922648,
5424710,1,1,1,60,2,68,2,,,,,,,,,,,480,,,,,,,,,,,,,,,,,,,,,,,,,,,,,,,,,,,,,,,,,,,,,,,7,,2,,,2,0,1,8000000,3,,12,1,4,4,0,0,3,9,2,50,,.,50,,,3,8,,2,,2,,,,1,,,,,,,,,1,2,2,2,,,,,2,,,,,,,,,3,60,,2,,,,2,,,,,,,,,,,,,,1,1,1,2,1,1,8,,61,01,1,04,5,0113,0,68,1488.6955899,
5424710,1,3,1,60,2,68,1,1,,,1,,,1,2,2,2,108,,1,,2,600000,2,,,1,200000,2,,2,,2,,2,,,2,,,2,,,2,,,2,,,2,,,2,,2,,2,,2,,2,,2,,,.,,,,,,,,,.,12,,,,,,,,,60,,.,60,,,3,8,,2,,2,,,,1,,,,,,,,,1,2,2,2,,,,,2,,,,,,,,,3,120,,2,,,,2,,,,,,,,,,,,,,1,1,1,2,1,1,8,,62,01,1,04,8,0111,800000,68,1488.6955899,
5424710,1,4,1,60,2,68,1,1,,,1,,,1,2,2,2,4,,1,,2,500000,2,,,1,100000,2,,2,,2,,2,,,2,,,2,,,2,,,2,,,2,,,2,,2,,2,,2,,2,,2,,,.,,,,,,,,,.,4,,,,,,,,,40,,.,40,,,3,8,,2,,2,,,,1,,,,,,,,,1,2,2,1,8,3,3,,2,,,,,,,,9,11,180,,2,,,,2,,,,,,,,,,,,,,1,1,1,2,2,1,3,,62,01,1,04,8,0113,600000,68,1488.6955899,
5424711,1,1,1,60,2,68,2,,,,,,,,,,,48,,,,,,,,,,,,,,,,,,,,,,,,,,,,,,,,,,,,,,,,,,,,,,,7,,2,,,2,400000,1,4000000,3,,12,1,2,0,2,0,3,3,2,48,,.,48,,,2,8,,2,,2,,,,1,,,,,,,,,1,2,2,1,0,12,8,,2,,,,,,,,10,3,3,,2,,,,2,,,,,,,,,,,,,,1,2,1,2,1,1,8,,61,01,1,04,4,0113,400000,68,2073.2667276,
5424712,1,1,1,60,2,68,2,,,,,,,,,,,300,,,,,,,,,,,,,,,,,,,,,,,,,,,,,,,,,,,,,,,,,,,,,,,7,,2,,,2,400000,1,4000000,3,,12,1,1,0,0,1,3,3,2,48,,.,48,,,2,8,,2,,2,,,,1,,,,,,,,,1,2,2,1,0,12,8,,2,,,,,,,,10,3,3,,2,,,,2,,,,,,,,,,,,,,1,1,1,2,1,1,8,,61,01,1,04,4,0111,400000,68,1291.8081318,
5424712,1,2,1,60,2,68,2,,,,,,,,,,,12,,,,,,,,,,,,,,,,,,,,,,,,,,,,,,,,,,,,,,,,,,,,,,,,.,,,,,,,,,.,12,,,,,,,,,20,2,,20,,,2,8,,11,,2,,,,1,,,,,,,,,1,2,2,1,12,48,1,,2,,,,,,,,1,3,3,,2,,,,2,,,,,,,,,,,,,,1,1,1,2,1,1,3,,62,01,1,04,6,0111,,68,1291.8081318,
5424713,1,1,1,60,2,68,2,,,,,,,,,,,348,,,,,,,,,,,,,,,,,,,,,,,,,,,,,,,,,,,,,,,,,,,,,,,6,,,,,3,240000,1,2800000,3,,12,2,,,,,3,1,2,42,,.,42,,,1,8,,2,,2,,,,1,,,,,,,,,1,2,2,2,,,,,2,,,,,,,,,3,180,,1,30,2,1,2,,,,,,,,,,,,,,1,2,2,2,2,1,8,,61,01,1,04,4,0161,240000,68,782.65437027,
5424713,1,2,1,60,2,68,2,,,,,,,,,,,36,,,,,,,,,,,,,,,,,,,,,,,,,,,,,,,,,,,,,,,,,,,,,,,6,,,,,3,100000,1,1200000,3,,12,2,,,,,3,1,1,28,1,,28,,,1,8,,2,,2,,,,1,,,,,,,,,1,2,2,2,,,,,2,,,,,,,,,3,60,,1,28,2,1,1,1,2,1,2,1,2,1,1,2,2,,2,1,1,2,2,2,2,1,8,,61,01,1,04,4,0161,100000,68,782.65437027,
5424714,1,1,1,60,2,68,1,1,,,1,,,1,2,2,2,1,,1,,2,500000,2,,,2,,2,,2,,2,,2,,,2,,,2,,,2,,,2,,,2,,,2,,2,,2,,2,,2,,2,,,.,,,,,,,,,.,10,,,,,,,,,48,,.,48,,,3,8,,2,,2,,,,1,,,,,,,,,1,2,2,1,2,10,8,,2,,,,,,,,1,3,20,,2,,,,2,,,,,,,,,,,,,,1,1,1,2,2,1,8,,62,01,1,04,8,0113,500000,68,1775.1922648,
5424725,1,2,1,60,2,54,2,,,,,,,,,,,240,,,,,,,,,,,,,,,,,,,,,,,,,,,,,,,,,,,,,,,,,,,,,,,6,,,,,3,350000,1,4000000,3,,12,2,,,,,2,1,2,40,,.,40,,,1,8,,2,,2,,,,1,,,,,,,,,1,2,2,1,0,24,4,,2,,,,,,,,3,3,20,,2,,,,1,1,1,1,2,1,2,2,1,2,2,,2,2,1,1,1,2,1,1,3,,61,01,1,04,4,0161,350000,54,709.86327831,
5424726,1,1,1,60,2,54,2,,,,,,,,,,,120,,,,,,,,,,,,,,,,,,,,,,,,,,,,,,,,,,,,,,,,,,,,,,,7,,2,,,2,600000,1,7000000,3,,12,2,,,,,3,3,2,70,,.,70,,,1,7,,2,,2,,,,1,,,,,,,,,1,2,2,1,0,12,4,,2,,,,,,,,3,11,60,,2,,,,2,,,,,,,,,,,,,,2,2,2,2,2,1,8,,41,47,1,04,4,4721,600000,54,830.38905151,
5424726,1,3,1,60,2,54,2,,,,,,,,,,,12,,,,,,,,,,,,,,,,,,,,,,,,,,,,,,,,,,,,,,,,,,,,,,,6,,,,,3,300000,1,3300000,3,,12,2,,,,,3,5,2,24,2,,24,,,1,8,,2,,2,,,,1,,,,,,,,,1,2,2,1,0,12,6,,2,,,,,,,,8,3,20,,2,,,,2,,,,,,,,,,,,,,2,2,2,2,2,2,5,,61,01,1,04,4,0161,300000,54,830.38905151,
5424727,1,1,1,60,2,54,2,,,,,,,,,,,360,,,,,,,,,,,,,,,,,,,,,,,,,,,,,,,,,,,,,,,,,,,,,,,7,,2,,,2,600000,1,6000000,3,,12,1,3,2,0,1,3,7,2,48,,.,48,,,2,8,,1,,3,,,,,.,,,,,,,,,2,2,1,0,192,1,,2,,,,,,,,2,3,3,,2,,,,2,,,,,,,,,,,,,,1,2,1,2,1,1,9,,61,01,1,04,5,0113,600000,54,652.38440079,
5424727,1,2,1,60,2,54,2,,,,,,,,,,,240,,,,,,,,,,,,,,,,,,,,,,,,,,,,,,,,,,,,,,,,,,,,,,,,.,,,,,,,,,.,12,,,,,,,,,20,2,,20,,,2,1,,3,,2,,,,1,,,,,,,,,1,2,2,1,0,24,4,,2,,,,,,,,9,14,,,2,,,,2,,,,,,,,,,,,,,1,1,1,2,1,1,8,,53,56,1,04,6,5619,,54,652.38440079,
5424758,1,1,1,60,2,70,2,,,,,,,,,,,240,,,,,,,,,,,,,,,,,,,,,,,,,,,,,,,,,,,,,,,,,,,,,,,7,,2,,,3,500000,1,6000000,3,,12,2,,,,,3,3,2,30,2,,30,,,1,8,,2,,2,,,,1,,,,,,,,,1,2,2,1,0,120,4,,2,,,,,,,,3,3,10,,2,,,,2,,,,,,,,,,,,,,1,1,1,2,1,1,8,,61,01,1,04,4,0121,500000,70,1229.0660284,
5424759,1,2,1,60,2,70,2,,,,,,,,,,,480,,,,,,,,,,,,,,,,,,,,,,,,,,,,,,,,,,,,,,,,,,,,,,,6,,,,,3,300000,1,5000000,3,,12,2,,,,,3,10,2,49,,.,16,6,,1,1,,2,,2,,,,1,,,,,,,,,1,2,2,2,,,,,2,,,,,,,,,14,,2,2,,,,2,,,,,,,,,,,,,,1,2,1,2,2,1,3,,95,16,1,04,4,1630,300000,70,560.90546481,
5424760,1,1,1,60,2,70,2,,,,,,,,,,,480,,,,,,,,,,,,,,,,,,,,,,,,,,,,,,,,,,,,,,,,,,,,,,,6,,,,,3,240000,1,2800000,3,,12,2,,,,,3,3,2,30,2,,30,,,1,8,,2,,2,,,,1,,,,,,,,,1,2,2,1,0,12,4,,2,,,,,,,,8,10,60,,2,,,,2,,,,,,,,,,,,,,1,1,1,2,1,1,3,,61,01,1,04,4,0111,240000,70,819.44676521,
5424761,1,2,1,60,2,70,2,,,,,,,,,,,18,,,,,,,,,,,,,,,,,,,,,,,,,,,,,,,,,,,,,,,,,,,,,,,6,,,,,3,210000,1,2400000,3,,12,2,,,,,3,1,2,49,,.,49,,,1,3,,2,,2,,,,1,,,,,,,,,1,2,2,1,0,23,4,,2,,,,,,,,3,3,10,,2,,,,1,1,1,1,2,2,2,2,2,2,2,,2,1,1,2,1,2,1,1,3,,41,47,1,04,4,4729,210000,70,1211.3799359,
5424762,1,1,1,60,2,70,2,,,,,,,,,,,48,,,,,,,,,,,,,,,,,,,,,,,,,,,,,,,,,,,,,,,,,,,,,,,6,,,,,3,200000,1,2400000,3,,12,2,,,,,3,1,2,30,1,,30,,,1,8,,2,,2,,,,1,,,,,,,,,1,2,2,1,0,60,6,,1,70,12,4,,100000,1,8,8,10,30,,2,,,,2,,,,,,,,,,,,,,1,1,1,2,1,1,8,,61,01,1,04,4,0112,300000,70,560.90546481,
5424763,1,1,1,60,2,70,2,,,,,,,,,,,1,,,,,,,,,,,,,,,,,,,,,,,,,,,,,,,,,,,,,,,,,,,,,,,6,,,,,3,30000,1,30000,3,,1,2,,,,,3,1,2,15,1,,15,,,1,1,,2,,2,,,,1,,,,,,,,,1,2,2,1,84,36,3,,2,,,,,,,,3,14,,,2,,,,1,1,1,1,2,2,2,2,2,2,2,,2,1,1,2,1,2,1,1,3,,41,56,1,04,4,5619,30000,70,1591.9691702,
5424763,1,2,1,60,2,70,2,,,,,,,,,,,240,,,,,,,,,,,,,,,,,,,,,,,,,,,,,,,,,,,,,,,,,,,,,,,6,,,,,3,0,1,3600000,3,,12,2,,,,,3,10,2,42,,.,42,,,1,8,,2,,2,,,,1,,,,,,,,,1,2,2,2,,,,,2,,,,,,,,,3,60,,2,,,,2,,,,,,,,,,,,,,1,2,1,2,1,1,3,,61,01,1,04,4,0112,0,70,1591.9691702,
5424764,1,2,1,60,2,70,2,,,,,,,,,,,120,,,,,,,,,,,,,,,,,,,,,,,,,,,,,,,,,,,,,,,,,,,,,,,6,,,,,3,250000,1,3000000,3,,12,2,,,,,3,1,2,36,2,,36,,,1,8,,2,,2,,,,1,,,,,,,,,1,2,2,1,0,12,4,,2,,,,,,,,3,11,30,,2,,,,2,,,,,,,,,,,,,,1,1,1,2,1,1,8,,61,01,1,04,4,0161,250000,70,1374.1159932,
5424765,1,1,1,60,2,70,2,,,,,,,,,,,62,,,,,,,,,,,,,,,,,,,,,,,,,,,,,,,,,,,,,,,,,,,,,,,6,,,,,3,600000,1,7500000,3,,12,2,,,,,3,10,1,40,,.,40,,,1,6,,2,,2,,,,1,,,,,,,,,1,2,2,1,0,3,1,,1,70,16,4,,150000,1,8,1,14,,,2,,,,1,1,2,1,2,2,2,1,1,2,2,,2,1,2,2,1,2,2,1,9,,45,47,1,04,4,4781,750000,70,1683.1849285,
5424766,1,1,1,60,2,70,2,,,,,,,,,,,480,,,,,,,,,,,,,,,,,,,,,,,,,,,,,,,,,,,,,,,,,,,,,,,6,,,,,3,0,1,5000000,3,,12,2,,,,,2,3,2,42,,.,24,6,,1,8,,2,,2,,,,1,,,,,,,,,1,2,2,1,0,60,6,,1,70,20,4,,200000,2,1,10,11,18,2,2,,,,2,,,,,,,,,,,,,,1,1,1,2,2,1,5,,61,01,1,04,4,0112,200000,70,1189.3142314,
5424767,1,1,1,60,2,70,2,,,,,,,,,,,96,,,,,,,,,,,,,,,,,,,,,,,,,,,,,,,,,,,,,,,,,,,,,,,6,,,,,3,600000,1,7200000,3,,12,2,,,,,3,10,2,44,,.,44,,,1,4,,2,,2,,,,1,,,,,,1,,,,2,2,1,0,3,8,,2,,,,,,,,1,14,,,2,,,,2,,,,,,,,,,,,,,1,1,1,2,2,1,5,,98,49,1,04,4,4921,600000,70,1511.5169486,
5424768,1,2,1,60,2,70,2,,,,,,,,,,,132,,,,,,,,,,,,,,,,,,,,,,,,,,,,,,,,,,,,,,,,,,,,,,,6,,,,,3,500000,1,6500000,3,,12,2,,,,,3,5,2,45,,.,45,,,1,6,,2,,2,,,,1,,,,,,,,,1,2,2,1,0,71,4,,2,,,,,,,,3,14,,,2,,,,2,,,,,,,,,,,,,,1,2,1,2,1,1,9,,45,47,1,04,4,4781,500000,70,990.94247498,
5424769,1,2,1,60,2,70,2,,,,,,,,,,,2,,,,,,,,,,,,,,,,,,,,,,,,,,,,,,,,,,,,,,,,,,,,,,,6,,,,,3,70000,1,140000,3,,2,2,,,,,3,10,2,12,1,,12,,,1,1,,2,,2,,,,1,,,,,,,,,1,2,2,2,,,,,2,,,,,,,,,14,,,1,15,2,1,1,1,2,1,2,2,2,1,2,2,2,,2,1,2,2,2,2,2,1,5,,45,56,1,04,4,5619,70000,70,975.17699258,
5424771,1,1,1,60,2,70,2,,,,,,,,,,,36,,,,,,,,,,,,,,,,,,,,,,,,,,,,,,,,,,,,,,,,,,,,,,,6,,,,,3,300000,1,3600000,3,,12,2,,,,,2,10,1,20,2,,20,,,1,2,,2,,2,,,,1,,,,,,,,,1,2,2,1,0,48,3,,2,,,,,,,,9,3,10,,2,,,,1,1,2,1,2,2,2,1,2,2,2,,2,1,2,2,1,2,2,1,5,,55,81,1,04,4,8121,300000,70,945.50487782,
5424772,1,1,1,60,2,70,2,,,,,,,,,,,180,,,,,,,,,,,,,,,,,,,,,,,,,,,,,,,,,,,,,,,,,,,,,,,7,,1,2,,3,400000,1,4800000,3,,12,2,,,,,2,3,2,40,,.,40,,,1,8,,2,,2,,,,1,,,,,,,,,1,2,2,1,0,120,4,,1,70,18,4,,150000,2,2,10,11,16,,2,,,,2,,,,,,,,,,,,,,1,1,1,2,2,1,5,,61,01,1,04,4,0150,550000,70,1366.7728602,
5424772,1,2,1,60,2,70,2,,,,,,,,,,,48,,,,,,,,,,,,,,,,,,,,,,,,,,,,,,,,,,,,,,,,,,,,,,,6,,,,,3,500000,1,6000000,3,,12,2,,,,,3,3,2,42,,.,42,,,1,4,,2,,2,,,,1,,,,,,,,,1,2,2,1,0,13,4,,2,,,,,,,,3,14,,,2,,,,2,,,,,,,,,,,,,,1,1,1,2,2,1,5,,98,49,1,04,4,4921,500000,70,1366.7728602,
5424773,1,2,1,60,2,70,1,1,,,1,,,1,2,2,2,18,,1,,2,500000,2,,,1,150000,2,,2,,2,,2,,,2,,,2,,,2,,,2,,,2,,,2,,2,,2,,2,,2,,2,,,.,,,,,,,,,.,12,,,,,,,,,48,,.,48,,,2,7,,2,,2,,,,1,,,,,,,,,1,2,2,1,0,18,4,,2,,,,,,,,8,11,15,,2,,,,2,,,,,,,,,,,,,,1,1,1,2,2,1,8,,45,47,1,04,1,4754,650000,70,823.92040809,
5424774,1,1,1,60,2,70,1,1,,,1,,,1,2,2,2,8,,1,,2,170000,2,,,1,150000,2,,2,,2,,2,,,2,,,2,,,2,,,2,,,2,,,2,,2,,2,,2,,2,,2,,,.,,,,,,,,,.,12,,,,,,,,,45,,.,45,,,1,2,,2,,2,,,,1,,,,,,,,,1,2,2,1,0,5,4,,2,,,,,,,,8,3,30,,2,,,,2,,,,,,,,,,,,,,1,1,1,2,2,1,8,,54,97,1,04,3,9700,320000,70,957.22762298,
5424775,1,1,1,60,2,15,2,,,,,,,,,,,480,,,,,,,,,,,,,,,,,,,,,,,,,,,,,,,,,,,,,,,,,,,,,,,7,,2,,,3,180000,1,1800000,3,,12,2,,,,,1,9,2,21,2,,21,,,1,8,,2,,2,,,,1,,,,,,1,,,,2,2,2,,,,,2,,,,,,,,,3,5,,2,,,,2,,,,,,,,,,,,,,1,2,1,2,1,1,3,,61,01,1,04,4,0141,180000,15,1948.7256652,
5424776,1,1,1,60,2,15,2,,,,,,,,,,,180,,,,,,,,,,,,,,,,,,,,,,,,,,,,,,,,,,,,,,,,,,,,,,,7,,1,1,2021,2,1500000,1,30000000,3,,12,1,3,2,0,1,2,1,2,48,,.,48,,,3,7,,2,,2,,,,1,,,,,,,,,1,2,2,1,0,36,1,,2,,,,,,,,10,3,4,,2,,,,2,,,,,,,,,,,,,,1,2,1,2,1,1,3,,89,23,1,04,5,2393,1500000,15,1401.9315769,
5424776,1,2,1,60,2,15,2,,,,,,,,,,,132,,,,,,,,,,,,,,,,,,,,,,,,,,,,,,,,,,,,,,,,,,,,,,,,.,,,,,,,,,.,12,,,,,,,,,25,2,,25,,,3,7,,2,,2,,,,1,,,,,,,,,1,2,2,2,,,,,2,,,,,,,,,3,4,,2,,,,2,,,,,,,,,,,,,,1,2,1,2,1,1,3,,89,23,1,04,6,2393,,15,1401.9315769,
5424776,1,3,1,60,2,15,2,,,,,,,,,,,36,,,,,,,,,,,,,,,,,,,,,,,,,,,,,,,,,,,,,,,,,,,,,,,6,,,,,2,500000,1,5000000,3,,12,2,,,,,3,3,2,40,,.,40,,,1,4,,2,,2,,,,1,,,,,,,,,1,2,2,1,0,48,1,,2,,,,,,,,10,11,14,,2,,,,2,,,,,,,,,,,,,,1,2,1,2,1,1,2,,98,49,1,04,4,4921,500000,15,1401.9315769,
5424776,1,4,1,60,2,15,1,1,,,1,,,1,2,2,2,12,,1,,2,500000,2,,,2,,2,,2,,2,,2,,,2,,,2,,,2,,,2,,,2,,,2,,2,,2,,2,,2,,2,,,.,,,,,,,,,.,12,,,,,,,,,25,2,,25,,,3,7,,2,,2,,,,1,,,,,,,,,1,2,2,2,,,,,2,,,,,,,,,3,5,,2,,,,2,,,,,,,,,,,,,,1,2,1,2,1,1,3,,89,23,1,04,1,2393,500000,15,1401.9315769,
5424777,1,2,1,60,2,15,2,,,,,,,,,,,360,,,,,,,,,,,,,,,,,,,,,,,,,,,,,,,,,,,,,,,,,,,,,,,7,,1,1,2021,2,2800000,1,30000000,3,,12,1,12,12,0,0,2,9,2,45,,.,45,,,5,7,,2,,2,,,,1,,,,,,1,,,,2,2,2,,,,,2,,,,,,,,,3,2,,2,,,,2,,,,,,,,,,,,,,1,2,1,2,1,1,2,,89,23,1,04,5,2393,2800000,15,1460.7152062,
5424778,1,2,1,60,2,15,1,1,,,1,,,1,2,2,2,120,,1,,2,908526,2,,,2,,2,,2,,2,,2,,,2,,,2,,,2,,,2,,,2,,,2,,2,,2,,2,,2,,2,,,.,,,,,,,,,.,12,,,,,,,,,48,,.,48,,,5,7,,2,,2,,,,1,,,,,,,,,1,2,2,2,,,,,2,,,,,,,,,3,5,,2,,,,2,,,,,,,,,,,,,,1,2,1,2,1,1,5,,89,23,1,04,1,2393,908526,15,905.1447517,
5424778,1,3,1,60,2,15,1,1,,,1,,,1,2,2,2,168,,1,,2,908526,2,,,2,,2,,2,,2,,2,,,2,,,2,,,2,,,2,,,2,,,2,,2,,2,,2,,2,,2,,,.,,,,,,,,,.,12,,,,,,,,,48,,.,48,,,5,7,,2,,2,,,,1,,,,,,1,,,,2,2,2,,,,,2,,,,,,,,,3,5,,2,,,,2,,,,,,,,,,,,,,1,1,1,2,1,1,3,,89,23,1,04,1,2393,908526,15,905.1447517,
5424779,1,1,1,60,2,15,2,,,,,,,,,,,6,,,,,,,,,,,,,,,,,,,,,,,,,,,,,,,,,,,,,,,,,,,,,,,7,,2,,,2,1200000,1,8000000,3,,6,1,3,0,3,0,2,1,2,48,,.,48,,,3,7,,2,,2,,,,1,,,,,,,,,1,2,2,1,7,120,4,,2,,,,,,,,2,3,6,,2,,,,2,,,,,,,,,,,,,,1,2,1,2,1,1,2,,89,23,1,04,4,2393,1200000,15,1948.7256652,
5424780,1,1,1,60,2,15,1,1,,,1,,,1,2,2,2,180,,1,,2,908526,2,,,2,,2,,2,,2,,2,,,2,,,2,,,2,,,2,,,2,,,2,,2,,2,,2,,2,,2,,,.,,,,,,,,,.,12,,,,,,,,,40,,.,40,,,4,7,,2,,2,,,,1,,,,,,1,,,,2,2,2,,,,,2,,,,,,,,,3,5,,2,,,,2,,,,,,,,,,,,,,1,2,1,2,1,1,3,,89,23,1,04,1,2393,908526,15,1574.2422583,
5424781,1,1,1,60,2,15,1,1,,,1,,,1,2,2,2,120,,1,,2,800000,2,,,2,,2,,2,,2,,2,,,2,,,2,,,2,,,2,,,2,,,2,,2,,2,,2,,2,,2,,,.,,,,,,,,,.,12,,,,,,,,,48,,.,48,,,4,7,,2,,2,,,,1,,,,,,,,,1,2,2,1,0,70,1,,2,,,,,,,,1,3,4,,2,,,,2,,,,,,,,,,,,,,1,2,1,2,1,2,2,,89,23,1,04,1,2393,800000,15,1447.9579443,
5424782,1,1,1,60,2,15,2,,,,,,,,,,,264,,,,,,,,,,,,,,,,,,,,,,,,,,,,,,,,,,,,,,,,,,,,,,,7,,1,2,,2,,1,99,3,,12,1,12,10,0,2,2,9,2,40,,.,40,,,5,7,,2,,2,,,,1,,,,1,,,,,,2,2,2,,,,,2,,,,,,,,,3,5,,2,,,,2,,,,,,,,,,,,,,1,1,1,2,1,1,2,,89,23,1,04,5,2393,,15,1355.9052095,
5424782,1,2,1,60,2,15,2,,,,,,,,,,,120,,,,,,,,,,,,,,,,,,,,,,,,,,,,,,,,,,,,,,,,,,,,,,,,.,,,,,,,,,.,12,,,,,,,,,14,2,,14,,,5,7,,2,,2,,,,1,,,,,,,,,1,2,2,2,,,,,2,,,,,,,,,3,2,,2,,,,2,,,,,,,,,,,,,,1,2,1,2,1,1,2,,89,23,1,04,6,2393,,15,1355.9052095,
5424782,1,4,1,60,2,15,2,,,,,,,,,,,12,,,,,,,,,,,,,,,,,,,,,,,,,,,,,,,,,,,,,,,,,,,,,,,,.,,,,,,,,,.,12,,,,,,,,,24,2,,24,,,5,7,,2,,2,,,,1,,,,,,,,,1,2,2,2,,,,,2,,,,,,,,,3,5,,2,,,,2,,,,,,,,,,,,,,1,1,1,2,1,1,3,,89,23,1,04,6,2393,,15,1355.9052095,
5424783,1,1,1,60,2,15,2,,,,,,,,,,,120,,,,,,,,,,,,,,,,,,,,,,,,,,,,,,,,,,,,,,,,,,,,,,,7,,1,1,2021,2,1400000,1,99,3,,12,1,2,2,0,0,2,6,2,48,,.,48,,,2,7,,3,,2,,,,1,,,,,,,,,1,2,2,2,,,,,2,,,,,,,,,3,10,,2,,,,2,,,,,,,,,,,,,,1,2,1,2,1,1,3,,89,23,1,04,5,2393,1400000,15,1251.2526825,
5424792,1,1,1,60,2,15,2,,,,,,,,,,,36,,,,,,,,,,,,,,,,,,,,,,,,,,,,,,,,,,,,,,,,,,,,,,,6,,,,,2,500000,1,5000000,3,,12,2,,,,,2,10,1,24,1,,24,,,1,2,,2,,2,,,,1,,,,,,,,,1,2,2,2,,,,,2,,,,,,,,,3,20,,1,24,2,1,2,,,,,,,,,,,,,,2,2,2,2,2,1,3,,54,81,1,04,4,8121,500000,15,1274.0303873,
5424793,1,1,1,60,2,15,2,,,,,,,,,,,250,,,,,,,,,,,,,,,,,,,,,,,,,,,,,,,,,,,,,,,,,,,,,,,6,,,,,2,800000,1,9000000,3,,12,2,,,,,3,1,1,50,,.,30,6,,1,2,,2,,2,,,,1,,,1,,,,,,,2,2,1,5,12,1,,2,,,,,,,,1,3,30,1,2,,,,2,,,,,,,,,,,,,,1,2,1,2,2,1,5,,95,41,1,04,4,4111,800000,15,1651.8294358,
5424793,1,2,1,60,2,15,2,,,,,,,,,,,250,,,,,,,,,,,,,,,,,,,,,,,,,,,,,,,,,,,,,,,,,,,,,,,6,,,,,2,400000,1,98,3,,12,2,,,,,3,1,1,50,,.,35,6,,1,2,,10,,2,,,,1,,,,,,,,,1,2,2,2,,,,,2,,,,,,,,,3,40,1,2,,,,1,1,2,1,2,2,2,2,1,2,2,,2,1,1,2,1,2,2,1,5,,54,81,1,04,4,8121,400000,15,1651.8294358,
5424794,1,1,1,60,2,15,2,,,,,,,,,,,98,,,,,,,,,,,,,,,,,,,,,,,,,,,,,,,,,,,,,,,,,,,,,,,6,,,,,2,600000,1,98,3,,12,2,,,,,3,1,1,50,,.,24,6,,1,2,,2,,2,,,,1,,,1,,,,,,,2,2,2,,,,,2,,,,,,,,,3,30,1,2,,,,1,1,2,1,2,2,2,2,1,2,2,,2,1,1,2,1,2,2,1,2,,95,41,1,04,4,4111,600000,15,1061.2694752,
5424795,1,1,1,60,2,15,1,1,,,1,,,1,2,2,2,180,,1,,2,600000,2,,,2,,2,,2,,2,,2,,,2,,,2,,,2,,,2,,,2,,,2,,2,,2,,2,,2,,2,,,.,,,,,,,,,.,12,,,,,,,,,60,,.,60,,,9,4,,1,,1,1,1,6,1,1,,,,,,,,,1,2,1,2,15,4,,2,,,,,,,,2,3,5,,2,,,,2,,,,,,,,,,,,,,1,2,1,2,2,1,5,,98,49,1,04,1,4921,600000,15,2235.9734061,
5424796,1,1,1,60,2,15,2,,,,,,,,,,,130,,,,,,,,,,,,,,,,,,,,,,,,,,,,,,,,,,,,,,,,,,,,,,,6,,,,,2,,1,98,3,,12,2,,,,,3,1,1,50,,.,50,,,1,9,,2,,2,,,,1,,,1,,,,,,,2,2,1,5,30,1,,2,,,,,,,,1,3,50,,2,,,,1,1,1,1,2,2,2,2,1,2,2,,2,1,1,2,1,2,2,1,2,,95,41,1,04,4,4111,,15,2079.3549186,
5424796,1,2,1,60,2,15,1,1,,,1,,,2,2,2,2,420,,1,,2,400000,2,,,2,,2,,2,,2,,2,,,2,,,2,,,2,,,2,,,2,,,2,,2,,2,,2,,2,,2,,,.,,,,,,,,,.,12,,,,,,,,,35,2,,35,,,1,2,,2,,2,,,,1,,,1,,,,,,,2,2,2,,,,,2,,,,,,,,,3,30,,2,,,,2,,,,,,,,,,,,,,1,2,1,2,1,1,2,,54,97,1,04,3,9700,400000,15,2079.3549186,
5424796,1,3,1,60,2,15,1,2,1,,1,,,1,1,1,1,24,,1,,2,908500,2,,,2,,2,,2,,2,,2,,,1,98,2,2,,,2,,,2,,,2,,,1,414000,1,414000,1,414000,2,,2,,2,,,.,,,,,,,,,.,12,,,,,,,,,50,,.,50,,,9,7,,1,,1,1,1,2,1,1,,,,,,,,,1,1,1,2,16,4,,2,,,,,,,,9,3,35,,2,,,,2,,,,,,,,,,,,,,1,1,1,2,1,1,2,,62,85,1,04,1,8544,908500,15,2079.3549186,
5424796,1,6,1,60,2,15,2,,,,,,,,,,,15,,,,,,,,,,,,,,,,,,,,,,,,,,,,,,,,,,,,,,,,,,,,,,,6,,,,,2,500000,1,98,3,,12,2,,,,,3,1,1,48,,.,24,6,,1,8,,2,,2,,,,1,,,,,,,,,1,2,2,1,2,12,1,,2,,,,,,,,9,3,30,1,2,,,,2,,,,,,,,,,,,,,1,2,2,2,2,1,2,,61,01,1,04,4,0161,500000,15,2079.3549186,
5424796,1,8,1,60,2,15,1,1,,,1,,,1,2,2,2,6,,,,,,,,,,,,,,,,,,,,,,,,,,,,,,,,,,,,,,,,,,,,,,,4,,,,,2,400000,1,98,3,,6,2,,,,,1,1,1,50,,.,30,6,,3,7,,2,,2,,,,1,,,1,,,,,,,2,2,2,,,,,2,,,,,,,,,3,20,1,2,,,,2,,,,,,,,,,,,,,1,2,1,2,2,1,3,,99,45,1,04,4,4520,400000,15,2079.3549186,
5424798,1,3,1,60,2,15,1,1,,,1,,,1,2,2,2,36,,1,,2,800000,2,,,2,,2,,2,,2,,2,,,2,,,2,,,2,,,2,,,2,,,2,,2,,2,,2,,2,,2,,,.,,,,,,,,,.,12,,,,,,,,,40,,.,40,,,3,7,,2,,2,,,,1,,,,,,,,,1,2,2,1,0,36,4,,2,,,,,,,,8,2,20,,2,,,,2,,,,,,,,,,,,,,1,1,1,2,2,1,2,,99,47,1,04,1,4752,800000,15,880.95839047,
5424799,1,1,1,60,2,15,1,2,1,,1,,,1,1,1,1,420,,5,,2,1817000,2,,,2,,2,,2,,2,,2,,,2,,,2,,,2,,,2,,,2,,,1,908500,1,908500,1,908500,2,,2,,2,,,.,,,,,,,,,.,12,,,,,,,,,50,,.,50,,,9,7,,1,,1,3,1,98,1,1,,,,,,,,,1,1,1,0,21,1,,2,,,,,,,,1,8,20,,2,,,,2,,,,,,,,,,,,,,1,2,1,2,2,1,2,,58,85,1,04,2,8544,1817000,15,558.99335152,
5424800,1,1,1,60,2,15,1,2,2,3,2,4,FUNDACION GRANITOS DE MOSTAZA,2,1,1,1,2,,2,,2,980000,2,,,2,,2,,2,,2,,2,,,1,106000,2,2,,,2,,,2,,,2,,,2,,2,,2,,2,,2,,2,,,.,,,,,,,,,.,2,,,,,,,,,48,,.,48,,,9,7,,1,,1,1,1,0,1,1,,,,,,,,,1,1,1,11,3,1,,2,,,,,,,,2,3,40,,2,,,,2,,,,,,,,,,,,,,2,1,1,2,2,1,1,,53,86,1,04,1,8610,980000,15,2044.6428987,5629
5424803,1,1,1,60,2,15,1,2,1,,1,,,1,1,1,1,4,,1,,2,908500,2,,,2,,2,,2,,2,,2,,,2,,,2,,,2,,,2,,,2,,,2,,2,,2,,2,,2,,2,,,.,,,,,,,,,.,12,,,,,,,,,58,,.,58,,,2,7,,1,,1,1,1,0,1,1,,,,,,,,,1,2,1,0,25,4,,2,,,,,,,,8,13,20,,2,,,,2,,,,,,,,,,,,,,1,2,1,2,2,1,2,,73,46,1,04,1,4663,908500,15,1627.1260587,
5424804,1,1,1,60,2,15,2,,,,,,,,,,,120,,,,,,,,,,,,,,,,,,,,,,,,,,,,,,,,,,,,,,,,,,,,,,,6,,,,,2,400000,1,6000000,3,,12,2,,,,,2,1,1,36,1,,20,6,,1,2,,2,,2,,,,1,,,,,,,,,1,2,2,1,0,120,4,,2,,,,,,,,3,3,30,2,2,,,,1,1,2,1,2,1,2,1,2,2,2,,2,1,1,2,2,2,2,1,2,,95,41,1,04,4,4111,400000,15,2235.9734061,
5424807,1,1,1,60,2,15,2,,,,,,,,,,,400,,,,,,,,,,,,,,,,,,,,,,,,,,,,,,,,,,,,,,,,,,,,,,,6,,,,,2,700000,1,98,3,,12,2,,,,,3,3,2,50,,.,30,6,,1,2,,2,,2,,,,1,,,1,,,,,,,2,2,2,,,,,2,,,,,,,,,11,30,1,2,,,,2,,,,,,,,,,,,,,1,2,1,2,2,1,2,,95,41,1,04,4,4111,700000,15,1543.1357931,
5424807,1,2,1,60,2,15,2,,,,,,,,,,,340,,,,,,,,,,,,,,,,,,,,,,,,,,,,,,,,,,,,,,,,,,,,,,,6,,,,,2,500000,1,6000000,3,,12,2,,,,,3,3,2,35,2,,35,,,1,6,,2,,2,,,,1,,,1,,,,,,,2,2,2,,,,,2,,,,,,,,,1,60,,2,,,,2,,,,,,,,,,,,,,1,2,1,2,2,1,2,,41,47,1,04,4,4721,500000,15,1543.1357931,
5424807,1,3,1,60,2,15,1,2,1,,1,,,1,1,1,1,3,,1,,2,908500,2,,,2,,2,,2,,2,,2,,,2,,,2,,,2,,,2,,,2,,,2,,2,,2,,2,,2,,2,,,.,,,,,,,,,.,12,,,,,,,,,40,,.,40,,,5,4,,1,,1,1,1,98,1,1,,,,,,,,,1,1,1,0,16,1,,2,,,,,,,,1,3,15,,2,,,,2,,,,,,,,,,,,,,1,1,1,2,1,1,2,,98,05,1,04,1,0510,908500,15,1543.1357931,
5424810,1,3,1,60,2,15,1,1,,,1,,,1,2,2,2,84,,1,,2,800000,2,,,2,,2,,2,,2,,2,,,2,,,2,,,2,,,2,,,2,,,2,,2,,2,,2,,2,,2,,,.,,,,,,,,,.,12,,,,,,,,,48,,.,48,,,3,7,,2,,2,,,,1,,,1,,,,,,,2,2,2,,,,,2,,,,,,,,,11,25,,2,,,,2,,,,,,,,,,,,,,2,2,2,2,2,2,2,,84,45,1,04,1,4520,800000,15,1021.2482756,
5424816,1,2,1,60,2,17,2,,,,,,,,,,,12,,,,,,,,,,,,,,,,,,,,,,,,,,,,,,,,,,,,,,,,,,,,,,,7,,2,,,2,700000,1,8400000,3,,12,2,,,,,3,3,2,50,,.,50,,,1,1,,2,,2,,,,1,,,,,,,,,1,2,2,1,12,24,8,,2,,,,,,,,9,14,,,2,,,,2,,,,,,,,,,,,,,1,1,1,2,1,1,3,,41,47,1,04,4,4711,700000,17,1245.6863585,
5424816,1,6,1,60,2,17,1,2,1,,1,,,1,1,2,1,2,,1,,2,1600000,2,,,2,,2,,2,,2,,2,,,1,106454,2,2,,,2,,,2,,,2,,,2,,2,,2,,2,,2,,2,,,.,,,,,,,,,.,12,,,,,,,,,48,,.,48,,,9,7,,1,,1,2,1,8,1,1,,,,,,,,,1,1,1,0,6,8,,2,,,,,,,,8,11,30,,2,,,,2,,,,,,,,,,,,,,1,1,1,2,2,1,9,,97,01,1,04,1,0145,1600000,17,1245.6863585,
5424817,1,1,1,60,2,17,1,1,,,1,,,1,2,2,2,11,,1,,2,908526,2,,,2,,2,,2,,2,,2,,,2,,,2,,,2,,,2,,,2,,,1,877803,2,,2,,2,,2,,2,,,.,,,,,,,,,.,11,,,,,,,,,55,,.,55,,,3,8,,1,,1,1,1,2,1,1,,,,,,,,,1,2,1,1,24,8,,2,,,,,,,,5,11,15,,2,,,,2,,,,,,,,,,,,,,1,1,1,2,1,1,5,,60,01,1,04,1,0141,908526,17,827.9449776,
5424817,1,2,1,60,2,17,1,1,,,1,,,2,2,2,2,2,,1,,2,160000,2,,,2,,2,,2,,2,,2,,,2,,,2,,,2,,,2,,,2,,,2,,2,,2,,2,,2,,2,,,.,,,,,,,,,.,7,,,,,,,,,20,1,,20,,,4,8,,2,,2,,,,1,,,,,,,,,1,2,2,1,5,6,8,,2,,,,,,,,7,11,15,,1,40,2,1,1,1,2,1,2,1,2,2,2,2,2,,2,1,2,2,2,2,2,1,3,,62,01,1,04,8,0121,160000,17,827.9449776,
5424818,1,2,1,60,2,17,1,2,1,,1,,,1,1,2,1,36,,1,,2,908526,2,,,2,,2,,2,,2,,2,,,1,106454,2,1,80400,2,2,,,2,,,2,,,1,877803,2,,2,,2,,2,,2,,,.,,,,,,,,,.,12,,,,,,,,,48,,.,48,,,9,8,,1,,1,1,1,6,1,1,,,,,,,,,1,1,1,0,70,8,,2,,,,,,,,8,11,25,,2,,,,2,,,,,,,,,,,,,,1,1,1,2,1,1,1,,62,01,1,04,1,0121,908526,17,912.74282019,
5424820,1,1,1,60,2,17,1,1,,,1,,,1,2,2,2,1,,1,,2,800000,2,,,2,,2,,2,,2,,2,,,2,,,2,,,2,,,2,,,2,,,2,,2,,2,,2,,2,,2,,,.,,,,,,,,,.,8,,,,,,,,,55,,.,55,,,4,8,,1,,1,1,2,15,1,1,,,,,,,,,1,2,1,0,2,8,,2,,,,,,,,7,11,15,,2,,,,2,,,,,,,,,,,,,,1,1,1,2,2,1,3,,62,01,1,04,8,0121,800000,17,1110.9506976,
5424821,1,2,1,60,2,17,1,1,,,1,,,1,2,2,2,92,,1,,2,880000,2,,,2,,2,,2,,2,,2,,,2,,,2,,,2,,,2,,,2,,,2,,2,,2,,2,,2,,2,,,.,,,,,,,,,.,12,,,,,,,,,51,,.,51,,,3,8,,2,,2,,,,1,,,,,,,,,1,2,2,1,0,3,8,,2,,,,,,,,7,11,15,,2,,,,2,,,,,,,,,,,,,,1,1,1,2,1,1,8,,62,01,1,04,8,0121,880000,17,1053.9934028,
5424821,1,3,1,60,2,17,1,1,,,1,,,1,2,2,2,24,,1,,2,880000,2,,,2,,2,,2,,2,,2,,,2,,,2,,,2,,,2,,,2,,,2,,2,,2,,2,,2,,2,,,.,,,,,,,,,.,12,,,,,,,,,51,,.,51,,,3,8,,2,,2,,,,1,,,,,,,,,1,2,2,2,,,,,2,,,,,,,,,11,15,,2,,,,2,,,,,,,,,,,,,,1,1,1,2,1,1,3,,62,01,1,04,8,0121,880000,17,1053.9934028,
5424822,1,2,1,60,2,17,1,1,,,1,,,2,2,2,2,1,,1,,2,800000,2,,,2,,2,,2,,2,,2,,,2,,,2,,,2,,,2,,,2,,,2,,2,,2,,2,,2,,2,,,.,,,,,,,,,.,9,,,,,,,,,50,,.,50,,,3,8,,2,,2,,,,1,,,,,,,,,1,2,2,1,0,3,8,,2,,,,,,,,7,11,20,,2,,,,2,,,,,,,,,,,,,,1,1,1,2,2,1,5,,62,01,1,04,8,0123,800000,17,537.8053668,
5424822,1,3,1,60,2,17,1,1,,,1,,,2,2,2,2,3,,1,,2,600000,2,,,2,,2,,2,,2,,2,,,2,,,2,,,2,,,2,,,2,,,2,,2,,2,,2,,2,,2,,,.,,,,,,,,,.,3,,,,,,,,,50,,.,50,,,2,2,,2,,2,,,,1,,,,,,,,,1,2,2,2,,,,,2,,,,,,,,,11,15,,2,,,,2,,,,,,,,,,,,,,1,1,1,2,1,1,3,,93,41,1,04,1,4111,600000,17,537.8053668,
5424823,1,2,1,60,2,17,1,1,,,1,,,2,2,2,2,18,,1,,2,1000000,2,,,2,,1,100000,2,,2,,2,,,2,,,2,,,2,,,2,,,2,,,2,,2,,2,,2,,2,,2,,,.,,,,,,,,,.,12,,,,,,,,,45,,.,45,,,2,8,,2,,2,,,,1,,,1,,,,,,,2,2,1,0,6,8,,2,,,,,,,,8,3,15,,2,,,,1,1,2,1,2,2,2,2,2,2,2,,2,1,2,2,1,2,1,1,3,,62,01,1,04,8,0123,1100000,17,541.94249079,
5424824,1,1,1,60,2,17,1,1,,,1,,,1,2,2,2,100,,1,,2,650000,2,,,2,,1,150000,2,,2,,2,,,2,,,2,,,2,,,2,,,2,,,2,,2,,2,,2,,2,,2,,,.,,,,,,,,,.,12,,,,,,,,,55,,.,55,,,2,8,,2,,2,,,,1,,,,,,,,,1,2,2,1,0,24,8,,2,,,,,,,,9,3,8,,2,,,,2,,,,,,,,,,,,,,1,1,1,2,1,1,9,,62,01,1,04,8,0123,800000,17,466.18746955,
5424824,1,2,1,60,2,17,1,1,,,1,,,1,2,2,2,80,,1,,2,280000,2,,,2,,2,,2,,2,,2,,,2,,,2,,,2,,,2,,,2,,,2,,2,,2,,2,,2,,2,,,.,,,,,,,,,.,12,,,,,,,,,16,2,,8,1,,2,8,,2,,2,,,,1,,,,,,,,,1,2,2,1,0,24,7,,2,,,,,,,,2,3,8,2,2,,,,2,,,,,,,,,,,,,,1,1,1,2,1,1,3,,62,01,1,04,8,0123,280000,17,466.18746955,
5424825,1,1,1,60,2,17,1,1,,,1,,,2,2,2,2,2,,1,,2,700000,2,,,2,,2,,2,,2,,2,,,2,,,2,,,2,,,2,,,2,,,2,,2,,2,,2,,2,,2,,,.,,,,,,,,,.,9,,,,,,,,,50,,.,50,,,4,8,,2,,2,,,,1,,,,,,,,,1,2,2,1,3,60,1,,1,17,12,1,,90000,4,7,7,3,20,,2,,,,1,1,1,1,2,1,2,1,1,1,2,,1,1,2,2,1,2,2,1,8,,62,01,1,04,8,0123,790000,17,1109.198585,
5424827,1,1,1,60,2,17,2,,,,,,,,,,,240,,,,,,,,,,,,,,,,,,,,,,,,,,,,,,,,,,,,,,,,,,,,,,,7,,2,,,2,,1,99,3,,12,2,,,,,2,3,2,55,,.,55,,,1,8,,2,,2,,,,1,,,1,,,1,,,,2,2,1,0,3,1,,2,,,,,,,,1,3,8,,2,,,,2,,,,,,,,,,,,,,1,2,1,2,1,1,2,,61,01,1,04,4,0122,,17,1850.1874884,
5424828,1,1,1,60,2,17,1,1,,,1,,,1,2,2,2,5,,1,,2,800000,2,,,2,,2,,2,,2,,2,,,2,,,2,,,2,,,2,,,2,,,2,,2,,2,,2,,2,,2,,,.,,,,,,,,,.,12,,,,,,,,,50,,.,50,,,4,8,,2,,2,,,,1,,,,,,,,,1,2,2,1,0,12,8,,2,,,,,,,,7,3,10,,2,,,,2,,,,,,,,,,,,,,1,1,1,2,1,1,5,,62,01,1,04,8,0123,800000,17,466.18746955,
5424830,1,1,1,60,2,17,2,,,,,,,,,,,240,,,,,,,,,,,,,,,,,,,,,,,,,,,,,,,,,,,,,,,,,,,,,,,7,,2,,,2,500000,1,6000000,3,,12,2,,,,,2,3,2,30,2,,30,,,1,8,,2,,2,,,,1,,,,,,,,,1,2,2,1,0,12,8,,2,,,,,,,,10,3,30,,2,,,,2,,,,,,,,,,,,,,1,1,1,2,1,1,3,,61,01,1,04,4,0122,500000,17,466.18746955,
5424831,1,1,1,60,2,17,1,1,,,1,,,1,2,2,2,1,,1,,2,800000,2,,,2,,2,,2,,2,,2,,,2,,,2,,,2,,,2,,,2,,,2,,2,,2,,2,,2,,2,,,.,,,,,,,,,.,10,,,,,,,,,55,,.,55,,,4,8,,2,,2,,,,1,,,,,,,,,1,2,2,1,0,0,8,,2,,,,,,,,7,3,30,,2,,,,2,,,,,,,,,,,,,,1,1,1,2,1,1,9,,62,01,1,04,8,0123,800000,17,827.9449776,
5424832,1,3,1,60,2,17,2,,,,,,,,,,,60,,,,,,,,,,,,,,,,,,,,,,,,,,,,,,,,,,,,,,,,,,,,,,,7,,2,,,2,1000000,1,15000000,3,,12,2,,,,,1,9,1,60,,.,60,,,1,8,,2,,2,,,,1,,,,,,,,,1,2,2,1,1,144,1,,2,,,,,,,,9,3,5,,2,,,,2,,,,,,,,,,,,,,1,1,1,2,1,1,5,,61,01,1,04,4,0123,1000000,17,1009.9932505,
5424833,1,1,1,60,2,17,2,,,,,,,,,,,12,,,,,,,,,,,,,,,,,,,,,,,,,,,,,,,,,,,,,,,,,,,,,,,7,,2,,,2,1000000,1,12000000,3,,12,2,,,,,2,9,1,40,,.,40,,,1,8,,2,,2,,,,1,,,,1,,,,,,2,2,1,7,36,1,,2,,,,,,,,9,3,5,,2,,,,1,1,1,1,2,2,2,2,2,2,2,,2,1,2,2,1,2,2,1,9,,61,01,1,04,4,0122,1000000,17,594.92271634,
5424833,1,2,1,60,2,17,1,1,,,2,1,,2,2,2,2,96,,1,,2,120000,2,,,2,,2,,2,,2,,2,,,2,,,2,,,2,,,2,,,2,,,2,,2,,2,,2,,2,,2,,,.,,,,,,,,,.,12,,,,,,,,,8,1,,8,,,9,7,,2,,2,,,,1,,,,,,,,,1,2,2,1,0,36,1,,2,,,,,,,,1,15,30,,1,30,1,1,2,,,,,,,,,,,,,,1,2,2,2,1,1,3,,55,93,1,04,1,9329,120000,17,594.92271634,7810
5424834,1,1,1,60,2,17,2,,,,,,,,,,,72,,,,,,,,,,,,,,,,,,,,,,,,,,,,,,,,,,,,,,,,,,,,,,,7,,1,1,2020,1,1000000,1,12000000,3,,12,2,,,,,1,3,2,60,,.,60,,,1,8,,1,,2,,,,1,,,,,,,,,1,2,2,1,0,24,4,,2,,,,,,,,7,3,5,,2,,,,2,,,,,,,,,,,,,,1,1,1,2,1,1,5,,61,01,1,04,4,0122,1000000,17,466.18746955,
5424835,1,1,1,60,2,17,1,2,1,,1,,,1,1,2,1,84,,1,,2,908526,2,,,2,,1,300000,2,,2,,2,,,2,,,2,,,2,,,2,,,2,,,1,877803,2,,2,,2,,2,,2,,,.,,,,,,,,,.,12,,,,,,,,,50,,.,50,,,4,8,,1,,1,1,1,15,1,1,,,,,,,,,1,2,1,0,12,8,,1,17,2,4,,150000,2,1,8,3,10,,2,,,,2,,,,,,,,,,,,,,1,1,1,2,1,1,1,,60,01,1,04,1,0122,1358526,17,969.86016973,
5424835,1,2,1,60,2,17,2,,,,,,,,,,,60,,,,,,,,,,,,,,,,,,,,,,,,,,,,,,,,,,,,,,,,,,,,,,,,.,,,,,,,,,.,12,,,,,,,,,15,2,,15,,,2,1,,2,,2,,,,1,,,,,,,,,1,2,2,2,,,,,2,,,,,,,,,14,,,2,,,,2,,,,,,,,,,,,,,1,1,1,2,1,1,3,,53,01,1,04,7,0119,,17,969.86016973,
5424836,1,1,1,60,2,17,1,1,,,1,,,1,2,2,2,24,,1,,2,800000,2,,,2,,2,,2,,2,,2,,,2,,,2,,,2,,,2,,,2,,,2,,2,,2,,2,,2,,2,,,.,,,,,,,,,.,12,,,,,,,,,50,,.,50,,,3,8,,2,,2,,,,1,,,,,,,,,1,2,2,1,1,12,8,,2,,,,,,,,7,11,15,,2,,,,2,,,,,,,,,,,,,,1,1,1,2,1,1,5,,62,01,1,04,8,0122,800000,17,884.23766284,
5424837,1,1,1,60,2,17,2,,,,,,,,,,,120,,,,,,,,,,,,,,,,,,,,,,,,,,,,,,,,,,,,,,,,,,,,,,,7,,1,1,2020,2,1000000,1,15000000,3,,12,2,,,,,1,9,2,55,,.,55,,,2,8,,2,,2,,,,1,,,,,,,,,1,2,2,1,1,12,8,,2,,,,,,,,10,3,5,,2,,,,2,,,,,,,,,,,,,,1,1,1,2,1,1,5,,61,01,1,04,4,0123,1000000,17,888.37478683,
5424839,1,1,1,60,2,17,1,1,,,1,,,1,2,2,2,120,,1,,2,720000,2,,,2,,1,160000,2,,2,,2,,,2,,,2,,,2,,,2,,,2,,,2,,2,,2,,2,,2,,2,,,.,,,,,,,,,.,12,,,,,,,,,55,,.,55,,,2,8,,3,,2,,,,1,,,,,,,,,1,2,2,1,0,400,4,,2,,,,,,,,2,3,8,,2,,,,1,1,1,1,2,2,2,2,2,2,2,,2,1,1,2,1,2,1,1,3,,62,01,1,04,8,0123,880000,17,888.37478683,
5424840,1,1,1,60,2,17,1,1,,,1,,,1,1,2,1,8,,1,,2,908526,2,,,2,,1,200000,2,,2,,2,,,2,,,1,38000,2,2,,,2,,,2,,,1,300000,2,,2,,2,,2,,2,,,.,,,,,,,,,.,12,,,,,,,,,48,,.,48,,,3,8,,1,,1,2,3,10,1,1,,,,,,,,,1,1,1,0,7,8,,2,,,,,,,,9,3,40,,2,,,,2,,,,,,,,,,,,,,1,1,1,2,1,1,5,,60,01,1,04,1,0123,1108526,17,1287.6802736,
5424840,1,4,1,60,2,17,1,1,,,1,,,1,2,2,2,3,,1,,2,504000,2,,,2,,2,,2,,2,,2,,,2,,,2,,,2,,,2,,,2,,,2,,2,,2,,2,,2,,2,,,.,,,,,,,,,.,3,,,,,,,,,50,,.,50,,,3,8,,2,,2,,,,1,,,,,,,,,1,2,2,1,12,3,8,,2,,,,,,,,7,11,10,,2,,,,1,1,1,1,2,1,2,2,1,2,2,,1,1,2,2,2,2,2,1,3,,62,01,1,04,8,0122,504000,17,1287.6802736,
5424841,1,1,1,60,2,17,1,1,,,1,,,1,2,2,2,1,,1,,2,480000,2,,,2,,2,,2,,2,,2,,,2,,,2,,,2,,,2,,,2,,,2,,2,,2,,2,,2,,2,,,.,,,,,,,,,.,12,,,,,,,,,55,,.,55,,,4,8,,2,,2,,,,1,,,,,,,,,1,2,2,1,0,1,8,,2,,,,,,,,7,3,10,,2,,,,2,,,,,,,,,,,,,,1,1,1,2,2,1,3,,62,01,1,04,8,0122,480000,17,884.23766284,
5424842,1,1,1,60,2,17,1,1,,,1,,,1,2,2,2,1,,1,,2,600000,2,,,2,,2,,2,,2,,2,,,2,,,2,,,2,,,2,,,2,,,2,,2,,2,,2,,2,,2,,,.,,,,,,,,,.,12,,,,,,,,,50,,.,50,,,3,8,,2,,2,,,,1,,,,,,,,,1,2,2,1,0,2,8,,2,,,,,,,,7,3,45,,2,,,,2,,,,,,,,,,,,,,1,1,1,2,2,1,7,,62,01,1,04,8,0122,600000,17,1653.7317236,
5424843,1,1,1,60,2,17,2,,,,,,,,,,,60,,,,,,,,,,,,,,,,,,,,,,,,,,,,,,,,,,,,,,,,,,,,,,,6,,,,,2,1600000,1,19200000,3,,12,2,,,,,2,3,1,50,,.,50,,,1,8,,2,,2,,,,1,,,,,,,,,1,2,2,1,0,24,8,,2,,,,,,,,5,11,3,,2,,,,2,,,,,,,,,,,,,,1,1,1,2,1,1,5,,61,01,1,04,4,0161,1600000,17,466.18746955,
5424844,1,1,1,60,2,17,1,1,,,1,,,1,2,2,2,1,,1,,2,800000,2,,,2,,2,,2,,2,,2,,,2,,,2,,,2,,,2,,,2,,,2,,2,,2,,2,,2,,2,,,.,,,,,,,,,.,12,,,,,,,,,50,,.,50,,,3,8,,2,,2,,,,1,,,,,,,,,1,2,2,1,0,24,8,,2,,,,,,,,9,11,30,,2,,,,2,,,,,,,,,,,,,,1,1,1,2,1,1,3,,62,01,1,04,8,0122,800000,17,1476.9080777,
5424846,1,1,1,60,2,17,1,1,,,1,,,1,2,2,2,80,,1,,2,240000,2,,,2,,2,,2,,2,,2,,,2,,,2,,,2,,,2,,,2,,,2,,2,,2,,2,,2,,2,,,.,,,,,,,,,.,12,,,,,,,,,28,2,,28,,,3,1,,2,,2,,,,1,,,,,,,,,1,2,2,2,,,,,2,,,,,,,,,14,,,2,,,,2,,,,,,,,,,,,,,1,1,1,2,1,1,3,,53,10,1,04,1,1081,240000,17,961.1342211,
5424846,1,2,1,60,2,17,1,1,,,1,,,2,2,2,2,12,,1,,2,680000,2,,,2,,2,,2,,2,,2,,,2,,,2,,,2,,,2,,,2,,,2,,2,,2,,2,,2,,2,,,.,,,,,,,,,.,12,,,,,,,,,40,,.,40,,,2,8,,2,,2,,,,1,,,,,,,,,1,2,2,1,0,3,8,,2,,,,,,,,7,3,20,,2,,,,1,1,1,1,2,1,2,2,2,2,2,,1,1,1,2,1,2,2,1,3,,62,01,1,04,8,0123,680000,17,961.1342211,
5424846,1,3,1,60,2,17,1,1,,,1,,,1,2,2,2,36,,1,,2,280000,2,,,2,,2,,2,,2,,2,,,2,,,2,,,2,,,2,,,2,,,2,,2,,2,,2,,2,,2,,,.,,,,,,,,,.,12,,,,,,,,,25,2,,25,,,3,1,,2,,2,,,,1,,,,,,,,,1,2,2,1,12,24,1,,2,,,,,,,,3,14,,,2,,,,2,,,,,,,,,,,,,,1,1,1,2,1,1,3,,77,10,1,04,1,1081,280000,17,961.1342211,
5424848,1,1,1,60,2,17,1,1,,,1,,,1,2,2,2,1,,1,,2,800000,2,,,2,,2,,2,,2,,2,,,2,,,2,,,2,,,2,,,2,,,2,,2,,2,,2,,2,,2,,,.,,,,,,,,,.,12,,,,,,,,,50,,.,50,,,4,8,,2,,2,,,,1,,,,,,,,,1,2,2,1,0,4,8,,2,,,,,,,,7,3,10,,2,,,,2,,,,,,,,,,,,,,1,1,1,2,1,1,5,,62,01,1,04,8,0123,800000,17,679.72055893,
5424848,1,2,1,60,2,17,1,1,,,1,,,1,2,2,2,36,,1,,2,600000,2,,,2,,2,,2,,2,,2,,,2,,,2,,,2,,,2,,,2,,,2,,2,,2,,2,,2,,2,,,.,,,,,,,,,.,12,,,,,,,,,50,,.,50,,,4,8,,2,,2,,,,1,,,,,,,,,1,2,2,1,4,3,8,,2,,,,,,,,7,3,10,,2,,,,2,,,,,,,,,,,,,,1,1,1,2,1,1,5,,62,01,1,04,8,0123,600000,17,679.72055893,
5424848,1,3,1,60,2,17,1,1,,,1,,,1,2,2,2,6,,1,,2,300000,2,,,2,,2,,2,,2,,2,,,2,,,2,,,2,,,2,,,2,,,2,,2,,2,,2,,2,,2,,,.,,,,,,,,,.,6,,,,,,,,,30,2,,30,,,4,8,,2,,2,,,,1,,,,,,,,,1,2,2,1,6,24,3,,2,,,,,,,,5,3,10,,2,,,,2,,,,,,,,,,,,,,1,1,1,2,1,1,5,,62,01,1,04,8,0123,300000,17,679.72055893,
5424849,1,1,1,60,2,17,1,1,,,1,,,2,2,2,2,42,,1,,2,1000000,2,,,2,,2,,2,,2,,2,,,2,,,2,,,2,,,2,,,2,,,2,,2,,2,,2,,2,,2,,,.,,,,,,,,,.,12,,,,,,,,,50,,.,50,,,3,8,,2,,2,,,,1,,,,,,,,,1,2,2,1,0,60,8,,2,,,,,,,,9,3,5,,2,,,,2,,,,,,,,,,,,,,1,1,1,2,1,1,3,,62,01,1,04,8,0123,1000000,17,466.18746955,
5424849,1,2,1,60,2,17,2,,,,,,,,,,,106,,,,,,,,,,,,,,,,,,,,,,,,,,,,,,,,,,,,,,,,,,,,,,,7,,2,,,2,400000,1,6000000,3,,12,1,1,0,0,1,2,3,2,21,2,,21,,,2,8,,2,,2,,,,1,,,,,,,,,1,2,2,1,0,120,1,,2,,,,,,,,5,3,5,,2,,,,2,,,,,,,,,,,,,,1,1,1,2,1,1,3,,61,01,1,04,4,0122,400000,17,466.18746955,
5424849,1,3,1,60,2,17,2,,,,,,,,,,,106,,,,,,,,,,,,,,,,,,,,,,,,,,,,,,,,,,,,,,,,,,,,,,,,.,,,,,,,,,.,12,,,,,,,,,36,2,,36,,,2,8,,2,,2,,,,1,,,,,,,,,1,2,2,1,2,3,8,,2,,,,,,,,7,3,5,,2,,,,2,,,,,,,,,,,,,,1,2,1,2,1,1,3,,62,01,1,04,6,0122,,17,466.18746955,
5424850,1,2,1,60,2,17,2,,,,,,,,,,,336,,,,,,,,,,,,,,,,,,,,,,,,,,,,,,,,,,,,,,,,,,,,,,,7,,2,,,2,,12,99,3,,12,1,2,2,0,0,1,9,2,55,,.,55,,,2,8,,2,,2,,,,1,,,1,,,,,,,2,2,1,0,4,1,,2,,,,,,,,7,3,12,,2,,,,2,,,,,,,,,,,,,,1,1,1,1,1,1,2,,61,01,1,04,5,0123,,17,767.99091596,
5424850,1,3,1,60,2,17,1,1,,,1,,,1,2,2,2,8,,1,,2,200000,2,,,2,,2,,2,,2,,2,,,2,,,2,,,2,,,2,,,2,,,2,,2,,2,,2,,2,,2,,,.,,,,,,,,,.,8,,,,,,,,,20,2,,20,,,2,7,,2,,2,,,,1,,,,,,,,,1,2,2,2,,,,,2,,,,,,,,,11,10,,2,,,,2,,,,,,,,,,,,,,1,1,1,2,1,1,3,,45,47,1,04,1,4752,200000,17,767.99091596,
5424850,1,4,1,60,2,17,1,1,,,1,,,1,2,2,2,6,,1,,2,160000,2,,,2,,2,,2,,2,,2,,,2,,,2,,,2,,,2,,,2,,,2,,2,,2,,2,,2,,2,,,.,,,,,,,,,.,6,,,,,,,,,12,2,,12,,,2,7,,2,,2,,,,1,,,,,,,,,1,2,2,2,,,,,2,,,,,,,,,11,10,,2,,,,2,,,,,,,,,,,,,,1,1,1,2,1,1,3,,45,47,1,04,1,4752,160000,17,767.99091596,
5424851,1,1,1,60,2,17,1,1,,,1,,,1,2,2,2,240,,1,,2,1200000,2,,,2,,1,200000,2,,2,,2,,,2,,,2,,,2,,,2,,,2,,,2,,2,,2,,2,,2,,2,,,.,,,,,,,,,.,12,,,,,,,,,60,,.,60,,,4,8,,1,,2,,,,1,,,,,,,,,1,2,2,1,1,36,8,,1,17,4,4,,1120000,2,1,3,3,5,,2,,,,2,,,,,,,,,,,,,,1,1,1,2,1,1,5,,60,01,1,04,1,0123,2520000,17,1054.6580123,
5424851,1,2,1,60,2,17,2,,,,,,,,,,,60,,,,,,,,,,,,,,,,,,,,,,,,,,,,,,,,,,,,,,,,,,,,,,,,.,,,,,,,,,.,12,,,,,,,,,30,2,,30,,,2,1,,3,,2,,,,1,,,,,,,,,1,2,2,2,,,,,2,,,,,,,,,14,,,2,,,,2,,,,,,,,,,,,,,1,1,1,2,1,1,5,,53,01,1,04,7,0119,,17,1054.6580123,
5424852,1,1,1,60,2,17,1,1,,,1,,,2,2,2,2,1,,1,,2,720000,2,,,2,,2,,2,,2,,2,,,2,,,2,,,2,,,2,,,2,,,2,,2,,2,,2,,2,,2,,,.,,,,,,,,,.,12,,,,,,,,,50,,.,50,,,2,8,,2,,2,,,,1,,,,,,,,,1,2,2,1,0,2,8,,2,,,,,,,,7,11,20,,2,,,,1,1,1,1,2,1,2,2,2,2,2,,1,1,1,2,1,2,2,1,9,,62,01,1,04,8,0121,720000,17,466.18746955,
5424852,1,3,1,60,2,17,1,1,,,1,,,2,2,2,2,70,,1,,2,850000,2,,,2,,2,,2,,2,,2,,,2,,,2,,,2,,,2,,,2,,,2,,2,,2,,2,,2,,2,,,.,,,,,,,,,.,12,,,,,,,,,70,,.,70,,,9,7,,3,,2,,,,1,,,1,,,,,,,2,2,1,0,30,1,,2,,,,,,,,12,11,10,,2,,,,1,1,1,1,1,2,2,2,2,2,2,,1,1,1,1,2,2,1,1,3,,45,47,1,04,1,4773,850000,17,466.18746955,
5427413,1,1,1,60,2,68,2,,,,,,,,,,,216,,,,,,,,,,,,,,,,,,,,,,,,,,,,,,,,,,,,,,,,,,,,,,,7,,2,,,3,0,1,7500000,3,,12,1,2,0,0,2,3,9,2,40,,.,40,,,2,8,,2,,2,,,,1,,,,,,,,,1,2,2,2,,,,,2,,,,,,,,,3,20,,2,,,,1,1,2,1,2,1,2,1,1,2,2,,2,1,2,1,1,2,2,1,8,,61,01,1,04,4,0111,0,68,2047.2564226,
5427413,1,3,1,60,2,68,1,1,,,1,,,1,2,2,2,24,,1,,2,200000,2,,,1,150000,2,,2,,2,,2,,,2,,,2,,,2,,,2,,,2,,,2,,2,,2,,2,,2,,2,,,.,,,,,,,,,.,12,,,,,,,,,40,,.,40,,,2,7,,2,,2,,,,1,,,,,,,,,1,2,2,2,,,,,2,,,,,,,,,3,40,,2,,,,1,1,2,1,2,1,2,2,2,2,2,,1,1,1,2,1,2,2,1,2,,55,85,1,04,1,8530,350000,68,2047.2564226,
5427413,1,4,1,60,2,68,1,1,,,1,,,1,2,2,2,24,,1,,2,600000,2,,,1,200000,2,,2,,2,,2,,,2,,,2,,,2,,,2,,,2,,,2,,2,,2,,2,,2,,2,,,.,,,,,,,,,.,12,,,,,,,,,50,,.,50,,,2,8,,2,,2,,,,1,,,,,,,,,1,2,2,2,,,,,1,68,27,4,,0,1,8,,3,60,,2,,,,2,,,,,,,,,,,,,,1,1,1,2,2,1,8,,62,01,1,04,8,0113,800000,68,2047.2564226,
5427413,1,5,1,60,2,68,2,,,,,,,,,,,12,,,,,,,,,,,,,,,,,,,,,,,,,,,,,,,,,,,,,,,,,,,,,,,,.,,,,,,,,,.,12,,,,,,,,,15,2,,15,,,2,8,,2,,2,,,,1,,,,,,,,,1,2,2,2,,,,,2,,,,,,,,,3,60,,2,,,,2,,,,,,,,,,,,,,1,2,1,2,2,1,3,,62,01,1,04,6,0113,,68,2047.2564226,
5427413,1,6,1,60,2,68,2,,,,,,,,,,,12,,,,,,,,,,,,,,,,,,,,,,,,,,,,,,,,,,,,,,,,,,,,,,,,.,,,,,,,,,.,12,,,,,,,,,26,2,,26,,,2,8,,2,,,,,,1,,,,,,,,,1,2,2,2,,,,,2,,,,,,,,,10,120,,2,,,,2,,,,,,,,,,,,,,1,1,1,2,1,1,3,,62,01,1,04,6,0141,,68,2047.2564226,
5427414,1,1,1,60,2,68,2,,,,,,,,,,,732,,,,,,,,,,,,,,,,,,,,,,,,,,,,,,,,,,,,,,,,,,,,,,,7,,2,,,3,0,1,6000000,3,,12,1,3,0,1,2,3,9,2,40,,.,40,,,2,8,,2,,2,,,,1,,,,,,,,,1,2,2,2,,,,,2,,,,,,,,,3,20,,2,,,,2,,,,,,,,,,,,,,1,1,1,2,2,1,3,,61,01,1,04,4,0111,0,68,782.65437027,
5427414,1,4,1,60,2,68,2,,,,,,,,,,,360,,,,,,,,,,,,,,,,,,,,,,,,,,,,,,,,,,,,,,,,,,,,,,,6,,,,,3,0,1,3000000,3,,12,1,1,0,1,0,3,9,2,60,,.,60,,,2,8,,2,,2,,,,1,,,,,,,,,1,2,2,1,0,12,8,,2,,,,,,,,8,3,20,,2,,,,2,,,,,,,,,,,,,,1,1,1,2,1,1,3,,62,01,1,04,4,0113,0,68,782.65437027,
5427415,1,1,1,60,2,68,2,,,,,,,,,,,96,,,,,,,,,,,,,,,,,,,,,,,,,,,,,,,,,,,,,,,,,,,,,,,7,,2,,,3,0,1,2000000,3,,12,2,,,,,3,9,2,48,,.,48,,,2,8,,2,,2,,,,1,,,,,,,,,1,2,2,1,2,12,1,,2,,,,,,,,9,3,10,,2,,,,1,1,2,1,2,2,2,1,2,2,2,,2,2,1,1,1,2,1,1,5,,61,01,1,04,4,0113,0,68,1775.1922648,
5427416,1,1,1,60,2,68,1,1,,,1,,,1,2,2,2,12,,1,,2,500000,2,,,1,150000,2,,2,,2,,2,,,2,,,2,,,2,,,2,,,2,,,2,,2,,2,,2,,2,,2,,,.,,,,,,,,,.,12,,,,,,,,,48,,.,48,,,3,8,,2,,2,,,,1,,,,,,,,,1,2,2,1,0,12,8,,2,,,,,,,,1,3,20,,2,,,,2,,,,,,,,,,,,,,1,1,1,2,1,1,8,,62,01,1,04,8,0141,650000,68,1985.0757891,
5427416,1,2,1,60,2,68,1,1,,,1,,,1,2,2,2,12,,1,,2,500000,2,,,2,,2,,2,,2,,2,,,2,,,2,,,2,,,2,,,2,,,2,,2,,2,,2,,2,,2,,,.,,,,,,,,,.,12,,,,,,,,,48,,.,48,,,3,8,,2,,2,,,,1,,,,,,,,,1,2,2,1,0,24,4,,2,,,,,,,,2,3,20,,2,,,,2,,,,,,,,,,,,,,2,2,2,2,2,2,8,,62,01,1,04,8,0141,500000,68,1985.0757891,
5427417,1,1,1,60,2,68,2,,,,,,,,,,,120,,,,,,,,,,,,,,,,,,,,,,,,,,,,,,,,,,,,,,,,,,,,,,,7,,2,,,2,200000,1,2000000,3,,12,2,,,,,3,3,2,40,,.,40,,,1,8,,2,,2,,,,1,,,,,,,,,1,2,2,1,0,48,6,,2,,,,,,,,2,3,10,,2,,,,2,,,,,,,,,,,,,,1,1,1,2,1,1,8,,61,01,1,04,4,0113,200000,68,903.85654429,
5427418,1,1,1,60,2,68,2,,,,,,,,,,,60,,,,,,,,,,,,,,,,,,,,,,,,,,,,,,,,,,,,,,,,,,,,,,,7,,1,1,2020,2,600000,1,10000000,3,,12,1,4,1,1,2,3,3,2,105,,.,105,,,3,7,,2,,2,,,,1,,,,,,,,,1,2,2,1,0,48,4,,2,,,,,,,,2,3,1,,2,,,,2,,,,,,,,,,,,,,1,1,1,2,1,1,8,,51,56,1,04,5,5611,600000,68,2073.2667276,
5427418,1,2,1,60,2,68,2,,,,,,,,,,,60,,,,,,,,,,,,,,,,,,,,,,,,,,,,,,,,,,,,,,,,,,,,,,,,.,,,,,,,,,.,12,,,,,,,,,48,,.,48,,,3,7,,2,,2,,,,1,,,,,,,,,1,2,2,1,2,48,6,,2,,,,,,,,2,3,1,,2,,,,2,,,,,,,,,,,,,,1,1,1,2,1,1,3,,53,56,1,04,6,5611,,68,2073.2667276,
5427419,1,1,1,60,2,68,2,,,,,,,,,,,60,,,,,,,,,,,,,,,,,,,,,,,,,,,,,,,,,,,,,,,,,,,,,,,7,,1,1,2020,2,600000,1,10000000,3,,12,1,4,1,1,2,3,3,2,105,,.,105,,,3,7,,2,,2,,,,1,,,,,,,,,1,2,2,1,0,48,4,,2,,,,,,,,2,3,1,,2,,,,2,,,,,,,,,,,,,,1,1,1,2,1,1,8,,51,56,1,04,5,5611,600000,68,1528.4933544,
5427419,1,2,1,60,2,68,2,,,,,,,,,,,60,,,,,,,,,,,,,,,,,,,,,,,,,,,,,,,,,,,,,,,,,,,,,,,,.,,,,,,,,,.,12,,,,,,,,,48,,.,48,,,3,7,,2,,2,,,,1,,,,,,,,,1,2,2,1,6,48,6,,2,,,,,,,,2,3,1,,2,,,,2,,,,,,,,,,,,,,1,1,1,2,1,1,3,,53,56,1,04,6,5611,,68,1528.4933544,
5427419,1,3,1,60,2,68,1,1,,,1,,,1,2,2,2,24,,1,,2,600000,2,,,1,200000,2,,2,,2,,2,,,2,,,2,,,2,,,2,,,2,,,2,,2,,2,,2,,2,,2,,,.,,,,,,,,,.,12,,,,,,,,,56,,.,56,,,3,7,,2,,2,,,,1,,,,,,,,,1,2,2,2,,,,,2,,,,,,,,,3,1,,2,,,,2,,,,,,,,,,,,,,1,1,1,2,1,1,3,,53,56,1,04,1,5611,800000,68,1528.4933544,
5427616,1,2,1,60,2,68,2,,,,,,,,,,,24,,,,,,,,,,,,,,,,,,,,,,,,,,,,,,,,,,,,,,,,,,,,,,,7,,1,1,2021,3,1000000,1,500000,3,,12,1,2,0,0,2,3,1,2,130,,.,130,,,2,1,,1,,3,,,,,.,,,,,,,,,2,2,1,72,264,2,,2,,,,,,,,11,14,,,2,,,,2,,,,,,,,,,,,,,1,2,1,2,1,1,8,,41,47,1,04,4,4711,1000000,68,782.65437027,
5427616,1,3,1,60,2,68,2,,,,,,,,,,,24,,,,,,,,,,,,,,,,,,,,,,,,,,,,,,,,,,,,,,,,,,,,,,,,.,,,,,,,,,.,12,,,,,,,,,20,2,,20,,,2,1,,5,,2,,,,1,,,,,,,,,1,2,2,2,,,,,2,,,,,,,,,14,,,2,,,,2,,,,,,,,,,,,,,1,1,1,2,2,1,3,,45,47,1,04,6,4711,,68,782.65437027,
5427617,1,3,1,60,2,68,1,1,,,1,,,1,2,2,2,24,,1,,2,300000,2,,,1,150000,2,,2,,2,,2,,,2,,,2,,,2,,,2,,,2,,,2,,2,,2,,2,,2,,2,,,.,,,,,,,,,.,12,,,,,,,,,40,,.,40,,,2,8,,5,,2,,,,1,,,,,,,,,1,2,2,1,0,12,4,,2,,,,,,,,8,3,10,,2,,,,2,,,,,,,,,,,,,,1,1,1,2,1,1,8,,62,01,1,04,8,0111,450000,68,1143.2606105,
5427618,1,1,1,60,2,68,2,,,,,,,,,,,48,,,,,,,,,,,,,,,,,,,,,,,,,,,,,,,,,,,,,,,,,,,,,,,7,,1,2,,2,200000,1,1200000,3,,6,1,1,0,1,0,3,6,1,98,,.,98,,,2,1,,2,,2,,,,1,,,,,,,,,1,2,2,2,,,,,2,,,,,,,,,14,,,1,28,2,1,2,,,,,,,,,,,,,,1,2,2,2,1,1,3,,41,47,1,04,4,4711,200000,68,3130.6174811,
5427618,1,2,1,60,2,68,2,,,,,,,,,,,48,,,,,,,,,,,,,,,,,,,,,,,,,,,,,,,,,,,,,,,,,,,,,,,7,,1,2,,2,200000,1,1200000,3,,6,1,1,0,1,0,3,7,1,98,,.,98,,,2,1,,2,,2,,,,1,,,,,,,,,1,2,2,2,,,,,2,,,,,,,,,14,,,1,28,2,1,2,,,,,,,,,,,,,,1,2,2,2,1,1,3,,45,47,1,04,4,4711,200000,68,3130.6174811,
5427619,1,1,1,60,2,68,2,,,,,,,,,,,156,,,,,,,,,,,,,,,,,,,,,,,,,,,,,,,,,,,,,,,,,,,,,,,7,,1,1,2020,2,1200000,1,10000000,3,,12,1,1,0,0,1,3,3,2,70,,.,70,,,2,7,,2,,1,4,2,20,1,,1,,,,,,,,2,2,1,0,120,4,,2,,,,,,,,1,3,5,,2,,,,2,,,,,,,,,,,,,,1,1,1,2,1,1,8,,41,47,1,04,4,4711,1200000,68,922.3462243,
5427619,1,2,1,60,2,68,2,,,,,,,,,,,4,,,,,,,,,,,,,,,,,,,,,,,,,,,,,,,,,,,,,,,,,,,,,,,,.,,,,,,,,,.,12,,,,,,,,,48,,.,48,,,2,7,,2,,2,,,,1,,,,,,,,,1,2,2,1,0,48,4,,2,,,,,,,,1,3,5,,2,,,,2,,,,,,,,,,,,,,1,2,1,2,1,1,3,,45,47,1,04,6,4711,,68,922.3462243,
5427621,1,2,1,60,2,70,2,,,,,,,,,,,362,,,,,,,,,,,,,,,,,,,,,,,,,,,,,,,,,,,,,,,,,,,,,,,6,,,,,3,0,1,6000000,3,,12,2,,,,,2,10,2,40,,.,40,,,1,8,,2,,2,,,,1,,,,,,,,,1,2,2,1,0,8,8,,2,,,,,,,,3,3,30,,2,,,,1,1,1,1,2,2,2,2,2,1,2,,2,1,2,2,1,2,2,1,9,,61,01,1,04,4,0113,0,70,722.21956483,
5427621,1,3,1,60,2,70,2,,,,,,,,,,,151,,,,,,,,,,,,,,,,,,,,,,,,,,,,,,,,,,,,,,,,,,,,,,,6,,,,,3,0,1,4800000,3,,12,2,,,,,2,1,2,40,,.,28,6,,1,8,,2,,2,,,,1,,,,,,,,,1,2,2,1,0,15,8,,2,,,,,,,,3,3,45,2,2,,,,1,1,1,1,2,2,2,1,2,2,2,,2,1,2,2,1,2,2,1,9,,61,01,1,04,4,0112,0,70,722.21956483,
5427621,1,6,1,60,2,70,2,,,,,,,,,,,67,,,,,,,,,,,,,,,,,,,,,,,,,,,,,,,,,,,,,,,,,,,,,,,6,,,,,3,500000,1,6000000,3,,12,2,,,,,2,1,2,44,,.,44,,,2,9,,2,,2,,,,1,,,,,,,,,1,2,2,1,0,42,4,,2,,,,,,,,3,3,12,,2,,,,2,,,,,,,,,,,,,,1,1,1,2,1,1,9,,95,16,1,04,4,1630,500000,70,722.21956483,
5427622,1,1,1,60,2,70,2,,,,,,,,,,,480,,,,,,,,,,,,,,,,,,,,,,,,,,,,,,,,,,,,,,,,,,,,,,,6,,,,,3,0,1,4000000,3,,12,2,,,,,2,9,2,42,,.,42,,,1,8,,2,,2,,,,1,,,,,,,,,1,2,2,1,0,70,6,,2,,,,,,,,10,10,30,,2,,,,2,,,,,,,,,,,,,,1,1,1,2,1,1,5,,61,01,1,04,4,0113,0,70,751.86986574,
5427622,1,2,1,60,2,70,2,,,,,,,,,,,1,,,,,,,,,,,,,,,,,,,,,,,,,,,,,,,,,,,,,,,,,,,,,,,6,,,,,3,140000,1,140000,1,,1,2,,,,,3,1,2,16,2,,16,,,1,2,,2,,2,,,,1,,,,,,,,,1,2,2,1,14,2,4,,2,,,,,,,,3,11,15,,2,,,,1,1,1,1,2,1,2,2,2,2,2,,2,1,2,2,1,2,2,1,5,,55,81,1,04,4,8121,140000,70,751.86986574,
5427623,1,6,1,60,2,70,2,,,,,,,,,,,6,,,,,,,,,,,,,,,,,,,,,,,,,,,,,,,,,,,,,,,,,,,,,,,6,,,,,3,300000,1,1800000,3,,6,2,,,,,2,3,2,40,,.,40,,,1,2,,2,,2,,,,1,,,,,,1,,,,2,2,2,,,,,2,,,,,,,,,14,,,2,,,,1,1,1,1,2,2,2,1,2,2,2,,1,1,2,2,1,2,2,1,3,,55,81,1,04,4,8121,300000,70,1478.8810759,
5427624,1,3,1,60,2,70,2,,,,,,,,,,,24,,,,,,,,,,,,,,,,,,,,,,,,,,,,,,,,,,,,,,,,,,,,,,,6,,,,,3,300000,1,3600000,3,,12,2,,,,,3,3,2,40,,.,40,,,1,1,,2,,2,,,,1,,,,,,1,,,,2,2,1,2,6,1,,2,,,,,,,,10,14,,,2,,,,2,,,,,,,,,,,,,,1,1,1,2,1,1,9,,79,14,1,04,4,1410,300000,70,774.31547264,
5427625,1,1,1,60,2,70,2,,,,,,,,,,,76,,,,,,,,,,,,,,,,,,,,,,,,,,,,,,,,,,,,,,,,,,,,,,,6,,,,,3,0,1,5000000,3,,12,2,,,,,2,3,2,40,,.,40,,,1,8,,2,,2,,,,1,,,,,,,,,1,2,2,1,0,52,8,,1,70,16,4,,250000,1,1,3,3,30,,2,,,,2,,,,,,,,,,,,,,1,2,1,2,1,1,9,,61,01,1,04,4,0113,250000,70,835.54955075,
5427627,1,2,1,60,2,70,2,,,,,,,,,,,2,,,,,,,,,,,,,,,,,,,,,,,,,,,,,,,,,,,,,,,,,,,,,,,6,,,,,3,150000,1,300000,3,,2,2,,,,,3,3,2,18,1,,18,,,1,1,,2,,2,,,,1,,,,,,,,,1,2,2,2,,,,,2,,,,,,,,,14,,,1,24,2,1,1,1,1,1,2,2,2,1,2,2,2,,2,1,2,2,2,2,2,1,3,,41,56,1,04,4,5619,150000,70,726.23999862,
5427628,1,1,1,60,2,70,2,,,,,,,,,,,73,,,,,,,,,,,,,,,,,,,,,,,,,,,,,,,,,,,,,,,,,,,,,,,6,,,,,3,600000,1,7500000,3,,12,2,,,,,3,1,1,46,,.,46,,,1,4,,2,,2,,,,1,,,,,,1,,,,2,2,1,0,8,1,,2,,,,,,,,1,14,,,2,,,,1,1,1,1,2,2,2,1,2,2,2,,1,1,2,2,1,2,2,1,9,,98,49,1,04,4,4921,600000,70,1463.4214698,
5427628,1,2,1,60,2,70,2,,,,,,,,,,,14,,,,,,,,,,,,,,,,,,,,,,,,,,,,,,,,,,,,,,,,,,,,,,,6,,,,,3,80000,1,1000000,3,,12,2,,,,,3,10,2,18,1,,18,,,1,1,,2,,2,,,,1,,,,,,,,,1,2,2,2,,,,,2,,,,,,,,,14,,,1,14,2,1,1,1,2,1,2,2,2,1,2,2,2,,2,1,2,2,2,2,1,1,3,,41,56,1,04,4,5619,80000,70,1463.4214698,
5427629,1,1,1,60,2,70,2,,,,,,,,,,,18,,,,,,,,,,,,,,,,,,,,,,,,,,,,,,,,,,,,,,,,,,,,,,,6,,,,,3,300000,1,4000000,3,,12,2,,,,,3,10,2,40,,.,40,,,1,8,,2,,2,,,,1,,,,,,,,,1,2,2,1,0,6,4,,1,70,16,4,,150000,1,4,9,3,16,,2,,,,2,,,,,,,,,,,,,,2,2,2,2,2,1,5,,61,01,1,04,4,0112,450000,70,1484.3345974,
5427629,1,2,1,60,2,70,2,,,,,,,,,,,60,,,,,,,,,,,,,,,,,,,,,,,,,,,,,,,,,,,,,,,,,,,,,,,6,,,,,3,300000,1,4500000,3,,12,2,,,,,3,10,2,40,,.,40,,,1,8,,2,,2,,,,1,,,,,,,,,1,2,2,2,,,,,2,,,,,,,,,14,,,2,,,,2,,,,,,,,,,,,,,1,1,1,2,1,1,5,,61,01,1,04,4,0142,300000,70,1484.3345974,
5427631,1,1,1,60,2,70,2,,,,,,,,,,,360,,,,,,,,,,,,,,,,,,,,,,,,,,,,,,,,,,,,,,,,,,,,,,,7,,1,2,,3,600000,1,7500000,3,,12,2,,,,,2,9,2,40,,.,40,,,1,8,,2,,2,,,,1,,,,,,,,,1,2,2,2,,,,,1,70,15,4,,200000,1,8,,14,,,2,,,,2,,,,,,,,,,,,,,1,1,1,2,1,1,8,,61,01,1,04,4,0111,800000,70,906.8633111,
5427632,1,1,1,60,2,70,2,,,,,,,,,,,123,,,,,,,,,,,,,,,,,,,,,,,,,,,,,,,,,,,,,,,,,,,,,,,6,,,,,3,0,1,7000000,3,,12,1,1,0,0,1,2,9,2,44,,.,30,6,,2,8,,2,,2,,,,1,,,,,,,,,1,2,2,1,0,24,8,,1,70,16,4,,180000,1,8,3,3,5,2,2,,,,2,,,,,,,,,,,,,,1,2,1,2,1,1,8,,61,01,1,04,4,0112,180000,70,1950.2861613,
5427632,1,3,1,60,2,70,2,,,,,,,,,,,15,,,,,,,,,,,,,,,,,,,,,,,,,,,,,,,,,,,,,,,,,,,,,,,,.,,,,,,,,,.,12,,,,,,,,,20,2,,20,,,2,8,,2,,2,,,,1,,,,,,,,,1,2,2,1,4,2,6,,2,,,,,,,,3,3,5,,2,,,,1,1,1,1,2,2,2,2,1,2,2,,2,1,2,2,1,2,2,1,3,,62,01,1,04,6,0112,,70,1950.2861613,
5427632,1,7,1,60,2,70,2,,,,,,,,,,,38,,,,,,,,,,,,,,,,,,,,,,,,,,,,,,,,,,,,,,,,,,,,,,,6,,,,,3,500000,1,6500000,3,,12,2,,,,,3,1,1,42,,.,42,,,1,8,,2,,2,,,,1,,,,,,,,,1,2,2,1,0,4,8,,2,,,,,,,,3,3,20,,2,,,,1,1,1,1,2,2,2,1,1,2,2,,2,1,2,2,1,2,2,1,8,,61,01,1,04,4,0161,500000,70,1950.2861613,
5427633,1,1,1,60,2,70,2,,,,,,,,,,,360,,,,,,,,,,,,,,,,,,,,,,,,,,,,,,,,,,,,,,,,,,,,,,,6,,,,,3,0,1,5000000,3,,12,2,,,,,3,3,2,42,,.,28,6,,1,8,,2,,2,,,,1,,,,,,,,,1,2,2,1,0,60,4,,2,,,,,,,,3,3,17,2,2,,,,2,,,,,,,,,,,,,,1,1,1,2,2,1,5,,61,01,1,04,4,0112,0,70,1080.6050838,
5427633,1,3,1,60,2,70,2,,,,,,,,,,,120,,,,,,,,,,,,,,,,,,,,,,,,,,,,,,,,,,,,,,,,,,,,,,,6,,,,,3,450000,1,5500000,3,,12,2,,,,,3,3,2,40,,.,40,,,1,4,,2,,2,,,,1,,,,,,,,,1,2,2,1,2,18,4,,2,,,,,,,,3,14,,,2,,,,1,1,1,1,2,2,2,1,2,2,2,,2,1,2,2,1,2,2,1,3,,98,49,1,04,4,4921,450000,70,1080.6050838,
5427634,1,1,1,60,2,70,2,,,,,,,,,,,29,,,,,,,,,,,,,,,,,,,,,,,,,,,,,,,,,,,,,,,,,,,,,,,6,,,,,3,250000,1,3000000,3,,12,2,,,,,3,5,2,24,2,,24,,,1,1,,2,,2,,,,1,,,,,,,,,1,2,2,1,25,48,3,,2,,,,,,,,3,14,,,2,,,,2,,,,,,,,,,,,,,1,2,1,2,1,1,3,,77,56,1,04,4,5619,250000,70,772.51971614,
5427635,1,1,1,60,2,70,2,,,,,,,,,,,312,,,,,,,,,,,,,,,,,,,,,,,,,,,,,,,,,,,,,,,,,,,,,,,6,,,,,3,0,1,550000,3,,12,2,,,,,3,9,2,40,,.,40,,,1,8,,2,,2,,,,1,,,,,,,,,1,2,2,1,0,16,4,,1,70,14,4,,150000,1,8,3,10,15,,2,,,,1,1,1,1,2,2,2,2,2,1,2,,2,1,2,2,1,2,2,1,8,,61,01,1,04,4,0112,150000,70,718.081416,
5427636,1,1,1,60,2,70,2,,,,,,,,,,,72,,,,,,,,,,,,,,,,,,,,,,,,,,,,,,,,,,,,,,,,,,,,,,,6,,,,,3,0,1,6000000,3,,12,2,,,,,3,3,2,40,,.,40,,,1,8,,2,,2,,,,1,,,,,,1,,,,2,2,1,0,72,4,,2,,,,,,,,3,3,15,,2,,,,2,,,,,,,,,,,,,,1,1,1,2,2,1,5,,61,01,1,04,4,0112,0,70,1043.0600209,
5427636,1,3,1,60,2,70,2,,,,,,,,,,,12,,,,,,,,,,,,,,,,,,,,,,,,,,,,,,,,,,,,,,,,,,,,,,,6,,,,,3,80000,1,900000,3,,12,2,,,,,3,1,2,10,1,,10,,,1,1,,2,,2,,,,1,,,,,,,,,1,2,2,2,,,,,2,,,,,,,,,14,,,1,30,1,1,1,1,1,1,2,2,2,1,2,2,2,,1,1,2,2,2,2,2,1,5,,59,85,1,04,4,8559,80000,70,1043.0600209,
5427636,1,7,1,60,2,70,2,,,,,,,,,,,18,,,,,,,,,,,,,,,,,,,,,,,,,,,,,,,,,,,,,,,,,,,,,,,6,,,,,3,150000,1,1800000,3,,12,2,,,,,3,3,2,18,2,,18,,,1,1,,2,,2,,,,1,,,,,,,,,1,2,2,1,0,3,4,,2,,,,,,,,3,14,,,2,,,,2,,,,,,,,,,,,,,1,1,1,2,1,1,3,,57,96,1,04,4,9602,150000,70,1043.0600209,
5427637,1,1,1,60,2,70,2,,,,,,,,,,,36,,,,,,,,,,,,,,,,,,,,,,,,,,,,,,,,,,,,,,,,,,,,,,,6,,,,,3,250000,1,4000000,3,,12,2,,,,,3,3,2,40,,.,24,6,,1,8,,2,,2,,,,1,,,,,,,,,1,2,2,1,0,120,4,,2,,,,,,,,3,3,9,2,2,,,,2,,,,,,,,,,,,,,1,1,1,2,2,1,5,,61,01,1,04,4,0113,250000,70,990.94247498,
5427637,1,2,1,60,2,70,2,,,,,,,,,,,15,,,,,,,,,,,,,,,,,,,,,,,,,,,,,,,,,,,,,,,,,,,,,,,6,,,,,3,400000,1,4800000,3,,12,2,,,,,3,3,2,36,2,,36,,,1,1,,2,,2,,,,1,,,,,,,,,1,2,2,1,24,48,3,,2,,,,,,,,9,14,,,2,,,,2,,,,,,,,,,,,,,1,1,1,2,2,1,5,,41,47,1,04,4,4711,400000,70,990.94247498,
5427660,1,4,1,60,2,54,2,,,,,,,,,,,1,,,,,,,,,,,,,,,,,,,,,,,,,,,,,,,,,,,,,,,,,,,,,,,6,,,,,3,500000,1,500000,3,,9,2,,,,,2,10,2,48,,.,48,,,1,9,,11,,2,,,,1,,,,,,,,,1,2,2,1,3,12,4,,2,,,,,,,,1,3,12,,2,,,,2,,,,,,,,,,,,,,1,1,1,2,1,1,3,,95,41,1,04,4,4111,500000,54,811.43225304,
5427660,1,5,1,60,2,54,2,,,,,,,,,,,6,,,,,,,,,,,,,,,,,,,,,,,,,,,,,,,,,,,,,,,,,,,,,,,6,,,,,3,400000,1,1200000,3,,6,2,,,,,2,1,2,50,,.,50,,,1,9,,11,,2,,,,1,,,,,,,,,1,2,2,1,6,6,4,,2,,,,,,,,2,2,20,,2,,,,2,,,,,,,,,,,,,,1,1,1,2,1,1,3,,95,41,1,04,4,4111,400000,54,811.43225304,
5427661,1,1,1,60,2,54,2,,,,,,,,,,,12,,,,,,,,,,,,,,,,,,,,,,,,,,,,,,,,,,,,,,,,,,,,,,,6,,,,,3,720000,1,8400000,3,,12,2,,,,,2,1,1,50,,.,50,,,1,2,,4,,2,,,,1,,,,,,,,,1,2,2,1,3,12,8,,2,,,,,,,,2,2,15,,2,,,,1,1,2,1,2,1,2,2,1,2,2,,2,1,1,2,1,2,2,1,3,,95,41,1,04,4,4111,720000,54,1621.5550523,
5427661,1,5,1,60,2,54,2,,,,,,,,,,,12,,,,,,,,,,,,,,,,,,,,,,,,,,,,,,,,,,,,,,,,,,,,,,,6,,,,,3,600000,1,4500000,3,,12,2,,,,,2,10,2,50,,.,50,,,1,9,,11,,2,,,,1,,,,,,,,,1,2,2,1,0,3,4,,2,,,,,,,,8,2,25,,2,,,,2,,,,,,,,,,,,,,1,1,1,2,1,1,9,,95,41,1,04,4,4111,600000,54,1621.5550523,
5427661,1,8,1,60,2,54,1,1,,,1,,,2,2,2,2,4,,,,,,,,,,,,,,,,,,,,,,,,,,,,,,,,,,,,,,,,,,,,,,,1,,,,,3,600000,1,5000000,3,,12,2,,,,,2,1,1,48,,.,48,,,1,8,,11,,2,,,,1,,,,,,,,,1,2,2,1,0,24,4,,2,,,,,,,,8,3,25,,2,,,,2,,,,,,,,,,,,,,1,1,1,2,1,1,9,,61,01,1,04,4,0121,600000,54,1621.5550523,
5427662,1,3,1,60,2,54,1,2,2,12,1,,,1,1,1,1,48,,1,,2,1240000,2,,,2,,2,,2,,2,,2,,,1,106400,2,2,,,2,,,2,,,2,,,2,,1,1200000,2,,2,,2,,2,,,.,,,,,,,,,.,12,,,,,,,,,48,,.,48,,,7,7,,1,,1,2,1,6,1,1,,,,,,,,,1,1,2,,,,,2,,,,,,,,,3,5,,2,,,,2,,,,,,,,,,,,,,1,1,1,2,1,1,5,,89,23,1,04,1,2392,1240000,54,558.99335152,
5427663,1,1,1,60,2,54,2,,,,,,,,,,,60,,,,,,,,,,,,,,,,,,,,,,,,,,,,,,,,,,,,,,,,,,,,,,,6,,,,,3,600000,1,5000000,3,,12,2,,,,,2,1,2,36,1,,36,,,1,7,,10,,2,,,,1,,,,,,,,,1,2,2,1,6,24,4,,2,,,,,,,,3,3,20,,1,20,2,1,2,,,,,,,,,,,,,,1,1,1,2,1,1,3,,53,56,1,04,4,5611,600000,54,558.99335152,
5427664,1,1,1,60,2,54,1,1,,,1,,,1,2,2,2,24,,,,,,,,,,,,,,,,,,,,,,,,,,,,,,,,,,,,,,,,,,,,,,,1,,,,,3,450000,1,2600000,3,,12,2,,,,,2,1,1,48,,.,48,,,1,8,,2,,2,,,,1,,,,,,,,,1,2,2,1,0,48,1,,2,,,,,,,,2,3,25,,2,,,,1,1,1,1,2,2,2,2,2,2,2,,1,1,2,2,1,2,2,2,5,,61,01,1,04,4,0161,450000,54,1203.4811987,
5427665,1,1,1,60,2,54,1,1,,,1,,,1,2,2,2,60,,1,,2,900000,2,,,2,,2,,2,,2,,2,,,2,,,2,,,2,,,2,,,2,,,2,,2,,2,,2,,2,,2,,,.,,,,,,,,,.,12,,,,,,,,,72,,.,72,,,7,7,,2,,2,,,,1,,,,,,,,,1,2,2,1,0,48,4,,2,,,,,,,,8,3,30,,2,,,,2,,,,,,,,,,,,,,1,1,1,2,1,1,9,,58,23,1,04,1,2392,900000,54,827.81224712,
5427667,1,2,1,60,2,54,1,1,,,1,,,1,2,2,2,11,,1,,2,600000,2,,,2,,2,,2,,2,,2,,,2,,,2,,,2,,,2,,,2,,,2,,2,,2,,2,,2,,2,,,.,,,,,,,,,.,12,,,,,,,,,48,,.,48,,,3,9,,2,,2,,,,1,,,,,,,,,1,2,2,1,0,12,4,,2,,,,,,,,3,3,30,,2,,,,2,,,,,,,,,,,,,,1,1,1,2,2,1,5,,95,41,1,04,1,4111,600000,54,892.22235704,
5427675,1,1,1,60,2,15,2,,,,,,,,,,,120,,,,,,,,,,,,,,,,,,,,,,,,,,,,,,,,,,,,,,,,,,,,,,,7,,1,1,2021,2,1200000,1,30000000,3,,12,1,3,1,0,2,2,6,2,40,,.,40,,,3,7,,2,,2,,,,1,,,,,,,,,1,2,2,1,0,60,4,,2,,,,,,,,10,3,6,,2,,,,2,,,,,,,,,,,,,,1,2,1,2,1,1,2,,89,23,1,04,5,2393,1200000,15,905.1447517,
5427675,1,2,1,60,2,15,1,1,,,1,,,1,2,2,2,12,,1,,2,500000,2,,,2,,2,,2,,2,,2,,,2,,,2,,,2,,,2,,,2,,,2,,2,,2,,2,,2,,2,,,.,,,,,,,,,.,12,,,,,,,,,40,,.,40,,,2,7,,2,,2,,,,1,,,,,,,,,1,2,2,1,0,24,1,,2,,,,,,,,2,3,40,,2,,,,2,,,,,,,,,,,,,,1,2,1,2,1,1,2,,45,47,1,04,1,4759,500000,15,905.1447517,
5427675,1,3,1,60,2,15,2,,,,,,,,,,,6,,,,,,,,,,,,,,,,,,,,,,,,,,,,,,,,,,,,,,,,,,,,,,,,.,,,,,,,,,.,6,,,,,,,,,20,2,,8,1,,3,7,,2,,2,,,,1,,,,,,,,,1,2,2,1,7,12,1,,2,,,,,,,,13,3,5,2,2,,,,1,1,1,1,2,2,2,2,2,2,2,,2,2,1,2,1,2,1,1,3,,89,23,1,04,6,2393,,15,905.1447517,
5427675,1,4,1,60,2,15,2,,,,,,,,,,,12,,,,,,,,,,,,,,,,,,,,,,,,,,,,,,,,,,,,,,,,,,,,,,,,.,,,,,,,,,.,12,,,,,,,,,20,2,,20,,,3,7,,2,,2,,,,1,,,,,,,,,1,2,2,2,,,,,2,,,,,,,,,3,5,,2,,,,2,,,,,,,,,,,,,,1,2,1,2,1,1,3,,89,23,1,04,6,2393,,15,905.1447517,
5427676,1,1,1,60,2,17,1,1,,,1,,,1,2,2,2,0,,1,,2,800000,2,,,2,,2,,2,,2,,2,,,2,,,2,,,2,,,2,,,2,,,2,,2,,2,,2,,2,,2,,,.,,,,,,,,,.,12,,,,,,,,,50,,.,50,,,6,8,,2,,2,,,,1,,,,,,,,,1,2,2,1,0,1,8,,2,,,,,,,,7,11,10,,2,,,,2,,,,,,,,,,,,,,1,1,1,2,2,1,8,,62,01,1,04,8,0123,800000,17,466.18746955,
5428130,1,1,1,60,2,68,1,1,,,1,,,1,2,2,2,24,,1,,2,240000,2,,,2,,2,,2,,2,,2,,,2,,,2,,,2,,,2,,,2,,,2,,2,,2,,2,,2,,2,,,.,,,,,,,,,.,12,,,,,,,,,40,,.,40,,,2,8,,2,,2,,,,1,,,,,,,,,1,2,2,1,0,336,8,,1,68,8,8,,50000,2,8,8,3,20,,2,,,,2,,,,,,,,,,,,,,1,2,1,2,1,1,8,,62,01,1,04,8,0114,290000,68,1775.1922648,
5428131,1,2,1,60,2,68,2,,,,,,,,,,,156,,,,,,,,,,,,,,,,,,,,,,,,,,,,,,,,,,,,,,,,,,,,,,,6,,,,,3,600000,1,3000000,3,,12,2,,,,,3,1,2,54,,.,54,,,1,2,,2,,2,,,,1,,,,,,,,,1,2,2,1,0,24,8,,2,,,,,,,,8,11,40,,2,,,,2,,,,,,,,,,,,,,1,1,1,2,2,1,8,,95,41,1,04,4,4111,600000,68,1233.4421017,
5428132,1,2,1,60,2,68,2,,,,,,,,,,,60,,,,,,,,,,,,,,,,,,,,,,,,,,,,,,,,,,,,,,,,,,,,,,,6,,,,,3,200000,1,2000000,3,,12,2,,,,,3,3,2,24,2,,24,,,1,8,,2,,2,,,,1,,,,,,,,,1,2,2,1,0,12,8,,2,,,,,,,,1,3,30,,2,,,,2,,,,,,,,,,,,,,1,1,1,2,1,1,8,,61,01,1,04,4,0161,200000,68,1023.5585774,
5428136,1,1,1,60,2,70,2,,,,,,,,,,,480,,,,,,,,,,,,,,,,,,,,,,,,,,,,,,,,,,,,,,,,,,,,,,,6,,,,,3,40000,1,480000,1,,12,2,,,,,3,10,2,21,1,,14,6,,1,2,,2,,2,,,,1,,,,,,,,,1,2,2,2,,,,,2,,,,,,,,,3,5,2,1,20,2,1,1,1,2,1,2,2,2,2,2,2,2,,2,1,1,2,1,2,2,1,3,,56,96,1,04,4,9601,40000,70,650.57811427,
5428137,1,1,1,60,2,70,2,,,,,,,,,,,36,,,,,,,,,,,,,,,,,,,,,,,,,,,,,,,,,,,,,,,,,,,,,,,6,,,,,3,600000,1,7200000,3,,12,2,,,,,3,1,1,30,2,,30,,,1,6,,2,,2,,,,1,,,,,,,,,1,2,2,1,24,36,3,,2,,,,,,,,3,11,10,,2,,,,2,,,,,,,,,,,,,,1,1,1,2,1,1,8,,45,47,1,04,4,4781,600000,70,698.22219304,
5428137,1,5,1,60,2,70,2,,,,,,,,,,,36,,,,,,,,,,,,,,,,,,,,,,,,,,,,,,,,,,,,,,,,,,,,,,,6,,,,,3,300000,1,3600000,3,,12,2,,,,,3,1,2,42,,.,42,,,1,2,,2,,2,,,,1,,,,,,,,,1,2,2,2,,,,,2,,,,,,,,,11,20,,2,,,,2,,,,,,,,,,,,,,1,1,1,2,1,1,8,,83,25,1,04,4,2599,300000,70,698.22219304,
5428137,1,6,1,60,2,70,2,,,,,,,,,,,24,,,,,,,,,,,,,,,,,,,,,,,,,,,,,,,,,,,,,,,,,,,,,,,6,,,,,3,150000,1,1800000,3,,12,2,,,,,3,3,2,30,2,,30,,,1,8,,2,,2,,,,1,,,,,,,,,1,2,2,2,,,,,2,,,,,,,,,3,20,,2,,,,2,,,,,,,,,,,,,,1,1,1,2,1,1,3,,61,01,1,04,4,0111,150000,70,698.22219304,
5428138,1,2,1,60,2,70,2,,,,,,,,,,,1,,,,,,,,,,,,,,,,,,,,,,,,,,,,,,,,,,,,,,,,,,,,,,,6,,,,,3,50000,1,200000,3,,4,2,,,,,3,10,2,14,1,,14,,,1,6,,5,,2,,,,1,,,,,,,,,1,2,2,1,8,36,4,,2,,,,,,,,3,12,15,,1,20,1,1,2,,,,,,,,,,,,,,1,2,1,2,1,1,3,,45,47,1,04,4,4789,50000,70,1024.7309247,
5428139,1,1,1,60,2,70,2,,,,,,,,,,,4,,,,,,,,,,,,,,,,,,,,,,,,,,,,,,,,,,,,,,,,,,,,,,,6,,,,,3,100000,1,400000,3,,4,2,,,,,3,1,2,10,1,,10,,,1,1,,2,,2,,,,1,,,,,,,,,1,2,2,1,24,84,3,,2,,,,,,,,1,14,,,1,20,2,1,2,,,,,,,,,,,,,,1,1,1,2,1,1,3,,56,96,1,04,4,9601,100000,70,1018.1984239,
5428140,1,2,1,60,2,70,2,,,,,,,,,,,72,,,,,,,,,,,,,,,,,,,,,,,,,,,,,,,,,,,,,,,,,,,,,,,6,,,,,3,400000,1,4800000,3,,12,2,,,,,3,1,1,44,,.,44,,,1,8,,2,,2,,,,1,,,,,,,,,1,2,2,2,,,,,2,,,,,,,,,9,60,,2,,,,1,1,2,1,2,2,2,2,1,1,2,,1,1,2,2,2,2,2,2,8,,64,03,1,04,4,0311,400000,70,1140.1400258,
5428141,1,1,1,60,2,70,2,,,,,,,,,,,480,,,,,,,,,,,,,,,,,,,,,,,,,,,,,,,,,,,,,,,,,,,,,,,6,,,,,3,300000,1,3600000,3,,12,2,,,,,3,10,2,42,,.,7,6,,1,8,,2,,2,,,,1,,,,,,,,,1,2,2,2,,,,,2,,,,,,,,,10,60,2,2,,,,2,,,,,,,,,,,,,,1,2,1,2,1,1,3,,61,01,1,04,4,0161,300000,70,718.081416,
5428142,1,1,1,60,2,70,1,1,,,1,,,1,2,2,2,88,,1,,2,320000,2,,,2,,2,,2,,2,,2,,,2,,,2,,,2,,,2,,,2,,,2,,2,,2,,2,,2,,2,,,.,,,,,,,,,.,12,,,,,,,,,36,1,,36,,,2,8,,2,,2,,,,1,,,,,,,,,1,2,2,1,0,1,4,,2,,,,,,,,3,10,30,,1,16,2,1,2,,,,,,,,,,,,,,1,1,1,2,2,1,8,,62,01,1,04,8,0141,320000,70,1308.0285456,
5428142,1,2,1,60,2,70,2,,,,,,,,,,,48,,,,,,,,,,,,,,,,,,,,,,,,,,,,,,,,,,,,,,,,,,,,,,,6,,,,,3,32000,1,360000,3,,12,2,,,,,3,1,2,10,1,,10,,,1,1,,2,,2,,,,1,,,,,,,,,1,2,2,2,,,,,2,,,,,,,,,14,,,1,12,2,2,2,,,,,,,,,,,,,,1,2,1,2,2,1,3,,45,56,1,04,4,5619,32000,70,1308.0285456,
5428143,1,1,1,60,2,70,2,,,,,,,,,,,300,,,,,,,,,,,,,,,,,,,,,,,,,,,,,,,,,,,,,,,,,,,,,,,6,,,,,3,0,1,1200000,3,,12,2,,,,,3,10,2,42,,.,42,,,1,8,,5,,2,,,,1,,,,,,,,,1,2,2,1,0,120,4,,2,,,,,,,,3,10,60,,2,,,,2,,,,,,,,,,,,,,1,2,1,2,1,1,3,,61,01,1,04,4,0111,0,70,979.21972982,
5428145,1,1,1,60,2,70,2,,,,,,,,,,,7,,,,,,,,,,,,,,,,,,,,,,,,,,,,,,,,,,,,,,,,,,,,,,,6,,,,,3,320000,1,2100000,3,,12,2,,,,,3,1,2,45,,.,45,,,1,1,,5,,2,,,,1,,,,,,,,,1,2,2,1,0,24,4,,2,,,,,,,,3,14,,,2,,,,2,,,,,,,,,,,,,,1,2,1,2,1,1,3,,41,56,1,04,4,5619,320000,70,801.83469875,
5428146,1,2,1,60,2,70,1,1,,,1,,,1,2,2,2,2,,1,,2,160000,2,,,2,,2,,2,,2,,2,,,2,,,2,,,2,,,2,,,2,,,2,,2,,2,,2,,2,,2,,,.,,,,,,,,,.,12,,,,,,,,,42,,.,42,,,2,7,,2,,2,,,,1,,,,,,,,,1,2,2,1,0,72,4,,1,70,12,4,,100000,1,1,3,11,10,,2,,,,2,,,,,,,,,,,,,,1,1,1,2,1,1,8,,97,10,1,04,1,1040,260000,70,1356.1240244,
5428147,1,1,1,60,2,70,2,,,,,,,,,,,120,,,,,,,,,,,,,,,,,,,,,,,,,,,,,,,,,,,,,,,,,,,,,,,6,,,,,3,240000,1,3000000,3,,12,2,,,,,3,1,1,36,1,,36,,,1,8,,2,,2,,,,1,,,,,,,,,1,2,2,1,0,60,6,,2,,,,,,,,8,3,60,,1,12,2,1,2,,,,,,,,,,,,,,1,1,1,2,1,1,8,,61,01,1,04,4,0161,240000,70,1252.1743913,
5428149,1,1,1,60,2,70,2,,,,,,,,,,,480,,,,,,,,,,,,,,,,,,,,,,,,,,,,,,,,,,,,,,,,,,,,,,,6,,,,,3,300000,1,4000000,3,,12,2,,,,,3,10,2,54,,.,16,6,,2,9,,2,,2,,,,1,,,,,,,,,1,2,2,1,0,36,4,,2,,,,,,,,3,3,10,2,2,,,,2,,,,,,,,,,,,,,1,2,1,2,2,1,3,,95,41,1,04,4,4111,300000,70,1189.3142314,
5428152,1,4,1,60,2,70,1,1,,,1,,,2,2,2,2,24,,1,,2,400000,2,,,2,,2,,2,,2,,2,,,2,,,2,,,2,,,2,,,2,,,2,,2,,2,,2,,2,,2,,,.,,,,,,,,,.,12,,,,,,,,,49,,.,49,,,2,8,,2,,2,,,,1,,,,,,,,,1,2,2,1,0,36,4,,2,,,,,,,,3,3,40,,2,,,,2,,,,,,,,,,,,,,1,2,1,2,1,1,3,,62,01,1,04,8,0141,400000,70,1341.8370001,
5428153,1,3,1,60,2,70,2,,,,,,,,,,,60,,,,,,,,,,,,,,,,,,,,,,,,,,,,,,,,,,,,,,,,,,,,,,,6,,,,,3,400000,1,4800000,3,,12,2,,,,,3,1,1,42,,.,42,,,1,4,,2,,2,,,,1,,,,,,,,,1,2,2,1,0,120,6,,2,,,,,,,,8,14,,,2,,,,2,,,,,,,,,,,,,,1,1,1,2,1,1,3,,98,49,1,04,4,4921,400000,70,952.39451077,
5428154,1,1,1,60,2,70,2,,,,,,,,,,,24,,,,,,,,,,,,,,,,,,,,,,,,,,,,,,,,,,,,,,,,,,,,,,,6,,,,,3,700000,1,8400000,3,,12,2,,,,,3,3,2,46,,.,46,,,1,8,,2,,2,,,,1,,,,,,,,,1,2,2,1,60,168,8,,2,,,,,,,,11,9,90,,2,,,,2,,,,,,,,,,,,,,1,1,1,2,1,1,8,,64,03,1,04,4,0311,700000,70,751.86986574,
5428154,1,2,1,60,2,70,2,,,,,,,,,,,0,,,,,,,,,,,,,,,,,,,,,,,,,,,,,,,,,,,,,,,,,,,,,,,2,,,,,3,0,1,1200000,1,,3,2,,,,,1,1,1,40,,.,40,,,1,2,,2,,2,,,,1,,,,,,,,,1,2,2,1,3,1,4,,2,,,,,,,,1,3,2,,2,,,,2,,,,,,,,,,,,,,1,1,1,2,1,1,3,,53,56,1,04,4,5619,0,70,751.86986574,
5428155,1,1,1,60,2,70,1,1,,,1,,,2,2,2,1,5,,1,,2,650000,2,,,2,,2,,2,,2,,2,,,2,,,2,,,2,,,2,,,2,,,2,,2,,2,,2,,2,,2,,,.,,,,,,,,,.,12,,,,,,,,,60,,.,60,,,3,8,,3,,2,,,,1,,,,,,,,,1,2,2,1,0,60,4,,2,,,,,,,,3,3,40,,2,,,,2,,,,,,,,,,,,,,1,2,1,2,1,1,3,,62,01,1,04,8,0141,650000,70,1395.8445704,
5428157,1,1,1,60,2,70,2,,,,,,,,,,,12,,,,,,,,,,,,,,,,,,,,,,,,,,,,,,,,,,,,,,,,,,,,,,,6,,,,,3,200000,1,2400000,3,,12,2,,,,,3,10,2,25,2,,25,,,1,1,,2,,2,,,,1,,,,,,,,,1,2,2,1,0,480,4,,2,,,,,,,,3,14,,,2,,,,2,,,,,,,,,,,,,,1,2,1,2,1,1,3,,41,47,1,04,4,4731,200000,70,718.081416,
5428158,1,1,1,60,2,70,2,,,,,,,,,,,600,,,,,,,,,,,,,,,,,,,,,,,,,,,,,,,,,,,,,,,,,,,,,,,6,,,,,3,900000,1,12000000,3,,12,2,,,,,3,3,2,50,,.,50,,,1,8,,2,,2,,,,1,,,,,,,,,1,2,2,2,,,,,2,,,,,,,,,9,90,,2,,,,2,,,,,,,,,,,,,,1,1,1,2,1,1,5,,64,03,1,04,4,0311,900000,70,718.081416,
5428159,1,1,1,60,2,70,2,,,,,,,,,,,240,,,,,,,,,,,,,,,,,,,,,,,,,,,,,,,,,,,,,,,,,,,,,,,6,,,,,3,500000,1,8000000,3,,12,2,,,,,3,1,2,46,,.,46,,,1,4,,2,,2,,,,1,,,,,,,,,1,2,2,1,0,40,2,,2,,,,,,,,3,14,,,2,,,,1,1,2,1,2,2,2,2,2,1,2,,2,1,2,2,2,2,2,1,8,,98,49,1,04,4,4921,500000,70,985.83826991,
5428159,1,2,1,60,2,70,2,,,,,,,,,,,216,,,,,,,,,,,,,,,,,,,,,,,,,,,,,,,,,,,,,,,,,,,,,,,6,,,,,3,80000,1,960000,3,,12,2,,,,,3,1,2,16,1,,16,,,1,1,,2,,2,,,,1,,,,,,,,,1,2,2,2,,,,,2,,,,,,,,,14,,,1,12,2,1,2,,,,,,,,,,,,,,1,1,1,2,1,1,8,,56,96,1,04,4,9601,80000,70,985.83826991,
5428160,1,2,1,60,2,70,1,1,,,1,,,2,2,2,1,4,,1,,2,450000,2,,,2,,2,,2,,2,,2,,,2,,,2,,,2,,,2,,,2,,,2,,2,,2,,2,,2,,2,,,.,,,,,,,,,.,12,,,,,,,,,49,,.,49,,,6,7,,2,,2,,,,1,,,,,,,,,1,2,2,2,,,,,2,,,,,,,,,12,20,,2,,,,1,1,1,1,2,2,2,2,2,2,2,,2,1,1,2,1,2,1,1,3,,97,01,1,04,1,0145,450000,70,567.03765288,
5428161,1,1,1,60,2,70,1,1,,,1,,,2,2,2,1,24,,1,,2,400000,2,,,2,,2,,2,,2,,2,,,2,,,2,,,2,,,2,,,2,,,2,,2,,2,,2,,2,,2,,,.,,,,,,,,,.,12,,,,,,,,,70,,.,70,,,2,7,,2,,2,,,,1,,,,,,,,,1,2,2,1,0,480,8,,2,,,,,,,,3,12,10,,2,,,,2,,,,,,,,,,,,,,1,2,1,2,1,1,3,,58,45,1,04,1,4520,400000,70,760.08980245,
5428162,1,1,1,60,2,70,2,,,,,,,,,,,240,,,,,,,,,,,,,,,,,,,,,,,,,,,,,,,,,,,,,,,,,,,,,,,6,,,,,3,300000,1,3600000,3,,12,2,,,,,3,1,1,18,2,,18,,,1,1,,2,,2,,,,1,,,,,,,,,1,2,2,1,0,120,4,,2,,,,,,,,3,14,,,2,,,,2,,,,,,,,,,,,,,1,1,1,2,1,1,3,,45,56,1,04,4,5619,300000,70,735.781022,
5428162,1,2,1,60,2,70,2,,,,,,,,,,,1,,,,,,,,,,,,,,,,,,,,,,,,,,,,,,,,,,,,,,,,,,,,,,,6,,,,,3,60000,1,400000,3,,4,2,,,,,3,1,2,10,1,,10,,,1,1,,2,,2,,,,1,,,,,,,,,1,2,2,1,4,1,4,,2,,,,,,,,3,14,,,1,12,2,1,1,1,2,1,2,1,2,2,2,1,2,,1,1,2,2,2,2,2,1,3,,56,96,1,04,4,9601,60000,70,735.781022,
5428163,1,1,1,60,2,70,2,,,,,,,,,,,120,,,,,,,,,,,,,,,,,,,,,,,,,,,,,,,,,,,,,,,,,,,,,,,6,,,,,3,500000,1,6000000,3,,12,2,,,,,3,3,2,54,,.,54,,,2,7,,2,,2,,,,1,,,,,,,,,1,2,2,2,,,,,2,,,,,,,,,12,10,,2,,,,2,,,,,,,,,,,,,,1,2,1,2,1,1,3,,84,45,1,04,4,4520,500000,70,1402.4209736,
5428163,1,2,1,60,2,70,2,,,,,,,,,,,2,,,,,,,,,,,,,,,,,,,,,,,,,,,,,,,,,,,,,,,,,,,,,,,6,,,,,3,200000,1,400000,3,,2,2,,,,,3,10,2,18,2,,18,,,1,1,,2,,2,,,,1,,,,,,,,,1,2,2,1,84,120,3,,2,,,,,,,,3,14,,,2,,,,2,,,,,,,,,,,,,,1,2,1,2,2,1,3,,45,56,1,04,4,5619,200000,70,1402.4209736,
5428163,1,5,1,60,2,70,2,,,,,,,,,,,480,,,,,,,,,,,,,,,,,,,,,,,,,,,,,,,,,,,,,,,,,,,,,,,6,,,,,3,160000,1,1500000,3,,12,2,,,,,3,10,2,42,,.,14,6,,1,8,,5,,2,,,,1,,,,,,,,,1,2,2,2,,,,,2,,,,,,,,,3,40,2,2,,,,1,1,2,1,2,2,2,2,1,1,2,,2,1,1,2,1,2,2,1,3,,61,01,1,04,4,0161,160000,70,1402.4209736,
5428164,1,2,1,60,2,70,2,,,,,,,,,,,240,,,,,,,,,,,,,,,,,,,,,,,,,,,,,,,,,,,,,,,,,,,,,,,6,,,,,3,300000,1,3600000,3,,12,2,,,,,3,1,1,36,1,,36,,,1,8,,2,,2,,,,1,,,,,,,,,1,2,2,1,0,120,4,,2,,,,,,,,3,12,30,,1,16,2,1,2,,,,,,,,,,,,,,1,1,1,2,1,1,8,,61,01,1,04,4,0142,300000,70,749.22992076,
5428165,1,1,1,60,2,70,1,2,1,,1,,,1,2,2,1,3,,1,,2,500000,2,,,2,,2,,2,,2,,2,,,2,,,2,,,2,,,2,,,2,,,2,,2,,2,,2,,2,,2,,,.,,,,,,,,,.,12,,,,,,,,,50,,.,50,,,2,4,,1,,1,1,1,6,1,1,,,,,,,,,1,1,1,0,8,4,,2,,,,,,,,8,12,5,,2,,,,2,,,,,,,,,,,,,,1,1,1,2,1,1,8,,98,49,1,04,1,4921,500000,70,1334.1796813,
5428166,1,1,1,60,2,70,1,1,,,1,,,1,2,2,2,8,,,,,,,,,,,,,,,,,,,,,,,,,,,,,,,,,,,,,,,,,,,,,,,2,,,,,3,600000,1,4800000,3,,8,2,,,,,1,3,2,46,,.,46,,,2,7,,2,,2,,,,1,,,,,,,,,1,2,2,1,4,12,4,,2,,,,,,,,2,11,5,,2,,,,2,,,,,,,,,,,,,,1,1,1,2,1,1,8,,93,45,1,04,4,4520,600000,70,1370.9500657,
5428167,1,2,1,60,2,70,2,,,,,,,,,,,5,,,,,,,,,,,,,,,,,,,,,,,,,,,,,,,,,,,,,,,,,,,,,,,6,,,,,3,600000,1,6000000,3,,12,2,,,,,3,10,2,54,,.,54,,,1,4,,2,,2,,,,1,,,,,,,,,1,2,2,1,0,4,1,,2,,,,,,,,1,14,,,2,,,,1,1,1,1,2,2,2,2,2,2,2,,2,1,1,2,1,2,1,1,3,,98,49,1,04,4,4921,600000,70,1600.9596217,
5428167,1,3,1,60,2,70,1,1,,,1,,,2,2,2,1,36,,1,,2,300000,2,,,1,150000,2,,2,,2,,2,,,2,,,2,,,2,,,2,,,2,,,2,,2,,2,,2,,2,,2,,,.,,,,,,,,,.,12,,,,,,,,,49,,.,49,,,2,8,,2,,2,,,,1,,,,,,,,,1,2,2,1,0,24,4,,2,,,,,,,,3,3,10,,2,,,,2,,,,,,,,,,,,,,1,2,1,2,1,1,3,,62,01,1,04,8,0142,450000,70,1600.9596217,
5428387,1,1,1,60,2,70,2,,,,,,,,,,,48,,,,,,,,,,,,,,,,,,,,,,,,,,,,,,,,,,,,,,,,,,,,,,,6,,,,,3,0,1,5000000,3,,12,2,,,,,2,3,2,42,,.,21,6,,1,8,,2,,2,,,,1,,,,,,,,,1,2,2,1,0,72,4,,2,,,,,,,,2,3,20,2,2,,,,2,,,,,,,,,,,,,,1,1,1,2,2,1,5,,61,01,1,04,4,0113,0,70,1252.1743913,
5428387,1,2,1,60,2,70,2,,,,,,,,,,,2,,,,,,,,,,,,,,,,,,,,,,,,,,,,,,,,,,,,,,,,,,,,,,,6,,,,,3,200000,1,400000,3,,2,2,,,,,3,1,2,20,1,,20,,,1,1,,2,,2,,,,1,,,,,,,,,1,2,2,1,24,240,3,,2,,,,,,,,3,14,,,1,15,2,1,1,1,2,1,2,2,2,1,2,2,2,,2,1,2,2,2,2,2,1,5,,41,47,1,04,4,4724,200000,70,1252.1743913,
5428388,1,2,1,60,2,70,2,,,,,,,,,,,36,,,,,,,,,,,,,,,,,,,,,,,,,,,,,,,,,,,,,,,,,,,,,,,6,,,,,3,120000,1,1500000,3,,12,2,,,,,3,1,2,20,2,,20,,,1,1,,2,,2,,,,1,,,,,,,,,1,2,2,1,28,36,1,,1,70,10,4,,50000,1,1,1,14,,,2,,,,1,1,1,1,2,2,2,2,2,2,2,,2,1,2,2,2,2,2,1,8,,94,16,1,04,4,1690,170000,70,1013.1017821,
5428389,1,1,1,60,2,70,1,2,1,,1,,,1,1,1,1,386,,1,,2,2700000,2,,,2,,2,,2,,2,,2,,,2,,,2,,,2,,,2,,,2,,,1,1350000,1,2700000,1,1350000,2,,2,,2,,,.,,,,,,,,,.,12,,,,,,,,,30,3,TRABAJA CON EL MAGISTERIO,30,,,9,7,,1,,1,3,1,32,1,1,,,,,1,,,,1,1,1,0,12,4,,2,,,,,,,,8,3,2,,2,,,,2,,,,,,,,,,,,,,1,1,1,1,1,1,1,,13,85,1,04,2,8530,2700000,70,903.05285249,
5428390,1,1,1,60,2,70,2,,,,,,,,,,,240,,,,,,,,,,,,,,,,,,,,,,,,,,,,,,,,,,,,,,,,,,,,,,,6,,,,,3,300000,1,3600000,3,,12,2,,,,,3,3,2,24,2,,24,,,1,1,,2,,2,,,,1,,,,,,,,,1,2,2,1,2,60,3,,2,,,,,,,,9,14,,,2,,,,2,,,,,,,,,,,,,,1,1,1,2,2,1,3,,77,10,1,04,4,1081,300000,70,774.9158772,
5428390,1,2,1,60,2,70,2,,,,,,,,,,,144,,,,,,,,,,,,,,,,,,,,,,,,,,,,,,,,,,,,,,,,,,,,,,,6,,,,,3,0,1,4800000,3,,12,2,,,,,3,10,2,45,,.,28,6,,1,8,,2,,2,,,,1,,,,,,,,,1,2,2,1,0,120,3,,1,70,16,4,,200000,1,8,3,11,40,2,2,,,,2,,,,,,,,,,,,,,1,1,1,2,1,1,5,,61,01,1,04,4,0113,200000,70,774.9158772,
5428390,1,5,1,60,2,70,1,1,,,1,,,1,1,2,1,13,,1,,2,600000,2,,,1,200000,2,,2,,2,,2,,,2,,,2,,,2,,,2,,,2,,,1,600000,2,,1,300000,2,,2,,2,,,.,,,,,,,,,.,12,,,,,,,,,40,,.,40,,,1,2,,2,,2,,,,1,,,,,,1,,,,2,2,2,,,,,2,,,,,,,,,11,25,,2,,,,2,,,,,,,,,,,,,,1,1,1,2,2,1,3,,54,97,1,04,3,9700,800000,70,774.9158772,
5428391,1,1,1,60,2,70,2,,,,,,,,,,,108,,,,,,,,,,,,,,,,,,,,,,,,,,,,,,,,,,,,,,,,,,,,,,,6,,,,,3,0,1,6000000,3,,12,2,,,,,2,1,2,42,,.,24,6,,1,8,,2,,2,,,,1,,,,,,,,,1,2,2,1,0,42,4,,2,,,,,,,,3,10,30,2,2,,,,2,,,,,,,,,,,,,,1,2,1,2,1,1,9,,61,01,1,04,4,0112,0,70,751.86986574,
5428391,1,2,1,60,2,70,2,,,,,,,,,,,102,,,,,,,,,,,,,,,,,,,,,,,,,,,,,,,,,,,,,,,,,,,,,,,6,,,,,3,300000,1,3600000,3,,12,2,,,,,3,1,2,40,,.,40,,,1,1,,2,,2,,,,1,,,,,,,,,1,2,2,1,0,27,3,,2,,,,,,,,5,14,,,2,,,,2,,,,,,,,,,,,,,1,1,1,2,1,1,3,,57,96,1,04,4,9602,300000,70,751.86986574,
5428392,1,1,1,60,2,70,2,,,,,,,,,,,462,,,,,,,,,,,,,,,,,,,,,,,,,,,,,,,,,,,,,,,,,,,,,,,6,,,,,3,0,1,4800000,3,,12,2,,,,,2,9,2,40,,.,28,6,,1,8,,2,,2,,,,1,,,,,,,,,1,2,2,1,0,52,8,,2,,,,,,,,3,3,60,2,2,,,,2,,,,,,,,,,,,,,1,2,1,2,1,1,9,,61,01,1,04,4,0112,0,70,560.90546481,
5428393,1,1,1,60,2,70,2,,,,,,,,,,,132,,,,,,,,,,,,,,,,,,,,,,,,,,,,,,,,,,,,,,,,,,,,,,,6,,,,,3,0,1,4000000,3,,12,2,,,,,3,3,2,40,,.,28,6,,1,8,,2,,2,,,,1,,,,,,,,,1,2,2,1,0,72,1,,1,70,20,4,,300000,1,1,3,11,20,2,2,,,,2,,,,,,,,,,,,,,1,1,1,2,1,1,5,,61,01,1,04,4,0113,300000,70,1002.3593438,
5428393,1,2,1,60,2,70,2,,,,,,,,,,,108,,,,,,,,,,,,,,,,,,,,,,,,,,,,,,,,,,,,,,,,,,,,,,,6,,,,,3,400000,1,5000000,3,,12,2,,,,,3,3,2,49,,.,49,,,1,1,,2,,2,,,,1,,,,,,1,,,,2,2,2,,,,,2,,,,,,,,,14,,,2,,,,2,,,,,,,,,,,,,,1,1,1,2,2,1,3,,41,47,1,04,4,4711,400000,70,1002.3593438,
5428394,1,1,1,60,2,70,2,,,,,,,,,,,240,,,,,,,,,,,,,,,,,,,,,,,,,,,,,,,,,,,,,,,,,,,,,,,6,,,,,3,0,1,6000000,3,,12,2,,,,,2,10,2,40,,.,26,6,,1,8,,2,,2,,,,1,,,,,,,,,1,2,2,1,0,120,8,,2,,,,,,,,3,3,20,2,2,,,,2,,,,,,,,,,,,,,1,2,1,2,1,1,9,,61,01,1,04,4,0113,0,70,663.37983869,
5428395,1,1,1,60,2,70,2,,,,,,,,,,,360,,,,,,,,,,,,,,,,,,,,,,,,,,,,,,,,,,,,,,,,,,,,,,,6,,,,,3,0,1,5000000,3,,12,2,,,,,3,3,2,44,,.,24,6,,1,8,,2,,2,,,,1,,,,,,1,,,,2,2,1,0,120,4,,2,,,,,,,,3,3,16,2,2,,,,2,,,,,,,,,,,,,,1,1,1,2,1,1,5,,61,01,1,04,4,0113,0,70,1107.787435,
5428396,1,1,1,60,2,70,2,,,,,,,,,,,48,,,,,,,,,,,,,,,,,,,,,,,,,,,,,,,,,,,,,,,,,,,,,,,6,,,,,3,0,1,7000000,3,,12,2,,,,,2,1,2,40,,.,40,,,1,8,,2,,2,,,,1,,,,,,1,,,,2,2,1,0,24,1,,1,70,20,4,,300000,1,4,1,3,13,,2,,,,1,1,1,1,2,2,2,1,2,1,2,,2,1,2,2,1,2,2,1,9,,61,01,1,04,4,0112,300000,70,963.45424741,
5428398,1,1,1,60,2,70,2,,,,,,,,,,,432,,,,,,,,,,,,,,,,,,,,,,,,,,,,,,,,,,,,,,,,,,,,,,,6,,,,,3,0,1,7000000,3,,12,2,,,,,2,3,2,40,,.,40,,,1,8,,2,,2,,,,1,,,,,,,,,1,2,2,1,0,120,4,,2,,,,,,,,3,3,50,,2,,,,2,,,,,,,,,,,,,,1,2,1,2,1,1,3,,61,01,1,04,4,0112,0,70,779.05221694,
5428398,1,2,1,60,2,70,1,2,2,10,2,1,,1,1,2,1,3,,1,,2,908526,2,,,2,,2,,2,,2,,2,,,2,,,2,,,2,,,2,,,2,,,1,877803,2,,1,433901,2,,2,,2,,,.,,,,,,,,,.,10,,,,,,,,,40,,.,40,,,9,1,,1,,1,1,1,8,1,1,,,,,,,,,1,1,1,2,10,1,,2,,,,,,,,1,14,,,2,,,,2,,,,,,,,,,,,,,1,1,1,2,1,1,3,,54,88,1,04,1,8890,908526,70,779.05221694,7810
5428399,1,3,1,60,2,70,2,,,,,,,,,,,24,,,,,,,,,,,,,,,,,,,,,,,,,,,,,,,,,,,,,,,,,,,,,,,6,,,,,3,0,1,2000000,3,,12,2,,,,,3,3,2,28,2,,18,6,,1,8,,2,,2,,,,1,,,,,,,,,1,2,2,1,0,24,3,,2,,,,,,,,6,3,20,2,2,,,,1,1,2,1,2,2,2,1,2,1,2,,2,1,2,2,1,2,2,1,5,,61,01,1,04,4,0112,0,70,560.90546481,
5428402,1,2,1,60,2,15,1,2,1,,1,,,1,2,1,1,120,,1,,2,908526,2,,,2,,2,,2,,2,,2,,,1,106454,2,2,,,2,,,2,,,2,,,1,600000,1,600000,2,,2,,2,,2,,,.,,,,,,,,,.,12,,,,,,,,,40,,.,40,,,6,10,,1,,1,1,1,9,1,1,,,,,,,,,1,1,1,0,60,1,,2,,,,,,,,3,11,15,,2,,,,2,,,,,,,,,,,,,,1,1,1,2,1,1,3,,71,05,1,04,1,0510,908526,15,1426.4836271,
5428403,1,1,1,60,2,15,1,2,1,,1,,,1,1,1,1,24,,1,,2,2000000,2,,,2,,2,,2,,2,,2,,,2,,,1,120000,2,2,,,2,,,2,,,1,1000000,1,1000000,2,,2,,2,,2,,,.,,,,,,,,,.,12,,,,,,,,,40,,.,40,,,4,10,,1,,1,1,1,7,1,1,,,,,,,,,1,1,1,0,24,1,,2,,,,,,,,3,11,20,,2,,,,2,,,,,,,,,,,,,,1,1,1,2,1,1,1,,97,05,1,04,1,0510,2000000,15,3264.9564008,
5428403,1,2,1,60,2,15,2,,,,,,,,,,,12,,,,,,,,,,,,,,,,,,,,,,,,,,,,,,,,,,,,,,,,,,,,,,,7,,2,,,2,0,1,0,3,,12,1,1,0,1,0,2,1,2,21,2,,21,,,2,8,,2,,2,,,,1,,,,,,,,,1,2,2,1,0,120,4,,2,,,,,,,,9,3,16,,2,,,,2,,,,,,,,,,,,,,1,2,1,2,1,1,3,,61,01,1,04,4,0141,0,15,3264.9564008,
5428404,1,3,1,60,2,15,2,,,,,,,,,,,24,,,,,,,,,,,,,,,,,,,,,,,,,,,,,,,,,,,,,,,,,,,,,,,6,,,,,2,450000,1,4000000,2,,12,2,,,,,2,1,2,35,2,,35,,,1,8,,3,,2,,,,1,,,,,,1,,,,2,2,1,6,240,1,,2,,,,,,,,3,3,15,,2,,,,2,,,,,,,,,,,,,,1,2,1,2,2,1,3,,61,01,1,04,4,0161,450000,15,1426.4836271,
5428405,1,1,1,60,2,15,2,,,,,,,,,,,120,,,,,,,,,,,,,,,,,,,,,,,,,,,,,,,,,,,,,,,,,,,,,,,7,,2,,,2,1350000,1,12000000,3,,12,1,1,0,0,1,2,3,2,30,2,,30,,,2,8,,2,,2,,,,1,,,,,,,,,1,2,2,1,0,240,1,,2,,,,,,,,11,3,16,,2,,,,2,,,,,,,,,,,,,,1,2,1,2,1,1,5,,61,01,1,04,4,0121,1350000,15,1909.383682,
5428405,1,2,1,60,2,15,2,,,,,,,,,,,80,,,,,,,,,,,,,,,,,,,,,,,,,,,,,,,,,,,,,,,,,,,,,,,,.,,,,,,,,,.,12,,,,,,,,,20,2,,20,,,2,8,,2,,2,,,,1,,,,,,,,,1,2,2,1,0,120,4,,2,,,,,,,,9,3,15,,2,,,,1,1,1,1,2,2,2,2,2,2,2,,2,1,1,2,1,2,1,1,3,,62,01,1,04,6,0121,,15,1909.383682,
5428405,1,3,1,60,2,15,1,2,1,,1,,,1,1,1,1,10,,1,,2,1600000,2,,,2,,2,,2,,2,,2,,,2,,,2,,,2,,,2,,,2,,,1,800000,1,800000,2,,2,,2,,2,,,.,,,,,,,,,.,10,,,,,,,,,48,,.,48,,,6,10,,1,,1,1,1,4,1,1,,,,,,,,,1,1,1,3,12,1,,2,,,,,,,,2,11,30,,2,,,,1,1,1,1,2,2,2,2,1,2,2,,2,1,1,1,1,2,1,1,2,,71,05,1,04,1,0510,1600000,15,1909.383682,
5428406,1,1,1,60,2,15,2,,,,,,,,,,,18,,,,,,,,,,,,,,,,,,,,,,,,,,,,,,,,,,,,,,,,,,,,,,,6,,,,,2,400000,1,5000000,2,,12,2,,,,,2,1,2,24,2,,24,,,1,8,,2,,2,,,,1,,,,,,1,,,,2,2,1,6,120,1,,2,,,,,,,,5,11,10,,2,,,,2,,,,,,,,,,,,,,2,2,1,2,1,1,3,,61,01,1,04,4,0161,400000,15,3620.5790068,
5428407,1,1,1,60,2,15,2,,,,,,,,,,,12,,,,,,,,,,,,,,,,,,,,,,,,,,,,,,,,,,,,,,,,,,,,,,,6,,,,,2,1500000,1,20000000,3,,12,1,2,2,0,0,2,3,2,48,,.,48,,,2,8,,3,,2,,,,1,,,,,,,,,1,2,2,1,0,120,1,,2,,,,,,,,10,3,30,,2,,,,2,,,,,,,,,,,,,,1,1,1,2,1,1,2,,73,47,1,04,5,4752,1500000,15,3366.7148702,
5428407,1,2,1,60,2,15,1,1,,,1,,,1,2,2,2,12,,1,,2,600000,2,,,2,,2,,2,,2,,2,,,2,,,2,,,2,,,2,,,2,,,2,,2,,2,,2,,2,,2,,,.,,,,,,,,,.,12,,,,,,,,,36,2,,36,,,2,8,,2,,2,,,,1,,,,,,,,,1,2,2,1,0,48,4,,1,15,21,4,,180000,1,8,2,3,30,,2,,,,2,,,,,,,,,,,,,,1,1,1,1,1,1,3,,97,47,1,04,1,4752,780000,15,3366.7148702,
5428407,1,6,1,60,2,15,1,2,1,,1,,,1,1,1,1,12,,1,,2,908600,2,,,2,,2,,2,,2,,2,,,1,106600,2,1,30000,2,2,,,2,,,2,,,1,400000,1,400000,2,,2,,2,,2,,,.,,,,,,,,,.,12,,,,,,,,,48,,.,48,,,5,10,,1,,1,1,1,3,1,1,,,,,,,,,1,1,1,0,70,1,,2,,,,,,,,8,11,40,,2,,,,2,,,,,,,,,,,,,,1,1,1,2,1,1,2,,71,05,1,04,1,0510,908600,15,3366.7148702,
5429197,1,1,1,60,2,68,2,,,,,,,,,,,480,,,,,,,,,,,,,,,,,,,,,,,,,,,,,,,,,,,,,,,,,,,,,,,7,,2,,,2,300000,1,2000000,3,,12,1,2,0,0,2,3,3,2,40,,.,40,,,2,8,,2,,2,,,,1,,,,,,,,,1,2,2,1,0,6,8,,2,,,,,,,,10,3,3,,2,,,,2,,,,,,,,,,,,,,1,1,1,2,1,1,8,,61,01,1,04,4,0114,300000,68,782.65437027,
5429197,1,2,1,60,2,68,2,,,,,,,,,,,180,,,,,,,,,,,,,,,,,,,,,,,,,,,,,,,,,,,,,,,,,,,,,,,,.,,,,,,,,,.,12,,,,,,,,,30,2,,30,,,2,8,,2,,2,,,,1,,,,,,,,,1,2,2,2,,,,,2,,,,,,,,,3,3,,2,,,,2,,,,,,,,,,,,,,1,1,1,2,1,1,3,,62,01,1,04,6,0114,,68,782.65437027,
5429197,1,3,1,60,2,68,1,2,2,6,1,,,1,2,2,2,5,,,,,,,,,,,,,,,,,,,,,,,,,,,,,,,,,,,,,,,,,,,,,,,1,,,,,3,1800000,1,9000000,3,,12,2,,,,,1,1,1,40,,.,40,,,9,7,,1,,1,1,2,0,1,1,,,,,,,,,1,2,1,0,12,6,,2,,,,,,,,8,13,30,,2,,,,2,,,,,,,,,,,,,,1,1,1,2,1,1,8,,34,84,1,04,4,8412,1800000,68,782.65437027,
5429197,1,4,1,60,2,68,2,,,,,,,,,,,480,,,,,,,,,,,,,,,,,,,,,,,,,,,,,,,,,,,,,,,,,,,,,,,,.,,,,,,,,,.,12,,,,,,,,,20,2,,20,,,2,8,,2,,2,,,,1,,,,,,,,,1,2,2,1,6,6,8,,2,,,,,,,,1,3,3,,2,,,,2,,,,,,,,,,,,,,1,1,1,2,1,1,8,,62,01,1,04,6,0114,,68,782.65437027,
5429198,1,2,1,60,2,68,2,,,,,,,,,,,48,,,,,,,,,,,,,,,,,,,,,,,,,,,,,,,,,,,,,,,,,,,,,,,4,,,,,3,600000,1,3000000,3,,12,2,,,,,3,1,2,70,,.,70,,,1,7,,4,,2,,,,1,,,,,,,,,1,2,2,1,3,96,1,,2,,,,,,,,9,3,1,,2,,,,2,,,,,,,,,,,,,,1,2,1,2,1,2,8,,87,45,1,04,4,4520,600000,68,3130.6174811,
5429199,1,1,1,60,2,68,2,,,,,,,,,,,240,,,,,,,,,,,,,,,,,,,,,,,,,,,,,,,,,,,,,,,,,,,,,,,7,,2,,,2,0,1,3000000,3,,12,1,1,0,0,1,3,3,2,48,,.,48,,,2,8,,2,,2,,,,1,,,,,,,,,1,2,2,1,0,3,8,,2,,,,,,,,1,11,15,,2,,,,2,,,,,,,,,,,,,,1,1,1,2,1,1,8,,61,01,1,04,4,0114,0,68,893.13442215,
5429199,1,2,1,60,2,68,2,,,,,,,,,,,120,,,,,,,,,,,,,,,,,,,,,,,,,,,,,,,,,,,,,,,,,,,,,,,,.,,,,,,,,,.,12,,,,,,,,,20,2,,20,,,2,8,,2,,2,,,,1,,,,,,,,,1,2,2,1,12,6,8,,2,,,,,,,,9,3,30,,2,,,,2,,,,,,,,,,,,,,1,1,1,2,1,1,3,,62,01,1,04,6,0114,,68,893.13442215,
5429200,1,3,1,60,2,68,1,2,2,12,1,,,1,1,1,1,5,,2,,2,908526,2,,,2,,2,,2,,2,,2,,,1,106454,2,2,,,2,,,2,,,2,,,2,,2,,2,,2,,2,,2,,,.,,,,,,,,,.,5,,,,,,,,,84,,.,84,,,8,7,,1,,1,2,1,0,1,,,,,,,,,1,1,1,1,7,12,1,,2,,,,,,,,1,1,120,,2,,,,2,,,,,,,,,,,,,,1,1,1,2,2,2,3,,59,86,1,04,2,8610,908526,68,1640.7112209,
5429201,1,1,1,60,2,68,1,1,,,1,,,1,2,2,2,120,,1,,2,400000,2,,,1,200000,2,,2,,2,,2,,,2,,,2,,,2,,,2,,,2,,,2,,2,,2,,2,,2,,2,,,.,,,,,,,,,.,12,,,,,,,,,40,,.,40,,,3,8,,2,,2,,,,1,,,,,,,,,1,2,2,1,0,12,8,,2,,,,,,,,1,3,40,,2,,,,2,,,,,,,,,,,,,,1,1,1,2,1,1,8,,62,01,1,04,8,0114,600000,68,782.65437027,
5429201,1,2,1,60,2,68,1,1,,,1,,,1,2,2,2,3,,1,,2,240000,2,,,2,,2,,2,,2,,2,,,2,,,2,,,2,,,2,,,2,,,2,,2,,2,,2,,2,,2,,,.,,,,,,,,,.,12,,,,,,,,,24,2,,24,,,2,8,,1,,2,,,,1,,,,,,,,,1,2,2,1,0,3,8,,2,,,,,,,,1,3,15,,2,,,,2,,,,,,,,,,,,,,1,1,1,2,1,1,8,,62,01,1,04,8,0114,240000,68,782.65437027,
5429201,1,4,1,60,2,68,2,,,,,,,,,,,60,,,,,,,,,,,,,,,,,,,,,,,,,,,,,,,,,,,,,,,,,,,,,,,6,,,,,3,300000,1,3000000,3,,12,2,,,,,3,3,2,24,1,,24,,,1,8,,2,,2,,,,1,,,,,,,,,1,2,2,1,4,2,8,,2,,,,,,,,1,3,20,,1,24,1,1,2,,,,,,,,,,,,,,1,1,1,2,1,1,8,,61,01,1,04,4,0161,300000,68,782.65437027,
5429201,1,6,1,60,2,68,2,,,,,,,,,,,6,,,,,,,,,,,,,,,,,,,,,,,,,,,,,,,,,,,,,,,,,,,,,,,7,,2,,,2,300000,1,600000,3,,12,1,1,1,0,0,3,3,2,48,,.,48,,,2,8,,2,,2,,,,1,,,,,,,,,1,2,2,1,0,6,8,,2,,,,,,,,1,3,20,,2,,,,2,,,,,,,,,,,,,,1,1,1,2,1,1,8,,61,01,1,04,5,0114,300000,68,782.65437027,
5429201,1,7,1,60,2,68,1,1,,,1,,,1,2,2,2,120,,1,,2,200000,2,,,1,100000,2,,2,,2,,2,,,2,,,2,,,2,,,2,,,2,,,2,,2,,2,,2,,2,,2,,,.,,,,,,,,,.,12,,,,,,,,,24,2,,24,,,3,8,,2,,2,,,,1,,,,,,,,,1,2,2,1,0,24,4,,2,,,,,,,,2,3,20,,2,,,,2,,,,,,,,,,,,,,1,1,1,2,1,1,8,,62,01,1,04,8,0114,300000,68,782.65437027,
5429202,1,1,1,60,2,68,2,,,,,,,,,,,384,,,,,,,,,,,,,,,,,,,,,,,,,,,,,,,,,,,,,,,,,,,,,,,7,,2,,,3,0,1,3500000,3,,12,1,1,0,0,1,3,9,2,56,,.,56,,,2,8,,2,,2,,,,1,,,,,,,,,1,2,2,1,0,24,8,,2,,,,,,,,8,3,2,,2,,,,1,1,2,1,2,1,2,1,1,2,2,,2,2,1,2,1,2,2,1,8,,61,01,1,04,4,0114,0,68,2352.5471439,
5429202,1,2,1,60,2,68,2,,,,,,,,,,,120,,,,,,,,,,,,,,,,,,,,,,,,,,,,,,,,,,,,,,,,,,,,,,,,.,,,,,,,,,.,12,,,,,,,,,23,2,,23,,,2,8,,2,,2,,,,1,,,,,,,,,1,2,2,1,0,180,8,,2,,,,,,,,9,3,2,,2,,,,2,,,,,,,,,,,,,,1,2,1,2,2,1,8,,62,01,1,04,6,0114,,68,2352.5471439,
5429202,2,1,2,60,2,68,1,2,1,,1,,,2,1,1,1,60,,6,,2,1100000,2,,,2,,2,,2,,2,,2,,,1,106454,1,2,,,2,,,2,,,2,,,1,505000,1,505000,2,,2,,2,,2,,,.,,,,,,,,,.,12,,,,,,,,,48,,.,48,,,9,10,,1,,1,2,3,5,1,1,,,,,,,,,1,1,1,0,36,6,,2,,,,,,,,3,11,60,,1,20,2,1,1,1,1,1,2,2,2,2,1,1,2,,2,1,2,2,2,1,2,1,8,,84,08,1,04,1,0811,1100000,68,2352.5471439,
5429203,1,1,1,60,2,68,2,,,,,,,,,,,240,,,,,,,,,,,,,,,,,,,,,,,,,,,,,,,,,,,,,,,,,,,,,,,7,,2,,,2,400000,1,4000000,3,,12,1,2,0,0,2,3,3,2,48,,.,48,,,2,8,,2,,2,,,,1,,,,,,,,,1,2,2,1,0,24,8,,2,,,,,,,,10,3,20,,2,,,,2,,,,,,,,,,,,,,1,1,1,2,1,1,8,,61,01,1,04,4,0114,400000,68,1767.9760062,
5429203,1,2,1,60,2,68,2,,,,,,,,,,,180,,,,,,,,,,,,,,,,,,,,,,,,,,,,,,,,,,,,,,,,,,,,,,,,.,,,,,,,,,.,12,,,,,,,,,20,2,,20,,,2,8,,2,,2,,,,1,,,,,,,,,1,2,2,1,18,8,8,,2,,,,,,,,9,3,20,,2,,,,2,,,,,,,,,,,,,,1,1,1,2,1,1,3,,62,01,1,04,6,0114,,68,1767.9760062,
5429203,1,4,1,60,2,68,2,,,,,,,,,,,24,,,,,,,,,,,,,,,,,,,,,,,,,,,,,,,,,,,,,,,,,,,,,,,,.,,,,,,,,,.,12,,,,,,,,,20,2,,20,,,2,8,,2,,2,,,,1,,,,,,,,,1,2,2,2,,,,,2,,,,,,,,,3,20,,2,,,,2,,,,,,,,,,,,,,1,1,1,2,1,1,3,,62,01,1,04,6,0114,,68,1767.9760062,
5429204,1,1,1,60,2,68,1,2,2,12,2,4,OPTIMIZANDO PROCESOS,1,1,2,1,0,,1,,2,1200000,2,,,2,,2,,2,,2,,2,,,2,,,2,,,2,,,2,,,2,,,2,,2,,2,,2,,2,,2,,,.,,,,,,,,,.,6,,,,,,,,,72,,.,72,,,9,8,,1,,1,1,1,4,1,1,,,,,,,,,1,1,1,6,3,1,,2,,,,,,,,5,11,60,,2,,,,2,,,,,,,,,,,,,,1,1,1,2,1,1,8,,62,01,1,04,1,0145,1200000,68,1972.0797229,7810
5429206,1,1,1,60,2,68,2,,,,,,,,,,,144,,,,,,,,,,,,,,,,,,,,,,,,,,,,,,,,,,,,,,,,,,,,,,,6,,,,,3,640000,1,6000000,3,,12,2,,,,,3,1,2,18,1,,18,,,1,8,,2,,2,,,,1,,,,,,,,,1,2,2,1,0,120,1,,2,,,,,,,,9,11,30,,1,30,1,1,2,,,,,,,,,,,,,,1,2,2,2,2,1,8,,61,01,1,04,4,0161,640000,68,1443.325626,
5429206,1,2,1,60,2,68,2,,,,,,,,,,,96,,,,,,,,,,,,,,,,,,,,,,,,,,,,,,,,,,,,,,,,,,,,,,,7,,1,1,2021,3,200000,1,4800000,3,,12,2,,,,,3,6,2,20,2,,20,,,1,3,,2,,2,,,,1,,,,,,,,,1,2,2,1,0,122,1,,2,,,,,,,,1,3,15,,2,,,,2,,,,,,,,,,,,,,1,1,1,2,1,1,8,,41,47,1,04,4,4729,200000,68,1443.325626,
5429206,1,3,1,60,2,68,2,,,,,,,,,,,12,,,,,,,,,,,,,,,,,,,,,,,,,,,,,,,,,,,,,,,,,,,,,,,7,,1,2,,2,908526,1,4800000,3,,12,1,1,0,1,0,3,1,2,60,,.,60,,,2,4,,2,,2,,,,1,,,,,,,,,1,2,2,1,0,98,4,,1,68,20,1,,400000,4,7,2,3,3,,2,,,,2,,,,,,,,,,,,,,1,1,1,2,1,1,2,,97,53,1,04,4,5320,1308526,68,1443.325626,
5429206,1,4,1,60,2,68,2,,,,,,,,,,,12,,,,,,,,,,,,,,,,,,,,,,,,,,,,,,,,,,,,,,,,,,,,,,,7,,1,2,,2,908526,1,12000000,3,,12,1,1,0,1,0,3,3,2,56,,.,56,,,2,4,,1,,1,1,2,1,1,1,,,1,,,,,,1,1,1,2,96,1,,2,,,,,,,,2,3,1,,2,,,,2,,,,,,,,,,,,,,1,1,1,2,1,1,2,,97,53,1,04,4,5320,908526,68,1443.325626,
5429207,1,1,1,60,2,68,1,1,,,1,,,1,2,2,2,0,,1,,2,600000,2,,,2,,2,,2,,2,,2,,,2,,,2,,,2,,,2,,,2,,,2,,2,,2,,2,,2,,2,,,.,,,,,,,,,.,9,,,,,,,,,48,,.,48,,,3,7,,11,,2,,,,1,,,,,,,,,1,2,2,1,3,12,1,,2,,,,,,,,7,3,20,,2,,,,2,,,,,,,,,,,,,,1,1,1,2,1,1,8,,53,56,1,04,1,5613,600000,68,802.64419121,
5429208,1,1,1,60,2,68,2,,,,,,,,,,,60,,,,,,,,,,,,,,,,,,,,,,,,,,,,,,,,,,,,,,,,,,,,,,,7,,2,,,2,900000,1,9000000,3,,12,1,1,0,0,1,3,3,2,48,,.,48,,,2,8,,1,,2,,,,1,,,,,,,,,1,2,2,1,0,60,1,,2,,,,,,,,10,11,20,,2,,,,2,,,,,,,,,,,,,,1,1,1,2,1,1,8,,61,01,1,04,4,0141,900000,68,1252.0103674,
5429208,1,4,1,60,2,68,2,,,,,,,,,,,24,,,,,,,,,,,,,,,,,,,,,,,,,,,,,,,,,,,,,,,,,,,,,,,,.,,,,,,,,,.,12,,,,,,,,,6,2,,6,,,2,8,,3,,2,,,,1,,,,,,,,,1,2,2,2,,,,,2,,,,,,,,,11,20,,2,,,,2,,,,,,,,,,,,,,1,1,1,2,1,1,3,,62,01,1,04,6,0141,,68,1252.0103674,
5429210,1,1,1,60,2,68,2,,,,,,,,,,,360,,,,,,,,,,,,,,,,,,,,,,,,,,,,,,,,,,,,,,,,,,,,,,,6,,,,,3,1000000,1,8000000,3,,12,2,,,,,3,3,2,40,,.,40,,,1,8,,2,,2,,,,1,,,,,,,,,1,2,2,1,0,24,1,,2,,,,,,,,1,11,60,,2,,,,2,,,,,,,,,,,,,,1,1,1,2,1,1,8,,73,16,1,04,4,1610,1000000,68,782.65437027,
5429211,1,1,1,60,2,68,1,2,2,12,1,,,1,1,1,1,6,,1,,2,908526,2,,,2,,1,300000,2,,2,,2,,,2,,,2,,,2,,,2,,,2,,,2,,2,,2,,2,,2,,2,,,.,,,,,,,,,.,6,,,,,,,,,90,,.,90,,,2,7,,1,,1,2,1,0,1,,,1,,,,,,,1,2,1,6,3,4,,2,,,,,,,,2,3,2,,2,,,,2,,,,,,,,,,,,,,1,1,1,2,1,1,5,,58,68,1,04,1,6820,1208526,68,3130.6174811,
5429211,1,2,1,60,2,68,1,1,,,1,,,1,2,2,2,6,,1,,2,116000,2,,,2,,2,,2,,2,,2,,,2,,,2,,,2,,,2,,,2,,,2,,2,,2,,2,,2,,2,,,.,,,,,,,,,.,6,,,,,,,,,15,1,,15,,,2,7,,3,,2,,,,1,,,,,,,,,1,2,2,1,6,36,1,,2,,,,,,,,1,3,2,,1,20,1,1,2,,,,,,,,,,,,,,1,2,2,2,1,1,5,,58,68,1,04,1,6820,116000,68,3130.6174811,
5429212,1,1,1,60,2,68,2,,,,,,,,,,,120,,,,,,,,,,,,,,,,,,,,,,,,,,,,,,,,,,,,,,,,,,,,,,,6,,,,,3,110000,1,1320000,3,,12,2,,,,,3,1,2,6,1,,26,,,1,8,,2,,2,,,,1,,,,,,1,,,,2,2,1,24,96,3,,2,,,,,,,,9,3,15,,1,26,2,1,2,,,,,,,,,,,,,,1,2,2,2,2,1,3,,62,81,1,04,4,8130,110000,68,1863.3832033,
5429213,1,1,1,60,2,68,1,1,,,1,,,1,2,2,2,12,,1,,2,900000,2,,,2,,2,,2,,2,,2,,,2,,,2,,,2,,,2,,,2,,,2,,2,,2,,2,,2,,2,,,.,,,,,,,,,.,12,,,,,,,,,50,,.,50,,,3,9,,11,,2,,,,1,,,,,,,,,1,2,2,1,1,2,1,,2,,,,,,,,1,11,20,,2,,,,2,,,,,,,,,,,,,,1,1,1,2,1,1,8,,95,41,1,04,1,4111,900000,68,932.9321866,
5429213,1,2,1,60,2,68,2,,,,,,,,,,,18,,,,,,,,,,,,,,,,,,,,,,,,,,,,,,,,,,,,,,,,,,,,,,,6,,,,,3,400000,1,4000000,3,,12,2,,,,,3,3,2,48,,.,48,,,1,2,,2,,2,,,,1,,,,,,,,,1,2,2,1,6,24,1,,2,,,,,,,,5,3,20,,2,,,,1,1,1,1,1,2,2,2,2,2,2,,1,1,1,2,1,2,1,1,3,,55,81,1,04,4,8121,400000,68,932.9321866,
5429228,1,1,1,60,2,68,2,,,,,,,,,,,120,,,,,,,,,,,,,,,,,,,,,,,,,,,,,,,,,,,,,,,,,,,,,,,7,,2,,,2,1200000,1,9000000,3,,12,1,4,3,0,1,3,1,2,48,,.,48,,,3,7,,1,,1,2,2,10,1,1,,,,,,,,,1,2,1,0,12,1,,2,,,,,,,,1,3,3,,2,,,,2,,,,,,,,,,,,,,1,1,1,2,1,1,8,,41,47,1,04,5,4759,1200000,68,782.65437027,
5429228,1,3,1,60,2,68,2,,,,,,,,,,,12,,,,,,,,,,,,,,,,,,,,,,,,,,,,,,,,,,,,,,,,,,,,,,,,.,,,,,,,,,.,12,,,,,,,,,40,,.,40,,,3,7,,1,,2,,,,1,,,,,,,,,1,2,2,1,6,12,1,,2,,,,,,,,1,3,3,,2,,,,1,1,1,1,2,2,2,2,2,2,2,,1,1,1,2,1,2,1,1,3,,33,47,1,04,6,4759,,68,782.65437027,
5429230,1,1,1,60,2,68,1,1,,,1,,,1,1,2,1,30,,1,,2,900000,2,,,2,,1,300000,2,,2,,2,,,2,,,2,,,2,,,2,,,2,,,1,900000,2,,2,,2,,2,,2,,,.,,,,,,,,,.,12,,,,,,,,,48,,.,48,,,1,1,,1,,3,,,,,.,,,,,,,,,2,2,1,24,240,2,,2,,,,,,,,4,14,,,2,,,,2,,,,,,,,,,,,,,1,1,1,2,1,1,10,PENSION,52,97,1,04,3,9700,1200000,68,1012.5277155,
5429231,1,1,1,60,2,68,1,1,,,1,,,1,2,2,2,60,,1,,2,872095,2,,,2,,1,400000,2,,2,,2,,,2,,,2,,,2,,,2,,,2,,,2,,2,,2,,2,,2,,2,,,.,,,,,,,,,.,12,,,,,,,,,56,,.,56,,,2,8,,1,,1,1,1,23,1,1,,,,,,,,,1,1,1,0,24,1,,2,,,,,,,,8,3,30,,2,,,,2,,,,,,,,,,,,,,1,1,1,2,1,1,5,,60,01,1,04,1,0141,1272095,68,1023.5585774,
5429232,1,1,1,60,2,68,1,1,,,1,,,1,2,2,2,12,,1,,2,600000,2,,,1,200000,2,,2,,2,,2,,,2,,,2,,,2,,,2,,,2,,,2,,2,,2,,2,,2,,2,,,.,,,,,,,,,.,12,,,,,,,,,48,,.,48,,,1,2,,2,,2,,,,1,,,,,,,,,1,2,2,1,0,6,1,,2,,,,,,,,1,3,60,,2,,,,2,,,,,,,,,,,,,,1,1,1,2,1,1,8,,54,97,1,04,3,9700,800000,68,2142.6636196,
5429232,1,2,1,60,2,68,1,1,,,1,,,1,2,2,2,1,,1,,2,900000,2,,,2,,2,,2,,2,,2,,,2,,,2,,,2,,,2,,,2,,,2,,2,,2,,2,,2,,2,,,.,,,,,,,,,.,6,,,,,,,,,48,,.,48,,,3,7,,3,,2,,,,1,,,,,,,,,1,2,2,1,6,5,1,,2,,,,,,,,1,7,5,,2,,,,2,,,,,,,,,,,,,,1,1,1,2,1,1,8,,44,86,1,04,1,8692,900000,68,2142.6636196,
5429233,1,1,1,60,2,68,1,1,,,1,,,1,2,2,2,3,,2,,2,800000,2,,,2,,2,,2,,2,,2,,,2,,,2,,,2,,,2,,,2,,,2,,2,,2,,2,,2,,2,,,.,,,,,,,,,.,12,,,,,,,,,77,,.,77,,,3,7,,2,,2,,,,1,,,,,,,,,1,2,2,1,0,6,1,,2,,,,,,,,8,1,5,,2,,,,2,,,,,,,,,,,,,,1,1,1,2,1,1,8,,53,56,1,04,1,5611,800000,68,1804.7913924,
5429233,1,2,1,60,2,68,2,,,,,,,,,,,24,,,,,,,,,,,,,,,,,,,,,,,,,,,,,,,,,,,,,,,,,,,,,,,6,,,,,3,1300000,12,12000000,3,,12,2,,,,,3,8,1,48,,.,48,,,1,8,,2,,2,,,,1,,,1,,,,,,,2,2,1,0,12,8,,2,,,,,,,,9,13,20,,1,18,2,1,2,,,,,,,,,,,,,,1,1,1,2,1,1,5,,61,01,1,04,4,0121,1300000,68,1804.7913924,
5429234,1,3,1,60,2,68,1,2,2,12,1,,,1,1,1,1,48,,3,,1,908526,2,,,2,,2,,2,,2,,2,,,2,,,2,,,2,,,2,,,2,,,1,908526,1,908526,2,,2,,2,,2,,,.,,,,,,,,,.,12,,,,,,,,,48,,.,48,,,4,1,,1,,1,1,1,4,1,1,,,,,,,,,1,1,2,,,,,2,,,,,,,,,14,,,2,,,,2,,,,,,,,,,,,,,1,1,1,2,1,1,5,,45,47,1,04,1,4771,908526,68,1350.3999427,
5429236,1,1,1,60,2,68,2,,,,,,,,,,,1,,,,,,,,,,,,,,,,,,,,,,,,,,,,,,,,,,,,,,,,,,,,,,,6,,,,,3,300000,1,300000,3,,8,2,,,,,3,3,2,60,,.,60,,,1,1,,3,,2,,,,1,,,,,,,,,1,2,2,1,4,7,1,,2,,,,,,,,1,14,,,2,,,,2,,,,,,,,,,,,,,1,1,1,2,1,1,3,,53,56,1,04,4,5619,300000,68,1488.6955899,
5429236,1,2,1,60,2,68,1,1,,,1,,,1,2,2,2,84,,1,,2,800000,2,,,2,,2,,2,,2,,2,,,2,,,2,,,2,,,2,,,2,,,1,800000,2,,2,,2,,2,,2,,,.,,,,,,,,,.,12,,,,,,,,,48,,.,48,,,3,8,,1,,1,1,1,5,1,1,,,,,,,,,1,2,1,0,12,1,,2,,,,,,,,1,11,10,,2,,,,2,,,,,,,,,,,,,,1,1,1,2,1,1,8,,62,01,1,04,8,0141,800000,68,1488.6955899,
5429236,1,3,1,60,2,68,1,2,2,12,1,,,1,1,2,1,12,,1,,2,1200000,2,,,2,,2,,2,,2,,2,,,1,106000,2,2,,,2,,,2,,,2,,,1,1000000,2,,2,,2,,2,,2,,,.,,,,,,,,,.,12,,,,,,,,,72,,.,72,,,9,8,,1,,1,1,1,1,1,1,,,,,,,,,1,1,1,0,6,8,,2,,,,,,,,1,11,40,,2,,,,2,,,,,,,,,,,,,,1,1,1,2,1,1,8,,62,01,1,04,1,0145,1200000,68,1488.6955899,
5429238,1,1,1,60,2,68,2,,,,,,,,,,,48,,,,,,,,,,,,,,,,,,,,,,,,,,,,,,,,,,,,,,,,,,,,,,,6,,,,,3,900000,1,7000000,3,,12,2,,,,,3,3,2,48,,.,48,,,1,8,,2,,2,,,,1,,,,,,,,,1,2,2,1,0,36,1,,2,,,,,,,,1,12,10,,2,,,,2,,,,,,,,,,,,,,1,1,1,2,1,1,8,,61,01,1,04,4,0161,900000,68,1249.212938,
5429242,1,1,1,60,2,54,1,1,,,1,,,1,2,2,2,14,,1,,2,700000,2,,,2,,1,100000,2,,2,,2,,,2,,,2,,,2,,,2,,,2,,,2,,2,,2,,2,,2,,2,,,.,,,,,,,,,.,12,,,,,,,,,56,,.,56,,,2,8,,2,,2,,,,1,,,,,,,,,1,2,2,1,0,6,1,,2,,,,,,,,1,3,2,,2,,,,2,,,,,,,,,,,,,,1,1,1,2,1,1,3,,60,01,1,04,1,0123,800000,54,1995.3582087,
5429242,1,2,1,60,2,54,2,,,,,,,,,,,14,,,,,,,,,,,,,,,,,,,,,,,,,,,,,,,,,,,,,,,,,,,,,,,,.,,,,,,,,,.,12,,,,,,,,,20,2,,20,,,2,8,,2,,2,,,,1,,,,,,,,,1,2,2,1,0,6,7,,2,,,,,,,,9,3,2,,2,,,,2,,,,,,,,,,,,,,1,1,1,2,1,1,3,,62,01,1,04,7,0123,,54,1995.3582087,
5429243,1,1,1,60,2,54,2,,,,,,,,,,,240,,,,,,,,,,,,,,,,,,,,,,,,,,,,,,,,,,,,,,,,,,,,,,,7,,2,,,2,500000,1,6000000,3,,12,1,3,2,1,0,3,9,2,24,2,,24,,,3,8,,2,,2,,,,1,,,,,,,,,1,2,2,1,0,12,6,,2,,,,,,,,10,3,5,,2,,,,2,,,,,,,,,,,,,,1,1,1,2,2,1,3,,61,01,1,04,5,0123,500000,54,1099.7040641,
5429243,1,2,1,60,2,54,2,,,,,,,,,,,240,,,,,,,,,,,,,,,,,,,,,,,,,,,,,,,,,,,,,,,,,,,,,,,7,,2,,,2,500000,1,6000000,3,,12,1,3,2,1,0,3,3,2,63,,.,63,,,3,8,,2,,2,,,,1,,,,,,,,,1,2,2,1,0,24,4,,2,,,,,,,,3,3,10,,2,,,,1,1,2,1,2,1,2,1,1,1,2,,2,1,1,1,1,2,1,1,3,,61,01,1,04,5,0123,500000,54,1099.7040641,
5429244,1,1,1,60,2,54,1,1,,,1,,,1,2,2,2,16,,1,,2,600000,2,,,2,,2,,2,,2,,2,,,2,,,2,,,2,,,2,,,2,,,2,,2,,2,,2,,2,,2,,,.,,,,,,,,,.,12,,,,,,,,,54,,.,54,,,2,8,,2,,2,,,,1,,,,,,,,,1,2,2,1,0,9,8,,2,,,,,,,,1,3,45,,2,,,,2,,,,,,,,,,,,,,1,1,1,2,1,1,3,,62,01,1,04,8,0123,600000,54,874.28681876,
5429244,1,2,1,60,2,54,1,1,,,1,,,1,2,2,2,4,,1,,2,400000,2,,,2,,2,,2,,2,,2,,,2,,,2,,,2,,,2,,,2,,,2,,2,,2,,2,,2,,2,,,.,,,,,,,,,.,12,,,,,,,,,45,,.,45,,,2,8,,2,,2,,,,1,,,,,,,,,1,2,2,1,0,2,8,,2,,,,,,,,1,3,40,,2,,,,2,,,,,,,,,,,,,,1,1,1,2,1,1,3,,62,01,1,04,8,0123,400000,54,874.28681876,
5429244,1,3,1,60,2,54,1,1,,,1,,,1,2,2,2,12,,1,,2,600000,2,,,2,,2,,2,,2,,2,,,2,,,2,,,2,,,2,,,2,,,2,,2,,2,,2,,2,,2,,,.,,,,,,,,,.,12,,,,,,,,,56,,.,56,,,2,8,,2,,2,,,,1,,,,,,,,,1,2,2,1,0,3,8,,2,,,,,,,,1,3,50,,2,,,,2,,,,,,,,,,,,,,1,1,1,2,1,1,3,,62,01,1,04,8,0123,600000,54,874.28681876,
5429245,1,1,1,60,2,54,1,1,,,1,,,1,2,2,2,18,,1,,2,400000,2,,,1,200000,2,,2,,2,,2,,,2,,,2,,,2,,,2,,,2,,,2,,2,,2,,2,,2,,2,,,.,,,,,,,,,.,12,,,,,,,,,54,,.,54,,,2,8,,2,,2,,,,1,,,,,,,,,1,2,2,1,0,2,8,,2,,,,,,,,1,3,60,,2,,,,2,,,,,,,,,,,,,,1,1,1,2,1,1,3,,62,01,1,04,8,0123,600000,54,1073.9734571,
5429246,1,1,1,60,2,54,1,1,,,1,,,1,2,2,2,18,,1,,2,700000,2,,,2,,1,100000,2,,2,,2,,,2,,,2,,,2,,,2,,,2,,,2,,2,,2,,2,,2,,2,,,.,,,,,,,,,.,12,,,,,,,,,56,,.,56,,,2,8,,2,,2,,,,1,,,,,,,,,1,2,2,1,0,6,1,,2,,,,,,,,1,3,2,,2,,,,2,,,,,,,,,,,,,,1,1,1,2,1,1,3,,60,01,1,04,1,0123,800000,54,645.35367253,
5429246,1,2,1,60,2,54,2,,,,,,,,,,,18,,,,,,,,,,,,,,,,,,,,,,,,,,,,,,,,,,,,,,,,,,,,,,,,.,,,,,,,,,.,12,,,,,,,,,18,2,,18,,,2,8,,2,,2,,,,1,,,,,,,,,1,2,2,1,0,2,8,,2,,,,,,,,1,3,2,,2,,,,2,,,,,,,,,,,,,,1,1,1,2,1,1,3,,62,01,1,04,7,0123,,54,645.35367253,
5429247,1,1,1,60,2,54,2,,,,,,,,,,,480,,,,,,,,,,,,,,,,,,,,,,,,,,,,,,,,,,,,,,,,,,,,,,,7,,2,,,2,500000,1,6000000,3,,12,1,1,0,0,1,3,3,2,63,,.,63,,,2,8,,2,,2,,,,1,,,,,,1,,,,2,2,1,0,12,8,,2,,,,,,,,3,3,3,,2,,,,2,,,,,,,,,,,,,,1,1,1,2,2,1,3,,61,01,1,04,4,0123,500000,54,847.13796709,
5429247,1,3,1,60,2,54,2,,,,,,,,,,,180,,,,,,,,,,,,,,,,,,,,,,,,,,,,,,,,,,,,,,,,,,,,,,,,.,,,,,,,,,.,12,,,,,,,,,63,,.,63,,,2,8,,2,,2,,,,1,,,,,,,,,1,2,2,1,0,24,6,,2,,,,,,,,3,3,10,,2,,,,2,,,,,,,,,,,,,,1,1,1,2,1,1,3,,62,01,1,04,6,0123,,54,847.13796709,
5429248,1,1,1,60,2,54,1,1,,,1,,,1,2,2,2,36,,1,,2,800000,2,,,2,,1,320000,2,,2,,2,,,2,,,2,,,2,,,2,,,2,,,2,,2,,2,,2,,2,,2,,,.,,,,,,,,,.,12,,,,,,,,,60,,.,60,,,2,8,,2,,2,,,,1,,,,,,,,,1,2,2,1,0,36,1,,2,,,,,,,,1,3,3,,2,,,,2,,,,,,,,,,,,,,1,2,1,2,1,1,9,,60,01,1,04,1,0123,1120000,54,645.35367253,
5429248,1,2,1,60,2,54,2,,,,,,,,,,,24,,,,,,,,,,,,,,,,,,,,,,,,,,,,,,,,,,,,,,,,,,,,,,,,.,,,,,,,,,.,12,,,,,,,,,20,2,,20,,,2,8,,2,,2,,,,1,,,,,,,,,1,2,2,1,0,12,8,,2,,,,,,,,3,3,2,,2,,,,2,,,,,,,,,,,,,,1,2,1,2,1,1,9,,62,01,1,04,7,0123,,54,645.35367253,
5429249,1,1,1,60,2,54,2,,,,,,,,,,,240,,,,,,,,,,,,,,,,,,,,,,,,,,,,,,,,,,,,,,,,,,,,,,,7,,2,,,3,400000,1,4800000,3,,12,1,3,1,1,1,3,3,2,54,,.,54,,,3,8,,2,,2,,,,1,,,,,,,,,1,2,2,1,0,6,1,,2,,,,,,,,1,3,2,,2,,,,2,,,,,,,,,,,,,,1,1,1,2,1,1,3,,61,01,1,04,5,0123,400000,54,786.15763103,
5429249,1,2,1,60,2,54,2,,,,,,,,,,,240,,,,,,,,,,,,,,,,,,,,,,,,,,,,,,,,,,,,,,,,,,,,,,,,.,,,,,,,,,.,12,,,,,,,,,20,2,,20,,,3,1,,2,,2,,,,1,,,,,,,,,1,2,2,1,0,6,7,,2,,,,,,,,9,14,,,2,,,,2,,,,,,,,,,,,,,1,1,1,2,1,1,3,,53,01,1,04,6,0123,,54,786.15763103,
5429249,1,3,1,60,2,54,2,,,,,,,,,,,216,,,,,,,,,,,,,,,,,,,,,,,,,,,,,,,,,,,,,,,,,,,,,,,7,,2,,,2,400000,1,4800000,3,,12,1,3,1,1,1,3,3,2,54,,.,54,,,3,8,,2,,2,,,,1,,,,,,,,,1,2,2,1,0,12,4,,2,,,,,,,,1,3,2,,2,,,,2,,,,,,,,,,,,,,1,1,1,2,1,1,3,,61,01,1,04,5,0123,400000,54,786.15763103,
5429250,1,1,1,60,2,54,1,1,,,1,,,1,2,2,2,7,,1,,2,500000,2,,,1,200000,2,,2,,2,,2,,,2,,,2,,,2,,,2,,,2,,,2,,2,,2,,2,,2,,2,,,.,,,,,,,,,.,12,,,,,,,,,54,,.,54,,,2,8,,2,,2,,,,1,,,,,,,,,1,2,2,1,0,6,8,,2,,,,,,,,1,3,70,,2,,,,2,,,,,,,,,,,,,,1,1,1,2,1,1,3,,62,01,1,04,8,0123,700000,54,1131.4523346,
5429251,1,1,1,60,2,54,1,1,,,1,,,1,2,2,2,3,,1,,2,400000,2,,,1,200000,2,,2,,2,,2,,,2,,,2,,,2,,,2,,,2,,,2,,2,,2,,2,,2,,2,,,.,,,,,,,,,.,12,,,,,,,,,54,,.,54,,,3,8,,2,,2,,,,1,,,,,,,,,1,2,2,1,0,4,8,,2,,,,,,,,1,3,60,,2,,,,2,,,,,,,,,,,,,,1,1,1,2,1,1,3,,62,01,1,04,8,0123,600000,54,1131.4523346,
5429252,1,1,1,60,2,54,1,1,,,1,,,1,2,2,2,240,,1,,2,800000,2,,,2,,1,250000,2,,2,,2,,,2,,,2,,,2,,,2,,,2,,,2,,2,,2,,2,,2,,2,,,.,,,,,,,,,.,12,,,,,,,,,63,,.,63,,,2,8,,2,,2,,,,1,,,,,,,,,1,2,2,1,0,12,6,,2,,,,,,,,8,3,2,,2,,,,2,,,,,,,,,,,,,,1,1,2,2,2,1,5,,60,01,1,04,1,0121,1050000,54,1995.3582087,
5429252,1,7,1,60,2,54,1,1,,,1,,,1,1,2,2,9,,1,,2,650000,2,,,2,,1,100000,2,,2,,2,,,2,,,2,,,2,,,2,,,2,,,2,,2,,2,,2,,2,,2,,,.,,,,,,,,,.,9,,,,,,,,,63,,.,63,,,2,8,,2,,2,,,,1,,,,,,,,,1,2,2,2,,,,,2,,,,,,,,,3,3,,2,,,,1,1,1,1,1,1,2,1,1,1,2,,2,2,1,1,2,2,2,2,3,,62,01,1,04,8,0121,750000,54,1995.3582087,
5429253,1,1,1,60,2,54,1,1,,,1,,,2,2,2,2,60,,1,,2,750000,2,,,2,,1,280000,2,,2,,2,,,2,,,2,,,2,,,2,,,2,,,2,,2,,2,,2,,2,,2,,,.,,,,,,,,,.,12,,,,,,,,,50,,.,50,,,2,8,,2,,2,,,,1,,,,,,,,,1,2,2,1,0,24,8,,2,,,,,,,,3,3,5,,2,,,,2,,,,,,,,,,,,,,1,2,1,2,2,1,5,,60,01,1,04,1,0121,1030000,54,645.35367253,
5429253,1,2,1,60,2,54,2,,,,,,,,,,,12,,,,,,,,,,,,,,,,,,,,,,,,,,,,,,,,,,,,,,,,,,,,,,,,.,,,,,,,,,.,12,,,,,,,,,20,2,,20,,,2,8,,2,,2,,,,1,,,,,,,,,1,2,2,1,1,36,1,,2,,,,,,,,9,3,5,,2,,,,2,,,,,,,,,,,,,,1,1,1,2,2,1,8,,62,01,1,04,7,0121,,54,645.35367253,
5429254,1,1,1,60,2,54,2,,,,,,,,,,,168,,,,,,,,,,,,,,,,,,,,,,,,,,,,,,,,,,,,,,,,,,,,,,,7,,2,,,2,300000,1,3600000,3,,12,1,2,0,0,2,3,6,2,70,,.,70,,,2,8,,2,,2,,,,1,,,,,,,,,1,2,2,1,0,24,6,,2,,,,,,,,3,3,3,,2,,,,2,,,,,,,,,,,,,,1,1,1,2,1,1,5,,61,01,1,04,4,0121,300000,54,1524.8062339,
5429254,1,2,1,60,2,54,2,,,,,,,,,,,168,,,,,,,,,,,,,,,,,,,,,,,,,,,,,,,,,,,,,,,,,,,,,,,,.,,,,,,,,,.,12,,,,,,,,,20,2,,20,,,2,8,,2,,2,,,,1,,,,,,,,,1,2,2,1,0,36,6,,2,,,,,,,,3,3,3,,2,,,,2,,,,,,,,,,,,,,1,1,1,2,1,1,8,,62,01,1,04,6,0121,,54,1524.8062339,
5429254,1,3,1,60,2,54,2,,,,,,,,,,,24,,,,,,,,,,,,,,,,,,,,,,,,,,,,,,,,,,,,,,,,,,,,,,,,.,,,,,,,,,.,12,,,,,,,,,30,2,,30,,,2,8,,2,,,,,,1,,,,,,,,,1,2,2,2,,,,,2,,,,,,,,,3,4,,2,,,,2,,,,,,,,,,,,,,1,1,1,2,1,1,5,,62,01,1,04,6,0121,,54,1524.8062339,
5429255,1,1,1,60,2,54,2,,,,,,,,,,,180,,,,,,,,,,,,,,,,,,,,,,,,,,,,,,,,,,,,,,,,,,,,,,,7,,2,,,2,800000,1,9600000,3,,12,1,2,1,0,1,3,9,2,56,,.,56,,,2,8,,2,,2,,,,1,,,,,,,,,1,2,2,1,0,24,8,,2,,,,,,,,3,3,3,,2,,,,2,,,,,,,,,,,,,,1,1,1,2,1,1,3,,61,01,1,04,5,0121,800000,54,796.20947158,
5429255,1,2,1,60,2,54,2,,,,,,,,,,,60,,,,,,,,,,,,,,,,,,,,,,,,,,,,,,,,,,,,,,,,,,,,,,,,.,,,,,,,,,.,12,,,,,,,,,20,2,,20,,,2,1,,2,,2,,,,1,,,,,,,,,1,2,2,1,0,48,3,,2,,,,,,,,3,14,,,2,,,,2,,,,,,,,,,,,,,1,2,1,2,1,1,5,,53,01,1,04,6,0121,,54,796.20947158,
5429256,1,1,1,60,2,54,1,1,,,1,,,1,2,2,2,14,,1,,2,700000,2,,,2,,1,100000,2,,2,,2,,,2,,,2,,,2,,,2,,,2,,,2,,2,,2,,2,,2,,2,,,.,,,,,,,,,.,12,,,,,,,,,54,,.,54,,,3,8,,2,,2,,,,1,,,,,,,,,1,2,2,1,0,6,1,,2,,,,,,,,1,3,2,,2,,,,2,,,,,,,,,,,,,,1,1,1,2,1,1,3,,60,01,1,04,1,0121,800000,54,796.20947158,
5429256,1,2,1,60,2,54,2,,,,,,,,,,,14,,,,,,,,,,,,,,,,,,,,,,,,,,,,,,,,,,,,,,,,,,,,,,,,.,,,,,,,,,.,12,,,,,,,,,18,2,,18,,,3,1,,2,,2,,,,1,,,,,,,,,1,2,2,1,0,6,7,,2,,,,,,,,9,14,,,2,,,,2,,,,,,,,,,,,,,1,1,1,2,1,1,3,,53,01,1,04,7,0121,,54,796.20947158,
5429257,1,1,1,60,2,54,1,1,,,1,,,1,2,2,2,6,,1,,2,400000,2,,,1,200000,2,,2,,2,,2,,,2,,,2,,,2,,,2,,,2,,,2,,2,,2,,2,,2,,2,,,.,,,,,,,,,.,12,,,,,,,,,54,,.,54,,,3,8,,2,,2,,,,1,,,,,,,,,1,2,2,1,0,7,8,,2,,,,,,,,1,3,5,,2,,,,2,,,,,,,,,,,,,,1,1,1,2,1,1,3,,62,01,1,04,8,0121,600000,54,1106.0864774,
5429257,1,2,1,60,2,54,1,1,,,1,,,1,2,2,2,1,,1,,2,250000,2,,,2,,2,,2,,2,,2,,,2,,,2,,,2,,,2,,,2,,,2,,2,,2,,2,,2,,2,,,.,,,,,,,,,.,12,,,,,,,,,21,2,,21,,,2,8,,2,,2,,,,1,,,,,,,,,1,2,2,1,0,3,8,,2,,,,,,,,1,3,40,,2,,,,2,,,,,,,,,,,,,,1,1,1,2,1,1,3,,62,01,1,04,8,0121,250000,54,1106.0864774,
5429258,1,1,1,60,2,54,1,1,,,1,,,1,2,2,2,6,,1,,2,500000,2,,,1,200000,2,,2,,2,,2,,,2,,,2,,,2,,,2,,,2,,,2,,2,,2,,2,,2,,2,,,.,,,,,,,,,.,12,,,,,,,,,56,,.,56,,,3,8,,2,,2,,,,1,,,,,,,,,1,2,2,1,0,7,4,,2,,,,,,,,8,3,45,,2,,,,2,,,,,,,,,,,,,,1,1,1,2,1,1,3,,62,01,1,04,8,0121,700000,54,645.35367253,
5429258,1,2,1,60,2,54,1,1,,,1,,,1,2,2,2,6,,1,,2,400000,2,,,1,200000,2,,2,,2,,2,,,2,,,2,,,2,,,2,,,2,,,2,,2,,2,,2,,2,,2,,,.,,,,,,,,,.,12,,,,,,,,,40,,.,40,,,3,8,,2,,2,,,,1,,,,,,,,,1,2,2,1,0,2,8,,2,,,,,,,,1,3,45,,2,,,,2,,,,,,,,,,,,,,1,1,1,2,1,1,3,,53,01,1,04,8,0121,600000,54,645.35367253,
5429259,1,1,1,60,2,54,1,1,,,1,,,1,1,2,2,18,,1,,2,800000,2,,,2,,1,100000,2,,2,,2,,,2,,,2,,,2,,,2,,,2,,,2,,2,,2,,2,,2,,2,,,.,,,,,,,,,.,12,,,,,,,,,54,,.,54,,,2,8,,2,,2,,,,1,,,,,,,,,1,2,2,1,0,6,1,,2,,,,,,,,1,3,2,,2,,,,2,,,,,,,,,,,,,,1,1,1,2,1,1,3,,60,01,1,04,1,0121,900000,54,1497.6573822,
5429259,1,2,1,60,2,54,2,,,,,,,,,,,18,,,,,,,,,,,,,,,,,,,,,,,,,,,,,,,,,,,,,,,,,,,,,,,,.,,,,,,,,,.,12,,,,,,,,,18,2,,18,,,2,8,,2,,2,,,,1,,,,,,,,,1,2,2,1,0,6,7,,2,,,,,,,,9,3,2,,2,,,,2,,,,,,,,,,,,,,1,1,1,2,1,1,3,,62,01,1,04,7,0121,,54,1497.6573822,
5429261,1,1,1,60,2,54,1,1,,,1,,,1,2,2,2,12,,1,,2,600000,2,,,2,,1,90000,2,,2,,2,,,2,,,2,,,2,,,2,,,2,,,2,,2,,2,,2,,2,,2,,,.,,,,,,,,,.,12,,,,,,,,,54,,.,54,,,2,8,,2,,2,,,,1,,,,,,,,,1,2,2,1,0,4,8,,2,,,,,,,,1,3,2,,2,,,,2,,,,,,,,,,,,,,1,1,1,2,1,1,3,,62,01,1,04,8,0121,690000,54,1131.4523346,
5429262,1,1,1,60,2,54,2,,,,,,,,,,,480,,,,,,,,,,,,,,,,,,,,,,,,,,,,,,,,,,,,,,,,,,,,,,,7,,2,,,2,200000,1,2000000,3,,12,2,,,,,3,3,2,18,2,,18,,,1,8,,2,,2,,,,1,,,,,,,,,1,2,2,1,0,36,8,,2,,,,,,,,3,3,2,,2,,,,2,,,,,,,,,,,,,,1,1,1,2,1,1,3,,61,01,1,04,4,0123,200000,54,1073.9734571,
5429263,1,1,1,60,2,54,2,,,,,,,,,,,360,,,,,,,,,,,,,,,,,,,,,,,,,,,,,,,,,,,,,,,,,,,,,,,7,,2,,,2,300000,1,3600000,3,,12,1,4,0,2,2,3,3,2,40,,.,40,,,3,8,,2,,2,,,,1,,,,,,,,,1,2,2,1,0,60,4,,2,,,,,,,,10,3,2,,2,,,,2,,,,,,,,,,,,,,1,1,1,2,1,1,3,,61,01,1,04,4,0123,300000,54,1142.1669325,
5429263,1,2,1,60,2,54,2,,,,,,,,,,,480,,,,,,,,,,,,,,,,,,,,,,,,,,,,,,,,,,,,,,,,,,,,,,,,.,,,,,,,,,.,12,,,,,,,,,18,2,,18,,,3,8,,2,,2,,,,1,,,,,,,,,1,2,2,1,0,84,6,,2,,,,,,,,9,3,2,,2,,,,2,,,,,,,,,,,,,,1,1,1,2,1,1,3,,62,01,1,04,6,0123,,54,1142.1669325,
5429263,1,3,1,60,2,54,2,,,,,,,,,,,120,,,,,,,,,,,,,,,,,,,,,,,,,,,,,,,,,,,,,,,,,,,,,,,7,,2,,,2,300000,1,3600000,3,,12,1,4,0,2,2,3,3,2,54,,.,54,,,3,8,,2,,2,,,,1,,,,,,,,,1,2,2,1,0,12,4,,2,,,,,,,,8,3,2,,2,,,,2,,,,,,,,,,,,,,1,1,1,2,1,1,3,,61,01,1,04,4,0123,300000,54,1142.1669325,
5429263,1,4,1,60,2,54,2,,,,,,,,,,,24,,,,,,,,,,,,,,,,,,,,,,,,,,,,,,,,,,,,,,,,,,,,,,,7,,2,,,2,300000,1,3600000,3,,12,1,4,0,2,2,3,3,2,54,,.,54,,,3,8,,2,,2,,,,1,,,,,,,,,1,2,2,1,0,60,6,,2,,,,,,,,8,3,2,,2,,,,2,,,,,,,,,,,,,,1,1,1,2,1,1,3,,61,01,1,04,4,0123,300000,54,1142.1669325,
5429263,1,5,1,60,2,54,2,,,,,,,,,,,60,,,,,,,,,,,,,,,,,,,,,,,,,,,,,,,,,,,,,,,,,,,,,,,,.,,,,,,,,,.,12,,,,,,,,,45,,.,45,,,3,8,,2,,2,,,,1,,,,,,,,,1,2,2,2,,,,,2,,,,,,,,,3,2,,2,,,,2,,,,,,,,,,,,,,1,1,1,2,1,1,3,,62,01,1,04,6,0123,,54,1142.1669325,
5429264,1,1,1,60,2,54,1,1,,,1,,,1,2,2,2,8,,1,,2,500000,2,,,2,,1,100000,2,,2,,2,,,2,,,2,,,2,,,2,,,2,,,2,,2,,2,,2,,2,,2,,,.,,,,,,,,,.,12,,,,,,,,,54,,.,54,,,2,8,,2,,2,,,,1,,,,,,,,,1,2,2,1,0,4,1,,2,,,,,,,,1,3,2,,2,,,,2,,,,,,,,,,,,,,1,1,1,2,1,1,3,,60,01,1,04,1,0123,600000,54,1106.0864774,
5429264,1,2,1,60,2,54,2,,,,,,,,,,,8,,,,,,,,,,,,,,,,,,,,,,,,,,,,,,,,,,,,,,,,,,,,,,,,.,,,,,,,,,.,12,,,,,,,,,20,2,,20,,,2,8,,2,,2,,,,1,,,,,,,,,1,2,2,1,0,4,7,,2,,,,,,,,9,3,2,,2,,,,2,,,,,,,,,,,,,,1,1,1,2,1,1,3,,62,01,1,04,7,0123,,54,1106.0864774,
5429265,1,1,1,60,2,54,1,1,,,1,,,1,2,2,2,12,,1,,2,900000,2,,,2,,1,180000,2,,2,,2,,,2,,,2,,,2,,,2,,,2,,,2,,2,,2,,2,,2,,2,,,.,,,,,,,,,.,12,,,,,,,,,63,,.,63,,,2,8,,2,,2,,,,1,,,,,,,,,1,2,2,1,2,60,8,,2,,,,,,,,3,3,5,,2,,,,2,,,,,,,,,,,,,,1,1,1,2,2,1,5,,60,01,1,04,1,0141,1080000,54,645.35367253,
5429266,1,1,1,60,2,54,1,1,,,1,,,1,2,2,2,24,,1,,2,600000,2,,,2,,1,350000,2,,2,,2,,,2,,,2,,,2,,,2,,,2,,,2,,2,,2,,2,,2,,2,,,.,,,,,,,,,.,12,,,,,,,,,50,,.,50,,,2,8,,2,,2,,,,1,,,,,,,,,1,2,2,1,0,36,8,,2,,,,,,,,3,10,20,,2,,,,2,,,,,,,,,,,,,,1,1,1,2,1,1,9,,60,01,1,04,1,0141,950000,54,1265.2255648,
5429266,1,2,1,60,2,54,1,1,,,1,,,1,2,2,2,12,,1,,2,600000,2,,,2,,1,180000,2,,2,,9,,,2,,,2,,,2,,,2,,,2,,,2,,2,,2,,2,,2,,2,,,.,,,,,,,,,.,12,,,,,,,,,50,,.,50,,,2,8,,2,,2,,,,1,,,,,,,,,1,2,2,1,0,24,8,,2,,,,,,,,3,3,25,,2,,,,2,,,,,,,,,,,,,,1,1,1,2,1,1,3,,62,01,1,04,8,0141,780000,54,1265.2255648,
5429267,1,1,1,60,2,54,1,1,,,1,,,1,2,2,2,36,,1,,2,700000,2,,,2,,1,180000,2,,2,,2,,,2,,,2,,,2,,,2,,,2,,,2,,2,,2,,2,,2,,2,,,.,,,,,,,,,.,12,,,,,,,,,70,,.,70,,,2,8,,2,,2,,,,1,,,,,,,,,1,2,2,1,0,120,8,,2,,,,,,,,3,10,25,,2,,,,2,,,,,,,,,,,,,,1,1,1,2,2,1,8,,60,01,1,04,1,0141,880000,54,652.38440079,
5429267,1,2,1,60,2,54,2,,,,,,,,,,,24,,,,,,,,,,,,,,,,,,,,,,,,,,,,,,,,,,,,,,,,,,,,,,,,.,,,,,,,,,.,12,,,,,,,,,10,2,,10,,,2,8,,2,,2,,,,1,,,,,,,,,1,2,2,1,0,12,3,,2,,,,,,,,1,3,10,,2,,,,2,,,,,,,,,,,,,,1,2,1,2,2,1,8,,62,01,1,04,7,0141,,54,652.38440079,
5429268,1,1,1,60,2,54,1,1,,,1,,,1,2,2,2,16,,1,,2,400000,2,,,1,200000,2,,2,,2,,2,,,2,,,2,,,2,,,2,,,2,,,2,,2,,2,,2,,2,,2,,,.,,,,,,,,,.,12,,,,,,,,,54,,.,54,,,2,8,,2,,2,,,,1,,,,,,,,,1,2,2,1,0,3,8,,2,,,,,,,,1,3,45,,2,,,,2,,,,,,,,,,,,,,1,1,1,2,1,1,3,,62,01,1,04,8,0123,600000,54,1131.4523346,
5429269,1,1,1,60,2,54,2,,,,,,,,,,,480,,,,,,,,,,,,,,,,,,,,,,,,,,,,,,,,,,,,,,,,,,,,,,,,.,,,,,,,,,.,12,,,,,,,,,18,2,,18,,,2,8,,2,,2,,,,1,,,,,,,,,1,2,2,1,0,1,8,,2,,,,,,,,1,3,2,,2,,,,2,,,,,,,,,,,,,,1,1,1,2,1,1,3,,62,01,1,04,6,0113,,54,1145.8623847,
5429269,1,2,1,60,2,54,2,,,,,,,,,,,480,,,,,,,,,,,,,,,,,,,,,,,,,,,,,,,,,,,,,,,,,,,,,,,7,,2,,,2,400000,1,4800000,3,,12,1,2,0,0,2,3,3,2,54,,.,54,,,2,8,,2,,2,,,,1,,,,,,,,,1,2,2,1,0,12,4,,2,,,,,,,,8,3,2,,2,,,,2,,,,,,,,,,,,,,1,1,1,2,1,1,3,,61,01,1,04,4,0113,400000,54,1145.8623847,
5429269,1,3,1,60,2,54,2,,,,,,,,,,,2,,,,,,,,,,,,,,,,,,,,,,,,,,,,,,,,,,,,,,,,,,,,,,,,.,,,,,,,,,.,12,,,,,,,,,45,,.,45,,,2,8,,2,,2,,,,1,,,,,,,,,1,2,2,1,0,12,2,,2,,,,,,,,1,3,2,,2,,,,2,,,,,,,,,,,,,,1,1,1,2,1,1,3,,62,01,1,04,6,0113,,54,1145.8623847,
5429269,2,1,2,60,2,54,1,1,,,1,,,1,2,2,2,24,,1,,2,500000,2,,,2,,2,,2,,2,,2,,,2,,,2,,,2,,,2,,,2,,,2,,2,,2,,2,,2,,2,,,.,,,,,,,,,.,12,,,,,,,,,40,,.,40,,,2,8,,2,,2,,,,1,,,,,,,,,1,2,2,1,0,120,6,,2,,,,,,,,9,3,30,,2,,,,2,,,,,,,,,,,,,,1,1,1,2,1,1,3,,62,01,1,04,8,0141,500000,54,1145.8623847,
5429271,1,1,1,60,2,54,2,,,,,,,,,,,120,,,,,,,,,,,,,,,,,,,,,,,,,,,,,,,,,,,,,,,,,,,,,,,7,,2,,,2,400000,1,4800000,3,,12,1,2,0,0,2,3,3,2,56,,.,56,,,2,8,,2,,2,,,,1,,,,,,,,,1,2,2,1,0,6,8,,2,,,,,,,,1,3,2,,2,,,,2,,,,,,,,,,,,,,1,1,1,2,1,1,3,,61,01,1,04,4,0113,400000,54,1125.0699213,
5429271,1,2,1,60,2,54,2,,,,,,,,,,,120,,,,,,,,,,,,,,,,,,,,,,,,,,,,,,,,,,,,,,,,,,,,,,,,.,,,,,,,,,.,12,,,,,,,,,18,2,,18,,,2,8,,2,,2,,,,1,,,,,,,,,1,2,2,1,0,120,6,,2,,,,,,,,9,3,2,,2,,,,2,,,,,,,,,,,,,,1,1,1,2,1,1,3,,62,01,1,04,6,0113,,54,1125.0699213,
5429271,1,3,1,60,2,54,2,,,,,,,,,,,60,,,,,,,,,,,,,,,,,,,,,,,,,,,,,,,,,,,,,,,,,,,,,,,,.,,,,,,,,,.,12,,,,,,,,,40,,.,40,,,2,8,,2,,2,,,,1,,,,,,,,,1,2,2,2,,,,,2,,,,,,,,,3,2,,2,,,,2,,,,,,,,,,,,,,1,1,1,2,1,1,3,,62,01,1,04,6,0113,,54,1125.0699213,
5429272,1,1,1,60,2,54,1,2,2,6,1,,,2,2,2,1,60,,1,,2,800000,2,,,2,,2,,2,,2,,2,,,2,,,2,,,2,,,2,,,2,,,2,,2,,2,,2,,2,,2,,,.,,,,,,,,,.,12,,,,,,,,,50,,.,50,,,2,8,,1,,1,1,1,5,1,1,,,,,,,,,1,2,1,0,96,8,,2,,,,,,,,3,10,10,,2,,,,1,1,2,1,2,1,2,2,1,2,2,,2,2,2,2,2,2,2,1,8,,60,01,1,04,1,0141,800000,54,713.36473685,
5429272,1,3,1,60,2,54,2,,,,,,,,,,,60,,,,,,,,,,,,,,,,,,,,,,,,,,,,,,,,,,,,,,,,,,,,,,,,.,,,,,,,,,.,12,,,,,,,,,14,1,,14,,,2,8,,2,,2,,,,1,,,,,,,,,1,2,2,2,,,,,2,,,,,,,,,3,5,,1,14,2,1,1,1,1,1,2,1,2,2,2,2,2,,2,1,1,2,1,2,2,1,8,,62,01,1,04,7,0141,,54,713.36473685,
5429273,1,1,1,60,2,54,2,,,,,,,,,,,120,,,,,,,,,,,,,,,,,,,,,,,,,,,,,,,,,,,,,,,,,,,,,,,7,,2,,,2,400000,1,4300000,3,,12,2,,,,,3,3,2,63,,.,63,,,1,8,,2,,2,,,,1,,,,,,,,,1,2,2,1,0,24,8,,2,,,,,,,,10,11,50,,2,,,,2,,,,,,,,,,,,,,1,2,1,2,2,1,5,,61,01,1,04,4,0121,400000,54,796.20947158,
5429273,1,2,1,60,2,54,2,,,,,,,,,,,3,,,,,,,,,,,,,,,,,,,,,,,,,,,,,,,,,,,,,,,,,,,,,,,6,,,,,2,300000,1,900000,3,,3,2,,,,,3,3,2,24,2,,0,6,,1,8,,2,,2,,,,1,,,,,,,,,1,2,2,1,9,48,1,,2,,,,,,,,3,3,3,1,2,,,,2,,,,,,,,,,,,,,1,1,1,2,2,1,8,,61,01,1,04,4,0145,300000,54,796.20947158,
5429274,1,1,1,60,2,54,2,,,,,,,,,,,240,,,,,,,,,,,,,,,,,,,,,,,,,,,,,,,,,,,,,,,,,,,,,,,7,,2,,,3,1000000,1,12000000,3,,12,2,,,,,3,3,2,56,,.,56,,,1,8,,1,,1,2,2,17,1,1,,,,,,,,,2,2,1,0,120,4,,2,,,,,,,,1,3,2,,2,,,,2,,,,,,,,,,,,,,1,1,1,2,1,1,3,,61,01,1,04,4,0141,1000000,54,619.98781532,
5429274,2,1,2,60,2,54,2,,,,,,,,,,,24,,,,,,,,,,,,,,,,,,,,,,,,,,,,,,,,,,,,,,,,,,,,,,,7,,2,,,2,900000,1,10800000,3,,12,1,1,0,0,1,3,3,2,54,,.,54,,,2,8,,2,,2,,,,1,,,,,,,,,1,2,2,1,0,84,4,,2,,,,,,,,9,3,2,,2,,,,2,,,,,,,,,,,,,,1,1,1,2,1,1,3,,61,01,1,04,4,0141,900000,54,619.98781532,
5429274,2,2,2,60,2,54,2,,,,,,,,,,,6,,,,,,,,,,,,,,,,,,,,,,,,,,,,,,,,,,,,,,,,,,,,,,,,.,,,,,,,,,.,6,,,,,,,,,7,2,,7,,,2,8,,2,,,,,,1,,,,,,,,,1,2,2,2,,,,,2,,,,,,,,,3,2,,2,,,,2,,,,,,,,,,,,,,1,1,1,2,1,1,3,,62,01,1,04,6,0141,,54,619.98781532,
5429275,1,1,1,60,2,54,2,,,,,,,,,,,360,,,,,,,,,,,,,,,,,,,,,,,,,,,,,,,,,,,,,,,,,,,,,,,6,,,,,2,500000,1,6000000,3,,12,2,,,,,3,3,2,54,,.,54,,,1,8,,2,,2,,,,1,,,,,,,,,1,2,2,1,0,12,4,,2,,,,,,,,1,3,15,,2,,,,2,,,,,,,,,,,,,,1,1,1,2,1,1,3,,61,01,1,04,4,0161,500000,54,830.38905151,
5429276,1,1,1,60,2,54,2,,,,,,,,,,,48,,,,,,,,,,,,,,,,,,,,,,,,,,,,,,,,,,,,,,,,,,,,,,,7,,2,,,2,300000,12,3600000,3,,12,1,1,1,0,0,3,3,2,24,2,,24,,,2,8,,3,,2,,,,1,,,,,,,,,1,2,2,1,0,36,4,,2,,,,,,,,1,3,4,,2,,,,2,,,,,,,,,,,,,,1,1,1,2,1,1,2,,61,01,1,04,5,0121,300000,54,652.38440079,
5429276,1,2,1,60,2,54,2,,,,,,,,,,,48,,,,,,,,,,,,,,,,,,,,,,,,,,,,,,,,,,,,,,,,,,,,,,,7,,2,,,2,200000,1,2400000,3,,12,2,,,,,3,6,2,20,2,,20,,,1,1,,1,,3,,,,,.,,,,,,,,,2,2,1,0,120,1,,2,,,,,,,,4,14,,,2,,,,2,,,,,,,,,,,,,,1,1,1,2,1,1,3,,41,47,1,04,4,4711,200000,54,652.38440079,
5429278,1,1,1,60,2,54,2,,,,,,,,,,,360,,,,,,,,,,,,,,,,,,,,,,,,,,,,,,,,,,,,,,,,,,,,,,,7,,2,,,2,300000,1,3600000,3,,12,2,,,,,3,3,2,24,2,,24,,,1,8,,2,,2,,,,1,,,,,,,,,1,2,2,1,0,2,8,,1,54,18,6,,,2,1,1,13,20,,2,,,,2,,,,,,,,,,,,,,1,1,1,2,1,1,3,,61,01,1,04,4,0121,300000,54,709.86327831,
5429278,1,2,1,60,2,54,2,,,,,,,,,,,4,,,,,,,,,,,,,,,,,,,,,,,,,,,,,,,,,,,,,,,,,,,,,,,7,,2,,,2,300000,1,3600000,3,,9,1,1,0,0,1,3,3,2,50,,.,50,,,2,1,,2,,2,,,,1,,,,,,,,,1,2,2,1,3,240,4,,2,,,,,,,,2,14,,,2,,,,2,,,,,,,,,,,,,,1,1,1,2,1,1,3,,41,47,1,04,4,4711,300000,54,709.86327831,
5429279,1,1,1,60,2,54,2,,,,,,,,,,,240,,,,,,,,,,,,,,,,,,,,,,,,,,,,,,,,,,,,,,,,,,,,,,,7,,2,,,2,300000,1,3200000,3,,12,1,1,0,0,1,3,3,2,40,,.,40,,,2,8,,2,,2,,,,1,,,,,,,,,1,2,2,1,0,24,8,,1,54,24,8,,250000,2,8,3,3,12,,2,,,,2,,,,,,,,,,,,,,1,1,1,2,1,1,9,,61,01,1,04,4,0121,550000,54,498.83955218,
5429279,1,2,1,60,2,54,2,,,,,,,,,,,120,,,,,,,,,,,,,,,,,,,,,,,,,,,,,,,,,,,,,,,,,,,,,,,,.,,,,,,,,,.,12,,,,,,,,,20,1,,20,,,2,8,,2,,2,,,,1,,,,,,,,,1,2,2,1,0,96,1,,2,,,,,,,,2,3,5,,1,12,2,1,2,,,,,,,,,,,,,,1,2,1,2,1,1,8,,62,01,1,04,6,0121,,54,498.83955218,
5429280,1,1,1,60,2,54,2,,,,,,,,,,,240,,,,,,,,,,,,,,,,,,,,,,,,,,,,,,,,,,,,,,,,,,,,,,,6,,,,,3,300000,1,3600000,3,,12,2,,,,,3,3,2,7,2,,7,,,1,8,,2,,2,,,,1,,,,,,,,,1,2,2,2,,,,,2,,,,,,,,,3,1,,2,,,,2,,,,,,,,,,,,,,1,2,1,2,2,2,8,,61,01,1,04,4,0121,300000,54,874.28681876,
5429280,1,2,1,60,2,54,2,,,,,,,,,,,12,,,,,,,,,,,,,,,,,,,,,,,,,,,,,,,,,,,,,,,,,,,,,,,6,,,,,2,130000,1,1100000,3,,12,2,,,,,3,1,2,24,1,,24,,,1,4,,2,,2,,,,1,,,,,,,,,1,2,2,1,4,480,4,,2,,,,,,,,13,11,5,,1,24,2,1,1,1,2,1,2,1,2,1,1,1,2,,2,1,2,2,2,2,2,1,8,,97,53,1,04,4,5320,130000,54,874.28681876,
5429280,1,3,1,60,2,54,1,1,,,1,,,1,2,2,2,156,,1,,2,300000,2,,,2,,2,,2,,2,,2,,,2,,,2,,,2,,,2,,,2,,,2,,2,,2,,2,,2,,2,,,.,,,,,,,,,.,12,,,,,,,,,28,1,,28,,,2,8,,2,,2,,,,1,,,,,,,,,1,2,2,2,,,,,2,,,,,,,,,3,15,,1,20,2,1,1,1,2,1,2,1,2,2,1,1,2,,2,2,2,2,2,2,2,1,8,,62,01,1,04,8,0141,300000,54,874.28681876,
5429281,1,1,1,60,2,54,2,,,,,,,,,,,12,,,,,,,,,,,,,,,,,,,,,,,,,,,,,,,,,,,,,,,,,,,,,,,7,,2,,,2,800000,1,9600000,3,,12,1,3,1,0,2,3,3,2,54,,.,54,,,3,8,,1,,3,,,,,.,,,,,,,,,2,2,1,0,12,4,,2,,,,,,,,8,3,2,,2,,,,2,,,,,,,,,,,,,,1,1,1,2,1,1,3,,64,03,1,04,5,0322,800000,54,1125.0699213,
5429281,1,2,1,60,2,54,2,,,,,,,,,,,12,,,,,,,,,,,,,,,,,,,,,,,,,,,,,,,,,,,,,,,,,,,,,,,,.,,,,,,,,,.,12,,,,,,,,,20,2,,20,,,3,8,,2,,2,,,,1,,,,,,,,,1,2,2,1,84,3,3,,2,,,,,,,,9,3,2,,2,,,,2,,,,,,,,,,,,,,1,1,1,2,1,1,3,,64,03,1,04,6,0322,,54,1125.0699213,
5429281,1,3,1,60,2,54,2,,,,,,,,,,,48,,,,,,,,,,,,,,,,,,,,,,,,,,,,,,,,,,,,,,,,,,,,,,,,.,,,,,,,,,.,12,,,,,,,,,14,2,,14,,,3,8,,2,,2,,,,1,,,,,,,,,1,2,2,2,,,,,2,,,,,,,,,3,2,,2,,,,2,,,,,,,,,,,,,,1,1,1,2,1,1,3,,64,03,1,04,6,0322,,54,1125.0699213,
5429282,1,1,1,60,2,54,2,,,,,,,,,,,96,,,,,,,,,,,,,,,,,,,,,,,,,,,,,,,,,,,,,,,,,,,,,,,7,,2,,,2,1000000,1,12000000,3,,12,1,1,0,0,1,3,3,2,56,,.,56,,,2,4,,2,,2,,,,1,,,,,,,,,1,2,2,1,0,120,4,,1,54,20,4,,800000,2,8,8,3,2,,2,,,,2,,,,,,,,,,,,,,1,1,1,2,1,1,3,,98,49,1,04,4,4923,1800000,54,975.99711676,
5429282,1,2,1,60,2,54,2,,,,,,,,,,,96,,,,,,,,,,,,,,,,,,,,,,,,,,,,,,,,,,,,,,,,,,,,,,,,.,,,,,,,,,.,12,,,,,,,,,20,2,,20,,,3,8,,2,,2,,,,1,,,,,,,,,1,2,2,1,0,12,4,,2,,,,,,,,9,3,2,,2,,,,2,,,,,,,,,,,,,,1,1,1,2,1,1,3,,62,01,1,04,6,0145,,54,975.99711676,
5429282,1,3,1,60,2,54,2,,,,,,,,,,,74,,,,,,,,,,,,,,,,,,,,,,,,,,,,,,,,,,,,,,,,,,,,,,,,.,,,,,,,,,.,12,,,,,,,,,45,,.,45,,,3,1,,2,,2,,,,1,,,,,,,,,1,2,2,2,,,,,1,54,18,6,,,2,5,,14,,,2,,,,2,,,,,,,,,,,,,,1,1,1,2,1,1,3,,62,01,1,04,6,0145,,54,975.99711676,
5429282,1,4,1,60,2,54,2,,,,,,,,,,,60,,,,,,,,,,,,,,,,,,,,,,,,,,,,,,,,,,,,,,,,,,,,,,,,.,,,,,,,,,.,12,,,,,,,,,12,2,,12,,,3,8,,2,,2,,,,1,,,,,,,,,1,2,2,2,,,,,2,,,,,,,,,3,2,,2,,,,2,,,,,,,,,,,,,,1,1,1,2,1,1,3,,64,01,1,04,6,0145,,54,975.99711676,
5429282,1,5,1,60,2,54,2,,,,,,,,,,,48,,,,,,,,,,,,,,,,,,,,,,,,,,,,,,,,,,,,,,,,,,,,,,,,.,,,,,,,,,.,12,,,,,,,,,12,2,,12,,,3,8,,2,,,,,,1,,,,,,,,,1,2,2,2,,,,,2,,,,,,,,,3,2,,2,,,,2,,,,,,,,,,,,,,1,1,1,2,2,2,3,,99,01,1,04,6,0145,,54,975.99711676,
5429283,1,1,1,60,2,54,1,1,,,1,,,1,2,2,2,14,,1,,2,600000,2,,,2,,1,100000,2,,2,,2,,,2,,,2,,,2,,,2,,,2,,,2,,2,,2,,2,,2,,2,,,.,,,,,,,,,.,12,,,,,,,,,54,,.,54,,,2,8,,2,,2,,,,1,,,,,,,,,1,2,2,1,0,6,8,,2,,,,,,,,1,3,2,,2,,,,2,,,,,,,,,,,,,,1,1,1,2,1,1,3,,62,01,1,04,8,0127,700000,54,1131.4523346,
5429284,1,1,1,60,2,54,2,,,,,,,,,,,48,,,,,,,,,,,,,,,,,,,,,,,,,,,,,,,,,,,,,,,,,,,,,,,7,,2,,,2,300000,1,3600000,3,,12,2,,,,,3,3,2,45,,.,45,,,1,8,,2,,2,,,,1,,,,,,,,,1,2,2,1,0,2,8,,1,54,16,8,,150000,2,8,1,3,2,,2,,,,2,,,,,,,,,,,,,,1,1,1,2,1,1,3,,61,01,1,04,4,0127,450000,54,709.86327831,
5429285,1,1,1,60,2,54,2,,,,,,,,,,,360,,,,,,,,,,,,,,,,,,,,,,,,,,,,,,,,,,,,,,,,,,,,,,,7,,2,,,2,300000,1,3000000,3,,12,2,,,,,3,3,1,63,,.,63,,,1,8,,2,,2,,,,1,,,,,,1,,,,2,2,1,0,24,8,,2,,,,,,,,10,3,1,,2,,,,2,,,,,,,,,,,,,,2,2,2,2,2,1,3,,61,01,1,04,4,0113,300000,54,765.87944573,
5429286,1,1,1,60,2,54,2,,,,,,,,,,,360,,,,,,,,,,,,,,,,,,,,,,,,,,,,,,,,,,,,,,,,,,,,,,,7,,2,,,2,700000,1,8400000,3,,12,1,4,0,0,4,3,3,2,56,,.,56,,,3,8,,2,,2,,,,1,,,,,,,,,1,2,2,1,0,12,4,,2,,,,,,,,1,3,2,,2,,,,2,,,,,,,,,,,,,,1,1,1,2,1,1,3,,61,01,1,04,4,0150,700000,54,791.44208404,
5429286,1,2,1,60,2,54,2,,,,,,,,,,,360,,,,,,,,,,,,,,,,,,,,,,,,,,,,,,,,,,,,,,,,,,,,,,,,.,,,,,,,,,.,12,,,,,,,,,18,2,,18,,,3,8,,2,,2,,,,1,,,,,,,,,1,2,2,1,0,120,6,,2,,,,,,,,9,3,2,,2,,,,2,,,,,,,,,,,,,,1,1,1,2,1,1,3,,62,01,1,04,6,0150,,54,791.44208404,
5429286,1,3,1,60,2,54,2,,,,,,,,,,,12,,,,,,,,,,,,,,,,,,,,,,,,,,,,,,,,,,,,,,,,,,,,,,,,.,,,,,,,,,.,12,,,,,,,,,54,,.,54,,,3,8,,2,,2,,,,1,,,,,,,,,1,2,2,1,0,18,2,,2,,,,,,,,1,3,2,,2,,,,2,,,,,,,,,,,,,,1,1,1,2,1,1,3,,62,01,1,04,6,0150,,54,791.44208404,
5429286,1,4,1,60,2,54,2,,,,,,,,,,,12,,,,,,,,,,,,,,,,,,,,,,,,,,,,,,,,,,,,,,,,,,,,,,,,.,,,,,,,,,.,12,,,,,,,,,12,2,,12,,,3,8,,2,,,,,,1,,,,,,,,,1,2,2,2,,,,,2,,,,,,,,,3,2,,2,,,,2,,,,,,,,,,,,,,1,1,1,2,1,1,3,,62,01,1,04,6,0150,,54,791.44208404,
5429286,1,5,1,60,2,54,2,,,,,,,,,,,6,,,,,,,,,,,,,,,,,,,,,,,,,,,,,,,,,,,,,,,,,,,,,,,,.,,,,,,,,,.,12,,,,,,,,,12,2,,12,,,3,8,,2,,,,,,1,,,,,,,,,1,2,2,2,,,,,2,,,,,,,,,3,2,,2,,,,2,,,,,,,,,,,,,,1,1,1,2,1,1,3,,62,01,1,04,6,0150,,54,791.44208404,
5429286,1,6,1,60,2,54,1,1,,,1,,,1,2,2,2,4,,1,,2,400000,2,,,1,200000,2,,2,,2,,2,,,2,,,2,,,2,,,2,,,2,,,2,,2,,2,,2,,2,,2,,,.,,,,,,,,,.,12,,,,,,,,,50,,.,50,,,2,8,,2,,2,,,,1,,,,,,,,,1,2,2,1,0,2,8,,2,,,,,,,,1,3,20,,2,,,,2,,,,,,,,,,,,,,1,1,1,2,1,1,3,,62,01,1,04,8,0141,600000,54,791.44208404,
5429287,1,2,1,60,2,54,2,,,,,,,,,,,6,,,,,,,,,,,,,,,,,,,,,,,,,,,,,,,,,,,,,,,,,,,,,,,6,,,,,3,600000,1,3000000,3,,12,2,,,,,3,3,2,28,2,,28,,,1,8,,3,,2,,,,1,,,,,,,,,1,2,2,1,6,72,3,,2,,,,,,,,5,3,1,,2,,,,2,,,,,,,,,,,,,,1,1,1,2,2,1,2,,61,01,1,04,4,0145,600000,54,587.87479501,
5429288,1,1,1,60,2,54,1,1,,,1,,,1,2,2,2,18,,1,,2,700000,2,,,2,,1,100000,2,,2,,2,,,2,,,2,,,2,,,2,,,2,,,2,,2,,2,,2,,2,,2,,,.,,,,,,,,,.,12,,,,,,,,,54,,.,54,,,3,8,,2,,2,,,,1,,,,,,,,,1,2,2,1,0,6,1,,2,,,,,,,,1,3,2,,2,,,,2,,,,,,,,,,,,,,1,1,1,2,1,1,3,,60,01,1,04,1,0141,800000,54,1106.0864774,
5429288,1,2,1,60,2,54,2,,,,,,,,,,,18,,,,,,,,,,,,,,,,,,,,,,,,,,,,,,,,,,,,,,,,,,,,,,,,.,,,,,,,,,.,12,,,,,,,,,20,2,,20,,,3,1,,2,,2,,,,1,,,,,,,,,1,2,2,1,0,2,3,,2,,,,,,,,1,14,,,2,,,,2,,,,,,,,,,,,,,1,1,1,2,1,1,3,,53,01,1,04,7,0141,,54,1106.0864774,
5429289,1,1,1,60,2,54,1,1,,,1,,,1,2,2,2,9,,1,,2,600000,2,,,2,,1,100000,2,,2,,2,,,2,,,2,,,2,,,2,,,2,,,2,,2,,2,,2,,2,,2,,,.,,,,,,,,,.,12,,,,,,,,,56,,.,56,,,2,8,,2,,2,,,,1,,,,,,,,,1,2,2,1,0,4,1,,2,,,,,,,,1,3,2,,2,,,,2,,,,,,,,,,,,,,1,1,1,2,1,1,3,,60,01,1,04,1,0127,700000,54,645.35367253,
5429289,1,2,1,60,2,54,2,,,,,,,,,,,9,,,,,,,,,,,,,,,,,,,,,,,,,,,,,,,,,,,,,,,,,,,,,,,,.,,,,,,,,,.,12,,,,,,,,,18,2,,18,,,2,8,,2,,2,,,,1,,,,,,,,,1,2,2,1,0,2,8,,2,,,,,,,,1,3,2,,2,,,,2,,,,,,,,,,,,,,1,1,1,2,1,1,3,,62,01,1,04,7,0127,,54,645.35367253,
5429290,1,1,1,60,2,54,1,1,,,1,,,1,2,2,2,15,,1,,2,500000,2,,,2,,1,100000,2,,2,,2,,,2,,,2,,,2,,,2,,,2,,,2,,2,,2,,2,,2,,2,,,.,,,,,,,,,.,12,,,,,,,,,54,,.,54,,,2,8,,2,,2,,,,1,,,,,,,,,1,2,2,1,0,4,8,,2,,,,,,,,1,3,2,,2,,,,2,,,,,,,,,,,,,,1,1,1,2,1,1,3,,62,01,1,04,8,0141,600000,54,1131.4523346,
5429291,1,1,1,60,2,54,1,1,,,1,,,1,2,2,2,36,,1,,2,750000,2,,,2,,1,280000,2,,2,,2,,,2,,,2,,,2,,,2,,,2,,,2,,2,,2,,2,,2,,2,,,.,,,,,,,,,.,12,,,,,,,,,60,,.,60,,,2,8,,2,,2,,,,1,,,,,,,,,1,2,2,1,0,96,4,,2,,,,,,,,2,3,15,,2,,,,2,,,,,,,,,,,,,,1,2,1,2,1,1,8,,60,01,1,04,1,0141,1030000,54,1207.7466873,
5429307,1,1,1,60,2,15,1,2,1,,1,,,1,1,1,1,142,,1,,2,0,2,,,2,,2,,2,,2,,2,,,2,,,2,,,2,,,2,,,2,,,2,,2,,2,,2,,2,,2,,,.,,,,,,,,,.,12,,,,,,,,,48,,.,0,1,,6,10,,1,,1,2,1,20,1,1,,,,,,,,,1,1,1,0,180,1,,2,,,,,,,,3,3,12,2,2,,,,2,,,,,,,,,,,,,,1,2,1,2,1,1,2,,21,05,1,04,1,0510,0,15,1183.7519978,
5429308,1,1,1,60,2,15,1,2,1,,1,,,1,1,2,2,5,,1,,2,908526,2,,,2,,2,,2,,2,,2,,,1,106454,2,2,,,2,,,2,,,2,,,2,,2,,2,,2,,2,,2,,,.,,,,,,,,,.,12,,,,,,,,,48,,.,48,,,5,10,,1,,1,1,1,8,1,1,,,,,,,,,1,2,1,0,96,1,,2,,,,,,,,8,11,20,,2,,,,2,,,,,,,,,,,,,,1,2,1,2,1,1,3,,71,05,1,04,1,0510,908526,15,1444.7226995,
5429309,1,1,1,60,2,15,1,2,1,,1,,,1,1,1,1,120,,1,,2,908526,2,,,2,,2,,2,,2,,2,,,1,106454,2,1,70000,2,2,,,2,,,2,,,1,877803,1,877803,2,,2,,2,,2,,,.,,,,,,,,,.,12,,,,,,,,,48,,.,48,,,6,10,,1,,1,1,1,8,1,,,,,,,,,1,1,1,1,0,12,1,,2,,,,,,,,3,11,25,,2,,,,2,,,,,,,,,,,,,,1,1,1,2,1,1,3,,71,05,1,04,1,0510,908526,15,2053.0211327,
5429312,1,3,1,60,2,15,1,2,1,,1,,,1,1,1,1,120,,1,,2,908600,2,,,2,,2,,2,,2,,2,,,1,106600,2,2,,,2,,,2,,,2,,,1,438000,1,438000,2,,2,,2,,2,,,.,,,,,,,,,.,12,,,,,,,,,48,,.,48,,,5,10,,1,,1,2,1,13,1,1,,,,,,,,,1,1,1,0,80,1,,2,,,,,,,,1,11,20,,2,,,,2,,,,,,,,,,,,,,1,1,1,2,1,1,2,,71,05,1,04,1,0510,908600,15,1426.4836271,
5429313,1,1,1,60,2,15,2,,,,,,,,,,,110,,,,,,,,,,,,,,,,,,,,,,,,,,,,,,,,,,,,,,,,,,,,,,,7,,2,,,2,0,1,10000000,3,,12,2,,,,,2,3,2,26,2,,26,,,1,8,,1,,2,,,,1,,,,,,,,,1,2,2,1,0,240,4,,2,,,,,,,,6,3,15,,2,,,,2,,,,,,,,,,,,,,1,2,1,2,1,1,2,,61,01,1,04,4,0141,0,15,1183.7519978,
5429315,1,1,1,60,2,15,2,,,,,,,,,,,400,,,,,,,,,,,,,,,,,,,,,,,,,,,,,,,,,,,,,,,,,,,,,,,6,,,,,2,500000,1,5000000,3,,12,2,,,,,2,4,2,20,2,,20,,,1,1,,2,,2,,,,1,,,,,,,,,1,2,2,2,,,,,2,,,,,,,,,14,,,2,,,,2,,,,,,,,,,,,,,1,2,1,2,1,1,3,,77,10,1,04,4,1040,500000,15,1137.7256303,
5429315,1,2,1,60,2,15,2,,,,,,,,,,,97,,,,,,,,,,,,,,,,,,,,,,,,,,,,,,,,,,,,,,,,,,,,,,,7,,2,,,2,1750000,1,18000000,3,,12,1,4,0,4,0,2,6,2,48,,.,48,,,3,8,,2,,2,,,,1,,,,,,,,,1,2,2,1,0,240,4,,2,,,,,,,,2,3,20,,2,,,,2,,,,,,,,,,,,,,1,2,1,2,1,1,2,,61,01,1,04,4,0149,1750000,15,1137.7256303,
5429316,1,2,1,60,2,15,2,,,,,,,,,,,240,,,,,,,,,,,,,,,,,,,,,,,,,,,,,,,,,,,,,,,,,,,,,,,6,,,,,2,600000,1,7200000,2,,12,2,,,,,2,1,2,32,2,,32,,,1,8,,2,,2,,,,1,,,,,,,,,1,2,2,1,0,36,1,,2,,,,,,,,3,3,25,,2,,,,2,,,,,,,,,,,,,,1,2,1,2,2,1,3,,61,01,1,04,4,0161,600000,15,1170.9947359,
5429317,1,1,1,60,2,15,2,,,,,,,,,,,320,,,,,,,,,,,,,,,,,,,,,,,,,,,,,,,,,,,,,,,,,,,,,,,7,,2,,,2,1000000,1,30000000,3,,12,1,2,1,0,1,2,6,2,48,,.,48,,,3,7,,2,,2,,,,1,,,,,,,,,1,2,2,2,,,,,2,,,,,,,,,3,16,,2,,,,2,,,,,,,,,,,,,,1,2,1,2,1,1,3,,89,23,1,04,5,2393,1000000,15,2443.7725101,
5429317,1,2,1,60,2,15,2,,,,,,,,,,,180,,,,,,,,,,,,,,,,,,,,,,,,,,,,,,,,,,,,,,,,,,,,,,,,.,,,,,,,,,.,12,,,,,,,,,21,2,,21,,,3,7,,2,,2,,,,1,,,,,,,,,1,2,2,2,,,,,2,,,,,,,,,3,10,,2,,,,2,,,,,,,,,,,,,,1,2,1,2,1,1,3,,89,23,1,04,6,2393,,15,2443.7725101,
5429320,1,1,1,60,2,15,2,,,,,,,,,,,300,,,,,,,,,,,,,,,,,,,,,,,,,,,,,,,,,,,,,,,,,,,,,,,7,,2,,,2,4000000,1,20000000,3,,12,1,12,11,0,1,2,9,2,40,,.,40,,,5,7,,2,,2,,,,1,,,,1,,,,,,2,2,2,,,,,2,,,,,,,,,3,2,,2,,,,2,,,,,,,,,,,,,,1,1,1,2,1,1,2,,89,23,1,04,5,2393,4000000,15,1352.6699646,
5429320,1,2,1,60,2,15,2,,,,,,,,,,,120,,,,,,,,,,,,,,,,,,,,,,,,,,,,,,,,,,,,,,,,,,,,,,,,.,,,,,,,,,.,12,,,,,,,,,24,2,,24,,,5,7,,2,,2,,,,1,,,,,,1,,,,2,2,2,,,,,2,,,,,,,,,3,2,,2,,,,2,,,,,,,,,,,,,,1,1,1,2,1,1,3,,89,23,1,04,6,2393,,15,1352.6699646,
5429321,1,1,1,60,2,15,2,,,,,,,,,,,320,,,,,,,,,,,,,,,,,,,,,,,,,,,,,,,,,,,,,,,,,,,,,,,7,,2,,,2,1000000,1,12000000,3,,12,1,3,2,0,1,2,3,2,48,,.,48,,,3,7,,2,,2,,,,1,,,,,,,,,1,2,2,1,0,24,1,,2,,,,,,,,1,3,16,,2,,,,2,,,,,,,,,,,,,,1,1,1,2,1,1,2,,89,23,1,04,5,2393,1000000,15,1447.9579443,
5429321,1,3,1,60,2,15,2,,,,,,,,,,,12,,,,,,,,,,,,,,,,,,,,,,,,,,,,,,,,,,,,,,,,,,,,,,,,.,,,,,,,,,.,12,,,,,,,,,25,2,,25,,,3,7,,2,,2,,,,1,,,,,,,,,1,2,2,2,,,,,2,,,,,,,,,3,16,,2,,,,2,,,,,,,,,,,,,,1,1,1,2,1,1,3,,89,23,1,04,6,2393,,15,1447.9579443,
5429322,1,1,1,60,2,15,2,,,,,,,,,,,180,,,,,,,,,,,,,,,,,,,,,,,,,,,,,,,,,,,,,,,,,,,,,,,7,,2,,,2,1000000,1,14000000,3,,12,1,3,2,0,1,2,6,2,48,,.,48,,,3,7,,2,,2,,,,1,,,,,,,,,1,2,2,1,0,60,1,,2,,,,,,,,10,3,16,,2,,,,2,,,,,,,,,,,,,,1,1,1,2,1,2,2,,89,23,1,04,5,2393,1000000,15,1398.6963321,
5429322,1,2,1,60,2,15,2,,,,,,,,,,,120,,,,,,,,,,,,,,,,,,,,,,,,,,,,,,,,,,,,,,,,,,,,,,,,.,,,,,,,,,.,12,,,,,,,,,30,2,,30,,,3,7,,2,,2,,,,1,,,,,,,,,1,2,2,2,,,,,2,,,,,,,,,3,15,,2,,,,2,,,,,,,,,,,,,,1,1,1,2,1,2,3,,89,23,1,04,6,2393,,15,1398.6963321,
5429323,1,1,1,60,2,15,2,,,,,,,,,,,410,,,,,,,,,,,,,,,,,,,,,,,,,,,,,,,,,,,,,,,,,,,,,,,7,,2,,,2,500000,1,99,3,,12,1,5,5,0,0,2,9,2,40,,.,40,,,4,7,,2,,2,,,,1,,,,1,,,,,,2,2,2,,,,,2,,,,,,,,,3,2,,2,,,,2,,,,,,,,,,,,,,1,2,1,2,2,1,3,,89,23,1,04,5,2393,500000,15,1183.7519978,
5429348,1,1,1,60,2,15,1,1,,,1,,,1,1,1,1,9,,1,,2,1000000,2,,,2,,2,,2,,2,,2,,,2,,,2,,,2,,,2,,,2,,,2,,2,,2,,2,,2,,2,,,.,,,,,,,,,.,12,,,,,,,,,48,,.,48,,,4,4,,1,,1,1,1,10,1,1,,,,,,,,,1,1,1,0,86,1,,2,,,,,,,,1,3,10,,2,,,,2,,,,,,,,,,,,,,1,2,1,2,1,1,2,,98,49,1,04,1,4923,1000000,15,1269.2688151,
5429348,1,3,1,60,2,15,1,2,2,6,1,,,1,1,1,1,12,,1,,2,908500,2,,,2,,2,,2,,2,,2,,,1,106500,2,2,,,2,,,2,,,2,,,1,414000,1,414000,1,414000,2,,2,,2,,,.,,,,,,,,,.,12,,,,,,,,,40,,.,40,,,3,7,,1,,1,1,1,1,1,1,,,,,,,,,1,1,2,,,,,2,,,,,,,,,1,50,,2,,,,2,,,,,,,,,,,,,,1,1,1,2,1,1,2,,59,86,1,04,1,8622,908500,15,1269.2688151,
5429349,1,1,1,60,2,15,2,,,,,,,,,,,240,,,,,,,,,,,,,,,,,,,,,,,,,,,,,,,,,,,,,,,,,,,,,,,6,,,,,2,200000,1,5000000,1,,12,2,,,,,2,1,2,48,,.,48,,,1,9,,2,,2,,,,1,,,,,,,,,1,2,2,2,,,,,2,,,,,,,,,13,20,,2,,,,2,,,,,,,,,,,,,,1,1,1,2,2,2,2,,95,41,1,04,4,4111,200000,15,1994.4579136,
5429350,1,1,1,60,2,15,1,1,,,1,,,1,1,1,1,24,,1,,2,908500,2,,,2,,2,,2,,2,,2,,,2,,,2,,,2,,,2,,,2,,,1,414000,1,414000,1,414000,2,,2,,2,,,.,,,,,,,,,.,12,,,,,,,,,48,,.,48,,,3,4,,1,,1,1,1,3,1,1,,,,,,,,,1,1,1,0,13,1,,2,,,,,,,,1,3,13,,2,,,,2,,,,,,,,,,,,,,1,1,1,2,1,1,2,,98,49,1,04,1,4923,908500,15,2757.2368477,
5429351,1,2,1,60,2,15,1,2,2,12,1,,,1,1,1,1,8,,1,,2,908500,2,,,2,,2,,2,,2,,2,,,1,106000,2,2,,,2,,,2,,,2,,,2,,2,,2,,2,,2,,2,,,.,,,,,,,,,.,8,,,,,,,,,48,,.,48,,,9,7,,1,,1,2,1,10,1,1,,,,,,,,,1,1,1,4,288,1,,2,,,,,,,,13,11,30,,2,,,,2,,,,,,,,,,,,,,1,1,1,2,1,1,1,,79,31,1,04,1,3120,908500,15,1349.405776,
5429352,1,1,1,60,2,15,1,2,1,,1,,,1,1,1,1,320,,1,,2,908500,2,,,2,,2,,2,,2,,2,,,1,106200,2,2,,,2,,,2,,,2,,,1,414000,1,414000,1,414000,2,,2,,2,,,.,,,,,,,,,.,12,,,,,,,,,50,,.,50,,,7,7,,1,,1,2,1,30,1,1,,,,,,,,,1,1,1,25,24,1,,2,,,,,,,,1,13,15,,2,,,,2,,,,,,,,,,,,,,1,1,1,2,1,1,2,,39,84,1,04,2,8412,908500,15,1335.5926599,
5429353,1,1,1,60,2,15,1,1,,,1,,,1,2,2,2,72,,1,,2,300000,2,,,2,,2,,2,,2,,2,,,2,,,2,,,2,,,2,,,2,,,2,,2,,2,,2,,2,,2,,,.,,,,,,,,,.,12,,,,,,,,,30,2,,30,,,2,8,,2,,2,,,,1,,,,,,,,,1,2,2,1,18,60,1,,2,,,,,,,,7,3,10,,2,,,,2,,,,,,,,,,,,,,1,1,1,2,1,1,2,,60,01,1,04,1,0141,300000,15,1776.4659783,
5429353,1,3,1,60,2,15,1,2,2,12,1,,,1,1,1,1,120,,1,,2,908000,2,,,2,,2,,2,,2,,2,,,1,106000,2,2,,,2,,,2,,,2,,,1,414000,1,414000,2,,2,,2,,2,,,.,,,,,,,,,.,12,,,,,,,,,48,,.,48,,,9,7,,1,,1,2,1,10,1,1,,,,,,,,,1,1,2,,,,,2,,,,,,,,,1,60,,2,,,,2,,,,,,,,,,,,,,1,2,1,2,1,1,1,,33,85,1,04,1,8530,908000,15,1776.4659783,
5429356,1,1,1,60,2,15,2,,,,,,,,,,,10,,,,,,,,,,,,,,,,,,,,,,,,,,,,,,,,,,,,,,,,,,,,,,,6,,,,,2,120000,1,1200000,3,,10,2,,,,,3,1,2,12,1,,12,,,1,5,,2,,2,,,,1,,,,,,,,,1,2,2,1,2,360,4,,2,,,,,,,,13,3,15,,2,,,,2,,,,,,,,,,,,,,1,2,2,2,2,1,3,,77,56,1,04,4,5619,120000,15,1335.5926599,
5429356,1,2,1,60,2,15,2,,,,,,,,,,,600,,,,,,,,,,,,,,,,,,,,,,,,,,,,,,,,,,,,,,,,,,,,,,,6,,,,,2,100000,1,7000000,3,,12,2,,,,,2,1,2,40,,.,40,,,1,2,,2,,2,,,,1,,,,,,,,,1,2,2,2,,,,,2,,,,,,,,,3,20,,2,,,,2,,,,,,,,,,,,,,1,1,2,2,1,1,2,,95,41,1,04,4,4111,100000,15,1335.5926599,
5429360,1,1,1,60,2,15,1,2,1,,1,,,1,1,1,1,24,,1,,2,980000,2,,,2,,2,,2,,2,,2,,,1,106000,2,2,,,2,,,2,,,2,,,1,414000,1,414000,2,,2,,2,,2,,,.,,,,,,,,,.,12,,,,,,,,,48,,.,48,,,8,7,,1,,1,2,1,15,1,1,,,,,,,,,1,1,1,0,36,1,,2,,,,,,,,1,3,20,,2,,,,2,,,,,,,,,,,,,,1,1,1,2,1,1,1,,03,21,1,04,1,2100,980000,15,1776.1713678,
5429368,1,1,1,60,2,17,1,1,,,1,,,1,2,2,2,48,,1,,2,1000000,2,,,2,,2,,2,,2,,2,,,2,,,2,,,2,,,2,,,2,,,2,,2,,2,,2,,2,,2,,,.,,,,,,,,,.,12,,,,,,,,,58,,.,58,,,3,8,,2,,2,,,,1,,,,,,,,,1,2,2,1,0,120,8,,2,,,,,,,,2,11,20,,2,,,,2,,,,,,,,,,,,,,1,1,1,2,1,1,9,,62,01,1,04,8,0123,1000000,17,466.18746955,
5429369,1,3,1,60,2,17,1,1,,,1,,,1,2,2,2,1,,1,,2,800000,2,,,2,,2,,2,,2,,2,,,2,,,2,,,2,,,2,,,2,,,2,,2,,2,,2,,2,,2,,,.,,,,,,,,,.,12,,,,,,,,,50,,.,50,,,4,8,,2,,2,,,,1,,,,,,,,,1,2,2,1,0,0,8,,2,,,,,,,,7,3,15,,2,,,,2,,,,,,,,,,,,,,1,1,1,2,1,1,8,,60,74,1,04,1,7490,800000,17,550.25795451,
5429370,1,1,1,60,2,17,2,,,,,,,,,,,300,,,,,,,,,,,,,,,,,,,,,,,,,,,,,,,,,,,,,,,,,,,,,,,7,,1,1,2021,2,1000000,1,12000000,3,,12,2,,,,,1,9,2,60,,.,60,,,1,8,,2,,2,,,,1,,,,,,,,,1,2,2,1,1,12,8,,2,,,,,,,,3,3,5,,2,,,,2,,,,,,,,,,,,,,1,1,1,2,1,1,5,,61,01,1,04,4,0122,1000000,17,598.39523077,
5429371,1,1,1,60,2,17,2,,,,,,,,,,,1,,,,,,,,,,,,,,,,,,,,,,,,,,,,,,,,,,,,,,,,,,,,,,,6,,,,,2,800000,1,800000,3,,12,2,,,,,2,1,2,50,,.,50,,,1,8,,2,,2,,,,1,,,,,,,,,1,2,2,1,0,11,8,,2,,,,,,,,10,11,20,,2,,,,2,,,,,,,,,,,,,,1,1,1,2,1,1,5,,61,01,1,04,4,0123,800000,17,1111.7753619,
5429372,1,2,1,60,2,17,1,1,,,1,,,1,2,2,2,4,,1,,2,1000000,2,,,2,,1,50000,2,,2,,2,,,2,,,2,,,2,,,2,,,2,,,2,,2,,2,,2,,2,,2,,,.,,,,,,,,,.,12,,,,,,,,,50,,.,50,,,3,8,,2,,2,,,,1,,,,,,,,,1,2,2,1,0,12,8,,2,,,,,,,,3,3,10,,2,,,,2,,,,,,,,,,,,,,1,1,1,2,2,1,3,,62,01,1,04,8,0123,1050000,17,510.12487374,
5429373,1,1,1,60,2,17,1,1,,,1,,,1,2,2,2,0,,1,,2,600000,2,,,2,,2,,2,,2,,2,,,2,,,2,,,2,,,2,,,2,,,2,,2,,2,,2,,2,,2,,,.,,,,,,,,,.,12,,,,,,,,,55,,.,55,,,4,8,,2,,2,,,,1,,,,,,,,,1,2,2,1,0,1,8,,2,,,,,,,,7,11,15,,2,,,,2,,,,,,,,,,,,,,1,1,1,2,2,1,8,,62,01,1,04,8,0123,600000,17,1291.2468579,
5429373,1,3,1,60,2,17,1,1,,,1,,,1,2,2,2,1,,1,,2,600000,2,,,2,,2,,2,,2,,2,,,2,,,2,,,2,,,2,,,2,,,2,,2,,2,,2,,2,,2,,,.,,,,,,,,,.,12,,,,,,,,,55,,.,55,,,4,8,,2,,2,,,,1,,,,,,,,,1,2,2,1,0,6,8,,2,,,,,,,,7,11,15,,2,,,,2,,,,,,,,,,,,,,1,1,1,2,1,1,9,,62,01,1,04,8,0123,600000,17,1291.2468579,
5429374,1,1,1,60,2,17,2,,,,,,,,,,,11,,,,,,,,,,,,,,,,,,,,,,,,,,,,,,,,,,,,,,,,,,,,,,,7,,2,,,2,,1,99,3,,12,1,11,10,1,0,2,3,2,50,,.,50,,,5,8,,2,,2,,,,1,,,,,,,,,1,2,2,1,0,80,4,,2,,,,,,,,2,11,30,,2,,,,2,,,,,,,,,,,,,,1,1,1,1,1,1,9,,61,01,1,04,5,0122,,17,884.23766284,
5429375,1,1,1,60,2,17,1,1,,,1,,,2,2,2,2,18,,1,,2,880000,2,,,2,,1,200000,2,,2,,2,,,2,,,2,,,2,,,2,,,2,,,2,,2,,2,,2,,2,,2,,,.,,,,,,,,,.,12,,,,,,,,,60,,.,60,,,2,8,,2,,2,,,,1,,,,,,,,,1,2,2,1,6,13,1,,2,,,,,,,,3,3,10,,2,,,,1,1,2,1,1,2,2,1,1,1,2,,2,1,2,2,2,2,1,1,8,,62,01,1,04,8,0123,1080000,17,1852.7642653,
5429376,1,1,1,60,2,17,1,1,,,1,,,1,1,2,1,36,,1,,2,1200000,2,,,2,,1,200000,2,,2,,2,,,2,,,2,,,2,,,2,,,2,,,1,1100000,2,,2,,2,,2,,2,,,.,,,,,,,,,.,12,,,,,,,,,60,,.,60,,,5,8,,1,,2,,,,1,,,,,,,,,1,1,2,1,0,24,1,,1,17,12,5,,800000,2,7,1,3,20,,2,,,,2,,,,,,,,,,,,,,1,1,1,2,1,2,8,,61,01,1,04,1,0123,2200000,17,1193.9964276,
5429376,1,2,1,60,2,17,1,1,,,1,,,1,2,2,2,24,,1,,2,400000,2,,,2,,2,,2,,2,,2,,,2,,,2,,,2,,,2,,,2,,,2,,2,,2,,2,,2,,2,,,.,,,,,,,,,.,12,,,,,,,,,50,,.,50,,,2,7,,11,,2,,,,1,,,,,,,,,1,2,2,2,,,,,2,,,,,,,,,3,3,,2,,,,2,,,,,,,,,,,,,,1,1,1,2,2,1,3,,53,56,1,04,1,5619,400000,17,1193.9964276,
5429377,1,1,1,60,2,17,2,,,,,,,,,,,96,,,,,,,,,,,,,,,,,,,,,,,,,,,,,,,,,,,,,,,,,,,,,,,7,,1,2,,2,800000,1,12000000,3,,12,2,,,,,1,5,2,50,,.,50,,,1,8,,2,,2,,,,1,,,,,,,,,1,2,2,1,0,12,8,,2,,,,,,,,6,3,5,,2,,,,2,,,,,,,,,,,,,,1,1,1,2,1,1,3,,61,01,1,04,4,0123,800000,17,1058.1305268,
5429378,1,1,1,60,2,17,1,1,,,1,,,1,1,2,1,2,,1,,2,908526,2,,,2,,1,100000,2,,2,,2,,,2,,,2,,,2,,,2,,,2,,,2,,2,,2,,2,,2,,2,,,.,,,,,,,,,.,12,,,,,,,,,50,,.,50,,,4,8,,1,,1,2,3,0,1,1,,,,,,,,,1,1,1,0,12,4,,1,17,15,4,,500000,2,7,2,3,10,,2,,,,2,,,,,,,,,,,,,,1,2,1,2,1,1,8,,60,01,1,04,1,0123,1508526,17,1251.1137772,
5429378,1,2,1,60,2,17,2,,,,,,,,,,,2,,,,,,,,,,,,,,,,,,,,,,,,,,,,,,,,,,,,,,,,,,,,,,,,.,,,,,,,,,.,2,,,,,,,,,56,,.,56,,,2,7,,3,,2,,,,1,,,,,,,,,1,2,2,1,12,12,1,,2,,,,,,,,1,3,2,,2,,,,2,,,,,,,,,,,,,,1,2,1,2,1,1,3,,53,01,1,04,7,0119,,17,1251.1137772,
5429379,1,1,1,60,2,17,2,,,,,,,,,,,144,,,,,,,,,,,,,,,,,,,,,,,,,,,,,,,,,,,,,,,,,,,,,,,7,,2,,,2,700000,1,4500000,3,,12,1,1,1,0,0,1,3,2,50,,.,50,,,2,8,,3,,2,,,,1,,,1,,,,,,,2,2,1,0,3,8,,2,,,,,,,,10,3,10,,2,,,,2,,,,,,,,,,,,,,1,1,1,2,1,1,2,,61,01,1,04,5,0123,700000,17,466.18746955,
5429379,1,2,1,60,2,17,1,2,2,6,2,4,COOPERATIVA COOBIENESTAR,1,1,2,1,15,,2,,2,908526,2,,,2,,2,,2,,2,,2,,,1,106454,2,2,,,2,,,2,,,2,,,1,877803,2,,2,,2,,2,,2,,,.,,,,,,,,,.,12,,,,,,,,,48,,.,0,1,,9,7,,1,,1,2,1,10,1,1,,,,,,,,,1,1,1,0,12,1,,2,,,,,,,,2,11,10,1,2,,,,2,,,,,,,,,,,,,,1,1,1,1,1,1,1,,53,88,1,04,1,8890,908526,17,466.18746955,8299
5429380,1,1,1,60,2,17,1,1,,,1,,,1,2,2,2,1,,1,,2,760000,2,,,2,,1,50000,2,,2,,2,,,2,,,2,,,2,,,2,,,2,,,2,,2,,2,,2,,2,,2,,,.,,,,,,,,,.,12,,,,,,,,,50,,.,50,,,4,8,,10,,2,,,,1,,,,,,,,,1,2,2,1,0,11,8,,2,,,,,,,,7,3,5,,2,,,,2,,,,,,,,,,,,,,1,1,1,2,1,1,8,,62,01,1,04,8,0123,810000,17,884.23766284,
5429381,1,1,1,60,2,17,1,1,,,1,,,1,2,2,2,2,,1,,2,600000,2,,,2,,1,50000,2,,2,,2,,,2,,,2,,,2,,,2,,,2,,,2,,2,,2,,2,,2,,2,,,.,,,,,,,,,.,10,,,,,,,,,50,,.,50,,,4,8,,11,,2,,,,1,,,,,,,,,1,2,2,1,2,4,8,,2,,,,,,,,7,3,10,,2,,,,2,,,,,,,,,,,,,,1,1,1,2,2,2,3,,62,01,1,04,8,0123,650000,17,884.23766284,
5429382,1,1,1,60,2,17,1,1,,,1,,,1,2,2,2,3,,1,,2,520000,2,,,2,,1,80000,2,,2,,2,,,2,,,2,,,2,,,2,,,2,,,2,,2,,2,,2,,2,,2,,,.,,,,,,,,,.,12,,,,,,,,,50,,.,50,,,4,8,,7,,2,,,,1,,,,,,,,,1,2,2,1,0,15,8,,2,,,,,,,,9,3,6,,2,,,,2,,,,,,,,,,,,,,1,1,1,2,1,1,8,,62,01,1,04,8,0122,600000,17,888.37478683,
5429383,1,1,1,60,2,17,1,1,,,1,,,1,2,2,2,1,,1,,2,760000,2,,,2,,1,50000,2,,2,,2,,,2,,,2,,,2,,,2,,,2,,,2,,2,,2,,2,,2,,2,,,.,,,,,,,,,.,8,,,,,,,,,50,,.,50,,,4,8,,2,,2,,,,1,,,,,,,,,1,2,2,1,1,7,8,,2,,,,,,,,7,3,5,,2,,,,2,,,,,,,,,,,,,,1,1,1,2,1,1,8,,62,01,1,04,8,0123,810000,17,888.37478683,
5429384,1,1,1,60,2,17,2,,,,,,,,,,,360,,,,,,,,,,,,,,,,,,,,,,,,,,,,,,,,,,,,,,,,,,,,,,,7,,2,,,2,300000,1,7000000,3,,12,2,,,,,2,3,2,50,,.,50,,,1,8,,2,,2,,,,1,,,,,,,,,1,2,2,2,,,,,2,,,,,,,,,3,10,,2,,,,2,,,,,,,,,,,,,,1,1,1,2,1,1,8,,61,01,1,04,4,0123,300000,17,466.18746955,
5429385,1,1,1,60,2,17,2,,,,,,,,,,,24,,,,,,,,,,,,,,,,,,,,,,,,,,,,,,,,,,,,,,,,,,,,,,,,.,,,,,,,,,.,12,,,,,,,,,15,2,,15,,,2,1,,7,,2,,,,1,,,,,,,,,1,2,2,1,0,12,7,,2,,,,,,,,2,14,,,2,,,,2,,,,,,,,,,,,,,1,1,1,2,1,1,3,,53,01,1,04,7,0119,,17,1139.4558549,
5429385,1,2,1,60,2,17,1,1,,,1,,,1,2,2,2,24,,1,,2,600000,2,,,2,,1,200000,2,,2,,2,,,2,,,2,,,2,,,2,,,2,,,2,,2,,2,,2,,2,,2,,,.,,,,,,,,,.,12,,,,,,,,,55,,.,55,,,3,8,,7,,2,,,,1,,,,,,,,,1,2,2,1,0,12,8,,1,17,3,4,,380000,2,1,3,3,8,,2,,,,2,,,,,,,,,,,,,,1,1,1,2,1,1,5,,62,01,1,04,8,0122,1180000,17,1139.4558549,
5429387,1,1,1,60,2,17,1,1,,,1,,,1,2,2,2,12,,1,,2,760000,2,,,2,,2,,2,,2,,2,,,2,,,2,,,2,,,2,,,2,,,2,,2,,2,,2,,2,,2,,,.,,,,,,,,,.,12,,,,,,,,,50,,.,50,,,3,8,,2,,2,,,,1,,,,,,,,,1,2,2,1,0,48,8,,2,,,,,,,,1,3,15,,2,,,,2,,,,,,,,,,,,,,1,1,1,2,2,1,8,,62,01,1,04,8,0122,760000,17,598.39523077,
5429388,1,1,1,60,2,17,2,,,,,,,,,,,401,,,,,,,,,,,,,,,,,,,,,,,,,,,,,,,,,,,,,,,,,,,,,,,7,,2,,,2,300000,1,5000000,3,,12,2,,,,,1,3,2,50,,.,50,,,1,8,,2,,2,,,,1,,,,,,,,,1,2,2,1,0,3,8,,2,,,,,,,,10,3,5,,2,,,,2,,,,,,,,,,,,,,1,1,1,2,1,1,3,,61,01,1,04,4,0123,300000,17,598.39523077,
5429389,1,1,1,60,2,17,1,1,,,1,,,1,2,2,2,1,,1,,2,448000,2,,,2,,1,150000,2,,2,,2,,,2,,,2,,,2,,,2,,,2,,,2,,2,,2,,2,,2,,2,,,.,,,,,,,,,.,12,,,,,,,,,40,,.,40,,,2,7,,7,,2,,,,1,,,,,,,,,1,2,2,1,0,18,8,,1,17,5,4,,200000,1,1,7,14,,,2,,,,2,,,,,,,,,,,,,,1,1,1,2,1,1,9,,53,01,1,04,8,0123,798000,17,501.14480047,
5429390,1,1,1,60,2,17,1,1,,,1,,,1,2,2,2,36,,1,,2,840000,2,,,2,,2,,2,,2,,2,,,2,,,2,,,2,,,2,,,2,,,2,,2,,2,,2,,2,,2,,,.,,,,,,,,,.,12,,,,,,,,,50,,.,50,,,4,8,,2,,2,,,,1,,,,,,,,,1,2,2,1,0,24,8,,1,17,10,4,,200000,1,8,7,3,20,,2,,,,2,,,,,,,,,,,,,,1,1,1,2,1,1,5,,62,01,1,04,8,0123,1040000,17,1710.0244088,
5429391,1,1,1,60,2,17,1,1,,,1,,,1,2,2,2,6,,1,,2,500000,2,,,2,,1,90000,2,,2,,2,,,2,,,2,,,2,,,2,,,2,,,2,,2,,2,,2,,2,,2,,,.,,,,,,,,,.,12,,,,,,,,,55,,.,55,,,2,8,,4,,2,,,,1,,,1,,,,,,,2,2,1,0,24,1,,2,,,,,,,,3,3,12,,2,,,,2,,,,,,,,,,,,,,1,1,1,2,1,1,2,,62,01,1,04,8,0123,590000,17,884.23766284,
5429392,1,1,1,60,2,17,1,1,,,1,,,2,2,2,2,2,,1,,2,840000,2,,,2,,2,,2,,2,,2,,,2,,,2,,,2,,,2,,,2,,,2,,2,,2,,2,,2,,2,,,.,,,,,,,,,.,12,,,,,,,,,50,,.,50,,,4,8,,2,,2,,,,1,,,,,,,,,1,2,2,1,0,3,8,,2,,,,,,,,7,3,15,,2,,,,1,1,2,1,2,1,2,2,2,2,2,,2,1,2,2,1,2,2,1,5,,62,01,1,04,8,0122,840000,17,677.9684464,
5429393,1,1,1,60,2,17,2,,,,,,,,,,,36,,,,,,,,,,,,,,,,,,,,,,,,,,,,,,,,,,,,,,,,,,,,,,,7,,2,,,2,600000,1,7200000,3,,12,2,,,,,1,3,2,49,,.,21,7,DILIGENCIAS PERSONALES,1,8,,2,,2,,,,1,,,,,,,,,1,2,2,1,0,3,8,,2,,,,,,,,7,3,5,,2,,,,2,,,,,,,,,,,,,,1,1,1,2,1,1,5,,61,01,1,04,4,0123,600000,17,888.37478683,
5429395,1,1,1,60,2,17,1,1,,,1,,,1,2,2,2,8,,1,,2,400000,2,,,2,,2,,2,,2,,2,,,2,,,2,,,2,,,2,,,2,,,2,,2,,2,,2,,2,,2,,,.,,,,,,,,,.,12,,,,,,,,,50,,.,50,,,3,8,,2,,2,,,,1,,,,,,,,,1,2,2,1,0,3,8,,2,,,,,,,,7,3,30,,2,,,,2,,,,,,,,,,,,,,1,2,1,2,1,1,8,,62,01,1,04,8,0123,400000,17,1864.7498782,
5429396,1,2,1,60,2,17,1,1,,,1,,,1,2,2,2,84,,1,,2,800000,2,,,2,,2,,2,,2,,2,,,2,,,2,,,2,,,2,,,2,,,2,,2,,2,,2,,2,,2,,,.,,,,,,,,,.,12,,,,,,,,,50,,.,50,,,3,8,,2,,2,,,,1,,,,,,,,,1,2,2,1,0,48,8,,2,,,,,,,,9,3,15,,2,,,,2,,,,,,,,,,,,,,1,1,1,2,1,1,8,,62,01,1,04,8,0123,800000,17,594.25810678,
5429397,1,1,1,60,2,17,1,1,,,1,,,1,2,2,2,5,,1,,2,700000,2,,,2,,2,,2,,2,,2,,,2,,,2,,,2,,,2,,,2,,,2,,2,,2,,2,,2,,2,,,.,,,,,,,,,.,12,,,,,,,,,50,,.,50,,,2,8,,2,,2,,,,1,,,,,,,,,1,2,2,1,0,6,8,,2,,,,,,,,7,15,60,,2,,,,2,,,,,,,,,,,,,,1,1,1,2,1,1,9,,62,01,1,04,8,0123,700000,17,827.9449776,
5429398,1,1,1,60,2,17,1,1,,,1,,,1,2,2,2,24,,1,,2,800000,2,,,2,,1,150000,2,,2,,2,,,2,,,2,,,2,,,2,,,2,,,2,,2,,2,,2,,2,,2,,,.,,,,,,,,,.,12,,,,,,,,,56,,.,56,,,3,8,,2,,2,,,,1,,,,,,,,,1,2,2,1,0,72,8,,2,,,,,,,,9,3,5,,2,,,,2,,,,,,,,,,,,,,1,2,1,2,1,1,8,,62,01,1,04,8,0122,950000,17,550.25795451,
5429399,1,1,1,60,2,17,2,,,,,,,,,,,240,,,,,,,,,,,,,,,,,,,,,,,,,,,,,,,,,,,,,,,,,,,,,,,7,,2,,,2,,1,99,3,,12,2,,,,,1,1,2,55,,.,55,,,1,8,,2,,2,,,,1,,,1,,,,,,,2,2,1,0,12,5,,2,,,,,,,,2,3,16,,2,,,,2,,,,,,,,,,,,,,1,1,1,1,1,1,2,,61,01,1,04,4,0123,,17,884.23766284,
5429400,1,1,1,60,2,17,1,1,,,1,,,2,2,2,2,18,,1,,2,700000,2,,,2,,1,300000,2,,2,,2,,,2,,,2,,,2,,,2,,,2,,,1,700000,2,,2,,2,,2,,2,,,.,,,,,,,,,.,12,,,,,,,,,55,,.,55,,,4,8,,12,ESTA AFILIADO EN OTRO MUNICIPIO,2,,,,1,,,,,,,,,1,2,2,2,,,,,2,,,,,,,,,3,10,,1,20,1,1,1,1,1,1,2,2,2,1,2,1,2,,2,1,2,2,2,2,1,1,3,,60,01,1,04,1,0123,1000000,17,1864.7498782,
5429402,1,1,1,60,2,17,1,1,,,1,,,1,2,2,2,36,,1,,2,600000,2,,,2,,1,50000,2,,2,,2,,,2,,,2,,,2,,,2,,,2,,,2,,2,,2,,2,,2,,2,,,.,,,,,,,,,.,12,,,,,,,,,50,,.,50,,,3,8,,2,,2,,,,1,,,,,,,,,1,2,2,1,0,12,8,,2,,,,,,,,7,3,10,,2,,,,2,,,,,,,,,,,,,,1,1,1,2,1,1,8,,62,01,1,04,8,0123,650000,17,888.37478683,
5429403,1,2,1,60,2,17,1,1,,,1,,,1,2,2,2,5,,1,,2,1000000,2,,,2,,1,250000,2,,2,,2,,,2,,,2,,,2,,,2,,,2,,,2,,2,,2,,2,,2,,2,,,.,,,,,,,,,.,12,,,,,,,,,50,,.,50,,,2,8,,4,,2,,,,1,,,,,,,,,1,2,2,1,0,12,8,,2,,,,,,,,7,3,10,,2,,,,2,,,,,,,,,,,,,,1,1,1,2,1,1,2,,62,01,1,04,8,0123,1250000,17,594.25810678,
5429404,1,1,1,60,2,17,2,,,,,,,,,,,26,,,,,,,,,,,,,,,,,,,,,,,,,,,,,,,,,,,,,,,,,,,,,,,7,,2,,,2,,1,99,3,,12,2,,,,,1,6,1,50,,.,50,,,1,8,,2,,2,,,,1,,,,,,,,,1,2,2,1,0,90,8,,2,,,,,,,,10,3,8,,2,,,,2,,,,,,,,,,,,,,1,2,1,1,1,1,3,,61,01,1,04,4,0123,,17,1109.198585,
5429405,1,2,1,60,2,17,2,,,,,,,,,,,48,,,,,,,,,,,,,,,,,,,,,,,,,,,,,,,,,,,,,,,,,,,,,,,6,,,,,2,600000,1,7200000,3,,12,2,,,,,1,4,1,45,,.,45,,,1,1,,2,,2,,,,1,,,,,,,,,1,2,2,2,,,,,2,,,,,,,,,14,,,2,,,,2,,,,,,,,,,,,,,1,1,1,2,1,1,8,,53,56,1,04,4,5619,600000,17,819.21902897,
5429406,1,1,1,60,2,17,2,,,,,,,,,,,410,,,,,,,,,,,,,,,,,,,,,,,,,,,,,,,,,,,,,,,,,,,,,,,7,,1,1,2021,2,,1,99,3,,12,2,,,,,1,9,2,60,,.,60,,,1,8,,3,,2,,,,1,,,,,,,,,1,2,2,1,0,12,8,,2,,,,,,,,10,3,10,,2,,,,2,,,,,,,,,,,,,,1,1,1,2,1,1,2,,61,01,1,04,4,0122,,17,598.39523077,
5429407,1,1,1,60,2,17,1,1,,,1,,,1,2,2,2,12,,1,,2,1200000,2,,,2,,1,200000,2,,2,,2,,,2,,,2,,,2,,,2,,,2,,,2,,2,,2,,2,,2,,2,,,.,,,,,,,,,.,12,,,,,,,,,50,,.,50,,,3,8,,2,,2,,,,1,,,,,,,,,1,2,2,1,0,12,8,,2,,,,,,,,7,3,5,,2,,,,2,,,,,,,,,,,,,,1,1,1,2,1,1,2,,62,01,1,04,8,0122,1400000,17,876.08225386,
5429408,1,2,1,60,2,17,2,,,,,,,,,,,120,,,,,,,,,,,,,,,,,,,,,,,,,,,,,,,,,,,,,,,,,,,,,,,6,,,,,2,350000,1,4200000,3,,12,2,,,,,2,10,1,30,2,,30,,,1,6,,2,,2,,,,1,,,,,,,,,1,2,2,1,0,3,1,,2,,,,,,,,1,3,10,,2,,,,2,,,,,,,,,,,,,,1,2,1,2,1,2,3,,99,38,1,04,4,3830,350000,17,1644.1838452,
5429408,1,5,1,60,2,17,1,1,,,1,,,1,2,2,2,12,,1,,2,1260000,2,,,2,,2,,2,,2,,2,,,2,,,2,,,2,,,2,,,2,,,2,,2,,2,,2,,2,,2,,,.,,,,,,,,,.,12,,,,,,,,,60,,.,60,,,2,8,,2,,2,,,,1,,,,,,,,,1,2,2,1,0,7,8,,2,,,,,,,,1,11,15,,2,,,,2,,,,,,,,,,,,,,1,1,2,2,1,2,9,,62,01,1,04,8,0113,1260000,17,1644.1838452,
5429409,1,3,1,60,2,17,1,2,2,12,2,1,,1,1,2,1,10,,3,,2,908526,2,,,2,,2,,2,,2,,2,,,1,106454,2,2,,,2,,,2,,,2,,,1,700000,2,,2,,2,,2,,2,,,.,,,,,,,,,.,12,,,,,,,,,48,,.,48,,,9,7,,1,,1,1,1,12,1,1,,,,,,,,,1,1,1,0,12,1,,2,,,,,,,,1,11,20,,2,,,,2,,,,,,,,,,,,,,1,1,1,2,1,1,1,,97,10,1,04,1,1082,908526,17,1045.4051995,7810
5429410,1,1,1,60,2,17,2,,,,,,,,,,,8,,,,,,,,,,,,,,,,,,,,,,,,,,,,,,,,,,,,,,,,,,,,,,,6,,,,,2,550000,1,4400000,3,,12,2,,,,,2,3,1,15,1,,15,,,1,1,,2,,2,,,,1,,,,,,,,,1,2,2,1,0,4,8,,2,,,,,,,,3,14,,,1,10,1,1,1,1,1,1,2,2,2,1,2,2,2,,1,1,2,2,2,2,1,1,8,,41,47,1,04,4,4771,550000,17,1221.7147509,
5429411,1,1,1,60,2,17,2,,,,,,,,,,,5,,,,,,,,,,,,,,,,,,,,,,,,,,,,,,,,,,,,,,,,,,,,,,,6,,,,,2,1000000,1,5000000,3,,5,2,,,,,2,3,1,50,,.,50,,,1,2,,2,,2,,,,1,,,,,,,,,1,2,2,1,7,12,4,,2,,,,,,,,2,11,20,,2,,,,2,,,,,,,,,,,,,,1,1,1,2,1,1,3,,95,41,1,04,4,4111,1000000,17,3248.7824912,
5429412,1,1,1,60,2,17,2,,,,,,,,,,,36,,,,,,,,,,,,,,,,,,,,,,,,,,,,,,,,,,,,,,,,,,,,,,,6,,,,,2,480000,1,3800000,3,,12,2,,,,,2,1,1,50,,.,50,,,1,8,,2,,2,,,,1,,,,,,,,,1,2,2,1,1,36,8,,2,,,,,,,,9,3,15,,2,,,,2,,,,,,,,,,,,,,1,1,1,2,1,1,8,,61,01,1,04,4,0161,480000,17,1687.7750038,
5429413,1,1,1,60,2,17,1,1,,,1,,,1,1,2,1,4,,1,,2,320000,2,,,1,120000,2,,2,,2,,2,,,2,,,2,,,2,,,2,,,2,,,2,,2,,2,,2,,2,,2,,,.,,,,,,,,,.,4,,,,,,,,,16,2,,16,,,1,2,,2,,2,,,,1,,,,,,,,,1,2,2,1,8,24,4,,2,,,,,,,,9,2,45,,2,,,,2,,,,,,,,,,,,,,2,1,1,2,1,1,3,,54,97,1,04,3,9700,440000,17,1664.4210881,
5429416,1,1,1,60,2,17,1,1,,,1,,,1,2,2,2,1,,1,,2,908526,2,,,2,,2,,2,,2,,2,,,2,,,2,,,2,,,2,,,2,,,2,,2,,2,,2,,2,,2,,,.,,,,,,,,,.,10,,,,,,,,,50,,.,50,,,3,8,,1,,1,2,1,10,1,1,,,,,,,,,1,2,1,2,12,1,,2,,,,,,,,7,2,40,,2,,,,2,,,,,,,,,,,,,,1,1,1,2,1,1,5,,60,01,1,04,1,0141,908526,17,885.68425155,
5429418,1,1,1,60,2,18,2,,,,,,,,,,,12,,,,,,,,,,,,,,,,,,,,,,,,,,,,,,,,,,,,,,,,,,,,,,,6,,,,,2,50000,1,800000,3,,12,2,,,,,2,3,2,20,1,,0,6,,1,1,,2,,2,,,,1,,,,,,,,,1,2,2,1,24,12,4,,2,,,,,,,,3,14,,2,1,20,1,1,2,,,,,,,,,,,,,,2,2,2,2,1,1,8,,79,95,1,04,4,9529,50000,18,161.14915595,
5429419,1,1,1,60,2,18,2,,,,,,,,,,,48,,,,,,,,,,,,,,,,,,,,,,,,,,,,,,,,,,,,,,,,,,,,,,,6,,,,,2,300000,1,3600000,1,,12,2,,,,,2,4,2,30,2,,30,,,1,2,,1,,1,2,2,6,1,,1,,,,,,,,2,2,1,0,120,5,,2,,,,,,,,9,3,5,,2,,,,1,1,1,1,2,2,2,2,2,2,2,,2,1,1,2,1,2,2,1,3,,03,95,1,04,4,9522,300000,18,552.79972328,
5429419,1,2,1,60,2,18,2,,,,,,,,,,,6,,,,,,,,,,,,,,,,,,,,,,,,,,,,,,,,,,,,,,,,,,,,,,,6,,,,,2,250000,1,1500000,3,,6,2,,,,,2,6,2,35,2,,35,,,1,1,,3,,2,,,,1,,,,,,,,,1,2,2,2,,,,,2,,,,,,,,,14,,,2,,,,2,,,,,,,,,,,,,,1,1,1,2,1,1,3,,45,56,1,04,4,5611,250000,18,552.79972328,
5429419,1,6,1,60,2,18,1,1,,,1,,,1,2,2,2,3,,1,,2,500000,2,,,2,,2,,2,,2,,2,,,2,,,2,,,2,,,2,,,2,,,2,,2,,2,,2,,2,,2,,,.,,,,,,,,,.,3,,,,,,,,,30,2,,0,1,,2,7,,1,,1,1,1,0,1,1,,,,,,,,,2,2,2,,,,,2,,,,,,,,,3,5,2,2,,,,2,,,,,,,,,,,,,,1,1,1,2,1,1,3,,45,47,1,04,1,4773,500000,18,552.79972328,
5429420,1,1,1,60,2,18,1,2,1,,1,,,1,1,1,1,192,,1,,2,1200000,2,,,2,,2,,2,,2,,2,,,1,106528,2,2,,,2,,,2,,,2,,,1,600000,1,600000,1,600000,2,,2,,2,,,.,,,,,,,,,.,12,,,,,,,,,40,,.,40,,,9,7,,1,,1,1,1,16,1,1,,,,,,,,,1,1,1,0,144,4,,2,,,,,,,,8,3,1,,2,,,,2,,,,,,,,,,,,,,1,1,1,2,1,1,2,,44,86,1,04,1,8621,1200000,18,161.14915595,
5429420,1,2,1,60,2,18,1,1,,,1,,,1,2,2,2,36,,1,,2,200000,2,,,2,,2,,2,,2,,2,,,2,,,2,,,2,,,2,,,2,,,2,,2,,2,,2,,2,,2,,,.,,,,,,,,,.,12,,,,,,,,,30,2,,30,,,9,1,,3,,2,,,,1,,,1,,,,,,,2,2,1,0,60,4,,2,,,,,,,,2,14,,,2,,,,2,,,,,,,,,,,,,,1,2,1,2,1,1,3,,32,61,1,04,1,6190,200000,18,161.14915595,
5431875,1,1,1,60,2,5,2,,,,,,,,,,,72,,,,,,,,,,,,,,,,,,,,,,,,,,,,,,,,,,,,,,,,,,,,,,,7,,1,1,2021,2,1500000,1,20000000,3,,12,1,21,20,1,0,2,3,2,50,,.,50,,,6,8,,3,,2,,,,1,,,,,,,,,1,2,2,1,1,120,4,,2,,,,,,,,8,8,20,,2,,,,2,,,,,,,,,,,,,,1,1,1,2,1,1,8,,21,16,1,04,5,1610,1500000,05,4256.2792572,
5431876,1,1,1,60,2,5,1,1,,,1,,,1,2,2,2,24,,1,,2,300000,2,,,2,,2,,2,,2,,2,,,2,,,2,,,2,,,2,,,2,,,2,,2,,2,,2,,2,,2,,,.,,,,,,,,,.,12,,,,,,,,,20,1,,20,,,2,7,,3,,2,,,,1,,,,,,,,,1,2,2,1,0,2,1,,2,,,,,,,,1,3,10,,1,20,1,1,1,1,2,1,2,2,2,2,2,2,2,,1,1,1,2,2,2,1,1,10,ARRIENDOS,53,56,1,04,1,5619,300000,05,4236.4579438,
5431877,1,1,1,60,2,5,2,,,,,,,,,,,245,,,,,,,,,,,,,,,,,,,,,,,,,,,,,,,,,,,,,,,,,,,,,,,6,,,,,2,1200000,1,6700000,3,,12,2,,,,,3,1,1,60,,.,60,,,2,2,,2,,2,,,,1,,,,,,,,,1,2,2,1,0,36,8,,2,,,,,,,,1,11,10,,2,,,,2,,,,,,,,,,,,,,1,2,1,2,1,1,3,,95,41,1,04,4,4111,1200000,05,5314.2648796,
5431878,1,1,1,60,2,5,1,1,,,1,,,2,2,2,2,3,,1,,2,840000,2,,,2,,2,,2,,2,,2,,,2,,,2,,,2,,,2,,,2,,,2,,2,,2,,2,,2,,2,,,.,,,,,,,,,.,9,,,,,,,,,56,,.,56,,,2,7,,2,,2,,,,1,,,,,,,,,1,2,2,1,18,60,1,,1,5,10,4,,50000,1,1,3,13,5,,2,,,,2,,,,,,,,,,,,,,1,2,1,2,2,1,8,,54,55,1,04,1,5530,890000,05,6358.2088758,
5431879,1,1,1,60,2,5,2,,,,,,,,,,,18,,,,,,,,,,,,,,,,,,,,,,,,,,,,,,,,,,,,,,,,,,,,,,,7,,1,2,,2,1000000,1,15000000,3,,12,1,2,2,0,0,3,3,2,30,2,,30,,,2,7,,1,,1,2,2,17,1,1,,,,,,,,,1,2,1,0,180,1,,2,,,,,,,,11,3,10,,2,,,,2,,,,,,,,,,,,,,1,1,1,2,1,1,3,,50,55,1,04,5,5511,1000000,05,4236.4579438,
5431880,1,1,1,60,2,5,1,2,1,,1,,,1,1,2,1,36,,1,,2,1800000,2,,,2,,2,,2,,2,,2,,,1,106000,2,1,35000,2,2,,,2,,,2,,,1,1800000,2,,1,800000,2,,2,,2,,,.,,,,,,,,,.,12,,,,,,,,,60,,.,60,,,8,4,,1,,1,2,1,20,1,1,,,,,,,,,1,1,1,0,240,1,,2,,,,,,,,1,11,20,,2,,,,2,,,,,,,,,,,,,,1,1,1,2,1,1,3,,98,49,1,04,1,4921,1800000,05,3966.754895,
5431882,1,2,1,60,2,5,2,,,,,,,,,,,120,,,,,,,,,,,,,,,,,,,,,,,,,,,,,,,,,,,,,,,,,,,,,,,6,,,,,2,150000,1,2000000,3,,12,2,,,,,2,3,2,18,2,,18,,,1,2,,2,,2,,,,1,,,,,,,,,1,2,2,2,,,,,2,,,,,,,,,3,10,,2,,,,2,,,,,,,,,,,,,,2,2,2,2,2,2,8,,55,81,1,04,4,8121,150000,05,2808.0679373,
5431882,1,3,1,60,2,5,1,1,,,1,,,2,2,2,2,2,,1,,2,280000,2,,,2,,2,,2,,2,,2,,,2,,,2,,,2,,,2,,,2,,,2,,2,,2,,2,,2,,2,,,.,,,,,,,,,.,2,,,,,,,,,18,1,,18,,,4,7,,2,,2,,,,1,,,,,,,,,1,2,2,2,,,,,2,,,,,,,,,3,10,,1,28,1,1,1,1,2,1,2,2,2,2,2,2,2,,1,1,2,2,2,2,1,2,3,,89,23,1,04,1,2394,280000,05,2808.0679373,
5431883,1,1,1,60,2,5,2,,,,,,,,,,,300,,,,,,,,,,,,,,,,,,,,,,,,,,,,,,,,,,,,,,,,,,,,,,,7,,2,,,2,1200000,1,6500000,3,,12,2,,,,,3,3,2,45,,.,45,,,1,1,,2,,2,,,,1,,,,,,,,,1,2,2,1,0,36,3,,2,,,,,,,,3,14,,,2,,,,2,,,,,,,,,,,,,,1,1,1,2,1,1,3,,61,01,1,04,4,0145,1200000,05,3077.7709861,
5431884,1,1,1,60,2,5,2,,,,,,,,,,,36,,,,,,,,,,,,,,,,,,,,,,,,,,,,,,,,,,,,,,,,,,,,,,,7,,2,,,2,250000,1,3500000,3,,12,1,1,0,1,0,3,4,1,20,1,,20,,,2,7,,2,,2,,,,1,,,,,,,,,1,2,2,1,0,24,1,,2,,,,,,,,3,3,20,,1,28,2,1,1,1,2,1,2,2,2,2,2,2,2,,2,2,2,2,2,2,2,2,3,,77,56,1,04,4,5619,250000,05,2233.5438669,
5431886,1,1,1,60,2,5,2,,,,,,,,,,,72,,,,,,,,,,,,,,,,,,,,,,,,,,,,,,,,,,,,,,,,,,,,,,,6,,,,,2,500000,1,6000000,3,,12,2,,,,,3,1,1,48,,.,48,,,1,5,,2,,2,,,,1,,,,,,,,,1,2,2,1,12,24,1,,2,,,,,,,,1,15,10,,2,,,,2,,,,,,,,,,,,,,1,2,1,2,2,2,8,,97,53,1,04,4,5320,500000,05,6869.1349331,
5431887,1,1,1,60,2,5,2,,,,,,,,,,,245,,,,,,,,,,,,,,,,,,,,,,,,,,,,,,,,,,,,,,,,,,,,,,,6,,,,,2,700000,1,4800000,3,,12,2,,,,,3,9,2,60,,.,60,,,1,1,,2,,2,,,,1,,,,,,,,,1,2,2,2,,,,,2,,,,,,,,,14,,,2,,,,2,,,,,,,,,,,,,,2,2,1,2,1,1,9,,79,95,1,04,4,9529,700000,05,3077.7709861,
5431889,1,1,1,60,2,5,1,2,1,,1,,,1,1,2,1,60,,1,,2,1150000,2,,,2,,2,,2,,2,,2,,,1,106000,1,1,78000,2,2,,,2,,,2,,,1,1150000,2,,2,,2,,2,,2,,,.,,,,,,,,,.,12,,,,,,,,,56,,.,56,,,9,7,,1,,1,1,1,7,1,1,,,,,,,,,1,1,1,0,36,1,,2,,,,,,,,3,13,20,,2,,,,2,,,,,,,,,,,,,,1,1,1,2,1,1,3,,33,46,1,04,1,4631,1150000,05,3354.6092729,
5431890,1,1,1,60,2,5,2,,,,,,,,,,,36,,,,,,,,,,,,,,,,,,,,,,,,,,,,,,,,,,,,,,,,,,,,,,,7,,2,,,2,900000,1,10800000,3,,12,2,,,,,2,3,2,48,,.,48,,,1,1,,2,,2,,,,1,,,,,,,,,1,2,2,1,0,36,1,,2,,,,,,,,3,14,,,2,,,,2,,,,,,,,,,,,,,1,1,1,2,1,1,8,,41,46,1,04,4,4665,900000,05,6323.0442945,
5431890,1,5,1,60,2,5,1,1,,,1,,,1,2,2,2,5,,1,,2,360000,2,,,2,,2,,2,,2,,2,,,2,,,2,,,2,,,2,,,2,,,2,,2,,2,,2,,2,,2,,,.,,,,,,,,,.,12,,,,,,,,,30,2,,30,,,2,8,,1,,2,,,,1,,,,,,,,,1,1,2,1,0,2,1,,2,,,,,,,,1,13,30,,2,,,,2,,,,,,,,,,,,,,1,2,2,2,2,1,3,,63,02,1,04,1,0220,360000,05,6323.0442945,
5431891,1,1,1,60,2,5,2,,,,,,,,,,,60,,,,,,,,,,,,,,,,,,,,,,,,,,,,,,,,,,,,,,,,,,,,,,,7,,2,,,2,800000,1,9600000,1,,5,2,,,,,3,4,2,40,,.,40,,,1,1,,2,,2,,,,1,,,,,,,,,1,2,2,2,,,,,2,,,,,,,,,14,,,2,,,,1,1,1,1,2,2,2,2,2,2,2,,2,2,1,2,2,2,1,1,3,,57,96,1,04,4,9602,800000,05,6669.7186876,
5431892,1,1,1,60,2,5,1,2,1,,1,,,1,1,1,1,24,,5,,2,2000000,2,,,2,,2,,2,,2,,2,,,2,,,1,41000,2,2,,,2,,,2,,,1,2000000,1,2000000,1,1000000,2,,2,,2,,,.,,,,,,,,,.,12,,,,,,,,,48,,.,48,,,9,7,,1,,1,2,1,12,1,1,,,,,,,,,1,1,1,0,134,1,,2,,,,,,,,3,8,20,,2,,,,2,,,,,,,,,,,,,,1,1,1,2,1,1,8,,39,84,1,04,2,8424,2000000,05,4373.0285802,
5431893,1,1,1,60,2,5,1,2,1,,1,,,1,1,2,1,48,,1,,2,1200000,1,50000,2,1,1000000,2,,1,200000,2,,2,,,2,,,1,35000,2,2,,,2,,,2,,,1,120000,2,,2,,2,,2,,2,,,.,,,,,,,,,.,12,,,,,,,,,48,,.,48,,,9,7,,1,,1,1,1,98,1,1,,,,,,,,,1,1,1,6,72,1,,2,,,,,,,,5,7,45,,2,,,,2,,,,,,,,,,,,,,1,1,1,2,1,1,3,,03,01,1,04,1,0122,2200000,05,2576.6713115,
5431894,1,1,1,60,2,5,1,2,1,,1,,,1,1,2,1,24,,1,,2,908000,2,,,2,,2,,2,,2,,2,,,2,,,1,36000,2,2,,,2,,,2,,,1,878000,2,,2,,2,,2,,2,,,.,,,,,,,,,.,7,,,,,,,,,112,,.,112,,,7,4,,1,,1,2,1,40,1,1,,,,,,,,,1,1,1,0,120,1,,2,,,,,,,,9,3,5,,2,,,,2,,,,,,,,,,,,,,1,1,1,2,1,1,3,,98,49,1,04,1,4921,908000,05,2233.5438669,
5431953,1,1,1,60,2,76,1,2,1,,1,,,1,1,2,1,24,,1,,2,1300000,1,110000,1,2,,2,,2,,2,,2,,,1,106454,1,2,,,2,,,2,,,2,,,1,1220000,2,,2,,2,,2,,1,10,,,,,,,,,,,,12,,,,,,,,,45,,.,55,,,7,7,,1,,1,1,1,2,1,1,,,,,,,,,1,1,2,,,,,2,,,,,,,,,11,15,,2,,,,2,,,,,,,,,,,,,,1,1,1,2,1,1,8,,59,10,1,04,1,1089,1300000,76,3273.3228048,
5431953,1,2,1,60,2,76,2,,,,,,,,,,,0,,,,,,,,,,,,,,,,,,,,,,,,,,,,,,,,,,,,,,,,,,,,,,,6,,,,,3,0,1,0,1,,1,2,,,,,2,4,2,5,2,,5,,,1,2,,3,,2,,,,1,,,,,,,,,1,2,2,1,72,72,1,,2,,,,,,,,3,12,15,,2,,,,2,,,,,,,,,,,,,,1,1,1,2,2,1,3,,55,81,1,04,4,8121,0,76,3273.3228048,
5431953,1,3,1,60,2,76,1,2,2,12,1,,,1,1,2,1,60,,7,LE OFRECIERON EL EMPLEO,2,908526,1,50000,2,2,,2,,2,,2,,2,,,1,106454,2,2,,,2,,,2,,,2,,,1,887807,2,,2,,2,,2,,2,,,.,,,,,,,,,.,12,,,,,,,,,48,,.,48,,,4,7,,1,,1,1,1,5,1,1,,,,,,,,,1,1,2,,,,,2,,,,,,,,,1,45,,2,,,,2,,,,,,,,,,,,,,1,1,1,2,1,1,3,,39,55,1,04,1,5511,908526,76,3273.3228048,
5431954,1,2,1,60,2,76,2,,,,,,,,,,,120,,,,,,,,,,,,,,,,,,,,,,,,,,,,,,,,,,,,,,,,,,,,,,,7,,1,2,,2,,1,98,3,,12,1,1,0,0,1,3,6,2,7,2,,1,1,,2,1,,3,,2,,,,1,,,,,,,,,1,2,2,2,,,,,2,,,,,,,,,14,,2,2,,,,2,,,,,,,,,,,,,,1,2,1,2,2,1,8,,45,45,1,04,4,4541,,76,3468.9679087,
5431954,1,3,1,60,2,76,1,1,,,1,,,1,2,2,2,0,,2,,2,170000,2,,,1,60000,2,,2,,2,,2,,,2,,,2,,,2,,,2,,,2,,,1,838000,2,,2,,2,,2,,2,,,.,,,,,,,,,.,12,,,,,,,,,8,1,,8,,,4,7,,2,,2,,,,1,,,,,,,,,1,2,2,1,0,4,6,,1,76,10,6,,,2,1,13,11,5,,1,20,2,1,2,,,,,,,,,,,,,,1,1,1,2,1,1,10,AYUDAS DE EL NOVIO,77,56,1,04,1,5619,230000,76,3468.9679087,
5431955,1,1,1,60,2,76,2,,,,,,,,,,,10,,,,,,,,,,,,,,,,,,,,,,,,,,,,,,,,,,,,,,,,,,,,,,,6,,,,,2,320000,1,98,3,,10,2,,,,,2,5,2,16,1,,16,,,1,2,,10,,2,,,,1,,,,,,,,,1,2,2,1,2,8,4,,2,,,,,,,,2,1,45,,1,16,1,1,1,1,2,1,2,2,2,2,2,2,2,,2,1,1,2,1,2,2,2,3,,55,81,1,04,4,8121,320000,76,8553.6615291,
5431955,1,2,1,60,2,76,1,1,,,1,,,1,1,2,1,18,,1,,2,908526,1,98,2,2,,2,,1,120000,2,,2,,,2,,,1,98,2,2,,,2,,,2,,,1,877803,2,,2,,2,,2,,1,2,,,,,,,,,,,,12,,,,,,,,,45,,.,47,,,2,7,,10,,1,1,1,5,1,,,,,,,,,1,1,1,1,0,3,4,,2,,,,,,,,8,7,60,,2,,,,1,1,2,1,2,2,2,2,2,2,2,,2,2,1,1,1,2,1,1,2,,87,33,1,04,1,3311,908526,76,8553.6615291,
5431956,1,2,1,60,2,76,1,2,1,,1,,,1,1,2,1,24,,1,,2,908526,2,,,2,,2,,2,,2,,2,,,1,106454,2,2,,,2,,,2,,,2,,,1,900000,2,,2,,2,,2,,2,,,.,,,,,,,,,.,12,,,,,,,,,48,,.,48,,,9,5,,1,,1,2,1,22,1,1,,,,,,,,,1,1,1,0,36,1,,2,,,,,,,,3,11,15,,2,,,,2,,,,,,,,,,,,,,1,1,1,2,1,1,2,,42,01,1,04,1,0124,908526,76,3558.9922266,
5431956,1,3,1,60,2,76,1,2,2,4,1,,,1,2,2,2,3,,,,,,,,,,,,,,,,,,,,,,,,,,,,,,,,,,,,,,,,,,,,,,,1,,,,,3,1800000,1,5400000,3,,11,2,,,,,1,1,1,40,,.,40,,,9,7,,1,,1,2,2,0,1,,,1,,,,,,,1,2,1,0,5,4,,2,,,,,,,,1,11,30,,2,,,,2,,,,,,,,,,,,,,1,1,1,2,2,1,2,,03,84,1,04,4,8412,1800000,76,3558.9922266,
5431957,1,1,1,60,2,76,2,,,,,,,,,,,120,,,,,,,,,,,,,,,,,,,,,,,,,,,,,,,,,,,,,,,,,,,,,,,6,,,,,3,1000000,1,98,3,,12,2,,,,,3,5,2,24,2,,24,,,1,1,,3,,2,,,,1,,,,,,,,,1,2,2,1,0,360,4,,2,,,,,,,,3,14,,,2,,,,2,,,,,,,,,,,,,,1,1,1,2,1,1,3,,45,47,1,04,4,4752,1000000,76,3273.3228048,
5431957,1,3,1,60,2,76,2,,,,,,,,,,,2,,,,,,,,,,,,,,,,,,,,,,,,,,,,,,,,,,,,,,,,,,,,,,,7,,1,2,,2,2000000,1,4000000,3,,12,1,1,1,0,0,3,9,2,48,,.,48,,,2,7,,1,,2,,,,1,,,,,,,,,1,1,2,1,0,38,1,,2,,,,,,,,10,3,2,,2,,,,2,,,,,,,,,,,,,,1,1,1,2,1,1,3,,41,46,1,04,5,4663,2000000,76,3273.3228048,
5431958,1,2,1,60,2,76,1,1,,,1,,,1,2,2,2,6,,2,,2,908526,2,,,1,144000,2,,2,,2,,2,,,2,,,2,,,2,,,2,,,2,,,2,,2,,2,,1,100000,2,,2,,,.,,,,,,,,,.,6,,,,,,,,,66,,.,44,7,POR CONFINAMIENTO DE  COVID 19,3,7,,2,,2,,,,1,,,,,,,,,1,2,2,1,18,7,1,,2,,,,,,,,11,3,15,,2,,,,2,,,,,,,,,,,,,,1,1,1,2,1,1,3,,45,47,1,04,1,4771,1052526,76,3273.3228048,
5431958,1,7,1,60,2,76,1,2,1,,1,,,1,1,1,1,109,,2,,2,1864000,2,,,2,,2,,1,98,2,,2,,,2,,,2,,,2,,,2,,,2,,,1,1800000,1,1400000,1,1200000,2,,2,,2,,,.,,,,,,,,,.,12,,,,,,,,,48,,.,0,1,,9,7,,1,,1,2,1,21,1,1,,,,,,,,,1,1,1,0,5,1,,2,,,,,,,,8,7,20,1,2,,,,2,,,,,,,,,,,,,,1,1,1,2,1,1,2,,74,20,1,04,1,2023,1864000,76,3273.3228048,
5431959,1,1,1,60,2,76,2,,,,,,,,,,,4,,,,,,,,,,,,,,,,,,,,,,,,,,,,,,,,,,,,,,,,,,,,,,,7,,2,,,2,500000,1,2000000,3,,4,1,5,2,1,2,3,3,2,70,,.,60,7,RESTRICCION A LA MOVILIDAD POR PANDEMIA DE COVID 19,4,5,,2,,2,,,,1,,,,,,,,,1,2,2,1,8,5,4,,2,,,,,,,,3,3,1,,2,,,,2,,,,,,,,,,,,,,1,1,1,2,1,1,8,,97,56,1,04,5,5611,500000,76,3273.3228048,
5431959,1,2,1,60,2,76,2,,,,,,,,,,,4,,,,,,,,,,,,,,,,,,,,,,,,,,,,,,,,,,,,,,,,,,,,,,,7,,2,,,2,500000,1,2000000,3,,4,1,5,2,1,2,3,3,2,70,,.,60,7,RESTRICCION A LA MOVILIDAD POR PANDEMIA DE COVID 19,4,7,,2,,2,,,,1,,,1,,,,,,,2,2,1,8,4,1,,2,,,,,,,,5,3,1,,2,,,,2,,,,,,,,,,,,,,1,1,1,2,1,1,5,,53,56,1,04,5,5611,500000,76,3273.3228048,
5431959,1,3,1,60,2,76,2,,,,,,,,,,,4,,,,,,,,,,,,,,,,,,,,,,,,,,,,,,,,,,,,,,,,,,,,,,,,.,,,,,,,,,.,4,,,,,,,,,14,2,,12,7,RESTRICCION A LA MOVILIDAD POR PANDEMIA DE COVID 19,4,7,,2,,2,,,,1,,,,,,,,,1,2,2,2,,,,,2,,,,,,,,,3,1,,2,,,,2,,,,,,,,,,,,,,1,1,1,2,1,1,3,,53,56,1,04,6,5611,,76,3273.3228048,
5431959,1,4,1,60,2,76,2,,,,,,,,,,,4,,,,,,,,,,,,,,,,,,,,,,,,,,,,,,,,,,,,,,,,,,,,,,,,.,,,,,,,,,.,4,,,,,,,,,14,2,,12,7,RESTRICCION A LA MOVILIDAD POR PANDEMIA DE COVID 19,4,7,,2,,2,,,,1,,,,,,,,,1,2,2,2,,,,,2,,,,,,,,,3,1,,2,,,,2,,,,,,,,,,,,,,1,1,1,2,1,1,3,,53,56,1,04,6,5611,,76,3273.3228048,
5431960,1,1,1,60,2,19,1,1,,,1,,,2,2,2,2,5,,1,,2,1300000,2,,,2,,2,,2,,2,,1,360000,2,2,,,2,,,2,,,2,,,2,,,2,,2,,2,,2,,2,,2,,,.,,,,,,,,,.,5,,,,,,,,,60,,.,60,,,9,4,,1,,2,,,,1,,,,,,,,,1,1,2,1,7,18,4,,2,,,,,,,,2,11,35,,2,,,,2,,,,,,,,,,,,,,1,1,1,2,2,2,10,DE RENTAS,98,49,1,04,1,4923,1300000,76,10173.418516,
5431960,1,2,1,60,2,76,1,1,,,1,,,1,2,2,2,4,,7,LE OFRECIERON EL EMPLEO,2,600000,2,,,1,540000,2,,2,,2,,2,,,2,,,2,,,2,,,2,,,2,,,2,,2,,2,,2,,2,,2,,,.,,,,,,,,,.,4,,,,,,,,,42,,.,36,7,RESTRICCION A LA MOVILIDAD POR PANDEMIA DE COVID 19,4,7,,2,,2,,,,1,,,,,,,,,1,2,2,1,12,30,1,,2,,,,,,,,2,3,1,,2,,,,2,,,,,,,,,,,,,,1,1,1,2,1,1,3,,33,56,1,04,1,5611,1140000,76,10173.418516,
5431961,1,3,1,60,2,76,1,2,1,,1,,,1,1,2,1,72,,7,LE OFRECIERON EL EMPLEO,2,908526,2,,,2,,2,,2,,2,,2,,,1,106454,2,2,,,2,,,2,,,2,,,1,887803,2,,2,,2,,2,,2,,,.,,,,,,,,,.,12,,,,,,,,,48,,.,48,,,2,7,,1,,1,2,1,6,1,,,,,,,,,1,1,1,1,98,6,1,,2,,,,,,,,3,3,1,,2,,,,2,,,,,,,,,,,,,,1,1,1,2,1,1,1,,32,46,1,04,1,4663,908526,76,3273.3228048,
5431961,1,4,1,60,2,76,1,1,,,1,,,1,1,2,1,120,,1,,2,908526,2,,,2,,2,,2,,2,,2,,,2,,,2,,,2,,,2,,,2,,,1,887807,2,,2,,2,,2,,2,,,.,,,,,,,,,.,12,,,,,,,,,36,2,,36,,,4,7,,1,,1,1,1,8,1,1,,,,,,,,,1,1,2,,,,,2,,,,,,,,,13,10,,2,,,,1,1,1,1,2,2,2,2,2,2,2,,2,1,1,1,1,2,1,1,1,,45,47,1,04,1,4752,908526,76,3273.3228048,
5431961,1,5,1,60,2,76,2,,,,,,,,,,,48,,,,,,,,,,,,,,,,,,,,,,,,,,,,,,,,,,,,,,,,,,,,,,,2,,,,,3,1400000,1,12000000,3,,12,1,1,1,0,0,3,4,2,48,,.,48,,,2,2,,2,,2,,,,1,,,,,,,,,1,2,2,1,0,12,8,,2,,,,,,,,1,11,40,,2,,,,2,,,,,,,,,,,,,,1,1,2,2,2,1,2,,95,41,1,04,5,4111,1400000,76,3273.3228048,
5431963,1,2,1,60,2,76,1,2,1,,2,4,EMPRESA ADMINISTRADORA DE PEAJES,1,1,2,1,24,,1,,2,1200000,2,,,2,,2,,2,,2,,2,,,1,60000,1,1,38000,2,2,,,2,,,2,,,1,98,2,,2,,2,,2,,2,,,.,,,,,,,,,.,12,,,,,,,,,48,,.,48,,,9,7,,12,CON DINERO DEL TRABAJO PAGA MEDICO PARTICULAR Y COMPRA MEDICAMENTOS,1,1,1,12,1,,,,,,,,,1,1,1,1,0,120,1,,2,,,,,,,,2,12,15,,2,,,,2,,,,,,,,,,,,,,1,1,1,2,1,1,1,,70,52,1,04,1,5221,1200000,76,3273.3228048,8299
5431964,1,1,1,60,2,76,2,,,,,,,,,,,14,,,,,,,,,,,,,,,,,,,,,,,,,,,,,,,,,,,,,,,,,,,,,,,6,,,,,2,40000,1,90000,3,,12,1,3,0,1,2,3,5,2,6,2,,6,,,3,1,,2,,2,,,,1,,,,,,,,,1,2,2,1,0,60,1,,1,76,3,4,,,1,8,9,14,,,1,20,2,1,1,1,2,1,2,2,2,2,2,2,2,,2,1,1,1,1,2,1,1,3,,77,56,1,04,4,5619,40000,76,3273.3228048,
5431964,1,2,1,60,2,76,2,,,,,,,,,,,600,,,,,,,,,,,,,,,,,,,,,,,,,,,,,,,,,,,,,,,,,,,,,,,7,,2,,,2,,1,1000000,3,,12,1,2,0,2,0,2,9,2,35,2,,35,,,2,8,,2,,2,,,,1,,,,,,,,,1,2,2,2,,,,,1,76,6,4,,90000,2,1,,13,5,,2,,,,2,,,,,,,,,,,,,,1,1,1,2,1,1,10,CON EL SUBSIDIO DEL ADULTO MAYOR,61,01,1,04,4,0111,90000,76,3273.3228048,
5431964,2,1,2,60,2,76,1,2,1,,2,4,EMPRESA ADMINISTRADORA DE PEAJES,2,1,2,1,15,,1,,2,908526,2,,,2,,2,,2,,2,,2,,,1,106454,2,1,35000,2,2,,,2,,,2,,,1,877803,2,,2,,2,,2,,2,,,.,,,,,,,,,.,12,,,,,,,,,48,,.,48,,,9,3,,1,,1,1,1,12,1,1,,,,,,,,,1,1,1,0,120,4,,2,,,,,,,,8,11,10,,2,,,,2,,,,,,,,,,,,,,1,1,2,2,1,1,5,,33,52,1,04,1,5221,908526,76,3273.3228048,8299
5431964,2,3,2,60,2,76,1,2,1,,1,,,1,1,2,1,30,,6,,1,1400000,2,,,2,,2,,2,,2,,2,,,1,106454,2,2,,,2,,,2,,,2,,,1,1320000,2,,2,,2,,2,,2,,,.,,,,,,,,,.,12,,,,,,,,,48,,.,48,,,9,7,,1,,1,1,1,2,1,1,,,,,,,,,1,1,1,0,6,1,,2,,,,,,,,1,11,15,,2,,,,2,,,,,,,,,,,,,,1,1,1,2,1,1,5,,84,45,1,04,1,4511,1400000,76,3273.3228048,
5431966,1,1,1,60,2,76,2,,,,,,,,,,,12,,,,,,,,,,,,,,,,,,,,,,,,,,,,,,,,,,,,,,,,,,,,,,,6,,,,,3,,1,99,3,,12,2,,,,,3,3,2,7,2,,7,,,1,1,,3,,1,4,2,15,1,1,,,,,,,,,2,2,1,98,96,1,,2,,,,,,,,9,14,,,2,,,,2,,,,,,,,,,,,,,1,1,1,2,1,1,3,,62,01,1,04,4,0145,,76,3273.3228048,
5431979,1,1,1,60,2,5,1,1,,,1,,,2,2,2,2,5,,1,,2,540000,2,,,2,,1,100000,2,,2,,2,,,2,,,2,,,2,,,2,,,2,,,2,,2,,2,,2,,2,,2,,,.,,,,,,,,,.,8,,,,,,,,,30,1,,30,,,2,8,,2,,2,,,,1,,,,,,,,,1,2,2,1,4,2,1,,2,,,,,,,,3,3,10,,1,18,1,1,1,1,2,1,2,1,2,2,1,1,2,,1,1,2,2,2,2,2,1,8,,62,01,1,04,8,0123,640000,05,2629.4395173,
5431980,1,1,1,60,2,5,2,,,,,,,,,,,480,,,,,,,,,,,,,,,,,,,,,,,,,,,,,,,,,,,,,,,,,,,,,,,7,,2,,,2,2000000,1,25000000,3,,12,1,2,2,0,0,3,7,2,48,,.,48,,,2,8,,2,,2,,,,1,,,,,,,,,1,2,2,2,,,,,2,,,,,,,,,11,15,,2,,,,2,,,,,,,,,,,,,,1,1,1,2,1,1,5,,61,01,1,04,5,0141,2000000,05,4467.6869151,
5431980,1,2,1,60,2,5,1,1,,,1,,,1,2,2,2,12,,1,,2,400000,2,,,2,,2,,2,,2,,2,,,2,,,2,,,2,,,2,,,2,,,2,,2,,2,,2,,2,,2,,,.,,,,,,,,,.,12,,,,,,,,,48,,.,48,,,2,8,,1,,2,,,,1,,,,,,,,,1,1,2,1,1,60,1,,2,,,,,,,,2,11,15,,2,,,,2,,,,,,,,,,,,,,1,1,1,2,1,1,3,,62,01,1,04,8,0141,400000,05,4467.6869151,
5431980,1,3,1,60,2,5,1,2,1,,1,,,1,1,2,1,13,,1,,2,908500,2,,,1,200000,1,120000,2,,2,,2,,,2,,,2,,,2,,,2,,,2,,,1,600000,2,,2,,2,,2,,2,,,.,,,,,,,,,.,12,,,,,,,,,48,,.,48,,,2,8,,2,,2,,,,1,,,,,,,,,1,2,2,2,,,,,2,,,,,,,,,3,10,,2,,,,2,,,,,,,,,,,,,,1,1,1,2,1,1,8,,62,01,1,04,8,0141,1228500,05,4467.6869151,
5431981,1,1,1,60,2,5,2,,,,,,,,,,,240,,,,,,,,,,,,,,,,,,,,,,,,,,,,,,,,,,,,,,,,,,,,,,,7,,2,,,2,150000,1,1500000,3,,12,2,,,,,2,6,1,35,2,,35,,,1,8,,2,,2,,,,1,,,,,,,,,1,2,2,1,0,60,8,,2,,,,,,,,2,3,5,,2,,,,2,,,,,,,,,,,,,,1,1,1,2,1,1,3,,62,01,1,04,4,0123,150000,05,5010.7047555,
5431982,1,2,1,60,2,5,2,,,,,,,,,,,48,,,,,,,,,,,,,,,,,,,,,,,,,,,,,,,,,,,,,,,,,,,,,,,7,,2,,,2,100000,1,2400000,3,,12,2,,,,,2,9,2,60,,.,50,6,,1,8,,2,,2,,,,1,,,,,,,,,1,2,2,1,0,12,8,,1,5,6,8,,0,2,8,10,3,5,2,2,,,,2,,,,,,,,,,,,,,1,1,1,2,1,1,8,,62,01,1,04,4,0123,100000,05,2629.4395173,
5431983,1,1,1,60,2,5,2,,,,,,,,,,,8,,,,,,,,,,,,,,,,,,,,,,,,,,,,,,,,,,,,,,,,,,,,,,,7,,1,1,2021,1,15000000,1,120000000,3,,10,1,60,60,0,0,2,3,1,40,,.,40,,,8,1,,1,,1,2,1,98,1,1,,,,1,,,,,1,1,1,2,7,1,,2,,,,,,,,3,14,,,2,,,,2,,,,,,,,,,,,,,1,1,1,2,1,1,9,,21,52,1,04,5,5224,15000000,05,2629.4395173,
5431983,1,2,1,60,2,5,2,,,,,,,,,,,13,,,,,,,,,,,,,,,,,,,,,,,,,,,,,,,,,,,,,,,,,,,,,,,7,,2,,,2,1000000,1,12000000,3,,12,1,1,1,0,0,2,3,2,50,,.,50,,,2,8,,5,,2,,,,1,,,,,,,,,1,2,2,1,0,24,4,,2,,,,,,,,3,3,10,,2,,,,2,,,,,,,,,,,,,,1,1,1,2,1,1,3,,61,01,1,04,5,0123,1000000,05,2629.4395173,
5431984,1,1,1,60,2,5,2,,,,,,,,,,,96,,,,,,,,,,,,,,,,,,,,,,,,,,,,,,,,,,,,,,,,,,,,,,,7,,2,,,2,100000,1,800000,2,,12,2,,,,,2,6,1,36,2,,36,,,1,8,,2,,2,,,,1,,,,,,,,,1,2,2,1,0,3,4,,2,,,,,,,,3,3,5,,1,16,2,1,2,,,,,,,,,,,,,,1,2,1,2,1,1,3,,62,01,1,04,4,0113,100000,05,4987.3701143,
5431985,1,1,1,60,2,5,1,1,,,1,,,2,2,2,2,17,,1,,2,680000,2,,,1,400000,1,100000,2,,2,,2,,,2,,,2,,,2,,,2,,,2,,,2,,2,,2,,2,,2,,2,,,.,,,,,,,,,.,12,,,,,,,,,48,,.,48,,,2,8,,2,,2,,,,1,,,,,,,,,1,2,2,1,3,36,8,,2,,,,,,,,3,3,20,,2,,,,2,,,,,,,,,,,,,,1,1,1,2,1,1,8,,62,01,1,04,8,0141,1180000,05,4987.3701143,
5431986,1,2,1,60,2,5,1,1,,,1,,,1,2,2,2,84,,1,,2,908500,2,,,2,,1,300000,2,,2,,2,,,2,,,2,,,2,,,2,,,2,,,2,,2,,2,,2,,2,,2,,,.,,,,,,,,,.,12,,,,,,,,,66,,.,66,,,2,8,,2,,2,,,,1,,,,,,,,,1,2,2,1,6,72,6,,2,,,,,,,,3,3,30,,2,,,,2,,,,,,,,,,,,,,1,2,2,2,1,1,8,,62,01,1,04,8,0141,1208500,05,5948.5928643,
5431987,1,1,1,60,2,5,2,,,,,,,,,,,156,,,,,,,,,,,,,,,,,,,,,,,,,,,,,,,,,,,,,,,,,,,,,,,7,,2,,,3,200000,1,2000000,3,,12,2,,,,,1,3,2,40,,.,40,,,1,8,,10,,2,,,,1,,,,,,,,,1,2,2,1,0,12,4,,2,,,,,,,,3,3,10,,2,,,,2,,,,,,,,,,,,,,1,2,1,2,1,1,3,,62,01,1,04,4,0113,200000,05,5010.7047555,
5432005,1,1,1,60,2,5,2,,,,,,,,,,,228,,,,,,,,,,,,,,,,,,,,,,,,,,,,,,,,,,,,,,,,,,,,,,,7,,2,,,2,670000,1,5940000,3,,12,2,,,,,2,9,2,60,,.,60,,,1,8,,2,,2,,,,1,,,,,,,,,1,2,2,1,0,24,1,,2,,,,,,,,9,3,10,,2,,,,2,,,,,,,,,,,,,,1,1,1,2,1,1,8,,61,01,1,04,4,0123,670000,05,4876.6389758,
5432005,1,3,1,60,2,5,1,2,1,,1,,,2,1,2,1,8,,1,,2,908500,2,,,2,,2,,2,,2,,2,,,1,98,2,2,,,2,,,2,,,2,,,1,400000,2,,2,,2,,2,,2,,,.,,,,,,,,,.,8,,,,,,,,,48,,.,48,,,9,7,,1,,1,1,1,0,1,1,,,,,,,,,1,1,1,6,60,1,,2,,,,,,,,2,11,30,,2,,,,2,,,,,,,,,,,,,,1,1,1,2,1,1,8,,62,01,1,04,8,0115,908500,05,4876.6389758,
5432006,1,1,1,60,2,5,2,,,,,,,,,,,120,,,,,,,,,,,,,,,,,,,,,,,,,,,,,,,,,,,,,,,,,,,,,,,7,,2,,,2,300000,1,4000000,3,,12,2,,,,,2,3,2,40,,.,40,,,1,8,,2,,2,,,,1,,,,,,,,,1,2,2,1,0,60,4,,2,,,,,,,,3,3,10,,2,,,,1,1,2,1,2,2,2,2,1,1,2,,2,2,1,1,1,2,1,1,6,,62,01,1,04,4,0111,300000,05,3512.5747549,
5432007,1,1,1,60,2,5,2,,,,,,,,,,,480,,,,,,,,,,,,,,,,,,,,,,,,,,,,,,,,,,,,,,,,,,,,,,,7,,2,,,2,80000,1,600000,2,,12,2,,,,,2,5,2,30,2,,30,,,1,8,,2,,2,,,,1,,,,,,,,,1,2,2,1,0,120,4,,2,,,,,,,,13,3,10,,2,,,,2,,,,,,,,,,,,,,1,1,1,2,1,1,3,,62,01,1,04,4,0123,80000,05,3126.9573354,
5432007,1,3,1,60,2,5,2,,,,,,,,,,,370,,,,,,,,,,,,,,,,,,,,,,,,,,,,,,,,,,,,,,,,,,,,,,,6,,,,,2,420000,1,500000,3,,12,2,,,,,2,1,1,40,,.,40,,,1,8,,2,,2,,,,1,,,,,,,,,1,2,2,1,0,120,6,,2,,,,,,,,3,3,60,,2,,,,2,,,,,,,,,,,,,,1,1,1,2,1,1,8,,62,01,1,04,4,0162,420000,05,3126.9573354,
5432008,1,1,1,60,2,5,1,2,1,,1,,,1,1,2,1,11,,1,,2,908000,2,,,2,,2,,2,,2,,2,,,1,106000,2,1,136000,2,2,,,2,,,2,,,1,900000,2,,2,,2,,2,,2,,,.,,,,,,,,,.,11,,,,,,,,,48,,.,48,,,9,8,,1,,1,1,1,98,1,1,,,,,,,,,1,1,1,2,12,8,,2,,,,,,,,5,11,20,,2,,,,2,,,,,,,,,,,,,,1,1,1,2,1,1,8,,62,01,1,04,8,0115,908000,05,8335.393962,
5432009,1,1,1,60,2,5,2,,,,,,,,,,,60,,,,,,,,,,,,,,,,,,,,,,,,,,,,,,,,,,,,,,,,,,,,,,,7,,2,,,2,2000000,1,24000000,3,,12,1,4,4,0,0,2,5,1,45,,.,45,,,3,8,,2,,2,,,,1,,,,,,,,,1,2,2,1,0,240,5,,2,,,,,,,,2,10,30,,2,,,,2,,,,,,,,,,,,,,1,1,1,2,1,1,5,,61,01,1,04,5,0124,2000000,05,3375.1316144,
5432010,1,1,1,60,2,5,2,,,,,,,,,,,60,,,,,,,,,,,,,,,,,,,,,,,,,,,,,,,,,,,,,,,,,,,,,,,7,,2,,,2,0,1,1000000,3,,12,1,1,0,1,0,2,9,2,10,2,,10,,,2,8,,2,,2,,,,1,,,,,,,,,1,2,2,1,0,120,4,,2,,,,,,,,2,3,5,,2,,,,2,,,,,,,,,,,,,,2,1,1,2,1,1,3,,62,01,1,04,4,0123,0,05,3375.1316144,
5432010,1,2,1,60,2,5,2,,,,,,,,,,,60,,,,,,,,,,,,,,,,,,,,,,,,,,,,,,,,,,,,,,,,,,,,,,,7,,2,,,2,0,1,1000000,3,,12,2,,,,,2,9,2,10,2,,10,,,2,8,,2,,2,,,,1,,,,,,,,,1,2,2,1,0,120,4,,2,,,,,,,,2,3,5,,2,,,,2,,,,,,,,,,,,,,2,2,1,2,1,1,8,,62,01,1,04,4,0123,0,05,3375.1316144,
5432011,1,1,1,60,2,5,2,,,,,,,,,,,36,,,,,,,,,,,,,,,,,,,,,,,,,,,,,,,,,,,,,,,,,,,,,,,6,,,,,2,300000,1,3600000,3,,12,2,,,,,2,1,1,24,1,,24,,,1,8,,2,,2,,,,1,,,,,,,,,1,2,2,2,,,,,2,,,,,,,,,3,30,,1,35,1,1,1,1,1,1,2,2,2,2,2,2,2,,1,1,1,2,2,2,2,2,3,,62,01,1,04,4,0161,300000,05,6256.2183295,
5432013,1,1,1,60,2,5,1,1,,,1,,,2,2,2,2,3,,1,,2,480000,2,,,2,,2,,2,,2,,2,,,2,,,2,,,2,,,2,,,2,,,2,,2,,2,,2,,2,,2,,,.,,,,,,,,,.,12,,,,,,,,,30,1,,30,,,3,8,,2,,2,,,,1,,,,,,,,,1,2,2,1,0,4,8,,2,,,,,,,,3,3,15,,1,15,2,1,2,,,,,,,,,,,,,,1,1,1,2,1,1,8,,62,01,1,04,8,0141,480000,05,8849.2656199,
5432014,1,1,1,60,2,5,2,,,,,,,,,,,60,,,,,,,,,,,,,,,,,,,,,,,,,,,,,,,,,,,,,,,,,,,,,,,7,,2,,,2,500000,1,4500000,3,,12,2,,,,,2,3,2,40,,.,40,,,1,8,,2,,2,,,,1,,,,,,,,,1,2,2,1,0,84,8,,2,,,,,,,,10,3,15,,2,,,,2,,,,,,,,,,,,,,1,1,1,2,1,1,3,,61,01,1,04,4,0122,500000,05,2629.4395173,
5432015,1,1,1,60,2,5,2,,,,,,,,,,,36,,,,,,,,,,,,,,,,,,,,,,,,,,,,,,,,,,,,,,,,,,,,,,,7,,2,,,2,1000000,1,12000000,3,,12,1,1,0,1,0,1,3,2,48,,.,48,,,2,8,,2,,2,,,,1,,,,,,,,,1,2,2,1,0,24,8,,2,,,,,,,,10,3,10,,2,,,,2,,,,,,,,,,,,,,1,1,1,2,1,1,5,,61,01,1,04,4,0123,1000000,05,3677.7048463,
5432016,1,1,1,60,2,5,2,,,,,,,,,,,144,,,,,,,,,,,,,,,,,,,,,,,,,,,,,,,,,,,,,,,,,,,,,,,7,,2,,,2,300000,1,2000000,3,,12,2,,,,,2,9,2,40,,.,16,6,,1,8,,2,,2,,,,1,,,,,,,,,1,2,2,2,,,,,1,5,16,4,,0,1,8,,3,10,2,2,,,,2,,,,,,,,,,,,,,1,1,1,2,1,1,8,,62,01,1,04,4,0123,300000,05,7056.6632978,
5432017,1,1,1,60,2,5,2,,,,,,,,,,,264,,,,,,,,,,,,,,,,,,,,,,,,,,,,,,,,,,,,,,,,,,,,,,,7,,2,,,2,700000,1,9000000,3,,12,1,1,1,0,0,1,3,1,48,,.,48,,,2,8,,2,,2,,,,1,,,,,,,,,1,2,2,1,0,144,4,,2,,,,,,,,10,3,10,,2,,,,2,,,,,,,,,,,,,,1,1,1,1,1,1,9,,61,01,1,04,5,0123,700000,05,4669.8622001,
5432017,1,2,1,60,2,5,2,,,,,,,,,,,240,,,,,,,,,,,,,,,,,,,,,,,,,,,,,,,,,,,,,,,,,,,,,,,7,,2,,,3,70000,1,800000,3,,12,2,,,,,2,4,1,14,2,,14,,,1,5,,2,,2,,,,1,,,,,,,,,1,2,2,2,,,,,2,,,,,,,,,3,30,,2,,,,2,,,,,,,,,,,,,,1,1,1,2,1,1,3,,45,01,1,04,4,0145,70000,05,4669.8622001,
5432017,1,3,1,60,2,5,1,1,,,1,,,1,2,2,2,10,,1,,2,150000,2,,,2,,2,,2,,2,,2,,,2,,,2,,,2,,,2,,,2,,,2,,2,,2,,2,,2,,2,,,.,,,,,,,,,.,10,,,,,,,,,20,2,,20,,,2,8,,2,,2,,,,1,,,,,,,,,1,2,2,1,2,10,4,,2,,,,,,,,1,11,30,,2,,,,2,,,,,,,,,,,,,,1,1,1,2,1,1,8,,62,01,1,04,8,0123,150000,05,4669.8622001,
5432018,1,1,1,60,2,5,2,,,,,,,,,,,24,,,,,,,,,,,,,,,,,,,,,,,,,,,,,,,,,,,,,,,,,,,,,,,6,,,,,2,250000,1,2400000,3,,12,2,,,,,2,10,1,50,,.,20,6,,1,8,,10,,2,,,,1,,,,,,,,,1,2,2,1,1,24,1,,2,,,,,,,,3,3,15,2,2,,,,1,1,2,1,2,2,1,2,1,1,2,,1,1,2,2,2,2,2,1,8,,71,07,1,04,4,0722,250000,05,4987.3701143,
5432019,1,1,1,60,2,5,2,,,,,,,,,,,0,,,,,,,,,,,,,,,,,,,,,,,,,,,,,,,,,,,,,,,,,,,,,,,6,,,,,2,0,1,2000000,3,,12,2,,,,,2,1,1,10,1,,10,,,1,5,,11,,2,,,,1,,,,,,,,,1,2,2,1,0,1,8,,2,,,,,,,,1,11,20,,1,38,1,1,1,1,1,1,2,1,2,2,2,2,2,,1,1,2,2,2,2,2,1,8,,85,95,1,04,4,9511,0,05,7857.1082661,
5432020,1,1,1,60,2,5,2,,,,,,,,,,,24,,,,,,,,,,,,,,,,,,,,,,,,,,,,,,,,,,,,,,,,,,,,,,,6,,,,,2,500000,1,4000000,3,,12,2,,,,,2,8,1,10,1,,10,,,1,5,,10,,2,,,,1,,,,,,,,,1,2,2,1,0,48,4,,2,,,,,,,,3,11,60,,1,40,1,1,1,1,1,1,2,1,2,2,2,2,2,,2,1,1,1,1,2,2,1,8,,85,61,1,04,4,6190,500000,05,6266.1007785,
5432021,1,1,1,60,2,5,1,2,1,,1,,,1,1,1,1,72,,5,,1,1500000,2,,,2,,1,350000,2,,2,,1,90000,2,1,108000,2,1,65000,2,2,,,2,,,1,290000,2,1,1500000,1,750000,2,,2,,2,,2,,,.,,,,,,,,,.,12,,,,,,,,,48,,.,48,,,9,7,,1,,1,3,1,7,1,1,,,,,,,,,1,1,1,0,12,1,,2,,,,,,,,8,3,2,,1,15,2,1,2,,,,,,,,,,,,,,1,1,1,1,1,1,1,,13,85,1,04,2,8530,1850000,05,4987.3701143,
5432022,1,1,1,60,2,5,2,,,,,,,,,,,275,,,,,,,,,,,,,,,,,,,,,,,,,,,,,,,,,,,,,,,,,,,,,,,7,,2,,,2,300000,1,3000000,3,,12,2,,,,,1,10,2,40,,.,40,,,1,8,,2,,2,,,,1,,,,,,,,,1,2,2,1,0,120,4,,2,,,,,,,,6,3,6,,2,,,,2,,,,,,,,,,,,,,1,1,1,2,1,1,10,SUBSIDIOS,61,01,1,04,4,0123,300000,05,3375.1316144,
5432023,1,1,1,60,2,5,2,,,,,,,,,,,72,,,,,,,,,,,,,,,,,,,,,,,,,,,,,,,,,,,,,,,,,,,,,,,7,,2,,,2,300000,1,3600000,3,,12,1,1,0,1,0,1,3,2,48,,.,5,7,ESTABA EN OTRO TRABAJO,2,8,,2,,1,4,2,3,1,,,1,,,,,,,2,2,1,36,84,4,,1,5,40,1,,200000,2,2,2,3,10,,2,,,,2,,,,,,,,,,,,,,1,1,1,2,1,1,5,,62,01,1,04,4,0123,500000,05,4693.1968413,
5432023,1,2,1,60,2,5,2,,,,,,,,,,,276,,,,,,,,,,,,,,,,,,,,,,,,,,,,,,,,,,,,,,,,,,,,,,,7,,2,,,2,300000,1,3600000,3,,12,2,,,,,1,10,2,48,,.,5,7,ESTABA EN OTRO TRABAJO,2,8,,3,,2,,,,1,,,,,,,,,1,2,2,1,6,60,4,,1,5,48,5,,0,2,2,2,3,5,,2,,,,2,,,,,,,,,,,,,,2,2,2,2,2,1,8,,61,01,1,04,4,0123,300000,05,4693.1968413,
5432024,1,1,1,60,2,5,2,,,,,,,,,,,72,,,,,,,,,,,,,,,,,,,,,,,,,,,,,,,,,,,,,,,,,,,,,,,6,,,,,2,250000,1,1750000,3,,12,2,,,,,3,3,2,20,1,,10,1,,1,5,,2,,2,,,,1,,,,,,,,,1,2,2,1,0,48,4,,2,,,,,,,,3,3,30,2,1,20,2,1,2,,,,,,,,,,,,,,1,1,1,2,1,1,8,,84,33,1,04,4,3312,250000,05,9645.05923,
5432024,1,2,1,60,2,5,2,,,,,,,,,,,24,,,,,,,,,,,,,,,,,,,,,,,,,,,,,,,,,,,,,,,,,,,,,,,7,,2,,,2,200000,1,1000000,3,,12,2,,,,,3,4,1,70,,.,70,,,1,1,,2,,2,,,,1,,,,,,,,,1,2,2,2,,,,,2,,,,,,,,,14,,,2,,,,1,1,1,2,1,2,2,2,2,2,2,,2,2,1,2,2,2,1,1,8,,41,47,1,04,4,4724,200000,05,9645.05923,
5432025,1,1,1,60,2,5,2,,,,,,,,,,,24,,,,,,,,,,,,,,,,,,,,,,,,,,,,,,,,,,,,,,,,,,,,,,,6,,,,,2,800000,1,12000000,3,,12,2,,,,,2,9,2,40,,.,40,,,1,8,,2,,2,,,,1,,,,,,,,,1,2,2,2,,,,,2,,,,,,,,,3,20,,2,,,,2,,,,,,,,,,,,,,1,1,1,2,1,1,5,,71,07,1,04,4,0722,800000,05,9931.1019574,
5432027,1,1,1,60,2,5,2,,,,,,,,,,,120,,,,,,,,,,,,,,,,,,,,,,,,,,,,,,,,,,,,,,,,,,,,,,,6,,,,,2,400000,1,4000000,3,,12,2,,,,,2,9,2,40,,.,30,6,,1,11,EN CABALLO,2,,2,,,,1,,,,,,,,,1,2,2,1,0,60,4,,2,,,,,,,,2,3,30,2,2,,,,2,,,,,,,,,,,,,,2,2,1,2,1,2,8,,97,49,1,04,4,4923,400000,05,2629.4395173,
5432028,1,1,1,60,2,5,2,,,,,,,,,,,360,,,,,,,,,,,,,,,,,,,,,,,,,,,,,,,,,,,,,,,,,,,,,,,7,,2,,,2,900000,1,8000000,3,,12,1,2,2,0,0,2,9,2,60,,.,60,,,2,11,EN UN CABALLO,2,,2,,,,1,,,,,,,,,1,2,2,2,,,,,2,,,,,,,,,3,5,,2,,,,2,,,,,,,,,,,,,,1,1,1,2,1,1,8,,97,49,1,04,5,4923,900000,05,2629.4395173,
5432029,1,2,1,60,2,5,2,,,,,,,,,,,4,,,,,,,,,,,,,,,,,,,,,,,,,,,,,,,,,,,,,,,,,,,,,,,6,,,,,2,1000000,1,4000000,3,,12,2,,,,,2,3,1,84,,.,84,,,1,10,,2,,2,,,,1,,,,,,,,,1,2,2,1,0,18,4,,1,5,0,4,,200000,1,8,8,3,15,,2,,,,2,,,,,,,,,,,,,,1,1,1,2,1,2,1,,71,07,1,04,4,0722,1200000,05,2877.259878,
5432030,1,1,1,60,2,5,2,,,,,,,,,,,60,,,,,,,,,,,,,,,,,,,,,,,,,,,,,,,,,,,,,,,,,,,,,,,6,,,,,2,800000,1,9000000,3,,12,2,,,,,2,3,2,40,,.,40,,,1,8,,2,,2,,,,1,,,,,,,,,1,2,2,2,,,,,2,,,,,,,,,10,20,,2,,,,1,1,2,1,2,2,2,2,1,1,2,,2,1,2,2,2,2,2,1,8,,62,01,1,04,4,0161,800000,05,5419.6568162,
5432033,1,1,1,60,2,5,2,,,,,,,,,,,96,,,,,,,,,,,,,,,,,,,,,,,,,,,,,,,,,,,,,,,,,,,,,,,6,,,,,2,420000,1,3360000,3,,12,2,,,,,2,1,1,32,1,,32,,,1,8,,11,,2,,,,1,,,,,,,,,1,2,2,1,2,36,4,,2,,,,,,,,3,3,90,,2,,,,2,,,,,,,,,,,,,,1,2,2,2,2,1,8,,62,01,1,04,4,0161,420000,05,3375.1316144,
5432062,1,1,1,60,2,17,1,2,1,,1,,,1,1,2,1,5,,1,,2,908526,2,,,2,,1,300000,2,,2,,2,,,2,,,1,33800,2,2,,,2,,,2,,,2,,2,,2,,2,,2,,2,,,.,,,,,,,,,.,5,,,,,,,,,55,,.,55,,,2,8,,1,,1,2,1,9,1,1,,,,,,,,,1,1,1,7,30,1,,2,,,,,,,,2,3,5,,2,,,,2,,,,,,,,,,,,,,1,1,1,2,1,1,9,,60,93,1,04,1,9329,1208526,17,1572.9676916,
5432064,1,1,1,60,2,17,1,1,,,1,,,1,1,2,1,3,,1,,2,908526,2,,,2,,2,,2,,2,,2,,,2,,,2,,,2,,,2,,,2,,,1,877803,2,,2,,2,,2,,2,,,.,,,,,,,,,.,12,,,,,,,,,50,,.,50,,,3,8,,1,,1,2,1,20,1,1,,,,,,,,,1,2,1,0,60,1,,2,,,,,,,,7,3,10,,2,,,,2,,,,,,,,,,,,,,1,1,1,2,1,1,5,,60,01,1,04,1,0122,908526,17,885.68425155,
5432064,1,2,1,60,2,17,2,,,,,,,,,,,3,,,,,,,,,,,,,,,,,,,,,,,,,,,,,,,,,,,,,,,,,,,,,,,6,,,,,2,640000,1,1920000,3,,12,2,,,,,2,3,2,40,,.,40,,,1,2,,3,,2,,,,1,,,,,,,,,1,2,2,1,0,60,3,,2,,,,,,,,9,3,10,,2,,,,2,,,,,,,,,,,,,,1,1,1,2,1,1,3,,55,81,1,04,4,8121,640000,17,885.68425155,
5432064,1,3,1,60,2,17,2,,,,,,,,,,,60,,,,,,,,,,,,,,,,,,,,,,,,,,,,,,,,,,,,,,,,,,,,,,,6,,,,,2,1200000,1,14400000,3,,12,2,,,,,2,3,2,60,,.,60,,,1,8,,4,,2,,,,1,,,1,,,,,,,2,2,1,2,24,1,,2,,,,,,,,8,11,30,,2,,,,2,,,,,,,,,,,,,,1,1,1,2,1,1,2,,44,46,1,04,4,4620,1200000,17,885.68425155,
5432066,1,1,1,60,2,17,1,1,,,1,,,1,1,2,1,108,,1,,2,908526,2,,,2,,1,200000,2,,2,,2,,,2,,,1,33100,2,2,,,2,,,2,,,1,877803,2,,2,,2,,2,,2,,,.,,,,,,,,,.,12,,,,,,,,,70,,.,70,,,2,1,,1,,1,1,1,12,1,1,,,,,,,,,1,1,1,0,24,1,,2,,,,,,,,2,14,,,2,,,,2,,,,,,,,,,,,,,1,1,1,2,1,1,5,,55,68,1,04,1,6820,1108526,17,1572.9676916,
5432066,1,2,1,60,2,17,1,1,,,1,,,2,2,2,2,108,,1,,2,200000,2,,,1,40000,2,,2,,2,,2,,,2,,,2,,,2,,,2,,,2,,,2,,2,,2,,2,,2,,2,,,.,,,,,,,,,.,12,,,,,,,,,10,1,,10,,,1,2,,3,,2,,,,1,,,,,,,,,1,2,2,1,0,24,3,,2,,,,,,,,1,3,3,,1,40,2,1,1,1,1,1,2,2,2,1,2,2,2,,2,9,2,2,2,2,1,1,3,,54,97,1,04,3,9700,240000,17,1572.9676916,
5432066,1,3,1,60,2,17,2,,,,,,,,,,,12,,,,,,,,,,,,,,,,,,,,,,,,,,,,,,,,,,,,,,,,,,,,,,,6,,,,,2,200000,1,2400000,3,,12,2,,,,,3,3,1,18,1,,18,,,1,8,,3,,2,,,,1,,,,,,,,,1,2,2,2,,,,,2,,,,,,,,,11,5,,1,20,2,1,2,,,,,,,,,,,,,,1,1,2,2,2,1,3,,97,93,1,04,4,9312,200000,17,1572.9676916,
5432068,1,1,1,60,2,17,1,2,1,,1,,,2,1,2,1,3,,1,,2,908526,2,,,2,,1,300000,2,,2,,2,,,2,,,1,105000,2,2,,,2,,,2,,,2,,2,,2,,2,,2,,2,,,.,,,,,,,,,.,12,,,,,,,,,48,,.,48,,,2,8,,1,,1,2,1,3,1,1,,,,,,,,,1,1,1,0,36,1,,2,,,,,,,,3,3,2,,2,,,,1,1,1,1,2,1,1,2,2,2,2,,1,1,1,2,2,2,2,1,1,,62,93,1,04,1,9329,1208526,17,3141.8350762,
5432069,1,1,1,60,2,17,1,2,2,12,1,,,1,1,2,1,48,,1,,2,908526,2,,,2,,1,500000,2,,2,,2,,,2,,,1,33100,2,2,,,2,,,2,,,1,877803,2,,2,,2,,2,,2,,,.,,,,,,,,,.,12,,,,,,,,,70,,.,70,,,2,2,,1,,1,1,3,4,1,1,,,,,,,,,1,1,1,0,24,1,,2,,,,,,,,3,3,10,,2,,,,2,,,,,,,,,,,,,,1,1,1,2,1,1,3,,54,97,1,04,3,9700,1408526,17,1664.4210881,
5432071,1,2,1,60,2,17,1,2,1,,1,,,1,1,2,1,48,,1,,2,908526,2,,,2,,2,,2,,2,,2,,,1,106454,2,1,33800,2,2,,,2,,,2,,,1,877803,2,,2,,2,,2,,2,,,.,,,,,,,,,.,12,,,,,,,,,48,,.,48,,,5,10,,1,,1,1,1,15,1,1,,,,,,,,,1,1,1,0,12,1,,2,,,,,,,,1,3,10,,2,,,,2,,,,,,,,,,,,,,1,1,1,2,1,1,1,,97,08,1,04,1,0811,908526,17,885.68425155,
5432073,1,1,1,60,2,17,1,1,,,1,,,2,2,2,2,10,,1,,2,1200000,2,,,2,,1,300000,2,,2,,2,,,2,,,1,66000,2,2,,,2,,,2,,,2,,2,,2,,2,,2,,2,,,.,,,,,,,,,.,12,,,,,,,,,55,,.,55,,,6,8,,1,,1,2,1,15,1,1,,,,,,,,,1,1,1,0,2,8,,1,17,5,4,,3000000,2,1,3,3,10,,2,,,,1,1,2,1,1,2,1,2,2,2,2,,2,1,2,2,2,2,2,1,8,,60,01,1,04,1,0122,4500000,17,885.68425155,
5432073,1,2,1,60,2,17,2,,,,,,,,,,,10,,,,,,,,,,,,,,,,,,,,,,,,,,,,,,,,,,,,,,,,,,,,,,,,.,,,,,,,,,.,10,,,,,,,,,50,,.,50,,,2,1,,3,,2,,,,1,,,,,,,,,1,2,2,2,,,,,2,,,,,,,,,14,,,2,,,,2,,,,,,,,,,,,,,1,1,1,2,2,1,3,,53,01,1,04,7,0119,,17,885.68425155,
5432074,1,1,1,60,2,18,1,1,,,1,,,1,2,2,2,24,,1,,2,900000,2,,,2,,2,,2,,2,,2,,,2,,,2,,,2,,,2,,,2,,,2,,2,,2,,2,,2,,2,,,.,,,,,,,,,.,12,,,,,,,,,58,,.,58,,,2,8,,2,,2,,,,1,,,,,,,,,1,2,2,1,0,15,4,,2,,,,,,,,3,3,9,,2,,,,2,,,,,,,,,,,,,,2,2,2,2,1,1,8,,60,01,1,04,1,0141,900000,18,3542.7370062,
5432075,1,1,1,60,2,18,1,1,,,1,,,1,2,2,2,5,,1,,2,800000,2,,,2,,1,200000,2,,2,,2,,,2,,,2,,,2,,,2,,,2,,,2,,2,,2,,2,,2,,2,,,.,,,,,,,,,.,12,,,,,,,,,48,,.,48,,,2,8,,2,,2,,,,1,,,,,,,,,1,2,2,1,0,216,4,,2,,,,,,,,3,3,30,,2,,,,2,,,,,,,,,,,,,,1,1,1,2,1,1,3,,60,01,1,04,1,0144,1000000,18,2980.732261,
5432076,1,1,1,60,2,18,1,1,,,1,,,1,2,2,2,60,,1,,2,908000,2,,,2,,2,,2,,2,,2,,,2,,,2,,,2,,,2,,,2,,,2,,2,,2,,2,,2,,2,,,.,,,,,,,,,.,12,,,,,,,,,52,,.,52,,,2,8,,2,,2,,,,1,,,,,,,,,1,2,2,1,0,12,8,,2,,,,,,,,3,3,8,,2,,,,2,,,,,,,,,,,,,,1,1,1,2,1,1,9,,60,01,1,04,1,0141,908000,18,1734.0705068,
5432076,1,3,1,60,2,18,1,1,,,1,,,2,2,2,2,12,,1,,2,500000,2,,,2,,2,,2,,2,,2,,,2,,,2,,,2,,,2,,,2,,,2,,2,,2,,2,,2,,2,,,.,,,,,,,,,.,12,,,,,,,,,46,,.,46,,,2,8,,2,,2,,,,1,,,,,,,,,1,2,2,1,0,5,4,,2,,,,,,,,3,3,30,,2,,,,2,,,,,,,,,,,,,,1,1,1,2,1,1,9,,62,01,1,04,8,0141,500000,18,1734.0705068,
5432077,1,1,1,60,2,18,1,1,,,1,,,1,1,1,2,3,,1,,2,900000,2,,,2,,1,150000,2,,2,,2,,,2,,,2,,,2,,,2,,,2,,,2,,2,,2,,2,,2,,2,,,.,,,,,,,,,.,12,,,,,,,,,50,,.,50,,,2,8,,1,,2,,,,1,,,,,,,,,1,1,2,1,0,15,1,,2,,,,,,,,1,3,40,,2,,,,2,,,,,,,,,,,,,,1,1,1,2,1,1,3,,60,01,1,04,1,0141,1050000,18,3542.7370062,
5432078,1,1,1,60,2,18,1,1,,,1,,,1,2,2,2,8,,1,,2,915000,2,,,2,,2,,2,,2,,2,,,2,,,2,,,2,,,2,,,2,,,2,,2,,2,,2,,2,,2,,,.,,,,,,,,,.,12,,,,,,,,,52,,.,52,,,2,8,,2,,2,,,,1,,,,,,,,,1,2,2,1,0,16,4,,2,,,,,,,,3,3,5,,2,,,,2,,,,,,,,,,,,,,1,1,1,2,1,1,9,,60,01,1,04,1,0141,915000,18,2607.4966242,
5432079,1,1,1,60,2,18,2,,,,,,,,,,,252,,,,,,,,,,,,,,,,,,,,,,,,,,,,,,,,,,,,,,,,,,,,,,,7,,2,,,2,300000,1,3600000,3,,12,1,1,0,0,1,1,3,2,20,2,,20,,,2,8,,2,,2,,,,1,,,,,,,,,1,2,2,1,0,72,4,,2,,,,,,,,3,3,5,,2,,,,2,,,,,,,,,,,,,,1,1,1,2,1,1,3,,61,01,1,04,4,0141,300000,18,1045.4051995,
5432079,1,2,1,60,2,18,2,,,,,,,,,,,240,,,,,,,,,,,,,,,,,,,,,,,,,,,,,,,,,,,,,,,,,,,,,,,6,,,,,2,600000,1,7200000,3,,12,2,,,,,2,1,1,48,,.,48,,,1,8,,2,,2,,,,1,,,,,,,,,1,2,2,1,0,72,6,,1,18,14,6,,,2,8,3,3,30,,2,,,,1,1,2,1,2,2,2,2,1,2,2,,2,1,1,2,1,2,2,1,3,,61,01,1,04,4,0161,600000,18,1045.4051995,
5432080,1,1,1,60,2,18,2,,,,,,,,,,,28,,,,,,,,,,,,,,,,,,,,,,,,,,,,,,,,,,,,,,,,,,,,,,,7,,2,,,2,400000,1,4800000,3,,12,2,,,,,1,1,2,45,,.,45,,,1,8,,2,,2,,,,1,,,,,,,,,1,2,2,1,0,66,1,,2,,,,,,,,3,3,4,,2,,,,2,,,,,,,,,,,,,,1,1,1,2,1,1,9,,61,01,1,04,4,0141,400000,18,1687.7750038,
5432081,1,1,1,60,2,18,2,,,,,,,,,,,468,,,,,,,,,,,,,,,,,,,,,,,,,,,,,,,,,,,,,,,,,,,,,,,7,,2,,,2,200000,1,2400000,3,,12,2,,,,,2,3,2,20,2,,20,,,1,8,,2,,2,,,,1,,,,,,,,,1,2,2,2,,,,,2,,,,,,,,,3,5,,2,,,,2,,,,,,,,,,,,,,1,1,1,2,1,1,3,,61,01,1,04,4,0145,200000,18,1220.4520953,
5432082,1,1,1,60,2,18,1,1,,,1,,,1,2,2,2,6,,1,,2,600000,2,,,2,,2,,2,,2,,2,,,2,,,2,,,2,,,2,,,2,,,2,,2,,2,,2,,2,,2,,,.,,,,,,,,,.,12,,,,,,,,,52,,.,52,,,2,8,,2,,2,,,,1,,,,,,,,,1,2,2,1,0,5,4,,2,,,,,,,,3,3,25,,2,,,,2,,,,,,,,,,,,,,1,1,1,2,1,1,9,,62,01,1,04,8,0141,600000,18,2877.1135894,
5432082,1,2,1,60,2,18,1,1,,,1,,,1,2,2,2,1,,1,,2,100000,2,,,2,,2,,2,,2,,2,,,2,,,2,,,2,,,2,,,2,,,2,,2,,2,,2,,2,,2,,,.,,,,,,,,,.,12,,,,,,,,,30,2,,30,,,1,2,,2,,2,,,,1,,,,,,,,,1,2,2,1,0,7,4,,2,,,,,,,,3,3,22,,2,,,,2,,,,,,,,,,,,,,1,1,1,2,1,1,9,,54,97,1,04,3,9700,100000,18,2877.1135894,
5432083,1,1,1,60,2,18,1,1,,,1,,,1,2,2,2,30,,1,,2,500000,2,,,1,200000,1,200000,2,,2,,2,,,2,,,2,,,2,,,2,,,2,,,2,,2,,2,,2,,2,,2,,,.,,,,,,,,,.,12,,,,,,,,,45,,.,45,,,2,8,,2,,2,,,,1,,,,,,,,,1,2,2,1,2,24,8,,2,,,,,,,,11,3,15,,2,,,,1,1,2,1,2,2,2,2,1,2,2,,2,1,1,1,1,2,1,1,8,,62,01,1,04,8,0141,900000,18,1687.7750038,
5432084,1,1,1,60,2,18,1,1,,,1,,,2,2,2,2,12,,1,,2,900000,2,,,2,,2,,2,,2,,2,,,2,,,2,,,2,,,2,,,2,,,2,,2,,2,,2,,2,,2,,,.,,,,,,,,,.,12,,,,,,,,,55,,.,55,,,2,8,,1,,2,,,,1,,,,,,,,,1,2,2,1,0,5,8,,2,,,,,,,,3,3,7,,2,,,,2,,,,,,,,,,,,,,1,1,1,2,1,1,9,,60,01,1,04,1,0141,900000,18,1934.0380532,
5432085,1,1,1,60,2,18,1,1,,,1,,,1,1,1,2,2,,1,,2,900000,2,,,2,,2,,2,,2,,2,,,2,,,2,,,2,,,2,,,2,,,2,,2,,2,,2,,2,,2,,,.,,,,,,,,,.,12,,,,,,,,,50,,.,50,,,2,8,,4,,2,,,,1,,,,,,,,,1,2,2,1,0,24,1,,1,18,16,4,,0,1,8,1,10,30,,2,,,,2,,,,,,,,,,,,,,1,1,1,2,1,1,2,,60,01,1,04,1,0141,900000,18,1734.0705068,
5432085,1,3,1,60,2,18,2,,,,,,,,,,,60,,,,,,,,,,,,,,,,,,,,,,,,,,,,,,,,,,,,,,,,,,,,,,,6,,,,,2,300000,1,3600000,3,,12,2,,,,,2,1,1,40,,.,40,,,1,8,,5,,2,,,,1,,,,,,,,,1,2,2,2,,,,,2,,,,,,,,,3,35,,2,,,,1,1,2,1,2,2,2,2,1,1,2,,1,1,1,2,1,2,2,1,3,,61,01,1,04,4,0161,300000,18,1734.0705068,
5432086,1,1,1,60,2,18,2,,,,,,,,,,,96,,,,,,,,,,,,,,,,,,,,,,,,,,,,,,,,,,,,,,,,,,,,,,,7,,2,,,2,700000,1,8400000,3,,12,2,,,,,1,10,2,52,,.,52,,,1,8,,2,,2,,,,1,,,,,,,,,1,2,2,1,0,5,1,,2,,,,,,,,3,3,9,,2,,,,2,,,,,,,,,,,,,,1,1,1,2,1,1,9,,61,01,1,04,4,0141,700000,18,206.47409564,
5432087,1,1,1,60,2,18,1,1,,,1,,,1,2,2,2,4,,1,,2,1000000,2,,,2,,1,200000,2,,2,,2,,,2,,,2,,,2,,,2,,,2,,,2,,2,,2,,2,,2,,2,,,.,,,,,,,,,.,12,,,,,,,,,52,,.,52,,,2,8,,2,,2,,,,1,,,,,,,,,1,2,2,1,0,120,4,,2,,,,,,,,3,10,35,,2,,,,2,,,,,,,,,,,,,,1,1,1,2,1,1,2,,60,01,1,04,1,0141,1200000,18,234.96211611,
5432088,1,1,1,60,2,18,1,1,,,1,,,1,2,2,2,2,,1,,2,600000,2,,,2,,2,,2,,2,,2,,,2,,,2,,,2,,,2,,,2,,,2,,2,,2,,2,,2,,2,,,.,,,,,,,,,.,12,,,,,,,,,52,,.,52,,,2,8,,2,,2,,,,1,,,,,,,,,1,2,2,1,0,5,4,,2,,,,,,,,3,3,30,,2,,,,2,,,,,,,,,,,,,,1,1,1,2,1,1,9,,62,01,1,04,8,0141,600000,18,334.97093762,
5432089,1,1,1,60,2,18,2,,,,,,,,,,,480,,,,,,,,,,,,,,,,,,,,,,,,,,,,,,,,,,,,,,,,,,,,,,,7,,2,,,2,600000,1,7200000,3,,12,2,,,,,1,3,2,40,,.,40,,,1,8,,2,,2,,,,1,,,,,,,,,1,2,2,1,0,144,6,,2,,,,,,,,8,3,15,,2,,,,1,1,2,2,2,2,2,2,1,2,2,,2,1,1,1,1,2,1,1,3,,61,01,1,04,4,0141,600000,18,206.85001777,
5432090,1,1,1,60,2,18,1,1,,,1,,,1,2,2,2,2,,1,,2,800000,2,,,2,,2,,2,,2,,2,,,2,,,2,,,2,,,2,,,2,,,2,,2,,2,,2,,2,,2,,,.,,,,,,,,,.,12,,,,,,,,,52,,.,52,,,2,8,,2,,2,,,,1,,,,,,,,,1,2,2,1,0,15,1,,2,,,,,,,,3,3,5,,2,,,,2,,,,,,,,,,,,,,1,1,1,2,1,1,9,,60,01,1,04,1,0141,800000,18,384.02741151,
5432091,1,1,1,60,2,18,2,,,,,,,,,,,360,,,,,,,,,,,,,,,,,,,,,,,,,,,,,,,,,,,,,,,,,,,,,,,7,,2,,,2,700000,1,8400000,3,,12,1,1,0,0,1,1,6,2,54,,.,54,,,2,8,,2,,2,,,,1,,,,,,,,,1,2,2,1,0,120,6,,2,,,,,,,,3,3,25,,2,,,,2,,,,,,,,,,,,,,1,1,1,2,1,1,2,,61,01,1,04,4,0141,700000,18,315.51198751,
5432091,1,3,1,60,2,18,2,,,,,,,,,,,60,,,,,,,,,,,,,,,,,,,,,,,,,,,,,,,,,,,,,,,,,,,,,,,,.,,,,,,,,,.,12,,,,,,,,,20,2,,20,,,2,8,,2,,2,,,,1,,,,,,,,,1,2,2,2,,,,,2,,,,,,,,,3,10,,2,,,,2,,,,,,,,,,,,,,1,1,1,2,1,1,3,,62,01,1,04,6,0141,,18,315.51198751,
5432092,1,1,1,60,2,18,2,,,,,,,,,,,120,,,,,,,,,,,,,,,,,,,,,,,,,,,,,,,,,,,,,,,,,,,,,,,7,,2,,,2,1000000,1,12000000,3,,12,1,1,1,0,0,1,1,1,52,,.,52,,,2,8,,3,,2,,,,1,,,,,,,,,1,2,2,1,0,5,1,,2,,,,,,,,3,3,5,,2,,,,2,,,,,,,,,,,,,,1,1,1,2,1,1,9,,61,01,1,04,5,0141,1000000,18,206.85001777,
5432092,1,2,1,60,2,18,1,1,,,1,,,1,2,2,2,4,,1,,2,700000,2,,,1,200000,2,,2,,2,,2,,,2,,,2,,,2,,,2,,,2,,,2,,2,,2,,2,,2,,2,,,.,,,,,,,,,.,12,,,,,,,,,52,,.,52,,,2,8,,2,,2,,,,1,,,,,,,,,1,2,2,1,0,12,8,,2,,,,,,,,3,3,7,,2,,,,2,,,,,,,,,,,,,,1,1,1,2,1,1,9,,62,01,1,04,8,0141,900000,18,206.85001777,
5432093,1,1,1,60,2,18,1,1,,,1,,,1,2,2,2,1,,1,,2,450000,2,,,1,300000,2,,2,,2,,2,,,2,,,2,,,2,,,2,,,2,,,2,,2,,2,,2,,2,,2,,,.,,,,,,,,,.,12,,,,,,,,,48,,.,48,,,1,2,,2,,2,,,,1,,,,,,,,,1,2,2,1,0,180,6,,2,,,,,,,,3,3,10,,2,,,,2,,,,,,,,,,,,,,1,1,1,2,1,1,3,,54,97,1,04,3,9700,750000,18,222.28949038,
5432094,1,1,1,60,2,18,2,,,,,,,,,,,60,,,,,,,,,,,,,,,,,,,,,,,,,,,,,,,,,,,,,,,,,,,,,,,7,,1,1,2021,2,600000,1,7200000,3,,12,2,,,,,3,10,2,46,,.,46,,,1,1,,2,,2,,,,1,,,,,,,,,1,2,2,1,0,15,4,,2,,,,,,,,3,14,,,2,,,,2,,,,,,,,,,,,,,1,1,1,2,1,1,9,,41,47,1,04,4,4711,600000,18,305.65847932,
5432095,1,1,1,60,2,18,2,,,,,,,,,,,24,,,,,,,,,,,,,,,,,,,,,,,,,,,,,,,,,,,,,,,,,,,,,,,7,,2,,,2,500000,1,4800000,3,,12,2,,,,,3,1,1,30,2,,38,,,1,8,,2,,2,,,,1,,,,,,,,,1,2,2,2,,,,,1,18,30,4,,500000,1,1,,3,5,,2,,,,1,1,2,1,2,2,2,2,2,2,2,,2,1,1,2,1,2,1,1,3,,61,01,1,04,4,0145,1000000,18,161.14915595,
5432096,1,1,1,60,2,18,2,,,,,,,,,,,130,,,,,,,,,,,,,,,,,,,,,,,,,,,,,,,,,,,,,,,,,,,,,,,7,,2,,,2,300000,1,3600000,3,,12,1,1,1,0,0,1,3,2,40,,.,40,,,2,8,,2,,2,,,,1,,,,,,,,,1,2,2,1,0,36,4,,2,,,,,,,,3,10,12,,2,,,,2,,,,,,,,,,,,,,1,1,1,2,1,1,9,,61,01,1,04,5,0141,300000,18,161.14915595,
5432097,1,1,1,60,2,18,2,,,,,,,,,,,60,,,,,,,,,,,,,,,,,,,,,,,,,,,,,,,,,,,,,,,,,,,,,,,6,,,,,2,800000,1,9600000,3,,12,2,,,,,2,3,2,45,,.,45,,,1,8,,2,,2,,,,1,,,1,,,,,,,2,2,1,0,18,4,,1,18,10,4,,400000,1,1,3,10,60,,2,,,,2,,,,,,,,,,,,,,1,1,1,2,1,1,3,,41,46,1,04,4,4620,1200000,18,383.42175075,
5432098,1,1,1,60,2,18,2,,,,,,,,,,,36,,,,,,,,,,,,,,,,,,,,,,,,,,,,,,,,,,,,,,,,,,,,,,,6,,,,,2,500000,1,6000000,3,,12,2,,,,,2,1,1,40,,.,40,,,1,8,,2,,2,,,,1,,,,,,,,,1,2,2,1,0,60,8,,2,,,,,,,,3,3,35,,2,,,,2,,,,,,,,,,,,,,1,1,1,2,2,1,8,,61,01,1,04,4,0161,500000,18,161.14915595,
5432099,1,1,1,60,2,18,2,,,,,,,,,,,68,,,,,,,,,,,,,,,,,,,,,,,,,,,,,,,,,,,,,,,,,,,,,,,7,,2,,,2,400000,1,4800000,3,,12,2,,,,,1,7,2,52,,.,52,,,1,8,,2,,2,,,,1,,,,,,,,,1,2,2,1,0,16,4,,2,,,,,,,,3,3,5,,2,,,,2,,,,,,,,,,,,,,1,1,1,2,1,1,9,,61,01,1,04,4,0141,400000,18,591.39702823,
5432100,1,1,1,60,2,18,2,,,,,,,,,,,60,,,,,,,,,,,,,,,,,,,,,,,,,,,,,,,,,,,,,,,,,,,,,,,6,,,,,2,650000,1,7800000,3,,12,2,,,,,2,1,1,48,,.,48,,,1,8,,2,,2,,,,1,,,,,,,,,1,2,2,1,0,24,4,,2,,,,,,,,3,3,40,,2,,,,2,,,,,,,,,,,,,,1,1,1,2,2,1,3,,61,01,1,04,4,0161,650000,18,639.56277588,
5432101,1,1,1,60,2,18,2,,,,,,,,,,,26,,,,,,,,,,,,,,,,,,,,,,,,,,,,,,,,,,,,,,,,,,,,,,,6,,,,,2,700000,1,9600000,3,,12,2,,,,,2,3,1,52,,.,52,,,1,8,,2,,2,,,,1,,,,,,,,,1,2,2,1,0,5,8,,2,,,,,,,,3,3,20,,2,,,,2,,,,,,,,,,,,,,1,1,1,2,1,1,9,,61,01,1,04,4,0161,700000,18,161.14915595,
5432102,1,1,1,60,2,18,1,1,,,1,,,1,2,2,2,576,,1,,2,800000,2,,,2,,1,200000,2,,2,,2,,,2,,,2,,,2,,,2,,,2,,,2,,2,,2,,2,,2,,2,,,.,,,,,,,,,.,12,,,,,,,,,40,,.,40,,,2,8,,2,,2,,,,1,,,,,,,,,1,2,2,1,0,120,4,,2,,,,,,,,3,3,15,,2,,,,2,,,,,,,,,,,,,,1,1,1,2,1,1,3,,60,01,1,04,1,0141,1000000,18,206.85001777,
5432103,1,1,1,60,2,18,2,,,,,,,,,,,150,,,,,,,,,,,,,,,,,,,,,,,,,,,,,,,,,,,,,,,,,,,,,,,7,,2,,,2,600000,1,7600000,3,,12,1,1,1,0,0,1,10,1,51,,.,51,,,2,8,,2,,2,,,,1,,,,,,,,,1,2,2,1,0,15,4,,2,,,,,,,,3,3,4,,2,,,,2,,,,,,,,,,,,,,1,1,1,2,1,1,9,,61,01,1,04,5,0141,600000,18,161.14915595,
5432103,1,3,1,60,2,18,1,1,,,1,,,1,2,2,2,2,,1,,2,600000,2,,,1,180000,2,,2,,2,,2,,,2,,,2,,,2,,,2,,,2,,,2,,2,,2,,2,,2,,2,,,.,,,,,,,,,.,12,,,,,,,,,52,,.,52,,,2,8,,2,,2,,,,1,,,,,,,,,1,2,2,1,0,5,4,,2,,,,,,,,3,3,7,,2,,,,2,,,,,,,,,,,,,,1,1,1,2,1,1,9,,62,01,1,04,8,0141,780000,18,161.14915595,
5432104,1,1,1,60,2,18,2,,,,,,,,,,,192,,,,,,,,,,,,,,,,,,,,,,,,,,,,,,,,,,,,,,,,,,,,,,,7,,2,,,2,300000,1,3600000,3,,12,2,,,,,2,5,2,30,2,,30,,,1,8,,2,,2,,,,1,,,,,,,,,1,2,2,1,0,360,4,,2,,,,,,,,9,3,10,,2,,,,2,,,,,,,,,,,,,,1,1,1,2,1,1,3,,61,01,1,04,4,0127,300000,18,307.08857791,
5432105,1,1,1,60,2,18,1,1,,,1,,,1,2,2,2,16,,1,,2,600000,2,,,2,,2,,2,,2,,2,,,2,,,2,,,2,,,2,,,2,,,2,,2,,2,,2,,2,,2,,,.,,,,,,,,,.,12,,,,,,,,,51,,.,51,,,2,8,,2,,2,,,,1,,,,,,,,,1,2,2,1,0,45,4,,2,,,,,,,,3,3,26,,2,,,,2,,,,,,,,,,,,,,1,1,1,2,1,1,9,,62,01,1,04,8,0141,600000,18,640.16843663,
5432106,1,1,1,60,2,18,2,,,,,,,,,,,192,,,,,,,,,,,,,,,,,,,,,,,,,,,,,,,,,,,,,,,,,,,,,,,6,,,,,2,650000,1,7800000,3,,12,2,,,,,2,1,1,45,,.,45,,,1,8,,2,,2,,,,1,,,,,,,,,1,2,2,1,0,72,1,,2,,,,,,,,2,10,40,,2,,,,1,1,2,1,1,2,2,2,1,2,2,,1,1,1,1,1,2,1,1,3,,61,01,1,04,4,0161,650000,18,412.73420905,
5432107,1,1,1,60,2,18,1,1,,,1,,,1,2,2,2,36,,1,,2,700000,2,,,2,,2,,2,,2,,2,,,2,,,2,,,2,,,2,,,2,,,2,,2,,2,,2,,2,,2,,,.,,,,,,,,,.,12,,,,,,,,,55,,.,55,,,2,8,,2,,2,,,,1,,,,,,,,,1,2,2,1,0,1,4,,2,,,,,,,,3,3,6,,2,,,,2,,,,,,,,,,,,,,1,1,1,2,1,1,9,,62,01,1,04,8,0141,700000,18,161.14915595,
5432108,1,1,1,60,2,18,1,1,,,1,,,1,1,1,2,1,,1,,2,1000000,2,,,2,,1,300000,2,,2,,2,,,2,,,2,,,2,,,2,,,2,,,1,500000,1,500000,2,,2,,2,,2,,,.,,,,,,,,,.,12,,,,,,,,,56,,.,56,,,3,8,,2,,2,,,,1,,,1,,,,,,,2,2,1,0,60,1,,2,,,,,,,,1,10,40,,2,,,,1,1,2,1,2,2,2,2,1,2,2,,2,1,1,1,1,2,1,1,2,,60,01,1,04,1,0141,1300000,18,644.59662378,
5432108,1,3,1,60,2,18,1,1,,,1,,,1,1,1,2,1,,1,,2,500000,2,,,2,,1,50000,2,,2,,2,,,2,,,2,,,2,,,2,,,2,,,2,,2,,2,,2,,2,,2,,,.,,,,,,,,,.,12,,,,,,,,,40,,.,40,,,3,8,,2,,2,,,,1,,,,,,,,,1,2,2,1,0,48,7,,2,,,,,,,,3,10,30,,2,,,,2,,,,,,,,,,,,,,2,1,1,2,1,1,3,,62,01,1,04,8,0141,550000,18,644.59662378,
5432108,1,4,1,60,2,18,1,1,,,1,,,1,1,1,2,1,,1,,2,500000,2,,,2,,1,50000,2,,2,,2,,,2,,,2,,,2,,,2,,,2,,,2,,2,,2,,2,,2,,2,,,.,,,,,,,,,.,12,,,,,,,,,40,,.,40,,,3,8,,2,,2,,,,1,,,,,,,,,1,2,2,1,0,48,7,,2,,,,,,,,3,10,28,,2,,,,2,,,,,,,,,,,,,,1,1,1,2,1,1,3,,62,01,1,04,8,0141,550000,18,644.59662378,
5432108,1,7,1,60,2,18,1,1,,,1,,,1,1,1,2,1,,1,,2,700000,2,,,2,,1,100000,2,,2,,2,,,2,,,2,,,2,,,2,,,2,,,2,,2,,2,,2,,2,,2,,,.,,,,,,,,,.,12,,,,,,,,,48,,.,48,,,3,8,,2,,2,,,,1,,,,,,,,,1,2,2,1,0,18,8,,2,,,,,,,,3,3,45,,2,,,,2,,,,,,,,,,,,,,1,1,1,2,1,1,3,,62,01,1,04,8,0141,800000,18,644.59662378,
5432110,1,1,1,60,2,18,2,,,,,,,,,,,84,,,,,,,,,,,,,,,,,,,,,,,,,,,,,,,,,,,,,,,,,,,,,,,7,,2,,,2,1000000,1,12000000,3,,12,1,2,0,0,2,1,3,2,54,,.,54,,,2,8,,2,,2,,,,1,,,,,,,,,1,2,2,1,0,120,4,,2,,,,,,,,3,10,35,,2,,,,2,,,,,,,,,,,,,,1,1,1,2,1,1,2,,61,01,1,04,4,0141,1000000,18,185.90564222,
5432110,1,3,1,60,2,18,2,,,,,,,,,,,12,,,,,,,,,,,,,,,,,,,,,,,,,,,,,,,,,,,,,,,,,,,,,,,,.,,,,,,,,,.,12,,,,,,,,,21,2,,21,,,2,8,,2,,2,,,,1,,,,,,,,,1,2,2,2,,,,,2,,,,,,,,,3,4,,2,,,,2,,,,,,,,,,,,,,1,1,1,2,1,1,3,,62,01,1,04,6,0141,,18,185.90564222,
5432110,1,4,1,60,2,18,2,,,,,,,,,,,12,,,,,,,,,,,,,,,,,,,,,,,,,,,,,,,,,,,,,,,,,,,,,,,,.,,,,,,,,,.,12,,,,,,,,,21,2,,21,,,2,8,,2,,,,,,1,,,,,,,,,1,2,2,2,,,,,2,,,,,,,,,3,4,,2,,,,2,,,,,,,,,,,,,,1,1,1,2,1,1,3,,62,01,1,04,6,0141,,18,185.90564222,
5432111,1,1,1,60,2,18,1,1,,,1,,,1,2,2,2,1,,1,,2,900000,2,,,2,,2,,2,,2,,2,,,2,,,2,,,2,,,2,,,2,,,2,,2,,2,,2,,2,,2,,,.,,,,,,,,,.,12,,,,,,,,,52,,.,52,,,2,8,,2,,2,,,,1,,,,,,,,,1,2,2,1,0,5,4,,2,,,,,,,,3,3,5,,2,,,,2,,,,,,,,,,,,,,1,1,1,2,1,1,9,,60,01,1,04,1,0141,900000,18,161.14915595,
5432112,1,1,1,60,2,18,2,,,,,,,,,,,48,,,,,,,,,,,,,,,,,,,,,,,,,,,,,,,,,,,,,,,,,,,,,,,6,,,,,2,800000,1,9600000,3,,12,2,,,,,2,8,2,40,,.,40,,,1,8,,2,,2,,,,1,,,,,,,,,1,2,2,1,0,84,4,,2,,,,,,,,2,11,60,,2,,,,2,,,,,,,,,,,,,,1,1,1,2,1,1,2,,44,46,1,04,4,4620,800000,18,305.65847932,
5432113,1,1,1,60,2,18,1,1,,,1,,,1,2,2,2,24,,1,,2,480000,2,,,2,,2,,2,,2,,2,,,2,,,2,,,2,,,2,,,2,,,2,,2,,2,,2,,2,,2,,,.,,,,,,,,,.,12,,,,,,,,,51,,.,51,,,2,8,,2,,2,,,,1,,,,,,,,,1,2,2,1,0,5,4,,2,,,,,,,,3,3,4,,2,,,,2,,,,,,,,,,,,,,1,1,1,2,1,1,9,,60,01,1,04,1,0141,480000,18,305.65847932,
5432114,1,1,1,60,2,18,1,2,1,,1,,,1,1,1,1,432,,2,,2,4100000,2,,,2,,2,,2,,2,,2,,,1,20000,2,2,,,2,,,2,,,2,,,1,2000000,1,4000000,1,2000000,2,,2,,2,,,.,,,,,,,,,.,12,,,,,,,,,40,,.,40,,,9,1,,1,,3,,,,,.,,,,,,,,,1,1,2,,,,,2,,,,,,,,,14,,,2,,,,2,,,,,,,,,,,,,,1,1,1,1,1,1,2,,13,85,1,04,2,8530,4100000,18,161.14915595,
5432114,1,2,1,60,2,18,1,2,1,,1,,,1,1,1,1,206,,2,,2,1700000,2,,,2,,2,,2,,2,,2,,,1,30000,2,2,,,2,,,2,,,2,,,1,800000,1,1600000,1,800000,2,,2,,2,,,.,,,,,,,,,.,12,,,,,,,,,40,,.,40,,,9,1,,1,,1,3,1,17,1,,1,,,,,,,,1,1,2,,,,,2,,,,,,,,,14,,,2,,,,2,,,,,,,,,,,,,,1,1,1,1,2,1,2,,13,85,1,04,2,8530,1700000,18,161.14915595,
5432115,1,1,1,60,2,18,1,1,,,1,,,1,2,2,2,120,,1,,2,800000,2,,,2,,2,,2,,2,,2,,,2,,,2,,,2,,,2,,,2,,,2,,2,,2,,2,,2,,2,,,.,,,,,,,,,.,12,,,,,,,,,55,,.,55,,,2,8,,2,,2,,,,1,,,,,,,,,1,2,2,1,2,42,8,,2,,,,,,,,3,3,11,,2,,,,2,,,,,,,,,,,,,,1,1,1,2,1,1,9,,60,01,1,04,1,0141,800000,18,176.33719952,
5432116,1,1,1,60,2,18,2,,,,,,,,,,,24,,,,,,,,,,,,,,,,,,,,,,,,,,,,,,,,,,,,,,,,,,,,,,,7,,2,,,2,500000,1,6000000,3,,12,2,,,,,2,6,2,40,,.,40,,,1,8,,2,,2,,,,1,,,,,,,,,1,2,2,1,0,48,4,,2,,,,,,,,3,3,15,,2,,,,2,,,,,,,,,,,,,,1,1,1,2,1,1,3,,61,01,1,04,4,0144,500000,18,161.14915595,
5432117,1,1,1,60,2,18,2,,,,,,,,,,,165,,,,,,,,,,,,,,,,,,,,,,,,,,,,,,,,,,,,,,,,,,,,,,,7,,2,,,2,400000,1,4800000,3,,12,2,,,,,1,10,2,55,,.,55,,,1,8,,2,,2,,,,1,,,,,,,,,1,2,2,1,0,45,1,,2,,,,,,,,3,3,8,,2,,,,2,,,,,,,,,,,,,,1,1,1,2,1,1,9,,61,01,1,04,4,0141,400000,18,315.51198751,
5432118,1,1,1,60,2,18,1,2,1,,1,,,1,1,1,1,204,,2,,2,3680000,2,,,2,,2,,2,,2,,2,,,1,20000,2,2,,,2,,,2,,,2,,,1,1800000,1,3600000,1,1600000,2,,2,,2,,,.,,,,,,,,,.,12,,,,,,,,,40,,.,40,,,9,1,,1,,1,3,1,17,1,1,,1,,,,,,,1,1,2,,,,,2,,,,,,,,,14,,,2,,,,2,,,,,,,,,,,,,,1,1,1,1,1,1,2,,13,85,1,04,2,8530,3680000,18,334.97093762,
5432119,1,2,1,60,2,18,2,,,,,,,,,,,25,,,,,,,,,,,,,,,,,,,,,,,,,,,,,,,,,,,,,,,,,,,,,,,7,,2,,,2,500000,1,5200000,3,,12,2,,,,,1,1,2,51,,.,51,,,1,8,,2,,2,,,,1,,,,,,,,,1,2,2,1,0,15,1,,2,,,,,,,,3,3,5,,2,,,,2,,,,,,,,,,,,,,1,1,1,2,1,1,9,,61,01,1,04,4,0141,500000,18,286.19952921,
5432120,1,1,1,60,2,18,2,,,,,,,,,,,36,,,,,,,,,,,,,,,,,,,,,,,,,,,,,,,,,,,,,,,,,,,,,,,7,,2,,,2,900000,1,10800000,3,,12,1,1,0,0,1,1,8,2,50,,.,50,,,2,8,,2,,2,,,,1,,,,,,,,,1,2,2,1,0,180,4,,2,,,,,,,,8,10,20,,2,,,,2,,,,,,,,,,,,,,1,1,1,2,1,1,3,,61,01,1,04,4,0141,900000,18,644.59662378,
5432120,1,2,1,60,2,18,2,,,,,,,,,,,36,,,,,,,,,,,,,,,,,,,,,,,,,,,,,,,,,,,,,,,,,,,,,,,,.,,,,,,,,,.,12,,,,,,,,,21,2,,21,,,2,8,,2,,2,,,,1,,,,,,,,,1,2,2,2,,,,,2,,,,,,,,,3,5,,2,,,,2,,,,,,,,,,,,,,1,1,1,2,1,1,3,,62,01,1,04,6,0141,,18,644.59662378,
5432121,1,1,1,60,2,18,2,,,,,,,,,,,4,,,,,,,,,,,,,,,,,,,,,,,,,,,,,,,,,,,,,,,,,,,,,,,7,,2,,,2,700000,1,8400000,3,,12,2,,,,,1,9,2,56,,.,56,,,1,8,,2,,2,,,,1,,,,,,,,,1,2,2,1,0,5,5,,2,,,,,,,,3,3,4,,2,,,,2,,,,,,,,,,,,,,1,1,1,2,1,1,9,,61,01,1,04,4,0141,700000,18,429.90859881,
5432122,1,2,1,60,2,18,2,,,,,,,,,,,108,,,,,,,,,,,,,,,,,,,,,,,,,,,,,,,,,,,,,,,,,,,,,,,7,,2,,,2,500000,1,6000000,3,,12,2,,,,,1,1,2,48,,.,48,,,1,8,,2,,2,,,,1,,,,,,,,,1,2,2,1,0,96,1,,2,,,,,,,,1,3,25,,2,,,,2,,,,,,,,,,,,,,1,1,1,2,1,1,2,,61,01,1,04,4,0141,500000,18,191.64028378,
5432123,1,1,1,60,2,18,2,,,,,,,,,,,160,,,,,,,,,,,,,,,,,,,,,,,,,,,,,,,,,,,,,,,,,,,,,,,7,,2,,,2,700000,1,8700000,3,,12,2,,,,,1,1,1,55,,.,55,,,1,8,,2,,2,,,,1,,,,,,,,,1,2,2,1,0,25,1,,2,,,,,,,,3,3,8,,2,,,,2,,,,,,,,,,,,,,1,1,1,2,1,1,9,,61,01,1,04,4,0141,700000,18,542.34055434,
5432124,1,1,1,60,2,18,2,,,,,,,,,,,84,,,,,,,,,,,,,,,,,,,,,,,,,,,,,,,,,,,,,,,,,,,,,,,7,,2,,,2,800000,1,9600000,3,,12,2,,,,,1,3,2,55,,.,55,,,1,8,,2,,2,,,,1,,,,,,,,,1,2,2,1,0,96,4,,2,,,,,,,,3,3,25,,2,,,,1,1,2,1,2,2,2,2,2,2,2,,2,1,1,1,1,2,1,1,8,,61,01,1,04,4,0141,800000,18,161.14915595,
5432125,1,1,1,60,2,18,2,,,,,,,,,,,70,,,,,,,,,,,,,,,,,,,,,,,,,,,,,,,,,,,,,,,,,,,,,,,7,,2,,,2,1000000,1,12000000,3,,12,2,,,,,1,1,1,52,,.,52,,,1,8,,1,,1,1,2,5,1,1,,,,,,,,,2,2,1,0,45,1,,2,,,,,,,,3,3,4,,2,,,,2,,,,,,,,,,,,,,1,1,1,2,1,1,2,,61,01,1,04,4,0141,1000000,18,464.57728291,
5432126,1,1,1,60,2,18,2,,,,,,,,,,,240,,,,,,,,,,,,,,,,,,,,,,,,,,,,,,,,,,,,,,,,,,,,,,,7,,2,,,2,600000,1,7200000,3,,12,2,,,,,1,8,1,48,,.,48,,,1,8,,2,,2,,,,1,,,1,,,,,,,2,2,1,0,180,6,,2,,,,,,,,10,10,25,,2,,,,2,,,,,,,,,,,,,,1,1,1,2,1,1,3,,61,01,1,04,4,0141,600000,18,286.19952921,
5432126,1,2,1,60,2,18,2,,,,,,,,,,,60,,,,,,,,,,,,,,,,,,,,,,,,,,,,,,,,,,,,,,,,,,,,,,,5,,,,,2,200000,1,2400000,3,,12,2,,,,,3,4,2,21,2,,21,,,1,2,,2,,2,,,,1,,,,,,,,,1,2,2,2,,,,,2,,,,,,,,,11,20,,2,,,,2,,,,,,,,,,,,,,1,1,1,2,1,1,3,,45,47,1,04,4,4792,200000,18,286.19952921,
5432127,1,1,1,60,2,18,2,,,,,,,,,,,360,,,,,,,,,,,,,,,,,,,,,,,,,,,,,,,,,,,,,,,,,,,,,,,7,,2,,,2,100000,1,1200000,3,,12,2,,,,,1,10,2,40,,.,40,,,1,8,,2,,2,,,,1,,,,,,,,,1,2,2,1,0,45,1,,2,,,,,,,,3,3,4,,2,,,,2,,,,,,,,,,,,,,2,2,2,2,2,2,9,,61,01,1,04,4,0141,100000,18,307.08857791,
5432128,1,1,1,60,2,18,1,1,,,1,,,1,1,1,2,15,,1,,2,1000000,2,,,2,,1,150000,2,,2,,2,,,2,,,2,,,2,,,2,,,2,,,1,500000,1,500000,2,,2,,2,,2,,,.,,,,,,,,,.,12,,,,,,,,,45,,.,45,,,4,8,,2,,2,,,,1,,,,,,,,,1,2,2,1,0,48,1,,2,,,,,,,,2,3,15,,2,,,,2,,,,,,,,,,,,,,1,1,1,2,1,1,3,,64,01,1,04,8,0141,1150000,18,161.14915595,
5432129,1,1,1,60,2,18,1,1,,,1,,,1,2,1,2,5,,1,,2,1500000,2,,,2,,2,,2,,2,,2,,,2,,,2,,,2,,,2,,,2,,,2,,1,1500000,2,,2,,2,,2,,,.,,,,,,,,,.,12,,,,,,,,,55,,.,55,,,4,8,,1,,2,,,,1,,,,,,,,,1,2,2,1,0,15,4,,2,,,,,,,,3,3,9,,2,,,,2,,,,,,,,,,,,,,1,1,1,2,1,1,9,,60,01,1,04,1,0141,1500000,18,364.5684614,
5432130,1,1,1,60,2,18,1,1,,,1,,,1,2,1,2,60,,1,,2,1100000,2,,,2,,2,,2,,2,,2,,,2,,,2,,,2,,,2,,,2,,,2,,1,1100000,2,,2,,2,,2,,,.,,,,,,,,,.,12,,,,,,,,,45,,.,45,,,4,8,,1,,2,,,,1,,,,,,,,,1,2,2,1,0,55,1,,2,,,,,,,,3,11,10,,2,,,,2,,,,,,,,,,,,,,1,1,1,2,1,1,9,,33,01,1,04,1,0141,1100000,18,305.65847932,
5432131,1,1,1,60,2,18,1,1,,,1,,,1,1,1,1,108,,1,,2,1000000,2,,,2,,1,250000,2,,2,,2,,,2,,,2,,,2,,,2,,,2,,,1,500000,1,500000,2,,2,,2,,2,,,.,,,,,,,,,.,12,,,,,,,,,49,,.,49,,,3,8,,1,,2,,,,1,,,,,,,,,1,1,2,1,0,24,1,,2,,,,,,,,1,10,40,,2,,,,2,,,,,,,,,,,,,,1,1,1,2,1,1,3,,60,01,1,04,1,0141,1250000,18,542.34055434,
5432132,1,1,1,60,2,18,1,1,,,1,,,2,2,2,2,12,,1,,2,877000,2,,,2,,2,,2,,2,,2,,,2,,,2,,,2,,,2,,,2,,,2,,2,,2,,2,,2,,2,,,.,,,,,,,,,.,12,,,,,,,,,55,,.,55,,,3,8,,2,,2,,,,1,,,,,,,,,1,2,2,1,0,1,4,,2,,,,,,,,3,11,45,,2,,,,2,,,,,,,,,,,,,,1,1,1,2,1,1,8,,62,01,1,04,8,0141,877000,18,474.43079109,
5432133,1,1,1,60,2,18,1,1,,,1,,,1,2,2,2,3,,1,,2,800000,2,,,2,,1,170000,2,,2,,2,,,2,,,2,,,2,,,2,,,2,,,2,,2,,2,,2,,2,,2,,,.,,,,,,,,,.,12,,,,,,,,,48,,.,48,,,2,8,,2,,2,,,,1,,,,,,,,,1,2,2,1,0,12,8,,2,,,,,,,,3,3,25,,2,,,,2,,,,,,,,,,,,,,1,1,1,2,1,1,3,,60,01,1,04,1,0141,970000,18,510.52957377,
5432134,1,1,1,60,2,18,2,,,,,,,,,,,160,,,,,,,,,,,,,,,,,,,,,,,,,,,,,,,,,,,,,,,,,,,,,,,7,,2,,,2,500000,1,6000000,3,,12,2,,,,,1,9,2,55,,.,55,,,1,8,,2,,2,,,,1,,,,,,,,,1,2,2,1,0,2,5,,2,,,,,,,,3,3,9,,2,,,,2,,,,,,,,,,,,,,1,1,1,2,1,1,9,,61,01,1,04,4,0141,500000,18,161.14915595,
5432135,1,1,1,60,2,18,2,,,,,,,,,,,240,,,,,,,,,,,,,,,,,,,,,,,,,,,,,,,,,,,,,,,,,,,,,,,6,,,,,2,600000,1,7200000,3,,12,2,,,,,2,1,2,45,,.,45,,,1,8,,2,,2,,,,1,,,,,,,,,1,2,2,1,0,6,8,,2,,,,,,,,1,3,25,,2,,,,2,,,,,,,,,,,,,,1,1,1,2,1,1,3,,61,01,1,04,4,0161,600000,18,307.08857791,
5432136,1,1,1,60,2,18,2,,,,,,,,,,,250,,,,,,,,,,,,,,,,,,,,,,,,,,,,,,,,,,,,,,,,,,,,,,,7,,2,,,2,300000,1,3600000,3,,12,2,,,,,1,3,2,45,,.,45,,,1,8,,3,,2,,,,1,,,,,,,,,1,2,2,1,0,15,8,,2,,,,,,,,3,3,4,,2,,,,2,,,,,,,,,,,,,,1,1,1,2,1,1,9,,61,01,1,04,4,0141,300000,18,206.85001777,
5432137,1,1,1,60,2,18,2,,,,,,,,,,,540,,,,,,,,,,,,,,,,,,,,,,,,,,,,,,,,,,,,,,,,,,,,,,,6,,,,,2,650000,1,7800000,3,,12,2,,,,,2,1,1,45,,.,45,,,1,8,,2,,2,,,,1,,,,,,,,,1,2,2,1,0,60,6,,1,18,20,4,,0,1,8,8,10,40,,2,,,,1,1,2,1,2,2,2,2,2,2,2,,2,1,1,1,1,2,1,1,3,,61,01,1,04,4,0161,650000,18,161.14915595,
5432138,1,1,1,60,2,18,1,1,,,1,,,1,2,2,2,24,,1,,2,700000,2,,,2,,2,,2,,2,,2,,,2,,,2,,,2,,,2,,,2,,,2,,2,,2,,2,,2,,2,,,.,,,,,,,,,.,12,,,,,,,,,56,,.,56,,,3,8,,2,,2,,,,1,,,,,,,,,1,2,2,1,0,36,8,,2,,,,,,,,3,3,39,,2,,,,2,,,,,,,,,,,,,,1,1,1,2,1,1,9,,62,01,1,04,8,0141,700000,18,591.11196274,
5432139,1,1,1,60,2,18,1,1,,,1,,,1,1,1,1,36,,1,,2,900000,2,,,2,,2,,2,,2,,2,,,2,,,2,,,2,,,2,,,2,,,1,400000,1,400000,2,,2,,2,,2,,,.,,,,,,,,,.,12,,,,,,,,,48,,.,48,,,4,8,,2,,2,,,,1,,,,,,,,,1,2,2,1,0,24,8,,2,,,,,,,,8,11,15,,2,,,,2,,,,,,,,,,,,,,1,1,1,2,1,1,3,,62,01,1,04,8,0141,900000,18,161.14915595,
5432139,1,3,1,60,2,18,1,1,,,1,,,1,1,1,1,60,,1,,2,900000,2,,,2,,2,,2,,2,,2,,,2,,,2,,,2,,,2,,,2,,,1,400000,1,400000,2,,2,,2,,2,,,.,,,,,,,,,.,12,,,,,,,,,48,,.,48,,,4,8,,2,,2,,,,1,,,,,,,,,1,2,2,1,0,120,4,,2,,,,,,,,3,11,15,,2,,,,2,,,,,,,,,,,,,,1,1,1,2,1,1,3,,62,01,1,04,8,0141,900000,18,161.14915595,
5432474,1,1,1,60,2,50,2,,,,,,,,,,,8,,,,,,,,,,,,,,,,,,,,,,,,,,,,,,,,,,,,,,,,,,,,,,,4,,,,,2,800000,1,8000000,3,,8,2,,,,,3,1,2,45,,.,45,,,1,5,,2,,2,,,,1,,,,,,,,,1,2,2,1,4,16,4,,2,,,,,,,,13,3,25,,2,,,,2,,,,,,,,,,,,,,1,1,1,2,1,1,2,,45,47,1,04,4,4792,800000,50,3493.6179959,
5432489,1,1,1,60,2,50,2,,,,,,,,,,,12,,,,,,,,,,,,,,,,,,,,,,,,,,,,,,,,,,,,,,,,,,,,,,,6,,,,,3,500000,1,3500000,3,,12,2,,,,,3,1,1,40,,.,40,,,1,1,,2,,2,,,,1,,,,,,,,,1,2,2,1,5,24,4,,1,50,10,4,,100000,1,1,2,14,,,2,,,,2,,,,,,,,,,,,,,1,1,1,2,2,1,8,,45,56,1,04,4,5619,600000,50,1503.6317151,
5432490,1,1,1,60,2,50,1,1,,,1,,,1,2,2,2,24,,1,,2,908000,2,,,2,,2,,2,,2,,2,,,2,,,2,,,2,,,2,,,2,,,2,,2,,2,,2,,2,,2,,,.,,,,,,,,,.,12,,,,,,,,,70,,.,70,,,2,7,,2,,2,,,,1,,,,,,,,,1,2,2,1,2,14,4,,2,,,,,,,,3,13,7,,2,,,,2,,,,,,,,,,,,,,1,1,1,2,1,1,2,,54,55,1,04,1,5511,908000,50,1503.6317151,
5432491,1,1,1,60,2,50,1,1,,,1,,,1,2,2,2,36,,1,,2,1000000,2,,,2,,2,,2,,2,,2,,,2,,,2,,,2,,,2,,,2,,,2,,2,,2,,2,,2,,2,,,.,,,,,,,,,.,12,,,,,,,,,48,,.,48,,,2,7,,2,,2,,,,1,,,,,,,,,1,2,2,1,1,34,1,,2,,,,,,,,1,11,5,,2,,,,2,,,,,,,,,,,,,,1,1,1,2,1,1,2,,83,25,1,04,1,2511,1000000,50,2078.1574292,
5432491,1,2,1,60,2,50,1,2,1,,1,,,1,2,2,2,16,,1,,2,700000,2,,,2,,2,,2,,2,,2,,,2,,,2,,,2,,,2,,,2,,,2,,2,,2,,2,,2,,2,,,.,,,,,,,,,.,12,,,,,,,,,56,,.,56,,,9,7,,2,,2,,,,1,,,,,,,,,1,2,2,1,24,6,1,,2,,,,,,,,1,3,7,,2,,,,2,,,,,,,,,,,,,,1,1,1,2,1,1,2,,45,92,1,04,1,9200,700000,50,2078.1574292,
5432492,1,1,1,60,2,50,1,1,,,1,,,1,2,2,2,48,,1,,2,300000,2,,,1,250000,2,,2,,2,,2,,,2,,,2,,,2,,,2,,,2,,,2,,2,,2,,2,,2,,2,,,.,,,,,,,,,.,12,,,,,,,,,30,1,,30,,,2,7,,2,,2,,,,1,,,,,,,,,1,2,2,2,,,,,2,,,,,,,,,3,2,,2,,,,1,1,1,1,2,2,2,2,2,2,2,,1,1,2,2,1,2,1,1,3,,53,56,1,04,1,5611,550000,50,1335.2575355,
5432499,1,1,1,60,2,50,2,,,,,,,,,,,132,,,,,,,,,,,,,,,,,,,,,,,,,,,,,,,,,,,,,,,,,,,,,,,7,,2,,,2,700000,1,840000,3,,12,1,1,0,0,1,2,1,2,40,,.,40,,,2,8,,2,,2,,,,1,,,,,,,,,1,2,2,2,,,,,2,,,,,,,,,3,5,,2,,,,2,,,,,,,,,,,,,,1,1,1,2,1,1,2,,61,01,1,04,4,0141,700000,50,1852.7883657,
5432499,1,2,1,60,2,50,2,,,,,,,,,,,132,,,,,,,,,,,,,,,,,,,,,,,,,,,,,,,,,,,,,,,,,,,,,,,,.,,,,,,,,,.,12,,,,,,,,,56,,.,56,,,2,8,,2,,2,,,,1,,,,,,,,,1,2,2,1,4,60,1,,2,,,,,,,,1,3,10,,2,,,,2,,,,,,,,,,,,,,1,1,1,2,1,1,3,,62,01,1,04,6,0141,,50,1852.7883657,
5432500,1,1,1,60,2,50,1,2,1,,1,,,1,1,2,1,3,,1,,2,1000000,2,,,2,,1,300000,2,,2,,2,,,2,,,2,,,2,,,2,,,2,,,1,877000,2,,2,,2,,2,,2,,,.,,,,,,,,,.,12,,,,,,,,,65,,.,65,,,3,8,,1,,1,1,1,4,1,1,,,,,,,,,1,2,1,0,15,8,,2,,,,,,,,3,3,15,,2,,,,2,,,,,,,,,,,,,,1,1,1,2,1,1,9,,62,01,1,04,8,0141,1300000,50,3280.6993928,
5432500,1,2,1,60,2,50,1,1,,,1,,,1,2,2,2,3,,1,,2,400000,2,,,2,,1,300000,2,,2,,2,,,2,,,2,,,2,,,2,,,2,,,2,,2,,2,,2,,2,,2,,,.,,,,,,,,,.,3,,,,,,,,,30,2,,30,,,1,2,,3,,2,,,,1,,,,,,,,,1,2,2,2,,,,,2,,,,,,,,,14,,,2,,,,2,,,,,,,,,,,,,,2,1,2,2,1,1,3,,54,97,1,04,3,9700,700000,50,3280.6993928,
5432506,1,1,1,60,2,50,1,2,1,,1,,,1,1,2,1,24,,1,,2,900000,2,,,1,450000,1,200000,2,,2,,2,,,2,,,2,,,2,,,2,,,2,,,1,877000,2,,2,,2,,2,,2,,,.,,,,,,,,,.,12,,,,,,,,,70,,.,70,,,3,8,,1,,1,1,1,7,1,1,,,,,,,,,1,2,1,0,5,8,,2,,,,,,,,3,3,15,,2,,,,2,,,,,,,,,,,,,,1,1,1,2,1,1,2,,62,01,1,04,8,0141,1550000,50,2953.1626524,
5432507,1,1,1,60,2,50,1,2,1,,1,,,1,1,2,1,8,,1,,2,1100000,2,,,2,,1,300000,2,,2,,2,,,2,,,1,70400,2,2,,,2,,,2,,,1,332000,2,,2,,2,,2,,2,,,.,,,,,,,,,.,12,,,,,,,,,44,,.,44,,,3,8,,1,,1,1,1,7,1,1,,,,,,,,,1,1,1,0,5,1,,2,,,,,,,,1,10,35,,2,,,,2,,,,,,,,,,,,,,1,1,1,2,1,1,2,,62,01,1,04,8,0141,1400000,50,2011.9509265,
5432507,1,2,1,60,2,50,2,,,,,,,,,,,8,,,,,,,,,,,,,,,,,,,,,,,,,,,,,,,,,,,,,,,,,,,,,,,6,,,,,2,700000,1,5600000,3,,8,2,,,,,3,1,2,40,,.,40,,,1,1,,3,,2,,,,1,,,,,,,,,1,2,2,1,8,14,4,,2,,,,,,,,1,14,,,2,,,,2,,,,,,,,,,,,,,1,1,1,2,1,1,2,,53,56,1,04,4,5619,700000,50,2011.9509265,
5432508,1,1,1,60,2,50,1,1,,,1,,,1,2,2,2,70,,1,,2,1000000,2,,,2,,1,350000,2,,2,,2,,,2,,,2,,,2,,,2,,,2,,,2,,2,,2,,2,,2,,2,,,.,,,,,,,,,.,12,,,,,,,,,60,,.,60,,,2,8,,2,,2,,,,1,,,,,,,,,1,2,2,1,6,36,8,,2,,,,,,,,3,11,10,,2,,,,2,,,,,,,,,,,,,,1,1,1,2,1,1,8,,62,01,1,04,8,0141,1350000,50,2051.9214852,
5432508,1,3,1,60,2,50,2,,,,,,,,,,,70,,,,,,,,,,,,,,,,,,,,,,,,,,,,,,,,,,,,,,,,,,,,,,,,.,,,,,,,,,.,12,,,,,,,,,50,,.,50,,,2,8,,2,,2,,,,1,,,,,,,,,1,2,2,2,,,,,2,,,,,,,,,3,10,,2,,,,2,,,,,,,,,,,,,,2,2,2,2,2,1,3,,62,01,1,04,7,0141,,50,2051.9214852,
5432509,1,1,1,60,2,50,1,2,1,,1,,,1,1,2,1,1,,1,,2,908000,2,,,2,,1,200000,2,,2,,2,,,2,,,2,,,2,,,2,,,2,,,2,,2,,2,,2,,2,,2,,,.,,,,,,,,,.,9,,,,,,,,,45,,.,45,,,3,8,,1,,1,1,1,2,1,1,,,,,,,,,1,1,1,0,8,4,,2,,,,,,,,1,10,15,,2,,,,2,,,,,,,,,,,,,,1,1,1,2,1,1,3,,62,01,1,04,8,0141,1108000,50,2953.1626524,
5432510,1,1,1,60,2,50,1,2,1,,1,,,1,1,2,1,5,,1,,2,908000,2,,,2,,1,400000,2,,2,,2,,,1,106000,2,2,,,2,,,2,,,2,,,2,,2,,2,,2,,2,,2,,,.,,,,,,,,,.,12,,,,,,,,,56,,.,56,,,3,8,,1,,1,1,1,10,1,1,,,,,,,,,1,2,1,0,18,8,,2,,,,,,,,1,10,15,,2,,,,2,,,,,,,,,,,,,,1,1,1,2,1,1,1,,62,01,1,04,8,0141,1308000,50,3913.6348784,
5432511,1,1,1,60,2,50,1,1,,,1,,,2,1,2,1,60,,1,,2,920000,2,,,2,,1,300000,2,,2,,2,,,2,,,2,,,2,,,2,,,2,,,1,877000,2,,2,,2,,2,,2,,,.,,,,,,,,,.,12,,,,,,,,,60,,.,60,,,3,8,,1,,1,1,1,6,1,1,,,,,,,,,1,2,1,0,2,1,,2,,,,,,,,1,14,,,2,,,,2,,,,,,,,,,,,,,1,1,1,2,1,1,8,,62,01,1,04,8,0141,1220000,50,2953.1626524,
5432512,1,1,1,60,2,50,1,1,,,1,,,1,2,2,2,1,,1,,2,300000,2,,,1,250000,2,,2,,2,,2,,,2,,,2,,,2,,,2,,,2,,,2,,2,,2,,2,,2,,2,,,.,,,,,,,,,.,8,,,,,,,,,25,2,,25,,,1,2,,3,,2,,,,1,,,,,,,,,1,2,2,1,4,7,1,,2,,,,,,,,1,11,25,,2,,,,1,1,1,1,2,2,2,2,2,1,2,,2,2,1,1,1,2,1,1,3,,54,97,1,04,3,9700,550000,50,1799.8610106,
5432512,1,2,1,60,2,50,1,2,2,4,1,,,1,1,2,1,13,,1,,2,1200000,2,,,2,,1,200000,2,,2,,2,,,2,,,2,,,2,,,2,,,2,,,1,1200000,2,,2,,2,,2,,2,,,.,,,,,,,,,.,12,,,,,,,,,55,,.,55,,,2,8,,1,,1,1,1,3,1,1,,,,,,,,,1,2,1,0,5,4,,2,,,,,,,,3,11,15,,2,,,,2,,,,,,,,,,,,,,1,1,1,2,1,1,2,,62,01,1,04,8,0141,1400000,50,1799.8610106,
5432513,1,1,1,60,2,50,1,2,1,,1,,,1,1,2,1,8,,1,,2,1200000,2,,,1,350000,1,300000,2,,2,,2,,,2,,,2,,,2,,,2,,,2,,,1,480000,2,,2,,2,,2,,2,,,.,,,,,,,,,.,12,,,,,,,,,45,,.,45,,,3,8,,1,,1,2,1,4,1,1,,,,,,,,,1,1,1,0,15,8,,2,,,,,,,,3,10,10,,2,,,,2,,,,,,,,,,,,,,1,1,1,2,1,1,2,,62,01,1,04,8,0141,1850000,50,3068.6094769,
5432514,1,1,1,60,2,50,1,1,,,1,,,2,2,2,2,2,,1,,2,300000,2,,,2,,1,200000,2,,2,,2,,,2,,,2,,,2,,,2,,,2,,,2,,2,,2,,2,,2,,2,,,.,,,,,,,,,.,2,,,,,,,,,50,,.,50,,,2,1,,2,,2,,,,1,,,,,,,,,1,2,2,1,13,12,1,,2,,,,,,,,1,14,,,2,,,,2,,,,,,,,,,,,,,1,1,2,2,1,1,9,,45,47,1,04,1,4711,500000,50,1503.6317151,
5432516,1,1,1,60,2,50,1,1,,,1,,,1,1,2,1,7,,1,,2,920000,2,,,2,,1,300000,2,,2,,2,,,2,,,2,,,2,,,2,,,2,,,1,877000,2,,2,,2,,2,,2,,,.,,,,,,,,,.,12,,,,,,,,,70,,.,70,,,2,8,,1,,1,2,1,6,1,1,,,,,,,,,1,2,1,0,12,1,,2,,,,,,,,1,3,20,,2,,,,2,,,,,,,,,,,,,,1,1,1,2,1,1,3,,62,01,1,04,8,0145,1220000,50,3515.2379061,
5432518,1,1,1,60,2,50,1,1,,,1,,,1,2,2,2,5,,1,,2,600000,2,,,2,,1,100000,2,,2,,2,,,2,,,2,,,2,,,2,,,2,,,2,,2,,2,,2,,2,,2,,,.,,,,,,,,,.,5,,,,,,,,,48,,.,48,,,1,1,,11,,2,,,,1,,,,,,,,,1,2,2,1,6,14,1,,2,,,,,,,,7,14,,,2,,,,1,1,1,1,2,2,2,2,2,2,2,,1,1,1,2,1,2,1,1,2,,58,97,1,04,3,9700,700000,50,1684.4141861,
5432519,1,1,1,60,2,50,1,1,,,1,,,1,1,2,1,2,,1,,2,1000000,2,,,2,,1,500000,2,,2,,2,,,2,,,2,,,2,,,2,,,2,,,1,233000,2,,2,,2,,2,,2,,,.,,,,,,,,,.,12,,,,,,,,,84,,.,84,,,3,8,,1,,2,,,,1,1,,,,,,,,,1,1,1,0,4,1,,2,,,,,,,,3,3,10,,1,20,2,2,2,,,,,,,,,,,,,,1,1,1,2,1,1,5,,62,01,1,04,8,0142,1500000,50,2967.8115922,
5432519,1,2,1,60,2,50,2,,,,,,,,,,,2,,,,,,,,,,,,,,,,,,,,,,,,,,,,,,,,,,,,,,,,,,,,,,,4,,,,,3,200000,1,200000,3,,6,2,,,,,3,4,2,50,,.,10,1,,1,1,,2,,2,,,,1,,,,,,,,,1,2,2,1,3,4,1,,2,,,,,,,,9,14,,2,2,,,,2,,,,,,,,,,,,,,1,1,1,2,1,1,5,,41,47,1,04,4,4724,200000,50,2967.8115922,
5432519,1,6,1,60,2,50,2,,,,,,,,,,,1,,,,,,,,,,,,,,,,,,,,,,,,,,,,,,,,,,,,,,,,,,,,,,,7,,2,,,3,0,1,1000000,2,,8,2,,,,,3,4,2,54,,.,54,,,1,6,,5,,2,,,,1,,,,,,,,,1,2,2,1,3,12,4,,2,,,,,,,,9,3,1,,1,40,1,1,1,1,2,1,2,1,2,2,1,1,2,,2,1,1,2,1,2,2,1,3,,45,56,1,04,4,5619,0,50,2967.8115922,
5432525,1,1,1,60,2,50,1,2,1,,1,,,1,1,2,1,12,,1,,2,940000,2,,,2,,1,300000,2,,2,,2,,,2,,,2,,,2,,,2,,,2,,,1,940000,2,,2,,2,,2,,2,,,.,,,,,,,,,.,12,,,,,,,,,48,,.,48,,,2,7,,1,,1,1,1,10,1,1,,,,,,,,,1,2,1,1,48,4,,2,,,,,,,,8,14,,,2,,,,2,,,,,,,,,,,,,,1,1,1,2,1,1,3,,55,55,1,04,1,5511,1240000,50,2953.1626524,
5432527,1,1,1,60,2,50,1,1,,,1,,,1,2,2,2,2,,1,,2,980000,2,,,2,,1,300000,2,,2,,2,,,2,,,2,,,2,,,2,,,2,,,2,,2,,2,,1,200000,2,,2,,,.,,,,,,,,,.,5,,,,,,,,,48,,.,48,,,1,1,,2,,2,,,,1,,,,,,,,,1,2,2,1,7,5,1,,2,,,,,,,,2,14,,,2,,,,2,,,,,,,,,,,,,,1,1,1,2,1,1,3,,58,97,1,04,3,9700,1280000,50,1534.3906551,
5432529,1,1,1,60,2,50,2,,,,,,,,,,,96,,,,,,,,,,,,,,,,,,,,,,,,,,,,,,,,,,,,,,,,,,,,,,,7,,1,1,2021,3,200000,1,5000000,3,,12,2,,,,,3,3,2,84,,.,84,,,1,3,,2,,2,,,,1,,,,,,,,,1,2,2,1,0,72,4,,2,,,,,,,,3,14,,,2,,,,2,,,,,,,,,,,,,,1,2,2,2,2,1,5,,41,16,1,04,4,1690,200000,50,1302.0030009,
5432531,1,1,1,60,2,50,2,,,,,,,,,,,5,,,,,,,,,,,,,,,,,,,,,,,,,,,,,,,,,,,,,,,,,,,,,,,7,,1,2,,3,100000,1,600000,3,,5,2,,,,,3,4,2,60,,.,60,,,1,3,,2,,2,,,,1,,,,,,,,,1,2,2,1,24,216,4,,2,,,,,,,,11,14,,,2,,,,1,1,2,1,1,2,2,2,2,1,2,,2,1,1,2,1,1,2,1,5,,41,47,1,04,4,4759,100000,50,1335.2575355,
5432533,1,1,1,60,2,50,1,1,,,1,,,1,2,2,2,1,,1,,2,400000,2,,,1,300000,1,200000,2,,2,,2,,,2,,,2,,,2,,,2,,,2,,,2,,2,,2,,2,,2,,2,,,.,,,,,,,,,.,1,,,,,,,,,40,,.,40,,,1,1,,5,,2,,,,1,,,,,,,,,1,2,2,1,11,4,1,,2,,,,,,,,2,14,,,2,,,,2,,,,,,,,,,,,,,1,2,1,2,1,1,3,,58,97,1,04,3,9700,900000,50,1852.7883657,
5432535,1,1,1,60,2,50,1,1,,,1,,,2,2,2,2,180,,1,,2,900000,2,,,2,,1,300000,2,,2,,2,,,2,,,2,,,2,,,2,,,2,,,1,900000,2,,2,,2,,2,,2,,,.,,,,,,,,,.,12,,,,,,,,,48,,.,48,,,2,8,,2,,2,,,,1,,,,,,,,,1,2,2,1,0,12,8,,2,,,,,,,,3,3,20,,2,,,,2,,,,,,,,,,,,,,1,1,1,2,1,2,5,,62,01,1,04,8,0141,1200000,50,3007.8779905,
5432535,1,7,1,60,2,50,1,1,,,1,,,2,2,2,2,1,,1,,2,800000,2,,,2,,2,,2,,2,,2,,,2,,,2,,,2,,,2,,,2,,,2,,2,,2,,2,,2,,2,,,.,,,,,,,,,.,9,,,,,,,,,60,,.,60,,,2,8,,2,,2,,,,1,,,,,,,,,1,2,2,1,3,12,8,,2,,,,,,,,3,3,2,,2,,,,2,,,,,,,,,,,,,,1,2,1,2,2,2,5,,62,01,1,04,8,0145,800000,50,3007.8779905,
5432538,1,1,1,60,2,50,1,1,,,1,,,1,2,2,2,8,,1,,2,200000,2,,,2,,1,200000,2,,2,,2,,,2,,,2,,,2,,,2,,,2,,,2,,2,,2,,2,,2,,2,,,.,,,,,,,,,.,8,,,,,,,,,40,,.,40,,,1,1,,2,,2,,,,1,,,,,,,,,1,2,2,1,4,120,8,,2,,,,,,,,8,14,,,2,,,,2,,,,,,,,,,,,,,1,1,1,2,1,1,3,,58,97,1,04,3,9700,400000,50,1702.7648347,
5432541,1,1,1,60,2,50,1,1,,,1,,,2,2,2,2,3,,1,,2,700000,2,,,2,,1,200000,2,,2,,2,,,2,,,2,,,2,,,2,,,2,,,2,,2,,2,,2,,2,,2,,,.,,,,,,,,,.,8,,,,,,,,,50,,.,50,,,2,8,,2,,2,,,,1,,,,,,,,,1,2,2,1,2,48,8,,2,,,,,,,,3,3,10,,2,,,,2,,,,,,,,,,,,,,1,1,1,2,2,1,5,,62,01,1,04,8,0141,900000,50,2803.1391214,
5432556,1,1,1,60,2,54,1,1,,,1,,,1,2,2,2,24,,1,,2,1200000,2,,,2,,2,,2,,2,,2,,,2,,,2,,,2,,,2,,,2,,,2,,2,,2,,2,,2,,2,,,.,,,,,,,,,.,12,,,,,,,,,54,,.,54,,,2,4,,2,,2,,,,1,,,,,,,,,1,2,2,1,0,72,1,,2,,,,,,,,1,11,10,,2,,,,2,,,,,,,,,,,,,,1,1,1,2,1,1,3,,98,49,1,04,1,4923,1200000,54,797.99246604,
5432557,1,1,1,60,2,54,1,1,,,1,,,1,2,2,2,14,,1,,2,500000,2,,,2,,2,,2,,2,,2,,,2,,,2,,,2,,,2,,,2,,,2,,2,,2,,2,,2,,2,,,.,,,,,,,,,.,12,,,,,,,,,56,,.,56,,,2,8,,2,,2,,,,1,,,,,,,,,1,2,2,1,0,2,8,,2,,,,,,,,1,3,45,,2,,,,2,,,,,,,,,,,,,,1,1,1,2,1,1,3,,62,01,1,04,8,0123,500000,54,1346.8015831,
5432557,1,2,1,60,2,54,1,1,,,1,,,1,2,2,2,8,,1,,2,280000,2,,,2,,2,,2,,2,,2,,,2,,,2,,,2,,,2,,,2,,,2,,2,,2,,2,,2,,2,,,.,,,,,,,,,.,12,,,,,,,,,21,2,,21,,,2,8,,2,,2,,,,1,,,,,,,,,1,2,2,1,0,2,8,,2,,,,,,,,1,3,35,,2,,,,2,,,,,,,,,,,,,,1,1,1,2,1,1,3,,62,01,1,04,8,0141,280000,54,1346.8015831,
5432558,1,1,1,60,2,54,2,,,,,,,,,,,480,,,,,,,,,,,,,,,,,,,,,,,,,,,,,,,,,,,,,,,,,,,,,,,6,,,,,3,400000,1,4800000,3,,12,2,,,,,3,3,2,45,,.,45,,,1,8,,2,,2,,,,1,,,,,,,,,1,2,2,1,0,2,8,,1,54,18,4,,0,1,8,1,3,60,,2,,,,2,,,,,,,,,,,,,,1,1,1,2,1,1,3,,61,01,1,04,4,0161,400000,54,1073.9734571,
5432560,1,1,1,60,2,54,1,1,,,1,,,1,2,2,2,9,,1,,2,600000,2,,,2,,1,100000,2,,2,,2,,,2,,,2,,,2,,,2,,,2,,,2,,2,,2,,2,,2,,2,,,.,,,,,,,,,.,12,,,,,,,,,54,,.,54,,,2,8,,2,,2,,,,1,,,,,,,,,1,2,2,1,0,4,1,,2,,,,,,,,1,3,2,,2,,,,2,,,,,,,,,,,,,,1,1,1,2,1,1,3,,60,01,1,04,1,0123,700000,54,1106.0864774,
5432560,1,2,1,60,2,54,2,,,,,,,,,,,9,,,,,,,,,,,,,,,,,,,,,,,,,,,,,,,,,,,,,,,,,,,,,,,,.,,,,,,,,,.,12,,,,,,,,,20,2,,20,,,2,8,,2,,2,,,,1,,,,,,,,,1,2,2,1,0,4,7,,2,,,,,,,,9,3,2,,2,,,,2,,,,,,,,,,,,,,1,1,1,2,1,1,3,,62,01,1,04,7,0123,,54,1106.0864774,
5432932,1,1,1,60,2,19,2,,,,,,,,,,,312,,,,,,,,,,,,,,,,,,,,,,,,,,,,,,,,,,,,,,,,,,,,,,,6,,,,,3,300000,1,1000000,3,,10,2,,,,,2,1,1,55,,.,24,2,,1,8,,2,,2,,,,1,,,,,,,,,1,2,2,2,,,,,1,19,0,4,,60000,1,8,,3,60,,2,,,,2,,,,,,,,,,,,,,1,2,1,2,2,1,5,,62,01,1,04,4,0161,360000,19,3455.5181271,
5432933,1,4,1,60,2,19,2,,,,,,,,,,,372,,,,,,,,,,,,,,,,,,,,,,,,,,,,,,,,,,,,,,,,,,,,,,,6,,,,,3,200000,1,1200000,3,,10,2,,,,,2,3,2,24,1,,24,,,1,8,,2,,2,,,,1,,,,1,,,,,,2,2,2,,,,,1,19,16,4,,50000,1,8,,3,20,,1,24,1,1,2,,,,,,,,,,,,,,1,1,1,2,1,1,3,,62,01,1,04,4,0161,250000,19,5998.4386264,
5432934,1,1,1,60,2,19,2,,,,,,,,,,,408,,,,,,,,,,,,,,,,,,,,,,,,,,,,,,,,,,,,,,,,,,,,,,,6,,,,,3,200000,1,1200000,3,,11,2,,,,,2,1,1,34,2,,24,2,,1,8,,2,,2,,,,1,,,,,,,,,1,2,2,2,,,,,1,19,8,4,,0,1,8,,3,30,,2,,,,1,1,2,1,2,2,2,2,1,2,2,,2,1,1,2,1,2,2,1,5,,62,01,1,04,4,0161,200000,19,7169.3829577,
5432935,1,1,1,60,2,19,2,,,,,,,,,,,24,,,,,,,,,,,,,,,,,,,,,,,,,,,,,,,,,,,,,,,,,,,,,,,6,,,,,3,300000,1,2800000,3,,10,2,,,,,2,1,2,24,1,,40,,,1,7,,2,,2,,,,1,,,,,,,,,1,2,2,2,,,,,2,,,,,,,,,11,60,,1,20,1,1,1,1,1,1,2,2,2,2,1,2,2,,2,1,2,2,1,2,2,1,3,,89,23,1,04,4,2392,300000,19,5312.9533921,
5432936,1,2,1,60,2,19,2,,,,,,,,,,,360,,,,,,,,,,,,,,,,,,,,,,,,,,,,,,,,,,,,,,,,,,,,,,,6,,,,,3,300000,1,3600000,3,,8,2,,,,,2,1,2,24,1,,0,7,NO HUBO TRABAJO EN LA ZONA,1,8,,2,,2,,,,1,,,,,,,,,1,2,2,2,,,,,2,,,,,,,,,13,40,,1,16,2,1,2,,,,,,,,,,,,,,1,2,2,2,1,2,9,,62,01,1,04,4,0161,300000,19,6655.0097385,
5432937,1,1,1,60,2,19,2,,,,,,,,,,,420,,,,,,,,,,,,,,,,,,,,,,,,,,,,,,,,,,,,,,,,,,,,,,,7,,2,,,2,300000,1,2500000,3,,12,2,,,,,2,3,2,40,,.,40,,,1,8,,2,,2,,,,1,,,,1,,,,,,2,2,2,,,,,1,19,8,4,,100000,1,8,,3,15,,2,,,,2,,,,,,,,,,,,,,1,2,2,2,1,1,9,,61,01,1,04,4,0123,400000,19,4293.140933,
5432938,1,1,1,60,2,19,2,,,,,,,,,,,36,,,,,,,,,,,,,,,,,,,,,,,,,,,,,,,,,,,,,,,,,,,,,,,6,,,,,3,120000,1,800000,3,,12,2,,,,,2,3,2,24,2,,24,,,1,8,,2,,2,,,,1,,,,,,,,,1,2,2,2,,,,,1,19,0,4,,50000,1,8,,3,30,,2,,,,2,,,,,,,,,,,,,,1,2,1,2,2,1,5,,62,01,1,04,4,0161,170000,19,6701.3363239,
5432939,1,1,1,60,2,19,2,,,,,,,,,,,600,,,,,,,,,,,,,,,,,,,,,,,,,,,,,,,,,,,,,,,,,,,,,,,7,,2,,,2,500000,1,1000000,3,,12,2,,,,,2,5,2,40,,.,40,,,1,8,,2,,2,,,,1,,,,1,,,,,,2,2,2,,,,,2,,,,,,,,,3,15,,2,,,,2,,,,,,,,,,,,,,1,2,1,2,1,1,3,,62,01,1,04,4,0123,500000,19,2275.4608546,
5432940,1,1,1,60,2,19,2,,,,,,,,,,,240,,,,,,,,,,,,,,,,,,,,,,,,,,,,,,,,,,,,,,,,,,,,,,,6,,,,,3,240000,1,1800000,3,,8,2,,,,,2,3,2,24,2,,24,,,1,8,,2,,2,,,,1,,,,,,,,,1,2,2,2,,,,,2,,,,,,,,,3,30,,2,,,,2,,,,,,,,,,,,,,1,1,1,2,2,1,9,,62,01,1,04,4,0161,240000,19,5946.5602843,
5432941,1,1,1,60,2,19,2,,,,,,,,,,,240,,,,,,,,,,,,,,,,,,,,,,,,,,,,,,,,,,,,,,,,,,,,,,,7,,2,,,2,120000,1,1200000,3,,12,1,1,0,0,1,2,1,1,40,,.,24,2,,2,8,,2,,2,,,,1,,,,,1,,,,,2,2,2,,,,,2,,,,,,,,,3,5,,2,,,,2,,,,,,,,,,,,,,1,1,1,2,2,1,2,,61,01,1,04,4,0123,120000,19,2324.7547105,
5432941,1,2,1,60,2,19,2,,,,,,,,,,,298,,,,,,,,,,,,,,,,,,,,,,,,,,,,,,,,,,,,,,,,,,,,,,,7,,2,,,2,200000,1,800000,3,,10,2,,,,,3,3,2,30,2,,30,,,1,7,,2,,2,,,,1,,,1,,,,,,,2,2,2,,,,,1,19,8,6,,,2,8,,1,80,,2,,,,2,,,,,,,,,,,,,,1,1,1,2,1,1,2,,41,47,1,04,4,4721,200000,19,2324.7547105,
5432942,1,1,1,60,2,19,2,,,,,,,,,,,240,,,,,,,,,,,,,,,,,,,,,,,,,,,,,,,,,,,,,,,,,,,,,,,6,,,,,3,360000,1,3800000,3,,6,2,,,,,2,3,2,32,1,,16,6,,1,8,,2,,2,,,,1,,,,1,,,,,,2,2,2,,,,,1,19,16,4,,300000,1,8,,3,30,2,2,,,,1,1,2,1,2,2,2,2,2,2,2,,1,1,1,2,1,2,1,1,9,,62,01,1,04,4,0161,660000,19,1792.3457394,
5432942,1,3,1,60,2,19,2,,,,,,,,,,,6,,,,,,,,,,,,,,,,,,,,,,,,,,,,,,,,,,,,,,,,,,,,,,,6,,,,,3,200000,1,800000,1,,6,2,,,,,2,5,2,24,1,,16,6,,1,8,,2,,2,,,,1,,,,,,,,,1,2,2,2,,,,,2,,,,,,,,,3,30,2,1,24,2,1,1,1,1,1,2,2,2,2,1,2,2,,2,1,1,2,2,2,1,1,3,,62,01,1,04,4,0161,200000,19,1792.3457394,
5432943,1,1,1,60,2,19,2,,,,,,,,,,,1,,,,,,,,,,,,,,,,,,,,,,,,,,,,,,,,,,,,,,,,,,,,,,,6,,,,,3,500000,1,500000,3,,7,2,,,,,2,3,2,40,,.,40,,,1,8,,2,,2,,,,1,,,,,,,,,1,2,2,1,4,120,4,,2,,,,,,,,8,2,60,,2,,,,2,,,,,,,,,,,,,,1,1,2,2,1,1,9,,62,01,1,04,4,0161,500000,19,5946.5602843,
5432961,1,1,1,60,2,19,2,,,,,,,,,,,96,,,,,,,,,,,,,,,,,,,,,,,,,,,,,,,,,,,,,,,,,,,,,,,7,,2,,,2,100000,1,400000,3,,12,2,,,,,2,3,1,45,,.,36,2,,1,8,,7,,2,,,,1,,,,,,,,,1,2,2,2,,,,,1,19,0,4,,40000,1,8,,3,60,,2,,,,1,1,2,1,2,2,2,2,1,2,2,,2,1,1,2,1,2,2,1,5,,62,01,1,04,4,0123,140000,19,2672.0281186,
5432965,1,1,1,60,2,19,1,2,2,36,2,2,,1,2,2,2,144,,1,,2,908000,2,,,2,,2,,2,,2,,2,,,2,,,2,,,2,,,2,,,2,,,2,,2,,2,,2,,2,,2,,,.,,,,,,,,,.,12,,,,,,,,,40,,.,40,,,9,11,EN UNA VIA PUBLICA,1,,1,2,1,10,1,1,,,,,,,,,1,9,1,0,120,4,,2,,,,,,,,3,11,25,,2,,,,2,,,,,,,,,,,,,,1,1,1,2,1,1,9,,95,84,1,04,1,8412,908000,19,1311.8110135,7810
5432965,1,2,1,60,2,19,2,,,,,,,,,,,6,,,,,,,,,,,,,,,,,,,,,,,,,,,,,,,,,,,,,,,,,,,,,,,7,,2,,,2,400000,1,400000,3,,6,1,4,0,4,0,3,3,2,20,2,,20,,,3,7,,2,,2,,,,1,,,,,,,,,1,2,2,1,12,1,4,,2,,,,,,,,8,11,50,,2,,,,2,,,,,,,,,,,,,,1,1,1,2,1,1,3,,61,01,1,04,4,0145,400000,19,1311.8110135,
5432965,1,3,1,60,2,19,2,,,,,,,,,,,24,,,,,,,,,,,,,,,,,,,,,,,,,,,,,,,,,,,,,,,,,,,,,,,6,,,,,3,850000,1,6000000,3,,10,2,,,,,2,1,1,45,,.,0,2,,1,9,,2,,2,,,,1,,,1,,,,,,,2,2,1,0,12,4,,2,,,,,,,,1,11,60,,2,,,,1,1,2,1,1,2,2,1,1,2,2,,2,1,2,2,2,2,2,1,5,,95,41,1,04,4,4111,850000,19,1311.8110135,
5432965,1,6,1,60,2,19,2,,,,,,,,,,,84,,,,,,,,,,,,,,,,,,,,,,,,,,,,,,,,,,,,,,,,,,,,,,,6,,,,,3,400000,1,3000000,3,,10,2,,,,,2,1,1,40,,.,24,2,,1,8,,2,,2,,,,1,,,,,,,,,1,2,2,2,,,,,2,,,,,,,,,3,30,,2,,,,2,,,,,,,,,,,,,,1,1,1,2,2,1,5,,61,01,1,04,4,0161,400000,19,1311.8110135,
5432966,1,1,1,60,2,19,2,,,,,,,,,,,240,,,,,,,,,,,,,,,,,,,,,,,,,,,,,,,,,,,,,,,,,,,,,,,6,,,,,3,200000,1,1600000,3,,12,2,,,,,2,3,2,40,,.,16,6,,1,8,,2,,2,,,,1,,,,1,,,,,,2,2,2,,,,,1,19,20,4,,100000,1,8,,3,15,2,2,,,,2,,,,,,,,,,,,,,1,1,1,2,1,1,9,,62,01,1,04,4,0161,300000,19,1842.0757464,
5432966,1,3,1,60,2,41,2,,,,,,,,,,,72,,,,,,,,,,,,,,,,,,,,,,,,,,,,,,,,,,,,,,,,,,,,,,,6,,,,,3,300000,1,2400000,3,,8,2,,,,,2,3,2,24,2,,24,,,1,8,,2,,2,,,,1,,,,,,,,,1,2,2,2,,,,,2,,,,,,,,,1,240,,2,,,,2,,,,,,,,,,,,,,1,2,1,2,1,1,9,,62,01,1,04,4,0161,300000,19,1842.0757464,
5432969,1,2,1,60,2,19,2,,,,,,,,,,,480,,,,,,,,,,,,,,,,,,,,,,,,,,,,,,,,,,,,,,,,,,,,,,,7,,2,,,2,500000,1,2000000,3,,12,2,,,,,2,3,1,40,,.,40,,,1,8,,2,,2,,,,1,,,,1,,,,,,2,2,2,,,,,2,,,,,,,,,3,30,,2,,,,2,,,,,,,,,,,,,,1,2,2,2,1,1,9,,61,01,1,04,4,0122,500000,19,990.34435961,
5432970,1,1,1,60,2,19,2,,,,,,,,,,,420,,,,,,,,,,,,,,,,,,,,,,,,,,,,,,,,,,,,,,,,,,,,,,,7,,2,,,2,0,1,1000000,3,,12,2,,,,,2,3,2,20,2,,0,6,,1,8,,2,,2,,,,1,,,,1,,,,,,2,2,2,,,,,2,,,,,,,,,3,10,2,2,,,,2,,,,,,,,,,,,,,1,2,1,2,1,1,3,,61,01,1,04,4,0123,0,19,946.84301173,
5432972,1,1,1,60,2,19,2,,,,,,,,,,,72,,,,,,,,,,,,,,,,,,,,,,,,,,,,,,,,,,,,,,,,,,,,,,,6,,,,,3,850000,1,2500000,3,,6,2,,,,,2,3,2,24,1,,16,2,,1,9,,2,,2,,,,1,,,,,,1,,,,2,2,1,0,36,4,,2,,,,,,,,1,12,30,,1,20,1,1,2,,,,,,,,,,,,,,1,1,1,2,2,1,9,,95,41,1,04,4,4111,850000,19,1147.7407198,
5432973,1,1,1,60,2,19,2,,,,,,,,,,,72,,,,,,,,,,,,,,,,,,,,,,,,,,,,,,,,,,,,,,,,,,,,,,,6,,,,,3,300000,1,1900000,3,,8,2,,,,,2,3,2,24,1,,32,,,1,4,,2,,2,,,,1,,,,,,1,,,,2,2,2,,,,,2,,,,,,,,,3,5,,1,30,1,1,1,1,1,1,2,2,2,2,2,2,2,,1,1,1,1,2,2,1,1,2,,98,49,1,04,4,4923,300000,19,1287.8711675,
5432973,1,2,1,60,2,19,2,,,,,,,,,,,12,,,,,,,,,,,,,,,,,,,,,,,,,,,,,,,,,,,,,,,,,,,,,,,7,,2,,,2,0,1,1200000,3,,12,2,,,,,2,4,2,20,2,,20,,,1,7,,2,,2,,,,1,,,,,,1,,,,2,2,2,,,,,2,,,,,,,,,3,3,,2,,,,1,1,1,1,2,2,2,2,2,2,2,,1,1,1,2,1,2,1,1,3,,61,01,1,04,4,0144,0,19,1287.8711675,
5432974,1,1,1,60,2,19,2,,,,,,,,,,,240,,,,,,,,,,,,,,,,,,,,,,,,,,,,,,,,,,,,,,,,,,,,,,,7,,2,,,2,0,1,1900000,3,,12,2,,,,,2,3,2,40,,.,32,2,,1,8,,2,,2,,,,1,,,,1,,1,,,,2,2,2,,,,,1,19,0,4,,200000,1,8,,3,20,,2,,,,2,,,,,,,,,,,,,,1,1,2,2,1,1,3,,62,01,1,04,4,0123,200000,19,1425.0108855,
5432975,1,1,1,60,2,19,2,,,,,,,,,,,480,,,,,,,,,,,,,,,,,,,,,,,,,,,,,,,,,,,,,,,,,,,,,,,7,,2,,,2,60000,1,60000,3,,12,2,,,,,1,1,2,18,2,,0,1,,1,8,,2,,2,,,,1,,,,,,,,,1,2,2,1,0,60,4,,2,,,,,,,,11,3,10,2,2,,,,2,,,,,,,,,,,,,,1,2,1,1,1,1,3,,62,01,1,04,4,0123,60000,19,668.00702966,
5432977,1,2,1,60,2,19,2,,,,,,,,,,,120,,,,,,,,,,,,,,,,,,,,,,,,,,,,,,,,,,,,,,,,,,,,,,,6,,,,,3,250000,1,2000000,3,,10,2,,,,,2,3,2,24,2,,24,,,1,8,,2,,2,,,,1,,,,,,,,,1,2,2,2,,,,,2,,,,,,,,,3,30,,2,,,,2,,,,,,,,,,,,,,1,2,1,2,2,1,3,,62,01,1,04,4,0161,250000,19,1464.2931542,
5432978,1,1,1,60,2,19,2,,,,,,,,,,,552,,,,,,,,,,,,,,,,,,,,,,,,,,,,,,,,,,,,,,,,,,,,,,,6,,,,,3,240000,1,1800000,3,,12,2,,,,,2,10,2,24,2,,24,,,1,8,,2,,2,,,,1,,,,,,,,,1,2,2,2,,,,,1,19,0,4,,0,1,8,,3,30,,2,,,,1,1,2,1,2,2,2,2,1,2,2,,1,1,1,2,1,2,2,1,5,,62,01,1,04,4,0161,240000,19,2045.4283088,
5432978,1,5,1,60,2,19,2,,,,,,,,,,,84,,,,,,,,,,,,,,,,,,,,,,,,,,,,,,,,,,,,,,,,,,,,,,,6,,,,,3,500000,1,2000000,3,,12,2,,,,,2,1,1,40,,.,0,2,,1,8,,6,,2,,,,1,,,,,,,,,1,2,2,2,,,,,2,,,,,,,,,11,10,,2,,,,1,1,2,1,2,2,2,1,1,2,2,,2,1,1,2,1,2,2,1,5,,62,01,1,04,4,0161,500000,19,2045.4283088,
5432979,1,1,1,60,2,19,2,,,,,,,,,,,348,,,,,,,,,,,,,,,,,,,,,,,,,,,,,,,,,,,,,,,,,,,,,,,6,,,,,3,400000,1,1200000,3,,11,2,,,,,2,1,1,40,,.,24,2,,1,8,,2,,2,,,,1,,,,,,,,,1,2,2,1,0,60,4,,2,,,,,,,,11,3,25,,2,,,,1,1,2,1,2,2,2,2,1,2,1,POR SALUD,2,2,1,2,1,2,2,1,5,,71,08,1,04,4,0811,400000,19,668.00702966,
5432980,1,1,1,60,2,19,2,,,,,,,,,,,60,,,,,,,,,,,,,,,,,,,,,,,,,,,,,,,,,,,,,,,,,,,,,,,6,,,,,3,250000,1,2500000,3,,8,2,,,,,3,1,2,40,,.,40,,,1,8,,2,,2,,,,1,,,,,,,,,1,2,2,1,0,24,4,,2,,,,,,,,3,11,14,,2,,,,1,1,2,1,2,1,2,2,1,1,2,,2,1,1,2,1,2,2,1,9,,71,08,1,04,4,0811,250000,19,1650.6892291,
5432981,1,1,1,60,2,19,1,1,,,1,,,1,2,2,2,240,,1,,2,500000,2,,,2,,2,,2,,2,,2,,,2,,,2,,,2,,,2,,,2,,,2,,2,,2,,2,,2,,2,,,.,,,,,,,,,.,12,,,,,,,,,40,,.,40,,,2,7,,2,,2,,,,1,,,,,,1,,,,2,2,2,,,,,2,,,,,,,,,3,5,,2,,,,2,,,,,,,,,,,,,,1,1,1,2,2,1,3,,45,47,1,04,1,4711,500000,19,668.00702966,
5432981,1,2,1,60,2,19,2,,,,,,,,,,,24,,,,,,,,,,,,,,,,,,,,,,,,,,,,,,,,,,,,,,,,,,,,,,,7,,2,,,2,400000,1,2000000,3,,4,2,,,,,3,1,1,24,1,,16,2,,1,1,,2,,2,,,,1,,,,,,,,,1,2,2,2,,,,,2,,,,,,,,,14,,,1,30,1,1,1,1,1,1,2,2,2,2,2,2,2,,1,1,1,2,2,2,2,1,3,,57,96,1,04,4,9602,400000,19,668.00702966,
5432983,1,1,1,60,2,19,2,,,,,,,,,,,6,,,,,,,,,,,,,,,,,,,,,,,,,,,,,,,,,,,,,,,,,,,,,,,6,,,,,3,900000,1,8000000,3,,7,2,,,,,2,1,1,56,,.,40,2,,1,8,,2,,2,,,,1,,,1,,,,,,,2,2,1,1,36,1,,2,,,,,,,,5,11,10,,2,,,,1,1,1,1,2,1,2,2,1,1,2,,1,1,1,2,1,2,2,1,9,,71,08,1,04,4,0811,900000,19,2076.1518157,
5432984,1,1,1,60,2,19,2,,,,,,,,,,,11,,,,,,,,,,,,,,,,,,,,,,,,,,,,,,,,,,,,,,,,,,,,,,,6,,,,,2,240000,1,2500000,3,,11,2,,,,,1,1,1,40,,.,21,2,,1,8,,10,,2,,,,1,,,,,,,,,1,2,2,1,1,120,1,,2,,,,,,,,13,3,30,,2,,,,1,1,2,1,2,2,2,2,1,1,2,,2,1,1,2,1,2,2,1,5,,71,07,1,04,4,0722,240000,19,948.99295185,
5432984,1,2,1,60,2,19,2,,,,,,,,,,,12,,,,,,,,,,,,,,,,,,,,,,,,,,,,,,,,,,,,,,,,,,,,,,,6,,,,,2,240000,1,2000000,3,,12,2,,,,,1,1,1,40,,.,21,2,,1,8,,2,,2,,,,1,,,,,,,,,1,2,2,1,0,84,1,,2,,,,,,,,13,3,30,,2,,,,1,1,2,1,2,2,2,1,1,1,2,,2,1,2,2,1,2,1,1,3,,71,07,1,04,4,0722,240000,19,948.99295185,
5432984,1,3,1,60,2,19,2,,,,,,,,,,,12,,,,,,,,,,,,,,,,,,,,,,,,,,,,,,,,,,,,,,,,,,,,,,,6,,,,,2,240000,1,1000000,3,,12,2,,,,,1,1,1,40,,.,21,2,,1,8,,2,,2,,,,1,,,,,,,,,1,2,2,2,,,,,2,,,,,,,,,3,30,,2,,,,2,,,,,,,,,,,,,,1,2,1,2,1,1,3,,71,07,1,04,4,0722,240000,19,948.99295185,
5432986,1,3,1,60,2,19,2,,,,,,,,,,,36,,,,,,,,,,,,,,,,,,,,,,,,,,,,,,,,,,,,,,,,,,,,,,,6,,,,,3,250000,1,8000000,3,,9,2,,,,,2,1,1,50,,.,30,2,,1,8,,2,,2,,,,1,,,,,,,,,1,2,2,1,0,36,1,,2,,,,,,,,2,3,30,,2,,,,1,1,2,1,1,2,2,1,1,1,2,,1,1,2,2,2,2,2,1,5,,71,08,1,04,4,0811,250000,19,1728.3321759,
5432987,1,1,1,60,2,19,2,,,,,,,,,,,132,,,,,,,,,,,,,,,,,,,,,,,,,,,,,,,,,,,,,,,,,,,,,,,5,,,,,2,200000,1,4000000,3,,12,2,,,,,2,1,1,6,1,,0,2,,1,5,,2,,2,,,,1,,,,,,,,,1,2,2,1,0,6,1,,2,,,,,,,,1,3,5,,1,20,1,1,1,1,1,1,2,2,2,2,2,2,2,,1,1,1,2,2,2,2,1,3,,45,47,1,04,4,4792,200000,19,668.00702966,
5432988,1,2,1,60,2,19,2,,,,,,,,,,,420,,,,,,,,,,,,,,,,,,,,,,,,,,,,,,,,,,,,,,,,,,,,,,,7,,2,,,2,100000,1,2300000,3,,12,1,1,0,0,1,2,3,2,48,,.,48,,,2,8,,2,,2,,,,1,,,,1,,,,,,2,2,2,,,,,2,,,,,,,,,3,15,,2,,,,2,,,,,,,,,,,,,,2,2,2,2,1,1,3,,61,01,1,04,4,0121,100000,19,668.00702966,
5432988,1,3,1,60,2,19,2,,,,,,,,,,,48,,,,,,,,,,,,,,,,,,,,,,,,,,,,,,,,,,,,,,,,,,,,,,,,.,,,,,,,,,.,12,,,,,,,,,40,,.,40,,,2,8,,2,,2,,,,1,,,,,,,,,1,2,2,2,,,,,2,,,,,,,,,3,15,,2,,,,1,1,1,1,2,2,2,1,1,2,2,,2,2,1,1,2,2,1,1,3,,62,01,1,04,6,0121,,19,668.00702966,
5432989,1,1,1,60,2,19,2,,,,,,,,,,,24,,,,,,,,,,,,,,,,,,,,,,,,,,,,,,,,,,,,,,,,,,,,,,,6,,,,,3,200000,1,600000,3,,12,2,,,,,1,1,1,40,,.,24,2,,1,8,,2,,2,,,,1,,,,,,,,,1,2,2,1,0,96,1,,2,,,,,,,,13,3,60,,2,,,,1,1,2,1,1,2,2,1,1,1,2,,2,1,2,2,2,2,2,2,5,,71,07,1,04,4,0722,200000,19,668.00702966,
5432990,1,1,1,60,2,19,2,,,,,,,,,,,120,,,,,,,,,,,,,,,,,,,,,,,,,,,,,,,,,,,,,,,,,,,,,,,6,,,,,2,400000,1,1800000,3,,10,2,,,,,1,1,1,32,2,,0,7,TRABAJADO PARA EL AUTOCONSUMO,1,8,,2,,2,,,,1,,,,,,,,,1,2,2,1,0,12,4,,2,,,,,,,,3,3,60,,2,,,,1,1,2,1,2,2,2,1,1,1,2,,2,1,2,2,1,2,2,1,5,,71,07,1,04,4,0722,400000,19,2579.1003251,
5432991,1,1,1,60,2,19,2,,,,,,,,,,,6,,,,,,,,,,,,,,,,,,,,,,,,,,,,,,,,,,,,,,,,,,,,,,,6,,,,,3,200000,1,800000,3,,10,2,,,,,2,10,1,24,2,,24,,,1,8,,2,,2,,,,1,,,,,,1,,,,2,2,1,12,6,3,,2,,,,,,,,1,3,60,,2,,,,2,,,,,,,,,,,,,,1,2,1,2,2,1,9,,71,07,1,04,4,0722,200000,19,668.00702966,
5432992,1,1,1,60,2,19,2,,,,,,,,,,,408,,,,,,,,,,,,,,,,,,,,,,,,,,,,,,,,,,,,,,,,,,,,,,,6,,,,,2,60000,1,400000,3,,10,2,,,,,1,9,1,30,2,,24,6,,1,8,,2,,2,,,,1,,,,,,,,,1,2,2,1,0,6,1,,2,,,,,,,,3,3,20,2,2,,,,2,,,,,,,,,,,,,,1,2,1,2,1,1,3,,71,07,1,04,4,0722,60000,19,1344.6036594,
5432992,1,2,1,60,2,19,2,,,,,,,,,,,384,,,,,,,,,,,,,,,,,,,,,,,,,,,,,,,,,,,,,,,,,,,,,,,6,,,,,2,200000,1,1000000,3,,11,2,,,,,2,1,1,45,,.,45,,,1,8,,2,,2,,,,1,,,,,,,,,1,2,2,2,,,,,2,,,,,,,,,3,30,,2,,,,1,1,2,1,2,2,2,1,1,1,2,,2,1,1,2,1,2,1,1,5,,71,08,1,04,4,0811,200000,19,1344.6036594,
5432992,2,1,2,60,2,19,2,,,,,,,,,,,84,,,,,,,,,,,,,,,,,,,,,,,,,,,,,,,,,,,,,,,,,,,,,,,6,,,,,3,200000,1,1000000,3,,11,2,,,,,2,1,1,50,,.,50,,,1,8,,2,,2,,,,1,,,,,,,,,1,2,2,2,,,,,2,,,,,,,,,3,30,,2,,,,1,1,2,1,2,2,2,1,1,1,2,,2,1,1,2,1,2,2,1,5,,71,08,1,04,4,0811,200000,19,1344.6036594,
5432992,2,2,2,60,2,19,2,,,,,,,,,,,12,,,,,,,,,,,,,,,,,,,,,,,,,,,,,,,,,,,,,,,,,,,,,,,6,,,,,3,100000,1,600000,3,,10,2,,,,,1,1,1,40,,.,24,6,,1,8,,2,,2,,,,1,,,,,,,,,1,2,2,1,0,6,1,,2,,,,,,,,2,3,20,2,2,,,,1,1,2,1,2,2,2,1,1,1,2,,2,1,1,2,1,2,2,1,3,,71,07,1,04,4,0722,100000,19,1344.6036594,
5432993,1,1,1,60,2,19,2,,,,,,,,,,,120,,,,,,,,,,,,,,,,,,,,,,,,,,,,,,,,,,,,,,,,,,,,,,,6,,,,,3,200000,1,2000000,3,,10,2,,,,,2,1,2,40,,.,24,2,,1,8,,2,,2,,,,1,,,,,,,,,1,2,2,2,,,,,2,,,,,,,,,3,30,,1,20,1,1,2,,,,,,,,,,,,,,1,2,1,2,2,1,9,,71,08,1,04,4,0811,200000,19,2480.3212851,
5432993,1,2,1,60,2,19,2,,,,,,,,,,,480,,,,,,,,,,,,,,,,,,,,,,,,,,,,,,,,,,,,,,,,,,,,,,,6,,,,,3,150000,1,1200000,3,,8,2,,,,,2,10,2,40,,.,24,2,,1,8,,2,,2,,,,1,,,,,,,,,1,2,2,2,,,,,2,,,,,,,,,3,30,,2,,,,2,,,,,,,,,,,,,,1,2,1,2,2,1,3,,71,08,1,04,4,0811,150000,19,2480.3212851,
5432994,1,1,1,60,2,19,2,,,,,,,,,,,240,,,,,,,,,,,,,,,,,,,,,,,,,,,,,,,,,,,,,,,,,,,,,,,6,,,,,3,130000,1,1000000,3,,12,2,,,,,2,5,2,24,2,,24,,,1,8,,2,,2,,,,1,,,,,,,,,1,2,2,2,,,,,2,,,,,,,,,3,30,,2,,,,2,,,,,,,,,,,,,,2,2,1,2,2,1,3,,71,07,1,04,4,0722,130000,19,848.06397179,
5432994,1,2,1,60,2,19,2,,,,,,,,,,,360,,,,,,,,,,,,,,,,,,,,,,,,,,,,,,,,,,,,,,,,,,,,,,,6,,,,,3,200000,1,1200000,3,,10,2,,,,,2,3,2,24,2,,24,,,1,8,,2,,2,,,,1,,,,,,,,,1,2,2,2,,,,,2,,,,,,,,,3,30,,2,,,,2,,,,,,,,,,,,,,2,2,2,2,2,1,3,,61,01,1,04,4,0161,200000,19,848.06397179,
5432995,1,5,1,60,2,19,2,,,,,,,,,,,240,,,,,,,,,,,,,,,,,,,,,,,,,,,,,,,,,,,,,,,,,,,,,,,6,,,,,3,50000,1,600000,3,,6,2,,,,,3,1,2,48,,.,48,,,1,6,,2,,2,,,,1,,,,,,1,,,,2,2,2,,,,,2,,,,,,,,,3,2,,2,,,,2,,,,,,,,,,,,,,1,2,2,2,2,1,9,,45,47,1,04,4,4781,50000,19,668.00702966,
5432996,1,1,1,60,2,19,2,,,,,,,,,,,48,,,,,,,,,,,,,,,,,,,,,,,,,,,,,,,,,,,,,,,,,,,,,,,7,,1,1,2020,2,680000,1,3000000,3,,6,2,,,,,3,1,1,72,,.,72,,,1,1,,2,,2,,,,1,,,,1,,1,,,,2,2,1,6,36,1,,2,,,,,,,,10,14,,,2,,,,2,,,,,,,,,,,,,,1,1,1,2,1,1,9,,41,47,1,04,4,4711,680000,19,668.00702966,
5432997,1,1,1,60,2,19,1,1,,,1,,,2,2,2,2,6,,1,,2,240000,2,,,1,84000,2,,2,,2,,2,,,2,,,2,,,2,,,2,,,2,,,2,,2,,2,,2,,2,,2,,,.,,,,,,,,,.,6,,,,,,,,,30,1,,50,,,4,7,,2,,2,,,,1,,,,,,,,,1,2,2,1,6,36,1,,2,,,,,,,,13,12,10,,1,20,2,1,1,1,2,1,2,1,2,1,1,2,2,,2,1,1,2,2,2,2,1,5,,53,56,1,04,1,5611,324000,19,1296.7317906,
5432998,1,1,1,60,2,19,2,,,,,,,,,,,360,,,,,,,,,,,,,,,,,,,,,,,,,,,,,,,,,,,,,,,,,,,,,,,6,,,,,3,360000,1,2500000,3,,8,2,,,,,2,1,2,24,1,,24,,,1,8,,2,,2,,,,1,,,,,,,,,1,2,2,1,0,15,1,,2,,,,,,,,1,3,20,,1,16,2,2,2,,,,,,,,,,,,,,1,1,2,2,1,1,8,,61,01,1,04,4,0161,360000,19,668.00702966,
5433000,1,1,1,60,2,19,1,2,2,12,2,4,JUNTA DE PADRES DE FAMILIA HOGARES COMUNITARIOS PARRAGA,2,1,1,1,336,,1,,2,908526,2,,,2,,2,,2,,2,,2,,,2,,,2,,,2,,,2,,,1,36000,2,1,420000,1,420000,1,390000,2,,2,,2,,,.,,,,,,,,,.,12,,,,,,,,,40,,.,40,,,9,1,,1,,1,2,1,15,1,1,,,,,,,,,1,1,1,0,144,4,,2,,,,,,,,8,14,,,2,,,,2,,,,,,,,,,,,,,1,1,1,2,2,1,5,,54,88,1,04,1,8890,908526,19,668.00702966,7810
5433000,1,2,1,60,2,19,1,2,2,12,2,4,ASOCIACION DE PADRES DE FAMILIA HOGARES COMUNITARIOS PARRAGA,2,1,1,1,216,,1,,2,908526,2,,,2,,2,,2,,2,,2,,,2,,,2,,,2,,,2,,,1,36000,2,1,420000,1,420000,1,390000,2,,2,,2,,,.,,,,,,,,,.,12,,,,,,,,,40,,.,40,,,9,1,,1,,1,2,1,7,1,1,,,,,,,,,1,1,2,,,,,2,,,,,,,,,14,,,2,,,,2,,,,,,,,,,,,,,1,2,1,1,2,1,3,,54,88,1,04,1,8890,908526,19,668.00702966,7810
5433000,1,3,1,60,2,19,2,,,,,,,,,,,24,,,,,,,,,,,,,,,,,,,,,,,,,,,,,,,,,,,,,,,,,,,,,,,6,,,,,3,0,1,1000000,1,,10,2,,,,,3,1,1,21,1,,4,6,,1,2,,3,,2,,,,1,,,,,,,,,1,2,2,1,0,12,1,,2,,,,,,,,12,3,5,2,2,,,,2,,,,,,,,,,,,,,1,2,2,2,2,1,3,,16,96,1,04,4,9609,0,19,668.00702966,
5433002,1,1,1,60,2,19,2,,,,,,,,,,,372,,,,,,,,,,,,,,,,,,,,,,,,,,,,,,,,,,,,,,,,,,,,,,,6,,,,,3,180000,1,1600000,3,,6,2,,,,,2,3,2,24,1,,16,6,,1,8,,2,,2,,,,1,,,,,,,,,1,2,2,2,,,,,2,,,,,,,,,3,60,1,1,32,2,1,2,,,,,,,,,,,,,,1,2,2,2,1,1,3,,61,01,1,04,4,0161,180000,19,668.00702966,
5433005,1,1,1,60,2,19,2,,,,,,,,,,,12,,,,,,,,,,,,,,,,,,,,,,,,,,,,,,,,,,,,,,,,,,,,,,,6,,,,,3,80000,1,300000,3,,5,2,,,,,2,3,2,40,,.,40,,,1,8,,2,,2,,,,1,,,,,,,,,1,2,2,2,,,,,2,,,,,,,,,3,60,,2,,,,1,1,1,1,2,2,2,2,1,1,2,,1,1,2,2,2,2,2,1,9,,71,07,1,04,4,0722,80000,19,668.00702966,
5433005,2,2,2,60,2,19,2,,,,,,,,,,,12,,,,,,,,,,,,,,,,,,,,,,,,,,,,,,,,,,,,,,,,,,,,,,,6,,,,,3,200000,1,700000,1,,8,2,,,,,2,1,2,16,1,,16,,,1,7,,2,,2,,,,1,,,,,,,1,ESTUDIA,,2,2,2,,,,,2,,,,,,,,,1,20,,1,30,1,1,1,1,1,1,2,2,2,2,1,2,2,,1,1,2,2,2,2,2,1,3,,53,56,1,04,4,5619,200000,19,668.00702966,
5433007,1,1,1,60,2,19,2,,,,,,,,,,,240,,,,,,,,,,,,,,,,,,,,,,,,,,,,,,,,,,,,,,,,,,,,,,,6,,,,,3,300000,1,2200000,3,,8,2,,,,,2,3,2,24,2,,16,6,,1,8,,2,,2,,,,1,,,,,,,,,1,2,2,2,,,,,2,,,,,,,,,3,30,2,2,,,,2,,,,,,,,,,,,,,2,2,2,2,2,1,9,,61,01,1,04,4,0161,300000,19,2109.5220514,
5433007,1,2,1,60,2,19,2,,,,,,,,,,,240,,,,,,,,,,,,,,,,,,,,,,,,,,,,,,,,,,,,,,,,,,,,,,,6,,,,,3,50000,1,600000,3,,6,2,,,,,3,1,2,16,2,,16,,,1,1,,2,,2,,,,1,,,,,,,,,1,2,2,2,,,,,2,,,,,,,,,3,30,,2,,,,2,,,,,,,,,,,,,,1,1,2,2,1,1,9,,53,56,1,04,4,5619,50000,19,2109.5220514,
5433007,1,3,1,60,2,19,2,,,,,,,,,,,12,,,,,,,,,,,,,,,,,,,,,,,,,,,,,,,,,,,,,,,,,,,,,,,6,,,,,3,240000,1,700000,3,,4,2,,,,,2,1,1,16,1,,8,6,,1,8,,2,,2,,,,1,,,,,,,,,1,2,2,2,,,,,2,,,,,,,,,3,30,1,1,30,1,1,1,1,1,1,2,1,2,2,1,2,2,,1,1,2,2,2,2,2,1,3,,61,01,1,04,4,0161,240000,19,2109.5220514,
5433009,1,1,1,60,2,19,2,,,,,,,,,,,24,,,,,,,,,,,,,,,,,,,,,,,,,,,,,,,,,,,,,,,,,,,,,,,6,,,,,3,170000,1,1400000,3,,12,2,,,,,2,1,1,32,2,,32,,,1,8,,2,,2,,,,1,,,,,,,,,1,2,2,1,12,60,4,,1,19,8,6,,,2,8,11,3,15,,2,,,,2,,,,,,,,,,,,,,1,2,1,2,2,1,5,,61,01,1,04,4,0161,170000,19,668.00702966,
5433009,1,2,1,60,2,19,2,,,,,,,,,,,168,,,,,,,,,,,,,,,,,,,,,,,,,,,,,,,,,,,,,,,,,,,,,,,7,,2,,,2,0,1,1000000,3,,12,1,1,0,0,1,2,3,2,40,,.,40,,,2,8,,2,,2,,,,1,,,,,,,,,1,2,2,1,0,420,4,,2,,,,,,,,8,3,5,,2,,,,2,,,,,,,,,,,,,,1,1,1,2,1,1,5,,61,01,1,04,4,0123,0,19,668.00702966,
5433009,1,3,1,60,2,19,2,,,,,,,,,,,48,,,,,,,,,,,,,,,,,,,,,,,,,,,,,,,,,,,,,,,,,,,,,,,6,,,,,3,0,1,700000,3,,11,2,,,,,2,1,1,40,,.,32,6,,1,8,,2,,2,,,,1,,,,,,,,,1,2,2,2,,,,,2,,,,,,,,,3,15,2,2,,,,1,1,2,1,2,2,2,1,1,2,2,,2,1,1,2,1,2,2,1,5,,61,01,1,04,4,0161,0,19,668.00702966,
5433009,1,4,1,60,2,19,2,,,,,,,,,,,24,,,,,,,,,,,,,,,,,,,,,,,,,,,,,,,,,,,,,,,,,,,,,,,6,,,,,3,60000,1,700000,3,,12,2,,,,,2,1,1,40,,.,8,7,ESTA ESTUDIANDO,1,8,,2,,2,,,,1,,,,,,,,,1,2,2,2,,,,,2,,,,,,,,,3,5,,2,,,,2,,,,,,,,,,,,,,1,2,1,2,2,1,3,,61,01,1,04,4,0161,60000,19,668.00702966,
5433009,1,5,1,60,2,19,2,,,,,,,,,,,4,,,,,,,,,,,,,,,,,,,,,,,,,,,,,,,,,,,,,,,,,,,,,,,6,,,,,3,0,1,300000,1,,4,2,,,,,2,5,2,32,2,,24,7,ESTA ESTUDIANO,1,8,,2,,,,,,1,,,,,,,,,1,2,2,2,,,,,2,,,,,,,,,3,5,,2,,,,2,,,,,,,,,,,,,,1,1,1,2,2,1,3,,61,01,1,04,4,0161,0,19,668.00702966,
5433009,1,6,1,60,2,19,1,1,,,1,,,2,2,2,2,1,,1,,2,1120000,2,,,1,430000,1,100000,2,,2,,2,,,2,,,2,,,2,,,2,,,2,,,2,,2,,2,,2,,2,,2,,,.,,,,,,,,,.,1,,,,,,,,,98,,.,98,,,3,7,,2,,2,,,,1,,,,,,,,,1,2,2,1,12,36,3,,2,,,,,,,,13,11,60,,2,,,,2,,,,,,,,,,,,,,1,1,2,2,1,2,3,,53,56,1,04,1,5611,1650000,19,668.00702966,
5433009,1,9,1,60,2,19,2,,,,,,,,,,,168,,,,,,,,,,,,,,,,,,,,,,,,,,,,,,,,,,,,,,,,,,,,,,,6,,,,,3,160000,1,1400000,3,,9,2,,,,,2,5,2,35,2,,28,6,,1,8,,2,,2,,,,1,,,,,,,,,1,2,2,1,0,492,4,,2,,,,,,,,13,3,5,2,2,,,,2,,,,,,,,,,,,,,1,1,1,2,1,1,3,,61,01,1,04,4,0161,160000,19,668.00702966,
5433010,1,1,1,60,2,19,2,,,,,,,,,,,240,,,,,,,,,,,,,,,,,,,,,,,,,,,,,,,,,,,,,,,,,,,,,,,6,,,,,3,350000,1,1200000,3,,10,2,,,,,2,3,1,32,2,,32,,,1,8,,2,,2,,,,1,,,,,,,,,1,2,2,2,,,,,2,,,,,,,,,3,90,,2,,,,2,,,,,,,,,,,,,,1,1,1,2,1,1,9,,61,01,1,04,4,0161,350000,19,1229.2538473,
5433010,1,3,1,60,2,19,2,,,,,,,,,,,3,,,,,,,,,,,,,,,,,,,,,,,,,,,,,,,,,,,,,,,,,,,,,,,6,,,,,3,125000,1,400000,3,,2,2,,,,,2,1,2,16,2,,16,,,1,8,,2,,2,,,,1,,,,,,,,,1,2,2,2,,,,,2,,,,,,,,,3,30,,2,,,,2,,,,,,,,,,,,,,2,1,1,2,2,1,3,,61,01,1,04,4,0161,125000,19,1229.2538473,
5433011,1,2,1,60,2,19,1,1,,,1,,,1,2,2,2,1,,1,,2,550000,2,,,1,150000,2,,2,,2,,2,,,2,,,2,,,2,,,2,,,2,,,2,,2,,2,,2,,2,,2,,,.,,,,,,,,,.,1,,,,,,,,,48,,.,48,,,3,7,,2,,2,,,,1,,,,,,,,,1,2,2,2,,,,,2,,,,,,,,,11,60,,2,,,,2,,,,,,,,,,,,,,1,1,1,2,2,1,3,,53,56,1,04,1,5611,700000,19,668.00702966,
5433011,1,3,1,60,2,19,2,,,,,,,,,,,6,,,,,,,,,,,,,,,,,,,,,,,,,,,,,,,,,,,,,,,,,,,,,,,6,,,,,3,200000,1,500000,3,,6,2,,,,,2,3,2,24,2,,24,,,1,8,,2,,2,,,,1,,,,,,,,,1,2,2,2,,,,,2,,,,,,,,,3,30,,2,,,,2,,,,,,,,,,,,,,1,1,1,2,2,2,3,,61,01,1,04,4,0161,200000,19,668.00702966,
5433012,1,1,1,60,2,19,2,,,,,,,,,,,540,,,,,,,,,,,,,,,,,,,,,,,,,,,,,,,,,,,,,,,,,,,,,,,7,,2,,,2,200000,1,2000000,3,,12,2,,,,,2,5,2,40,,.,40,,,1,8,,2,,2,,,,1,,,,,,,,,1,2,2,2,,,,,2,,,,,,,,,3,10,,2,,,,2,,,,,,,,,,,,,,1,1,1,2,2,2,3,,61,01,1,04,4,0123,200000,19,1600.053081,
5433013,1,1,1,60,2,19,2,,,,,,,,,,,420,,,,,,,,,,,,,,,,,,,,,,,,,,,,,,,,,,,,,,,,,,,,,,,6,,,,,3,120000,1,1200000,3,,8,2,,,,,2,3,2,24,2,,0,1,,1,8,,2,,2,,,,1,,,,,,,,,1,2,2,2,,,,,2,,,,,,,,,3,30,2,2,,,,2,,,,,,,,,,,,,,1,2,2,2,1,1,3,,61,01,1,04,4,0161,120000,19,2216.2822634,
5433015,1,1,1,60,2,19,2,,,,,,,,,,,240,,,,,,,,,,,,,,,,,,,,,,,,,,,,,,,,,,,,,,,,,,,,,,,6,,,,,3,100000,1,400000,3,,6,2,,,,,2,1,1,16,1,,16,,,1,8,,2,,2,,,,1,,,,,,,,,1,2,2,1,4,24,1,,2,,,,,,,,1,3,40,,2,,,,1,1,2,1,2,2,2,2,2,2,2,,1,1,2,2,2,2,2,1,3,,61,01,1,04,4,0161,100000,19,668.00702966,
5433015,1,2,1,60,2,19,2,,,,,,,,,,,3,,,,,,,,,,,,,,,,,,,,,,,,,,,,,,,,,,,,,,,,,,,,,,,6,,,,,3,300000,1,600000,3,,3,2,,,,,2,1,1,24,1,,16,6,,1,8,,2,,2,,,,1,,,,,,,,,1,2,2,2,,,,,2,,,,,,,,,3,40,2,1,30,1,1,1,1,1,1,2,1,2,2,1,1,2,,1,1,2,2,2,2,2,1,3,,61,01,1,04,4,0161,300000,19,668.00702966,
5433016,1,1,1,60,2,19,1,1,,,1,,,1,2,2,2,12,,1,,2,80000,2,,,1,180000,1,100000,2,,2,,2,,,2,,,2,,,2,,,2,,,2,,,2,,2,,2,,2,,2,,2,,,.,,,,,,,,,.,12,,,,,,,,,32,1,,32,,,2,8,,2,,2,,,,1,,,,,,,,,1,2,2,1,0,120,4,,2,,,,,,,,3,3,10,,1,16,2,1,1,1,2,1,2,1,2,2,1,2,2,,2,1,1,2,2,2,2,1,3,,62,01,1,04,8,0123,360000,19,1600.053081,
5433017,1,1,1,60,2,19,2,,,,,,,,,,,120,,,,,,,,,,,,,,,,,,,,,,,,,,,,,,,,,,,,,,,,,,,,,,,6,,,,,3,200000,1,2000000,3,,12,2,,,,,2,1,1,32,2,,32,,,1,8,,2,,2,,,,1,,,,,,,,,1,2,2,1,0,12,1,,1,19,16,4,,200000,1,8,9,3,30,,2,,,,2,,,,,,,,,,,,,,1,2,1,2,2,1,5,,61,01,1,04,4,0161,400000,19,2256.4102193,
5433018,1,1,1,60,2,19,2,,,,,,,,,,,144,,,,,,,,,,,,,,,,,,,,,,,,,,,,,,,,,,,,,,,,,,,,,,,6,,,,,3,200000,1,1200000,3,,10,2,,,,,2,3,2,24,2,,24,,,1,8,,2,,2,,,,1,,,,,,1,,,,2,2,2,,,,,2,,,,,,,,,3,30,,2,,,,2,,,,,,,,,,,,,,1,2,2,2,2,1,9,,61,01,1,04,4,0161,200000,19,1936.021368,
5433025,1,2,1,60,2,19,2,,,,,,,,,,,84,,,,,,,,,,,,,,,,,,,,,,,,,,,,,,,,,,,,,,,,,,,,,,,6,,,,,3,600000,1,6000000,3,,12,2,,,,,2,3,2,40,,.,40,,,1,9,,2,,2,,,,1,,,,,,1,,,,2,2,2,,,,,2,,,,,,,,,11,5,,2,,,,2,,,,,,,,,,,,,,1,1,1,2,2,1,3,,95,41,1,04,4,4111,600000,19,2672.0281186,
5433025,1,5,1,60,2,19,2,,,,,,,,,,,1,,,,,,,,,,,,,,,,,,,,,,,,,,,,,,,,,,,,,,,,,,,,,,,6,,,,,3,200000,1,200000,3,,1,2,,,,,2,1,2,16,1,,16,,,1,7,,2,,2,,,,1,,,,,,,,,1,2,2,1,10,12,4,,2,,,,,,,,11,12,5,,1,30,1,1,1,1,1,1,2,2,2,2,2,2,2,,1,1,2,2,2,2,2,1,3,,53,56,1,04,4,5619,200000,19,2672.0281186,
5433026,1,1,1,60,2,19,2,,,,,,,,,,,300,,,,,,,,,,,,,,,,,,,,,,,,,,,,,,,,,,,,,,,,,,,,,,,7,,2,,,2,100000,1,500000,3,,12,1,1,0,1,0,2,3,2,40,,.,32,6,,2,8,,2,,2,,,,1,,,,,,,,,1,2,2,1,0,60,4,,2,,,,,,,,8,3,2,2,2,,,,2,,,,,,,,,,,,,,1,2,1,2,1,1,5,,61,01,1,04,4,0123,100000,19,668.00702966,
5433026,1,2,1,60,2,19,2,,,,,,,,,,,24,,,,,,,,,,,,,,,,,,,,,,,,,,,,,,,,,,,,,,,,,,,,,,,7,,2,,,2,100000,1,500000,3,,12,1,1,0,1,0,2,3,2,30,2,,30,,,2,8,,2,,2,,,,1,,,,,,,,,1,2,2,1,0,2,4,,2,,,,,,,,3,3,5,,2,,,,2,,,,,,,,,,,,,,1,2,1,2,1,1,5,,61,01,1,04,4,0123,100000,19,668.00702966,
5433027,1,2,1,60,2,19,2,,,,,,,,,,,24,,,,,,,,,,,,,,,,,,,,,,,,,,,,,,,,,,,,,,,,,,,,,,,7,,2,,,2,300000,1,1000000,3,,12,1,1,0,1,0,2,3,2,55,,.,55,,,2,8,,2,,2,,,,1,,,,,,,,,1,2,2,1,0,18,8,,2,,,,,,,,2,11,45,,2,,,,2,,,,,,,,,,,,,,1,1,1,1,1,1,5,,61,01,1,04,4,0124,300000,19,1814.1819331,
5433028,1,1,1,60,2,19,1,1,,,1,,,1,2,2,2,2,,1,,2,400000,2,,,2,,2,,2,,2,,2,,,2,,,2,,,2,,,2,,,2,,,2,,2,,2,,2,,2,,2,,,.,,,,,,,,,.,12,,,,,,,,,40,,.,40,,,2,8,,4,,2,,,,1,,,,,,,,,1,2,2,1,0,60,1,,2,,,,,,,,3,3,10,,2,,,,2,,,,,,,,,,,,,,1,1,1,2,1,1,2,,62,01,1,04,8,0123,400000,19,2216.2822634,
5433030,1,2,1,60,2,19,2,,,,,,,,,,,240,,,,,,,,,,,,,,,,,,,,,,,,,,,,,,,,,,,,,,,,,,,,,,,6,,,,,3,150000,1,1500000,3,,8,2,,,,,2,9,2,24,2,,24,,,1,8,,2,,2,,,,1,,,,,,,,,1,2,2,2,,,,,2,,,,,,,,,3,60,,2,,,,2,,,,,,,,,,,,,,1,1,1,2,1,1,8,,61,01,1,04,4,0161,150000,19,2109.5220514,
5433030,1,3,1,60,2,19,2,,,,,,,,,,,280,,,,,,,,,,,,,,,,,,,,,,,,,,,,,,,,,,,,,,,,,,,,,,,6,,,,,3,350000,1,2500000,3,,8,2,,,,,2,9,2,32,2,,32,,,1,8,,2,,2,,,,1,,,,,,,,,1,2,2,2,,,,,2,,,,,,,,,3,50,,2,,,,2,,,,,,,,,,,,,,1,1,1,2,1,1,8,,61,01,1,04,4,0161,350000,19,2109.5220514,
5433030,1,4,1,60,2,19,2,,,,,,,,,,,60,,,,,,,,,,,,,,,,,,,,,,,,,,,,,,,,,,,,,,,,,,,,,,,6,,,,,3,350000,1,1800000,3,,8,2,,,,,2,9,2,32,1,,32,,,1,8,,2,,2,,,,1,,,,,,,,,1,2,2,2,,,,,2,,,,,,,,,3,45,,1,16,2,1,2,,,,,,,,,,,,,,1,1,2,2,1,2,9,,61,01,1,04,4,0161,350000,19,2109.5220514,
5433031,1,1,1,60,2,19,2,,,,,,,,,,,480,,,,,,,,,,,,,,,,,,,,,,,,,,,,,,,,,,,,,,,,,,,,,,,7,,2,,,2,90000,1,800000,3,,12,2,,,,,2,3,2,40,,.,40,,,1,8,,2,,2,,,,1,,,,1,,,,,,2,2,2,,,,,2,,,,,,,,,3,15,,2,,,,2,,,,,,,,,,,,,,1,2,1,2,2,1,9,,61,01,1,04,4,0123,90000,19,1210.8820334,
5433031,1,3,1,60,2,19,2,,,,,,,,,,,24,,,,,,,,,,,,,,,,,,,,,,,,,,,,,,,,,,,,,,,,,,,,,,,6,,,,,3,300000,1,1200000,3,,6,2,,,,,2,3,2,24,1,,24,,,1,8,,2,,2,,,,1,,,,,,,,,1,2,2,2,,,,,2,,,,,,,,,3,30,,1,24,1,1,2,,,,,,,,,,,,,,1,1,1,2,2,1,3,,61,01,1,04,4,0161,300000,19,1210.8820334,
5433032,1,1,1,60,2,19,2,,,,,,,,,,,360,,,,,,,,,,,,,,,,,,,,,,,,,,,,,,,,,,,,,,,,,,,,,,,7,,2,,,2,600000,1,3000000,3,,12,1,1,1,0,0,2,3,2,40,,.,40,,,2,8,,2,,2,,,,1,,,,,,,,,1,2,2,2,,,,,2,,,,,,,,,10,20,,2,,,,2,,,,,,,,,,,,,,1,1,1,1,1,1,5,,61,01,1,04,5,0123,600000,19,2672.0281186,
5433032,1,3,1,60,2,19,1,1,,,1,,,2,2,2,2,12,,1,,2,500000,2,,,2,,2,,2,,2,,2,,,2,,,2,,,2,,,2,,,2,,,2,,2,,2,,2,,2,,2,,,.,,,,,,,,,.,12,,,,,,,,,40,,.,40,,,2,8,,2,,2,,,,1,,,,,,,,,1,2,2,1,0,96,4,,2,,,,,,,,2,11,15,,2,,,,1,1,2,1,2,2,2,2,1,2,2,,2,1,1,2,1,2,1,1,5,,62,01,1,04,8,0123,500000,19,2672.0281186,
5433034,1,1,1,60,2,19,2,,,,,,,,,,,120,,,,,,,,,,,,,,,,,,,,,,,,,,,,,,,,,,,,,,,,,,,,,,,7,,2,,,2,0,1,3500000,3,,12,1,1,0,0,1,2,1,1,40,,.,40,,,2,8,,2,,2,,,,1,,,,,,,,,1,2,2,1,0,240,4,,2,,,,,,,,8,3,4,,2,,,,1,1,2,1,2,2,2,2,1,2,2,,2,1,1,2,1,1,1,1,5,,61,01,1,04,4,0123,0,19,975.84272644,
5433034,1,3,1,60,2,19,2,,,,,,,,,,,36,,,,,,,,,,,,,,,,,,,,,,,,,,,,,,,,,,,,,,,,,,,,,,,6,,,,,3,400000,1,2000000,3,,12,2,,,,,2,1,1,40,,.,40,,,1,8,,10,,2,,,,1,,,,,,,,,1,2,2,1,0,12,1,,2,,,,,,,,3,3,30,,2,,,,1,1,2,1,2,2,2,2,1,2,2,,2,1,1,2,1,2,2,1,3,,61,01,1,04,4,0161,400000,19,975.84272644,
5433034,1,4,1,60,2,19,2,,,,,,,,,,,48,,,,,,,,,,,,,,,,,,,,,,,,,,,,,,,,,,,,,,,,,,,,,,,,.,,,,,,,,,.,12,,,,,,,,,40,,.,40,,,2,8,,2,,2,,,,1,,,,,,,,,1,2,2,2,,,,,2,,,,,,,,,3,4,,2,,,,1,1,2,1,2,2,2,2,1,2,2,,2,1,1,2,1,2,1,1,3,,62,01,1,04,6,0123,,19,975.84272644,
5433037,1,1,1,60,2,19,2,,,,,,,,,,,516,,,,,,,,,,,,,,,,,,,,,,,,,,,,,,,,,,,,,,,,,,,,,,,6,,,,,3,200000,1,1800000,3,,11,2,,,,,2,10,1,32,2,,24,6,,1,8,,2,,2,,,,1,,,,,,,,,1,2,2,2,,,,,2,,,,,,,,,3,40,2,2,,,,2,,,,,,,,,,,,,,1,2,1,2,2,1,5,,61,01,1,04,4,0161,200000,19,1326.2318455,
5433037,1,3,1,60,2,19,2,,,,,,,,,,,120,,,,,,,,,,,,,,,,,,,,,,,,,,,,,,,,,,,,,,,,,,,,,,,6,,,,,3,120000,1,1000000,3,,12,2,,,,,2,10,1,24,2,,24,,,1,8,,2,,2,,,,1,,,,,,,,,1,2,2,2,,,,,2,,,,,,,,,3,40,,2,,,,2,,,,,,,,,,,,,,1,1,1,2,2,1,5,,61,01,1,04,4,0161,120000,19,1326.2318455,
5433037,1,4,1,60,2,19,2,,,,,,,,,,,1,,,,,,,,,,,,,,,,,,,,,,,,,,,,,,,,,,,,,,,,,,,,,,,6,,,,,3,60000,1,60000,1,,1,2,,,,,2,1,1,24,2,,24,,,1,8,,2,,2,,,,1,,,,,,,,,1,2,2,1,12,2,1,,2,,,,,,,,13,3,60,,2,,,,1,1,2,1,2,1,2,1,1,2,2,,1,1,2,2,1,2,2,1,3,,61,01,1,04,4,0161,60000,19,1326.2318455,
5433038,1,1,1,60,2,19,2,,,,,,,,,,,300,,,,,,,,,,,,,,,,,,,,,,,,,,,,,,,,,,,,,,,,,,,,,,,6,,,,,3,250000,1,2000000,3,,8,2,,,,,2,3,2,24,1,,24,,,1,8,,2,,2,,,,1,,,,,,,,,1,2,2,2,,,,,2,,,,,,,,,3,40,,1,20,1,1,2,,,,,,,,,,,,,,1,2,1,2,2,1,9,,61,01,1,04,4,0161,250000,19,1370.4283337,
5433038,1,2,1,60,2,19,2,,,,,,,,,,,120,,,,,,,,,,,,,,,,,,,,,,,,,,,,,,,,,,,,,,,,,,,,,,,6,,,,,3,200000,1,1500000,3,,10,2,,,,,2,1,2,24,2,,24,,,1,8,,2,,2,,,,1,,,,,,,,,1,2,2,2,,,,,2,,,,,,,,,3,40,,2,,,,2,,,,,,,,,,,,,,1,2,2,2,2,1,3,,61,01,1,04,4,0161,200000,19,1370.4283337,
5433038,1,4,1,60,2,19,2,,,,,,,,,,,5,,,,,,,,,,,,,,,,,,,,,,,,,,,,,,,,,,,,,,,,,,,,,,,6,,,,,3,430000,1,1200000,3,,12,2,,,,,2,3,2,24,1,,24,,,1,8,,2,,2,,,,1,,,,,,,,,1,2,2,1,1,18,2,,2,,,,,,,,1,3,40,,1,25,1,1,1,1,1,1,2,2,2,2,2,2,2,,1,1,2,2,2,2,2,2,9,,61,01,1,04,4,0161,430000,19,1370.4283337,
5433039,1,1,1,60,2,19,2,,,,,,,,,,,480,,,,,,,,,,,,,,,,,,,,,,,,,,,,,,,,,,,,,,,,,,,,,,,7,,2,,,2,80000,1,1700000,3,,12,2,,,,,2,1,1,40,,.,40,,,1,8,,2,,2,,,,1,,,,,,,,,1,2,2,1,0,24,4,,2,,,,,,,,13,3,4,,2,,,,2,,,,,,,,,,,,,,1,2,1,2,1,1,5,,61,01,1,04,4,0123,80000,19,848.06397179,
5433041,1,1,1,60,2,19,2,,,,,,,,,,,360,,,,,,,,,,,,,,,,,,,,,,,,,,,,,,,,,,,,,,,,,,,,,,,7,,2,,,2,100000,1,1200000,3,,12,2,,,,,2,9,2,35,1,,35,,,1,8,,2,,2,,,,1,,,,,,,,,1,2,2,1,0,2,1,,2,,,,,,,,5,3,10,,2,,,,2,,,,,,,,,,,,,,1,1,1,2,1,1,3,,61,01,1,04,4,0123,100000,19,1600.053081,
5433042,1,1,1,60,2,19,2,,,,,,,,,,,216,,,,,,,,,,,,,,,,,,,,,,,,,,,,,,,,,,,,,,,,,,,,,,,6,,,,,3,200000,1,2400000,3,,12,2,,,,,2,3,2,24,1,,24,,,1,8,,2,,2,,,,1,,,,1,,,,,,2,2,2,,,,,1,19,20,4,,200000,1,8,,11,60,,1,24,2,1,2,,,,,,,,,,,,,,1,1,2,2,2,1,9,,61,01,1,04,4,0161,400000,19,1229.2538473,
5433042,1,3,1,60,2,19,2,,,,,,,,,,,6,,,,,,,,,,,,,,,,,,,,,,,,,,,,,,,,,,,,,,,,,,,,,,,6,,,,,3,120000,1,500000,3,,6,2,,,,,2,1,2,24,1,,8,6,,1,8,,2,,2,,,,1,,,,,,,,,1,2,2,2,,,,,2,,,,,,,,,3,30,2,1,32,1,1,1,1,2,1,2,2,2,2,1,2,2,,2,1,2,2,1,2,2,1,3,,61,01,1,04,4,0161,120000,19,1229.2538473,
5433043,1,1,1,60,2,19,2,,,,,,,,,,,2,,,,,,,,,,,,,,,,,,,,,,,,,,,,,,,,,,,,,,,,,,,,,,,7,,2,,,2,100000,2,100000,1,,2,2,,,,,2,2,2,10,2,,10,,,1,7,,1,,2,,,,1,,,,,,,,,1,2,2,1,10,18,1,,2,,,,,,,,13,3,1,,2,,,,1,1,1,1,2,2,2,2,2,2,2,,2,2,1,2,2,2,2,1,6,,61,01,1,04,4,0145,100000,19,2143.629759,
5433044,1,1,1,60,2,19,2,,,,,,,,,,,7,,,,,,,,,,,,,,,,,,,,,,,,,,,,,,,,,,,,,,,,,,,,,,,7,,2,,,2,0,1,0,3,,12,2,,,,,2,3,2,48,,.,32,6,,1,8,,6,,2,,,,1,,,,1,,,,,,2,2,1,0,24,1,,1,19,0,4,,170000,1,8,13,3,8,2,2,,,,1,1,2,1,2,1,2,2,1,1,2,,1,1,2,2,1,2,2,1,5,,61,01,1,04,4,0123,170000,19,1698.8321209,
5433045,1,1,1,60,2,19,2,,,,,,,,,,,180,,,,,,,,,,,,,,,,,,,,,,,,,,,,,,,,,,,,,,,,,,,,,,,7,,2,,,2,120000,1,700000,3,,12,2,,,,,1,3,2,9,2,,9,,,1,8,,2,,2,,,,1,,,,1,,,,,,2,2,2,,,,,2,,,,,,,,,3,5,,2,,,,2,,,,,,,,,,,,,,1,1,1,1,1,1,5,,61,01,1,04,4,0123,120000,19,668.00702966,
5433046,1,1,1,60,2,19,2,,,,,,,,,,,480,,,,,,,,,,,,,,,,,,,,,,,,,,,,,,,,,,,,,,,,,,,,,,,7,,2,,,2,118000,1,500000,3,,12,2,,,,,1,10,2,15,2,,15,,,1,8,,10,,2,,,,1,,,,,,,,,1,2,2,2,,,,,2,,,,,,,,,3,3,,2,,,,2,,,,,,,,,,,,,,1,1,1,1,1,1,3,,61,01,1,04,4,0123,118000,19,2344.5613583,
5433046,1,2,1,60,2,19,2,,,,,,,,,,,408,,,,,,,,,,,,,,,,,,,,,,,,,,,,,,,,,,,,,,,,,,,,,,,6,,,,,3,200000,1,1500000,3,,12,2,,,,,2,1,1,27,2,,27,,,1,8,,10,,2,,,,1,,,,,,,,,1,2,2,1,0,24,1,,1,19,16,4,,100000,2,8,3,3,30,,2,,,,2,,,,,,,,,,,,,,1,1,1,2,2,1,5,,61,01,1,04,4,0161,300000,19,2344.5613583,
5433046,1,3,1,60,2,19,2,,,,,,,,,,,228,,,,,,,,,,,,,,,,,,,,,,,,,,,,,,,,,,,,,,,,,,,,,,,6,,,,,3,200000,1,900000,3,,12,2,,,,,2,1,1,40,,.,24,6,,1,8,,10,,2,,,,1,,,1,,,,,,,2,2,2,,,,,1,19,16,4,,0,1,8,,11,120,2,2,,,,2,,,,,,,,,,,,,,1,2,1,2,2,1,5,,61,01,1,04,4,0161,200000,19,2344.5613583,
5433047,1,1,1,60,2,19,2,,,,,,,,,,,480,,,,,,,,,,,,,,,,,,,,,,,,,,,,,,,,,,,,,,,,,,,,,,,6,,,,,3,75000,1,600000,3,,6,2,,,,,2,3,2,24,2,,0,6,,1,8,,2,,2,,,,1,,,,,,,,,1,2,2,2,,,,,2,,,,,,,,,3,30,2,2,,,,2,,,,,,,,,,,,,,2,2,2,2,2,1,3,,61,01,1,04,4,0161,75000,19,1600.053081,
5433048,1,1,1,60,2,19,2,,,,,,,,,,,540,,,,,,,,,,,,,,,,,,,,,,,,,,,,,,,,,,,,,,,,,,,,,,,7,,2,,,2,40000,1,600000,3,,12,2,,,,,2,3,2,40,,.,40,,,1,8,,2,,2,,,,1,,,,,,,,,1,2,2,2,,,,,1,19,6,4,,40000,1,1,,3,30,,2,,,,2,,,,,,,,,,,,,,1,2,2,2,2,2,3,,61,01,1,04,4,0124,80000,19,2608.60038,
5433048,1,3,1,60,2,19,2,,,,,,,,,,,240,,,,,,,,,,,,,,,,,,,,,,,,,,,,,,,,,,,,,,,,,,,,,,,6,,,,,3,200000,1,2000000,3,,10,2,,,,,2,3,2,24,2,,24,,,1,8,,2,,2,,,,1,,,,,,,,,1,2,2,2,,,,,2,,,,,,,,,3,30,,2,,,,2,,,,,,,,,,,,,,1,1,1,2,1,1,3,,61,01,1,04,4,0161,200000,19,2608.60038,
5433049,1,1,1,60,2,19,1,2,2,3,1,,,1,2,2,2,3,,1,,2,908000,2,,,2,,2,,1,120000,2,,2,,,2,,,2,,,2,,,2,,,2,,,2,,2,,2,,2,,2,,2,,,.,,,,,,,,,.,8,,,,,,,,,45,,.,45,,,9,8,,1,,1,2,1,0,1,,,,,,,,,1,1,2,1,0,120,4,,2,,,,,,,,3,11,30,,2,,,,2,,,,,,,,,,,,,,1,1,1,2,2,1,9,,85,35,1,04,1,3513,908000,19,1089.1233996,
5433050,1,1,1,60,2,19,2,,,,,,,,,,,420,,,,,,,,,,,,,,,,,,,,,,,,,,,,,,,,,,,,,,,,,,,,,,,7,,2,,,2,0,1,1000000,3,,12,2,,,,,2,3,2,40,,.,40,,,1,8,,2,,2,,,,1,,,,,,1,,,,2,2,2,,,,,1,19,24,4,,250000,1,8,,3,30,,2,,,,2,,,,,,,,,,,,,,1,2,2,2,1,1,9,,61,01,1,04,4,0123,250000,19,668.00702966,
5433051,1,1,1,60,2,19,2,,,,,,,,,,,444,,,,,,,,,,,,,,,,,,,,,,,,,,,,,,,,,,,,,,,,,,,,,,,6,,,,,3,200000,1,1500000,3,,11,2,,,,,2,1,1,40,,.,24,6,,1,8,,2,,2,,,,1,,,,,,,,,1,2,2,2,,,,,1,19,21,4,,180000,1,4,,3,35,1,2,,,,1,1,2,1,2,2,2,2,1,1,2,,2,1,1,2,1,2,2,1,5,,61,01,1,04,4,0161,380000,19,1552.7896401,
5433051,1,5,1,60,2,19,2,,,,,,,,,,,84,,,,,,,,,,,,,,,,,,,,,,,,,,,,,,,,,,,,,,,,,,,,,,,6,,,,,3,250000,1,1500000,3,,12,2,,,,,2,1,1,40,,.,32,6,,1,8,,2,,2,,,,1,,,,,,,,,1,2,2,2,,,,,2,,,,,,,,,12,60,1,2,,,,1,1,2,1,2,2,2,1,1,1,2,,1,1,2,2,1,2,2,1,3,,61,01,1,04,4,0161,250000,19,1552.7896401,
5433051,1,6,1,60,2,19,2,,,,,,,,,,,36,,,,,,,,,,,,,,,,,,,,,,,,,,,,,,,,,,,,,,,,,,,,,,,6,,,,,3,120000,1,700000,3,,10,2,,,,,2,1,1,40,,.,16,6,,1,8,,2,,2,,,,1,,,,,,,,,1,2,2,2,,,,,2,,,,,,,,,3,15,1,2,,,,1,1,2,1,2,2,2,1,1,1,2,,1,1,2,2,2,2,2,1,3,,61,01,1,04,4,0161,120000,19,1552.7896401,
5433052,1,1,1,60,2,19,2,,,,,,,,,,,180,,,,,,,,,,,,,,,,,,,,,,,,,,,,,,,,,,,,,,,,,,,,,,,6,,,,,3,200000,1,1000000,3,,5,2,,,,,2,1,1,24,1,,0,6,,1,8,,2,,2,,,,1,,,,,,,,,1,2,2,2,,,,,2,,,,,,,,,3,60,2,1,30,1,1,1,1,1,1,2,2,2,2,1,2,2,,2,1,2,2,2,2,2,1,9,,61,01,1,04,4,0161,200000,19,1814.1819331,
5433053,1,1,1,60,2,19,2,,,,,,,,,,,132,,,,,,,,,,,,,,,,,,,,,,,,,,,,,,,,,,,,,,,,,,,,,,,6,,,,,3,400000,1,1500000,3,,10,2,,,,,2,1,1,40,,.,8,6,,1,8,,2,,2,,,,1,,,,,,,,,1,2,2,2,,,,,2,,,,,,,,,3,120,1,2,,,,1,1,2,1,2,2,2,1,1,1,2,,1,1,2,2,2,2,2,1,5,,61,01,1,04,4,0161,400000,19,2076.1518157,
5433054,1,1,1,60,2,19,2,,,,,,,,,,,480,,,,,,,,,,,,,,,,,,,,,,,,,,,,,,,,,,,,,,,,,,,,,,,6,,,,,3,200000,1,1200000,3,,12,2,,,,,2,5,2,24,2,,16,6,,1,8,,2,,2,,,,1,,,,,,,,,1,2,2,2,,,,,2,,,,,,,,,3,30,2,2,,,,2,,,,,,,,,,,,,,1,1,2,2,1,1,9,,61,01,1,04,4,0161,200000,19,1728.3321759,
5433054,1,3,1,60,2,19,2,,,,,,,,,,,180,,,,,,,,,,,,,,,,,,,,,,,,,,,,,,,,,,,,,,,,,,,,,,,6,,,,,3,240000,1,2000000,3,,10,2,,,,,2,3,2,24,1,,16,6,,1,8,,2,,2,,,,1,,,,,,,,,1,2,2,2,,,,,2,,,,,,,,,3,40,2,1,30,1,1,2,,,,,,,,,,,,,,1,1,2,2,1,1,9,,61,01,1,04,4,0161,240000,19,1728.3321759,
5433055,1,1,1,60,2,19,2,,,,,,,,,,,120,,,,,,,,,,,,,,,,,,,,,,,,,,,,,,,,,,,,,,,,,,,,,,,6,,,,,3,160000,1,800000,3,,8,2,,,,,2,1,2,24,1,,16,7,NO HAY TRABAJO EN LA VEREDA DONDE VIVE,1,8,,2,,2,,,,1,,,,,,,,,1,2,2,1,0,240,4,,2,,,,,,,,13,3,30,,1,24,2,1,2,,,,,,,,,,,,,,1,2,2,2,1,1,9,,61,01,1,04,4,0161,160000,19,2216.2822634,
5433056,1,1,1,60,2,19,2,,,,,,,,,,,180,,,,,,,,,,,,,,,,,,,,,,,,,,,,,,,,,,,,,,,,,,,,,,,6,,,,,3,150000,1,1500000,3,,8,2,,,,,2,1,2,24,1,,16,7,NO HUBO TRABAJO EN LA ZONA,1,8,,2,,2,,,,1,,,,,,,,,1,2,2,2,,,,,2,,,,,,,,,3,30,,1,16,1,1,1,1,2,1,2,2,2,2,1,1,2,,2,1,2,2,1,2,1,1,3,,61,01,1,04,4,0161,150000,19,668.00702966,
5433057,1,1,1,60,2,19,2,,,,,,,,,,,120,,,,,,,,,,,,,,,,,,,,,,,,,,,,,,,,,,,,,,,,,,,,,,,7,,2,,,2,80000,1,1000000,3,,12,2,,,,,2,3,2,32,2,,32,,,1,8,,2,,2,,,,1,,,,,,1,,,,2,2,2,,,,,2,,,,,,,,,3,30,,2,,,,2,,,,,,,,,,,,,,1,1,2,2,2,1,9,,61,01,1,04,4,0123,80000,19,1229.2538473,
5433059,1,1,1,60,2,19,2,,,,,,,,,,,240,,,,,,,,,,,,,,,,,,,,,,,,,,,,,,,,,,,,,,,,,,,,,,,7,,2,,,2,100000,1,1000000,3,,12,2,,,,,1,3,2,40,,.,45,,,1,8,,2,,2,,,,1,,,,1,,,,,,2,2,2,,,,,1,19,7,4,,30000,1,8,,3,10,,2,,,,2,,,,,,,,,,,,,,1,2,1,1,2,1,5,,61,01,1,04,4,0123,130000,19,2176.9999947,
5433062,1,1,1,60,2,19,2,,,,,,,,,,,120,,,,,,,,,,,,,,,,,,,,,,,,,,,,,,,,,,,,,,,,,,,,,,,7,,2,,,2,200000,1,1500000,3,,12,1,1,0,0,1,2,1,1,70,,.,70,,,2,8,,2,,2,,,,1,,,,,,,,,1,2,2,1,0,60,4,,2,,,,,,,,8,3,2,,2,,,,2,,,,,,,,,,,,,,1,2,2,2,1,1,5,,61,01,1,04,4,0113,200000,19,668.00702966,
5433062,1,3,1,60,2,19,2,,,,,,,,,,,24,,,,,,,,,,,,,,,,,,,,,,,,,,,,,,,,,,,,,,,,,,,,,,,,.,,,,,,,,,.,12,,,,,,,,,50,,.,30,7,ESTABA EN POPAYAN REALIZANDO DILIGENCIAS PERSONALES,2,8,,2,,2,,,,1,,,,,,,,,1,2,2,2,,,,,2,,,,,,,,,3,2,,2,,,,1,1,2,1,1,1,2,1,1,2,2,,1,1,2,2,2,2,2,1,3,,62,01,1,04,6,0113,,19,668.00702966,
5433063,1,1,1,60,2,19,1,1,,,1,,,1,1,1,2,60,,1,,2,550000,2,,,1,50000,1,250000,2,,2,,2,,,2,,,2,,,2,,,2,,,1,100000,2,1,620000,1,250000,2,,2,,2,,2,,,.,,,,,,,,,.,12,,,,,,,,,40,,.,40,,,2,8,,2,,2,,,,1,,,1,,,,,,,2,2,2,,,,,2,,,,,,,,,3,2,,2,,,,2,,,,,,,,,,,,,,1,1,1,2,1,1,5,,60,01,1,04,1,0141,850000,19,2216.2822634,
5433064,1,1,1,60,2,19,2,,,,,,,,,,,520,,,,,,,,,,,,,,,,,,,,,,,,,,,,,,,,,,,,,,,,,,,,,,,7,,2,,,2,120000,1,1200000,3,,12,2,,,,,2,5,2,32,2,,32,,,1,8,,2,,2,,,,1,,,,1,,,,,,2,2,2,,,,,1,19,16,4,,80000,1,8,,3,45,,2,,,,2,,,,,,,,,,,,,,2,2,2,2,2,1,9,,61,01,1,04,4,0123,200000,19,1560.7708123,
5433066,1,2,1,60,2,19,2,,,,,,,,,,,180,,,,,,,,,,,,,,,,,,,,,,,,,,,,,,,,,,,,,,,,,,,,,,,6,,,,,3,300000,1,2400000,3,,10,2,,,,,2,3,2,24,2,,24,,,1,8,,2,,2,,,,1,,,,,,,,,1,2,2,2,,,,,2,,,,,,,,,3,40,,2,,,,2,,,,,,,,,,,,,,1,1,2,2,1,1,3,,62,01,1,04,4,0161,300000,19,1464.2931542,
5433102,1,1,1,60,2,76,1,1,,,1,,,1,2,2,2,0,,7,LE OFRECIERON EL EMPLEO,2,460000,2,,,2,,2,,2,,2,,2,,,2,,,2,,,2,,,2,,,2,,,2,,2,,2,,2,,2,,2,,,.,,,,,,,,,.,12,,,,,,,,,40,,.,40,,,2,8,,11,,2,,,,1,,,,1,,,,,,2,2,1,0,0,8,,2,,,,,,,,1,11,10,,2,,,,1,1,2,1,2,2,2,2,1,2,2,,2,1,2,2,2,2,2,2,8,,62,01,1,04,8,0123,460000,76,3273.3228048,
5433102,1,2,1,60,2,76,2,,,,,,,,,,,3,,,,,,,,,,,,,,,,,,,,,,,,,,,,,,,,,,,,,,,,,,,,,,,5,,,,,3,150000,1,400000,3,,3,2,,,,,3,10,2,6,2,,6,,,1,5,,2,,2,,,,1,,,,,,,,,1,2,2,1,14,24,4,,2,,,,,,,,9,3,15,,1,42,1,1,2,,,,,,,,,,,,,,1,1,1,2,2,1,3,,45,47,1,04,4,4792,150000,76,3273.3228048,
5433103,1,1,1,60,2,76,1,2,1,,1,,,1,1,2,1,18,,7,LE OFRECIERON EL TRABAJO,2,908526,2,,,2,,2,,2,,2,,2,,,1,106454,2,2,,,2,,,2,,,1,97000,2,1,1050000,2,,2,,2,,2,,2,,,.,,,,,,,,,.,12,,,,,,,,,45,,.,45,,,9,7,,1,,1,1,1,4,1,1,,,,,,,,,1,1,1,0,1,4,,2,,,,,,,,3,11,20,,2,,,,2,,,,,,,,,,,,,,1,1,1,2,1,1,1,,98,01,1,04,1,0145,908526,76,6354.1572967,
5433103,1,2,1,60,2,76,1,2,1,,1,,,1,1,2,1,33,,1,,2,908526,2,,,2,,2,,2,,2,,2,,,2,,,2,,,2,,,2,,,2,,,1,1050000,2,,2,,2,,2,,2,,,.,,,,,,,,,.,12,,,,,,,,,48,,.,0,1,,9,7,,1,,1,1,1,4,1,1,,,,,,,,,1,1,1,12,6,1,,2,,,,,,,,1,11,20,2,2,,,,2,,,,,,,,,,,,,,1,1,1,2,1,1,4,,97,01,1,04,1,0145,908526,76,6354.1572967,
5433104,1,1,1,60,2,76,2,,,,,,,,,,,108,,,,,,,,,,,,,,,,,,,,,,,,,,,,,,,,,,,,,,,,,,,,,,,7,,2,,,2,400000,1,3600000,3,,12,2,,,,,1,8,2,25,2,,25,,,1,8,,2,,2,,,,1,,,,,,,,,1,2,2,1,0,108,6,,2,,,,,,,,10,3,5,,2,,,,2,,,,,,,,,,,,,,1,1,1,2,1,1,8,,61,01,1,04,4,0122,400000,76,5336.8487197,
5433104,1,2,1,60,2,76,2,,,,,,,,,,,4,,,,,,,,,,,,,,,,,,,,,,,,,,,,,,,,,,,,,,,,,,,,,,,6,,,,,3,100000,1,400000,1,,9,1,2,0,0,2,3,4,2,16,2,,0,1,,2,6,,2,,2,,,,1,,,,,,,,,1,2,2,1,3,24,4,,2,,,,,,,,2,3,5,2,2,,,,1,1,1,1,2,1,2,2,2,2,2,,2,2,1,1,1,2,1,1,8,,77,56,1,04,4,5619,100000,76,5336.8487197,
5433105,1,1,1,60,2,76,2,,,,,,,,,,,0,,,,,,,,,,,,,,,,,,,,,,,,,,,,,,,,,,,,,,,,,,,,,,,6,,,,,2,0,1,0,1,,12,2,,,,,3,1,1,40,,.,40,,,1,9,,2,,2,,,,1,,,,,,,,,1,2,2,1,0,108,4,,1,76,3,4,,50000,1,3,13,11,10,,2,,,,1,1,2,2,2,2,2,2,1,2,2,,2,1,1,2,1,2,2,1,5,,95,41,1,04,4,4111,50000,76,4155.6256379,
5433105,1,2,1,60,2,76,2,,,,,,,,,,,4,,,,,,,,,,,,,,,,,,,,,,,,,,,,,,,,,,,,,,,,,,,,,,,6,,,,,3,24000,1,576000,3,,4,2,,,,,3,5,2,2,1,,2,,,1,8,,2,,2,,,,1,,,,,,,,,1,2,2,2,,,,,2,,,,,,,,,3,1,,1,15,2,1,2,,,,,,,,,,,,,,1,1,1,2,1,1,3,,61,01,1,04,4,0145,24000,76,4155.6256379,
5433106,1,1,1,60,2,76,2,,,,,,,,,,,0,,,,,,,,,,,,,,,,,,,,,,,,,,,,,,,,,,,,,,,,,,,,,,,7,,2,,,2,0,1,0,3,,11,1,1,0,1,0,3,6,2,44,,.,44,,,2,8,,12,SE TRASLADA AL MUNICIPIO DONDE TIENE EPS S,2,,,,1,,,,,,,,,1,2,2,1,1,1,8,,2,,,,,,,,1,3,30,,2,,,,2,,,,,,,,,,,,,,1,1,1,2,1,2,9,,61,01,1,04,4,0121,0,76,4245.6499559,
5433107,1,1,1,60,2,76,1,1,,,1,,,1,2,2,2,0,,1,,2,500000,2,,,2,,2,,2,,2,,2,,,2,,,2,,,2,,,2,,,2,,,2,,2,,2,,2,,2,,2,,,.,,,,,,,,,.,12,,,,,,,,,35,2,,35,,,3,8,,2,,2,,,,1,,,,,,,,,1,2,2,1,0,0,8,,2,,,,,,,,1,3,10,,1,25,1,1,2,,,,,,,,,,,,,,1,1,1,2,2,1,8,,62,01,1,04,8,0123,500000,76,5933.482131,
5433107,1,2,1,60,2,76,2,,,,,,,,,,,0,,,,,,,,,,,,,,,,,,,,,,,,,,,,,,,,,,,,,,,,,,,,,,,,.,,,,,,,,,.,1,,,,,,,,,4,2,,4,,,2,6,,5,,2,,,,1,,,,,,,,,1,2,2,1,15,4,6,,2,,,,,,,,11,3,5,,2,,,,2,,,,,,,,,,,,,,1,1,1,2,2,1,3,,77,56,1,04,7,5619,,76,5933.482131,
5433107,1,3,1,60,2,76,1,1,,,1,,,1,2,2,2,0,,1,,2,270000,2,,,2,,2,,2,,2,,2,,,2,,,2,,,2,,,2,,,2,,,2,,2,,2,,2,,2,,2,,,.,,,,,,,,,.,1,,,,,,,,,28,2,,28,,,3,8,,2,,2,,,,1,,,,,,,,,1,2,2,2,,,,,2,,,,,,,,,11,5,,2,,,,2,,,,,,,,,,,,,,1,1,1,2,2,1,3,,62,01,1,04,8,0123,270000,76,5933.482131,
5433108,1,1,1,60,2,76,1,1,,,1,,,1,2,2,2,0,,7,LE OFRECIERON EL TRABAJO,2,300000,2,,,2,,2,,2,,2,,2,,,2,,,2,,,2,,,2,,,2,,,2,,2,,2,,2,,2,,2,,,.,,,,,,,,,.,7,,,,,,,,,40,,.,40,,,2,8,,2,,2,,,,1,,,,,,,,,1,2,2,1,0,1,8,,2,,,,,,,,1,11,3,,2,,,,2,,,,,,,,,,,,,,1,2,1,2,2,2,9,,62,01,1,04,8,0123,300000,76,9866.4520578,
5433108,1,2,1,60,2,76,2,,,,,,,,,,,4,,,,,,,,,,,,,,,,,,,,,,,,,,,,,,,,,,,,,,,,,,,,,,,6,,,,,2,,1,98,3,,4,2,,,,,3,6,2,14,2,,14,,,1,1,,2,,2,,,,1,,,,,,,,,1,2,2,2,,,,,2,,,,,,,,,14,,,2,,,,2,,,,,,,,,,,,,,1,1,1,2,1,1,3,,45,47,1,04,4,4719,,76,9866.4520578,
5433109,1,1,1,60,2,76,1,1,,,1,,,1,2,2,2,0,,1,,2,50000,2,,,2,,2,,2,,2,,2,,,2,,,2,,,2,,,2,,,2,,,2,,2,,2,,2,,2,,2,,,.,,,,,,,,,.,1,,,,,,,,,10,2,,10,,,3,8,,5,,2,,,,1,,,,,,,,,1,2,2,2,,,,,2,,,,,,,,,11,5,,2,,,,1,1,2,1,2,1,2,1,1,2,2,,1,1,2,2,2,2,2,1,3,,62,01,1,04,8,0123,50000,76,7925.0769961,
5433110,1,1,1,60,2,76,2,,,,,,,,,,,8,,,,,,,,,,,,,,,,,,,,,,,,,,,,,,,,,,,,,,,,,,,,,,,6,,,,,3,300000,1,1500000,3,,12,1,1,0,0,1,3,4,2,60,,.,60,,,2,1,,11,,2,,,,1,,,,,,,,,1,2,2,1,0,4,8,,2,,,,,,,,1,14,,,2,,,,2,,,,,,,,,,,,,,1,1,1,2,1,1,8,,45,47,1,04,4,4711,300000,76,3273.3228048,
5433110,1,2,1,60,2,76,2,,,,,,,,,,,8,,,,,,,,,,,,,,,,,,,,,,,,,,,,,,,,,,,,,,,,,,,,,,,6,,,,,3,120000,1,800000,3,,8,1,1,0,0,1,3,1,2,14,2,,14,,,2,1,,10,,2,,,,1,,,,,,,,,1,2,2,1,6,6,4,,2,,,,,,,,9,14,,,2,,,,2,,,,,,,,,,,,,,1,1,1,2,2,1,8,,53,56,1,04,4,5619,120000,76,3273.3228048,
5433110,1,3,1,60,2,76,2,,,,,,,,,,,8,,,,,,,,,,,,,,,,,,,,,,,,,,,,,,,,,,,,,,,,,,,,,,,,.,,,,,,,,,.,12,,,,,,,,,24,2,,24,,,2,1,,7,,2,,,,1,,,,,,,,,1,2,2,1,0,12,7,,1,76,5,6,,,2,1,2,14,,,2,,,,2,,,,,,,,,,,,,,1,1,1,2,1,1,8,,53,56,1,04,6,5619,,76,3273.3228048,
5433111,1,1,1,60,2,76,2,,,,,,,,,,,1,,,,,,,,,,,,,,,,,,,,,,,,,,,,,,,,,,,,,,,,,,,,,,,7,,2,,,2,700000,1,98,3,,12,1,2,1,0,1,2,6,2,44,,.,44,,,2,8,,4,,2,,,,1,,,,,,,,,1,2,2,1,0,11,4,,2,,,,,,,,13,3,15,,2,,,,2,,,,,,,,,,,,,,1,1,1,2,1,1,9,,61,01,1,04,5,0123,700000,76,6023.5064489,
5433111,1,2,1,60,2,76,2,,,,,,,,,,,5,,,,,,,,,,,,,,,,,,,,,,,,,,,,,,,,,,,,,,,,,,,,,,,,.,,,,,,,,,.,12,,,,,,,,,5,2,,5,,,2,8,,3,,2,,,,1,,,,,,,,,1,2,2,1,0,8,4,,2,,,,,,,,11,3,1,,2,,,,2,,,,,,,,,,,,,,1,1,1,2,1,1,3,,62,01,1,04,6,0150,,76,6023.5064489,
5433111,1,3,1,60,2,76,2,,,,,,,,,,,4,,,,,,,,,,,,,,,,,,,,,,,,,,,,,,,,,,,,,,,,,,,,,,,6,,,,,2,,1,98,3,,12,2,,,,,3,1,2,30,2,,30,,,1,4,,10,,2,,,,1,,,,,,,,,1,2,2,1,0,120,6,,1,76,21,8,,240000,2,8,13,11,30,,2,,,,1,1,1,1,2,2,2,2,2,2,2,,1,1,2,2,2,2,1,1,3,,98,49,1,04,4,4921,240000,76,6023.5064489,
5433153,1,1,1,60,2,19,2,,,,,,,,,,,72,,,,,,,,,,,,,,,,,,,,,,,,,,,,,,,,,,,,,,,,,,,,,,,6,,,,,3,800000,1,5600000,3,,7,2,,,,,2,1,1,24,1,,24,,,1,8,,4,,2,,,,1,,,,,,,,,1,2,2,1,5,216,1,,2,,,,,,,,5,3,20,,1,24,2,1,1,1,1,1,2,1,2,1,1,1,2,,2,1,2,2,1,2,1,1,8,,71,08,1,04,4,0811,800000,19,3836.7282548,
5433154,1,3,1,60,2,19,1,1,,,1,,,2,2,2,2,2,,1,,2,600000,2,,,2,,2,,2,,2,,2,,,2,,,2,,,2,,,2,,,2,,,2,,2,,2,,2,,2,,2,,,.,,,,,,,,,.,6,,,,,,,,,48,,.,48,,,5,8,,1,,2,,,,1,,,,,,,,,1,2,2,1,0,84,4,,2,,,,,,,,8,13,30,,2,,,,1,1,1,1,2,2,2,2,1,1,2,,2,1,2,2,1,2,2,1,3,,60,01,1,04,1,0124,600000,19,7277.3904822,
5433155,1,1,1,60,2,19,2,,,,,,,,,,,12,,,,,,,,,,,,,,,,,,,,,,,,,,,,,,,,,,,,,,,,,,,,,,,6,,,,,3,800000,1,9600000,3,,7,2,,,,,2,1,1,30,1,,30,,,1,8,,2,,2,,,,1,,,,,,,,,1,2,2,1,0,216,1,,2,,,,,,,,1,3,15,,1,14,2,1,1,1,1,1,2,1,2,2,1,1,2,,2,1,2,2,1,2,1,1,3,,71,08,1,04,4,0811,800000,19,3640.7791829,
5433155,1,2,1,60,2,19,1,2,2,3,2,1,,2,2,2,2,60,,1,,2,1200000,2,,,2,,2,,2,,2,,2,,,1,106000,1,2,,,2,,,2,,,2,,,2,,2,,2,,2,,2,,2,,,.,,,,,,,,,.,7,,,,,,,,,48,,.,48,,,9,2,,1,,1,2,2,5,1,1,,,,,,,,,1,2,2,,,,,2,,,,,,,,,3,20,,2,,,,2,,,,,,,,,,,,,,1,1,1,2,2,2,3,,03,84,1,04,1,8413,1200000,19,3640.7791829,7810
5433156,1,2,1,60,2,19,1,2,2,3,1,,,2,2,2,2,3,,2,,2,906300,2,,,2,,2,,1,100000,2,,2,,,2,,,2,,,2,,,2,,,2,,,2,,2,,2,,2,,2,,2,,,.,,,,,,,,,.,10,,,,,,,,,48,,.,48,,,5,8,,1,,2,,,,1,,,,,,,,,1,2,2,1,1,12,1,,2,,,,,,,,3,7,30,,2,,,,1,1,1,1,2,1,2,2,1,1,2,,1,1,1,2,1,2,2,1,5,,60,78,1,04,1,7810,906300,19,7880.6308479,
5433158,1,1,1,60,2,19,2,,,,,,,,,,,120,,,,,,,,,,,,,,,,,,,,,,,,,,,,,,,,,,,,,,,,,,,,,,,7,,2,,,3,100000,1,700000,3,,7,1,1,0,0,1,3,10,2,30,2,,30,,,2,8,,2,,2,,,,1,,,,,,,,,1,2,2,1,0,120,6,,2,,,,,,,,9,3,5,,2,,,,2,,,,,,,,,,,,,,1,2,1,2,1,1,3,,61,01,1,04,4,0121,100000,19,2233.0491555,
5433158,1,2,1,60,2,19,2,,,,,,,,,,,12,,,,,,,,,,,,,,,,,,,,,,,,,,,,,,,,,,,,,,,,,,,,,,,,.,,,,,,,,,.,12,,,,,,,,,24,2,,24,,,2,8,,2,,2,,,,1,,,,,,,,,1,2,2,1,0,120,4,,2,,,,,,,,13,3,5,,2,,,,1,1,2,1,2,2,2,2,1,2,2,,2,1,2,2,1,2,1,1,3,,62,01,1,04,6,0161,,19,2233.0491555,
5433159,1,1,1,60,2,19,1,9,,,2,4,OPERADOR DEL PROGRAMA EDUCATIVO,2,2,1,1,313,,2,,2,720000,2,,,2,,2,,2,,2,,2,,,2,,,2,,,2,,,2,,,2,,,2,,1,150000,2,,2,,2,,2,,,.,,,,,,,,,.,10,,,,,,,,,40,,.,0,6,,9,7,,1,,1,2,1,12,1,1,,,,,,,,,2,1,1,2,96,3,,2,,,,,,,,3,3,15,1,2,,,,1,1,1,1,2,2,2,2,2,2,2,,2,9,1,2,1,2,1,1,8,,54,88,1,04,1,8890,720000,19,2233.0491555,8413
5433160,1,1,1,60,2,19,2,,,,,,,,,,,168,,,,,,,,,,,,,,,,,,,,,,,,,,,,,,,,,,,,,,,,,,,,,,,6,,,,,3,200000,1,1400000,3,,7,2,,,,,2,1,1,30,1,,30,,,1,8,,2,,2,,,,1,,,,,,,,,1,2,2,2,,,,,2,,,,,,,,,3,15,,1,14,2,1,1,1,1,1,2,1,2,2,1,1,2,,1,1,2,2,2,2,2,1,3,,71,08,1,04,4,0811,200000,19,6064.5431166,
5433161,1,1,1,60,2,19,1,2,1,,1,,,1,1,1,1,16,,2,,2,800000,2,,,2,,2,,2,,2,,2,,,2,,,2,,,2,,,2,,,2,,,2,,2,,2,,2,,2,,2,,,.,,,,,,,,,.,12,,,,,,,,,48,,.,0,3,,9,8,,1,,1,2,1,1,1,1,,,,,,,,,1,1,1,0,76,4,,1,19,24,4,,120000,1,8,8,13,30,,2,,,,1,1,1,1,2,2,2,2,1,2,2,,1,1,1,1,1,2,1,1,1,,60,10,1,04,1,1071,920000,19,6940.2698669,
5433162,1,1,1,60,2,19,1,2,2,12,2,1,,1,1,1,1,180,,1,,2,908526,2,,,2,,2,,1,240000,2,,2,,,2,,,2,,,1,60000,2,2,,,2,,,2,,1,908526,1,454263,2,,2,,2,,,.,,,,,,,,,.,12,,,,,,,,,48,,.,48,,,9,8,,1,,1,2,1,15,1,1,,,,,,,,,1,2,1,0,120,1,,2,,,,,,,,8,7,20,,2,,,,2,,,,,,,,,,,,,,1,1,1,2,2,2,5,,60,01,1,04,1,0161,908526,19,3640.7791829,7810
5433235,1,1,1,60,2,19,1,2,2,0,1,,,2,2,2,2,0,,1,,2,700000,2,,,2,,2,,2,,2,,2,,,2,,,2,,,2,,,2,,,2,,,2,,2,,2,,2,,2,,2,,,.,,,,,,,,,.,9,,,,,,,,,44,,.,44,,,6,8,,1,,1,1,1,12,1,1,,,,,,,,,1,2,1,1,3,1,,2,,,,,,,,1,13,10,,2,,,,1,1,1,1,2,1,2,2,2,2,2,,2,1,2,2,2,2,2,1,3,,62,81,1,04,1,8130,700000,19,4136.92065,
5433235,1,2,1,60,2,19,1,2,1,,2,4,ACCION DEL CAUCA,1,1,1,1,2,,3,,2,908526,2,,,1,120000,2,,2,,2,,2,,,1,106454,2,2,,,2,,,2,,,2,,,2,,2,,2,,2,,2,,2,,,.,,,,,,,,,.,2,,,,,,,,,48,,.,48,,,9,7,,1,,1,1,1,4,1,1,,,,,,,,,1,2,1,60,12,1,,2,,,,,,,,1,1,45,,2,,,,2,,,,,,,,,,,,,,1,1,1,2,2,2,3,,09,47,1,04,1,4729,1028526,19,4136.92065,7810
5433236,1,1,1,60,2,76,2,,,,,,,,,,,360,,,,,,,,,,,,,,,,,,,,,,,,,,,,,,,,,,,,,,,,,,,,,,,6,,,,,3,400000,1,3200000,3,,8,2,,,,,3,3,2,20,2,,20,,,1,6,,2,,2,,,,1,,,,,,,,,1,2,2,1,0,60,3,,2,,,,,,,,1,15,30,,1,24,2,1,1,1,1,1,2,2,2,2,1,1,2,,2,1,1,2,1,2,1,1,3,,41,47,1,04,4,4721,400000,19,8339.8861456,
5433236,1,2,1,60,2,19,1,2,1,,1,,,1,1,1,1,120,,2,,2,1020000,2,,,2,,2,,1,50000,2,,2,,,1,80000,2,2,,,2,,,2,,,2,,,2,,1,550000,2,,2,,2,,2,,,.,,,,,,,,,.,12,,,,,,,,,48,,.,48,,,9,7,,1,,1,1,1,10,1,1,,,,,,,,,1,2,2,,,,,2,,,,,,,,,7,10,,2,,,,2,,,,,,,,,,,,,,1,1,1,2,1,1,8,,97,10,1,04,1,1011,1020000,19,8339.8861456,
5433236,1,3,1,60,2,19,1,2,1,,2,4,EMPRESA DE TRANSPORTES IJJ SA,1,1,1,1,26,,1,,2,1200000,2,,,2,,2,,2,,2,,2,,,1,106000,2,2,,,2,,,2,,,2,,,2,,1,600000,2,,2,,2,,2,,,.,,,,,,,,,.,12,,,,,,,,,48,,.,48,,,9,7,,1,,1,1,1,7,1,1,,,,,,,,,1,1,1,2,84,1,,2,,,,,,,,1,11,10,,2,,,,1,1,2,1,2,2,2,2,2,1,2,,2,2,1,2,1,2,1,1,1,,97,10,1,04,1,1071,1200000,19,8339.8861456,4923
5433237,1,1,1,60,2,19,2,,,,,,,,,,,24,,,,,,,,,,,,,,,,,,,,,,,,,,,,,,,,,,,,,,,,,,,,,,,6,,,,,3,0,1,0,3,,3,2,,,,,3,3,2,40,,.,12,6,,1,1,,2,,2,,,,1,,,,,,,,,1,2,2,1,12,84,3,,2,,,,,,,,11,14,,2,1,12,2,1,2,,,,,,,,,,,,,,1,1,1,2,1,1,8,,77,56,1,04,4,5619,0,19,8252.1673125,
5433237,1,3,1,60,2,19,2,,,,,,,,,,,24,,,,,,,,,,,,,,,,,,,,,,,,,,,,,,,,,,,,,,,,,,,,,,,6,,,,,3,420000,1,3500000,3,,9,2,,,,,2,1,2,40,,.,24,6,,1,8,,2,,2,,,,1,,,,,,,,,1,2,2,1,1,360,1,,2,,,,,,,,11,3,20,2,2,,,,1,1,1,1,2,2,2,2,1,1,2,,1,1,2,2,1,2,2,1,3,,61,01,1,04,4,0161,420000,19,8252.1673125,
5433240,1,1,1,60,2,19,2,,,,,,,,,,,240,,,,,,,,,,,,,,,,,,,,,,,,,,,,,,,,,,,,,,,,,,,,,,,6,,,,,3,1000000,1,12000000,3,,10,2,,,,,3,3,2,40,,.,40,,,1,6,,2,,2,,,,1,,,,,,,,,1,2,2,1,6,84,4,,2,,,,,,,,8,11,20,,2,,,,2,,,,,,,,,,,,,,1,1,1,2,1,1,3,,84,45,1,04,4,4520,1000000,19,5200.1742735,
5433240,1,2,1,60,2,19,2,,,,,,,,,,,84,,,,,,,,,,,,,,,,,,,,,,,,,,,,,,,,,,,,,,,,,,,,,,,7,,2,,,3,150000,1,1050000,3,,7,2,,,,,3,1,1,12,2,,12,,,1,6,,2,,2,,,,1,,,,,,,,,1,2,2,2,,,,,2,,,,,,,,,3,3,,2,,,,2,,,,,,,,,,,,,,1,2,1,2,1,1,3,,77,56,1,04,4,5619,150000,19,5200.1742735,
5433240,1,3,1,60,2,19,1,1,,,1,,,2,2,2,2,1,,,,,,,,,,,,,,,,,,,,,,,,,,,,,,,,,,,,,,,,,,,,,,,2,,,,,2,200000,1,1800000,1,,2,2,,,,,2,3,2,30,1,,30,,,1,2,,2,,2,,,,1,,,,,,,,,1,2,2,1,6,1,2,,2,,,,,,,,7,3,5,,2,,,,1,1,1,1,2,1,2,2,2,2,2,,1,1,2,2,2,2,2,1,3,,59,85,1,04,4,8559,200000,19,5200.1742735,
5433241,1,2,1,60,2,19,2,,,,,,,,,,,480,,,,,,,,,,,,,,,,,,,,,,,,,,,,,,,,,,,,,,,,,,,,,,,7,,2,,,2,200000,1,4300000,3,,12,2,,,,,2,9,2,40,,.,40,,,1,8,,2,,2,,,,1,,,,,,,,,1,2,2,2,,,,,2,,,,,,,,,11,10,,2,,,,2,,,,,,,,,,,,,,1,1,1,2,1,1,2,,61,01,1,04,4,0122,200000,19,4049.2018169,
5433242,1,1,1,60,2,19,1,2,2,12,2,4,SEGURIAMERICA,2,2,1,1,8,,2,,2,1200000,2,,,2,,2,,2,,2,,2,,,1,106000,2,1,72000,2,2,,,2,,,2,,,2,,2,,2,,2,,2,,2,,,.,,,,,,,,,.,12,,,,,,,,,48,,.,48,,,9,7,,1,,1,1,1,12,1,1,,,,,,,,,1,1,1,0,18,4,,2,,,,,,,,8,11,30,,2,,,,2,,,,,,,,,,,,,,1,1,1,2,1,1,2,,58,85,1,04,1,8551,1200000,19,7992.9964504,8010
5433242,1,2,1,60,2,19,1,2,1,,1,,,1,1,1,1,36,,5,,2,1000000,2,,,2,,2,,1,180000,2,,2,,,1,106000,2,2,,,2,,,2,,,2,,,2,,1,500000,2,,2,,2,,2,,,.,,,,,,,,,.,12,,,,,,,,,48,,.,48,,,9,7,,1,,1,1,1,8,1,1,,,,,,,,,1,1,1,1,60,1,,2,,,,,,,,3,7,20,,2,,,,1,1,1,1,1,2,2,2,2,2,1,EJERCER SU PROFESION,1,1,1,2,2,2,1,1,3,,97,21,1,04,1,2100,1000000,19,7992.9964504,
5433243,1,1,1,60,2,76,1,1,,,1,,,2,2,2,2,1,,,,,,,,,,,,,,,,,,,,,,,,,,,,,,,,,,,,,,,,,,,,,,,4,,,,,3,600000,1,600000,3,,1,2,,,,,3,1,1,48,,.,48,,,4,7,,2,,2,,,,1,,,,,,,,,1,2,2,1,12,3,1,,2,,,,,,,,13,1,60,,2,,,,1,1,1,1,2,2,2,2,2,2,2,,2,1,2,2,1,2,2,2,8,,57,96,1,04,4,9602,600000,19,3189.4943874,
5433244,1,1,1,60,2,19,2,,,,,,,,,,,720,,,,,,,,,,,,,,,,,,,,,,,,,,,,,,,,,,,,,,,,,,,,,,,7,,2,,,3,200000,1,3200000,3,,12,2,,,,,2,10,2,40,,.,40,,,1,8,,2,,2,,,,1,,,,,,,,,1,2,2,1,1,60,1,,2,,,,,,,,7,13,20,,2,,,,2,,,,,,,,,,,,,,1,1,1,2,1,1,3,,61,01,1,04,4,0122,200000,19,8900.3723541,
5433244,1,2,1,60,2,19,2,,,,,,,,,,,72,,,,,,,,,,,,,,,,,,,,,,,,,,,,,,,,,,,,,,,,,,,,,,,4,,,,,3,200000,1,2500000,3,,5,2,,,,,1,5,2,48,,.,48,,,3,7,,2,,2,,,,1,,,,,,,,,1,2,2,1,2,120,1,,2,,,,,,,,7,3,5,,2,,,,1,1,1,1,2,2,2,2,2,1,2,,2,1,1,2,1,2,2,1,3,,99,45,1,04,4,4520,200000,19,8900.3723541,
5433246,1,2,1,60,2,19,2,,,,,,,,,,,400,,,,,,,,,,,,,,,,,,,,,,,,,,,,,,,,,,,,,,,,,,,,,,,6,,,,,3,800000,1,6000000,3,,9,2,,,,,3,9,2,48,,.,0,6,,1,6,,2,,2,,,,1,,,,,,,,,1,2,2,2,,,,,2,,,,,,,,,8,20,2,2,,,,2,,,,,,,,,,,,,,1,1,1,2,1,1,2,,45,47,1,04,4,4781,800000,19,3189.4943874,
5433456,1,2,1,60,2,5,1,2,1,,1,,,1,1,2,1,5,,3,,2,1700000,2,,,2,,2,,2,,2,,2,,,1,106000,1,2,,,2,,,2,,,2,,,1,1700000,2,,2,,2,,2,,2,,,.,,,,,,,,,.,12,,,,,,,,,48,,.,48,,,9,7,,1,,1,1,1,7,1,1,,,,,,,,,1,1,1,0,12,1,,2,,,,,,,,8,8,5,,2,,,,2,,,,,,,,,,,,,,1,1,1,2,1,1,3,,45,47,1,04,1,4792,1700000,05,885.68425155,
5433457,1,2,1,60,2,5,1,2,1,,1,,,1,1,2,1,180,,1,,2,448000,2,,,2,,2,,2,,2,,2,,,1,106000,2,2,,,2,,,2,,,2,,,1,410000,2,,2,,2,,2,,2,,,.,,,,,,,,,.,12,,,,,,,,,48,,.,8,6,,4,7,,1,,1,1,3,20,1,1,,,,,,,,,1,1,1,0,120,3,,2,,,,,,,,8,2,30,1,2,,,,2,,,,,,,,,,,,,,1,1,1,2,1,1,8,,55,41,1,04,1,4111,448000,05,1136.858596,
5433459,1,3,1,60,2,5,2,,,,,,,,,,,240,,,,,,,,,,,,,,,,,,,,,,,,,,,,,,,,,,,,,,,,,,,,,,,6,,,,,3,200000,1,2400000,3,,12,2,,,,,3,4,2,40,,.,40,,,1,6,,5,,2,,,,1,,,,,,,,,1,2,2,1,0,24,1,,2,,,,,,,,3,3,5,,2,,,,2,,,,,,,,,,,,,,1,1,1,2,1,1,8,,97,52,1,04,4,5224,200000,05,1572.9676916,
5433461,1,2,1,60,2,5,1,1,,,1,,,2,2,2,2,1,,1,,2,480000,2,,,2,,2,,2,,2,,2,,,2,,,2,,,2,,,2,,,2,,,2,,2,,2,,2,,2,,2,,,.,,,,,,,,,.,8,,,,,,,,,30,1,,30,,,2,7,,1,,2,,,,1,,,,,,,,,1,2,2,1,4,5,1,,2,,,,,,,,1,11,30,,1,20,1,1,1,1,1,1,2,1,2,2,2,2,2,,1,1,2,2,2,2,2,1,3,,97,47,1,04,1,4773,480000,05,1037.5453023,
5433461,1,3,1,60,2,5,2,,,,,,,,,,,28,,,,,,,,,,,,,,,,,,,,,,,,,,,,,,,,,,,,,,,,,,,,,,,7,,2,,,3,400000,1,6000000,3,,12,2,,,,,3,1,1,40,,.,40,,,1,1,,2,,2,,,,1,,,,,,,,,1,2,2,1,0,108,1,,1,5,3,4,,30000,1,2,1,14,,,2,,,,1,1,2,1,2,2,2,2,2,2,2,,2,1,2,2,1,2,2,1,8,,81,31,1,04,4,3110,430000,05,1037.5453023,
5433462,1,1,1,60,2,5,2,,,,,,,,,,,120,,,,,,,,,,,,,,,,,,,,,,,,,,,,,,,,,,,,,,,,,,,,,,,6,,,,,2,1800000,1,8500000,3,,12,2,,,,,3,1,1,60,,.,60,,,1,7,,2,,2,,,,1,,,,,,,,,1,2,2,1,0,120,1,,2,,,,,,,,1,11,50,,2,,,,2,,,,,,,,,,,,,,1,1,1,2,1,1,2,,84,45,1,04,4,4520,1800000,05,885.68425155,
5433462,1,3,1,60,2,5,1,2,1,,1,,,1,1,2,1,24,,2,,2,3200000,2,,,2,,2,,2,,2,,2,,,1,106000,2,2,,,2,,,2,,,2,,,1,3200000,2,,1,800000,2,,2,,2,,,.,,,,,,,,,.,12,,,,,,,,,48,,.,48,,,9,7,,1,,1,1,1,8,1,1,,,,,,,,,1,1,1,5,60,1,,2,,,,,,,,8,11,50,,2,,,,2,,,,,,,,,,,,,,1,1,1,2,1,1,3,,42,46,1,04,1,4631,3200000,05,885.68425155,
5433463,1,3,1,60,2,5,1,2,2,12,1,,,1,2,2,2,12,,,,,,,,,,,,,,,,,,,,,,,,,,,,,,,,,,,,,,,,,,,,,,,1,,,,,2,1700000,1,13500000,3,,12,2,,,,,1,1,1,48,,.,48,,,9,7,,1,,1,1,2,15,1,1,,,,,,,,,1,1,1,3,120,1,,2,,,,,,,,2,2,20,,2,,,,2,,,,,,,,,,,,,,2,2,2,2,2,1,3,,32,84,1,04,4,8414,1700000,05,885.68425155,
5433465,1,2,1,60,2,5,2,,,,,,,,,,,60,,,,,,,,,,,,,,,,,,,,,,,,,,,,,,,,,,,,,,,,,,,,,,,7,,2,,,2,600000,1,6000000,3,,12,2,,,,,2,1,1,30,1,,30,,,1,1,,2,,2,,,,1,,,,,,,,,1,2,2,1,12,48,1,,2,,,,,,,,2,14,,,1,25,2,1,2,,,,,,,,,,,,,,1,2,2,2,1,1,3,,94,32,1,04,4,3290,600000,05,2446.393809,
5433465,1,3,1,60,2,5,1,2,2,12,2,1,,1,1,2,1,8,,2,,2,909000,2,,,1,250000,2,,2,,2,,2,,,1,104000,2,2,,,2,,,2,,,2,,,1,300000,2,,2,,2,,2,,2,,,.,,,,,,,,,.,8,,,,,,,,,48,,.,48,,,9,7,,1,,1,1,1,0,1,1,,,,,,,,,1,1,2,,,,,2,,,,,,,,,2,20,,2,,,,2,,,,,,,,,,,,,,1,1,2,2,2,1,3,,97,23,1,04,1,2393,1159000,05,2446.393809,7810
5433465,1,4,1,60,2,5,1,2,1,,1,,,1,1,2,1,9,,2,,2,1100000,2,,,2,,2,,2,,2,,2,,,1,104000,2,2,,,2,,,2,,,2,,,1,400000,2,,2,,2,,2,,2,,,.,,,,,,,,,.,9,,,,,,,,,48,,.,48,,,7,7,,1,,1,1,1,0,1,1,,,,,,,,,1,1,2,,,,,2,,,,,,,,,2,20,,2,,,,2,,,,,,,,,,,,,,1,1,1,2,1,1,3,,97,52,1,04,1,5224,1100000,05,2446.393809,
5433466,1,1,1,60,2,5,2,,,,,,,,,,,120,,,,,,,,,,,,,,,,,,,,,,,,,,,,,,,,,,,,,,,,,,,,,,,7,,1,2,,2,3000000,1,18000000,3,,12,2,,,,,3,6,2,48,,.,48,,,1,7,,1,,1,2,2,30,1,1,,,,,,,,,1,2,1,36,120,1,,2,,,,,,,,10,11,25,,2,,,,2,,,,,,,,,,,,,,1,1,1,2,1,1,2,,41,47,1,04,4,4761,3000000,05,1220.4520953,
5433519,1,1,1,60,2,52,2,,,,,,,,,,,62,,,,,,,,,,,,,,,,,,,,,,,,,,,,,,,,,,,,,,,,,,,,,,,7,,2,,,2,500000,1,4000000,3,,12,2,,,,,3,8,2,44,,.,44,,,1,7,,2,,2,,,,1,,,,,,,,,1,2,2,1,6,120,4,,2,,,,,,,,3,3,5,,2,,,,2,,,,,,,,,,,,,,1,2,1,2,2,1,9,,03,95,1,04,4,9522,500000,52,3547.9210406,
5433519,1,2,1,60,2,52,2,,,,,,,,,,,276,,,,,,,,,,,,,,,,,,,,,,,,,,,,,,,,,,,,,,,,,,,,,,,7,,2,,,2,0,1,1800000,3,,12,1,1,0,0,1,2,4,2,18,2,,18,,,2,8,,2,,2,,,,1,,,,,,,,,1,2,2,1,1,24,6,,2,,,,,,,,9,11,30,,2,,,,1,1,1,1,2,2,2,2,1,1,2,,2,1,2,1,2,2,2,2,8,,61,01,1,04,4,0141,0,52,3547.9210406,
5433520,1,2,1,60,2,52,2,,,,,,,,,,,36,,,,,,,,,,,,,,,,,,,,,,,,,,,,,,,,,,,,,,,,,,,,,,,6,,,,,3,140000,1,1400000,3,,12,2,,,,,1,1,2,14,2,,14,,,1,8,,2,,2,,,,1,,,,,,,,,1,2,2,2,,,,,2,,,,,,,,,11,30,,2,,,,2,,,,,,,,,,,,,,1,1,1,2,1,1,3,,61,01,1,04,4,0141,140000,52,2737.4607363,
5433521,1,1,1,60,2,52,2,,,,,,,,,,,240,,,,,,,,,,,,,,,,,,,,,,,,,,,,,,,,,,,,,,,,,,,,,,,7,,2,,,2,300000,1,3600000,3,,12,1,2,0,1,1,2,3,2,28,2,,28,,,2,8,,2,,2,,,,1,,,,,,,,,1,2,2,1,0,36,6,,1,52,10,4,,200000,2,8,10,11,30,,2,,,,2,,,,,,,,,,,,,,1,1,1,2,1,1,3,,64,01,1,04,4,0141,500000,52,2191.7864586,
5433521,1,2,1,60,2,52,2,,,,,,,,,,,240,,,,,,,,,,,,,,,,,,,,,,,,,,,,,,,,,,,,,,,,,,,,,,,7,,2,,,2,300000,1,3600000,3,,12,1,2,0,1,1,2,3,2,28,2,,28,,,2,8,,2,,2,,,,1,,,,,,,,,1,2,2,1,0,36,6,,2,,,,,,,,3,11,30,,2,,,,2,,,,,,,,,,,,,,1,1,1,2,1,1,3,,61,01,1,04,4,0141,300000,52,2191.7864586,
5433521,1,3,1,60,2,52,2,,,,,,,,,,,36,,,,,,,,,,,,,,,,,,,,,,,,,,,,,,,,,,,,,,,,,,,,,,,,.,,,,,,,,,.,12,,,,,,,,,15,2,,15,,,2,8,,2,,2,,,,1,,,,,,,,,1,2,2,2,,,,,2,,,,,,,,,11,30,,2,,,,2,,,,,,,,,,,,,,1,2,1,2,1,1,3,,62,01,1,04,6,0141,,52,2191.7864586,
5433522,1,1,1,60,2,52,2,,,,,,,,,,,240,,,,,,,,,,,,,,,,,,,,,,,,,,,,,,,,,,,,,,,,,,,,,,,6,,,,,3,80000,1,800000,3,,12,2,,,,,2,5,2,21,2,,21,,,1,2,,2,,2,,,,1,,,,,,,,,1,2,2,1,0,180,4,,2,,,,,,,,9,3,10,,2,,,,1,1,2,1,2,2,2,2,1,1,2,,2,1,2,2,2,2,2,2,3,,56,96,1,04,4,9601,80000,52,1257.2188968,
5433523,1,1,1,60,2,52,2,,,,,,,,,,,12,,,,,,,,,,,,,,,,,,,,,,,,,,,,,,,,,,,,,,,,,,,,,,,,.,,,,,,,,,.,12,,,,,,,,,18,2,,18,,,2,8,,2,,2,,,,1,,,,,,,,,1,2,2,1,1,6,1,,2,,,,,,,,1,11,30,,1,22,1,1,1,1,1,1,2,2,2,2,1,2,2,,1,1,1,2,1,2,2,1,3,,62,01,1,04,7,0141,,52,1240.0513849,
5433524,1,2,1,60,2,52,1,2,2,3,2,4,EMPRESA PRIVADA OPERADOR,1,2,2,2,1,,,,,,,,,,,,,,,,,,,,,,,,,,,,,,,,,,,,,,,,,,,,,,,1,,,,,3,1900000,1,19000000,3,,10,2,,,,,1,1,1,48,,.,48,,,9,2,,1,,1,2,2,2,1,1,,,,,,,,,1,2,1,2,6,4,,2,,,,,,,,1,8,5,,2,,,,1,1,2,1,2,1,1,2,1,1,2,,2,1,1,2,2,2,2,2,8,,19,84,1,04,4,8413,1900000,52,886.98026015,8413
5433525,1,1,1,60,2,52,2,,,,,,,,,,,480,,,,,,,,,,,,,,,,,,,,,,,,,,,,,,,,,,,,,,,,,,,,,,,7,,2,,,2,500000,1,6000000,3,,12,1,1,0,0,1,2,3,2,30,2,,30,,,2,8,,2,,2,,,,1,,,,,,,,,1,2,2,1,4,240,4,,1,52,0,4,,0,1,8,3,3,60,,2,,,,2,,,,,,,,,,,,,,1,1,1,2,1,1,3,,61,01,1,04,4,0141,500000,52,886.98026015,
5433525,1,2,1,60,2,52,2,,,,,,,,,,,180,,,,,,,,,,,,,,,,,,,,,,,,,,,,,,,,,,,,,,,,,,,,,,,7,,2,,,2,200000,1,2400000,3,,12,1,1,0,0,1,3,3,2,50,,.,50,,,2,1,,2,,2,,,,1,,,,,,,,,1,2,2,1,0,360,4,,1,52,20,6,,,2,8,3,14,,,2,,,,2,,,,,,,,,,,,,,1,1,1,2,1,1,3,,41,47,1,04,4,4711,200000,52,886.98026015,
5433525,1,3,1,60,2,52,2,,,,,,,,,,,24,,,,,,,,,,,,,,,,,,,,,,,,,,,,,,,,,,,,,,,,,,,,,,,,.,,,,,,,,,.,12,,,,,,,,,20,2,,20,,,2,1,,2,,2,,,,1,,,,,,,,,1,2,2,1,0,36,4,,2,,,,,,,,3,14,,,2,,,,1,1,1,1,2,2,2,2,2,2,2,,2,1,1,2,1,2,1,1,3,,45,47,1,04,6,4711,,52,886.98026015,
5433526,1,1,1,60,2,52,2,,,,,,,,,,,480,,,,,,,,,,,,,,,,,,,,,,,,,,,,,,,,,,,,,,,,,,,,,,,7,,2,,,2,300000,1,5000000,3,,12,1,2,0,0,2,3,9,2,38,2,,38,,,2,8,,2,,2,,,,1,,,,,,,,,1,2,2,1,0,65,5,,1,52,18,4,,0,2,8,3,11,40,,2,,,,2,,,,,,,,,,,,,,1,1,1,1,2,2,8,,61,01,1,04,4,0141,300000,52,1314.9800208,
5433526,1,3,1,60,2,52,2,,,,,,,,,,,3,,,,,,,,,,,,,,,,,,,,,,,,,,,,,,,,,,,,,,,,,,,,,,,,.,,,,,,,,,.,12,,,,,,,,,30,1,,30,,,2,8,,2,,2,,,,1,,,,,,,,,1,2,2,1,0,3,1,,1,52,8,6,,,2,8,1,11,15,,1,10,1,1,1,1,2,1,2,2,2,2,2,2,2,,1,1,1,2,1,2,1,1,3,,62,01,1,04,6,0113,,52,1314.9800208,
5433526,1,4,1,60,2,52,1,1,,,1,,,1,2,2,2,2,,1,,2,200000,2,,,2,,2,,1,50000,2,,2,,,1,36000,2,2,,,2,,,2,,,2,,,2,,2,,2,,2,,2,,2,,,.,,,,,,,,,.,2,,,,,,,,,28,2,,28,,,2,8,,2,,2,,,,1,,,,,,,,,1,2,2,1,13,4,1,,2,,,,,,,,2,7,20,,1,20,1,1,1,1,1,1,2,2,2,2,1,1,2,,2,1,2,2,2,2,2,2,3,,62,01,1,04,8,0141,200000,52,1314.9800208,
5433527,1,1,1,60,2,52,2,,,,,,,,,,,480,,,,,,,,,,,,,,,,,,,,,,,,,,,,,,,,,,,,,,,,,,,,,,,7,,2,,,2,1150000,1,12000000,3,,12,1,1,0,0,1,1,3,2,28,2,,28,,,2,8,,2,,2,,,,1,,,,,,,,,1,2,2,1,0,24,6,,1,52,8,5,,0,2,8,13,11,20,,2,,,,2,,,,,,,,,,,,,,1,1,1,2,1,1,8,,61,01,1,04,4,0141,1150000,52,886.98026015,
5433527,1,2,1,60,2,52,2,,,,,,,,,,,420,,,,,,,,,,,,,,,,,,,,,,,,,,,,,,,,,,,,,,,,,,,,,,,6,,,,,2,500000,1,1500000,3,,12,2,,,,,3,3,2,14,2,,14,,,1,8,,2,,2,,,,1,,,,,,,,,1,2,2,2,,,,,1,52,12,6,,,2,8,,3,5,,2,,,,2,,,,,,,,,,,,,,1,1,1,2,1,1,3,,61,01,1,04,4,0149,500000,52,886.98026015,
5433528,1,1,1,60,2,52,2,,,,,,,,,,,120,,,,,,,,,,,,,,,,,,,,,,,,,,,,,,,,,,,,,,,,,,,,,,,7,,2,,,2,1500000,1,18000000,3,,12,1,2,0,0,2,2,3,2,28,2,,28,,,2,8,,2,,2,,,,1,,,,,,,,,1,2,2,1,0,60,4,,2,,,,,,,,9,11,15,,2,,,,2,,,,,,,,,,,,,,1,1,1,1,1,1,3,,61,01,1,04,4,0141,1500000,52,3372.3724157,
5433528,1,2,1,60,2,52,1,2,1,,1,,,1,1,1,1,240,,1,,2,3000000,2,,,2,,2,,2,,2,,2,,,2,,,2,,,2,,,2,,,2,,,1,1500000,1,3000000,1,15000000,2,,2,,2,,,.,,,,,,,,,.,12,,,,,,,,,30,3,HORARIO ESTABLECIDO POR EL MAGISTERIO,40,,,9,7,,1,,1,3,1,20,1,1,,,,,,,,,1,1,1,0,6,4,,2,,,,,,,,3,8,10,,2,,,,2,,,,,,,,,,,,,,1,1,1,1,1,1,3,,13,85,1,04,2,8530,3000000,52,3372.3724157,
5433528,1,3,1,60,2,52,2,,,,,,,,,,,12,,,,,,,,,,,,,,,,,,,,,,,,,,,,,,,,,,,,,,,,,,,,,,,,.,,,,,,,,,.,12,,,,,,,,,10,2,,10,,,2,8,,2,,2,,,,1,,,,,,,,,1,2,2,1,1,1,6,,2,,,,,,,,12,11,15,,2,,,,2,,,,,,,,,,,,,,1,2,1,2,1,1,3,,62,01,1,04,6,0141,,52,3372.3724157,
5433528,1,4,1,60,2,52,2,,,,,,,,,,,12,,,,,,,,,,,,,,,,,,,,,,,,,,,,,,,,,,,,,,,,,,,,,,,,.,,,,,,,,,.,12,,,,,,,,,10,2,,10,,,2,8,,2,,2,,,,1,,,,,,,,,1,2,2,1,1,1,6,,2,,,,,,,,12,11,15,,2,,,,2,,,,,,,,,,,,,,1,2,1,2,1,1,3,,62,01,1,04,6,0141,,52,3372.3724157,
5433529,1,1,1,60,2,52,2,,,,,,,,,,,480,,,,,,,,,,,,,,,,,,,,,,,,,,,,,,,,,,,,,,,,,,,,,,,6,,,,,3,160000,1,1700000,3,,12,2,,,,,2,5,2,21,1,,21,,,1,8,,2,,2,,,,1,,,,,,,,,1,2,2,2,,,,,1,52,7,4,,180000,2,8,,3,15,,1,28,2,1,2,,,,,,,,,,,,,,1,1,1,2,1,1,8,,61,01,1,04,4,0161,340000,52,886.98026015,
5433529,1,2,1,60,2,52,2,,,,,,,,,,,396,,,,,,,,,,,,,,,,,,,,,,,,,,,,,,,,,,,,,,,,,,,,,,,,.,,,,,,,,,.,12,,,,,,,,,7,2,,7,,,2,8,,2,,2,,,,1,,,,,,,,,1,2,2,1,12,120,6,,2,,,,,,,,9,3,10,,2,,,,2,,,,,,,,,,,,,,1,1,1,2,1,1,3,,62,01,1,04,6,0141,,52,886.98026015,
5433531,1,2,1,60,2,52,2,,,,,,,,,,,240,,,,,,,,,,,,,,,,,,,,,,,,,,,,,,,,,,,,,,,,,,,,,,,7,,2,,,2,500000,1,7000000,3,,12,1,1,0,0,1,3,9,2,40,,.,40,,,2,8,,2,,2,,,,1,,,,1,,,,,,2,2,1,12,86,6,,1,52,12,4,,100000,1,8,13,11,30,,2,,,,2,,,,,,,,,,,,,,2,1,1,1,1,1,9,,61,01,1,04,4,0141,600000,52,1224.3151494,
5433531,1,3,1,60,2,52,2,,,,,,,,,,,62,,,,,,,,,,,,,,,,,,,,,,,,,,,,,,,,,,,,,,,,,,,,,,,,.,,,,,,,,,.,12,,,,,,,,,24,2,,24,,,2,8,,5,,2,,,,1,,,,,,,,,1,2,2,1,0,24,1,,2,,,,,,,,9,11,30,,2,,,,2,,,,,,,,,,,,,,1,1,1,2,1,1,3,,62,01,1,04,6,0141,,52,1224.3151494,
5433533,1,1,1,60,2,52,2,,,,,,,,,,,360,,,,,,,,,,,,,,,,,,,,,,,,,,,,,,,,,,,,,,,,,,,,,,,6,,,,,2,300000,1,3600000,3,,12,1,1,0,0,1,1,1,2,28,2,,28,,,2,8,,2,,2,,,,1,,,,,,,,,1,2,2,2,,,,,2,,,,,,,,,11,20,,2,,,,2,,,,,,,,,,,,,,1,1,1,2,1,1,8,,61,01,1,04,4,0141,300000,52,2704.5569889,
5433533,1,2,1,60,2,52,2,,,,,,,,,,,180,,,,,,,,,,,,,,,,,,,,,,,,,,,,,,,,,,,,,,,,,,,,,,,,.,,,,,,,,,.,12,,,,,,,,,28,2,,28,,,2,8,,2,,2,,,,1,,,,,,,,,1,2,2,2,,,,,2,,,,,,,,,11,20,,2,,,,2,,,,,,,,,,,,,,1,1,1,2,1,1,8,,62,01,1,04,6,0141,,52,2704.5569889,
5433534,1,1,1,60,2,52,2,,,,,,,,,,,180,,,,,,,,,,,,,,,,,,,,,,,,,,,,,,,,,,,,,,,,,,,,,,,7,,2,,,2,0,1,98,3,,12,2,,,,,3,3,2,16,2,,16,,,1,8,,2,,2,,,,1,,,,,,,,,1,2,2,1,0,240,4,,1,52,14,8,,150000,2,8,3,3,120,,2,,,,2,,,,,,,,,,,,,,1,1,1,2,1,1,3,,61,01,1,04,4,0141,150000,52,964.3887998,
5433534,1,2,1,60,2,52,2,,,,,,,,,,,60,,,,,,,,,,,,,,,,,,,,,,,,,,,,,,,,,,,,,,,,,,,,,,,7,,2,,,2,400000,1,4800000,3,,12,1,1,0,0,1,2,3,2,28,2,,28,,,2,8,,2,,2,,,,1,,,,,,,,,1,2,2,1,1,72,4,,1,52,24,8,,150000,2,8,3,3,10,,2,,,,2,,,,,,,,,,,,,,1,1,1,2,1,1,3,,61,01,1,04,4,0141,550000,52,964.3887998,
5433534,1,3,1,60,2,52,2,,,,,,,,,,,12,,,,,,,,,,,,,,,,,,,,,,,,,,,,,,,,,,,,,,,,,,,,,,,,.,,,,,,,,,.,12,,,,,,,,,12,2,,12,,,2,8,,2,,2,,,,1,,,,,,,,,1,2,2,2,,,,,2,,,,,,,,,3,10,,2,,,,2,,,,,,,,,,,,,,1,2,1,2,1,1,3,,62,01,1,04,6,0141,,52,964.3887998,
5433535,1,1,1,60,2,52,2,,,,,,,,,,,240,,,,,,,,,,,,,,,,,,,,,,,,,,,,,,,,,,,,,,,,,,,,,,,6,,,,,3,500000,1,6000000,3,,12,2,,,,,2,1,2,36,2,,25,6,,1,8,,2,,2,,,,1,,,,,,,,,1,2,2,1,0,48,8,,1,52,24,4,,300000,2,8,1,11,20,2,2,,,,2,,,,,,,,,,,,,,1,1,2,1,2,2,8,,61,01,1,04,4,0161,800000,52,1796.7301288,
5433535,1,2,1,60,2,52,2,,,,,,,,,,,180,,,,,,,,,,,,,,,,,,,,,,,,,,,,,,,,,,,,,,,,,,,,,,,7,,2,,,2,300000,1,4000000,3,,12,1,1,0,0,1,1,1,2,18,2,,18,,,2,8,,2,,2,,,,1,,,,,,,,,1,2,2,1,99,36,3,,2,,,,,,,,1,11,30,,2,,,,2,,,,,,,,,,,,,,1,1,1,2,1,1,9,,61,01,1,04,4,0141,300000,52,1796.7301288,
5433535,1,3,1,60,2,52,2,,,,,,,,,,,12,,,,,,,,,,,,,,,,,,,,,,,,,,,,,,,,,,,,,,,,,,,,,,,,.,,,,,,,,,.,12,,,,,,,,,18,2,,18,,,2,8,,2,,2,,,,1,,,,,,,,,1,2,2,1,6,62,7,,2,,,,,,,,12,11,30,,2,,,,2,,,,,,,,,,,,,,1,2,2,2,2,1,3,,62,01,1,04,6,0141,,52,1796.7301288,
5433535,1,4,1,60,2,52,2,,,,,,,,,,,84,,,,,,,,,,,,,,,,,,,,,,,,,,,,,,,,,,,,,,,,,,,,,,,,.,,,,,,,,,.,12,,,,,,,,,14,2,,14,,,2,8,,2,,2,,,,1,,,,,,,,,1,2,2,2,,,,,2,,,,,,,,,11,30,,2,,,,2,,,,,,,,,,,,,,2,2,2,2,1,1,3,,62,01,1,04,6,0141,,52,1796.7301288,
5433536,1,1,1,60,2,52,2,,,,,,,,,,,480,,,,,,,,,,,,,,,,,,,,,,,,,,,,,,,,,,,,,,,,,,,,,,,6,,,,,2,924000,1,13000000,3,,12,1,1,0,0,1,2,1,2,28,2,,28,,,2,8,,2,,2,,,,1,,,,,,,,,1,2,2,1,0,36,6,,2,,,,,,,,13,3,30,,2,,,,2,,,,,,,,,,,,,,1,1,1,2,1,1,6,,61,01,1,04,4,0141,924000,52,1476.6512307,
5433536,1,2,1,60,2,52,2,,,,,,,,,,,12,,,,,,,,,,,,,,,,,,,,,,,,,,,,,,,,,,,,,,,,,,,,,,,6,,,,,2,300000,1,1800000,3,,12,2,,,,,2,3,2,28,2,,28,,,1,8,,2,,2,,,,1,,,,,,,,,1,2,2,2,,,,,1,52,21,6,,,2,8,,3,10,,2,,,,2,,,,,,,,,,,,,,1,1,1,2,2,1,8,,61,01,1,04,4,0145,300000,52,1476.6512307,
5433537,1,1,1,60,2,52,2,,,,,,,,,,,180,,,,,,,,,,,,,,,,,,,,,,,,,,,,,,,,,,,,,,,,,,,,,,,7,,2,,,2,1600000,1,19200000,3,,12,1,2,0,0,2,2,3,2,42,,.,42,,,2,8,,2,,2,,,,1,,,,,,,,,1,2,2,1,12,36,1,,2,,,,,,,,3,11,15,,2,,,,2,,,,,,,,,,,,,,1,1,1,2,1,1,3,,61,01,1,04,4,0141,1600000,52,1523.9710318,
5433537,1,2,1,60,2,52,1,2,2,12,2,4,EMPRESA PRIVADA (MUJER Y GENERO),1,1,2,1,144,,2,,2,450000,2,,,2,,2,,2,,2,,2,,,2,,,2,,,2,,,2,,,2,,,1,450000,2,,2,,2,,2,,2,,,.,,,,,,,,,.,12,,,,,,,,,24,2,,24,,,9,1,,1,,1,1,1,12,1,1,,,,,,,,,1,1,1,6,36,1,,1,52,24,6,,,2,8,1,14,,,2,,,,2,,,,,,,,,,,,,,1,1,1,2,1,1,3,,54,88,1,04,1,8890,450000,52,1523.9710318,8413
5433537,1,3,1,60,2,52,2,,,,,,,,,,,60,,,,,,,,,,,,,,,,,,,,,,,,,,,,,,,,,,,,,,,,,,,,,,,,.,,,,,,,,,.,12,,,,,,,,,28,2,,28,,,2,8,,2,,2,,,,1,,,,,,,,,1,2,2,2,,,,,2,,,,,,,,,11,15,,2,,,,2,,,,,,,,,,,,,,1,2,1,2,1,1,3,,62,01,1,04,6,0141,,52,1523.9710318,
5433538,1,1,1,60,2,52,2,,,,,,,,,,,62,,,,,,,,,,,,,,,,,,,,,,,,,,,,,,,,,,,,,,,,,,,,,,,6,,,,,3,200000,1,2000000,1,,12,2,,,,,2,1,1,28,1,,28,,,1,2,,2,,2,,,,1,,,,,,,,,1,2,2,1,3,48,3,,2,,,,,,,,3,3,15,,1,20,2,1,1,1,2,1,2,2,2,2,1,2,2,,2,2,2,2,2,2,2,2,8,,56,96,1,04,4,9601,200000,52,886.98026015,
5433539,1,1,1,60,2,68,2,,,,,,,,,,,24,,,,,,,,,,,,,,,,,,,,,,,,,,,,,,,,,,,,,,,,,,,,,,,7,,2,,,3,900000,1,10800000,3,,12,1,1,0,0,1,3,4,2,56,,.,56,,,2,8,,10,,1,2,2,20,1,1,,,1,,,,,,2,2,1,0,204,1,,2,,,,,,,,2,11,5,,2,,,,2,,,,,,,,,,,,,,1,1,1,2,1,1,5,,41,47,1,04,4,4759,900000,68,1209.4151736,
5433539,1,2,1,60,2,68,2,,,,,,,,,,,48,,,,,,,,,,,,,,,,,,,,,,,,,,,,,,,,,,,,,,,,,,,,,,,7,,2,,,3,500000,1,6000000,3,,12,2,,,,,3,4,2,21,2,,21,,,1,1,,3,,2,,,,1,,,,1,,,,,,2,2,2,,,,,2,,,,,,,,,14,,,2,,,,2,,,,,,,,,,,,,,1,1,1,2,1,1,8,,41,47,1,04,4,4759,500000,68,1209.4151736,
5433558,1,1,1,60,2,15,1,1,,,1,,,1,2,2,2,170,,1,,2,700000,2,,,2,,2,,2,,2,,2,,,2,,,2,,,2,,,2,,,2,,,2,,2,,2,,2,,2,,2,,,.,,,,,,,,,.,12,,,,,,,,,48,,.,48,,,5,7,,2,,2,,,,1,,,,,,1,,,,2,2,2,,,,,2,,,,,,,,,3,5,,2,,,,2,,,,,,,,,,,,,,1,1,1,2,1,1,3,,89,23,1,04,1,2393,700000,15,905.1447517,
5433568,1,1,1,60,2,15,2,,,,,,,,,,,320,,,,,,,,,,,,,,,,,,,,,,,,,,,,,,,,,,,,,,,,,,,,,,,7,,2,,,2,800000,1,10000000,3,,12,1,5,5,0,0,2,1,2,44,,.,44,,,3,7,,2,,2,,,,1,,,,,,,,,1,2,2,1,0,180,1,,2,,,,,,,,10,3,10,,2,,,,2,,,,,,,,,,,,,,1,2,1,2,1,1,2,,89,23,1,04,5,2393,800000,15,1091.6992629,
5433568,1,2,1,60,2,15,1,1,,,1,,,2,2,2,2,240,,1,,2,200000,2,,,2,,2,,2,,2,,2,,,2,,,2,,,2,,,2,,,2,,,2,,2,,2,,2,,2,,2,,,.,,,,,,,,,.,12,,,,,,,,,30,2,,30,,,3,7,,2,,2,,,,1,,,,,,,,,1,2,2,2,,,,,2,,,,,,,,,3,10,,2,,,,1,1,1,1,2,2,2,2,2,2,2,,2,1,1,2,1,2,1,1,2,,89,23,1,04,1,2393,200000,15,1091.6992629,
5433568,1,3,1,60,2,15,1,1,,,1,,,2,2,2,2,12,,1,,2,400000,2,,,2,,2,,2,,2,,2,,,2,,,2,,,2,,,2,,,2,,,2,,2,,2,,2,,2,,2,,,.,,,,,,,,,.,12,,,,,,,,,30,2,,30,,,3,7,,2,,2,,,,1,,,,,,,,,1,2,2,1,3,60,1,,2,,,,,,,,2,3,10,,2,,,,2,,,,,,,,,,,,,,1,2,1,2,1,1,2,,89,23,1,04,1,2393,400000,15,1091.6992629,
5433571,1,2,1,60,2,15,2,,,,,,,,,,,120,,,,,,,,,,,,,,,,,,,,,,,,,,,,,,,,,,,,,,,,,,,,,,,6,,,,,2,100000,1,8000000,3,,12,2,,,,,3,1,2,20,2,,20,,,1,1,,3,,2,,,,1,,,,,,,,,1,2,2,1,70,12,1,,2,,,,,,,,9,14,,,2,,,,2,,,,,,,,,,,,,,1,1,1,2,1,1,3,,41,47,1,04,4,4724,100000,15,1183.7519978,
5433572,1,1,1,60,2,15,1,1,,,1,,,1,2,2,2,72,,1,,2,908526,2,,,2,,2,,2,,2,,2,,,2,,,2,,,2,,,2,,,2,,,2,,2,,2,,2,,2,,2,,,.,,,,,,,,,.,12,,,,,,,,,40,,.,40,,,4,7,,2,,2,,,,1,,,,,,,,,1,2,2,2,,,,,2,,,,,,,,,3,2,,2,,,,2,,,,,,,,,,,,,,1,2,1,2,2,1,3,,89,23,1,04,1,2393,908526,15,1205.226315,
5433572,1,2,1,60,2,15,2,,,,,,,,,,,24,,,,,,,,,,,,,,,,,,,,,,,,,,,,,,,,,,,,,,,,,,,,,,,6,,,,,2,250000,1,2000000,3,,12,2,,,,,2,10,2,24,2,,24,,,1,6,,2,,2,,,,1,,,,,,,,,1,2,2,2,,,,,2,,,,,,,,,3,25,,2,,,,2,,,,,,,,,,,,,,1,2,2,2,2,1,3,,97,52,1,04,4,5224,250000,15,1205.226315,
5433573,1,1,1,60,2,15,2,,,,,,,,,,,300,,,,,,,,,,,,,,,,,,,,,,,,,,,,,,,,,,,,,,,,,,,,,,,7,,2,,,2,800000,1,10000000,3,,12,1,3,2,0,1,2,3,2,48,,.,48,,,3,7,,2,,2,,,,1,,,,,,,,,1,2,2,1,0,70,1,,2,,,,,,,,5,3,5,,2,,,,1,1,1,1,2,2,2,2,1,2,2,,2,1,1,2,1,2,1,1,2,,89,23,1,04,5,2393,800000,15,2339.4770425,
5433573,1,2,1,60,2,15,2,,,,,,,,,,,36,,,,,,,,,,,,,,,,,,,,,,,,,,,,,,,,,,,,,,,,,,,,,,,,.,,,,,,,,,.,12,,,,,,,,,30,2,,30,,,3,7,,2,,2,,,,1,,,,,,,,,1,2,2,1,0,12,1,,2,,,,,,,,5,3,5,,2,,,,1,1,1,1,2,2,2,2,2,2,2,,2,1,1,1,1,2,1,1,3,,89,23,1,04,6,2393,,15,2339.4770425,
5433574,1,1,1,60,2,15,2,,,,,,,,,,,250,,,,,,,,,,,,,,,,,,,,,,,,,,,,,,,,,,,,,,,,,,,,,,,7,,2,,,2,1000000,1,12000000,3,,12,1,4,3,0,1,2,1,2,44,,.,44,,,3,7,,2,,2,,,,1,,,,,,,,,1,2,2,2,,,,,2,,,,,,,,,3,10,,2,,,,2,,,,,,,,,,,,,,1,1,1,2,1,1,2,,89,23,1,04,5,2393,1000000,15,1955.4100494,
5433574,1,2,1,60,2,15,2,,,,,,,,,,,60,,,,,,,,,,,,,,,,,,,,,,,,,,,,,,,,,,,,,,,,,,,,,,,,.,,,,,,,,,.,12,,,,,,,,,40,,.,40,,,3,7,,2,,2,,,,1,,,,,,,,,1,2,2,2,,,,,2,,,,,,,,,3,10,,2,,,,2,,,,,,,,,,,,,,1,1,1,2,1,1,2,,89,23,1,04,6,2393,,15,1955.4100494,
5433574,1,3,1,60,2,15,1,1,,,1,,,1,2,2,2,36,,1,,2,600000,2,,,2,,2,,2,,2,,2,,,2,,,2,,,2,,,2,,,2,,,2,,2,,2,,2,,2,,2,,,.,,,,,,,,,.,12,,,,,,,,,40,,.,40,,,3,7,,2,,2,,,,1,,,,,,,,,1,2,2,1,0,24,1,,2,,,,,,,,2,3,10,,2,,,,2,,,,,,,,,,,,,,1,1,1,2,1,1,2,,89,23,1,04,1,2393,600000,15,1955.4100494,
5433574,1,4,1,60,2,15,1,1,,,1,,,2,2,2,2,30,,1,,2,600000,2,,,2,,2,,2,,2,,2,,,2,,,2,,,2,,,2,,,2,,,2,,2,,2,,2,,2,,2,,,.,,,,,,,,,.,12,,,,,,,,,40,,.,40,,,3,7,,2,,2,,,,1,,,,,,,,,1,2,2,2,,,,,2,,,,,,,,,3,10,,2,,,,2,,,,,,,,,,,,,,1,2,1,2,1,1,2,,89,23,1,04,1,2393,600000,15,1955.4100494,
5433574,1,5,1,60,2,15,1,1,,,1,,,1,2,2,2,36,,1,,2,600000,2,,,2,,2,,2,,2,,2,,,2,,,2,,,2,,,2,,,2,,,2,,2,,2,,2,,2,,2,,,.,,,,,,,,,.,12,,,,,,,,,40,,.,40,,,3,7,,2,,2,,,,1,,,,,,,,,1,2,2,2,,,,,2,,,,,,,,,3,10,,2,,,,2,,,,,,,,,,,,,,1,2,1,2,1,1,2,,89,23,1,04,1,2393,600000,15,1955.4100494,
5433576,1,1,1,60,2,15,2,,,,,,,,,,,96,,,,,,,,,,,,,,,,,,,,,,,,,,,,,,,,,,,,,,,,,,,,,,,4,,,,,2,1000000,1,12000000,3,,12,1,3,1,1,1,2,1,1,35,1,,35,,,3,8,,2,,1,4,2,7,1,,1,,,,,,,,2,2,1,24,60,1,,2,,,,,,,,9,3,19,,1,18,2,1,2,,,,,,,,,,,,,,1,2,1,2,1,1,2,,61,01,1,04,5,0121,1000000,15,974.64653352,
5433576,1,2,1,60,2,15,2,,,,,,,,,,,96,,,,,,,,,,,,,,,,,,,,,,,,,,,,,,,,,,,,,,,,,,,,,,,,.,,,,,,,,,.,12,,,,,,,,,20,2,,20,,,3,8,,2,,2,,,,1,,,,,,,,,1,2,2,1,0,60,1,,2,,,,,,,,9,3,16,,2,,,,2,,,,,,,,,,,,,,1,2,1,2,1,1,2,,62,01,1,04,6,0121,,15,974.64653352,
5433577,1,1,1,60,2,15,1,2,1,,1,,,1,1,1,1,2,,1,,2,908526,2,,,2,,2,,2,,2,,2,,,1,106454,2,2,,,2,,,2,,,2,,,2,,2,,2,,2,,2,,2,,,.,,,,,,,,,.,9,,,,,,,,,40,,.,40,,,6,8,,1,,1,1,1,12,1,1,,,,,,,,,1,1,1,2,120,1,,2,,,,,,,,9,13,15,,2,,,,2,,,,,,,,,,,,,,1,1,1,2,1,1,3,,62,01,1,04,1,0121,908526,15,3314.2180131,
5433577,1,2,1,60,2,15,2,,,,,,,,,,,6,,,,,,,,,,,,,,,,,,,,,,,,,,,,,,,,,,,,,,,,,,,,,,,7,,2,,,2,200000,1,600000,3,,5,2,,,,,3,4,2,18,2,,18,,,1,1,,2,,2,,,,1,,,,,,,,,1,2,2,2,,,,,2,,,,,,,,,14,,,2,,,,2,,,,,,,,,,,,,,1,2,1,2,1,1,3,,41,47,1,04,4,4711,200000,15,3314.2180131,
5433578,1,1,1,60,2,15,2,,,,,,,,,,,300,,,,,,,,,,,,,,,,,,,,,,,,,,,,,,,,,,,,,,,,,,,,,,,6,,,,,2,500000,1,6000000,3,,12,2,,,,,2,1,2,40,,.,30,6,,1,2,,2,,2,,,,1,,,,,,,,,1,2,2,1,0,110,4,,2,,,,,,,,2,3,10,1,2,,,,2,,,,,,,,,,,,,,1,1,1,2,1,1,2,,95,41,1,04,4,4111,500000,15,974.64653352,
5433578,1,2,1,60,2,15,1,1,,,1,,,1,2,2,2,84,,1,,2,600000,2,,,2,,2,,2,,2,,2,,,2,,,2,,,2,,,2,,,2,,,2,,2,,2,,2,,2,,2,,,.,,,,,,,,,.,12,,,,,,,,,40,,.,40,,,2,8,,2,,2,,,,1,,,,,,,,,1,2,2,1,3,3,1,,2,,,,,,,,1,3,10,,2,,,,2,,,,,,,,,,,,,,1,2,1,2,1,1,3,,60,01,1,04,1,0121,600000,15,974.64653352,
5433578,1,3,1,60,2,15,1,1,,,1,,,2,2,2,2,2,,1,,2,440000,2,,,2,,2,,2,,2,,2,,,2,,,2,,,2,,,2,,,2,,,2,,2,,2,,2,,2,,2,,,.,,,,,,,,,.,2,,,,,,,,,40,,.,40,,,2,7,,2,,2,,,,1,,,,,,,,,1,2,2,2,,,,,2,,,,,,,,,3,60,,2,,,,2,,,,,,,,,,,,,,1,2,1,2,1,1,3,,45,47,1,04,1,4759,440000,15,974.64653352,
5433580,1,1,1,60,2,11,1,2,2,6,2,1,,1,1,1,1,5,,1,,2,5300000,2,,,2,,2,,2,,2,,2,,,2,,,2,,,2,,,2,,,2,,,1,2500000,2,,2,,2,,2,,2,,,.,,,,,,,,,.,7,,,,,,,,,40,,.,40,,,9,7,,1,,1,1,1,8,1,1,,,,,,,,,1,1,1,0,2,4,,2,,,,,,,,1,8,90,,2,,,,1,1,1,1,2,2,2,2,2,2,2,,2,2,1,1,1,2,2,1,2,,06,21,1,04,1,2100,5300000,15,3620.5790068,7810
5433580,1,2,1,60,2,11,1,2,2,3,1,,,1,2,2,2,3,,,,,,,,,,,,,,,,,,,,,,,,,,,,,,,,,,,,,,,,,,,,,,,1,,,,,2,7000000,1,99,3,,5,2,,,,,1,1,2,40,,.,40,,,9,1,,1,,1,1,2,12,1,1,,,,,,,,,1,2,1,0,2,4,,2,,,,,,,,1,14,,,2,,,,1,1,1,1,2,2,2,2,1,2,2,,1,1,1,1,2,2,1,2,2,,21,86,1,04,4,8621,7000000,15,3620.5790068,
5433581,1,1,1,60,2,15,1,1,,,1,,,1,2,2,2,24,,1,,2,908526,2,,,2,,1,200000,2,,2,,2,,,2,,,2,,,2,,,2,,,2,,,2,,2,,2,,2,,2,,2,,,.,,,,,,,,,.,12,,,,,,,,,48,,.,48,,,4,8,,2,,2,,,,1,,,,,,,,,1,2,2,1,0,156,1,,2,,,,,,,,3,3,5,,2,,,,2,,,,,,,,,,,,,,1,2,1,2,1,1,3,,60,01,1,04,1,0113,1108526,15,2443.7725101,
5433582,1,1,1,60,2,68,2,,,,,,,,,,,60,,,,,,,,,,,,,,,,,,,,,,,,,,,,,,,,,,,,,,,,,,,,,,,6,,,,,2,,1,99,3,,12,2,,,,,3,3,2,48,,.,48,,,1,1,,2,,2,,,,1,,,,,,,,,1,2,2,1,60,24,1,,2,,,,,,,,2,14,,,2,,,,2,,,,,,,,,,,,,,1,2,1,2,2,1,3,,41,47,1,04,4,4773,,68,3179.0982627,
5433582,1,2,1,60,2,68,1,1,,,1,,,1,2,2,2,48,,1,,2,,2,,,2,,2,,2,,2,,2,,,2,,,2,,,2,,,2,,,2,,,2,,2,,2,,2,,2,,2,,,.,,,,,,,,,.,12,,,,,,,,,40,,.,40,,,3,7,,2,,2,,,,1,,,,,,,,,1,2,2,2,,,,,2,,,,,,,,,1,10,,2,,,,2,,,,,,,,,,,,,,1,2,1,2,1,1,3,,45,47,1,04,1,4741,,68,3179.0982627,
5433583,1,1,1,60,2,68,2,,,,,,,,,,,52,,,,,,,,,,,,,,,,,,,,,,,,,,,,,,,,,,,,,,,,,,,,,,,6,,,,,2,360000,1,3600000,3,,12,2,,,,,3,1,2,24,1,,24,,,1,2,,2,,2,,,,1,,,,,,,,,1,2,2,1,0,10,1,,2,,,,,,,,1,3,30,,1,30,1,1,1,1,2,1,2,2,2,2,2,2,2,,1,1,2,2,2,2,2,1,3,,41,47,1,04,4,4773,360000,68,3179.0982627,
5433584,1,1,1,60,2,68,2,,,,,,,,,,,168,,,,,,,,,,,,,,,,,,,,,,,,,,,,,,,,,,,,,,,,,,,,,,,7,,1,1,2021,2,600000,1,7200000,3,,12,1,2,2,0,0,3,3,2,98,,.,98,,,2,7,,2,,2,,,,1,,,,,,,,,1,2,2,1,0,24,1,,2,,,,,,,,10,3,5,,2,,,,2,,,,,,,,,,,,,,1,2,1,2,1,1,8,,21,10,1,04,5,1081,600000,68,3940.7726755,
5433584,1,2,1,60,2,68,2,,,,,,,,,,,3,,,,,,,,,,,,,,,,,,,,,,,,,,,,,,,,,,,,,,,,,,,,,,,7,,2,,,2,908526,1,98,3,,12,1,4,4,0,0,3,3,2,54,,.,54,,,3,9,,2,,2,,,,1,,,,,,,,,1,2,2,1,0,9,4,,2,,,,,,,,3,8,20,,2,,,,2,,,,,,,,,,,,,,1,2,1,2,2,1,5,,95,41,1,04,5,4111,908526,68,3940.7726755,
5433585,1,1,1,60,2,68,2,,,,,,,,,,,360,,,,,,,,,,,,,,,,,,,,,,,,,,,,,,,,,,,,,,,,,,,,,,,6,,,,,2,500000,1,5000000,3,,12,2,,,,,3,1,2,48,,.,48,,,1,4,,2,,2,,,,1,,,,,,,,,1,2,2,1,0,12,1,,2,,,,,,,,1,3,5,,2,,,,2,,,,,,,,,,,,,,1,1,1,2,1,1,3,,98,49,1,04,4,4921,500000,68,3122.4541587,
5433587,1,1,1,60,2,68,2,,,,,,,,,,,36,,,,,,,,,,,,,,,,,,,,,,,,,,,,,,,,,,,,,,,,,,,,,,,7,,1,1,2021,2,800000,1,8000000,3,,12,2,,,,,3,1,2,48,,.,48,,,1,7,,2,,2,,,,1,,,,,,,,,1,2,2,1,60,72,1,,2,,,,,,,,3,3,3,,2,,,,2,,,,,,,,,,,,,,1,1,1,2,1,1,3,,41,47,1,04,4,4711,800000,68,4792.7417925,
5433589,1,1,1,60,2,68,2,,,,,,,,,,,52,,,,,,,,,,,,,,,,,,,,,,,,,,,,,,,,,,,,,,,,,,,,,,,6,,,,,2,60000,1,600000,3,,12,2,,,,,3,1,2,6,1,,6,,,1,1,,2,,2,,,,1,,,,,,,,,1,2,2,1,0,48,4,,2,,,,,,,,3,14,,,1,30,1,1,1,1,2,1,2,1,2,2,2,2,2,,1,1,2,2,2,2,2,1,3,,77,56,1,04,4,5619,60000,68,3901.127049,
5433589,1,2,1,60,2,68,2,,,,,,,,,,,1,,,,,,,,,,,,,,,,,,,,,,,,,,,,,,,,,,,,,,,,,,,,,,,6,,,,,2,50000,1,50000,3,,1,2,,,,,3,3,2,5,2,,5,,,1,1,,2,,2,,,,1,,,,,,,,,1,2,2,2,,,,,2,,,,,,,,,14,,,2,,,,2,,,,,,,,,,,,,,1,1,1,2,2,1,3,,94,32,1,04,4,3290,50000,68,3901.127049,
5433590,1,1,1,60,2,68,2,,,,,,,,,,,240,,,,,,,,,,,,,,,,,,,,,,,,,,,,,,,,,,,,,,,,,,,,,,,7,,2,,,2,1800000,1,98,3,,12,1,3,3,0,0,3,3,2,50,,.,50,,,3,9,,2,,2,,,,1,,,,,,,,,1,2,2,1,1,1,4,,2,,,,,,,,1,3,15,,2,,,,2,,,,,,,,,,,,,,1,2,1,2,2,1,8,,95,41,1,04,5,4111,1800000,68,5415.3778712,
5433592,1,5,1,60,2,15,1,2,2,3,1,,,1,2,2,2,12,,,,,,,,,,,,,,,,,,,,,,,,,,,,,,,,,,,,,,,,,,,,,,,1,,,,,2,1200000,1,98,3,,12,2,,,,,1,1,1,50,,.,50,,,8,7,,1,,1,1,2,1,1,1,,,,,,,,,1,2,1,2,12,1,,2,,,,,,,,1,11,20,,2,,,,2,,,,,,,,,,,,,,1,2,1,2,2,1,2,,99,84,1,04,4,8412,1200000,15,2033.3750108,
5433596,1,1,1,60,2,15,2,,,,,,,,,,,240,,,,,,,,,,,,,,,,,,,,,,,,,,,,,,,,,,,,,,,,,,,,,,,7,,2,,,2,1000000,1,10000000,3,,12,2,,,,,3,3,1,50,,.,50,,,1,7,,2,,2,,,,1,,,1,,,,,,,2,2,2,,,,,2,,,,,,,,,11,20,,2,,,,2,,,,,,,,,,,,,,1,2,1,2,1,1,2,,84,45,1,04,4,4520,1000000,15,2182.1055073,
5433596,1,3,1,60,2,15,1,1,,,1,,,2,2,2,2,12,,1,,2,450000,2,,,2,,2,,2,,2,,2,,,2,,,2,,,2,,,2,,,2,,,2,,2,,2,,2,,2,,2,,,.,,,,,,,,,.,12,,,,,,,,,38,2,,38,,,2,7,,10,,2,,,,1,,,,,,,,,1,2,2,1,3,36,1,,2,,,,,,,,1,3,30,,2,,,,1,1,1,1,2,2,2,2,2,2,2,,1,1,1,2,1,2,1,1,5,,58,52,1,04,1,5221,450000,15,2182.1055073,
5433598,1,1,1,60,2,15,1,2,1,,1,,,1,1,1,1,8,,1,,2,980000,2,,,2,,2,,2,,2,,2,,,2,,,2,,,2,,,2,,,2,,,2,,2,,2,,2,,2,,2,,,.,,,,,,,,,.,8,,,,,,,,,48,,.,48,,,9,4,,1,,1,1,1,10,1,1,,,,,,,,,1,1,1,4,120,1,,2,,,,,,,,13,8,10,,2,,,,2,,,,,,,,,,,,,,1,1,1,2,1,1,1,,98,49,1,04,1,4921,980000,15,3069.7263125,
5433600,1,1,1,60,2,15,2,,,,,,,,,,,480,,,,,,,,,,,,,,,,,,,,,,,,,,,,,,,,,,,,,,,,,,,,,,,6,,,,,2,0,1,500000,1,,12,2,,,,,3,6,2,48,,.,48,,,1,1,,2,,2,,,,1,,,,,,,,,1,2,2,2,,,,,2,,,,,,,,,14,,,2,,,,2,,,,,,,,,,,,,,1,2,2,2,2,1,2,,80,95,1,04,4,9523,0,15,1648.0821246,
5433600,1,4,1,60,2,15,2,,,,,,,,,,,7,,,,,,,,,,,,,,,,,,,,,,,,,,,,,,,,,,,,,,,,,,,,,,,6,,,,,2,800000,1,5000000,3,,7,2,,,,,2,1,1,48,,.,48,,,1,9,,2,,2,,,,1,,,,,,,,,1,2,2,1,5,3,1,,2,,,,,,,,13,13,30,,2,,,,2,,,,,,,,,,,,,,2,2,2,2,2,1,2,,95,41,1,04,4,4111,800000,15,1648.0821246,
5433602,1,1,1,60,2,15,1,2,1,,1,,,1,1,1,1,24,,1,,2,908000,2,,,2,,2,,2,,2,,2,,,1,106000,2,2,,,2,,,2,,,2,,,1,440000,1,440000,2,,2,,2,,2,,,.,,,,,,,,,.,12,,,,,,,,,48,,.,48,,,9,10,,1,,1,2,1,10,1,1,,,,,,,,,1,1,1,6,24,1,,2,,,,,,,,1,3,15,,2,,,,2,,,,,,,,,,,,,,1,1,1,2,1,1,1,,97,08,1,04,1,0811,908000,15,2362.5278107,
5433603,1,1,1,60,2,15,1,2,1,,1,,,1,1,1,1,150,,1,,2,908500,2,,,2,,2,,2,,2,,2,,,2,,,1,98,2,2,,,2,,,2,,,1,414000,1,414000,1,414000,2,,2,,2,,,.,,,,,,,,,.,12,,,,,,,,,50,,.,50,,,4,7,,1,,1,1,1,13,1,1,,,,,,,,,1,1,1,2,54,4,,2,,,,,,,,9,13,15,,2,,,,2,,,,,,,,,,,,,,1,1,1,2,1,1,2,,55,96,1,04,1,9603,908500,15,1633.6884803,
5433604,1,1,1,60,2,15,1,2,2,3,1,,,1,2,2,2,2,,,,,,,,,,,,,,,,,,,,,,,,,,,,,,,,,,,,,,,,,,,,,,,1,,,,,2,1000000,1,2000000,3,,6,2,,,,,1,1,1,48,,.,48,,,8,8,,1,,1,1,2,98,1,1,,,,,,,,,1,2,1,6,16,3,,2,,,,,,,,13,13,5,,2,,,,2,,,,,,,,,,,,,,1,2,2,2,2,2,3,,99,84,1,04,4,8412,1000000,15,1047.3320374,
5433606,1,1,1,60,2,15,1,1,,,1,,,1,1,1,1,14,,1,,2,1000000,2,,,2,,2,,2,,2,,2,,,2,,,2,,,2,,,2,,,2,,,1,5000000,1,500000,1,5000000,2,,2,,2,,,.,,,,,,,,,.,12,,,,,,,,,48,,.,48,,,3,10,,1,,1,1,1,98,1,1,,,,,,,,,1,1,1,2,9,1,,2,,,,,,,,1,11,40,,2,,,,2,,,,,,,,,,,,,,1,1,1,2,1,1,2,,71,05,1,04,1,0510,1000000,15,2316.3635293,
5433608,1,1,1,60,2,15,2,,,,,,,,,,,240,,,,,,,,,,,,,,,,,,,,,,,,,,,,,,,,,,,,,,,,,,,,,,,6,,,,,2,350000,1,4000000,3,,12,2,,,,,2,1,1,40,,.,40,,,1,2,,2,,2,,,,1,,,,,,,,,1,2,2,2,,,,,2,,,,,,,,,3,30,,2,,,,1,1,2,1,2,2,2,1,1,1,2,,2,1,1,2,1,2,2,1,2,,54,81,1,04,4,8121,350000,15,2847.7895348,
5433609,1,1,1,60,2,15,2,,,,,,,,,,,160,,,,,,,,,,,,,,,,,,,,,,,,,,,,,,,,,,,,,,,,,,,,,,,6,,,,,2,500000,1,98,3,,12,2,,,,,3,1,1,50,,.,35,6,,1,2,,2,,2,,,,1,,,1,,,,,,,2,2,2,,,,,2,,,,,,,,,3,40,1,2,,,,2,,,,,,,,,,,,,,1,2,1,2,1,1,2,,95,41,1,04,4,4111,500000,15,1321.1990155,
5433609,1,2,1,60,2,15,2,,,,,,,,,,,245,,,,,,,,,,,,,,,,,,,,,,,,,,,,,,,,,,,,,,,,,,,,,,,6,,,,,2,300000,1,98,3,,12,2,,,,,3,1,2,50,,.,20,6,,1,1,,11,,2,,,,1,,,,,,,,,1,2,2,2,,,,,2,,,,,,,,,14,,2,2,,,,2,,,,,,,,,,,,,,1,2,1,2,2,1,3,,79,95,1,04,4,9529,300000,15,1321.1990155,
5433611,1,1,1,60,2,15,2,,,,,,,,,,,244,,,,,,,,,,,,,,,,,,,,,,,,,,,,,,,,,,,,,,,,,,,,,,,7,,1,1,2021,2,1500000,1,15000000,3,,12,2,,,,,3,1,1,40,,.,40,,,1,7,,1,,1,2,2,10,1,1,,,,,,,,,1,2,1,0,120,4,,2,,,,,,,,3,1,20,,2,,,,2,,,,,,,,,,,,,,1,1,1,2,1,1,2,,08,95,1,04,4,9511,1500000,15,1269.2688151,
5433613,1,1,1,60,2,15,2,,,,,,,,,,,456,,,,,,,,,,,,,,,,,,,,,,,,,,,,,,,,,,,,,,,,,,,,,,,6,,,,,2,100000,1,1500000,3,,12,2,,,,,2,1,2,40,,.,40,,,1,1,,2,,2,,,,1,,,,,,,,,1,2,2,2,,,,,2,,,,,,,,,14,,,2,,,,2,,,,,,,,,,,,,,1,1,1,2,1,1,2,,75,13,1,04,4,1312,100000,15,1047.3320374,
5433618,1,1,1,60,2,15,2,,,,,,,,,,,24,,,,,,,,,,,,,,,,,,,,,,,,,,,,,,,,,,,,,,,,,,,,,,,7,,2,,,2,750000,1,9000000,3,,12,2,,,,,3,3,1,50,,.,50,,,1,8,,2,,2,,,,1,,,1,,,,,,,2,2,1,0,24,1,,2,,,,,,,,1,3,10,,2,,,,2,,,,,,,,,,,,,,1,2,1,2,2,1,2,,61,01,1,04,4,0141,750000,15,1938.8774813,
5433620,1,1,1,60,2,18,1,2,1,,1,,,1,2,2,2,240,,5,,2,300000,2,,,2,,2,,2,,2,,2,,,2,,,2,,,2,,,2,,,2,,,2,,2,,2,,2,,2,,2,,,.,,,,,,,,,.,12,,,,,,,,,40,,.,40,,,9,7,,2,,2,,,,1,,,1,,,,,,,2,2,1,0,84,4,,2,,,,,,,,3,3,5,,2,,,,2,,,,,,,,,,,,,,1,2,1,2,1,1,8,,14,94,1,04,1,9491,300000,18,161.14915595,
5433621,1,1,1,60,2,18,2,,,,,,,,,,,72,,,,,,,,,,,,,,,,,,,,,,,,,,,,,,,,,,,,,,,,,,,,,,,7,,1,1,2021,2,900000,1,13000000,3,,12,1,3,2,0,1,3,1,2,60,,.,60,,,3,1,,2,,2,,,,1,,,1,,,,,,,2,2,1,0,120,4,,2,,,,,,,,3,14,,,2,,,,2,,,,,,,,,,,,,,1,1,1,2,1,1,8,,41,47,1,04,5,4711,900000,18,225.39367341,
5433621,1,2,1,60,2,18,2,,,,,,,,,,,72,,,,,,,,,,,,,,,,,,,,,,,,,,,,,,,,,,,,,,,,,,,,,,,,.,,,,,,,,,.,12,,,,,,,,,40,,.,40,,,3,1,,2,,2,,,,1,,,,,,,,,1,2,2,1,0,2,3,,2,,,,,,,,3,14,,,2,,,,2,,,,,,,,,,,,,,1,2,1,2,1,1,3,,45,47,1,04,6,4711,,18,225.39367341,
5433622,1,1,1,60,2,18,1,1,,,1,,,1,2,2,2,2,,1,,2,300000,2,,,2,,1,100000,2,,2,,2,,,2,,,2,,,2,,,2,,,2,,,2,,2,,2,,2,,2,,2,,,.,,,,,,,,,.,9,,,,,,,,,40,,.,40,,,2,7,,2,,2,,,,1,,,,,,,,,1,2,2,1,3,2,1,,2,,,,,,,,1,3,1,,1,15,2,1,1,1,2,1,2,2,2,2,2,2,2,,2,1,2,2,2,2,2,1,8,,21,93,1,04,1,9329,400000,18,161.14915595,
5433623,1,1,1,60,2,18,1,1,,,1,,,2,2,2,2,1,,2,,2,900000,2,,,1,240000,2,,2,,2,,2,,,2,,,2,,,2,,,2,,,2,,,2,,2,,2,,2,,2,,2,,,.,,,,,,,,,.,9,,,,,,,,,98,,.,98,,,3,7,,2,,2,,,,1,,,,,,,,,1,2,2,1,3,6,3,,2,,,,,,,,9,3,10,,2,,,,1,1,2,1,1,2,2,2,1,1,2,,2,1,2,2,2,2,2,2,3,,53,56,1,04,1,5611,1140000,18,335.2560031,
5433625,1,1,1,60,2,18,2,,,,,,,,,,,3,,,,,,,,,,,,,,,,,,,,,,,,,,,,,,,,,,,,,,,,,,,,,,,6,,,,,2,800000,1,2200000,3,,11,2,,,,,2,1,2,40,,.,40,,,1,6,,2,,2,,,,1,,,,,,,,,1,2,2,1,1,9,1,,2,,,,,,,,3,3,10,,1,10,1,1,1,1,2,1,2,2,2,2,1,1,2,,1,1,2,2,2,2,2,1,8,,97,52,1,04,4,5224,800000,18,559.58604766,
5433627,1,1,1,60,2,18,2,,,,,,,,,,,120,,,,,,,,,,,,,,,,,,,,,,,,,,,,,,,,,,,,,,,,,,,,,,,6,,,,,2,800000,1,12000000,3,,12,2,,,,,2,3,2,48,,.,48,,,1,9,,2,,2,,,,1,,,,,,,,,1,2,2,1,0,72,4,,2,,,,,,,,3,3,60,,2,,,,2,,,,,,,,,,,,,,1,2,1,2,1,1,8,,95,41,1,04,4,4111,800000,18,640.16843663,
5433628,1,1,1,60,2,18,1,1,,,1,,,1,2,2,2,3,,1,,2,400000,2,,,1,150000,2,,2,,2,,2,,,2,,,2,,,2,,,2,,,2,,,2,,2,,2,,2,,2,,2,,,.,,,,,,,,,.,3,,,,,,,,,42,,.,42,,,1,2,,2,,2,,,,1,,,,,,,,,1,2,2,1,12,6,3,,2,,,,,,,,1,3,40,,2,,,,1,1,2,1,2,2,2,2,1,1,2,,2,1,2,2,1,2,2,1,3,,54,97,1,04,3,9700,550000,18,161.14915595,
5433632,1,1,1,60,2,18,2,,,,,,,,,,,12,,,,,,,,,,,,,,,,,,,,,,,,,,,,,,,,,,,,,,,,,,,,,,,6,,,,,2,1200000,1,9600000,3,,12,2,,,,,2,1,2,48,,.,48,,,1,8,,2,,2,,,,1,,,,,,,,,1,2,2,1,0,2,1,,2,,,,,,,,9,10,30,,2,,,,1,1,2,1,2,2,2,1,1,1,2,,2,1,2,2,1,2,2,1,8,,61,01,1,04,4,0161,1200000,18,644.59662378,
5433633,1,1,1,60,2,18,1,2,2,2,1,,,1,1,1,1,1,,2,,2,1200000,2,,,2,,2,,2,,2,,2,,,2,,,2,,,2,,,2,,,2,,,2,,2,,2,,2,,2,,2,,,.,,,,,,,,,.,12,,,,,,,,,48,,.,48,,,4,8,,1,,1,1,1,0,1,1,,,,,,,,,1,2,1,0,4,1,,2,,,,,,,,2,3,30,,2,,,,2,,,,,,,,,,,,,,1,1,1,2,2,1,8,,62,01,1,04,8,0141,1200000,18,644.59662378,
5433635,1,2,1,60,2,18,1,2,1,,1,,,1,1,1,1,204,,2,,2,1500000,2,,,2,,2,,2,,2,,2,,,1,106526,2,2,,,2,,,2,,,2,,,1,750000,1,1500000,1,750000,2,,2,,2,,,.,,,,,,,,,.,12,,,,,,,,,40,,.,40,,,9,7,,1,,1,2,1,16,1,1,,,,,,,,,1,1,1,0,60,2,,2,,,,,,,,1,3,45,,2,,,,2,,,,,,,,,,,,,,1,1,1,2,2,1,3,,32,85,1,04,2,8521,1500000,18,236.16247607,
5433636,1,1,1,60,2,18,1,1,,,1,,,1,2,2,2,12,,2,,2,1000000,2,,,2,,2,,2,,2,,2,,,2,,,2,,,2,,,2,,,2,,,2,,2,,2,,2,,2,,2,,,.,,,,,,,,,.,12,,,,,,,,,56,,.,56,,,3,8,,2,,2,,,,1,,,,,,,,,1,2,2,1,0,3,8,,2,,,,,,,,3,3,30,,2,,,,1,1,2,1,2,2,2,1,1,1,2,,2,1,2,2,1,2,2,1,8,,62,01,1,04,8,0141,1000000,18,644.59662378,
5433637,1,1,1,60,2,18,1,1,,,1,,,1,2,2,2,3,,2,,2,980000,2,,,2,,2,,2,,2,,2,,,2,,,2,,,2,,,2,,,2,,,2,,2,,2,,2,,2,,2,,,.,,,,,,,,,.,12,,,,,,,,,48,,.,48,,,3,8,,2,,2,,,,1,,,,,,,,,1,2,2,1,0,6,8,,2,,,,,,,,1,3,20,,2,,,,2,,,,,,,,,,,,,,1,1,1,2,2,1,8,,62,01,1,04,8,0141,980000,18,161.14915595,
5433639,1,1,1,60,2,18,2,,,,,,,,,,,300,,,,,,,,,,,,,,,,,,,,,,,,,,,,,,,,,,,,,,,,,,,,,,,6,,,,,2,800000,1,9600000,3,,12,2,,,,,2,3,2,48,,.,48,,,1,8,,2,,2,,,,1,,,,,,,,,1,2,2,2,,,,,2,,,,,,,,,3,20,,2,,,,2,,,,,,,,,,,,,,1,1,1,2,1,1,8,,61,01,1,04,4,0141,800000,18,543.23128058,
5433642,1,1,1,60,2,18,1,1,,,1,,,1,2,2,2,12,,1,,2,800000,2,,,1,120000,2,,2,,2,,2,,,2,,,2,,,2,,,2,,,2,,,2,,2,,2,,2,,2,,2,,,.,,,,,,,,,.,12,,,,,,,,,42,,.,42,,,3,8,,2,,2,,,,1,,,,,,,,,1,2,2,1,0,12,1,,2,,,,,,,,7,9,15,,2,,,,1,1,2,1,1,2,2,2,2,1,2,,2,1,1,2,2,2,2,1,3,,60,01,1,04,1,0141,920000,18,161.14915595,
5433642,1,3,1,60,2,18,1,1,,,1,,,1,2,2,2,2,,1,,2,800000,2,,,2,,2,,2,,2,,2,,,2,,,2,,,2,,,2,,,2,,,2,,2,,2,,2,,2,,2,,,.,,,,,,,,,.,12,,,,,,,,,42,,.,42,,,2,8,,2,,2,,,,1,,,,,,,,,1,2,2,1,0,19,1,,2,,,,,,,,8,10,36,,2,,,,1,1,2,1,2,2,2,1,2,2,2,,1,1,1,2,2,2,2,1,3,,60,01,1,04,1,0141,800000,18,161.14915595,
5433643,1,1,1,60,2,18,2,,,,,,,,,,,48,,,,,,,,,,,,,,,,,,,,,,,,,,,,,,,,,,,,,,,,,,,,,,,6,,,,,2,80000,1,960000,1,,12,2,,,,,2,3,2,40,,.,40,,,1,8,,2,,2,,,,1,,,,,,,,,1,2,2,1,0,36,4,,2,,,,,,,,2,14,,,2,,,,1,1,2,1,2,2,2,2,2,2,2,,1,1,1,2,2,2,2,1,8,,41,47,1,04,4,4723,80000,18,206.85001777,
5433644,1,2,1,60,2,18,1,1,,,1,,,1,2,2,2,1,,1,,2,350000,2,,,2,,2,,2,,2,,2,,,2,,,2,,,2,,,2,,,2,,,2,,2,,2,,2,,2,,2,,,.,,,,,,,,,.,12,,,,,,,,,40,,.,40,,,2,8,,2,,2,,,,1,,,,,,,,,1,2,2,1,0,12,4,,2,,,,,,,,3,3,30,,2,,,,1,1,2,1,2,2,2,2,2,1,2,,1,1,1,2,2,2,2,2,5,,61,01,1,04,1,0141,350000,18,644.59662378,
5433645,1,1,1,60,2,18,1,1,,,1,,,2,2,2,2,36,,1,,2,800000,2,,,2,,2,,2,,2,,2,,,2,,,2,,,2,,,2,,,2,,,2,,2,,2,,2,,2,,2,,,.,,,,,,,,,.,12,,,,,,,,,40,,.,40,,,2,8,,2,,2,,,,1,,,,,,,,,1,2,2,1,0,120,1,,2,,,,,,,,7,3,60,,2,,,,1,1,2,1,1,1,2,2,1,1,2,,1,1,1,2,1,2,2,1,5,,60,01,1,04,1,0141,800000,18,644.59662378,
5433646,1,2,1,60,2,18,2,,,,,,,,,,,214,,,,,,,,,,,,,,,,,,,,,,,,,,,,,,,,,,,,,,,,,,,,,,,6,,,,,2,150000,1,1600000,3,,12,2,,,,,3,3,2,40,,.,40,,,2,8,,2,,2,,,,1,,,,,,,,,1,2,2,1,0,24,1,,2,,,,,,,,7,14,,,2,,,,1,1,2,1,1,2,2,2,1,1,2,,2,1,1,2,2,2,2,1,5,,41,46,1,04,4,4631,150000,18,286.19952921,
5433648,1,1,1,60,2,18,1,1,,,1,,,1,2,2,2,1,,1,,2,600000,2,,,2,,2,,2,,2,,2,,,2,,,2,,,2,,,2,,,2,,,2,,2,,2,,2,,2,,2,,,.,,,,,,,,,.,12,,,,,,,,,40,,.,40,,,2,8,,2,,2,,,,1,,,,,,,,,1,2,2,1,0,12,4,,2,,,,,,,,3,3,25,,2,,,,1,1,2,1,2,2,2,1,1,1,2,,1,1,1,1,2,2,1,1,8,,61,01,1,04,1,0141,600000,18,558.98038691,
5433649,1,1,1,60,2,18,1,1,,,1,,,2,2,2,2,12,,1,,2,900000,2,,,2,,2,,2,,2,,2,,,2,,,2,,,2,,,2,,,2,,,2,,2,,2,,2,,2,,2,,,.,,,,,,,,,.,12,,,,,,,,,40,,.,40,,,3,8,,2,,2,,,,1,,,,,,,,,1,2,2,1,0,120,4,,2,,,,,,,,3,3,20,,2,,,,2,,,,,,,,,,,,,,1,1,1,2,2,1,5,,60,01,1,04,1,0141,900000,18,571.65301263,
5433650,1,1,1,60,2,18,2,,,,,,,,,,,50,,,,,,,,,,,,,,,,,,,,,,,,,,,,,,,,,,,,,,,,,,,,,,,6,,,,,2,100000,1,1200000,1,,12,2,,,,,2,10,2,30,2,,30,,,1,8,,2,,2,,,,1,,,,,,,,,1,2,2,1,0,12,1,,2,,,,,,,,3,14,,,2,,,,2,,,,,,,,,,,,,,1,1,2,2,2,1,3,,41,10,1,04,4,1081,100000,18,644.59662378,
5433651,1,1,1,60,2,18,1,1,,,1,,,2,2,2,2,5,,1,,2,500000,2,,,2,,2,,2,,2,,2,,,2,,,2,,,2,,,2,,,2,,,2,,2,,2,,2,,2,,2,,,.,,,,,,,,,.,8,,,,,,,,,42,,.,42,,,2,8,,2,,2,,,,1,,,,,,,,,1,2,2,1,2,2,1,,2,,,,,,,,3,10,60,,2,,,,1,1,2,1,1,2,2,2,1,1,2,,2,1,1,2,1,2,1,1,3,,60,01,1,04,1,0141,500000,18,510.52957377,
5433652,1,1,1,60,2,18,1,2,2,6,1,,,1,1,1,1,6,,1,,2,1500000,2,,,2,,2,,2,,2,,2,,,2,,,2,,,2,,,2,,,2,,,2,,1,700000,2,,2,,2,,2,,,.,,,,,,,,,.,12,,,,,,,,,43,,.,43,,,3,8,,1,,1,1,1,1,1,1,,,,,,,,,1,2,1,0,14,1,,2,,,,,,,,11,10,20,,2,,,,2,,,,,,,,,,,,,,1,1,1,2,1,1,3,,60,01,1,04,1,0141,1500000,18,572.54373887,
5433652,1,3,1,60,2,18,2,,,,,,,,,,,24,,,,,,,,,,,,,,,,,,,,,,,,,,,,,,,,,,,,,,,,,,,,,,,6,,,,,2,500000,1,6000000,1,,12,2,,,,,2,5,2,30,1,,30,,,2,8,,2,,2,,,,1,,,,,,,,,1,2,2,2,,,,,2,,,,,,,,,10,35,,2,,,,2,,,,,,,,,,,,,,1,1,2,2,2,2,5,,61,01,1,04,4,0161,500000,18,572.54373887,
5433653,1,1,1,60,2,18,1,1,,,1,,,1,2,2,2,3,,1,,2,300000,2,,,1,130000,2,,2,,2,,2,,,2,,,2,,,2,,,2,,,2,,,2,,2,,2,,2,,2,,2,,,.,,,,,,,,,.,8,,,,,,,,,40,,.,40,,,2,8,,2,,2,,,,1,,,,,,,,,1,2,2,1,4,120,4,,2,,,,,,,,9,10,60,,2,,,,1,1,2,1,2,1,2,1,2,1,2,,2,1,1,2,2,2,2,2,5,,60,01,1,04,1,0141,430000,18,207.0797564,
5433653,1,4,1,60,2,18,1,1,,,1,,,1,2,2,2,12,,1,,2,500000,2,,,2,,2,,2,,2,,2,,,2,,,2,,,2,,,2,,,2,,,2,,2,,2,,2,,2,,2,,,.,,,,,,,,,.,12,,,,,,,,,40,,.,40,,,2,8,,2,,2,,,,1,,,,,,,,,1,2,2,1,0,14,1,,2,,,,,,,,2,9,15,,2,,,,2,,,,,,,,,,,,,,1,1,1,2,1,1,3,,60,01,1,04,1,0141,500000,18,207.0797564,
5433654,1,1,1,60,2,18,1,1,,,1,,,1,2,2,2,12,,2,,2,1000000,2,,,2,,1,80000,2,,2,,2,,,2,,,2,,,2,,,2,,,2,,,2,,2,,2,,2,,2,,2,,,.,,,,,,,,,.,12,,,,,,,,,48,,.,48,,,2,8,,2,,2,,,,1,,,,1,,,,,,2,2,1,0,36,1,,2,,,,,,,,8,3,2,,2,,,,2,,,,,,,,,,,,,,1,2,1,2,2,1,8,,60,01,1,04,1,0141,1080000,18,571.65301263,
5433655,1,1,1,60,2,18,1,1,,,1,,,1,2,2,2,22,,1,,2,1000000,2,,,2,,2,,2,,2,,2,,,2,,,2,,,2,,,2,,,2,,,2,,2,,2,,2,,2,,2,,,.,,,,,,,,,.,12,,,,,,,,,42,,.,42,,,2,8,,2,,2,,,,1,,,,,,,,,1,2,2,1,0,24,1,,2,,,,,,,,3,3,3,,2,,,,1,1,2,1,1,2,2,2,1,1,2,,2,1,1,1,1,2,2,1,8,,60,01,1,04,1,0144,1000000,18,556.7994477,
5433656,1,1,1,60,2,18,2,,,,,,,,,,,204,,,,,,,,,,,,,,,,,,,,,,,,,,,,,,,,,,,,,,,,,,,,,,,7,,2,,,2,300000,1,3600000,3,,12,1,3,1,0,2,1,8,2,42,,.,42,,,3,8,,2,,2,,,,1,,,,,,,,,1,2,2,1,0,120,4,,2,,,,,,,,10,3,8,,2,,,,2,,,,,,,,,,,,,,2,2,2,2,2,1,8,,61,01,1,04,5,0141,300000,18,315.51198751,
5433656,1,2,1,60,2,18,2,,,,,,,,,,,144,,,,,,,,,,,,,,,,,,,,,,,,,,,,,,,,,,,,,,,,,,,,,,,,.,,,,,,,,,.,12,,,,,,,,,30,2,,30,,,3,8,,2,,2,,,,1,,,,,,,,,1,2,2,2,,,,,2,,,,,,,,,3,1,,2,,,,1,1,2,1,2,2,2,2,1,1,2,,1,1,1,1,1,2,2,2,8,,62,01,1,04,6,0141,,18,315.51198751,
5433656,1,3,1,60,2,18,2,,,,,,,,,,,12,,,,,,,,,,,,,,,,,,,,,,,,,,,,,,,,,,,,,,,,,,,,,,,,.,,,,,,,,,.,12,,,,,,,,,21,2,,21,,,3,8,,2,,,,,,1,,,,,,,,,1,2,2,2,,,,,2,,,,,,,,,3,2,,2,,,,1,1,2,1,2,2,2,2,1,1,2,,2,2,1,1,1,2,1,1,3,,62,01,1,04,6,0141,,18,315.51198751,
5433656,1,4,1,60,2,18,1,1,,,1,,,2,2,2,2,2,,1,,2,200000,2,,,1,150000,1,200000,2,,2,,2,,,2,,,2,,,2,,,2,,,2,,,2,,2,,2,,2,,2,,2,,,.,,,,,,,,,.,12,,,,,,,,,40,,.,40,,,3,8,,2,,,,,,1,,,,,,,,,1,2,2,1,0,15,1,,2,,,,,,,,3,3,5,,2,,,,1,1,2,1,1,2,1,2,1,1,2,,1,1,1,2,1,2,1,1,5,,62,01,1,04,1,0141,550000,18,315.51198751,
5433658,1,1,1,60,2,18,1,1,,,1,,,1,2,2,2,12,,1,,2,600000,2,,,1,120000,2,,2,,2,,2,,,2,,,2,,,2,,,2,,,2,,,2,,2,,2,,2,,2,,2,,,.,,,,,,,,,.,12,,,,,,,,,40,,.,40,,,3,8,,2,,2,,,,1,,,,,,,,,1,2,2,1,0,12,4,,2,,,,,,,,7,10,60,,2,,,,1,1,2,1,1,2,2,2,2,1,2,,2,1,1,2,2,2,2,1,8,,62,01,1,04,1,0141,720000,18,639.56277588,
5433659,1,1,1,60,2,18,1,1,,,1,,,2,2,2,2,12,,1,,2,500000,2,,,1,400000,1,50000,2,,2,,2,,,2,,,2,,,2,,,2,,,2,,,2,,2,,2,,2,,2,,2,,,.,,,,,,,,,.,12,,,,,,,,,48,,.,48,,,2,8,,2,,2,,,,1,,,,,,,,,1,2,2,1,0,5,8,,2,,,,,,,,3,3,3,,2,,,,1,1,2,1,2,2,2,1,1,1,2,,2,1,2,2,1,2,2,1,8,,60,01,1,04,1,0141,950000,18,384.02741151,
5433660,1,1,1,60,2,18,1,1,,,1,,,1,2,2,2,12,,1,,2,450000,2,,,2,,2,,2,,2,,2,,,2,,,2,,,2,,,2,,,2,,,2,,2,,2,,2,,2,,2,,,.,,,,,,,,,.,12,,,,,,,,,40,,.,40,,,2,8,,5,,2,,,,1,,,,,,,,,1,2,2,1,0,12,4,,2,,,,,,,,8,9,28,,2,,,,1,1,2,1,1,2,2,2,1,1,2,,1,1,2,2,2,2,2,1,3,,62,01,1,04,1,0141,450000,18,161.14915595,
5433662,1,1,1,60,2,18,1,1,,,1,,,1,2,2,2,72,,1,,2,300000,2,,,2,,2,,2,,2,,2,,,2,,,2,,,2,,,2,,,2,,,2,,2,,2,,2,,2,,2,,,.,,,,,,,,,.,12,,,,,,,,,40,,.,40,,,2,8,,2,,2,,,,1,,,,,,,,,1,2,2,1,0,14,4,,2,,,,,,,,2,3,8,,2,,,,1,1,2,1,2,2,2,2,1,2,2,,1,1,1,2,2,2,1,1,9,,60,01,1,04,1,0122,300000,18,571.65301263,
5433662,1,2,1,60,2,18,1,1,,,1,,,2,2,2,2,1,,1,,2,500000,2,,,2,,2,,2,,2,,2,,,2,,,2,,,2,,,2,,,2,,,2,,2,,2,,2,,2,,2,,,.,,,,,,,,,.,1,,,,,,,,,40,,.,40,,,2,8,,2,,2,,,,1,,,,,,,,,1,2,1,2,,,,,2,,,,,,,,,3,8,,2,,,,2,,,,,,,,,,,,,,2,1,1,2,1,1,3,,54,97,1,04,3,9700,500000,18,571.65301263,
5433663,1,1,1,60,2,18,2,,,,,,,,,,,360,,,,,,,,,,,,,,,,,,,,,,,,,,,,,,,,,,,,,,,,,,,,,,,6,,,,,2,180000,1,1000000,3,,12,2,,,,,1,6,2,40,,.,40,,,1,8,,2,,2,,,,1,,,,,,,,,1,2,2,1,0,24,4,,2,,,,,,,,10,3,3,,2,,,,2,,,,,,,,,,,,,,1,2,2,2,1,1,3,,61,01,1,04,4,0141,180000,18,307.08857791,
5433664,1,1,1,60,2,18,1,1,,,1,,,1,2,2,2,6,,1,,2,700000,2,,,1,120000,2,,2,,2,,2,,,2,,,2,,,2,,,2,,,2,,,2,,2,,2,,2,,2,,2,,,.,,,,,,,,,.,12,,,,,,,,,42,,.,42,,,2,8,,2,,2,,,,1,,,,,,,,,1,2,2,1,0,24,4,,2,,,,,,,,3,10,60,,2,,,,2,,,,,,,,,,,,,,1,2,1,2,2,1,5,,60,01,1,04,1,0141,820000,18,185.96096908,
5433664,1,3,1,60,2,18,1,2,2,12,1,,,1,2,2,2,5,,1,,2,1200000,2,,,2,,2,,2,,2,,2,,,2,,,2,,,2,,,2,,,2,,,2,,2,,2,,2,,2,,2,,,.,,,,,,,,,.,5,,,,,,,,,40,,.,40,,,6,7,,1,,1,2,1,1,1,1,,,,,,,,,1,2,2,,,,,2,,,,,,,,,9,36,,2,,,,2,,,,,,,,,,,,,,1,1,1,2,2,2,3,,13,94,1,04,1,9499,1200000,18,185.96096908,
5433665,1,1,1,60,2,18,2,,,,,,,,,,,120,,,,,,,,,,,,,,,,,,,,,,,,,,,,,,,,,,,,,,,,,,,,,,,6,,,,,2,300000,1,3600000,1,,12,2,,,,,2,5,2,40,,.,40,,,2,8,,2,,2,,,,1,,,,,,,,,1,2,2,1,0,12,1,,2,,,,,,,,7,3,18,,2,,,,1,1,2,1,2,2,2,1,1,1,2,,1,1,1,1,2,2,1,1,5,,61,01,1,04,4,0161,300000,18,364.5684614,
5433666,1,1,1,60,2,18,1,1,,,1,,,2,2,2,2,4,,2,,2,600000,2,,,1,150000,2,,2,,2,,2,,,2,,,2,,,2,,,2,,,2,,,2,,2,,2,,2,,2,,2,,,.,,,,,,,,,.,12,,,,,,,,,48,,.,48,,,2,8,,2,,2,,,,1,,,,1,,,,,,2,2,1,1,120,4,,2,,,,,,,,3,3,20,,2,,,,1,1,2,1,2,2,2,1,1,1,2,,2,1,2,2,1,2,2,1,8,,62,01,1,04,8,0141,750000,18,591.11196274,
5433667,1,1,1,60,2,18,2,,,,,,,,,,,200,,,,,,,,,,,,,,,,,,,,,,,,,,,,,,,,,,,,,,,,,,,,,,,6,,,,,2,250000,1,3000000,1,,12,2,,,,,2,10,2,40,,.,40,,,2,8,,2,,2,,,,1,,,,,,,,,1,2,2,2,,,,,2,,,,,,,,,3,25,,2,,,,1,1,2,1,1,2,2,2,1,1,2,,2,1,1,1,1,2,2,2,5,,61,01,1,04,4,0161,250000,18,206.85001777,
5433668,1,1,1,60,2,18,2,,,,,,,,,,,12,,,,,,,,,,,,,,,,,,,,,,,,,,,,,,,,,,,,,,,,,,,,,,,6,,,,,2,300000,1,3600000,3,,12,2,,,,,2,1,2,40,,.,40,,,1,8,,2,,2,,,,1,,,,,,,,,1,2,2,2,,,,,2,,,,,,,,,3,25,,1,15,1,1,1,1,1,1,2,2,2,2,1,1,2,,1,1,2,2,2,2,2,1,3,,61,01,1,04,4,0161,300000,18,510.52957377,
5433669,1,1,1,60,2,18,1,1,,,1,,,2,2,2,2,1,,1,,2,250000,2,,,2,,2,,2,,2,,2,,,2,,,2,,,2,,,2,,,2,,,2,,2,,2,,2,,2,,2,,,.,,,,,,,,,.,7,,,,,,,,,21,1,,21,,,2,7,,2,,2,,,,1,,,,,,,,,1,2,2,1,12,5,1,,2,,,,,,,,11,3,5,,1,40,1,1,1,1,2,1,2,1,2,2,2,1,2,,1,1,1,2,2,2,1,1,8,,45,47,1,04,1,4724,250000,18,644.59662378,
5433670,1,1,1,60,2,18,1,1,,,1,,,1,2,2,2,13,,2,,2,1000000,2,,,2,,1,40000,2,,2,,2,,,2,,,2,,,2,,,2,,,2,,,2,,2,,2,,2,,2,,2,,,.,,,,,,,,,.,12,,,,,,,,,48,,.,48,,,2,8,,2,,2,,,,1,,,,1,,,,,,2,2,1,0,3,4,,2,,,,,,,,8,3,5,,2,,,,2,,,,,,,,,,,,,,1,1,1,2,2,1,8,,60,01,1,04,1,0141,1040000,18,334.97093762,
5433673,1,1,1,60,2,18,2,,,,,,,,,,,276,,,,,,,,,,,,,,,,,,,,,,,,,,,,,,,,,,,,,,,,,,,,,,,6,,,,,2,280000,1,4200000,3,,12,2,,,,,2,10,2,48,,.,20,6,,1,8,,2,,2,,,,1,,,,,,,,,1,2,2,1,0,72,6,,2,,,,,,,,8,11,15,2,1,25,1,1,1,1,2,1,2,2,2,1,1,1,2,,2,1,2,2,1,2,2,1,8,,61,01,1,04,4,0161,280000,18,461.79068294,
5433675,1,1,1,60,2,18,2,,,,,,,,,,,48,,,,,,,,,,,,,,,,,,,,,,,,,,,,,,,,,,,,,,,,,,,,,,,6,,,,,2,300000,1,3600000,3,,12,2,,,,,2,3,2,48,,.,48,,,1,8,,10,,2,,,,1,,,,,,,,,1,2,2,2,,,,,2,,,,,,,,,3,30,,2,,,,1,1,2,1,2,2,2,2,1,1,2,,2,1,2,2,1,2,2,1,3,,61,01,1,04,4,0161,300000,18,510.52957377,
5433679,1,1,1,60,2,18,1,1,,,1,,,1,2,2,2,156,,1,,2,400000,2,,,2,,1,200000,2,,2,,2,,,2,,,2,,,2,,,2,,,2,,,2,,2,,2,,2,,2,,2,,,.,,,,,,,,,.,12,,,,,,,,,48,,.,48,,,2,1,,2,,2,,,,1,,,,,,,,,1,2,2,2,,,,,2,,,,,,,,,14,,,2,,,,2,,,,,,,,,,,,,,2,2,1,2,1,1,3,,40,47,1,04,1,4711,600000,18,315.51198751,
5433680,1,1,1,60,2,18,2,,,,,,,,,,,0,,,,,,,,,,,,,,,,,,,,,,,,,,,,,,,,,,,,,,,,,,,,,,,6,,,,,2,90000,1,200000,3,,1,2,,,,,2,1,2,40,,.,8,6,,1,8,,2,,2,,,,1,,,,,,,,,1,2,2,2,,,,,2,,,,,,,,,3,30,2,1,40,2,1,1,1,1,1,2,2,2,2,1,1,2,,2,1,2,2,2,2,2,1,3,,61,01,1,04,4,0161,90000,18,510.52957377,
5433682,1,1,1,60,2,18,2,,,,,,,,,,,18,,,,,,,,,,,,,,,,,,,,,,,,,,,,,,,,,,,,,,,,,,,,,,,6,,,,,2,600000,1,8200000,3,,12,2,,,,,2,4,2,40,,.,40,,,1,8,,2,,2,,,,1,,,,,,,,,1,2,2,2,,,,,2,,,,,,,,,3,25,,2,,,,2,,,,,,,,,,,,,,1,1,1,2,2,1,8,,61,01,1,04,4,0161,600000,18,510.52957377,
5433683,1,1,1,60,2,18,2,,,,,,,,,,,3,,,,,,,,,,,,,,,,,,,,,,,,,,,,,,,,,,,,,,,,,,,,,,,6,,,,,2,900000,1,2900000,3,,12,2,,,,,2,1,1,48,,.,48,,,1,8,,2,,2,,,,1,,,,1,,,,,,2,2,1,0,240,4,,2,,,,,,,,3,3,60,,2,,,,1,1,2,1,2,2,2,2,1,1,2,,2,1,2,2,1,2,2,2,8,,61,01,1,04,4,0161,900000,18,315.51198751,
5433683,1,2,1,60,2,18,2,,,,,,,,,,,3,,,,,,,,,,,,,,,,,,,,,,,,,,,,,,,,,,,,,,,,,,,,,,,6,,,,,2,800000,1,2400000,3,,6,2,,,,,2,4,1,40,,.,40,,,1,8,,2,,2,,,,1,,,1,,,,,,,2,2,1,0,3,3,,2,,,,,,,,1,3,60,,2,,,,1,1,1,1,2,2,2,2,1,1,2,,1,1,2,2,1,2,2,2,3,,53,56,1,04,4,5619,800000,18,315.51198751,
5433683,1,3,1,60,2,18,2,,,,,,,,,,,2,,,,,,,,,,,,,,,,,,,,,,,,,,,,,,,,,,,,,,,,,,,,,,,6,,,,,2,700000,1,1500000,3,,2,2,,,,,2,1,1,40,,.,40,,,1,8,,2,,2,,,,1,,,,,,,,,1,2,2,2,,,,,2,,,,,,,,,3,120,,2,,,,1,1,1,1,2,2,2,2,1,1,2,,2,1,2,2,1,2,2,2,3,,61,01,1,04,4,0161,700000,18,315.51198751,
5433685,1,1,1,60,2,18,1,1,,,1,,,1,2,2,2,0,,2,,2,600000,2,,,2,,2,,2,,2,,2,,,2,,,2,,,2,,,2,,,2,,,2,,2,,2,,2,,2,,2,,,.,,,,,,,,,.,6,,,,,,,,,48,,.,48,,,4,8,,7,,2,,,,1,,,,,,,,,1,2,2,1,6,48,4,,2,,,,,,,,1,3,5,,2,,,,1,1,2,1,2,2,2,1,1,1,2,,2,1,2,2,1,2,2,1,8,,98,10,1,04,1,1040,600000,18,644.59662378,
5433687,1,1,1,60,2,18,2,,,,,,,,,,,24,,,,,,,,,,,,,,,,,,,,,,,,,,,,,,,,,,,,,,,,,,,,,,,6,,,,,2,200000,1,1600000,3,,12,2,,,,,3,1,2,20,2,,20,,,1,1,,2,,2,,,,1,,,,,,,,,1,2,2,1,6,4,4,,2,,,,,,,,3,14,,,2,,,,1,1,2,1,2,2,2,1,2,1,2,,2,1,2,2,1,2,2,1,3,,77,56,1,04,4,5619,200000,18,185.90564222,
5433687,1,2,1,60,2,18,1,1,,,1,,,1,2,2,2,12,,2,,2,800000,2,,,2,,2,,2,,2,,2,,,2,,,2,,,2,,,2,,,2,,,2,,2,,2,,2,,2,,2,,,.,,,,,,,,,.,12,,,,,,,,,48,,.,48,,,2,8,,2,,2,,,,1,,,,,,,,,1,2,2,1,0,72,4,,2,,,,,,,,8,3,45,,2,,,,2,,,,,,,,,,,,,,1,2,1,2,2,1,8,,60,01,1,04,1,0141,800000,18,185.90564222,
5433688,1,1,1,60,2,18,1,2,1,,1,,,1,1,1,1,48,,2,,2,1600000,2,,,2,,2,,2,,2,,2,,,2,,,2,,,2,,,2,,,2,,,1,800000,1,1600000,1,1600000,2,,2,,2,,,.,,,,,,,,,.,12,,,,,,,,,36,3,ASI LO ESTIPULA EL CONTRATO CON EL MAGISTERIO,36,,,8,1,,1,,1,3,1,8,1,1,,,,,,,,,1,1,2,,,,,2,,,,,,,,,14,,,2,,,,2,,,,,,,,,,,,,,1,1,1,2,2,1,5,,13,85,1,04,2,8513,1600000,18,192.97703209,
5433689,1,1,1,60,2,18,1,1,,,1,,,1,2,2,2,1,,1,,2,300000,2,,,2,,2,,2,,2,,2,,,2,,,2,,,2,,,2,,,2,,,2,,2,,2,,2,,2,,2,,,.,,,,,,,,,.,10,,,,,,,,,40,,.,40,,,2,8,,2,,2,,,,1,,,,,,,,,1,2,2,1,2,9,4,,2,,,,,,,,3,3,20,,2,,,,1,1,2,1,1,2,2,1,2,2,2,,2,1,1,2,2,2,1,1,5,,60,01,1,04,1,0141,300000,18,205.41991919,
5433690,1,1,1,60,2,18,1,1,,,1,,,1,2,2,2,36,,1,,2,900000,2,,,2,,2,,2,,2,,2,,,2,,,2,,,2,,,2,,,2,,,2,,2,,2,,2,,2,,2,,,.,,,,,,,,,.,12,,,,,,,,,42,,.,42,,,2,8,,2,,2,,,,1,,,,,,,,,1,2,2,1,0,12,1,,2,,,,,,,,3,10,60,,2,,,,2,,,,,,,,,,,,,,1,1,1,2,1,2,8,,60,01,1,04,1,0141,900000,18,176.33719952,
5433691,1,1,1,60,2,18,2,,,,,,,,,,,120,,,,,,,,,,,,,,,,,,,,,,,,,,,,,,,,,,,,,,,,,,,,,,,6,,,,,2,600000,1,5400000,1,,12,2,,,,,2,10,2,43,,.,43,,,2,8,,2,,2,,,,1,,,,,,,,,1,2,2,1,0,12,4,,2,,,,,,,,7,9,40,,2,,,,1,1,2,1,1,2,2,2,1,1,2,,2,1,1,2,2,2,2,1,5,,61,01,1,04,4,0161,600000,18,591.11196274,
5433692,1,1,1,60,2,18,1,1,,,1,,,2,2,2,2,120,,1,,2,600000,2,,,2,,2,,2,,2,,2,,,2,,,2,,,2,,,2,,,2,,,2,,2,,2,,2,,2,,2,,,.,,,,,,,,,.,12,,,,,,,,,42,,.,42,,,3,8,,2,,2,,,,1,,,,,,,,,1,2,2,1,0,120,1,,2,,,,,,,,3,10,15,,2,,,,2,,,,,,,,,,,,,,1,1,2,2,1,1,5,,60,01,1,04,1,0141,600000,18,365.76882135,
5433693,1,1,1,60,2,18,1,1,,,1,,,2,2,2,2,1,,1,,2,500000,2,,,1,50000,2,,2,,2,,2,,,2,,,2,,,2,,,2,,,2,,,2,,2,,2,,2,,2,,2,,,.,,,,,,,,,.,12,,,,,,,,,40,,.,40,,,3,8,,7,,2,,,,1,,,,,,,,,1,2,2,1,0,12,4,,2,,,,,,,,8,3,60,,2,,,,1,1,2,1,1,2,2,1,1,1,2,,2,1,1,2,2,2,2,2,5,,60,01,1,04,1,0141,550000,18,555.01318007,
5433693,1,3,1,60,2,18,2,,,,,,,,,,,144,,,,,,,,,,,,,,,,,,,,,,,,,,,,,,,,,,,,,,,,,,,,,,,6,,,,,2,600000,1,6000000,1,,12,2,,,,,2,3,2,40,,.,40,,,2,8,,2,,2,,,,1,,,,,,,,,1,2,2,2,,,,,2,,,,,,,,,3,40,,2,,,,1,1,1,1,1,2,2,2,2,1,2,,1,1,1,2,2,2,2,1,5,,61,01,1,04,4,0141,600000,18,555.01318007,
5433694,1,1,1,60,2,18,2,,,,,,,,,,,200,,,,,,,,,,,,,,,,,,,,,,,,,,,,,,,,,,,,,,,,,,,,,,,6,,,,,2,700000,1,8400000,1,,12,2,,,,,2,10,2,40,,.,40,,,2,8,,2,,2,,,,1,,,,,,,,,1,2,2,1,0,12,1,,2,,,,,,,,7,3,15,,2,,,,2,,,,,,,,,,,,,,2,2,1,2,2,2,8,,61,01,1,04,4,0161,700000,18,364.5684614,
5433695,1,1,1,60,2,18,2,,,,,,,,,,,5,,,,,,,,,,,,,,,,,,,,,,,,,,,,,,,,,,,,,,,,,,,,,,,6,,,,,2,500000,1,5000000,1,,11,2,,,,,2,10,2,40,,.,40,,,2,8,,2,,2,,,,1,,,,,,,,,1,2,2,1,2,120,4,,2,,,,,,,,2,3,10,,2,,,,1,1,2,1,2,2,1,1,1,1,2,,1,1,2,2,2,2,2,1,8,,61,01,1,04,4,0161,500000,18,161.14915595,
5433695,1,2,1,60,2,18,1,1,,,1,,,1,2,2,2,1,,1,,2,300000,2,,,1,130000,2,,2,,2,,2,,,2,,,2,,,2,,,2,,,2,,,2,,2,,2,,2,,2,,2,,,.,,,,,,,,,.,5,,,,,,,,,30,2,,30,,,2,2,,2,,2,,,,1,,,,,,,,,1,2,2,1,7,4,3,,2,,,,,,,,2,9,15,,2,,,,1,1,2,1,2,2,2,2,2,2,2,,2,1,2,2,1,2,2,1,5,,54,97,1,04,3,9700,430000,18,161.14915595,
5433696,1,1,1,60,2,18,1,1,,,1,,,1,2,2,2,1,,1,,2,300000,2,,,1,50000,2,,2,,2,,2,,,2,,,2,,,2,,,2,,,2,,,2,,2,,2,,2,,2,,2,,,.,,,,,,,,,.,12,,,,,,,,,40,,.,40,,,2,8,,2,,2,,,,1,,,,,,,,,1,2,2,1,0,48,5,,2,,,,,,,,2,9,15,,2,,,,1,1,2,1,2,2,2,1,1,1,2,,2,1,2,2,1,2,1,1,8,,60,01,1,04,1,0122,350000,18,206.85001777,
5433697,1,1,1,60,2,18,2,,,,,,,,,,,5,,,,,,,,,,,,,,,,,,,,,,,,,,,,,,,,,,,,,,,,,,,,,,,6,,,,,2,500000,1,3600000,1,,5,2,,,,,2,10,2,40,,.,40,,,2,8,,3,,2,,,,1,,,,,,,,,1,2,2,2,,,,,2,,,,,,,,,9,20,,2,,,,1,1,2,1,1,1,2,2,1,1,2,,2,1,1,1,1,2,2,1,3,,97,52,1,04,4,5224,500000,18,481.21711547,
5433698,1,1,1,60,2,18,1,1,,,1,,,1,2,2,2,1,,1,,2,500000,2,,,2,,2,,2,,2,,2,,,2,,,2,,,2,,,2,,,2,,,2,,2,,2,,2,,2,,2,,,.,,,,,,,,,.,12,,,,,,,,,42,,.,42,,,2,8,,2,,2,,,,1,,,,,,,,,1,2,2,1,0,12,1,,2,,,,,,,,3,9,5,,2,,,,1,1,2,1,2,1,2,2,1,2,2,,1,1,1,2,1,2,2,1,8,,60,01,1,04,1,0141,500000,18,225.39367341,
5434466,1,1,1,60,2,23,1,2,1,,1,,,1,1,2,1,65,,1,,2,908526,2,,,2,,1,300000,2,,2,,2,,,2,,,2,,,2,,,2,,,2,,,1,856000,2,,2,,2,,2,,2,,,.,,,,,,,,,.,12,,,,,,,,,60,,.,60,,,5,8,,1,,1,1,1,5,1,1,,,,,,,,,1,2,1,0,6,4,,2,,,,,,,,8,3,1,,2,,,,2,,,,,,,,,,,,,,1,1,1,2,1,1,1,,62,01,1,04,8,0141,1208526,23,1867.5331433,
5434466,2,1,2,60,2,23,1,2,1,,1,,,1,1,2,1,60,,1,,2,908526,2,,,2,,1,250000,2,,2,,2,,,2,,,2,,,2,,,2,,,2,,,1,856000,2,,2,,2,,2,,2,,,.,,,,,,,,,.,12,,,,,,,,,60,,.,60,,,5,8,,1,,1,1,1,5,1,1,,,,,,,,,1,2,1,0,36,4,,2,,,,,,,,8,3,1,,2,,,,2,,,,,,,,,,,,,,1,1,1,2,1,1,4,,62,01,1,04,8,0141,1158526,23,1867.5331433,
5434467,1,1,1,60,2,23,2,,,,,,,,,,,168,,,,,,,,,,,,,,,,,,,,,,,,,,,,,,,,,,,,,,,,,,,,,,,7,,1,1,2021,2,2000000,1,24000000,3,,12,1,1,1,0,0,3,6,2,80,,.,80,,,2,7,,1,,2,,,,1,,,,,,,,,1,2,2,1,0,120,1,,2,,,,,,,,10,14,,,2,,,,2,,,,,,,,,,,,,,1,1,1,2,1,1,2,,41,47,1,04,5,4711,2000000,23,967.69266598,
5434468,1,3,1,60,2,23,1,2,1,,1,,,1,1,2,1,48,,1,,2,908526,2,,,2,,2,,2,,2,,2,,,1,106454,2,2,,,2,,,2,,,2,,,1,860000,2,,2,,2,,2,,2,,,.,,,,,,,,,.,12,,,,,,,,,60,,.,60,,,4,8,,1,,1,1,1,4,1,1,,,,,,,,,1,2,1,0,36,4,,2,,,,,,,,8,11,15,,2,,,,2,,,,,,,,,,,,,,1,1,1,2,1,1,4,,62,01,1,04,8,0141,908526,23,1242.3532553,
5434468,1,5,1,60,2,23,2,,,,,,,,,,,9,,,,,,,,,,,,,,,,,,,,,,,,,,,,,,,,,,,,,,,,,,,,,,,6,,,,,3,465000,1,4100000,3,,9,2,,,,,3,1,2,44,,.,44,,,1,8,,2,,2,,,,1,,,,,,,,,1,2,2,1,3,28,1,,2,,,,,,,,7,11,20,,2,,,,1,1,2,1,2,2,2,2,1,2,2,,1,1,2,2,1,2,2,1,9,,63,02,1,04,4,0210,465000,23,1242.3532553,
5434468,1,8,1,60,2,23,1,1,,,1,,,1,2,2,2,4,,1,,2,460000,2,,,2,,2,,2,,2,,2,,,2,,,2,,,2,,,2,,,2,,,2,,2,,2,,2,,2,,2,,,.,,,,,,,,,.,4,,,,,,,,,40,,.,40,,,3,9,,2,,2,,,,1,,,,,,,,,1,2,2,1,8,6,1,,2,,,,,,,,2,11,35,,2,,,,1,1,2,1,2,2,2,2,2,2,2,,1,1,2,2,1,2,2,1,2,,95,41,1,04,1,4111,460000,23,1242.3532553,
5434469,1,1,1,60,2,23,1,1,,,1,,,2,1,2,1,116,,1,,2,908526,2,,,2,,2,,2,,2,,2,,,2,,,2,,,2,,,2,,,2,,,1,877803,2,,2,,2,,2,,2,,,.,,,,,,,,,.,12,,,,,,,,,48,,.,48,,,4,8,,1,,1,2,1,9,1,1,,,,,,,,,1,2,1,0,84,4,,2,,,,,,,,8,13,30,,2,,,,2,,,,,,,,,,,,,,1,1,1,2,1,1,1,,62,01,1,04,8,0141,908526,23,1081.5590888,
5434469,1,4,1,60,2,23,1,1,,,1,,,2,2,2,2,0,,1,,2,480000,2,,,2,,2,,2,,2,,2,,,2,,,2,,,2,,,2,,,2,,,2,,2,,2,,2,,2,,2,,,.,,,,,,,,,.,12,,,,,,,,,36,2,,36,,,4,8,,2,,2,,,,1,,,,,,,,,1,2,2,1,0,12,4,,2,,,,,,,,8,13,40,,2,,,,1,1,2,1,2,1,2,2,2,2,1,POR TENER DERECHO A LAS PRESTACIONES SOCIALES,2,1,2,2,1,2,2,1,8,,62,01,1,04,8,0141,480000,23,1081.5590888,
5434471,1,1,1,60,2,23,1,1,,,1,,,1,2,2,2,5,,1,,2,800000,2,,,2,,2,,2,,2,,2,,,2,,,2,,,2,,,2,,,2,,,2,,2,,2,,2,,2,,2,,,.,,,,,,,,,.,5,,,,,,,,,48,,.,48,,,9,7,,1,,1,1,3,7,1,1,,,,,,,,,1,2,1,7,120,1,,2,,,,,,,,13,3,1,,2,,,,2,,,,,,,,,,,,,,1,2,1,2,1,1,3,,14,94,1,04,1,9491,800000,23,973.98736398,
5434471,1,2,1,60,2,23,2,,,,,,,,,,,20,,,,,,,,,,,,,,,,,,,,,,,,,,,,,,,,,,,,,,,,,,,,,,,5,,,,,2,100000,1,1200000,3,,12,2,,,,,3,4,2,10,2,,10,,,1,5,,3,,2,,,,1,,,,,,,,,1,2,2,2,,,,,2,,,,,,,,,3,14,,2,,,,2,,,,,,,,,,,,,,1,2,1,2,1,1,3,,45,47,1,04,4,4792,100000,23,973.98736398,
5434471,1,6,1,60,2,23,1,2,2,6,1,,,1,2,2,2,6,,,,,,,,,,,,,,,,,,,,,,,,,,,,,,,,,,,,,,,,,,,,,,,1,,,,,2,1200000,1,14400000,3,,6,2,,,,,1,1,1,48,,.,48,,,9,9,,1,,1,1,2,1,1,1,,,,,,,,,1,2,1,6,11,8,,2,,,,,,,,3,11,40,,2,,,,2,,,,,,,,,,,,,,1,2,1,2,2,1,8,,58,42,1,04,4,4290,1200000,23,973.98736398,
5434473,1,2,1,60,2,23,1,1,,,1,,,2,2,2,2,1,,1,,2,240000,2,,,2,,2,,2,,2,,2,,,2,,,2,,,2,,,2,,,2,,,2,,2,,2,,2,,2,,2,,,.,,,,,,,,,.,12,,,,,,,,,18,1,,18,,,3,8,,2,,2,,,,1,,,,,,,,,1,2,2,1,0,0,4,,2,,,,,,,,1,3,80,,1,30,1,1,1,1,2,1,2,1,2,2,1,2,2,,1,1,2,2,1,2,2,1,8,,97,02,1,04,1,0220,240000,23,1495.0491781,
5434474,1,1,1,60,2,23,2,,,,,,,,,,,7,,,,,,,,,,,,,,,,,,,,,,,,,,,,,,,,,,,,,,,,,,,,,,,6,,,,,3,500000,1,6000000,3,,7,2,,,,,3,10,1,48,,.,48,,,1,4,,2,,2,,,,1,,,,,,,,,1,2,2,1,5,120,4,,2,,,,,,,,13,11,15,,2,,,,2,,,,,,,,,,,,,,1,2,1,2,1,1,8,,98,49,1,04,4,4921,500000,23,985.1136564,
5434474,2,1,2,60,2,23,2,,,,,,,,,,,8,,,,,,,,,,,,,,,,,,,,,,,,,,,,,,,,,,,,,,,,,,,,,,,6,,,,,3,450000,1,5400000,3,,8,2,,,,,3,1,1,56,,.,56,,,1,4,,2,,2,,,,1,,,,,,,,,1,2,2,1,4,60,4,,2,,,,,,,,13,11,18,,2,,,,1,1,1,1,2,1,2,2,1,1,2,,2,1,2,2,2,2,2,1,3,,98,49,1,04,4,4921,450000,23,985.1136564,
5434477,1,3,1,60,2,23,1,1,,,1,,,2,2,2,2,2,,1,,2,600000,2,,,2,,2,,2,,2,,2,,,2,,,2,,,2,,,2,,,2,,,2,,2,,2,,2,,2,,2,,,.,,,,,,,,,.,12,,,,,,,,,36,2,,36,,,3,8,,2,,2,,,,1,,,,,,,,,1,2,2,1,0,0,4,,2,,,,,,,,8,11,30,,2,,,,1,1,2,1,2,1,2,2,2,2,2,,2,1,2,2,1,2,2,1,9,,97,02,1,04,1,0220,600000,23,851.07365273,
5434524,1,2,1,60,2,23,1,1,,,1,,,1,2,2,2,3,,1,,2,600000,2,,,1,150000,2,,2,,2,,2,,,2,,,2,,,2,,,2,,,2,,,2,,2,,2,,2,,2,,2,,,.,,,,,,,,,.,12,,,,,,,,,48,,.,48,,,3,8,,2,,2,,,,1,,,,,,,,,1,2,2,1,0,36,4,,2,,,,,,,,3,3,30,,2,,,,2,,,,,,,,,,,,,,1,1,1,2,1,1,3,,62,01,1,04,8,0141,750000,23,3735.6892206,
5434524,1,4,1,60,2,23,1,1,,,1,,,1,2,2,2,24,,1,,2,500000,2,,,1,100000,2,,2,,2,,2,,,2,,,2,,,2,,,2,,,2,,,2,,2,,2,,2,,2,,2,,,.,,,,,,,,,.,12,,,,,,,,,48,,.,48,,,2,8,,2,,2,,,,1,,,,,,,,,1,2,2,2,,,,,2,,,,,,,,,3,20,,2,,,,2,,,,,,,,,,,,,,1,1,1,2,1,1,3,,62,01,1,04,8,0141,600000,23,3735.6892206,
5434525,1,1,1,60,2,23,2,,,,,,,,,,,240,,,,,,,,,,,,,,,,,,,,,,,,,,,,,,,,,,,,,,,,,,,,,,,6,,,,,2,230000,1,2760000,3,,12,2,,,,,3,9,2,40,,.,40,,,1,8,,2,,2,,,,1,,,,,,,,,1,2,2,1,0,130,8,,2,,,,,,,,3,3,30,,2,,,,2,,,,,,,,,,,,,,1,2,1,2,1,1,3,,61,01,1,04,4,0111,230000,23,3058.0221568,
5434525,1,2,1,60,2,23,2,,,,,,,,,,,48,,,,,,,,,,,,,,,,,,,,,,,,,,,,,,,,,,,,,,,,,,,,,,,6,,,,,3,70000,1,840000,3,,12,2,,,,,3,10,1,20,2,,20,,,1,1,,2,,2,,,,1,,,,,,,,,1,2,2,2,,,,,2,,,,,,,,,14,,,2,,,,2,,,,,,,,,,,,,,1,2,1,2,1,1,3,,56,96,1,04,4,9601,70000,23,3058.0221568,
5434526,1,1,1,60,2,23,2,,,,,,,,,,,36,,,,,,,,,,,,,,,,,,,,,,,,,,,,,,,,,,,,,,,,,,,,,,,6,,,,,3,240000,1,2800000,3,,12,2,,,,,3,1,2,36,1,,36,,,1,8,,2,,2,,,,1,,,,,,,,,1,2,2,2,,,,,2,,,,,,,,,3,10,,1,12,2,1,1,1,2,1,2,2,2,2,2,2,2,,2,1,2,2,2,2,1,1,9,,62,01,1,04,4,0161,240000,23,3561.667467,
5434526,1,2,1,60,2,23,2,,,,,,,,,,,12,,,,,,,,,,,,,,,,,,,,,,,,,,,,,,,,,,,,,,,,,,,,,,,6,,,,,3,100000,1,200000,3,,12,2,,,,,3,4,2,14,2,,14,,,1,1,,2,,2,,,,1,,,,,,,,,1,2,2,2,,,,,1,23,10,4,,25000,1,1,,14,,,2,,,,2,,,,,,,,,,,,,,1,1,1,2,1,1,3,,41,01,1,04,4,0144,125000,23,3561.667467,
5434529,1,2,1,60,2,23,2,,,,,,,,,,,68,,,,,,,,,,,,,,,,,,,,,,,,,,,,,,,,,,,,,,,,,,,,,,,6,,,,,3,300000,1,3600000,3,,12,2,,,,,3,1,2,46,,.,46,,,1,8,,2,,2,,,,1,,,,,,,,,1,2,2,1,2,16,8,,2,,,,,,,,5,3,10,,2,,,,1,1,2,1,2,2,2,2,2,2,2,,2,1,2,2,1,2,1,1,9,,62,01,1,04,4,0161,300000,23,3721.7986307,
5434530,1,2,1,60,2,23,1,1,,,1,,,1,2,2,2,48,,1,,2,600000,2,,,1,100000,2,,2,,2,,2,,,2,,,2,,,2,,,2,,,2,,,2,,2,,2,,2,,2,,2,,,.,,,,,,,,,.,12,,,,,,,,,48,,.,48,,,2,8,,2,,2,,,,1,,,,,,,,,1,2,2,1,0,36,4,,2,,,,,,,,3,3,20,,2,,,,2,,,,,,,,,,,,,,1,1,1,2,1,1,3,,62,01,1,04,8,0141,700000,23,2412.7818653,
5434531,1,1,1,60,2,23,2,,,,,,,,,,,4,,,,,,,,,,,,,,,,,,,,,,,,,,,,,,,,,,,,,,,,,,,,,,,6,,,,,2,300000,1,1000000,3,,12,2,,,,,2,1,1,18,1,,18,,,1,8,,2,,2,,,,1,,,,,,,,,1,2,2,1,0,14,8,,2,,,,,,,,5,3,15,,1,18,1,1,1,1,1,1,2,1,2,2,2,2,2,,2,1,2,2,1,2,2,1,8,,62,01,1,04,4,0161,300000,23,4156.1950123,
5434533,1,1,1,60,2,23,2,,,,,,,,,,,1,,,,,,,,,,,,,,,,,,,,,,,,,,,,,,,,,,,,,,,,,,,,,,,6,,,,,2,400000,1,4800000,3,,12,2,,,,,2,1,1,48,,.,48,,,1,8,,2,,2,,,,1,,,,,,,,,1,2,2,1,0,24,4,,2,,,,,,,,3,11,30,,2,,,,2,,,,,,,,,,,,,,1,2,1,2,2,1,8,,62,01,1,04,4,0161,400000,23,4533.5243668,
5434535,1,1,1,60,2,23,2,,,,,,,,,,,48,,,,,,,,,,,,,,,,,,,,,,,,,,,,,,,,,,,,,,,,,,,,,,,6,,,,,2,400000,1,4800000,3,,12,1,1,0,0,1,3,1,2,28,2,,28,,,2,6,,2,,2,,,,1,,,,,,,,,1,2,2,1,0,120,4,,2,,,,,,,,6,3,10,,2,,,,1,1,2,1,2,2,2,2,2,2,2,,2,1,1,1,1,2,1,1,3,,77,56,1,04,4,5619,400000,23,2063.4201681,
5434535,1,2,1,60,2,23,2,,,,,,,,,,,12,,,,,,,,,,,,,,,,,,,,,,,,,,,,,,,,,,,,,,,,,,,,,,,6,,,,,2,80000,1,1200000,3,,12,1,1,0,0,1,3,3,2,20,2,,20,,,2,1,,2,,2,,,,1,,,,,,,,,1,2,2,2,,,,,2,,,,,,,,,14,,,2,,,,2,,,,,,,,,,,,,,1,1,1,2,1,1,3,,77,56,1,04,4,5619,80000,23,2063.4201681,
5434535,1,3,1,60,2,23,2,,,,,,,,,,,12,,,,,,,,,,,,,,,,,,,,,,,,,,,,,,,,,,,,,,,,,,,,,,,6,,,,,2,600000,1,7200000,3,,12,2,,,,,2,1,1,36,2,,36,,,1,8,,2,,2,,,,1,,,,,,,,,1,2,2,1,1,36,1,,2,,,,,,,,3,3,20,,2,,,,1,1,1,1,2,2,2,2,2,2,2,,2,1,1,1,1,2,1,1,3,,62,01,1,04,4,0161,600000,23,2063.4201681,
5434535,1,4,1,60,2,23,2,,,,,,,,,,,12,,,,,,,,,,,,,,,,,,,,,,,,,,,,,,,,,,,,,,,,,,,,,,,,.,,,,,,,,,.,12,,,,,,,,,20,2,,20,,,2,1,,2,,2,,,,1,,,,,,,,,1,2,2,2,,,,,2,,,,,,,,,14,,,2,,,,2,,,,,,,,,,,,,,1,1,1,2,1,1,3,,45,56,1,04,6,5619,,23,2063.4201681,
5434536,1,1,1,60,2,23,2,,,,,,,,,,,96,,,,,,,,,,,,,,,,,,,,,,,,,,,,,,,,,,,,,,,,,,,,,,,7,,2,,,2,900000,1,10800000,3,,12,1,1,0,0,1,3,6,2,60,,.,48,6,,2,7,,2,,2,,,,1,,,,,,,,,1,2,2,1,0,120,4,,1,23,16,4,,300000,2,1,10,14,,1,2,,,,2,,,,,,,,,,,,,,1,1,1,2,1,1,8,,51,56,1,04,4,5630,1200000,23,3466.1396393,
5434536,1,2,1,60,2,23,2,,,,,,,,,,,96,,,,,,,,,,,,,,,,,,,,,,,,,,,,,,,,,,,,,,,,,,,,,,,,.,,,,,,,,,.,12,,,,,,,,,30,2,,30,,,2,7,,2,,2,,,,1,,,,,,,,,1,2,2,2,,,,,1,23,10,6,,,2,1,,14,,,2,,,,2,,,,,,,,,,,,,,1,2,1,2,1,1,3,,45,56,1,04,6,5630,,23,3466.1396393,
5434537,1,2,1,60,2,23,1,1,,,1,,,2,2,2,1,6,,1,,2,908526,2,,,2,,2,,2,,2,,2,,,2,,,2,,,2,,,2,,,2,,,1,215000,2,,2,,2,,2,,2,,,.,,,,,,,,,.,12,,,,,,,,,48,,.,48,,,2,8,,2,,2,,,,1,,,,,,,,,1,2,2,1,0,12,8,,2,,,,,,,,5,13,30,,2,,,,2,,,,,,,,,,,,,,1,1,1,2,1,1,8,,62,01,1,04,8,0141,908526,23,3448.7896582,
5434538,1,1,1,60,2,23,2,,,,,,,,,,,7,,,,,,,,,,,,,,,,,,,,,,,,,,,,,,,,,,,,,,,,,,,,,,,6,,,,,3,150000,1,1000000,3,,7,2,,,,,3,5,2,18,2,,18,,,1,1,,2,,2,,,,1,,,,,,,,,1,2,2,1,5,78,4,,1,23,10,4,,40000,1,1,2,14,,,2,,,,2,,,,,,,,,,,,,,1,1,1,2,1,1,3,,79,14,1,04,4,1410,190000,23,1473.1386733,
5434538,1,4,1,60,2,23,1,1,,,1,,,1,2,2,2,18,,1,,2,560000,2,,,2,,2,,2,,2,,2,,,2,,,2,,,2,,,2,,,2,,,2,,2,,2,,2,,2,,2,,,.,,,,,,,,,.,12,,,,,,,,,45,,.,45,,,4,8,,2,,2,,,,1,,,,,,,,,1,2,2,1,0,6,4,,2,,,,,,,,3,11,15,,2,,,,2,,,,,,,,,,,,,,1,1,1,2,1,1,9,,62,01,1,04,8,0141,560000,23,1473.1386733,
5434538,1,5,1,60,2,23,2,,,,,,,,,,,8,,,,,,,,,,,,,,,,,,,,,,,,,,,,,,,,,,,,,,,,,,,,,,,6,,,,,3,400000,1,3000000,3,,8,2,,,,,3,9,2,42,,.,42,,,1,7,,2,,2,,,,1,,,,,,,,,1,2,2,1,4,148,4,,2,,,,,,,,2,13,10,,2,,,,2,,,,,,,,,,,,,,1,1,1,2,1,1,9,,87,45,1,04,4,4520,400000,23,1473.1386733,
5434539,1,1,1,60,2,23,1,2,1,,1,,,1,1,2,1,3,,2,,2,1160000,2,,,2,,2,,1,200000,2,,2,,,2,,,2,,,2,,,2,,,2,,,2,,2,,2,,2,,2,,2,,,.,,,,,,,,,.,12,,,,,,,,,40,,.,40,,,9,9,,1,,1,1,1,2,1,,,,,,,,,1,1,2,1,0,15,4,,2,,,,,,,,8,7,45,,2,,,,2,,,,,,,,,,,,,,1,1,1,2,2,1,5,,03,71,1,04,1,7110,1160000,23,3068.639833,
5434540,1,1,1,60,2,23,2,,,,,,,,,,,12,,,,,,,,,,,,,,,,,,,,,,,,,,,,,,,,,,,,,,,,,,,,,,,6,,,,,3,150000,1,1800000,3,,12,2,,,,,3,1,1,35,2,,16,7,REPACION DE SU VIVIENDA,1,4,,11,,2,,,,1,,,,,,,,,1,2,2,1,2,18,1,,2,,,,,,,,1,11,14,,2,,,,1,1,1,1,2,1,2,1,1,1,2,,1,1,2,2,2,2,2,1,3,,98,49,1,04,4,4921,150000,23,3626.270803,
5434540,1,2,1,60,2,23,2,,,,,,,,,,,120,,,,,,,,,,,,,,,,,,,,,,,,,,,,,,,,,,,,,,,,,,,,,,,6,,,,,2,200000,1,2400000,3,,12,2,,,,,3,4,2,35,2,,35,,,1,1,,2,,2,,,,1,,,,,,,,,1,2,2,2,,,,,2,,,,,,,,,14,,,2,,,,2,,,,,,,,,,,,,,1,1,1,2,1,1,3,,79,14,1,04,4,1410,200000,23,3626.270803,
5434540,1,3,1,60,2,23,1,2,1,,1,,,1,1,2,1,1,,1,,2,908526,2,,,2,,2,,2,,2,,2,,,1,106454,2,2,,,2,,,2,,,2,,,2,,2,,2,,2,,2,,2,,,.,,,,,,,,,.,6,,,,,,,,,48,,.,48,,,8,7,,1,,1,1,1,0,1,1,,,,,,,,,1,1,1,6,5,4,,2,,,,,,,,3,11,30,,2,,,,2,,,,,,,,,,,,,,1,1,1,2,1,1,3,,85,61,1,04,1,6120,908526,23,3626.270803,
5434542,1,1,1,60,2,23,1,2,2,3,2,1,,1,2,2,1,1,,3,,2,908526,2,,,2,,2,,2,,2,,2,,,1,106454,2,2,,,2,,,2,,,2,,,2,,2,,2,,2,,2,,2,,,.,,,,,,,,,.,10,,,,,,,,,48,,.,48,,,9,10,,1,,1,1,1,0,1,1,,,,,,,,,1,2,1,2,5,1,,2,,,,,,,,8,11,20,,2,,,,2,,,,,,,,,,,,,,1,1,1,2,2,1,9,,97,07,1,04,1,0723,908526,23,3377.3990669,7810
5434543,1,1,1,60,2,23,2,,,,,,,,,,,36,,,,,,,,,,,,,,,,,,,,,,,,,,,,,,,,,,,,,,,,,,,,,,,6,,,,,2,150000,1,2000000,3,,12,2,,,,,3,3,2,30,2,,30,,,1,1,,2,,2,,,,1,,,,,,,,,1,2,2,2,,,,,2,,,,,,,,,14,,,2,,,,2,,,,,,,,,,,,,,1,1,1,2,1,1,3,,77,56,1,04,4,5619,150000,23,1708.6511725,
5434544,1,2,1,60,2,23,2,,,,,,,,,,,48,,,,,,,,,,,,,,,,,,,,,,,,,,,,,,,,,,,,,,,,,,,,,,,5,,,,,2,200000,1,2400000,3,,12,2,,,,,3,4,1,16,2,,16,,,1,5,,3,,2,,,,1,,,,,,,,,1,2,2,1,0,48,1,,2,,,,,,,,1,3,15,,2,,,,2,,,,,,,,,,,,,,1,2,1,2,1,1,3,,45,47,1,04,4,4792,200000,23,1885.9390233,
5434545,1,1,1,60,2,23,2,,,,,,,,,,,16,,,,,,,,,,,,,,,,,,,,,,,,,,,,,,,,,,,,,,,,,,,,,,,6,,,,,3,20000,1,240000,3,,12,2,,,,,3,4,2,18,2,,18,,,1,1,,2,,2,,,,1,,,,,,,,,1,2,2,1,4,24,4,,2,,,,,,,,2,14,,,2,,,,2,,,,,,,,,,,,,,1,1,1,2,1,1,3,,77,56,1,04,4,5619,20000,23,1473.1386733,
5434545,1,2,1,60,2,23,1,1,,,1,,,1,2,2,2,9,,1,,2,420000,2,,,2,,2,,2,,2,,2,,,2,,,2,,,2,,,2,,,2,,,2,,2,,2,,2,,2,,2,,,.,,,,,,,,,.,9,,,,,,,,,44,,.,44,,,2,9,,2,,2,,,,1,,,,,,,,,1,2,2,1,3,12,1,,2,,,,,,,,2,3,10,,2,,,,1,1,2,1,2,2,2,2,1,2,2,,2,1,2,2,1,2,2,1,9,,95,41,1,04,1,4111,420000,23,1473.1386733,
5434545,1,3,1,60,2,23,1,2,2,3,2,1,,1,2,2,1,1,,3,,2,908526,2,,,2,,2,,2,,2,,2,,,1,106454,2,2,,,2,,,2,,,2,,,2,,2,,2,,2,,2,,2,,,.,,,,,,,,,.,1,,,,,,,,,48,,.,48,,,9,4,,1,,1,1,1,0,1,1,,,,,,,,,1,2,1,13,6,1,,2,,,,,,,,1,11,20,,2,,,,2,,,,,,,,,,,,,,1,1,1,2,2,1,3,,97,07,1,04,1,0723,908526,23,1473.1386733,7810
5434546,1,1,1,60,2,23,1,2,2,3,2,1,,1,2,2,1,1,,2,,2,908526,2,,,2,,2,,2,,2,,2,,,1,106454,2,2,,,2,,,2,,,2,,,2,,2,,2,,2,,2,,2,,,.,,,,,,,,,.,12,,,,,,,,,48,,.,48,,,9,10,,1,,1,1,1,0,1,1,,,,,,,,,1,2,1,0,24,4,,2,,,,,,,,3,11,30,,2,,,,2,,,,,,,,,,,,,,1,1,1,2,1,1,3,,55,07,1,04,1,0723,908526,23,5573.1081981,7820
5434546,1,3,1,60,2,23,2,,,,,,,,,,,6,,,,,,,,,,,,,,,,,,,,,,,,,,,,,,,,,,,,,,,,,,,,,,,6,,,,,2,600000,1,10000000,3,,12,2,,,,,3,1,2,60,,.,60,,,1,4,,2,,2,,,,1,,,,,,,,,1,2,2,1,0,24,1,,2,,,,,,,,1,11,20,,2,,,,1,1,1,1,2,2,2,2,1,1,2,,1,1,2,2,1,2,1,1,3,,98,49,1,04,4,4921,600000,23,5573.1081981,
5434546,1,4,1,60,2,23,2,,,,,,,,,,,4,,,,,,,,,,,,,,,,,,,,,,,,,,,,,,,,,,,,,,,,,,,,,,,6,,,,,2,500000,1,10400000,3,,12,2,,,,,3,1,2,60,,.,60,,,1,4,,2,,2,,,,1,,,,,,,,,1,2,2,1,0,12,1,,2,,,,,,,,1,11,20,,2,,,,1,1,1,1,2,2,2,2,1,1,2,,1,1,2,2,1,2,1,1,3,,98,49,1,04,4,4921,500000,23,5573.1081981,
5434546,1,8,1,60,2,23,1,1,,,1,,,1,2,2,2,6,,1,,2,600000,2,,,2,,2,,2,,2,,2,,,2,,,2,,,2,,,2,,,2,,,2,,2,,2,,2,,2,,2,,,.,,,,,,,,,.,12,,,,,,,,,48,,.,48,,,3,9,,2,,2,,,,1,,,,,,,,,1,2,2,1,0,24,1,,2,,,,,,,,1,13,20,,2,,,,1,1,1,1,2,2,2,2,2,2,2,,1,1,2,2,1,2,1,1,3,,95,41,1,04,1,4111,600000,23,5573.1081981,
5434549,1,1,1,60,2,23,1,1,,,1,,,1,2,2,2,26,,1,,2,350000,2,,,1,200000,2,,2,,2,,2,,,2,,,2,,,2,,,2,,,2,,,2,,2,,2,,2,,2,,2,,,.,,,,,,,,,.,12,,,,,,,,,45,,.,45,,,1,2,,2,,2,,,,1,,,,,,,,,1,2,2,1,99,36,4,,2,,,,,,,,9,3,15,,2,,,,1,1,2,1,2,2,2,2,2,2,2,,2,1,2,2,1,2,1,2,3,,54,97,1,04,3,9700,550000,23,3348.1884795,
5434549,2,2,2,60,2,23,1,1,,,1,,,1,2,2,2,14,,1,,2,600000,2,,,2,,2,,2,,2,,2,,,2,,,2,,,2,,,2,,,2,,,2,,2,,2,,2,,2,,2,,,.,,,,,,,,,.,12,,,,,,,,,60,,.,60,,,3,8,,2,,2,,,,1,,,,,,,,,1,2,2,1,0,84,4,,2,,,,,,,,2,11,10,,2,,,,2,,,,,,,,,,,,,,1,1,1,2,1,1,9,,62,01,1,04,8,0141,600000,23,3348.1884795,
5434550,1,1,1,60,2,23,2,,,,,,,,,,,4,,,,,,,,,,,,,,,,,,,,,,,,,,,,,,,,,,,,,,,,,,,,,,,6,,,,,3,200000,1,800000,3,,4,2,,,,,3,1,2,36,2,,36,,,1,4,,2,,2,,,,1,,,,,,,,,1,2,2,1,8,48,1,,2,,,,,,,,13,11,30,,2,,,,1,1,1,1,2,1,2,1,1,1,1,PORQUE DESEA TENER PRESTACIONES SOCIALES,1,1,2,2,1,2,1,1,3,,98,49,1,04,4,4921,200000,23,3465.9463453,
5434551,1,1,1,60,2,23,2,,,,,,,,,,,1,,,,,,,,,,,,,,,,,,,,,,,,,,,,,,,,,,,,,,,,,,,,,,,6,,,,,2,150000,1,1800000,3,,6,2,,,,,2,3,2,48,,.,48,,,1,8,,2,,2,,,,1,,,,,,,,,1,2,2,1,6,5,4,,2,,,,,,,,13,13,60,,2,,,,2,,,,,,,,,,,,,,1,2,1,2,1,1,8,,61,01,1,04,4,0161,150000,23,1885.9390233,
5434551,1,2,1,60,2,23,2,,,,,,,,,,,240,,,,,,,,,,,,,,,,,,,,,,,,,,,,,,,,,,,,,,,,,,,,,,,6,,,,,2,15000,1,180000,3,,12,2,,,,,3,4,2,10,2,,10,,,1,1,,2,,2,,,,1,,,,,,,,,1,2,2,2,,,,,2,,,,,,,,,14,,,2,,,,2,,,,,,,,,,,,,,1,2,1,2,1,1,3,,77,56,1,04,4,5619,15000,23,1885.9390233,
5434552,1,1,1,60,2,23,1,2,2,6,1,,,1,2,2,1,3,,2,,2,908526,2,,,2,,2,,2,,2,,2,,,1,106454,2,2,,,2,,,2,,,2,,,2,,2,,2,,2,,2,,2,,,.,,,,,,,,,.,12,,,,,,,,,48,,.,48,,,9,9,,1,,1,1,1,0,1,,,,,,,,,1,1,2,1,0,1,1,,2,,,,,,,,8,11,30,,2,,,,2,,,,,,,,,,,,,,1,1,1,2,2,1,8,,95,42,1,04,1,4210,908526,23,3004.2297909,
5434553,1,1,1,60,2,44,2,,,,,,,,,,,12,,,,,,,,,,,,,,,,,,,,,,,,,,,,,,,,,,,,,,,,,,,,,,,6,,,,,2,200000,1,2400000,3,,12,2,,,,,3,10,2,70,,.,70,,,2,1,,2,,2,,,,1,,,,,,1,,,,2,2,1,24,48,3,,2,,,,,,,,10,14,,,2,,,,2,,,,,,,,,,,,,,1,2,1,2,1,1,8,,41,47,1,04,4,4711,200000,44,583.30341416,
5434553,1,2,1,60,2,44,2,,,,,,,,,,,12,,,,,,,,,,,,,,,,,,,,,,,,,,,,,,,,,,,,,,,,,,,,,,,,.,,,,,,,,,.,12,,,,,,,,,21,2,,12,6,,2,1,,2,,2,,,,1,,,,,,,,,1,2,2,2,,,,,2,,,,,,,,,14,,1,2,,,,2,,,,,,,,,,,,,,1,2,1,2,2,1,8,,45,47,1,04,6,4711,,44,583.30341416,
5434583,1,1,1,60,2,44,2,,,,,,,,,,,360,,,,,,,,,,,,,,,,,,,,,,,,,,,,,,,,,,,,,,,,,,,,,,,4,,,,,2,150000,1,1800000,3,,12,2,,,,,3,9,2,40,,.,40,,,1,1,,2,,2,,,,1,,,,,,,,,1,2,2,2,,,,,2,,,,,,,,,14,,,2,,,,2,,,,,,,,,,,,,,2,2,2,2,2,2,3,,61,01,1,04,4,0143,150000,44,1236.8056565,
5434585,1,1,1,60,2,44,2,,,,,,,,,,,100,,,,,,,,,,,,,,,,,,,,,,,,,,,,,,,,,,,,,,,,,,,,,,,6,,,,,2,200000,1,2400000,3,,12,2,,,,,3,1,2,40,,.,40,,,1,1,,2,,2,,,,1,,,,,,,,,1,2,2,2,,,,,2,,,,,,,,,14,,,2,,,,1,1,1,1,2,2,2,1,1,2,2,,2,2,2,2,2,2,2,1,8,,75,13,1,04,4,1394,200000,44,1077.5230114,
5434586,1,1,1,60,2,44,2,,,,,,,,,,,36,,,,,,,,,,,,,,,,,,,,,,,,,,,,,,,,,,,,,,,,,,,,,,,6,,,,,2,60000,1,720000,1,,12,2,,,,,3,10,2,28,2,,28,,,1,1,,2,,2,,,,1,,,,,,,,,1,2,2,2,,,,,2,,,,,,,,,14,,,2,,,,2,,,,,,,,,,,,,,1,2,1,2,2,1,8,,41,01,1,04,4,0143,60000,44,1271.6695487,
5434587,1,1,1,60,2,44,2,,,,,,,,,,,330,,,,,,,,,,,,,,,,,,,,,,,,,,,,,,,,,,,,,,,,,,,,,,,6,,,,,2,200000,1,2400000,3,,12,2,,,,,3,9,2,40,,.,0,6,,1,1,,2,,2,,,,1,,,,,,,,,1,2,2,2,,,,,2,,,,,,,,,14,,1,2,,,,2,,,,,,,,,,,,,,2,2,2,2,2,2,3,,75,13,1,04,4,1394,200000,44,583.30341416,
5434587,1,2,1,60,2,44,2,,,,,,,,,,,120,,,,,,,,,,,,,,,,,,,,,,,,,,,,,,,,,,,,,,,,,,,,,,,,.,,,,,,,,,.,12,,,,,,,,,40,,.,40,,,2,1,,2,,2,,,,1,,,,,,,,,1,2,2,2,,,,,2,,,,,,,,,14,,,2,,,,1,1,1,1,1,1,2,1,1,2,2,,2,1,1,2,2,2,2,2,9,,75,13,1,04,6,1394,,44,583.30341416,
5434587,1,4,1,60,2,44,2,,,,,,,,,,,120,,,,,,,,,,,,,,,,,,,,,,,,,,,,,,,,,,,,,,,,,,,,,,,6,,,,,2,200000,1,2400000,3,,12,2,,,,,3,1,2,40,,.,40,,,1,1,,2,,2,,,,1,,,,,,,,,1,2,2,2,,,,,2,,,,,,,,,14,,,2,,,,2,,,,,,,,,,,,,,2,2,2,2,2,2,8,,14,01,1,04,4,0143,200000,44,583.30341416,
5434588,1,1,1,60,2,44,2,,,,,,,,,,,48,,,,,,,,,,,,,,,,,,,,,,,,,,,,,,,,,,,,,,,,,,,,,,,6,,,,,2,300000,1,3600000,3,,12,2,,,,,2,3,2,42,,.,42,,,1,5,,2,,2,,,,1,,,,1,,,,,,2,2,2,,,,,2,,,,,,,,,11,30,,2,,,,2,,,,,,,,,,,,,,1,2,1,2,1,1,5,,41,01,1,04,4,0145,300000,44,1365.5814072,
5434589,1,1,1,60,2,44,2,,,,,,,,,,,12,,,,,,,,,,,,,,,,,,,,,,,,,,,,,,,,,,,,,,,,,,,,,,,6,,,,,2,140000,1,1680000,1,,6,2,,,,,3,2,2,35,2,,35,,,1,1,,2,,2,,,,1,,,,,,,,,1,2,2,1,60,24,8,,2,,,,,,,,7,14,,,2,,,,2,,,,,,,,,,,,,,1,2,1,2,2,2,8,,41,01,1,04,4,0143,140000,44,1372.4512989,
5434590,1,1,1,60,2,44,2,,,,,,,,,,,120,,,,,,,,,,,,,,,,,,,,,,,,,,,,,,,,,,,,,,,,,,,,,,,6,,,,,2,200000,1,2400000,3,,12,2,,,,,3,1,2,40,,.,40,,,1,8,,2,,2,,,,1,,,,,,,,,1,2,2,2,,,,,2,,,,,,,,,3,20,,2,,,,2,,,,,,,,,,,,,,2,2,2,2,2,2,8,,63,16,1,04,4,1690,200000,44,1239.47164,
5434591,1,1,1,60,2,44,2,,,,,,,,,,,24,,,,,,,,,,,,,,,,,,,,,,,,,,,,,,,,,,,,,,,,,,,,,,,6,,,,,2,180000,1,2160000,3,,12,2,,,,,3,10,2,56,,.,56,,,1,1,,10,,2,,,,1,,,,,,,,,1,2,2,2,,,,,2,,,,,,,,,14,,,2,,,,2,,,,,,,,,,,,,,1,2,1,2,1,1,8,,75,15,1,04,4,1513,180000,44,843.41075011,
5434592,1,1,1,60,2,44,2,,,,,,,,,,,36,,,,,,,,,,,,,,,,,,,,,,,,,,,,,,,,,,,,,,,,,,,,,,,6,,,,,2,200000,1,2400000,3,,12,2,,,,,3,10,2,42,,.,42,,,1,1,,2,,2,,,,1,,,,,,,,,1,2,2,2,,,,,2,,,,,,,,,14,,,2,,,,2,,,,,,,,,,,,,,1,2,1,2,1,2,8,,61,01,1,04,4,0143,200000,44,1508.4690263,
5434594,1,1,1,60,2,44,2,,,,,,,,,,,240,,,,,,,,,,,,,,,,,,,,,,,,,,,,,,,,,,,,,,,,,,,,,,,2,,,,,2,250000,1,3000000,3,,12,2,,,,,3,9,2,56,,.,56,,,1,1,,2,,2,,,,1,,,,,,,,,1,2,2,2,,,,,2,,,,,,,,,14,,,2,,,,2,,,,,,,,,,,,,,1,2,1,2,1,1,8,,75,15,1,04,4,1513,250000,44,583.30341416,
5434595,1,1,1,60,2,44,2,,,,,,,,,,,120,,,,,,,,,,,,,,,,,,,,,,,,,,,,,,,,,,,,,,,,,,,,,,,2,,,,,2,150000,1,1800000,3,,12,2,,,,,3,9,2,40,,.,40,,,1,1,,11,,2,,,,1,,,,,,,,,1,2,2,2,,,,,2,,,,,,,,,14,,,2,,,,2,,,,,,,,,,,,,,1,2,2,2,1,2,8,,75,15,1,04,4,1513,150000,44,583.30341416,
5434597,1,1,1,60,2,44,2,,,,,,,,,,,120,,,,,,,,,,,,,,,,,,,,,,,,,,,,,,,,,,,,,,,,,,,,,,,6,,,,,2,200000,12,2400000,3,,12,2,,,,,3,1,2,40,,.,40,,,1,1,,2,,2,,,,1,,,,,,,,,1,2,2,2,,,,,2,,,,,,,,,14,,,2,,,,2,,,,,,,,,,,,,,2,2,2,2,2,2,8,,62,01,1,04,4,0143,200000,44,746.75567966,
5434598,1,1,1,60,2,44,2,,,,,,,,,,,70,,,,,,,,,,,,,,,,,,,,,,,,,,,,,,,,,,,,,,,,,,,,,,,6,,,,,2,150000,1,1800000,3,,12,2,,,,,3,9,2,40,,.,0,6,,1,1,,2,,2,,,,1,,,,,,,,,1,2,2,2,,,,,2,,,,,,,,,14,,1,2,,,,1,1,1,1,1,2,2,1,2,2,2,,2,1,2,2,2,2,2,2,8,,75,13,1,04,4,1394,150000,44,1204.3339575,
5434598,1,2,1,60,2,44,2,,,,,,,,,,,100,,,,,,,,,,,,,,,,,,,,,,,,,,,,,,,,,,,,,,,,,,,,,,,6,,,,,2,180000,1,2160000,3,,1,2,,,,,3,1,2,40,,.,40,,,1,1,,2,,2,,,,1,,,,,,,,,1,2,2,2,,,,,2,,,,,,,,,14,,,2,,,,1,1,1,1,1,1,2,1,1,1,2,,1,1,2,2,2,2,2,2,8,,62,01,1,04,4,0143,180000,44,1204.3339575,
5434599,1,1,1,60,2,44,2,,,,,,,,,,,120,,,,,,,,,,,,,,,,,,,,,,,,,,,,,,,,,,,,,,,,,,,,,,,6,,,,,2,200000,12,2400000,3,,12,2,,,,,3,9,2,40,,.,40,,,1,1,,2,,2,,,,1,,,,,,,,,1,2,2,2,,,,,2,,,,,,,,,14,,,2,,,,2,,,,,,,,,,,,,,2,2,1,2,2,2,9,,61,01,1,04,4,0143,200000,44,1271.943339,
5434600,1,1,1,60,2,44,2,,,,,,,,,,,100,,,,,,,,,,,,,,,,,,,,,,,,,,,,,,,,,,,,,,,,,,,,,,,6,,,,,2,150000,1,1800000,3,,12,2,,,,,3,9,2,40,,.,0,6,,1,1,,2,,2,,,,1,,,,,,,,,1,2,2,2,,,,,2,,,,,,,,,14,,1,2,,,,1,1,1,1,2,2,2,1,2,2,2,,2,2,2,2,2,2,2,2,9,,75,13,1,04,4,1394,150000,44,798.71569701,
5434602,1,1,1,60,2,44,2,,,,,,,,,,,150,,,,,,,,,,,,,,,,,,,,,,,,,,,,,,,,,,,,,,,,,,,,,,,6,,,,,2,150000,1,1800000,3,,12,2,,,,,3,9,2,30,2,,30,,,1,1,,2,,2,,,,1,,,,,,,,,1,2,2,2,,,,,2,,,,,,,,,14,,,2,,,,2,,,,,,,,,,,,,,2,2,1,2,2,1,3,,61,01,1,04,4,0143,150000,44,1508.4690263,
5434603,1,1,1,60,2,44,2,,,,,,,,,,,200,,,,,,,,,,,,,,,,,,,,,,,,,,,,,,,,,,,,,,,,,,,,,,,6,,,,,2,180000,1,2160000,3,,12,2,,,,,3,9,2,56,,.,56,,,1,1,,2,,2,,,,1,,,,,,,,,1,2,2,2,,,,,2,,,,,,,,,14,,,2,,,,2,,,,,,,,,,,,,,2,2,2,2,2,2,3,,61,01,1,04,4,0143,180000,44,810.16115274,
5434604,1,1,1,60,2,44,2,,,,,,,,,,,36,,,,,,,,,,,,,,,,,,,,,,,,,,,,,,,,,,,,,,,,,,,,,,,6,,,,,2,150000,1,1800000,3,,12,2,,,,,3,9,2,40,,.,0,6,,1,1,,2,,2,,,,1,,,,,,,,,1,2,2,2,,,,,2,,,,,,,,,14,,1,2,,,,2,,,,,,,,,,,,,,2,2,2,2,2,2,8,,75,15,1,04,4,1513,150000,44,1154.4159732,
5434605,1,2,1,60,2,44,2,,,,,,,,,,,34,,,,,,,,,,,,,,,,,,,,,,,,,,,,,,,,,,,,,,,,,,,,,,,6,,,,,2,150000,1,1800000,3,,12,2,,,,,3,9,2,20,2,,20,,,1,1,,2,,2,,,,1,,,,,,,,,1,2,2,2,,,,,2,,,,,,,,,14,,,2,,,,2,,,,,,,,,,,,,,2,2,2,2,2,2,8,,75,15,1,04,4,1513,150000,44,583.30341416,
5434606,1,1,1,60,2,44,2,,,,,,,,,,,120,,,,,,,,,,,,,,,,,,,,,,,,,,,,,,,,,,,,,,,,,,,,,,,6,,,,,2,200000,1,2400000,3,,12,2,,,,,3,1,2,40,,.,40,,,1,1,,2,,2,,,,1,,,,,,,,,1,2,2,2,,,,,2,,,,,,,,,14,,,2,,,,2,,,,,,,,,,,,,,2,2,2,2,2,2,9,,61,01,1,04,4,0143,200000,44,1480.5518251,
5434607,1,1,1,60,2,44,2,,,,,,,,,,,240,,,,,,,,,,,,,,,,,,,,,,,,,,,,,,,,,,,,,,,,,,,,,,,6,,,,,2,150000,1,1800000,3,,12,2,,,,,3,9,2,40,,.,0,6,,1,1,,2,,2,,,,1,,,,,,,,,1,2,2,2,,,,,2,,,,,,,,,14,,1,2,,,,2,,,,,,,,,,,,,,2,2,2,2,2,2,9,,75,13,1,04,4,1394,150000,44,1145.209192,
5434622,1,1,1,60,2,47,2,,,,,,,,,,,180,,,,,,,,,,,,,,,,,,,,,,,,,,,,,,,,,,,,,,,,,,,,,,,6,,,,,2,300000,1,2800000,3,,12,2,,,,,1,4,2,43,,.,43,,,1,8,,2,,2,,,,1,,,,,,,,,1,2,2,1,0,120,4,,2,,,,,,,,3,3,3,,2,,,,2,,,,,,,,,,,,,,1,1,2,2,2,1,9,,61,01,1,04,4,0113,300000,47,1828.7713691,
5434622,1,4,1,60,2,47,2,,,,,,,,,,,100,,,,,,,,,,,,,,,,,,,,,,,,,,,,,,,,,,,,,,,,,,,,,,,6,,,,,2,300000,1,2000000,3,,12,2,,,,,3,1,2,42,,.,20,6,,1,8,,2,,2,,,,1,,,,,,,,,1,2,2,2,,,,,2,,,,,,,,,3,20,1,1,20,2,1,2,,,,,,,,,,,,,,1,2,2,2,2,1,3,,61,01,1,04,4,0161,300000,47,1828.7713691,
5434622,1,8,1,60,2,47,2,,,,,,,,,,,546,,,,,,,,,,,,,,,,,,,,,,,,,,,,,,,,,,,,,,,,,,,,,,,6,,,,,2,300000,1,2500000,3,,12,2,,,,,2,3,2,48,,.,30,6,,1,8,,5,,2,,,,1,,,,,,,,,1,2,2,2,,,,,2,,,,,,,,,3,60,1,2,,,,2,,,,,,,,,,,,,,1,2,2,2,2,2,3,,61,01,1,04,4,0161,300000,47,1828.7713691,
5434622,1,9,1,60,2,47,2,,,,,,,,,,,38,,,,,,,,,,,,,,,,,,,,,,,,,,,,,,,,,,,,,,,,,,,,,,,6,,,,,2,200000,1,2200000,3,,12,2,,,,,2,1,2,48,,.,20,6,,1,8,,5,,2,,,,1,,,,,,,,,1,2,2,1,0,3,4,,2,,,,,,,,3,3,37,1,2,,,,1,1,2,1,2,1,1,1,1,1,2,,1,1,2,2,2,2,2,1,3,,61,01,1,04,4,0161,200000,47,1828.7713691,
5434623,1,1,1,60,2,47,2,,,,,,,,,,,24,,,,,,,,,,,,,,,,,,,,,,,,,,,,,,,,,,,,,,,,,,,,,,,6,,,,,2,250000,1,1500000,3,,12,2,,,,,3,1,1,48,,.,48,,,1,1,,2,,2,,,,1,,,,,,,,,1,2,2,1,6,12,3,,2,,,,,,,,13,14,,,2,,,,1,1,1,1,2,2,2,2,2,2,2,,1,1,1,2,1,2,2,1,3,,77,56,1,04,4,5619,250000,47,998.43290796,
5434624,1,1,1,60,2,47,2,,,,,,,,,,,24,,,,,,,,,,,,,,,,,,,,,,,,,,,,,,,,,,,,,,,,,,,,,,,6,,,,,2,200000,1,900000,3,,12,2,,,,,1,1,1,48,,.,48,,,1,8,,2,,2,,,,1,,,,,,,,,1,2,2,1,4,36,4,,2,,,,,,,,3,3,60,,2,,,,1,1,2,1,2,2,2,2,2,2,2,,2,1,1,2,1,2,2,1,3,,61,01,1,04,4,0113,200000,47,1746.1715102,
5434624,1,2,1,60,2,47,2,,,,,,,,,,,48,,,,,,,,,,,,,,,,,,,,,,,,,,,,,,,,,,,,,,,,,,,,,,,6,,,,,2,90000,1,700000,3,,12,2,,,,,3,1,1,25,2,,25,,,1,1,,2,,2,,,,1,,,,,,,,,1,2,2,2,,,,,2,,,,,,,,,14,,,2,,,,1,1,1,1,2,2,2,2,2,2,2,,2,1,1,2,1,2,2,1,3,,77,56,1,04,4,5619,90000,47,1746.1715102,
5434625,1,1,1,60,2,47,2,,,,,,,,,,,249,,,,,,,,,,,,,,,,,,,,,,,,,,,,,,,,,,,,,,,,,,,,,,,6,,,,,2,500000,1,4000000,3,,12,2,,,,,3,3,2,40,,.,40,,,1,8,,2,,2,,,,1,,,,,,,,,1,2,2,2,,,,,2,,,,,,,,,3,20,,2,,,,2,,,,,,,,,,,,,,1,2,1,2,1,1,9,,41,46,1,04,4,4620,500000,47,1933.9902959,
5434626,1,1,1,60,2,47,2,,,,,,,,,,,1,,,,,,,,,,,,,,,,,,,,,,,,,,,,,,,,,,,,,,,,,,,,,,,6,,,,,3,160000,1,600000,1,,10,2,,,,,3,1,1,30,1,,30,,,1,7,,2,,2,,,,1,,,,,,,,,1,2,2,1,2,6,1,,2,,,,,,,,7,11,20,,1,15,1,1,1,1,2,1,2,1,2,2,2,2,2,,1,1,2,2,2,2,2,2,3,,41,47,1,04,4,4711,160000,47,2137.7838397,
5434627,1,1,1,60,2,47,1,1,,,1,,,2,2,2,2,147,,1,,2,550000,2,,,2,,1,100000,2,,2,,2,,,2,,,2,,,2,,,2,,,2,,,2,,2,,2,,2,,2,,2,,,.,,,,,,,,,.,12,,,,,,,,,48,,.,48,,,2,8,,2,,2,,,,1,,,,,,1,,,,2,2,1,0,48,8,,2,,,,,,,,1,3,3,,2,,,,2,,,,,,,,,,,,,,1,1,2,2,1,1,9,,62,01,1,04,8,0141,650000,47,1687.0754958,
5434628,1,1,1,60,2,47,2,,,,,,,,,,,39,,,,,,,,,,,,,,,,,,,,,,,,,,,,,,,,,,,,,,,,,,,,,,,6,,,,,2,300000,1,3600000,3,,12,2,,,,,3,3,2,20,2,,20,,,1,1,,2,,2,,,,1,,,,,,,,,1,2,2,1,99,24,1,,2,,,,,,,,1,14,,,2,,,,2,,,,,,,,,,,,,,2,2,2,2,1,1,3,,77,10,1,04,4,1040,300000,47,1742.3260566,
5434629,1,1,1,60,2,47,2,,,,,,,,,,,24,,,,,,,,,,,,,,,,,,,,,,,,,,,,,,,,,,,,,,,,,,,,,,,6,,,,,2,200000,1,1300000,3,,12,2,,,,,3,1,1,48,,.,48,,,1,6,,2,,2,,,,1,,,,,,,,,1,2,2,1,3,72,4,,2,,,,,,,,8,3,10,,2,,,,1,1,2,1,2,2,2,2,2,2,2,,2,1,1,1,1,2,2,1,3,,41,47,1,04,4,4721,200000,47,1652.5224649,
5434629,1,2,1,60,2,47,2,,,,,,,,,,,3,,,,,,,,,,,,,,,,,,,,,,,,,,,,,,,,,,,,,,,,,,,,,,,6,,,,,2,300000,1,700000,3,,3,2,,,,,3,3,2,50,,.,50,,,1,1,,2,,2,,,,1,,,,,,1,,,,2,2,1,7,8,4,,2,,,,,,,,3,14,,,2,,,,2,,,,,,,,,,,,,,1,1,1,2,1,1,3,,41,47,1,04,4,4711,300000,47,1652.5224649,
5434629,1,3,1,60,2,47,2,,,,,,,,,,,12,,,,,,,,,,,,,,,,,,,,,,,,,,,,,,,,,,,,,,,,,,,,,,,6,,,,,3,100000,1,800000,3,,12,2,,,,,2,4,2,18,2,,18,,,1,8,,2,,2,,,,1,,,,,,,,,1,2,2,2,,,,,2,,,,,,,,,3,28,,2,,,,2,,,,,,,,,,,,,,1,1,1,2,2,1,3,,61,01,1,04,4,0161,100000,47,1652.5224649,
5434631,1,1,1,60,2,47,2,,,,,,,,,,,720,,,,,,,,,,,,,,,,,,,,,,,,,,,,,,,,,,,,,,,,,,,,,,,6,,,,,2,300000,1,2000000,3,,12,2,,,,,1,3,2,42,,.,42,,,1,8,,2,,2,,,,1,,,,,,,,,1,2,2,2,,,,,2,,,,,,,,,3,15,,2,,,,2,,,,,,,,,,,,,,1,2,1,2,1,1,3,,61,01,1,04,4,0111,300000,47,1109.0807318,
5434632,1,1,1,60,2,47,2,,,,,,,,,,,380,,,,,,,,,,,,,,,,,,,,,,,,,,,,,,,,,,,,,,,,,,,,,,,6,,,,,2,350000,1,1000000,3,,12,2,,,,,1,9,1,48,,.,48,,,1,8,,2,,2,,,,1,,,,,,,,,1,2,2,2,,,,,2,,,,,,,,,3,20,,2,,,,1,1,2,1,2,2,2,2,2,2,2,,2,2,1,1,1,2,2,1,3,,61,01,1,04,4,0113,350000,47,1822.2354056,
5434633,1,1,1,60,2,47,2,,,,,,,,,,,643,,,,,,,,,,,,,,,,,,,,,,,,,,,,,,,,,,,,,,,,,,,,,,,6,,,,,2,500000,1,4400000,3,,12,2,,,,,1,3,2,40,,.,40,,,1,8,,2,,2,,,,1,,,,,,,,,1,2,2,2,,,,,1,47,20,4,,300000,1,1,,3,18,,2,,,,2,,,,,,,,,,,,,,1,1,1,2,1,1,3,,61,01,1,04,4,0111,800000,47,1616.8141003,
5434636,1,1,1,60,2,47,2,,,,,,,,,,,286,,,,,,,,,,,,,,,,,,,,,,,,,,,,,,,,,,,,,,,,,,,,,,,6,,,,,2,300000,1,3400000,3,,12,2,,,,,3,4,2,48,,.,48,,,1,8,,2,,2,,,,1,,,,,,,,,1,2,2,2,,,,,2,,,,,,,,,3,16,,2,,,,2,,,,,,,,,,,,,,2,2,2,2,2,1,9,,64,03,1,04,4,0312,300000,47,1506.1662764,
5434637,1,1,1,60,2,47,2,,,,,,,,,,,360,,,,,,,,,,,,,,,,,,,,,,,,,,,,,,,,,,,,,,,,,,,,,,,6,,,,,2,300000,1,800000,3,,12,2,,,,,1,1,2,48,,.,48,,,1,8,,2,,2,,,,1,,,,,,,,,1,2,2,2,,,,,2,,,,,,,,,3,15,,2,,,,2,,,,,,,,,,,,,,1,1,1,2,2,1,3,,61,01,1,04,4,0113,300000,47,2366.3328641,
5434637,1,3,1,60,2,47,2,,,,,,,,,,,360,,,,,,,,,,,,,,,,,,,,,,,,,,,,,,,,,,,,,,,,,,,,,,,6,,,,,2,300000,1,1200000,3,,12,2,,,,,3,1,2,48,,.,48,,,1,8,,2,,2,,,,1,,,,,,,,,1,2,2,2,,,,,2,,,,,,,,,3,60,,2,,,,2,,,,,,,,,,,,,,1,1,1,2,1,1,3,,64,03,1,04,4,0312,300000,47,2366.3328641,
5434637,1,6,1,60,2,47,2,,,,,,,,,,,300,,,,,,,,,,,,,,,,,,,,,,,,,,,,,,,,,,,,,,,,,,,,,,,6,,,,,2,250000,1,900000,3,,12,1,1,0,0,1,1,1,1,48,,.,48,,,2,8,,2,,2,,,,1,,,,,,,,,1,2,2,2,,,,,2,,,,,,,,,3,30,,2,,,,2,,,,,,,,,,,,,,1,1,1,2,1,2,3,,61,01,1,04,4,0113,250000,47,2366.3328641,
5434637,1,7,1,60,2,47,2,,,,,,,,,,,36,,,,,,,,,,,,,,,,,,,,,,,,,,,,,,,,,,,,,,,,,,,,,,,,.,,,,,,,,,.,12,,,,,,,,,30,2,,30,,,2,8,,2,,2,,,,1,,,,,,,,,1,2,2,2,,,,,2,,,,,,,,,3,10,,2,,,,1,1,1,1,2,2,2,2,2,1,2,,2,2,1,2,1,2,2,1,3,,62,01,1,04,6,0113,,47,2366.3328641,
5434642,1,2,1,60,2,47,2,,,,,,,,,,,249,,,,,,,,,,,,,,,,,,,,,,,,,,,,,,,,,,,,,,,,,,,,,,,6,,,,,2,300000,1,3000000,3,,12,2,,,,,3,4,2,40,,.,21,6,,1,8,,10,,2,,,,1,,,,,,,,,1,2,2,2,,,,,2,,,,,,,,,3,60,1,2,,,,2,,,,,,,,,,,,,,1,1,1,2,1,1,8,,61,01,1,04,4,0161,300000,47,1428.4426944,
5434642,1,4,1,60,2,47,2,,,,,,,,,,,267,,,,,,,,,,,,,,,,,,,,,,,,,,,,,,,,,,,,,,,,,,,,,,,6,,,,,2,300000,1,3400000,3,,12,2,,,,,3,3,2,36,2,,36,,,1,8,,2,,2,,,,1,,,,,,,,,1,2,2,1,0,120,4,,2,,,,,,,,1,3,50,,2,,,,2,,,,,,,,,,,,,,1,1,2,2,2,1,8,,61,01,1,04,4,0161,300000,47,1428.4426944,
5434642,1,6,1,60,2,47,1,1,,,1,,,2,2,2,2,50,,1,,2,600000,2,,,2,,2,,2,,2,,2,,,2,,,2,,,2,,,2,,,2,,,2,,2,,2,,2,,2,,2,,,.,,,,,,,,,.,12,,,,,,,,,48,,.,48,,,3,8,,2,,2,,,,1,,,,,,,,,1,2,2,2,,,,,2,,,,,,,,,3,90,,2,,,,2,,,,,,,,,,,,,,2,2,2,2,1,1,8,,62,01,1,04,8,0111,600000,47,1428.4426944,
5434642,1,7,1,60,2,47,2,,,,,,,,,,,14,,,,,,,,,,,,,,,,,,,,,,,,,,,,,,,,,,,,,,,,,,,,,,,6,,,,,2,150000,1,1800000,3,,12,2,,,,,3,4,2,40,,.,28,6,,1,8,,2,,2,,,,1,,,,,,,,,1,2,2,2,,,,,2,,,,,,,,,3,50,1,2,,,,2,,,,,,,,,,,,,,1,1,2,2,2,1,3,,61,01,1,04,4,0161,150000,47,1428.4426944,
5434644,1,1,1,60,2,47,2,,,,,,,,,,,360,,,,,,,,,,,,,,,,,,,,,,,,,,,,,,,,,,,,,,,,,,,,,,,6,,,,,2,300000,1,900000,3,,12,2,,,,,1,1,1,48,,.,48,,,1,8,,2,,2,,,,1,,,,,,,,,1,2,2,2,,,,,1,47,12,4,,100000,1,8,,3,15,,2,,,,2,,,,,,,,,,,,,,1,1,1,2,2,1,3,,61,01,1,04,4,0113,400000,47,1178.9005971,
5434644,1,4,1,60,2,47,2,,,,,,,,,,,48,,,,,,,,,,,,,,,,,,,,,,,,,,,,,,,,,,,,,,,,,,,,,,,6,,,,,2,500000,1,1000000,3,,12,2,,,,,1,1,1,48,,.,48,,,1,8,,2,,2,,,,1,,,,,,,,,1,2,2,1,1,48,1,,2,,,,,,,,3,3,15,,2,,,,1,1,2,1,2,2,2,2,2,2,2,,2,1,1,1,2,2,2,1,3,,61,01,1,04,4,0113,500000,47,1178.9005971,
5434647,1,1,1,60,2,47,2,,,,,,,,,,,240,,,,,,,,,,,,,,,,,,,,,,,,,,,,,,,,,,,,,,,,,,,,,,,6,,,,,2,270000,1,900000,3,,12,1,1,0,0,1,1,1,1,40,,.,40,,,2,8,,2,,2,,,,1,,,,,,,,,1,2,2,2,,,,,2,,,,,,,,,3,20,,2,,,,2,,,,,,,,,,,,,,1,1,1,2,2,1,3,,61,01,1,04,4,0113,270000,47,1746.1715102,
5434647,1,4,1,60,2,47,2,,,,,,,,,,,36,,,,,,,,,,,,,,,,,,,,,,,,,,,,,,,,,,,,,,,,,,,,,,,,.,,,,,,,,,.,12,,,,,,,,,20,2,,20,,,2,8,,2,,2,,,,1,,,,,,,,,1,2,2,2,,,,,2,,,,,,,,,3,15,,2,,,,1,1,1,1,2,2,2,2,2,2,2,,2,1,1,2,1,2,1,1,3,,62,01,1,04,6,0113,,47,1746.1715102,
5434649,1,1,1,60,2,47,2,,,,,,,,,,,240,,,,,,,,,,,,,,,,,,,,,,,,,,,,,,,,,,,,,,,,,,,,,,,6,,,,,2,400000,1,4000000,3,,12,2,,,,,3,4,2,48,,.,48,,,1,8,,2,,2,,,,1,,,,,,1,,,,2,2,1,0,5,4,,2,,,,,,,,3,3,30,,2,,,,2,,,,,,,,,,,,,,1,1,1,2,1,1,9,,61,01,1,04,4,0111,400000,47,1986.6974391,
5434650,1,1,1,60,2,47,1,1,,,1,,,1,2,2,2,3,,1,,2,550000,2,,,2,,2,,2,,2,,2,,,2,,,2,,,2,,,2,,,2,,,2,,2,,2,,2,,2,,2,,,.,,,,,,,,,.,9,,,,,,,,,60,,.,60,,,3,8,,2,,2,,,,1,,,,,,,,,1,2,2,1,3,23,1,,2,,,,,,,,3,10,30,,2,,,,1,1,2,1,2,2,2,2,2,1,2,,2,1,1,2,1,2,1,2,3,,62,01,1,04,8,0141,550000,47,2344.2291655,
5434650,1,2,1,60,2,47,2,,,,,,,,,,,9,,,,,,,,,,,,,,,,,,,,,,,,,,,,,,,,,,,,,,,,,,,,,,,6,,,,,2,600000,1,4000000,3,,9,2,,,,,3,1,1,80,,.,80,,,1,1,,2,,2,,,,1,,,,,,,,,1,2,2,2,,,,,2,,,,,,,,,14,,,2,,,,1,1,2,1,1,2,2,2,1,1,2,,2,1,1,1,2,2,1,2,3,,41,47,1,04,4,4711,600000,47,2344.2291655,
5434682,1,1,1,60,2,47,2,,,,,,,,,,,24,,,,,,,,,,,,,,,,,,,,,,,,,,,,,,,,,,,,,,,,,,,,,,,6,,,,,3,50000,1,600000,3,,12,2,,,,,3,3,2,48,,.,48,,,1,1,,2,,2,,,,1,,,,,,,,,1,2,2,2,,,,,2,,,,,,,,,14,,,2,,,,2,,,,,,,,,,,,,,1,1,1,2,2,2,5,,41,47,1,04,4,4724,50000,47,866.32160296,
5434682,1,2,1,60,2,47,1,1,,,1,,,2,2,2,2,24,,1,,2,500000,2,,,1,200000,2,,2,,2,,2,,,2,,,2,,,2,,,2,,,2,,,2,,2,,2,,2,,2,,2,,,.,,,,,,,,,.,12,,,,,,,,,72,,.,72,,,2,8,,11,,2,,,,1,,,,,,,,,1,2,2,1,0,192,4,,2,,,,,,,,8,15,30,,2,,,,2,,,,,,,,,,,,,,1,1,1,2,2,1,5,,62,01,1,04,8,0141,700000,47,866.32160296,
5434683,1,1,1,60,2,47,2,,,,,,,,,,,300,,,,,,,,,,,,,,,,,,,,,,,,,,,,,,,,,,,,,,,,,,,,,,,6,,,,,3,0,1,700000,1,,6,2,,,,,3,10,2,48,,.,0,6,,1,8,,4,,2,,,,1,,,,,,,,,1,2,2,1,0,36,1,,2,,,,,,,,3,3,20,1,2,,,,2,,,,,,,,,,,,,,1,2,1,2,2,1,8,,95,41,1,04,4,4111,0,47,1986.176744,
5434683,1,2,1,60,2,47,2,,,,,,,,,,,12,,,,,,,,,,,,,,,,,,,,,,,,,,,,,,,,,,,,,,,,,,,,,,,6,,,,,3,280000,1,1500000,3,,12,2,,,,,3,10,2,24,2,,24,,,1,8,,4,,2,,,,1,,,,,,,,,1,2,2,1,3,12,3,,2,,,,,,,,9,14,,,2,,,,1,1,2,1,2,2,2,2,2,2,2,,1,1,1,2,1,2,2,1,8,,41,01,1,04,4,0144,280000,47,1986.176744,
5434684,1,1,1,60,2,47,2,,,,,,,,,,,60,,,,,,,,,,,,,,,,,,,,,,,,,,,,,,,,,,,,,,,,,,,,,,,6,,,,,3,1050000,1,12600000,3,,12,2,,,,,3,9,2,40,,.,40,,,1,1,,2,,2,,,,1,,,,,,,,,1,2,2,1,0,36,8,,2,,,,,,,,3,14,,,2,,,,2,,,,,,,,,,,,,,1,1,1,2,2,1,5,,41,01,1,04,4,0141,1050000,47,2028.1600363,
5434685,1,1,1,60,2,47,2,,,,,,,,,,,360,,,,,,,,,,,,,,,,,,,,,,,,,,,,,,,,,,,,,,,,,,,,,,,6,,,,,3,300000,1,3600000,3,,12,2,,,,,3,10,2,48,,.,48,,,1,8,,2,,2,,,,1,,,,,,,,,1,2,2,2,,,,,2,,,,,,,,,14,,,2,,,,2,,,,,,,,,,,,,,1,1,1,2,1,1,3,,61,01,1,04,4,0141,300000,47,869.07549799,
5434686,1,1,1,60,2,47,2,,,,,,,,,,,120,,,,,,,,,,,,,,,,,,,,,,,,,,,,,,,,,,,,,,,,,,,,,,,6,,,,,3,525000,1,6300000,3,,12,2,,,,,3,10,1,40,,.,40,,,1,1,,2,,2,,,,1,,,,,,,,,1,2,2,1,0,240,4,,2,,,,,,,,11,14,,,2,,,,2,,,,,,,,,,,,,,1,1,1,2,2,2,5,,41,01,1,04,4,0141,525000,47,1024.5938421,
5434687,1,1,1,60,2,47,2,,,,,,,,,,,588,,,,,,,,,,,,,,,,,,,,,,,,,,,,,,,,,,,,,,,,,,,,,,,6,,,,,3,0,1,98,1,,1,2,,,,,2,10,2,24,1,,0,6,,1,8,,4,,2,,,,1,,,,,,,,,1,2,2,2,,,,,2,,,,,,,,,3,15,1,1,24,2,1,2,,,,,,,,,,,,,,1,2,1,2,2,1,8,,61,01,1,04,4,0161,0,47,1836.90243,
5434689,1,1,1,60,2,47,2,,,,,,,,,,,500,,,,,,,,,,,,,,,,,,,,,,,,,,,,,,,,,,,,,,,,,,,,,,,6,,,,,3,1000000,1,12000000,3,,12,2,,,,,3,1,2,40,,.,40,,,1,8,,2,,2,,,,1,,,,,,,,,1,2,2,2,,,,,2,,,,,,,,,15,10,,2,,,,2,,,,,,,,,,,,,,1,1,1,2,2,1,8,,61,01,1,04,4,0161,1000000,47,1109.0807318,
5434690,1,4,1,60,2,47,2,,,,,,,,,,,144,,,,,,,,,,,,,,,,,,,,,,,,,,,,,,,,,,,,,,,,,,,,,,,6,,,,,3,400000,1,2500000,1,,12,2,,,,,2,1,1,40,,.,30,6,,1,8,,2,,2,,,,1,,,,,,,,,1,2,2,1,4,72,4,,2,,,,,,,,3,13,30,1,2,,,,1,1,1,1,2,2,2,2,2,2,2,,2,1,1,2,2,2,2,1,3,,61,01,1,04,4,0161,400000,47,1447.8403208,
5434704,1,1,1,60,2,47,2,,,,,,,,,,,96,,,,,,,,,,,,,,,,,,,,,,,,,,,,,,,,,,,,,,,,,,,,,,,6,,,,,3,300000,1,3600000,3,,12,2,,,,,3,10,2,56,,.,56,,,1,4,,2,,2,,,,1,,,,,,,,,1,2,2,1,0,120,4,,2,,,,,,,,3,14,,,2,,,,1,1,2,1,2,2,2,2,2,2,2,,2,1,1,2,1,2,2,1,3,,98,49,1,04,4,4921,300000,47,1933.9902959,
5434704,1,2,1,60,2,47,2,,,,,,,,,,,48,,,,,,,,,,,,,,,,,,,,,,,,,,,,,,,,,,,,,,,,,,,,,,,5,,,,,3,40000,1,480000,3,,12,2,,,,,3,10,2,24,2,,12,6,,1,5,,2,,2,,,,1,,,,,,,,,1,2,2,2,,,,,2,,,,,,,,,3,5,1,2,,,,1,1,2,1,2,2,2,2,2,2,2,,1,1,1,2,1,2,2,1,3,,45,47,1,04,4,4792,40000,47,1933.9902959,
5434705,1,2,1,60,2,47,2,,,,,,,,,,,37,,,,,,,,,,,,,,,,,,,,,,,,,,,,,,,,,,,,,,,,,,,,,,,6,,,,,3,1750000,1,21000000,3,,12,2,,,,,3,1,1,72,,.,72,,,1,1,,2,,2,,,,1,,,,,,,,,1,2,2,2,,,,,2,,,,,,,,,14,,,2,,,,2,,,,,,,,,,,,,,1,1,1,2,2,1,5,,41,47,1,04,4,4711,1750000,47,1639.1465607,
5434706,1,1,1,60,2,47,2,,,,,,,,,,,264,,,,,,,,,,,,,,,,,,,,,,,,,,,,,,,,,,,,,,,,,,,,,,,6,,,,,3,0,1,500000,2,,12,2,,,,,3,10,2,35,2,,35,,,1,8,,2,,2,,,,1,,,,,,,,,1,2,2,2,,,,,2,,,,,,,,,14,,,2,,,,2,,,,,,,,,,,,,,1,1,1,2,1,1,3,,61,01,1,04,4,0111,0,47,2122.3297766,
5434707,1,1,1,60,2,47,2,,,,,,,,,,,3,,,,,,,,,,,,,,,,,,,,,,,,,,,,,,,,,,,,,,,,,,,,,,,6,,,,,3,400000,1,4800000,3,,12,2,,,,,3,10,2,24,2,,16,6,,1,5,,5,,2,,,,1,,,,,,,,,1,2,2,1,0,720,4,,2,,,,,,,,6,13,30,1,2,,,,2,,,,,,,,,,,,,,1,1,1,2,2,1,3,,94,16,1,04,4,1690,400000,47,2090.4359681,
5434707,1,2,1,60,2,47,2,,,,,,,,,,,120,,,,,,,,,,,,,,,,,,,,,,,,,,,,,,,,,,,,,,,,,,,,,,,6,,,,,3,240000,1,2880000,3,,12,2,,,,,3,10,2,16,2,,16,,,1,5,,2,,2,,,,1,,,,,,,,,1,2,2,2,,,,,2,,,,,,,,,13,30,,2,,,,2,,,,,,,,,,,,,,1,1,1,2,2,1,8,,94,16,1,04,4,1690,240000,47,2090.4359681,
5434709,1,1,1,60,2,47,2,,,,,,,,,,,36,,,,,,,,,,,,,,,,,,,,,,,,,,,,,,,,,,,,,,,,,,,,,,,6,,,,,3,210000,1,2520000,1,,12,2,,,,,3,1,1,72,,.,72,,,1,1,,2,,2,,,,1,,,,,,,,,1,2,2,2,,,,,2,,,,,,,,,14,,,2,,,,2,,,,,,,,,,,,,,1,1,1,2,2,1,5,,41,47,1,04,4,4759,210000,47,1530.6298236,
5434711,1,1,1,60,2,47,2,,,,,,,,,,,228,,,,,,,,,,,,,,,,,,,,,,,,,,,,,,,,,,,,,,,,,,,,,,,6,,,,,3,700000,1,8400000,1,,12,2,,,,,3,1,1,56,,.,56,,,1,8,,5,,2,,,,1,,,,,,,,,1,2,2,2,,,,,2,,,,,,,,,3,15,,2,,,,2,,,,,,,,,,,,,,1,1,1,2,2,1,5,,64,03,1,04,4,0311,700000,47,2094.541081,
5434712,1,1,1,60,2,47,2,,,,,,,,,,,264,,,,,,,,,,,,,,,,,,,,,,,,,,,,,,,,,,,,,,,,,,,,,,,6,,,,,3,120000,1,600000,1,,6,2,,,,,2,1,2,40,,.,10,6,,1,8,,2,,2,,,,1,,,,,,,,,1,2,2,2,,,,,2,,,,,,,,,11,15,1,2,,,,2,,,,,,,,,,,,,,1,2,2,2,2,1,5,,61,01,1,04,4,0161,120000,47,1798.3579583,
5434712,1,2,1,60,2,47,2,,,,,,,,,,,2,,,,,,,,,,,,,,,,,,,,,,,,,,,,,,,,,,,,,,,,,,,,,,,6,,,,,3,595000,1,1190000,3,,2,2,,,,,3,1,2,45,,.,45,,,1,6,,2,,2,,,,1,,,,,,,,,1,2,2,1,12,1,4,,2,,,,,,,,11,11,15,,2,,,,2,,,,,,,,,,,,,,2,2,2,2,2,1,5,,53,56,1,04,4,5619,595000,47,1798.3579583,
5434713,1,1,1,60,2,47,2,,,,,,,,,,,36,,,,,,,,,,,,,,,,,,,,,,,,,,,,,,,,,,,,,,,,,,,,,,,6,,,,,3,96000,1,1152000,1,,12,2,,,,,3,10,2,12,2,,12,,,1,4,,2,,2,,,,1,,,,,,,,,1,2,2,2,,,,,2,,,,,,,,,14,,,2,,,,2,,,,,,,,,,,,,,1,2,1,2,2,1,3,,98,49,1,04,4,4921,96000,47,2135.3373858,
5434713,1,2,1,60,2,47,1,1,,,1,,,1,2,2,2,12,,1,,2,300000,2,,,1,312000,2,,2,,2,,2,,,2,,,2,,,2,,,2,,,2,,,2,,2,,2,,2,,2,,2,,,.,,,,,,,,,.,12,,,,,,,,,48,,.,48,,,1,2,,2,,2,,,,1,,,,,,,,,1,2,2,2,,,,,2,,,,,,,,,11,30,,2,,,,1,1,2,1,2,2,2,2,2,2,2,,2,1,1,1,1,2,1,1,3,,54,97,1,04,3,9700,612000,47,2135.3373858,
5434714,1,1,1,60,2,47,2,,,,,,,,,,,12,,,,,,,,,,,,,,,,,,,,,,,,,,,,,,,,,,,,,,,,,,,,,,,6,,,,,3,150000,1,1800000,3,,12,1,1,0,0,1,3,1,1,40,,.,40,,,2,1,,2,,2,,,,1,,,,,,,,,1,2,2,1,0,72,4,,2,,,,,,,,13,14,,,2,,,,2,,,,,,,,,,,,,,1,1,1,2,2,1,5,,94,16,1,04,4,1690,150000,47,1530.5161515,
5434714,1,2,1,60,2,47,2,,,,,,,,,,,12,,,,,,,,,,,,,,,,,,,,,,,,,,,,,,,,,,,,,,,,,,,,,,,,.,,,,,,,,,.,12,,,,,,,,,40,,.,40,,,2,1,,2,,2,,,,1,,,,,,,,,1,2,2,2,,,,,2,,,,,,,,,14,,,2,,,,2,,,,,,,,,,,,,,1,1,1,2,2,1,5,,94,16,1,04,6,1690,,47,1530.5161515,
5434715,1,1,1,60,2,47,2,,,,,,,,,,,180,,,,,,,,,,,,,,,,,,,,,,,,,,,,,,,,,,,,,,,,,,,,,,,6,,,,,3,900000,1,10800000,3,,12,2,,,,,3,8,1,84,,.,84,,,1,7,,2,,2,,,,1,,,,,,,,,1,2,2,1,0,120,4,,2,,,,,,,,3,11,60,,2,,,,2,,,,,,,,,,,,,,1,1,1,2,1,1,3,,57,96,1,04,4,9602,900000,47,2000.3713406,
5434730,1,1,1,60,2,47,2,,,,,,,,,,,7,,,,,,,,,,,,,,,,,,,,,,,,,,,,,,,,,,,,,,,,,,,,,,,6,,,,,3,270000,1,1890000,3,,12,2,,,,,2,1,2,36,1,,36,,,1,7,,11,,2,,,,1,,,,,,,,,1,2,2,1,0,36,1,,2,,,,,,,,13,12,10,,2,,,,2,,,,,,,,,,,,,,1,1,1,2,2,1,5,,53,56,1,04,4,5611,270000,47,1238.7252732,
5434730,1,2,1,60,2,47,2,,,,,,,,,,,12,,,,,,,,,,,,,,,,,,,,,,,,,,,,,,,,,,,,,,,,,,,,,,,6,,,,,3,100000,1,1200000,1,,12,2,,,,,2,5,2,20,1,,20,,,1,8,,11,,2,,,,1,,,,,,,,,1,2,2,2,,,,,2,,,,,,,,,3,6,,2,,,,2,,,,,,,,,,,,,,1,2,1,2,2,1,5,,63,02,1,04,4,0220,100000,47,1238.7252732,
5434730,1,4,1,60,2,47,2,,,,,,,,,,,6,,,,,,,,,,,,,,,,,,,,,,,,,,,,,,,,,,,,,,,,,,,,,,,6,,,,,3,60000,1,360000,1,,6,2,,,,,2,1,2,16,1,,16,,,1,7,,11,,2,,,,1,,,,,,,,,1,2,2,2,,,,,2,,,,,,,,,12,10,,2,,,,2,,,,,,,,,,,,,,1,1,1,2,2,2,5,,53,56,1,04,4,5611,60000,47,1238.7252732,
5434730,1,5,1,60,2,47,2,,,,,,,,,,,12,,,,,,,,,,,,,,,,,,,,,,,,,,,,,,,,,,,,,,,,,,,,,,,6,,,,,3,300000,1,3600000,3,,12,2,,,,,2,1,1,48,,.,40,6,,1,8,,2,,2,,,,1,,,,,,,,,1,2,2,1,0,36,1,,2,,,,,,,,9,12,10,1,2,,,,2,,,,,,,,,,,,,,1,2,2,2,2,1,8,,61,01,1,04,4,0161,300000,47,1238.7252732,
5434731,1,1,1,60,2,47,2,,,,,,,,,,,720,,,,,,,,,,,,,,,,,,,,,,,,,,,,,,,,,,,,,,,,,,,,,,,6,,,,,3,0,1,180000,2,,12,2,,,,,3,10,2,48,,.,48,,,1,8,,2,,2,,,,1,,,,,,,,,1,2,2,2,,,,,2,,,,,,,,,3,20,,2,,,,2,,,,,,,,,,,,,,1,1,1,2,1,1,8,,61,01,1,04,4,0113,0,47,1064.5988861,
5434731,1,3,1,60,2,47,1,1,,,1,,,1,2,2,2,3,,1,,2,,2,,,2,,2,,2,,2,,2,,,2,,,2,,,2,,,2,,,2,,,2,,2,,2,,2,,2,,2,,,.,,,,,,,,,.,12,,,,,,,,,48,,.,48,,,3,8,,2,,2,,,,1,,,,,,,,,1,2,2,1,0,5,4,,2,,,,,,,,8,11,30,,2,,,,2,,,,,,,,,,,,,,1,1,1,2,1,1,3,,62,01,1,04,8,0122,,47,1064.5988861,
5434732,1,1,1,60,2,47,2,,,,,,,,,,,240,,,,,,,,,,,,,,,,,,,,,,,,,,,,,,,,,,,,,,,,,,,,,,,6,,,,,3,400000,1,4800000,1,,12,2,,,,,2,10,1,24,1,,16,6,,1,8,,2,,2,,,,1,,,,,,,,,1,2,2,2,,,,,2,,,,,,,,,3,15,1,2,,,,2,,,,,,,,,,,,,,1,2,1,2,2,1,3,,61,01,1,04,4,0161,400000,47,1170.4095785,
5434732,1,2,1,60,2,47,2,,,,,,,,,,,3,,,,,,,,,,,,,,,,,,,,,,,,,,,,,,,,,,,,,,,,,,,,,,,6,,,,,2,450000,1,5400000,3,,12,2,,,,,3,3,2,56,,.,56,,,1,1,,2,,2,,,,1,,,,,,,,,1,2,2,2,,,,,2,,,,,,,,,14,,,2,,,,2,,,,,,,,,,,,,,1,1,1,2,1,1,3,,45,47,1,04,4,4711,450000,47,1170.4095785,
5434733,1,1,1,60,2,47,2,,,,,,,,,,,24,,,,,,,,,,,,,,,,,,,,,,,,,,,,,,,,,,,,,,,,,,,,,,,6,,,,,3,400000,1,2200000,3,,12,2,,,,,3,10,1,30,2,,30,,,1,8,,4,,2,,,,1,,,,,,,,,1,2,2,1,3,144,4,,2,,,,,,,,13,3,1,,2,,,,1,1,2,1,2,2,2,2,2,2,2,,2,1,2,2,2,2,2,1,5,,61,01,1,04,4,0162,400000,47,1500.5623211,
5434734,1,1,1,60,2,47,2,,,,,,,,,,,24,,,,,,,,,,,,,,,,,,,,,,,,,,,,,,,,,,,,,,,,,,,,,,,6,,,,,3,120000,1,1440000,3,,12,2,,,,,3,1,2,20,2,,20,,,1,7,,2,,2,,,,1,,,,,,,,,1,2,2,2,,,,,2,,,,,,,,,11,20,,2,,,,2,,,,,,,,,,,,,,1,1,1,2,2,1,5,,61,01,1,04,4,0125,120000,47,951.68042259,
5434735,1,1,1,60,2,47,2,,,,,,,,,,,12,,,,,,,,,,,,,,,,,,,,,,,,,,,,,,,,,,,,,,,,,,,,,,,6,,,,,3,300000,1,3600000,3,,12,2,,,,,3,9,1,40,,.,40,,,1,8,,2,,2,,,,1,,,,,,,,,1,2,2,1,0,72,1,,2,,,,,,,,2,11,10,,2,,,,2,,,,,,,,,,,,,,1,1,1,2,2,1,5,,61,01,1,04,4,0125,300000,47,1142.930052,
5434735,1,2,1,60,2,47,2,,,,,,,,,,,12,,,,,,,,,,,,,,,,,,,,,,,,,,,,,,,,,,,,,,,,,,,,,,,6,,,,,3,500000,1,6000000,3,,12,2,,,,,3,1,2,50,,.,50,,,1,1,,11,,2,,,,1,,,,,,,,,1,2,2,1,0,24,1,,1,47,2,4,,10000,1,1,13,14,,,2,,,,2,,,,,,,,,,,,,,1,1,1,2,2,1,5,,41,47,1,04,4,4711,510000,47,1142.930052,
5434736,1,1,1,60,2,47,2,,,,,,,,,,,120,,,,,,,,,,,,,,,,,,,,,,,,,,,,,,,,,,,,,,,,,,,,,,,6,,,,,3,600000,1,7200000,3,,12,2,,,,,3,10,1,24,2,,24,,,1,8,,2,,2,,,,1,,,,,,,,,1,2,2,2,,,,,2,,,,,,,,,3,20,,2,,,,2,,,,,,,,,,,,,,1,1,1,2,2,1,8,,61,01,1,04,4,0161,600000,47,1466.4044738,
5434737,1,1,1,60,2,47,1,1,,,1,,,1,2,2,2,12,,1,,2,1050000,2,,,2,,2,,2,,2,,2,,,2,,,2,,,2,,,2,,,2,,,2,,2,,2,,2,,2,,2,,,.,,,,,,,,,.,12,,,,,,,,,40,,.,40,,,4,8,,2,,2,,,,1,,,,,,,,,1,2,2,1,0,432,4,,2,,,,,,,,8,3,15,,2,,,,2,,,,,,,,,,,,,,1,1,1,2,2,1,5,,62,01,1,04,8,0123,1050000,47,1466.4044738,
5434738,1,1,1,60,2,47,2,,,,,,,,,,,540,,,,,,,,,,,,,,,,,,,,,,,,,,,,,,,,,,,,,,,,,,,,,,,6,,,,,3,400000,1,4800000,3,,12,2,,,,,3,10,2,48,,.,24,6,,1,8,,2,,2,,,,1,,,,,,,,,1,2,2,2,,,,,2,,,,,,,,,3,15,1,2,,,,2,,,,,,,,,,,,,,1,2,1,2,1,1,3,,61,01,1,04,4,0161,400000,47,1202.3165981,
5434739,1,1,1,60,2,47,2,,,,,,,,,,,456,,,,,,,,,,,,,,,,,,,,,,,,,,,,,,,,,,,,,,,,,,,,,,,6,,,,,3,1200000,1,14400000,3,,12,2,,,,,2,10,2,63,,.,63,,,1,8,,11,,2,,,,1,,,,,,,,,1,2,2,2,,,,,2,,,,,,,,,3,20,,2,,,,2,,,,,,,,,,,,,,1,1,2,2,2,1,5,,61,01,1,04,4,0161,1200000,47,1015.1532312,
5434739,1,6,1,60,2,47,2,,,,,,,,,,,240,,,,,,,,,,,,,,,,,,,,,,,,,,,,,,,,,,,,,,,,,,,,,,,6,,,,,3,300000,1,1200000,1,,12,2,,,,,2,1,1,30,1,,20,6,,1,8,,11,,2,,,,1,,,,,,,,,1,2,2,2,,,,,2,,,,,,,,,3,20,2,2,,,,2,,,,,,,,,,,,,,1,2,2,2,2,1,5,,61,01,1,04,4,0161,300000,47,1015.1532312,
5434740,1,1,1,60,2,47,1,1,,,1,,,1,2,2,2,8,,1,,2,700000,2,,,2,,2,,2,,2,,2,,,2,,,2,,,2,,,2,,,2,,,2,,2,,2,,2,,2,,2,,,.,,,,,,,,,.,12,,,,,,,,,40,,.,40,,,2,8,,4,,2,,,,1,,,,,,,,,1,2,2,1,0,240,4,,2,,,,,,,,8,3,20,,2,,,,2,,,,,,,,,,,,,,1,1,1,2,2,1,3,,62,01,1,04,8,0123,700000,47,1158.5586726,
5434771,1,1,1,60,2,54,2,,,,,,,,,,,12,,,,,,,,,,,,,,,,,,,,,,,,,,,,,,,,,,,,,,,,,,,,,,,7,,2,,,2,500000,1,6000000,3,,12,1,1,0,0,1,3,3,2,54,,.,54,,,2,8,,2,,2,,,,1,,,,,,,,,1,2,2,1,0,12,4,,2,,,,,,,,9,3,2,,2,,,,2,,,,,,,,,,,,,,1,1,1,2,1,1,3,,61,01,1,04,4,0150,500000,54,1519.718562,
5434771,1,2,1,60,2,54,2,,,,,,,,,,,12,,,,,,,,,,,,,,,,,,,,,,,,,,,,,,,,,,,,,,,,,,,,,,,,.,,,,,,,,,.,12,,,,,,,,,20,2,,20,,,2,8,,2,,2,,,,1,,,,,,,,,1,2,2,1,0,120,6,,2,,,,,,,,9,3,2,,2,,,,2,,,,,,,,,,,,,,1,1,1,2,1,1,3,,62,01,1,04,6,0150,,54,1519.718562,
5434771,2,1,2,60,2,54,1,2,2,6,1,,,1,2,2,2,96,,,,,,,,,,,,,,,,,,,,,,,,,,,,,,,,,,,,,,,,,,,,,,,1,,,,,3,1500000,1,18000000,3,,12,2,,,,,1,3,1,48,,.,48,,,8,8,,1,,1,1,2,8,1,1,,,,,,,,,1,2,1,0,12,1,,2,,,,,,,,1,11,40,,2,,,,2,,,,,,,,,,,,,,1,1,1,2,1,1,3,,05,84,1,04,4,8412,1500000,54,1519.718562,
5434771,2,2,2,60,2,20,1,1,,,1,,,1,2,2,2,3,,1,,2,750000,2,,,2,,2,,2,,2,,2,,,2,,,2,,,2,,,2,,,2,,,2,,2,,2,,2,,2,,2,,,.,,,,,,,,,.,3,,,,,,,,,60,,.,60,,,2,7,,2,,2,,,,1,,,,,,,,,1,2,2,1,12,12,6,,2,,,,,,,,9,11,10,,2,,,,2,,,,,,,,,,,,,,1,1,1,2,1,1,3,,50,56,1,04,1,5630,750000,54,1519.718562,
5434772,1,1,1,60,2,54,2,,,,,,,,,,,48,,,,,,,,,,,,,,,,,,,,,,,,,,,,,,,,,,,,,,,,,,,,,,,6,,,,,3,900000,1,10800000,3,,12,2,,,,,3,3,2,48,,.,48,,,1,5,,2,,2,,,,1,,,,,,,,,1,2,2,1,0,120,1,,1,20,0,4,,180000,1,2,9,11,20,,2,,,,2,,,,,,,,,,,,,,1,1,1,2,1,1,3,,87,25,1,04,4,2592,1080000,54,1524.8062339,
5434772,1,2,1,60,2,20,1,1,,,1,,,1,2,2,2,2,,,,,,,,,,,,,,,,,,,,,,,,,,,,,,,,,,,,,,,,,,,,,,,4,,,,,3,800000,1,1600000,3,,12,2,,,,,1,3,2,54,,.,54,,,1,7,,2,,2,,,,1,,,,,,,,,1,2,2,1,0,2,1,,2,,,,,,,,2,11,10,,2,,,,2,,,,,,,,,,,,,,1,1,1,2,1,1,3,,41,56,1,04,4,5630,800000,54,1524.8062339,
5434773,1,1,1,60,2,54,1,1,,,1,,,1,2,2,2,96,,1,,2,450000,2,,,2,,1,100000,2,,2,,2,,,2,,,2,,,2,,,2,,,2,,,2,,2,,2,,2,,2,,2,,,.,,,,,,,,,.,12,,,,,,,,,54,,.,54,,,3,8,,2,,2,,,,1,,,,,,,,,1,2,2,1,0,2,8,,2,,,,,,,,1,3,2,,2,,,,2,,,,,,,,,,,,,,1,1,1,2,1,1,3,,60,01,1,04,1,0126,550000,54,797.99246604,
5434774,1,1,1,60,2,54,1,1,,,1,,,1,2,2,2,36,,1,,2,600000,2,,,2,,2,,2,,2,,2,,,2,,,2,,,2,,,2,,,2,,,2,,2,,2,,2,,2,,2,,,.,,,,,,,,,.,12,,,,,,,,,54,,.,54,,,3,8,,4,,2,,,,1,,,,,,,,,1,2,2,1,0,1,8,,2,,,,,,,,1,3,2,,2,,,,2,,,,,,,,,,,,,,1,1,1,2,1,1,3,,62,01,1,04,8,0126,600000,54,1072.5552125,
5434775,1,1,1,60,2,54,2,,,,,,,,,,,360,,,,,,,,,,,,,,,,,,,,,,,,,,,,,,,,,,,,,,,,,,,,,,,7,,2,,,2,400000,1,4800000,3,,12,1,1,0,1,0,3,3,2,56,,.,56,,,2,8,,3,,2,,,,1,,,,,,,,,1,2,2,1,0,12,8,,2,,,,,,,,1,3,2,,2,,,,2,,,,,,,,,,,,,,1,1,1,2,1,1,3,,61,01,1,04,4,0141,400000,54,1207.7466873,
5434775,1,2,1,60,2,54,2,,,,,,,,,,,240,,,,,,,,,,,,,,,,,,,,,,,,,,,,,,,,,,,,,,,,,,,,,,,7,,2,,,2,400000,1,4800000,3,,12,1,1,0,1,0,3,3,2,56,,.,56,,,2,8,,1,,2,,,,1,,,,,,,,,1,2,2,1,0,12,4,,2,,,,,,,,8,3,2,,2,,,,2,,,,,,,,,,,,,,1,1,1,2,1,1,3,,61,01,1,04,4,0141,400000,54,1207.7466873,
5434776,1,1,1,60,2,54,2,,,,,,,,,,,240,,,,,,,,,,,,,,,,,,,,,,,,,,,,,,,,,,,,,,,,,,,,,,,7,,2,,,2,400000,1,4800000,3,,12,1,1,1,0,0,3,3,2,38,2,,38,,,2,8,,3,,2,,,,1,,,1,,,,,,,2,2,1,0,12,4,,2,,,,,,,,3,3,10,,2,,,,2,,,,,,,,,,,,,,1,1,1,2,1,1,2,,61,01,1,04,5,0121,400000,54,498.83955218,
5434777,1,1,1,60,2,54,1,1,,,1,,,1,2,2,2,60,,1,,2,500000,2,,,2,,1,110000,2,,2,,2,,,2,,,2,,,2,,,2,,,2,,,2,,2,,2,,2,,2,,2,,,.,,,,,,,,,.,12,,,,,,,,,54,,.,54,,,2,8,,2,,2,,,,1,,,,,,,,,1,2,2,1,0,2,8,,2,,,,,,,,1,3,2,,2,,,,2,,,,,,,,,,,,,,1,1,1,2,1,1,3,,62,01,1,04,8,0141,610000,54,864.22053591,
5434778,1,1,1,60,2,54,1,1,,,1,,,1,2,2,2,1,,1,,2,908000,2,,,2,,1,200000,2,,2,,2,,,2,,,2,,,2,,,2,,,2,,,2,,2,,2,,2,,2,,2,,,.,,,,,,,,,.,12,,,,,,,,,40,,.,40,,,2,8,,2,,2,,,,1,,,,,,,,,1,2,2,1,0,1,8,,2,,,,,,,,3,3,15,,2,,,,1,1,2,1,2,1,2,2,2,2,2,,2,1,2,2,1,2,2,1,8,,60,01,1,04,1,0141,1108000,54,1150.3178979,
5434778,1,2,1,60,2,54,2,,,,,,,,,,,1,,,,,,,,,,,,,,,,,,,,,,,,,,,,,,,,,,,,,,,,,,,,,,,,.,,,,,,,,,.,12,,,,,,,,,14,2,,14,,,2,8,,2,,2,,,,1,,,,,,,,,1,2,2,1,0,36,6,,2,,,,,,,,9,3,10,,2,,,,2,,,,,,,,,,,,,,1,2,1,2,1,1,8,,62,01,1,04,7,0141,,54,1150.3178979,
5434779,1,1,1,60,2,54,1,1,,,1,,,1,2,2,2,48,,1,,2,495000,2,,,2,,2,,2,,2,,2,,,2,,,2,,,2,,,2,,,2,,,2,,2,,2,,2,,2,,2,,,.,,,,,,,,,.,12,,,,,,,,,40,,.,40,,,2,8,,2,,2,,,,1,,,,,,,,,1,2,2,1,0,24,1,,1,54,18,4,,220000,2,8,3,3,5,,2,,,,2,,,,,,,,,,,,,,1,1,1,2,1,1,5,,62,01,1,04,8,0141,715000,54,1001.362974,
5434779,1,2,1,60,2,54,2,,,,,,,,,,,48,,,,,,,,,,,,,,,,,,,,,,,,,,,,,,,,,,,,,,,,,,,,,,,,.,,,,,,,,,.,12,,,,,,,,,18,2,,18,,,2,8,,2,,2,,,,1,,,,,,,,,1,2,2,1,0,36,6,,2,,,,,,,,9,3,5,,2,,,,2,,,,,,,,,,,,,,1,1,1,2,1,1,5,,62,01,1,04,6,0122,,54,1001.362974,
5434780,1,2,1,60,2,54,2,,,,,,,,,,,300,,,,,,,,,,,,,,,,,,,,,,,,,,,,,,,,,,,,,,,,,,,,,,,7,,2,,,2,800000,1,9600000,3,,12,1,1,1,0,0,3,3,2,40,,.,40,,,2,8,,2,,2,,,,1,,,,,,,,,1,2,2,1,8,60,4,,2,,,,,,,,11,3,5,,2,,,,2,,,,,,,,,,,,,,1,1,1,2,2,1,3,,61,01,1,04,5,0150,800000,54,709.86327831,
5434781,1,2,1,60,2,54,2,,,,,,,,,,,48,,,,,,,,,,,,,,,,,,,,,,,,,,,,,,,,,,,,,,,,,,,,,,,7,,2,,,2,200000,1,2000000,3,,12,1,1,0,1,0,3,11,2,18,2,,18,,,2,8,,2,,2,,,,1,,,,,,,,,1,2,2,1,0,24,6,,2,,,,,,,,3,3,5,,2,,,,2,,,,,,,,,,,,,,2,1,1,2,1,1,3,,61,01,1,04,4,0127,200000,54,562.5089378,
5434830,1,1,1,60,2,68,2,,,,,,,,,,,24,,,,,,,,,,,,,,,,,,,,,,,,,,,,,,,,,,,,,,,,,,,,,,,7,,2,,,2,160000,1,700000,3,,12,2,,,,,1,3,2,20,2,,20,,,1,8,,2,,2,,,,1,,,,,,,,,1,2,2,1,0,240,4,,2,,,,,,,,3,3,20,,2,,,,2,,,,,,,,,,,,,,1,1,1,2,1,1,3,,61,01,1,04,4,0141,160000,68,2387.5549942,
5434831,1,2,1,60,2,68,2,,,,,,,,,,,48,,,,,,,,,,,,,,,,,,,,,,,,,,,,,,,,,,,,,,,,,,,,,,,6,,,,,3,480000,1,5760000,3,,12,2,,,,,2,3,2,40,,.,40,,,1,8,,2,,2,,,,1,,,,,,,,,1,2,2,2,,,,,2,,,,,,,,,11,60,,2,,,,2,,,,,,,,,,,,,,1,2,1,2,1,1,8,,61,01,1,04,4,0161,480000,68,4753.096166,
5434832,1,1,1,60,2,68,2,,,,,,,,,,,18,,,,,,,,,,,,,,,,,,,,,,,,,,,,,,,,,,,,,,,,,,,,,,,6,,,,,2,0,1,98,3,,12,2,,,,,3,3,2,20,2,,12,6,,1,1,,2,,2,,,,1,,,,,,,,,1,2,2,2,,,,,2,,,,,,,,,14,,1,2,,,,2,,,,,,,,,,,,,,1,2,1,2,2,1,3,,41,47,1,04,4,4724,0,68,4037.8284971,
5434832,1,2,1,60,2,68,2,,,,,,,,,,,360,,,,,,,,,,,,,,,,,,,,,,,,,,,,,,,,,,,,,,,,,,,,,,,7,,2,,,2,620000,1,98,3,,12,2,,,,,3,3,2,36,2,,36,,,1,8,,2,,2,,,,1,,,,,,,,,1,2,2,2,,,,,2,,,,,,,,,3,10,,2,,,,2,,,,,,,,,,,,,,1,2,1,2,1,1,5,,61,01,1,04,4,0113,620000,68,4037.8284971,
5434833,1,1,1,60,2,68,2,,,,,,,,,,,240,,,,,,,,,,,,,,,,,,,,,,,,,,,,,,,,,,,,,,,,,,,,,,,6,,,,,2,400000,1,2200000,3,,12,2,,,,,2,1,2,20,1,,20,,,1,8,,2,,2,,,,1,,,,,,,,,1,2,2,2,,,,,2,,,,,,,,,3,30,,1,30,2,1,2,,,,,,,,,,,,,,1,2,2,2,2,1,3,,61,01,1,04,4,0161,400000,68,4662.8014618,
5434834,1,1,1,60,2,68,1,1,,,1,,,1,2,2,2,2,,1,,2,700000,2,,,2,,2,,2,,2,,2,,,2,,,2,,,2,,,2,,,2,,,2,,2,,2,,2,,2,,2,,,.,,,,,,,,,.,12,,,,,,,,,45,,.,45,,,3,2,,2,,2,,,,1,,,,,,,,,1,2,2,1,0,36,1,,2,,,,,,,,3,3,10,,2,,,,2,,,,,,,,,,,,,,1,1,1,2,1,1,3,,95,41,1,04,1,4111,700000,68,6016.0001275,
5434835,1,2,1,60,2,68,2,,,,,,,,,,,84,,,,,,,,,,,,,,,,,,,,,,,,,,,,,,,,,,,,,,,,,,,,,,,6,,,,,3,200000,1,2400000,3,,12,2,,,,,2,3,2,48,,.,0,6,,1,8,,2,,2,,,,1,,,,,,,,,1,2,2,2,,,,,2,,,,,,,,,3,30,1,2,,,,2,,,,,,,,,,,,,,1,2,1,2,2,1,3,,61,01,1,04,4,0161,200000,68,3179.0982627,
5434836,1,2,1,60,2,68,2,,,,,,,,,,,24,,,,,,,,,,,,,,,,,,,,,,,,,,,,,,,,,,,,,,,,,,,,,,,6,,,,,2,480000,1,2400000,3,,12,2,,,,,2,1,2,40,,.,40,,,1,8,,2,,2,,,,1,,,,,,,,,1,2,2,2,,,,,2,,,,,,,,,3,20,,2,,,,2,,,,,,,,,,,,,,1,1,1,2,2,1,3,,62,01,1,04,4,0161,480000,68,7049.8116193,
5434836,1,3,1,60,2,68,2,,,,,,,,,,,3,,,,,,,,,,,,,,,,,,,,,,,,,,,,,,,,,,,,,,,,,,,,,,,6,,,,,2,400000,1,800000,3,,3,2,,,,,2,1,2,45,,.,45,,,1,8,,2,,2,,,,1,,,,,,,,,1,2,2,2,,,,,2,,,,,,,,,10,45,,2,,,,2,,,,,,,,,,,,,,1,1,1,2,2,1,3,,61,01,1,04,4,0161,400000,68,7049.8116193,
5434837,1,1,1,60,2,68,2,,,,,,,,,,,24,,,,,,,,,,,,,,,,,,,,,,,,,,,,,,,,,,,,,,,,,,,,,,,7,,1,2,,2,0,1,3000000,3,,12,1,1,0,0,1,1,3,2,56,,.,56,,,2,8,,2,,2,,,,1,,,,,,,,,1,2,2,1,24,3,1,,2,,,,,,,,9,3,2,,2,,,,2,,,,,,,,,,,,,,1,2,1,2,2,1,8,,61,01,1,04,4,0121,0,68,5384.8302481,
5434837,1,2,1,60,2,68,2,,,,,,,,,,,4,,,,,,,,,,,,,,,,,,,,,,,,,,,,,,,,,,,,,,,,,,,,,,,,.,,,,,,,,,.,12,,,,,,,,,56,,.,56,,,2,8,,10,,2,,,,1,,,,,,,,,1,2,2,1,0,6,1,,2,,,,,,,,1,3,2,,2,,,,1,1,1,1,2,1,2,1,2,1,2,,1,1,1,2,1,2,2,1,3,,62,01,1,04,6,0121,,68,5384.8302481,
5434839,1,1,1,60,2,15,1,2,1,,1,,,1,1,1,1,6,,1,,2,1014980,2,,,2,,2,,2,,2,,2,,,1,106454,1,2,,,2,,,2,,,2,,,2,,1,100000,2,,2,,2,,2,,,.,,,,,,,,,.,12,,,,,,,,,48,,.,48,,,4,7,,1,,1,2,1,0,1,1,,,,,,,,,1,1,1,0,2,1,,2,,,,,,,,3,11,40,,2,,,,2,,,,,,,,,,,,,,1,1,1,2,1,1,3,,59,87,1,04,1,8730,1014980,68,3088.8035584,
5434846,1,1,1,60,2,15,2,,,,,,,,,,,79,,,,,,,,,,,,,,,,,,,,,,,,,,,,,,,,,,,,,,,,,,,,,,,7,,2,,,2,1800000,1,99,3,,12,1,1,1,0,0,2,3,2,40,,.,40,,,2,8,,1,,3,,,,,.,,,,,,,,,2,2,1,0,300,1,,2,,,,,,,,4,8,10,,2,,,,2,,,,,,,,,,,,,,1,2,1,2,1,1,10,PENSION,61,01,1,04,5,0141,1800000,15,1948.7256652,
5434847,1,1,1,60,2,15,2,,,,,,,,,,,18,,,,,,,,,,,,,,,,,,,,,,,,,,,,,,,,,,,,,,,,,,,,,,,7,,2,,,3,700000,1,6000000,3,,12,2,,,,,1,3,2,21,2,,21,,,1,8,,1,,2,,,,1,,,1,,,,,,,2,2,1,3,264,1,,2,,,,,,,,7,3,5,,2,,,,2,,,,,,,,,,,,,,1,1,1,2,1,1,2,,61,01,1,04,4,0141,700000,15,2053.0211327,
5434851,1,1,1,60,2,15,1,1,,,1,,,1,2,2,2,3,,1,,2,908526,2,,,2,,2,,2,,2,,2,,,2,,,2,,,2,,,2,,,2,,,2,,2,,2,,2,,2,,2,,,.,,,,,,,,,.,12,,,,,,,,,40,,.,40,,,5,8,,1,,1,2,1,6,1,1,,,,,,,,,1,2,1,0,60,1,,2,,,,,,,,8,11,10,,2,,,,2,,,,,,,,,,,,,,2,1,2,2,1,1,3,,60,01,1,04,1,0141,908526,15,2809.910268,
5434852,1,3,1,60,2,15,2,,,,,,,,,,,70,,,,,,,,,,,,,,,,,,,,,,,,,,,,,,,,,,,,,,,,,,,,,,,6,,,,,2,400000,1,3500000,3,,12,2,,,,,2,1,2,40,,.,40,,,1,8,,2,,2,,,,1,,,,,,,,,1,2,2,2,,,,,2,,,,,,,,,3,20,,2,,,,2,,,,,,,,,,,,,,1,2,1,2,1,1,2,,61,01,1,04,4,0161,400000,15,905.1447517,
5434854,1,1,1,60,2,15,2,,,,,,,,,,,360,,,,,,,,,,,,,,,,,,,,,,,,,,,,,,,,,,,,,,,,,,,,,,,7,,2,,,2,1500000,1,15000000,3,,12,2,,,,,1,9,2,28,2,,28,,,1,8,,4,,2,,,,1,,,1,,,,,,,2,2,2,,,,,2,,,,,,,,,3,2,,2,,,,2,,,,,,,,,,,,,,1,1,1,2,1,1,2,,61,01,1,04,4,0141,1500000,15,1413.7263652,
5434854,1,3,1,60,2,25,1,2,1,,1,,,1,1,1,1,36,,1,,1,908526,2,,,2,,2,,2,,2,,2,,,1,106454,2,2,,,2,,,2,,,2,,,1,480000,1,850000,2,,2,,2,,2,,,.,,,,,,,,,.,12,,,,,,,,,40,,.,40,,,5,7,,1,,1,1,1,3,1,1,,,,,,,,,1,1,1,2,24,1,,2,,,,,,,,8,11,40,,2,,,,2,,,,,,,,,,,,,,1,1,1,2,1,1,3,,77,10,1,04,1,1040,908526,15,1413.7263652,
5434863,1,1,1,60,2,15,1,2,1,,1,,,1,1,1,1,120,,1,,2,1300000,2,,,2,,2,,2,,2,,2,,,2,,,1,90000,2,2,,,2,,,2,,,1,600000,1,600000,1,600000,2,,2,,2,,,.,,,,,,,,,.,12,,,,,,,,,48,,.,48,,,5,10,,1,,1,1,1,10,1,1,,,,,,,,,1,1,1,0,120,1,,2,,,,,,,,3,11,35,,2,,,,2,,,,,,,,,,,,,,1,1,1,2,1,1,3,,71,05,1,04,1,0510,1300000,15,3620.5790068,
5434864,1,1,1,60,2,15,1,2,1,,1,,,1,1,1,1,156,,2,,2,1800000,2,,,2,,2,,2,,2,,1,180000,2,2,,,2,,,2,,,2,,,2,,,1,900000,1,900000,2,,2,,2,,2,,,.,,,,,,,,,.,12,,,,,,,,,40,,.,40,,,6,10,,1,,1,2,1,20,1,1,,,,,,,,,1,1,1,2,96,1,,2,,,,,,,,8,11,30,,2,,,,2,,,,,,,,,,,,,,1,1,1,1,1,1,1,,71,05,1,04,1,0510,1800000,15,1447.9579443,
5434865,1,2,1,60,2,15,2,,,,,,,,,,,72,,,,,,,,,,,,,,,,,,,,,,,,,,,,,,,,,,,,,,,,,,,,,,,7,,2,,,2,0,1,4000000,3,,12,2,,,,,2,3,2,26,2,,26,,,1,8,,3,,2,,,,1,,,,,,,,,1,2,2,2,,,,,2,,,,,,,,,3,16,,2,,,,2,,,,,,,,,,,,,,1,2,1,2,1,1,2,,61,01,1,04,4,0141,0,15,1902.6992977,
5434866,1,1,1,60,2,15,1,2,1,,1,,,1,1,1,1,192,,2,,2,908526,2,,,2,,2,,2,,2,,2,,,1,106454,2,2,,,2,,,2,,,2,,,1,450000,1,480000,2,,2,,2,,2,,,.,,,,,,,,,.,12,,,,,,,,,40,,.,40,,,6,10,,1,,1,2,1,25,1,1,,,,,,,,,1,1,1,0,120,1,,2,,,,,,,,8,11,30,,2,,,,2,,,,,,,,,,,,,,1,1,1,2,1,1,2,,71,05,1,04,1,0510,908526,15,1816.9738876,
5434866,1,3,1,60,2,15,1,2,1,,1,,,1,1,1,1,8,,1,,2,908526,2,,,2,,2,,9,,2,,2,,,1,106454,2,2,,,2,,,2,,,2,,,2,,2,,2,,2,,2,,2,,,.,,,,,,,,,.,8,,,,,,,,,40,,.,40,,,6,10,,1,,1,1,1,0,1,1,,,,,,,,,1,1,1,5,36,4,,2,,,,,,,,3,11,30,,2,,,,2,,,,,,,,,,,,,,1,1,1,2,1,1,3,,71,05,1,04,1,0510,908526,15,1816.9738876,
5434866,1,4,1,60,2,15,1,2,1,,1,,,1,1,1,1,16,,1,,2,908526,2,,,2,,2,,2,,2,,2,,,1,106454,2,2,,,2,,,2,,,2,,,1,380000,1,450000,2,,2,,2,,2,,,.,,,,,,,,,.,12,,,,,,,,,40,,.,40,,,6,10,,1,,1,1,1,1,1,1,,,,,,,,,1,1,1,2,15,4,,2,,,,,,,,3,11,30,,2,,,,2,,,,,,,,,,,,,,1,1,1,2,1,1,3,,71,05,1,04,1,0510,908526,15,1816.9738876,
5434867,1,1,1,60,2,15,1,2,1,,1,,,1,1,1,1,72,,1,,2,908000,2,,,2,,2,,2,,2,,2,,,1,106600,2,1,60000,2,2,,,2,,,2,,,1,400000,1,400000,2,,2,,2,,2,,,.,,,,,,,,,.,12,,,,,,,,,48,,.,48,,,9,10,,1,,1,2,1,15,1,1,,,,,,,,,1,1,1,2,3,1,,2,,,,,,,,11,8,40,,2,,,,2,,,,,,,,,,,,,,1,1,1,2,1,1,1,,71,05,1,04,1,0510,908000,15,2717.5004737,
5434870,1,3,1,60,2,15,1,2,1,,1,,,1,1,1,1,12,,1,,2,908600,2,,,2,,2,,2,,2,,2,,,1,106600,2,2,,,2,,,2,,,2,,,1,400000,1,400000,2,,2,,2,,2,,,.,,,,,,,,,.,12,,,,,,,,,48,,.,48,,,5,10,,1,,1,2,1,4,1,1,,,,,,,,,1,1,1,0,37,1,,2,,,,,,,,3,11,30,,2,,,,2,,,,,,,,,,,,,,1,1,1,2,1,1,2,,71,05,1,04,1,0510,908600,15,905.1447517,
5434871,1,1,1,60,2,15,1,2,1,,1,,,1,1,1,1,8,,1,,2,908526,2,,,2,,2,,2,,2,,2,,,2,,,2,,,2,,,2,,,2,,,2,,2,,2,,2,,2,,2,,,.,,,,,,,,,.,12,,,,,,,,,40,,.,40,,,5,10,,1,,1,2,1,8,1,1,,,,,,,,,1,1,1,0,96,1,,2,,,,,,,,8,11,30,,2,,,,2,,,,,,,,,,,,,,1,1,1,1,1,1,3,,71,05,1,04,1,0510,908526,15,1767.7122754,
5434872,1,1,1,60,2,15,1,2,2,4,1,,,1,2,2,2,2,,1,,2,908600,2,,,2,,2,,2,,2,,2,,,2,,,2,,,2,,,2,,,2,,,2,,2,,2,,2,,2,,2,,,.,,,,,,,,,.,12,,,,,,,,,48,,.,48,,,4,9,,1,,1,2,1,16,1,1,,,,,,,,,1,2,1,0,69,4,,2,,,,,,,,2,3,20,,2,,,,2,,,,,,,,,,,,,,1,2,1,2,1,1,2,,95,42,1,04,1,4210,908600,15,1586.3941061,
5434872,1,3,1,60,2,15,1,2,1,,1,,,1,1,1,1,3,,1,,2,908000,2,,,2,,2,,2,,2,,2,,,1,106600,2,2,,,2,,,2,,,2,,,2,,2,,2,,2,,2,,2,,,.,,,,,,,,,.,6,,,,,,,,,48,,.,48,,,5,7,,1,,1,1,1,2,1,1,,,,,,,,,1,1,1,7,1,1,,2,,,,,,,,11,11,30,,2,,,,2,,,,,,,,,,,,,,1,1,1,2,1,1,2,,95,42,1,04,1,4290,908000,15,1586.3941061,
5434874,1,1,1,60,2,15,1,2,1,,1,,,1,1,1,1,6,,1,,2,908700,2,,,2,,2,,2,,2,,2,,,1,106600,2,1,30000,2,2,,,2,,,2,,,1,400000,1,400000,2,,2,,2,,2,,,.,,,,,,,,,.,12,,,,,,,,,48,,.,48,,,6,7,,1,,1,1,1,3,1,1,,,,,,,,,1,1,1,0,10,4,,2,,,,,,,,2,11,30,,2,,,,2,,,,,,,,,,,,,,1,1,1,2,1,1,1,,55,05,1,04,1,0510,908700,15,1201.9910702,
5434875,1,1,1,60,2,15,1,2,1,,1,,,1,1,1,1,240,,1,,2,908526,2,,,2,,2,,2,,2,,2,,,1,106454,2,1,35000,2,2,,,2,,,2,,,1,450000,1,8000000,2,,2,,2,,2,,,.,,,,,,,,,.,12,,,,,,,,,40,,.,40,,,5,10,,1,,1,2,1,25,1,1,,,,,,,,,1,1,1,0,156,4,,2,,,,,,,,3,11,40,,2,,,,2,,,,,,,,,,,,,,1,1,1,2,1,1,2,,71,05,1,04,1,0510,908526,15,1124.9683685,
5434887,1,1,1,60,2,15,2,,,,,,,,,,,480,,,,,,,,,,,,,,,,,,,,,,,,,,,,,,,,,,,,,,,,,,,,,,,7,,2,,,2,180000,1,2000000,3,,12,2,,,,,2,9,2,30,2,,30,,,1,8,,2,,2,,,,1,,,,,,,,,1,2,2,2,,,,,2,,,,,,,,,3,5,,2,,,,2,,,,,,,,,,,,,,1,1,1,2,1,1,2,,61,01,1,04,4,0141,180000,15,2198.6900122,
5434888,1,2,1,60,2,15,1,2,1,,1,,,1,1,1,1,48,,5,,2,1800000,2,,,2,,2,,2,,2,,2,,,2,,,2,,,2,,,2,,,2,,,1,900000,1,900000,1,900000,2,,2,,2,,,.,,,,,,,,,.,12,,,,,,,,,50,,.,50,,,9,7,,1,,1,3,1,4,1,1,,,,,,,,,1,1,2,,,,,2,,,,,,,,,11,20,,2,,,,2,,,,,,,,,,,,,,1,1,1,2,1,1,1,,58,84,1,04,2,8423,1800000,15,1411.7517026,
5434890,1,1,1,60,2,15,2,,,,,,,,,,,300,,,,,,,,,,,,,,,,,,,,,,,,,,,,,,,,,,,,,,,,,,,,,,,7,,2,,,2,0,1,6000000,3,,12,2,,,,,3,9,2,50,,.,35,6,,1,8,,3,,2,,,,1,,,1,,,,,,,2,2,1,0,39,6,,2,,,,,,,,9,3,5,1,2,,,,2,,,,,,,,,,,,,,1,2,1,2,2,1,2,,61,01,1,04,4,0113,0,15,1203.5254984,
5434891,1,1,1,60,2,15,2,,,,,,,,,,,8,,,,,,,,,,,,,,,,,,,,,,,,,,,,,,,,,,,,,,,,,,,,,,,6,,,,,2,700000,1,6000000,3,,8,2,,,,,2,1,1,40,,.,40,,,1,2,,2,,2,,,,1,,,,,,,,,1,2,2,1,4,36,1,,2,,,,,,,,2,2,20,,2,,,,2,,,,,,,,,,,,,,1,1,1,2,1,1,2,,54,81,1,04,4,8121,700000,15,1047.3320374,
5434892,1,3,1,60,2,15,2,,,,,,,,,,,3,,,,,,,,,,,,,,,,,,,,,,,,,,,,,,,,,,,,,,,,,,,,,,,6,,,,,2,400000,1,98,3,,12,2,,,,,2,1,1,50,,.,50,,,1,6,,2,,2,,,,1,,,,,,,,,1,2,2,1,0,36,4,,2,,,,,,,,9,13,20,,2,,,,2,,,,,,,,,,,,,,1,2,1,2,2,1,2,,97,52,1,04,4,5224,400000,15,1609.4596379,
5434893,1,1,1,60,2,15,2,,,,,,,,,,,8,,,,,,,,,,,,,,,,,,,,,,,,,,,,,,,,,,,,,,,,,,,,,,,6,,,,,2,700000,1,6000000,3,,8,2,,,,,2,1,1,40,,.,40,,,1,2,,4,,2,,,,1,,,,,,,,,1,2,2,1,4,2,1,,2,,,,,,,,13,2,20,,2,,,,1,1,1,1,2,1,2,1,2,2,2,,1,1,2,2,2,2,2,2,2,,54,81,1,04,4,8121,700000,15,1021.2482756,
5434895,1,1,1,60,2,15,1,2,1,,1,,,1,1,1,1,24,,1,,2,908000,2,,,2,,2,,2,,2,,2,,,1,106000,2,2,,,2,,,2,,,2,,,1,414000,1,414000,1,450000,2,,2,,2,,,.,,,,,,,,,.,12,,,,,,,,,48,,.,48,,,9,7,,1,,1,2,1,24,1,1,,,,,,,,,1,1,1,2,36,1,,2,,,,,,,,1,13,20,,2,,,,2,,,,,,,,,,,,,,1,1,1,2,1,1,1,,77,01,1,04,1,0145,908000,15,1685.6186807,
5434895,1,3,1,60,2,15,1,2,1,,1,,,1,1,1,1,32,,1,,2,908000,2,,,2,,2,,2,,2,,2,,,1,200000,2,2,,,2,,,2,,,2,,,1,414000,1,414000,1,450000,2,,2,,2,,,.,,,,,,,,,.,12,,,,,,,,,48,,.,48,,,9,7,,1,,1,2,1,3,1,1,,,,,,,,,1,1,2,,,,,2,,,,,,,,,11,15,,2,,,,2,,,,,,,,,,,,,,1,1,1,2,1,1,1,,97,01,1,04,1,0145,908000,15,1685.6186807,
5434897,1,1,1,60,2,15,1,2,1,,1,,,1,1,1,1,56,,1,,2,1500000,2,,,2,,2,,2,,2,,2,,,2,,,2,,,2,,,2,,,2,,,1,750000,1,750000,1,750000,2,,2,,2,,,.,,,,,,,,,.,12,,,,,,,,,48,,.,48,,,9,4,,1,,1,2,1,7,1,1,,,,,,,,,1,1,1,2,76,1,,2,,,,,,,,1,1,30,,2,,,,2,,,,,,,,,,,,,,1,1,1,2,1,1,2,,98,05,1,04,1,0510,1500000,15,1994.4579136,
5434898,1,1,1,60,2,15,2,,,,,,,,,,,6,,,,,,,,,,,,,,,,,,,,,,,,,,,,,,,,,,,,,,,,,,,,,,,6,,,,,2,900000,1,5200000,3,,6,2,,,,,2,1,1,48,,.,48,,,1,2,,4,,2,,,,1,,,,,,,,,1,2,2,1,7,15,1,,2,,,,,,,,1,13,20,,2,,,,1,1,1,1,2,1,2,2,2,2,2,,1,1,2,2,1,2,1,1,2,,95,41,1,04,4,4111,900000,15,3794.915411,
5434899,1,3,1,60,2,15,1,2,1,,1,,,1,1,1,1,12,,1,,2,908500,2,,,2,,2,,2,,2,,2,,,1,106300,2,2,,,2,,,2,,,2,,,1,414000,1,414000,1,414000,2,,2,,2,,,.,,,,,,,,,.,12,,,,,,,,,48,,.,48,,,5,7,,1,,1,2,1,1,1,1,,,,,,,,,1,1,1,5,24,1,,2,,,,,,,,1,1,20,,2,,,,2,,,,,,,,,,,,,,1,1,1,2,1,1,2,,97,33,1,04,1,3312,908500,15,1609.4596379,
5434900,1,1,1,60,2,15,2,,,,,,,,,,,120,,,,,,,,,,,,,,,,,,,,,,,,,,,,,,,,,,,,,,,,,,,,,,,6,,,,,2,400000,1,6000000,3,,12,2,,,,,2,1,1,40,,.,40,,,1,8,,3,,2,,,,1,,,,,,,,,1,2,2,1,0,16,1,,2,,,,,,,,1,11,20,,2,,,,2,,,,,,,,,,,,,,1,2,1,2,1,1,2,,61,01,1,04,4,0161,400000,15,1321.1990155,
5434900,1,2,1,60,2,15,1,2,1,,1,,,1,1,1,1,24,,1,,2,908000,2,,,2,,2,,2,,2,,2,,,1,106000,2,2,,,2,,,2,,,2,,,1,414000,1,414000,2,,2,,2,,2,,,.,,,,,,,,,.,12,,,,,,,,,48,,.,48,,,9,7,,1,,1,2,1,2,1,1,,,,,,,,,1,1,1,0,120,4,,2,,,,,,,,8,3,20,,2,,,,2,,,,,,,,,,,,,,1,1,1,2,1,1,1,,55,52,1,04,1,5221,908000,15,1321.1990155,
5434901,1,1,1,60,2,15,1,1,,,1,,,1,2,2,2,3,,1,,2,500000,2,,,1,,2,,2,,2,,2,,,2,,,2,,,2,,,2,,,2,,,2,,2,,2,,2,,2,,2,,,.,,,,,,,,,.,12,,,,,,,,,40,,.,40,,,1,2,,2,,2,,,,1,,,1,,,,,,,2,2,1,0,9,1,,2,,,,,,,,13,3,35,,2,,,,1,1,1,1,2,2,2,1,1,2,2,,1,1,1,2,1,2,2,1,2,,54,97,1,04,3,9700,500000,15,3919.4077019,
5434902,1,1,1,60,2,15,2,,,,,,,,,,,288,,,,,,,,,,,,,,,,,,,,,,,,,,,,,,,,,,,,,,,,,,,,,,,7,,1,1,2021,2,800000,1,10000000,3,,12,2,,,,,3,6,2,60,,.,60,,,1,7,,2,,2,,,,1,,,,,,,,,1,2,2,2,,,,,2,,,,,,,,,3,5,,2,,,,2,,,,,,,,,,,,,,1,1,1,2,1,1,2,,84,45,1,04,4,4520,800000,15,1998.1081455,
5434903,1,1,1,60,2,15,2,,,,,,,,,,,300,,,,,,,,,,,,,,,,,,,,,,,,,,,,,,,,,,,,,,,,,,,,,,,6,,,,,2,750000,1,98,3,,12,2,,,,,3,1,1,50,,.,40,6,,1,2,,2,,2,,,,1,,,1,,,,,,,2,2,2,,,,,2,,,,,,,,,3,35,1,2,,,,2,,,,,,,,,,,,,,1,2,1,2,1,1,2,,95,41,1,04,4,4111,750000,15,1685.6186807,
5434904,1,1,1,60,2,15,2,,,,,,,,,,,240,,,,,,,,,,,,,,,,,,,,,,,,,,,,,,,,,,,,,,,,,,,,,,,6,,,,,2,700000,1,8000000,3,,12,1,1,0,0,1,3,3,2,50,,.,50,,,2,9,,2,,2,,,,1,,,1,,,,,,,2,2,1,2,56,1,,2,,,,,,,,1,13,40,,2,,,,2,,,,,,,,,,,,,,1,2,1,2,2,1,2,,95,41,1,04,4,4111,700000,15,2050.0383459,
5434904,1,2,1,60,2,15,2,,,,,,,,,,,12,,,,,,,,,,,,,,,,,,,,,,,,,,,,,,,,,,,,,,,,,,,,,,,6,,,,,2,200000,1,98,3,,12,2,,,,,3,11,2,35,2,,35,,,1,1,,2,,2,,,,1,,,,,,,,,1,2,2,1,24,3,1,,2,,,,,,,,1,14,,,2,,,,2,,,,,,,,,,,,,,1,2,1,2,2,1,3,,79,14,1,04,4,1410,200000,15,2050.0383459,
5434904,1,3,1,60,2,15,2,,,,,,,,,,,46,,,,,,,,,,,,,,,,,,,,,,,,,,,,,,,,,,,,,,,,,,,,,,,,.,,,,,,,,,.,12,,,,,,,,,50,,.,50,,,2,9,,2,,2,,,,1,,,,,,,,,1,2,2,2,,,,,2,,,,,,,,,13,40,,2,,,,2,,,,,,,,,,,,,,1,2,1,2,2,1,3,,95,41,1,04,6,4111,,15,2050.0383459,
5434905,1,2,1,60,2,15,2,,,,,,,,,,,8,,,,,,,,,,,,,,,,,,,,,,,,,,,,,,,,,,,,,,,,,,,,,,,6,,,,,2,900000,1,7200000,3,,8,2,,,,,2,1,1,48,,.,48,,,1,2,,2,,2,,,,1,,,,,,,,,1,2,2,1,4,24,1,,2,,,,,,,,13,3,20,,2,,,,2,,,,,,,,,,,,,,1,1,1,2,1,1,2,,95,41,1,04,4,4111,900000,15,1453.2661769,
5434907,1,1,1,60,2,15,1,2,2,12,1,,,1,1,1,1,6,,1,,2,908000,2,,,2,,2,,2,,2,,2,,,1,106000,2,2,,,2,,,2,,,2,,,2,,2,,2,,2,,2,,2,,,.,,,,,,,,,.,6,,,,,,,,,48,,.,48,,,4,7,,1,,1,2,1,10,1,1,,,,,,,,,1,1,1,6,120,1,,2,,,,,,,,2,13,10,,2,,,,2,,,,,,,,,,,,,,1,1,1,2,1,1,1,,87,25,1,04,1,2511,908000,15,1685.6186807,
5434908,1,2,1,60,2,15,1,2,2,12,1,,,1,1,1,1,46,,2,,2,,2,,,2,,2,,1,98,2,,2,,,2,,,2,,,2,,,2,,,2,,,1,98,1,98,2,,2,,2,,2,,,.,,,,,,,,,.,12,,,,,,,,,48,,.,48,,,9,7,,1,,1,2,1,98,1,1,,,,,,,,,1,1,1,8,6,1,,2,,,,,,,,1,7,60,,2,,,,2,,,,,,,,,,,,,,1,1,1,2,1,1,1,,02,42,1,04,1,4210,,15,1021.2482756,
5434908,1,3,1,60,2,15,1,2,2,12,1,,,1,1,1,1,60,,1,,2,,2,,,2,,2,,2,,2,,2,,,2,,,2,,,2,,,2,,,2,,,1,98,1,98,1,98,2,,2,,2,,,.,,,,,,,,,.,12,,,,,,,,,40,,.,40,,,9,7,,1,,1,2,1,6,1,1,,,,,,,,,1,1,2,,,,,2,,,,,,,,,8,20,,2,,,,2,,,,,,,,,,,,,,1,1,1,2,1,1,2,,33,64,1,04,1,6412,,15,1021.2482756,
5434908,1,4,1,60,2,15,1,2,2,6,1,,,1,2,2,2,0,,,,,,,,,,,,,,,,,,,,,,,,,,,,,,,,,,,,,,,,,,,,,,,1,,,,,2,0,1,0,3,,1,2,,,,,1,1,1,40,,.,40,,,8,7,,1,,1,1,1,98,1,1,,,,,,,,,1,1,1,12,24,1,,2,,,,,,,,1,2,20,,2,,,,2,,,,,,,,,,,,,,1,2,1,2,2,1,2,,32,84,1,04,4,8412,0,15,1021.2482756,
5434909,1,1,1,60,2,15,2,,,,,,,,,,,8,,,,,,,,,,,,,,,,,,,,,,,,,,,,,,,,,,,,,,,,,,,,,,,7,,1,1,2021,2,,1,98,3,,8,1,3,0,3,0,3,1,2,60,,.,60,,,3,7,,2,,2,,,,1,,,,,,,,,1,2,2,1,4,60,4,,2,,,,,,,,13,3,3,,2,,,,2,,,,,,,,,,,,,,1,2,1,2,1,1,2,,53,56,1,04,4,5611,,15,2365.4197983,
5434909,1,3,1,60,2,15,2,,,,,,,,,,,10,,,,,,,,,,,,,,,,,,,,,,,,,,,,,,,,,,,,,,,,,,,,,,,6,,,,,2,500000,1,8000000,3,,10,2,,,,,2,1,1,40,,.,30,6,,1,6,,4,,2,,,,1,,,1,,,,,,,2,2,1,2,16,1,,2,,,,,,,,1,3,15,1,2,,,,2,,,,,,,,,,,,,,2,2,2,2,2,1,2,,97,52,1,04,4,5224,500000,15,2365.4197983,
5434909,1,4,1,60,2,15,2,,,,,,,,,,,3,,,,,,,,,,,,,,,,,,,,,,,,,,,,,,,,,,,,,,,,,,,,,,,6,,,,,2,700000,1,10000000,3,,12,2,,,,,2,1,1,60,,.,60,,,1,4,,2,,2,,,,1,,,,,,,,,1,2,2,1,0,6,1,,2,,,,,,,,10,3,5,,2,,,,2,,,,,,,,,,,,,,2,2,2,2,2,2,2,,37,53,1,04,4,5320,700000,15,2365.4197983,
5434909,1,5,1,60,2,15,2,,,,,,,,,,,8,,,,,,,,,,,,,,,,,,,,,,,,,,,,,,,,,,,,,,,,,,,,,,,7,,1,1,2021,2,,1,98,3,,8,1,3,0,3,0,3,1,1,60,,.,60,,,3,7,,2,,2,,,,1,,,,,,,,,1,2,2,2,,,,,2,,,,,,,,,3,3,,2,,,,2,,,,,,,,,,,,,,1,1,1,2,1,1,2,,53,56,1,04,4,5611,,15,2365.4197983,
5434911,1,1,1,60,2,15,2,,,,,,,,,,,24,,,,,,,,,,,,,,,,,,,,,,,,,,,,,,,,,,,,,,,,,,,,,,,6,,,,,2,700000,1,8400000,3,,12,2,,,,,3,1,1,50,,.,30,6,,1,2,,2,,2,,,,1,,,,,,,,,1,2,2,1,0,3,4,,2,,,,,,,,1,13,30,1,2,,,,1,1,2,1,2,2,2,2,1,2,2,,2,1,1,2,1,2,2,2,2,,95,41,1,04,4,4111,700000,15,3066.0760806,
5434912,1,1,1,60,2,15,2,,,,,,,,,,,8,,,,,,,,,,,,,,,,,,,,,,,,,,,,,,,,,,,,,,,,,,,,,,,7,,1,1,2021,2,500000,1,98,3,,8,1,3,0,3,0,3,1,2,50,,.,50,,,3,7,,2,,2,,,,1,,,,,,,,,1,2,2,1,4,36,1,,2,,,,,,,,13,3,2,,2,,,,2,,,,,,,,,,,,,,1,1,1,2,1,1,2,,53,56,1,04,4,5611,500000,15,2198.6900122,
5434914,1,1,1,60,2,15,1,1,,,1,,,1,2,2,2,10,,1,,2,900000,2,,,2,,2,,2,,2,,2,,,2,,,2,,,2,,,2,,,2,,,2,,2,,2,,2,,2,,2,,,.,,,,,,,,,.,10,,,,,,,,,50,,.,50,,,3,7,,1,,3,,,,,.,,,,,,,,,2,2,1,4,240,1,,2,,,,,,,,4,13,20,,2,,,,2,,,,,,,,,,,,,,2,2,2,2,2,2,10,PENSION,84,45,1,04,1,4520,900000,15,1335.5926599,
5434914,1,2,1,60,2,15,2,,,,,,,,,,,300,,,,,,,,,,,,,,,,,,,,,,,,,,,,,,,,,,,,,,,,,,,,,,,7,,1,1,2021,2,150000,1,98,3,,12,2,,,,,3,6,2,50,,.,25,6,,1,7,,3,,2,,,,1,,,,,,,,,1,2,2,2,,,,,2,,,,,,,,,3,2,1,2,,,,2,,,,,,,,,,,,,,2,2,2,2,2,2,3,,41,47,1,04,4,4711,150000,15,1335.5926599,
5437364,1,1,1,60,2,20,2,,,,,,,,,,,180,,,,,,,,,,,,,,,,,,,,,,,,,,,,,,,,,,,,,,,,,,,,,,,6,,,,,2,80000,1,800000,3,,12,2,,,,,3,1,2,24,1,,24,,,1,4,,2,,2,,,,1,,,,,,,,,1,2,2,1,0,3,4,,2,,,,,,,,3,14,,,2,,,,2,,,,,,,,,,,,,,2,2,2,2,2,2,3,,98,49,1,04,4,4921,80000,20,1214.4657738,
5437364,1,3,1,60,2,20,1,2,1,,1,,,1,1,2,1,88,,1,,2,920000,2,,,2,,2,,1,120000,2,,2,,,2,,,2,,,2,,,2,,,2,,,1,900000,2,,1,600000,2,,2,,2,,,.,,,,,,,,,.,12,,,,,,,,,48,,.,48,,,9,8,,1,,1,1,1,98,1,1,,,,,,,,,1,2,2,,,,,2,,,,,,,,,7,30,,2,,,,2,,,,,,,,,,,,,,1,1,1,2,1,1,3,,60,01,1,04,1,0126,920000,20,1214.4657738,
5437365,1,1,1,60,2,20,1,1,,,1,,,1,2,2,2,8,,1,,2,200000,2,,,1,300000,2,,2,,2,,2,,,2,,,2,,,2,,,2,,,2,,,2,,2,,2,,2,,2,,2,,,.,,,,,,,,,.,12,,,,,,,,,40,,.,40,,,1,2,,2,,2,,,,1,,,,,,,,,1,2,2,1,0,15,4,,2,,,,,,,,3,3,3,,2,,,,2,,,,,,,,,,,,,,1,1,1,2,1,1,3,,54,97,1,04,3,9700,500000,20,901.16251767,
5437365,1,2,1,60,2,20,2,,,,,,,,,,,24,,,,,,,,,,,,,,,,,,,,,,,,,,,,,,,,,,,,,,,,,,,,,,,6,,,,,2,800000,1,98,3,,12,2,,,,,2,8,1,48,,.,30,6,,3,8,,2,,2,,,,1,,,,,,,,,1,2,2,2,,,,,2,,,,,,,,,11,30,1,2,,,,1,1,2,1,1,2,2,1,1,2,2,,1,1,2,2,2,2,2,1,3,,62,01,1,04,4,0161,800000,20,901.16251767,
5437367,1,1,1,60,2,20,2,,,,,,,,,,,190,,,,,,,,,,,,,,,,,,,,,,,,,,,,,,,,,,,,,,,,,,,,,,,7,,2,,,2,1000000,1,12000000,2,,12,2,,,,,2,3,2,45,,.,45,,,3,8,,2,,2,,,,1,,,,,,,,,1,2,2,1,0,5,4,,2,,,,,,,,3,11,18,,2,,,,2,,,,,,,,,,,,,,1,1,2,2,1,1,3,,61,01,1,04,4,0126,1000000,20,1113.6961484,
5437368,1,1,1,60,2,20,2,,,,,,,,,,,124,,,,,,,,,,,,,,,,,,,,,,,,,,,,,,,,,,,,,,,,,,,,,,,7,,2,,,2,,1,98,3,,12,2,,,,,3,3,1,48,,.,48,,,1,7,,10,,2,,,,1,,,,,,,,,1,2,2,1,0,144,4,,2,,,,,,,,2,3,1,,2,,,,2,,,,,,,,,,,,,,1,1,1,2,1,1,9,,45,47,1,04,4,4754,,20,1668.2075557,
5437371,1,3,1,60,2,20,2,,,,,,,,,,,24,,,,,,,,,,,,,,,,,,,,,,,,,,,,,,,,,,,,,,,,,,,,,,,6,,,,,2,,1,99,3,,12,2,,,,,1,3,2,48,,.,48,,,3,8,,2,,2,,,,1,,,,,,,,,1,2,2,1,0,260,4,,2,,,,,,,,8,11,10,,2,,,,2,,,,,,,,,,,,,,1,1,1,2,1,1,3,,60,01,1,04,4,0126,,20,1439.8305457,
5437373,1,2,1,60,2,20,1,1,,,1,,,2,2,2,2,3,,1,,2,100000,2,,,1,140000,2,,2,,2,,2,,,2,,,2,,,2,,,2,,,2,,,2,,2,,2,,2,,2,,2,,,.,,,,,,,,,.,12,,,,,,,,,40,,.,40,,,1,2,,2,,2,,,,1,,,,,,,,,1,2,2,1,0,4,4,,2,,,,,,,,3,3,7,,2,,,,2,,,,,,,,,,,,,,1,2,1,2,2,1,3,,54,97,1,04,3,9700,240000,20,877.68124505,
5437373,1,3,1,60,2,20,2,,,,,,,,,,,6,,,,,,,,,,,,,,,,,,,,,,,,,,,,,,,,,,,,,,,,,,,,,,,6,,,,,2,400000,1,1800000,2,,12,2,,,,,2,1,1,45,,.,45,,,5,8,,2,,2,,,,1,,,,,,,,,1,2,2,1,0,2,4,,2,,,,,,,,8,11,15,,2,,,,1,1,1,1,2,2,2,1,1,1,2,,2,2,2,2,2,2,2,1,3,,62,01,1,04,4,0126,400000,20,877.68124505,
5437375,1,1,1,60,2,20,1,2,2,1,2,1,,1,1,2,1,5,,1,,2,900000,2,,,2,,2,,2,,2,,2,,,2,,,2,,,2,,,2,,,2,,,2,,2,,2,,2,,2,,2,,,.,,,,,,,,,.,12,,,,,,,,,48,,.,48,,,9,7,,1,,1,1,1,4,1,1,,,,,,,,,1,2,1,0,13,1,,2,,,,,,,,1,11,30,,2,,,,1,1,2,1,2,2,2,2,2,1,2,,2,1,1,2,1,2,2,1,3,,58,86,1,04,1,8610,900000,20,1445.262363,7810
5437376,1,1,1,60,2,20,1,2,1,,1,,,1,1,2,1,36,,1,,2,920000,2,,,2,,2,,2,,2,,2,,,1,100000,2,1,350000,2,2,,,2,,,2,,,1,900000,2,,2,,2,,2,,2,,,.,,,,,,,,,.,12,,,,,,,,,48,,.,48,,,9,4,,1,,1,1,1,3,1,,,,,,1,,,,1,1,1,0,5,4,,2,,,,,,,,3,12,8,,2,,,,2,,,,,,,,,,,,,,1,1,1,2,1,1,3,,98,01,1,04,1,0126,920000,20,1232.6460176,
5437378,1,1,1,60,2,20,2,,,,,,,,,,,36,,,,,,,,,,,,,,,,,,,,,,,,,,,,,,,,,,,,,,,,,,,,,,,7,,2,,,2,600000,1,98,1,,12,2,,,,,3,3,2,50,,.,50,,,1,1,,2,,2,,,,1,,,,,,,,,1,2,2,1,0,3,4,,2,,,,,,,,3,14,,,2,,,,2,,,,,,,,,,,,,,1,1,1,2,1,1,3,,99,45,1,04,4,4542,600000,20,1301.169618,
5437379,1,1,1,60,2,20,2,,,,,,,,,,,380,,,,,,,,,,,,,,,,,,,,,,,,,,,,,,,,,,,,,,,,,,,,,,,6,,,,,2,0,1,98,1,,12,2,,,,,3,1,1,48,,.,30,6,,1,8,,2,,2,,,,1,,,,,,,,,1,2,2,1,0,180,4,,2,,,,,,,,3,11,30,2,2,,,,2,,,,,,,,,,,,,,1,2,1,2,2,1,3,,62,01,1,04,4,0111,0,20,1176.4917569,
5437379,1,3,1,60,2,20,2,,,,,,,,,,,200,,,,,,,,,,,,,,,,,,,,,,,,,,,,,,,,,,,,,,,,,,,,,,,6,,,,,2,200000,1,98,1,,9,2,,,,,3,3,2,48,,.,0,6,,1,8,,2,,2,,,,1,,,,,,,,,1,2,2,2,,,,,2,,,,,,,,,13,30,2,2,,,,2,,,,,,,,,,,,,,1,1,1,2,1,1,3,,62,01,1,04,4,0161,200000,20,1176.4917569,
5437380,1,1,1,60,2,20,2,,,,,,,,,,,72,,,,,,,,,,,,,,,,,,,,,,,,,,,,,,,,,,,,,,,,,,,,,,,6,,,,,2,550000,1,4000000,3,,12,2,,,,,3,3,2,48,,.,48,,,1,1,,2,,2,,,,1,,,,,,,,,1,2,2,1,0,4,4,,2,,,,,,,,3,14,,,2,,,,2,,,,,,,,,,,,,,1,1,1,2,1,1,3,,87,25,1,04,4,2592,550000,20,1250.7433491,
5437381,1,1,1,60,2,20,1,1,,,1,,,1,2,2,2,3,,1,,2,400000,2,,,2,,2,,2,,2,,2,,,2,,,2,,,2,,,2,,,2,,,2,,2,,2,,2,,2,,2,,,.,,,,,,,,,.,12,,,,,,,,,40,,.,40,,,3,8,,10,,2,,,,1,,,,,,,,,1,2,2,1,0,12,4,,1,20,20,4,,,2,1,9,11,60,,2,,,,2,,,,,,,,,,,,,,1,1,1,2,1,1,3,,60,01,1,04,1,0121,400000,20,1124.1077104,
5437381,1,2,1,60,2,20,2,,,,,,,,,,,4,,,,,,,,,,,,,,,,,,,,,,,,,,,,,,,,,,,,,,,,,,,,,,,6,,,,,2,200000,1,3000000,3,,10,1,1,0,1,0,3,3,1,30,2,,30,,,2,1,,2,,2,,,,1,,,,,,,,,1,2,2,1,30,20,1,,2,,,,,,,,12,14,,,2,,,,2,,,,,,,,,,,,,,1,2,1,2,1,1,3,,45,47,1,04,4,4724,200000,20,1124.1077104,
5437382,1,2,1,60,2,20,2,,,,,,,,,,,1,,,,,,,,,,,,,,,,,,,,,,,,,,,,,,,,,,,,,,,,,,,,,,,6,,,,,2,250000,1,250000,1,,1,2,,,,,1,3,1,30,1,,30,,,5,8,,2,,2,,,,1,,,,,,,,,1,2,2,2,,,,,2,,,,,,,,,12,12,,2,,,,1,1,2,1,2,2,2,1,1,1,2,,2,1,1,2,1,2,1,1,3,,97,52,1,04,4,5224,250000,20,1075.8048461,
5437383,1,1,1,60,2,20,1,2,2,12,1,,,1,1,2,1,56,,1,,2,1050000,2,,,2,,2,,1,300000,2,,2,,,2,,,2,,,2,,,2,,,2,,,1,1000000,2,,2,,2,,2,,2,,,.,,,,,,,,,.,12,,,,,,,,,48,,.,48,,,9,8,,1,,1,2,1,5,1,1,,,,,,,,,1,2,1,0,180,4,,2,,,,,,,,8,7,20,,2,,,,2,,,,,,,,,,,,,,1,2,1,2,1,1,3,,62,01,1,04,1,0126,1050000,20,630.38801093,
5437386,1,1,1,60,2,20,2,,,,,,,,,,,7,,,,,,,,,,,,,,,,,,,,,,,,,,,,,,,,,,,,,,,,,,,,,,,6,,,,,2,400000,1,98,3,,8,2,,,,,1,1,1,48,,.,48,,,4,8,,2,,2,,,,1,,,,,,,,,1,2,2,1,4,2,4,,2,,,,,,,,3,3,60,,2,,,,1,1,2,1,2,2,1,1,1,1,2,,2,1,1,1,1,2,1,1,3,,62,01,1,04,4,0126,400000,20,1369.6932184,
5437386,1,2,1,60,2,20,2,,,,,,,,,,,1,,,,,,,,,,,,,,,,,,,,,,,,,,,,,,,,,,,,,,,,,,,,,,,6,,,,,2,0,1,0,3,,1,2,,,,,3,1,1,10,1,,10,,,1,1,,2,,2,,,,1,,,,,,,,,1,2,2,1,48,1,1,,2,,,,,,,,1,14,,,1,40,2,1,1,1,1,1,2,2,2,2,2,2,2,,2,1,1,2,2,2,2,1,3,,45,61,1,04,4,6190,0,20,1369.6932184,
5437389,1,1,1,60,2,20,1,1,,,1,,,1,2,2,2,60,,1,,2,1000000,2,,,2,,1,100000,2,,2,,2,,,2,,,2,,,2,,,2,,,2,,,2,,2,,2,,2,,2,,2,,,.,,,,,,,,,.,12,,,,,,,,,48,,.,48,,,5,8,,1,,2,,,,1,,,,,,,,,1,2,2,1,0,24,1,,2,,,,,,,,1,10,8,,2,,,,2,,,,,,,,,,,,,,1,1,1,2,2,1,3,,62,01,1,04,8,0126,1100000,20,1407.2883461,
5437389,1,2,1,60,2,20,1,1,,,1,,,1,2,2,2,6,,1,,2,300000,2,,,2,,1,100000,2,,2,,2,,,2,,,2,,,2,,,2,,,2,,,2,,2,,2,,2,,2,,2,,,.,,,,,,,,,.,6,,,,,,,,,30,2,,30,,,5,8,,2,,2,,,,1,,,,,,,,,1,2,2,2,,,,,2,,,,,,,,,3,3,,2,,,,2,,,,,,,,,,,,,,1,1,1,2,2,1,3,,64,01,1,04,8,0126,400000,20,1407.2883461,
5437390,1,1,1,60,2,20,1,1,,,1,,,1,2,2,2,280,,1,,2,908000,2,,,2,,1,,2,,2,,2,,,2,,,2,,,2,,,2,,,2,,,2,,2,,2,,2,,2,,2,,,.,,,,,,,,,.,12,,,,,,,,,48,,.,48,,,2,8,,1,,1,1,1,98,1,,,,,,,,,1,2,2,1,0,46,1,,2,,,,,,,,1,11,10,,2,,,,2,,,,,,,,,,,,,,1,1,1,2,1,1,3,,62,01,1,04,1,0126,908000,20,1154.0897445,
5437390,1,3,1,60,2,20,1,1,,,1,,,1,2,2,2,36,,1,,2,908000,2,,,2,,1,,2,,2,,2,,,2,,,2,,,2,,,2,,,2,,,2,,2,,2,,2,,2,,2,,,.,,,,,,,,,.,12,,,,,,,,,48,,.,48,,,2,8,,2,,2,,,,1,,,,,,,,,1,2,2,1,0,24,2,,2,,,,,,,,1,11,10,,2,,,,2,,,,,,,,,,,,,,1,1,1,2,1,1,3,,62,01,1,04,1,0126,908000,20,1154.0897445,
5437391,1,1,1,60,2,20,2,,,,,,,,,,,132,,,,,,,,,,,,,,,,,,,,,,,,,,,,,,,,,,,,,,,,,,,,,,,7,,2,,,2,500000,1,6000000,3,,12,2,,,,,3,3,1,47,,.,47,,,1,8,,2,,2,,,,1,,,,,,,,,1,2,2,1,0,120,4,,2,,,,,,,,3,3,15,,2,,,,1,1,2,1,1,2,2,1,1,1,2,,2,2,2,2,2,2,1,1,3,,61,01,1,04,4,0141,500000,20,1521.1276822,
5437392,1,2,1,60,2,20,2,,,,,,,,,,,10,,,,,,,,,,,,,,,,,,,,,,,,,,,,,,,,,,,,,,,,,,,,,,,6,,,,,2,400000,1,98,3,,11,2,,,,,3,1,1,48,,.,30,6,,1,8,,2,,2,,,,1,,,,,,,,,1,2,2,1,1,25,4,,2,,,,,,,,3,3,20,2,2,,,,1,1,2,1,2,1,1,2,1,2,2,,2,1,1,2,1,2,2,1,3,,61,01,1,04,4,0111,400000,20,1270.6200345,
5437393,1,1,1,60,2,20,1,1,,,1,,,1,2,2,2,1,,1,,2,100000,2,,,1,300000,1,50000,2,,2,,2,,,2,,,2,,,2,,,2,,,2,,,2,,2,,2,,2,,2,,2,,,.,,,,,,,,,.,1,,,,,,,,,30,2,,30,,,2,8,,2,,2,,,,1,,,,,,,,,1,2,2,1,10,12,1,,2,,,,,,,,6,3,5,,2,,,,2,,,,,,,,,,,,,,1,1,1,2,1,1,3,,62,01,1,04,8,0127,450000,20,1336.641341,
5437394,1,1,1,60,2,20,2,,,,,,,,,,,12,,,,,,,,,,,,,,,,,,,,,,,,,,,,,,,,,,,,,,,,,,,,,,,7,,2,,,2,200000,1,1000000,3,,12,2,,,,,3,3,2,48,,.,48,,,1,8,,2,,2,,,,1,,,,,,1,,,,2,2,1,0,36,1,,2,,,,,,,,1,3,10,,2,,,,2,,,,,,,,,,,,,,1,2,1,2,1,1,3,,61,01,1,04,4,0113,200000,20,1551.6772656,
5437395,1,1,1,60,2,20,2,,,,,,,,,,,150,,,,,,,,,,,,,,,,,,,,,,,,,,,,,,,,,,,,,,,,,,,,,,,7,,1,2,,2,,1,4000000,3,,12,2,,,,,3,7,2,48,,.,48,,,2,8,,2,,2,,,,1,,,,,,,,,1,2,2,2,,,,,2,,,,,,,,,3,5,,2,,,,2,,,,,,,,,,,,,,1,1,2,2,1,1,3,,61,01,1,04,4,0121,,20,1100.6264377,
5437396,1,1,1,60,2,20,1,1,,,1,,,1,1,2,1,420,,1,,2,1030000,2,,,2,,1,100000,2,,2,,2,,,2,,,2,,,2,,,2,,,2,,,1,500000,2,,2,,2,,2,,2,,,.,,,,,,,,,.,12,,,,,,,,,48,,.,48,,,5,8,,1,,2,,,,1,,,1,,,,,,,2,2,2,,,,,2,,,,,,,,,3,15,,2,,,,2,,,,,,,,,,,,,,1,1,1,2,1,1,2,,60,01,1,04,1,0126,1130000,20,1151.6701653,
5437396,1,2,1,60,2,20,1,1,,,1,,,1,1,2,1,180,,1,,2,600000,2,,,2,,2,,2,,2,,2,,,2,,,2,,,2,,,2,,,2,,,1,300000,2,,2,,2,,2,,2,,,.,,,,,,,,,.,12,,,,,,,,,30,1,,30,,,1,1,,2,,2,,,,1,,,,,,1,,,,2,2,1,0,36,4,,2,,,,,,,,3,14,,,2,,,,2,,,,,,,,,,,,,,1,1,2,2,1,1,3,,54,97,1,04,3,9700,600000,20,1151.6701653,
5437397,1,1,1,60,2,20,1,1,,,1,,,1,2,2,2,12,,1,,2,300000,2,,,1,300000,1,300000,2,,2,,2,,,2,,,2,,,2,,,2,,,2,,,2,,2,,2,,2,,2,,2,,,.,,,,,,,,,.,12,,,,,,,,,28,1,,28,,,2,8,,2,,2,,,,1,,,,,,,,,1,2,2,1,2,12,4,,2,,,,,,,,1,3,2,,2,,,,1,1,2,1,2,2,2,1,1,2,2,,2,1,2,2,1,2,1,1,3,,62,01,1,04,8,0141,900000,20,1038.2097185,
5437397,1,2,1,60,2,20,2,,,,,,,,,,,2,,,,,,,,,,,,,,,,,,,,,,,,,,,,,,,,,,,,,,,,,,,,,,,6,,,,,2,600000,1,7200000,3,,12,2,,,,,3,1,1,60,,.,60,,,3,8,,2,,2,,,,1,,,,,,,,,1,2,2,1,0,2,4,,2,,,,,,,,8,11,30,,2,,,,2,,,,,,,,,,,,,,1,1,1,2,1,1,3,,62,01,1,04,4,0161,600000,20,1038.2097185,
5437398,1,1,1,60,2,20,2,,,,,,,,,,,316,,,,,,,,,,,,,,,,,,,,,,,,,,,,,,,,,,,,,,,,,,,,,,,7,,2,,,2,1400000,1,10000000,3,,12,1,2,0,0,2,3,3,2,50,,.,50,,,2,8,,2,,2,,,,1,,,,,,1,,,,2,2,1,0,6,4,,2,,,,,,,,3,3,5,,2,,,,2,,,,,,,,,,,,,,1,1,1,2,1,1,3,,61,01,1,04,4,0141,1400000,20,1551.7599803,
5437398,1,3,1,60,2,20,2,,,,,,,,,,,60,,,,,,,,,,,,,,,,,,,,,,,,,,,,,,,,,,,,,,,,,,,,,,,,.,,,,,,,,,.,12,,,,,,,,,30,2,,30,,,2,8,,2,,2,,,,1,,,,,,,,,1,2,2,2,,,,,2,,,,,,,,,3,5,,2,,,,2,,,,,,,,,,,,,,1,1,1,2,1,1,3,,62,01,1,04,6,0141,,20,1551.7599803,
5437398,1,4,1,60,2,20,2,,,,,,,,,,,18,,,,,,,,,,,,,,,,,,,,,,,,,,,,,,,,,,,,,,,,,,,,,,,,.,,,,,,,,,.,12,,,,,,,,,30,2,,30,,,2,8,,2,,2,,,,1,,,,,,,,,1,2,2,2,,,,,2,,,,,,,,,3,5,,2,,,,2,,,,,,,,,,,,,,2,2,2,2,1,1,3,,62,01,1,04,6,0141,,20,1551.7599803,
5437399,1,1,1,60,2,20,1,1,,,1,,,1,2,2,2,4,,1,,2,905000,2,,,2,,2,,2,,2,,2,,,2,,,2,,,2,,,2,,,2,,,2,,2,,2,,2,,2,,2,,,.,,,,,,,,,.,12,,,,,,,,,48,,.,48,,,3,8,,2,,2,,,,1,,,,,,,,,1,2,2,1,0,26,4,,1,20,20,4,,400000,1,1,8,11,15,,2,,,,2,,,,,,,,,,,,,,1,1,1,2,1,1,2,,62,01,1,04,1,0126,1305000,20,1124.1077104,
5437400,1,1,1,60,2,20,2,,,,,,,,,,,314,,,,,,,,,,,,,,,,,,,,,,,,,,,,,,,,,,,,,,,,,,,,,,,7,,2,,,2,250000,1,1800000,3,,12,2,,,,,3,3,2,40,,.,40,,,1,8,,2,,2,,,,1,,,,,,,,,1,2,2,1,0,132,1,,2,,,,,,,,1,3,5,,2,,,,2,,,,,,,,,,,,,,1,2,1,2,1,1,3,,61,01,1,04,4,0141,250000,20,807.03424003,
5437401,1,1,1,60,2,20,1,1,,,1,,,1,2,2,2,46,,1,,2,1000000,2,,,2,,2,,2,,2,,2,,,2,,,2,,,2,,,2,,,2,,,1,1000000,2,,2,,2,,2,,2,,,.,,,,,,,,,.,12,,,,,,,,,48,,.,48,,,3,8,,2,,2,,,,1,,,,,,,,,1,2,2,1,0,36,1,,2,,,,,,,,2,11,6,,2,,,,2,,,,,,,,,,,,,,1,1,1,2,1,1,3,,62,01,1,04,8,0141,1000000,20,1569.1346556,
5437402,1,1,1,60,2,20,1,1,,,1,,,1,1,2,1,3,,1,,2,900000,2,,,2,,1,50000,2,,2,,2,,,2,,,2,,,2,,,2,,,2,,,2,,2,,2,,2,,2,,2,,,.,,,,,,,,,.,10,,,,,,,,,52,,.,52,,,2,8,,5,,2,,,,1,,,,,,,,,1,2,2,1,1,7,8,,2,,,,,,,,1,3,10,,2,,,,2,,,,,,,,,,,,,,1,1,1,2,1,1,3,,62,01,1,04,8,0141,950000,20,1705.8029671,
5437403,1,2,1,60,2,20,2,,,,,,,,,,,12,,,,,,,,,,,,,,,,,,,,,,,,,,,,,,,,,,,,,,,,,,,,,,,6,,,,,2,20000,1,2500000,3,,12,2,,,,,3,1,1,40,,.,10,6,,1,8,,1,,1,2,2,15,1,1,,,,,,,,,2,2,1,40,57,1,,2,,,,,,,,11,3,5,2,2,,,,1,1,1,1,2,1,2,1,2,2,2,,2,1,1,2,1,2,2,1,3,,45,47,1,04,4,4723,20000,20,814.8856365,
5437404,1,1,1,60,2,20,2,,,,,,,,,,,312,,,,,,,,,,,,,,,,,,,,,,,,,,,,,,,,,,,,,,,,,,,,,,,7,,2,,,2,900000,1,11000000,3,,12,1,1,0,0,1,3,3,2,50,,.,50,,,2,8,,2,,2,,,,1,,,,,,,,,1,2,2,1,0,36,6,,2,,,,,,,,8,3,10,,2,,,,2,,,,,,,,,,,,,,1,1,1,2,1,1,3,,62,01,1,04,4,0141,900000,20,1513.7859634,
5437404,1,3,1,60,2,20,2,,,,,,,,,,,10,,,,,,,,,,,,,,,,,,,,,,,,,,,,,,,,,,,,,,,,,,,,,,,,.,,,,,,,,,.,10,,,,,,,,,25,2,,25,,,2,8,,2,,2,,,,1,,,,,,,,,1,2,2,1,0,2,4,,2,,,,,,,,1,3,10,,2,,,,1,1,1,1,2,2,2,1,1,1,2,,2,1,1,2,2,2,1,1,3,,62,01,1,04,6,0141,,20,1513.7859634,
5437410,1,1,1,60,2,20,1,1,,,1,,,1,2,2,2,12,,1,,2,,2,,,2,,1,150000,2,,2,,2,,,2,,,2,,,2,,,2,,,2,,,2,,2,,2,,2,,2,,2,,,.,,,,,,,,,.,12,,,,,,,,,32,1,,32,,,1,1,,2,,2,,,,1,,,,,,,,,1,2,2,1,1,30,2,,2,,,,,,,,1,14,,,2,,,,1,1,2,1,2,2,2,2,2,2,2,,2,1,2,2,2,2,1,1,3,,54,97,1,04,3,9700,150000,20,1024.655921,
5437411,1,2,1,60,2,20,1,1,,,1,,,1,1,2,1,320,,1,,2,908000,2,,,2,,1,200000,2,,2,,2,,,2,,,2,,,2,,,2,,,2,,,1,900000,2,,2,,2,,2,,2,,,.,,,,,,,,,.,12,,,,,,,,,48,,.,48,,,2,8,,2,,2,,,,1,,,,,,,,,1,2,2,1,0,46,8,,2,,,,,,,,3,10,10,,2,,,,2,,,,,,,,,,,,,,1,1,1,2,1,1,3,,60,01,1,04,1,0141,1108000,20,807.03424003,
5437413,1,1,1,60,2,20,2,,,,,,,,,,,12,,,,,,,,,,,,,,,,,,,,,,,,,,,,,,,,,,,,,,,,,,,,,,,4,,,,,2,250000,1,3000000,3,,12,2,,,,,1,3,2,40,,.,30,6,,2,4,,2,,2,,,,1,,,,,,,,,1,2,2,1,0,3,4,,2,,,,,,,,3,14,,1,2,,,,1,1,1,1,2,1,2,1,2,2,2,,1,1,1,2,1,2,2,1,3,,98,01,1,04,4,0126,250000,20,1445.262363,
5437413,1,2,1,60,2,20,2,,,,,,,,,,,14,,,,,,,,,,,,,,,,,,,,,,,,,,,,,,,,,,,,,,,,,,,,,,,6,,,,,2,100000,1,1200000,3,,12,2,,,,,3,3,2,15,2,,15,,,1,8,,2,,2,,,,1,,,,,,,,,1,2,2,1,0,5,1,,2,,,,,,,,1,3,2,,2,,,,1,1,1,1,2,1,2,2,1,1,2,,2,2,1,2,2,2,2,1,3,,61,01,1,04,4,0145,100000,20,1445.262363,
5437414,1,1,1,60,2,20,1,1,,,1,,,1,2,2,2,20,,1,,2,908000,2,,,2,,1,200000,2,,2,,2,,,2,,,2,,,2,,,2,,,2,,,1,800000,2,,2,,2,,2,,2,,,.,,,,,,,,,.,12,,,,,,,,,48,,.,48,,,1,8,,1,,1,1,1,1,1,1,,,,,,,,,1,2,1,6,72,1,,2,,,,,,,,2,3,10,,2,,,,2,,,,,,,,,,,,,,1,1,1,2,1,1,3,,60,01,1,04,1,0141,1108000,20,1462.6370383,
5437416,1,1,1,60,2,20,1,2,2,3,1,,,1,1,2,1,90,,1,,2,908000,2,,,2,,2,,1,98,2,,2,,,2,,,2,,,2,,,2,,,2,,,1,450000,2,,2,,2,,2,,2,,,.,,,,,,,,,.,12,,,,,,,,,48,,.,48,,,9,8,,1,,1,1,1,9,1,1,,,,,,,,,1,2,1,0,130,4,,2,,,,,,,,8,7,15,,2,,,,2,,,,,,,,,,,,,,1,1,1,2,1,2,3,,62,01,1,04,1,0126,908000,20,1637.2793667,
5437426,1,1,1,60,2,20,1,2,2,9,1,,,1,2,2,2,9,,1,,2,908526,2,,,2,,2,,2,,2,,2,,,1,106454,2,2,,,2,,,2,,,2,,,2,,2,,2,,2,,2,,2,,,.,,,,,,,,,.,10,,,,,,,,,45,,.,45,,,9,8,,1,,1,1,1,7,1,1,,,,,,,,,1,1,1,2,9,8,,2,,,,,,,,1,11,30,,2,,,,2,,,,,,,,,,,,,,1,1,1,2,1,1,3,,62,01,1,04,8,0126,908526,20,1778.5260508,
5437427,1,1,1,60,2,20,2,,,,,,,,,,,1,,,,,,,,,,,,,,,,,,,,,,,,,,,,,,,,,,,,,,,,,,,,,,,6,,,,,2,200000,1,1200000,2,,12,2,,,,,1,1,2,60,,.,60,,,2,8,,2,,2,,,,1,,,,,,1,,,,2,2,1,0,12,4,,2,,,,,,,,3,3,60,,2,,,,1,1,2,1,2,1,2,2,1,1,2,,1,1,2,2,2,2,2,1,9,,61,01,1,04,4,0113,200000,20,1568.7557663,
5437428,1,1,1,60,2,20,2,,,,,,,,,,,6,,,,,,,,,,,,,,,,,,,,,,,,,,,,,,,,,,,,,,,,,,,,,,,6,,,,,3,260000,1,1000000,3,,7,2,,,,,2,1,1,24,1,,24,,,1,8,,2,,2,,,,1,,,,,,,,,1,2,2,1,5,60,1,,2,,,,,,,,5,3,15,,1,20,2,1,1,1,2,1,2,2,2,2,2,2,2,,2,1,2,2,2,2,2,2,3,,97,52,1,04,4,5224,260000,20,1308.5940515,
5437429,1,2,1,60,2,20,1,1,,,1,,,1,2,2,2,6,,1,,2,300000,2,,,1,200000,2,,2,,2,,2,,,2,,,2,,,2,,,2,,,2,,,2,,2,,2,,2,,2,,2,,,.,,,,,,,,,.,12,,,,,,,,,50,,.,50,,,2,8,,2,,2,,,,1,,,,,,,,,1,2,2,1,0,8,4,,2,,,,,,,,3,13,80,,2,,,,1,1,2,1,2,2,2,2,2,1,2,,2,1,2,2,1,2,1,1,9,,62,01,1,04,8,0141,500000,20,795.04378961,
5437430,1,1,1,60,2,20,2,,,,,,,,,,,120,,,,,,,,,,,,,,,,,,,,,,,,,,,,,,,,,,,,,,,,,,,,,,,6,,,,,2,200000,1,1600000,3,,12,2,,,,,1,10,2,50,,.,50,,,1,8,,2,,2,,,,1,,,,,,,,,1,2,2,1,0,24,4,,2,,,,,,,,3,9,40,,2,,,,2,,,,,,,,,,,,,,1,2,1,2,1,1,9,,64,03,1,04,4,0311,200000,20,807.03424003,
5437433,1,2,1,60,2,20,2,,,,,,,,,,,1,,,,,,,,,,,,,,,,,,,,,,,,,,,,,,,,,,,,,,,,,,,,,,,6,,,,,2,400000,1,2400000,3,,12,2,,,,,2,10,2,50,,.,50,,,2,9,,2,,2,,,,1,,,,,,,,,1,2,2,1,0,12,4,,2,,,,,,,,2,3,40,,2,,,,2,,,,,,,,,,,,,,1,2,2,2,1,1,9,,95,41,1,04,4,4111,400000,20,1087.4515295,
5437436,1,3,1,60,2,20,1,1,,,1,,,1,2,2,2,10,,1,,2,800000,2,,,2,,2,,2,,2,,2,,,2,,,2,,,2,,,2,,,2,,,2,,2,,2,,2,,2,,2,,,.,,,,,,,,,.,12,,,,,,,,,60,,.,60,,,2,8,,2,,2,,,,1,,,,,,,,,1,2,2,1,0,12,8,,2,,,,,,,,1,10,50,,2,,,,2,,,,,,,,,,,,,,1,2,1,2,1,1,9,,62,01,1,04,8,0141,800000,20,1751.2014175,
5437436,1,4,1,60,2,20,2,,,,,,,,,,,0,,,,,,,,,,,,,,,,,,,,,,,,,,,,,,,,,,,,,,,,,,,,,,,6,,,,,2,0,1,1800000,2,,8,2,,,,,1,5,2,40,,.,40,,,2,8,,2,,2,,,,1,,,,,,,,,1,2,2,1,0,2,4,,2,,,,,,,,7,3,30,,2,,,,1,1,2,1,2,2,2,2,2,1,2,,1,1,2,2,1,2,1,1,9,,62,01,1,04,4,0113,0,20,1751.2014175,
5437438,1,1,1,60,2,20,2,,,,,,,,,,,120,,,,,,,,,,,,,,,,,,,,,,,,,,,,,,,,,,,,,,,,,,,,,,,7,,2,,,2,300000,1,4000000,2,,12,2,,,,,1,1,2,40,,.,40,,,1,8,,2,,2,,,,1,,,,,,1,,,,2,2,1,0,70,4,,2,,,,,,,,3,9,30,,2,,,,2,,,,,,,,,,,,,,1,2,1,2,1,1,9,,61,01,1,04,4,0113,300000,20,845.00825697,
5437438,1,3,1,60,2,20,2,,,,,,,,,,,1,,,,,,,,,,,,,,,,,,,,,,,,,,,,,,,,,,,,,,,,,,,,,,,6,,,,,2,400000,1,3400000,2,,12,2,,,,,1,3,2,40,,.,40,,,2,8,,2,,2,,,,1,,,,,,,,,1,2,2,1,0,5,4,,2,,,,,,,,3,9,40,,2,,,,1,1,2,1,2,1,2,2,1,1,2,,2,2,2,2,1,2,1,1,9,,62,01,1,04,4,0113,400000,20,845.00825697,
5437439,1,1,1,60,2,20,2,,,,,,,,,,,120,,,,,,,,,,,,,,,,,,,,,,,,,,,,,,,,,,,,,,,,,,,,,,,7,,2,,,2,0,1,1000000,3,,12,2,,,,,3,3,2,30,2,,30,,,1,8,,2,,2,,,,1,,,,,,,,,1,2,2,1,0,24,8,,1,20,12,4,,50000,1,8,1,3,30,,2,,,,2,,,,,,,,,,,,,,1,2,1,2,1,1,3,,61,01,1,04,4,0111,50000,20,708.33994545,
5437439,1,2,1,60,2,20,2,,,,,,,,,,,2,,,,,,,,,,,,,,,,,,,,,,,,,,,,,,,,,,,,,,,,,,,,,,,6,,,,,3,40000,1,80000,3,,2,2,,,,,3,3,2,4,2,,4,,,1,1,,2,,2,,,,1,,,,,,,,,1,2,2,1,12,120,4,,2,,,,,,,,2,14,,,2,,,,2,,,,,,,,,,,,,,1,2,1,2,1,1,3,,77,56,1,04,4,5619,40000,20,708.33994545,
5437440,1,1,1,60,2,20,1,2,2,6,1,,,1,1,1,1,2,,1,,2,900000,2,,,2,,2,,2,,2,,2,,,2,,,2,,,2,,,2,,,2,,,2,,2,,2,,2,,2,,2,,,.,,,,,,,,,.,12,,,,,,,,,48,,.,48,,,7,8,,1,,1,1,1,0,1,1,,,,,,,,,1,1,1,0,60,4,,2,,,,,,,,3,13,40,,2,,,,2,,,,,,,,,,,,,,1,1,1,2,1,1,9,,62,01,1,04,1,0126,900000,20,1606.7297833,
5437441,1,1,1,60,2,20,1,2,2,12,1,,,1,1,2,1,48,,1,,2,908526,2,,,2,,2,,2,,2,,2,,,2,,,2,,,2,,,2,,,2,,,1,454263,2,,2,,2,,2,,2,,,.,,,,,,,,,.,12,,,,,,,,,45,,.,45,,,5,8,,1,,1,1,1,15,1,1,,,,,,,,,1,1,1,0,1,8,,2,,,,,,,,8,3,10,,2,,,,2,,,,,,,,,,,,,,1,1,1,2,1,1,1,,62,01,1,04,8,0141,908526,20,1521.2103969,
5437441,1,3,1,60,2,20,2,,,,,,,,,,,24,,,,,,,,,,,,,,,,,,,,,,,,,,,,,,,,,,,,,,,,,,,,,,,,.,,,,,,,,,.,12,,,,,,,,,18,1,,18,,,5,8,,2,,2,,,,1,,,,,,,,,1,2,2,2,,,,,2,,,,,,,,,3,10,,1,20,2,1,1,1,2,1,2,2,2,2,2,2,2,,2,1,2,2,2,2,2,2,5,,62,01,1,04,7,0141,,20,1521.2103969,
5437441,1,4,1,60,2,20,2,,,,,,,,,,,12,,,,,,,,,,,,,,,,,,,,,,,,,,,,,,,,,,,,,,,,,,,,,,,,.,,,,,,,,,.,12,,,,,,,,,16,2,,16,,,5,8,,2,,2,,,,1,,,,,,,,,1,2,2,2,,,,,2,,,,,,,,,3,10,,2,,,,2,,,,,,,,,,,,,,1,2,1,2,1,1,5,,62,01,1,04,7,0141,,20,1521.2103969,
5437442,1,1,1,60,2,20,1,1,,,1,,,1,1,1,1,12,,1,,2,900000,2,,,2,,1,50000,2,,2,,2,,,2,,,2,,,2,,,2,,,2,,,2,,1,450000,1,450000,2,,2,,2,,,.,,,,,,,,,.,12,,,,,,,,,56,,.,56,,,4,8,,1,,1,1,1,1,1,1,,,,,,,,,1,1,1,3,12,1,,2,,,,,,,,1,3,5,,2,,,,1,1,1,1,2,1,2,1,1,1,2,,2,2,1,2,1,2,1,1,1,,62,01,1,04,8,0161,950000,20,1298.7500388,
5437443,1,1,1,60,2,20,1,1,,,1,,,1,1,1,1,36,,1,,2,1000000,2,,,2,,1,200000,2,,2,,2,,,2,,,2,,,2,,,2,,,2,,,1,500000,2,,1,500000,2,,2,,2,,,.,,,,,,,,,.,12,,,,,,,,,60,,.,60,,,4,8,,1,,1,1,1,6,1,1,,,,,,,,,2,1,1,0,30,8,,2,,,,,,,,3,3,5,,2,,,,2,,,,,,,,,,,,,,1,1,1,2,1,1,9,,60,01,1,04,8,0141,1200000,20,1126.5272895,
5437443,1,2,1,60,2,20,2,,,,,,,,,,,24,,,,,,,,,,,,,,,,,,,,,,,,,,,,,,,,,,,,,,,,,,,,,,,6,,,,,2,300000,1,3600000,3,,12,2,,,,,3,3,2,20,2,,20,,,1,1,,10,,2,,,,1,,,,,,,,,1,2,2,1,0,12,4,,2,,,,,,,,3,14,,,2,,,,2,,,,,,,,,,,,,,1,2,1,2,1,1,3,,53,56,1,04,4,5619,300000,20,1126.5272895,
5437444,1,1,1,60,2,20,1,2,2,3,1,,,1,1,2,1,2,,1,,2,908526,2,,,2,,1,80000,2,,2,,2,,,2,,,2,,,2,,,2,,,2,,,2,,2,,2,,2,,2,,2,,,.,,,,,,,,,.,2,,,,,,,,,45,,.,45,,,5,8,,1,,1,1,1,0,1,1,,,,,,,,,2,2,1,36,18,8,,2,,,,,,,,9,3,2,,2,,,,2,,,,,,,,,,,,,,1,1,1,2,1,1,3,,98,01,1,04,8,0141,988526,20,1630.2335387,
5437445,1,1,1,60,2,20,1,2,1,,1,,,1,1,2,1,4,,1,,2,908526,2,,,2,,2,,2,,2,,2,,,2,,,2,,,2,,,2,,,2,,,2,,2,,2,,2,,2,,2,,,.,,,,,,,,,.,12,,,,,,,,,56,,.,56,,,3,8,,1,,1,1,1,6,1,1,,,,,,,,,1,2,1,0,12,8,,2,,,,,,,,8,3,5,,2,,,,2,,,,,,,,,,,,,,1,1,1,2,1,1,9,,62,01,1,04,8,0141,908526,20,1544.3355469,
5437446,1,1,1,60,2,20,1,1,,,1,,,1,2,2,2,3,,1,,2,800000,2,,,2,,2,,2,,2,,2,,,2,,,2,,,2,,,2,,,2,,,2,,2,,2,,2,,2,,2,,,.,,,,,,,,,.,12,,,,,,,,,60,,.,60,,,3,8,,2,,2,,,,1,,,,,,1,,,,2,2,1,0,24,4,,2,,,,,,,,2,3,10,,2,,,,1,1,2,1,2,1,1,2,1,1,2,,2,1,2,2,1,2,1,1,9,,62,01,1,04,8,0112,800000,20,1270.6200345,
5437446,1,2,1,60,2,20,2,,,,,,,,,,,3,,,,,,,,,,,,,,,,,,,,,,,,,,,,,,,,,,,,,,,,,,,,,,,6,,,,,2,300000,1,1800000,3,,12,2,,,,,3,3,2,30,2,,30,,,1,1,,2,,2,,,,1,,,,,,1,,,,2,2,1,0,12,4,,2,,,,,,,,3,14,,,2,,,,2,,,,,,,,,,,,,,1,2,2,2,1,1,9,,53,56,1,04,4,5619,300000,20,1270.6200345,
5437446,1,3,1,60,2,20,1,1,,,1,,,1,2,2,2,24,,1,,2,600000,2,,,2,,2,,2,,2,,2,,,2,,,2,,,2,,,2,,,2,,,2,,2,,2,,2,,2,,2,,,.,,,,,,,,,.,12,,,,,,,,,40,,.,40,,,3,8,,2,,2,,,,1,,,,,,,,,1,2,2,2,,,,,2,,,,,,,,,3,10,,2,,,,2,,,,,,,,,,,,,,1,2,1,2,1,1,9,,62,01,1,04,8,0112,600000,20,1270.6200345,
5437447,1,1,1,60,2,20,1,1,,,1,,,2,2,2,2,1,,1,,2,650000,2,,,1,150000,2,,2,,2,,2,,,2,,,2,,,2,,,2,,,2,,,2,,2,,2,,2,,2,,2,,,.,,,,,,,,,.,10,,,,,,,,,45,,.,45,,,4,8,,2,,2,,,,1,,,,,,,,,1,2,2,1,0,6,4,,2,,,,,,,,8,3,5,,2,,,,1,1,2,1,2,2,2,2,2,2,2,,2,1,2,2,2,2,2,2,3,,62,01,1,04,8,0112,800000,20,1336.641341,
5437448,1,1,1,60,2,20,1,2,1,,1,,,1,1,1,1,48,,1,,2,1200000,2,,,2,,2,,2,,2,,1,900000,2,2,,,2,,,2,,,2,,,2,,,1,500000,2,,1,300000,2,,2,,2,,,.,,,,,,,,,.,12,,,,,,,,,50,,.,50,,,9,8,,1,,1,1,1,6,1,1,,,,,,,,,1,1,1,0,36,8,,2,,,,,,,,1,12,20,,2,,,,2,,,,,,,,,,,,,,1,1,1,2,1,1,9,,62,01,1,04,1,0126,1200000,20,2006.7368836,
5437449,1,1,1,60,2,20,2,,,,,,,,,,,120,,,,,,,,,,,,,,,,,,,,,,,,,,,,,,,,,,,,,,,,,,,,,,,7,,1,1,2021,2,500000,1,6000000,3,,12,1,2,0,0,2,3,3,2,42,,.,42,,,2,1,,2,,2,,,,1,,,,,,,,,1,2,2,1,60,12,6,,2,,,,,,,,2,14,,,2,,,,2,,,,,,,,,,,,,,1,2,1,2,1,1,3,,41,47,1,04,4,4711,500000,20,807.03424003,
5437450,1,1,1,60,2,20,1,1,,,1,,,1,2,2,2,0,,1,,2,,2,,,2,,1,,2,,2,,2,,,2,,,2,,,2,,,2,,,2,,,2,,2,,2,,2,,2,,2,,,.,,,,,,,,,.,12,,,,,,,,,48,,.,48,,,4,8,,2,,2,,,,1,,,,,,,,,1,2,2,1,0,12,8,,2,,,,,,,,3,3,10,,2,,,,2,,,,,,,,,,,,,,1,2,2,2,1,1,8,,62,01,1,04,8,0141,,20,1072.7787449,
5437451,1,1,1,60,2,20,1,1,,,1,,,1,1,2,1,15,,1,,2,830000,2,,,2,,1,,2,,2,,2,,,2,,,2,,,2,,,2,,,2,,,1,400000,2,,1,98,2,,2,,2,,,.,,,,,,,,,.,12,,,,,,,,,50,,.,50,,,4,8,,2,,2,,,,1,,,,,,,,,1,2,2,1,1,6,8,,2,,,,,,,,1,3,20,,2,,,,2,,,,,,,,,,,,,,1,1,1,2,1,1,3,,62,01,1,04,8,0141,830000,20,1534.3796106,
5437452,1,1,1,60,2,20,1,2,1,,1,,,1,1,2,1,72,,2,,2,1800000,2,,,2,,2,,2,,2,,2,,,1,106454,2,1,70000,2,2,,,2,,,2,,,1,900000,2,,2,,2,,2,,2,,,.,,,,,,,,,.,12,,,,,,,,,44,,.,44,,,9,8,,1,,1,1,1,10,1,1,,,,,,,,,1,1,1,12,12,1,,2,,,,,,,,1,3,5,,2,,,,2,,,,,,,,,,,,,,1,1,1,2,1,1,1,,62,10,1,04,1,1030,1800000,20,1637.2793667,
5437452,1,2,1,60,2,20,1,1,,,1,,,2,2,2,2,3,,1,,2,120000,2,,,2,,2,,2,,2,,2,,,2,,,2,,,2,,,2,,,2,,,2,,2,,2,,2,,2,,2,,,.,,,,,,,,,.,3,,,,,,,,,10,1,,10,,,3,7,,2,,2,,,,1,,,,,,,,,1,2,2,1,60,6,1,,2,,,,,,,,1,3,7,,1,30,1,1,1,1,2,1,2,2,2,2,2,2,2,,1,1,2,2,2,2,2,2,3,,53,56,1,04,1,5611,120000,20,1637.2793667,
5437455,1,1,1,60,2,20,1,1,,,1,,,1,2,2,2,0,,1,,2,840000,2,,,2,,1,100000,2,,2,,2,,,2,,,2,,,2,,,2,,,2,,,2,,2,,2,,2,,2,,2,,,.,,,,,,,,,.,10,,,,,,,,,48,,.,48,,,4,8,,2,,2,,,,1,,,,,,,,,1,2,2,1,1,1,4,,2,,,,,,,,2,3,5,,2,,,,2,,,,,,,,,,,,,,1,1,1,2,1,1,3,,62,01,1,04,8,0141,940000,20,1202.3165981,
5437456,1,1,1,60,2,20,1,1,,,1,,,1,2,2,2,200,,1,,2,850000,2,,,2,,1,150000,2,,2,,2,,,2,,,2,,,2,,,2,,,2,,,2,,2,,2,,2,,2,,2,,,.,,,,,,,,,.,12,,,,,,,,,48,,.,48,,,2,8,,2,,2,,,,1,,,,,,,,,1,2,2,1,0,57,4,,2,,,,,,,,3,3,10,,2,,,,2,,,,,,,,,,,,,,1,1,1,2,1,1,3,,62,01,1,04,8,0141,1000000,20,1389.1387345,
5437457,1,1,1,60,2,20,1,2,1,,1,,,1,1,1,1,324,,5,,2,2100000,2,,,2,,2,,2,,2,,2,,,2,,,2,,,2,,,2,,,2,,,1,1050000,1,1050000,1,525000,2,,2,,2,,,.,,,,,,,,,.,12,,,,,,,,,30,3,JORNADA ESTABLECIDA POR EL MAGISTERIO,30,,,9,7,,1,,1,3,1,27,1,1,,,,,,,,,1,1,2,,,,,2,,,,,,,,,3,3,,2,,,,2,,,,,,,,,,,,,,1,1,1,1,1,1,1,,13,85,1,04,2,8530,2100000,20,901.16251767,
5437457,1,2,1,60,2,20,1,2,2,3,2,1,,1,1,2,1,2,,3,,1,1500000,2,,,2,,2,,2,,2,,2,,,1,106454,2,2,,,2,,,2,,,2,,,2,,2,,2,,2,,2,,2,,,.,,,,,,,,,.,2,,,,,,,,,44,,.,44,,,9,7,,1,,1,1,1,0,1,1,,,,,,,,,1,1,2,,,,,2,,,,,,,,,3,3,,2,,,,2,,,,,,,,,,,,,,1,1,1,2,1,1,3,,21,10,1,04,1,1030,1500000,20,901.16251767,7810
5437458,1,1,1,60,2,20,1,1,,,1,,,1,2,2,2,7,,1,,2,500000,2,,,2,,1,100000,2,,2,,2,,,2,,,2,,,2,,,2,,,2,,,2,,2,,2,,2,,2,,2,,,.,,,,,,,,,.,12,,,,,,,,,45,,.,45,,,2,1,,2,,2,,,,1,,,,,,,,,1,2,2,1,0,3,8,,2,,,,,,,,3,14,,,2,,,,2,,,,,,,,,,,,,,1,1,1,2,1,1,3,,58,93,1,04,1,9329,600000,20,1432.5874396,
5437462,1,1,1,60,2,20,1,1,,,1,,,1,2,2,2,360,,1,,2,850000,2,,,2,,1,200000,2,,2,,2,,,2,,,2,,,2,,,2,,,2,,,2,,2,,2,,2,,2,,2,,,.,,,,,,,,,.,12,,,,,,,,,55,,.,55,,,2,8,,2,,2,,,,1,,,,,,,,,1,2,2,2,,,,,2,,,,,,,,,3,10,,2,,,,2,,,,,,,,,,,,,,1,1,1,2,1,1,2,,62,01,1,04,8,0141,1050000,20,1001.776111,
5437464,1,1,1,60,2,20,1,1,,,1,,,1,2,2,2,18,,1,,2,1100000,2,,,2,,1,200000,2,,2,,2,,,2,,,2,,,2,,,2,,,2,,,1,1000000,2,,2,,2,,2,,2,,,.,,,,,,,,,.,12,,,,,,,,,48,,.,48,,,2,8,,1,,1,1,1,1,1,1,,,,,,,,,1,2,1,2,6,4,,2,,,,,,,,3,3,5,,2,,,,2,,,,,,,,,,,,,,1,1,1,2,1,1,3,,21,01,1,04,1,0141,1300000,20,1368.2631263,
5437464,1,4,1,60,2,20,1,1,,,1,,,2,2,2,2,2,,1,,2,750000,2,,,2,,2,,2,,2,,2,,,2,,,2,,,2,,,2,,,2,,,2,,2,,2,,2,,2,,2,,,.,,,,,,,,,.,12,,,,,,,,,48,,.,48,,,2,8,,2,,2,,,,1,,,,,,,,,1,2,2,1,0,5,4,,2,,,,,,,,8,3,6,,2,,,,2,,,,,,,,,,,,,,1,1,1,2,1,1,3,,62,01,1,04,8,0141,750000,20,1368.2631263,
5437466,1,1,1,60,2,20,1,1,,,1,,,1,2,2,2,2,,1,,2,750000,2,,,2,,1,,2,,2,,2,,,2,,,2,,,2,,,2,,,2,,,2,,2,,2,,2,,2,,2,,,.,,,,,,,,,.,12,,,,,,,,,50,,.,50,,,3,8,,2,,2,,,,1,,,,,,,,,1,2,2,1,0,1,4,,2,,,,,,,,1,3,20,,2,,,,2,,,,,,,,,,,,,,1,1,1,2,1,1,3,,62,01,1,04,8,0141,750000,20,1556.3457389,
5437469,1,1,1,60,2,20,1,2,2,12,1,,,1,1,1,1,36,,1,,2,1300000,2,,,2,,2,,2,,2,,2,,,2,,,2,,,2,,,2,,,2,,,1,650000,2,,1,650000,2,,2,,2,,,.,,,,,,,,,.,12,,,,,,,,,60,,.,60,,,9,4,,1,,1,1,1,15,1,1,,,,,,,,,1,1,1,0,15,8,,2,,,,,,,,1,11,5,,2,,,,2,,,,,,,,,,,,,,1,1,1,2,1,1,1,,98,01,1,04,1,0126,1300000,20,1630.2335387,
5437481,1,1,1,60,2,20,1,1,,,1,,,2,2,2,2,14,,1,,2,600000,2,,,2,,2,,2,,2,,2,,,2,,,2,,,2,,,2,,,2,,,2,,2,,2,,2,,2,,2,,,.,,,,,,,,,.,12,,,,,,,,,56,,.,56,,,2,8,,2,,2,,,,1,,,,,,,,,1,2,2,1,0,6,4,,2,,,,,,,,8,10,5,,2,,,,1,1,2,1,1,2,2,2,2,2,2,,2,1,2,2,2,2,2,2,3,,62,01,1,04,8,0141,600000,20,1285.5751306,
5437482,1,1,1,60,2,20,1,1,,,1,,,2,2,2,2,1,,1,,2,300000,2,,,2,,2,,2,,2,,2,,,2,,,2,,,2,,,2,,,2,,,2,,2,,2,,2,,2,,2,,,.,,,,,,,,,.,12,,,,,,,,,50,,.,50,,,2,8,,2,,2,,,,1,,,,,,,,,1,2,2,1,0,12,8,,2,,,,,,,,2,3,30,,2,,,,1,1,2,1,2,2,1,2,1,1,2,,2,1,2,2,1,2,1,1,9,,62,01,1,04,8,0127,300000,20,1630.2335387,
5437483,1,1,1,60,2,20,1,1,,,1,,,1,2,2,2,4,,1,,2,700000,2,,,2,,2,,2,,2,,2,,,2,,,2,,,2,,,2,,,2,,,2,,2,,2,,2,,2,,2,,,.,,,,,,,,,.,9,,,,,,,,,50,,.,50,,,3,8,,2,,2,,,,1,,,,,,1,,,,2,2,1,3,12,4,,2,,,,,,,,3,11,25,,2,,,,1,1,2,1,2,1,2,2,1,1,2,,1,1,2,2,1,2,2,1,9,,62,01,1,04,8,0141,700000,20,1513.7859634,
5437484,1,1,1,60,2,20,2,,,,,,,,,,,90,,,,,,,,,,,,,,,,,,,,,,,,,,,,,,,,,,,,,,,,,,,,,,,7,,2,,,2,500000,1,8000000,2,,12,2,,,,,1,4,2,50,,.,50,,,2,8,,2,,2,,,,1,,,,,,1,,,,2,2,1,0,24,4,,2,,,,,,,,2,3,8,,2,,,,2,,,,,,,,,,,,,,1,2,1,2,1,1,9,,62,01,1,04,4,0123,500000,20,1602.1035345,
5437484,1,3,1,60,2,20,1,1,,,1,,,1,2,2,2,3,,1,,2,350000,2,,,2,,2,,2,,2,,2,,,2,,,2,,,2,,,2,,,2,,,2,,2,,2,,2,,2,,2,,,.,,,,,,,,,.,12,,,,,,,,,50,,.,50,,,2,8,,2,,2,,,,1,,,,,,,,,1,2,2,1,0,24,4,,2,,,,,,,,2,10,30,,2,,,,1,1,2,1,2,1,1,2,1,1,2,,2,2,2,2,1,2,1,1,5,,62,01,1,04,8,0141,350000,20,1602.1035345,
5437485,1,1,1,60,2,20,2,,,,,,,,,,,600,,,,,,,,,,,,,,,,,,,,,,,,,,,,,,,,,,,,,,,,,,,,,,,7,,2,,,2,53000,1,200000,3,,12,1,4,0,0,4,3,9,2,35,2,,35,,,3,8,,2,,2,,,,1,,,,,,,,,1,2,2,2,,,,,2,,,,,,,,,3,2,,2,,,,2,,,,,,,,,,,,,,1,2,1,2,1,1,3,,61,01,1,04,4,0127,53000,20,1159.473488,
5437485,1,2,1,60,2,20,2,,,,,,,,,,,240,,,,,,,,,,,,,,,,,,,,,,,,,,,,,,,,,,,,,,,,,,,,,,,,.,,,,,,,,,.,12,,,,,,,,,14,2,,14,,,3,8,,2,,2,,,,1,,,,,,,,,1,2,2,2,,,,,2,,,,,,,,,3,2,,2,,,,2,,,,,,,,,,,,,,1,2,1,2,1,1,3,,62,01,1,04,6,0127,,20,1159.473488,
5437485,1,3,1,60,2,20,1,1,,,1,,,1,2,2,2,12,,1,,2,650000,2,,,2,,2,,2,,2,,2,,,2,,,2,,,2,,,2,,,2,,,2,,2,,2,,2,,2,,2,,,.,,,,,,,,,.,12,,,,,,,,,48,,.,48,,,4,8,,2,,2,,,,1,,,,,,,,,1,2,2,1,0,60,4,,2,,,,,,,,8,3,40,,2,,,,2,,,,,,,,,,,,,,1,2,1,2,1,1,3,,62,01,1,04,8,0127,650000,20,1159.473488,
5437485,1,4,1,60,2,20,2,,,,,,,,,,,60,,,,,,,,,,,,,,,,,,,,,,,,,,,,,,,,,,,,,,,,,,,,,,,6,,,,,3,300000,1,3000000,3,,12,2,,,,,3,1,1,24,1,,24,,,1,8,,2,,2,,,,1,,,,,,,,,1,2,2,2,,,,,1,20,14,6,,,2,8,,3,10,,1,20,2,1,1,1,2,1,2,2,2,2,2,2,2,,2,1,2,2,2,2,2,2,3,,62,01,1,04,4,0161,300000,20,1159.473488,
5437485,1,5,1,60,2,20,2,,,,,,,,,,,3,,,,,,,,,,,,,,,,,,,,,,,,,,,,,,,,,,,,,,,,,,,,,,,6,,,,,3,420000,1,2000000,3,,12,2,,,,,3,1,1,24,1,,24,,,1,8,,2,,2,,,,1,,,,,,,,,1,2,2,1,0,36,4,,1,20,14,6,,,2,8,8,3,20,,1,20,2,1,1,1,2,1,2,2,2,2,2,2,2,,2,1,2,2,2,2,2,2,3,,62,01,1,04,4,0161,420000,20,1159.473488,
5437485,1,6,1,60,2,20,2,,,,,,,,,,,12,,,,,,,,,,,,,,,,,,,,,,,,,,,,,,,,,,,,,,,,,,,,,,,6,,,,,3,260000,1,2500000,3,,12,2,,,,,3,1,1,24,2,,24,,,2,8,,2,,2,,,,1,,,,,,,,,1,2,2,2,,,,,1,20,10,6,,,2,8,,3,15,,2,,,,1,1,2,1,2,2,2,2,2,2,2,,2,1,2,2,1,2,2,1,5,,62,01,1,04,4,0127,260000,20,1159.473488,
5437486,1,1,1,60,2,20,2,,,,,,,,,,,1,,,,,,,,,,,,,,,,,,,,,,,,,,,,,,,,,,,,,,,,,,,,,,,6,,,,,2,300000,1,3600000,3,,12,2,,,,,1,10,1,50,,.,50,,,2,8,,2,,2,,,,1,,,,,,,,,1,2,2,1,0,5,4,,2,,,,,,,,3,3,30,,2,,,,1,1,2,1,2,2,2,2,2,1,2,,2,1,2,2,2,2,2,1,9,,62,01,1,04,4,0127,300000,20,1245.0755891,
5437486,1,3,1,60,2,20,2,,,,,,,,,,,0,,,,,,,,,,,,,,,,,,,,,,,,,,,,,,,,,,,,,,,,,,,,,,,6,,,,,2,0,1,1200000,2,,12,2,,,,,2,10,2,44,,.,44,,,2,8,,2,,2,,,,1,,,,,,,,,1,2,2,1,0,0,4,,2,,,,,,,,13,3,30,,2,,,,1,1,2,1,2,1,1,2,1,1,2,,1,1,2,2,1,2,1,1,8,,62,01,1,04,4,0127,0,20,1245.0755891,
5437486,1,6,1,60,2,20,2,,,,,,,,,,,120,,,,,,,,,,,,,,,,,,,,,,,,,,,,,,,,,,,,,,,,,,,,,,,6,,,,,2,400000,1,6000000,3,,12,2,,,,,1,10,2,60,,.,60,,,1,8,,2,,2,,,,1,,,,,,1,,,,2,2,2,,,,,2,,,,,,,,,3,20,,2,,,,2,,,,,,,,,,,,,,2,2,1,2,1,1,9,,62,01,1,04,4,0127,400000,20,1245.0755891,
5437487,1,1,1,60,2,20,2,,,,,,,,,,,340,,,,,,,,,,,,,,,,,,,,,,,,,,,,,,,,,,,,,,,,,,,,,,,7,,2,,,2,200000,1,2800000,2,,12,2,,,,,1,5,2,40,,.,40,,,2,8,,2,,2,,,,1,,,,,,1,,,,2,2,1,0,12,4,,2,,,,,,,,2,3,40,,2,,,,2,,,,,,,,,,,,,,1,2,1,2,1,1,9,,61,01,1,04,4,0113,200000,20,1176.4917569,
5437487,1,3,1,60,2,20,2,,,,,,,,,,,120,,,,,,,,,,,,,,,,,,,,,,,,,,,,,,,,,,,,,,,,,,,,,,,7,,2,,,2,400000,1,5000000,3,,12,2,,,,,1,10,2,50,,.,50,,,1,8,,2,,2,,,,1,,,,,,,,,1,2,2,1,0,12,4,,2,,,,,,,,2,3,25,,2,,,,2,,,,,,,,,,,,,,1,2,1,2,1,1,9,,62,01,1,04,4,0127,400000,20,1176.4917569,
5437488,1,1,1,60,2,20,2,,,,,,,,,,,10,,,,,,,,,,,,,,,,,,,,,,,,,,,,,,,,,,,,,,,,,,,,,,,7,,2,,,2,0,1,1200000,3,,10,1,1,0,0,1,3,1,1,21,2,,21,,,2,1,,2,,2,,,,1,,,,,,,,,1,2,2,1,2,240,4,,2,,,,,,,,2,14,,,2,,,,1,1,2,1,2,2,2,2,2,2,2,,2,1,2,2,1,2,2,1,3,,61,01,1,04,4,0145,0,20,807.03424003,
5437488,1,2,1,60,2,20,2,,,,,,,,,,,10,,,,,,,,,,,,,,,,,,,,,,,,,,,,,,,,,,,,,,,,,,,,,,,,.,,,,,,,,,.,10,,,,,,,,,7,1,,7,,,2,1,,2,,2,,,,1,,,,,,,,,1,2,2,1,2,240,6,,2,,,,,,,,2,14,,,1,20,2,1,1,1,1,1,2,2,2,2,2,2,2,,2,1,2,2,2,2,2,2,3,,61,01,1,04,6,0145,,20,807.03424003,
5437505,1,2,1,60,2,20,2,,,,,,,,,,,24,,,,,,,,,,,,,,,,,,,,,,,,,,,,,,,,,,,,,,,,,,,,,,,6,,,,,3,100000,1,1200000,3,,12,2,,,,,3,1,1,10,1,,10,,,1,1,,2,,2,,,,1,,,,,,,,,1,2,2,2,,,,,2,,,,,,,,,14,,,1,30,2,1,1,1,1,1,2,2,2,2,2,2,2,,2,1,2,2,2,2,2,2,3,,38,61,1,04,4,6190,100000,20,567.03765288,
5437506,1,3,1,60,2,20,2,,,,,,,,,,,240,,,,,,,,,,,,,,,,,,,,,,,,,,,,,,,,,,,,,,,,,,,,,,,6,,,,,2,600000,1,5000000,3,,12,2,,,,,1,1,1,60,,.,60,,,2,8,,2,,2,,,,1,,,,,,,,,1,2,2,2,,,,,2,,,,,,,,,3,5,,2,,,,1,1,2,1,2,1,2,2,1,1,2,,1,1,2,2,1,2,1,1,9,,97,52,1,04,4,5224,600000,20,1058.2611232,
5437510,1,1,1,60,2,20,2,,,,,,,,,,,1,,,,,,,,,,,,,,,,,,,,,,,,,,,,,,,,,,,,,,,,,,,,,,,6,,,,,3,600000,1,1200000,3,,12,2,,,,,2,1,1,40,,.,40,,,1,9,,2,,2,,,,1,,,,,,,,,1,2,2,1,0,3,4,,2,,,,,,,,1,11,30,,2,,,,1,1,2,1,2,2,2,2,1,2,2,,2,1,2,2,1,2,1,1,3,,95,41,1,04,4,4111,600000,20,1315.6504547,
5437511,1,2,1,60,2,20,2,,,,,,,,,,,3,,,,,,,,,,,,,,,,,,,,,,,,,,,,,,,,,,,,,,,,,,,,,,,6,,,,,2,100000,1,300000,3,,10,2,,,,,3,4,2,20,2,,20,,,1,1,,2,,2,,,,1,,,,,,1,,,,2,2,1,0,2,4,,2,,,,,,,,3,14,,,2,,,,1,1,2,1,2,2,2,2,2,2,2,,2,2,2,2,1,2,2,1,9,,41,47,1,04,4,4724,100000,20,1085.7204263,
5437512,1,1,1,60,2,20,1,2,1,,1,,,1,1,2,1,144,,1,,2,1300000,2,,,2,,2,,2,,2,,2,,,1,106454,2,1,70000,2,2,,,2,,,2,,,1,650000,2,,2,,2,,2,,2,,,.,,,,,,,,,.,12,,,,,,,,,44,,.,44,,,9,7,,1,,1,1,1,12,1,1,,,,,,,,,1,1,2,,,,,2,,,,,,,,,12,20,,2,,,,2,,,,,,,,,,,,,,1,1,1,2,1,1,1,,59,86,1,04,1,8610,1300000,20,844.75873126,
5437513,1,3,1,60,2,20,2,,,,,,,,,,,24,,,,,,,,,,,,,,,,,,,,,,,,,,,,,,,,,,,,,,,,,,,,,,,6,,,,,2,400000,1,4800000,3,,12,2,,,,,1,3,2,40,,.,40,,,2,8,,2,,2,,,,1,,,,,,,,,1,2,2,1,0,12,4,,2,,,,,,,,3,3,5,,2,,,,1,1,1,1,2,2,2,2,1,1,2,,1,1,2,2,1,2,2,1,9,,97,52,1,04,4,5224,400000,20,1233.4985091,
5437513,1,4,1,60,2,20,1,1,,,1,,,1,2,2,2,2,,1,,2,800000,2,,,2,,2,,2,,2,,2,,,2,,,2,,,2,,,2,,,2,,,2,,2,,2,,2,,2,,2,,,.,,,,,,,,,.,12,,,,,,,,,40,,.,40,,,2,8,,2,,2,,,,1,,,,,,1,,,,2,2,1,0,6,4,,2,,,,,,,,3,11,10,,2,,,,2,,,,,,,,,,,,,,1,2,1,2,1,1,9,,60,01,1,04,8,0141,800000,20,1233.4985091,
5437513,1,5,1,60,2,20,1,1,,,1,,,1,2,2,2,6,,1,,2,300000,2,,,1,150000,2,,2,,2,,2,,,2,,,2,,,2,,,2,,,2,,,2,,2,,2,,2,,2,,2,,,.,,,,,,,,,.,6,,,,,,,,,40,,.,40,,,1,2,,10,,2,,,,1,,,,,,,,,1,2,2,2,,,,,2,,,,,,,,,3,5,,2,,,,1,1,2,1,1,1,2,2,1,1,2,,2,1,2,2,1,2,2,1,5,,54,97,1,04,3,9700,450000,20,1233.4985091,
5437515,1,1,1,60,2,20,1,1,,,1,,,1,1,1,1,160,,1,,2,906000,2,,,2,,2,,2,,2,,2,,,2,,,2,,,2,,,2,,,2,,,1,450000,2,,1,450000,2,,2,,2,,,.,,,,,,,,,.,12,,,,,,,,,60,,.,60,,,2,4,,2,,2,,,,1,,,,,,1,,,,2,2,1,0,24,8,,2,,,,,,,,2,12,20,,2,,,,2,,,,,,,,,,,,,,1,1,1,2,1,1,9,,98,97,1,04,3,9700,906000,20,1099.4813469,
5437517,1,1,1,60,2,20,1,1,,,1,,,2,2,2,2,36,,1,,2,600000,2,,,2,,2,,2,,2,,2,,,2,,,2,,,2,,,2,,,2,,,2,,2,,2,,2,,2,,2,,,.,,,,,,,,,.,12,,,,,,,,,44,,.,44,,,6,8,,2,,2,,,,1,,,,,,,,,1,2,2,1,0,12,8,,2,,,,,,,,8,11,60,,2,,,,1,1,2,1,2,2,2,2,1,2,2,,2,1,2,2,2,2,2,2,3,,62,01,1,04,8,0112,600000,20,1131.079146,
5437517,1,2,1,60,2,20,2,,,,,,,,,,,2,,,,,,,,,,,,,,,,,,,,,,,,,,,,,,,,,,,,,,,,,,,,,,,6,,,,,3,240000,1,480000,3,,2,2,,,,,2,3,2,20,2,,20,,,1,2,,2,,2,,,,1,,,,,,,,,1,2,2,1,12,18,3,,2,,,,,,,,5,12,20,,2,,,,2,,,,,,,,,,,,,,1,2,1,2,1,1,3,,55,81,1,04,4,8121,240000,20,1131.079146,
5437517,1,3,1,60,2,20,2,,,,,,,,,,,1,,,,,,,,,,,,,,,,,,,,,,,,,,,,,,,,,,,,,,,,,,,,,,,6,,,,,3,27000,1,27000,3,,1,2,,,,,3,1,1,2,1,,2,,,1,1,,2,,2,,,,1,,,,,,,,,1,2,2,2,,,,,2,,,,,,,,,14,,,1,20,1,1,1,1,2,1,2,2,2,2,2,2,2,,1,1,2,2,2,2,2,2,5,,41,47,1,04,4,4724,27000,20,1131.079146,
5437519,1,1,1,60,2,20,2,,,,,,,,,,,120,,,,,,,,,,,,,,,,,,,,,,,,,,,,,,,,,,,,,,,,,,,,,,,6,,,,,2,800000,1,7000000,3,,12,2,,,,,3,3,1,60,,.,60,,,1,4,,2,,2,,,,1,,,,,,,,,1,2,2,1,0,24,4,,2,,,,,,,,3,12,15,,2,,,,2,,,,,,,,,,,,,,1,2,1,2,1,1,9,,98,49,1,04,4,4921,800000,20,1265.8639867,
5437520,1,1,1,60,2,20,2,,,,,,,,,,,0,,,,,,,,,,,,,,,,,,,,,,,,,,,,,,,,,,,,,,,,,,,,,,,6,,,,,3,0,1,0,1,,3,2,,,,,1,1,1,24,1,,24,,,1,7,,1,,2,,,,1,,,,,,,,,1,2,2,1,3,3,1,,1,20,3,4,,80000,1,1,1,3,5,,1,20,2,1,1,1,2,1,2,2,2,2,2,2,2,,2,1,2,2,2,2,2,2,3,,97,53,1,04,4,5320,80000,20,933.53481865,
5437521,1,1,1,60,2,20,2,,,,,,,,,,,2,,,,,,,,,,,,,,,,,,,,,,,,,,,,,,,,,,,,,,,,,,,,,,,6,,,,,3,600000,1,1200000,3,,12,2,,,,,3,1,1,40,,.,40,,,1,8,,2,,2,,,,1,,,,,,,,,1,2,2,1,0,6,4,,2,,,,,,,,1,13,10,,2,,,,1,1,1,1,2,2,2,2,2,2,2,,1,1,2,2,2,2,2,2,9,,59,71,1,04,4,7110,600000,20,1108.7722046,
5437521,1,2,1,60,2,20,1,1,,,1,,,2,2,2,2,3,,1,,2,600000,2,,,1,250000,2,,2,,2,,2,,,2,,,2,,,2,,,2,,,2,,,2,,2,,2,,2,,2,,2,,,.,,,,,,,,,.,11,,,,,,,,,48,,.,48,,,1,2,,4,,2,,,,1,,,,,,,,,1,2,2,1,1,60,3,,2,,,,,,,,5,12,20,,2,,,,1,1,2,1,2,2,2,2,2,2,2,,2,1,2,2,2,2,2,2,3,,54,97,1,04,3,9700,850000,20,1108.7722046,
5437522,1,1,1,60,2,20,2,,,,,,,,,,,12,,,,,,,,,,,,,,,,,,,,,,,,,,,,,,,,,,,,,,,,,,,,,,,7,,2,,,2,800000,1,8000000,3,,12,1,1,1,0,0,1,3,2,40,,.,40,,,2,8,,1,,3,,,,,.,,,,,,,,,2,2,1,0,240,2,,2,,,,,,,,4,8,10,,2,,,,2,,,,,,,,,,,,,,1,1,1,2,1,1,1,,61,01,1,04,5,0141,800000,20,1202.3165981,
5437523,1,3,1,60,2,20,1,2,2,5,1,,,1,2,2,2,30,,,,,,,,,,,,,,,,,,,,,,,,,,,,,,,,,,,,,,,,,,,,,,,1,,,,,2,1328000,1,15000000,3,,12,2,,,,,1,1,1,40,,.,40,,,9,5,,1,,1,1,2,5,1,1,,,,,,,,,2,2,1,0,6,4,,2,,,,,,,,1,11,20,,2,,,,1,1,1,1,2,1,2,2,2,2,2,,1,1,1,2,1,2,2,1,9,,39,84,1,04,4,8412,1328000,20,1465.8939599,
5437523,1,4,1,60,2,20,1,2,2,12,1,,,1,1,1,1,16,,1,,2,1213000,2,,,2,,2,,2,,2,,2,,,1,112000,2,2,,,2,,,2,,,2,,,2,,2,,2,,2,,2,,2,,,.,,,,,,,,,.,12,,,,,,,,,48,,.,48,,,9,7,,1,,1,1,1,1,1,1,,,,,,,,,1,1,2,,,,,2,,,,,,,,,11,20,,2,,,,2,,,,,,,,,,,,,,1,1,1,2,1,1,2,,01,10,1,04,1,1040,1213000,20,1465.8939599,
5437572,1,1,1,60,2,44,2,,,,,,,,,,,380,,,,,,,,,,,,,,,,,,,,,,,,,,,,,,,,,,,,,,,,,,,,,,,6,,,,,2,800000,1,8000000,3,,12,2,,,,,3,3,1,24,2,,24,,,2,8,,2,,2,,,,1,,,,,,1,,,,2,2,2,,,,,2,,,,,,,,,3,6,,2,,,,2,,,,,,,,,,,,,,1,2,1,2,2,1,3,,61,01,1,04,4,0143,800000,44,1474.5299453,
5437572,1,2,1,60,2,44,2,,,,,,,,,,,168,,,,,,,,,,,,,,,,,,,,,,,,,,,,,,,,,,,,,,,,,,,,,,,6,,,,,2,300000,1,3600000,3,,12,2,,,,,3,3,2,30,2,,30,,,1,6,,2,,2,,,,1,,,,,,1,,,,2,2,2,,,,,2,,,,,,,,,15,25,,2,,,,2,,,,,,,,,,,,,,1,1,1,2,2,1,3,,53,56,1,04,4,5619,300000,44,1474.5299453,
5437572,1,3,1,60,2,44,2,,,,,,,,,,,16,,,,,,,,,,,,,,,,,,,,,,,,,,,,,,,,,,,,,,,,,,,,,,,,.,,,,,,,,,.,12,,,,,,,,,16,2,,16,,,2,8,,2,,2,,,,1,,,,,,,,,1,2,2,2,,,,,2,,,,,,,,,3,6,,2,,,,2,,,,,,,,,,,,,,1,1,1,2,2,1,3,,62,01,1,04,6,0143,,44,1474.5299453,
5437573,1,1,1,60,2,44,2,,,,,,,,,,,24,,,,,,,,,,,,,,,,,,,,,,,,,,,,,,,,,,,,,,,,,,,,,,,6,,,,,2,140000,1,1600000,3,,12,2,,,,,3,3,2,20,2,,20,,,2,8,,2,,2,,,,1,,,,,,1,,,,2,2,2,,,,,2,,,,,,,,,3,6,,2,,,,2,,,,,,,,,,,,,,1,2,1,2,2,1,5,,61,01,1,04,4,0143,140000,44,1474.8805348,
5437573,1,2,1,60,2,44,2,,,,,,,,,,,288,,,,,,,,,,,,,,,,,,,,,,,,,,,,,,,,,,,,,,,,,,,,,,,6,,,,,2,300000,1,2000000,3,,12,2,,,,,3,3,2,24,2,,24,,,1,1,,2,,2,,,,1,,,,,,1,,,,2,2,2,,,,,2,,,,,,,,,14,,,2,,,,2,,,,,,,,,,,,,,1,1,1,2,2,1,3,,75,15,1,04,4,1513,300000,44,1474.8805348,
5437573,1,3,1,60,2,44,2,,,,,,,,,,,60,,,,,,,,,,,,,,,,,,,,,,,,,,,,,,,,,,,,,,,,,,,,,,,,.,,,,,,,,,.,12,,,,,,,,,16,2,,16,,,2,8,,2,,2,,,,1,,,,,,,,,1,2,2,2,,,,,2,,,,,,,,,3,6,,2,,,,2,,,,,,,,,,,,,,1,1,1,2,2,1,3,,62,01,1,04,6,0143,,44,1474.8805348,
5437574,1,1,1,60,2,44,2,,,,,,,,,,,300,,,,,,,,,,,,,,,,,,,,,,,,,,,,,,,,,,,,,,,,,,,,,,,6,,,,,2,550000,1,3000000,3,,12,2,,,,,3,3,1,16,1,,16,,,1,1,,2,,2,,,,1,,,,,,,,,1,2,2,2,,,,,2,,,,,,,,,14,,,1,20,2,2,2,,,,,,,,,,,,,,1,1,2,2,2,1,3,,75,15,1,04,4,1513,550000,44,1337.3136165,
5437574,1,2,1,60,2,44,2,,,,,,,,,,,120,,,,,,,,,,,,,,,,,,,,,,,,,,,,,,,,,,,,,,,,,,,,,,,6,,,,,2,120000,1,2000000,3,,12,2,,,,,3,3,2,24,2,,24,,,2,8,,2,,2,,,,1,,,,,,,,,1,2,2,2,,,,,2,,,,,,,,,3,3,,2,,,,2,,,,,,,,,,,,,,1,1,1,2,2,1,3,,61,01,1,04,4,0143,120000,44,1337.3136165,
5437574,1,3,1,60,2,44,2,,,,,,,,,,,60,,,,,,,,,,,,,,,,,,,,,,,,,,,,,,,,,,,,,,,,,,,,,,,6,,,,,2,300000,1,2000000,3,,12,2,,,,,3,3,2,16,2,,16,,,2,8,,2,,2,,,,1,,,,,,,,,1,2,2,2,,,,,2,,,,,,,,,3,3,,2,,,,2,,,,,,,,,,,,,,1,1,1,2,2,1,3,,62,01,1,04,4,0143,300000,44,1337.3136165,
5437575,1,1,1,60,2,44,2,,,,,,,,,,,120,,,,,,,,,,,,,,,,,,,,,,,,,,,,,,,,,,,,,,,,,,,,,,,6,,,,,2,220000,1,2600000,3,,12,1,1,0,1,0,3,3,2,20,2,,20,,,2,1,,2,,2,,,,1,,,,,,,,,1,2,2,2,,,,,2,,,,,,,,,14,,,1,20,2,1,2,,,,,,,,,,,,,,1,2,2,2,2,1,5,,75,15,1,04,4,1513,220000,44,1189.5536556,
5437575,1,2,1,60,2,44,2,,,,,,,,,,,60,,,,,,,,,,,,,,,,,,,,,,,,,,,,,,,,,,,,,,,,,,,,,,,6,,,,,2,220000,1,2000000,3,,12,1,1,0,1,0,3,3,2,24,2,,24,,,2,1,,2,,2,,,,1,,,,,,,,,1,2,2,2,,,,,2,,,,,,,,,14,,,1,20,2,1,2,,,,,,,,,,,,,,1,2,2,2,2,1,3,,75,15,1,04,4,1513,220000,44,1189.5536556,
5437576,1,2,1,60,2,44,2,,,,,,,,,,,0,,,,,,,,,,,,,,,,,,,,,,,,,,,,,,,,,,,,,,,,,,,,,,,6,,,,,2,20000,1,20000,1,,1,2,,,,,3,1,2,30,1,,24,6,,1,1,,3,,2,,,,1,,,,,,,,,1,2,2,1,60,6,3,,2,,,,,,,,3,14,,2,1,20,2,1,1,1,1,1,2,2,2,2,2,2,2,,2,1,1,2,2,2,2,1,3,,53,56,1,04,4,5619,20000,44,1108.7722046,
5437577,1,1,1,60,2,44,1,2,2,12,2,4,LAOS SEGURIDAD,1,1,1,1,192,,1,,2,1100000,2,,,2,,2,,2,,2,,2,,,1,103000,1,2,,,2,,,2,,,2,,,1,454000,1,454000,1,454000,2,,2,,2,,,.,,,,,,,,,.,12,,,,,,,,,48,,.,48,,,9,7,,1,,1,1,1,16,1,1,,,,,,,,,1,1,2,,,,,2,,,,,,,,,8,25,,2,,,,2,,,,,,,,,,,,,,1,1,1,2,2,1,5,,58,86,1,04,1,8621,1100000,44,1370.9500657,8010
5437578,1,1,1,60,2,44,1,2,1,,1,,,1,1,1,1,204,,5,,2,1400000,2,,,2,,2,,2,,2,,2,,,2,,,2,,,2,,,2,,,2,,,1,600000,1,600000,1,600000,2,,2,,2,,,.,,,,,,,,,.,12,,,,,,,,,48,,.,48,,,9,7,,1,,1,3,1,17,1,1,,,,,,,,,1,2,1,0,36,4,,2,,,,,,,,3,3,2,,2,,,,2,,,,,,,,,,,,,,1,2,2,2,2,1,1,,58,84,1,04,2,8422,1400000,44,1142.930052,
5437606,1,1,1,60,2,44,1,2,1,,2,4,SECRETARIA DE EDUCACION DEPARTAMENTAL,1,1,1,1,132,,2,,2,1400000,2,,,2,,2,,2,,2,,2,,,1,103000,1,2,,,2,,,2,,,2,,,1,600000,1,600000,1,600000,2,,2,,2,,,.,,,,,,,,,.,12,,,,,,,,,40,,.,40,,,9,7,,1,,1,3,1,11,1,1,,,,,,,,,1,1,1,0,84,4,,1,44,14,4,,250000,1,1,3,3,12,,2,,,,2,,,,,,,,,,,,,,1,1,1,1,1,1,1,,13,85,1,04,2,8530,1650000,44,1023.7192092,8413
5437609,1,4,1,60,2,44,2,,,,,,,,,,,120,,,,,,,,,,,,,,,,,,,,,,,,,,,,,,,,,,,,,,,,,,,,,,,6,,,,,2,50000,1,600000,3,,12,2,,,,,3,1,2,24,2,,24,,,1,8,,2,,2,,,,1,,,,,,,,,1,2,2,2,,,,,1,44,3,4,,70000,1,8,,3,4,,1,20,2,1,2,,,,,,,,,,,,,,1,2,2,2,2,1,3,,61,01,1,04,4,0143,120000,44,793.76612669,
5437609,1,5,1,60,2,44,2,,,,,,,,,,,3,,,,,,,,,,,,,,,,,,,,,,,,,,,,,,,,,,,,,,,,,,,,,,,6,,,,,2,100000,1,300000,3,,3,2,,,,,3,3,2,30,2,,30,,,1,1,,2,,2,,,,1,,,,,,,,,1,2,2,2,,,,,2,,,,,,,,,14,,,2,,,,2,,,,,,,,,,,,,,1,2,1,2,2,1,3,,75,15,1,04,4,1513,100000,44,793.76612669,
5437610,1,1,1,60,2,44,2,,,,,,,,,,,12,,,,,,,,,,,,,,,,,,,,,,,,,,,,,,,,,,,,,,,,,,,,,,,6,,,,,2,200000,1,2400000,3,,12,2,,,,,3,3,2,16,2,,16,,,1,1,,4,,2,,,,1,,,,,,,,,1,2,2,2,,,,,2,,,,,,,,,14,,,1,24,2,1,2,,,,,,,,,,,,,,1,2,2,2,2,1,3,,75,15,1,04,4,1513,200000,44,1040.1464716,
5437610,1,2,1,60,2,44,2,,,,,,,,,,,1,,,,,,,,,,,,,,,,,,,,,,,,,,,,,,,,,,,,,,,,,,,,,,,6,,,,,2,0,1,0,3,,1,2,,,,,3,3,2,16,2,,16,,,1,1,,2,,2,,,,1,,,,,,,,,1,2,2,1,11,1,3,,2,,,,,,,,3,14,,,1,20,2,1,2,,,,,,,,,,,,,,1,2,2,2,2,1,3,,75,15,1,04,4,1513,0,44,1040.1464716,
5437611,1,1,1,60,2,44,2,,,,,,,,,,,360,,,,,,,,,,,,,,,,,,,,,,,,,,,,,,,,,,,,,,,,,,,,,,,6,,,,,2,50000,1,1200000,3,,12,1,1,0,0,1,3,3,2,28,2,,28,,,2,9,,2,,2,,,,1,,,,,,,,,1,2,2,2,,,,,2,,,,,,,,,3,4,,2,,,,2,,,,,,,,,,,,,,1,2,1,2,2,1,5,,61,01,1,04,4,0143,50000,44,1452.2074978,
5437611,1,2,1,60,2,44,2,,,,,,,,,,,60,,,,,,,,,,,,,,,,,,,,,,,,,,,,,,,,,,,,,,,,,,,,,,,6,,,,,2,0,1,350000,3,,12,2,,,,,3,3,2,20,2,,20,,,2,8,,4,,2,,,,1,,,,,,,,,1,2,2,1,3,96,1,,2,,,,,,,,3,3,3,,2,,,,2,,,,,,,,,,,,,,1,2,1,2,2,1,3,,61,01,1,04,4,0143,0,44,1452.2074978,
5437611,1,3,1,60,2,44,2,,,,,,,,,,,60,,,,,,,,,,,,,,,,,,,,,,,,,,,,,,,,,,,,,,,,,,,,,,,,.,,,,,,,,,.,12,,,,,,,,,14,2,,14,,,2,8,,2,,2,,,,1,,,,,,,,,1,2,2,2,,,,,2,,,,,,,,,3,3,,2,,,,2,,,,,,,,,,,,,,1,1,1,2,2,1,3,,62,01,1,04,6,0143,,44,1452.2074978,
5437612,1,1,1,60,2,44,2,,,,,,,,,,,600,,,,,,,,,,,,,,,,,,,,,,,,,,,,,,,,,,,,,,,,,,,,,,,6,,,,,2,150000,1,1600000,3,,12,1,1,0,0,1,3,3,2,14,2,,14,,,2,1,,2,,2,,,,1,,,,,,,,,1,2,2,2,,,,,1,44,2,4,,50000,2,1,,14,,,2,,,,2,,,,,,,,,,,,,,1,2,1,2,2,1,3,,75,15,1,04,4,1513,200000,44,711.69453386,
5437612,1,2,1,60,2,44,2,,,,,,,,,,,60,,,,,,,,,,,,,,,,,,,,,,,,,,,,,,,,,,,,,,,,,,,,,,,,.,,,,,,,,,.,12,,,,,,,,,14,2,,14,,,2,8,,2,,2,,,,1,,,,,,,,,1,2,2,2,,,,,2,,,,,,,,,3,3,,2,,,,2,,,,,,,,,,,,,,1,1,1,2,2,1,3,,62,01,1,04,6,0143,,44,711.69453386,
5437613,1,1,1,60,2,44,2,,,,,,,,,,,180,,,,,,,,,,,,,,,,,,,,,,,,,,,,,,,,,,,,,,,,,,,,,,,6,,,,,2,200000,1,2400000,3,,12,2,,,,,3,1,1,30,2,,30,,,3,8,,2,,2,,,,1,,,,,,,,,1,2,2,2,,,,,2,,,,,,,,,13,10,,2,,,,1,1,1,1,2,2,2,2,1,2,2,,2,1,1,2,2,2,2,1,3,,71,08,1,04,4,0892,200000,44,1508.4690263,
5437614,1,1,1,60,2,44,2,,,,,,,,,,,120,,,,,,,,,,,,,,,,,,,,,,,,,,,,,,,,,,,,,,,,,,,,,,,6,,,,,2,50000,1,400000,3,,12,2,,,,,3,3,2,2,2,,2,,,2,8,,2,,2,,,,1,,,,,,,,,1,2,2,2,,,,,2,,,,,,,,,3,2,,2,,,,2,,,,,,,,,,,,,,1,2,1,2,2,1,3,,61,01,1,04,4,0143,50000,44,995.45141854,
5437615,1,1,1,60,2,44,2,,,,,,,,,,,60,,,,,,,,,,,,,,,,,,,,,,,,,,,,,,,,,,,,,,,,,,,,,,,6,,,,,2,100000,1,1200000,3,,12,2,,,,,3,3,2,16,2,,16,,,1,1,,2,,2,,,,1,,,,,,,,,1,2,2,2,,,,,2,,,,,,,,,14,,,1,10,2,1,2,,,,,,,,,,,,,,1,2,2,2,2,1,3,,75,15,1,04,4,1513,100000,44,1103.5519447,
5437615,1,3,1,60,2,44,2,,,,,,,,,,,60,,,,,,,,,,,,,,,,,,,,,,,,,,,,,,,,,,,,,,,,,,,,,,,6,,,,,2,180000,1,3000000,3,,12,1,2,0,2,0,3,3,2,30,2,,30,,,2,8,,2,,2,,,,1,,,,,,,,,1,2,2,2,,,,,2,,,,,,,,,3,10,,2,,,,2,,,,,,,,,,,,,,1,1,1,2,2,1,3,,71,08,1,04,4,0892,180000,44,1103.5519447,
5437616,1,1,1,60,2,44,2,,,,,,,,,,,120,,,,,,,,,,,,,,,,,,,,,,,,,,,,,,,,,,,,,,,,,,,,,,,6,,,,,2,300000,1,3600000,3,,12,1,2,0,2,0,3,3,2,28,2,,28,,,2,8,,4,,2,,,,1,,,,,,,,,1,2,2,2,,,,,2,,,,,,,,,3,8,,2,,,,2,,,,,,,,,,,,,,1,2,1,2,2,1,5,,71,08,1,04,4,0892,300000,44,1645.6853551,
5437617,1,1,1,60,2,44,2,,,,,,,,,,,24,,,,,,,,,,,,,,,,,,,,,,,,,,,,,,,,,,,,,,,,,,,,,,,6,,,,,2,400000,1,4800000,3,,12,2,,,,,3,3,2,40,,.,30,6,,1,4,,2,,2,,,,1,,,,,,,,,1,2,2,1,0,240,4,,2,,,,,,,,3,14,,1,2,,,,2,,,,,,,,,,,,,,1,1,1,2,2,1,5,,98,49,1,04,4,4921,400000,44,1325.1227613,
5437617,1,2,1,60,2,44,2,,,,,,,,,,,60,,,,,,,,,,,,,,,,,,,,,,,,,,,,,,,,,,,,,,,,,,,,,,,6,,,,,2,350000,1,2500000,3,,12,2,,,,,3,3,2,30,2,,30,,,1,1,,2,,2,,,,1,,,,,,,,,1,2,2,2,,,,,2,,,,,,,,,14,,,1,10,2,1,2,,,,,,,,,,,,,,1,1,2,2,2,1,3,,75,15,1,04,4,1513,350000,44,1325.1227613,
5437629,1,1,1,60,2,44,1,2,2,6,2,4,PROSEGUROS,1,1,1,1,24,,1,,2,470000,2,,,2,,2,,2,,2,,2,,,1,51500,2,2,,,2,,,2,,,2,,,1,225000,1,225000,1,225000,2,,2,,2,,,.,,,,,,,,,.,12,,,,,,,,,24,1,,24,,,9,7,,1,,1,1,1,3,1,1,,,,,,,,,1,2,1,0,18,1,,1,44,20,4,,400000,2,8,1,3,2,,1,24,2,1,2,,,,,,,,,,,,,,1,2,2,2,2,1,5,,58,61,1,04,1,6110,870000,44,1175.7155774,8010
5437631,1,1,1,60,2,44,1,2,2,3,2,4,SEGURIDAD PRIVADA ONCOR,1,2,1,1,4,,1,,2,1000000,2,,,2,,2,,2,,2,,2,,,1,103000,1,2,,,2,,,2,,,2,,,2,,2,,2,,2,,2,,2,,,.,,,,,,,,,.,12,,,,,,,,,48,,.,48,,,9,7,,1,,1,1,1,5,1,1,,,,,,,,,1,1,1,0,24,4,,1,44,2,4,,130000,1,8,3,12,18,,2,,,,2,,,,,,,,,,,,,,1,1,1,2,2,1,5,,58,06,1,04,1,0620,1130000,44,1337.3136165,8010
5437632,1,2,1,60,2,44,2,,,,,,,,,,,360,,,,,,,,,,,,,,,,,,,,,,,,,,,,,,,,,,,,,,,,,,,,,,,6,,,,,2,60000,1,400000,3,,12,2,,,,,3,3,2,6,2,,6,,,1,1,,2,,2,,,,1,,,,,,,,,1,2,2,2,,,,,2,,,,,,,,,14,,,2,,,,2,,,,,,,,,,,,,,1,1,1,2,2,1,3,,75,15,1,04,4,1513,60000,44,1032.0825588,
5437632,1,3,1,60,2,44,2,,,,,,,,,,,240,,,,,,,,,,,,,,,,,,,,,,,,,,,,,,,,,,,,,,,,,,,,,,,6,,,,,2,0,1,2000000,3,,12,2,,,,,3,3,2,40,,.,16,6,,1,4,,2,,2,,,,1,,,,,,,,,1,2,2,1,0,24,4,,1,44,3,4,,0,1,1,13,14,,1,1,30,2,1,2,,,,,,,,,,,,,,1,2,2,2,2,1,3,,98,49,1,04,4,4921,0,44,1032.0825588,
5437633,1,1,1,60,2,44,2,,,,,,,,,,,15,,,,,,,,,,,,,,,,,,,,,,,,,,,,,,,,,,,,,,,,,,,,,,,6,,,,,2,210000,1,2400000,3,,12,2,,,,,3,1,1,21,2,,21,,,1,1,,2,,2,,,,1,,,,,,,,,1,2,2,1,0,12,1,,2,,,,,,,,1,14,,,2,,,,1,1,1,1,2,2,2,2,2,2,2,,1,1,1,2,2,2,2,1,3,,41,47,1,04,4,4724,210000,44,651.72651952,
5437633,1,2,1,60,2,44,2,,,,,,,,,,,25,,,,,,,,,,,,,,,,,,,,,,,,,,,,,,,,,,,,,,,,,,,,,,,6,,,,,2,300000,1,5000000,3,,12,2,,,,,3,1,2,50,,.,0,7,ESTABA EN DILIGENCIA DE SALUD,1,1,,2,,2,,,,1,,,,,,,,,1,2,2,1,0,28,4,,1,44,16,4,,100000,1,1,3,14,,,1,20,2,1,1,1,1,1,2,2,2,2,2,2,2,,2,1,1,2,2,2,2,1,5,,41,47,1,04,4,4731,400000,44,651.72651952,
5437633,1,8,1,60,2,44,2,,,,,,,,,,,15,,,,,,,,,,,,,,,,,,,,,,,,,,,,,,,,,,,,,,,,,,,,,,,6,,,,,2,80000,1,600000,3,,12,2,,,,,3,1,2,8,1,,0,7,RESPOZABILIDADES FAMILIARES,1,1,,2,,2,,,,1,,,,,,,,,1,2,2,1,2,18,1,,2,,,,,,,,1,14,,,1,40,2,1,1,1,1,1,2,2,2,2,2,2,2,,2,2,2,2,2,2,2,1,5,,53,56,1,04,4,5619,80000,44,651.72651952,
5437635,1,1,1,60,2,44,2,,,,,,,,,,,144,,,,,,,,,,,,,,,,,,,,,,,,,,,,,,,,,,,,,,,,,,,,,,,6,,,,,2,450000,1,4800000,3,,12,2,,,,,3,1,1,20,2,,20,,,1,6,,2,,2,,,,1,,,,,,,,,1,2,2,1,0,60,1,,2,,,,,,,,1,3,8,,2,,,,1,1,1,1,2,2,2,2,2,2,2,,2,1,1,2,2,2,2,1,5,,45,47,1,04,4,4781,450000,44,1346.8709872,
5437635,1,2,1,60,2,44,2,,,,,,,,,,,60,,,,,,,,,,,,,,,,,,,,,,,,,,,,,,,,,,,,,,,,,,,,,,,6,,,,,2,300000,1,3600000,3,,12,2,,,,,3,1,1,24,2,,24,,,1,1,,2,,2,,,,1,,,,,,,,,1,2,2,2,,,,,2,,,,,,,,,14,,,1,20,2,1,2,,,,,,,,,,,,,,1,2,2,2,2,1,3,,75,15,1,04,4,1513,300000,44,1346.8709872,
5437636,1,1,1,60,2,44,2,,,,,,,,,,,120,,,,,,,,,,,,,,,,,,,,,,,,,,,,,,,,,,,,,,,,,,,,,,,6,,,,,2,150000,1,1800000,3,,12,1,1,0,1,0,3,3,2,14,1,,14,,,2,1,,2,,2,,,,1,,,,,,,,,1,2,2,1,0,3,2,,2,,,,,,,,1,14,,,1,24,2,1,2,,,,,,,,,,,,,,1,2,2,2,2,1,5,,75,15,1,04,4,1513,150000,44,1473.6819333,
5437636,1,2,1,60,2,44,2,,,,,,,,,,,60,,,,,,,,,,,,,,,,,,,,,,,,,,,,,,,,,,,,,,,,,,,,,,,6,,,,,2,150000,1,1800000,3,,12,1,1,0,1,0,3,3,2,36,2,,36,,,2,1,,2,,2,,,,1,,,,,,,,,1,2,2,2,,,,,2,,,,,,,,,14,,,2,,,,2,,,,,,,,,,,,,,1,2,1,2,2,1,3,,75,15,1,04,4,1513,150000,44,1473.6819333,
5437637,1,2,1,60,2,44,2,,,,,,,,,,,60,,,,,,,,,,,,,,,,,,,,,,,,,,,,,,,,,,,,,,,,,,,,,,,6,,,,,2,30000,1,500000,3,,12,2,,,,,3,3,2,24,2,,24,,,1,1,,2,,2,,,,1,,,,,,,,,1,2,2,2,,,,,2,,,,,,,,,14,,,2,,,,2,,,,,,,,,,,,,,1,2,1,2,2,1,3,,75,15,1,04,4,1513,30000,44,904.05220765,
5437637,1,3,1,60,2,44,2,,,,,,,,,,,36,,,,,,,,,,,,,,,,,,,,,,,,,,,,,,,,,,,,,,,,,,,,,,,6,,,,,2,70000,1,1000000,3,,12,2,,,,,3,3,2,16,2,,16,,,1,1,,2,,2,,,,1,,,,,,,,,1,2,2,2,,,,,2,,,,,,,,,14,,,2,,,,2,,,,,,,,,,,,,,1,1,1,2,2,1,3,,75,15,1,04,4,1513,70000,44,904.05220765,
5437637,1,4,1,60,2,44,2,,,,,,,,,,,24,,,,,,,,,,,,,,,,,,,,,,,,,,,,,,,,,,,,,,,,,,,,,,,6,,,,,2,70000,1,500000,3,,12,2,,,,,3,3,2,16,2,,16,,,1,1,,2,,,,,,1,,,,,,,,,1,2,2,2,,,,,2,,,,,,,,,14,,,2,,,,2,,,,,,,,,,,,,,1,1,1,2,2,1,3,,75,15,1,04,4,1513,70000,44,904.05220765,
5437638,1,1,1,60,2,44,2,,,,,,,,,,,36,,,,,,,,,,,,,,,,,,,,,,,,,,,,,,,,,,,,,,,,,,,,,,,6,,,,,2,80000,1,1400000,3,,12,1,1,0,0,1,3,1,2,30,2,,30,,,2,1,,2,,2,,,,1,,,,,,,,,1,2,2,1,0,120,4,,1,44,18,4,,17000,2,1,3,14,,,2,,,,2,,,,,,,,,,,,,,1,2,1,2,2,1,5,,75,15,1,04,4,1513,97000,44,1416.7960251,
5437638,1,2,1,60,2,44,1,2,2,3,1,,,1,2,2,2,36,,1,,2,1200000,2,,,2,,2,,2,,2,,2,,,2,,,2,,,2,,,2,,,2,,,2,,2,,2,,2,,2,,2,,,.,,,,,,,,,.,12,,,,,,,,,30,2,,30,,,7,7,,1,,1,1,2,3,1,1,,,,,,,,,1,2,2,,,,,1,44,16,4,,80000,2,1,,12,100,,2,,,,2,,,,,,,,,,,,,,1,1,1,2,2,1,3,,53,88,1,04,1,8890,1280000,44,1416.7960251,
5437638,1,3,1,60,2,44,2,,,,,,,,,,,5,,,,,,,,,,,,,,,,,,,,,,,,,,,,,,,,,,,,,,,,,,,,,,,,.,,,,,,,,,.,5,,,,,,,,,16,2,,16,,,2,1,,2,,,,,,1,,,,,,,,,1,2,2,2,,,,,2,,,,,,,,,14,,,2,,,,2,,,,,,,,,,,,,,1,1,1,2,2,1,3,,75,15,1,04,6,1513,,44,1416.7960251,
5437639,1,1,1,60,2,44,2,,,,,,,,,,,120,,,,,,,,,,,,,,,,,,,,,,,,,,,,,,,,,,,,,,,,,,,,,,,6,,,,,2,150000,1,1800000,3,,12,1,1,0,1,0,3,3,2,30,2,,30,,,2,1,,5,,2,,,,1,,,,,,,,,1,2,2,2,,,,,2,,,,,,,,,14,,,2,,,,2,,,,,,,,,,,,,,1,1,1,2,2,1,3,,75,15,1,04,4,1513,150000,44,1294.2657864,
5437639,1,2,1,60,2,44,2,,,,,,,,,,,60,,,,,,,,,,,,,,,,,,,,,,,,,,,,,,,,,,,,,,,,,,,,,,,6,,,,,2,150000,1,1800000,3,,12,1,1,0,1,0,3,3,2,24,2,,24,,,2,1,,2,,2,,,,1,,,,,,,,,1,2,2,2,,,,,2,,,,,,,,,14,,,2,,,,2,,,,,,,,,,,,,,1,1,1,2,2,1,3,,75,15,1,04,4,1513,150000,44,1294.2657864,
5437640,1,2,1,60,2,44,2,,,,,,,,,,,24,,,,,,,,,,,,,,,,,,,,,,,,,,,,,,,,,,,,,,,,,,,,,,,6,,,,,2,60000,1,600000,3,,12,2,,,,,3,3,2,20,1,,20,,,1,1,,5,,2,,,,1,,,,,,,,,1,2,2,2,,,,,2,,,,,,,,,14,,,1,20,2,1,2,,,,,,,,,,,,,,1,2,2,2,2,1,3,,75,15,1,04,4,1513,60000,44,1069.6336673,
5437640,1,3,1,60,2,44,2,,,,,,,,,,,24,,,,,,,,,,,,,,,,,,,,,,,,,,,,,,,,,,,,,,,,,,,,,,,6,,,,,2,150000,1,3000000,3,,12,2,,,,,3,1,2,36,2,,36,,,3,9,,2,,2,,,,1,,,,,,,,,1,2,2,1,0,60,4,,2,,,,,,,,3,13,15,,2,,,,2,,,,,,,,,,,,,,1,2,1,2,2,1,5,,95,41,1,04,4,4111,150000,44,1069.6336673,
5437687,1,1,1,60,2,27,1,2,1,,1,,,1,2,2,2,48,,1,,2,500000,2,,,2,,2,,2,,2,,2,,,2,,,2,,,2,,,2,,,2,,,2,,2,,2,,2,,2,,2,,,.,,,,,,,,,.,12,,,,,,,,,40,,.,40,,,9,7,,2,,2,,,,1,,,,,,,,,1,2,2,1,0,220,4,,2,,,,,,,,2,3,5,,2,,,,2,,,,,,,,,,,,,,1,1,1,2,1,1,3,,14,94,1,04,1,9491,500000,27,1117.7697098,
5437701,1,1,1,60,2,27,1,1,,,1,,,1,2,2,2,24,,1,,2,960000,2,,,2,,2,,2,,2,,2,,,2,,,2,,,2,,,2,,,2,,,2,,2,,2,,2,,2,,2,,,.,,,,,,,,,.,12,,,,,,,,,40,,.,40,,,5,9,,2,,2,,,,1,,,,,,,,,1,2,2,2,,,,,2,,,,,,,,,9,60,,2,,,,2,,,,,,,,,,,,,,1,1,1,2,1,1,3,,95,41,1,04,1,4111,960000,27,1848.8543025,
5437716,1,1,1,60,2,27,1,2,2,3,1,,,1,2,2,2,2,,,,,,,,,,,,,,,,,,,,,,,,,,,,,,,,,,,,,,,,,,,,,,,1,,,,,2,1600000,1,3200000,3,,2,2,,,,,1,1,1,40,,.,40,,,4,3,,1,,1,2,2,0,1,1,,,,,,,,,1,2,2,,,,,2,,,,,,,,,3,1,,2,,,,2,,,,,,,,,,,,,,1,1,1,2,2,1,8,,13,88,1,04,4,8890,1600000,27,1866.6331325,
5437726,1,1,1,60,2,27,1,1,,,1,,,1,2,2,2,240,,1,,2,300000,2,,,2,,2,,2,,2,,2,,,2,,,2,,,2,,,2,,,2,,,2,,2,,2,,2,,2,,2,,,.,,,,,,,,,.,12,,,,,,,,,50,,.,50,,,3,8,,2,,2,,,,1,,,,,,,,,1,2,2,2,,,,,2,,,,,,,,,9,30,,2,,,,2,,,,,,,,,,,,,,1,1,1,2,1,1,8,,62,01,1,04,1,0122,300000,27,507.38448397,
5437729,1,2,1,60,2,27,1,1,,,1,,,1,2,2,2,54,,1,,2,400000,2,,,2,,2,,2,,2,,2,,,2,,,2,,,2,,,2,,,2,,,2,,2,,2,,2,,2,,2,,,.,,,,,,,,,.,12,,,,,,,,,52,,.,52,,,3,8,,2,,2,,,,1,,,,,,,,,1,2,2,2,,,,,2,,,,,,,,,9,20,,2,,,,2,,,,,,,,,,,,,,2,2,1,2,2,1,3,,62,01,1,04,1,0122,400000,27,1450.3641412,
5437734,1,1,1,60,2,27,1,2,2,12,2,4,CONSEJO REGIONAL DE INDIGENA DEL CHOCO CHISC,1,2,1,2,96,,2,,2,1300000,2,,,2,,2,,2,,2,,2,,,2,,,2,,,2,,,2,,,2,,,2,,1,650000,2,,2,,2,,2,,,.,,,,,,,,,.,12,,,,,,,,,42,,.,42,,,6,7,,1,,1,1,1,8,1,1,,,,,,,,,1,2,2,,,,,2,,,,,,,,,3,2,,2,,,,2,,,,,,,,,,,,,,1,2,1,2,1,1,3,,13,85,1,04,1,8530,1300000,27,1866.6331325,8413
5437736,1,1,1,60,2,27,1,1,,,1,,,1,2,2,2,36,,1,,2,200000,2,,,2,,2,,2,,2,,2,,,2,,,2,,,2,,,2,,,2,,,2,,2,,2,,2,,2,,2,,,.,,,,,,,,,.,12,,,,,,,,,42,,.,42,,,2,8,,2,,2,,,,1,,,,,,,,,1,2,2,1,0,54,4,,2,,,,,,,,2,9,20,,2,,,,2,,,,,,,,,,,,,,1,1,1,2,1,1,3,,62,01,1,04,1,0122,200000,27,1117.7697098,
5437737,1,1,1,60,2,27,2,,,,,,,,,,,144,,,,,,,,,,,,,,,,,,,,,,,,,,,,,,,,,,,,,,,,,,,,,,,7,,2,,,2,350000,1,12800000,3,,12,2,,,,,3,1,2,48,,.,48,,,1,1,,2,,2,,,,1,,,,,,,,,1,2,2,2,,,,,2,,,,,,,,,14,,,2,,,,2,,,,,,,,,,,,,,1,2,1,2,1,1,3,,41,47,1,04,4,4711,350000,27,592.44298263,
5437739,1,1,1,60,2,27,1,2,2,12,2,4,CONSEJO REGIONAL INDIGENA DEL CHOCO CHISC,1,2,1,2,36,,2,,2,1300000,2,,,2,,2,,2,,2,,2,,,2,,,2,,,2,,,2,,,2,,,2,,1,650000,2,,2,,2,,2,,,.,,,,,,,,,.,12,,,,,,,,,42,,.,42,,,6,7,,1,,1,1,1,3,1,1,,,,,,,,,1,2,1,0,56,4,,2,,,,,,,,8,3,5,,2,,,,2,,,,,,,,,,,,,,1,2,1,2,1,1,3,,13,85,1,04,1,8530,1300000,27,1071.5709957,8413
5437743,1,2,1,60,2,27,1,1,,,1,,,1,2,2,2,24,,1,,2,350000,2,,,2,,2,,2,,2,,2,,,2,,,2,,,2,,,2,,,2,,,2,,2,,2,,2,,2,,2,,,.,,,,,,,,,.,12,,,,,,,,,52,,.,52,,,2,8,,4,,2,,,,1,,,,,,,,,1,2,2,1,2,120,1,,2,,,,,,,,1,9,20,,2,,,,1,1,1,1,2,1,2,1,1,2,2,,2,1,2,2,2,2,2,1,3,,62,01,1,04,1,0122,350000,27,1732.7100182,
5437747,1,1,1,60,2,27,1,1,,,1,,,1,2,2,2,52,,1,,2,300000,2,,,2,,2,,2,,2,,2,,,2,,,2,,,2,,,2,,,2,,,2,,2,,2,,2,,2,,2,,,.,,,,,,,,,.,12,,,,,,,,,43,,.,43,,,2,8,,2,,2,,,,1,,,,,,,,,1,2,2,2,,,,,2,,,,,,,,,9,20,,2,,,,2,,,,,,,,,,,,,,1,2,1,2,1,1,3,,62,01,1,04,1,0122,300000,27,1548.2568747,
5437748,1,1,1,60,2,27,1,1,,,1,,,1,2,2,2,42,,1,,2,300000,2,,,2,,2,,2,,2,,2,,,9,,,2,,,2,,,2,,,9,,,2,,2,,2,,2,,2,,2,,,.,,,,,,,,,.,12,,,,,,,,,50,,.,50,,,3,8,,2,,2,,,,1,,,,,,,,,1,2,2,1,2,24,1,,2,,,,,,,,1,9,15,,2,,,,2,,,,,,,,,,,,,,1,2,1,2,1,1,3,,62,01,1,04,1,0122,300000,27,899.68476565,
5437753,1,1,1,60,2,27,1,2,2,6,1,,,1,2,2,2,30,,,,,,,,,,,,,,,,,,,,,,,,,,,,,,,,,,,,,,,,,,,,,,,1,,,,,2,1676000,1,12300000,3,,12,2,,,,,1,1,1,40,,.,40,,,6,7,,1,,1,1,2,2,1,1,,,,,,,,,1,2,2,,,,,2,,,,,,,,,9,60,,2,,,,2,,,,,,,,,,,,,,1,1,1,2,1,1,8,,19,86,1,04,4,8621,1676000,27,1741.958353,
5437755,1,1,1,60,2,27,2,,,,,,,,,,,122,,,,,,,,,,,,,,,,,,,,,,,,,,,,,,,,,,,,,,,,,,,,,,,7,,2,,,2,200000,1,1500000,3,,12,2,,,,,3,1,2,50,,.,50,,,1,8,,2,,2,,,,1,,,,,,,,,1,2,2,2,,,,,2,,,,,,,,,3,40,,2,,,,2,,,,,,,,,,,,,,1,2,1,2,2,1,8,,61,01,1,04,4,0122,200000,27,494.55024911,
5437755,1,2,1,60,2,27,2,,,,,,,,,,,600,,,,,,,,,,,,,,,,,,,,,,,,,,,,,,,,,,,,,,,,,,,,,,,7,,2,,,2,250000,1,1600000,3,,12,2,,,,,3,1,2,50,,.,50,,,1,8,,2,,2,,,,1,,,,,,,,,1,2,2,2,,,,,2,,,,,,,,,3,40,,2,,,,2,,,,,,,,,,,,,,1,2,1,2,1,1,8,,61,01,1,04,4,0122,250000,27,494.55024911,
5437756,1,1,1,60,2,27,1,2,2,6,2,4,UNION TEMPORAL SERRANIA,1,1,1,1,240,,2,,2,1014000,2,,,2,,2,,2,,2,,2,,,2,,,2,,,2,,,2,,,2,,,1,507000,1,1014000,1,507000,2,,2,,2,,,.,,,,,,,,,.,12,,,,,,,,,40,,.,40,,,9,1,,1,,1,1,1,15,1,1,,,,,,,,,1,2,2,,,,,2,,,,,,,,,14,,,2,,,,2,,,,,,,,,,,,,,1,1,1,2,1,1,8,,54,88,1,04,1,8890,1014000,27,466.65828314,8413
5437757,1,1,1,60,2,27,2,,,,,,,,,,,540,,,,,,,,,,,,,,,,,,,,,,,,,,,,,,,,,,,,,,,,,,,,,,,7,,2,,,2,100000,1,1200000,3,,12,2,,,,,3,1,1,50,,.,50,,,1,8,,2,,2,,,,1,,,,,,,,,1,2,2,2,,,,,2,,,,,,,,,3,40,,2,,,,2,,,,,,,,,,,,,,1,2,1,2,2,1,8,,61,01,1,04,4,0122,100000,27,1099.3599647,
5437758,1,1,1,60,2,27,2,,,,,,,,,,,84,,,,,,,,,,,,,,,,,,,,,,,,,,,,,,,,,,,,,,,,,,,,,,,6,,,,,2,100000,1,1200000,3,,12,2,,,,,3,1,2,50,,.,50,,,1,8,,2,,2,,,,1,,,,,,,,,1,2,2,2,,,,,2,,,,,,,,,3,20,,2,,,,2,,,,,,,,,,,,,,1,2,1,2,2,1,8,,61,01,1,04,4,0161,100000,27,592.44298263,
5437764,1,1,1,60,2,27,1,2,2,3,2,4,FUNDACION SERRANIA,1,1,1,1,312,,2,,2,1014000,2,,,2,,2,,2,,2,,2,,,2,,,2,,,2,,,2,,,2,,,1,507000,1,1014000,1,507000,2,,2,,2,,,.,,,,,,,,,.,12,,,,,,,,,40,,.,40,,,9,1,,1,,1,1,1,20,1,1,,,,,,,,,1,2,2,,,,,2,,,,,,,,,14,,,2,,,,2,,,,,,,,,,,,,,1,1,1,2,1,1,8,,54,88,1,04,1,8890,1014000,27,661.44833009,8413
5437765,1,1,1,60,2,27,2,,,,,,,,,,,126,,,,,,,,,,,,,,,,,,,,,,,,,,,,,,,,,,,,,,,,,,,,,,,7,,2,,,2,500000,1,3500000,3,,12,2,,,,,3,1,2,40,,.,40,,,1,8,,2,,2,,,,1,,,,,,,,,1,2,2,2,,,,,2,,,,,,,,,3,30,,2,,,,2,,,,,,,,,,,,,,1,2,1,2,2,1,8,,61,01,1,04,4,0122,500000,27,466.65828314,
5437765,1,2,1,60,2,27,2,,,,,,,,,,,122,,,,,,,,,,,,,,,,,,,,,,,,,,,,,,,,,,,,,,,,,,,,,,,7,,2,,,2,500000,1,4000000,3,,12,2,,,,,3,10,2,40,,.,40,,,1,8,,2,,2,,,,1,,,,,,,,,1,2,2,2,,,,,2,,,,,,,,,3,30,,2,,,,2,,,,,,,,,,,,,,1,1,1,2,2,1,8,,61,01,1,04,4,0122,500000,27,466.65828314,
5437768,1,1,1,60,2,27,2,,,,,,,,,,,384,,,,,,,,,,,,,,,,,,,,,,,,,,,,,,,,,,,,,,,,,,,,,,,7,,2,,,2,300000,1,3000000,3,,12,2,,,,,3,1,2,50,,.,50,,,1,8,,2,,2,,,,1,,,,,,,,,1,2,2,2,,,,,2,,,,,,,,,3,40,,2,,,,2,,,,,,,,,,,,,,1,1,1,2,1,1,8,,61,01,1,04,4,0122,300000,27,1520.8149537,
5437769,1,2,1,60,2,27,2,,,,,,,,,,,500,,,,,,,,,,,,,,,,,,,,,,,,,,,,,,,,,,,,,,,,,,,,,,,7,,2,,,2,100000,1,1500000,3,,12,2,,,,,3,10,2,35,2,,35,,,1,8,,2,,2,,,,1,,,,,,,,,1,2,2,2,,,,,2,,,,,,,,,3,40,,2,,,,2,,,,,,,,,,,,,,1,2,1,2,2,1,8,,61,01,1,04,4,0122,100000,27,592.44298263,
5437770,1,1,1,60,2,27,1,2,1,,1,,,1,1,1,1,108,,2,,2,1800000,2,,,2,,2,,2,,2,,2,,,2,,,2,,,2,,,2,,,2,,,1,900000,1,1800000,1,1000000,2,,2,,2,,,.,,,,,,,,,.,12,,,,,,,,,40,,.,40,,,9,7,,1,,1,3,1,9,1,,1,,,,,,,,1,2,2,,,,,2,,,,,,,,,3,5,,2,,,,2,,,,,,,,,,,,,,1,1,1,2,1,1,2,,13,85,1,04,2,8513,1800000,27,1685.0146766,
5437776,1,1,1,60,2,27,2,,,,,,,,,,,300,,,,,,,,,,,,,,,,,,,,,,,,,,,,,,,,,,,,,,,,,,,,,,,6,,,,,2,400000,1,5000000,3,,12,2,,,,,3,9,2,50,,.,50,,,1,8,,2,,2,,,,1,,,,,,,,,1,2,2,2,,,,,2,,,,,,,,,9,50,,2,,,,2,,,,,,,,,,,,,,1,1,1,2,1,1,8,,61,01,1,04,4,0111,400000,27,1349.6580713,
5437779,1,1,1,60,2,27,2,,,,,,,,,,,180,,,,,,,,,,,,,,,,,,,,,,,,,,,,,,,,,,,,,,,,,,,,,,,6,,,,,2,300000,1,4000000,3,,12,2,,,,,3,9,2,50,,.,50,,,1,8,,2,,2,,,,1,,,,,,,,,1,2,2,2,,,,,2,,,,,,,,,9,30,,2,,,,2,,,,,,,,,,,,,,1,1,1,2,1,1,8,,61,01,1,04,4,0122,300000,27,1866.6331325,
5437780,1,1,1,60,2,27,2,,,,,,,,,,,240,,,,,,,,,,,,,,,,,,,,,,,,,,,,,,,,,,,,,,,,,,,,,,,6,,,,,2,200000,1,2000000,3,,12,2,,,,,3,9,2,50,,.,50,,,1,8,,2,,2,,,,1,,,,,,,,,1,2,2,2,,,,,2,,,,,,,,,9,30,,2,,,,2,,,,,,,,,,,,,,1,1,2,2,1,1,8,,61,01,1,04,4,0122,200000,27,1488.499862,
5437781,1,1,1,60,2,27,2,,,,,,,,,,,444,,,,,,,,,,,,,,,,,,,,,,,,,,,,,,,,,,,,,,,,,,,,,,,6,,,,,2,100000,1,1800000,3,,12,2,,,,,3,1,1,40,,.,40,,,1,8,,2,,2,,,,1,,,,,,,,,1,2,2,2,,,,,2,,,,,,,,,9,30,,2,,,,2,,,,,,,,,,,,,,1,2,1,2,1,1,8,,61,01,1,04,4,0122,100000,27,1169.4637292,
5437782,1,2,1,60,2,27,2,,,,,,,,,,,680,,,,,,,,,,,,,,,,,,,,,,,,,,,,,,,,,,,,,,,,,,,,,,,6,,,,,2,200000,1,3000000,3,,12,2,,,,,3,9,2,40,,.,40,,,1,8,,2,,2,,,,1,,,,,,,,,1,2,2,2,,,,,2,,,,,,,,,9,20,,2,,,,2,,,,,,,,,,,,,,1,1,1,2,1,1,8,,61,01,1,04,4,0122,200000,27,494.55024911,
5437783,1,2,1,60,2,27,2,,,,,,,,,,,580,,,,,,,,,,,,,,,,,,,,,,,,,,,,,,,,,,,,,,,,,,,,,,,6,,,,,2,60000,1,1200000,3,,12,2,,,,,3,9,2,45,,.,45,,,1,8,,2,,2,,,,1,,,,,,,,,1,2,2,2,,,,,2,,,,,,,,,9,30,,2,,,,2,,,,,,,,,,,,,,1,1,1,2,1,1,8,,61,01,1,04,4,0112,60000,27,1207.383291,
5437784,1,2,1,60,2,27,1,2,1,,1,,,1,1,1,1,228,,2,,2,1900000,2,,,2,,2,,2,,2,,2,,,2,,,2,,,2,,,2,,,2,,,1,950000,1,1900000,1,1000000,2,,2,,2,,,.,,,,,,,,,.,12,,,,,,,,,40,,.,40,,,9,7,,1,,1,3,1,19,1,1,,,,,,,,,1,2,2,,,,,2,,,,,,,,,3,10,,2,,,,2,,,,,,,,,,,,,,1,1,1,2,1,1,8,,13,85,1,04,2,8513,1900000,27,1153.1432567,
5437786,1,1,1,60,2,27,2,,,,,,,,,,,240,,,,,,,,,,,,,,,,,,,,,,,,,,,,,,,,,,,,,,,,,,,,,,,6,,,,,2,300000,1,3000000,3,,12,2,,,,,3,9,2,60,,.,60,,,1,8,,2,,2,,,,1,,,,,,,,,1,2,2,2,,,,,2,,,,,,,,,9,30,,2,,,,2,,,,,,,,,,,,,,1,1,1,2,1,1,8,,61,01,1,04,4,0122,300000,27,703.89929863,
5437787,1,1,1,60,2,27,2,,,,,,,,,,,360,,,,,,,,,,,,,,,,,,,,,,,,,,,,,,,,,,,,,,,,,,,,,,,6,,,,,2,200000,1,3400000,3,,12,2,,,,,3,1,1,40,,.,40,,,1,8,,2,,2,,,,1,,,,,,,,,1,2,2,2,,,,,2,,,,,,,,,9,30,,2,,,,2,,,,,,,,,,,,,,1,1,1,2,1,1,8,,61,01,1,04,4,0122,200000,27,760.84297499,
5437789,1,1,1,60,2,27,1,1,,,1,,,1,2,2,2,60,,1,,2,600000,2,,,2,,2,,2,,2,,2,,,2,,,2,,,2,,,2,,,2,,,2,,2,,2,,2,,2,,2,,,.,,,,,,,,,.,12,,,,,,,,,50,,.,50,,,2,7,,2,,2,,,,1,,,,,,,,,1,2,2,2,,,,,2,,,,,,,,,3,10,,2,,,,2,,,,,,,,,,,,,,1,1,1,2,1,1,8,,45,47,1,04,1,4711,600000,27,1866.6331325,
5437791,1,1,1,60,2,27,1,1,,,1,,,1,2,2,2,24,,1,,2,400000,2,,,2,,2,,2,,2,,2,,,2,,,2,,,2,,,2,,,2,,,2,,2,,2,,2,,2,,2,,,.,,,,,,,,,.,12,,,,,,,,,40,,.,40,,,3,8,,2,,2,,,,1,,,,,,,,,1,2,2,2,,,,,2,,,,,,,,,9,30,,2,,,,2,,,,,,,,,,,,,,1,1,1,2,1,1,8,,62,01,1,04,1,0122,400000,27,1750.961569,
5437800,1,1,1,60,2,27,2,,,,,,,,,,,360,,,,,,,,,,,,,,,,,,,,,,,,,,,,,,,,,,,,,,,,,,,,,,,7,,2,,,2,200000,1,2000000,3,,12,2,,,,,3,10,2,60,,.,60,,,1,8,,2,,2,,,,1,,,,,,,,,1,2,2,2,,,,,2,,,,,,,,,9,30,,2,,,,2,,,,,,,,,,,,,,1,1,1,2,1,1,3,,61,01,1,04,4,0122,200000,27,1117.7697098,
5437802,1,2,1,60,2,27,2,,,,,,,,,,,360,,,,,,,,,,,,,,,,,,,,,,,,,,,,,,,,,,,,,,,,,,,,,,,7,,2,,,2,150000,1,2500000,3,,12,2,,,,,3,9,2,50,,.,50,,,1,8,,2,,2,,,,1,,,,,,,,,1,2,2,2,,,,,2,,,,,,,,,9,15,,2,,,,2,,,,,,,,,,,,,,1,2,1,2,1,1,3,,61,01,1,04,4,0122,150000,27,592.44298263,
5437803,1,1,1,60,2,27,2,,,,,,,,,,,440,,,,,,,,,,,,,,,,,,,,,,,,,,,,,,,,,,,,,,,,,,,,,,,7,,2,,,2,200000,1,3000000,3,,12,2,,,,,3,10,2,60,,.,60,,,1,8,,2,,2,,,,1,,,,,,,,,1,1,2,2,,,,,2,,,,,,,,,9,5,,2,,,,2,,,,,,,,,,,,,,1,2,1,2,1,1,3,,61,01,1,04,4,0122,200000,27,1117.7697098,
5437806,1,1,1,60,2,27,2,,,,,,,,,,,220,,,,,,,,,,,,,,,,,,,,,,,,,,,,,,,,,,,,,,,,,,,,,,,7,,2,,,2,300000,1,3000000,3,,12,2,,,,,3,3,2,60,,.,60,,,1,8,,2,,2,,,,1,,,,,,,,,1,2,2,2,,,,,2,,,,,,,,,9,15,,2,,,,2,,,,,,,,,,,,,,1,2,1,2,1,1,3,,61,01,1,04,4,0122,300000,27,1548.2568747,
5437808,1,1,1,60,2,27,2,,,,,,,,,,,110,,,,,,,,,,,,,,,,,,,,,,,,,,,,,,,,,,,,,,,,,,,,,,,7,,2,,,2,400000,1,3500000,3,,12,2,,,,,3,9,2,50,,.,50,,,1,8,,2,,2,,,,1,,,,,,,,,1,2,2,2,,,,,2,,,,,,,,,9,20,,2,,,,2,,,,,,,,,,,,,,1,1,1,2,1,1,3,,61,01,1,04,4,0122,400000,27,1866.6331325,
5437811,1,1,1,60,2,27,2,,,,,,,,,,,360,,,,,,,,,,,,,,,,,,,,,,,,,,,,,,,,,,,,,,,,,,,,,,,7,,2,,,2,170000,1,2000000,3,,12,2,,,,,3,9,2,50,,.,50,,,1,8,,2,,2,,,,1,,,,,,,,,1,2,2,2,,,,,2,,,,,,,,,9,10,,2,,,,2,,,,,,,,,,,,,,1,2,1,2,1,1,3,,61,01,1,04,4,0122,170000,27,1117.7697098,
5437812,1,2,1,60,2,27,2,,,,,,,,,,,220,,,,,,,,,,,,,,,,,,,,,,,,,,,,,,,,,,,,,,,,,,,,,,,7,,2,,,2,200000,1,3500000,3,,12,2,,,,,3,9,2,60,,.,60,,,1,8,,2,,2,,,,1,,,,,,,,,1,2,2,2,,,,,2,,,,,,,,,9,25,,2,,,,2,,,,,,,,,,,,,,1,2,1,2,1,1,3,,61,01,1,04,4,0122,200000,27,1859.3372273,
5437816,1,1,1,60,2,27,1,1,,,1,,,1,2,2,2,36,,1,,2,900000,2,,,2,,2,,2,,2,,2,,,2,,,2,,,2,,,2,,,2,,,2,,2,,2,,2,,2,,2,,,.,,,,,,,,,.,12,,,,,,,,,50,,.,50,,,3,9,,2,,2,,,,1,,,,,,,,,1,2,2,1,0,110,4,,2,,,,,,,,3,3,5,,2,,,,2,,,,,,,,,,,,,,1,1,1,2,1,1,3,,95,41,1,04,1,4111,900000,27,1548.2568747,
5437820,1,1,1,60,2,27,1,1,,,1,,,2,2,2,2,380,,1,,2,400000,2,,,2,,2,,2,,2,,2,,,2,,,2,,,2,,,2,,,2,,,2,,2,,2,,2,,2,,2,,,.,,,,,,,,,.,12,,,,,,,,,50,,.,50,,,2,8,,2,,2,,,,1,,,,,,,,,1,2,2,2,,,,,2,,,,,,,,,9,40,,2,,,,2,,,,,,,,,,,,,,1,2,2,2,2,1,8,,62,01,1,04,1,0122,400000,27,605.27721749,
5437822,1,1,1,60,2,27,1,1,,,1,,,2,2,2,2,240,,1,,2,400000,2,,,2,,2,,2,,2,,2,,,2,,,2,,,2,,,2,,,2,,,2,,2,,2,,2,,2,,2,,,.,,,,,,,,,.,12,,,,,,,,,40,,.,40,,,2,8,,2,,2,,,,1,,,,,,,,,1,2,2,2,,,,,2,,,,,,,,,9,40,,2,,,,2,,,,,,,,,,,,,,1,1,1,2,1,1,8,,62,01,1,04,1,0122,400000,27,899.68476565,
5437824,1,1,1,60,2,27,1,1,,,1,,,1,2,2,2,480,,1,,2,350000,2,,,2,,2,,2,,2,,2,,,2,,,2,,,2,,,2,,,2,,,2,,2,,2,,2,,2,,2,,,.,,,,,,,,,.,12,,,,,,,,,60,,.,60,,,2,8,,2,,2,,,,1,,,,,,,,,1,2,2,2,,,,,2,,,,,,,,,9,40,,2,,,,2,,,,,,,,,,,,,,1,1,1,2,1,1,8,,62,01,1,04,1,0111,350000,27,466.65828314,
5437825,1,1,1,60,2,27,1,2,1,,1,,,1,1,1,1,240,,7,POR POLITICA,2,2000000,2,,,2,,2,,2,,2,,2,,,2,,,2,,,2,,,2,,,2,,,1,1000000,1,2000000,1,1000000,2,,2,,2,,,.,,,,,,,,,.,12,,,,,,,,,40,,.,40,,,9,7,,1,,1,3,1,20,1,1,,,,,,,,,1,2,2,,,,,2,,,,,,,,,3,10,,2,,,,2,,,,,,,,,,,,,,1,1,1,2,1,1,2,,13,85,1,04,2,8513,2000000,27,466.65828314,
5437826,1,2,1,60,2,27,1,1,,,1,,,1,2,2,2,240,,1,,2,300000,2,,,2,,2,,2,,2,,2,,,2,,,2,,,2,,,2,,,2,,,2,,2,,2,,2,,2,,2,,,.,,,,,,,,,.,12,,,,,,,,,50,,.,50,,,4,8,,2,,2,,,,1,,,,,,,,,1,2,2,2,,,,,2,,,,,,,,,9,30,,2,,,,2,,,,,,,,,,,,,,1,1,1,2,1,1,8,,62,01,1,04,1,0122,300000,27,605.27721749,
5437828,1,1,1,60,2,27,1,1,,,1,,,1,2,2,2,340,,1,,2,700000,2,,,2,,2,,2,,2,,2,,,2,,,2,,,2,,,2,,,2,,,2,,2,,2,,2,,2,,2,,,.,,,,,,,,,.,12,,,,,,,,,70,,.,70,,,3,7,,2,,2,,,,1,,,,,,,,,1,2,2,2,,,,,2,,,,,,,,,9,40,,2,,,,2,,,,,,,,,,,,,,1,1,1,2,1,1,8,,62,01,1,04,1,0122,700000,27,605.27721749,
5437839,1,1,1,60,2,27,1,1,,,1,,,2,2,2,2,320,,1,,2,400000,2,,,2,,2,,2,,2,,2,,,2,,,2,,,2,,,2,,,2,,,2,,2,,2,,2,,2,,2,,,.,,,,,,,,,.,12,,,,,,,,,50,,.,50,,,4,8,,2,,2,,,,1,,,,,,,,,1,2,2,2,,,,,2,,,,,,,,,9,40,,2,,,,2,,,,,,,,,,,,,,1,1,1,2,1,1,8,,62,01,1,04,1,0122,400000,27,1117.7697098,
5437848,1,1,1,60,2,27,1,2,1,,1,,,1,1,1,1,100,,1,,2,1800000,2,,,2,,2,,2,,2,,2,,,2,,,2,,,2,,,2,,,2,,,1,900000,1,900000,1,900000,2,,2,,2,,,.,,,,,,,,,.,12,,,,,,,,,36,3,HORARIO ESTABLECIDO POR EL MINISTERIO DE EDUCACION,36,,,9,7,,1,,1,3,1,12,1,1,,,,,,,,,1,2,1,0,24,1,,2,,,,,,,,1,3,5,,2,,,,2,,,,,,,,,,,,,,1,1,1,2,1,1,1,,13,85,1,04,2,8513,1800000,27,1548.2568747,
5437850,1,1,1,60,2,27,2,,,,,,,,,,,50,,,,,,,,,,,,,,,,,,,,,,,,,,,,,,,,,,,,,,,,,,,,,,,7,,2,,,2,100000,1,1200000,3,,12,2,,,,,3,3,2,42,,.,42,,,1,8,,2,,2,,,,1,,,,,,,,,1,2,2,2,,,,,2,,,,,,,,,3,10,,2,,,,2,,,,,,,,,,,,,,1,1,1,2,1,1,3,,62,01,1,04,4,0122,100000,27,1866.6331325,
5437851,1,1,1,60,2,27,2,,,,,,,,,,,100,,,,,,,,,,,,,,,,,,,,,,,,,,,,,,,,,,,,,,,,,,,,,,,7,,2,,,2,100000,1,1200000,3,,12,2,,,,,3,9,1,44,,.,44,,,1,8,,2,,2,,,,1,,,,,,,,,1,2,2,2,,,,,2,,,,,,,,,3,5,,2,,,,2,,,,,,,,,,,,,,1,1,1,2,1,1,3,,62,01,1,04,4,0122,100000,27,1856.1715591,
5437853,1,1,1,60,2,27,2,,,,,,,,,,,100,,,,,,,,,,,,,,,,,,,,,,,,,,,,,,,,,,,,,,,,,,,,,,,7,,2,,,2,100000,1,1200000,3,,12,2,,,,,3,9,1,34,2,,34,,,1,8,,2,,2,,,,1,,,,,,,,,1,2,2,2,,,,,2,,,,,,,,,3,5,,2,,,,2,,,,,,,,,,,,,,1,1,1,2,1,1,3,,62,01,1,04,4,0122,100000,27,466.65828314,
5437858,1,1,1,60,2,27,1,2,1,,1,,,1,1,1,1,64,,1,,2,1800000,2,,,2,,2,,2,,2,,2,,,2,,,2,,,2,,,2,,,2,,,1,900000,1,900000,1,900000,2,,2,,2,,,.,,,,,,,,,.,12,,,,,,,,,40,,.,40,,,9,7,,1,,1,3,1,98,1,1,,,,,,,,,1,2,2,,,,,2,,,,,,,,,3,5,,2,,,,2,,,,,,,,,,,,,,1,1,1,2,1,1,1,,13,85,1,04,2,8513,1800000,27,466.65828314,
5437859,1,2,1,60,2,27,2,,,,,,,,,,,90,,,,,,,,,,,,,,,,,,,,,,,,,,,,,,,,,,,,,,,,,,,,,,,7,,2,,,2,100000,1,1200000,3,,12,2,,,,,3,9,1,42,,.,42,,,1,8,,2,,2,,,,1,,,,,,,,,1,2,2,2,,,,,2,,,,,,,,,3,8,,2,,,,2,,,,,,,,,,,,,,1,1,1,2,1,1,3,,62,01,1,04,4,0112,100000,27,1866.6331325,
5437861,1,1,1,60,2,27,1,2,1,,1,,,1,1,1,1,36,,1,,2,1600000,2,,,2,,2,,2,,2,,2,,,2,,,2,,,2,,,2,,,2,,,1,800000,1,800000,1,800000,2,,2,,2,,,.,,,,,,,,,.,12,,,,,,,,,36,3,HORARIO ESTABLECIDO POR EL MINISTERIO DE EDUCACION,36,,,9,7,,1,,1,3,1,3,1,1,,,,,,,,,1,2,1,16,24,1,,2,,,,,,,,1,9,10,,2,,,,2,,,,,,,,,,,,,,1,1,1,2,1,1,1,,13,85,1,04,2,8513,1600000,27,1548.2568747,
5437872,1,1,1,60,2,27,1,2,1,,1,,,1,1,1,1,36,,1,,2,1600000,2,,,2,,2,,2,,2,,2,,,2,,,2,,,2,,,2,,,2,,,1,800000,1,800000,1,800000,2,,2,,2,,,.,,,,,,,,,.,12,,,,,,,,,40,,.,40,,,9,7,,1,,1,3,1,3,1,1,,,,,,,,,1,2,2,,,,,2,,,,,,,,,3,3,,2,,,,2,,,,,,,,,,,,,,1,1,1,2,1,1,1,,13,85,1,04,2,8513,1600000,27,1866.6331325,
5437873,1,1,1,60,2,27,1,2,1,,1,,,2,1,1,1,112,,1,,2,1600000,2,,,2,,2,,2,,2,,2,,,2,,,2,,,2,,,2,,,2,,,1,800000,1,800000,1,800000,2,,2,,2,,,.,,,,,,,,,.,12,,,,,,,,,40,,.,40,,,9,7,,1,,1,3,1,10,1,1,,,,,,,,,1,2,1,0,24,4,,2,,,,,,,,3,3,3,,2,,,,2,,,,,,,,,,,,,,1,1,1,2,1,1,1,,13,85,1,04,2,8513,1600000,27,1561.7640109,
5437892,1,1,1,60,2,50,1,2,1,,1,,,1,1,2,1,8,,1,,2,908000,2,,,2,,1,400000,2,,2,,2,,,1,106000,2,2,,,2,,,2,,,2,,,1,450000,2,,2,,2,,2,,2,,,.,,,,,,,,,.,8,,,,,,,,,56,,.,56,,,2,8,,1,,1,2,1,10,1,1,,,,,,,,,1,2,1,4,120,1,,2,,,,,,,,13,3,15,,2,,,,2,,,,,,,,,,,,,,1,1,1,2,1,1,2,,62,01,1,04,8,0141,1308000,50,1464.2050399,
5437893,1,1,1,60,2,50,2,,,,,,,,,,,60,,,,,,,,,,,,,,,,,,,,,,,,,,,,,,,,,,,,,,,,,,,,,,,7,,2,,,3,400000,1,5000000,3,,12,2,,,,,3,1,2,60,,.,60,,,1,1,,11,,2,,,,1,,,,,,,,,1,2,2,2,,,,,2,,,,,,,,,14,,,2,,,,2,,,,,,,,,,,,,,1,1,1,2,1,1,5,,57,96,1,04,4,9602,400000,50,2149.0176611,
5437896,1,1,1,60,2,50,1,2,1,,1,,,1,1,1,1,120,,5,,2,2500000,2,,,2,,2,,2,,2,,2,,,2,,,2,,,2,,,2,,,2,,,1,1250000,1,2500000,1,2500000,2,,2,,2,,,.,,,,,,,,,.,12,,,,,,,,,40,,.,40,,,9,7,,1,,1,2,1,14,1,1,,,,,,,,,1,1,1,2,36,1,,2,,,,,,,,1,3,5,,2,,,,2,,,,,,,,,,,,,,1,1,1,2,1,1,1,,13,85,1,04,2,8530,2500000,50,1618.2076833,
5437896,1,2,1,60,2,50,1,2,1,,1,,,1,1,1,1,96,,5,,2,1800000,2,,,2,,2,,2,,2,,2,,,2,,,1,35000,2,2,,,2,,,2,,,1,900000,1,1800000,1,1800000,2,,2,,2,,,.,,,,,,,,,.,12,,,,,,,,,40,,.,40,,,9,7,,1,,1,2,1,13,1,1,,,,,,,,,1,1,1,0,24,1,,2,,,,,,,,1,3,5,,2,,,,2,,,,,,,,,,,,,,1,1,1,2,1,1,1,,13,85,1,04,2,8530,1800000,50,1618.2076833,
5437897,1,1,1,60,2,50,1,1,,,1,,,1,2,2,2,8,,1,,2,1000000,2,,,2,,1,500000,2,,2,,2,,,2,,,2,,,2,,,2,,,2,,,2,,2,,2,,2,,2,,2,,,.,,,,,,,,,.,8,,,,,,,,,70,,.,70,,,2,8,,2,,2,,,,1,,,,,,,,,1,2,2,1,4,12,1,,2,,,,,,,,13,10,20,,2,,,,2,,,,,,,,,,,,,,1,1,1,2,1,1,2,,62,01,1,04,8,0141,1500000,50,1239.4666469,
5437899,1,1,1,60,2,50,1,1,,,1,,,1,2,2,2,2,,1,,2,935000,2,,,2,,1,350000,2,,2,,2,,,2,,,2,,,2,,,2,,,2,,,2,,2,,2,,2,,2,,2,,,.,,,,,,,,,.,12,,,,,,,,,70,,.,70,,,2,8,,4,,2,,,,1,,,,,,,,,1,2,2,1,0,10,1,,2,,,,,,,,1,3,5,,2,,,,1,1,2,1,2,2,2,2,2,2,2,,2,1,2,2,2,2,2,1,2,,62,01,1,04,8,0141,1285000,50,1267.8913086,
5437902,1,1,1,60,2,50,1,2,1,,1,,,1,1,2,1,60,,1,,2,940000,2,,,1,200000,2,,2,,2,,2,,,1,102000,2,1,70000,2,2,,,2,,,2,,,1,940000,2,,2,,2,,2,,2,,,.,,,,,,,,,.,12,,,,,,,,,48,,.,48,,,9,8,,1,,1,1,1,8,1,1,,,,,,,,,1,1,1,12,60,8,,2,,,,,,,,3,11,80,,2,,,,2,,,,,,,,,,,,,,1,1,1,2,1,1,1,,59,01,1,04,8,0144,1140000,50,1879.5379209,
5437902,1,2,1,60,2,50,2,,,,,,,,,,,6,,,,,,,,,,,,,,,,,,,,,,,,,,,,,,,,,,,,,,,,,,,,,,,7,,2,,,2,200000,1,2400000,3,,12,2,,,,,3,4,2,60,,.,60,,,1,7,,3,,2,,,,1,,,,,,,,,1,2,1,1,0,12,4,,2,,,,,,,,2,14,,,2,,,,2,,,,,,,,,,,,,,1,2,1,2,2,1,3,,38,61,1,04,4,6190,200000,50,1879.5379209,
5437905,1,1,1,60,2,50,1,2,2,12,1,,,1,1,2,1,4,,1,,2,908000,2,,,2,,1,500000,2,,2,,2,,,2,,,1,35000,2,2,,,2,,,2,,,2,,2,,2,,2,,2,,2,,,.,,,,,,,,,.,12,,,,,,,,,48,,.,48,,,1,1,,1,,1,1,1,2,1,1,,,,,,,,,1,1,1,0,18,4,,2,,,,,,,,1,3,10,,2,,,,2,,,,,,,,,,,,,,1,1,1,2,1,1,2,,58,97,1,04,3,9700,1408000,50,892.22235704,
5437906,1,1,1,60,2,50,2,,,,,,,,,,,3,,,,,,,,,,,,,,,,,,,,,,,,,,,,,,,,,,,,,,,,,,,,,,,6,,,,,3,600000,1,7200000,3,,12,2,,,,,2,4,2,50,,.,30,6,,1,8,,11,,2,,,,1,,,,,,,,,1,2,2,1,2,6,4,,2,,,,,,,,1,11,25,2,2,,,,2,,,,,,,,,,,,,,1,1,1,2,1,1,2,,62,01,1,04,4,0161,600000,50,2953.1626524,
5437907,1,2,1,60,2,50,1,2,1,,1,,,1,1,2,1,12,,2,,2,1250000,2,,,1,200000,2,,1,300000,2,,2,,,2,,,1,35000,2,2,,,2,,,2,,,1,1250000,2,,2,,2,,2,,2,,,.,,,,,,,,,.,12,,,,,,,,,48,,.,48,,,9,8,,1,,1,1,1,11,1,1,,,,,,,,,1,1,1,0,8,1,,2,,,,,,,,1,7,60,,2,,,,2,,,,,,,,,,,,,,1,1,1,2,1,1,5,,62,01,1,04,8,0141,1450000,50,2246.5316088,
5437908,1,1,1,60,2,50,1,1,,,1,,,2,2,2,2,230,,1,,2,1100000,2,,,2,,1,400000,2,,2,,2,,,2,,,2,,,2,,,2,,,2,,,2,,2,,2,,2,,2,,2,,,.,,,,,,,,,.,12,,,,,,,,,50,,.,30,6,,3,7,,2,,2,,,,1,,,,,,,,,1,2,2,1,2,6,1,,2,,,,,,,,1,14,,1,2,,,,1,1,2,1,2,2,2,2,1,2,2,,2,2,2,2,2,2,1,2,3,,39,55,1,04,1,5511,1500000,50,795.46389481,
5437910,1,1,1,60,2,50,1,1,,,1,,,1,2,2,2,8,,1,,2,800000,2,,,2,,1,500000,2,,2,,2,,,2,,,2,,,2,,,2,,,2,,,2,,2,,2,,2,,2,,2,,,.,,,,,,,,,.,8,,,,,,,,,48,,.,48,,,1,1,,4,,2,,,,1,,,,,,,,,1,2,2,1,4,36,3,,2,,,,,,,,13,14,,,2,,,,2,,,,,,,,,,,,,,1,1,1,2,1,1,2,,54,97,1,04,3,9700,1300000,50,744.31575272,
5437911,1,1,1,60,2,50,1,2,1,,1,,,1,2,2,2,3,,1,,2,900000,2,,,2,,1,200000,2,,2,,2,,,2,,,2,,,2,,,2,,,2,,,2,,2,,2,,2,,2,,2,,,.,,,,,,,,,.,3,,,,,,,,,50,,.,50,,,2,8,,10,,2,,,,1,,,,,,,,,1,2,2,1,24,3,1,,2,,,,,,,,1,3,7,,2,,,,1,1,2,1,2,2,2,2,1,1,2,,2,1,2,2,2,2,2,1,3,,62,01,1,04,8,0141,1100000,50,1203.4811987,
5437913,1,1,1,60,2,50,1,1,,,1,,,1,2,2,2,24,,1,,2,700000,2,,,2,,1,400000,2,,2,,2,,,2,,,2,,,2,,,2,,,2,,,2,,2,,2,,2,,2,,2,,,.,,,,,,,,,.,12,,,,,,,,,56,,.,56,,,2,8,,2,,2,,,,1,,,,,,,,,1,2,2,1,0,18,4,,2,,,,,,,,3,10,20,,2,,,,2,,,,,,,,,,,,,,1,1,1,2,1,1,2,,62,01,1,04,8,0141,1100000,50,1203.4811987,
5437914,1,1,1,60,2,50,1,1,,,1,,,1,1,2,1,70,,1,,2,1200000,2,,,2,,1,500000,2,,2,,2,,,2,,,2,,,2,,,2,,,2,,,1,1140000,2,,2,,2,,2,,2,,,.,,,,,,,,,.,12,,,,,,,,,50,,.,50,,,2,1,,1,,1,2,1,12,1,1,,,,,,,,,1,1,1,0,48,1,,2,,,,,,,,1,14,,,2,,,,2,,,,,,,,,,,,,,1,1,1,2,1,1,3,,58,97,1,04,3,9700,1700000,50,658.76512899,
5437915,1,1,1,60,2,50,1,1,,,1,,,1,2,2,2,2,,1,,2,700000,2,,,2,,1,400000,2,,2,,2,,,2,,,2,,,2,,,2,,,2,,,2,,2,,2,,2,,2,,2,,,.,,,,,,,,,.,8,,,,,,,,,56,,.,56,,,2,8,,2,,2,,,,1,,,,,,,,,1,2,2,1,0,6,1,,2,,,,,,,,1,3,6,,2,,,,2,,,,,,,,,,,,,,1,1,1,2,1,2,2,,62,01,1,04,8,0141,1100000,50,723.1752389,
5437916,1,1,1,60,2,50,1,1,,,1,,,1,1,2,1,96,,1,,2,900000,2,,,2,,1,300000,2,,2,,2,,,2,,,2,,,2,,,2,,,2,,,1,877000,2,,2,,2,,2,,2,,,.,,,,,,,,,.,12,,,,,,,,,70,,.,70,,,2,8,,1,,1,1,1,10,1,1,,,,,,,,,1,2,1,0,160,8,,2,,,,,,,,3,3,16,,2,,,,2,,,,,,,,,,,,,,1,1,1,2,1,1,3,,62,01,1,04,8,0141,1200000,50,1203.4811987,
5437917,1,1,1,60,2,50,2,,,,,,,,,,,12,,,,,,,,,,,,,,,,,,,,,,,,,,,,,,,,,,,,,,,,,,,,,,,6,,,,,2,900000,1,10800000,3,,12,2,,,,,2,1,2,48,,.,48,,,1,8,,2,,2,,,,1,,,,,,,,,1,2,2,1,0,16,1,,2,,,,,,,,1,3,30,,2,,,,2,,,,,,,,,,,,,,1,1,1,2,1,1,2,,62,01,1,04,4,0161,900000,50,694.75057716,
5437958,1,2,1,60,2,52,1,2,1,,1,,,1,1,1,1,144,,5,,2,2000000,2,,,2,,2,,2,,2,,2,,,2,,,2,,,2,,,2,,,2,,,1,1000000,1,2000000,1,1000000,2,,2,,2,,,.,,,,,,,,,.,12,,,,,,,,,40,,.,40,,,9,7,,1,,1,3,1,12,1,1,,,,,,,,,1,1,1,0,24,1,,2,,,,,,,,1,9,40,,2,,,,1,1,2,1,2,2,2,2,2,2,2,,1,1,1,1,1,2,1,1,3,,13,85,1,04,2,8530,2000000,52,1011.9937362,
5437959,1,1,1,60,2,52,2,,,,,,,,,,,300,,,,,,,,,,,,,,,,,,,,,,,,,,,,,,,,,,,,,,,,,,,,,,,7,,2,,,3,600000,1,7200000,3,,12,1,1,0,0,1,3,5,1,48,,.,48,,,2,3,,2,,2,,,,1,,,,,,,,,1,2,2,1,0,36,1,,2,,,,,,,,1,3,5,,2,,,,2,,,,,,,,,,,,,,1,2,1,2,1,1,8,,41,47,1,04,4,4721,600000,52,3872.7878104,
5437959,1,2,1,60,2,52,2,,,,,,,,,,,300,,,,,,,,,,,,,,,,,,,,,,,,,,,,,,,,,,,,,,,,,,,,,,,,.,,,,,,,,,.,12,,,,,,,,,24,2,,24,,,2,3,,2,,2,,,,1,,,,,,,,,1,2,2,1,12,12,3,,2,,,,,,,,9,3,5,,2,,,,2,,,,,,,,,,,,,,1,2,1,2,1,1,3,,97,47,1,04,6,4721,,52,3872.7878104,
5437959,1,3,1,60,2,52,2,,,,,,,,,,,36,,,,,,,,,,,,,,,,,,,,,,,,,,,,,,,,,,,,,,,,,,,,,,,7,,2,,,3,300000,1,2000000,3,,12,2,,,,,3,1,1,24,2,,24,,,1,3,,2,,2,,,,1,,,,,,,,,1,2,2,1,0,8,4,,2,,,,,,,,1,3,5,,2,,,,2,,,,,,,,,,,,,,1,2,1,2,2,1,3,,41,47,1,04,4,4721,300000,52,3872.7878104,
5437959,1,4,1,60,2,52,1,2,2,6,2,2,,1,1,2,1,5,,2,,2,908526,2,,,2,,2,,1,150000,2,,2,,,2,,,2,,,2,,,2,,,2,,,1,877803,2,,2,,2,,2,,2,,,.,,,,,,,,,.,12,,,,,,,,,48,,.,48,,,9,8,,1,,1,2,1,48,1,1,,,,,,,,,1,1,1,0,8,1,,2,,,,,,,,1,7,30,,2,,,,1,1,2,1,2,2,2,2,1,2,2,,2,1,1,1,1,2,1,1,3,,62,01,1,04,1,0126,908526,52,3872.7878104,7820
5437960,1,1,1,60,2,52,2,,,,,,,,,,,108,,,,,,,,,,,,,,,,,,,,,,,,,,,,,,,,,,,,,,,,,,,,,,,6,,,,,3,800000,1,9600000,3,,12,2,,,,,2,1,2,48,,.,48,,,1,8,,2,,2,,,,1,,,,,,,,,1,2,2,2,,,,,2,,,,,,,,,9,30,,2,,,,2,,,,,,,,,,,,,,1,2,1,2,1,1,3,,62,01,1,04,4,0161,800000,52,2573.6367866,
5437961,1,1,1,60,2,52,2,,,,,,,,,,,1,,,,,,,,,,,,,,,,,,,,,,,,,,,,,,,,,,,,,,,,,,,,,,,6,,,,,3,800000,1,800000,1,,12,2,,,,,2,1,2,60,,.,60,,,1,7,,2,,2,,,,1,,,,,,,,,1,2,2,1,0,2,4,,2,,,,,,,,3,3,25,,2,,,,1,1,2,1,2,2,2,2,2,2,2,,2,1,1,2,1,2,1,1,2,,96,03,1,04,4,0311,800000,52,1712.6068636,
5437962,1,2,1,60,2,52,2,,,,,,,,,,,84,,,,,,,,,,,,,,,,,,,,,,,,,,,,,,,,,,,,,,,,,,,,,,,6,,,,,3,300000,1,2200000,1,,12,2,,,,,2,1,2,40,,.,16,6,,1,8,,2,,2,,,,1,,,,,,,,,1,2,2,2,,,,,2,,,,,,,,,3,240,2,2,,,,2,,,,,,,,,,,,,,1,2,1,2,1,1,3,,62,01,1,04,4,0161,300000,52,1011.9937362,
5437963,1,1,1,60,2,52,2,,,,,,,,,,,480,,,,,,,,,,,,,,,,,,,,,,,,,,,,,,,,,,,,,,,,,,,,,,,6,,,,,3,300000,1,3000000,3,,12,2,,,,,1,5,1,30,2,,30,,,1,8,,2,,2,,,,1,,,,,,,,,1,2,2,1,0,48,6,,2,,,,,,,,13,9,45,,2,,,,1,1,2,1,2,2,2,2,1,2,2,,2,1,1,2,1,2,2,1,3,,64,03,1,04,4,0311,300000,52,1072.4801689,
5437963,1,3,1,60,2,52,2,,,,,,,,,,,1,,,,,,,,,,,,,,,,,,,,,,,,,,,,,,,,,,,,,,,,,,,,,,,5,,,,,3,40000,1,40000,3,,4,2,,,,,2,1,1,24,2,,24,,,1,5,,2,,2,,,,1,,,,,,,,,1,2,2,1,8,24,6,,2,,,,,,,,11,3,10,,2,,,,1,1,2,1,2,2,2,2,2,2,2,,2,1,2,2,1,2,2,1,3,,45,47,1,04,4,4792,40000,52,1072.4801689,
5437964,1,1,1,60,2,52,2,,,,,,,,,,,12,,,,,,,,,,,,,,,,,,,,,,,,,,,,,,,,,,,,,,,,,,,,,,,6,,,,,2,300000,1,3600000,1,,12,2,,,,,3,1,1,8,1,,8,,,1,1,,2,,2,,,,1,,,,,,,,,1,2,2,1,0,24,1,,2,,,,,,,,13,14,,,1,30,1,1,1,1,2,1,2,2,2,2,2,2,2,,1,1,1,2,1,2,1,1,3,,41,47,1,04,4,4724,300000,52,1011.9937362,
5437964,1,2,1,60,2,52,1,1,,,1,,,1,2,2,2,24,,1,,2,600000,2,,,1,200000,2,,2,,2,,2,,,1,80000,2,2,,,2,,,2,,,2,,,2,,2,,2,,2,,2,,2,,,.,,,,,,,,,.,12,,,,,,,,,48,,.,48,,,3,2,,2,,2,,,,1,,,,,,,,,1,2,2,1,0,12,1,,2,,,,,,,,1,2,20,,2,,,,1,1,2,1,2,2,2,2,1,2,2,,2,1,1,2,1,2,2,1,3,,95,41,1,04,1,4111,800000,52,1011.9937362,
5437966,1,1,1,60,2,52,2,,,,,,,,,,,120,,,,,,,,,,,,,,,,,,,,,,,,,,,,,,,,,,,,,,,,,,,,,,,6,,,,,3,960000,1,10000000,3,,12,2,,,,,3,5,2,60,,.,60,,,1,4,,2,,2,,,,1,,,,,,,,,1,2,2,1,0,120,1,,2,,,,,,,,8,14,,,2,,,,2,,,,,,,,,,,,,,1,2,1,2,1,1,3,,98,49,1,04,4,4921,960000,52,2423.9919996,
5437967,1,1,1,60,2,52,2,,,,,,,,,,,6,,,,,,,,,,,,,,,,,,,,,,,,,,,,,,,,,,,,,,,,,,,,,,,6,,,,,3,200000,1,2780000,1,,12,2,,,,,2,1,1,40,,.,40,,,1,9,,2,,2,,,,1,,,,,,,,,1,2,2,1,0,216,4,,2,,,,,,,,9,11,20,,2,,,,2,,,,,,,,,,,,,,2,2,1,2,2,1,3,,95,41,1,04,4,4111,200000,52,2423.9919996,
5437968,1,1,1,60,2,52,2,,,,,,,,,,,396,,,,,,,,,,,,,,,,,,,,,,,,,,,,,,,,,,,,,,,,,,,,,,,6,,,,,3,200000,1,5000000,3,,12,1,1,0,0,1,3,1,1,48,,.,40,6,,2,1,,2,,2,,,,1,,,,,,,,,1,2,2,1,1,120,1,,2,,,,,,,,2,14,,1,2,,,,1,1,2,1,2,2,2,2,1,2,2,,2,1,1,2,1,2,2,1,9,,87,45,1,04,4,4520,200000,52,1284.7700537,
5437968,1,2,1,60,2,52,2,,,,,,,,,,,180,,,,,,,,,,,,,,,,,,,,,,,,,,,,,,,,,,,,,,,,,,,,,,,,.,,,,,,,,,.,12,,,,,,,,,24,2,,24,,,2,1,,2,,2,,,,1,,,,,,,,,1,2,2,1,0,8,4,,2,,,,,,,,2,14,,,2,,,,1,1,2,1,2,2,2,2,1,2,2,,2,1,1,2,1,2,1,1,3,,87,45,1,04,6,4520,,52,1284.7700537,
5437969,1,1,1,60,2,52,2,,,,,,,,,,,120,,,,,,,,,,,,,,,,,,,,,,,,,,,,,,,,,,,,,,,,,,,,,,,7,,2,,,2,300000,1,600000,3,,12,1,4,2,0,2,1,3,2,36,2,,36,,,3,8,,2,,2,,,,1,,,,,,,,,1,2,2,1,0,60,6,,2,,,,,,,,13,11,20,,2,,,,2,,,,,,,,,,,,,,1,1,1,2,1,1,3,,62,01,1,04,5,0113,300000,52,3688.8035954,
5437969,1,2,1,60,2,52,2,,,,,,,,,,,120,,,,,,,,,,,,,,,,,,,,,,,,,,,,,,,,,,,,,,,,,,,,,,,,.,,,,,,,,,.,12,,,,,,,,,20,2,,20,,,3,8,,2,,2,,,,1,,,,,,,,,1,2,2,1,36,36,6,,2,,,,,,,,9,11,20,,2,,,,2,,,,,,,,,,,,,,1,2,1,2,1,1,3,,62,01,1,04,6,0113,,52,3688.8035954,
5437969,1,3,1,60,2,52,2,,,,,,,,,,,24,,,,,,,,,,,,,,,,,,,,,,,,,,,,,,,,,,,,,,,,,,,,,,,,.,,,,,,,,,.,12,,,,,,,,,24,2,,24,,,3,8,,2,,,,,,1,,,,,,,,,1,2,2,2,,,,,2,,,,,,,,,11,20,,2,,,,2,,,,,,,,,,,,,,1,2,2,2,1,1,3,,62,01,1,04,6,0113,,52,3688.8035954,
5437970,1,2,1,60,2,52,2,,,,,,,,,,,120,,,,,,,,,,,,,,,,,,,,,,,,,,,,,,,,,,,,,,,,,,,,,,,7,,2,,,2,100000,1,1200000,3,,12,2,,,,,3,5,2,30,2,,30,,,1,8,,2,,2,,,,1,,,,,,,,,1,2,2,1,0,360,4,,2,,,,,,,,2,11,10,,2,,,,2,,,,,,,,,,,,,,1,2,1,2,1,1,2,,62,01,1,04,4,0122,100000,52,2618.3277397,
5437970,1,3,1,60,2,52,2,,,,,,,,,,,348,,,,,,,,,,,,,,,,,,,,,,,,,,,,,,,,,,,,,,,,,,,,,,,7,,2,,,2,100000,1,1200000,3,,12,2,,,,,3,1,2,40,,.,40,,,1,8,,2,,2,,,,1,,,,,,,,,1,2,2,1,0,24,2,,2,,,,,,,,13,11,10,,2,,,,2,,,,,,,,,,,,,,1,2,1,2,1,1,8,,62,01,1,04,4,0122,100000,52,2618.3277397,
5437974,1,1,1,60,2,52,2,,,,,,,,,,,36,,,,,,,,,,,,,,,,,,,,,,,,,,,,,,,,,,,,,,,,,,,,,,,7,,2,,,2,0,12,1000000,1,,12,1,1,0,0,1,3,3,2,10,2,,10,,,2,8,,2,,2,,,,1,,,,,,,,,1,2,2,1,0,12,1,,2,,,,,,,,3,3,30,,2,,,,2,,,,,,,,,,,,,,1,2,1,2,1,1,3,,62,01,1,04,4,0113,0,52,3783.706589,
5437974,1,2,1,60,2,52,2,,,,,,,,,,,240,,,,,,,,,,,,,,,,,,,,,,,,,,,,,,,,,,,,,,,,,,,,,,,6,,,,,3,800000,1,6000000,1,,12,2,,,,,2,1,2,40,,.,32,6,,1,8,,2,,2,,,,1,,,,,,,,,1,2,2,1,0,24,1,,1,52,8,6,,,2,8,1,3,30,2,2,,,,2,,,,,,,,,,,,,,1,1,1,2,1,1,3,,62,01,1,04,4,0161,800000,52,3783.706589,
5437975,1,1,1,60,2,52,2,,,,,,,,,,,180,,,,,,,,,,,,,,,,,,,,,,,,,,,,,,,,,,,,,,,,,,,,,,,7,,2,,,3,300000,1,2000000,3,,12,1,1,0,1,0,3,5,2,48,,.,48,,,2,8,,2,,2,,,,1,,,,,,,,,1,2,2,1,0,36,1,,2,,,,,,,,3,3,60,,2,,,,1,1,2,1,2,2,2,2,1,1,2,,2,1,1,2,1,2,1,1,3,,62,01,1,04,4,0113,300000,52,1506.9380766,
5437975,1,3,1,60,2,52,2,,,,,,,,,,,216,,,,,,,,,,,,,,,,,,,,,,,,,,,,,,,,,,,,,,,,,,,,,,,6,,,,,2,800000,1,9600000,3,,12,2,,,,,2,9,2,48,,.,30,6,,1,8,,2,,2,,,,1,,,,,,,,,1,2,2,1,0,24,6,,1,52,20,4,,300000,2,8,13,3,60,2,2,,,,1,1,2,1,2,2,2,2,1,1,2,,2,1,1,2,1,2,2,1,3,,62,01,1,04,4,0161,1100000,52,1506.9380766,
5437977,1,1,1,60,2,52,1,1,,,1,,,2,2,2,2,24,,1,,2,240000,2,,,2,,2,,2,,2,,2,,,2,,,2,,,2,,,2,,,2,,,2,,2,,2,,2,,2,,2,,,.,,,,,,,,,.,12,,,,,,,,,32,1,,32,,,4,7,,4,,2,,,,1,,,,,,,,,1,2,2,1,0,108,3,,1,52,24,4,,30000,1,1,3,3,2,,2,,,,2,,,,,,,,,,,,,,1,1,1,2,1,1,3,,55,55,1,04,1,5511,270000,52,1011.9937362,
5437978,1,1,1,60,2,52,1,1,,,1,,,1,2,2,2,24,,1,,2,600000,2,,,2,,2,,2,,2,,2,,,2,,,2,,,2,,,2,,,2,,,2,,2,,2,,2,,2,,2,,,.,,,,,,,,,.,12,,,,,,,,,60,,.,60,,,2,7,,2,,2,,,,1,,,,,,,,,1,2,2,1,0,24,1,,2,,,,,,,,9,3,2,,2,,,,2,,,,,,,,,,,,,,1,2,1,2,1,1,3,,33,47,1,04,1,4719,600000,52,2691.7303223,
5437979,1,1,1,60,2,52,2,,,,,,,,,,,24,,,,,,,,,,,,,,,,,,,,,,,,,,,,,,,,,,,,,,,,,,,,,,,6,,,,,3,500000,1,6000000,3,,12,2,,,,,2,1,1,10,1,,10,,,1,2,,2,,2,,,,1,,,,,,,,,1,2,2,1,0,12,3,,1,52,6,4,,100000,1,5,9,3,10,,2,,,,2,,,,,,,,,,,,,,1,1,1,2,2,1,3,,55,81,1,04,4,8121,600000,52,1011.9937362,
5437979,1,2,1,60,2,52,2,,,,,,,,,,,6,,,,,,,,,,,,,,,,,,,,,,,,,,,,,,,,,,,,,,,,,,,,,,,6,,,,,3,500000,1,3000000,3,,6,2,,,,,2,1,1,44,,.,44,,,1,8,,2,,2,,,,1,,,,,,,,,1,2,2,2,,,,,2,,,,,,,,,3,45,,2,,,,1,1,2,1,2,2,2,2,1,2,2,,2,1,2,2,1,2,2,1,3,,62,01,1,04,4,0161,500000,52,1011.9937362,
5437980,1,2,1,60,2,52,2,,,,,,,,,,,588,,,,,,,,,,,,,,,,,,,,,,,,,,,,,,,,,,,,,,,,,,,,,,,6,,,,,3,500000,1,6000000,1,,12,2,,,,,2,1,2,40,,.,40,,,1,8,,5,,2,,,,1,,,,,,,,,1,2,2,1,0,24,6,,2,,,,,,,,13,12,30,,2,,,,1,1,2,1,2,2,2,2,2,2,2,,2,1,1,2,1,2,2,1,3,,62,01,1,04,4,0161,500000,52,1017.5004928,
5437981,1,1,1,60,2,52,2,,,,,,,,,,,24,,,,,,,,,,,,,,,,,,,,,,,,,,,,,,,,,,,,,,,,,,,,,,,6,,,,,3,480000,1,5760000,1,,12,2,,,,,2,1,2,40,,.,24,6,,1,8,,2,,2,,,,1,,,,,,,,,1,2,2,2,,,,,2,,,,,,,,,3,10,1,2,,,,2,,,,,,,,,,,,,,1,1,2,2,2,1,3,,62,01,1,04,4,0161,480000,52,3797.1299433,
5437982,1,1,1,60,2,52,2,,,,,,,,,,,84,,,,,,,,,,,,,,,,,,,,,,,,,,,,,,,,,,,,,,,,,,,,,,,7,,2,,,2,600000,1,6000000,3,,12,2,,,,,3,1,1,60,,.,60,,,1,1,,4,,2,,,,1,,,,,,,,,1,2,2,1,0,84,1,,1,52,10,4,,650000,2,2,5,14,,,2,,,,2,,,,,,,,,,,,,,1,2,1,2,1,1,9,,17,60,1,04,4,6010,1250000,52,1011.9937362,
5437982,1,2,1,60,2,52,2,,,,,,,,,,,12,,,,,,,,,,,,,,,,,,,,,,,,,,,,,,,,,,,,,,,,,,,,,,,6,,,,,3,100000,1,1200000,1,,12,2,,,,,3,1,1,12,1,,12,,,1,1,,4,,2,,,,1,,,,,,,,,1,2,2,1,84,36,8,,1,52,10,6,,,2,2,9,14,,,1,10,2,1,2,,,,,,,,,,,,,,1,1,1,2,2,1,3,,45,47,1,04,4,4741,100000,52,1011.9937362,
5437983,1,1,1,60,2,52,2,,,,,,,,,,,13,,,,,,,,,,,,,,,,,,,,,,,,,,,,,,,,,,,,,,,,,,,,,,,6,,,,,3,380000,1,3600000,1,,12,2,,,,,2,1,2,40,,.,24,6,,1,8,,2,,2,,,,1,,,,,,,,,1,2,2,2,,,,,2,,,,,,,,,12,30,1,2,,,,2,,,,,,,,,,,,,,1,1,1,2,1,2,8,,62,01,1,04,4,0161,380000,52,4047.9749448,
5437984,1,1,1,60,2,52,2,,,,,,,,,,,36,,,,,,,,,,,,,,,,,,,,,,,,,,,,,,,,,,,,,,,,,,,,,,,6,,,,,3,600000,1,7200000,3,,12,2,,,,,2,10,2,44,,.,44,,,1,8,,2,,2,,,,1,,,,,,,,,1,2,2,1,2,12,4,,2,,,,,,,,8,11,60,,2,,,,2,,,,,,,,,,,,,,1,2,2,2,2,1,3,,62,01,1,04,4,0127,600000,52,1771.7742702,
5437984,1,2,1,60,2,52,1,1,,,1,,,1,2,2,2,3,,1,,2,600000,2,,,1,100000,2,,2,,2,,2,,,2,,,2,,,2,,,2,,,2,,,2,,2,,2,,2,,2,,2,,,.,,,,,,,,,.,10,,,,,,,,,60,,.,60,,,2,7,,4,,2,,,,1,,,,,,,,,1,2,2,1,2,3,1,,2,,,,,,,,2,3,5,,2,,,,2,,,,,,,,,,,,,,1,2,1,2,1,1,3,,45,47,1,04,1,4741,700000,52,1771.7742702,
5437984,1,4,1,60,2,52,2,,,,,,,,,,,48,,,,,,,,,,,,,,,,,,,,,,,,,,,,,,,,,,,,,,,,,,,,,,,6,,,,,3,600000,1,7200000,3,,12,2,,,,,2,1,2,44,,.,44,,,1,8,,4,,2,,,,1,,,,,,,,,1,2,2,1,2,36,6,,2,,,,,,,,13,11,60,,2,,,,2,,,,,,,,,,,,,,1,2,1,2,2,1,3,,62,01,1,04,4,0127,600000,52,1771.7742702,
5437985,1,1,1,60,2,52,2,,,,,,,,,,,240,,,,,,,,,,,,,,,,,,,,,,,,,,,,,,,,,,,,,,,,,,,,,,,7,,1,1,2021,1,500000,1,6000000,3,,12,1,1,1,0,0,3,3,2,48,,.,0,7,DILIGENCIAS PERSONALES,2,7,,2,,2,,,,1,,,1,,,,,,,2,2,1,0,120,1,,2,,,,,,,,9,3,1,,2,,,,2,,,,,,,,,,,,,,1,1,1,2,2,1,3,,51,55,1,04,5,5511,500000,52,1100.3124517,
5437985,1,2,1,60,2,52,2,,,,,,,,,,,360,,,,,,,,,,,,,,,,,,,,,,,,,,,,,,,,,,,,,,,,,,,,,,,7,,2,,,3,0,1,1000000,3,,12,1,3,3,0,0,2,3,2,50,,.,50,,,3,8,,2,,2,,,,1,,,,,,,,,1,2,2,1,0,120,1,,2,,,,,,,,8,8,60,,2,,,,2,,,,,,,,,,,,,,1,2,1,2,1,1,5,,61,01,1,04,5,0113,0,52,1100.3124517,
5437986,1,1,1,60,2,52,2,,,,,,,,,,,48,,,,,,,,,,,,,,,,,,,,,,,,,,,,,,,,,,,,,,,,,,,,,,,6,,,,,3,600000,1,7200000,3,,12,2,,,,,2,1,1,44,,.,44,,,1,8,,4,,2,,,,1,,,,,,,,,1,2,2,1,2,12,6,,2,,,,,,,,13,11,60,,2,,,,1,1,2,1,2,2,2,2,1,2,2,,2,1,2,2,1,2,2,1,3,,62,01,1,04,4,0127,600000,52,2361.3469019,
5437986,1,2,1,60,2,52,1,1,,,1,,,1,2,2,2,1,,1,,2,670000,2,,,1,100000,2,,2,,2,,2,,,2,,,2,,,2,,,2,,,2,,,2,,2,,2,,2,,2,,2,,,.,,,,,,,,,.,6,,,,,,,,,70,,.,70,,,3,7,,4,,2,,,,1,,,,,,,,,1,2,2,1,2,5,4,,2,,,,,,,,9,3,5,,2,,,,1,1,2,1,2,2,2,2,1,2,2,,2,1,2,2,2,2,2,1,3,,53,56,1,04,1,5611,770000,52,2361.3469019,
5437987,1,1,1,60,2,52,2,,,,,,,,,,,12,,,,,,,,,,,,,,,,,,,,,,,,,,,,,,,,,,,,,,,,,,,,,,,6,,,,,3,450000,1,5000000,3,,12,1,1,0,1,0,3,10,2,40,,.,40,,,2,1,,1,,2,,,,1,,,,,,,,,1,2,2,1,95,360,4,,2,,,,,,,,11,14,,,2,,,,2,,,,,,,,,,,,,,1,1,1,2,1,1,3,,41,47,1,04,4,4711,450000,52,1609.1634319,
5437987,1,2,1,60,2,52,2,,,,,,,,,,,3,,,,,,,,,,,,,,,,,,,,,,,,,,,,,,,,,,,,,,,,,,,,,,,7,,2,,,2,350000,1,1500000,3,,12,2,,,,,1,1,1,40,,.,40,,,1,8,,4,,2,,,,1,,,,,,,,,1,2,2,1,0,3,4,,2,,,,,,,,1,3,10,,2,,,,1,1,2,1,2,2,2,2,1,2,2,,1,1,1,2,1,2,1,1,3,,62,01,1,04,4,0127,350000,52,1609.1634319,
5437987,1,3,1,60,2,52,2,,,,,,,,,,,12,,,,,,,,,,,,,,,,,,,,,,,,,,,,,,,,,,,,,,,,,,,,,,,6,,,,,3,450000,1,5000000,3,,12,1,1,0,1,0,3,1,2,30,2,,30,,,2,1,,2,,2,,,,1,,,,,,,,,1,2,2,1,0,24,4,,2,,,,,,,,1,14,,,2,,,,2,,,,,,,,,,,,,,1,1,1,2,1,1,3,,41,47,1,04,4,4711,450000,52,1609.1634319,
5437989,1,1,1,60,2,52,2,,,,,,,,,,,36,,,,,,,,,,,,,,,,,,,,,,,,,,,,,,,,,,,,,,,,,,,,,,,7,,2,,,2,450000,1,5000000,3,,12,1,3,0,3,0,1,1,1,40,,.,40,,,3,8,,2,,2,,,,1,,,,,,,,,1,2,2,1,0,12,6,,2,,,,,,,,13,11,20,,2,,,,2,,,,,,,,,,,,,,1,2,1,2,1,1,3,,62,01,1,04,4,0127,450000,52,1964.477006,
5437990,1,1,1,60,2,52,2,,,,,,,,,,,60,,,,,,,,,,,,,,,,,,,,,,,,,,,,,,,,,,,,,,,,,,,,,,,7,,2,,,2,500000,1,3000000,3,,12,1,3,0,0,3,2,1,2,14,2,,14,,,3,8,,2,,2,,,,1,,,,,,,,,1,2,2,1,0,120,3,,1,52,14,4,,150000,2,8,11,3,5,,2,,,,2,,,,,,,,,,,,,,1,1,1,2,1,1,3,,62,01,1,04,4,0145,650000,52,1500.3169789,
5437990,1,2,1,60,2,52,1,1,,,1,,,2,2,2,2,120,,1,,2,600000,2,,,1,200000,2,,2,,2,,2,,,1,300000,2,2,,,2,,,2,,,2,,,2,,2,,2,,2,,2,,2,,,.,,,,,,,,,.,12,,,,,,,,,32,1,,32,,,5,7,,2,,2,,,,1,,,,,,,,,1,2,2,1,0,24,6,,1,52,16,6,,,2,8,13,11,30,,1,24,2,1,1,1,2,1,2,2,2,2,2,2,2,,2,1,2,2,2,2,2,1,3,,55,55,1,04,1,5511,800000,52,1500.3169789,
5437990,1,3,1,60,2,52,2,,,,,,,,,,,36,,,,,,,,,,,,,,,,,,,,,,,,,,,,,,,,,,,,,,,,,,,,,,,,.,,,,,,,,,.,12,,,,,,,,,10,2,,10,,,3,8,,2,,2,,,,1,,,,,,,,,1,2,2,2,,,,,2,,,,,,,,,3,5,,2,,,,2,,,,,,,,,,,,,,1,2,1,2,1,1,3,,62,01,1,04,6,0145,,52,1500.3169789,
5437990,1,4,1,60,2,52,2,,,,,,,,,,,240,,,,,,,,,,,,,,,,,,,,,,,,,,,,,,,,,,,,,,,,,,,,,,,6,,,,,2,350000,1,8000000,3,,12,1,2,2,0,0,2,1,1,40,,.,32,6,,2,2,,2,,2,,,,1,,,,,,,,,1,2,2,1,0,24,1,,1,52,4,6,,,2,8,10,1,10,1,2,,,,1,1,2,1,2,2,2,2,1,2,2,,2,1,1,1,1,2,2,1,3,,95,41,1,04,5,4111,350000,52,1500.3169789,
5437991,1,1,1,60,2,52,1,2,1,,1,,,1,1,2,2,12,,1,,2,1050000,2,,,2,,1,150000,2,,2,,2,,,2,,,2,,,2,,,2,,,2,,,1,1500000,2,,2,,2,,2,,2,,,.,,,,,,,,,.,12,,,,,,,,,44,,.,44,,,9,8,,1,,1,1,1,6,1,1,,,,,,,,,2,2,1,0,24,1,,2,,,,,,,,8,3,10,,2,,,,2,,,,,,,,,,,,,,1,1,1,2,1,1,5,,62,01,1,04,1,0126,1200000,52,3145.2552737,
5437992,1,1,1,60,2,52,2,,,,,,,,,,,168,,,,,,,,,,,,,,,,,,,,,,,,,,,,,,,,,,,,,,,,,,,,,,,7,,2,,,3,300000,1,3600000,3,,12,2,,,,,2,3,2,35,2,,35,,,1,8,,1,,3,,,,,.,,,,,,,,,2,2,1,0,264,2,,2,,,,,,,,4,3,3,,2,,,,1,1,2,1,2,2,2,2,1,1,2,,2,1,1,1,1,2,2,1,2,,62,01,1,04,4,0127,300000,52,1284.7700537,
5437993,1,1,1,60,2,52,2,,,,,,,,,,,3,,,,,,,,,,,,,,,,,,,,,,,,,,,,,,,,,,,,,,,,,,,,,,,6,,,,,3,500000,1,7000000,3,,12,2,,,,,2,1,1,40,,.,32,6,,1,8,,5,,2,,,,1,,,,,,,,,1,2,2,1,0,7,1,,2,,,,,,,,5,11,30,1,1,8,2,1,1,1,2,1,2,2,2,2,1,2,2,,2,1,2,2,1,2,2,1,9,,62,01,1,04,4,0161,500000,52,2361.3469019,
5437994,1,1,1,60,2,52,1,2,2,3,1,,,1,2,2,2,2,,,,,,,,,,,,,,,,,,,,,,,,,,,,,,,,,,,,,,,,,,,,,,,1,,,,,2,1000000,1,3000000,1,,12,2,,,,,1,1,1,48,,.,0,1,,8,8,,1,,1,1,2,3,1,1,,,,,,,,,1,2,1,0,12,4,,2,,,,,,,,3,11,15,2,2,,,,2,,,,,,,,,,,,,,1,2,2,1,2,1,3,,62,01,1,04,4,0127,1000000,52,1951.0536517,
5437994,1,2,1,60,2,52,2,,,,,,,,,,,24,,,,,,,,,,,,,,,,,,,,,,,,,,,,,,,,,,,,,,,,,,,,,,,5,,,,,2,200000,1,2400000,1,,12,2,,,,,2,1,1,10,2,,10,,,1,1,,2,,2,,,,1,,,,,,,,,1,2,2,1,0,3,4,,2,,,,,,,,1,14,,,2,,,,1,1,1,1,2,2,2,2,2,2,2,,1,1,1,2,2,2,2,1,8,,45,47,1,04,4,4792,200000,52,1951.0536517,
5437995,1,1,1,60,2,52,2,,,,,,,,,,,60,,,,,,,,,,,,,,,,,,,,,,,,,,,,,,,,,,,,,,,,,,,,,,,7,,2,,,2,300000,1,3600000,3,,12,2,,,,,2,3,2,40,,.,40,,,1,8,,2,,2,,,,1,,,,,,,,,1,2,2,1,0,12,1,,2,,,,,,,,10,3,5,,2,,,,2,,,,,,,,,,,,,,1,1,1,2,1,1,8,,62,01,1,04,4,0127,300000,52,2500.7029659,
5437996,1,1,1,60,2,52,2,,,,,,,,,,,90,,,,,,,,,,,,,,,,,,,,,,,,,,,,,,,,,,,,,,,,,,,,,,,7,,2,,,2,200000,1,1600000,3,,12,1,4,4,0,0,1,1,1,48,,.,48,,,3,8,,11,,2,,,,1,,,,,,,,,1,2,2,1,95,80,4,,2,,,,,,,,9,11,10,,2,,,,2,,,,,,,,,,,,,,1,2,2,1,2,1,8,,62,01,1,04,5,0127,200000,52,1011.9937362,
5437996,1,2,1,60,2,52,1,1,,,1,,,2,2,2,2,18,,1,,2,200000,2,,,2,,2,,2,,2,,2,,,2,,,2,,,2,,,2,,,2,,,2,,2,,2,,2,,2,,2,,,.,,,,,,,,,.,12,,,,,,,,,6,1,,6,,,5,7,,10,,2,,,,1,,,,,,,,,1,2,2,1,36,12,1,,2,,,,,,,,1,11,7,,1,40,1,1,1,1,1,1,2,2,2,2,2,2,2,,1,1,1,2,2,2,2,1,5,,13,85,1,04,1,8530,200000,52,1011.9937362,
5437996,1,4,1,60,2,85,1,1,,,1,,,2,2,2,2,72,,1,,2,800000,2,,,1,200000,2,,2,,2,,2,,,2,,,2,,,2,,,2,,,2,,,2,,2,,2,,2,,2,,2,,,.,,,,,,,,,.,12,,,,,,,,,48,,.,48,,,2,8,,2,,2,,,,1,,,,,,,,,1,2,2,1,0,12,4,,1,52,0,4,,50000,1,7,3,11,15,,2,,,,1,1,1,1,2,2,2,2,2,2,2,,1,1,2,2,2,2,2,1,3,,62,01,1,04,8,0127,1050000,52,1011.9937362,
5438018,1,1,1,60,2,52,2,,,,,,,,,,,60,,,,,,,,,,,,,,,,,,,,,,,,,,,,,,,,,,,,,,,,,,,,,,,6,,,,,2,260000,1,3120000,3,,12,1,1,0,0,1,2,3,2,42,,.,42,,,2,8,,2,,2,,,,1,,,,,,,,,1,2,2,1,0,600,4,,2,,,,,,,,6,3,60,,2,,,,2,,,,,,,,,,,,,,1,1,1,2,1,1,3,,62,01,1,04,4,0141,260000,52,1126.0600097,
5438018,1,2,1,60,2,52,2,,,,,,,,,,,60,,,,,,,,,,,,,,,,,,,,,,,,,,,,,,,,,,,,,,,,,,,,,,,,.,,,,,,,,,.,12,,,,,,,,,22,2,,22,,,2,8,,2,,2,,,,1,,,,,,,,,1,2,2,1,96,36,6,,2,,,,,,,,9,3,60,,2,,,,2,,,,,,,,,,,,,,1,2,1,2,1,1,3,,62,01,1,04,6,0141,,52,1126.0600097,
5438019,1,1,1,60,2,52,1,2,2,6,1,,,1,2,2,2,5,,1,,2,720000,2,,,2,,2,,2,,2,,2,,,2,,,2,,,2,,,2,,,2,,,2,,2,,2,,2,,2,,2,,,.,,,,,,,,,.,5,,,,,,,,,44,,.,44,,,4,9,,2,,2,,,,1,,,,,,,,,1,2,2,1,12,60,8,,2,,,,,,,,13,6,10,,2,,,,2,,,,,,,,,,,,,,1,1,1,2,1,1,3,,95,42,1,04,1,4210,720000,52,2222.8068809,
5438019,1,2,1,60,2,52,1,1,,,1,,,1,2,2,2,8,,1,,2,400000,2,,,1,100000,2,,2,,2,,2,,,2,,,2,,,2,,,2,,,2,,,2,,2,,2,,2,,2,,2,,,.,,,,,,,,,.,8,,,,,,,,,40,,.,40,,,2,7,,2,,2,,,,1,,,,,,,,,1,2,2,1,96,12,6,,2,,,,,,,,3,6,30,,2,,,,2,,,,,,,,,,,,,,1,1,1,2,1,1,3,,53,56,1,04,1,5611,500000,52,2222.8068809,
5438020,1,1,1,60,2,52,2,,,,,,,,,,,12,,,,,,,,,,,,,,,,,,,,,,,,,,,,,,,,,,,,,,,,,,,,,,,6,,,,,3,400000,1,4800000,3,,12,2,,,,,2,3,2,32,2,,32,,,1,8,,2,,2,,,,1,,,,,,,,,1,2,2,1,0,120,8,,1,52,10,4,,0,2,8,1,11,30,,2,,,,2,,,,,,,,,,,,,,1,1,1,2,1,1,3,,62,01,1,04,4,0161,400000,52,2923.0290055,
5438020,1,2,1,60,2,52,2,,,,,,,,,,,12,,,,,,,,,,,,,,,,,,,,,,,,,,,,,,,,,,,,,,,,,,,,,,,6,,,,,3,400000,1,4800000,3,,12,2,,,,,2,3,2,32,2,,32,,,1,8,,2,,2,,,,1,,,,,,,,,1,2,2,1,96,24,6,,1,52,7,6,,,2,8,13,11,30,,2,,,,2,,,,,,,,,,,,,,1,1,1,2,1,1,3,,62,01,1,04,4,0161,400000,52,2923.0290055,
5438020,1,3,1,60,2,52,1,1,,,1,,,1,2,2,2,5,,2,,2,400000,2,,,2,,2,,2,,2,,2,,,2,,,2,,,2,,,2,,,2,,,2,,2,,2,,2,,2,,2,,,.,,,,,,,,,.,6,,,,,,,,,56,,.,56,,,2,7,,2,,2,,,,1,,,,,,,,,1,2,2,1,0,1,4,,2,,,,,,,,3,6,20,,2,,,,2,,,,,,,,,,,,,,1,1,1,2,1,1,3,,45,47,1,04,1,4771,400000,52,2923.0290055,
5438021,1,1,1,60,2,52,2,,,,,,,,,,,600,,,,,,,,,,,,,,,,,,,,,,,,,,,,,,,,,,,,,,,,,,,,,,,6,,,,,2,350000,1,5000000,3,,12,1,2,0,1,1,1,1,2,24,2,,24,,,2,8,,2,,2,,,,1,,,,,,,,,1,2,2,2,,,,,2,,,,,,,,,3,30,,2,,,,2,,,,,,,,,,,,,,2,2,1,1,2,2,8,,62,01,1,04,4,0141,350000,52,886.98026015,
5438021,1,2,1,60,2,52,2,,,,,,,,,,,240,,,,,,,,,,,,,,,,,,,,,,,,,,,,,,,,,,,,,,,,,,,,,,,7,,2,,,2,300000,1,3000000,3,,12,1,1,0,0,1,3,3,2,30,2,,30,,,2,1,,2,,2,,,,1,,,,,,,,,1,2,2,1,0,120,6,,1,52,10,6,,,2,8,13,14,,,2,,,,1,1,1,1,2,2,2,2,2,2,2,,2,1,1,1,1,2,2,1,8,,41,47,1,04,4,4711,300000,52,886.98026015,
5438021,1,3,1,60,2,52,2,,,,,,,,,,,180,,,,,,,,,,,,,,,,,,,,,,,,,,,,,,,,,,,,,,,,,,,,,,,6,,,,,2,350000,1,5000000,3,,12,1,2,0,1,1,1,10,1,24,2,,24,,,2,8,,2,,2,,,,1,,,,,,,,,1,2,2,1,0,6,6,,1,52,10,6,,,2,1,10,3,30,,2,,,,1,1,1,1,2,2,2,1,1,2,2,,1,1,1,2,1,2,2,2,8,,62,01,1,04,4,0141,350000,52,886.98026015,
5438022,1,1,1,60,2,52,2,,,,,,,,,,,180,,,,,,,,,,,,,,,,,,,,,,,,,,,,,,,,,,,,,,,,,,,,,,,6,,,,,2,500000,1,6000000,3,,12,1,1,0,0,1,1,10,2,28,2,,28,,,2,8,,2,,2,,,,1,,,,,,,,,1,2,2,2,,,,,1,52,16,4,,0,1,8,,11,30,,2,,,,2,,,,,,,,,,,,,,1,1,1,2,1,1,8,,62,01,1,04,4,0141,500000,52,2222.8068809,
5438022,1,2,1,60,2,52,2,,,,,,,,,,,132,,,,,,,,,,,,,,,,,,,,,,,,,,,,,,,,,,,,,,,,,,,,,,,,.,,,,,,,,,.,12,,,,,,,,,14,2,,14,,,2,8,,2,,2,,,,1,,,,,,,,,1,2,2,1,0,24,3,,2,,,,,,,,9,11,30,,2,,,,2,,,,,,,,,,,,,,1,1,1,2,1,1,8,,62,01,1,04,6,0141,,52,2222.8068809,
5438023,1,1,1,60,2,52,2,,,,,,,,,,,600,,,,,,,,,,,,,,,,,,,,,,,,,,,,,,,,,,,,,,,,,,,,,,,6,,,,,2,220000,1,2200000,3,,12,2,,,,,1,5,2,14,2,,14,,,1,8,,2,,2,,,,1,,,,,,,,,1,2,2,2,,,,,2,,,,,,,,,3,20,,2,,,,2,,,,,,,,,,,,,,1,1,1,2,1,1,8,,62,01,1,04,4,0141,220000,52,1126.0600097,
5438024,1,1,1,60,2,52,2,,,,,,,,,,,5,,,,,,,,,,,,,,,,,,,,,,,,,,,,,,,,,,,,,,,,,,,,,,,7,,2,,,2,0,1,0,3,,12,1,1,0,1,0,2,3,1,30,2,,30,,,2,8,,2,,2,,,,1,,,1,,,,,,,2,2,1,0,62,4,,1,52,8,4,,30000,1,1,13,3,20,,2,,,,2,,,,,,,,,,,,,,1,1,1,1,2,1,3,,62,01,1,04,4,0113,30000,52,886.98026015,
5438025,1,1,1,60,2,52,1,1,,,1,,,1,2,2,2,2,,1,,2,200000,2,,,1,150000,2,,2,,2,,2,,,2,,,2,,,2,,,2,,,2,,,2,,2,,2,,2,,2,,2,,,.,,,,,,,,,.,12,,,,,,,,,28,2,,28,,,2,7,,2,,2,,,,1,,,,,,,,,1,2,2,1,0,280,4,,1,52,7,4,,320000,1,8,13,8,20,,2,,,,1,1,2,1,2,1,2,2,2,1,2,,2,1,2,2,1,2,2,1,8,,84,45,1,04,1,4520,670000,52,3481.224962,
5438026,1,1,1,60,2,52,2,,,,,,,,,,,180,,,,,,,,,,,,,,,,,,,,,,,,,,,,,,,,,,,,,,,,,,,,,,,6,,,,,3,100000,1,3000000,3,,12,2,,,,,2,1,2,21,2,,21,,,1,8,,2,,2,,,,1,,,,,,,,,1,2,2,1,0,24,6,,2,,,,,,,,13,11,60,,1,20,2,1,1,1,1,1,2,2,1,2,1,2,2,,1,2,1,2,2,2,2,2,2,,62,01,1,04,4,0113,100000,52,3316.2982483,
5438026,1,2,1,60,2,52,2,,,,,,,,,,,62,,,,,,,,,,,,,,,,,,,,,,,,,,,,,,,,,,,,,,,,,,,,,,,6,,,,,3,100000,1,2000000,1,,12,2,,,,,2,1,2,24,1,,24,,,1,8,,2,,2,,,,1,,,,,,,,,1,2,2,1,0,12,3,,2,,,,,,,,1,11,60,,1,20,2,1,1,1,1,1,2,1,2,1,1,1,2,,2,2,2,2,1,2,2,2,3,,62,01,1,04,4,0113,100000,52,3316.2982483,
5438027,1,1,1,60,2,52,2,,,,,,,,,,,32,,,,,,,,,,,,,,,,,,,,,,,,,,,,,,,,,,,,,,,,,,,,,,,6,,,,,3,50000,1,98,3,,12,2,,,,,2,3,2,16,2,,16,,,1,8,,2,,2,,,,1,,,,,,,,,1,2,2,1,0,240,4,,2,,,,,,,,9,3,20,,1,21,2,1,1,1,2,1,2,2,2,2,1,2,2,,1,1,1,2,2,2,2,2,3,,62,01,1,04,4,0113,50000,52,886.98026015,
5438028,1,1,1,60,2,52,2,,,,,,,,,,,180,,,,,,,,,,,,,,,,,,,,,,,,,,,,,,,,,,,,,,,,,,,,,,,7,,2,,,2,0,1,4000000,3,,12,1,2,0,0,2,2,1,2,30,2,,24,6,,2,8,,2,,2,,,,1,,,,,,,,,1,2,2,1,0,56,8,,1,52,18,4,,160000,1,8,7,11,30,2,2,,,,2,,,,,,,,,,,,,,1,2,2,2,2,2,8,,62,01,1,04,4,0113,160000,52,1967.059212,
5438028,1,2,1,60,2,52,2,,,,,,,,,,,360,,,,,,,,,,,,,,,,,,,,,,,,,,,,,,,,,,,,,,,,,,,,,,,6,,,,,3,100000,1,1200000,3,,12,1,1,0,0,1,3,1,2,25,1,,25,,,2,8,,2,,2,,,,1,,,,,,,,,1,2,2,2,,,,,1,52,10,6,,,2,8,,3,2,,1,10,2,1,2,,,,,,,,,,,,,,1,2,1,2,1,1,8,,62,01,1,04,4,0149,100000,52,1967.059212,
5438028,1,4,1,60,2,52,2,,,,,,,,,,,36,,,,,,,,,,,,,,,,,,,,,,,,,,,,,,,,,,,,,,,,,,,,,,,6,,,,,3,80000,1,1200000,1,,12,2,,,,,2,1,2,25,1,,25,,,1,8,,2,,2,,,,1,,,,,,,,,1,2,2,1,4,1,8,,1,52,14,6,,,2,8,1,3,30,,1,26,2,1,2,,,,,,,,,,,,,,1,2,2,2,2,1,3,,62,01,1,04,4,0113,80000,52,1967.059212,
5438028,1,5,1,60,2,52,2,,,,,,,,,,,24,,,,,,,,,,,,,,,,,,,,,,,,,,,,,,,,,,,,,,,,,,,,,,,,.,,,,,,,,,.,12,,,,,,,,,14,2,,14,,,2,8,,2,,2,,,,1,,,,,,,,,1,2,2,2,,,,,2,,,,,,,,,3,10,,2,,,,1,1,2,1,2,2,2,2,2,2,2,,2,1,2,2,2,2,2,1,3,,62,01,1,04,6,0149,,52,1967.059212,
5438029,1,1,1,60,2,52,2,,,,,,,,,,,240,,,,,,,,,,,,,,,,,,,,,,,,,,,,,,,,,,,,,,,,,,,,,,,6,,,,,2,1100000,1,12000000,3,,12,1,1,0,0,1,1,1,2,21,2,,21,,,2,8,,2,,2,,,,1,,,,,,,,,1,2,2,1,0,180,4,,1,52,16,4,,80000,1,8,13,11,15,,2,,,,2,,,,,,,,,,,,,,1,1,1,2,1,1,8,,62,01,1,04,4,0141,1180000,52,1632.2042266,
5438029,1,2,1,60,2,52,2,,,,,,,,,,,240,,,,,,,,,,,,,,,,,,,,,,,,,,,,,,,,,,,,,,,,,,,,,,,6,,,,,3,80000,1,600000,3,,12,2,,,,,3,3,2,14,2,,14,,,1,8,,2,,2,,,,1,,,,,,,,,1,2,2,1,0,60,3,,1,52,14,6,,,2,8,9,3,5,,2,,,,2,,,,,,,,,,,,,,1,1,1,2,1,1,3,,62,01,1,04,4,0149,80000,52,1632.2042266,
5438030,1,1,1,60,2,52,2,,,,,,,,,,,180,,,,,,,,,,,,,,,,,,,,,,,,,,,,,,,,,,,,,,,,,,,,,,,6,,,,,2,300000,1,3600000,3,,12,2,,,,,3,3,2,36,2,,36,,,1,1,,2,,2,,,,1,,,,,,,,,1,2,2,1,0,144,4,,1,52,14,4,,200000,2,8,3,14,,,2,,,,2,,,,,,,,,,,,,,1,1,1,2,1,1,3,,81,31,1,04,4,3110,500000,52,886.98026015,
5438030,1,2,1,60,2,52,2,,,,,,,,,,,180,,,,,,,,,,,,,,,,,,,,,,,,,,,,,,,,,,,,,,,,,,,,,,,,.,,,,,,,,,.,12,,,,,,,,,20,2,,20,,,2,8,,2,,2,,,,1,,,,,,,,,1,2,2,1,0,144,4,,2,,,,,,,,3,11,30,,2,,,,2,,,,,,,,,,,,,,1,2,1,2,1,1,3,,62,01,1,04,6,0141,,52,886.98026015,
5438031,1,1,1,60,2,52,2,,,,,,,,,,,420,,,,,,,,,,,,,,,,,,,,,,,,,,,,,,,,,,,,,,,,,,,,,,,6,,,,,3,700000,1,7000000,3,,12,2,,,,,2,1,2,48,,.,48,,,1,8,,2,,2,,,,1,,,,,,,,,1,2,2,2,,,,,2,,,,,,,,,11,15,,2,,,,2,,,,,,,,,,,,,,1,1,1,2,1,1,8,,62,01,1,04,4,0141,700000,52,964.3887998,
5438032,1,4,1,60,2,52,2,,,,,,,,,,,420,,,,,,,,,,,,,,,,,,,,,,,,,,,,,,,,,,,,,,,,,,,,,,,6,,,,,3,250000,1,3000000,3,,12,2,,,,,2,1,2,32,2,,32,,,1,8,,2,,2,,,,1,,,,,,,,,1,2,2,2,,,,,2,,,,,,,,,3,30,,2,,,,2,,,,,,,,,,,,,,1,1,1,2,2,1,8,,62,01,1,04,4,0161,250000,52,2191.7864586,
5438033,1,1,1,60,2,52,2,,,,,,,,,,,360,,,,,,,,,,,,,,,,,,,,,,,,,,,,,,,,,,,,,,,,,,,,,,,7,,2,,,2,400000,1,1200000,3,,12,1,1,0,0,1,2,3,2,40,,.,40,,,2,8,,2,,2,,,,1,,,,,,,,,1,2,2,1,0,180,4,,1,52,14,4,,300000,2,8,3,3,5,,2,,,,2,,,,,,,,,,,,,,1,1,1,2,1,1,3,,62,01,1,04,4,0113,700000,52,1685.6422418,
5438033,1,2,1,60,2,52,2,,,,,,,,,,,360,,,,,,,,,,,,,,,,,,,,,,,,,,,,,,,,,,,,,,,,,,,,,,,,.,,,,,,,,,.,12,,,,,,,,,20,2,,20,,,2,8,,2,,2,,,,1,,,,,,,,,1,2,2,1,0,96,4,,1,52,14,6,,,2,8,3,3,5,,2,,,,2,,,,,,,,,,,,,,1,2,1,2,1,1,3,,62,01,1,04,6,0141,,52,1685.6422418,
5438034,1,1,1,60,2,52,2,,,,,,,,,,,516,,,,,,,,,,,,,,,,,,,,,,,,,,,,,,,,,,,,,,,,,,,,,,,6,,,,,3,400000,1,3500000,3,,12,2,,,,,3,3,2,40,,.,0,6,,1,8,,2,,2,,,,1,,,,,,,,,1,2,2,1,0,54,6,,1,52,5,6,,,2,8,13,11,20,1,2,,,,1,1,1,1,2,2,2,2,2,1,2,,1,2,1,2,2,2,2,2,8,,62,01,1,04,4,0113,400000,52,886.98026015,
5438034,1,2,1,60,2,52,2,,,,,,,,,,,396,,,,,,,,,,,,,,,,,,,,,,,,,,,,,,,,,,,,,,,,,,,,,,,6,,,,,3,0,1,1500000,3,,12,1,2,0,0,2,3,3,2,30,2,,30,,,2,8,,2,,2,,,,1,,,,,,,,,1,2,2,1,12,48,7,,2,,,,,,,,8,3,2,,2,,,,2,,,,,,,,,,,,,,1,1,1,2,1,1,8,,62,01,1,04,4,0149,0,52,886.98026015,
5438034,1,3,1,60,2,52,2,,,,,,,,,,,36,,,,,,,,,,,,,,,,,,,,,,,,,,,,,,,,,,,,,,,,,,,,,,,,.,,,,,,,,,.,12,,,,,,,,,20,2,,20,,,2,8,,2,,2,,,,1,,,,,,,,,1,2,2,2,,,,,2,,,,,,,,,3,30,,2,,,,2,,,,,,,,,,,,,,1,2,1,2,2,2,3,,62,01,1,04,6,0149,,52,886.98026015,
5438035,1,1,1,60,2,52,2,,,,,,,,,,,600,,,,,,,,,,,,,,,,,,,,,,,,,,,,,,,,,,,,,,,,,,,,,,,6,,,,,2,250000,1,3000000,3,,12,2,,,,,1,5,2,14,2,,14,,,1,8,,2,,2,,,,1,,,,,,,,,1,2,2,2,,,,,2,,,,,,,,,3,15,,2,,,,2,,,,,,,,,,,,,,1,1,1,2,1,1,8,,62,01,1,04,4,0141,250000,52,886.98026015,
5438036,1,1,1,60,2,52,2,,,,,,,,,,,300,,,,,,,,,,,,,,,,,,,,,,,,,,,,,,,,,,,,,,,,,,,,,,,6,,,,,2,300000,1,5000000,1,,12,2,,,,,3,1,2,30,2,,30,,,1,1,,2,,2,,,,1,,,,,,,,,1,2,2,1,0,120,4,,1,52,8,4,,0,1,8,13,14,,,2,,,,2,,,,,,,,,,,,,,1,1,1,2,2,1,3,,81,31,1,04,4,3110,300000,52,886.98026015,
5438036,1,2,1,60,2,52,2,,,,,,,,,,,480,,,,,,,,,,,,,,,,,,,,,,,,,,,,,,,,,,,,,,,,,,,,,,,6,,,,,2,0,1,800000,1,,12,2,,,,,3,9,2,20,2,,20,,,1,5,,2,,2,,,,1,,,,,,,,,1,2,2,1,12,24,4,,2,,,,,,,,1,11,30,,1,20,2,2,2,,,,,,,,,,,,,,1,1,1,2,1,1,8,,45,47,1,04,4,4782,0,52,886.98026015,
5438036,1,3,1,60,2,52,1,1,,,1,,,1,2,2,2,12,,1,,2,200000,2,,,1,80000,2,,2,,2,,2,,,2,,,2,,,2,,,2,,,2,,,2,,2,,2,,2,,2,,2,,,.,,,,,,,,,.,12,,,,,,,,,36,1,,36,,,1,2,,2,,2,,,,1,,,,,,,,,1,2,2,1,3,24,3,,2,,,,,,,,3,11,20,,1,10,1,1,2,,,,,,,,,,,,,,1,1,1,2,1,1,8,,54,97,1,04,3,9700,280000,52,886.98026015,
5438038,1,1,1,60,2,52,2,,,,,,,,,,,360,,,,,,,,,,,,,,,,,,,,,,,,,,,,,,,,,,,,,,,,,,,,,,,6,,,,,3,240000,1,2880000,3,,12,2,,,,,2,3,2,32,2,,24,6,,1,8,,2,,2,,,,1,,,,,,,,,1,2,2,1,0,36,6,,1,52,14,4,,0,2,8,13,11,60,2,2,,,,2,,,,,,,,,,,,,,1,1,1,2,1,1,3,,62,01,1,04,4,0161,240000,52,2278.4802368,
5438038,1,2,1,60,2,52,2,,,,,,,,,,,18,,,,,,,,,,,,,,,,,,,,,,,,,,,,,,,,,,,,,,,,,,,,,,,,.,,,,,,,,,.,12,,,,,,,,,14,2,,14,,,2,8,,2,,2,,,,1,,,,,,,,,1,2,2,1,0,204,1,,2,,,,,,,,3,3,30,,2,,,,2,,,,,,,,,,,,,,1,2,1,2,1,1,3,,62,01,1,04,6,0141,,52,2278.4802368,
5438038,1,3,1,60,2,52,2,,,,,,,,,,,24,,,,,,,,,,,,,,,,,,,,,,,,,,,,,,,,,,,,,,,,,,,,,,,6,,,,,3,240000,1,2880000,3,,12,2,,,,,2,3,2,32,2,,24,6,,1,8,,2,,2,,,,1,,,,,,,,,1,2,2,1,0,24,6,,2,,,,,,,,13,11,30,2,2,,,,2,,,,,,,,,,,,,,1,1,1,2,1,1,3,,62,01,1,04,4,0161,240000,52,2278.4802368,
5438038,1,4,1,60,2,52,2,,,,,,,,,,,12,,,,,,,,,,,,,,,,,,,,,,,,,,,,,,,,,,,,,,,,,,,,,,,6,,,,,3,200000,1,2400000,1,,12,2,,,,,3,3,2,20,2,,20,,,1,6,,2,,2,,,,1,,,,,,,,,1,2,2,2,,,,,2,,,,,,,,,11,20,,2,,,,2,,,,,,,,,,,,,,1,1,1,2,1,1,3,,16,94,1,04,4,9412,200000,52,2278.4802368,
5438038,1,5,1,60,2,52,2,,,,,,,,,,,18,,,,,,,,,,,,,,,,,,,,,,,,,,,,,,,,,,,,,,,,,,,,,,,,.,,,,,,,,,.,12,,,,,,,,,14,2,,14,,,2,8,,2,,,,,,1,,,,,,,,,1,2,2,2,,,,,2,,,,,,,,,3,10,,2,,,,2,,,,,,,,,,,,,,1,2,1,2,1,1,3,,62,01,1,04,6,0113,,52,2278.4802368,
5438038,1,6,1,60,2,52,2,,,,,,,,,,,24,,,,,,,,,,,,,,,,,,,,,,,,,,,,,,,,,,,,,,,,,,,,,,,7,,2,,,2,0,1,1000000,3,,12,1,1,0,0,1,2,3,2,24,2,,24,,,2,8,,2,,2,,,,1,,,,,,,,,1,2,2,1,0,480,4,,2,,,,,,,,3,3,10,,2,,,,2,,,,,,,,,,,,,,1,1,1,2,1,1,3,,62,01,1,04,4,0113,0,52,2278.4802368,
5438039,1,1,1,60,2,52,2,,,,,,,,,,,380,,,,,,,,,,,,,,,,,,,,,,,,,,,,,,,,,,,,,,,,,,,,,,,6,,,,,3,150000,1,1200000,3,,12,2,,,,,2,4,2,30,2,,30,,,1,8,,2,,2,,,,1,,,,,,,,,1,2,2,1,0,24,8,,1,52,16,4,,0,1,8,10,11,30,,2,,,,2,,,,,,,,,,,,,,1,1,1,1,2,1,8,,62,01,1,04,4,0113,150000,52,886.98026015,
5438039,1,2,1,60,2,52,2,,,,,,,,,,,360,,,,,,,,,,,,,,,,,,,,,,,,,,,,,,,,,,,,,,,,,,,,,,,6,,,,,2,200000,1,1950000,3,,12,1,1,0,0,1,3,9,2,36,2,,36,,,2,8,,2,,2,,,,1,,,,,,,,,1,2,2,2,,,,,2,,,,,,,,,3,30,,1,12,2,1,1,1,2,1,2,2,2,2,1,1,2,,2,1,1,2,1,2,2,2,8,,62,01,1,04,4,0141,200000,52,886.98026015,
5438039,1,3,1,60,2,52,2,,,,,,,,,,,13,,,,,,,,,,,,,,,,,,,,,,,,,,,,,,,,,,,,,,,,,,,,,,,,.,,,,,,,,,.,12,,,,,,,,,8,2,,8,,,2,8,,2,,2,,,,1,,,,,,,,,1,2,2,1,12,12,4,,2,,,,,,,,9,3,60,,2,,,,2,,,,,,,,,,,,,,2,2,2,2,2,2,3,,62,01,1,04,6,0141,,52,886.98026015,
5438041,1,1,1,60,2,52,2,,,,,,,,,,,480,,,,,,,,,,,,,,,,,,,,,,,,,,,,,,,,,,,,,,,,,,,,,,,6,,,,,3,250000,1,3000000,3,,12,2,,,,,2,5,2,28,1,,28,,,1,8,,2,,2,,,,1,,,,,,,,,1,2,2,2,,,,,1,52,14,4,,200000,2,8,,3,120,,1,28,2,1,2,,,,,,,,,,,,,,1,1,1,2,2,1,8,,62,01,1,04,4,0161,450000,52,2426.0397116,
5438041,1,2,1,60,2,52,2,,,,,,,,,,,240,,,,,,,,,,,,,,,,,,,,,,,,,,,,,,,,,,,,,,,,,,,,,,,,.,,,,,,,,,.,12,,,,,,,,,14,2,,14,,,2,8,,2,,2,,,,1,,,,,,,,,1,2,2,1,0,84,3,,2,,,,,,,,9,3,10,,2,,,,2,,,,,,,,,,,,,,1,1,1,2,1,1,8,,62,01,1,04,6,0141,,52,2426.0397116,
5438041,1,3,1,60,2,52,2,,,,,,,,,,,36,,,,,,,,,,,,,,,,,,,,,,,,,,,,,,,,,,,,,,,,,,,,,,,6,,,,,3,300000,1,3600000,4,TEMPORAL,12,2,,,,,2,4,2,32,2,,32,,,1,8,,2,,2,,,,1,,,,,,,,,1,2,2,2,,,,,1,52,7,6,,,2,8,,11,15,,2,,,,1,1,1,1,2,1,2,2,1,1,2,,2,1,2,2,2,2,2,1,8,,62,01,1,04,4,0113,300000,52,2426.0397116,
5438042,1,1,1,60,2,52,2,,,,,,,,,,,280,,,,,,,,,,,,,,,,,,,,,,,,,,,,,,,,,,,,,,,,,,,,,,,6,,,,,3,250000,1,4000000,3,,12,2,,,,,2,1,2,40,,.,0,6,,1,8,,2,,2,,,,1,,,,,,,,,1,2,2,2,,,,,1,52,12,6,,,2,8,,11,30,2,2,,,,1,1,1,1,2,2,2,2,1,1,2,,2,1,2,2,1,2,2,1,8,,62,01,1,04,4,0113,250000,52,1151.8403941,
5438042,1,2,1,60,2,52,2,,,,,,,,,,,180,,,,,,,,,,,,,,,,,,,,,,,,,,,,,,,,,,,,,,,,,,,,,,,6,,,,,3,100000,1,2000000,3,,12,1,2,0,0,2,3,8,2,25,2,,25,,,2,8,,2,,2,,,,1,,,,,,,,,1,2,2,2,,,,,2,,,,,,,,,3,3,,2,,,,2,,,,,,,,,,,,,,1,1,1,2,2,2,8,,62,01,1,04,4,0149,100000,52,1151.8403941,
5438042,1,3,1,60,2,52,1,1,,,1,,,1,2,2,2,12,,1,,2,200000,2,,,1,80000,2,,2,,2,,2,,,2,,,2,,,2,,,2,,,2,,,2,,2,,2,,2,,2,,2,,,.,,,,,,,,,.,12,,,,,,,,,48,,.,48,,,1,2,,2,,2,,,,1,,,,,,,,,1,2,2,1,0,48,6,,2,,,,,,,,13,3,60,,2,,,,2,,,,,,,,,,,,,,1,1,1,2,2,1,8,,54,97,1,04,3,9700,280000,52,1151.8403941,
5438042,1,4,1,60,2,52,2,,,,,,,,,,,24,,,,,,,,,,,,,,,,,,,,,,,,,,,,,,,,,,,,,,,,,,,,,,,,.,,,,,,,,,.,12,,,,,,,,,7,2,,7,,,2,8,,2,,,,,,1,,,,,,,,,1,2,2,2,,,,,2,,,,,,,,,3,3,,2,,,,2,,,,,,,,,,,,,,1,2,2,2,2,2,8,,62,01,1,04,6,0149,,52,1151.8403941,
5438043,1,1,1,60,2,52,2,,,,,,,,,,,240,,,,,,,,,,,,,,,,,,,,,,,,,,,,,,,,,,,,,,,,,,,,,,,6,,,,,3,80000,1,960000,3,,12,2,,,,,2,3,2,12,2,,12,,,1,8,,2,,2,,,,1,,,,,,,,,1,2,2,1,2,480,4,,2,,,,,,,,11,3,60,,2,,,,2,,,,,,,,,,,,,,1,1,1,2,1,1,3,,98,49,1,04,4,4923,80000,52,2573.3981018,
5438043,1,2,1,60,2,52,2,,,,,,,,,,,36,,,,,,,,,,,,,,,,,,,,,,,,,,,,,,,,,,,,,,,,,,,,,,,7,,2,,,2,500000,1,6000000,3,,12,1,1,0,0,1,2,3,2,28,2,,28,,,2,8,,2,,2,,,,1,,,,,,,,,1,2,2,2,,,,,2,,,,,,,,,3,20,,2,,,,2,,,,,,,,,,,,,,1,1,1,2,1,1,3,,62,01,1,04,4,0141,500000,52,2573.3981018,
5438043,1,3,1,60,2,52,1,1,,,1,,,1,1,2,1,48,,1,,2,908526,2,,,2,,2,,2,,2,,2,,,2,,,2,,,2,,,2,,,2,,,1,877803,2,,2,,2,,2,,2,,,.,,,,,,,,,.,12,,,,,,,,,48,,.,48,,,6,7,,1,,1,1,1,6,1,1,,,,,,,,,1,1,1,7,48,1,,2,,,,,,,,3,11,30,,2,,,,2,,,,,,,,,,,,,,1,1,1,2,1,1,3,,77,10,1,04,1,1040,908526,52,2573.3981018,
5438043,1,4,1,60,2,52,2,,,,,,,,,,,12,,,,,,,,,,,,,,,,,,,,,,,,,,,,,,,,,,,,,,,,,,,,,,,,.,,,,,,,,,.,12,,,,,,,,,6,2,,6,,,2,8,,2,,,,,,1,,,,,,,,,1,2,2,2,,,,,2,,,,,,,,,3,30,,2,,,,2,,,,,,,,,,,,,,1,2,1,2,1,1,3,,62,01,1,04,6,0141,,52,2573.3981018,
5438045,1,1,1,60,2,52,2,,,,,,,,,,,250,,,,,,,,,,,,,,,,,,,,,,,,,,,,,,,,,,,,,,,,,,,,,,,6,,,,,3,30000,1,300000,1,,12,2,,,,,3,4,2,20,2,,20,,,1,1,,2,,2,,,,1,,,,,,,,,1,2,2,1,86,120,6,,2,,,,,,,,9,14,,,2,,,,2,,,,,,,,,,,,,,1,1,1,2,2,1,3,,75,01,1,04,4,0143,30000,52,886.98026015,
5438046,1,1,1,60,2,52,2,,,,,,,,,,,216,,,,,,,,,,,,,,,,,,,,,,,,,,,,,,,,,,,,,,,,,,,,,,,7,,2,,,2,1000000,1,12000000,3,,12,1,1,0,0,1,2,3,2,28,2,,28,,,2,8,,2,,2,,,,1,,,,,,,,,1,2,2,1,1,86,4,,1,52,20,4,,0,2,8,3,11,30,,2,,,,2,,,,,,,,,,,,,,1,1,1,2,1,1,3,,62,01,1,04,4,0141,1000000,52,3372.3724157,
5438046,1,2,1,60,2,52,2,,,,,,,,,,,180,,,,,,,,,,,,,,,,,,,,,,,,,,,,,,,,,,,,,,,,,,,,,,,,.,,,,,,,,,.,12,,,,,,,,,28,2,,28,,,2,8,,2,,2,,,,1,,,,,,,,,1,2,2,1,12,24,6,,1,52,12,6,,,2,8,9,11,30,,2,,,,2,,,,,,,,,,,,,,1,2,1,2,1,1,3,,62,01,1,04,6,0141,,52,3372.3724157,
5438046,1,3,1,60,2,52,1,1,,,1,,,2,2,2,2,12,,1,,2,908526,2,,,2,,2,,2,,2,,2,,,2,,,2,,,2,,,2,,,2,,,2,,2,,2,,2,,2,,2,,,.,,,,,,,,,.,12,,,,,,,,,40,,.,40,,,4,7,,2,,2,,,,1,,,,,,,,,1,2,2,1,0,60,4,,1,52,24,1,,500000,2,4,3,11,10,,2,,,,2,,,,,,,,,,,,,,1,1,1,2,1,1,3,,77,10,1,04,1,1040,1408526,52,3372.3724157,
5438046,1,4,1,60,2,52,1,1,,,1,,,1,2,2,2,4,,1,,2,908526,2,,,2,,2,,2,,2,,2,,,2,,,2,,,2,,,2,,,2,,,2,,2,,2,,2,,2,,2,,,.,,,,,,,,,.,4,,,,,,,,,50,,.,50,,,4,7,,2,,2,,,,1,,,,,,,,,1,2,2,1,8,1,1,,2,,,,,,,,1,11,10,,2,,,,2,,,,,,,,,,,,,,1,1,1,2,1,2,3,,97,10,1,04,1,1040,908526,52,3372.3724157,
5438047,1,1,1,60,2,52,2,,,,,,,,,,,60,,,,,,,,,,,,,,,,,,,,,,,,,,,,,,,,,,,,,,,,,,,,,,,6,,,,,3,500000,1,6000000,3,,12,2,,,,,2,1,1,48,,.,48,,,1,2,,2,,2,,,,1,,,,,,,,,1,2,2,1,0,60,1,,2,,,,,,,,10,11,120,,2,,,,2,,,,,,,,,,,,,,1,1,1,2,2,1,8,,95,41,1,04,4,4111,500000,52,2968.4544317,
5438047,1,2,1,60,2,52,2,,,,,,,,,,,180,,,,,,,,,,,,,,,,,,,,,,,,,,,,,,,,,,,,,,,,,,,,,,,6,,,,,2,540000,1,6000000,3,,12,2,,,,,1,3,2,14,2,,14,,,1,8,,2,,2,,,,1,,,,,,,,,1,2,2,2,,,,,2,,,,,,,,,11,60,,2,,,,2,,,,,,,,,,,,,,1,1,1,2,1,1,3,,62,01,1,04,4,0141,540000,52,2968.4544317,
5438048,1,1,1,60,2,52,2,,,,,,,,,,,420,,,,,,,,,,,,,,,,,,,,,,,,,,,,,,,,,,,,,,,,,,,,,,,6,,,,,3,200000,1,3000000,3,,12,2,,,,,2,1,2,28,1,,28,,,1,8,,2,,2,,,,1,,,,,,,,,1,2,2,2,,,,,2,,,,,,,,,13,60,,1,28,2,2,2,,,,,,,,,,,,,,1,1,2,2,2,1,8,,62,01,1,04,4,0113,200000,52,886.98026015,
5438048,1,2,1,60,2,52,2,,,,,,,,,,,360,,,,,,,,,,,,,,,,,,,,,,,,,,,,,,,,,,,,,,,,,,,,,,,6,,,,,2,200000,1,3000000,3,,12,1,1,0,0,1,1,3,2,7,2,,7,,,2,8,,2,,2,,,,1,,,,,,,,,1,2,2,1,0,60,3,,2,,,,,,,,9,3,60,,2,,,,2,,,,,,,,,,,,,,1,1,1,2,1,1,8,,62,01,1,04,4,0141,200000,52,886.98026015,
5438048,1,5,1,60,2,52,2,,,,,,,,,,,12,,,,,,,,,,,,,,,,,,,,,,,,,,,,,,,,,,,,,,,,,,,,,,,,.,,,,,,,,,.,12,,,,,,,,,7,2,,7,,,2,8,,2,,2,,,,1,,,,,,,,,1,2,2,1,0,12,1,,2,,,,,,,,13,3,60,,2,,,,2,,,,,,,,,,,,,,1,1,1,2,1,1,8,,62,01,1,04,6,0141,,52,886.98026015,
5438049,1,1,1,60,2,52,2,,,,,,,,,,,280,,,,,,,,,,,,,,,,,,,,,,,,,,,,,,,,,,,,,,,,,,,,,,,6,,,,,3,160000,1,2000000,3,,12,2,,,,,2,3,2,16,1,,16,,,1,8,,2,,2,,,,1,,,,,,,,,1,2,2,1,0,62,6,,1,52,15,4,,600000,2,8,13,11,30,,2,,,,2,,,,,,,,,,,,,,1,1,1,1,2,2,8,,62,01,1,04,4,0113,760000,52,1632.2042266,
5438049,1,2,1,60,2,52,2,,,,,,,,,,,120,,,,,,,,,,,,,,,,,,,,,,,,,,,,,,,,,,,,,,,,,,,,,,,7,,2,,,2,200000,1,2000000,3,,12,1,1,0,0,1,3,3,2,30,2,,30,,,2,1,,2,,2,,,,1,,,,,,,,,1,2,2,1,0,120,6,,1,52,18,6,,,2,8,13,14,,,2,,,,2,,,,,,,,,,,,,,1,1,1,1,2,2,2,,41,47,1,04,4,4711,200000,52,1632.2042266,
5438049,1,3,1,60,2,52,2,,,,,,,,,,,12,,,,,,,,,,,,,,,,,,,,,,,,,,,,,,,,,,,,,,,,,,,,,,,,.,,,,,,,,,.,12,,,,,,,,,14,2,,14,,,2,8,,2,,2,,,,1,,,,,,,,,1,2,2,1,0,3,4,,1,52,12,6,,,2,1,12,11,30,,2,,,,2,,,,,,,,,,,,,,1,1,1,2,2,1,3,,62,01,1,04,6,0141,,52,1632.2042266,
5438050,1,1,1,60,2,52,2,,,,,,,,,,,240,,,,,,,,,,,,,,,,,,,,,,,,,,,,,,,,,,,,,,,,,,,,,,,7,,2,,,2,1000000,1,12000000,3,,12,1,4,0,0,4,2,3,2,32,2,,32,,,3,8,,2,,2,,,,1,,,,,,,,,1,2,2,1,0,240,4,,1,52,16,4,,160000,1,8,13,11,60,,2,,,,2,,,,,,,,,,,,,,1,1,1,2,1,1,3,,62,01,1,04,4,0141,1160000,52,2969.2213558,
5438050,1,2,1,60,2,52,2,,,,,,,,,,,240,,,,,,,,,,,,,,,,,,,,,,,,,,,,,,,,,,,,,,,,,,,,,,,,.,,,,,,,,,.,12,,,,,,,,,12,2,,12,,,3,8,,2,,2,,,,1,,,,,,,,,1,2,2,1,96,120,3,,2,,,,,,,,3,11,60,,2,,,,2,,,,,,,,,,,,,,1,2,1,2,1,1,3,,62,01,1,04,6,0141,,52,2969.2213558,
5438050,1,3,1,60,2,52,2,,,,,,,,,,,12,,,,,,,,,,,,,,,,,,,,,,,,,,,,,,,,,,,,,,,,,,,,,,,,.,,,,,,,,,.,12,,,,,,,,,8,2,,8,,,3,8,,2,,2,,,,1,,,,,,,,,1,2,2,2,,,,,2,,,,,,,,,11,60,,2,,,,2,,,,,,,,,,,,,,1,2,1,2,1,1,3,,62,01,1,04,6,0141,,52,2969.2213558,
5438050,1,4,1,60,2,52,2,,,,,,,,,,,72,,,,,,,,,,,,,,,,,,,,,,,,,,,,,,,,,,,,,,,,,,,,,,,,.,,,,,,,,,.,12,,,,,,,,,12,2,,12,,,3,8,,2,,2,,,,1,,,,,,,,,1,2,2,2,,,,,2,,,,,,,,,11,60,,2,,,,2,,,,,,,,,,,,,,1,2,1,2,1,1,3,,62,01,1,04,6,0141,,52,2969.2213558,
5438050,1,5,1,60,2,52,2,,,,,,,,,,,60,,,,,,,,,,,,,,,,,,,,,,,,,,,,,,,,,,,,,,,,,,,,,,,,.,,,,,,,,,.,12,,,,,,,,,20,2,,20,,,3,8,,2,,2,,,,1,,,,,,,,,1,2,2,2,,,,,2,,,,,,,,,11,60,,2,,,,2,,,,,,,,,,,,,,1,2,1,2,1,1,3,,62,01,1,04,6,0141,,52,2969.2213558,
5438051,1,1,1,60,2,52,2,,,,,,,,,,,280,,,,,,,,,,,,,,,,,,,,,,,,,,,,,,,,,,,,,,,,,,,,,,,7,,2,,,2,300000,1,3000000,3,,12,1,1,0,0,1,1,9,2,28,2,,28,,,2,8,,2,,2,,,,1,,,1,,,,,,,2,2,1,0,24,6,,1,52,16,4,,200000,1,8,13,11,10,,2,,,,2,,,,,,,,,,,,,,1,1,1,2,1,1,3,,62,01,1,04,4,0141,500000,52,2113.9543346,
5438051,1,2,1,60,2,52,2,,,,,,,,,,,120,,,,,,,,,,,,,,,,,,,,,,,,,,,,,,,,,,,,,,,,,,,,,,,6,,,,,3,0,1,200000,3,,12,2,,,,,3,4,2,14,2,,14,,,1,8,,2,,2,,,,1,,,,,,,,,1,2,2,1,24,24,3,,1,52,14,6,,,2,8,3,3,2,,2,,,,2,,,,,,,,,,,,,,1,1,1,2,1,1,3,,62,01,1,04,4,0149,0,52,2113.9543346,
5438052,1,1,1,60,2,52,2,,,,,,,,,,,72,,,,,,,,,,,,,,,,,,,,,,,,,,,,,,,,,,,,,,,,,,,,,,,7,,2,,,2,200000,1,2400000,3,,12,1,1,0,0,1,2,3,2,28,2,,28,,,2,8,,2,,2,,,,1,,,,,,,,,1,2,2,1,0,180,4,,1,52,14,4,,400000,2,8,13,3,15,,2,,,,2,,,,,,,,,,,,,,1,1,1,2,1,1,3,,62,01,1,04,4,0141,600000,52,2060.6275716,
5438052,1,2,1,60,2,52,2,,,,,,,,,,,72,,,,,,,,,,,,,,,,,,,,,,,,,,,,,,,,,,,,,,,,,,,,,,,,.,,,,,,,,,.,12,,,,,,,,,14,2,,14,,,2,8,,2,,2,,,,1,,,,,,,,,1,2,2,1,96,60,4,,1,52,9,6,,,2,8,9,3,15,,2,,,,2,,,,,,,,,,,,,,1,2,1,2,1,1,3,,62,01,1,04,6,0141,,52,2060.6275716,
5438052,1,4,1,60,2,52,2,,,,,,,,,,,600,,,,,,,,,,,,,,,,,,,,,,,,,,,,,,,,,,,,,,,,,,,,,,,7,,2,,,2,,1,98,3,,12,1,1,0,1,0,2,3,2,24,2,,24,,,2,8,,2,,2,,,,1,,,,,,,,,1,2,2,1,0,120,4,,2,,,,,,,,3,3,120,,2,,,,2,,,,,,,,,,,,,,1,1,1,2,1,1,3,,62,01,1,04,4,0113,,52,2060.6275716,
5438053,1,1,1,60,2,52,2,,,,,,,,,,,60,,,,,,,,,,,,,,,,,,,,,,,,,,,,,,,,,,,,,,,,,,,,,,,6,,,,,2,300000,1,3600000,3,,12,1,1,0,0,1,1,3,2,14,2,,14,,,2,8,,2,,2,,,,1,,,,,,,,,1,2,2,1,0,480,4,,1,52,7,6,,,2,1,2,3,60,,2,,,,2,,,,,,,,,,,,,,1,1,1,2,1,1,3,,62,01,1,04,4,0141,300000,52,886.98026015,
5438053,1,2,1,60,2,52,2,,,,,,,,,,,240,,,,,,,,,,,,,,,,,,,,,,,,,,,,,,,,,,,,,,,,,,,,,,,6,,,,,2,600000,1,4000000,3,,12,1,2,1,0,1,3,5,2,16,2,,16,,,2,1,,2,,2,,,,1,,,,,,,,,1,2,2,1,0,24,4,,1,52,7,4,,40000,1,8,2,14,,,2,,,,2,,,,,,,,,,,,,,1,1,1,2,1,1,3,,53,56,1,04,5,5629,640000,52,886.98026015,
5438053,1,3,1,60,2,52,2,,,,,,,,,,,36,,,,,,,,,,,,,,,,,,,,,,,,,,,,,,,,,,,,,,,,,,,,,,,7,,2,,,2,300000,1,3600000,3,,12,1,1,0,0,1,3,3,2,46,,.,46,,,2,1,,2,,2,,,,1,,,,,,,,,1,2,2,2,,,,,1,52,10,4,,70000,1,8,,14,,,2,,,,2,,,,,,,,,,,,,,1,1,1,2,1,1,8,,41,47,1,04,4,4729,370000,52,886.98026015,
5438053,1,4,1,60,2,52,2,,,,,,,,,,,12,,,,,,,,,,,,,,,,,,,,,,,,,,,,,,,,,,,,,,,,,,,,,,,,.,,,,,,,,,.,12,,,,,,,,,14,2,,14,,,2,8,,2,,,,,,1,,,,,,,,,1,2,2,2,,,,,1,52,14,6,,,2,1,,3,60,,2,,,,2,,,,,,,,,,,,,,1,1,1,2,1,1,3,,62,01,1,04,6,0141,,52,886.98026015,
5438054,1,1,1,60,2,52,2,,,,,,,,,,,120,,,,,,,,,,,,,,,,,,,,,,,,,,,,,,,,,,,,,,,,,,,,,,,7,,2,,,2,200000,1,2400000,3,,12,2,,,,,2,3,2,28,2,,28,,,1,8,,2,,2,,,,1,,,,,,,,,1,2,2,1,2,24,4,,1,52,14,4,,600000,1,8,3,3,5,,2,,,,2,,,,,,,,,,,,,,1,1,1,2,1,1,3,,62,01,1,04,4,0141,800000,52,2124.5517413,
5438056,1,1,1,60,2,52,2,,,,,,,,,,,84,,,,,,,,,,,,,,,,,,,,,,,,,,,,,,,,,,,,,,,,,,,,,,,7,,2,,,2,500000,1,6000000,3,,12,1,1,0,0,1,2,3,2,28,2,,28,,,2,8,,2,,2,,,,1,,,,,,,,,1,2,2,1,0,120,4,,1,52,20,4,,400000,1,8,3,11,5,,2,,,,2,,,,,,,,,,,,,,1,1,1,2,1,2,3,,62,01,1,04,4,0141,900000,52,2408.8721997,
5438056,1,2,1,60,2,52,2,,,,,,,,,,,84,,,,,,,,,,,,,,,,,,,,,,,,,,,,,,,,,,,,,,,,,,,,,,,,.,,,,,,,,,.,12,,,,,,,,,14,2,,14,,,2,8,,2,,2,,,,1,,,,,,,,,1,2,2,1,2,60,6,,2,,,,,,,,9,11,5,,2,,,,2,,,,,,,,,,,,,,1,2,1,2,1,1,3,,62,01,1,04,6,0141,,52,2408.8721997,
5438057,1,1,1,60,2,52,2,,,,,,,,,,,240,,,,,,,,,,,,,,,,,,,,,,,,,,,,,,,,,,,,,,,,,,,,,,,6,,,,,3,200000,1,2400000,3,,12,2,,,,,2,1,2,24,1,,24,,,1,8,,2,,2,,,,1,,,,,,,,,1,2,2,2,,,,,1,52,7,4,,300000,2,8,,3,60,,1,10,2,1,2,,,,,,,,,,,,,,1,1,1,2,1,1,8,,62,01,1,04,4,0113,500000,52,2408.8721997,
5438057,1,2,1,60,2,52,2,,,,,,,,,,,60,,,,,,,,,,,,,,,,,,,,,,,,,,,,,,,,,,,,,,,,,,,,,,,,.,,,,,,,,,.,12,,,,,,,,,14,2,,14,,,2,8,,2,,2,,,,1,,,,,,,,,1,2,2,1,0,120,4,,2,,,,,,,,9,3,60,,2,,,,1,1,2,1,2,2,2,2,2,2,2,,2,1,1,1,1,2,1,1,8,,62,01,1,04,6,0141,,52,2408.8721997,
5438058,1,1,1,60,2,52,2,,,,,,,,,,,120,,,,,,,,,,,,,,,,,,,,,,,,,,,,,,,,,,,,,,,,,,,,,,,6,,,,,2,200000,1,5000000,3,,12,1,3,0,0,3,3,1,2,24,2,,24,,,3,8,,2,,2,,,,1,,,,,,,,,1,2,2,1,0,62,8,,1,52,16,4,,100000,1,8,9,11,60,,2,,,,2,,,,,,,,,,,,,,1,2,2,2,2,1,8,,62,01,1,04,4,0141,300000,52,2113.9543346,
5438058,1,2,1,60,2,52,2,,,,,,,,,,,120,,,,,,,,,,,,,,,,,,,,,,,,,,,,,,,,,,,,,,,,,,,,,,,6,,,,,3,150000,1,2000000,3,,12,2,,,,,2,6,2,24,2,,24,,,1,8,,2,,2,,,,1,,,,,,,,,1,2,2,1,0,74,6,,1,52,16,6,,,2,8,13,11,60,,2,,,,2,,,,,,,,,,,,,,1,2,2,1,2,2,8,,62,01,1,04,4,0113,150000,52,2113.9543346,
5438058,1,3,1,60,2,52,2,,,,,,,,,,,10,,,,,,,,,,,,,,,,,,,,,,,,,,,,,,,,,,,,,,,,,,,,,,,6,,,,,3,180000,1,1500000,1,,10,2,,,,,2,1,2,21,1,,7,6,,1,8,,2,,2,,,,1,,,,,,,,,1,2,2,1,2,18,2,,1,52,4,6,,,2,8,1,3,20,2,1,21,2,1,1,1,1,1,2,1,2,2,1,1,2,,2,1,2,2,1,2,2,2,8,,62,01,1,04,4,0113,180000,52,2113.9543346,
5438058,1,4,1,60,2,52,2,,,,,,,,,,,36,,,,,,,,,,,,,,,,,,,,,,,,,,,,,,,,,,,,,,,,,,,,,,,,.,,,,,,,,,.,12,,,,,,,,,18,2,,18,,,3,8,,2,,2,,,,1,,,,,,,,,1,2,2,2,,,,,2,,,,,,,,,11,60,,2,,,,1,1,2,1,2,2,2,2,2,2,2,,2,1,2,2,1,2,2,2,3,,62,01,1,04,6,0141,,52,2113.9543346,
5438059,1,1,1,60,2,52,2,,,,,,,,,,,120,,,,,,,,,,,,,,,,,,,,,,,,,,,,,,,,,,,,,,,,,,,,,,,6,,,,,2,360000,1,4000000,3,,12,2,,,,,1,1,2,21,2,,21,,,1,8,,2,,2,,,,1,,,,,,,,,1,2,2,1,0,120,4,,1,52,16,4,,200000,1,8,3,11,10,,2,,,,1,1,2,1,2,2,2,2,1,1,2,,2,1,1,1,1,2,1,1,8,,62,01,1,04,4,0141,560000,52,1446.1389078,
5438059,1,2,1,60,2,52,1,2,2,12,2,4,EMPRESA PRIVADA OPERADOR MUJER Y GENERO,1,1,2,1,60,,1,,2,454263,2,,,2,,2,,2,,2,,2,,,1,106454,2,1,98,2,2,,,2,,,2,,,1,454283,2,,2,,2,,2,,2,,,.,,,,,,,,,.,12,,,,,,,,,40,,.,40,,,9,2,,1,,1,2,1,6,1,1,,,,,,,,,1,1,1,0,36,4,,2,,,,,,,,1,3,30,,2,,,,2,,,,,,,,,,,,,,1,1,1,2,1,1,3,,54,88,1,04,1,8890,454263,52,1446.1389078,8890
5438060,1,2,1,60,2,52,2,,,,,,,,,,,216,,,,,,,,,,,,,,,,,,,,,,,,,,,,,,,,,,,,,,,,,,,,,,,6,,,,,2,140000,1,1600000,3,,12,1,1,0,0,1,2,3,2,28,2,,28,,,2,8,,2,,2,,,,1,,,,,,,,,1,2,2,1,6,6,4,,2,,,,,,,,3,3,60,,2,,,,2,,,,,,,,,,,,,,1,1,1,2,1,1,3,,62,01,1,04,4,0141,140000,52,1224.3151494,
5438060,1,3,1,60,2,900,2,,,,,,,,,,,240,,,,,,,,,,,,,,,,,,,,,,,,,,,,,,,,,,,,,,,,,,,,,,,6,,,,,3,800000,1,9600000,3,,12,2,,,,,2,3,2,32,2,,32,,,1,8,,2,,2,,,,1,,,,,,,,,1,2,2,1,0,36,6,,2,,,,,,,,13,3,20,,2,,,,2,,,,,,,,,,,,,,1,1,1,2,1,1,3,,62,01,1,04,4,0113,800000,52,1224.3151494,
5438060,1,4,1,60,2,52,2,,,,,,,,,,,12,,,,,,,,,,,,,,,,,,,,,,,,,,,,,,,,,,,,,,,,,,,,,,,,.,,,,,,,,,.,12,,,,,,,,,20,2,,20,,,2,8,,2,,2,,,,1,,,,,,,,,1,2,2,2,,,,,2,,,,,,,,,3,60,,2,,,,2,,,,,,,,,,,,,,1,2,1,2,1,1,3,,62,01,1,04,6,0141,,52,1224.3151494,
5438061,1,1,1,60,2,52,2,,,,,,,,,,,76,,,,,,,,,,,,,,,,,,,,,,,,,,,,,,,,,,,,,,,,,,,,,,,6,,,,,2,200000,1,2000000,3,,12,2,,,,,3,1,2,24,2,,24,,,1,8,,2,,2,,,,1,,,,,,,,,1,2,2,1,0,12,8,,2,,,,,,,,2,11,60,,2,,,,1,1,1,1,2,2,2,2,2,2,2,,2,2,1,2,2,2,2,2,7,,62,01,1,04,4,0141,200000,52,1710.0363506,
5438061,1,2,1,60,2,52,1,2,2,12,2,4,MUJER Y GENERO,1,1,2,1,5,,2,,2,440000,2,,,2,,2,,2,,2,,2,,,2,,,2,,,2,,,2,,,2,,,1,440000,2,,2,,2,,2,,2,,,.,,,,,,,,,.,12,,,,,,,,,24,1,,24,,,9,1,,1,,1,2,1,6,1,1,,,,,,,,,1,1,1,0,24,1,,2,,,,,,,,1,14,,,2,,,,2,,,,,,,,,,,,,,2,2,1,2,2,2,2,,54,88,1,04,1,8890,440000,52,1710.0363506,8890
5438062,1,1,1,60,2,52,2,,,,,,,,,,,300,,,,,,,,,,,,,,,,,,,,,,,,,,,,,,,,,,,,,,,,,,,,,,,6,,,,,3,200000,1,3000000,3,,12,2,,,,,2,10,2,28,1,,28,,,1,8,,2,,2,,,,1,,,,,,,,,1,2,2,2,,,,,1,52,14,4,,300000,2,8,,11,30,,1,16,2,1,1,1,2,1,2,2,2,2,1,1,2,,2,1,1,1,2,2,2,1,8,,62,01,1,04,4,0113,500000,52,2673.5365666,
5438062,1,2,1,60,2,52,2,,,,,,,,,,,72,,,,,,,,,,,,,,,,,,,,,,,,,,,,,,,,,,,,,,,,,,,,,,,,.,,,,,,,,,.,12,,,,,,,,,14,2,,14,,,2,8,,2,,2,,,,1,,,,,,,,,1,2,2,2,,,,,2,,,,,,,,,11,30,,2,,,,2,,,,,,,,,,,,,,1,1,1,2,1,1,8,,62,01,1,04,6,0141,,52,2673.5365666,
5438063,1,1,1,60,2,52,2,,,,,,,,,,,360,,,,,,,,,,,,,,,,,,,,,,,,,,,,,,,,,,,,,,,,,,,,,,,6,,,,,3,240000,1,2880000,3,,12,2,,,,,2,3,2,32,2,,24,6,,1,8,,2,,2,,,,1,,,,,,,,,1,2,2,1,0,12,6,,2,,,,,,,,13,3,60,2,2,,,,2,,,,,,,,,,,,,,1,1,1,2,1,1,3,,62,01,1,04,4,0113,240000,52,2704.5569889,
5438063,1,3,1,60,2,52,2,,,,,,,,,,,48,,,,,,,,,,,,,,,,,,,,,,,,,,,,,,,,,,,,,,,,,,,,,,,6,,,,,3,320000,1,3840000,3,,12,2,,,,,2,3,2,32,2,,24,6,,1,8,,2,,2,,,,1,,,,,,,,,1,2,2,1,0,12,6,,2,,,,,,,,13,3,20,2,2,,,,2,,,,,,,,,,,,,,1,1,1,2,1,1,3,,62,01,1,04,4,0113,320000,52,2704.5569889,
5438064,1,2,1,60,2,52,2,,,,,,,,,,,480,,,,,,,,,,,,,,,,,,,,,,,,,,,,,,,,,,,,,,,,,,,,,,,6,,,,,2,300000,1,4000000,3,,12,1,3,0,3,0,1,3,2,18,2,,30,,,3,8,,2,,2,,,,1,,,,,,,,,1,2,2,1,0,24,4,,2,,,,,,,,10,3,30,,1,10,2,1,2,,,,,,,,,,,,,,1,2,1,1,2,2,8,,62,01,1,04,4,0141,300000,52,1685.486158,
5438064,1,3,1,60,2,52,2,,,,,,,,,,,480,,,,,,,,,,,,,,,,,,,,,,,,,,,,,,,,,,,,,,,,,,,,,,,6,,,,,2,150000,1,1000000,3,,12,1,3,0,3,0,1,3,2,18,2,,24,,,3,8,,2,,2,,,,1,,,,,,,,,1,2,2,1,36,1,7,,2,,,,,,,,10,3,30,,2,,,,2,,,,,,,,,,,,,,1,1,1,1,2,1,8,,62,01,1,04,4,0141,150000,52,1685.486158,
5438064,1,4,1,60,2,52,2,,,,,,,,,,,360,,,,,,,,,,,,,,,,,,,,,,,,,,,,,,,,,,,,,,,,,,,,,,,6,,,,,2,200000,1,2000000,3,,12,1,3,0,3,0,1,3,2,18,2,,18,,,3,8,,2,,2,,,,1,,,,,,,,,1,2,2,1,0,62,6,,2,,,,,,,,11,3,30,,2,,,,2,,,,,,,,,,,,,,2,2,1,2,2,1,8,,62,01,1,04,4,0141,200000,52,1685.486158,
5438064,1,5,1,60,2,52,2,,,,,,,,,,,360,,,,,,,,,,,,,,,,,,,,,,,,,,,,,,,,,,,,,,,,,,,,,,,6,,,,,3,100000,1,2500000,3,,12,2,,,,,2,1,2,36,2,,40,,,1,8,,2,,2,,,,1,,,,,,,,,1,2,2,1,7,120,4,,2,,,,,,,,11,11,20,,1,10,2,1,1,1,1,1,2,2,2,2,1,2,2,,1,2,1,2,1,2,2,1,8,,62,01,1,04,4,0113,100000,52,1685.486158,
5438064,1,6,1,60,2,52,2,,,,,,,,,,,144,,,,,,,,,,,,,,,,,,,,,,,,,,,,,,,,,,,,,,,,,,,,,,,6,,,,,2,250000,1,2500000,3,,12,1,3,0,3,0,1,4,2,18,2,,18,,,3,8,,2,,2,,,,1,,,,,,,,,1,2,2,2,,,,,2,,,,,,,,,3,40,,2,,,,1,1,1,1,2,2,2,2,1,1,2,,2,2,1,2,1,1,2,1,8,,62,01,1,04,4,0141,250000,52,1685.486158,
5438065,1,1,1,60,2,52,2,,,,,,,,,,,300,,,,,,,,,,,,,,,,,,,,,,,,,,,,,,,,,,,,,,,,,,,,,,,6,,,,,3,250000,1,3000000,3,,12,2,,,,,2,1,2,32,2,,32,,,1,8,,2,,2,,,,1,,,,,,,,,1,2,2,2,,,,,2,,,,,,,,,3,45,,2,,,,1,1,2,1,2,2,2,2,1,1,2,,2,1,1,1,1,2,2,1,8,,62,01,1,04,4,0161,250000,52,2222.8068809,
5438065,1,2,1,60,2,52,2,,,,,,,,,,,72,,,,,,,,,,,,,,,,,,,,,,,,,,,,,,,,,,,,,,,,,,,,,,,6,,,,,2,200000,1,2400000,3,,12,2,,,,,2,3,2,14,2,,14,,,1,8,,11,,2,,,,1,,,,,,,,,1,2,2,1,0,120,4,,2,,,,,,,,9,3,60,,2,,,,2,,,,,,,,,,,,,,1,1,1,2,1,1,8,,62,01,1,04,4,0141,200000,52,2222.8068809,
5438066,1,1,1,60,2,52,2,,,,,,,,,,,360,,,,,,,,,,,,,,,,,,,,,,,,,,,,,,,,,,,,,,,,,,,,,,,6,,,,,3,400000,12,4800000,3,,12,2,,,,,2,3,2,32,2,,24,6,,1,8,,2,,2,,,,1,,,,,,,,,1,2,2,1,0,12,6,,2,,,,,,,,13,3,30,2,2,,,,2,,,,,,,,,,,,,,1,1,1,2,1,1,3,,62,01,1,04,4,0161,400000,52,2113.9543346,
5438066,1,2,1,60,2,52,2,,,,,,,,,,,60,,,,,,,,,,,,,,,,,,,,,,,,,,,,,,,,,,,,,,,,,,,,,,,6,,,,,2,200000,1,2400000,3,,12,2,,,,,2,3,2,21,2,,21,,,1,8,,2,,2,,,,1,,,,,,,,,1,2,2,1,6,24,4,,2,,,,,,,,3,3,120,,2,,,,2,,,,,,,,,,,,,,1,1,1,2,1,1,3,,62,01,1,04,4,0141,200000,52,2113.9543346,
5438066,1,3,1,60,2,52,2,,,,,,,,,,,12,,,,,,,,,,,,,,,,,,,,,,,,,,,,,,,,,,,,,,,,,,,,,,,6,,,,,3,400000,1,4800000,3,,12,2,,,,,2,3,2,32,2,,24,6,,1,8,,2,,2,,,,1,,,,,,,,,1,2,2,1,0,12,6,,2,,,,,,,,13,11,120,1,2,,,,2,,,,,,,,,,,,,,1,1,1,2,1,1,3,,62,01,1,04,4,0113,400000,52,2113.9543346,
5438066,1,4,1,60,2,52,2,,,,,,,,,,,12,,,,,,,,,,,,,,,,,,,,,,,,,,,,,,,,,,,,,,,,,,,,,,,6,,,,,3,400000,1,4800000,3,,12,2,,,,,2,3,2,32,2,,24,6,,1,8,,2,,2,,,,1,,,,,,,,,1,2,2,1,0,12,6,,2,,,,,,,,13,3,120,2,2,,,,2,,,,,,,,,,,,,,1,1,1,2,1,1,3,,62,01,1,04,4,0113,400000,52,2113.9543346,
5438068,1,1,1,60,2,52,2,,,,,,,,,,,444,,,,,,,,,,,,,,,,,,,,,,,,,,,,,,,,,,,,,,,,,,,,,,,6,,,,,3,200000,1,3000000,3,,12,2,,,,,2,3,1,32,2,,40,,,1,8,,2,,2,,,,1,,,,,,,,,1,2,2,1,0,48,6,,1,52,7,4,,0,1,8,13,2,60,,2,,,,1,1,1,2,2,2,1,2,1,2,2,,1,2,1,2,2,2,1,2,3,,62,01,1,04,4,0113,200000,52,1944.2896036,
5438068,1,2,1,60,2,52,2,,,,,,,,,,,180,,,,,,,,,,,,,,,,,,,,,,,,,,,,,,,,,,,,,,,,,,,,,,,6,,,,,3,200000,1,2000000,3,,12,2,,,,,2,1,2,32,1,,28,6,,1,8,,2,,2,,,,1,,,,,,,,,1,2,2,2,,,,,2,,,,,,,,,2,60,1,1,10,2,1,2,,,,,,,,,,,,,,1,2,2,2,2,1,3,,62,01,1,04,4,0113,200000,52,1944.2896036,
5438069,1,1,1,60,2,52,2,,,,,,,,,,,240,,,,,,,,,,,,,,,,,,,,,,,,,,,,,,,,,,,,,,,,,,,,,,,7,,2,,,2,600000,1,8000000,3,,12,1,2,2,0,0,3,3,2,40,,.,40,,,2,8,,4,,2,,,,1,,,,,,,,,1,2,2,1,0,120,4,,1,52,28,4,,1500000,2,8,13,11,180,,2,,,,2,,,,,,,,,,,,,,1,1,1,2,2,1,8,,73,02,1,04,5,0220,2100000,52,964.3887998,
5438070,1,1,1,60,2,52,2,,,,,,,,,,,540,,,,,,,,,,,,,,,,,,,,,,,,,,,,,,,,,,,,,,,,,,,,,,,6,,,,,3,250000,1,3000000,3,,12,2,,,,,2,5,2,32,2,,32,,,1,8,,2,,2,,,,1,,,,,,,,,1,2,2,2,,,,,1,52,14,4,,300000,2,8,,3,30,,2,,,,2,,,,,,,,,,,,,,1,1,1,2,1,1,8,,62,01,1,04,4,0113,550000,52,886.98026015,
5438070,1,3,1,60,2,52,2,,,,,,,,,,,60,,,,,,,,,,,,,,,,,,,,,,,,,,,,,,,,,,,,,,,,,,,,,,,,.,,,,,,,,,.,12,,,,,,,,,14,2,,14,,,2,8,,2,,2,,,,1,,,,,,,,,1,2,2,1,84,60,3,,2,,,,,,,,12,3,60,,2,,,,1,1,1,1,2,2,2,2,1,1,2,,2,1,1,1,1,2,1,1,3,,62,01,1,04,6,0141,,52,886.98026015,
5438071,1,1,1,60,2,52,2,,,,,,,,,,,120,,,,,,,,,,,,,,,,,,,,,,,,,,,,,,,,,,,,,,,,,,,,,,,7,,2,,,2,600000,1,7200000,3,,12,2,,,,,2,3,2,28,2,,28,,,1,8,,2,,2,,,,1,,,,,,,,,1,2,2,1,0,120,4,,1,52,21,4,,100000,1,8,3,11,15,,2,,,,2,,,,,,,,,,,,,,1,1,1,1,1,1,3,,62,01,1,04,4,0141,700000,52,2222.8068809,
5438072,1,1,1,60,2,52,2,,,,,,,,,,,580,,,,,,,,,,,,,,,,,,,,,,,,,,,,,,,,,,,,,,,,,,,,,,,7,,2,,,2,110000,1,2000000,3,,12,2,,,,,1,5,2,18,2,,18,,,1,8,,2,,2,,,,1,,,,,,,,,1,2,2,1,0,24,3,,2,,,,,,,,9,3,1,,2,,,,2,,,,,,,,,,,,,,1,1,1,2,1,1,8,,62,01,1,04,4,0141,110000,52,886.98026015,
5438073,1,1,1,60,2,52,2,,,,,,,,,,,540,,,,,,,,,,,,,,,,,,,,,,,,,,,,,,,,,,,,,,,,,,,,,,,6,,,,,3,400000,1,4800000,3,,12,2,,,,,2,3,2,32,2,,32,,,1,8,,2,,2,,,,1,,,,,,,,,1,2,2,1,0,36,6,,1,52,7,4,,300000,2,8,13,11,30,,2,,,,2,,,,,,,,,,,,,,1,1,1,2,1,1,3,,62,01,1,04,4,0161,700000,52,886.98026015,
5438073,1,2,1,60,2,52,2,,,,,,,,,,,12,,,,,,,,,,,,,,,,,,,,,,,,,,,,,,,,,,,,,,,,,,,,,,,,.,,,,,,,,,.,12,,,,,,,,,28,2,,28,,,2,8,,2,,2,,,,1,,,,,,,,,1,2,2,1,96,12,4,,2,,,,,,,,11,3,60,,2,,,,2,,,,,,,,,,,,,,1,2,1,2,1,1,3,,62,01,1,04,6,0141,,52,886.98026015,
5438074,1,3,1,60,2,52,2,,,,,,,,,,,360,,,,,,,,,,,,,,,,,,,,,,,,,,,,,,,,,,,,,,,,,,,,,,,6,,,,,3,200000,1,2000000,3,,12,2,,,,,2,1,2,32,2,,32,,,1,8,,2,,2,,,,1,,,,,,,,,1,2,2,2,,,,,2,,,,,,,,,3,30,,2,,,,2,,,,,,,,,,,,,,1,1,1,2,2,1,8,,62,01,1,04,4,0113,200000,52,886.98026015,
5438074,1,5,1,60,2,52,1,2,2,6,1,,,1,2,2,2,2,,,,,,,,,,,,,,,,,,,,,,,,,,,,,,,,,,,,,,,,,,,,,,,1,,,,,3,908526,1,1800000,4,TEMPORAL,2,2,,,,,1,1,1,40,,.,40,,,9,7,,1,,1,1,2,1,1,1,,,,,,,,,1,2,1,12,14,1,,2,,,,,,,,13,11,20,,2,,,,1,1,2,1,2,1,2,2,2,2,2,,1,1,1,2,1,2,2,1,3,,32,84,1,04,4,8412,908526,52,886.98026015,
5438075,1,1,1,60,2,52,2,,,,,,,,,,,2,,,,,,,,,,,,,,,,,,,,,,,,,,,,,,,,,,,,,,,,,,,,,,,6,,,,,3,400000,1,4800000,3,,12,2,,,,,3,3,2,50,,.,50,,,1,4,,4,,2,,,,1,,,,,,,,,1,2,2,1,0,12,4,,1,52,8,4,,0,1,8,3,14,,,2,,,,2,,,,,,,,,,,,,,1,1,1,2,1,1,3,,98,49,1,04,4,4921,400000,52,1721.8014929,
5438075,1,2,1,60,2,52,1,1,,,1,,,1,2,2,2,0,,1,,2,100000,2,,,2,,2,,2,,2,,2,,,2,,,2,,,2,,,2,,,2,,,2,,2,,2,,2,,2,,2,,,.,,,,,,,,,.,3,,,,,,,,,40,,.,40,,,2,7,,2,,2,,,,1,,,,,,,,,1,2,2,1,0,3,6,,2,,,,,,,,13,11,30,,2,,,,2,,,,,,,,,,,,,,1,1,1,2,1,1,3,,45,47,1,04,1,4721,100000,52,1721.8014929,
5438076,1,1,1,60,2,52,2,,,,,,,,,,,440,,,,,,,,,,,,,,,,,,,,,,,,,,,,,,,,,,,,,,,,,,,,,,,6,,,,,3,240000,1,2500000,3,,12,2,,,,,3,1,2,40,,.,40,,,1,8,,2,,2,,,,1,,,,,,,,,1,2,2,2,,,,,1,52,18,4,,0,2,8,,3,15,,2,,,,2,,,,,,,,,,,,,,1,2,2,2,2,1,8,,62,01,1,04,4,0113,240000,52,1607.8101177,
5438076,1,2,1,60,2,52,2,,,,,,,,,,,7,,,,,,,,,,,,,,,,,,,,,,,,,,,,,,,,,,,,,,,,,,,,,,,6,,,,,3,160000,1,1500000,1,,7,2,,,,,2,1,2,21,1,,18,6,,1,8,,2,,2,,,,1,,,,,,1,,,,2,2,1,9,120,4,,1,52,12,6,,,2,8,9,2,90,2,2,,,,1,1,1,1,2,1,2,2,2,2,2,,2,2,2,1,2,2,2,2,3,,62,01,1,04,4,0113,160000,52,1607.8101177,
5438077,1,1,1,60,2,52,2,,,,,,,,,,,240,,,,,,,,,,,,,,,,,,,,,,,,,,,,,,,,,,,,,,,,,,,,,,,6,,,,,2,300000,1,3600000,3,,12,1,1,0,0,1,3,3,2,48,,.,48,,,2,1,,4,,2,,,,1,,,,,,,,,1,2,2,1,0,120,4,,1,52,16,4,,160000,1,8,13,14,,,2,,,,2,,,,,,,,,,,,,,1,1,1,2,1,1,3,,41,47,1,04,4,4752,460000,52,2239.9743927,
5438077,1,4,1,60,2,52,2,,,,,,,,,,,24,,,,,,,,,,,,,,,,,,,,,,,,,,,,,,,,,,,,,,,,,,,,,,,,.,,,,,,,,,.,12,,,,,,,,,3,2,,3,,,2,1,,2,,2,,,,1,,,,,,,,,1,2,2,2,,,,,2,,,,,,,,,14,,,2,,,,2,,,,,,,,,,,,,,1,2,1,2,1,1,3,,97,47,1,04,6,4752,,52,2239.9743927,
5438078,1,1,1,60,2,52,2,,,,,,,,,,,660,,,,,,,,,,,,,,,,,,,,,,,,,,,,,,,,,,,,,,,,,,,,,,,6,,,,,3,100000,1,400000,3,,12,2,,,,,3,5,2,7,2,,7,,,1,8,,2,,2,,,,1,,,,,,,,,1,2,2,2,,,,,2,,,,,,,,,3,5,,2,,,,2,,,,,,,,,,,,,,1,1,1,2,1,1,3,,62,01,1,04,4,0145,100000,52,886.98026015,
5438220,1,2,1,60,2,73,1,1,,,1,,,1,2,2,2,0,,1,,2,500000,2,,,2,,2,,2,,2,,2,,,2,,,2,,,2,,,2,,,2,,,2,,2,,2,,2,,2,,2,,,.,,,,,,,,,.,12,,,,,,,,,55,,.,30,6,,3,8,,4,,2,,,,1,,,,,,,,,1,2,2,1,0,0,8,,2,,,,,,,,1,11,30,2,2,,,,1,1,2,1,2,1,2,2,1,1,2,,1,1,2,2,2,2,2,1,9,,62,01,1,04,8,0150,500000,73,4270.6492705,
5438221,1,1,1,60,2,73,1,2,1,,1,,,2,1,2,1,48,,2,,2,908600,2,,,2,,2,,2,,2,,2,,,1,106454,2,1,32000,2,2,,,2,,,2,,,1,908600,2,,1,404000,2,,2,,2,,,.,,,,,,,,,.,12,,,,,,,,,48,,.,48,,,9,7,,1,,1,1,1,2,1,1,,,,,,,,,1,1,2,,,,,2,,,,,,,,,11,15,,2,,,,1,1,1,1,2,2,2,1,1,2,2,,2,2,1,1,1,2,1,1,1,,45,92,1,04,1,9200,908600,73,1504.4406101,
5438221,1,2,1,60,2,73,1,2,2,6,1,,,2,1,2,1,52,,2,,2,908600,1,271000,2,2,,2,,2,,2,,2,,,1,106454,2,1,35000,2,2,,,2,,,2,,,1,908600,2,,1,404000,2,,2,,2,,,.,,,,,,,,,.,12,,,,,,,,,48,,.,48,,,4,7,,1,,1,1,1,8,1,1,,,,,,,,,1,1,1,1,28,1,,2,,,,,,,,1,11,20,,1,4,2,1,1,1,1,1,2,1,2,2,1,2,2,,2,1,1,1,1,2,2,1,3,,58,80,1,04,1,8010,908600,73,1504.4406101,
5438221,1,5,1,60,2,73,2,,,,,,,,,,,420,,,,,,,,,,,,,,,,,,,,,,,,,,,,,,,,,,,,,,,,,,,,,,,6,,,,,2,80000,1,950000,3,,12,2,,,,,3,10,1,48,,.,48,,,1,1,,3,,2,,,,1,,,,,,1,,,,2,2,2,,,,,2,,,,,,,,,14,,,2,,,,2,,,,,,,,,,,,,,1,2,1,2,1,1,3,,77,56,1,04,4,5619,80000,73,1504.4406101,
5438221,1,6,1,60,2,73,2,,,,,,,,,,,52,,,,,,,,,,,,,,,,,,,,,,,,,,,,,,,,,,,,,,,,,,,,,,,7,,2,,,2,,1,98,3,,12,2,,,,,3,1,2,48,,.,48,,,1,1,,2,,2,,,,1,,,,,,1,,,,2,2,1,1,12,8,,2,,,,,,,,3,14,,,2,,,,2,,,,,,,,,,,,,,1,2,1,2,1,1,3,,83,25,1,04,4,2511,,73,1504.4406101,
5438222,1,1,1,60,2,73,2,,,,,,,,,,,240,,,,,,,,,,,,,,,,,,,,,,,,,,,,,,,,,,,,,,,,,,,,,,,7,,1,1,2020,2,2000000,1,20000000,3,,12,2,,,,,3,1,1,52,,.,52,,,1,7,,1,,2,,,,1,,,,,,,,,1,2,2,1,12,78,1,,2,,,,,,,,2,13,5,,2,,,,2,,,,,,,,,,,,,,1,1,1,2,1,1,8,,84,95,1,04,4,9529,2000000,73,2028.552737,
5438224,1,2,1,60,2,73,2,,,,,,,,,,,48,,,,,,,,,,,,,,,,,,,,,,,,,,,,,,,,,,,,,,,,,,,,,,,7,,2,,,2,10000,1,150000,3,,12,2,,,,,3,3,2,48,,.,48,,,1,1,,2,,2,,,,1,,,,,,,,,1,2,2,1,24,36,1,,2,,,,,,,,9,14,,,1,2,2,2,2,,,,,,,,,,,,,,1,2,1,2,2,1,9,,41,47,1,04,4,4724,10000,73,1750.8722704,
5438225,1,1,1,60,2,73,2,,,,,,,,,,,12,,,,,,,,,,,,,,,,,,,,,,,,,,,,,,,,,,,,,,,,,,,,,,,7,,2,,,2,300000,1,1500000,3,,12,2,,,,,3,1,2,55,,.,55,,,1,8,,2,,2,,,,1,,,,,,,,,1,2,2,1,0,0,8,,2,,,,,,,,1,3,3,,2,,,,2,,,,,,,,,,,,,,1,2,1,2,1,1,9,,61,01,1,04,4,0121,300000,73,3737.4685831,
5438226,1,1,1,60,2,73,1,1,,,1,,,2,2,2,2,120,,1,,2,,2,,,2,,2,,2,,2,,2,,,2,,,2,,,2,,,2,,,2,,,2,,2,,2,,2,,2,,2,,,.,,,,,,,,,.,12,,,,,,,,,36,1,,36,,,4,8,,2,,2,,,,1,,,,,,,,,1,2,2,2,,,,,2,,,,,,,,,13,30,,1,8,2,1,2,,,,,,,,,,,,,,1,2,2,2,2,1,3,,62,01,1,04,1,0112,,73,5108.3783275,
5438228,1,1,1,60,2,73,2,,,,,,,,,,,168,,,,,,,,,,,,,,,,,,,,,,,,,,,,,,,,,,,,,,,,,,,,,,,7,,2,,,2,2000000,1,98,3,,12,1,3,3,0,0,3,3,2,40,,.,0,1,,3,8,,2,,2,,,,1,,,1,,,,,,,2,2,1,0,0,8,,2,,,,,,,,1,3,2,2,2,,,,2,,,,,,,,,,,,,,1,1,1,2,1,1,2,,61,01,1,04,5,0121,2000000,73,1899.574036,
5438228,1,6,1,60,2,73,2,,,,,,,,,,,94,,,,,,,,,,,,,,,,,,,,,,,,,,,,,,,,,,,,,,,,,,,,,,,7,,2,,,2,800000,1,98,3,,12,2,,,,,3,3,2,40,,.,40,,,1,8,,4,,2,,,,1,,,,,,,,,1,2,2,1,0,0,8,,2,,,,,,,,10,11,3,,2,,,,2,,,,,,,,,,,,,,1,1,1,2,1,1,3,,61,01,1,04,4,0121,800000,73,1899.574036,
5438229,1,1,1,60,2,73,1,1,,,1,,,2,2,2,2,140,,2,,2,400000,2,,,2,,2,,2,,2,,2,,,2,,,2,,,2,,,2,,,2,,,2,,2,,2,,2,,2,,2,,,.,,,,,,,,,.,12,,,,,,,,,15,1,,3,6,,2,8,,2,,2,,,,1,,,,,,,,,1,2,2,1,0,1,8,,2,,,,,,,,1,3,5,1,1,23,2,1,1,1,1,1,2,1,2,2,2,2,2,,1,1,2,2,2,2,2,1,8,,62,01,1,04,1,0121,400000,73,5570.5917498,
5438230,1,2,1,60,2,73,2,,,,,,,,,,,144,,,,,,,,,,,,,,,,,,,,,,,,,,,,,,,,,,,,,,,,,,,,,,,7,,1,2,,2,500000,1,6000000,3,,12,1,1,0,0,1,3,3,2,48,,.,48,,,2,8,,2,,2,,,,1,,,,,,,,,1,2,2,1,0,12,1,,2,,,,,,,,3,3,1,,2,,,,2,,,,,,,,,,,,,,1,1,1,2,1,1,6,,61,01,1,04,4,0130,500000,73,1392.6479375,
5438232,1,1,1,60,2,73,2,,,,,,,,,,,180,,,,,,,,,,,,,,,,,,,,,,,,,,,,,,,,,,,,,,,,,,,,,,,7,,2,,,2,200000,1,98,3,,12,2,,,,,3,3,2,44,,.,44,,,1,8,,4,,2,,,,1,,,,,,,,,1,2,2,1,0,0,8,,2,,,,,,,,2,11,15,,2,,,,2,,,,,,,,,,,,,,1,1,1,2,1,1,5,,61,01,1,04,4,0130,200000,73,2641.4947587,
5438233,1,1,1,60,2,73,1,1,,,1,,,2,2,2,2,2,,2,,2,,2,,,2,,2,,2,,2,,2,,,2,,,2,,,2,,,2,,,2,,,2,,2,,2,,2,,2,,2,,,.,,,,,,,,,.,10,,,,,,,,,48,,.,48,,,3,8,,2,,2,,,,1,,,,,,,,,1,2,2,1,0,1,8,,2,,,,,,,,1,11,10,,2,,,,2,,,,,,,,,,,,,,1,2,1,2,1,1,3,,62,01,1,04,8,0112,,73,1777.2204273,
5438233,1,2,1,60,2,73,1,1,,,1,,,2,2,2,2,110,,2,,2,100000,2,,,2,,2,,2,,2,,2,,,2,,,2,,,2,,,2,,,2,,,2,,2,,2,,2,,2,,2,,,.,,,,,,,,,.,12,,,,,,,,,12,1,,12,,,5,7,,2,,2,,,,1,,,,,,,,,1,2,2,1,6,48,4,,2,,,,,,,,8,11,15,,1,24,1,1,2,,,,,,,,,,,,,,1,2,2,2,1,1,3,,55,61,1,04,1,6110,100000,73,1777.2204273,
5438234,1,1,1,60,2,25,1,2,1,,1,,,1,1,1,1,24,,2,,2,908600,2,,,2,,2,,2,,2,,2,,,1,106454,2,2,,,2,,,2,,,2,,,1,908600,2,,1,404000,2,,2,,2,,,.,,,,,,,,,.,12,,,,,,,,,52,,.,52,,,6,7,,1,,1,2,1,14,1,1,,,,,,,,,1,1,1,0,84,1,,2,,,,,,,,1,11,50,,2,,,,2,,,,,,,,,,,,,,1,1,1,2,1,1,1,,58,36,1,04,1,3600,908600,73,4686.8967446,
5438235,1,3,1,60,2,73,1,1,,,1,,,2,2,2,2,3,,1,,2,160000,2,,,2,,2,,2,,2,,2,,,2,,,2,,,2,,,2,,,2,,,2,,2,,2,,2,,2,,2,,,.,,,,,,,,,.,3,,,,,,,,,40,,.,40,,,2,8,,3,,2,,,,1,,,,,,,,,1,2,2,2,,,,,2,,,,,,,,,3,5,,1,8,2,1,1,1,1,1,2,1,2,2,2,2,2,,2,1,2,2,2,2,2,1,3,,97,01,1,04,8,0130,160000,73,3160.96719,
5438237,1,1,1,60,2,73,2,,,,,,,,,,,120,,,,,,,,,,,,,,,,,,,,,,,,,,,,,,,,,,,,,,,,,,,,,,,7,,2,,,2,300000,1,1800000,3,,12,2,,,,,2,3,2,20,2,,20,,,1,8,,2,,2,,,,1,,,,,,,,,1,2,2,1,0,0,8,,2,,,,,,,,10,3,1,,2,,,,2,,,,,,,,,,,,,,1,2,1,2,1,1,8,,61,01,1,04,4,0121,300000,73,1787.5939152,
5438239,1,1,1,60,2,73,2,,,,,,,,,,,240,,,,,,,,,,,,,,,,,,,,,,,,,,,,,,,,,,,,,,,,,,,,,,,7,,2,,,2,100000,1,500000,3,,12,2,,,,,3,5,2,20,2,,20,,,1,6,,2,,2,,,,1,,,,,,,,,1,2,2,2,,,,,2,,,,,,,,,11,10,,2,,,,2,,,,,,,,,,,,,,1,2,1,2,1,1,3,,45,47,1,04,4,4781,100000,73,1392.6479375,
5438239,1,2,1,60,2,73,2,,,,,,,,,,,60,,,,,,,,,,,,,,,,,,,,,,,,,,,,,,,,,,,,,,,,,,,,,,,7,,2,,,2,0,1,500000,3,,12,2,,,,,2,10,2,20,2,,8,6,,1,8,,2,,2,,,,1,,,,,,,,,1,2,2,1,0,120,4,,2,,,,,,,,2,3,1,2,2,,,,1,1,2,1,2,2,2,2,2,2,2,,1,1,1,2,1,2,1,1,5,,61,01,1,04,4,0121,0,73,1392.6479375,
5438243,1,1,1,60,2,73,1,2,1,,1,,,1,1,1,1,4,,2,,2,1100000,2,,,2,,2,,2,,2,,2,,,1,106000,2,1,62000,2,2,,,2,,,2,,,2,,1,60000,2,,2,,2,,2,,,.,,,,,,,,,.,5,,,,,,,,,60,,.,60,,,7,7,,1,,1,1,1,12,1,1,,,,,,,,,1,1,1,11,18,1,,2,,,,,,,,3,11,10,,2,,,,1,1,2,1,1,2,2,2,2,2,2,,2,1,1,2,2,2,1,2,9,,58,46,1,04,1,4632,1100000,73,3737.4685831,
5438243,1,2,1,60,2,73,1,2,2,12,1,,,1,2,2,2,1,,,,,,,,,,,,,,,,,,,,,,,,,,,,,,,,,,,,,,,,,,,,,,,1,,,,,2,1500000,1,1500000,3,,9,2,,,,,1,1,2,50,,.,50,,,9,7,,1,,1,1,2,5,1,1,,,,,,,,,1,2,1,3,7,4,,2,,,,,,,,1,11,10,,2,,,,1,1,1,1,1,2,2,2,1,2,2,,1,1,2,2,2,2,1,2,3,,59,88,1,04,4,8890,1500000,73,3737.4685831,
5438244,1,3,1,60,2,73,1,2,2,6,1,,,1,1,2,1,48,,1,,2,908600,2,,,2,,2,,2,,9,,2,,,1,106454,2,2,,,2,,,2,,,2,,,1,908600,2,,2,,2,,2,,2,,,.,,,,,,,,,.,12,,,,,,,,,48,,.,48,,,9,7,,1,,2,,,,1,,,,,,,,,1,1,1,1,3,190,8,,2,,,,,,,,8,11,20,,2,,,,2,,,,,,,,,,,,,,1,1,1,2,1,1,1,,35,52,1,04,1,5221,908600,73,1643.792799,
5438248,1,2,1,60,2,73,1,1,,,1,,,1,2,2,2,1,,2,,2,600000,2,,,2,,2,,2,,2,,2,,,2,,,2,,,2,,,2,,,2,,,1,400000,1,400000,2,,2,,2,,2,,,.,,,,,,,,,.,12,,,,,,,,,65,,.,65,,,3,7,,4,,2,,,,1,,,,,,,,,1,2,2,1,0,24,1,,2,,,,,,,,3,11,15,,2,,,,2,,,,,,,,,,,,,,1,1,1,2,1,1,6,,45,47,1,04,1,4761,600000,73,2172.3538532,
5438250,1,1,1,60,2,73,2,,,,,,,,,,,230,,,,,,,,,,,,,,,,,,,,,,,,,,,,,,,,,,,,,,,,,,,,,,,7,,2,,,2,0,1,98,3,,12,2,,,,,2,10,1,30,1,,0,6,,1,8,,3,,2,,,,1,,,,,,,,,1,2,2,1,6,340,1,,2,,,,,,,,5,14,,1,2,,,,1,1,1,1,2,1,2,2,2,2,2,,2,1,2,2,2,2,2,2,3,,61,01,1,04,4,0121,0,73,2971.9702817,
5438250,1,4,1,60,2,73,1,2,2,3,1,,,1,2,2,2,24,,1,,2,908600,2,,,2,,2,,2,,2,,2,,,2,,,2,,,2,,,2,,,2,,,2,,2,,2,,2,,2,,2,,,.,,,,,,,,,.,10,,,,,,,,,48,,.,48,,,4,8,,4,,2,,,,1,,,,,,,,,1,2,2,2,,,,,2,,,,,,,,,11,10,,2,,,,2,,,,,,,,,,,,,,1,2,1,2,1,1,8,,62,01,1,04,1,0112,908600,73,2971.9702817,
5438251,1,1,1,60,2,73,1,2,1,,1,,,1,1,2,1,240,,1,,2,908600,2,,,2,,1,200000,2,,2,,2,,,2,,,2,,,2,,,2,,,2,,,1,908600,2,,1,404000,2,,2,,2,,,.,,,,,,,,,.,12,,,,,,,,,48,,.,48,,,3,8,,1,,1,2,3,22,1,1,,,,,,,,,1,2,1,0,12,1,,2,,,,,,,,8,3,3,,2,,,,2,,,,,,,,,,,,,,1,1,1,2,1,1,1,,62,01,1,04,1,0121,1108600,73,2641.4947587,
5438252,1,3,1,60,2,73,2,,,,,,,,,,,84,,,,,,,,,,,,,,,,,,,,,,,,,,,,,,,,,,,,,,,,,,,,,,,7,,2,,,2,500000,1,2000000,3,,12,2,,,,,2,10,2,14,2,,14,,,1,8,,2,,2,,,,1,,,,,,,,,1,2,2,1,24,3,8,,2,,,,,,,,1,3,10,,2,,,,1,1,2,1,2,2,2,2,2,2,2,,2,1,2,2,1,2,1,1,5,,61,01,1,04,4,0121,500000,73,1392.6479375,
5438253,1,1,1,60,2,73,1,1,,,1,,,2,2,2,2,0,,1,,2,200000,2,,,2,,2,,2,,2,,2,,,2,,,2,,,2,,,2,,,2,,,2,,2,,2,,2,,2,,2,,,.,,,,,,,,,.,12,,,,,,,,,20,1,,20,,,2,8,,7,,2,,,,1,,,,,,,,,1,2,2,1,1,24,8,,2,,,,,,,,1,9,60,,1,20,2,1,1,1,1,1,2,1,2,2,1,2,2,,2,1,2,2,2,1,2,1,8,,62,01,1,04,8,0121,200000,73,1643.792799,
5438253,1,3,1,60,2,73,1,1,,,1,,,2,2,2,2,2,,1,,2,30000,2,,,2,,2,,2,,2,,2,,,2,,,2,,,2,,,2,,,2,,,2,,2,,2,,2,,2,,2,,,.,,,,,,,,,.,6,,,,,,,,,20,1,,5,6,,5,8,,2,,2,,,,1,,,,,,,,,1,2,2,1,1,2,8,,2,,,,,,,,1,13,20,2,1,20,2,1,1,1,1,1,2,1,2,2,1,2,2,,2,1,2,2,2,2,2,1,3,,62,01,1,04,8,0112,30000,73,1643.792799,
5438255,1,1,1,60,2,73,1,1,,,1,,,1,2,2,2,0,,1,,2,50000,2,,,2,,2,,2,,2,,2,,,2,,,2,,,2,,,2,,,2,,,2,,2,,2,,2,,2,,2,,,.,,,,,,,,,.,12,,,,,,,,,10,2,,10,,,3,8,,2,,2,,,,1,,,,,,,,,1,2,2,1,0,0,8,,2,,,,,,,,1,3,2,,2,,,,2,,,,,,,,,,,,,,2,2,1,2,2,1,3,,62,01,1,04,8,0121,50000,73,1643.792799,
5438255,1,2,1,60,2,73,1,1,,,1,,,1,2,2,2,40,,1,,2,40000,2,,,2,,2,,2,,2,,2,,,2,,,2,,,2,,,2,,,2,,,2,,2,,2,,2,,2,,2,,,.,,,,,,,,,.,12,,,,,,,,,10,2,,2,6,,3,8,,4,,2,,,,1,,,,,,,,,1,2,2,1,0,0,8,,2,,,,,,,,1,3,2,2,2,,,,2,,,,,,,,,,,,,,1,2,1,2,1,1,3,,62,01,1,04,8,0121,40000,73,1643.792799,
5438255,1,3,1,60,2,73,1,1,,,1,,,1,2,2,2,0,,1,,2,50000,2,,,2,,2,,2,,2,,2,,,2,,,2,,,2,,,2,,,2,,,2,,2,,2,,2,,2,,2,,,.,,,,,,,,,.,12,,,,,,,,,30,1,,30,,,2,8,,2,,2,,,,1,,,,,,,,,1,2,2,1,0,0,8,,2,,,,,,,,1,11,10,,1,20,1,1,1,1,2,1,2,1,2,2,2,2,2,,1,1,2,2,2,2,2,1,8,,62,01,1,04,8,0150,50000,73,1643.792799,
5438256,1,1,1,60,2,73,1,1,,,1,,,1,2,2,2,1,,1,,2,300000,2,,,2,,2,,2,,2,,2,,,2,,,2,,,2,,,2,,,2,,,2,,2,,2,,2,,2,,2,,,.,,,,,,,,,.,12,,,,,,,,,48,,.,48,,,5,8,,2,,2,,,,1,,,,,,,,,1,2,2,1,1,4,8,,2,,,,,,,,1,11,20,,2,,,,1,1,1,1,2,1,2,2,1,2,2,,2,1,2,2,1,2,2,1,8,,62,01,1,04,8,0112,300000,73,1523.9027208,
5438256,1,2,1,60,2,73,1,1,,,1,,,2,2,2,2,2,,1,,2,90000,2,,,2,,2,,2,,2,,2,,,2,,,2,,,2,,,2,,,2,,,2,,2,,2,,2,,2,,2,,,.,,,,,,,,,.,2,,,,,,,,,25,2,,25,,,2,8,,2,,2,,,,1,,,,,,,,,1,2,2,1,10,2,1,,2,,,,,,,,7,11,5,,2,,,,1,1,1,1,2,1,2,2,2,2,2,,1,1,2,2,2,2,2,1,8,,62,01,1,04,8,0121,90000,73,1523.9027208,
5438258,1,1,1,60,2,73,2,,,,,,,,,,,120,,,,,,,,,,,,,,,,,,,,,,,,,,,,,,,,,,,,,,,,,,,,,,,7,,2,,,2,250000,1,98,3,,12,2,,,,,2,1,2,42,,.,30,6,,1,8,,2,,2,,,,1,,,,,,,,,1,2,2,1,0,0,8,,2,,,,,,,,10,13,40,2,2,,,,2,,,,,,,,,,,,,,1,2,1,2,1,1,5,,61,01,1,04,4,0121,250000,73,3846.7041571,
5438258,1,4,1,60,2,73,1,1,,,1,,,1,2,2,2,0,,1,,2,400000,2,,,2,,2,,2,,2,,2,,,2,,,2,,,2,,,2,,,2,,,2,,2,,2,,2,,2,,2,,,.,,,,,,,,,.,6,,,,,,,,,20,2,,20,,,4,8,,2,,2,,,,1,,,,,,,,,1,2,2,1,0,0,8,,2,,,,,,,,1,11,40,,2,,,,2,,,,,,,,,,,,,,1,1,1,2,2,1,3,,62,01,1,04,8,0111,400000,73,3846.7041571,
5438259,1,1,1,60,2,73,1,1,,,1,,,2,2,2,2,12,,1,,2,120000,2,,,2,,2,,2,,2,,2,,,2,,,2,,,2,,,2,,,2,,,2,,2,,2,,2,,2,,2,,,.,,,,,,,,,.,12,,,,,,,,,15,1,,35,,,2,8,,2,,2,,,,1,,,,,,,,,1,2,2,1,4,18,1,,1,73,5,4,,50000,1,5,2,13,20,,1,25,2,1,1,1,1,1,2,1,2,2,1,2,2,,2,1,2,2,2,2,2,1,2,,62,01,1,04,8,0121,170000,73,1392.6479375,
5438260,1,1,1,60,2,73,1,1,,,1,,,1,2,2,2,12,,1,,2,,2,,,2,,2,,2,,2,,2,,,2,,,2,,,2,,,2,,,2,,,2,,2,,2,,2,,2,,2,,,.,,,,,,,,,.,10,,,,,,,,,24,1,,24,,,4,8,,2,,2,,,,1,,,,,,,,,1,2,2,1,4,124,1,,2,,,,,,,,5,11,30,,1,14,2,1,2,,,,,,,,,,,,,,1,2,1,2,1,1,3,,62,01,1,04,8,0112,,73,1643.792799,
5438261,1,1,1,60,2,73,2,,,,,,,,,,,120,,,,,,,,,,,,,,,,,,,,,,,,,,,,,,,,,,,,,,,,,,,,,,,7,,2,,,2,300000,1,1500000,3,,12,2,,,,,2,5,2,30,2,,30,,,1,8,,3,,2,,,,1,,,,,,,,,1,2,2,1,0,1,4,,2,,,,,,,,1,3,5,,2,,,,2,,,,,,,,,,,,,,1,2,1,2,1,1,3,,61,01,1,04,4,0121,300000,73,2004.1899769,
5438263,1,1,1,60,2,73,1,1,,,1,,,1,2,2,2,0,,1,,2,100000,2,,,2,,2,,2,,2,,2,,,2,,,2,,,2,,,2,,,2,,,2,,2,,2,,2,,2,,2,,,.,,,,,,,,,.,12,,,,,,,,,12,2,,12,,,3,8,,2,,2,,,,1,,,,,,,,,1,2,2,1,0,0,8,,1,73,0,4,,80000,1,8,1,3,1,,2,,,,2,,,,,,,,,,,,,,1,1,1,2,1,1,5,,62,01,1,04,8,0121,180000,73,3846.7041571,
5438263,1,2,1,60,2,73,1,1,,,1,,,1,2,2,2,0,,1,,2,100000,2,,,2,,2,,2,,2,,2,,,2,,,2,,,2,,,2,,,2,,,2,,2,,2,,2,,2,,2,,,.,,,,,,,,,.,1,,,,,,,,,10,2,,10,,,2,8,,2,,2,,,,1,,,,,,,,,1,2,2,1,36,0,8,,2,,,,,,,,1,13,30,,2,,,,2,,,,,,,,,,,,,,1,1,1,2,1,1,3,,62,01,1,04,8,0121,100000,73,3846.7041571,
5438263,1,3,1,60,2,73,1,1,,,1,,,1,2,2,2,0,,1,,2,120000,2,,,2,,2,,2,,2,,2,,,2,,,2,,,2,,,2,,,2,,,2,,2,,2,,2,,2,,2,,,.,,,,,,,,,.,12,,,,,,,,,45,,.,4,6,,2,8,,2,,2,,,,1,,,,,,,,,1,2,2,1,0,0,8,,2,,,,,,,,1,11,5,2,2,,,,1,1,2,1,2,1,2,2,1,1,2,,2,1,2,2,2,2,2,1,9,,62,01,1,04,8,0121,120000,73,3846.7041571,
5438263,1,4,1,60,2,73,1,1,,,1,,,1,2,2,2,0,,1,,2,50000,2,,,2,,2,,2,,2,,2,,,2,,,2,,,2,,,2,,,2,,,2,,2,,2,,2,,2,,2,,,.,,,,,,,,,.,12,,,,,,,,,10,1,,4,6,,3,8,,5,,,,,,1,,,,,,,,,1,2,2,1,0,0,8,,2,,,,,,,,1,3,2,2,1,20,1,1,1,1,2,1,2,1,2,2,2,2,2,,2,1,2,1,1,2,2,1,3,,62,01,1,04,8,0121,50000,73,3846.7041571,
5438264,1,2,1,60,2,73,2,,,,,,,,,,,152,,,,,,,,,,,,,,,,,,,,,,,,,,,,,,,,,,,,,,,,,,,,,,,7,,2,,,2,250000,1,3000000,3,,12,1,2,2,0,0,2,10,1,7,2,,7,,,2,8,,2,,2,,,,1,,,,,,,,,1,2,2,2,,,,,2,,,,,,,,,3,3,,2,,,,2,,,,,,,,,,,,,,1,2,1,2,1,1,3,,61,01,1,04,5,0121,250000,73,3846.7041571,
5438265,1,1,1,60,2,73,1,2,2,3,1,,,1,1,2,1,36,,2,,2,908526,2,,,2,,2,,2,,2,,2,,,1,106454,2,1,33237,2,2,,,2,,,2,,,1,900000,2,,1,450000,2,,2,,2,,,.,,,,,,,,,.,12,,,,,,,,,60,,.,30,1,,9,9,,1,,1,1,1,5,1,1,,,,,,,,,1,1,1,0,8,1,,2,,,,,,,,1,11,10,2,2,,,,2,,,,,,,,,,,,,,1,1,1,2,1,1,1,,95,42,1,04,1,4210,908526,73,969.15853924,
5438267,1,1,1,60,2,73,1,1,,,1,,,2,2,2,2,0,,1,,2,800000,2,,,2,,2,,2,,2,,2,,,2,,,2,,,2,,,2,,,2,,,2,,2,,2,,2,,2,,2,,,.,,,,,,,,,.,10,,,,,,,,,64,,.,24,6,,2,8,,11,,2,,,,1,,,,,,,,,1,2,2,1,0,1,8,,2,,,,,,,,7,3,20,2,2,,,,1,1,2,1,2,2,2,2,2,2,2,,1,1,2,2,2,2,2,1,3,,62,01,1,04,8,0122,800000,73,2376.9231087,
5438269,1,1,1,60,2,73,2,,,,,,,,,,,36,,,,,,,,,,,,,,,,,,,,,,,,,,,,,,,,,,,,,,,,,,,,,,,7,,2,,,2,200000,1,2000000,3,,12,1,1,0,0,1,3,3,2,60,,.,60,,,2,7,,2,,2,,,,1,,,1,,,,,,,2,2,2,,,,,2,,,,,,,,,3,2,,2,,,,2,,,,,,,,,,,,,,1,1,1,2,1,1,2,,41,47,1,04,4,4711,200000,73,1045.4051995,
5438269,1,2,1,60,2,73,2,,,,,,,,,,,36,,,,,,,,,,,,,,,,,,,,,,,,,,,,,,,,,,,,,,,,,,,,,,,,.,,,,,,,,,.,12,,,,,,,,,20,2,,20,,,2,7,,2,,2,,,,1,,,1,,,,,,,2,2,2,,,,,2,,,,,,,,,3,2,,2,,,,2,,,,,,,,,,,,,,1,1,1,2,1,1,2,,45,47,1,04,6,4711,,73,1045.4051995,
5438269,1,3,1,60,2,73,2,,,,,,,,,,,4,,,,,,,,,,,,,,,,,,,,,,,,,,,,,,,,,,,,,,,,,,,,,,,7,,2,,,2,0,1,0,3,,10,2,,,,,3,1,1,60,,.,60,,,1,8,,2,,2,,,,1,,,1,,,,,,,2,2,1,2,18,1,,2,,,,,,,,3,3,30,,2,,,,2,,,,,,,,,,,,,,1,1,1,2,1,1,2,,61,01,1,04,4,0122,0,73,1045.4051995,
5438270,1,1,1,60,2,73,2,,,,,,,,,,,240,,,,,,,,,,,,,,,,,,,,,,,,,,,,,,,,,,,,,,,,,,,,,,,7,,2,,,2,900000,1,10000000,3,,12,1,2,2,0,0,3,3,2,40,,.,40,,,2,8,,1,,3,,,,,.,,,,,,,,,2,2,1,0,120,2,,2,,,,,,,,1,3,5,,2,,,,2,,,,,,,,,,,,,,1,2,1,2,1,1,10,PENSION,61,01,1,04,5,0122,900000,73,1687.7750038,
5438271,1,1,1,60,2,73,2,,,,,,,,,,,300,,,,,,,,,,,,,,,,,,,,,,,,,,,,,,,,,,,,,,,,,,,,,,,7,,2,,,2,350000,1,3600000,3,,12,1,2,2,0,0,2,9,2,14,2,,14,,,3,8,,3,,2,,,,1,,,1,,,,,,,2,2,2,,,,,2,,,,,,,,,3,5,,2,,,,2,,,,,,,,,,,,,,1,1,2,1,1,1,2,,61,01,1,04,5,0123,350000,73,1220.4520953,
5438273,1,1,1,60,2,73,1,1,,,1,,,2,2,2,2,0,,1,,2,400000,2,,,1,200000,1,200000,2,,2,,2,,,2,,,2,,,2,,,2,,,2,,,2,,2,,2,,2,,2,,2,,,.,,,,,,,,,.,12,,,,,,,,,60,,.,60,,,1,8,,2,,2,,,,1,,,1,,,,,,,2,2,1,0,1,8,,2,,,,,,,,3,3,5,,2,,,,1,1,1,1,2,2,2,2,2,2,2,,2,1,1,2,1,2,1,1,3,,58,97,1,04,3,9700,800000,73,1687.7750038,
5438274,1,1,1,60,2,73,2,,,,,,,,,,,180,,,,,,,,,,,,,,,,,,,,,,,,,,,,,,,,,,,,,,,,,,,,,,,7,,2,,,2,800000,1,9600000,3,,12,1,1,0,0,1,2,3,2,60,,.,60,,,2,8,,2,,2,,,,1,,,,,,,,,1,2,2,1,0,2,1,,2,,,,,,,,3,3,10,,2,,,,2,,,,,,,,,,,,,,1,2,1,2,1,1,3,,61,01,1,04,4,0122,800000,73,2010.2847135,
5438274,1,3,1,60,2,73,2,,,,,,,,,,,6,,,,,,,,,,,,,,,,,,,,,,,,,,,,,,,,,,,,,,,,,,,,,,,,.,,,,,,,,,.,6,,,,,,,,,24,2,,24,,,2,8,,2,,2,,,,1,,,,,,,,,1,2,2,2,,,,,2,,,,,,,,,3,5,,2,,,,2,,,,,,,,,,,,,,1,2,1,2,1,1,3,,62,01,1,04,6,0122,,73,2010.2847135,
5438276,1,1,1,60,2,73,2,,,,,,,,,,,252,,,,,,,,,,,,,,,,,,,,,,,,,,,,,,,,,,,,,,,,,,,,,,,7,,2,,,2,800000,1,9000000,3,,12,1,1,1,0,0,2,9,2,40,,.,40,,,2,8,,2,,2,,,,1,,,1,,,,,,,2,2,2,,,,,2,,,,,,,,,3,5,,2,,,,2,,,,,,,,,,,,,,1,1,1,2,2,1,2,,61,01,1,04,5,0123,800000,73,1136.858596,
5438276,1,2,1,60,2,73,1,1,,,1,,,1,2,2,2,240,,1,,2,900000,2,,,2,,2,,2,,2,,2,,,2,,,2,,,2,,,2,,,2,,,2,,2,,2,,2,,2,,2,,,.,,,,,,,,,.,12,,,,,,,,,50,,.,50,,,2,8,,2,,2,,,,1,,,1,,,,,,,2,2,2,,,,,2,,,,,,,,,3,5,,2,,,,2,,,,,,,,,,,,,,1,1,1,2,2,1,2,,62,01,1,04,1,0123,900000,73,1136.858596,
5438278,1,1,1,60,2,73,2,,,,,,,,,,,120,,,,,,,,,,,,,,,,,,,,,,,,,,,,,,,,,,,,,,,,,,,,,,,7,,2,,,2,1000000,1,10000000,3,,12,2,,,,,2,3,2,45,,.,45,,,1,8,,2,,2,,,,1,,,1,,,,,,,2,2,1,1,60,8,,2,,,,,,,,10,3,5,,2,,,,2,,,,,,,,,,,,,,1,1,1,1,1,1,2,,61,01,1,04,4,0123,1000000,73,1291.3641696,
5438335,1,2,1,60,2,73,2,,,,,,,,,,,240,,,,,,,,,,,,,,,,,,,,,,,,,,,,,,,,,,,,,,,,,,,,,,,7,,2,,,2,300000,1,3600000,3,,12,1,1,0,0,1,2,3,2,54,,.,54,,,2,8,,2,,2,,,,1,,,,,,,,,1,2,2,1,1,2,8,,2,,,,,,,,3,11,15,,2,,,,1,1,1,1,2,2,2,2,2,2,2,,1,1,1,2,1,2,2,1,9,,61,01,1,04,4,0111,300000,73,1446.6636164,
5438335,1,3,1,60,2,73,2,,,,,,,,,,,6,,,,,,,,,,,,,,,,,,,,,,,,,,,,,,,,,,,,,,,,,,,,,,,,.,,,,,,,,,.,12,,,,,,,,,54,,.,36,6,,2,8,,2,,2,,,,1,,,,,,,,,1,2,2,1,0,6,1,,2,,,,,,,,3,11,15,2,2,,,,1,1,1,1,2,1,2,2,2,2,2,,1,1,1,2,1,2,1,1,3,,62,01,1,04,6,0111,,73,1446.6636164,
5438336,1,1,1,60,2,73,1,1,,,1,,,2,2,2,2,0,,1,,2,200000,2,,,2,,2,,2,,2,,2,,,2,,,2,,,2,,,2,,,2,,,2,,2,,2,,2,,2,,2,,,.,,,,,,,,,.,12,,,,,,,,,20,1,,20,,,2,8,,2,,2,,,,1,,,,,,,,,1,2,2,1,0,0,8,,2,,,,,,,,1,3,45,,1,28,1,1,1,1,2,1,2,1,2,2,2,2,2,,1,1,2,2,2,2,2,1,8,,62,01,1,04,8,0111,200000,73,1856.9280925,
5438337,1,1,1,60,2,73,2,,,,,,,,,,,240,,,,,,,,,,,,,,,,,,,,,,,,,,,,,,,,,,,,,,,,,,,,,,,7,,2,,,2,0,1,0,3,,12,1,1,0,0,1,2,9,2,48,,.,48,,,2,8,,2,,2,,,,1,,,,,,,,,1,2,2,1,0,1,8,,2,,,,,,,,8,11,30,,2,,,,1,1,2,1,2,2,2,2,2,2,2,,2,2,2,2,1,2,2,1,2,,61,01,1,04,4,0111,0,73,1696.7736239,
5438337,1,3,1,60,2,73,2,,,,,,,,,,,1,,,,,,,,,,,,,,,,,,,,,,,,,,,,,,,,,,,,,,,,,,,,,,,,.,,,,,,,,,.,12,,,,,,,,,12,1,,30,,,2,8,,2,,2,,,,1,,,,,,,,,1,2,2,1,0,60,1,,2,,,,,,,,1,11,30,,1,30,1,1,1,1,2,1,2,2,2,2,2,2,2,,1,1,2,2,2,2,2,1,8,,62,01,1,04,6,0111,,73,1696.7736239,
5438339,1,1,1,60,2,73,1,1,,,1,,,2,2,2,2,0,,1,,2,30000,2,,,2,,2,,2,,2,,2,,,2,,,2,,,2,,,2,,,2,,,2,,2,,2,,2,,2,,2,,,.,,,,,,,,,.,12,,,,,,,,,6,1,,6,,,3,8,,2,,2,,,,1,,,,,,,,,1,2,2,1,0,0,8,,2,,,,,,,,1,3,15,,2,,,,2,,,,,,,,,,,,,,2,2,2,2,2,2,8,,62,01,1,04,8,0115,30000,73,1993.4684836,
5438340,1,1,1,60,2,73,1,1,,,1,,,2,2,2,2,24,,1,,2,400000,2,,,2,,2,,2,,2,,2,,,2,,,2,,,2,,,2,,,2,,,2,,2,,2,,2,,2,,2,,,.,,,,,,,,,.,12,,,,,,,,,40,,.,40,,,2,8,,2,,2,,,,1,,,,,,,,,1,2,2,1,0,2,8,,2,,,,,,,,1,11,20,,2,,,,1,1,2,1,2,2,2,2,1,1,2,,2,2,2,2,2,2,2,1,8,,62,01,1,04,8,0111,400000,73,1446.6636164,
5438342,1,1,1,60,2,73,2,,,,,,,,,,,240,,,,,,,,,,,,,,,,,,,,,,,,,,,,,,,,,,,,,,,,,,,,,,,7,,2,,,2,400000,1,4000000,3,,12,1,1,0,0,1,2,3,2,54,,.,54,,,2,8,,2,,2,,,,1,,,,,,,,,1,2,2,1,0,1,8,,2,,,,,,,,3,3,20,,2,,,,2,,,,,,,,,,,,,,1,2,1,2,1,1,3,,61,01,1,04,4,0111,400000,73,1844.0898522,
5438342,1,2,1,60,2,73,2,,,,,,,,,,,120,,,,,,,,,,,,,,,,,,,,,,,,,,,,,,,,,,,,,,,,,,,,,,,,.,,,,,,,,,.,12,,,,,,,,,24,2,,24,,,2,8,,2,,2,,,,1,,,,,,,,,1,2,2,2,,,,,2,,,,,,,,,3,20,,2,,,,2,,,,,,,,,,,,,,1,2,1,2,1,1,3,,62,01,1,04,6,0111,,73,1844.0898522,
5438343,1,1,1,60,2,73,2,,,,,,,,,,,72,,,,,,,,,,,,,,,,,,,,,,,,,,,,,,,,,,,,,,,,,,,,,,,7,,2,,,2,0,1,1000000,3,,12,2,,,,,3,3,2,30,2,,30,,,1,8,,1,,3,,,,,.,,,,,,,,,2,2,1,0,240,1,,2,,,,,,,,1,13,10,,2,,,,2,,,,,,,,,,,,,,2,2,1,2,2,2,8,,61,01,1,04,4,0141,0,73,2756.7868417,
5438344,1,2,1,60,2,73,2,,,,,,,,,,,24,,,,,,,,,,,,,,,,,,,,,,,,,,,,,,,,,,,,,,,,,,,,,,,7,,2,,,2,400000,1,4800000,3,,12,2,,,,,2,3,2,40,,.,40,,,1,8,,5,,2,,,,1,,,,,,,,,1,2,2,1,0,1,8,,2,,,,,,,,3,3,30,,2,,,,1,1,1,1,2,2,2,2,2,2,2,,2,1,1,2,1,2,2,1,3,,61,01,1,04,4,0122,400000,73,3420.1098442,
5438345,1,1,1,60,2,73,2,,,,,,,,,,,360,,,,,,,,,,,,,,,,,,,,,,,,,,,,,,,,,,,,,,,,,,,,,,,7,,2,,,2,300000,1,2000000,3,,12,2,,,,,2,3,2,54,,.,54,,,1,8,,2,,2,,,,1,,,,,,,,,1,2,2,1,0,2,8,,1,73,18,8,,120000,2,8,3,3,5,,2,,,,2,,,,,,,,,,,,,,1,2,1,2,2,1,3,,61,01,1,04,4,0111,420000,73,1856.9280925,
5438346,1,1,1,60,2,73,2,,,,,,,,,,,360,,,,,,,,,,,,,,,,,,,,,,,,,,,,,,,,,,,,,,,,,,,,,,,7,,2,,,2,50000,1,360000,3,,12,2,,,,,3,3,2,28,2,,28,,,1,8,,2,,2,,,,1,,,1,,,,,,,2,2,1,0,15,8,,2,,,,,,,,1,3,5,,2,,,,2,,,,,,,,,,,,,,2,2,2,2,2,2,2,,61,01,1,04,4,0144,50000,73,1856.9280925,
5438347,1,1,1,60,2,73,2,,,,,,,,,,,240,,,,,,,,,,,,,,,,,,,,,,,,,,,,,,,,,,,,,,,,,,,,,,,7,,2,,,2,240000,1,2400000,3,,12,1,1,0,0,1,2,3,2,64,,.,64,,,2,8,,5,,1,2,2,4,1,1,,,,,,,,,2,2,1,0,2,8,,2,,,,,,,,3,3,10,,2,,,,2,,,,,,,,,,,,,,1,2,1,2,1,1,3,,61,01,1,04,4,0111,240000,73,1446.6636164,
5438347,1,2,1,60,2,73,2,,,,,,,,,,,120,,,,,,,,,,,,,,,,,,,,,,,,,,,,,,,,,,,,,,,,,,,,,,,,.,,,,,,,,,.,12,,,,,,,,,54,,.,24,6,,2,8,,1,,2,,,,1,,,,,,,,,1,2,2,1,0,24,4,,2,,,,,,,,3,3,5,2,2,,,,1,1,1,1,2,2,2,2,1,2,2,,2,1,1,2,1,2,1,1,3,,62,01,1,04,6,0111,,73,1446.6636164,
5438348,1,2,1,60,2,73,1,1,,,1,,,2,2,2,2,96,,1,,2,200000,2,,,2,,2,,2,,2,,2,,,2,,,2,,,2,,,2,,,2,,,2,,2,,2,,2,,2,,2,,,.,,,,,,,,,.,12,,,,,,,,,12,1,,12,,,2,8,,2,,2,,,,1,,,,,,,,,1,2,2,1,0,1,8,,2,,,,,,,,1,3,20,,2,,,,2,,,,,,,,,,,,,,2,2,2,2,2,2,8,,62,01,1,04,1,0141,200000,73,1446.6636164,
5438352,1,1,1,60,2,73,2,,,,,,,,,,,60,,,,,,,,,,,,,,,,,,,,,,,,,,,,,,,,,,,,,,,,,,,,,,,7,,2,,,2,300000,1,2000000,3,,12,2,,,,,2,3,2,60,,.,30,6,,1,8,,2,,2,,,,1,,,,,,,,,1,2,2,1,0,12,1,,2,,,,,,,,3,3,20,2,2,,,,2,,,,,,,,,,,,,,1,2,1,2,2,1,5,,61,01,1,04,4,0111,300000,73,5786.6544656,
5438352,1,2,1,60,2,73,1,1,,,1,,,2,2,2,2,1,,1,,2,200000,2,,,2,,2,,2,,2,,2,,,2,,,2,,,2,,,2,,,2,,,2,,2,,2,,2,,2,,2,,,.,,,,,,,,,.,12,,,,,,,,,24,2,,5,6,,3,8,,2,,2,,,,1,,,,,,,,,1,2,2,1,0,1,8,,2,,,,,,,,3,3,5,2,2,,,,1,1,1,1,2,2,2,2,2,2,2,,1,1,1,2,1,2,2,1,3,,62,01,1,04,8,0141,200000,73,5786.6544656,
5438353,1,2,1,60,2,73,2,,,,,,,,,,,36,,,,,,,,,,,,,,,,,,,,,,,,,,,,,,,,,,,,,,,,,,,,,,,7,,2,,,2,0,1,1300000,3,,12,2,,,,,3,1,2,40,,.,40,,,1,8,,2,,2,,,,1,,,,,,,,,1,2,2,1,0,18,1,,2,,,,,,,,8,3,5,,2,,,,1,1,2,1,2,2,2,2,2,2,2,,2,2,2,1,1,2,2,2,8,,61,01,1,04,4,0122,0,73,1545.3325895,
5438353,1,3,1,60,2,73,1,1,,,1,,,2,2,2,2,180,,1,,2,400000,2,,,2,,2,,2,,2,,2,,,2,,,2,,,2,,,2,,,2,,,2,,2,,2,,2,,2,,2,,,.,,,,,,,,,.,12,,,,,,,,,48,,.,48,,,2,8,,2,,2,,,,1,,,,,,,,,1,2,2,1,0,2,8,,2,,,,,,,,8,3,40,,2,,,,2,,,,,,,,,,,,,,2,2,2,2,2,1,8,,62,01,1,04,1,0111,400000,73,1545.3325895,
5438353,1,4,1,60,2,73,1,1,,,1,,,1,2,2,2,36,,1,,2,600000,2,,,2,,2,,2,,2,,2,,,2,,,2,,,2,,,2,,,2,,,2,,2,,2,,2,,2,,2,,,.,,,,,,,,,.,12,,,,,,,,,48,,.,48,,,2,8,,2,,2,,,,1,,,,,,,,,1,2,2,1,1,48,1,,2,,,,,,,,1,3,15,,2,,,,2,,,,,,,,,,,,,,2,2,2,2,2,1,8,,58,94,1,04,1,9499,600000,73,1545.3325895,
5438354,1,1,1,60,2,73,1,1,,,1,,,2,2,2,2,1,,1,,2,450000,2,,,1,200000,2,,2,,2,,2,,,2,,,2,,,2,,,2,,,2,,,2,,2,,2,,2,,2,,2,,,.,,,,,,,,,.,12,,,,,,,,,54,,.,54,,,3,8,,2,,2,,,,1,,,,,,,,,1,2,2,1,0,12,4,,2,,,,,,,,2,3,20,,2,,,,1,1,1,1,2,2,2,2,2,2,2,,2,1,2,2,2,2,2,1,8,,62,01,1,04,8,0141,650000,73,2756.7868417,
5438356,1,1,1,60,2,73,1,1,,,1,,,2,2,2,2,5,,1,,2,300000,2,,,2,,2,,2,,2,,2,,,2,,,2,,,2,,,2,,,2,,,2,,2,,2,,2,,2,,2,,,.,,,,,,,,,.,12,,,,,,,,,30,2,,30,,,2,8,,2,,2,,,,1,,,,,,,,,1,2,2,1,0,2,8,,2,,,,,,,,1,3,35,,2,,,,1,1,2,1,2,2,2,2,2,2,2,,1,1,2,2,1,2,2,2,8,,62,01,1,04,1,0143,300000,73,2756.7868417,
5438357,1,1,1,60,2,73,1,1,,,1,,,2,2,2,2,0,,1,,2,400000,2,,,2,,2,,2,,2,,2,,,2,,,2,,,2,,,2,,,2,,,2,,2,,2,,2,,2,,2,,,.,,,,,,,,,.,12,,,,,,,,,54,,.,28,6,,2,8,,2,,2,,,,1,,,,,,,,,1,2,2,1,0,1,8,,2,,,,,,,,3,3,20,1,2,,,,2,,,,,,,,,,,,,,1,2,1,2,2,1,8,,62,01,1,04,8,0111,400000,73,3095.5482011,
5438358,1,1,1,60,2,73,1,1,,,1,,,1,2,2,2,0,,1,,2,150000,2,,,2,,2,,2,,2,,2,,,2,,,2,,,2,,,2,,,2,,,2,,2,,2,,2,,2,,2,,,.,,,,,,,,,.,12,,,,,,,,,48,,.,48,,,2,7,,2,,2,,,,1,,,,,,,,,1,2,2,1,0,0,8,,2,,,,,,,,1,11,10,,2,,,,2,,,,,,,,,,,,,,2,2,2,2,2,1,8,,77,10,1,04,1,1081,150000,73,4874.1213097,
5438359,1,1,1,60,2,73,1,1,,,1,,,2,2,2,2,1,,1,,2,500000,2,,,2,,2,,2,,2,,2,,,2,,,2,,,2,,,2,,,2,,,2,,2,,2,,2,,2,,2,,,.,,,,,,,,,.,12,,,,,,,,,60,,.,50,6,,2,8,,2,,2,,,,1,,,,,,,,,1,2,2,1,0,1,8,,2,,,,,,,,3,3,20,2,2,,,,2,,,,,,,,,,,,,,1,2,1,2,2,1,3,,62,01,1,04,8,0141,500000,73,1583.0092889,
5438361,1,1,1,60,2,73,2,,,,,,,,,,,180,,,,,,,,,,,,,,,,,,,,,,,,,,,,,,,,,,,,,,,,,,,,,,,7,,2,,,2,600000,1,3000000,3,,12,2,,,,,2,3,2,60,,.,60,,,1,8,,2,,2,,,,1,,,,,,,,,1,2,2,1,0,5,8,,2,,,,,,,,3,10,30,,2,,,,2,,,,,,,,,,,,,,1,2,1,2,1,1,3,,61,01,1,04,4,0141,600000,73,1694.7112208,
5438361,1,3,1,60,2,73,1,1,,,1,,,2,2,2,2,1,,1,,2,500000,2,,,2,,2,,2,,2,,2,,,2,,,2,,,2,,,2,,,2,,,2,,2,,2,,2,,2,,2,,,.,,,,,,,,,.,12,,,,,,,,,54,,.,30,6,,2,8,,2,,2,,,,1,,,,,,,,,1,2,2,1,0,1,8,,2,,,,,,,,3,10,20,1,2,,,,1,1,1,1,2,2,2,2,2,2,2,,1,1,1,2,1,2,2,1,3,,62,01,1,04,8,0141,500000,73,1694.7112208,
5438362,1,1,1,60,2,73,1,1,,,1,,,1,2,2,2,0,,1,,2,250000,2,,,2,,2,,2,,2,,2,,,2,,,2,,,2,,,2,,,2,,,2,,2,,2,,2,,2,,2,,,.,,,,,,,,,.,12,,,,,,,,,48,,.,48,,,2,8,,2,,2,,,,1,,,,,,,,,1,2,2,1,0,0,8,,2,,,,,,,,1,11,30,,2,,,,2,,,,,,,,,,,,,,2,2,2,2,2,2,8,,62,01,1,04,8,0141,250000,73,4231.4717277,
5438362,1,3,1,60,2,73,1,1,,,1,,,2,2,2,2,4,,1,,2,300000,2,,,2,,2,,2,,2,,2,,,2,,,2,,,2,,,2,,,2,,,2,,2,,2,,2,,2,,2,,,.,,,,,,,,,.,12,,,,,,,,,40,,.,40,,,2,7,,2,,2,,,,1,,,,,,,,,1,2,2,1,0,8,3,,2,,,,,,,,8,3,15,,2,,,,2,,,,,,,,,,,,,,1,1,1,2,1,1,3,,45,47,1,04,1,4723,300000,73,4231.4717277,
5438366,1,1,1,60,2,73,2,,,,,,,,,,,240,,,,,,,,,,,,,,,,,,,,,,,,,,,,,,,,,,,,,,,,,,,,,,,7,,2,,,2,150000,1,2000000,3,,12,2,,,,,3,3,2,48,,.,48,,,1,8,,2,,2,,,,1,,,,,,,,,1,2,2,1,0,2,8,,2,,,,,,,,1,3,13,,2,,,,2,,,,,,,,,,,,,,2,2,1,2,1,1,9,,61,01,1,04,4,0111,150000,73,1446.6636164,
5438369,1,1,1,60,2,73,1,1,,,1,,,2,2,2,2,1,,1,,2,400000,2,,,2,,2,,2,,2,,2,,,2,,,2,,,2,,,2,,,2,,,2,,2,,2,,2,,2,,2,,,.,,,,,,,,,.,12,,,,,,,,,54,,.,54,,,2,8,,2,,2,,,,1,,,,,,,,,1,2,2,1,0,1,8,,2,,,,,,,,3,3,20,,2,,,,2,,,,,,,,,,,,,,1,2,1,2,2,1,3,,62,01,1,04,8,0141,400000,73,1583.0092889,
5438369,1,2,1,60,2,73,2,,,,,,,,,,,1,,,,,,,,,,,,,,,,,,,,,,,,,,,,,,,,,,,,,,,,,,,,,,,7,,2,,,2,100000,1,480000,3,,8,2,,,,,3,3,2,24,2,,24,,,1,1,,2,,2,,,,1,,,,,,,,,1,2,2,1,3,5,1,,2,,,,,,,,3,14,,,2,,,,2,,,,,,,,,,,,,,1,2,1,2,1,1,3,,53,56,1,04,4,5619,100000,73,1583.0092889,
5438371,1,1,1,60,2,73,2,,,,,,,,,,,180,,,,,,,,,,,,,,,,,,,,,,,,,,,,,,,,,,,,,,,,,,,,,,,7,,2,,,2,150000,1,2500000,3,,12,2,,,,,2,3,2,40,,.,40,,,1,8,,2,,2,,,,1,,,,,,,,,1,2,2,1,0,1,8,,2,,,,,,,,3,3,20,,2,,,,2,,,,,,,,,,,,,,1,2,1,2,1,1,3,,61,01,1,04,4,0141,150000,73,1856.9280925,
5438372,1,1,1,60,2,73,2,,,,,,,,,,,60,,,,,,,,,,,,,,,,,,,,,,,,,,,,,,,,,,,,,,,,,,,,,,,7,,2,,,2,50000,1,1200000,3,,12,2,,,,,2,3,2,40,,.,40,,,1,8,,2,,2,,,,1,,,,,,,,,1,2,2,1,0,16,1,,2,,,,,,,,1,3,15,,2,,,,2,,,,,,,,,,,,,,1,1,1,2,1,1,9,,61,01,1,04,4,0111,50000,73,2286.5406365,
5438372,1,2,1,60,2,73,1,1,,,1,,,2,2,2,2,12,,1,,2,350000,2,,,1,100000,2,,2,,2,,2,,,2,,,2,,,2,,,2,,,2,,,2,,2,,2,,2,,2,,2,,,.,,,,,,,,,.,12,,,,,,,,,48,,.,48,,,1,2,,2,,2,,,,1,,,,,,,,,1,2,2,2,,,,,2,,,,,,,,,12,25,,2,,,,2,,,,,,,,,,,,,,1,1,1,2,1,1,8,,54,97,1,04,3,9700,450000,73,2286.5406365,
5438374,1,1,1,60,2,73,1,1,,,1,,,1,2,2,2,1,,1,,2,400000,2,,,2,,2,,2,,2,,2,,,2,,,2,,,2,,,2,,,2,,,2,,2,,2,,2,,2,,2,,,.,,,,,,,,,.,12,,,,,,,,,45,,.,45,,,3,8,,2,,2,,,,1,,,,,,,,,1,2,2,1,0,2,8,,2,,,,,,,,8,3,16,,2,,,,2,,,,,,,,,,,,,,1,1,1,2,1,1,5,,62,01,1,04,1,0141,400000,73,3283.5694532,
5438375,1,1,1,60,2,73,2,,,,,,,,,,,240,,,,,,,,,,,,,,,,,,,,,,,,,,,,,,,,,,,,,,,,,,,,,,,7,,2,,,2,100000,1,1000000,3,,12,1,1,0,0,1,2,1,2,25,2,,25,,,2,8,,2,,2,,,,1,,,,,,,,,1,2,2,1,1,2,8,,2,,,,,,,,1,3,30,,2,,,,2,,,,,,,,,,,,,,1,1,1,2,1,1,8,,61,01,1,04,4,0111,100000,73,5786.6544656,
5438375,1,3,1,60,2,73,2,,,,,,,,,,,14,,,,,,,,,,,,,,,,,,,,,,,,,,,,,,,,,,,,,,,,,,,,,,,,.,,,,,,,,,.,12,,,,,,,,,25,1,,25,,,2,8,,2,,2,,,,1,,,,,,,,,1,2,2,1,1,1,8,,2,,,,,,,,1,3,30,,1,20,1,1,1,1,2,1,2,2,2,2,2,2,2,,2,1,2,2,2,2,2,1,3,,62,01,1,04,6,0111,,73,5786.6544656,
5438378,1,1,1,60,2,73,1,1,,,1,,,2,2,2,2,1,,1,,2,350000,2,,,2,,2,,2,,2,,2,,,2,,,2,,,2,,,2,,,2,,,2,,2,,2,,2,,2,,2,,,.,,,,,,,,,.,12,,,,,,,,,54,,.,54,,,3,8,,2,,2,,,,1,,,,,,,,,1,2,2,1,0,1,8,,2,,,,,,,,3,3,20,,2,,,,1,1,1,1,2,2,2,2,2,2,2,,1,1,1,2,1,2,2,1,3,,62,01,1,04,8,0141,350000,73,2743.9486014,
5438379,1,2,1,60,2,73,2,,,,,,,,,,,0,,,,,,,,,,,,,,,,,,,,,,,,,,,,,,,,,,,,,,,,,,,,,,,7,,2,,,2,0,1,0,3,,12,2,,,,,3,3,2,60,,.,60,,,1,1,,2,,2,,,,1,,,,,,,,,1,2,2,1,0,36,1,,2,,,,,,,,1,14,,,2,,,,2,,,,,,,,,,,,,,2,2,1,2,1,1,8,,41,47,1,04,4,4711,0,73,1856.9280925,
5438380,1,1,1,60,2,73,2,,,,,,,,,,,120,,,,,,,,,,,,,,,,,,,,,,,,,,,,,,,,,,,,,,,,,,,,,,,7,,2,,,2,300000,1,3600000,3,,12,2,,,,,2,3,2,60,,.,60,,,1,8,,2,,2,,,,1,,,,,,,,,1,2,2,1,0,12,1,,2,,,,,,,,3,3,20,,2,,,,2,,,,,,,,,,,,,,1,2,1,2,1,1,3,,62,01,1,04,4,0122,300000,73,2743.9486014,
5438386,1,2,1,60,2,73,1,1,,,1,,,1,2,2,2,0,,1,,2,30000,2,,,2,,2,,2,,2,,2,,,2,,,2,,,2,,,2,,,2,,,2,,2,,2,,2,,2,,2,,,.,,,,,,,,,.,12,,,,,,,,,40,,.,3,6,,2,8,,2,,2,,,,1,,,,,,,,,1,2,2,1,0,0,8,,2,,,,,,,,1,3,45,2,2,,,,1,1,2,1,2,2,2,2,1,2,2,,1,1,2,2,2,2,2,1,9,,62,01,1,04,8,0112,30000,73,1446.6636164,
5438387,1,1,1,60,2,73,2,,,,,,,,,,,240,,,,,,,,,,,,,,,,,,,,,,,,,,,,,,,,,,,,,,,,,,,,,,,6,,,,,2,600000,1,8000000,3,,12,2,,,,,3,3,2,60,,.,60,,,1,4,,2,,2,,,,1,,,,,,,,,1,2,2,2,,,,,2,,,,,,,,,3,3,,2,,,,2,,,,,,,,,,,,,,1,1,1,2,1,1,2,,98,49,1,04,4,4921,600000,73,5597.2313227,
5438422,1,1,1,60,2,13,2,,,,,,,,,,,48,,,,,,,,,,,,,,,,,,,,,,,,,,,,,,,,,,,,,,,,,,,,,,,6,,,,,3,200000,1,1800000,3,,9,1,1,0,0,1,3,1,1,12,2,,12,,,2,1,,2,,2,,,,1,,,,,,1,,,,2,2,1,0,120,4,,1,13,2,6,,,2,1,2,14,,,2,,,,2,,,,,,,,,,,,,,1,2,1,2,2,1,3,,53,56,1,04,4,5611,200000,13,1136.1741053,
5438422,1,2,1,60,2,13,2,,,,,,,,,,,5,,,,,,,,,,,,,,,,,,,,,,,,,,,,,,,,,,,,,,,,,,,,,,,6,,,,,3,300000,1,1000000,3,,5,1,1,0,0,1,3,1,1,56,,.,56,,,2,1,,2,,2,,,,1,,,,,,,,,1,2,2,1,14,24,1,,1,13,10,6,,,2,1,1,14,,,2,,,,1,1,1,1,1,2,2,2,2,2,2,,1,1,1,2,2,2,1,1,3,,41,47,1,04,4,4711,300000,13,1136.1741053,
5438424,1,1,1,60,2,13,2,,,,,,,,,,,2,,,,,,,,,,,,,,,,,,,,,,,,,,,,,,,,,,,,,,,,,,,,,,,6,,,,,3,120000,1,300000,1,,2,2,,,,,2,1,2,10,2,,10,,,1,1,,2,,2,,,,1,,,,,,,,,1,2,2,2,,,,,2,,,,,,,,,14,,,2,,,,1,1,1,1,2,1,2,2,2,2,2,,2,1,1,2,2,2,2,1,8,,77,10,1,04,4,1081,120000,13,2673.2976162,
5438424,1,2,1,60,2,13,2,,,,,,,,,,,65,,,,,,,,,,,,,,,,,,,,,,,,,,,,,,,,,,,,,,,,,,,,,,,6,,,,,3,600000,1,8000000,3,,12,2,,,,,2,1,1,40,,.,30,6,,1,4,,2,,2,,,,1,,,,,,,,,1,2,2,1,1,24,1,,2,,,,,,,,3,3,10,1,2,,,,2,,,,,,,,,,,,,,1,2,2,2,2,1,8,,98,49,1,04,4,4923,600000,13,2673.2976162,
5438425,1,1,1,60,2,13,1,1,,,1,,,1,2,2,2,96,,1,,2,1000000,2,,,2,,2,,1,300000,2,,2,,,2,,,2,,,2,,,2,,,1,100000,2,2,,2,,2,,2,,2,,2,,,.,,,,,,,,,.,9,,,,,,,,,40,,.,40,,,4,4,,10,,2,,,,1,,,,,,,,,1,2,2,1,0,84,4,,2,,,,,,,,3,7,20,,2,,,,2,,,,,,,,,,,,,,1,2,1,2,1,1,3,,33,64,1,04,1,6499,1000000,13,2659.916256,
5438426,1,2,1,60,2,13,2,,,,,,,,,,,240,,,,,,,,,,,,,,,,,,,,,,,,,,,,,,,,,,,,,,,,,,,,,,,7,,2,,,2,200000,1,2000000,3,,12,1,2,0,0,2,2,1,1,48,,.,48,,,2,8,,2,,2,,,,1,,,,,,,,,1,2,2,2,,,,,1,13,0,4,,200000,1,8,,3,30,,2,,,,2,,,,,,,,,,,,,,1,2,1,2,1,1,3,,61,01,1,04,4,0113,400000,13,2796.800505,
5438426,1,3,1,60,2,13,2,,,,,,,,,,,24,,,,,,,,,,,,,,,,,,,,,,,,,,,,,,,,,,,,,,,,,,,,,,,,.,,,,,,,,,.,12,,,,,,,,,14,2,,14,,,2,8,,2,,2,,,,1,,,,,,,,,1,2,2,2,,,,,2,,,,,,,,,3,30,,2,,,,2,,,,,,,,,,,,,,1,2,1,2,1,1,3,,62,01,1,04,6,0113,,13,2796.800505,
5438426,1,5,1,60,2,13,2,,,,,,,,,,,4,,,,,,,,,,,,,,,,,,,,,,,,,,,,,,,,,,,,,,,,,,,,,,,,.,,,,,,,,,.,4,,,,,,,,,10,2,,10,,,2,8,,2,,2,,,,1,,,,,,,,,1,2,2,2,,,,,2,,,,,,,,,3,40,,2,,,,2,,,,,,,,,,,,,,1,2,1,2,1,1,3,,62,01,1,04,6,0113,,13,2796.800505,
5438429,1,1,1,60,2,13,2,,,,,,,,,,,186,,,,,,,,,,,,,,,,,,,,,,,,,,,,,,,,,,,,,,,,,,,,,,,6,,,,,3,250000,1,3200000,3,,12,1,1,0,0,1,3,5,1,35,2,,35,,,2,1,,2,,2,,,,1,,,,,,,,,1,2,2,1,0,68,4,,2,,,,,,,,2,14,,,2,,,,2,,,,,,,,,,,,,,1,2,2,2,2,1,8,,77,10,1,04,4,1089,250000,13,1846.7792916,
5438429,1,2,1,60,2,13,2,,,,,,,,,,,18,,,,,,,,,,,,,,,,,,,,,,,,,,,,,,,,,,,,,,,,,,,,,,,6,,,,,3,80000,1,1000000,3,,12,2,,,,,3,1,2,20,2,,20,,,1,1,,2,,2,,,,1,,,,,,,1,ESTUDIAR,,2,2,2,,,,,1,13,14,6,,,2,1,,14,,,1,25,1,1,1,1,1,1,2,1,2,2,2,2,2,,1,1,1,2,2,2,2,1,8,,34,82,1,04,4,8219,80000,13,1846.7792916,
5438454,1,1,1,60,2,13,2,,,,,,,,,,,4,,,,,,,,,,,,,,,,,,,,,,,,,,,,,,,,,,,,,,,,,,,,,,,6,,,,,3,0,1,60000,3,,12,2,,,,,3,3,2,8,2,,8,,,1,1,,2,,2,,,,1,,,,,,,,,1,2,2,1,0,12,4,,2,,,,,,,,2,14,,,2,,,,2,,,,,,,,,,,,,,1,2,1,2,2,1,3,,61,01,1,04,4,0145,0,13,2007.2601366,
5438454,1,2,1,60,2,13,1,1,,,1,,,1,1,2,2,4,,1,,2,600000,2,,,1,250000,1,150000,2,,2,,2,,,2,,,2,,,2,,,2,,,2,,,2,,2,,2,,2,,2,,2,,,.,,,,,,,,,.,12,,,,,,,,,40,,.,40,,,1,8,,2,,2,,,,1,,,,,,,,,1,2,2,1,0,12,6,,2,,,,,,,,8,3,5,,2,,,,2,,,,,,,,,,,,,,1,1,1,2,1,1,3,,62,97,1,04,3,9700,1000000,13,2007.2601366,
5438455,1,1,1,60,2,13,1,1,,,1,,,1,1,2,2,7,,1,,2,350000,2,,,1,200000,1,50000,2,,2,,2,,,2,,,2,,,2,,,2,,,2,,,2,,2,,2,,2,,2,,2,,,.,,,,,,,,,.,10,,,,,,,,,40,,.,40,,,2,8,,2,,2,,,,1,,,,,,,,,1,2,2,1,2,14,1,,1,13,3,4,,200000,1,8,3,3,5,,2,,,,2,,,,,,,,,,,,,,1,1,1,2,1,1,3,,62,01,1,04,1,0141,800000,13,3433.8999456,
5438456,1,1,1,60,2,13,1,1,,,1,,,1,2,2,2,56,,1,,2,450000,2,,,1,200000,1,20000,2,,2,,2,,,2,,,2,,,2,,,2,,,2,,,2,,2,,2,,1,400000,2,,2,,,.,,,,,,,,,.,12,,,,,,,,,60,,.,60,,,2,8,,2,,2,,,,1,,,1,,,,,,,2,2,1,0,356,4,,2,,,,,,,,3,14,,,2,,,,2,,,,,,,,,,,,,,1,1,1,2,2,1,3,,62,01,1,04,8,0141,670000,13,1454.5508317,
5438457,1,1,1,60,2,13,1,1,,,1,,,1,1,2,2,7,,1,,2,600000,2,,,1,120000,1,200000,2,,2,,2,,,2,,,2,,,2,,,2,,,2,,,1,300000,2,,2,,2,,2,,2,,,.,,,,,,,,,.,12,,,,,,,,,42,,.,42,,,2,8,,2,,2,,,,1,,,,,,,,,1,2,2,1,0,17,1,,2,,,,,,,,2,3,5,,2,,,,2,,,,,,,,,,,,,,1,1,1,2,1,1,3,,60,01,1,04,1,0141,920000,13,2112.060632,
5438457,1,3,1,60,2,13,2,,,,,,,,,,,7,,,,,,,,,,,,,,,,,,,,,,,,,,,,,,,,,,,,,,,,,,,,,,,,.,,,,,,,,,.,7,,,,,,,,,14,2,,14,,,2,8,,2,,2,,,,1,,,,,,,,,1,2,2,1,18,12,4,,2,,,,,,,,2,3,5,,2,,,,1,1,2,1,2,2,2,2,2,2,2,,1,1,1,2,1,2,1,1,3,,62,01,1,04,7,0141,,13,2112.060632,
5438457,1,5,1,60,2,13,1,1,,,1,,,1,1,2,2,3,,1,,2,500000,2,,,1,80000,1,200000,2,,2,,2,,,2,,,2,,,2,,,2,,,2,,,2,,2,,2,,2,,2,,2,,,.,,,,,,,,,.,9,,,,,,,,,40,,.,40,,,2,8,,10,,2,,,,1,,,,,,,,,1,2,2,1,3,14,1,,2,,,,,,,,2,3,5,,2,,,,2,,,,,,,,,,,,,,1,1,1,2,1,1,3,,62,01,1,04,1,0141,780000,13,2112.060632,
5438458,1,1,1,60,2,13,1,1,,,1,,,1,2,2,2,84,,1,,2,700000,2,,,1,150000,1,150000,2,,2,,2,,,2,,,2,,,2,,,2,,,2,,,2,,2,,2,,2,,2,,2,,,.,,,,,,,,,.,12,,,,,,,,,44,,.,44,,,3,8,,2,,2,,,,1,,,,,,,,,1,2,2,1,0,84,1,,2,,,,,,,,8,3,5,,2,,,,2,,,,,,,,,,,,,,1,1,1,2,1,1,3,,62,01,1,04,1,0141,1000000,13,2180.6518366,
5438458,1,2,1,60,2,13,2,,,,,,,,,,,84,,,,,,,,,,,,,,,,,,,,,,,,,,,,,,,,,,,,,,,,,,,,,,,,.,,,,,,,,,.,12,,,,,,,,,3,2,,3,,,3,8,,2,,2,,,,1,,,,,,1,,,,2,2,1,0,84,7,,2,,,,,,,,9,3,5,,2,,,,1,1,2,1,2,2,2,2,2,2,2,,2,1,1,1,1,2,1,1,3,,62,01,1,04,7,0141,,13,2180.6518366,
5438458,1,3,1,60,2,13,2,,,,,,,,,,,48,,,,,,,,,,,,,,,,,,,,,,,,,,,,,,,,,,,,,,,,,,,,,,,,.,,,,,,,,,.,12,,,,,,,,,14,2,,14,,,3,8,,2,,2,,,,1,,,,,,,,,1,2,2,2,,,,,2,,,,,,,,,3,5,,2,,,,2,,,,,,,,,,,,,,1,2,1,2,1,1,5,,62,01,1,04,7,0141,,13,2180.6518366,
5438458,1,4,1,60,2,13,2,,,,,,,,,,,2,,,,,,,,,,,,,,,,,,,,,,,,,,,,,,,,,,,,,,,,,,,,,,,,.,,,,,,,,,.,12,,,,,,,,,14,2,,14,,,3,8,,2,,,,,,1,,,,,,,,,1,2,2,2,,,,,2,,,,,,,,,3,5,,2,,,,2,,,,,,,,,,,,,,1,2,1,2,2,1,3,,62,01,1,04,7,0141,,13,2180.6518366,
5438458,1,6,1,60,2,13,2,,,,,,,,,,,14,,,,,,,,,,,,,,,,,,,,,,,,,,,,,,,,,,,,,,,,,,,,,,,6,,,,,3,300000,1,3000000,3,,9,2,,,,,2,1,1,40,,.,40,,,1,8,,10,,2,,,,1,,,,,,,,,1,2,2,1,0,6,4,,2,,,,,,,,2,3,20,,2,,,,1,1,2,1,2,2,2,2,2,2,2,,2,1,1,2,1,2,2,1,3,,62,01,1,04,4,0141,300000,13,2180.6518366,
5438459,1,1,1,60,2,13,1,1,,,1,,,1,2,2,2,15,,1,,2,400000,2,,,2,,1,80000,2,,2,,2,,,2,,,2,,,2,,,2,,,2,,,2,,2,,2,,2,,2,,2,,,.,,,,,,,,,.,12,,,,,,,,,44,,.,44,,,1,8,,2,,2,,,,1,,,,,,1,,,,2,2,1,0,60,4,,1,13,14,4,,0,1,8,8,3,5,,2,,,,2,,,,,,,,,,,,,,1,1,1,2,1,1,3,,62,01,1,04,1,0150,480000,13,2938.2366102,
5438460,1,1,1,60,2,13,1,1,,,1,,,1,2,2,2,2,,1,,2,870000,2,,,2,,1,80000,2,,2,,2,,,2,,,2,,,2,,,2,,,2,,,2,,2,,2,,2,,2,,2,,,.,,,,,,,,,.,2,,,,,,,,,40,,.,40,,,1,8,,2,,2,,,,1,,,,,,,,,1,2,2,1,12,96,4,,2,,,,,,,,2,3,5,,2,,,,2,,,,,,,,,,,,,,1,1,1,2,1,1,3,,62,97,1,04,3,9700,950000,13,2409.0833795,
5438461,1,1,1,60,2,13,1,1,,,1,,,2,2,1,1,18,,1,,2,700000,2,,,1,80000,1,100000,2,,2,,2,,,2,,,2,,,2,,,2,,,2,,,2,,1,350000,2,,2,,2,,2,,,.,,,,,,,,,.,12,,,,,,,,,60,,.,60,,,2,8,,2,,2,,,,1,,,,,,,,,1,2,2,1,0,48,8,,2,,,,,,,,3,14,,,2,,,,2,,,,,,,,,,,,,,1,1,1,2,2,1,8,,62,01,1,04,8,0141,880000,13,2273.0310983,
5438462,1,1,1,60,2,13,1,1,,,1,,,1,2,1,1,4,,1,,2,500000,2,,,1,100000,1,70000,2,,2,,2,,,2,,,2,,,2,,,2,,,2,,,2,,1,380000,2,,2,,2,,2,,,.,,,,,,,,,.,12,,,,,,,,,60,,.,60,,,2,8,,2,,2,,,,1,,,,,,,,,1,2,2,1,0,26,8,,2,,,,,,,,3,14,,,2,,,,2,,,,,,,,,,,,,,1,2,1,2,2,1,8,,62,01,1,04,8,0141,670000,13,2659.916256,
5438463,1,1,1,60,2,13,1,1,,,1,,,1,2,1,1,10,,1,,2,750000,2,,,1,150000,1,150000,2,,2,,2,,,2,,,2,,,2,,,2,,,2,,,2,,1,300000,2,,2,,2,,2,,,.,,,,,,,,,.,12,,,,,,,,,60,,.,60,,,2,8,,11,,2,,,,1,,,,,,,,,1,2,2,1,0,86,4,,2,,,,,,,,3,14,,,2,,,,2,,,,,,,,,,,,,,1,1,2,2,2,1,8,,62,01,1,04,8,0141,1050000,13,2345.1512417,
5438464,1,1,1,60,2,13,1,1,,,1,,,2,2,2,1,1,,1,,2,600000,2,,,1,80000,1,50000,2,,2,,2,,,2,,,2,,,2,,,2,,,2,,,2,,2,,2,,2,,2,,2,,,.,,,,,,,,,.,12,,,,,,,,,60,,.,60,,,2,8,,2,,2,,,,1,,,1,,,,,,,2,2,1,0,18,8,,2,,,,,,,,8,14,,,2,,,,2,,,,,,,,,,,,,,1,2,1,2,2,1,8,,62,01,1,04,8,0141,730000,13,1938.9670922,
5438465,1,1,1,60,2,13,2,,,,,,,,,,,186,,,,,,,,,,,,,,,,,,,,,,,,,,,,,,,,,,,,,,,,,,,,,,,6,,,,,3,450000,1,7000000,3,,12,2,,,,,3,1,1,45,,.,45,,,1,4,,2,,2,,,,1,,,,1,,,,,,2,2,1,0,120,4,,1,13,16,4,,200000,1,8,3,14,,,2,,,,2,,,,,,,,,,,,,,1,1,1,2,2,1,2,,98,49,1,04,4,4921,650000,13,1299.7333663,
5438465,1,2,1,60,2,13,2,,,,,,,,,,,416,,,,,,,,,,,,,,,,,,,,,,,,,,,,,,,,,,,,,,,,,,,,,,,6,,,,,3,240000,1,3500000,1,,12,1,1,0,0,1,2,5,2,10,2,,10,,,2,1,,2,,2,,,,1,,,,,,,,,1,2,2,2,,,,,2,,,,,,,,,14,,,2,,,,2,,,,,,,,,,,,,,1,1,1,2,1,1,3,,77,10,1,04,4,1081,240000,13,1299.7333663,
5438465,1,3,1,60,2,13,1,1,,,1,,,2,2,1,1,38,,1,,2,350000,2,,,2,,2,,2,,2,,2,,,1,60000,2,2,,,2,,,2,,,2,,,2,,1,300000,2,,2,,2,,2,,,.,,,,,,,,,.,12,,,,,,,,,35,2,,35,,,2,7,,2,,2,,,,1,,,,,,,,,1,2,2,1,3,18,3,,1,13,6,6,,,2,1,3,11,20,,2,,,,1,1,1,1,2,1,2,2,2,2,2,,1,1,1,2,1,2,2,1,8,,59,86,1,04,1,8622,350000,13,1299.7333663,
5438466,1,1,1,60,2,13,2,,,,,,,,,,,300,,,,,,,,,,,,,,,,,,,,,,,,,,,,,,,,,,,,,,,,,,,,,,,6,,,,,3,350000,1,5000000,3,,9,2,,,,,3,10,1,40,,.,40,,,1,6,,2,,2,,,,1,,,,,,,,,1,2,2,1,0,48,4,,2,,,,,,,,2,3,10,,2,,,,2,,,,,,,,,,,,,,1,2,1,2,1,1,3,,41,47,1,04,4,4723,350000,13,3868.1901664,
5438466,1,3,1,60,2,13,2,,,,,,,,,,,24,,,,,,,,,,,,,,,,,,,,,,,,,,,,,,,,,,,,,,,,,,,,,,,6,,,,,3,500000,1,6000000,3,,10,2,,,,,3,1,1,42,,.,42,,,1,4,,2,,2,,,,1,,,,,,,,,1,2,2,1,2,24,1,,2,,,,,,,,1,3,5,,2,,,,1,1,1,1,2,2,2,2,2,1,2,,1,1,1,2,1,2,2,1,3,,98,49,1,04,4,4921,500000,13,3868.1901664,
5438467,1,1,1,60,2,13,2,,,,,,,,,,,180,,,,,,,,,,,,,,,,,,,,,,,,,,,,,,,,,,,,,,,,,,,,,,,6,,,,,3,360000,1,4200000,3,,12,2,,,,,3,10,2,40,,.,40,,,1,6,,2,,2,,,,1,,,,,,,,,1,2,2,1,0,12,4,,2,,,,,,,,2,3,10,,2,,,,2,,,,,,,,,,,,,,1,2,1,2,1,1,3,,41,47,1,04,4,4723,360000,13,2221.648353,
5438467,1,2,1,60,2,13,2,,,,,,,,,,,120,,,,,,,,,,,,,,,,,,,,,,,,,,,,,,,,,,,,,,,,,,,,,,,6,,,,,3,250000,1,2000000,3,,12,2,,,,,3,10,1,16,2,,16,,,1,1,,2,,2,,,,1,,,,,,,,,1,2,2,2,,,,,2,,,,,,,,,14,,,2,,,,2,,,,,,,,,,,,,,1,1,1,2,1,1,3,,77,10,1,04,4,1081,250000,13,2221.648353,
5438468,1,1,1,60,2,13,2,,,,,,,,,,,480,,,,,,,,,,,,,,,,,,,,,,,,,,,,,,,,,,,,,,,,,,,,,,,7,,2,,,2,250000,2,3000000,3,,12,2,,,,,2,10,2,44,,.,44,,,1,8,,2,,2,,,,1,,,,,,1,,,,2,2,2,,,,,1,13,0,4,,60000,1,8,,15,30,,2,,,,2,,,,,,,,,,,,,,1,2,1,2,1,1,3,,61,01,1,04,4,0113,310000,13,1454.5508317,
5438470,1,1,1,60,2,13,2,,,,,,,,,,,600,,,,,,,,,,,,,,,,,,,,,,,,,,,,,,,,,,,,,,,,,,,,,,,7,,2,,,2,0,1,2000000,3,,12,2,,,,,3,9,2,40,,.,40,,,1,8,,2,,2,,,,1,,,,,,1,,,,2,2,1,0,60,6,,2,,,,,,,,10,15,40,,2,,,,2,,,,,,,,,,,,,,1,2,1,1,1,1,3,,61,01,1,04,4,0111,0,13,2366.7215993,
5438470,1,2,1,60,2,13,1,2,2,12,2,4,OPERADOR HOSPITALARIO,1,2,1,1,132,,3,,2,908526,2,,,1,300000,2,,2,,2,,2,,,1,106454,2,1,37000,2,2,,,2,,,2,,,1,877803,2,,2,,2,,2,,2,,,.,,,,,,,,,.,12,,,,,,,,,42,,.,42,,,9,7,,1,,1,1,1,11,1,1,,,,,,,,,1,1,2,,,,,2,,,,,,,,,12,20,,2,,,,2,,,,,,,,,,,,,,1,1,1,2,1,1,3,,53,86,1,04,1,8610,1208526,13,2366.7215993,8610
5438472,1,1,1,60,2,13,1,2,1,,1,,,1,1,1,1,42,,1,,2,908526,2,,,1,160000,2,,2,,2,,2,,,2,,,2,,,2,,,2,,,2,,,2,,1,877803,2,,2,,2,,2,,,.,,,,,,,,,.,12,,,,,,,,,48,,.,48,,,9,7,,1,,1,1,1,8,1,1,,1,,,,,,,1,1,1,3,48,1,,2,,,,,,,,8,11,20,,2,,,,2,,,,,,,,,,,,,,1,1,1,2,2,1,3,,54,94,1,04,1,9491,1068526,13,1626.5772679,
5438472,1,2,1,60,2,13,2,,,,,,,,,,,256,,,,,,,,,,,,,,,,,,,,,,,,,,,,,,,,,,,,,,,,,,,,,,,6,,,,,3,700000,1,10000000,3,,12,2,,,,,2,4,1,48,,.,48,,,1,8,,2,,2,,,,1,,,1,1,,,,,,2,2,1,1,15,8,,2,,,,,,,,3,9,30,,2,,,,1,1,1,1,1,2,2,2,1,2,2,,2,2,2,2,2,2,2,1,9,,61,01,1,04,4,0111,700000,13,1626.5772679,
5438472,1,5,1,60,2,13,1,1,,,1,,,1,2,2,2,28,,1,,2,300000,2,,,2,,2,,2,,2,,2,,,2,,,2,,,2,,,2,,,2,,,2,,2,,2,,2,,2,,2,,,.,,,,,,,,,.,12,,,,,,,,,16,2,,16,,,9,5,,2,,2,,,,1,,,,,,,1,BUSCAR OTRO MEJOR TRABAJO,,2,2,2,,,,,2,,,,,,,,,3,15,,1,45,1,1,1,1,1,1,2,1,2,2,2,2,2,,1,1,1,2,2,2,2,1,8,,19,94,1,04,1,9499,300000,13,1626.5772679,
5438473,1,2,1,60,2,13,1,1,,,1,,,1,2,2,2,2,,1,,2,250000,2,,,1,200000,2,,2,,2,,2,,,2,,,2,,,2,,,2,,,2,,,2,,2,,2,,2,,2,,2,,,.,,,,,,,,,.,12,,,,,,,,,36,2,,36,,,1,2,,2,,2,,,,1,,,,,,,,,1,2,2,1,0,24,4,,1,13,2,4,,60000,1,1,8,3,5,,2,,,,2,,,,,,,,,,,,,,1,1,1,2,1,1,3,,54,97,1,04,3,9700,510000,13,2266.9648981,
5438474,1,1,1,60,2,13,2,,,,,,,,,,,612,,,,,,,,,,,,,,,,,,,,,,,,,,,,,,,,,,,,,,,,,,,,,,,6,,,,,3,400000,1,7000000,3,,12,2,,,,,2,5,1,36,2,,36,,,1,8,,2,,2,,,,1,,,,1,,,,,,2,2,2,,,,,1,13,16,4,,200000,1,8,,9,35,,2,,,,2,,,,,,,,,,,,,,1,2,1,2,2,1,3,,61,01,1,04,4,0111,600000,13,2511.2157821,
5438474,1,3,1,60,2,13,2,,,,,,,,,,,13,,,,,,,,,,,,,,,,,,,,,,,,,,,,,,,,,,,,,,,,,,,,,,,6,,,,,3,200000,1,2500000,1,,12,2,,,,,2,1,1,30,1,,30,,,1,2,,2,,2,,,,1,,,,,,,1,BUSCAR UN MEJOR TRABAJO,,2,2,1,3,8,1,,2,,,,,,,,3,12,15,,2,,,,1,1,1,1,2,1,2,2,2,2,2,,1,1,1,2,2,2,2,1,8,,13,85,1,04,4,8559,200000,13,2511.2157821,
5438475,1,1,1,60,2,13,2,,,,,,,,,,,268,,,,,,,,,,,,,,,,,,,,,,,,,,,,,,,,,,,,,,,,,,,,,,,6,,,,,3,450000,1,8000000,3,,12,2,,,,,2,1,1,40,,.,40,,,1,8,,2,,2,,,,1,,,,1,,,,,,2,2,2,,,,,1,13,30,4,,300000,2,8,,9,45,,2,,,,2,,,,,,,,,,,,,,1,2,2,2,2,1,8,,61,01,1,04,4,0111,750000,13,2938.2366102,
5438476,1,3,1,60,2,13,1,1,,,1,,,2,2,2,1,41,,1,,2,680000,2,,,2,,2,,2,,2,,2,,,2,,,2,,,2,,,2,,,2,,,2,,2,,2,,1,600000,2,,2,,,.,,,,,,,,,.,12,,,,,,,,,48,,.,48,,,2,8,,2,,2,,,,1,,,,,,,,,1,2,2,1,0,48,8,,2,,,,,,,,3,3,45,,2,,,,1,1,2,1,1,2,2,2,1,1,2,,2,1,1,2,2,2,2,1,8,,62,01,1,04,8,0141,680000,13,2134.5901244,
5438477,1,1,1,60,2,13,2,,,,,,,,,,,540,,,,,,,,,,,,,,,,,,,,,,,,,,,,,,,,,,,,,,,,,,,,,,,6,,,,,3,360000,1,6000000,3,,12,2,,,,,2,5,2,35,2,,35,,,1,8,,2,,2,,,,1,,,,,,,,,1,2,2,2,,,,,1,13,20,4,,160000,1,8,,9,45,,2,,,,2,,,,,,,,,,,,,,1,1,2,2,2,1,8,,61,01,1,04,4,0111,520000,13,2120.4392313,
5438477,1,3,1,60,2,13,2,,,,,,,,,,,135,,,,,,,,,,,,,,,,,,,,,,,,,,,,,,,,,,,,,,,,,,,,,,,6,,,,,3,420000,1,6200000,3,,12,2,,,,,3,1,1,50,,.,50,,,1,6,,2,,2,,,,1,,,1,,,,,,,2,2,2,,,,,2,,,,,,,,,3,10,,2,,,,1,1,1,1,2,2,2,2,2,2,2,,2,1,1,2,2,2,2,1,8,,57,96,1,04,4,9602,420000,13,2120.4392313,
5438478,1,2,1,60,2,13,2,,,,,,,,,,,482,,,,,,,,,,,,,,,,,,,,,,,,,,,,,,,,,,,,,,,,,,,,,,,6,,,,,3,500000,1,7000000,3,,12,2,,,,,2,3,1,45,,.,45,,,1,8,,11,,2,,,,1,,,,,,,,,1,2,2,2,,,,,2,,,,,,,,,9,40,,2,,,,2,,,,,,,,,,,,,,1,1,1,2,2,1,8,,61,01,1,04,4,0111,500000,13,1522.9929562,
5438479,1,1,1,60,2,13,2,,,,,,,,,,,495,,,,,,,,,,,,,,,,,,,,,,,,,,,,,,,,,,,,,,,,,,,,,,,6,,,,,3,800000,1,13000000,3,,12,1,1,0,1,0,2,1,1,50,,.,30,6,,2,9,,2,,2,,,,1,,,1,1,,,,,,2,2,2,,,,,2,,,,,,,,,12,20,1,2,,,,2,,,,,,,,,,,,,,1,2,2,2,2,1,2,,95,41,1,04,4,4111,800000,13,1454.5508317,
5438479,1,2,1,60,2,13,2,,,,,,,,,,,365,,,,,,,,,,,,,,,,,,,,,,,,,,,,,,,,,,,,,,,,,,,,,,,6,,,,,3,280000,1,6000000,3,,12,2,,,,,2,5,2,15,1,,15,,,1,1,,2,,2,,,,1,,,,,,,,,1,2,2,2,,,,,2,,,,,,,,,14,,,2,,,,2,,,,,,,,,,,,,,1,1,2,2,2,1,3,,79,95,1,04,4,9529,280000,13,1454.5508317,
5438905,1,1,1,60,2,54,2,,,,,,,,,,,180,,,,,,,,,,,,,,,,,,,,,,,,,,,,,,,,,,,,,,,,,,,,,,,7,,2,,,2,400000,1,4800000,3,,12,1,2,0,0,2,3,3,2,54,,.,54,,,2,8,,2,,2,,,,1,,,,,,,,,1,2,2,1,0,12,4,,2,,,,,,,,10,3,2,,2,,,,2,,,,,,,,,,,,,,1,1,1,2,1,1,3,,61,01,1,04,4,0127,400000,54,916.73524478,
5438905,1,2,1,60,2,54,2,,,,,,,,,,,180,,,,,,,,,,,,,,,,,,,,,,,,,,,,,,,,,,,,,,,,,,,,,,,,.,,,,,,,,,.,12,,,,,,,,,18,2,,18,,,2,8,,2,,2,,,,1,,,,,,,,,1,2,2,1,0,120,6,,2,,,,,,,,9,3,2,,2,,,,2,,,,,,,,,,,,,,1,1,1,2,1,1,3,,62,01,1,04,6,0127,,54,916.73524478,
5438905,1,3,1,60,2,54,2,,,,,,,,,,,60,,,,,,,,,,,,,,,,,,,,,,,,,,,,,,,,,,,,,,,,,,,,,,,,.,,,,,,,,,.,12,,,,,,,,,12,2,,12,,,2,8,,2,,2,,,,1,,,,,,,,,1,2,2,2,,,,,2,,,,,,,,,3,2,,2,,,,2,,,,,,,,,,,,,,1,1,1,2,1,1,3,,62,01,1,04,6,0127,,54,916.73524478,
5438906,1,1,1,60,2,54,2,,,,,,,,,,,120,,,,,,,,,,,,,,,,,,,,,,,,,,,,,,,,,,,,,,,,,,,,,,,7,,2,,,2,1000000,1,12000000,3,,12,1,3,1,0,2,3,3,2,56,,.,56,,,3,8,,2,,2,,,,1,,,,,,,,,1,2,2,1,0,24,4,,2,,,,,,,,8,3,2,,2,,,,2,,,,,,,,,,,,,,1,1,1,2,1,1,3,,61,01,1,04,5,0127,1000000,54,823.35832325,
5438906,1,2,1,60,2,54,2,,,,,,,,,,,120,,,,,,,,,,,,,,,,,,,,,,,,,,,,,,,,,,,,,,,,,,,,,,,,.,,,,,,,,,.,12,,,,,,,,,18,2,,18,,,3,8,,2,,2,,,,1,,,,,,,,,1,2,2,1,0,24,6,,2,,,,,,,,9,3,2,,2,,,,2,,,,,,,,,,,,,,1,1,1,2,1,1,3,,62,01,1,04,6,0127,,54,823.35832325,
5438906,1,3,1,60,2,54,2,,,,,,,,,,,12,,,,,,,,,,,,,,,,,,,,,,,,,,,,,,,,,,,,,,,,,,,,,,,,.,,,,,,,,,.,12,,,,,,,,,12,2,,12,,,3,8,,2,,,,,,1,,,,,,,,,1,2,2,2,,,,,2,,,,,,,,,3,2,,2,,,,2,,,,,,,,,,,,,,1,1,1,2,1,1,3,,62,01,1,04,6,0150,,54,823.35832325,
5438908,1,1,1,60,2,54,1,1,,,1,,,1,2,2,2,240,,1,,2,440000,2,,,2,,1,200000,2,,2,,2,,,2,,,2,,,2,,,2,,,2,,,2,,2,,2,,2,,2,,2,,,.,,,,,,,,,.,12,,,,,,,,,45,,.,45,,,3,8,,2,,2,,,,1,,,,,,,,,1,2,2,1,0,12,8,,2,,,,,,,,3,3,20,,2,,,,2,,,,,,,,,,,,,,1,1,1,2,2,1,5,,62,01,1,04,8,0150,640000,54,540.82695021,
5438908,1,2,1,60,2,54,2,,,,,,,,,,,24,,,,,,,,,,,,,,,,,,,,,,,,,,,,,,,,,,,,,,,,,,,,,,,,.,,,,,,,,,.,12,,,,,,,,,14,2,,14,,,3,8,,2,,2,,,,1,,,,,,,,,1,2,2,1,0,12,7,,2,,,,,,,,3,3,10,,2,,,,2,,,,,,,,,,,,,,2,2,2,2,2,1,3,,62,01,1,04,7,0150,,54,540.82695021,
5438908,1,3,1,60,2,54,1,1,,,1,,,1,2,2,2,24,,1,,2,600000,2,,,2,,1,200000,2,,2,,2,,,2,,,2,,,2,,,2,,,2,,,2,,2,,2,,2,,2,,2,,,.,,,,,,,,,.,12,,,,,,,,,40,,.,40,,,3,8,,2,,2,,,,1,,,,,,,,,1,2,2,2,,,,,2,,,,,,,,,3,20,,2,,,,1,1,1,1,1,1,1,2,1,1,2,,2,1,1,1,2,2,2,2,3,,62,01,1,04,8,0150,800000,54,540.82695021,
5438908,1,8,1,60,2,54,1,1,,,1,,,1,2,2,2,240,,1,,2,625000,2,,,2,,1,200000,2,,2,,2,,,2,,,2,,,2,,,2,,,2,,,2,,2,,2,,2,,2,,2,,,.,,,,,,,,,.,12,,,,,,,,,40,,.,40,,,3,8,,2,,2,,,,1,,,,,,,,,1,2,2,1,0,24,8,,2,,,,,,,,3,3,8,,2,,,,2,,,,,,,,,,,,,,1,1,1,2,2,2,8,,62,01,1,04,8,0150,825000,54,540.82695021,
5438909,1,1,1,60,2,54,2,,,,,,,,,,,360,,,,,,,,,,,,,,,,,,,,,,,,,,,,,,,,,,,,,,,,,,,,,,,7,,2,,,2,800000,1,9600000,3,,12,1,3,1,0,2,3,3,2,56,,.,56,,,3,8,,2,,2,,,,1,,,,,,,,,1,2,2,1,0,96,6,,1,54,0,4,,250000,1,8,8,3,2,,2,,,,2,,,,,,,,,,,,,,1,1,1,2,1,1,3,,61,01,1,04,5,0113,1050000,54,797.99246604,
5438909,1,2,1,60,2,54,2,,,,,,,,,,,360,,,,,,,,,,,,,,,,,,,,,,,,,,,,,,,,,,,,,,,,,,,,,,,,.,,,,,,,,,.,12,,,,,,,,,12,2,,12,,,3,8,,2,,2,,,,1,,,,,,,,,1,2,2,1,0,36,3,,2,,,,,,,,9,3,2,,2,,,,2,,,,,,,,,,,,,,1,1,1,2,1,1,3,,62,01,1,04,6,0113,,54,797.99246604,
5438909,1,3,1,60,2,54,2,,,,,,,,,,,60,,,,,,,,,,,,,,,,,,,,,,,,,,,,,,,,,,,,,,,,,,,,,,,,.,,,,,,,,,.,12,,,,,,,,,14,2,,14,,,3,8,,2,,2,,,,1,,,,,,,,,1,2,2,2,,,,,2,,,,,,,,,3,2,,2,,,,2,,,,,,,,,,,,,,1,1,1,2,1,1,3,,62,01,1,04,6,0113,,54,797.99246604,
5438910,1,1,1,60,2,54,2,,,,,,,,,,,5,,,,,,,,,,,,,,,,,,,,,,,,,,,,,,,,,,,,,,,,,,,,,,,7,,2,,,2,400000,1,4800000,3,,12,1,3,0,0,3,3,3,2,35,2,,35,,,3,8,,2,,2,,,,1,,,,,,,,,1,2,2,1,0,120,6,,2,,,,,,,,9,3,2,,2,,,,2,,,,,,,,,,,,,,1,1,1,2,1,1,3,,61,01,1,04,4,0111,400000,54,1995.3582087,
5438910,1,3,1,60,2,54,2,,,,,,,,,,,5,,,,,,,,,,,,,,,,,,,,,,,,,,,,,,,,,,,,,,,,,,,,,,,,.,,,,,,,,,.,12,,,,,,,,,18,2,,18,,,3,8,,2,,2,,,,1,,,,,,,,,1,2,2,1,0,3,1,,2,,,,,,,,9,3,2,,2,,,,2,,,,,,,,,,,,,,1,1,1,2,1,1,3,,62,01,1,04,6,0111,,54,1995.3582087,
5438910,1,7,1,60,2,54,2,,,,,,,,,,,5,,,,,,,,,,,,,,,,,,,,,,,,,,,,,,,,,,,,,,,,,,,,,,,,.,,,,,,,,,.,12,,,,,,,,,50,,.,50,,,3,8,,2,,2,,,,1,,,,,,,,,1,2,2,1,0,48,6,,2,,,,,,,,9,3,2,,2,,,,2,,,,,,,,,,,,,,1,1,1,2,1,1,3,,62,01,1,04,6,0111,,54,1995.3582087,
5438910,1,8,1,60,2,54,2,,,,,,,,,,,2,,,,,,,,,,,,,,,,,,,,,,,,,,,,,,,,,,,,,,,,,,,,,,,,.,,,,,,,,,.,12,,,,,,,,,50,,.,50,,,3,8,,2,,2,,,,1,,,,,,,,,1,2,2,1,0,12,6,,2,,,,,,,,9,3,2,,2,,,,2,,,,,,,,,,,,,,1,1,1,2,1,1,3,,62,01,1,04,6,0111,,54,1995.3582087,
5438911,1,1,1,60,2,54,1,1,,,1,,,1,2,2,2,26,,1,,2,900000,2,,,2,,2,,2,,2,,2,,,2,,,2,,,2,,,2,,,2,,,2,,2,,2,,2,,2,,2,,,.,,,,,,,,,.,12,,,,,,,,,80,,.,80,,,2,8,,2,,2,,,,1,,,,,,,,,1,2,2,1,0,48,1,,2,,,,,,,,3,10,20,,2,,,,2,,,,,,,,,,,,,,1,1,1,2,1,1,5,,60,01,1,04,1,0150,900000,54,1131.4523346,
5438912,1,1,1,60,2,54,1,1,,,1,,,1,2,2,2,18,,1,,2,500000,2,,,2,,1,90000,2,,2,,2,,,2,,,2,,,2,,,2,,,2,,,2,,2,,2,,2,,2,,2,,,.,,,,,,,,,.,12,,,,,,,,,54,,.,54,,,2,8,,2,,2,,,,1,,,,,,,,,1,2,2,1,0,6,8,,2,,,,,,,,1,3,2,,2,,,,2,,,,,,,,,,,,,,1,1,1,2,1,1,3,,62,01,1,04,8,0127,590000,54,1131.4523346,
5438913,1,1,1,60,2,54,1,1,,,1,,,1,2,2,2,12,,1,,2,500000,2,,,2,,2,,2,,2,,2,,,2,,,2,,,2,,,2,,,2,,,2,,2,,2,,2,,2,,2,,,.,,,,,,,,,.,12,,,,,,,,,40,,.,40,,,3,8,,2,,2,,,,1,,,,,,1,,,,2,2,1,0,36,4,,2,,,,,,,,3,3,10,,2,,,,2,,,,,,,,,,,,,,1,1,1,2,2,2,5,,62,01,1,04,8,0150,500000,54,964.16228175,
5438913,1,3,1,60,2,54,1,1,,,1,,,1,2,2,2,12,,1,,2,800000,2,,,2,,2,,2,,2,,2,,,2,,,2,,,2,,,2,,,2,,,2,,2,,2,,2,,2,,2,,,.,,,,,,,,,.,12,,,,,,,,,40,,.,40,,,2,8,,2,,2,,,,1,,,1,,,,,,,2,2,1,6,60,4,,2,,,,,,,,2,3,8,,2,,,,2,,,,,,,,,,,,,,1,1,1,2,2,1,3,,62,01,1,04,8,0150,800000,54,964.16228175,
5438913,1,4,1,60,2,54,1,1,,,1,,,2,2,2,2,3,,1,,2,300000,2,,,2,,2,,2,,2,,2,,,2,,,2,,,2,,,2,,,2,,,2,,2,,2,,2,,2,,2,,,.,,,,,,,,,.,3,,,,,,,,,24,1,,24,,,3,8,,2,,2,,,,1,,,,,,,,,1,2,2,2,,,,,2,,,,,,,,,3,2,,1,25,2,1,1,1,1,1,2,1,2,1,2,2,2,,2,1,2,2,2,2,2,2,5,,62,01,1,04,8,0150,300000,54,964.16228175,
5438922,1,1,1,60,2,76,1,2,2,12,1,,,2,1,2,1,3,,1,,2,1500000,2,,,2,,2,,2,,2,,2,,,1,106454,2,1,60000,2,2,,,2,,,2,,,1,1400000,2,,2,,2,,2,,2,,,.,,,,,,,,,.,12,,,,,,,,,48,,.,48,,,9,7,,1,,1,1,1,14,1,1,,,,,,,,,1,1,1,0,12,1,,2,,,,,,,,1,11,40,,2,,,,1,1,1,1,2,2,2,2,1,2,2,,2,1,2,2,1,2,1,1,2,,30,81,1,04,1,8121,1500000,76,2324.7547105,
5438922,1,2,1,60,2,76,1,2,2,12,2,1,,1,1,2,1,141,,1,,2,1200000,2,,,2,,2,,2,,2,,2,,,1,110000,2,2,,,2,,,2,,,2,,,1,1200000,2,,2,,2,,2,,2,,,.,,,,,,,,,.,12,,,,,,,,,48,,.,48,,,9,7,,1,,1,1,1,11,1,1,,,,,,,,,1,1,1,12,24,1,,2,,,,,,,,9,11,50,,2,,,,2,,,,,,,,,,,,,,1,1,1,2,1,1,3,,12,86,1,04,1,8621,1200000,76,2324.7547105,7810
5438924,1,1,1,60,2,76,2,,,,,,,,,,,360,,,,,,,,,,,,,,,,,,,,,,,,,,,,,,,,,,,,,,,,,,,,,,,7,,2,,,2,0,1,98,3,,12,2,,,,,1,11,1,40,,.,24,7,LOS FACTORES CLIMATICOS NO LO DEJAN TRABAJAR,1,8,,2,,2,,,,1,,,,,,,,,1,2,2,1,0,6,1,,2,,,,,,,,1,3,20,,2,,,,2,,,,,,,,,,,,,,1,1,1,2,1,1,10,CON DINERO QUE RECIBE DE  COLOMBIA MAYOR,61,01,1,04,4,0123,0,76,5001.5903872,
5438925,1,1,1,60,2,76,1,2,1,,1,,,1,1,1,1,400,,1,,2,,2,,,2,,2,,2,,2,,2,,,2,,,1,72000,2,2,,,2,,,2,,,1,98,1,98,2,,2,,2,,2,,,.,,,,,,,,,.,12,,,,,,,,,40,,.,30,6,,9,7,,1,,1,2,1,35,1,1,,,,,,,,,1,1,2,,,,,2,,,,,,,,,8,20,1,2,,,,2,,,,,,,,,,,,,,1,1,1,2,1,1,5,,02,70,1,04,1,7010,,76,1802.0987758,
5438925,1,2,1,60,2,76,1,2,2,1,1,,,2,1,2,1,4,,1,,2,908526,2,,,2,,2,,2,,2,,2,,,1,106454,2,1,72000,2,2,,,2,,,2,,,1,200000,2,,2,,2,,2,,2,,,.,,,,,,,,,.,9,,,,,,,,,40,,.,40,,,9,7,,1,,1,1,1,15,1,,,,,,,,,1,1,1,1,3,48,1,,2,,,,,,,,7,11,40,,2,,,,2,,,,,,,,,,,,,,1,1,1,2,2,1,3,,33,85,1,04,1,8544,908526,76,1802.0987758,
5438926,1,1,1,60,2,76,1,2,2,4,1,,,1,1,2,1,7,,1,,2,908526,2,,,2,,2,,2,,2,,2,,,1,106454,2,2,,,2,,,2,,,2,,,1,877803,2,,2,,2,,2,,2,,,.,,,,,,,,,.,4,,,,,,,,,48,,.,48,,,9,8,,1,,1,1,1,3,1,,,,,,,,,1,1,1,1,4,42,1,,2,,,,,,,,2,11,30,,2,,,,2,,,,,,,,,,,,,,2,1,1,2,1,1,8,,62,01,1,04,8,0123,908526,76,5946.5602843,
5438928,1,3,1,60,2,76,1,2,1,,1,,,1,1,2,1,228,,7,SE LO OFRECIERON,2,,1,98,1,1,,2,,2,,2,,2,,,1,98,2,2,,,2,,,2,,,2,,,1,98,2,,2,,2,,2,,2,,,.,,,,,,,,,.,12,,,,,,,,,48,,.,48,,,9,7,,1,,1,1,1,26,1,,,1,,,,,,,1,1,1,0,84,1,,2,,,,,,,,8,8,25,,2,,,,2,,,,,,,,,,,,,,1,1,1,2,1,2,3,,84,22,1,04,1,2229,,76,4637.3296601,
5438929,1,2,1,60,2,76,1,2,1,,2,4,EMPRESA DE VIGILANCIA PRIVADA,1,1,2,1,11,,7,SE LO OFRECIERON,2,,2,,,2,,2,,2,,2,,2,,,1,106454,1,2,,,2,,,2,,,2,,,1,98,2,,2,,2,,2,,2,,,.,,,,,,,,,.,12,,,,,,,,,60,,.,60,,,9,7,,1,,1,1,1,98,1,,,,,,,,,1,1,1,1,0,24,1,,2,,,,,,,,1,11,10,,2,,,,2,,,,,,,,,,,,,,1,1,1,2,1,1,8,,58,85,1,04,1,8530,,76,3928.8802059,8010
5438930,1,2,1,60,2,76,1,1,,,1,,,1,1,2,2,96,,1,,2,908526,2,,,2,,2,,2,,2,,2,,,1,100000,2,2,,,2,,,2,,,2,,,2,,2,,2,,2,,2,,2,,,.,,,,,,,,,.,12,,,,,,,,,48,,.,48,,,2,7,,2,,2,,,,1,,,,,,,,,1,2,2,1,8,24,1,,2,,,,,,,,2,11,35,,2,,,,2,,,,,,,,,,,,,,1,1,1,2,1,1,3,,45,47,1,04,1,4773,908526,76,1792.3457394,
5438930,1,3,1,60,2,76,1,1,,,1,,,2,2,2,2,7,,1,,2,1000000,2,,,2,,2,,2,,2,,2,,,2,,,2,,,1,72000,2,2,,,2,,,2,,2,,2,,2,,2,,2,,,.,,,,,,,,,.,9,,,,,,,,,48,,.,48,,,2,7,,1,,1,2,1,15,1,1,,,,,,,,,1,1,1,3,36,1,,2,,,,,,,,2,8,30,,2,,,,1,1,1,1,2,2,2,2,2,2,2,,2,2,2,1,1,2,1,1,2,,45,46,1,04,1,4663,1000000,76,1792.3457394,
5438930,1,4,1,60,2,76,2,,,,,,,,,,,0,,,,,,,,,,,,,,,,,,,,,,,,,,,,,,,,,,,,,,,,,,,,,,,1,,,,,2,600000,1,98,1,,4,1,1,1,0,0,3,1,2,48,,.,48,,,2,2,,1,,2,,,,1,,,,,,,,,1,2,2,1,0,4,5,,2,,,,,,,,1,8,90,,2,,,,2,,,,,,,,,,,,,,1,1,1,2,2,1,3,,95,41,1,04,5,4111,600000,76,1792.3457394,
5438931,1,1,1,60,2,76,2,,,,,,,,,,,4,,,,,,,,,,,,,,,,,,,,,,,,,,,,,,,,,,,,,,,,,,,,,,,6,,,,,3,,1,98,3,,12,1,1,1,0,0,3,1,1,44,,.,44,,,2,8,,1,,2,,,,1,,,,,,,1,DILENGENCIAS PARA RECLAMAR LA PENSION,,2,2,1,0,60,4,,2,,,,,,,,2,3,3,,2,,,,2,,,,,,,,,,,,,,1,1,1,2,2,1,3,,61,01,1,04,5,0145,,76,4293.140933,
5439234,1,1,1,60,2,23,2,,,,,,,,,,,96,,,,,,,,,,,,,,,,,,,,,,,,,,,,,,,,,,,,,,,,,,,,,,,6,,,,,2,280000,1,3000000,3,,12,2,,,,,2,1,2,18,1,,0,1,,1,8,,2,,2,,,,1,,,,,,,,,1,2,2,1,0,3,8,,1,23,0,4,,0,1,8,1,3,30,2,1,12,1,2,1,1,2,1,2,2,2,2,2,2,2,,2,1,2,2,1,2,1,1,3,,62,01,1,04,4,0161,280000,23,2738.6452467,
5439234,1,3,1,60,2,23,2,,,,,,,,,,,60,,,,,,,,,,,,,,,,,,,,,,,,,,,,,,,,,,,,,,,,,,,,,,,6,,,,,2,240000,1,2800000,3,,12,2,,,,,2,1,2,18,1,,12,6,,1,8,,2,,2,,,,1,,,,,,,,,1,2,2,2,,,,,1,23,0,4,,0,1,8,,3,60,2,1,18,1,1,1,1,2,1,2,2,2,2,2,2,2,,2,1,2,2,1,2,2,1,3,,62,01,1,04,4,0161,240000,23,2738.6452467,
5439234,1,4,1,60,2,23,2,,,,,,,,,,,36,,,,,,,,,,,,,,,,,,,,,,,,,,,,,,,,,,,,,,,,,,,,,,,6,,,,,2,260000,1,2700000,3,,12,2,,,,,2,1,2,18,1,,18,,,1,8,,2,,2,,,,1,,,,,,,,,1,2,2,2,,,,,1,23,0,4,,0,1,8,,3,60,,1,12,1,1,2,,,,,,,,,,,,,,1,2,1,2,1,1,3,,62,01,1,04,4,0161,260000,23,2738.6452467,
5439318,1,1,1,60,2,41,2,,,,,,,,,,,180,,,,,,,,,,,,,,,,,,,,,,,,,,,,,,,,,,,,,,,,,,,,,,,6,,,,,3,100000,1,98,1,,12,2,,,,,2,1,1,45,,.,45,,,1,2,,2,,2,,,,1,,,,,,,,,1,2,2,2,,,,,1,41,20,4,,,2,1,,3,2,,2,,,,1,1,1,1,2,1,2,2,1,1,2,,2,1,1,2,1,2,2,1,5,,95,41,1,04,4,4111,100000,41,2850.8618526,
5439318,1,2,1,60,2,41,2,,,,,,,,,,,24,,,,,,,,,,,,,,,,,,,,,,,,,,,,,,,,,,,,,,,,,,,,,,,,.,,,,,,,,,.,12,,,,,,,,,20,1,,20,,,2,1,,2,,2,,,,1,,,,,,,,,1,2,2,2,,,,,2,,,,,,,,,3,2,,2,,,,1,1,1,1,2,1,2,1,2,1,2,,2,1,1,2,1,2,1,1,3,,45,47,1,04,6,4759,,41,2850.8618526,
5439319,1,1,1,60,2,41,2,,,,,,,,,,,108,,,,,,,,,,,,,,,,,,,,,,,,,,,,,,,,,,,,,,,,,,,,,,,6,,,,,2,350000,1,3000000,2,,12,2,,,,,2,1,2,40,,.,40,,,1,8,,2,,2,,,,1,,,,,,,,,1,2,2,1,0,12,1,,2,,,,,,,,1,11,15,,2,,,,1,1,1,1,2,2,2,1,1,2,2,,2,1,1,1,1,2,2,1,10,BUSCARIA OTRO TRABAJO,62,01,1,04,4,0161,350000,41,1361.1887884,
5439320,1,1,1,60,2,41,2,,,,,,,,,,,60,,,,,,,,,,,,,,,,,,,,,,,,,,,,,,,,,,,,,,,,,,,,,,,6,,,,,2,0,1,900000,3,,12,2,,,,,2,1,1,7,2,,7,,,1,8,,2,,2,,,,1,,,,,,1,,,,2,2,2,,,,,2,,,,,,,,,3,1,,2,,,,1,1,1,1,2,2,2,1,2,2,2,,2,1,1,1,1,2,1,1,3,,61,01,1,04,4,0145,0,41,2000.0572714,
5439323,1,1,1,60,2,41,2,,,,,,,,,,,6,,,,,,,,,,,,,,,,,,,,,,,,,,,,,,,,,,,,,,,,,,,,,,,7,,2,,,2,400000,1,98,3,,12,1,1,0,1,0,3,3,2,40,,.,40,,,2,7,,2,,2,,,,1,,,,1,,,,,,2,2,1,0,36,4,,1,41,10,5,,,2,1,10,3,3,,2,,,,2,,,,,,,,,,,,,,1,1,1,2,1,1,5,,21,45,1,04,4,4520,400000,41,2870.5818967,
5439323,1,4,1,60,2,41,2,,,,,,,,,,,6,,,,,,,,,,,,,,,,,,,,,,,,,,,,,,,,,,,,,,,,,,,,,,,7,,2,,,2,400000,1,4800000,3,,7,1,1,0,1,0,3,1,1,40,,.,40,,,2,7,,2,,2,,,,1,,,,,,,,,1,2,2,1,5,7,1,,2,,,,,,,,3,3,3,,2,,,,2,,,,,,,,,,,,,,1,1,1,2,1,1,5,,99,45,1,04,4,4520,400000,41,2870.5818967,
5439324,1,1,1,60,2,41,1,1,,,1,,,1,2,2,2,1,,1,,2,600000,2,,,2,,2,,2,,2,,2,,,2,,,2,,,2,,,2,,,2,,,2,,2,,2,,2,,2,,2,,,.,,,,,,,,,.,1,,,,,,,,,70,,.,70,,,2,7,,2,,2,,,,1,,,,,,1,,,,2,2,2,,,,,1,41,7,4,,60000,2,1,,3,2,,2,,,,2,,,,,,,,,,,,,,1,1,1,2,1,1,3,,53,56,1,04,1,5611,660000,41,2870.5818967,
5439324,1,2,1,60,2,41,2,,,,,,,,,,,12,,,,,,,,,,,,,,,,,,,,,,,,,,,,,,,,,,,,,,,,,,,,,,,,.,,,,,,,,,.,12,,,,,,,,,20,2,,20,,,2,1,,2,,2,,,,1,,,,,,,,,1,2,2,2,,,,,2,,,,,,,,,14,,,2,,,,2,,,,,,,,,,,,,,1,1,1,2,1,1,3,,45,47,1,04,6,4759,,41,2870.5818967,
5439324,1,3,1,60,2,41,2,,,,,,,,,,,1,,,,,,,,,,,,,,,,,,,,,,,,,,,,,,,,,,,,,,,,,,,,,,,6,,,,,2,350000,1,700000,2,,3,2,,,,,1,5,2,40,,.,40,,,1,8,,2,,2,,,,1,,,,,,,,,1,2,2,2,,,,,2,,,,,,,,,11,90,,2,,,,1,1,1,1,2,1,2,1,2,2,2,,2,1,1,1,1,2,2,1,3,,62,01,1,04,4,0123,350000,41,2870.5818967,
5439324,1,5,1,60,2,41,2,,,,,,,,,,,1,,,,,,,,,,,,,,,,,,,,,,,,,,,,,,,,,,,,,,,,,,,,,,,,.,,,,,,,,,.,1,,,,,,,,,20,2,,20,,,2,1,,2,,,,,,1,,,,,,,,,1,2,2,2,,,,,2,,,,,,,,,14,,,2,,,,2,,,,,,,,,,,,,,1,1,1,2,2,1,3,,45,47,1,04,6,4759,,41,2870.5818967,
5439325,1,1,1,60,2,41,2,,,,,,,,,,,240,,,,,,,,,,,,,,,,,,,,,,,,,,,,,,,,,,,,,,,,,,,,,,,6,,,,,2,800000,1,9600000,3,,12,2,,,,,2,9,2,48,,.,48,,,1,8,,2,,2,,,,1,,,,1,,,,,,2,2,2,,,,,2,,,,,,,,,3,25,,2,,,,2,,,,,,,,,,,,,,1,1,1,2,1,1,2,,62,01,1,04,4,0112,800000,41,2870.5818967,
5439329,1,1,1,60,2,41,2,,,,,,,,,,,12,,,,,,,,,,,,,,,,,,,,,,,,,,,,,,,,,,,,,,,,,,,,,,,7,,2,,,2,1000000,1,12000000,3,,12,1,2,0,2,0,1,3,2,40,,.,40,,,2,8,,1,,3,,,,,.,,,,,,,,,2,2,1,50,300,2,,2,,,,,,,,4,11,15,,2,,,,2,,,,,,,,,,,,,,1,1,1,2,1,1,2,,61,01,1,04,4,0121,1000000,41,827.893525,
5439330,1,1,1,60,2,41,2,,,,,,,,,,,480,,,,,,,,,,,,,,,,,,,,,,,,,,,,,,,,,,,,,,,,,,,,,,,6,,,,,3,300000,1,98,3,,8,2,,,,,2,1,1,45,,.,0,6,,1,8,,2,,2,,,,1,,,,,,,,,1,2,2,2,,,,,2,,,,,,,,,13,15,2,2,,,,1,1,1,1,2,1,2,1,1,2,2,,1,1,2,2,2,2,2,1,8,,62,01,1,04,4,0161,300000,41,717.64547419,
5439332,1,1,1,60,2,41,2,,,,,,,,,,,560,,,,,,,,,,,,,,,,,,,,,,,,,,,,,,,,,,,,,,,,,,,,,,,6,,,,,3,,1,98,2,,6,2,,,,,2,5,2,20,1,,10,1,,1,8,,2,,2,,,,1,,,,,,,,,1,2,2,2,,,,,2,,,,,,,,,3,60,2,2,,,,2,,,,,,,,,,,,,,2,2,2,2,1,1,3,,62,01,1,04,4,0121,,41,847.06294459,
5439332,1,3,1,60,2,41,2,,,,,,,,,,,12,,,,,,,,,,,,,,,,,,,,,,,,,,,,,,,,,,,,,,,,,,,,,,,6,,,,,3,200000,1,800000,1,,4,2,,,,,2,1,1,45,,.,10,6,,1,8,,10,,2,,,,1,,,,,,,,,1,2,2,1,0,12,1,,2,,,,,,,,5,11,60,1,2,,,,1,1,1,1,2,1,2,1,2,2,2,,1,1,2,2,2,2,2,1,8,,62,01,1,04,4,0121,200000,41,847.06294459,
5439333,1,1,1,60,2,41,1,1,,,1,,,1,2,2,2,72,,1,,2,800000,2,,,2,,2,,2,,2,,2,,,2,,,2,,,2,,,2,,,2,,,2,,2,,2,,2,,2,,2,,,.,,,,,,,,,.,12,,,,,,,,,48,,.,48,,,3,8,,2,,2,,,,1,,,,,,,,,1,2,2,1,1,120,4,,2,,,,,,,,3,11,10,,2,,,,2,,,,,,,,,,,,,,1,2,1,2,2,1,9,,62,01,1,04,8,0161,800000,41,1411.4380701,
5439334,1,1,1,60,2,41,2,,,,,,,,,,,12,,,,,,,,,,,,,,,,,,,,,,,,,,,,,,,,,,,,,,,,,,,,,,,6,,,,,2,0,1,240000,3,,12,2,,,,,2,3,2,16,2,,0,6,,1,1,,2,,2,,,,1,,,,,,,,,1,2,2,1,0,5,1,,1,41,8,4,,0,1,1,9,14,,2,1,16,2,1,2,,,,,,,,,,,,,,1,1,1,2,2,1,3,,79,95,1,04,4,9529,0,41,988.89860708,
5439335,1,1,1,60,2,41,1,1,,,1,,,1,2,2,2,36,,1,,2,650000,2,,,1,260000,2,,2,,2,,2,,,2,,,2,,,2,,,2,,,2,,,1,650000,2,,2,,2,,2,,2,,,.,,,,,,,,,.,12,,,,,,,,,48,,.,48,,,2,8,,1,,1,2,1,3,1,,,,,,1,,,,1,2,1,0,360,4,,2,,,,,,,,3,11,30,,2,,,,2,,,,,,,,,,,,,,1,1,1,2,1,1,10,BUSCAR OTRO TRABAJO,62,01,1,04,8,0150,910000,41,1707.4919351,
5439336,1,2,1,60,2,41,1,2,2,12,1,,,1,1,2,1,14,,2,,1,940000,2,,,2,,2,,2,,2,,2,,,1,90000,2,1,37000,2,2,,,2,,,2,,,1,900000,2,,2,,2,,2,,2,,,.,,,,,,,,,.,12,,,,,,,,,48,,.,48,,,9,7,,1,,1,1,1,5,1,1,,,,,,,,,1,1,1,6,6,1,,2,,,,,,,,1,11,10,,2,,,,2,,,,,,,,,,,,,,1,1,1,2,1,1,5,,55,42,1,04,1,4210,940000,41,1405.0694126,
5439338,1,1,1,60,2,41,2,,,,,,,,,,,360,,,,,,,,,,,,,,,,,,,,,,,,,,,,,,,,,,,,,,,,,,,,,,,6,,,,,2,800000,1,9600000,3,,12,2,,,,,2,9,2,48,,.,48,,,1,8,,2,,2,,,,1,,,,1,,,,,,2,2,2,,,,,2,,,,,,,,,11,10,,2,,,,2,,,,,,,,,,,,,,1,1,1,2,1,1,9,,62,01,1,04,4,0112,800000,41,1003.7455591,
5439339,1,1,1,60,2,41,2,,,,,,,,,,,600,,,,,,,,,,,,,,,,,,,,,,,,,,,,,,,,,,,,,,,,,,,,,,,6,,,,,2,150000,1,1500000,2,,12,2,,,,,2,1,2,40,,.,0,6,,1,8,,2,,2,,,,1,,,,,,,,,1,2,2,2,,,,,2,,,,,,,,,11,15,2,1,40,1,1,1,1,1,1,2,1,2,1,2,2,2,,1,1,1,1,1,2,2,1,3,,62,01,1,04,4,0112,150000,41,1367.5574459,
5439340,1,3,1,60,2,41,2,,,,,,,,,,,400,,,,,,,,,,,,,,,,,,,,,,,,,,,,,,,,,,,,,,,,,,,,,,,6,,,,,2,700000,1,8400000,2,,12,2,,,,,2,9,2,48,,.,48,,,1,8,,2,,2,,,,1,,,,1,,,,,,2,2,2,,,,,2,,,,,,,,,3,20,,2,,,,2,,,,,,,,,,,,,,1,1,1,2,1,1,5,,62,01,1,04,4,0112,700000,41,717.64547419,
5439340,1,4,1,60,2,41,2,,,,,,,,,,,384,,,,,,,,,,,,,,,,,,,,,,,,,,,,,,,,,,,,,,,,,,,,,,,6,,,,,2,700000,1,8400000,2,,12,2,,,,,2,9,2,48,,.,48,,,1,8,,2,,2,,,,1,,,,1,,,,,,2,2,2,,,,,2,,,,,,,,,3,20,,2,,,,2,,,,,,,,,,,,,,1,1,1,2,2,1,5,,62,01,1,04,4,0112,700000,41,717.64547419,
5439340,1,5,1,60,2,41,2,,,,,,,,,,,108,,,,,,,,,,,,,,,,,,,,,,,,,,,,,,,,,,,,,,,,,,,,,,,6,,,,,2,500000,1,6000000,2,,12,2,,,,,1,1,1,40,,.,30,6,,1,8,,2,,2,,,,1,,,,,,,,,1,2,2,2,,,,,2,,,,,,,,,3,20,2,2,,,,1,1,2,1,2,1,2,2,2,1,2,,2,1,2,2,1,2,2,1,8,,77,82,1,04,4,8299,500000,41,717.64547419,
5439341,1,1,1,60,2,41,2,,,,,,,,,,,24,,,,,,,,,,,,,,,,,,,,,,,,,,,,,,,,,,,,,,,,,,,,,,,6,,,,,2,700000,1,8400000,3,,12,2,,,,,2,1,1,48,,.,48,,,1,8,,2,,2,,,,1,,,,,,1,,,,2,2,1,1,60,1,,2,,,,,,,,1,11,10,,2,,,,1,1,2,1,2,1,2,2,2,2,2,,1,1,1,2,1,2,2,2,9,,62,01,1,04,4,0161,700000,41,2545.7421413,
5439342,1,1,1,60,2,41,2,,,,,,,,,,,360,,,,,,,,,,,,,,,,,,,,,,,,,,,,,,,,,,,,,,,,,,,,,,,6,,,,,3,,1,98,3,,7,1,2,0,0,2,2,10,2,10,1,,10,,,2,8,,2,,1,4,2,2,1,1,,,,,,,,,2,2,2,,,,,2,,,,,,,,,11,30,,2,,,,2,,,,,,,,,,,,,,1,2,2,2,2,1,8,,44,46,1,04,4,4620,,41,1467.8730694,
5439342,1,3,1,60,2,41,2,,,,,,,,,,,96,,,,,,,,,,,,,,,,,,,,,,,,,,,,,,,,,,,,,,,,,,,,,,,,.,,,,,,,,,.,7,,,,,,,,,10,1,,10,,,2,8,,2,,2,,,,1,,,,,,,,,1,2,2,1,0,2,1,,2,,,,,,,,1,11,10,,1,40,2,1,1,1,1,1,2,1,2,2,2,2,2,,1,1,2,2,2,2,2,1,3,,44,46,1,04,6,4620,,41,1467.8730694,
5439342,1,5,1,60,2,41,2,,,,,,,,,,,36,,,,,,,,,,,,,,,,,,,,,,,,,,,,,,,,,,,,,,,,,,,,,,,,.,,,,,,,,,.,7,,,,,,,,,10,1,,10,,,2,8,,2,,2,,,,1,,,,,,,,,1,2,2,1,0,2,1,,2,,,,,,,,1,11,30,,1,40,1,1,1,1,2,1,2,1,2,2,2,2,2,,1,1,2,2,2,2,1,1,3,,44,46,1,04,6,4620,,41,1467.8730694,
5439343,1,1,1,60,2,41,2,,,,,,,,,,,336,,,,,,,,,,,,,,,,,,,,,,,,,,,,,,,,,,,,,,,,,,,,,,,6,,,,,2,300000,1,3000000,2,,12,2,,,,,2,1,2,24,1,,24,,,1,8,,2,,2,,,,1,,,,,,1,,,,2,2,2,,,,,2,,,,,,,,,11,5,,1,24,2,1,2,,,,,,,,,,,,,,1,1,1,2,2,1,10,BUSCAR OTRO TRABAJO,62,01,1,04,4,0161,300000,41,2415.204982,
5439343,1,2,1,60,2,41,2,,,,,,,,,,,12,,,,,,,,,,,,,,,,,,,,,,,,,,,,,,,,,,,,,,,,,,,,,,,6,,,,,2,100000,1,1200000,3,,12,2,,,,,2,3,2,30,2,,30,,,1,1,,2,,2,,,,1,,,,,,1,,,,2,2,2,,,,,2,,,,,,,,,14,,,2,,,,2,,,,,,,,,,,,,,1,1,1,2,1,1,3,,45,47,1,04,4,4729,100000,41,2415.204982,
5439344,1,1,1,60,2,41,2,,,,,,,,,,,84,,,,,,,,,,,,,,,,,,,,,,,,,,,,,,,,,,,,,,,,,,,,,,,6,,,,,2,600000,1,7200000,3,,12,2,,,,,2,1,1,48,,.,48,,,1,8,,2,,2,,,,1,,,,1,,,,,,2,2,1,5,84,1,,2,,,,,,,,5,3,25,,2,,,,1,1,2,1,2,1,2,2,1,1,2,,2,1,2,2,1,2,2,2,3,,62,01,1,04,4,0161,600000,41,717.64547419,
5439344,1,3,1,60,2,41,2,,,,,,,,,,,36,,,,,,,,,,,,,,,,,,,,,,,,,,,,,,,,,,,,,,,,,,,,,,,6,,,,,2,250000,1,2000000,2,,10,2,,,,,1,1,1,30,2,,30,,,1,8,,2,,2,,,,1,,,,,,,,,1,2,2,1,12,48,1,,2,,,,,,,,2,3,15,,2,,,,1,1,2,1,2,1,2,2,2,2,2,,1,1,2,2,1,2,2,2,3,,62,01,1,04,4,0112,250000,41,717.64547419,
5439344,1,5,1,60,2,41,2,,,,,,,,,,,360,,,,,,,,,,,,,,,,,,,,,,,,,,,,,,,,,,,,,,,,,,,,,,,6,,,,,2,500000,1,6000000,3,,12,2,,,,,2,3,2,48,,.,48,,,1,8,,2,,2,,,,1,,,,,,,,,1,2,2,2,,,,,2,,,,,,,,,3,20,,2,,,,2,,,,,,,,,,,,,,1,2,1,2,2,1,8,,62,01,1,04,4,0161,500000,41,717.64547419,
5439345,1,1,1,60,2,41,2,,,,,,,,,,,96,,,,,,,,,,,,,,,,,,,,,,,,,,,,,,,,,,,,,,,,,,,,,,,6,,,,,3,100000,1,800000,3,,12,2,,,,,2,3,1,10,1,,10,,,1,1,,11,,2,,,,1,,,,,,,,,1,2,2,1,24,60,3,,2,,,,,,,,9,3,2,,2,,,,1,1,1,1,2,1,2,2,2,2,2,,2,1,1,2,1,2,2,1,3,,53,56,1,04,4,5619,100000,41,2870.5818967,
5439346,1,1,1,60,2,41,2,,,,,,,,,,,12,,,,,,,,,,,,,,,,,,,,,,,,,,,,,,,,,,,,,,,,,,,,,,,6,,,,,2,300000,1,3000000,2,,12,2,,,,,1,1,2,20,2,,20,,,1,8,,2,,2,,,,1,,,,,,,,,1,2,2,2,,,,,2,,,,,,,,,3,30,,2,,,,2,,,,,,,,,,,,,,1,1,1,2,1,1,10,BUSCAR OTRO TRABAJO,62,01,1,04,4,0161,300000,41,914.7964471,
5439347,1,1,1,60,2,41,2,,,,,,,,,,,24,,,,,,,,,,,,,,,,,,,,,,,,,,,,,,,,,,,,,,,,,,,,,,,7,,2,,,2,1000000,1,12000000,3,,12,1,1,0,1,0,1,6,2,50,,.,50,,,2,8,,2,,2,,,,1,,,1,1,,,,,,2,2,1,4,60,1,,2,,,,,,,,1,11,10,,2,,,,2,,,,,,,,,,,,,,1,1,1,2,1,1,2,,61,01,1,04,4,0121,1000000,41,1925.9551115,
5439348,1,1,1,60,2,41,2,,,,,,,,,,,12,,,,,,,,,,,,,,,,,,,,,,,,,,,,,,,,,,,,,,,,,,,,,,,7,,2,,,2,300000,1,3600000,3,,12,1,1,0,0,1,3,3,2,70,,.,0,1,,2,7,,2,,2,,,,1,,,,,,1,,,,2,2,2,,,,,1,41,7,4,,167500,1,2,,3,1,2,2,,,,2,,,,,,,,,,,,,,1,1,1,2,1,1,3,,41,47,1,04,4,4711,467500,41,717.64547419,
5439348,1,2,1,60,2,41,2,,,,,,,,,,,96,,,,,,,,,,,,,,,,,,,,,,,,,,,,,,,,,,,,,,,,,,,,,,,6,,,,,2,400000,1,3000000,2,,12,2,,,,,2,1,1,40,,.,40,,,1,8,,2,,2,,,,1,,,,,,,,,1,2,2,2,,,,,1,41,0,4,,0,1,6,,11,5,,2,,,,1,1,1,1,2,1,2,1,2,2,2,,2,1,1,1,1,2,2,1,3,,62,01,1,04,4,0161,400000,41,717.64547419,
5439348,1,3,1,60,2,41,2,,,,,,,,,,,10,,,,,,,,,,,,,,,,,,,,,,,,,,,,,,,,,,,,,,,,,,,,,,,6,,,,,2,116000,1,1200000,2,,10,2,,,,,2,1,2,16,2,,0,6,,1,1,,2,,2,,,,1,,,,,,,,,1,2,2,2,,,,,1,41,40,6,,,2,7,,14,,2,1,20,2,1,1,1,1,1,2,1,2,1,2,2,2,,1,1,1,1,1,2,2,1,3,,53,56,1,04,4,5619,116000,41,717.64547419,
5439349,1,1,1,60,2,41,1,2,2,2,2,1,,1,1,2,1,1,,1,,2,1000000,2,,,1,70000,2,,2,,2,,2,,,1,90000,1,2,,,2,,,2,,,2,,,2,,2,,2,,2,,2,,2,,,.,,,,,,,,,.,12,,,,,,,,,48,,.,48,,,9,8,,1,,1,1,1,1,1,,,,,,,,,1,2,1,1,4,2,1,,2,,,,,,,,1,11,40,,2,,,,2,,,,,,,,,,,,,,1,1,1,1,2,1,5,,84,06,1,04,1,0610,1070000,41,1925.9551115,7810
5439350,1,1,1,60,2,41,2,,,,,,,,,,,72,,,,,,,,,,,,,,,,,,,,,,,,,,,,,,,,,,,,,,,,,,,,,,,6,,,,,3,60000,1,98,3,,12,1,1,0,1,0,2,3,1,20,1,,0,6,,2,1,,2,,2,,,,1,,,,,,,,,1,2,2,2,,,,,2,,,,,,,,,14,,1,1,20,2,2,1,1,2,1,2,1,2,2,1,1,2,,2,1,1,2,1,2,1,1,8,,53,56,1,04,4,5619,60000,41,988.89860708,
5439352,1,2,1,60,2,41,1,2,1,,1,,,1,1,1,1,24,,2,,2,1500000,2,,,2,,2,,2,,2,,2,,,1,106000,2,2,,,2,,,2,,,2,,,1,750000,1,750000,2,,2,,2,,2,,,.,,,,,,,,,.,12,,,,,,,,,48,,.,48,,,7,8,,1,,1,1,1,3,1,1,,,,,,,,,1,1,1,4,28,4,,2,,,,,,,,3,11,15,,2,,,,2,,,,,,,,,,,,,,1,1,1,2,1,1,1,,87,42,1,04,1,4290,1500000,41,1711.458606,
5439352,1,5,1,60,2,41,2,,,,,,,,,,,14,,,,,,,,,,,,,,,,,,,,,,,,,,,,,,,,,,,,,,,,,,,,,,,6,,,,,2,300000,1,3600000,2,,12,2,,,,,2,10,2,30,1,,30,,,1,8,,2,,2,,,,1,,,,,,,,,1,2,2,2,,,,,2,,,,,,,,,3,10,,1,20,2,1,1,1,2,1,2,1,2,2,2,2,2,,2,1,2,2,2,2,2,1,8,,62,01,1,04,4,0121,300000,41,1711.458606,
5439353,1,1,1,60,2,41,2,,,,,,,,,,,156,,,,,,,,,,,,,,,,,,,,,,,,,,,,,,,,,,,,,,,,,,,,,,,6,,,,,2,250000,1,2500000,2,,12,2,,,,,2,1,2,24,1,,0,6,,1,8,,2,,2,,,,1,,,,,,1,,,,2,2,1,0,1,4,,2,,,,,,,,3,11,6,2,1,24,2,1,2,,,,,,,,,,,,,,1,1,2,2,2,1,3,,62,01,1,04,4,0121,250000,41,989.92170203,
5439353,1,2,1,60,2,41,2,,,,,,,,,,,0,,,,,,,,,,,,,,,,,,,,,,,,,,,,,,,,,,,,,,,,,,,,,,,6,,,,,2,28000,1,28000,1,,1,1,1,0,1,0,2,5,2,8,2,,0,6,,2,2,,2,,,,,,1,,,,,,,,,1,2,2,2,,,,,2,,,,,,,,,3,20,2,2,,,,2,,,,,,,,,,,,,,1,1,1,2,2,1,3,,53,56,1,04,4,5619,28000,41,989.92170203,
5439355,1,1,1,60,2,41,2,,,,,,,,,,,360,,,,,,,,,,,,,,,,,,,,,,,,,,,,,,,,,,,,,,,,,,,,,,,6,,,,,2,500000,1,6000000,3,,12,2,,,,,2,10,2,40,,.,40,,,1,8,,2,,2,,,,1,,,,,,,,,1,2,2,2,,,,,2,,,,,,,,,3,10,,2,,,,2,,,,,,,,,,,,,,1,1,1,2,1,1,8,,62,01,1,04,4,0161,500000,41,1367.5574459,
5439356,1,1,1,60,2,41,2,,,,,,,,,,,36,,,,,,,,,,,,,,,,,,,,,,,,,,,,,,,,,,,,,,,,,,,,,,,7,,2,,,2,1500000,1,20000000,3,,12,1,1,1,0,0,2,3,2,56,,.,56,,,2,8,,1,,2,,,,1,,,1,1,,1,,,,2,2,1,0,96,2,,2,,,,,,,,1,3,1,,2,,,,2,,,,,,,,,,,,,,1,1,1,2,1,1,10,BUSCAR OTRO TRABAJO,62,01,1,04,5,0150,1500000,41,1636.086964,
5439356,1,2,1,60,2,41,1,1,,,1,,,1,2,2,1,0,,1,,2,1000000,2,,,1,400000,1,100000,2,,2,,2,,,2,,,2,,,2,,,2,,,2,,,2,,2,,2,,2,,2,,2,,,.,,,,,,,,,.,12,,,,,,,,,56,,.,56,,,2,8,,2,,2,,,,1,,,,,,1,,,,2,2,1,0,12,8,,2,,,,,,,,9,3,1,,2,,,,2,,,,,,,,,,,,,,1,1,1,2,1,1,10,BUSCANDO OTRO TRABAJO,62,01,1,04,8,0150,1500000,41,1636.086964,
5439358,1,1,1,60,2,41,2,,,,,,,,,,,485,,,,,,,,,,,,,,,,,,,,,,,,,,,,,,,,,,,,,,,,,,,,,,,7,,2,,,2,200000,1,98,3,,12,2,,,,,2,3,1,50,,.,50,,,1,8,,2,,2,,,,1,,,,,,,,,1,2,2,2,,,,,2,,,,,,,,,3,5,,2,,,,2,,,,,,,,,,,,,,1,2,1,2,1,1,8,,60,01,1,04,4,0141,200000,41,1367.5574459,
5439359,1,1,1,60,2,41,2,,,,,,,,,,,600,,,,,,,,,,,,,,,,,,,,,,,,,,,,,,,,,,,,,,,,,,,,,,,7,,2,,,2,800000,1,9000000,3,,12,2,,,,,2,3,2,48,,.,48,,,1,8,,2,,2,,,,1,,,1,,,,,,,2,2,2,,,,,2,,,,,,,,,3,1,,2,,,,2,,,,,,,,,,,,,,1,1,1,2,1,1,3,,62,01,1,04,4,0141,800000,41,921.16510457,
5439361,1,1,1,60,2,41,1,1,,,1,,,2,2,2,1,1,,1,,2,990000,2,,,2,,2,,2,,2,,2,,,1,90000,2,2,,,2,,,2,,,2,,,2,,2,,2,,2,,2,,2,,,.,,,,,,,,,.,12,,,,,,,,,77,,.,77,,,4,9,,1,,1,1,1,98,1,,,,,,,,,1,1,1,1,0,240,4,,2,,,,,,,,3,3,15,,2,,,,2,,,,,,,,,,,,,,1,1,1,1,1,1,8,,58,42,1,04,1,4210,990000,41,1628.8781514,
5439361,1,3,1,60,2,41,2,,,,,,,,,,,120,,,,,,,,,,,,,,,,,,,,,,,,,,,,,,,,,,,,,,,,,,,,,,,6,,,,,3,300000,1,98,3,,12,2,,,,,2,10,1,48,,.,24,6,,1,8,,2,,2,,,,1,,,,,,,,,1,2,2,2,,,,,2,,,,,,,,,3,15,2,2,,,,1,1,1,1,2,1,2,2,1,1,2,,2,1,1,1,1,2,2,1,3,,62,01,1,04,4,0161,300000,41,1628.8781514,
5439362,1,1,1,60,2,41,2,,,,,,,,,,,72,,,,,,,,,,,,,,,,,,,,,,,,,,,,,,,,,,,,,,,,,,,,,,,6,,,,,2,1000000,1,10000000,2,,12,2,,,,,2,3,2,50,,.,50,,,1,8,,2,,2,,,,1,,,1,1,,,,,,2,2,2,,,,,2,,,,,,,,,11,15,,2,,,,2,,,,,,,,,,,,,,1,1,1,2,1,1,2,,62,01,1,04,4,0161,1000000,41,1710.189124,
5439363,1,1,1,60,2,41,2,,,,,,,,,,,360,,,,,,,,,,,,,,,,,,,,,,,,,,,,,,,,,,,,,,,,,,,,,,,7,,2,,,2,200000,1,500000,3,,12,2,,,,,1,3,2,40,,.,40,,,1,8,,2,,2,,,,1,,,,,,,,,1,2,2,1,0,2,1,,2,,,,,,,,1,3,2,,2,,,,2,,,,,,,,,,,,,,1,1,1,1,1,1,8,,60,01,1,04,4,0141,200000,41,717.64547419,
5439364,1,2,1,60,2,41,2,,,,,,,,,,,248,,,,,,,,,,,,,,,,,,,,,,,,,,,,,,,,,,,,,,,,,,,,,,,6,,,,,3,300000,1,1200000,3,,12,2,,,,,2,1,1,48,,.,16,6,,1,8,,6,,2,,,,1,,,,,,,,,1,2,2,1,5,6,1,,2,,,,,,,,3,11,20,2,2,,,,1,1,1,1,2,1,2,2,1,2,2,,2,1,1,2,1,2,1,1,3,,62,01,1,04,4,0161,300000,41,1059.1574634,
5439364,1,3,1,60,2,41,2,,,,,,,,,,,120,,,,,,,,,,,,,,,,,,,,,,,,,,,,,,,,,,,,,,,,,,,,,,,6,,,,,3,200000,1,98,3,,12,2,,,,,2,1,1,48,,.,48,,,1,8,,6,,2,,,,1,,,,,,,,,1,2,2,1,12,13,1,,2,,,,,,,,1,11,30,,1,10,1,1,1,1,1,1,2,1,2,2,2,2,2,,2,1,1,2,1,2,2,1,5,,62,01,1,04,4,0161,200000,41,1059.1574634,
5439365,1,1,1,60,2,41,2,,,,,,,,,,,264,,,,,,,,,,,,,,,,,,,,,,,,,,,,,,,,,,,,,,,,,,,,,,,6,,,,,2,400000,1,4000000,2,,12,2,,,,,2,1,2,32,1,,24,6,,1,8,,2,,2,,,,1,,,,,,1,,,,2,2,2,,,,,2,,,,,,,,,11,5,1,2,,,,2,,,,,,,,,,,,,,1,1,1,2,1,1,10,BUSCAR OTRO TRABAJO,61,01,1,04,4,0129,400000,41,717.64547419,
5439367,1,1,1,60,2,41,2,,,,,,,,,,,48,,,,,,,,,,,,,,,,,,,,,,,,,,,,,,,,,,,,,,,,,,,,,,,6,,,,,2,160000,1,2000000,1,,12,2,,,,,1,5,2,10,1,,10,,,2,7,,2,,2,,,,1,,,,,,,,,1,2,2,1,12,120,8,,2,,,,,,,,6,3,5,,1,30,2,1,1,1,2,1,2,2,2,2,2,2,2,,2,1,1,2,2,2,2,1,3,,79,47,1,04,4,4723,160000,41,2870.5818967,
5439367,1,3,1,60,2,41,2,,,,,,,,,,,24,,,,,,,,,,,,,,,,,,,,,,,,,,,,,,,,,,,,,,,,,,,,,,,6,,,,,2,500000,1,6000000,3,,12,2,,,,,2,9,1,48,,.,48,,,1,8,,2,,2,,,,1,,,,,,,,,1,2,2,2,,,,,2,,,,,,,,,12,15,,2,,,,1,1,1,1,2,2,2,2,1,2,2,,2,1,2,2,1,2,1,1,5,,61,01,1,04,4,0161,500000,41,2870.5818967,
5439367,1,4,1,60,2,41,2,,,,,,,,,,,36,,,,,,,,,,,,,,,,,,,,,,,,,,,,,,,,,,,,,,,,,,,,,,,6,,,,,2,500000,1,6000000,3,,12,2,,,,,2,10,2,48,,.,48,,,1,8,,2,,2,,,,1,,,,1,,,,,,2,2,2,,,,,2,,,,,,,,,11,10,,2,,,,2,,,,,,,,,,,,,,1,1,1,2,1,1,2,,61,01,1,04,4,0161,500000,41,2870.5818967,
5439367,1,5,1,60,2,41,2,,,,,,,,,,,14,,,,,,,,,,,,,,,,,,,,,,,,,,,,,,,,,,,,,,,,,,,,,,,6,,,,,2,300000,1,3000000,1,,12,2,,,,,2,4,2,28,2,,28,,,1,8,,2,,2,,,,1,,,,1,,,,,,2,2,2,,,,,2,,,,,,,,,3,15,,2,,,,2,,,,,,,,,,,,,,1,1,1,2,1,1,3,,61,01,1,04,4,0161,300000,41,2870.5818967,
5439369,1,1,1,60,2,41,2,,,,,,,,,,,480,,,,,,,,,,,,,,,,,,,,,,,,,,,,,,,,,,,,,,,,,,,,,,,6,,,,,2,600000,1,8000000,3,,12,2,,,,,2,10,2,48,,.,48,,,1,8,,2,,2,,,,1,,,,,,,,,1,2,2,2,,,,,2,,,,,,,,,12,40,,2,,,,2,,,,,,,,,,,,,,1,2,1,2,2,2,8,,61,01,1,04,4,0161,600000,41,2060.1637394,
5439369,1,2,1,60,2,41,1,2,2,10,2,1,,1,2,2,2,3,,,,,,,,,,,,,,,,,,,,,,,,,,,,,,,,,,,,,,,,,,,,,,,1,,,,,2,1100000,1,3300000,3,,3,2,,,,,1,1,2,48,,.,48,,,9,7,,1,,1,2,2,1,1,1,,,,,,,,,1,2,1,24,36,1,,2,,,,,,,,1,3,20,,2,,,,2,,,,,,,,,,,,,,1,1,1,2,2,1,3,,55,85,1,04,4,8530,1100000,41,2060.1637394,8121
5439373,1,1,1,60,2,41,2,,,,,,,,,,,48,,,,,,,,,,,,,,,,,,,,,,,,,,,,,,,,,,,,,,,,,,,,,,,6,,,,,2,400000,1,3000000,3,,12,1,2,0,0,2,3,3,2,12,2,,12,,,2,6,,2,,2,,,,1,,,,,,1,,,,2,2,2,,,,,2,,,,,,,,,3,3,,2,,,,2,,,,,,,,,,,,,,1,1,1,2,2,1,10,BUSCAR OTRO TRABAJO,53,56,1,04,4,5619,400000,41,2870.5818967,
5439373,1,2,1,60,2,41,2,,,,,,,,,,,120,,,,,,,,,,,,,,,,,,,,,,,,,,,,,,,,,,,,,,,,,,,,,,,6,,,,,2,200000,1,2800000,2,,12,2,,,,,2,1,2,48,,.,0,6,,1,8,,2,,2,,,,1,,,,,,,,,1,2,2,1,0,24,1,,1,41,2,6,,,2,6,7,11,10,2,2,,,,1,1,1,1,2,2,2,1,2,2,2,,2,1,1,1,1,2,2,1,3,,61,01,1,04,4,0161,200000,41,2870.5818967,
5439373,1,4,1,60,2,41,2,,,,,,,,,,,1,,,,,,,,,,,,,,,,,,,,,,,,,,,,,,,,,,,,,,,,,,,,,,,,.,,,,,,,,,.,2,,,,,,,,,8,2,,8,,,2,6,,2,,2,,,,1,,,,,,1,,,,2,2,1,0,12,1,,2,,,,,,,,2,3,3,,2,,,,2,,,,,,,,,,,,,,1,1,1,2,2,1,3,,53,56,1,04,6,5619,,41,2870.5818967,
5439374,1,1,1,60,2,41,2,,,,,,,,,,,180,,,,,,,,,,,,,,,,,,,,,,,,,,,,,,,,,,,,,,,,,,,,,,,6,,,,,3,150000,1,1500000,1,,12,2,,,,,2,1,1,45,,.,15,6,,1,7,,2,,2,,,,1,,,,,,,,,1,2,2,1,0,4,1,,2,,,,,,,,1,11,30,2,2,,,,1,1,2,1,2,1,2,2,1,2,2,,2,1,1,2,2,2,2,1,8,,55,81,1,04,4,8129,150000,41,1361.1887884,
5439376,1,1,1,60,2,41,1,1,,,1,,,1,2,2,2,20,,1,,2,400000,2,,,2,,2,,2,,2,,2,,,2,,,2,,,2,,,2,,,2,,,2,,2,,2,,2,,2,,2,,,.,,,,,,,,,.,12,,,,,,,,,30,2,,30,,,1,2,,2,,2,,,,1,,,,,,,,,1,2,2,1,6,48,4,,2,,,,,,,,1,3,5,,2,,,,1,1,2,1,2,1,2,2,2,2,2,,2,1,1,2,1,2,2,1,3,,54,97,1,04,3,9700,400000,41,1348.6344133,
5439376,1,2,1,60,2,41,2,,,,,,,,,,,24,,,,,,,,,,,,,,,,,,,,,,,,,,,,,,,,,,,,,,,,,,,,,,,6,,,,,2,300000,1,3600000,3,,12,2,,,,,2,4,2,30,2,,30,,,1,8,,2,,2,,,,1,,,,1,,,,,,2,2,2,,,,,2,,,,,,,,,11,10,,2,,,,2,,,,,,,,,,,,,,1,1,1,2,1,1,3,,61,01,1,04,4,0161,300000,41,1348.6344133,
5439378,1,1,1,60,2,41,2,,,,,,,,,,,485,,,,,,,,,,,,,,,,,,,,,,,,,,,,,,,,,,,,,,,,,,,,,,,6,,,,,3,300000,1,2000000,3,,12,2,,,,,2,1,1,45,,.,27,6,,1,8,,2,,2,,,,1,,,,,,,,,1,2,2,2,,,,,2,,,,,,,,,11,30,2,2,,,,1,1,2,1,1,1,1,2,1,1,2,,2,1,1,2,1,2,2,1,8,,61,01,1,04,4,0161,300000,41,1628.8781514,
5439378,1,2,1,60,2,41,2,,,,,,,,,,,24,,,,,,,,,,,,,,,,,,,,,,,,,,,,,,,,,,,,,,,,,,,,,,,6,,,,,3,160000,1,1600000,3,,8,2,,,,,2,1,2,10,1,,10,,,1,1,,2,,2,,,,1,,,,,,,,,1,2,2,2,,,,,1,41,0,4,,80000,1,1,,14,,,2,,,,2,,,,,,,,,,,,,,1,1,1,2,1,1,3,,61,01,1,04,4,0145,240000,41,1628.8781514,
5439378,1,3,1,60,2,41,2,,,,,,,,,,,12,,,,,,,,,,,,,,,,,,,,,,,,,,,,,,,,,,,,,,,,,,,,,,,6,,,,,3,1000000,1,3000000,3,,12,2,,,,,2,1,1,40,,.,0,7,VIAJANDO OTRA CIUDAD ACTIVIDADES PERSONALES,1,8,,2,,2,,,,1,,,,,,,,,1,2,2,2,,,,,2,,,,,,,,,11,30,,1,10,2,1,1,1,1,1,2,1,2,2,1,2,2,,1,1,2,2,2,2,2,1,5,,61,01,1,04,4,0161,1000000,41,1628.8781514,
5439381,1,1,1,60,2,41,2,,,,,,,,,,,120,,,,,,,,,,,,,,,,,,,,,,,,,,,,,,,,,,,,,,,,,,,,,,,6,,,,,3,,1,98,3,,12,2,,,,,2,3,2,45,,.,45,,,1,8,,2,,2,,,,1,,,,,,,,,1,2,2,1,0,240,5,,1,41,20,4,,,1,7,3,11,30,,2,,,,2,,,,,,,,,,,,,,1,1,1,2,1,1,5,,61,01,1,04,4,0161,,41,1844.3977519,
5439381,1,2,1,60,2,41,2,,,,,,,,,,,6,,,,,,,,,,,,,,,,,,,,,,,,,,,,,,,,,,,,,,,,,,,,,,,,.,,,,,,,,,.,6,,,,,,,,,5,1,,5,,,2,1,,2,,2,,,,1,,,,,,,,,1,2,2,1,12,6,1,,2,,,,,,,,12,14,,,2,,,,2,,,,,,,,,,,,,,1,2,1,2,1,1,3,,45,47,1,04,6,4729,,41,1844.3977519,
5439381,1,4,1,60,2,41,2,,,,,,,,,,,6,,,,,,,,,,,,,,,,,,,,,,,,,,,,,,,,,,,,,,,,,,,,,,,6,,,,,3,100000,1,600000,3,,6,1,1,0,0,1,3,1,1,70,,.,70,,,2,1,,2,,2,,,,1,,,1,,,,,,,2,2,1,4,3,3,,1,41,27,4,,200000,1,8,11,14,,,1,5,2,1,1,1,1,1,2,1,2,2,1,2,2,,2,1,1,1,1,2,2,1,5,,41,47,1,04,4,4729,300000,41,1844.3977519,
5439382,1,1,1,60,2,41,2,,,,,,,,,,,276,,,,,,,,,,,,,,,,,,,,,,,,,,,,,,,,,,,,,,,,,,,,,,,7,,2,,,2,120000,1,2000000,2,,12,1,1,0,0,1,2,1,2,48,,.,24,1,,2,8,,2,,2,,,,1,,,,,,1,,,,2,2,2,,,,,2,,,,,,,,,3,1,2,2,,,,2,,,,,,,,,,,,,,1,1,1,2,2,1,10,BUSCAR OTRO TRABAJO,61,01,1,04,4,0123,120000,41,1643.7251035,
5439382,1,2,1,60,2,41,2,,,,,,,,,,,240,,,,,,,,,,,,,,,,,,,,,,,,,,,,,,,,,,,,,,,,,,,,,,,,.,,,,,,,,,.,12,,,,,,,,,14,2,,14,,,2,8,,2,,2,,,,1,,,,,,1,,,,2,2,2,,,,,2,,,,,,,,,3,1,,2,,,,2,,,,,,,,,,,,,,1,1,1,2,1,1,3,,62,01,1,04,6,0123,,41,1643.7251035,
5439383,1,1,1,60,2,41,2,,,,,,,,,,,10,,,,,,,,,,,,,,,,,,,,,,,,,,,,,,,,,,,,,,,,,,,,,,,7,,2,,,2,400000,1,4000000,3,,10,2,,,,,3,3,2,30,2,,30,,,1,1,,2,,2,,,,1,,,,1,,,,,,2,2,1,24,48,1,,2,,,,,,,,3,14,,,2,,,,2,,,,,,,,,,,,,,1,1,1,2,1,1,3,,41,47,1,04,4,4711,400000,41,717.64547419,
5439383,1,2,1,60,2,41,2,,,,,,,,,,,360,,,,,,,,,,,,,,,,,,,,,,,,,,,,,,,,,,,,,,,,,,,,,,,6,,,,,2,600000,1,7200000,3,,12,2,,,,,2,9,1,50,,.,50,,,1,8,,2,,2,,,,1,,,,1,,,,,,2,2,2,,,,,2,,,,,,,,,3,15,,2,,,,1,1,2,1,2,2,2,2,2,2,2,,2,1,1,2,1,2,1,1,2,,61,01,1,04,4,0123,600000,41,717.64547419,
5439385,1,3,1,60,2,41,2,,,,,,,,,,,240,,,,,,,,,,,,,,,,,,,,,,,,,,,,,,,,,,,,,,,,,,,,,,,6,,,,,2,800000,1,9600000,3,,12,2,,,,,2,10,2,48,,.,48,,,1,8,,2,,2,,,,1,,,1,1,,,,,,2,2,2,,,,,2,,,,,,,,,3,20,,2,,,,2,,,,,,,,,,,,,,1,1,1,2,1,2,2,,61,01,1,04,4,0161,800000,41,2870.5818967,
5439388,1,1,1,60,2,41,2,,,,,,,,,,,240,,,,,,,,,,,,,,,,,,,,,,,,,,,,,,,,,,,,,,,,,,,,,,,6,,,,,2,600000,1,8000000,3,,12,2,,,,,2,9,2,48,,.,48,,,1,8,,2,,2,,,,1,,,1,1,,,,,,2,2,2,,,,,2,,,,,,,,,3,10,,2,,,,2,,,,,,,,,,,,,,1,1,1,2,1,1,2,,61,01,1,04,4,0161,600000,41,915.81954205,
5439389,1,1,1,60,2,41,2,,,,,,,,,,,178,,,,,,,,,,,,,,,,,,,,,,,,,,,,,,,,,,,,,,,,,,,,,,,7,,2,,,2,400000,1,4800000,3,,12,1,2,1,0,1,2,3,2,50,,.,50,,,2,8,,2,,2,,,,1,,,,,,,,,1,2,2,2,,,,,2,,,,,,,,,3,3,,2,,,,2,,,,,,,,,,,,,,1,1,1,1,1,1,8,,61,01,1,04,5,0123,400000,41,2870.5818967,
5439389,1,3,1,60,2,41,2,,,,,,,,,,,12,,,,,,,,,,,,,,,,,,,,,,,,,,,,,,,,,,,,,,,,,,,,,,,,.,,,,,,,,,.,12,,,,,,,,,40,,.,40,,,2,8,,2,,,,,,1,,,,,,,,,1,2,2,2,,,,,2,,,,,,,,,3,5,,2,,,,2,,,,,,,,,,,,,,1,2,1,2,1,1,3,,62,01,1,04,6,0123,,41,2870.5818967,
5439390,1,1,1,60,2,41,2,,,,,,,,,,,300,,,,,,,,,,,,,,,,,,,,,,,,,,,,,,,,,,,,,,,,,,,,,,,6,,,,,2,500000,1,8000000,2,,12,1,2,0,0,2,2,3,2,56,,.,56,,,2,8,,2,,2,,,,1,,,,,,1,,,,2,2,2,,,,,2,,,,,,,,,11,5,,2,,,,2,,,,,,,,,,,,,,1,1,1,2,1,1,9,,61,01,1,04,4,0161,500000,41,1492.9954297,
5439390,1,2,1,60,2,41,2,,,,,,,,,,,2,,,,,,,,,,,,,,,,,,,,,,,,,,,,,,,,,,,,,,,,,,,,,,,,.,,,,,,,,,.,12,,,,,,,,,36,2,,36,,,2,1,,2,,2,,,,1,,,,,,1,,,,2,2,1,0,72,4,,2,,,,,,,,9,14,,,2,,,,2,,,,,,,,,,,,,,1,1,1,2,2,1,3,,53,01,1,04,6,0123,,41,1492.9954297,
5439390,1,3,1,60,2,41,2,,,,,,,,,,,12,,,,,,,,,,,,,,,,,,,,,,,,,,,,,,,,,,,,,,,,,,,,,,,,.,,,,,,,,,.,12,,,,,,,,,18,2,,24,,,2,8,,2,,2,,,,1,,,,,,,,,1,2,2,1,0,2,4,,2,,,,,,,,1,11,5,,2,,,,2,,,,,,,,,,,,,,1,1,1,2,1,1,3,,62,01,1,04,6,0161,,41,1492.9954297,
5439393,1,1,1,60,2,41,2,,,,,,,,,,,144,,,,,,,,,,,,,,,,,,,,,,,,,,,,,,,,,,,,,,,,,,,,,,,6,,,,,2,300000,1,3000000,2,,12,2,,,,,2,3,2,40,,.,32,6,,1,8,,2,,2,,,,1,,,,,,1,,,,2,2,1,0,12,1,,2,,,,,,,,3,3,30,2,2,,,,2,,,,,,,,,,,,,,1,1,1,2,2,1,10,BUSCAR OTRO TRABAJO,61,01,1,04,4,0161,300000,41,2632.3986763,
5439394,1,1,1,60,2,41,2,,,,,,,,,,,360,,,,,,,,,,,,,,,,,,,,,,,,,,,,,,,,,,,,,,,,,,,,,,,6,,,,,2,800000,1,10000000,3,,12,2,,,,,2,3,2,50,,.,50,,,1,8,,2,,2,,,,1,,,1,1,,,,,,2,2,1,0,120,6,,2,,,,,,,,9,3,20,,2,,,,2,,,,,,,,,,,,,,1,1,1,2,1,1,2,,61,01,1,04,4,0161,800000,41,717.64547419,
5439396,1,1,1,60,2,41,2,,,,,,,,,,,240,,,,,,,,,,,,,,,,,,,,,,,,,,,,,,,,,,,,,,,,,,,,,,,7,,2,,,2,300000,1,3000000,3,,12,1,2,0,0,2,2,3,2,40,,.,40,,,2,8,,2,,2,,,,1,,,,,,,,,1,2,2,2,,,,,2,,,,,,,,,3,10,,2,,,,2,,,,,,,,,,,,,,1,1,1,2,1,1,5,,61,01,1,04,4,0123,300000,41,717.64547419,
5439396,1,2,1,60,2,41,2,,,,,,,,,,,143,,,,,,,,,,,,,,,,,,,,,,,,,,,,,,,,,,,,,,,,,,,,,,,,.,,,,,,,,,.,12,,,,,,,,,30,1,,30,,,2,8,,2,,2,,,,1,,,,,,,,,1,2,2,2,,,,,2,,,,,,,,,3,10,,2,,,,2,,,,,,,,,,,,,,1,2,1,2,1,1,3,,62,01,1,04,6,0123,,41,717.64547419,
5439396,1,3,1,60,2,41,2,,,,,,,,,,,12,,,,,,,,,,,,,,,,,,,,,,,,,,,,,,,,,,,,,,,,,,,,,,,,.,,,,,,,,,.,12,,,,,,,,,10,1,,10,,,2,8,,2,,,,,,1,,,,,,,,,1,2,2,2,,,,,2,,,,,,,,,3,10,,2,,,,2,,,,,,,,,,,,,,1,2,1,2,1,1,3,,62,01,1,04,6,0123,,41,717.64547419,
5439397,1,1,1,60,2,41,2,,,,,,,,,,,320,,,,,,,,,,,,,,,,,,,,,,,,,,,,,,,,,,,,,,,,,,,,,,,7,,2,,,2,200000,1,4500000,2,,12,1,2,0,1,1,2,3,2,48,,.,40,6,,2,8,,2,,2,,,,1,,,,,,1,,,,2,2,2,,,,,2,,,,,,,,,3,2,2,2,,,,1,1,1,1,2,1,2,1,2,2,2,,2,1,1,1,1,2,2,1,10,BUSCANDO OTRO TRABAJO,61,01,1,04,4,0123,200000,41,827.893525,
5439397,1,2,1,60,2,41,2,,,,,,,,,,,156,,,,,,,,,,,,,,,,,,,,,,,,,,,,,,,,,,,,,,,,,,,,,,,,.,,,,,,,,,.,12,,,,,,,,,10,2,,5,6,,2,8,,2,,2,,,,1,,,,,,1,,,,2,2,2,,,,,2,,,,,,,,,3,2,2,2,,,,2,,,,,,,,,,,,,,1,1,1,2,2,1,3,,62,01,1,04,6,0123,,41,827.893525,
5439398,1,1,1,60,2,41,2,,,,,,,,,,,2,,,,,,,,,,,,,,,,,,,,,,,,,,,,,,,,,,,,,,,,,,,,,,,6,,,,,2,600000,1,1200000,3,,12,2,,,,,2,1,1,48,,.,48,,,1,8,,2,,2,,,,1,,,,1,,,,,,2,2,1,0,36,1,,2,,,,,,,,3,3,10,,2,,,,2,,,,,,,,,,,,,,1,1,1,2,1,1,3,,61,01,1,04,4,0161,600000,41,717.64547419,
5439398,2,1,2,60,2,41,2,,,,,,,,,,,480,,,,,,,,,,,,,,,,,,,,,,,,,,,,,,,,,,,,,,,,,,,,,,,7,,1,1,2021,2,500000,1,10000000,3,,12,2,,,,,1,3,2,40,,.,40,,,1,8,,2,,2,,,,1,,,1,1,,,,,,2,2,2,,,,,2,,,,,,,,,3,5,,2,,,,2,,,,,,,,,,,,,,1,1,1,2,1,1,2,,61,01,1,04,4,0123,500000,41,717.64547419,
5439398,2,3,2,60,2,41,2,,,,,,,,,,,96,,,,,,,,,,,,,,,,,,,,,,,,,,,,,,,,,,,,,,,,,,,,,,,6,,,,,2,500000,1,6000000,3,,12,2,,,,,2,1,1,48,,.,48,,,1,8,,2,,2,,,,1,,,,,,,,,1,2,2,2,,,,,2,,,,,,,,,3,10,,2,,,,1,1,2,1,2,2,2,2,1,1,2,,2,1,2,2,1,2,2,1,3,,61,01,1,04,4,0161,500000,41,717.64547419,
5439399,1,1,1,60,2,41,2,,,,,,,,,,,60,,,,,,,,,,,,,,,,,,,,,,,,,,,,,,,,,,,,,,,,,,,,,,,6,,,,,2,200000,1,3000000,2,,12,2,,,,,2,3,2,40,,.,40,,,1,8,,2,,2,,,,1,,,,,,1,,,,2,2,1,0,72,8,,2,,,,,,,,3,11,8,,2,,,,1,1,1,1,2,2,2,1,2,2,2,,2,1,1,1,1,2,2,1,10,BUSCANDO OTRO TRABAJO,61,01,1,04,4,0161,200000,41,785.28238279,
5439400,1,1,1,60,2,41,2,,,,,,,,,,,368,,,,,,,,,,,,,,,,,,,,,,,,,,,,,,,,,,,,,,,,,,,,,,,6,,,,,3,300000,1,3000000,3,,12,2,,,,,2,1,2,40,,.,40,,,1,8,,2,,2,,,,1,,,,,,,,,1,2,2,2,,,,,2,,,,,,,,,3,30,,2,,,,2,,,,,,,,,,,,,,1,1,1,2,1,1,5,,61,01,1,04,4,0161,300000,41,2415.204982,
5439400,1,2,1,60,2,41,2,,,,,,,,,,,60,,,,,,,,,,,,,,,,,,,,,,,,,,,,,,,,,,,,,,,,,,,,,,,6,,,,,3,100000,1,1000000,1,,12,2,,,,,2,1,1,40,,.,27,6,,1,8,,2,,2,,,,1,,,,,,,,,1,2,2,2,,,,,2,,,,,,,,,3,30,2,2,,,,2,,,,,,,,,,,,,,1,1,1,2,2,1,5,,61,01,1,04,4,0161,100000,41,2415.204982,
5439400,1,3,1,60,2,41,2,,,,,,,,,,,10,,,,,,,,,,,,,,,,,,,,,,,,,,,,,,,,,,,,,,,,,,,,,,,6,,,,,3,,1,500000,1,,10,2,,,,,2,10,2,20,1,,20,,,1,8,,2,,,,,,1,,,,,,,,,1,2,2,2,,,,,2,,,,,,,,,3,30,,2,,,,2,,,,,,,,,,,,,,1,1,1,2,1,1,3,,61,01,1,04,4,0161,,41,2415.204982,
5439401,1,1,1,60,2,41,2,,,,,,,,,,,368,,,,,,,,,,,,,,,,,,,,,,,,,,,,,,,,,,,,,,,,,,,,,,,7,,2,,,2,300000,1,3600000,3,,12,1,1,0,0,1,2,3,1,48,,.,48,,,2,8,,2,,2,,,,1,,,,,,,,,1,2,2,2,,,,,2,,,,,,,,,3,5,,2,,,,2,,,,,,,,,,,,,,1,1,1,1,1,1,3,,61,01,1,04,4,0123,300000,41,1274.5322534,
5439401,1,3,1,60,2,41,2,,,,,,,,,,,24,,,,,,,,,,,,,,,,,,,,,,,,,,,,,,,,,,,,,,,,,,,,,,,,.,,,,,,,,,.,12,,,,,,,,,20,1,,20,,,2,8,,2,,,,,,1,,,,,,,,,1,2,2,2,,,,,2,,,,,,,,,3,10,,2,,,,2,,,,,,,,,,,,,,1,2,1,2,1,1,3,,62,01,1,04,6,0123,,41,1274.5322534,
5439402,1,1,1,60,2,41,2,,,,,,,,,,,240,,,,,,,,,,,,,,,,,,,,,,,,,,,,,,,,,,,,,,,,,,,,,,,7,,2,,,2,,1,98,3,,12,2,,,,,2,3,2,40,,.,27,6,,1,8,,2,,2,,,,1,,,,,,,,,1,2,2,2,,,,,2,,,,,,,,,11,20,2,2,,,,2,,,,,,,,,,,,,,1,1,1,2,2,1,5,,61,01,1,04,4,0123,,41,785.28238279,
5439402,1,2,1,60,2,41,2,,,,,,,,,,,12,,,,,,,,,,,,,,,,,,,,,,,,,,,,,,,,,,,,,,,,,,,,,,,7,,2,,,2,100000,1,1200000,3,,12,2,,,,,3,1,1,48,,.,48,,,1,1,,2,,2,,,,1,,,,,,,,,1,2,2,1,0,24,1,,2,,,,,,,,9,14,,,2,,,,2,,,,,,,,,,,,,,1,1,1,2,2,1,5,,41,47,1,04,4,4711,100000,41,785.28238279,
5439403,1,1,1,60,2,41,2,,,,,,,,,,,720,,,,,,,,,,,,,,,,,,,,,,,,,,,,,,,,,,,,,,,,,,,,,,,7,,2,,,2,30000,1,5000000,2,,12,1,1,0,0,1,2,3,2,14,2,,14,,,2,8,,2,,2,,,,1,,,,,,1,,,,2,2,2,,,,,2,,,,,,,,,3,2,,2,,,,2,,,,,,,,,,,,,,1,1,1,2,2,1,3,,61,01,1,04,4,0123,30000,41,921.16510457,
5439403,1,2,1,60,2,41,2,,,,,,,,,,,4,,,,,,,,,,,,,,,,,,,,,,,,,,,,,,,,,,,,,,,,,,,,,,,,.,,,,,,,,,.,4,,,,,,,,,30,2,,30,,,2,1,,2,,2,,,,1,,,,,,1,,,,2,2,1,0,36,3,,2,,,,,,,,9,14,,,2,,,,2,,,,,,,,,,,,,,1,1,1,2,2,1,3,,53,01,1,04,6,0123,,41,921.16510457,
5439404,1,1,1,60,2,41,2,,,,,,,,,,,480,,,,,,,,,,,,,,,,,,,,,,,,,,,,,,,,,,,,,,,,,,,,,,,7,,2,,,2,100000,1,1600000,2,,12,1,2,0,0,2,2,3,2,32,1,,8,1,,2,8,,2,,2,,,,1,,,,,,1,,,,2,2,2,,,,,2,,,,,,,,,3,2,2,1,8,2,1,2,,,,,,,,,,,,,,1,1,1,2,2,1,10,BUSCANDO OTRO TRABAJO,61,01,1,04,4,0150,100000,41,2471.6399813,
5439404,1,2,1,60,2,41,2,,,,,,,,,,,420,,,,,,,,,,,,,,,,,,,,,,,,,,,,,,,,,,,,,,,,,,,,,,,,.,,,,,,,,,.,12,,,,,,,,,40,,.,8,6,,2,8,,2,,2,,,,1,,,,,,1,,,,2,2,2,,,,,2,,,,,,,,,3,2,2,2,,,,2,,,,,,,,,,,,,,1,1,1,2,2,1,3,,62,01,1,04,6,0150,,41,2471.6399813,
5439404,1,3,1,60,2,41,2,,,,,,,,,,,36,,,,,,,,,,,,,,,,,,,,,,,,,,,,,,,,,,,,,,,,,,,,,,,,.,,,,,,,,,.,12,,,,,,,,,30,2,,8,4,,2,8,,2,,2,,,,1,,,,,,,,,1,2,2,2,,,,,2,,,,,,,,,3,2,,2,,,,2,,,,,,,,,,,,,,1,1,1,2,2,1,3,,62,01,1,04,6,0150,,41,2471.6399813,
5439404,1,4,1,60,2,41,2,,,,,,,,,,,84,,,,,,,,,,,,,,,,,,,,,,,,,,,,,,,,,,,,,,,,,,,,,,,6,,,,,2,600000,1,3000000,2,,12,2,,,,,2,3,1,48,,.,48,,,1,8,,2,,2,,,,1,,,,,,1,,,,2,2,2,,,,,2,,,,,,,,,11,40,,2,,,,1,1,1,1,2,2,2,1,2,2,2,,2,1,1,1,1,2,2,1,10,BUSCANDO OTRO TRABAJO,61,01,1,04,4,0161,600000,41,2471.6399813,
5439405,1,2,1,60,2,41,2,,,,,,,,,,,96,,,,,,,,,,,,,,,,,,,,,,,,,,,,,,,,,,,,,,,,,,,,,,,7,,1,1,2021,2,1000000,1,12000000,3,,12,2,,,,,1,3,2,48,,.,48,,,1,8,,2,,2,,,,1,,,1,1,,,,,,2,2,1,1,120,8,,2,,,,,,,,10,3,5,,2,,,,2,,,,,,,,,,,,,,1,1,1,2,1,1,2,,61,01,1,04,4,0123,1000000,41,1134.2827183,
5439406,1,1,1,60,2,41,2,,,,,,,,,,,246,,,,,,,,,,,,,,,,,,,,,,,,,,,,,,,,,,,,,,,,,,,,,,,7,,2,,,2,400000,1,4800000,3,,12,1,2,0,0,2,1,3,1,48,,.,48,,,2,8,,7,,2,,,,1,,,,,,,,,1,2,2,2,,,,,2,,,,,,,,,3,30,,2,,,,1,1,1,1,1,1,1,2,1,1,2,,2,1,1,2,1,1,1,1,5,,61,01,1,04,4,0123,400000,41,1982.2453002,
5439406,1,2,1,60,2,41,2,,,,,,,,,,,180,,,,,,,,,,,,,,,,,,,,,,,,,,,,,,,,,,,,,,,,,,,,,,,,.,,,,,,,,,.,12,,,,,,,,,10,1,,10,,,2,8,,2,,2,,,,1,,,,,,,,,1,2,2,1,0,36,3,,2,,,,,,,,3,3,30,,2,,,,1,1,1,1,2,1,2,2,1,2,2,,2,1,1,2,1,2,2,1,3,,62,01,1,04,6,0123,,41,1982.2453002,
5439406,1,3,1,60,2,41,2,,,,,,,,,,,1,,,,,,,,,,,,,,,,,,,,,,,,,,,,,,,,,,,,,,,,,,,,,,,6,,,,,3,100000,1,100000,1,,1,2,,,,,1,10,2,40,,.,40,,,1,8,,2,,2,,,,1,,,,,,,,,1,2,2,2,,,,,2,,,,,,,,,3,60,,2,,,,2,,,,,,,,,,,,,,1,2,1,2,2,1,3,,61,01,1,04,4,0161,100000,41,1982.2453002,
5439406,1,4,1,60,2,41,2,,,,,,,,,,,1,,,,,,,,,,,,,,,,,,,,,,,,,,,,,,,,,,,,,,,,,,,,,,,,.,,,,,,,,,.,1,,,,,,,,,10,1,,10,,,2,8,,2,,,,,,1,,,,,,,,,1,2,2,2,,,,,2,,,,,,,,,3,30,,2,,,,2,,,,,,,,,,,,,,1,2,1,2,1,1,3,,62,01,1,04,6,0123,,41,1982.2453002,
5439407,1,1,1,60,2,41,2,,,,,,,,,,,120,,,,,,,,,,,,,,,,,,,,,,,,,,,,,,,,,,,,,,,,,,,,,,,7,,1,1,2021,2,600000,1,7200000,3,,12,2,,,,,1,7,2,30,2,,30,,,1,8,,2,,2,,,,1,,,,1,,,,,,2,2,2,,,,,2,,,,,,,,,3,5,,2,,,,2,,,,,,,,,,,,,,1,1,1,2,1,1,3,,61,01,1,04,4,0123,600000,41,988.89860708,
5439408,1,1,1,60,2,41,2,,,,,,,,,,,480,,,,,,,,,,,,,,,,,,,,,,,,,,,,,,,,,,,,,,,,,,,,,,,6,,,,,3,100000,1,98,3,,12,1,1,0,0,1,2,10,2,40,,.,18,6,,2,8,,2,,2,,,,1,,,,,,,,,1,2,2,2,,,,,2,,,,,,,,,3,60,2,2,,,,2,,,,,,,,,,,,,,1,1,1,2,1,1,5,,61,01,1,04,4,0161,100000,41,1274.5322534,
5439408,1,2,1,60,2,41,2,,,,,,,,,,,12,,,,,,,,,,,,,,,,,,,,,,,,,,,,,,,,,,,,,,,,,,,,,,,,.,,,,,,,,,.,12,,,,,,,,,3,1,,3,,,2,8,,2,,2,,,,1,,,,,,,,,1,2,2,1,0,1,4,,2,,,,,,,,3,3,30,,2,,,,2,,,,,,,,,,,,,,1,2,1,2,1,1,8,,62,01,1,04,6,0161,,41,1274.5322534,
5439408,1,3,1,60,2,41,2,,,,,,,,,,,1,,,,,,,,,,,,,,,,,,,,,,,,,,,,,,,,,,,,,,,,,,,,,,,6,,,,,3,40000,1,40000,1,,1,2,,,,,1,5,2,18,1,,0,6,,1,8,,2,,,,,,1,,,,,,,,,1,2,2,2,,,,,2,,,,,,,,,3,60,2,2,,,,2,,,,,,,,,,,,,,1,1,1,2,2,1,3,,61,01,1,04,4,0161,40000,41,1274.5322534,
5439409,1,1,1,60,2,41,2,,,,,,,,,,,360,,,,,,,,,,,,,,,,,,,,,,,,,,,,,,,,,,,,,,,,,,,,,,,7,,2,,,2,300000,1,3500000,2,,12,1,2,0,0,2,2,3,2,48,,.,48,,,2,8,,2,,2,,,,1,,,,,,1,,,,2,2,2,,,,,2,,,,,,,,,3,2,,2,,,,2,,,,,,,,,,,,,,1,1,1,1,2,1,10,BUSCANDO OTRO TRABAJO,61,01,1,04,4,0123,300000,41,1361.1887884,
5439410,1,1,1,60,2,41,2,,,,,,,,,,,240,,,,,,,,,,,,,,,,,,,,,,,,,,,,,,,,,,,,,,,,,,,,,,,6,,,,,2,700000,1,6000000,2,,12,2,,,,,2,1,1,48,,.,24,1,,1,9,,2,,2,,,,1,,,1,,,1,,,,2,2,1,0,360,4,,2,,,,,,,,3,11,30,2,2,,,,1,1,1,1,2,2,2,1,1,2,2,,2,1,1,1,1,2,2,1,10,BUSCANDO OTRO TRABAJO,95,41,1,04,4,4111,700000,41,847.06294459,
5439410,1,2,1,60,2,41,1,1,,,1,,,1,2,2,2,3,,1,,2,300000,2,,,1,312000,2,,2,,2,,2,,,2,,,2,,,2,,,2,,,2,,,2,,2,,2,,2,,2,,2,,,.,,,,,,,,,.,5,,,,,,,,,50,,.,50,,,2,2,,2,,2,,,,1,,,,,,1,,,,2,2,2,,,,,1,41,6,4,,100000,1,2,,11,5,,2,,,,2,,,,,,,,,,,,,,1,1,1,2,2,1,3,,53,01,1,04,1,0123,712000,41,847.06294459,
5439410,1,3,1,60,2,41,2,,,,,,,,,,,108,,,,,,,,,,,,,,,,,,,,,,,,,,,,,,,,,,,,,,,,,,,,,,,6,,,,,2,800000,1,5200000,2,,12,2,,,,,2,1,1,40,,.,40,,,1,8,,2,,2,,,,1,,,,,,1,,,,2,2,1,0,18,2,,2,,,,,,,,1,11,15,,2,,,,2,,,,,,,,,,,,,,1,1,1,2,2,1,3,,61,01,1,04,4,0161,800000,41,847.06294459,
5439411,1,1,1,60,2,41,2,,,,,,,,,,,180,,,,,,,,,,,,,,,,,,,,,,,,,,,,,,,,,,,,,,,,,,,,,,,7,,1,1,2021,2,1000000,1,12000000,3,,12,1,1,0,0,1,1,3,2,48,,.,48,,,2,8,,2,,2,,,,1,,,1,1,,,,,,2,2,1,0,240,8,,2,,,,,,,,10,3,10,,2,,,,2,,,,,,,,,,,,,,1,1,2,2,1,1,2,,61,01,1,04,4,0123,1000000,41,717.64547419,
5439411,1,2,1,60,2,41,2,,,,,,,,,,,120,,,,,,,,,,,,,,,,,,,,,,,,,,,,,,,,,,,,,,,,,,,,,,,,.,,,,,,,,,.,12,,,,,,,,,20,2,,20,,,2,8,,2,,2,,,,1,,,,1,,,,,,2,2,2,,,,,2,,,,,,,,,3,10,,2,,,,2,,,,,,,,,,,,,,1,1,1,2,1,1,3,,62,01,1,04,6,0123,,41,717.64547419,
5439412,1,1,1,60,2,41,2,,,,,,,,,,,300,,,,,,,,,,,,,,,,,,,,,,,,,,,,,,,,,,,,,,,,,,,,,,,7,,2,,,2,1000000,1,3000000,2,,12,1,1,0,0,1,2,3,1,40,,.,40,,,2,8,,2,,2,,,,1,,,,,,1,,,,2,2,2,,,,,2,,,,,,,,,3,1,,2,,,,2,,,,,,,,,,,,,,1,1,1,2,2,1,10,BUSCANDO OTRO TRABAJO,61,01,1,04,4,0123,1000000,41,914.7964471,
5439412,1,2,1,60,2,41,2,,,,,,,,,,,2,,,,,,,,,,,,,,,,,,,,,,,,,,,,,,,,,,,,,,,,,,,,,,,,.,,,,,,,,,.,12,,,,,,,,,30,2,,30,,,2,1,,2,,2,,,,1,,,,,,1,,,,2,2,2,,,,,2,,,,,,,,,14,,,2,,,,2,,,,,,,,,,,,,,1,1,1,2,2,1,3,,53,01,1,04,6,0123,,41,914.7964471,
5439413,1,1,1,60,2,41,2,,,,,,,,,,,244,,,,,,,,,,,,,,,,,,,,,,,,,,,,,,,,,,,,,,,,,,,,,,,7,,2,,,2,400000,1,98,3,,12,1,2,0,0,2,2,3,1,40,,.,40,,,2,8,,2,,2,,,,1,,,,,,,,,1,2,2,2,,,,,2,,,,,,,,,3,5,,1,20,2,1,1,1,1,1,2,1,2,2,1,1,2,,2,1,1,2,1,1,1,1,5,,61,01,1,04,4,0123,400000,41,1492.9954297,
5439413,1,2,1,60,2,41,2,,,,,,,,,,,130,,,,,,,,,,,,,,,,,,,,,,,,,,,,,,,,,,,,,,,,,,,,,,,,.,,,,,,,,,.,12,,,,,,,,,20,1,,20,,,2,8,,2,,2,,,,1,,,,,,,,,1,2,2,2,,,,,2,,,,,,,,,3,5,,1,10,2,1,1,1,1,1,2,1,2,2,1,2,2,,2,1,1,2,1,2,1,1,3,,62,01,1,04,6,0123,,41,1492.9954297,
5439413,1,3,1,60,2,41,2,,,,,,,,,,,12,,,,,,,,,,,,,,,,,,,,,,,,,,,,,,,,,,,,,,,,,,,,,,,,.,,,,,,,,,.,12,,,,,,,,,10,1,,10,,,2,8,,2,,,,,,1,,,,,,,,,1,2,2,2,,,,,2,,,,,,,,,3,5,,2,,,,2,,,,,,,,,,,,,,1,2,1,2,1,1,3,,62,01,1,04,6,0123,,41,1492.9954297,
5439414,1,1,1,60,2,41,2,,,,,,,,,,,24,,,,,,,,,,,,,,,,,,,,,,,,,,,,,,,,,,,,,,,,,,,,,,,6,,,,,2,800000,1,9600000,3,,12,1,1,0,0,1,2,3,2,50,,.,50,,,2,8,,2,,2,,,,1,,,,1,,,,,,2,2,1,1,84,1,,2,,,,,,,,1,3,10,,2,,,,2,,,,,,,,,,,,,,1,1,1,2,1,1,2,,61,01,1,04,4,0161,800000,41,1003.7455591,
5439414,1,2,1,60,2,41,2,,,,,,,,,,,12,,,,,,,,,,,,,,,,,,,,,,,,,,,,,,,,,,,,,,,,,,,,,,,,.,,,,,,,,,.,12,,,,,,,,,20,2,,20,,,2,8,,2,,2,,,,1,,,,1,,,,,,2,2,1,0,36,1,,2,,,,,,,,1,3,10,,2,,,,2,,,,,,,,,,,,,,1,1,1,2,1,1,3,,62,01,1,04,6,0161,,41,1003.7455591,
5439415,1,1,1,60,2,41,2,,,,,,,,,,,192,,,,,,,,,,,,,,,,,,,,,,,,,,,,,,,,,,,,,,,,,,,,,,,7,,2,,,2,500000,1,3000000,2,,12,1,1,0,0,1,2,3,2,40,,.,40,,,2,8,,2,,2,,,,1,,,,,,1,,,,2,2,2,,,,,2,,,,,,,,,3,2,,2,,,,2,,,,,,,,,,,,,,1,1,1,1,2,1,10,BUSCANDO OTRO TRABAJO,61,01,1,04,4,0150,500000,41,1707.4919351,
5439415,1,2,1,60,2,41,2,,,,,,,,,,,3,,,,,,,,,,,,,,,,,,,,,,,,,,,,,,,,,,,,,,,,,,,,,,,,.,,,,,,,,,.,3,,,,,,,,,30,2,,30,,,2,8,,2,,2,,,,1,,,,,,1,,,,2,2,1,0,24,4,,2,,,,,,,,3,3,2,,2,,,,2,,,,,,,,,,,,,,1,1,1,2,2,1,3,,62,01,1,04,6,0150,,41,1707.4919351,
5439416,1,1,1,60,2,41,2,,,,,,,,,,,482,,,,,,,,,,,,,,,,,,,,,,,,,,,,,,,,,,,,,,,,,,,,,,,7,,1,1,2021,2,500000,1,1000000,3,,12,1,3,2,0,1,1,3,2,40,,.,40,,,3,8,,2,,2,,,,1,,,,,,,,,1,2,2,2,,,,,2,,,,,,,,,3,5,,2,,,,2,,,,,,,,,,,,,,1,1,1,1,1,1,5,,61,01,1,04,5,0123,500000,41,2478.0086388,
5439416,1,2,1,60,2,41,2,,,,,,,,,,,6,,,,,,,,,,,,,,,,,,,,,,,,,,,,,,,,,,,,,,,,,,,,,,,6,,,,,3,60000,1,200000,3,,12,2,,,,,1,3,1,20,1,,20,,,1,1,,2,,2,,,,1,,,,,,,,,1,2,2,2,,,,,2,,,,,,,,,11,30,,1,20,2,1,1,1,1,1,2,1,2,2,1,2,2,,2,1,1,1,1,2,2,1,3,,53,56,1,04,4,5619,60000,41,2478.0086388,
5439416,1,4,1,60,2,41,2,,,,,,,,,,,24,,,,,,,,,,,,,,,,,,,,,,,,,,,,,,,,,,,,,,,,,,,,,,,,.,,,,,,,,,.,12,,,,,,,,,20,1,,20,,,3,8,,2,,,,,,1,,,,,,,,,1,2,2,2,,,,,2,,,,,,,,,3,5,,2,,,,2,,,,,,,,,,,,,,1,2,1,2,1,1,3,,62,01,1,04,6,0123,,41,2478.0086388,
5439416,1,6,1,60,2,41,2,,,,,,,,,,,489,,,,,,,,,,,,,,,,,,,,,,,,,,,,,,,,,,,,,,,,,,,,,,,6,,,,,3,800000,1,80000000,3,,12,2,,,,,2,3,1,40,,.,40,,,1,8,,2,,2,,,,1,,,,,,,,,1,2,2,1,0,3,1,,2,,,,,,,,1,3,40,,2,,,,1,1,1,1,2,1,2,2,1,2,2,,2,1,2,2,2,2,2,1,8,,61,01,1,04,4,0161,800000,41,2478.0086388,
5439419,1,1,1,60,2,44,2,,,,,,,,,,,100,,,,,,,,,,,,,,,,,,,,,,,,,,,,,,,,,,,,,,,,,,,,,,,6,,,,,2,150000,1,1800000,3,,12,2,,,,,3,7,2,40,,.,40,,,1,1,,2,,2,,,,1,,,,,,,,,1,2,2,2,,,,,2,,,,,,,,,14,,,2,,,,2,,,,,,,,,,,,,,2,2,2,2,2,2,8,,75,15,1,04,4,1513,150000,44,583.30341416,
5439421,1,1,1,60,2,47,2,,,,,,,,,,,204,,,,,,,,,,,,,,,,,,,,,,,,,,,,,,,,,,,,,,,,,,,,,,,6,,,,,3,700000,1,8400000,3,,12,2,,,,,3,10,2,56,,.,56,,,1,8,,4,,2,,,,1,,,,,,,,,1,2,2,1,2,108,8,,2,,,,,,,,3,14,,,2,,,,2,,,,,,,,,,,,,,1,1,1,2,1,1,5,,77,01,1,04,4,0141,700000,47,1574.4241749,
5439421,1,2,1,60,2,47,2,,,,,,,,,,,2,,,,,,,,,,,,,,,,,,,,,,,,,,,,,,,,,,,,,,,,,,,,,,,6,,,,,3,10000,1,20000,1,,2,2,,,,,3,10,2,24,2,,24,,,1,1,,2,,2,,,,1,,,,,,,,,1,2,2,2,,,,,2,,,,,,,,,14,,,2,,,,2,,,,,,,,,,,,,,1,1,1,2,2,1,3,,77,56,1,04,4,5619,10000,47,1574.4241749,
5439422,1,1,1,60,2,47,2,,,,,,,,,,,3,,,,,,,,,,,,,,,,,,,,,,,,,,,,,,,,,,,,,,,,,,,,,,,6,,,,,3,100000,1,300000,1,,3,2,,,,,3,10,2,24,2,,24,,,1,1,,2,,2,,,,1,,,,,,,,,1,2,2,1,9,7,3,,2,,,,,,,,13,14,,,2,,,,1,1,2,1,2,2,2,2,2,2,2,,2,1,1,2,1,2,2,1,3,,77,56,1,04,4,5619,100000,47,1840.3412506,
5439422,1,2,1,60,2,47,2,,,,,,,,,,,96,,,,,,,,,,,,,,,,,,,,,,,,,,,,,,,,,,,,,,,,,,,,,,,6,,,,,3,350000,1,4200000,3,,12,2,,,,,2,10,2,48,,.,0,6,,1,8,,4,,2,,,,1,,,,,,,,,1,2,2,1,0,36,4,,2,,,,,,,,3,11,30,1,2,,,,2,,,,,,,,,,,,,,2,2,2,2,2,1,8,,61,01,1,04,4,0161,350000,47,1840.3412506,
5439423,1,1,1,60,2,54,1,1,,,1,,,1,2,2,2,48,,1,,2,908000,2,,,2,,1,180000,2,,2,,2,,,2,,,2,,,2,,,2,,,2,,,2,,2,,2,,2,,2,,2,,,.,,,,,,,,,.,12,,,,,,,,,70,,.,70,,,3,8,,2,,2,,,,1,,,,,,,,,1,2,2,1,0,120,1,,2,,,,,,,,3,10,25,,2,,,,2,,,,,,,,,,,,,,1,1,1,2,1,1,5,,60,01,1,04,1,0150,1088000,54,1131.4523346,
5439424,1,1,1,60,2,54,2,,,,,,,,,,,120,,,,,,,,,,,,,,,,,,,,,,,,,,,,,,,,,,,,,,,,,,,,,,,7,,2,,,2,700000,1,8400000,3,,12,1,2,1,0,1,3,3,2,56,,.,56,,,2,8,,2,,2,,,,1,,,,,,,,,1,2,2,1,0,12,4,,2,,,,,,,,8,3,2,,2,,,,2,,,,,,,,,,,,,,1,1,1,2,1,1,3,,61,01,1,04,5,0127,700000,54,1423.0959359,
5439424,1,2,1,60,2,54,2,,,,,,,,,,,84,,,,,,,,,,,,,,,,,,,,,,,,,,,,,,,,,,,,,,,,,,,,,,,,.,,,,,,,,,.,12,,,,,,,,,18,2,,18,,,2,1,,2,,2,,,,1,,,,,,,,,1,2,2,1,0,60,6,,2,,,,,,,,9,14,,,2,,,,2,,,,,,,,,,,,,,1,1,1,2,1,1,3,,53,01,1,04,6,0127,,54,1423.0959359,
5439425,1,2,1,60,2,54,1,1,,,1,,,1,2,2,2,36,,1,,2,640000,2,,,2,,2,,2,,2,,2,,,2,,,2,,,2,,,2,,,2,,,2,,2,,2,,2,,2,,2,,,.,,,,,,,,,.,12,,,,,,,,,45,,.,45,,,2,8,,2,,2,,,,1,,,,,,,,,1,2,2,2,,,,,2,,,,,,,,,11,10,,2,,,,2,,,,,,,,,,,,,,1,1,1,2,2,1,5,,62,01,1,04,8,0127,640000,54,754.09469879,
5439426,1,1,1,60,2,54,2,,,,,,,,,,,240,,,,,,,,,,,,,,,,,,,,,,,,,,,,,,,,,,,,,,,,,,,,,,,7,,2,,,3,700000,1,8400000,3,,12,1,3,1,0,2,3,3,2,56,,.,56,,,3,8,,3,,2,,,,1,,,,,,,,,1,2,2,1,0,48,4,,2,,,,,,,,10,3,2,,2,,,,2,,,,,,,,,,,,,,1,1,1,2,1,1,3,,61,01,1,04,5,0127,700000,54,619.98781532,
5439426,1,2,1,60,2,54,1,2,1,,2,4,GOBERNACION DEL NORTE DE SANTANDER,1,1,1,1,180,,5,,2,2000000,2,,,2,,2,,2,,2,,2,,,2,,,2,,,2,,,2,,,2,,,1,2000000,2,,2,,2,,2,,2,,,.,,,,,,,,,.,12,,,,,,,,,40,,.,40,,,9,7,,1,,1,3,1,17,1,1,,,,,,,,,1,1,1,0,12,4,,1,54,12,6,,,2,8,1,10,60,,2,,,,2,,,,,,,,,,,,,,1,1,1,2,1,1,3,,13,85,1,04,2,8530,2000000,54,619.98781532,8413
5439426,1,3,1,60,2,54,2,,,,,,,,,,,24,,,,,,,,,,,,,,,,,,,,,,,,,,,,,,,,,,,,,,,,,,,,,,,,.,,,,,,,,,.,12,,,,,,,,,12,2,,12,,,3,8,,3,,,,,,1,,,,,,,,,1,2,2,2,,,,,2,,,,,,,,,3,2,,2,,,,2,,,,,,,,,,,,,,1,1,1,2,1,1,3,,62,01,1,04,6,0127,,54,619.98781532,
5439427,1,1,1,60,2,54,1,1,,,1,,,1,2,2,2,240,,1,,2,550000,2,,,2,,2,,2,,2,,2,,,2,,,2,,,2,,,2,,,2,,,2,,2,,2,,2,,2,,2,,,.,,,,,,,,,.,12,,,,,,,,,54,,.,54,,,1,8,,2,,2,,,,1,,,,,,,,,1,2,2,1,0,24,4,,2,,,,,,,,3,3,20,,2,,,,1,1,2,1,1,1,1,2,1,1,2,,2,1,2,2,2,2,2,2,8,,62,01,1,04,8,0122,550000,54,1131.4523346,
5439428,1,1,1,60,2,54,1,1,,,1,,,1,2,2,2,18,,1,,2,500000,2,,,1,100000,2,,2,,2,,2,,,2,,,2,,,2,,,2,,,2,,,2,,2,,2,,2,,2,,2,,,.,,,,,,,,,.,12,,,,,,,,,56,,.,56,,,2,8,,2,,2,,,,1,,,,,,,,,1,2,2,1,0,6,8,,2,,,,,,,,1,3,2,,2,,,,2,,,,,,,,,,,,,,1,1,1,2,1,1,3,,62,01,1,04,8,0127,600000,54,1131.4523346,
5439429,1,1,1,60,2,54,2,,,,,,,,,,,360,,,,,,,,,,,,,,,,,,,,,,,,,,,,,,,,,,,,,,,,,,,,,,,7,,2,,,2,400000,1,6600000,3,,12,1,1,1,0,0,3,3,2,40,,.,0,1,,2,8,,2,,2,,,,1,,,1,,,,,,,2,2,1,0,120,4,,2,,,,,,,,3,3,10,2,2,,,,2,,,,,,,,,,,,,,1,1,1,2,1,1,2,,61,01,1,04,5,0150,400000,54,498.83955218,
5439429,1,3,1,60,2,54,2,,,,,,,,,,,120,,,,,,,,,,,,,,,,,,,,,,,,,,,,,,,,,,,,,,,,,,,,,,,7,,2,,,2,300000,1,3600000,3,,12,2,,,,,3,3,2,54,,.,54,,,1,8,,2,,2,,,,1,,,1,,,,,,,2,2,1,0,12,6,,2,,,,,,,,10,3,4,,2,,,,2,,,,,,,,,,,,,,1,1,1,2,1,1,2,,61,01,1,04,4,0123,300000,54,498.83955218,
5439430,1,1,1,60,2,54,2,,,,,,,,,,,180,,,,,,,,,,,,,,,,,,,,,,,,,,,,,,,,,,,,,,,,,,,,,,,7,,2,,,2,400000,1,4800000,3,,12,1,3,1,0,2,3,3,2,56,,.,56,,,3,8,,2,,2,,,,1,,,,,,,,,1,2,2,1,0,12,4,,2,,,,,,,,8,3,2,,2,,,,2,,,,,,,,,,,,,,1,1,1,2,1,1,3,,61,01,1,04,5,0127,400000,54,974.2141223,
5439430,1,2,1,60,2,54,2,,,,,,,,,,,180,,,,,,,,,,,,,,,,,,,,,,,,,,,,,,,,,,,,,,,,,,,,,,,,.,,,,,,,,,.,12,,,,,,,,,18,2,,18,,,3,8,,2,,2,,,,1,,,,,,,,,1,2,2,1,0,60,6,,2,,,,,,,,9,3,2,,2,,,,2,,,,,,,,,,,,,,1,1,1,2,1,1,3,,62,01,1,04,6,0127,,54,974.2141223,
5439430,1,3,1,60,2,54,2,,,,,,,,,,,60,,,,,,,,,,,,,,,,,,,,,,,,,,,,,,,,,,,,,,,,,,,,,,,,.,,,,,,,,,.,12,,,,,,,,,14,2,,14,,,3,8,,2,,2,,,,1,,,,,,,,,1,2,2,2,,,,,2,,,,,,,,,3,2,,2,,,,2,,,,,,,,,,,,,,1,1,1,2,1,1,3,,62,01,1,04,6,0127,,54,974.2141223,
5439431,1,1,1,60,2,54,1,1,,,1,,,1,2,2,2,6,,1,,2,450000,2,,,2,,1,100000,2,,2,,2,,,2,,,2,,,2,,,2,,,2,,,2,,2,,2,,2,,2,,2,,,.,,,,,,,,,.,12,,,,,,,,,54,,.,54,,,2,8,,2,,2,,,,1,,,,,,,,,1,2,2,1,0,4,8,,2,,,,,,,,1,3,2,,2,,,,2,,,,,,,,,,,,,,1,1,1,2,1,1,3,,62,01,1,04,8,0127,550000,54,1131.4523346,
5439432,1,1,1,60,2,54,1,1,,,1,,,1,2,2,2,24,,1,,2,800000,2,,,2,,1,100000,2,,2,,2,,,2,,,2,,,2,,,2,,,2,,,2,,2,,2,,2,,2,,2,,,.,,,,,,,,,.,12,,,,,,,,,56,,.,56,,,4,8,,2,,2,,,,1,,,,,,,,,1,2,2,1,0,12,1,,2,,,,,,,,1,3,2,,2,,,,2,,,,,,,,,,,,,,1,1,1,2,1,1,3,,60,01,1,04,1,0113,900000,54,1836.7808959,
5439432,1,2,1,60,2,54,2,,,,,,,,,,,24,,,,,,,,,,,,,,,,,,,,,,,,,,,,,,,,,,,,,,,,,,,,,,,,.,,,,,,,,,.,12,,,,,,,,,14,2,,14,,,4,8,,2,,2,,,,1,,,,,,,,,1,2,2,1,0,12,7,,2,,,,,,,,9,3,2,,2,,,,2,,,,,,,,,,,,,,1,1,1,2,1,1,3,,62,01,1,04,7,0113,,54,1836.7808959,
5439432,1,3,1,60,2,54,2,,,,,,,,,,,24,,,,,,,,,,,,,,,,,,,,,,,,,,,,,,,,,,,,,,,,,,,,,,,,.,,,,,,,,,.,12,,,,,,,,,18,2,,18,,,4,1,,2,,2,,,,1,,,,,,,,,1,2,2,1,0,12,3,,2,,,,,,,,1,14,,,2,,,,2,,,,,,,,,,,,,,1,1,1,2,1,1,3,,53,01,1,04,7,0113,,54,1836.7808959,
5439432,1,4,1,60,2,54,1,1,,,1,,,1,2,2,2,6,,1,,2,300000,2,,,1,150000,2,,2,,2,,2,,,2,,,2,,,2,,,2,,,2,,,2,,2,,2,,2,,2,,2,,,.,,,,,,,,,.,12,,,,,,,,,48,,.,48,,,2,8,,2,,2,,,,1,,,,,,,,,1,2,2,1,0,2,8,,1,54,12,7,,,3,8,1,3,40,,2,,,,2,,,,,,,,,,,,,,1,1,1,2,1,1,3,,62,01,1,04,8,0127,450000,54,1836.7808959,
5439432,1,5,1,60,2,54,2,,,,,,,,,,,24,,,,,,,,,,,,,,,,,,,,,,,,,,,,,,,,,,,,,,,,,,,,,,,,.,,,,,,,,,.,12,,,,,,,,,12,2,,12,,,4,8,,2,,2,,,,1,,,,,,,,,1,2,2,1,0,12,7,,2,,,,,,,,9,3,2,,2,,,,2,,,,,,,,,,,,,,1,1,1,2,1,1,3,,62,01,1,04,7,0113,,54,1836.7808959,
5439432,1,7,1,60,2,54,1,1,,,1,,,1,2,2,2,12,,1,,2,500000,2,,,2,,2,,2,,2,,2,,,2,,,2,,,2,,,2,,,2,,,2,,2,,2,,2,,2,,2,,,.,,,,,,,,,.,12,,,,,,,,,50,,.,50,,,3,8,,2,,2,,,,1,,,,,,,,,1,2,2,1,0,6,8,,1,54,12,7,,,3,8,1,3,60,,2,,,,2,,,,,,,,,,,,,,1,1,1,2,1,1,3,,62,01,1,04,8,0150,500000,54,1836.7808959,
5439432,1,8,1,60,2,54,2,,,,,,,,,,,7,,,,,,,,,,,,,,,,,,,,,,,,,,,,,,,,,,,,,,,,,,,,,,,,.,,,,,,,,,.,12,,,,,,,,,12,2,,12,,,4,1,,2,,2,,,,1,,,,,,,,,1,2,2,1,0,36,1,,2,,,,,,,,1,14,,,2,,,,2,,,,,,,,,,,,,,1,1,1,2,1,1,3,,53,01,1,04,7,0113,,54,1836.7808959,
5439432,1,10,1,60,2,54,1,1,,,1,,,1,2,2,2,18,,1,,2,500000,2,,,1,200000,2,,2,,2,,2,,,2,,,2,,,2,,,2,,,2,,,2,,2,,2,,2,,2,,2,,,.,,,,,,,,,.,12,,,,,,,,,54,,.,54,,,3,8,,2,,2,,,,1,,,,,,,,,1,2,2,1,0,6,8,,1,54,14,7,,,3,8,1,3,45,,2,,,,2,,,,,,,,,,,,,,1,1,1,2,1,1,3,,62,01,1,04,8,0141,700000,54,1836.7808959,
5439433,1,1,1,60,2,54,2,,,,,,,,,,,84,,,,,,,,,,,,,,,,,,,,,,,,,,,,,,,,,,,,,,,,,,,,,,,7,,2,,,2,350000,1,4000000,3,,12,1,2,0,0,2,3,3,1,30,2,,30,,,2,8,,2,,2,,,,1,,,,,,,,,1,2,2,1,0,24,4,,2,,,,,,,,3,3,5,,2,,,,2,,,,,,,,,,,,,,2,2,2,2,2,1,8,,61,01,1,04,4,0127,350000,54,797.99246604,
5439433,1,2,1,60,2,54,2,,,,,,,,,,,60,,,,,,,,,,,,,,,,,,,,,,,,,,,,,,,,,,,,,,,,,,,,,,,,.,,,,,,,,,.,12,,,,,,,,,20,2,,20,,,2,8,,2,,2,,,,1,,,,,,,,,1,2,2,1,0,24,6,,2,,,,,,,,2,3,10,,2,,,,2,,,,,,,,,,,,,,2,2,2,2,2,1,8,,62,01,1,04,6,0127,,54,797.99246604,
5439433,1,3,1,60,2,54,2,,,,,,,,,,,60,,,,,,,,,,,,,,,,,,,,,,,,,,,,,,,,,,,,,,,,,,,,,,,,.,,,,,,,,,.,12,,,,,,,,,40,,.,40,,,2,8,,2,,2,,,,1,,,,,,,,,1,2,2,2,,,,,2,,,,,,,,,3,3,,1,5,1,1,1,1,1,1,2,2,2,2,1,1,2,,1,1,2,1,1,2,2,1,8,,62,01,1,04,6,0127,,54,797.99246604,
5439434,1,1,1,60,2,54,2,,,,,,,,,,,12,,,,,,,,,,,,,,,,,,,,,,,,,,,,,,,,,,,,,,,,,,,,,,,6,,,,,3,400000,1,3600000,3,,12,2,,,,,3,1,2,50,,.,50,,,1,4,,2,,2,,,,1,,,,,,,,,1,2,2,1,0,36,4,,2,,,,,,,,3,8,30,,2,,,,2,,,,,,,,,,,,,,1,1,1,2,1,1,8,,98,49,1,04,4,4923,400000,54,1106.0864774,
5439435,1,1,1,60,2,54,2,,,,,,,,,,,36,,,,,,,,,,,,,,,,,,,,,,,,,,,,,,,,,,,,,,,,,,,,,,,7,,2,,,2,800000,1,9600000,3,,12,1,3,1,0,2,3,3,2,56,,.,56,,,3,8,,2,,2,,,,1,,,,,,,,,1,2,2,1,0,36,1,,2,,,,,,,,1,3,2,,2,,,,2,,,,,,,,,,,,,,1,1,1,2,1,1,3,,61,01,1,04,5,0113,800000,54,1524.8062339,
5439435,1,2,1,60,2,54,2,,,,,,,,,,,36,,,,,,,,,,,,,,,,,,,,,,,,,,,,,,,,,,,,,,,,,,,,,,,,.,,,,,,,,,.,12,,,,,,,,,18,2,,18,,,3,1,,2,,2,,,,1,,,,,,,,,1,2,2,1,12,24,1,,2,,,,,,,,1,14,,,2,,,,2,,,,,,,,,,,,,,1,1,1,2,1,1,3,,53,01,1,04,6,0113,,54,1524.8062339,
5439435,1,3,1,60,2,54,2,,,,,,,,,,,36,,,,,,,,,,,,,,,,,,,,,,,,,,,,,,,,,,,,,,,,,,,,,,,,.,,,,,,,,,.,12,,,,,,,,,12,2,,12,,,3,8,,2,,2,,,,1,,,,,,,,,1,2,2,2,,,,,2,,,,,,,,,3,2,,2,,,,2,,,,,,,,,,,,,,1,1,1,2,1,1,3,,62,01,1,04,6,0113,,54,1524.8062339,
5439436,1,1,1,60,2,54,1,1,,,1,,,2,2,2,2,1,,1,,2,625000,2,,,2,,1,220000,2,,2,,2,,,2,,,2,,,2,,,2,,,2,,,2,,2,,2,,2,,2,,2,,,.,,,,,,,,,.,12,,,,,,,,,45,,.,45,,,2,8,,2,,2,,,,1,,,,,,,,,1,2,2,1,3,36,1,,2,,,,,,,,2,3,15,,2,,,,1,1,2,1,2,2,2,2,2,2,2,,2,2,2,2,1,2,1,1,8,,62,01,1,04,8,0150,845000,54,645.35367253,
5439437,1,1,1,60,2,54,2,,,,,,,,,,,36,,,,,,,,,,,,,,,,,,,,,,,,,,,,,,,,,,,,,,,,,,,,,,,7,,2,,,2,300000,1,3600000,3,,12,1,2,1,0,1,3,3,2,32,2,,32,,,2,8,,1,,3,,,,,.,,,,,,,,,2,2,1,0,96,2,,2,,,,,,,,4,3,10,,2,,,,2,,,,,,,,,,,,,,1,1,1,2,1,1,9,,61,01,1,04,5,0127,300000,54,1207.7466873,
5439437,1,2,1,60,2,54,2,,,,,,,,,,,36,,,,,,,,,,,,,,,,,,,,,,,,,,,,,,,,,,,,,,,,,,,,,,,,.,,,,,,,,,.,12,,,,,,,,,40,,.,40,,,2,8,,2,,2,,,,1,,,,,,,,,1,2,2,1,0,60,1,,2,,,,,,,,2,3,10,,2,,,,2,,,,,,,,,,,,,,1,1,1,2,1,1,8,,62,01,1,04,6,0127,,54,1207.7466873,
5439438,1,1,1,60,2,54,2,,,,,,,,,,,36,,,,,,,,,,,,,,,,,,,,,,,,,,,,,,,,,,,,,,,,,,,,,,,7,,2,,,2,400000,1,4800000,3,,12,1,2,1,0,1,3,3,2,56,,.,56,,,2,8,,2,,2,,,,1,,,,,,,,,1,2,2,1,0,170,1,,2,,,,,,,,3,3,2,,2,,,,2,,,,,,,,,,,,,,1,1,1,2,1,1,3,,61,01,1,04,5,0150,400000,54,721.64802525,
5439438,1,2,1,60,2,54,2,,,,,,,,,,,12,,,,,,,,,,,,,,,,,,,,,,,,,,,,,,,,,,,,,,,,,,,,,,,6,,,,,3,50000,1,600000,3,,12,2,,,,,3,3,2,14,2,,14,,,1,1,,2,,2,,,,1,,,,,,,,,1,2,2,1,99,3,1,,1,54,12,6,,,2,1,1,14,,,2,,,,2,,,,,,,,,,,,,,1,1,1,2,1,1,3,,77,56,1,04,4,5619,50000,54,721.64802525,
5439438,1,3,1,60,2,54,2,,,,,,,,,,,360,,,,,,,,,,,,,,,,,,,,,,,,,,,,,,,,,,,,,,,,,,,,,,,6,,,,,3,200000,1,2400000,3,,12,2,,,,,3,3,2,40,,.,40,,,1,8,,5,,2,,,,1,,,,,,,,,1,2,2,1,0,6,8,,2,,,,,,,,1,3,20,,2,,,,2,,,,,,,,,,,,,,1,2,1,2,1,1,3,,61,01,1,04,4,0161,200000,54,721.64802525,
5439439,1,1,1,60,2,54,2,,,,,,,,,,,14,,,,,,,,,,,,,,,,,,,,,,,,,,,,,,,,,,,,,,,,,,,,,,,7,,2,,,2,600000,1,7200000,3,,12,2,,,,,3,2,2,30,2,,30,,,1,8,,2,,2,,,,1,,,,,,,,,1,2,2,1,3,60,1,,2,,,,,,,,2,3,3,,2,,,,2,,,,,,,,,,,,,,1,2,2,2,2,1,3,,61,01,1,04,4,0141,600000,54,587.87479501,
5439440,1,1,1,60,2,20,1,1,,,1,,,1,2,2,2,16,,,,,,,,,,,,,,,,,,,,,,,,,,,,,,,,,,,,,,,,,,,,,,,4,,,,,3,600000,1,4000000,3,,12,2,,,,,3,2,2,60,,.,60,,,1,7,,7,,2,,,,1,,,,,,,,,1,2,2,1,0,48,4,,2,,,,,,,,2,11,30,,2,,,,1,1,1,1,2,2,2,2,2,2,2,,2,2,2,2,1,2,2,2,5,,84,45,1,04,4,4542,600000,54,645.35367253,
5439440,1,2,1,60,2,20,1,1,,,1,,,1,2,2,2,16,,1,,2,300000,2,,,2,,2,,2,,2,,2,,,2,,,2,,,2,,,2,,,2,,,2,,2,,2,,2,,2,,2,,,.,,,,,,,,,.,12,,,,,,,,,20,2,,20,,,3,7,,2,,2,,,,1,,,,,,,,,1,2,2,1,0,48,4,,2,,,,,,,,2,11,30,,2,,,,2,,,,,,,,,,,,,,1,2,1,2,2,1,8,,55,45,1,04,1,4542,300000,54,645.35367253,
5439441,1,1,1,60,2,54,2,,,,,,,,,,,240,,,,,,,,,,,,,,,,,,,,,,,,,,,,,,,,,,,,,,,,,,,,,,,7,,2,,,2,600000,1,7200000,3,,12,1,4,3,0,1,3,3,2,56,,.,56,,,3,8,,2,,2,,,,1,,,,,,,,,1,2,2,1,0,12,4,,2,,,,,,,,10,3,2,,2,,,,2,,,,,,,,,,,,,,1,1,1,2,1,1,3,,61,01,1,04,5,0150,600000,54,645.35367253,
5439441,1,2,1,60,2,54,2,,,,,,,,,,,136,,,,,,,,,,,,,,,,,,,,,,,,,,,,,,,,,,,,,,,,,,,,,,,,.,,,,,,,,,.,12,,,,,,,,,20,2,,20,,,3,1,,2,,2,,,,1,,,,,,,,,1,2,2,1,0,12,3,,2,,,,,,,,9,14,,,2,,,,2,,,,,,,,,,,,,,1,1,1,2,1,1,3,,53,01,1,04,6,0127,,54,645.35367253,
5439445,1,1,1,60,2,73,1,2,1,,1,,,1,1,1,1,300,,2,,2,1200000,1,200000,2,2,,2,,1,200000,2,,2,,,1,106454,2,2,,,2,,,2,,,2,,,1,1200000,2,,1,600000,2,,2,,2,,,.,,,,,,,,,.,12,,,,,,,,,52,,.,52,,,9,8,,1,,1,2,1,25,1,1,,,,,,,,,1,1,1,1,24,4,,2,,,,,,,,8,7,10,,2,,,,2,,,,,,,,,,,,,,1,1,1,2,1,1,1,,77,10,1,04,1,1051,1200000,73,1392.6479375,
5439445,1,2,1,60,2,73,2,,,,,,,,,,,36,,,,,,,,,,,,,,,,,,,,,,,,,,,,,,,,,,,,,,,,,,,,,,,7,,2,,,1,400000,1,12000000,3,,12,2,,,,,3,9,1,50,,.,50,,,1,1,,3,,2,,,,1,,,,,,,,,1,2,2,1,12,120,1,,2,,,,,,,,9,14,,,2,,,,2,,,,,,,,,,,,,,1,2,1,2,1,1,3,,21,61,1,04,4,6190,400000,73,1392.6479375,
5439447,1,1,1,60,2,15,2,,,,,,,,,,,140,,,,,,,,,,,,,,,,,,,,,,,,,,,,,,,,,,,,,,,,,,,,,,,2,,,,,2,2000000,1,18000000,3,,12,1,2,2,0,0,2,3,2,44,,.,44,,,2,9,,3,,2,,,,1,,,,,,,,,1,2,2,1,0,120,4,,2,,,,,,,,1,3,30,,2,,,,2,,,,,,,,,,,,,,1,1,1,2,1,1,2,,95,41,1,04,5,4111,2000000,15,1918.3911698,
5439447,1,2,1,60,2,15,2,,,,,,,,,,,30,,,,,,,,,,,,,,,,,,,,,,,,,,,,,,,,,,,,,,,,,,,,,,,7,,2,,,2,2400000,1,20000000,3,,12,2,,,,,2,3,2,30,2,,30,,,1,8,,1,,2,,,,1,,,,,,,,,1,2,2,1,0,24,1,,2,,,,,,,,9,3,16,,2,,,,2,,,,,,,,,,,,,,1,1,1,2,1,1,2,,61,01,1,04,4,0141,2400000,15,1918.3911698,
5439448,1,2,1,60,2,15,2,,,,,,,,,,,24,,,,,,,,,,,,,,,,,,,,,,,,,,,,,,,,,,,,,,,,,,,,,,,7,,2,,,2,150000,1,1000000,3,,12,2,,,,,3,4,2,35,2,,35,,,1,1,,1,,3,,,,,.,,,,,,,,,2,2,1,0,480,1,,2,,,,,,,,4,14,,,2,,,,2,,,,,,,,,,,,,,1,1,1,2,1,1,2,,41,47,1,04,4,4711,150000,15,1183.7519978,
5439450,1,1,1,60,2,15,2,,,,,,,,,,,240,,,,,,,,,,,,,,,,,,,,,,,,,,,,,,,,,,,,,,,,,,,,,,,7,,2,,,2,1800000,12,12000000,3,,12,1,2,2,0,0,2,3,2,40,,.,40,,,2,8,,2,,2,,,,1,,,,,,1,,,,2,2,1,0,216,1,,2,,,,,,,,3,11,30,,2,,,,2,,,,,,,,,,,,,,1,1,1,2,1,1,3,,81,16,1,04,5,1630,1800000,15,1343.6624768,
5439450,1,2,1,60,2,15,2,,,,,,,,,,,4,,,,,,,,,,,,,,,,,,,,,,,,,,,,,,,,,,,,,,,,,,,,,,,7,,2,,,2,150000,4,600000,3,,4,2,,,,,3,4,2,14,2,,14,,,1,1,,2,,2,,,,1,,,,,,1,,,,2,2,2,,,,,2,,,,,,,,,14,,,2,,,,2,,,,,,,,,,,,,,1,2,1,2,2,1,3,,41,47,1,04,4,4711,150000,15,1343.6624768,
5439450,1,3,1,60,2,15,1,1,,,1,,,1,2,2,2,36,,1,,2,908526,2,,,2,,2,,2,,2,,2,,,2,,,2,,,2,,,2,,,2,,,2,,2,,2,,2,,2,,2,,,.,,,,,,,,,.,12,,,,,,,,,40,,.,40,,,5,7,,2,,2,,,,1,,,,,,,,,1,2,2,2,,,,,2,,,,,,,,,3,15,,2,,,,2,,,,,,,,,,,,,,1,1,1,2,1,1,3,,89,23,1,04,1,2392,908526,15,1343.6624768,
5440222,1,1,1,60,2,20,2,,,,,,,,,,,360,,,,,,,,,,,,,,,,,,,,,,,,,,,,,,,,,,,,,,,,,,,,,,,6,,,,,3,200000,12,2500000,3,,12,2,,,,,3,3,2,42,,.,42,,,1,8,,2,,2,,,,1,,,,,,,,,1,2,2,1,0,120,4,,2,,,,,,,,8,3,30,,2,,,,2,,,,,,,,,,,,,,1,2,1,2,1,1,3,,64,03,1,04,4,0311,200000,20,1678.0515684,
5440222,1,2,1,60,2,20,2,,,,,,,,,,,24,,,,,,,,,,,,,,,,,,,,,,,,,,,,,,,,,,,,,,,,,,,,,,,6,,,,,3,20000,1,240000,3,,12,2,,,,,3,3,2,4,2,,4,,,1,1,,2,,2,,,,1,,,,,,,,,1,2,2,1,12,60,4,,2,,,,,,,,11,14,,,2,,,,2,,,,,,,,,,,,,,1,2,1,2,1,1,3,,77,56,1,04,4,5619,20000,20,1678.0515684,
5440222,1,6,1,60,2,20,2,,,,,,,,,,,48,,,,,,,,,,,,,,,,,,,,,,,,,,,,,,,,,,,,,,,,,,,,,,,6,,,,,3,400000,1,500000,3,,12,2,,,,,3,1,1,40,,.,40,,,1,8,,2,,2,,,,1,,,,,,,,,1,2,2,2,,,,,2,,,,,,,,,3,20,,2,,,,1,1,2,1,2,2,2,2,2,2,2,,2,1,2,2,2,2,2,2,5,,62,01,1,04,4,0161,400000,20,1678.0515684,
5440223,1,1,1,60,2,20,2,,,,,,,,,,,3,,,,,,,,,,,,,,,,,,,,,,,,,,,,,,,,,,,,,,,,,,,,,,,7,,2,,,2,300000,8,700000,3,,1,1,2,2,0,0,3,3,2,12,2,,12,,,2,8,,2,,2,,,,1,,,,,,,,,1,2,2,1,0,2,1,,2,,,,,,,,1,3,40,,2,,,,2,,,,,,,,,,,,,,1,2,1,2,1,1,2,,61,01,1,04,5,0111,300000,20,1617.0586306,
5440225,1,1,1,60,2,20,2,,,,,,,,,,,4,,,,,,,,,,,,,,,,,,,,,,,,,,,,,,,,,,,,,,,,,,,,,,,6,,,,,3,120000,1,1500000,3,,10,2,,,,,3,1,1,18,2,,18,,,1,8,,2,,2,,,,1,,,,,,,,,1,2,2,1,0,6,4,,2,,,,,,,,8,12,10,,1,30,2,1,1,1,2,1,2,2,2,2,2,2,2,,2,1,2,2,2,2,2,2,3,,97,52,1,04,4,5224,120000,20,1177.0878993,
5440225,1,2,1,60,2,20,2,,,,,,,,,,,18,,,,,,,,,,,,,,,,,,,,,,,,,,,,,,,,,,,,,,,,,,,,,,,6,,,,,3,130000,1,800000,3,,12,1,1,0,0,1,3,3,2,28,2,,28,,,2,1,,2,,2,,,,1,,,,,,,,,1,2,2,1,36,60,5,,2,,,,,,,,2,14,,,2,,,,2,,,,,,,,,,,,,,1,2,1,2,1,1,3,,41,47,1,04,4,4771,130000,20,1177.0878993,
5440225,1,3,1,60,2,20,1,2,2,6,1,,,1,2,2,1,5,,2,,2,908526,2,,,2,,2,,2,,2,,2,,,1,106454,2,2,,,2,,,2,,,2,,,2,,2,,2,,2,,2,,2,,,.,,,,,,,,,.,5,,,,,,,,,44,,.,44,,,9,7,,1,,1,1,1,0,1,1,,,,,,,,,1,1,2,,,,,2,,,,,,,,,12,20,,2,,,,2,,,,,,,,,,,,,,1,1,1,2,1,1,3,,77,10,1,04,1,1040,908526,20,1177.0878993,
5440225,1,4,1,60,2,20,2,,,,,,,,,,,1,,,,,,,,,,,,,,,,,,,,,,,,,,,,,,,,,,,,,,,,,,,,,,,2,,,,,3,360000,1,800000,3,,2,2,,,,,2,1,1,24,2,,24,,,2,9,,2,,2,,,,1,,,,,,,,,1,2,2,1,2,1,4,,2,,,,,,,,1,13,5,,2,,,,1,1,2,1,2,2,2,2,2,2,2,,2,2,2,2,1,2,2,1,3,,95,41,1,04,4,4111,360000,20,1177.0878993,
5440225,1,5,1,60,2,20,2,,,,,,,,,,,12,,,,,,,,,,,,,,,,,,,,,,,,,,,,,,,,,,,,,,,,,,,,,,,,.,,,,,,,,,.,12,,,,,,,,,14,2,,14,,,2,1,,2,,,,,,1,,,,,,,,,1,2,2,2,,,,,2,,,,,,,,,14,,,2,,,,2,,,,,,,,,,,,,,1,2,1,2,1,1,5,,45,47,1,04,6,4771,,20,1177.0878993,
5440325,1,1,1,60,2,25,2,,,,,,,,,,,72,,,,,,,,,,,,,,,,,,,,,,,,,,,,,,,,,,,,,,,,,,,,,,,6,,,,,3,50000,1,600000,3,,12,2,,,,,3,1,2,38,1,,38,,,1,1,,5,,2,,,,1,,,,,,,,,1,2,2,1,12,24,1,,2,,,,,,,,1,14,,,2,,,,2,,,,,,,,,,,,,,1,1,1,2,1,1,3,,59,96,1,04,4,9609,50000,25,2011.7078272,
5440326,1,1,1,60,2,25,2,,,,,,,,,,,12,,,,,,,,,,,,,,,,,,,,,,,,,,,,,,,,,,,,,,,,,,,,,,,6,,,,,2,300000,1,6000000,3,,12,1,1,0,1,0,3,10,1,36,1,,36,,,2,5,,2,,2,,,,1,,,,,,,,,1,2,2,1,0,60,1,,2,,,,,,,,5,3,60,,1,24,2,1,1,1,1,1,2,2,2,1,2,2,2,,2,1,1,2,1,2,1,1,8,,45,47,1,04,4,4799,300000,25,1491.4156542,
5440326,1,2,1,60,2,25,2,,,,,,,,,,,52,,,,,,,,,,,,,,,,,,,,,,,,,,,,,,,,,,,,,,,,,,,,,,,6,,,,,2,300000,1,300000,3,,12,1,1,0,1,0,3,3,2,36,1,,36,,,2,5,,2,,2,,,,1,,,,,,,,,1,2,2,1,0,72,4,,2,,,,,,,,8,3,60,,2,,,,2,,,,,,,,,,,,,,1,2,1,2,1,1,8,,45,47,1,04,4,4799,300000,25,1491.4156542,
5440327,1,1,1,60,2,25,1,1,,,1,,,2,2,2,2,3,,1,,2,400000,2,,,2,,2,,2,,2,,2,,,2,,,2,,,2,,,2,,,2,,,2,,2,,2,,2,,2,,2,,,.,,,,,,,,,.,5,,,,,,,,,40,,.,40,,,4,8,,5,,2,,,,1,,,,,,,,,1,2,2,1,1,2,1,,2,,,,,,,,7,3,5,,1,8,2,1,1,1,1,1,2,1,2,1,2,1,2,,2,1,2,2,2,2,2,1,8,,71,05,1,04,1,0510,400000,25,2354.434925,
5440328,1,1,1,60,2,25,2,,,,,,,,,,,2,,,,,,,,,,,,,,,,,,,,,,,,,,,,,,,,,,,,,,,,,,,,,,,6,,,,,3,20000,1,240000,1,,8,2,,,,,3,1,1,21,1,,21,,,1,5,,11,,2,,,,1,,,,,,,,,1,2,2,1,4,36,4,,2,,,,,,,,3,13,10,,2,,,,2,,,,,,,,,,,,,,1,1,1,2,2,1,8,,59,96,1,04,4,9609,20000,25,2119.3740894,
5440329,1,1,1,60,2,25,1,1,,,1,,,1,2,2,2,18,,1,,2,500000,2,,,2,,2,,2,,2,,2,,,2,,,2,,,2,,,2,,,2,,,2,,2,,2,,2,,2,,2,,,.,,,,,,,,,.,12,,,,,,,,,48,,.,48,,,2,8,,10,,2,,,,1,,,,,,,,,1,2,2,1,2,2,1,,2,,,,,,,,9,3,30,,2,,,,2,,,,,,,,,,,,,,1,1,1,2,2,1,8,,62,01,1,04,8,0161,500000,25,2437.2867816,
5440334,1,1,1,60,2,25,1,2,1,,1,,,1,1,2,1,18,,1,,2,1000000,2,,,1,94000,1,200000,2,,2,,2,,,2,,,2,,,2,,,2,,,2,,,1,800000,2,,2,,2,,2,,2,,,.,,,,,,,,,.,12,,,,,,,,,48,,.,48,,,5,8,,1,,1,2,1,7,1,,,,,,,,,1,1,2,1,0,180,4,,2,,,,,,,,2,3,5,,1,24,2,1,2,,,,,,,,,,,,,,1,1,1,2,1,1,9,,62,01,1,04,1,0141,1294000,25,1542.2693853,
5440334,1,2,1,60,2,25,1,2,1,,1,,,1,1,2,1,18,,1,,2,908526,2,,,2,,1,200000,2,,2,,2,,,9,,,2,,,2,,,2,,,2,,,1,900000,2,,2,,2,,2,,2,,,.,,,,,,,,,.,12,,,,,,,,,48,,.,48,,,5,8,,1,,1,2,1,1,1,,,,,,1,,,,1,1,1,0,180,4,,2,,,,,,,,2,3,10,,2,,,,2,,,,,,,,,,,,,,1,1,1,2,1,1,2,,62,01,1,04,1,0141,1108526,25,1542.2693853,
5440335,1,1,1,60,2,25,1,2,1,,1,,,1,1,2,1,1,,2,,1,908526,2,,,2,,2,,2,,2,,2,,,2,,,2,,,2,,,2,,,2,,,2,,2,,2,,2,,2,,2,,,.,,,,,,,,,.,12,,,,,,,,,96,,.,96,,,9,8,,1,,1,2,1,0,1,1,,,1,,,,,,1,1,1,0,60,4,,2,,,,,,,,8,13,60,,2,,,,2,,,,,,,,,,,,,,1,1,1,2,1,1,3,,58,42,1,04,1,4210,908526,25,2119.3740894,
5440337,1,1,1,60,2,25,1,2,1,,1,,,1,1,2,1,120,,1,,2,908526,1,100000,2,2,,1,200000,2,,2,,2,,,2,,,1,39000,2,2,,,2,,,2,,,1,877803,2,,2,,2,,2,,1,7,,,,,,,,,,,,12,,,,,,,,,48,,.,55,,,5,8,,1,,1,2,1,24,1,1,,,,,,,,,1,1,1,8,24,1,,2,,,,,,,,1,13,5,,2,,,,2,,,,,,,,,,,,,,1,1,1,2,1,1,8,,62,01,1,04,1,0141,1108526,25,2011.7078272,
5440338,1,1,1,60,2,25,1,2,1,,1,,,1,1,2,1,20,,1,,2,1100000,1,160000,1,1,94000,1,150000,2,,2,,2,,,2,,,1,39000,2,2,,,2,,,1,100000,2,1,1000000,2,,2,,2,,2,,2,,,.,,,,,,,,,.,12,,,,,,,,,60,,.,60,,,3,8,,1,,1,2,1,8,1,1,,1,,,,,,,1,1,1,0,60,1,,2,,,,,,,,2,3,5,,2,,,,2,,,,,,,,,,,,,,1,1,1,2,1,1,2,,62,01,1,04,1,0141,1344000,25,2354.434925,
5440338,1,2,1,60,2,25,1,2,1,,1,,,1,1,2,1,20,,1,,2,1000000,2,,,2,,1,150000,2,,2,,2,,,2,,,1,39000,2,2,,,2,,,2,,,1,900000,2,,2,,2,,2,,2,,,.,,,,,,,,,.,12,,,,,,,,,48,,.,48,,,3,8,,1,,1,2,1,1,1,1,,,,,,,,,1,1,1,1,6,1,,2,,,,,,,,2,3,10,,2,,,,2,,,,,,,,,,,,,,1,1,1,2,1,1,1,,62,01,1,04,1,0141,1150000,25,2354.434925,
5440339,1,1,1,60,2,25,1,2,1,,1,,,1,1,2,1,1,,1,,2,908526,2,,,2,,2,,2,,2,,2,,,2,,,2,,,2,,,2,,,2,,,2,,2,,2,,2,,2,,2,,,.,,,,,,,,,.,1,,,,,,,,,96,,.,96,,,9,8,,1,,1,2,1,7,1,1,,,,,,,,,1,1,1,12,114,1,,2,,,,,,,,1,13,30,,2,,,,2,,,,,,,,,,,,,,1,1,1,2,1,1,5,,58,42,1,04,1,4210,908526,25,2119.3740894,
5440340,1,1,1,60,2,25,1,2,2,12,1,,,1,1,2,1,1,,1,,2,908526,2,,,2,,1,250000,2,,2,,2,,,2,,,2,,,2,,,2,,,2,,,1,877803,2,,2,,2,,2,,2,,,.,,,,,,,,,.,9,,,,,,,,,48,,.,48,,,4,8,,1,,1,1,1,2,1,1,,,,,,,,,1,2,1,3,24,1,,2,,,,,,,,7,3,5,,2,,,,2,,,,,,,,,,,,,,1,1,1,2,2,1,8,,62,01,1,04,1,0141,1158526,25,1726.4764898,
5440340,1,2,1,60,2,25,1,2,2,12,1,,,1,1,2,1,1,,1,,2,908526,2,,,2,,2,,2,,2,,2,,,2,,,2,,,2,,,2,,,2,,,1,877803,2,,2,,2,,2,,2,,,.,,,,,,,,,.,9,,,,,,,,,50,,.,50,,,4,8,,1,,1,1,1,5,1,1,,,,,,,,,1,2,1,3,60,1,,2,,,,,,,,3,3,5,,2,,,,2,,,,,,,,,,,,,,1,1,1,2,1,1,3,,62,01,1,04,1,0141,908526,25,1726.4764898,
5440341,1,1,1,60,2,25,1,2,2,3,1,,,1,1,2,1,2,,2,,2,1000000,1,60000,2,1,94000,1,450000,2,,2,,2,,,2,,,2,,,2,,,2,,,2,,,1,1000000,2,,2,,2,,2,,1,8,,,,,,,,,,,,12,,,,,,,,,48,,.,56,,,4,8,,1,,1,1,1,17,1,1,,,,,,,,,1,1,1,0,19,1,,2,,,,,,,,3,3,5,,2,,,,2,,,,,,,,,,,,,,1,1,1,2,1,1,3,,62,01,1,04,1,0141,1544000,25,2440.847396,
5440342,1,1,1,60,2,25,1,2,1,,1,,,1,1,2,1,1,,1,,2,908526,1,40000,2,1,94000,1,250000,2,,2,,2,,,2,,,1,39000,2,2,,,2,,,1,50000,2,2,,2,,2,,2,,2,,1,12,,,,,,,,,,,,1,,,,,,,,,48,,.,60,,,3,8,,1,,1,1,1,7,1,1,,,,,,,,,1,1,1,12,12,1,,2,,,,,,,,1,3,5,,2,,,,2,,,,,,,,,,,,,,1,1,1,2,1,1,1,,62,01,1,04,1,0141,1252526,25,2119.3740894,
5440356,1,1,1,60,2,25,1,1,,,1,,,2,2,2,2,2,,2,,2,950000,2,,,2,,1,300000,2,,2,,2,,,2,,,2,,,2,,,2,,,2,,,2,,2,,2,,2,,2,,2,,,.,,,,,,,,,.,2,,,,,,,,,48,,.,48,,,4,7,,2,,2,,,,1,,,,,,,,,1,2,2,1,10,4,1,,2,,,,,,,,13,3,2,,2,,,,1,1,1,1,2,1,1,2,1,1,2,,2,1,2,2,2,2,2,1,8,,58,25,1,04,1,2511,1250000,25,2071.8601652,
5440462,1,1,1,60,2,25,2,,,,,,,,,,,24,,,,,,,,,,,,,,,,,,,,,,,,,,,,,,,,,,,,,,,,,,,,,,,7,,2,,,3,150000,1,1800000,3,,12,2,,,,,1,11,2,42,,.,42,,,1,8,,2,,2,,,,1,,,,,,,,,1,2,2,1,0,240,4,,1,25,4,4,,40000,1,4,11,3,15,,2,,,,2,,,,,,,,,,,,,,1,2,1,2,1,1,8,,58,01,1,04,4,0141,190000,25,3111.7893593,
5440464,1,1,1,60,2,25,2,,,,,,,,,,,60,,,,,,,,,,,,,,,,,,,,,,,,,,,,,,,,,,,,,,,,,,,,,,,7,,2,,,2,900000,1,5000000,3,,12,1,2,2,0,0,2,3,2,48,,.,48,,,2,8,,2,,2,,,,1,,,,,,,,,1,2,2,1,10,5,5,,2,,,,,,,,2,8,35,,2,,,,2,,,,,,,,,,,,,,1,2,1,2,1,2,8,,62,01,1,04,5,0125,900000,25,1635.3656496,
5440464,1,2,1,60,2,25,1,1,,,1,,,1,2,2,2,24,,1,,2,700000,2,,,2,,2,,2,,2,,2,,,2,,,2,,,2,,,2,,,2,,,2,,2,,2,,2,,2,,2,,,.,,,,,,,,,.,12,,,,,,,,,48,,.,48,,,4,8,,2,,2,,,,1,,,,,,,,,1,2,2,1,12,13,1,,1,25,3,4,,20000,1,1,3,8,35,,2,,,,1,1,2,1,1,2,2,2,2,2,2,,2,1,2,2,1,2,1,2,8,,62,01,1,04,1,0125,720000,25,1635.3656496,
5440465,1,1,1,60,2,25,1,1,,,1,,,2,2,2,2,14,,,,,,,,,,,,,,,,,,,,,,,,,,,,,,,,,,,,,,,,,,,,,,,4,,,,,2,800000,1,5400000,3,,12,2,,,,,2,1,2,70,,.,70,,,5,8,,2,,2,,,,1,,,,,,,,,1,2,2,1,3,108,1,,2,,,,,,,,2,7,30,,2,,,,2,,,,,,,,,,,,,,1,2,1,2,2,1,3,,62,01,1,04,4,0125,800000,25,2189.7839491,
5440466,1,2,1,60,2,25,1,2,1,,1,,,1,1,2,1,262,,2,,2,908526,2,,,2,,2,,2,,2,,2,,,1,106454,2,1,39000,2,2,,,2,,,2,,,1,877803,2,,2,,2,,2,,2,,,.,,,,,,,,,.,12,,,,,,,,,48,,.,48,,,9,8,,1,,1,2,1,22,1,1,,,,,,,,,1,1,2,,,,,2,,,,,,,,,3,40,,2,,,,2,,,,,,,,,,,,,,1,1,1,2,1,1,8,,62,01,1,04,1,0125,908526,25,1371.939023,
5440467,1,2,1,60,2,25,1,2,1,,1,,,1,1,2,1,14,,3,,2,908526,2,,,2,,2,,1,120000,2,,2,,,2,,,1,39000,2,2,,,2,,,2,,,1,877803,2,,2,,2,,2,,2,,,.,,,,,,,,,.,12,,,,,,,,,48,,.,48,,,9,8,,1,,1,1,1,1,1,1,,,,,,,,,1,1,2,,,,,2,,,,,,,,,7,60,,2,,,,2,,,,,,,,,,,,,,1,1,1,2,1,1,8,,62,01,1,04,1,0125,908526,25,3196.619249,
5440468,1,1,1,60,2,25,1,2,1,,2,4,SOLUCIONES INMEDIATAS,1,1,2,1,8,,2,,2,908526,2,,,2,,2,,2,,2,,2,,,1,106454,2,2,,,2,,,2,,,2,,,1,500000,2,,2,,2,,2,,2,,,.,,,,,,,,,.,8,,,,,,,,,50,,.,50,,,9,7,,1,,1,1,1,3,1,1,,,,,,,,,1,1,1,7,24,1,,2,,,,,,,,5,1,60,,2,,,,2,,,,,,,,,,,,,,1,1,1,2,1,1,3,,97,49,1,04,1,4923,908526,25,2609.5804876,7810
5440470,1,1,1,60,2,25,1,2,1,,1,,,1,1,2,1,19,,1,,2,908526,1,90000,2,2,,2,,2,,2,,2,,,2,,,1,78000,2,2,,,2,,,2,,,1,877803,2,,2,,2,,2,,2,,,.,,,,,,,,,.,12,,,,,,,,,48,,.,48,,,2,8,,1,,1,2,1,22,1,,,,,,,,,1,1,1,1,3,60,1,,2,,,,,,,,3,3,10,,2,,,,2,,,,,,,,,,,,,,1,1,1,2,1,1,8,,62,01,1,04,1,0141,908526,25,3173.8061878,
5440470,1,3,1,60,2,25,1,2,1,,1,,,1,1,2,1,4,,1,,2,908526,2,,,2,,2,,1,120000,2,,2,,,2,,,2,,,2,,,2,,,2,,,2,,2,,2,,2,,2,,2,,,.,,,,,,,,,.,10,,,,,,,,,48,,.,48,,,9,8,,1,,1,1,1,0,1,,,,,,,,,1,1,1,1,2,6,1,,2,,,,,,,,7,7,10,,2,,,,1,1,1,1,2,2,2,2,2,1,2,,1,1,1,1,1,2,1,1,3,,62,01,1,04,1,0125,908526,25,3173.8061878,
5440470,1,4,1,60,2,25,1,1,,,1,,,2,2,2,2,0,,1,,2,250000,2,,,1,150000,2,,2,,2,,2,,,2,,,2,,,2,,,2,,,2,,,2,,2,,2,,2,,2,,2,,,.,,,,,,,,,.,6,,,,,,,,,72,,.,72,,,1,2,,5,,2,,,,1,,,,,,,,,1,2,2,1,6,6,1,,2,,,,,,,,1,2,30,,2,,,,1,1,1,1,2,1,2,2,2,2,2,,1,1,1,1,1,2,1,1,3,,59,97,1,04,3,9700,400000,25,3173.8061878,
5440471,1,1,1,60,2,25,1,1,,,1,,,1,2,2,2,48,,1,,2,1400000,2,,,2,,2,,2,,2,,2,,,2,,,2,,,2,,,2,,,2,,,2,,2,,2,,2,,2,,2,,,.,,,,,,,,,.,12,,,,,,,,,48,,.,48,,,4,8,,2,,2,,,,1,,,,,,,,,1,2,2,1,6,2,8,,2,,,,,,,,3,11,30,,2,,,,2,,,,,,,,,,,,,,1,1,1,2,1,1,2,,62,01,1,04,8,0121,1400000,25,3111.7893593,
5440472,1,1,1,60,2,25,1,1,,,1,,,1,2,2,2,96,,1,,2,1600000,2,,,2,,2,,2,,2,,2,,,2,,,2,,,2,,,2,,,2,,,2,,2,,2,,2,,2,,2,,,.,,,,,,,,,.,12,,,,,,,,,48,,.,48,,,7,8,,2,,2,,,,1,,,,,,,,,1,2,2,1,0,30,1,,2,,,,,,,,3,11,5,,2,,,,2,,,,,,,,,,,,,,1,1,1,2,1,1,2,,98,01,1,04,8,0121,1600000,25,2194.6876494,
5440472,1,2,1,60,2,25,2,,,,,,,,,,,8,,,,,,,,,,,,,,,,,,,,,,,,,,,,,,,,,,,,,,,,,,,,,,,6,,,,,2,180000,1,1000000,1,,8,2,,,,,3,4,2,16,1,,16,,,1,5,,2,,2,,,,1,,,,,,,,,1,2,2,1,6,1,1,,2,,,,,,,,7,1,90,,1,48,2,2,1,1,1,1,2,1,2,2,1,1,2,,2,1,1,2,2,2,2,1,3,,45,47,1,04,4,4799,180000,25,2194.6876494,
5440474,1,1,1,60,2,25,1,2,1,,1,,,1,1,2,1,84,,2,,2,908456,1,60000,2,2,,2,,2,,2,,1,50000,2,1,100000,2,2,,,2,,,2,,,2,,,1,900000,2,,2,,2,,2,,2,,,.,,,,,,,,,.,12,,,,,,,,,48,,.,48,,,9,8,,1,,1,1,1,32,1,1,,,,,,,,,1,1,1,2,108,1,,2,,,,,,,,3,13,30,,2,,,,2,,,,,,,,,,,,,,1,1,1,2,1,1,1,,62,01,1,04,1,0125,908456,25,5487.756092,
5440474,1,4,1,60,2,25,1,1,,,1,,,1,2,2,2,1,,3,,2,908526,2,,,2,,2,,1,192000,2,,2,,,2,,,2,,,2,,,2,,,2,,,2,,2,,2,,2,,2,,2,,,.,,,,,,,,,.,7,,,,,,,,,48,,.,69,,,9,7,,3,,2,,,,1,,,,,,,,,1,2,2,1,4,3,1,,2,,,,,,,,1,7,60,,1,24,1,1,2,,,,,,,,,,,,,,1,1,1,2,2,2,5,,62,01,1,04,1,0125,908526,25,5487.756092,
5440475,1,1,1,60,2,25,1,2,1,,1,,,1,1,2,1,300,,1,,2,908526,2,,,2,,2,,2,,2,,2,,,1,106454,2,1,120000,2,2,,,2,,,2,,,1,887803,2,,2,,2,,2,,2,,,.,,,,,,,,,.,12,,,,,,,,,48,,.,48,,,6,7,,1,,1,1,1,25,1,1,,,,,,,,,1,1,1,0,24,1,,2,,,,,,,,1,13,20,,2,,,,2,,,,,,,,,,,,,,1,1,1,2,1,1,8,,77,10,1,04,1,1011,908526,25,3536.8138008,
5440475,1,3,1,60,2,25,2,,,,,,,,,,,52,,,,,,,,,,,,,,,,,,,,,,,,,,,,,,,,,,,,,,,,,,,,,,,6,,,,,2,400000,1,3000000,3,,12,2,,,,,2,10,2,44,,.,44,,,1,6,,3,,2,,,,1,,,,,,,,,1,2,2,1,2,4,1,,2,,,,,,,,3,3,20,,2,,,,2,,,,,,,,,,,,,,1,1,1,2,1,1,8,,99,38,1,04,4,3830,400000,25,3536.8138008,
5440476,1,1,1,60,2,25,1,1,,,1,,,2,2,2,2,1,,,,,,,,,,,,,,,,,,,,,,,,,,,,,,,,,,,,,,,,,,,,,,,3,,,,,2,1000000,1,3000000,3,,12,2,,,,,1,3,2,50,,.,50,,,2,7,,7,,2,,,,1,,,,,,,,,1,2,2,1,0,3,8,,2,,,,,,,,2,3,10,,2,,,,2,,,,,,,,,,,,,,1,2,1,2,2,1,3,,99,38,1,04,4,3830,1000000,25,5386.0843795,
5440478,1,1,1,60,2,25,1,1,,,1,,,1,2,2,2,0,,2,,2,,2,,,2,,2,,2,,2,,2,,,2,,,2,,,2,,,2,,,2,,,2,,2,,2,,2,,2,,2,,,.,,,,,,,,,.,12,,,,,,,,,48,,.,48,,,2,2,,4,,2,,,,1,,,,,,,,,1,2,2,1,0,60,1,,2,,,,,,,,3,2,60,,2,,,,2,,,,,,,,,,,,,,1,1,1,2,1,1,3,,95,41,1,04,1,4111,,25,2604.6767872,
5440480,1,2,1,60,2,25,1,2,1,,1,,,1,1,2,1,24,,1,,2,908600,1,80000,2,2,,2,,2,,2,,2,,,1,106454,2,2,,,2,,,2,,,2,,,1,900000,2,,2,,2,,2,,2,,,.,,,,,,,,,.,12,,,,,,,,,48,,.,48,,,9,7,,1,,1,2,1,30,1,1,,,,,,,,,1,1,1,6,48,1,,2,,,,,,,,1,11,60,,2,,,,2,,,,,,,,,,,,,,1,1,1,2,2,1,2,,58,84,1,04,1,8413,908600,25,1794.2274495,
5440485,1,1,1,60,2,25,2,,,,,,,,,,,120,,,,,,,,,,,,,,,,,,,,,,,,,,,,,,,,,,,,,,,,,,,,,,,6,,,,,3,840000,1,8000000,3,,12,2,,,,,2,3,2,48,,.,48,,,1,8,,2,,2,,,,1,,,,,,,,,1,2,2,1,0,36,4,,2,,,,,,,,3,11,60,,2,,,,2,,,,,,,,,,,,,,1,2,1,2,2,1,8,,62,01,1,04,4,0111,840000,25,4123.8525622,
5440485,1,2,1,60,2,25,2,,,,,,,,,,,96,,,,,,,,,,,,,,,,,,,,,,,,,,,,,,,,,,,,,,,,,,,,,,,6,,,,,3,800000,1,98,3,,12,2,,,,,2,5,2,48,,.,48,,,1,8,,2,,2,,,,1,,,,,,,,,1,2,2,1,0,3,1,,2,,,,,,,,3,11,20,,2,,,,1,1,1,1,1,2,2,2,1,1,2,,2,1,1,1,1,2,2,1,8,,62,01,1,04,4,0111,800000,25,4123.8525622,
5440486,1,1,1,60,2,25,1,2,2,12,1,,,1,1,2,1,120,,1,,2,908600,2,,,2,,2,,2,,2,,2,,,1,106454,2,2,,,2,,,2,,,2,,,1,900000,2,,2,,2,,2,,2,,,.,,,,,,,,,.,12,,,,,,,,,48,,.,48,,,9,7,,1,,1,1,1,25,1,1,,,,,,,,,1,1,1,0,12,4,,2,,,,,,,,8,3,15,,2,,,,2,,,,,,,,,,,,,,1,1,1,2,1,1,5,,77,47,1,04,1,4711,908600,25,2162.1387629,
5440486,1,3,1,60,2,25,1,1,,,1,,,1,2,2,2,6,,,,,,,,,,,,,,,,,,,,,,,,,,,,,,,,,,,,,,,,,,,,,,,4,,,,,2,800000,1,4000000,1,,6,2,,,,,1,5,2,30,1,,30,,,3,4,,5,,2,,,,1,,,,,,,,,1,2,2,1,6,60,4,,2,,,,,,,,2,1,60,,2,,,,2,,,,,,,,,,,,,,1,1,1,2,1,1,3,,98,49,1,04,4,4923,800000,25,2162.1387629,
5440487,1,1,1,60,2,25,1,2,1,,1,,,1,1,2,1,6,,1,,2,908526,1,20000,2,2,,2,,1,150000,2,,2,,,2,,,1,63000,2,2,,,2,,,2,,,1,393000,2,,2,,2,,2,,2,,,.,,,,,,,,,.,6,,,,,,,,,48,,.,48,,,9,8,,1,,1,2,1,4,1,,,,,,,,,1,1,1,1,6,24,1,,2,,,,,,,,3,7,60,,2,,,,2,,,,,,,,,,,,,,2,2,2,2,2,1,1,,62,01,1,04,1,0125,908526,25,4193.6152929,
5440487,1,2,1,60,2,25,1,1,,,1,,,2,2,2,2,2,,1,,2,300000,2,,,2,,2,,2,,2,,2,,,2,,,2,,,2,,,2,,,2,,,2,,2,,2,,2,,2,,2,,,.,,,,,,,,,.,2,,,,,,,,,40,,.,20,6,,4,7,,7,,2,,,,1,,,,,,,,,1,2,2,1,12,2,1,,2,,,,,,,,3,3,20,1,2,,,,2,,,,,,,,,,,,,,2,2,2,2,2,1,3,,97,38,1,04,1,3830,300000,25,4193.6152929,
5440489,1,1,1,60,2,25,2,,,,,,,,,,,36,,,,,,,,,,,,,,,,,,,,,,,,,,,,,,,,,,,,,,,,,,,,,,,6,,,,,3,700000,1,3000000,1,,12,2,,,,,2,10,1,30,3,NO SALE MAS  TRABAJO,20,6,,1,2,,2,,2,,,,1,,,,,,,,,1,2,2,1,0,108,1,,2,,,,,,,,9,3,20,1,2,,,,1,1,1,1,2,1,2,1,1,2,2,,1,1,1,2,1,2,2,1,5,,95,41,1,04,4,4111,700000,25,3111.7893593,
5440505,1,1,1,60,2,11,2,,,,,,,,,,,2,,,,,,,,,,,,,,,,,,,,,,,,,,,,,,,,,,,,,,,,,,,,,,,6,,,,,3,,1,98,1,,6,2,,,,,3,10,2,36,1,,36,,,1,4,,4,,2,,,,1,,,,,,,,,1,2,2,1,10,4,1,,2,,,,,,,,1,3,60,,2,,,,1,1,1,1,2,2,2,2,1,2,2,,2,2,1,1,1,2,2,1,3,,98,49,1,04,4,4923,,25,2050.2584877,
5440505,1,2,1,60,2,25,1,2,1,,1,,,1,1,2,1,12,,2,,2,908600,2,,,2,,2,,1,96000,2,,2,,,2,,,1,39000,2,2,,,2,,,2,,,1,850000,2,,2,,2,,2,,2,,,.,,,,,,,,,.,12,,,,,,,,,48,,.,48,,,9,7,,1,,1,1,1,1,1,,,,,,,,,1,1,1,2,,,,,2,,,,,,,,,7,45,,2,,,,2,,,,,,,,,,,,,,1,1,1,2,1,1,3,,62,01,1,04,1,0125,908600,25,2050.2584877,
5440518,1,1,1,60,2,66,1,1,,,1,,,1,2,2,2,3,,1,,2,800000,2,,,2,,2,,2,,2,,2,,,2,,,2,,,2,,,2,,,2,,,2,,2,,2,,2,,2,,2,,,.,,,,,,,,,.,12,,,,,,,,,48,,.,48,,,3,9,,2,,2,,,,1,,,,,,,,,1,2,2,1,0,36,1,,2,,,,,,,,1,2,20,,2,,,,2,,,,,,,,,,,,,,1,2,1,2,1,1,3,,95,41,1,04,1,4111,800000,66,885.68425155,
5440519,1,2,1,60,2,66,1,1,,,1,,,1,2,2,2,120,,1,,2,960000,2,,,2,,2,,2,,2,,2,,,2,,,2,,,2,,,2,,,2,,,2,,2,,2,,2,,2,,2,,,.,,,,,,,,,.,12,,,,,,,,,55,,.,55,,,4,8,,2,,2,,,,1,,,,,,,,,1,2,2,2,,,,,2,,,,,,,,,11,25,,2,,,,2,,,,,,,,,,,,,,1,2,1,2,1,1,8,,62,01,1,04,8,0123,960000,66,2110.6348869,
5440520,1,1,1,60,2,66,1,1,,,1,,,1,2,2,2,9,,1,,2,1200000,2,,,2,,2,,2,,2,,2,,,2,,,2,,,2,,,2,,,2,,,2,,2,,2,,2,,2,,2,,,.,,,,,,,,,.,9,,,,,,,,,48,,.,48,,,2,9,,2,,2,,,,1,,,,,,,,,1,2,2,1,5,24,1,,2,,,,,,,,2,11,45,,2,,,,2,,,,,,,,,,,,,,1,1,1,2,1,1,5,,95,41,1,04,1,4111,1200000,66,1841.0179218,
5440521,1,1,1,60,2,66,1,1,,,1,,,1,2,2,2,8,,1,,2,600000,2,,,2,,2,,2,,2,,2,,,2,,,2,,,2,,,2,,,2,,,2,,2,,2,,2,,2,,2,,,.,,,,,,,,,.,12,,,,,,,,,48,,.,48,,,2,2,,2,,2,,,,1,,,,,,,,,1,2,2,1,0,48,3,,2,,,,,,,,1,2,15,,2,,,,2,,,,,,,,,,,,,,1,2,1,2,1,2,5,,55,97,1,04,3,9700,600000,66,1220.4520953,
5440523,1,2,1,60,2,66,1,1,,,1,,,1,2,2,2,180,,1,,2,880000,2,,,2,,2,,2,,2,,2,,,2,,,2,,,2,,,2,,,2,,,2,,2,,2,,2,,2,,2,,,.,,,,,,,,,.,10,,,,,,,,,55,,.,55,,,3,9,,2,,2,,,,1,,,,,,,,,1,2,2,1,0,60,8,,2,,,,,,,,3,11,20,,2,,,,2,,,,,,,,,,,,,,1,2,1,2,1,1,8,,95,41,1,04,1,4111,880000,66,1128.9986988,
5440524,1,1,1,60,2,66,2,,,,,,,,,,,9,,,,,,,,,,,,,,,,,,,,,,,,,,,,,,,,,,,,,,,,,,,,,,,6,,,,,3,500000,1,4500000,3,,9,1,1,0,0,1,3,3,2,40,,.,40,,,2,1,,2,,2,,,,1,,,,,,,,,1,2,2,1,4,24,4,,2,,,,,,,,2,14,,,2,,,,2,,,,,,,,,,,,,,1,1,1,2,1,1,3,,77,56,1,04,4,5619,500000,66,3542.7370062,
5440524,1,2,1,60,2,66,1,1,,,1,,,1,2,2,2,15,,1,,2,880000,2,,,2,,2,,2,,2,,2,,,2,,,2,,,2,,,2,,,2,,,2,,2,,2,,2,,2,,2,,,.,,,,,,,,,.,12,,,,,,,,,48,,.,48,,,2,8,,2,,2,,,,1,,,,,,,,,1,2,2,1,0,24,8,,2,,,,,,,,1,11,15,,2,,,,2,,,,,,,,,,,,,,1,1,1,2,1,1,3,,62,01,1,04,8,0144,880000,66,3542.7370062,
5440524,1,3,1,60,2,66,1,1,,,1,,,1,2,2,2,4,,1,,2,850000,2,,,2,,2,,2,,2,,2,,,2,,,2,,,2,,,2,,,2,,,2,,2,,2,,2,,2,,2,,,.,,,,,,,,,.,4,,,,,,,,,48,,.,48,,,3,8,,2,,2,,,,1,,,,,,,,,1,2,2,2,,,,,2,,,,,,,,,11,20,,2,,,,2,,,,,,,,,,,,,,1,1,1,2,1,1,3,,62,01,1,04,8,0142,850000,66,3542.7370062,
5440524,1,4,1,60,2,66,2,,,,,,,,,,,8,,,,,,,,,,,,,,,,,,,,,,,,,,,,,,,,,,,,,,,,,,,,,,,,.,,,,,,,,,.,8,,,,,,,,,30,2,,30,,,2,1,,2,,2,,,,1,,,,,,,,,1,2,2,2,,,,,2,,,,,,,,,14,,,2,,,,2,,,,,,,,,,,,,,1,1,1,2,1,1,3,,45,56,1,04,6,5619,,66,3542.7370062,
5440524,1,5,1,60,2,66,1,1,,,1,,,1,2,2,1,8,,1,,2,900000,2,,,2,,2,,2,,2,,2,,,2,,,2,,,2,,,2,,,2,,,2,,2,,2,,2,,2,,2,,,.,,,,,,,,,.,8,,,,,,,,,48,,.,48,,,2,9,,2,,2,,,,1,,,,,,,,,1,2,2,1,5,12,1,,2,,,,,,,,1,11,35,,2,,,,2,,,,,,,,,,,,,,1,1,1,2,1,1,8,,95,41,1,04,1,4111,900000,66,3542.7370062,
5440525,1,1,1,60,2,66,1,1,,,1,,,1,2,2,2,24,,1,,2,600000,2,,,2,,2,,2,,2,,2,,,2,,,2,,,2,,,2,,,2,,,2,,2,,2,,2,,2,,2,,,.,,,,,,,,,.,12,,,,,,,,,48,,.,48,,,2,8,,2,,2,,,,1,,,,,,,,,1,2,2,1,0,36,8,,2,,,,,,,,1,3,15,,2,,,,2,,,,,,,,,,,,,,1,2,1,2,1,1,5,,62,01,1,04,8,0123,600000,66,1687.7750038,
5440526,1,2,1,60,2,66,1,2,1,,1,,,1,1,1,1,40,,2,,2,908526,2,,,2,,2,,2,,2,,2,,,1,106454,2,2,,,2,,,2,,,2,,,1,450000,1,450000,1,450000,2,,2,,2,,,.,,,,,,,,,.,11,,,,,,,,,50,,.,50,,,8,7,,1,,1,1,1,6,1,1,,,,,,,,,1,1,1,2,36,1,,2,,,,,,,,1,11,30,,2,,,,2,,,,,,,,,,,,,,1,1,1,2,1,1,1,,83,25,1,04,1,2511,908526,66,885.68425155,
5440527,1,1,1,60,2,66,1,1,,,1,,,1,2,2,2,14,,1,,2,800000,2,,,2,,2,,2,,2,,2,,,2,,,2,,,2,,,2,,,2,,,2,,2,,2,,2,,2,,2,,,.,,,,,,,,,.,12,,,,,,,,,48,,.,48,,,3,8,,2,,2,,,,1,,,,,,,,,1,2,2,1,0,10,8,,2,,,,,,,,1,3,15,,2,,,,2,,,,,,,,,,,,,,1,1,1,2,1,1,3,,62,01,1,04,8,0123,800000,66,1113.5046803,
5440528,1,1,1,60,2,66,2,,,,,,,,,,,300,,,,,,,,,,,,,,,,,,,,,,,,,,,,,,,,,,,,,,,,,,,,,,,7,,2,,,3,800000,1,9600000,3,,12,2,,,,,2,3,2,60,,.,60,,,1,8,,2,,2,,,,1,,,,,,,,,1,2,2,1,0,18,8,,2,,,,,,,,7,3,2,,2,,,,2,,,,,,,,,,,,,,1,1,1,2,1,1,8,,61,01,1,04,4,0119,800000,66,2429.5117739,
5440528,1,3,1,60,2,66,1,1,,,1,,,1,2,2,2,14,,1,,2,320000,2,,,2,,2,,2,,2,,2,,,2,,,2,,,2,,,2,,,2,,,2,,2,,2,,2,,2,,2,,,.,,,,,,,,,.,12,,,,,,,,,20,2,,20,,,5,8,,2,,2,,,,1,,,,,,,,,1,2,2,2,,,,,2,,,,,,,,,3,20,,2,,,,2,,,,,,,,,,,,,,1,2,1,2,1,1,3,,62,01,1,04,8,0113,320000,66,2429.5117739,
5440529,1,1,1,60,2,66,1,1,,,1,,,1,2,2,2,36,,1,,2,800000,2,,,2,,2,,2,,2,,2,,,2,,,2,,,2,,,2,,,2,,,2,,2,,2,,2,,2,,2,,,.,,,,,,,,,.,12,,,,,,,,,48,,.,48,,,5,8,,2,,2,,,,1,,,,,,,,,1,2,2,1,0,18,8,,2,,,,,,,,1,3,20,,2,,,,2,,,,,,,,,,,,,,1,2,1,2,1,1,3,,62,01,1,04,8,0113,800000,66,885.68425155,
5440529,1,2,1,60,2,66,1,1,,,1,,,1,2,2,2,9,,1,,2,700000,2,,,2,,2,,2,,2,,2,,,2,,,2,,,2,,,2,,,2,,,2,,2,,2,,2,,2,,2,,,.,,,,,,,,,.,12,,,,,,,,,40,,.,40,,,2,2,,2,,2,,,,1,,,,,,,,,1,2,2,1,0,8,3,,2,,,,,,,,1,2,20,,2,,,,2,,,,,,,,,,,,,,1,2,1,2,1,1,3,,54,97,1,04,3,9700,700000,66,885.68425155,
5440530,1,2,1,60,2,66,1,1,,,1,,,1,2,2,2,13,,1,,2,880000,2,,,2,,2,,2,,2,,2,,,2,,,2,,,2,,,2,,,2,,,2,,2,,2,,2,,2,,2,,,.,,,,,,,,,.,12,,,,,,,,,48,,.,48,,,3,8,,2,,2,,,,1,,,,,,,,,1,2,2,1,0,14,8,,2,,,,,,,,1,3,20,,2,,,,2,,,,,,,,,,,,,,1,1,1,2,1,1,3,,62,01,1,04,8,0123,880000,66,3475.5334264,
5440531,1,1,1,60,2,66,1,1,,,1,,,1,2,2,2,36,,1,,2,700000,2,,,2,,2,,2,,2,,2,,,2,,,2,,,2,,,2,,,2,,,2,,2,,2,,2,,2,,2,,,.,,,,,,,,,.,12,,,,,,,,,40,,.,40,,,4,8,,2,,2,,,,1,,,,,,,,,1,2,2,1,0,24,8,,2,,,,,,,,1,3,8,,2,,,,2,,,,,,,,,,,,,,1,2,1,2,1,1,3,,62,01,1,04,8,0113,700000,66,1580.8275887,
5440532,1,1,1,60,2,66,1,2,1,,1,,,1,1,1,1,17,,1,,2,908526,2,,,2,,2,,2,,2,,2,,,1,106454,2,1,72000,2,2,,,2,,,2,,,1,450000,1,450000,1,450000,2,,2,,2,,,.,,,,,,,,,.,12,,,,,,,,,50,,.,50,,,5,4,,1,,1,1,1,11,1,1,,,,,,,,,1,1,1,0,36,1,,2,,,,,,,,3,11,20,,2,,,,2,,,,,,,,,,,,,,1,1,1,2,1,1,1,,33,64,1,04,1,6499,908526,66,2376.9231087,
5440534,1,1,1,60,2,66,1,1,,,1,,,1,2,2,2,2,,1,,2,730000,2,,,2,,2,,2,,2,,2,,,2,,,2,,,2,,,2,,,2,,,2,,2,,2,,2,,2,,2,,,.,,,,,,,,,.,12,,,,,,,,,40,,.,40,,,3,2,,2,,2,,,,1,,,,,,,,,1,2,2,1,0,12,1,,2,,,,,,,,1,11,15,,2,,,,2,,,,,,,,,,,,,,1,2,1,2,1,1,3,,95,41,1,04,1,4111,730000,66,2110.6348869,
5440535,1,1,1,60,2,66,2,,,,,,,,,,,86,,,,,,,,,,,,,,,,,,,,,,,,,,,,,,,,,,,,,,,,,,,,,,,6,,,,,3,600000,1,8000000,3,,12,2,,,,,2,9,2,48,,.,48,,,1,8,,2,,2,,,,1,,,,,,,,,1,2,2,1,0,36,8,,2,,,,,,,,1,3,3,,2,,,,2,,,,,,,,,,,,,,1,2,1,2,1,1,5,,61,01,1,04,4,0121,600000,66,1136.858596,
5440537,1,1,1,60,2,66,1,1,,,1,,,1,2,2,2,8,,1,,2,800000,2,,,2,,1,80000,2,,2,,2,,,2,,,2,,,2,,,2,,,2,,,2,,2,,2,,2,,2,,2,,,.,,,,,,,,,.,12,,,,,,,,,48,,.,48,,,3,8,,2,,2,,,,1,,,,,,,,,1,2,2,1,0,10,8,,2,,,,,,,,1,3,20,,2,,,,2,,,,,,,,,,,,,,1,1,1,2,1,1,8,,62,01,1,04,8,0123,880000,66,1687.7750038,
5440538,1,2,1,60,2,66,1,1,,,1,,,1,2,2,2,48,,1,,2,800000,2,,,2,,2,,2,,2,,2,,,2,,,2,,,2,,,2,,,2,,,2,,2,,2,,2,,2,,2,,,.,,,,,,,,,.,12,,,,,,,,,48,,.,48,,,4,8,,2,,2,,,,1,,,,,,,,,1,2,2,1,0,24,8,,2,,,,,,,,1,3,10,,2,,,,2,,,,,,,,,,,,,,1,2,1,2,1,1,3,,62,01,1,04,8,0121,800000,66,885.68425155,
5440539,1,1,1,60,2,66,1,1,,,1,,,1,2,2,2,8,,1,,2,1000000,2,,,2,,2,,2,,2,,2,,,2,,,2,,,2,,,2,,,2,,,2,,2,,2,,2,,2,,2,,,.,,,,,,,,,.,8,,,,,,,,,48,,.,48,,,2,9,,2,,2,,,,1,,,,,,,,,1,2,2,1,5,24,1,,2,,,,,,,,2,11,15,,2,,,,2,,,,,,,,,,,,,,1,1,1,2,1,1,3,,95,41,1,04,1,4111,1000000,66,1757.4244224,
5440539,1,2,1,60,2,66,1,2,1,,1,,,1,1,1,1,48,,2,,2,1500000,2,,,2,,2,,2,,2,,2,,,1,36650,2,2,,,2,,,2,,,2,,,1,750000,1,1500000,1,750000,2,,2,,2,,,.,,,,,,,,,.,12,,,,,,,,,48,,.,48,,,9,5,,1,,1,1,1,8,1,1,,,,,,,,,1,1,1,0,24,1,,2,,,,,,,,1,11,50,,2,,,,2,,,,,,,,,,,,,,1,1,1,2,1,1,1,,85,61,1,04,2,6120,1500000,66,1757.4244224,
5440540,1,1,1,60,2,66,1,1,,,1,,,1,2,2,2,18,,1,,2,280000,2,,,1,120000,2,,2,,2,,2,,,2,,,2,,,2,,,2,,,2,,,2,,2,,2,,2,,2,,2,,,.,,,,,,,,,.,9,,,,,,,,,24,1,,24,,,3,7,,2,,2,,,,1,,,,,,,,,1,2,2,1,12,60,4,,2,,,,,,,,2,3,5,,2,,,,2,,,,,,,,,,,,,,1,1,1,2,1,1,8,,55,94,1,04,1,9491,400000,66,885.68425155,
5440542,1,1,1,60,2,66,1,1,,,1,,,1,2,2,2,12,,1,,2,900000,2,,,2,,2,,2,,2,,2,,,2,,,2,,,2,,,2,,,2,,,2,,2,,2,,2,,2,,2,,,.,,,,,,,,,.,12,,,,,,,,,48,,.,48,,,4,8,,2,,2,,,,1,,,,,,,,,1,2,2,1,1,36,4,,2,,,,,,,,2,3,10,,2,,,,2,,,,,,,,,,,,,,1,2,1,2,1,1,3,,62,01,1,04,8,0123,900000,66,2107.3061435,
5440543,1,2,1,60,2,66,1,1,,,1,,,1,2,2,2,136,,1,,2,960000,2,,,2,,2,,2,,2,,2,,,2,,,2,,,2,,,2,,,2,,,2,,2,,2,,2,,2,,2,,,.,,,,,,,,,.,12,,,,,,,,,55,,.,55,,,5,8,,2,,2,,,,1,,,,,,,,,1,2,2,1,0,144,8,,2,,,,,,,,7,3,15,,2,,,,2,,,,,,,,,,,,,,1,2,1,2,1,1,8,,62,01,1,04,8,0121,960000,66,1997.6815919,
5440543,1,3,1,60,2,66,1,1,,,1,,,1,2,2,2,136,,1,,2,960000,2,,,2,,2,,2,,2,,2,,,2,,,2,,,2,,,2,,,2,,,2,,2,,2,,2,,2,,2,,,.,,,,,,,,,.,12,,,,,,,,,55,,.,55,,,3,8,,2,,2,,,,1,,,,,,,,,1,2,2,1,0,60,8,,2,,,,,,,,8,11,20,,2,,,,2,,,,,,,,,,,,,,1,2,1,2,1,1,9,,62,01,1,04,8,0141,960000,66,1997.6815919,
5440543,1,4,1,60,2,66,1,1,,,1,,,1,2,2,2,60,,1,,2,960000,2,,,2,,2,,2,,2,,2,,,2,,,2,,,2,,,2,,,2,,,2,,2,,2,,2,,2,,2,,,.,,,,,,,,,.,12,,,,,,,,,55,,.,55,,,3,8,,2,,2,,,,1,,,1,,,,,,,2,2,1,0,72,8,,2,,,,,,,,3,11,20,,2,,,,2,,,,,,,,,,,,,,1,1,1,2,1,1,9,,62,01,1,04,8,0141,960000,66,1997.6815919,
5440543,1,5,1,60,2,66,1,1,,,1,,,1,2,2,2,136,,1,,2,960000,2,,,2,,2,,2,,2,,2,,,2,,,2,,,2,,,2,,,2,,,2,,2,,2,,2,,2,,2,,,.,,,,,,,,,.,12,,,,,,,,,55,,.,55,,,5,8,,2,,2,,,,1,,,,,,,,,1,2,2,1,0,60,8,,2,,,,,,,,3,3,15,,2,,,,2,,,,,,,,,,,,,,1,1,1,2,1,1,5,,62,01,1,04,8,0121,960000,66,1997.6815919,
5440545,1,1,1,60,2,66,1,2,1,,1,,,1,2,2,1,24,,2,,2,908526,2,,,2,,2,,2,,2,,2,,,1,106454,2,2,,,2,,,2,,,2,,,1,908526,2,,2,,2,,2,,2,,,.,,,,,,,,,.,12,,,,,,,,,48,,.,48,,,9,7,,1,,1,1,1,7,1,1,,,,,,,,,1,1,1,0,18,1,,2,,,,,,,,1,11,15,,2,,,,2,,,,,,,,,,,,,,1,1,1,2,1,1,1,,77,01,1,04,1,0145,908526,66,1841.0179218,
5440545,1,2,1,60,2,66,2,,,,,,,,,,,9,,,,,,,,,,,,,,,,,,,,,,,,,,,,,,,,,,,,,,,,,,,,,,,6,,,,,3,700000,1,6300000,3,,9,2,,,,,2,3,2,48,,.,48,,,1,2,,3,,2,,,,1,,,,,,,,,1,2,2,1,5,13,4,,2,,,,,,,,2,11,40,,2,,,,2,,,,,,,,,,,,,,1,1,1,2,1,1,3,,55,81,1,04,4,8121,700000,66,1841.0179218,
5440548,1,1,1,60,2,66,1,1,,,1,,,1,2,2,2,84,,1,,2,540000,2,,,1,150000,2,,2,,2,,2,,,2,,,2,,,2,,,2,,,2,,,2,,2,,2,,2,,2,,2,,,.,,,,,,,,,.,12,,,,,,,,,50,,.,50,,,1,2,,2,,2,,,,1,,,,,,,,,1,2,2,1,12,120,4,,2,,,,,,,,2,3,20,,2,,,,2,,,,,,,,,,,,,,1,1,1,2,1,1,3,,54,97,1,04,3,9700,690000,66,1481.5142951,
5440548,1,2,1,60,2,66,1,1,,,1,,,1,2,2,2,10,,1,,2,880000,2,,,2,,2,,2,,2,,2,,,2,,,2,,,2,,,2,,,2,,,2,,2,,2,,2,,2,,2,,,.,,,,,,,,,.,10,,,,,,,,,55,,.,55,,,3,9,,2,,2,,,,1,,,,,,,,,1,2,2,1,2,30,1,,2,,,,,,,,7,11,30,,2,,,,2,,,,,,,,,,,,,,1,1,1,2,1,1,2,,95,41,1,04,1,4111,880000,66,1481.5142951,
5440548,1,4,1,60,2,66,1,1,,,1,,,1,2,2,2,36,,1,,2,880000,2,,,2,,2,,2,,2,,2,,,2,,,2,,,2,,,2,,,2,,,2,,2,,2,,2,,2,,2,,,.,,,,,,,,,.,10,,,,,,,,,55,,.,55,,,3,9,,2,,2,,,,1,,,,,,,,,1,2,2,2,,,,,2,,,,,,,,,11,30,,2,,,,2,,,,,,,,,,,,,,1,2,1,2,1,1,3,,95,41,1,04,1,4111,880000,66,1481.5142951,
5440550,1,1,1,60,2,66,1,1,,,1,,,1,2,2,2,180,,1,,2,960000,2,,,2,,2,,2,,2,,2,,,2,,,2,,,2,,,2,,,2,,,2,,2,,2,,2,,2,,2,,,.,,,,,,,,,.,10,,,,,,,,,55,,.,55,,,2,9,,2,,2,,,,1,,,,,,,,,1,2,2,1,0,12,6,,2,,,,,,,,8,11,30,,2,,,,2,,,,,,,,,,,,,,1,2,1,2,1,1,3,,95,41,1,04,1,4111,960000,66,1130.2613544,
5440550,1,2,1,60,2,66,1,1,,,1,,,1,2,2,2,9,,1,,2,600000,2,,,1,150000,2,,2,,2,,2,,,2,,,2,,,2,,,2,,,2,,,2,,2,,2,,2,,2,,2,,,.,,,,,,,,,.,9,,,,,,,,,60,,.,60,,,1,2,,2,,2,,,,1,,,,,,,,,1,2,2,1,3,41,3,,2,,,,,,,,5,11,25,,2,,,,2,,,,,,,,,,,,,,1,1,1,2,1,1,3,,54,97,1,04,3,9700,750000,66,1130.2613544,
5440550,1,3,1,60,2,66,1,2,1,,1,,,1,1,1,1,18,,1,,2,908526,2,,,2,,2,,2,,2,,2,,,1,106454,2,2,,,2,,,2,,,2,,,1,450000,1,450000,1,450000,2,,2,,2,,,.,,,,,,,,,.,10,,,,,,,,,72,,.,72,,,3,7,,1,,1,1,1,1,1,1,,,,,,,,,1,1,2,,,,,2,,,,,,,,,1,30,,2,,,,2,,,,,,,,,,,,,,1,1,2,2,1,2,1,,45,47,1,04,1,4771,908526,66,1130.2613544,
5440553,1,1,1,60,2,66,2,,,,,,,,,,,360,,,,,,,,,,,,,,,,,,,,,,,,,,,,,,,,,,,,,,,,,,,,,,,6,,,,,3,360000,1,4200000,3,,10,2,,,,,2,3,2,20,2,,20,,,1,2,,2,,2,,,,1,,,,,,,,,1,2,2,1,0,120,3,,2,,,,,,,,3,2,20,,2,,,,2,,,,,,,,,,,,,,1,1,1,2,1,1,3,,55,81,1,04,4,8121,360000,66,1220.4520953,
5440699,1,1,1,60,2,66,1,1,,,1,,,1,2,2,2,8,,1,,2,880000,2,,,2,,2,,2,,2,,2,,,2,,,2,,,2,,,2,,,2,,,2,,2,,2,,2,,2,,2,,,.,,,,,,,,,.,12,,,,,,,,,48,,.,48,,,3,8,,2,,2,,,,1,,,,,,,,,1,2,2,1,0,7,8,,2,,,,,,,,1,11,20,,2,,,,2,,,,,,,,,,,,,,1,1,1,2,1,1,3,,62,01,1,04,8,0123,880000,66,6037.4137972,
5440700,1,2,1,60,2,66,1,1,,,1,,,1,2,2,2,9,,1,,2,750000,2,,,2,,2,,2,,2,,2,,,2,,,2,,,2,,,2,,,2,,,2,,2,,2,,2,,2,,2,,,.,,,,,,,,,.,12,,,,,,,,,48,,.,48,,,3,8,,2,,2,,,,1,,,,,,,,,1,2,2,1,0,9,8,,2,,,,,,,,1,3,15,,2,,,,2,,,,,,,,,,,,,,1,1,1,2,1,1,3,,62,01,1,04,8,0123,750000,66,3701.3774978,
5440704,1,2,1,60,2,66,1,2,1,,1,,,1,1,1,1,150,,1,,2,1100000,2,,,2,,2,,2,,2,,2,,,1,106454,2,1,36000,2,2,,,2,,,2,,,1,550000,1,550000,1,550000,2,,2,,2,,,.,,,,,,,,,.,12,,,,,,,,,55,,.,55,,,9,4,,1,,1,1,1,12,1,1,,,,,,,,,1,1,2,,,,,2,,,,,,,,,11,20,,2,,,,2,,,,,,,,,,,,,,1,1,1,2,1,1,1,,98,15,1,04,1,1511,1100000,66,4057.4861756,
5440708,1,4,1,60,2,66,2,,,,,,,,,,,120,,,,,,,,,,,,,,,,,,,,,,,,,,,,,,,,,,,,,,,,,,,,,,,7,,2,,,3,1000000,1,12000000,3,,12,1,3,3,0,0,2,3,2,60,,.,60,,,3,8,,2,,2,,,,1,,,,,,,,,1,2,2,1,0,36,4,,2,,,,,,,,2,3,15,,2,,,,2,,,,,,,,,,,,,,1,2,1,2,1,1,2,,61,01,1,04,5,0121,1000000,66,3183.0431784,
5440709,1,1,1,60,2,66,1,1,,,1,,,1,2,2,2,9,,1,,2,1000000,2,,,1,90000,2,,2,,2,,2,,,2,,,2,,,2,,,2,,,2,,,2,,2,,2,,2,,2,,2,,,.,,,,,,,,,.,12,,,,,,,,,60,,.,60,,,3,4,,2,,2,,,,1,,,,,,,,,1,2,2,1,5,16,1,,2,,,,,,,,2,11,40,,2,,,,2,,,,,,,,,,,,,,1,1,1,2,1,1,5,,97,56,1,04,1,5619,1090000,66,8152.3902554,
5440711,1,1,1,60,2,66,1,2,1,,1,,,1,1,1,1,209,,1,,2,908526,2,,,2,,2,,2,,2,,2,,,1,106454,2,1,72000,2,2,,,2,,,2,,,1,450000,1,450000,1,450000,2,,2,,2,,,.,,,,,,,,,.,12,,,,,,,,,55,,.,55,,,9,7,,1,,1,1,1,17,1,1,,,,,,,,,1,1,1,0,120,8,,2,,,,,,,,3,11,25,,2,,,,2,,,,,,,,,,,,,,1,1,1,2,1,1,1,,76,15,1,04,1,1511,908526,66,4062.0240087,
5440714,1,2,1,60,2,66,1,1,,,1,,,1,2,2,2,240,,1,,2,880000,2,,,2,,2,,2,,2,,2,,,2,,,2,,,2,,,2,,,2,,,2,,2,,2,,2,,2,,2,,,.,,,,,,,,,.,12,,,,,,,,,55,,.,55,,,3,8,,2,,2,,,,1,,,,,,,,,1,2,2,1,0,180,8,,2,,,,,,,,2,3,20,,2,,,,2,,,,,,,,,,,,,,1,1,1,2,1,1,8,,62,01,1,04,8,0123,880000,66,4336.0453785,
5440715,1,1,1,60,2,66,2,,,,,,,,,,,432,,,,,,,,,,,,,,,,,,,,,,,,,,,,,,,,,,,,,,,,,,,,,,,7,,2,,,2,900000,1,10800000,3,,12,1,1,0,0,1,3,3,2,48,,.,48,,,2,8,,2,,2,,,,1,,,,,,,,,1,2,2,1,0,24,8,,2,,,,,,,,10,3,25,,2,,,,2,,,,,,,,,,,,,,1,1,1,2,1,1,2,,61,01,1,04,4,0123,900000,66,4085.7337052,
5440715,1,2,1,60,2,66,2,,,,,,,,,,,360,,,,,,,,,,,,,,,,,,,,,,,,,,,,,,,,,,,,,,,,,,,,,,,,.,,,,,,,,,.,1,,,,,,,,,40,,.,40,,,2,8,,2,,2,,,,1,,,,,,,,,1,2,2,2,,,,,2,,,,,,,,,3,20,,2,,,,2,,,,,,,,,,,,,,1,1,1,2,1,1,3,,62,01,1,04,6,0123,,66,4085.7337052,
5440716,1,1,1,60,2,66,2,,,,,,,,,,,56,,,,,,,,,,,,,,,,,,,,,,,,,,,,,,,,,,,,,,,,,,,,,,,7,,2,,,3,950000,1,10000000,3,,12,2,,,,,2,9,2,56,,.,56,,,1,8,,2,,2,,,,1,,,,,,,,,1,2,2,1,0,36,8,,2,,,,,,,,1,3,5,,2,,,,2,,,,,,,,,,,,,,1,2,1,2,1,1,2,,61,01,1,04,4,0123,950000,66,3183.0431784,
5440717,1,1,1,60,2,66,2,,,,,,,,,,,3,,,,,,,,,,,,,,,,,,,,,,,,,,,,,,,,,,,,,,,,,,,,,,,7,,2,,,2,1300000,1,3900000,3,,12,1,3,2,0,1,3,3,2,48,,.,48,,,3,8,,2,,2,,,,1,,,,,,,,,1,2,2,1,0,24,8,,2,,,,,,,,10,3,20,,2,,,,2,,,,,,,,,,,,,,1,1,1,2,1,1,2,,61,01,1,04,5,0123,1300000,66,3183.0431784,
5440717,1,3,1,60,2,66,1,1,,,1,,,1,2,2,2,3,,1,,2,800000,2,,,2,,2,,2,,2,,2,,,2,,,2,,,2,,,2,,,2,,,2,,2,,2,,2,,2,,2,,,.,,,,,,,,,.,12,,,,,,,,,48,,.,48,,,3,8,,2,,2,,,,1,,,,,,,,,1,2,2,1,0,36,8,,2,,,,,,,,1,3,25,,2,,,,2,,,,,,,,,,,,,,1,1,1,2,1,1,3,,62,01,1,04,8,0123,800000,66,3183.0431784,
5440717,1,5,1,60,2,66,2,,,,,,,,,,,3,,,,,,,,,,,,,,,,,,,,,,,,,,,,,,,,,,,,,,,,,,,,,,,,.,,,,,,,,,.,12,,,,,,,,,48,,.,48,,,3,8,,2,,2,,,,1,,,,,,,,,1,2,2,1,0,24,1,,2,,,,,,,,1,3,25,,2,,,,2,,,,,,,,,,,,,,1,1,1,2,1,1,3,,62,01,1,04,6,0123,,66,3183.0431784,
5440718,1,1,1,60,2,66,1,1,,,1,,,1,2,2,2,144,,1,,2,680000,2,,,2,,1,120000,2,,2,,2,,,2,,,2,,,2,,,2,,,2,,,2,,2,,2,,2,,2,,2,,,.,,,,,,,,,.,12,,,,,,,,,60,,.,60,,,3,8,,2,,2,,,,1,,,,,,,,,1,2,2,1,0,360,8,,2,,,,,,,,7,3,4,,2,,,,2,,,,,,,,,,,,,,1,1,1,2,1,1,8,,62,01,1,04,8,0123,800000,66,6065.6613267,
5440719,1,1,1,60,2,66,1,1,,,1,,,1,2,2,2,210,,1,,2,1100000,2,,,2,,2,,2,,2,,2,,,2,,,2,,,2,,,2,,,2,,,2,,2,,2,,2,,2,,2,,,.,,,,,,,,,.,12,,,,,,,,,48,,.,48,,,2,8,,1,,1,1,1,18,1,1,,,,,,,,,1,2,1,0,48,1,,2,,,,,,,,1,14,,,2,,,,2,,,,,,,,,,,,,,1,1,1,1,1,1,2,,62,01,1,04,8,0145,1100000,66,6037.4137972,
5440720,1,1,1,60,2,66,1,1,,,1,,,1,2,2,2,2,,1,,2,720000,2,,,2,,1,180000,2,,2,,2,,,2,,,2,,,2,,,2,,,2,,,2,,2,,2,,2,,2,,2,,,.,,,,,,,,,.,12,,,,,,,,,55,,.,55,,,3,8,,2,,2,,,,1,,,,,,,,,1,2,2,1,0,60,8,,2,,,,,,,,3,3,3,,2,,,,2,,,,,,,,,,,,,,1,1,1,2,1,1,8,,62,01,1,04,8,0123,900000,66,5653.0575898,
5440721,1,1,1,60,2,66,1,1,,,1,,,1,2,2,2,24,,1,,2,800000,2,,,2,,2,,2,,2,,2,,,2,,,2,,,2,,,2,,,2,,,2,,2,,2,,2,,2,,2,,,.,,,,,,,,,.,12,,,,,,,,,48,,.,48,,,2,8,,1,,2,,,,1,,,,,,,,,1,2,2,1,0,36,8,,2,,,,,,,,1,3,25,,2,,,,2,,,,,,,,,,,,,,1,1,1,2,1,1,3,,62,01,1,04,8,0121,800000,66,6065.6613267,
5440722,1,1,1,60,2,66,1,1,,,1,,,1,2,2,2,36,,1,,2,700000,2,,,2,,2,,2,,2,,2,,,2,,,2,,,2,,,2,,,2,,,2,,2,,2,,2,,2,,2,,,.,,,,,,,,,.,12,,,,,,,,,48,,.,48,,,4,8,,2,,2,,,,1,,,,,,,,,1,2,2,1,0,12,6,,2,,,,,,,,1,3,10,,2,,,,2,,,,,,,,,,,,,,1,2,1,2,1,1,5,,62,01,1,04,8,0123,700000,66,7585.3691279,
5440723,1,1,1,60,2,66,1,1,,,1,,,1,2,2,2,300,,1,,2,600000,2,,,2,,1,150000,2,,2,,2,,,2,,,2,,,2,,,2,,,2,,,2,,2,,2,,2,,2,,2,,,.,,,,,,,,,.,12,,,,,,,,,60,,.,60,,,2,8,,1,,3,,,,,.,,,,,,,,,2,2,1,0,180,4,,2,,,,,,,,9,3,2,,2,,,,2,,,,,,,,,,,,,,1,1,1,2,1,1,10,LA PENSION,62,01,1,04,8,0123,750000,66,5681.3051193,
5440735,1,3,1,60,2,54,2,,,,,,,,,,,96,,,,,,,,,,,,,,,,,,,,,,,,,,,,,,,,,,,,,,,,,,,,,,,7,,2,,,2,400000,1,4800000,3,,12,1,2,1,0,1,3,3,2,54,,.,54,,,2,8,,2,,2,,,,1,,,,,,,,,1,2,2,1,0,12,4,,2,,,,,,,,8,3,2,,2,,,,2,,,,,,,,,,,,,,1,1,1,2,1,1,3,,61,01,1,04,5,0123,400000,54,1001.5068796,
5440735,1,4,1,60,2,54,2,,,,,,,,,,,60,,,,,,,,,,,,,,,,,,,,,,,,,,,,,,,,,,,,,,,,,,,,,,,,.,,,,,,,,,.,12,,,,,,,,,18,2,,18,,,2,1,,2,,2,,,,1,,,,,,,,,1,2,2,1,0,60,1,,2,,,,,,,,1,14,,,2,,,,2,,,,,,,,,,,,,,1,1,1,2,1,1,3,,53,01,1,04,6,0123,,54,1001.5068796,
5440736,1,1,1,60,2,54,2,,,,,,,,,,,216,,,,,,,,,,,,,,,,,,,,,,,,,,,,,,,,,,,,,,,,,,,,,,,7,,2,,,2,400000,1,480000,3,,12,1,5,3,0,2,3,3,2,56,,.,56,,,4,8,,2,,2,,,,1,,,,,,,,,1,2,2,1,0,72,6,,2,,,,,,,,10,3,2,,2,,,,2,,,,,,,,,,,,,,1,1,1,2,1,1,3,,61,01,1,04,5,0123,400000,54,1675.6620329,
5440736,1,2,1,60,2,54,2,,,,,,,,,,,180,,,,,,,,,,,,,,,,,,,,,,,,,,,,,,,,,,,,,,,,,,,,,,,,.,,,,,,,,,.,12,,,,,,,,,18,2,,18,,,4,1,,2,,2,,,,1,,,,,,,,,1,2,2,1,0,48,6,,2,,,,,,,,9,14,,,2,,,,2,,,,,,,,,,,,,,1,1,1,2,1,1,3,,53,01,1,04,6,0123,,54,1675.6620329,
5440736,1,3,1,60,2,54,2,,,,,,,,,,,2,,,,,,,,,,,,,,,,,,,,,,,,,,,,,,,,,,,,,,,,,,,,,,,,.,,,,,,,,,.,2,,,,,,,,,7,2,,7,,,4,8,,2,,,,,,1,,,,,,,,,1,2,2,2,,,,,2,,,,,,,,,3,2,,2,,,,2,,,,,,,,,,,,,,1,1,1,2,1,1,3,,62,01,1,04,6,0123,,54,1675.6620329,
5440737,1,1,1,60,2,54,1,1,,,1,,,1,2,2,2,24,,1,,2,400000,2,,,2,,1,180000,2,,2,,2,,,2,,,2,,,2,,,2,,,2,,,2,,2,,2,,2,,2,,2,,,.,,,,,,,,,.,12,,,,,,,,,60,,.,60,,,2,8,,2,,2,,,,1,,,,,,,,,1,2,2,1,1,36,1,,2,,,,,,,,3,3,10,,2,,,,2,,,,,,,,,,,,,,1,1,1,2,1,1,8,,62,01,1,04,8,0111,580000,54,796.20947158,
5440737,1,2,1,60,2,54,2,,,,,,,,,,,18,,,,,,,,,,,,,,,,,,,,,,,,,,,,,,,,,,,,,,,,,,,,,,,,.,,,,,,,,,.,12,,,,,,,,,20,2,,20,,,2,8,,2,,2,,,,1,,,,,,,,,1,2,2,1,6,36,3,,2,,,,,,,,3,3,10,,2,,,,2,,,,,,,,,,,,,,1,2,1,2,1,1,8,,62,01,1,04,7,0111,,54,796.20947158,
5440738,1,1,1,60,2,54,2,,,,,,,,,,,360,,,,,,,,,,,,,,,,,,,,,,,,,,,,,,,,,,,,,,,,,,,,,,,7,,2,,,2,400000,1,4800000,3,,12,1,3,1,1,1,3,3,2,40,,.,40,,,3,8,,2,,2,,,,1,,,,,,,,,1,2,2,1,0,60,4,,1,54,20,8,,150000,2,8,8,3,2,,2,,,,2,,,,,,,,,,,,,,1,1,1,2,1,1,3,,61,01,1,04,5,0123,550000,54,916.73524478,
5440738,1,2,1,60,2,54,2,,,,,,,,,,,360,,,,,,,,,,,,,,,,,,,,,,,,,,,,,,,,,,,,,,,,,,,,,,,,.,,,,,,,,,.,12,,,,,,,,,20,2,,20,,,3,1,,2,,2,,,,1,,,,,,,,,1,2,2,1,0,60,6,,2,,,,,,,,9,14,,,2,,,,2,,,,,,,,,,,,,,1,1,1,2,1,1,3,,53,01,1,04,6,0123,,54,916.73524478,
5440738,1,3,1,60,2,54,2,,,,,,,,,,,24,,,,,,,,,,,,,,,,,,,,,,,,,,,,,,,,,,,,,,,,,,,,,,,6,,,,,3,400000,1,4800000,3,,12,2,,,,,3,3,2,45,,.,45,,,1,8,,2,,2,,,,1,,,,,,,,,1,2,2,1,0,36,6,,2,,,,,,,,8,3,15,,2,,,,2,,,,,,,,,,,,,,1,1,1,2,1,1,3,,61,01,1,04,4,0161,400000,54,916.73524478,
5440739,1,1,1,60,2,54,2,,,,,,,,,,,240,,,,,,,,,,,,,,,,,,,,,,,,,,,,,,,,,,,,,,,,,,,,,,,7,,2,,,2,100000,1,1400000,3,,12,1,1,0,0,1,3,3,2,40,,.,40,,,2,8,,2,,2,,,,1,,,,,,,,,1,2,2,1,0,24,6,,2,,,,,,,,3,3,30,,2,,,,2,,,,,,,,,,,,,,1,2,1,2,1,1,8,,61,01,1,04,4,0123,100000,54,1524.8062339,
5440739,1,2,1,60,2,54,2,,,,,,,,,,,60,,,,,,,,,,,,,,,,,,,,,,,,,,,,,,,,,,,,,,,,,,,,,,,,.,,,,,,,,,.,12,,,,,,,,,15,2,,15,,,2,8,,2,,2,,,,1,,,,,,,,,1,2,2,1,0,36,6,,2,,,,,,,,9,3,20,,2,,,,2,,,,,,,,,,,,,,1,2,1,2,1,1,8,,62,01,1,04,6,0111,,54,1524.8062339,
5440740,1,1,1,60,2,54,1,1,,,1,,,1,2,2,2,14,,1,,2,400000,2,,,2,,1,100000,2,,2,,2,,,2,,,2,,,2,,,2,,,2,,,2,,2,,2,,2,,2,,2,,,.,,,,,,,,,.,12,,,,,,,,,54,,.,54,,,2,8,,2,,2,,,,1,,,,,,,,,1,2,2,1,0,2,8,,2,,,,,,,,1,3,2,,2,,,,2,,,,,,,,,,,,,,1,2,1,2,1,1,3,,62,01,1,04,8,0113,500000,54,1346.8015831,
5440740,1,2,1,60,2,54,1,1,,,1,,,1,2,2,2,14,,1,,2,300000,2,,,2,,1,100000,2,,2,,2,,,2,,,2,,,2,,,2,,,2,,,2,,2,,2,,2,,2,,2,,,.,,,,,,,,,.,12,,,,,,,,,40,,.,40,,,2,8,,2,,2,,,,1,,,,,,,,,1,2,2,1,0,1,8,,2,,,,,,,,1,3,2,,2,,,,2,,,,,,,,,,,,,,1,1,1,2,1,1,3,,62,01,1,04,8,0113,400000,54,1346.8015831,
5440741,1,1,1,60,2,54,1,1,,,1,,,1,2,2,2,48,,1,,2,600000,2,,,1,110000,1,180000,2,,2,,2,,,2,,,2,,,2,,,2,,,2,,,2,,2,,2,,2,,2,,2,,,.,,,,,,,,,.,12,,,,,,,,,70,,.,70,,,3,8,,2,,2,,,,1,,,1,,,,,,,2,2,1,1,36,8,,2,,,,,,,,3,3,20,,2,,,,2,,,,,,,,,,,,,,1,2,1,2,1,1,5,,60,01,1,04,1,0150,890000,54,1265.2255648,
5440741,1,2,1,60,2,54,1,1,,,1,,,1,2,2,2,6,,1,,2,400000,2,,,1,100000,1,100000,2,,2,,2,,,2,,,2,,,2,,,2,,,2,,,2,,2,,2,,2,,2,,2,,,.,,,,,,,,,.,6,,,,,,,,,50,,.,50,,,3,8,,2,,2,,,,1,,,,,,,,,1,2,2,1,6,36,1,,2,,,,,,,,5,3,25,,2,,,,1,1,2,1,2,2,2,2,2,2,2,,2,1,1,2,1,2,1,1,5,,62,01,1,04,8,0150,600000,54,1265.2255648,
5440742,1,1,1,60,2,54,2,,,,,,,,,,,16,,,,,,,,,,,,,,,,,,,,,,,,,,,,,,,,,,,,,,,,,,,,,,,7,,2,,,2,300000,1,3600000,3,,12,1,2,1,0,1,3,3,2,30,2,,30,,,2,8,,2,,2,,,,1,,,,,,,,,1,2,2,1,0,12,1,,2,,,,,,,,5,3,20,,2,,,,1,1,2,1,2,2,2,2,1,2,2,,2,2,1,2,1,2,1,1,8,,61,01,1,04,5,0111,300000,54,645.35367253,
5440742,1,2,1,60,2,54,2,,,,,,,,,,,16,,,,,,,,,,,,,,,,,,,,,,,,,,,,,,,,,,,,,,,,,,,,,,,6,,,,,3,250000,1,3000000,3,,12,2,,,,,3,3,2,18,2,,18,,,1,1,,2,,2,,,,1,,,,,,,,,1,2,2,1,0,24,1,,1,54,10,6,,,2,1,5,14,,,2,,,,2,,,,,,,,,,,,,,1,2,1,2,1,1,8,,41,47,1,04,4,4711,250000,54,645.35367253,
5440743,1,1,1,60,2,54,1,1,,,1,,,1,2,2,2,18,,1,,2,700000,2,,,2,,1,100000,2,,2,,2,,,2,,,2,,,2,,,2,,,2,,,2,,2,,2,,2,,2,,2,,,.,,,,,,,,,.,12,,,,,,,,,56,,.,56,,,3,8,,2,,2,,,,1,,,,,,,,,1,2,2,1,0,6,1,,2,,,,,,,,1,3,2,,2,,,,2,,,,,,,,,,,,,,1,1,1,2,1,1,3,,60,01,1,04,1,0123,800000,54,796.20947158,
5440743,1,2,1,60,2,54,2,,,,,,,,,,,18,,,,,,,,,,,,,,,,,,,,,,,,,,,,,,,,,,,,,,,,,,,,,,,,.,,,,,,,,,.,12,,,,,,,,,20,2,,20,,,3,1,,2,,2,,,,1,,,,,,,,,1,2,2,1,0,6,7,,2,,,,,,,,9,14,,,2,,,,2,,,,,,,,,,,,,,1,1,1,2,1,1,3,,53,01,1,04,7,0123,,54,796.20947158,
5440744,1,1,1,60,2,54,1,1,,,1,,,1,2,2,2,18,,1,,2,500000,2,,,2,,1,100000,2,,2,,2,,,2,,,2,,,2,,,2,,,2,,,2,,2,,2,,2,,2,,2,,,.,,,,,,,,,.,12,,,,,,,,,54,,.,54,,,2,8,,2,,2,,,,1,,,,,,,,,1,2,2,1,0,12,8,,2,,,,,,,,1,3,2,,2,,,,2,,,,,,,,,,,,,,1,1,1,2,1,1,3,,62,01,1,04,8,0123,600000,54,1265.2255648,
5440744,1,2,1,60,2,54,1,1,,,1,,,1,2,2,2,18,,1,,2,500000,2,,,2,,1,100000,2,,2,,2,,,2,,,2,,,2,,,2,,,2,,,2,,2,,2,,2,,2,,2,,,.,,,,,,,,,.,12,,,,,,,,,54,,.,54,,,2,8,,2,,2,,,,1,,,,,,,,,1,2,2,1,0,2,8,,2,,,,,,,,1,3,2,,2,,,,2,,,,,,,,,,,,,,1,1,1,2,1,1,3,,62,01,1,04,8,0123,600000,54,1265.2255648,
5440748,1,1,1,60,2,20,1,2,1,,1,,,1,1,2,1,60,,2,,2,1130000,1,130000,1,2,,2,,1,200000,2,,2,,,2,,,2,,,2,,,2,,,2,,,1,900000,2,,2,,2,,2,,2,,,.,,,,,,,,,.,12,,,,,,,,,54,,.,54,,,9,8,,1,,1,2,1,5,1,1,,,,,,,,,1,1,1,1,120,1,,2,,,,,,,,8,7,60,,2,,,,2,,,,,,,,,,,,,,1,1,1,2,1,1,8,,62,01,1,04,1,0126,1130000,54,1251.9781078,
5440750,1,1,1,60,2,20,1,1,,,1,,,1,2,2,2,16,,1,,2,1100000,2,,,2,,2,,2,,2,,2,,,2,,,2,,,2,,,2,,,2,,,2,,2,,2,,2,,2,,2,,,.,,,,,,,,,.,12,,,,,,,,,54,,.,54,,,3,7,,2,,2,,,,1,,,,,,,,,1,2,2,1,0,6,1,,2,,,,,,,,1,3,10,,2,,,,2,,,,,,,,,,,,,,1,1,1,2,1,1,3,,77,10,1,04,1,1081,1100000,54,1106.0864774,
5440750,1,2,1,60,2,20,1,1,,,1,,,1,2,2,2,12,,1,,2,908600,2,,,2,,2,,2,,2,,2,,,2,,,2,,,2,,,2,,,2,,,2,,2,,2,,2,,2,,2,,,.,,,,,,,,,.,12,,,,,,,,,54,,.,54,,,3,7,,2,,2,,,,1,,,,,,,,,1,2,2,1,0,7,1,,2,,,,,,,,1,3,10,,2,,,,2,,,,,,,,,,,,,,1,1,1,2,1,1,3,,45,10,1,04,1,1081,908600,54,1106.0864774,
5440751,1,1,1,60,2,20,1,2,1,,1,,,1,1,2,1,240,,2,,2,908000,2,,,2,,2,,2,,2,,2,,,2,,,2,,,2,,,2,,,2,,,1,890000,2,,2,,2,,2,,2,,,.,,,,,,,,,.,12,,,,,,,,,54,,.,54,,,9,8,,1,,1,2,1,20,1,1,,,,,,,,,1,1,1,0,120,8,,2,,,,,,,,3,11,40,,2,,,,2,,,,,,,,,,,,,,1,1,1,2,1,1,9,,62,01,1,04,1,0126,908000,54,652.38440079,
5440752,1,1,1,60,2,20,1,1,,,1,,,1,2,2,2,18,,1,,2,900000,2,,,2,,2,,2,,2,,2,,,2,,,2,,,2,,,2,,,2,,,2,,2,,2,,2,,2,,2,,,.,,,,,,,,,.,12,,,,,,,,,48,,.,48,,,2,7,,2,,2,,,,1,,,,,,,,,1,2,2,1,0,2,1,,2,,,,,,,,1,3,15,,2,,,,2,,,,,,,,,,,,,,1,1,1,2,1,1,3,,45,10,1,04,1,1011,900000,54,498.83955218,
5440753,1,1,1,60,2,54,1,1,,,1,,,1,2,2,2,10,,1,,2,900000,2,,,1,200000,2,,2,,2,,2,,,2,,,2,,,2,,,2,,,2,,,2,,2,,2,,2,,2,,2,,,.,,,,,,,,,.,12,,,,,,,,,56,,.,56,,,3,8,,2,,2,,,,1,,,,,,,,,1,2,2,1,0,7,8,,2,,,,,,,,1,11,40,,2,,,,2,,,,,,,,,,,,,,1,1,1,2,1,1,3,,62,01,1,04,8,0126,1100000,54,1131.4523346,
5440755,1,1,1,60,2,20,1,1,,,1,,,1,2,2,2,12,,1,,2,906800,2,,,2,,2,,2,,2,,2,,,2,,,2,,,2,,,2,,,2,,,2,,2,,2,,2,,2,,2,,,.,,,,,,,,,.,12,,,,,,,,,48,,.,48,,,3,7,,2,,2,,,,1,,,,,,,,,1,2,2,1,0,9,1,,2,,,,,,,,2,3,10,,2,,,,2,,,,,,,,,,,,,,1,1,1,2,1,1,3,,97,10,1,04,1,1081,906800,54,1995.3582087,
5440755,1,2,1,60,2,54,1,1,,,1,,,1,2,2,2,2,,1,,2,400000,2,,,1,200000,2,,2,,2,,2,,,2,,,2,,,2,,,2,,,2,,,2,,2,,2,,2,,2,,2,,,.,,,,,,,,,.,8,,,,,,,,,48,,.,48,,,1,2,,2,,2,,,,1,,,,,,,,,1,2,2,1,4,2,3,,2,,,,,,,,1,3,10,,2,,,,2,,,,,,,,,,,,,,1,1,1,2,1,1,3,,54,97,1,04,3,9700,600000,54,1995.3582087,
5440759,1,1,1,60,2,54,2,,,,,,,,,,,120,,,,,,,,,,,,,,,,,,,,,,,,,,,,,,,,,,,,,,,,,,,,,,,6,,,,,3,800000,1,900000,3,,12,2,,,,,3,10,1,30,1,,30,,,1,7,,2,,2,,,,1,,,,,,1,,,,2,2,1,4,12,8,,2,,,,,,,,1,11,10,,1,30,2,1,1,1,1,1,2,1,2,2,1,1,2,,2,2,1,1,1,1,1,1,5,,84,45,1,04,4,4520,800000,54,975.99711676,
5440884,1,1,1,60,2,8,2,,,,,,,,,,,480,,,,,,,,,,,,,,,,,,,,,,,,,,,,,,,,,,,,,,,,,,,,,,,6,,,,,2,600000,1,3000000,2,,12,2,,,,,3,5,2,40,,.,40,,,1,8,,2,,2,,,,1,,,,,,,,,1,2,2,2,,,,,2,,,,,,,,,3,45,,2,,,,2,,,,,,,,,,,,,,1,1,1,2,1,1,3,,61,01,1,04,4,0113,600000,08,4871.937109,
5440884,1,2,1,60,2,8,2,,,,,,,,,,,120,,,,,,,,,,,,,,,,,,,,,,,,,,,,,,,,,,,,,,,,,,,,,,,6,,,,,2,300000,1,2000000,1,,12,2,,,,,2,1,1,40,,.,40,,,1,8,,2,,2,,,,1,,,,,,1,,,,2,2,2,,,,,2,,,,,,,,,3,45,,2,,,,1,1,2,1,2,2,2,2,2,2,2,,1,1,2,2,1,2,2,1,3,,61,01,1,04,4,0161,300000,08,4871.937109,
5440885,1,2,1,60,2,8,2,,,,,,,,,,,624,,,,,,,,,,,,,,,,,,,,,,,,,,,,,,,,,,,,,,,,,,,,,,,6,,,,,2,400000,1,5200000,3,,8,2,,,,,3,10,2,32,1,,32,,,1,8,,2,,2,,,,1,,,,,,,,,1,2,2,2,,,,,2,,,,,,,,,11,15,,1,8,2,1,2,,,,,,,,,,,,,,1,1,1,2,2,1,3,,61,01,1,04,4,0161,400000,08,2974.5601991,
5440885,1,5,1,60,2,8,2,,,,,,,,,,,24,,,,,,,,,,,,,,,,,,,,,,,,,,,,,,,,,,,,,,,,,,,,,,,6,,,,,2,300000,1,3600000,3,,12,2,,,,,3,1,2,48,,.,8,6,,1,8,,10,,2,,,,1,,,,,,,,,1,2,2,2,,,,,2,,,,,,,,,13,30,1,2,,,,1,1,2,1,2,2,2,2,2,2,2,,2,1,2,2,1,2,2,1,8,,61,01,1,04,4,0161,300000,08,2974.5601991,
5440886,1,2,1,60,2,8,1,2,1,,1,,,1,1,2,1,36,,1,,2,1014980,2,,,2,,2,,2,,2,,2,,,1,106454,1,2,,,2,,,2,,,2,,,1,877000,2,,2,,2,,2,,2,,,.,,,,,,,,,.,12,,,,,,,,,48,,.,48,,,3,7,,1,,1,1,1,3,1,1,,,,,,,,,1,2,1,24,7,1,,2,,,,,,,,13,1,90,,2,,,,2,,,,,,,,,,,,,,1,1,1,2,1,1,5,,58,68,1,04,1,6820,1014980,08,4054.1272545,
5440887,1,1,1,60,2,8,2,,,,,,,,,,,288,,,,,,,,,,,,,,,,,,,,,,,,,,,,,,,,,,,,,,,,,,,,,,,6,,,,,2,175000,1,2950000,3,,11,2,,,,,2,1,2,28,2,,28,,,1,8,,2,,2,,,,1,,,,,,,,,1,2,2,2,,,,,2,,,,,,,,,3,35,,2,,,,2,,,,,,,,,,,,,,1,2,2,2,1,1,3,,61,01,1,04,4,0113,175000,08,1998.3269651,
5440887,1,2,1,60,2,8,2,,,,,,,,,,,300,,,,,,,,,,,,,,,,,,,,,,,,,,,,,,,,,,,,,,,,,,,,,,,6,,,,,2,300000,1,3200000,3,,12,2,,,,,3,1,2,28,1,,28,,,1,1,,2,,2,,,,1,,,,,,,,,1,2,2,1,0,60,3,,2,,,,,,,,9,14,,,2,,,,2,,,,,,,,,,,,,,1,2,1,2,1,1,3,,53,56,1,04,4,5619,300000,08,1998.3269651,
5440888,1,1,1,60,2,8,1,2,2,12,1,,,1,1,2,1,36,,1,,2,1200000,2,,,2,,2,,2,,2,,2,,,1,106454,1,1,31000,2,2,,,2,,,2,,,1,877000,2,,2,,2,,2,,2,,,.,,,,,,,,,.,12,,,,,,,,,48,,.,48,,,7,9,,1,,1,2,1,8,1,1,,,,,,,,,1,1,1,3,48,1,,2,,,,,,,,1,11,60,,2,,,,2,,,,,,,,,,,,,,1,1,1,2,1,1,3,,85,43,1,04,1,4321,1200000,08,3484.6380861,
5440889,1,1,1,60,2,8,2,,,,,,,,,,,714,,,,,,,,,,,,,,,,,,,,,,,,,,,,,,,,,,,,,,,,,,,,,,,6,,,,,2,220000,1,2320000,3,,11,2,,,,,1,1,2,28,2,,28,,,1,8,,2,,2,,,,1,,,,,,,,,1,2,2,2,,,,,2,,,,,,,,,3,45,,2,,,,2,,,,,,,,,,,,,,1,1,1,2,1,1,3,,61,01,1,04,4,0113,220000,08,2188.7103296,
5440889,1,4,1,60,2,8,2,,,,,,,,,,,284,,,,,,,,,,,,,,,,,,,,,,,,,,,,,,,,,,,,,,,,,,,,,,,6,,,,,2,440000,1,3980000,3,,12,2,,,,,2,1,2,44,,.,44,,,1,8,,2,,2,,,,1,,,,,,,,,1,2,2,2,,,,,2,,,,,,,,,3,70,,2,,,,1,1,2,1,2,2,2,2,1,2,2,,2,1,1,2,1,2,2,1,3,,61,01,1,04,4,0113,440000,08,2188.7103296,
5440890,1,1,1,60,2,8,1,2,2,12,1,,,1,1,2,1,7,,1,,2,1160000,2,,,2,,2,,2,,2,,2,,,1,106854,1,1,29000,2,2,,,2,,,2,,,1,1100000,2,,2,,2,,2,,2,,,.,,,,,,,,,.,7,,,,,,,,,48,,.,48,,,4,7,,1,,1,1,1,7,1,,,,,,,,,1,1,1,1,7,9,1,,2,,,,,,,,2,1,100,,2,,,,2,,,,,,,,,,,,,,1,1,1,2,2,1,8,,85,43,1,04,1,4321,1160000,08,3654.3118764,
5440891,1,1,1,60,2,8,2,,,,,,,,,,,2,,,,,,,,,,,,,,,,,,,,,,,,,,,,,,,,,,,,,,,,,,,,,,,6,,,,,2,500000,1,5000000,1,,4,2,,,,,3,1,2,48,,.,34,6,,1,2,,2,,2,,,,1,,,,,,,,,1,2,2,1,8,12,1,,2,,,,,,,,13,11,20,1,2,,,,1,1,2,1,2,2,2,1,2,1,2,,1,1,2,2,1,2,2,1,3,,95,41,1,04,4,4111,500000,08,2512.6061757,
5440892,1,1,1,60,2,8,2,,,,,,,,,,,18,,,,,,,,,,,,,,,,,,,,,,,,,,,,,,,,,,,,,,,,,,,,,,,6,,,,,2,600000,1,3500000,3,,12,2,,,,,3,1,1,48,,.,40,6,,2,2,,2,,2,,,,1,,,,,,,,,1,2,2,1,0,24,4,,2,,,,,,,,3,3,10,1,2,,,,2,,,,,,,,,,,,,,1,1,1,2,1,1,3,,95,41,1,04,4,4111,600000,08,1560.9267838,
5440893,1,1,1,60,2,8,1,1,,,1,,,1,2,2,2,1,,1,,2,500000,2,,,1,200000,2,,2,,2,,2,,,2,,,2,,,2,,,2,,,2,,,2,,2,,2,,2,,2,,2,,,.,,,,,,,,,.,12,,,,,,,,,40,,.,40,,,3,8,,2,,2,,,,1,,,,,,1,,,,2,2,1,0,36,4,,2,,,,,,,,3,11,15,,2,,,,2,,,,,,,,,,,,,,1,1,1,2,1,1,3,,62,01,1,04,8,0141,700000,08,3386.7694715,
5440893,1,2,1,60,2,8,1,1,,,1,,,1,2,2,2,24,,1,,2,200000,2,,,1,250000,2,,2,,2,,2,,,2,,,2,,,2,,,2,,,2,,,2,,2,,2,,2,,2,,2,,,.,,,,,,,,,.,12,,,,,,,,,50,,.,50,,,2,7,,2,,2,,,,1,,,,,,1,,,,2,2,1,0,24,1,,2,,,,,,,,1,3,5,,2,,,,1,1,2,1,1,2,2,2,2,1,2,,1,1,2,2,2,2,2,2,3,,53,56,1,04,1,5611,450000,08,3386.7694715,
5440894,1,1,1,60,2,8,1,1,,,1,,,1,2,2,1,9,,1,,2,700000,2,,,2,,1,150000,2,,2,,2,,,2,,,2,,,2,,,2,,,2,,,1,260000,2,,2,,2,,2,,2,,,.,,,,,,,,,.,12,,,,,,,,,52,,.,52,,,2,8,,2,,2,,,,1,,,,,,,,,1,2,2,1,0,36,1,,2,,,,,,,,8,14,,,2,,,,1,1,2,1,2,1,2,2,2,2,2,,2,1,1,2,1,2,2,1,3,,60,01,1,04,1,0141,850000,08,3052.1998364,
5440895,1,1,1,60,2,8,1,1,,,1,,,1,2,2,2,14,,1,,2,400000,2,,,2,,1,150000,2,,2,,2,,,2,,,2,,,2,,,2,,,2,,,2,,2,,2,,2,,2,,2,,,.,,,,,,,,,.,12,,,,,,,,,60,,.,60,,,2,8,,2,,2,,,,1,,,,,,1,,,,2,2,1,0,12,4,,1,8,30,4,,360000,1,8,3,14,,,2,,,,2,,,,,,,,,,,,,,1,1,1,2,1,1,3,,60,01,1,04,1,0121,910000,08,4976.8213784,
5440895,1,4,1,60,2,8,2,,,,,,,,,,,2,,,,,,,,,,,,,,,,,,,,,,,,,,,,,,,,,,,,,,,,,,,,,,,6,,,,,2,450000,1,4500000,2,,12,2,,,,,2,1,2,40,,.,40,,,1,8,,2,,2,,,,1,,,,,,1,,,,2,2,1,0,12,4,,2,,,,,,,,13,3,10,,2,,,,2,,,,,,,,,,,,,,1,1,1,2,2,1,3,,61,01,1,04,4,0161,450000,08,4976.8213784,
5440895,1,5,1,60,2,8,2,,,,,,,,,,,1,,,,,,,,,,,,,,,,,,,,,,,,,,,,,,,,,,,,,,,,,,,,,,,6,,,,,2,360000,1,360000,3,,1,2,,,,,3,1,2,20,2,,20,,,1,1,,2,,2,,,,1,,,,,,1,,,,2,2,2,,,,,2,,,,,,,,,14,,,2,,,,2,,,,,,,,,,,,,,1,1,1,2,1,1,3,,77,56,1,04,4,5619,360000,08,4976.8213784,
5440895,1,6,1,60,2,8,2,,,,,,,,,,,24,,,,,,,,,,,,,,,,,,,,,,,,,,,,,,,,,,,,,,,,,,,,,,,6,,,,,2,500000,1,3500000,3,,12,2,,,,,2,3,2,40,,.,40,,,1,8,,2,,2,,,,1,,,,,,,,,1,2,2,2,,,,,2,,,,,,,,,3,5,,2,,,,1,1,1,1,2,2,2,2,1,1,2,,1,1,1,2,1,2,2,1,3,,61,01,1,04,4,0161,500000,08,4976.8213784,
5440896,1,1,1,60,2,8,1,1,,,1,,,1,2,2,1,228,,1,,2,400000,2,,,1,400000,1,250000,2,,2,,2,,,2,,,2,,,2,,,2,,,2,,,2,,2,,2,,2,,2,,2,,,.,,,,,,,,,.,12,,,,,,,,,70,,.,70,,,2,8,,2,,2,,,,1,,,,,,,,,1,2,2,1,0,120,4,,2,,,,,,,,8,14,,,2,,,,2,,,,,,,,,,,,,,1,1,1,2,1,1,8,,60,01,1,04,1,0141,1050000,08,4224.5337109,
5440896,1,2,1,60,2,8,2,,,,,,,,,,,124,,,,,,,,,,,,,,,,,,,,,,,,,,,,,,,,,,,,,,,,,,,,,,,6,,,,,2,250000,1,3200000,3,,10,2,,,,,2,1,2,45,,.,45,,,1,8,,2,,2,,,,1,,,,,,,,,1,2,2,1,1,28,8,,2,,,,,,,,3,3,25,,2,,,,1,1,2,1,2,2,2,2,2,2,2,,2,1,1,2,2,2,2,1,8,,61,01,1,04,4,0161,250000,08,4224.5337109,
5440897,1,1,1,60,2,8,1,1,,,1,,,1,2,2,2,4,,1,,2,600000,2,,,2,,1,300000,2,,2,,2,,,2,,,2,,,2,,,2,,,2,,,2,,2,,2,,2,,2,,2,,,.,,,,,,,,,.,12,,,,,,,,,72,,.,72,,,2,8,,2,,2,,,,1,,,,,,,,,1,2,2,1,0,8,1,,2,,,,,,,,3,3,5,,2,,,,2,,,,,,,,,,,,,,1,1,1,2,2,1,8,,60,01,1,04,1,0145,900000,08,2682.9569614,
5440898,1,1,1,60,2,8,1,1,,,1,,,1,2,2,2,5,,1,,2,720000,2,,,2,,1,200000,2,,2,,2,,,2,,,2,,,2,,,2,,,2,,,2,,2,,2,,2,,2,,2,,,.,,,,,,,,,.,12,,,,,,,,,40,,.,40,,,2,1,,2,,2,,,,1,,,,,,,,,1,2,2,1,0,36,1,,2,,,,,,,,3,14,,,2,,,,2,,,,,,,,,,,,,,1,2,1,2,2,1,3,,60,01,1,04,1,0145,920000,08,4036.6808225,
5440899,1,1,1,60,2,8,1,1,,,1,,,1,2,2,2,1,,1,,2,800000,2,,,2,,1,150000,2,,2,,2,,,2,,,2,,,2,,,2,,,2,,,2,,2,,2,,2,,2,,2,,,.,,,,,,,,,.,12,,,,,,,,,40,,.,40,,,2,8,,2,,2,,,,1,,,,,,,,,1,2,2,1,0,6,4,,2,,,,,,,,13,14,,,2,,,,2,,,,,,,,,,,,,,1,2,1,2,2,1,3,,60,01,1,04,1,0113,950000,08,3484.6380861,
5440900,1,1,1,60,2,8,1,1,,,1,,,1,2,2,2,6,,1,,2,300000,2,,,2,,1,250000,2,,2,,2,,,2,,,2,,,2,,,2,,,2,,,2,,2,,2,,2,,2,,2,,,.,,,,,,,,,.,6,,,,,,,,,66,,.,66,,,3,8,,10,,2,,,,1,,,,,,,,,1,2,2,1,2,1,1,,2,,,,,,,,13,3,10,,2,,,,2,,,,,,,,,,,,,,1,1,1,2,2,1,8,,60,01,1,04,1,0145,550000,08,2606.6350264,
5440901,1,2,1,60,2,8,2,,,,,,,,,,,12,,,,,,,,,,,,,,,,,,,,,,,,,,,,,,,,,,,,,,,,,,,,,,,6,,,,,2,400000,1,4800000,3,,12,2,,,,,3,1,2,36,1,,36,,,1,8,,2,,2,,,,1,,,,,,,,,1,2,2,1,2,180,4,,2,,,,,,,,13,12,20,,2,,,,1,1,2,1,2,2,2,1,1,1,2,,2,1,2,2,1,2,1,1,3,,61,01,1,04,4,0161,400000,08,2725.3013316,
5440902,1,1,1,60,2,8,2,,,,,,,,,,,6,,,,,,,,,,,,,,,,,,,,,,,,,,,,,,,,,,,,,,,,,,,,,,,6,,,,,2,1000000,1,8400000,3,,12,2,,,,,2,1,1,40,,.,40,,,2,9,,2,,2,,,,1,,,,,,,,,1,2,2,1,0,3,4,,2,,,,,,,,3,2,90,,2,,,,1,1,2,1,2,1,2,2,2,2,2,,2,1,1,2,1,2,2,1,3,,95,41,1,04,4,4111,1000000,08,3146.228687,
5440903,1,1,1,60,2,8,2,,,,,,,,,,,120,,,,,,,,,,,,,,,,,,,,,,,,,,,,,,,,,,,,,,,,,,,,,,,,.,,,,,,,,,.,12,,,,,,,,,25,2,,25,,,2,7,,2,,2,,,,1,,,,,,,,,1,2,2,1,0,480,4,,2,,,,,,,,3,3,3,,2,,,,2,,,,,,,,,,,,,,1,1,1,2,1,1,3,,45,47,1,04,6,4711,,08,3922.0103255,
5440903,1,2,1,60,2,8,2,,,,,,,,,,,126,,,,,,,,,,,,,,,,,,,,,,,,,,,,,,,,,,,,,,,,,,,,,,,7,,2,,,2,1200000,1,12600000,3,,12,1,1,0,0,1,3,4,2,60,,.,60,,,2,7,,2,,2,,,,1,,,,,,,,,1,2,2,2,,,,,2,,,,,,,,,3,3,,2,,,,2,,,,,,,,,,,,,,1,1,1,2,1,1,3,,41,47,1,04,4,4711,1200000,08,3922.0103255,
5440903,1,3,1,60,2,8,2,,,,,,,,,,,60,,,,,,,,,,,,,,,,,,,,,,,,,,,,,,,,,,,,,,,,,,,,,,,6,,,,,2,800000,1,6380000,3,,12,2,,,,,3,1,1,48,,.,48,,,2,2,,2,,2,,,,1,,,,,,,,,1,2,2,1,0,60,4,,2,,,,,,,,3,11,10,,2,,,,2,,,,,,,,,,,,,,1,1,1,2,1,1,3,,95,41,1,04,4,4111,800000,08,3922.0103255,
5440903,1,4,1,60,2,8,2,,,,,,,,,,,60,,,,,,,,,,,,,,,,,,,,,,,,,,,,,,,,,,,,,,,,,,,,,,,6,,,,,2,600000,1,3000000,3,,12,2,,,,,3,1,1,40,,.,40,,,2,2,,2,,2,,,,1,,,,,,,,,1,2,2,2,,,,,2,,,,,,,,,11,10,,2,,,,2,,,,,,,,,,,,,,1,1,1,2,1,1,3,,95,41,1,04,4,4111,600000,08,3922.0103255,
5440903,1,5,1,60,2,8,2,,,,,,,,,,,60,,,,,,,,,,,,,,,,,,,,,,,,,,,,,,,,,,,,,,,,,,,,,,,6,,,,,2,650000,1,3500000,3,,12,2,,,,,3,1,1,40,,.,40,,,2,2,,2,,2,,,,1,,,,,,,,,1,2,2,2,,,,,2,,,,,,,,,11,10,,2,,,,2,,,,,,,,,,,,,,1,1,1,2,1,1,3,,95,41,1,04,4,4111,650000,08,3922.0103255,
5440904,1,1,1,60,2,8,2,,,,,,,,,,,120,,,,,,,,,,,,,,,,,,,,,,,,,,,,,,,,,,,,,,,,,,,,,,,6,,,,,2,400000,1,4000000,3,,12,2,,,,,3,1,2,40,,.,40,,,1,1,,2,,2,,,,1,,,,,,1,,,,2,2,1,0,48,4,,2,,,,,,,,3,14,,,2,,,,2,,,,,,,,,,,,,,1,2,1,2,2,1,3,,85,95,1,04,4,9521,400000,08,3052.1998364,
5440907,1,1,1,60,2,8,1,2,1,,1,,,1,1,2,1,55,,1,,2,1245000,2,,,2,,2,,2,,2,,2,,,1,106454,1,2,,,2,,,2,,,2,,,1,877803,2,,2,,2,,2,,2,,,.,,,,,,,,,.,12,,,,,,,,,30,1,,30,,,5,8,,1,,1,1,1,4,1,1,,,,,,,,,1,2,1,8,18,1,,2,,,,,,,,1,12,20,,2,,,,2,,,,,,,,,,,,,,1,1,1,2,1,1,1,,39,49,1,04,1,4923,1245000,08,2137.3725815,
5440908,1,1,1,60,2,8,2,,,,,,,,,,,240,,,,,,,,,,,,,,,,,,,,,,,,,,,,,,,,,,,,,,,,,,,,,,,6,,,,,2,900000,1,6000000,3,,12,2,,,,,3,4,2,40,,.,40,,,1,1,,2,,2,,,,1,,,,,,,,,1,2,2,1,0,144,4,,2,,,,,,,,3,14,,,2,,,,2,,,,,,,,,,,,,,1,1,1,2,1,1,3,,83,25,1,04,4,2511,900000,08,3309.706456,
5440909,1,1,1,60,2,8,2,,,,,,,,,,,314,,,,,,,,,,,,,,,,,,,,,,,,,,,,,,,,,,,,,,,,,,,,,,,7,,2,,,2,160000,1,1600000,3,,10,2,,,,,3,4,2,40,,.,40,,,1,1,,2,,2,,,,1,,,,,,,,,1,2,2,1,72,2,3,,2,,,,,,,,9,14,,,2,,,,2,,,,,,,,,,,,,,1,1,1,2,1,1,3,,41,47,1,04,4,4723,160000,08,1560.9267838,
5440929,1,1,1,60,2,13,1,1,,,1,,,1,2,2,2,288,,,,,,,,,,,,,,,,,,,,,,,,,,,,,,,,,,,,,,,,,,,,,,,6,,,,,2,300000,1,99,3,,12,2,,,,,3,10,2,48,,.,48,,,2,9,,2,,2,,,,1,,,,,,,,,1,2,2,2,,,,,2,,,,,,,,,12,20,,2,,,,2,,,,,,,,,,,,,,2,2,2,2,2,2,8,,95,41,1,04,4,4111,300000,13,2409.0833795,
5440930,1,1,1,60,2,13,2,,,,,,,,,,,12,,,,,,,,,,,,,,,,,,,,,,,,,,,,,,,,,,,,,,,,,,,,,,,6,,,,,2,350000,1,4000000,3,,8,2,,,,,2,1,2,48,,.,24,6,,2,2,,2,,2,,,,1,,,,,,,,,1,2,2,1,0,60,4,,2,,,,,,,,2,3,5,1,1,20,2,1,1,1,2,1,2,1,2,1,1,1,2,,1,1,2,2,2,2,2,1,3,,95,41,1,04,4,4111,350000,13,1454.5508317,
5440930,1,2,1,60,2,13,2,,,,,,,,,,,180,,,,,,,,,,,,,,,,,,,,,,,,,,,,,,,,,,,,,,,,,,,,,,,6,,,,,2,600000,1,7500000,3,,11,2,,,,,3,1,2,40,,.,40,,,1,1,,1,,1,2,2,20,1,1,,,,,,,,,2,2,1,1,48,1,,2,,,,,,,,1,14,,,2,,,,1,1,1,1,2,2,2,2,2,2,2,,1,1,2,2,1,2,1,1,3,,13,85,1,04,4,8559,600000,13,1454.5508317,
5440932,1,1,1,60,2,13,1,2,1,,1,,,1,1,1,1,360,,2,,2,2800000,2,,,2,,2,,2,,2,,2,,,2,,,2,,,2,,,2,,,2,,,2,,2,,2,,2,,2,,2,,,.,,,,,,,,,.,12,,,,,,,,,48,,.,48,,,7,1,,1,,1,2,1,98,1,1,,,,,,,,,1,2,2,,,,,2,,,,,,,,,14,,,2,,,,2,,,,,,,,,,,,,,2,2,2,2,1,1,9,,13,85,1,04,2,8513,2800000,13,1249.0335086,
5440933,1,1,1,60,2,13,2,,,,,,,,,,,240,,,,,,,,,,,,,,,,,,,,,,,,,,,,,,,,,,,,,,,,,,,,,,,6,,,,,2,180000,1,2600000,3,,9,2,,,,,3,1,2,48,,.,20,6,,1,1,,2,,2,,,,1,,,,,,,,,1,2,2,1,6,120,4,,2,,,,,,,,11,14,,1,1,15,2,1,2,,,,,,,,,,,,,,1,1,2,2,1,1,3,,79,95,1,04,4,9529,180000,13,1539.5190393,
5440933,1,2,1,60,2,13,2,,,,,,,,,,,216,,,,,,,,,,,,,,,,,,,,,,,,,,,,,,,,,,,,,,,,,,,,,,,6,,,,,2,240000,1,2800000,3,,9,2,,,,,2,1,2,24,1,,16,6,,1,2,,2,,2,,,,1,,,,,,,,,1,2,2,2,,,,,2,,,,,,,,,3,10,1,1,10,2,1,1,1,2,1,2,2,2,2,2,2,2,,2,1,2,2,2,2,2,1,3,,55,81,1,04,4,8121,240000,13,1539.5190393,
5440933,1,5,1,60,2,13,2,,,,,,,,,,,12,,,,,,,,,,,,,,,,,,,,,,,,,,,,,,,,,,,,,,,,,,,,,,,6,,,,,2,290000,1,3200000,3,,12,2,,,,,3,1,2,39,2,,39,,,1,1,,2,,2,,,,1,,,,,,,,,1,2,2,2,,,,,2,,,,,,,,,14,,,2,,,,1,1,1,1,2,1,2,2,2,2,2,,1,1,2,2,1,2,2,1,3,,45,47,1,04,4,4792,290000,13,1539.5190393,
5440935,1,1,1,60,2,13,2,,,,,,,,,,,552,,,,,,,,,,,,,,,,,,,,,,,,,,,,,,,,,,,,,,,,,,,,,,,6,,,,,2,1000000,1,12000000,3,,8,2,,,,,2,9,2,48,,.,48,,,2,2,,2,,2,,,,1,,,,,,,,,1,2,2,2,,,,,2,,,,,,,,,3,10,,2,,,,2,,,,,,,,,,,,,,1,1,1,2,1,1,3,,95,41,1,04,4,4111,1000000,13,1454.5508317,
5440937,1,1,1,60,2,13,2,,,,,,,,,,,192,,,,,,,,,,,,,,,,,,,,,,,,,,,,,,,,,,,,,,,,,,,,,,,6,,,,,2,1100000,1,15000000,3,,12,2,,,,,2,3,2,40,,.,40,,,1,6,,2,,2,,,,1,,,,,,,,,1,2,2,1,0,420,4,,2,,,,,,,,3,3,5,,2,,,,2,,,,,,,,,,,,,,1,1,1,2,1,1,3,,45,47,1,04,4,4781,1100000,13,1454.5508317,
5440938,1,1,1,60,2,13,1,1,,,1,,,1,2,2,2,48,,1,,2,170000,2,,,1,300000,2,,2,,2,,2,,,2,,,2,,,2,,,2,,,2,,,2,,2,,2,,2,,2,,2,,,.,,,,,,,,,.,12,,,,,,,,,42,,.,42,,,1,2,,2,,2,,,,1,,,,,,,,,1,2,2,1,2,36,3,,1,13,4,4,,30000,1,2,2,3,5,,2,,,,2,,,,,,,,,,,,,,1,1,1,2,1,1,3,,54,97,1,04,3,9700,500000,13,2604.8554918,
5440938,1,2,1,60,2,13,1,1,,,1,,,2,2,2,2,24,,1,,2,300000,2,,,2,,2,,2,,2,,2,,,2,,,2,,,2,,,2,,,2,,,2,,2,,2,,2,,2,,2,,,.,,,,,,,,,.,7,,,,,,,,,48,,.,36,6,,2,7,,2,,2,,,,1,,,,,,,,,1,2,2,1,0,24,4,,2,,,,,,,,3,3,5,1,2,,,,1,1,2,1,2,2,2,2,2,2,2,,2,1,2,2,1,2,2,1,3,,45,47,1,04,1,4724,300000,13,2604.8554918,
5440939,1,1,1,60,2,13,2,,,,,,,,,,,12,,,,,,,,,,,,,,,,,,,,,,,,,,,,,,,,,,,,,,,,,,,,,,,5,,,,,2,200000,1,2100000,3,,8,2,,,,,3,1,2,28,2,,28,,,1,2,,2,,2,,,,1,,,,,,,,,1,2,2,1,12,84,1,,2,,,,,,,,2,3,5,,2,,,,1,1,2,1,2,2,2,2,2,2,2,,2,1,2,2,2,2,2,1,3,,45,47,1,04,4,4792,200000,13,1915.2214161,
5440940,1,1,1,60,2,13,1,2,1,,1,,,1,1,1,1,98,,2,,2,3700000,2,,,2,,2,,2,,2,,2,,,2,,,2,,,2,,,1,98,1,2,,,1,1800000,1,1800000,1,98,2,,2,,2,,,.,,,,,,,,,.,12,,,,,,,,,48,,.,48,,,7,1,,1,,1,2,1,98,1,1,,,,,,,,,1,1,2,,,,,2,,,,,,,,,14,,,2,,,,2,,,,,,,,,,,,,,2,2,2,2,2,2,1,,13,85,1,04,2,8530,3700000,13,1692.4951223,
5440941,1,1,1,60,2,13,2,,,,,,,,,,,60,,,,,,,,,,,,,,,,,,,,,,,,,,,,,,,,,,,,,,,,,,,,,,,6,,,,,2,,1,400000,3,,12,2,,,,,3,5,2,48,,.,48,,,1,4,,2,,2,,,,1,,,,,,,,,1,2,2,1,12,70,4,,2,,,,,,,,11,14,,,2,,,,2,,,,,,,,,,,,,,2,2,2,2,2,2,8,,98,49,1,04,4,4921,,13,1136.1741053,
5440942,1,1,1,60,2,13,2,,,,,,,,,,,300,,,,,,,,,,,,,,,,,,,,,,,,,,,,,,,,,,,,,,,,,,,,,,,6,,,,,2,200000,1,2400000,3,,10,2,,,,,3,1,2,48,,.,15,6,,1,2,,2,,2,,,,1,,,,,,,,,1,2,2,1,0,60,4,,2,,,,,,,,3,3,5,1,1,30,1,1,2,,,,,,,,,,,,,,1,2,2,2,2,1,3,,85,43,1,04,4,4321,200000,13,2409.0833795,
5440944,1,2,1,60,2,13,1,2,1,,1,,,1,1,1,1,200,,5,,1,2500000,2,,,2,,2,,2,,2,,2,,,2,,,2,,,2,,,2,,,2,,,1,1250000,1,2500000,1,1250000,2,,2,,2,,,.,,,,,,,,,.,12,,,,,,,,,40,,.,40,,,9,7,,1,,1,3,1,18,1,1,,,,,,,,,1,1,2,,,,,2,,,,,,,,,14,,,2,,,,2,,,,,,,,,,,,,,1,1,1,1,1,1,1,,13,85,1,04,2,8530,2500000,13,2604.8554918,
5440946,1,1,1,60,2,13,2,,,,,,,,,,,144,,,,,,,,,,,,,,,,,,,,,,,,,,,,,,,,,,,,,,,,,,,,,,,6,,,,,2,210000,1,2520000,3,,12,2,,,,,1,1,1,35,1,,35,,,1,1,,2,,2,,,,1,,,,,,,,,1,2,2,2,,,,,2,,,,,,,,,14,,,2,,,,2,,,,,,,,,,,,,,2,2,2,2,2,2,8,,75,14,1,04,4,1410,210000,13,1136.1741053,
5443332,1,1,1,60,2,41,2,,,,,,,,,,,360,,,,,,,,,,,,,,,,,,,,,,,,,,,,,,,,,,,,,,,,,,,,,,,7,,2,,,2,410000,1,2000000,2,,12,1,4,0,0,4,2,3,2,48,,.,48,,,3,8,,2,,2,,,,1,,,,,,1,,,,2,2,2,,,,,2,,,,,,,,,3,2,,2,,,,2,,,,,,,,,,,,,,1,1,1,2,2,1,10,BUSCANDO OTRO TRABAJO,61,01,1,04,4,0150,410000,41,1760.4384056,
5443332,1,2,1,60,2,41,2,,,,,,,,,,,2,,,,,,,,,,,,,,,,,,,,,,,,,,,,,,,,,,,,,,,,,,,,,,,,.,,,,,,,,,.,4,,,,,,,,,30,2,,30,,,3,1,,2,,2,,,,1,,,,,,1,,,,2,2,1,0,24,3,,2,,,,,,,,9,14,,,2,,,,2,,,,,,,,,,,,,,1,1,1,2,2,1,3,,53,01,1,04,6,0150,,41,1760.4384056,
5443332,1,3,1,60,2,41,2,,,,,,,,,,,2,,,,,,,,,,,,,,,,,,,,,,,,,,,,,,,,,,,,,,,,,,,,,,,,.,,,,,,,,,.,4,,,,,,,,,24,2,,24,,,3,8,,2,,2,,,,1,,,,,,,,,1,2,2,2,,,,,2,,,,,,,,,3,2,,2,,,,2,,,,,,,,,,,,,,1,1,1,2,2,1,3,,62,01,1,04,6,0150,,41,1760.4384056,
5443332,1,4,1,60,2,41,2,,,,,,,,,,,24,,,,,,,,,,,,,,,,,,,,,,,,,,,,,,,,,,,,,,,,,,,,,,,,.,,,,,,,,,.,12,,,,,,,,,40,,.,40,,,3,8,,2,,2,,,,1,,,,,,,,,1,2,2,2,,,,,2,,,,,,,,,3,2,,2,,,,2,,,,,,,,,,,,,,1,1,1,2,2,1,3,,62,01,1,04,6,0150,,41,1760.4384056,
5443332,1,5,1,60,2,41,2,,,,,,,,,,,3,,,,,,,,,,,,,,,,,,,,,,,,,,,,,,,,,,,,,,,,,,,,,,,,.,,,,,,,,,.,3,,,,,,,,,6,2,,6,,,3,8,,2,,,,,,1,,,,,,,,,1,2,2,2,,,,,2,,,,,,,,,3,2,,2,,,,2,,,,,,,,,,,,,,1,1,1,2,2,1,3,,62,01,1,04,6,0150,,41,1760.4384056,
5443334,1,1,1,60,2,54,1,1,,,1,,,1,2,2,2,8,,1,,2,500000,2,,,1,180000,2,,2,,2,,2,,,2,,,2,,,2,,,2,,,2,,,2,,2,,2,,2,,2,,2,,,.,,,,,,,,,.,12,,,,,,,,,54,,.,54,,,2,8,,2,,2,,,,1,,,,,,,,,1,2,2,1,0,3,8,,2,,,,,,,,1,3,75,,2,,,,2,,,,,,,,,,,,,,1,1,1,2,1,1,3,,62,01,1,04,8,0123,680000,54,1265.2255648,
5443334,1,2,1,60,2,54,1,1,,,1,,,1,2,2,2,9,,1,,2,600000,2,,,1,200000,2,,2,,2,,2,,,2,,,2,,,2,,,2,,,2,,,2,,2,,2,,2,,2,,2,,,.,,,,,,,,,.,12,,,,,,,,,54,,.,54,,,2,8,,2,,2,,,,1,,,,,,,,,1,2,2,1,0,3,8,,2,,,,,,,,1,3,80,,2,,,,2,,,,,,,,,,,,,,1,1,1,2,1,1,3,,62,01,1,04,8,0121,800000,54,1265.2255648,
5443350,1,1,1,60,2,18,2,,,,,,,,,,,60,,,,,,,,,,,,,,,,,,,,,,,,,,,,,,,,,,,,,,,,,,,,,,,6,,,,,2,800000,1,7600000,3,,12,2,,,,,2,3,2,48,,.,48,,,1,8,,2,,2,,,,1,,,,,,,,,1,2,2,1,0,36,6,,2,,,,,,,,8,3,30,,2,,,,1,1,2,1,2,2,2,1,1,1,2,,2,1,2,2,1,2,2,1,8,,61,01,1,04,4,0161,800000,18,559.58604766,
5443351,1,2,1,60,2,18,2,,,,,,,,,,,7,,,,,,,,,,,,,,,,,,,,,,,,,,,,,,,,,,,,,,,,,,,,,,,7,,2,,,2,150000,1,2500000,3,,12,2,,,,,3,6,2,60,,.,48,6,,1,1,,2,,2,,,,1,,,,,,,,,1,2,2,1,0,240,4,,2,,,,,,,,9,14,,1,2,,,,1,1,2,1,2,2,2,1,2,1,2,,2,1,2,2,1,2,2,1,8,,51,56,1,04,4,5630,150000,18,616.70976211,
5443351,1,3,1,60,2,18,2,,,,,,,,,,,108,,,,,,,,,,,,,,,,,,,,,,,,,,,,,,,,,,,,,,,,,,,,,,,6,,,,,2,600000,1,7200000,3,,12,2,,,,,2,1,2,48,,.,20,6,,1,8,,2,,2,,,,1,,,,,,,,,1,2,2,2,,,,,2,,,,,,,,,3,45,2,1,25,1,1,1,1,1,1,2,2,2,2,1,1,2,,2,1,2,2,2,2,2,1,8,,61,01,1,04,4,0161,600000,18,616.70976211,
5443352,1,1,1,60,2,18,1,1,,,1,,,1,2,2,2,48,,1,,2,70000,2,,,2,,2,,2,,2,,2,,,2,,,2,,,2,,,2,,,2,,,2,,2,,2,,2,,2,,2,,,.,,,,,,,,,.,12,,,,,,,,,21,2,,21,,,5,6,,2,,2,,,,1,,,,,,,,,1,2,2,2,,,,,2,,,,,,,,,3,20,,2,,,,2,,,,,,,,,,,,,,1,2,2,2,2,1,2,,85,94,1,04,1,9499,70000,18,206.85001777,
5443353,1,1,1,60,2,18,2,,,,,,,,,,,120,,,,,,,,,,,,,,,,,,,,,,,,,,,,,,,,,,,,,,,,,,,,,,,7,,2,,,2,500000,1,300000,3,,12,2,,,,,3,6,2,40,,.,40,,,1,1,,2,,2,,,,1,,,,1,,,,,,2,2,1,0,240,4,,2,,,,,,,,11,14,,,2,,,,2,,,,,,,,,,,,,,1,2,1,2,1,1,8,,41,47,1,04,4,4711,500000,18,365.76882135,
5443353,1,2,1,60,2,18,2,,,,,,,,,,,72,,,,,,,,,,,,,,,,,,,,,,,,,,,,,,,,,,,,,,,,,,,,,,,5,,,,,2,250000,1,2400000,3,,12,2,,,,,2,4,2,30,2,,0,1,,1,5,,2,,2,,,,1,,,,,,,,,1,2,2,2,,,,,2,,,,,,,,,3,5,2,2,,,,2,,,,,,,,,,,,,,2,2,1,2,2,1,3,,45,47,1,04,4,4792,250000,18,365.76882135,
5443583,1,1,1,60,2,44,2,,,,,,,,,,,70,,,,,,,,,,,,,,,,,,,,,,,,,,,,,,,,,,,,,,,,,,,,,,,6,,,,,2,150000,1,1800000,3,,12,2,,,,,1,1,1,20,2,,20,,,1,1,,11,,2,,,,1,,,,,,,,,1,2,2,2,,,,,2,,,,,,,,,3,10,,1,28,2,1,1,1,1,1,2,1,2,2,2,1,2,,1,1,2,2,2,2,2,1,9,,61,01,1,04,4,0143,150000,44,1566.203209,
5443586,1,1,1,60,2,44,2,,,,,,,,,,,36,,,,,,,,,,,,,,,,,,,,,,,,,,,,,,,,,,,,,,,,,,,,,,,6,,,,,2,300000,1,3600000,3,,12,2,,,,,3,1,1,42,,.,42,,,1,4,,2,,2,,,,1,,,,,,,,,1,2,2,2,,,,,2,,,,,,,,,14,,,2,,,,1,1,1,1,2,1,2,1,2,1,2,,2,2,2,2,2,2,2,1,3,,98,49,1,04,4,4921,300000,44,1316.3646018,
5443587,1,1,1,60,2,44,2,,,,,,,,,,,12,,,,,,,,,,,,,,,,,,,,,,,,,,,,,,,,,,,,,,,,,,,,,,,6,,,,,2,170000,1,1840000,3,,12,2,,,,,3,10,2,40,,.,40,,,1,4,,2,,2,,,,1,,,,,,,,,1,2,2,2,,,,,2,,,,,,,,,14,,,2,,,,2,,,,,,,,,,,,,,1,1,1,2,2,2,8,,98,49,1,04,4,4921,170000,44,1265.1499838,
5443588,1,1,1,60,2,44,2,,,,,,,,,,,72,,,,,,,,,,,,,,,,,,,,,,,,,,,,,,,,,,,,,,,,,,,,,,,6,,,,,2,200000,1,2400000,3,,12,2,,,,,3,5,2,42,,.,42,,,1,1,,2,,2,,,,1,,,,,,,,,1,2,2,2,,,,,2,,,,,,,,,14,,,2,,,,2,,,,,,,,,,,,,,2,2,1,2,2,1,8,,61,01,1,04,4,0143,200000,44,904.05220765,
5443590,1,1,1,60,2,44,2,,,,,,,,,,,12,,,,,,,,,,,,,,,,,,,,,,,,,,,,,,,,,,,,,,,,,,,,,,,6,,,,,2,150000,1,1800000,3,,12,2,,,,,1,1,1,42,,.,42,,,1,5,,2,,2,,,,1,,,,,,,,,1,2,2,2,,,,,2,,,,,,,,,14,,,2,,,,1,1,1,1,2,1,2,1,1,1,2,,1,1,2,2,2,2,2,1,8,,99,38,1,04,4,3830,150000,44,1338.9608395,
5443591,1,1,1,60,2,44,1,1,,,1,,,1,2,2,2,2,,1,,2,900000,2,,,2,,2,,2,,2,,2,,,2,,,2,,,2,,,2,,,2,,,2,,2,,2,,2,,2,,2,,,.,,,,,,,,,.,7,,,,,,,,,30,2,,30,,,9,4,,2,,2,,,,1,,,,,,,,,1,2,2,1,2,6,4,,2,,,,,,,,3,3,10,,2,,,,2,,,,,,,,,,,,,,1,1,1,2,2,1,5,,98,49,1,04,1,4921,900000,44,1334.1796813,
5443593,1,1,1,60,2,44,2,,,,,,,,,,,72,,,,,,,,,,,,,,,,,,,,,,,,,,,,,,,,,,,,,,,,,,,,,,,6,,,,,2,300000,1,3600000,3,,12,2,,,,,3,1,2,42,,.,42,,,1,1,,2,,2,,,,1,,,,,,,,,1,2,2,2,,,,,2,,,,,,,,,14,,,2,,,,2,,,,,,,,,,,,,,1,2,1,2,2,1,8,,61,01,1,04,4,0143,300000,44,1585.263956,
5443595,1,1,1,60,2,44,2,,,,,,,,,,,120,,,,,,,,,,,,,,,,,,,,,,,,,,,,,,,,,,,,,,,,,,,,,,,6,,,,,2,150000,1,150000,3,,12,2,,,,,3,1,2,42,,.,42,,,1,1,,2,,2,,,,1,,,,,,,,,1,2,2,2,,,,,2,,,,,,,,,12,20,,2,,,,2,,,,,,,,,,,,,,1,2,1,2,2,2,8,,75,15,1,04,4,1513,150000,44,1058.8568916,
5443596,1,1,1,60,2,44,1,2,2,6,2,1,,1,2,2,2,1,,2,,2,,2,,,2,,2,,2,,2,,2,,,2,,,2,,,2,,,2,,,2,,,2,,2,,2,,2,,2,,2,,,.,,,,,,,,,.,1,,,,,,,,,28,1,,28,,,7,3,,2,,2,,,,1,,,,,,,,,1,2,2,2,,,,,2,,,,,,,,,3,5,,2,,,,2,,,,,,,,,,,,,,1,1,1,2,2,1,9,,13,94,1,04,1,9499,,44,1272.0198756,9499
5443597,1,1,1,60,2,44,2,,,,,,,,,,,240,,,,,,,,,,,,,,,,,,,,,,,,,,,,,,,,,,,,,,,,,,,,,,,6,,,,,2,250000,1,3000000,3,,12,2,,,,,3,3,2,48,,.,48,,,1,1,,2,,2,,,,1,,,,,,,,,1,2,2,2,,,,,2,,,,,,,,,14,,,2,,,,2,,,,,,,,,,,,,,1,2,1,2,2,1,3,,75,15,1,04,4,1513,250000,44,583.30341416,
5443598,1,1,1,60,2,44,2,,,,,,,,,,,300,,,,,,,,,,,,,,,,,,,,,,,,,,,,,,,,,,,,,,,,,,,,,,,6,,,,,2,150000,1,3000000,3,,12,2,,,,,2,5,2,42,,.,42,,,1,1,,2,,2,,,,1,,,,,,,,,1,2,2,2,,,,,2,,,,,,,,,14,,,2,,,,2,,,,,,,,,,,,,,2,2,2,2,2,1,3,,75,15,1,04,4,1513,150000,44,583.30341416,
5443600,1,1,1,60,2,44,2,,,,,,,,,,,36,,,,,,,,,,,,,,,,,,,,,,,,,,,,,,,,,,,,,,,,,,,,,,,6,,,,,2,250000,1,3000000,3,,12,2,,,,,3,9,2,40,,.,21,6,,1,1,,2,,2,,,,1,,,,,,,,,1,2,2,2,,,,,2,,,,,,,,,14,,1,2,,,,2,,,,,,,,,,,,,,2,2,2,2,2,2,8,,75,15,1,04,4,1513,250000,44,1109.7209201,
5443603,1,1,1,60,2,44,2,,,,,,,,,,,240,,,,,,,,,,,,,,,,,,,,,,,,,,,,,,,,,,,,,,,,,,,,,,,6,,,,,2,100000,1,600000,3,,12,1,1,0,0,1,3,3,2,14,2,,14,,,2,8,,4,,2,,,,1,,,,,,,,,1,2,2,2,,,,,2,,,,,,,,,3,3,,2,,,,2,,,,,,,,,,,,,,1,2,1,2,2,1,5,,61,01,1,04,4,0143,100000,44,1014.1175383,
5443603,1,2,1,60,2,44,2,,,,,,,,,,,360,,,,,,,,,,,,,,,,,,,,,,,,,,,,,,,,,,,,,,,,,,,,,,,6,,,,,2,150000,1,2000000,3,,12,2,,,,,3,3,2,20,2,,20,,,1,1,,2,,2,,,,1,,,,,,,,,1,2,2,2,,,,,2,,,,,,,,,14,,,1,20,2,1,2,,,,,,,,,,,,,,1,1,2,2,2,1,3,,75,15,1,04,4,1513,150000,44,1014.1175383,
5443603,1,3,1,60,2,44,2,,,,,,,,,,,48,,,,,,,,,,,,,,,,,,,,,,,,,,,,,,,,,,,,,,,,,,,,,,,,.,,,,,,,,,.,12,,,,,,,,,14,2,,14,,,2,8,,5,,2,,,,1,,,,,,,,,1,2,2,2,,,,,2,,,,,,,,,3,3,,2,,,,2,,,,,,,,,,,,,,1,1,1,2,2,1,3,,62,01,1,04,6,0143,,44,1014.1175383,
5443604,1,1,1,60,2,44,2,,,,,,,,,,,60,,,,,,,,,,,,,,,,,,,,,,,,,,,,,,,,,,,,,,,,,,,,,,,6,,,,,2,300000,1,3000000,3,,12,2,,,,,3,3,1,20,2,,0,6,,1,6,,2,,2,,,,1,,,,,,,,,1,2,2,1,0,240,4,,2,,,,,,,,11,3,10,2,2,,,,1,1,1,1,2,2,2,2,2,2,2,,2,2,1,2,1,2,2,1,3,,45,47,1,04,4,4781,300000,44,1245.9144056,
5443604,1,2,1,60,2,44,2,,,,,,,,,,,60,,,,,,,,,,,,,,,,,,,,,,,,,,,,,,,,,,,,,,,,,,,,,,,6,,,,,2,240000,1,2400000,3,,12,2,,,,,3,3,1,36,2,,36,,,1,1,,2,,2,,,,1,,,,,,,,,1,2,2,1,2,24,3,,2,,,,,,,,3,14,,,2,,,,1,1,1,1,2,2,2,2,2,2,2,,2,1,1,2,1,2,2,1,3,,41,47,1,04,4,4724,240000,44,1245.9144056,
5443604,1,3,1,60,2,44,2,,,,,,,,,,,3,,,,,,,,,,,,,,,,,,,,,,,,,,,,,,,,,,,,,,,,,,,,,,,6,,,,,2,300000,1,3000000,3,,12,2,,,,,3,3,2,20,2,,20,,,1,6,,2,,2,,,,1,,,,,,,,,1,2,2,1,0,15,4,,2,,,,,,,,3,3,3,,1,30,2,1,1,1,1,1,2,2,2,2,2,2,2,,1,1,1,2,1,2,2,1,5,,45,47,1,04,4,4781,300000,44,1245.9144056,
5443604,1,4,1,60,2,44,2,,,,,,,,,,,1,,,,,,,,,,,,,,,,,,,,,,,,,,,,,,,,,,,,,,,,,,,,,,,6,,,,,2,150000,1,800000,3,,8,2,,,,,3,1,2,20,2,,0,6,,2,4,,2,,2,,,,1,,,,,,,,,1,2,2,2,,,,,2,,,,,,,,,3,5,2,1,30,2,1,2,,,,,,,,,,,,,,1,2,2,2,2,1,3,,98,49,1,04,4,4923,150000,44,1245.9144056,
5443605,1,1,1,60,2,44,2,,,,,,,,,,,12,,,,,,,,,,,,,,,,,,,,,,,,,,,,,,,,,,,,,,,,,,,,,,,6,,,,,2,250000,1,3000000,3,,12,2,,,,,3,10,2,42,,.,42,,,1,6,,10,,2,,,,1,,,,,,,,,1,2,2,2,,,,,2,,,,,,,,,11,30,,2,,,,2,,,,,,,,,,,,,,1,2,1,2,1,2,5,,45,47,1,04,4,4789,250000,44,1189.5536556,
5443606,1,1,1,60,2,44,2,,,,,,,,,,,60,,,,,,,,,,,,,,,,,,,,,,,,,,,,,,,,,,,,,,,,,,,,,,,6,,,,,2,200000,1,2400000,3,,12,2,,,,,3,9,2,56,,.,56,,,1,1,,2,,2,,,,1,,,,,,,,,1,2,2,2,,,,,2,,,,,,,,,14,,,2,,,,2,,,,,,,,,,,,,,1,2,1,2,1,1,8,,41,15,1,04,4,1513,200000,44,849.93031494,
5443607,1,1,1,60,2,44,2,,,,,,,,,,,36,,,,,,,,,,,,,,,,,,,,,,,,,,,,,,,,,,,,,,,,,,,,,,,6,,,,,2,100000,1,1200000,1,,12,2,,,,,1,9,2,35,2,,35,,,1,1,,2,,2,,,,1,,,,,,,,,1,2,2,2,,,,,2,,,,,,,,,14,,,2,,,,1,1,1,1,2,1,2,1,1,2,2,,2,1,1,2,1,2,2,2,8,,75,15,1,04,4,1513,100000,44,1005.0087892,
5443608,1,1,1,60,2,44,2,,,,,,,,,,,84,,,,,,,,,,,,,,,,,,,,,,,,,,,,,,,,,,,,,,,,,,,,,,,6,,,,,2,150000,1,1800000,3,,12,2,,,,,3,9,2,56,,.,56,,,1,1,,2,,2,,,,1,,,,,,,,,1,2,2,2,,,,,2,,,,,,,,,14,,,2,,,,2,,,,,,,,,,,,,,1,2,1,2,1,2,8,,75,15,1,04,4,1513,150000,44,1058.8568916,
5443609,1,1,1,60,2,44,2,,,,,,,,,,,144,,,,,,,,,,,,,,,,,,,,,,,,,,,,,,,,,,,,,,,,,,,,,,,6,,,,,2,300000,1,3600000,3,,12,2,,,,,2,3,2,35,2,,35,,,1,5,,2,,2,,,,1,,,,,,,,,1,2,2,2,,,,,2,,,,,,,,,11,35,,2,,,,2,,,,,,,,,,,,,,1,2,1,2,1,1,5,,41,01,1,04,4,0143,300000,44,1508.4690263,
5443614,1,1,1,60,2,18,2,,,,,,,,,,,144,,,,,,,,,,,,,,,,,,,,,,,,,,,,,,,,,,,,,,,,,,,,,,,,.,,,,,,,,,.,12,,,,,,,,,42,,.,42,,,2,8,,2,,2,,,,1,,,,,,,,,1,2,2,1,0,60,1,,2,,,,,,,,3,3,5,,2,,,,2,,,,,,,,,,,,,,1,1,2,2,1,1,5,,61,01,1,04,6,0141,,18,207.0797564,
5443614,1,2,1,60,2,18,2,,,,,,,,,,,144,,,,,,,,,,,,,,,,,,,,,,,,,,,,,,,,,,,,,,,,,,,,,,,7,,1,2,,2,300000,1,3600000,3,,12,1,1,0,0,1,1,10,2,30,2,,30,,,2,8,,2,,2,,,,1,,,,,,,,,1,2,2,2,,,,,2,,,,,,,,,3,5,,2,,,,1,1,2,1,1,2,2,1,1,1,2,,2,1,1,1,1,2,1,1,5,,61,01,1,04,4,0141,300000,18,207.0797564,
5443645,1,1,1,60,2,13,2,,,,,,,,,,,120,,,,,,,,,,,,,,,,,,,,,,,,,,,,,,,,,,,,,,,,,,,,,,,7,,2,,,2,200000,1,98,3,,12,2,,,,,3,3,2,30,2,,30,,,1,1,,2,,2,,,,1,,,,,,,,,1,2,2,2,,,,,2,,,,,,,,,14,,,2,,,,2,,,,,,,,,,,,,,2,2,2,2,2,2,5,,75,16,1,04,4,1690,200000,13,1842.2679572,
5443645,1,3,1,60,2,13,2,,,,,,,,,,,320,,,,,,,,,,,,,,,,,,,,,,,,,,,,,,,,,,,,,,,,,,,,,,,6,,,,,2,900000,1,98,3,,12,2,,,,,3,10,2,48,,.,48,,,2,7,,2,,2,,,,1,,,,,,,,,1,2,2,2,,,,,2,,,,,,,,,3,10,,2,,,,2,,,,,,,,,,,,,,2,2,2,2,2,2,8,,95,41,1,04,4,4111,900000,13,1842.2679572,
5443648,1,1,1,60,2,18,2,,,,,,,,,,,8,,,,,,,,,,,,,,,,,,,,,,,,,,,,,,,,,,,,,,,,,,,,,,,6,,,,,2,300000,1,2700000,3,,8,2,,,,,2,1,2,40,,.,16,6,,1,8,,2,,2,,,,1,,,,,,,,,1,2,2,2,,,,,2,,,,,,,,,3,60,2,1,40,1,1,1,1,1,1,2,2,2,2,1,1,2,,1,1,2,2,2,2,2,1,3,,61,01,1,04,4,0161,300000,18,510.52957377,
5443674,1,1,1,60,2,44,2,,,,,,,,,,,96,,,,,,,,,,,,,,,,,,,,,,,,,,,,,,,,,,,,,,,,,,,,,,,6,,,,,2,100000,1,1200000,3,,12,2,,,,,3,3,2,30,2,,30,,,1,1,,2,,2,,,,1,,,,,,1,,,,2,2,1,0,120,4,,1,44,20,4,,50000,2,8,10,14,,,2,,,,1,1,2,1,2,2,2,2,2,2,2,,2,1,2,2,1,2,1,1,6,,75,15,1,04,4,1513,150000,44,1416.7960251,
5443674,1,2,1,60,2,44,2,,,,,,,,,,,120,,,,,,,,,,,,,,,,,,,,,,,,,,,,,,,,,,,,,,,,,,,,,,,6,,,,,2,120000,1,1300000,3,,12,2,,,,,3,9,2,40,,.,40,,,1,1,,2,,2,,,,1,,,,,,1,,,,2,2,2,,,,,2,,,,,,,,,14,,,2,,,,2,,,,,,,,,,,,,,1,1,1,2,1,1,3,,75,15,1,04,4,1513,120000,44,1416.7960251,
5443675,1,1,1,60,2,44,2,,,,,,,,,,,120,,,,,,,,,,,,,,,,,,,,,,,,,,,,,,,,,,,,,,,,,,,,,,,6,,,,,2,150000,1,1800000,3,,12,2,,,,,3,1,2,40,,.,40,,,1,1,,2,,2,,,,1,,,,,,1,,,,2,2,1,0,240,4,,2,,,,,,,,10,14,,,2,,,,2,,,,,,,,,,,,,,1,1,1,2,1,1,3,,75,15,1,04,4,1513,150000,44,1365.9319966,
5443675,1,2,1,60,2,44,2,,,,,,,,,,,48,,,,,,,,,,,,,,,,,,,,,,,,,,,,,,,,,,,,,,,,,,,,,,,6,,,,,2,150000,1,1800000,3,,12,2,,,,,3,3,2,35,2,,35,,,1,1,,2,,2,,,,1,,,,,,1,,,,2,2,2,,,,,2,,,,,,,,,14,,,2,,,,2,,,,,,,,,,,,,,1,1,1,2,1,1,3,,75,15,1,04,4,1513,150000,44,1365.9319966,
5443675,1,3,1,60,2,44,2,,,,,,,,,,,36,,,,,,,,,,,,,,,,,,,,,,,,,,,,,,,,,,,,,,,,,,,,,,,6,,,,,2,80000,1,1000000,3,,12,2,,,,,3,9,2,40,,.,40,,,1,1,,2,,2,,,,1,,,,,,,,,1,2,2,2,,,,,2,,,,,,,,,14,,,2,,,,2,,,,,,,,,,,,,,2,1,1,2,1,1,3,,75,15,1,04,4,1513,80000,44,1365.9319966,
5443675,1,4,1,60,2,44,2,,,,,,,,,,,24,,,,,,,,,,,,,,,,,,,,,,,,,,,,,,,,,,,,,,,,,,,,,,,6,,,,,2,30000,1,500000,3,,12,2,,,,,3,9,2,25,2,,25,,,1,1,,2,,,,,,1,,,,,,,,,1,2,2,2,,,,,2,,,,,,,,,14,,,2,,,,2,,,,,,,,,,,,,,1,1,1,2,1,1,3,,75,15,1,04,4,1513,30000,44,1365.9319966,
5443676,1,1,1,60,2,44,2,,,,,,,,,,,600,,,,,,,,,,,,,,,,,,,,,,,,,,,,,,,,,,,,,,,,,,,,,,,6,,,,,2,120000,1,1500000,3,,12,2,,,,,3,9,2,30,2,,30,,,1,8,,2,,2,,,,1,,,,,,,,,1,2,2,2,,,,,2,,,,,,,,,3,2,,2,,,,2,,,,,,,,,,,,,,1,1,1,1,1,1,6,,61,01,1,04,4,0143,120000,44,746.75567966,
5443677,1,1,1,60,2,44,1,2,1,,1,,,1,1,1,1,24,,1,,2,1200000,2,,,2,,2,,2,,2,,2,,,2,,,2,,,2,,,2,,,2,,,1,600000,1,1200000,1,600000,2,,2,,2,,,.,,,,,,,,,.,12,,,,,,,,,15,2,,15,,,9,7,,1,,1,3,1,24,1,1,,,1,,,,,,1,1,1,0,12,4,,1,44,18,4,,0,1,1,1,3,2,,1,15,2,1,2,,,,,,,,,,,,,,1,1,2,2,1,1,1,,13,85,1,04,2,8530,1200000,44,1023.7192092,
5443678,1,1,1,60,2,44,2,,,,,,,,,,,360,,,,,,,,,,,,,,,,,,,,,,,,,,,,,,,,,,,,,,,,,,,,,,,6,,,,,2,100000,1,1200000,3,,12,2,,,,,3,9,2,40,,.,40,,,1,1,,2,,2,,,,1,,,,,,1,,,,2,2,2,,,,,2,,,,,,,,,14,,,2,,,,2,,,,,,,,,,,,,,2,1,1,2,1,1,3,,75,15,1,04,4,1513,100000,44,904.12874427,
5443678,1,2,1,60,2,44,2,,,,,,,,,,,36,,,,,,,,,,,,,,,,,,,,,,,,,,,,,,,,,,,,,,,,,,,,,,,6,,,,,2,100000,1,200000,3,,12,2,,,,,3,3,2,30,2,,30,,,1,1,,2,,2,,,,1,,,,,,,,,1,2,2,2,,,,,1,44,10,6,,,2,8,,14,,,2,,,,2,,,,,,,,,,,,,,1,1,1,2,1,1,3,,75,15,1,04,4,1513,100000,44,904.12874427,
5443678,1,3,1,60,2,44,2,,,,,,,,,,,36,,,,,,,,,,,,,,,,,,,,,,,,,,,,,,,,,,,,,,,,,,,,,,,6,,,,,2,80000,1,1000000,3,,12,2,,,,,3,9,2,35,2,,35,,,1,1,,2,,2,,,,1,,,,,,,,,1,2,2,2,,,,,1,44,12,6,,,2,8,,14,,,2,,,,2,,,,,,,,,,,,,,1,1,1,2,1,1,3,,75,15,1,04,4,1513,80000,44,904.12874427,
5443678,1,4,1,60,2,44,2,,,,,,,,,,,11,,,,,,,,,,,,,,,,,,,,,,,,,,,,,,,,,,,,,,,,,,,,,,,6,,,,,2,50000,1,500000,3,,12,2,,,,,3,9,2,20,2,,20,,,1,1,,2,,,,,,1,,,,,,,,,1,2,2,2,,,,,2,,,,,,,,,14,,,2,,,,2,,,,,,,,,,,,,,1,1,1,2,1,1,3,,75,15,1,04,4,1513,50000,44,904.12874427,
5443678,1,5,1,60,2,44,2,,,,,,,,,,,11,,,,,,,,,,,,,,,,,,,,,,,,,,,,,,,,,,,,,,,,,,,,,,,6,,,,,2,40000,1,90000,3,,12,2,,,,,3,9,2,20,2,,20,,,1,1,,2,,,,,,1,,,,,,,,,1,2,2,2,,,,,1,44,5,6,,,2,8,,14,,,2,,,,2,,,,,,,,,,,,,,1,1,1,2,1,1,3,,75,15,1,04,4,1513,40000,44,904.12874427,
5443679,1,1,1,60,2,44,2,,,,,,,,,,,6,,,,,,,,,,,,,,,,,,,,,,,,,,,,,,,,,,,,,,,,,,,,,,,6,,,,,2,720000,1,5000000,3,,10,2,,,,,3,3,1,48,,.,48,,,2,9,,8,,2,,,,1,,,,,,1,,,,2,2,1,2,12,4,,2,,,,,,,,1,3,15,,2,,,,2,,,,,,,,,,,,,,1,1,1,2,1,2,3,,95,41,1,04,4,4111,720000,44,1556.3457389,
5443679,1,2,1,60,2,44,2,,,,,,,,,,,132,,,,,,,,,,,,,,,,,,,,,,,,,,,,,,,,,,,,,,,,,,,,,,,6,,,,,2,100000,1,1200000,3,,12,2,,,,,3,9,2,35,2,,25,6,,1,1,,2,,2,,,,1,,,,,,1,,,,2,2,2,,,,,2,,,,,,,,,14,,2,2,,,,1,1,2,1,2,2,2,2,2,2,2,,2,1,1,2,1,2,1,1,3,,75,15,1,04,4,1513,100000,44,1556.3457389,
5443680,1,1,1,60,2,44,2,,,,,,,,,,,360,,,,,,,,,,,,,,,,,,,,,,,,,,,,,,,,,,,,,,,,,,,,,,,6,,,,,2,150000,1,1800000,3,,12,2,,,,,3,9,2,40,,.,40,,,1,1,,2,,2,,,,1,,,,,,1,,,,2,2,2,,,,,2,,,,,,,,,14,,,2,,,,2,,,,,,,,,,,,,,1,1,1,2,1,1,3,,75,15,1,04,4,1513,150000,44,810.60088393,
5443680,1,3,1,60,2,44,2,,,,,,,,,,,36,,,,,,,,,,,,,,,,,,,,,,,,,,,,,,,,,,,,,,,,,,,,,,,6,,,,,2,100000,1,800000,3,,12,2,,,,,3,9,2,30,2,,30,,,1,1,,2,,2,,,,1,,,,,,,,,1,2,2,2,,,,,2,,,,,,,,,14,,,2,,,,2,,,,,,,,,,,,,,1,1,1,2,1,1,3,,75,15,1,04,4,1513,100000,44,810.60088393,
5443681,1,1,1,60,2,44,2,,,,,,,,,,,168,,,,,,,,,,,,,,,,,,,,,,,,,,,,,,,,,,,,,,,,,,,,,,,6,,,,,2,600000,1,7000000,3,,12,2,,,,,3,1,1,50,,.,50,,,2,9,,8,,2,,,,1,,,,,,1,,,,2,2,2,,,,,2,,,,,,,,,3,15,,2,,,,2,,,,,,,,,,,,,,1,1,1,2,2,1,3,,95,41,1,04,4,4111,600000,44,1079.961096,
5443682,1,1,1,60,2,44,2,,,,,,,,,,,240,,,,,,,,,,,,,,,,,,,,,,,,,,,,,,,,,,,,,,,,,,,,,,,6,,,,,2,500000,1,6000000,3,,12,2,,,,,3,1,1,48,,.,35,6,,2,9,,5,,2,,,,1,,,,,,,,,1,2,2,2,,,,,2,,,,,,,,,3,8,2,2,,,,2,,,,,,,,,,,,,,1,1,1,2,1,1,3,,95,41,1,04,4,4111,500000,44,990.01983085,
5443683,1,1,1,60,2,44,2,,,,,,,,,,,300,,,,,,,,,,,,,,,,,,,,,,,,,,,,,,,,,,,,,,,,,,,,,,,6,,,,,2,100000,1,1300000,3,,12,2,,,,,3,9,2,35,2,,35,,,1,1,,2,,2,,,,1,,,,,,1,,,,2,2,2,,,,,2,,,,,,,,,14,,,2,,,,2,,,,,,,,,,,,,,1,1,1,2,1,1,3,,75,15,1,04,4,1513,100000,44,860.3873519,
5443683,1,3,1,60,2,44,2,,,,,,,,,,,3,,,,,,,,,,,,,,,,,,,,,,,,,,,,,,,,,,,,,,,,,,,,,,,6,,,,,2,300000,1,900000,3,,3,2,,,,,1,1,1,40,,.,40,,,2,7,,5,,2,,,,1,,,,,,,,,1,2,2,2,,,,,2,,,,,,,,,3,5,,2,,,,2,,,,,,,,,,,,,,2,2,2,2,1,1,3,,41,45,1,04,4,4541,300000,44,860.3873519,
5443683,1,5,1,60,2,44,2,,,,,,,,,,,12,,,,,,,,,,,,,,,,,,,,,,,,,,,,,,,,,,,,,,,,,,,,,,,6,,,,,2,50000,1,600000,3,,12,2,,,,,3,3,2,28,2,,28,,,1,1,,2,,2,,,,1,,,,,,,,,1,2,2,1,0,4,3,,2,,,,,,,,12,14,,,2,,,,1,1,2,1,2,1,2,2,2,2,2,,1,1,2,2,1,2,1,1,3,,75,14,1,04,4,1410,50000,44,860.3873519,
5443695,1,1,1,60,2,44,2,,,,,,,,,,,240,,,,,,,,,,,,,,,,,,,,,,,,,,,,,,,,,,,,,,,,,,,,,,,6,,,,,2,100000,1,1500000,3,,12,2,,,,,3,3,2,35,2,,35,,,1,1,,2,,2,,,,1,,,,,,1,,,,2,2,2,,,,,2,,,,,,,,,14,,,2,,,,2,,,,,,,,,,,,,,1,1,1,2,2,2,6,,75,15,1,04,4,1513,100000,44,1600.990302,
5443695,1,2,1,60,2,44,2,,,,,,,,,,,300,,,,,,,,,,,,,,,,,,,,,,,,,,,,,,,,,,,,,,,,,,,,,,,6,,,,,2,80000,1,1000000,3,,12,2,,,,,3,9,2,40,,.,40,,,1,1,,2,,2,,,,1,,,,,,1,,,,2,2,2,,,,,2,,,,,,,,,14,,,2,,,,2,,,,,,,,,,,,,,1,1,1,2,2,1,6,,94,32,1,04,4,3210,80000,44,1600.990302,
5443696,1,1,1,60,2,44,2,,,,,,,,,,,540,,,,,,,,,,,,,,,,,,,,,,,,,,,,,,,,,,,,,,,,,,,,,,,6,,,,,2,200000,1,2000000,3,,12,1,2,0,0,2,3,9,2,25,2,,25,,,2,8,,2,,2,,,,1,,,,,,,,,1,2,2,2,,,,,2,,,,,,,,,3,2,,2,,,,2,,,,,,,,,,,,,,1,1,1,2,1,1,6,,61,01,1,04,4,0143,200000,44,1772.3422735,
5443696,1,2,1,60,2,44,2,,,,,,,,,,,480,,,,,,,,,,,,,,,,,,,,,,,,,,,,,,,,,,,,,,,,,,,,,,,6,,,,,2,80000,1,600000,3,,12,2,,,,,3,9,2,30,2,,30,,,1,1,,2,,2,,,,1,,,,,,,,,1,2,2,2,,,,,2,,,,,,,,,14,,,2,,,,2,,,,,,,,,,,,,,1,1,1,2,2,1,3,,75,15,1,04,4,1513,80000,44,1772.3422735,
5443696,1,3,1,60,2,44,2,,,,,,,,,,,240,,,,,,,,,,,,,,,,,,,,,,,,,,,,,,,,,,,,,,,,,,,,,,,,.,,,,,,,,,.,12,,,,,,,,,20,1,,20,,,2,8,,2,,2,,,,1,,,,,,,,,1,2,2,2,,,,,2,,,,,,,,,3,15,,1,20,1,1,1,1,2,1,2,2,2,2,2,2,2,,1,1,2,2,2,2,1,1,3,,62,01,1,04,6,0143,,44,1772.3422735,
5443696,1,4,1,60,2,44,2,,,,,,,,,,,90,,,,,,,,,,,,,,,,,,,,,,,,,,,,,,,,,,,,,,,,,,,,,,,6,,,,,2,70000,1,800000,3,,12,2,,,,,3,9,2,35,2,,35,,,1,1,,2,,2,,,,1,,,,,,,,,1,2,2,2,,,,,1,44,14,6,,,2,8,,14,,,2,,,,2,,,,,,,,,,,,,,1,1,1,2,1,1,3,,75,32,1,04,4,3290,70000,44,1772.3422735,
5443696,1,5,1,60,2,44,2,,,,,,,,,,,72,,,,,,,,,,,,,,,,,,,,,,,,,,,,,,,,,,,,,,,,,,,,,,,6,,,,,2,70000,1,800000,3,,12,2,,,,,3,9,2,40,,.,40,,,1,1,,2,,2,,,,1,,,,,,,,,1,2,2,2,,,,,2,,,,,,,,,14,,,2,,,,1,1,2,1,2,2,2,2,2,2,2,,2,1,2,2,2,2,1,1,3,,75,15,1,04,4,1513,70000,44,1772.3422735,
5443697,1,1,1,60,2,44,2,,,,,,,,,,,120,,,,,,,,,,,,,,,,,,,,,,,,,,,,,,,,,,,,,,,,,,,,,,,6,,,,,2,160000,1,2000000,3,,12,2,,,,,3,9,2,40,,.,40,,,1,1,,2,,2,,,,1,,,,,,,,,1,2,2,2,,,,,2,,,,,,,,,14,,,2,,,,1,1,2,1,2,2,2,2,1,2,2,,2,1,2,2,1,2,1,1,3,,75,15,1,04,4,1513,160000,44,1259.128104,
5443698,1,1,1,60,2,44,2,,,,,,,,,,,360,,,,,,,,,,,,,,,,,,,,,,,,,,,,,,,,,,,,,,,,,,,,,,,6,,,,,2,150000,1,2000000,3,,12,2,,,,,3,9,2,40,,.,20,7,CALAMIDAD FAMILIAR,1,1,,2,,2,,,,1,,,,,,,,,1,2,2,2,,,,,2,,,,,,,,,14,,,2,,,,2,,,,,,,,,,,,,,1,1,1,2,1,1,6,,75,15,1,04,4,1522,150000,44,1018.3217092,
5443698,1,2,1,60,2,44,2,,,,,,,,,,,380,,,,,,,,,,,,,,,,,,,,,,,,,,,,,,,,,,,,,,,,,,,,,,,6,,,,,2,120000,1,1600000,3,,12,2,,,,,3,9,2,28,2,,28,,,1,1,,2,,2,,,,1,,,,,,1,,,,2,2,2,,,,,2,,,,,,,,,14,,,2,,,,2,,,,,,,,,,,,,,1,1,1,2,1,1,3,,75,15,1,04,4,1513,120000,44,1018.3217092,
5443698,1,3,1,60,2,44,2,,,,,,,,,,,60,,,,,,,,,,,,,,,,,,,,,,,,,,,,,,,,,,,,,,,,,,,,,,,6,,,,,2,150000,1,1600000,3,,12,2,,,,,3,9,2,42,,.,42,,,1,1,,2,,2,,,,1,,,,,,,,,1,2,2,2,,,,,2,,,,,,,,,14,,,2,,,,1,1,2,1,2,2,2,2,2,2,2,,2,1,1,2,1,2,1,1,3,,75,15,1,04,4,1513,150000,44,1018.3217092,
5443699,1,2,1,60,2,44,2,,,,,,,,,,,36,,,,,,,,,,,,,,,,,,,,,,,,,,,,,,,,,,,,,,,,,,,,,,,6,,,,,2,50000,1,600000,3,,12,2,,,,,3,5,2,15,2,,0,7,CALAMIDAD FAMILIAR,1,1,,8,,2,,,,1,,,,,,,,,1,2,2,1,0,24,4,,2,,,,,,,,13,14,,,2,,,,1,1,2,1,2,1,2,2,2,2,2,,2,1,1,2,1,2,2,1,6,,41,47,1,04,4,4722,50000,44,1030.5125643,
5443700,1,1,1,60,2,44,2,,,,,,,,,,,48,,,,,,,,,,,,,,,,,,,,,,,,,,,,,,,,,,,,,,,,,,,,,,,6,,,,,2,100000,1,1000000,3,,12,2,,,,,3,1,2,40,,.,40,,,1,1,,2,,2,,,,1,,,,,,,,,1,2,2,1,0,12,1,,2,,,,,,,,1,14,,,2,,,,1,1,2,1,2,2,2,2,2,2,2,,1,1,2,2,1,2,2,1,3,,75,15,1,04,4,1513,100000,44,1410.2764603,
5443700,1,2,1,60,2,44,2,,,,,,,,,,,12,,,,,,,,,,,,,,,,,,,,,,,,,,,,,,,,,,,,,,,,,,,,,,,6,,,,,2,120000,1,1500000,3,,12,2,,,,,3,1,2,42,,.,42,,,1,1,,5,,2,,,,1,,,,,,,,,1,2,2,2,,,,,2,,,,,,,,,14,,,2,,,,2,,,,,,,,,,,,,,1,1,1,2,1,1,3,,75,15,1,04,4,1513,120000,44,1410.2764603,
5443701,1,1,1,60,2,44,2,,,,,,,,,,,72,,,,,,,,,,,,,,,,,,,,,,,,,,,,,,,,,,,,,,,,,,,,,,,6,,,,,2,150000,1,2000000,3,,12,2,,,,,3,9,2,50,,.,50,,,1,1,,2,,2,,,,1,,,,,,,,,1,2,2,2,,,,,2,,,,,,,,,14,,,2,,,,2,,,,,,,,,,,,,,1,1,1,2,1,1,3,,75,15,1,04,4,1513,150000,44,1208.2640756,
5443701,1,2,1,60,2,44,2,,,,,,,,,,,96,,,,,,,,,,,,,,,,,,,,,,,,,,,,,,,,,,,,,,,,,,,,,,,6,,,,,2,150000,1,2000000,3,,12,2,,,,,3,9,2,40,,.,40,,,1,1,,2,,2,,,,1,,,,,,,,,1,2,2,2,,,,,2,,,,,,,,,14,,,2,,,,2,,,,,,,,,,,,,,2,2,1,2,1,1,3,,75,15,1,04,4,1513,150000,44,1208.2640756,
5443702,1,1,1,60,2,44,2,,,,,,,,,,,36,,,,,,,,,,,,,,,,,,,,,,,,,,,,,,,,,,,,,,,,,,,,,,,6,,,,,2,100000,1,800000,3,,12,2,,,,,3,9,2,40,,.,40,,,1,1,,2,,2,,,,1,,,,,,,,,1,2,2,2,,,,,2,,,,,,,,,14,,,2,,,,1,1,2,1,2,1,2,2,2,2,2,,2,1,1,2,1,2,1,1,3,,75,15,1,04,4,1513,100000,44,1154.4159732,
5443703,1,2,1,60,2,44,2,,,,,,,,,,,520,,,,,,,,,,,,,,,,,,,,,,,,,,,,,,,,,,,,,,,,,,,,,,,6,,,,,2,150000,1,2000000,3,,12,2,,,,,3,9,2,35,2,,35,,,1,1,,2,,2,,,,1,,,,,,1,,,,2,2,2,,,,,2,,,,,,,,,14,,,2,,,,2,,,,,,,,,,,,,,1,1,1,2,1,1,3,,75,15,1,04,4,1513,150000,44,689.86977141,
5443703,1,3,1,60,2,44,2,,,,,,,,,,,60,,,,,,,,,,,,,,,,,,,,,,,,,,,,,,,,,,,,,,,,,,,,,,,6,,,,,2,120000,1,1500000,3,,12,2,,,,,3,9,2,42,,.,42,,,1,1,,2,,2,,,,1,,,,,,,,,1,2,2,2,,,,,2,,,,,,,,,14,,,2,,,,1,1,2,1,2,1,2,2,1,2,2,,2,1,2,2,1,2,1,1,3,,75,15,1,04,4,1513,120000,44,689.86977141,
5443705,1,1,1,60,2,44,2,,,,,,,,,,,120,,,,,,,,,,,,,,,,,,,,,,,,,,,,,,,,,,,,,,,,,,,,,,,6,,,,,2,600000,1,5000000,3,,12,2,,,,,3,3,1,70,,.,70,,,1,4,,2,,2,,,,1,,,,,,,,,1,2,2,1,0,24,4,,2,,,,,,,,3,14,,,2,,,,2,,,,,,,,,,,,,,1,1,1,2,1,1,6,,98,49,1,04,4,4921,600000,44,1410.2764603,
5443706,1,1,1,60,2,44,1,2,2,10,1,,,2,2,2,2,1,,,,,,,,,,,,,,,,,,,,,,,,,,,,,,,,,,,,,,,,,,,,,,,1,,,,,2,1480000,1,14800000,3,,10,2,,,,,1,1,1,40,,.,40,,,4,7,,1,,1,1,2,36,1,1,,,,,1,,,,2,2,1,2,10,4,,2,,,,,,,,1,11,90,,2,,,,2,,,,,,,,,,,,,,1,1,1,2,1,1,2,,13,85,1,04,4,8511,1480000,44,1353.390552,
5443706,1,2,1,60,2,44,2,,,,,,,,,,,180,,,,,,,,,,,,,,,,,,,,,,,,,,,,,,,,,,,,,,,,,,,,,,,6,,,,,2,600000,1,7200000,3,,12,2,,,,,3,9,1,40,,.,40,,,1,10,,2,,2,,,,1,,,,,,1,,,,2,2,2,,,,,2,,,,,,,,,11,6,,2,,,,2,,,,,,,,,,,,,,1,1,1,2,1,1,3,,71,08,1,04,4,0811,600000,44,1353.390552,
5443707,1,1,1,60,2,44,2,,,,,,,,,,,180,,,,,,,,,,,,,,,,,,,,,,,,,,,,,,,,,,,,,,,,,,,,,,,6,,,,,2,120000,1,1500000,3,,12,2,,,,,3,9,2,37,2,,37,,,1,1,,2,,2,,,,1,,,,,,1,,,,2,2,2,,,,,2,,,,,,,,,14,,,2,,,,2,,,,,,,,,,,,,,1,1,1,2,1,1,3,,75,15,1,04,4,1513,120000,44,1884.0783239,
5443707,1,2,1,60,2,44,2,,,,,,,,,,,240,,,,,,,,,,,,,,,,,,,,,,,,,,,,,,,,,,,,,,,,,,,,,,,6,,,,,2,500000,1,6000000,3,,12,2,,,,,3,1,1,50,,.,50,,,1,10,,2,,2,,,,1,,,,,,1,,,,2,2,2,,,,,2,,,,,,,,,13,15,,2,,,,2,,,,,,,,,,,,,,1,1,1,2,1,1,3,,71,08,1,04,4,0811,500000,44,1884.0783239,
5443707,1,3,1,60,2,44,2,,,,,,,,,,,24,,,,,,,,,,,,,,,,,,,,,,,,,,,,,,,,,,,,,,,,,,,,,,,6,,,,,2,300000,1,2000000,3,,12,2,,,,,3,9,2,40,,.,40,,,1,10,,2,,2,,,,1,,,,,,,,,1,2,2,2,,,,,2,,,,,,,,,13,15,,2,,,,2,,,,,,,,,,,,,,1,1,1,2,1,1,3,,71,08,1,04,4,0811,300000,44,1884.0783239,
5443707,1,4,1,60,2,44,2,,,,,,,,,,,12,,,,,,,,,,,,,,,,,,,,,,,,,,,,,,,,,,,,,,,,,,,,,,,6,,,,,2,150000,1,1000000,3,,12,2,,,,,3,9,2,20,2,,20,,,1,10,,2,,,,,,1,,,,,,,,,1,2,2,2,,,,,2,,,,,,,,,13,15,,2,,,,2,,,,,,,,,,,,,,1,1,1,2,1,1,3,,71,08,1,04,4,0811,150000,44,1884.0783239,
5443709,1,2,1,60,2,44,2,,,,,,,,,,,48,,,,,,,,,,,,,,,,,,,,,,,,,,,,,,,,,,,,,,,,,,,,,,,6,,,,,2,1500000,1,10000000,3,,12,2,,,,,3,1,1,60,,.,60,,,1,4,,2,,2,,,,1,,,,,,1,,,,2,2,1,0,96,2,,2,,,,,,,,1,14,,,2,,,,1,1,2,1,1,1,2,2,1,1,2,,1,1,2,1,2,2,2,2,3,,98,49,1,04,4,4921,1500000,44,1636.1279844,
5443710,1,1,1,60,2,44,1,2,2,12,2,1,,1,1,2,1,96,,1,,2,1200000,2,,,1,300000,2,,2,,2,,2,,,1,106454,1,1,90000,2,2,,,2,,,2,,,1,1200000,2,,1,600000,2,,2,,2,,,.,,,,,,,,,.,12,,,,,,,,,60,,.,60,,,9,7,,1,,1,2,1,10,1,1,,,1,,1,,,,1,1,1,0,24,1,,2,,,,,,,,1,11,10,,2,,,,2,,,,,,,,,,,,,,1,1,1,2,1,1,9,,58,06,1,04,1,0620,1500000,44,1353.390552,8010
5443710,1,2,1,60,2,44,2,,,,,,,,,,,240,,,,,,,,,,,,,,,,,,,,,,,,,,,,,,,,,,,,,,,,,,,,,,,6,,,,,2,90000,1,600000,3,,12,2,,,,,3,9,2,25,2,,25,,,1,1,,2,,2,,,,1,,,,,,1,,,,2,2,2,,,,,2,,,,,,,,,14,,,2,,,,2,,,,,,,,,,,,,,1,1,1,2,1,1,3,,75,15,1,04,4,1513,90000,44,1353.390552,
5443711,1,1,1,60,2,44,1,2,1,,1,,,1,1,2,1,120,,2,,2,940000,2,,,2,,2,,2,,2,,2,,,1,102500,1,2,,,2,,,2,,,2,,,1,450000,2,,1,450000,2,,2,,2,,,.,,,,,,,,,.,12,,,,,,,,,48,,.,48,,,9,1,,1,,1,1,1,10,1,1,,,,,,,,,2,2,2,,,,,2,,,,,,,,,14,,,2,,,,2,,,,,,,,,,,,,,1,1,1,2,1,1,1,,13,86,1,04,1,8621,940000,44,1018.4190494,
5443711,1,2,1,60,2,44,2,,,,,,,,,,,96,,,,,,,,,,,,,,,,,,,,,,,,,,,,,,,,,,,,,,,,,,,,,,,6,,,,,2,600000,1,7000000,3,,12,2,,,,,3,1,1,60,,.,40,6,,2,8,,2,,2,,,,1,,,,,,,,,1,2,2,2,,,,,2,,,,,,,,,3,2,2,2,,,,1,1,1,1,2,2,2,2,2,1,2,,2,1,2,2,1,2,2,2,3,,64,03,1,04,4,0312,600000,44,1018.4190494,
5443715,1,2,1,60,2,8,2,,,,,,,,,,,15,,,,,,,,,,,,,,,,,,,,,,,,,,,,,,,,,,,,,,,,,,,,,,,6,,,,,2,300000,1,4500000,3,,10,2,,,,,2,1,2,40,,.,40,,,1,2,,2,,2,,,,1,,,,,,,,,1,2,2,1,2,28,4,,2,,,,,,,,3,1,15,,2,,,,1,1,1,1,2,1,2,1,1,2,2,,1,1,2,2,2,2,2,1,3,,95,41,1,04,4,4111,300000,08,3978.4823149,
5443726,1,1,1,60,2,44,2,,,,,,,,,,,540,,,,,,,,,,,,,,,,,,,,,,,,,,,,,,,,,,,,,,,,,,,,,,,6,,,,,2,100000,1,1500000,3,,12,2,,,,,3,9,2,35,2,,35,,,1,1,,2,,2,,,,1,,,,,,,,,1,2,2,2,,,,,1,44,15,6,,,2,8,,14,,,2,,,,2,,,,,,,,,,,,,,1,1,1,2,1,1,3,,75,15,1,04,4,1513,100000,44,1018.4190494,
5443726,1,2,1,60,2,44,2,,,,,,,,,,,240,,,,,,,,,,,,,,,,,,,,,,,,,,,,,,,,,,,,,,,,,,,,,,,6,,,,,2,120000,1,1500000,3,,12,1,1,0,0,1,3,9,2,30,2,,30,,,2,8,,2,,2,,,,1,,,,,,,,,1,2,2,1,0,120,6,,2,,,,,,,,9,3,2,,2,,,,2,,,,,,,,,,,,,,2,1,1,2,1,2,6,,61,01,1,04,4,0143,120000,44,1018.4190494,
5443727,1,2,1,60,2,44,2,,,,,,,,,,,144,,,,,,,,,,,,,,,,,,,,,,,,,,,,,,,,,,,,,,,,,,,,,,,6,,,,,2,300000,1,5000000,3,,12,2,,,,,3,1,2,50,,.,50,,,2,8,,2,,2,,,,1,,,,,,1,,,,2,2,1,0,5,1,,2,,,,,,,,1,3,2,,2,,,,1,1,2,1,2,1,2,2,1,2,2,,2,2,1,2,2,2,2,2,3,,64,03,1,04,4,0311,300000,44,1018.4190494,
5443728,1,2,1,60,2,44,2,,,,,,,,,,,38,,,,,,,,,,,,,,,,,,,,,,,,,,,,,,,,,,,,,,,,,,,,,,,6,,,,,2,900000,1,10800000,3,,12,2,,,,,3,3,1,70,,.,70,,,1,6,,2,,2,,,,1,,,1,,,,,,,2,2,2,,,,,2,,,,,,,,,3,2,,2,,,,2,,,,,,,,,,,,,,1,1,1,2,1,1,2,,45,47,1,04,4,4759,900000,44,583.30341416,
5443728,1,3,1,60,2,44,2,,,,,,,,,,,60,,,,,,,,,,,,,,,,,,,,,,,,,,,,,,,,,,,,,,,,,,,,,,,6,,,,,2,600000,1,7200000,3,,12,2,,,,,3,3,1,50,,.,50,,,1,6,,2,,2,,,,1,,,1,,,,,,,2,2,2,,,,,2,,,,,,,,,3,15,,2,,,,2,,,,,,,,,,,,,,1,1,1,2,1,1,2,,45,47,1,04,4,4724,600000,44,583.30341416,
5443730,1,1,1,60,2,44,2,,,,,,,,,,,36,,,,,,,,,,,,,,,,,,,,,,,,,,,,,,,,,,,,,,,,,,,,,,,6,,,,,2,300000,1,2000000,3,,12,2,,,,,3,3,1,60,,.,60,,,1,1,,2,,2,,,,1,,,,,,1,,,,2,2,1,0,12,1,,2,,,,,,,,1,14,,,2,,,,1,1,2,1,2,1,2,2,2,2,2,,2,1,2,2,1,2,2,1,3,,45,47,1,04,4,4759,300000,44,1163.5247222,
5443730,1,2,1,60,2,44,2,,,,,,,,,,,12,,,,,,,,,,,,,,,,,,,,,,,,,,,,,,,,,,,,,,,,,,,,,,,6,,,,,2,100000,1,1000000,3,,12,2,,,,,3,1,2,50,,.,50,,,1,6,,2,,2,,,,1,,,,,,1,,,,2,2,1,0,480,4,,2,,,,,,,,3,3,1,,2,,,,1,1,2,1,2,1,2,1,2,2,2,,1,1,2,2,1,2,1,2,3,,41,47,1,04,4,4732,100000,44,1163.5247222,
5443730,1,5,1,60,2,44,1,1,,,1,,,2,2,2,2,24,,,,,,,,,,,,,,,,,,,,,,,,,,,,,,,,,,,,,,,,,,,,,,,6,,,,,2,250000,1,3000000,3,,12,2,,,,,1,1,2,40,,.,40,,,2,7,,2,,2,,,,1,,,,,,,,,1,2,2,2,,,,,2,,,,,,,,,3,6,,2,,,,1,1,2,1,2,1,2,2,2,2,2,,2,1,2,1,1,2,1,1,3,,45,47,1,04,4,4719,250000,44,1163.5247222,
5443733,1,1,1,60,2,44,2,,,,,,,,,,,36,,,,,,,,,,,,,,,,,,,,,,,,,,,,,,,,,,,,,,,,,,,,,,,1,,,,,2,1200000,1,1000000,3,,12,2,,,,,1,1,1,40,,.,40,,,3,1,,1,,1,1,2,2,1,1,,,,,,,,,1,2,1,0,120,4,,1,44,18,4,,50000,1,1,10,13,5,,2,,,,2,,,,,,,,,,,,,,1,2,1,2,1,1,6,,13,94,1,04,4,9499,1250000,44,1492.3923533,
5443733,1,2,1,60,2,44,2,,,,,,,,,,,120,,,,,,,,,,,,,,,,,,,,,,,,,,,,,,,,,,,,,,,,,,,,,,,6,,,,,2,150000,1,1500000,3,,12,2,,,,,3,9,2,40,,.,40,,,2,1,,4,,2,,,,1,,,1,,,,,,,2,2,2,,,,,2,,,,,,,,,14,,,2,,,,2,,,,,,,,,,,,,,1,1,1,2,1,1,2,,75,15,1,04,4,1513,150000,44,1492.3923533,
5443734,1,1,1,60,2,44,1,2,2,5,1,,,1,2,2,2,4,,,,,,,,,,,,,,,,,,,,,,,,,,,,,,,,,,,,,,,,,,,,,,,1,,,,,2,960000,1,10000000,3,,12,2,,,,,1,1,1,50,,.,50,,,9,8,,1,,1,1,2,2,1,1,,,,,1,,,,1,2,1,0,5,4,,2,,,,,,,,1,3,5,,2,,,,2,,,,,,,,,,,,,,1,1,1,2,2,1,9,,39,85,1,04,4,8544,960000,44,849.93031494,
5443734,2,1,2,60,2,44,2,,,,,,,,,,,14,,,,,,,,,,,,,,,,,,,,,,,,,,,,,,,,,,,,,,,,,,,,,,,6,,,,,2,300000,1,4000000,3,,12,2,,,,,3,3,2,60,,.,60,,,1,1,,2,,2,,,,1,,,,,,,,,1,2,2,2,,,,,2,,,,,,,,,14,,,2,,,,2,,,,,,,,,,,,,,1,1,1,2,2,1,3,,41,47,1,04,4,4711,300000,44,849.93031494,
5443735,1,1,1,60,2,44,2,,,,,,,,,,,240,,,,,,,,,,,,,,,,,,,,,,,,,,,,,,,,,,,,,,,,,,,,,,,6,,,,,2,140000,1,1500000,3,,12,1,1,0,0,1,3,9,2,30,2,,30,,,2,8,,2,,2,,,,1,,,,,,,,,1,2,2,1,0,120,6,,2,,,,,,,,9,3,2,,2,,,,2,,,,,,,,,,,,,,1,1,1,2,1,1,6,,61,01,1,04,4,0143,140000,44,1163.5247222,
5443735,1,2,1,60,2,44,2,,,,,,,,,,,180,,,,,,,,,,,,,,,,,,,,,,,,,,,,,,,,,,,,,,,,,,,,,,,6,,,,,2,80000,1,1000000,3,,12,2,,,,,3,9,2,40,,.,40,,,1,1,,2,,2,,,,1,,,,,,1,,,,2,2,2,,,,,2,,,,,,,,,14,,,2,,,,2,,,,,,,,,,,,,,1,2,1,2,1,1,3,,75,15,1,04,4,1513,80000,44,1163.5247222,
5443735,1,3,1,60,2,44,2,,,,,,,,,,,72,,,,,,,,,,,,,,,,,,,,,,,,,,,,,,,,,,,,,,,,,,,,,,,,.,,,,,,,,,.,12,,,,,,,,,25,2,,25,,,2,8,,2,,2,,,,1,,,,,,,,,1,2,2,2,,,,,2,,,,,,,,,3,20,,2,,,,2,,,,,,,,,,,,,,1,2,1,2,1,1,3,,62,01,1,04,6,0143,,44,1163.5247222,
5443739,1,1,1,60,2,44,2,,,,,,,,,,,72,,,,,,,,,,,,,,,,,,,,,,,,,,,,,,,,,,,,,,,,,,,,,,,6,,,,,2,100000,1,1500000,3,,12,2,,,,,3,9,2,30,2,,30,,,1,8,,2,,2,,,,1,,,,,,,,,1,2,2,2,,,,,2,,,,,,,,,3,2,,2,,,,2,,,,,,,,,,,,,,1,1,1,2,1,1,3,,61,01,1,04,4,0143,100000,44,1103.5519447,
5443739,1,2,1,60,2,44,2,,,,,,,,,,,12,,,,,,,,,,,,,,,,,,,,,,,,,,,,,,,,,,,,,,,,,,,,,,,6,,,,,2,60000,1,700000,3,,12,2,,,,,3,9,2,40,,.,40,,,1,1,,2,,2,,,,1,,,,,,,,,1,2,2,2,,,,,2,,,,,,,,,14,,,2,,,,2,,,,,,,,,,,,,,1,2,1,2,1,1,3,,75,15,1,04,4,1513,60000,44,1103.5519447,
5443740,1,1,1,60,2,44,2,,,,,,,,,,,240,,,,,,,,,,,,,,,,,,,,,,,,,,,,,,,,,,,,,,,,,,,,,,,6,,,,,2,120000,1,1500000,3,,12,2,,,,,3,9,2,40,,.,40,,,1,1,,2,,2,,,,1,,,,,,,,,1,2,2,1,0,120,4,,2,,,,,,,,3,14,,,2,,,,2,,,,,,,,,,,,,,1,2,1,2,1,1,6,,75,15,1,04,4,1513,120000,44,1179.9197483,
5443740,1,2,1,60,2,44,2,,,,,,,,,,,300,,,,,,,,,,,,,,,,,,,,,,,,,,,,,,,,,,,,,,,,,,,,,,,6,,,,,2,150000,1,1200000,3,,12,2,,,,,3,9,2,40,,.,40,,,1,1,,2,,2,,,,1,,,,,,,,,1,2,2,2,,,,,2,,,,,,,,,14,,,2,,,,2,,,,,,,,,,,,,,1,1,1,2,1,1,3,,75,15,1,04,4,1513,150000,44,1179.9197483,
